"r_id","r_gender","r_age","r_educ","r_income","r_party","r_strength","r_lean","profile","cage","chealthcare","cmarriage","cparty","educ","exp","gender","guns","highway","ideology","immigration","income","job","kids","marital","military","race","relative","school","vacation"
"R_TgXUB77H7XzHGAV",2,32,4,2,2,1,NA,1,3,1,1,2,3,3,1,1,1,2,2,3,2,3,2,1,1,2,2,1
"R_TgXUB77H7XzHGAV",2,32,4,2,2,1,NA,2,1,2,2,2,1,1,1,1,2,2,1,1,4,4,2,1,7,4,1,2
"R_TgXUB77H7XzHGAV",2,32,4,2,2,1,NA,3,3,1,1,2,2,3,2,1,2,1,2,2,3,2,2,1,1,1,3,4
"R_TgXUB77H7XzHGAV",2,32,4,2,2,1,NA,4,2,2,2,2,1,1,1,1,2,2,1,1,1,3,3,1,1,2,1,1
"R_2SJrChL8yLTxRJX",2,35,4,3,2,0,NA,1,3,2,2,2,1,3,1,1,3,2,1,2,2,3,2,2,1,3,2,3
"R_2SJrChL8yLTxRJX",2,35,4,3,2,0,NA,2,3,2,2,1,2,3,2,2,3,1,2,2,1,3,2,1,1,2,3,3
"R_2SJrChL8yLTxRJX",2,35,4,3,2,0,NA,3,1,2,2,1,3,2,1,2,4,1,3,2,2,4,2,2,1,4,1,2
"R_2SJrChL8yLTxRJX",2,35,4,3,2,0,NA,4,1,2,1,1,3,1,1,2,1,1,2,2,2,3,2,1,1,1,2,3
"R_2dm3l8G47eN68dp",2,33,5,2,2,0,NA,1,3,1,2,1,3,2,1,2,3,1,2,3,2,4,2,2,1,4,3,1
"R_2dm3l8G47eN68dp",2,33,5,2,2,0,NA,2,3,2,1,2,3,2,2,1,4,2,1,3,2,4,2,2,1,3,1,3
"R_2dm3l8G47eN68dp",2,33,5,2,2,0,NA,3,3,1,2,2,2,3,1,1,2,2,2,3,1,4,2,2,1,1,3,1
"R_2dm3l8G47eN68dp",2,33,5,2,2,0,NA,4,3,2,1,1,3,3,1,2,4,1,2,3,2,4,3,1,1,2,1,2
"R_31z3Ll08zv89eZw",1,38,5,5,1,0,NA,1,2,2,2,2,3,3,1,1,3,2,1,3,2,3,2,1,1,1,2,1
"R_31z3Ll08zv89eZw",1,38,5,5,1,0,NA,2,1,1,2,1,2,3,2,2,1,1,3,3,2,3,2,1,1,2,3,3
"R_31z3Ll08zv89eZw",1,38,5,5,1,0,NA,3,2,2,2,2,3,2,1,1,2,2,1,3,2,3,2,2,1,3,2,1
"R_31z3Ll08zv89eZw",1,38,5,5,1,0,NA,4,3,1,1,1,3,2,1,2,1,1,3,3,1,4,2,1,1,1,1,3
"R_U9eMLGIE9VxW6wp",1,48,5,3,1,0,NA,1,2,1,1,1,2,1,1,2,2,1,3,2,2,3,2,1,1,2,2,3
"R_U9eMLGIE9VxW6wp",1,48,5,3,1,0,NA,2,1,1,2,2,2,3,1,1,3,2,2,2,1,3,2,2,1,1,1,1
"R_U9eMLGIE9VxW6wp",1,48,5,3,1,0,NA,3,2,2,2,1,2,1,1,1,2,2,2,1,1,1,2,1,3,1,2,3
"R_U9eMLGIE9VxW6wp",1,48,5,3,1,0,NA,4,3,2,1,1,3,1,1,2,4,1,3,2,1,4,2,2,1,4,2,1
"R_tVZyeCAjSM0pgZj",2,29,5,2,2,0,NA,1,2,1,1,1,3,3,1,2,3,1,3,2,2,3,2,2,1,3,3,1
"R_tVZyeCAjSM0pgZj",2,29,5,2,2,0,NA,2,3,2,1,2,3,3,1,1,2,2,1,3,2,4,2,2,1,4,1,3
"R_tVZyeCAjSM0pgZj",2,29,5,2,2,0,NA,3,1,2,2,1,3,3,1,1,1,1,1,2,1,4,2,2,1,3,2,4
"R_tVZyeCAjSM0pgZj",2,29,5,2,2,0,NA,4,1,2,2,2,3,3,1,2,4,2,1,3,1,4,2,2,1,4,1,2
"R_2zGCpqCkmsOjfLF",2,34,3,2,3,NA,1,1,1,2,2,1,2,2,1,2,3,2,2,3,1,3,2,1,1,1,3,1
"R_2zGCpqCkmsOjfLF",2,34,3,2,3,NA,1,2,1,2,1,1,3,2,2,2,4,1,2,2,2,2,2,1,1,2,1,2
"R_2zGCpqCkmsOjfLF",2,34,3,2,3,NA,1,3,2,1,2,2,2,3,1,1,1,2,1,3,1,3,2,2,2,2,2,3
"R_2zGCpqCkmsOjfLF",2,34,3,2,3,NA,1,4,2,1,2,1,2,3,1,2,2,2,2,3,2,2,3,1,1,3,3,4
"R_1lcmie8jK2XJi33",2,41,5,3,3,NA,0,1,2,2,1,1,3,3,1,1,4,1,2,3,2,3,2,2,1,3,1,3
"R_1lcmie8jK2XJi33",2,41,5,3,3,NA,0,2,1,2,1,2,3,3,1,1,1,2,1,3,1,1,2,1,1,1,3,2
"R_1lcmie8jK2XJi33",2,41,5,3,3,NA,0,3,2,2,2,2,2,2,1,2,4,1,1,3,1,4,2,1,1,4,1,1
"R_1lcmie8jK2XJi33",2,41,5,3,3,NA,0,4,3,2,2,1,3,2,1,2,1,2,1,3,2,4,2,2,1,3,1,2
"R_2TosjoC2a1BXA2F",1,23,5,3,3,NA,0,1,2,1,2,2,2,2,1,1,3,2,3,3,1,4,2,2,1,3,2,1
"R_2TosjoC2a1BXA2F",1,23,5,3,3,NA,0,2,2,2,2,2,2,2,2,2,3,2,1,2,2,3,2,2,1,4,2,4
"R_2TosjoC2a1BXA2F",1,23,5,3,3,NA,0,3,1,2,2,1,2,1,1,1,1,1,3,2,1,3,2,2,7,3,3,3
"R_2TosjoC2a1BXA2F",1,23,5,3,3,NA,0,4,3,2,1,1,3,3,1,2,4,1,3,3,1,4,2,2,1,2,3,1
"R_1kMiNkhSiKHIGqO",2,31,4,3,2,0,NA,1,1,1,1,2,2,2,2,2,4,1,3,3,1,3,2,1,2,4,3,2
"R_1kMiNkhSiKHIGqO",2,31,4,3,2,0,NA,2,3,1,1,1,3,3,1,1,2,1,2,2,3,2,2,2,1,3,1,3
"R_1kMiNkhSiKHIGqO",2,31,4,3,2,0,NA,3,2,1,1,1,2,1,2,2,3,1,3,1,2,1,2,1,1,4,2,4
"R_1kMiNkhSiKHIGqO",2,31,4,3,2,0,NA,4,3,2,1,2,2,2,1,1,2,2,1,3,1,3,2,2,1,2,2,1
"R_25TlNViLARGlLeK",2,47,2,5,1,1,NA,1,1,2,2,2,2,3,1,1,2,2,1,3,2,3,2,1,1,3,3,2
"R_25TlNViLARGlLeK",2,47,2,5,1,1,NA,2,2,2,1,2,2,2,1,2,4,1,3,2,1,3,2,1,2,2,2,4
"R_25TlNViLARGlLeK",2,47,2,5,1,1,NA,3,2,1,2,1,2,3,2,2,1,1,3,2,2,3,2,1,1,1,3,3
"R_25TlNViLARGlLeK",2,47,2,5,1,1,NA,4,1,2,2,2,2,2,1,1,4,2,1,3,1,3,2,1,1,1,2,4
"R_2QtbiftsvCQRCNE",2,25,5,4,2,1,NA,1,2,1,2,2,3,3,1,1,4,2,2,3,1,3,2,1,1,1,1,3
"R_2QtbiftsvCQRCNE",2,25,5,4,2,1,NA,2,3,2,1,1,3,3,1,2,3,1,3,2,2,4,2,2,1,4,3,1
"R_2QtbiftsvCQRCNE",2,25,5,4,2,1,NA,3,2,2,1,2,3,3,2,1,1,2,2,2,2,3,2,1,1,2,1,3
"R_2QtbiftsvCQRCNE",2,25,5,4,2,1,NA,4,3,1,2,1,3,3,2,2,4,2,2,3,1,2,3,1,1,2,1,2
"R_1roxBV3Y04G2sP2",1,27,2,2,2,1,NA,1,1,2,1,2,2,1,1,1,3,2,1,1,1,3,2,1,1,4,1,3
"R_1roxBV3Y04G2sP2",1,27,2,2,2,1,NA,2,1,2,2,1,2,1,2,1,2,2,2,1,3,2,3,1,1,2,3,2
"R_1roxBV3Y04G2sP2",1,27,2,2,2,1,NA,3,1,1,2,1,3,3,1,2,1,1,3,1,2,1,1,1,1,3,1,1
"R_1roxBV3Y04G2sP2",1,27,2,2,2,1,NA,4,3,2,2,2,2,3,1,1,4,2,1,2,2,4,2,2,1,1,2,1
"R_VVzUOtZF0Bi23T3",2,46,2,1,2,0,NA,1,3,1,2,1,2,2,1,1,1,1,1,1,3,3,1,2,7,2,1,3
"R_VVzUOtZF0Bi23T3",2,46,2,1,2,0,NA,2,3,2,1,2,1,2,1,2,3,2,2,3,4,3,3,1,2,2,3,3
"R_VVzUOtZF0Bi23T3",2,46,2,1,2,0,NA,3,2,1,2,1,1,1,1,1,2,1,2,2,2,2,3,1,7,4,3,3
"R_VVzUOtZF0Bi23T3",2,46,2,1,2,0,NA,4,3,1,1,1,1,3,1,2,1,2,2,2,4,3,2,2,1,1,1,1
"R_2E4wqo9LCv5oGt2",1,25,3,4,1,1,NA,1,2,2,2,1,2,2,1,2,1,1,2,2,3,3,2,1,1,1,2,2
"R_2E4wqo9LCv5oGt2",1,25,3,4,1,1,NA,2,2,2,1,1,2,1,1,2,1,1,2,2,1,2,2,2,1,4,3,2
"R_2E4wqo9LCv5oGt2",1,25,3,4,1,1,NA,3,2,2,2,1,2,1,2,1,1,1,2,2,3,2,2,2,1,3,3,2
"R_2E4wqo9LCv5oGt2",1,25,3,4,1,1,NA,4,3,1,1,1,1,1,1,2,1,1,1,2,3,1,3,2,1,4,3,4
"R_306SX8YbbJGwa4x",2,30,5,3,3,NA,-1,1,1,1,2,2,3,1,1,1,1,2,1,2,2,3,2,1,1,3,3,1
"R_306SX8YbbJGwa4x",2,30,5,3,3,NA,-1,2,1,2,1,2,2,3,1,1,2,2,1,2,1,2,2,1,1,2,2,3
"R_306SX8YbbJGwa4x",2,30,5,3,3,NA,-1,3,2,1,2,1,2,1,1,2,1,2,2,2,2,2,2,1,1,3,1,2
"R_306SX8YbbJGwa4x",2,30,5,3,3,NA,-1,4,2,2,2,2,3,2,1,1,2,2,1,3,2,3,2,1,1,3,3,1
"R_1IfBmtSObmGgMCZ",2,38,2,1,3,NA,1,1,2,2,2,1,2,1,1,1,2,2,1,2,2,4,2,2,1,4,3,4
"R_1IfBmtSObmGgMCZ",2,38,2,1,3,NA,1,2,2,2,2,1,2,1,1,1,3,2,1,2,2,4,2,2,1,4,3,4
"R_1IfBmtSObmGgMCZ",2,38,2,1,3,NA,1,3,3,2,1,2,2,3,1,1,2,2,1,3,2,4,2,1,1,4,3,4
"R_1IfBmtSObmGgMCZ",2,38,2,1,3,NA,1,4,1,2,2,1,2,1,1,1,2,2,1,1,1,3,2,1,1,4,3,4
"R_2tJAozkF19IxA0B",2,42,4,1,2,0,NA,1,2,1,2,1,3,2,1,2,3,2,3,2,2,4,2,1,2,2,3,1
"R_2tJAozkF19IxA0B",2,42,4,1,2,0,NA,2,1,2,1,2,3,1,1,2,1,1,2,2,2,3,3,1,1,1,2,3
"R_2tJAozkF19IxA0B",2,42,4,1,2,0,NA,3,2,2,1,2,3,1,1,2,2,1,2,1,1,4,3,1,1,3,1,1
"R_2tJAozkF19IxA0B",2,42,4,1,2,0,NA,4,1,2,1,1,2,2,2,2,1,1,3,2,2,2,1,1,7,3,3,2
"R_300nG427WobyXfW",1,54,3,2,4,NA,0,1,3,2,1,2,3,2,1,1,1,2,1,2,2,3,2,1,1,1,3,1
"R_300nG427WobyXfW",1,54,3,2,4,NA,0,2,2,1,1,2,3,2,1,1,1,2,1,2,1,3,2,2,1,2,3,1
"R_300nG427WobyXfW",1,54,3,2,4,NA,0,3,3,2,1,2,3,2,1,1,4,2,1,2,3,3,2,1,1,3,3,3
"R_300nG427WobyXfW",1,54,3,2,4,NA,0,4,3,1,2,1,2,1,1,1,1,1,2,1,1,3,2,1,1,3,1,3
"R_2004qnAt6WrMYyR",1,19,2,2,2,0,NA,1,1,1,1,2,2,2,1,2,4,2,2,2,1,3,2,1,1,1,2,3
"R_2004qnAt6WrMYyR",1,19,2,2,2,0,NA,2,1,2,1,1,2,3,1,1,3,1,3,2,2,3,2,2,1,4,1,1
"R_2004qnAt6WrMYyR",1,19,2,2,2,0,NA,3,3,2,2,1,1,2,1,1,1,1,2,2,1,4,3,2,1,3,2,4
"R_2004qnAt6WrMYyR",1,19,2,2,2,0,NA,4,3,2,2,2,1,2,1,1,2,2,1,2,1,4,3,2,1,3,2,3
"R_29jnwBB4NJmJetD",2,35,3,3,1,1,NA,1,1,2,2,1,2,1,1,1,1,2,1,1,1,3,2,1,1,3,1,1
"R_29jnwBB4NJmJetD",2,35,3,3,1,1,NA,2,2,2,1,2,2,2,2,2,4,1,3,1,1,1,3,1,1,2,2,2
"R_29jnwBB4NJmJetD",2,35,3,3,1,1,NA,3,2,2,1,1,2,1,2,2,2,1,2,1,3,1,1,1,7,4,3,3
"R_29jnwBB4NJmJetD",2,35,3,3,1,1,NA,4,2,2,2,1,3,2,1,2,1,2,3,2,1,2,2,1,3,1,1,4
"R_2TofNNbPq1eayfV",2,30,4,2,2,1,NA,1,3,2,1,1,3,2,1,2,3,1,3,2,2,4,2,2,1,2,2,1
"R_2TofNNbPq1eayfV",2,30,4,2,2,1,NA,2,2,2,2,2,2,1,1,1,3,2,1,3,1,2,2,1,1,1,1,4
"R_2TofNNbPq1eayfV",2,30,4,2,2,1,NA,3,2,2,1,2,2,3,1,1,1,2,2,2,2,3,2,2,1,3,2,3
"R_2TofNNbPq1eayfV",2,30,4,2,2,1,NA,4,3,1,1,2,3,3,1,1,2,1,3,2,2,3,2,2,1,2,2,1
"R_3KC81dOJHPD06hb",2,28,1,2,1,0,NA,1,3,1,2,1,2,2,1,1,3,2,1,2,1,3,3,1,1,2,2,4
"R_3KC81dOJHPD06hb",2,28,1,2,1,0,NA,2,2,2,1,1,2,1,1,2,2,1,1,3,4,2,2,1,1,1,1,3
"R_3KC81dOJHPD06hb",2,28,1,2,1,0,NA,3,3,1,1,2,3,3,1,1,4,2,2,3,2,4,2,2,1,4,3,1
"R_3KC81dOJHPD06hb",2,28,1,2,1,0,NA,4,1,2,2,2,2,1,1,2,4,1,1,1,3,1,1,1,2,2,2,2
"R_2zzHKwt8sTco9Ch",2,23,3,1,2,0,NA,1,3,2,1,1,2,1,2,1,2,2,1,2,2,3,2,1,1,2,1,1
"R_2zzHKwt8sTco9Ch",2,23,3,1,2,0,NA,2,2,1,2,2,2,3,1,1,3,2,1,3,1,2,3,2,1,4,1,1
"R_2zzHKwt8sTco9Ch",2,23,3,1,2,0,NA,3,2,1,1,1,3,2,1,2,3,1,1,2,2,3,2,1,2,4,1,3
"R_2zzHKwt8sTco9Ch",2,23,3,1,2,0,NA,4,2,2,1,1,2,3,2,1,1,2,2,2,1,1,2,2,1,1,3,1
"R_3LYZ1anVsWW3qOs",2,43,3,1,1,1,NA,1,1,1,2,1,3,3,1,2,2,1,3,2,2,3,3,1,1,3,2,3
"R_3LYZ1anVsWW3qOs",2,43,3,1,1,1,NA,2,3,1,2,1,3,2,1,2,1,1,3,3,2,3,2,2,1,3,3,4
"R_3LYZ1anVsWW3qOs",2,43,3,1,1,1,NA,3,3,2,2,1,3,2,1,2,4,1,3,2,2,3,2,2,1,2,1,2
"R_3LYZ1anVsWW3qOs",2,43,3,1,1,1,NA,4,1,2,1,2,3,1,2,1,2,2,1,3,3,3,3,1,1,1,2,3
"R_1ePomPNLqnSgJav",2,60,4,2,1,0,NA,1,2,2,2,1,2,1,1,1,2,1,2,2,1,3,2,2,1,2,3,1
"R_1ePomPNLqnSgJav",2,60,4,2,1,0,NA,2,1,1,1,2,2,3,2,2,1,2,3,1,3,1,1,1,3,4,1,4
"R_1ePomPNLqnSgJav",2,60,4,2,1,0,NA,3,2,1,2,2,3,2,1,1,4,2,1,3,4,4,3,1,2,3,2,2
"R_1ePomPNLqnSgJav",2,60,4,2,1,0,NA,4,2,2,2,1,1,1,2,2,3,1,2,1,2,2,2,2,7,4,1,3
"R_27vDru5tIzgDKHI",1,34,5,4,1,1,NA,1,2,1,2,1,2,3,1,2,1,2,3,3,1,3,2,1,1,4,2,3
"R_27vDru5tIzgDKHI",1,34,5,4,1,1,NA,2,2,1,1,2,2,3,1,2,4,1,3,3,2,1,1,1,1,1,2,2
"R_27vDru5tIzgDKHI",1,34,5,4,1,1,NA,3,3,1,1,2,3,2,1,2,4,1,3,3,2,4,2,1,1,2,2,2
"R_27vDru5tIzgDKHI",1,34,5,4,1,1,NA,4,2,2,1,1,2,2,1,2,3,1,2,3,1,3,2,1,1,3,1,1
"R_33rI4DNR5kdWz2E",1,35,5,4,1,1,NA,1,3,1,1,2,2,3,1,1,3,1,2,2,2,2,2,1,7,1,3,3
"R_33rI4DNR5kdWz2E",1,35,5,4,1,1,NA,2,3,2,2,1,2,2,1,2,1,2,3,3,1,3,2,1,1,4,2,3
"R_33rI4DNR5kdWz2E",1,35,5,4,1,1,NA,3,2,2,1,2,2,3,1,1,1,2,2,2,2,3,2,2,1,4,1,2
"R_33rI4DNR5kdWz2E",1,35,5,4,1,1,NA,4,3,1,2,1,2,2,2,2,3,1,3,2,4,3,2,1,2,2,2,4
"R_BYC8So6hdYymRs5",1,36,4,2,3,NA,0,1,1,2,1,2,2,1,1,1,3,2,1,2,1,2,2,1,1,3,3,1
"R_BYC8So6hdYymRs5",1,36,4,2,3,NA,0,2,3,2,2,2,2,3,1,1,2,2,1,2,2,3,2,2,1,1,1,3
"R_BYC8So6hdYymRs5",1,36,4,2,3,NA,0,3,2,1,1,1,2,1,2,2,1,1,3,1,3,1,1,1,1,4,3,2
"R_BYC8So6hdYymRs5",1,36,4,2,3,NA,0,4,3,2,2,1,2,2,1,1,4,2,2,2,1,4,3,2,1,2,1,4
"R_2dFPModF8GIP44h",2,21,1,1,4,NA,1,1,1,1,2,1,1,3,2,2,2,1,1,1,4,1,3,2,2,1,1,2
"R_2dFPModF8GIP44h",2,21,1,1,4,NA,1,2,3,1,1,2,1,1,2,1,2,2,2,2,3,2,3,2,2,2,3,1
"R_2dFPModF8GIP44h",2,21,1,1,4,NA,1,3,3,1,2,2,1,2,2,1,4,2,1,2,3,1,2,1,7,2,3,3
"R_2dFPModF8GIP44h",2,21,1,1,4,NA,1,4,2,2,2,2,1,1,1,1,2,1,1,1,3,1,3,2,2,4,3,1
"R_6JMIKsEhibIZKWl",1,25,3,2,2,1,NA,1,2,2,2,2,3,3,1,1,4,2,1,3,2,4,2,1,1,1,2,1
"R_6JMIKsEhibIZKWl",1,25,3,2,2,1,NA,2,3,2,2,1,3,2,1,1,4,2,2,2,2,4,2,1,1,3,3,4
"R_6JMIKsEhibIZKWl",1,25,3,2,2,1,NA,3,3,2,2,1,3,3,1,2,4,2,2,2,2,4,2,1,1,2,3,2
"R_6JMIKsEhibIZKWl",1,25,3,2,2,1,NA,4,3,2,1,2,2,2,1,2,4,2,2,2,2,3,2,1,1,3,1,2
"R_2rVm0GUHVbQCL5L",2,29,5,4,3,NA,0,1,2,2,2,1,3,3,1,2,4,1,1,3,2,3,2,1,1,1,2,1
"R_2rVm0GUHVbQCL5L",2,29,5,4,3,NA,0,2,3,2,1,1,3,2,1,1,2,2,1,2,2,3,2,2,1,3,3,3
"R_2rVm0GUHVbQCL5L",2,29,5,4,3,NA,0,3,1,2,2,1,3,1,1,2,4,1,2,3,2,2,2,1,1,2,2,1
"R_2rVm0GUHVbQCL5L",2,29,5,4,3,NA,0,4,3,2,2,1,3,3,2,2,3,1,1,3,2,4,2,1,2,2,2,2
"R_31TT6TOqdjb0uhg",2,20,3,2,3,NA,1,1,1,2,1,1,3,3,1,2,1,1,3,2,2,3,2,1,1,1,1,2
"R_31TT6TOqdjb0uhg",2,20,3,2,3,NA,1,2,3,2,1,1,3,2,1,2,4,2,2,3,1,4,2,2,1,1,2,2
"R_31TT6TOqdjb0uhg",2,20,3,2,3,NA,1,3,1,1,1,2,3,2,2,1,3,2,2,2,2,2,2,1,1,3,2,4
"R_31TT6TOqdjb0uhg",2,20,3,2,3,NA,1,4,1,1,1,1,3,2,1,2,2,1,3,1,2,3,2,1,1,3,3,3
"R_3WdBVPLRLZm0mB3",1,46,6,3,2,0,NA,1,3,2,1,2,2,2,1,1,3,2,1,2,1,3,2,1,1,2,1,2
"R_3WdBVPLRLZm0mB3",1,46,6,3,2,0,NA,2,3,1,1,2,2,2,1,1,1,2,2,2,1,3,2,1,1,1,1,3
"R_3WdBVPLRLZm0mB3",1,46,6,3,2,0,NA,3,1,2,2,2,2,2,1,1,4,2,1,2,1,3,2,2,1,3,1,3
"R_3WdBVPLRLZm0mB3",1,46,6,3,2,0,NA,4,1,2,2,2,2,2,1,1,1,2,1,2,1,3,2,2,1,4,2,4
"R_3qK9gIEuCpaDgmJ",1,39,6,3,2,1,NA,1,3,1,1,1,3,2,1,2,2,1,3,1,1,2,3,1,1,1,3,1
"R_3qK9gIEuCpaDgmJ",1,39,6,3,2,1,NA,2,2,1,1,1,2,1,1,2,3,1,2,1,3,3,2,1,1,4,2,3
"R_3qK9gIEuCpaDgmJ",1,39,6,3,2,1,NA,3,1,1,2,2,2,3,1,1,4,2,1,2,4,2,2,2,1,2,1,4
"R_3qK9gIEuCpaDgmJ",1,39,6,3,2,1,NA,4,3,2,2,1,2,3,1,2,4,1,2,2,1,2,3,2,1,4,2,1
"R_bgtSJKOVjqp84c9",2,55,6,4,1,0,NA,1,2,2,1,1,2,3,1,2,2,1,3,2,3,3,2,1,1,4,1,1
"R_bgtSJKOVjqp84c9",2,55,6,4,1,0,NA,2,2,2,1,1,2,3,1,2,1,1,3,2,3,3,2,1,1,4,1,1
"R_bgtSJKOVjqp84c9",2,55,6,4,1,0,NA,3,2,2,2,2,3,2,2,1,4,2,2,3,2,4,2,2,2,2,2,3
"R_bgtSJKOVjqp84c9",2,55,6,4,1,0,NA,4,2,1,2,1,3,3,2,2,2,1,3,3,1,2,3,1,3,1,3,2
"R_3elvvsTKsQ33Ybl",2,35,5,3,3,NA,0,1,2,1,2,2,2,1,1,1,2,2,1,1,1,4,2,1,1,1,1,1
"R_3elvvsTKsQ33Ybl",2,35,5,3,3,NA,0,2,1,2,2,1,2,1,1,2,4,2,1,1,1,2,1,1,1,4,2,3
"R_3elvvsTKsQ33Ybl",2,35,5,3,3,NA,0,3,3,2,1,1,3,3,1,2,3,1,1,2,3,2,1,1,1,1,1,3
"R_3elvvsTKsQ33Ybl",2,35,5,3,3,NA,0,4,2,1,2,2,2,2,1,1,2,2,1,2,1,4,3,2,1,2,2,2
"R_3lLfTsroJUla7Sh",2,28,5,4,2,0,NA,1,3,2,2,1,2,1,1,2,3,2,1,2,1,3,2,1,1,3,2,3
"R_3lLfTsroJUla7Sh",2,28,5,4,2,0,NA,2,1,2,1,2,2,1,2,2,2,2,2,1,1,3,2,1,1,2,1,2
"R_3lLfTsroJUla7Sh",2,28,5,4,2,0,NA,3,1,1,1,1,3,3,1,2,3,1,3,2,1,3,2,1,2,4,1,4
"R_3lLfTsroJUla7Sh",2,28,5,4,2,0,NA,4,3,1,2,1,2,3,1,2,1,2,3,1,2,3,2,1,1,2,2,2
"R_0OIWjZnG8P1GG1b",2,52,3,5,2,0,NA,1,3,2,1,1,3,3,2,2,1,1,2,2,2,3,2,1,1,4,2,4
"R_0OIWjZnG8P1GG1b",2,52,3,5,2,0,NA,2,1,1,1,2,3,2,1,1,3,2,1,2,2,3,3,1,1,1,1,3
"R_0OIWjZnG8P1GG1b",2,52,3,5,2,0,NA,3,1,1,2,1,2,3,1,2,2,2,2,2,1,2,3,2,1,1,3,3
"R_0OIWjZnG8P1GG1b",2,52,3,5,2,0,NA,4,2,1,1,1,2,1,2,2,2,1,2,3,2,3,2,1,1,3,2,2
"R_27kbEGPGt3tE9ro",1,34,2,5,1,0,NA,1,2,1,2,1,3,1,1,2,1,1,2,3,1,4,2,1,1,2,3,4
"R_27kbEGPGt3tE9ro",1,34,2,5,1,0,NA,2,1,2,2,2,3,1,1,1,4,2,2,3,1,4,2,1,1,1,2,3
"R_27kbEGPGt3tE9ro",1,34,2,5,1,0,NA,3,1,1,2,1,3,1,1,2,3,1,2,3,1,4,2,1,1,3,3,1
"R_27kbEGPGt3tE9ro",1,34,2,5,1,0,NA,4,3,2,1,1,3,1,2,2,2,1,3,2,3,1,3,1,1,4,3,3
"R_2rUf9qIzoCVKfL3",1,33,6,4,1,0,NA,1,2,1,1,2,2,3,1,2,3,1,2,2,2,3,2,1,1,4,1,1
"R_2rUf9qIzoCVKfL3",1,33,6,4,1,0,NA,2,1,1,1,1,2,1,2,2,2,1,3,1,3,2,3,1,7,2,3,3
"R_2rUf9qIzoCVKfL3",1,33,6,4,1,0,NA,3,3,1,1,1,2,2,1,2,2,1,3,2,1,3,1,2,1,1,3,3
"R_2rUf9qIzoCVKfL3",1,33,6,4,1,0,NA,4,1,2,2,2,3,2,1,1,3,2,1,3,1,4,3,1,1,2,1,2
"R_30j9Uhrcefn3YuI",1,28,6,3,2,0,NA,1,1,1,2,1,2,1,1,1,2,1,2,2,2,3,2,1,1,2,1,4
"R_30j9Uhrcefn3YuI",1,28,6,3,2,0,NA,2,1,2,2,1,2,1,1,1,1,1,2,2,1,2,2,1,1,1,2,1
"R_30j9Uhrcefn3YuI",1,28,6,3,2,0,NA,3,2,1,2,1,2,2,1,1,3,1,2,2,2,3,2,1,1,3,3,3
"R_30j9Uhrcefn3YuI",1,28,6,3,2,0,NA,4,2,2,2,1,2,1,1,1,2,1,2,2,1,2,2,1,1,4,3,1
"R_V3DFCZVFKhCya89",2,49,6,4,2,1,NA,1,1,1,1,2,3,3,1,1,2,2,2,2,2,3,2,2,1,3,1,2
"R_V3DFCZVFKhCya89",2,49,6,4,2,1,NA,2,1,2,2,2,2,2,2,1,2,2,1,2,1,2,3,2,1,1,1,1
"R_V3DFCZVFKhCya89",2,49,6,4,2,1,NA,3,3,1,1,2,2,1,1,1,1,2,1,1,4,2,2,2,1,4,2,2
"R_V3DFCZVFKhCya89",2,49,6,4,2,1,NA,4,2,1,2,2,3,1,1,1,4,2,1,3,2,3,2,1,1,1,2,4
"R_3OjBAdZUPSCFJUk",1,29,6,2,2,1,NA,1,2,1,1,1,2,3,2,2,4,1,3,2,3,3,2,1,1,3,1,4
"R_3OjBAdZUPSCFJUk",1,29,6,2,2,1,NA,2,3,2,1,1,3,1,1,1,3,1,2,3,2,4,2,2,2,2,3,2
"R_3OjBAdZUPSCFJUk",1,29,6,2,2,1,NA,3,2,2,1,1,1,1,1,1,2,1,3,2,4,4,3,1,7,4,2,1
"R_3OjBAdZUPSCFJUk",1,29,6,2,2,1,NA,4,2,1,2,1,2,2,1,2,1,1,2,3,1,3,2,2,1,1,1,3
"R_3LdOlQD4T4Wryfd",2,23,5,2,3,NA,-1,1,1,2,2,1,3,3,1,1,3,2,2,2,2,3,2,1,2,3,1,1
"R_3LdOlQD4T4Wryfd",2,23,5,2,3,NA,-1,2,3,1,2,2,3,2,1,1,2,2,1,3,2,4,3,2,1,4,2,3
"R_3LdOlQD4T4Wryfd",2,23,5,2,3,NA,-1,3,1,1,1,2,2,1,2,2,4,1,2,1,1,2,3,1,1,1,3,2
"R_3LdOlQD4T4Wryfd",2,23,5,2,3,NA,-1,4,1,2,2,1,2,1,1,2,2,2,2,2,2,2,2,1,7,2,2,3
"R_1dojEBtFUHrpF9a",1,47,6,5,2,0,NA,1,3,2,1,1,2,1,1,2,3,1,2,2,1,2,2,2,1,1,3,2
"R_1dojEBtFUHrpF9a",1,47,6,5,2,0,NA,2,1,2,1,1,2,3,2,2,4,1,2,1,1,2,2,1,2,3,1,1
"R_1dojEBtFUHrpF9a",1,47,6,5,2,0,NA,3,3,1,2,1,2,2,1,1,2,2,2,2,2,3,2,2,1,4,3,1
"R_1dojEBtFUHrpF9a",1,47,6,5,2,0,NA,4,1,2,1,1,1,1,2,2,1,1,2,1,3,1,1,1,7,3,3,4
"R_3GlDN1xGBJMZKXp",2,32,5,3,2,1,NA,1,1,1,2,1,1,2,1,1,3,1,2,2,1,4,2,2,1,1,2,2
"R_3GlDN1xGBJMZKXp",2,32,5,3,2,1,NA,2,3,1,2,1,2,3,1,1,3,1,1,1,2,4,2,2,1,2,1,2
"R_3GlDN1xGBJMZKXp",2,32,5,3,2,1,NA,3,3,1,2,1,2,3,1,1,3,1,1,1,1,4,2,2,1,3,1,2
"R_3GlDN1xGBJMZKXp",2,32,5,3,2,1,NA,4,3,1,1,2,1,2,1,1,3,2,1,1,4,4,2,2,1,1,1,2
"R_3MFkOwl3hDZc2MC",2,26,2,2,2,0,NA,1,2,1,2,1,2,2,1,1,3,1,3,2,1,3,2,1,7,4,1,1
"R_3MFkOwl3hDZc2MC",2,26,2,2,2,0,NA,2,1,2,2,1,2,2,1,1,1,2,1,3,2,2,3,2,1,1,2,1
"R_3MFkOwl3hDZc2MC",2,26,2,2,2,0,NA,3,3,2,1,1,3,3,1,2,1,1,3,2,3,3,2,2,1,2,1,4
"R_3MFkOwl3hDZc2MC",2,26,2,2,2,0,NA,4,2,1,1,1,2,3,2,2,2,1,2,1,1,1,1,1,1,2,2,4
"R_10pTTk7gJKgRcn8",1,46,6,4,1,1,NA,1,1,1,1,1,3,1,2,2,4,1,3,3,2,3,2,1,1,3,3,1
"R_10pTTk7gJKgRcn8",1,46,6,4,1,1,NA,2,2,2,1,1,2,2,1,2,3,1,2,2,1,2,3,1,1,2,1,4
"R_10pTTk7gJKgRcn8",1,46,6,4,1,1,NA,3,3,2,1,1,2,2,1,1,2,2,2,3,2,4,3,2,1,4,2,2
"R_10pTTk7gJKgRcn8",1,46,6,4,1,1,NA,4,2,1,2,1,2,1,2,2,3,1,3,2,2,2,3,1,7,1,3,1
"R_21zHueuW7sVx6EP",2,32,6,4,2,1,NA,1,3,2,2,1,2,1,1,1,2,2,2,1,1,2,2,1,1,3,3,2
"R_21zHueuW7sVx6EP",2,32,6,4,2,1,NA,2,3,1,1,2,2,2,1,1,4,2,1,2,3,3,2,2,1,4,1,4
"R_21zHueuW7sVx6EP",2,32,6,4,2,1,NA,3,2,1,1,2,2,2,1,1,4,2,2,1,3,3,2,1,2,1,3,1
"R_21zHueuW7sVx6EP",2,32,6,4,2,1,NA,4,1,2,1,1,2,1,2,2,1,1,3,1,1,3,2,1,2,4,2,1
"R_eOHo1UhGxBqJa9z",2,43,4,3,2,1,NA,1,1,1,1,1,2,1,1,2,1,1,3,2,1,3,2,2,1,4,3,3
"R_eOHo1UhGxBqJa9z",2,43,4,3,2,1,NA,2,2,1,2,1,2,3,1,1,2,2,2,2,2,4,2,1,1,2,1,4
"R_eOHo1UhGxBqJa9z",2,43,4,3,2,1,NA,3,3,2,2,1,2,3,1,1,4,2,1,3,1,2,2,2,1,1,2,1
"R_eOHo1UhGxBqJa9z",2,43,4,3,2,1,NA,4,3,2,2,2,2,2,1,1,3,2,1,3,4,3,2,2,1,3,1,3
"R_2sSdbH879VZhfVz",1,32,5,2,1,0,NA,1,3,1,2,1,3,2,1,2,4,1,2,2,1,3,2,1,1,1,1,1
"R_2sSdbH879VZhfVz",1,32,5,2,1,0,NA,2,1,1,2,2,2,3,2,1,1,2,1,2,1,3,2,2,1,3,2,3
"R_2sSdbH879VZhfVz",1,32,5,2,1,0,NA,3,3,1,2,2,3,3,1,1,2,2,1,3,3,4,2,2,7,4,3,1
"R_2sSdbH879VZhfVz",1,32,5,2,1,0,NA,4,2,2,2,2,1,1,1,1,4,2,3,1,3,3,3,1,2,3,1,2
"R_21yOWMHe7iGHgFE",1,28,3,1,3,NA,1,1,3,1,1,1,3,3,1,1,1,1,3,3,2,3,2,2,1,3,1,1
"R_21yOWMHe7iGHgFE",1,28,3,1,3,NA,1,2,1,1,1,1,2,2,1,1,3,1,1,2,1,1,1,1,7,2,2,3
"R_21yOWMHe7iGHgFE",1,28,3,1,3,NA,1,3,2,1,1,2,2,1,2,2,4,2,3,3,3,2,3,1,1,4,3,2
"R_21yOWMHe7iGHgFE",1,28,3,1,3,NA,1,4,2,2,2,1,3,3,2,2,3,2,1,3,2,1,3,1,1,4,1,1
"R_3m2Catce2BzXX2i",2,26,5,3,3,NA,-1,1,1,1,2,2,3,2,1,1,3,2,2,2,1,3,2,1,1,4,1,4
"R_3m2Catce2BzXX2i",2,26,5,3,3,NA,-1,2,1,1,1,1,2,3,1,2,1,1,3,2,2,3,2,1,1,3,1,3
"R_3m2Catce2BzXX2i",2,26,5,3,3,NA,-1,3,1,1,1,1,3,3,2,2,2,1,3,2,2,3,2,1,2,4,3,4
"R_3m2Catce2BzXX2i",2,26,5,3,3,NA,-1,4,2,2,1,2,2,2,1,1,4,2,2,2,1,2,2,1,1,1,3,3
"R_RnniSdhVphoNPNf",2,27,5,1,2,0,NA,1,3,2,2,1,2,3,1,1,2,2,1,2,2,3,2,1,1,1,2,1
"R_RnniSdhVphoNPNf",2,27,5,1,2,0,NA,2,1,1,2,2,2,2,1,2,4,2,2,2,2,4,2,1,1,3,3,3
"R_RnniSdhVphoNPNf",2,27,5,1,2,0,NA,3,2,1,2,2,2,3,1,2,3,2,1,2,2,3,3,1,1,2,1,4
"R_RnniSdhVphoNPNf",2,27,5,1,2,0,NA,4,3,1,2,1,2,2,1,2,1,1,1,2,2,4,3,2,1,2,2,2
"R_R5i1ngYfj3sECKR",1,28,6,3,2,1,NA,1,1,1,2,1,2,3,2,2,3,1,1,2,3,2,2,2,1,2,1,3
"R_R5i1ngYfj3sECKR",1,28,6,3,2,1,NA,2,2,1,1,2,2,2,1,2,1,1,3,2,1,3,2,1,1,2,2,4
"R_R5i1ngYfj3sECKR",1,28,6,3,2,1,NA,3,2,1,1,2,1,1,1,1,1,1,1,2,2,3,2,2,1,1,2,4
"R_R5i1ngYfj3sECKR",1,28,6,3,2,1,NA,4,3,2,1,2,1,1,2,1,4,1,2,2,1,2,2,1,1,1,2,3
"R_26lI1T45I5t9eBR",2,30,5,4,2,1,NA,1,3,1,2,2,3,2,1,1,2,2,1,2,2,4,2,2,1,2,1,4
"R_26lI1T45I5t9eBR",2,30,5,4,2,1,NA,2,3,2,1,1,2,3,1,2,3,1,3,3,2,3,2,1,1,3,2,3
"R_26lI1T45I5t9eBR",2,30,5,4,2,1,NA,3,2,1,2,1,2,2,2,2,1,2,3,2,2,2,2,1,1,4,3,1
"R_26lI1T45I5t9eBR",2,30,5,4,2,1,NA,4,1,1,1,2,2,2,1,1,1,1,1,2,2,3,2,2,2,1,2,1
"R_3szUXMMWnb9p8Wc",2,20,3,3,2,1,NA,1,1,2,2,2,3,3,1,1,2,2,1,3,2,3,2,2,1,4,3,1
"R_3szUXMMWnb9p8Wc",2,20,3,3,2,1,NA,2,3,1,1,1,3,3,1,2,1,1,3,2,1,2,2,2,1,3,2,1
"R_3szUXMMWnb9p8Wc",2,20,3,3,2,1,NA,3,1,2,2,1,2,1,1,1,3,2,2,2,3,4,1,1,7,1,2,4
"R_3szUXMMWnb9p8Wc",2,20,3,3,2,1,NA,4,1,2,1,2,2,1,2,1,4,2,2,2,1,1,1,2,3,2,3,2
"R_1l5d9mhlUwe7GHu",2,31,4,2,1,1,NA,1,2,2,2,1,3,3,1,2,2,2,1,2,2,3,2,2,1,4,3,2
"R_1l5d9mhlUwe7GHu",2,31,4,2,1,1,NA,2,1,2,2,1,2,1,2,2,2,1,2,1,3,2,3,1,1,2,2,2
"R_1l5d9mhlUwe7GHu",2,31,4,2,1,1,NA,3,3,1,1,2,3,2,1,2,4,1,3,3,1,2,3,1,1,1,1,1
"R_1l5d9mhlUwe7GHu",2,31,4,2,1,1,NA,4,1,1,2,1,2,1,2,2,1,1,2,2,1,1,1,1,1,2,3,2
"R_XjNwPs1sKpcrwat",1,48,3,4,2,0,NA,1,1,2,1,1,2,1,1,2,1,1,3,1,3,1,2,1,1,3,3,1
"R_XjNwPs1sKpcrwat",1,48,3,4,2,0,NA,2,1,1,1,2,3,2,1,1,3,2,1,2,2,3,2,2,1,2,2,4
"R_XjNwPs1sKpcrwat",1,48,3,4,2,0,NA,3,1,2,2,1,1,1,1,1,4,2,2,1,4,2,3,1,1,4,1,2
"R_XjNwPs1sKpcrwat",1,48,3,4,2,0,NA,4,3,2,1,1,2,1,1,1,2,1,3,1,1,4,2,1,1,2,1,1
"R_50wVVMgqYgLVVqt",1,25,5,2,2,0,NA,1,3,2,1,1,3,3,2,2,3,2,3,2,2,3,2,1,1,1,1,1
"R_50wVVMgqYgLVVqt",1,25,5,2,2,0,NA,2,1,1,2,2,2,2,1,2,2,1,3,1,2,4,2,1,7,4,3,4
"R_50wVVMgqYgLVVqt",1,25,5,2,2,0,NA,3,3,1,1,2,3,3,1,1,3,1,2,3,2,2,2,2,1,4,1,2
"R_50wVVMgqYgLVVqt",1,25,5,2,2,0,NA,4,3,2,1,2,1,2,1,1,1,1,3,1,3,3,2,2,2,2,2,3
"R_2DYyON7RALxTcwc",2,28,5,3,2,0,NA,1,1,1,2,1,2,3,1,1,2,2,1,2,2,3,2,2,1,1,1,1
"R_2DYyON7RALxTcwc",2,28,5,3,2,0,NA,2,2,2,2,2,2,3,1,1,2,2,1,3,1,4,2,2,1,4,2,2
"R_2DYyON7RALxTcwc",2,28,5,3,2,0,NA,3,1,1,1,1,2,1,1,2,3,1,3,1,4,1,1,1,7,1,3,4
"R_2DYyON7RALxTcwc",2,28,5,3,2,0,NA,4,3,2,2,2,3,2,1,1,1,2,1,3,2,4,2,2,1,2,1,2
"R_DuHy14ocjAkczrr",1,33,3,1,3,NA,1,1,3,1,2,1,3,3,1,2,3,1,2,2,2,3,2,1,1,2,2,3
"R_DuHy14ocjAkczrr",1,33,3,1,3,NA,1,2,1,2,1,2,2,1,1,1,4,2,1,3,1,4,2,2,1,4,3,2
"R_DuHy14ocjAkczrr",1,33,3,1,3,NA,1,3,3,2,2,1,1,2,1,1,2,2,1,1,3,1,3,2,1,2,1,3
"R_DuHy14ocjAkczrr",1,33,3,1,3,NA,1,4,1,1,1,1,2,1,2,2,3,1,2,1,4,1,3,1,7,4,2,1
"R_3lELi4HAuhkJO2C",1,31,5,2,3,NA,-1,1,3,2,1,1,2,3,1,2,3,1,2,1,2,4,2,2,1,2,1,3
"R_3lELi4HAuhkJO2C",1,31,5,2,3,NA,-1,2,3,1,1,2,2,3,1,1,1,2,1,1,4,3,3,2,1,1,1,4
"R_3lELi4HAuhkJO2C",1,31,5,2,3,NA,-1,3,3,2,1,1,2,3,1,2,3,1,2,1,2,4,2,2,1,1,1,3
"R_3lELi4HAuhkJO2C",1,31,5,2,3,NA,-1,4,3,1,2,1,2,3,1,2,3,2,2,2,1,4,2,2,2,2,2,2
"R_Ce6OcNWHKLNDe8N",1,41,2,1,1,0,NA,1,1,2,1,2,2,1,1,1,1,2,1,3,2,1,1,1,1,3,1,3
"R_Ce6OcNWHKLNDe8N",1,41,2,1,1,0,NA,2,3,1,2,2,2,1,1,2,1,2,1,2,3,4,2,2,1,4,1,1
"R_Ce6OcNWHKLNDe8N",1,41,2,1,1,0,NA,3,3,1,1,1,2,2,1,2,4,1,2,3,4,1,3,1,1,2,2,2
"R_Ce6OcNWHKLNDe8N",1,41,2,1,1,0,NA,4,1,1,1,1,2,3,2,1,4,1,2,3,2,4,3,1,1,4,2,2
"R_1DqDXFB3p08Ynul",2,22,3,1,1,0,NA,1,2,1,2,1,2,2,1,2,4,2,3,1,2,3,2,1,1,3,3,1
"R_1DqDXFB3p08Ynul",2,22,3,1,1,0,NA,2,1,2,1,2,2,2,1,1,2,1,2,1,1,3,2,1,1,4,1,3
"R_1DqDXFB3p08Ynul",2,22,3,1,1,0,NA,3,2,1,1,1,2,3,1,2,4,1,3,1,1,3,2,1,1,1,3,2
"R_1DqDXFB3p08Ynul",2,22,3,1,1,0,NA,4,1,1,2,1,2,2,1,2,3,2,3,1,2,3,2,1,1,1,3,2
"R_2WwqhJFfcI9FcW5",2,24,3,2,2,0,NA,1,2,1,1,1,3,3,2,2,3,1,3,2,2,2,2,1,2,4,3,3
"R_2WwqhJFfcI9FcW5",2,24,3,2,2,0,NA,2,3,2,1,1,2,1,2,1,2,2,2,2,1,4,3,1,1,1,2,4
"R_2WwqhJFfcI9FcW5",2,24,3,2,2,0,NA,3,1,1,1,2,2,1,1,1,1,2,1,1,2,1,2,1,1,2,1,3
"R_2WwqhJFfcI9FcW5",2,24,3,2,2,0,NA,4,1,1,2,2,3,3,1,1,2,2,1,1,1,3,2,2,1,2,1,2
"R_1pWezwB8b43OPml",2,23,1,1,2,1,NA,1,1,1,1,1,2,3,2,2,1,1,3,3,2,2,2,2,1,3,1,3
"R_1pWezwB8b43OPml",2,23,1,1,2,1,NA,2,1,1,2,1,2,3,1,2,2,1,2,2,1,3,2,2,2,4,2,3
"R_1pWezwB8b43OPml",2,23,1,1,2,1,NA,3,1,2,2,1,3,1,1,2,3,1,1,1,4,1,2,2,3,1,3,1
"R_1pWezwB8b43OPml",2,23,1,1,2,1,NA,4,2,2,2,2,3,3,1,2,1,1,3,2,3,4,2,2,7,2,2,4
"R_2R82ZQbgegtBHk6",2,35,3,3,1,1,NA,1,1,1,1,1,3,3,1,2,3,1,3,3,2,3,2,1,1,3,1,2
"R_2R82ZQbgegtBHk6",2,35,3,3,1,1,NA,2,1,2,2,1,3,1,1,2,2,2,2,2,2,2,2,1,1,1,2,3
"R_2R82ZQbgegtBHk6",2,35,3,3,1,1,NA,3,2,1,2,2,3,2,2,1,3,1,1,3,2,2,2,2,1,2,1,2
"R_2R82ZQbgegtBHk6",2,35,3,3,1,1,NA,4,2,1,1,2,2,2,2,2,4,1,1,2,2,3,2,1,2,1,3,2
"R_2c7b5KiztEVGu0h",2,27,6,4,2,0,NA,1,3,1,1,1,2,2,2,2,4,1,3,3,2,3,2,1,1,2,2,1
"R_2c7b5KiztEVGu0h",2,27,6,4,2,0,NA,2,3,1,1,2,3,2,1,1,2,1,2,3,1,3,3,1,1,1,1,2
"R_2c7b5KiztEVGu0h",2,27,6,4,2,0,NA,3,1,2,2,1,1,1,1,1,1,2,2,2,1,1,2,2,1,2,1,3
"R_2c7b5KiztEVGu0h",2,27,6,4,2,0,NA,4,3,2,2,1,1,3,1,1,1,2,1,1,4,4,2,2,1,2,3,3
"R_3iVlPLSqiuyPBF9",1,30,4,5,1,0,NA,1,2,1,1,2,1,2,1,1,2,1,1,1,3,1,2,2,7,1,2,3
"R_3iVlPLSqiuyPBF9",1,30,4,5,1,0,NA,2,3,2,2,2,1,3,2,1,2,1,1,1,4,1,2,1,3,3,2,2
"R_3iVlPLSqiuyPBF9",1,30,4,5,1,0,NA,3,3,1,2,2,1,2,2,2,1,1,1,1,3,1,1,1,7,2,3,2
"R_3iVlPLSqiuyPBF9",1,30,4,5,1,0,NA,4,2,1,2,1,1,1,2,2,3,1,1,1,1,1,1,2,1,3,1,2
"R_9vH82mm9VwibdHH",1,29,4,4,3,NA,-1,1,2,1,2,2,2,3,1,1,4,2,1,3,2,4,2,1,1,4,1,3
"R_9vH82mm9VwibdHH",1,29,4,4,3,NA,-1,2,1,1,2,1,3,1,1,2,2,1,2,3,2,3,2,1,1,3,3,2
"R_9vH82mm9VwibdHH",1,29,4,4,3,NA,-1,3,2,1,2,1,3,1,1,2,3,1,2,3,1,3,2,1,1,1,1,3
"R_9vH82mm9VwibdHH",1,29,4,4,3,NA,-1,4,3,1,2,1,2,3,1,2,3,1,2,3,2,4,2,1,1,2,2,3
"R_22WxIHHSSMXJf49",1,64,5,5,3,NA,-1,1,1,2,1,2,2,1,1,2,1,1,2,2,2,1,1,1,1,1,1,3
"R_22WxIHHSSMXJf49",1,64,5,5,3,NA,-1,2,1,2,2,1,2,2,1,1,2,2,2,2,1,2,2,2,1,3,3,4
"R_22WxIHHSSMXJf49",1,64,5,5,3,NA,-1,3,1,1,2,2,2,1,2,2,3,2,3,2,1,1,2,1,1,4,3,1
"R_22WxIHHSSMXJf49",1,64,5,5,3,NA,-1,4,2,2,2,1,3,3,1,2,4,2,2,3,2,1,3,1,1,2,1,2
"R_3r0Q1h7d5tqgEyP",2,50,3,2,2,0,NA,1,2,2,2,2,2,3,1,1,3,2,1,2,1,4,2,1,1,4,3,1
"R_3r0Q1h7d5tqgEyP",2,50,3,2,2,0,NA,2,2,1,2,1,2,1,1,2,1,1,2,1,3,3,2,2,7,3,3,3
"R_3r0Q1h7d5tqgEyP",2,50,3,2,2,0,NA,3,1,1,1,2,2,1,2,1,4,1,3,2,1,2,3,1,1,2,1,4
"R_3r0Q1h7d5tqgEyP",2,50,3,2,2,0,NA,4,2,1,1,1,3,3,1,2,4,1,3,3,2,3,2,2,2,3,3,2
"R_2e24q7ZEBepWylv",2,31,5,3,2,1,NA,1,1,2,2,1,3,1,1,2,3,2,2,2,2,3,2,2,1,3,2,3
"R_2e24q7ZEBepWylv",2,31,5,3,2,1,NA,2,1,2,2,1,2,1,1,2,3,2,2,2,1,4,2,2,7,4,3,2
"R_2e24q7ZEBepWylv",2,31,5,3,2,1,NA,3,2,2,2,1,3,2,1,2,1,2,2,3,2,4,2,2,1,2,1,1
"R_2e24q7ZEBepWylv",2,31,5,3,2,1,NA,4,3,2,1,1,3,3,1,2,4,1,2,1,3,2,2,1,1,1,1,2
"R_eti78KuEHRayTEl",1,57,5,5,2,1,NA,1,1,1,1,2,3,1,1,1,2,2,1,3,2,3,2,1,1,4,3,1
"R_eti78KuEHRayTEl",1,57,5,5,2,1,NA,2,3,2,2,1,2,3,1,2,2,2,1,3,2,3,2,1,1,1,1,3
"R_eti78KuEHRayTEl",1,57,5,5,2,1,NA,3,1,1,2,1,2,1,1,1,2,2,1,2,2,3,2,1,1,2,2,2
"R_eti78KuEHRayTEl",1,57,5,5,2,1,NA,4,3,2,1,1,2,1,1,1,2,1,3,3,1,4,2,1,1,2,2,3
"R_DwNz4l4W7spxHbP",2,38,3,1,1,0,NA,1,2,1,2,2,2,1,1,1,4,2,1,1,1,4,2,1,1,4,1,1
"R_DwNz4l4W7spxHbP",2,38,3,1,1,0,NA,2,3,1,1,2,2,3,2,2,1,1,2,2,3,2,3,1,1,1,2,1
"R_DwNz4l4W7spxHbP",2,38,3,1,1,0,NA,3,1,2,2,1,2,3,1,1,3,2,2,1,2,4,2,2,7,4,3,2
"R_DwNz4l4W7spxHbP",2,38,3,1,1,0,NA,4,3,2,2,2,2,2,1,1,3,2,1,2,2,3,2,2,1,1,1,3
"R_qJvpMdPUynygShr",1,44,2,2,2,1,NA,1,2,2,1,1,1,1,1,1,3,1,2,1,3,1,1,2,1,4,2,3
"R_qJvpMdPUynygShr",1,44,2,2,2,1,NA,2,2,1,1,1,2,3,1,1,4,1,3,2,1,1,2,2,1,1,1,1
"R_qJvpMdPUynygShr",1,44,2,2,2,1,NA,3,3,2,1,1,1,1,1,1,2,1,2,1,2,3,2,2,1,3,1,4
"R_qJvpMdPUynygShr",1,44,2,2,2,1,NA,4,2,2,1,1,2,1,2,1,4,1,2,3,4,2,1,1,1,2,1,2
"R_3LY0wNo3Ug0W4dn",1,31,5,3,1,0,NA,1,1,2,2,1,2,2,1,1,2,2,2,2,1,4,2,1,1,4,2,2
"R_3LY0wNo3Ug0W4dn",1,31,5,3,1,0,NA,2,2,1,2,2,2,3,1,1,2,1,3,3,2,4,2,2,1,1,1,3
"R_3LY0wNo3Ug0W4dn",1,31,5,3,1,0,NA,3,2,1,2,2,2,3,1,1,2,2,1,2,1,4,2,2,1,1,1,3
"R_3LY0wNo3Ug0W4dn",1,31,5,3,1,0,NA,4,2,1,2,2,2,3,1,1,2,2,1,2,1,4,2,2,1,1,1,3
"R_1BQ7D11vdYjDpCR",1,60,5,2,3,NA,1,1,3,1,1,2,2,3,2,2,2,1,3,3,2,3,2,1,1,2,3,3
"R_1BQ7D11vdYjDpCR",1,60,5,2,3,NA,1,2,1,1,2,2,2,1,1,2,3,2,2,2,1,3,2,2,1,3,1,1
"R_1BQ7D11vdYjDpCR",1,60,5,2,3,NA,1,3,3,1,1,1,2,3,1,2,1,1,3,3,2,2,2,1,1,1,2,4
"R_1BQ7D11vdYjDpCR",1,60,5,2,3,NA,1,4,3,1,1,2,2,3,1,2,4,1,3,2,2,2,2,1,1,4,1,3
"R_3iWOgCfGGTGvQ9P",2,32,5,4,3,NA,0,1,1,1,2,2,2,3,1,1,3,2,1,2,1,4,2,2,1,1,1,3
"R_3iWOgCfGGTGvQ9P",2,32,5,4,3,NA,0,2,3,2,1,2,2,3,1,1,2,2,2,3,1,3,2,1,1,3,2,3
"R_3iWOgCfGGTGvQ9P",2,32,5,4,3,NA,0,3,1,1,1,2,2,3,2,2,4,2,2,3,1,3,2,1,1,4,3,1
"R_3iWOgCfGGTGvQ9P",2,32,5,4,3,NA,0,4,3,2,1,1,2,3,1,2,4,1,2,3,2,3,2,1,1,3,1,4
"R_10UYqaVHaH0FiJR",1,25,5,1,2,1,NA,1,3,2,2,2,2,1,1,1,2,2,1,2,1,3,2,1,1,4,1,3
"R_10UYqaVHaH0FiJR",1,25,5,1,2,1,NA,2,1,2,1,2,3,3,2,1,3,2,2,1,2,2,2,1,1,1,3,1
"R_10UYqaVHaH0FiJR",1,25,5,1,2,1,NA,3,1,2,2,1,2,1,1,1,1,2,2,1,3,4,1,1,1,3,2,2
"R_10UYqaVHaH0FiJR",1,25,5,1,2,1,NA,4,2,1,2,2,2,2,1,1,4,2,2,1,1,3,2,2,1,2,1,4
"R_ONoPAMuiovRodqx",1,31,5,3,1,1,NA,1,1,1,2,2,3,2,1,1,2,2,2,2,2,3,2,1,1,2,2,1
"R_ONoPAMuiovRodqx",1,31,5,3,1,1,NA,2,1,1,2,2,3,2,1,1,2,2,2,2,2,3,2,1,1,2,2,1
"R_ONoPAMuiovRodqx",1,31,5,3,1,1,NA,3,3,1,1,2,2,3,1,2,4,1,3,2,3,2,2,1,1,4,3,3
"R_ONoPAMuiovRodqx",1,31,5,3,1,1,NA,4,3,2,1,1,2,1,1,2,3,1,2,2,4,2,3,1,1,1,3,2
"R_TtO6mPet5vdmlsR",1,46,3,4,1,0,NA,1,3,1,2,2,3,2,1,1,3,2,1,2,2,3,3,2,1,4,3,2
"R_TtO6mPet5vdmlsR",1,46,3,4,1,0,NA,2,3,1,1,1,2,1,1,2,4,1,3,1,2,1,1,1,1,1,1,1
"R_TtO6mPet5vdmlsR",1,46,3,4,1,0,NA,3,2,2,1,2,2,1,1,2,1,1,3,1,3,1,1,1,1,2,3,1
"R_TtO6mPet5vdmlsR",1,46,3,4,1,0,NA,4,2,2,2,2,2,1,1,1,3,1,1,1,1,3,2,2,1,4,3,1
"R_7a2nqYU1o2NhDc5",2,26,3,2,3,NA,1,1,2,1,2,2,3,2,1,1,2,2,1,2,1,3,2,1,1,2,3,3
"R_7a2nqYU1o2NhDc5",2,26,3,2,3,NA,1,2,1,1,1,1,2,3,2,2,1,1,2,1,2,2,2,1,1,1,2,4
"R_7a2nqYU1o2NhDc5",2,26,3,2,3,NA,1,3,3,2,2,2,1,3,1,2,4,2,2,1,1,4,1,2,1,4,1,2
"R_7a2nqYU1o2NhDc5",2,26,3,2,3,NA,1,4,3,2,2,2,1,1,1,1,3,2,1,1,4,3,2,2,1,3,3,3
"R_2OHDkWn7OtRiqVi",2,26,3,2,3,NA,-1,1,1,2,1,2,3,3,1,1,1,2,2,3,2,3,2,1,1,4,1,3
"R_2OHDkWn7OtRiqVi",2,26,3,2,3,NA,-1,2,1,2,1,1,2,1,1,1,4,1,2,2,1,2,2,1,1,2,3,4
"R_2OHDkWn7OtRiqVi",2,26,3,2,3,NA,-1,3,1,1,2,1,2,1,2,2,3,1,3,1,2,3,3,1,1,4,2,1
"R_2OHDkWn7OtRiqVi",2,26,3,2,3,NA,-1,4,2,1,2,2,2,1,1,1,1,2,2,2,1,4,2,2,1,2,1,2
"R_3s7iVXVbho3W4IR",1,27,3,3,2,1,NA,1,1,2,2,1,2,2,1,2,3,2,1,2,1,2,2,1,1,1,2,4
"R_3s7iVXVbho3W4IR",1,27,3,3,2,1,NA,2,3,2,1,1,2,3,2,2,1,1,2,2,2,1,2,1,1,2,1,3
"R_3s7iVXVbho3W4IR",1,27,3,3,2,1,NA,3,1,1,1,2,3,1,1,1,3,2,1,2,1,3,2,2,1,3,2,4
"R_3s7iVXVbho3W4IR",1,27,3,3,2,1,NA,4,2,1,2,2,3,1,1,1,2,2,1,3,1,4,2,1,1,1,2,1
"R_5vRpqelyCvV4QCZ",1,40,5,3,1,0,NA,1,2,2,1,1,2,1,1,2,4,1,3,1,3,2,3,1,2,4,2,3
"R_5vRpqelyCvV4QCZ",1,40,5,3,1,0,NA,2,1,1,2,2,2,3,1,1,3,2,1,2,1,3,2,2,1,1,1,1
"R_5vRpqelyCvV4QCZ",1,40,5,3,1,0,NA,3,1,1,2,1,2,3,1,2,1,1,2,1,3,2,2,1,1,2,3,2
"R_5vRpqelyCvV4QCZ",1,40,5,3,1,0,NA,4,1,2,1,2,3,2,1,1,2,2,2,3,2,3,2,2,1,3,1,3
"R_0jE8kzufNVzsFA5",2,52,4,4,2,0,NA,1,1,1,1,1,2,1,1,2,3,1,3,2,1,3,2,1,1,3,3,2
"R_0jE8kzufNVzsFA5",2,52,4,4,2,0,NA,2,3,2,2,1,3,3,1,1,2,2,1,3,2,4,2,2,1,4,2,4
"R_0jE8kzufNVzsFA5",2,52,4,4,2,0,NA,3,1,2,1,1,2,1,2,2,4,1,3,1,3,3,2,1,1,4,1,1
"R_0jE8kzufNVzsFA5",2,52,4,4,2,0,NA,4,3,1,2,1,2,1,1,2,1,1,3,2,4,2,3,1,1,1,1,2
"R_2OO1lqxKmt2LtSL",2,41,3,3,2,0,NA,1,2,1,2,1,3,3,1,2,3,2,1,1,2,3,2,2,1,2,2,2
"R_2OO1lqxKmt2LtSL",2,41,3,3,2,0,NA,2,3,2,1,1,2,1,2,1,4,1,3,2,1,1,1,1,1,1,1,1
"R_2OO1lqxKmt2LtSL",2,41,3,3,2,0,NA,3,3,1,1,2,2,3,1,2,4,1,1,2,2,4,2,2,1,3,3,4
"R_2OO1lqxKmt2LtSL",2,41,3,3,2,0,NA,4,2,2,1,2,2,1,2,1,4,1,3,1,1,2,2,1,1,2,1,2
"R_8AeHF6cfhVJgvRP",2,31,4,1,2,0,NA,1,2,2,1,2,2,2,1,1,3,2,2,1,4,3,2,1,1,2,2,1
"R_8AeHF6cfhVJgvRP",2,31,4,1,2,0,NA,2,1,1,2,2,2,1,2,2,4,1,1,1,2,3,2,1,1,1,1,4
"R_8AeHF6cfhVJgvRP",2,31,4,1,2,0,NA,3,3,2,2,1,3,3,1,1,1,2,3,2,1,4,2,1,1,3,1,2
"R_8AeHF6cfhVJgvRP",2,31,4,1,2,0,NA,4,1,2,2,1,2,1,2,1,2,2,1,1,3,3,3,1,1,3,2,3
"R_832TTsoKh9GjALT",2,55,5,2,2,0,NA,1,2,2,1,1,2,1,1,1,3,1,3,2,2,3,2,1,1,3,2,1
"R_832TTsoKh9GjALT",2,55,5,2,2,0,NA,2,2,1,1,1,3,3,1,1,1,1,2,2,1,3,3,1,1,2,1,2
"R_832TTsoKh9GjALT",2,55,5,2,2,0,NA,3,3,1,1,1,2,3,1,1,4,1,3,3,1,4,2,2,1,4,2,4
"R_832TTsoKh9GjALT",2,55,5,2,2,0,NA,4,3,2,2,2,2,1,1,2,2,2,1,2,2,4,2,1,1,1,3,3
"R_31N3zjcmNUzWliw",2,31,5,7,1,1,NA,1,1,1,2,1,2,1,1,2,1,1,3,1,2,3,2,1,1,2,3,2
"R_31N3zjcmNUzWliw",2,31,5,7,1,1,NA,2,2,1,1,1,3,2,1,2,2,1,3,2,1,4,2,1,1,1,1,1
"R_31N3zjcmNUzWliw",2,31,5,7,1,1,NA,3,1,1,1,1,3,1,1,2,4,1,3,1,3,3,2,1,1,4,3,3
"R_31N3zjcmNUzWliw",2,31,5,7,1,1,NA,4,2,1,1,1,2,1,1,2,3,1,3,2,1,3,2,1,1,1,2,4
"R_A7kOTX2bdMK0s13",2,26,5,1,3,NA,0,1,1,2,2,1,3,2,1,1,1,2,1,2,2,2,2,1,1,1,3,3
"R_A7kOTX2bdMK0s13",2,26,5,1,3,NA,0,2,1,1,2,1,3,2,1,1,1,2,2,3,2,2,2,1,1,4,1,3
"R_A7kOTX2bdMK0s13",2,26,5,1,3,NA,0,3,1,1,1,1,3,3,1,2,3,1,3,2,2,2,2,1,1,2,3,1
"R_A7kOTX2bdMK0s13",2,26,5,1,3,NA,0,4,2,2,2,2,3,2,1,1,1,2,1,2,2,2,2,1,1,2,1,1
"R_3O0UAsQzhbMY3Zu",2,31,6,5,1,0,NA,1,2,1,1,2,2,1,1,2,2,2,2,2,2,3,2,1,7,4,2,2
"R_3O0UAsQzhbMY3Zu",2,31,6,5,1,0,NA,2,2,2,1,2,2,3,1,1,4,2,2,2,1,2,2,1,1,1,2,3
"R_3O0UAsQzhbMY3Zu",2,31,6,5,1,0,NA,3,3,2,2,2,3,3,1,1,1,2,2,3,2,4,2,2,1,4,3,4
"R_3O0UAsQzhbMY3Zu",2,31,6,5,1,0,NA,4,1,2,1,1,2,1,2,2,3,1,3,1,2,2,3,1,2,1,1,2
"R_3mkIp2kWPIzUqAZ",2,46,6,3,2,1,NA,1,2,2,2,2,2,1,1,1,4,2,1,2,1,3,2,1,1,3,1,1
"R_3mkIp2kWPIzUqAZ",2,46,6,3,2,1,NA,2,3,2,1,1,3,3,2,1,2,2,2,2,2,3,2,1,1,1,2,3
"R_3mkIp2kWPIzUqAZ",2,46,6,3,2,1,NA,3,3,1,1,2,2,2,1,2,1,1,2,2,1,4,2,2,1,2,3,4
"R_3mkIp2kWPIzUqAZ",2,46,6,3,2,1,NA,4,1,2,1,2,2,1,1,1,3,2,2,3,1,2,2,2,7,4,2,2
"R_2aPPTNEdLhTSBKz",2,67,6,3,1,1,NA,1,3,2,2,2,3,1,1,1,3,2,1,2,1,3,2,2,1,4,2,2
"R_2aPPTNEdLhTSBKz",2,67,6,3,1,1,NA,2,3,2,1,2,3,3,1,2,2,1,3,3,3,3,2,1,1,2,3,1
"R_2aPPTNEdLhTSBKz",2,67,6,3,1,1,NA,3,1,2,2,1,2,1,2,2,2,2,2,2,1,4,2,1,7,2,1,3
"R_2aPPTNEdLhTSBKz",2,67,6,3,1,1,NA,4,3,1,2,2,3,2,1,1,2,2,3,3,2,4,1,2,2,1,3,3
"R_3iyCblLpfAiCPBf",1,35,2,1,3,NA,0,1,1,2,2,2,3,3,1,1,3,2,1,2,1,2,1,1,1,2,3,3
"R_3iyCblLpfAiCPBf",1,35,2,1,3,NA,0,2,3,1,1,2,2,1,1,1,2,2,1,3,2,1,2,2,1,1,1,2
"R_3iyCblLpfAiCPBf",1,35,2,1,3,NA,0,3,1,1,1,1,1,1,2,2,4,1,3,1,3,3,2,1,7,3,3,4
"R_3iyCblLpfAiCPBf",1,35,2,1,3,NA,0,4,3,1,1,2,2,1,2,1,1,2,3,3,2,4,3,1,3,4,2,2
"R_10OFAe9NgmtH2oC",1,39,5,3,3,NA,-1,1,1,2,1,1,2,3,1,1,4,2,3,3,1,2,2,2,1,1,2,3
"R_10OFAe9NgmtH2oC",1,39,5,3,3,NA,-1,2,1,2,2,1,3,2,1,1,3,2,1,3,1,3,3,2,1,2,3,1
"R_10OFAe9NgmtH2oC",1,39,5,3,3,NA,-1,3,1,1,1,2,3,3,2,2,1,1,3,3,2,4,2,1,2,4,2,4
"R_10OFAe9NgmtH2oC",1,39,5,3,3,NA,-1,4,2,1,1,2,3,3,2,2,2,1,3,3,2,4,2,1,2,3,1,2
"R_20VeAb4Htoq2bC2",1,41,5,1,3,NA,1,1,1,2,1,2,3,1,1,1,3,2,2,3,2,3,2,1,1,3,3,3
"R_20VeAb4Htoq2bC2",1,41,5,1,3,NA,1,2,2,1,1,1,2,3,1,2,2,1,3,1,3,2,2,1,1,4,1,1
"R_20VeAb4Htoq2bC2",1,41,5,1,3,NA,1,3,3,1,2,2,2,3,1,1,3,2,2,2,1,3,2,2,1,2,2,2
"R_20VeAb4Htoq2bC2",1,41,5,1,3,NA,1,4,2,1,2,2,2,1,1,1,3,2,2,3,2,3,3,2,1,3,1,1
"R_2zCM13M9CB8LjBp",2,30,6,2,2,0,NA,1,1,2,1,1,2,2,1,2,3,1,2,2,2,3,2,2,1,1,2,1
"R_2zCM13M9CB8LjBp",2,30,6,2,2,0,NA,2,1,2,1,1,3,3,2,2,4,1,2,3,1,2,2,1,1,2,3,4
"R_2zCM13M9CB8LjBp",2,30,6,2,2,0,NA,3,3,2,2,1,2,2,1,1,3,2,1,3,1,4,2,2,1,4,3,3
"R_2zCM13M9CB8LjBp",2,30,6,2,2,0,NA,4,1,2,1,2,3,2,1,1,3,2,2,2,2,1,2,2,7,4,3,1
"R_Or5mgV8DGeEeq6B",2,26,3,1,3,NA,0,1,3,2,2,1,2,3,1,2,3,2,2,2,2,3,2,1,1,1,2,4
"R_Or5mgV8DGeEeq6B",2,26,3,1,3,NA,0,2,3,2,1,1,2,2,1,1,2,1,3,2,1,4,3,1,7,4,2,1
"R_Or5mgV8DGeEeq6B",2,26,3,1,3,NA,0,3,1,1,1,2,3,1,1,1,4,1,3,1,2,1,2,1,1,3,3,2
"R_Or5mgV8DGeEeq6B",2,26,3,1,3,NA,0,4,1,1,1,1,2,2,1,1,4,1,2,1,3,1,1,1,2,2,1,4
"R_1hZldM5zdQjOOop",2,69,3,1,3,NA,0,1,3,1,1,1,3,2,2,2,3,1,1,3,2,3,2,1,1,4,1,4
"R_1hZldM5zdQjOOop",2,69,3,1,3,NA,0,2,3,2,1,1,3,1,1,2,1,1,1,3,2,2,2,1,1,3,3,3
"R_1hZldM5zdQjOOop",2,69,3,1,3,NA,0,3,1,2,2,1,3,2,1,2,1,1,3,3,2,4,1,1,1,1,3,1
"R_1hZldM5zdQjOOop",2,69,3,1,3,NA,0,4,2,1,1,1,3,1,1,2,2,1,1,3,2,1,1,1,2,2,1,2
"R_5gmLuZmWR3BcyFL",1,54,5,1,3,NA,1,1,1,2,1,2,3,1,1,2,1,2,2,2,2,3,2,1,1,4,2,1
"R_5gmLuZmWR3BcyFL",1,54,5,1,3,NA,1,2,2,1,2,1,2,1,2,2,4,1,2,1,1,4,2,1,2,3,1,2
"R_5gmLuZmWR3BcyFL",1,54,5,1,3,NA,1,3,1,2,1,1,2,1,2,2,3,1,3,1,3,1,1,1,1,2,1,3
"R_5gmLuZmWR3BcyFL",1,54,5,1,3,NA,1,4,3,1,1,1,2,2,1,2,4,1,3,3,2,3,2,1,2,1,3,4
"R_55pFoVLEN44Ota1",1,34,5,3,2,1,NA,1,1,2,1,2,2,3,1,1,3,1,1,2,4,4,3,1,1,1,2,2
"R_55pFoVLEN44Ota1",1,34,5,3,2,1,NA,2,2,1,1,1,2,3,1,2,1,1,3,3,2,3,2,1,1,2,1,1
"R_55pFoVLEN44Ota1",1,34,5,3,2,1,NA,3,2,1,1,1,2,3,1,2,1,1,3,3,2,3,2,1,1,2,1,1
"R_55pFoVLEN44Ota1",1,34,5,3,2,1,NA,4,1,2,2,1,2,1,1,1,3,2,1,2,1,3,3,1,1,3,3,4
"R_2BsrMaKMGv21jrJ",1,23,5,3,2,0,NA,1,3,2,2,1,3,2,1,2,2,2,2,3,2,3,2,1,1,2,2,3
"R_2BsrMaKMGv21jrJ",1,23,5,3,2,0,NA,2,3,2,1,2,3,2,2,1,4,1,1,3,2,3,2,1,1,4,1,1
"R_2BsrMaKMGv21jrJ",1,23,5,3,2,0,NA,3,1,1,1,1,3,2,2,2,2,1,2,3,2,3,2,1,1,3,2,2
"R_2BsrMaKMGv21jrJ",1,23,5,3,2,0,NA,4,1,2,1,2,2,2,1,1,4,1,1,3,2,3,2,2,1,4,3,3
"R_PZHwInSPQp2N70Z",1,33,1,4,3,NA,-1,1,2,1,2,1,3,2,1,2,2,1,3,2,2,3,2,2,1,2,3,2
"R_PZHwInSPQp2N70Z",1,33,1,4,3,NA,-1,2,3,1,2,2,2,1,1,1,3,2,1,1,1,1,1,2,1,1,1,2
"R_PZHwInSPQp2N70Z",1,33,1,4,3,NA,-1,3,1,1,2,2,2,2,1,1,2,2,2,2,2,2,2,1,1,3,3,2
"R_PZHwInSPQp2N70Z",1,33,1,4,3,NA,-1,4,1,2,2,1,1,1,1,2,1,1,2,1,1,3,2,1,7,2,1,2
"R_1eJFY4NTrS82Dy3",1,28,5,4,1,1,NA,1,2,2,1,2,2,2,1,1,2,2,2,1,1,3,2,2,7,2,1,2
"R_1eJFY4NTrS82Dy3",1,28,5,4,1,1,NA,2,2,2,2,2,3,3,2,1,1,2,1,2,2,3,3,2,3,1,1,3
"R_1eJFY4NTrS82Dy3",1,28,5,4,1,1,NA,3,3,2,2,2,2,3,2,2,3,2,2,2,1,4,3,2,2,4,2,4
"R_1eJFY4NTrS82Dy3",1,28,5,4,1,1,NA,4,1,1,2,1,1,2,1,1,4,2,3,3,1,2,3,1,3,2,1,1
"R_1JXE39yvuyXbzlp",1,29,2,3,1,1,NA,1,2,2,1,2,3,2,2,1,3,2,1,2,2,3,2,2,1,2,3,4
"R_1JXE39yvuyXbzlp",1,29,2,3,1,1,NA,2,2,2,1,1,1,2,1,2,3,1,3,2,1,4,3,1,2,4,2,3
"R_1JXE39yvuyXbzlp",1,29,2,3,1,1,NA,3,2,1,2,2,2,1,2,1,3,2,2,2,1,2,3,1,1,4,2,3
"R_1JXE39yvuyXbzlp",1,29,2,3,1,1,NA,4,3,2,2,1,2,3,1,1,4,2,1,3,2,3,2,2,1,2,2,4
"R_3NyZgQRpbr3PdYj",1,36,4,4,4,NA,1,1,3,1,2,2,2,3,1,1,3,1,2,3,2,3,3,2,7,2,1,1
"R_3NyZgQRpbr3PdYj",1,36,4,4,4,NA,1,2,3,1,2,2,2,3,1,1,3,1,2,3,2,3,3,2,7,2,1,1
"R_3NyZgQRpbr3PdYj",1,36,4,4,4,NA,1,3,3,1,2,2,2,3,1,1,3,1,2,3,2,3,3,2,7,2,1,1
"R_3NyZgQRpbr3PdYj",1,36,4,4,4,NA,1,4,1,2,2,2,3,3,1,1,3,2,2,3,1,3,2,2,7,1,2,2
"R_R4CCWw3e1OsoX9T",2,32,6,4,2,1,NA,1,1,2,2,1,2,3,1,2,2,2,2,2,1,3,2,2,1,1,1,3
"R_R4CCWw3e1OsoX9T",2,32,6,4,2,1,NA,2,1,2,1,2,2,2,1,1,2,1,2,3,2,3,2,1,1,4,2,4
"R_R4CCWw3e1OsoX9T",2,32,6,4,2,1,NA,3,3,1,1,2,3,3,1,2,3,1,2,2,1,4,2,1,2,1,1,1
"R_R4CCWw3e1OsoX9T",2,32,6,4,2,1,NA,4,3,2,1,2,2,3,1,1,4,2,2,2,1,2,2,1,1,2,3,4
"R_6Wrb6Lcf9TbIc4t",1,28,3,1,3,NA,0,1,3,2,2,1,2,2,1,1,1,2,1,3,1,3,2,2,1,1,1,4
"R_6Wrb6Lcf9TbIc4t",1,28,3,1,3,NA,0,2,3,2,2,2,2,3,1,1,1,2,1,3,1,3,2,2,1,2,1,4
"R_6Wrb6Lcf9TbIc4t",1,28,3,1,3,NA,0,3,2,2,1,2,3,1,1,1,4,1,2,2,3,2,2,2,1,3,3,2
"R_6Wrb6Lcf9TbIc4t",1,28,3,1,3,NA,0,4,2,1,2,2,2,1,1,2,2,2,2,2,3,2,2,2,1,4,2,3
"R_56F8RXPy4LXdpqV",1,25,5,2,1,0,NA,1,1,1,2,2,3,3,1,1,2,2,1,2,1,3,2,2,1,2,2,1
"R_56F8RXPy4LXdpqV",1,25,5,2,1,0,NA,2,3,2,1,1,2,3,1,2,4,1,2,2,2,4,2,2,1,2,3,2
"R_56F8RXPy4LXdpqV",1,25,5,2,1,0,NA,3,3,1,1,1,2,2,1,2,1,1,2,2,2,3,2,2,1,3,3,4
"R_56F8RXPy4LXdpqV",1,25,5,2,1,0,NA,4,3,1,1,2,2,3,1,1,4,2,1,2,2,4,2,2,1,2,1,3
"R_ebNxM0OBjs8Rdjf",1,27,5,3,1,0,NA,1,2,1,2,1,2,2,1,2,2,2,1,2,3,3,2,2,1,2,2,2
"R_ebNxM0OBjs8Rdjf",1,27,5,3,1,0,NA,2,3,2,1,2,2,3,1,2,1,1,1,1,2,3,2,1,1,2,2,2
"R_ebNxM0OBjs8Rdjf",1,27,5,3,1,0,NA,3,2,2,2,1,2,2,1,2,3,1,2,2,1,2,3,2,1,2,3,2
"R_ebNxM0OBjs8Rdjf",1,27,5,3,1,0,NA,4,2,2,1,1,2,1,1,1,1,1,3,1,2,2,1,2,1,3,1,4
"R_1Iaeuj8bu7kPeJv",1,27,3,1,2,0,NA,1,2,2,1,1,3,3,1,1,1,1,2,2,4,3,2,1,1,4,1,1
"R_1Iaeuj8bu7kPeJv",1,27,3,1,2,0,NA,2,3,1,1,2,2,1,1,2,4,2,1,1,4,3,2,1,1,2,1,1
"R_1Iaeuj8bu7kPeJv",1,27,3,1,2,0,NA,3,1,2,2,2,3,2,1,2,2,2,3,1,2,2,2,2,1,3,3,1
"R_1Iaeuj8bu7kPeJv",1,27,3,1,2,0,NA,4,2,2,1,2,2,1,1,2,1,1,1,1,2,3,1,1,1,1,2,1
"R_WBu94GWzDYGcEE1",2,31,4,2,3,NA,0,1,2,2,2,2,2,2,2,1,3,2,2,3,1,1,2,1,2,1,3,3
"R_WBu94GWzDYGcEE1",2,31,4,2,3,NA,0,2,2,2,1,2,3,1,2,2,4,1,1,2,2,2,2,2,1,4,3,1
"R_WBu94GWzDYGcEE1",2,31,4,2,3,NA,0,3,1,1,1,1,3,3,2,2,3,1,3,3,2,2,2,1,1,2,2,3
"R_WBu94GWzDYGcEE1",2,31,4,2,3,NA,0,4,1,1,1,1,3,2,2,1,4,1,1,2,3,1,2,2,1,3,2,1
"R_VJxw6oyXmVnNqtr",2,48,5,4,2,1,NA,1,2,2,1,1,2,1,1,2,4,1,2,2,1,1,2,1,1,1,1,1
"R_VJxw6oyXmVnNqtr",2,48,5,4,2,1,NA,2,3,2,1,2,3,3,1,1,4,2,2,2,2,3,2,2,1,3,3,3
"R_VJxw6oyXmVnNqtr",2,48,5,4,2,1,NA,3,3,1,1,1,2,1,1,2,3,1,3,1,3,3,2,2,1,4,2,4
"R_VJxw6oyXmVnNqtr",2,48,5,4,2,1,NA,4,3,1,1,1,2,3,1,2,3,1,3,1,3,3,2,2,1,1,2,1
"R_2dL2Z3CMnucMVQM",1,61,3,2,3,NA,0,1,3,2,1,1,3,3,1,2,2,1,3,3,2,3,2,2,1,4,2,2
"R_2dL2Z3CMnucMVQM",1,61,3,2,3,NA,0,2,3,2,1,1,3,2,1,2,2,1,3,3,2,3,2,2,1,4,1,4
"R_2dL2Z3CMnucMVQM",1,61,3,2,3,NA,0,3,3,1,2,1,2,3,1,2,2,1,2,3,2,4,2,2,1,1,2,3
"R_2dL2Z3CMnucMVQM",1,61,3,2,3,NA,0,4,1,1,2,2,2,1,2,2,3,2,1,3,1,2,2,1,7,3,1,4
"R_XCilNBDxJQmBPRT",2,34,3,2,2,0,NA,1,1,2,2,1,3,1,1,1,3,2,2,2,2,3,2,1,1,4,2,3
"R_XCilNBDxJQmBPRT",2,34,3,2,2,0,NA,2,3,1,2,2,2,1,1,1,1,2,1,3,1,4,2,2,1,4,1,1
"R_XCilNBDxJQmBPRT",2,34,3,2,2,0,NA,3,2,1,1,1,2,1,2,2,2,1,3,1,3,1,1,1,7,2,3,4
"R_XCilNBDxJQmBPRT",2,34,3,2,2,0,NA,4,1,1,1,1,2,1,1,2,2,1,2,2,4,4,2,2,7,3,3,2
"R_2SxBNdqvzh3M2W8",2,29,6,2,2,0,NA,1,2,2,1,1,2,3,1,2,3,1,2,2,2,3,2,1,1,1,2,1
"R_2SxBNdqvzh3M2W8",2,29,6,2,2,0,NA,2,2,1,1,2,3,1,1,1,4,1,2,2,2,3,2,2,1,4,2,3
"R_2SxBNdqvzh3M2W8",2,29,6,2,2,0,NA,3,1,2,1,2,2,1,1,1,3,2,1,1,1,3,2,2,1,2,2,4
"R_2SxBNdqvzh3M2W8",2,29,6,2,2,0,NA,4,2,2,2,1,2,3,1,1,4,2,2,2,1,4,2,1,2,3,2,4
"R_1etQmmooQi4De4S",1,27,6,4,2,0,NA,1,1,1,2,1,2,3,2,2,4,1,3,3,1,3,2,1,1,1,2,3
"R_1etQmmooQi4De4S",1,27,6,4,2,0,NA,2,3,1,1,1,3,3,1,2,1,1,3,3,2,4,2,2,1,2,2,1
"R_1etQmmooQi4De4S",1,27,6,4,2,0,NA,3,1,1,1,1,3,1,2,2,3,1,3,2,2,3,2,1,1,4,2,2
"R_1etQmmooQi4De4S",1,27,6,4,2,0,NA,4,2,1,2,2,3,2,1,1,1,2,1,3,2,3,2,1,1,4,1,3
"R_VWRk6TDGYRj8LOF",1,25,3,2,3,NA,0,1,1,1,2,1,2,3,1,2,1,2,1,2,2,3,2,1,1,1,2,2
"R_VWRk6TDGYRj8LOF",1,25,3,2,3,NA,0,2,2,2,2,1,2,3,1,1,2,2,1,2,1,4,2,1,1,2,1,2
"R_VWRk6TDGYRj8LOF",1,25,3,2,3,NA,0,3,1,1,2,1,2,1,2,2,3,2,1,2,1,2,2,1,1,1,2,2
"R_VWRk6TDGYRj8LOF",1,25,3,2,3,NA,0,4,1,2,2,1,2,1,1,2,2,2,1,2,2,1,2,1,1,4,1,3
"R_2zeER0NuqaZNlfs",1,44,3,2,3,NA,1,1,3,2,1,1,3,2,1,2,3,1,3,2,2,3,2,1,1,4,2,2
"R_2zeER0NuqaZNlfs",1,44,3,2,3,NA,1,2,1,1,2,2,2,3,1,1,2,2,2,2,2,4,2,2,7,4,2,3
"R_2zeER0NuqaZNlfs",1,44,3,2,3,NA,1,3,2,2,2,1,2,3,1,2,1,1,3,2,2,2,2,1,1,2,3,1
"R_2zeER0NuqaZNlfs",1,44,3,2,3,NA,1,4,1,1,1,2,2,3,1,1,4,2,2,1,1,3,2,1,1,1,3,4
"R_1DCh7b4MFojm22I",2,31,5,4,3,NA,1,1,2,1,2,1,3,2,2,2,1,1,3,3,3,3,2,1,1,1,3,1
"R_1DCh7b4MFojm22I",2,31,5,4,3,NA,1,2,3,2,2,2,3,2,1,1,1,2,1,3,1,4,2,2,1,4,2,3
"R_1DCh7b4MFojm22I",2,31,5,4,3,NA,1,3,1,2,1,2,2,3,1,1,1,2,2,3,2,2,2,2,1,4,1,3
"R_1DCh7b4MFojm22I",2,31,5,4,3,NA,1,4,1,1,2,2,2,1,2,2,1,1,3,3,1,2,2,1,2,4,3,4
"R_3xG9H8qcbHqDzcl",2,48,5,4,3,NA,0,1,1,1,1,2,2,1,1,2,3,1,1,1,3,1,1,1,1,4,1,1
"R_3xG9H8qcbHqDzcl",2,48,5,4,3,NA,0,2,3,1,1,1,2,1,2,1,2,2,3,1,4,4,2,2,2,2,3,3
"R_3xG9H8qcbHqDzcl",2,48,5,4,3,NA,0,3,1,1,2,1,1,1,1,1,1,2,1,1,1,3,3,2,7,3,1,4
"R_3xG9H8qcbHqDzcl",2,48,5,4,3,NA,0,4,3,1,1,2,3,3,2,1,4,1,3,2,2,4,2,2,1,2,1,1
"R_psWenQjc95oUG9r",1,46,5,1,2,0,NA,1,1,1,2,2,2,2,1,1,1,2,2,2,2,3,2,1,1,4,1,3
"R_psWenQjc95oUG9r",1,46,5,1,2,0,NA,2,3,2,1,2,3,3,1,2,4,1,2,3,1,2,3,1,1,1,3,2
"R_psWenQjc95oUG9r",1,46,5,1,2,0,NA,3,3,2,2,1,2,1,2,1,2,1,1,1,1,3,3,1,2,2,2,4
"R_psWenQjc95oUG9r",1,46,5,1,2,0,NA,4,2,2,2,1,2,1,1,2,2,1,1,1,1,4,3,2,2,3,2,3
"R_2QSXulvg34uEJzw",1,41,3,2,1,0,NA,1,2,2,1,1,2,2,1,1,2,1,2,2,1,4,2,2,1,4,2,3
"R_2QSXulvg34uEJzw",1,41,3,2,1,0,NA,2,2,1,2,2,2,3,1,1,4,2,1,3,2,3,2,1,7,2,3,2
"R_2QSXulvg34uEJzw",1,41,3,2,1,0,NA,3,2,2,2,1,3,3,2,2,2,2,2,1,1,4,2,1,1,3,1,4
"R_2QSXulvg34uEJzw",1,41,3,2,1,0,NA,4,1,1,1,2,2,1,2,1,2,1,1,2,1,3,2,1,1,1,2,4
"R_1gIuvMKoABRMG4c",1,43,4,3,3,NA,1,1,1,2,2,1,3,1,1,1,2,2,1,1,1,1,2,1,1,2,2,1
"R_1gIuvMKoABRMG4c",1,43,4,3,3,NA,1,2,1,2,2,1,2,2,1,1,4,2,1,1,3,2,2,1,1,3,2,2
"R_1gIuvMKoABRMG4c",1,43,4,3,3,NA,1,3,3,2,2,1,2,2,1,1,3,2,1,2,2,4,2,2,1,1,3,3
"R_1gIuvMKoABRMG4c",1,43,4,3,3,NA,1,4,3,2,1,1,2,1,1,1,2,1,1,2,1,3,3,2,1,4,2,3
"R_6AomhFL5qBmOcAV",2,49,3,1,4,NA,-1,1,3,1,1,2,2,1,1,2,2,1,3,2,2,3,2,1,2,4,3,1
"R_6AomhFL5qBmOcAV",2,49,3,1,4,NA,-1,2,2,1,2,2,3,2,1,1,4,2,1,3,2,4,2,1,1,1,1,2
"R_6AomhFL5qBmOcAV",2,49,3,1,4,NA,-1,3,1,2,1,2,1,1,1,1,4,1,2,2,1,2,3,1,1,3,2,3
"R_6AomhFL5qBmOcAV",2,49,3,1,4,NA,-1,4,2,1,1,2,2,1,2,2,4,1,1,2,3,2,2,1,1,2,3,1
"R_zSEOb4BDBftpm0h",2,53,5,2,2,0,NA,1,3,1,2,1,2,2,1,2,1,2,2,2,2,4,2,2,1,3,1,2
"R_zSEOb4BDBftpm0h",2,53,5,2,2,0,NA,2,3,1,1,2,3,2,1,2,3,1,3,3,1,3,2,2,1,4,2,1
"R_zSEOb4BDBftpm0h",2,53,5,2,2,0,NA,3,1,2,1,2,2,1,2,1,4,2,2,2,2,3,3,1,1,2,3,3
"R_zSEOb4BDBftpm0h",2,53,5,2,2,0,NA,4,2,1,2,2,3,2,1,1,2,2,2,2,2,3,2,2,1,1,3,4
"R_2VP8JEtTfMiqv9d",2,40,3,2,1,1,NA,1,2,1,2,1,2,2,1,2,1,1,2,1,3,3,2,1,1,4,2,2
"R_2VP8JEtTfMiqv9d",2,40,3,2,1,1,NA,2,3,2,2,1,3,3,1,1,3,2,1,2,2,2,2,2,1,2,3,1
"R_2VP8JEtTfMiqv9d",2,40,3,2,1,1,NA,3,2,1,1,1,2,1,2,2,2,1,3,2,3,4,2,1,1,3,1,3
"R_2VP8JEtTfMiqv9d",2,40,3,2,1,1,NA,4,1,2,1,1,2,1,2,2,1,1,2,1,1,3,2,1,1,1,3,4
"R_240YyKVIn4Nc0Sq",2,27,5,2,1,1,NA,1,2,1,1,2,3,3,2,2,3,1,2,2,2,3,2,1,1,3,1,3
"R_240YyKVIn4Nc0Sq",2,27,5,2,1,1,NA,2,3,2,1,2,3,1,1,1,3,2,1,2,1,3,2,1,1,1,2,1
"R_240YyKVIn4Nc0Sq",2,27,5,2,1,1,NA,3,1,1,1,2,2,1,1,2,4,1,3,1,2,1,2,1,1,2,3,4
"R_240YyKVIn4Nc0Sq",2,27,5,2,1,1,NA,4,3,1,2,1,3,1,1,1,3,2,1,3,1,2,2,1,1,3,1,1
"R_295KGsSbAVRU4HD",2,32,5,3,2,0,NA,1,2,1,1,2,2,1,1,2,3,1,2,2,1,1,1,1,2,3,3,1
"R_295KGsSbAVRU4HD",2,32,5,3,2,0,NA,2,1,2,2,1,2,1,1,2,4,2,1,2,3,3,2,2,1,2,2,3
"R_295KGsSbAVRU4HD",2,32,5,3,2,0,NA,3,2,1,2,1,2,3,2,2,4,2,1,3,2,4,2,1,1,3,1,1
"R_295KGsSbAVRU4HD",2,32,5,3,2,0,NA,4,3,2,2,1,2,2,1,2,2,2,1,3,1,3,2,2,1,4,3,2
"R_2sSI1XYfgbItwXy",1,61,3,3,2,1,NA,1,3,1,2,1,2,1,1,2,3,2,2,2,1,3,2,1,1,1,3,1
"R_2sSI1XYfgbItwXy",1,61,3,3,2,1,NA,2,3,2,1,2,2,1,1,1,2,2,1,3,2,3,2,1,1,2,1,4
"R_2sSI1XYfgbItwXy",1,61,3,3,2,1,NA,3,1,2,1,2,2,1,1,1,4,2,2,2,2,2,2,2,1,3,1,2
"R_2sSI1XYfgbItwXy",1,61,3,3,2,1,NA,4,2,1,1,2,2,1,1,1,1,2,1,2,2,2,1,1,1,4,1,3
"R_5pYJIZBONADHzVv",2,53,6,2,1,1,NA,1,3,1,1,2,3,1,1,1,3,2,2,3,2,3,2,2,1,4,2,3
"R_5pYJIZBONADHzVv",2,53,6,2,1,1,NA,2,1,1,1,2,3,1,1,1,1,2,1,3,2,2,2,1,1,2,3,1
"R_5pYJIZBONADHzVv",2,53,6,2,1,1,NA,3,3,2,1,2,3,2,1,1,3,2,1,3,2,3,2,1,1,1,2,1
"R_5pYJIZBONADHzVv",2,53,6,2,1,1,NA,4,2,2,1,2,3,1,1,1,1,2,1,3,2,3,2,1,1,2,2,3
"R_cTQ6yfl8aEVjjjn",1,49,3,3,1,1,NA,1,3,2,2,1,2,1,1,1,3,2,2,2,2,3,3,1,1,4,3,3
"R_cTQ6yfl8aEVjjjn",1,49,3,3,1,1,NA,2,2,1,1,2,1,3,2,2,1,1,3,3,2,2,2,1,2,4,2,2
"R_cTQ6yfl8aEVjjjn",1,49,3,3,1,1,NA,3,1,2,2,1,2,3,1,1,3,2,1,2,1,1,2,2,1,1,1,3
"R_cTQ6yfl8aEVjjjn",1,49,3,3,1,1,NA,4,2,2,1,1,2,1,1,2,3,1,2,2,1,2,3,1,2,4,1,2
"R_3h5u8XJJ9XH4r3F",2,34,4,6,2,0,NA,1,3,1,1,1,2,2,2,2,3,1,3,2,1,3,2,1,1,1,3,3
"R_3h5u8XJJ9XH4r3F",2,34,4,6,2,0,NA,2,3,2,2,1,3,1,1,1,2,2,2,1,2,1,3,2,1,3,2,4
"R_3h5u8XJJ9XH4r3F",2,34,4,6,2,0,NA,3,3,2,1,2,3,3,1,1,2,1,2,3,2,2,1,2,1,2,3,1
"R_3h5u8XJJ9XH4r3F",2,34,4,6,2,0,NA,4,2,1,2,1,3,3,1,1,3,2,1,3,1,3,2,1,2,4,3,2
"R_8vx4yH6OkGWG013",2,68,3,4,2,1,NA,1,2,2,1,2,3,3,1,1,4,2,2,2,1,4,2,2,1,2,2,1
"R_8vx4yH6OkGWG013",2,68,3,4,2,1,NA,2,1,2,1,2,2,3,2,1,4,2,2,1,2,1,2,1,1,3,2,1
"R_8vx4yH6OkGWG013",2,68,3,4,2,1,NA,3,1,1,1,2,2,1,1,1,4,2,1,1,1,3,2,1,1,3,1,1
"R_8vx4yH6OkGWG013",2,68,3,4,2,1,NA,4,2,2,1,2,3,3,1,1,4,2,2,2,1,4,2,2,1,2,2,1
"R_234zLLEo5ND6wHm",1,32,5,3,2,1,NA,1,3,2,2,2,3,2,1,1,4,2,1,3,1,3,2,1,1,2,2,3
"R_234zLLEo5ND6wHm",1,32,5,3,2,1,NA,2,1,1,1,2,3,1,1,2,4,1,3,2,2,3,2,1,1,1,2,2
"R_234zLLEo5ND6wHm",1,32,5,3,2,1,NA,3,1,1,1,2,2,3,1,2,3,2,2,1,1,1,1,2,2,4,3,1
"R_234zLLEo5ND6wHm",1,32,5,3,2,1,NA,4,2,2,2,1,2,1,2,2,3,1,3,2,4,3,3,1,7,1,3,1
"R_9QWuViNu69Ph0dz",2,40,6,5,3,NA,1,1,3,1,1,2,2,3,1,1,4,2,3,2,2,3,2,1,1,1,1,2
"R_9QWuViNu69Ph0dz",2,40,6,5,3,NA,1,2,3,1,2,2,2,2,1,1,3,2,2,2,2,3,3,2,1,3,3,1
"R_9QWuViNu69Ph0dz",2,40,6,5,3,NA,1,3,3,2,1,2,2,3,2,1,1,1,3,1,2,1,2,1,2,4,2,3
"R_9QWuViNu69Ph0dz",2,40,6,5,3,NA,1,4,3,1,1,2,2,1,1,2,4,1,1,1,3,3,3,1,7,3,1,1
"R_2YW0pN3yIQV7P0L",1,57,6,4,3,NA,0,1,1,2,2,1,2,1,1,2,2,1,3,1,2,3,2,1,7,2,2,3
"R_2YW0pN3yIQV7P0L",1,57,6,4,3,NA,0,2,1,2,1,1,2,2,2,2,4,1,2,2,1,1,3,2,3,4,3,4
"R_2YW0pN3yIQV7P0L",1,57,6,4,3,NA,0,3,1,2,2,1,3,1,1,2,1,2,3,3,3,4,2,2,7,3,1,1
"R_2YW0pN3yIQV7P0L",1,57,6,4,3,NA,0,4,1,1,2,2,2,3,1,1,4,2,2,2,4,3,2,2,7,1,1,4
"R_20Zh7MsBpxohqTD",1,40,1,3,3,NA,1,1,1,1,2,1,2,1,1,2,3,1,2,1,3,3,2,2,2,3,3,1
"R_20Zh7MsBpxohqTD",1,40,1,3,3,NA,1,2,1,1,1,1,3,1,1,2,1,1,3,3,2,2,3,1,1,1,1,4
"R_20Zh7MsBpxohqTD",1,40,1,3,3,NA,1,3,1,1,1,1,2,1,2,2,4,1,3,2,1,1,3,2,1,1,1,2
"R_20Zh7MsBpxohqTD",1,40,1,3,3,NA,1,4,2,2,2,2,3,3,1,1,3,2,1,3,1,4,2,2,1,4,2,3
"R_3sjfoMKsBJwAUT0",2,32,5,2,2,0,NA,1,2,1,1,2,3,3,1,1,4,1,2,2,1,2,2,1,1,4,3,3
"R_3sjfoMKsBJwAUT0",2,32,5,2,2,0,NA,2,3,2,2,2,3,3,2,2,3,2,3,2,3,4,2,1,7,2,1,3
"R_3sjfoMKsBJwAUT0",2,32,5,2,2,0,NA,3,2,2,1,1,2,2,1,2,4,1,2,2,2,1,3,2,1,4,3,3
"R_3sjfoMKsBJwAUT0",2,32,5,2,2,0,NA,4,3,2,2,2,2,2,1,1,4,2,2,2,1,3,2,1,2,1,1,3
"R_2YVwlvYSJnzCuwa",2,26,5,5,3,NA,0,1,3,2,1,1,2,1,1,1,4,2,1,2,1,1,2,1,1,3,1,3
"R_2YVwlvYSJnzCuwa",2,26,5,5,3,NA,0,2,3,1,2,1,3,3,2,2,1,2,1,3,2,2,2,2,2,3,3,1
"R_2YVwlvYSJnzCuwa",2,26,5,5,3,NA,0,3,3,1,1,2,3,3,1,1,4,1,2,3,3,3,2,2,3,2,2,4
"R_2YVwlvYSJnzCuwa",2,26,5,5,3,NA,0,4,3,1,1,1,2,1,1,2,2,2,2,1,3,3,1,1,7,4,1,3
"R_1HqyBWexSobf1Uw",1,28,5,3,1,0,NA,1,1,1,2,1,3,2,1,2,1,1,2,2,2,3,2,1,1,1,2,3
"R_1HqyBWexSobf1Uw",1,28,5,3,1,0,NA,2,2,2,1,2,3,2,1,1,3,1,1,2,1,4,2,1,1,2,1,3
"R_1HqyBWexSobf1Uw",1,28,5,3,1,0,NA,3,2,1,1,1,3,3,1,2,2,1,3,2,2,2,2,1,1,2,2,3
"R_1HqyBWexSobf1Uw",1,28,5,3,1,0,NA,4,2,2,2,1,3,3,1,1,4,2,1,2,2,4,2,2,1,2,3,1
"R_24MMZ6HnPDG31mV",2,28,5,3,3,NA,-1,1,1,1,2,2,3,3,1,1,3,2,1,3,1,3,2,2,1,2,1,1
"R_24MMZ6HnPDG31mV",2,28,5,3,3,NA,-1,2,3,2,2,1,2,2,2,2,4,2,1,3,2,2,3,1,1,3,3,3
"R_24MMZ6HnPDG31mV",2,28,5,3,3,NA,-1,3,3,2,2,1,2,3,1,2,2,1,2,2,2,3,1,1,2,2,2,4
"R_24MMZ6HnPDG31mV",2,28,5,3,3,NA,-1,4,2,2,1,1,2,2,2,2,3,1,2,2,3,2,1,2,3,1,1,2
"R_2YmKV5niM6oPK6c",2,19,3,5,3,NA,-1,1,2,1,1,1,3,3,1,1,3,1,2,3,2,2,2,1,1,1,2,1
"R_2YmKV5niM6oPK6c",2,19,3,5,3,NA,-1,2,2,2,1,2,3,3,1,2,2,2,1,3,1,4,2,1,1,3,1,3
"R_2YmKV5niM6oPK6c",2,19,3,5,3,NA,-1,3,3,2,2,2,2,2,1,2,1,2,1,2,1,4,3,2,1,1,3,4
"R_2YmKV5niM6oPK6c",2,19,3,5,3,NA,-1,4,1,2,2,2,1,1,1,2,4,2,1,3,4,2,2,1,1,2,2,3
"R_3PSPtxz2sR2MGup",1,44,4,3,3,NA,1,1,3,1,1,1,3,3,1,2,1,1,3,3,2,2,2,1,1,2,2,1
"R_3PSPtxz2sR2MGup",1,44,4,3,3,NA,1,2,3,2,2,1,2,3,1,2,2,1,2,3,2,3,2,1,2,3,3,2
"R_3PSPtxz2sR2MGup",1,44,4,3,3,NA,1,3,3,1,2,1,2,1,1,2,3,1,2,3,1,4,2,1,7,4,2,4
"R_3PSPtxz2sR2MGup",1,44,4,3,3,NA,1,4,2,2,2,2,2,2,1,1,4,2,1,3,1,4,2,2,1,1,2,3
"R_1C22x6VWlbjcfHH",1,31,4,5,1,0,NA,1,3,1,2,1,2,2,1,2,4,2,2,1,3,4,2,1,1,3,3,2
"R_1C22x6VWlbjcfHH",1,31,4,5,1,0,NA,2,1,2,2,1,2,2,1,1,3,2,1,2,2,4,2,2,1,4,1,2
"R_1C22x6VWlbjcfHH",1,31,4,5,1,0,NA,3,2,1,2,2,2,2,1,1,2,2,2,1,2,4,2,1,1,1,3,1
"R_1C22x6VWlbjcfHH",1,31,4,5,1,0,NA,4,3,2,1,2,3,3,1,1,1,1,2,3,1,4,2,2,1,2,1,2
"R_s6xIcI79XWEpVzX",1,33,5,4,1,0,NA,1,3,2,2,2,2,2,1,1,4,2,2,2,1,3,1,1,1,3,3,1
"R_s6xIcI79XWEpVzX",1,33,5,4,1,0,NA,2,1,2,1,1,3,1,1,1,3,1,2,1,4,2,1,1,1,4,1,4
"R_s6xIcI79XWEpVzX",1,33,5,4,1,0,NA,3,2,2,1,1,2,2,2,1,3,1,2,1,1,4,1,2,1,4,1,3
"R_s6xIcI79XWEpVzX",1,33,5,4,1,0,NA,4,2,1,1,1,1,3,1,1,4,2,2,2,1,1,2,1,7,4,2,3
"R_3jdPRzmWtu4SjTt",2,30,5,2,3,NA,1,1,1,1,2,1,2,1,1,2,2,2,1,2,1,2,3,1,1,1,2,3
"R_3jdPRzmWtu4SjTt",2,30,5,2,3,NA,1,2,3,1,2,1,2,3,1,2,1,1,2,1,3,4,2,2,1,1,3,4
"R_3jdPRzmWtu4SjTt",2,30,5,2,3,NA,1,3,3,2,2,2,3,3,1,1,2,2,2,2,2,3,2,1,1,2,1,1
"R_3jdPRzmWtu4SjTt",2,30,5,2,3,NA,1,4,1,1,1,1,3,1,1,2,2,1,3,2,2,1,1,1,3,4,2,1
"R_T6pL7Uk6thRA2kx",1,26,3,3,2,1,NA,1,3,1,2,1,2,2,1,1,3,1,1,3,1,4,2,1,1,1,1,3
"R_T6pL7Uk6thRA2kx",1,26,3,3,2,1,NA,2,3,2,1,1,3,3,2,1,3,1,1,3,2,4,2,1,1,1,1,3
"R_T6pL7Uk6thRA2kx",1,26,3,3,2,1,NA,3,3,2,2,2,3,3,1,2,3,2,1,3,2,2,3,2,1,2,2,3
"R_T6pL7Uk6thRA2kx",1,26,3,3,2,1,NA,4,1,1,2,2,2,2,2,1,3,2,1,2,3,2,2,1,1,4,1,3
"R_3ISKTWSNRYtRYP9",2,42,6,3,3,NA,1,1,2,2,1,1,3,3,2,2,1,2,1,2,2,4,2,1,1,2,2,1
"R_3ISKTWSNRYtRYP9",2,42,6,3,3,NA,1,2,3,2,1,1,1,1,1,1,2,1,3,1,1,3,3,2,1,3,1,2
"R_3ISKTWSNRYtRYP9",2,42,6,3,3,NA,1,3,3,1,2,2,2,2,1,2,3,2,1,3,1,2,2,2,1,1,2,3
"R_3ISKTWSNRYtRYP9",2,42,6,3,3,NA,1,4,1,1,1,2,2,1,2,2,1,2,1,1,3,3,2,1,1,4,3,4
"R_3ISO0tPN4XQBDWR",2,46,6,5,2,1,NA,1,2,1,1,1,2,3,1,2,2,1,3,2,1,3,2,1,1,1,1,2
"R_3ISO0tPN4XQBDWR",2,46,6,5,2,1,NA,2,2,2,2,2,2,1,1,1,3,2,1,2,2,4,2,2,1,4,2,3
"R_3ISO0tPN4XQBDWR",2,46,6,5,2,1,NA,3,2,2,2,2,2,3,1,1,3,2,1,2,1,3,2,2,1,2,3,3
"R_3ISO0tPN4XQBDWR",2,46,6,5,2,1,NA,4,3,1,1,2,3,3,1,2,3,1,2,2,2,3,2,2,1,1,1,2
"R_3LchFOOYATpdpCk",2,25,5,2,3,NA,0,1,3,1,2,2,3,3,1,1,3,2,1,2,1,3,2,2,1,1,2,1
"R_3LchFOOYATpdpCk",2,25,5,2,3,NA,0,2,3,2,1,2,2,2,1,1,3,2,1,2,1,3,2,2,1,3,2,2
"R_3LchFOOYATpdpCk",2,25,5,2,3,NA,0,3,2,1,1,2,3,2,1,1,4,1,1,2,2,3,2,1,1,2,2,3
"R_3LchFOOYATpdpCk",2,25,5,2,3,NA,0,4,2,2,1,1,2,3,1,2,2,1,2,2,1,2,2,1,1,4,3,3
"R_pguIQRK90zNFgK5",2,38,5,2,2,1,NA,1,3,1,1,1,2,3,1,2,3,1,3,1,2,3,2,1,1,4,3,1
"R_pguIQRK90zNFgK5",2,38,5,2,2,1,NA,2,2,1,1,1,3,3,2,2,4,1,3,1,2,3,2,1,1,1,3,4
"R_pguIQRK90zNFgK5",2,38,5,2,2,1,NA,3,2,1,2,2,2,2,1,1,1,2,1,2,1,3,2,2,1,2,1,1
"R_pguIQRK90zNFgK5",2,38,5,2,2,1,NA,4,1,1,1,2,2,1,1,1,2,2,1,2,4,1,1,1,2,3,1,4
"R_1F2FA7GklmsAn45",2,33,5,1,2,0,NA,1,1,1,2,1,2,2,1,1,1,2,2,2,2,4,2,2,1,2,1,2
"R_1F2FA7GklmsAn45",2,33,5,1,2,0,NA,2,3,1,1,1,2,2,2,2,3,1,3,3,1,2,2,1,1,1,2,3
"R_1F2FA7GklmsAn45",2,33,5,1,2,0,NA,3,2,2,1,2,2,1,2,1,4,2,2,1,4,3,2,2,2,4,2,4
"R_1F2FA7GklmsAn45",2,33,5,1,2,0,NA,4,2,1,1,2,2,1,1,1,1,2,2,2,1,3,2,2,2,3,3,2
"R_1GxMkFVv0YkLMXH",1,48,3,2,3,NA,-1,1,1,1,1,2,2,3,1,1,3,1,3,2,2,3,2,1,1,3,1,1
"R_1GxMkFVv0YkLMXH",1,48,3,2,3,NA,-1,2,2,1,2,2,2,2,1,1,1,2,2,2,1,4,2,2,1,2,2,3
"R_1GxMkFVv0YkLMXH",1,48,3,2,3,NA,-1,3,1,1,2,1,3,1,1,2,2,1,3,1,3,2,2,1,1,4,2,2
"R_1GxMkFVv0YkLMXH",1,48,3,2,3,NA,-1,4,3,1,1,2,2,1,1,1,1,2,2,1,3,4,2,2,1,3,1,4
"R_plvupaEvbTbVGXn",2,49,6,2,2,0,NA,1,3,2,1,1,3,2,1,1,3,2,2,3,2,4,2,1,1,3,3,1
"R_plvupaEvbTbVGXn",2,49,6,2,2,0,NA,2,3,2,1,2,3,2,1,2,3,2,1,3,2,3,2,1,1,4,1,2
"R_plvupaEvbTbVGXn",2,49,6,2,2,0,NA,3,3,2,1,1,2,3,1,1,2,1,2,3,1,3,2,1,1,2,2,4
"R_plvupaEvbTbVGXn",2,49,6,2,2,0,NA,4,2,1,2,2,2,2,1,2,1,2,2,2,1,3,2,2,1,3,2,3
"R_2YzI1e59bIxvH70",1,34,3,2,1,1,NA,1,2,2,2,2,3,3,1,2,3,2,1,2,1,3,2,2,1,3,2,1
"R_2YzI1e59bIxvH70",1,34,3,2,1,1,NA,2,1,2,2,1,2,1,1,1,1,2,3,1,4,1,1,1,2,1,3,3
"R_2YzI1e59bIxvH70",1,34,3,2,1,1,NA,3,3,1,1,2,3,2,1,1,2,1,2,2,2,3,2,2,1,4,1,2
"R_2YzI1e59bIxvH70",1,34,3,2,1,1,NA,4,1,2,1,1,2,1,2,1,2,1,3,1,3,2,3,1,1,3,1,4
"R_3QFU04hg2igrbtF",1,46,3,4,1,0,NA,1,1,2,1,1,2,2,1,1,1,1,1,2,3,2,2,1,1,2,1,1
"R_3QFU04hg2igrbtF",1,46,3,4,1,0,NA,2,2,1,1,1,2,2,2,1,3,1,1,1,2,3,2,2,1,1,1,2
"R_3QFU04hg2igrbtF",1,46,3,4,1,0,NA,3,1,2,2,1,1,1,1,1,2,1,2,1,3,2,1,1,2,1,2,4
"R_3QFU04hg2igrbtF",1,46,3,4,1,0,NA,4,1,2,2,1,3,1,1,2,2,2,3,1,2,1,3,1,3,3,3,1
"R_1jCBpcbtmJZdnZH",1,35,5,5,1,0,NA,1,2,2,2,1,3,3,1,1,1,2,1,2,2,3,2,1,1,4,3,1
"R_1jCBpcbtmJZdnZH",1,35,5,5,1,0,NA,2,1,1,2,1,2,2,2,2,1,2,3,2,2,2,2,1,2,4,2,3
"R_1jCBpcbtmJZdnZH",1,35,5,5,1,0,NA,3,2,1,2,2,3,1,1,1,3,2,1,2,1,2,2,1,1,1,3,2
"R_1jCBpcbtmJZdnZH",1,35,5,5,1,0,NA,4,1,2,2,1,3,2,1,1,4,2,2,2,4,2,2,1,3,3,3,4
"R_3PtUMaRYEyIrgis",2,29,2,2,3,NA,0,1,3,2,2,2,2,1,1,2,3,1,1,1,2,1,3,2,1,2,1,1
"R_3PtUMaRYEyIrgis",2,29,2,2,3,NA,0,2,1,2,2,2,2,1,2,2,2,1,2,1,3,3,2,1,3,1,3,4
"R_3PtUMaRYEyIrgis",2,29,2,2,3,NA,0,3,2,2,2,1,3,2,1,1,1,2,1,2,1,2,2,1,1,4,2,2
"R_3PtUMaRYEyIrgis",2,29,2,2,3,NA,0,4,2,2,2,2,2,1,2,2,4,2,3,2,4,4,3,1,7,2,2,3
"R_1C8T2CY34Za9LGm",1,47,6,5,1,0,NA,1,1,1,2,1,2,2,1,2,3,1,3,2,1,3,2,1,1,2,3,1
"R_1C8T2CY34Za9LGm",1,47,6,5,1,0,NA,2,1,2,1,2,3,1,1,1,1,2,2,2,2,1,1,1,1,1,1,4
"R_1C8T2CY34Za9LGm",1,47,6,5,1,0,NA,3,2,2,2,1,2,3,1,1,3,2,2,3,1,3,2,2,1,4,2,4
"R_1C8T2CY34Za9LGm",1,47,6,5,1,0,NA,4,3,2,2,2,2,2,1,1,4,2,1,3,1,4,1,2,1,1,1,3
"R_2ZTGy2z3kgNmv44",2,48,4,2,3,NA,0,1,2,2,1,1,2,2,1,1,4,1,2,3,2,3,2,1,1,3,1,1
"R_2ZTGy2z3kgNmv44",2,48,4,2,3,NA,0,2,3,1,2,1,3,3,1,2,1,2,1,2,1,4,2,1,1,2,2,2
"R_2ZTGy2z3kgNmv44",2,48,4,2,3,NA,0,3,1,2,2,1,2,1,2,2,2,2,1,3,2,1,3,1,1,4,3,3
"R_2ZTGy2z3kgNmv44",2,48,4,2,3,NA,0,4,3,2,1,2,2,3,1,2,1,1,1,2,1,3,2,2,1,1,1,2
"R_w7sptoyGtRHoDWp",2,29,3,3,1,1,NA,1,3,1,2,2,3,2,1,1,3,2,1,2,2,4,2,2,1,4,2,4
"R_w7sptoyGtRHoDWp",2,29,3,3,1,1,NA,2,2,2,2,1,3,2,1,2,2,2,1,2,1,3,2,1,1,2,1,2
"R_w7sptoyGtRHoDWp",2,29,3,3,1,1,NA,3,1,2,1,2,2,2,1,2,4,1,3,2,2,3,2,1,1,3,1,1
"R_w7sptoyGtRHoDWp",2,29,3,3,1,1,NA,4,1,1,1,1,3,3,1,2,3,1,3,3,2,3,2,1,1,1,1,3
"R_3e5mipHcQNTcM4H",1,22,3,4,2,0,NA,1,2,1,1,2,2,2,2,2,4,1,3,2,1,3,2,1,7,4,3,2
"R_3e5mipHcQNTcM4H",1,22,3,4,2,0,NA,2,2,2,1,2,2,2,1,1,1,1,1,2,1,2,2,1,1,3,2,2
"R_3e5mipHcQNTcM4H",1,22,3,4,2,0,NA,3,1,2,2,2,2,1,1,1,1,2,1,2,2,3,2,2,1,1,3,2
"R_3e5mipHcQNTcM4H",1,22,3,4,2,0,NA,4,3,1,1,1,3,3,1,2,4,1,3,2,2,3,2,2,1,2,2,4
"R_1Ivn2NYw4KsNArF",2,44,3,3,2,1,NA,1,2,2,2,2,3,2,2,1,3,2,1,3,2,3,2,1,1,4,2,2
"R_1Ivn2NYw4KsNArF",2,44,3,3,2,1,NA,2,3,1,2,1,3,2,1,2,2,1,3,3,2,2,2,2,2,2,2,4
"R_1Ivn2NYw4KsNArF",2,44,3,3,2,1,NA,3,2,2,2,1,3,1,1,2,2,1,3,3,2,3,2,2,1,3,3,1
"R_1Ivn2NYw4KsNArF",2,44,3,3,2,1,NA,4,3,1,2,2,3,2,1,1,2,2,1,3,2,3,2,2,1,3,1,1
"R_1MSMEwSiBgoIaAo",2,44,5,1,2,0,NA,1,2,2,2,1,2,3,1,1,4,2,2,2,2,3,2,2,1,3,3,3
"R_1MSMEwSiBgoIaAo",2,44,5,1,2,0,NA,2,1,1,1,2,2,3,2,2,2,1,3,2,1,3,2,1,1,2,1,2
"R_1MSMEwSiBgoIaAo",2,44,5,1,2,0,NA,3,2,1,1,2,2,2,2,2,1,1,3,2,2,3,2,1,1,1,2,4
"R_1MSMEwSiBgoIaAo",2,44,5,1,2,0,NA,4,1,1,2,2,2,1,1,2,3,2,2,2,1,3,2,1,1,2,3,3
"R_3stc8ZRNAgAkAAp",1,31,2,2,3,NA,0,1,3,1,1,2,1,3,1,2,1,2,3,1,3,2,2,2,1,1,2,2
"R_3stc8ZRNAgAkAAp",1,31,2,2,3,NA,0,2,2,1,2,2,2,3,1,1,3,2,3,2,1,3,2,2,1,2,2,3
"R_3stc8ZRNAgAkAAp",1,31,2,2,3,NA,0,3,2,2,2,1,2,2,1,1,2,1,1,2,1,3,2,1,1,2,2,3
"R_3stc8ZRNAgAkAAp",1,31,2,2,3,NA,0,4,3,2,1,1,2,2,1,1,4,1,2,2,4,1,2,1,1,2,3,1
"R_2ar7o6X4Bc0kIdE",1,32,3,2,3,NA,-1,1,2,1,1,1,3,3,1,2,1,1,2,3,2,3,2,1,1,2,2,3
"R_2ar7o6X4Bc0kIdE",1,32,3,2,3,NA,-1,2,1,2,1,1,2,2,1,1,2,2,2,2,1,3,2,2,1,3,1,1
"R_2ar7o6X4Bc0kIdE",1,32,3,2,3,NA,-1,3,1,1,1,2,2,3,1,1,1,2,1,3,1,3,2,2,1,4,3,4
"R_2ar7o6X4Bc0kIdE",1,32,3,2,3,NA,-1,4,1,1,1,2,2,3,1,1,2,2,1,2,1,3,2,2,1,3,1,1
"R_3oyy68q1aZG00Wq",1,35,6,5,3,NA,0,1,1,2,2,1,3,1,1,1,2,2,1,2,2,3,2,2,1,4,3,2
"R_3oyy68q1aZG00Wq",1,35,6,5,3,NA,0,2,3,2,1,2,2,2,1,1,3,2,2,3,1,4,3,2,1,4,3,1
"R_3oyy68q1aZG00Wq",1,35,6,5,3,NA,0,3,3,1,2,2,2,1,1,1,2,2,1,3,3,3,3,2,1,3,1,3
"R_3oyy68q1aZG00Wq",1,35,6,5,3,NA,0,4,1,2,2,2,3,1,2,1,3,2,1,2,2,4,2,1,1,3,2,2
"R_3MaqvDM4H8tRrr6",1,46,3,4,2,1,NA,1,2,1,1,2,2,1,2,2,2,1,1,2,2,3,2,1,1,3,1,3
"R_3MaqvDM4H8tRrr6",1,46,3,4,2,1,NA,2,2,2,1,1,2,1,1,1,1,1,3,2,4,2,2,2,1,2,2,4
"R_3MaqvDM4H8tRrr6",1,46,3,4,2,1,NA,3,1,1,1,2,2,1,1,1,2,1,1,1,3,1,2,1,2,2,2,2
"R_3MaqvDM4H8tRrr6",1,46,3,4,2,1,NA,4,3,1,2,1,3,2,1,2,4,1,3,3,2,4,2,2,3,3,3,4
"R_2THmsk7yagdWrXy",2,32,3,1,2,0,NA,1,3,1,2,1,3,3,2,2,3,1,2,3,2,2,2,1,1,4,2,1
"R_2THmsk7yagdWrXy",2,32,3,1,2,0,NA,2,2,2,2,1,3,2,1,1,4,2,1,2,1,3,2,2,1,4,3,2
"R_2THmsk7yagdWrXy",2,32,3,1,2,0,NA,3,3,1,1,2,2,1,2,1,1,1,2,2,3,2,2,1,1,1,1,4
"R_2THmsk7yagdWrXy",2,32,3,1,2,0,NA,4,1,2,2,1,2,3,1,2,2,2,2,2,2,1,1,1,1,2,2,4
"R_3KNteGjquR5Clwy",1,28,5,6,2,0,NA,1,1,1,2,2,3,3,1,1,2,2,1,2,2,4,2,1,1,2,1,1
"R_3KNteGjquR5Clwy",1,28,5,6,2,0,NA,2,2,1,1,2,2,1,1,1,3,2,2,2,1,3,2,2,1,3,1,4
"R_3KNteGjquR5Clwy",1,28,5,6,2,0,NA,3,3,2,1,1,2,3,1,2,4,1,3,2,1,2,2,1,1,1,3,4
"R_3KNteGjquR5Clwy",1,28,5,6,2,0,NA,4,1,1,2,1,2,1,1,2,1,2,3,2,1,4,2,2,2,2,1,3
"R_2a8HjahjI397289",1,26,5,1,3,NA,1,1,1,2,2,1,2,1,2,1,1,2,2,2,1,3,2,1,7,4,2,3
"R_2a8HjahjI397289",1,26,5,1,3,NA,1,2,2,1,1,2,2,3,1,2,4,1,3,2,3,3,2,1,1,1,3,2
"R_2a8HjahjI397289",1,26,5,1,3,NA,1,3,2,2,1,1,2,3,1,1,4,2,2,2,1,3,2,1,1,3,2,4
"R_2a8HjahjI397289",1,26,5,1,3,NA,1,4,3,1,2,2,3,3,1,1,2,1,2,2,2,4,2,2,1,1,1,3
"R_Cli3wh40CfdUNIR",1,20,3,5,2,0,NA,1,3,2,2,1,2,1,1,1,1,2,2,1,1,4,2,1,1,4,2,2
"R_Cli3wh40CfdUNIR",1,20,3,5,2,0,NA,2,1,2,2,1,2,1,1,1,1,2,2,1,4,2,2,1,1,4,2,1
"R_Cli3wh40CfdUNIR",1,20,3,5,2,0,NA,3,1,2,1,1,2,1,1,1,3,1,3,2,1,3,2,1,3,1,2,3
"R_Cli3wh40CfdUNIR",1,20,3,5,2,0,NA,4,2,2,1,2,2,1,2,1,1,2,2,2,1,3,2,1,2,4,1,1
"R_3ktPQqfnApmzFp6",2,43,6,5,2,0,NA,1,1,2,1,1,3,3,2,2,2,1,3,2,2,3,2,1,1,1,3,1
"R_3ktPQqfnApmzFp6",2,43,6,5,2,0,NA,2,3,2,2,2,3,2,1,1,4,2,2,3,1,4,2,2,1,4,2,4
"R_3ktPQqfnApmzFp6",2,43,6,5,2,0,NA,3,3,1,1,1,2,3,1,2,1,1,2,2,1,2,2,2,7,2,3,3
"R_3ktPQqfnApmzFp6",2,43,6,5,2,0,NA,4,3,1,2,2,3,2,1,2,1,1,1,3,1,4,3,2,1,3,1,1
"R_2fdKO4EwexWLCU2",2,39,3,3,3,NA,0,1,1,1,2,1,3,2,1,2,1,1,2,3,2,3,2,1,1,1,3,1
"R_2fdKO4EwexWLCU2",2,39,3,3,3,NA,0,2,1,1,2,1,2,1,1,2,2,1,3,3,2,2,2,2,2,4,1,3
"R_2fdKO4EwexWLCU2",2,39,3,3,3,NA,0,3,3,2,2,2,2,3,1,1,1,2,1,3,2,3,2,2,1,4,2,2
"R_2fdKO4EwexWLCU2",2,39,3,3,3,NA,0,4,1,2,2,1,2,1,2,2,4,1,2,3,1,4,3,1,1,1,2,2
"R_2WZtsTGkqjQ6qB3",1,27,3,2,2,0,NA,1,3,2,1,1,3,2,1,1,1,1,2,2,1,3,2,2,1,1,1,3
"R_2WZtsTGkqjQ6qB3",1,27,3,2,2,0,NA,2,3,1,1,2,2,3,1,1,2,2,2,3,2,2,2,2,1,3,2,1
"R_2WZtsTGkqjQ6qB3",1,27,3,2,2,0,NA,3,1,1,2,2,2,1,1,1,1,2,1,2,4,2,3,1,1,4,3,3
"R_2WZtsTGkqjQ6qB3",1,27,3,2,2,0,NA,4,3,1,1,2,2,1,2,2,4,1,2,1,3,1,1,1,1,1,2,4
"R_2Y944lA53Br92SQ",2,26,5,3,3,NA,1,1,3,1,1,2,3,3,1,2,3,2,1,3,2,3,2,2,1,1,2,3
"R_2Y944lA53Br92SQ",2,26,5,3,3,NA,1,2,2,1,1,1,3,2,1,2,4,1,2,3,1,3,2,1,1,3,2,2
"R_2Y944lA53Br92SQ",2,26,5,3,3,NA,1,3,3,2,2,2,3,1,1,1,4,2,1,3,1,4,2,2,1,2,2,1
"R_2Y944lA53Br92SQ",2,26,5,3,3,NA,1,4,3,1,1,1,3,3,1,2,2,2,2,3,2,3,2,1,1,2,3,3
"R_yW1Uu1ChM8R0fOF",2,40,4,5,1,1,NA,1,1,2,1,1,2,2,1,2,4,1,3,2,2,3,3,1,1,1,2,1
"R_yW1Uu1ChM8R0fOF",2,40,4,5,1,1,NA,2,3,1,2,1,2,3,1,2,3,1,3,1,1,4,2,2,1,3,1,3
"R_yW1Uu1ChM8R0fOF",2,40,4,5,1,1,NA,3,2,2,2,2,3,2,1,1,2,2,1,2,2,3,2,2,1,4,2,2
"R_yW1Uu1ChM8R0fOF",2,40,4,5,1,1,NA,4,1,2,1,2,2,1,1,1,4,2,1,3,3,1,1,1,1,2,3,4
"R_bvH3cdpwd7NspP3",1,24,5,1,1,0,NA,1,2,2,2,2,2,3,1,1,2,2,2,3,2,3,2,2,1,4,3,3
"R_bvH3cdpwd7NspP3",1,24,5,1,1,0,NA,2,3,2,2,2,3,3,1,1,1,2,1,3,1,4,2,2,1,4,1,1
"R_bvH3cdpwd7NspP3",1,24,5,1,1,0,NA,3,2,2,1,2,3,3,1,1,3,2,2,3,2,2,2,2,7,2,3,4
"R_bvH3cdpwd7NspP3",1,24,5,1,1,0,NA,4,3,1,1,1,2,3,1,2,1,1,3,3,2,3,2,2,7,1,3,3
"R_3HMNnHNvuHeTgND",1,27,5,2,1,1,NA,1,1,2,2,2,3,2,1,1,1,2,1,2,1,2,2,2,1,1,1,2
"R_3HMNnHNvuHeTgND",1,27,5,2,1,1,NA,2,3,1,1,2,3,2,1,2,1,1,1,3,2,2,2,2,1,3,2,4
"R_3HMNnHNvuHeTgND",1,27,5,2,1,1,NA,3,2,2,2,1,3,1,1,1,4,1,1,2,1,3,2,1,1,2,3,2
"R_3HMNnHNvuHeTgND",1,27,5,2,1,1,NA,4,3,2,2,1,2,1,1,1,3,2,3,1,4,3,2,2,1,4,1,4
"R_3EtKIy8s3MxMZQg",1,26,5,1,3,NA,0,1,1,1,2,1,3,3,1,2,2,2,1,2,2,3,2,2,1,2,1,1
"R_3EtKIy8s3MxMZQg",1,26,5,1,3,NA,0,2,3,2,2,2,3,2,1,1,4,2,1,2,2,3,2,2,1,3,2,4
"R_3EtKIy8s3MxMZQg",1,26,5,1,3,NA,0,3,2,1,2,2,3,1,1,2,4,1,1,1,1,2,2,2,1,2,2,3
"R_3EtKIy8s3MxMZQg",1,26,5,1,3,NA,0,4,2,2,2,2,2,1,1,1,1,1,2,2,1,2,2,1,1,3,3,4
"R_1QnpYnHe5ejyAC4",1,26,2,4,3,NA,0,1,2,2,1,2,2,1,1,1,4,2,2,2,1,1,2,1,1,4,1,2
"R_1QnpYnHe5ejyAC4",1,26,2,4,3,NA,0,2,2,2,2,2,2,2,1,1,1,2,1,3,1,4,2,2,1,1,2,1
"R_1QnpYnHe5ejyAC4",1,26,2,4,3,NA,0,3,3,2,2,2,3,3,1,1,4,2,1,3,1,4,2,1,1,2,1,3
"R_1QnpYnHe5ejyAC4",1,26,2,4,3,NA,0,4,3,2,1,2,2,3,2,2,1,2,2,2,3,1,3,1,2,3,3,1
"R_2rTkpNjduCPno8K",2,62,5,3,3,NA,1,1,3,1,1,2,3,3,2,1,3,1,3,2,1,3,2,1,7,4,2,2
"R_2rTkpNjduCPno8K",2,62,5,3,3,NA,1,2,1,1,1,2,2,2,2,1,3,1,3,2,1,3,2,2,7,2,1,2
"R_2rTkpNjduCPno8K",2,62,5,3,3,NA,1,3,2,1,1,2,2,2,1,1,3,1,3,2,2,3,2,2,2,1,2,4
"R_2rTkpNjduCPno8K",2,62,5,3,3,NA,1,4,2,2,1,1,2,1,2,1,4,2,2,2,2,3,2,1,2,2,1,3
"R_2f1mazuAed470Eq",2,44,5,1,2,0,NA,1,1,1,1,1,3,2,1,2,3,1,3,2,2,1,1,1,1,4,1,2
"R_2f1mazuAed470Eq",2,44,5,1,2,0,NA,2,3,1,1,2,3,3,2,1,4,1,2,3,1,4,2,2,2,3,3,3
"R_2f1mazuAed470Eq",2,44,5,1,2,0,NA,3,2,1,2,2,2,1,2,1,1,2,1,1,3,3,2,1,1,1,2,4
"R_2f1mazuAed470Eq",2,44,5,1,2,0,NA,4,1,2,2,2,3,3,1,1,4,2,1,2,1,2,3,2,1,2,3,3
"R_1dax0Z9xczYH2bd",2,45,4,4,3,NA,1,1,1,2,2,1,2,2,1,2,2,2,1,1,1,2,2,2,1,1,1,1
"R_1dax0Z9xczYH2bd",2,45,4,4,3,NA,1,2,3,1,2,2,2,3,1,1,2,2,1,2,2,3,3,2,1,4,2,4
"R_1dax0Z9xczYH2bd",2,45,4,4,3,NA,1,3,2,2,2,1,2,1,2,2,1,2,1,1,3,1,1,1,1,3,3,2
"R_1dax0Z9xczYH2bd",2,45,4,4,3,NA,1,4,2,2,2,2,3,3,1,2,2,2,1,2,2,3,2,2,3,1,2,1
"R_3PnxLdj8t2dX6tg",2,36,5,2,1,0,NA,1,1,1,2,1,3,3,1,2,3,1,2,2,2,3,2,1,1,2,1,1
"R_3PnxLdj8t2dX6tg",2,36,5,2,1,0,NA,2,3,2,1,2,3,3,1,1,2,2,1,3,2,2,2,1,1,4,1,2
"R_3PnxLdj8t2dX6tg",2,36,5,2,1,0,NA,3,3,1,2,2,3,1,1,1,1,2,2,3,1,3,2,2,1,2,3,3
"R_3PnxLdj8t2dX6tg",2,36,5,2,1,0,NA,4,2,1,1,2,3,1,2,1,4,2,2,2,1,3,2,2,7,3,3,2
"R_3JmT53vnn9pq1lb",1,39,6,3,3,NA,-1,1,2,1,1,1,3,1,1,2,2,1,3,2,2,3,2,1,1,4,2,1
"R_3JmT53vnn9pq1lb",1,39,6,3,3,NA,-1,2,2,2,1,2,3,3,1,1,4,2,2,3,1,4,2,2,1,1,3,4
"R_3JmT53vnn9pq1lb",1,39,6,3,3,NA,-1,3,3,2,1,2,2,2,1,2,3,2,2,3,1,4,2,2,1,3,2,3
"R_3JmT53vnn9pq1lb",1,39,6,3,3,NA,-1,4,2,2,2,1,2,1,1,2,2,1,3,2,4,3,2,1,1,1,1,2
"R_23UepJMr5Zu9tSo",1,37,3,2,2,1,NA,1,2,1,1,1,3,2,1,2,3,1,3,3,2,3,2,1,1,1,3,2
"R_23UepJMr5Zu9tSo",1,37,3,2,2,1,NA,2,1,1,2,1,2,1,1,1,1,2,1,2,1,4,2,1,1,3,2,3
"R_23UepJMr5Zu9tSo",1,37,3,2,2,1,NA,3,1,1,1,2,3,1,2,2,4,1,2,2,2,2,2,1,1,4,1,1
"R_23UepJMr5Zu9tSo",1,37,3,2,2,1,NA,4,3,1,1,2,3,3,1,2,4,2,1,3,2,4,3,2,1,2,1,4
"R_20Uoarb6VbUg4LT",2,24,3,2,2,0,NA,1,3,1,1,2,1,2,1,2,3,2,1,2,1,3,2,2,1,3,1,3
"R_20Uoarb6VbUg4LT",2,24,3,2,2,0,NA,2,2,1,1,1,2,1,1,1,2,1,3,1,3,3,2,1,1,1,3,1
"R_20Uoarb6VbUg4LT",2,24,3,2,2,0,NA,3,2,1,2,2,2,1,1,2,4,2,2,1,2,3,2,1,1,2,2,2
"R_20Uoarb6VbUg4LT",2,24,3,2,2,0,NA,4,1,2,2,1,2,1,1,2,1,2,2,1,2,2,2,1,1,4,3,4
"R_ByMWf3DIgh5gOfT",2,26,3,3,3,NA,0,1,2,2,1,1,2,3,1,1,3,1,2,2,1,2,2,1,1,1,1,1
"R_ByMWf3DIgh5gOfT",2,26,3,3,3,NA,0,2,1,1,2,2,2,2,1,1,1,2,1,3,2,4,2,1,7,3,3,2
"R_ByMWf3DIgh5gOfT",2,26,3,3,3,NA,0,3,2,1,2,1,2,3,1,1,4,2,2,1,1,1,3,2,2,2,3,4
"R_ByMWf3DIgh5gOfT",2,26,3,3,3,NA,0,4,1,1,1,2,1,1,1,1,1,1,2,1,2,2,3,2,1,3,1,3
"R_3NDj27p06wB4WdC",2,24,5,2,2,1,NA,1,1,1,1,1,2,2,1,2,2,1,2,2,2,3,2,1,1,4,2,2
"R_3NDj27p06wB4WdC",2,24,5,2,2,1,NA,2,1,1,1,2,2,3,1,1,3,1,1,2,2,3,2,1,1,1,3,3
"R_3NDj27p06wB4WdC",2,24,5,2,2,1,NA,3,2,1,2,2,3,3,1,1,1,2,1,3,1,4,2,2,1,2,1,1
"R_3NDj27p06wB4WdC",2,24,5,2,2,1,NA,4,2,1,1,2,2,1,1,1,2,2,2,2,2,3,2,1,1,4,2,1
"R_2aVPemAfiHY0ke1",1,35,5,4,3,NA,1,1,3,1,2,1,3,3,1,2,3,1,2,3,2,3,2,2,2,2,1,1
"R_2aVPemAfiHY0ke1",1,35,5,4,3,NA,1,2,1,2,2,2,2,1,1,1,2,2,1,2,1,4,2,1,1,3,3,3
"R_2aVPemAfiHY0ke1",1,35,5,4,3,NA,1,3,3,2,1,2,2,2,1,1,2,2,2,3,2,2,3,2,1,1,1,4
"R_2aVPemAfiHY0ke1",1,35,5,4,3,NA,1,4,1,1,1,2,2,3,2,1,4,2,3,2,3,3,2,1,1,4,2,2
"R_2vjqasJlYDnpM4d",1,42,5,5,2,1,NA,1,3,2,2,1,2,2,1,1,4,2,2,3,2,4,2,2,1,2,3,3
"R_2vjqasJlYDnpM4d",1,42,5,5,2,1,NA,2,1,1,1,2,2,3,2,1,3,2,1,2,1,1,2,1,1,2,1,3
"R_2vjqasJlYDnpM4d",1,42,5,5,2,1,NA,3,1,1,2,1,2,3,1,2,4,1,2,2,1,3,2,1,1,1,2,2
"R_2vjqasJlYDnpM4d",1,42,5,5,2,1,NA,4,2,2,1,1,3,2,1,2,2,2,2,3,2,3,2,1,1,3,1,1
"R_3kiczTDOHLbca14",2,29,5,4,3,NA,-1,1,1,1,2,2,3,2,1,1,2,2,1,2,1,4,2,2,1,4,2,2
"R_3kiczTDOHLbca14",2,29,5,4,3,NA,-1,2,2,1,2,2,2,3,2,1,2,2,1,2,2,3,2,2,1,2,1,3
"R_3kiczTDOHLbca14",2,29,5,4,3,NA,-1,3,1,1,2,1,3,1,2,2,2,1,3,1,3,2,1,1,2,1,3,4
"R_3kiczTDOHLbca14",2,29,5,4,3,NA,-1,4,2,1,2,1,1,1,2,2,1,2,3,1,3,1,3,1,2,3,3,3
"R_1FzvGsdzp6bZ1JO",2,38,5,4,1,0,NA,1,2,1,2,2,3,2,1,1,1,2,1,2,1,3,2,2,1,2,1,4
"R_1FzvGsdzp6bZ1JO",2,38,5,4,1,0,NA,2,3,1,1,2,3,3,1,1,4,2,2,2,2,4,2,2,1,3,3,3
"R_1FzvGsdzp6bZ1JO",2,38,5,4,1,0,NA,3,1,2,2,1,3,1,1,2,1,1,3,1,3,2,2,2,1,2,3,4
"R_1FzvGsdzp6bZ1JO",2,38,5,4,1,0,NA,4,1,2,2,1,3,1,1,2,1,1,2,1,3,4,2,2,1,4,1,1
"R_2xzYqvB3sQiWRk1",2,35,6,3,2,1,NA,1,3,1,1,1,3,3,1,2,3,1,2,3,1,3,2,2,1,4,2,2
"R_2xzYqvB3sQiWRk1",2,35,6,3,2,1,NA,2,2,1,1,2,3,3,1,1,1,2,2,3,1,3,2,1,1,2,1,1
"R_2xzYqvB3sQiWRk1",2,35,6,3,2,1,NA,3,3,2,1,1,3,3,1,2,2,1,2,3,2,3,2,2,1,3,3,4
"R_2xzYqvB3sQiWRk1",2,35,6,3,2,1,NA,4,1,2,1,2,3,3,1,1,4,2,2,3,2,3,2,1,1,1,1,3
"R_1o7IDJqDRHOtmob",2,34,6,2,1,1,NA,1,1,2,2,1,2,1,1,1,3,2,2,2,3,3,2,2,2,4,3,3
"R_1o7IDJqDRHOtmob",2,34,6,2,1,1,NA,2,2,2,2,1,3,2,1,1,4,2,2,3,2,3,2,1,1,1,2,2
"R_1o7IDJqDRHOtmob",2,34,6,2,1,1,NA,3,1,2,2,2,2,1,2,1,1,2,1,2,1,2,2,1,1,3,1,1
"R_1o7IDJqDRHOtmob",2,34,6,2,1,1,NA,4,3,2,1,1,3,3,1,2,2,1,3,3,4,4,3,1,1,2,1,4
"R_b9Pxyupebvv3t0B",1,36,3,2,3,NA,1,1,2,1,2,1,2,2,1,1,2,2,2,2,3,3,2,2,1,3,1,1
"R_b9Pxyupebvv3t0B",1,36,3,2,3,NA,1,2,2,2,2,2,3,3,1,1,3,2,1,3,1,4,2,1,2,4,2,2
"R_b9Pxyupebvv3t0B",1,36,3,2,3,NA,1,3,1,1,1,2,3,3,2,1,4,1,2,2,2,2,2,1,1,1,3,4
"R_b9Pxyupebvv3t0B",1,36,3,2,3,NA,1,4,1,1,1,1,2,3,2,2,4,1,3,3,2,2,2,1,1,2,1,2
"R_3PiURlcxN3RLOmc",1,38,5,3,2,1,NA,1,3,1,1,2,2,2,1,2,1,2,2,3,2,2,2,1,1,1,1,3
"R_3PiURlcxN3RLOmc",1,38,5,3,2,1,NA,2,3,1,1,2,2,3,1,2,1,2,2,3,2,2,2,1,1,2,1,3
"R_3PiURlcxN3RLOmc",1,38,5,3,2,1,NA,3,3,1,2,1,2,2,2,2,3,1,2,3,2,1,2,1,1,3,2,2
"R_3PiURlcxN3RLOmc",1,38,5,3,2,1,NA,4,1,1,1,1,2,1,1,2,2,2,2,2,2,3,2,2,1,4,3,1
"R_2bNqsesr3tnYHZp",1,28,5,1,3,NA,-1,1,2,2,2,1,2,1,1,1,1,2,1,3,2,4,2,1,1,3,2,2
"R_2bNqsesr3tnYHZp",1,28,5,1,3,NA,-1,2,1,1,2,2,2,1,1,1,2,2,1,2,2,3,2,2,1,1,3,1
"R_2bNqsesr3tnYHZp",1,28,5,1,3,NA,-1,3,1,2,2,2,3,3,2,1,3,2,1,3,1,3,2,1,1,1,1,1
"R_2bNqsesr3tnYHZp",1,28,5,1,3,NA,-1,4,1,1,1,1,3,2,1,2,4,1,3,2,2,4,2,1,1,4,1,4
"R_2pStNzWD2gbpCiF",1,18,3,2,2,0,NA,1,3,2,2,1,2,3,1,1,1,2,1,2,1,3,2,1,1,1,1,1
"R_2pStNzWD2gbpCiF",1,18,3,2,2,0,NA,2,1,1,2,2,3,2,1,1,4,1,1,3,1,2,2,2,1,4,3,4
"R_2pStNzWD2gbpCiF",1,18,3,2,2,0,NA,3,2,1,1,1,2,2,2,2,2,1,3,2,4,3,2,1,1,3,1,2
"R_2pStNzWD2gbpCiF",1,18,3,2,2,0,NA,4,2,2,1,2,2,1,1,1,2,2,2,3,2,4,1,1,1,4,1,4
"R_3F4pCbAe6ONdQo9",1,18,3,5,2,1,NA,1,3,1,1,2,3,2,1,1,1,1,1,3,2,4,2,2,1,4,1,1
"R_3F4pCbAe6ONdQo9",1,18,3,5,2,1,NA,2,3,2,2,1,3,3,1,2,4,2,2,3,4,3,2,1,1,1,1,2
"R_3F4pCbAe6ONdQo9",1,18,3,5,2,1,NA,3,3,2,1,1,1,1,1,2,2,1,3,1,1,3,1,1,1,3,1,4
"R_3F4pCbAe6ONdQo9",1,18,3,5,2,1,NA,4,3,1,1,2,2,2,1,2,1,1,2,2,3,4,2,2,1,2,3,3
"R_3rYXSoQLYM0K1xR",2,60,4,2,2,0,NA,1,1,2,2,2,2,1,2,2,4,1,3,1,3,3,2,1,3,4,3,3
"R_3rYXSoQLYM0K1xR",2,60,4,2,2,0,NA,2,2,2,2,1,2,2,2,1,1,1,3,1,3,3,2,1,3,2,3,1
"R_3rYXSoQLYM0K1xR",2,60,4,2,2,0,NA,3,1,1,1,2,3,2,2,2,1,1,2,1,1,3,2,1,1,1,1,1
"R_3rYXSoQLYM0K1xR",2,60,4,2,2,0,NA,4,2,1,1,2,2,2,1,1,2,2,1,1,1,3,2,1,1,2,1,3
"R_3QKTjvvVdg1hkhd",1,46,6,6,1,1,NA,1,2,1,2,1,3,2,2,2,3,1,2,2,2,3,2,1,7,2,3,2
"R_3QKTjvvVdg1hkhd",1,46,6,6,1,1,NA,2,3,1,2,1,2,3,1,1,4,2,3,3,4,2,1,2,1,1,1,4
"R_3QKTjvvVdg1hkhd",1,46,6,6,1,1,NA,3,1,2,2,1,2,3,1,1,1,2,2,2,1,3,2,2,2,3,3,3
"R_3QKTjvvVdg1hkhd",1,46,6,6,1,1,NA,4,3,1,1,1,3,2,2,2,4,1,3,2,4,4,2,2,2,4,2,3
"R_3HIf1FMaXVRAx45",1,30,5,5,3,NA,-1,1,2,1,1,1,2,3,1,2,3,1,3,2,2,3,2,1,1,4,2,1
"R_3HIf1FMaXVRAx45",1,30,5,5,3,NA,-1,2,3,1,2,1,2,1,1,2,3,1,2,2,1,4,2,2,1,1,1,2
"R_3HIf1FMaXVRAx45",1,30,5,5,3,NA,-1,3,1,2,1,2,3,1,1,1,4,2,2,2,2,3,2,2,1,3,1,1
"R_3HIf1FMaXVRAx45",1,30,5,5,3,NA,-1,4,1,1,1,2,2,1,2,1,3,1,2,1,3,3,2,1,7,4,3,2
"R_1oASvMsMw6Ilnom",2,42,5,1,2,1,NA,1,3,2,1,1,3,3,1,2,3,1,2,3,2,3,2,1,1,4,2,4
"R_1oASvMsMw6Ilnom",2,42,5,1,2,1,NA,2,1,2,1,1,2,1,1,2,2,1,2,2,2,3,2,1,1,3,3,1
"R_1oASvMsMw6Ilnom",2,42,5,1,2,1,NA,3,2,1,1,2,2,3,1,1,4,2,1,3,1,3,2,2,1,2,1,4
"R_1oASvMsMw6Ilnom",2,42,5,1,2,1,NA,4,1,2,2,1,2,1,1,1,4,2,1,1,3,4,2,1,7,3,1,4
"R_8Id418qy9PLus4J",2,39,5,1,2,1,NA,1,1,1,2,2,3,3,1,1,1,2,1,1,2,4,2,1,1,1,3,1
"R_8Id418qy9PLus4J",2,39,5,1,2,1,NA,2,3,2,2,2,3,2,1,1,3,2,1,1,2,4,2,1,1,3,1,2
"R_8Id418qy9PLus4J",2,39,5,1,2,1,NA,3,2,1,2,2,2,3,1,1,3,2,2,1,2,3,2,1,1,2,3,3
"R_8Id418qy9PLus4J",2,39,5,1,2,1,NA,4,1,2,2,1,2,2,2,2,2,2,2,1,1,3,2,1,1,4,2,4
"R_3FL2jJrvQrFkL73",1,29,3,1,3,NA,0,1,3,1,2,1,3,3,1,2,3,1,2,2,3,3,2,2,1,3,2,1
"R_3FL2jJrvQrFkL73",1,29,3,1,3,NA,0,2,3,2,2,1,3,2,2,2,3,1,2,2,3,3,3,1,1,2,3,2
"R_3FL2jJrvQrFkL73",1,29,3,1,3,NA,0,3,1,2,2,1,2,1,1,2,4,1,2,2,2,4,1,1,7,3,1,3
"R_3FL2jJrvQrFkL73",1,29,3,1,3,NA,0,4,2,2,2,1,3,2,1,2,1,1,1,2,2,4,2,2,1,4,2,2
"R_3L6AvicQ3535HLp",2,40,5,2,1,1,NA,1,1,2,2,2,3,3,1,1,4,2,1,2,2,3,2,2,1,1,1,3
"R_3L6AvicQ3535HLp",2,40,5,2,1,1,NA,2,1,2,1,2,2,1,2,2,3,2,3,2,1,2,2,1,1,4,3,2
"R_3L6AvicQ3535HLp",2,40,5,2,1,1,NA,3,1,2,1,1,2,3,1,2,2,1,2,2,2,1,3,1,7,3,2,1
"R_3L6AvicQ3535HLp",2,40,5,2,1,1,NA,4,3,2,2,1,2,3,1,2,1,1,1,3,2,4,2,2,1,2,1,3
"R_3G2OcouPTtoinFH",1,29,3,1,1,1,NA,1,3,2,1,2,2,2,1,1,3,2,3,3,1,1,1,1,1,2,3,4
"R_3G2OcouPTtoinFH",1,29,3,1,1,1,NA,2,1,2,2,2,2,3,2,1,4,2,3,3,2,3,2,1,1,4,1,1
"R_3G2OcouPTtoinFH",1,29,3,1,1,1,NA,3,3,2,1,1,3,3,1,2,1,1,3,3,2,2,2,2,2,3,2,2
"R_3G2OcouPTtoinFH",1,29,3,1,1,1,NA,4,3,1,1,1,2,3,1,1,2,1,2,3,2,3,2,1,1,1,1,3
"R_1mOfomyiHTs0pAn",1,23,5,3,2,1,NA,1,3,1,1,1,2,2,2,2,3,1,2,2,2,4,2,2,1,2,2,4
"R_1mOfomyiHTs0pAn",1,23,5,3,2,1,NA,2,2,1,1,2,2,3,1,1,1,1,2,3,1,4,3,1,1,3,3,1
"R_1mOfomyiHTs0pAn",1,23,5,3,2,1,NA,3,3,2,1,1,1,3,1,1,3,2,1,2,4,1,3,1,1,4,1,2
"R_1mOfomyiHTs0pAn",1,23,5,3,2,1,NA,4,1,2,2,1,3,1,1,1,1,2,1,3,2,3,3,1,1,4,1,3
"R_3MQCjMYhbaFcbF5",2,54,2,2,1,0,NA,1,3,2,1,1,2,2,1,2,4,1,3,2,2,3,2,1,1,3,2,1
"R_3MQCjMYhbaFcbF5",2,54,2,2,1,0,NA,2,1,1,2,1,2,1,1,1,1,2,2,1,3,2,2,1,2,4,2,4
"R_3MQCjMYhbaFcbF5",2,54,2,2,1,0,NA,3,3,2,2,2,2,2,1,1,2,2,1,2,1,3,2,2,1,2,1,2
"R_3MQCjMYhbaFcbF5",2,54,2,2,1,0,NA,4,2,1,1,2,2,1,2,2,2,1,2,1,3,2,3,1,1,4,2,3
"R_2tzhetiPaIIT4vJ",1,31,5,3,2,0,NA,1,3,2,1,1,2,3,1,2,2,1,2,1,1,3,2,2,1,3,2,1
"R_2tzhetiPaIIT4vJ",1,31,5,3,2,0,NA,2,2,2,2,2,2,3,1,1,3,2,1,2,1,3,2,2,1,2,1,1
"R_2tzhetiPaIIT4vJ",1,31,5,3,2,0,NA,3,2,1,1,2,2,2,2,2,1,1,2,1,3,2,2,1,1,1,2,3
"R_2tzhetiPaIIT4vJ",1,31,5,3,2,0,NA,4,3,1,2,2,2,2,1,2,1,1,3,1,4,2,2,1,1,2,3,1
"R_O7MrIaZG8H1joEF",2,34,5,1,1,0,NA,1,3,1,2,2,2,3,1,1,3,2,2,2,2,3,2,2,1,3,2,1
"R_O7MrIaZG8H1joEF",2,34,5,1,1,0,NA,2,2,1,1,2,3,3,1,2,4,2,2,2,2,3,2,1,1,1,3,2
"R_O7MrIaZG8H1joEF",2,34,5,1,1,0,NA,3,1,2,1,2,3,3,1,2,3,2,2,1,2,3,2,1,1,4,1,3
"R_O7MrIaZG8H1joEF",2,34,5,1,1,0,NA,4,2,2,1,2,2,3,1,1,4,2,2,2,2,3,2,1,1,1,3,1
"R_2rYkZ9Ljtdo4k6Z",2,41,5,4,3,NA,0,1,3,2,2,1,3,3,1,2,1,2,2,2,2,2,1,2,1,3,2,1
"R_2rYkZ9Ljtdo4k6Z",2,41,5,4,3,NA,0,2,3,1,1,2,2,2,1,1,3,1,3,2,3,3,2,1,2,4,3,2
"R_2rYkZ9Ljtdo4k6Z",2,41,5,4,3,NA,0,3,2,2,2,1,3,1,2,2,2,2,2,1,1,1,1,1,1,2,1,4
"R_2rYkZ9Ljtdo4k6Z",2,41,5,4,3,NA,0,4,2,1,1,1,1,1,1,2,1,1,2,3,1,1,3,1,1,4,2,4
"R_eJ0JL8ElCMCWFO1",2,36,5,3,2,1,NA,1,2,2,1,2,3,2,1,1,4,2,1,2,1,4,2,1,1,3,2,1
"R_eJ0JL8ElCMCWFO1",2,36,5,3,2,1,NA,2,3,1,2,2,3,3,1,1,1,2,1,2,2,3,2,2,1,4,1,3
"R_eJ0JL8ElCMCWFO1",2,36,5,3,2,1,NA,3,1,1,1,1,3,3,2,2,2,1,3,2,2,3,2,1,1,1,1,2
"R_eJ0JL8ElCMCWFO1",2,36,5,3,2,1,NA,4,3,1,1,1,2,3,1,2,1,1,3,2,2,3,2,2,1,4,3,1
"R_ub5ZSy4ejOZmaiJ",1,30,5,4,3,NA,1,1,3,2,1,2,3,3,1,1,3,2,2,3,1,3,2,1,1,1,2,3
"R_ub5ZSy4ejOZmaiJ",1,30,5,4,3,NA,1,2,3,1,2,2,3,3,1,1,1,2,2,2,2,3,2,1,1,2,2,3
"R_ub5ZSy4ejOZmaiJ",1,30,5,4,3,NA,1,3,3,1,2,1,3,1,1,2,2,1,2,3,2,4,2,1,2,3,3,4
"R_ub5ZSy4ejOZmaiJ",1,30,5,4,3,NA,1,4,3,2,2,1,3,3,1,1,4,2,2,3,1,3,2,1,1,1,1,2
"R_3PmYqHTJdoFJMJ3",2,28,5,5,3,NA,0,1,3,1,1,1,3,3,1,2,2,1,2,3,2,2,2,1,1,1,2,1
"R_3PmYqHTJdoFJMJ3",2,28,5,5,3,NA,0,2,3,2,2,1,2,2,1,2,1,2,2,2,2,3,3,2,1,4,1,3
"R_3PmYqHTJdoFJMJ3",2,28,5,5,3,NA,0,3,3,1,1,2,3,2,1,1,4,1,1,2,2,2,2,2,1,3,3,4
"R_3PmYqHTJdoFJMJ3",2,28,5,5,3,NA,0,4,2,1,2,2,2,2,1,1,4,2,1,2,1,3,2,2,1,3,2,4
"R_2QlFKQaC1tnIk3G",2,22,5,4,2,0,NA,1,1,2,2,2,3,3,1,1,4,2,1,3,1,3,2,1,1,4,1,2
"R_2QlFKQaC1tnIk3G",2,22,5,4,2,0,NA,2,2,2,2,2,2,2,1,1,4,2,1,3,2,3,2,2,1,2,1,3
"R_2QlFKQaC1tnIk3G",2,22,5,4,2,0,NA,3,2,1,2,2,2,2,1,1,2,2,2,2,2,2,2,1,1,2,3,1
"R_2QlFKQaC1tnIk3G",2,22,5,4,2,0,NA,4,2,2,2,1,2,3,1,2,1,1,2,2,1,3,2,1,1,2,2,2
"R_ROnJN8KxUS2k9Nf",1,32,2,2,2,1,NA,1,2,1,2,2,3,3,1,1,3,2,1,2,1,3,2,2,1,3,1,3
"R_ROnJN8KxUS2k9Nf",1,32,2,2,2,1,NA,2,2,1,2,2,2,3,1,1,3,2,1,2,2,4,2,2,1,2,3,4
"R_ROnJN8KxUS2k9Nf",1,32,2,2,2,1,NA,3,1,1,2,2,2,1,1,1,4,2,1,2,1,3,2,2,1,4,3,1
"R_ROnJN8KxUS2k9Nf",1,32,2,2,2,1,NA,4,2,1,2,1,2,3,1,2,4,2,2,2,2,3,2,1,1,2,2,1
"R_3FPNlRi66IFy5YP",2,42,5,3,2,1,NA,1,2,2,1,2,2,2,1,1,3,2,2,3,2,4,2,1,1,4,1,1
"R_3FPNlRi66IFy5YP",2,42,5,3,2,1,NA,2,2,1,1,1,2,3,2,2,2,1,3,1,3,2,2,1,7,1,2,2
"R_3FPNlRi66IFy5YP",2,42,5,3,2,1,NA,3,2,2,2,2,2,3,1,1,2,2,1,3,1,3,2,1,1,3,3,4
"R_3FPNlRi66IFy5YP",2,42,5,3,2,1,NA,4,2,2,1,2,3,2,1,2,4,2,2,2,2,2,2,2,1,2,2,1
"R_yCjOzUJBTjD630B",2,48,5,3,3,NA,-1,1,2,2,1,2,2,3,1,1,3,1,3,1,1,1,3,1,1,2,2,2
"R_yCjOzUJBTjD630B",2,48,5,3,3,NA,-1,2,1,2,2,2,2,3,1,1,4,2,1,1,2,3,2,2,1,1,2,3
"R_yCjOzUJBTjD630B",2,48,5,3,3,NA,-1,3,1,2,1,1,2,3,1,2,3,1,3,1,2,3,2,1,1,3,1,3
"R_yCjOzUJBTjD630B",2,48,5,3,3,NA,-1,4,3,1,1,2,2,3,1,2,3,1,3,1,1,3,2,1,1,1,1,2
"R_33mupjGYNN7ztEe",1,35,5,3,2,1,NA,1,3,1,2,2,3,2,1,1,3,2,2,2,2,4,2,1,1,4,3,1
"R_33mupjGYNN7ztEe",1,35,5,3,2,1,NA,2,1,2,1,2,2,1,1,1,1,2,1,1,1,3,2,2,1,1,3,4
"R_33mupjGYNN7ztEe",1,35,5,3,2,1,NA,3,3,2,2,2,2,3,1,1,2,2,2,3,1,4,2,2,1,3,2,4
"R_33mupjGYNN7ztEe",1,35,5,3,2,1,NA,4,1,1,2,2,2,1,1,1,2,1,1,2,3,2,2,1,1,2,1,3
"R_3ha8ALoWQnOY82G",1,34,5,5,1,0,NA,1,2,2,2,1,2,2,1,1,4,2,2,2,1,3,2,2,1,2,2,2
"R_3ha8ALoWQnOY82G",1,34,5,5,1,0,NA,2,2,2,1,2,3,3,1,2,2,2,3,2,2,2,1,1,1,3,1,3
"R_3ha8ALoWQnOY82G",1,34,5,5,1,0,NA,3,2,2,2,2,3,3,2,1,3,2,1,3,1,4,2,2,3,1,3,3
"R_3ha8ALoWQnOY82G",1,34,5,5,1,0,NA,4,2,1,2,1,1,1,2,2,2,1,2,1,4,3,1,1,2,4,1,1
"R_3Lao58VWdTXyvQZ",2,26,5,1,1,0,NA,1,2,1,2,1,2,1,1,2,1,1,3,1,2,3,2,1,1,2,2,3
"R_3Lao58VWdTXyvQZ",2,26,5,1,1,0,NA,2,1,2,2,2,3,1,1,1,3,2,2,2,1,3,2,2,1,2,1,1
"R_3Lao58VWdTXyvQZ",2,26,5,1,1,0,NA,3,3,2,1,1,2,3,2,2,1,1,3,1,3,2,3,1,1,3,3,2
"R_3Lao58VWdTXyvQZ",2,26,5,1,1,0,NA,4,3,2,1,1,3,2,1,2,2,1,2,2,1,3,2,2,2,4,1,4
"R_3HizOoFZ3TM0DpI",2,32,4,3,2,0,NA,1,2,2,1,1,2,3,1,2,1,1,3,2,1,1,1,1,1,1,2,4
"R_3HizOoFZ3TM0DpI",2,32,4,3,2,0,NA,2,1,1,1,1,3,2,1,2,2,1,2,2,2,3,2,1,1,2,1,1
"R_3HizOoFZ3TM0DpI",2,32,4,3,2,0,NA,3,2,1,2,1,3,3,1,1,3,1,2,3,2,3,2,2,1,3,3,3
"R_3HizOoFZ3TM0DpI",2,32,4,3,2,0,NA,4,2,2,1,1,2,2,1,2,1,1,3,2,1,2,2,1,1,1,2,2
"R_3lX47DFSb2XGVAu",2,23,3,2,1,0,NA,1,1,2,2,1,1,1,2,1,2,1,3,3,1,2,3,1,1,4,3,1
"R_3lX47DFSb2XGVAu",2,23,3,2,1,0,NA,2,3,2,1,2,2,2,1,2,1,1,1,1,2,3,2,1,1,2,1,3
"R_3lX47DFSb2XGVAu",2,23,3,2,1,0,NA,3,2,1,1,1,2,1,2,1,4,2,1,2,4,2,2,1,7,1,2,4
"R_3lX47DFSb2XGVAu",2,23,3,2,1,0,NA,4,2,2,1,2,3,1,2,1,1,1,3,3,2,1,1,2,2,1,2,3
"R_yDe0dvKuvBE9laV",2,35,4,2,3,NA,0,1,2,2,1,1,3,2,2,1,2,1,3,2,2,3,2,1,1,4,2,1
"R_yDe0dvKuvBE9laV",2,35,4,2,3,NA,0,2,1,2,2,2,3,2,1,2,2,2,3,2,1,4,2,2,1,1,3,3
"R_yDe0dvKuvBE9laV",2,35,4,2,3,NA,0,3,2,1,1,2,3,2,2,1,2,1,3,3,3,2,2,1,1,3,1,2
"R_yDe0dvKuvBE9laV",2,35,4,2,3,NA,0,4,1,2,2,2,3,2,1,2,1,2,1,2,1,3,2,2,1,2,3,4
"R_3jdkVsRv5kbsoQu",2,59,2,2,2,1,NA,1,2,1,2,1,2,1,1,1,3,2,3,2,2,4,2,2,1,3,2,3
"R_3jdkVsRv5kbsoQu",2,59,2,2,2,1,NA,2,3,2,1,1,3,3,2,2,2,2,2,2,2,4,3,2,2,1,3,2
"R_3jdkVsRv5kbsoQu",2,59,2,2,2,1,NA,3,1,2,2,2,2,3,1,1,1,2,2,2,1,3,2,1,1,4,2,1
"R_3jdkVsRv5kbsoQu",2,59,2,2,2,1,NA,4,1,1,2,2,2,3,1,1,2,2,2,2,1,3,2,1,1,2,1,4
"R_2PA42Bazmg5lzr5",1,51,2,2,1,1,NA,1,1,1,2,2,3,3,2,1,4,2,2,2,2,3,2,1,7,3,2,1
"R_2PA42Bazmg5lzr5",1,51,2,2,1,1,NA,2,1,2,2,2,3,2,1,1,3,2,1,3,1,3,2,2,1,2,1,4
"R_2PA42Bazmg5lzr5",1,51,2,2,1,1,NA,3,3,2,1,1,3,3,1,2,4,1,2,3,2,4,2,2,1,3,2,3
"R_2PA42Bazmg5lzr5",1,51,2,2,1,1,NA,4,2,1,1,2,3,1,2,2,1,1,2,2,2,3,2,1,3,1,2,1
"R_SUijlUDxyMVdow9",1,24,3,2,1,1,NA,1,2,1,2,1,2,3,1,2,4,1,3,2,2,1,1,1,1,3,3,4
"R_SUijlUDxyMVdow9",1,24,3,2,1,1,NA,2,1,1,2,1,3,1,1,2,2,1,2,2,4,3,2,1,1,4,1,3
"R_SUijlUDxyMVdow9",1,24,3,2,1,1,NA,3,1,2,2,2,3,2,1,1,3,2,1,2,1,4,2,2,1,2,1,2
"R_SUijlUDxyMVdow9",1,24,3,2,1,1,NA,4,1,2,1,2,2,1,2,2,4,1,3,1,3,2,3,1,1,3,2,1
"R_3QQvz1Ypc73t4Xu",1,40,3,3,2,1,NA,1,2,2,1,2,2,2,1,1,4,2,1,3,1,3,2,1,1,4,3,1
"R_3QQvz1Ypc73t4Xu",1,40,3,3,2,1,NA,2,2,1,1,1,2,2,2,2,1,1,3,3,2,2,2,1,1,1,1,3
"R_3QQvz1Ypc73t4Xu",1,40,3,3,2,1,NA,3,3,2,2,2,2,3,1,1,3,2,1,2,1,4,2,2,1,2,3,4
"R_3QQvz1Ypc73t4Xu",1,40,3,3,2,1,NA,4,1,2,1,1,2,2,2,2,2,2,2,2,2,1,3,1,2,2,2,2
"R_2eQYk4XkNohUeEh",2,25,5,2,2,1,NA,1,3,1,1,1,2,2,1,2,4,1,3,2,2,3,2,1,1,1,2,4
"R_2eQYk4XkNohUeEh",2,25,5,2,2,1,NA,2,3,1,2,1,3,2,1,1,3,2,2,3,1,4,2,2,1,4,1,3
"R_2eQYk4XkNohUeEh",2,25,5,2,2,1,NA,3,3,1,2,2,3,2,1,1,3,2,1,3,1,4,2,2,1,3,3,4
"R_2eQYk4XkNohUeEh",2,25,5,2,2,1,NA,4,2,2,2,2,3,2,1,1,1,2,1,3,1,4,2,2,1,2,3,1
"R_32Kpm22ecLu1h8z",1,21,2,2,3,NA,0,1,3,1,2,2,3,3,1,1,2,2,2,3,1,4,2,2,1,1,2,1
"R_32Kpm22ecLu1h8z",1,21,2,2,3,NA,0,2,1,1,2,2,3,2,2,1,3,2,2,3,2,2,2,1,1,4,1,3
"R_32Kpm22ecLu1h8z",1,21,2,2,3,NA,0,3,3,2,2,2,3,3,1,1,4,2,1,3,1,4,2,2,1,2,1,3
"R_32Kpm22ecLu1h8z",1,21,2,2,3,NA,0,4,2,1,2,1,3,1,2,2,1,1,3,2,3,3,2,1,1,3,3,3
"R_2dAaclSgWmWfEJb",1,32,5,2,2,0,NA,1,1,2,1,2,2,1,1,1,4,2,2,2,2,4,3,1,1,1,2,2
"R_2dAaclSgWmWfEJb",1,32,5,2,2,0,NA,2,1,2,2,2,2,1,1,1,1,2,2,2,1,4,2,1,1,3,2,1
"R_2dAaclSgWmWfEJb",1,32,5,2,2,0,NA,3,1,2,1,2,2,1,1,1,1,2,3,2,1,4,3,1,1,2,3,2
"R_2dAaclSgWmWfEJb",1,32,5,2,2,0,NA,4,3,2,1,2,3,1,1,1,3,2,1,2,2,3,3,2,1,4,3,1
"R_2TMivp4B9LSZJlB",2,34,5,3,2,1,NA,1,3,1,1,2,3,3,1,1,4,1,3,3,1,3,2,1,1,3,3,1
"R_2TMivp4B9LSZJlB",2,34,5,3,2,1,NA,2,3,2,2,1,3,2,1,2,1,2,1,3,2,4,2,2,1,1,1,4
"R_2TMivp4B9LSZJlB",2,34,5,3,2,1,NA,3,1,2,1,1,2,1,1,1,3,1,2,2,4,3,2,1,1,2,2,3
"R_2TMivp4B9LSZJlB",2,34,5,3,2,1,NA,4,1,2,2,2,2,1,1,1,2,2,1,2,1,3,2,1,1,4,1,2
"R_1DqnLm0DZo9leCy",2,39,4,4,3,NA,0,1,1,1,1,1,3,2,2,2,3,1,3,3,2,3,2,1,1,4,2,1
"R_1DqnLm0DZo9leCy",2,39,4,4,3,NA,0,2,1,1,1,1,3,2,1,2,4,1,2,3,2,3,2,1,2,3,3,4
"R_1DqnLm0DZo9leCy",2,39,4,4,3,NA,0,3,3,1,2,2,2,3,1,1,1,2,1,3,2,4,2,2,1,2,1,2
"R_1DqnLm0DZo9leCy",2,39,4,4,3,NA,0,4,3,2,2,1,3,3,1,1,3,2,1,2,2,3,2,2,1,2,1,1
"R_XSu70OXnov7YMGR",2,21,3,5,2,0,NA,1,2,2,1,2,3,3,2,1,1,1,2,3,2,1,3,1,1,2,1,3
"R_XSu70OXnov7YMGR",2,21,3,5,2,0,NA,2,3,2,1,1,2,3,1,2,1,1,2,2,1,3,2,1,1,1,2,2
"R_XSu70OXnov7YMGR",2,21,3,5,2,0,NA,3,2,1,1,1,3,3,1,2,1,1,3,2,2,3,2,1,2,1,3,2
"R_XSu70OXnov7YMGR",2,21,3,5,2,0,NA,4,3,1,2,1,2,2,1,1,1,2,2,2,1,3,2,1,7,4,1,2
"R_1CKqVKKA6KQuzL7",1,30,5,1,2,0,NA,1,2,2,2,1,2,2,1,1,3,2,1,2,2,3,2,1,1,2,3,1
"R_1CKqVKKA6KQuzL7",1,30,5,1,2,0,NA,2,1,2,2,1,2,2,1,1,3,2,1,2,2,3,2,1,1,2,3,1
"R_1CKqVKKA6KQuzL7",1,30,5,1,2,0,NA,3,3,1,2,1,3,3,2,2,4,1,3,3,4,1,1,1,7,4,2,1
"R_1CKqVKKA6KQuzL7",1,30,5,1,2,0,NA,4,2,1,2,1,2,3,1,1,2,1,2,2,3,4,2,1,3,1,1,1
"R_2zj5g8iohBbAjSa",2,35,6,3,2,1,NA,1,2,2,1,2,3,2,1,1,4,2,2,3,1,3,2,1,1,2,3,1
"R_2zj5g8iohBbAjSa",2,35,6,3,2,1,NA,2,3,2,1,1,3,3,1,2,2,1,3,3,2,4,2,2,1,4,2,3
"R_2zj5g8iohBbAjSa",2,35,6,3,2,1,NA,3,2,1,2,2,2,1,1,1,3,2,1,2,1,3,3,1,1,3,1,2
"R_2zj5g8iohBbAjSa",2,35,6,3,2,1,NA,4,1,2,2,2,2,1,2,1,3,2,1,2,3,2,2,1,1,1,1,2
"R_2PAtEYGMEG1OL2h",2,45,6,1,3,NA,-1,1,2,2,1,2,1,1,1,1,2,2,1,3,4,1,3,1,1,2,3,3
"R_2PAtEYGMEG1OL2h",2,45,6,1,3,NA,-1,2,1,2,2,1,1,1,1,1,1,2,1,2,1,1,1,1,1,1,1,2
"R_2PAtEYGMEG1OL2h",2,45,6,1,3,NA,-1,3,3,1,1,2,3,3,1,2,4,1,2,3,2,3,2,2,1,2,2,1
"R_2PAtEYGMEG1OL2h",2,45,6,1,3,NA,-1,4,1,2,2,2,1,1,1,1,1,2,1,3,4,1,3,1,1,2,3,4
"R_3r1ajMPN8V4OofZ",1,28,5,3,2,0,NA,1,3,1,1,1,3,2,1,2,1,1,2,3,2,3,2,2,1,1,1,1
"R_3r1ajMPN8V4OofZ",1,28,5,3,2,0,NA,2,2,2,2,1,2,1,1,1,3,2,1,2,1,2,3,2,1,2,3,2
"R_3r1ajMPN8V4OofZ",1,28,5,3,2,0,NA,3,3,2,2,2,3,2,1,1,4,2,1,3,1,4,2,2,1,3,2,4
"R_3r1ajMPN8V4OofZ",1,28,5,3,2,0,NA,4,2,2,1,1,2,1,1,2,2,1,2,1,3,1,2,1,1,4,2,3
"R_Xhwj83D0b1WCv7j",1,34,3,2,2,0,NA,1,3,2,2,2,3,3,1,2,3,2,2,2,1,3,2,2,1,2,1,4
"R_Xhwj83D0b1WCv7j",1,34,3,2,2,0,NA,2,1,1,1,2,2,1,1,2,1,1,3,1,2,2,3,1,1,1,3,1
"R_Xhwj83D0b1WCv7j",1,34,3,2,2,0,NA,3,3,1,1,1,2,1,2,1,4,1,2,1,3,3,2,2,1,3,2,3
"R_Xhwj83D0b1WCv7j",1,34,3,2,2,0,NA,4,1,2,2,1,2,1,1,1,2,2,1,1,1,1,3,2,1,4,3,2
"R_22yUVlEjtGJz5UN",2,70,5,1,1,1,NA,1,2,1,1,1,3,1,1,2,3,1,3,3,2,1,1,1,1,3,1,1
"R_22yUVlEjtGJz5UN",2,70,5,1,1,1,NA,2,2,2,1,1,3,1,1,2,3,1,2,3,2,1,1,1,1,4,1,2
"R_22yUVlEjtGJz5UN",2,70,5,1,1,1,NA,3,1,1,1,2,2,1,1,1,3,1,2,3,2,3,2,1,1,4,1,3
"R_22yUVlEjtGJz5UN",2,70,5,1,1,1,NA,4,2,2,2,1,2,1,1,1,3,2,2,3,2,2,2,1,1,4,1,3
"R_3RyGeYEodKxgrYh",2,43,5,7,2,1,NA,1,3,1,1,1,3,3,1,2,3,1,3,2,3,3,2,1,1,4,1,4
"R_3RyGeYEodKxgrYh",2,43,5,7,2,1,NA,2,3,2,2,1,2,1,1,1,4,2,2,3,1,4,2,1,2,1,3,1
"R_3RyGeYEodKxgrYh",2,43,5,7,2,1,NA,3,1,1,2,2,2,2,2,1,1,2,2,3,2,4,3,1,1,2,3,3
"R_3RyGeYEodKxgrYh",2,43,5,7,2,1,NA,4,1,2,2,1,2,1,2,2,3,2,2,1,1,2,3,2,2,1,3,2
"R_1Lb5zilFjuUp6zy",2,31,3,2,1,0,NA,1,3,1,2,1,3,3,1,2,4,2,2,2,2,4,2,1,1,1,2,1
"R_1Lb5zilFjuUp6zy",2,31,3,2,1,0,NA,2,2,1,1,2,2,2,1,1,1,1,3,3,3,3,2,2,1,1,3,2
"R_1Lb5zilFjuUp6zy",2,31,3,2,1,0,NA,3,2,1,1,2,2,3,1,1,3,1,3,1,1,2,2,1,1,2,3,1
"R_1Lb5zilFjuUp6zy",2,31,3,2,1,0,NA,4,1,1,2,2,2,1,1,2,3,2,1,1,4,2,3,1,1,3,3,3
"R_2c1oBUPQCtBD05x",1,52,6,1,2,1,NA,1,1,1,2,2,2,1,1,1,3,2,1,3,4,3,2,1,1,1,1,3
"R_2c1oBUPQCtBD05x",1,52,6,1,2,1,NA,2,1,1,2,2,2,1,1,1,3,2,1,2,1,3,2,1,1,1,1,3
"R_2c1oBUPQCtBD05x",1,52,6,1,2,1,NA,3,1,1,1,2,3,2,2,1,3,1,2,2,2,3,2,1,1,2,2,2
"R_2c1oBUPQCtBD05x",1,52,6,1,2,1,NA,4,3,2,1,1,2,3,1,2,4,1,3,3,2,3,3,2,1,3,3,3
"R_28Y6amqNH1807ly",2,47,6,4,2,0,NA,1,1,2,2,1,2,1,1,1,2,2,1,2,1,3,2,2,1,2,3,1
"R_28Y6amqNH1807ly",2,47,6,4,2,0,NA,2,3,1,1,2,2,1,1,2,1,1,3,1,3,4,2,1,1,4,1,3
"R_28Y6amqNH1807ly",2,47,6,4,2,0,NA,3,3,2,1,2,2,3,1,2,2,1,3,2,2,3,2,2,1,1,3,4
"R_28Y6amqNH1807ly",2,47,6,4,2,0,NA,4,3,1,1,1,2,1,1,2,2,1,3,2,3,4,3,2,1,1,2,1
"R_123JAcQLnGbnv7x",2,27,4,2,3,NA,0,1,1,2,1,1,3,3,1,1,3,2,3,2,1,4,2,2,1,3,1,3
"R_123JAcQLnGbnv7x",2,27,4,2,3,NA,0,2,2,1,2,1,3,2,1,2,3,2,1,3,2,3,2,1,1,3,3,1
"R_123JAcQLnGbnv7x",2,27,4,2,3,NA,0,3,2,1,2,2,2,1,1,1,3,2,1,1,1,2,2,2,1,2,3,3
"R_123JAcQLnGbnv7x",2,27,4,2,3,NA,0,4,1,2,2,2,2,3,1,1,2,2,1,2,4,2,2,2,1,4,3,4
"R_29ud5EFPhV1ATrE",1,33,5,4,3,NA,1,1,3,2,2,1,2,3,1,1,3,1,2,2,1,4,2,2,1,3,2,3
"R_29ud5EFPhV1ATrE",1,33,5,4,3,NA,1,2,1,2,2,1,3,1,1,2,1,1,2,1,4,3,2,1,1,2,3,2
"R_29ud5EFPhV1ATrE",1,33,5,4,3,NA,1,3,1,2,2,1,3,1,1,2,1,1,2,1,4,3,2,1,1,2,3,2
"R_29ud5EFPhV1ATrE",1,33,5,4,3,NA,1,4,2,1,2,2,2,2,1,1,3,2,2,3,2,3,1,2,1,1,1,1
"R_yC4kDyQssoO6cOl",2,53,3,3,3,NA,0,1,3,2,1,1,3,1,1,2,2,1,3,3,2,1,1,2,1,2,1,1
"R_yC4kDyQssoO6cOl",2,53,3,3,3,NA,0,2,2,2,2,1,2,1,2,2,3,1,2,2,2,4,2,1,1,1,2,3
"R_yC4kDyQssoO6cOl",2,53,3,3,3,NA,0,3,1,2,2,1,2,1,1,2,3,1,2,1,4,3,2,2,1,3,3,3
"R_yC4kDyQssoO6cOl",2,53,3,3,3,NA,0,4,2,2,2,2,3,2,1,1,2,2,1,2,2,3,2,2,1,2,1,4
"R_1jCFYn75WvrpLLF",2,32,3,3,3,NA,0,1,3,2,1,2,3,2,1,1,4,1,3,2,1,3,2,1,1,3,1,1
"R_1jCFYn75WvrpLLF",2,32,3,3,3,NA,0,2,1,2,2,1,3,3,1,1,1,2,1,2,2,2,2,2,1,1,1,2
"R_1jCFYn75WvrpLLF",2,32,3,3,3,NA,0,3,3,1,1,1,2,3,2,1,4,1,3,2,3,4,2,1,1,1,3,3
"R_1jCFYn75WvrpLLF",2,32,3,3,3,NA,0,4,3,1,1,2,2,2,1,1,4,1,3,2,3,3,2,1,1,1,3,4
"R_3s7hynGDQ1oaVss",1,45,5,5,2,0,NA,1,2,2,1,2,2,3,1,1,3,2,3,2,2,4,2,2,1,3,3,1
"R_3s7hynGDQ1oaVss",1,45,5,5,2,0,NA,2,3,2,1,2,2,3,1,1,3,2,1,3,1,3,2,2,1,2,1,1
"R_3s7hynGDQ1oaVss",1,45,5,5,2,0,NA,3,2,2,2,2,3,2,1,1,3,2,1,2,1,4,3,2,1,3,3,2
"R_3s7hynGDQ1oaVss",1,45,5,5,2,0,NA,4,3,1,2,2,3,1,1,2,4,2,3,1,4,2,2,1,1,1,1,1
"R_1dhHsJumoekgtFn",2,25,4,3,2,1,NA,1,3,1,2,2,3,1,1,1,3,2,1,3,1,4,2,1,1,3,1,1
"R_1dhHsJumoekgtFn",2,25,4,3,2,1,NA,2,3,2,2,2,3,3,1,2,3,2,1,2,2,2,2,2,1,4,2,4
"R_1dhHsJumoekgtFn",2,25,4,3,2,1,NA,3,1,1,2,1,2,3,2,2,2,1,2,3,1,3,3,1,1,4,2,1
"R_1dhHsJumoekgtFn",2,25,4,3,2,1,NA,4,2,1,1,1,3,3,2,2,1,1,3,3,2,2,2,1,1,3,1,2
"R_pzyuU6yHiXm8ENj",1,25,5,2,1,1,NA,1,2,2,2,1,3,3,2,2,1,2,2,3,2,3,2,1,1,3,1,1
"R_pzyuU6yHiXm8ENj",1,25,5,2,1,1,NA,2,3,1,1,2,2,3,1,2,2,1,2,2,1,4,3,1,1,3,3,4
"R_pzyuU6yHiXm8ENj",1,25,5,2,1,1,NA,3,1,2,2,2,2,2,1,2,1,2,2,3,1,2,2,2,1,2,3,1
"R_pzyuU6yHiXm8ENj",1,25,5,2,1,1,NA,4,1,2,2,1,2,2,1,1,2,2,1,1,3,2,1,2,1,4,1,1
"R_3mmixGkNWzeGjrM",1,25,5,3,3,NA,-1,1,2,2,2,1,2,3,1,1,2,2,2,3,1,4,2,2,1,1,2,2
"R_3mmixGkNWzeGjrM",1,25,5,3,3,NA,-1,2,3,1,1,2,2,3,1,1,2,1,2,2,2,3,2,1,1,2,1,1
"R_3mmixGkNWzeGjrM",1,25,5,3,3,NA,-1,3,1,1,1,1,3,3,2,2,4,1,3,2,2,3,2,1,1,3,3,4
"R_3mmixGkNWzeGjrM",1,25,5,3,3,NA,-1,4,1,2,1,2,2,2,1,1,3,2,1,1,1,1,3,2,1,2,2,1
"R_2v6OT43ObppIcHn",2,28,5,3,2,1,NA,1,1,1,1,1,3,3,2,2,3,1,3,1,3,3,2,1,1,2,3,3
"R_2v6OT43ObppIcHn",2,28,5,3,2,1,NA,2,2,1,1,2,3,2,1,1,4,1,2,2,2,4,3,2,1,1,1,1
"R_2v6OT43ObppIcHn",2,28,5,3,2,1,NA,3,2,2,2,1,3,1,1,2,2,2,1,2,4,4,1,2,1,1,2,2
"R_2v6OT43ObppIcHn",2,28,5,3,2,1,NA,4,3,2,2,1,3,1,2,2,4,2,1,2,3,3,3,1,7,3,2,2
"R_3G8qDU5Vayh0j2i",2,21,3,2,3,NA,1,1,2,1,1,1,2,1,1,2,1,1,3,1,2,3,2,1,1,4,2,3
"R_3G8qDU5Vayh0j2i",2,21,3,2,3,NA,1,2,3,2,1,1,2,1,1,2,1,1,3,1,2,3,2,1,1,4,2,3
"R_3G8qDU5Vayh0j2i",2,21,3,2,3,NA,1,3,2,2,1,2,2,1,1,1,1,2,3,1,2,3,2,2,1,4,2,3
"R_3G8qDU5Vayh0j2i",2,21,3,2,3,NA,1,4,3,2,2,1,2,1,1,1,1,2,2,1,2,3,2,2,1,4,2,3
"R_1Q5awC8g3l5s36e",2,37,6,5,3,NA,1,1,3,1,1,1,3,3,1,2,3,1,3,3,2,3,2,1,1,3,1,3
"R_1Q5awC8g3l5s36e",2,37,6,5,3,NA,1,2,3,2,1,1,3,3,1,2,2,1,2,3,2,2,2,1,1,1,2,2
"R_1Q5awC8g3l5s36e",2,37,6,5,3,NA,1,3,3,1,1,2,2,2,1,1,4,1,1,2,1,2,2,2,1,2,3,1
"R_1Q5awC8g3l5s36e",2,37,6,5,3,NA,1,4,1,1,2,2,2,3,2,1,1,2,1,2,3,4,2,2,1,2,1,3
"R_2fjiY1p5GKSgnXT",1,46,3,1,2,0,NA,1,1,1,2,2,2,3,1,1,4,2,2,1,2,2,2,1,1,4,2,3
"R_2fjiY1p5GKSgnXT",1,46,3,1,2,0,NA,2,3,1,2,1,3,3,1,2,2,1,3,2,1,3,2,2,1,1,3,1
"R_2fjiY1p5GKSgnXT",1,46,3,1,2,0,NA,3,2,2,1,2,2,1,1,1,2,2,2,2,2,2,2,1,2,2,1,1
"R_2fjiY1p5GKSgnXT",1,46,3,1,2,0,NA,4,3,1,1,1,3,2,2,2,4,1,3,2,3,3,2,2,7,2,2,2
"R_1TXeAkGaPwAJQgJ",1,54,4,3,3,NA,0,1,1,1,2,1,2,2,1,2,2,1,3,2,2,3,2,1,1,3,3,1
"R_1TXeAkGaPwAJQgJ",1,54,4,3,3,NA,0,2,3,1,2,2,2,3,1,1,3,2,1,3,1,4,2,2,1,2,1,3
"R_1TXeAkGaPwAJQgJ",1,54,4,3,3,NA,0,3,1,2,2,2,2,1,1,1,4,2,1,2,1,2,2,1,1,1,3,4
"R_1TXeAkGaPwAJQgJ",1,54,4,3,3,NA,0,4,3,1,2,2,1,3,1,1,4,2,1,3,2,4,2,2,1,3,2,2
"R_0CUC1rwm8X9GW6l",2,33,2,1,3,NA,0,1,2,1,2,2,2,2,1,2,1,2,1,2,3,3,2,1,1,1,1,1
"R_0CUC1rwm8X9GW6l",2,33,2,1,3,NA,0,2,3,2,1,1,3,3,2,1,4,1,2,2,2,2,2,1,1,4,3,2
"R_0CUC1rwm8X9GW6l",2,33,2,1,3,NA,0,3,2,2,2,2,3,3,1,2,1,2,1,3,1,3,1,2,1,3,1,4
"R_0CUC1rwm8X9GW6l",2,33,2,1,3,NA,0,4,3,2,2,1,3,2,1,2,3,2,1,3,2,4,3,1,1,3,3,3
"R_2xzNJWg8xzcbKcc",1,30,5,3,1,0,NA,1,1,1,1,2,2,1,1,2,3,1,2,3,1,3,2,1,1,3,1,1
"R_2xzNJWg8xzcbKcc",1,30,5,3,1,0,NA,2,3,2,2,2,3,1,1,1,2,2,1,3,1,2,2,1,1,2,2,2
"R_2xzNJWg8xzcbKcc",1,30,5,3,1,0,NA,3,1,2,2,1,3,3,1,1,1,2,2,2,1,1,2,2,1,3,3,4
"R_2xzNJWg8xzcbKcc",1,30,5,3,1,0,NA,4,2,2,2,2,3,1,1,2,1,2,2,3,1,2,2,2,1,2,2,1
"R_271oSBH90UKbfON",1,56,5,1,2,0,NA,1,3,2,1,1,2,1,1,1,3,2,2,1,2,3,3,1,1,1,2,1
"R_271oSBH90UKbfON",1,56,5,1,2,0,NA,2,2,2,1,2,2,1,1,1,3,2,2,1,2,3,3,1,1,1,2,1
"R_271oSBH90UKbfON",1,56,5,1,2,0,NA,3,2,2,1,2,2,1,1,1,3,2,2,1,2,3,3,1,1,1,2,1
"R_271oSBH90UKbfON",1,56,5,1,2,0,NA,4,1,1,1,2,2,1,1,2,3,1,2,1,3,3,2,1,7,4,3,1
"R_shrZVMBPu66qpO1",2,29,4,4,1,0,NA,1,2,1,2,2,2,3,1,2,1,2,2,2,1,3,2,1,1,2,2,2
"R_shrZVMBPu66qpO1",2,29,4,4,1,0,NA,2,3,2,1,1,2,2,1,1,2,2,1,2,2,3,2,1,1,4,1,3
"R_shrZVMBPu66qpO1",2,29,4,4,1,0,NA,3,1,2,2,2,2,1,1,2,1,1,1,1,2,1,1,2,2,1,2,3
"R_shrZVMBPu66qpO1",2,29,4,4,1,0,NA,4,3,2,2,2,2,2,1,2,2,2,1,1,1,1,3,2,7,2,3,2
"R_1OiYvmAdKz1zYWD",1,28,2,2,3,NA,0,1,3,2,1,2,3,1,1,2,1,2,2,2,4,2,3,2,1,4,2,4
"R_1OiYvmAdKz1zYWD",1,28,2,2,3,NA,0,2,1,2,1,2,1,3,1,1,4,2,2,2,4,3,2,2,1,4,1,3
"R_1OiYvmAdKz1zYWD",1,28,2,2,3,NA,0,3,2,1,1,1,2,2,1,1,3,1,2,2,2,3,2,2,1,4,1,2
"R_1OiYvmAdKz1zYWD",1,28,2,2,3,NA,0,4,3,1,2,1,3,2,1,2,2,1,2,2,2,3,2,2,1,3,1,1
"R_1q7AXNynLXSm8I8",2,26,5,1,2,1,NA,1,2,2,2,1,2,2,1,1,4,2,1,2,1,2,2,1,1,4,3,4
"R_1q7AXNynLXSm8I8",2,26,5,1,2,1,NA,2,1,2,1,1,3,3,1,2,3,1,2,2,2,3,2,2,1,1,3,4
"R_1q7AXNynLXSm8I8",2,26,5,1,2,1,NA,3,3,1,1,1,2,3,1,2,1,1,3,1,3,3,2,1,1,4,1,1
"R_1q7AXNynLXSm8I8",2,26,5,1,2,1,NA,4,3,2,2,1,2,1,1,1,4,2,1,3,2,2,2,1,1,1,1,2
"R_1ghh98icJgfaIiW",2,30,5,2,1,0,NA,1,1,2,1,2,3,2,1,1,2,2,2,3,1,2,2,1,1,1,2,2
"R_1ghh98icJgfaIiW",2,30,5,2,1,0,NA,2,2,2,2,1,2,3,1,2,3,1,3,1,3,1,2,1,1,4,1,1
"R_1ghh98icJgfaIiW",2,30,5,2,1,0,NA,3,1,1,2,2,2,3,1,1,2,2,1,2,1,2,2,1,1,2,1,2
"R_1ghh98icJgfaIiW",2,30,5,2,1,0,NA,4,1,2,2,2,3,2,1,1,2,2,2,2,1,3,2,1,1,2,2,4
"R_2SpfTyPMRNoQULd",2,25,5,1,2,1,NA,1,1,1,2,1,2,2,1,1,1,2,2,2,1,4,2,1,1,2,3,4
"R_2SpfTyPMRNoQULd",2,25,5,1,2,1,NA,2,1,1,2,2,2,1,1,1,1,2,1,2,1,4,2,2,1,1,3,4
"R_2SpfTyPMRNoQULd",2,25,5,1,2,1,NA,3,3,1,2,2,2,2,1,1,1,2,1,2,1,4,2,2,1,1,2,2
"R_2SpfTyPMRNoQULd",2,25,5,1,2,1,NA,4,3,2,1,1,2,2,1,2,1,1,2,2,3,3,3,1,1,1,2,2
"R_2OIIDsWzpAdofAs",2,33,5,1,2,1,NA,1,1,2,1,1,2,1,1,2,1,2,2,3,4,3,2,1,1,4,3,4
"R_2OIIDsWzpAdofAs",2,33,5,1,2,1,NA,2,1,1,2,1,2,1,1,1,2,2,2,1,2,3,2,2,1,4,2,2
"R_2OIIDsWzpAdofAs",2,33,5,1,2,1,NA,3,1,1,1,2,3,3,2,2,2,1,3,3,2,2,2,1,1,4,3,4
"R_2OIIDsWzpAdofAs",2,33,5,1,2,1,NA,4,2,2,1,2,2,2,1,1,4,2,2,1,1,3,2,2,1,4,2,2
"R_2dmSB7Yok9tuC4N",2,52,6,1,2,0,NA,1,1,2,2,2,2,1,1,2,3,2,1,1,1,4,2,2,1,2,1,3
"R_2dmSB7Yok9tuC4N",2,52,6,1,2,0,NA,2,2,2,2,1,2,1,1,2,4,1,3,1,1,4,2,1,2,3,2,4
"R_2dmSB7Yok9tuC4N",2,52,6,1,2,0,NA,3,1,1,2,1,2,1,1,2,2,1,3,1,1,4,2,2,7,4,3,3
"R_2dmSB7Yok9tuC4N",2,52,6,1,2,0,NA,4,1,2,2,1,2,1,1,2,3,1,3,1,3,3,2,1,3,1,3,2
"R_z2Lyd8YMo1vmXhD",1,27,3,7,2,1,NA,1,1,1,2,2,2,1,1,2,1,1,3,2,1,3,2,2,2,1,1,3
"R_z2Lyd8YMo1vmXhD",1,27,3,7,2,1,NA,2,3,2,2,1,3,3,1,2,3,2,2,3,2,1,2,2,1,3,2,1
"R_z2Lyd8YMo1vmXhD",1,27,3,7,2,1,NA,3,3,1,1,1,3,2,2,1,1,1,2,3,1,4,2,1,1,4,3,4
"R_z2Lyd8YMo1vmXhD",1,27,3,7,2,1,NA,4,1,1,1,2,2,1,2,2,3,1,3,1,4,2,3,1,7,2,3,2
"R_sHWTltH6QkAAxpv",2,43,3,3,2,0,NA,1,2,2,2,2,3,2,1,2,3,2,1,3,2,2,2,2,1,3,1,4
"R_sHWTltH6QkAAxpv",2,43,3,3,2,0,NA,2,3,2,1,1,3,3,1,1,1,1,1,3,1,4,2,2,1,4,3,3
"R_sHWTltH6QkAAxpv",2,43,3,3,2,0,NA,3,3,1,1,1,3,2,2,1,4,1,3,3,2,3,2,2,2,2,2,1
"R_sHWTltH6QkAAxpv",2,43,3,3,2,0,NA,4,2,1,1,2,3,1,2,2,4,2,1,3,2,3,3,1,1,1,3,3
"R_21p6DnmkACNTXGj",1,24,5,2,2,1,NA,1,2,2,2,2,2,3,1,2,3,2,1,1,2,3,2,1,1,2,1,3
"R_21p6DnmkACNTXGj",1,24,5,2,2,1,NA,2,3,2,2,2,3,2,1,2,2,2,1,2,1,3,2,1,1,4,2,2
"R_21p6DnmkACNTXGj",1,24,5,2,2,1,NA,3,1,1,1,2,1,2,2,2,1,2,3,1,3,3,1,2,1,3,2,1
"R_21p6DnmkACNTXGj",1,24,5,2,2,1,NA,4,1,1,1,1,2,3,1,2,4,1,3,1,4,2,1,2,1,1,1,3
"R_3psVfAs38gkIRjC",1,30,4,2,2,0,NA,1,2,1,1,1,3,3,1,2,3,1,3,2,2,3,2,1,1,2,3,1
"R_3psVfAs38gkIRjC",1,30,4,2,2,0,NA,2,1,1,1,2,2,1,1,1,2,2,2,1,1,4,2,2,1,3,2,4
"R_3psVfAs38gkIRjC",1,30,4,2,2,0,NA,3,2,1,2,2,2,2,1,1,1,2,1,3,2,4,2,2,1,1,1,1
"R_3psVfAs38gkIRjC",1,30,4,2,2,0,NA,4,1,2,2,1,2,1,1,2,4,1,3,2,1,2,2,1,1,4,3,1
"R_3lWGxgY78keLHj4",2,43,3,4,3,NA,1,1,1,2,1,2,2,1,2,1,1,2,2,2,2,3,2,1,1,3,1,2
"R_3lWGxgY78keLHj4",2,43,3,4,3,NA,1,2,3,1,1,2,3,3,2,2,1,1,3,3,1,4,2,1,1,1,2,3
"R_3lWGxgY78keLHj4",2,43,3,4,3,NA,1,3,2,1,1,1,2,3,1,2,2,1,3,1,1,3,2,2,7,2,2,3
"R_3lWGxgY78keLHj4",2,43,3,4,3,NA,1,4,3,1,2,2,3,2,1,1,1,2,1,3,2,4,2,1,1,4,3,1
"R_sjvSd4eUzWplKlr",2,50,6,6,2,0,NA,1,1,2,2,2,3,1,1,1,4,2,1,3,2,3,2,1,1,3,2,3
"R_sjvSd4eUzWplKlr",2,50,6,6,2,0,NA,2,2,1,1,1,2,3,1,2,2,1,3,3,2,4,2,1,1,1,1,1
"R_sjvSd4eUzWplKlr",2,50,6,6,2,0,NA,3,2,1,1,1,2,3,1,2,2,1,3,3,2,4,2,1,1,1,1,1
"R_sjvSd4eUzWplKlr",2,50,6,6,2,0,NA,4,3,1,2,2,3,3,1,1,1,2,1,3,2,2,2,2,1,2,3,3
"R_2EuZ9SdPWZhvbHE",2,32,2,2,3,NA,0,1,3,2,1,2,2,2,1,2,3,2,3,2,1,3,2,1,1,2,1,4
"R_2EuZ9SdPWZhvbHE",2,32,2,2,3,NA,0,2,3,2,2,2,3,3,1,1,4,2,1,3,2,2,3,2,1,4,3,1
"R_2EuZ9SdPWZhvbHE",2,32,2,2,3,NA,0,3,1,1,2,2,2,1,2,1,2,2,3,1,3,3,2,1,2,1,1,2
"R_2EuZ9SdPWZhvbHE",2,32,2,2,3,NA,0,4,3,1,2,1,3,2,1,1,3,1,1,2,2,1,3,2,1,3,3,4
"R_2DXLsgq78iqcPyy",1,26,2,1,2,0,NA,1,2,1,1,1,2,3,1,2,3,1,1,1,3,4,2,1,1,2,2,3
"R_2DXLsgq78iqcPyy",1,26,2,1,2,0,NA,2,3,1,1,1,3,3,2,2,1,2,1,2,1,3,3,1,1,1,1,1
"R_2DXLsgq78iqcPyy",1,26,2,1,2,0,NA,3,1,1,2,1,2,2,1,1,3,1,1,2,1,4,2,2,1,3,1,4
"R_2DXLsgq78iqcPyy",1,26,2,1,2,0,NA,4,2,1,2,2,3,3,1,1,2,2,1,3,2,3,1,2,1,2,2,3
"R_2VJ6zCLuHblId11",1,22,5,2,3,NA,-1,1,3,1,2,2,2,2,1,1,1,2,1,1,4,3,2,1,1,2,2,2
"R_2VJ6zCLuHblId11",1,22,5,2,3,NA,-1,2,3,1,1,1,3,3,1,2,3,1,2,2,2,3,2,1,1,3,1,1
"R_2VJ6zCLuHblId11",1,22,5,2,3,NA,-1,3,2,2,2,1,2,1,1,1,3,2,1,1,1,3,2,1,1,2,1,2
"R_2VJ6zCLuHblId11",1,22,5,2,3,NA,-1,4,1,1,2,1,2,1,1,2,3,1,2,1,3,1,1,1,1,1,3,3
"R_3n896d4QCO7o3V1",1,34,3,4,3,NA,0,1,1,2,1,1,2,3,2,2,1,1,3,2,1,2,2,1,1,2,3,4
"R_3n896d4QCO7o3V1",1,34,3,4,3,NA,0,2,2,1,2,1,2,1,1,2,3,1,2,2,2,3,3,1,1,2,2,3
"R_3n896d4QCO7o3V1",1,34,3,4,3,NA,0,3,3,2,2,1,3,3,1,1,3,1,1,3,2,4,2,2,2,3,1,4
"R_3n896d4QCO7o3V1",1,34,3,4,3,NA,0,4,2,1,1,1,2,3,2,1,3,1,1,1,1,1,2,1,2,2,3,4
"R_1jPMYsUrLG3lSQt",1,52,6,3,2,1,NA,1,1,2,1,1,2,1,1,2,3,1,2,2,2,1,2,1,1,3,2,1
"R_1jPMYsUrLG3lSQt",1,52,6,3,2,1,NA,2,1,1,2,1,2,1,1,1,4,1,1,1,1,4,2,1,2,2,3,3
"R_1jPMYsUrLG3lSQt",1,52,6,3,2,1,NA,3,3,2,2,2,3,3,1,1,3,2,2,3,2,4,2,2,1,4,2,3
"R_1jPMYsUrLG3lSQt",1,52,6,3,2,1,NA,4,1,1,2,2,2,1,1,1,1,2,2,2,1,3,2,2,1,1,1,4
"R_3kvKMbcfSYtm0Cg",1,32,3,2,3,NA,-1,1,3,2,2,2,3,3,1,1,3,2,1,3,2,4,2,2,1,3,2,3
"R_3kvKMbcfSYtm0Cg",1,32,3,2,3,NA,-1,2,3,2,2,1,3,3,1,2,2,2,2,3,2,4,2,2,1,2,3,1
"R_3kvKMbcfSYtm0Cg",1,32,3,2,3,NA,-1,3,2,2,1,2,3,3,1,1,1,2,1,3,2,4,2,2,1,1,1,2
"R_3kvKMbcfSYtm0Cg",1,32,3,2,3,NA,-1,4,3,2,1,2,3,3,1,1,4,2,1,3,2,4,2,2,1,4,2,2
"R_2cbYaWI3I7h3kmA",2,47,5,5,1,1,NA,1,3,1,1,1,3,3,1,2,2,1,3,3,2,3,2,1,1,1,3,1
"R_2cbYaWI3I7h3kmA",2,47,5,5,1,1,NA,2,2,1,1,1,3,2,1,2,4,1,3,2,2,3,2,1,2,4,1,2
"R_2cbYaWI3I7h3kmA",2,47,5,5,1,1,NA,3,2,2,2,2,2,2,1,1,1,2,2,2,1,3,2,2,1,2,2,4
"R_2cbYaWI3I7h3kmA",2,47,5,5,1,1,NA,4,1,1,2,1,2,1,1,2,4,1,2,1,3,4,3,2,7,3,2,2
"R_1LZnppomCqDLosg",1,71,4,4,2,0,NA,1,3,2,1,1,2,1,1,1,4,1,3,2,3,1,1,2,1,2,2,1
"R_1LZnppomCqDLosg",1,71,4,4,2,0,NA,2,1,1,1,1,2,2,2,2,3,1,3,3,2,3,2,1,7,3,2,1
"R_1LZnppomCqDLosg",1,71,4,4,2,0,NA,3,1,1,2,1,2,3,1,2,1,1,3,2,2,4,2,1,1,4,3,1
"R_1LZnppomCqDLosg",1,71,4,4,2,0,NA,4,1,2,1,2,3,3,2,1,2,1,1,3,2,3,2,1,1,3,3,4
"R_3rP7FuqwnsfCMhm",1,26,5,3,2,0,NA,1,1,2,2,1,3,3,1,1,3,1,2,3,2,3,2,1,1,2,3,1
"R_3rP7FuqwnsfCMhm",1,26,5,3,2,0,NA,2,3,2,1,1,2,3,1,1,2,2,2,3,1,2,2,2,1,1,1,4
"R_3rP7FuqwnsfCMhm",1,26,5,3,2,0,NA,3,2,2,1,2,2,1,2,2,3,2,3,2,1,4,2,1,7,3,2,1
"R_3rP7FuqwnsfCMhm",1,26,5,3,2,0,NA,4,3,1,2,2,1,3,1,2,4,1,3,3,1,3,2,2,2,2,3,3
"R_2OVAWSzeKU2fHx1",1,45,3,3,3,NA,-1,1,3,2,1,2,2,3,1,1,1,2,1,2,2,4,2,1,1,2,1,4
"R_2OVAWSzeKU2fHx1",1,45,3,3,3,NA,-1,2,1,2,2,2,2,1,1,1,2,2,1,1,1,3,2,1,1,4,3,3
"R_2OVAWSzeKU2fHx1",1,45,3,3,3,NA,-1,3,2,1,1,1,3,1,1,2,3,1,3,2,2,3,2,2,7,1,2,2
"R_2OVAWSzeKU2fHx1",1,45,3,3,3,NA,-1,4,1,2,2,2,2,1,1,1,1,2,1,2,4,3,2,1,1,3,3,1
"R_1K2yGpnEZeJ5aWB",2,35,5,1,3,NA,0,1,2,1,2,1,2,1,1,1,2,2,3,2,1,3,2,2,2,1,3,3
"R_1K2yGpnEZeJ5aWB",2,35,5,1,3,NA,0,2,2,2,2,1,2,1,1,1,3,1,2,1,4,2,2,1,2,3,3,2
"R_1K2yGpnEZeJ5aWB",2,35,5,1,3,NA,0,3,3,2,1,1,3,2,2,1,1,1,3,1,1,3,2,1,1,2,1,4
"R_1K2yGpnEZeJ5aWB",2,35,5,1,3,NA,0,4,3,2,1,1,1,3,2,1,3,2,3,2,2,2,3,2,3,4,1,1
"R_3kmIjZzZk0aDEFY",1,52,5,4,1,0,NA,1,2,2,1,2,3,3,1,1,2,1,2,2,2,1,1,1,3,1,1,2
"R_3kmIjZzZk0aDEFY",1,52,5,4,1,0,NA,2,3,2,1,2,3,2,1,1,2,1,1,3,3,1,1,1,1,1,2,2
"R_3kmIjZzZk0aDEFY",1,52,5,4,1,0,NA,3,1,2,2,1,2,1,2,2,3,2,3,1,4,3,3,1,2,2,3,4
"R_3kmIjZzZk0aDEFY",1,52,5,4,1,0,NA,4,2,1,1,2,2,3,2,2,4,2,3,2,4,4,3,1,1,2,2,2
"R_2YXqb1AomnaQtIM",2,40,2,1,1,1,NA,1,1,2,1,2,3,1,2,2,3,1,3,2,2,1,3,1,1,3,1,3
"R_2YXqb1AomnaQtIM",2,40,2,1,1,1,NA,2,2,2,1,2,2,3,1,2,3,1,2,3,1,3,2,2,2,2,2,3
"R_2YXqb1AomnaQtIM",2,40,2,1,1,1,NA,3,3,1,1,2,1,3,1,1,2,1,1,1,4,4,1,1,1,1,3,1
"R_2YXqb1AomnaQtIM",2,40,2,1,1,1,NA,4,3,1,2,2,2,1,1,1,3,2,1,1,3,3,2,1,1,4,1,3
"R_1r9c9tvWIpeVO5U",2,30,5,2,2,1,NA,1,1,2,2,2,3,3,1,1,1,2,1,3,2,3,2,1,1,4,3,2
"R_1r9c9tvWIpeVO5U",2,30,5,2,2,1,NA,2,2,2,2,1,2,3,1,2,2,2,2,3,2,3,2,1,1,2,3,1
"R_1r9c9tvWIpeVO5U",2,30,5,2,2,1,NA,3,1,2,2,2,3,3,1,2,3,2,1,3,1,3,3,1,1,3,2,2
"R_1r9c9tvWIpeVO5U",2,30,5,2,2,1,NA,4,1,2,2,1,3,3,2,2,2,2,2,3,1,3,2,1,1,4,3,2
"R_NX82I9JpD5alvKp",2,53,4,3,2,1,NA,1,2,2,2,2,3,3,1,1,1,2,1,2,2,3,2,1,1,2,3,1
"R_NX82I9JpD5alvKp",2,53,4,3,2,1,NA,2,1,1,1,2,2,3,1,1,3,1,3,3,1,4,2,1,7,3,2,3
"R_NX82I9JpD5alvKp",2,53,4,3,2,1,NA,3,1,1,1,1,2,2,1,2,2,1,3,2,2,2,2,1,7,1,3,1
"R_NX82I9JpD5alvKp",2,53,4,3,2,1,NA,4,1,1,2,1,3,1,1,2,1,1,2,2,2,3,3,1,1,1,2,1
"R_3emkK6GeKga09DS",1,21,3,2,2,1,NA,1,3,1,2,1,2,3,1,2,3,2,3,2,2,3,2,2,1,1,2,3
"R_3emkK6GeKga09DS",1,21,3,2,2,1,NA,2,3,2,2,1,2,2,1,2,2,2,3,2,2,1,2,2,1,3,1,1
"R_3emkK6GeKga09DS",1,21,3,2,2,1,NA,3,3,2,1,2,2,3,1,1,4,2,2,2,2,3,2,2,1,2,2,3
"R_3emkK6GeKga09DS",1,21,3,2,2,1,NA,4,3,2,2,2,2,2,1,1,1,2,1,2,3,4,2,2,1,4,3,4
"R_2CxrrEZcidgn0S3",2,50,3,4,3,NA,0,1,1,2,2,2,1,1,1,1,4,2,1,1,1,4,2,1,1,1,3,1
"R_2CxrrEZcidgn0S3",2,50,3,4,3,NA,0,2,3,1,1,2,2,3,1,1,1,2,1,2,1,3,2,2,1,4,1,3
"R_2CxrrEZcidgn0S3",2,50,3,4,3,NA,0,3,3,1,2,2,2,1,1,1,1,2,1,2,4,3,2,1,1,4,1,4
"R_2CxrrEZcidgn0S3",2,50,3,4,3,NA,0,4,1,2,2,1,2,1,2,2,4,2,2,1,3,4,3,1,2,3,2,1
"R_3EmtD1qkTfs5wXC",2,28,5,2,2,1,NA,1,3,2,1,2,2,1,1,1,2,2,1,2,1,3,2,1,1,2,2,3
"R_3EmtD1qkTfs5wXC",2,28,5,2,2,1,NA,2,1,1,2,2,3,2,1,1,3,2,1,3,2,4,2,1,1,4,1,2
"R_3EmtD1qkTfs5wXC",2,28,5,2,2,1,NA,3,3,1,1,2,2,1,1,1,1,2,1,2,1,3,2,1,1,3,2,2
"R_3EmtD1qkTfs5wXC",2,28,5,2,2,1,NA,4,2,2,1,2,2,1,1,1,2,2,1,3,2,3,2,1,1,1,3,1
"R_2E4744myL483L4B",1,34,2,1,2,1,NA,1,2,1,2,2,3,3,1,1,1,2,1,3,1,3,2,2,1,2,1,3
"R_2E4744myL483L4B",1,34,2,1,2,1,NA,2,2,1,2,1,2,1,1,2,4,1,2,2,1,3,2,1,1,1,3,1
"R_2E4744myL483L4B",1,34,2,1,2,1,NA,3,3,1,1,2,3,2,1,1,2,2,2,3,2,4,2,2,1,3,2,4
"R_2E4744myL483L4B",1,34,2,1,2,1,NA,4,3,2,1,1,2,3,1,2,4,1,3,2,2,4,2,1,1,4,1,1
"R_4IAFJbiot4KQk8R",1,25,5,2,2,0,NA,1,2,1,1,1,3,3,1,2,3,1,3,1,3,3,2,1,1,1,2,3
"R_4IAFJbiot4KQk8R",1,25,5,2,2,0,NA,2,2,2,2,2,2,2,1,1,1,2,1,3,1,4,1,2,1,2,1,4
"R_4IAFJbiot4KQk8R",1,25,5,2,2,0,NA,3,1,2,1,2,2,3,1,2,2,1,2,1,3,2,2,1,1,4,3,2
"R_4IAFJbiot4KQk8R",1,25,5,2,2,0,NA,4,2,2,1,1,2,1,2,1,4,1,3,1,4,3,2,2,1,3,3,1
"R_1pKDXUzwoHGLYlL",2,34,6,6,2,0,NA,1,1,2,1,1,2,2,2,2,3,2,2,2,3,3,2,1,1,2,2,3
"R_1pKDXUzwoHGLYlL",2,34,6,6,2,0,NA,2,1,2,1,1,2,2,2,2,4,2,2,2,1,2,3,1,1,3,3,1
"R_1pKDXUzwoHGLYlL",2,34,6,6,2,0,NA,3,1,1,2,1,3,3,1,1,2,1,1,2,1,2,2,2,1,1,2,1
"R_1pKDXUzwoHGLYlL",2,34,6,6,2,0,NA,4,2,1,1,2,3,3,1,1,1,1,1,3,2,1,2,2,1,3,1,3
"R_3EA9r1l2KctUuPP",2,46,5,5,1,1,NA,1,2,1,1,1,2,2,1,2,3,1,2,1,1,3,2,2,1,1,1,1
"R_3EA9r1l2KctUuPP",2,46,5,5,1,1,NA,2,1,1,2,1,2,1,2,1,1,2,2,1,3,4,2,1,1,3,2,4
"R_3EA9r1l2KctUuPP",2,46,5,5,1,1,NA,3,2,1,1,2,2,3,1,1,4,2,1,1,3,3,3,2,1,4,3,2
"R_3EA9r1l2KctUuPP",2,46,5,5,1,1,NA,4,1,2,2,1,2,1,2,2,2,2,1,1,1,3,2,1,1,2,1,2
"R_7OLke3CSd9Biamp",1,34,2,2,2,0,NA,1,2,2,2,2,2,2,1,1,4,2,1,1,2,2,3,1,1,2,2,4
"R_7OLke3CSd9Biamp",1,34,2,2,2,0,NA,2,3,2,2,2,2,3,1,2,3,2,2,2,1,1,3,2,1,1,3,2
"R_7OLke3CSd9Biamp",1,34,2,2,2,0,NA,3,3,2,2,1,3,1,1,1,2,1,2,2,4,4,2,2,2,3,1,4
"R_7OLke3CSd9Biamp",1,34,2,2,2,0,NA,4,3,1,1,2,1,1,2,1,1,1,2,1,3,3,2,1,1,1,2,2
"R_1NlwyCODxc1pJde",2,25,2,1,3,NA,-1,1,2,1,1,1,3,3,2,1,3,1,2,2,2,2,2,1,1,4,1,1
"R_1NlwyCODxc1pJde",2,25,2,1,3,NA,-1,2,1,2,2,2,3,1,1,1,4,2,1,3,1,1,1,1,1,1,2,4
"R_1NlwyCODxc1pJde",2,25,2,1,3,NA,-1,3,2,2,1,2,2,1,1,2,2,2,2,2,1,4,2,1,2,3,3,2
"R_1NlwyCODxc1pJde",2,25,2,1,3,NA,-1,4,3,1,1,1,2,2,1,1,3,1,1,2,2,4,2,2,1,4,1,4
"R_8tOKZh9yFTObBYd",2,46,6,5,3,NA,1,1,2,1,2,2,3,1,1,1,3,2,1,1,2,3,2,2,1,3,1,4
"R_8tOKZh9yFTObBYd",2,46,6,5,3,NA,1,2,3,1,1,1,3,3,1,1,2,1,2,1,2,4,2,2,2,1,3,2
"R_8tOKZh9yFTObBYd",2,46,6,5,3,NA,1,3,3,2,1,2,3,3,1,1,4,1,1,1,3,3,3,1,1,2,1,4
"R_8tOKZh9yFTObBYd",2,46,6,5,3,NA,1,4,3,2,1,1,3,2,1,2,1,1,2,2,2,3,2,1,7,1,2,1
"R_1hWjPOQJQZpc9ia",2,36,4,3,3,NA,0,1,2,2,1,2,2,3,1,2,1,2,1,3,2,3,2,2,1,1,1,2
"R_1hWjPOQJQZpc9ia",2,36,4,3,3,NA,0,2,2,1,1,2,2,3,1,1,4,2,1,3,2,4,2,1,1,3,2,3
"R_1hWjPOQJQZpc9ia",2,36,4,3,3,NA,0,3,3,2,2,1,2,1,1,2,4,1,2,2,1,3,1,1,1,2,2,1
"R_1hWjPOQJQZpc9ia",2,36,4,3,3,NA,0,4,2,1,2,1,2,3,1,2,2,1,2,2,2,3,2,2,1,1,1,1
"R_26fKZuJPZcT7crd",1,35,5,3,2,1,NA,1,1,1,2,1,2,3,1,2,2,1,2,3,2,2,2,1,1,4,2,1
"R_26fKZuJPZcT7crd",1,35,5,3,2,1,NA,2,2,2,2,2,3,3,1,1,4,2,1,3,1,4,3,1,1,2,1,1
"R_26fKZuJPZcT7crd",1,35,5,3,2,1,NA,3,3,1,2,1,2,3,1,1,3,1,2,2,2,1,3,1,1,4,2,1
"R_26fKZuJPZcT7crd",1,35,5,3,2,1,NA,4,1,2,1,2,2,2,1,1,1,2,2,2,3,3,2,1,1,1,2,1
"R_2qvHNfdei9Tatpb",2,56,5,2,3,NA,0,1,1,2,1,1,3,1,1,2,1,1,2,3,2,3,2,1,1,1,3,2
"R_2qvHNfdei9Tatpb",2,56,5,2,3,NA,0,2,1,2,1,2,3,1,2,1,3,1,2,3,1,4,2,1,1,4,1,1
"R_2qvHNfdei9Tatpb",2,56,5,2,3,NA,0,3,1,2,2,1,2,3,1,1,4,2,2,3,2,4,2,2,7,3,2,4
"R_2qvHNfdei9Tatpb",2,56,5,2,3,NA,0,4,2,2,2,1,3,2,1,1,2,2,2,3,4,3,3,1,1,2,2,3
"R_3ezqPiNyPUNvL5i",1,29,4,2,2,0,NA,1,1,1,2,1,2,3,1,2,3,2,3,1,3,2,2,1,2,4,2,4
"R_3ezqPiNyPUNvL5i",1,29,4,2,2,0,NA,2,1,2,2,1,2,3,1,1,4,2,1,2,1,2,2,1,1,4,1,1
"R_3ezqPiNyPUNvL5i",1,29,4,2,2,0,NA,3,1,1,2,2,2,1,1,1,4,2,1,1,4,3,2,1,1,1,2,1
"R_3ezqPiNyPUNvL5i",1,29,4,2,2,0,NA,4,2,2,1,2,3,3,2,1,3,1,3,3,2,3,2,1,1,1,2,3
"R_2zbFEAkrKjj6CiT",1,31,6,6,2,1,NA,1,2,2,1,2,3,3,1,1,3,2,2,3,2,4,2,1,1,4,2,3
"R_2zbFEAkrKjj6CiT",1,31,6,6,2,1,NA,2,3,1,2,1,2,2,1,2,2,1,3,2,1,3,2,2,1,3,1,4
"R_2zbFEAkrKjj6CiT",1,31,6,6,2,1,NA,3,2,2,1,1,2,3,2,2,1,1,3,2,2,2,2,1,7,1,3,2
"R_2zbFEAkrKjj6CiT",1,31,6,6,2,1,NA,4,3,2,2,2,3,2,1,1,3,2,1,3,1,1,2,1,1,2,1,3
"R_1JQ2OLKtt0cqpdK",2,45,5,3,3,NA,0,1,2,2,2,2,3,3,1,1,2,2,1,3,2,4,2,1,1,1,2,1
"R_1JQ2OLKtt0cqpdK",2,45,5,3,3,NA,0,2,3,1,2,2,3,3,1,1,4,2,1,3,2,4,2,1,1,4,3,3
"R_1JQ2OLKtt0cqpdK",2,45,5,3,3,NA,0,3,3,1,2,1,2,1,1,2,4,1,2,2,1,3,3,2,1,1,3,4
"R_1JQ2OLKtt0cqpdK",2,45,5,3,3,NA,0,4,3,1,1,1,2,1,2,2,4,1,2,2,1,3,2,2,7,1,2,2
"R_1gLwZoaJYCqlkOa",1,41,4,5,2,0,NA,1,3,1,1,2,1,1,1,1,1,2,1,1,4,4,2,2,1,1,2,3
"R_1gLwZoaJYCqlkOa",1,41,4,5,2,0,NA,2,1,1,2,2,2,3,1,1,2,2,2,2,2,2,2,1,7,2,1,2
"R_1gLwZoaJYCqlkOa",1,41,4,5,2,0,NA,3,1,1,2,2,3,3,1,1,4,2,2,2,1,3,2,1,1,3,1,4
"R_1gLwZoaJYCqlkOa",1,41,4,5,2,0,NA,4,2,1,2,2,2,1,1,1,3,2,1,3,2,4,2,2,1,2,1,4
"R_0dK6lh89s8NNCjn",1,29,5,3,1,0,NA,1,1,1,2,1,2,3,1,1,1,2,3,2,2,3,2,2,7,3,1,2
"R_0dK6lh89s8NNCjn",1,29,5,3,1,0,NA,2,1,2,1,2,2,2,1,1,3,2,3,2,2,3,2,2,1,4,1,1
"R_0dK6lh89s8NNCjn",1,29,5,3,1,0,NA,3,3,2,2,1,2,3,1,1,2,2,2,2,1,2,2,1,1,2,2,1
"R_0dK6lh89s8NNCjn",1,29,5,3,1,0,NA,4,3,2,1,1,2,2,1,1,2,1,3,2,1,3,2,1,2,1,2,4
"R_3mkLGDVoSfvPd5v",1,20,3,6,2,1,NA,1,3,2,2,1,2,2,1,1,3,2,1,3,2,3,2,2,1,3,3,3
"R_3mkLGDVoSfvPd5v",1,20,3,6,2,1,NA,2,3,2,2,2,3,3,1,1,4,2,1,3,2,3,2,2,1,4,3,3
"R_3mkLGDVoSfvPd5v",1,20,3,6,2,1,NA,3,1,1,2,2,2,2,1,2,1,2,2,3,2,3,2,1,1,2,3,4
"R_3mkLGDVoSfvPd5v",1,20,3,6,2,1,NA,4,2,2,1,2,2,1,2,2,4,1,2,2,3,3,2,1,1,1,3,2
"R_1IzPvFvJ1BILJxB",2,28,5,2,3,NA,0,1,3,1,1,1,2,3,1,2,2,1,3,1,2,3,2,1,1,4,3,1
"R_1IzPvFvJ1BILJxB",2,28,5,2,3,NA,0,2,2,2,1,1,3,2,1,1,4,1,3,2,1,2,2,2,1,2,1,2
"R_1IzPvFvJ1BILJxB",2,28,5,2,3,NA,0,3,1,1,1,2,2,1,1,1,1,1,3,2,3,2,1,2,1,3,3,3
"R_1IzPvFvJ1BILJxB",2,28,5,2,3,NA,0,4,3,2,2,1,3,3,1,2,4,2,1,2,1,2,3,1,1,1,2,1
"R_2uWFpYGWDotFZQF",1,38,5,5,1,0,NA,1,3,2,1,1,3,1,1,2,3,1,2,2,2,3,2,1,1,1,3,2
"R_2uWFpYGWDotFZQF",1,38,5,5,1,0,NA,2,3,1,2,1,2,1,1,2,2,1,2,1,3,2,2,2,1,1,2,1
"R_2uWFpYGWDotFZQF",1,38,5,5,1,0,NA,3,2,2,2,2,3,2,1,1,2,2,1,2,1,4,2,2,1,1,2,3
"R_2uWFpYGWDotFZQF",1,38,5,5,1,0,NA,4,2,1,2,2,2,3,2,1,1,2,2,1,1,1,2,1,1,1,1,1
"R_DukaScTvG8D44gh",2,33,4,2,1,1,NA,1,3,2,1,2,2,1,1,2,4,1,2,1,1,1,2,1,2,3,2,3
"R_DukaScTvG8D44gh",2,33,4,2,1,1,NA,2,1,1,1,1,2,2,1,2,2,1,3,2,2,2,2,2,1,4,1,4
"R_DukaScTvG8D44gh",2,33,4,2,1,1,NA,3,1,2,1,1,2,1,2,2,3,1,2,3,1,1,3,1,7,3,3,3
"R_DukaScTvG8D44gh",2,33,4,2,1,1,NA,4,2,1,2,2,3,3,1,1,1,2,1,1,4,2,2,2,1,1,1,2
"R_BwT2qzoSGtgkXK1",1,30,5,3,2,1,NA,1,3,1,2,2,1,1,1,2,2,1,1,1,1,3,2,2,2,2,1,4
"R_BwT2qzoSGtgkXK1",1,30,5,3,2,1,NA,2,2,2,1,2,2,3,2,2,1,1,1,2,3,2,3,2,3,1,2,2
"R_BwT2qzoSGtgkXK1",1,30,5,3,2,1,NA,3,2,1,1,1,1,3,1,2,4,1,1,2,3,3,1,2,2,4,3,1
"R_BwT2qzoSGtgkXK1",1,30,5,3,2,1,NA,4,2,2,2,2,3,2,1,1,3,1,2,2,1,3,2,2,1,2,1,3
"R_2TUfLNp50oLP0Ai",2,45,5,5,1,1,NA,1,2,1,1,1,3,3,1,2,1,1,3,3,2,3,2,1,2,4,2,1
"R_2TUfLNp50oLP0Ai",2,45,5,5,1,1,NA,2,3,2,2,1,2,1,1,1,3,2,2,2,1,4,2,2,1,3,1,3
"R_2TUfLNp50oLP0Ai",2,45,5,5,1,1,NA,3,2,2,2,1,2,1,2,2,4,2,2,2,1,2,3,1,2,3,3,1
"R_2TUfLNp50oLP0Ai",2,45,5,5,1,1,NA,4,1,2,2,2,3,3,1,1,2,2,1,2,2,3,2,1,3,4,3,4
"R_6X8zlatqW5Jjuw1",1,58,6,7,1,1,NA,1,2,2,2,1,2,3,1,1,2,2,1,2,1,4,2,2,1,3,1,4
"R_6X8zlatqW5Jjuw1",1,58,6,7,1,1,NA,2,2,2,1,1,2,3,1,2,4,1,3,2,2,3,2,1,1,1,2,3
"R_6X8zlatqW5Jjuw1",1,58,6,7,1,1,NA,3,2,1,2,1,2,2,1,1,2,2,3,2,2,3,2,1,1,4,3,1
"R_6X8zlatqW5Jjuw1",1,58,6,7,1,1,NA,4,2,1,2,2,2,1,1,1,4,1,2,2,1,3,2,1,1,2,1,2
"R_1pAJsGIEpyNNRqr",1,65,4,5,1,1,NA,1,1,2,2,1,3,2,1,2,2,1,2,3,2,3,2,1,1,1,3,1
"R_1pAJsGIEpyNNRqr",1,65,4,5,1,1,NA,2,1,1,2,1,3,1,2,2,1,1,2,3,1,2,2,1,1,2,1,4
"R_1pAJsGIEpyNNRqr",1,65,4,5,1,1,NA,3,1,1,1,2,3,2,1,1,4,1,1,3,2,1,3,1,1,4,2,2
"R_1pAJsGIEpyNNRqr",1,65,4,5,1,1,NA,4,1,1,2,2,3,2,1,1,1,2,1,3,1,3,2,2,1,2,3,3
"R_111K9rrJR7JRtmJ",2,56,4,3,2,0,NA,1,2,1,1,2,2,3,1,2,3,1,2,3,2,3,2,1,1,3,1,1
"R_111K9rrJR7JRtmJ",2,56,4,3,2,0,NA,2,1,2,2,2,2,3,1,2,1,2,2,3,2,3,2,1,1,2,1,2
"R_111K9rrJR7JRtmJ",2,56,4,3,2,0,NA,3,3,1,2,2,3,3,1,2,1,2,1,3,2,3,2,1,1,4,2,1
"R_111K9rrJR7JRtmJ",2,56,4,3,2,0,NA,4,3,1,2,2,3,2,2,2,3,2,2,3,2,3,2,1,1,2,1,2
"R_pSN4uUV7YiBsRMJ",1,26,3,4,1,0,NA,1,3,1,2,2,2,3,1,1,2,2,1,2,1,3,2,2,1,4,1,3
"R_pSN4uUV7YiBsRMJ",1,26,3,4,1,0,NA,2,2,1,2,1,3,3,2,2,4,1,2,3,3,2,3,1,1,1,3,1
"R_pSN4uUV7YiBsRMJ",1,26,3,4,1,0,NA,3,3,1,2,2,3,1,1,1,2,2,1,3,4,4,2,2,1,3,1,2
"R_pSN4uUV7YiBsRMJ",1,26,3,4,1,0,NA,4,1,2,1,1,3,1,2,2,3,1,3,2,2,2,1,1,1,3,3,4
"R_0cEXkhsCZrCl26Z",2,22,3,4,2,0,NA,1,2,1,2,2,3,2,1,2,2,2,2,2,2,3,2,2,1,1,1,2
"R_0cEXkhsCZrCl26Z",2,22,3,4,2,0,NA,2,3,2,1,2,2,2,1,1,1,2,1,2,2,4,3,1,2,2,2,3
"R_0cEXkhsCZrCl26Z",2,22,3,4,2,0,NA,3,1,2,2,1,2,3,1,1,4,2,1,2,1,2,2,1,7,3,2,4
"R_0cEXkhsCZrCl26Z",2,22,3,4,2,0,NA,4,3,1,2,1,3,2,1,2,3,1,2,2,2,3,3,1,1,4,2,3
"R_23ZAeFbEy6X55Qx",1,36,5,5,1,1,NA,1,3,1,2,1,3,2,1,2,3,1,2,2,2,3,2,1,1,4,2,3
"R_23ZAeFbEy6X55Qx",1,36,5,5,1,1,NA,2,3,1,1,2,3,3,1,1,4,2,2,2,1,3,2,1,1,3,1,2
"R_23ZAeFbEy6X55Qx",1,36,5,5,1,1,NA,3,3,2,2,2,2,3,1,1,4,2,1,2,1,4,2,2,1,2,1,1
"R_23ZAeFbEy6X55Qx",1,36,5,5,1,1,NA,4,1,2,1,2,3,1,1,1,1,1,3,2,2,1,1,1,7,4,2,3
"R_4TOWY8HN1hyQTOV",2,23,4,3,3,NA,-1,1,3,1,2,2,2,3,1,1,1,2,1,2,1,3,2,2,1,4,2,3
"R_4TOWY8HN1hyQTOV",2,23,4,3,3,NA,-1,2,1,1,1,2,2,3,2,2,2,1,3,2,2,2,2,1,1,3,3,2
"R_4TOWY8HN1hyQTOV",2,23,4,3,3,NA,-1,3,3,2,1,2,2,3,1,2,1,1,2,2,1,2,2,2,1,1,1,3
"R_4TOWY8HN1hyQTOV",2,23,4,3,3,NA,-1,4,1,1,1,2,2,3,1,2,2,1,3,1,3,1,1,1,2,4,2,4
"R_rihDeqDXYz8sp0J",2,46,6,3,4,NA,-1,1,1,1,2,2,2,3,1,1,2,2,1,3,1,3,2,2,1,4,2,1
"R_rihDeqDXYz8sp0J",2,46,6,3,4,NA,-1,2,2,2,1,2,2,3,1,1,3,2,1,3,2,3,2,1,1,2,2,1
"R_rihDeqDXYz8sp0J",2,46,6,3,4,NA,-1,3,3,1,1,1,2,2,1,2,4,1,2,3,2,3,2,2,1,3,3,2
"R_rihDeqDXYz8sp0J",2,46,6,3,4,NA,-1,4,3,2,2,2,2,2,1,1,4,2,1,3,1,3,2,2,1,3,1,4
"R_1ir53UYiBGwBIvb",2,29,6,3,2,1,NA,1,1,1,2,2,2,2,1,1,2,2,1,2,2,3,2,2,1,2,1,1
"R_1ir53UYiBGwBIvb",2,29,6,3,2,1,NA,2,3,1,1,2,2,3,1,1,1,2,2,3,1,3,2,2,1,4,3,1
"R_1ir53UYiBGwBIvb",2,29,6,3,2,1,NA,3,1,2,2,1,1,1,1,2,3,2,2,1,1,1,3,1,1,1,3,4
"R_1ir53UYiBGwBIvb",2,29,6,3,2,1,NA,4,1,2,1,1,2,1,2,2,1,1,2,1,2,1,1,1,1,1,2,1
"R_3F36jhavMDj4e78",2,46,5,2,1,1,NA,1,2,2,2,1,2,2,1,1,4,1,1,2,2,3,2,1,1,1,1,3
"R_3F36jhavMDj4e78",2,46,5,2,1,1,NA,2,2,2,2,2,2,1,1,1,3,2,1,3,1,3,2,1,1,3,3,1
"R_3F36jhavMDj4e78",2,46,5,2,1,1,NA,3,2,2,2,1,2,3,1,1,1,1,2,1,2,3,2,1,2,4,2,4
"R_3F36jhavMDj4e78",2,46,5,2,1,1,NA,4,2,1,1,2,2,3,1,2,1,2,1,1,2,2,2,1,1,2,3,2
"R_1rwhwdr3XOeEqFE",2,28,6,2,3,NA,0,1,2,1,1,2,3,2,1,1,4,1,2,1,2,3,2,2,1,3,1,1
"R_1rwhwdr3XOeEqFE",2,28,6,2,3,NA,0,2,1,1,2,2,2,1,2,2,1,2,1,1,3,2,2,1,1,1,2,3
"R_1rwhwdr3XOeEqFE",2,28,6,2,3,NA,0,3,2,1,2,1,3,1,1,2,3,2,2,1,1,4,2,2,2,2,1,4
"R_1rwhwdr3XOeEqFE",2,28,6,2,3,NA,0,4,3,2,2,2,2,1,2,2,1,2,2,1,3,4,1,1,1,3,3,2
"R_8wU3mxYCV7A9T0t",2,48,5,4,2,1,NA,1,3,2,1,1,3,2,1,1,3,2,1,2,2,3,2,2,1,1,3,1
"R_8wU3mxYCV7A9T0t",2,48,5,4,2,1,NA,2,3,2,1,2,3,3,1,1,4,2,1,3,1,4,3,1,1,2,2,4
"R_8wU3mxYCV7A9T0t",2,48,5,4,2,1,NA,3,3,1,2,2,2,2,1,1,3,2,1,2,1,2,2,1,1,1,1,2
"R_8wU3mxYCV7A9T0t",2,48,5,4,2,1,NA,4,2,1,2,2,2,3,1,1,2,2,3,2,2,4,2,1,1,2,1,4
"R_3mh4PAKqaua6X0z",2,42,6,1,3,NA,0,1,3,2,1,2,3,2,1,2,4,2,3,2,1,4,2,1,1,1,1,2
"R_3mh4PAKqaua6X0z",2,42,6,1,3,NA,0,2,2,1,1,2,2,2,1,2,3,2,3,2,3,3,2,1,1,4,2,1
"R_3mh4PAKqaua6X0z",2,42,6,1,3,NA,0,3,1,2,2,2,2,2,1,2,2,2,3,1,2,3,2,1,1,2,3,3
"R_3mh4PAKqaua6X0z",2,42,6,1,3,NA,0,4,2,1,1,2,2,2,1,2,1,2,3,2,1,3,2,1,1,3,2,2
"R_djnPAW7K8TQDNmh",2,25,4,2,2,1,NA,1,2,2,1,1,2,1,1,2,4,1,2,1,1,3,2,1,1,1,3,1
"R_djnPAW7K8TQDNmh",2,25,4,2,2,1,NA,2,3,2,2,2,3,2,1,1,2,2,1,2,2,3,2,2,1,3,1,3
"R_djnPAW7K8TQDNmh",2,25,4,2,2,1,NA,3,3,1,2,1,2,3,1,2,1,1,1,1,4,3,2,1,1,2,2,4
"R_djnPAW7K8TQDNmh",2,25,4,2,2,1,NA,4,2,1,1,2,2,3,2,2,4,2,2,1,3,2,2,1,1,1,3,1
"R_2D22NtspwKMPS84",1,29,2,1,2,1,NA,1,2,1,2,2,3,2,1,1,3,2,2,2,1,3,2,1,1,1,3,2
"R_2D22NtspwKMPS84",1,29,2,1,2,1,NA,2,3,1,1,2,2,3,2,1,4,1,3,2,1,4,2,1,1,2,2,1
"R_2D22NtspwKMPS84",1,29,2,1,2,1,NA,3,3,2,1,1,2,1,1,2,2,1,2,3,2,2,2,1,1,3,1,2
"R_2D22NtspwKMPS84",1,29,2,1,2,1,NA,4,3,2,1,2,1,2,1,1,2,1,2,2,1,2,2,2,1,4,3,4
"R_1Q6h9DjPbyMnIng",2,32,6,2,3,NA,0,1,3,2,1,1,3,2,1,1,2,2,2,1,1,3,1,2,1,3,1,2
"R_1Q6h9DjPbyMnIng",2,32,6,2,3,NA,0,2,1,2,1,1,2,1,2,1,4,2,1,2,3,1,2,1,7,4,2,4
"R_1Q6h9DjPbyMnIng",2,32,6,2,3,NA,0,3,2,1,1,1,3,3,1,1,4,1,2,3,2,4,2,2,1,2,1,1
"R_1Q6h9DjPbyMnIng",2,32,6,2,3,NA,0,4,3,2,2,2,2,2,1,2,2,2,1,3,2,2,2,1,2,1,3,3
"R_3kENaw5tCHqi2g2",2,30,3,3,1,1,NA,1,2,2,2,2,2,2,1,1,4,2,1,2,2,3,2,2,1,4,3,1
"R_3kENaw5tCHqi2g2",2,30,3,3,1,1,NA,2,3,2,1,1,2,3,1,2,1,1,3,3,2,4,3,1,1,1,1,4
"R_3kENaw5tCHqi2g2",2,30,3,3,1,1,NA,3,3,2,2,1,2,1,2,2,3,1,3,3,1,3,2,1,2,2,1,1
"R_3kENaw5tCHqi2g2",2,30,3,3,1,1,NA,4,1,2,2,2,3,3,2,1,2,2,2,2,1,3,2,1,1,3,2,3
"R_XTwxtypX6ueRouR",2,32,5,3,2,1,NA,1,1,2,1,2,2,3,1,1,1,2,1,2,2,3,2,1,1,4,1,1
"R_XTwxtypX6ueRouR",2,32,5,3,2,1,NA,2,3,2,1,2,2,1,1,1,1,2,2,2,2,4,2,2,1,2,3,2
"R_XTwxtypX6ueRouR",2,32,5,3,2,1,NA,3,3,1,2,1,2,3,1,1,4,2,2,2,1,3,2,2,1,1,2,3
"R_XTwxtypX6ueRouR",2,32,5,3,2,1,NA,4,2,1,1,2,2,3,2,1,1,2,2,1,1,3,2,1,1,2,1,4
"R_2dzMOFamq5vQqip",1,28,5,3,2,0,NA,1,1,1,1,2,2,1,2,1,1,2,2,2,3,3,2,1,1,3,2,2
"R_2dzMOFamq5vQqip",1,28,5,3,2,0,NA,2,2,2,2,2,2,2,1,1,2,2,1,3,2,4,2,1,1,4,3,1
"R_2dzMOFamq5vQqip",1,28,5,3,2,0,NA,3,2,2,1,1,2,2,1,2,1,1,2,2,1,3,2,1,1,3,2,4
"R_2dzMOFamq5vQqip",1,28,5,3,2,0,NA,4,2,1,1,1,2,3,1,2,3,1,3,2,2,2,2,1,1,2,1,3
"R_3KsGSzwz7Ab4gjD",2,41,5,4,2,1,NA,1,1,1,2,2,3,3,1,1,2,2,1,2,2,3,2,2,1,2,1,1
"R_3KsGSzwz7Ab4gjD",2,41,5,4,2,1,NA,2,3,1,2,1,1,1,1,1,2,1,3,1,1,2,3,2,1,1,2,4
"R_3KsGSzwz7Ab4gjD",2,41,5,4,2,1,NA,3,2,2,1,2,2,1,1,1,3,1,1,1,3,1,3,1,1,4,3,3
"R_3KsGSzwz7Ab4gjD",2,41,5,4,2,1,NA,4,1,2,2,1,1,1,2,2,2,2,1,1,1,1,3,1,3,1,1,3
"R_2aFQObRb3OzQNNd",2,30,5,6,1,1,NA,1,1,2,2,1,2,3,1,1,3,2,2,2,1,4,2,2,1,4,2,1
"R_2aFQObRb3OzQNNd",2,30,5,6,1,1,NA,2,2,2,1,1,2,2,1,2,2,1,3,2,3,3,1,1,1,3,3,3
"R_2aFQObRb3OzQNNd",2,30,5,6,1,1,NA,3,1,1,1,1,3,3,1,2,4,1,3,3,2,3,3,1,1,2,1,4
"R_2aFQObRb3OzQNNd",2,30,5,6,1,1,NA,4,3,1,1,2,2,3,1,2,3,1,3,1,4,4,3,1,1,3,1,3
"R_1i4XJUGfpiStKup",2,29,5,1,2,0,NA,1,1,1,1,2,2,2,1,2,3,1,3,2,1,3,2,1,1,1,3,3
"R_1i4XJUGfpiStKup",2,29,5,1,2,0,NA,2,1,2,1,1,3,3,1,1,4,2,2,3,2,1,3,2,7,4,2,2
"R_1i4XJUGfpiStKup",2,29,5,1,2,0,NA,3,3,2,2,1,3,3,1,2,1,2,1,3,2,4,3,1,1,3,1,1
"R_1i4XJUGfpiStKup",2,29,5,1,2,0,NA,4,3,1,1,2,2,2,2,1,2,1,3,2,1,2,3,1,2,2,3,3
"R_BWadc27Xeafd3cl",2,36,3,1,3,NA,-1,1,2,2,2,2,2,2,1,1,1,2,1,3,2,3,2,1,1,3,1,1
"R_BWadc27Xeafd3cl",2,36,3,1,3,NA,-1,2,3,2,2,1,2,3,1,2,3,2,2,3,1,4,2,2,1,2,3,4
"R_BWadc27Xeafd3cl",2,36,3,1,3,NA,-1,3,3,1,2,2,2,3,1,1,2,2,1,2,1,3,2,2,1,2,2,3
"R_BWadc27Xeafd3cl",2,36,3,1,3,NA,-1,4,1,2,2,2,3,1,2,1,4,2,1,2,2,3,2,1,1,1,1,4
"R_216axnE1Johdhda",1,27,6,3,2,0,NA,1,2,1,1,2,3,1,1,1,3,1,2,3,2,4,2,1,1,2,3,2
"R_216axnE1Johdhda",1,27,6,3,2,0,NA,2,1,1,1,2,3,1,1,1,1,2,2,2,2,3,2,1,1,1,2,2
"R_216axnE1Johdhda",1,27,6,3,2,0,NA,3,2,2,2,1,2,2,2,2,2,1,3,2,1,2,2,1,1,4,1,1
"R_216axnE1Johdhda",1,27,6,3,2,0,NA,4,3,2,1,1,2,2,1,2,3,1,3,2,3,3,2,2,2,3,1,3
"R_3rG8sjOSHLZqGW6",2,49,5,2,2,1,NA,1,3,2,1,2,3,2,1,1,3,1,1,2,1,4,2,1,1,4,2,1
"R_3rG8sjOSHLZqGW6",2,49,5,2,2,1,NA,2,3,2,2,1,3,3,1,2,2,1,2,2,2,3,2,2,1,4,1,2
"R_3rG8sjOSHLZqGW6",2,49,5,2,2,1,NA,3,3,2,1,2,3,3,1,1,4,2,1,3,1,2,2,2,1,1,1,1
"R_3rG8sjOSHLZqGW6",2,49,5,2,2,1,NA,4,1,2,1,1,3,3,1,1,4,1,2,3,2,4,2,1,1,2,1,4
"R_dbAoxRNPxfmTuOR",1,26,2,3,3,NA,0,1,3,2,2,2,3,3,1,1,3,2,1,2,1,3,2,2,1,2,2,2
"R_dbAoxRNPxfmTuOR",1,26,2,3,3,NA,0,2,2,2,2,2,3,2,1,1,1,2,1,3,2,2,2,1,1,3,1,3
"R_dbAoxRNPxfmTuOR",1,26,2,3,3,NA,0,3,3,2,1,1,3,2,1,2,4,1,3,3,2,4,2,1,1,4,3,1
"R_dbAoxRNPxfmTuOR",1,26,2,3,3,NA,0,4,1,1,1,1,2,2,2,2,2,1,3,2,2,2,2,1,1,2,1,2
"R_OwlEMcpiWlSwZBD",2,58,5,2,2,0,NA,1,2,1,2,1,2,1,1,2,2,2,3,2,1,4,2,1,1,3,2,2
"R_OwlEMcpiWlSwZBD",2,58,5,2,2,0,NA,2,2,1,2,2,2,1,1,1,3,2,2,3,2,3,2,1,1,4,3,2
"R_OwlEMcpiWlSwZBD",2,58,5,2,2,0,NA,3,1,2,1,1,2,1,1,2,2,1,3,1,1,3,2,2,7,1,3,3
"R_OwlEMcpiWlSwZBD",2,58,5,2,2,0,NA,4,1,1,2,1,2,1,1,2,1,2,3,1,2,4,2,1,1,2,2,4
"R_1EgG4elHJjnjI0J",2,31,5,6,3,NA,-1,1,2,1,2,1,3,3,1,1,2,2,2,3,2,4,2,2,1,4,1,3
"R_1EgG4elHJjnjI0J",2,31,5,6,3,NA,-1,2,2,1,1,1,3,2,2,2,4,1,2,3,1,2,2,1,1,2,2,2
"R_1EgG4elHJjnjI0J",2,31,5,6,3,NA,-1,3,1,2,1,2,2,1,1,2,1,1,3,2,1,1,3,1,1,3,3,1
"R_1EgG4elHJjnjI0J",2,31,5,6,3,NA,-1,4,1,2,1,1,2,2,1,2,2,1,2,3,2,2,2,2,1,4,1,1
"R_3Nx4J5ZlVgZhyJI",1,48,5,3,3,NA,-1,1,2,2,1,2,2,1,1,1,3,2,1,3,2,3,2,1,1,4,2,2
"R_3Nx4J5ZlVgZhyJI",1,48,5,3,3,NA,-1,2,2,1,2,2,2,1,1,1,1,2,1,2,1,3,2,2,1,4,3,1
"R_3Nx4J5ZlVgZhyJI",1,48,5,3,3,NA,-1,3,1,1,1,2,2,1,1,1,4,2,2,1,3,2,2,1,1,3,1,3
"R_3Nx4J5ZlVgZhyJI",1,48,5,3,3,NA,-1,4,3,2,2,2,2,2,1,1,2,2,1,3,2,4,2,1,1,4,3,4
"R_32WmaHtJjEEkg1R",2,37,4,2,2,1,NA,1,3,1,1,1,3,3,1,2,3,1,3,3,2,2,2,1,1,1,2,2
"R_32WmaHtJjEEkg1R",2,37,4,2,2,1,NA,2,2,1,2,1,3,2,1,2,2,1,2,2,2,3,2,1,1,2,2,2
"R_32WmaHtJjEEkg1R",2,37,4,2,2,1,NA,3,3,2,1,2,2,3,1,1,2,2,1,3,2,4,2,2,1,4,1,3
"R_32WmaHtJjEEkg1R",2,37,4,2,2,1,NA,4,3,1,1,2,2,2,1,1,1,2,1,3,2,4,3,2,1,3,2,4
"R_3D5T10qMiojUdEF",1,44,5,7,2,1,NA,1,3,1,2,1,1,3,1,1,4,1,2,1,1,4,2,2,1,3,1,3
"R_3D5T10qMiojUdEF",1,44,5,7,2,1,NA,2,2,2,1,1,1,1,1,2,2,1,1,1,4,3,2,1,1,2,1,3
"R_3D5T10qMiojUdEF",1,44,5,7,2,1,NA,3,1,1,2,1,2,1,1,2,4,1,3,1,2,3,2,1,1,1,2,2
"R_3D5T10qMiojUdEF",1,44,5,7,2,1,NA,4,3,1,2,2,1,1,2,2,1,1,2,1,1,3,2,1,1,2,3,4
"R_2SjjepoXykqkRtT",1,21,3,4,3,NA,1,1,1,1,1,1,2,2,1,2,4,1,3,2,2,3,2,1,1,2,3,4
"R_2SjjepoXykqkRtT",1,21,3,4,3,NA,1,2,3,2,1,1,2,3,1,2,2,1,2,2,2,4,2,1,1,4,1,3
"R_2SjjepoXykqkRtT",1,21,3,4,3,NA,1,3,1,2,2,1,2,1,1,2,1,2,2,1,1,3,2,1,2,3,2,3
"R_2SjjepoXykqkRtT",1,21,3,4,3,NA,1,4,1,1,1,1,2,1,2,2,2,1,3,1,2,1,1,1,1,1,1,1
"R_1Pd8x4roEa8nqxD",2,42,6,4,1,1,NA,1,2,2,2,2,3,3,1,2,2,2,2,1,1,3,2,2,1,2,1,4
"R_1Pd8x4roEa8nqxD",2,42,6,4,1,1,NA,2,1,2,2,2,2,1,1,2,3,2,2,2,2,3,2,2,1,1,3,2
"R_1Pd8x4roEa8nqxD",2,42,6,4,1,1,NA,3,3,2,1,1,2,1,2,1,3,1,3,1,1,3,1,1,7,1,2,2
"R_1Pd8x4roEa8nqxD",2,42,6,4,1,1,NA,4,2,1,2,2,1,1,2,2,1,1,1,3,2,4,2,2,7,1,3,1
"R_OJXtFvPqFFAgV2h",2,34,2,1,3,NA,1,1,1,1,2,2,2,1,1,1,4,2,2,2,1,3,2,1,1,2,3,1
"R_OJXtFvPqFFAgV2h",2,34,2,1,3,NA,1,2,2,1,1,2,2,3,1,2,3,1,3,2,2,2,3,1,1,2,2,3
"R_OJXtFvPqFFAgV2h",2,34,2,1,3,NA,1,3,2,2,2,1,2,2,2,2,2,1,1,3,3,3,2,1,1,1,1,2
"R_OJXtFvPqFFAgV2h",2,34,2,1,3,NA,1,4,3,2,1,1,2,1,2,2,3,1,2,1,2,3,2,1,1,3,2,3
"R_1M6UBxJaPFQXoBa",1,36,4,2,2,0,NA,1,3,2,1,2,2,3,1,1,4,2,2,3,2,3,2,1,1,1,1,3
"R_1M6UBxJaPFQXoBa",1,36,4,2,2,0,NA,2,1,2,1,1,2,1,1,1,1,1,2,3,2,2,2,2,1,2,1,1
"R_1M6UBxJaPFQXoBa",1,36,4,2,2,0,NA,3,1,2,1,1,2,1,1,1,4,1,2,3,2,1,2,1,1,4,3,4
"R_1M6UBxJaPFQXoBa",1,36,4,2,2,0,NA,4,3,2,2,1,2,3,1,2,3,1,2,2,1,2,2,1,1,3,1,1
"R_3qTJeroSGoKH12q",2,33,5,3,3,NA,0,1,3,1,2,1,2,1,1,2,2,2,2,2,2,3,2,1,2,1,2,2
"R_3qTJeroSGoKH12q",2,33,5,3,3,NA,0,2,2,2,2,1,2,1,1,1,3,2,1,2,1,3,3,2,1,4,2,1
"R_3qTJeroSGoKH12q",2,33,5,3,3,NA,0,3,3,1,2,1,2,1,1,2,1,2,2,2,2,3,2,1,2,4,2,3
"R_3qTJeroSGoKH12q",2,33,5,3,3,NA,0,4,1,1,2,1,2,1,1,2,3,1,2,2,1,2,2,1,1,2,1,2
"R_6f1FbgeI4UjOlyx",2,63,3,1,2,0,NA,1,3,1,2,1,2,1,1,2,1,1,2,1,3,4,2,1,1,4,2,1
"R_6f1FbgeI4UjOlyx",2,63,3,1,2,0,NA,2,2,1,1,1,2,3,2,1,3,1,3,1,3,3,2,1,1,3,3,3
"R_6f1FbgeI4UjOlyx",2,63,3,1,2,0,NA,3,3,1,2,1,2,1,1,2,1,1,2,1,3,4,2,1,2,4,2,3
"R_6f1FbgeI4UjOlyx",2,63,3,1,2,0,NA,4,1,1,2,1,1,1,1,1,3,1,1,1,4,1,1,1,1,1,3,2
"R_247oT6AohJw3x9u",1,59,3,2,2,0,NA,1,2,2,1,2,2,3,1,1,4,1,2,2,1,3,2,1,1,4,2,1
"R_247oT6AohJw3x9u",1,59,3,2,2,0,NA,2,3,2,2,2,3,2,1,1,1,1,2,3,2,4,2,1,1,2,2,4
"R_247oT6AohJw3x9u",1,59,3,2,2,0,NA,3,2,2,1,1,2,1,2,2,3,1,3,2,2,3,2,1,1,3,3,3
"R_247oT6AohJw3x9u",1,59,3,2,2,0,NA,4,3,2,2,1,3,2,1,1,4,2,1,3,1,4,2,2,1,1,1,2
"R_3CZZGbWdzDb3udJ",1,31,4,4,3,NA,1,1,3,1,1,2,3,3,1,1,3,1,1,2,2,4,2,1,1,4,1,3
"R_3CZZGbWdzDb3udJ",1,31,4,4,3,NA,1,2,3,1,1,1,3,2,1,1,3,2,1,2,1,3,2,2,1,2,2,1
"R_3CZZGbWdzDb3udJ",1,31,4,4,3,NA,1,3,3,1,1,2,3,1,1,2,2,1,1,2,1,3,2,1,1,1,1,1
"R_3CZZGbWdzDb3udJ",1,31,4,4,3,NA,1,4,1,2,2,1,2,1,1,1,1,2,1,3,2,3,3,2,1,2,3,2
"R_3ERph3F4lPwpwjS",2,44,3,5,1,1,NA,1,2,2,2,1,2,2,1,2,3,2,2,2,2,1,2,2,1,2,3,1
"R_3ERph3F4lPwpwjS",2,44,3,5,1,1,NA,2,3,2,1,2,2,3,2,1,2,1,1,3,2,3,3,2,7,4,2,4
"R_3ERph3F4lPwpwjS",2,44,3,5,1,1,NA,3,1,1,2,2,3,1,1,1,1,2,1,2,1,3,2,2,1,3,2,2
"R_3ERph3F4lPwpwjS",2,44,3,5,1,1,NA,4,2,1,1,1,3,2,1,2,4,1,3,3,2,1,3,1,2,1,3,2
"R_2anx0avta8WmScQ",1,25,2,2,2,1,NA,1,2,1,2,2,2,3,1,1,2,2,2,3,2,3,2,1,1,4,3,3
"R_2anx0avta8WmScQ",1,25,2,2,2,1,NA,2,3,1,1,1,3,2,2,2,2,1,3,3,1,2,3,1,3,3,1,2
"R_2anx0avta8WmScQ",1,25,2,2,2,1,NA,3,1,1,2,2,1,1,2,1,4,2,1,2,3,1,3,1,2,1,2,4
"R_2anx0avta8WmScQ",1,25,2,2,2,1,NA,4,1,1,2,2,1,1,1,1,4,2,1,1,4,3,1,2,7,2,2,3
"R_2V2b8LvdxTl0TLz",1,24,3,1,3,NA,1,1,2,1,2,2,3,3,1,1,3,2,1,3,1,1,3,2,1,1,2,3
"R_2V2b8LvdxTl0TLz",1,24,3,1,3,NA,1,2,1,2,2,2,2,3,2,1,1,2,1,2,2,3,2,2,1,2,3,4
"R_2V2b8LvdxTl0TLz",1,24,3,1,3,NA,1,3,1,1,2,2,3,2,2,1,1,2,1,2,3,3,2,2,1,3,1,2
"R_2V2b8LvdxTl0TLz",1,24,3,1,3,NA,1,4,2,2,2,2,3,3,2,1,2,2,1,2,2,4,2,2,1,4,1,3
"R_2VHKS9IxKuJtPU5",2,28,5,4,1,0,NA,1,2,2,1,2,3,1,1,1,4,2,2,2,1,3,2,1,1,4,3,3
"R_2VHKS9IxKuJtPU5",2,28,5,4,1,0,NA,2,1,1,1,2,2,3,2,2,2,2,2,1,2,2,1,1,1,1,2,1
"R_2VHKS9IxKuJtPU5",2,28,5,4,1,0,NA,3,3,1,2,1,1,1,1,2,2,2,3,1,3,4,3,1,7,3,1,2
"R_2VHKS9IxKuJtPU5",2,28,5,4,1,0,NA,4,2,2,2,2,2,1,1,1,1,2,1,2,3,4,2,2,1,2,3,2
"R_TpIvMDuYTPaO3wl",2,40,5,3,3,NA,-1,1,3,1,2,1,3,2,1,1,1,1,2,2,2,3,2,2,1,2,1,3
"R_TpIvMDuYTPaO3wl",2,40,5,3,3,NA,-1,2,3,1,1,2,3,2,1,1,3,2,1,2,2,3,2,1,1,3,3,1
"R_TpIvMDuYTPaO3wl",2,40,5,3,3,NA,-1,3,3,2,2,1,2,3,1,2,2,1,1,1,3,2,3,1,1,1,1,2
"R_TpIvMDuYTPaO3wl",2,40,5,3,3,NA,-1,4,2,2,2,1,2,3,2,2,2,1,3,2,1,2,2,1,2,1,2,3
"R_2vhTDwgHEdr3z1T",2,45,4,3,1,0,NA,1,2,2,1,1,2,2,1,1,3,1,1,1,1,3,2,1,1,4,2,1
"R_2vhTDwgHEdr3z1T",2,45,4,3,1,0,NA,2,2,2,1,1,2,3,1,1,3,1,1,1,1,3,2,1,1,4,3,1
"R_2vhTDwgHEdr3z1T",2,45,4,3,1,0,NA,3,3,2,2,1,1,2,1,2,1,2,2,2,3,3,2,2,1,1,1,4
"R_2vhTDwgHEdr3z1T",2,45,4,3,1,0,NA,4,2,2,2,1,2,1,1,1,4,2,2,1,2,3,2,1,2,2,3,1
"R_3fYNSZetQky9a9p",2,51,3,3,2,1,NA,1,1,2,1,2,3,2,1,1,3,2,1,3,1,2,2,1,1,1,3,3
"R_3fYNSZetQky9a9p",2,51,3,3,2,1,NA,2,1,1,2,1,2,1,2,2,2,1,2,2,4,3,2,1,7,3,2,4
"R_3fYNSZetQky9a9p",2,51,3,3,2,1,NA,3,3,2,2,1,3,2,1,1,4,2,1,3,2,4,3,2,1,2,2,3
"R_3fYNSZetQky9a9p",2,51,3,3,2,1,NA,4,3,1,2,2,3,2,2,1,1,2,2,3,2,4,2,2,1,3,1,1
"R_2CqxPXrk8i2obpe",1,25,5,4,2,0,NA,1,3,1,1,2,3,3,1,2,1,1,1,3,1,3,3,1,1,1,1,1
"R_2CqxPXrk8i2obpe",1,25,5,4,2,0,NA,2,3,1,1,1,2,2,1,1,2,2,2,3,2,3,2,2,1,3,2,3
"R_2CqxPXrk8i2obpe",1,25,5,4,2,0,NA,3,1,1,1,2,3,1,1,2,4,1,2,2,2,4,2,2,1,4,3,4
"R_2CqxPXrk8i2obpe",1,25,5,4,2,0,NA,4,1,2,2,1,2,1,1,1,3,2,1,1,1,2,1,2,1,1,3,2
"R_1k031hgaOrMYd9x",1,22,5,4,2,0,NA,1,2,2,1,1,2,2,1,1,4,1,2,2,1,3,2,1,3,3,1,1
"R_1k031hgaOrMYd9x",1,22,5,4,2,0,NA,2,2,2,1,2,3,3,1,1,2,2,2,2,1,3,2,1,1,3,3,4
"R_1k031hgaOrMYd9x",1,22,5,4,2,0,NA,3,2,1,2,2,2,3,1,1,4,2,1,2,2,3,3,1,1,1,2,2
"R_1k031hgaOrMYd9x",1,22,5,4,2,0,NA,4,1,2,1,1,2,3,1,2,2,1,3,2,2,3,2,1,1,2,1,1
"R_d0Snu9jWkrALSRX",2,57,3,1,3,NA,0,1,3,2,2,2,3,1,1,1,4,2,1,2,1,4,2,2,1,4,2,2
"R_d0Snu9jWkrALSRX",2,57,3,1,3,NA,0,2,1,1,2,2,2,1,2,2,3,1,3,3,3,3,2,1,1,2,3,3
"R_d0Snu9jWkrALSRX",2,57,3,1,3,NA,0,3,1,1,1,2,2,1,1,1,4,1,3,1,1,1,1,1,2,4,1,4
"R_d0Snu9jWkrALSRX",2,57,3,1,3,NA,0,4,3,1,2,2,2,3,1,1,2,2,2,2,2,1,2,1,7,3,2,1
"R_2AWnur5tJPVCA0w",1,28,4,3,3,NA,-1,1,1,1,2,2,2,1,1,1,3,2,1,1,1,3,2,1,1,3,3,3
"R_2AWnur5tJPVCA0w",1,28,4,3,3,NA,-1,2,2,2,1,2,2,3,2,2,1,2,2,2,2,2,2,1,3,1,2,1
"R_2AWnur5tJPVCA0w",1,28,4,3,3,NA,-1,3,2,2,2,1,2,1,1,2,4,1,1,2,3,3,2,1,1,2,1,2
"R_2AWnur5tJPVCA0w",1,28,4,3,3,NA,-1,4,1,1,1,2,2,3,1,1,3,2,1,2,1,1,1,2,1,4,1,2
"R_20YuaXzW2iQFzq5",1,21,5,5,3,NA,1,1,3,1,1,2,2,2,1,1,2,2,1,3,1,4,2,1,1,4,1,4
"R_20YuaXzW2iQFzq5",1,21,5,5,3,NA,1,2,1,2,2,1,2,1,1,2,1,2,2,1,3,2,3,1,1,1,2,3
"R_20YuaXzW2iQFzq5",1,21,5,5,3,NA,1,3,2,2,1,2,1,1,1,1,2,1,2,2,4,3,2,1,7,2,3,2
"R_20YuaXzW2iQFzq5",1,21,5,5,3,NA,1,4,1,1,2,2,3,2,1,1,4,2,1,3,1,4,2,1,1,3,1,1
"R_2wMtGfQK8Hqe4S9",1,32,6,3,2,1,NA,1,2,1,1,1,2,2,1,2,1,1,3,1,3,3,2,2,1,1,2,1
"R_2wMtGfQK8Hqe4S9",1,32,6,3,2,1,NA,2,1,2,1,1,2,1,1,2,3,1,3,1,1,3,2,1,1,3,3,1
"R_2wMtGfQK8Hqe4S9",1,32,6,3,2,1,NA,3,1,2,1,2,2,1,2,1,1,2,2,1,1,3,2,2,1,4,2,1
"R_2wMtGfQK8Hqe4S9",1,32,6,3,2,1,NA,4,1,1,2,1,2,1,1,1,1,1,2,1,4,2,2,2,1,3,3,2
"R_1F8uE9EA4flvIuS",2,25,3,1,2,1,NA,1,2,2,1,2,2,3,1,1,2,1,2,1,3,3,2,1,1,1,2,2
"R_1F8uE9EA4flvIuS",2,25,3,1,2,1,NA,2,2,1,2,2,2,2,2,1,4,1,1,1,1,2,2,1,1,4,3,1
"R_1F8uE9EA4flvIuS",2,25,3,1,2,1,NA,3,1,1,2,1,2,1,1,2,1,1,2,2,1,1,2,1,1,3,1,3
"R_1F8uE9EA4flvIuS",2,25,3,1,2,1,NA,4,2,2,1,2,2,3,2,1,4,1,2,1,3,4,2,2,1,2,2,4
"R_3HHdxWkC5b68I6i",2,70,3,3,1,0,NA,1,2,1,2,2,2,1,1,2,4,2,2,2,1,3,2,1,1,4,1,1
"R_3HHdxWkC5b68I6i",2,70,3,3,1,0,NA,2,1,2,2,1,2,1,2,2,2,1,3,1,3,4,3,1,1,2,2,2
"R_3HHdxWkC5b68I6i",2,70,3,3,1,0,NA,3,2,2,2,2,2,1,1,1,1,2,2,2,1,2,2,2,2,3,3,3
"R_3HHdxWkC5b68I6i",2,70,3,3,1,0,NA,4,3,1,2,2,2,2,1,1,4,2,1,2,4,4,2,2,1,1,1,3
"R_3CEmgPrrO4ooXCp",2,47,5,4,3,NA,-1,1,2,1,1,1,2,1,1,2,3,1,3,2,1,3,2,2,1,4,1,1
"R_3CEmgPrrO4ooXCp",2,47,5,4,3,NA,-1,2,3,2,1,2,3,3,1,1,2,2,1,3,2,4,3,2,1,3,2,3
"R_3CEmgPrrO4ooXCp",2,47,5,4,3,NA,-1,3,3,1,2,1,3,1,1,2,4,2,2,3,2,3,3,2,1,2,1,4
"R_3CEmgPrrO4ooXCp",2,47,5,4,3,NA,-1,4,1,1,2,1,2,1,2,2,2,2,2,1,2,3,2,1,2,2,2,3
"R_32Kq4nX46I88B93",2,25,3,2,3,NA,-1,1,1,1,2,2,2,3,1,1,3,2,1,2,1,3,3,1,1,3,1,2
"R_32Kq4nX46I88B93",2,25,3,2,3,NA,-1,2,1,1,2,2,2,3,1,1,3,2,1,2,1,3,3,1,1,3,1,2
"R_32Kq4nX46I88B93",2,25,3,2,3,NA,-1,3,3,1,1,2,3,2,1,2,4,1,3,2,3,4,2,1,1,1,2,3
"R_32Kq4nX46I88B93",2,25,3,2,3,NA,-1,4,3,2,1,2,3,1,1,1,2,2,2,3,2,2,2,2,1,4,3,2
"R_1P6i2zSnrcvhU7G",1,42,2,1,2,1,NA,1,1,1,2,1,3,1,1,1,1,2,2,2,2,3,2,1,1,1,2,1
"R_1P6i2zSnrcvhU7G",1,42,2,1,2,1,NA,2,1,2,1,2,3,1,1,1,4,2,1,3,1,3,3,1,1,3,1,2
"R_1P6i2zSnrcvhU7G",1,42,2,1,2,1,NA,3,3,1,2,1,2,3,1,2,3,1,3,3,2,3,2,2,1,4,2,4
"R_1P6i2zSnrcvhU7G",1,42,2,1,2,1,NA,4,2,1,2,1,2,2,1,2,1,1,3,3,1,3,2,2,1,2,3,2
"R_2DUgkMwEseKPlQ5",1,42,3,3,1,0,NA,1,1,2,2,2,3,3,1,1,3,2,2,2,1,3,2,1,1,2,1,2
"R_2DUgkMwEseKPlQ5",1,42,3,3,1,0,NA,2,3,1,2,1,3,3,1,2,1,1,2,3,1,4,3,2,1,4,2,4
"R_2DUgkMwEseKPlQ5",1,42,3,3,1,0,NA,3,1,1,1,1,2,3,1,2,2,1,3,2,2,2,3,1,1,1,3,1
"R_2DUgkMwEseKPlQ5",1,42,3,3,1,0,NA,4,3,2,2,2,2,3,1,1,1,2,1,2,1,4,2,2,1,2,2,2
"R_21j2cSEZ7HNYPWJ",2,30,4,2,3,NA,-1,1,2,1,1,1,3,3,1,2,4,1,3,2,2,3,2,1,1,1,1,1
"R_21j2cSEZ7HNYPWJ",2,30,4,2,3,NA,-1,2,3,1,1,1,3,3,1,2,1,1,2,2,2,4,2,2,1,4,2,3
"R_21j2cSEZ7HNYPWJ",2,30,4,2,3,NA,-1,3,2,2,1,2,2,2,1,1,2,2,1,1,1,4,2,2,1,3,3,2
"R_21j2cSEZ7HNYPWJ",2,30,4,2,3,NA,-1,4,1,2,2,1,2,1,1,1,3,2,2,1,1,3,2,2,1,4,2,4
"R_DtX1grsrIN622DD",2,28,5,3,2,1,NA,1,3,1,2,1,3,2,1,2,2,2,3,1,1,3,2,2,1,2,3,3
"R_DtX1grsrIN622DD",2,28,5,3,2,1,NA,2,1,2,1,2,3,1,1,1,4,2,2,2,1,4,2,1,1,1,2,1
"R_DtX1grsrIN622DD",2,28,5,3,2,1,NA,3,3,1,2,2,3,2,1,1,1,2,1,1,1,2,2,2,1,2,3,1
"R_DtX1grsrIN622DD",2,28,5,3,2,1,NA,4,2,2,1,2,2,2,2,1,2,1,3,1,2,3,2,1,7,1,3,1
"R_3QErUf6izo4eUuv",2,34,3,4,1,0,NA,1,1,2,1,1,3,3,1,2,2,1,2,3,2,3,2,1,1,4,3,1
"R_3QErUf6izo4eUuv",2,34,3,4,1,0,NA,2,2,2,2,1,3,2,1,2,4,1,2,3,1,3,2,1,1,3,2,3
"R_3QErUf6izo4eUuv",2,34,3,4,1,0,NA,3,1,1,2,1,3,3,1,2,1,1,2,3,2,2,2,1,1,2,3,1
"R_3QErUf6izo4eUuv",2,34,3,4,1,0,NA,4,2,1,2,1,3,2,1,2,4,1,2,2,2,4,2,2,1,2,1,2
"R_2AGzaIy4SrLl6wE",2,39,5,2,3,NA,-1,1,1,1,2,2,2,1,1,2,1,2,2,2,1,3,2,1,1,1,2,2
"R_2AGzaIy4SrLl6wE",2,39,5,2,3,NA,-1,2,1,2,1,1,2,1,1,1,2,1,3,1,1,2,2,1,1,1,2,1
"R_2AGzaIy4SrLl6wE",2,39,5,2,3,NA,-1,3,2,1,2,2,2,1,2,2,4,2,1,1,1,3,1,1,1,2,2,4
"R_2AGzaIy4SrLl6wE",2,39,5,2,3,NA,-1,4,1,2,1,1,2,1,2,1,1,1,2,1,1,2,2,1,1,1,2,2
"R_2PtbwxMSrTFocYh",2,52,3,3,2,0,NA,1,1,1,2,2,3,1,1,2,3,2,2,3,2,4,2,1,1,2,1,3
"R_2PtbwxMSrTFocYh",2,52,3,3,2,0,NA,2,2,1,2,1,1,3,1,2,4,1,3,2,4,3,2,1,7,4,3,2
"R_2PtbwxMSrTFocYh",2,52,3,3,2,0,NA,3,3,1,2,1,3,3,1,1,4,2,2,3,1,4,3,1,1,2,2,3
"R_2PtbwxMSrTFocYh",2,52,3,3,2,0,NA,4,2,1,2,1,2,3,2,2,1,2,2,2,2,1,1,1,2,3,2,3
"R_1Q9ivp1JZNSkPp5",1,26,5,1,4,NA,-1,1,1,1,2,2,3,3,1,1,4,2,2,3,1,3,2,1,1,1,1,1
"R_1Q9ivp1JZNSkPp5",1,26,5,1,4,NA,-1,2,3,2,2,2,2,3,1,1,4,2,1,3,2,3,3,1,1,1,3,1
"R_1Q9ivp1JZNSkPp5",1,26,5,1,4,NA,-1,3,2,1,1,1,2,3,1,2,3,1,3,2,1,3,2,2,1,3,2,2
"R_1Q9ivp1JZNSkPp5",1,26,5,1,4,NA,-1,4,1,1,1,2,2,3,1,2,3,2,2,2,2,4,2,1,1,2,3,4
"R_5gLsdXzAAigm7Wp",2,25,5,3,2,0,NA,1,3,1,2,1,3,3,1,2,2,2,1,2,2,4,3,1,1,1,1,3
"R_5gLsdXzAAigm7Wp",2,25,5,3,2,0,NA,2,2,2,1,1,2,1,1,2,3,1,3,1,3,2,2,1,1,3,3,2
"R_5gLsdXzAAigm7Wp",2,25,5,3,2,0,NA,3,2,2,2,1,1,1,1,1,2,2,1,1,4,1,1,1,1,4,3,3
"R_5gLsdXzAAigm7Wp",2,25,5,3,2,0,NA,4,1,1,1,1,1,1,2,2,3,1,2,1,3,1,2,1,1,1,1,1
"R_beLvbVNPuU9Yu0F",1,35,6,2,4,NA,1,1,1,2,2,1,3,2,1,2,3,1,3,2,1,3,2,1,1,2,3,1
"R_beLvbVNPuU9Yu0F",1,35,6,2,4,NA,1,2,1,2,1,2,3,2,1,1,4,2,2,3,2,3,2,1,1,1,2,2
"R_beLvbVNPuU9Yu0F",1,35,6,2,4,NA,1,3,1,1,2,1,2,1,1,2,2,1,3,2,1,3,2,2,7,4,1,4
"R_beLvbVNPuU9Yu0F",1,35,6,2,4,NA,1,4,1,2,2,2,2,1,1,1,1,2,1,2,4,3,3,2,1,1,2,1
"R_3k05qOJyMoNYf9g",2,32,3,4,3,NA,-1,1,3,1,2,2,2,1,1,1,4,2,1,2,1,3,2,2,1,1,2,1
"R_3k05qOJyMoNYf9g",2,32,3,4,3,NA,-1,2,2,2,1,1,2,1,2,2,4,1,3,1,4,2,1,1,1,2,3,3
"R_3k05qOJyMoNYf9g",2,32,3,4,3,NA,-1,3,3,2,1,1,2,1,1,2,3,1,3,1,3,3,2,1,1,4,1,4
"R_3k05qOJyMoNYf9g",2,32,3,4,3,NA,-1,4,1,2,2,1,2,1,1,1,1,1,2,1,3,2,1,1,1,3,1,3
"R_5A3hoWduHzuQG09",2,44,3,4,3,NA,0,1,1,2,2,1,3,3,1,1,4,2,1,3,1,4,2,1,1,4,1,1
"R_5A3hoWduHzuQG09",2,44,3,4,3,NA,0,2,1,1,1,1,2,1,2,2,3,1,2,2,3,3,2,2,2,2,2,4
"R_5A3hoWduHzuQG09",2,44,3,4,3,NA,0,3,3,1,1,1,2,2,1,1,2,2,1,3,2,4,3,2,1,3,1,2
"R_5A3hoWduHzuQG09",2,44,3,4,3,NA,0,4,3,1,1,2,3,3,2,2,3,1,3,3,4,3,2,1,1,3,3,2
"R_1OkRvo4r7yKRkA7",2,45,5,2,2,0,NA,1,3,2,2,2,3,3,1,1,3,2,1,3,2,3,2,1,1,4,1,3
"R_1OkRvo4r7yKRkA7",2,45,5,2,2,0,NA,2,1,2,2,1,2,1,1,2,4,1,2,2,2,3,2,1,1,1,3,1
"R_1OkRvo4r7yKRkA7",2,45,5,2,2,0,NA,3,2,2,1,2,2,3,2,2,1,1,1,2,1,3,2,2,1,3,1,3
"R_1OkRvo4r7yKRkA7",2,45,5,2,2,0,NA,4,2,2,1,1,2,2,1,2,2,1,2,2,1,3,2,1,1,4,3,4
"R_247QOJxc8gQr0pY",2,29,5,3,2,0,NA,1,2,1,2,1,3,3,1,1,4,2,1,2,2,3,2,1,1,1,1,2
"R_247QOJxc8gQr0pY",2,29,5,3,2,0,NA,2,1,2,2,2,2,1,1,1,3,1,1,2,1,1,1,1,1,4,3,1
"R_247QOJxc8gQr0pY",2,29,5,3,2,0,NA,3,2,2,1,2,2,3,1,1,4,2,1,2,2,3,2,1,1,1,2,4
"R_247QOJxc8gQr0pY",2,29,5,3,2,0,NA,4,1,2,2,2,3,1,1,2,1,1,1,2,2,1,1,1,1,3,2,4
"R_eyfz1xGEK8GcBJn",2,37,5,3,3,NA,-1,1,3,2,1,2,3,3,1,1,4,2,2,3,1,4,2,2,1,1,3,1
"R_eyfz1xGEK8GcBJn",2,37,5,3,3,NA,-1,2,2,1,2,2,2,1,1,1,2,2,1,1,4,4,2,1,1,4,2,4
"R_eyfz1xGEK8GcBJn",2,37,5,3,3,NA,-1,3,3,2,2,2,2,2,1,1,3,2,1,3,1,4,2,2,1,1,1,2
"R_eyfz1xGEK8GcBJn",2,37,5,3,3,NA,-1,4,3,2,2,1,2,1,1,2,4,2,2,1,3,4,2,1,1,2,2,3
"R_2Ximh0UHVgeUcVv",1,36,5,4,2,0,NA,1,3,2,2,1,1,1,1,1,3,2,1,3,4,4,3,1,1,3,1,1
"R_2Ximh0UHVgeUcVv",1,36,5,4,2,0,NA,2,1,2,2,2,2,3,1,1,2,2,1,3,1,3,2,1,7,2,1,1
"R_2Ximh0UHVgeUcVv",1,36,5,4,2,0,NA,3,1,2,2,1,1,1,1,1,1,2,2,1,4,2,3,1,1,1,1,3
"R_2Ximh0UHVgeUcVv",1,36,5,4,2,0,NA,4,2,2,2,2,2,2,1,1,3,2,1,3,2,3,3,1,1,3,1,1
"R_3PmHfoctwgap5Y9",1,26,5,1,2,0,NA,1,1,1,2,1,3,3,1,1,1,1,3,2,2,3,2,1,7,4,1,3
"R_3PmHfoctwgap5Y9",1,26,5,1,2,0,NA,2,1,1,1,1,3,2,2,2,3,1,3,3,2,3,2,1,1,1,3,1
"R_3PmHfoctwgap5Y9",1,26,5,1,2,0,NA,3,1,1,2,2,3,3,1,1,3,2,1,2,1,4,2,1,1,3,2,2
"R_3PmHfoctwgap5Y9",1,26,5,1,2,0,NA,4,3,1,2,2,3,3,1,1,4,2,1,3,2,3,2,1,1,4,1,1
"R_BQhU9isNMFa0mVH",2,27,5,2,2,0,NA,1,2,1,1,2,3,3,1,2,3,2,2,2,2,4,2,1,7,4,1,1
"R_BQhU9isNMFa0mVH",2,27,5,2,2,0,NA,2,3,2,1,1,3,3,1,1,4,2,2,2,2,1,3,1,1,4,1,3
"R_BQhU9isNMFa0mVH",2,27,5,2,2,0,NA,3,3,1,2,2,2,3,1,1,3,2,2,2,2,3,2,1,1,1,1,4
"R_BQhU9isNMFa0mVH",2,27,5,2,2,0,NA,4,2,1,1,2,3,3,1,2,3,2,2,2,2,3,2,1,7,4,1,2
"R_1rNrUy3UUkp7qDh",1,29,3,2,3,NA,-1,1,2,2,2,1,2,3,1,1,1,2,1,2,1,3,2,1,1,4,2,3
"R_1rNrUy3UUkp7qDh",1,29,3,2,3,NA,-1,2,2,2,2,2,2,3,1,1,1,2,1,2,1,3,2,1,1,4,2,3
"R_1rNrUy3UUkp7qDh",1,29,3,2,3,NA,-1,3,2,2,1,2,2,3,1,1,1,2,1,2,2,3,2,2,1,4,2,3
"R_1rNrUy3UUkp7qDh",1,29,3,2,3,NA,-1,4,1,2,2,2,2,3,1,1,1,2,1,2,1,3,2,1,1,4,2,3
"R_cBDLbV2NZk3D3oZ",1,40,4,1,3,NA,-1,1,2,1,1,2,3,2,1,1,1,2,2,3,2,3,2,1,1,3,1,4
"R_cBDLbV2NZk3D3oZ",1,40,4,1,3,NA,-1,2,2,2,1,1,3,3,2,2,3,1,3,2,1,2,2,1,1,1,3,1
"R_cBDLbV2NZk3D3oZ",1,40,4,1,3,NA,-1,3,3,1,1,1,2,3,1,2,4,1,3,3,3,4,2,2,1,2,1,2
"R_cBDLbV2NZk3D3oZ",1,40,4,1,3,NA,-1,4,1,1,1,1,3,2,1,2,2,1,2,3,2,2,2,1,1,4,2,1
"R_1HdTRmJ5OqYD5Yx",2,65,5,3,3,NA,0,1,1,1,1,2,3,1,1,1,2,2,1,2,2,2,2,2,1,4,3,3
"R_1HdTRmJ5OqYD5Yx",2,65,5,3,3,NA,0,2,2,1,1,2,2,1,1,1,4,2,1,2,1,3,2,2,1,3,1,1
"R_1HdTRmJ5OqYD5Yx",2,65,5,3,3,NA,0,3,3,1,1,2,3,3,1,1,1,2,1,3,4,4,2,1,1,1,1,2
"R_1HdTRmJ5OqYD5Yx",2,65,5,3,3,NA,0,4,1,1,1,2,2,1,2,2,1,2,1,1,3,1,1,1,2,2,3,4
"R_Y9UqWAPpYgbZxqV",2,32,5,1,3,NA,1,1,3,1,1,1,3,1,1,2,3,1,3,3,2,4,2,1,1,1,3,3
"R_Y9UqWAPpYgbZxqV",2,32,5,1,3,NA,1,2,3,1,1,2,2,1,1,2,2,1,2,2,1,4,2,2,1,4,1,4
"R_Y9UqWAPpYgbZxqV",2,32,5,1,3,NA,1,3,2,1,2,1,2,1,2,2,3,1,2,1,2,4,2,1,2,2,2,2
"R_Y9UqWAPpYgbZxqV",2,32,5,1,3,NA,1,4,1,1,1,1,3,1,1,2,4,1,3,3,2,3,2,1,1,3,1,4
"R_3kp76h21fDuCaAd",2,60,3,1,1,0,NA,1,1,2,2,1,3,1,1,1,3,2,1,1,1,3,2,1,1,4,3,1
"R_3kp76h21fDuCaAd",2,60,3,1,1,0,NA,2,2,1,1,1,2,3,1,2,2,1,3,1,2,2,2,1,1,3,2,3
"R_3kp76h21fDuCaAd",2,60,3,1,1,0,NA,3,3,2,1,2,3,2,1,1,4,1,2,2,1,4,2,2,1,2,1,4
"R_3kp76h21fDuCaAd",2,60,3,1,1,0,NA,4,2,1,2,2,3,3,1,1,2,2,1,2,2,3,2,2,1,1,1,3
"R_2CWI4EPKycWoVZV",2,58,5,4,3,NA,1,1,1,2,1,1,3,3,1,2,3,1,3,2,2,3,2,1,1,1,3,3
"R_2CWI4EPKycWoVZV",2,58,5,4,3,NA,1,2,1,2,2,2,3,2,1,1,1,2,1,2,1,4,2,2,1,3,1,3
"R_2CWI4EPKycWoVZV",2,58,5,4,3,NA,1,3,3,1,1,2,3,3,1,1,4,2,1,3,2,3,2,2,1,4,2,2
"R_2CWI4EPKycWoVZV",2,58,5,4,3,NA,1,4,2,1,1,2,2,2,1,1,1,2,1,2,2,4,2,2,7,4,2,4
"R_3lxloPbdseWBpkS",2,55,5,3,3,NA,1,1,1,1,1,1,2,1,2,1,3,1,1,1,3,3,2,1,1,2,1,1
"R_3lxloPbdseWBpkS",2,55,5,3,3,NA,1,2,2,2,1,2,2,1,1,1,4,2,2,1,1,2,2,2,1,4,2,4
"R_3lxloPbdseWBpkS",2,55,5,3,3,NA,1,3,2,1,2,1,1,1,1,2,1,1,2,1,4,4,2,2,2,1,1,3
"R_3lxloPbdseWBpkS",2,55,5,3,3,NA,1,4,3,1,1,1,2,1,2,2,4,1,3,1,3,2,3,1,1,3,1,2
"R_2xwTUkPAeeMXSCO",2,26,5,2,2,0,NA,1,3,1,2,2,3,2,1,1,4,2,1,2,2,4,2,2,1,2,2,2
"R_2xwTUkPAeeMXSCO",2,26,5,2,2,0,NA,2,1,2,1,2,3,2,1,1,3,2,2,2,1,3,2,1,1,2,2,1
"R_2xwTUkPAeeMXSCO",2,26,5,2,2,0,NA,3,3,2,1,1,3,2,1,2,2,1,2,2,2,4,2,1,1,2,2,4
"R_2xwTUkPAeeMXSCO",2,26,5,2,2,0,NA,4,3,1,2,2,3,2,1,1,4,2,1,2,2,4,2,2,1,2,2,2
"R_3dSmY2UXDxc5oYP",1,30,5,3,2,0,NA,1,2,1,2,1,3,2,1,1,4,1,2,3,2,3,2,1,1,4,2,3
"R_3dSmY2UXDxc5oYP",1,30,5,3,2,0,NA,2,1,1,1,1,3,3,1,2,2,1,2,3,1,3,2,1,1,2,2,4
"R_3dSmY2UXDxc5oYP",1,30,5,3,2,0,NA,3,1,1,2,1,2,3,1,1,4,2,3,2,3,3,2,2,1,4,3,3
"R_3dSmY2UXDxc5oYP",1,30,5,3,2,0,NA,4,1,2,1,2,2,3,1,1,4,2,2,2,1,3,3,1,1,1,1,2
"R_3EKMyBpJAAcZ2ya",1,30,5,5,4,NA,0,1,3,1,2,1,3,1,1,2,1,2,2,3,2,3,2,1,1,4,3,2
"R_3EKMyBpJAAcZ2ya",1,30,5,5,4,NA,0,2,2,2,2,2,2,2,1,1,4,2,1,3,1,2,3,2,2,2,1,3
"R_3EKMyBpJAAcZ2ya",1,30,5,5,4,NA,0,3,1,1,1,2,3,2,2,1,1,1,2,3,2,1,1,1,7,4,2,3
"R_3EKMyBpJAAcZ2ya",1,30,5,5,4,NA,0,4,2,2,1,1,2,3,2,2,3,1,2,3,1,3,3,1,7,1,1,1
"R_1Kg7NaZWlTkdpd1",2,39,3,3,2,0,NA,1,2,2,2,2,2,2,1,1,2,2,1,3,2,3,2,1,1,2,2,3
"R_1Kg7NaZWlTkdpd1",2,39,3,3,2,0,NA,2,1,1,2,2,2,2,1,1,4,2,2,2,1,2,2,2,1,4,3,3
"R_1Kg7NaZWlTkdpd1",2,39,3,3,2,0,NA,3,2,2,2,1,2,1,1,2,1,1,3,2,3,2,2,1,1,3,1,4
"R_1Kg7NaZWlTkdpd1",2,39,3,3,2,0,NA,4,1,1,2,2,2,3,1,1,2,2,1,3,1,2,2,2,1,1,2,1
"R_1gRMZlvN3JK1QT0",1,28,6,2,3,NA,0,1,2,1,1,2,2,1,1,1,4,1,2,2,1,3,3,1,1,2,2,3
"R_1gRMZlvN3JK1QT0",1,28,6,2,3,NA,0,2,3,2,2,2,2,3,1,1,2,2,1,2,3,2,2,2,1,1,1,1
"R_1gRMZlvN3JK1QT0",1,28,6,2,3,NA,0,3,3,1,1,1,1,3,1,1,1,1,2,1,4,1,3,1,1,3,1,4
"R_1gRMZlvN3JK1QT0",1,28,6,2,3,NA,0,4,1,1,2,1,3,3,1,2,3,2,3,3,2,4,2,2,1,2,3,2
"R_1o0kMlLBVJteKJ0",2,36,3,2,1,1,NA,1,2,2,2,1,2,3,1,1,3,2,1,2,1,3,1,1,1,4,2,3
"R_1o0kMlLBVJteKJ0",2,36,3,2,1,1,NA,2,1,1,1,2,2,1,2,1,1,1,3,2,3,1,2,1,1,1,3,4
"R_1o0kMlLBVJteKJ0",2,36,3,2,1,1,NA,3,3,1,2,1,3,2,1,1,2,2,1,3,2,4,1,2,2,2,1,2
"R_1o0kMlLBVJteKJ0",2,36,3,2,1,1,NA,4,2,2,1,2,2,2,1,1,3,1,3,2,1,3,2,2,1,4,2,3
"R_2Brj4sQxxpiLsSE",2,57,2,2,1,0,NA,1,3,1,1,1,2,3,1,2,3,1,2,2,2,3,2,2,1,3,1,3
"R_2Brj4sQxxpiLsSE",2,57,2,2,1,0,NA,2,2,1,1,1,2,3,1,2,2,1,2,2,1,4,2,1,1,2,3,1
"R_2Brj4sQxxpiLsSE",2,57,2,2,1,0,NA,3,3,2,2,1,2,3,1,1,3,2,1,2,2,3,2,1,1,4,2,3
"R_2Brj4sQxxpiLsSE",2,57,2,2,1,0,NA,4,1,2,1,1,2,1,2,2,2,1,2,2,1,3,2,1,1,1,2,1
"R_1P5GYLyMhi0p6jH",2,27,4,1,3,NA,0,1,2,2,1,1,2,2,1,2,2,1,2,2,2,3,2,2,1,2,3,1
"R_1P5GYLyMhi0p6jH",2,27,4,1,3,NA,0,2,3,2,2,1,2,2,1,1,1,2,1,3,1,3,2,1,1,2,1,3
"R_1P5GYLyMhi0p6jH",2,27,4,1,3,NA,0,3,2,2,1,2,2,1,1,1,1,2,2,2,1,2,2,2,1,4,2,3
"R_1P5GYLyMhi0p6jH",2,27,4,1,3,NA,0,4,2,1,1,2,2,2,1,1,1,2,1,2,2,3,2,2,1,1,1,2
"R_3G89iZcJceGxwY0",1,35,5,3,2,1,NA,1,3,1,1,1,3,3,1,2,3,1,3,1,2,3,2,1,1,1,1,4
"R_3G89iZcJceGxwY0",1,35,5,3,2,1,NA,2,1,2,1,1,2,3,1,1,1,1,3,2,3,2,2,2,7,2,3,1
"R_3G89iZcJceGxwY0",1,35,5,3,2,1,NA,3,1,1,1,1,3,3,2,2,1,1,3,2,2,3,2,1,1,3,2,3
"R_3G89iZcJceGxwY0",1,35,5,3,2,1,NA,4,3,2,1,1,2,2,1,1,4,1,3,1,1,4,2,2,1,4,2,4
"R_2OMYRtyoVFjLmBx",1,35,5,2,3,NA,-1,1,1,1,2,1,2,1,1,1,3,2,1,2,1,4,2,2,1,4,3,1
"R_2OMYRtyoVFjLmBx",1,35,5,2,3,NA,-1,2,3,2,2,1,3,3,1,1,1,2,3,2,3,3,2,1,1,1,2,3
"R_2OMYRtyoVFjLmBx",1,35,5,2,3,NA,-1,3,2,2,2,2,2,2,2,1,3,2,1,2,2,3,2,1,1,2,3,4
"R_2OMYRtyoVFjLmBx",1,35,5,2,3,NA,-1,4,3,2,2,2,2,3,1,1,4,2,2,3,2,4,2,1,1,3,1,2
"R_2zpCwL0qxS1H61k",2,47,3,3,3,NA,-1,1,3,2,2,1,2,3,1,1,2,2,1,2,1,3,2,2,1,2,3,1
"R_2zpCwL0qxS1H61k",2,47,3,3,3,NA,-1,2,2,1,1,2,2,2,1,2,4,1,3,2,3,2,2,1,1,1,1,3
"R_2zpCwL0qxS1H61k",2,47,3,3,3,NA,-1,3,3,2,2,2,3,3,1,1,1,2,1,3,2,4,2,2,1,3,3,2
"R_2zpCwL0qxS1H61k",2,47,3,3,3,NA,-1,4,2,1,1,1,3,3,2,2,3,1,3,2,2,1,2,1,3,4,1,4
"R_1jMRELHvNJs29Ny",2,57,4,4,2,0,NA,1,1,2,2,2,3,1,1,1,1,2,1,3,1,3,2,1,1,1,1,1
"R_1jMRELHvNJs29Ny",2,57,4,4,2,0,NA,2,3,1,2,2,2,1,1,2,4,2,2,2,2,4,2,2,1,4,3,3
"R_1jMRELHvNJs29Ny",2,57,4,4,2,0,NA,3,3,1,2,2,2,1,1,2,4,2,2,2,2,4,2,2,1,4,3,3
"R_1jMRELHvNJs29Ny",2,57,4,4,2,0,NA,4,2,1,1,1,2,2,2,2,2,1,3,1,3,4,2,1,1,3,2,4
"R_1Ej8f7Y2h5axKG2",2,46,4,1,1,1,NA,1,1,1,2,2,2,3,1,1,2,2,3,1,2,3,2,1,1,1,2,1
"R_1Ej8f7Y2h5axKG2",2,46,4,1,1,1,NA,2,3,1,1,1,2,3,1,1,4,1,3,2,2,4,2,2,1,2,1,1
"R_1Ej8f7Y2h5axKG2",2,46,4,1,1,1,NA,3,1,2,2,2,2,3,1,1,2,1,3,1,2,3,2,1,1,1,3,1
"R_1Ej8f7Y2h5axKG2",2,46,4,1,1,1,NA,4,2,1,2,2,2,2,1,1,2,2,3,2,2,3,2,2,1,3,3,2
"R_vUY8E6gQtCWRcUp",2,27,5,2,2,1,NA,1,3,1,1,2,3,2,1,1,1,2,2,3,2,3,2,1,1,3,3,3
"R_vUY8E6gQtCWRcUp",2,27,5,2,2,1,NA,2,1,2,1,1,2,1,1,2,3,1,3,2,2,2,2,1,1,1,1,2
"R_vUY8E6gQtCWRcUp",2,27,5,2,2,1,NA,3,2,1,2,2,2,2,1,1,1,2,1,3,1,4,2,2,1,4,2,1
"R_vUY8E6gQtCWRcUp",2,27,5,2,2,1,NA,4,2,2,2,2,3,2,1,1,1,2,1,3,2,4,2,2,1,2,3,4
"R_rpvr2dwvO7ZKJ4B",2,53,5,3,3,NA,-1,1,3,1,2,1,3,3,1,1,4,2,3,2,1,3,2,1,1,2,3,1
"R_rpvr2dwvO7ZKJ4B",2,53,5,3,3,NA,-1,2,1,2,1,1,2,1,1,2,4,1,3,2,2,3,2,2,1,2,3,2
"R_rpvr2dwvO7ZKJ4B",2,53,5,3,3,NA,-1,3,1,2,1,2,2,1,1,1,3,2,2,2,2,3,2,2,1,1,1,4
"R_rpvr2dwvO7ZKJ4B",2,53,5,3,3,NA,-1,4,1,2,1,1,2,2,2,2,1,1,3,2,2,3,2,2,1,1,2,4
"R_3iyUXBn68Ep2sxD",2,41,3,2,3,NA,0,1,3,2,1,2,2,2,1,1,3,2,2,2,1,3,2,2,1,4,3,1
"R_3iyUXBn68Ep2sxD",2,41,3,2,3,NA,0,2,2,1,1,2,2,1,2,2,2,1,3,1,2,3,3,1,7,2,1,3
"R_3iyUXBn68Ep2sxD",2,41,3,2,3,NA,0,3,2,1,2,2,1,2,1,2,4,2,1,3,2,4,3,1,1,2,3,4
"R_3iyUXBn68Ep2sxD",2,41,3,2,3,NA,0,4,2,1,1,1,2,3,2,2,1,1,3,2,3,2,1,1,1,3,2,1
"R_2EnKJDtMcPkWNSB",2,45,5,5,3,NA,1,1,2,1,1,1,3,3,1,2,1,1,3,3,2,3,2,1,1,3,1,4
"R_2EnKJDtMcPkWNSB",2,45,5,5,3,NA,1,2,1,1,2,2,3,2,1,1,3,2,2,3,2,3,2,1,1,1,2,1
"R_2EnKJDtMcPkWNSB",2,45,5,5,3,NA,1,3,1,1,2,2,3,3,1,1,1,2,2,2,2,3,2,1,1,3,1,4
"R_2EnKJDtMcPkWNSB",2,45,5,5,3,NA,1,4,2,1,1,2,2,3,1,1,4,2,2,2,2,3,2,1,1,2,3,1
"R_296xrOOptz48jUs",2,33,6,4,3,NA,-1,1,2,2,1,1,3,3,2,1,3,1,2,2,2,3,2,1,1,1,2,2
"R_296xrOOptz48jUs",2,33,6,4,3,NA,-1,2,2,1,1,2,2,1,1,1,1,2,1,2,1,2,2,2,1,2,3,4
"R_296xrOOptz48jUs",2,33,6,4,3,NA,-1,3,2,2,1,1,3,3,2,1,3,1,2,2,2,3,2,1,1,1,2,4
"R_296xrOOptz48jUs",2,33,6,4,3,NA,-1,4,3,2,1,1,3,3,1,1,4,2,2,2,1,4,1,2,1,2,1,4
"R_psMq4knacO6zlkt",2,24,6,2,2,1,NA,1,2,1,2,2,3,3,1,1,2,2,1,3,2,3,2,1,1,2,1,1
"R_psMq4knacO6zlkt",2,24,6,2,2,1,NA,2,2,2,1,1,3,2,1,2,2,1,2,3,1,2,2,1,1,3,3,3
"R_psMq4knacO6zlkt",2,24,6,2,2,1,NA,3,3,2,1,1,2,2,1,1,4,1,1,3,1,4,2,2,1,1,2,3
"R_psMq4knacO6zlkt",2,24,6,2,2,1,NA,4,3,1,1,2,2,3,2,1,4,2,1,3,2,4,2,2,1,1,2,2
"R_1gH1SDnw2QLRzpP",2,60,3,3,2,0,NA,1,1,1,2,2,2,1,2,1,3,2,1,1,2,3,2,1,1,4,3,1
"R_1gH1SDnw2QLRzpP",2,60,3,3,2,0,NA,2,3,1,2,2,2,3,1,1,4,2,1,1,1,3,2,2,1,1,1,2
"R_1gH1SDnw2QLRzpP",2,60,3,3,2,0,NA,3,1,1,2,2,2,1,1,1,1,2,1,2,1,4,2,2,1,3,2,4
"R_1gH1SDnw2QLRzpP",2,60,3,3,2,0,NA,4,3,1,1,1,2,3,1,2,3,1,3,2,1,2,2,2,1,2,2,3
"R_2Vydqbpb4oJ17DD",1,27,3,2,2,1,NA,1,1,2,1,1,2,2,1,1,3,2,1,2,1,2,1,1,1,1,2,3
"R_2Vydqbpb4oJ17DD",1,27,3,2,2,1,NA,2,3,2,1,2,1,1,2,1,3,2,2,2,1,1,3,2,7,2,3,4
"R_2Vydqbpb4oJ17DD",1,27,3,2,2,1,NA,3,1,1,2,1,3,1,1,2,2,1,1,2,4,2,1,1,2,3,3,2
"R_2Vydqbpb4oJ17DD",1,27,3,2,2,1,NA,4,1,1,1,1,2,2,1,1,2,1,2,2,3,1,3,2,7,4,1,2
"R_b9DPVJN8MNzwt7r",2,62,4,2,1,1,NA,1,1,1,1,1,3,3,1,2,3,1,3,1,2,3,2,1,1,2,1,4
"R_b9DPVJN8MNzwt7r",2,62,4,2,1,1,NA,2,3,1,1,2,3,3,1,1,2,2,1,2,2,4,2,2,1,1,2,1
"R_b9DPVJN8MNzwt7r",2,62,4,2,1,1,NA,3,3,1,2,2,3,3,1,1,2,2,1,2,2,4,2,2,1,3,1,2
"R_b9DPVJN8MNzwt7r",2,62,4,2,1,1,NA,4,1,1,1,2,3,2,1,1,4,2,1,1,2,3,2,1,1,3,3,4
"R_1LLfXGJKTy31t4Z",2,33,2,1,3,NA,0,1,2,1,2,2,2,3,1,1,3,2,2,2,3,3,2,2,1,2,1,1
"R_1LLfXGJKTy31t4Z",2,33,2,1,3,NA,0,2,3,2,1,1,2,3,1,2,4,1,1,1,1,4,3,2,1,3,2,2
"R_1LLfXGJKTy31t4Z",2,33,2,1,3,NA,0,3,3,1,1,1,2,2,1,2,2,1,3,2,2,4,2,2,1,1,3,3
"R_1LLfXGJKTy31t4Z",2,33,2,1,3,NA,0,4,3,1,2,1,2,2,1,2,1,1,2,1,1,3,2,2,1,2,2,2
"R_3hoV2sEqKFp8tTA",2,53,2,1,1,0,NA,1,1,2,2,1,3,1,1,1,2,2,1,2,1,3,2,2,1,3,3,3
"R_3hoV2sEqKFp8tTA",2,53,2,1,1,0,NA,2,3,1,2,2,2,3,2,2,4,2,2,2,2,4,2,1,2,2,2,4
"R_3hoV2sEqKFp8tTA",2,53,2,1,1,0,NA,3,3,1,2,1,3,1,2,2,3,1,3,3,2,2,2,1,2,2,1,3
"R_3hoV2sEqKFp8tTA",2,53,2,1,1,0,NA,4,3,1,2,1,3,3,2,2,2,1,3,3,2,3,2,1,7,3,1,4
"R_3G3AfA8uV1GMxee",2,55,6,3,1,0,NA,1,2,1,1,2,3,3,1,1,3,2,2,2,2,3,2,1,1,4,3,1
"R_3G3AfA8uV1GMxee",2,55,6,3,1,0,NA,2,2,2,1,1,3,1,2,2,2,1,3,3,1,4,2,1,2,1,3,2
"R_3G3AfA8uV1GMxee",2,55,6,3,1,0,NA,3,1,2,2,1,2,1,1,2,3,1,2,1,1,2,2,1,2,2,1,2
"R_3G3AfA8uV1GMxee",2,55,6,3,1,0,NA,4,2,2,2,2,2,3,1,1,2,2,2,2,2,2,2,2,1,1,2,4
"R_3hGWWO3ZPJ5zf0P",1,23,2,2,2,1,NA,1,1,1,1,1,3,1,2,2,4,2,3,1,4,2,2,2,1,3,2,2
"R_3hGWWO3ZPJ5zf0P",1,23,2,2,2,1,NA,2,2,2,1,2,3,3,1,1,2,1,2,2,1,1,3,2,2,1,1,2
"R_3hGWWO3ZPJ5zf0P",1,23,2,2,2,1,NA,3,2,1,2,2,2,2,1,2,3,2,3,3,2,3,2,1,3,2,3,1
"R_3hGWWO3ZPJ5zf0P",1,23,2,2,2,1,NA,4,3,2,1,2,1,1,2,1,3,2,1,1,3,1,2,1,2,1,2,1
"R_3nBZQhT0nA8ECPf",1,27,3,2,2,1,NA,1,1,1,2,2,2,3,1,1,2,2,2,2,2,3,2,1,7,2,1,1
"R_3nBZQhT0nA8ECPf",1,27,3,2,2,1,NA,2,1,2,2,1,2,3,1,1,3,1,2,2,1,3,2,2,7,3,3,1
"R_3nBZQhT0nA8ECPf",1,27,3,2,2,1,NA,3,3,2,2,2,3,3,2,2,4,1,2,1,4,1,2,1,2,4,3,2
"R_3nBZQhT0nA8ECPf",1,27,3,2,2,1,NA,4,2,1,2,1,1,3,2,2,3,1,3,2,2,3,3,1,1,4,3,3
"R_22noyEoDfciVATY",2,23,5,2,2,0,NA,1,1,1,1,2,3,3,1,1,3,2,1,3,2,1,2,1,1,4,2,1
"R_22noyEoDfciVATY",2,23,5,2,2,0,NA,2,2,2,1,2,2,2,1,1,3,2,2,3,1,3,2,1,1,1,2,1
"R_22noyEoDfciVATY",2,23,5,2,2,0,NA,3,2,1,2,2,3,3,1,1,3,2,1,3,1,4,2,2,1,1,2,1
"R_22noyEoDfciVATY",2,23,5,2,2,0,NA,4,3,2,1,1,2,3,1,2,3,1,3,3,2,1,1,1,1,3,2,1
"R_25tkUpfZaIxqbxQ",1,34,3,2,3,NA,-1,1,3,2,2,1,2,3,1,2,1,2,2,3,1,4,2,2,1,2,1,3
"R_25tkUpfZaIxqbxQ",1,34,3,2,3,NA,-1,2,2,1,1,1,3,1,2,2,4,1,3,2,2,3,2,1,1,1,3,3
"R_25tkUpfZaIxqbxQ",1,34,3,2,3,NA,-1,3,2,2,1,1,2,3,2,2,3,1,2,3,1,2,2,1,7,1,2,1
"R_25tkUpfZaIxqbxQ",1,34,3,2,3,NA,-1,4,3,2,1,2,2,2,1,1,1,2,1,2,2,4,2,2,1,1,3,3
"R_3klkh1yHGRHuTHf",2,44,4,4,1,0,NA,1,2,2,1,2,2,1,1,1,4,2,1,2,1,3,2,1,1,4,2,2
"R_3klkh1yHGRHuTHf",2,44,4,4,1,0,NA,2,3,1,2,2,3,2,1,1,4,2,1,3,2,3,2,1,1,2,3,1
"R_3klkh1yHGRHuTHf",2,44,4,4,1,0,NA,3,1,2,2,2,2,1,2,1,4,2,2,1,3,2,1,1,1,3,3,2
"R_3klkh1yHGRHuTHf",2,44,4,4,1,0,NA,4,3,2,2,2,2,2,1,1,3,2,1,2,1,4,2,2,1,2,2,3
"R_cx7so3NAi7Motxz",2,46,3,2,3,NA,0,1,3,2,2,1,2,3,1,1,3,2,1,1,3,3,2,1,1,1,3,2
"R_cx7so3NAi7Motxz",2,46,3,2,3,NA,0,2,3,1,2,1,2,2,1,2,2,1,2,1,1,3,2,1,2,3,2,4
"R_cx7so3NAi7Motxz",2,46,3,2,3,NA,0,3,1,1,1,1,2,1,2,2,3,1,2,1,3,1,1,1,2,4,3,1
"R_cx7so3NAi7Motxz",2,46,3,2,3,NA,0,4,1,2,1,1,3,1,2,2,4,1,1,2,1,1,3,1,1,2,3,3
"R_3dRmBxuih1owi98",1,27,5,2,3,NA,-1,1,1,2,2,1,1,1,1,1,1,2,2,1,2,1,3,1,1,3,1,2
"R_3dRmBxuih1owi98",1,27,5,2,3,NA,-1,2,3,2,2,2,2,3,1,1,1,2,1,1,2,3,2,1,1,2,3,2
"R_3dRmBxuih1owi98",1,27,5,2,3,NA,-1,3,1,1,2,1,1,1,2,2,3,1,3,1,1,2,2,1,1,1,3,4
"R_3dRmBxuih1owi98",1,27,5,2,3,NA,-1,4,1,2,2,1,2,1,2,2,4,2,2,1,2,1,1,1,7,4,1,1
"R_9RiY8a5PjVsTZlv",2,58,3,1,3,NA,-1,1,3,1,1,2,3,3,2,1,3,2,2,3,2,4,2,2,1,4,1,1
"R_9RiY8a5PjVsTZlv",2,58,3,1,3,NA,-1,2,1,2,2,2,2,1,1,1,1,2,1,2,4,3,2,1,1,1,3,3
"R_9RiY8a5PjVsTZlv",2,58,3,1,3,NA,-1,3,1,1,1,1,2,1,2,2,3,1,3,2,1,2,2,1,2,2,2,2
"R_9RiY8a5PjVsTZlv",2,58,3,1,3,NA,-1,4,3,2,1,2,2,3,1,1,2,2,1,2,2,2,3,1,1,3,1,4
"R_1K2vdyCoPy4Cjzi",1,31,5,3,2,1,NA,1,2,1,2,1,2,1,1,1,1,1,2,1,3,4,2,2,1,2,2,3
"R_1K2vdyCoPy4Cjzi",1,31,5,3,2,1,NA,2,3,2,2,2,1,3,1,1,4,2,1,2,2,4,2,2,1,4,1,1
"R_1K2vdyCoPy4Cjzi",1,31,5,3,2,1,NA,3,2,1,2,2,2,1,1,1,4,2,2,2,2,4,2,2,1,3,2,3
"R_1K2vdyCoPy4Cjzi",1,31,5,3,2,1,NA,4,1,1,2,2,2,1,1,1,2,2,2,1,1,3,2,2,1,1,2,4
"R_1giqLpLkSZFrIyu",1,38,3,4,2,1,NA,1,3,1,2,1,2,2,1,2,1,2,2,2,1,3,2,1,2,3,1,1
"R_1giqLpLkSZFrIyu",1,38,3,4,2,1,NA,2,2,2,1,1,2,3,1,2,1,1,2,2,2,2,3,1,1,2,2,2
"R_1giqLpLkSZFrIyu",1,38,3,4,2,1,NA,3,2,1,2,2,2,1,2,1,3,2,1,3,4,1,1,1,1,4,3,1
"R_1giqLpLkSZFrIyu",1,38,3,4,2,1,NA,4,2,2,2,2,1,3,1,1,4,2,2,1,3,4,3,2,1,2,1,3
"R_PM3lq9rxNmIUQuZ",2,28,3,2,1,0,NA,1,3,1,2,2,3,2,1,2,4,2,1,2,2,1,2,1,1,4,1,3
"R_PM3lq9rxNmIUQuZ",2,28,3,2,1,0,NA,2,3,1,1,2,2,1,1,1,3,1,2,1,1,2,1,1,1,4,3,2
"R_PM3lq9rxNmIUQuZ",2,28,3,2,1,0,NA,3,3,1,1,2,1,3,1,2,1,1,3,2,1,3,3,1,1,1,3,2
"R_PM3lq9rxNmIUQuZ",2,28,3,2,1,0,NA,4,1,1,2,1,2,1,2,2,2,2,1,1,2,1,2,1,1,1,1,2
"R_31FuxIhGADEbPt4",1,35,6,2,2,0,NA,1,2,1,2,2,2,3,1,1,2,2,1,2,1,3,2,1,1,3,3,2
"R_31FuxIhGADEbPt4",1,35,6,2,2,0,NA,2,3,2,1,2,2,3,1,1,3,2,2,2,2,4,2,2,1,3,2,4
"R_31FuxIhGADEbPt4",1,35,6,2,2,0,NA,3,3,2,1,2,2,3,1,1,3,2,2,2,2,4,2,2,1,3,2,4
"R_31FuxIhGADEbPt4",1,35,6,2,2,0,NA,4,3,1,1,2,3,3,1,1,1,2,2,2,2,4,2,2,1,3,1,3
"R_Dc2Qbooz7PEflcJ",2,24,3,6,2,1,NA,1,2,1,1,1,2,2,1,2,4,1,3,3,2,3,2,1,1,2,3,1
"R_Dc2Qbooz7PEflcJ",2,24,3,6,2,1,NA,2,3,1,1,2,3,2,1,1,3,2,2,3,2,3,2,1,1,4,1,4
"R_Dc2Qbooz7PEflcJ",2,24,3,6,2,1,NA,3,1,2,2,2,3,2,1,1,4,2,1,3,1,3,2,2,1,3,1,1
"R_Dc2Qbooz7PEflcJ",2,24,3,6,2,1,NA,4,1,2,2,2,3,2,1,1,1,2,1,3,2,3,2,2,1,3,1,3
"R_2CEr4upUyawdzJu",1,22,5,5,3,NA,-1,1,3,1,1,1,3,3,1,2,3,1,3,2,2,4,2,1,1,4,1,3
"R_2CEr4upUyawdzJu",1,22,5,5,3,NA,-1,2,1,1,1,2,2,3,1,1,2,2,2,2,1,3,2,2,1,2,2,2
"R_2CEr4upUyawdzJu",1,22,5,5,3,NA,-1,3,1,1,2,2,2,2,1,1,4,2,1,2,1,3,2,2,1,1,2,3
"R_2CEr4upUyawdzJu",1,22,5,5,3,NA,-1,4,2,1,2,1,3,3,2,1,3,2,2,3,2,3,2,1,1,3,3,1
"R_UL9tQfGVEHNSMcF",2,35,5,3,3,NA,-1,1,2,1,2,2,3,2,1,1,4,2,1,3,2,3,2,1,1,2,3,2
"R_UL9tQfGVEHNSMcF",2,35,5,3,3,NA,-1,2,3,2,2,2,3,3,1,1,3,2,1,3,2,3,2,2,1,4,3,4
"R_UL9tQfGVEHNSMcF",2,35,5,3,3,NA,-1,3,2,2,2,1,3,2,1,1,4,2,2,2,1,3,2,1,1,2,1,4
"R_UL9tQfGVEHNSMcF",2,35,5,3,3,NA,-1,4,1,2,2,2,3,2,1,1,2,2,1,2,1,3,2,1,1,4,3,1
"R_23fOdkCBio95Mi5",2,42,5,3,2,0,NA,1,2,1,2,2,2,3,1,1,3,2,1,3,1,4,2,2,1,1,3,2
"R_23fOdkCBio95Mi5",2,42,5,3,2,0,NA,2,3,1,2,2,3,3,1,1,3,2,1,3,2,3,2,2,1,3,2,3
"R_23fOdkCBio95Mi5",2,42,5,3,2,0,NA,3,2,2,2,1,2,3,1,2,2,2,2,2,2,4,2,1,7,2,1,4
"R_23fOdkCBio95Mi5",2,42,5,3,2,0,NA,4,2,2,1,2,2,2,1,1,3,1,2,2,1,3,2,1,1,3,3,2
"R_1IWV0CsXZs2RIpr",2,24,2,2,3,NA,0,1,1,2,2,2,2,2,1,2,3,2,2,2,4,3,2,2,1,4,1,1
"R_1IWV0CsXZs2RIpr",2,24,2,2,3,NA,0,2,3,2,2,2,1,3,1,1,1,2,2,2,1,1,2,2,1,1,2,3
"R_1IWV0CsXZs2RIpr",2,24,2,2,3,NA,0,3,3,2,1,2,2,2,1,2,1,2,3,2,1,1,2,2,1,1,3,4
"R_1IWV0CsXZs2RIpr",2,24,2,2,3,NA,0,4,3,1,1,2,2,3,1,1,1,2,2,2,1,2,2,1,1,3,2,4
"R_26kFt6eEGi4pI00",2,34,5,4,1,0,NA,1,2,1,1,2,3,3,1,2,2,1,3,3,2,1,2,1,1,1,3,3
"R_26kFt6eEGi4pI00",2,34,5,4,1,0,NA,2,3,2,2,1,2,3,1,1,1,2,2,2,1,2,2,2,1,2,1,3
"R_26kFt6eEGi4pI00",2,34,5,4,1,0,NA,3,2,1,1,2,3,3,1,2,2,1,3,3,2,1,2,1,1,1,3,1
"R_26kFt6eEGi4pI00",2,34,5,4,1,0,NA,4,2,2,2,2,2,3,1,1,4,2,2,1,4,3,2,2,1,3,2,4
"R_2cdUn9zISVJyn6d",2,34,6,6,1,0,NA,1,3,1,1,1,3,3,1,2,2,1,3,3,2,3,2,1,1,2,1,1
"R_2cdUn9zISVJyn6d",2,34,6,6,1,0,NA,2,2,2,1,1,2,3,1,2,3,1,2,3,1,3,2,1,1,3,3,3
"R_2cdUn9zISVJyn6d",2,34,6,6,1,0,NA,3,2,1,1,1,3,3,1,2,2,1,3,2,3,4,2,1,1,4,3,2
"R_2cdUn9zISVJyn6d",2,34,6,6,1,0,NA,4,2,2,2,2,2,2,1,1,1,2,2,3,1,4,2,1,1,4,2,4
"R_1NEPrkENWsfUHAH",2,36,4,4,3,NA,0,1,2,1,1,1,2,2,1,2,1,1,3,2,2,3,2,1,1,2,2,2
"R_1NEPrkENWsfUHAH",2,36,4,4,3,NA,0,2,1,2,1,2,2,3,2,1,4,2,2,2,1,4,2,1,1,3,1,2
"R_1NEPrkENWsfUHAH",2,36,4,4,3,NA,0,3,3,1,2,1,2,2,1,1,1,2,1,2,1,4,2,1,1,4,1,2
"R_1NEPrkENWsfUHAH",2,36,4,4,3,NA,0,4,3,1,1,2,2,2,1,2,3,1,3,2,1,3,2,1,1,4,3,2
"R_29oza5fCxVMkV2J",2,28,3,1,2,0,NA,1,3,2,2,2,2,3,1,1,3,2,1,3,2,2,3,1,1,1,3,4
"R_29oza5fCxVMkV2J",2,28,3,1,2,0,NA,2,2,2,1,2,2,1,2,1,4,2,2,2,3,3,2,1,1,2,2,1
"R_29oza5fCxVMkV2J",2,28,3,1,2,0,NA,3,2,2,2,1,1,1,1,2,1,2,1,2,4,1,1,1,3,3,1,2
"R_29oza5fCxVMkV2J",2,28,3,1,2,0,NA,4,2,1,2,2,1,1,1,1,1,2,1,2,1,2,3,1,1,4,3,3
"R_3h5ru7MqoyaZFOE",2,27,6,3,2,1,NA,1,3,2,1,1,3,1,1,2,3,1,2,2,2,3,2,1,1,4,1,2
"R_3h5ru7MqoyaZFOE",2,27,6,3,2,1,NA,2,2,2,2,2,3,1,1,1,3,2,1,2,2,4,2,1,1,2,2,3
"R_3h5ru7MqoyaZFOE",2,27,6,3,2,1,NA,3,2,2,2,1,2,1,1,1,3,2,1,2,2,3,2,1,1,4,2,3
"R_3h5ru7MqoyaZFOE",2,27,6,3,2,1,NA,4,2,1,1,2,3,1,1,2,3,1,2,2,2,3,2,1,1,3,3,1
"R_ZlQtjbRAHvTnJ05",1,24,5,6,1,1,NA,1,1,2,1,2,2,3,1,1,3,2,2,2,1,3,2,1,1,3,2,3
"R_ZlQtjbRAHvTnJ05",1,24,5,6,1,1,NA,2,2,2,2,1,2,3,1,2,2,1,3,2,2,2,2,1,1,2,3,2
"R_ZlQtjbRAHvTnJ05",1,24,5,6,1,1,NA,3,2,1,2,1,3,2,1,2,1,1,3,3,4,2,3,1,1,3,3,4
"R_ZlQtjbRAHvTnJ05",1,24,5,6,1,1,NA,4,3,1,1,2,3,2,2,2,4,1,2,3,3,4,1,1,1,1,3,4
"R_725VjWPBGnhEktb",2,32,5,2,3,NA,0,1,1,1,1,1,3,3,2,2,3,2,2,2,2,2,2,1,2,1,1,1
"R_725VjWPBGnhEktb",2,32,5,2,3,NA,0,2,2,2,1,2,3,1,1,1,2,1,1,2,1,4,2,1,1,4,3,1
"R_725VjWPBGnhEktb",2,32,5,2,3,NA,0,3,1,1,2,2,2,3,1,1,4,1,1,2,2,2,2,2,1,2,2,2
"R_725VjWPBGnhEktb",2,32,5,2,3,NA,0,4,1,1,1,2,2,2,2,1,2,2,1,2,2,3,2,1,1,4,1,2
"R_3lxyJRUyuz1qxIe",2,23,5,2,2,0,NA,1,2,2,2,1,2,1,1,2,4,2,1,1,1,3,2,2,1,4,1,3
"R_3lxyJRUyuz1qxIe",2,23,5,2,2,0,NA,2,1,1,2,2,3,3,1,1,1,2,1,2,1,1,3,1,1,1,3,1
"R_3lxyJRUyuz1qxIe",2,23,5,2,2,0,NA,3,1,2,2,1,2,2,1,2,3,2,1,2,2,4,3,1,1,1,3,4
"R_3lxyJRUyuz1qxIe",2,23,5,2,2,0,NA,4,2,1,2,1,2,2,1,1,1,2,1,2,4,3,2,2,2,3,1,2
"R_3DtLmrFCwbt4yCi",2,31,3,1,4,NA,-1,1,3,2,1,2,2,3,2,1,1,2,2,3,2,4,3,1,7,4,1,3
"R_3DtLmrFCwbt4yCi",2,31,3,1,4,NA,-1,2,3,2,1,2,2,3,2,1,1,2,2,3,2,4,3,1,7,4,1,3
"R_3DtLmrFCwbt4yCi",2,31,3,1,4,NA,-1,3,3,1,1,2,1,3,1,1,3,2,2,2,4,4,3,2,1,2,2,1
"R_3DtLmrFCwbt4yCi",2,31,3,1,4,NA,-1,4,2,2,2,1,2,3,1,2,1,1,2,1,2,3,2,2,1,1,3,3
"R_27eyY4BKSxpFohg",1,37,6,4,2,0,NA,1,3,2,1,2,3,1,1,1,1,2,1,2,2,3,2,1,1,4,2,1
"R_27eyY4BKSxpFohg",1,37,6,4,2,0,NA,2,2,2,1,2,3,1,2,1,4,2,1,2,3,4,2,1,1,3,3,2
"R_27eyY4BKSxpFohg",1,37,6,4,2,0,NA,3,1,1,1,1,2,1,1,2,2,1,3,1,1,2,3,1,3,1,1,3
"R_27eyY4BKSxpFohg",1,37,6,4,2,0,NA,4,1,1,2,2,3,3,1,1,3,2,1,3,2,4,2,2,1,2,2,4
"R_ZwLjXO5FUeMK5Nf",1,32,5,4,2,0,NA,1,2,2,1,1,2,1,1,2,2,1,2,1,2,3,2,1,1,2,2,3
"R_ZwLjXO5FUeMK5Nf",1,32,5,4,2,0,NA,2,3,1,2,2,2,3,1,1,4,2,1,2,1,4,2,1,1,1,3,1
"R_ZwLjXO5FUeMK5Nf",1,32,5,4,2,0,NA,3,2,1,1,1,3,1,2,2,1,1,3,1,3,3,2,1,1,3,2,4
"R_ZwLjXO5FUeMK5Nf",1,32,5,4,2,0,NA,4,2,1,1,2,3,2,1,1,3,1,2,2,1,4,2,1,1,2,3,2
"R_24eDh1q7fKlBXlW",1,31,4,2,3,NA,0,1,1,1,1,2,2,1,1,1,2,2,2,2,2,3,2,2,1,4,3,3
"R_24eDh1q7fKlBXlW",1,31,4,2,3,NA,0,2,3,2,1,1,2,3,1,2,1,1,2,3,2,3,2,1,1,3,2,1
"R_24eDh1q7fKlBXlW",1,31,4,2,3,NA,0,3,1,1,1,2,2,1,1,2,4,2,2,2,1,3,2,1,1,1,1,1
"R_24eDh1q7fKlBXlW",1,31,4,2,3,NA,0,4,3,1,2,1,2,3,1,2,3,1,2,3,2,3,2,2,1,2,1,1
"R_uqukJgDaeNF6WQh",1,23,3,1,1,0,NA,1,1,2,1,2,2,3,1,1,1,2,3,2,2,2,2,1,1,1,1,1
"R_uqukJgDaeNF6WQh",1,23,3,1,1,0,NA,2,3,1,1,2,2,3,1,1,3,2,2,3,2,3,2,2,1,4,2,3
"R_uqukJgDaeNF6WQh",1,23,3,1,1,0,NA,3,1,1,1,1,3,3,2,2,2,1,3,3,2,3,2,1,7,2,2,2
"R_uqukJgDaeNF6WQh",1,23,3,1,1,0,NA,4,2,2,2,2,3,2,1,1,4,2,1,3,1,1,2,2,1,4,3,4
"R_8ca2DCXYWe0vhGp",1,37,3,3,3,NA,0,1,1,2,2,2,3,3,1,1,4,2,2,2,2,3,2,2,1,3,1,2
"R_8ca2DCXYWe0vhGp",1,37,3,3,3,NA,0,2,1,2,2,1,2,3,1,2,2,2,1,2,1,4,3,2,2,4,1,2
"R_8ca2DCXYWe0vhGp",1,37,3,3,3,NA,0,3,3,1,1,1,2,1,2,1,1,2,3,1,3,3,2,1,1,1,3,4
"R_8ca2DCXYWe0vhGp",1,37,3,3,3,NA,0,4,3,2,1,1,2,2,1,2,2,1,2,2,4,4,2,2,1,2,3,3
"R_yEZLkRmNJAbAEAF",2,43,5,3,2,1,NA,1,3,2,1,2,2,3,1,2,3,1,1,3,1,4,2,1,1,4,2,1
"R_yEZLkRmNJAbAEAF",2,43,5,3,2,1,NA,2,1,2,2,2,3,1,1,1,4,2,1,3,2,3,2,1,7,1,2,3
"R_yEZLkRmNJAbAEAF",2,43,5,3,2,1,NA,3,1,1,1,2,2,3,2,2,1,1,2,2,3,2,2,1,1,2,3,4
"R_yEZLkRmNJAbAEAF",2,43,5,3,2,1,NA,4,3,1,2,2,2,2,1,1,4,2,1,2,4,4,2,2,1,3,2,2
"R_2P5nPh7QxdcHzM2",2,50,3,2,2,0,NA,1,1,1,2,1,2,1,1,2,4,1,3,2,2,3,2,2,1,1,2,3
"R_2P5nPh7QxdcHzM2",2,50,3,2,2,0,NA,2,3,1,2,2,3,2,1,1,2,2,1,3,1,4,2,2,1,4,3,2
"R_2P5nPh7QxdcHzM2",2,50,3,2,2,0,NA,3,2,2,2,2,3,1,1,1,3,2,1,3,2,2,2,1,1,3,1,4
"R_2P5nPh7QxdcHzM2",2,50,3,2,2,0,NA,4,2,1,1,1,2,3,2,2,1,1,3,2,3,3,2,1,2,2,2,1
"R_232krGxP2ZfpvF2",1,31,2,3,1,1,NA,1,3,2,1,2,3,3,1,1,2,2,2,2,1,3,2,2,1,4,3,3
"R_232krGxP2ZfpvF2",1,31,2,3,1,1,NA,2,1,1,2,2,2,3,1,1,4,1,3,3,2,1,2,1,1,2,3,1
"R_232krGxP2ZfpvF2",1,31,2,3,1,1,NA,3,1,2,2,2,2,1,1,1,1,2,1,2,1,1,1,2,1,2,2,3
"R_232krGxP2ZfpvF2",1,31,2,3,1,1,NA,4,3,2,1,2,1,3,2,2,4,2,2,2,1,4,1,2,1,1,1,4
"R_cNst0LWZtbwGBnr",1,40,5,5,3,NA,-1,1,2,1,2,1,1,2,1,1,4,2,1,2,1,1,3,1,1,2,2,3
"R_cNst0LWZtbwGBnr",1,40,5,5,3,NA,-1,2,3,2,2,2,1,2,1,1,1,2,1,2,2,3,2,2,1,3,1,2
"R_cNst0LWZtbwGBnr",1,40,5,5,3,NA,-1,3,1,1,2,1,2,2,1,2,2,2,1,2,1,3,2,1,1,1,3,4
"R_cNst0LWZtbwGBnr",1,40,5,5,3,NA,-1,4,3,1,2,2,1,2,1,1,1,2,1,2,2,4,2,2,1,2,1,1
"R_27xtOnSi0fKW5KF",1,59,6,5,1,0,NA,1,1,1,1,1,2,1,1,2,3,1,3,1,3,3,2,1,1,3,3,1
"R_27xtOnSi0fKW5KF",1,59,6,5,1,0,NA,2,3,2,2,1,2,1,1,2,4,1,3,1,4,3,2,2,1,2,3,3
"R_27xtOnSi0fKW5KF",1,59,6,5,1,0,NA,3,1,1,2,1,2,1,2,2,1,1,2,1,2,3,3,1,1,1,2,4
"R_27xtOnSi0fKW5KF",1,59,6,5,1,0,NA,4,2,2,1,2,3,3,1,1,2,2,1,2,1,3,2,2,1,1,1,1
"R_XnfCk3ZkQARzWvL",1,30,5,3,3,NA,1,1,2,1,2,1,2,3,1,2,3,1,3,2,2,3,2,1,1,1,1,3
"R_XnfCk3ZkQARzWvL",1,30,5,3,3,NA,1,2,1,2,2,2,2,1,1,1,4,2,1,1,1,2,2,2,1,3,1,1
"R_XnfCk3ZkQARzWvL",1,30,5,3,3,NA,1,3,1,1,1,1,2,1,2,2,1,1,2,1,4,4,3,1,7,1,3,2
"R_XnfCk3ZkQARzWvL",1,30,5,3,3,NA,1,4,2,1,2,2,3,3,1,1,1,2,1,2,1,3,1,1,2,2,2,1
"R_9Rb8O4N80I3YZzT",2,36,5,2,1,0,NA,1,1,2,1,2,3,2,1,2,1,1,3,3,2,3,2,1,1,3,3,3
"R_9Rb8O4N80I3YZzT",2,36,5,2,1,0,NA,2,1,1,1,2,2,1,1,2,2,2,3,2,3,4,2,1,7,2,2,1
"R_9Rb8O4N80I3YZzT",2,36,5,2,1,0,NA,3,3,2,1,2,3,2,1,2,3,1,2,2,2,3,2,1,1,1,1,2
"R_9Rb8O4N80I3YZzT",2,36,5,2,1,0,NA,4,2,2,2,2,3,2,1,2,4,1,1,3,2,2,2,1,1,4,3,4
"R_0pN2B75V7a8EZl7",1,37,3,4,2,0,NA,1,2,1,2,1,2,1,1,2,4,2,2,3,1,3,2,1,1,2,2,3
"R_0pN2B75V7a8EZl7",1,37,3,4,2,0,NA,2,1,2,2,1,3,3,1,1,3,2,1,3,2,2,2,2,1,2,1,1
"R_0pN2B75V7a8EZl7",1,37,3,4,2,0,NA,3,2,1,2,1,3,2,1,1,1,2,2,1,2,3,3,2,1,3,3,3
"R_0pN2B75V7a8EZl7",1,37,3,4,2,0,NA,4,1,1,2,1,2,1,1,2,1,1,2,1,4,1,3,2,7,1,3,4
"R_AFN2ApxmWBFyRFL",2,24,6,5,2,1,NA,1,3,1,1,2,2,2,1,1,3,2,1,3,2,4,2,2,1,4,1,2
"R_AFN2ApxmWBFyRFL",2,24,6,5,2,1,NA,2,1,1,2,1,2,3,2,2,2,1,2,3,2,4,2,1,1,2,1,3
"R_AFN2ApxmWBFyRFL",2,24,6,5,2,1,NA,3,2,1,2,2,3,3,1,1,4,2,1,3,1,4,2,2,1,4,2,3
"R_AFN2ApxmWBFyRFL",2,24,6,5,2,1,NA,4,1,2,1,1,2,1,2,1,4,1,3,2,3,1,2,1,1,4,1,2
"R_2U01WO9AapFEukl",1,27,3,3,2,0,NA,1,1,2,2,1,2,2,2,1,1,1,3,2,2,1,2,1,1,4,2,4
"R_2U01WO9AapFEukl",1,27,3,3,2,0,NA,2,1,1,2,2,2,2,1,1,2,2,1,3,1,2,1,2,1,1,3,4
"R_2U01WO9AapFEukl",1,27,3,3,2,0,NA,3,1,2,2,1,2,2,1,2,2,1,3,1,1,2,2,1,3,1,2,1
"R_2U01WO9AapFEukl",1,27,3,3,2,0,NA,4,3,1,1,1,1,1,1,1,2,1,2,2,2,3,2,2,1,3,1,1
"R_2Qt6IQBi92aKA4b",2,34,5,4,2,1,NA,1,3,2,2,1,2,2,1,1,2,2,2,2,2,3,2,2,1,1,1,1
"R_2Qt6IQBi92aKA4b",2,34,5,4,2,1,NA,2,2,1,2,2,2,3,2,1,1,2,1,2,1,1,2,1,1,2,2,3
"R_2Qt6IQBi92aKA4b",2,34,5,4,2,1,NA,3,1,1,1,2,2,3,2,1,3,1,3,2,1,3,2,1,1,4,2,4
"R_2Qt6IQBi92aKA4b",2,34,5,4,2,1,NA,4,3,2,1,1,3,3,2,2,4,1,3,2,2,3,2,2,1,1,2,2
"R_pt4PeRMMsAATVCN",2,48,6,4,2,1,NA,1,2,2,2,1,2,3,1,1,1,2,1,3,1,3,2,1,1,2,3,1
"R_pt4PeRMMsAATVCN",2,48,6,4,2,1,NA,2,2,2,2,2,2,3,1,1,4,2,1,3,1,3,2,1,1,1,2,1
"R_pt4PeRMMsAATVCN",2,48,6,4,2,1,NA,3,1,2,2,1,2,1,1,1,2,2,1,2,2,2,2,1,1,3,2,4
"R_pt4PeRMMsAATVCN",2,48,6,4,2,1,NA,4,2,2,1,1,2,1,2,2,1,1,2,1,3,3,2,1,1,4,3,4
"R_1Cf6C8zwkGnB35m",2,57,2,1,1,0,NA,1,2,2,1,2,2,2,1,1,1,2,2,3,2,3,2,1,1,1,2,3
"R_1Cf6C8zwkGnB35m",2,57,2,1,1,0,NA,2,2,2,1,1,3,3,1,2,4,1,2,3,2,3,2,1,1,3,1,3
"R_1Cf6C8zwkGnB35m",2,57,2,1,1,0,NA,3,3,1,2,2,2,3,1,1,4,2,2,2,1,3,2,2,1,2,3,3
"R_1Cf6C8zwkGnB35m",2,57,2,1,1,0,NA,4,3,1,2,1,3,3,1,2,2,1,3,3,2,3,2,2,1,3,1,4
"R_1LvZvofM1m2kHaD",1,34,5,3,3,NA,-1,1,1,2,1,2,3,2,1,2,3,2,2,1,2,2,1,1,1,4,1,1
"R_1LvZvofM1m2kHaD",1,34,5,3,3,NA,-1,2,2,1,1,1,3,2,1,2,4,1,1,2,2,1,1,1,1,4,1,1
"R_1LvZvofM1m2kHaD",1,34,5,3,3,NA,-1,3,3,2,1,1,3,3,1,2,1,1,3,2,1,4,2,2,2,1,3,2
"R_1LvZvofM1m2kHaD",1,34,5,3,3,NA,-1,4,2,1,1,2,3,2,2,2,1,2,3,1,2,3,2,1,1,4,3,2
"R_2tolGR4Ku5axn0o",2,58,4,5,1,0,NA,1,1,1,1,2,2,1,1,2,3,1,1,1,2,3,2,2,2,2,2,4
"R_2tolGR4Ku5axn0o",2,58,4,5,1,0,NA,2,1,1,1,1,2,3,1,2,4,2,2,1,2,3,2,2,7,4,1,3
"R_2tolGR4Ku5axn0o",2,58,4,5,1,0,NA,3,3,2,2,2,3,2,1,1,1,2,1,2,2,2,2,2,1,1,3,1
"R_2tolGR4Ku5axn0o",2,58,4,5,1,0,NA,4,3,2,1,1,2,2,1,1,3,1,3,2,2,3,2,1,1,4,2,4
"R_0UMgqeRwcRcsXO9",2,32,5,5,1,0,NA,1,3,2,2,1,3,3,1,2,4,2,1,2,1,3,2,2,1,1,3,4
"R_0UMgqeRwcRcsXO9",2,32,5,5,1,0,NA,2,2,1,1,2,2,3,1,1,1,1,3,1,4,2,3,1,7,2,1,3
"R_0UMgqeRwcRcsXO9",2,32,5,5,1,0,NA,3,1,1,1,2,2,3,2,1,1,1,2,2,2,2,1,2,2,3,3,1
"R_0UMgqeRwcRcsXO9",2,32,5,5,1,0,NA,4,3,2,2,1,2,3,1,2,3,2,2,2,3,4,2,2,1,1,2,2
"R_BG2RtvCjudbNbeV",2,30,5,4,3,NA,-1,1,1,2,2,2,2,1,1,1,2,2,2,2,1,2,2,1,1,2,1,1
"R_BG2RtvCjudbNbeV",2,30,5,4,3,NA,-1,2,1,1,2,1,2,1,1,2,1,2,3,2,1,1,2,1,1,1,3,4
"R_BG2RtvCjudbNbeV",2,30,5,4,3,NA,-1,3,2,1,2,2,3,3,1,1,4,2,2,3,2,3,3,2,1,2,2,4
"R_BG2RtvCjudbNbeV",2,30,5,4,3,NA,-1,4,3,2,2,2,3,1,1,1,2,2,1,2,1,4,2,1,2,3,3,2
"R_9vLOFlg0iOVNU4N",2,23,5,1,3,NA,0,1,1,2,2,2,3,3,1,1,3,2,1,3,1,3,2,1,1,3,2,1
"R_9vLOFlg0iOVNU4N",2,23,5,1,3,NA,0,2,1,1,2,2,3,2,1,1,4,2,1,3,2,3,2,1,1,1,3,2
"R_9vLOFlg0iOVNU4N",2,23,5,1,3,NA,0,3,1,1,2,2,3,3,1,1,1,2,1,3,3,3,2,2,1,4,1,4
"R_9vLOFlg0iOVNU4N",2,23,5,1,3,NA,0,4,3,1,1,2,3,3,1,2,1,1,3,3,3,4,2,2,1,2,2,3
"R_2foIaWNfTO3PGcD",2,57,5,2,2,0,NA,1,3,2,2,2,2,1,1,1,4,2,1,2,1,4,2,2,1,1,2,2
"R_2foIaWNfTO3PGcD",2,57,5,2,2,0,NA,2,1,2,2,1,2,3,1,1,2,2,2,1,2,1,1,1,1,3,3,1
"R_2foIaWNfTO3PGcD",2,57,5,2,2,0,NA,3,3,2,1,2,2,2,2,2,3,2,2,2,3,3,2,1,1,4,2,4
"R_2foIaWNfTO3PGcD",2,57,5,2,2,0,NA,4,2,2,1,1,3,3,2,2,3,1,3,2,2,2,3,1,1,3,3,3
"R_3QK8Ds49n4LNU4l",2,22,5,2,3,NA,1,1,3,2,1,1,3,2,1,1,3,1,3,3,2,4,2,1,1,3,2,3
"R_3QK8Ds49n4LNU4l",2,22,5,2,3,NA,1,2,2,1,2,1,3,3,1,2,4,2,1,2,1,3,2,2,1,1,1,1
"R_3QK8Ds49n4LNU4l",2,22,5,2,3,NA,1,3,1,1,2,2,2,3,1,2,1,2,2,3,2,4,2,1,1,4,3,2
"R_3QK8Ds49n4LNU4l",2,22,5,2,3,NA,1,4,2,2,1,1,3,2,1,2,3,2,1,2,2,3,2,1,1,1,1,3
"R_5vZTS5ttO6naHCR",2,27,5,2,1,1,NA,1,3,1,1,2,3,3,2,2,4,1,2,2,2,3,2,2,7,3,2,1
"R_5vZTS5ttO6naHCR",2,27,5,2,1,1,NA,2,1,2,2,1,2,2,1,2,3,2,3,1,1,4,2,1,3,4,1,3
"R_5vZTS5ttO6naHCR",2,27,5,2,1,1,NA,3,3,2,2,1,2,1,2,1,2,2,1,3,3,2,1,2,2,2,3,4
"R_5vZTS5ttO6naHCR",2,27,5,2,1,1,NA,4,3,2,2,1,1,3,1,1,1,2,3,1,4,1,3,2,3,1,1,2
"R_1geDUtFxqBTzrPI",1,33,2,2,3,NA,0,1,3,2,1,1,2,2,1,2,1,1,2,2,1,2,2,1,1,1,3,4
"R_1geDUtFxqBTzrPI",1,33,2,2,3,NA,0,2,2,1,1,1,2,3,2,2,3,1,3,2,2,3,2,1,1,3,1,1
"R_1geDUtFxqBTzrPI",1,33,2,2,3,NA,0,3,2,2,2,1,3,2,1,1,4,2,1,3,1,4,2,2,1,2,2,2
"R_1geDUtFxqBTzrPI",1,33,2,2,3,NA,0,4,3,2,1,1,2,2,1,1,2,1,2,2,2,3,2,1,2,4,3,3
"R_ZgHZMp7tR41KIrT",1,46,2,3,1,1,NA,1,1,2,1,2,2,2,1,1,4,2,3,1,1,3,2,2,1,1,1,2
"R_ZgHZMp7tR41KIrT",1,46,2,3,1,1,NA,2,2,1,1,2,2,3,1,2,2,2,3,1,2,3,2,1,1,4,3,1
"R_ZgHZMp7tR41KIrT",1,46,2,3,1,1,NA,3,3,2,2,2,2,2,1,1,3,2,1,1,1,4,2,2,1,2,2,4
"R_ZgHZMp7tR41KIrT",1,46,2,3,1,1,NA,4,3,1,1,2,3,1,1,2,4,1,3,1,2,4,2,1,1,3,2,2
"R_74B6Ij4FZtBtNlj",1,29,5,4,3,NA,-1,1,1,2,1,2,3,3,1,1,1,2,2,2,2,3,2,1,1,4,2,1
"R_74B6Ij4FZtBtNlj",1,29,5,4,3,NA,-1,2,2,1,1,2,2,3,1,1,4,2,2,2,2,3,2,1,1,2,2,2
"R_74B6Ij4FZtBtNlj",1,29,5,4,3,NA,-1,3,3,1,2,1,2,2,1,2,2,1,2,2,1,4,3,1,1,3,3,4
"R_74B6Ij4FZtBtNlj",1,29,5,4,3,NA,-1,4,1,1,1,1,3,3,1,2,4,1,3,2,2,3,2,1,1,4,2,1
"R_1eyLPCBlgkYvEs6",1,41,3,4,3,NA,-1,1,1,1,1,2,2,1,2,2,3,2,3,2,3,2,2,1,1,2,3,3
"R_1eyLPCBlgkYvEs6",1,41,3,4,3,NA,-1,2,3,1,2,1,3,3,1,2,4,1,3,3,2,3,2,1,1,1,1,4
"R_1eyLPCBlgkYvEs6",1,41,3,4,3,NA,-1,3,1,2,1,2,3,1,2,1,1,2,2,3,2,1,1,1,1,4,2,3
"R_1eyLPCBlgkYvEs6",1,41,3,4,3,NA,-1,4,1,1,1,1,2,1,2,2,2,1,3,1,1,3,2,1,7,3,3,1
"R_12uymOzO789ilih",1,39,3,4,1,1,NA,1,2,1,1,2,2,2,1,1,1,2,2,3,2,3,2,1,1,4,1,1
"R_12uymOzO789ilih",1,39,3,4,1,1,NA,2,3,1,2,1,2,3,1,2,2,1,3,3,3,2,3,1,2,2,2,1
"R_12uymOzO789ilih",1,39,3,4,1,1,NA,3,1,2,1,2,2,3,1,1,1,2,1,3,1,4,2,2,1,1,2,1
"R_12uymOzO789ilih",1,39,3,4,1,1,NA,4,3,2,2,2,3,3,1,1,4,2,1,3,2,2,3,2,1,3,3,3
"R_3NCxxDjJoQdiWtx",1,30,5,3,3,NA,-1,1,3,1,1,1,2,3,1,2,1,1,2,3,1,3,2,1,1,4,2,1
"R_3NCxxDjJoQdiWtx",1,30,5,3,3,NA,-1,2,3,2,1,1,3,3,1,1,4,2,1,3,1,2,2,2,1,1,3,4
"R_3NCxxDjJoQdiWtx",1,30,5,3,3,NA,-1,3,2,2,1,1,2,1,2,2,1,2,2,1,3,4,2,1,7,3,1,2
"R_3NCxxDjJoQdiWtx",1,30,5,3,3,NA,-1,4,2,1,1,1,2,3,1,2,1,1,3,2,4,3,3,2,2,2,3,1
"R_1d5YqNQg7FVNFw9",2,33,5,4,3,NA,0,1,3,1,1,1,3,3,1,2,1,1,3,2,2,4,2,1,1,1,3,1
"R_1d5YqNQg7FVNFw9",2,33,5,4,3,NA,0,2,1,2,1,2,3,3,1,1,4,2,2,3,2,4,2,2,1,4,1,1
"R_1d5YqNQg7FVNFw9",2,33,5,4,3,NA,0,3,2,2,1,2,3,3,1,1,3,2,2,3,2,4,2,2,1,3,2,2
"R_1d5YqNQg7FVNFw9",2,33,5,4,3,NA,0,4,2,2,1,2,3,3,1,1,3,2,2,3,2,4,2,2,1,3,2,1
"R_3lxhqPhDl5YGK8f",2,35,5,3,3,NA,0,1,2,1,2,1,2,1,1,2,4,2,2,3,1,3,2,1,1,1,1,1
"R_3lxhqPhDl5YGK8f",2,35,5,3,3,NA,0,2,1,1,2,1,2,1,1,1,3,2,2,3,1,3,2,1,1,1,1,1
"R_3lxhqPhDl5YGK8f",2,35,5,3,3,NA,0,3,2,2,2,1,2,1,1,2,3,2,2,3,1,3,2,1,1,4,1,1
"R_3lxhqPhDl5YGK8f",2,35,5,3,3,NA,0,4,3,2,1,2,2,3,2,2,3,1,3,3,2,4,2,1,1,1,2,3
"R_1g8yKaER3L8kfxf",2,48,5,3,2,1,NA,1,2,2,1,1,3,3,1,2,4,1,3,3,2,1,1,1,2,2,3,4
"R_1g8yKaER3L8kfxf",2,48,5,3,2,1,NA,2,2,1,2,1,3,2,1,2,3,1,3,3,1,4,2,2,1,1,1,3
"R_1g8yKaER3L8kfxf",2,48,5,3,2,1,NA,3,3,1,2,1,2,3,2,1,2,1,2,2,1,2,2,2,1,4,2,1
"R_1g8yKaER3L8kfxf",2,48,5,3,2,1,NA,4,3,1,2,2,2,2,1,1,3,2,1,2,2,1,1,2,2,3,2,2
"R_1rrJ0vWLAwZ193W",1,39,5,3,2,0,NA,1,2,2,1,1,2,3,2,2,1,1,2,2,2,3,2,1,1,4,1,1
"R_1rrJ0vWLAwZ193W",1,39,5,3,2,0,NA,2,3,2,1,1,2,3,2,2,4,1,2,2,2,3,2,1,1,2,1,1
"R_1rrJ0vWLAwZ193W",1,39,5,3,2,0,NA,3,2,2,1,2,2,3,2,1,4,1,1,2,2,3,2,1,1,1,1,1
"R_1rrJ0vWLAwZ193W",1,39,5,3,2,0,NA,4,1,1,2,1,2,3,1,2,3,1,3,2,2,3,2,1,1,2,3,3
"R_1FqRvC2wewE5De4",2,62,5,2,2,1,NA,1,3,2,1,2,3,1,2,2,2,1,2,2,2,3,1,1,1,1,3,3
"R_1FqRvC2wewE5De4",2,62,5,2,2,1,NA,2,3,1,2,2,3,2,1,1,4,2,1,3,1,4,2,1,1,4,2,2
"R_1FqRvC2wewE5De4",2,62,5,2,2,1,NA,3,2,1,1,2,2,1,2,2,1,1,2,2,3,3,2,1,1,2,3,4
"R_1FqRvC2wewE5De4",2,62,5,2,2,1,NA,4,1,1,1,2,3,1,2,2,3,1,3,2,2,3,2,1,2,1,2,1
"R_cG7nYkKN42UpwIN",1,37,4,4,3,NA,0,1,1,1,1,1,2,1,1,2,2,1,3,2,3,3,2,1,2,1,3,3
"R_cG7nYkKN42UpwIN",1,37,4,4,3,NA,0,2,1,1,2,2,2,2,1,1,2,2,1,3,1,2,3,1,1,4,1,4
"R_cG7nYkKN42UpwIN",1,37,4,4,3,NA,0,3,2,2,2,2,3,2,1,1,4,2,1,3,2,3,3,2,1,3,1,1
"R_cG7nYkKN42UpwIN",1,37,4,4,3,NA,0,4,2,2,1,1,2,1,2,1,4,2,2,2,4,4,2,1,1,3,2,3
"R_31YKfuNo9qitHtQ",2,41,6,7,3,NA,0,1,2,1,2,1,3,1,1,2,3,2,2,3,2,4,2,2,1,1,2,3
"R_31YKfuNo9qitHtQ",2,41,6,7,3,NA,0,2,2,2,1,1,2,3,2,2,2,1,2,2,1,3,2,1,7,3,1,4
"R_31YKfuNo9qitHtQ",2,41,6,7,3,NA,0,3,1,2,1,2,2,2,2,2,2,2,2,2,2,4,2,1,1,1,3,3
"R_31YKfuNo9qitHtQ",2,41,6,7,3,NA,0,4,2,2,2,2,3,3,1,1,4,2,1,3,2,3,3,2,1,4,3,3
"R_rqZFiMwmmfX8uQN",2,34,4,3,2,1,NA,1,1,2,1,2,3,2,1,1,3,2,1,2,1,3,2,1,1,1,3,2
"R_rqZFiMwmmfX8uQN",2,34,4,3,2,1,NA,2,3,2,2,2,3,3,1,1,1,2,1,2,2,4,2,2,1,2,2,4
"R_rqZFiMwmmfX8uQN",2,34,4,3,2,1,NA,3,1,2,2,2,3,2,1,1,3,2,1,2,1,3,2,1,1,1,3,2
"R_rqZFiMwmmfX8uQN",2,34,4,3,2,1,NA,4,1,2,1,2,3,2,1,1,3,2,1,2,1,3,2,1,1,1,3,2
"R_3kwgWzu4UzYDc5k",2,25,5,1,2,1,NA,1,3,2,1,2,3,3,1,1,3,2,2,2,2,3,2,1,1,1,2,1
"R_3kwgWzu4UzYDc5k",2,25,5,1,2,1,NA,2,3,2,2,1,2,3,1,2,1,2,2,2,1,3,2,1,2,2,2,3
"R_3kwgWzu4UzYDc5k",2,25,5,1,2,1,NA,3,3,2,2,2,3,3,1,1,4,2,1,2,1,3,2,1,1,4,1,2
"R_3kwgWzu4UzYDc5k",2,25,5,1,2,1,NA,4,2,1,2,1,2,2,1,2,1,1,3,2,3,3,2,1,1,4,3,2
"R_z9mWCx1Yv5egyhH",1,24,3,1,2,0,NA,1,3,2,2,2,1,1,1,1,3,2,1,1,1,4,2,2,1,2,2,1
"R_z9mWCx1Yv5egyhH",1,24,3,1,2,0,NA,2,3,2,2,1,2,3,1,1,1,2,2,1,2,3,2,1,1,1,3,1
"R_z9mWCx1Yv5egyhH",1,24,3,1,2,0,NA,3,1,2,1,2,3,3,1,1,1,2,3,1,2,3,2,1,1,2,1,4
"R_z9mWCx1Yv5egyhH",1,24,3,1,2,0,NA,4,2,2,1,2,2,3,1,1,2,2,3,1,1,3,2,1,2,4,3,3
"R_WkhNgrVugzHjsxH",2,31,6,4,2,1,NA,1,2,2,1,1,3,3,1,2,3,1,3,2,2,3,2,2,1,3,2,3
"R_WkhNgrVugzHjsxH",2,31,6,4,2,1,NA,2,1,2,1,1,2,1,2,2,1,1,3,2,2,3,2,2,1,1,2,1
"R_WkhNgrVugzHjsxH",2,31,6,4,2,1,NA,3,2,2,2,1,2,2,1,1,4,2,2,3,1,1,2,2,1,4,2,2
"R_WkhNgrVugzHjsxH",2,31,6,4,2,1,NA,4,3,2,2,1,3,2,1,1,3,2,1,3,1,4,2,2,1,2,3,2
"R_T0fOhkeDctil33P",1,24,5,1,2,0,NA,1,3,1,1,1,2,3,2,1,3,1,3,2,4,3,2,1,1,4,1,2
"R_T0fOhkeDctil33P",1,24,5,1,2,0,NA,2,2,1,1,2,2,2,1,1,2,1,2,3,1,1,2,2,1,1,3,3
"R_T0fOhkeDctil33P",1,24,5,1,2,0,NA,3,2,2,2,1,3,2,1,1,4,2,1,2,3,2,2,2,7,3,3,3
"R_T0fOhkeDctil33P",1,24,5,1,2,0,NA,4,1,1,1,2,3,1,2,2,2,2,3,2,2,3,3,1,7,2,3,3
"R_cOUtUdROEbhd28R",1,44,5,3,3,NA,0,1,1,2,1,2,2,3,1,2,1,1,3,3,1,2,2,1,1,1,2,3
"R_cOUtUdROEbhd28R",1,44,5,3,3,NA,0,2,3,2,1,2,2,1,1,2,2,1,1,3,1,3,3,1,1,1,3,2
"R_cOUtUdROEbhd28R",1,44,5,3,3,NA,0,3,3,2,1,2,2,3,1,2,2,1,1,3,1,2,2,1,1,1,2,4
"R_cOUtUdROEbhd28R",1,44,5,3,3,NA,0,4,1,2,1,2,2,2,1,2,4,2,3,3,2,2,2,1,1,3,1,1
"R_2TFAa69hp7Uq3UY",2,28,3,3,4,NA,0,1,2,1,1,2,2,1,1,1,3,2,1,2,1,3,2,1,1,4,1,4
"R_2TFAa69hp7Uq3UY",2,28,3,3,4,NA,0,2,1,1,2,2,3,3,1,1,3,2,1,2,1,3,2,1,1,3,2,1
"R_2TFAa69hp7Uq3UY",2,28,3,3,4,NA,0,3,2,2,2,1,2,1,1,2,4,2,3,1,3,2,2,1,1,3,3,1
"R_2TFAa69hp7Uq3UY",2,28,3,3,4,NA,0,4,2,1,1,2,2,3,1,1,4,2,1,2,2,4,2,2,1,2,3,2
"R_02gSYLu2PObs9sl",2,31,6,3,3,NA,-1,1,1,1,2,1,2,2,1,2,1,2,3,1,1,3,2,2,1,3,3,2
"R_02gSYLu2PObs9sl",2,31,6,3,3,NA,-1,2,2,2,2,1,3,3,1,2,2,2,1,3,2,4,2,1,1,2,2,4
"R_02gSYLu2PObs9sl",2,31,6,3,3,NA,-1,3,2,1,2,1,2,2,1,1,3,1,2,2,1,2,2,2,1,1,2,2
"R_02gSYLu2PObs9sl",2,31,6,3,3,NA,-1,4,2,2,1,1,3,3,1,2,3,1,1,2,2,1,1,1,1,3,1,3
"R_3DURuyivluW1hD3",2,25,5,1,3,NA,-1,1,3,2,2,1,3,3,1,2,4,2,2,2,2,3,2,2,1,1,1,2
"R_3DURuyivluW1hD3",2,25,5,1,3,NA,-1,2,3,1,1,2,3,3,1,1,1,2,1,2,2,3,2,2,1,3,3,4
"R_3DURuyivluW1hD3",2,25,5,1,3,NA,-1,3,3,2,1,2,3,3,1,2,3,1,2,2,2,3,2,2,1,2,2,4
"R_3DURuyivluW1hD3",2,25,5,1,3,NA,-1,4,2,1,1,1,3,3,1,2,3,1,3,2,2,3,2,1,1,1,1,1
"R_6xsi4kRJwV5EtCV",1,39,5,2,3,NA,-1,1,2,1,2,2,2,3,1,1,3,2,1,3,1,3,2,2,1,4,2,3
"R_6xsi4kRJwV5EtCV",1,39,5,2,3,NA,-1,2,3,1,2,2,3,3,1,1,4,2,1,3,2,3,2,2,1,1,2,1
"R_6xsi4kRJwV5EtCV",1,39,5,2,3,NA,-1,3,3,1,1,2,3,2,1,1,2,1,2,3,2,4,2,2,1,2,3,2
"R_6xsi4kRJwV5EtCV",1,39,5,2,3,NA,-1,4,2,1,2,2,3,3,1,1,4,2,1,3,1,3,2,2,1,2,1,4
"R_BXurG8qtYXYRuj7",2,34,6,5,2,0,NA,1,3,2,2,1,2,1,1,1,3,2,1,2,1,3,2,1,1,2,3,3
"R_BXurG8qtYXYRuj7",2,34,6,5,2,0,NA,2,3,1,2,2,2,2,1,1,1,2,1,2,1,3,2,2,1,4,3,4
"R_BXurG8qtYXYRuj7",2,34,6,5,2,0,NA,3,2,1,2,1,1,1,1,2,2,2,2,1,1,3,2,1,1,3,2,1
"R_BXurG8qtYXYRuj7",2,34,6,5,2,0,NA,4,1,2,1,2,2,1,1,1,3,1,1,1,1,3,2,1,1,2,1,3
"R_Wike55D9g1sAtbP",1,32,6,4,3,NA,0,1,3,1,2,2,3,3,1,1,3,2,1,3,1,4,2,1,1,2,1,1
"R_Wike55D9g1sAtbP",1,32,6,4,3,NA,0,2,3,2,1,2,3,1,1,1,4,2,1,2,2,3,2,1,1,1,2,3
"R_Wike55D9g1sAtbP",1,32,6,4,3,NA,0,3,2,2,2,2,3,3,1,1,4,2,1,3,1,3,2,2,1,2,3,1
"R_Wike55D9g1sAtbP",1,32,6,4,3,NA,0,4,2,2,1,1,2,1,2,2,2,1,3,1,4,2,2,1,7,3,1,4
"R_29iR5gHvQHlSc1W",1,45,6,2,3,NA,1,1,2,1,2,2,3,1,1,1,1,2,1,2,2,3,2,1,1,1,1,3
"R_29iR5gHvQHlSc1W",1,45,6,2,3,NA,1,2,1,2,2,1,3,1,1,2,2,2,2,2,2,1,1,2,1,1,2,1
"R_29iR5gHvQHlSc1W",1,45,6,2,3,NA,1,3,1,2,2,2,3,1,1,1,2,2,1,2,2,1,1,2,1,1,2,1
"R_29iR5gHvQHlSc1W",1,45,6,2,3,NA,1,4,3,1,1,1,2,1,2,2,3,1,3,1,3,2,2,1,1,2,3,2
"R_C3tGiFcm528Dhfz",2,22,4,3,1,1,NA,1,3,1,2,2,3,2,1,1,4,2,1,2,2,3,2,1,1,4,3,1
"R_C3tGiFcm528Dhfz",2,22,4,3,1,1,NA,2,2,2,1,1,2,3,1,2,1,1,3,1,1,2,2,1,2,2,1,2
"R_C3tGiFcm528Dhfz",2,22,4,3,1,1,NA,3,3,1,1,1,2,1,1,2,4,1,3,1,1,3,2,1,1,1,3,4
"R_C3tGiFcm528Dhfz",2,22,4,3,1,1,NA,4,3,2,1,1,3,3,1,2,2,1,2,3,2,4,2,2,1,3,3,3
"R_eRTy7PidVkSMvVb",2,50,4,3,2,1,NA,1,2,2,1,2,2,3,1,1,3,2,2,2,1,3,2,1,1,4,3,1
"R_eRTy7PidVkSMvVb",2,50,4,3,2,1,NA,2,1,1,2,1,3,1,1,2,2,2,3,2,2,2,2,2,1,1,2,3
"R_eRTy7PidVkSMvVb",2,50,4,3,2,1,NA,3,2,1,2,1,3,1,2,2,1,2,3,3,1,1,2,1,3,3,1,2
"R_eRTy7PidVkSMvVb",2,50,4,3,2,1,NA,4,2,1,1,2,2,1,2,1,4,1,2,3,2,3,3,1,1,2,2,1
"R_0kPMFsiPSMa2ItL",2,25,6,2,2,1,NA,1,1,2,2,2,3,2,1,1,3,2,1,3,2,3,2,1,1,4,3,3
"R_0kPMFsiPSMa2ItL",2,25,6,2,2,1,NA,2,3,2,2,2,3,3,1,1,2,2,1,3,2,3,2,2,1,3,3,1
"R_0kPMFsiPSMa2ItL",2,25,6,2,2,1,NA,3,3,1,2,2,3,3,1,1,4,2,1,3,2,3,2,2,1,2,1,4
"R_0kPMFsiPSMa2ItL",2,25,6,2,2,1,NA,4,2,1,2,1,3,2,1,2,2,1,2,3,1,3,2,1,1,2,3,3
"R_2VOaD8620lDINmX",1,34,3,4,2,0,NA,1,2,2,2,2,2,3,1,2,2,2,2,2,2,3,2,2,1,3,1,1
"R_2VOaD8620lDINmX",1,34,3,4,2,0,NA,2,1,1,1,1,2,2,1,1,4,1,3,2,3,3,2,1,1,2,1,3
"R_2VOaD8620lDINmX",1,34,3,4,2,0,NA,3,2,1,1,1,2,2,2,1,1,1,2,2,3,3,2,1,1,1,3,4
"R_2VOaD8620lDINmX",1,34,3,4,2,0,NA,4,2,2,2,2,3,3,2,1,2,2,2,2,2,1,3,1,3,4,3,4
"R_3EYF81UW0Q7kgcO",1,73,6,2,2,0,NA,1,3,1,1,2,2,3,2,1,3,1,2,3,2,3,2,1,1,4,3,1
"R_3EYF81UW0Q7kgcO",1,73,6,2,2,0,NA,2,2,1,1,2,3,2,1,1,4,1,2,3,1,3,2,2,1,3,2,3
"R_3EYF81UW0Q7kgcO",1,73,6,2,2,0,NA,3,3,2,2,2,2,2,1,1,1,2,2,3,2,3,2,2,1,1,3,2
"R_3EYF81UW0Q7kgcO",1,73,6,2,2,0,NA,4,3,1,1,1,3,3,1,2,2,1,3,3,2,3,2,2,1,4,1,1
"R_28CGX6tiaoiThjT",1,40,6,3,2,0,NA,1,3,2,2,1,3,2,1,1,3,1,2,2,2,3,3,2,1,2,1,3
"R_28CGX6tiaoiThjT",1,40,6,3,2,0,NA,2,3,2,2,1,3,2,1,1,4,1,2,2,2,3,2,2,1,4,1,3
"R_28CGX6tiaoiThjT",1,40,6,3,2,0,NA,3,2,1,2,2,3,3,1,1,2,2,1,3,1,4,2,2,1,2,3,4
"R_28CGX6tiaoiThjT",1,40,6,3,2,0,NA,4,1,2,2,1,2,1,2,2,3,1,2,1,1,1,1,1,3,1,1,3
"R_2algmolu0ukqKQu",2,23,5,5,2,0,NA,1,2,1,2,2,2,2,1,1,1,2,2,3,2,4,2,1,1,2,2,1
"R_2algmolu0ukqKQu",2,23,5,5,2,0,NA,2,2,1,2,1,3,2,1,2,3,1,2,2,2,3,2,1,7,1,1,3
"R_2algmolu0ukqKQu",2,23,5,5,2,0,NA,3,3,1,1,1,3,3,1,2,1,1,3,1,3,2,2,2,1,1,1,4
"R_2algmolu0ukqKQu",2,23,5,5,2,0,NA,4,3,1,1,2,2,3,2,1,3,2,2,1,2,3,3,2,2,3,2,2
"R_3lMZbPquvbk9Bi9",2,49,5,2,1,1,NA,1,1,2,2,2,2,3,1,1,2,2,3,1,2,3,2,1,1,2,2,3
"R_3lMZbPquvbk9Bi9",2,49,5,2,1,1,NA,2,1,1,1,1,2,3,1,2,4,1,1,1,1,3,2,1,2,4,1,1
"R_3lMZbPquvbk9Bi9",2,49,5,2,1,1,NA,3,1,1,2,1,2,3,1,1,3,1,2,1,3,3,2,1,1,1,3,1
"R_3lMZbPquvbk9Bi9",2,49,5,2,1,1,NA,4,1,1,1,1,2,3,1,1,2,1,2,1,1,3,2,2,1,2,1,4
"R_1nMHTCYEaUFM2wo",2,27,4,5,3,NA,0,1,3,1,2,2,3,3,1,1,4,2,2,2,2,3,2,1,1,4,1,4
"R_1nMHTCYEaUFM2wo",2,27,4,5,3,NA,0,2,1,2,2,2,2,3,1,2,4,2,2,2,1,2,3,1,2,4,2,4
"R_1nMHTCYEaUFM2wo",2,27,4,5,3,NA,0,3,1,2,1,1,1,3,2,2,1,1,1,1,3,2,1,1,7,2,3,3
"R_1nMHTCYEaUFM2wo",2,27,4,5,3,NA,0,4,1,1,2,1,3,2,2,2,1,2,2,2,1,1,1,1,3,4,1,2
"R_6fjUJAF0OJcqAgR",1,42,3,5,1,1,NA,1,3,1,1,2,3,3,2,2,1,1,3,2,2,3,2,1,1,3,3,3
"R_6fjUJAF0OJcqAgR",1,42,3,5,1,1,NA,2,2,1,2,1,3,3,1,2,4,1,3,3,2,2,2,1,1,2,2,1
"R_6fjUJAF0OJcqAgR",1,42,3,5,1,1,NA,3,1,1,2,2,3,2,1,2,2,2,2,2,2,2,2,1,1,3,1,3
"R_6fjUJAF0OJcqAgR",1,42,3,5,1,1,NA,4,3,1,2,1,3,3,2,2,2,1,3,3,2,2,2,1,1,1,3,1
"R_VR5c5orMjEAzQDD",2,22,5,5,2,1,NA,1,2,1,2,1,3,2,1,2,4,1,2,2,2,3,2,2,1,4,3,3
"R_VR5c5orMjEAzQDD",2,22,5,5,2,1,NA,2,1,2,1,2,2,1,1,2,1,2,1,1,4,2,2,1,1,1,1,2
"R_VR5c5orMjEAzQDD",2,22,5,5,2,1,NA,3,3,1,1,2,2,2,1,1,4,2,1,2,2,4,2,1,1,2,2,2
"R_VR5c5orMjEAzQDD",2,22,5,5,2,1,NA,4,1,1,2,1,2,1,2,2,2,1,3,1,3,2,1,1,1,1,2,4
"R_3sbqGidxUoYeDDv",2,28,5,2,2,0,NA,1,2,2,2,2,3,3,1,1,3,2,1,2,1,3,2,2,1,2,1,1
"R_3sbqGidxUoYeDDv",2,28,5,2,2,0,NA,2,2,2,1,1,3,2,1,1,1,1,2,2,2,2,2,1,1,1,2,4
"R_3sbqGidxUoYeDDv",2,28,5,2,2,0,NA,3,1,1,1,2,3,2,1,2,1,2,2,2,2,3,2,1,2,1,1,2
"R_3sbqGidxUoYeDDv",2,28,5,2,2,0,NA,4,1,1,2,2,3,1,1,1,3,2,1,2,1,4,2,2,1,3,2,1
"R_1mELs352MR3t01D",2,59,5,3,2,1,NA,1,3,1,2,2,3,2,2,1,1,2,2,2,2,3,2,1,1,2,1,2
"R_1mELs352MR3t01D",2,59,5,3,2,1,NA,2,3,2,1,2,3,1,1,1,2,2,1,3,2,3,2,1,1,3,1,2
"R_1mELs352MR3t01D",2,59,5,3,2,1,NA,3,2,1,1,2,2,1,2,2,2,2,2,2,1,4,2,1,1,1,1,1
"R_1mELs352MR3t01D",2,59,5,3,2,1,NA,4,2,2,1,2,2,1,1,1,1,2,1,2,1,3,2,1,1,3,3,2
"R_1oeiONMvwwzjTeo",1,31,5,4,3,NA,-1,1,1,2,1,2,2,2,1,1,1,2,1,2,1,3,2,1,1,1,3,3
"R_1oeiONMvwwzjTeo",1,31,5,4,3,NA,-1,2,1,1,2,2,2,1,1,1,2,2,2,1,3,2,2,1,1,4,2,1
"R_1oeiONMvwwzjTeo",1,31,5,4,3,NA,-1,3,2,2,2,2,3,3,1,1,1,2,1,2,2,3,3,2,1,3,1,4
"R_1oeiONMvwwzjTeo",1,31,5,4,3,NA,-1,4,2,2,2,2,3,3,1,1,1,2,1,3,2,4,3,1,1,1,1,1
"R_1jBcDghi6fyd1pv",2,32,5,3,1,0,NA,1,3,2,1,2,3,3,1,1,3,2,1,3,2,3,2,1,1,3,1,4
"R_1jBcDghi6fyd1pv",2,32,5,3,1,0,NA,2,1,2,1,1,2,2,1,1,1,1,2,2,3,4,2,1,2,4,3,1
"R_1jBcDghi6fyd1pv",2,32,5,3,1,0,NA,3,1,1,2,2,3,3,1,2,2,2,1,2,4,2,2,1,1,2,2,3
"R_1jBcDghi6fyd1pv",2,32,5,3,1,0,NA,4,1,1,1,2,2,3,2,2,3,1,2,2,2,4,2,1,1,1,1,2
"R_3feDyiP6j7j7MFZ",1,51,6,1,1,0,NA,1,1,1,2,2,2,1,1,1,2,2,2,2,2,3,2,2,1,3,1,1
"R_3feDyiP6j7j7MFZ",1,51,6,1,1,0,NA,2,3,2,1,2,2,3,2,2,4,2,2,1,3,1,1,1,1,1,3,3
"R_3feDyiP6j7j7MFZ",1,51,6,1,1,0,NA,3,3,2,1,2,3,2,1,2,3,1,3,3,1,1,3,1,1,1,1,3
"R_3feDyiP6j7j7MFZ",1,51,6,1,1,0,NA,4,1,1,2,1,1,1,1,2,2,2,1,2,3,4,2,2,2,2,2,2
"R_3HG2jcZN5PwJxmJ",1,25,5,2,3,NA,1,1,1,1,1,2,3,2,2,2,2,1,2,2,2,2,2,1,1,4,1,2
"R_3HG2jcZN5PwJxmJ",1,25,5,2,3,NA,1,2,3,2,2,1,2,3,1,1,3,2,1,3,1,4,2,2,1,2,2,4
"R_3HG2jcZN5PwJxmJ",1,25,5,2,3,NA,1,3,3,2,1,1,3,2,2,2,1,1,3,2,2,2,2,1,1,1,3,1
"R_3HG2jcZN5PwJxmJ",1,25,5,2,3,NA,1,4,3,2,2,2,2,3,1,1,4,2,3,2,1,3,2,2,1,3,1,3
"R_xFXN6XtMvvbyjTP",2,39,3,2,2,0,NA,1,3,1,1,2,2,2,1,2,1,1,1,1,2,4,2,1,1,2,2,1
"R_xFXN6XtMvvbyjTP",2,39,3,2,2,0,NA,2,1,1,2,2,3,1,1,1,4,2,3,2,1,3,2,1,1,1,3,4
"R_xFXN6XtMvvbyjTP",2,39,3,2,2,0,NA,3,1,1,2,2,3,2,1,1,4,1,3,2,2,3,2,1,1,1,3,2
"R_xFXN6XtMvvbyjTP",2,39,3,2,2,0,NA,4,1,2,2,2,3,1,2,2,1,2,1,3,2,1,1,1,1,1,1,1
"R_cOqlDXQcQhKIvQ1",1,48,2,1,2,0,NA,1,2,1,1,2,2,2,1,1,2,1,2,1,2,2,3,1,1,4,3,3
"R_cOqlDXQcQhKIvQ1",1,48,2,1,2,0,NA,2,2,2,2,2,2,3,1,1,1,2,2,2,1,3,2,2,1,3,2,4
"R_cOqlDXQcQhKIvQ1",1,48,2,1,2,0,NA,3,3,2,2,2,2,3,1,1,2,2,1,2,1,3,3,2,7,1,1,2
"R_cOqlDXQcQhKIvQ1",1,48,2,1,2,0,NA,4,1,2,2,2,2,2,2,1,3,2,3,1,2,1,1,1,1,2,3,3
"R_1i5tV6MPL5heizj",1,36,3,3,2,0,NA,1,3,1,2,2,2,2,1,2,3,2,1,2,1,3,2,1,1,2,3,1
"R_1i5tV6MPL5heizj",1,36,3,3,2,0,NA,2,3,2,2,2,2,3,1,1,2,2,1,3,2,3,2,1,1,1,2,3
"R_1i5tV6MPL5heizj",1,36,3,3,2,0,NA,3,3,2,2,2,2,3,1,1,1,2,2,2,1,3,2,2,1,3,1,2
"R_1i5tV6MPL5heizj",1,36,3,3,2,0,NA,4,1,2,1,2,3,1,1,2,4,1,3,3,1,2,2,1,1,4,1,1
"R_1r37Blko7NiDY15",2,30,6,5,2,0,NA,1,2,2,1,2,2,1,1,1,1,2,2,2,1,3,2,1,1,1,3,3
"R_1r37Blko7NiDY15",2,30,6,5,2,0,NA,2,2,1,2,2,2,2,1,2,2,2,2,2,1,3,2,2,1,2,1,2
"R_1r37Blko7NiDY15",2,30,6,5,2,0,NA,3,2,1,2,1,2,3,1,2,4,2,3,2,2,3,2,2,1,2,2,3
"R_1r37Blko7NiDY15",2,30,6,5,2,0,NA,4,2,1,1,2,2,3,2,2,4,1,3,2,1,2,3,1,1,2,3,1
"R_2a9513xMdfh0XJd",1,62,5,1,3,NA,1,1,3,2,1,2,2,2,1,1,3,2,2,2,1,3,2,2,1,2,1,1
"R_2a9513xMdfh0XJd",1,62,5,1,3,NA,1,2,3,1,1,2,2,1,1,1,3,1,2,1,3,2,2,1,1,3,3,4
"R_2a9513xMdfh0XJd",1,62,5,1,3,NA,1,3,2,2,1,2,2,1,1,1,3,2,2,2,1,3,2,1,1,1,2,4
"R_2a9513xMdfh0XJd",1,62,5,1,3,NA,1,4,3,1,2,2,2,1,1,1,3,2,1,1,1,3,2,2,1,4,1,2
"R_2WUWDWPKSshPuDe",2,43,3,2,1,1,NA,1,3,1,1,1,2,1,1,1,4,1,2,3,2,4,2,2,1,4,1,1
"R_2WUWDWPKSshPuDe",2,43,3,2,1,1,NA,2,3,1,2,2,1,3,1,2,3,2,1,2,1,3,2,1,1,2,1,2
"R_2WUWDWPKSshPuDe",2,43,3,2,1,1,NA,3,2,2,1,1,1,1,1,2,2,1,2,3,1,3,2,2,7,3,3,4
"R_2WUWDWPKSshPuDe",2,43,3,2,1,1,NA,4,3,2,1,2,2,3,1,1,4,1,1,2,1,4,2,2,1,1,3,1
"R_272wp2LlEKA50zu",1,30,2,2,2,0,NA,1,2,2,1,2,2,3,2,2,2,2,2,3,1,2,2,1,1,2,2,3
"R_272wp2LlEKA50zu",1,30,2,2,2,0,NA,2,1,2,2,2,2,1,1,1,4,1,1,2,2,1,2,1,1,1,3,4
"R_272wp2LlEKA50zu",1,30,2,2,2,0,NA,3,2,1,1,2,2,1,1,2,4,1,1,2,1,2,3,2,2,3,2,2
"R_272wp2LlEKA50zu",1,30,2,2,2,0,NA,4,1,2,2,2,2,1,1,1,1,1,3,1,4,2,2,1,2,4,3,1
"R_cZRfgYl40OkP9EV",2,43,4,3,1,0,NA,1,2,1,2,2,3,2,1,1,1,2,1,2,2,3,2,1,1,1,1,2
"R_cZRfgYl40OkP9EV",2,43,4,3,1,0,NA,2,3,2,2,2,2,1,1,1,1,2,1,1,1,4,2,2,1,4,2,1
"R_cZRfgYl40OkP9EV",2,43,4,3,1,0,NA,3,1,1,2,2,3,3,1,1,2,2,2,3,2,2,2,1,1,4,1,4
"R_cZRfgYl40OkP9EV",2,43,4,3,1,0,NA,4,3,2,2,2,2,3,1,1,4,2,1,1,3,4,2,2,1,3,3,4
"R_3NVyatb89Farrdw",2,63,3,4,3,NA,1,1,3,1,2,1,3,2,1,2,3,1,3,3,2,3,2,1,1,4,1,1
"R_3NVyatb89Farrdw",2,63,3,4,3,NA,1,2,2,1,1,2,2,2,1,1,2,2,1,3,2,3,2,2,1,3,2,2
"R_3NVyatb89Farrdw",2,63,3,4,3,NA,1,3,2,1,2,2,2,1,1,1,1,2,2,3,2,3,2,2,2,2,1,4
"R_3NVyatb89Farrdw",2,63,3,4,3,NA,1,4,3,1,1,1,2,3,2,2,4,1,3,3,2,3,2,1,7,2,3,3
"R_2ebapXyAbd7Eb5O",1,29,5,4,3,NA,1,1,3,1,2,1,1,3,1,2,1,1,2,1,3,3,2,1,2,4,2,3
"R_2ebapXyAbd7Eb5O",1,29,5,4,3,NA,1,2,3,2,2,1,2,1,1,1,1,2,1,2,1,3,2,1,1,3,3,1
"R_2ebapXyAbd7Eb5O",1,29,5,4,3,NA,1,3,2,2,1,1,2,2,1,2,4,1,2,1,1,2,1,1,1,1,2,4
"R_2ebapXyAbd7Eb5O",1,29,5,4,3,NA,1,4,3,2,1,2,3,2,1,1,3,2,1,2,2,3,2,1,3,2,3,2
"R_3rFW5F13JZNJUPj",2,28,2,2,1,0,NA,1,1,1,2,2,2,2,2,1,4,2,2,3,1,3,2,1,7,1,1,2
"R_3rFW5F13JZNJUPj",2,28,2,2,1,0,NA,2,3,2,1,1,3,2,2,2,1,1,2,2,3,1,2,1,1,3,1,1
"R_3rFW5F13JZNJUPj",2,28,2,2,1,0,NA,3,2,1,2,1,2,1,1,2,3,1,3,3,2,4,1,1,2,2,3,3
"R_3rFW5F13JZNJUPj",2,28,2,2,1,0,NA,4,3,2,2,1,2,3,1,1,2,2,1,3,4,1,2,1,1,3,2,4
"R_12sTkV7W6xBPTfc",1,30,4,4,3,NA,0,1,2,2,1,1,3,3,1,2,3,1,3,3,2,3,2,1,1,1,3,1
"R_12sTkV7W6xBPTfc",1,30,4,4,3,NA,0,2,2,1,2,2,2,1,1,1,1,2,1,2,1,4,2,1,1,3,3,3
"R_12sTkV7W6xBPTfc",1,30,4,4,3,NA,0,3,3,1,1,2,3,2,1,2,4,1,2,3,2,4,2,2,1,2,1,2
"R_12sTkV7W6xBPTfc",1,30,4,4,3,NA,0,4,1,2,1,1,2,1,2,2,1,1,3,1,3,2,2,1,2,3,1,4
"R_3mZUq2Juwk6FjB2",2,42,5,2,1,0,NA,1,2,2,1,2,3,3,1,1,4,2,1,3,2,3,2,1,1,2,1,3
"R_3mZUq2Juwk6FjB2",2,42,5,2,1,0,NA,2,3,2,2,1,2,1,2,2,1,1,3,2,2,2,2,1,1,4,3,2
"R_3mZUq2Juwk6FjB2",2,42,5,2,1,0,NA,3,2,2,1,2,2,1,2,1,1,1,1,2,2,2,2,1,1,4,2,2
"R_3mZUq2Juwk6FjB2",2,42,5,2,1,0,NA,4,1,2,1,1,3,1,1,2,2,1,3,2,2,3,2,1,1,4,3,2
"R_9QCxqc0oi8Hh07r",2,36,6,3,3,NA,-1,1,3,1,2,2,3,2,1,1,3,2,1,2,1,4,2,2,1,1,1,4
"R_9QCxqc0oi8Hh07r",2,36,6,3,3,NA,-1,2,2,1,2,1,2,3,1,2,1,2,2,2,2,3,1,1,1,4,1,1
"R_9QCxqc0oi8Hh07r",2,36,6,3,3,NA,-1,3,3,1,2,2,3,2,1,1,2,2,1,2,1,4,2,2,1,1,1,4
"R_9QCxqc0oi8Hh07r",2,36,6,3,3,NA,-1,4,2,2,1,1,3,3,2,2,4,1,3,3,2,1,2,2,2,2,2,3
"R_3lVx468PWSvLzqH",1,31,5,3,1,0,NA,1,2,2,2,1,2,2,2,2,4,2,2,2,3,3,2,2,2,1,1,4
"R_3lVx468PWSvLzqH",1,31,5,3,1,0,NA,2,1,1,2,1,3,3,2,2,2,1,1,1,3,4,1,1,3,3,2,4
"R_3lVx468PWSvLzqH",1,31,5,3,1,0,NA,3,3,1,1,1,2,2,2,2,3,1,3,3,2,3,3,2,7,2,2,4
"R_3lVx468PWSvLzqH",1,31,5,3,1,0,NA,4,3,2,2,1,1,1,1,2,3,2,2,1,2,1,3,2,1,2,1,3
"R_3EtWcuPN0nJqdp2",2,39,4,2,3,NA,1,1,1,1,1,2,3,3,2,2,2,1,3,3,2,3,2,1,7,1,2,1
"R_3EtWcuPN0nJqdp2",2,39,4,2,3,NA,1,2,3,2,2,1,2,3,1,1,4,2,1,2,3,3,2,2,1,1,1,1
"R_3EtWcuPN0nJqdp2",2,39,4,2,3,NA,1,3,2,1,1,2,2,1,2,2,3,1,3,2,2,2,3,1,1,3,2,2
"R_3EtWcuPN0nJqdp2",2,39,4,2,3,NA,1,4,3,1,1,2,3,3,1,2,2,1,3,3,2,3,3,1,1,2,3,1
"R_OkfddllTp04Sebv",2,48,5,4,2,1,NA,1,3,1,2,2,1,1,1,1,2,2,1,2,1,3,2,2,1,1,2,1
"R_OkfddllTp04Sebv",2,48,5,4,2,1,NA,2,1,1,2,2,2,1,1,1,1,2,1,1,2,3,2,1,1,1,1,3
"R_OkfddllTp04Sebv",2,48,5,4,2,1,NA,3,2,1,1,1,2,3,2,2,3,1,3,1,3,2,2,1,1,3,3,4
"R_OkfddllTp04Sebv",2,48,5,4,2,1,NA,4,3,1,2,2,2,3,1,1,2,2,1,2,1,3,2,2,1,1,2,1
"R_33wdGvMYvIcHUjt",1,32,1,2,1,0,NA,1,3,2,1,1,3,3,2,2,1,2,3,2,2,3,2,2,1,4,2,3
"R_33wdGvMYvIcHUjt",1,32,1,2,1,0,NA,2,2,2,2,1,2,2,1,1,4,1,1,3,1,2,2,1,1,3,1,4
"R_33wdGvMYvIcHUjt",1,32,1,2,1,0,NA,3,2,2,2,2,2,1,1,1,2,1,2,2,1,4,3,2,1,1,3,4
"R_33wdGvMYvIcHUjt",1,32,1,2,1,0,NA,4,2,2,1,2,2,2,2,2,1,2,3,3,3,3,1,1,1,3,3,1
"R_29nbdFhC0P8GxNt",2,23,4,3,2,0,NA,1,1,1,2,1,3,3,1,1,4,2,2,2,1,2,2,1,1,1,1,2
"R_29nbdFhC0P8GxNt",2,23,4,3,2,0,NA,2,2,1,2,1,2,3,1,2,4,2,2,2,2,1,2,1,1,2,2,3
"R_29nbdFhC0P8GxNt",2,23,4,3,2,0,NA,3,3,2,2,2,3,3,1,1,4,2,1,3,1,1,2,1,1,4,1,3
"R_29nbdFhC0P8GxNt",2,23,4,3,2,0,NA,4,2,2,2,2,3,2,1,1,1,2,1,2,1,2,2,1,1,2,1,4
"R_4ZtgeYYy4Mgu3G9",1,42,5,2,1,1,NA,1,3,1,2,2,1,1,1,1,2,2,2,1,3,2,3,2,1,4,3,1
"R_4ZtgeYYy4Mgu3G9",1,42,5,2,1,1,NA,2,2,1,1,1,1,3,1,1,4,1,2,2,1,3,1,1,1,3,2,3
"R_4ZtgeYYy4Mgu3G9",1,42,5,2,1,1,NA,3,1,2,2,2,2,3,1,1,3,2,1,3,1,3,1,2,1,4,1,4
"R_4ZtgeYYy4Mgu3G9",1,42,5,2,1,1,NA,4,3,2,1,2,3,3,1,2,2,2,3,1,4,4,1,2,7,4,1,1
"R_3dPUJDA1Elyw5Aw",2,25,3,1,3,NA,0,1,2,1,2,2,2,3,1,1,3,2,1,2,2,4,2,1,1,4,2,3
"R_3dPUJDA1Elyw5Aw",2,25,3,1,3,NA,0,2,1,2,2,2,3,3,1,2,1,2,1,2,1,3,3,1,1,1,1,4
"R_3dPUJDA1Elyw5Aw",2,25,3,1,3,NA,0,3,1,2,2,1,2,1,2,2,2,2,1,1,3,2,3,1,2,2,3,3
"R_3dPUJDA1Elyw5Aw",2,25,3,1,3,NA,0,4,1,2,2,1,1,2,1,2,2,2,1,1,4,1,2,1,1,4,2,3
"R_5uuadVV3QQkUAGV",1,36,5,1,2,0,NA,1,1,2,2,2,3,2,1,2,1,2,1,2,2,2,2,2,1,4,1,4
"R_5uuadVV3QQkUAGV",1,36,5,1,2,0,NA,2,3,1,1,1,2,3,1,2,4,2,1,3,1,3,2,2,1,2,2,2
"R_5uuadVV3QQkUAGV",1,36,5,1,2,0,NA,3,3,1,2,2,1,2,1,1,3,1,1,2,3,1,1,2,1,2,3,3
"R_5uuadVV3QQkUAGV",1,36,5,1,2,0,NA,4,3,2,1,2,1,3,1,2,1,2,2,1,2,3,3,2,1,3,1,2
"R_29aJDdZ9OOytNdr",1,25,5,3,1,0,NA,1,1,2,2,1,2,2,1,1,3,2,1,2,3,3,2,1,1,4,3,2
"R_29aJDdZ9OOytNdr",1,25,5,3,1,0,NA,2,1,2,2,2,2,3,1,1,2,2,1,2,2,4,2,2,1,3,1,1
"R_29aJDdZ9OOytNdr",1,25,5,3,1,0,NA,3,3,1,2,1,3,3,1,2,1,1,3,2,1,4,2,2,1,2,3,4
"R_29aJDdZ9OOytNdr",1,25,5,3,1,0,NA,4,3,1,1,1,3,3,1,2,1,1,3,3,2,2,2,1,1,3,2,2
"R_z6V4N0pwBOLuwIF",1,27,3,3,2,0,NA,1,1,2,2,2,2,2,1,1,3,2,1,1,1,3,2,1,1,4,3,3
"R_z6V4N0pwBOLuwIF",1,27,3,3,2,0,NA,2,1,2,1,1,2,2,1,2,3,1,2,1,3,3,2,2,1,2,1,2
"R_z6V4N0pwBOLuwIF",1,27,3,3,2,0,NA,3,1,1,1,1,3,1,2,2,2,1,2,2,2,2,2,1,1,4,2,1
"R_z6V4N0pwBOLuwIF",1,27,3,3,2,0,NA,4,3,2,2,2,3,3,1,1,1,2,1,2,2,4,2,2,1,1,1,4
"R_vq44sNgOJXOkRxv",1,29,5,3,2,0,NA,1,1,1,2,2,2,2,1,2,2,2,2,2,1,3,2,2,1,1,1,3
"R_vq44sNgOJXOkRxv",1,29,5,3,2,0,NA,2,3,1,1,2,1,3,1,1,3,1,3,1,2,4,3,1,1,4,2,3
"R_vq44sNgOJXOkRxv",1,29,5,3,2,0,NA,3,3,1,1,2,1,3,1,1,4,2,3,1,1,3,2,1,7,4,3,4
"R_vq44sNgOJXOkRxv",1,29,5,3,2,0,NA,4,1,1,2,1,2,1,2,2,1,2,2,2,1,2,3,1,1,2,3,3
"R_s7HUJkJe6u2F2vL",1,45,5,3,2,1,NA,1,1,1,1,2,2,1,2,1,4,1,2,3,1,2,1,1,2,3,1,4
"R_s7HUJkJe6u2F2vL",1,45,5,3,2,1,NA,2,1,2,1,2,2,2,1,2,3,1,2,2,1,3,2,1,2,1,3,2
"R_s7HUJkJe6u2F2vL",1,45,5,3,2,1,NA,3,2,2,2,1,2,1,1,1,3,1,2,2,2,2,2,1,2,2,1,3
"R_s7HUJkJe6u2F2vL",1,45,5,3,2,1,NA,4,1,2,2,2,2,2,2,1,3,1,2,2,2,2,3,2,2,3,3,2
"R_32XW422AuL1bU5j",1,26,5,5,3,NA,0,1,3,2,1,1,1,1,1,1,1,1,1,3,1,4,2,1,1,1,3,3
"R_32XW422AuL1bU5j",1,26,5,5,3,NA,0,2,3,2,1,2,1,1,1,2,4,1,2,2,3,2,3,1,2,4,1,4
"R_32XW422AuL1bU5j",1,26,5,5,3,NA,0,3,2,2,2,1,2,3,2,2,2,2,1,3,2,3,2,1,3,2,1,1
"R_32XW422AuL1bU5j",1,26,5,5,3,NA,0,4,1,2,1,2,2,1,2,2,3,2,2,3,1,2,1,1,3,3,3,4
"R_XLYo1gdLhQJ3iW5",1,42,6,2,1,1,NA,1,3,2,1,1,2,1,1,2,4,1,3,2,2,3,2,2,1,4,3,1
"R_XLYo1gdLhQJ3iW5",1,42,6,2,1,1,NA,2,3,1,1,2,2,1,1,2,2,1,3,2,1,2,2,2,1,1,1,4
"R_XLYo1gdLhQJ3iW5",1,42,6,2,1,1,NA,3,2,1,2,1,2,1,1,2,1,2,1,1,3,2,2,1,7,2,2,2
"R_XLYo1gdLhQJ3iW5",1,42,6,2,1,1,NA,4,2,1,1,1,2,1,2,2,2,1,3,1,3,1,2,1,1,3,3,3
"R_2VQ1eA6jOys653x",1,55,5,2,1,0,NA,1,1,1,2,2,3,2,1,1,4,2,1,2,1,4,2,2,1,2,3,1
"R_2VQ1eA6jOys653x",1,55,5,2,1,0,NA,2,3,1,2,1,2,1,1,2,1,1,2,1,3,2,2,1,2,4,2,3
"R_2VQ1eA6jOys653x",1,55,5,2,1,0,NA,3,3,1,2,2,3,2,1,1,3,2,1,2,2,3,2,2,1,2,3,2
"R_2VQ1eA6jOys653x",1,55,5,2,1,0,NA,4,2,1,2,1,2,1,2,2,2,1,2,1,3,4,3,1,7,1,3,4
"R_T8gUyOzUZFIxJnP",2,40,6,4,4,NA,0,1,3,1,2,1,3,3,1,2,4,2,2,3,2,4,2,1,1,2,1,4
"R_T8gUyOzUZFIxJnP",2,40,6,4,4,NA,0,2,2,2,2,1,2,1,1,2,1,1,3,1,4,1,3,1,1,1,3,1
"R_T8gUyOzUZFIxJnP",2,40,6,4,4,NA,0,3,2,1,2,1,2,1,1,2,2,1,3,1,3,1,3,1,1,4,3,3
"R_T8gUyOzUZFIxJnP",2,40,6,4,4,NA,0,4,2,1,1,1,3,3,1,2,2,1,2,3,2,3,2,1,2,1,1,2
"R_24wnx4NsqQcVbHk",2,29,6,1,2,1,NA,1,2,2,2,1,3,3,1,2,2,2,2,2,2,3,2,1,1,1,2,1
"R_24wnx4NsqQcVbHk",2,29,6,1,2,1,NA,2,1,2,1,1,2,1,2,2,3,1,3,2,3,1,2,1,7,3,3,2
"R_24wnx4NsqQcVbHk",2,29,6,1,2,1,NA,3,1,2,2,2,2,3,1,1,1,2,1,3,1,3,2,2,1,1,2,3
"R_24wnx4NsqQcVbHk",2,29,6,1,2,1,NA,4,3,2,1,1,3,2,1,1,3,2,2,3,2,4,2,2,1,4,1,4
"R_eLOcoCWqn1NoqJT",1,38,5,3,2,0,NA,1,1,2,1,1,2,1,2,2,4,1,3,1,3,4,2,1,2,1,3,3
"R_eLOcoCWqn1NoqJT",1,38,5,3,2,0,NA,2,1,2,2,2,3,2,1,1,3,2,2,2,1,3,3,2,1,1,1,3
"R_eLOcoCWqn1NoqJT",1,38,5,3,2,0,NA,3,3,2,1,2,2,2,1,1,4,2,3,3,2,4,2,2,1,1,2,4
"R_eLOcoCWqn1NoqJT",1,38,5,3,2,0,NA,4,3,1,2,2,3,2,1,1,1,2,1,3,2,4,3,2,1,1,1,1
"R_2Vt4q6N0nOosAb6",2,21,3,2,2,0,NA,1,2,2,2,2,3,3,1,1,4,2,1,2,2,4,2,2,1,1,2,1
"R_2Vt4q6N0nOosAb6",2,21,3,2,2,0,NA,2,2,1,1,2,2,3,1,1,3,2,3,1,3,3,3,1,2,3,2,3
"R_2Vt4q6N0nOosAb6",2,21,3,2,2,0,NA,3,3,2,1,1,2,2,1,1,2,1,1,2,2,3,2,2,1,4,1,4
"R_2Vt4q6N0nOosAb6",2,21,3,2,2,0,NA,4,3,2,2,1,2,3,1,1,4,2,1,3,2,2,2,2,1,3,1,2
"R_2dXAdDnv3mvhFqR",2,44,6,2,1,1,NA,1,3,1,2,2,3,3,1,1,1,2,3,2,1,3,2,2,1,1,2,3
"R_2dXAdDnv3mvhFqR",2,44,6,2,1,1,NA,2,2,2,2,2,3,3,1,1,1,2,1,2,3,3,2,2,1,2,3,2
"R_2dXAdDnv3mvhFqR",2,44,6,2,1,1,NA,3,3,2,1,2,2,3,1,2,1,1,2,2,2,3,2,2,1,4,3,2
"R_2dXAdDnv3mvhFqR",2,44,6,2,1,1,NA,4,1,2,2,1,3,3,1,2,1,2,3,2,2,3,2,1,1,2,1,2
"R_3Iag6YjpV2CzgqR",1,23,3,2,2,0,NA,1,2,2,2,2,2,3,1,1,2,2,1,2,1,3,2,1,1,2,3,1
"R_3Iag6YjpV2CzgqR",1,23,3,2,2,0,NA,2,3,1,2,1,3,3,1,1,2,1,3,2,2,4,2,1,1,4,1,2
"R_3Iag6YjpV2CzgqR",1,23,3,2,2,0,NA,3,3,2,2,2,2,3,1,1,3,2,1,2,1,3,2,1,1,1,1,2
"R_3Iag6YjpV2CzgqR",1,23,3,2,2,0,NA,4,2,1,1,2,2,3,1,2,1,1,3,2,2,3,2,1,1,1,3,4
"R_27qkjCP57WXO14q",2,29,2,2,1,0,NA,1,2,1,1,1,3,2,1,1,3,1,1,1,2,3,2,1,1,1,2,2
"R_27qkjCP57WXO14q",2,29,2,2,1,0,NA,2,3,2,1,2,3,3,1,2,3,1,1,1,2,2,3,1,1,4,3,3
"R_27qkjCP57WXO14q",2,29,2,2,1,0,NA,3,1,1,1,1,3,2,1,1,2,1,1,1,2,3,2,2,1,1,1,2
"R_27qkjCP57WXO14q",2,29,2,2,1,0,NA,4,3,2,1,1,3,2,1,1,3,1,1,1,1,4,2,2,2,3,3,3
"R_1hGtiydTTCIHYxT",1,37,2,2,2,1,NA,1,1,2,1,2,3,3,1,1,3,2,1,3,1,3,2,1,1,3,1,3
"R_1hGtiydTTCIHYxT",1,37,2,2,2,1,NA,2,2,2,1,2,3,3,1,1,3,2,1,3,1,3,2,1,1,3,1,3
"R_1hGtiydTTCIHYxT",1,37,2,2,2,1,NA,3,1,2,1,2,3,2,1,1,1,2,1,3,1,3,2,1,1,2,3,4
"R_1hGtiydTTCIHYxT",1,37,2,2,2,1,NA,4,1,1,2,1,2,1,1,2,4,1,3,2,3,3,2,2,1,4,2,1
"R_XRHz72Secmk7n2N",2,36,6,7,1,0,NA,1,1,1,2,1,3,1,1,2,3,2,3,3,2,3,2,1,1,2,3,2
"R_XRHz72Secmk7n2N",2,36,6,7,1,0,NA,2,1,1,2,1,3,1,1,2,3,2,3,3,2,3,2,1,1,2,3,2
"R_XRHz72Secmk7n2N",2,36,6,7,1,0,NA,3,3,2,1,2,3,3,1,1,2,2,1,3,1,3,2,2,1,1,2,4
"R_XRHz72Secmk7n2N",2,36,6,7,1,0,NA,4,2,1,1,2,3,3,1,1,2,2,2,3,1,3,2,1,1,4,1,1
"R_DC2O7VRxkL2x66d",1,31,5,1,2,0,NA,1,2,1,2,2,2,3,1,1,3,2,1,1,1,4,2,2,1,2,2,1
"R_DC2O7VRxkL2x66d",1,31,5,1,2,0,NA,2,3,2,2,2,2,2,1,1,4,2,1,2,2,4,2,2,1,1,3,4
"R_DC2O7VRxkL2x66d",1,31,5,1,2,0,NA,3,1,1,1,2,2,3,2,1,2,2,2,2,2,3,2,1,1,4,1,3
"R_DC2O7VRxkL2x66d",1,31,5,1,2,0,NA,4,3,1,1,2,2,2,1,1,1,2,2,2,2,3,2,2,1,4,3,2
"R_ehWe4kNEZCIqFy1",2,25,2,2,2,0,NA,1,3,1,1,1,3,2,1,2,4,1,3,1,2,3,2,2,1,3,3,1
"R_ehWe4kNEZCIqFy1",2,25,2,2,2,0,NA,2,3,1,2,2,3,1,2,1,3,2,2,2,3,4,2,1,1,1,1,2
"R_ehWe4kNEZCIqFy1",2,25,2,2,2,0,NA,3,3,1,2,1,2,1,1,2,2,1,2,2,2,1,2,2,2,1,2,3
"R_ehWe4kNEZCIqFy1",2,25,2,2,2,0,NA,4,1,2,1,2,2,2,2,1,2,2,1,3,1,1,1,1,1,4,3,4
"R_VXpb2FeJGGdlby1",1,35,3,2,3,NA,-1,1,1,1,1,1,3,2,1,2,3,1,3,2,2,3,2,1,1,3,1,2
"R_VXpb2FeJGGdlby1",1,35,3,2,3,NA,-1,2,1,2,2,2,3,1,1,1,1,2,1,3,1,3,2,1,1,2,2,1
"R_VXpb2FeJGGdlby1",1,35,3,2,3,NA,-1,3,3,2,2,1,2,3,1,1,2,2,2,2,2,3,2,2,1,1,3,3
"R_VXpb2FeJGGdlby1",1,35,3,2,3,NA,-1,4,1,2,2,1,3,3,1,1,4,2,2,2,1,3,2,1,1,2,1,4
"R_5bxWhNDnFk1Jstn",2,22,3,1,2,0,NA,1,3,2,1,1,2,2,1,2,4,2,3,2,1,2,2,1,1,3,1,2
"R_5bxWhNDnFk1Jstn",2,22,3,1,2,0,NA,2,1,1,2,1,1,2,2,2,3,2,2,1,3,3,2,2,1,3,2,3
"R_5bxWhNDnFk1Jstn",2,22,3,1,2,0,NA,3,1,1,2,2,3,3,2,1,3,2,3,3,3,2,3,2,1,2,1,3
"R_5bxWhNDnFk1Jstn",2,22,3,1,2,0,NA,4,1,1,2,2,1,3,1,1,4,2,2,1,3,2,2,1,1,2,2,4
"R_2VJuOqfrDhuXfMh",2,20,3,3,2,1,NA,1,3,1,2,1,3,2,1,1,3,1,1,2,2,3,2,2,1,4,1,1
"R_2VJuOqfrDhuXfMh",2,20,3,3,2,1,NA,2,1,1,1,2,2,3,1,2,3,2,3,2,1,4,2,1,1,1,3,4
"R_2VJuOqfrDhuXfMh",2,20,3,3,2,1,NA,3,2,2,1,2,2,2,1,2,2,2,2,2,3,1,1,1,2,4,2,2
"R_2VJuOqfrDhuXfMh",2,20,3,3,2,1,NA,4,2,2,2,1,3,2,1,2,4,2,2,2,3,3,3,1,2,2,2,3
"R_277Q0sg1oERAKqE",2,29,4,2,2,0,NA,1,2,1,2,1,3,3,1,1,2,1,1,3,2,3,2,1,1,4,1,2
"R_277Q0sg1oERAKqE",2,29,4,2,2,0,NA,2,1,2,2,2,3,2,2,1,3,1,2,2,3,2,1,1,1,1,3,3
"R_277Q0sg1oERAKqE",2,29,4,2,2,0,NA,3,2,2,1,1,2,1,1,1,4,1,3,2,3,4,1,1,1,2,1,4
"R_277Q0sg1oERAKqE",2,29,4,2,2,0,NA,4,3,1,1,1,2,1,1,1,1,1,2,1,3,2,2,2,2,3,2,2
"R_2Va2c9WhBGFaHcJ",2,33,5,2,4,NA,1,1,3,1,1,2,3,3,1,1,3,1,2,2,2,4,2,1,1,3,2,3
"R_2Va2c9WhBGFaHcJ",2,33,5,2,4,NA,1,2,3,2,1,1,2,3,2,2,1,1,2,1,1,3,3,1,7,1,3,1
"R_2Va2c9WhBGFaHcJ",2,33,5,2,4,NA,1,3,2,1,1,1,2,2,2,2,2,1,3,1,3,3,2,1,2,4,1,2
"R_2Va2c9WhBGFaHcJ",2,33,5,2,4,NA,1,4,3,2,1,1,2,1,1,2,2,1,3,1,4,4,1,1,1,2,3,4
"R_42rAMalz40OAvuh",2,27,5,2,2,0,NA,1,2,1,1,1,3,1,2,2,3,1,2,1,3,3,2,1,1,2,2,3
"R_42rAMalz40OAvuh",2,27,5,2,2,0,NA,2,3,1,1,1,3,3,1,2,4,1,2,2,2,4,2,1,1,4,1,1
"R_42rAMalz40OAvuh",2,27,5,2,2,0,NA,3,2,2,1,1,3,2,1,1,3,1,2,2,1,2,3,2,1,1,1,2
"R_42rAMalz40OAvuh",2,27,5,2,2,0,NA,4,1,1,2,1,2,2,1,2,3,2,1,2,4,2,2,2,1,3,3,4
"R_3KqiPJh12CdPYlA",2,36,2,1,3,NA,0,1,3,2,1,1,3,3,1,2,4,1,3,3,2,3,2,2,1,4,1,3
"R_3KqiPJh12CdPYlA",2,36,2,1,3,NA,0,2,1,1,1,1,2,2,1,2,1,1,3,1,1,1,1,1,7,2,1,2
"R_3KqiPJh12CdPYlA",2,36,2,1,3,NA,0,3,1,2,1,2,2,1,1,1,1,2,1,2,2,2,3,2,1,2,3,4
"R_3KqiPJh12CdPYlA",2,36,2,1,3,NA,0,4,2,1,2,2,3,3,2,1,4,2,1,3,2,2,2,1,1,3,3,4
"R_qInvkQ4ADn58Cw9",2,26,6,6,1,0,NA,1,3,2,2,1,3,2,1,1,3,2,1,2,2,3,2,2,1,4,1,2
"R_qInvkQ4ADn58Cw9",2,26,6,6,1,0,NA,2,1,1,1,1,3,3,2,2,4,1,3,1,2,1,2,1,1,1,1,1
"R_qInvkQ4ADn58Cw9",2,26,6,6,1,0,NA,3,3,2,2,2,3,2,1,1,1,2,1,3,1,4,2,2,1,3,2,4
"R_qInvkQ4ADn58Cw9",2,26,6,6,1,0,NA,4,1,1,1,2,2,1,1,2,3,1,2,2,2,1,1,1,2,1,3,4
"R_28YStzajxbqT9nU",2,59,3,4,1,1,NA,1,3,1,1,1,2,2,1,2,2,1,3,3,1,3,2,1,1,4,2,2
"R_28YStzajxbqT9nU",2,59,3,4,1,1,NA,2,1,1,2,2,3,2,2,1,1,2,1,2,2,4,2,1,1,3,3,4
"R_28YStzajxbqT9nU",2,59,3,4,1,1,NA,3,1,1,2,1,2,2,1,2,4,2,3,2,3,3,2,2,2,1,1,3
"R_28YStzajxbqT9nU",2,59,3,4,1,1,NA,4,3,1,2,1,3,3,1,2,3,1,3,3,2,3,2,2,1,2,2,1
"R_3oT0j0nPmT9DATm",2,59,2,4,2,0,NA,1,2,1,2,1,1,1,1,1,2,2,2,1,4,3,2,1,1,2,2,1
"R_3oT0j0nPmT9DATm",2,59,2,4,2,0,NA,2,2,2,1,1,2,3,1,2,4,1,2,1,3,3,2,1,1,3,1,2
"R_3oT0j0nPmT9DATm",2,59,2,4,2,0,NA,3,2,1,1,1,2,2,2,2,1,1,2,2,2,2,3,1,7,1,3,1
"R_3oT0j0nPmT9DATm",2,59,2,4,2,0,NA,4,3,2,2,2,2,3,1,1,3,2,1,2,2,3,2,2,1,2,1,3
"R_1ieSklscbrvvGJL",1,23,5,1,2,0,NA,1,1,1,1,2,2,1,1,2,1,1,2,1,2,3,2,1,1,2,1,1
"R_1ieSklscbrvvGJL",1,23,5,1,2,0,NA,2,2,2,1,2,3,2,1,1,3,2,2,1,2,3,2,1,1,2,1,1
"R_1ieSklscbrvvGJL",1,23,5,1,2,0,NA,3,2,1,1,2,3,2,1,2,2,1,1,2,2,3,2,1,1,3,2,1
"R_1ieSklscbrvvGJL",1,23,5,1,2,0,NA,4,3,1,2,2,3,3,1,1,4,2,1,3,2,1,2,2,1,1,2,3
"R_1gcJEPmrVyJrD0i",1,35,3,5,1,1,NA,1,1,2,1,1,3,3,1,2,3,1,3,2,2,3,2,2,1,1,3,3
"R_1gcJEPmrVyJrD0i",1,35,3,5,1,1,NA,2,2,2,1,2,3,3,1,1,3,2,1,3,1,3,2,2,1,2,1,3
"R_1gcJEPmrVyJrD0i",1,35,3,5,1,1,NA,3,3,1,1,2,3,2,1,1,1,2,1,3,1,4,2,2,1,2,1,4
"R_1gcJEPmrVyJrD0i",1,35,3,5,1,1,NA,4,3,1,2,2,3,2,1,1,3,2,1,3,2,4,2,2,1,2,1,4
"R_1EcYdvX5Y5KFJpu",2,59,3,2,1,0,NA,1,2,2,2,1,3,3,1,2,4,2,3,3,2,4,2,1,1,1,1,4
"R_1EcYdvX5Y5KFJpu",2,59,3,2,1,0,NA,2,1,2,2,2,3,2,1,1,3,2,1,3,1,3,2,2,7,4,3,3
"R_1EcYdvX5Y5KFJpu",2,59,3,2,1,0,NA,3,2,2,1,1,2,3,2,2,2,1,3,2,2,2,2,1,1,2,2,2
"R_1EcYdvX5Y5KFJpu",2,59,3,2,1,0,NA,4,3,1,2,2,3,1,1,1,2,2,2,3,1,4,2,2,2,3,3,1
"R_24HIhFqduiWMhNs",1,40,5,2,1,0,NA,1,3,1,2,1,3,3,2,2,1,1,3,2,2,3,2,1,1,3,3,1
"R_24HIhFqduiWMhNs",1,40,5,2,1,0,NA,2,1,2,1,2,3,2,1,1,2,2,1,3,1,3,2,2,1,4,1,2
"R_24HIhFqduiWMhNs",1,40,5,2,1,0,NA,3,2,2,1,2,3,2,1,1,4,2,1,3,2,3,2,2,1,2,2,4
"R_24HIhFqduiWMhNs",1,40,5,2,1,0,NA,4,2,2,1,2,3,2,1,1,3,2,1,3,1,3,2,2,1,4,1,1
"R_11gs7t28Z4alV51",1,29,3,2,2,1,NA,1,1,2,2,2,2,2,1,1,1,2,1,2,1,3,2,2,1,1,1,4
"R_11gs7t28Z4alV51",1,29,3,2,2,1,NA,2,2,1,2,1,1,2,1,2,2,2,2,3,4,1,3,2,1,3,3,1
"R_11gs7t28Z4alV51",1,29,3,2,2,1,NA,3,2,2,1,2,3,3,1,1,1,1,2,2,3,1,1,1,1,4,3,2
"R_11gs7t28Z4alV51",1,29,3,2,2,1,NA,4,2,2,1,2,3,2,2,1,3,1,1,2,2,2,3,1,2,1,1,1
"R_2qxhmiPaZcD7fbm",1,33,4,2,2,0,NA,1,2,2,1,1,3,3,1,1,3,1,2,3,2,2,2,1,1,4,1,2
"R_2qxhmiPaZcD7fbm",1,33,4,2,2,0,NA,2,3,2,1,1,3,2,1,2,1,1,2,3,2,3,3,2,1,1,2,3
"R_2qxhmiPaZcD7fbm",1,33,4,2,2,0,NA,3,3,1,1,1,3,2,1,2,2,1,2,2,2,2,2,2,1,2,3,1
"R_2qxhmiPaZcD7fbm",1,33,4,2,2,0,NA,4,3,2,1,1,3,2,1,1,3,1,2,3,2,2,2,2,1,2,1,3
"R_1OlQymDeMPU3HV7",1,30,5,4,2,1,NA,1,3,1,1,2,2,1,2,1,4,1,2,3,1,3,2,1,1,4,3,3
"R_1OlQymDeMPU3HV7",1,30,5,4,2,1,NA,2,2,1,1,2,3,1,2,1,4,1,2,2,2,3,2,1,7,3,1,1
"R_1OlQymDeMPU3HV7",1,30,5,4,2,1,NA,3,3,1,2,2,2,2,1,1,3,2,1,2,1,4,2,2,1,1,3,4
"R_1OlQymDeMPU3HV7",1,30,5,4,2,1,NA,4,1,1,2,1,2,1,1,2,3,1,2,2,2,3,2,1,2,4,2,4
"R_1QuUqmUe8ipzZHJ",1,21,3,2,2,0,NA,1,1,2,1,1,2,1,1,1,1,2,3,1,4,3,1,1,1,2,2,3
"R_1QuUqmUe8ipzZHJ",1,21,3,2,2,0,NA,2,3,1,1,1,1,1,1,2,3,1,1,1,1,2,3,2,1,4,3,1
"R_1QuUqmUe8ipzZHJ",1,21,3,2,2,0,NA,3,3,1,1,1,1,1,1,2,3,1,1,1,1,3,3,2,1,4,3,1
"R_1QuUqmUe8ipzZHJ",1,21,3,2,2,0,NA,4,3,2,1,1,1,1,1,1,3,1,1,1,4,2,2,2,1,1,1,1
"R_4UBzW2J7o8FTz5T",2,67,5,3,3,NA,1,1,2,2,2,2,3,1,1,1,1,2,1,2,2,3,2,1,1,2,1,1
"R_4UBzW2J7o8FTz5T",2,67,5,3,3,NA,1,2,2,1,2,1,2,3,1,2,1,2,3,2,2,4,2,2,1,3,3,3
"R_4UBzW2J7o8FTz5T",2,67,5,3,3,NA,1,3,1,2,2,1,2,1,1,2,4,1,3,3,1,3,2,1,1,3,2,1
"R_4UBzW2J7o8FTz5T",2,67,5,3,3,NA,1,4,1,1,1,1,3,3,2,2,4,1,3,2,2,2,2,1,1,4,2,2
"R_DuXiZZ09CjTieLT",1,40,5,3,4,NA,0,1,1,2,2,2,3,2,1,1,4,2,1,2,2,3,2,1,1,1,2,3
"R_DuXiZZ09CjTieLT",1,40,5,3,4,NA,0,2,1,1,1,1,3,1,2,2,1,1,3,3,2,2,3,1,7,2,3,1
"R_DuXiZZ09CjTieLT",1,40,5,3,4,NA,0,3,1,1,1,2,2,2,1,2,3,1,2,2,1,4,2,1,1,3,2,1
"R_DuXiZZ09CjTieLT",1,40,5,3,4,NA,0,4,1,2,1,2,3,1,1,1,3,2,2,2,1,3,3,1,1,2,3,1
"R_2CqOGHScruu2CLG",1,23,5,5,1,1,NA,1,2,2,1,2,3,3,1,2,4,1,3,3,2,1,3,1,1,3,3,2
"R_2CqOGHScruu2CLG",1,23,5,5,1,1,NA,2,2,2,1,2,3,2,1,2,4,1,3,3,1,1,3,1,1,1,1,4
"R_2CqOGHScruu2CLG",1,23,5,5,1,1,NA,3,1,1,2,2,2,2,1,1,1,2,1,3,1,3,2,2,1,4,2,1
"R_2CqOGHScruu2CLG",1,23,5,5,1,1,NA,4,3,2,1,2,3,3,1,2,3,1,2,3,2,2,3,2,1,4,3,1
"R_2E9S9vVQNVRtGba",1,32,3,2,2,1,NA,1,1,2,1,1,3,1,1,1,3,1,1,2,1,2,2,1,1,4,1,2
"R_2E9S9vVQNVRtGba",1,32,3,2,2,1,NA,2,2,1,1,2,2,1,2,2,4,2,2,1,3,1,3,1,3,1,2,3
"R_2E9S9vVQNVRtGba",1,32,3,2,2,1,NA,3,1,2,1,2,2,2,1,1,1,2,2,2,1,2,1,1,7,4,3,3
"R_2E9S9vVQNVRtGba",1,32,3,2,2,1,NA,4,3,2,1,2,2,1,1,1,3,2,2,1,2,2,1,1,2,1,3,4
"R_2ZQWFRqgn6Ri2lD",1,26,4,2,2,0,NA,1,1,2,2,1,2,3,1,1,3,2,1,3,1,3,2,2,1,2,1,1
"R_2ZQWFRqgn6Ri2lD",1,26,4,2,2,0,NA,2,1,1,1,1,1,1,2,2,2,1,3,1,3,3,2,1,7,4,2,2
"R_2ZQWFRqgn6Ri2lD",1,26,4,2,2,0,NA,3,1,2,2,2,3,2,1,1,3,2,1,3,1,3,2,2,1,1,3,1
"R_2ZQWFRqgn6Ri2lD",1,26,4,2,2,0,NA,4,3,1,2,2,1,3,1,1,1,2,1,3,2,4,2,2,1,2,1,1
"R_3nBGsj5Pv1y4zQA",2,25,5,2,1,0,NA,1,1,2,1,1,3,1,1,2,3,1,2,3,2,2,3,1,1,4,1,3
"R_3nBGsj5Pv1y4zQA",2,25,5,2,1,0,NA,2,2,2,2,1,3,2,1,2,2,1,2,2,1,3,2,1,1,2,3,4
"R_3nBGsj5Pv1y4zQA",2,25,5,2,1,0,NA,3,3,1,1,1,1,2,1,1,4,1,2,1,4,4,2,2,1,1,2,2
"R_3nBGsj5Pv1y4zQA",2,25,5,2,1,0,NA,4,3,2,2,2,1,3,1,1,1,2,1,2,3,4,2,2,1,2,3,1
"R_yJWLZEXBaWwoDQt",2,25,6,2,2,0,NA,1,1,1,1,2,3,2,2,2,2,1,2,3,2,4,2,1,1,4,1,3
"R_yJWLZEXBaWwoDQt",2,25,6,2,2,0,NA,2,3,2,1,1,2,1,1,2,1,1,3,1,3,3,2,1,1,1,2,4
"R_yJWLZEXBaWwoDQt",2,25,6,2,2,0,NA,3,3,2,1,1,1,1,1,2,2,1,3,1,1,1,1,1,1,3,3,2
"R_yJWLZEXBaWwoDQt",2,25,6,2,2,0,NA,4,2,1,1,1,2,1,1,1,4,1,2,2,2,2,2,2,1,4,2,3
"R_rjzMVXqBpevGj5L",1,21,3,1,1,1,NA,1,2,1,2,1,2,2,1,2,3,1,3,2,2,3,2,1,1,3,2,2
"R_rjzMVXqBpevGj5L",1,21,3,1,1,1,NA,2,3,2,1,2,2,3,1,1,4,2,1,2,2,3,2,1,1,4,3,3
"R_rjzMVXqBpevGj5L",1,21,3,1,1,1,NA,3,3,1,1,2,3,1,2,2,3,1,3,1,3,1,3,1,1,1,3,1
"R_rjzMVXqBpevGj5L",1,21,3,1,1,1,NA,4,2,1,1,2,2,1,1,1,4,1,2,2,1,1,2,2,2,1,2,4
"R_3CJb5RP6Kw4U4gK",1,26,3,2,2,0,NA,1,3,2,1,1,2,3,1,2,1,1,3,2,1,4,2,1,1,3,3,3
"R_3CJb5RP6Kw4U4gK",1,26,3,2,2,0,NA,2,3,1,2,1,2,2,1,2,2,1,2,1,2,2,2,1,1,2,3,2
"R_3CJb5RP6Kw4U4gK",1,26,3,2,2,0,NA,3,1,1,2,2,3,3,1,1,4,2,1,1,1,3,2,2,1,4,1,1
"R_3CJb5RP6Kw4U4gK",1,26,3,2,2,0,NA,4,1,2,1,2,3,2,1,1,4,2,2,2,4,2,3,2,1,2,3,3
"R_Do6NBZtPlP9evdL",2,34,3,2,2,1,NA,1,1,1,1,2,2,3,2,1,1,1,2,1,3,3,1,1,1,4,2,2
"R_Do6NBZtPlP9evdL",2,34,3,2,2,1,NA,2,3,2,2,1,1,1,1,1,2,2,1,1,4,2,3,2,3,1,3,3
"R_Do6NBZtPlP9evdL",2,34,3,2,2,1,NA,3,2,2,2,1,2,1,2,1,4,2,1,2,2,1,1,1,1,2,2,4
"R_Do6NBZtPlP9evdL",2,34,3,2,2,1,NA,4,1,2,1,1,1,1,1,2,2,1,3,1,1,3,3,2,2,3,1,1
"R_2Vl4eH4S8lCe0fr",2,35,5,2,4,NA,-1,1,3,1,2,2,3,2,1,2,3,2,1,1,2,3,2,1,1,2,1,2
"R_2Vl4eH4S8lCe0fr",2,35,5,2,4,NA,-1,2,1,1,2,2,3,2,1,2,1,2,1,1,1,2,2,1,1,1,1,1
"R_2Vl4eH4S8lCe0fr",2,35,5,2,4,NA,-1,3,2,2,2,1,3,2,1,2,3,2,2,1,1,3,2,1,1,3,1,4
"R_2Vl4eH4S8lCe0fr",2,35,5,2,4,NA,-1,4,2,1,1,2,3,2,1,1,1,1,2,1,2,3,2,1,1,1,3,3
"R_D5IB29uBerHI7Kx",1,31,5,3,2,0,NA,1,1,1,2,1,3,3,1,2,3,2,1,1,3,3,2,1,1,2,1,2
"R_D5IB29uBerHI7Kx",1,31,5,3,2,0,NA,2,2,1,1,1,2,3,2,2,2,1,2,1,3,4,2,1,1,4,2,3
"R_D5IB29uBerHI7Kx",1,31,5,3,2,0,NA,3,1,2,2,2,3,3,1,1,3,2,1,2,1,1,2,2,1,1,1,1
"R_D5IB29uBerHI7Kx",1,31,5,3,2,0,NA,4,1,2,1,2,2,1,2,2,1,1,3,2,2,1,1,2,1,3,3,2
"R_TpYvGxCcXqMvI8F",2,56,6,3,2,1,NA,1,2,2,2,1,2,1,1,1,2,2,2,1,1,3,2,1,1,2,3,1
"R_TpYvGxCcXqMvI8F",2,56,6,3,2,1,NA,2,2,2,2,2,2,1,1,1,2,2,1,1,1,3,2,1,1,4,1,2
"R_TpYvGxCcXqMvI8F",2,56,6,3,2,1,NA,3,3,2,1,1,3,3,1,2,4,1,2,2,2,4,2,1,1,3,3,2
"R_TpYvGxCcXqMvI8F",2,56,6,3,2,1,NA,4,3,1,2,1,3,3,1,2,1,1,3,2,2,4,3,2,1,2,1,4
"R_3frwokLpn4YY6Xb",2,35,3,2,2,1,NA,1,2,2,1,2,3,2,1,1,3,2,2,3,2,3,2,1,1,2,3,4
"R_3frwokLpn4YY6Xb",2,35,3,2,2,1,NA,2,3,2,1,1,2,3,1,1,1,1,3,2,1,2,3,1,1,1,2,2
"R_3frwokLpn4YY6Xb",2,35,3,2,2,1,NA,3,3,1,2,1,3,2,2,1,2,1,2,3,2,4,2,1,1,3,1,3
"R_3frwokLpn4YY6Xb",2,35,3,2,2,1,NA,4,3,1,1,2,2,2,1,1,3,2,1,2,3,3,3,2,1,4,3,2
"R_2SIj1AsF0j2rj4f",1,23,5,4,2,0,NA,1,2,1,1,2,2,2,1,1,2,1,3,2,1,3,1,2,1,4,1,1
"R_2SIj1AsF0j2rj4f",1,23,5,4,2,0,NA,2,3,1,2,1,2,3,1,2,1,1,2,2,2,3,2,1,2,1,3,2
"R_2SIj1AsF0j2rj4f",1,23,5,4,2,0,NA,3,3,1,2,1,2,2,1,2,2,1,2,2,2,3,2,2,2,2,3,1
"R_2SIj1AsF0j2rj4f",1,23,5,4,2,0,NA,4,2,2,2,2,3,2,1,1,1,2,2,2,2,3,2,2,1,3,2,4
"R_2QVyWy2t5EndVQs",1,21,3,4,2,0,NA,1,1,2,2,1,2,3,1,1,1,2,1,1,1,2,2,1,1,2,3,1
"R_2QVyWy2t5EndVQs",1,21,3,4,2,0,NA,2,1,2,2,2,2,3,1,1,2,2,1,1,2,3,2,2,1,1,2,2
"R_2QVyWy2t5EndVQs",1,21,3,4,2,0,NA,3,1,1,2,2,3,3,1,1,1,2,2,2,2,3,2,1,1,3,1,3
"R_2QVyWy2t5EndVQs",1,21,3,4,2,0,NA,4,2,2,1,2,3,2,1,1,3,1,2,2,2,2,1,1,1,1,1,3
"R_2zUz8gFztGOHUdi",1,24,5,3,1,0,NA,1,1,2,1,1,2,1,1,2,4,1,2,1,1,2,2,1,1,2,3,2
"R_2zUz8gFztGOHUdi",1,24,5,3,1,0,NA,2,1,2,2,2,3,3,1,1,1,2,1,2,2,4,2,2,1,4,2,3
"R_2zUz8gFztGOHUdi",1,24,5,3,1,0,NA,3,2,1,1,2,2,1,2,2,1,1,2,1,3,3,3,1,7,4,2,4
"R_2zUz8gFztGOHUdi",1,24,5,3,1,0,NA,4,1,1,2,1,2,2,1,1,3,2,2,1,1,4,2,2,1,3,3,2
"R_2WUTk1EvYe5NFjC",2,37,2,2,3,NA,0,1,2,2,1,1,3,2,1,1,4,1,2,3,2,3,2,1,1,3,2,2
"R_2WUTk1EvYe5NFjC",2,37,2,2,3,NA,0,2,3,2,1,2,3,3,1,1,2,2,1,3,4,4,2,2,1,1,1,2
"R_2WUTk1EvYe5NFjC",2,37,2,2,3,NA,0,3,3,1,2,2,2,3,1,2,3,1,2,3,1,3,2,2,1,1,1,3
"R_2WUTk1EvYe5NFjC",2,37,2,2,3,NA,0,4,1,2,2,2,2,2,2,2,2,2,3,2,3,2,2,1,1,3,3,3
"R_3G1il6wNG0nDjos",1,34,2,2,2,0,NA,1,1,2,1,2,3,3,1,1,3,2,2,2,1,3,2,1,7,4,1,3
"R_3G1il6wNG0nDjos",1,34,2,2,2,0,NA,2,3,1,2,1,3,3,1,2,4,1,3,2,2,3,2,1,1,2,2,2
"R_3G1il6wNG0nDjos",1,34,2,2,2,0,NA,3,3,1,2,1,3,2,2,2,3,1,3,2,1,4,2,1,1,1,3,1
"R_3G1il6wNG0nDjos",1,34,2,2,2,0,NA,4,3,1,1,1,2,3,1,2,1,1,3,2,1,2,2,1,1,2,2,4
"R_2wQqzIithqVyVeV",1,23,5,2,3,NA,-1,1,3,2,2,1,3,3,1,1,1,2,1,2,2,3,2,1,1,4,1,1
"R_2wQqzIithqVyVeV",1,23,5,2,3,NA,-1,2,2,2,1,1,3,3,1,2,2,1,3,2,2,3,3,1,1,3,2,3
"R_2wQqzIithqVyVeV",1,23,5,2,3,NA,-1,3,2,2,2,1,3,3,1,1,1,2,1,2,2,3,2,2,1,4,2,3
"R_2wQqzIithqVyVeV",1,23,5,2,3,NA,-1,4,1,1,2,2,3,2,1,1,3,2,1,2,2,3,2,2,1,1,2,2
"R_3OccfuvEY9qTgfx",2,45,3,1,2,0,NA,1,1,1,2,2,2,2,1,1,1,2,1,2,1,3,2,1,1,4,1,1
"R_3OccfuvEY9qTgfx",2,45,3,1,2,0,NA,2,3,1,1,1,2,3,1,2,3,1,3,1,2,4,2,1,1,3,2,4
"R_3OccfuvEY9qTgfx",2,45,3,1,2,0,NA,3,3,1,2,2,3,2,1,1,4,2,1,2,2,3,2,1,1,2,3,3
"R_3OccfuvEY9qTgfx",2,45,3,1,2,0,NA,4,3,2,1,1,2,3,1,2,2,1,3,1,4,3,2,2,1,1,1,2
"R_1r851zgd9r8NcRH",1,52,5,3,3,NA,0,1,3,2,2,1,3,3,1,1,1,2,2,3,2,4,2,1,1,4,2,3
"R_1r851zgd9r8NcRH",1,52,5,3,3,NA,0,2,2,2,2,2,3,2,1,1,4,2,2,2,2,3,2,1,1,1,3,4
"R_1r851zgd9r8NcRH",1,52,5,3,3,NA,0,3,3,1,2,1,3,3,1,2,2,2,3,3,2,4,2,2,1,2,1,2
"R_1r851zgd9r8NcRH",1,52,5,3,3,NA,0,4,1,2,2,2,3,2,1,1,3,2,2,2,2,2,3,1,1,3,3,1
"R_Z2Hmlw1ZQ6au1fX",1,38,4,2,1,0,NA,1,2,1,1,2,2,2,1,1,3,2,3,2,1,3,2,1,1,1,3,2
"R_Z2Hmlw1ZQ6au1fX",1,38,4,2,1,0,NA,2,3,2,2,2,2,3,1,1,1,2,1,3,2,4,2,2,1,2,1,4
"R_Z2Hmlw1ZQ6au1fX",1,38,4,2,1,0,NA,3,3,2,1,2,3,3,1,1,2,2,2,3,2,3,2,2,1,3,3,2
"R_Z2Hmlw1ZQ6au1fX",1,38,4,2,1,0,NA,4,1,2,2,2,2,1,1,1,3,2,1,2,1,2,2,1,1,2,2,3
"R_pFMzVsZjIZo4csp",2,45,5,5,2,1,NA,1,3,1,2,1,3,3,1,2,3,1,3,2,2,3,3,1,1,2,1,1
"R_pFMzVsZjIZo4csp",2,45,5,5,2,1,NA,2,3,2,2,2,3,3,1,1,2,2,1,3,2,3,2,1,1,4,1,1
"R_pFMzVsZjIZo4csp",2,45,5,5,2,1,NA,3,1,1,2,1,3,1,2,2,2,1,2,1,1,2,2,1,1,1,1,1
"R_pFMzVsZjIZo4csp",2,45,5,5,2,1,NA,4,2,1,2,2,3,3,1,1,1,2,1,3,2,4,3,1,1,3,1,4
"R_2ro60HOI6hJaeJn",1,28,5,2,3,NA,-1,1,3,1,2,1,3,2,1,2,3,1,2,3,1,4,2,1,1,3,2,3
"R_2ro60HOI6hJaeJn",1,28,5,2,3,NA,-1,2,1,2,2,2,3,3,1,1,4,2,1,3,1,4,2,1,1,2,3,2
"R_2ro60HOI6hJaeJn",1,28,5,2,3,NA,-1,3,3,1,1,1,3,3,1,2,1,1,3,3,2,3,2,1,1,4,2,3
"R_2ro60HOI6hJaeJn",1,28,5,2,3,NA,-1,4,1,1,1,2,3,2,1,1,1,1,1,3,1,3,2,1,1,1,1,1
"R_0U7Gc4SuGK8pmqR",2,61,3,3,3,NA,0,1,2,2,2,1,3,3,1,1,3,2,1,2,1,4,2,2,1,4,1,1
"R_0U7Gc4SuGK8pmqR",2,61,3,3,3,NA,0,2,3,2,2,2,2,3,1,1,2,2,1,2,2,4,2,2,1,3,1,4
"R_0U7Gc4SuGK8pmqR",2,61,3,3,3,NA,0,3,2,1,2,1,2,3,2,2,1,1,2,1,1,2,2,1,2,2,2,4
"R_0U7Gc4SuGK8pmqR",2,61,3,3,3,NA,0,4,2,2,2,2,2,3,1,1,4,2,1,2,1,3,2,2,1,3,1,4
"R_ylK5F7rJwqftQOt",2,25,6,2,1,0,NA,1,2,2,2,2,3,3,1,1,3,2,1,3,2,3,2,1,1,2,3,3
"R_ylK5F7rJwqftQOt",2,25,6,2,1,0,NA,2,3,1,1,1,3,2,1,2,1,1,3,2,2,3,2,1,1,1,1,2
"R_ylK5F7rJwqftQOt",2,25,6,2,1,0,NA,3,3,1,2,2,3,1,1,1,2,2,2,2,2,4,2,2,1,4,1,1
"R_ylK5F7rJwqftQOt",2,25,6,2,1,0,NA,4,1,1,2,1,2,1,1,2,4,1,2,1,1,2,3,1,7,4,2,4
"R_1Nfx2IYzWZqumQl",2,49,3,2,2,1,NA,1,2,1,2,2,3,2,1,1,4,2,1,3,2,3,2,1,1,2,3,2
"R_1Nfx2IYzWZqumQl",2,49,3,2,2,1,NA,2,2,2,1,1,3,3,1,2,4,1,2,3,2,3,2,1,1,3,3,3
"R_1Nfx2IYzWZqumQl",2,49,3,2,2,1,NA,3,2,1,1,2,3,1,1,1,2,2,1,3,2,3,2,1,1,1,1,1
"R_1Nfx2IYzWZqumQl",2,49,3,2,2,1,NA,4,3,2,1,1,3,3,1,2,1,1,3,3,1,3,2,1,1,3,1,3
"R_29aaYl444y3FRZC",2,55,5,2,1,0,NA,1,1,2,2,2,3,3,1,1,3,2,1,3,2,3,2,1,1,3,3,1
"R_29aaYl444y3FRZC",2,55,5,2,1,0,NA,2,1,1,1,1,3,3,2,2,2,1,3,3,2,2,2,1,1,4,1,2
"R_29aaYl444y3FRZC",2,55,5,2,1,0,NA,3,3,2,2,2,2,3,1,1,3,2,2,3,1,4,2,2,1,4,3,4
"R_29aaYl444y3FRZC",2,55,5,2,1,0,NA,4,3,2,1,1,3,3,1,2,2,1,3,3,2,2,2,1,1,3,2,1
"R_11Z9B87ccjgSLt9",1,31,5,3,3,NA,0,1,3,2,1,2,3,2,1,1,1,2,2,2,2,3,2,2,1,4,1,3
"R_11Z9B87ccjgSLt9",1,31,5,3,3,NA,0,2,3,2,1,2,2,2,1,1,2,2,2,2,2,3,2,2,1,3,1,3
"R_11Z9B87ccjgSLt9",1,31,5,3,3,NA,0,3,1,1,1,2,2,1,1,1,4,1,2,1,1,3,2,1,1,1,2,4
"R_11Z9B87ccjgSLt9",1,31,5,3,3,NA,0,4,3,1,2,1,2,3,1,2,3,1,3,2,2,3,2,1,1,1,3,3
"R_vZf2SI5Jgg4mhoJ",2,20,3,3,3,NA,-1,1,3,1,1,1,2,3,1,2,4,1,3,1,1,3,2,1,1,1,2,1
"R_vZf2SI5Jgg4mhoJ",2,20,3,3,3,NA,-1,2,2,2,1,2,3,2,1,1,1,2,1,3,2,4,2,2,1,2,1,1
"R_vZf2SI5Jgg4mhoJ",2,20,3,3,3,NA,-1,3,1,1,2,2,3,2,1,1,2,2,1,2,2,4,2,2,1,4,1,1
"R_vZf2SI5Jgg4mhoJ",2,20,3,3,3,NA,-1,4,2,2,2,2,3,2,2,1,3,2,1,1,2,4,2,2,1,2,1,3
"R_25t0toL5eqOVJCK",1,33,3,3,3,NA,-1,1,3,2,2,1,2,3,1,1,1,2,1,2,2,3,2,2,1,3,2,3
"R_25t0toL5eqOVJCK",1,33,3,3,3,NA,-1,2,2,1,1,1,2,2,2,2,4,1,3,2,1,4,2,1,1,1,3,1
"R_25t0toL5eqOVJCK",1,33,3,3,3,NA,-1,3,2,1,1,2,3,2,1,1,2,1,2,2,3,2,3,1,2,4,2,4
"R_25t0toL5eqOVJCK",1,33,3,3,3,NA,-1,4,3,1,2,1,2,3,1,2,2,2,1,2,2,1,3,1,1,2,1,2
"R_2YDLCraR2l0GYGI",1,22,5,1,3,NA,-1,1,3,1,2,2,2,3,1,1,2,2,2,2,2,3,2,2,1,1,3,3
"R_2YDLCraR2l0GYGI",1,22,5,1,3,NA,-1,2,2,2,1,1,3,3,1,2,4,1,2,3,1,4,2,2,1,3,2,1
"R_2YDLCraR2l0GYGI",1,22,5,1,3,NA,-1,3,1,2,1,2,2,3,1,1,1,2,2,2,3,3,2,1,2,2,3,2
"R_2YDLCraR2l0GYGI",1,22,5,1,3,NA,-1,4,2,1,1,2,2,3,1,2,2,1,2,3,1,4,2,1,1,4,1,4
"R_1gAOyqy5pteT9G2",2,32,3,2,3,NA,0,1,1,1,2,1,2,3,1,2,3,1,3,1,2,2,2,1,1,3,1,2
"R_1gAOyqy5pteT9G2",2,32,3,2,3,NA,0,2,2,2,2,2,2,3,1,1,2,2,1,2,2,3,2,1,1,4,3,1
"R_1gAOyqy5pteT9G2",2,32,3,2,3,NA,0,3,3,1,2,1,3,3,1,2,1,1,2,2,2,3,2,2,1,1,2,4
"R_1gAOyqy5pteT9G2",2,32,3,2,3,NA,0,4,3,1,2,2,2,3,1,1,4,2,1,2,2,3,2,2,1,2,1,3
"R_1r33wFiNf6HxQJT",2,27,3,2,2,1,NA,1,1,2,1,2,2,2,1,1,1,2,1,2,2,3,2,1,1,1,2,1
"R_1r33wFiNf6HxQJT",2,27,3,2,2,1,NA,2,3,1,1,1,2,3,1,2,4,1,3,3,2,3,2,1,1,2,1,3
"R_1r33wFiNf6HxQJT",2,27,3,2,2,1,NA,3,3,2,1,1,3,3,2,2,2,1,2,2,2,2,3,2,1,3,3,4
"R_1r33wFiNf6HxQJT",2,27,3,2,2,1,NA,4,1,1,1,1,2,3,2,1,1,1,2,1,2,1,1,2,7,4,1,2
"R_2V3EfIH3cmXiCNP",1,30,3,3,1,0,NA,1,1,2,1,2,2,1,1,1,3,2,1,2,2,3,2,1,1,2,3,3
"R_2V3EfIH3cmXiCNP",1,30,3,3,1,0,NA,2,1,1,2,1,3,3,1,1,4,1,1,2,1,2,2,2,2,4,2,1
"R_2V3EfIH3cmXiCNP",1,30,3,3,1,0,NA,3,3,2,1,1,3,2,2,1,1,1,1,1,3,3,2,1,1,1,1,4
"R_2V3EfIH3cmXiCNP",1,30,3,3,1,0,NA,4,2,2,1,2,3,1,1,1,1,1,1,2,4,1,1,2,2,3,1,2
"R_CehYFrAKDgPu01j",2,25,5,2,2,0,NA,1,1,2,2,2,3,3,1,1,1,2,1,3,2,2,2,1,1,2,1,3
"R_CehYFrAKDgPu01j",2,25,5,2,2,0,NA,2,3,2,2,2,2,2,1,1,4,2,1,2,1,3,3,1,1,1,3,4
"R_CehYFrAKDgPu01j",2,25,5,2,2,0,NA,3,1,2,1,2,2,1,1,1,3,1,2,2,3,3,2,2,1,4,3,1
"R_CehYFrAKDgPu01j",2,25,5,2,2,0,NA,4,3,2,1,1,2,2,1,2,2,1,2,2,2,4,2,2,1,1,2,2
"R_1mzn4q9HygNs91F",2,28,4,2,3,NA,0,1,3,2,2,2,2,1,1,1,2,2,1,1,2,4,2,2,1,4,1,4
"R_1mzn4q9HygNs91F",2,28,4,2,3,NA,0,2,1,2,2,2,2,3,1,1,3,2,2,2,2,4,1,1,1,3,1,2
"R_1mzn4q9HygNs91F",2,28,4,2,3,NA,0,3,1,1,2,2,2,3,1,1,3,2,1,2,1,4,2,2,1,2,1,4
"R_1mzn4q9HygNs91F",2,28,4,2,3,NA,0,4,1,2,1,1,2,1,2,1,3,1,2,1,3,3,2,1,7,3,2,4
"R_XX5sbICMXbaug8h",1,32,4,2,3,NA,0,1,1,1,2,1,2,2,1,2,3,1,2,2,2,2,2,1,1,4,2,4
"R_XX5sbICMXbaug8h",1,32,4,2,3,NA,0,2,2,2,2,1,2,2,1,1,3,2,1,2,2,2,2,1,1,2,2,1
"R_XX5sbICMXbaug8h",1,32,4,2,3,NA,0,3,2,2,2,2,2,2,1,1,3,2,1,2,2,2,2,1,1,3,3,4
"R_XX5sbICMXbaug8h",1,32,4,2,3,NA,0,4,3,2,2,1,2,2,1,1,3,2,1,2,2,2,2,1,1,1,1,3
"R_2uUqwiSQJynRsMR",2,31,2,1,3,NA,0,1,2,1,1,2,2,2,1,1,4,1,2,1,2,2,2,2,1,2,1,2
"R_2uUqwiSQJynRsMR",2,31,2,1,3,NA,0,2,1,2,1,1,2,1,2,2,1,2,3,1,1,3,3,1,1,3,3,1
"R_2uUqwiSQJynRsMR",2,31,2,1,3,NA,0,3,2,2,1,1,3,3,1,2,4,2,2,2,2,1,3,2,1,1,3,4
"R_2uUqwiSQJynRsMR",2,31,2,1,3,NA,0,4,1,2,2,2,2,1,1,1,1,1,2,1,3,4,2,1,1,2,2,3
"R_uxpyJJTK5Oh8YiR",2,37,5,3,3,NA,0,1,2,1,2,1,3,3,1,2,2,1,2,3,2,3,2,1,1,4,2,2
"R_uxpyJJTK5Oh8YiR",2,37,5,3,3,NA,0,2,1,1,1,2,3,1,2,1,4,2,1,3,1,4,2,1,1,1,3,3
"R_uxpyJJTK5Oh8YiR",2,37,5,3,3,NA,0,3,1,2,1,1,2,1,1,1,2,1,3,2,2,3,2,2,1,2,2,2
"R_uxpyJJTK5Oh8YiR",2,37,5,3,3,NA,0,4,2,1,1,2,2,3,1,1,3,1,2,3,1,4,2,2,1,3,3,4
"R_WCpLPCOdulr1Cff",1,28,3,3,3,NA,0,1,1,1,1,1,2,3,1,2,4,2,2,1,1,3,2,1,2,2,1,1
"R_WCpLPCOdulr1Cff",1,28,3,3,3,NA,0,2,1,1,2,1,3,2,1,1,3,2,1,2,4,4,2,2,1,2,2,2
"R_WCpLPCOdulr1Cff",1,28,3,3,3,NA,0,3,1,1,1,2,2,1,1,1,4,1,2,1,2,4,2,2,7,2,3,3
"R_WCpLPCOdulr1Cff",1,28,3,3,3,NA,0,4,2,2,1,1,2,3,1,1,1,1,3,2,1,4,3,1,7,3,3,4
"R_O1ZMPsWRmM16LzX",1,29,4,2,3,NA,-1,1,3,2,2,2,1,2,1,1,2,2,1,3,1,4,2,2,1,1,3,4
"R_O1ZMPsWRmM16LzX",1,29,4,2,3,NA,-1,2,2,2,1,2,2,3,1,1,1,2,2,2,2,3,2,1,1,2,2,3
"R_O1ZMPsWRmM16LzX",1,29,4,2,3,NA,-1,3,2,2,2,2,2,1,1,1,4,2,2,2,4,4,2,2,1,4,1,1
"R_O1ZMPsWRmM16LzX",1,29,4,2,3,NA,-1,4,1,1,1,2,2,1,1,1,3,2,2,1,1,4,2,1,1,2,1,2
"R_sSbJ9LXJaaLDIxH",2,50,6,6,3,NA,1,1,3,2,2,1,3,3,1,2,3,2,3,3,2,3,2,1,1,4,1,1
"R_sSbJ9LXJaaLDIxH",2,50,6,6,3,NA,1,2,2,2,2,2,2,3,1,1,3,2,2,2,2,3,2,2,1,4,1,1
"R_sSbJ9LXJaaLDIxH",2,50,6,6,3,NA,1,3,2,1,2,2,2,3,1,1,3,2,1,2,2,3,2,2,1,3,1,1
"R_sSbJ9LXJaaLDIxH",2,50,6,6,3,NA,1,4,1,2,2,1,3,1,2,2,3,2,3,2,2,2,2,1,7,4,1,1
"R_XnYwMjIKy2WacaB",1,62,6,3,3,NA,1,1,2,1,2,1,2,3,1,2,2,2,2,2,1,4,2,1,7,1,3,2
"R_XnYwMjIKy2WacaB",1,62,6,3,3,NA,1,2,2,2,1,1,3,2,1,2,2,1,1,2,2,1,3,1,1,4,2,1
"R_XnYwMjIKy2WacaB",1,62,6,3,3,NA,1,3,3,1,2,1,3,2,1,2,4,2,2,3,1,4,2,1,2,1,1,1
"R_XnYwMjIKy2WacaB",1,62,6,3,3,NA,1,4,1,2,2,2,2,1,2,1,3,2,1,1,4,1,3,1,3,3,1,2
"R_Y54mjujA4tkvnX3",1,31,6,3,2,1,NA,1,2,1,2,2,3,2,1,1,3,2,1,2,2,3,2,1,1,2,3,4
"R_Y54mjujA4tkvnX3",1,31,6,3,2,1,NA,2,1,1,2,2,2,3,1,1,2,2,1,2,2,2,2,2,1,4,2,4
"R_Y54mjujA4tkvnX3",1,31,6,3,2,1,NA,3,2,2,1,1,2,3,1,2,4,2,3,2,2,3,2,1,1,1,2,3
"R_Y54mjujA4tkvnX3",1,31,6,3,2,1,NA,4,3,1,2,1,3,3,1,2,3,2,2,2,1,4,2,2,1,3,2,3
"R_2uKvXfcSZm8vdka",2,51,6,3,3,NA,0,1,3,2,2,2,3,3,1,2,1,2,1,3,2,3,2,2,1,3,3,3
"R_2uKvXfcSZm8vdka",2,51,6,3,3,NA,0,2,2,1,1,1,3,3,1,2,3,1,3,3,2,3,2,1,1,3,3,4
"R_2uKvXfcSZm8vdka",2,51,6,3,3,NA,0,3,1,2,1,2,3,3,1,2,2,2,2,2,2,3,2,1,1,3,1,2
"R_2uKvXfcSZm8vdka",2,51,6,3,3,NA,0,4,1,1,1,2,3,2,1,2,4,1,2,2,2,3,2,1,1,3,2,2
"R_3iFsBbjCkLN8ulZ",2,59,5,2,4,NA,0,1,1,1,2,1,3,1,1,1,1,1,1,2,1,2,2,2,1,3,1,1
"R_3iFsBbjCkLN8ulZ",2,59,5,2,4,NA,0,2,1,1,2,2,3,3,1,1,4,2,1,3,2,1,1,2,1,2,2,3
"R_3iFsBbjCkLN8ulZ",2,59,5,2,4,NA,0,3,1,1,2,1,2,1,2,2,4,1,1,2,3,1,1,1,7,1,3,2
"R_3iFsBbjCkLN8ulZ",2,59,5,2,4,NA,0,4,1,2,1,1,1,1,1,2,1,1,1,2,4,1,1,1,2,2,3,4
"R_2ZOzOAt3n6ycBUS",2,30,3,3,2,1,NA,1,3,2,1,2,3,3,1,1,3,2,2,2,2,3,2,1,1,3,1,1
"R_2ZOzOAt3n6ycBUS",2,30,3,3,2,1,NA,2,1,1,1,2,3,2,2,1,4,2,2,2,2,3,2,1,1,4,3,4
"R_2ZOzOAt3n6ycBUS",2,30,3,3,2,1,NA,3,2,1,1,2,3,3,1,2,1,2,2,3,1,4,2,2,1,1,2,3
"R_2ZOzOAt3n6ycBUS",2,30,3,3,2,1,NA,4,1,2,2,2,3,2,1,1,2,2,2,3,1,4,2,2,1,2,1,4
"R_SHu7Rxod2EH4XfP",2,39,4,3,1,0,NA,1,3,2,1,2,2,3,1,2,2,1,2,1,2,3,2,1,1,3,2,1
"R_SHu7Rxod2EH4XfP",2,39,4,3,1,0,NA,2,3,2,1,1,2,1,1,2,3,1,3,1,1,3,2,1,1,1,1,2
"R_SHu7Rxod2EH4XfP",2,39,4,3,1,0,NA,3,2,2,2,2,2,2,1,2,1,2,2,2,1,2,2,1,1,3,3,3
"R_SHu7Rxod2EH4XfP",2,39,4,3,1,0,NA,4,1,1,1,2,3,1,1,1,4,1,2,2,1,2,2,1,1,4,2,3
"R_1msA4Uf1ExpMg42",2,50,5,1,2,1,NA,1,1,2,1,2,3,3,2,1,3,2,2,3,1,3,2,1,1,4,1,4
"R_1msA4Uf1ExpMg42",2,50,5,1,2,1,NA,2,1,2,1,2,3,3,2,1,3,2,2,3,1,3,2,1,1,4,1,4
"R_1msA4Uf1ExpMg42",2,50,5,1,2,1,NA,3,3,1,2,2,3,2,1,1,3,2,1,3,2,4,3,2,1,4,1,4
"R_1msA4Uf1ExpMg42",2,50,5,1,2,1,NA,4,2,2,1,2,3,2,1,1,3,2,2,3,2,4,2,1,1,4,1,4
"R_OkVq0KZVkffbewx",1,29,3,3,1,0,NA,1,1,1,2,2,2,2,1,1,3,2,2,2,1,1,1,1,1,1,1,3
"R_OkVq0KZVkffbewx",1,29,3,3,1,0,NA,2,1,2,1,1,2,3,2,2,4,1,3,2,2,2,3,1,1,1,3,2
"R_OkVq0KZVkffbewx",1,29,3,3,1,0,NA,3,2,1,2,2,2,1,1,1,3,2,1,1,1,3,2,2,1,3,1,2
"R_OkVq0KZVkffbewx",1,29,3,3,1,0,NA,4,2,2,2,2,2,1,1,1,2,2,1,2,2,3,2,1,1,2,3,3
"R_2319w5JGa1LsPHc",1,34,5,3,3,NA,0,1,3,2,2,1,2,3,1,1,1,1,2,3,2,3,2,1,1,2,3,3
"R_2319w5JGa1LsPHc",1,34,5,3,3,NA,0,2,1,2,2,1,2,1,2,2,2,1,2,1,1,3,2,1,2,3,2,2
"R_2319w5JGa1LsPHc",1,34,5,3,3,NA,0,3,1,2,2,1,2,1,1,2,2,2,2,2,2,3,2,2,1,1,3,3
"R_2319w5JGa1LsPHc",1,34,5,3,3,NA,0,4,3,1,2,2,3,3,1,1,4,2,1,3,2,4,2,2,1,1,1,1
"R_1qVeIfmXCOTgjhk",2,24,3,1,3,NA,0,1,1,1,1,1,3,3,1,2,2,1,3,2,2,3,2,1,1,1,2,2
"R_1qVeIfmXCOTgjhk",2,24,3,1,3,NA,0,2,1,2,2,1,3,3,1,1,3,2,1,3,1,3,2,1,1,3,2,3
"R_1qVeIfmXCOTgjhk",2,24,3,1,3,NA,0,3,2,1,1,1,3,3,1,2,4,1,3,3,2,3,2,1,1,3,3,1
"R_1qVeIfmXCOTgjhk",2,24,3,1,3,NA,0,4,2,2,1,2,3,3,1,1,2,2,2,3,2,3,2,1,1,2,3,1
"R_1DBd9EUPE2pxHfg",1,52,6,4,3,NA,1,1,3,2,2,1,2,1,1,1,3,2,1,2,1,1,2,1,1,4,3,2
"R_1DBd9EUPE2pxHfg",1,52,6,4,3,NA,1,2,1,1,2,2,3,1,1,1,2,2,1,1,2,4,2,2,2,2,1,3
"R_1DBd9EUPE2pxHfg",1,52,6,4,3,NA,1,3,3,1,2,2,2,2,2,1,1,2,1,3,3,4,2,1,3,3,2,2
"R_1DBd9EUPE2pxHfg",1,52,6,4,3,NA,1,4,1,1,1,1,2,1,2,2,4,1,2,1,1,1,1,1,1,4,3,2
"R_Z7AtGqXtctVlIR3",1,39,2,2,2,1,NA,1,1,1,2,2,3,2,1,1,1,2,2,2,2,4,2,1,1,2,1,3
"R_Z7AtGqXtctVlIR3",1,39,2,2,2,1,NA,2,2,1,1,2,2,1,2,2,3,1,3,1,3,3,2,1,3,1,3,2
"R_Z7AtGqXtctVlIR3",1,39,2,2,2,1,NA,3,2,1,2,1,3,3,1,1,1,2,3,2,2,1,3,2,7,2,1,3
"R_Z7AtGqXtctVlIR3",1,39,2,2,2,1,NA,4,3,2,2,1,2,2,1,1,2,2,2,2,2,2,2,2,1,2,2,4
"R_3mgfOVQhVrFKGid",2,28,6,2,3,NA,-1,1,2,2,1,2,3,2,1,1,2,2,1,2,2,3,2,2,1,4,3,2
"R_3mgfOVQhVrFKGid",2,28,6,2,3,NA,-1,2,3,2,2,1,3,2,1,2,4,2,2,2,1,3,2,2,1,2,2,1
"R_3mgfOVQhVrFKGid",2,28,6,2,3,NA,-1,3,3,2,2,1,3,3,1,2,3,1,2,2,2,3,2,2,1,2,2,3
"R_3mgfOVQhVrFKGid",2,28,6,2,3,NA,-1,4,2,2,2,1,2,1,2,2,4,1,3,2,2,3,2,1,1,1,1,4
"R_2wymNv7EcGfwaoa",2,40,6,5,3,NA,0,1,2,1,2,2,3,1,1,1,1,2,1,3,2,3,2,2,1,1,1,1
"R_2wymNv7EcGfwaoa",2,40,6,5,3,NA,0,2,3,1,1,2,3,2,2,2,4,1,2,2,1,1,2,1,1,3,3,3
"R_2wymNv7EcGfwaoa",2,40,6,5,3,NA,0,3,3,1,1,2,3,2,2,2,4,1,2,2,1,1,2,1,1,3,3,3
"R_2wymNv7EcGfwaoa",2,40,6,5,3,NA,0,4,2,2,1,1,2,3,1,2,2,1,3,2,1,2,3,1,2,2,2,4
"R_2tbzHRpKjhIMzBe",2,34,2,3,2,0,NA,1,3,2,2,1,2,2,1,1,4,1,2,2,1,2,2,1,1,1,1,2
"R_2tbzHRpKjhIMzBe",2,34,2,3,2,0,NA,2,2,1,1,2,2,3,1,1,3,2,2,3,3,3,2,2,1,2,1,2
"R_2tbzHRpKjhIMzBe",2,34,2,3,2,0,NA,3,3,2,2,2,1,1,1,1,2,2,2,1,1,3,1,2,1,3,2,4
"R_2tbzHRpKjhIMzBe",2,34,2,3,2,0,NA,4,2,2,1,1,2,3,1,2,4,1,2,2,2,3,2,1,1,3,3,1
"R_1FqXuLdMEcwwqcs",2,21,3,3,1,0,NA,1,3,1,2,1,3,2,1,1,2,1,3,2,1,3,2,1,1,3,2,3
"R_1FqXuLdMEcwwqcs",2,21,3,3,1,0,NA,2,1,2,1,2,3,2,1,2,1,1,1,2,2,3,2,2,1,4,1,4
"R_1FqXuLdMEcwwqcs",2,21,3,3,1,0,NA,3,3,2,2,2,2,3,1,2,4,2,2,3,2,4,2,2,1,1,3,1
"R_1FqXuLdMEcwwqcs",2,21,3,3,1,0,NA,4,3,1,2,1,2,3,1,1,2,1,3,2,1,2,2,2,1,2,1,4
"R_22PrD5eUWJ30yTr",2,54,2,3,2,0,NA,1,1,1,2,2,2,1,1,1,3,2,1,1,1,1,2,2,3,2,3,3
"R_22PrD5eUWJ30yTr",2,54,2,3,2,0,NA,2,3,1,1,2,1,1,1,1,4,2,1,1,4,3,2,2,1,3,1,1
"R_22PrD5eUWJ30yTr",2,54,2,3,2,0,NA,3,3,2,1,2,1,3,1,2,2,2,3,1,4,1,1,2,7,1,3,4
"R_22PrD5eUWJ30yTr",2,54,2,3,2,0,NA,4,2,2,2,1,2,3,1,1,4,1,1,2,4,1,2,1,1,4,2,3
"R_1MSsVsBX6Kx3TNI",1,33,5,3,2,0,NA,1,3,1,2,2,3,3,1,2,3,2,2,3,1,3,2,1,1,2,3,1
"R_1MSsVsBX6Kx3TNI",1,33,5,3,2,0,NA,2,2,2,2,2,3,2,1,1,3,2,2,2,2,3,2,1,1,1,2,3
"R_1MSsVsBX6Kx3TNI",1,33,5,3,2,0,NA,3,2,1,2,2,3,3,1,1,3,2,2,2,2,2,2,1,1,1,2,2
"R_1MSsVsBX6Kx3TNI",1,33,5,3,2,0,NA,4,1,1,2,1,2,1,1,2,3,1,3,1,1,3,2,2,7,3,3,4
"R_21gqD8ibPcP7uLo",2,62,2,1,2,1,NA,1,3,2,2,2,1,1,1,1,2,2,1,2,1,4,2,1,1,4,3,4
"R_21gqD8ibPcP7uLo",2,62,2,1,2,1,NA,2,3,1,1,1,2,3,2,2,3,1,3,1,3,3,2,1,2,3,2,1
"R_21gqD8ibPcP7uLo",2,62,2,1,2,1,NA,3,2,2,1,2,2,1,1,1,1,2,2,2,2,3,2,1,3,2,1,3
"R_21gqD8ibPcP7uLo",2,62,2,1,2,1,NA,4,3,2,2,2,2,3,1,1,2,2,1,3,4,2,2,1,1,1,3,2
"R_1osV4jH7YK9PGBq",2,28,3,3,2,0,NA,1,2,1,2,2,3,3,1,1,4,2,1,3,2,2,2,2,1,2,1,1
"R_1osV4jH7YK9PGBq",2,28,3,3,2,0,NA,2,3,1,2,1,3,3,1,2,4,2,1,2,1,3,3,2,2,4,1,2
"R_1osV4jH7YK9PGBq",2,28,3,3,2,0,NA,3,1,1,2,1,3,3,2,1,1,2,2,2,4,2,1,2,7,1,3,2
"R_1osV4jH7YK9PGBq",2,28,3,3,2,0,NA,4,1,2,2,2,3,3,2,1,3,2,1,1,3,3,3,1,2,3,3,2
"R_1nYBP2KS6mOd93z",2,22,4,3,1,0,NA,1,2,2,2,1,2,1,1,2,3,2,2,3,2,2,3,1,1,4,1,1
"R_1nYBP2KS6mOd93z",2,22,4,3,1,0,NA,2,1,1,1,1,2,1,2,1,3,1,3,2,3,3,2,1,1,2,3,1
"R_1nYBP2KS6mOd93z",2,22,4,3,1,0,NA,3,1,1,1,1,3,2,1,1,2,2,2,3,1,3,2,1,7,2,3,3
"R_1nYBP2KS6mOd93z",2,22,4,3,1,0,NA,4,1,1,1,2,2,2,1,2,3,1,2,2,4,3,2,1,2,1,2,3
"R_YYTQ4dTvqPuqmhH",1,34,3,2,3,NA,0,1,2,2,1,2,2,1,1,1,1,2,2,2,2,2,2,1,1,4,2,1
"R_YYTQ4dTvqPuqmhH",1,34,3,2,3,NA,0,2,3,1,1,2,3,2,1,2,3,2,1,2,1,2,2,2,1,2,2,3
"R_YYTQ4dTvqPuqmhH",1,34,3,2,3,NA,0,3,2,2,2,1,2,1,2,1,4,1,1,1,3,2,3,1,1,1,3,2
"R_YYTQ4dTvqPuqmhH",1,34,3,2,3,NA,0,4,1,1,2,2,1,3,1,2,2,2,3,2,2,3,1,1,3,4,2,2
"R_tGl1Ddgcwkcxtvz",2,36,6,3,2,1,NA,1,2,2,1,1,3,3,1,1,3,1,3,2,2,3,2,1,1,4,3,4
"R_tGl1Ddgcwkcxtvz",2,36,6,3,2,1,NA,2,3,1,2,1,2,2,1,2,1,1,2,3,2,2,2,2,2,3,2,2
"R_tGl1Ddgcwkcxtvz",2,36,6,3,2,1,NA,3,3,2,2,2,2,3,1,1,4,2,1,3,1,2,3,1,1,4,1,3
"R_tGl1Ddgcwkcxtvz",2,36,6,3,2,1,NA,4,1,2,1,2,3,1,2,1,1,2,2,2,3,3,2,1,1,2,3,4
"R_3ilftbI2s4iqX7r",2,38,6,6,2,0,NA,1,3,2,2,2,2,2,1,1,2,2,1,2,1,3,2,1,1,1,3,3
"R_3ilftbI2s4iqX7r",2,38,6,6,2,0,NA,2,1,2,2,2,2,3,1,1,3,2,1,2,2,3,2,2,1,3,1,1
"R_3ilftbI2s4iqX7r",2,38,6,6,2,0,NA,3,2,1,2,2,2,2,1,1,4,2,2,1,2,2,2,2,1,3,3,4
"R_3ilftbI2s4iqX7r",2,38,6,6,2,0,NA,4,2,2,2,1,2,2,2,2,1,1,2,2,1,3,2,1,1,1,2,2
"R_1nTH70eU68ahGBO",2,34,6,5,1,1,NA,1,3,2,2,2,3,3,1,1,4,2,1,3,2,4,2,2,1,2,1,1
"R_1nTH70eU68ahGBO",2,34,6,5,1,1,NA,2,3,2,1,2,2,2,1,2,4,2,2,2,1,3,3,2,1,1,2,3
"R_1nTH70eU68ahGBO",2,34,6,5,1,1,NA,3,1,2,2,2,3,1,1,1,2,2,1,2,1,3,2,1,1,4,1,4
"R_1nTH70eU68ahGBO",2,34,6,5,1,1,NA,4,3,2,1,2,2,3,1,2,1,2,1,2,3,4,2,2,1,1,1,2
"R_1DBSCjb0zXbNeXZ",2,34,5,3,2,1,NA,1,1,2,1,2,3,3,1,1,1,2,1,2,2,3,2,1,1,2,2,2
"R_1DBSCjb0zXbNeXZ",2,34,5,3,2,1,NA,2,3,2,2,2,3,3,1,1,4,2,1,3,2,3,2,2,1,1,3,1
"R_1DBSCjb0zXbNeXZ",2,34,5,3,2,1,NA,3,3,2,1,1,3,3,1,2,3,1,3,2,2,2,2,2,1,3,2,3
"R_1DBSCjb0zXbNeXZ",2,34,5,3,2,1,NA,4,3,2,1,2,2,3,1,1,4,2,1,3,1,3,2,2,1,1,1,3
"R_etkJuVa8CENPUel",2,30,5,2,3,NA,0,1,1,1,1,2,3,1,2,1,3,1,2,2,2,3,2,1,1,3,2,1
"R_etkJuVa8CENPUel",2,30,5,2,3,NA,0,2,3,2,2,1,1,1,1,1,2,2,1,1,1,4,3,2,1,1,1,2
"R_etkJuVa8CENPUel",2,30,5,2,3,NA,0,3,2,2,1,1,3,3,2,2,1,1,3,2,2,3,2,2,2,2,2,1
"R_etkJuVa8CENPUel",2,30,5,2,3,NA,0,4,1,2,2,1,2,1,1,2,2,2,1,1,4,3,2,2,7,4,1,4
"R_3l7odkxNY2Gf9Rj",2,57,6,2,2,1,NA,1,3,2,1,1,3,3,1,2,3,1,3,2,2,2,2,2,1,4,2,2
"R_3l7odkxNY2Gf9Rj",2,57,6,2,2,1,NA,2,2,2,1,2,2,2,1,1,2,2,2,3,1,3,3,1,1,2,1,4
"R_3l7odkxNY2Gf9Rj",2,57,6,2,2,1,NA,3,2,1,2,2,2,1,2,1,2,2,1,2,2,4,3,1,1,1,3,1
"R_3l7odkxNY2Gf9Rj",2,57,6,2,2,1,NA,4,2,2,2,2,2,1,1,1,1,2,1,2,3,4,2,1,1,1,2,3
"R_3ixT1Akk0dh2Gx7",2,34,6,1,3,NA,1,1,2,2,2,1,2,1,1,2,4,2,1,3,1,3,2,1,1,4,3,4
"R_3ixT1Akk0dh2Gx7",2,34,6,1,3,NA,1,2,1,2,2,2,3,1,2,1,4,2,1,2,2,3,2,1,1,3,2,4
"R_3ixT1Akk0dh2Gx7",2,34,6,1,3,NA,1,3,3,1,2,1,2,1,1,2,2,2,2,1,3,2,2,2,1,2,3,1
"R_3ixT1Akk0dh2Gx7",2,34,6,1,3,NA,1,4,2,1,2,2,2,3,1,2,1,2,1,2,1,4,2,1,1,3,2,4
"R_1LFptaRMQqvfEZB",2,36,3,2,3,NA,0,1,3,1,2,2,3,3,1,1,4,2,1,2,2,4,3,2,1,2,3,3
"R_1LFptaRMQqvfEZB",2,36,3,2,3,NA,0,2,1,1,2,1,2,1,2,2,1,1,3,1,3,2,2,1,2,1,2,1
"R_1LFptaRMQqvfEZB",2,36,3,2,3,NA,0,3,1,2,1,2,1,2,2,1,4,1,3,2,4,2,1,2,1,3,1,4
"R_1LFptaRMQqvfEZB",2,36,3,2,3,NA,0,4,2,2,2,1,2,3,2,2,1,1,2,1,1,2,3,2,1,2,3,4
"R_3FKliCS8Xo5dmA3",2,38,6,1,2,1,NA,1,1,2,2,1,3,1,1,1,4,2,1,1,1,2,2,2,1,3,3,2
"R_3FKliCS8Xo5dmA3",2,38,6,1,2,1,NA,2,2,2,1,2,2,1,1,2,1,1,3,1,1,3,2,1,1,1,2,1
"R_3FKliCS8Xo5dmA3",2,38,6,1,2,1,NA,3,1,2,2,2,2,1,2,2,1,2,1,2,1,1,2,1,1,3,1,3
"R_3FKliCS8Xo5dmA3",2,38,6,1,2,1,NA,4,3,1,1,2,2,1,1,2,3,1,3,1,3,3,3,1,1,2,3,1
"R_6zhmXnNDAy8SNnf",2,30,5,4,1,0,NA,1,2,2,1,1,2,3,1,2,4,1,2,3,1,3,2,1,1,1,2,1
"R_6zhmXnNDAy8SNnf",2,30,5,4,1,0,NA,2,1,1,1,1,3,1,2,2,3,1,3,2,2,1,2,1,1,2,3,3
"R_6zhmXnNDAy8SNnf",2,30,5,4,1,0,NA,3,1,2,1,2,2,1,1,1,1,1,2,2,2,3,1,1,7,3,2,2
"R_6zhmXnNDAy8SNnf",2,30,5,4,1,0,NA,4,2,1,2,1,3,3,1,2,2,2,3,2,2,4,2,2,2,4,1,4
"R_3noLBn9g5Abf4KQ",2,37,5,1,2,0,NA,1,1,2,1,1,3,3,1,2,2,2,2,3,2,3,2,1,1,1,1,2
"R_3noLBn9g5Abf4KQ",2,37,5,1,2,0,NA,2,1,1,1,2,2,1,2,2,1,1,3,1,3,2,2,1,2,3,2,3
"R_3noLBn9g5Abf4KQ",2,37,5,1,2,0,NA,3,3,1,1,2,2,2,1,1,3,2,2,2,1,3,2,2,1,2,1,3
"R_3noLBn9g5Abf4KQ",2,37,5,1,2,0,NA,4,3,2,1,2,3,3,1,1,4,2,1,3,2,4,2,1,1,2,1,2
"R_3jfeyT2HVNHUYzI",2,36,3,2,2,1,NA,1,2,1,1,1,2,3,1,2,3,1,3,2,1,3,2,2,1,2,2,3
"R_3jfeyT2HVNHUYzI",2,36,3,2,2,1,NA,2,1,1,2,1,3,1,1,1,1,1,2,3,2,4,3,1,1,4,3,1
"R_3jfeyT2HVNHUYzI",2,36,3,2,2,1,NA,3,1,1,2,1,3,3,1,1,3,1,2,3,2,4,3,1,1,4,3,2
"R_3jfeyT2HVNHUYzI",2,36,3,2,2,1,NA,4,1,2,1,1,2,3,1,2,2,1,1,3,1,2,2,1,1,2,3,4
"R_3PHqwwlvtIXsxwR",2,31,5,3,2,0,NA,1,3,2,2,1,3,3,1,1,4,2,1,2,2,3,2,1,1,2,1,1
"R_3PHqwwlvtIXsxwR",2,31,5,3,2,0,NA,2,3,1,2,2,3,2,1,1,3,2,1,2,1,3,2,2,1,1,3,4
"R_3PHqwwlvtIXsxwR",2,31,5,3,2,0,NA,3,1,2,2,2,2,3,1,1,2,2,1,1,2,2,2,1,1,4,2,4
"R_3PHqwwlvtIXsxwR",2,31,5,3,2,0,NA,4,3,1,1,2,2,3,1,1,3,1,2,1,4,3,2,1,1,3,1,3
"R_3g6FsmnfJSxhWf3",1,34,5,2,2,0,NA,1,2,1,2,1,2,3,1,2,1,1,3,2,2,3,2,1,1,4,3,2
"R_3g6FsmnfJSxhWf3",1,34,5,2,2,0,NA,2,3,1,1,2,3,3,1,1,2,1,2,3,2,4,2,2,1,3,1,1
"R_3g6FsmnfJSxhWf3",1,34,5,2,2,0,NA,3,3,1,1,2,3,2,1,1,3,1,2,3,1,3,2,2,1,4,1,2
"R_3g6FsmnfJSxhWf3",1,34,5,2,2,0,NA,4,2,1,1,2,2,1,1,1,4,2,2,3,1,4,2,1,1,3,3,4
"R_2TMAXNTFjoakqEo",2,72,5,3,3,NA,0,1,2,1,1,1,3,2,2,2,4,1,3,2,2,2,2,1,1,3,3,1
"R_2TMAXNTFjoakqEo",2,72,5,3,3,NA,0,2,2,1,2,1,2,2,1,2,3,1,3,1,1,3,2,1,7,2,2,2
"R_2TMAXNTFjoakqEo",2,72,5,3,3,NA,0,3,3,1,2,2,3,2,1,1,3,2,2,3,2,4,2,2,2,4,2,3
"R_2TMAXNTFjoakqEo",2,72,5,3,3,NA,0,4,3,1,2,1,2,1,2,2,4,1,3,3,1,3,2,1,2,1,1,4
"R_1daxheFKvepTFBn",2,26,4,2,3,NA,0,1,3,2,1,2,2,2,2,2,4,1,3,2,1,2,2,1,1,4,2,1
"R_1daxheFKvepTFBn",2,26,4,2,3,NA,0,2,1,2,1,2,3,1,1,1,2,2,1,3,2,3,2,1,1,1,3,3
"R_1daxheFKvepTFBn",2,26,4,2,3,NA,0,3,2,1,1,1,2,3,2,2,3,1,3,3,1,4,3,1,1,3,2,4
"R_1daxheFKvepTFBn",2,26,4,2,3,NA,0,4,2,1,1,1,1,3,1,2,1,1,2,3,4,2,2,1,2,2,1,3
"R_3OhDd1eidExqf6x",1,30,6,3,2,0,NA,1,2,1,2,2,2,2,1,1,1,2,2,2,1,4,2,1,1,3,3,3
"R_3OhDd1eidExqf6x",1,30,6,3,2,0,NA,2,2,1,2,1,3,1,1,2,2,1,3,2,2,2,2,1,7,2,2,2
"R_3OhDd1eidExqf6x",1,30,6,3,2,0,NA,3,3,1,1,2,3,3,1,1,3,1,2,3,2,2,2,2,1,1,1,1
"R_3OhDd1eidExqf6x",1,30,6,3,2,0,NA,4,2,2,1,2,2,1,2,1,1,2,2,2,1,3,2,1,1,2,3,4
"R_2PAR3HWRQw47QXN",1,27,5,2,2,0,NA,1,1,1,2,1,3,3,1,1,1,2,3,2,2,1,3,1,1,1,1,1
"R_2PAR3HWRQw47QXN",1,27,5,2,2,0,NA,2,2,2,2,2,3,2,2,2,1,2,2,1,1,1,1,1,7,2,3,3
"R_2PAR3HWRQw47QXN",1,27,5,2,2,0,NA,3,1,1,2,1,1,3,2,1,1,1,1,2,1,1,1,1,1,1,3,1
"R_2PAR3HWRQw47QXN",1,27,5,2,2,0,NA,4,1,2,1,1,1,3,1,1,2,2,2,1,3,1,1,1,2,2,2,2
"R_1LnFJxAQ3QkWc5g",1,34,6,5,3,NA,1,1,2,2,2,2,3,3,1,1,1,2,1,2,2,3,2,1,1,2,2,1
"R_1LnFJxAQ3QkWc5g",1,34,6,5,3,NA,1,2,1,1,1,2,3,3,2,2,4,2,2,2,2,3,2,1,1,3,3,2
"R_1LnFJxAQ3QkWc5g",1,34,6,5,3,NA,1,3,3,2,1,2,3,3,1,2,3,2,1,2,2,4,2,1,1,1,2,3
"R_1LnFJxAQ3QkWc5g",1,34,6,5,3,NA,1,4,1,2,1,2,3,3,2,2,1,2,2,2,2,3,2,1,1,3,1,2
"R_31g86pRM5qJkqhS",1,45,4,7,1,0,NA,1,2,1,1,2,3,3,1,1,1,2,2,2,2,4,2,2,1,4,1,1
"R_31g86pRM5qJkqhS",1,45,4,7,1,0,NA,2,2,1,1,2,3,3,1,1,1,2,2,2,2,4,2,2,1,4,1,1
"R_31g86pRM5qJkqhS",1,45,4,7,1,0,NA,3,2,2,2,2,3,2,1,2,1,2,2,2,2,4,2,2,1,3,1,1
"R_31g86pRM5qJkqhS",1,45,4,7,1,0,NA,4,2,1,2,1,3,3,1,1,1,1,3,3,2,3,2,1,1,2,3,3
"R_2znGlEPc0mDIxvq",2,22,2,1,3,NA,0,1,3,1,1,1,2,3,2,2,4,1,3,1,3,3,2,1,1,3,3,4
"R_2znGlEPc0mDIxvq",2,22,2,1,3,NA,0,2,1,2,1,2,1,1,1,1,3,2,1,2,1,1,3,1,1,1,1,3
"R_2znGlEPc0mDIxvq",2,22,2,1,3,NA,0,3,3,1,1,1,2,1,1,2,2,1,2,2,3,4,2,2,1,2,3,2
"R_2znGlEPc0mDIxvq",2,22,2,1,3,NA,0,4,2,1,2,2,2,1,2,1,2,2,1,3,2,1,3,1,1,3,2,3
"R_WvzhiYdMutWwP8l",1,30,3,2,1,0,NA,1,3,2,1,2,3,1,1,1,4,2,3,2,2,4,2,1,1,3,2,1
"R_WvzhiYdMutWwP8l",1,30,3,2,1,0,NA,2,1,1,2,2,3,1,1,2,4,1,3,1,2,3,2,1,2,2,2,2
"R_WvzhiYdMutWwP8l",1,30,3,2,1,0,NA,3,3,2,2,1,2,1,1,1,3,2,2,1,1,3,2,2,1,1,1,1
"R_WvzhiYdMutWwP8l",1,30,3,2,1,0,NA,4,1,1,1,2,3,1,2,2,2,1,2,1,2,4,2,1,1,1,3,2
"R_2QyWHuzOKit4HwR",1,24,5,2,2,1,NA,1,1,1,2,2,2,2,1,1,3,2,1,3,1,3,2,2,1,1,1,1
"R_2QyWHuzOKit4HwR",1,24,5,2,2,1,NA,2,3,2,1,1,2,1,1,2,2,1,3,2,2,3,2,1,1,4,2,4
"R_2QyWHuzOKit4HwR",1,24,5,2,2,1,NA,3,2,2,1,2,3,2,1,1,4,2,1,2,1,3,2,2,1,3,1,3
"R_2QyWHuzOKit4HwR",1,24,5,2,2,1,NA,4,2,1,2,2,2,1,1,1,1,2,1,2,1,3,2,2,1,4,3,1
"R_3EYHRuLGu8YeY43",1,22,3,2,1,0,NA,1,3,2,2,2,3,2,1,1,3,2,1,3,1,4,2,2,1,2,3,1
"R_3EYHRuLGu8YeY43",1,22,3,2,1,0,NA,2,1,1,1,1,2,1,2,2,2,1,3,1,3,3,2,1,7,1,1,2
"R_3EYHRuLGu8YeY43",1,22,3,2,1,0,NA,3,3,2,1,2,2,3,1,2,1,1,2,2,4,2,2,1,1,4,1,3
"R_3EYHRuLGu8YeY43",1,22,3,2,1,0,NA,4,3,1,1,2,3,3,1,2,4,1,2,2,2,1,3,2,2,1,3,3
"R_10DALfZhcLPquQC",2,63,4,1,1,0,NA,1,3,2,1,1,1,1,1,2,1,1,3,1,1,1,1,1,7,1,2,4
"R_10DALfZhcLPquQC",2,63,4,1,1,0,NA,2,1,2,1,2,2,3,2,1,3,2,1,2,2,2,2,1,1,3,3,1
"R_10DALfZhcLPquQC",2,63,4,1,1,0,NA,3,2,2,1,1,3,1,1,2,2,1,2,2,1,3,2,2,1,4,1,4
"R_10DALfZhcLPquQC",2,63,4,1,1,0,NA,4,3,1,2,1,2,3,1,2,2,1,3,1,3,3,1,1,2,2,1,1
"R_1Gw6yfACG6tafks",1,19,3,3,2,1,NA,1,2,2,1,1,2,2,1,1,1,2,3,2,1,1,2,2,1,4,2,2
"R_1Gw6yfACG6tafks",1,19,3,3,2,1,NA,2,2,1,1,1,2,1,2,2,2,1,2,2,1,2,2,2,2,3,3,2
"R_1Gw6yfACG6tafks",1,19,3,3,2,1,NA,3,2,1,2,1,2,1,2,2,3,1,1,3,4,1,1,1,2,4,2,3
"R_1Gw6yfACG6tafks",1,19,3,3,2,1,NA,4,1,1,2,1,2,2,1,2,1,1,2,3,1,2,1,1,7,1,2,4
"R_323DSWNDFzgEWto",1,30,5,3,2,0,NA,1,3,1,1,1,3,3,1,2,1,1,3,3,2,4,2,1,1,4,2,3
"R_323DSWNDFzgEWto",1,30,5,3,2,0,NA,2,1,2,1,1,3,1,2,2,4,1,3,2,1,3,2,1,1,1,1,4
"R_323DSWNDFzgEWto",1,30,5,3,2,0,NA,3,3,1,1,2,3,3,2,1,3,1,2,1,2,4,2,1,1,2,2,1
"R_323DSWNDFzgEWto",1,30,5,3,2,0,NA,4,1,2,2,1,3,1,2,2,2,1,2,2,2,3,2,1,1,3,3,2
"R_2QFoyKJcbm6mNrU",1,33,5,2,3,NA,0,1,3,1,1,1,2,2,2,2,1,1,3,1,3,2,2,1,1,2,2,2
"R_2QFoyKJcbm6mNrU",1,33,5,2,3,NA,0,2,3,1,2,1,3,3,1,2,3,2,2,2,2,3,2,2,1,3,1,3
"R_2QFoyKJcbm6mNrU",1,33,5,2,3,NA,0,3,3,2,1,1,2,1,1,2,2,1,3,2,4,3,1,1,2,4,3,1
"R_2QFoyKJcbm6mNrU",1,33,5,2,3,NA,0,4,2,1,2,2,3,3,1,1,1,2,1,3,4,3,2,2,1,1,1,4
"R_21cWynQmCRTRisA",1,48,2,2,1,0,NA,1,3,2,2,2,2,3,1,2,3,1,3,2,2,3,2,1,1,1,2,1
"R_21cWynQmCRTRisA",1,48,2,2,1,0,NA,2,3,1,2,1,3,2,1,2,2,1,3,2,2,2,2,1,1,4,3,2
"R_21cWynQmCRTRisA",1,48,2,2,1,0,NA,3,1,1,2,1,2,1,2,2,4,1,2,1,3,1,2,1,1,3,1,3
"R_21cWynQmCRTRisA",1,48,2,2,1,0,NA,4,1,2,1,1,2,1,2,2,4,1,3,1,1,1,1,1,1,4,2,2
"R_2QtDcdU3ixr32In",1,22,2,1,3,NA,0,1,3,2,2,1,3,3,1,1,4,2,1,3,2,4,3,1,1,2,3,1
"R_2QtDcdU3ixr32In",1,22,2,1,3,NA,0,2,1,1,2,1,2,2,1,2,3,2,2,2,4,3,2,2,1,4,2,2
"R_2QtDcdU3ixr32In",1,22,2,1,3,NA,0,3,2,1,1,2,2,3,1,2,1,1,2,2,2,3,2,2,1,3,2,3
"R_2QtDcdU3ixr32In",1,22,2,1,3,NA,0,4,1,2,1,2,2,2,1,2,3,1,1,1,1,2,1,2,1,2,2,3
"R_1K9lILHsp2ESu2M",2,28,5,3,2,1,NA,1,2,2,1,2,2,3,1,1,3,2,1,2,1,3,2,1,1,2,2,3
"R_1K9lILHsp2ESu2M",2,28,5,3,2,1,NA,2,1,2,2,1,1,1,2,2,1,2,1,1,2,2,2,1,1,1,1,4
"R_1K9lILHsp2ESu2M",2,28,5,3,2,1,NA,3,1,1,2,2,2,3,1,1,3,2,1,2,1,3,2,1,1,1,3,1
"R_1K9lILHsp2ESu2M",2,28,5,3,2,1,NA,4,3,2,1,1,2,2,1,2,2,2,1,3,2,3,2,1,1,3,3,4
"R_2bHSrEEwH9nrW8L",2,26,5,1,2,1,NA,1,2,2,2,1,3,1,1,1,4,2,1,2,2,3,2,1,1,1,1,1
"R_2bHSrEEwH9nrW8L",2,26,5,1,2,1,NA,2,2,1,2,2,3,2,1,1,3,2,1,3,2,4,2,2,1,3,3,3
"R_2bHSrEEwH9nrW8L",2,26,5,1,2,1,NA,3,1,1,2,1,2,1,2,2,1,1,2,2,1,1,2,1,1,2,2,4
"R_2bHSrEEwH9nrW8L",2,26,5,1,2,1,NA,4,3,1,1,2,2,3,1,2,4,1,3,3,3,2,2,1,1,4,3,1
"R_3lAMaiUYp7Erwqg",2,45,5,4,2,1,NA,1,3,1,2,1,2,1,2,2,3,1,2,2,3,3,2,2,2,1,1,3
"R_3lAMaiUYp7Erwqg",2,45,5,4,2,1,NA,2,1,1,1,1,2,1,1,2,4,1,3,1,1,1,1,1,1,4,3,1
"R_3lAMaiUYp7Erwqg",2,45,5,4,2,1,NA,3,1,1,2,2,3,3,1,1,1,2,1,3,2,4,3,1,1,2,3,4
"R_3lAMaiUYp7Erwqg",2,45,5,4,2,1,NA,4,1,2,1,2,2,1,2,1,3,2,1,2,1,3,2,1,1,2,1,2
"R_1ds60INlLgWUkPG",2,66,4,2,1,0,NA,1,2,1,2,1,3,1,1,2,3,1,3,2,2,3,2,1,1,1,3,1
"R_1ds60INlLgWUkPG",2,66,4,2,1,0,NA,2,1,2,1,2,3,1,1,1,3,2,1,1,2,2,2,1,1,2,1,1
"R_1ds60INlLgWUkPG",2,66,4,2,1,0,NA,3,3,1,1,2,2,3,1,1,1,2,2,2,2,4,2,2,1,4,2,4
"R_1ds60INlLgWUkPG",2,66,4,2,1,0,NA,4,1,2,2,1,2,1,1,2,2,1,2,1,1,2,2,1,2,2,1,4
"R_1pGL5c3C5BIDnDn",1,31,6,5,3,NA,1,1,2,2,1,2,1,2,1,1,1,2,1,1,4,2,3,1,1,4,2,3
"R_1pGL5c3C5BIDnDn",1,31,6,5,3,NA,1,2,3,1,2,1,3,3,2,1,4,1,3,2,3,2,3,2,2,3,2,2
"R_1pGL5c3C5BIDnDn",1,31,6,5,3,NA,1,3,1,2,1,1,2,2,1,2,2,1,3,1,4,4,3,2,7,2,3,1
"R_1pGL5c3C5BIDnDn",1,31,6,5,3,NA,1,4,1,1,1,2,1,3,1,2,4,1,3,2,4,3,1,1,1,3,2,1
"R_2TRa6c5zpb3noPV",2,27,5,4,1,0,NA,1,2,2,2,1,2,3,1,1,1,2,2,2,2,3,2,1,1,1,1,2
"R_2TRa6c5zpb3noPV",2,27,5,4,1,0,NA,2,2,1,1,1,3,3,1,2,2,1,3,3,2,3,2,1,1,3,1,4
"R_2TRa6c5zpb3noPV",2,27,5,4,1,0,NA,3,2,2,2,2,2,3,1,1,1,2,1,2,1,3,2,2,1,1,1,1
"R_2TRa6c5zpb3noPV",2,27,5,4,1,0,NA,4,3,2,1,1,2,3,1,2,3,1,3,2,2,3,2,2,1,1,2,3
"R_1dGMu8e9M0Q0n9T",2,44,5,5,3,NA,1,1,3,2,1,1,2,2,1,2,3,1,3,2,1,3,2,1,1,4,3,1
"R_1dGMu8e9M0Q0n9T",2,44,5,5,3,NA,1,2,1,1,2,1,3,1,1,2,2,1,3,2,2,3,1,1,7,1,1,3
"R_1dGMu8e9M0Q0n9T",2,44,5,5,3,NA,1,3,2,1,1,2,2,3,1,1,1,2,1,3,1,3,2,2,1,2,1,4
"R_1dGMu8e9M0Q0n9T",2,44,5,5,3,NA,1,4,3,1,1,1,2,2,1,2,2,1,3,2,1,3,2,1,1,3,1,2
"R_1n9p0j8ErknEyxM",1,46,4,5,2,1,NA,1,1,1,1,1,3,3,1,2,1,1,3,3,2,3,2,2,1,1,3,2
"R_1n9p0j8ErknEyxM",1,46,4,5,2,1,NA,2,1,2,2,1,1,1,1,1,4,2,1,1,4,4,2,2,1,2,1,4
"R_1n9p0j8ErknEyxM",1,46,4,5,2,1,NA,3,2,1,1,2,3,2,1,1,2,1,2,3,1,3,2,2,1,4,2,3
"R_1n9p0j8ErknEyxM",1,46,4,5,2,1,NA,4,3,2,1,2,2,3,1,1,1,2,2,3,1,4,2,2,1,1,1,2
"R_1gdu5DdvQRIED0G",1,37,5,3,1,0,NA,1,1,2,1,1,2,2,1,2,3,1,3,2,1,2,2,1,1,1,1,3
"R_1gdu5DdvQRIED0G",1,37,5,3,1,0,NA,2,1,2,2,2,3,1,1,1,1,2,2,2,1,3,2,2,1,4,3,4
"R_1gdu5DdvQRIED0G",1,37,5,3,1,0,NA,3,3,2,2,1,3,3,1,2,1,2,2,3,4,4,1,2,2,3,2,4
"R_1gdu5DdvQRIED0G",1,37,5,3,1,0,NA,4,2,1,2,1,2,1,1,1,4,1,3,2,2,3,3,1,7,2,3,1
"R_1djo1hUIfNpWEFv",1,38,5,3,2,0,NA,1,1,2,2,1,3,3,1,2,1,1,1,1,2,1,1,1,1,3,1,1
"R_1djo1hUIfNpWEFv",1,38,5,3,2,0,NA,2,2,1,1,1,3,2,2,1,3,2,2,1,3,4,2,1,2,3,1,2
"R_1djo1hUIfNpWEFv",1,38,5,3,2,0,NA,3,3,2,1,1,2,3,1,1,1,2,2,1,4,2,3,2,1,1,1,1
"R_1djo1hUIfNpWEFv",1,38,5,3,2,0,NA,4,3,1,1,2,2,2,2,2,4,2,2,1,1,3,2,2,7,4,3,3
"R_10qQHFOwhAyo6Ms",2,29,5,3,4,NA,0,1,3,2,2,2,3,2,1,1,4,2,1,3,1,3,2,1,1,4,3,2
"R_10qQHFOwhAyo6Ms",2,29,5,3,4,NA,0,2,3,2,1,1,3,2,2,2,2,1,3,3,2,3,2,1,1,3,3,1
"R_10qQHFOwhAyo6Ms",2,29,5,3,4,NA,0,3,1,2,1,1,2,2,1,2,1,1,3,2,2,3,2,1,1,2,2,3
"R_10qQHFOwhAyo6Ms",2,29,5,3,4,NA,0,4,3,2,2,1,3,3,2,1,3,2,2,3,2,4,2,1,2,1,1,4
"R_2SiALctnrIvisKn",2,35,4,4,3,NA,1,1,3,2,2,1,1,1,1,1,4,1,1,3,4,4,2,1,1,3,1,3
"R_2SiALctnrIvisKn",2,35,4,4,3,NA,1,2,3,2,2,1,2,3,2,1,2,2,2,2,1,1,3,1,1,4,2,2
"R_2SiALctnrIvisKn",2,35,4,4,3,NA,1,3,3,1,1,2,3,3,2,2,3,2,3,2,2,4,1,1,1,1,3,1
"R_2SiALctnrIvisKn",2,35,4,4,3,NA,1,4,2,2,1,2,3,2,1,2,2,1,2,1,3,4,2,1,7,2,3,4
"R_UtGUFLZI7jGqkbD",1,28,5,3,3,NA,1,1,3,2,1,1,3,3,1,2,1,1,2,2,2,3,2,1,1,1,3,1
"R_UtGUFLZI7jGqkbD",1,28,5,3,3,NA,1,2,2,1,2,2,3,1,1,1,2,2,2,2,1,3,2,2,1,3,2,3
"R_UtGUFLZI7jGqkbD",1,28,5,3,3,NA,1,3,1,2,2,1,2,1,1,1,3,2,1,1,3,3,2,1,1,2,1,4
"R_UtGUFLZI7jGqkbD",1,28,5,3,3,NA,1,4,1,1,1,2,2,1,1,2,2,1,3,1,1,3,2,1,1,4,1,2
"R_9B9UbcYie0n8luJ",1,40,3,1,2,0,NA,1,3,2,1,1,3,3,1,2,2,1,3,2,2,3,2,1,1,1,3,1
"R_9B9UbcYie0n8luJ",1,40,3,1,2,0,NA,2,1,2,1,2,3,3,1,1,3,1,2,2,2,3,2,1,1,4,2,3
"R_9B9UbcYie0n8luJ",1,40,3,1,2,0,NA,3,1,2,1,2,3,2,1,1,3,2,1,2,2,3,2,1,1,2,2,1
"R_9B9UbcYie0n8luJ",1,40,3,1,2,0,NA,4,3,1,2,2,2,2,1,1,3,2,1,3,2,4,2,2,1,4,1,3
"R_3Rl6SfgWG9GV5DS",2,59,5,2,2,1,NA,1,2,2,2,2,3,3,1,1,4,2,1,2,2,3,2,1,1,4,3,1
"R_3Rl6SfgWG9GV5DS",2,59,5,2,2,1,NA,2,2,2,1,2,3,1,2,2,2,1,3,3,1,4,2,1,3,2,1,4
"R_3Rl6SfgWG9GV5DS",2,59,5,2,2,1,NA,3,2,2,1,1,2,1,1,2,3,1,2,2,3,3,2,2,2,1,3,2
"R_3Rl6SfgWG9GV5DS",2,59,5,2,2,1,NA,4,3,2,2,1,3,3,1,1,4,2,2,3,1,2,3,2,7,3,2,3
"R_3PWVPdMsmrwoIil",1,59,5,3,2,0,NA,1,1,2,2,1,3,3,1,1,3,2,1,3,2,3,2,1,1,2,3,4
"R_3PWVPdMsmrwoIil",1,59,5,3,2,0,NA,2,1,2,2,2,2,2,1,1,4,2,1,3,2,4,2,1,1,1,1,1
"R_3PWVPdMsmrwoIil",1,59,5,3,2,0,NA,3,2,1,1,2,2,2,2,2,2,1,3,2,1,3,2,1,7,3,2,3
"R_3PWVPdMsmrwoIil",1,59,5,3,2,0,NA,4,2,1,1,1,2,3,1,2,2,1,3,2,2,3,2,1,2,3,2,2
"R_2wMjKV5o02HClB7",1,51,3,3,1,1,NA,1,3,2,1,1,2,3,1,2,1,1,3,2,2,3,2,1,1,4,3,4
"R_2wMjKV5o02HClB7",1,51,3,3,1,1,NA,2,1,1,2,2,3,3,1,1,2,2,2,2,2,3,2,1,7,3,2,3
"R_2wMjKV5o02HClB7",1,51,3,3,1,1,NA,3,1,2,1,2,3,2,2,1,3,1,2,2,2,2,2,2,2,2,2,3
"R_2wMjKV5o02HClB7",1,51,3,3,1,1,NA,4,3,1,1,1,3,3,2,2,4,1,3,2,2,2,2,1,1,2,3,3
"R_2savJpkqmWzskmr",2,23,5,3,2,0,NA,1,2,2,1,1,2,3,1,1,4,2,1,2,3,3,2,1,1,4,1,3
"R_2savJpkqmWzskmr",2,23,5,3,2,0,NA,2,3,1,2,1,3,2,1,1,1,2,1,1,1,3,2,1,1,1,3,4
"R_2savJpkqmWzskmr",2,23,5,3,2,0,NA,3,3,1,1,2,2,1,1,2,4,1,2,3,4,4,3,1,1,2,3,3
"R_2savJpkqmWzskmr",2,23,5,3,2,0,NA,4,3,2,1,2,2,1,1,2,2,2,2,3,1,2,1,2,1,3,1,2
"R_2dMAfip65MktHRs",2,25,5,3,1,0,NA,1,1,2,1,1,2,1,1,1,2,1,1,2,1,3,3,1,1,4,2,3
"R_2dMAfip65MktHRs",2,25,5,3,1,0,NA,2,2,2,2,2,2,2,1,2,2,2,2,1,3,4,2,2,1,3,1,2
"R_2dMAfip65MktHRs",2,25,5,3,1,0,NA,3,2,1,1,1,3,1,2,1,4,1,3,2,2,2,1,1,1,2,2,4
"R_2dMAfip65MktHRs",2,25,5,3,1,0,NA,4,3,2,2,2,2,3,1,2,1,2,1,2,3,3,3,2,1,2,2,1
"R_3m4VytFEE77UGio",1,38,5,1,2,0,NA,1,2,2,2,1,1,1,1,1,4,2,1,2,1,3,2,1,1,1,3,3
"R_3m4VytFEE77UGio",1,38,5,1,2,0,NA,2,2,1,2,2,2,3,1,1,2,1,2,3,2,3,2,2,1,2,1,2
"R_3m4VytFEE77UGio",1,38,5,1,2,0,NA,3,3,2,2,1,2,3,1,1,2,2,1,2,1,3,2,1,1,3,2,1
"R_3m4VytFEE77UGio",1,38,5,1,2,0,NA,4,3,2,1,2,2,2,2,1,1,1,3,2,3,4,2,2,1,3,1,1
"R_3ld7RvRKdyn6jMB",1,23,5,2,3,NA,-1,1,1,1,1,2,2,1,1,1,4,2,1,2,1,2,2,1,1,2,3,3
"R_3ld7RvRKdyn6jMB",1,23,5,2,3,NA,-1,2,2,1,1,1,3,3,1,2,1,1,3,3,2,3,2,2,1,3,1,2
"R_3ld7RvRKdyn6jMB",1,23,5,2,3,NA,-1,3,3,1,1,2,2,3,1,2,4,2,1,2,2,3,2,1,1,4,2,1
"R_3ld7RvRKdyn6jMB",1,23,5,2,3,NA,-1,4,3,2,1,1,3,2,1,2,1,1,3,3,2,3,2,2,1,2,1,2
"R_eaeXmp1cHOAAK89",2,29,6,5,1,0,NA,1,2,1,1,2,2,2,1,1,3,1,3,2,2,4,2,1,1,4,2,4
"R_eaeXmp1cHOAAK89",2,29,6,5,1,0,NA,2,1,1,2,1,2,3,1,1,3,1,2,2,2,2,2,1,1,1,1,4
"R_eaeXmp1cHOAAK89",2,29,6,5,1,0,NA,3,1,2,1,1,3,3,1,2,3,1,2,2,2,3,2,1,1,3,3,4
"R_eaeXmp1cHOAAK89",2,29,6,5,1,0,NA,4,3,2,1,2,2,2,1,2,3,2,2,2,2,2,2,2,1,2,1,4
"R_2R2C8n9a2LyHOvh",1,45,5,1,1,1,NA,1,2,2,1,1,3,3,1,2,1,1,3,3,2,3,2,1,1,3,1,2
"R_2R2C8n9a2LyHOvh",1,45,5,1,1,1,NA,2,1,2,2,2,2,2,1,1,3,2,2,3,2,3,2,1,1,4,2,3
"R_2R2C8n9a2LyHOvh",1,45,5,1,1,1,NA,3,2,2,1,2,2,3,1,1,2,2,2,3,2,3,3,1,1,3,2,4
"R_2R2C8n9a2LyHOvh",1,45,5,1,1,1,NA,4,2,2,2,2,2,2,1,1,1,2,2,3,2,3,2,2,1,4,2,3
"R_2wgGB8h8yydWZhu",1,37,6,3,3,NA,0,1,3,2,2,2,3,3,1,1,2,2,1,2,2,3,2,2,1,2,2,3
"R_2wgGB8h8yydWZhu",1,37,6,3,3,NA,0,2,1,1,1,2,2,1,2,2,1,1,2,1,1,1,2,1,3,1,3,1
"R_2wgGB8h8yydWZhu",1,37,6,3,3,NA,0,3,1,1,2,2,1,1,1,2,4,2,3,1,4,2,1,1,7,4,3,4
"R_2wgGB8h8yydWZhu",1,37,6,3,3,NA,0,4,3,2,1,2,2,2,1,1,1,2,1,3,1,4,3,2,2,4,3,4
"R_8Cf2pIuhPsktwMZ",2,27,3,3,2,0,NA,1,3,2,2,2,3,3,1,1,1,2,1,3,1,3,2,1,1,1,3,1
"R_8Cf2pIuhPsktwMZ",2,27,3,3,2,0,NA,2,2,2,1,1,3,3,1,1,1,1,2,3,2,3,2,1,1,2,3,3
"R_8Cf2pIuhPsktwMZ",2,27,3,3,2,0,NA,3,1,1,1,2,2,3,1,1,1,1,3,2,2,3,2,1,1,4,3,3
"R_8Cf2pIuhPsktwMZ",2,27,3,3,2,0,NA,4,2,1,1,1,2,3,1,1,1,1,2,3,2,3,2,1,1,2,3,3
"R_2TtHUuyI1K3MbtD",1,40,4,3,2,0,NA,1,2,1,2,1,3,2,1,2,4,2,3,3,1,2,2,2,1,2,3,3
"R_2TtHUuyI1K3MbtD",1,40,4,3,2,0,NA,2,1,2,2,2,2,3,1,1,1,1,1,2,1,3,2,2,7,3,3,4
"R_2TtHUuyI1K3MbtD",1,40,4,3,2,0,NA,3,2,2,1,2,3,3,1,1,2,1,3,3,2,2,2,2,1,1,3,4
"R_2TtHUuyI1K3MbtD",1,40,4,3,2,0,NA,4,3,2,1,2,3,2,1,2,3,2,2,2,2,3,2,1,7,3,2,4
"R_020IPtaCeFeg0bb",2,44,5,2,3,NA,0,1,2,2,1,1,2,3,1,2,1,1,2,1,2,3,2,1,1,1,2,4
"R_020IPtaCeFeg0bb",2,44,5,2,3,NA,0,2,2,1,2,1,2,1,1,2,4,1,1,2,1,2,2,2,3,1,1,1
"R_020IPtaCeFeg0bb",2,44,5,2,3,NA,0,3,3,2,1,2,1,1,1,1,2,2,1,1,2,4,2,2,1,3,3,3
"R_020IPtaCeFeg0bb",2,44,5,2,3,NA,0,4,1,2,1,2,2,1,2,1,4,1,1,1,3,3,2,1,7,2,3,2
"R_3gOEhFEO9R5QQrF",1,30,6,3,2,0,NA,1,2,1,1,1,3,3,2,2,3,1,3,3,2,3,2,1,1,4,3,3
"R_3gOEhFEO9R5QQrF",1,30,6,3,2,0,NA,2,2,1,1,1,3,3,2,2,3,1,3,3,2,3,2,1,1,4,3,3
"R_3gOEhFEO9R5QQrF",1,30,6,3,2,0,NA,3,2,1,1,1,3,3,2,2,3,1,3,3,2,3,2,2,1,4,3,3
"R_3gOEhFEO9R5QQrF",1,30,6,3,2,0,NA,4,2,2,1,1,3,3,2,2,3,1,3,3,2,3,2,1,1,4,1,3
"R_2QXoXBsyNrRJRCc",1,52,4,1,1,1,NA,1,2,1,1,1,2,1,1,2,1,1,3,1,2,3,2,1,1,1,2,2
"R_2QXoXBsyNrRJRCc",1,52,4,1,1,1,NA,2,3,2,2,1,2,3,1,1,2,2,2,2,1,2,2,2,1,4,3,3
"R_2QXoXBsyNrRJRCc",1,52,4,1,1,1,NA,3,1,2,2,2,3,1,1,1,4,2,1,2,2,3,2,2,1,1,1,1
"R_2QXoXBsyNrRJRCc",1,52,4,1,1,1,NA,4,3,2,1,1,2,3,1,2,4,1,2,3,1,4,2,2,1,2,3,3
"R_DHxDdzfuyWTxm1j",1,25,5,5,2,1,NA,1,3,1,1,2,3,2,2,2,2,2,2,3,2,3,2,1,1,4,1,2
"R_DHxDdzfuyWTxm1j",1,25,5,5,2,1,NA,2,1,2,2,2,2,3,1,1,1,2,1,3,1,4,2,1,1,1,2,4
"R_DHxDdzfuyWTxm1j",1,25,5,5,2,1,NA,3,1,1,1,1,2,2,2,2,4,1,3,3,1,3,2,1,7,3,3,1
"R_DHxDdzfuyWTxm1j",1,25,5,5,2,1,NA,4,1,2,2,2,2,2,1,1,2,2,1,3,1,4,2,1,1,3,2,4
"R_26kVbqLUCTpP9S3",2,66,4,3,1,0,NA,1,3,1,2,2,2,3,1,1,3,2,1,2,1,3,2,2,1,4,3,1
"R_26kVbqLUCTpP9S3",2,66,4,3,1,0,NA,2,3,2,2,1,2,3,1,2,3,2,2,2,2,2,3,1,3,1,1,2
"R_26kVbqLUCTpP9S3",2,66,4,3,1,0,NA,3,1,2,1,1,2,1,2,2,1,1,3,1,3,1,1,1,7,2,2,3
"R_26kVbqLUCTpP9S3",2,66,4,3,1,0,NA,4,1,2,1,2,2,1,1,2,2,1,3,2,2,4,2,2,2,2,1,4
"R_1E5R3IQUP1aCmz2",1,34,5,1,3,NA,0,1,3,2,2,1,2,3,1,1,2,2,1,1,2,3,2,2,1,2,3,2
"R_1E5R3IQUP1aCmz2",1,34,5,1,3,NA,0,2,2,2,2,1,2,1,1,1,4,2,2,1,1,3,2,1,1,1,1,3
"R_1E5R3IQUP1aCmz2",1,34,5,1,3,NA,0,3,3,1,1,1,2,3,1,2,4,1,3,1,1,3,2,2,1,4,2,1
"R_1E5R3IQUP1aCmz2",1,34,5,1,3,NA,0,4,2,2,2,2,3,1,2,1,1,2,1,2,2,3,2,1,1,3,3,4
"R_8qeaUlseTQMTURT",2,45,6,4,2,1,NA,1,1,2,2,2,2,2,1,1,4,2,1,2,1,3,2,1,1,2,3,2
"R_8qeaUlseTQMTURT",2,45,6,4,2,1,NA,2,3,2,1,2,3,2,1,1,3,2,1,3,2,3,2,2,1,1,1,4
"R_8qeaUlseTQMTURT",2,45,6,4,2,1,NA,3,2,1,1,1,3,3,2,2,2,1,3,2,2,3,3,1,2,4,2,3
"R_8qeaUlseTQMTURT",2,45,6,4,2,1,NA,4,3,1,1,2,2,1,1,2,2,1,2,2,3,3,3,1,7,3,2,4
"R_2YMpNOEhqxerYre",2,29,4,1,2,0,NA,1,2,1,2,2,2,1,1,1,1,2,1,2,2,3,2,2,1,3,1,3
"R_2YMpNOEhqxerYre",2,29,4,1,2,0,NA,2,1,1,1,1,2,1,2,2,4,1,1,1,3,3,2,1,1,4,2,4
"R_2YMpNOEhqxerYre",2,29,4,1,2,0,NA,3,3,2,1,2,3,3,1,2,3,2,1,1,2,4,2,2,1,1,1,1
"R_2YMpNOEhqxerYre",2,29,4,1,2,0,NA,4,1,1,2,2,2,1,1,2,3,2,1,1,2,4,2,1,1,4,3,1
"R_3qlMNHFtEEbCPrz",1,34,6,2,3,NA,0,1,3,1,1,2,2,3,1,1,4,2,2,2,2,3,2,1,1,4,2,1
"R_3qlMNHFtEEbCPrz",1,34,6,2,3,NA,0,2,2,1,2,1,1,3,1,1,3,2,2,3,1,2,3,2,1,3,3,2
"R_3qlMNHFtEEbCPrz",1,34,6,2,3,NA,0,3,1,1,2,1,1,1,2,1,2,2,1,1,3,3,2,1,3,1,1,4
"R_3qlMNHFtEEbCPrz",1,34,6,2,3,NA,0,4,3,1,1,2,3,2,1,1,2,2,2,3,2,4,2,1,1,1,2,3
"R_1mQ6WmSD5E7L217",2,30,5,4,3,NA,-1,1,1,2,1,1,2,1,1,2,4,1,2,2,2,3,3,1,1,4,1,2
"R_1mQ6WmSD5E7L217",2,30,5,4,3,NA,-1,2,1,1,2,1,1,1,2,2,2,2,3,1,3,2,2,1,1,2,3,1
"R_1mQ6WmSD5E7L217",2,30,5,4,3,NA,-1,3,3,2,2,2,1,2,1,1,2,2,1,2,4,1,3,1,1,3,3,3
"R_1mQ6WmSD5E7L217",2,30,5,4,3,NA,-1,4,3,2,2,1,2,2,1,2,1,2,2,1,1,1,1,1,1,4,2,3
"R_3COYL4iS3tP3uTs",1,34,5,5,3,NA,1,1,2,1,2,2,3,3,1,2,3,2,2,3,1,4,2,1,1,3,2,4
"R_3COYL4iS3tP3uTs",1,34,5,5,3,NA,1,2,2,1,2,2,3,3,1,2,4,2,2,3,2,4,2,1,1,2,3,4
"R_3COYL4iS3tP3uTs",1,34,5,5,3,NA,1,3,2,1,1,1,2,3,2,2,1,1,3,3,2,3,2,1,1,1,2,1
"R_3COYL4iS3tP3uTs",1,34,5,5,3,NA,1,4,3,2,1,1,3,2,1,2,4,1,2,3,1,4,2,1,1,4,1,3
"R_2aPqrlCyP5LVMpo",2,57,3,1,3,NA,1,1,1,1,2,1,2,1,1,2,1,1,2,1,3,3,2,1,1,4,2,1
"R_2aPqrlCyP5LVMpo",2,57,3,1,3,NA,1,2,2,2,2,1,2,1,1,2,2,2,2,2,1,2,3,2,7,3,2,2
"R_2aPqrlCyP5LVMpo",2,57,3,1,3,NA,1,3,3,1,1,1,3,3,1,2,3,1,3,3,2,4,2,2,1,1,1,4
"R_2aPqrlCyP5LVMpo",2,57,3,1,3,NA,1,4,1,2,2,2,2,1,1,1,2,2,1,1,3,1,1,2,1,3,3,3
"R_2AF4FeDLQbh08YZ",2,44,5,5,1,1,NA,1,1,2,1,2,3,3,2,1,1,1,2,2,2,2,2,1,1,4,2,3
"R_2AF4FeDLQbh08YZ",2,44,5,5,1,1,NA,2,3,1,2,2,3,1,1,1,4,1,2,1,3,4,2,1,7,2,3,2
"R_2AF4FeDLQbh08YZ",2,44,5,5,1,1,NA,3,1,1,2,1,2,2,1,2,4,1,3,2,2,3,2,1,1,2,2,1
"R_2AF4FeDLQbh08YZ",2,44,5,5,1,1,NA,4,2,2,1,2,3,2,2,1,4,1,2,2,3,4,2,1,1,1,2,2
"R_3npXbjY26pdHdYT",1,37,4,3,2,0,NA,1,2,2,2,1,2,1,1,1,3,2,1,2,4,4,3,1,2,2,3,4
"R_3npXbjY26pdHdYT",1,37,4,3,2,0,NA,2,2,1,1,1,2,3,1,2,4,1,2,3,3,3,3,1,1,4,3,1
"R_3npXbjY26pdHdYT",1,37,4,3,2,0,NA,3,1,2,1,1,2,3,1,2,2,1,2,2,2,2,2,1,1,3,3,4
"R_3npXbjY26pdHdYT",1,37,4,3,2,0,NA,4,2,2,1,1,2,3,1,2,3,1,2,2,1,3,3,1,1,1,3,1
"R_2eR90NmGy4no6bf",2,28,4,4,2,1,NA,1,1,2,2,2,3,3,1,1,4,2,1,3,1,4,2,1,1,1,1,4
"R_2eR90NmGy4no6bf",2,28,4,4,2,1,NA,2,1,1,1,2,3,3,1,2,4,2,1,3,1,4,2,1,1,1,1,3
"R_2eR90NmGy4no6bf",2,28,4,4,2,1,NA,3,3,1,2,1,3,2,1,1,2,1,3,2,2,2,2,2,2,4,2,1
"R_2eR90NmGy4no6bf",2,28,4,4,2,1,NA,4,2,2,1,2,3,3,1,1,4,1,2,2,2,3,2,2,1,1,3,1
"R_2SxDvVFgDesFVXt",2,26,5,2,2,1,NA,1,2,1,1,1,3,2,1,2,3,1,3,2,3,3,2,1,1,3,2,1
"R_2SxDvVFgDesFVXt",2,26,5,2,2,1,NA,2,2,1,2,2,2,2,1,1,3,2,1,3,1,4,3,2,1,2,1,2
"R_2SxDvVFgDesFVXt",2,26,5,2,2,1,NA,3,1,1,1,1,3,1,2,2,3,1,3,1,3,2,2,1,7,1,3,3
"R_2SxDvVFgDesFVXt",2,26,5,2,2,1,NA,4,2,1,1,1,2,2,1,2,3,1,2,2,2,3,2,1,1,4,3,3
"R_2c8bQwQulg7oGmh",2,25,5,4,1,0,NA,1,2,2,2,2,3,1,1,1,1,2,1,2,1,3,2,1,1,3,1,3
"R_2c8bQwQulg7oGmh",2,25,5,4,1,0,NA,2,3,2,2,1,2,1,1,2,4,1,2,2,3,4,2,2,2,1,1,1
"R_2c8bQwQulg7oGmh",2,25,5,4,1,0,NA,3,3,2,1,2,2,3,2,1,1,2,2,2,3,2,2,1,1,3,3,3
"R_2c8bQwQulg7oGmh",2,25,5,4,1,0,NA,4,2,1,2,2,3,1,1,1,3,1,3,2,1,3,3,1,7,3,2,4
"R_4OfKfb4bI0apu6N",1,28,6,1,3,NA,0,1,1,2,2,2,2,2,1,1,4,2,1,3,2,3,2,2,1,2,2,2
"R_4OfKfb4bI0apu6N",1,28,6,1,3,NA,0,2,1,2,1,1,3,3,1,2,3,1,2,3,1,4,3,1,1,1,3,3
"R_4OfKfb4bI0apu6N",1,28,6,1,3,NA,0,3,1,1,2,2,2,2,1,1,2,2,1,3,1,2,2,2,1,3,1,4
"R_4OfKfb4bI0apu6N",1,28,6,1,3,NA,0,4,3,1,2,2,2,3,1,1,1,2,1,3,2,3,2,2,1,4,2,1
"R_cvB8TjlgiutIMmN",1,48,3,4,3,NA,0,1,3,1,1,1,3,3,2,2,1,1,3,3,2,2,3,2,1,1,1,3
"R_cvB8TjlgiutIMmN",1,48,3,4,3,NA,0,2,3,1,2,1,3,2,1,1,3,2,1,2,1,3,2,1,1,4,3,4
"R_cvB8TjlgiutIMmN",1,48,3,4,3,NA,0,3,2,1,2,1,2,1,1,2,2,1,3,2,4,4,2,1,1,2,2,2
"R_cvB8TjlgiutIMmN",1,48,3,4,3,NA,0,4,3,2,1,2,2,3,1,1,2,2,2,2,2,4,1,1,7,2,3,2
"R_2zA6HBIGTi0GNzY",2,42,5,2,3,NA,1,1,2,1,1,1,3,1,1,2,3,1,3,2,2,3,2,1,1,4,1,1
"R_2zA6HBIGTi0GNzY",2,42,5,2,3,NA,1,2,3,2,2,2,3,2,1,1,4,2,2,2,1,3,2,2,1,1,2,3
"R_2zA6HBIGTi0GNzY",2,42,5,2,3,NA,1,3,1,2,2,2,2,3,1,1,1,2,2,2,1,3,2,2,1,3,3,2
"R_2zA6HBIGTi0GNzY",2,42,5,2,3,NA,1,4,2,1,2,2,2,2,1,1,4,2,2,3,4,4,2,1,1,2,3,4
"R_2P1jkJC54UwnxI9",1,25,3,2,3,NA,0,1,2,2,2,1,2,3,1,2,3,1,1,2,2,3,2,2,1,1,3,1
"R_2P1jkJC54UwnxI9",1,25,3,2,3,NA,0,2,1,2,1,1,2,3,2,2,2,1,3,2,2,2,2,1,1,4,2,4
"R_2P1jkJC54UwnxI9",1,25,3,2,3,NA,0,3,1,2,1,2,3,2,1,1,1,1,1,2,1,4,2,2,1,3,2,2
"R_2P1jkJC54UwnxI9",1,25,3,2,3,NA,0,4,2,1,1,1,3,3,2,2,1,1,3,2,2,3,2,1,1,2,1,3
"R_1nN2q6cPrcuOTDH",2,32,5,3,2,0,NA,1,2,2,2,2,3,3,1,1,4,2,1,3,2,3,2,1,1,2,3,1
"R_1nN2q6cPrcuOTDH",2,32,5,3,2,0,NA,2,2,1,2,2,3,1,1,1,1,2,3,2,2,3,2,2,1,1,2,2
"R_1nN2q6cPrcuOTDH",2,32,5,3,2,0,NA,3,2,2,2,2,2,3,1,1,2,2,1,2,2,3,2,2,1,3,3,3
"R_1nN2q6cPrcuOTDH",2,32,5,3,2,0,NA,4,3,1,1,1,2,1,1,2,2,1,3,2,2,2,2,2,1,3,2,4
"R_0IiGWQSiYBk0BpP",2,32,5,5,2,1,NA,1,2,1,2,2,2,1,1,2,1,2,2,2,1,3,2,1,1,3,1,4
"R_0IiGWQSiYBk0BpP",2,32,5,5,2,1,NA,2,2,2,2,1,2,1,1,2,3,2,2,2,2,2,3,1,3,4,2,1
"R_0IiGWQSiYBk0BpP",2,32,5,5,2,1,NA,3,2,2,2,1,2,1,1,1,3,2,2,2,2,2,3,1,3,4,2,1
"R_0IiGWQSiYBk0BpP",2,32,5,5,2,1,NA,4,3,2,2,2,2,1,1,1,1,2,1,1,3,4,2,2,1,3,1,3
"R_1IYktITS6CCgnQL",1,29,5,4,3,NA,0,1,3,1,2,2,1,2,1,1,1,2,1,2,1,4,2,2,1,2,3,1
"R_1IYktITS6CCgnQL",1,29,5,4,3,NA,0,2,1,2,2,1,2,1,1,1,2,2,2,2,1,3,2,1,3,1,2,2
"R_1IYktITS6CCgnQL",1,29,5,4,3,NA,0,3,3,1,2,1,3,3,1,2,3,1,2,3,2,3,3,1,1,4,1,3
"R_1IYktITS6CCgnQL",1,29,5,4,3,NA,0,4,3,2,2,1,3,3,1,2,4,2,2,3,3,4,3,1,1,3,1,4
"R_3OrAfF0B0YcKHVX",2,24,5,2,2,1,NA,1,2,1,2,2,3,1,1,1,1,2,1,3,2,3,2,2,1,3,2,3
"R_3OrAfF0B0YcKHVX",2,24,5,2,2,1,NA,2,2,2,2,2,2,2,1,1,4,2,1,3,1,4,2,1,1,1,1,4
"R_3OrAfF0B0YcKHVX",2,24,5,2,2,1,NA,3,3,2,2,1,1,1,1,1,1,2,2,1,4,2,3,1,1,2,2,1
"R_3OrAfF0B0YcKHVX",2,24,5,2,2,1,NA,4,2,1,2,2,2,3,2,1,2,2,1,2,1,4,2,1,1,4,2,3
"R_6MrzVGrpxeu3BNn",2,38,4,4,3,NA,-1,1,2,1,2,1,3,3,1,2,2,2,3,2,2,3,2,1,1,3,2,3
"R_6MrzVGrpxeu3BNn",2,38,4,4,3,NA,-1,2,2,1,1,2,3,3,1,2,2,1,1,2,1,3,2,2,1,1,1,1
"R_6MrzVGrpxeu3BNn",2,38,4,4,3,NA,-1,3,3,2,1,1,2,2,1,1,3,2,1,3,1,3,2,2,1,4,2,1
"R_6MrzVGrpxeu3BNn",2,38,4,4,3,NA,-1,4,1,2,1,1,3,1,2,2,2,1,2,2,1,2,3,1,1,1,3,3
"R_2YAjd1wpCHOozkc",2,28,3,3,1,0,NA,1,2,1,2,2,2,2,1,1,3,1,2,2,2,2,2,1,1,2,3,1
"R_2YAjd1wpCHOozkc",2,28,3,3,1,0,NA,2,1,2,2,2,2,1,2,2,4,2,1,1,4,1,3,1,1,1,3,1
"R_2YAjd1wpCHOozkc",2,28,3,3,1,0,NA,3,1,1,2,2,3,3,2,2,2,1,2,2,1,1,1,1,2,3,2,4
"R_2YAjd1wpCHOozkc",2,28,3,3,1,0,NA,4,3,2,1,2,3,3,1,2,3,2,1,2,2,2,2,2,1,4,3,3
"R_11hXNzm8vuBpWRX",2,22,3,2,2,0,NA,1,2,1,1,2,2,2,1,1,2,1,2,2,1,3,2,2,1,2,3,1
"R_11hXNzm8vuBpWRX",2,22,3,2,2,0,NA,2,2,2,1,2,3,3,1,1,4,2,2,3,2,2,3,1,1,3,2,3
"R_11hXNzm8vuBpWRX",2,22,3,2,2,0,NA,3,2,2,1,2,3,3,1,1,4,2,2,3,2,2,3,1,1,2,3,3
"R_11hXNzm8vuBpWRX",2,22,3,2,2,0,NA,4,2,2,1,1,1,2,1,1,1,2,2,3,2,3,2,2,7,4,3,4
"R_2QsJosiRUjxE3IU",1,40,5,3,4,NA,1,1,2,1,2,1,3,1,1,2,3,1,3,2,2,4,2,1,7,2,2,1
"R_2QsJosiRUjxE3IU",1,40,5,3,4,NA,1,2,1,2,2,2,3,3,1,1,4,2,1,3,2,3,2,2,1,4,3,4
"R_2QsJosiRUjxE3IU",1,40,5,3,4,NA,1,3,2,1,1,1,2,1,2,2,4,1,3,2,2,2,2,1,1,1,1,3
"R_2QsJosiRUjxE3IU",1,40,5,3,4,NA,1,4,2,1,2,1,2,1,1,2,1,1,3,2,1,4,2,1,7,2,1,2
"R_3lS2jBCvMjU70ew",2,23,4,3,1,0,NA,1,2,2,2,2,3,3,1,2,1,2,1,3,2,3,1,1,1,2,2,2
"R_3lS2jBCvMjU70ew",2,23,4,3,1,0,NA,2,1,2,1,2,2,1,1,1,2,2,3,2,3,4,2,1,1,4,1,4
"R_3lS2jBCvMjU70ew",2,23,4,3,1,0,NA,3,2,2,1,1,3,3,2,1,4,2,2,2,3,3,2,1,1,2,3,3
"R_3lS2jBCvMjU70ew",2,23,4,3,1,0,NA,4,3,2,1,1,1,1,1,1,1,1,3,2,1,2,2,2,1,4,1,1
"R_1dK5z0fXRXRAX9x",1,38,4,1,2,1,NA,1,1,1,1,2,2,3,1,2,3,1,2,2,1,3,2,2,1,2,1,3
"R_1dK5z0fXRXRAX9x",1,38,4,1,2,1,NA,2,1,1,1,1,3,3,1,2,2,2,1,3,1,2,1,1,1,3,2,1
"R_1dK5z0fXRXRAX9x",1,38,4,1,2,1,NA,3,1,1,1,2,2,1,1,2,4,2,2,2,2,3,2,2,2,4,2,4
"R_1dK5z0fXRXRAX9x",1,38,4,1,2,1,NA,4,3,1,1,1,3,2,2,2,1,1,2,3,2,2,2,1,7,1,2,2
"R_3vHeZnYUpQse7hH",2,71,5,1,3,NA,0,1,1,2,1,1,2,3,1,2,4,1,3,3,2,2,2,1,1,2,1,1
"R_3vHeZnYUpQse7hH",2,71,5,1,3,NA,0,2,2,2,2,2,2,3,1,1,3,2,2,2,1,4,2,2,1,4,2,2
"R_3vHeZnYUpQse7hH",2,71,5,1,3,NA,0,3,1,1,1,1,2,3,1,2,2,1,3,3,2,2,2,1,1,3,3,2
"R_3vHeZnYUpQse7hH",2,71,5,1,3,NA,0,4,1,2,1,2,2,3,1,2,1,2,2,2,2,2,2,1,1,2,2,1
"R_1DLS0KLikzxVkRE",2,60,4,3,3,NA,-1,1,2,2,2,2,2,1,1,1,1,2,1,1,4,3,2,2,1,3,2,3
"R_1DLS0KLikzxVkRE",2,60,4,3,3,NA,-1,2,1,1,1,1,2,3,1,2,3,1,3,1,3,3,2,1,1,4,3,4
"R_1DLS0KLikzxVkRE",2,60,4,3,3,NA,-1,3,3,1,1,1,2,2,1,2,2,1,3,2,1,3,2,2,1,3,3,1
"R_1DLS0KLikzxVkRE",2,60,4,3,3,NA,-1,4,1,2,1,1,2,1,2,2,2,1,2,1,1,2,2,1,1,4,1,4
"R_Uaoecw4vQf2QGHv",2,48,5,1,3,NA,-1,1,3,2,1,1,1,3,1,2,3,1,1,1,1,4,2,1,1,4,2,4
"R_Uaoecw4vQf2QGHv",2,48,5,1,3,NA,-1,2,1,2,2,1,2,3,2,2,3,1,2,1,3,2,3,1,1,2,2,1
"R_Uaoecw4vQf2QGHv",2,48,5,1,3,NA,-1,3,3,1,2,1,3,2,2,1,2,1,3,2,1,3,2,1,1,1,2,4
"R_Uaoecw4vQf2QGHv",2,48,5,1,3,NA,-1,4,3,2,1,1,2,1,1,1,2,1,1,2,1,3,2,1,1,2,3,3
"R_3n1LQcIpvNFIY8U",1,33,3,2,3,NA,1,1,3,1,1,1,3,2,1,2,4,1,3,2,2,3,3,1,1,1,2,3
"R_3n1LQcIpvNFIY8U",1,33,3,2,3,NA,1,2,1,2,1,1,1,1,1,1,1,1,2,2,1,1,2,2,1,4,3,4
"R_3n1LQcIpvNFIY8U",1,33,3,2,3,NA,1,3,2,1,1,2,3,2,2,1,2,2,2,3,2,4,2,1,1,3,3,1
"R_3n1LQcIpvNFIY8U",1,33,3,2,3,NA,1,4,2,1,2,1,2,1,1,2,4,1,3,2,1,2,3,1,1,2,3,2
"R_1DYbgupcwkUBda1",1,22,3,2,3,NA,1,1,1,1,1,1,3,2,2,1,3,1,3,2,3,3,2,1,1,1,1,1
"R_1DYbgupcwkUBda1",1,22,3,2,3,NA,1,2,1,2,1,2,3,2,1,1,3,2,3,2,1,3,2,2,1,3,3,4
"R_1DYbgupcwkUBda1",1,22,3,2,3,NA,1,3,2,1,1,1,3,3,1,2,2,1,2,2,1,3,2,1,1,2,2,3
"R_1DYbgupcwkUBda1",1,22,3,2,3,NA,1,4,1,1,1,1,3,2,1,2,2,1,3,2,4,2,2,1,1,3,3,4
"R_PYxwv8Exr4iIlXP",2,42,3,3,3,NA,0,1,1,2,1,2,2,3,1,1,4,2,3,2,2,3,2,1,1,4,1,2
"R_PYxwv8Exr4iIlXP",2,42,3,3,3,NA,0,2,1,2,2,1,3,2,1,2,1,1,2,3,1,3,2,1,1,2,1,3
"R_PYxwv8Exr4iIlXP",2,42,3,3,3,NA,0,3,3,1,2,2,2,3,2,1,3,2,3,3,1,4,2,2,1,1,3,4
"R_PYxwv8Exr4iIlXP",2,42,3,3,3,NA,0,4,2,2,2,2,2,1,1,1,3,2,2,2,3,3,2,2,1,3,3,4
"R_1rIk0y9U4SOLyiV",2,28,5,2,2,0,NA,1,2,2,2,2,3,3,1,1,3,2,1,2,2,3,2,2,1,4,3,1
"R_1rIk0y9U4SOLyiV",2,28,5,2,2,0,NA,2,3,2,2,2,3,3,1,1,4,2,1,1,1,4,2,2,1,3,1,3
"R_1rIk0y9U4SOLyiV",2,28,5,2,2,0,NA,3,3,2,2,1,3,2,1,2,4,1,3,2,1,2,3,2,1,1,2,4
"R_1rIk0y9U4SOLyiV",2,28,5,2,2,0,NA,4,2,2,1,1,2,3,2,2,3,1,3,2,1,3,2,1,2,1,3,3
"R_p6E9EqidlEdu8U1",1,30,3,2,2,0,NA,1,1,1,2,1,2,2,1,1,2,2,1,1,1,2,2,1,1,2,1,2
"R_p6E9EqidlEdu8U1",1,30,3,2,2,0,NA,2,3,2,1,2,3,3,1,2,4,2,3,2,2,3,3,2,2,3,3,4
"R_p6E9EqidlEdu8U1",1,30,3,2,2,0,NA,3,1,2,2,2,1,1,2,1,2,1,1,3,3,4,1,1,2,1,2,3
"R_p6E9EqidlEdu8U1",1,30,3,2,2,0,NA,4,3,2,2,1,1,1,2,2,3,1,2,1,1,1,3,2,7,2,3,1
"R_40A981yqHAAF9FH",2,24,3,2,3,NA,0,1,3,1,1,2,3,3,2,1,3,2,1,2,2,3,2,1,1,2,1,2
"R_40A981yqHAAF9FH",2,24,3,2,3,NA,0,2,2,2,2,1,2,2,2,2,1,2,2,3,2,2,2,1,1,4,3,1
"R_40A981yqHAAF9FH",2,24,3,2,3,NA,0,3,2,1,1,2,2,1,2,1,1,1,2,1,1,1,3,2,7,3,3,3
"R_40A981yqHAAF9FH",2,24,3,2,3,NA,0,4,3,2,2,1,3,2,1,2,2,2,1,2,1,2,2,1,1,2,3,3
"R_1ILUXUYt6kz0fUK",2,32,5,2,1,1,NA,1,3,1,1,1,3,3,1,2,4,1,3,2,2,3,2,1,1,3,2,3
"R_1ILUXUYt6kz0fUK",2,32,5,2,1,1,NA,2,1,1,2,2,2,1,1,1,3,2,1,2,1,4,2,1,1,2,1,2
"R_1ILUXUYt6kz0fUK",2,32,5,2,1,1,NA,3,3,2,1,2,3,3,2,1,1,2,2,1,2,1,1,1,1,3,1,4
"R_1ILUXUYt6kz0fUK",2,32,5,2,1,1,NA,4,2,2,2,1,2,1,1,1,4,1,2,1,1,1,2,1,1,2,2,4
"R_31Rzu2wLS2BAvUh",1,40,5,5,2,0,NA,1,3,1,1,2,2,3,1,1,1,2,2,2,1,3,2,1,1,2,3,1
"R_31Rzu2wLS2BAvUh",1,40,5,5,2,0,NA,2,1,2,2,2,2,3,1,1,2,2,2,3,1,3,2,2,1,4,1,3
"R_31Rzu2wLS2BAvUh",1,40,5,5,2,0,NA,3,3,1,1,1,2,2,2,2,2,1,3,2,2,3,2,1,7,1,3,1
"R_31Rzu2wLS2BAvUh",1,40,5,5,2,0,NA,4,2,2,1,1,3,2,1,2,1,1,3,2,1,3,2,2,1,3,2,4
"R_3OohzLJm28yQU97",2,55,2,2,3,NA,-1,1,3,1,2,1,2,1,1,2,4,1,2,2,2,4,2,1,1,4,3,1
"R_3OohzLJm28yQU97",2,55,2,2,3,NA,-1,2,1,1,1,2,2,1,1,1,3,2,2,1,1,1,2,1,2,2,3,3
"R_3OohzLJm28yQU97",2,55,2,2,3,NA,-1,3,3,2,2,1,2,2,1,2,1,2,2,2,1,3,2,2,1,4,3,2
"R_3OohzLJm28yQU97",2,55,2,2,3,NA,-1,4,1,2,1,2,2,1,1,1,3,1,2,1,3,3,3,1,1,4,2,1
"R_2uzFguUsrEUZ6gB",1,31,4,1,1,0,NA,1,2,1,2,2,2,2,1,1,2,2,1,3,2,4,2,2,1,1,2,1
"R_2uzFguUsrEUZ6gB",1,31,4,1,1,0,NA,2,2,1,2,1,3,3,2,2,1,2,2,3,2,2,2,1,7,1,1,3
"R_2uzFguUsrEUZ6gB",1,31,4,1,1,0,NA,3,2,1,1,1,2,3,2,2,2,1,3,3,2,1,2,1,1,3,3,4
"R_2uzFguUsrEUZ6gB",1,31,4,1,1,0,NA,4,2,1,2,2,3,3,1,1,3,2,1,3,2,2,2,2,1,1,1,2
"R_3RjCQBWGGPzKMcy",2,27,4,3,3,NA,0,1,1,2,1,2,2,2,1,1,3,2,1,1,2,3,2,2,1,2,2,3
"R_3RjCQBWGGPzKMcy",2,27,4,3,3,NA,0,2,3,1,2,2,3,3,1,2,4,2,3,2,3,4,2,1,3,1,3,4
"R_3RjCQBWGGPzKMcy",2,27,4,3,3,NA,0,3,2,2,2,2,2,1,1,1,1,2,2,2,4,3,3,1,1,4,1,1
"R_3RjCQBWGGPzKMcy",2,27,4,3,3,NA,0,4,1,1,1,2,2,2,1,2,2,1,2,2,4,2,2,1,7,1,1,3
"R_3fNpxOJ7UDeZRnf",1,72,1,2,2,1,NA,1,3,2,2,2,2,3,1,2,1,2,1,3,1,3,2,2,1,2,2,3
"R_3fNpxOJ7UDeZRnf",1,72,1,2,2,1,NA,2,3,1,2,2,1,1,1,2,1,2,1,2,1,2,2,1,1,3,1,2
"R_3fNpxOJ7UDeZRnf",1,72,1,2,2,1,NA,3,1,1,2,2,2,1,1,2,4,2,1,1,3,2,2,1,2,1,3,2
"R_3fNpxOJ7UDeZRnf",1,72,1,2,2,1,NA,4,3,2,1,2,2,1,1,2,1,1,1,2,2,2,3,1,1,1,1,1
"R_1CJaNzb5XNksYjs",2,26,3,3,3,NA,0,1,1,2,1,2,1,3,1,1,3,1,2,3,2,4,2,1,1,1,1,2
"R_1CJaNzb5XNksYjs",2,26,3,3,3,NA,0,2,2,1,2,1,3,3,1,1,3,2,2,3,2,3,2,1,1,2,1,1
"R_1CJaNzb5XNksYjs",2,26,3,3,3,NA,0,3,2,2,1,1,3,2,2,1,1,2,2,3,1,2,2,2,1,4,3,2
"R_1CJaNzb5XNksYjs",2,26,3,3,3,NA,0,4,3,2,2,1,3,3,1,1,4,1,2,3,1,3,2,2,1,1,2,4
"R_2pLAploSHY7xnNa",1,26,5,2,4,NA,0,1,3,2,1,1,2,3,1,1,4,1,3,2,2,3,2,1,1,2,3,1
"R_2pLAploSHY7xnNa",1,26,5,2,4,NA,0,2,2,1,1,2,2,2,1,1,1,2,2,3,1,3,2,2,1,4,3,2
"R_2pLAploSHY7xnNa",1,26,5,2,4,NA,0,3,3,2,2,2,3,3,1,1,4,2,1,3,2,3,2,1,1,1,2,2
"R_2pLAploSHY7xnNa",1,26,5,2,4,NA,0,4,1,1,2,1,2,1,1,2,4,1,3,1,2,3,2,1,1,4,2,3
"R_3iBTPbIFVPFXCca",2,22,5,2,2,1,NA,1,2,1,1,1,3,3,1,2,2,1,3,2,2,3,2,1,1,4,1,2
"R_3iBTPbIFVPFXCca",2,22,5,2,2,1,NA,2,3,1,2,2,3,3,1,1,1,2,2,3,2,4,2,1,1,3,2,1
"R_3iBTPbIFVPFXCca",2,22,5,2,2,1,NA,3,2,1,2,2,3,3,1,1,3,2,2,3,2,4,2,1,1,3,3,3
"R_3iBTPbIFVPFXCca",2,22,5,2,2,1,NA,4,1,2,2,2,2,2,1,1,4,2,1,3,1,2,3,1,1,4,1,4
"R_1n0kEjsowEHRgy5",1,31,3,2,3,NA,-1,1,2,2,1,1,2,1,1,1,3,1,2,2,2,3,2,1,1,4,2,1
"R_1n0kEjsowEHRgy5",1,31,3,2,3,NA,-1,2,3,2,1,1,2,3,1,1,4,1,2,2,2,4,2,2,1,2,1,2
"R_1n0kEjsowEHRgy5",1,31,3,2,3,NA,-1,3,1,2,1,1,2,1,2,1,4,1,3,2,2,3,2,1,7,4,2,3
"R_1n0kEjsowEHRgy5",1,31,3,2,3,NA,-1,4,1,1,1,2,2,2,1,1,3,2,2,3,1,3,2,1,1,2,3,3
"R_6WOP4e0KZx2pdQN",1,40,5,2,1,1,NA,1,1,2,2,2,2,1,1,1,1,2,1,1,1,3,2,2,1,4,1,1
"R_6WOP4e0KZx2pdQN",1,40,5,2,1,1,NA,2,1,1,2,2,2,1,2,1,1,2,1,2,2,3,2,1,1,2,1,3
"R_6WOP4e0KZx2pdQN",1,40,5,2,1,1,NA,3,3,1,2,2,2,2,1,1,2,2,2,3,1,3,2,2,1,3,3,2
"R_6WOP4e0KZx2pdQN",1,40,5,2,1,1,NA,4,1,1,1,2,2,1,2,2,3,1,3,2,2,3,2,1,2,1,2,4
"R_z0S0elSqpkIdXSV",1,50,6,2,3,NA,1,1,2,2,2,2,2,3,1,1,1,2,1,3,1,2,2,1,1,3,3,2
"R_z0S0elSqpkIdXSV",1,50,6,2,3,NA,1,2,1,1,2,1,3,1,1,1,4,1,2,2,2,2,2,1,1,1,1,3
"R_z0S0elSqpkIdXSV",1,50,6,2,3,NA,1,3,3,1,1,1,3,3,2,2,1,1,3,3,2,2,2,1,1,3,2,2
"R_z0S0elSqpkIdXSV",1,50,6,2,3,NA,1,4,3,1,1,2,3,3,2,2,2,1,2,3,2,2,2,1,1,2,3,4
"R_8ksG4bcc36Epu0x",2,25,5,4,1,1,NA,1,3,2,2,1,2,2,1,2,1,1,2,3,2,3,2,1,1,3,2,2
"R_8ksG4bcc36Epu0x",2,25,5,4,1,1,NA,2,1,2,2,2,2,2,1,1,2,2,1,3,2,3,2,2,1,1,1,1
"R_8ksG4bcc36Epu0x",2,25,5,4,1,1,NA,3,3,2,1,1,3,2,1,2,4,1,3,3,2,3,2,1,1,1,1,1
"R_8ksG4bcc36Epu0x",2,25,5,4,1,1,NA,4,1,2,2,1,2,2,1,2,2,1,3,3,2,3,2,1,1,3,1,2
"R_1GJHjzU4WFmQFvX",1,29,3,2,2,0,NA,1,2,2,1,2,2,1,2,2,4,1,2,1,4,3,2,1,1,3,1,3
"R_1GJHjzU4WFmQFvX",1,29,3,2,2,0,NA,2,2,2,2,2,2,2,1,1,3,2,1,1,3,3,2,2,7,4,2,1
"R_1GJHjzU4WFmQFvX",1,29,3,2,2,0,NA,3,2,1,1,1,3,3,1,1,1,1,2,2,2,2,1,2,1,1,2,2
"R_1GJHjzU4WFmQFvX",1,29,3,2,2,0,NA,4,1,2,1,1,3,3,2,2,2,1,2,2,1,1,3,1,3,2,1,2
"R_5aQvIUbGXEK40wR",1,30,5,2,2,0,NA,1,3,1,1,1,3,1,1,2,3,1,3,2,1,3,2,2,1,4,1,2
"R_5aQvIUbGXEK40wR",1,30,5,2,2,0,NA,2,1,2,1,2,2,3,1,1,2,2,1,2,2,3,2,1,1,1,3,4
"R_5aQvIUbGXEK40wR",1,30,5,2,2,0,NA,3,1,2,2,1,2,1,1,1,1,2,1,1,4,1,1,2,1,3,3,4
"R_5aQvIUbGXEK40wR",1,30,5,2,2,0,NA,4,3,2,2,2,2,2,1,1,2,2,2,3,2,3,3,2,1,2,2,1
"R_2RaLwENuLVHWfuK",2,22,3,2,2,0,NA,1,1,1,1,1,2,3,2,1,1,1,3,1,1,3,2,1,1,1,1,1
"R_2RaLwENuLVHWfuK",2,22,3,2,2,0,NA,2,3,2,2,2,1,1,1,2,3,2,1,2,4,2,3,1,3,2,2,3
"R_2RaLwENuLVHWfuK",2,22,3,2,2,0,NA,3,1,1,2,2,2,3,1,1,2,2,2,1,3,4,1,2,7,3,1,2
"R_2RaLwENuLVHWfuK",2,22,3,2,2,0,NA,4,1,1,1,1,3,2,1,1,2,1,3,2,2,4,2,2,2,2,3,1
"R_wRlyzQyivciEGmR",2,21,3,2,2,1,NA,1,1,2,1,1,2,1,1,2,2,1,3,2,2,3,2,1,1,3,1,4
"R_wRlyzQyivciEGmR",2,21,3,2,2,1,NA,2,2,2,2,1,2,3,1,1,3,2,1,3,1,2,3,2,1,4,2,2
"R_wRlyzQyivciEGmR",2,21,3,2,2,1,NA,3,3,2,1,1,3,3,1,2,4,1,3,2,2,1,2,2,1,3,2,3
"R_wRlyzQyivciEGmR",2,21,3,2,2,1,NA,4,2,2,1,2,2,2,1,1,4,1,2,1,1,3,1,2,1,3,1,3
"R_1OPhMz2XMkPn0ww",2,45,3,1,2,1,NA,1,1,2,2,2,2,1,1,2,1,2,2,2,2,2,2,1,1,4,1,3
"R_1OPhMz2XMkPn0ww",2,45,3,1,2,1,NA,2,1,2,1,2,2,1,2,2,4,1,1,1,2,3,3,1,2,1,2,4
"R_1OPhMz2XMkPn0ww",2,45,3,1,2,1,NA,3,1,2,1,1,2,3,2,2,1,1,3,2,1,3,2,2,1,3,3,3
"R_1OPhMz2XMkPn0ww",2,45,3,1,2,1,NA,4,3,2,2,1,2,3,2,2,1,1,2,1,1,4,2,2,2,2,3,4
"R_tFKv8lW8CSZ72F3",1,41,5,6,2,1,NA,1,1,2,1,1,3,3,1,2,2,1,2,2,2,3,2,1,1,1,2,3
"R_tFKv8lW8CSZ72F3",1,41,5,6,2,1,NA,2,2,2,1,1,3,3,1,1,4,1,2,2,1,4,2,2,1,4,3,2
"R_tFKv8lW8CSZ72F3",1,41,5,6,2,1,NA,3,3,1,2,2,3,3,1,1,3,2,1,3,2,4,2,2,1,4,1,4
"R_tFKv8lW8CSZ72F3",1,41,5,6,2,1,NA,4,1,1,1,1,3,2,2,2,2,1,3,2,2,2,3,1,1,2,2,3
"R_3QXFdAjowHCIVxf",2,48,6,3,2,0,NA,1,3,2,1,2,2,3,1,1,1,2,1,2,2,3,2,2,1,1,2,2
"R_3QXFdAjowHCIVxf",2,48,6,3,2,0,NA,2,1,1,2,2,2,2,1,2,2,2,2,1,1,2,2,1,1,3,3,4
"R_3QXFdAjowHCIVxf",2,48,6,3,2,0,NA,3,1,2,1,1,2,1,1,2,3,1,2,2,3,1,2,1,1,3,1,2
"R_3QXFdAjowHCIVxf",2,48,6,3,2,0,NA,4,3,2,1,1,3,3,1,1,2,1,1,3,1,4,2,2,1,3,2,1
"R_DMZXXYpnnCGIaCR",2,26,2,2,3,NA,-1,1,1,1,2,2,2,1,1,1,1,2,1,3,1,3,2,1,1,2,3,2
"R_DMZXXYpnnCGIaCR",2,26,2,2,3,NA,-1,2,2,2,2,2,2,2,1,1,3,2,1,3,4,4,3,1,1,4,2,3
"R_DMZXXYpnnCGIaCR",2,26,2,2,3,NA,-1,3,3,1,2,1,3,3,1,2,4,1,2,2,2,2,3,1,1,1,2,1
"R_DMZXXYpnnCGIaCR",2,26,2,2,3,NA,-1,4,2,2,2,1,2,3,1,2,1,2,2,1,1,1,1,2,1,3,3,4
"R_sTZ1Jb9TBp0PXP3",2,28,5,5,3,NA,-1,1,3,1,1,1,2,2,1,2,3,1,3,2,3,4,2,1,1,4,3,1
"R_sTZ1Jb9TBp0PXP3",2,28,5,5,3,NA,-1,2,2,2,2,2,3,3,1,1,2,2,1,3,2,3,2,1,1,1,2,2
"R_sTZ1Jb9TBp0PXP3",2,28,5,5,3,NA,-1,3,2,2,1,2,2,1,2,1,4,2,2,2,1,3,2,1,1,2,1,4
"R_sTZ1Jb9TBp0PXP3",2,28,5,5,3,NA,-1,4,3,2,2,2,3,3,1,1,2,2,1,3,2,4,2,2,1,4,3,3
"R_787xVB4EH1Wj8at",1,51,6,4,3,NA,0,1,1,2,2,1,1,3,1,2,2,2,1,2,1,3,2,1,1,3,3,3
"R_787xVB4EH1Wj8at",1,51,6,4,3,NA,0,2,3,1,1,2,3,2,1,1,3,1,2,3,2,4,2,2,1,2,1,1
"R_787xVB4EH1Wj8at",1,51,6,4,3,NA,0,3,2,1,2,2,2,3,1,1,1,2,1,2,1,2,2,1,1,1,2,2
"R_787xVB4EH1Wj8at",1,51,6,4,3,NA,0,4,1,1,1,1,2,3,2,2,4,1,3,1,3,2,1,1,7,4,1,1
"R_aVtNKGbGHaMbOzb",2,52,6,2,2,1,NA,1,2,1,2,2,2,1,1,1,3,1,2,2,1,3,2,1,1,3,2,3
"R_aVtNKGbGHaMbOzb",2,52,6,2,2,1,NA,2,2,2,1,1,2,1,2,1,4,2,1,1,1,2,1,1,1,1,3,4
"R_aVtNKGbGHaMbOzb",2,52,6,2,2,1,NA,3,1,1,1,1,2,1,1,1,2,1,2,1,2,1,2,1,1,3,1,2
"R_aVtNKGbGHaMbOzb",2,52,6,2,2,1,NA,4,3,1,1,1,2,1,1,2,4,2,2,1,1,4,2,2,1,1,3,3
"R_3WvbXYB7WWqOMfv",1,23,5,6,1,0,NA,1,2,1,2,2,2,2,1,1,4,2,1,2,2,2,3,2,1,2,2,2
"R_3WvbXYB7WWqOMfv",1,23,5,6,1,0,NA,2,2,2,1,1,2,3,1,2,4,1,2,1,3,1,2,1,1,1,1,3
"R_3WvbXYB7WWqOMfv",1,23,5,6,1,0,NA,3,1,1,1,2,3,3,1,1,3,2,1,2,1,3,2,1,2,4,3,1
"R_3WvbXYB7WWqOMfv",1,23,5,6,1,0,NA,4,3,2,1,1,2,2,2,2,1,1,2,2,4,4,2,1,1,4,2,4
"R_bPMNJj6tq1IxWJf",1,29,6,3,3,NA,0,1,1,1,1,1,3,3,1,2,2,1,2,2,2,3,2,1,1,4,1,1
"R_bPMNJj6tq1IxWJf",1,29,6,3,3,NA,0,2,3,2,1,2,2,2,1,1,4,2,2,2,1,3,3,2,1,4,2,4
"R_bPMNJj6tq1IxWJf",1,29,6,3,3,NA,0,3,1,2,2,2,2,1,1,1,2,2,1,3,2,1,1,1,1,1,1,3
"R_bPMNJj6tq1IxWJf",1,29,6,3,3,NA,0,4,1,1,1,2,3,3,2,2,1,1,2,1,3,4,2,2,3,4,1,4
"R_4PGL5LJnMsfNC61",1,26,5,1,2,0,NA,1,1,1,2,1,3,2,1,2,3,2,3,2,2,4,2,2,1,4,1,1
"R_4PGL5LJnMsfNC61",1,26,5,1,2,0,NA,2,3,1,1,2,2,3,1,2,4,1,3,3,1,3,2,2,1,2,1,4
"R_4PGL5LJnMsfNC61",1,26,5,1,2,0,NA,3,2,1,2,1,2,2,1,1,1,2,3,2,1,2,1,1,1,4,3,4
"R_4PGL5LJnMsfNC61",1,26,5,1,2,0,NA,4,2,2,2,2,2,2,1,1,2,2,2,3,2,3,2,2,1,3,2,3
"R_5BX4igHi0ITnQpX",1,45,5,3,2,1,NA,1,2,1,1,1,3,3,1,2,2,1,3,3,2,3,2,2,1,4,3,1
"R_5BX4igHi0ITnQpX",1,45,5,3,2,1,NA,2,2,2,2,2,3,3,1,1,4,2,1,3,1,4,2,1,1,1,1,2
"R_5BX4igHi0ITnQpX",1,45,5,3,2,1,NA,3,3,2,2,2,3,3,1,1,3,2,2,3,2,4,2,2,1,2,2,4
"R_5BX4igHi0ITnQpX",1,45,5,3,2,1,NA,4,2,2,2,1,3,3,1,1,1,2,2,3,1,3,2,1,1,3,3,3
"R_ex5EM6GabvsqNN3",1,24,3,1,2,1,NA,1,2,1,2,1,3,3,1,1,4,2,1,2,2,3,2,1,1,2,1,1
"R_ex5EM6GabvsqNN3",1,24,3,1,2,1,NA,2,3,2,1,1,2,2,2,2,4,1,2,1,3,3,2,1,2,3,1,4
"R_ex5EM6GabvsqNN3",1,24,3,1,2,1,NA,3,2,2,2,2,3,3,1,1,4,2,1,2,1,1,3,2,2,1,1,1
"R_ex5EM6GabvsqNN3",1,24,3,1,2,1,NA,4,2,1,2,1,3,2,1,1,3,1,2,2,3,2,1,1,3,1,1,3
"R_2dXhApClErhbUlL",2,32,6,3,3,NA,1,1,2,2,2,2,3,3,1,1,4,2,1,2,1,4,2,2,1,3,2,1
"R_2dXhApClErhbUlL",2,32,6,3,3,NA,1,2,1,2,1,1,2,1,2,2,1,1,3,1,3,3,2,1,1,1,3,3
"R_2dXhApClErhbUlL",2,32,6,3,3,NA,1,3,2,1,2,2,2,3,1,1,4,1,2,1,1,4,3,1,7,3,1,2
"R_2dXhApClErhbUlL",2,32,6,3,3,NA,1,4,2,2,1,2,2,2,1,1,2,2,1,1,3,2,3,2,1,2,2,4
"R_bKreyHRkHoZczn3",1,26,4,5,1,1,NA,1,1,2,2,1,3,3,1,1,2,2,2,1,2,3,2,1,1,1,3,2
"R_bKreyHRkHoZczn3",1,26,4,5,1,1,NA,2,1,2,1,2,2,2,1,2,1,1,2,1,1,2,2,1,2,3,2,1
"R_bKreyHRkHoZczn3",1,26,4,5,1,1,NA,3,1,2,1,2,2,3,1,2,3,1,3,2,1,3,2,2,2,2,1,3
"R_bKreyHRkHoZczn3",1,26,4,5,1,1,NA,4,2,2,2,1,2,1,1,2,3,2,2,2,2,2,2,1,1,4,2,4
"R_3EDNeOwb2qKXWEl",1,25,5,1,2,1,NA,1,2,2,2,2,2,1,1,1,4,2,1,2,2,4,2,1,1,1,3,1
"R_3EDNeOwb2qKXWEl",1,25,5,1,2,1,NA,2,1,2,2,2,3,3,1,1,1,2,2,3,2,3,2,2,1,2,1,4
"R_3EDNeOwb2qKXWEl",1,25,5,1,2,1,NA,3,3,1,2,2,1,3,1,2,2,2,2,2,1,4,1,2,1,3,2,1
"R_3EDNeOwb2qKXWEl",1,25,5,1,2,1,NA,4,3,1,2,2,2,1,2,1,1,2,3,1,3,1,1,1,1,3,3,1
"R_1eVPFsdFLv3gRr2",1,26,3,3,1,0,NA,1,1,1,1,1,3,3,1,2,4,1,3,2,2,3,2,1,1,3,1,3
"R_1eVPFsdFLv3gRr2",1,26,3,3,1,0,NA,2,3,2,2,1,3,2,1,2,2,1,2,3,2,3,3,2,1,1,2,1
"R_1eVPFsdFLv3gRr2",1,26,3,3,1,0,NA,3,1,2,1,1,2,3,2,2,4,1,3,2,1,2,2,1,7,2,3,2
"R_1eVPFsdFLv3gRr2",1,26,3,3,1,0,NA,4,2,2,1,1,2,3,1,2,3,1,3,3,2,2,2,1,2,4,2,4
"R_3NxEFpiUXwNDbaU",2,29,3,2,1,1,NA,1,1,2,1,1,2,3,1,2,4,1,3,2,2,2,2,1,1,2,1,1
"R_3NxEFpiUXwNDbaU",2,29,3,2,1,1,NA,2,3,1,2,2,2,1,1,1,3,2,1,1,3,3,2,2,1,3,2,4
"R_3NxEFpiUXwNDbaU",2,29,3,2,1,1,NA,3,2,2,2,1,2,1,2,2,1,1,3,1,1,4,3,1,2,1,3,3
"R_3NxEFpiUXwNDbaU",2,29,3,2,1,1,NA,4,2,1,2,2,2,1,1,1,4,2,1,2,2,3,2,2,1,4,1,3
"R_12FT31BAtPMvS37",1,45,5,4,1,0,NA,1,1,1,2,1,3,2,1,2,1,1,3,2,2,3,2,1,2,4,1,1
"R_12FT31BAtPMvS37",1,45,5,4,1,0,NA,2,3,2,2,2,3,3,2,1,1,2,1,3,1,4,2,2,1,1,2,3
"R_12FT31BAtPMvS37",1,45,5,4,1,0,NA,3,1,1,1,2,2,1,2,1,4,1,3,2,2,2,3,1,1,1,3,3
"R_12FT31BAtPMvS37",1,45,5,4,1,0,NA,4,3,1,1,2,3,2,1,1,3,1,2,3,1,3,2,2,1,3,1,3
"R_O3UpvobC2Dwt7ah",2,23,5,1,1,1,NA,1,3,2,1,1,3,3,1,2,3,1,1,3,2,4,2,2,1,4,2,2
"R_O3UpvobC2Dwt7ah",2,23,5,1,1,1,NA,2,3,2,1,1,3,3,1,2,3,1,1,3,2,4,2,2,1,4,2,2
"R_O3UpvobC2Dwt7ah",2,23,5,1,1,1,NA,3,2,1,2,1,3,1,1,2,2,2,3,3,1,3,2,1,1,2,1,4
"R_O3UpvobC2Dwt7ah",2,23,5,1,1,1,NA,4,3,1,2,1,3,2,1,1,4,2,2,3,2,4,3,2,1,1,3,1
"R_sFjT8x6Hf2Rpx17",2,54,6,3,2,1,NA,1,2,1,1,1,2,2,1,2,3,1,3,1,3,3,2,1,1,2,2,2
"R_sFjT8x6Hf2Rpx17",2,54,6,3,2,1,NA,2,3,1,2,2,2,3,1,1,3,2,2,2,2,3,2,1,1,1,3,1
"R_sFjT8x6Hf2Rpx17",2,54,6,3,2,1,NA,3,2,1,1,1,2,2,1,2,3,1,3,1,3,3,2,1,1,2,1,2
"R_sFjT8x6Hf2Rpx17",2,54,6,3,2,1,NA,4,3,1,2,1,2,3,1,1,3,1,2,2,2,3,2,1,1,1,3,1
"R_3Dk0WLXrheenV4q",1,38,5,3,1,0,NA,1,2,2,2,2,2,1,1,1,1,2,1,1,1,3,2,2,1,3,2,3
"R_3Dk0WLXrheenV4q",1,38,5,3,1,0,NA,2,1,2,2,1,2,3,1,2,3,1,2,1,2,4,3,1,1,2,1,4
"R_3Dk0WLXrheenV4q",1,38,5,3,1,0,NA,3,1,2,2,2,3,1,1,1,3,2,1,2,2,2,2,1,1,4,2,3
"R_3Dk0WLXrheenV4q",1,38,5,3,1,0,NA,4,3,2,2,1,2,1,1,2,1,1,3,1,2,4,2,1,2,1,1,2
"R_ebKMSVedM4Uuqah",2,32,3,3,2,0,NA,1,3,2,2,2,3,3,1,1,3,2,1,3,1,3,2,2,1,1,2,3
"R_ebKMSVedM4Uuqah",2,32,3,3,2,0,NA,2,3,1,2,2,3,3,1,1,3,2,1,3,1,3,2,2,1,1,3,2
"R_ebKMSVedM4Uuqah",2,32,3,3,2,0,NA,3,1,1,2,2,2,2,2,2,2,2,2,2,3,3,2,1,1,4,1,1
"R_ebKMSVedM4Uuqah",2,32,3,3,2,0,NA,4,1,2,2,2,2,2,1,1,1,2,2,2,4,2,3,1,1,3,1,1
"R_OpzEMngOfA2a8BH",2,60,2,2,3,NA,1,1,2,2,2,2,3,2,1,2,3,2,1,3,2,4,2,1,1,4,1,3
"R_OpzEMngOfA2a8BH",2,60,2,2,3,NA,1,2,3,1,1,2,2,3,2,1,4,1,3,2,2,2,2,1,2,1,3,4
"R_OpzEMngOfA2a8BH",2,60,2,2,3,NA,1,3,2,1,1,2,2,1,1,1,1,1,3,1,2,1,2,1,1,2,2,3
"R_OpzEMngOfA2a8BH",2,60,2,2,3,NA,1,4,1,2,2,1,2,2,1,2,3,2,1,2,2,3,2,2,1,3,1,1
"R_0Hv2sBE9xjFRhjH",2,48,6,3,1,0,NA,1,3,2,1,1,3,3,1,2,4,1,3,2,2,3,2,2,1,1,3,1
"R_0Hv2sBE9xjFRhjH",2,48,6,3,1,0,NA,2,1,1,2,2,3,2,1,1,1,2,2,3,2,3,2,1,1,4,3,1
"R_0Hv2sBE9xjFRhjH",2,48,6,3,1,0,NA,3,3,1,2,2,3,3,1,1,4,2,2,2,2,3,2,2,1,4,3,1
"R_0Hv2sBE9xjFRhjH",2,48,6,3,1,0,NA,4,1,1,2,1,2,3,1,2,1,1,3,3,2,3,2,1,1,1,3,1
"R_1Gg2PeyCuFTfHhL",2,31,4,2,2,0,NA,1,1,2,2,2,2,2,1,1,1,2,1,1,1,4,2,2,1,2,3,4
"R_1Gg2PeyCuFTfHhL",2,31,4,2,2,0,NA,2,2,1,2,2,2,2,1,2,2,2,1,1,1,2,2,1,1,1,2,3
"R_1Gg2PeyCuFTfHhL",2,31,4,2,2,0,NA,3,2,1,2,1,3,2,1,2,2,1,3,2,2,1,1,1,1,4,3,2
"R_1Gg2PeyCuFTfHhL",2,31,4,2,2,0,NA,4,2,2,2,2,2,3,1,1,1,2,1,2,1,3,2,2,1,2,3,4
"R_9BmAuZqkZDzjBjH",2,27,2,1,2,1,NA,1,2,1,2,1,2,2,1,2,3,2,2,2,2,2,2,2,1,1,1,2
"R_9BmAuZqkZDzjBjH",2,27,2,1,2,1,NA,2,2,1,1,1,2,3,2,2,4,1,3,2,1,2,2,1,7,1,2,1
"R_9BmAuZqkZDzjBjH",2,27,2,1,2,1,NA,3,3,2,1,2,2,2,1,1,2,2,1,3,3,3,2,2,1,4,1,2
"R_9BmAuZqkZDzjBjH",2,27,2,1,2,1,NA,4,3,2,2,2,2,2,1,1,2,2,1,3,2,3,2,2,1,4,1,2
"R_2fvRsds8jb0WjWt",2,63,6,4,2,1,NA,1,2,2,2,2,3,1,1,1,3,2,1,3,2,2,2,2,1,4,3,3
"R_2fvRsds8jb0WjWt",2,63,6,4,2,1,NA,2,3,2,1,2,2,3,1,1,4,2,2,3,1,4,3,2,7,2,1,2
"R_2fvRsds8jb0WjWt",2,63,6,4,2,1,NA,3,3,1,2,2,2,3,1,1,2,2,2,2,3,3,2,2,2,3,2,4
"R_2fvRsds8jb0WjWt",2,63,6,4,2,1,NA,4,2,2,2,2,1,1,2,1,1,2,1,1,3,3,2,1,1,3,2,1
"R_293LZT0O3ME2hzM",2,40,5,5,2,0,NA,1,2,2,2,2,2,1,1,1,4,2,1,2,1,3,2,1,1,2,3,2
"R_293LZT0O3ME2hzM",2,40,5,5,2,0,NA,2,3,1,1,2,2,1,2,2,1,1,3,1,3,2,2,1,1,1,1,3
"R_293LZT0O3ME2hzM",2,40,5,5,2,0,NA,3,3,2,1,2,1,1,2,1,3,2,2,1,4,2,1,1,1,3,2,1
"R_293LZT0O3ME2hzM",2,40,5,5,2,0,NA,4,3,2,2,2,2,1,1,1,2,2,1,2,1,1,3,1,1,3,1,4
"R_2YxNzrxqVDV89FX",1,31,5,4,3,NA,0,1,2,2,2,2,2,2,1,1,1,2,1,3,1,3,2,2,1,4,1,4
"R_2YxNzrxqVDV89FX",1,31,5,4,3,NA,0,2,1,2,2,1,2,1,1,2,4,2,2,2,2,2,3,1,1,4,3,2
"R_2YxNzrxqVDV89FX",1,31,5,4,3,NA,0,3,1,1,2,1,2,1,1,2,4,1,3,2,4,2,2,1,2,1,1,2
"R_2YxNzrxqVDV89FX",1,31,5,4,3,NA,0,4,3,1,1,2,3,3,1,1,1,1,3,3,2,3,2,1,1,2,2,3
"R_51hqlnvwCjbVxkh",1,30,5,5,2,1,NA,1,3,2,1,1,2,2,1,2,2,1,3,2,1,3,2,1,1,3,2,4
"R_51hqlnvwCjbVxkh",1,30,5,5,2,1,NA,2,1,2,2,2,3,2,1,1,1,2,1,3,2,3,2,1,1,1,1,2
"R_51hqlnvwCjbVxkh",1,30,5,5,2,1,NA,3,1,2,2,2,2,2,1,1,4,2,1,3,1,1,2,2,1,4,2,3
"R_51hqlnvwCjbVxkh",1,30,5,5,2,1,NA,4,2,2,1,2,2,3,1,1,3,2,2,2,2,3,2,2,1,2,3,1
"R_2dnBZuuckqfnPou",2,66,2,2,1,0,NA,1,2,1,2,2,2,3,1,1,3,2,2,2,2,3,2,1,1,3,3,3
"R_2dnBZuuckqfnPou",2,66,2,2,1,0,NA,2,2,2,1,2,3,3,1,1,4,2,1,3,2,4,2,2,1,2,2,1
"R_2dnBZuuckqfnPou",2,66,2,2,1,0,NA,3,1,2,1,1,2,1,2,2,2,1,3,2,3,2,3,1,2,2,2,1
"R_2dnBZuuckqfnPou",2,66,2,2,1,0,NA,4,3,2,2,1,3,3,1,2,3,1,2,3,2,1,2,2,1,4,1,2
"R_CjAGXSaz8UZzkfD",2,53,4,5,1,0,NA,1,2,2,2,1,3,1,1,2,1,1,2,2,2,3,2,1,1,4,1,4
"R_CjAGXSaz8UZzkfD",2,53,4,5,1,0,NA,2,2,2,1,2,3,1,1,1,4,2,1,3,1,1,2,2,1,1,3,3
"R_CjAGXSaz8UZzkfD",2,53,4,5,1,0,NA,3,1,1,1,2,2,1,2,1,3,2,1,2,1,2,3,1,1,3,2,1
"R_CjAGXSaz8UZzkfD",2,53,4,5,1,0,NA,4,2,1,2,1,2,1,2,2,2,1,1,2,3,3,2,1,1,2,1,2
"R_R2ZRn1lRkqkcPXr",2,21,4,1,2,1,NA,1,1,1,1,1,3,2,1,2,4,1,2,3,2,3,2,1,1,3,2,3
"R_R2ZRn1lRkqkcPXr",2,21,4,1,2,1,NA,2,3,2,2,2,3,2,1,1,1,2,1,3,1,1,2,2,1,1,1,3
"R_R2ZRn1lRkqkcPXr",2,21,4,1,2,1,NA,3,2,1,1,2,3,1,1,1,2,1,1,2,1,1,2,1,1,2,1,4
"R_R2ZRn1lRkqkcPXr",2,21,4,1,2,1,NA,4,2,1,1,2,3,3,1,1,1,1,2,3,2,1,1,1,1,1,2,1
"R_ZriLBsrleZbnSJX",1,43,6,3,3,NA,-1,1,1,1,2,1,3,1,1,2,3,1,2,2,2,3,2,1,1,1,2,3
"R_ZriLBsrleZbnSJX",1,43,6,3,3,NA,-1,2,1,1,1,2,3,1,1,2,1,1,3,3,2,3,2,1,1,4,3,1
"R_ZriLBsrleZbnSJX",1,43,6,3,3,NA,-1,3,2,2,2,2,3,2,1,1,2,2,1,3,1,4,2,1,1,4,1,4
"R_ZriLBsrleZbnSJX",1,43,6,3,3,NA,-1,4,2,2,2,2,3,3,1,1,3,2,1,3,1,4,2,1,1,3,1,4
"R_2TpdWW6OEd9GXAA",2,27,3,2,2,1,NA,1,2,1,2,1,2,3,1,1,4,2,2,3,2,3,2,2,1,2,1,3
"R_2TpdWW6OEd9GXAA",2,27,3,2,2,1,NA,2,3,2,1,1,3,2,1,1,2,1,1,3,1,2,2,2,1,1,3,1
"R_2TpdWW6OEd9GXAA",2,27,3,2,2,1,NA,3,1,1,2,2,3,1,1,2,3,2,3,2,1,3,2,2,7,3,2,4
"R_2TpdWW6OEd9GXAA",2,27,3,2,2,1,NA,4,1,1,2,2,2,1,1,2,3,2,3,2,2,2,2,2,1,2,3,2
"R_Utq2g0rkOY5XyKJ",2,39,3,2,3,NA,-1,1,2,1,1,2,2,1,2,1,1,2,2,1,3,3,2,2,2,2,3,3
"R_Utq2g0rkOY5XyKJ",2,39,3,2,3,NA,-1,2,1,1,2,1,2,1,1,2,4,1,3,2,2,2,2,1,1,3,1,1
"R_Utq2g0rkOY5XyKJ",2,39,3,2,3,NA,-1,3,2,2,2,1,3,3,1,2,3,2,1,3,1,2,3,1,1,4,2,4
"R_Utq2g0rkOY5XyKJ",2,39,3,2,3,NA,-1,4,2,1,2,1,2,3,1,2,2,2,1,1,4,3,2,1,1,4,2,2
"R_2BlYaG7Kas6zBA6",2,43,4,5,2,0,NA,1,1,2,1,2,3,3,1,1,4,2,2,1,2,3,2,1,1,2,3,1
"R_2BlYaG7Kas6zBA6",2,43,4,5,2,0,NA,2,3,1,1,1,2,2,1,2,3,1,3,1,1,2,2,2,1,3,1,2
"R_2BlYaG7Kas6zBA6",2,43,4,5,2,0,NA,3,3,2,2,2,2,3,1,1,1,2,1,1,2,3,2,2,1,2,1,4
"R_2BlYaG7Kas6zBA6",2,43,4,5,2,0,NA,4,2,2,1,1,2,3,2,2,2,1,3,1,1,1,2,1,7,4,2,3
"R_4P05KRDDDrEVzCt",1,39,5,4,1,0,NA,1,2,1,2,2,3,2,1,1,3,2,1,2,2,3,2,1,1,4,2,3
"R_4P05KRDDDrEVzCt",1,39,5,4,1,0,NA,2,2,2,1,1,2,3,2,2,2,1,3,2,1,4,2,1,2,2,2,4
"R_4P05KRDDDrEVzCt",1,39,5,4,1,0,NA,3,3,1,1,2,2,1,1,1,2,2,1,2,3,3,3,2,1,3,1,2
"R_4P05KRDDDrEVzCt",1,39,5,4,1,0,NA,4,1,1,2,1,2,2,2,2,4,1,2,1,2,2,2,1,1,2,1,1
"R_3UAjVntUvKcuVQ5",1,27,3,2,2,0,NA,1,3,1,1,1,3,3,1,2,1,1,2,3,2,3,2,1,1,1,3,3
"R_3UAjVntUvKcuVQ5",1,27,3,2,2,0,NA,2,3,2,1,2,3,1,1,1,4,2,2,3,2,4,2,2,1,2,2,2
"R_3UAjVntUvKcuVQ5",1,27,3,2,2,0,NA,3,1,1,2,2,3,3,1,1,4,2,2,3,2,3,2,1,1,4,3,4
"R_3UAjVntUvKcuVQ5",1,27,3,2,2,0,NA,4,3,1,2,2,3,1,1,1,4,2,1,3,2,3,2,1,1,1,1,3
"R_3MApnFhDdL14pL4",2,32,4,4,3,NA,-1,1,2,1,2,2,3,2,1,1,2,2,1,3,2,3,2,1,1,1,2,3
"R_3MApnFhDdL14pL4",2,32,4,4,3,NA,-1,2,3,2,2,2,2,3,1,1,3,2,2,2,1,4,3,2,1,1,3,2
"R_3MApnFhDdL14pL4",2,32,4,4,3,NA,-1,3,2,2,1,1,3,3,2,2,4,1,3,2,2,2,2,1,1,3,1,1
"R_3MApnFhDdL14pL4",2,32,4,4,3,NA,-1,4,1,2,2,1,2,1,1,2,3,1,3,3,1,2,2,2,7,1,2,3
"R_27Tk6556s77RLM3",1,31,1,2,3,NA,1,1,1,2,1,2,2,3,1,1,1,2,2,3,2,3,2,1,1,2,2,2
"R_27Tk6556s77RLM3",1,31,1,2,3,NA,1,2,2,1,1,2,3,1,2,2,2,1,3,1,2,1,3,1,1,1,3,4
"R_27Tk6556s77RLM3",1,31,1,2,3,NA,1,3,1,1,1,1,2,3,2,2,1,1,3,3,2,2,1,1,7,3,3,3
"R_27Tk6556s77RLM3",1,31,1,2,3,NA,1,4,1,1,1,2,2,2,1,2,3,1,2,2,2,1,1,1,1,4,3,2
"R_1fj9VqJm9FjuDa0",1,33,5,4,2,1,NA,1,1,2,1,2,3,3,1,1,1,2,1,2,1,4,2,1,7,4,3,2
"R_1fj9VqJm9FjuDa0",1,33,5,4,2,1,NA,2,2,2,1,2,3,3,1,1,3,2,1,3,2,3,2,2,1,1,2,1
"R_1fj9VqJm9FjuDa0",1,33,5,4,2,1,NA,3,2,1,2,2,3,2,1,1,3,2,1,3,1,3,2,1,1,3,1,1
"R_1fj9VqJm9FjuDa0",1,33,5,4,2,1,NA,4,3,2,2,1,2,3,1,2,2,2,2,2,4,2,3,1,1,4,2,2
"R_1BXD6v5iF33h0EE",2,30,3,2,1,1,NA,1,2,1,2,2,2,2,1,1,3,2,1,1,1,3,2,2,1,3,2,1
"R_1BXD6v5iF33h0EE",2,30,3,2,1,1,NA,2,3,2,2,2,1,1,1,1,2,2,1,1,1,3,2,2,1,1,1,4
"R_1BXD6v5iF33h0EE",2,30,3,2,1,1,NA,3,2,2,1,1,2,2,2,2,1,1,3,1,4,1,1,1,1,4,3,2
"R_1BXD6v5iF33h0EE",2,30,3,2,1,1,NA,4,2,2,1,1,2,1,2,2,1,1,3,1,4,1,1,1,1,1,3,2
"R_0OFIodgxj3Ue8OB",2,34,6,2,3,NA,-1,1,3,1,2,1,3,3,1,2,3,2,2,2,2,2,2,2,1,1,3,3
"R_0OFIodgxj3Ue8OB",2,34,6,2,3,NA,-1,2,3,1,2,1,3,3,1,2,4,2,2,2,2,2,2,2,1,1,2,3
"R_0OFIodgxj3Ue8OB",2,34,6,2,3,NA,-1,3,3,1,2,1,3,2,1,2,1,2,1,3,2,3,2,2,1,4,1,2
"R_0OFIodgxj3Ue8OB",2,34,6,2,3,NA,-1,4,1,1,2,1,3,2,1,1,3,1,2,3,1,3,2,1,1,3,3,4
"R_1ILToHjz2Iawq9t",1,23,5,1,1,0,NA,1,3,1,1,2,3,3,1,2,3,1,2,2,1,4,2,2,1,4,1,1
"R_1ILToHjz2Iawq9t",1,23,5,1,1,0,NA,2,2,1,1,2,3,2,2,2,4,1,3,1,3,2,2,1,2,1,2,3
"R_1ILToHjz2Iawq9t",1,23,5,1,1,0,NA,3,2,1,1,1,3,2,1,2,2,1,3,2,2,2,2,2,1,1,3,2
"R_1ILToHjz2Iawq9t",1,23,5,1,1,0,NA,4,3,2,2,1,2,3,1,1,1,2,1,3,1,4,2,2,1,2,3,4
"R_BsUQVvRnrc1JPtn",1,32,3,1,2,0,NA,1,1,1,2,2,2,3,1,2,1,2,2,2,2,2,2,2,7,1,1,2
"R_BsUQVvRnrc1JPtn",1,32,3,1,2,0,NA,2,1,1,1,1,2,3,2,2,4,1,3,2,2,1,2,1,1,1,3,1
"R_BsUQVvRnrc1JPtn",1,32,3,1,2,0,NA,3,1,2,1,1,2,2,1,1,3,1,3,2,3,3,3,1,1,3,1,3
"R_BsUQVvRnrc1JPtn",1,32,3,1,2,0,NA,4,2,2,2,2,2,2,1,1,1,2,2,2,1,3,1,1,1,2,1,2
"R_3iUOtErUiqgeAgo",2,49,4,2,2,0,NA,1,2,1,2,1,3,1,1,2,3,2,1,2,2,3,2,1,1,1,1,3
"R_3iUOtErUiqgeAgo",2,49,4,2,2,0,NA,2,3,1,2,2,2,2,1,2,3,2,1,3,2,3,2,2,1,2,3,4
"R_3iUOtErUiqgeAgo",2,49,4,2,2,0,NA,3,2,1,1,1,2,1,1,1,3,1,2,2,1,2,2,2,1,2,3,1
"R_3iUOtErUiqgeAgo",2,49,4,2,2,0,NA,4,3,2,1,1,2,1,1,1,4,1,2,1,1,4,2,2,1,3,1,1
"R_3iwlYK7MXm96X9M",1,30,4,3,4,NA,0,1,1,1,1,1,2,2,1,2,1,1,3,3,2,3,2,1,1,4,1,3
"R_3iwlYK7MXm96X9M",1,30,4,3,4,NA,0,2,3,2,1,1,2,3,1,2,2,1,3,3,2,4,2,2,1,1,2,3
"R_3iwlYK7MXm96X9M",1,30,4,3,4,NA,0,3,2,1,1,1,2,1,2,2,2,1,3,3,2,2,2,2,1,3,2,1
"R_3iwlYK7MXm96X9M",1,30,4,3,4,NA,0,4,1,2,2,2,2,1,1,1,2,2,1,3,2,3,2,2,1,3,3,4
"R_3WNB11f5yiW6jsN",1,31,3,2,2,1,NA,1,1,1,1,1,3,3,1,2,3,1,3,2,2,3,2,1,1,3,2,4
"R_3WNB11f5yiW6jsN",1,31,3,2,2,1,NA,2,3,2,1,2,3,2,1,1,1,1,2,3,1,4,2,1,1,1,2,1
"R_3WNB11f5yiW6jsN",1,31,3,2,2,1,NA,3,3,2,2,1,3,3,1,2,3,2,2,2,1,3,2,2,1,4,3,3
"R_3WNB11f5yiW6jsN",1,31,3,2,2,1,NA,4,2,1,2,2,3,2,1,2,3,2,1,2,1,4,2,2,1,1,1,1
"R_6X6nd1hSzQ96fD3",2,27,5,2,2,1,NA,1,2,1,1,2,2,3,2,1,1,2,2,1,1,3,2,1,1,4,2,3
"R_6X6nd1hSzQ96fD3",2,27,5,2,2,1,NA,2,1,2,1,1,3,3,1,2,4,1,3,2,2,3,2,1,1,3,3,2
"R_6X6nd1hSzQ96fD3",2,27,5,2,2,1,NA,3,1,2,1,2,2,2,1,1,3,2,1,2,1,3,2,1,1,4,2,4
"R_6X6nd1hSzQ96fD3",2,27,5,2,2,1,NA,4,1,2,1,1,2,3,2,2,3,1,2,2,2,2,2,1,1,2,1,1
"R_2c7vHwJPh8Febm8",1,31,4,3,3,NA,1,1,1,1,1,1,2,3,2,1,3,1,1,1,2,1,1,1,1,2,1,2
"R_2c7vHwJPh8Febm8",1,31,4,3,3,NA,1,2,3,1,2,1,2,1,1,1,1,2,1,1,4,3,3,1,1,3,1,1
"R_2c7vHwJPh8Febm8",1,31,4,3,3,NA,1,3,3,2,2,2,2,1,1,2,4,2,2,2,4,1,1,1,1,3,1,1
"R_2c7vHwJPh8Febm8",1,31,4,3,3,NA,1,4,2,2,2,2,3,1,2,2,1,2,3,1,2,1,1,1,3,1,3,2
"R_8x2JeVxlENcOI4p",2,57,4,1,3,NA,1,1,1,1,2,2,3,3,1,1,3,2,2,2,2,3,2,2,1,3,1,3
"R_8x2JeVxlENcOI4p",2,57,4,1,3,NA,1,2,3,1,2,1,3,3,1,2,2,2,3,2,2,4,2,2,1,1,3,2
"R_8x2JeVxlENcOI4p",2,57,4,1,3,NA,1,3,2,1,1,2,3,3,1,2,1,1,3,2,4,2,3,1,1,4,2,4
"R_8x2JeVxlENcOI4p",2,57,4,1,3,NA,1,4,1,2,2,1,3,2,1,1,3,2,1,2,3,3,2,2,2,1,3,3
"R_1j70rXYVx4uZneK",1,55,4,1,2,1,NA,1,1,2,2,1,3,1,1,1,2,2,2,2,2,3,2,1,1,4,3,4
"R_1j70rXYVx4uZneK",1,55,4,1,2,1,NA,2,1,1,1,1,2,1,2,2,4,1,3,1,3,2,2,2,1,1,1,1
"R_1j70rXYVx4uZneK",1,55,4,1,2,1,NA,3,2,2,1,1,2,3,1,2,4,1,2,2,1,3,2,2,1,1,2,3
"R_1j70rXYVx4uZneK",1,55,4,1,2,1,NA,4,3,2,1,1,2,2,1,1,4,1,2,1,1,4,3,2,1,3,1,2
"R_29Ji83yBzkE8pRX",2,25,6,2,2,1,NA,1,1,2,1,2,2,3,1,1,2,1,2,2,2,3,2,1,2,1,1,1
"R_29Ji83yBzkE8pRX",2,25,6,2,2,1,NA,2,3,2,1,2,1,2,1,1,2,1,3,3,1,4,3,2,1,3,1,1
"R_29Ji83yBzkE8pRX",2,25,6,2,2,1,NA,3,2,1,2,2,1,3,1,2,3,2,1,3,1,2,1,2,1,4,3,3
"R_29Ji83yBzkE8pRX",2,25,6,2,2,1,NA,4,1,1,2,2,1,3,1,2,4,2,2,2,2,3,1,1,1,2,1,3
"R_1qeonrwQuxU9ZqB",1,62,3,3,3,NA,0,1,3,2,1,2,2,2,1,1,3,1,2,3,1,1,1,1,2,2,2,3
"R_1qeonrwQuxU9ZqB",1,62,3,3,3,NA,0,2,3,2,1,2,2,3,2,2,1,2,1,2,1,3,2,2,1,1,1,1
"R_1qeonrwQuxU9ZqB",1,62,3,3,3,NA,0,3,2,1,1,2,2,3,1,1,2,1,3,1,3,2,2,2,7,2,3,2
"R_1qeonrwQuxU9ZqB",1,62,3,3,3,NA,0,4,2,2,1,2,2,1,1,2,1,1,1,1,1,2,3,1,1,3,2,4
"R_3HObcXm26yWMr3Z",1,27,4,1,1,0,NA,1,2,2,2,2,3,3,1,1,2,2,1,3,2,4,2,2,1,2,2,3
"R_3HObcXm26yWMr3Z",1,27,4,1,1,0,NA,2,3,2,1,2,3,2,1,2,4,1,1,2,1,2,2,1,1,3,1,2
"R_3HObcXm26yWMr3Z",1,27,4,1,1,0,NA,3,3,1,1,2,2,1,1,1,4,2,1,2,1,2,1,2,1,3,1,2
"R_3HObcXm26yWMr3Z",1,27,4,1,1,0,NA,4,1,2,1,2,3,2,1,1,3,2,2,3,2,3,2,1,1,3,1,4
"R_3ozISJKpmlAoWGO",2,53,5,1,2,1,NA,1,2,1,2,1,2,1,1,1,3,2,2,2,2,4,2,1,1,4,2,4
"R_3ozISJKpmlAoWGO",2,53,5,1,2,1,NA,2,3,2,2,2,2,1,1,1,2,2,1,2,1,4,3,2,1,2,2,2
"R_3ozISJKpmlAoWGO",2,53,5,1,2,1,NA,3,3,2,1,1,2,1,2,2,1,1,2,2,2,2,1,1,1,1,1,3
"R_3ozISJKpmlAoWGO",2,53,5,1,2,1,NA,4,2,2,2,2,2,1,1,1,2,2,1,2,1,4,3,1,1,3,1,1
"R_3Rl3WDRNqr4tX6x",2,36,5,1,4,NA,-1,1,2,2,2,2,2,2,1,1,3,2,1,3,1,3,2,1,1,4,2,2
"R_3Rl3WDRNqr4tX6x",2,36,5,1,4,NA,-1,2,3,1,2,2,2,3,1,1,4,2,2,2,2,2,2,2,1,1,3,3
"R_3Rl3WDRNqr4tX6x",2,36,5,1,4,NA,-1,3,2,2,2,1,2,1,1,2,2,2,2,1,2,1,3,1,1,3,1,4
"R_3Rl3WDRNqr4tX6x",2,36,5,1,4,NA,-1,4,1,2,2,1,2,1,1,1,4,2,2,1,4,1,3,1,1,2,3,2
"R_2TzzEajCF0iZfJ8",1,23,5,1,2,1,NA,1,1,2,2,2,2,1,1,1,4,2,1,1,1,3,2,1,1,4,1,2
"R_2TzzEajCF0iZfJ8",1,23,5,1,2,1,NA,2,3,1,1,1,2,3,1,2,4,1,2,1,2,3,2,1,1,2,2,3
"R_2TzzEajCF0iZfJ8",1,23,5,1,2,1,NA,3,2,2,2,2,2,1,1,1,2,2,1,1,1,3,2,1,1,1,2,3
"R_2TzzEajCF0iZfJ8",1,23,5,1,2,1,NA,4,1,2,2,2,2,1,1,1,2,2,1,1,1,3,2,1,1,3,1,3
"R_27r0WH4GPZAYABV",1,29,6,4,1,0,NA,1,2,2,1,2,3,3,1,1,3,2,2,2,2,3,2,1,1,4,3,1
"R_27r0WH4GPZAYABV",1,29,6,4,1,0,NA,2,2,2,1,1,3,3,1,2,1,1,3,3,2,3,2,1,1,3,2,4
"R_27r0WH4GPZAYABV",1,29,6,4,1,0,NA,3,2,1,1,2,3,3,1,2,4,1,2,2,2,3,2,1,1,2,2,2
"R_27r0WH4GPZAYABV",1,29,6,4,1,0,NA,4,3,2,1,1,2,3,1,1,4,1,3,2,1,3,2,2,1,1,3,1
"R_3DdQxmGmyvBuKZ3",1,31,5,4,2,1,NA,1,3,2,2,2,2,2,1,1,1,1,2,2,3,3,2,1,1,3,1,2
"R_3DdQxmGmyvBuKZ3",1,31,5,4,2,1,NA,2,3,2,2,2,3,2,1,2,3,2,2,3,4,2,3,1,7,2,3,4
"R_3DdQxmGmyvBuKZ3",1,31,5,4,2,1,NA,3,3,1,1,2,3,1,2,1,4,1,1,1,3,3,2,2,2,1,1,3
"R_3DdQxmGmyvBuKZ3",1,31,5,4,2,1,NA,4,3,2,1,2,3,1,2,2,3,1,1,1,2,2,3,1,3,2,1,3
"R_XZI0uyphmGG7waZ",2,54,3,1,2,1,NA,1,2,1,1,1,3,2,1,2,4,2,1,2,2,2,2,1,1,4,1,1
"R_XZI0uyphmGG7waZ",2,54,3,1,2,1,NA,2,2,1,2,2,3,3,1,1,1,1,1,3,1,4,2,1,1,3,2,2
"R_XZI0uyphmGG7waZ",2,54,3,1,2,1,NA,3,2,1,1,1,2,1,1,2,2,2,2,2,2,3,2,2,1,2,3,4
"R_XZI0uyphmGG7waZ",2,54,3,1,2,1,NA,4,2,1,2,1,2,1,1,2,3,1,2,3,2,3,2,1,1,1,1,3
"R_3RgslaHCju7ucLs",2,28,3,5,1,1,NA,1,2,1,2,1,3,1,1,2,3,1,2,2,2,4,2,1,2,4,3,1
"R_3RgslaHCju7ucLs",2,28,3,5,1,1,NA,2,1,2,1,1,2,2,1,1,1,1,3,2,1,1,1,1,1,1,1,3
"R_3RgslaHCju7ucLs",2,28,3,5,1,1,NA,3,2,2,2,2,2,3,1,1,2,2,1,3,2,4,2,2,1,1,3,1
"R_3RgslaHCju7ucLs",2,28,3,5,1,1,NA,4,1,2,2,2,3,3,1,1,2,2,2,3,2,4,2,2,1,2,3,1
"R_1CBKmN0ZHBfUcuZ",2,22,4,5,2,0,NA,1,2,2,1,2,3,1,1,1,3,1,2,2,1,3,2,2,1,4,1,1
"R_1CBKmN0ZHBfUcuZ",2,22,4,5,2,0,NA,2,3,1,1,1,3,2,1,2,1,1,3,2,2,3,2,2,1,4,2,2
"R_1CBKmN0ZHBfUcuZ",2,22,4,5,2,0,NA,3,2,1,2,2,3,2,1,1,2,2,2,3,2,4,2,1,1,1,3,2
"R_1CBKmN0ZHBfUcuZ",2,22,4,5,2,0,NA,4,1,1,1,2,2,1,1,1,3,1,2,2,1,3,2,1,1,2,3,4
"R_2tD5Ybsnh88TJ7D",2,25,5,6,2,1,NA,1,3,2,1,1,2,3,1,1,2,1,2,2,1,3,2,1,1,1,2,3
"R_2tD5Ybsnh88TJ7D",2,25,5,6,2,1,NA,2,1,1,1,2,2,3,2,1,1,1,2,2,2,4,2,1,1,2,3,3
"R_2tD5Ybsnh88TJ7D",2,25,5,6,2,1,NA,3,3,2,1,2,2,3,1,1,2,2,1,2,4,3,2,2,1,4,2,2
"R_2tD5Ybsnh88TJ7D",2,25,5,6,2,1,NA,4,2,2,1,1,2,2,1,2,4,1,2,2,2,3,2,1,3,1,1,1
"R_3GE2q69Pe5OAqPk",2,23,3,2,3,NA,1,1,1,1,1,1,3,2,1,2,2,1,3,2,2,3,2,1,1,4,1,3
"R_3GE2q69Pe5OAqPk",2,23,3,2,3,NA,1,2,2,1,2,2,3,3,1,1,4,2,1,2,2,4,2,2,2,2,2,4
"R_3GE2q69Pe5OAqPk",2,23,3,2,3,NA,1,3,1,1,2,1,2,3,1,2,1,1,2,1,1,2,2,1,3,3,3,2
"R_3GE2q69Pe5OAqPk",2,23,3,2,3,NA,1,4,3,1,2,1,2,2,1,2,2,1,1,2,2,4,2,2,1,1,1,1
"R_1Cp9Tjxlnd6z7ls",2,37,5,3,3,NA,-1,1,1,2,1,1,2,2,1,2,4,1,3,1,2,2,2,1,1,2,2,1
"R_1Cp9Tjxlnd6z7ls",2,37,5,3,3,NA,-1,2,3,1,2,1,3,2,1,1,3,1,2,2,2,4,2,2,1,1,1,4
"R_1Cp9Tjxlnd6z7ls",2,37,5,3,3,NA,-1,3,1,2,1,1,2,1,2,2,3,1,3,1,2,3,1,1,7,3,3,3
"R_1Cp9Tjxlnd6z7ls",2,37,5,3,3,NA,-1,4,2,2,2,2,2,1,1,1,2,2,1,1,2,2,2,1,1,4,2,1
"R_0DMGRJXIGzfu5BD",2,59,4,5,1,1,NA,1,3,2,1,1,2,3,1,2,1,1,2,2,3,2,2,1,1,1,3,2
"R_0DMGRJXIGzfu5BD",2,59,4,5,1,1,NA,2,1,1,2,2,2,2,1,1,2,2,2,1,1,2,2,2,1,4,1,3
"R_0DMGRJXIGzfu5BD",2,59,4,5,1,1,NA,3,3,2,2,1,2,3,1,1,4,2,2,2,2,2,2,2,1,3,1,3
"R_0DMGRJXIGzfu5BD",2,59,4,5,1,1,NA,4,2,2,2,2,2,2,1,1,3,2,1,1,1,2,2,2,1,4,1,3
"R_2DXO4iy0Oig36GB",2,48,3,5,3,NA,-1,1,3,2,1,2,3,3,1,1,3,1,2,2,2,3,2,2,1,3,2,3
"R_2DXO4iy0Oig36GB",2,48,3,5,3,NA,-1,2,3,2,1,2,3,3,1,1,3,2,2,2,2,3,2,2,1,3,2,3
"R_2DXO4iy0Oig36GB",2,48,3,5,3,NA,-1,3,2,1,1,2,2,2,2,2,4,2,3,3,1,2,2,1,2,1,1,2
"R_2DXO4iy0Oig36GB",2,48,3,5,3,NA,-1,4,2,1,2,2,2,2,1,1,1,2,1,3,2,4,2,1,1,2,3,1
"R_3kjWYu8ZGcR3xS1",2,54,5,2,2,1,NA,1,2,1,2,2,3,3,1,1,4,2,1,3,2,3,2,1,1,4,1,2
"R_3kjWYu8ZGcR3xS1",2,54,5,2,2,1,NA,2,2,2,2,2,2,1,1,1,2,2,2,2,1,3,3,2,1,1,2,3
"R_3kjWYu8ZGcR3xS1",2,54,5,2,2,1,NA,3,3,2,1,1,2,2,1,2,3,1,3,2,1,4,2,1,1,3,3,1
"R_3kjWYu8ZGcR3xS1",2,54,5,2,2,1,NA,4,2,1,2,2,3,3,1,1,4,2,1,3,2,3,2,1,1,2,1,4
"R_sYUMotYqqYwkCKR",1,30,5,2,3,NA,-1,1,1,1,1,2,2,3,1,2,4,1,2,2,1,1,2,1,3,4,2,2
"R_sYUMotYqqYwkCKR",1,30,5,2,3,NA,-1,2,1,1,1,1,2,3,1,2,2,1,3,2,2,3,2,1,1,4,3,1
"R_sYUMotYqqYwkCKR",1,30,5,2,3,NA,-1,3,2,2,1,1,2,2,1,2,1,1,2,2,1,1,1,1,1,3,3,3
"R_sYUMotYqqYwkCKR",1,30,5,2,3,NA,-1,4,2,2,2,2,2,2,1,1,3,2,1,2,4,3,2,2,1,2,1,1
"R_pQaGbIDirGGEPjb",2,35,4,2,2,1,NA,1,1,2,1,2,3,3,2,1,3,2,2,2,1,3,3,2,1,2,2,1
"R_pQaGbIDirGGEPjb",2,35,4,2,2,1,NA,2,1,1,2,2,3,2,2,1,1,1,1,2,1,4,2,2,2,3,3,1
"R_pQaGbIDirGGEPjb",2,35,4,2,2,1,NA,3,1,2,1,1,3,3,2,2,4,1,2,1,3,3,1,1,7,1,2,2
"R_pQaGbIDirGGEPjb",2,35,4,2,2,1,NA,4,1,2,1,2,2,1,2,1,4,2,3,2,2,3,1,2,3,2,1,3
"R_22P9I0RIcly0mh7",2,31,5,1,2,0,NA,1,2,2,1,2,3,2,1,1,3,2,2,2,2,3,2,2,1,3,1,3
"R_22P9I0RIcly0mh7",2,31,5,1,2,0,NA,2,3,1,2,2,2,2,1,1,1,2,2,3,2,4,2,1,1,2,3,4
"R_22P9I0RIcly0mh7",2,31,5,1,2,0,NA,3,2,2,2,1,2,1,1,1,2,2,2,1,2,3,3,1,1,3,1,1
"R_22P9I0RIcly0mh7",2,31,5,1,2,0,NA,4,3,2,2,2,2,3,1,1,3,2,1,3,2,4,3,1,1,1,3,1
"R_3KBgokNbiYlbW1c",1,26,5,1,3,NA,-1,1,1,1,2,1,3,3,1,2,1,1,2,2,2,4,2,1,2,2,2,2
"R_3KBgokNbiYlbW1c",1,26,5,1,3,NA,-1,2,1,1,1,1,3,3,2,2,3,1,3,2,2,3,2,1,1,3,3,1
"R_3KBgokNbiYlbW1c",1,26,5,1,3,NA,-1,3,1,1,1,1,3,3,2,2,3,1,3,2,2,3,2,1,1,4,3,1
"R_3KBgokNbiYlbW1c",1,26,5,1,3,NA,-1,4,2,2,2,1,2,2,1,2,2,2,2,3,1,2,1,1,1,1,1,4
"R_3fxzifjaqiV2agk",2,29,6,7,2,0,NA,1,3,2,2,1,3,3,1,1,2,1,3,2,2,4,2,2,1,1,1,4
"R_3fxzifjaqiV2agk",2,29,6,7,2,0,NA,2,2,1,2,2,2,1,2,2,1,2,3,2,3,3,2,1,1,4,2,3
"R_3fxzifjaqiV2agk",2,29,6,7,2,0,NA,3,2,1,1,2,3,3,1,1,2,1,3,2,1,1,2,1,1,3,3,2
"R_3fxzifjaqiV2agk",2,29,6,7,2,0,NA,4,2,1,2,2,3,2,1,1,4,2,3,2,2,2,2,2,1,2,2,2
"R_2EouF369S4AcNcX",2,61,4,4,2,1,NA,1,2,2,1,2,3,3,1,1,3,2,2,2,2,4,2,1,1,1,2,1
"R_2EouF369S4AcNcX",2,61,4,4,2,1,NA,2,2,2,2,1,2,1,1,1,1,2,2,1,1,1,1,1,1,4,2,3
"R_2EouF369S4AcNcX",2,61,4,4,2,1,NA,3,3,1,2,2,3,2,1,1,1,2,1,2,2,4,2,2,1,3,1,4
"R_2EouF369S4AcNcX",2,61,4,4,2,1,NA,4,3,2,1,2,3,3,1,1,3,2,1,2,2,4,2,1,1,1,1,1
"R_1JQqsH4ZmrZJjNK",2,56,6,4,2,1,NA,1,1,2,2,2,2,1,1,1,1,2,1,2,1,3,2,1,1,1,3,1
"R_1JQqsH4ZmrZJjNK",2,56,6,4,2,1,NA,2,1,1,2,2,2,1,1,1,4,2,1,1,4,3,2,2,1,4,1,4
"R_1JQqsH4ZmrZJjNK",2,56,6,4,2,1,NA,3,2,1,1,1,2,1,2,2,2,1,3,1,3,4,2,1,2,3,3,2
"R_1JQqsH4ZmrZJjNK",2,56,6,4,2,1,NA,4,3,1,2,2,2,3,1,1,1,2,1,2,2,4,2,2,1,2,1,3
"R_1ODXblW64SDehUH",2,38,6,2,2,1,NA,1,1,1,2,2,2,1,1,1,2,2,1,1,1,3,2,1,1,4,2,4
"R_1ODXblW64SDehUH",2,38,6,2,2,1,NA,2,2,2,1,2,2,2,1,1,3,1,3,2,2,2,3,2,1,1,3,1
"R_1ODXblW64SDehUH",2,38,6,2,2,1,NA,3,1,1,1,1,3,1,2,2,4,1,2,1,3,4,2,2,7,2,1,2
"R_1ODXblW64SDehUH",2,38,6,2,2,1,NA,4,1,1,2,1,1,3,2,2,1,2,3,1,4,1,3,1,3,1,2,4
"R_2D5ivJmxtm6w1Bv",2,49,4,2,3,NA,-1,1,1,1,2,1,3,1,1,1,3,2,3,2,2,3,2,1,1,4,3,1
"R_2D5ivJmxtm6w1Bv",2,49,4,2,3,NA,-1,2,1,2,2,2,3,1,1,2,3,2,1,2,2,3,2,1,1,1,1,1
"R_2D5ivJmxtm6w1Bv",2,49,4,2,3,NA,-1,3,2,2,1,2,3,1,1,2,3,2,1,2,2,3,2,1,1,2,1,1
"R_2D5ivJmxtm6w1Bv",2,49,4,2,3,NA,-1,4,1,2,2,2,3,1,1,2,3,2,1,2,2,3,2,1,1,3,1,1
"R_3nNQK3CVfsGgX3Z",1,36,6,3,2,1,NA,1,3,2,1,2,2,1,1,1,4,2,1,3,1,4,2,1,1,4,3,1
"R_3nNQK3CVfsGgX3Z",1,36,6,3,2,1,NA,2,1,2,2,2,2,3,1,1,4,2,1,3,2,3,2,1,1,2,1,3
"R_3nNQK3CVfsGgX3Z",1,36,6,3,2,1,NA,3,3,2,1,2,2,3,1,1,2,2,1,3,1,2,2,1,1,2,3,4
"R_3nNQK3CVfsGgX3Z",1,36,6,3,2,1,NA,4,3,1,2,2,2,2,1,1,1,2,1,3,2,3,2,1,1,2,3,2
"R_2WCOdSWpVK2eKqM",2,34,5,2,2,0,NA,1,2,1,2,1,2,3,1,2,2,1,2,2,1,3,2,1,1,2,3,3
"R_2WCOdSWpVK2eKqM",2,34,5,2,2,0,NA,2,1,1,2,2,2,2,1,1,4,2,1,3,2,3,2,2,1,4,2,4
"R_2WCOdSWpVK2eKqM",2,34,5,2,2,0,NA,3,1,2,2,1,2,1,1,2,3,1,2,1,4,2,2,1,1,1,1,1
"R_2WCOdSWpVK2eKqM",2,34,5,2,2,0,NA,4,1,2,1,2,2,3,2,1,2,2,2,2,3,2,2,1,1,1,1,2
"R_2tusZ4glGJqRuhM",2,35,2,5,3,NA,-1,1,3,1,2,1,3,3,1,2,3,2,2,2,2,4,2,2,1,4,3,2
"R_2tusZ4glGJqRuhM",2,35,2,5,3,NA,-1,2,2,1,2,1,2,2,1,2,1,2,2,2,1,3,2,1,1,1,1,1
"R_2tusZ4glGJqRuhM",2,35,2,5,3,NA,-1,3,1,1,2,2,3,1,1,1,2,2,2,2,1,4,2,2,1,2,1,4
"R_2tusZ4glGJqRuhM",2,35,2,5,3,NA,-1,4,1,1,1,1,3,1,2,2,3,1,3,2,2,3,2,1,1,1,2,2
"R_7P36ekt8h6TD2Qt",2,31,5,1,3,NA,0,1,1,2,2,2,3,2,1,1,1,2,1,3,1,3,2,1,1,1,3,2
"R_7P36ekt8h6TD2Qt",2,31,5,1,3,NA,0,2,2,2,2,2,3,3,1,1,3,2,1,3,1,3,2,1,1,1,3,4
"R_7P36ekt8h6TD2Qt",2,31,5,1,3,NA,0,3,1,1,1,2,3,3,1,1,3,2,2,3,1,2,2,1,1,3,1,4
"R_7P36ekt8h6TD2Qt",2,31,5,1,3,NA,0,4,3,1,2,1,3,2,1,2,4,1,2,3,2,2,2,2,1,4,3,1
"R_abDav4XEC8f84tb",2,32,5,3,3,NA,-1,1,1,2,1,1,3,2,1,1,2,1,3,2,2,3,2,1,1,1,1,2
"R_abDav4XEC8f84tb",2,32,5,3,3,NA,-1,2,3,2,2,1,3,3,2,1,1,2,2,3,2,4,2,1,1,1,3,3
"R_abDav4XEC8f84tb",2,32,5,3,3,NA,-1,3,2,2,2,1,3,1,1,1,2,2,1,3,1,3,2,2,7,1,2,4
"R_abDav4XEC8f84tb",2,32,5,3,3,NA,-1,4,1,1,2,2,3,3,2,1,3,2,2,3,2,4,2,2,1,1,1,1
"R_2dhhHbhSaOYLBs8",2,26,6,4,2,0,NA,1,3,2,2,2,3,2,1,1,3,2,1,3,2,4,2,1,1,2,1,1
"R_2dhhHbhSaOYLBs8",2,26,6,4,2,0,NA,2,1,2,2,1,2,2,1,1,2,2,2,3,1,2,2,1,7,4,2,2
"R_2dhhHbhSaOYLBs8",2,26,6,4,2,0,NA,3,1,2,2,2,3,3,2,1,3,2,1,3,2,2,2,1,1,2,1,1
"R_2dhhHbhSaOYLBs8",2,26,6,4,2,0,NA,4,3,2,2,2,3,2,1,1,3,2,1,3,2,4,2,1,1,2,1,1
"R_2yk2YQNLipOasr8",1,37,3,2,2,1,NA,1,3,2,2,1,2,3,1,1,4,2,2,2,2,3,2,2,2,4,1,1
"R_2yk2YQNLipOasr8",1,37,3,2,2,1,NA,2,2,2,1,1,3,1,2,1,3,1,3,1,2,2,2,1,1,1,2,1
"R_2yk2YQNLipOasr8",1,37,3,2,2,1,NA,3,3,2,1,2,3,3,1,1,4,2,1,2,2,3,2,2,1,3,3,3
"R_2yk2YQNLipOasr8",1,37,3,2,2,1,NA,4,1,2,2,1,2,1,1,1,4,1,2,1,1,3,2,1,1,4,3,4
"R_2A0XLL1xKbrRjwM",1,60,3,1,3,NA,0,1,1,1,1,2,2,1,2,1,3,1,2,1,2,4,2,1,1,3,3,1
"R_2A0XLL1xKbrRjwM",1,60,3,1,3,NA,0,2,2,1,2,2,2,1,1,1,4,2,2,2,2,3,3,2,1,3,3,4
"R_2A0XLL1xKbrRjwM",1,60,3,1,3,NA,0,3,3,2,2,2,3,3,1,1,1,2,2,2,1,4,2,2,1,2,3,2
"R_2A0XLL1xKbrRjwM",1,60,3,1,3,NA,0,4,2,1,1,2,2,1,2,2,4,1,2,1,1,3,2,1,1,4,3,3
"R_2dPY9AIbNYOJaAZ",2,41,5,4,2,1,NA,1,2,1,1,1,3,3,1,2,2,1,3,2,2,3,2,1,1,4,3,3
"R_2dPY9AIbNYOJaAZ",2,41,5,4,2,1,NA,2,2,1,1,2,2,2,1,1,1,2,2,3,1,3,2,1,1,1,2,2
"R_2dPY9AIbNYOJaAZ",2,41,5,4,2,1,NA,3,1,1,1,2,2,1,1,1,4,2,3,2,1,3,2,2,7,2,2,4
"R_2dPY9AIbNYOJaAZ",2,41,5,4,2,1,NA,4,3,2,1,1,3,3,1,2,3,1,2,3,2,4,2,2,1,3,3,1
"R_2Tq7HI7hF4L1JVh",1,37,3,2,2,1,NA,1,2,2,2,1,2,1,1,1,2,2,1,2,1,4,2,1,1,2,3,3
"R_2Tq7HI7hF4L1JVh",1,37,3,2,2,1,NA,2,2,2,2,2,3,2,1,1,2,2,1,2,1,4,2,1,1,1,1,4
"R_2Tq7HI7hF4L1JVh",1,37,3,2,2,1,NA,3,2,1,2,2,3,1,1,1,1,2,1,1,1,2,3,1,1,4,2,3
"R_2Tq7HI7hF4L1JVh",1,37,3,2,2,1,NA,4,1,1,2,2,3,1,1,1,3,2,1,2,1,3,2,1,1,3,2,4
"R_1LIEZEmVyBqZbBS",2,59,3,1,3,NA,0,1,2,2,1,1,3,2,1,1,4,2,1,2,2,3,2,1,1,4,1,1
"R_1LIEZEmVyBqZbBS",2,59,3,1,3,NA,0,2,3,1,1,1,2,3,1,1,1,2,2,2,1,2,2,2,1,1,3,4
"R_1LIEZEmVyBqZbBS",2,59,3,1,3,NA,0,3,1,1,1,2,2,3,1,1,2,1,1,1,3,1,2,1,1,2,1,2
"R_1LIEZEmVyBqZbBS",2,59,3,1,3,NA,0,4,3,1,2,1,2,3,1,1,4,1,1,2,1,4,2,2,1,1,3,4
"R_vxJwwj199srzntn",1,42,3,7,1,1,NA,1,1,1,2,2,3,2,1,1,3,2,1,3,1,3,2,2,1,2,2,2
"R_vxJwwj199srzntn",1,42,3,7,1,1,NA,2,3,1,2,1,3,3,1,1,4,1,3,3,2,3,2,2,1,4,3,2
"R_vxJwwj199srzntn",1,42,3,7,1,1,NA,3,2,1,2,2,3,3,1,1,4,2,1,3,1,3,2,2,1,4,2,2
"R_vxJwwj199srzntn",1,42,3,7,1,1,NA,4,3,1,1,1,3,3,1,2,1,1,3,3,2,3,2,2,1,3,2,1
"R_1NrlWxqonphRMF5",1,41,3,2,3,NA,-1,1,1,2,1,1,2,3,2,2,1,1,3,1,2,2,2,1,7,3,2,3
"R_1NrlWxqonphRMF5",1,41,3,2,3,NA,-1,2,1,2,1,2,3,2,1,1,3,2,2,1,2,4,3,2,1,4,3,1
"R_1NrlWxqonphRMF5",1,41,3,2,3,NA,-1,3,3,2,2,1,3,3,1,1,1,1,1,3,1,4,3,2,2,1,3,3
"R_1NrlWxqonphRMF5",1,41,3,2,3,NA,-1,4,2,2,2,1,2,2,1,2,3,1,3,2,2,1,2,1,1,3,3,4
"R_2zTSvOtrmtcpNi9",2,41,2,2,3,NA,-1,1,2,2,1,2,2,2,1,1,4,2,2,2,2,2,2,1,1,4,2,1
"R_2zTSvOtrmtcpNi9",2,41,2,2,3,NA,-1,2,3,2,1,2,3,3,1,1,3,2,3,3,1,3,2,2,2,1,3,2
"R_2zTSvOtrmtcpNi9",2,41,2,2,3,NA,-1,3,1,1,2,1,2,1,2,2,1,1,2,1,3,1,1,1,1,1,1,4
"R_2zTSvOtrmtcpNi9",2,41,2,2,3,NA,-1,4,1,1,2,1,2,1,1,2,2,1,3,1,1,4,3,1,2,3,2,2
"R_XFZJhVcKCs3cxsR",2,62,5,3,3,NA,-1,1,1,2,2,2,2,1,1,1,3,2,1,2,2,4,2,1,1,1,2,1
"R_XFZJhVcKCs3cxsR",2,62,5,3,3,NA,-1,2,3,2,2,2,2,3,1,1,3,2,1,3,2,4,2,1,1,1,2,1
"R_XFZJhVcKCs3cxsR",2,62,5,3,3,NA,-1,3,1,1,2,2,2,1,1,1,2,2,1,2,1,4,2,2,1,1,3,1
"R_XFZJhVcKCs3cxsR",2,62,5,3,3,NA,-1,4,1,2,2,2,2,1,1,2,3,2,1,2,2,4,2,1,1,1,2,1
"R_2dutZ4bf0sX4rso",2,31,6,2,2,0,NA,1,3,1,1,1,2,3,1,2,1,1,3,2,3,3,2,2,1,3,2,2
"R_2dutZ4bf0sX4rso",2,31,6,2,2,0,NA,2,3,2,2,2,3,2,1,1,2,2,1,2,2,2,2,1,1,2,1,1
"R_2dutZ4bf0sX4rso",2,31,6,2,2,0,NA,3,1,1,2,2,2,1,1,1,3,2,2,2,1,2,2,1,1,1,3,3
"R_2dutZ4bf0sX4rso",2,31,6,2,2,0,NA,4,1,2,2,1,2,3,1,1,4,2,2,2,1,1,2,1,7,4,1,4
"R_2QDnwrC3fpVTaII",2,34,5,3,2,1,NA,1,1,1,1,1,3,2,1,2,4,1,3,2,2,3,2,1,2,4,2,3
"R_2QDnwrC3fpVTaII",2,34,5,3,2,1,NA,2,2,2,1,2,2,1,2,1,1,1,2,3,3,2,3,2,1,2,3,2
"R_2QDnwrC3fpVTaII",2,34,5,3,2,1,NA,3,3,1,2,1,1,2,1,2,4,2,1,1,4,1,3,1,1,1,3,2
"R_2QDnwrC3fpVTaII",2,34,5,3,2,1,NA,4,3,2,2,1,2,3,2,1,4,1,2,3,1,2,2,1,1,4,3,4
"R_SB4PMLq75xjphct",2,30,3,6,3,NA,-1,1,2,2,2,2,2,1,1,1,4,2,1,2,1,3,3,1,1,4,3,3
"R_SB4PMLq75xjphct",2,30,3,6,3,NA,-1,2,3,1,2,1,3,3,1,2,2,1,2,2,2,2,2,2,1,3,1,1
"R_SB4PMLq75xjphct",2,30,3,6,3,NA,-1,3,3,1,1,2,3,1,2,1,4,1,3,1,3,4,2,1,2,2,1,2
"R_SB4PMLq75xjphct",2,30,3,6,3,NA,-1,4,2,2,1,1,3,2,1,2,3,1,3,3,2,1,2,2,1,3,3,3
"R_1hRufSf6Z8bf5zM",2,50,5,4,1,1,NA,1,3,2,1,2,2,1,1,1,3,2,2,1,2,3,2,2,1,3,1,1
"R_1hRufSf6Z8bf5zM",2,50,5,4,1,1,NA,2,2,2,2,1,2,3,2,2,4,1,3,2,3,2,2,1,2,4,2,4
"R_1hRufSf6Z8bf5zM",2,50,5,4,1,1,NA,3,3,1,1,2,3,2,1,1,1,2,2,3,1,1,1,2,1,2,3,3
"R_1hRufSf6Z8bf5zM",2,50,5,4,1,1,NA,4,1,2,1,1,2,1,2,2,2,1,3,2,2,4,2,1,7,1,1,4
"R_3lsrpLFFIyjlqrh",2,26,3,1,3,NA,-1,1,3,2,2,1,3,2,1,2,4,2,1,2,1,3,2,1,1,2,3,1
"R_3lsrpLFFIyjlqrh",2,26,3,1,3,NA,-1,2,2,2,1,2,2,3,1,1,2,1,2,1,2,3,2,1,1,3,2,2
"R_3lsrpLFFIyjlqrh",2,26,3,1,3,NA,-1,3,3,1,1,2,2,2,1,1,1,1,3,1,3,2,2,2,1,4,1,2
"R_3lsrpLFFIyjlqrh",2,26,3,1,3,NA,-1,4,1,2,2,1,2,3,1,1,1,2,1,2,2,1,1,2,1,1,1,4
"R_3MbSnn9wTYk4JxZ",2,29,3,2,2,0,NA,1,1,2,1,2,3,3,1,1,4,2,2,3,2,3,2,1,1,2,3,1
"R_3MbSnn9wTYk4JxZ",2,29,3,2,2,0,NA,2,2,1,2,2,2,2,1,1,3,2,2,2,1,4,2,1,1,3,1,2
"R_3MbSnn9wTYk4JxZ",2,29,3,2,2,0,NA,3,1,2,1,1,3,1,1,2,1,1,3,3,2,2,3,2,1,1,2,1
"R_3MbSnn9wTYk4JxZ",2,29,3,2,2,0,NA,4,2,2,1,2,2,3,1,1,3,2,1,3,1,3,3,2,1,4,3,3
"R_1EWCK7DVRkZ6cLf",2,66,5,2,3,NA,0,1,1,1,2,2,3,2,1,2,3,2,2,3,2,3,2,2,1,2,2,2
"R_1EWCK7DVRkZ6cLf",2,66,5,2,3,NA,0,2,3,1,2,2,3,1,1,2,3,2,1,3,2,4,2,2,1,4,3,2
"R_1EWCK7DVRkZ6cLf",2,66,5,2,3,NA,0,3,1,2,2,2,3,1,1,2,3,2,1,2,2,2,2,1,1,1,2,2
"R_1EWCK7DVRkZ6cLf",2,66,5,2,3,NA,0,4,3,2,2,1,2,1,1,2,3,1,3,3,2,4,2,2,1,3,1,2
"R_2E6GChjxHIdVtMV",2,26,5,1,1,1,NA,1,2,1,2,1,3,3,1,2,3,1,2,2,1,3,2,2,1,4,2,1
"R_2E6GChjxHIdVtMV",2,26,5,1,1,1,NA,2,2,2,2,1,2,3,2,1,2,2,1,2,1,2,3,1,1,1,1,3
"R_2E6GChjxHIdVtMV",2,26,5,1,1,1,NA,3,2,1,2,2,3,2,2,1,4,2,1,1,1,3,2,1,2,2,2,3
"R_2E6GChjxHIdVtMV",2,26,5,1,1,1,NA,4,1,2,1,1,2,2,1,1,2,1,2,3,2,1,3,1,7,1,2,4
"R_1PdTfLek7AWhc0y",1,44,6,3,2,0,NA,1,1,2,1,2,2,1,1,1,2,2,2,2,2,3,2,2,1,3,3,1
"R_1PdTfLek7AWhc0y",1,44,6,3,2,0,NA,2,1,2,2,1,2,1,1,2,1,1,3,1,1,3,2,1,1,2,2,3
"R_1PdTfLek7AWhc0y",1,44,6,3,2,0,NA,3,1,2,1,2,2,3,2,1,4,2,2,1,1,2,2,2,1,1,2,4
"R_1PdTfLek7AWhc0y",1,44,6,3,2,0,NA,4,1,2,1,1,2,1,1,2,3,1,3,1,1,2,2,1,7,1,1,2
"R_3hzhfSUiTUJ85Nm",2,27,3,2,3,NA,-1,1,2,2,1,1,2,3,2,2,2,2,2,2,2,3,2,1,1,1,3,1
"R_3hzhfSUiTUJ85Nm",2,27,3,2,3,NA,-1,2,1,2,2,1,2,2,1,1,4,1,1,2,1,2,2,1,1,4,1,2
"R_3hzhfSUiTUJ85Nm",2,27,3,2,3,NA,-1,3,3,1,1,1,2,3,1,2,4,1,2,3,1,3,2,2,1,2,2,4
"R_3hzhfSUiTUJ85Nm",2,27,3,2,3,NA,-1,4,2,1,2,1,2,2,1,2,1,1,1,2,2,2,2,1,1,3,3,4
"R_dj1pX8szKQfhZip",2,66,6,5,2,1,NA,1,3,2,2,2,2,2,1,1,4,2,2,3,1,3,2,2,1,3,3,3
"R_dj1pX8szKQfhZip",2,66,6,5,2,1,NA,2,2,2,1,2,3,1,2,1,2,2,2,2,2,3,2,1,1,2,2,3
"R_dj1pX8szKQfhZip",2,66,6,5,2,1,NA,3,1,1,1,2,2,1,1,1,4,2,3,2,2,4,2,1,1,4,1,4
"R_dj1pX8szKQfhZip",2,66,6,5,2,1,NA,4,3,2,1,2,3,3,1,1,4,2,2,3,2,4,2,2,1,2,1,1
"R_1AnKjJcloH2wOCl",1,34,4,3,4,NA,0,1,3,1,2,1,2,1,1,2,4,2,2,2,1,3,2,1,2,1,2,4
"R_1AnKjJcloH2wOCl",1,34,4,3,4,NA,0,2,2,1,1,1,2,3,2,2,4,1,3,3,2,3,2,1,1,2,3,1
"R_1AnKjJcloH2wOCl",1,34,4,3,4,NA,0,3,3,2,1,1,2,2,1,2,4,2,2,2,3,2,3,2,1,4,1,3
"R_1AnKjJcloH2wOCl",1,34,4,3,4,NA,0,4,2,2,2,2,2,2,1,1,4,2,2,3,1,3,2,1,1,3,3,3
"R_3qOpTLg2Gr24gra",2,22,3,3,2,0,NA,1,2,2,1,2,3,2,1,1,4,2,3,3,2,2,2,2,1,3,1,1
"R_3qOpTLg2Gr24gra",2,22,3,3,2,0,NA,2,3,2,1,2,3,3,1,1,1,2,3,2,2,3,2,2,1,1,1,2
"R_3qOpTLg2Gr24gra",2,22,3,3,2,0,NA,3,2,2,1,2,3,2,1,1,3,2,3,2,2,2,2,1,1,2,1,3
"R_3qOpTLg2Gr24gra",2,22,3,3,2,0,NA,4,1,2,2,2,3,3,1,1,1,2,2,2,1,3,2,1,1,1,2,2
"R_3MrMEJ2Y0xx7riO",1,30,5,3,4,NA,1,1,3,2,2,1,2,3,1,1,1,2,1,2,1,3,2,2,1,4,2,2
"R_3MrMEJ2Y0xx7riO",1,30,5,3,4,NA,1,2,3,1,1,2,3,1,2,2,3,1,2,3,2,2,2,2,1,2,1,1
"R_3MrMEJ2Y0xx7riO",1,30,5,3,4,NA,1,3,2,2,1,1,2,3,2,1,2,1,3,1,3,1,1,1,7,1,3,3
"R_3MrMEJ2Y0xx7riO",1,30,5,3,4,NA,1,4,1,2,2,1,3,2,1,1,3,2,2,2,2,3,2,1,2,3,1,1
"R_215ui6qCGXktXuH",1,40,6,5,3,NA,-1,1,3,1,2,2,3,3,1,1,1,2,1,2,2,4,2,1,1,1,2,1
"R_215ui6qCGXktXuH",1,40,6,5,3,NA,-1,2,2,2,2,1,2,1,1,2,4,2,2,3,3,3,2,1,1,3,1,3
"R_215ui6qCGXktXuH",1,40,6,5,3,NA,-1,3,1,1,1,2,2,1,2,2,2,1,3,1,2,2,2,1,1,2,2,4
"R_215ui6qCGXktXuH",1,40,6,5,3,NA,-1,4,2,2,1,1,2,1,1,2,3,1,2,2,1,3,1,2,1,4,3,4
"R_3fNbIuGsPuFlXf3",2,28,5,6,1,1,NA,1,2,2,2,2,3,3,1,2,3,2,1,3,2,4,2,1,1,1,2,2
"R_3fNbIuGsPuFlXf3",2,28,5,6,1,1,NA,2,2,2,1,1,2,2,1,1,2,1,3,2,1,3,2,2,2,3,1,1
"R_3fNbIuGsPuFlXf3",2,28,5,6,1,1,NA,3,1,2,2,2,2,1,1,2,1,2,2,2,1,3,2,1,1,2,3,4
"R_3fNbIuGsPuFlXf3",2,28,5,6,1,1,NA,4,2,1,2,1,2,1,1,1,2,2,2,2,1,3,2,2,1,3,2,2
"R_1gb8iLuMEMis5er",2,55,5,5,3,NA,0,1,1,1,1,1,2,1,1,2,3,1,3,2,2,4,2,1,1,4,1,3
"R_1gb8iLuMEMis5er",2,55,5,5,3,NA,0,2,2,1,2,1,2,1,1,2,1,2,2,2,1,3,2,1,1,2,3,4
"R_1gb8iLuMEMis5er",2,55,5,5,3,NA,0,3,1,2,1,2,2,1,1,1,2,2,1,3,2,3,2,1,1,3,2,1
"R_1gb8iLuMEMis5er",2,55,5,5,3,NA,0,4,1,1,1,1,2,1,2,2,2,1,3,1,3,4,2,1,7,1,1,2
"R_8pS2zzzd1bqu5hf",2,53,3,6,3,NA,1,1,3,2,1,2,2,1,2,1,3,2,2,3,1,3,1,2,1,2,2,4
"R_8pS2zzzd1bqu5hf",2,53,3,6,3,NA,1,2,3,1,2,1,2,3,1,2,1,1,3,2,1,4,2,2,7,1,1,1
"R_8pS2zzzd1bqu5hf",2,53,3,6,3,NA,1,3,1,1,2,1,3,1,1,2,3,1,1,1,2,2,3,1,2,3,2,3
"R_8pS2zzzd1bqu5hf",2,53,3,6,3,NA,1,4,2,1,2,1,3,2,1,2,4,1,2,2,2,3,2,2,1,1,3,3
"R_e3bup9y3JLaZFSB",2,25,5,2,3,NA,0,1,2,1,1,2,3,1,1,1,4,1,3,3,1,3,2,2,2,4,1,2
"R_e3bup9y3JLaZFSB",2,25,5,2,3,NA,0,2,1,2,1,2,2,1,1,1,1,1,1,1,4,1,3,1,1,2,3,4
"R_e3bup9y3JLaZFSB",2,25,5,2,3,NA,0,3,1,2,1,2,2,3,1,2,2,2,1,1,1,1,3,1,1,4,3,3
"R_e3bup9y3JLaZFSB",2,25,5,2,3,NA,0,4,2,2,2,2,2,3,1,1,4,2,1,2,2,1,2,1,1,3,3,2
"R_0Pqi2KSksIgjt3X",1,25,5,4,3,NA,0,1,1,2,2,1,3,1,1,2,1,1,2,2,2,2,3,1,1,2,2,1
"R_0Pqi2KSksIgjt3X",1,25,5,4,3,NA,0,2,1,1,1,2,2,2,2,2,4,2,3,2,1,3,2,1,7,2,1,4
"R_0Pqi2KSksIgjt3X",1,25,5,4,3,NA,0,3,1,2,2,1,2,1,1,1,4,1,1,3,1,1,1,1,3,3,3,4
"R_0Pqi2KSksIgjt3X",1,25,5,4,3,NA,0,4,1,1,1,2,1,1,2,1,4,2,2,1,4,2,2,2,2,2,3,4
"R_3FUU6SLLzov0xaD",1,37,5,2,1,0,NA,1,3,2,1,2,3,3,1,1,1,1,2,1,1,3,2,2,1,2,3,4
"R_3FUU6SLLzov0xaD",1,37,5,2,1,0,NA,2,3,2,1,1,2,2,1,2,4,1,3,3,2,2,2,1,1,1,2,2
"R_3FUU6SLLzov0xaD",1,37,5,2,1,0,NA,3,2,2,1,1,2,1,2,2,4,1,2,1,3,2,2,1,1,4,2,4
"R_3FUU6SLLzov0xaD",1,37,5,2,1,0,NA,4,1,1,2,1,2,3,1,1,2,2,2,1,1,2,2,1,3,1,1,3
"R_1hSI4ac9BT8Xkbw",2,42,3,3,1,0,NA,1,2,2,1,2,3,3,2,1,3,1,3,2,2,3,2,1,1,1,3,2
"R_1hSI4ac9BT8Xkbw",2,42,3,3,1,0,NA,2,1,2,2,1,2,1,1,1,1,2,1,1,1,2,2,2,2,4,1,4
"R_1hSI4ac9BT8Xkbw",2,42,3,3,1,0,NA,3,1,2,1,2,2,1,1,2,2,1,2,2,3,2,3,1,3,3,2,1
"R_1hSI4ac9BT8Xkbw",2,42,3,3,1,0,NA,4,2,1,2,1,3,2,1,2,1,1,2,3,3,4,2,2,7,2,3,4
"R_33fFLiWT1PmF1Le",2,31,3,2,2,1,NA,1,1,1,1,2,2,3,2,1,3,1,3,2,1,3,2,1,1,3,1,1
"R_33fFLiWT1PmF1Le",2,31,3,2,2,1,NA,2,2,1,2,1,3,3,1,1,2,2,2,3,1,4,1,1,1,2,3,2
"R_33fFLiWT1PmF1Le",2,31,3,2,2,1,NA,3,3,1,1,2,2,2,1,2,4,1,1,3,2,2,2,2,1,3,2,3
"R_33fFLiWT1PmF1Le",2,31,3,2,2,1,NA,4,3,2,2,1,1,3,2,1,4,2,1,1,3,1,1,2,1,4,3,4
"R_u1HmsPyO2BNGOVr",1,27,4,2,3,NA,0,1,2,2,2,1,2,1,1,2,3,2,3,2,1,4,2,1,1,3,2,2
"R_u1HmsPyO2BNGOVr",1,27,4,2,3,NA,0,2,3,1,1,1,2,3,1,2,1,1,3,3,2,3,2,1,1,1,3,1
"R_u1HmsPyO2BNGOVr",1,27,4,2,3,NA,0,3,1,2,1,2,2,1,1,1,4,2,1,2,4,3,2,1,1,2,1,4
"R_u1HmsPyO2BNGOVr",1,27,4,2,3,NA,0,4,1,1,2,2,2,1,1,1,3,2,1,1,1,2,2,2,1,4,1,2
"R_1K1lpOYysnErwVF",2,35,2,3,2,1,NA,1,1,2,2,1,3,2,1,1,2,2,1,2,2,3,2,2,1,4,2,2
"R_1K1lpOYysnErwVF",2,35,2,3,2,1,NA,2,2,1,2,2,3,3,1,1,3,2,2,3,1,4,2,2,1,2,1,1
"R_1K1lpOYysnErwVF",2,35,2,3,2,1,NA,3,2,2,1,1,3,3,2,2,4,1,3,2,2,3,2,1,1,1,3,3
"R_1K1lpOYysnErwVF",2,35,2,3,2,1,NA,4,1,1,1,1,3,2,2,2,2,1,3,2,3,2,2,1,2,1,1,4
"R_vMJVwvoBL3FTqOl",2,22,3,3,1,1,NA,1,2,2,1,2,2,1,1,2,4,1,2,2,1,1,1,1,1,3,1,1
"R_vMJVwvoBL3FTqOl",2,22,3,3,1,1,NA,2,3,2,1,2,2,2,2,1,4,2,3,1,2,3,2,1,1,1,2,3
"R_vMJVwvoBL3FTqOl",2,22,3,3,1,1,NA,3,3,2,1,2,2,1,1,1,2,2,2,1,1,2,2,2,1,3,1,1
"R_vMJVwvoBL3FTqOl",2,22,3,3,1,1,NA,4,1,2,2,1,2,1,2,2,4,2,2,1,3,3,2,1,1,2,2,1
"R_2DMnCqAnYeQ6t3U",2,40,3,1,3,NA,0,1,3,1,2,1,3,3,1,2,3,2,1,3,2,4,2,1,1,2,1,1
"R_2DMnCqAnYeQ6t3U",2,40,3,1,3,NA,0,2,3,1,1,2,3,2,1,1,2,1,2,3,2,3,2,1,1,1,1,4
"R_2DMnCqAnYeQ6t3U",2,40,3,1,3,NA,0,3,2,1,2,1,3,2,1,1,4,2,3,3,1,3,2,1,1,4,2,2
"R_2DMnCqAnYeQ6t3U",2,40,3,1,3,NA,0,4,1,2,1,2,2,2,1,1,2,1,2,2,1,2,2,1,1,3,2,1
"R_1cTBvA3DpVkCNyQ",1,37,2,1,2,1,NA,1,1,2,1,1,2,1,1,2,3,1,2,2,1,3,2,2,1,3,2,3
"R_1cTBvA3DpVkCNyQ",1,37,2,1,2,1,NA,2,3,1,1,2,3,2,1,1,3,2,2,3,2,4,2,2,1,4,3,2
"R_1cTBvA3DpVkCNyQ",1,37,2,1,2,1,NA,3,3,1,2,1,3,3,1,2,1,1,3,3,2,3,2,1,1,2,2,3
"R_1cTBvA3DpVkCNyQ",1,37,2,1,2,1,NA,4,1,1,2,2,2,1,1,1,3,2,1,1,4,2,2,1,1,1,1,3
"R_3J492rEhM7eM0jF",2,24,2,1,2,0,NA,1,1,1,2,1,2,3,1,2,1,2,1,2,1,3,2,1,7,2,3,1
"R_3J492rEhM7eM0jF",2,24,2,1,2,0,NA,2,1,1,1,1,2,3,1,2,3,1,2,2,3,1,2,1,1,4,2,4
"R_3J492rEhM7eM0jF",2,24,2,1,2,0,NA,3,2,1,2,2,3,2,1,1,4,2,1,3,2,2,3,2,1,1,3,3
"R_3J492rEhM7eM0jF",2,24,2,1,2,0,NA,4,3,2,2,1,2,1,1,2,2,1,2,3,4,4,2,2,2,2,2,2
"R_sSsU68OdEDfcfkd",2,35,5,2,3,NA,0,1,1,1,2,2,3,2,1,2,4,2,2,2,2,3,2,2,1,4,1,3
"R_sSsU68OdEDfcfkd",2,35,5,2,3,NA,0,2,1,2,2,2,2,3,2,2,3,2,2,1,4,2,2,1,1,3,2,1
"R_sSsU68OdEDfcfkd",2,35,5,2,3,NA,0,3,1,1,2,1,3,2,2,1,2,2,3,2,3,4,3,2,2,4,3,4
"R_sSsU68OdEDfcfkd",2,35,5,2,3,NA,0,4,3,1,1,2,2,3,1,1,3,2,1,2,4,3,3,2,1,2,2,2
"R_2P0Q3HWZKQNYovF",1,46,6,3,1,1,NA,1,1,1,1,1,3,3,2,2,2,1,3,3,2,1,2,1,1,1,1,1
"R_2P0Q3HWZKQNYovF",1,46,6,3,1,1,NA,2,1,2,1,1,2,1,2,2,4,1,3,2,2,2,1,1,3,3,3,1
"R_2P0Q3HWZKQNYovF",1,46,6,3,1,1,NA,3,2,1,1,1,3,2,1,2,4,1,3,3,2,3,3,1,3,1,3,1
"R_2P0Q3HWZKQNYovF",1,46,6,3,1,1,NA,4,1,1,1,1,3,3,2,2,4,1,3,3,2,1,1,1,1,1,3,1
"R_AdnWZKKHtwmTvTr",2,52,2,3,2,0,NA,1,2,2,1,2,3,1,2,1,4,1,2,2,2,2,2,1,1,4,3,2
"R_AdnWZKKHtwmTvTr",2,52,2,3,2,0,NA,2,2,1,2,1,2,3,2,1,1,2,2,1,3,4,3,1,3,2,2,1
"R_AdnWZKKHtwmTvTr",2,52,2,3,2,0,NA,3,2,2,2,1,2,3,1,1,3,2,1,1,1,3,1,2,2,3,1,3
"R_AdnWZKKHtwmTvTr",2,52,2,3,2,0,NA,4,1,2,2,1,2,1,2,1,1,2,3,1,4,2,2,1,7,2,1,4
"R_1N5ki0FtgE6dK1b",2,54,3,2,2,1,NA,1,3,1,1,2,3,3,2,1,1,1,3,3,2,3,2,2,1,1,2,1
"R_1N5ki0FtgE6dK1b",2,54,3,2,2,1,NA,2,2,1,1,1,3,1,1,2,4,1,3,3,2,3,2,1,2,2,2,1
"R_1N5ki0FtgE6dK1b",2,54,3,2,2,1,NA,3,3,2,1,2,3,3,1,1,2,2,1,3,2,2,2,2,1,4,3,2
"R_1N5ki0FtgE6dK1b",2,54,3,2,2,1,NA,4,1,2,2,2,3,3,1,1,3,2,1,3,2,3,2,1,1,1,2,3
"R_3389SF9PtDCR3Qb",2,40,6,3,1,1,NA,1,3,2,2,1,1,1,1,1,4,2,2,1,2,2,1,1,1,4,2,3
"R_3389SF9PtDCR3Qb",2,40,6,3,1,1,NA,2,3,2,1,2,2,3,1,2,1,1,3,2,1,3,1,1,1,1,2,2
"R_3389SF9PtDCR3Qb",2,40,6,3,1,1,NA,3,2,1,1,1,1,2,2,2,2,1,3,3,4,4,2,1,7,2,1,1
"R_3389SF9PtDCR3Qb",2,40,6,3,1,1,NA,4,1,2,2,1,2,3,1,2,4,1,2,2,3,2,3,2,1,1,3,4
"R_CmOXnyyvKssohiN",1,31,5,1,4,NA,1,1,1,1,2,1,3,3,1,1,3,1,1,3,2,3,2,1,1,2,1,1
"R_CmOXnyyvKssohiN",1,31,5,1,4,NA,1,2,2,2,2,2,3,2,1,1,3,2,1,3,1,4,2,2,2,3,2,1
"R_CmOXnyyvKssohiN",1,31,5,1,4,NA,1,3,2,2,2,1,2,3,2,2,1,1,2,2,3,2,3,1,7,4,3,3
"R_CmOXnyyvKssohiN",1,31,5,1,4,NA,1,4,2,2,1,2,2,1,1,2,4,2,1,2,4,1,1,1,1,3,3,2
"R_10V041gcFITSbvp",2,26,5,2,2,1,NA,1,1,1,2,1,2,1,1,1,3,1,2,3,2,3,2,1,1,2,3,4
"R_10V041gcFITSbvp",2,26,5,2,2,1,NA,2,3,2,1,1,2,2,1,1,1,1,1,2,4,4,2,1,1,1,2,2
"R_10V041gcFITSbvp",2,26,5,2,2,1,NA,3,3,2,2,1,2,3,1,1,2,2,1,3,1,3,3,2,1,1,1,4
"R_10V041gcFITSbvp",2,26,5,2,2,1,NA,4,3,1,2,1,3,3,1,1,2,2,3,3,2,3,2,1,1,3,3,1
"R_1dELwl2EsMZmUJD",1,31,3,5,3,NA,-1,1,1,2,2,2,3,1,1,1,1,2,1,2,1,3,2,1,1,1,1,1
"R_1dELwl2EsMZmUJD",1,31,3,5,3,NA,-1,2,1,1,2,2,3,3,1,1,4,2,2,2,1,2,3,1,7,4,3,2
"R_1dELwl2EsMZmUJD",1,31,3,5,3,NA,-1,3,3,2,1,1,2,1,1,2,4,2,1,2,2,4,2,2,7,1,1,4
"R_1dELwl2EsMZmUJD",1,31,3,5,3,NA,-1,4,3,1,2,2,3,2,1,1,2,1,2,3,2,3,2,2,2,4,2,1
"R_8HMZUi8CVNIt5ml",2,37,5,3,3,NA,-1,1,1,2,1,1,2,2,1,2,4,1,3,2,1,3,1,1,2,4,1,4
"R_8HMZUi8CVNIt5ml",2,37,5,3,3,NA,-1,2,3,1,2,1,3,3,1,1,1,2,2,3,2,4,3,2,1,2,3,2
"R_8HMZUi8CVNIt5ml",2,37,5,3,3,NA,-1,3,1,1,1,1,3,1,2,1,2,1,2,2,3,2,2,1,1,3,2,1
"R_8HMZUi8CVNIt5ml",2,37,5,3,3,NA,-1,4,2,2,1,2,2,2,2,2,2,1,3,1,3,1,1,1,7,2,1,3
"R_eEzUzxNomku2kyp",2,49,4,1,1,0,NA,1,3,2,2,2,3,2,1,1,2,2,1,3,1,3,2,1,1,4,1,1
"R_eEzUzxNomku2kyp",2,49,4,1,1,0,NA,2,3,1,1,1,3,2,2,2,4,1,2,2,2,4,2,1,1,1,3,1
"R_eEzUzxNomku2kyp",2,49,4,1,1,0,NA,3,2,1,2,2,2,1,1,1,4,1,3,1,4,4,2,1,7,2,1,4
"R_eEzUzxNomku2kyp",2,49,4,1,1,0,NA,4,3,2,2,2,3,2,1,1,2,2,1,3,1,3,2,2,1,1,2,2
"R_2XnwbfUyTm0zTYk",1,40,3,4,3,NA,0,1,2,1,1,1,2,1,1,2,3,1,3,1,2,1,2,1,1,1,2,2
"R_2XnwbfUyTm0zTYk",1,40,3,4,3,NA,0,2,1,1,1,2,3,1,1,2,1,1,1,2,2,2,3,1,1,4,3,4
"R_2XnwbfUyTm0zTYk",1,40,3,4,3,NA,0,3,2,1,1,2,3,2,1,2,1,1,2,2,2,2,3,1,1,4,3,4
"R_2XnwbfUyTm0zTYk",1,40,3,4,3,NA,0,4,2,1,1,2,3,2,1,2,1,1,2,2,2,2,3,1,1,4,3,4
"R_9vNAXs0WGN2bQGJ",1,52,3,3,3,NA,0,1,1,1,1,2,3,2,1,1,3,1,2,2,2,4,2,2,1,4,2,2
"R_9vNAXs0WGN2bQGJ",1,52,3,3,3,NA,0,2,1,2,1,2,2,1,1,2,4,2,2,3,1,3,2,1,7,2,1,1
"R_9vNAXs0WGN2bQGJ",1,52,3,3,3,NA,0,3,3,2,2,2,3,3,1,1,2,2,1,3,2,4,3,2,1,1,3,3
"R_9vNAXs0WGN2bQGJ",1,52,3,3,3,NA,0,4,3,1,1,1,3,3,2,2,4,1,3,3,2,2,2,1,1,3,2,4
"R_1plLGqAf90Qr2oK",1,25,3,2,2,1,NA,1,2,2,2,1,2,3,1,1,3,2,3,2,2,3,2,2,1,1,2,3
"R_1plLGqAf90Qr2oK",1,25,3,2,2,1,NA,2,3,2,2,2,1,2,1,1,4,2,1,1,1,4,2,2,1,3,1,4
"R_1plLGqAf90Qr2oK",1,25,3,2,2,1,NA,3,1,2,2,1,2,1,2,1,1,2,3,2,1,3,2,1,2,2,3,1
"R_1plLGqAf90Qr2oK",1,25,3,2,2,1,NA,4,1,1,1,2,2,3,1,1,1,1,3,2,4,2,2,1,1,2,3,3
"R_21HgSziiDonAXns",1,55,3,3,2,0,NA,1,2,1,1,2,2,1,2,1,1,1,2,2,2,3,2,2,7,3,3,2
"R_21HgSziiDonAXns",1,55,3,3,2,0,NA,2,2,2,2,2,2,2,1,1,2,2,1,3,1,4,2,1,1,4,1,1
"R_21HgSziiDonAXns",1,55,3,3,2,0,NA,3,3,2,1,2,3,3,1,1,2,2,2,2,1,3,3,2,1,2,2,4
"R_21HgSziiDonAXns",1,55,3,3,2,0,NA,4,3,1,1,1,2,1,2,2,4,1,3,2,2,3,2,1,7,1,1,1
"R_1omUfvFprWJelry",1,25,4,2,1,0,NA,1,1,2,1,1,2,1,1,1,4,1,3,1,1,3,2,2,1,3,2,4
"R_1omUfvFprWJelry",1,25,4,2,1,0,NA,2,2,2,1,2,3,3,2,1,4,2,2,2,1,2,2,2,1,1,1,1
"R_1omUfvFprWJelry",1,25,4,2,1,0,NA,3,1,1,1,2,3,2,1,1,3,2,2,3,2,3,2,1,1,3,1,4
"R_1omUfvFprWJelry",1,25,4,2,1,0,NA,4,2,1,2,2,2,3,1,1,2,2,1,1,4,1,3,2,1,2,2,3
"R_RxATzlHABlO30Up",1,40,4,3,1,1,NA,1,1,2,2,2,2,1,1,1,2,2,1,2,1,3,2,2,1,2,1,1
"R_RxATzlHABlO30Up",1,40,4,3,1,1,NA,2,3,2,1,1,3,3,2,2,2,1,3,3,2,4,3,1,1,4,3,2
"R_RxATzlHABlO30Up",1,40,4,3,1,1,NA,3,1,1,1,1,2,1,2,2,4,1,3,2,3,2,2,1,1,3,2,4
"R_RxATzlHABlO30Up",1,40,4,3,1,1,NA,4,2,2,1,2,2,1,1,2,4,1,2,2,2,3,2,2,2,1,3,1
"R_22EVIuROiHH2IgN",2,40,4,4,1,1,NA,1,2,2,2,2,2,1,1,1,1,2,1,2,1,3,2,2,1,1,3,1
"R_22EVIuROiHH2IgN",2,40,4,4,1,1,NA,2,2,2,2,2,2,3,1,1,3,2,1,2,2,2,2,2,1,4,1,3
"R_22EVIuROiHH2IgN",2,40,4,4,1,1,NA,3,1,2,1,2,3,1,2,1,2,2,1,1,3,3,2,1,1,3,2,2
"R_22EVIuROiHH2IgN",2,40,4,4,1,1,NA,4,3,1,2,1,2,3,1,2,1,1,2,3,2,4,2,1,2,2,1,4
"R_3MEfkA3hUc6PWJc",2,46,2,3,1,1,NA,1,1,1,2,1,1,1,1,2,2,1,3,1,4,3,2,1,1,3,3,3
"R_3MEfkA3hUc6PWJc",2,46,2,3,1,1,NA,2,3,1,2,1,2,3,1,2,3,1,2,2,1,4,2,2,1,1,1,1
"R_3MEfkA3hUc6PWJc",2,46,2,3,1,1,NA,3,3,2,1,2,2,3,2,1,4,1,2,2,1,2,3,1,1,2,1,2
"R_3MEfkA3hUc6PWJc",2,46,2,3,1,1,NA,4,3,1,2,1,2,3,1,2,2,1,2,2,1,3,2,2,1,4,2,3
"R_8kpvYqC1odtMbwR",1,26,5,3,2,1,NA,1,1,2,1,1,2,2,2,1,1,1,2,1,4,2,2,1,3,4,3,2
"R_8kpvYqC1odtMbwR",1,26,5,3,2,1,NA,2,3,2,1,1,2,2,1,2,3,1,2,1,3,1,2,2,1,1,1,2
"R_8kpvYqC1odtMbwR",1,26,5,3,2,1,NA,3,2,1,1,2,3,3,2,2,2,2,3,2,1,2,1,1,1,4,2,1
"R_8kpvYqC1odtMbwR",1,26,5,3,2,1,NA,4,2,2,2,1,2,1,2,1,4,1,2,3,4,2,1,2,7,4,2,3
"R_3PdEWIKJ0NRM1Mo",1,35,4,2,2,0,NA,1,2,1,2,2,3,2,1,1,3,2,1,3,2,4,2,2,1,3,1,1
"R_3PdEWIKJ0NRM1Mo",1,35,4,2,2,0,NA,2,1,1,1,1,2,1,2,2,3,1,3,2,1,3,2,1,2,1,2,4
"R_3PdEWIKJ0NRM1Mo",1,35,4,2,2,0,NA,3,1,1,2,2,3,3,1,1,3,2,1,3,2,4,2,1,1,2,1,1
"R_3PdEWIKJ0NRM1Mo",1,35,4,2,2,0,NA,4,1,2,1,1,3,3,1,2,3,1,2,2,3,2,2,1,1,1,3,3
"R_1dEJbNYTirzVMKF",2,35,5,5,2,1,NA,1,1,1,2,1,2,1,1,1,3,2,2,2,3,4,2,1,1,3,2,1
"R_1dEJbNYTirzVMKF",2,35,5,5,2,1,NA,2,3,2,2,2,2,3,1,1,4,2,1,2,1,3,3,2,1,2,3,4
"R_1dEJbNYTirzVMKF",2,35,5,5,2,1,NA,3,2,2,1,2,2,3,2,2,1,2,2,1,3,3,2,1,1,1,1,3
"R_1dEJbNYTirzVMKF",2,35,5,5,2,1,NA,4,3,1,2,1,2,3,1,1,4,2,2,2,2,2,2,2,2,2,3,3
"R_1jm1jg0dNzgjabx",2,59,2,3,3,NA,0,1,2,2,1,2,3,3,2,2,3,1,3,3,2,3,2,1,1,1,1,1
"R_1jm1jg0dNzgjabx",2,59,2,3,3,NA,0,2,3,2,2,2,2,3,1,1,4,2,1,2,1,4,2,2,1,3,2,4
"R_1jm1jg0dNzgjabx",2,59,2,3,3,NA,0,3,2,1,1,1,2,1,1,2,2,1,3,1,1,1,1,1,2,4,3,2
"R_1jm1jg0dNzgjabx",2,59,2,3,3,NA,0,4,1,1,2,2,2,2,2,1,1,2,3,1,3,2,3,1,3,2,1,3
"R_3JfJKCVVx63q5qj",1,34,2,2,3,NA,-1,1,1,2,1,2,2,1,2,1,1,2,2,2,2,3,2,2,1,2,3,1
"R_3JfJKCVVx63q5qj",1,34,2,2,3,NA,-1,2,2,1,2,1,3,2,1,2,3,1,3,2,1,4,2,2,1,1,1,3
"R_3JfJKCVVx63q5qj",1,34,2,2,3,NA,-1,3,3,1,2,2,3,1,1,1,4,2,1,3,3,2,2,2,1,4,2,2
"R_3JfJKCVVx63q5qj",1,34,2,2,3,NA,-1,4,2,2,2,1,2,1,2,1,2,2,2,2,2,3,2,1,7,3,1,4
"R_3JoOyeEUTQ7wRNj",2,26,5,5,3,NA,0,1,2,2,1,1,3,2,1,2,1,1,1,2,1,2,2,1,1,2,2,2
"R_3JoOyeEUTQ7wRNj",2,26,5,5,3,NA,0,2,2,1,1,2,2,1,1,1,4,2,2,3,1,1,1,2,1,4,3,1
"R_3JoOyeEUTQ7wRNj",2,26,5,5,3,NA,0,3,2,2,1,2,2,1,2,1,2,2,2,2,1,3,2,1,1,2,1,2
"R_3JoOyeEUTQ7wRNj",2,26,5,5,3,NA,0,4,3,1,1,1,1,3,2,1,3,2,2,2,2,1,1,1,1,1,3,3
"R_ypU3t6RU9MyhB7P",2,28,6,5,1,1,NA,1,1,2,2,2,3,2,1,1,3,2,1,3,1,3,3,2,1,4,2,3
"R_ypU3t6RU9MyhB7P",2,28,6,5,1,1,NA,2,3,1,2,1,2,3,1,2,1,1,3,2,3,3,2,1,1,1,3,1
"R_ypU3t6RU9MyhB7P",2,28,6,5,1,1,NA,3,3,2,2,1,2,3,1,2,2,1,3,3,4,3,1,1,1,1,1,4
"R_ypU3t6RU9MyhB7P",2,28,6,5,1,1,NA,4,2,1,1,2,2,1,2,2,3,1,2,3,3,1,2,1,1,2,1,2
"R_2WwFWgVeej85mVR",2,35,4,5,2,1,NA,1,3,2,2,2,3,3,1,1,4,2,2,3,2,4,2,2,1,3,3,3
"R_2WwFWgVeej85mVR",2,35,4,5,2,1,NA,2,3,1,2,1,2,1,1,2,1,1,2,3,2,3,2,2,1,2,1,1
"R_2WwFWgVeej85mVR",2,35,4,5,2,1,NA,3,2,2,1,1,2,1,1,2,2,1,2,2,1,3,2,1,1,2,3,3
"R_2WwFWgVeej85mVR",2,35,4,5,2,1,NA,4,3,1,1,2,2,2,1,1,3,1,2,3,1,2,2,2,1,1,1,3
"R_1r9uZNMmtjg9ypO",1,23,2,2,1,0,NA,1,1,2,1,1,2,2,2,2,4,1,2,2,1,3,2,1,1,1,3,1
"R_1r9uZNMmtjg9ypO",1,23,2,2,1,0,NA,2,2,2,1,1,3,3,1,1,1,1,3,2,2,2,2,2,2,3,2,4
"R_1r9uZNMmtjg9ypO",1,23,2,2,1,0,NA,3,2,2,2,2,2,3,2,1,2,2,1,3,2,4,2,1,1,3,1,2
"R_1r9uZNMmtjg9ypO",1,23,2,2,1,0,NA,4,3,1,1,1,2,2,1,2,3,1,2,2,4,3,2,2,7,2,2,1
"R_DFXHzqcwrTGqy4x",1,38,5,4,2,1,NA,1,1,1,2,1,2,3,1,2,4,1,3,2,2,4,2,1,2,3,2,3
"R_DFXHzqcwrTGqy4x",1,38,5,4,2,1,NA,2,1,1,1,1,2,1,1,2,4,1,3,2,3,4,2,1,1,2,2,2
"R_DFXHzqcwrTGqy4x",1,38,5,4,2,1,NA,3,2,2,2,1,2,3,1,1,1,2,2,3,1,3,2,2,7,4,1,4
"R_DFXHzqcwrTGqy4x",1,38,5,4,2,1,NA,4,3,2,1,1,2,3,2,2,3,1,3,2,3,3,2,1,1,1,3,1
"R_3hGs8d9mDD2lbQH",2,28,4,3,1,0,NA,1,2,1,2,2,2,2,1,2,4,2,2,3,1,3,2,1,1,3,3,2
"R_3hGs8d9mDD2lbQH",2,28,4,3,1,0,NA,2,1,2,2,1,2,1,1,1,2,2,3,2,2,2,2,1,1,1,2,3
"R_3hGs8d9mDD2lbQH",2,28,4,3,1,0,NA,3,1,1,2,2,3,1,1,2,1,2,1,2,3,3,2,2,1,2,1,4
"R_3hGs8d9mDD2lbQH",2,28,4,3,1,0,NA,4,3,2,2,2,1,1,2,2,1,2,2,3,2,3,2,2,1,4,3,3
"R_3QK8aYNJ8HFzYQU",1,43,2,2,3,NA,-1,1,3,2,1,1,2,2,1,2,4,1,2,2,1,3,2,1,1,1,3,2
"R_3QK8aYNJ8HFzYQU",1,43,2,2,3,NA,-1,2,2,1,1,1,2,3,2,2,1,1,3,2,2,2,3,1,7,3,2,3
"R_3QK8aYNJ8HFzYQU",1,43,2,2,3,NA,-1,3,3,1,1,2,3,2,1,1,2,2,1,3,1,1,3,2,1,4,1,4
"R_3QK8aYNJ8HFzYQU",1,43,2,2,3,NA,-1,4,1,1,2,1,1,3,1,2,1,2,3,2,3,1,3,1,1,1,3,1
"R_z7sKiVKoU6yeXyV",1,26,3,2,3,NA,-1,1,3,2,2,2,2,3,1,1,3,2,1,2,1,3,2,1,1,3,3,3
"R_z7sKiVKoU6yeXyV",1,26,3,2,3,NA,-1,2,1,1,2,2,2,2,1,2,2,1,2,2,1,2,2,2,1,4,2,4
"R_z7sKiVKoU6yeXyV",1,26,3,2,3,NA,-1,3,1,2,2,1,2,3,1,1,3,2,1,2,1,3,2,1,1,3,3,2
"R_z7sKiVKoU6yeXyV",1,26,3,2,3,NA,-1,4,2,2,2,2,2,3,1,1,1,2,1,2,1,2,2,1,1,1,1,3
"R_1IYuCBgIh83vqKy",2,34,5,3,1,1,NA,1,1,1,2,2,3,3,1,1,3,2,1,2,2,3,2,2,1,3,1,3
"R_1IYuCBgIh83vqKy",2,34,5,3,1,1,NA,2,2,1,1,2,3,2,1,1,3,1,3,2,1,3,2,2,1,1,2,1
"R_1IYuCBgIh83vqKy",2,34,5,3,1,1,NA,3,1,2,1,1,3,3,1,2,3,2,1,2,1,2,2,2,1,4,3,2
"R_1IYuCBgIh83vqKy",2,34,5,3,1,1,NA,4,2,2,2,1,3,2,1,2,3,2,1,2,1,2,2,2,1,2,2,4
"R_33flbuEUk4wo8L5",2,49,5,6,2,0,NA,1,1,1,1,2,2,2,2,2,1,1,2,3,1,3,2,1,1,4,1,1
"R_33flbuEUk4wo8L5",2,49,5,6,2,0,NA,2,3,1,2,1,2,3,1,2,2,2,2,2,2,2,2,1,1,1,3,3
"R_33flbuEUk4wo8L5",2,49,5,6,2,0,NA,3,1,2,1,2,2,3,1,1,2,2,3,2,4,1,2,2,2,2,2,2
"R_33flbuEUk4wo8L5",2,49,5,6,2,0,NA,4,2,1,1,1,3,3,2,2,3,1,3,3,1,3,2,1,1,3,1,1
"R_2EB4SzFudvG95kv",2,47,6,4,2,1,NA,1,3,2,1,2,3,2,1,1,3,2,1,2,2,3,2,2,1,2,2,1
"R_2EB4SzFudvG95kv",2,47,6,4,2,1,NA,2,2,2,2,1,2,2,1,1,3,1,3,2,2,3,2,2,1,4,2,1
"R_2EB4SzFudvG95kv",2,47,6,4,2,1,NA,3,2,2,2,2,3,2,1,1,3,2,1,2,2,3,2,2,1,1,3,1
"R_2EB4SzFudvG95kv",2,47,6,4,2,1,NA,4,3,1,1,2,2,2,1,2,3,1,3,2,2,3,2,2,1,4,1,3
"R_2RVrghBMYqIGI2t",2,28,5,4,1,0,NA,1,1,1,2,2,3,2,1,1,3,2,2,2,2,3,2,2,1,1,2,2
"R_2RVrghBMYqIGI2t",2,28,5,4,1,0,NA,2,3,1,1,2,2,3,1,2,2,1,3,1,1,2,2,1,1,2,2,4
"R_2RVrghBMYqIGI2t",2,28,5,4,1,0,NA,3,3,2,1,1,2,1,1,1,4,1,3,2,3,4,2,1,1,4,3,1
"R_2RVrghBMYqIGI2t",2,28,5,4,1,0,NA,4,1,2,2,1,3,2,1,1,1,2,2,1,1,2,2,2,1,1,3,2
"R_3gUc5NCALvoGFKs",1,34,5,7,2,0,NA,1,3,1,2,1,2,1,1,2,4,1,3,2,1,3,2,2,1,1,1,1
"R_3gUc5NCALvoGFKs",1,34,5,7,2,0,NA,2,2,2,2,1,2,2,1,2,3,1,3,2,1,3,2,2,1,1,2,4
"R_3gUc5NCALvoGFKs",1,34,5,7,2,0,NA,3,2,1,2,1,2,1,1,2,4,1,3,2,1,3,2,2,1,1,2,2
"R_3gUc5NCALvoGFKs",1,34,5,7,2,0,NA,4,1,2,1,1,2,1,1,2,3,1,3,2,2,3,2,1,1,1,1,3
"R_uk8H30iyuCXKNeF",2,60,4,3,3,NA,0,1,3,1,1,2,3,3,1,1,1,1,3,2,2,3,2,2,2,1,1,3
"R_uk8H30iyuCXKNeF",2,60,4,3,3,NA,0,2,3,2,1,2,2,1,1,2,2,2,1,1,1,3,2,2,1,4,1,1
"R_uk8H30iyuCXKNeF",2,60,4,3,3,NA,0,3,3,1,1,1,2,2,2,1,3,1,3,1,3,4,2,1,1,4,3,1
"R_uk8H30iyuCXKNeF",2,60,4,3,3,NA,0,4,3,1,1,2,2,1,2,1,2,1,3,2,2,3,2,1,2,2,2,3
"R_w4uOyZx1Z1Zte6t",2,45,6,6,2,0,NA,1,2,1,1,2,3,3,1,1,4,2,2,2,2,4,2,1,1,4,3,2
"R_w4uOyZx1Z1Zte6t",2,45,6,6,2,0,NA,2,3,2,2,2,3,3,1,1,4,2,1,3,1,3,2,2,1,1,2,3
"R_w4uOyZx1Z1Zte6t",2,45,6,6,2,0,NA,3,3,1,2,2,2,3,1,1,1,2,1,3,3,3,2,2,1,3,3,1
"R_w4uOyZx1Z1Zte6t",2,45,6,6,2,0,NA,4,3,1,2,2,3,2,1,1,1,2,1,2,3,4,3,1,1,3,1,1
"R_0rhaMgHusgx401z",2,53,3,3,2,1,NA,1,2,2,2,2,3,3,1,1,2,2,1,2,2,3,2,2,1,3,3,4
"R_0rhaMgHusgx401z",2,53,3,3,2,1,NA,2,3,1,1,1,2,1,2,2,1,1,3,1,3,4,2,1,1,2,1,2
"R_0rhaMgHusgx401z",2,53,3,3,2,1,NA,3,3,2,1,1,2,3,1,2,1,1,3,1,1,2,3,1,2,4,2,3
"R_0rhaMgHusgx401z",2,53,3,3,2,1,NA,4,1,2,2,2,2,2,2,1,2,2,1,2,1,3,2,1,1,3,2,1
"R_27O1vnSLBPaUzjr",1,34,3,2,2,1,NA,1,1,1,1,1,2,3,1,2,2,1,2,1,1,3,2,1,1,4,2,3
"R_27O1vnSLBPaUzjr",1,34,3,2,2,1,NA,2,3,2,1,2,2,2,1,1,4,2,1,3,2,1,1,1,1,3,1,2
"R_27O1vnSLBPaUzjr",1,34,3,2,2,1,NA,3,3,2,1,2,3,2,1,1,3,2,1,2,1,1,3,2,1,2,3,1
"R_27O1vnSLBPaUzjr",1,34,3,2,2,1,NA,4,3,1,1,1,2,3,1,2,3,1,2,1,2,2,2,2,7,1,3,1
"R_brtRcxiZKvgReDL",2,57,3,3,2,1,NA,1,3,1,2,1,3,3,1,2,3,2,2,3,2,4,2,2,1,3,1,3
"R_brtRcxiZKvgReDL",2,57,3,3,2,1,NA,2,2,2,1,1,2,1,1,2,4,1,2,2,1,3,2,1,7,2,2,4
"R_brtRcxiZKvgReDL",2,57,3,3,2,1,NA,3,2,2,2,1,2,1,1,2,2,2,2,1,3,2,3,1,1,1,3,1
"R_brtRcxiZKvgReDL",2,57,3,3,2,1,NA,4,2,1,2,1,2,1,1,2,3,1,2,1,4,1,3,1,2,4,3,2
"R_123wblCeAEfOCEH",2,40,3,5,3,NA,1,1,3,2,2,1,2,2,1,2,2,1,3,2,2,2,2,2,1,4,3,4
"R_123wblCeAEfOCEH",2,40,3,5,3,NA,1,2,3,1,1,1,3,1,2,2,1,1,3,1,3,4,2,1,1,1,2,3
"R_123wblCeAEfOCEH",2,40,3,5,3,NA,1,3,1,1,1,2,2,1,1,1,3,2,1,2,2,1,2,1,1,3,1,2
"R_123wblCeAEfOCEH",2,40,3,5,3,NA,1,4,1,2,1,1,2,1,1,2,4,2,2,2,1,3,2,1,1,1,3,3
"R_1BoL4byjlzh1NKB",2,28,4,2,3,NA,1,1,3,2,2,2,2,2,1,1,3,2,1,2,2,3,2,2,3,1,1,3
"R_1BoL4byjlzh1NKB",2,28,4,2,3,NA,1,2,1,1,1,2,2,1,2,2,2,1,2,1,3,2,3,1,7,4,2,4
"R_1BoL4byjlzh1NKB",2,28,4,2,3,NA,1,3,3,2,2,1,2,3,1,2,4,1,2,2,1,3,2,2,1,2,2,2
"R_1BoL4byjlzh1NKB",2,28,4,2,3,NA,1,4,2,2,1,1,3,2,1,2,2,1,2,2,2,2,3,1,1,3,3,1
"R_339l1m9ywA9BZR0",2,33,5,3,2,0,NA,1,2,1,2,2,3,2,1,1,1,2,1,2,2,4,2,1,1,2,3,3
"R_339l1m9ywA9BZR0",2,33,5,3,2,0,NA,2,1,2,1,1,3,3,1,2,3,1,2,2,2,3,2,1,1,1,1,3
"R_339l1m9ywA9BZR0",2,33,5,3,2,0,NA,3,1,2,2,1,2,2,1,1,4,2,2,2,1,3,2,2,2,4,2,2
"R_339l1m9ywA9BZR0",2,33,5,3,2,0,NA,4,1,1,2,1,2,1,1,2,2,1,2,2,1,3,2,2,1,1,1,4
"R_2sSGFhFxNi52SJA",1,19,3,2,3,NA,1,1,2,2,1,2,2,3,1,1,2,2,1,2,3,3,2,1,1,4,2,3
"R_2sSGFhFxNi52SJA",1,19,3,2,3,NA,1,2,2,2,1,2,2,2,1,2,2,2,3,3,2,2,2,2,3,3,3,3
"R_2sSGFhFxNi52SJA",1,19,3,2,3,NA,1,3,3,2,2,1,2,1,1,2,2,1,3,1,3,4,2,1,1,1,3,3
"R_2sSGFhFxNi52SJA",1,19,3,2,3,NA,1,4,3,1,1,2,2,3,1,2,3,1,1,2,1,3,2,2,1,2,1,1
"R_1Icv4FIRFZgGoTE",1,22,3,1,3,NA,-1,1,2,1,1,1,2,2,1,2,1,1,3,1,1,3,2,2,1,1,1,1
"R_1Icv4FIRFZgGoTE",1,22,3,1,3,NA,-1,2,3,2,2,1,2,3,1,1,1,2,2,2,4,3,2,2,1,1,3,2
"R_1Icv4FIRFZgGoTE",1,22,3,1,3,NA,-1,3,3,1,1,2,2,2,1,1,4,2,2,2,2,2,2,2,1,1,3,2
"R_1Icv4FIRFZgGoTE",1,22,3,1,3,NA,-1,4,3,2,1,1,2,3,1,2,2,1,3,3,1,4,2,2,1,2,3,1
"R_1XGf6mNoVx7phWV",1,31,6,2,3,NA,0,1,2,1,2,1,2,3,1,2,2,1,3,2,2,4,2,1,1,4,1,4
"R_1XGf6mNoVx7phWV",1,31,6,2,3,NA,0,2,2,1,2,1,2,3,1,2,2,1,3,2,2,4,2,1,1,4,1,4
"R_1XGf6mNoVx7phWV",1,31,6,2,3,NA,0,3,3,2,1,2,2,3,1,1,1,2,1,2,1,3,2,2,1,3,1,1
"R_1XGf6mNoVx7phWV",1,31,6,2,3,NA,0,4,3,1,1,1,3,1,1,2,2,1,3,3,1,3,1,1,1,3,3,1
"R_2BrgL1en1ZoX9hZ",1,21,3,1,3,NA,-1,1,3,2,2,1,2,3,1,1,3,2,1,3,2,3,2,2,1,1,3,1
"R_2BrgL1en1ZoX9hZ",1,21,3,1,3,NA,-1,2,1,1,1,2,2,3,1,2,2,1,2,2,3,3,2,1,2,3,1,2
"R_2BrgL1en1ZoX9hZ",1,21,3,1,3,NA,-1,3,3,1,1,2,2,2,1,1,4,1,3,2,1,3,2,2,1,2,2,4
"R_2BrgL1en1ZoX9hZ",1,21,3,1,3,NA,-1,4,3,2,2,1,2,2,1,1,2,2,2,2,2,3,2,1,1,2,3,1
"R_3Jq2WNbkRp0qQTf",1,46,5,2,3,NA,-1,1,2,1,2,2,3,1,1,1,1,2,1,3,1,3,2,2,1,2,3,1
"R_3Jq2WNbkRp0qQTf",1,46,5,2,3,NA,-1,2,3,1,2,1,3,2,2,2,3,1,2,2,2,3,2,1,1,4,1,2
"R_3Jq2WNbkRp0qQTf",1,46,5,2,3,NA,-1,3,1,1,1,2,2,1,1,1,4,2,1,2,1,3,2,1,3,3,2,4
"R_3Jq2WNbkRp0qQTf",1,46,5,2,3,NA,-1,4,1,2,2,1,2,2,1,2,2,2,2,3,4,4,2,1,1,4,3,3
"R_2YFABfdJis2ut7D",2,23,3,1,3,NA,0,1,1,1,2,1,3,3,1,1,2,2,1,3,2,4,2,2,1,2,3,1
"R_2YFABfdJis2ut7D",2,23,3,1,3,NA,0,2,1,1,2,1,3,3,1,1,3,2,1,3,2,4,2,2,1,4,3,3
"R_2YFABfdJis2ut7D",2,23,3,1,3,NA,0,3,1,2,2,2,3,2,1,1,3,2,1,3,4,4,2,2,2,4,1,1
"R_2YFABfdJis2ut7D",2,23,3,1,3,NA,0,4,1,1,1,1,2,3,2,2,2,1,1,2,1,1,1,1,1,1,2,3
"R_ZsfqNmeoZaNMeLD",1,33,5,4,3,NA,0,1,1,1,1,1,2,1,2,2,4,1,2,2,1,3,2,1,1,2,1,2
"R_ZsfqNmeoZaNMeLD",1,33,5,4,3,NA,0,2,3,1,1,1,2,1,1,2,4,1,2,1,2,4,2,2,1,3,1,3
"R_ZsfqNmeoZaNMeLD",1,33,5,4,3,NA,0,3,1,1,2,2,3,1,1,1,2,2,1,2,2,3,2,1,1,3,2,1
"R_ZsfqNmeoZaNMeLD",1,33,5,4,3,NA,0,4,3,2,2,2,1,1,1,1,2,2,1,2,1,4,2,2,1,3,1,4
"R_1IoUNCA3lcSYCQ4",1,38,2,2,3,NA,1,1,2,2,1,2,2,2,2,2,1,1,1,2,2,3,2,1,1,3,3,1
"R_1IoUNCA3lcSYCQ4",1,38,2,2,3,NA,1,2,2,1,1,1,2,3,2,2,2,1,3,1,2,4,2,1,7,1,3,4
"R_1IoUNCA3lcSYCQ4",1,38,2,2,3,NA,1,3,2,2,2,1,2,2,1,1,2,2,2,2,3,3,2,2,1,4,3,3
"R_1IoUNCA3lcSYCQ4",1,38,2,2,3,NA,1,4,1,2,2,1,3,1,1,1,3,2,2,3,1,2,3,2,1,4,2,3
"R_32WJXoo7CD28x2C",2,39,4,3,2,1,NA,1,3,2,1,2,2,2,1,1,1,2,2,3,1,3,2,2,1,1,3,3
"R_32WJXoo7CD28x2C",2,39,4,3,2,1,NA,2,3,2,1,2,3,2,1,1,1,2,1,3,2,3,2,2,1,1,1,4
"R_32WJXoo7CD28x2C",2,39,4,3,2,1,NA,3,1,1,1,2,3,1,2,1,2,2,3,1,2,2,2,1,7,2,1,2
"R_32WJXoo7CD28x2C",2,39,4,3,2,1,NA,4,2,1,1,1,3,1,2,2,4,1,3,2,2,2,2,1,1,3,1,1
"R_24e28hy4EgE90eT",2,54,6,2,3,NA,-1,1,2,1,1,2,2,1,1,1,4,2,2,2,1,2,3,1,1,2,2,3
"R_24e28hy4EgE90eT",2,54,6,2,3,NA,-1,2,2,2,1,2,2,3,1,1,2,2,1,2,1,4,2,1,1,3,3,4
"R_24e28hy4EgE90eT",2,54,6,2,3,NA,-1,3,3,1,2,1,2,3,1,2,2,1,3,2,1,3,2,2,1,4,3,1
"R_24e28hy4EgE90eT",2,54,6,2,3,NA,-1,4,1,1,1,2,3,1,1,2,2,1,2,2,3,1,2,1,1,1,2,3
"R_1K1h6Qkou6vJkr4",2,26,5,2,2,0,NA,1,2,1,2,1,3,2,1,2,3,1,2,1,1,3,2,1,1,4,3,3
"R_1K1h6Qkou6vJkr4",2,26,5,2,2,0,NA,2,2,1,1,2,3,3,1,1,4,2,1,2,1,3,2,1,1,2,1,1
"R_1K1h6Qkou6vJkr4",2,26,5,2,2,0,NA,3,1,2,1,1,2,2,2,2,3,1,2,1,2,3,2,1,1,3,1,3
"R_1K1h6Qkou6vJkr4",2,26,5,2,2,0,NA,4,3,2,2,1,2,2,1,2,3,1,3,1,1,4,2,1,1,2,2,2
"R_2OJ85Vh6QAPWjei",2,48,3,4,2,1,NA,1,3,2,1,1,2,3,1,2,3,1,3,2,1,4,2,1,1,1,1,3
"R_2OJ85Vh6QAPWjei",2,48,3,4,2,1,NA,2,3,1,1,2,3,3,1,1,1,2,2,3,2,3,2,1,1,4,3,1
"R_2OJ85Vh6QAPWjei",2,48,3,4,2,1,NA,3,2,2,2,2,3,2,1,1,4,2,1,3,2,4,2,2,1,3,1,1
"R_2OJ85Vh6QAPWjei",2,48,3,4,2,1,NA,4,3,1,2,2,2,3,2,1,1,2,2,2,1,3,2,1,2,2,3,4
"R_XTGGN3Dk8zIZhLP",2,67,5,4,1,1,NA,1,3,1,1,2,2,1,1,2,3,1,3,2,2,3,2,1,1,2,3,3
"R_XTGGN3Dk8zIZhLP",2,67,5,4,1,1,NA,2,3,2,1,2,2,1,1,2,2,1,2,1,3,4,2,2,1,1,2,2
"R_XTGGN3Dk8zIZhLP",2,67,5,4,1,1,NA,3,3,1,1,1,2,1,1,2,4,1,3,2,2,2,3,1,1,4,3,1
"R_XTGGN3Dk8zIZhLP",2,67,5,4,1,1,NA,4,1,1,1,2,2,1,1,1,4,2,1,2,1,3,2,2,1,3,1,2
"R_1rcsCLaYtvkp2B6",2,51,5,3,1,0,NA,1,2,2,1,1,2,2,1,2,3,1,3,2,1,1,2,2,2,2,1,2
"R_1rcsCLaYtvkp2B6",2,51,5,3,1,0,NA,2,3,1,2,2,3,2,1,1,3,2,1,3,1,3,2,2,1,4,1,4
"R_1rcsCLaYtvkp2B6",2,51,5,3,1,0,NA,3,1,2,1,2,2,1,2,1,1,2,2,2,1,2,1,1,1,1,1,3
"R_1rcsCLaYtvkp2B6",2,51,5,3,1,0,NA,4,2,2,2,1,3,2,1,1,3,1,1,3,1,4,3,2,2,1,1,2
"R_W9hBpTLEXC6VaPT",2,37,5,3,3,NA,1,1,1,2,1,1,2,2,1,2,3,1,2,2,2,3,2,1,1,1,2,1
"R_W9hBpTLEXC6VaPT",2,37,5,3,3,NA,1,2,1,2,2,2,2,2,1,1,2,2,1,2,2,4,2,2,1,4,1,4
"R_W9hBpTLEXC6VaPT",2,37,5,3,3,NA,1,3,1,2,2,2,2,1,1,1,2,2,1,1,2,4,2,2,1,4,2,1
"R_W9hBpTLEXC6VaPT",2,37,5,3,3,NA,1,4,1,2,1,2,2,1,1,2,2,1,2,1,2,3,2,1,1,3,1,3
"R_bBHScHrzNBZwXuN",1,40,5,5,3,NA,0,1,3,2,1,2,3,1,1,1,1,2,1,3,1,3,2,1,1,4,3,1
"R_bBHScHrzNBZwXuN",1,40,5,5,3,NA,0,2,2,2,2,1,2,2,2,2,2,1,3,2,2,3,2,1,1,1,2,3
"R_bBHScHrzNBZwXuN",1,40,5,5,3,NA,0,3,1,1,2,1,3,2,2,2,3,1,3,2,2,3,2,1,1,2,2,2
"R_bBHScHrzNBZwXuN",1,40,5,5,3,NA,0,4,2,2,1,1,2,3,1,2,2,2,3,2,2,3,2,1,1,3,1,4
"R_2vdLg6iNOXsvPRb",1,26,5,4,2,0,NA,1,1,1,1,2,3,2,1,2,4,1,2,1,2,3,2,2,1,4,3,3
"R_2vdLg6iNOXsvPRb",1,26,5,4,2,0,NA,2,3,2,2,2,2,3,1,1,4,2,2,2,2,4,2,2,1,1,2,4
"R_2vdLg6iNOXsvPRb",1,26,5,4,2,0,NA,3,3,2,1,2,3,2,1,2,4,1,3,2,2,4,2,2,1,3,2,3
"R_2vdLg6iNOXsvPRb",1,26,5,4,2,0,NA,4,1,2,2,2,2,1,1,1,2,2,2,1,1,3,2,1,1,2,2,1
"R_1gdbEMeg5ekH6sg",1,36,5,4,2,1,NA,1,3,1,2,2,3,2,1,1,4,2,1,2,1,4,2,2,1,3,2,2
"R_1gdbEMeg5ekH6sg",1,36,5,4,2,1,NA,2,3,1,1,1,3,3,1,2,3,1,3,2,3,3,2,1,1,4,3,3
"R_1gdbEMeg5ekH6sg",1,36,5,4,2,1,NA,3,1,1,2,1,2,1,1,2,1,2,2,1,1,3,2,1,7,1,2,3
"R_1gdbEMeg5ekH6sg",1,36,5,4,2,1,NA,4,1,2,2,1,2,3,2,1,2,2,2,1,2,2,3,1,2,1,2,2
"R_1QlNwFcVFdFimGL",2,28,6,1,2,1,NA,1,3,2,1,1,3,3,1,1,2,1,2,1,1,3,2,1,1,2,3,3
"R_1QlNwFcVFdFimGL",2,28,6,1,2,1,NA,2,2,1,2,1,3,3,1,1,4,2,2,1,2,3,2,1,2,1,1,1
"R_1QlNwFcVFdFimGL",2,28,6,1,2,1,NA,3,2,2,1,2,2,1,1,1,4,2,1,1,1,4,3,1,1,2,2,3
"R_1QlNwFcVFdFimGL",2,28,6,1,2,1,NA,4,3,2,2,2,3,1,1,1,1,2,1,2,1,1,2,1,1,4,3,2
"R_1OQd8VVBrA4TiLb",2,36,5,3,3,NA,0,1,1,1,1,2,3,2,2,2,4,1,3,2,2,3,2,1,2,1,1,1
"R_1OQd8VVBrA4TiLb",2,36,5,3,3,NA,0,2,1,2,2,1,2,1,1,1,1,2,1,1,1,2,2,2,1,2,3,4
"R_1OQd8VVBrA4TiLb",2,36,5,3,3,NA,0,3,2,2,1,2,3,3,1,1,2,1,2,3,3,4,2,1,1,2,1,3
"R_1OQd8VVBrA4TiLb",2,36,5,3,3,NA,0,4,3,1,1,2,2,3,1,2,3,1,3,3,2,1,3,2,1,3,3,3
"R_b9mrVocVqTl3nj3",2,37,5,4,2,1,NA,1,2,1,1,1,3,3,1,2,3,1,3,2,2,3,2,1,1,2,2,3
"R_b9mrVocVqTl3nj3",2,37,5,4,2,1,NA,2,2,1,1,2,2,3,2,1,4,1,2,2,2,3,2,1,1,3,1,2
"R_b9mrVocVqTl3nj3",2,37,5,4,2,1,NA,3,1,2,1,2,2,1,1,1,1,2,1,3,1,2,2,1,1,1,3,1
"R_b9mrVocVqTl3nj3",2,37,5,4,2,1,NA,4,2,2,2,1,1,1,1,1,1,2,1,1,1,3,3,2,1,1,1,4
"R_6mKWT7Nj2FXE8wx",2,38,5,2,1,0,NA,1,3,2,2,1,3,2,1,2,2,2,3,3,2,3,2,1,1,2,3,3
"R_6mKWT7Nj2FXE8wx",2,38,5,2,1,0,NA,2,2,1,1,1,2,1,1,2,3,1,3,1,3,2,2,1,1,4,2,1
"R_6mKWT7Nj2FXE8wx",2,38,5,2,1,0,NA,3,1,1,1,2,2,1,2,2,2,1,3,1,1,2,1,1,1,2,1,2
"R_6mKWT7Nj2FXE8wx",2,38,5,2,1,0,NA,4,2,2,1,1,2,3,1,1,1,2,2,2,1,3,1,1,3,1,2,1
"R_3qQAGFBpwkUE91F",1,31,3,1,2,1,NA,1,1,1,1,1,3,3,1,2,1,1,3,1,3,3,2,1,1,1,2,3
"R_3qQAGFBpwkUE91F",1,31,3,1,2,1,NA,2,3,2,1,1,2,2,1,1,4,1,2,2,1,4,2,2,1,4,3,1
"R_3qQAGFBpwkUE91F",1,31,3,1,2,1,NA,3,3,1,2,2,3,3,1,1,4,2,1,3,1,3,3,2,1,2,1,2
"R_3qQAGFBpwkUE91F",1,31,3,1,2,1,NA,4,3,1,2,2,2,1,2,1,2,2,1,2,2,4,2,1,1,4,1,4
"R_vYK7mBAqHR8l6Cd",1,26,6,3,3,NA,-1,1,3,2,1,1,2,3,1,1,4,1,2,2,3,4,2,1,1,1,2,1
"R_vYK7mBAqHR8l6Cd",1,26,6,3,3,NA,-1,2,3,1,1,1,2,3,1,2,1,1,3,2,1,1,1,1,1,3,1,3
"R_vYK7mBAqHR8l6Cd",1,26,6,3,3,NA,-1,3,2,1,2,1,3,1,2,2,2,2,2,1,2,3,3,2,2,2,3,2
"R_vYK7mBAqHR8l6Cd",1,26,6,3,3,NA,-1,4,1,2,1,1,3,2,1,2,3,1,2,3,2,2,2,2,1,4,1,4
"R_83aZKAik9aDjl0B",1,53,5,4,1,0,NA,1,2,1,1,2,2,3,1,2,2,1,3,2,1,3,2,1,1,3,3,1
"R_83aZKAik9aDjl0B",1,53,5,4,1,0,NA,2,2,1,1,2,2,3,1,2,2,1,3,2,1,3,2,1,1,3,3,1
"R_83aZKAik9aDjl0B",1,53,5,4,1,0,NA,3,1,1,2,1,2,2,1,2,3,1,1,2,1,3,2,1,1,4,3,3
"R_83aZKAik9aDjl0B",1,53,5,4,1,0,NA,4,3,1,1,2,2,2,1,1,4,2,1,3,2,4,2,2,1,3,1,4
"R_2b3mH7M5fdAkzHy",1,35,2,3,3,NA,0,1,3,1,1,1,3,3,2,2,2,1,3,3,1,3,2,1,1,4,2,1
"R_2b3mH7M5fdAkzHy",1,35,2,3,3,NA,0,2,2,1,1,2,2,2,1,1,1,2,2,3,1,4,2,2,1,3,1,3
"R_2b3mH7M5fdAkzHy",1,35,2,3,3,NA,0,3,1,1,2,1,2,1,1,1,2,2,2,3,2,4,2,1,1,2,1,4
"R_2b3mH7M5fdAkzHy",1,35,2,3,3,NA,0,4,2,2,1,1,2,3,1,2,4,2,3,3,2,4,2,2,1,2,2,1
"R_2BkwRcx6qn233Gc",2,48,6,4,2,1,NA,1,3,2,1,1,2,1,1,1,1,2,2,2,1,3,2,1,1,4,3,2
"R_2BkwRcx6qn233Gc",2,48,6,4,2,1,NA,2,2,1,1,1,3,1,2,2,2,1,3,2,2,3,3,1,7,2,1,4
"R_2BkwRcx6qn233Gc",2,48,6,4,2,1,NA,3,1,1,2,1,2,2,1,1,4,2,2,1,2,1,1,2,1,1,2,1
"R_2BkwRcx6qn233Gc",2,48,6,4,2,1,NA,4,3,2,2,2,2,3,1,2,3,2,1,3,4,4,2,1,1,4,1,2
"R_5otsQYcBdtR6Qy5",2,54,3,2,2,1,NA,1,3,1,2,2,1,3,1,1,3,2,1,3,1,4,2,2,1,1,3,2
"R_5otsQYcBdtR6Qy5",2,54,3,2,2,1,NA,2,2,1,1,2,3,2,2,2,4,1,2,1,3,3,2,2,1,4,2,1
"R_5otsQYcBdtR6Qy5",2,54,3,2,2,1,NA,3,3,1,1,1,2,3,1,2,2,1,3,1,2,3,2,2,3,3,2,3
"R_5otsQYcBdtR6Qy5",2,54,3,2,2,1,NA,4,3,1,1,1,2,3,1,2,2,1,3,1,2,3,2,2,3,3,2,3
"R_T8k3ep57woRcJ0J",1,43,6,3,2,1,NA,1,3,2,1,2,2,1,1,1,1,2,1,3,2,4,2,1,1,1,3,3
"R_T8k3ep57woRcJ0J",1,43,6,3,2,1,NA,2,2,2,1,2,2,1,1,1,2,2,1,3,2,3,2,1,1,2,1,1
"R_T8k3ep57woRcJ0J",1,43,6,3,2,1,NA,3,3,2,1,1,2,1,1,1,2,2,2,3,2,2,3,1,1,3,1,4
"R_T8k3ep57woRcJ0J",1,43,6,3,2,1,NA,4,3,1,1,1,2,1,1,2,3,1,2,3,1,3,2,1,2,1,2,3
"R_3EgKf7vqHDhK3nN",2,71,4,1,1,0,NA,1,1,2,2,1,2,1,1,2,1,1,3,1,3,4,2,1,2,2,2,1
"R_3EgKf7vqHDhK3nN",2,71,4,1,1,0,NA,2,2,1,1,2,3,2,2,2,2,1,2,2,2,2,2,2,1,1,1,3
"R_3EgKf7vqHDhK3nN",2,71,4,1,1,0,NA,3,1,1,2,2,3,3,1,1,4,2,1,2,2,3,2,1,1,4,1,2
"R_3EgKf7vqHDhK3nN",2,71,4,1,1,0,NA,4,1,1,1,2,3,2,1,2,3,2,3,3,1,1,3,1,7,3,3,1
"R_3s6ygfSkDwtG3rT",1,35,6,5,2,0,NA,1,1,1,1,1,3,2,1,2,4,1,3,2,2,2,2,2,1,4,2,3
"R_3s6ygfSkDwtG3rT",1,35,6,5,2,0,NA,2,3,1,1,1,3,2,1,2,1,1,2,3,2,3,2,2,1,1,1,1
"R_3s6ygfSkDwtG3rT",1,35,6,5,2,0,NA,3,1,2,1,2,2,3,1,1,2,2,1,3,1,2,2,1,1,2,3,4
"R_3s6ygfSkDwtG3rT",1,35,6,5,2,0,NA,4,1,2,1,2,2,3,1,1,2,2,1,3,1,3,2,1,1,2,3,4
"R_3Dtexob7j2cgK25",2,38,2,1,3,NA,1,1,3,2,2,2,2,1,1,1,1,2,1,1,2,2,2,2,1,4,1,1
"R_3Dtexob7j2cgK25",2,38,2,1,3,NA,1,2,3,1,1,1,2,1,2,1,4,1,3,1,3,4,2,1,1,2,3,4
"R_3Dtexob7j2cgK25",2,38,2,1,3,NA,1,3,3,2,2,1,2,3,1,2,2,2,3,1,1,3,2,1,1,3,2,4
"R_3Dtexob7j2cgK25",2,38,2,1,3,NA,1,4,1,2,1,2,3,2,2,2,4,2,2,3,2,3,3,2,2,1,1,2
"R_bxchd7QvPhCZVsd",2,47,5,5,3,NA,1,1,2,2,1,2,2,3,1,1,4,1,1,2,1,3,2,1,1,4,3,2
"R_bxchd7QvPhCZVsd",2,47,5,5,3,NA,1,2,1,1,1,2,2,2,2,2,2,1,3,2,2,3,2,1,1,3,2,3
"R_bxchd7QvPhCZVsd",2,47,5,5,3,NA,1,3,2,1,2,2,2,3,2,2,4,2,3,2,3,4,2,1,7,1,2,1
"R_bxchd7QvPhCZVsd",2,47,5,5,3,NA,1,4,1,2,2,1,3,1,1,1,3,2,1,3,2,3,2,1,1,1,3,1
"R_3qO6KmWVzAatRWt",2,51,5,2,2,0,NA,1,1,2,2,2,3,2,1,1,3,2,1,2,1,3,2,1,1,2,3,4
"R_3qO6KmWVzAatRWt",2,51,5,2,2,0,NA,2,1,1,1,2,3,3,2,1,1,1,2,2,2,2,1,2,1,4,1,2
"R_3qO6KmWVzAatRWt",2,51,5,2,2,0,NA,3,1,1,1,2,2,2,1,2,4,1,3,1,3,3,2,2,7,3,1,3
"R_3qO6KmWVzAatRWt",2,51,5,2,2,0,NA,4,3,2,1,2,2,3,1,2,1,1,3,3,4,4,3,1,2,1,2,3
"R_1nTKs2m4OUTKhYc",1,55,3,3,3,NA,1,1,2,2,2,1,3,1,1,1,2,2,1,2,2,4,2,1,3,4,3,3
"R_1nTKs2m4OUTKhYc",1,55,3,3,3,NA,1,2,1,1,2,1,2,1,2,2,4,1,3,1,1,3,2,1,2,2,2,1
"R_1nTKs2m4OUTKhYc",1,55,3,3,3,NA,1,3,2,1,1,2,3,1,1,1,2,1,2,2,2,3,2,2,1,4,2,2
"R_1nTKs2m4OUTKhYc",1,55,3,3,3,NA,1,4,3,1,2,2,2,1,1,1,1,2,2,2,1,4,2,2,7,4,1,4
"R_21AgBRJowvmmwmn",2,44,5,4,2,1,NA,1,2,1,2,1,2,3,1,2,3,2,3,2,2,3,2,2,7,1,1,3
"R_21AgBRJowvmmwmn",2,44,5,4,2,1,NA,2,3,2,2,1,2,1,1,1,4,2,2,2,2,3,2,2,1,3,2,1
"R_21AgBRJowvmmwmn",2,44,5,4,2,1,NA,3,3,1,2,1,2,3,1,2,1,2,2,2,2,3,2,2,1,2,3,1
"R_21AgBRJowvmmwmn",2,44,5,4,2,1,NA,4,1,2,1,2,2,3,1,2,2,1,2,2,2,3,2,1,1,4,2,1
"R_rlkudiEVgAZVZdL",1,28,2,6,1,0,NA,1,2,1,2,2,3,3,1,1,3,2,1,2,1,2,3,1,1,1,1,1
"R_rlkudiEVgAZVZdL",1,28,2,6,1,0,NA,2,3,2,1,2,1,1,1,2,2,2,3,1,1,4,2,2,1,3,3,3
"R_rlkudiEVgAZVZdL",1,28,2,6,1,0,NA,3,3,1,2,1,1,1,1,1,4,1,3,2,3,3,2,2,1,1,3,2
"R_rlkudiEVgAZVZdL",1,28,2,6,1,0,NA,4,1,1,2,2,2,1,1,1,2,2,1,2,4,1,2,1,1,4,1,3
"R_1DTCSzKOt56pSid",2,21,3,6,1,0,NA,1,3,1,2,2,3,3,1,1,1,2,1,3,2,3,2,2,1,1,2,1
"R_1DTCSzKOt56pSid",2,21,3,6,1,0,NA,2,3,2,2,1,2,1,1,2,2,2,3,2,2,4,2,1,1,4,1,3
"R_1DTCSzKOt56pSid",2,21,3,6,1,0,NA,3,3,2,1,2,2,3,2,1,1,2,1,2,1,3,2,1,1,4,2,4
"R_1DTCSzKOt56pSid",2,21,3,6,1,0,NA,4,1,2,1,2,2,2,2,1,2,2,1,2,1,3,2,2,3,4,1,3
"R_3LXdj0srjdcJxW1",2,35,6,6,3,NA,-1,1,1,2,1,1,3,3,1,2,1,1,3,3,2,3,2,1,1,1,3,3
"R_3LXdj0srjdcJxW1",2,35,6,6,3,NA,-1,2,3,2,2,2,3,2,1,1,3,2,1,3,1,3,3,2,1,2,1,1
"R_3LXdj0srjdcJxW1",2,35,6,6,3,NA,-1,3,3,1,1,2,3,3,2,1,2,2,2,3,2,3,3,1,1,2,1,3
"R_3LXdj0srjdcJxW1",2,35,6,6,3,NA,-1,4,1,1,1,2,3,1,2,1,3,1,3,2,2,3,2,1,1,3,2,4
"R_2YAksd4ZPb7HKei",2,30,4,3,3,NA,1,1,3,1,1,2,2,1,1,1,3,2,1,1,1,2,2,2,2,1,2,4
"R_2YAksd4ZPb7HKei",2,30,4,3,3,NA,1,2,3,1,1,2,2,1,1,1,1,1,1,2,2,3,1,2,1,3,1,1
"R_2YAksd4ZPb7HKei",2,30,4,3,3,NA,1,3,1,1,1,1,2,1,2,1,4,2,1,1,3,2,2,1,1,4,3,2
"R_2YAksd4ZPb7HKei",2,30,4,3,3,NA,1,4,1,1,2,2,3,1,1,2,2,1,1,3,4,3,2,1,3,2,3,1
"R_1C76rKpullXuuKW",1,28,5,1,2,1,NA,1,2,2,2,2,3,3,1,1,4,2,2,3,1,3,2,1,1,2,3,4
"R_1C76rKpullXuuKW",1,28,5,1,2,1,NA,2,1,2,1,1,3,3,1,2,2,1,2,3,2,3,2,1,1,2,1,3
"R_1C76rKpullXuuKW",1,28,5,1,2,1,NA,3,2,1,1,1,3,3,2,2,2,1,2,3,1,3,2,1,1,1,1,4
"R_1C76rKpullXuuKW",1,28,5,1,2,1,NA,4,3,2,1,2,3,3,1,1,1,2,2,3,1,3,2,1,1,1,3,1
"R_2dsZFUtYPa46856",2,34,3,1,3,NA,0,1,2,1,1,2,2,3,2,1,3,2,2,2,3,2,2,1,2,4,2,1
"R_2dsZFUtYPa46856",2,34,3,1,3,NA,0,2,3,2,1,1,3,2,1,2,1,1,3,3,2,4,2,2,1,2,3,4
"R_2dsZFUtYPa46856",2,34,3,1,3,NA,0,3,1,2,1,2,2,1,2,1,2,2,2,1,1,3,2,2,1,1,1,2
"R_2dsZFUtYPa46856",2,34,3,1,3,NA,0,4,1,1,2,1,1,1,1,2,4,1,3,1,4,3,3,1,7,3,2,3
"R_28Pd03sThAocVUN",1,33,5,5,1,1,NA,1,2,1,1,2,3,2,1,2,2,1,3,3,2,3,2,1,7,4,3,1
"R_28Pd03sThAocVUN",1,33,5,5,1,1,NA,2,3,1,1,2,3,2,1,2,2,1,3,3,2,3,2,2,7,4,3,1
"R_28Pd03sThAocVUN",1,33,5,5,1,1,NA,3,2,1,2,2,3,2,1,1,2,2,3,3,2,3,2,2,1,4,3,1
"R_28Pd03sThAocVUN",1,33,5,5,1,1,NA,4,1,2,1,1,3,3,1,2,2,1,3,3,2,3,2,2,1,4,3,1
"R_33DrDNsdbfeGzLm",1,36,4,1,2,0,NA,1,1,2,1,1,2,3,1,1,4,1,1,2,2,2,2,1,1,3,1,3
"R_33DrDNsdbfeGzLm",1,36,4,1,2,0,NA,2,3,2,1,1,2,2,1,1,1,1,1,2,1,2,1,1,1,2,2,2
"R_33DrDNsdbfeGzLm",1,36,4,1,2,0,NA,3,2,1,1,2,2,3,1,1,3,2,2,2,2,2,2,1,2,2,3,1
"R_33DrDNsdbfeGzLm",1,36,4,1,2,0,NA,4,3,2,2,2,2,2,1,1,3,1,3,2,1,2,1,1,1,1,2,3
"R_3KNrFaRZgxYfMbZ",2,31,3,2,3,NA,-1,1,3,1,2,2,3,3,1,1,2,1,2,2,2,4,2,2,1,2,3,3
"R_3KNrFaRZgxYfMbZ",2,31,3,2,3,NA,-1,2,1,1,1,2,2,1,2,2,4,2,3,2,3,3,2,1,1,4,2,1
"R_3KNrFaRZgxYfMbZ",2,31,3,2,3,NA,-1,3,2,2,2,2,3,3,1,2,3,1,2,3,1,3,2,1,1,3,1,4
"R_3KNrFaRZgxYfMbZ",2,31,3,2,3,NA,-1,4,1,2,1,2,2,3,1,2,2,2,3,3,1,3,2,2,1,3,3,2
"R_OIRAGR8VRNENMVH",2,33,6,2,2,1,NA,1,2,2,1,2,3,1,2,1,1,2,2,2,1,3,2,1,1,1,3,4
"R_OIRAGR8VRNENMVH",2,33,6,2,2,1,NA,2,3,1,1,1,2,3,1,2,4,1,3,2,2,4,2,2,1,4,2,3
"R_OIRAGR8VRNENMVH",2,33,6,2,2,1,NA,3,3,2,2,1,2,3,1,1,4,2,1,3,2,3,3,2,1,2,1,1
"R_OIRAGR8VRNENMVH",2,33,6,2,2,1,NA,4,2,1,2,1,2,1,2,2,4,1,2,2,1,3,2,1,2,4,2,2
"R_3QWD2Y1uDKGbLIv",1,40,3,4,3,NA,1,1,2,1,2,2,2,3,2,1,3,2,1,3,2,4,2,2,1,3,2,2
"R_3QWD2Y1uDKGbLIv",1,40,3,4,3,NA,1,2,2,1,1,2,3,1,2,2,2,2,2,3,1,2,2,1,2,1,3,4
"R_3QWD2Y1uDKGbLIv",1,40,3,4,3,NA,1,3,1,2,2,2,2,3,1,1,4,2,1,2,2,3,2,2,1,4,1,2
"R_3QWD2Y1uDKGbLIv",1,40,3,4,3,NA,1,4,3,2,1,1,2,2,2,2,2,1,2,3,3,4,2,2,1,2,2,3
"R_2CQ8z90mxcLFM1j",2,28,3,5,1,1,NA,1,1,1,2,2,3,2,1,1,3,2,1,3,1,3,2,2,1,3,1,1
"R_2CQ8z90mxcLFM1j",2,28,3,5,1,1,NA,2,2,1,2,2,2,3,1,1,2,2,1,2,2,4,2,2,1,1,2,3
"R_2CQ8z90mxcLFM1j",2,28,3,5,1,1,NA,3,2,1,1,2,2,2,2,2,3,1,2,1,3,3,2,1,1,2,2,1
"R_2CQ8z90mxcLFM1j",2,28,3,5,1,1,NA,4,2,2,2,2,2,2,1,1,2,2,1,3,1,4,2,2,1,3,3,4
"R_2dK3rUAfjScgmRv",1,23,5,3,2,0,NA,1,3,1,2,2,3,3,1,1,4,2,1,3,2,3,2,1,1,3,2,2
"R_2dK3rUAfjScgmRv",1,23,5,3,2,0,NA,2,3,1,1,1,3,3,1,2,3,1,3,3,2,4,2,1,1,4,2,3
"R_2dK3rUAfjScgmRv",1,23,5,3,2,0,NA,3,2,1,1,1,3,3,2,2,4,1,3,3,2,4,2,1,1,1,2,1
"R_2dK3rUAfjScgmRv",1,23,5,3,2,0,NA,4,1,2,2,1,2,2,1,1,1,2,2,3,2,3,3,1,1,2,2,3
"R_29ogOcLCuonGUjB",2,27,6,4,3,NA,-1,1,1,2,2,2,2,2,1,1,2,2,1,3,2,3,2,1,1,2,1,4
"R_29ogOcLCuonGUjB",2,27,6,4,3,NA,-1,2,1,2,2,2,2,2,1,1,3,2,1,3,2,3,2,1,1,3,1,4
"R_29ogOcLCuonGUjB",2,27,6,4,3,NA,-1,3,1,2,1,2,3,3,2,1,4,2,2,2,1,2,2,1,1,2,3,1
"R_29ogOcLCuonGUjB",2,27,6,4,3,NA,-1,4,3,1,2,2,3,3,1,1,2,2,2,2,2,4,3,2,1,1,3,3
"R_3EbPTc64g1bACUz",1,27,5,2,3,NA,-1,1,1,2,2,1,3,3,1,1,3,2,2,2,1,3,2,2,1,1,2,4
"R_3EbPTc64g1bACUz",1,27,5,2,3,NA,-1,2,3,1,2,2,3,3,1,1,3,2,1,2,1,4,2,2,1,3,1,3
"R_3EbPTc64g1bACUz",1,27,5,2,3,NA,-1,3,1,2,2,2,3,3,1,1,4,2,1,3,1,3,2,1,1,1,2,1
"R_3EbPTc64g1bACUz",1,27,5,2,3,NA,-1,4,2,2,1,1,3,3,2,2,3,1,2,2,2,3,2,1,1,3,3,2
"R_1HcukDz1fQSy3Dk",1,30,4,4,2,0,NA,1,2,2,1,2,3,1,1,1,1,2,1,3,1,4,2,1,1,1,1,2
"R_1HcukDz1fQSy3Dk",1,30,4,4,2,0,NA,2,1,1,1,2,2,1,1,1,4,2,2,3,2,3,2,1,1,2,2,3
"R_1HcukDz1fQSy3Dk",1,30,4,4,2,0,NA,3,1,1,1,2,2,1,1,1,1,2,2,3,2,3,2,1,1,2,2,1
"R_1HcukDz1fQSy3Dk",1,30,4,4,2,0,NA,4,2,2,2,2,2,3,1,1,2,2,1,3,2,3,2,1,1,4,3,4
"R_2EplatmJGfs8jfR",1,26,6,2,3,NA,0,1,3,2,2,1,2,1,1,1,4,2,2,1,1,3,2,2,1,3,2,1
"R_2EplatmJGfs8jfR",1,26,6,2,3,NA,0,2,2,1,2,2,2,1,1,1,4,2,2,2,2,4,2,1,1,1,1,2
"R_2EplatmJGfs8jfR",1,26,6,2,3,NA,0,3,2,2,1,2,2,1,2,2,2,1,2,1,3,2,2,1,1,2,3,3
"R_2EplatmJGfs8jfR",1,26,6,2,3,NA,0,4,2,1,1,1,2,1,1,2,4,1,3,2,2,3,2,1,1,4,3,4
"R_2PAJRK2DVEo7eQJ",1,38,5,2,3,NA,-1,1,1,2,1,1,3,2,1,2,1,1,2,2,2,3,2,1,1,3,2,1
"R_2PAJRK2DVEo7eQJ",1,38,5,2,3,NA,-1,2,2,2,1,2,2,2,1,1,4,2,1,3,1,4,2,1,1,1,3,2
"R_2PAJRK2DVEo7eQJ",1,38,5,2,3,NA,-1,3,1,2,1,2,2,1,1,1,2,2,1,2,1,3,2,2,1,2,2,3
"R_2PAJRK2DVEo7eQJ",1,38,5,2,3,NA,-1,4,1,2,2,2,2,2,1,1,1,2,1,1,4,2,2,1,1,1,1,4
"R_3et4Xk8aMpWhokE",2,24,3,1,2,0,NA,1,1,1,1,1,2,1,1,2,3,1,2,2,2,2,2,1,1,4,3,2
"R_3et4Xk8aMpWhokE",2,24,3,1,2,0,NA,2,2,2,2,1,3,3,1,1,4,2,1,2,1,3,1,1,1,2,1,1
"R_3et4Xk8aMpWhokE",2,24,3,1,2,0,NA,3,3,1,1,2,3,2,1,2,2,2,2,3,3,4,2,2,1,3,3,4
"R_3et4Xk8aMpWhokE",2,24,3,1,2,0,NA,4,3,2,2,1,2,1,2,1,3,2,1,2,3,3,3,1,1,4,2,1
"R_3EzrYacD60l6A2z",2,32,5,2,2,0,NA,1,3,2,1,2,2,3,1,1,2,2,2,2,1,3,2,2,1,1,2,4
"R_3EzrYacD60l6A2z",2,32,5,2,2,0,NA,2,1,2,2,2,2,3,1,1,4,2,1,3,2,3,2,2,1,2,1,3
"R_3EzrYacD60l6A2z",2,32,5,2,2,0,NA,3,3,2,1,1,3,2,1,2,3,1,3,2,1,4,2,2,1,4,3,1
"R_3EzrYacD60l6A2z",2,32,5,2,2,0,NA,4,1,1,2,1,2,1,2,2,4,1,2,2,3,2,2,1,1,3,3,2
"R_26bDQZOZUAHLwIx",2,50,5,5,1,0,NA,1,1,2,2,2,2,1,1,1,4,2,1,2,1,3,2,1,1,2,3,1
"R_26bDQZOZUAHLwIx",2,50,5,5,1,0,NA,2,1,1,1,2,2,1,2,1,1,1,1,2,3,3,2,1,1,3,3,4
"R_26bDQZOZUAHLwIx",2,50,5,5,1,0,NA,3,2,1,1,1,1,3,1,2,2,1,2,3,1,3,3,2,1,3,2,1
"R_26bDQZOZUAHLwIx",2,50,5,5,1,0,NA,4,3,1,1,1,3,3,1,2,4,1,3,3,2,3,2,2,2,4,1,2
"R_3PnSrQeJEfEmM6D",2,36,6,6,3,NA,1,1,2,1,1,2,2,2,1,2,2,1,3,2,1,3,2,1,1,3,3,1
"R_3PnSrQeJEfEmM6D",2,36,6,6,3,NA,1,2,2,2,2,2,3,3,1,1,4,2,1,3,2,3,2,2,1,4,3,1
"R_3PnSrQeJEfEmM6D",2,36,6,6,3,NA,1,3,3,2,1,2,2,2,1,1,4,2,1,2,2,4,2,2,1,2,1,1
"R_3PnSrQeJEfEmM6D",2,36,6,6,3,NA,1,4,2,1,1,2,2,1,1,2,1,2,3,2,3,2,2,1,1,2,2,2
"R_2z7pufN7cheYL7C",2,49,3,3,3,NA,-1,1,3,2,1,2,2,2,2,1,3,2,1,1,3,4,2,1,1,3,2,2
"R_2z7pufN7cheYL7C",2,49,3,3,3,NA,-1,2,2,1,2,1,2,1,1,2,1,1,3,1,4,1,2,1,7,1,3,1
"R_2z7pufN7cheYL7C",2,49,3,3,3,NA,-1,3,3,1,2,1,1,1,1,2,4,2,2,1,3,4,2,1,2,2,2,3
"R_2z7pufN7cheYL7C",2,49,3,3,3,NA,-1,4,2,1,1,2,3,1,1,1,1,1,2,2,2,2,2,1,3,3,1,4
"R_1KlFVztXC4rnpti",2,27,5,2,2,1,NA,1,3,2,1,2,2,2,1,1,2,2,1,3,2,4,2,2,1,1,1,4
"R_1KlFVztXC4rnpti",2,27,5,2,2,1,NA,2,2,2,2,1,3,3,1,2,3,2,2,2,1,3,3,1,2,4,2,3
"R_1KlFVztXC4rnpti",2,27,5,2,2,1,NA,3,3,2,2,2,2,2,1,1,2,2,1,3,2,4,2,2,1,2,1,4
"R_1KlFVztXC4rnpti",2,27,5,2,2,1,NA,4,2,2,2,1,3,3,1,2,2,1,2,2,2,3,3,1,2,3,3,3
"R_2tzpDnD3xA0xtb2",2,37,5,3,4,NA,1,1,2,2,1,2,2,3,2,2,2,2,1,3,1,3,2,1,7,2,1,2
"R_2tzpDnD3xA0xtb2",2,37,5,3,4,NA,1,2,1,2,2,1,3,1,1,2,3,1,2,3,4,2,2,1,1,1,3,3
"R_2tzpDnD3xA0xtb2",2,37,5,3,4,NA,1,3,1,2,1,1,2,2,2,1,4,1,3,3,2,1,2,1,2,2,2,2
"R_2tzpDnD3xA0xtb2",2,37,5,3,4,NA,1,4,1,2,2,2,2,1,1,1,1,2,1,3,1,4,2,2,1,4,1,1
"R_3EssoKqil06mZ7k",2,25,5,2,2,1,NA,1,1,2,1,1,2,1,1,2,4,1,1,1,1,3,2,2,1,2,2,2
"R_3EssoKqil06mZ7k",2,25,5,2,2,1,NA,2,2,2,1,2,3,1,1,1,1,2,1,2,2,4,2,1,1,1,3,3
"R_3EssoKqil06mZ7k",2,25,5,2,2,1,NA,3,1,1,2,1,2,2,2,2,3,2,2,1,3,3,2,1,1,3,1,1
"R_3EssoKqil06mZ7k",2,25,5,2,2,1,NA,4,3,1,1,2,2,1,1,2,3,1,3,2,4,3,2,1,1,2,2,4
"R_2SAGCJJkU6FDl0O",1,23,2,1,3,NA,1,1,2,1,1,1,2,3,2,1,4,1,3,2,2,2,2,1,1,3,3,1
"R_2SAGCJJkU6FDl0O",1,23,2,1,3,NA,1,2,3,2,1,1,2,2,1,1,4,1,2,2,1,2,1,1,1,3,3,1
"R_2SAGCJJkU6FDl0O",1,23,2,1,3,NA,1,3,3,2,1,2,3,2,1,1,3,2,1,2,2,4,2,2,1,2,1,3
"R_2SAGCJJkU6FDl0O",1,23,2,1,3,NA,1,4,3,2,1,1,2,2,1,1,4,1,2,2,1,2,2,1,1,3,3,1
"R_4SFMxrKMGCXwbnz",2,27,2,3,3,NA,0,1,1,2,2,2,3,2,1,1,3,2,1,3,1,4,2,1,1,2,2,3
"R_4SFMxrKMGCXwbnz",2,27,2,3,3,NA,0,2,1,1,2,2,3,2,1,2,3,2,1,3,2,4,2,1,1,4,2,3
"R_4SFMxrKMGCXwbnz",2,27,2,3,3,NA,0,3,2,2,1,2,3,2,1,1,3,2,1,3,1,3,2,1,1,3,1,3
"R_4SFMxrKMGCXwbnz",2,27,2,3,3,NA,0,4,3,2,2,2,2,2,1,1,3,2,1,3,1,4,2,2,1,3,3,3
"R_cCMRFKNYeT3ccbH",1,37,5,3,3,NA,1,1,2,1,1,1,2,1,2,2,2,1,3,2,2,3,2,1,7,3,2,2
"R_cCMRFKNYeT3ccbH",1,37,5,3,3,NA,1,2,1,1,1,1,2,3,1,2,4,1,3,2,2,2,2,1,1,2,3,3
"R_cCMRFKNYeT3ccbH",1,37,5,3,3,NA,1,3,2,2,1,2,2,3,1,1,3,2,2,3,2,4,2,1,1,1,3,3
"R_cCMRFKNYeT3ccbH",1,37,5,3,3,NA,1,4,2,1,1,1,2,3,2,2,4,1,3,2,2,2,2,1,1,4,2,3
"R_8CC6iGhvvXzxacV",2,39,4,1,3,NA,0,1,1,2,1,2,3,3,1,2,4,1,3,2,2,2,2,1,1,1,1,2
"R_8CC6iGhvvXzxacV",2,39,4,1,3,NA,0,2,2,1,2,1,3,2,1,1,3,2,1,1,1,4,2,2,1,1,1,3
"R_8CC6iGhvvXzxacV",2,39,4,1,3,NA,0,3,2,1,2,1,3,2,1,1,3,2,1,1,1,4,2,2,1,3,1,3
"R_8CC6iGhvvXzxacV",2,39,4,1,3,NA,0,4,3,1,2,2,2,2,1,1,4,2,3,2,2,4,2,2,1,2,2,1
"R_2PiNcPpx51nZTc8",2,47,5,2,1,1,NA,1,3,2,1,1,2,2,1,2,3,1,2,2,1,4,2,2,1,1,1,4
"R_2PiNcPpx51nZTc8",2,47,5,2,1,1,NA,2,1,2,2,1,2,1,1,2,4,1,2,2,2,3,2,1,1,3,3,1
"R_2PiNcPpx51nZTc8",2,47,5,2,1,1,NA,3,1,1,1,1,2,1,2,2,3,1,3,2,1,4,2,1,1,4,2,1
"R_2PiNcPpx51nZTc8",2,47,5,2,1,1,NA,4,2,1,1,1,2,3,1,2,1,1,2,3,2,3,2,1,1,1,1,4
"R_pGVcSjsUd9SizAt",2,42,5,2,1,0,NA,1,3,2,2,1,2,1,1,2,1,1,2,2,2,2,2,1,1,3,1,3
"R_pGVcSjsUd9SizAt",2,42,5,2,1,0,NA,2,2,1,2,1,2,2,1,2,2,1,3,2,2,3,2,1,1,2,3,2
"R_pGVcSjsUd9SizAt",2,42,5,2,1,0,NA,3,2,2,1,2,2,1,1,1,1,2,1,2,1,2,2,2,1,3,2,1
"R_pGVcSjsUd9SizAt",2,42,5,2,1,0,NA,4,3,2,2,1,2,3,1,1,3,1,1,3,2,3,2,2,1,2,3,4
"R_1QtKmGoAdyrNfJm",2,60,2,2,3,NA,0,1,2,2,2,2,2,1,1,1,2,1,2,1,1,1,1,1,1,4,3,2
"R_1QtKmGoAdyrNfJm",2,60,2,2,3,NA,0,2,2,2,1,1,2,1,2,1,1,1,2,2,3,2,3,1,1,2,3,3
"R_1QtKmGoAdyrNfJm",2,60,2,2,3,NA,0,3,2,2,1,2,1,1,1,1,2,1,2,1,1,1,1,1,2,2,2,3
"R_1QtKmGoAdyrNfJm",2,60,2,2,3,NA,0,4,3,2,2,1,2,1,1,1,1,1,1,3,2,3,2,2,1,4,2,1
"R_qW5t5BBLHQ3eZVf",2,23,5,2,2,0,NA,1,3,2,2,2,3,3,1,1,3,2,1,2,1,3,2,1,1,4,2,1
"R_qW5t5BBLHQ3eZVf",2,23,5,2,2,0,NA,2,1,2,1,2,2,2,1,1,1,2,2,3,2,3,3,2,1,1,3,2
"R_qW5t5BBLHQ3eZVf",2,23,5,2,2,0,NA,3,2,1,2,2,3,3,1,1,3,2,1,3,1,3,3,1,1,4,2,1
"R_qW5t5BBLHQ3eZVf",2,23,5,2,2,0,NA,4,2,1,1,1,2,3,1,2,3,1,2,2,2,3,3,1,1,2,1,3
"R_21oydq2lJYvIPFg",2,36,5,6,1,1,NA,1,3,1,1,1,3,2,1,2,1,1,3,2,2,3,2,2,1,3,3,1
"R_21oydq2lJYvIPFg",2,36,5,6,1,1,NA,2,1,1,1,2,3,3,1,1,2,2,1,3,2,4,2,2,1,3,2,1
"R_21oydq2lJYvIPFg",2,36,5,6,1,1,NA,3,1,1,1,1,2,3,2,2,1,1,3,3,2,3,2,2,1,3,1,4
"R_21oydq2lJYvIPFg",2,36,5,6,1,1,NA,4,1,1,1,1,3,3,2,2,1,1,3,3,2,3,2,1,1,3,1,1
"R_24GHBnjdrH9Kbgy",1,34,6,4,2,0,NA,1,1,2,2,2,3,3,1,1,3,2,1,3,1,4,2,1,1,4,2,3
"R_24GHBnjdrH9Kbgy",1,34,6,4,2,0,NA,2,3,2,2,2,3,2,1,1,4,2,1,2,2,4,3,1,1,2,1,2
"R_24GHBnjdrH9Kbgy",1,34,6,4,2,0,NA,3,2,1,1,1,2,3,2,2,2,1,3,2,2,2,2,1,7,1,3,1
"R_24GHBnjdrH9Kbgy",1,34,6,4,2,0,NA,4,2,1,2,1,2,3,1,2,1,1,2,1,3,3,2,1,1,3,2,1
"R_3rYZYlxYybny71z",1,23,5,2,2,1,NA,1,3,1,1,2,3,2,1,1,4,1,3,3,2,3,2,2,1,3,3,3
"R_3rYZYlxYybny71z",1,23,5,2,2,1,NA,2,1,2,2,1,2,3,1,1,2,2,2,2,1,2,2,1,1,1,2,1
"R_3rYZYlxYybny71z",1,23,5,2,2,1,NA,3,3,1,1,2,3,2,1,2,4,1,3,3,2,3,2,2,1,2,1,2
"R_3rYZYlxYybny71z",1,23,5,2,2,1,NA,4,2,1,1,1,3,2,1,2,1,1,3,2,2,3,2,2,1,2,3,1
"R_1rGFTTTpvIenXWt",2,57,5,2,1,0,NA,1,3,1,1,2,3,3,1,2,3,1,3,2,2,3,3,1,1,1,3,2
"R_1rGFTTTpvIenXWt",2,57,5,2,1,0,NA,2,1,1,1,2,2,1,2,2,3,1,3,2,1,1,2,1,2,2,1,1
"R_1rGFTTTpvIenXWt",2,57,5,2,1,0,NA,3,1,2,2,1,2,1,1,1,1,2,2,3,1,3,2,2,1,4,2,3
"R_1rGFTTTpvIenXWt",2,57,5,2,1,0,NA,4,1,1,1,2,3,3,1,2,4,1,3,2,2,1,2,1,1,3,3,4
"R_1MRtdXse6CoxozJ",2,25,4,3,1,1,NA,1,3,2,2,2,2,3,1,1,2,2,1,3,1,3,2,1,1,3,3,1
"R_1MRtdXse6CoxozJ",2,25,4,3,1,1,NA,2,2,1,1,2,3,2,1,1,4,1,2,2,2,4,2,1,1,1,2,3
"R_1MRtdXse6CoxozJ",2,25,4,3,1,1,NA,3,2,2,1,1,2,2,1,1,3,1,2,3,3,4,3,1,2,2,1,2
"R_1MRtdXse6CoxozJ",2,25,4,3,1,1,NA,4,2,1,1,2,2,1,2,2,1,1,2,3,1,3,3,1,1,4,2,4
"R_2R8vckiBlV4gBLa",1,40,5,4,2,0,NA,1,2,2,1,1,2,1,1,1,4,2,2,3,1,4,2,1,1,1,3,1
"R_2R8vckiBlV4gBLa",1,40,5,4,2,0,NA,2,3,2,1,1,2,3,1,1,1,2,2,2,3,3,2,2,1,2,1,3
"R_2R8vckiBlV4gBLa",1,40,5,4,2,0,NA,3,1,2,1,2,3,1,1,1,2,2,1,3,1,4,2,1,1,3,1,1
"R_2R8vckiBlV4gBLa",1,40,5,4,2,0,NA,4,2,1,2,1,2,1,1,2,1,1,2,1,3,3,1,1,2,1,1,2
"R_3k5Jg0uECK2wKCo",1,19,2,1,2,0,NA,1,2,2,1,1,2,2,1,1,1,2,2,1,1,2,2,1,1,4,2,1
"R_3k5Jg0uECK2wKCo",1,19,2,1,2,0,NA,2,2,1,2,1,1,1,2,2,3,1,3,1,3,3,3,2,1,1,3,2
"R_3k5Jg0uECK2wKCo",1,19,2,1,2,0,NA,3,1,1,1,2,1,1,2,2,4,1,2,1,3,2,2,2,1,3,1,3
"R_3k5Jg0uECK2wKCo",1,19,2,1,2,0,NA,4,3,2,1,2,2,3,1,1,2,2,1,2,1,2,1,2,1,1,1,3
"R_1HqTWOiEikXrfWU",2,62,5,1,3,NA,-1,1,1,2,2,2,2,3,1,1,1,2,1,3,1,3,2,1,1,1,1,1
"R_1HqTWOiEikXrfWU",2,62,5,1,3,NA,-1,2,1,1,2,2,2,2,1,1,3,2,1,3,1,3,2,1,1,4,3,4
"R_1HqTWOiEikXrfWU",2,62,5,1,3,NA,-1,3,2,1,1,1,3,3,2,2,4,1,3,2,2,3,2,2,1,3,2,3
"R_1HqTWOiEikXrfWU",2,62,5,1,3,NA,-1,4,1,2,2,2,2,2,1,1,1,2,1,2,1,2,3,1,1,2,3,2
"R_2wNPlRyDerkHHGF",2,35,6,2,2,0,NA,1,3,2,2,1,2,3,1,1,1,2,2,2,1,4,2,2,1,2,3,4
"R_2wNPlRyDerkHHGF",2,35,6,2,2,0,NA,2,1,1,2,1,2,1,1,2,2,1,2,2,2,3,2,1,1,1,2,1
"R_2wNPlRyDerkHHGF",2,35,6,2,2,0,NA,3,3,2,1,2,2,3,1,1,3,2,1,3,2,3,2,1,1,2,2,3
"R_2wNPlRyDerkHHGF",2,35,6,2,2,0,NA,4,2,1,2,1,2,3,2,2,4,1,2,2,2,3,2,1,1,1,1,3
"R_2ti0W3gxUNSODmv",2,35,2,1,3,NA,-1,1,1,2,2,1,2,3,1,2,1,1,3,1,2,1,1,1,1,1,1,1
"R_2ti0W3gxUNSODmv",2,35,2,1,3,NA,-1,2,2,1,1,1,2,3,1,2,2,1,1,1,2,3,2,2,1,1,2,2
"R_2ti0W3gxUNSODmv",2,35,2,1,3,NA,-1,3,2,2,1,2,2,3,1,1,4,2,1,1,2,3,2,1,1,3,3,3
"R_2ti0W3gxUNSODmv",2,35,2,1,3,NA,-1,4,2,1,2,2,2,3,1,1,2,2,1,1,2,3,2,1,1,2,1,1
"R_2fBUo6UoqSqEmID",2,32,6,1,3,NA,-1,1,1,2,2,2,3,3,1,1,2,2,1,3,2,4,2,1,1,1,3,1
"R_2fBUo6UoqSqEmID",2,32,6,1,3,NA,-1,2,1,1,2,1,2,1,1,2,4,1,2,1,1,2,2,1,2,4,1,4
"R_2fBUo6UoqSqEmID",2,32,6,1,3,NA,-1,3,3,2,2,1,1,3,1,1,1,2,2,3,4,4,2,2,1,2,2,3
"R_2fBUo6UoqSqEmID",2,32,6,1,3,NA,-1,4,3,2,2,2,3,2,1,1,4,2,1,3,2,4,2,2,1,1,3,1
"R_3h6iblHkW7kb6kh",1,41,6,4,2,1,NA,1,1,2,1,2,2,1,1,2,3,1,2,1,2,3,2,1,1,4,3,1
"R_3h6iblHkW7kb6kh",1,41,6,4,2,1,NA,2,1,1,1,2,2,1,2,2,1,1,3,1,3,3,2,1,1,2,2,3
"R_3h6iblHkW7kb6kh",1,41,6,4,2,1,NA,3,3,1,1,2,2,2,1,2,2,1,3,1,1,3,2,2,2,1,1,4
"R_3h6iblHkW7kb6kh",1,41,6,4,2,1,NA,4,1,2,1,2,2,1,2,1,4,2,1,2,2,3,3,1,1,3,2,3
"R_XYvIsmQumUOwEkV",2,33,3,2,2,1,NA,1,1,2,1,2,3,3,2,1,2,2,2,3,2,3,2,1,1,2,3,2
"R_XYvIsmQumUOwEkV",2,33,3,2,2,1,NA,2,1,2,2,2,3,2,1,1,4,2,1,3,1,4,3,2,1,4,2,1
"R_XYvIsmQumUOwEkV",2,33,3,2,2,1,NA,3,3,1,1,1,2,1,2,2,1,1,3,2,3,4,2,1,2,1,1,1
"R_XYvIsmQumUOwEkV",2,33,3,2,2,1,NA,4,2,2,2,2,3,2,1,1,4,2,1,3,2,3,3,2,1,4,2,4
"R_RlAU11m8nScTLr3",2,91,3,3,3,NA,-1,1,3,2,1,1,2,3,1,2,4,1,3,2,3,3,2,1,1,2,1,1
"R_RlAU11m8nScTLr3",2,91,3,3,3,NA,-1,2,3,1,2,1,2,3,1,2,4,2,1,2,2,4,2,2,1,2,1,2
"R_RlAU11m8nScTLr3",2,91,3,3,3,NA,-1,3,3,2,2,1,2,3,1,2,1,2,1,2,1,2,3,1,1,1,1,3
"R_RlAU11m8nScTLr3",2,91,3,3,3,NA,-1,4,1,2,2,1,2,2,1,1,2,1,3,1,3,1,2,1,1,1,2,2
"R_1KcNQGVqhRFS9hq",2,64,3,2,2,1,NA,1,2,2,2,2,3,1,1,1,2,2,1,3,1,4,2,1,1,1,3,3
"R_1KcNQGVqhRFS9hq",2,64,3,2,2,1,NA,2,1,2,2,2,3,3,1,1,2,2,1,2,2,3,2,1,1,3,3,4
"R_1KcNQGVqhRFS9hq",2,64,3,2,2,1,NA,3,3,2,2,1,2,3,1,1,3,1,2,3,2,3,2,1,1,1,3,2
"R_1KcNQGVqhRFS9hq",2,64,3,2,2,1,NA,4,1,1,2,2,3,3,1,1,4,2,2,2,2,2,2,1,1,3,1,2
"R_12mabTku7kNbBQH",1,52,3,1,2,1,NA,1,2,2,1,2,3,3,1,1,3,2,1,1,2,1,2,2,1,4,1,2
"R_12mabTku7kNbBQH",1,52,3,1,2,1,NA,2,1,1,1,1,2,1,2,2,1,1,3,1,3,3,2,1,1,2,3,3
"R_12mabTku7kNbBQH",1,52,3,1,2,1,NA,3,3,1,1,2,2,2,1,1,4,2,2,1,1,2,2,2,1,3,1,1
"R_12mabTku7kNbBQH",1,52,3,1,2,1,NA,4,3,2,1,2,2,1,1,1,3,2,1,2,4,4,2,1,1,1,3,3
"R_3kh5g1m66TjJCrg",1,43,3,5,3,NA,1,1,2,2,1,1,2,2,1,2,3,1,3,1,1,3,2,2,1,1,2,4
"R_3kh5g1m66TjJCrg",1,43,3,5,3,NA,1,2,1,2,2,2,3,3,1,1,4,2,1,2,2,4,2,2,1,4,3,1
"R_3kh5g1m66TjJCrg",1,43,3,5,3,NA,1,3,1,1,1,1,2,1,2,2,2,1,3,1,3,3,2,1,2,3,3,4
"R_3kh5g1m66TjJCrg",1,43,3,5,3,NA,1,4,1,1,2,1,2,1,2,2,4,1,3,1,4,2,3,1,7,4,1,1
"R_1QF4VrfUKeS36mt",2,53,5,6,1,1,NA,1,1,1,1,2,2,3,1,1,3,2,2,2,2,3,2,1,1,4,2,1
"R_1QF4VrfUKeS36mt",2,53,5,6,1,1,NA,2,1,2,1,2,2,3,2,1,4,1,2,2,3,3,2,1,1,2,1,2
"R_1QF4VrfUKeS36mt",2,53,5,6,1,1,NA,3,1,2,2,2,2,2,1,2,1,2,2,3,1,4,2,1,1,2,3,4
"R_1QF4VrfUKeS36mt",2,53,5,6,1,1,NA,4,3,1,1,1,2,1,1,1,1,1,3,2,1,1,3,1,2,1,2,3
"R_1j7gFdvMe2QIt7i",1,30,4,3,2,0,NA,1,3,1,1,1,3,1,1,2,1,1,3,1,3,1,2,2,1,1,1,3
"R_1j7gFdvMe2QIt7i",1,30,4,3,2,0,NA,2,2,1,2,2,2,1,1,1,4,2,1,2,1,3,2,1,1,2,2,2
"R_1j7gFdvMe2QIt7i",1,30,4,3,2,0,NA,3,3,1,1,2,2,1,1,1,4,1,2,1,3,3,2,1,1,1,2,3
"R_1j7gFdvMe2QIt7i",1,30,4,3,2,0,NA,4,3,2,2,2,2,1,1,1,2,1,3,1,1,2,2,1,1,3,3,1
"R_vvugV4DkUe4ILmx",1,25,2,2,3,NA,-1,1,3,1,2,1,2,1,1,1,3,2,2,2,1,4,2,2,1,4,2,1
"R_vvugV4DkUe4ILmx",1,25,2,2,3,NA,-1,2,1,1,1,1,2,1,1,1,3,1,2,1,3,2,2,1,1,1,1,2
"R_vvugV4DkUe4ILmx",1,25,2,2,3,NA,-1,3,2,1,2,1,3,2,2,2,1,2,1,2,2,3,1,1,1,2,1,3
"R_vvugV4DkUe4ILmx",1,25,2,2,3,NA,-1,4,1,1,1,2,3,3,1,2,2,1,1,3,1,3,2,1,1,4,2,1
"R_3isZmjwHsLcfOkG",1,37,5,4,3,NA,1,1,1,1,1,2,3,2,1,1,2,2,1,2,1,3,2,2,1,4,2,1
"R_3isZmjwHsLcfOkG",1,37,5,4,3,NA,1,2,3,1,2,1,2,1,1,2,1,1,3,2,3,2,3,1,1,4,3,1
"R_3isZmjwHsLcfOkG",1,37,5,4,3,NA,1,3,3,1,2,1,2,3,1,2,1,1,3,2,2,2,2,1,1,4,2,1
"R_3isZmjwHsLcfOkG",1,37,5,4,3,NA,1,4,3,1,2,1,3,1,1,2,2,1,3,2,1,2,1,2,1,4,1,1
"R_1CCtm0onPuO5YOu",1,44,2,2,1,1,NA,1,3,1,1,2,3,3,1,2,4,1,3,2,2,3,2,1,1,2,2,3
"R_1CCtm0onPuO5YOu",1,44,2,2,1,1,NA,2,3,2,2,1,2,1,1,1,2,1,1,1,4,4,3,2,2,3,3,4
"R_1CCtm0onPuO5YOu",1,44,2,2,1,1,NA,3,1,2,2,1,2,3,2,2,1,1,3,2,1,2,2,1,1,4,3,2
"R_1CCtm0onPuO5YOu",1,44,2,2,1,1,NA,4,2,1,2,2,1,3,1,1,4,2,1,3,3,1,3,2,2,1,2,3
"R_1feE7noALm4Agov",2,28,4,3,2,1,NA,1,1,1,1,2,2,2,2,1,1,2,3,1,2,2,2,1,7,1,3,2
"R_1feE7noALm4Agov",2,28,4,3,2,1,NA,2,3,2,1,1,2,3,1,2,3,1,1,2,1,4,3,2,1,2,1,4
"R_1feE7noALm4Agov",2,28,4,3,2,1,NA,3,3,2,1,1,2,1,1,2,2,1,2,3,3,1,2,2,7,3,3,3
"R_1feE7noALm4Agov",2,28,4,3,2,1,NA,4,1,2,1,1,3,3,1,1,4,1,2,2,2,1,1,1,2,3,1,1
"R_2c0l5KgIkrkNcGM",1,38,5,3,1,0,NA,1,3,2,2,1,3,3,1,1,4,2,3,2,1,3,2,2,1,1,2,4
"R_2c0l5KgIkrkNcGM",1,38,5,3,1,0,NA,2,3,2,2,2,3,3,1,1,3,2,1,2,1,3,2,2,1,2,1,1
"R_2c0l5KgIkrkNcGM",1,38,5,3,1,0,NA,3,1,1,2,2,2,2,1,1,1,1,2,1,2,3,2,1,1,3,3,2
"R_2c0l5KgIkrkNcGM",1,38,5,3,1,0,NA,4,3,2,1,2,2,3,1,2,2,1,3,2,1,3,2,1,2,1,3,4
"R_1lb0WjFZJmFluZO",2,36,3,4,4,NA,0,1,1,1,2,2,3,3,1,1,1,2,1,2,2,4,2,2,1,1,2,3
"R_1lb0WjFZJmFluZO",2,36,3,4,4,NA,0,2,2,2,2,1,2,2,1,2,1,1,2,2,1,2,3,1,1,2,3,3
"R_1lb0WjFZJmFluZO",2,36,3,4,4,NA,0,3,2,2,2,1,2,3,2,2,4,1,2,2,4,2,3,1,1,1,2,2
"R_1lb0WjFZJmFluZO",2,36,3,4,4,NA,0,4,3,1,2,1,2,1,1,1,3,1,1,1,2,1,3,1,1,1,1,4
"R_2usxqoUL5yVKWAE",2,50,2,4,2,0,NA,1,3,2,1,2,1,1,1,1,4,2,1,2,1,3,2,1,1,4,3,2
"R_2usxqoUL5yVKWAE",2,50,2,4,2,0,NA,2,3,2,1,2,2,3,1,1,1,2,1,1,2,4,2,2,1,4,3,1
"R_2usxqoUL5yVKWAE",2,50,2,4,2,0,NA,3,1,1,1,2,2,1,1,1,2,1,2,1,4,2,1,1,2,3,1,3
"R_2usxqoUL5yVKWAE",2,50,2,4,2,0,NA,4,3,2,2,2,2,3,1,1,4,1,1,2,2,4,2,2,1,4,3,3
"R_puPdORc51OojzXj",2,30,3,3,3,NA,1,1,3,2,2,1,1,3,1,1,3,2,1,3,1,4,2,2,1,4,2,3
"R_puPdORc51OojzXj",2,30,3,3,3,NA,1,2,1,2,2,2,2,1,1,1,4,2,1,2,1,3,2,1,1,3,1,2
"R_puPdORc51OojzXj",2,30,3,3,3,NA,1,3,3,2,2,2,1,3,1,1,2,2,1,3,2,4,2,1,1,3,1,2
"R_puPdORc51OojzXj",2,30,3,3,3,NA,1,4,2,1,1,1,2,1,2,2,3,1,2,3,2,1,2,1,1,1,3,3
"R_2VrsXemzxEEZXrL",1,22,5,5,3,NA,0,1,3,2,2,1,2,2,1,1,2,2,2,2,2,3,2,1,1,2,2,1
"R_2VrsXemzxEEZXrL",1,22,5,5,3,NA,0,2,2,1,1,2,3,3,1,2,2,1,3,2,4,3,2,2,2,1,2,3
"R_2VrsXemzxEEZXrL",1,22,5,5,3,NA,0,3,2,1,2,1,2,1,1,1,1,2,2,2,2,4,3,1,2,3,2,1
"R_2VrsXemzxEEZXrL",1,22,5,5,3,NA,0,4,1,2,1,1,3,1,1,1,4,2,1,2,1,3,3,2,2,3,1,2
"R_Q05XaxG0GOfuUxP",1,26,4,1,1,1,NA,1,3,2,2,1,2,1,1,1,3,1,2,2,1,2,1,2,1,2,1,3
"R_Q05XaxG0GOfuUxP",1,26,4,1,1,1,NA,2,2,1,1,1,3,1,1,1,4,1,2,1,1,3,3,1,1,2,1,2
"R_Q05XaxG0GOfuUxP",1,26,4,1,1,1,NA,3,2,1,1,1,2,1,2,1,1,1,1,2,1,2,1,2,1,1,1,1
"R_Q05XaxG0GOfuUxP",1,26,4,1,1,1,NA,4,2,2,2,2,2,3,1,2,2,2,3,1,1,3,1,2,1,3,3,3
"R_3oHLExIwRliVf5v",2,21,3,2,3,NA,1,1,3,1,2,2,3,1,1,1,3,2,3,2,1,4,2,2,1,2,1,2
"R_3oHLExIwRliVf5v",2,21,3,2,3,NA,1,2,3,2,2,2,3,3,1,2,2,2,1,3,2,1,2,1,1,1,2,1
"R_3oHLExIwRliVf5v",2,21,3,2,3,NA,1,3,3,2,1,1,3,2,1,1,3,1,2,2,1,1,2,2,2,3,3,3
"R_3oHLExIwRliVf5v",2,21,3,2,3,NA,1,4,3,1,2,1,2,2,1,2,1,1,1,1,4,4,2,1,1,4,3,4
"R_6yfNvQeodiC35F7",1,55,3,2,1,0,NA,1,1,1,2,2,2,3,1,1,4,2,1,2,1,3,2,2,1,4,2,1
"R_6yfNvQeodiC35F7",1,55,3,2,1,0,NA,2,2,2,2,1,2,1,1,1,3,2,1,2,2,3,2,2,1,3,1,2
"R_6yfNvQeodiC35F7",1,55,3,2,1,0,NA,3,3,1,1,2,2,1,1,2,3,1,2,1,3,4,2,1,2,4,1,1
"R_6yfNvQeodiC35F7",1,55,3,2,1,0,NA,4,1,2,2,2,3,3,1,1,2,2,1,2,2,3,3,2,1,2,1,2
"R_3lJHbh8PArlzwmY",1,35,4,5,1,1,NA,1,2,2,2,2,2,3,1,1,4,2,1,2,1,3,2,2,1,4,1,1
"R_3lJHbh8PArlzwmY",1,35,4,5,1,1,NA,2,3,1,1,1,2,3,1,2,2,1,3,3,2,1,2,1,1,1,2,2
"R_3lJHbh8PArlzwmY",1,35,4,5,1,1,NA,3,3,1,2,1,2,3,1,2,1,1,2,2,2,1,2,1,1,1,2,4
"R_3lJHbh8PArlzwmY",1,35,4,5,1,1,NA,4,1,2,1,2,2,1,1,1,1,2,2,2,1,2,2,1,1,2,1,3
"R_Di16Ik8IvMvq2qt",1,51,6,4,3,NA,0,1,1,2,1,1,2,1,1,1,4,1,2,2,1,3,2,2,1,4,2,3
"R_Di16Ik8IvMvq2qt",1,51,6,4,3,NA,0,2,1,1,1,1,2,1,2,1,1,1,2,2,1,4,2,1,3,2,1,1
"R_Di16Ik8IvMvq2qt",1,51,6,4,3,NA,0,3,1,1,1,2,2,1,2,2,2,2,2,2,3,3,2,1,7,3,2,2
"R_Di16Ik8IvMvq2qt",1,51,6,4,3,NA,0,4,1,1,1,1,2,1,1,2,3,1,2,1,4,3,2,1,1,4,1,4
"R_2XdEljRKYZao7cR",2,29,4,1,2,1,NA,1,2,1,1,1,3,3,2,2,3,1,2,3,2,2,2,1,1,4,2,2
"R_2XdEljRKYZao7cR",2,29,4,1,2,1,NA,2,1,2,2,2,3,2,1,1,2,2,1,3,1,3,2,1,1,1,3,1
"R_2XdEljRKYZao7cR",2,29,4,1,2,1,NA,3,3,2,1,2,2,2,1,1,1,2,1,2,4,4,2,2,1,3,1,4
"R_2XdEljRKYZao7cR",2,29,4,1,2,1,NA,4,2,1,2,2,2,1,1,1,3,2,1,2,3,3,3,1,1,2,1,1
"R_Qafb1RrJwJ4k4bn",1,21,3,1,3,NA,0,1,3,1,1,2,2,3,2,1,3,2,1,2,3,3,2,1,7,4,2,1
"R_Qafb1RrJwJ4k4bn",1,21,3,1,3,NA,0,2,1,1,2,2,1,2,1,1,3,2,1,3,1,1,1,2,1,1,1,1
"R_Qafb1RrJwJ4k4bn",1,21,3,1,3,NA,0,3,3,2,2,1,3,2,1,2,4,2,2,2,2,1,3,1,2,2,3,3
"R_Qafb1RrJwJ4k4bn",1,21,3,1,3,NA,0,4,3,1,1,2,3,2,2,1,3,2,3,3,2,4,1,1,1,4,2,3
"R_2uKk87bS868Q1Hc",1,29,4,3,1,0,NA,1,3,2,1,2,2,1,1,2,4,1,2,3,1,2,2,1,2,2,3,1
"R_2uKk87bS868Q1Hc",1,29,4,3,1,0,NA,2,2,1,2,2,3,2,1,1,4,2,1,3,2,3,2,2,1,2,1,2
"R_2uKk87bS868Q1Hc",1,29,4,3,1,0,NA,3,3,1,2,2,2,3,1,1,2,2,1,2,1,3,2,2,1,2,1,4
"R_2uKk87bS868Q1Hc",1,29,4,3,1,0,NA,4,1,1,2,1,2,1,1,2,2,1,3,2,2,1,2,1,2,4,2,3
"R_28Pcsuq0LZsQzzq",2,24,5,1,2,0,NA,1,3,1,2,1,3,3,1,2,1,1,2,3,2,3,2,1,1,1,2,1
"R_28Pcsuq0LZsQzzq",2,24,5,1,2,0,NA,2,3,2,2,1,2,2,1,1,3,2,1,2,1,4,3,2,1,2,3,4
"R_28Pcsuq0LZsQzzq",2,24,5,1,2,0,NA,3,2,1,1,2,3,2,1,1,2,1,2,3,4,2,2,2,7,3,1,2
"R_28Pcsuq0LZsQzzq",2,24,5,1,2,0,NA,4,2,2,1,1,3,3,1,2,4,1,2,3,2,3,2,1,1,4,2,3
"R_1dnuNZUfgNhatBg",1,44,3,3,1,1,NA,1,1,1,1,1,2,2,1,2,3,1,3,2,2,1,2,1,1,4,3,1
"R_1dnuNZUfgNhatBg",1,44,3,3,1,1,NA,2,1,2,2,2,3,3,1,1,1,2,1,3,1,3,2,2,1,2,2,2
"R_1dnuNZUfgNhatBg",1,44,3,3,1,1,NA,3,1,1,1,2,2,1,2,2,4,1,2,1,3,4,3,1,2,1,1,4
"R_1dnuNZUfgNhatBg",1,44,3,3,1,1,NA,4,1,2,1,2,1,1,2,1,2,2,2,2,3,1,2,1,1,3,3,3
"R_2bJH4eutxW9sF8E",1,36,3,2,2,0,NA,1,1,1,1,2,3,3,1,1,2,2,2,2,2,4,2,2,1,1,2,4
"R_2bJH4eutxW9sF8E",1,36,3,2,2,0,NA,2,1,2,1,1,2,2,1,2,3,1,3,2,1,3,2,2,1,4,1,2
"R_2bJH4eutxW9sF8E",1,36,3,2,2,0,NA,3,1,1,2,2,3,3,1,1,4,2,1,3,2,4,2,2,1,2,3,1
"R_2bJH4eutxW9sF8E",1,36,3,2,2,0,NA,4,1,1,2,1,2,1,1,2,4,1,2,1,1,3,2,1,1,3,1,3
"R_1dtxnJiPeCvWDQT",1,35,5,4,2,1,NA,1,1,2,1,1,3,3,1,2,4,1,3,2,2,3,2,1,1,2,2,2
"R_1dtxnJiPeCvWDQT",1,35,5,4,2,1,NA,2,1,2,1,1,3,3,1,2,3,1,3,2,2,3,2,1,1,1,2,1
"R_1dtxnJiPeCvWDQT",1,35,5,4,2,1,NA,3,3,2,1,2,2,1,1,1,1,2,2,3,1,4,2,2,1,2,3,3
"R_1dtxnJiPeCvWDQT",1,35,5,4,2,1,NA,4,1,1,1,2,2,3,2,1,2,1,2,2,3,2,2,1,1,3,1,1
"R_1OIisv6eWjbQWsc",2,64,5,1,3,NA,1,1,2,1,2,1,2,3,1,2,1,1,3,3,2,4,2,1,2,4,2,1
"R_1OIisv6eWjbQWsc",2,64,5,1,3,NA,1,2,2,1,2,2,2,3,1,1,4,1,1,3,2,3,2,1,1,2,1,3
"R_1OIisv6eWjbQWsc",2,64,5,1,3,NA,1,3,2,2,1,2,2,3,1,2,4,1,3,3,2,1,2,1,1,1,3,4
"R_1OIisv6eWjbQWsc",2,64,5,1,3,NA,1,4,3,2,1,2,3,3,1,2,2,1,1,3,2,3,2,2,1,3,2,3
"R_81SWWAWtJCAQuWJ",1,46,5,3,3,NA,-1,1,2,1,2,1,2,3,1,2,3,1,3,2,2,4,2,1,2,4,3,2
"R_81SWWAWtJCAQuWJ",1,46,5,3,3,NA,-1,2,1,2,1,1,3,1,1,2,2,2,2,3,2,1,1,1,1,1,3,1
"R_81SWWAWtJCAQuWJ",1,46,5,3,3,NA,-1,3,3,1,2,1,2,3,1,1,3,1,1,2,2,4,2,2,1,4,3,3
"R_81SWWAWtJCAQuWJ",1,46,5,3,3,NA,-1,4,2,2,2,1,2,2,1,1,4,2,1,2,4,2,3,2,1,1,3,1
"R_2AGqFBy4rYtBcql",2,37,5,2,2,1,NA,1,2,1,2,2,3,2,1,1,2,2,2,2,2,4,2,1,1,1,1,1
"R_2AGqFBy4rYtBcql",2,37,5,2,2,1,NA,2,1,2,2,1,3,1,1,2,1,2,2,1,1,3,2,1,1,2,3,4
"R_2AGqFBy4rYtBcql",2,37,5,2,2,1,NA,3,1,1,2,1,2,1,2,2,3,1,3,1,3,3,2,2,7,4,2,3
"R_2AGqFBy4rYtBcql",2,37,5,2,2,1,NA,4,3,2,1,1,2,2,1,2,2,1,2,3,1,4,2,2,1,3,1,2
"R_3JaNY6WLt7TO6W0",1,28,4,3,4,NA,1,1,2,1,1,1,2,3,1,2,4,1,3,1,3,3,2,1,1,2,2,3
"R_3JaNY6WLt7TO6W0",1,28,4,3,4,NA,1,2,2,1,1,1,3,2,2,2,2,1,3,3,2,2,2,1,2,3,1,4
"R_3JaNY6WLt7TO6W0",1,28,4,3,4,NA,1,3,1,2,2,2,2,3,1,1,1,2,2,3,1,4,2,2,1,1,2,2
"R_3JaNY6WLt7TO6W0",1,28,4,3,4,NA,1,4,2,1,1,1,2,1,1,2,4,1,3,2,4,2,3,1,2,4,3,1
"R_31hIgCxH8TYq0YT",2,42,3,2,1,0,NA,1,1,2,2,2,2,3,1,1,1,2,2,2,2,3,2,1,1,4,3,2
"R_31hIgCxH8TYq0YT",2,42,3,2,1,0,NA,2,2,1,2,1,3,2,1,2,1,1,3,2,1,1,1,2,1,1,2,4
"R_31hIgCxH8TYq0YT",2,42,3,2,1,0,NA,3,3,2,1,2,3,3,2,1,4,2,2,3,2,2,2,1,1,3,3,3
"R_31hIgCxH8TYq0YT",2,42,3,2,1,0,NA,4,3,2,2,2,2,2,1,1,3,2,2,2,2,3,2,1,1,2,2,4
"R_2Pu29G1rQUpp7iQ",1,28,5,2,1,0,NA,1,2,2,2,2,2,2,1,1,4,2,1,2,1,4,2,2,1,4,1,1
"R_2Pu29G1rQUpp7iQ",1,28,5,2,1,0,NA,2,3,1,2,2,2,3,1,1,2,2,2,1,2,3,2,1,1,2,2,2
"R_2Pu29G1rQUpp7iQ",1,28,5,2,1,0,NA,3,2,2,1,1,3,3,2,2,4,1,3,1,2,2,2,1,7,3,3,4
"R_2Pu29G1rQUpp7iQ",1,28,5,2,1,0,NA,4,2,1,2,2,2,1,2,2,2,1,2,1,2,2,2,1,1,3,2,2
"R_1GC7lRFpmAv7h0d",2,34,3,2,1,0,NA,1,1,1,1,1,3,3,1,2,3,1,3,3,2,3,2,1,1,4,3,1
"R_1GC7lRFpmAv7h0d",2,34,3,2,1,0,NA,2,2,1,2,1,2,2,1,2,1,1,3,2,1,4,2,2,2,1,2,4
"R_1GC7lRFpmAv7h0d",2,34,3,2,1,0,NA,3,1,1,1,2,2,2,1,1,4,1,2,2,1,4,3,2,7,3,3,3
"R_1GC7lRFpmAv7h0d",2,34,3,2,1,0,NA,4,1,2,1,1,3,1,1,2,4,1,3,3,4,3,3,1,1,2,1,1
"R_OkYMKNAuYks2801",1,23,3,2,4,NA,0,1,2,2,1,2,2,1,1,1,3,2,3,2,1,2,2,1,1,1,2,3
"R_OkYMKNAuYks2801",1,23,3,2,4,NA,0,2,3,2,2,2,2,1,2,1,3,2,2,1,1,2,2,1,1,1,3,1
"R_OkYMKNAuYks2801",1,23,3,2,4,NA,0,3,3,2,1,1,3,1,1,1,2,1,3,2,2,2,2,1,1,4,1,3
"R_OkYMKNAuYks2801",1,23,3,2,4,NA,0,4,3,2,2,1,2,1,1,1,4,1,2,1,4,3,1,2,1,4,2,4
"R_2YlI3mcxrOKCdL9",2,29,5,3,4,NA,1,1,1,2,1,2,3,2,1,1,1,2,1,3,2,3,2,2,1,3,3,2
"R_2YlI3mcxrOKCdL9",2,29,5,3,4,NA,1,2,3,2,1,1,3,2,1,2,4,1,3,3,1,4,2,1,1,4,1,1
"R_2YlI3mcxrOKCdL9",2,29,5,3,4,NA,1,3,3,2,1,2,2,3,1,1,4,2,1,3,2,4,2,2,1,1,1,3
"R_2YlI3mcxrOKCdL9",2,29,5,3,4,NA,1,4,1,1,1,2,3,3,2,1,2,2,2,2,2,3,2,1,1,2,1,2
"R_3suXjMzVUon2uCm",1,61,6,3,2,0,NA,1,1,1,1,1,3,1,1,2,1,1,3,2,2,3,2,1,1,3,1,3
"R_3suXjMzVUon2uCm",1,61,6,3,2,0,NA,2,2,1,1,1,3,2,1,2,1,1,3,3,2,4,2,2,1,2,1,3
"R_3suXjMzVUon2uCm",1,61,6,3,2,0,NA,3,1,1,2,2,3,1,1,1,3,2,2,2,2,3,2,2,1,4,2,1
"R_3suXjMzVUon2uCm",1,61,6,3,2,0,NA,4,2,1,2,1,3,2,1,2,3,2,3,3,2,4,2,2,1,1,1,4
"R_2coa8SpvyQWTaiW",2,65,5,3,2,1,NA,1,3,2,2,1,2,3,1,1,2,2,1,2,1,3,2,1,1,4,3,2
"R_2coa8SpvyQWTaiW",2,65,5,3,2,1,NA,2,3,2,2,2,2,3,1,1,3,2,1,2,2,4,3,2,1,2,2,4
"R_2coa8SpvyQWTaiW",2,65,5,3,2,1,NA,3,1,2,2,2,2,1,1,1,1,2,1,1,1,1,3,1,1,4,1,3
"R_2coa8SpvyQWTaiW",2,65,5,3,2,1,NA,4,1,1,1,2,2,1,2,2,2,1,2,1,3,3,2,1,7,2,2,2
"R_2bK94AYP0ispCdU",2,23,3,4,1,1,NA,1,3,2,1,1,3,3,1,2,2,1,3,3,2,2,3,1,1,1,1,3
"R_2bK94AYP0ispCdU",2,23,3,4,1,1,NA,2,3,2,2,2,3,3,1,1,3,2,2,3,1,3,2,2,1,4,3,2
"R_2bK94AYP0ispCdU",2,23,3,4,1,1,NA,3,3,2,2,2,3,2,1,1,4,2,1,3,1,3,3,1,1,2,1,4
"R_2bK94AYP0ispCdU",2,23,3,4,1,1,NA,4,1,1,1,2,3,1,1,2,1,1,2,2,3,1,1,1,1,3,2,1
"R_BE6L9ninXEqYMiR",2,39,6,2,2,1,NA,1,1,1,2,1,2,1,1,1,2,2,1,1,1,4,2,1,1,2,2,1
"R_BE6L9ninXEqYMiR",2,39,6,2,2,1,NA,2,3,1,2,1,1,1,1,2,3,2,1,2,2,4,3,2,1,1,2,4
"R_BE6L9ninXEqYMiR",2,39,6,2,2,1,NA,3,2,2,1,1,2,3,2,2,4,1,3,1,3,2,2,2,7,4,3,2
"R_BE6L9ninXEqYMiR",2,39,6,2,2,1,NA,4,3,2,2,2,2,2,1,1,2,2,1,3,2,3,2,1,1,1,1,3
"R_pR8MC0qEU0IZ8KR",1,33,4,4,2,0,NA,1,1,1,1,1,1,3,1,1,2,2,1,2,1,4,3,1,2,2,3,3
"R_pR8MC0qEU0IZ8KR",1,33,4,4,2,0,NA,2,2,1,1,2,1,2,1,1,3,1,1,3,2,3,2,1,7,2,1,2
"R_pR8MC0qEU0IZ8KR",1,33,4,4,2,0,NA,3,3,2,1,2,3,3,1,2,1,1,1,1,4,1,1,2,1,3,1,4
"R_pR8MC0qEU0IZ8KR",1,33,4,4,2,0,NA,4,2,1,2,2,1,1,2,1,4,2,3,1,3,4,3,1,7,1,2,1
"R_Zq9vdA4aH2u81BT",1,27,5,3,3,NA,0,1,1,1,1,1,2,1,1,2,3,1,3,2,3,2,2,1,1,1,2,1
"R_Zq9vdA4aH2u81BT",1,27,5,3,3,NA,0,2,3,2,1,2,1,2,1,1,3,2,2,3,1,4,2,1,1,2,3,4
"R_Zq9vdA4aH2u81BT",1,27,5,3,3,NA,0,3,3,2,2,2,1,3,1,1,2,2,1,2,2,4,2,2,1,3,1,3
"R_Zq9vdA4aH2u81BT",1,27,5,3,3,NA,0,4,3,1,2,1,1,1,1,2,4,1,2,1,4,1,1,1,2,4,3,4
"R_tXQAeqWwXsxAPKN",1,35,5,7,2,1,NA,1,2,1,2,1,2,1,1,2,1,2,2,2,2,3,2,2,1,2,1,4
"R_tXQAeqWwXsxAPKN",1,35,5,7,2,1,NA,2,3,1,2,2,2,2,1,1,1,2,1,2,2,3,2,2,1,2,2,2
"R_tXQAeqWwXsxAPKN",1,35,5,7,2,1,NA,3,1,1,1,2,2,1,1,1,1,2,1,2,2,3,2,2,1,2,3,2
"R_tXQAeqWwXsxAPKN",1,35,5,7,2,1,NA,4,3,2,1,1,2,2,1,2,1,1,3,2,2,3,2,2,1,2,1,3
"R_VQCNR8h5vZDJdmx",2,30,5,2,2,0,NA,1,2,2,2,2,3,2,1,1,4,2,1,3,2,2,2,1,1,3,2,1
"R_VQCNR8h5vZDJdmx",2,30,5,2,2,0,NA,2,3,1,2,2,3,3,1,1,3,2,2,3,2,3,2,1,1,1,1,4
"R_VQCNR8h5vZDJdmx",2,30,5,2,2,0,NA,3,2,2,1,2,3,3,2,2,2,1,3,2,2,3,2,1,1,2,3,2
"R_VQCNR8h5vZDJdmx",2,30,5,2,2,0,NA,4,2,1,2,1,2,2,2,1,1,2,2,1,3,1,1,1,7,4,2,2
"R_3JluMp8VDMFtHyJ",2,49,5,3,2,0,NA,1,2,1,1,2,3,3,2,2,3,1,1,2,2,3,2,1,1,2,3,1
"R_3JluMp8VDMFtHyJ",2,49,5,3,2,0,NA,2,1,2,2,2,3,2,1,1,1,2,2,3,1,4,2,2,1,1,1,4
"R_3JluMp8VDMFtHyJ",2,49,5,3,2,0,NA,3,2,1,2,2,3,3,1,1,3,2,1,2,2,3,2,2,1,1,1,3
"R_3JluMp8VDMFtHyJ",2,49,5,3,2,0,NA,4,2,1,1,2,2,2,1,2,1,1,3,2,1,4,2,1,1,1,1,1
"R_brSXPfRt4NchaaB",1,56,5,3,3,NA,-1,1,1,2,1,2,2,3,2,1,2,2,1,2,3,4,2,1,2,3,3,3
"R_brSXPfRt4NchaaB",1,56,5,3,3,NA,-1,2,3,1,1,1,3,3,1,2,1,1,3,3,2,3,2,2,1,2,2,1
"R_brSXPfRt4NchaaB",1,56,5,3,3,NA,-1,3,3,1,2,1,3,3,1,2,4,1,3,3,1,4,3,1,2,4,1,2
"R_brSXPfRt4NchaaB",1,56,5,3,3,NA,-1,4,3,1,1,1,3,3,1,2,2,1,3,3,2,3,3,2,1,2,3,4
"R_1P0nOJbTGrPEuGA",1,26,5,1,2,0,NA,1,3,2,1,2,2,3,1,1,3,2,1,2,1,3,2,2,1,4,2,1
"R_1P0nOJbTGrPEuGA",1,26,5,1,2,0,NA,2,2,1,1,1,2,3,1,2,3,1,2,2,1,3,2,2,1,4,2,1
"R_1P0nOJbTGrPEuGA",1,26,5,1,2,0,NA,3,3,1,1,2,2,2,1,1,3,2,2,2,1,3,2,2,1,3,1,1
"R_1P0nOJbTGrPEuGA",1,26,5,1,2,0,NA,4,3,1,1,2,2,3,1,1,3,2,2,2,1,3,2,2,1,4,2,1
"R_1ClR9bP8k0xrBe6",1,26,3,1,3,NA,0,1,2,2,1,1,3,1,1,2,2,1,3,2,2,2,2,1,1,4,2,1
"R_1ClR9bP8k0xrBe6",1,26,3,1,3,NA,0,2,3,1,1,2,2,2,1,1,4,2,2,3,1,3,2,2,1,1,3,2
"R_1ClR9bP8k0xrBe6",1,26,3,1,3,NA,0,3,1,2,2,2,2,1,1,1,3,2,1,2,2,4,2,1,1,3,1,4
"R_1ClR9bP8k0xrBe6",1,26,3,1,3,NA,0,4,2,1,2,2,3,3,1,1,1,2,1,2,1,3,2,2,1,2,3,3
"R_Y4jbmhYPW9jTkQh",1,31,5,4,2,1,NA,1,2,2,2,2,2,2,1,1,1,2,1,3,1,3,2,1,1,2,3,1
"R_Y4jbmhYPW9jTkQh",1,31,5,4,2,1,NA,2,3,2,1,2,2,2,1,1,2,2,1,2,4,4,2,2,1,1,1,3
"R_Y4jbmhYPW9jTkQh",1,31,5,4,2,1,NA,3,1,1,2,1,2,3,1,2,4,1,2,2,2,3,2,1,1,4,1,4
"R_Y4jbmhYPW9jTkQh",1,31,5,4,2,1,NA,4,3,1,1,2,3,3,1,1,4,2,2,3,2,4,2,2,1,3,3,2
"R_1DUvnvkASCW2DaV",1,39,3,2,2,0,NA,1,3,2,2,1,3,3,1,2,4,2,2,2,3,3,2,2,1,1,3,1
"R_1DUvnvkASCW2DaV",1,39,3,2,2,0,NA,2,2,1,1,2,2,1,1,1,3,2,2,1,4,3,2,1,7,4,1,3
"R_1DUvnvkASCW2DaV",1,39,3,2,2,0,NA,3,1,2,2,1,3,2,2,2,3,1,2,2,1,4,2,1,1,1,2,3
"R_1DUvnvkASCW2DaV",1,39,3,2,2,0,NA,4,2,2,2,2,2,2,1,1,2,2,1,1,1,2,2,2,1,2,3,3
"R_2xAa2H6QLN0TwRy",2,30,4,3,2,0,NA,1,1,1,2,1,2,3,1,1,2,1,1,3,2,3,2,2,1,3,3,1
"R_2xAa2H6QLN0TwRy",2,30,4,3,2,0,NA,2,1,1,2,2,2,3,1,1,2,2,2,3,2,3,2,2,1,1,3,3
"R_2xAa2H6QLN0TwRy",2,30,4,3,2,0,NA,3,3,2,2,2,2,3,1,2,2,2,1,3,1,2,2,2,1,2,2,4
"R_2xAa2H6QLN0TwRy",2,30,4,3,2,0,NA,4,1,1,2,2,2,3,1,1,2,2,2,3,2,3,2,2,1,2,1,2
"R_qOd19GGH2y9pJ0l",1,28,3,2,2,1,NA,1,1,1,2,2,2,3,1,1,1,2,1,3,2,4,2,1,1,1,3,1
"R_qOd19GGH2y9pJ0l",1,28,3,2,2,1,NA,2,2,2,1,1,2,2,1,2,2,1,3,3,1,3,2,2,1,3,1,3
"R_qOd19GGH2y9pJ0l",1,28,3,2,2,1,NA,3,2,2,2,2,2,1,1,1,4,2,1,3,1,4,2,1,1,1,3,2
"R_qOd19GGH2y9pJ0l",1,28,3,2,2,1,NA,4,3,1,1,1,3,3,2,2,4,1,3,2,2,3,2,1,1,3,1,3
"R_5jyE1CPequuwO0d",1,23,3,1,3,NA,-1,1,3,2,1,1,3,2,2,2,2,1,3,3,2,2,1,1,1,4,2,4
"R_5jyE1CPequuwO0d",1,23,3,1,3,NA,-1,2,3,2,1,1,3,2,2,2,2,1,3,3,2,2,1,1,1,4,2,3
"R_5jyE1CPequuwO0d",1,23,3,1,3,NA,-1,3,3,2,1,2,2,3,1,1,4,2,1,2,1,4,2,2,1,3,3,4
"R_5jyE1CPequuwO0d",1,23,3,1,3,NA,-1,4,2,1,2,2,2,2,1,1,4,2,1,2,2,3,2,2,1,4,3,3
"R_1Lj2PgWodtGnwuR",1,40,3,5,1,1,NA,1,1,2,2,1,2,1,1,1,2,2,2,3,1,2,2,2,1,4,3,3
"R_1Lj2PgWodtGnwuR",1,40,3,5,1,1,NA,2,1,1,2,1,3,2,1,2,3,1,3,3,2,2,2,1,1,3,1,3
"R_1Lj2PgWodtGnwuR",1,40,3,5,1,1,NA,3,2,2,1,2,3,2,1,1,3,1,2,3,3,4,3,1,1,2,1,4
"R_1Lj2PgWodtGnwuR",1,40,3,5,1,1,NA,4,2,1,2,1,2,3,1,2,3,2,1,3,4,3,2,2,1,4,1,4
"R_2hq77wAk9ZrO425",1,29,5,2,3,NA,-1,1,1,1,2,1,2,3,1,1,3,2,2,2,2,3,2,1,1,4,1,4
"R_2hq77wAk9ZrO425",1,29,5,2,3,NA,-1,2,2,2,2,2,3,2,1,1,1,2,1,3,1,3,2,1,1,3,3,2
"R_2hq77wAk9ZrO425",1,29,5,2,3,NA,-1,3,1,1,2,1,2,3,1,1,3,2,2,2,2,3,2,1,1,4,1,4
"R_2hq77wAk9ZrO425",1,29,5,2,3,NA,-1,4,1,2,1,1,2,1,1,2,4,1,3,1,2,2,2,2,1,1,2,1
"R_3g0BAq64V1BrbHh",1,29,5,5,1,0,NA,1,3,1,1,1,3,3,1,2,4,1,3,3,3,2,2,1,1,2,3,3
"R_3g0BAq64V1BrbHh",1,29,5,5,1,0,NA,2,3,2,1,1,2,2,1,1,3,2,2,2,1,4,2,1,1,4,3,4
"R_3g0BAq64V1BrbHh",1,29,5,5,1,0,NA,3,3,1,2,2,2,3,1,1,4,1,1,2,2,3,2,1,2,3,3,2
"R_3g0BAq64V1BrbHh",1,29,5,5,1,0,NA,4,1,2,2,1,2,1,1,1,1,2,1,1,1,3,1,2,2,1,1,1
"R_3oH2X6Xzu0tKpHp",2,54,3,5,1,0,NA,1,2,2,2,1,1,1,2,2,3,1,2,1,4,2,2,1,1,3,2,2
"R_3oH2X6Xzu0tKpHp",2,54,3,5,1,0,NA,2,3,1,2,2,2,3,1,1,2,2,1,2,2,3,2,2,1,3,3,2
"R_3oH2X6Xzu0tKpHp",2,54,3,5,1,0,NA,3,2,1,2,1,2,1,2,2,2,1,3,1,3,4,2,1,2,4,1,3
"R_3oH2X6Xzu0tKpHp",2,54,3,5,1,0,NA,4,3,1,1,2,2,3,1,1,3,2,1,2,2,3,2,2,1,2,2,4
"R_3fuGC4v8mBMsXaV",2,27,5,3,2,0,NA,1,3,2,2,1,2,2,1,1,2,2,2,1,2,3,2,2,1,3,1,4
"R_3fuGC4v8mBMsXaV",2,27,5,3,2,0,NA,2,2,1,1,1,3,1,2,2,4,1,3,1,3,3,3,1,1,2,3,1
"R_3fuGC4v8mBMsXaV",2,27,5,3,2,0,NA,3,3,2,1,2,3,2,1,1,3,2,1,2,1,4,3,1,1,4,1,2
"R_3fuGC4v8mBMsXaV",2,27,5,3,2,0,NA,4,2,2,2,2,3,3,1,1,4,2,1,3,1,4,3,2,1,1,2,3
"R_3qTC0F7ngmrxaYu",1,24,5,1,2,1,NA,1,1,1,2,1,2,2,1,1,2,2,3,3,1,3,2,2,1,3,3,2
"R_3qTC0F7ngmrxaYu",1,24,5,1,2,1,NA,2,1,1,2,2,2,2,1,1,1,2,1,3,1,4,2,2,1,2,1,4
"R_3qTC0F7ngmrxaYu",1,24,5,1,2,1,NA,3,1,2,2,1,1,3,1,1,3,2,2,2,4,3,2,2,1,3,3,1
"R_3qTC0F7ngmrxaYu",1,24,5,1,2,1,NA,4,2,2,2,1,2,2,2,1,4,2,2,2,3,2,2,1,1,1,3,2
"R_3ptJ27frg6i3Nt8",1,29,3,1,1,0,NA,1,1,2,1,2,3,3,1,2,4,2,2,2,1,4,2,2,1,4,3,2
"R_3ptJ27frg6i3Nt8",1,29,3,1,1,0,NA,2,2,1,1,1,3,3,2,2,2,1,3,3,2,3,3,2,1,1,1,1
"R_3ptJ27frg6i3Nt8",1,29,3,1,1,0,NA,3,3,2,1,2,1,3,1,1,1,1,1,2,4,2,2,1,7,3,3,3
"R_3ptJ27frg6i3Nt8",1,29,3,1,1,0,NA,4,1,1,1,1,2,1,2,2,3,1,2,1,3,3,3,1,3,2,2,4
"R_3R7c7dXvZ743AE9",2,22,3,1,2,0,NA,1,1,2,2,1,3,2,1,1,2,2,1,2,2,2,2,1,1,3,1,2
"R_3R7c7dXvZ743AE9",2,22,3,1,2,0,NA,2,1,1,1,1,3,3,1,2,4,1,3,2,1,3,2,2,1,4,2,3
"R_3R7c7dXvZ743AE9",2,22,3,1,2,0,NA,3,2,1,1,1,2,2,1,1,3,1,1,3,2,4,2,1,1,1,3,4
"R_3R7c7dXvZ743AE9",2,22,3,1,2,0,NA,4,2,1,1,2,3,2,2,1,1,2,1,3,1,3,2,2,2,2,1,1
"R_2Bx0hqWvmnEm225",2,41,6,5,3,NA,1,1,3,1,2,1,2,2,1,2,4,2,3,1,3,4,2,1,2,1,3,3
"R_2Bx0hqWvmnEm225",2,41,6,5,3,NA,1,2,1,1,2,2,2,1,1,1,3,1,2,1,2,3,2,2,1,4,2,1
"R_2Bx0hqWvmnEm225",2,41,6,5,3,NA,1,3,3,1,1,1,1,1,1,2,2,1,3,1,1,1,1,2,1,2,3,4
"R_2Bx0hqWvmnEm225",2,41,6,5,3,NA,1,4,3,2,1,1,2,2,1,1,2,1,1,2,1,3,2,2,1,4,3,2
"R_2SHmWf6P829EsUq",1,62,5,5,3,NA,-1,1,3,1,2,2,1,1,1,1,3,2,2,1,3,3,2,2,1,4,2,2
"R_2SHmWf6P829EsUq",1,62,5,5,3,NA,-1,2,3,1,1,2,2,1,2,2,1,1,3,1,2,3,2,1,7,3,1,1
"R_2SHmWf6P829EsUq",1,62,5,5,3,NA,-1,3,1,1,2,1,1,1,1,2,2,2,2,2,1,4,3,2,3,3,3,3
"R_2SHmWf6P829EsUq",1,62,5,5,3,NA,-1,4,3,1,2,1,1,1,1,1,1,2,2,2,1,2,3,2,1,1,3,2
"R_1JJDRQpgy6Z3HTb",1,20,3,3,3,NA,1,1,1,2,1,1,2,1,2,1,1,1,3,1,3,2,3,1,1,4,1,2
"R_1JJDRQpgy6Z3HTb",1,20,3,3,3,NA,1,2,1,1,1,2,2,1,1,1,2,2,2,1,1,2,2,2,7,3,3,1
"R_1JJDRQpgy6Z3HTb",1,20,3,3,3,NA,1,3,2,1,2,2,3,3,1,2,4,2,1,2,1,2,2,1,1,1,2,1
"R_1JJDRQpgy6Z3HTb",1,20,3,3,3,NA,1,4,1,2,2,2,3,1,1,2,2,2,1,3,2,1,1,1,3,2,1,3
"R_87dknaFKYKXfnHj",2,58,5,3,2,1,NA,1,2,2,2,2,3,3,1,1,1,2,1,3,2,4,2,1,1,4,3,1
"R_87dknaFKYKXfnHj",2,58,5,3,2,1,NA,2,2,1,1,1,2,1,2,2,3,1,3,2,2,3,2,2,1,2,2,3
"R_87dknaFKYKXfnHj",2,58,5,3,2,1,NA,3,3,2,1,1,2,3,1,2,1,1,3,2,3,3,2,2,2,3,1,3
"R_87dknaFKYKXfnHj",2,58,5,3,2,1,NA,4,2,2,1,1,2,1,1,1,1,2,2,2,4,2,3,1,1,1,3,4
"R_237fhygCL55AmrK",1,25,6,6,1,1,NA,1,2,2,1,2,3,3,1,1,2,2,1,1,1,3,3,2,1,2,3,1
"R_237fhygCL55AmrK",1,25,6,6,1,1,NA,2,3,1,1,2,1,2,1,2,1,1,3,2,3,1,2,1,7,4,1,3
"R_237fhygCL55AmrK",1,25,6,6,1,1,NA,3,3,1,2,2,3,3,1,1,2,2,2,2,1,2,2,2,1,3,3,3
"R_237fhygCL55AmrK",1,25,6,6,1,1,NA,4,3,1,1,2,2,1,2,2,3,1,3,3,2,2,2,1,1,4,3,4
"R_Pt9HxzmTp4EYDbH",2,41,6,2,4,NA,0,1,2,2,2,2,2,3,1,1,3,2,1,1,2,3,2,2,2,4,1,1
"R_Pt9HxzmTp4EYDbH",2,41,6,2,4,NA,0,2,2,2,2,2,3,3,1,1,4,2,1,1,2,4,2,2,3,4,1,1
"R_Pt9HxzmTp4EYDbH",2,41,6,2,4,NA,0,3,3,2,2,1,3,2,1,1,1,2,2,2,2,4,3,2,1,1,3,2
"R_Pt9HxzmTp4EYDbH",2,41,6,2,4,NA,0,4,3,2,2,2,3,2,1,1,1,2,1,3,1,4,3,2,1,2,2,4
"R_DS0alWycWIJ1XYl",2,25,4,2,2,0,NA,1,2,2,1,2,3,2,1,1,3,2,2,2,2,3,2,2,1,3,1,1
"R_DS0alWycWIJ1XYl",2,25,4,2,2,0,NA,2,3,1,1,2,2,3,1,2,2,1,2,2,1,2,2,1,1,1,2,4
"R_DS0alWycWIJ1XYl",2,25,4,2,2,0,NA,3,3,2,1,1,2,2,1,1,4,2,1,2,1,4,2,1,1,2,3,2
"R_DS0alWycWIJ1XYl",2,25,4,2,2,0,NA,4,3,2,1,1,2,2,2,1,1,2,3,1,1,3,2,1,1,4,3,2
"R_2uUSfBBboilCgHA",2,40,5,3,2,0,NA,1,2,1,2,1,3,2,1,2,3,2,2,2,2,3,2,2,1,2,3,2
"R_2uUSfBBboilCgHA",2,40,5,3,2,0,NA,2,3,1,1,2,1,3,1,1,2,1,1,2,1,4,2,2,1,1,1,1
"R_2uUSfBBboilCgHA",2,40,5,3,2,0,NA,3,1,2,2,1,2,1,1,1,4,2,1,2,3,2,2,1,1,4,2,3
"R_2uUSfBBboilCgHA",2,40,5,3,2,0,NA,4,2,2,2,1,3,2,1,1,1,2,1,2,4,4,2,2,1,3,3,3
"R_3LhazbBe4m5X908",1,58,3,2,2,1,NA,1,3,1,1,1,3,3,1,2,3,1,3,2,2,3,2,1,1,2,1,3
"R_3LhazbBe4m5X908",1,58,3,2,2,1,NA,2,1,1,2,2,2,1,1,1,2,2,2,1,1,3,3,2,1,1,2,4
"R_3LhazbBe4m5X908",1,58,3,2,2,1,NA,3,2,1,1,1,2,1,1,2,4,1,3,2,1,2,2,1,1,3,2,1
"R_3LhazbBe4m5X908",1,58,3,2,2,1,NA,4,1,2,2,1,1,1,2,1,2,2,1,1,3,1,2,2,1,4,2,2
"R_22CVFopv04qWBbo",1,32,5,4,3,NA,-1,1,1,2,1,2,3,3,1,1,1,2,1,3,2,3,2,2,1,1,1,1
"R_22CVFopv04qWBbo",1,32,5,4,3,NA,-1,2,3,2,1,1,3,2,1,2,1,1,3,2,3,4,2,1,7,3,2,3
"R_22CVFopv04qWBbo",1,32,5,4,3,NA,-1,3,2,1,1,1,2,3,2,2,3,1,3,1,1,2,2,2,1,2,1,4
"R_22CVFopv04qWBbo",1,32,5,4,3,NA,-1,4,3,2,1,2,2,2,1,1,2,2,1,2,2,3,3,2,1,1,3,2
"R_2WD8B0IpeiyMdnF",2,49,3,2,2,1,NA,1,3,1,2,2,2,3,1,1,1,2,1,2,1,3,2,2,1,1,1,1
"R_2WD8B0IpeiyMdnF",2,49,3,2,2,1,NA,2,3,1,2,2,2,1,1,1,2,2,1,3,2,3,2,2,1,4,2,2
"R_2WD8B0IpeiyMdnF",2,49,3,2,2,1,NA,3,1,2,1,1,2,2,2,2,3,1,2,1,3,2,3,1,1,3,3,3
"R_2WD8B0IpeiyMdnF",2,49,3,2,2,1,NA,4,2,2,2,1,2,1,1,1,3,2,2,2,4,3,2,2,3,1,1,4
"R_2QWcAGZiNCSn5OV",1,51,3,1,2,1,NA,1,1,1,1,2,3,2,2,1,3,1,3,2,1,3,2,2,1,1,3,2
"R_2QWcAGZiNCSn5OV",1,51,3,1,2,1,NA,2,3,1,1,2,3,3,1,1,4,1,2,2,2,4,2,2,1,2,1,4
"R_2QWcAGZiNCSn5OV",1,51,3,1,2,1,NA,3,3,1,2,2,2,3,1,1,2,2,1,3,2,2,2,2,1,3,1,1
"R_2QWcAGZiNCSn5OV",1,51,3,1,2,1,NA,4,1,2,2,1,2,1,2,2,4,2,3,1,3,2,2,1,7,2,3,2
"R_02KorO4VDgZWYcV",1,29,2,1,1,0,NA,1,2,2,2,2,3,3,1,1,4,2,1,2,2,3,2,2,1,4,3,3
"R_02KorO4VDgZWYcV",1,29,2,1,1,0,NA,2,2,1,1,2,2,2,1,2,1,1,2,2,3,2,2,1,7,1,3,2
"R_02KorO4VDgZWYcV",1,29,2,1,1,0,NA,3,3,2,1,2,3,1,1,1,3,2,3,3,1,2,1,2,1,4,1,3
"R_02KorO4VDgZWYcV",1,29,2,1,1,0,NA,4,1,1,2,1,2,1,1,2,4,1,1,1,3,1,1,2,3,3,1,2
"R_5dwabxGJv5rdpsZ",2,44,5,2,2,1,NA,1,3,2,2,1,2,3,1,2,4,2,2,2,2,3,2,1,1,4,2,3
"R_5dwabxGJv5rdpsZ",2,44,5,2,2,1,NA,2,2,2,2,2,2,1,2,1,2,2,1,1,1,4,2,1,1,3,1,2
"R_5dwabxGJv5rdpsZ",2,44,5,2,2,1,NA,3,1,1,2,2,2,1,1,2,1,2,2,1,1,1,1,1,1,2,3,4
"R_5dwabxGJv5rdpsZ",2,44,5,2,2,1,NA,4,1,2,2,1,1,1,1,1,3,2,2,2,4,3,3,2,1,2,3,4
"R_3HwgKsvRX91U1Uy",1,40,4,3,3,NA,0,1,1,1,2,1,3,1,1,2,4,1,3,1,2,3,2,2,1,4,3,4
"R_3HwgKsvRX91U1Uy",1,40,4,3,3,NA,0,2,2,2,1,2,3,2,2,1,4,2,2,3,2,3,2,1,1,2,1,4
"R_3HwgKsvRX91U1Uy",1,40,4,3,3,NA,0,3,1,1,2,2,2,1,1,1,3,1,1,3,1,1,2,2,2,3,3,1
"R_3HwgKsvRX91U1Uy",1,40,4,3,3,NA,0,4,3,2,1,1,3,3,1,1,4,2,2,3,2,4,2,2,1,2,3,4
"R_1hyWATaZnTxLwyv",1,22,5,3,1,0,NA,1,1,1,2,1,2,3,1,2,3,2,2,2,2,3,2,1,1,2,2,1
"R_1hyWATaZnTxLwyv",1,22,5,3,1,0,NA,2,1,2,2,1,2,2,1,2,2,2,2,2,2,3,2,2,1,1,1,1
"R_1hyWATaZnTxLwyv",1,22,5,3,1,0,NA,3,2,1,1,2,2,2,1,1,4,1,3,3,2,4,2,2,1,3,3,1
"R_1hyWATaZnTxLwyv",1,22,5,3,1,0,NA,4,2,2,2,1,2,1,1,1,1,2,2,2,2,3,2,1,1,4,1,3
"R_1pSsyIDJcWSnLgC",2,29,5,1,3,NA,-1,1,3,1,1,2,2,3,2,1,3,1,3,1,3,2,2,2,1,1,1,3
"R_1pSsyIDJcWSnLgC",2,29,5,1,3,NA,-1,2,1,2,2,1,2,2,1,2,1,2,1,3,2,1,3,1,1,2,2,2
"R_1pSsyIDJcWSnLgC",2,29,5,1,3,NA,-1,3,2,2,2,2,2,1,1,2,1,2,1,2,1,1,1,1,1,2,2,2
"R_1pSsyIDJcWSnLgC",2,29,5,1,3,NA,-1,4,2,2,1,1,2,1,1,2,1,2,2,2,4,3,3,1,1,4,2,2
"R_2Bht2ejhVxboJQF",1,39,5,2,1,1,NA,1,1,1,2,2,2,1,1,1,2,2,2,2,2,3,2,1,1,2,3,3
"R_2Bht2ejhVxboJQF",1,39,5,2,1,1,NA,2,2,1,2,2,2,3,1,1,3,2,1,2,1,4,2,2,1,3,1,3
"R_2Bht2ejhVxboJQF",1,39,5,2,1,1,NA,3,1,2,2,2,3,1,1,1,2,2,2,3,1,2,2,2,1,4,2,1
"R_2Bht2ejhVxboJQF",1,39,5,2,1,1,NA,4,1,1,1,2,2,1,2,2,3,1,2,1,3,3,2,1,7,1,3,4
"R_3qNI0H7G17wCYpp",2,34,5,4,3,NA,0,1,3,2,1,1,3,3,1,2,2,1,2,2,2,3,2,1,1,1,2,3
"R_3qNI0H7G17wCYpp",2,34,5,4,3,NA,0,2,1,2,2,1,3,1,1,2,3,2,2,2,1,4,2,2,1,3,3,1
"R_3qNI0H7G17wCYpp",2,34,5,4,3,NA,0,3,1,1,2,1,3,1,1,1,1,1,2,1,1,2,2,1,1,1,3,3
"R_3qNI0H7G17wCYpp",2,34,5,4,3,NA,0,4,2,2,1,1,3,3,1,1,1,1,2,1,1,2,2,2,3,1,2,1
"R_2eXC99leOSonbWj",2,42,3,3,1,0,NA,1,3,1,2,1,3,3,1,2,2,1,2,2,2,4,2,1,1,1,3,3
"R_2eXC99leOSonbWj",2,42,3,3,1,0,NA,2,3,2,1,1,2,3,2,2,3,1,3,2,2,2,3,1,1,3,2,3
"R_2eXC99leOSonbWj",2,42,3,3,1,0,NA,3,3,2,2,1,2,2,1,2,2,1,2,3,2,2,2,2,7,4,1,2
"R_2eXC99leOSonbWj",2,42,3,3,1,0,NA,4,3,2,2,1,2,2,1,2,1,1,2,2,2,3,2,1,1,3,2,4
"R_2R8qtHTFbckMak1",1,25,5,4,1,0,NA,1,3,1,1,2,3,3,2,2,4,1,3,3,2,2,3,1,1,1,1,2
"R_2R8qtHTFbckMak1",1,25,5,4,1,0,NA,2,2,2,1,1,3,2,1,2,1,2,2,2,3,3,2,1,1,4,2,4
"R_2R8qtHTFbckMak1",1,25,5,4,1,0,NA,3,3,2,2,2,2,1,1,1,3,1,1,1,3,3,2,1,1,2,3,2
"R_2R8qtHTFbckMak1",1,25,5,4,1,0,NA,4,1,1,2,1,1,1,1,1,4,2,2,1,3,4,3,2,1,2,3,1
"R_1joIb6hY8WyKNQV",2,38,6,2,2,1,NA,1,2,1,2,2,3,3,1,1,1,2,1,3,4,2,2,1,1,1,2,4
"R_1joIb6hY8WyKNQV",2,38,6,2,2,1,NA,2,3,1,1,1,2,2,1,2,3,1,2,2,2,4,2,2,1,2,1,3
"R_1joIb6hY8WyKNQV",2,38,6,2,2,1,NA,3,3,2,2,2,1,1,1,1,2,2,1,2,1,1,3,1,1,1,2,4
"R_1joIb6hY8WyKNQV",2,38,6,2,2,1,NA,4,1,2,2,2,3,1,1,1,3,2,1,3,2,1,1,1,1,4,3,1
"R_DGEpfWFWhqhQFtT",2,33,6,2,1,0,NA,1,2,1,1,2,3,3,2,1,4,1,2,2,1,2,2,1,1,1,2,2
"R_DGEpfWFWhqhQFtT",2,33,6,2,1,0,NA,2,3,2,1,1,2,2,1,2,1,1,3,3,2,3,3,2,1,2,1,4
"R_DGEpfWFWhqhQFtT",2,33,6,2,1,0,NA,3,1,2,2,1,2,2,1,2,2,2,1,1,3,1,2,2,2,3,3,3
"R_DGEpfWFWhqhQFtT",2,33,6,2,1,0,NA,4,1,1,1,1,2,1,1,1,4,1,2,2,2,3,2,2,2,4,1,3
"R_33yfJ2woAdDyHTK",1,32,6,2,3,NA,0,1,1,1,2,2,2,1,1,1,1,2,2,3,4,2,3,1,1,1,1,4
"R_33yfJ2woAdDyHTK",1,32,6,2,3,NA,0,2,3,2,1,2,3,2,1,2,1,1,1,3,2,4,2,1,1,2,2,1
"R_33yfJ2woAdDyHTK",1,32,6,2,3,NA,0,3,1,2,2,1,3,3,2,2,2,1,3,1,3,1,3,1,1,4,3,4
"R_33yfJ2woAdDyHTK",1,32,6,2,3,NA,0,4,2,1,2,1,1,1,2,1,4,1,2,2,3,2,3,1,3,1,3,2
"R_wNuH9Sd24971eEx",1,51,4,5,3,NA,1,1,1,2,2,2,2,3,1,1,1,2,1,2,1,3,2,2,1,4,1,3
"R_wNuH9Sd24971eEx",1,51,4,5,3,NA,1,2,3,1,2,2,2,1,1,1,3,1,2,2,4,4,2,2,1,1,2,2
"R_wNuH9Sd24971eEx",1,51,4,5,3,NA,1,3,1,1,1,1,3,1,2,2,4,1,3,1,3,2,3,1,2,1,3,1
"R_wNuH9Sd24971eEx",1,51,4,5,3,NA,1,4,3,2,2,2,1,2,1,1,2,2,1,3,1,4,2,2,1,2,3,3
"R_2WDzkg4pzLvpfIB",1,32,6,4,2,1,NA,1,3,1,2,1,3,3,1,2,3,1,2,3,2,3,2,1,1,1,2,1
"R_2WDzkg4pzLvpfIB",1,32,6,4,2,1,NA,2,1,1,2,2,3,2,1,1,4,2,2,3,1,2,2,1,1,2,1,2
"R_2WDzkg4pzLvpfIB",1,32,6,4,2,1,NA,3,1,1,2,2,3,2,1,1,4,2,2,3,1,2,2,1,1,2,1,2
"R_2WDzkg4pzLvpfIB",1,32,6,4,2,1,NA,4,2,2,1,2,2,3,1,1,3,2,3,3,1,3,1,1,1,3,2,1
"R_3KosYZc3vVLhdu5",1,31,5,4,2,1,NA,1,3,2,2,1,3,1,1,2,4,2,1,3,1,3,2,2,1,4,3,2
"R_3KosYZc3vVLhdu5",1,31,5,4,2,1,NA,2,3,2,1,1,3,1,1,2,3,2,3,3,4,1,1,2,1,3,1,1
"R_3KosYZc3vVLhdu5",1,31,5,4,2,1,NA,3,1,2,2,2,2,1,1,2,2,1,2,2,2,1,1,1,1,2,3,2
"R_3KosYZc3vVLhdu5",1,31,5,4,2,1,NA,4,3,1,1,1,3,3,1,1,4,2,3,3,1,1,1,2,1,4,2,1
"R_3HwaPp9sejPsB21",2,39,6,3,2,1,NA,1,1,1,1,2,2,3,2,2,3,1,1,3,2,2,2,1,1,4,1,3
"R_3HwaPp9sejPsB21",2,39,6,3,2,1,NA,2,2,2,1,1,2,3,1,2,3,1,3,3,2,2,2,2,1,4,1,3
"R_3HwaPp9sejPsB21",2,39,6,3,2,1,NA,3,1,1,1,2,2,2,1,1,3,2,1,3,2,2,2,2,1,4,1,3
"R_3HwaPp9sejPsB21",2,39,6,3,2,1,NA,4,3,2,2,2,2,2,1,1,3,2,1,3,2,2,2,2,1,3,1,3
"R_sL0nvRMsF4GWNcl",1,27,2,1,4,NA,-1,1,3,2,1,2,2,1,1,1,3,2,2,2,2,3,2,1,1,4,1,2
"R_sL0nvRMsF4GWNcl",1,27,2,1,4,NA,-1,2,1,1,1,1,2,1,2,2,2,1,3,1,3,3,1,1,1,3,3,2
"R_sL0nvRMsF4GWNcl",1,27,2,1,4,NA,-1,3,3,1,2,1,2,1,1,1,1,2,2,2,1,1,1,1,1,3,3,3
"R_sL0nvRMsF4GWNcl",1,27,2,1,4,NA,-1,4,1,1,2,1,2,1,1,2,1,1,3,2,1,1,1,1,1,2,2,3
"R_12umlhYGFO2kWEe",2,27,5,4,2,1,NA,1,2,1,1,1,2,3,1,2,3,1,3,2,2,3,2,2,1,1,2,1
"R_12umlhYGFO2kWEe",2,27,5,4,2,1,NA,2,2,2,1,1,2,2,1,1,1,2,2,2,2,3,2,2,1,4,1,4
"R_12umlhYGFO2kWEe",2,27,5,4,2,1,NA,3,3,2,1,2,2,3,1,1,3,2,1,3,2,2,2,2,1,4,2,3
"R_12umlhYGFO2kWEe",2,27,5,4,2,1,NA,4,2,1,2,2,2,2,1,2,4,2,1,2,2,3,3,1,1,2,3,2
"R_3RkHNjQTzyqAHI8",2,25,5,2,1,0,NA,1,2,1,1,2,2,3,1,1,3,1,3,3,2,3,2,2,1,1,3,1
"R_3RkHNjQTzyqAHI8",2,25,5,2,1,0,NA,2,3,1,1,1,3,3,1,2,1,1,3,3,2,2,2,1,2,4,1,2
"R_3RkHNjQTzyqAHI8",2,25,5,2,1,0,NA,3,1,1,2,2,2,3,1,1,2,2,2,3,2,3,2,2,1,2,2,4
"R_3RkHNjQTzyqAHI8",2,25,5,2,1,0,NA,4,1,2,2,1,3,3,1,1,2,2,1,3,2,4,2,2,1,1,2,2
"R_DIE4FrDIXLLg4Rr",1,54,5,1,3,NA,-1,1,1,2,2,1,1,1,1,1,3,2,1,3,4,4,2,1,1,2,3,2
"R_DIE4FrDIXLLg4Rr",1,54,5,1,3,NA,-1,2,1,2,2,2,3,1,1,1,1,2,1,3,2,3,2,1,1,1,3,1
"R_DIE4FrDIXLLg4Rr",1,54,5,1,3,NA,-1,3,3,2,2,2,2,3,1,1,4,2,1,2,1,4,2,2,1,4,2,4
"R_DIE4FrDIXLLg4Rr",1,54,5,1,3,NA,-1,4,2,2,2,2,3,2,1,1,2,2,1,3,2,3,2,1,1,3,1,3
"R_0rBk7x2Ui2e2e8p",2,57,2,2,2,1,NA,1,3,1,1,2,3,2,1,1,3,1,3,1,3,3,2,2,1,4,1,1
"R_0rBk7x2Ui2e2e8p",2,57,2,2,2,1,NA,2,3,2,1,1,2,3,1,2,4,1,3,1,2,3,2,2,1,2,3,3
"R_0rBk7x2Ui2e2e8p",2,57,2,2,2,1,NA,3,1,2,1,1,2,2,1,2,1,1,3,1,2,3,2,1,1,2,2,4
"R_0rBk7x2Ui2e2e8p",2,57,2,2,2,1,NA,4,2,1,1,1,2,2,2,2,4,1,3,1,3,3,2,1,1,1,3,2
"R_4YMlVa1itKILHEJ",2,35,5,3,2,0,NA,1,3,1,2,2,2,3,1,1,2,2,1,3,1,4,2,1,1,4,1,4
"R_4YMlVa1itKILHEJ",2,35,5,3,2,0,NA,2,3,2,2,1,3,2,1,2,3,2,3,3,2,3,2,1,1,2,3,2
"R_4YMlVa1itKILHEJ",2,35,5,3,2,0,NA,3,2,2,2,1,3,1,2,2,3,2,3,2,4,3,2,2,2,3,1,3
"R_4YMlVa1itKILHEJ",2,35,5,3,2,0,NA,4,2,1,2,2,2,1,1,1,2,2,3,2,2,2,3,1,7,1,3,4
"R_3EMZBsOIHDKEgWw",1,35,3,2,2,0,NA,1,3,2,1,1,1,3,1,2,3,2,1,2,4,3,2,1,1,2,3,1
"R_3EMZBsOIHDKEgWw",1,35,3,2,2,0,NA,2,1,2,1,2,1,1,1,1,1,2,1,1,1,2,2,1,1,3,2,2
"R_3EMZBsOIHDKEgWw",1,35,3,2,2,0,NA,3,2,2,1,2,1,3,1,1,2,2,1,2,3,2,2,2,1,1,3,4
"R_3EMZBsOIHDKEgWw",1,35,3,2,2,0,NA,4,1,1,2,2,1,1,2,1,3,2,1,1,3,3,2,1,1,2,2,1
"R_1Ka591fe4mIzivO",1,22,5,6,1,1,NA,1,3,2,2,2,3,3,1,1,3,2,2,2,2,3,2,2,1,2,1,3
"R_1Ka591fe4mIzivO",1,22,5,6,1,1,NA,2,1,1,1,1,3,2,2,2,4,1,3,1,3,2,3,1,1,3,3,2
"R_1Ka591fe4mIzivO",1,22,5,6,1,1,NA,3,3,1,2,1,2,2,1,1,1,1,3,2,4,4,2,1,7,1,1,4
"R_1Ka591fe4mIzivO",1,22,5,6,1,1,NA,4,3,2,1,2,3,3,1,1,1,2,2,3,1,2,2,2,1,4,2,4
"R_1FqXmApiZPLdivd",1,37,5,4,1,0,NA,1,1,1,1,2,3,3,1,1,4,2,1,3,1,4,2,1,1,2,3,2
"R_1FqXmApiZPLdivd",1,37,5,4,1,0,NA,2,1,2,1,1,2,3,2,2,3,1,3,1,3,3,3,1,1,2,3,3
"R_1FqXmApiZPLdivd",1,37,5,4,1,0,NA,3,1,1,1,2,3,2,1,1,1,2,2,1,4,3,1,2,1,1,3,3
"R_1FqXmApiZPLdivd",1,37,5,4,1,0,NA,4,1,1,1,1,3,1,2,2,2,1,3,1,4,3,1,1,1,1,3,1
"R_2YEtPoKnANoZpH5",2,29,6,2,3,NA,-1,1,3,1,1,2,2,3,2,1,2,1,2,2,2,3,2,1,1,4,1,3
"R_2YEtPoKnANoZpH5",2,29,6,2,3,NA,-1,2,1,1,1,2,2,1,1,1,4,2,1,2,4,4,3,2,1,3,2,1
"R_2YEtPoKnANoZpH5",2,29,6,2,3,NA,-1,3,3,1,1,2,3,2,1,2,1,2,2,1,3,1,1,1,2,2,2,2
"R_2YEtPoKnANoZpH5",2,29,6,2,3,NA,-1,4,1,1,2,1,2,2,1,2,3,1,3,2,2,2,2,1,7,1,1,3
"R_2qsFIaVks1y6TYY",1,62,5,2,2,1,NA,1,2,1,1,1,2,3,1,2,1,1,3,2,2,3,2,1,1,4,2,1
"R_2qsFIaVks1y6TYY",1,62,5,2,2,1,NA,2,3,2,2,2,3,2,1,1,4,2,1,3,4,4,3,1,1,2,3,4
"R_2qsFIaVks1y6TYY",1,62,5,2,2,1,NA,3,2,1,2,1,2,1,1,1,2,1,2,1,3,3,1,1,1,3,1,3
"R_2qsFIaVks1y6TYY",1,62,5,2,2,1,NA,4,1,1,1,2,2,1,2,1,3,1,2,1,3,3,2,2,1,2,1,2
"R_2cClMFDxaHUgZOQ",1,42,5,3,1,1,NA,1,2,1,2,1,2,2,2,2,3,1,3,2,2,3,2,1,2,2,3,1
"R_2cClMFDxaHUgZOQ",1,42,5,3,1,1,NA,2,1,2,1,2,3,3,1,1,2,2,1,3,1,4,3,2,1,1,2,4
"R_2cClMFDxaHUgZOQ",1,42,5,3,1,1,NA,3,3,1,2,2,1,3,1,1,2,2,1,1,2,4,2,2,1,3,1,3
"R_2cClMFDxaHUgZOQ",1,42,5,3,1,1,NA,4,3,2,2,2,1,1,1,1,3,2,1,2,1,1,2,2,1,2,2,3
"R_2ZDN0WCOXLIZmqR",2,21,3,2,2,0,NA,1,3,1,1,2,3,3,1,1,3,2,1,3,2,4,2,2,1,2,1,2
"R_2ZDN0WCOXLIZmqR",2,21,3,2,2,0,NA,2,2,2,2,1,3,2,1,2,2,2,2,2,2,3,2,1,1,1,2,3
"R_2ZDN0WCOXLIZmqR",2,21,3,2,2,0,NA,3,1,2,1,1,3,2,2,2,4,1,2,2,2,3,2,1,1,4,3,1
"R_2ZDN0WCOXLIZmqR",2,21,3,2,2,0,NA,4,3,1,1,1,3,3,1,2,2,1,2,3,2,4,2,2,1,1,1,3
"R_3qHCnIa2rtBOnYM",2,27,5,2,2,0,NA,1,2,2,1,1,3,3,1,2,3,1,2,2,2,3,2,1,1,3,1,3
"R_3qHCnIa2rtBOnYM",2,27,5,2,2,0,NA,2,2,2,2,2,3,2,1,1,3,2,1,2,1,3,2,2,1,1,3,2
"R_3qHCnIa2rtBOnYM",2,27,5,2,2,0,NA,3,3,2,2,2,2,2,1,1,3,2,1,2,2,2,2,2,1,1,2,3
"R_3qHCnIa2rtBOnYM",2,27,5,2,2,0,NA,4,1,1,1,2,2,1,2,2,3,1,2,2,2,3,2,1,1,2,1,1
"R_32VXRO9ppawolSe",2,51,3,4,1,0,NA,1,3,1,2,1,1,1,1,2,4,1,2,2,1,4,2,1,1,1,3,3
"R_32VXRO9ppawolSe",2,51,3,4,1,0,NA,2,2,2,2,2,2,1,1,1,1,2,1,1,3,3,2,2,1,2,1,1
"R_32VXRO9ppawolSe",2,51,3,4,1,0,NA,3,1,1,1,1,2,1,2,2,3,1,2,1,3,3,2,1,2,1,2,1
"R_32VXRO9ppawolSe",2,51,3,4,1,0,NA,4,2,2,1,1,2,1,2,2,2,1,2,1,2,3,3,1,1,4,3,4
"R_oY0xAFQB3yprycF",1,29,5,3,2,1,NA,1,2,2,1,2,2,1,1,1,2,1,1,3,1,4,2,1,1,3,3,3
"R_oY0xAFQB3yprycF",1,29,5,3,2,1,NA,2,3,1,1,2,3,2,1,1,2,1,2,2,2,2,2,2,7,1,3,4
"R_oY0xAFQB3yprycF",1,29,5,3,2,1,NA,3,3,2,2,1,3,3,1,2,1,2,2,2,3,3,1,2,1,2,3,2
"R_oY0xAFQB3yprycF",1,29,5,3,2,1,NA,4,2,1,2,2,2,2,1,2,3,2,1,2,1,2,1,2,1,2,2,1
"R_W1HfxwtGEvIxFjX",1,51,3,5,3,NA,1,1,2,1,2,1,3,3,1,1,4,1,3,2,2,4,2,2,1,3,2,1
"R_W1HfxwtGEvIxFjX",1,51,3,5,3,NA,1,2,3,2,2,1,2,2,1,1,2,2,2,1,1,3,2,2,1,4,3,2
"R_W1HfxwtGEvIxFjX",1,51,3,5,3,NA,1,3,1,2,1,2,2,3,2,1,1,2,2,1,2,1,1,1,7,2,1,4
"R_W1HfxwtGEvIxFjX",1,51,3,5,3,NA,1,4,1,1,1,1,3,3,2,2,4,1,3,2,2,2,3,1,2,2,1,4
"R_1BR62Dg1xeZTAju",2,48,5,2,2,0,NA,1,1,1,1,2,3,1,2,2,2,1,3,2,2,4,3,1,1,3,1,3
"R_1BR62Dg1xeZTAju",2,48,5,2,2,0,NA,2,1,2,1,2,3,3,1,1,2,2,3,2,2,3,2,2,1,4,3,2
"R_1BR62Dg1xeZTAju",2,48,5,2,2,0,NA,3,3,2,1,1,3,3,1,2,4,1,3,2,2,4,2,2,1,3,2,1
"R_1BR62Dg1xeZTAju",2,48,5,2,2,0,NA,4,2,2,2,2,3,2,1,1,2,2,1,2,2,2,3,2,1,3,1,1
"R_3eq2faU2ggsrieL",2,29,6,4,2,0,NA,1,1,1,1,1,2,3,1,2,4,1,3,1,1,3,2,1,1,4,1,1
"R_3eq2faU2ggsrieL",2,29,6,4,2,0,NA,2,3,2,1,1,2,3,1,2,4,1,2,2,2,2,2,2,1,2,1,4
"R_3eq2faU2ggsrieL",2,29,6,4,2,0,NA,3,1,1,1,2,3,1,2,1,1,2,1,2,4,4,2,2,1,4,2,2
"R_3eq2faU2ggsrieL",2,29,6,4,2,0,NA,4,1,1,1,1,2,2,2,2,3,1,3,3,2,2,3,1,1,2,1,3
"R_2A0GC5VJKjUlslE",2,49,3,4,3,NA,0,1,1,2,1,2,3,2,1,1,1,1,2,3,2,3,2,1,1,4,3,1
"R_2A0GC5VJKjUlslE",2,49,3,4,3,NA,0,2,1,2,2,2,2,1,2,1,2,2,1,2,3,4,2,1,1,2,2,4
"R_2A0GC5VJKjUlslE",2,49,3,4,3,NA,0,3,3,1,2,1,2,3,1,1,4,1,3,3,1,3,3,2,1,2,2,4
"R_2A0GC5VJKjUlslE",2,49,3,4,3,NA,0,4,2,1,2,2,2,1,1,1,4,2,2,2,2,3,2,1,1,4,2,2
"R_2VwKvogJDCEou5M",1,43,4,4,1,1,NA,1,2,2,1,2,2,2,1,1,3,2,1,1,1,2,2,2,2,3,1,4
"R_2VwKvogJDCEou5M",1,43,4,4,1,1,NA,2,3,2,2,2,2,1,1,1,1,2,1,2,3,3,2,2,1,4,1,3
"R_2VwKvogJDCEou5M",1,43,4,4,1,1,NA,3,3,1,2,1,3,3,1,2,3,1,3,2,2,4,2,1,1,2,3,3
"R_2VwKvogJDCEou5M",1,43,4,4,1,1,NA,4,1,1,1,1,2,2,1,1,3,1,1,2,3,3,2,2,1,1,3,3
"R_3L0ZMjQC3hyvd1u",1,22,4,1,3,NA,-1,1,1,1,2,1,3,2,1,1,4,2,1,3,2,3,2,2,1,1,2,1
"R_3L0ZMjQC3hyvd1u",1,22,4,1,3,NA,-1,2,2,1,1,1,2,3,1,2,1,1,3,2,1,2,2,2,1,4,1,4
"R_3L0ZMjQC3hyvd1u",1,22,4,1,3,NA,-1,3,2,2,2,2,3,3,1,1,4,2,1,2,2,4,2,2,1,2,3,2
"R_3L0ZMjQC3hyvd1u",1,22,4,1,3,NA,-1,4,2,1,1,2,2,2,1,2,1,2,1,3,2,3,2,2,1,3,1,2
"R_1GIJQnA0XAo1eCY",1,30,3,3,2,1,NA,1,1,1,1,2,3,2,1,1,2,2,2,2,2,3,2,2,2,3,1,4
"R_1GIJQnA0XAo1eCY",1,30,3,3,2,1,NA,2,3,2,1,1,3,3,2,2,2,2,1,2,1,4,3,2,1,1,2,1
"R_1GIJQnA0XAo1eCY",1,30,3,3,2,1,NA,3,2,1,1,1,3,3,2,1,3,2,3,2,3,3,1,1,7,2,3,4
"R_1GIJQnA0XAo1eCY",1,30,3,3,2,1,NA,4,1,2,2,2,3,2,1,1,4,1,1,3,1,4,2,1,1,2,3,2
"R_1ozG47RWF8cjAn7",2,56,5,1,3,NA,0,1,2,1,2,2,2,2,1,1,3,2,2,2,3,3,2,2,7,2,1,3
"R_1ozG47RWF8cjAn7",2,56,5,1,3,NA,0,2,1,1,1,2,2,1,2,2,2,1,3,2,2,2,3,1,2,2,3,4
"R_1ozG47RWF8cjAn7",2,56,5,1,3,NA,0,3,2,2,2,1,3,3,1,1,1,2,2,3,1,2,2,2,1,3,2,4
"R_1ozG47RWF8cjAn7",2,56,5,1,3,NA,0,4,2,1,1,1,2,2,2,2,4,1,3,2,3,3,3,1,1,2,3,2
"R_1puFdcn5VR1cOeO",1,35,4,2,3,NA,1,1,3,1,1,2,3,3,1,1,1,2,3,2,1,3,2,1,1,2,2,3
"R_1puFdcn5VR1cOeO",1,35,4,2,3,NA,1,2,1,1,1,1,2,1,2,2,3,1,3,1,2,2,1,1,2,4,1,1
"R_1puFdcn5VR1cOeO",1,35,4,2,3,NA,1,3,2,2,1,1,3,2,2,1,2,1,3,3,3,3,3,2,1,1,3,2
"R_1puFdcn5VR1cOeO",1,35,4,2,3,NA,1,4,1,2,1,2,2,3,2,2,3,2,1,2,1,1,2,2,3,3,1,3
"R_SCxB10Y90hkeMql",1,26,2,1,3,NA,-1,1,2,2,2,1,3,3,1,1,1,2,2,3,1,2,2,2,1,2,1,2
"R_SCxB10Y90hkeMql",1,26,2,1,3,NA,-1,2,3,1,2,2,3,2,1,2,4,1,1,2,2,4,3,1,1,3,2,3
"R_SCxB10Y90hkeMql",1,26,2,1,3,NA,-1,3,2,1,1,2,2,3,1,1,2,2,2,2,1,2,2,2,1,2,3,4
"R_SCxB10Y90hkeMql",1,26,2,1,3,NA,-1,4,1,2,1,1,2,1,1,1,3,2,2,2,1,3,3,1,1,1,3,3
"R_O1NFxbNUYqhyNIB",2,56,3,3,3,NA,0,1,2,2,1,1,2,2,1,1,1,2,2,2,1,4,2,1,1,2,3,1
"R_O1NFxbNUYqhyNIB",2,56,3,3,3,NA,0,2,1,2,2,2,2,1,2,1,2,2,2,2,2,3,2,2,7,4,2,3
"R_O1NFxbNUYqhyNIB",2,56,3,3,3,NA,0,3,3,1,2,2,3,2,1,1,4,2,1,3,2,2,2,2,1,1,1,4
"R_O1NFxbNUYqhyNIB",2,56,3,3,3,NA,0,4,1,1,1,1,2,1,2,2,1,1,3,1,3,4,3,1,1,4,3,3
"R_1LHWmU1tlmfKu64",2,31,6,4,3,NA,-1,1,2,1,1,1,3,3,2,2,3,1,2,2,2,3,2,1,1,3,2,2
"R_1LHWmU1tlmfKu64",2,31,6,4,3,NA,-1,2,2,2,1,1,2,3,1,2,4,1,2,2,1,1,2,1,1,4,1,1
"R_1LHWmU1tlmfKu64",2,31,6,4,3,NA,-1,3,1,2,2,1,1,1,1,2,1,1,2,2,4,4,2,1,1,2,3,3
"R_1LHWmU1tlmfKu64",2,31,6,4,3,NA,-1,4,1,2,1,2,2,2,1,1,2,2,1,2,1,3,2,2,1,2,1,2
"R_2BfBdaerIlgA0OF",1,46,3,4,2,0,NA,1,2,2,2,2,3,2,1,1,2,2,1,2,2,4,2,1,1,1,2,3
"R_2BfBdaerIlgA0OF",1,46,3,4,2,0,NA,2,1,2,2,2,2,3,1,1,1,2,1,2,1,3,2,1,1,3,3,3
"R_2BfBdaerIlgA0OF",1,46,3,4,2,0,NA,3,1,1,2,2,2,1,1,1,1,1,1,2,3,3,2,2,7,1,2,2
"R_2BfBdaerIlgA0OF",1,46,3,4,2,0,NA,4,3,2,1,2,2,3,1,1,4,1,1,1,2,4,2,2,1,2,2,4
"R_2Vau0a7WGk0Fyfa",2,59,3,1,2,0,NA,1,1,1,2,1,2,3,1,1,2,2,2,1,4,3,2,1,1,1,3,1
"R_2Vau0a7WGk0Fyfa",2,59,3,1,2,0,NA,2,2,1,2,2,3,3,1,1,1,2,1,2,2,4,3,1,1,3,2,2
"R_2Vau0a7WGk0Fyfa",2,59,3,1,2,0,NA,3,3,1,2,1,3,3,1,1,1,2,2,2,2,4,2,2,1,1,2,4
"R_2Vau0a7WGk0Fyfa",2,59,3,1,2,0,NA,4,3,1,2,2,3,3,1,1,3,2,2,2,2,4,3,2,1,3,2,3
"R_29cbgcK7gMjAST9",2,25,5,3,2,1,NA,1,2,1,1,2,3,1,1,1,3,1,1,3,1,3,2,1,1,4,1,1
"R_29cbgcK7gMjAST9",2,25,5,3,2,1,NA,2,1,2,1,1,3,1,2,2,1,1,1,2,2,4,2,1,1,3,1,3
"R_29cbgcK7gMjAST9",2,25,5,3,2,1,NA,3,3,1,1,2,3,3,1,1,4,1,1,3,1,4,2,1,1,4,2,4
"R_29cbgcK7gMjAST9",2,25,5,3,2,1,NA,4,2,1,1,2,3,1,1,1,1,1,1,2,1,3,3,1,1,4,3,2
"R_31z4jgWelBwF5tU",1,29,5,3,2,1,NA,1,3,2,2,2,2,1,1,1,3,2,1,2,1,3,2,1,1,3,2,4
"R_31z4jgWelBwF5tU",1,29,5,3,2,1,NA,2,3,2,1,1,3,2,1,2,1,1,2,1,3,2,2,1,7,2,1,3
"R_31z4jgWelBwF5tU",1,29,5,3,2,1,NA,3,3,2,1,2,2,2,2,2,2,1,1,1,1,4,2,1,2,3,3,4
"R_31z4jgWelBwF5tU",1,29,5,3,2,1,NA,4,2,1,2,1,2,1,1,2,4,2,1,1,2,1,1,1,2,1,1,1
"R_27r0OGypO7jmYPr",2,38,3,1,2,0,NA,1,3,1,2,1,2,2,1,1,2,2,1,1,2,3,2,2,1,4,1,3
"R_27r0OGypO7jmYPr",2,38,3,1,2,0,NA,2,3,1,1,1,2,3,2,2,4,1,3,1,1,3,2,1,1,1,3,2
"R_27r0OGypO7jmYPr",2,38,3,1,2,0,NA,3,1,2,1,1,2,1,1,2,2,1,2,2,3,1,1,1,1,4,2,1
"R_27r0OGypO7jmYPr",2,38,3,1,2,0,NA,4,1,2,1,2,3,1,1,1,2,2,1,3,1,2,2,1,1,1,2,4
"R_1pojiVCDqiIejIy",2,22,3,1,2,1,NA,1,3,1,1,2,2,1,2,2,3,1,3,2,2,1,1,1,1,1,2,3
"R_1pojiVCDqiIejIy",2,22,3,1,2,1,NA,2,3,2,1,1,3,2,1,1,2,1,2,2,2,2,2,1,1,3,3,1
"R_1pojiVCDqiIejIy",2,22,3,1,2,1,NA,3,1,1,2,1,3,2,1,1,2,2,2,2,2,3,2,1,1,1,1,3
"R_1pojiVCDqiIejIy",2,22,3,1,2,1,NA,4,1,2,1,2,2,2,2,2,3,1,3,2,2,2,3,1,1,2,3,2
"R_2vYMS9ktRFSLrtY",2,29,5,3,2,0,NA,1,3,2,2,2,2,2,1,1,1,2,1,3,2,4,2,2,1,4,2,1
"R_2vYMS9ktRFSLrtY",2,29,5,3,2,0,NA,2,2,2,2,2,2,3,1,1,1,2,2,2,2,3,2,1,1,3,2,3
"R_2vYMS9ktRFSLrtY",2,29,5,3,2,0,NA,3,3,2,1,1,3,2,1,2,4,1,2,2,2,3,2,2,1,2,3,4
"R_2vYMS9ktRFSLrtY",2,29,5,3,2,0,NA,4,2,2,2,1,3,2,1,2,3,1,2,3,2,2,2,1,1,1,1,1
"R_D94YC6T37Wqysyl",1,29,5,3,1,1,NA,1,1,1,1,2,2,1,1,2,3,1,3,2,2,3,2,1,1,4,2,2
"R_D94YC6T37Wqysyl",1,29,5,3,1,1,NA,2,2,2,1,2,2,1,1,1,2,2,2,2,1,4,2,2,1,1,1,3
"R_D94YC6T37Wqysyl",1,29,5,3,1,1,NA,3,1,2,1,2,2,3,2,1,1,2,3,3,3,3,2,1,7,4,2,4
"R_D94YC6T37Wqysyl",1,29,5,3,1,1,NA,4,1,2,1,2,2,1,1,1,2,2,2,1,4,2,2,1,2,3,3,4
"R_RrgPu7mW6A245y1",2,33,6,3,2,1,NA,1,2,1,2,2,2,3,1,1,3,2,2,2,1,3,2,1,1,4,1,2
"R_RrgPu7mW6A245y1",2,33,6,3,2,1,NA,2,3,1,1,2,2,3,1,2,3,2,2,2,2,3,2,1,1,3,3,3
"R_RrgPu7mW6A245y1",2,33,6,3,2,1,NA,3,1,1,1,2,2,1,2,1,4,2,2,1,1,2,2,1,1,3,1,4
"R_RrgPu7mW6A245y1",2,33,6,3,2,1,NA,4,3,2,1,2,2,2,1,1,2,2,1,3,1,3,2,1,1,2,1,2
"R_3JFa5KTbJKbKrX7",2,22,5,2,3,NA,-1,1,1,1,2,2,2,2,1,1,3,2,1,1,4,3,2,1,7,1,3,3
"R_3JFa5KTbJKbKrX7",2,22,5,2,3,NA,-1,2,2,1,1,2,2,3,2,2,4,1,2,2,2,3,2,1,1,2,1,3
"R_3JFa5KTbJKbKrX7",2,22,5,2,3,NA,-1,3,3,2,1,1,2,2,1,1,1,1,2,2,1,4,2,2,1,4,2,4
"R_3JFa5KTbJKbKrX7",2,22,5,2,3,NA,-1,4,3,1,2,1,1,1,1,2,4,2,2,1,4,2,2,1,1,1,3,1
"R_1mOeeOTD7B9RoMG",1,57,2,1,3,NA,1,1,1,2,1,1,2,2,1,2,1,1,3,2,2,3,2,1,1,4,2,1
"R_1mOeeOTD7B9RoMG",1,57,2,1,3,NA,1,2,1,2,1,2,2,2,1,1,1,2,2,2,2,3,2,1,1,3,3,4
"R_1mOeeOTD7B9RoMG",1,57,2,1,3,NA,1,3,2,2,2,1,2,2,1,1,4,2,2,1,2,3,2,2,1,2,1,1
"R_1mOeeOTD7B9RoMG",1,57,2,1,3,NA,1,4,1,2,2,1,2,2,1,1,2,2,2,2,2,3,2,1,1,4,2,3
"R_2mCoBoYVZwuatQp",2,27,2,1,3,NA,0,1,3,2,1,1,2,1,1,1,1,2,1,2,4,3,2,1,1,3,2,3
"R_2mCoBoYVZwuatQp",2,27,2,1,3,NA,0,2,2,1,1,2,2,3,1,1,4,1,3,2,1,3,2,2,1,1,3,2
"R_2mCoBoYVZwuatQp",2,27,2,1,3,NA,0,3,2,1,2,2,2,1,1,1,2,2,1,2,2,4,2,1,1,4,1,1
"R_2mCoBoYVZwuatQp",2,27,2,1,3,NA,0,4,2,2,1,2,2,1,1,1,3,1,1,2,1,2,2,1,1,2,3,4
"R_0cQOHx1Lx4doFi1",1,22,2,1,3,NA,-1,1,3,2,1,1,3,3,2,2,4,2,2,1,1,2,2,1,1,1,1,3
"R_0cQOHx1Lx4doFi1",1,22,2,1,3,NA,-1,2,1,2,2,2,2,1,1,1,2,1,1,3,4,3,1,1,1,4,3,1
"R_0cQOHx1Lx4doFi1",1,22,2,1,3,NA,-1,3,3,2,1,2,3,2,1,1,1,2,3,2,3,1,2,2,2,2,2,3
"R_0cQOHx1Lx4doFi1",1,22,2,1,3,NA,-1,4,2,2,2,2,2,3,1,1,4,1,1,3,2,3,3,2,1,3,1,2
"R_2wn0y7Vk2beXkfB",1,29,5,2,3,NA,0,1,2,1,2,2,2,3,1,1,3,2,1,2,1,3,2,1,1,4,3,1
"R_2wn0y7Vk2beXkfB",1,29,5,2,3,NA,0,2,2,1,1,1,3,3,1,2,4,1,2,3,2,2,2,1,1,2,2,2
"R_2wn0y7Vk2beXkfB",1,29,5,2,3,NA,0,3,1,2,2,1,2,1,1,1,2,2,1,2,4,1,1,1,1,1,3,3
"R_2wn0y7Vk2beXkfB",1,29,5,2,3,NA,0,4,1,2,1,2,2,3,2,1,1,2,2,2,2,3,2,1,1,2,1,3
"R_6kTJ2CuEb7oq2YN",2,35,6,4,3,NA,-1,1,3,2,2,1,3,3,1,2,3,2,2,3,1,1,2,1,1,1,3,3
"R_6kTJ2CuEb7oq2YN",2,35,6,4,3,NA,-1,2,3,1,2,2,2,2,1,2,3,2,1,2,2,2,2,1,1,1,1,4
"R_6kTJ2CuEb7oq2YN",2,35,6,4,3,NA,-1,3,1,2,2,1,2,1,1,1,3,2,2,2,1,1,3,1,1,2,3,1
"R_6kTJ2CuEb7oq2YN",2,35,6,4,3,NA,-1,4,1,2,1,1,2,1,2,2,3,1,2,1,3,1,1,1,1,4,2,2
"R_3IcPN2O1Tt0uYsp",1,33,3,1,3,NA,-1,1,2,1,2,1,2,1,1,2,2,1,2,2,2,3,2,2,1,4,3,3
"R_3IcPN2O1Tt0uYsp",1,33,3,1,3,NA,-1,2,2,1,2,2,2,1,1,1,1,2,2,3,1,4,2,1,1,1,2,4
"R_3IcPN2O1Tt0uYsp",1,33,3,1,3,NA,-1,3,3,1,2,2,2,3,1,1,2,2,2,3,2,4,2,2,1,2,2,3
"R_3IcPN2O1Tt0uYsp",1,33,3,1,3,NA,-1,4,2,1,2,2,1,1,1,1,1,2,1,3,1,3,2,1,1,1,3,4
"R_0J6gtI9rH9PKlcR",2,44,4,1,2,1,NA,1,3,1,2,1,2,2,1,1,3,2,2,1,1,4,2,2,1,1,1,4
"R_0J6gtI9rH9PKlcR",2,44,4,1,2,1,NA,2,3,1,2,2,3,3,1,1,2,2,1,2,2,3,2,1,1,1,3,3
"R_0J6gtI9rH9PKlcR",2,44,4,1,2,1,NA,3,1,1,2,1,2,1,1,2,3,1,2,1,3,3,1,1,1,2,2,2
"R_0J6gtI9rH9PKlcR",2,44,4,1,2,1,NA,4,3,2,2,2,1,1,1,1,2,2,1,2,1,4,2,2,1,3,2,4
"R_3G6Z6mK0zj62Rik",1,36,5,2,3,NA,-1,1,3,1,1,2,3,3,1,1,4,1,3,2,2,4,2,1,1,1,3,1
"R_3G6Z6mK0zj62Rik",1,36,5,2,3,NA,-1,2,3,1,1,2,2,3,1,1,3,1,3,2,2,4,2,1,1,4,3,1
"R_3G6Z6mK0zj62Rik",1,36,5,2,3,NA,-1,3,2,2,1,2,3,2,1,2,1,2,2,2,1,3,3,2,1,2,1,3
"R_3G6Z6mK0zj62Rik",1,36,5,2,3,NA,-1,4,1,2,2,2,3,1,1,1,3,2,1,3,2,3,2,1,1,3,1,2
"R_UxRBFTBJriwfrGN",1,33,5,5,2,1,NA,1,3,1,2,1,2,3,1,2,3,2,3,3,2,3,2,1,1,3,1,4
"R_UxRBFTBJriwfrGN",1,33,5,5,2,1,NA,2,2,1,2,2,2,3,1,1,4,2,1,3,2,3,2,1,1,4,3,3
"R_UxRBFTBJriwfrGN",1,33,5,5,2,1,NA,3,3,1,1,1,3,3,2,2,2,1,3,3,2,3,2,1,1,2,1,2
"R_UxRBFTBJriwfrGN",1,33,5,5,2,1,NA,4,1,1,1,2,3,1,1,1,4,1,2,3,2,2,2,1,1,1,1,1
"R_1n8RG4vTDh77IZe",1,35,3,3,3,NA,0,1,1,1,2,1,2,3,1,2,1,1,3,2,2,3,2,1,7,4,1,2
"R_1n8RG4vTDh77IZe",1,35,3,3,3,NA,0,2,3,1,1,2,3,2,1,1,2,2,2,3,1,4,2,2,1,2,2,3
"R_1n8RG4vTDh77IZe",1,35,3,3,3,NA,0,3,2,2,1,2,2,3,1,1,4,2,1,2,2,3,3,1,1,1,2,4
"R_1n8RG4vTDh77IZe",1,35,3,3,3,NA,0,4,2,2,1,1,2,1,2,2,2,1,3,2,1,3,2,1,1,4,1,3
"R_6SarhMMAXOIg4XT",1,32,5,4,2,0,NA,1,2,2,2,1,2,1,1,1,2,2,2,1,1,3,2,1,1,2,3,3
"R_6SarhMMAXOIg4XT",1,32,5,4,2,0,NA,2,1,2,2,2,2,1,2,1,3,2,1,1,2,4,2,1,1,3,1,3
"R_6SarhMMAXOIg4XT",1,32,5,4,2,0,NA,3,2,1,1,1,3,3,2,2,2,1,3,1,1,3,2,1,3,1,1,1
"R_6SarhMMAXOIg4XT",1,32,5,4,2,0,NA,4,2,1,2,2,2,3,1,1,2,2,2,2,2,2,3,2,1,4,2,2
"R_xxRToD1IVxE3gzf",2,60,5,1,2,1,NA,1,2,2,2,1,3,2,1,1,4,2,2,2,2,3,2,1,1,4,3,4
"R_xxRToD1IVxE3gzf",2,60,5,1,2,1,NA,2,3,1,2,2,3,1,1,1,3,2,1,2,1,4,2,1,1,2,3,2
"R_xxRToD1IVxE3gzf",2,60,5,1,2,1,NA,3,1,2,1,1,2,2,1,2,1,1,3,2,1,2,2,1,1,1,2,1
"R_xxRToD1IVxE3gzf",2,60,5,1,2,1,NA,4,1,2,1,1,2,2,1,2,2,1,3,2,3,3,1,2,1,3,1,4
"R_2RV6jp6ji4UpZWU",2,34,3,1,3,NA,-1,1,1,2,2,1,1,1,1,1,3,2,2,2,1,3,2,1,1,3,3,3
"R_2RV6jp6ji4UpZWU",2,34,3,1,3,NA,-1,2,1,2,1,2,2,1,2,1,2,1,2,1,3,2,3,1,1,4,3,2
"R_2RV6jp6ji4UpZWU",2,34,3,1,3,NA,-1,3,3,2,2,2,3,3,1,1,4,2,1,3,2,1,2,2,1,2,2,1
"R_2RV6jp6ji4UpZWU",2,34,3,1,3,NA,-1,4,2,2,2,1,2,2,2,2,4,2,2,2,1,3,3,2,7,1,1,4
"R_oYQdR3mlPavBLAl",1,64,5,3,1,0,NA,1,1,2,2,1,2,2,1,2,3,1,2,2,1,3,2,1,1,1,3,1
"R_oYQdR3mlPavBLAl",1,64,5,3,1,0,NA,2,3,2,1,1,2,3,1,2,4,1,3,3,2,3,2,2,1,4,1,1
"R_oYQdR3mlPavBLAl",1,64,5,3,1,0,NA,3,2,2,1,1,2,2,1,2,2,1,3,3,1,3,2,1,1,3,2,4
"R_oYQdR3mlPavBLAl",1,64,5,3,1,0,NA,4,3,1,1,2,2,3,1,1,4,2,3,3,2,4,2,2,1,3,3,3
"R_1CliSu6zsru4vmj",1,45,5,1,2,0,NA,1,1,1,1,1,2,1,1,2,1,1,3,1,3,3,2,1,1,1,1,1
"R_1CliSu6zsru4vmj",1,45,5,1,2,0,NA,2,2,1,2,2,3,2,1,1,3,2,2,2,2,2,2,1,1,4,3,3
"R_1CliSu6zsru4vmj",1,45,5,1,2,0,NA,3,1,1,2,2,1,1,2,1,2,2,2,1,2,1,1,1,1,2,2,3
"R_1CliSu6zsru4vmj",1,45,5,1,2,0,NA,4,3,1,2,2,3,2,1,1,3,2,1,3,1,4,2,2,1,2,1,4
"R_2VL0gzcuib8Cmab",1,60,5,3,3,NA,0,1,1,1,1,1,2,3,1,2,3,1,3,2,2,4,2,1,1,1,1,1
"R_2VL0gzcuib8Cmab",1,60,5,3,3,NA,0,2,1,2,2,1,2,3,1,1,1,2,2,2,2,3,2,1,1,4,2,3
"R_2VL0gzcuib8Cmab",1,60,5,3,3,NA,0,3,2,1,1,1,2,1,1,2,4,1,3,3,1,3,2,1,1,2,3,1
"R_2VL0gzcuib8Cmab",1,60,5,3,3,NA,0,4,2,1,2,1,2,3,1,2,3,2,2,2,2,3,2,2,1,1,1,2
"R_2sdQvtJJQ6D1G5E",2,25,4,2,1,1,NA,1,3,1,1,1,1,1,1,2,3,1,2,2,1,3,2,1,1,4,1,2
"R_2sdQvtJJQ6D1G5E",2,25,4,2,1,1,NA,2,3,1,1,2,1,2,2,1,3,2,2,2,2,3,2,1,1,1,2,3
"R_2sdQvtJJQ6D1G5E",2,25,4,2,1,1,NA,3,2,2,1,1,1,3,1,2,2,1,1,3,1,1,1,1,1,2,3,1
"R_2sdQvtJJQ6D1G5E",2,25,4,2,1,1,NA,4,3,2,2,2,1,2,1,2,2,1,1,1,4,2,3,2,1,2,1,2
"R_1jg3vOw8gCB8a6p",1,30,3,2,4,NA,-1,1,2,1,2,2,3,2,1,2,3,2,1,3,1,2,2,1,1,3,3,3
"R_1jg3vOw8gCB8a6p",1,30,3,2,4,NA,-1,2,3,1,2,1,2,3,1,1,4,2,1,3,2,4,2,2,1,2,2,1
"R_1jg3vOw8gCB8a6p",1,30,3,2,4,NA,-1,3,1,1,2,2,3,2,1,2,1,2,2,2,2,3,2,1,2,4,1,4
"R_1jg3vOw8gCB8a6p",1,30,3,2,4,NA,-1,4,2,2,1,2,2,3,2,2,2,1,2,2,3,3,3,1,1,1,2,2
"R_tW2tmCLN1kBLmZr",1,45,4,4,2,0,NA,1,1,1,2,1,3,3,1,1,1,2,2,3,1,4,2,1,1,4,2,1
"R_tW2tmCLN1kBLmZr",1,45,4,4,2,0,NA,2,3,2,2,1,3,2,1,1,3,2,1,3,2,2,3,1,1,2,3,4
"R_tW2tmCLN1kBLmZr",1,45,4,4,2,0,NA,3,1,2,2,2,3,2,1,1,4,2,1,3,1,3,2,1,1,3,2,2
"R_tW2tmCLN1kBLmZr",1,45,4,4,2,0,NA,4,3,2,1,1,3,3,1,2,2,1,2,2,1,3,2,1,1,3,3,3
"R_1isQRWnSjSWz9J8",1,30,5,2,3,NA,0,1,2,2,2,1,2,3,1,2,2,2,2,2,2,1,2,1,1,1,2,4
"R_1isQRWnSjSWz9J8",1,30,5,2,3,NA,0,2,3,1,1,1,2,3,1,2,3,1,3,2,4,2,2,1,1,2,1,3
"R_1isQRWnSjSWz9J8",1,30,5,2,3,NA,0,3,2,1,1,1,2,3,2,2,4,1,2,2,2,3,2,1,1,4,3,1
"R_1isQRWnSjSWz9J8",1,30,5,2,3,NA,0,4,2,1,1,1,3,2,1,2,1,1,3,2,1,2,1,1,1,3,1,4
"R_1OiCxnPjQNIO2tR",2,29,3,3,2,0,NA,1,3,1,1,2,3,3,1,1,3,2,2,3,2,3,2,2,1,2,1,1
"R_1OiCxnPjQNIO2tR",2,29,3,3,2,0,NA,2,2,2,1,1,3,3,2,2,1,1,2,3,1,2,2,1,1,1,3,3
"R_1OiCxnPjQNIO2tR",2,29,3,3,2,0,NA,3,3,1,1,2,3,2,1,1,2,2,2,3,2,3,2,2,1,2,1,2
"R_1OiCxnPjQNIO2tR",2,29,3,3,2,0,NA,4,3,2,1,2,3,3,1,1,3,2,1,3,1,4,2,1,1,2,3,1
"R_24BITcCHx9QaNK1",1,36,3,1,3,NA,1,1,1,2,2,1,2,1,1,1,3,1,2,2,2,3,1,2,1,4,2,1
"R_24BITcCHx9QaNK1",1,36,3,1,3,NA,1,2,3,2,2,2,2,3,1,1,4,2,1,3,1,4,2,2,1,3,3,3
"R_24BITcCHx9QaNK1",1,36,3,1,3,NA,1,3,2,1,2,2,2,1,1,2,2,2,2,3,2,3,2,1,1,1,2,4
"R_24BITcCHx9QaNK1",1,36,3,1,3,NA,1,4,2,2,1,1,2,1,1,2,1,1,3,2,1,2,3,1,1,2,1,1
"R_0P9cxCF0rNVtZNT",1,35,6,4,1,1,NA,1,3,2,2,2,2,2,1,1,2,2,2,2,1,3,2,2,1,4,1,1
"R_0P9cxCF0rNVtZNT",1,35,6,4,1,1,NA,2,3,2,2,1,2,2,1,1,1,2,2,2,2,3,2,2,1,4,2,1
"R_0P9cxCF0rNVtZNT",1,35,6,4,1,1,NA,3,1,2,2,2,2,1,1,1,3,2,2,2,2,3,2,1,1,1,1,3
"R_0P9cxCF0rNVtZNT",1,35,6,4,1,1,NA,4,1,2,2,2,2,1,1,1,3,2,2,2,1,3,2,1,1,4,2,3
"R_3KuRBKn5bhNhSuw",1,38,5,6,3,NA,-1,1,3,2,1,1,2,3,1,2,4,1,2,2,2,4,2,2,1,2,2,3
"R_3KuRBKn5bhNhSuw",1,38,5,6,3,NA,-1,2,1,1,2,1,2,1,1,2,1,1,2,2,3,3,2,1,1,3,1,4
"R_3KuRBKn5bhNhSuw",1,38,5,6,3,NA,-1,3,3,1,1,2,2,3,1,1,4,1,2,2,1,3,2,2,1,1,3,1
"R_3KuRBKn5bhNhSuw",1,38,5,6,3,NA,-1,4,3,2,2,1,2,3,1,2,1,2,2,3,1,4,2,2,1,4,3,3
"R_1FKRckVlCuMHITY",2,38,6,7,2,1,NA,1,2,2,1,2,2,3,1,1,3,2,2,2,2,3,2,1,1,4,3,3
"R_1FKRckVlCuMHITY",2,38,6,7,2,1,NA,2,3,2,2,1,2,2,1,2,4,2,2,3,2,3,2,1,1,2,2,3
"R_1FKRckVlCuMHITY",2,38,6,7,2,1,NA,3,1,2,2,2,2,3,1,1,4,2,1,2,2,2,2,2,1,4,1,1
"R_1FKRckVlCuMHITY",2,38,6,7,2,1,NA,4,3,2,1,1,2,3,1,2,3,1,2,3,2,3,2,1,1,2,2,4
"R_1Ns71AdFPV3E3lC",1,53,3,2,3,NA,1,1,1,1,2,2,2,1,1,1,1,2,1,2,1,3,2,2,1,2,2,2
"R_1Ns71AdFPV3E3lC",1,53,3,2,3,NA,1,2,1,1,1,2,3,1,2,2,2,1,2,3,3,2,2,1,1,3,3,3
"R_1Ns71AdFPV3E3lC",1,53,3,2,3,NA,1,3,2,1,2,2,2,2,1,1,4,2,1,2,1,3,2,2,1,1,1,3
"R_1Ns71AdFPV3E3lC",1,53,3,2,3,NA,1,4,3,2,2,1,3,2,1,1,1,2,1,3,2,3,2,2,7,4,3,4
"R_2xWdWG1lY6ChSOT",1,34,3,1,4,NA,0,1,3,1,2,1,2,3,1,2,3,1,3,2,2,4,2,2,1,1,1,2
"R_2xWdWG1lY6ChSOT",1,34,3,1,4,NA,0,2,1,1,1,1,3,3,2,2,4,1,3,3,2,4,2,1,2,1,2,1
"R_2xWdWG1lY6ChSOT",1,34,3,1,4,NA,0,3,1,1,2,1,3,3,1,2,1,1,3,2,2,4,2,1,1,4,1,4
"R_2xWdWG1lY6ChSOT",1,34,3,1,4,NA,0,4,2,1,1,1,2,2,2,2,4,1,3,2,2,4,2,1,1,4,1,3
"R_vIxQuJXpowgMhFv",2,56,3,1,1,0,NA,1,3,1,2,2,2,1,1,1,2,2,1,2,1,4,2,2,1,3,1,3
"R_vIxQuJXpowgMhFv",2,56,3,1,1,0,NA,2,2,2,1,2,2,2,2,2,1,1,3,3,3,1,3,1,1,4,2,2
"R_vIxQuJXpowgMhFv",2,56,3,1,1,0,NA,3,3,1,2,1,1,1,1,2,4,2,2,1,4,3,2,2,1,1,3,4
"R_vIxQuJXpowgMhFv",2,56,3,1,1,0,NA,4,2,1,1,2,2,1,1,2,4,1,2,3,2,1,3,1,1,2,3,2
"R_25yLsLAvY2i0T82",2,37,6,3,4,NA,-1,1,1,2,1,2,3,3,1,1,4,2,2,3,2,3,2,2,1,1,1,1
"R_25yLsLAvY2i0T82",2,37,6,3,4,NA,-1,2,1,2,2,1,3,2,1,2,3,2,2,3,2,3,2,1,1,3,2,1
"R_25yLsLAvY2i0T82",2,37,6,3,4,NA,-1,3,3,2,2,2,3,2,1,1,1,2,1,3,1,4,2,2,1,1,3,3
"R_25yLsLAvY2i0T82",2,37,6,3,4,NA,-1,4,2,1,2,1,3,2,1,2,4,1,2,2,3,3,2,1,1,2,2,2
"R_Y5lEwZhbQGgch8Z",1,44,3,5,3,NA,-1,1,2,2,1,2,2,3,1,1,4,2,3,2,1,3,2,1,1,4,2,2
"R_Y5lEwZhbQGgch8Z",1,44,3,5,3,NA,-1,2,2,1,2,1,2,1,1,2,2,1,3,2,1,3,2,1,1,1,3,4
"R_Y5lEwZhbQGgch8Z",1,44,3,5,3,NA,-1,3,3,2,1,2,2,3,1,1,4,2,1,2,2,3,2,2,1,3,1,1
"R_Y5lEwZhbQGgch8Z",1,44,3,5,3,NA,-1,4,1,1,1,2,2,1,1,1,3,2,3,2,2,3,2,1,1,4,3,1
"R_3JwajeE5Mjz8nzL",1,30,6,4,2,0,NA,1,3,2,2,1,2,2,1,1,4,2,1,2,4,4,2,2,1,4,1,3
"R_3JwajeE5Mjz8nzL",1,30,6,4,2,0,NA,2,3,1,1,2,2,3,2,2,4,1,2,2,3,2,1,1,2,1,2,2
"R_3JwajeE5Mjz8nzL",1,30,6,4,2,0,NA,3,1,2,2,2,2,1,1,1,3,2,1,3,2,1,2,2,1,3,3,1
"R_3JwajeE5Mjz8nzL",1,30,6,4,2,0,NA,4,2,2,1,2,3,1,1,1,2,1,2,2,1,2,2,1,1,2,2,4
"R_1LIl2zf2Wmj15uM",2,36,5,2,1,1,NA,1,3,1,1,1,3,2,1,2,4,1,3,1,2,3,2,2,1,3,3,3
"R_1LIl2zf2Wmj15uM",2,36,5,2,1,1,NA,2,3,1,2,2,2,2,1,1,4,2,1,1,1,4,2,2,1,2,2,2
"R_1LIl2zf2Wmj15uM",2,36,5,2,1,1,NA,3,3,2,2,1,2,3,2,1,2,2,2,2,3,3,2,2,7,3,1,3
"R_1LIl2zf2Wmj15uM",2,36,5,2,1,1,NA,4,2,1,2,1,3,2,1,2,3,2,2,2,1,2,3,1,1,4,3,4
"R_cVbHPgVpFBkwRy5",2,39,2,3,2,1,NA,1,1,1,2,2,3,3,1,1,2,2,1,2,2,3,2,1,1,3,2,1
"R_cVbHPgVpFBkwRy5",2,39,2,3,2,1,NA,2,3,1,2,2,2,2,1,2,4,2,2,1,2,4,2,2,1,1,3,3
"R_cVbHPgVpFBkwRy5",2,39,2,3,2,1,NA,3,1,1,2,2,3,3,1,1,3,2,1,2,1,3,2,1,1,2,1,4
"R_cVbHPgVpFBkwRy5",2,39,2,3,2,1,NA,4,3,2,1,2,2,2,1,1,4,2,2,3,2,4,2,2,1,1,2,2
"R_4Sgxn5XjIYsJKWR",1,30,5,2,3,NA,-1,1,2,2,2,1,1,1,1,1,4,2,1,1,4,4,2,1,1,3,1,3
"R_4Sgxn5XjIYsJKWR",1,30,5,2,3,NA,-1,2,3,2,2,2,2,1,1,1,2,2,1,1,1,3,2,2,1,1,3,2
"R_4Sgxn5XjIYsJKWR",1,30,5,2,3,NA,-1,3,2,2,1,1,2,1,2,2,2,1,3,1,3,1,1,1,1,4,2,3
"R_4Sgxn5XjIYsJKWR",1,30,5,2,3,NA,-1,4,2,1,2,1,2,3,2,2,2,1,2,1,3,1,1,1,2,4,2,2
"R_3fZ7rnYlEbi3oZX",2,54,3,2,2,0,NA,1,1,1,2,2,3,3,1,1,4,2,1,3,2,4,2,1,1,4,1,1
"R_3fZ7rnYlEbi3oZX",2,54,3,2,2,0,NA,2,2,2,1,1,2,2,1,2,3,1,3,2,1,3,2,2,1,2,2,4
"R_3fZ7rnYlEbi3oZX",2,54,3,2,2,0,NA,3,1,2,1,1,2,1,1,1,4,2,2,3,1,2,2,1,3,2,1,3
"R_3fZ7rnYlEbi3oZX",2,54,3,2,2,0,NA,4,1,1,2,2,2,1,2,1,2,2,1,2,2,3,2,1,1,3,3,3
"R_3ekUEn3efakV0Wy",1,42,3,2,3,NA,0,1,2,1,1,2,2,3,2,2,1,1,1,1,1,2,2,1,7,4,2,2
"R_3ekUEn3efakV0Wy",1,42,3,2,3,NA,0,2,3,1,2,2,3,3,1,1,4,2,1,3,1,3,2,2,1,1,1,1
"R_3ekUEn3efakV0Wy",1,42,3,2,3,NA,0,3,3,2,2,1,1,1,1,2,2,2,3,2,4,4,3,1,7,1,3,2
"R_3ekUEn3efakV0Wy",1,42,3,2,3,NA,0,4,3,2,2,1,2,3,1,2,2,1,3,2,3,1,3,1,3,2,2,2
"R_0BdzAGVoch7H0CB",2,27,6,5,1,0,NA,1,1,1,1,2,3,2,1,1,2,1,3,2,2,3,2,2,1,1,2,1
"R_0BdzAGVoch7H0CB",2,27,6,5,1,0,NA,2,3,2,1,2,2,3,1,1,4,2,2,1,3,1,2,2,1,3,1,2
"R_0BdzAGVoch7H0CB",2,27,6,5,1,0,NA,3,1,2,1,2,2,1,1,1,2,2,2,2,1,3,2,1,1,4,3,1
"R_0BdzAGVoch7H0CB",2,27,6,5,1,0,NA,4,2,1,1,1,2,1,1,2,2,1,3,3,1,2,2,1,7,2,2,4
"R_1P2id7jxIjiXpj2",2,42,3,4,2,1,NA,1,1,2,1,1,3,3,1,1,3,1,2,3,1,1,3,1,1,3,3,4
"R_1P2id7jxIjiXpj2",2,42,3,4,2,1,NA,2,2,2,2,1,2,1,1,1,4,1,3,3,2,3,2,2,1,2,1,3
"R_1P2id7jxIjiXpj2",2,42,3,4,2,1,NA,3,3,1,1,2,2,3,1,1,4,2,3,2,2,1,2,2,1,3,2,2
"R_1P2id7jxIjiXpj2",2,42,3,4,2,1,NA,4,2,1,2,2,2,3,1,2,1,2,3,2,2,4,2,2,2,4,1,1
"R_1DNg2yY5rnaRJ6y",1,32,6,4,2,1,NA,1,1,2,1,1,2,1,1,2,3,1,2,2,2,3,2,1,1,4,3,2
"R_1DNg2yY5rnaRJ6y",1,32,6,4,2,1,NA,2,3,2,2,1,2,2,1,1,4,2,2,2,1,2,3,2,1,4,2,4
"R_1DNg2yY5rnaRJ6y",1,32,6,4,2,1,NA,3,2,1,1,2,2,1,1,2,1,1,2,2,2,1,3,1,1,3,2,1
"R_1DNg2yY5rnaRJ6y",1,32,6,4,2,1,NA,4,1,2,2,2,2,2,1,1,3,2,1,2,1,4,3,1,1,1,1,4
"R_1kIwjp83wvE1d8Z",2,31,3,5,2,0,NA,1,3,2,2,1,3,3,1,2,4,2,1,2,2,3,2,2,1,2,3,2
"R_1kIwjp83wvE1d8Z",2,31,3,5,2,0,NA,2,3,2,2,1,3,2,1,1,2,2,1,2,2,3,2,2,1,1,2,1
"R_1kIwjp83wvE1d8Z",2,31,3,5,2,0,NA,3,2,1,2,1,3,3,2,2,1,1,2,1,1,4,2,1,1,3,3,4
"R_1kIwjp83wvE1d8Z",2,31,3,5,2,0,NA,4,1,1,1,2,3,2,2,1,1,1,1,1,1,3,2,2,1,4,1,3
"R_7QBFNjEmMduzXpL",1,39,3,4,3,NA,0,1,3,2,2,1,3,3,1,1,2,2,2,2,2,3,2,2,1,4,1,3
"R_7QBFNjEmMduzXpL",1,39,3,4,3,NA,0,2,3,1,2,1,3,3,1,2,3,1,3,3,2,3,2,1,1,3,2,1
"R_7QBFNjEmMduzXpL",1,39,3,4,3,NA,0,3,1,1,1,2,3,3,1,2,3,1,3,3,2,3,2,1,1,1,2,1
"R_7QBFNjEmMduzXpL",1,39,3,4,3,NA,0,4,1,2,2,1,3,3,1,1,2,2,1,3,2,3,2,2,1,4,1,1
"R_ezamgw7iHDX10Ah",1,40,2,3,3,NA,0,1,3,1,1,1,2,2,2,2,1,2,3,2,1,1,2,1,1,3,1,3
"R_ezamgw7iHDX10Ah",1,40,2,3,3,NA,0,2,2,2,1,2,1,1,1,1,1,1,2,1,4,3,3,2,7,2,3,2
"R_ezamgw7iHDX10Ah",1,40,2,3,3,NA,0,3,3,1,2,2,1,3,2,2,2,1,3,2,3,2,2,1,1,3,1,4
"R_ezamgw7iHDX10Ah",1,40,2,3,3,NA,0,4,3,1,1,1,2,3,1,1,1,2,2,3,2,3,3,2,2,1,2,3
"R_12s8oSYMQ8pW3lr",1,37,3,2,3,NA,1,1,1,1,1,1,2,1,1,2,3,1,2,1,2,3,2,1,1,1,3,2
"R_12s8oSYMQ8pW3lr",1,37,3,2,3,NA,1,2,1,1,1,2,3,1,1,1,4,2,2,1,1,4,2,2,1,2,1,4
"R_12s8oSYMQ8pW3lr",1,37,3,2,3,NA,1,3,3,2,1,1,1,1,1,2,2,1,3,1,3,2,3,1,2,3,1,3
"R_12s8oSYMQ8pW3lr",1,37,3,2,3,NA,1,4,3,2,2,2,3,3,1,1,1,2,1,2,2,3,3,2,1,4,2,4
"R_1psO15qrqNnaOxu",2,25,5,4,3,NA,0,1,2,2,2,2,3,3,1,1,4,2,1,3,2,3,2,2,1,3,3,3
"R_1psO15qrqNnaOxu",2,25,5,4,3,NA,0,2,1,1,1,2,3,3,2,2,3,2,2,2,1,3,2,2,1,2,1,1
"R_1psO15qrqNnaOxu",2,25,5,4,3,NA,0,3,2,1,1,1,3,2,2,2,3,1,3,3,2,2,2,1,1,4,2,2
"R_1psO15qrqNnaOxu",2,25,5,4,3,NA,0,4,3,2,2,1,2,2,1,2,4,2,2,3,1,4,2,2,1,1,2,4
"R_3st44O7xex8PGFP",2,51,5,4,2,0,NA,1,3,2,2,2,3,3,1,1,3,2,1,2,2,3,2,2,1,4,3,4
"R_3st44O7xex8PGFP",2,51,5,4,2,0,NA,2,1,2,2,2,3,3,1,1,4,2,1,2,2,4,2,2,1,2,2,1
"R_3st44O7xex8PGFP",2,51,5,4,2,0,NA,3,1,2,1,1,3,2,1,2,1,1,3,2,2,2,2,1,1,1,2,1
"R_3st44O7xex8PGFP",2,51,5,4,2,0,NA,4,3,1,2,1,2,3,1,2,2,1,3,2,2,3,2,1,1,2,1,2
"R_25AUs3q7TnBWtUN",2,24,3,3,3,NA,0,1,2,1,1,2,3,3,1,2,3,1,1,2,1,3,2,2,1,4,3,1
"R_25AUs3q7TnBWtUN",2,24,3,3,3,NA,0,2,1,1,1,1,2,3,2,2,4,1,3,2,2,2,3,1,1,3,3,2
"R_25AUs3q7TnBWtUN",2,24,3,3,3,NA,0,3,1,1,2,2,3,2,1,1,3,2,1,2,1,4,2,2,1,3,1,3
"R_25AUs3q7TnBWtUN",2,24,3,3,3,NA,0,4,1,1,2,2,2,2,2,1,1,2,1,3,1,3,2,1,1,1,3,1
"R_wZOzQkaddqkVloR",2,22,2,1,4,NA,-1,1,3,2,1,1,3,1,1,2,3,1,3,2,2,3,2,1,1,1,1,2
"R_wZOzQkaddqkVloR",2,22,2,1,4,NA,-1,2,3,1,1,1,2,1,1,2,4,1,3,2,2,3,2,1,1,4,2,4
"R_wZOzQkaddqkVloR",2,22,2,1,4,NA,-1,3,3,1,1,1,2,1,1,2,1,1,3,2,2,3,2,1,1,2,3,1
"R_wZOzQkaddqkVloR",2,22,2,1,4,NA,-1,4,1,1,2,1,1,1,1,1,1,2,1,1,4,3,2,1,1,3,2,3
"R_20PBc52cGXjwu43",1,35,3,2,3,NA,-1,1,1,1,1,1,2,1,2,2,2,1,3,1,2,3,2,1,1,1,3,1
"R_20PBc52cGXjwu43",1,35,3,2,3,NA,-1,2,1,2,2,1,2,3,1,1,1,2,2,2,1,3,2,1,1,3,1,4
"R_20PBc52cGXjwu43",1,35,3,2,3,NA,-1,3,3,1,1,2,3,3,1,1,3,2,2,3,2,2,2,2,1,3,1,4
"R_20PBc52cGXjwu43",1,35,3,2,3,NA,-1,4,2,2,1,2,2,2,1,1,2,2,2,3,2,4,2,2,1,2,2,2
"R_3IQ47X4nLJZQejF",2,44,3,1,1,0,NA,1,3,2,2,1,2,2,1,1,3,2,1,3,3,3,2,1,2,2,2,3
"R_3IQ47X4nLJZQejF",2,44,3,1,1,0,NA,2,2,2,2,1,2,2,2,2,4,2,1,2,4,3,2,1,7,4,1,2
"R_3IQ47X4nLJZQejF",2,44,3,1,1,0,NA,3,3,1,1,2,2,2,1,2,2,1,3,2,4,2,3,1,7,4,2,3
"R_3IQ47X4nLJZQejF",2,44,3,1,1,0,NA,4,3,2,2,2,3,3,1,1,3,2,1,2,2,4,2,2,1,3,1,2
"R_3qX3LcmgDR8rvl6",1,20,3,5,2,0,NA,1,2,2,2,1,2,2,1,1,2,2,1,2,2,3,2,2,1,3,2,4
"R_3qX3LcmgDR8rvl6",1,20,3,5,2,0,NA,2,3,2,1,2,3,3,1,1,1,2,3,1,1,4,2,2,1,1,2,1
"R_3qX3LcmgDR8rvl6",1,20,3,5,2,0,NA,3,1,1,1,1,3,3,1,1,4,1,2,2,3,2,2,1,1,1,2,3
"R_3qX3LcmgDR8rvl6",1,20,3,5,2,0,NA,4,1,2,2,2,2,3,1,2,2,1,3,1,2,3,1,1,1,1,1,1
"R_2P68Sswgx2GBV5o",1,67,3,2,2,0,NA,1,3,1,1,1,2,3,1,2,1,1,3,2,1,3,2,2,1,2,2,4
"R_2P68Sswgx2GBV5o",1,67,3,2,2,0,NA,2,3,2,2,1,2,2,1,2,2,1,2,2,2,2,3,2,1,4,3,2
"R_2P68Sswgx2GBV5o",1,67,3,2,2,0,NA,3,3,1,1,1,3,3,1,2,4,1,3,3,1,1,2,2,1,3,1,3
"R_2P68Sswgx2GBV5o",1,67,3,2,2,0,NA,4,1,2,1,1,1,2,2,2,3,1,2,3,4,1,1,1,7,1,2,1
"R_XYgspTgx3EvnyCt",1,35,6,2,2,0,NA,1,2,1,2,1,2,1,1,2,4,2,3,1,1,4,2,1,2,4,2,2
"R_XYgspTgx3EvnyCt",1,35,6,2,2,0,NA,2,3,1,1,2,2,1,1,1,1,2,2,2,1,1,1,1,2,1,1,4
"R_XYgspTgx3EvnyCt",1,35,6,2,2,0,NA,3,2,2,2,2,2,1,1,1,4,2,2,3,2,4,2,1,7,4,3,1
"R_XYgspTgx3EvnyCt",1,35,6,2,2,0,NA,4,3,1,1,2,3,1,1,1,2,1,2,2,1,4,2,1,1,3,1,2
"R_20McpONHSJGwcoS",1,26,4,4,3,NA,0,1,2,1,2,2,3,2,1,1,1,2,1,3,1,3,2,2,1,3,1,4
"R_20McpONHSJGwcoS",1,26,4,4,3,NA,0,2,2,1,1,1,3,3,1,2,4,1,3,3,2,3,2,1,1,1,1,3
"R_20McpONHSJGwcoS",1,26,4,4,3,NA,0,3,2,2,1,2,3,1,2,1,3,2,2,3,1,2,2,2,1,2,3,2
"R_20McpONHSJGwcoS",1,26,4,4,3,NA,0,4,3,2,1,1,3,1,1,2,1,1,3,3,1,2,2,1,1,1,2,1
"R_3FIr0QHHtszyto6",2,62,5,3,2,1,NA,1,1,1,2,2,2,1,1,1,2,2,1,3,2,3,2,1,1,2,2,2
"R_3FIr0QHHtszyto6",2,62,5,3,2,1,NA,2,1,1,1,2,3,3,2,2,3,1,2,2,2,3,2,1,1,3,3,3
"R_3FIr0QHHtszyto6",2,62,5,3,2,1,NA,3,2,2,1,2,2,2,1,1,1,1,2,3,1,4,2,2,1,2,1,4
"R_3FIr0QHHtszyto6",2,62,5,3,2,1,NA,4,2,2,1,2,2,2,1,1,4,2,1,2,2,3,2,2,1,1,1,1
"R_3jZGODtuMlaG2zS",1,24,5,5,1,0,NA,1,2,1,1,2,3,2,1,1,4,2,2,3,2,3,2,2,7,2,2,3
"R_3jZGODtuMlaG2zS",1,24,5,5,1,0,NA,2,2,2,2,1,3,2,1,2,1,1,3,2,2,3,2,1,2,4,1,2
"R_3jZGODtuMlaG2zS",1,24,5,5,1,0,NA,3,2,2,2,1,3,2,1,2,1,1,3,2,1,3,2,1,2,3,1,3
"R_3jZGODtuMlaG2zS",1,24,5,5,1,0,NA,4,1,1,2,1,2,1,2,2,3,1,1,2,4,2,2,1,1,1,1,1
"R_3HYMnUG1Qz31GrU",1,23,5,2,2,0,NA,1,2,1,1,1,3,2,1,1,3,1,3,2,3,2,2,1,1,4,1,1
"R_3HYMnUG1Qz31GrU",1,23,5,2,2,0,NA,2,2,1,1,2,3,3,1,1,1,1,2,3,2,3,2,2,1,2,3,1
"R_3HYMnUG1Qz31GrU",1,23,5,2,2,0,NA,3,1,2,2,1,2,1,1,1,4,2,2,3,1,2,1,1,7,4,1,4
"R_3HYMnUG1Qz31GrU",1,23,5,2,2,0,NA,4,3,2,2,1,3,3,1,1,2,2,2,2,1,4,3,2,1,4,1,3
"R_3L73zPZTzckqIlv",2,26,3,3,2,0,NA,1,3,2,1,2,2,1,1,1,3,1,1,1,3,3,2,1,1,1,3,3
"R_3L73zPZTzckqIlv",2,26,3,3,2,0,NA,2,3,2,1,1,3,3,2,2,1,1,2,2,1,2,2,1,1,3,2,3
"R_3L73zPZTzckqIlv",2,26,3,3,2,0,NA,3,2,2,1,1,3,2,1,2,3,1,2,2,2,3,2,1,1,4,3,1
"R_3L73zPZTzckqIlv",2,26,3,3,2,0,NA,4,3,1,2,1,3,3,2,2,3,1,3,3,2,2,2,1,1,4,1,3
"R_1lhLpgbMrYybCMo",2,30,3,2,1,1,NA,1,1,2,2,1,2,2,1,2,2,2,3,2,2,3,2,1,1,2,1,1
"R_1lhLpgbMrYybCMo",2,30,3,2,1,1,NA,2,3,1,1,1,3,3,1,2,3,1,3,1,1,1,3,2,1,4,2,2
"R_1lhLpgbMrYybCMo",2,30,3,2,1,1,NA,3,3,1,2,1,2,3,1,2,1,1,3,2,3,2,1,2,1,3,3,4
"R_1lhLpgbMrYybCMo",2,30,3,2,1,1,NA,4,2,1,1,1,3,1,1,2,4,1,3,1,3,4,2,1,2,1,1,3
"R_cHYMtQn7gHP46NH",1,32,1,2,2,0,NA,1,3,1,1,2,3,3,1,1,4,1,2,2,1,3,2,2,1,1,2,1
"R_cHYMtQn7gHP46NH",1,32,1,2,2,0,NA,2,3,2,2,1,2,1,1,2,1,2,3,2,3,2,2,1,1,3,1,2
"R_cHYMtQn7gHP46NH",1,32,1,2,2,0,NA,3,3,2,2,2,2,2,1,2,4,1,2,1,2,4,2,2,1,2,1,3
"R_cHYMtQn7gHP46NH",1,32,1,2,2,0,NA,4,2,1,1,2,2,1,2,2,3,2,1,2,2,3,2,1,1,3,3,1
"R_qyFIrYBRkBzkVsR",1,35,6,3,1,1,NA,1,2,2,1,2,2,1,1,2,4,2,2,1,2,3,2,1,1,1,2,3
"R_qyFIrYBRkBzkVsR",1,35,6,3,1,1,NA,2,3,2,1,2,2,3,1,1,2,2,2,2,1,3,2,2,1,3,1,1
"R_qyFIrYBRkBzkVsR",1,35,6,3,1,1,NA,3,1,1,2,2,2,1,1,2,3,2,2,1,3,2,3,1,1,2,3,4
"R_qyFIrYBRkBzkVsR",1,35,6,3,1,1,NA,4,2,1,2,2,2,1,1,1,4,2,2,1,1,3,1,1,1,4,1,2
"R_10orMWZXNxVuuNs",1,28,4,4,3,NA,0,1,3,2,2,2,3,1,1,1,2,2,1,2,2,2,2,1,1,2,2,2
"R_10orMWZXNxVuuNs",1,28,4,4,3,NA,0,2,3,1,2,1,2,3,1,2,3,1,3,1,1,3,1,2,1,4,3,4
"R_10orMWZXNxVuuNs",1,28,4,4,3,NA,0,3,2,1,1,1,2,1,2,1,1,1,3,1,1,3,2,1,1,2,1,1
"R_10orMWZXNxVuuNs",1,28,4,4,3,NA,0,4,3,2,2,2,3,2,1,1,2,2,1,2,2,3,1,2,1,3,2,1
"R_1Y6YNoZK5yZsw05",1,28,2,1,3,NA,0,1,1,2,1,1,3,1,1,2,1,2,2,1,2,2,1,2,1,3,1,2
"R_1Y6YNoZK5yZsw05",1,28,2,1,3,NA,0,2,2,1,2,1,2,3,1,1,4,1,2,1,2,3,2,1,3,2,3,4
"R_1Y6YNoZK5yZsw05",1,28,2,1,3,NA,0,3,2,2,1,2,3,3,1,1,2,2,1,2,4,2,2,2,1,1,2,1
"R_1Y6YNoZK5yZsw05",1,28,2,1,3,NA,0,4,3,2,1,2,3,3,1,1,3,1,2,1,1,3,2,1,3,1,1,4
"R_br77qnOZ4kpr3PP",2,27,4,1,3,NA,0,1,3,1,2,1,3,3,1,2,3,2,1,2,2,2,2,1,1,1,2,3
"R_br77qnOZ4kpr3PP",2,27,4,1,3,NA,0,2,3,1,1,1,3,2,1,1,1,1,3,2,1,3,2,1,7,2,3,1
"R_br77qnOZ4kpr3PP",2,27,4,1,3,NA,0,3,2,1,2,2,2,1,1,1,4,2,1,1,2,1,2,1,1,1,2,3
"R_br77qnOZ4kpr3PP",2,27,4,1,3,NA,0,4,2,1,2,1,2,1,2,1,4,2,2,1,1,1,2,1,1,4,1,3
"R_1rPTGVJ8diMoMat",1,38,6,5,2,0,NA,1,2,1,1,2,3,3,1,2,3,1,3,3,2,3,2,2,1,2,1,1
"R_1rPTGVJ8diMoMat",1,38,6,5,2,0,NA,2,3,2,2,2,2,2,1,1,2,2,1,2,1,3,2,2,1,3,3,3
"R_1rPTGVJ8diMoMat",1,38,6,5,2,0,NA,3,2,1,2,2,2,2,1,2,4,2,2,2,1,3,2,2,1,4,2,1
"R_1rPTGVJ8diMoMat",1,38,6,5,2,0,NA,4,3,1,1,2,2,3,1,2,4,1,2,2,1,3,2,1,1,1,2,1
"R_243TY0dp0hqtgkx",2,35,5,2,3,NA,-1,1,1,2,2,1,2,2,1,1,2,2,2,3,1,3,2,1,1,2,3,4
"R_243TY0dp0hqtgkx",2,35,5,2,3,NA,-1,2,2,2,2,1,1,3,1,2,3,2,3,2,2,2,2,2,2,1,1,2
"R_243TY0dp0hqtgkx",2,35,5,2,3,NA,-1,3,1,2,1,1,2,2,2,2,1,1,3,2,3,2,2,2,7,4,2,2
"R_243TY0dp0hqtgkx",2,35,5,2,3,NA,-1,4,2,1,1,1,3,3,2,1,1,1,3,3,2,4,1,1,3,3,1,1
"R_b18nUbo70IcAT3r",1,71,4,2,3,NA,-1,1,2,1,1,1,2,3,2,2,1,1,2,2,2,3,2,1,1,4,3,2
"R_b18nUbo70IcAT3r",1,71,4,2,3,NA,-1,2,2,1,1,1,2,1,1,2,4,1,3,1,1,2,2,2,1,2,2,3
"R_b18nUbo70IcAT3r",1,71,4,2,3,NA,-1,3,3,1,1,1,1,2,1,2,4,1,2,1,1,4,2,2,1,2,1,3
"R_b18nUbo70IcAT3r",1,71,4,2,3,NA,-1,4,2,2,1,2,3,3,2,1,1,2,1,2,2,4,2,1,1,1,2,4
"R_DpzsHI20JER5ln3",2,57,2,5,4,NA,1,1,2,1,1,1,2,3,2,2,3,1,3,2,2,2,1,1,1,3,1,1
"R_DpzsHI20JER5ln3",2,57,2,5,4,NA,1,2,3,2,2,2,3,2,1,1,1,2,2,3,2,3,2,2,1,1,3,2
"R_DpzsHI20JER5ln3",2,57,2,5,4,NA,1,3,3,1,2,1,2,1,1,2,4,1,3,3,2,4,2,1,2,1,2,4
"R_DpzsHI20JER5ln3",2,57,2,5,4,NA,1,4,1,1,1,2,2,3,1,2,3,1,3,3,2,2,3,1,2,1,1,2
"R_Y9R2Y8huJoIoL5v",1,33,5,2,1,0,NA,1,3,1,1,2,2,3,1,2,1,1,2,3,2,3,2,2,1,3,1,1
"R_Y9R2Y8huJoIoL5v",1,33,5,2,1,0,NA,2,2,1,2,1,2,1,1,1,4,2,2,2,1,4,2,1,1,4,3,4
"R_Y9R2Y8huJoIoL5v",1,33,5,2,1,0,NA,3,1,1,1,1,2,1,1,1,2,1,2,2,2,2,2,1,7,2,3,2
"R_Y9R2Y8huJoIoL5v",1,33,5,2,1,0,NA,4,2,2,2,2,2,1,1,2,2,2,1,2,1,3,2,1,1,1,2,3
"R_3peWFupsrvkxp6t",1,29,5,3,4,NA,0,1,1,2,1,1,2,1,1,2,4,2,2,3,4,2,3,1,1,2,1,3
"R_3peWFupsrvkxp6t",1,29,5,3,4,NA,0,2,1,2,1,1,3,2,2,2,1,1,2,3,1,1,1,1,7,4,3,2
"R_3peWFupsrvkxp6t",1,29,5,3,4,NA,0,3,1,1,2,1,2,3,1,1,2,1,1,2,4,3,2,2,2,3,3,1
"R_3peWFupsrvkxp6t",1,29,5,3,4,NA,0,4,2,2,1,2,2,2,1,1,3,2,1,3,2,4,2,1,2,2,1,3
"R_3prUkV2OQNPX1JJ",2,21,3,2,3,NA,0,1,1,2,2,1,2,2,1,2,1,2,3,2,1,2,2,1,1,4,2,3
"R_3prUkV2OQNPX1JJ",2,21,3,2,3,NA,0,2,2,1,2,1,2,3,1,1,4,1,2,2,3,3,3,2,1,3,1,2
"R_3prUkV2OQNPX1JJ",2,21,3,2,3,NA,0,3,3,2,2,1,2,3,2,2,2,1,2,2,1,2,1,2,1,1,3,1
"R_3prUkV2OQNPX1JJ",2,21,3,2,3,NA,0,4,2,2,2,1,2,1,1,1,3,2,2,2,1,2,2,1,1,1,2,2
"R_3MoK7D5CWuis7XH",1,36,6,6,1,1,NA,1,3,2,1,2,3,3,1,1,3,2,1,3,2,3,2,2,1,1,3,3
"R_3MoK7D5CWuis7XH",1,36,6,6,1,1,NA,2,1,1,1,2,2,1,2,2,2,1,2,1,3,1,1,1,7,3,2,4
"R_3MoK7D5CWuis7XH",1,36,6,6,1,1,NA,3,3,1,2,1,3,2,1,2,1,1,2,2,1,2,2,1,1,2,3,1
"R_3MoK7D5CWuis7XH",1,36,6,6,1,1,NA,4,2,1,2,1,2,3,1,2,4,1,3,2,2,2,2,1,2,1,1,2
"R_dbs8pvT47wsilNL",1,26,3,2,2,0,NA,1,1,1,1,2,2,1,1,1,4,1,1,2,1,3,2,1,7,3,3,3
"R_dbs8pvT47wsilNL",1,26,3,2,2,0,NA,2,2,2,1,2,3,3,2,2,1,2,2,3,2,2,2,1,1,2,1,2
"R_dbs8pvT47wsilNL",1,26,3,2,2,0,NA,3,1,1,1,1,2,3,1,1,2,1,2,1,3,1,3,2,2,1,2,4
"R_dbs8pvT47wsilNL",1,26,3,2,2,0,NA,4,1,1,1,1,1,2,2,1,3,1,1,2,4,2,2,2,7,1,1,1
"R_1pQIBdMd0yp39v2",2,30,3,1,3,NA,-1,1,2,1,1,2,2,3,1,2,1,1,3,2,3,4,2,1,1,3,3,3
"R_1pQIBdMd0yp39v2",2,30,3,1,3,NA,-1,2,3,2,2,1,3,3,1,1,3,2,1,3,2,3,2,2,1,1,2,2
"R_1pQIBdMd0yp39v2",2,30,3,1,3,NA,-1,3,2,1,1,2,2,3,1,2,1,1,3,2,3,4,2,1,1,3,3,3
"R_1pQIBdMd0yp39v2",2,30,3,1,3,NA,-1,4,1,2,2,2,3,3,1,1,2,2,1,3,1,4,2,2,1,4,1,4
"R_3h3C9AGtL0Z05YU",2,23,3,3,1,0,NA,1,1,1,2,1,3,3,1,2,1,1,3,2,2,3,2,1,1,1,2,2
"R_3h3C9AGtL0Z05YU",2,23,3,3,1,0,NA,2,2,2,2,1,2,2,1,2,3,1,2,2,1,4,2,1,1,3,1,1
"R_3h3C9AGtL0Z05YU",2,23,3,3,1,0,NA,3,2,2,1,1,2,3,2,2,2,1,3,2,1,3,2,1,1,4,3,3
"R_3h3C9AGtL0Z05YU",2,23,3,3,1,0,NA,4,3,2,1,2,2,1,1,1,4,2,1,2,3,4,2,2,1,2,2,4
"R_2f7r4Aj0MRumYuV",1,41,5,2,3,NA,-1,1,2,2,1,2,2,3,1,1,3,2,2,3,2,3,2,1,1,2,1,3
"R_2f7r4Aj0MRumYuV",1,41,5,2,3,NA,-1,2,1,1,2,1,2,1,1,2,1,1,2,2,1,3,2,1,2,3,2,1
"R_2f7r4Aj0MRumYuV",1,41,5,2,3,NA,-1,3,2,1,2,1,2,3,1,2,3,1,2,2,1,3,2,1,7,2,1,1
"R_2f7r4Aj0MRumYuV",1,41,5,2,3,NA,-1,4,2,1,1,2,2,3,2,2,2,2,2,2,2,3,2,1,1,3,3,2
"R_3r0MPu0BYbUoBd8",2,50,6,3,2,0,NA,1,3,2,2,2,3,3,1,1,3,2,1,3,1,4,2,2,1,4,1,3
"R_3r0MPu0BYbUoBd8",2,50,6,3,2,0,NA,2,3,1,2,2,3,3,1,1,3,2,1,2,2,4,2,2,1,3,2,1
"R_3r0MPu0BYbUoBd8",2,50,6,3,2,0,NA,3,1,2,2,1,2,1,1,1,2,2,1,1,4,3,2,1,1,4,2,2
"R_3r0MPu0BYbUoBd8",2,50,6,3,2,0,NA,4,2,1,1,1,2,2,1,2,2,1,2,2,2,4,2,2,1,4,2,4
"R_1hLpj7Pvpyyioxb",2,23,4,2,3,NA,0,1,2,2,2,1,2,3,1,2,1,2,1,1,2,2,2,1,1,1,1,3
"R_1hLpj7Pvpyyioxb",2,23,4,2,3,NA,0,2,2,2,1,2,2,3,1,1,4,1,1,1,2,3,2,1,1,4,2,4
"R_1hLpj7Pvpyyioxb",2,23,4,2,3,NA,0,3,3,1,1,1,2,3,1,2,2,1,1,2,2,3,2,1,1,2,3,1
"R_1hLpj7Pvpyyioxb",2,23,4,2,3,NA,0,4,3,1,1,2,2,2,1,1,1,1,1,1,2,4,2,1,1,1,1,4
"R_3MhhLLmdrt4FVPu",2,33,4,3,3,NA,0,1,1,2,1,2,2,3,2,1,1,1,2,2,2,3,2,1,3,4,1,1
"R_3MhhLLmdrt4FVPu",2,33,4,3,3,NA,0,2,2,2,1,1,3,1,1,1,2,1,3,1,1,1,3,1,1,3,2,3
"R_3MhhLLmdrt4FVPu",2,33,4,3,3,NA,0,3,1,1,1,1,3,1,1,2,4,2,1,1,2,4,2,2,2,2,2,3
"R_3MhhLLmdrt4FVPu",2,33,4,3,3,NA,0,4,3,1,1,1,3,2,2,1,1,2,1,2,2,3,2,1,1,1,1,3
"R_3qDmUggdvSwAlSk",1,29,5,2,2,0,NA,1,2,1,1,2,3,1,1,1,3,1,1,1,2,3,2,1,1,1,3,3
"R_3qDmUggdvSwAlSk",1,29,5,2,2,0,NA,2,1,2,2,1,2,3,1,2,2,2,1,1,1,2,2,2,1,4,2,1
"R_3qDmUggdvSwAlSk",1,29,5,2,2,0,NA,3,3,2,2,2,2,3,1,1,4,1,1,2,1,4,3,2,1,2,1,3
"R_3qDmUggdvSwAlSk",1,29,5,2,2,0,NA,4,3,2,2,1,2,3,1,1,2,1,1,2,4,3,2,2,1,3,1,2
"R_2fp0Uiz1YCN4VIQ",1,28,3,3,2,0,NA,1,3,1,1,2,2,1,1,1,4,1,3,1,2,1,2,2,1,3,1,3
"R_2fp0Uiz1YCN4VIQ",1,28,3,3,2,0,NA,2,2,1,2,2,2,3,1,1,4,2,1,1,2,3,2,2,1,1,2,2
"R_2fp0Uiz1YCN4VIQ",1,28,3,3,2,0,NA,3,2,1,2,1,2,1,1,2,1,2,2,2,1,3,3,1,1,2,3,4
"R_2fp0Uiz1YCN4VIQ",1,28,3,3,2,0,NA,4,1,1,1,2,2,3,2,1,3,1,2,2,2,3,2,1,2,1,3,3
"R_3lR2cNLwmpV3rki",2,50,5,1,1,1,NA,1,2,2,2,1,2,2,1,2,3,2,3,1,3,4,2,1,7,2,3,1
"R_3lR2cNLwmpV3rki",2,50,5,1,1,1,NA,2,2,2,2,1,1,1,1,1,3,2,2,1,4,2,3,1,1,3,1,3
"R_3lR2cNLwmpV3rki",2,50,5,1,1,1,NA,3,2,2,2,1,3,3,1,1,2,2,1,2,2,3,1,2,1,1,1,2
"R_3lR2cNLwmpV3rki",2,50,5,1,1,1,NA,4,2,2,2,1,3,2,2,2,1,1,3,2,1,1,2,1,1,4,2,4
"R_22J5ZQPNHdEsD4F",1,32,4,3,1,0,NA,1,2,2,1,2,2,1,1,2,2,2,1,3,1,1,1,2,1,4,2,1
"R_22J5ZQPNHdEsD4F",1,32,4,3,1,0,NA,2,3,2,2,1,3,3,2,2,4,2,1,2,2,2,2,1,1,1,1,1
"R_22J5ZQPNHdEsD4F",1,32,4,3,1,0,NA,3,3,1,2,1,2,1,1,2,4,2,2,2,1,3,2,1,1,4,3,4
"R_22J5ZQPNHdEsD4F",1,32,4,3,1,0,NA,4,1,2,1,1,2,1,1,2,1,2,3,2,4,2,2,1,1,2,2,3
"R_3iUzdixIBokBY5j",1,52,5,4,1,0,NA,1,2,1,1,2,2,2,1,2,4,1,3,3,2,2,1,1,1,3,3,1
"R_3iUzdixIBokBY5j",1,52,5,4,1,0,NA,2,3,2,1,2,1,1,1,2,2,1,2,1,1,3,3,2,1,2,1,4
"R_3iUzdixIBokBY5j",1,52,5,4,1,0,NA,3,3,2,1,1,1,1,2,2,1,1,3,2,4,2,2,1,7,4,2,2
"R_3iUzdixIBokBY5j",1,52,5,4,1,0,NA,4,2,1,2,2,2,2,1,1,3,2,1,2,3,3,2,2,1,2,1,4
"R_2DTTzqdutqnkxFu",1,24,3,1,3,NA,0,1,1,2,2,2,3,3,1,1,3,2,1,3,2,4,2,1,1,3,3,1
"R_2DTTzqdutqnkxFu",1,24,3,1,3,NA,0,2,1,1,2,2,3,3,1,1,1,2,1,2,2,3,2,2,1,4,1,2
"R_2DTTzqdutqnkxFu",1,24,3,1,3,NA,0,3,1,2,1,2,3,2,1,1,1,1,2,2,2,3,2,1,1,1,3,3
"R_2DTTzqdutqnkxFu",1,24,3,1,3,NA,0,4,1,1,2,1,2,2,1,2,3,2,2,1,2,3,1,1,7,2,1,2
"R_wZXDnYqPCnPupPP",2,34,3,3,3,NA,-1,1,1,2,2,2,2,3,1,1,4,2,1,2,1,2,3,1,1,3,1,3
"R_wZXDnYqPCnPupPP",2,34,3,3,3,NA,-1,2,1,1,2,2,3,2,1,2,3,1,2,2,2,4,2,2,1,1,3,1
"R_wZXDnYqPCnPupPP",2,34,3,3,3,NA,-1,3,2,2,2,2,2,1,1,2,4,1,3,2,1,3,2,1,1,4,3,3
"R_wZXDnYqPCnPupPP",2,34,3,3,3,NA,-1,4,1,1,1,2,2,1,2,1,1,2,1,1,3,1,1,1,1,1,1,3
"R_1jjgCl63hCrNApm",1,27,2,3,2,1,NA,1,3,2,1,2,2,2,1,1,4,2,1,2,1,2,2,1,1,4,3,3
"R_1jjgCl63hCrNApm",1,27,2,3,2,1,NA,2,1,1,2,1,1,2,2,2,4,2,2,1,3,2,2,1,1,2,1,3
"R_1jjgCl63hCrNApm",1,27,2,3,2,1,NA,3,3,1,2,2,1,3,1,1,1,2,3,2,4,3,3,1,1,2,2,1
"R_1jjgCl63hCrNApm",1,27,2,3,2,1,NA,4,2,1,1,2,2,1,1,1,4,1,3,1,2,2,1,1,1,1,1,4
"R_vCw6nnSOHbk6XVD",2,34,4,2,1,1,NA,1,2,2,2,1,3,2,1,2,3,1,2,2,2,3,2,1,1,3,2,1
"R_vCw6nnSOHbk6XVD",2,34,4,2,1,1,NA,2,2,1,1,2,3,3,1,1,2,2,1,2,1,3,2,2,1,2,1,3
"R_vCw6nnSOHbk6XVD",2,34,4,2,1,1,NA,3,2,1,1,1,3,2,1,2,1,2,2,2,2,2,3,2,1,3,2,3
"R_vCw6nnSOHbk6XVD",2,34,4,2,1,1,NA,4,3,2,2,2,3,3,1,1,1,1,3,3,3,4,2,2,1,1,1,2
"R_ApOZCQ1JPkjPgE9",1,24,4,1,3,NA,0,1,2,2,2,1,2,1,1,1,4,1,1,1,2,3,2,1,1,3,3,3
"R_ApOZCQ1JPkjPgE9",1,24,4,1,3,NA,0,2,3,1,2,1,1,1,1,1,1,2,1,2,1,4,3,2,7,4,1,2
"R_ApOZCQ1JPkjPgE9",1,24,4,1,3,NA,0,3,3,2,1,2,2,1,2,1,4,1,2,1,3,2,2,1,1,2,3,1
"R_ApOZCQ1JPkjPgE9",1,24,4,1,3,NA,0,4,3,2,2,2,2,3,1,1,2,2,2,2,2,3,3,2,1,3,1,4
"R_yjypec2T7jNtzYR",1,36,6,4,4,NA,-1,1,3,1,1,2,2,2,2,2,4,2,2,3,2,3,2,1,1,1,1,2
"R_yjypec2T7jNtzYR",1,36,6,4,4,NA,-1,2,2,1,2,1,2,3,1,2,1,1,2,3,1,4,2,1,2,4,2,3
"R_yjypec2T7jNtzYR",1,36,6,4,4,NA,-1,3,3,1,2,2,3,1,1,1,4,2,1,3,1,4,2,2,1,2,3,1
"R_yjypec2T7jNtzYR",1,36,6,4,4,NA,-1,4,2,1,2,1,2,3,1,2,3,1,2,3,4,3,2,1,7,3,1,1
"R_2q4u5fFnXUJf4gG",1,35,3,1,3,NA,0,1,2,1,1,2,2,3,1,1,3,2,1,2,2,3,2,2,1,2,3,4
"R_2q4u5fFnXUJf4gG",1,35,3,1,3,NA,0,2,2,1,1,2,3,1,2,1,1,1,3,1,1,4,2,1,1,4,2,1
"R_2q4u5fFnXUJf4gG",1,35,3,1,3,NA,0,3,3,2,2,2,1,3,1,1,4,2,1,3,1,4,2,2,1,1,3,2
"R_2q4u5fFnXUJf4gG",1,35,3,1,3,NA,0,4,2,2,1,2,1,1,1,2,3,1,2,1,4,2,3,2,2,3,1,3
"R_Qfuz9gCW5ScFOr7",2,29,4,1,3,NA,0,1,1,1,1,2,2,3,1,2,3,2,2,3,1,2,2,1,1,3,2,2
"R_Qfuz9gCW5ScFOr7",2,29,4,1,3,NA,0,2,3,2,1,2,1,2,1,1,2,1,3,3,4,4,2,1,1,2,1,3
"R_Qfuz9gCW5ScFOr7",2,29,4,1,3,NA,0,3,1,2,2,2,1,3,1,2,1,2,1,2,1,3,3,1,1,1,3,4
"R_Qfuz9gCW5ScFOr7",2,29,4,1,3,NA,0,4,3,1,2,1,1,2,1,2,1,1,1,2,2,2,2,1,2,1,1,1
"R_3e3UKIKBjm09bSW",1,35,3,2,2,0,NA,1,3,2,1,1,3,2,1,2,1,1,3,2,1,3,2,1,1,2,1,3
"R_3e3UKIKBjm09bSW",1,35,3,2,2,0,NA,2,3,1,2,2,3,3,1,1,4,2,1,3,2,4,2,2,1,4,2,1
"R_3e3UKIKBjm09bSW",1,35,3,2,2,0,NA,3,2,2,2,1,2,2,2,1,3,2,2,2,1,2,2,1,1,2,1,4
"R_3e3UKIKBjm09bSW",1,35,3,2,2,0,NA,4,2,1,2,1,2,2,1,1,2,2,1,3,2,3,2,2,1,2,2,4
"R_1jJk53Y8H6AJhIE",2,40,6,1,2,0,NA,1,3,2,1,2,2,3,1,1,1,1,3,1,2,3,2,1,1,1,1,1
"R_1jJk53Y8H6AJhIE",2,40,6,1,2,0,NA,2,1,2,1,1,3,1,1,2,1,1,3,2,1,3,2,1,1,2,3,4
"R_1jJk53Y8H6AJhIE",2,40,6,1,2,0,NA,3,1,2,2,1,2,2,1,1,1,2,1,3,2,4,2,2,1,4,2,3
"R_1jJk53Y8H6AJhIE",2,40,6,1,2,0,NA,4,2,2,1,1,2,1,1,2,1,1,2,2,2,2,2,1,1,3,3,2
"R_2q8bkmlekv1jxDk",1,53,4,2,2,0,NA,1,3,1,2,1,2,2,1,2,1,2,2,3,2,4,2,2,1,2,1,2
"R_2q8bkmlekv1jxDk",1,53,4,2,2,0,NA,2,2,1,1,2,2,3,1,2,1,1,2,2,3,2,3,1,3,4,2,3
"R_2q8bkmlekv1jxDk",1,53,4,2,2,0,NA,3,1,1,2,2,1,1,2,1,4,2,1,1,1,3,2,1,7,1,3,4
"R_2q8bkmlekv1jxDk",1,53,4,2,2,0,NA,4,1,1,1,1,2,1,2,2,2,1,3,1,3,1,3,2,2,3,2,1
"R_pF7nO7khmIBU2Kl",2,38,6,2,2,1,NA,1,2,1,1,2,2,3,1,1,3,2,2,2,2,3,2,1,1,1,3,3
"R_pF7nO7khmIBU2Kl",2,38,6,2,2,1,NA,2,3,2,2,2,2,2,1,1,2,2,1,3,2,3,2,2,1,2,2,2
"R_pF7nO7khmIBU2Kl",2,38,6,2,2,1,NA,3,2,2,2,1,2,3,1,2,4,1,2,2,1,3,2,1,1,4,1,1
"R_pF7nO7khmIBU2Kl",2,38,6,2,2,1,NA,4,1,2,2,2,2,3,1,1,1,2,1,2,2,3,2,2,1,3,2,3
"R_0PP3Ejwz4tc1kml",1,22,3,4,2,1,NA,1,1,2,1,2,2,3,1,2,3,2,1,1,1,3,2,1,1,1,1,3
"R_0PP3Ejwz4tc1kml",1,22,3,4,2,1,NA,2,3,2,2,1,3,2,1,2,2,1,3,2,1,3,2,1,1,3,1,1
"R_0PP3Ejwz4tc1kml",1,22,3,4,2,1,NA,3,2,2,1,1,2,3,1,2,4,1,3,1,1,3,2,2,1,1,2,4
"R_0PP3Ejwz4tc1kml",1,22,3,4,2,1,NA,4,1,1,1,2,2,1,1,1,1,1,3,1,2,2,2,2,1,2,2,4
"R_2aRBoMbFd7PHOOm",1,32,5,3,3,NA,0,1,2,1,1,1,3,3,2,2,3,1,3,2,2,3,2,1,1,1,1,3
"R_2aRBoMbFd7PHOOm",1,32,5,3,3,NA,0,2,1,1,2,1,2,3,1,2,2,2,2,2,1,3,2,1,1,4,1,3
"R_2aRBoMbFd7PHOOm",1,32,5,3,3,NA,0,3,2,2,1,1,2,1,1,2,3,1,2,2,1,2,2,2,1,3,2,2
"R_2aRBoMbFd7PHOOm",1,32,5,3,3,NA,0,4,1,2,1,1,3,1,2,1,3,1,2,2,2,2,2,1,1,2,1,2
"R_1Om0QZdnOsCpQ2c",2,19,2,1,1,0,NA,1,1,2,2,2,2,1,1,1,1,2,1,2,4,2,2,1,1,2,2,2
"R_1Om0QZdnOsCpQ2c",2,19,2,1,1,0,NA,2,1,2,2,1,1,1,1,2,1,1,3,1,4,1,1,1,1,2,2,4
"R_1Om0QZdnOsCpQ2c",2,19,2,1,1,0,NA,3,3,2,1,2,3,3,1,1,2,1,1,3,1,3,2,2,1,1,3,3
"R_1Om0QZdnOsCpQ2c",2,19,2,1,1,0,NA,4,3,1,2,1,2,1,2,2,2,1,3,2,3,2,2,1,1,4,3,1
"R_25yEjjhfZyPiPdJ",2,28,3,2,2,0,NA,1,2,2,1,1,3,3,1,2,3,1,3,3,2,3,2,2,1,3,1,4
"R_25yEjjhfZyPiPdJ",2,28,3,2,2,0,NA,2,1,1,2,1,3,2,1,1,2,1,2,3,1,4,2,2,1,1,2,2
"R_25yEjjhfZyPiPdJ",2,28,3,2,2,0,NA,3,3,2,2,2,2,3,1,1,3,2,2,3,1,2,2,2,1,2,2,2
"R_25yEjjhfZyPiPdJ",2,28,3,2,2,0,NA,4,1,1,1,1,3,3,1,2,2,1,3,2,2,1,2,1,1,4,1,1
"R_2tgUCVE42nWA8i6",2,26,5,2,3,NA,-1,1,2,1,2,1,3,2,1,2,3,2,3,3,1,4,2,1,1,1,1,4
"R_2tgUCVE42nWA8i6",2,26,5,2,3,NA,-1,2,2,2,2,2,2,3,1,1,4,2,1,2,4,3,2,1,1,2,2,1
"R_2tgUCVE42nWA8i6",2,26,5,2,3,NA,-1,3,2,2,2,2,2,2,1,1,3,2,1,3,1,2,2,1,1,2,2,3
"R_2tgUCVE42nWA8i6",2,26,5,2,3,NA,-1,4,1,2,2,1,2,1,1,2,1,2,2,1,3,1,1,1,7,3,3,2
"R_3qajoKg18duwm1z",2,43,3,3,3,NA,0,1,2,2,1,1,3,1,1,2,3,1,3,2,2,3,2,1,7,1,3,2
"R_3qajoKg18duwm1z",2,43,3,3,3,NA,0,2,2,1,2,2,3,2,1,1,1,2,1,3,2,4,2,2,1,3,1,3
"R_3qajoKg18duwm1z",2,43,3,3,3,NA,0,3,3,1,1,2,2,2,1,1,4,2,3,3,2,3,2,2,1,2,2,4
"R_3qajoKg18duwm1z",2,43,3,3,3,NA,0,4,1,2,1,2,2,1,2,2,4,1,3,1,1,2,2,1,1,3,3,2
"R_Odn7ttqSw6aJTsR",2,45,3,3,1,1,NA,1,2,2,2,1,2,3,1,2,1,1,3,2,2,3,2,1,1,3,2,2
"R_Odn7ttqSw6aJTsR",2,45,3,3,1,1,NA,2,1,2,2,1,2,2,2,2,3,1,3,2,3,3,2,1,1,4,3,3
"R_Odn7ttqSw6aJTsR",2,45,3,3,1,1,NA,3,3,1,1,2,2,3,1,1,2,2,1,2,1,4,2,2,7,2,1,1
"R_Odn7ttqSw6aJTsR",2,45,3,3,1,1,NA,4,1,2,2,1,2,3,1,2,1,1,3,2,2,3,2,1,1,1,2,2
"R_afWOiE37ZyODPxv",1,33,4,2,3,NA,0,1,1,1,1,1,2,2,1,2,1,1,2,2,4,2,1,2,1,4,2,1
"R_afWOiE37ZyODPxv",1,33,4,2,3,NA,0,2,3,1,2,2,2,3,1,1,1,1,3,3,2,3,2,1,1,1,3,2
"R_afWOiE37ZyODPxv",1,33,4,2,3,NA,0,3,1,1,2,2,1,2,1,2,2,1,3,3,3,4,2,2,3,3,1,2
"R_afWOiE37ZyODPxv",1,33,4,2,3,NA,0,4,3,1,2,2,2,1,1,1,2,2,1,1,3,1,3,2,1,2,1,3
"R_1Oqae1mPvkr97Ts",1,26,3,1,2,0,NA,1,2,1,2,1,3,2,1,1,3,2,1,2,1,3,2,2,1,1,2,1
"R_1Oqae1mPvkr97Ts",1,26,3,1,2,0,NA,2,3,1,2,1,2,2,1,1,1,2,1,2,3,4,2,1,1,2,3,3
"R_1Oqae1mPvkr97Ts",1,26,3,1,2,0,NA,3,3,2,2,1,2,3,1,1,4,2,1,2,2,4,2,1,1,4,1,4
"R_1Oqae1mPvkr97Ts",1,26,3,1,2,0,NA,4,1,1,1,2,3,1,2,2,2,1,3,1,3,1,1,2,1,2,2,3
"R_2S2nTkZDiP8jnHP",2,48,5,3,2,0,NA,1,3,2,2,2,3,3,1,1,3,2,1,3,1,3,2,2,1,3,1,1
"R_2S2nTkZDiP8jnHP",2,48,5,3,2,0,NA,2,1,1,2,1,2,2,1,2,2,1,3,2,2,4,2,2,1,4,2,4
"R_2S2nTkZDiP8jnHP",2,48,5,3,2,0,NA,3,3,1,2,1,3,3,2,2,1,1,3,1,2,3,2,1,2,3,2,1
"R_2S2nTkZDiP8jnHP",2,48,5,3,2,0,NA,4,3,2,1,2,3,2,1,1,3,2,1,3,2,4,2,1,1,2,2,2
"R_3fy0xZzJ5v0nY5y",2,28,6,4,2,0,NA,1,1,2,2,1,2,3,1,2,4,2,2,2,1,3,2,1,1,4,1,3
"R_3fy0xZzJ5v0nY5y",2,28,6,4,2,0,NA,2,1,2,1,2,3,3,1,1,3,2,1,3,2,4,2,1,1,2,3,1
"R_3fy0xZzJ5v0nY5y",2,28,6,4,2,0,NA,3,1,1,2,2,2,3,2,1,4,2,2,1,2,3,2,1,1,3,2,4
"R_3fy0xZzJ5v0nY5y",2,28,6,4,2,0,NA,4,2,2,2,2,2,2,1,1,3,2,1,2,1,3,2,2,1,4,2,3
"R_2S1EjB7yrE4Roeq",2,53,5,1,3,NA,0,1,1,2,1,2,3,2,2,1,4,2,2,3,2,3,2,1,1,2,3,2
"R_2S1EjB7yrE4Roeq",2,53,5,1,3,NA,0,2,2,1,1,1,3,3,2,2,4,1,3,2,2,3,2,1,2,4,1,2
"R_2S1EjB7yrE4Roeq",2,53,5,1,3,NA,0,3,1,1,2,2,3,1,1,1,2,2,1,2,1,3,3,2,1,1,2,1
"R_2S1EjB7yrE4Roeq",2,53,5,1,3,NA,0,4,2,2,1,2,3,2,1,1,4,2,1,3,2,3,2,1,1,3,3,1
"R_28H7QMBK7YgkEPg",2,52,5,3,2,1,NA,1,3,2,1,1,2,3,1,1,4,1,2,2,2,3,2,2,1,4,1,1
"R_28H7QMBK7YgkEPg",2,52,5,3,2,1,NA,2,1,1,2,1,3,1,1,1,2,2,1,3,1,4,2,1,1,3,2,2
"R_28H7QMBK7YgkEPg",2,52,5,3,2,1,NA,3,1,2,1,2,2,3,1,1,3,2,1,1,2,3,2,2,1,2,1,3
"R_28H7QMBK7YgkEPg",2,52,5,3,2,1,NA,4,3,2,2,2,3,3,1,1,3,2,1,3,1,4,2,2,1,1,3,3
"R_3CW4bdZzBXacTxM",2,29,5,3,3,NA,0,1,2,1,2,1,3,3,1,2,3,1,3,2,2,4,2,1,1,4,2,1
"R_3CW4bdZzBXacTxM",2,29,5,3,3,NA,0,2,2,1,1,2,2,2,1,2,3,2,1,2,2,3,3,1,1,1,3,3
"R_3CW4bdZzBXacTxM",2,29,5,3,3,NA,0,3,1,1,2,1,3,2,2,2,4,1,3,2,1,3,2,1,1,3,2,1
"R_3CW4bdZzBXacTxM",2,29,5,3,3,NA,0,4,3,1,2,1,3,3,1,2,4,2,1,2,2,4,3,2,1,2,3,3
"R_1PYTxuP26rsmBbr",1,20,3,1,2,0,NA,1,3,2,2,2,3,2,1,1,4,2,1,3,2,3,2,1,1,4,3,1
"R_1PYTxuP26rsmBbr",1,20,3,1,2,0,NA,2,3,2,1,2,3,2,1,1,4,1,2,3,1,2,2,2,1,2,1,4
"R_1PYTxuP26rsmBbr",1,20,3,1,2,0,NA,3,3,2,1,2,2,1,1,2,2,1,1,2,1,3,3,1,1,1,2,3
"R_1PYTxuP26rsmBbr",1,20,3,1,2,0,NA,4,1,2,2,2,2,3,2,2,3,1,2,2,3,3,2,2,7,3,3,4
"R_RsnAsbqQgWKJIL7",2,35,6,2,1,0,NA,1,3,1,2,1,2,2,1,1,1,1,2,2,2,4,2,2,1,2,3,1
"R_RsnAsbqQgWKJIL7",2,35,6,2,1,0,NA,2,2,1,2,1,3,2,1,2,3,2,2,2,2,3,2,1,2,3,1,3
"R_RsnAsbqQgWKJIL7",2,35,6,2,1,0,NA,3,2,2,2,1,2,1,1,1,4,2,1,2,1,3,3,1,1,1,1,2
"R_RsnAsbqQgWKJIL7",2,35,6,2,1,0,NA,4,3,1,2,1,2,3,1,1,4,1,2,2,2,4,3,2,1,3,3,4
"R_3Mz2j24xl0QB7pA",1,25,5,2,3,NA,0,1,3,1,2,2,1,1,2,1,3,2,1,1,3,4,2,2,1,2,1,3
"R_3Mz2j24xl0QB7pA",1,25,5,2,3,NA,0,2,1,2,1,2,1,1,1,1,3,2,1,1,3,3,2,2,7,2,1,2
"R_3Mz2j24xl0QB7pA",1,25,5,2,3,NA,0,3,2,1,2,2,3,1,1,2,3,2,3,1,3,2,3,1,2,4,2,2
"R_3Mz2j24xl0QB7pA",1,25,5,2,3,NA,0,4,1,2,2,2,2,1,1,1,3,1,2,2,2,3,2,1,1,1,1,1
"R_8AejZMZUgHkyfy9",2,26,5,5,2,1,NA,1,1,1,2,1,3,1,1,1,2,1,2,1,2,3,2,1,1,4,2,1
"R_8AejZMZUgHkyfy9",2,26,5,5,2,1,NA,2,1,1,2,2,3,1,1,1,4,2,1,1,2,2,2,1,1,3,2,3
"R_8AejZMZUgHkyfy9",2,26,5,5,2,1,NA,3,1,2,1,1,3,2,1,2,2,1,2,2,2,3,2,2,1,2,3,2
"R_8AejZMZUgHkyfy9",2,26,5,5,2,1,NA,4,3,2,2,2,3,3,1,1,3,2,1,2,2,3,2,2,1,2,1,3
"R_2EclO7w69kMeY7Y",2,29,3,3,1,0,NA,1,3,2,2,2,2,1,1,2,3,1,1,1,4,1,1,1,1,2,2,2
"R_2EclO7w69kMeY7Y",2,29,3,3,1,0,NA,2,1,1,2,2,2,1,1,2,1,2,1,1,2,3,2,2,2,2,3,4
"R_2EclO7w69kMeY7Y",2,29,3,3,1,0,NA,3,3,1,2,2,3,2,1,1,1,2,1,2,1,1,2,1,1,1,3,4
"R_2EclO7w69kMeY7Y",2,29,3,3,1,0,NA,4,2,1,2,1,2,1,2,2,2,2,1,1,1,1,3,1,1,3,1,3
"R_26gsh1MG7sPJySU",2,23,4,2,1,0,NA,1,2,1,2,1,2,1,1,2,3,1,2,1,3,3,2,1,1,4,2,4
"R_26gsh1MG7sPJySU",2,23,4,2,1,0,NA,2,1,2,2,1,1,1,1,1,4,1,1,2,4,2,2,2,2,3,3,3
"R_26gsh1MG7sPJySU",2,23,4,2,1,0,NA,3,3,2,2,1,2,2,1,2,4,1,3,1,1,1,3,1,1,2,2,3
"R_26gsh1MG7sPJySU",2,23,4,2,1,0,NA,4,3,1,1,1,3,1,1,2,2,1,2,1,2,3,1,1,7,1,1,4
"R_1OvR9HapZnBrVvd",1,34,5,3,3,NA,0,1,2,2,1,1,2,1,1,2,3,1,3,1,2,4,2,1,1,1,1,1
"R_1OvR9HapZnBrVvd",1,34,5,3,3,NA,0,2,1,1,2,2,2,1,1,1,1,2,1,2,2,2,2,2,1,1,2,1
"R_1OvR9HapZnBrVvd",1,34,5,3,3,NA,0,3,3,2,1,2,3,3,1,1,3,2,2,1,2,4,3,2,1,2,1,3
"R_1OvR9HapZnBrVvd",1,34,5,3,3,NA,0,4,3,2,2,2,3,2,1,1,4,2,1,2,1,3,2,2,1,4,1,1
"R_3s1ze5HiOwiFBag",2,47,5,7,4,NA,-1,1,3,1,1,1,2,3,1,2,2,1,3,2,2,3,2,2,1,4,3,3
"R_3s1ze5HiOwiFBag",2,47,5,7,4,NA,-1,2,1,2,2,2,2,1,1,1,3,2,1,1,1,3,3,1,1,1,1,2
"R_3s1ze5HiOwiFBag",2,47,5,7,4,NA,-1,3,3,1,1,2,2,2,2,2,4,1,2,3,1,1,2,1,1,1,1,4
"R_3s1ze5HiOwiFBag",2,47,5,7,4,NA,-1,4,1,1,2,1,3,1,1,1,1,2,2,2,2,4,2,1,1,4,2,1
"R_8InHP3ivmxOznRT",1,26,2,1,3,NA,1,1,3,1,2,2,3,2,1,1,4,2,2,1,1,3,2,1,1,4,1,3
"R_8InHP3ivmxOznRT",1,26,2,1,3,NA,1,2,2,1,2,1,2,2,1,2,3,2,2,2,3,2,2,1,7,1,3,4
"R_8InHP3ivmxOznRT",1,26,2,1,3,NA,1,3,3,1,1,1,2,3,2,2,2,1,3,2,2,4,3,1,2,4,2,3
"R_8InHP3ivmxOznRT",1,26,2,1,3,NA,1,4,2,2,1,1,2,1,1,2,1,1,3,2,2,2,2,1,1,3,2,2
"R_20k4w7NawiElVbH",2,32,6,3,2,1,NA,1,3,1,2,1,3,3,1,2,3,1,2,3,3,4,2,1,1,2,1,4
"R_20k4w7NawiElVbH",2,32,6,3,2,1,NA,2,3,1,1,1,2,2,1,2,2,1,3,3,2,3,2,1,1,4,2,3
"R_20k4w7NawiElVbH",2,32,6,3,2,1,NA,3,2,1,1,2,2,1,1,1,4,2,1,2,4,4,2,2,7,1,3,2
"R_20k4w7NawiElVbH",2,32,6,3,2,1,NA,4,1,2,1,2,2,1,2,1,1,2,1,1,1,3,2,1,1,3,3,1
"R_26lRJjhzK3Mhk0F",1,56,3,3,3,NA,1,1,2,1,1,1,3,3,2,2,1,1,3,2,2,2,2,1,1,4,1,1
"R_26lRJjhzK3Mhk0F",1,56,3,3,3,NA,1,2,3,2,1,1,3,2,1,1,4,2,1,3,1,3,2,2,1,1,3,1
"R_26lRJjhzK3Mhk0F",1,56,3,3,3,NA,1,3,2,1,1,2,2,1,1,2,2,1,1,2,1,2,2,2,1,3,1,1
"R_26lRJjhzK3Mhk0F",1,56,3,3,3,NA,1,4,2,2,1,2,2,3,1,2,4,2,1,2,2,2,2,2,1,4,2,1
"R_6hdyfVU1G3mniMx",1,28,6,5,2,1,NA,1,2,1,1,2,2,3,1,1,4,2,2,2,3,1,2,1,1,4,2,1
"R_6hdyfVU1G3mniMx",1,28,6,5,2,1,NA,2,3,1,2,1,2,2,2,2,1,1,3,2,2,3,2,1,1,2,1,2
"R_6hdyfVU1G3mniMx",1,28,6,5,2,1,NA,3,2,2,2,1,2,3,1,2,2,2,2,3,1,1,3,2,2,1,3,1
"R_6hdyfVU1G3mniMx",1,28,6,5,2,1,NA,4,2,1,2,1,2,3,1,2,1,1,3,2,2,3,2,1,2,3,3,4
"R_1pPsRvC7i9YZsvp",1,23,5,4,2,0,NA,1,1,1,1,1,3,3,1,2,1,1,1,2,2,3,2,1,1,1,3,3
"R_1pPsRvC7i9YZsvp",1,23,5,4,2,0,NA,2,2,2,1,1,3,2,1,2,1,1,2,3,1,2,2,1,1,1,3,2
"R_1pPsRvC7i9YZsvp",1,23,5,4,2,0,NA,3,3,2,1,1,3,3,1,1,1,2,1,1,2,4,2,2,1,1,1,4
"R_1pPsRvC7i9YZsvp",1,23,5,4,2,0,NA,4,3,1,2,1,3,1,1,1,1,2,1,1,2,1,3,2,1,2,1,4
"R_3EXZpmCZZnhbxqO",2,42,2,1,3,NA,0,1,2,2,1,2,3,2,1,2,1,1,3,2,1,3,2,1,1,4,3,2
"R_3EXZpmCZZnhbxqO",2,42,2,1,3,NA,0,2,1,1,1,1,2,1,1,2,3,1,3,2,3,1,2,1,1,2,2,3
"R_3EXZpmCZZnhbxqO",2,42,2,1,3,NA,0,3,1,2,2,1,3,3,1,1,4,2,1,3,2,3,2,2,1,1,1,1
"R_3EXZpmCZZnhbxqO",2,42,2,1,3,NA,0,4,1,1,2,2,3,2,1,2,2,2,2,2,1,2,2,2,1,1,1,4
"R_3jdk2vzhAvVbQvB",2,37,5,4,2,0,NA,1,1,2,2,2,2,1,1,1,1,2,1,3,1,3,2,1,1,2,1,1
"R_3jdk2vzhAvVbQvB",2,37,5,4,2,0,NA,2,3,1,1,2,1,1,1,2,3,1,3,1,3,4,2,2,1,1,2,4
"R_3jdk2vzhAvVbQvB",2,37,5,4,2,0,NA,3,3,1,2,2,1,1,1,2,2,2,2,1,1,4,2,2,1,3,1,4
"R_3jdk2vzhAvVbQvB",2,37,5,4,2,0,NA,4,2,1,1,1,2,1,2,2,4,1,3,2,2,3,2,1,7,1,2,2
"R_3kFWswC3IwflNhF",2,34,5,4,2,1,NA,1,1,2,2,1,2,3,1,1,1,2,1,3,1,4,2,1,1,4,2,3
"R_3kFWswC3IwflNhF",2,34,5,4,2,1,NA,2,3,2,1,2,3,2,1,1,3,1,2,3,2,4,2,2,1,3,3,4
"R_3kFWswC3IwflNhF",2,34,5,4,2,1,NA,3,2,1,1,1,3,2,1,1,1,1,2,3,1,3,2,1,1,1,1,2
"R_3kFWswC3IwflNhF",2,34,5,4,2,1,NA,4,1,2,1,2,3,2,1,2,2,2,1,3,1,3,2,1,1,4,2,3
"R_2z7tSUdHhrw4CjU",2,32,2,3,2,1,NA,1,2,2,1,1,3,1,1,2,2,1,3,3,2,3,2,1,1,4,1,3
"R_2z7tSUdHhrw4CjU",2,32,2,3,2,1,NA,2,1,2,2,2,3,1,1,1,1,2,1,3,1,4,2,2,1,2,2,2
"R_2z7tSUdHhrw4CjU",2,32,2,3,2,1,NA,3,3,1,2,2,3,1,1,1,4,2,1,3,1,4,2,2,1,1,3,2
"R_2z7tSUdHhrw4CjU",2,32,2,3,2,1,NA,4,1,2,1,2,3,1,1,1,3,2,1,3,2,4,2,2,1,2,1,4
"R_3KoKACEaWeW6vpG",2,36,5,2,3,NA,0,1,3,1,1,2,2,3,2,1,2,1,1,3,2,4,2,1,1,1,3,1
"R_3KoKACEaWeW6vpG",2,36,5,2,3,NA,0,2,1,2,2,2,3,3,1,1,1,2,1,3,2,4,2,1,1,1,1,1
"R_3KoKACEaWeW6vpG",2,36,5,2,3,NA,0,3,2,2,1,1,2,1,1,2,4,1,1,3,2,4,2,1,2,4,2,3
"R_3KoKACEaWeW6vpG",2,36,5,2,3,NA,0,4,2,1,1,1,3,1,2,2,3,1,2,2,2,3,2,1,1,2,2,2
"R_1Cg5xbnjrXmZIiJ",2,28,3,1,2,1,NA,1,2,2,2,1,2,2,1,2,3,2,1,3,1,3,2,1,1,2,1,3
"R_1Cg5xbnjrXmZIiJ",2,28,3,1,2,1,NA,2,1,1,2,1,3,2,2,2,4,2,2,3,2,3,2,1,1,1,2,4
"R_1Cg5xbnjrXmZIiJ",2,28,3,1,2,1,NA,3,3,2,2,1,2,2,2,1,2,2,1,2,1,2,2,1,1,2,2,1
"R_1Cg5xbnjrXmZIiJ",2,28,3,1,2,1,NA,4,1,2,2,1,3,2,1,1,2,2,1,2,1,1,2,1,1,2,2,3
"R_3j1BOTEyLK0Bd3u",1,35,5,2,3,NA,0,1,3,1,1,2,2,3,1,2,1,1,2,3,1,3,3,1,1,4,3,3
"R_3j1BOTEyLK0Bd3u",1,35,5,2,3,NA,0,2,3,2,1,2,3,3,1,2,3,1,3,2,2,2,2,1,1,1,3,4
"R_3j1BOTEyLK0Bd3u",1,35,5,2,3,NA,0,3,3,2,1,1,2,2,1,2,4,1,1,2,1,2,2,2,1,2,2,1
"R_3j1BOTEyLK0Bd3u",1,35,5,2,3,NA,0,4,2,2,2,2,2,1,1,1,4,2,1,2,1,4,2,1,1,4,1,2
"R_TuUEz5RTc6pBZpD",2,40,6,5,2,0,NA,1,2,1,2,2,2,3,1,1,3,2,1,2,1,3,2,2,1,4,1,1
"R_TuUEz5RTc6pBZpD",2,40,6,5,2,0,NA,2,1,1,2,2,3,1,1,1,4,2,1,3,2,3,2,2,1,4,1,1
"R_TuUEz5RTc6pBZpD",2,40,6,5,2,0,NA,3,3,1,1,2,3,3,2,2,1,1,1,3,3,3,2,1,1,1,3,2
"R_TuUEz5RTc6pBZpD",2,40,6,5,2,0,NA,4,1,2,2,2,2,1,1,1,4,2,1,3,1,4,2,2,1,4,1,1
"R_3MoFmkdYwJvKiSZ",1,71,5,2,2,0,NA,1,2,2,1,2,3,3,2,1,3,1,1,2,2,3,2,1,1,4,3,4
"R_3MoFmkdYwJvKiSZ",1,71,5,2,2,0,NA,2,1,2,2,2,2,1,1,1,1,2,1,1,1,2,2,1,7,1,2,3
"R_3MoFmkdYwJvKiSZ",1,71,5,2,2,0,NA,3,3,2,2,2,3,3,1,1,2,2,1,2,2,3,2,1,1,2,1,1
"R_3MoFmkdYwJvKiSZ",1,71,5,2,2,0,NA,4,2,2,1,2,2,1,2,1,4,2,1,2,3,3,2,1,2,3,1,1
"R_1f8fNLytRg4OaUv",2,35,5,3,1,1,NA,1,3,1,1,2,3,2,1,2,3,1,3,2,2,4,2,1,1,4,2,1
"R_1f8fNLytRg4OaUv",2,35,5,3,1,1,NA,2,3,2,2,1,3,3,1,1,3,2,1,2,1,3,2,2,1,1,2,3
"R_1f8fNLytRg4OaUv",2,35,5,3,1,1,NA,3,1,2,1,2,3,3,2,2,1,2,3,2,2,3,2,1,2,2,3,2
"R_1f8fNLytRg4OaUv",2,35,5,3,1,1,NA,4,1,2,2,2,2,1,1,1,1,2,1,2,1,1,2,2,1,3,3,1
"R_3ReL0qDmA20EcbT",2,26,5,1,4,NA,-1,1,2,2,1,2,3,2,1,1,4,2,2,2,2,3,3,2,1,1,2,1
"R_3ReL0qDmA20EcbT",2,26,5,1,4,NA,-1,2,1,1,1,1,2,1,2,2,1,1,3,1,3,1,1,1,2,3,3,3
"R_3ReL0qDmA20EcbT",2,26,5,1,4,NA,-1,3,3,1,2,1,1,1,1,1,2,2,1,1,1,4,3,2,1,2,1,2
"R_3ReL0qDmA20EcbT",2,26,5,1,4,NA,-1,4,1,1,2,2,3,3,1,1,4,2,1,2,4,2,2,1,1,1,1,1
"R_1Qo8ilGnUZj7cMr",1,26,3,1,2,1,NA,1,1,1,1,1,3,1,1,2,3,1,3,3,2,3,2,2,1,1,1,1
"R_1Qo8ilGnUZj7cMr",1,26,3,1,2,1,NA,2,1,1,1,2,2,3,1,1,4,1,1,2,1,4,2,2,1,2,2,3
"R_1Qo8ilGnUZj7cMr",1,26,3,1,2,1,NA,3,1,2,2,1,2,3,1,1,1,2,1,1,2,4,2,1,1,3,3,4
"R_1Qo8ilGnUZj7cMr",1,26,3,1,2,1,NA,4,2,2,2,1,2,2,1,1,2,2,1,2,1,4,3,2,1,3,3,2
"R_2Qyali2Y5T2CX1M",1,28,2,2,3,NA,0,1,1,2,2,1,2,1,1,1,1,1,3,2,2,3,2,1,1,3,1,1
"R_2Qyali2Y5T2CX1M",1,28,2,2,3,NA,0,2,2,1,1,2,2,1,1,2,4,2,1,2,1,2,2,2,1,2,2,4
"R_2Qyali2Y5T2CX1M",1,28,2,2,3,NA,0,3,3,1,1,1,2,1,1,2,3,1,2,1,2,4,2,2,1,1,1,1
"R_2Qyali2Y5T2CX1M",1,28,2,2,3,NA,0,4,1,1,1,1,2,1,2,2,1,1,2,2,4,3,2,1,1,4,2,3
"R_2wjnecHom7SfSQt",2,36,3,2,3,NA,-1,1,1,1,1,1,2,2,2,2,4,1,3,1,2,3,2,1,1,2,3,1
"R_2wjnecHom7SfSQt",2,36,3,2,3,NA,-1,2,1,2,1,2,2,3,1,1,2,2,1,1,1,2,2,1,1,4,1,3
"R_2wjnecHom7SfSQt",2,36,3,2,3,NA,-1,3,3,1,2,2,2,1,1,1,4,2,1,1,2,1,1,1,1,1,3,4
"R_2wjnecHom7SfSQt",2,36,3,2,3,NA,-1,4,1,2,1,2,2,1,1,1,4,2,1,1,4,4,2,2,1,2,2,4
"R_3JZoOWM5DQ8m6rv",1,73,6,4,1,1,NA,1,2,2,2,1,3,3,2,1,3,1,3,2,2,3,2,1,1,4,2,4
"R_3JZoOWM5DQ8m6rv",1,73,6,4,1,1,NA,2,3,1,2,2,3,3,1,1,2,2,1,2,2,4,2,2,1,4,3,2
"R_3JZoOWM5DQ8m6rv",1,73,6,4,1,1,NA,3,1,1,2,1,3,1,1,2,4,1,3,2,2,2,2,1,7,4,1,1
"R_3JZoOWM5DQ8m6rv",1,73,6,4,1,1,NA,4,1,2,2,1,3,2,2,1,1,1,3,2,2,2,2,1,2,2,1,4
"R_78s7FfkeDrae277",2,23,5,1,3,NA,0,1,1,1,2,2,3,3,1,1,3,2,2,3,2,3,2,1,1,3,3,1
"R_78s7FfkeDrae277",2,23,5,1,3,NA,0,2,1,2,2,2,3,3,1,1,1,2,1,3,2,3,2,1,1,2,3,1
"R_78s7FfkeDrae277",2,23,5,1,3,NA,0,3,3,2,1,1,3,3,1,2,3,1,3,3,2,4,2,1,1,4,3,3
"R_78s7FfkeDrae277",2,23,5,1,3,NA,0,4,1,2,1,2,3,3,1,1,3,2,1,3,2,3,2,1,1,2,3,1
"R_cGhJj7At5qtdjxv",2,39,4,2,2,1,NA,1,2,1,1,2,2,2,1,1,3,2,2,2,1,3,2,1,1,1,3,4
"R_cGhJj7At5qtdjxv",2,39,4,2,2,1,NA,2,1,1,1,1,2,3,1,2,4,1,3,2,2,3,2,1,1,4,2,3
"R_cGhJj7At5qtdjxv",2,39,4,2,2,1,NA,3,1,2,1,1,2,2,1,2,1,1,2,1,1,2,2,1,1,3,1,2
"R_cGhJj7At5qtdjxv",2,39,4,2,2,1,NA,4,1,2,2,2,2,2,1,1,4,2,1,3,2,3,2,1,1,2,2,4
"R_1jy7hDuxL7fn04i",2,39,3,3,1,0,NA,1,1,2,1,2,2,2,1,2,3,1,3,2,2,1,1,1,3,3,3,2
"R_1jy7hDuxL7fn04i",2,39,3,3,1,0,NA,2,1,1,2,1,3,1,1,1,4,2,1,2,3,3,2,2,1,2,1,1
"R_1jy7hDuxL7fn04i",2,39,3,3,1,0,NA,3,2,2,1,1,2,1,1,2,2,1,2,1,2,1,3,1,2,3,3,2
"R_1jy7hDuxL7fn04i",2,39,3,3,1,0,NA,4,2,1,1,2,3,1,2,2,2,1,3,2,1,1,2,1,7,4,2,4
"R_2TogpGP8IaFkQUm",1,62,6,3,3,NA,0,1,1,1,2,1,3,1,1,2,4,2,2,2,2,3,2,2,1,3,2,1
"R_2TogpGP8IaFkQUm",1,62,6,3,3,NA,0,2,2,1,2,2,3,2,1,1,3,2,1,3,2,4,2,2,1,4,1,2
"R_2TogpGP8IaFkQUm",1,62,6,3,3,NA,0,3,1,1,1,2,2,1,2,2,1,2,2,1,3,3,3,1,7,2,3,4
"R_2TogpGP8IaFkQUm",1,62,6,3,3,NA,0,4,2,2,1,1,3,2,1,2,1,1,2,2,1,3,2,2,1,1,3,3
"R_2OUpKUq7uNayhgL",2,58,6,3,3,NA,-1,1,1,2,2,2,3,1,1,1,1,2,1,2,2,4,2,2,1,2,1,3
"R_2OUpKUq7uNayhgL",2,58,6,3,3,NA,-1,2,1,1,2,2,2,1,1,1,1,2,1,1,4,3,2,1,1,4,2,2
"R_2OUpKUq7uNayhgL",2,58,6,3,3,NA,-1,3,3,2,1,2,2,3,1,2,4,2,1,2,2,4,2,2,1,3,3,4
"R_2OUpKUq7uNayhgL",2,58,6,3,3,NA,-1,4,3,2,1,2,2,1,1,1,4,2,2,1,1,3,2,1,1,1,2,3
"R_237RlDGcdIxyyDp",1,31,2,2,1,0,NA,1,2,2,1,1,2,3,1,1,3,1,2,2,1,2,2,2,1,3,1,3
"R_237RlDGcdIxyyDp",1,31,2,2,1,0,NA,2,2,2,1,1,2,3,1,1,3,1,2,2,1,3,2,1,1,1,3,4
"R_237RlDGcdIxyyDp",1,31,2,2,1,0,NA,3,3,2,2,1,3,2,1,1,1,2,1,3,2,4,3,2,1,4,2,2
"R_237RlDGcdIxyyDp",1,31,2,2,1,0,NA,4,3,2,2,2,2,3,1,1,3,2,1,3,1,4,3,2,1,2,1,2
"R_1do7PRhdYkd4ZHN",2,49,4,2,2,1,NA,1,1,2,1,2,3,2,1,2,4,2,1,2,1,1,1,1,1,3,1,1
"R_1do7PRhdYkd4ZHN",2,49,4,2,2,1,NA,2,1,2,2,1,2,1,1,2,2,1,2,1,4,2,3,2,7,2,3,4
"R_1do7PRhdYkd4ZHN",2,49,4,2,2,1,NA,3,2,2,2,1,2,2,2,1,3,2,3,1,3,3,2,1,1,1,2,2
"R_1do7PRhdYkd4ZHN",2,49,4,2,2,1,NA,4,1,2,1,2,3,3,1,2,4,1,2,3,2,4,2,2,1,2,2,2
"R_3eazwUvAJEbwE61",1,59,3,2,3,NA,1,1,2,1,1,1,2,1,1,2,2,1,2,2,2,3,2,1,1,4,2,1
"R_3eazwUvAJEbwE61",1,59,3,2,3,NA,1,2,2,1,2,1,2,1,1,1,4,2,2,3,1,4,3,2,2,1,1,4
"R_3eazwUvAJEbwE61",1,59,3,2,3,NA,1,3,3,1,1,1,2,3,2,1,3,1,2,3,2,4,2,2,1,4,2,2
"R_3eazwUvAJEbwE61",1,59,3,2,3,NA,1,4,1,1,2,1,3,1,1,1,1,2,2,2,2,1,1,1,1,3,3,3
"R_2R5304bOXktkphz",1,36,5,2,3,NA,-1,1,3,1,1,1,3,3,1,2,1,1,3,3,2,3,2,2,1,4,1,1
"R_2R5304bOXktkphz",1,36,5,2,3,NA,-1,2,1,1,1,1,2,1,2,2,2,1,3,2,1,4,2,1,1,1,1,2
"R_2R5304bOXktkphz",1,36,5,2,3,NA,-1,3,3,1,2,2,2,3,1,1,3,2,1,3,2,3,2,2,1,2,3,4
"R_2R5304bOXktkphz",1,36,5,2,3,NA,-1,4,1,2,1,2,2,3,1,1,2,2,1,3,1,2,2,1,1,2,2,4
"R_cSG8kMM2DzGEhX3",2,35,2,4,2,1,NA,1,1,2,2,2,2,3,1,1,2,2,2,2,2,3,2,1,1,2,1,3
"R_cSG8kMM2DzGEhX3",2,35,2,4,2,1,NA,2,2,2,1,1,2,3,1,2,1,1,3,2,2,1,2,1,1,3,1,1
"R_cSG8kMM2DzGEhX3",2,35,2,4,2,1,NA,3,3,2,2,2,2,2,1,1,4,2,1,2,2,4,3,2,1,4,1,2
"R_cSG8kMM2DzGEhX3",2,35,2,4,2,1,NA,4,1,1,2,1,2,1,1,2,2,1,3,2,1,1,1,1,1,2,1,4
"R_1gUZL0LzlYlDnnP",1,33,6,5,3,NA,-1,1,3,2,2,1,2,3,1,2,2,1,3,2,2,2,2,2,1,4,1,4
"R_1gUZL0LzlYlDnnP",1,33,6,5,3,NA,-1,2,2,1,2,1,3,1,1,2,1,1,3,3,1,3,2,1,1,3,2,3
"R_1gUZL0LzlYlDnnP",1,33,6,5,3,NA,-1,3,3,2,2,2,3,2,1,1,2,2,2,3,2,3,2,1,1,2,3,1
"R_1gUZL0LzlYlDnnP",1,33,6,5,3,NA,-1,4,2,2,2,1,2,1,1,2,4,1,2,2,4,1,2,1,1,4,1,2
"R_2Vy8PeRPLvjfBnh",2,25,5,3,2,0,NA,1,3,2,1,1,2,2,1,1,3,1,2,3,2,3,2,2,1,3,2,2
"R_2Vy8PeRPLvjfBnh",2,25,5,3,2,0,NA,2,1,1,2,1,2,1,1,1,3,1,2,3,1,2,2,1,1,4,3,1
"R_2Vy8PeRPLvjfBnh",2,25,5,3,2,0,NA,3,2,1,2,1,2,3,1,2,3,1,2,2,1,3,2,2,1,2,2,2
"R_2Vy8PeRPLvjfBnh",2,25,5,3,2,0,NA,4,1,1,1,2,2,1,1,1,3,1,2,3,1,2,1,1,1,3,1,3
"R_2zhFc7LMnH3y1OH",2,30,6,2,2,0,NA,1,2,2,2,2,3,3,1,1,2,2,1,3,1,4,2,1,1,3,1,1
"R_2zhFc7LMnH3y1OH",2,30,6,2,2,0,NA,2,3,1,2,2,2,2,1,1,3,2,1,3,1,4,2,2,1,2,1,1
"R_2zhFc7LMnH3y1OH",2,30,6,2,2,0,NA,3,3,2,2,1,2,3,1,2,4,2,2,3,1,4,2,2,1,4,2,3
"R_2zhFc7LMnH3y1OH",2,30,6,2,2,0,NA,4,3,2,2,2,2,2,1,1,3,2,1,3,1,4,2,2,1,2,1,1
"R_1mfQB16hMXIIdUb",1,31,5,2,2,0,NA,1,2,2,1,2,3,3,1,2,3,1,1,3,2,2,2,2,1,3,1,1
"R_1mfQB16hMXIIdUb",1,31,5,2,2,0,NA,2,1,2,1,2,3,3,1,2,3,1,1,3,2,2,1,2,1,3,1,1
"R_1mfQB16hMXIIdUb",1,31,5,2,2,0,NA,3,2,2,1,2,3,3,1,2,3,1,1,3,2,2,2,2,1,3,1,1
"R_1mfQB16hMXIIdUb",1,31,5,2,2,0,NA,4,1,2,1,2,3,3,1,2,3,1,1,3,2,2,2,2,1,3,1,1
"R_xzrRhzQ60yn0VKp",1,30,5,2,3,NA,-1,1,1,1,1,1,2,1,2,2,3,1,3,2,2,2,2,1,1,4,3,1
"R_xzrRhzQ60yn0VKp",1,30,5,2,3,NA,-1,2,1,1,1,2,2,1,1,1,4,2,1,2,2,4,2,1,1,2,2,2
"R_xzrRhzQ60yn0VKp",1,30,5,2,3,NA,-1,3,2,2,2,2,2,1,1,1,4,2,1,3,1,4,2,1,1,3,1,3
"R_xzrRhzQ60yn0VKp",1,30,5,2,3,NA,-1,4,1,2,1,1,3,3,1,2,3,1,3,2,2,2,3,2,1,2,1,4
"R_2DNNgzFxLprdYD1",2,21,3,5,2,1,NA,1,1,2,2,2,3,3,1,1,2,2,1,2,1,3,2,1,1,1,1,3
"R_2DNNgzFxLprdYD1",2,21,3,5,2,1,NA,2,2,2,2,1,3,2,1,2,4,2,2,2,2,3,2,1,1,3,2,2
"R_2DNNgzFxLprdYD1",2,21,3,5,2,1,NA,3,1,1,1,2,3,2,1,1,1,1,3,1,2,4,2,2,7,2,3,4
"R_2DNNgzFxLprdYD1",2,21,3,5,2,1,NA,4,2,1,2,2,3,3,1,1,4,2,2,2,2,2,3,2,1,3,1,2
"R_3nou2nLvQcLI41T",1,33,5,1,3,NA,0,1,2,2,1,1,3,3,2,1,1,1,3,2,2,1,3,1,1,3,1,3
"R_3nou2nLvQcLI41T",1,33,5,1,3,NA,0,2,1,2,1,1,1,2,2,1,3,1,3,3,1,4,2,2,2,3,2,1
"R_3nou2nLvQcLI41T",1,33,5,1,3,NA,0,3,2,2,2,1,2,1,2,1,4,1,1,1,3,3,2,1,1,4,2,2
"R_3nou2nLvQcLI41T",1,33,5,1,3,NA,0,4,1,2,1,2,2,3,2,2,4,2,1,2,1,3,1,1,2,3,3,3
"R_Z1WZ8KbLwBeBZUR",1,23,5,4,2,1,NA,1,3,1,2,1,2,1,1,1,4,1,2,1,3,4,1,1,1,2,2,1
"R_Z1WZ8KbLwBeBZUR",1,23,5,4,2,1,NA,2,2,1,1,2,2,3,2,2,2,2,2,2,2,1,2,2,7,1,2,1
"R_Z1WZ8KbLwBeBZUR",1,23,5,4,2,1,NA,3,2,2,2,1,2,1,1,1,1,1,2,2,4,3,1,2,3,1,2,1
"R_Z1WZ8KbLwBeBZUR",1,23,5,4,2,1,NA,4,1,2,1,2,2,3,1,1,2,2,2,2,2,2,1,2,1,1,3,1
"R_28MN45ineN1Hngw",2,20,3,3,2,1,NA,1,1,2,2,1,3,2,1,1,2,1,2,3,2,3,2,1,1,3,1,1
"R_28MN45ineN1Hngw",2,20,3,3,2,1,NA,2,3,1,1,2,2,2,1,2,2,2,1,2,1,2,2,2,1,4,3,4
"R_28MN45ineN1Hngw",2,20,3,3,2,1,NA,3,1,2,2,1,2,3,2,1,2,1,3,3,1,3,2,1,1,1,2,2
"R_28MN45ineN1Hngw",2,20,3,3,2,1,NA,4,3,2,2,1,2,3,1,1,2,2,1,1,1,2,1,1,1,3,3,3
"R_29bLQBn6EIPThAh",2,47,5,1,4,NA,0,1,3,1,1,2,3,3,1,1,1,2,2,2,2,3,2,1,1,2,2,3
"R_29bLQBn6EIPThAh",2,47,5,1,4,NA,0,2,2,2,2,2,3,1,1,1,3,2,1,3,2,3,2,2,1,3,3,2
"R_29bLQBn6EIPThAh",2,47,5,1,4,NA,0,3,1,1,2,2,3,1,2,1,4,2,1,1,2,3,2,1,1,4,1,4
"R_29bLQBn6EIPThAh",2,47,5,1,4,NA,0,4,1,2,1,2,3,1,1,1,2,2,1,1,1,2,2,1,1,1,1,1
"R_3dHbtD44wVpj3oU",2,29,4,3,2,0,NA,1,1,2,1,1,3,1,1,1,4,1,1,2,1,2,2,1,1,2,2,3
"R_3dHbtD44wVpj3oU",2,29,4,3,2,0,NA,2,1,1,2,1,2,1,1,2,3,2,3,1,3,3,2,2,1,1,1,1
"R_3dHbtD44wVpj3oU",2,29,4,3,2,0,NA,3,1,1,2,1,3,2,1,1,3,2,1,3,2,2,3,1,1,3,3,3
"R_3dHbtD44wVpj3oU",2,29,4,3,2,0,NA,4,2,2,2,1,3,1,1,2,1,2,2,2,1,2,2,1,1,4,2,3
"R_3sBaqyxQLLhEpjS",2,24,4,3,3,NA,-1,1,2,1,2,1,3,3,1,2,2,1,2,2,2,3,2,2,1,3,2,1
"R_3sBaqyxQLLhEpjS",2,24,4,3,3,NA,-1,2,2,1,2,1,3,3,2,1,2,1,2,2,2,3,2,2,1,3,2,1
"R_3sBaqyxQLLhEpjS",2,24,4,3,3,NA,-1,3,1,2,2,2,3,2,1,1,4,2,1,2,1,2,3,2,1,2,2,3
"R_3sBaqyxQLLhEpjS",2,24,4,3,3,NA,-1,4,3,1,1,1,2,3,1,2,1,1,3,1,3,3,2,2,1,2,3,1
"R_XIeW5ooYDS6Ps8F",2,31,3,1,2,0,NA,1,1,1,1,2,3,3,1,1,3,1,2,2,2,3,2,1,1,4,3,2
"R_XIeW5ooYDS6Ps8F",2,31,3,1,2,0,NA,2,3,1,1,2,3,2,1,1,2,1,2,3,2,4,2,1,1,3,1,4
"R_XIeW5ooYDS6Ps8F",2,31,3,1,2,0,NA,3,2,2,2,2,2,1,1,2,2,2,1,2,1,1,1,1,1,2,3,3
"R_XIeW5ooYDS6Ps8F",2,31,3,1,2,0,NA,4,3,1,2,2,2,3,1,1,1,2,2,2,2,3,2,2,1,2,1,3
"R_2V7rbQqMkJ8EOKC",1,24,4,2,3,NA,1,1,3,1,1,1,3,3,2,2,2,1,3,3,3,1,2,1,1,1,3,3
"R_2V7rbQqMkJ8EOKC",1,24,4,2,3,NA,1,2,2,1,1,1,3,2,2,2,4,1,3,2,3,1,2,1,1,2,3,2
"R_2V7rbQqMkJ8EOKC",1,24,4,2,3,NA,1,3,2,2,2,1,3,2,1,1,1,1,2,1,2,3,2,2,1,4,2,1
"R_2V7rbQqMkJ8EOKC",1,24,4,2,3,NA,1,4,3,1,1,1,3,3,1,2,2,1,3,3,3,1,2,1,1,1,3,2
"R_1M4DZ4ZvV4oaui3",2,31,6,2,3,NA,0,1,2,2,2,1,2,1,1,1,4,2,2,2,1,3,2,1,1,4,1,2
"R_1M4DZ4ZvV4oaui3",2,31,6,2,3,NA,0,2,3,2,1,1,2,2,1,1,2,1,3,3,2,4,2,2,1,1,2,3
"R_1M4DZ4ZvV4oaui3",2,31,6,2,3,NA,0,3,3,2,1,2,3,3,1,1,1,2,1,3,2,4,2,2,1,2,3,1
"R_1M4DZ4ZvV4oaui3",2,31,6,2,3,NA,0,4,1,2,2,1,2,1,1,2,3,2,2,2,1,3,2,1,2,2,2,4
"R_1gBVDJNUxP08AKJ",2,23,5,4,4,NA,0,1,1,1,2,1,2,1,1,2,3,1,2,1,3,2,2,1,1,4,2,2
"R_1gBVDJNUxP08AKJ",2,23,5,4,4,NA,0,2,2,2,1,1,2,3,1,2,2,1,3,2,1,3,2,1,1,1,3,4
"R_1gBVDJNUxP08AKJ",2,23,5,4,4,NA,0,3,3,1,1,1,2,1,2,2,4,1,3,1,3,4,2,1,1,1,1,3
"R_1gBVDJNUxP08AKJ",2,23,5,4,4,NA,0,4,2,2,2,1,2,1,1,2,4,2,2,2,2,3,1,1,1,4,3,1
"R_1gvyl0uqvSl3Xdu",1,31,5,1,3,NA,0,1,1,2,1,1,2,3,1,2,4,1,3,2,2,1,1,1,1,3,1,2
"R_1gvyl0uqvSl3Xdu",1,31,5,1,3,NA,0,2,2,1,1,2,2,3,1,1,1,2,2,3,1,2,2,2,1,1,1,4
"R_1gvyl0uqvSl3Xdu",1,31,5,1,3,NA,0,3,3,2,1,2,3,2,1,1,4,1,3,3,2,3,2,2,1,2,2,4
"R_1gvyl0uqvSl3Xdu",1,31,5,1,3,NA,0,4,3,2,1,1,2,3,1,2,1,1,2,3,2,2,3,2,1,4,1,2
"R_1H8dhIcmSHpZkU2",2,59,3,3,3,NA,-1,1,2,2,2,2,2,1,1,1,1,2,1,2,2,3,2,1,1,1,1,3
"R_1H8dhIcmSHpZkU2",2,59,3,3,3,NA,-1,2,3,1,1,1,3,3,1,2,3,1,2,2,3,3,2,1,1,4,3,3
"R_1H8dhIcmSHpZkU2",2,59,3,3,3,NA,-1,3,2,1,2,2,1,1,1,1,2,2,1,1,4,1,1,1,1,2,2,4
"R_1H8dhIcmSHpZkU2",2,59,3,3,3,NA,-1,4,2,2,2,1,1,1,1,2,4,2,2,1,3,1,1,1,1,3,3,1
"R_yKP7aslWrmg8hdD",2,29,2,3,4,NA,-1,1,2,2,1,1,3,3,1,2,3,1,2,3,2,4,2,1,1,4,2,1
"R_yKP7aslWrmg8hdD",2,29,2,3,4,NA,-1,2,2,2,1,2,3,2,1,1,4,2,1,3,2,3,2,2,3,3,3,4
"R_yKP7aslWrmg8hdD",2,29,2,3,4,NA,-1,3,2,2,2,2,3,2,1,1,2,2,1,3,1,3,2,2,1,1,1,3
"R_yKP7aslWrmg8hdD",2,29,2,3,4,NA,-1,4,3,2,1,2,3,3,1,1,2,2,1,3,2,4,2,2,1,2,2,2
"R_3PZ6WMGAMLTkLUA",2,31,3,3,3,NA,-1,1,1,2,1,1,2,1,2,2,3,1,3,2,1,3,2,1,1,2,1,3
"R_3PZ6WMGAMLTkLUA",2,31,3,3,3,NA,-1,2,2,2,1,2,2,2,1,1,1,2,1,3,2,3,2,2,1,1,3,2
"R_3PZ6WMGAMLTkLUA",2,31,3,3,3,NA,-1,3,1,1,2,2,2,1,1,2,2,2,1,1,1,1,3,1,1,3,2,1
"R_3PZ6WMGAMLTkLUA",2,31,3,3,3,NA,-1,4,3,1,2,1,2,3,1,2,4,2,2,2,2,1,2,2,1,4,1,4
"R_3RsCr4xaEIrMgnM",2,36,5,2,1,1,NA,1,1,1,1,1,3,3,2,2,1,1,3,2,2,3,2,1,1,1,1,1
"R_3RsCr4xaEIrMgnM",2,36,5,2,1,1,NA,2,2,2,2,2,3,3,1,1,1,2,1,3,1,2,2,2,1,4,2,2
"R_3RsCr4xaEIrMgnM",2,36,5,2,1,1,NA,3,1,2,2,2,3,2,1,1,4,2,2,2,2,1,1,2,1,3,3,4
"R_3RsCr4xaEIrMgnM",2,36,5,2,1,1,NA,4,1,1,1,2,2,1,2,2,3,1,2,1,3,2,3,1,2,2,1,3
"R_27JtJRbxg0IiKPq",1,51,5,3,3,NA,0,1,1,1,2,1,3,3,1,2,4,1,3,2,2,3,2,1,1,3,3,3
"R_27JtJRbxg0IiKPq",1,51,5,3,3,NA,0,2,1,2,2,2,2,2,1,1,4,2,1,2,1,3,2,2,1,2,3,4
"R_27JtJRbxg0IiKPq",1,51,5,3,3,NA,0,3,2,1,2,2,2,3,2,1,1,2,1,2,2,3,2,1,1,2,3,4
"R_27JtJRbxg0IiKPq",1,51,5,3,3,NA,0,4,3,2,1,1,2,3,1,2,1,1,2,2,2,3,2,2,1,4,3,4
"R_3ht1tdLZYULAsje",1,41,3,2,3,NA,-1,1,3,2,1,2,2,1,1,1,1,1,2,2,1,3,2,1,1,3,2,3
"R_3ht1tdLZYULAsje",1,41,3,2,3,NA,-1,2,2,1,2,1,2,1,2,2,4,2,1,2,2,3,3,1,1,4,1,1
"R_3ht1tdLZYULAsje",1,41,3,2,3,NA,-1,3,1,2,2,1,2,1,2,1,3,1,2,2,3,2,2,1,1,1,3,1
"R_3ht1tdLZYULAsje",1,41,3,2,3,NA,-1,4,1,2,2,1,2,3,1,1,2,1,2,2,3,3,2,1,1,1,1,1
"R_21d1eD3yRywGjqg",2,41,2,2,3,NA,1,1,1,1,1,1,3,3,2,2,1,1,3,2,2,2,2,1,1,4,1,1
"R_21d1eD3yRywGjqg",2,41,2,2,3,NA,1,2,2,1,2,2,3,3,1,1,4,2,2,3,1,4,2,2,1,1,2,4
"R_21d1eD3yRywGjqg",2,41,2,2,3,NA,1,3,3,1,1,1,3,2,1,2,2,1,3,3,2,4,2,2,1,2,3,3
"R_21d1eD3yRywGjqg",2,41,2,2,3,NA,1,4,2,1,2,1,3,3,2,2,3,1,3,3,2,2,2,1,1,4,1,2
"R_3hxowP4S6RCDYhg",2,38,3,2,2,1,NA,1,1,1,2,2,3,2,1,1,1,2,1,2,2,3,2,1,1,2,1,2
"R_3hxowP4S6RCDYhg",2,38,3,2,2,1,NA,2,1,1,2,1,2,3,1,2,4,1,2,2,1,2,3,2,2,3,2,3
"R_3hxowP4S6RCDYhg",2,38,3,2,2,1,NA,3,1,1,1,2,3,1,1,2,2,2,2,2,1,4,2,1,1,1,3,4
"R_3hxowP4S6RCDYhg",2,38,3,2,2,1,NA,4,2,2,2,2,3,2,1,1,4,2,1,3,4,1,3,1,1,1,1,1
"R_1DGfE1NYYQQSgGu",2,35,5,5,2,1,NA,1,2,1,1,1,3,3,1,2,1,1,3,2,2,3,2,1,1,4,2,2
"R_1DGfE1NYYQQSgGu",2,35,5,5,2,1,NA,2,1,2,1,2,2,1,1,1,4,2,1,1,1,2,2,1,1,2,2,1
"R_1DGfE1NYYQQSgGu",2,35,5,5,2,1,NA,3,2,1,2,2,2,3,1,1,2,2,1,1,3,4,3,2,1,3,3,3
"R_1DGfE1NYYQQSgGu",2,35,5,5,2,1,NA,4,3,1,2,1,3,2,1,2,3,1,2,3,2,4,3,2,1,2,3,4
"R_3ENlqWLJoa1iCJ1",1,21,3,7,3,NA,1,1,2,2,2,2,2,1,1,2,4,2,2,2,2,3,1,2,7,3,3,4
"R_3ENlqWLJoa1iCJ1",1,21,3,7,3,NA,1,2,3,1,2,2,3,1,1,1,4,2,1,3,1,2,2,1,1,4,1,2
"R_3ENlqWLJoa1iCJ1",1,21,3,7,3,NA,1,3,2,2,2,2,2,3,2,1,2,1,1,1,2,2,3,1,2,2,1,4
"R_3ENlqWLJoa1iCJ1",1,21,3,7,3,NA,1,4,3,1,2,1,2,3,2,2,2,2,2,3,1,4,1,1,1,3,2,3
"R_YQv7nEOPumGyRI5",1,25,3,2,3,NA,0,1,3,2,2,2,3,3,1,1,4,2,1,2,1,4,2,1,1,1,1,3
"R_YQv7nEOPumGyRI5",1,25,3,2,3,NA,0,2,1,1,1,1,3,3,1,2,3,1,3,2,2,2,2,1,1,2,1,3
"R_YQv7nEOPumGyRI5",1,25,3,2,3,NA,0,3,1,1,1,2,3,3,1,2,2,1,2,2,1,3,2,1,1,4,2,1
"R_YQv7nEOPumGyRI5",1,25,3,2,3,NA,0,4,1,2,1,2,2,1,1,2,4,1,3,2,1,3,2,1,1,3,3,2
"R_1FtRXt7wQPxWol2",2,26,3,1,2,1,NA,1,2,2,1,1,3,2,1,2,4,2,2,2,2,3,2,1,1,4,1,3
"R_1FtRXt7wQPxWol2",2,26,3,1,2,1,NA,2,3,1,1,2,3,1,2,2,2,1,2,1,1,3,2,2,2,1,2,4
"R_1FtRXt7wQPxWol2",2,26,3,1,2,1,NA,3,3,2,1,2,3,3,2,1,2,2,1,3,2,2,2,2,1,2,1,3
"R_1FtRXt7wQPxWol2",2,26,3,1,2,1,NA,4,1,1,1,1,2,1,1,1,4,1,2,2,3,3,2,1,1,3,2,3
"R_qUQlUGtMgdTNiQF",2,36,5,3,2,1,NA,1,1,2,2,2,2,1,1,1,2,2,1,3,1,1,3,1,1,1,3,2
"R_qUQlUGtMgdTNiQF",2,36,5,3,2,1,NA,2,2,2,2,2,1,1,1,1,2,2,1,3,1,1,3,1,1,1,3,2
"R_qUQlUGtMgdTNiQF",2,36,5,3,2,1,NA,3,3,2,2,2,1,1,1,1,2,2,1,2,1,2,2,2,1,2,3,4
"R_qUQlUGtMgdTNiQF",2,36,5,3,2,1,NA,4,2,2,1,1,2,1,1,2,3,1,3,2,4,2,2,1,1,3,1,1
"R_3j6WmLel1oABTGR",2,50,3,3,3,NA,-1,1,3,1,2,2,3,3,1,1,1,2,1,1,2,4,2,2,1,1,3,3
"R_3j6WmLel1oABTGR",2,50,3,3,3,NA,-1,2,2,1,2,1,2,3,1,2,3,2,3,1,4,3,3,1,1,3,1,1
"R_3j6WmLel1oABTGR",2,50,3,3,3,NA,-1,3,2,1,2,1,2,3,1,2,1,2,3,1,3,3,2,1,1,4,2,4
"R_3j6WmLel1oABTGR",2,50,3,3,3,NA,-1,4,2,1,1,2,2,3,2,2,2,1,2,1,1,1,1,1,1,2,1,4
"R_31tuj74ODQik4OW",1,33,3,2,2,0,NA,1,3,2,2,1,1,2,1,1,3,2,2,3,4,4,2,1,1,4,2,3
"R_31tuj74ODQik4OW",1,33,3,2,2,0,NA,2,1,1,1,1,3,3,1,2,4,1,3,3,2,3,2,2,1,1,3,2
"R_31tuj74ODQik4OW",1,33,3,2,2,0,NA,3,3,2,1,2,2,2,2,1,1,2,1,2,1,4,1,1,1,3,1,1
"R_31tuj74ODQik4OW",1,33,3,2,2,0,NA,4,1,2,2,2,2,1,1,1,2,2,1,3,1,4,3,1,1,2,1,4
"R_1Dp9hHNM5IjAzur",2,35,5,3,2,0,NA,1,3,1,2,1,2,3,1,2,3,1,2,2,1,4,2,1,1,2,2,1
"R_1Dp9hHNM5IjAzur",2,35,5,3,2,0,NA,2,3,1,2,1,2,3,1,2,3,1,2,2,1,4,2,1,1,2,2,1
"R_1Dp9hHNM5IjAzur",2,35,5,3,2,0,NA,3,1,1,2,2,3,1,1,1,2,2,1,1,2,1,1,2,1,4,3,2
"R_1Dp9hHNM5IjAzur",2,35,5,3,2,0,NA,4,3,1,2,2,3,2,1,1,1,2,1,2,3,3,2,2,1,3,1,3
"R_3nx57Iv3r9j5YtW",2,35,5,4,2,0,NA,1,2,1,1,1,3,3,2,2,4,1,3,3,2,3,2,1,1,3,2,1
"R_3nx57Iv3r9j5YtW",2,35,5,4,2,0,NA,2,2,2,2,1,3,3,1,1,1,2,1,3,1,2,2,2,1,2,1,4
"R_3nx57Iv3r9j5YtW",2,35,5,4,2,0,NA,3,1,1,1,1,2,3,1,2,4,1,3,2,2,3,2,1,3,4,3,3
"R_3nx57Iv3r9j5YtW",2,35,5,4,2,0,NA,4,2,1,2,1,2,1,1,1,2,2,2,1,3,2,2,1,2,3,1,2
"R_3h6lVEDNhucFKT7",2,32,4,3,1,0,NA,1,1,1,2,2,3,3,1,1,1,2,1,2,1,3,2,1,1,4,1,3
"R_3h6lVEDNhucFKT7",2,32,4,3,1,0,NA,2,1,2,2,2,2,2,1,1,2,2,2,2,2,4,3,2,1,1,1,2
"R_3h6lVEDNhucFKT7",2,32,4,3,1,0,NA,3,3,1,2,2,2,1,1,1,4,2,1,2,2,3,2,2,1,3,2,4
"R_3h6lVEDNhucFKT7",2,32,4,3,1,0,NA,4,3,2,1,1,1,1,1,2,4,1,3,1,3,3,2,2,2,2,2,3
"R_2w0k6yTdOZ9ScCn",2,58,4,1,3,NA,0,1,3,1,2,1,2,3,1,1,1,2,3,1,1,3,2,1,1,1,1,3
"R_2w0k6yTdOZ9ScCn",2,58,4,1,3,NA,0,2,2,1,1,2,2,2,1,1,3,2,3,1,1,3,2,2,7,2,2,1
"R_2w0k6yTdOZ9ScCn",2,58,4,1,3,NA,0,3,3,2,2,1,2,2,1,1,1,2,2,2,1,2,2,1,1,1,1,3
"R_2w0k6yTdOZ9ScCn",2,58,4,1,3,NA,0,4,3,1,2,2,1,3,1,2,3,2,1,1,1,3,2,2,2,1,2,4
"R_sbarQ8kAKWYBtND",2,25,5,2,2,1,NA,1,3,1,2,1,3,1,1,1,1,2,2,2,2,4,2,1,1,1,3,1
"R_sbarQ8kAKWYBtND",2,25,5,2,2,1,NA,2,1,1,1,2,3,1,2,2,4,2,2,3,1,1,1,1,1,2,2,2
"R_sbarQ8kAKWYBtND",2,25,5,2,2,1,NA,3,3,2,2,2,3,2,1,1,1,2,1,3,1,4,3,2,1,3,1,3
"R_sbarQ8kAKWYBtND",2,25,5,2,2,1,NA,4,2,1,1,2,3,1,1,2,3,2,2,3,2,3,3,2,1,4,1,1
"R_4HIgmyTxKG40JHP",1,39,2,1,2,0,NA,1,3,2,2,2,2,3,1,1,4,2,1,3,1,4,2,1,1,2,1,3
"R_4HIgmyTxKG40JHP",1,39,2,1,2,0,NA,2,3,1,1,2,2,1,1,1,2,2,2,2,2,1,1,1,1,4,3,2
"R_4HIgmyTxKG40JHP",1,39,2,1,2,0,NA,3,1,1,2,2,2,1,1,1,2,2,1,1,3,4,2,1,1,4,2,1
"R_4HIgmyTxKG40JHP",1,39,2,1,2,0,NA,4,3,1,2,2,1,1,1,2,4,2,1,1,3,3,2,2,1,4,1,3
"R_3M3THpEMX4K1gIC",1,26,5,4,2,0,NA,1,1,1,1,1,3,3,2,2,3,1,3,3,2,3,2,1,1,2,2,1
"R_3M3THpEMX4K1gIC",1,26,5,4,2,0,NA,2,2,2,1,2,2,2,1,1,4,2,2,3,1,2,2,1,1,4,1,4
"R_3M3THpEMX4K1gIC",1,26,5,4,2,0,NA,3,1,1,1,1,3,2,1,2,2,1,2,2,2,4,2,2,1,4,2,1
"R_3M3THpEMX4K1gIC",1,26,5,4,2,0,NA,4,1,1,1,1,3,3,1,2,1,1,2,2,1,4,2,1,1,3,3,3
"R_2TFbyM57bYGKaCc",2,55,6,5,1,1,NA,1,2,2,1,1,3,3,1,2,1,1,3,2,2,3,2,2,1,4,3,3
"R_2TFbyM57bYGKaCc",2,55,6,5,1,1,NA,2,2,1,1,1,2,2,1,2,4,1,3,1,2,4,2,1,1,1,1,3
"R_2TFbyM57bYGKaCc",2,55,6,5,1,1,NA,3,1,1,1,2,2,1,2,1,2,2,1,2,1,4,2,1,7,2,1,4
"R_2TFbyM57bYGKaCc",2,55,6,5,1,1,NA,4,1,1,1,1,3,1,1,2,3,1,3,3,1,2,2,1,1,4,3,4
"R_1oonJYbgY1OzAfJ",2,26,5,2,2,0,NA,1,1,2,2,1,2,2,1,1,3,2,2,2,3,2,2,1,1,2,3,3
"R_1oonJYbgY1OzAfJ",2,26,5,2,2,0,NA,2,3,1,2,2,2,2,1,1,2,2,1,2,1,3,2,2,1,1,2,1
"R_1oonJYbgY1OzAfJ",2,26,5,2,2,0,NA,3,1,2,1,1,2,2,2,2,3,1,3,1,1,2,2,1,1,2,3,4
"R_1oonJYbgY1OzAfJ",2,26,5,2,2,0,NA,4,1,2,2,1,2,1,1,1,1,2,2,2,2,2,3,1,1,1,3,1
"R_27xkQfd5siQ18Bk",2,38,3,1,3,NA,0,1,1,1,1,2,3,3,1,1,3,1,2,3,2,3,2,1,1,1,3,1
"R_27xkQfd5siQ18Bk",2,38,3,1,3,NA,0,2,1,2,1,2,3,2,2,2,2,1,2,3,2,3,2,1,1,1,2,2
"R_27xkQfd5siQ18Bk",2,38,3,1,3,NA,0,3,1,1,1,1,3,3,1,2,4,1,1,3,1,2,2,1,7,1,1,1
"R_27xkQfd5siQ18Bk",2,38,3,1,3,NA,0,4,1,1,1,1,3,3,1,2,3,2,3,3,2,3,2,1,1,4,1,4
"R_4YFpD6w8MiEYfMl",1,22,3,2,3,NA,-1,1,3,2,2,1,1,1,2,1,2,2,1,2,4,1,3,1,1,4,1,3
"R_4YFpD6w8MiEYfMl",1,22,3,2,3,NA,-1,2,3,1,2,1,1,3,1,1,1,2,2,2,4,2,2,1,1,4,3,3
"R_4YFpD6w8MiEYfMl",1,22,3,2,3,NA,-1,3,3,2,1,2,1,1,1,1,3,2,1,3,1,2,2,2,1,2,2,2
"R_4YFpD6w8MiEYfMl",1,22,3,2,3,NA,-1,4,2,1,2,1,1,1,2,2,1,2,3,1,3,1,1,1,1,1,2,2
"R_1dudXDZU7ftO8bj",2,39,5,4,2,0,NA,1,3,2,2,1,3,3,1,2,3,1,2,2,2,2,2,2,1,4,2,2
"R_1dudXDZU7ftO8bj",2,39,5,4,2,0,NA,2,1,2,2,2,3,3,2,1,3,2,3,2,1,2,1,1,2,1,3,3
"R_1dudXDZU7ftO8bj",2,39,5,4,2,0,NA,3,2,1,2,2,3,1,1,1,3,1,2,3,1,3,3,2,2,2,3,4
"R_1dudXDZU7ftO8bj",2,39,5,4,2,0,NA,4,1,1,2,1,2,2,2,2,4,2,2,2,4,3,3,2,2,1,3,2
"R_2aOEBkp8ByXCwtE",2,27,2,2,2,1,NA,1,3,1,1,2,2,3,1,2,3,2,2,2,2,4,2,1,1,2,2,3
"R_2aOEBkp8ByXCwtE",2,27,2,2,2,1,NA,2,2,2,2,2,2,2,1,2,1,1,2,2,3,3,3,2,2,3,1,4
"R_2aOEBkp8ByXCwtE",2,27,2,2,2,1,NA,3,3,2,2,1,2,3,1,2,2,2,1,3,2,4,2,1,2,1,3,3
"R_2aOEBkp8ByXCwtE",2,27,2,2,2,1,NA,4,1,2,1,2,2,3,2,1,2,1,2,2,1,1,1,1,1,2,1,1
"R_3iIioFKarFnhCY2",1,31,2,3,3,NA,0,1,3,2,1,2,3,2,1,1,3,1,2,1,2,3,2,2,1,4,3,3
"R_3iIioFKarFnhCY2",1,31,2,3,3,NA,0,2,3,2,1,1,2,3,1,1,2,1,2,2,2,3,2,2,1,1,2,1
"R_3iIioFKarFnhCY2",1,31,2,3,3,NA,0,3,3,1,1,1,3,3,1,2,4,1,1,2,1,4,2,1,1,3,3,2
"R_3iIioFKarFnhCY2",1,31,2,3,3,NA,0,4,3,1,1,2,2,2,1,2,1,1,2,2,3,3,2,2,1,2,3,3
"R_3itbwKLVVXC96zs",2,55,4,1,1,0,NA,1,3,2,1,1,2,1,1,1,3,2,3,2,1,3,2,2,1,4,2,1
"R_3itbwKLVVXC96zs",2,55,4,1,1,0,NA,2,3,2,1,2,3,3,1,2,1,2,3,3,2,1,2,2,7,2,1,3
"R_3itbwKLVVXC96zs",2,55,4,1,1,0,NA,3,3,1,2,1,2,1,1,2,2,1,1,1,3,2,3,1,1,1,3,2
"R_3itbwKLVVXC96zs",2,55,4,1,1,0,NA,4,1,2,2,2,2,1,1,1,1,2,2,1,3,4,2,1,2,3,3,4
"R_e5MumiYwcDDHyiR",1,45,4,2,3,NA,0,1,1,2,1,2,2,2,1,1,2,2,1,3,2,3,2,2,1,3,3,3
"R_e5MumiYwcDDHyiR",1,45,4,2,3,NA,0,2,1,2,1,1,2,1,1,2,2,1,3,2,1,2,2,1,2,1,1,4
"R_e5MumiYwcDDHyiR",1,45,4,2,3,NA,0,3,2,2,1,1,3,1,2,2,2,1,3,3,1,4,2,2,7,1,1,4
"R_e5MumiYwcDDHyiR",1,45,4,2,3,NA,0,4,2,1,2,2,3,1,1,1,3,2,1,3,4,4,2,2,1,1,2,3
"R_cwQ9ezJIz2MBZ4d",1,30,5,2,1,0,NA,1,3,1,2,2,3,3,1,2,2,2,1,2,2,3,2,2,1,4,1,1
"R_cwQ9ezJIz2MBZ4d",1,30,5,2,1,0,NA,2,3,2,2,1,2,2,1,1,3,1,3,3,3,3,2,1,1,4,3,2
"R_cwQ9ezJIz2MBZ4d",1,30,5,2,1,0,NA,3,1,2,2,2,2,3,1,1,4,2,1,1,1,1,2,2,1,1,1,1
"R_cwQ9ezJIz2MBZ4d",1,30,5,2,1,0,NA,4,1,1,1,1,3,3,1,1,1,1,2,3,2,4,2,1,1,1,2,4
"R_2pQYylfLPJVOruV",1,51,5,2,2,1,NA,1,1,2,2,1,2,1,1,1,3,2,2,2,1,4,3,1,1,2,2,2
"R_2pQYylfLPJVOruV",1,51,5,2,2,1,NA,2,2,2,2,2,2,2,1,1,1,2,1,3,2,4,2,1,1,4,3,3
"R_2pQYylfLPJVOruV",1,51,5,2,2,1,NA,3,3,1,2,1,2,2,1,2,2,1,3,2,1,4,2,1,1,2,1,4
"R_2pQYylfLPJVOruV",1,51,5,2,2,1,NA,4,2,2,1,2,2,1,1,1,1,2,1,2,4,3,2,1,1,4,3,3
"R_30pi1PEt9QUDHgH",1,25,2,2,3,NA,-1,1,3,2,1,1,2,2,1,2,3,1,3,2,2,3,2,1,1,3,2,1
"R_30pi1PEt9QUDHgH",1,25,2,2,3,NA,-1,2,2,1,2,2,2,3,1,2,1,2,1,1,3,2,2,2,1,2,2,4
"R_30pi1PEt9QUDHgH",1,25,2,2,3,NA,-1,3,2,2,2,2,3,2,1,1,4,2,1,2,1,4,2,2,1,4,3,2
"R_30pi1PEt9QUDHgH",1,25,2,2,3,NA,-1,4,3,1,2,1,2,1,2,2,2,1,2,1,4,4,3,1,1,3,2,1
"R_TisaK5J7G5yjZeh",2,41,5,5,3,NA,1,1,3,1,1,1,3,2,1,2,2,1,3,3,1,3,2,1,1,2,1,1
"R_TisaK5J7G5yjZeh",2,41,5,5,3,NA,1,2,3,1,1,2,3,2,1,1,4,1,1,3,2,3,2,2,1,1,3,3
"R_TisaK5J7G5yjZeh",2,41,5,5,3,NA,1,3,3,2,2,1,2,1,1,1,2,2,2,2,1,2,2,1,1,3,3,2
"R_TisaK5J7G5yjZeh",2,41,5,5,3,NA,1,4,1,1,1,1,2,2,1,2,3,1,2,2,1,3,2,1,7,4,2,2
"R_3LYZ3YEaKk0zZZg",1,30,5,3,1,1,NA,1,3,1,2,1,3,3,1,2,3,1,3,3,2,4,2,1,1,2,3,3
"R_3LYZ3YEaKk0zZZg",1,30,5,3,1,1,NA,2,2,1,1,1,2,1,1,2,1,1,3,2,1,3,2,1,7,1,1,4
"R_3LYZ3YEaKk0zZZg",1,30,5,3,1,1,NA,3,1,2,1,2,2,3,1,1,4,2,2,2,2,3,2,2,1,3,3,2
"R_3LYZ3YEaKk0zZZg",1,30,5,3,1,1,NA,4,3,1,1,2,3,2,1,2,2,1,3,2,2,2,2,2,1,4,2,1
"R_3saA1EP1l7H7Viq",1,46,5,3,3,NA,0,1,1,1,2,2,3,1,1,1,1,2,2,2,2,3,2,1,1,4,2,3
"R_3saA1EP1l7H7Viq",1,46,5,3,3,NA,0,2,2,2,2,1,2,2,1,2,2,1,2,1,1,3,2,1,1,2,1,2
"R_3saA1EP1l7H7Viq",1,46,5,3,3,NA,0,3,2,1,2,2,2,3,2,1,3,2,1,2,1,2,2,1,2,4,3,4
"R_3saA1EP1l7H7Viq",1,46,5,3,3,NA,0,4,3,1,2,2,2,2,1,1,2,2,1,2,3,4,2,2,1,3,3,1
"R_30pk3GU1voMT3zg",2,29,3,6,1,1,NA,1,2,2,1,1,2,2,1,2,4,1,3,2,2,2,2,1,1,1,3,4
"R_30pk3GU1voMT3zg",2,29,3,6,1,1,NA,2,3,2,1,1,3,3,1,2,3,1,3,3,2,3,2,2,1,3,1,3
"R_30pk3GU1voMT3zg",2,29,3,6,1,1,NA,3,2,1,1,2,2,1,2,2,1,1,3,2,3,1,1,1,1,2,2,1
"R_30pk3GU1voMT3zg",2,29,3,6,1,1,NA,4,2,1,2,2,2,2,1,1,2,2,2,2,2,3,2,1,1,2,3,2
"R_22PP6E34S13u9Wk",2,27,6,5,3,NA,0,1,2,2,2,1,3,3,2,2,2,1,2,2,4,3,3,2,7,3,2,1
"R_22PP6E34S13u9Wk",2,27,6,5,3,NA,0,2,3,1,1,2,2,3,2,1,2,1,1,2,4,3,3,2,7,3,2,2
"R_22PP6E34S13u9Wk",2,27,6,5,3,NA,0,3,1,2,2,2,2,1,2,1,1,2,2,3,2,3,3,1,7,3,3,2
"R_22PP6E34S13u9Wk",2,27,6,5,3,NA,0,4,2,2,1,1,1,2,2,2,2,1,2,2,1,3,1,2,7,4,3,1
"R_3M4ecY2MEUiulEb",2,45,3,1,3,NA,0,1,3,2,2,1,3,3,1,2,1,2,1,3,2,3,2,2,1,4,3,3
"R_3M4ecY2MEUiulEb",2,45,3,1,3,NA,0,2,2,1,2,1,3,3,2,2,4,1,2,2,2,2,2,1,1,1,1,4
"R_3M4ecY2MEUiulEb",2,45,3,1,3,NA,0,3,3,1,2,1,2,2,1,1,1,1,3,3,1,4,3,1,1,3,2,2
"R_3M4ecY2MEUiulEb",2,45,3,1,3,NA,0,4,1,2,2,1,2,1,1,2,3,1,2,3,2,3,2,1,2,1,2,3
"R_9v5v9iLCeSh5a25",1,34,4,5,3,NA,0,1,1,2,1,2,2,1,1,1,4,1,2,2,1,1,2,2,1,4,2,1
"R_9v5v9iLCeSh5a25",1,34,4,5,3,NA,0,2,2,2,2,2,2,1,1,1,3,2,1,2,1,4,3,2,1,2,3,3
"R_9v5v9iLCeSh5a25",1,34,4,5,3,NA,0,3,1,2,1,2,2,3,1,2,4,1,2,2,1,3,2,1,1,4,3,4
"R_9v5v9iLCeSh5a25",1,34,4,5,3,NA,0,4,3,2,1,2,2,2,1,1,3,1,1,2,1,3,2,2,1,3,2,2
"R_1rDCDIcd0wUOYin",1,28,3,1,3,NA,-1,1,3,1,1,1,2,3,2,2,4,1,2,1,1,4,2,1,1,4,1,1
"R_1rDCDIcd0wUOYin",1,28,3,1,3,NA,-1,2,1,1,1,2,2,2,1,1,2,2,2,2,1,2,2,1,1,3,2,4
"R_1rDCDIcd0wUOYin",1,28,3,1,3,NA,-1,3,3,1,2,2,3,2,1,1,1,2,2,2,2,4,2,2,1,1,3,4
"R_1rDCDIcd0wUOYin",1,28,3,1,3,NA,-1,4,1,1,1,2,2,3,2,1,2,2,2,2,1,3,2,1,1,2,1,4
"R_CmJfiV62ug7eVkl",2,41,5,1,3,NA,0,1,1,1,2,2,3,2,1,2,1,2,2,2,2,3,2,1,1,1,2,1
"R_CmJfiV62ug7eVkl",2,41,5,1,3,NA,0,2,3,1,1,1,3,3,1,1,2,1,2,2,2,3,2,2,1,1,3,3
"R_CmJfiV62ug7eVkl",2,41,5,1,3,NA,0,3,1,1,2,2,3,3,2,1,4,2,1,2,2,3,2,1,2,3,3,3
"R_CmJfiV62ug7eVkl",2,41,5,1,3,NA,0,4,1,2,2,1,3,3,2,2,3,2,1,2,2,2,2,1,1,1,3,2
"R_2Y9PSnRNhxBxorX",2,28,4,2,2,1,NA,1,2,1,2,1,2,2,1,1,4,2,1,2,1,4,2,1,7,2,3,4
"R_2Y9PSnRNhxBxorX",2,28,4,2,2,1,NA,2,1,1,2,1,2,3,1,1,3,2,1,1,3,3,3,1,1,4,3,2
"R_2Y9PSnRNhxBxorX",2,28,4,2,2,1,NA,3,1,1,1,1,3,2,2,2,1,1,3,2,2,1,2,1,1,1,1,3
"R_2Y9PSnRNhxBxorX",2,28,4,2,2,1,NA,4,1,2,1,2,2,3,2,1,1,2,2,3,3,3,2,2,2,3,3,1
"R_1DN1xTcZj1kCalY",1,19,3,1,3,NA,-1,1,1,2,1,1,3,2,1,2,3,1,2,2,2,1,1,1,1,3,2,2
"R_1DN1xTcZj1kCalY",1,19,3,1,3,NA,-1,2,3,2,1,1,2,3,1,2,1,1,3,2,1,4,2,2,1,2,1,3
"R_1DN1xTcZj1kCalY",1,19,3,1,3,NA,-1,3,1,2,2,1,1,1,1,1,4,2,1,1,3,1,3,1,1,1,3,4
"R_1DN1xTcZj1kCalY",1,19,3,1,3,NA,-1,4,3,2,2,2,1,1,1,1,1,2,1,2,3,1,3,1,1,4,3,1
"R_yCkmaFWAo0lVmqB",2,37,5,3,3,NA,-1,1,3,1,2,2,2,2,1,1,3,2,1,2,1,3,2,2,1,2,1,1
"R_yCkmaFWAo0lVmqB",2,37,5,3,3,NA,-1,2,3,1,2,2,3,3,1,2,4,2,1,3,2,4,3,1,1,3,3,3
"R_yCkmaFWAo0lVmqB",2,37,5,3,3,NA,-1,3,2,2,1,1,3,1,2,2,2,1,3,3,2,3,2,1,1,1,2,2
"R_yCkmaFWAo0lVmqB",2,37,5,3,3,NA,-1,4,1,1,2,2,2,2,1,2,4,2,3,1,3,2,2,1,7,4,1,4
"R_yDydjNLIdRZb24V",1,51,6,3,1,0,NA,1,2,1,2,1,3,3,1,2,1,1,3,3,2,3,2,1,1,1,1,1
"R_yDydjNLIdRZb24V",1,51,6,3,1,0,NA,2,3,2,2,1,3,3,1,2,3,1,2,3,1,3,3,1,1,1,3,2
"R_yDydjNLIdRZb24V",1,51,6,3,1,0,NA,3,1,2,1,1,2,2,2,2,3,2,3,3,1,2,1,1,7,1,2,4
"R_yDydjNLIdRZb24V",1,51,6,3,1,0,NA,4,2,1,1,2,2,3,1,2,3,1,3,3,2,1,1,1,1,4,1,2
"R_3nufK4CjYc9UwKd",2,24,3,2,3,NA,-1,1,1,2,2,2,3,3,1,1,4,2,1,3,1,4,2,2,1,1,2,3
"R_3nufK4CjYc9UwKd",2,24,3,2,3,NA,-1,2,2,2,1,2,3,2,2,2,2,1,1,2,2,3,2,1,1,3,3,3
"R_3nufK4CjYc9UwKd",2,24,3,2,3,NA,-1,3,1,1,1,2,3,3,2,1,1,1,1,2,2,3,2,1,1,3,3,3
"R_3nufK4CjYc9UwKd",2,24,3,2,3,NA,-1,4,2,2,2,1,3,3,1,1,1,2,2,2,1,3,2,2,1,3,2,1
"R_1psxEW8cHDFFXwo",1,25,3,1,2,0,NA,1,1,1,1,2,2,3,1,2,4,1,2,2,2,4,2,1,1,1,1,1
"R_1psxEW8cHDFFXwo",1,25,3,1,2,0,NA,2,2,2,2,1,2,3,1,1,3,2,1,3,1,2,2,1,1,3,2,3
"R_1psxEW8cHDFFXwo",1,25,3,1,2,0,NA,3,1,1,1,1,3,3,2,2,1,1,2,3,3,3,2,1,7,1,1,3
"R_1psxEW8cHDFFXwo",1,25,3,1,2,0,NA,4,2,1,1,2,3,2,1,2,1,1,3,3,2,4,2,2,2,4,2,3
"R_Z82Qf5EQHV447Hb",2,38,5,5,2,0,NA,1,1,1,1,2,3,2,1,1,2,2,2,2,1,3,2,2,1,2,1,1
"R_Z82Qf5EQHV447Hb",2,38,5,5,2,0,NA,2,1,2,1,1,2,2,1,2,1,1,3,2,3,2,3,1,1,2,2,1
"R_Z82Qf5EQHV447Hb",2,38,5,5,2,0,NA,3,3,1,1,1,3,2,1,2,4,1,3,2,2,3,2,2,1,2,2,1
"R_Z82Qf5EQHV447Hb",2,38,5,5,2,0,NA,4,2,1,2,1,3,2,1,2,4,1,3,1,2,2,2,1,1,4,3,2
"R_OBcqxVJ8BnQZ6uZ",1,41,6,3,3,NA,1,1,3,1,1,1,3,1,1,2,2,1,2,2,3,4,2,1,1,1,1,3
"R_OBcqxVJ8BnQZ6uZ",1,41,6,3,3,NA,1,2,3,1,1,1,3,3,1,2,3,1,2,2,1,4,2,1,2,2,2,3
"R_OBcqxVJ8BnQZ6uZ",1,41,6,3,3,NA,1,3,2,1,1,1,3,1,1,2,1,1,1,3,4,2,2,2,1,3,2,1
"R_OBcqxVJ8BnQZ6uZ",1,41,6,3,3,NA,1,4,1,1,1,1,3,1,2,2,2,1,3,2,2,3,2,1,1,2,3,4
"R_2SJLGUWsNXdKutu",2,66,5,2,2,0,NA,1,3,1,1,2,3,3,1,1,3,1,2,2,2,4,2,2,1,4,1,1
"R_2SJLGUWsNXdKutu",2,66,5,2,2,0,NA,2,1,1,2,1,3,3,1,2,4,2,3,1,1,3,2,1,1,1,2,2
"R_2SJLGUWsNXdKutu",2,66,5,2,2,0,NA,3,3,1,2,1,2,3,1,2,1,2,3,1,2,4,2,2,1,3,3,3
"R_2SJLGUWsNXdKutu",2,66,5,2,2,0,NA,4,2,2,1,2,3,2,1,1,2,1,2,2,1,2,3,1,1,2,1,4
"R_1Oy8ffRINmDgCm4",1,29,6,3,2,1,NA,1,1,1,2,1,2,3,1,2,2,1,2,2,1,2,2,1,1,3,2,4
"R_1Oy8ffRINmDgCm4",1,29,6,3,2,1,NA,2,1,2,2,1,2,3,1,2,2,1,2,2,1,2,3,1,1,4,3,3
"R_1Oy8ffRINmDgCm4",1,29,6,3,2,1,NA,3,2,1,1,1,3,2,1,2,2,1,2,3,2,3,2,2,1,3,2,1
"R_1Oy8ffRINmDgCm4",1,29,6,3,2,1,NA,4,3,2,1,1,3,2,1,1,2,2,2,3,1,4,1,2,1,3,2,4
"R_pSpEk6Zf4VZ6v3r",2,28,6,4,1,0,NA,1,1,2,2,2,3,3,1,1,2,2,1,3,2,3,2,1,1,1,3,2
"R_pSpEk6Zf4VZ6v3r",2,28,6,4,1,0,NA,2,3,1,1,1,3,2,1,2,2,1,2,3,2,3,2,1,1,3,3,3
"R_pSpEk6Zf4VZ6v3r",2,28,6,4,1,0,NA,3,2,1,2,2,3,2,1,1,2,2,1,3,2,2,2,1,1,1,1,1
"R_pSpEk6Zf4VZ6v3r",2,28,6,4,1,0,NA,4,1,2,1,2,3,2,1,2,4,2,2,3,2,3,2,2,1,2,2,2
"R_3RvJCHSZMtnJ4vE",2,32,5,1,2,0,NA,1,2,2,2,1,3,3,1,2,1,2,2,2,1,4,2,1,1,3,3,1
"R_3RvJCHSZMtnJ4vE",2,32,5,1,2,0,NA,2,2,2,1,1,3,3,1,2,4,2,2,3,2,4,2,1,1,2,2,3
"R_3RvJCHSZMtnJ4vE",2,32,5,1,2,0,NA,3,1,2,1,2,3,1,1,1,3,2,1,2,1,3,3,1,1,4,1,4
"R_3RvJCHSZMtnJ4vE",2,32,5,1,2,0,NA,4,3,1,2,1,2,3,1,2,4,2,3,2,1,4,2,2,2,1,1,3
"R_2AEHFVrXUu6E9oV",2,34,3,1,2,1,NA,1,2,1,2,2,3,2,1,1,3,2,1,2,1,3,2,2,1,4,2,3
"R_2AEHFVrXUu6E9oV",2,34,3,1,2,1,NA,2,2,1,1,2,2,3,2,2,3,1,2,2,2,2,1,2,1,3,1,3
"R_2AEHFVrXUu6E9oV",2,34,3,1,2,1,NA,3,2,2,2,1,2,1,2,2,3,2,3,3,1,3,2,1,7,4,3,1
"R_2AEHFVrXUu6E9oV",2,34,3,1,2,1,NA,4,1,1,2,1,2,2,1,2,3,2,2,1,3,3,1,1,2,1,2,3
"R_phHuSzotcLngOJj",2,25,5,3,2,1,NA,1,2,2,1,2,2,1,1,1,1,2,2,2,2,3,2,1,1,2,1,1
"R_phHuSzotcLngOJj",2,25,5,3,2,1,NA,2,3,1,2,1,1,1,1,1,3,2,3,2,4,2,3,1,2,4,1,3
"R_phHuSzotcLngOJj",2,25,5,3,2,1,NA,3,2,1,2,1,2,1,2,2,1,1,3,1,3,2,3,1,1,1,3,1
"R_phHuSzotcLngOJj",2,25,5,3,2,1,NA,4,3,1,2,2,2,2,1,2,3,2,1,2,2,4,3,2,1,3,1,4
"R_1i560kbBWA99ePD",2,40,4,2,2,1,NA,1,1,1,1,1,2,2,2,1,4,1,2,1,2,2,2,1,1,2,2,3
"R_1i560kbBWA99ePD",2,40,4,2,2,1,NA,2,2,2,1,1,2,2,1,1,1,2,1,2,2,3,2,2,3,2,2,3
"R_1i560kbBWA99ePD",2,40,4,2,2,1,NA,3,2,2,1,1,3,3,2,2,1,2,2,2,4,3,3,1,2,1,2,2
"R_1i560kbBWA99ePD",2,40,4,2,2,1,NA,4,2,2,1,2,3,3,2,2,4,2,1,2,3,2,2,1,1,1,2,4
"R_DeeOU145Z0dzJh7",2,43,3,1,2,0,NA,1,1,1,1,1,2,3,1,2,4,1,3,1,3,3,2,1,1,2,3,1
"R_DeeOU145Z0dzJh7",2,43,3,1,2,0,NA,2,1,2,2,1,3,1,1,1,1,2,1,3,2,3,2,2,1,1,1,2
"R_DeeOU145Z0dzJh7",2,43,3,1,2,0,NA,3,3,2,2,2,2,3,1,2,1,2,2,2,1,4,2,2,1,1,2,1
"R_DeeOU145Z0dzJh7",2,43,3,1,2,0,NA,4,3,1,1,2,2,1,1,2,2,1,2,3,2,4,2,2,2,4,1,2
"R_3GChHEM0V2C7GZZ",2,25,3,1,3,NA,-1,1,2,2,1,2,3,3,2,1,2,1,3,2,3,2,2,1,1,4,2,3
"R_3GChHEM0V2C7GZZ",2,25,3,1,3,NA,-1,2,2,1,2,1,1,1,1,1,3,2,2,1,4,4,2,2,1,2,1,4
"R_3GChHEM0V2C7GZZ",2,25,3,1,3,NA,-1,3,1,2,2,1,2,2,2,2,1,2,2,3,2,1,3,1,7,2,2,1
"R_3GChHEM0V2C7GZZ",2,25,3,1,3,NA,-1,4,2,1,1,2,3,2,1,1,4,2,2,2,1,3,1,2,3,3,3,2
"R_ulT4UyjlhFjE6nn",1,28,5,3,3,NA,-1,1,2,2,2,2,3,1,1,1,1,2,1,2,2,4,2,1,1,1,3,1
"R_ulT4UyjlhFjE6nn",1,28,5,3,3,NA,-1,2,1,2,2,1,1,1,2,1,3,2,2,1,1,2,1,1,7,3,1,3
"R_ulT4UyjlhFjE6nn",1,28,5,3,3,NA,-1,3,2,2,1,2,2,3,1,2,3,2,2,3,1,3,3,2,1,2,2,4
"R_ulT4UyjlhFjE6nn",1,28,5,3,3,NA,-1,4,3,2,2,1,2,1,1,2,1,2,3,1,4,4,1,2,3,2,3,3
"R_1PRcdA7k2WsonMA",2,29,5,4,2,0,NA,1,3,1,2,2,3,2,1,1,3,2,1,2,1,4,2,1,1,2,2,1
"R_1PRcdA7k2WsonMA",2,29,5,4,2,0,NA,2,3,1,1,1,2,2,1,2,2,1,2,1,2,3,2,2,1,4,1,3
"R_1PRcdA7k2WsonMA",2,29,5,4,2,0,NA,3,3,2,1,1,2,3,1,1,1,2,2,2,1,3,2,2,1,4,1,4
"R_1PRcdA7k2WsonMA",2,29,5,4,2,0,NA,4,2,1,2,2,2,1,1,2,1,2,1,2,1,3,2,1,1,1,2,2
"R_30pgmx9uePgn5OP",1,34,4,2,2,1,NA,1,3,1,2,2,3,2,1,1,3,2,2,2,1,4,2,1,1,4,1,3
"R_30pgmx9uePgn5OP",1,34,4,2,2,1,NA,2,3,1,2,1,2,1,1,1,1,1,3,1,2,3,2,1,1,2,1,1
"R_30pgmx9uePgn5OP",1,34,4,2,2,1,NA,3,3,1,2,2,3,3,1,2,4,2,1,3,1,4,2,1,1,1,2,2
"R_30pgmx9uePgn5OP",1,34,4,2,2,1,NA,4,1,1,2,2,3,2,1,2,3,2,2,3,1,4,2,1,1,3,3,1
"R_2D6twWZIOYGsQHb",1,36,3,3,2,1,NA,1,1,2,2,2,2,3,1,1,4,2,1,2,2,3,2,2,1,1,1,3
"R_2D6twWZIOYGsQHb",1,36,3,3,2,1,NA,2,1,1,1,1,2,3,1,2,4,1,2,2,2,3,2,1,1,1,1,2
"R_2D6twWZIOYGsQHb",1,36,3,3,2,1,NA,3,3,1,1,2,2,2,1,1,1,1,2,3,2,3,2,2,2,4,3,2
"R_2D6twWZIOYGsQHb",1,36,3,3,2,1,NA,4,3,2,2,1,3,1,2,2,2,2,3,2,1,2,3,1,1,1,3,1
"R_27a5wj8BCL7S9t3",2,60,3,1,1,0,NA,1,3,1,1,1,2,3,2,2,4,1,3,2,2,3,2,1,1,1,1,3
"R_27a5wj8BCL7S9t3",2,60,3,1,1,0,NA,2,1,2,1,1,2,3,1,1,2,1,2,2,1,3,2,1,1,4,3,2
"R_27a5wj8BCL7S9t3",2,60,3,1,1,0,NA,3,3,2,1,2,2,3,1,1,4,2,2,2,2,4,2,1,1,3,2,3
"R_27a5wj8BCL7S9t3",2,60,3,1,1,0,NA,4,1,1,1,1,3,3,2,2,2,1,3,2,2,3,2,1,1,1,1,3
"R_56WZ5QvF0sgCYmZ",1,31,5,4,2,1,NA,1,1,2,1,1,2,1,1,2,4,1,2,2,2,3,2,1,1,3,2,3
"R_56WZ5QvF0sgCYmZ",1,31,5,4,2,1,NA,2,1,2,2,1,2,1,1,2,4,1,2,2,2,3,2,1,1,4,1,3
"R_56WZ5QvF0sgCYmZ",1,31,5,4,2,1,NA,3,2,2,1,1,2,3,1,2,4,1,2,3,2,3,2,2,1,3,3,1
"R_56WZ5QvF0sgCYmZ",1,31,5,4,2,1,NA,4,1,1,2,2,2,3,1,1,1,2,1,2,2,3,2,2,1,4,1,2
"R_czIzL6NggfAoUo1",1,34,5,4,2,1,NA,1,1,2,2,1,3,3,1,1,1,2,1,2,1,1,2,1,1,2,1,2
"R_czIzL6NggfAoUo1",1,34,5,4,2,1,NA,2,3,2,1,2,3,3,2,2,2,1,2,3,3,4,2,1,1,2,2,3
"R_czIzL6NggfAoUo1",1,34,5,4,2,1,NA,3,3,1,2,2,2,2,1,1,1,2,3,1,1,2,3,2,1,2,3,4
"R_czIzL6NggfAoUo1",1,34,5,4,2,1,NA,4,1,2,2,2,2,1,1,1,4,2,1,1,3,1,2,1,7,1,1,4
"R_86vAUiL9YVXFMZ3",2,24,3,2,3,NA,1,1,2,1,1,2,3,3,1,2,3,1,3,2,2,3,2,1,1,3,3,1
"R_86vAUiL9YVXFMZ3",2,24,3,2,3,NA,1,2,1,2,1,1,3,1,2,2,2,1,3,2,1,1,1,1,1,4,2,2
"R_86vAUiL9YVXFMZ3",2,24,3,2,3,NA,1,3,3,1,2,2,3,2,1,1,1,1,2,3,2,3,2,2,1,1,3,4
"R_86vAUiL9YVXFMZ3",2,24,3,2,3,NA,1,4,3,1,1,2,2,3,1,2,2,1,3,2,1,2,2,2,2,2,2,3
"R_1GVowHZ35EyXzRv",2,41,4,3,3,NA,0,1,3,2,2,1,3,3,1,2,3,2,1,3,2,3,3,2,1,1,3,1
"R_1GVowHZ35EyXzRv",2,41,4,3,3,NA,0,2,2,2,2,1,2,2,1,2,4,2,2,2,1,2,2,1,7,2,1,3
"R_1GVowHZ35EyXzRv",2,41,4,3,3,NA,0,3,3,2,2,2,3,3,1,1,3,1,2,3,1,4,3,2,2,2,2,4
"R_1GVowHZ35EyXzRv",2,41,4,3,3,NA,0,4,3,2,1,2,3,3,2,1,3,1,2,3,2,3,2,1,1,4,3,2
"R_1DRLoKO0zHLe7cF",1,28,5,4,3,NA,1,1,2,1,1,1,3,2,1,2,4,2,2,2,1,3,2,2,1,3,2,1
"R_1DRLoKO0zHLe7cF",1,28,5,4,3,NA,1,2,1,1,1,1,3,1,2,2,1,2,2,3,2,1,1,1,1,1,1,3
"R_1DRLoKO0zHLe7cF",1,28,5,4,3,NA,1,3,1,1,2,2,3,3,1,1,1,1,1,3,1,4,1,1,1,2,3,4
"R_1DRLoKO0zHLe7cF",1,28,5,4,3,NA,1,4,2,2,2,1,3,3,1,2,3,2,1,3,2,1,2,1,1,4,2,1
"R_24iwnnh4lwK9khX",1,45,6,5,2,0,NA,1,1,2,1,1,3,1,1,1,1,1,2,3,2,2,2,1,1,1,3,1
"R_24iwnnh4lwK9khX",1,45,6,5,2,0,NA,2,2,2,1,2,2,2,2,1,4,2,2,2,1,4,2,1,1,4,1,4
"R_24iwnnh4lwK9khX",1,45,6,5,2,0,NA,3,1,1,1,1,3,2,1,2,4,1,3,2,2,1,1,1,2,3,2,2
"R_24iwnnh4lwK9khX",1,45,6,5,2,0,NA,4,3,2,2,2,2,3,1,1,2,2,1,2,4,3,2,2,1,3,1,3
"R_3Rt2uSIMphmXBaH",1,61,6,2,2,0,NA,1,2,1,2,1,2,1,1,2,1,2,2,3,1,3,2,2,1,1,3,2
"R_3Rt2uSIMphmXBaH",1,61,6,2,2,0,NA,2,1,1,2,2,2,1,1,1,2,2,1,2,2,4,2,1,7,4,3,4
"R_3Rt2uSIMphmXBaH",1,61,6,2,2,0,NA,3,3,2,1,1,3,3,1,2,3,1,3,3,2,3,2,1,1,1,1,3
"R_3Rt2uSIMphmXBaH",1,61,6,2,2,0,NA,4,2,1,1,1,2,1,2,2,2,1,2,2,1,4,2,1,3,2,2,2
"R_7U8zRo2XEuUXivv",1,64,3,4,2,0,NA,1,2,2,1,2,2,1,2,1,3,2,1,3,1,1,1,1,1,2,3,2
"R_7U8zRo2XEuUXivv",1,64,3,4,2,0,NA,2,2,2,1,2,2,1,2,1,3,2,1,3,1,1,1,1,1,2,2,2
"R_7U8zRo2XEuUXivv",1,64,3,4,2,0,NA,3,2,1,2,1,2,3,1,2,4,1,3,2,2,4,2,2,7,4,2,4
"R_7U8zRo2XEuUXivv",1,64,3,4,2,0,NA,4,2,2,2,1,2,1,1,1,1,2,1,2,1,3,2,1,2,3,1,3
"R_bPm8YTxzNZny23f",2,36,5,3,2,1,NA,1,3,2,2,1,2,3,1,2,4,2,2,2,2,3,2,1,3,1,1,1
"R_bPm8YTxzNZny23f",2,36,5,3,2,1,NA,2,1,1,2,2,3,2,1,1,1,2,1,2,1,4,2,1,1,1,2,1
"R_bPm8YTxzNZny23f",2,36,5,3,2,1,NA,3,3,2,1,1,3,1,1,2,4,1,3,3,2,2,2,2,1,3,3,2
"R_bPm8YTxzNZny23f",2,36,5,3,2,1,NA,4,3,2,2,2,3,3,1,2,1,2,2,1,2,3,2,1,2,4,1,4
"R_shEeDvyz6z4qe09",2,24,5,2,2,0,NA,1,3,1,2,2,3,3,1,1,3,2,1,3,2,3,2,2,1,1,3,3
"R_shEeDvyz6z4qe09",2,24,5,2,2,0,NA,2,3,2,1,1,3,3,2,2,2,1,3,2,1,4,2,2,2,1,2,4
"R_shEeDvyz6z4qe09",2,24,5,2,2,0,NA,3,1,2,1,1,3,2,2,2,1,1,3,2,2,3,2,1,2,4,3,3
"R_shEeDvyz6z4qe09",2,24,5,2,2,0,NA,4,2,1,1,1,3,3,2,2,1,1,2,2,1,4,2,2,1,3,3,4
"R_3KZcMJCiRez9PuG",2,43,6,3,3,NA,-1,1,1,2,1,1,2,1,1,2,3,1,2,3,1,3,2,1,1,1,2,1
"R_3KZcMJCiRez9PuG",2,43,6,3,3,NA,-1,2,1,2,1,2,2,1,1,1,1,2,1,3,2,4,2,1,1,4,1,1
"R_3KZcMJCiRez9PuG",2,43,6,3,3,NA,-1,3,3,1,2,2,2,3,1,1,2,2,2,2,1,3,2,2,1,3,3,1
"R_3KZcMJCiRez9PuG",2,43,6,3,3,NA,-1,4,1,1,2,2,2,1,1,2,2,2,2,2,1,3,2,1,1,2,1,1
"R_4Ofl01O8fXaOPxn",1,31,3,2,1,1,NA,1,1,2,2,2,2,3,1,1,3,2,1,1,1,2,2,2,1,4,3,3
"R_4Ofl01O8fXaOPxn",1,31,3,2,1,1,NA,2,3,2,1,2,3,3,2,1,1,2,2,2,2,1,1,1,1,1,2,2
"R_4Ofl01O8fXaOPxn",1,31,3,2,1,1,NA,3,1,2,1,2,3,1,2,1,4,2,2,2,2,1,1,1,3,1,1,4
"R_4Ofl01O8fXaOPxn",1,31,3,2,1,1,NA,4,3,1,2,2,3,3,1,2,2,1,2,3,2,2,2,1,2,1,2,4
"R_1l42RNnHQxnwNYY",2,26,3,3,2,0,NA,1,3,2,2,1,2,1,1,2,4,1,2,1,3,3,2,2,1,3,2,2
"R_1l42RNnHQxnwNYY",2,26,3,3,2,0,NA,2,1,2,2,2,2,2,2,2,2,2,1,1,2,4,2,1,1,1,3,4
"R_1l42RNnHQxnwNYY",2,26,3,3,2,0,NA,3,3,2,2,2,2,1,1,1,2,2,1,1,1,2,1,1,7,2,3,4
"R_1l42RNnHQxnwNYY",2,26,3,3,2,0,NA,4,2,2,2,1,3,1,1,2,4,2,2,2,3,2,1,1,3,3,3,2
"R_3Hnn1dVswF1HK9A",1,56,5,3,2,0,NA,1,1,1,2,1,2,1,1,2,1,2,2,1,3,3,2,2,1,4,3,2
"R_3Hnn1dVswF1HK9A",1,56,5,3,2,0,NA,2,1,2,1,1,2,1,1,1,2,1,2,2,1,2,2,1,1,1,2,1
"R_3Hnn1dVswF1HK9A",1,56,5,3,2,0,NA,3,2,1,2,2,2,1,1,1,4,2,2,2,2,3,2,1,1,2,2,4
"R_3Hnn1dVswF1HK9A",1,56,5,3,2,0,NA,4,2,2,2,1,2,3,1,2,3,2,2,2,2,4,2,1,1,3,2,3
"R_2B34tiG1mcPEArE",1,45,3,2,2,0,NA,1,1,1,1,2,2,2,1,2,3,2,2,2,2,3,2,1,1,2,2,4
"R_2B34tiG1mcPEArE",1,45,3,2,2,0,NA,2,1,1,1,1,2,2,2,2,4,1,3,1,2,2,2,1,1,1,3,2
"R_2B34tiG1mcPEArE",1,45,3,2,2,0,NA,3,1,1,2,1,3,2,1,2,1,2,2,2,1,3,2,2,1,3,1,4
"R_2B34tiG1mcPEArE",1,45,3,2,2,0,NA,4,3,2,2,1,3,2,1,2,3,2,2,2,2,4,2,2,1,2,2,4
"R_bJFqE3tgvg2TEUt",1,41,2,1,2,0,NA,1,3,2,2,2,2,1,1,1,4,2,1,3,2,2,3,1,1,1,1,1
"R_bJFqE3tgvg2TEUt",1,41,2,1,2,0,NA,2,2,1,1,1,3,3,1,1,3,1,3,3,2,3,2,1,1,3,1,4
"R_bJFqE3tgvg2TEUt",1,41,2,1,2,0,NA,3,1,1,1,1,3,3,1,1,1,1,3,3,2,3,2,1,1,4,1,4
"R_bJFqE3tgvg2TEUt",1,41,2,1,2,0,NA,4,2,1,1,2,2,1,1,1,4,2,1,3,2,2,3,1,1,3,1,1
"R_2dLc3RHRTSvu6ay",1,37,5,6,1,1,NA,1,1,2,1,2,2,3,1,1,4,2,2,1,1,3,2,2,1,1,2,1
"R_2dLc3RHRTSvu6ay",1,37,5,6,1,1,NA,2,3,1,1,1,2,3,1,2,1,1,3,2,4,1,3,1,1,3,2,2
"R_2dLc3RHRTSvu6ay",1,37,5,6,1,1,NA,3,3,2,1,2,2,3,1,1,2,2,2,2,2,2,2,2,1,3,3,4
"R_2dLc3RHRTSvu6ay",1,37,5,6,1,1,NA,4,1,2,2,1,2,1,2,2,1,1,3,1,3,1,1,1,1,4,3,4
"R_ZquCHeUUSb9mwAp",1,18,2,5,4,NA,1,1,1,1,1,2,2,1,2,1,2,1,2,1,3,3,2,1,1,4,3,2
"R_ZquCHeUUSb9mwAp",1,18,2,5,4,NA,1,2,3,2,2,1,2,3,1,2,4,2,2,2,1,3,2,2,1,2,1,3
"R_ZquCHeUUSb9mwAp",1,18,2,5,4,NA,1,3,1,2,2,1,1,1,2,2,3,2,3,1,4,1,3,1,2,3,3,2
"R_ZquCHeUUSb9mwAp",1,18,2,5,4,NA,1,4,2,1,1,2,2,1,1,2,2,1,2,2,2,4,3,2,7,2,2,1
"R_3nJeyR6oWmWbNWR",1,23,3,2,3,NA,1,1,3,2,2,1,2,3,1,2,3,2,1,3,2,4,2,1,1,4,1,3
"R_3nJeyR6oWmWbNWR",1,23,3,2,3,NA,1,2,2,2,1,2,2,2,1,1,4,1,2,2,1,2,2,1,1,1,3,2
"R_3nJeyR6oWmWbNWR",1,23,3,2,3,NA,1,3,1,2,2,1,2,3,2,2,1,2,3,3,3,2,2,1,7,2,2,1
"R_3nJeyR6oWmWbNWR",1,23,3,2,3,NA,1,4,3,1,2,1,1,2,1,1,3,2,1,2,1,3,2,2,1,3,1,4
"R_1HoaFUDH2v9QIyh",1,24,6,3,3,NA,0,1,3,1,2,1,3,2,1,1,3,2,1,3,2,2,2,2,1,2,3,3
"R_1HoaFUDH2v9QIyh",1,24,6,3,3,NA,0,2,3,2,2,2,3,3,1,1,1,2,1,3,2,2,2,2,1,2,3,4
"R_1HoaFUDH2v9QIyh",1,24,6,3,3,NA,0,3,2,2,2,1,3,3,1,1,2,2,1,3,2,2,2,2,1,3,2,3
"R_1HoaFUDH2v9QIyh",1,24,6,3,3,NA,0,4,3,1,2,2,3,3,1,1,3,2,1,3,2,2,2,2,1,3,3,4
"R_2Y38IjlGvxSMBEw",2,34,5,2,2,1,NA,1,3,1,1,1,3,1,1,1,2,1,3,2,1,3,2,2,1,1,1,1
"R_2Y38IjlGvxSMBEw",2,34,5,2,2,1,NA,2,3,1,2,1,3,2,1,1,4,1,3,3,2,2,3,1,1,3,3,2
"R_2Y38IjlGvxSMBEw",2,34,5,2,2,1,NA,3,1,2,2,2,2,3,1,2,2,2,3,2,1,4,2,2,1,2,2,4
"R_2Y38IjlGvxSMBEw",2,34,5,2,2,1,NA,4,2,1,2,1,2,2,1,1,4,1,1,3,1,3,2,2,1,4,3,3
"R_2BmrH2TqNLULQfz",1,24,5,4,3,NA,-1,1,3,1,1,1,2,3,2,2,4,1,3,2,2,4,2,1,7,2,3,4
"R_2BmrH2TqNLULQfz",1,24,5,4,3,NA,-1,2,1,1,1,1,3,1,1,2,2,1,3,2,1,3,3,2,1,3,1,1
"R_2BmrH2TqNLULQfz",1,24,5,4,3,NA,-1,3,1,2,2,2,3,2,1,1,3,2,1,2,4,2,2,2,1,1,1,3
"R_2BmrH2TqNLULQfz",1,24,5,4,3,NA,-1,4,2,2,2,2,2,1,2,2,1,2,3,3,1,1,1,1,3,3,2,4
"R_V3i1JqlBRkQNMQ1",1,41,5,4,1,0,NA,1,1,2,1,2,3,2,1,2,4,2,1,3,2,3,2,1,1,2,1,1
"R_V3i1JqlBRkQNMQ1",1,41,5,4,1,0,NA,2,1,2,2,1,3,3,1,1,3,2,1,2,2,3,2,1,1,4,2,3
"R_V3i1JqlBRkQNMQ1",1,41,5,4,1,0,NA,3,3,1,2,2,2,2,1,1,2,2,2,3,3,4,2,2,1,3,3,4
"R_V3i1JqlBRkQNMQ1",1,41,5,4,1,0,NA,4,3,2,2,2,2,3,1,1,4,2,1,2,2,4,2,2,1,1,1,3
"R_sbZLvJ9fmR9XqIF",2,33,3,2,4,NA,-1,1,1,2,1,1,2,3,2,2,4,1,2,2,2,3,2,1,1,2,2,1
"R_sbZLvJ9fmR9XqIF",2,33,3,2,4,NA,-1,2,1,2,2,2,3,2,1,1,2,2,1,3,1,2,3,2,1,4,1,2
"R_sbZLvJ9fmR9XqIF",2,33,3,2,4,NA,-1,3,2,2,2,2,3,1,1,1,1,2,1,2,3,4,1,2,2,1,3,4
"R_sbZLvJ9fmR9XqIF",2,33,3,2,4,NA,-1,4,2,2,1,1,2,3,2,2,3,1,2,2,3,2,2,2,1,3,2,3
"R_9piIaYQhebuM45b",1,57,3,1,2,1,NA,1,3,2,2,1,2,3,1,1,2,2,1,2,2,4,2,2,1,1,1,1
"R_9piIaYQhebuM45b",1,57,3,1,2,1,NA,2,2,1,2,2,2,1,2,1,2,1,2,1,1,3,3,1,1,3,2,1
"R_9piIaYQhebuM45b",1,57,3,1,2,1,NA,3,3,1,1,1,2,3,1,2,3,1,3,3,1,3,2,2,7,1,1,1
"R_9piIaYQhebuM45b",1,57,3,1,2,1,NA,4,3,2,2,2,3,2,1,1,2,2,1,1,3,2,2,1,1,1,1,4
"R_2Yi9mVOpCRuwQFM",2,30,5,4,2,0,NA,1,3,1,2,2,1,1,1,2,3,2,2,1,1,4,2,1,1,2,2,3
"R_2Yi9mVOpCRuwQFM",2,30,5,4,2,0,NA,2,2,2,1,1,2,3,1,1,3,1,2,2,1,3,2,1,1,3,1,3
"R_2Yi9mVOpCRuwQFM",2,30,5,4,2,0,NA,3,2,1,2,1,2,3,1,1,3,1,2,2,1,3,2,1,1,1,3,4
"R_2Yi9mVOpCRuwQFM",2,30,5,4,2,0,NA,4,1,1,2,2,1,1,1,1,3,1,2,2,1,3,2,1,1,3,1,4
"R_3jSvtChOW6anjyM",1,27,3,2,2,1,NA,1,3,2,1,2,3,1,1,1,2,2,1,3,1,4,2,1,1,2,3,3
"R_3jSvtChOW6anjyM",1,27,3,2,2,1,NA,2,1,1,2,1,3,1,1,2,4,1,3,1,2,2,2,2,1,1,2,4
"R_3jSvtChOW6anjyM",1,27,3,2,2,1,NA,3,1,1,2,1,2,1,1,2,4,1,2,1,3,1,2,2,2,4,1,2
"R_3jSvtChOW6anjyM",1,27,3,2,2,1,NA,4,3,1,2,1,2,3,1,2,4,1,1,2,2,4,2,1,1,2,2,4
"R_Yb4qCtLe0csF2Ct",2,29,5,7,2,1,NA,1,2,1,2,2,3,3,1,1,2,2,2,3,1,2,2,2,1,2,2,1
"R_Yb4qCtLe0csF2Ct",2,29,5,7,2,1,NA,2,3,1,2,2,3,3,1,1,1,2,2,2,2,1,2,2,2,3,1,1
"R_Yb4qCtLe0csF2Ct",2,29,5,7,2,1,NA,3,3,2,1,2,2,1,1,2,2,2,2,2,3,3,3,2,1,2,2,3
"R_Yb4qCtLe0csF2Ct",2,29,5,7,2,1,NA,4,3,1,1,2,3,3,2,2,4,1,3,2,2,2,2,1,7,3,3,2
"R_2uslSYS3nGX43il",2,34,5,2,2,1,NA,1,1,2,1,2,3,3,1,1,3,2,2,3,2,3,2,1,1,2,1,2
"R_2uslSYS3nGX43il",2,34,5,2,2,1,NA,2,2,1,1,1,3,2,1,2,4,1,3,3,2,3,2,2,2,2,1,1
"R_2uslSYS3nGX43il",2,34,5,2,2,1,NA,3,1,2,2,2,3,3,1,1,1,2,1,3,2,4,2,1,1,3,3,3
"R_2uslSYS3nGX43il",2,34,5,2,2,1,NA,4,2,2,2,1,3,2,1,1,4,2,1,2,2,2,2,1,1,1,2,2
"R_qUBMzZHduIsR26Z",2,37,5,3,2,1,NA,1,1,1,1,2,3,1,2,1,4,1,3,1,3,2,3,1,2,4,1,1
"R_qUBMzZHduIsR26Z",2,37,5,3,2,1,NA,2,3,2,2,2,3,3,1,1,3,2,1,2,1,3,2,2,1,2,3,2
"R_qUBMzZHduIsR26Z",2,37,5,3,2,1,NA,3,2,1,1,1,2,2,2,2,1,1,3,2,2,3,2,1,7,3,2,3
"R_qUBMzZHduIsR26Z",2,37,5,3,2,1,NA,4,1,1,2,1,2,1,1,2,1,1,2,1,4,1,1,2,3,1,3,4
"R_2pJnpUri75lovLk",2,32,4,3,3,NA,0,1,1,2,2,1,2,1,1,1,1,2,2,1,1,2,2,1,3,4,3,2
"R_2pJnpUri75lovLk",2,32,4,3,3,NA,0,2,2,1,1,1,2,3,2,2,3,1,1,2,2,1,1,1,2,2,1,3
"R_2pJnpUri75lovLk",2,32,4,3,3,NA,0,3,3,2,1,1,1,1,1,2,2,2,2,2,3,3,2,1,1,1,2,1
"R_2pJnpUri75lovLk",2,32,4,3,3,NA,0,4,3,1,2,2,2,1,1,1,4,1,2,1,4,2,2,2,1,2,2,1
"R_2UY40r9i4IRViym",2,23,5,1,2,1,NA,1,1,1,1,1,2,1,1,2,3,1,2,1,3,2,2,2,1,1,1,1
"R_2UY40r9i4IRViym",2,23,5,1,2,1,NA,2,2,2,1,2,3,2,1,1,1,2,1,3,1,3,2,1,1,4,3,3
"R_2UY40r9i4IRViym",2,23,5,1,2,1,NA,3,1,2,1,2,2,3,1,1,2,2,1,2,2,4,3,1,1,2,2,2
"R_2UY40r9i4IRViym",2,23,5,1,2,1,NA,4,1,1,2,1,2,2,1,2,2,1,3,2,1,2,2,2,1,2,2,1
"R_SO9EsOXnMVF50Dn",2,40,3,2,2,0,NA,1,2,2,2,1,2,1,1,1,3,2,1,2,1,4,2,1,1,4,3,3
"R_SO9EsOXnMVF50Dn",2,40,3,2,2,0,NA,2,3,1,2,2,3,2,2,2,4,1,3,3,2,3,2,1,1,2,2,4
"R_SO9EsOXnMVF50Dn",2,40,3,2,2,0,NA,3,2,1,2,1,2,3,2,2,2,1,3,1,3,2,1,1,1,3,1,2
"R_SO9EsOXnMVF50Dn",2,40,3,2,2,0,NA,4,1,1,2,2,2,3,1,1,1,2,1,1,2,1,1,2,1,1,2,3
"R_3HI9X45Joa5OCtJ",2,24,5,2,2,1,NA,1,3,2,1,2,2,3,1,1,1,2,2,2,1,3,2,2,1,4,1,4
"R_3HI9X45Joa5OCtJ",2,24,5,2,2,1,NA,2,2,2,2,1,2,3,1,2,3,2,2,2,1,3,3,1,1,2,2,1
"R_3HI9X45Joa5OCtJ",2,24,5,2,2,1,NA,3,1,2,1,1,2,1,1,2,3,1,2,2,1,2,2,1,3,2,3,2
"R_3HI9X45Joa5OCtJ",2,24,5,2,2,1,NA,4,1,1,1,1,2,3,1,2,4,1,2,1,2,2,1,2,1,2,1,3
"R_23UBUaxOmyUEQ2V",2,40,3,5,3,NA,-1,1,2,1,1,1,2,1,2,1,3,1,3,1,1,3,2,1,1,4,2,1
"R_23UBUaxOmyUEQ2V",2,40,3,5,3,NA,-1,2,2,1,1,2,3,2,1,2,4,2,1,2,2,1,1,1,1,1,1,2
"R_23UBUaxOmyUEQ2V",2,40,3,5,3,NA,-1,3,2,1,2,1,1,1,1,1,2,2,2,3,1,2,3,1,1,2,3,1
"R_23UBUaxOmyUEQ2V",2,40,3,5,3,NA,-1,4,1,2,1,2,2,1,1,2,1,1,1,1,3,1,1,1,1,1,1,4
"R_3GuY9jdr2KuCK4P",1,42,6,3,2,0,NA,1,1,2,1,1,3,1,1,2,4,1,3,2,1,3,2,1,1,1,2,2
"R_3GuY9jdr2KuCK4P",1,42,6,3,2,0,NA,2,1,1,2,1,2,3,1,1,2,2,3,2,2,2,3,2,1,4,3,4
"R_3GuY9jdr2KuCK4P",1,42,6,3,2,0,NA,3,2,2,1,2,2,2,1,1,4,2,2,3,1,2,1,2,1,4,1,2
"R_3GuY9jdr2KuCK4P",1,42,6,3,2,0,NA,4,1,2,2,1,2,1,1,1,2,2,1,1,4,4,2,2,1,2,1,1
"R_339oxKltXskJJgQ",1,43,3,1,3,NA,0,1,1,1,1,2,2,2,1,1,2,2,2,2,1,3,2,1,1,4,2,3
"R_339oxKltXskJJgQ",1,43,3,1,3,NA,0,2,2,1,1,1,3,3,1,2,1,1,3,2,2,3,2,1,1,3,3,1
"R_339oxKltXskJJgQ",1,43,3,1,3,NA,0,3,3,1,2,1,3,2,1,2,1,1,3,2,2,2,2,1,1,2,1,3
"R_339oxKltXskJJgQ",1,43,3,1,3,NA,0,4,1,1,1,1,3,1,1,2,2,1,3,3,1,3,2,1,1,1,3,4
"R_2fcSz3C2FGHQ4Sr",1,26,3,1,3,NA,-1,1,1,2,1,1,3,1,1,2,4,1,2,1,1,1,1,1,1,3,1,1
"R_2fcSz3C2FGHQ4Sr",1,26,3,1,3,NA,-1,2,3,2,1,1,3,3,2,2,3,1,2,2,2,3,3,1,1,4,3,1
"R_2fcSz3C2FGHQ4Sr",1,26,3,1,3,NA,-1,3,2,2,1,1,2,1,1,2,2,1,2,1,3,2,2,1,1,4,3,2
"R_2fcSz3C2FGHQ4Sr",1,26,3,1,3,NA,-1,4,1,2,1,2,3,3,1,2,1,2,2,1,4,3,3,1,1,2,1,2
"R_10MoZDrMuLwYEoU",2,33,5,3,2,1,NA,1,3,2,1,2,2,1,1,1,3,2,2,1,3,4,2,2,1,4,2,4
"R_10MoZDrMuLwYEoU",2,33,5,3,2,1,NA,2,2,1,1,2,3,1,2,1,2,2,2,2,2,3,2,1,1,1,3,3
"R_10MoZDrMuLwYEoU",2,33,5,3,2,1,NA,3,3,2,2,1,2,1,1,1,1,2,2,2,4,3,2,2,1,2,1,1
"R_10MoZDrMuLwYEoU",2,33,5,3,2,1,NA,4,1,1,2,2,2,1,1,1,4,2,2,2,1,3,2,1,1,3,2,2
"R_z2LxPrGxtbiBHCp",1,41,2,2,1,0,NA,1,2,1,2,1,2,3,1,1,1,1,3,2,2,3,2,2,1,2,1,1
"R_z2LxPrGxtbiBHCp",1,41,2,2,1,0,NA,2,2,2,2,2,3,3,1,2,3,2,1,2,2,4,2,2,1,4,3,3
"R_z2LxPrGxtbiBHCp",1,41,2,2,1,0,NA,3,3,1,2,2,2,2,1,2,4,2,1,2,1,3,2,2,1,4,1,2
"R_z2LxPrGxtbiBHCp",1,41,2,2,1,0,NA,4,3,2,1,2,2,3,2,1,2,1,2,2,3,2,1,1,1,4,2,4
"R_1ogQVUPqmwjzIG5",1,40,5,3,3,NA,-1,1,2,1,2,2,2,1,1,1,2,2,1,2,2,3,2,1,1,3,1,3
"R_1ogQVUPqmwjzIG5",1,40,5,3,3,NA,-1,2,3,1,2,2,2,2,1,1,2,2,1,2,1,2,2,1,1,1,1,3
"R_1ogQVUPqmwjzIG5",1,40,5,3,3,NA,-1,3,3,2,1,2,2,1,1,1,3,2,1,2,1,2,2,2,1,4,2,3
"R_1ogQVUPqmwjzIG5",1,40,5,3,3,NA,-1,4,1,2,1,1,2,1,1,2,4,1,2,2,1,2,2,1,1,2,3,3
"R_25GSZpUZ5dFfw4I",1,43,4,3,1,1,NA,1,3,1,2,1,2,3,1,2,3,1,2,2,2,4,2,1,2,2,2,2
"R_25GSZpUZ5dFfw4I",1,43,4,3,1,1,NA,2,2,1,2,1,2,1,2,2,1,1,2,1,3,3,2,1,7,1,1,1
"R_25GSZpUZ5dFfw4I",1,43,4,3,1,1,NA,3,2,2,1,1,1,1,2,2,4,1,3,1,4,1,1,1,2,3,3,4
"R_25GSZpUZ5dFfw4I",1,43,4,3,1,1,NA,4,1,2,2,1,3,3,1,1,2,2,1,2,1,3,2,2,1,4,1,3
"R_265N5Tuzx5ZBYGN",2,39,6,4,2,1,NA,1,2,1,2,1,2,2,1,2,3,1,2,1,3,3,2,1,2,3,2,4
"R_265N5Tuzx5ZBYGN",2,39,6,4,2,1,NA,2,3,1,2,2,2,2,1,1,4,2,1,3,1,4,2,2,1,1,3,1
"R_265N5Tuzx5ZBYGN",2,39,6,4,2,1,NA,3,1,1,1,2,3,1,2,1,3,1,2,1,2,1,1,1,1,2,1,2
"R_265N5Tuzx5ZBYGN",2,39,6,4,2,1,NA,4,1,1,2,2,1,1,1,1,4,2,1,3,4,2,2,2,1,2,3,1
"R_1jqfpY26c2VBxhG",1,46,3,1,1,1,NA,1,3,2,1,1,1,1,2,2,3,1,3,2,1,2,1,1,3,3,1,1
"R_1jqfpY26c2VBxhG",1,46,3,1,1,1,NA,2,3,2,1,1,1,1,2,2,4,2,3,3,3,2,1,1,3,3,1,4
"R_1jqfpY26c2VBxhG",1,46,3,1,1,1,NA,3,1,2,2,1,2,3,1,2,2,1,1,1,2,3,3,2,2,1,2,2
"R_1jqfpY26c2VBxhG",1,46,3,1,1,1,NA,4,2,1,2,2,1,2,1,1,1,2,1,1,2,3,3,1,2,2,1,4
"R_2yf3fQS1Fz3zvDH",1,26,3,2,1,1,NA,1,1,1,2,1,3,1,1,2,2,2,1,2,1,3,2,1,1,2,1,2
"R_2yf3fQS1Fz3zvDH",1,26,3,2,1,1,NA,2,1,2,2,2,3,3,2,1,2,2,2,3,2,1,3,2,3,3,3,4
"R_2yf3fQS1Fz3zvDH",1,26,3,2,1,1,NA,3,2,1,2,2,2,1,1,2,1,1,3,1,4,2,2,1,2,1,2,1
"R_2yf3fQS1Fz3zvDH",1,26,3,2,1,1,NA,4,3,1,1,2,2,2,2,2,3,2,3,2,3,4,2,1,7,4,3,3
"R_3ReGCWWQoF9K5Wm",2,26,6,2,2,1,NA,1,1,2,2,2,2,2,1,1,1,2,1,2,1,3,2,2,1,2,2,2
"R_3ReGCWWQoF9K5Wm",2,26,6,2,2,1,NA,2,3,2,2,1,2,3,1,2,3,1,2,1,3,3,2,2,1,3,3,4
"R_3ReGCWWQoF9K5Wm",2,26,6,2,2,1,NA,3,2,2,2,1,2,1,2,2,4,1,2,1,3,3,2,1,1,1,1,3
"R_3ReGCWWQoF9K5Wm",2,26,6,2,2,1,NA,4,2,1,1,2,3,1,2,2,1,1,2,2,2,1,1,1,1,4,3,3
"R_bax7dKkKJXZYGo9",2,23,5,2,1,0,NA,1,3,1,1,2,2,3,2,2,1,1,2,2,2,4,2,1,7,4,1,3
"R_bax7dKkKJXZYGo9",2,23,5,2,1,0,NA,2,2,2,2,1,2,1,1,1,1,2,1,3,1,4,2,1,2,2,2,1
"R_bax7dKkKJXZYGo9",2,23,5,2,1,0,NA,3,2,2,1,2,3,3,1,1,2,2,2,2,2,4,2,2,1,3,3,1
"R_bax7dKkKJXZYGo9",2,23,5,2,1,0,NA,4,3,2,1,1,2,1,1,1,1,1,3,1,2,3,2,1,1,1,2,2
"R_3MfimgkDlM4UZnm",2,33,6,4,2,1,NA,1,3,1,1,1,3,3,2,2,1,1,3,3,2,3,2,1,1,1,3,3
"R_3MfimgkDlM4UZnm",2,33,6,4,2,1,NA,2,3,2,2,2,3,3,1,1,3,2,2,3,2,4,2,1,1,2,1,2
"R_3MfimgkDlM4UZnm",2,33,6,4,2,1,NA,3,3,1,2,1,3,3,1,2,2,1,2,3,2,3,2,2,1,1,1,2
"R_3MfimgkDlM4UZnm",2,33,6,4,2,1,NA,4,2,1,2,1,3,1,1,2,2,1,2,3,2,3,2,1,7,1,1,3
"R_DIzKQvq6ICfUdUt",2,27,3,5,2,0,NA,1,1,2,1,1,2,2,1,2,1,1,2,1,2,2,2,1,1,3,3,3
"R_DIzKQvq6ICfUdUt",2,27,3,5,2,0,NA,2,2,1,2,1,3,2,1,1,1,2,1,3,1,3,2,2,1,2,2,4
"R_DIzKQvq6ICfUdUt",2,27,3,5,2,0,NA,3,2,1,2,2,2,3,1,1,1,2,1,3,2,2,2,2,1,4,1,4
"R_DIzKQvq6ICfUdUt",2,27,3,5,2,0,NA,4,2,2,1,2,2,3,2,1,1,1,2,2,1,2,2,1,1,1,3,3
"R_pRiNsrt3gUKOfhD",2,36,5,1,4,NA,0,1,1,2,2,2,2,1,1,2,1,2,2,1,1,2,2,1,1,3,1,4
"R_pRiNsrt3gUKOfhD",2,36,5,1,4,NA,0,2,1,1,2,2,2,1,1,2,2,1,2,1,4,3,2,1,1,4,3,1
"R_pRiNsrt3gUKOfhD",2,36,5,1,4,NA,0,3,3,2,2,1,3,2,1,1,3,2,2,2,2,4,2,2,1,3,2,2
"R_pRiNsrt3gUKOfhD",2,36,5,1,4,NA,0,4,2,2,1,2,3,2,1,2,4,1,2,2,3,1,1,1,1,2,3,3
"R_zZo9O07u2skyC6l",2,32,2,1,1,0,NA,1,3,1,2,2,3,2,1,2,3,2,1,2,1,3,2,1,1,3,2,2
"R_zZo9O07u2skyC6l",2,32,2,1,1,0,NA,2,1,1,2,1,2,1,1,1,4,1,2,1,2,2,2,1,2,4,1,4
"R_zZo9O07u2skyC6l",2,32,2,1,1,0,NA,3,3,1,1,2,3,3,1,2,1,2,3,3,2,2,2,2,1,1,3,4
"R_zZo9O07u2skyC6l",2,32,2,1,1,0,NA,4,1,2,1,1,2,2,1,1,4,1,2,2,2,1,2,1,1,2,1,4
"R_3McxhFJr3YURwWa",1,35,3,2,3,NA,1,1,3,1,2,2,3,3,1,1,3,2,2,2,2,3,2,1,1,1,3,1
"R_3McxhFJr3YURwWa",1,35,3,2,3,NA,1,2,1,2,2,2,2,1,1,1,1,2,1,1,1,3,2,1,1,4,1,2
"R_3McxhFJr3YURwWa",1,35,3,2,3,NA,1,3,1,1,2,2,2,1,2,2,3,2,2,1,2,3,2,1,7,3,2,1
"R_3McxhFJr3YURwWa",1,35,3,2,3,NA,1,4,2,2,1,1,2,2,2,2,2,1,3,2,2,3,2,1,1,2,3,4
"R_8dFCTSwm6kW2xGh",2,40,4,1,1,1,NA,1,2,1,1,2,3,3,1,1,4,1,2,1,1,2,2,2,1,1,1,2
"R_8dFCTSwm6kW2xGh",2,40,4,1,1,1,NA,2,2,1,2,2,2,3,1,2,2,2,3,1,2,3,2,2,1,3,3,1
"R_8dFCTSwm6kW2xGh",2,40,4,1,1,1,NA,3,3,1,2,1,3,2,1,2,1,1,1,2,2,3,1,2,1,2,3,4
"R_8dFCTSwm6kW2xGh",2,40,4,1,1,1,NA,4,3,1,2,2,3,1,1,1,3,2,2,1,1,3,1,1,1,3,2,3
"R_3JDk5Hms38kA5La",1,67,5,2,2,1,NA,1,3,1,1,1,3,3,1,2,1,1,3,2,1,4,2,2,1,3,1,2
"R_3JDk5Hms38kA5La",1,67,5,2,2,1,NA,2,2,1,2,1,2,1,2,2,3,1,2,1,3,3,3,1,7,2,3,3
"R_3JDk5Hms38kA5La",1,67,5,2,2,1,NA,3,1,2,1,1,2,1,1,2,1,1,2,2,2,1,2,2,1,2,1,4
"R_3JDk5Hms38kA5La",1,67,5,2,2,1,NA,4,1,1,1,1,2,1,2,2,1,1,3,2,2,3,2,1,2,2,3,3
"R_2f9ufuT0ngVk4Qo",2,34,5,6,1,0,NA,1,3,1,2,2,2,3,1,1,3,2,1,2,2,3,2,2,1,3,1,1
"R_2f9ufuT0ngVk4Qo",2,34,5,6,1,0,NA,2,1,1,2,1,2,2,2,2,4,1,3,1,1,3,2,1,7,1,2,4
"R_2f9ufuT0ngVk4Qo",2,34,5,6,1,0,NA,3,2,1,1,1,2,3,1,1,2,1,3,2,2,2,3,1,7,2,3,4
"R_2f9ufuT0ngVk4Qo",2,34,5,6,1,0,NA,4,2,2,2,2,2,3,1,1,2,2,1,1,1,3,2,2,1,3,2,1
"R_2v98gMWyrTXOttw",2,34,5,4,3,NA,0,1,1,2,1,1,3,3,2,1,1,1,1,2,2,3,2,1,1,1,2,2
"R_2v98gMWyrTXOttw",2,34,5,4,3,NA,0,2,2,2,1,2,2,3,1,1,4,2,1,3,2,4,2,1,1,4,3,1
"R_2v98gMWyrTXOttw",2,34,5,4,3,NA,0,3,3,2,1,2,2,2,1,2,3,2,1,3,1,4,2,2,1,3,3,4
"R_2v98gMWyrTXOttw",2,34,5,4,3,NA,0,4,3,2,2,2,3,3,1,2,1,2,1,3,2,3,2,2,1,2,3,2
"R_Zel4iAe64goMatz",1,27,4,2,2,0,NA,1,3,2,1,1,3,2,1,2,3,1,2,2,2,1,1,2,1,2,2,2
"R_Zel4iAe64goMatz",1,27,4,2,2,0,NA,2,2,1,2,2,2,3,2,2,4,2,2,2,1,1,1,1,1,3,3,4
"R_Zel4iAe64goMatz",1,27,4,2,2,0,NA,3,2,1,2,1,1,1,1,2,1,2,2,1,4,2,3,1,3,4,3,3
"R_Zel4iAe64goMatz",1,27,4,2,2,0,NA,4,1,2,2,2,2,1,1,2,2,1,1,2,2,2,2,1,7,4,1,4
"R_3LXwquy5xjKM6u2",2,33,5,5,3,NA,1,1,3,1,1,1,3,3,1,2,4,1,3,3,2,3,2,2,1,4,2,4
"R_3LXwquy5xjKM6u2",2,33,5,5,3,NA,1,2,1,2,2,2,3,3,2,1,2,2,1,3,1,4,2,1,1,1,2,1
"R_3LXwquy5xjKM6u2",2,33,5,5,3,NA,1,3,2,2,2,2,3,2,1,1,1,2,1,3,2,4,3,2,1,2,3,2
"R_3LXwquy5xjKM6u2",2,33,5,5,3,NA,1,4,3,2,1,2,3,3,1,1,1,2,2,3,1,3,2,2,2,3,1,3
"R_2tsPdKmHg6BM7vp",2,41,4,3,1,1,NA,1,3,1,2,2,3,1,1,1,3,2,1,3,1,3,2,1,1,1,1,2
"R_2tsPdKmHg6BM7vp",2,41,4,3,1,1,NA,2,2,2,2,1,2,2,1,1,1,1,2,2,2,2,2,1,7,3,2,3
"R_2tsPdKmHg6BM7vp",2,41,4,3,1,1,NA,3,2,2,1,1,3,1,2,2,4,1,3,2,1,3,2,1,1,2,3,1
"R_2tsPdKmHg6BM7vp",2,41,4,3,1,1,NA,4,2,1,1,1,2,2,1,2,3,1,2,2,1,2,2,1,1,4,1,1
"R_3JKlwq0OHgNoa3j",1,26,5,2,3,NA,-1,1,3,1,2,1,3,3,1,2,2,1,3,3,2,4,2,2,1,2,3,4
"R_3JKlwq0OHgNoa3j",1,26,5,2,3,NA,-1,2,1,2,2,1,3,1,1,1,3,2,2,3,2,4,2,1,1,2,3,4
"R_3JKlwq0OHgNoa3j",1,26,5,2,3,NA,-1,3,2,2,2,1,3,3,1,1,3,2,2,3,2,4,2,1,1,2,3,4
"R_3JKlwq0OHgNoa3j",1,26,5,2,3,NA,-1,4,3,1,1,1,3,3,2,2,3,1,3,3,2,4,2,1,1,2,3,4
"R_3CVpsdPm4XEaS2J",2,56,5,2,2,1,NA,1,3,1,2,1,3,3,1,2,3,1,3,3,1,4,2,2,1,1,2,1
"R_3CVpsdPm4XEaS2J",2,56,5,2,2,1,NA,2,3,2,1,2,3,1,1,1,3,2,2,3,2,3,3,2,1,3,2,4
"R_3CVpsdPm4XEaS2J",2,56,5,2,2,1,NA,3,2,2,2,1,2,1,2,2,1,1,3,2,3,4,2,1,7,2,3,2
"R_3CVpsdPm4XEaS2J",2,56,5,2,2,1,NA,4,3,1,1,2,3,1,1,1,4,2,1,3,2,4,2,2,2,1,3,1
"R_3nefkQlm6BOkr5s",1,32,6,3,2,0,NA,1,1,2,2,2,3,2,1,1,4,2,1,1,1,4,2,1,1,4,1,3
"R_3nefkQlm6BOkr5s",1,32,6,3,2,0,NA,2,2,1,2,1,3,3,2,2,3,2,3,2,2,2,2,1,1,1,2,2
"R_3nefkQlm6BOkr5s",1,32,6,3,2,0,NA,3,2,1,2,2,2,1,1,1,1,2,1,1,3,3,2,2,1,2,1,4
"R_3nefkQlm6BOkr5s",1,32,6,3,2,0,NA,4,1,1,2,1,2,1,2,1,2,1,2,1,1,1,2,1,7,3,3,1
"R_2Tz66lWGSsddJAg",1,40,3,5,2,0,NA,1,2,1,1,1,2,2,1,2,3,1,3,2,4,3,2,1,1,1,1,3
"R_2Tz66lWGSsddJAg",1,40,3,5,2,0,NA,2,1,1,2,1,2,1,1,2,4,2,3,1,3,2,2,2,1,4,3,3
"R_2Tz66lWGSsddJAg",1,40,3,5,2,0,NA,3,1,2,2,1,2,1,2,2,1,2,2,1,2,2,2,1,1,3,2,4
"R_2Tz66lWGSsddJAg",1,40,3,5,2,0,NA,4,1,2,1,1,2,1,2,1,1,2,3,2,2,1,1,2,1,2,1,1
"R_RnvlFDJymzREawV",2,63,5,3,3,NA,0,1,2,1,2,2,2,3,2,1,3,2,2,1,1,4,2,1,1,1,2,1
"R_RnvlFDJymzREawV",2,63,5,3,3,NA,0,2,3,2,1,1,2,1,1,1,1,2,2,1,3,3,2,2,1,2,3,3
"R_RnvlFDJymzREawV",2,63,5,3,3,NA,0,3,2,1,2,2,2,3,1,2,2,1,3,1,2,2,2,1,1,4,2,4
"R_RnvlFDJymzREawV",2,63,5,3,3,NA,0,4,2,1,2,2,2,1,1,2,2,1,3,1,4,3,3,1,1,1,2,1
"R_2s4jmq3QaMwUYrd",2,23,3,4,3,NA,-1,1,2,1,1,1,3,2,2,2,3,1,2,2,2,3,2,1,1,4,1,3
"R_2s4jmq3QaMwUYrd",2,23,3,4,3,NA,-1,2,1,1,1,1,3,2,1,2,2,1,2,2,3,3,2,1,1,1,3,4
"R_2s4jmq3QaMwUYrd",2,23,3,4,3,NA,-1,3,2,1,1,2,3,3,1,1,1,1,1,2,2,4,2,1,1,3,2,1
"R_2s4jmq3QaMwUYrd",2,23,3,4,3,NA,-1,4,3,2,2,2,3,3,1,1,2,2,1,3,2,4,2,1,1,2,1,4
"R_2mkX12N4gHp5Fnj",2,44,4,3,3,NA,1,1,3,2,1,1,3,2,1,2,2,1,2,3,2,3,2,1,1,4,3,1
"R_2mkX12N4gHp5Fnj",2,44,4,3,3,NA,1,2,2,2,2,2,2,1,1,1,1,2,1,2,1,3,2,2,1,2,2,4
"R_2mkX12N4gHp5Fnj",2,44,4,3,3,NA,1,3,3,2,1,1,3,2,1,2,2,1,2,3,2,3,2,1,1,4,3,3
"R_2mkX12N4gHp5Fnj",2,44,4,3,3,NA,1,4,2,2,2,2,2,2,1,1,3,2,1,2,1,3,2,2,1,4,2,3
"R_3fYMH3R4517Henb",1,48,3,4,3,NA,1,1,3,1,2,1,2,1,1,1,1,2,2,2,2,3,2,2,1,4,2,4
"R_3fYMH3R4517Henb",1,48,3,4,3,NA,1,2,2,1,1,2,3,1,2,1,4,2,1,2,1,2,2,1,7,2,3,2
"R_3fYMH3R4517Henb",1,48,3,4,3,NA,1,3,3,2,2,1,2,3,1,2,2,2,3,1,1,4,2,2,1,1,1,1
"R_3fYMH3R4517Henb",1,48,3,4,3,NA,1,4,2,1,2,2,2,1,1,1,3,2,1,2,3,3,2,1,1,3,2,4
"R_3HhKAv91hSJrDFf",1,40,4,3,1,0,NA,1,1,2,1,1,2,1,2,2,3,1,3,1,1,3,2,1,1,1,1,3
"R_3HhKAv91hSJrDFf",1,40,4,3,1,0,NA,2,3,1,1,2,3,2,1,1,4,1,2,2,2,3,2,1,1,2,1,1
"R_3HhKAv91hSJrDFf",1,40,4,3,1,0,NA,3,3,2,2,2,3,3,1,1,1,2,1,3,2,4,2,2,1,4,2,4
"R_3HhKAv91hSJrDFf",1,40,4,3,1,0,NA,4,2,1,1,1,2,1,2,2,3,1,3,1,3,3,2,1,2,4,3,4
"R_2q8luoDfPZC6Wh6",1,32,2,1,2,0,NA,1,2,1,1,2,3,2,2,1,3,1,2,2,3,4,2,1,1,3,3,1
"R_2q8luoDfPZC6Wh6",1,32,2,1,2,0,NA,2,1,2,2,1,2,1,1,1,4,2,1,1,1,1,1,1,1,2,1,2
"R_2q8luoDfPZC6Wh6",1,32,2,1,2,0,NA,3,1,2,2,2,2,1,1,1,4,2,1,1,4,2,3,1,1,2,1,2
"R_2q8luoDfPZC6Wh6",1,32,2,1,2,0,NA,4,2,1,2,2,2,2,1,1,2,2,2,2,1,3,2,1,1,3,1,4
"R_1nOWMjk9DyYYBgJ",2,40,5,2,1,0,NA,1,2,2,1,1,2,3,1,1,1,1,3,2,2,3,2,1,1,4,2,3
"R_1nOWMjk9DyYYBgJ",2,40,5,2,1,0,NA,2,3,2,2,1,3,2,1,1,1,2,1,2,1,3,2,2,1,4,3,3
"R_1nOWMjk9DyYYBgJ",2,40,5,2,1,0,NA,3,2,2,2,1,3,2,1,1,3,2,1,2,1,3,2,2,1,1,1,3
"R_1nOWMjk9DyYYBgJ",2,40,5,2,1,0,NA,4,1,2,1,2,2,3,1,1,2,1,1,2,1,3,2,1,1,3,3,1
"R_2Ba01AmbnXoADuv",2,27,5,2,2,1,NA,1,3,2,1,1,3,3,1,1,4,2,2,1,1,1,2,1,1,4,3,2
"R_2Ba01AmbnXoADuv",2,27,5,2,2,1,NA,2,3,2,2,1,2,3,1,1,2,2,1,2,1,4,2,2,1,2,2,4
"R_2Ba01AmbnXoADuv",2,27,5,2,2,1,NA,3,1,2,2,1,2,1,1,1,1,2,1,1,2,3,2,2,1,3,1,3
"R_2Ba01AmbnXoADuv",2,27,5,2,2,1,NA,4,3,2,2,2,3,2,1,1,2,2,1,2,2,2,2,2,1,2,1,4
"R_sSWsF2MQDtmDBqF",1,26,4,1,2,1,NA,1,3,1,1,1,3,3,2,2,3,1,2,3,2,2,2,1,1,3,1,3
"R_sSWsF2MQDtmDBqF",1,26,4,1,2,1,NA,2,3,2,2,1,2,2,1,1,3,1,2,2,1,2,2,2,1,1,2,1
"R_sSWsF2MQDtmDBqF",1,26,4,1,2,1,NA,3,1,2,1,1,2,1,1,1,1,1,1,1,4,3,2,2,1,1,3,2
"R_sSWsF2MQDtmDBqF",1,26,4,1,2,1,NA,4,3,2,1,1,3,2,2,1,4,1,2,2,2,2,3,1,2,4,1,1
"R_1CljejVORf2KV9t",2,31,5,3,2,1,NA,1,1,1,1,2,2,1,1,1,1,2,2,2,1,2,2,1,7,1,2,3
"R_1CljejVORf2KV9t",2,31,5,3,2,1,NA,2,3,1,2,2,2,2,1,1,2,2,1,2,2,4,2,2,1,2,3,4
"R_1CljejVORf2KV9t",2,31,5,3,2,1,NA,3,3,2,2,2,2,3,1,2,4,2,2,2,1,3,1,2,7,1,1,1
"R_1CljejVORf2KV9t",2,31,5,3,2,1,NA,4,2,2,1,2,2,1,2,2,3,1,3,2,4,3,2,1,1,3,2,2
"R_bCLDZSwgSTJXHRT",1,29,2,2,2,0,NA,1,1,1,2,2,1,2,1,1,3,2,1,2,3,3,2,1,1,3,3,1
"R_bCLDZSwgSTJXHRT",1,29,2,2,2,0,NA,2,2,2,2,2,1,3,1,1,1,2,1,3,1,3,2,1,1,4,2,4
"R_bCLDZSwgSTJXHRT",1,29,2,2,2,0,NA,3,3,1,2,1,1,3,1,2,4,2,2,3,4,2,2,1,1,2,1,3
"R_bCLDZSwgSTJXHRT",1,29,2,2,2,0,NA,4,2,1,1,1,2,2,1,2,2,1,3,2,2,2,2,2,1,2,3,2
"R_pnsBOXilPgC1vhv",2,28,5,5,1,0,NA,1,2,1,1,1,3,3,1,2,3,1,3,3,2,2,3,1,1,2,3,2
"R_pnsBOXilPgC1vhv",2,28,5,5,1,0,NA,2,1,1,1,2,3,2,1,1,1,1,2,3,2,2,2,1,1,2,1,4
"R_pnsBOXilPgC1vhv",2,28,5,5,1,0,NA,3,1,2,1,2,3,3,1,1,4,1,1,3,2,2,2,1,1,1,3,3
"R_pnsBOXilPgC1vhv",2,28,5,5,1,0,NA,4,1,1,1,2,3,2,1,1,3,1,3,3,2,2,2,1,1,2,1,3
"R_ODRoPaI60JMSK7T",2,46,3,2,1,0,NA,1,3,1,2,2,3,3,1,1,2,2,1,3,2,3,2,1,1,4,1,2
"R_ODRoPaI60JMSK7T",2,46,3,2,1,0,NA,2,2,1,2,1,2,2,1,2,1,1,3,2,1,4,2,1,1,1,3,1
"R_ODRoPaI60JMSK7T",2,46,3,2,1,0,NA,3,1,1,1,1,2,1,2,2,3,1,3,2,1,1,1,1,1,2,2,3
"R_ODRoPaI60JMSK7T",2,46,3,2,1,0,NA,4,1,1,2,1,2,1,1,2,4,1,3,2,1,2,2,1,2,2,3,3
"R_2SdU2y288J0r2fd",2,42,3,1,1,0,NA,1,1,2,1,2,2,2,1,2,1,1,1,2,1,3,3,1,1,3,3,1
"R_2SdU2y288J0r2fd",2,42,3,1,1,0,NA,2,1,2,2,1,1,1,1,2,3,2,3,1,4,1,3,1,1,2,2,4
"R_2SdU2y288J0r2fd",2,42,3,1,1,0,NA,3,2,1,2,1,3,3,2,1,4,2,1,2,2,3,2,2,1,3,1,2
"R_2SdU2y288J0r2fd",2,42,3,1,1,0,NA,4,1,1,1,2,3,3,1,1,4,1,2,3,2,4,2,2,1,1,1,1
"R_3qC0F8xnH3FVotE",2,53,4,5,1,1,NA,1,2,1,1,2,2,2,1,1,3,2,1,1,1,1,1,1,1,2,1,3
"R_3qC0F8xnH3FVotE",2,53,4,5,1,1,NA,2,3,2,1,2,2,1,1,1,2,2,1,2,3,3,2,2,1,1,3,4
"R_3qC0F8xnH3FVotE",2,53,4,5,1,1,NA,3,1,2,2,2,3,3,1,2,1,2,3,3,2,2,3,1,1,3,2,2
"R_3qC0F8xnH3FVotE",2,53,4,5,1,1,NA,4,1,2,1,1,2,2,2,2,4,1,2,2,3,1,3,1,1,3,3,1
"R_2arWMVZncnXVn6x",2,37,6,1,3,NA,-1,1,1,2,1,2,2,2,1,2,4,1,3,2,2,2,2,1,1,3,3,3
"R_2arWMVZncnXVn6x",2,37,6,1,3,NA,-1,2,3,2,1,1,2,2,1,2,1,1,3,2,1,3,1,2,1,2,2,4
"R_2arWMVZncnXVn6x",2,37,6,1,3,NA,-1,3,2,1,1,2,2,3,1,2,2,1,3,2,2,2,2,2,2,4,3,2
"R_2arWMVZncnXVn6x",2,37,6,1,3,NA,-1,4,1,2,2,2,3,3,1,1,4,2,1,2,2,2,2,1,1,3,1,2
"R_30qtykSYaccY3YC",2,26,5,2,1,0,NA,1,2,2,1,2,2,2,1,1,3,2,1,3,2,4,2,2,1,1,2,1
"R_30qtykSYaccY3YC",2,26,5,2,1,0,NA,2,1,2,1,2,2,3,1,1,4,2,1,3,2,4,2,2,1,4,2,3
"R_30qtykSYaccY3YC",2,26,5,2,1,0,NA,3,2,2,2,1,2,3,1,2,2,1,3,1,3,2,3,1,2,2,3,1
"R_30qtykSYaccY3YC",2,26,5,2,1,0,NA,4,1,2,2,2,2,2,1,1,3,2,1,3,1,4,2,2,1,1,2,3
"R_3r1E2k5Y7bFs3tB",1,25,3,3,2,0,NA,1,1,2,2,2,3,3,1,1,4,2,1,3,2,4,2,2,1,4,1,2
"R_3r1E2k5Y7bFs3tB",1,25,3,3,2,0,NA,2,3,1,2,2,2,3,1,1,4,2,1,3,2,4,2,2,1,1,1,1
"R_3r1E2k5Y7bFs3tB",1,25,3,3,2,0,NA,3,3,2,1,2,2,2,1,1,2,1,2,2,1,3,2,2,1,3,3,1
"R_3r1E2k5Y7bFs3tB",1,25,3,3,2,0,NA,4,1,1,2,1,2,3,2,2,1,1,2,2,1,2,2,1,1,2,3,4
"R_1HnHeDNvxEKoV0w",2,30,4,2,1,0,NA,1,1,1,1,2,2,1,1,2,3,1,2,1,3,3,2,1,1,4,3,4
"R_1HnHeDNvxEKoV0w",2,30,4,2,1,0,NA,2,2,1,1,1,3,2,2,1,2,2,1,3,2,3,2,1,1,1,2,1
"R_1HnHeDNvxEKoV0w",2,30,4,2,1,0,NA,3,1,2,1,1,3,3,1,1,4,2,1,2,1,1,3,1,3,2,1,2
"R_1HnHeDNvxEKoV0w",2,30,4,2,1,0,NA,4,3,1,2,2,1,3,1,2,4,1,3,2,4,4,2,2,1,3,2,2
"R_1Q0Aywf0rWOCKq5",2,41,5,3,1,0,NA,1,1,2,2,1,2,1,1,1,1,2,2,1,1,3,2,1,1,2,1,3
"R_1Q0Aywf0rWOCKq5",2,41,5,3,1,0,NA,2,2,2,2,1,1,1,1,1,2,2,1,1,3,4,2,2,1,4,2,2
"R_1Q0Aywf0rWOCKq5",2,41,5,3,1,0,NA,3,2,1,2,1,2,1,2,2,2,2,2,1,1,3,3,1,1,1,3,2
"R_1Q0Aywf0rWOCKq5",2,41,5,3,1,0,NA,4,1,1,2,1,2,1,2,2,3,2,2,2,1,2,1,2,2,2,2,4
"R_3dF9ooVD7OofO0Z",2,36,3,3,3,NA,1,1,2,2,1,2,3,1,2,1,3,1,3,2,1,3,2,2,1,2,1,1
"R_3dF9ooVD7OofO0Z",2,36,3,3,3,NA,1,2,1,1,2,1,3,3,1,1,1,2,2,2,2,4,2,1,1,3,2,1
"R_3dF9ooVD7OofO0Z",2,36,3,3,3,NA,1,3,1,2,2,1,2,2,1,2,2,2,2,3,2,3,2,1,1,4,3,4
"R_3dF9ooVD7OofO0Z",2,36,3,3,3,NA,1,4,1,1,1,1,3,3,1,2,4,2,3,3,2,2,2,2,3,1,2,3
"R_2SpNaTctpn4GaUi",2,38,5,2,3,NA,0,1,2,1,1,2,3,1,1,1,4,2,3,3,1,2,2,2,1,3,2,1
"R_2SpNaTctpn4GaUi",2,38,5,2,3,NA,0,2,2,2,1,2,3,1,1,1,3,2,3,3,1,2,2,2,1,3,3,2
"R_2SpNaTctpn4GaUi",2,38,5,2,3,NA,0,3,2,1,2,2,3,1,1,1,1,2,3,3,1,2,2,2,1,4,1,3
"R_2SpNaTctpn4GaUi",2,38,5,2,3,NA,0,4,2,1,1,2,3,1,1,1,4,2,3,3,1,2,2,2,1,2,2,4
"R_1Fyp73gRvpMWVTs",1,25,5,3,3,NA,-1,1,2,2,2,2,3,3,1,1,2,2,1,3,2,4,2,1,1,2,2,3
"R_1Fyp73gRvpMWVTs",1,25,5,3,3,NA,-1,2,3,1,1,1,3,3,1,2,3,1,2,2,2,3,2,1,1,4,3,1
"R_1Fyp73gRvpMWVTs",1,25,5,3,3,NA,-1,3,1,1,1,2,2,1,2,1,1,1,2,2,1,3,2,1,1,4,2,4
"R_1Fyp73gRvpMWVTs",1,25,5,3,3,NA,-1,4,3,2,1,1,2,1,1,2,4,1,2,3,2,4,1,1,1,3,3,2
"R_2ZHrXC4BqUX7ZCP",1,31,3,3,1,0,NA,1,3,1,2,2,2,3,1,1,1,2,2,3,2,3,2,2,1,4,3,1
"R_2ZHrXC4BqUX7ZCP",1,31,3,3,1,0,NA,2,2,1,1,2,2,1,2,1,4,2,2,2,2,2,2,1,7,1,1,4
"R_2ZHrXC4BqUX7ZCP",1,31,3,3,1,0,NA,3,1,1,1,2,2,1,2,1,2,2,2,1,1,2,2,1,2,3,3,2
"R_2ZHrXC4BqUX7ZCP",1,31,3,3,1,0,NA,4,1,1,1,1,3,3,2,2,1,1,3,3,2,2,2,1,1,2,2,4
"R_Un1AyMmmGDNcZ0d",2,32,6,4,2,0,NA,1,2,1,1,1,3,2,1,2,2,1,3,2,2,3,2,1,1,4,3,3
"R_Un1AyMmmGDNcZ0d",2,32,6,4,2,0,NA,2,3,1,2,2,3,2,1,1,4,2,1,2,2,4,2,2,1,4,1,1
"R_Un1AyMmmGDNcZ0d",2,32,6,4,2,0,NA,3,3,2,2,2,3,2,1,1,2,2,1,2,2,4,2,2,1,2,1,1
"R_Un1AyMmmGDNcZ0d",2,32,6,4,2,0,NA,4,1,1,1,2,3,3,1,1,1,2,1,2,3,3,2,2,1,2,3,2
"R_2cjvI4C9nijugnR",2,48,3,3,3,NA,-1,1,1,2,1,1,2,1,1,2,1,1,3,1,2,3,2,1,1,3,3,3
"R_2cjvI4C9nijugnR",2,48,3,3,3,NA,-1,2,1,2,2,2,2,3,1,1,2,2,1,2,1,4,2,2,1,2,1,2
"R_2cjvI4C9nijugnR",2,48,3,3,3,NA,-1,3,1,1,1,1,2,1,2,2,3,1,2,1,3,2,2,1,3,1,2,1
"R_2cjvI4C9nijugnR",2,48,3,3,3,NA,-1,4,2,1,2,1,1,1,1,1,3,2,2,1,4,4,3,1,2,4,2,4
"R_SK7U86UKt6RslFv",1,29,3,2,3,NA,1,1,2,1,1,2,3,2,1,1,4,1,2,2,2,3,2,1,1,4,2,1
"R_SK7U86UKt6RslFv",1,29,3,2,3,NA,1,2,2,2,2,1,3,3,1,2,2,2,1,3,1,2,2,1,1,1,1,3
"R_SK7U86UKt6RslFv",1,29,3,2,3,NA,1,3,2,1,2,1,2,3,1,2,4,2,2,2,2,3,2,1,1,2,2,2
"R_SK7U86UKt6RslFv",1,29,3,2,3,NA,1,4,2,1,2,1,2,3,1,2,4,2,1,2,2,3,2,1,1,2,1,2
"R_1QlQsaxw8iYbSos",1,38,4,3,1,1,NA,1,2,2,2,1,2,3,1,1,3,2,3,2,1,3,2,2,1,4,3,1
"R_1QlQsaxw8iYbSos",1,38,4,3,1,1,NA,2,1,1,1,2,1,1,1,2,4,1,2,1,3,1,1,1,2,1,1,2
"R_1QlQsaxw8iYbSos",1,38,4,3,1,1,NA,3,2,2,2,1,2,3,1,1,2,2,2,2,1,2,3,2,1,3,3,1
"R_1QlQsaxw8iYbSos",1,38,4,3,1,1,NA,4,2,2,1,2,2,1,2,1,3,2,1,1,3,1,3,1,7,2,2,4
"R_1FFl8j2rzoIGxLZ",2,24,4,2,3,NA,-1,1,1,2,2,1,3,2,1,2,4,1,2,2,1,2,2,1,1,3,3,3
"R_1FFl8j2rzoIGxLZ",2,24,4,2,3,NA,-1,2,2,2,2,2,3,1,1,1,3,2,1,3,1,1,2,1,1,2,1,4
"R_1FFl8j2rzoIGxLZ",2,24,4,2,3,NA,-1,3,1,1,1,1,3,1,2,2,4,1,3,2,2,1,1,1,1,1,2,3
"R_1FFl8j2rzoIGxLZ",2,24,4,2,3,NA,-1,4,2,2,1,2,3,1,1,1,1,1,1,2,1,3,2,1,1,2,3,1
"R_A0uigrQ38qzvxXb",2,58,5,2,3,NA,-1,1,3,1,1,1,3,3,1,2,1,1,3,3,2,4,2,2,1,1,3,4
"R_A0uigrQ38qzvxXb",2,58,5,2,3,NA,-1,2,2,1,2,2,3,3,1,1,3,2,1,2,1,3,2,1,1,3,2,2
"R_A0uigrQ38qzvxXb",2,58,5,2,3,NA,-1,3,2,2,2,2,2,3,2,1,4,2,1,2,3,3,2,1,1,1,1,3
"R_A0uigrQ38qzvxXb",2,58,5,2,3,NA,-1,4,3,1,1,1,3,2,1,2,3,1,3,3,1,4,2,2,2,2,1,1
"R_3irQ7XYHSC7DdWY",1,37,3,3,3,NA,-1,1,2,1,1,2,2,3,2,2,1,1,3,1,2,3,3,1,1,2,3,2
"R_3irQ7XYHSC7DdWY",1,37,3,3,3,NA,-1,2,2,1,1,1,2,3,2,2,1,1,3,2,1,3,3,1,1,3,2,3
"R_3irQ7XYHSC7DdWY",1,37,3,3,3,NA,-1,3,3,1,2,1,2,2,1,1,2,2,2,2,2,3,2,2,1,4,1,2
"R_3irQ7XYHSC7DdWY",1,37,3,3,3,NA,-1,4,3,1,1,1,3,3,1,1,3,1,2,3,1,4,2,2,1,3,3,1
"R_3O8IYDjxWDW4ROq",1,41,3,2,3,NA,1,1,1,1,1,1,2,3,1,2,3,1,3,2,2,3,2,1,1,1,2,1
"R_3O8IYDjxWDW4ROq",1,41,3,2,3,NA,1,2,2,1,2,1,2,1,1,2,1,1,2,1,1,4,2,2,1,4,3,2
"R_3O8IYDjxWDW4ROq",1,41,3,2,3,NA,1,3,2,1,2,2,2,1,2,1,2,2,2,1,2,2,2,1,2,2,1,3
"R_3O8IYDjxWDW4ROq",1,41,3,2,3,NA,1,4,1,1,2,1,2,1,1,2,3,1,3,2,3,3,2,1,1,3,2,4
"R_usIX3uQVOo2oTS1",1,43,5,5,1,1,NA,1,3,2,2,2,3,3,1,1,3,2,1,3,2,3,2,2,1,3,2,1
"R_usIX3uQVOo2oTS1",1,43,5,5,1,1,NA,2,2,2,1,2,2,2,1,1,1,2,3,2,2,2,2,1,7,1,1,2
"R_usIX3uQVOo2oTS1",1,43,5,5,1,1,NA,3,3,2,1,2,3,2,1,1,2,2,3,2,1,3,2,1,1,4,3,3
"R_usIX3uQVOo2oTS1",1,43,5,5,1,1,NA,4,1,2,1,1,2,1,1,2,4,1,3,2,2,2,2,1,1,2,3,4
"R_3dEA4efHrlFMGR0",1,23,5,3,1,1,NA,1,2,1,2,1,2,1,1,1,3,1,2,1,2,2,2,2,2,3,2,2
"R_3dEA4efHrlFMGR0",1,23,5,3,1,1,NA,2,2,2,2,2,3,3,1,1,4,2,1,2,1,4,1,1,1,2,3,1
"R_3dEA4efHrlFMGR0",1,23,5,3,1,1,NA,3,3,2,2,1,1,2,1,2,3,2,1,1,4,2,3,2,1,1,2,3
"R_3dEA4efHrlFMGR0",1,23,5,3,1,1,NA,4,2,1,1,1,2,3,1,2,4,1,3,3,2,2,2,1,7,4,1,3
"R_3agBGBwz6N4CyJn",1,57,3,1,1,0,NA,1,1,1,1,2,3,1,2,2,3,1,3,1,1,4,2,1,1,1,3,2
"R_3agBGBwz6N4CyJn",1,57,3,1,1,0,NA,2,1,2,1,2,2,3,1,1,1,2,1,2,1,1,2,2,1,1,2,3
"R_3agBGBwz6N4CyJn",1,57,3,1,1,0,NA,3,2,2,1,1,2,1,2,2,2,1,2,1,3,1,2,1,1,1,2,4
"R_3agBGBwz6N4CyJn",1,57,3,1,1,0,NA,4,3,2,1,2,3,2,1,1,1,2,1,3,2,4,2,2,2,3,1,1
"R_26o5QcHaQFAcqp9",2,33,5,2,3,NA,-1,1,3,2,2,2,3,3,1,1,3,2,1,3,2,4,2,1,1,1,1,2
"R_26o5QcHaQFAcqp9",2,33,5,2,3,NA,-1,2,1,2,1,2,2,1,1,1,2,2,2,2,2,3,2,1,1,3,2,1
"R_26o5QcHaQFAcqp9",2,33,5,2,3,NA,-1,3,2,1,2,1,2,3,2,2,1,1,3,2,1,3,2,1,1,2,3,3
"R_26o5QcHaQFAcqp9",2,33,5,2,3,NA,-1,4,1,1,1,1,3,1,1,2,4,1,3,1,3,1,1,1,2,4,3,4
"R_2Cq7TaF4t6NsJR5",1,27,5,4,2,0,NA,1,3,2,2,1,3,2,1,1,3,2,2,3,1,3,2,2,1,2,3,2
"R_2Cq7TaF4t6NsJR5",1,27,5,4,2,0,NA,2,1,1,1,2,2,3,1,1,3,1,1,2,2,4,2,2,1,1,2,4
"R_2Cq7TaF4t6NsJR5",1,27,5,4,2,0,NA,3,1,1,1,1,2,2,1,2,3,1,2,1,1,3,2,1,1,1,3,1
"R_2Cq7TaF4t6NsJR5",1,27,5,4,2,0,NA,4,1,1,1,1,3,3,2,2,1,1,2,2,1,1,2,1,1,2,3,2
"R_8p7idbJwONWshNf",2,35,4,3,3,NA,-1,1,2,2,1,1,2,3,1,2,3,2,3,2,2,3,2,1,1,4,2,4
"R_8p7idbJwONWshNf",2,35,4,3,3,NA,-1,2,3,1,2,2,3,2,1,1,2,2,1,3,1,4,2,2,1,3,2,3
"R_8p7idbJwONWshNf",2,35,4,3,3,NA,-1,3,1,2,1,2,2,3,2,2,3,1,2,2,2,1,3,1,7,4,3,4
"R_8p7idbJwONWshNf",2,35,4,3,3,NA,-1,4,3,2,2,1,3,3,1,2,3,2,2,3,1,3,2,2,1,1,3,2
"R_1LUqz5VLyW5FzHl",1,33,5,2,2,1,NA,1,1,1,1,1,3,1,1,2,3,1,3,2,1,3,2,1,1,3,2,3
"R_1LUqz5VLyW5FzHl",1,33,5,2,2,1,NA,2,1,1,1,2,2,1,2,1,1,1,2,2,1,3,2,1,1,2,3,4
"R_1LUqz5VLyW5FzHl",1,33,5,2,2,1,NA,3,3,1,1,2,3,3,1,1,2,2,2,2,2,3,2,2,1,1,1,3
"R_1LUqz5VLyW5FzHl",1,33,5,2,2,1,NA,4,3,1,1,2,3,3,1,1,3,2,2,2,1,3,2,1,1,3,1,2
"R_b1VutE8NKeD9OWl",2,42,6,3,2,0,NA,1,3,2,2,1,3,3,1,1,2,2,1,3,1,4,2,1,1,3,1,1
"R_b1VutE8NKeD9OWl",2,42,6,3,2,0,NA,2,1,1,1,1,2,1,2,2,3,1,3,1,3,2,2,1,1,4,3,4
"R_b1VutE8NKeD9OWl",2,42,6,3,2,0,NA,3,2,2,1,2,2,3,1,1,1,2,2,2,2,3,3,2,2,1,1,3
"R_b1VutE8NKeD9OWl",2,42,6,3,2,0,NA,4,3,1,2,1,1,2,1,2,4,1,3,2,4,3,3,2,7,2,2,2
"R_2RUgmEpDraEbxKk",2,54,5,5,3,NA,-1,1,3,1,2,2,1,1,1,1,3,2,1,1,2,3,2,2,1,1,3,4
"R_2RUgmEpDraEbxKk",2,54,5,5,3,NA,-1,2,2,1,1,2,2,3,1,2,1,1,3,2,2,2,2,1,1,4,1,1
"R_2RUgmEpDraEbxKk",2,54,5,5,3,NA,-1,3,1,2,1,1,2,3,2,1,2,1,3,2,2,2,2,1,1,2,1,3
"R_2RUgmEpDraEbxKk",2,54,5,5,3,NA,-1,4,1,2,2,2,2,1,1,1,3,2,1,2,2,2,2,1,1,3,3,1
"R_Z91XSmb6bJRNIA1",1,51,5,2,1,0,NA,1,3,2,1,2,2,1,2,2,1,2,2,2,1,3,1,1,1,2,3,4
"R_Z91XSmb6bJRNIA1",1,51,5,2,1,0,NA,2,3,1,1,2,2,1,1,2,4,1,2,2,1,3,2,2,2,3,1,2
"R_Z91XSmb6bJRNIA1",1,51,5,2,1,0,NA,3,1,1,1,1,3,1,1,2,3,1,3,3,2,4,2,1,1,4,1,3
"R_Z91XSmb6bJRNIA1",1,51,5,2,1,0,NA,4,3,1,2,2,2,2,2,1,1,1,1,2,3,3,3,2,1,1,3,1
"R_3RxcoinFX3PwT8V",2,31,4,2,2,0,NA,1,3,1,1,2,3,1,1,1,3,1,1,2,1,3,1,1,1,1,1,1
"R_3RxcoinFX3PwT8V",2,31,4,2,2,0,NA,2,1,1,2,2,3,1,1,2,3,2,1,2,2,3,2,2,1,3,2,2
"R_3RxcoinFX3PwT8V",2,31,4,2,2,0,NA,3,1,1,2,2,3,1,2,2,3,1,3,2,1,2,1,2,1,2,3,3
"R_3RxcoinFX3PwT8V",2,31,4,2,2,0,NA,4,3,2,1,2,3,1,2,2,3,1,2,3,2,2,3,2,1,3,1,1
"R_3iX3fq67h2sheOq",2,31,5,6,2,0,NA,1,2,1,2,2,3,3,1,1,4,2,1,3,2,3,2,2,1,4,2,3
"R_3iX3fq67h2sheOq",2,31,5,6,2,0,NA,2,3,2,1,1,2,3,1,2,3,1,2,1,1,4,2,1,1,1,3,1
"R_3iX3fq67h2sheOq",2,31,5,6,2,0,NA,3,2,1,2,1,2,2,2,2,1,1,2,1,3,3,3,1,1,3,1,2
"R_3iX3fq67h2sheOq",2,31,5,6,2,0,NA,4,1,1,2,1,1,1,1,1,4,1,3,1,4,4,2,1,7,2,3,3
"R_byzhhqw8hyEnzsR",2,24,2,2,2,1,NA,1,1,2,2,1,1,1,1,2,2,2,2,1,4,3,2,1,1,4,3,3
"R_byzhhqw8hyEnzsR",2,24,2,2,2,1,NA,2,3,1,1,1,3,3,2,1,4,1,3,3,1,4,2,2,3,1,1,1
"R_byzhhqw8hyEnzsR",2,24,2,2,2,1,NA,3,3,1,2,1,1,1,1,2,2,2,1,1,4,1,3,1,1,4,3,3
"R_byzhhqw8hyEnzsR",2,24,2,2,2,1,NA,4,2,2,2,2,1,1,1,2,2,2,1,1,4,1,3,1,1,4,3,3
"R_8dgzjG6SJq01clj",1,40,3,2,4,NA,0,1,1,1,1,1,3,1,2,2,3,1,3,1,2,2,3,1,1,1,2,3
"R_8dgzjG6SJq01clj",1,40,3,2,4,NA,0,2,2,1,2,2,3,3,1,1,1,2,1,3,1,3,2,2,1,1,1,4
"R_8dgzjG6SJq01clj",1,40,3,2,4,NA,0,3,2,1,1,2,3,3,1,1,1,2,1,2,1,3,2,2,1,2,1,3
"R_8dgzjG6SJq01clj",1,40,3,2,4,NA,0,4,3,2,2,2,3,2,1,1,1,2,1,3,2,4,2,1,1,3,1,4
"R_cM6VvBoh9WFC5Lv",1,36,3,4,3,NA,0,1,1,1,2,2,2,1,1,1,1,2,1,3,2,2,2,1,1,4,3,4
"R_cM6VvBoh9WFC5Lv",1,36,3,4,3,NA,0,2,1,2,2,1,3,3,2,1,4,2,1,3,1,1,3,1,2,2,1,1
"R_cM6VvBoh9WFC5Lv",1,36,3,4,3,NA,0,3,1,1,2,2,1,2,1,2,2,1,1,2,4,4,1,2,7,1,2,2
"R_cM6VvBoh9WFC5Lv",1,36,3,4,3,NA,0,4,1,2,2,2,3,3,2,1,3,2,1,1,3,3,1,1,3,3,3,3
"R_3pm5Tv4q4jrwt6f",2,26,3,2,3,NA,0,1,3,1,2,2,2,3,1,1,2,2,1,3,2,4,2,2,1,1,1,1
"R_3pm5Tv4q4jrwt6f",2,26,3,2,3,NA,0,2,2,2,1,1,2,3,1,2,1,1,3,3,2,4,2,1,1,2,2,3
"R_3pm5Tv4q4jrwt6f",2,26,3,2,3,NA,0,3,3,1,1,1,2,3,1,2,4,1,2,3,2,4,2,1,1,1,1,2
"R_3pm5Tv4q4jrwt6f",2,26,3,2,3,NA,0,4,3,2,1,1,2,3,1,2,3,1,2,3,2,4,2,1,1,1,3,4
"R_2fIKRLzrsHQO8KH",1,20,3,2,3,NA,1,1,1,2,2,2,2,1,1,1,1,2,1,3,2,4,2,2,1,4,3,2
"R_2fIKRLzrsHQO8KH",1,20,3,2,3,NA,1,2,1,1,2,1,2,1,1,1,1,2,1,3,2,4,2,2,1,4,3,2
"R_2fIKRLzrsHQO8KH",1,20,3,2,3,NA,1,3,2,1,2,1,2,1,1,1,1,2,1,3,2,4,2,2,1,4,3,2
"R_2fIKRLzrsHQO8KH",1,20,3,2,3,NA,1,4,1,2,2,1,2,1,1,1,2,2,1,3,2,4,2,2,1,4,3,2
"R_ulVu9E9743a8Ih3",2,24,3,2,2,0,NA,1,3,1,2,2,2,3,1,2,2,2,1,3,1,2,2,2,1,2,1,3
"R_ulVu9E9743a8Ih3",2,24,3,2,2,0,NA,2,2,2,1,2,3,2,1,1,4,1,2,2,2,3,2,2,1,4,3,4
"R_ulVu9E9743a8Ih3",2,24,3,2,2,0,NA,3,2,2,2,2,2,1,1,2,1,2,1,1,3,2,2,1,1,1,2,2
"R_ulVu9E9743a8Ih3",2,24,3,2,2,0,NA,4,2,1,2,2,1,1,1,2,4,2,3,1,4,1,3,1,1,3,1,1
"R_2y0XeUFW0y19dCB",2,38,2,3,3,NA,-1,1,2,2,1,2,3,3,1,1,4,2,1,2,2,3,2,2,1,1,2,1
"R_2y0XeUFW0y19dCB",2,38,2,3,3,NA,-1,2,3,1,1,1,2,3,1,1,1,1,2,1,1,4,2,2,1,2,2,3
"R_2y0XeUFW0y19dCB",2,38,2,3,3,NA,-1,3,1,2,1,2,3,1,1,1,2,2,1,2,1,3,3,1,1,4,1,2
"R_2y0XeUFW0y19dCB",2,38,2,3,3,NA,-1,4,3,1,1,1,2,3,1,1,2,1,2,1,1,4,2,2,1,2,3,3
"R_3DnCqVqetLCamr6",1,27,5,3,3,NA,-1,1,3,2,1,1,3,3,1,2,1,1,3,3,2,3,2,1,1,4,3,3
"R_3DnCqVqetLCamr6",1,27,5,3,3,NA,-1,2,1,2,2,2,3,2,1,1,2,2,1,3,1,4,2,1,1,2,1,4
"R_3DnCqVqetLCamr6",1,27,5,3,3,NA,-1,3,3,1,2,1,2,3,1,2,2,1,3,3,1,2,2,1,1,2,2,2
"R_3DnCqVqetLCamr6",1,27,5,3,3,NA,-1,4,3,2,1,2,3,1,1,1,1,2,2,3,1,3,2,1,1,1,2,1
"R_3QQ3RxsDB6mNQXQ",1,27,4,2,3,NA,-1,1,1,1,2,1,2,2,1,2,1,2,2,3,2,3,2,2,7,2,2,1
"R_3QQ3RxsDB6mNQXQ",1,27,4,2,3,NA,-1,2,3,2,2,1,2,3,1,1,2,2,1,3,1,3,2,2,1,3,3,1
"R_3QQ3RxsDB6mNQXQ",1,27,4,2,3,NA,-1,3,2,2,2,1,2,3,2,2,3,2,2,2,2,3,3,1,1,1,3,1
"R_3QQ3RxsDB6mNQXQ",1,27,4,2,3,NA,-1,4,1,2,2,2,2,2,1,1,2,2,1,3,1,3,3,1,1,4,1,1
"R_1FRDPCkqfbZOIzG",2,30,5,2,2,1,NA,1,2,2,2,1,3,1,1,2,2,2,2,2,2,1,2,2,1,1,3,1
"R_1FRDPCkqfbZOIzG",2,30,5,2,2,1,NA,2,3,2,2,1,2,2,1,1,4,2,1,1,1,3,2,2,1,2,1,2
"R_1FRDPCkqfbZOIzG",2,30,5,2,2,1,NA,3,2,1,2,1,3,3,1,2,3,2,2,3,2,4,2,1,1,4,3,3
"R_1FRDPCkqfbZOIzG",2,30,5,2,2,1,NA,4,2,1,1,1,2,1,1,2,4,1,3,2,2,2,2,1,2,3,2,4
"R_2D2BiwRIf4xJEah",1,40,3,2,2,1,NA,1,1,2,2,2,2,1,1,1,4,2,1,2,1,3,2,1,1,1,3,2
"R_2D2BiwRIf4xJEah",1,40,3,2,2,1,NA,2,3,1,1,2,3,3,1,2,1,1,3,2,2,3,2,1,1,2,1,3
"R_2D2BiwRIf4xJEah",1,40,3,2,2,1,NA,3,3,1,1,1,2,3,1,2,1,1,3,2,2,3,2,1,1,4,2,4
"R_2D2BiwRIf4xJEah",1,40,3,2,2,1,NA,4,2,2,1,1,2,1,1,1,4,2,2,1,3,2,2,1,1,3,1,4
"R_1OpOPdQjQXVxfwv",2,40,4,3,3,NA,-1,1,1,1,2,2,2,1,1,1,3,2,1,2,2,3,2,1,1,2,3,1
"R_1OpOPdQjQXVxfwv",2,40,4,3,3,NA,-1,2,1,2,2,1,2,1,1,2,2,2,2,2,3,2,2,1,1,3,1,2
"R_1OpOPdQjQXVxfwv",2,40,4,3,3,NA,-1,3,2,1,1,1,3,3,2,2,3,1,2,3,2,3,3,1,1,1,1,1
"R_1OpOPdQjQXVxfwv",2,40,4,3,3,NA,-1,4,3,1,1,1,2,3,1,2,2,1,2,2,1,2,1,2,7,4,3,2
"R_3eq0DpoZprbMbiu",2,54,4,3,2,1,NA,1,2,1,1,1,3,3,1,2,3,1,3,3,2,3,2,1,1,1,3,2
"R_3eq0DpoZprbMbiu",2,54,4,3,2,1,NA,2,2,1,2,1,3,3,1,1,2,2,1,3,2,3,2,1,1,3,2,4
"R_3eq0DpoZprbMbiu",2,54,4,3,2,1,NA,3,3,2,2,1,3,3,1,1,1,2,1,3,2,3,2,2,1,2,1,3
"R_3eq0DpoZprbMbiu",2,54,4,3,2,1,NA,4,1,1,2,2,3,3,1,1,2,1,2,3,2,3,2,2,1,4,1,3
"R_3EqIQ2RkKdCoYg1",2,40,6,4,3,NA,0,1,2,1,2,2,2,3,1,1,1,2,1,1,3,3,2,1,1,1,3,2
"R_3EqIQ2RkKdCoYg1",2,40,6,4,3,NA,0,2,3,1,2,2,2,2,1,1,2,2,1,3,2,4,2,2,1,4,2,3
"R_3EqIQ2RkKdCoYg1",2,40,6,4,3,NA,0,3,3,1,1,1,2,3,1,2,4,1,3,3,2,4,2,2,1,3,1,1
"R_3EqIQ2RkKdCoYg1",2,40,6,4,3,NA,0,4,1,2,1,1,2,3,2,2,3,1,3,2,2,3,2,1,1,4,3,4
"R_3DkCU7qPistpQaf",2,30,6,1,2,1,NA,1,2,2,1,1,3,2,1,2,1,1,2,2,2,2,2,1,1,1,3,2
"R_3DkCU7qPistpQaf",2,30,6,1,2,1,NA,2,1,2,1,1,3,1,1,2,3,1,3,2,1,2,2,1,1,2,2,4
"R_3DkCU7qPistpQaf",2,30,6,1,2,1,NA,3,3,1,2,2,2,3,1,1,4,2,1,3,1,3,2,2,1,2,1,3
"R_3DkCU7qPistpQaf",2,30,6,1,2,1,NA,4,3,1,1,1,3,3,1,2,1,1,2,3,2,3,2,1,1,1,1,1
"R_3n7uHEQb1JEi24e",1,25,5,4,4,NA,1,1,2,2,2,2,1,1,1,1,2,2,1,1,1,4,2,2,1,2,2,1
"R_3n7uHEQb1JEi24e",1,25,5,4,4,NA,1,2,1,1,1,1,2,1,2,2,3,1,3,1,3,1,1,1,2,1,1,4
"R_3n7uHEQb1JEi24e",1,25,5,4,4,NA,1,3,2,2,1,1,2,1,1,1,2,2,2,1,2,3,2,1,1,4,2,2
"R_3n7uHEQb1JEi24e",1,25,5,4,4,NA,1,4,2,2,2,1,2,2,1,1,1,2,2,1,4,3,2,1,1,4,3,3
"R_1gja7mepZbM9boH",2,27,3,2,3,NA,0,1,3,1,2,2,2,3,1,1,4,2,1,2,1,4,2,1,1,4,2,3
"R_1gja7mepZbM9boH",2,27,3,2,3,NA,0,2,2,2,1,2,2,1,2,1,4,2,2,2,2,3,2,1,1,1,1,4
"R_1gja7mepZbM9boH",2,27,3,2,3,NA,0,3,2,1,1,2,2,2,2,1,2,1,1,2,1,3,2,1,1,4,3,2
"R_1gja7mepZbM9boH",2,27,3,2,3,NA,0,4,3,1,2,1,3,3,1,2,3,1,1,3,2,4,2,2,1,2,2,1
"R_1BWnOEiQDh7fC2f",1,53,5,3,1,0,NA,1,2,2,1,1,3,1,1,2,1,1,3,3,2,2,1,2,1,1,1,4
"R_1BWnOEiQDh7fC2f",1,53,5,3,1,0,NA,2,3,1,2,1,2,2,2,2,1,1,3,2,2,3,2,1,1,3,3,1
"R_1BWnOEiQDh7fC2f",1,53,5,3,1,0,NA,3,3,2,2,2,3,2,1,1,2,2,1,3,2,4,2,1,1,1,2,2
"R_1BWnOEiQDh7fC2f",1,53,5,3,1,0,NA,4,2,1,2,1,3,1,2,2,4,1,3,3,1,2,2,1,7,1,1,2
"R_3PHPix2uoTZF3a6",1,31,4,2,3,NA,1,1,3,2,1,2,2,2,1,1,4,1,2,3,1,3,2,1,1,2,1,3
"R_3PHPix2uoTZF3a6",1,31,4,2,3,NA,1,2,1,2,2,2,2,3,1,1,3,2,2,2,2,3,3,2,1,3,3,1
"R_3PHPix2uoTZF3a6",1,31,4,2,3,NA,1,3,1,2,2,2,2,3,2,2,3,2,2,2,2,4,2,1,1,1,1,4
"R_3PHPix2uoTZF3a6",1,31,4,2,3,NA,1,4,3,1,1,1,2,3,2,2,2,1,3,3,2,3,2,1,2,4,1,1
"R_3HG0PtxORyfYYgR",1,39,6,4,2,0,NA,1,1,2,1,1,2,1,2,2,1,1,3,1,3,1,1,1,1,4,1,2
"R_3HG0PtxORyfYYgR",1,39,6,4,2,0,NA,2,1,1,2,2,3,3,1,1,2,2,1,2,1,3,2,2,1,1,2,4
"R_3HG0PtxORyfYYgR",1,39,6,4,2,0,NA,3,3,1,2,2,2,1,1,1,4,2,1,1,2,4,2,2,2,2,3,3
"R_3HG0PtxORyfYYgR",1,39,6,4,2,0,NA,4,2,2,1,2,2,1,2,1,3,2,2,2,2,3,3,1,1,1,1,1
"R_2YakT5R1sczuWF8",2,24,5,4,2,1,NA,1,2,2,2,2,2,2,1,1,4,2,1,3,2,3,3,1,1,3,3,4
"R_2YakT5R1sczuWF8",2,24,5,4,2,1,NA,2,1,1,1,2,3,1,2,2,1,1,1,3,3,3,3,1,2,4,2,1
"R_2YakT5R1sczuWF8",2,24,5,4,2,1,NA,3,2,1,1,1,2,2,1,2,3,1,1,3,4,3,2,1,1,1,2,2
"R_2YakT5R1sczuWF8",2,24,5,4,2,1,NA,4,1,1,1,2,2,3,1,1,3,2,2,3,4,2,3,1,1,3,1,3
"R_cuA12csWjrhYLoR",1,49,5,4,1,0,NA,1,1,2,1,2,2,3,1,1,3,2,1,2,2,3,2,2,1,1,3,3
"R_cuA12csWjrhYLoR",1,49,5,4,1,0,NA,2,1,2,1,2,2,3,1,1,3,2,1,2,2,3,2,2,1,2,1,1
"R_cuA12csWjrhYLoR",1,49,5,4,1,0,NA,3,1,2,2,1,2,3,1,2,1,1,3,2,2,2,3,1,1,4,2,4
"R_cuA12csWjrhYLoR",1,49,5,4,1,0,NA,4,3,1,2,1,2,3,1,2,1,1,3,2,1,2,2,1,2,2,1,4
"R_23fyf26JTnSEthc",2,30,3,1,3,NA,0,1,3,2,2,1,3,2,1,1,3,2,1,3,1,1,3,1,1,2,2,1
"R_23fyf26JTnSEthc",2,30,3,1,3,NA,0,2,1,2,2,1,2,3,1,2,4,2,2,2,2,3,2,1,2,1,3,3
"R_23fyf26JTnSEthc",2,30,3,1,3,NA,0,3,3,1,1,2,3,3,2,1,1,1,3,2,3,3,2,1,1,3,3,2
"R_23fyf26JTnSEthc",2,30,3,1,3,NA,0,4,3,2,1,1,2,3,2,1,1,1,3,3,1,2,3,1,1,4,1,4
"R_2qEmFIJopevBwre",1,36,5,5,3,NA,0,1,3,2,2,1,3,2,1,1,2,2,1,3,2,4,2,2,1,1,2,1
"R_2qEmFIJopevBwre",1,36,5,5,3,NA,0,2,1,1,1,1,3,3,1,2,3,1,3,3,2,4,2,1,1,1,3,1
"R_2qEmFIJopevBwre",1,36,5,5,3,NA,0,3,3,2,2,1,3,2,1,1,2,2,1,3,2,4,2,2,1,1,3,1
"R_2qEmFIJopevBwre",1,36,5,5,3,NA,0,4,3,2,2,2,3,2,1,1,1,2,1,3,2,4,2,2,1,1,3,1
"R_2asIDkUabOP8hMk",2,28,4,2,2,0,NA,1,1,1,1,2,2,2,2,2,2,1,2,3,1,3,2,2,1,4,1,3
"R_2asIDkUabOP8hMk",2,28,4,2,2,0,NA,2,1,2,1,2,2,3,1,1,4,2,1,3,1,3,3,2,1,3,3,2
"R_2asIDkUabOP8hMk",2,28,4,2,2,0,NA,3,3,2,1,1,2,3,1,2,3,2,2,3,2,3,2,2,1,1,2,1
"R_2asIDkUabOP8hMk",2,28,4,2,2,0,NA,4,2,1,1,2,2,2,2,1,1,1,2,2,4,2,2,2,1,1,2,4
"R_2uOGVGToD3rG2ZJ",1,20,3,1,1,0,NA,1,1,2,2,2,3,1,1,1,3,2,1,3,1,2,2,1,1,1,1,3
"R_2uOGVGToD3rG2ZJ",1,20,3,1,1,0,NA,2,1,2,1,1,2,1,1,2,1,1,2,2,2,1,1,1,1,4,2,1
"R_2uOGVGToD3rG2ZJ",1,20,3,1,1,0,NA,3,2,2,2,2,3,3,1,1,4,2,1,3,1,4,2,1,1,2,2,3
"R_2uOGVGToD3rG2ZJ",1,20,3,1,1,0,NA,4,2,2,2,2,2,3,1,1,4,2,1,3,2,3,2,1,1,1,3,3
"R_2b1xt1cNkEq4lMW",2,43,4,1,2,1,NA,1,1,2,1,1,3,1,1,2,2,1,2,1,2,1,2,1,1,4,2,1
"R_2b1xt1cNkEq4lMW",2,43,4,1,2,1,NA,2,3,1,1,1,2,2,1,2,3,1,2,1,1,4,2,2,1,2,1,3
"R_2b1xt1cNkEq4lMW",2,43,4,1,2,1,NA,3,3,1,1,2,2,3,2,1,4,2,1,2,2,3,2,1,1,1,3,1
"R_2b1xt1cNkEq4lMW",2,43,4,1,2,1,NA,4,3,1,2,2,2,2,1,1,1,2,1,2,1,3,2,2,1,3,2,4
"R_udX7GAd3CT5NXmF",1,34,3,2,2,1,NA,1,3,2,2,1,3,3,1,1,1,2,2,2,2,3,2,2,1,1,3,1
"R_udX7GAd3CT5NXmF",1,34,3,2,2,1,NA,2,3,1,1,2,3,2,1,1,3,2,1,2,2,3,2,2,1,4,2,2
"R_udX7GAd3CT5NXmF",1,34,3,2,2,1,NA,3,2,1,2,1,3,1,2,1,2,1,1,2,1,3,2,1,1,2,2,1
"R_udX7GAd3CT5NXmF",1,34,3,2,2,1,NA,4,2,1,2,1,3,3,1,1,3,1,1,2,1,3,2,1,1,4,1,3
"R_1C3bm02TlLWHCtd",2,35,6,2,2,1,NA,1,3,1,2,1,2,3,1,2,3,1,2,2,2,4,2,2,7,3,3,1
"R_1C3bm02TlLWHCtd",2,35,6,2,2,1,NA,2,3,1,1,1,2,2,1,2,2,1,2,1,3,3,2,1,1,2,1,2
"R_1C3bm02TlLWHCtd",2,35,6,2,2,1,NA,3,3,2,1,2,2,1,1,1,4,2,2,3,1,2,2,1,1,1,2,3
"R_1C3bm02TlLWHCtd",2,35,6,2,2,1,NA,4,1,2,2,1,1,1,1,1,1,2,1,3,4,3,2,2,2,4,3,4
"R_1rvQf1K1akCSiZq",2,32,5,3,2,1,NA,1,1,1,1,1,3,3,2,2,1,1,3,1,2,3,2,1,1,4,3,1
"R_1rvQf1K1akCSiZq",2,32,5,3,2,1,NA,2,1,1,2,2,2,3,1,2,4,2,1,1,1,3,2,1,1,3,2,3
"R_1rvQf1K1akCSiZq",2,32,5,3,2,1,NA,3,3,2,2,2,2,3,1,1,3,2,1,2,1,3,2,2,1,2,1,2
"R_1rvQf1K1akCSiZq",2,32,5,3,2,1,NA,4,3,2,1,2,2,2,1,1,3,2,2,2,2,3,2,2,1,4,1,3
"R_ZaAm03wePPy5Bmh",2,23,5,6,2,0,NA,1,1,1,1,1,2,3,1,2,4,1,3,3,2,3,2,1,1,3,3,4
"R_ZaAm03wePPy5Bmh",2,23,5,6,2,0,NA,2,1,1,2,1,2,3,1,2,4,1,2,3,2,3,2,1,1,3,3,4
"R_ZaAm03wePPy5Bmh",2,23,5,6,2,0,NA,3,3,1,2,2,2,3,1,1,4,2,1,3,2,3,2,1,1,3,3,4
"R_ZaAm03wePPy5Bmh",2,23,5,6,2,0,NA,4,1,1,1,2,2,3,1,2,4,2,2,3,2,3,2,1,1,3,3,4
"R_OdsWgAmL0qm57bj",2,60,5,1,1,0,NA,1,1,2,2,1,2,3,1,1,4,1,3,3,2,1,2,1,1,1,1,1
"R_OdsWgAmL0qm57bj",2,60,5,1,1,0,NA,2,1,2,2,1,3,3,2,1,2,1,3,3,2,1,2,1,1,4,1,2
"R_OdsWgAmL0qm57bj",2,60,5,1,1,0,NA,3,3,2,1,2,2,3,2,1,2,1,3,2,1,4,2,2,1,2,3,4
"R_OdsWgAmL0qm57bj",2,60,5,1,1,0,NA,4,1,1,1,1,3,1,1,1,3,1,3,3,2,1,3,1,1,3,1,4
"R_2uOs6BBBmSTO4ha",1,20,4,2,2,0,NA,1,1,1,1,2,3,3,2,1,2,2,1,2,2,3,2,1,1,4,1,3
"R_2uOs6BBBmSTO4ha",1,20,4,2,2,0,NA,2,2,1,1,2,3,3,1,1,2,2,1,3,2,4,2,1,1,3,3,1
"R_2uOs6BBBmSTO4ha",1,20,4,2,2,0,NA,3,2,2,1,2,2,3,1,1,3,2,1,3,2,4,2,2,1,4,3,3
"R_2uOs6BBBmSTO4ha",1,20,4,2,2,0,NA,4,3,2,1,1,3,3,1,2,2,1,3,3,2,4,2,1,1,2,2,1
"R_aVPkrQEbbcblxBf",1,36,5,5,2,1,NA,1,1,2,1,1,3,2,1,2,3,1,2,2,1,3,2,1,1,4,2,2
"R_aVPkrQEbbcblxBf",1,36,5,5,2,1,NA,2,2,1,1,1,3,3,2,2,4,1,3,1,2,4,2,1,7,2,1,1
"R_aVPkrQEbbcblxBf",1,36,5,5,2,1,NA,3,3,1,1,1,2,3,1,2,2,1,2,2,2,3,2,1,2,3,2,4
"R_aVPkrQEbbcblxBf",1,36,5,5,2,1,NA,4,3,1,2,2,2,3,1,1,3,2,1,3,2,4,2,2,1,1,1,2
"R_0NAvVsnzdxGpnix",2,45,6,6,2,0,NA,1,2,2,2,1,2,1,1,1,2,2,2,2,1,4,2,2,1,4,2,3
"R_0NAvVsnzdxGpnix",2,45,6,6,2,0,NA,2,2,2,2,1,2,1,1,1,1,2,2,2,1,4,2,2,1,4,3,3
"R_0NAvVsnzdxGpnix",2,45,6,6,2,0,NA,3,2,1,2,1,2,3,2,2,3,1,3,3,3,1,3,1,2,2,2,3
"R_0NAvVsnzdxGpnix",2,45,6,6,2,0,NA,4,3,1,2,2,3,2,1,1,3,2,1,3,2,4,2,2,1,1,2,1
"R_1nUfpls8CNDvXSs",1,36,5,3,3,NA,-1,1,3,1,1,2,2,3,2,1,3,1,3,1,1,1,2,1,1,2,3,2
"R_1nUfpls8CNDvXSs",1,36,5,3,3,NA,-1,2,2,1,2,2,3,3,1,2,2,2,2,3,2,4,2,2,1,3,2,4
"R_1nUfpls8CNDvXSs",1,36,5,3,3,NA,-1,3,2,1,1,1,2,1,2,2,4,1,3,2,1,3,2,1,1,1,1,3
"R_1nUfpls8CNDvXSs",1,36,5,3,3,NA,-1,4,1,1,1,1,2,2,1,1,1,1,2,2,2,3,2,2,1,4,3,1
"R_3eyj65JLig5JhSw",2,49,6,1,3,NA,0,1,1,2,1,2,1,1,1,1,4,2,1,2,1,3,3,1,1,1,1,1
"R_3eyj65JLig5JhSw",2,49,6,1,3,NA,0,2,2,2,1,2,2,3,1,1,1,2,1,2,2,4,2,1,1,2,2,3
"R_3eyj65JLig5JhSw",2,49,6,1,3,NA,0,3,2,1,1,2,2,1,2,2,2,1,2,1,3,3,1,2,1,4,3,1
"R_3eyj65JLig5JhSw",2,49,6,1,3,NA,0,4,3,1,1,2,2,2,1,2,3,1,2,3,2,4,2,2,1,3,2,4
"R_6YhycUNpIzLGANz",1,24,5,4,1,0,NA,1,2,1,1,2,2,2,2,1,3,2,1,2,2,2,2,1,1,2,1,3
"R_6YhycUNpIzLGANz",1,24,5,4,1,0,NA,2,3,2,2,1,2,1,1,2,1,2,2,1,1,3,2,1,7,1,3,4
"R_6YhycUNpIzLGANz",1,24,5,4,1,0,NA,3,2,2,1,1,3,1,2,2,4,2,1,2,4,3,1,1,3,4,2,1
"R_6YhycUNpIzLGANz",1,24,5,4,1,0,NA,4,1,2,1,1,2,3,2,2,2,1,2,2,4,2,1,1,1,4,3,2
"R_1jq5xI6d93LHg7z",1,26,5,6,3,NA,0,1,1,1,2,2,2,3,1,1,1,2,1,2,2,3,2,1,1,1,1,4
"R_1jq5xI6d93LHg7z",1,26,5,6,3,NA,0,2,3,2,1,2,3,3,1,1,1,2,1,2,1,4,2,2,1,4,3,2
"R_1jq5xI6d93LHg7z",1,26,5,6,3,NA,0,3,3,1,2,2,2,2,1,1,2,2,1,1,1,3,2,1,1,3,2,3
"R_1jq5xI6d93LHg7z",1,26,5,6,3,NA,0,4,1,2,2,2,2,2,2,1,3,2,1,2,1,3,2,1,1,3,2,1
"R_NUsTZe15YvgVp0l",2,26,5,5,3,NA,1,1,3,1,2,1,3,2,1,2,1,1,1,3,2,3,2,2,1,4,2,1
"R_NUsTZe15YvgVp0l",2,26,5,5,3,NA,1,2,2,2,2,1,2,3,1,2,4,2,2,3,1,2,3,1,2,2,1,2
"R_NUsTZe15YvgVp0l",2,26,5,5,3,NA,1,3,1,2,2,1,3,1,2,2,2,2,2,3,1,3,3,1,1,1,3,2
"R_NUsTZe15YvgVp0l",2,26,5,5,3,NA,1,4,3,2,1,1,3,3,1,2,3,1,1,3,2,4,2,2,2,1,2,4
"R_1OGK0lABa3yj9EG",1,39,6,5,2,0,NA,1,2,1,1,2,3,2,2,2,4,2,1,2,1,3,2,1,1,4,1,1
"R_1OGK0lABa3yj9EG",1,39,6,5,2,0,NA,2,1,2,1,2,2,3,1,1,3,2,1,2,4,3,2,2,1,1,3,3
"R_1OGK0lABa3yj9EG",1,39,6,5,2,0,NA,3,3,1,2,1,3,2,1,2,1,1,2,3,2,4,2,2,1,2,1,2
"R_1OGK0lABa3yj9EG",1,39,6,5,2,0,NA,4,1,2,2,1,2,1,1,2,1,1,2,1,3,2,2,2,2,3,2,4
"R_vvrieFvTbfhUUA9",1,36,2,1,2,0,NA,1,1,2,2,2,3,2,1,1,4,2,1,3,1,2,2,1,1,1,3,2
"R_vvrieFvTbfhUUA9",1,36,2,1,2,0,NA,2,3,2,1,1,3,3,1,2,1,1,3,3,2,3,2,1,1,2,3,1
"R_vvrieFvTbfhUUA9",1,36,2,1,2,0,NA,3,3,1,1,2,3,3,1,1,2,2,2,2,3,2,2,1,1,4,3,3
"R_vvrieFvTbfhUUA9",1,36,2,1,2,0,NA,4,1,2,1,2,2,2,1,1,1,2,2,2,1,1,2,1,1,2,2,4
"R_p4O6QcA1UDwBjDr",1,74,3,2,2,0,NA,1,2,1,2,1,2,3,1,2,2,1,2,2,1,3,2,1,2,1,3,2
"R_p4O6QcA1UDwBjDr",1,74,3,2,2,0,NA,2,1,2,1,2,2,1,1,1,1,2,1,2,2,1,1,1,1,1,1,4
"R_p4O6QcA1UDwBjDr",1,74,3,2,2,0,NA,3,1,2,1,2,3,1,2,1,2,2,1,2,3,2,2,1,1,2,3,3
"R_p4O6QcA1UDwBjDr",1,74,3,2,2,0,NA,4,3,1,2,1,1,3,1,2,2,1,2,3,2,4,2,2,1,4,3,3
"R_1hSC7c9EBYKBkhn",1,31,6,2,3,NA,-1,1,3,2,2,2,3,3,1,1,2,2,1,3,2,3,2,2,1,4,3,4
"R_1hSC7c9EBYKBkhn",1,31,6,2,3,NA,-1,2,1,1,2,2,2,3,1,1,2,2,2,2,2,2,2,1,1,4,3,4
"R_1hSC7c9EBYKBkhn",1,31,6,2,3,NA,-1,3,2,2,1,1,3,3,1,2,1,1,3,3,2,2,2,2,1,1,1,2
"R_1hSC7c9EBYKBkhn",1,31,6,2,3,NA,-1,4,2,2,1,1,3,3,1,2,2,1,3,3,2,2,2,1,1,4,1,1
"R_yR1N0vXEB2eJTkB",1,24,5,4,3,NA,0,1,2,2,2,2,3,3,1,1,2,2,1,3,2,3,2,2,1,3,2,1
"R_yR1N0vXEB2eJTkB",1,24,5,4,3,NA,0,2,2,1,2,1,2,2,1,2,3,2,2,2,2,3,2,1,7,1,3,1
"R_yR1N0vXEB2eJTkB",1,24,5,4,3,NA,0,3,1,1,1,1,2,2,2,2,3,1,3,2,2,3,2,1,2,4,1,4
"R_yR1N0vXEB2eJTkB",1,24,5,4,3,NA,0,4,3,1,1,1,3,3,1,1,3,1,2,3,2,4,2,2,1,4,1,2
"R_2atAS6ye5yVpqwK",1,65,6,4,2,0,NA,1,1,1,1,2,2,1,1,1,1,2,2,2,2,3,2,1,1,2,3,1
"R_2atAS6ye5yVpqwK",1,65,6,4,2,0,NA,2,3,1,2,1,3,3,1,2,3,1,2,3,3,4,2,2,1,4,1,4
"R_2atAS6ye5yVpqwK",1,65,6,4,2,0,NA,3,2,2,1,2,2,2,1,1,1,2,2,2,1,1,2,1,1,3,2,2
"R_2atAS6ye5yVpqwK",1,65,6,4,2,0,NA,4,2,2,1,1,2,1,1,2,1,1,3,2,3,3,3,1,1,2,1,4
"R_2PBjx50eJIwp3E7",2,20,3,1,2,1,NA,1,3,1,1,2,3,2,1,1,2,2,2,3,1,2,2,1,1,3,2,3
"R_2PBjx50eJIwp3E7",2,20,3,1,2,1,NA,2,1,1,1,1,3,2,2,2,4,1,3,2,2,2,2,1,1,4,1,1
"R_2PBjx50eJIwp3E7",2,20,3,1,2,1,NA,3,3,2,1,1,2,1,1,1,2,1,2,2,1,1,3,2,1,2,3,4
"R_2PBjx50eJIwp3E7",2,20,3,1,2,1,NA,4,2,2,1,1,3,1,2,2,4,1,3,2,2,3,2,1,1,2,2,3
"R_86Q4X0PaRmem0zD",2,40,4,3,1,1,NA,1,3,2,1,2,3,1,1,1,1,2,1,3,2,2,2,1,1,4,1,2
"R_86Q4X0PaRmem0zD",2,40,4,3,1,1,NA,2,2,2,1,2,3,2,1,1,2,2,1,2,1,2,2,2,1,2,3,2
"R_86Q4X0PaRmem0zD",2,40,4,3,1,1,NA,3,1,1,1,2,2,1,1,1,1,2,1,2,3,2,2,1,1,1,2,3
"R_86Q4X0PaRmem0zD",2,40,4,3,1,1,NA,4,1,2,1,2,2,2,1,1,3,2,1,2,1,2,2,1,1,1,2,1
"R_3qfgq2A4sOEj2yO",2,24,5,4,2,0,NA,1,1,2,2,2,2,2,2,1,4,2,2,1,2,2,2,1,1,1,3,1
"R_3qfgq2A4sOEj2yO",2,24,5,4,2,0,NA,2,3,1,1,1,1,1,1,2,1,1,1,1,3,2,1,1,1,1,3,2
"R_3qfgq2A4sOEj2yO",2,24,5,4,2,0,NA,3,2,1,2,2,3,1,2,2,3,1,1,1,4,4,3,1,3,4,2,2
"R_3qfgq2A4sOEj2yO",2,24,5,4,2,0,NA,4,1,1,1,2,2,3,1,2,4,2,2,3,3,2,3,2,1,2,1,3
"R_2cpDLOn58C64eo5",2,54,6,3,2,0,NA,1,2,1,2,2,1,3,1,1,3,2,2,3,1,3,3,1,1,4,1,1
"R_2cpDLOn58C64eo5",2,54,6,3,2,0,NA,2,3,2,1,1,2,3,1,2,4,1,2,2,1,4,2,2,1,3,2,2
"R_2cpDLOn58C64eo5",2,54,6,3,2,0,NA,3,3,2,1,1,1,1,1,2,1,2,3,2,3,2,3,1,2,4,3,3
"R_2cpDLOn58C64eo5",2,54,6,3,2,0,NA,4,1,1,1,2,1,3,2,1,1,2,2,1,2,1,1,1,1,2,3,2
"R_2cBECcLnU4Y1Mrj",1,55,6,3,2,1,NA,1,2,1,1,2,2,2,1,2,3,1,3,2,2,3,2,1,1,1,1,1
"R_2cBECcLnU4Y1Mrj",1,55,6,3,2,1,NA,2,3,2,2,1,3,3,1,1,1,2,2,3,1,4,2,2,1,2,2,3
"R_2cBECcLnU4Y1Mrj",1,55,6,3,2,1,NA,3,2,1,1,1,2,1,1,2,4,1,3,1,3,2,2,1,1,3,3,2
"R_2cBECcLnU4Y1Mrj",1,55,6,3,2,1,NA,4,2,2,2,1,3,1,1,1,2,2,2,2,1,3,2,1,1,4,2,4
"R_299Z9MFGmlOaAZM",2,57,2,1,2,1,NA,1,2,2,2,2,3,2,1,1,3,2,1,3,2,4,2,2,1,3,2,4
"R_299Z9MFGmlOaAZM",2,57,2,1,2,1,NA,2,1,2,2,2,2,3,2,1,3,2,1,3,1,3,2,1,1,4,2,4
"R_299Z9MFGmlOaAZM",2,57,2,1,2,1,NA,3,2,2,2,2,3,2,1,1,2,2,1,3,2,2,2,1,1,4,3,4
"R_299Z9MFGmlOaAZM",2,57,2,1,2,1,NA,4,2,2,1,1,3,3,2,2,2,1,2,2,1,3,2,1,1,2,1,3
"R_3nwax1SOjKR27g3",1,30,5,2,2,0,NA,1,3,1,2,2,3,3,1,2,1,2,2,2,2,3,3,2,1,2,1,3
"R_3nwax1SOjKR27g3",1,30,5,2,2,0,NA,2,2,1,1,1,3,2,2,2,3,1,1,1,1,4,2,1,1,3,2,1
"R_3nwax1SOjKR27g3",1,30,5,2,2,0,NA,3,1,2,2,2,2,1,1,1,2,1,3,1,2,1,1,1,3,1,2,2
"R_3nwax1SOjKR27g3",1,30,5,2,2,0,NA,4,3,2,1,2,2,2,1,2,2,2,2,1,1,3,3,2,2,3,1,3
"R_1gOP5kVDaaFCkpA",2,31,5,2,2,0,NA,1,1,1,2,2,3,2,1,2,4,2,1,3,2,2,2,1,1,1,2,2
"R_1gOP5kVDaaFCkpA",2,31,5,2,2,0,NA,2,3,2,2,1,3,3,1,1,3,1,2,3,2,3,2,2,1,2,1,3
"R_1gOP5kVDaaFCkpA",2,31,5,2,2,0,NA,3,3,1,1,2,2,2,1,2,2,1,2,2,2,2,2,2,1,4,3,4
"R_1gOP5kVDaaFCkpA",2,31,5,2,2,0,NA,4,3,1,2,1,3,3,1,2,3,2,2,2,1,3,2,2,1,4,2,4
"R_3MoLITVoycQeQ36",1,24,3,3,2,0,NA,1,3,1,2,2,2,1,1,1,3,2,2,1,1,3,2,2,1,4,1,4
"R_3MoLITVoycQeQ36",1,24,3,3,2,0,NA,2,3,1,2,2,2,1,1,1,3,2,2,1,1,3,2,2,1,4,1,4
"R_3MoLITVoycQeQ36",1,24,3,3,2,0,NA,3,1,1,2,2,2,1,1,1,1,2,2,2,2,2,2,1,1,2,2,1
"R_3MoLITVoycQeQ36",1,24,3,3,2,0,NA,4,1,1,2,2,2,1,1,1,1,2,2,2,2,2,2,1,1,2,2,1
"R_22K5qOEPF1LEKP6",2,26,5,2,2,1,NA,1,3,2,1,2,3,3,1,1,4,2,2,3,2,3,2,1,1,3,1,2
"R_22K5qOEPF1LEKP6",2,26,5,2,2,1,NA,2,3,2,1,2,2,3,1,1,2,2,1,3,1,3,2,1,1,1,2,2
"R_22K5qOEPF1LEKP6",2,26,5,2,2,1,NA,3,1,1,1,1,2,3,1,2,2,1,3,2,1,3,2,1,1,2,3,1
"R_22K5qOEPF1LEKP6",2,26,5,2,2,1,NA,4,3,1,1,2,2,3,2,2,1,1,3,2,1,2,2,1,2,4,3,2
"R_1hywitUPDjBQ5Tf",2,29,3,2,1,1,NA,1,3,2,2,1,3,2,1,2,3,1,2,3,2,3,2,1,1,3,2,2
"R_1hywitUPDjBQ5Tf",2,29,3,2,1,1,NA,2,3,1,1,1,3,3,1,2,3,1,2,2,2,2,2,1,1,4,3,2
"R_1hywitUPDjBQ5Tf",2,29,3,2,1,1,NA,3,3,2,1,2,3,2,1,1,2,2,2,2,2,3,2,2,1,2,1,3
"R_1hywitUPDjBQ5Tf",2,29,3,2,1,1,NA,4,2,2,2,1,2,1,1,2,3,1,2,2,3,1,1,1,1,1,2,2
"R_SDG28bCMA1qSmpr",2,36,5,2,2,1,NA,1,1,2,2,1,2,1,1,1,1,2,1,1,1,3,3,1,1,3,3,2
"R_SDG28bCMA1qSmpr",2,36,5,2,2,1,NA,2,3,1,2,2,1,1,2,2,3,1,2,1,3,4,2,2,2,2,1,1
"R_SDG28bCMA1qSmpr",2,36,5,2,2,1,NA,3,3,1,1,1,2,1,2,2,3,1,2,2,2,2,2,1,2,1,2,4
"R_SDG28bCMA1qSmpr",2,36,5,2,2,1,NA,4,1,2,2,1,1,1,1,1,4,2,1,1,4,3,3,1,1,3,3,3
"R_b1rKfGfrZ4lLUz3",1,48,2,2,3,NA,-1,1,2,1,2,1,3,1,1,2,2,1,2,2,2,3,2,1,2,3,1,3
"R_b1rKfGfrZ4lLUz3",1,48,2,2,3,NA,-1,2,3,2,1,1,2,3,1,1,3,1,2,3,2,4,2,2,1,2,3,1
"R_b1rKfGfrZ4lLUz3",1,48,2,2,3,NA,-1,3,1,2,2,1,2,1,1,1,3,2,1,2,1,3,2,1,1,4,2,4
"R_b1rKfGfrZ4lLUz3",1,48,2,2,3,NA,-1,4,1,2,2,1,2,3,1,2,2,2,2,2,2,3,2,1,7,1,1,2
"R_1o69PKzd1QYTASF",2,37,2,2,2,1,NA,1,1,1,2,1,1,3,2,2,4,1,2,2,3,3,1,2,2,2,3,1
"R_1o69PKzd1QYTASF",2,37,2,2,2,1,NA,2,3,2,1,2,1,1,2,1,1,1,2,1,1,2,1,2,2,1,3,3
"R_1o69PKzd1QYTASF",2,37,2,2,2,1,NA,3,3,2,1,1,1,1,2,2,2,1,1,3,3,2,1,2,7,3,3,1
"R_1o69PKzd1QYTASF",2,37,2,2,2,1,NA,4,1,1,2,2,1,2,1,1,4,1,2,1,4,2,1,2,2,4,2,1
"R_3hA24tt6jYBSXsL",2,33,5,1,1,0,NA,1,1,1,2,2,3,2,1,1,2,2,3,1,1,3,2,1,1,1,2,2
"R_3hA24tt6jYBSXsL",2,33,5,1,1,0,NA,2,1,1,1,1,3,3,1,2,3,1,1,3,2,2,2,2,1,4,2,1
"R_3hA24tt6jYBSXsL",2,33,5,1,1,0,NA,3,2,2,1,2,2,2,1,1,1,2,2,2,1,4,2,2,1,3,3,4
"R_3hA24tt6jYBSXsL",2,33,5,1,1,0,NA,4,1,2,2,2,3,2,1,1,4,2,3,2,3,4,2,1,1,2,3,3
"R_qx6XwlJb9UYsBgZ",2,65,2,2,1,0,NA,1,1,1,1,1,3,3,1,2,4,1,3,2,2,3,2,1,1,3,1,1
"R_qx6XwlJb9UYsBgZ",2,65,2,2,1,0,NA,2,3,2,1,2,2,2,1,1,1,2,1,2,2,4,2,2,1,1,3,1
"R_qx6XwlJb9UYsBgZ",2,65,2,2,1,0,NA,3,3,1,1,1,3,2,2,1,2,1,3,3,1,2,2,1,1,2,2,4
"R_qx6XwlJb9UYsBgZ",2,65,2,2,1,0,NA,4,1,2,2,1,2,3,2,1,1,2,1,1,1,3,2,1,1,2,1,3
"R_2zGgEvTZxQBtBlT",2,25,5,1,3,NA,0,1,2,1,2,1,2,3,1,1,1,2,2,2,1,3,2,1,1,1,1,3
"R_2zGgEvTZxQBtBlT",2,25,5,1,3,NA,0,2,1,2,2,1,1,1,1,1,3,2,1,1,3,1,3,1,1,4,3,2
"R_2zGgEvTZxQBtBlT",2,25,5,1,3,NA,0,3,1,2,1,1,2,1,2,2,2,1,2,2,1,2,2,1,1,3,3,4
"R_2zGgEvTZxQBtBlT",2,25,5,1,3,NA,0,4,1,2,1,1,2,1,2,2,3,1,2,2,1,2,2,1,1,3,3,4
"R_a9Oxhu98D1OBgel",1,22,4,5,3,NA,0,1,2,1,1,1,2,2,1,2,2,1,2,3,2,3,3,1,1,1,1,3
"R_a9Oxhu98D1OBgel",1,22,4,5,3,NA,0,2,1,2,1,1,2,2,1,1,4,1,2,3,2,2,2,2,1,2,1,1
"R_a9Oxhu98D1OBgel",1,22,4,5,3,NA,0,3,3,1,2,1,3,3,1,2,1,1,3,3,2,3,3,2,2,4,2,2
"R_a9Oxhu98D1OBgel",1,22,4,5,3,NA,0,4,1,2,1,2,2,2,1,1,2,2,2,3,2,2,2,2,7,4,3,4
"R_2xIRrR42ojgegn3",2,25,4,5,3,NA,-1,1,2,1,2,2,3,3,1,1,4,2,1,2,1,4,2,1,1,2,2,4
"R_2xIRrR42ojgegn3",2,25,4,5,3,NA,-1,2,3,1,1,1,3,3,1,2,3,1,3,2,3,1,2,1,1,3,3,2
"R_2xIRrR42ojgegn3",2,25,4,5,3,NA,-1,3,2,1,1,1,3,3,2,2,2,1,2,3,2,3,2,1,1,4,2,1
"R_2xIRrR42ojgegn3",2,25,4,5,3,NA,-1,4,1,2,2,2,3,3,1,1,1,2,1,1,3,2,2,1,1,1,2,3
"R_1GIVnuHx82BY8K9",1,43,4,2,2,0,NA,1,3,2,1,1,2,3,1,2,1,1,3,2,1,3,3,1,1,4,3,3
"R_1GIVnuHx82BY8K9",1,43,4,2,2,0,NA,2,3,1,2,2,3,3,1,1,2,2,1,3,2,4,2,2,1,2,2,1
"R_1GIVnuHx82BY8K9",1,43,4,2,2,0,NA,3,3,2,2,2,3,2,1,1,2,2,1,3,2,4,2,2,1,1,2,1
"R_1GIVnuHx82BY8K9",1,43,4,2,2,0,NA,4,3,2,1,1,2,2,1,2,1,1,3,2,3,3,3,1,7,2,1,3
"R_29gZHesXvS5a2Yu",1,38,3,2,3,NA,0,1,1,1,1,1,3,3,1,1,1,1,3,3,1,2,2,1,1,3,2,1
"R_29gZHesXvS5a2Yu",1,38,3,2,3,NA,0,2,3,1,2,1,3,1,1,1,3,1,3,3,1,2,2,2,1,4,1,1
"R_29gZHesXvS5a2Yu",1,38,3,2,3,NA,0,3,2,1,1,2,3,1,1,1,1,1,3,3,1,2,2,2,1,1,2,1
"R_29gZHesXvS5a2Yu",1,38,3,2,3,NA,0,4,1,2,2,2,3,1,1,1,3,2,3,3,1,2,2,2,1,1,2,4
"R_3fCX1D6KUXdnGOu",1,30,5,2,2,0,NA,1,2,1,1,2,2,3,2,1,1,2,2,2,2,3,2,1,3,4,3,2
"R_3fCX1D6KUXdnGOu",1,30,5,2,2,0,NA,2,2,2,1,2,3,1,1,1,3,2,2,2,1,2,3,1,1,2,2,4
"R_3fCX1D6KUXdnGOu",1,30,5,2,2,0,NA,3,1,1,1,2,3,1,2,2,2,1,3,1,2,1,1,1,2,1,1,1
"R_3fCX1D6KUXdnGOu",1,30,5,2,2,0,NA,4,3,1,1,2,1,2,1,2,3,1,2,2,4,4,2,2,7,3,2,3
"R_1NyU4Dn9E4F4OZM",1,50,3,4,1,1,NA,1,1,2,2,2,2,1,1,1,4,2,1,1,1,3,2,2,1,4,2,3
"R_1NyU4Dn9E4F4OZM",1,50,3,4,1,1,NA,2,3,2,2,2,2,3,1,1,3,2,1,2,3,4,2,2,1,1,2,1
"R_1NyU4Dn9E4F4OZM",1,50,3,4,1,1,NA,3,1,1,2,2,1,3,1,1,2,2,1,1,3,3,2,1,1,4,1,3
"R_1NyU4Dn9E4F4OZM",1,50,3,4,1,1,NA,4,2,2,1,2,1,1,2,2,2,2,1,1,3,2,3,1,7,2,1,4
"R_6YF4QsVO1HZDsid",2,46,6,3,3,NA,-1,1,3,1,1,2,3,1,2,1,3,2,2,1,1,3,2,1,1,3,1,1
"R_6YF4QsVO1HZDsid",2,46,6,3,3,NA,-1,2,1,1,1,2,3,2,2,1,3,2,2,2,1,3,2,1,1,3,1,1
"R_6YF4QsVO1HZDsid",2,46,6,3,3,NA,-1,3,3,1,2,1,3,1,1,2,3,1,3,1,3,3,2,1,1,3,1,1
"R_6YF4QsVO1HZDsid",2,46,6,3,3,NA,-1,4,1,2,1,1,3,2,1,2,3,1,3,2,1,3,2,1,1,3,1,1
"R_1pJUnUSAgRovFJU",2,33,4,4,2,0,NA,1,2,1,1,1,2,3,1,1,3,1,2,2,2,3,2,2,1,1,3,1
"R_1pJUnUSAgRovFJU",2,33,4,4,2,0,NA,2,2,2,2,2,3,3,1,1,1,2,1,3,2,3,2,2,1,3,2,3
"R_1pJUnUSAgRovFJU",2,33,4,4,2,0,NA,3,1,1,2,2,2,2,1,2,4,2,3,1,1,4,2,1,7,4,1,4
"R_1pJUnUSAgRovFJU",2,33,4,4,2,0,NA,4,3,2,2,1,2,2,1,1,4,2,1,2,1,1,3,2,1,2,1,3
"R_1Kl5Ehh2XYuE5bt",2,23,4,3,2,0,NA,1,2,2,1,1,3,2,1,2,1,1,3,3,1,2,3,1,1,2,1,1
"R_1Kl5Ehh2XYuE5bt",2,23,4,3,2,0,NA,2,2,1,2,1,2,1,2,1,4,2,2,3,2,3,2,1,1,1,3,2
"R_1Kl5Ehh2XYuE5bt",2,23,4,3,2,0,NA,3,2,1,2,2,3,3,1,1,3,2,1,3,1,4,2,2,1,3,2,3
"R_1Kl5Ehh2XYuE5bt",2,23,4,3,2,0,NA,4,3,1,1,2,2,3,1,2,4,1,3,1,3,3,2,1,2,1,1,4
"R_21nrQ0VRuGi1XS4",1,34,4,2,1,0,NA,1,3,1,1,1,3,3,1,2,1,1,3,2,2,3,2,1,1,3,1,1
"R_21nrQ0VRuGi1XS4",1,34,4,2,1,0,NA,2,3,1,1,2,3,2,1,1,2,2,2,2,1,3,2,2,1,4,3,2
"R_21nrQ0VRuGi1XS4",1,34,4,2,1,0,NA,3,3,2,1,1,3,3,2,2,3,1,3,3,2,2,3,1,3,2,3,1
"R_21nrQ0VRuGi1XS4",1,34,4,2,1,0,NA,4,2,2,1,1,2,2,1,2,3,1,2,2,3,2,2,1,1,3,3,3
"R_2S90LGEQ2BOu7oG",1,20,3,2,2,0,NA,1,1,1,1,1,3,3,1,2,4,1,3,2,1,3,2,1,1,2,1,1
"R_2S90LGEQ2BOu7oG",1,20,3,2,2,0,NA,2,1,2,1,1,2,2,1,1,2,1,3,3,2,4,2,1,7,4,2,3
"R_2S90LGEQ2BOu7oG",1,20,3,2,2,0,NA,3,2,2,1,1,3,3,1,1,3,1,3,3,2,2,2,2,1,3,2,4
"R_2S90LGEQ2BOu7oG",1,20,3,2,2,0,NA,4,2,2,1,2,2,3,2,2,3,2,1,2,1,3,2,1,1,1,2,3
"R_3EiKm5R8zxA8pmV",1,31,6,5,2,1,NA,1,3,2,2,2,2,3,1,1,3,2,1,3,1,4,2,2,1,3,1,4
"R_3EiKm5R8zxA8pmV",1,31,6,5,2,1,NA,2,2,2,2,1,2,2,1,1,4,2,2,2,2,3,2,1,1,2,2,2
"R_3EiKm5R8zxA8pmV",1,31,6,5,2,1,NA,3,1,1,2,1,2,1,1,2,2,1,2,1,3,2,2,1,2,1,3,2
"R_3EiKm5R8zxA8pmV",1,31,6,5,2,1,NA,4,3,2,2,2,2,3,1,1,3,2,1,3,1,4,2,2,1,4,1,4
"R_1gLszzz0K5NY5KN",2,40,3,3,2,1,NA,1,2,1,1,1,2,1,2,2,2,1,3,1,1,3,2,1,1,1,2,3
"R_1gLszzz0K5NY5KN",2,40,3,3,2,1,NA,2,3,2,2,1,3,3,1,1,2,2,1,2,1,2,2,1,1,4,3,4
"R_1gLszzz0K5NY5KN",2,40,3,3,2,1,NA,3,2,1,1,2,2,1,1,2,1,1,3,1,1,2,2,1,1,2,1,1
"R_1gLszzz0K5NY5KN",2,40,3,3,2,1,NA,4,3,1,2,2,2,3,1,1,1,2,1,1,1,1,2,2,1,3,3,4
"R_2VNN61LjNTI0lx2",1,23,5,3,1,0,NA,1,2,2,2,1,3,2,1,1,4,2,2,3,1,2,2,2,1,4,1,1
"R_2VNN61LjNTI0lx2",1,23,5,3,1,0,NA,2,3,1,2,2,3,3,2,2,1,1,3,2,2,3,2,1,2,3,3,2
"R_2VNN61LjNTI0lx2",1,23,5,3,1,0,NA,3,3,1,1,1,3,3,2,2,1,1,3,2,2,4,2,1,1,1,3,3
"R_2VNN61LjNTI0lx2",1,23,5,3,1,0,NA,4,3,1,1,2,3,3,2,2,1,1,3,2,3,3,2,1,1,1,1,3
"R_2CwDoZ7KpxWomu6",2,42,4,2,2,0,NA,1,1,2,2,1,3,1,1,1,3,2,3,3,1,3,2,1,1,4,1,1
"R_2CwDoZ7KpxWomu6",2,42,4,2,2,0,NA,2,1,2,2,1,3,1,1,1,1,2,3,3,1,3,2,1,7,2,1,1
"R_2CwDoZ7KpxWomu6",2,42,4,2,2,0,NA,3,2,2,1,1,2,3,2,2,4,1,2,2,2,2,2,1,1,3,2,4
"R_2CwDoZ7KpxWomu6",2,42,4,2,2,0,NA,4,2,2,2,1,2,2,1,1,1,2,3,3,1,1,3,2,1,4,3,2
"R_1mVF8hwDud6A4nC",1,68,2,3,3,NA,0,1,2,1,1,2,2,2,2,1,4,1,1,2,1,3,2,1,1,4,3,3
"R_1mVF8hwDud6A4nC",1,68,2,3,3,NA,0,2,3,1,1,2,2,2,1,1,4,1,1,2,1,3,2,1,1,1,1,3
"R_1mVF8hwDud6A4nC",1,68,2,3,3,NA,0,3,3,1,1,1,2,2,1,1,3,2,1,2,1,3,2,1,1,1,2,1
"R_1mVF8hwDud6A4nC",1,68,2,3,3,NA,0,4,2,1,1,1,2,2,2,2,4,2,3,2,1,3,2,1,1,3,1,1
"R_2Vxx9Fiey9RYUCW",1,27,2,1,2,0,NA,1,1,2,2,2,2,3,1,1,4,1,1,2,2,3,2,1,1,1,1,1
"R_2Vxx9Fiey9RYUCW",1,27,2,1,2,0,NA,2,3,2,1,1,2,2,1,1,1,1,1,2,1,2,2,1,1,4,3,3
"R_2Vxx9Fiey9RYUCW",1,27,2,1,2,0,NA,3,3,2,2,1,2,1,1,1,3,2,2,1,1,2,2,1,1,3,2,2
"R_2Vxx9Fiey9RYUCW",1,27,2,1,2,0,NA,4,1,1,1,2,1,1,2,1,2,2,2,2,2,3,3,1,1,2,1,1
"R_3fxBEtP53juNfs3",1,27,3,2,2,0,NA,1,2,2,2,2,3,2,1,1,3,2,1,2,2,3,2,2,1,4,2,2
"R_3fxBEtP53juNfs3",1,27,3,2,2,0,NA,2,2,2,2,1,3,2,1,2,1,1,2,2,2,3,2,1,1,2,3,3
"R_3fxBEtP53juNfs3",1,27,3,2,2,0,NA,3,3,2,2,2,3,3,1,1,4,2,1,3,2,4,2,2,1,1,1,4
"R_3fxBEtP53juNfs3",1,27,3,2,2,0,NA,4,3,1,1,1,3,3,2,2,2,1,2,3,2,4,2,1,1,3,3,1
"R_2Cli7oP6k6SYw7I",1,74,5,3,1,1,NA,1,3,1,1,2,2,3,1,1,3,2,1,2,2,3,2,2,1,1,2,1
"R_2Cli7oP6k6SYw7I",1,74,5,3,1,1,NA,2,2,1,1,2,2,2,1,1,4,2,1,2,2,3,2,2,1,4,1,3
"R_2Cli7oP6k6SYw7I",1,74,5,3,1,1,NA,3,3,2,1,2,2,2,1,1,1,2,1,2,1,1,1,2,1,2,1,2
"R_2Cli7oP6k6SYw7I",1,74,5,3,1,1,NA,4,2,1,1,1,2,1,2,2,4,1,1,2,1,1,3,1,1,3,2,2
"R_27fVMtK44LrbS27",1,32,4,3,2,0,NA,1,1,2,1,2,3,1,2,1,4,1,2,2,1,3,1,1,1,4,2,2
"R_27fVMtK44LrbS27",1,32,4,3,2,0,NA,2,1,1,2,2,2,1,1,1,3,2,1,1,4,2,2,1,7,2,1,3
"R_27fVMtK44LrbS27",1,32,4,3,2,0,NA,3,3,2,1,1,2,1,1,2,2,1,2,2,3,4,2,2,2,1,2,4
"R_27fVMtK44LrbS27",1,32,4,3,2,0,NA,4,3,2,1,1,3,3,1,2,1,1,2,2,2,4,2,1,1,3,3,1
"R_3Hog8aOlQe6DB9W",1,38,6,1,2,0,NA,1,2,1,1,2,3,3,2,2,3,1,3,1,2,4,2,2,1,2,3,3
"R_3Hog8aOlQe6DB9W",1,38,6,1,2,0,NA,2,1,2,1,2,3,2,1,1,2,2,1,2,2,3,2,2,1,2,1,1
"R_3Hog8aOlQe6DB9W",1,38,6,1,2,0,NA,3,3,2,1,1,2,1,1,2,2,2,2,2,1,1,3,1,2,3,2,4
"R_3Hog8aOlQe6DB9W",1,38,6,1,2,0,NA,4,2,2,1,2,2,1,1,1,1,2,2,2,1,1,2,2,1,1,1,3
"R_29b2X4VyLeVtcab",2,34,3,3,3,NA,-1,1,1,2,1,1,3,3,2,1,3,1,2,2,2,3,2,1,1,3,1,1
"R_29b2X4VyLeVtcab",2,34,3,3,3,NA,-1,2,2,2,1,1,3,3,1,1,3,1,2,2,2,3,2,2,1,2,1,1
"R_29b2X4VyLeVtcab",2,34,3,3,3,NA,-1,3,2,2,2,2,3,3,1,2,3,2,1,2,3,3,3,1,1,1,1,4
"R_29b2X4VyLeVtcab",2,34,3,3,3,NA,-1,4,1,1,2,2,2,3,1,2,3,2,1,2,3,2,3,1,1,3,3,3
"R_3I5nBwM1d6oLAZP",2,30,6,2,2,0,NA,1,2,1,2,2,2,2,1,1,1,2,1,3,2,4,2,2,1,2,2,1
"R_3I5nBwM1d6oLAZP",2,30,6,2,2,0,NA,2,2,2,1,1,3,3,1,2,1,1,2,2,3,3,2,2,1,3,1,2
"R_3I5nBwM1d6oLAZP",2,30,6,2,2,0,NA,3,1,1,2,1,1,1,1,1,3,2,2,1,1,3,3,1,2,4,3,4
"R_3I5nBwM1d6oLAZP",2,30,6,2,2,0,NA,4,3,2,2,2,2,3,1,1,4,2,1,3,2,4,2,2,1,2,2,1
"R_1dAhoaNhUnQhBOu",1,25,3,1,3,NA,-1,1,3,1,2,1,2,3,1,2,3,2,2,2,2,3,2,2,1,3,1,4
"R_1dAhoaNhUnQhBOu",1,25,3,1,3,NA,-1,2,3,1,2,1,2,1,1,2,1,2,2,2,2,3,2,2,1,4,1,4
"R_1dAhoaNhUnQhBOu",1,25,3,1,3,NA,-1,3,1,2,1,2,2,1,2,1,4,2,2,1,1,4,2,1,1,4,3,1
"R_1dAhoaNhUnQhBOu",1,25,3,1,3,NA,-1,4,1,1,2,2,2,1,1,1,1,2,1,1,4,2,2,1,1,1,2,2
"R_PzyD3YaEceqnlIJ",2,30,3,1,2,0,NA,1,1,1,2,2,2,2,1,1,1,2,1,3,2,3,2,1,1,2,1,1
"R_PzyD3YaEceqnlIJ",2,30,3,1,2,0,NA,2,1,1,1,2,2,3,2,1,3,2,2,2,2,3,2,1,1,1,2,4
"R_PzyD3YaEceqnlIJ",2,30,3,1,2,0,NA,3,3,1,2,2,2,2,1,1,2,2,1,2,2,3,2,2,1,3,2,2
"R_PzyD3YaEceqnlIJ",2,30,3,1,2,0,NA,4,3,2,1,1,2,2,2,1,2,2,2,3,2,3,2,1,1,3,1,1
"R_1NmM2JapJslnFBU",2,42,6,3,1,0,NA,1,1,1,1,2,2,3,1,1,4,1,3,1,1,4,2,2,2,3,2,1
"R_1NmM2JapJslnFBU",2,42,6,3,1,0,NA,2,1,1,2,1,3,2,2,2,1,2,2,1,3,4,1,2,1,4,1,4
"R_1NmM2JapJslnFBU",2,42,6,3,1,0,NA,3,3,1,2,2,2,2,1,1,1,2,2,2,1,3,2,2,1,4,3,2
"R_1NmM2JapJslnFBU",2,42,6,3,1,0,NA,4,3,2,2,2,2,3,1,1,3,2,3,1,3,4,2,1,1,1,3,4
"R_3JkNUr2XjIp9SgA",1,42,3,2,2,1,NA,1,3,1,1,1,3,3,1,2,3,2,3,3,1,3,2,2,1,3,2,3
"R_3JkNUr2XjIp9SgA",1,42,3,2,2,1,NA,2,2,1,2,1,3,3,2,1,2,2,3,3,2,3,2,2,1,2,2,1
"R_3JkNUr2XjIp9SgA",1,42,3,2,2,1,NA,3,3,2,1,1,3,2,2,2,1,1,3,3,3,2,2,1,1,4,3,4
"R_3JkNUr2XjIp9SgA",1,42,3,2,2,1,NA,4,1,2,1,2,3,2,1,2,4,1,3,2,2,3,2,1,1,1,1,2
"R_3J7WTTvzlhIr0O6",1,32,5,3,4,NA,0,1,1,1,1,2,2,1,1,1,4,2,2,1,3,3,2,1,1,4,2,3
"R_3J7WTTvzlhIr0O6",1,32,5,3,4,NA,0,2,1,1,1,2,2,1,1,1,4,2,2,1,3,3,2,1,1,4,3,4
"R_3J7WTTvzlhIr0O6",1,32,5,3,4,NA,0,3,1,2,1,2,2,1,1,1,3,2,2,1,3,3,2,1,1,3,3,1
"R_3J7WTTvzlhIr0O6",1,32,5,3,4,NA,0,4,2,1,1,1,3,3,1,2,1,1,2,2,2,3,3,1,1,2,2,3
"R_24pmWwY4WJ0S6Lp",2,33,6,5,3,NA,1,1,1,1,2,2,3,1,1,1,3,2,2,2,2,3,2,1,1,3,1,1
"R_24pmWwY4WJ0S6Lp",2,33,6,5,3,NA,1,2,3,1,2,1,3,3,1,2,1,1,3,3,2,4,2,2,1,1,3,4
"R_24pmWwY4WJ0S6Lp",2,33,6,5,3,NA,1,3,1,2,1,1,2,1,1,2,2,1,3,1,1,1,1,1,7,2,3,2
"R_24pmWwY4WJ0S6Lp",2,33,6,5,3,NA,1,4,2,1,1,1,2,2,1,2,4,1,3,2,1,3,2,2,1,4,1,2
"R_2Vpv6hiAjNGtNoF",2,42,2,4,3,NA,-1,1,1,2,2,2,3,2,1,1,1,2,1,3,2,3,2,1,1,2,3,1
"R_2Vpv6hiAjNGtNoF",2,42,2,4,3,NA,-1,2,2,2,1,1,2,2,1,2,3,1,3,1,3,3,2,1,1,1,2,1
"R_2Vpv6hiAjNGtNoF",2,42,2,4,3,NA,-1,3,3,1,1,2,3,1,1,1,4,2,1,2,1,3,2,2,1,3,2,3
"R_2Vpv6hiAjNGtNoF",2,42,2,4,3,NA,-1,4,2,1,1,1,2,2,1,2,2,1,3,1,3,2,2,1,1,3,1,1
"R_wT1atD9Ukf2lDS9",1,44,2,2,3,NA,-1,1,1,1,1,1,2,3,1,2,4,1,3,2,1,3,2,1,1,2,3,2
"R_wT1atD9Ukf2lDS9",1,44,2,2,3,NA,-1,2,2,1,2,1,2,3,2,1,3,2,2,2,3,4,2,2,1,3,2,3
"R_wT1atD9Ukf2lDS9",1,44,2,2,3,NA,-1,3,3,1,2,1,2,3,1,1,2,2,2,3,2,3,2,2,2,1,1,2
"R_wT1atD9Ukf2lDS9",1,44,2,2,3,NA,-1,4,3,2,2,1,2,2,1,1,1,2,2,2,4,3,2,2,1,1,2,1
"R_26lNLBRHMMAz6le",1,26,3,3,2,1,NA,1,3,1,2,2,2,1,1,1,4,2,3,2,2,3,2,2,1,4,3,4
"R_26lNLBRHMMAz6le",1,26,3,3,2,1,NA,2,1,1,1,2,2,2,2,1,2,2,3,1,4,2,1,1,3,4,1,1
"R_26lNLBRHMMAz6le",1,26,3,3,2,1,NA,3,1,1,1,2,1,1,2,1,4,2,2,2,3,2,3,1,2,1,3,4
"R_26lNLBRHMMAz6le",1,26,3,3,2,1,NA,4,3,1,1,2,1,1,2,1,3,1,3,1,1,1,2,1,1,4,2,1
"R_1FRJRDjoIc9oCZK",2,25,2,2,2,0,NA,1,3,2,1,2,3,3,1,2,2,2,1,3,2,3,2,1,1,4,1,3
"R_1FRJRDjoIc9oCZK",2,25,2,2,2,0,NA,2,1,2,1,1,3,3,1,2,3,1,2,3,1,3,2,1,1,3,2,1
"R_1FRJRDjoIc9oCZK",2,25,2,2,2,0,NA,3,1,1,2,1,3,3,1,2,4,2,1,3,2,3,2,1,1,2,3,2
"R_1FRJRDjoIc9oCZK",2,25,2,2,2,0,NA,4,3,2,2,2,3,2,1,2,3,2,1,3,1,3,2,1,1,2,2,4
"R_2uE3ZBFikhKUNE5",1,50,5,1,1,1,NA,1,2,1,1,2,2,1,2,2,3,1,3,2,2,3,2,1,2,1,1,1
"R_2uE3ZBFikhKUNE5",1,50,5,1,1,1,NA,2,1,2,2,1,2,1,1,1,4,2,1,2,1,3,2,2,1,4,3,3
"R_2uE3ZBFikhKUNE5",1,50,5,1,1,1,NA,3,3,1,2,2,2,2,1,1,1,2,1,2,2,4,2,2,1,2,3,2
"R_2uE3ZBFikhKUNE5",1,50,5,1,1,1,NA,4,1,2,2,1,2,1,1,1,4,2,2,1,1,4,2,1,7,1,3,3
"R_1eJjR09ktZSMBZq",1,28,3,3,3,NA,0,1,2,1,2,2,2,3,1,1,1,2,1,2,1,3,2,1,1,2,2,1
"R_1eJjR09ktZSMBZq",1,28,3,3,3,NA,0,2,2,2,2,2,2,3,1,1,4,2,1,2,1,3,2,2,1,2,2,1
"R_1eJjR09ktZSMBZq",1,28,3,3,3,NA,0,3,3,1,2,2,1,2,1,1,1,2,1,2,1,4,2,2,1,1,2,3
"R_1eJjR09ktZSMBZq",1,28,3,3,3,NA,0,4,1,1,1,1,2,3,1,2,4,1,3,2,3,2,2,1,1,3,1,3
"R_3ncHQQXtelfXyZd",1,31,4,3,3,NA,-1,1,1,1,1,1,3,3,1,2,3,1,3,2,2,1,1,1,1,2,3,2
"R_3ncHQQXtelfXyZd",1,31,4,3,3,NA,-1,2,2,2,2,2,3,3,1,1,2,2,1,2,2,3,2,2,1,1,1,3
"R_3ncHQQXtelfXyZd",1,31,4,3,3,NA,-1,3,2,1,2,2,3,3,1,1,4,2,1,3,2,3,2,2,1,4,1,1
"R_3ncHQQXtelfXyZd",1,31,4,3,3,NA,-1,4,3,2,1,1,3,3,2,2,1,1,3,2,2,2,2,1,1,3,3,4
"R_5vWCMhux1xGRUbL",2,22,4,2,3,NA,1,1,2,2,1,1,2,1,2,2,1,1,3,3,1,3,2,1,1,4,3,1
"R_5vWCMhux1xGRUbL",2,22,4,2,3,NA,1,2,2,2,2,2,3,3,1,1,1,2,2,3,2,3,2,1,1,1,3,4
"R_5vWCMhux1xGRUbL",2,22,4,2,3,NA,1,3,2,1,1,1,2,1,1,2,3,1,3,3,2,3,2,1,1,3,2,2
"R_5vWCMhux1xGRUbL",2,22,4,2,3,NA,1,4,1,2,2,1,2,1,1,1,1,2,2,2,1,3,2,1,2,2,1,4
"R_31WsDh4C6wTPMGb",1,38,5,6,1,0,NA,1,1,1,1,2,2,1,1,2,3,1,2,1,3,2,2,1,1,4,1,3
"R_31WsDh4C6wTPMGb",1,38,5,6,1,0,NA,2,1,1,1,2,2,1,1,2,1,1,3,1,3,2,2,1,1,4,1,3
"R_31WsDh4C6wTPMGb",1,38,5,6,1,0,NA,3,2,1,1,2,2,1,2,1,3,1,1,2,1,3,2,1,1,4,1,1
"R_31WsDh4C6wTPMGb",1,38,5,6,1,0,NA,4,1,1,2,2,1,1,1,1,2,2,1,1,1,3,3,2,1,2,2,4
"R_UDqGLqfQXMiHqGR",2,34,5,2,2,1,NA,1,2,1,2,2,3,3,1,1,2,2,1,3,4,3,2,2,1,3,1,3
"R_UDqGLqfQXMiHqGR",2,34,5,2,2,1,NA,2,1,2,1,1,2,3,1,2,3,1,3,1,1,3,2,1,1,4,2,2
"R_UDqGLqfQXMiHqGR",2,34,5,2,2,1,NA,3,2,1,2,2,3,2,1,1,2,2,1,3,1,3,2,2,1,3,1,3
"R_UDqGLqfQXMiHqGR",2,34,5,2,2,1,NA,4,3,1,1,1,2,3,1,2,3,1,3,1,2,2,2,1,1,4,2,2
"R_1jvmdScypKGVItE",1,24,5,2,2,0,NA,1,2,1,1,1,2,3,2,2,3,1,2,1,2,4,2,1,1,1,3,3
"R_1jvmdScypKGVItE",1,24,5,2,2,0,NA,2,1,1,2,2,2,1,1,1,1,2,1,2,1,3,2,2,1,3,1,4
"R_1jvmdScypKGVItE",1,24,5,2,2,0,NA,3,1,1,1,1,1,1,1,1,1,1,2,1,4,1,2,1,2,1,2,4
"R_1jvmdScypKGVItE",1,24,5,2,2,0,NA,4,3,1,1,2,1,1,1,1,2,2,1,2,1,2,3,2,1,2,1,1
"R_2zkJaHlaWvEaVS3",1,25,6,2,2,1,NA,1,2,1,2,1,2,2,1,2,4,1,3,2,2,3,2,2,1,1,1,2
"R_2zkJaHlaWvEaVS3",1,25,6,2,2,1,NA,2,1,1,1,1,2,3,2,2,3,1,3,1,3,1,2,1,1,3,3,4
"R_2zkJaHlaWvEaVS3",1,25,6,2,2,1,NA,3,3,2,2,1,3,2,1,1,4,2,2,3,1,4,2,1,1,3,2,1
"R_2zkJaHlaWvEaVS3",1,25,6,2,2,1,NA,4,2,2,1,2,2,2,1,1,2,2,1,3,2,3,2,1,1,1,1,1
"R_3QSNRStZ4syfloN",1,24,5,2,1,1,NA,1,3,2,2,2,2,3,1,1,3,2,1,2,2,4,2,2,1,2,3,3
"R_3QSNRStZ4syfloN",1,24,5,2,1,1,NA,2,1,2,1,2,3,3,1,2,3,1,3,2,2,3,2,1,1,1,2,3
"R_3QSNRStZ4syfloN",1,24,5,2,1,1,NA,3,3,1,2,2,2,2,1,2,3,2,1,2,1,4,2,1,1,2,1,3
"R_3QSNRStZ4syfloN",1,24,5,2,1,1,NA,4,1,2,2,2,2,3,1,1,3,2,1,2,2,4,2,2,1,2,1,3
"R_1NEc7ngQykVot5M",2,29,2,1,2,1,NA,1,1,2,2,1,3,3,1,1,2,2,1,3,2,3,2,2,1,1,2,1
"R_1NEc7ngQykVot5M",2,29,2,1,2,1,NA,2,2,2,2,2,3,3,1,1,1,2,1,3,1,4,2,2,1,1,2,1
"R_1NEc7ngQykVot5M",2,29,2,1,2,1,NA,3,3,1,2,1,3,2,1,2,4,1,2,2,2,3,2,1,1,4,1,3
"R_1NEc7ngQykVot5M",2,29,2,1,2,1,NA,4,2,2,1,2,2,3,2,1,3,1,3,3,2,4,2,1,1,2,1,1
"R_3hcgG42CukzfYEg",1,24,5,1,2,0,NA,1,1,2,1,1,2,3,1,2,3,1,2,2,2,3,2,1,1,3,1,4
"R_3hcgG42CukzfYEg",1,24,5,1,2,0,NA,2,3,1,2,2,3,2,1,1,3,2,1,3,1,4,2,2,1,1,2,1
"R_3hcgG42CukzfYEg",1,24,5,1,2,0,NA,3,3,1,1,2,2,3,1,1,2,2,2,2,2,3,2,2,1,4,2,1
"R_3hcgG42CukzfYEg",1,24,5,1,2,0,NA,4,2,2,2,2,2,1,1,1,4,2,1,2,3,4,2,1,1,3,1,1
"R_3NW1liLHlhK7uIx",1,32,5,3,2,0,NA,1,3,1,1,1,2,3,1,2,3,1,3,2,2,3,2,2,1,1,3,1
"R_3NW1liLHlhK7uIx",1,32,5,3,2,0,NA,2,3,1,1,2,2,3,1,1,4,2,2,3,2,4,2,1,1,2,3,3
"R_3NW1liLHlhK7uIx",1,32,5,3,2,0,NA,3,2,1,1,1,2,3,2,2,1,1,3,2,3,3,2,1,1,3,1,4
"R_3NW1liLHlhK7uIx",1,32,5,3,2,0,NA,4,1,1,2,1,2,1,2,1,2,2,2,1,3,4,3,1,2,3,1,4
"R_UWHCAskdVd1ASe5",2,27,2,1,3,NA,0,1,2,2,1,1,3,3,1,2,3,2,1,2,2,3,2,1,1,3,1,2
"R_UWHCAskdVd1ASe5",2,27,2,1,3,NA,0,2,1,1,2,2,2,2,1,1,4,1,2,1,1,4,2,2,1,2,3,3
"R_UWHCAskdVd1ASe5",2,27,2,1,3,NA,0,3,1,2,1,2,3,1,2,1,2,1,2,2,3,2,3,1,1,1,2,1
"R_UWHCAskdVd1ASe5",2,27,2,1,3,NA,0,4,1,2,1,2,2,1,1,2,4,1,3,1,1,1,1,1,1,3,2,4
"R_2CZg5wxZzqF15Ik",1,33,5,2,3,NA,-1,1,3,1,1,2,2,3,1,1,4,1,2,3,2,3,2,1,1,1,1,2
"R_2CZg5wxZzqF15Ik",1,33,5,2,3,NA,-1,2,3,1,2,2,3,3,1,1,3,2,1,3,2,4,2,2,1,1,3,1
"R_2CZg5wxZzqF15Ik",1,33,5,2,3,NA,-1,3,3,2,1,1,3,2,1,2,3,1,2,2,1,3,2,1,1,1,2,4
"R_2CZg5wxZzqF15Ik",1,33,5,2,3,NA,-1,4,3,2,1,1,2,3,2,2,1,1,2,2,2,2,2,1,1,4,3,2
"R_23WDS3MumuiCSsg",1,27,5,4,2,1,NA,1,1,1,2,1,2,3,1,2,1,2,2,2,3,3,2,2,2,3,1,3
"R_23WDS3MumuiCSsg",1,27,5,4,2,1,NA,2,2,1,1,1,2,1,1,1,2,1,3,2,1,4,3,1,1,2,2,1
"R_23WDS3MumuiCSsg",1,27,5,4,2,1,NA,3,2,2,2,1,2,3,1,2,1,1,1,2,2,3,2,1,2,4,3,2
"R_23WDS3MumuiCSsg",1,27,5,4,2,1,NA,4,3,1,1,1,3,3,1,1,1,1,1,2,2,2,3,2,2,2,2,3
"R_1MNdS3ogMJJL6OW",1,33,5,3,2,1,NA,1,3,1,1,2,3,1,1,1,2,2,2,2,2,3,2,1,1,1,1,1
"R_1MNdS3ogMJJL6OW",1,33,5,3,2,1,NA,2,1,1,2,1,2,3,1,2,4,1,3,2,2,2,2,2,1,4,2,3
"R_1MNdS3ogMJJL6OW",1,33,5,3,2,1,NA,3,1,2,1,2,2,2,2,1,1,2,1,2,2,3,2,1,1,2,1,2
"R_1MNdS3ogMJJL6OW",1,33,5,3,2,1,NA,4,1,2,1,2,2,1,1,1,1,2,2,2,2,3,3,2,1,3,3,1
"R_w5BNw9dBpWZ1Bmx",1,24,4,4,2,0,NA,1,1,1,2,1,2,2,1,1,1,2,1,2,2,3,2,2,1,1,3,1
"R_w5BNw9dBpWZ1Bmx",1,24,4,4,2,0,NA,2,1,1,1,2,2,3,1,1,2,1,2,3,1,3,2,1,1,4,3,1
"R_w5BNw9dBpWZ1Bmx",1,24,4,4,2,0,NA,3,3,2,1,2,2,3,1,1,2,1,1,3,1,4,2,2,1,1,3,1
"R_w5BNw9dBpWZ1Bmx",1,24,4,4,2,0,NA,4,3,1,1,1,2,3,1,2,2,1,3,2,1,3,2,1,1,4,3,1
"R_2Xp90XuUGiLlPLt",1,29,4,2,3,NA,0,1,1,2,1,1,2,1,1,1,4,1,2,1,3,3,1,2,1,1,1,1
"R_2Xp90XuUGiLlPLt",1,29,4,2,3,NA,0,2,3,1,1,2,1,3,1,2,3,1,1,2,2,1,2,2,7,4,3,1
"R_2Xp90XuUGiLlPLt",1,29,4,2,3,NA,0,3,2,2,2,1,2,2,2,2,4,2,2,2,1,3,1,2,3,2,3,2
"R_2Xp90XuUGiLlPLt",1,29,4,2,3,NA,0,4,1,1,2,1,1,1,2,1,1,2,1,1,4,1,3,2,3,4,2,4
"R_25T5hic8dPhzDSq",1,25,5,2,3,NA,1,1,1,2,2,2,3,3,1,2,1,2,3,2,2,3,2,2,1,1,2,3
"R_25T5hic8dPhzDSq",1,25,5,2,3,NA,1,2,1,2,2,1,2,1,2,2,4,1,3,1,1,2,3,1,1,2,3,2
"R_25T5hic8dPhzDSq",1,25,5,2,3,NA,1,3,3,2,1,2,2,3,1,2,2,1,3,2,4,1,1,1,1,4,2,4
"R_25T5hic8dPhzDSq",1,25,5,2,3,NA,1,4,1,1,2,1,2,2,1,1,3,2,1,2,1,3,2,1,1,4,1,1
"R_DM4qbuxzujZ5aoh",2,21,3,2,2,1,NA,1,3,1,1,2,3,3,2,1,2,1,3,1,2,3,2,1,1,3,3,1
"R_DM4qbuxzujZ5aoh",2,21,3,2,2,1,NA,2,3,1,1,2,2,1,2,1,3,1,3,3,1,3,3,1,2,4,1,2
"R_DM4qbuxzujZ5aoh",2,21,3,2,2,1,NA,3,2,2,2,2,3,3,1,1,4,2,1,2,2,2,2,2,1,2,1,3
"R_DM4qbuxzujZ5aoh",2,21,3,2,2,1,NA,4,2,1,1,2,2,1,2,2,2,1,3,2,3,1,1,1,7,2,2,4
"R_6gKc7TJsX3gDNL3",1,48,5,3,3,NA,1,1,3,2,1,1,3,1,1,2,1,2,3,3,2,4,2,1,7,4,3,4
"R_6gKc7TJsX3gDNL3",1,48,5,3,3,NA,1,2,1,2,1,2,2,1,2,1,2,2,1,1,1,1,3,1,1,1,1,2
"R_6gKc7TJsX3gDNL3",1,48,5,3,3,NA,1,3,1,1,2,2,2,1,1,2,2,1,2,1,3,3,2,1,2,2,2,4
"R_6gKc7TJsX3gDNL3",1,48,5,3,3,NA,1,4,1,1,2,2,2,1,1,1,3,2,1,2,2,1,3,2,7,1,1,1
"R_3PFTbj51Z41N2nL",2,29,3,4,2,0,NA,1,2,2,1,1,3,2,1,2,2,1,1,3,1,3,2,1,1,2,3,2
"R_3PFTbj51Z41N2nL",2,29,3,4,2,0,NA,2,3,1,1,1,2,1,1,1,4,1,2,2,2,2,2,1,1,3,2,1
"R_3PFTbj51Z41N2nL",2,29,3,4,2,0,NA,3,1,1,1,2,3,1,1,2,1,2,1,3,2,3,3,2,1,4,1,1
"R_3PFTbj51Z41N2nL",2,29,3,4,2,0,NA,4,2,1,2,1,2,3,2,1,3,1,3,2,3,4,3,1,1,1,1,4
"R_3HH2qP4fr1pnHa5",2,51,5,4,3,NA,0,1,2,2,2,1,2,1,1,1,4,2,1,2,2,1,2,1,1,1,3,4
"R_3HH2qP4fr1pnHa5",2,51,5,4,3,NA,0,2,3,1,1,2,3,3,1,2,3,2,1,2,2,3,2,2,1,3,1,1
"R_3HH2qP4fr1pnHa5",2,51,5,4,3,NA,0,3,3,1,1,2,2,1,2,1,1,1,2,1,3,3,2,1,2,2,2,3
"R_3HH2qP4fr1pnHa5",2,51,5,4,3,NA,0,4,1,2,1,1,2,1,2,2,4,1,1,1,1,1,1,1,1,4,3,2
"R_2QYaXa7Im4RdJ4L",2,54,4,1,1,1,NA,1,3,1,1,2,2,1,1,2,3,2,2,1,2,3,2,1,1,3,2,1
"R_2QYaXa7Im4RdJ4L",2,54,4,1,1,1,NA,2,1,2,2,1,2,2,1,2,4,2,2,2,1,2,2,1,1,4,1,4
"R_2QYaXa7Im4RdJ4L",2,54,4,1,1,1,NA,3,2,2,1,1,2,1,2,2,3,1,1,1,2,2,3,2,1,3,2,2
"R_2QYaXa7Im4RdJ4L",2,54,4,1,1,1,NA,4,2,1,1,1,2,1,1,1,2,1,2,2,2,3,2,2,1,3,3,1
"R_4UB6yrZKrfWKBrz",2,56,4,3,2,0,NA,1,1,2,2,1,2,1,1,1,1,2,1,1,3,3,2,1,1,3,1,1
"R_4UB6yrZKrfWKBrz",2,56,4,3,2,0,NA,2,3,2,1,1,2,3,2,2,3,1,2,1,2,4,2,1,1,1,3,4
"R_4UB6yrZKrfWKBrz",2,56,4,3,2,0,NA,3,2,2,2,2,2,1,1,1,2,2,1,2,4,1,1,2,1,3,1,3
"R_4UB6yrZKrfWKBrz",2,56,4,3,2,0,NA,4,3,2,2,1,2,2,1,1,4,2,2,2,2,4,3,2,1,2,1,4
"R_21HS2NC6QRf9gu5",2,39,6,2,2,1,NA,1,1,2,2,2,3,3,1,1,1,2,1,3,2,3,2,2,1,3,1,1
"R_21HS2NC6QRf9gu5",2,39,6,2,2,1,NA,2,2,2,1,2,3,2,2,1,3,2,1,2,1,2,2,2,1,1,2,3
"R_21HS2NC6QRf9gu5",2,39,6,2,2,1,NA,3,1,1,2,2,3,1,1,1,2,2,1,2,2,3,2,1,1,2,3,2
"R_21HS2NC6QRf9gu5",2,39,6,2,2,1,NA,4,3,2,2,2,3,3,1,1,1,2,1,3,1,4,2,2,1,3,1,1
"R_2dziAGpzlKfl2K5",1,28,5,3,2,0,NA,1,1,1,1,1,3,2,1,2,3,1,3,2,2,3,2,1,1,1,1,1
"R_2dziAGpzlKfl2K5",1,28,5,3,2,0,NA,2,1,2,2,2,2,3,1,1,4,2,1,3,2,4,2,2,1,2,2,2
"R_2dziAGpzlKfl2K5",1,28,5,3,2,0,NA,3,1,2,2,2,2,3,1,1,1,2,1,3,1,3,2,2,1,2,2,4
"R_2dziAGpzlKfl2K5",1,28,5,3,2,0,NA,4,2,2,2,1,2,2,1,2,3,2,2,2,2,3,2,1,1,2,3,1
"R_1K8WZTg4Z8byaqJ",2,55,3,4,1,1,NA,1,2,2,1,1,3,3,1,2,3,1,3,3,2,2,2,1,1,4,3,3
"R_1K8WZTg4Z8byaqJ",2,55,3,4,1,1,NA,2,1,2,2,2,2,1,2,1,1,2,2,2,1,3,2,1,1,1,1,1
"R_1K8WZTg4Z8byaqJ",2,55,3,4,1,1,NA,3,2,2,2,2,3,1,1,1,4,2,1,3,1,4,2,1,2,3,2,2
"R_1K8WZTg4Z8byaqJ",2,55,3,4,1,1,NA,4,2,1,2,1,3,2,1,2,2,1,2,3,2,3,3,2,1,2,2,2
"R_3oAOlAD4ae0rb6q",2,38,3,3,2,0,NA,1,1,2,1,2,2,2,1,1,3,2,2,1,2,3,2,2,1,4,2,2
"R_3oAOlAD4ae0rb6q",2,38,3,3,2,0,NA,2,3,1,2,2,2,2,1,1,3,2,2,1,2,3,2,2,1,1,1,2
"R_3oAOlAD4ae0rb6q",2,38,3,3,2,0,NA,3,3,2,1,2,1,3,1,1,4,2,2,1,2,3,2,2,1,1,2,2
"R_3oAOlAD4ae0rb6q",2,38,3,3,2,0,NA,4,2,1,1,2,2,1,2,1,4,1,2,1,2,3,2,1,1,3,3,1
"R_3pr7mF6pLafJq98",2,37,2,2,3,NA,0,1,1,2,2,2,3,2,1,1,3,2,1,2,2,3,2,1,1,4,3,1
"R_3pr7mF6pLafJq98",2,37,2,2,3,NA,0,2,2,2,2,2,3,3,1,1,4,2,2,3,2,3,2,1,1,1,2,3
"R_3pr7mF6pLafJq98",2,37,2,2,3,NA,0,3,3,1,1,2,2,3,1,2,2,1,2,1,1,4,2,2,1,4,3,4
"R_3pr7mF6pLafJq98",2,37,2,2,3,NA,0,4,2,2,2,1,2,3,1,2,3,1,2,2,4,2,2,1,1,2,1,1
"R_1OlF5Cd1yWm4PKd",1,33,3,1,2,0,NA,1,3,1,2,2,3,2,1,1,3,2,2,3,1,4,2,2,1,4,1,4
"R_1OlF5Cd1yWm4PKd",1,33,3,1,2,0,NA,2,2,1,1,2,2,1,2,2,4,1,3,2,2,3,2,1,2,2,3,2
"R_1OlF5Cd1yWm4PKd",1,33,3,1,2,0,NA,3,3,1,1,1,2,3,1,2,2,1,3,2,3,2,3,2,7,4,3,1
"R_1OlF5Cd1yWm4PKd",1,33,3,1,2,0,NA,4,2,2,2,2,2,1,1,1,1,2,1,1,4,4,3,1,1,2,2,1
"R_3DYTwwxiPCiRYg9",1,24,3,2,4,NA,-1,1,2,1,1,2,3,3,1,1,3,1,1,3,2,1,2,1,1,4,2,1
"R_3DYTwwxiPCiRYg9",1,24,3,2,4,NA,-1,2,2,1,1,1,3,3,1,2,3,1,2,2,2,3,3,1,1,2,3,1
"R_3DYTwwxiPCiRYg9",1,24,3,2,4,NA,-1,3,3,2,1,1,2,2,1,2,1,2,1,2,1,4,2,2,1,1,1,3
"R_3DYTwwxiPCiRYg9",1,24,3,2,4,NA,-1,4,3,1,1,1,2,2,1,2,3,1,1,2,1,4,2,2,1,3,3,3
"R_2aLcQ7ILDMwazQH",1,27,5,2,1,0,NA,1,2,1,2,2,3,2,1,1,3,2,1,2,1,3,2,2,1,4,3,4
"R_2aLcQ7ILDMwazQH",1,27,5,2,1,0,NA,2,1,1,2,2,3,2,1,1,3,2,1,2,1,3,2,2,1,3,3,4
"R_2aLcQ7ILDMwazQH",1,27,5,2,1,0,NA,3,1,1,2,2,3,2,1,1,3,2,1,2,1,3,2,2,1,3,3,4
"R_2aLcQ7ILDMwazQH",1,27,5,2,1,0,NA,4,2,2,2,1,3,3,1,2,2,1,3,2,2,2,2,1,1,2,2,2
"R_2TzPKX1b9VNE01B",1,25,6,3,2,1,NA,1,3,1,2,2,3,3,2,2,2,2,2,1,4,2,2,1,3,1,1,2
"R_2TzPKX1b9VNE01B",1,25,6,3,2,1,NA,2,1,1,1,2,2,2,2,1,2,2,2,2,1,2,1,1,1,2,1,3
"R_2TzPKX1b9VNE01B",1,25,6,3,2,1,NA,3,1,1,2,1,2,2,2,1,2,2,2,2,3,2,2,1,2,3,2,3
"R_2TzPKX1b9VNE01B",1,25,6,3,2,1,NA,4,3,1,1,1,2,1,2,1,1,1,2,2,3,3,2,2,7,4,2,4
"R_2V1jYJC8ty4vrqS",1,30,2,1,3,NA,-1,1,1,2,1,1,2,1,1,1,1,1,2,2,2,3,2,1,1,2,2,1
"R_2V1jYJC8ty4vrqS",1,30,2,1,3,NA,-1,2,2,1,2,1,2,2,1,1,4,2,1,2,2,2,2,1,1,1,2,2
"R_2V1jYJC8ty4vrqS",1,30,2,1,3,NA,-1,3,1,2,2,2,2,1,1,1,2,2,1,2,2,1,2,2,1,4,1,3
"R_2V1jYJC8ty4vrqS",1,30,2,1,3,NA,-1,4,3,2,2,1,2,3,1,2,2,2,2,2,2,3,2,2,1,3,1,4
"R_26gynMefUIDmjqo",1,29,4,2,3,NA,0,1,1,2,1,1,3,2,1,2,3,1,2,3,2,3,2,1,1,3,3,1
"R_26gynMefUIDmjqo",1,29,4,2,3,NA,0,2,1,1,2,1,3,3,1,2,3,1,2,3,2,3,2,1,1,4,2,2
"R_26gynMefUIDmjqo",1,29,4,2,3,NA,0,3,2,2,1,1,3,2,1,2,1,1,2,3,2,3,2,2,1,4,2,4
"R_26gynMefUIDmjqo",1,29,4,2,3,NA,0,4,3,2,1,2,3,3,1,1,3,2,2,3,2,3,2,2,1,1,1,2
"R_d07ohRrVRVQgknf",1,32,5,4,1,0,NA,1,3,2,1,1,2,3,1,2,1,1,2,2,1,3,2,1,1,1,1,3
"R_d07ohRrVRVQgknf",1,32,5,4,1,0,NA,2,3,2,2,1,2,3,1,2,3,1,2,2,2,3,2,1,1,4,1,2
"R_d07ohRrVRVQgknf",1,32,5,4,1,0,NA,3,1,1,1,2,3,3,1,1,1,2,2,2,2,3,2,2,1,2,1,3
"R_d07ohRrVRVQgknf",1,32,5,4,1,0,NA,4,3,1,1,2,2,3,1,1,1,2,2,2,2,4,2,2,1,1,1,3
"R_3Gk9SO5CqMY6pPe",1,35,5,2,3,NA,0,1,1,2,2,2,3,2,1,2,3,1,1,2,2,2,2,1,3,4,2,1
"R_3Gk9SO5CqMY6pPe",1,35,5,2,3,NA,0,2,3,2,1,2,3,3,1,2,3,2,2,3,2,3,2,2,2,1,1,2
"R_3Gk9SO5CqMY6pPe",1,35,5,2,3,NA,0,3,1,2,1,2,2,1,2,1,2,1,1,2,1,1,3,1,7,4,3,2
"R_3Gk9SO5CqMY6pPe",1,35,5,2,3,NA,0,4,1,2,2,1,2,2,2,2,2,1,1,2,1,2,2,2,2,1,1,3
"R_3HoBeONGjOalSVN",2,33,3,2,3,NA,-1,1,2,2,1,2,3,3,1,1,2,2,1,2,2,3,2,1,1,2,2,1
"R_3HoBeONGjOalSVN",2,33,3,2,3,NA,-1,2,1,1,1,1,2,1,1,2,1,1,3,1,1,3,2,1,1,3,1,3
"R_3HoBeONGjOalSVN",2,33,3,2,3,NA,-1,3,2,1,1,1,3,2,1,1,4,2,1,2,1,4,2,2,1,4,3,2
"R_3HoBeONGjOalSVN",2,33,3,2,3,NA,-1,4,3,2,2,1,1,1,1,1,3,2,1,3,2,4,2,2,1,3,2,1
"R_3gNveWONoJ0iK71",1,40,3,2,1,1,NA,1,3,2,2,1,3,2,1,2,3,1,3,2,3,3,2,2,1,3,2,2
"R_3gNveWONoJ0iK71",1,40,3,2,1,1,NA,2,3,2,2,1,3,2,1,2,3,1,3,2,3,3,2,2,1,2,2,2
"R_3gNveWONoJ0iK71",1,40,3,2,1,1,NA,3,3,1,2,2,3,2,1,1,3,2,1,2,1,3,2,2,1,4,1,3
"R_3gNveWONoJ0iK71",1,40,3,2,1,1,NA,4,1,1,2,2,3,2,1,1,3,2,1,2,2,3,2,2,2,3,1,2
"R_2sSDUX62DguKAjm",2,28,2,1,2,1,NA,1,1,2,1,1,2,3,1,2,2,1,2,2,1,3,2,2,1,2,1,2
"R_2sSDUX62DguKAjm",2,28,2,1,2,1,NA,2,1,1,1,2,3,2,1,1,1,2,1,3,2,3,2,2,1,3,1,4
"R_2sSDUX62DguKAjm",2,28,2,1,2,1,NA,3,3,2,1,2,3,3,1,1,4,2,1,2,2,4,2,2,1,1,3,1
"R_2sSDUX62DguKAjm",2,28,2,1,2,1,NA,4,2,1,1,2,2,1,2,2,1,2,2,1,3,2,2,1,2,4,3,3
"R_27qEoIvNbEJvG9f",2,30,5,4,3,NA,-1,1,2,2,2,1,3,2,1,1,2,2,1,3,2,3,2,1,1,4,2,3
"R_27qEoIvNbEJvG9f",2,30,5,4,3,NA,-1,2,3,2,1,1,2,3,1,1,4,1,2,3,2,3,2,1,1,1,1,4
"R_27qEoIvNbEJvG9f",2,30,5,4,3,NA,-1,3,2,1,1,2,3,2,2,1,1,1,2,3,2,3,2,1,1,2,3,2
"R_27qEoIvNbEJvG9f",2,30,5,4,3,NA,-1,4,2,2,2,2,3,3,1,1,2,2,1,3,2,3,2,1,1,3,1,1
"R_VW3Q8YsrJzBRufL",1,61,3,1,1,0,NA,1,1,2,2,1,2,1,1,2,2,2,2,3,1,3,2,2,7,4,1,1
"R_VW3Q8YsrJzBRufL",1,61,3,1,1,0,NA,2,3,2,1,2,2,3,2,2,2,1,2,3,1,4,2,2,1,4,1,2
"R_VW3Q8YsrJzBRufL",1,61,3,1,1,0,NA,3,1,2,1,1,2,1,1,2,2,1,3,3,1,3,2,1,1,4,3,4
"R_VW3Q8YsrJzBRufL",1,61,3,1,1,0,NA,4,1,2,2,2,2,3,1,1,2,2,2,3,2,3,2,2,1,3,3,1
"R_1Ca4o7I8iLHvRYn",2,37,6,2,3,NA,0,1,1,1,2,1,2,1,1,1,3,2,2,2,1,3,2,2,2,4,2,3
"R_1Ca4o7I8iLHvRYn",2,37,6,2,3,NA,0,2,3,1,1,2,3,3,1,2,1,1,2,3,2,2,3,1,1,2,1,2
"R_1Ca4o7I8iLHvRYn",2,37,6,2,3,NA,0,3,1,1,1,2,2,1,1,1,4,1,3,1,1,3,2,1,1,1,3,1
"R_1Ca4o7I8iLHvRYn",2,37,6,2,3,NA,0,4,1,2,1,2,2,1,2,1,2,2,1,2,1,1,1,1,1,2,1,4
"R_3dEoxAz8Xuvg6jJ",2,20,3,1,2,0,NA,1,3,2,1,1,3,3,1,1,1,1,1,3,2,3,2,2,1,1,2,2
"R_3dEoxAz8Xuvg6jJ",2,20,3,1,2,0,NA,2,3,1,1,1,3,3,1,1,1,1,1,2,2,3,2,2,1,3,3,3
"R_3dEoxAz8Xuvg6jJ",2,20,3,1,2,0,NA,3,2,1,1,1,3,1,1,1,4,1,1,2,1,2,2,1,1,1,2,3
"R_3dEoxAz8Xuvg6jJ",2,20,3,1,2,0,NA,4,2,2,2,2,3,3,2,2,4,2,1,3,1,3,2,2,1,1,3,2
"R_3P4YhidBE1Qi1VH",1,26,2,2,2,0,NA,1,3,1,1,1,3,2,1,2,3,2,3,2,2,4,2,1,1,2,2,3
"R_3P4YhidBE1Qi1VH",1,26,2,2,2,0,NA,2,1,2,2,1,2,1,1,1,4,1,1,1,1,3,2,1,1,3,1,4
"R_3P4YhidBE1Qi1VH",1,26,2,2,2,0,NA,3,3,2,1,2,2,3,1,1,2,1,1,2,1,2,2,1,1,3,2,2
"R_3P4YhidBE1Qi1VH",1,26,2,2,2,0,NA,4,1,1,2,1,3,2,1,2,3,1,3,2,2,3,2,1,1,2,3,1
"R_32R2OHxM8J7XVNp",2,35,3,1,2,0,NA,1,1,1,1,1,2,1,1,2,3,1,2,2,4,3,2,2,2,1,1,3
"R_32R2OHxM8J7XVNp",2,35,3,1,2,0,NA,2,2,1,1,1,2,1,2,2,2,1,3,1,2,2,1,1,1,2,3,2
"R_32R2OHxM8J7XVNp",2,35,3,1,2,0,NA,3,2,1,1,1,3,3,1,2,4,1,2,3,1,3,2,2,1,4,2,4
"R_32R2OHxM8J7XVNp",2,35,3,1,2,0,NA,4,3,2,2,1,1,1,1,1,1,2,1,1,3,4,2,2,1,2,2,1
"R_3fjZyizEAsDf5hF",2,29,6,3,3,NA,0,1,2,2,1,1,3,2,1,2,3,1,2,2,2,2,2,1,1,1,2,2
"R_3fjZyizEAsDf5hF",2,29,6,3,3,NA,0,2,3,1,2,2,3,3,2,1,1,2,1,3,1,4,2,2,1,1,1,4
"R_3fjZyizEAsDf5hF",2,29,6,3,3,NA,0,3,2,2,1,2,3,2,1,1,2,2,2,3,1,3,1,1,1,2,2,1
"R_3fjZyizEAsDf5hF",2,29,6,3,3,NA,0,4,3,1,2,1,3,1,1,2,2,1,3,2,2,2,2,1,1,1,3,2
"R_O8TmBJ434sUVCoN",1,73,4,1,3,NA,1,1,2,2,1,1,3,1,2,2,3,1,3,2,2,1,2,1,1,3,3,1
"R_O8TmBJ434sUVCoN",1,73,4,1,3,NA,1,2,3,2,2,2,2,3,1,1,2,2,1,2,1,2,2,1,1,4,1,2
"R_O8TmBJ434sUVCoN",1,73,4,1,3,NA,1,3,1,2,1,1,2,1,2,2,3,1,3,1,3,1,1,1,1,2,3,1
"R_O8TmBJ434sUVCoN",1,73,4,1,3,NA,1,4,1,1,2,1,2,1,1,2,3,1,3,1,2,2,2,1,2,3,3,1
"R_x3rdz7dTn8uyvbr",2,35,3,2,3,NA,0,1,2,1,2,2,3,2,1,1,2,2,1,2,2,4,2,1,1,3,2,1
"R_x3rdz7dTn8uyvbr",2,35,3,2,3,NA,0,2,2,2,1,1,1,3,1,2,4,1,3,3,2,1,2,1,1,3,3,2
"R_x3rdz7dTn8uyvbr",2,35,3,2,3,NA,0,3,2,2,1,1,2,2,1,2,3,1,3,3,1,2,2,1,7,1,1,3
"R_x3rdz7dTn8uyvbr",2,35,3,2,3,NA,0,4,1,1,2,2,3,2,1,1,4,2,1,2,2,3,2,2,1,3,2,4
"R_2duSO0DesbBKcl5",1,52,5,1,2,1,NA,1,3,1,1,2,2,1,2,2,4,1,2,3,2,3,2,1,1,2,2,1
"R_2duSO0DesbBKcl5",1,52,5,1,2,1,NA,2,1,1,2,1,1,2,1,1,1,2,1,3,1,4,2,2,1,1,1,2
"R_2duSO0DesbBKcl5",1,52,5,1,2,1,NA,3,1,2,1,2,2,3,1,1,1,2,2,3,4,3,2,1,1,4,3,2
"R_2duSO0DesbBKcl5",1,52,5,1,2,1,NA,4,2,2,1,2,2,1,1,1,2,2,2,3,2,3,2,1,1,4,2,4
"R_eLQPM3ExiLvx2Cd",1,25,5,2,3,NA,0,1,1,1,1,1,2,2,1,2,1,1,3,2,2,2,2,1,1,1,3,1
"R_eLQPM3ExiLvx2Cd",1,25,5,2,3,NA,0,2,1,2,2,1,2,2,1,1,2,2,1,2,2,2,2,1,1,1,1,4
"R_eLQPM3ExiLvx2Cd",1,25,5,2,3,NA,0,3,1,1,2,2,2,2,1,1,3,2,2,2,2,2,2,2,1,2,1,2
"R_eLQPM3ExiLvx2Cd",1,25,5,2,3,NA,0,4,1,1,2,2,2,3,1,1,4,2,1,2,2,2,2,2,1,3,3,3
"R_3ktyhJLXK7KWBou",1,33,5,4,1,0,NA,1,1,2,2,1,2,1,1,2,2,2,2,1,1,4,2,2,1,4,1,1
"R_3ktyhJLXK7KWBou",1,33,5,4,1,0,NA,2,1,2,1,1,2,1,1,2,2,2,2,1,1,4,2,2,1,4,1,1
"R_3ktyhJLXK7KWBou",1,33,5,4,1,0,NA,3,3,1,2,1,2,1,1,2,1,2,2,1,1,4,2,2,1,4,1,1
"R_3ktyhJLXK7KWBou",1,33,5,4,1,0,NA,4,1,1,2,2,2,1,1,1,1,2,3,1,4,4,2,1,1,4,1,1
"R_2wKB0vor89ooMeb",1,37,3,2,4,NA,-1,1,2,1,1,2,2,1,2,1,4,2,1,2,1,3,2,1,1,2,2,2
"R_2wKB0vor89ooMeb",1,37,3,2,4,NA,-1,2,1,1,2,2,3,1,1,1,2,2,1,3,2,2,3,1,1,4,3,1
"R_2wKB0vor89ooMeb",1,37,3,2,4,NA,-1,3,1,1,2,2,2,1,2,1,1,2,1,1,3,3,2,1,1,3,1,3
"R_2wKB0vor89ooMeb",1,37,3,2,4,NA,-1,4,1,2,1,1,3,1,1,1,4,2,2,3,2,1,1,1,1,1,2,1
"R_21aq7OHmlm29NgG",2,50,3,3,2,1,NA,1,3,1,2,2,3,3,1,1,2,2,2,2,2,3,2,1,1,3,2,2
"R_21aq7OHmlm29NgG",2,50,3,3,2,1,NA,2,1,2,1,1,2,1,1,2,3,1,3,2,2,3,2,2,1,4,1,1
"R_21aq7OHmlm29NgG",2,50,3,3,2,1,NA,3,2,2,1,2,2,3,2,1,4,2,2,1,3,2,2,1,1,2,3,4
"R_21aq7OHmlm29NgG",2,50,3,3,2,1,NA,4,3,1,2,2,3,2,1,1,1,2,1,3,1,2,3,2,1,1,1,2
"R_UcLcD74z0b5igWB",1,70,2,2,1,0,NA,1,1,1,2,2,2,3,1,1,4,2,1,1,2,3,2,2,1,1,1,2
"R_UcLcD74z0b5igWB",1,70,2,2,1,0,NA,2,3,2,2,1,3,3,1,2,1,1,3,2,2,2,2,1,1,2,1,4
"R_UcLcD74z0b5igWB",1,70,2,2,1,0,NA,3,2,2,2,2,2,3,1,1,4,2,1,2,1,3,2,2,1,3,2,2
"R_UcLcD74z0b5igWB",1,70,2,2,1,0,NA,4,3,2,1,2,3,1,1,1,1,2,1,2,2,4,2,2,1,1,3,4
"R_3sjij4YyPltA0G1",1,33,6,3,4,NA,0,1,1,1,2,2,3,2,1,1,3,1,1,2,2,2,2,1,1,2,1,1
"R_3sjij4YyPltA0G1",1,33,6,3,4,NA,0,2,3,1,2,2,2,3,1,1,4,2,2,3,2,4,2,2,1,4,3,4
"R_3sjij4YyPltA0G1",1,33,6,3,4,NA,0,3,2,1,1,2,3,2,1,1,1,2,2,3,1,3,2,2,1,4,2,4
"R_3sjij4YyPltA0G1",1,33,6,3,4,NA,0,4,2,2,2,1,2,3,1,2,3,2,3,3,2,2,2,1,2,1,2,3
"R_3NDRHs4dKzGplR8",2,46,3,4,1,0,NA,1,2,2,2,2,2,3,1,1,3,2,1,1,2,4,2,2,1,3,1,1
"R_3NDRHs4dKzGplR8",2,46,3,4,1,0,NA,2,1,2,2,2,2,1,1,1,3,2,1,1,1,3,2,1,1,1,1,2
"R_3NDRHs4dKzGplR8",2,46,3,4,1,0,NA,3,1,2,2,2,2,1,1,1,4,2,1,1,1,3,2,1,1,3,3,3
"R_3NDRHs4dKzGplR8",2,46,3,4,1,0,NA,4,3,2,2,2,2,2,1,1,4,2,1,2,3,4,2,2,1,3,1,2
"R_z07aqCd6NQVea1b",1,33,6,5,2,1,NA,1,3,2,2,1,2,1,1,1,3,2,1,3,2,3,3,1,1,3,3,3
"R_z07aqCd6NQVea1b",1,33,6,5,2,1,NA,2,1,2,2,1,2,1,1,1,3,2,1,2,1,3,2,1,1,3,3,3
"R_z07aqCd6NQVea1b",1,33,6,5,2,1,NA,3,1,1,1,1,3,1,1,2,3,1,3,2,2,3,2,1,1,3,2,2
"R_z07aqCd6NQVea1b",1,33,6,5,2,1,NA,4,1,1,1,1,3,1,1,2,3,1,3,2,2,3,2,1,1,3,3,2
"R_2WHBJZiCdX6BvYY",1,42,5,2,3,NA,-1,1,3,1,1,2,3,2,2,2,2,1,2,3,2,3,2,1,1,1,1,1
"R_2WHBJZiCdX6BvYY",1,42,5,2,3,NA,-1,2,1,2,1,2,3,1,1,1,1,2,2,2,2,3,2,1,1,1,3,4
"R_2WHBJZiCdX6BvYY",1,42,5,2,3,NA,-1,3,3,1,1,2,3,2,2,2,2,1,2,3,2,3,2,1,1,2,2,4
"R_2WHBJZiCdX6BvYY",1,42,5,2,3,NA,-1,4,1,2,2,1,2,1,1,1,1,2,1,2,2,3,2,2,1,1,1,4
"R_2ZVO05liwGqwgpd",1,26,3,2,3,NA,0,1,1,2,2,2,2,2,1,1,4,2,1,3,1,3,2,1,1,1,2,1
"R_2ZVO05liwGqwgpd",1,26,3,2,3,NA,0,2,3,2,2,1,2,2,1,2,2,1,2,2,2,2,2,1,1,2,2,3
"R_2ZVO05liwGqwgpd",1,26,3,2,3,NA,0,3,1,1,2,1,2,2,1,2,2,1,2,2,2,2,2,1,1,2,2,4
"R_2ZVO05liwGqwgpd",1,26,3,2,3,NA,0,4,1,1,1,2,2,3,2,2,4,1,2,2,2,1,2,1,1,1,3,2
"R_33eAa4QhIwz6zR2",1,50,4,3,1,1,NA,1,1,1,1,2,2,3,2,2,3,2,2,2,2,3,2,1,1,3,3,3
"R_33eAa4QhIwz6zR2",1,50,4,3,1,1,NA,2,3,1,2,2,3,3,1,1,3,2,1,2,2,4,2,2,1,1,3,1
"R_33eAa4QhIwz6zR2",1,50,4,3,1,1,NA,3,1,1,1,2,2,3,1,2,3,2,2,2,2,3,2,1,1,4,3,3
"R_33eAa4QhIwz6zR2",1,50,4,3,1,1,NA,4,3,1,1,1,2,3,1,1,4,1,2,2,2,3,2,1,1,1,1,2
"R_1pMeC4AZVSEpOW5",2,38,5,3,3,NA,0,1,3,1,2,1,3,3,1,2,3,1,3,2,2,4,2,2,2,4,2,1
"R_1pMeC4AZVSEpOW5",2,38,5,3,3,NA,0,2,3,2,2,2,2,1,1,1,1,2,1,3,1,4,2,1,1,1,3,3
"R_1pMeC4AZVSEpOW5",2,38,5,3,3,NA,0,3,1,2,1,2,3,1,1,1,2,2,1,2,2,3,2,1,1,2,2,4
"R_1pMeC4AZVSEpOW5",2,38,5,3,3,NA,0,4,2,2,1,1,2,1,1,2,3,1,3,2,2,3,2,2,1,4,3,4
"R_vjkKhlh3gY8dbkR",2,41,6,4,1,0,NA,1,3,2,2,1,3,1,1,1,3,2,1,3,1,4,2,2,1,4,1,3
"R_vjkKhlh3gY8dbkR",2,41,6,4,1,0,NA,2,1,2,1,1,2,3,1,2,4,1,2,2,2,3,2,1,1,3,2,2
"R_vjkKhlh3gY8dbkR",2,41,6,4,1,0,NA,3,1,1,1,1,3,2,2,1,1,2,2,3,1,2,2,1,3,2,3,4
"R_vjkKhlh3gY8dbkR",2,41,6,4,1,0,NA,4,3,2,2,2,2,1,1,1,1,1,1,2,4,3,3,1,7,4,2,1
"R_1jeIVTZn4jHbPwO",2,22,3,1,3,NA,-1,1,2,1,2,1,2,1,1,2,3,1,2,1,1,1,2,1,1,2,2,3
"R_1jeIVTZn4jHbPwO",2,22,3,1,3,NA,-1,2,1,1,1,1,2,3,2,2,3,1,3,1,3,3,2,1,1,4,1,1
"R_1jeIVTZn4jHbPwO",2,22,3,1,3,NA,-1,3,3,1,1,2,3,3,1,1,4,2,2,2,2,4,2,1,1,1,1,4
"R_1jeIVTZn4jHbPwO",2,22,3,1,3,NA,-1,4,2,1,1,2,3,2,1,1,3,2,2,2,2,3,2,1,1,1,1,3
"R_ZehTuce95x4uXmx",2,19,2,1,1,1,NA,1,3,1,2,2,2,2,1,1,2,2,2,2,1,2,1,2,1,1,3,4
"R_ZehTuce95x4uXmx",2,19,2,1,1,1,NA,2,2,2,1,2,2,3,2,1,3,1,3,3,2,2,2,1,1,1,1,1
"R_ZehTuce95x4uXmx",2,19,2,1,1,1,NA,3,2,2,2,1,1,1,1,1,3,1,2,3,3,3,2,2,2,2,2,4
"R_ZehTuce95x4uXmx",2,19,2,1,1,1,NA,4,2,1,2,1,1,1,1,2,2,2,1,2,2,2,2,1,2,3,3,2
"R_3jTnU6L9RgqwgVQ",1,42,5,2,2,0,NA,1,3,2,2,2,2,3,1,1,2,2,1,2,2,3,2,1,1,3,3,2
"R_3jTnU6L9RgqwgVQ",1,42,5,2,2,0,NA,2,2,1,1,1,2,1,1,1,4,2,2,1,1,1,3,1,7,4,1,1
"R_3jTnU6L9RgqwgVQ",1,42,5,2,2,0,NA,3,3,2,1,2,2,2,1,1,4,1,2,1,4,1,1,1,1,4,3,1
"R_3jTnU6L9RgqwgVQ",1,42,5,2,2,0,NA,4,1,1,1,1,2,3,1,1,3,1,2,1,4,1,3,1,2,1,3,1
"R_3L4EQfPboNAvxnl",1,32,5,2,2,0,NA,1,3,2,2,1,1,1,1,1,4,2,2,2,1,3,2,1,1,3,3,3
"R_3L4EQfPboNAvxnl",1,32,5,2,2,0,NA,2,1,1,1,2,2,1,2,2,3,1,2,1,3,2,3,1,1,4,2,1
"R_3L4EQfPboNAvxnl",1,32,5,2,2,0,NA,3,3,2,1,1,3,3,2,2,1,1,3,3,2,4,2,1,1,2,3,2
"R_3L4EQfPboNAvxnl",1,32,5,2,2,0,NA,4,1,1,2,1,1,1,1,1,2,2,2,1,4,3,2,2,7,1,1,4
"R_23fu7jbLzWfepYd",1,34,4,3,3,NA,0,1,3,2,1,2,3,2,1,1,3,1,3,2,1,4,2,1,1,2,1,3
"R_23fu7jbLzWfepYd",1,34,4,3,3,NA,0,2,1,1,2,1,3,3,1,2,4,2,1,3,2,3,2,2,1,4,2,1
"R_23fu7jbLzWfepYd",1,34,4,3,3,NA,0,3,2,2,1,2,3,1,2,1,4,1,2,3,1,1,2,1,1,3,1,3
"R_23fu7jbLzWfepYd",1,34,4,3,3,NA,0,4,1,2,1,2,3,3,2,1,2,1,2,2,2,3,2,1,1,2,3,4
"R_3IZiAL36Dp9Vy8R",1,31,3,4,3,NA,0,1,3,2,2,2,3,1,1,1,1,2,1,3,1,2,2,1,1,2,3,1
"R_3IZiAL36Dp9Vy8R",1,31,3,4,3,NA,0,2,2,2,2,1,2,2,2,2,4,2,1,3,2,2,2,1,1,3,3,1
"R_3IZiAL36Dp9Vy8R",1,31,3,4,3,NA,0,3,2,1,2,1,1,3,1,2,1,1,3,2,2,1,2,1,7,1,2,3
"R_3IZiAL36Dp9Vy8R",1,31,3,4,3,NA,0,4,2,2,1,1,2,1,2,1,3,1,3,1,2,1,2,1,1,1,1,4
"R_1d0QkNMLLgLcTqt",1,31,4,2,2,0,NA,1,2,2,2,1,3,3,1,1,3,2,1,2,1,4,2,1,1,1,2,1
"R_1d0QkNMLLgLcTqt",1,31,4,2,2,0,NA,2,2,2,1,2,2,2,1,1,4,1,2,1,4,1,2,1,1,4,1,3
"R_1d0QkNMLLgLcTqt",1,31,4,2,2,0,NA,3,1,1,2,1,2,1,2,1,1,2,2,1,3,1,3,1,1,4,3,2
"R_1d0QkNMLLgLcTqt",1,31,4,2,2,0,NA,4,2,1,1,2,2,1,1,2,3,1,3,1,2,1,1,1,2,4,1,4
"R_1FwUuTfp5uQiTmc",2,58,5,2,2,0,NA,1,1,1,1,1,2,1,1,2,4,1,2,2,2,3,3,1,1,1,3,1
"R_1FwUuTfp5uQiTmc",2,58,5,2,2,0,NA,2,3,1,1,1,2,3,1,2,3,1,2,3,2,2,2,2,1,2,1,1
"R_1FwUuTfp5uQiTmc",2,58,5,2,2,0,NA,3,1,1,1,1,2,1,1,2,4,1,2,1,1,3,2,1,1,1,2,1
"R_1FwUuTfp5uQiTmc",2,58,5,2,2,0,NA,4,1,2,2,2,2,1,2,1,1,2,1,1,1,3,2,1,7,2,1,2
"R_2fJNEvVzS6QVYqp",2,30,2,1,4,NA,0,1,3,2,2,2,3,3,1,1,3,2,1,3,1,3,2,1,1,2,2,2
"R_2fJNEvVzS6QVYqp",2,30,2,1,4,NA,0,2,2,1,2,2,2,3,1,2,1,2,1,3,4,4,2,1,1,4,3,4
"R_2fJNEvVzS6QVYqp",2,30,2,1,4,NA,0,3,3,1,1,1,3,2,1,2,2,1,3,2,2,3,2,1,7,1,2,1
"R_2fJNEvVzS6QVYqp",2,30,2,1,4,NA,0,4,2,2,1,2,2,3,1,2,1,2,1,3,4,2,2,2,1,3,2,3
"R_3gL8eGo9aoKn6yC",2,58,6,1,2,1,NA,1,3,1,1,2,2,3,1,1,1,2,2,2,2,3,2,1,7,2,2,4
"R_3gL8eGo9aoKn6yC",2,58,6,1,2,1,NA,2,3,2,1,2,2,3,2,1,2,2,2,1,1,2,3,1,1,1,2,1
"R_3gL8eGo9aoKn6yC",2,58,6,1,2,1,NA,3,2,1,1,1,3,2,1,2,3,1,3,3,2,4,2,1,1,3,3,3
"R_3gL8eGo9aoKn6yC",2,58,6,1,2,1,NA,4,1,1,1,2,2,1,1,2,4,1,3,1,3,1,1,2,2,3,2,2
"R_3ikgrU8FiYqqYa6",2,64,3,2,3,NA,0,1,2,2,1,2,3,1,1,1,1,2,1,3,2,3,2,1,1,2,3,2
"R_3ikgrU8FiYqqYa6",2,64,3,2,3,NA,0,2,1,2,1,1,2,1,1,2,3,1,2,2,1,3,2,1,1,4,2,3
"R_3ikgrU8FiYqqYa6",2,64,3,2,3,NA,0,3,1,1,1,2,2,1,2,2,4,2,2,2,1,2,2,1,7,3,3,3
"R_3ikgrU8FiYqqYa6",2,64,3,2,3,NA,0,4,1,2,1,2,3,1,1,1,2,2,2,2,2,3,2,1,1,1,1,4
"R_1mIYUh8Wu6lVeRi",1,47,5,4,1,0,NA,1,2,2,2,2,3,2,1,1,3,2,1,2,2,2,2,1,1,3,1,1
"R_1mIYUh8Wu6lVeRi",1,47,5,4,1,0,NA,2,1,2,2,2,3,1,1,1,4,2,1,2,2,2,1,1,1,4,3,4
"R_1mIYUh8Wu6lVeRi",1,47,5,4,1,0,NA,3,3,1,1,1,2,3,2,2,2,1,2,3,2,3,2,1,2,2,2,3
"R_1mIYUh8Wu6lVeRi",1,47,5,4,1,0,NA,4,1,1,2,2,2,1,1,1,2,2,1,2,2,3,2,2,1,4,3,1
"R_2flMaCoxMBK7Cw4",1,47,3,1,3,NA,0,1,3,1,2,2,2,1,1,2,1,2,2,1,3,2,1,1,1,4,3,3
"R_2flMaCoxMBK7Cw4",1,47,3,1,3,NA,0,2,1,2,1,1,2,1,1,2,3,1,3,1,3,4,1,1,1,2,1,4
"R_2flMaCoxMBK7Cw4",1,47,3,1,3,NA,0,3,3,2,1,2,2,1,1,1,2,2,2,1,1,3,2,1,1,2,1,4
"R_2flMaCoxMBK7Cw4",1,47,3,1,3,NA,0,4,2,2,2,1,2,1,2,2,2,1,3,1,2,3,2,1,1,4,2,2
"R_2tEe8clHKcjQQkr",2,27,5,5,3,NA,0,1,1,1,2,2,2,2,1,1,1,2,1,2,2,3,2,1,1,4,3,3
"R_2tEe8clHKcjQQkr",2,27,5,5,3,NA,0,2,3,1,2,1,2,3,1,2,2,1,2,3,1,4,2,2,1,1,3,2
"R_2tEe8clHKcjQQkr",2,27,5,5,3,NA,0,3,3,2,2,1,3,3,1,2,3,1,2,2,2,4,2,2,1,3,2,4
"R_2tEe8clHKcjQQkr",2,27,5,5,3,NA,0,4,1,1,1,1,2,1,2,2,4,1,3,1,3,1,1,1,2,2,1,1
"R_vGr6KVHcWnKBCCJ",1,37,5,2,1,0,NA,1,2,2,1,1,3,3,1,2,2,1,3,2,2,2,2,1,1,4,2,2
"R_vGr6KVHcWnKBCCJ",1,37,5,2,1,0,NA,2,2,2,1,1,3,3,1,2,2,1,3,2,2,2,2,1,1,4,2,4
"R_vGr6KVHcWnKBCCJ",1,37,5,2,1,0,NA,3,2,2,2,2,2,3,1,1,3,2,2,2,1,4,2,2,1,2,3,3
"R_vGr6KVHcWnKBCCJ",1,37,5,2,1,0,NA,4,3,1,1,1,3,3,1,2,2,1,3,2,2,2,3,1,1,4,2,4
"R_3oZNf4A7zzAuqvR",1,45,3,2,3,NA,-1,1,2,2,2,1,3,1,1,2,3,1,2,3,1,4,2,2,1,2,3,2
"R_3oZNf4A7zzAuqvR",1,45,3,2,3,NA,-1,2,2,2,1,2,3,3,1,1,3,2,1,3,2,3,2,2,1,3,2,3
"R_3oZNf4A7zzAuqvR",1,45,3,2,3,NA,-1,3,1,1,1,1,3,3,1,2,3,1,2,2,2,3,2,2,7,2,1,1
"R_3oZNf4A7zzAuqvR",1,45,3,2,3,NA,-1,4,2,2,1,2,2,3,1,1,3,2,2,3,1,3,2,2,1,4,2,3
"R_1kUkhUfD4QKRWyc",2,19,1,3,3,NA,0,1,1,2,2,1,3,2,1,1,3,2,1,3,1,2,2,1,1,4,2,1
"R_1kUkhUfD4QKRWyc",2,19,1,3,3,NA,0,2,2,1,2,1,2,3,1,2,4,2,2,2,3,3,2,2,7,2,3,2
"R_1kUkhUfD4QKRWyc",2,19,1,3,3,NA,0,3,3,1,2,2,3,3,1,1,3,2,1,2,2,4,2,2,1,3,1,2
"R_1kUkhUfD4QKRWyc",2,19,1,3,3,NA,0,4,3,1,1,1,2,1,1,2,4,1,3,2,3,3,3,1,1,4,2,1
"R_3fqx7vDLd0RFvqX",1,23,5,4,1,0,NA,1,1,1,1,2,2,1,2,1,3,1,2,2,1,1,1,1,7,3,2,3
"R_3fqx7vDLd0RFvqX",1,23,5,4,1,0,NA,2,3,1,1,2,3,3,1,1,4,1,1,1,2,3,2,1,1,2,3,1
"R_3fqx7vDLd0RFvqX",1,23,5,4,1,0,NA,3,1,1,2,1,2,2,1,2,4,2,2,2,1,3,2,1,1,1,2,3
"R_3fqx7vDLd0RFvqX",1,23,5,4,1,0,NA,4,3,1,1,1,3,3,1,2,1,1,2,2,2,4,2,1,1,2,3,4
"R_2bQ77z9COGw25nD",1,33,5,4,3,NA,-1,1,1,1,2,1,2,3,1,1,3,1,3,2,2,3,2,1,1,1,1,4
"R_2bQ77z9COGw25nD",1,33,5,4,3,NA,-1,2,3,2,1,1,3,3,1,2,2,1,2,3,1,3,2,2,1,3,2,3
"R_2bQ77z9COGw25nD",1,33,5,4,3,NA,-1,3,3,1,1,2,2,3,1,1,4,2,2,3,2,3,2,2,1,2,1,2
"R_2bQ77z9COGw25nD",1,33,5,4,3,NA,-1,4,3,2,2,1,2,1,1,1,2,1,2,2,1,3,3,2,2,2,2,2
"R_1oAOeBLksLwgKew",2,55,2,2,2,0,NA,1,3,2,2,2,2,2,1,1,4,2,1,3,1,3,2,1,1,3,3,3
"R_1oAOeBLksLwgKew",2,55,2,2,2,0,NA,2,1,2,1,2,2,1,2,2,4,1,2,2,2,2,2,1,2,4,2,4
"R_1oAOeBLksLwgKew",2,55,2,2,2,0,NA,3,3,2,2,2,2,2,1,1,4,2,1,3,1,3,2,1,1,3,3,3
"R_1oAOeBLksLwgKew",2,55,2,2,2,0,NA,4,2,2,2,1,2,1,1,2,4,2,3,2,2,3,2,2,7,2,1,2
"R_37teqfibgsLclqx",2,22,3,3,3,NA,0,1,3,2,1,1,3,3,2,2,2,1,3,3,2,3,2,1,1,3,1,3
"R_37teqfibgsLclqx",2,22,3,3,3,NA,0,2,1,2,1,2,2,1,1,1,4,2,1,3,1,2,2,1,1,2,2,4
"R_37teqfibgsLclqx",2,22,3,3,3,NA,0,3,1,2,1,1,2,2,1,1,2,1,2,2,2,4,1,1,2,1,1,3
"R_37teqfibgsLclqx",2,22,3,3,3,NA,0,4,1,2,1,2,2,3,1,1,1,2,1,3,1,3,2,2,1,3,3,1
"R_1QyDxJpHUt1IwrN",1,35,5,4,2,1,NA,1,3,2,1,1,3,3,1,2,3,1,3,2,2,3,2,2,1,2,3,3
"R_1QyDxJpHUt1IwrN",1,35,5,4,2,1,NA,2,1,2,1,2,3,1,1,1,4,2,1,2,1,4,2,2,1,4,1,2
"R_1QyDxJpHUt1IwrN",1,35,5,4,2,1,NA,3,3,2,1,1,3,3,1,2,3,1,3,2,2,3,2,2,1,2,3,3
"R_1QyDxJpHUt1IwrN",1,35,5,4,2,1,NA,4,3,2,2,1,2,1,1,2,4,1,2,2,2,3,3,1,2,3,2,4
"R_3HCGSqlekLHR1XY",2,60,6,3,1,0,NA,1,1,2,2,2,2,1,1,1,1,2,2,2,1,4,2,2,1,4,2,1
"R_3HCGSqlekLHR1XY",2,60,6,3,1,0,NA,2,1,1,2,2,2,1,1,2,4,2,2,2,2,4,2,1,7,4,1,3
"R_3HCGSqlekLHR1XY",2,60,6,3,1,0,NA,3,2,1,2,2,2,3,2,2,1,2,2,3,2,3,2,1,2,4,3,2
"R_3HCGSqlekLHR1XY",2,60,6,3,1,0,NA,4,2,2,2,1,2,2,1,1,4,2,2,2,1,4,2,2,2,2,1,3
"R_qQm8sF2p5HgvChP",2,27,1,1,3,NA,0,1,1,1,1,1,3,2,1,2,4,1,3,2,2,3,2,1,1,4,2,3
"R_qQm8sF2p5HgvChP",2,27,1,1,3,NA,0,2,3,1,1,2,3,3,1,1,3,2,2,3,1,4,2,2,1,2,3,1
"R_qQm8sF2p5HgvChP",2,27,1,1,3,NA,0,3,3,2,2,2,3,3,1,1,4,2,1,3,1,4,3,1,1,3,3,1
"R_qQm8sF2p5HgvChP",2,27,1,1,3,NA,0,4,2,1,1,1,2,2,1,1,1,1,2,2,3,2,2,1,1,1,1,2
"R_3ilPdOx9OCs9ChI",2,41,4,2,2,1,NA,1,1,1,2,1,2,1,1,1,2,2,2,1,1,3,2,2,1,2,1,1
"R_3ilPdOx9OCs9ChI",2,41,4,2,2,1,NA,2,2,1,1,1,2,1,2,2,2,1,2,1,3,3,2,1,1,3,3,2
"R_3ilPdOx9OCs9ChI",2,41,4,2,2,1,NA,3,2,2,2,1,1,1,1,1,1,2,1,1,4,1,3,1,1,4,3,2
"R_3ilPdOx9OCs9ChI",2,41,4,2,2,1,NA,4,2,2,2,1,1,1,1,2,1,2,1,1,4,1,3,1,1,4,3,2
"R_2tMwDKBgOUICyU6",2,46,3,2,2,1,NA,1,3,1,1,1,3,3,1,1,2,1,3,1,1,3,2,1,1,2,3,3
"R_2tMwDKBgOUICyU6",2,46,3,2,2,1,NA,2,3,2,2,1,3,3,1,1,3,2,1,2,1,4,2,2,1,4,2,1
"R_2tMwDKBgOUICyU6",2,46,3,2,2,1,NA,3,2,2,1,1,3,2,1,1,1,2,1,2,2,3,2,2,1,2,1,4
"R_2tMwDKBgOUICyU6",2,46,3,2,2,1,NA,4,3,2,2,2,3,2,1,1,2,2,1,3,1,4,2,1,1,3,2,3
"R_3hGF6TvWgZaOFwg",1,32,6,5,1,0,NA,1,1,2,2,1,2,2,1,1,4,2,2,3,2,3,2,1,7,4,2,2
"R_3hGF6TvWgZaOFwg",1,32,6,5,1,0,NA,2,2,1,2,1,2,1,2,2,1,1,3,3,1,4,2,1,2,1,3,3
"R_3hGF6TvWgZaOFwg",1,32,6,5,1,0,NA,3,3,1,2,2,3,3,1,2,3,1,3,3,2,4,2,2,1,4,1,3
"R_3hGF6TvWgZaOFwg",1,32,6,5,1,0,NA,4,2,1,2,2,2,1,2,1,2,1,2,2,1,3,2,2,1,3,2,4
"R_3CBqHxQ7WniQE4w",2,48,5,4,1,1,NA,1,1,1,1,2,3,1,2,1,1,2,1,2,2,1,1,1,1,2,2,3
"R_3CBqHxQ7WniQE4w",2,48,5,4,1,1,NA,2,3,2,1,1,2,3,1,1,2,1,1,3,1,4,2,2,1,1,2,4
"R_3CBqHxQ7WniQE4w",2,48,5,4,1,1,NA,3,2,2,1,2,3,1,1,2,4,2,2,1,3,3,3,1,2,3,3,2
"R_3CBqHxQ7WniQE4w",2,48,5,4,1,1,NA,4,1,1,2,2,2,1,1,1,2,2,1,2,1,4,2,1,1,3,2,1
"R_bgDpXg2mQk6fTJD",1,34,5,2,2,0,NA,1,1,2,1,1,2,3,1,2,4,1,3,1,3,3,2,1,1,1,3,1
"R_bgDpXg2mQk6fTJD",1,34,5,2,2,0,NA,2,2,2,1,2,2,3,1,2,2,2,2,2,2,4,2,2,1,2,2,3
"R_bgDpXg2mQk6fTJD",1,34,5,2,2,0,NA,3,1,2,1,1,3,1,2,2,3,1,3,2,1,2,2,1,7,4,1,2
"R_bgDpXg2mQk6fTJD",1,34,5,2,2,0,NA,4,3,2,2,2,3,3,1,1,1,2,1,3,1,4,2,2,1,2,1,4
"R_42cyQo0QWIOZH6t",2,36,5,2,1,1,NA,1,1,1,2,1,2,2,1,2,2,1,2,2,2,4,2,2,1,1,3,1
"R_42cyQo0QWIOZH6t",2,36,5,2,1,1,NA,2,1,1,1,2,2,3,2,2,3,1,3,2,1,3,2,1,1,2,2,3
"R_42cyQo0QWIOZH6t",2,36,5,2,1,1,NA,3,1,1,2,1,2,1,1,2,4,1,2,2,2,3,2,2,1,4,3,2
"R_42cyQo0QWIOZH6t",2,36,5,2,1,1,NA,4,1,1,2,1,2,2,1,2,2,1,2,2,2,4,2,2,1,1,3,1
"R_23TzN69LWpxgtRW",2,27,5,4,1,1,NA,1,1,2,2,1,2,3,2,2,3,2,1,2,1,3,2,1,1,4,3,3
"R_23TzN69LWpxgtRW",2,27,5,4,1,1,NA,2,1,2,1,1,2,2,1,1,2,1,2,2,1,2,2,2,1,3,3,3
"R_23TzN69LWpxgtRW",2,27,5,4,1,1,NA,3,1,1,2,1,2,2,1,1,4,1,2,1,3,2,2,1,1,2,1,2
"R_23TzN69LWpxgtRW",2,27,5,4,1,1,NA,4,2,2,2,1,2,2,2,1,4,1,2,1,1,2,2,2,1,2,1,2
"R_1mdQrOZSlZs4qVj",1,46,2,1,2,1,NA,1,3,2,1,1,2,2,1,2,1,1,2,2,2,4,2,2,1,1,1,1
"R_1mdQrOZSlZs4qVj",1,46,2,1,2,1,NA,2,2,2,1,2,2,1,1,1,3,2,1,2,1,4,2,1,1,4,2,2
"R_1mdQrOZSlZs4qVj",1,46,2,1,2,1,NA,3,2,1,1,2,2,1,2,1,4,1,2,1,3,3,2,1,2,2,2,3
"R_1mdQrOZSlZs4qVj",1,46,2,1,2,1,NA,4,3,1,2,1,2,2,1,1,2,2,1,2,1,1,2,2,1,1,1,1
"R_2TBGFqXQEWr7Xnl",2,31,4,4,4,NA,-1,1,2,2,2,2,1,3,1,1,1,2,1,2,1,3,2,1,1,3,1,1
"R_2TBGFqXQEWr7Xnl",2,31,4,4,4,NA,-1,2,2,2,2,1,1,3,1,2,4,2,2,2,2,3,2,2,1,2,3,3
"R_2TBGFqXQEWr7Xnl",2,31,4,4,4,NA,-1,3,1,1,1,2,2,3,2,1,2,2,1,2,1,3,2,1,1,1,2,2
"R_2TBGFqXQEWr7Xnl",2,31,4,4,4,NA,-1,4,1,2,1,2,2,3,2,1,2,2,1,2,1,3,2,1,1,3,2,2
"R_2uWZECHknkokckD",2,45,2,1,2,1,NA,1,3,1,2,2,3,3,1,2,3,1,1,3,2,2,2,2,1,3,1,3
"R_2uWZECHknkokckD",2,45,2,1,2,1,NA,2,2,1,2,1,3,2,2,1,1,2,2,3,2,2,2,1,1,1,1,2
"R_2uWZECHknkokckD",2,45,2,1,2,1,NA,3,1,2,2,2,2,3,1,2,1,2,2,2,1,1,2,1,1,2,3,2
"R_2uWZECHknkokckD",2,45,2,1,2,1,NA,4,1,1,1,2,2,2,1,2,1,1,1,2,2,1,2,1,1,3,2,2
"R_1jkp1YxvXfg4qVA",1,29,2,3,3,NA,-1,1,2,1,2,1,2,3,1,2,1,1,3,1,1,4,2,2,1,3,1,3
"R_1jkp1YxvXfg4qVA",1,29,2,3,3,NA,-1,2,1,1,2,1,2,3,2,2,4,1,3,1,3,3,2,1,2,4,3,1
"R_1jkp1YxvXfg4qVA",1,29,2,3,3,NA,-1,3,3,2,1,1,3,2,1,2,2,1,2,2,2,4,3,2,1,2,2,4
"R_1jkp1YxvXfg4qVA",1,29,2,3,3,NA,-1,4,3,2,2,1,3,3,1,1,4,2,1,3,1,3,2,1,1,1,1,3
"R_1dN3T7oekBd4AIg",2,56,3,3,2,0,NA,1,3,2,1,2,3,1,1,1,1,2,2,1,4,4,2,1,1,2,3,1
"R_1dN3T7oekBd4AIg",2,56,3,3,2,0,NA,2,2,1,1,1,2,1,1,2,3,1,2,1,1,3,2,1,1,4,2,2
"R_1dN3T7oekBd4AIg",2,56,3,3,2,0,NA,3,3,1,1,1,2,1,2,2,1,1,2,1,3,4,2,2,1,3,2,4
"R_1dN3T7oekBd4AIg",2,56,3,3,2,0,NA,4,2,1,1,1,1,1,1,2,2,1,2,1,4,2,3,1,1,4,2,3
"R_1i9eMC0Sen3qZAM",2,27,5,2,3,NA,1,1,2,1,2,1,2,2,1,2,4,2,2,2,2,3,2,1,1,1,1,1
"R_1i9eMC0Sen3qZAM",2,27,5,2,3,NA,1,2,2,2,2,1,2,2,1,2,1,2,2,2,1,2,2,1,1,2,2,4
"R_1i9eMC0Sen3qZAM",2,27,5,2,3,NA,1,3,1,1,1,1,2,2,2,2,4,1,3,2,2,2,2,1,1,3,3,2
"R_1i9eMC0Sen3qZAM",2,27,5,2,3,NA,1,4,1,2,1,2,2,2,1,1,4,1,1,2,1,3,2,1,1,1,1,1
"R_10SGy2q11DlW3cs",2,35,5,3,2,0,NA,1,1,1,2,1,2,1,1,1,4,1,2,2,2,3,2,1,1,4,2,2
"R_10SGy2q11DlW3cs",2,35,5,3,2,0,NA,2,1,2,1,2,1,1,2,1,2,2,1,2,1,4,2,1,1,2,3,2
"R_10SGy2q11DlW3cs",2,35,5,3,2,0,NA,3,3,2,1,2,3,3,1,1,1,2,1,3,2,4,2,2,1,1,1,4
"R_10SGy2q11DlW3cs",2,35,5,3,2,0,NA,4,1,2,1,2,2,1,2,1,2,2,1,2,1,3,2,1,1,1,3,3
"R_11iS3oQ1KGuw0xR",1,24,3,3,1,1,NA,1,1,1,2,2,2,1,2,2,1,2,1,1,1,3,3,2,1,3,1,3
"R_11iS3oQ1KGuw0xR",1,24,3,3,1,1,NA,2,1,1,1,1,2,1,1,2,3,1,3,1,3,1,1,1,1,4,3,2
"R_11iS3oQ1KGuw0xR",1,24,3,3,1,1,NA,3,1,2,2,1,2,1,1,2,2,1,2,1,3,2,2,1,2,2,3,4
"R_11iS3oQ1KGuw0xR",1,24,3,3,1,1,NA,4,2,1,2,2,2,3,1,1,4,2,1,2,1,3,2,2,1,3,1,3
"R_1Lu84TsOsjwUDDU",2,23,3,1,2,0,NA,1,2,1,2,2,2,3,1,1,1,2,1,2,2,2,1,2,1,3,2,2
"R_1Lu84TsOsjwUDDU",2,23,3,1,2,0,NA,2,3,2,1,2,2,3,1,2,1,1,3,2,3,3,2,2,1,2,1,1
"R_1Lu84TsOsjwUDDU",2,23,3,1,2,0,NA,3,1,2,1,1,3,3,1,2,3,1,3,2,4,2,2,1,1,1,3,3
"R_1Lu84TsOsjwUDDU",2,23,3,1,2,0,NA,4,3,1,2,1,2,3,1,1,2,2,2,2,2,3,3,2,1,3,3,2
"R_2By3Ktx7fvONCCo",2,25,4,1,2,0,NA,1,1,1,2,1,2,1,1,1,1,1,3,1,1,3,2,2,1,2,1,2
"R_2By3Ktx7fvONCCo",2,25,4,1,2,0,NA,2,3,2,2,2,3,2,1,1,3,2,3,1,1,3,3,2,1,1,2,3
"R_2By3Ktx7fvONCCo",2,25,4,1,2,0,NA,3,3,1,2,2,3,1,1,2,4,2,1,2,1,3,2,2,1,2,3,1
"R_2By3Ktx7fvONCCo",2,25,4,1,2,0,NA,4,3,1,1,2,2,1,1,2,2,2,1,1,1,3,3,2,1,3,1,4
"R_A0qn8jeKoDoQs3D",1,22,5,2,2,0,NA,1,1,1,2,2,2,1,1,1,1,2,1,3,1,3,3,1,1,4,2,3
"R_A0qn8jeKoDoQs3D",1,22,5,2,2,0,NA,2,1,1,2,1,3,3,1,2,3,2,2,2,2,3,2,1,1,2,3,2
"R_A0qn8jeKoDoQs3D",1,22,5,2,2,0,NA,3,2,1,2,1,3,3,1,2,4,1,2,3,2,4,2,2,3,1,1,4
"R_A0qn8jeKoDoQs3D",1,22,5,2,2,0,NA,4,2,1,2,1,3,3,1,2,3,1,2,3,2,4,2,1,3,1,2,3
"R_pbJDH62KTKFPIUp",2,39,5,6,4,NA,0,1,3,1,1,1,3,3,1,2,3,1,3,3,2,3,2,2,1,1,2,1
"R_pbJDH62KTKFPIUp",2,39,5,6,4,NA,0,2,1,2,1,2,2,1,2,1,1,2,1,2,1,2,2,1,2,1,2,2
"R_pbJDH62KTKFPIUp",2,39,5,6,4,NA,0,3,2,2,1,1,2,1,1,2,3,1,3,1,3,2,2,1,3,4,1,1
"R_pbJDH62KTKFPIUp",2,39,5,6,4,NA,0,4,1,2,1,2,2,1,2,1,3,2,2,1,3,1,2,1,1,3,3,2
"R_2zO9haFVfRAzK55",1,27,5,6,3,NA,0,1,3,1,2,2,3,3,2,1,1,2,2,2,2,2,1,2,1,1,2,2
"R_2zO9haFVfRAzK55",1,27,5,6,3,NA,0,2,1,2,1,1,2,2,1,2,4,1,2,2,3,2,3,2,1,4,2,3
"R_2zO9haFVfRAzK55",1,27,5,6,3,NA,0,3,2,1,2,2,2,2,1,1,1,2,3,1,4,2,1,2,1,2,3,4
"R_2zO9haFVfRAzK55",1,27,5,6,3,NA,0,4,1,2,1,1,2,2,1,1,4,2,1,3,2,1,3,2,7,4,2,2
"R_1lcPjYeBZdgRilu",1,57,3,2,4,NA,0,1,1,1,2,1,2,3,1,2,2,2,1,2,3,1,1,1,3,1,3,2
"R_1lcPjYeBZdgRilu",1,57,3,2,4,NA,0,2,3,2,2,2,3,3,1,1,3,1,1,3,1,2,2,2,1,4,3,3
"R_1lcPjYeBZdgRilu",1,57,3,2,4,NA,0,3,2,2,2,2,1,1,1,2,4,2,1,1,4,3,3,2,1,4,2,1
"R_1lcPjYeBZdgRilu",1,57,3,2,4,NA,0,4,3,1,2,2,2,1,1,2,3,2,1,2,1,4,2,1,1,1,1,1
"R_3FLhEaaKgeTGDbB",1,29,3,2,2,0,NA,1,1,1,2,2,2,2,1,1,1,2,1,3,2,3,2,1,1,1,1,1
"R_3FLhEaaKgeTGDbB",1,29,3,2,2,0,NA,2,1,2,2,1,2,3,1,1,1,2,2,3,1,4,2,1,1,4,3,4
"R_3FLhEaaKgeTGDbB",1,29,3,2,2,0,NA,3,1,1,1,1,2,1,1,2,3,1,3,2,1,3,2,1,1,2,2,3
"R_3FLhEaaKgeTGDbB",1,29,3,2,2,0,NA,4,2,2,2,1,2,3,1,1,1,2,1,2,2,2,2,2,1,3,2,2
"R_3Oc3yvn1UVoKsHT",1,41,5,4,1,0,NA,1,1,1,1,2,3,1,2,2,1,1,2,2,2,3,3,1,1,4,3,2
"R_3Oc3yvn1UVoKsHT",1,41,5,4,1,0,NA,2,1,1,1,2,3,1,2,2,1,1,2,2,2,3,3,1,1,4,3,2
"R_3Oc3yvn1UVoKsHT",1,41,5,4,1,0,NA,3,1,2,2,1,3,2,1,1,2,2,2,3,1,4,2,1,1,3,3,3
"R_3Oc3yvn1UVoKsHT",1,41,5,4,1,0,NA,4,3,2,2,2,2,2,1,1,4,2,1,3,2,4,2,2,1,1,2,4
"R_3lAgghCJpuKZ9bC",1,23,5,2,2,0,NA,1,3,2,2,1,2,2,1,2,4,2,2,1,1,3,2,2,1,4,2,2
"R_3lAgghCJpuKZ9bC",1,23,5,2,2,0,NA,2,3,1,1,2,3,2,1,2,3,1,2,1,2,3,2,2,1,2,1,1
"R_3lAgghCJpuKZ9bC",1,23,5,2,2,0,NA,3,2,1,1,1,3,3,1,2,2,1,3,2,2,4,2,2,2,3,3,3
"R_3lAgghCJpuKZ9bC",1,23,5,2,2,0,NA,4,3,1,2,2,2,1,1,1,1,2,1,2,1,2,3,1,1,1,1,4
"R_2CQDYZiEKEX0rwt",1,56,6,1,3,NA,0,1,1,1,1,2,2,1,2,1,4,1,2,1,1,3,2,1,2,3,3,2
"R_2CQDYZiEKEX0rwt",1,56,6,1,3,NA,0,2,3,1,1,1,2,3,1,2,4,1,3,2,2,4,2,1,1,2,3,1
"R_2CQDYZiEKEX0rwt",1,56,6,1,3,NA,0,3,1,2,2,2,2,3,1,1,2,2,1,2,1,3,2,1,1,1,3,1
"R_2CQDYZiEKEX0rwt",1,56,6,1,3,NA,0,4,3,1,1,2,2,1,1,2,2,1,3,3,2,4,3,1,1,2,3,2
"R_Tc61Ns0PZwnEqJj",1,27,5,3,2,1,NA,1,3,1,1,1,2,3,1,1,1,2,2,2,2,2,2,2,1,2,2,3
"R_Tc61Ns0PZwnEqJj",1,27,5,3,2,1,NA,2,1,2,2,1,1,3,2,2,3,1,2,1,3,3,2,2,1,3,3,1
"R_Tc61Ns0PZwnEqJj",1,27,5,3,2,1,NA,3,1,1,2,1,1,2,1,1,3,1,2,1,2,3,1,1,1,3,3,1
"R_Tc61Ns0PZwnEqJj",1,27,5,3,2,1,NA,4,3,1,1,2,2,2,1,1,1,1,2,1,4,2,1,2,2,3,1,1
"R_2ti0Yjos60eEiyn",2,38,5,4,2,0,NA,1,1,2,2,2,2,3,1,1,4,2,1,2,1,4,2,1,1,1,2,4
"R_2ti0Yjos60eEiyn",2,38,5,4,2,0,NA,2,3,1,2,2,1,3,1,2,3,2,2,1,4,3,2,2,3,3,2,3
"R_2ti0Yjos60eEiyn",2,38,5,4,2,0,NA,3,2,1,1,2,3,2,2,2,4,1,3,2,3,3,2,1,1,4,2,1
"R_2ti0Yjos60eEiyn",2,38,5,4,2,0,NA,4,3,1,2,2,1,3,1,1,2,2,2,2,2,2,2,2,1,1,2,1
"R_1hGpdEIQUK6swna",1,28,4,3,2,1,NA,1,3,2,2,1,2,1,1,1,3,2,2,2,2,2,2,2,1,1,1,4
"R_1hGpdEIQUK6swna",1,28,4,3,2,1,NA,2,2,1,2,2,2,1,2,1,2,2,1,2,3,4,2,2,1,2,3,3
"R_1hGpdEIQUK6swna",1,28,4,3,2,1,NA,3,3,1,2,2,2,2,1,2,4,2,3,2,1,2,3,1,1,4,2,4
"R_1hGpdEIQUK6swna",1,28,4,3,2,1,NA,4,3,2,2,1,3,3,1,1,3,2,3,2,2,3,3,2,1,2,3,2
"R_2AR8Hn813dMgD8D",1,25,2,3,3,NA,0,1,3,2,2,1,2,2,1,1,1,1,2,1,2,3,3,1,1,4,2,3
"R_2AR8Hn813dMgD8D",1,25,2,3,3,NA,0,2,3,2,2,1,3,3,1,1,1,1,2,2,1,4,1,2,1,1,1,4
"R_2AR8Hn813dMgD8D",1,25,2,3,3,NA,0,3,2,2,2,1,2,1,2,2,3,1,1,1,3,2,2,1,7,3,1,1
"R_2AR8Hn813dMgD8D",1,25,2,3,3,NA,0,4,1,1,1,2,2,2,1,1,2,1,3,1,1,3,2,1,2,4,3,2
"R_QcgZrHgrpdJNnzj",2,31,6,5,2,1,NA,1,3,2,1,1,2,3,1,2,1,1,3,2,2,2,2,1,1,1,3,3
"R_QcgZrHgrpdJNnzj",2,31,6,5,2,1,NA,2,3,1,1,1,2,1,2,2,2,1,3,1,1,4,1,1,1,1,2,1
"R_QcgZrHgrpdJNnzj",2,31,6,5,2,1,NA,3,3,1,2,2,1,2,1,1,3,2,1,3,2,4,2,2,1,2,2,4
"R_QcgZrHgrpdJNnzj",2,31,6,5,2,1,NA,4,2,1,1,1,3,2,2,2,3,1,3,1,3,2,3,1,1,1,2,3
"R_AukrQrQYmMwr1Yt",1,59,5,3,3,NA,1,1,2,1,2,1,2,1,1,1,4,1,1,2,4,3,2,1,1,1,3,1
"R_AukrQrQYmMwr1Yt",1,59,5,3,3,NA,1,2,2,2,2,1,2,1,1,1,1,2,1,3,1,4,2,1,1,2,1,3
"R_AukrQrQYmMwr1Yt",1,59,5,3,3,NA,1,3,2,1,2,1,2,1,1,1,4,1,2,2,1,3,2,1,1,1,2,1
"R_AukrQrQYmMwr1Yt",1,59,5,3,3,NA,1,4,3,2,1,2,3,3,2,1,3,2,2,3,2,4,2,2,1,3,2,1
"R_3Mlm7lCQtaLlhFn",2,24,3,1,3,NA,0,1,1,1,1,1,3,2,1,2,3,1,3,2,2,3,2,2,1,3,2,3
"R_3Mlm7lCQtaLlhFn",2,24,3,1,3,NA,0,2,3,2,1,2,2,3,1,1,1,2,1,2,2,4,2,2,1,4,1,1
"R_3Mlm7lCQtaLlhFn",2,24,3,1,3,NA,0,3,3,1,2,2,3,3,1,1,3,2,1,2,2,3,1,2,1,2,3,4
"R_3Mlm7lCQtaLlhFn",2,24,3,1,3,NA,0,4,2,2,2,2,2,1,1,2,4,1,2,2,1,4,2,1,1,4,2,2
"R_23d8VLluq1IVlem",2,18,3,2,3,NA,0,1,3,1,1,2,3,2,1,2,1,2,2,3,2,1,3,1,1,1,3,3
"R_23d8VLluq1IVlem",2,18,3,2,3,NA,0,2,3,1,1,2,3,2,1,2,1,1,2,3,2,1,3,1,1,2,1,3
"R_23d8VLluq1IVlem",2,18,3,2,3,NA,0,3,2,1,1,1,3,3,1,2,3,1,3,3,1,2,3,1,1,4,2,4
"R_23d8VLluq1IVlem",2,18,3,2,3,NA,0,4,1,1,1,2,3,3,1,2,1,1,2,3,2,1,1,1,1,4,2,1
"R_3CBMK6qVNM97ifj",2,23,5,1,2,0,NA,1,1,2,2,1,2,3,1,1,3,1,1,2,1,3,2,2,1,2,2,1
"R_3CBMK6qVNM97ifj",2,23,5,1,2,0,NA,2,2,2,2,2,3,2,1,1,2,2,1,3,2,3,2,1,1,3,3,1
"R_3CBMK6qVNM97ifj",2,23,5,1,2,0,NA,3,3,1,1,1,2,3,1,2,3,1,3,1,3,2,2,1,1,4,1,2
"R_3CBMK6qVNM97ifj",2,23,5,1,2,0,NA,4,1,1,2,1,2,3,2,2,1,2,2,2,1,2,2,1,1,1,3,3
"R_3flQCCFxxFv9bZ5",1,35,4,2,3,NA,0,1,2,2,1,2,2,3,2,1,2,2,2,2,3,3,2,1,1,2,3,2
"R_3flQCCFxxFv9bZ5",1,35,4,2,3,NA,0,2,1,1,1,1,2,3,1,1,2,2,2,2,2,3,2,1,1,4,1,1
"R_3flQCCFxxFv9bZ5",1,35,4,2,3,NA,0,3,1,2,1,2,2,3,1,1,2,1,2,2,1,3,2,1,1,3,2,4
"R_3flQCCFxxFv9bZ5",1,35,4,2,3,NA,0,4,2,1,1,1,2,3,1,2,1,1,2,2,2,3,2,1,1,2,2,3
"R_3oM9NSnThSiBh3E",2,29,4,1,3,NA,-1,1,2,2,1,2,3,3,1,2,4,1,1,3,1,2,2,1,1,3,3,4
"R_3oM9NSnThSiBh3E",2,29,4,1,3,NA,-1,2,2,1,2,2,2,3,2,1,3,2,1,3,2,3,2,1,1,2,1,3
"R_3oM9NSnThSiBh3E",2,29,4,1,3,NA,-1,3,3,2,2,1,2,2,1,1,4,2,1,3,2,1,2,2,1,4,2,1
"R_3oM9NSnThSiBh3E",2,29,4,1,3,NA,-1,4,1,1,1,1,2,1,1,2,1,1,3,1,3,1,1,1,2,2,2,2
"R_DBuKMO2Y4xLwGo9",2,39,5,2,2,1,NA,1,1,1,2,2,2,3,2,1,4,2,1,2,4,4,2,1,1,1,2,4
"R_DBuKMO2Y4xLwGo9",2,39,5,2,2,1,NA,2,1,2,1,1,2,1,1,2,1,1,2,3,1,3,2,1,1,2,1,1
"R_DBuKMO2Y4xLwGo9",2,39,5,2,2,1,NA,3,3,2,1,1,2,1,1,2,2,1,2,1,3,2,2,1,1,1,3,2
"R_DBuKMO2Y4xLwGo9",2,39,5,2,2,1,NA,4,2,2,2,1,3,3,1,2,4,2,2,3,1,3,2,1,2,4,1,4
"R_3KJVhsgZgdyfOTN",2,23,5,5,3,NA,-1,1,2,1,2,2,2,3,1,1,2,2,1,2,2,4,2,1,1,3,3,1
"R_3KJVhsgZgdyfOTN",2,23,5,5,3,NA,-1,2,1,1,2,2,3,1,1,1,4,2,2,2,4,3,2,2,1,1,2,4
"R_3KJVhsgZgdyfOTN",2,23,5,5,3,NA,-1,3,3,1,1,2,1,3,1,1,1,1,1,3,2,3,2,2,1,2,1,3
"R_3KJVhsgZgdyfOTN",2,23,5,5,3,NA,-1,4,1,1,2,2,3,1,2,2,2,2,3,1,3,2,3,1,2,1,1,2
"R_3fT4oAEpJK2lcnK",2,51,5,3,2,1,NA,1,3,1,2,1,3,1,2,2,4,1,2,1,3,3,2,1,1,4,2,1
"R_3fT4oAEpJK2lcnK",2,51,5,3,2,1,NA,2,1,1,2,2,2,1,1,1,3,2,1,1,1,3,2,1,1,3,1,4
"R_3fT4oAEpJK2lcnK",2,51,5,3,2,1,NA,3,2,1,2,2,3,2,1,1,2,2,1,2,2,4,2,2,1,4,3,2
"R_3fT4oAEpJK2lcnK",2,51,5,3,2,1,NA,4,3,1,1,2,2,1,1,2,2,1,2,2,1,2,2,1,1,1,2,1
"R_Q6xInNg8wR0rC4V",2,27,5,4,1,0,NA,1,3,2,1,1,2,3,1,2,3,1,2,2,2,2,2,1,2,1,2,4
"R_Q6xInNg8wR0rC4V",2,27,5,4,1,0,NA,2,1,2,2,2,2,1,1,1,1,2,1,1,1,3,2,2,1,4,1,4
"R_Q6xInNg8wR0rC4V",2,27,5,4,1,0,NA,3,2,2,2,1,2,3,1,2,3,1,1,2,1,1,1,1,1,1,3,3
"R_Q6xInNg8wR0rC4V",2,27,5,4,1,0,NA,4,2,2,2,1,3,3,2,2,3,1,3,3,2,4,2,1,1,2,3,1
"R_3CNTsODCGRcWvBm",2,47,3,5,1,1,NA,1,1,1,1,2,3,1,2,2,3,1,3,2,2,3,2,1,1,2,3,3
"R_3CNTsODCGRcWvBm",2,47,3,5,1,1,NA,2,2,1,1,2,3,3,1,2,3,1,3,3,2,3,2,1,1,2,3,3
"R_3CNTsODCGRcWvBm",2,47,3,5,1,1,NA,3,1,1,2,2,2,2,1,1,3,2,2,2,1,2,2,2,1,1,2,2
"R_3CNTsODCGRcWvBm",2,47,3,5,1,1,NA,4,2,1,2,2,2,2,1,1,3,2,2,3,2,4,2,1,1,4,2,2
"R_3C9giyMpQcvNJlv",1,35,3,2,1,0,NA,1,3,2,1,2,3,2,1,1,1,2,1,3,1,4,2,1,1,1,3,2
"R_3C9giyMpQcvNJlv",1,35,3,2,1,0,NA,2,1,1,2,2,2,3,1,1,3,2,1,3,2,3,2,2,1,4,2,1
"R_3C9giyMpQcvNJlv",1,35,3,2,1,0,NA,3,3,1,1,2,2,3,1,1,4,2,1,2,4,4,2,1,1,2,1,4
"R_3C9giyMpQcvNJlv",1,35,3,2,1,0,NA,4,1,1,2,2,2,1,1,1,4,2,1,2,1,3,2,1,1,2,1,1
"R_UKHWgJ5OGE6UGat",2,25,6,1,1,0,NA,1,2,2,1,2,3,2,1,1,4,1,2,2,1,4,2,1,1,2,2,1
"R_UKHWgJ5OGE6UGat",2,25,6,1,1,0,NA,2,2,1,1,2,3,3,1,2,1,1,3,1,4,4,2,1,1,3,3,4
"R_UKHWgJ5OGE6UGat",2,25,6,1,1,0,NA,3,3,2,1,1,3,3,1,1,3,2,1,1,2,4,2,2,1,2,1,1
"R_UKHWgJ5OGE6UGat",2,25,6,1,1,0,NA,4,3,2,2,2,3,2,1,2,2,2,1,2,2,2,3,2,1,2,1,3
"R_2Pd0YSTEXq8MwEb",2,25,5,3,2,0,NA,1,3,2,2,1,2,2,1,1,3,2,1,3,1,4,3,2,1,4,1,1
"R_2Pd0YSTEXq8MwEb",2,25,5,3,2,0,NA,2,3,2,2,1,2,2,1,1,3,2,1,3,1,4,3,2,1,4,1,1
"R_2Pd0YSTEXq8MwEb",2,25,5,3,2,0,NA,3,2,2,1,2,3,2,1,1,2,2,2,2,2,3,2,1,1,1,3,2
"R_2Pd0YSTEXq8MwEb",2,25,5,3,2,0,NA,4,1,2,2,2,3,3,1,1,1,2,1,2,2,3,2,1,1,4,2,3
"R_3Rmg94TVOVoUc0J",1,36,4,3,2,0,NA,1,3,1,2,1,3,2,2,1,2,2,2,1,2,3,2,2,1,2,1,1
"R_3Rmg94TVOVoUc0J",1,36,4,3,2,0,NA,2,3,2,2,1,3,2,1,1,4,2,1,1,1,4,2,2,1,3,1,1
"R_3Rmg94TVOVoUc0J",1,36,4,3,2,0,NA,3,3,2,2,2,2,3,1,1,4,2,2,1,1,3,2,1,1,2,2,4
"R_3Rmg94TVOVoUc0J",1,36,4,3,2,0,NA,4,1,2,2,1,2,2,1,1,2,2,2,1,2,3,2,1,1,2,3,4
"R_2rISm3jzHDxJeH0",2,34,4,2,2,1,NA,1,1,1,2,2,3,1,1,2,4,2,3,2,2,3,3,1,1,1,2,3
"R_2rISm3jzHDxJeH0",2,34,4,2,2,1,NA,2,3,1,2,2,3,3,2,1,3,2,1,1,1,4,2,2,2,1,1,3
"R_2rISm3jzHDxJeH0",2,34,4,2,2,1,NA,3,2,2,2,2,2,1,1,1,3,2,1,1,3,3,3,2,1,3,1,4
"R_2rISm3jzHDxJeH0",2,34,4,2,2,1,NA,4,1,2,2,2,1,1,2,1,1,2,2,1,4,1,3,1,2,1,2,1
"R_3ssRsqoQxpPVBFZ",2,28,4,3,1,0,NA,1,2,2,1,2,3,2,1,1,1,1,2,2,1,2,2,1,1,2,2,3
"R_3ssRsqoQxpPVBFZ",2,28,4,3,1,0,NA,2,1,2,2,1,3,3,2,2,2,2,1,1,3,1,2,1,1,3,2,4
"R_3ssRsqoQxpPVBFZ",2,28,4,3,1,0,NA,3,3,2,2,2,3,3,1,2,4,2,1,2,2,3,3,2,1,1,1,2
"R_3ssRsqoQxpPVBFZ",2,28,4,3,1,0,NA,4,1,2,2,2,2,1,2,1,3,2,3,2,2,2,2,1,7,2,1,1
"R_OPZub5WXm55XdlL",1,36,5,3,2,0,NA,1,2,2,2,2,2,3,1,1,3,2,1,3,2,3,2,1,1,4,1,1
"R_OPZub5WXm55XdlL",1,36,5,3,2,0,NA,2,1,2,2,1,2,1,1,1,4,2,1,2,4,4,2,2,1,2,3,2
"R_OPZub5WXm55XdlL",1,36,5,3,2,0,NA,3,3,2,2,1,3,3,1,1,1,2,1,3,2,2,2,2,1,1,1,3
"R_OPZub5WXm55XdlL",1,36,5,3,2,0,NA,4,2,2,1,2,2,1,1,2,2,2,1,2,3,1,2,1,1,3,3,2
"R_3meFIfKRhzAQ7tJ",2,24,5,3,1,0,NA,1,1,1,1,1,3,3,1,2,3,1,3,2,2,3,2,1,1,4,2,1
"R_3meFIfKRhzAQ7tJ",2,24,5,3,1,0,NA,2,1,2,1,2,2,2,1,1,1,2,1,2,2,4,2,1,1,1,1,4
"R_3meFIfKRhzAQ7tJ",2,24,5,3,1,0,NA,3,1,2,2,2,2,1,1,1,4,2,1,1,1,4,3,2,1,2,2,4
"R_3meFIfKRhzAQ7tJ",2,24,5,3,1,0,NA,4,1,2,2,1,1,1,1,2,4,2,3,1,4,3,3,2,1,2,1,1
"R_2fjjlZC4YTZj7BU",2,38,5,1,2,1,NA,1,2,1,2,1,3,3,1,2,3,2,2,3,2,3,2,1,1,1,1,2
"R_2fjjlZC4YTZj7BU",2,38,5,1,2,1,NA,2,1,2,2,2,3,2,1,1,1,2,1,3,2,4,2,1,1,2,1,1
"R_2fjjlZC4YTZj7BU",2,38,5,1,2,1,NA,3,2,2,1,1,3,2,1,1,4,1,2,3,2,3,2,1,1,3,1,2
"R_2fjjlZC4YTZj7BU",2,38,5,1,2,1,NA,4,3,2,2,2,2,3,1,1,3,2,1,3,2,4,2,1,1,2,3,4
"R_21de0KRJXCtUzaX",2,40,4,1,1,1,NA,1,3,2,1,1,3,3,1,2,1,1,3,2,2,2,2,2,1,4,2,1
"R_21de0KRJXCtUzaX",2,40,4,1,1,1,NA,2,2,1,1,2,2,2,1,1,4,2,1,1,3,3,3,1,1,1,3,4
"R_21de0KRJXCtUzaX",2,40,4,1,1,1,NA,3,3,2,1,2,2,1,2,1,3,2,2,1,3,4,1,2,2,2,1,2
"R_21de0KRJXCtUzaX",2,40,4,1,1,1,NA,4,2,2,1,2,1,2,2,1,2,2,2,3,1,3,2,2,1,3,2,1
"R_1dHsmDqQ5pHIKxp",2,39,5,5,1,1,NA,1,3,2,1,2,3,1,2,1,3,2,2,2,2,4,3,1,1,4,2,3
"R_1dHsmDqQ5pHIKxp",2,39,5,5,1,1,NA,2,3,1,2,2,2,2,1,1,2,2,1,3,1,4,3,1,1,2,3,3
"R_1dHsmDqQ5pHIKxp",2,39,5,5,1,1,NA,3,2,2,1,2,3,3,1,1,4,2,2,2,2,4,2,2,1,1,1,2
"R_1dHsmDqQ5pHIKxp",2,39,5,5,1,1,NA,4,1,2,1,1,3,2,2,2,1,1,3,2,2,2,2,1,1,1,2,2
"R_1Cg1BPiDRZeqW2D",1,32,6,1,3,NA,-1,1,1,2,1,1,2,3,1,1,1,2,2,2,1,3,2,1,1,1,3,1
"R_1Cg1BPiDRZeqW2D",1,32,6,1,3,NA,-1,2,3,2,1,2,2,3,1,1,3,2,2,3,2,4,2,2,1,2,2,4
"R_1Cg1BPiDRZeqW2D",1,32,6,1,3,NA,-1,3,1,1,2,1,2,2,1,1,2,1,3,1,4,4,2,1,2,2,1,1
"R_1Cg1BPiDRZeqW2D",1,32,6,1,3,NA,-1,4,3,1,2,2,2,1,1,1,1,2,2,3,1,4,2,2,1,4,1,2
"R_2fp7jCXL77tKL4l",2,60,6,4,2,1,NA,1,3,2,1,2,3,3,1,1,4,2,2,3,1,4,2,1,1,3,1,1
"R_2fp7jCXL77tKL4l",2,60,6,4,2,1,NA,2,3,2,1,2,3,3,1,1,3,2,1,3,4,4,3,1,1,4,1,1
"R_2fp7jCXL77tKL4l",2,60,6,4,2,1,NA,3,2,2,1,2,2,1,2,2,4,2,3,1,3,3,2,1,7,2,2,3
"R_2fp7jCXL77tKL4l",2,60,6,4,2,1,NA,4,3,1,2,1,2,1,1,1,3,2,2,3,4,3,3,2,1,2,2,1
"R_sHZrRP7TWUkLJV7",2,38,5,5,2,0,NA,1,2,2,2,2,2,1,1,1,3,2,1,2,2,4,2,1,1,3,1,2
"R_sHZrRP7TWUkLJV7",2,38,5,5,2,0,NA,2,2,2,1,1,3,1,2,2,1,1,3,1,1,2,2,1,1,1,2,3
"R_sHZrRP7TWUkLJV7",2,38,5,5,2,0,NA,3,3,2,2,2,2,2,1,1,2,2,1,1,1,3,2,2,1,2,3,1
"R_sHZrRP7TWUkLJV7",2,38,5,5,2,0,NA,4,1,2,2,1,2,1,1,2,4,1,2,1,2,1,1,1,2,4,2,4
"R_3ni1I0eJlloqiCR",1,38,2,1,2,0,NA,1,1,1,1,2,3,2,2,1,3,1,2,1,1,1,1,1,1,4,1,4
"R_3ni1I0eJlloqiCR",1,38,2,1,2,0,NA,2,2,1,2,2,2,1,1,1,1,1,1,1,4,3,2,1,1,2,3,2
"R_3ni1I0eJlloqiCR",1,38,2,1,2,0,NA,3,1,1,1,2,1,1,2,2,4,1,2,1,1,1,1,1,1,1,2,4
"R_3ni1I0eJlloqiCR",1,38,2,1,2,0,NA,4,2,2,1,1,1,1,2,2,2,1,2,1,1,2,3,1,7,4,3,4
"R_upO5LjZrycp1b4B",2,63,3,2,2,0,NA,1,1,2,2,1,2,2,1,1,3,2,2,2,3,3,2,1,3,1,3,4
"R_upO5LjZrycp1b4B",2,63,3,2,2,0,NA,2,1,2,2,1,2,1,1,1,3,2,1,2,1,3,2,1,1,3,2,1
"R_upO5LjZrycp1b4B",2,63,3,2,2,0,NA,3,1,1,1,1,2,3,2,2,2,1,3,2,2,3,2,1,1,3,1,3
"R_upO5LjZrycp1b4B",2,63,3,2,2,0,NA,4,3,1,1,1,2,3,1,2,2,1,3,3,3,3,2,2,1,2,1,2
"R_rjUZjC4iiMJ4O1r",2,46,5,4,1,0,NA,1,2,2,1,2,3,1,1,2,3,2,2,2,2,4,2,1,1,1,3,3
"R_rjUZjC4iiMJ4O1r",2,46,5,4,1,0,NA,2,3,2,1,1,2,1,1,2,4,1,3,2,1,4,2,1,7,2,2,2
"R_rjUZjC4iiMJ4O1r",2,46,5,4,1,0,NA,3,3,1,1,1,2,2,2,2,1,1,3,2,1,1,1,1,1,4,1,4
"R_rjUZjC4iiMJ4O1r",2,46,5,4,1,0,NA,4,2,1,2,1,1,1,1,2,3,2,1,1,4,1,1,2,1,3,1,1
"R_2Bb9F9vCWqFJkwh",2,18,3,3,2,1,NA,1,1,1,1,1,3,3,1,2,2,1,3,2,2,3,2,1,1,2,1,2
"R_2Bb9F9vCWqFJkwh",2,18,3,3,2,1,NA,2,3,2,1,2,2,3,1,1,1,2,1,3,1,4,2,2,1,4,3,1
"R_2Bb9F9vCWqFJkwh",2,18,3,3,2,1,NA,3,3,1,1,1,2,3,2,2,4,1,2,2,2,3,2,1,1,1,2,4
"R_2Bb9F9vCWqFJkwh",2,18,3,3,2,1,NA,4,1,1,2,2,2,1,1,1,1,2,2,1,1,2,2,2,1,3,1,1
"R_pSo18d9qsPFi4j7",2,32,3,2,3,NA,0,1,1,2,2,2,3,2,1,1,3,2,1,3,2,3,2,1,1,1,3,3
"R_pSo18d9qsPFi4j7",2,32,3,2,3,NA,0,2,3,2,2,2,2,3,1,1,2,2,1,3,2,3,2,2,1,2,3,4
"R_pSo18d9qsPFi4j7",2,32,3,2,3,NA,0,3,2,2,1,2,3,3,1,1,3,2,2,2,2,2,2,1,1,3,3,3
"R_pSo18d9qsPFi4j7",2,32,3,2,3,NA,0,4,2,2,2,2,3,3,1,1,1,2,1,3,2,3,2,1,1,3,1,1
"R_1pXdj118CfodznT",2,45,5,4,1,1,NA,1,2,2,2,1,2,1,1,1,3,2,1,1,3,4,2,2,3,3,2,1
"R_1pXdj118CfodznT",2,45,5,4,1,1,NA,2,2,2,2,2,3,3,1,1,1,2,1,2,2,3,3,1,1,4,1,3
"R_1pXdj118CfodznT",2,45,5,4,1,1,NA,3,1,1,2,1,3,1,2,2,2,1,3,2,1,2,1,1,2,2,3,2
"R_1pXdj118CfodznT",2,45,5,4,1,1,NA,4,3,1,2,2,2,3,1,1,4,2,2,3,2,3,2,2,1,1,1,4
"R_1gdTfr4GpABsqRI",2,34,4,3,3,NA,0,1,1,1,2,1,3,3,1,2,3,2,1,3,2,1,2,1,1,1,2,4
"R_1gdTfr4GpABsqRI",2,34,4,3,3,NA,0,2,3,1,1,1,2,3,1,1,1,1,2,2,1,4,3,2,1,1,2,1
"R_1gdTfr4GpABsqRI",2,34,4,3,3,NA,0,3,2,2,1,2,2,3,2,1,4,2,1,2,1,4,2,1,1,4,3,1
"R_1gdTfr4GpABsqRI",2,34,4,3,3,NA,0,4,3,2,1,2,2,2,1,2,3,2,1,2,2,2,3,2,1,1,2,4
"R_23f1JErSp9TPobQ",2,38,5,3,2,0,NA,1,1,2,1,1,3,3,1,1,2,2,2,2,1,3,2,1,1,1,2,3
"R_23f1JErSp9TPobQ",2,38,5,3,2,0,NA,2,2,1,1,2,3,3,1,2,1,1,3,3,2,2,2,1,7,2,3,2
"R_23f1JErSp9TPobQ",2,38,5,3,2,0,NA,3,2,2,2,1,3,2,1,1,3,2,1,3,1,3,3,2,1,4,1,4
"R_23f1JErSp9TPobQ",2,38,5,3,2,0,NA,4,3,1,2,1,2,3,1,1,4,2,2,1,3,1,3,1,1,1,2,3
"R_2X51wrKgu9EYaG4",1,74,2,2,3,NA,0,1,2,1,1,1,2,1,1,2,3,1,3,3,2,2,2,1,1,1,2,3
"R_2X51wrKgu9EYaG4",1,74,2,2,3,NA,0,2,1,1,1,1,2,1,2,2,3,1,3,2,3,2,2,1,1,2,3,1
"R_2X51wrKgu9EYaG4",1,74,2,2,3,NA,0,3,1,1,1,2,3,2,1,1,4,2,1,3,1,1,2,2,7,4,1,2
"R_2X51wrKgu9EYaG4",1,74,2,2,3,NA,0,4,3,2,2,1,2,3,1,2,4,1,2,3,4,3,3,2,1,3,2,4
"R_3lsK4T8yG7iYsh2",2,51,5,4,2,0,NA,1,3,2,1,1,3,2,1,2,1,1,2,3,1,3,2,1,1,2,1,1
"R_3lsK4T8yG7iYsh2",2,51,5,4,2,0,NA,2,2,2,1,2,2,2,1,1,1,2,2,3,1,3,2,1,1,1,3,3
"R_3lsK4T8yG7iYsh2",2,51,5,4,2,0,NA,3,2,2,2,2,3,2,1,1,3,1,1,3,1,2,2,1,1,4,2,4
"R_3lsK4T8yG7iYsh2",2,51,5,4,2,0,NA,4,1,1,1,2,2,2,1,2,1,2,3,3,1,3,2,1,1,2,1,1
"R_1gcICMDdwwer8be",1,46,5,1,2,0,NA,1,3,1,1,1,2,1,1,2,1,1,3,2,3,3,2,1,7,1,3,3
"R_1gcICMDdwwer8be",1,46,5,1,2,0,NA,2,3,2,2,1,2,1,1,1,4,2,2,3,1,4,2,2,1,2,1,1
"R_1gcICMDdwwer8be",1,46,5,1,2,0,NA,3,3,2,1,1,1,1,1,1,3,2,2,1,4,2,2,2,1,4,3,4
"R_1gcICMDdwwer8be",1,46,5,1,2,0,NA,4,3,1,1,1,2,1,1,2,4,1,3,1,2,1,1,1,1,1,2,4
"R_2QYQaoi1nesP8GO",1,23,5,4,2,1,NA,1,2,2,2,1,2,1,1,2,4,2,2,1,4,2,2,2,1,1,3,2
"R_2QYQaoi1nesP8GO",1,23,5,4,2,1,NA,2,1,2,2,2,1,1,1,1,3,1,1,2,3,1,2,1,3,1,3,1
"R_2QYQaoi1nesP8GO",1,23,5,4,2,1,NA,3,3,1,2,2,1,3,1,2,2,1,1,1,2,1,1,1,2,1,2,1
"R_2QYQaoi1nesP8GO",1,23,5,4,2,1,NA,4,2,2,1,2,2,2,1,2,1,2,1,1,4,2,1,2,2,3,3,3
"R_1LiJbSWcqD4MHZP",2,28,5,2,3,NA,0,1,1,1,2,2,3,2,1,1,1,2,2,2,1,4,2,2,1,3,3,3
"R_1LiJbSWcqD4MHZP",2,28,5,2,3,NA,0,2,2,1,2,2,3,2,1,1,1,2,1,3,2,4,2,2,1,1,2,2
"R_1LiJbSWcqD4MHZP",2,28,5,2,3,NA,0,3,2,1,2,1,3,3,1,2,1,1,2,2,2,2,2,1,1,4,1,1
"R_1LiJbSWcqD4MHZP",2,28,5,2,3,NA,0,4,2,1,1,2,3,3,1,2,3,2,2,2,2,1,1,1,1,2,2,3
"R_33wnJWk3sz5Bs03",1,30,2,5,2,0,NA,1,2,1,1,2,2,2,2,1,4,1,1,1,2,1,2,1,1,3,2,1
"R_33wnJWk3sz5Bs03",1,30,2,5,2,0,NA,2,1,1,1,1,2,3,1,2,3,1,3,1,4,2,2,2,1,2,1,4
"R_33wnJWk3sz5Bs03",1,30,2,5,2,0,NA,3,1,1,1,2,3,2,2,1,2,1,1,1,2,1,3,1,1,4,3,1
"R_33wnJWk3sz5Bs03",1,30,2,5,2,0,NA,4,2,1,1,1,3,3,1,1,2,1,2,2,1,3,2,1,1,2,3,3
"R_2PpoquaOx30WG2b",2,29,3,1,2,0,NA,1,2,1,1,2,3,1,2,2,3,2,2,1,2,3,2,2,2,4,1,3
"R_2PpoquaOx30WG2b",2,29,3,1,2,0,NA,2,1,2,1,1,3,2,1,2,2,1,2,1,2,3,2,2,1,3,2,4
"R_2PpoquaOx30WG2b",2,29,3,1,2,0,NA,3,1,2,2,2,2,3,1,1,1,2,1,2,2,3,2,2,1,2,3,1
"R_2PpoquaOx30WG2b",2,29,3,1,2,0,NA,4,1,2,2,1,3,3,1,1,4,1,1,2,2,3,2,2,2,1,3,2
"R_1d5Zsal8ODWa2OH",1,38,3,5,1,0,NA,1,1,1,1,2,3,3,2,1,3,2,3,3,2,3,2,1,1,4,3,3
"R_1d5Zsal8ODWa2OH",1,38,3,5,1,0,NA,2,3,2,1,2,3,3,1,1,4,2,1,3,2,3,2,2,1,2,1,3
"R_1d5Zsal8ODWa2OH",1,38,3,5,1,0,NA,3,3,2,1,2,3,3,1,1,4,2,1,3,2,3,2,2,1,2,1,4
"R_1d5Zsal8ODWa2OH",1,38,3,5,1,0,NA,4,2,2,2,1,2,3,1,1,1,1,1,3,1,3,2,1,2,1,3,2
"R_2rrnnFSV3jK5z4P",1,30,2,3,1,1,NA,1,3,2,1,1,2,3,1,2,4,2,2,1,1,3,3,2,1,3,3,2
"R_2rrnnFSV3jK5z4P",1,30,2,3,1,1,NA,2,2,1,2,1,2,3,2,2,2,2,2,2,2,3,2,1,1,2,2,4
"R_2rrnnFSV3jK5z4P",1,30,2,3,1,1,NA,3,2,2,1,1,2,3,1,2,1,2,1,1,1,3,2,1,1,4,3,3
"R_2rrnnFSV3jK5z4P",1,30,2,3,1,1,NA,4,2,1,2,2,2,2,1,2,2,2,2,1,1,3,2,2,7,3,3,3
"R_plOaV9N7umsiv9T",2,24,6,3,3,NA,-1,1,3,2,2,1,2,2,1,1,2,2,1,3,1,3,2,2,1,1,3,3
"R_plOaV9N7umsiv9T",2,24,6,3,3,NA,-1,2,1,1,2,1,2,3,1,2,4,1,2,2,2,3,2,1,1,4,2,3
"R_plOaV9N7umsiv9T",2,24,6,3,3,NA,-1,3,3,2,1,2,2,2,1,1,3,2,2,3,2,3,2,1,1,2,1,2
"R_plOaV9N7umsiv9T",2,24,6,3,3,NA,-1,4,1,2,1,1,2,3,1,2,3,1,2,3,2,3,2,1,1,3,3,3
"R_YWiNV3t9FZObKMh",2,33,5,1,3,NA,-1,1,3,2,2,1,3,3,1,1,3,2,2,2,2,3,2,2,1,4,1,1
"R_YWiNV3t9FZObKMh",2,33,5,1,3,NA,-1,2,2,1,2,2,3,2,1,1,4,2,1,2,2,4,2,1,1,2,3,3
"R_YWiNV3t9FZObKMh",2,33,5,1,3,NA,-1,3,2,1,1,2,3,2,2,1,1,1,1,2,1,3,3,1,1,4,1,2
"R_YWiNV3t9FZObKMh",2,33,5,1,3,NA,-1,4,2,1,1,2,3,2,2,1,4,1,1,2,1,3,3,1,1,4,1,2
"R_3FXzC4fAuhJUJu8",1,28,5,2,2,0,NA,1,3,1,1,1,3,3,1,1,3,1,3,3,1,4,2,2,1,4,3,4
"R_3FXzC4fAuhJUJu8",1,28,5,2,2,0,NA,2,2,2,1,2,2,2,1,1,1,2,1,2,2,4,2,1,7,4,1,3
"R_3FXzC4fAuhJUJu8",1,28,5,2,2,0,NA,3,3,2,1,1,3,1,1,2,2,2,2,2,4,3,3,2,1,1,1,2
"R_3FXzC4fAuhJUJu8",1,28,5,2,2,0,NA,4,2,1,1,2,1,3,1,1,4,2,3,1,1,1,1,2,1,4,3,1
"R_2qDio2YVqSuUY7I",1,44,5,1,3,NA,-1,1,3,2,2,1,3,3,1,1,4,2,2,3,2,4,2,2,1,1,2,1
"R_2qDio2YVqSuUY7I",1,44,5,1,3,NA,-1,2,2,2,2,2,3,3,1,1,1,2,1,3,2,3,2,2,1,4,1,2
"R_2qDio2YVqSuUY7I",1,44,5,1,3,NA,-1,3,1,1,2,1,2,1,1,2,3,1,2,3,1,3,2,1,1,2,3,4
"R_2qDio2YVqSuUY7I",1,44,5,1,3,NA,-1,4,1,2,2,2,3,1,1,1,2,2,1,3,2,3,2,1,1,3,3,3
"R_3sv4DGQezHxfOJt",1,35,5,3,2,1,NA,1,2,2,1,1,3,2,1,2,4,1,3,2,1,2,2,1,1,4,3,2
"R_3sv4DGQezHxfOJt",1,35,5,3,2,1,NA,2,3,2,1,2,3,3,2,1,1,2,1,3,2,3,3,2,7,4,3,1
"R_3sv4DGQezHxfOJt",1,35,5,3,2,1,NA,3,1,1,1,1,3,2,2,1,4,1,2,2,1,3,2,2,1,2,3,1
"R_3sv4DGQezHxfOJt",1,35,5,3,2,1,NA,4,3,2,1,2,2,3,1,1,4,2,2,3,3,2,3,2,7,4,2,1
"R_2wKtkHpNJwjTPqw",1,45,4,1,3,NA,0,1,2,1,2,2,2,1,1,1,4,2,1,2,1,3,2,2,1,3,3,1
"R_2wKtkHpNJwjTPqw",1,45,4,1,3,NA,0,2,1,1,1,1,2,1,1,2,3,1,3,1,3,2,2,1,1,4,2,3
"R_2wKtkHpNJwjTPqw",1,45,4,1,3,NA,0,3,2,1,1,2,2,1,1,2,4,1,2,2,1,2,2,2,1,1,3,1
"R_2wKtkHpNJwjTPqw",1,45,4,1,3,NA,0,4,2,1,2,1,2,1,1,2,2,2,2,1,2,3,2,1,1,2,3,2
"R_24dPhFnYsB0T7Tw",1,27,2,2,3,NA,0,1,3,1,1,2,2,1,1,2,2,2,2,1,1,3,1,2,1,1,1,4
"R_24dPhFnYsB0T7Tw",1,27,2,2,3,NA,0,2,2,2,2,2,2,1,1,2,3,1,2,1,2,2,2,1,1,3,3,2
"R_24dPhFnYsB0T7Tw",1,27,2,2,3,NA,0,3,3,1,1,1,1,3,1,1,2,1,3,2,2,2,1,1,3,3,2,1
"R_24dPhFnYsB0T7Tw",1,27,2,2,3,NA,0,4,2,2,1,1,2,1,2,2,2,1,2,1,2,2,1,2,1,3,2,4
"R_1nSFYlHah5WiAgD",2,38,2,3,2,1,NA,1,2,2,1,1,2,3,1,2,2,1,3,2,2,3,2,2,1,1,1,2
"R_1nSFYlHah5WiAgD",2,38,2,3,2,1,NA,2,1,2,2,2,3,2,1,1,2,2,1,3,1,3,2,1,1,1,3,3
"R_1nSFYlHah5WiAgD",2,38,2,3,2,1,NA,3,3,1,2,1,3,3,1,1,1,2,2,2,2,4,2,2,1,2,2,1
"R_1nSFYlHah5WiAgD",2,38,2,3,2,1,NA,4,2,1,2,2,3,1,1,1,1,2,1,2,3,3,2,1,1,2,2,3
"R_20Pep504xX9AFFa",1,21,3,2,3,NA,1,1,2,1,1,1,2,3,1,2,1,1,3,2,2,3,3,1,1,3,2,1
"R_20Pep504xX9AFFa",1,21,3,2,3,NA,1,2,1,2,2,1,3,3,2,2,2,2,2,2,1,2,2,1,7,4,3,4
"R_20Pep504xX9AFFa",1,21,3,2,3,NA,1,3,2,2,1,2,3,2,1,1,4,2,2,2,3,4,2,2,2,2,1,3
"R_20Pep504xX9AFFa",1,21,3,2,3,NA,1,4,2,2,2,1,2,3,1,1,4,1,3,3,1,2,2,2,1,4,3,4
"R_12sam4o6qmPKsVl",2,28,5,2,2,0,NA,1,2,1,1,2,2,3,1,2,1,2,1,2,2,3,2,1,1,3,1,2
"R_12sam4o6qmPKsVl",2,28,5,2,2,0,NA,2,3,1,2,2,2,2,1,2,4,2,2,3,1,4,2,2,1,1,3,3
"R_12sam4o6qmPKsVl",2,28,5,2,2,0,NA,3,3,2,1,1,3,2,1,2,3,1,2,3,2,3,2,2,2,1,1,4
"R_12sam4o6qmPKsVl",2,28,5,2,2,0,NA,4,3,2,1,2,3,3,2,2,1,1,2,3,1,3,2,1,1,4,1,2
"R_3KVGd35oxM5LAzc",2,27,4,3,1,0,NA,1,2,1,2,1,3,2,1,1,3,2,1,3,2,3,2,1,1,4,1,2
"R_3KVGd35oxM5LAzc",2,27,4,3,1,0,NA,2,3,1,2,1,2,3,1,2,1,2,1,3,1,4,2,1,1,3,2,1
"R_3KVGd35oxM5LAzc",2,27,4,3,1,0,NA,3,1,2,2,2,1,2,1,1,4,2,2,2,4,2,3,2,2,1,1,3
"R_3KVGd35oxM5LAzc",2,27,4,3,1,0,NA,4,1,2,2,2,2,2,2,2,2,1,2,2,3,2,2,1,1,1,2,4
"R_2dNsmZQ0SBIZDQp",2,70,6,3,3,NA,-1,1,1,1,1,1,2,1,1,2,3,1,3,2,2,3,2,1,1,3,2,4
"R_2dNsmZQ0SBIZDQp",2,70,6,3,3,NA,-1,2,1,1,1,2,3,1,1,1,4,1,2,3,1,4,2,1,1,1,3,3
"R_2dNsmZQ0SBIZDQp",2,70,6,3,3,NA,-1,3,2,2,2,1,2,2,1,1,3,2,1,3,2,4,2,2,1,2,2,2
"R_2dNsmZQ0SBIZDQp",2,70,6,3,3,NA,-1,4,1,1,1,2,3,1,2,2,3,1,2,2,3,3,2,1,1,1,1,1
"R_1NmDubKBY5zKSoN",2,23,3,1,4,NA,0,1,3,2,2,2,2,1,2,1,2,2,2,3,4,3,3,1,1,4,3,4
"R_1NmDubKBY5zKSoN",2,23,3,1,4,NA,0,2,2,2,1,1,2,1,1,2,3,2,3,2,2,4,1,2,1,2,1,1
"R_1NmDubKBY5zKSoN",2,23,3,1,4,NA,0,3,2,1,1,1,2,2,1,2,4,1,1,2,3,3,3,1,1,2,2,3
"R_1NmDubKBY5zKSoN",2,23,3,1,4,NA,0,4,3,1,1,2,3,2,1,1,1,2,1,3,2,2,1,2,1,2,1,4
"R_2saNetyjTAZ4Qke",2,26,4,6,3,NA,1,1,2,2,1,1,2,1,1,2,4,1,2,3,2,3,2,1,1,3,1,3
"R_2saNetyjTAZ4Qke",2,26,4,6,3,NA,1,2,2,1,2,2,3,2,1,1,1,2,1,3,1,4,2,2,1,4,1,3
"R_2saNetyjTAZ4Qke",2,26,4,6,3,NA,1,3,3,2,1,2,3,3,1,1,4,2,2,3,2,2,3,2,1,1,2,2
"R_2saNetyjTAZ4Qke",2,26,4,6,3,NA,1,4,3,2,1,2,3,3,1,1,2,2,2,3,2,2,3,2,1,1,2,2
"R_3O8tarfPpWtqtHr",1,33,5,3,2,1,NA,1,3,2,2,2,3,3,1,1,4,2,2,3,2,4,2,2,1,2,3,1
"R_3O8tarfPpWtqtHr",1,33,5,3,2,1,NA,2,3,2,2,2,3,3,1,1,2,2,2,3,2,4,2,2,1,2,3,4
"R_3O8tarfPpWtqtHr",1,33,5,3,2,1,NA,3,2,1,2,2,2,2,1,1,4,2,2,2,2,3,2,1,1,3,1,2
"R_3O8tarfPpWtqtHr",1,33,5,3,2,1,NA,4,1,1,2,1,3,1,1,2,4,1,3,2,2,3,2,1,1,1,2,3
"R_R8jbP7eguhrZFLz",1,24,5,1,3,NA,-1,1,1,1,2,1,2,1,1,2,2,1,2,2,1,2,3,1,1,1,2,1
"R_R8jbP7eguhrZFLz",1,24,5,1,3,NA,-1,2,3,2,1,1,3,1,1,2,3,1,3,1,2,3,2,2,7,2,3,3
"R_R8jbP7eguhrZFLz",1,24,5,1,3,NA,-1,3,1,2,2,1,2,2,2,1,4,2,1,3,4,2,1,1,1,3,1,3
"R_R8jbP7eguhrZFLz",1,24,5,1,3,NA,-1,4,2,1,1,1,3,3,2,2,1,1,3,3,3,4,2,2,1,3,3,2
"R_1Q5SkpO49mcHXbj",2,30,5,3,3,NA,1,1,2,2,1,2,2,1,1,1,4,2,1,1,3,4,2,2,1,2,2,2
"R_1Q5SkpO49mcHXbj",2,30,5,3,3,NA,1,2,3,2,1,2,2,1,2,2,1,1,3,2,2,2,2,1,2,4,1,3
"R_1Q5SkpO49mcHXbj",2,30,5,3,3,NA,1,3,2,2,2,2,3,3,1,1,2,2,2,2,1,3,2,2,1,3,3,1
"R_1Q5SkpO49mcHXbj",2,30,5,3,3,NA,1,4,3,2,2,2,1,1,1,1,2,2,2,3,4,3,2,1,1,2,3,1
"R_3kGHTUi50u2VY5q",2,21,3,2,1,0,NA,1,1,1,1,2,2,2,1,1,4,1,3,1,2,1,3,1,1,1,3,2
"R_3kGHTUi50u2VY5q",2,21,3,2,1,0,NA,2,2,1,2,2,2,2,1,2,2,2,2,1,2,3,2,1,1,2,2,3
"R_3kGHTUi50u2VY5q",2,21,3,2,1,0,NA,3,1,1,1,1,2,2,1,1,2,1,2,1,2,1,3,1,1,4,3,2
"R_3kGHTUi50u2VY5q",2,21,3,2,1,0,NA,4,3,1,2,2,2,3,1,1,1,2,1,1,2,3,2,2,1,3,2,1
"R_1Lnx4O03CvqNe8p",1,33,6,2,2,0,NA,1,1,2,2,2,2,1,1,1,4,2,1,1,2,4,2,1,1,4,1,1
"R_1Lnx4O03CvqNe8p",1,33,6,2,2,0,NA,2,1,1,1,1,2,1,1,2,4,1,3,1,2,2,2,1,1,3,3,4
"R_1Lnx4O03CvqNe8p",1,33,6,2,2,0,NA,3,2,2,2,1,3,3,1,2,3,2,2,2,2,3,2,2,1,2,1,1
"R_1Lnx4O03CvqNe8p",1,33,6,2,2,0,NA,4,1,1,2,1,2,3,2,2,4,1,2,2,2,3,2,1,1,2,2,1
"R_1FgkNxcvjDnDTS9",2,21,3,2,3,NA,-1,1,2,2,2,1,2,1,1,1,2,2,1,2,2,1,2,1,1,4,2,1
"R_1FgkNxcvjDnDTS9",2,21,3,2,3,NA,-1,2,3,2,2,1,2,2,1,1,1,2,1,3,2,3,2,1,1,1,1,1
"R_1FgkNxcvjDnDTS9",2,21,3,2,3,NA,-1,3,3,2,2,2,2,2,1,1,1,2,1,3,2,3,2,1,1,1,2,1
"R_1FgkNxcvjDnDTS9",2,21,3,2,3,NA,-1,4,2,1,1,2,3,3,2,2,3,1,2,3,1,3,2,1,1,3,3,3
"R_1JOtXBAGNGatxFS",2,39,5,3,1,0,NA,1,3,2,2,2,3,3,1,1,3,2,1,2,1,3,2,2,2,1,2,1
"R_1JOtXBAGNGatxFS",2,39,5,3,1,0,NA,2,1,2,2,1,2,1,1,1,4,1,2,1,3,2,2,1,1,4,3,2
"R_1JOtXBAGNGatxFS",2,39,5,3,1,0,NA,3,1,1,1,1,3,2,2,2,2,1,3,3,2,3,2,1,1,3,1,1
"R_1JOtXBAGNGatxFS",2,39,5,3,1,0,NA,4,2,2,1,1,2,1,1,2,1,1,2,2,1,1,1,1,1,2,2,4
"R_tDJuPS5FPFS04Mx",1,35,5,3,2,0,NA,1,2,2,1,2,2,3,1,1,3,2,2,2,1,3,2,2,1,3,3,1
"R_tDJuPS5FPFS04Mx",1,35,5,3,2,0,NA,2,3,2,2,2,3,2,1,1,4,2,1,3,2,4,2,2,1,4,1,3
"R_tDJuPS5FPFS04Mx",1,35,5,3,2,0,NA,3,1,1,2,1,2,1,1,2,1,1,3,1,1,1,1,1,2,2,2,2
"R_tDJuPS5FPFS04Mx",1,35,5,3,2,0,NA,4,3,2,1,2,2,3,2,1,2,2,2,2,3,3,2,1,1,3,1,1
"R_2sQHk1TwNY3JWMu",1,39,3,3,2,0,NA,1,2,2,1,1,3,2,1,2,1,2,1,2,2,2,3,1,1,1,2,3
"R_2sQHk1TwNY3JWMu",1,39,3,3,2,0,NA,2,2,1,1,1,3,3,1,1,4,1,2,1,3,3,2,2,1,3,3,4
"R_2sQHk1TwNY3JWMu",1,39,3,3,2,0,NA,3,3,2,1,1,2,3,2,1,2,2,1,2,1,1,3,2,1,2,3,1
"R_2sQHk1TwNY3JWMu",1,39,3,3,2,0,NA,4,2,2,2,1,2,3,1,2,1,2,2,2,4,2,2,2,3,4,3,3
"R_3ETlesWXqXBUz5z",1,25,5,4,3,NA,0,1,3,2,1,2,2,2,1,1,3,2,1,2,2,3,2,1,1,4,1,3
"R_3ETlesWXqXBUz5z",1,25,5,4,3,NA,0,2,2,2,1,2,2,1,2,1,1,2,2,2,1,4,2,1,7,2,1,4
"R_3ETlesWXqXBUz5z",1,25,5,4,3,NA,0,3,1,1,2,2,3,1,1,1,2,2,1,3,1,3,2,2,1,1,2,3
"R_3ETlesWXqXBUz5z",1,25,5,4,3,NA,0,4,2,2,1,2,2,1,1,1,4,2,2,1,2,2,2,2,2,3,3,1
"R_22Gt3NnWy6HRG28",2,53,5,3,2,1,NA,1,2,2,1,2,3,3,1,1,2,2,1,2,2,4,2,1,1,3,3,4
"R_22Gt3NnWy6HRG28",2,53,5,3,2,1,NA,2,2,2,2,2,2,2,1,1,4,2,1,2,1,3,2,2,1,1,3,3
"R_22Gt3NnWy6HRG28",2,53,5,3,2,1,NA,3,1,2,2,2,2,1,1,1,3,2,1,1,1,3,2,2,7,2,1,2
"R_22Gt3NnWy6HRG28",2,53,5,3,2,1,NA,4,1,2,2,2,3,1,1,1,3,1,1,2,2,3,2,2,1,4,1,2
"R_w5Y65OP4yKgUvbH",1,48,2,1,3,NA,0,1,3,1,2,2,3,3,1,1,1,2,2,2,1,2,2,2,1,2,3,3
"R_w5Y65OP4yKgUvbH",1,48,2,1,3,NA,0,2,1,2,1,2,2,1,1,1,3,2,1,1,3,1,1,1,1,3,1,2
"R_w5Y65OP4yKgUvbH",1,48,2,1,3,NA,0,3,2,2,1,2,2,2,2,1,4,2,2,2,2,3,2,1,7,1,2,4
"R_w5Y65OP4yKgUvbH",1,48,2,1,3,NA,0,4,2,2,2,1,2,1,1,2,3,2,1,3,1,2,2,1,1,4,3,3
"R_A4ed8jxAYFjgJNL",2,37,5,4,2,0,NA,1,1,1,1,2,2,1,1,1,2,1,2,1,1,3,2,1,1,4,1,1
"R_A4ed8jxAYFjgJNL",2,37,5,4,2,0,NA,2,2,2,2,1,1,1,1,1,1,2,1,1,1,1,2,1,1,1,2,4
"R_A4ed8jxAYFjgJNL",2,37,5,4,2,0,NA,3,2,1,2,2,1,1,1,1,2,2,1,1,4,2,2,1,1,2,3,2
"R_A4ed8jxAYFjgJNL",2,37,5,4,2,0,NA,4,1,2,1,1,2,1,2,2,3,1,3,2,2,1,2,1,1,3,3,3
"R_soqqDcGxHfRmF2N",1,32,6,5,4,NA,0,1,2,2,2,2,3,3,1,1,2,2,1,3,2,3,2,1,1,1,1,2
"R_soqqDcGxHfRmF2N",1,32,6,5,4,NA,0,2,1,2,2,2,3,3,1,1,4,2,1,3,2,3,2,1,7,4,3,1
"R_soqqDcGxHfRmF2N",1,32,6,5,4,NA,0,3,3,1,1,2,1,2,1,1,1,1,1,3,4,4,2,2,1,3,2,3
"R_soqqDcGxHfRmF2N",1,32,6,5,4,NA,0,4,2,1,2,2,2,3,2,1,3,1,1,3,2,3,2,1,2,2,3,3
"R_vN1AvNL3cLj56iR",2,25,6,1,2,1,NA,1,3,1,2,1,3,2,1,2,1,1,3,2,2,3,2,2,7,3,2,2
"R_vN1AvNL3cLj56iR",2,25,6,1,2,1,NA,2,2,1,2,1,3,3,1,2,4,1,3,1,2,3,2,1,7,1,2,3
"R_vN1AvNL3cLj56iR",2,25,6,1,2,1,NA,3,3,1,1,2,3,2,1,1,4,2,2,3,2,4,2,2,1,4,1,4
"R_vN1AvNL3cLj56iR",2,25,6,1,2,1,NA,4,1,1,2,2,3,2,1,1,2,2,1,3,2,4,2,2,1,2,3,2
"R_3lY1onTNuM4FF1z",2,55,5,2,3,NA,0,1,1,1,1,1,1,3,1,2,1,1,3,2,4,3,2,2,1,3,2,1
"R_3lY1onTNuM4FF1z",2,55,5,2,3,NA,0,2,3,2,2,2,2,2,1,1,4,2,1,2,1,4,2,2,1,4,1,4
"R_3lY1onTNuM4FF1z",2,55,5,2,3,NA,0,3,1,1,1,1,2,1,2,2,2,1,2,1,2,2,3,1,2,2,3,2
"R_3lY1onTNuM4FF1z",2,55,5,2,3,NA,0,4,3,1,1,1,2,2,1,2,1,1,3,3,2,3,2,2,7,4,2,4
"R_0JnuaKoaNhZ45uF",1,30,5,3,2,0,NA,1,2,1,2,2,3,3,1,1,4,2,1,1,1,3,2,1,1,3,3,2
"R_0JnuaKoaNhZ45uF",1,30,5,3,2,0,NA,2,2,1,2,1,2,1,1,2,2,1,3,1,1,4,2,2,7,1,1,3
"R_0JnuaKoaNhZ45uF",1,30,5,3,2,0,NA,3,2,1,2,1,3,1,2,2,1,2,2,2,2,3,2,1,1,2,2,1
"R_0JnuaKoaNhZ45uF",1,30,5,3,2,0,NA,4,2,2,2,2,3,2,1,1,3,2,2,2,1,3,2,1,1,4,2,4
"R_2WHECNvkLp8owWx",2,25,3,1,3,NA,0,1,3,2,1,2,3,3,1,2,4,2,3,3,1,3,2,1,1,4,1,1
"R_2WHECNvkLp8owWx",2,25,3,1,3,NA,0,2,3,1,2,1,3,2,1,1,2,1,1,2,2,4,2,2,1,1,3,2
"R_2WHECNvkLp8owWx",2,25,3,1,3,NA,0,3,1,2,2,2,2,1,2,1,2,2,2,2,1,3,2,1,1,2,2,2
"R_2WHECNvkLp8owWx",2,25,3,1,3,NA,0,4,2,2,1,1,2,1,1,1,4,2,3,1,3,3,2,2,1,3,1,4
"R_1CrJ6Fjtp9pQ9nX",1,28,5,2,1,0,NA,1,2,1,1,2,3,2,1,2,1,1,2,2,2,3,2,1,1,1,1,3
"R_1CrJ6Fjtp9pQ9nX",1,28,5,2,1,0,NA,2,3,2,2,2,2,3,1,1,2,2,1,3,1,4,3,2,1,4,1,2
"R_1CrJ6Fjtp9pQ9nX",1,28,5,2,1,0,NA,3,3,1,1,2,3,2,1,2,3,1,2,2,3,2,2,2,1,3,1,3
"R_1CrJ6Fjtp9pQ9nX",1,28,5,2,1,0,NA,4,1,1,1,2,3,3,2,1,2,2,2,1,3,2,2,1,1,4,3,1
"R_3lGiQraAQXepRzM",2,69,3,1,1,1,NA,1,3,1,2,2,2,1,1,1,1,2,1,1,1,3,2,2,1,4,1,3
"R_3lGiQraAQXepRzM",2,69,3,1,1,1,NA,2,2,2,1,2,2,1,2,2,2,2,2,1,3,2,3,1,7,2,2,1
"R_3lGiQraAQXepRzM",2,69,3,1,1,1,NA,3,1,2,1,1,2,1,2,2,3,1,3,2,2,1,2,1,1,1,2,4
"R_3lGiQraAQXepRzM",2,69,3,1,1,1,NA,4,2,2,1,1,2,1,2,2,1,1,3,2,1,2,2,1,2,4,3,4
"R_3VpPedRGnLrHCzH",1,42,3,2,2,0,NA,1,3,1,2,1,3,3,1,2,1,2,2,3,2,4,2,2,1,3,3,1
"R_3VpPedRGnLrHCzH",1,42,3,2,2,0,NA,2,1,2,2,1,1,1,1,2,2,2,1,1,1,3,3,1,1,2,3,3
"R_3VpPedRGnLrHCzH",1,42,3,2,2,0,NA,3,1,1,2,2,2,1,1,1,4,2,1,1,2,2,2,1,1,1,1,4
"R_3VpPedRGnLrHCzH",1,42,3,2,2,0,NA,4,3,2,1,1,3,2,1,2,3,1,3,2,2,4,2,2,1,4,2,2
"R_2rUYD4r4BBQhYgn",1,33,5,3,1,0,NA,1,2,1,2,2,2,1,1,1,1,2,2,2,3,3,2,1,1,3,2,1
"R_2rUYD4r4BBQhYgn",1,33,5,3,1,0,NA,2,2,1,1,1,2,1,1,2,3,1,3,1,2,2,2,1,2,1,1,3
"R_2rUYD4r4BBQhYgn",1,33,5,3,1,0,NA,3,3,2,2,1,2,3,1,1,2,2,1,2,2,1,2,1,1,2,2,3
"R_2rUYD4r4BBQhYgn",1,33,5,3,1,0,NA,4,1,2,2,1,2,1,2,1,1,2,1,1,3,3,2,1,1,4,3,2
"R_RPvoARdAs4mtBQJ",1,57,5,1,2,1,NA,1,2,2,1,1,2,1,1,2,3,1,2,2,1,2,2,1,1,1,1,1
"R_RPvoARdAs4mtBQJ",1,57,5,1,2,1,NA,2,3,1,1,2,3,3,1,1,4,2,1,2,2,3,2,1,1,2,3,1
"R_RPvoARdAs4mtBQJ",1,57,5,1,2,1,NA,3,3,1,1,2,2,1,2,2,1,1,3,1,3,2,2,1,1,3,2,3
"R_RPvoARdAs4mtBQJ",1,57,5,1,2,1,NA,4,1,2,2,1,2,1,1,1,4,2,2,1,4,3,2,1,2,3,2,1
"R_2az76aFDw2vHQWn",2,26,6,2,2,0,NA,1,3,1,2,1,2,3,1,2,3,2,2,2,2,4,2,2,1,4,1,4
"R_2az76aFDw2vHQWn",2,26,6,2,2,0,NA,2,2,2,2,1,2,1,1,1,1,2,1,3,1,3,2,1,1,2,3,2
"R_2az76aFDw2vHQWn",2,26,6,2,2,0,NA,3,2,2,2,1,2,1,2,2,4,1,2,1,3,2,2,1,1,1,2,2
"R_2az76aFDw2vHQWn",2,26,6,2,2,0,NA,4,3,2,2,1,2,2,1,1,1,2,2,2,1,3,2,2,1,3,1,2
"R_Dv0REuzZFIwKW2t",1,39,6,4,3,NA,-1,1,2,2,2,2,3,3,1,1,1,2,1,2,2,4,2,1,1,2,2,2
"R_Dv0REuzZFIwKW2t",1,39,6,4,3,NA,-1,2,3,2,1,2,2,1,1,2,2,2,2,1,1,2,3,1,7,3,2,4
"R_Dv0REuzZFIwKW2t",1,39,6,4,3,NA,-1,3,3,1,1,1,2,2,1,2,3,1,2,1,2,3,2,2,1,4,1,1
"R_Dv0REuzZFIwKW2t",1,39,6,4,3,NA,-1,4,3,1,2,2,3,1,2,1,2,2,1,1,1,2,2,1,7,3,3,3
"R_2xGh9dPITyylCGf",2,29,3,5,3,NA,0,1,1,2,2,2,2,3,1,1,3,2,2,3,1,3,2,1,1,1,1,3
"R_2xGh9dPITyylCGf",2,29,3,5,3,NA,0,2,3,1,1,1,3,3,2,2,2,1,2,2,2,2,2,1,1,3,2,2
"R_2xGh9dPITyylCGf",2,29,3,5,3,NA,0,3,3,2,1,1,3,2,1,2,4,1,2,3,2,3,2,1,1,4,1,3
"R_2xGh9dPITyylCGf",2,29,3,5,3,NA,0,4,1,1,1,2,2,1,1,1,4,2,2,3,2,4,3,2,1,2,2,2
"R_1hWlyskyj8krdvm",2,32,5,4,3,NA,1,1,3,1,1,1,2,2,1,2,2,1,2,2,2,3,3,1,1,4,2,2
"R_1hWlyskyj8krdvm",2,32,5,4,3,NA,1,2,1,2,2,2,2,2,1,2,4,2,2,2,1,3,2,1,1,3,2,3
"R_1hWlyskyj8krdvm",2,32,5,4,3,NA,1,3,1,1,2,2,2,1,1,2,2,2,1,2,3,2,3,1,1,4,1,1
"R_1hWlyskyj8krdvm",2,32,5,4,3,NA,1,4,1,2,1,1,2,2,1,2,4,1,2,2,2,1,3,2,1,4,2,2
"R_1dlXbzNzVy2iQ1g",2,34,5,5,1,1,NA,1,3,1,1,2,2,1,1,2,1,1,3,1,4,2,2,1,1,4,1,4
"R_1dlXbzNzVy2iQ1g",2,34,5,5,1,1,NA,2,1,2,1,2,2,3,1,2,3,1,2,2,3,3,2,1,2,3,2,3
"R_1dlXbzNzVy2iQ1g",2,34,5,5,1,1,NA,3,3,1,2,1,3,3,1,2,2,1,3,2,2,4,2,2,1,1,3,2
"R_1dlXbzNzVy2iQ1g",2,34,5,5,1,1,NA,4,3,1,2,2,3,2,1,1,3,2,1,3,2,4,2,2,1,2,1,4
"R_85NG2wLHSgjpDil",2,31,5,4,3,NA,-1,1,2,1,2,1,1,1,1,2,2,1,2,2,3,4,2,2,1,4,2,2
"R_85NG2wLHSgjpDil",2,31,5,4,3,NA,-1,2,1,2,1,1,2,3,2,2,1,2,2,1,2,1,1,1,7,3,1,3
"R_85NG2wLHSgjpDil",2,31,5,4,3,NA,-1,3,3,2,1,1,2,2,1,2,3,1,3,3,2,4,2,2,2,2,1,1
"R_85NG2wLHSgjpDil",2,31,5,4,3,NA,-1,4,1,2,1,2,3,3,2,1,4,2,1,3,4,2,2,1,1,4,2,4
"R_1K8E5EHwfySIub8",2,31,4,2,1,0,NA,1,2,2,1,1,3,3,1,1,4,1,3,2,1,3,2,1,1,3,2,1
"R_1K8E5EHwfySIub8",2,31,4,2,1,0,NA,2,2,1,2,1,3,3,1,2,2,1,2,3,2,3,1,1,7,3,3,2
"R_1K8E5EHwfySIub8",2,31,4,2,1,0,NA,3,1,1,2,1,2,1,1,2,3,1,2,2,1,3,2,1,1,2,1,3
"R_1K8E5EHwfySIub8",2,31,4,2,1,0,NA,4,2,2,2,2,3,1,1,1,2,2,1,3,1,3,2,2,1,3,2,3
"R_3qyqTygVrWIRiDy",1,44,3,2,1,0,NA,1,3,2,2,2,3,2,1,1,3,2,1,2,2,3,2,1,1,4,1,1
"R_3qyqTygVrWIRiDy",1,44,3,2,1,0,NA,2,3,1,2,2,2,3,1,1,4,2,2,2,1,3,2,1,1,1,2,3
"R_3qyqTygVrWIRiDy",1,44,3,2,1,0,NA,3,3,1,2,2,3,2,1,1,3,2,1,3,2,3,2,1,1,2,1,4
"R_3qyqTygVrWIRiDy",1,44,3,2,1,0,NA,4,3,2,1,1,2,2,1,2,1,1,2,2,1,3,2,1,1,2,2,2
"R_3EX9fyBOxzqyoU0",2,52,6,7,2,1,NA,1,2,2,2,1,3,3,1,1,3,2,1,2,2,4,2,1,1,4,3,1
"R_3EX9fyBOxzqyoU0",2,52,6,7,2,1,NA,2,2,2,1,2,2,3,2,1,2,2,2,2,2,3,2,1,1,3,3,2
"R_3EX9fyBOxzqyoU0",2,52,6,7,2,1,NA,3,2,2,2,1,2,3,1,1,2,2,1,2,1,4,2,1,1,4,3,1
"R_3EX9fyBOxzqyoU0",2,52,6,7,2,1,NA,4,3,2,1,2,2,2,1,1,4,2,1,3,1,3,3,2,1,3,3,1
"R_XBpJDiZihVT5cfn",1,20,2,3,3,NA,0,1,2,2,2,2,3,2,1,1,3,2,1,2,2,4,2,2,2,1,2,4
"R_XBpJDiZihVT5cfn",1,20,2,3,3,NA,0,2,1,1,1,2,1,2,2,1,2,1,2,1,3,1,3,1,1,2,1,1
"R_XBpJDiZihVT5cfn",1,20,2,3,3,NA,0,3,1,1,2,2,2,2,1,1,1,1,3,2,1,3,2,2,1,4,2,2
"R_XBpJDiZihVT5cfn",1,20,2,3,3,NA,0,4,2,1,2,2,3,3,1,2,2,2,3,2,2,4,1,2,1,1,1,2
"R_1r81qCarxi33PHe",2,41,2,1,4,NA,0,1,2,1,2,1,3,2,1,2,1,1,2,2,1,3,2,1,1,1,2,4
"R_1r81qCarxi33PHe",2,41,2,1,4,NA,0,2,1,2,2,1,2,1,1,2,2,2,2,1,2,1,3,1,1,2,1,1
"R_1r81qCarxi33PHe",2,41,2,1,4,NA,0,3,3,1,1,2,2,2,1,1,4,1,3,1,1,3,2,2,1,3,3,2
"R_1r81qCarxi33PHe",2,41,2,1,4,NA,0,4,1,2,1,2,2,1,1,1,4,2,1,1,3,1,2,1,1,2,2,2
"R_2q8ivpCpFXJ4amT",1,21,2,4,2,0,NA,1,1,1,1,2,2,3,1,1,4,2,2,2,3,3,2,1,1,4,2,4
"R_2q8ivpCpFXJ4amT",1,21,2,4,2,0,NA,2,2,1,2,1,2,1,1,2,4,2,2,2,4,1,3,1,2,1,2,1
"R_2q8ivpCpFXJ4amT",1,21,2,4,2,0,NA,3,1,1,1,2,2,1,2,2,1,2,2,3,1,1,1,1,1,3,3,4
"R_2q8ivpCpFXJ4amT",1,21,2,4,2,0,NA,4,3,1,2,2,1,3,1,1,4,2,1,3,2,3,3,2,1,1,1,2
"R_2zjv52aVhnKuK6W",1,25,5,5,3,NA,0,1,3,2,1,1,3,3,1,2,3,1,3,3,1,3,2,1,1,1,2,2
"R_2zjv52aVhnKuK6W",1,25,5,5,3,NA,0,2,3,2,1,1,3,3,1,2,3,1,3,3,1,3,2,1,1,4,2,2
"R_2zjv52aVhnKuK6W",1,25,5,5,3,NA,0,3,1,2,2,1,3,3,1,1,4,1,2,2,2,1,1,1,1,3,3,1
"R_2zjv52aVhnKuK6W",1,25,5,5,3,NA,0,4,1,2,1,1,3,3,1,1,4,1,2,2,2,1,1,1,1,3,1,1
"R_2EfVorRxs1RWuYc",1,20,4,4,2,1,NA,1,2,1,2,1,2,2,1,2,1,2,1,2,4,2,2,1,1,4,3,2
"R_2EfVorRxs1RWuYc",1,20,4,4,2,1,NA,2,2,2,1,2,3,2,2,1,4,1,1,1,1,4,3,2,7,3,2,1
"R_2EfVorRxs1RWuYc",1,20,4,4,2,1,NA,3,3,1,1,2,2,2,2,1,1,1,2,3,4,3,2,1,7,1,3,2
"R_2EfVorRxs1RWuYc",1,20,4,4,2,1,NA,4,2,1,1,1,2,3,1,2,3,2,2,1,4,2,1,1,1,4,3,4
"R_1DtDMqEwB97hnfo",2,51,5,3,2,0,NA,1,3,1,1,1,2,3,1,2,1,1,2,1,2,3,2,1,1,1,3,3
"R_1DtDMqEwB97hnfo",2,51,5,3,2,0,NA,2,2,2,2,2,2,3,1,2,2,2,2,2,2,2,2,2,1,2,2,1
"R_1DtDMqEwB97hnfo",2,51,5,3,2,0,NA,3,2,2,1,1,2,3,2,2,3,1,3,1,2,1,2,2,1,2,3,4
"R_1DtDMqEwB97hnfo",2,51,5,3,2,0,NA,4,2,1,2,1,2,2,1,2,1,1,2,1,2,2,2,1,1,4,3,3
"R_1hEWVFo4UIaDNud",2,35,5,1,2,0,NA,1,2,1,2,2,3,3,1,1,3,2,2,2,1,3,2,1,1,2,2,2
"R_1hEWVFo4UIaDNud",2,35,5,1,2,0,NA,2,1,1,2,1,2,3,2,2,4,1,3,2,3,2,2,1,1,1,3,1
"R_1hEWVFo4UIaDNud",2,35,5,1,2,0,NA,3,1,2,2,2,2,2,1,1,2,2,1,3,1,3,2,2,1,1,2,4
"R_1hEWVFo4UIaDNud",2,35,5,1,2,0,NA,4,2,2,2,2,2,2,1,1,2,2,1,2,2,2,2,2,1,4,1,3
"R_2dDVekUrZJiIzmj",2,38,5,2,1,0,NA,1,1,1,2,1,3,2,1,2,3,1,3,2,1,3,2,2,1,1,2,1
"R_2dDVekUrZJiIzmj",2,38,5,2,1,0,NA,2,3,2,2,2,3,3,1,1,4,2,1,3,2,3,2,2,1,2,3,3
"R_2dDVekUrZJiIzmj",2,38,5,2,1,0,NA,3,3,1,2,2,3,3,1,1,2,2,2,3,2,3,2,2,1,3,2,2
"R_2dDVekUrZJiIzmj",2,38,5,2,1,0,NA,4,1,1,2,1,2,2,1,2,1,1,2,2,1,3,2,2,1,4,3,3
"R_6X9cokWMHyJyTlv",2,45,5,3,2,1,NA,1,1,2,1,1,2,1,2,2,1,1,2,1,3,2,2,1,1,1,2,4
"R_6X9cokWMHyJyTlv",2,45,5,3,2,1,NA,2,1,2,1,2,2,1,2,1,2,2,1,2,1,1,1,2,1,2,1,2
"R_6X9cokWMHyJyTlv",2,45,5,3,2,1,NA,3,1,2,1,2,2,1,1,1,3,2,2,2,2,3,2,1,7,3,3,3
"R_6X9cokWMHyJyTlv",2,45,5,3,2,1,NA,4,2,1,1,2,2,2,1,2,4,1,3,3,1,3,2,1,1,4,2,4
"R_1DqdJ0672sWEj6z",2,25,3,4,2,1,NA,1,1,2,2,2,3,3,1,1,3,2,1,3,1,3,2,1,1,4,1,3
"R_1DqdJ0672sWEj6z",2,25,3,4,2,1,NA,2,3,1,2,1,3,2,1,2,1,1,3,3,2,3,2,1,1,1,1,2
"R_1DqdJ0672sWEj6z",2,25,3,4,2,1,NA,3,3,1,1,2,2,2,1,2,2,1,3,2,2,2,2,1,1,1,3,4
"R_1DqdJ0672sWEj6z",2,25,3,4,2,1,NA,4,3,1,1,2,2,2,1,2,2,1,3,2,3,2,2,1,1,1,3,4
"R_2zdXxufWXaE1xKY",1,21,2,3,3,NA,-1,1,2,1,2,2,2,1,1,1,2,2,1,2,1,3,3,1,1,2,3,4
"R_2zdXxufWXaE1xKY",1,21,2,3,3,NA,-1,2,3,2,1,1,3,3,2,1,3,1,2,3,3,4,2,1,1,4,3,1
"R_2zdXxufWXaE1xKY",1,21,2,3,3,NA,-1,3,3,1,1,1,3,2,1,2,1,1,3,2,2,3,2,2,1,1,2,3
"R_2zdXxufWXaE1xKY",1,21,2,3,3,NA,-1,4,2,1,1,2,3,2,2,2,4,1,3,2,4,2,2,1,1,3,1,2
"R_3m9nYbiFSr7Cysf",1,43,6,5,2,0,NA,1,3,2,1,1,3,3,1,2,3,1,3,3,2,4,2,1,1,4,1,1
"R_3m9nYbiFSr7Cysf",1,43,6,5,2,0,NA,2,1,1,2,2,3,3,1,1,1,2,1,3,1,4,2,2,1,2,2,4
"R_3m9nYbiFSr7Cysf",1,43,6,5,2,0,NA,3,2,2,2,2,3,3,1,1,1,2,1,2,2,3,2,2,1,1,3,4
"R_3m9nYbiFSr7Cysf",1,43,6,5,2,0,NA,4,3,2,1,1,3,3,1,2,3,1,2,3,2,3,2,2,1,3,1,1
"R_1dtzT1MCwSV5ITp",1,27,5,2,3,NA,-1,1,1,1,1,1,3,3,2,2,1,1,2,1,2,3,2,1,1,1,1,1
"R_1dtzT1MCwSV5ITp",1,27,5,2,3,NA,-1,2,1,2,1,1,2,1,1,1,3,2,1,2,1,2,1,2,7,3,2,4
"R_1dtzT1MCwSV5ITp",1,27,5,2,3,NA,-1,3,1,1,1,2,3,2,1,1,4,2,1,3,3,4,3,2,3,2,3,2
"R_1dtzT1MCwSV5ITp",1,27,5,2,3,NA,-1,4,2,2,2,2,2,3,1,1,3,2,1,1,4,2,3,1,1,3,1,1
"R_3Pz44rbUNkVY7UY",2,58,5,6,3,NA,1,1,2,2,2,2,2,1,1,1,1,2,1,3,1,4,2,2,1,1,1,3
"R_3Pz44rbUNkVY7UY",2,58,5,6,3,NA,1,2,2,2,1,1,3,3,2,2,3,1,3,3,2,2,2,1,1,1,3,4
"R_3Pz44rbUNkVY7UY",2,58,5,6,3,NA,1,3,1,2,1,1,2,1,2,2,4,1,3,1,3,1,1,1,1,4,2,2
"R_3Pz44rbUNkVY7UY",2,58,5,6,3,NA,1,4,1,2,2,2,2,2,1,1,2,2,1,2,4,3,2,2,2,3,3,2
"R_3I5vQC38qDbpNND",1,25,4,2,1,0,NA,1,2,2,2,1,3,2,1,2,3,2,2,3,1,3,2,1,1,1,2,1
"R_3I5vQC38qDbpNND",1,25,4,2,1,0,NA,2,3,2,2,1,3,3,1,1,2,2,1,3,3,4,2,2,1,4,3,3
"R_3I5vQC38qDbpNND",1,25,4,2,1,0,NA,3,3,2,2,2,2,2,1,1,4,2,2,2,1,3,2,2,1,2,1,4
"R_3I5vQC38qDbpNND",1,25,4,2,1,0,NA,4,1,2,2,1,2,3,1,2,4,1,3,2,3,3,2,1,7,4,2,1
"R_3hg6SNZ59tIqRFi",1,30,5,5,3,NA,1,1,1,2,2,2,2,1,1,1,3,2,1,3,2,3,2,1,1,4,3,1
"R_3hg6SNZ59tIqRFi",1,30,5,5,3,NA,1,2,2,2,1,2,2,3,1,2,4,2,2,3,1,4,2,1,1,1,1,3
"R_3hg6SNZ59tIqRFi",1,30,5,5,3,NA,1,3,3,2,1,2,3,3,1,2,1,2,2,3,2,4,3,2,1,4,2,2
"R_3hg6SNZ59tIqRFi",1,30,5,5,3,NA,1,4,1,1,2,2,2,1,2,2,2,2,1,2,2,2,2,1,1,4,3,4
"R_3Mb7IoIAsUo7GU1",2,39,5,5,3,NA,-1,1,2,2,1,1,2,3,2,2,4,1,3,1,2,3,2,1,1,1,1,3
"R_3Mb7IoIAsUo7GU1",2,39,5,5,3,NA,-1,2,3,2,1,1,2,2,1,2,1,1,3,2,1,4,2,2,1,4,2,4
"R_3Mb7IoIAsUo7GU1",2,39,5,5,3,NA,-1,3,1,2,2,2,3,1,1,1,2,2,1,2,2,3,2,2,1,2,3,2
"R_3Mb7IoIAsUo7GU1",2,39,5,5,3,NA,-1,4,2,1,1,2,2,3,2,2,1,1,3,1,3,1,3,1,1,1,2,1
"R_0cZ4YyvH7fQRitb",2,64,4,3,1,1,NA,1,1,2,1,1,2,1,1,1,3,1,3,1,3,2,3,1,1,4,2,1
"R_0cZ4YyvH7fQRitb",2,64,4,3,1,1,NA,2,3,1,1,1,3,3,1,1,2,1,2,3,2,4,2,2,1,3,1,3
"R_0cZ4YyvH7fQRitb",2,64,4,3,1,1,NA,3,2,2,1,1,2,1,2,1,1,1,3,2,3,3,3,1,2,1,1,2
"R_0cZ4YyvH7fQRitb",2,64,4,3,1,1,NA,4,2,2,1,2,3,2,1,2,4,2,1,3,1,3,2,2,1,3,2,2
"R_1LnS6GOxITNFH8G",1,54,6,3,2,1,NA,1,2,2,1,1,2,1,1,2,3,1,3,2,2,3,2,1,1,4,2,1
"R_1LnS6GOxITNFH8G",1,54,6,3,2,1,NA,2,1,2,2,1,2,1,1,2,4,1,2,2,1,4,2,1,7,2,3,2
"R_1LnS6GOxITNFH8G",1,54,6,3,2,1,NA,3,2,1,1,1,3,3,1,2,1,1,3,2,2,3,2,2,1,1,1,4
"R_1LnS6GOxITNFH8G",1,54,6,3,2,1,NA,4,3,2,1,2,2,3,1,2,4,2,2,2,1,2,2,2,1,3,2,3
"R_3fcVkiC0G4cOD5Z",1,24,5,5,2,1,NA,1,2,2,2,1,2,2,1,1,3,2,1,1,2,3,2,2,1,4,2,3
"R_3fcVkiC0G4cOD5Z",1,24,5,5,2,1,NA,2,2,1,1,2,3,3,2,2,3,1,3,1,2,4,2,1,1,2,1,2
"R_3fcVkiC0G4cOD5Z",1,24,5,5,2,1,NA,3,1,1,1,2,3,3,1,1,4,1,3,2,1,1,1,1,2,1,3,1
"R_3fcVkiC0G4cOD5Z",1,24,5,5,2,1,NA,4,1,1,2,2,2,1,1,1,1,2,2,3,1,2,3,1,7,3,2,2
"R_22PT8QKcrkDuFtD",2,51,5,3,2,1,NA,1,1,2,2,2,2,1,1,1,4,2,1,2,1,4,2,1,1,4,3,1
"R_22PT8QKcrkDuFtD",2,51,5,3,2,1,NA,2,3,2,1,2,2,1,2,1,1,2,2,2,3,4,2,1,1,2,2,3
"R_22PT8QKcrkDuFtD",2,51,5,3,2,1,NA,3,3,1,1,2,2,1,2,1,3,2,2,1,1,3,2,1,1,1,2,2
"R_22PT8QKcrkDuFtD",2,51,5,3,2,1,NA,4,1,2,2,1,2,1,1,2,2,2,2,2,1,2,3,1,3,3,1,4
"R_1q8sHAd8BrARcL3",1,23,5,1,1,0,NA,1,3,1,2,1,2,3,1,2,3,1,2,2,2,4,2,1,1,3,2,3
"R_1q8sHAd8BrARcL3",1,23,5,1,1,0,NA,2,3,2,2,2,3,2,1,1,4,2,1,3,1,3,2,1,1,1,1,2
"R_1q8sHAd8BrARcL3",1,23,5,1,1,0,NA,3,2,2,1,1,2,3,1,1,4,2,2,2,2,4,2,1,1,3,2,2
"R_1q8sHAd8BrARcL3",1,23,5,1,1,0,NA,4,3,2,2,1,2,2,1,1,1,1,2,2,2,4,2,1,1,2,3,1
"R_pLwmJXg0gFESSAh",2,25,5,1,2,0,NA,1,2,1,1,2,3,2,2,1,1,2,1,2,2,3,2,1,1,2,3,1
"R_pLwmJXg0gFESSAh",2,25,5,1,2,0,NA,2,1,2,1,2,3,2,1,1,4,2,1,2,2,3,2,1,1,2,3,2
"R_pLwmJXg0gFESSAh",2,25,5,1,2,0,NA,3,3,2,1,1,2,2,1,2,2,1,3,2,3,3,2,1,1,4,1,4
"R_pLwmJXg0gFESSAh",2,25,5,1,2,0,NA,4,1,1,2,1,3,2,1,2,3,2,2,2,2,3,2,1,1,3,3,1
"R_1oG5ZTtLikDErG7",2,25,6,2,1,1,NA,1,3,2,2,1,2,2,2,2,2,1,1,2,1,2,2,2,2,3,3,2
"R_1oG5ZTtLikDErG7",2,25,6,2,1,1,NA,2,1,1,2,1,2,1,2,2,3,2,1,2,1,2,2,2,2,3,1,2
"R_1oG5ZTtLikDErG7",2,25,6,2,1,1,NA,3,3,1,1,1,3,1,2,2,2,1,2,2,1,2,2,2,2,3,1,3
"R_1oG5ZTtLikDErG7",2,25,6,2,1,1,NA,4,2,2,1,2,3,1,2,1,2,2,3,2,1,2,2,2,7,3,3,2
"R_6kYmWROeWgIPbah",2,33,3,3,2,0,NA,1,1,1,1,2,3,1,1,2,1,1,2,2,2,2,2,1,7,1,2,3
"R_6kYmWROeWgIPbah",2,33,3,3,2,0,NA,2,1,2,1,1,2,3,1,2,4,1,3,1,3,3,2,1,1,2,1,2
"R_6kYmWROeWgIPbah",2,33,3,3,2,0,NA,3,2,2,2,1,2,1,1,1,3,2,2,3,1,3,1,2,1,3,2,4
"R_6kYmWROeWgIPbah",2,33,3,3,2,0,NA,4,2,1,1,2,3,2,1,2,1,1,2,2,2,2,2,1,1,2,3,1
"R_2D6p82Fou1Sjphh",2,39,5,5,2,1,NA,1,3,2,1,1,2,1,1,1,1,1,2,2,2,1,1,1,7,2,3,3
"R_2D6p82Fou1Sjphh",2,39,5,5,2,1,NA,2,1,2,2,1,2,1,1,2,3,2,1,1,3,2,2,2,2,4,1,4
"R_2D6p82Fou1Sjphh",2,39,5,5,2,1,NA,3,3,1,1,2,2,3,1,1,3,1,3,2,1,4,2,2,1,2,2,2
"R_2D6p82Fou1Sjphh",2,39,5,5,2,1,NA,4,1,2,1,2,2,1,2,1,2,1,2,1,4,3,3,1,1,1,3,1
"R_2tlIPZ9MTkP1xGT",1,54,6,3,1,0,NA,1,2,2,2,2,3,1,1,1,1,2,2,2,1,3,2,1,1,1,3,1
"R_2tlIPZ9MTkP1xGT",1,54,6,3,1,0,NA,2,2,1,1,2,3,1,2,2,3,2,3,2,2,3,2,1,1,4,1,1
"R_2tlIPZ9MTkP1xGT",1,54,6,3,1,0,NA,3,3,2,1,2,3,1,2,2,4,2,2,2,1,3,2,1,1,3,2,1
"R_2tlIPZ9MTkP1xGT",1,54,6,3,1,0,NA,4,2,1,1,2,2,1,2,2,1,1,3,2,2,3,2,1,1,2,1,3
"R_RKVxx6sfNuDL41b",1,27,5,3,3,NA,0,1,3,2,1,1,1,1,1,1,3,1,1,2,1,3,2,1,1,1,2,1
"R_RKVxx6sfNuDL41b",1,27,5,3,3,NA,0,2,2,2,1,1,2,3,1,2,3,2,1,1,3,4,2,2,1,4,3,3
"R_RKVxx6sfNuDL41b",1,27,5,3,3,NA,0,3,2,2,2,2,2,1,1,1,3,1,2,2,2,2,1,1,1,2,2,2
"R_RKVxx6sfNuDL41b",1,27,5,3,3,NA,0,4,2,2,2,1,1,3,1,1,3,2,1,3,1,3,2,1,1,3,1,3
"R_1HOV0lwG6x4NyQp",1,24,4,2,3,NA,-1,1,3,1,1,2,3,2,1,2,3,1,3,2,2,3,2,1,1,3,2,1
"R_1HOV0lwG6x4NyQp",1,24,4,2,3,NA,-1,2,3,1,2,2,3,3,1,1,3,2,1,2,2,3,2,2,1,1,3,2
"R_1HOV0lwG6x4NyQp",1,24,4,2,3,NA,-1,3,2,2,2,1,3,3,1,1,4,2,3,2,2,3,2,1,1,4,3,3
"R_1HOV0lwG6x4NyQp",1,24,4,2,3,NA,-1,4,2,1,1,2,3,3,1,2,2,1,3,2,3,3,2,1,1,1,2,2
"R_2zj99aMXqe81tV3",1,54,3,1,3,NA,0,1,3,2,1,2,3,1,1,1,4,1,2,3,1,1,2,1,1,4,3,1
"R_2zj99aMXqe81tV3",1,54,3,1,3,NA,0,2,1,2,2,2,3,1,1,1,4,2,1,2,2,3,2,1,1,2,2,2
"R_2zj99aMXqe81tV3",1,54,3,1,3,NA,0,3,3,1,1,2,2,1,2,2,2,1,3,1,3,2,2,1,1,3,2,4
"R_2zj99aMXqe81tV3",1,54,3,1,3,NA,0,4,1,1,2,2,3,1,1,1,2,2,1,1,2,4,2,1,2,4,2,3
"R_2dGZCJwfGrvKwq8",1,20,4,4,1,1,NA,1,3,2,1,2,3,3,1,1,1,2,2,2,2,3,2,1,1,1,2,1
"R_2dGZCJwfGrvKwq8",1,20,4,4,1,1,NA,2,3,2,2,2,2,1,2,2,1,2,3,1,1,4,2,1,1,3,3,3
"R_2dGZCJwfGrvKwq8",1,20,4,4,1,1,NA,3,3,1,2,1,3,3,1,2,2,1,3,2,2,3,3,2,1,4,2,4
"R_2dGZCJwfGrvKwq8",1,20,4,4,1,1,NA,4,2,1,2,1,2,1,1,2,3,1,2,1,3,3,2,1,2,1,2,2
"R_31zSMXIPeIZ0UxG",1,44,5,4,1,1,NA,1,3,2,1,1,2,1,1,2,4,1,3,3,3,1,3,1,1,3,2,2
"R_31zSMXIPeIZ0UxG",1,44,5,4,1,1,NA,2,2,2,1,2,3,2,2,2,2,1,1,3,1,3,2,1,7,1,3,4
"R_31zSMXIPeIZ0UxG",1,44,5,4,1,1,NA,3,2,1,1,1,2,3,2,2,3,1,1,3,3,3,3,1,1,1,2,2
"R_31zSMXIPeIZ0UxG",1,44,5,4,1,1,NA,4,3,1,2,1,3,3,1,2,4,1,3,3,2,3,2,1,1,4,3,2
"R_UWHnC0TBBtIAcut",2,58,3,3,1,0,NA,1,3,2,1,1,3,1,1,2,1,1,3,2,2,3,2,1,1,3,1,1
"R_UWHnC0TBBtIAcut",2,58,3,3,1,0,NA,2,3,2,2,2,3,1,1,1,2,2,2,2,1,4,2,2,1,4,3,2
"R_UWHnC0TBBtIAcut",2,58,3,3,1,0,NA,3,2,1,1,1,3,2,2,2,4,1,3,2,2,2,2,1,1,2,2,2
"R_UWHnC0TBBtIAcut",2,58,3,3,1,0,NA,4,3,2,2,1,2,2,1,2,1,1,2,3,2,2,3,2,1,4,1,1
"R_1obrUbN7kxcFcLD",2,29,5,1,3,NA,-1,1,3,2,1,2,3,3,1,1,3,2,3,2,2,3,2,2,1,1,2,3
"R_1obrUbN7kxcFcLD",2,29,5,1,3,NA,-1,2,3,2,1,1,2,1,2,2,4,1,3,3,1,1,2,1,1,3,3,4
"R_1obrUbN7kxcFcLD",2,29,5,1,3,NA,-1,3,3,2,1,2,2,2,1,1,2,2,2,2,1,2,2,2,1,4,1,4
"R_1obrUbN7kxcFcLD",2,29,5,1,3,NA,-1,4,3,2,1,1,2,1,1,2,1,1,3,2,1,3,2,1,2,2,2,1
"R_3MMBi0Ann6MVju7",2,25,6,4,1,1,NA,1,3,2,1,1,3,3,2,2,1,1,3,3,1,3,2,1,1,1,3,1
"R_3MMBi0Ann6MVju7",2,25,6,4,1,1,NA,2,3,1,1,1,3,3,1,2,3,1,3,3,2,3,2,1,1,1,1,1
"R_3MMBi0Ann6MVju7",2,25,6,4,1,1,NA,3,2,1,1,1,3,3,1,2,2,1,3,3,2,3,2,1,1,1,3,1
"R_3MMBi0Ann6MVju7",2,25,6,4,1,1,NA,4,2,2,1,1,2,3,1,2,1,1,3,3,3,3,2,1,1,1,3,1
"R_7VVXBiSthgBQIOl",1,33,5,5,2,0,NA,1,3,1,1,1,3,3,1,1,3,1,2,3,2,4,2,2,1,4,2,1
"R_7VVXBiSthgBQIOl",1,33,5,5,2,0,NA,2,1,1,2,2,3,2,1,1,4,1,1,2,2,3,2,1,1,3,1,4
"R_7VVXBiSthgBQIOl",1,33,5,5,2,0,NA,3,3,1,1,1,3,3,1,1,3,1,2,3,2,4,2,2,1,4,2,1
"R_7VVXBiSthgBQIOl",1,33,5,5,2,0,NA,4,3,1,1,2,3,3,1,1,1,2,1,3,2,3,2,2,1,3,1,2
"R_20NnplDXv0bVOv7",2,32,5,4,3,NA,0,1,2,1,1,1,2,1,1,1,1,1,2,1,1,2,2,1,7,4,2,3
"R_20NnplDXv0bVOv7",2,32,5,4,3,NA,0,2,3,1,2,1,3,2,1,2,1,2,1,3,2,1,2,1,1,1,1,2
"R_20NnplDXv0bVOv7",2,32,5,4,3,NA,0,3,3,2,1,2,2,2,1,1,1,2,2,2,2,3,2,1,1,2,3,2
"R_20NnplDXv0bVOv7",2,32,5,4,3,NA,0,4,2,2,2,1,2,3,1,1,3,2,3,2,1,2,2,1,1,4,3,1
"R_Z9vytRTbonwMzYt",1,27,5,5,1,0,NA,1,1,2,1,2,2,2,1,1,3,2,2,3,2,3,2,1,1,3,2,2
"R_Z9vytRTbonwMzYt",1,27,5,5,1,0,NA,2,3,1,1,2,3,3,1,2,1,1,3,3,2,1,2,1,1,1,3,3
"R_Z9vytRTbonwMzYt",1,27,5,5,1,0,NA,3,3,2,1,1,2,3,1,2,2,1,3,3,2,3,2,1,1,2,1,2
"R_Z9vytRTbonwMzYt",1,27,5,5,1,0,NA,4,3,2,1,1,2,2,1,2,4,1,3,3,1,1,3,1,1,2,3,4
"R_XFAL7yRpdXOsPbX",2,24,5,1,3,NA,-1,1,3,1,1,1,2,2,1,1,2,1,3,2,3,3,2,1,1,4,3,3
"R_XFAL7yRpdXOsPbX",2,24,5,1,3,NA,-1,2,3,1,2,2,3,3,1,1,1,2,2,3,2,2,3,2,1,1,1,1
"R_XFAL7yRpdXOsPbX",2,24,5,1,3,NA,-1,3,1,2,1,2,2,1,1,2,4,2,1,2,4,1,1,1,7,2,2,1
"R_XFAL7yRpdXOsPbX",2,24,5,1,3,NA,-1,4,1,1,1,2,2,1,2,2,3,1,1,1,1,1,2,1,3,3,3,4
"R_3JDaFh9yNSTGujx",2,43,2,1,3,NA,0,1,2,1,2,1,3,3,1,2,4,1,1,2,2,3,2,1,1,2,3,1
"R_3JDaFh9yNSTGujx",2,43,2,1,3,NA,0,2,2,2,2,1,2,3,1,1,1,2,1,2,2,3,2,2,1,1,1,4
"R_3JDaFh9yNSTGujx",2,43,2,1,3,NA,0,3,1,2,2,1,3,1,1,1,2,2,1,2,2,3,2,1,1,4,2,3
"R_3JDaFh9yNSTGujx",2,43,2,1,3,NA,0,4,3,1,1,2,2,3,1,1,1,1,2,3,2,4,2,2,1,3,3,2
"R_xFXjQcU76RByQwx",2,60,5,2,2,1,NA,1,3,1,2,1,2,1,1,1,1,1,2,3,2,4,2,1,1,2,2,1
"R_xFXjQcU76RByQwx",2,60,5,2,2,1,NA,2,3,2,2,1,2,1,1,1,4,2,1,2,1,3,2,2,1,3,1,2
"R_xFXjQcU76RByQwx",2,60,5,2,2,1,NA,3,2,1,1,2,3,1,2,2,3,1,3,3,4,3,3,1,7,4,3,2
"R_xFXjQcU76RByQwx",2,60,5,2,2,1,NA,4,1,2,1,1,2,1,1,2,2,1,3,1,3,1,1,1,1,1,2,4
"R_1C4lPb5hWfjtAjF",2,35,6,2,2,1,NA,1,1,1,1,1,3,3,1,2,2,1,3,2,2,3,2,2,7,2,3,1
"R_1C4lPb5hWfjtAjF",2,35,6,2,2,1,NA,2,2,2,1,1,2,2,1,1,2,1,2,3,1,4,2,2,1,1,1,2
"R_1C4lPb5hWfjtAjF",2,35,6,2,2,1,NA,3,3,2,1,2,3,2,1,1,1,2,1,3,4,4,2,1,1,3,2,2
"R_1C4lPb5hWfjtAjF",2,35,6,2,2,1,NA,4,1,2,1,1,2,1,1,1,2,1,2,1,1,1,3,1,1,4,3,1
"R_2Yg1Ar042wSFtA7",2,21,3,1,2,1,NA,1,1,1,1,1,3,3,1,2,4,1,2,2,2,2,2,1,1,2,3,2
"R_2Yg1Ar042wSFtA7",2,21,3,1,2,1,NA,2,2,2,2,2,2,3,1,1,3,2,1,3,2,4,3,2,1,3,2,1
"R_2Yg1Ar042wSFtA7",2,21,3,1,2,1,NA,3,2,2,2,1,2,2,1,2,2,2,1,1,1,3,2,2,1,1,2,4
"R_2Yg1Ar042wSFtA7",2,21,3,1,2,1,NA,4,2,1,2,2,2,1,1,2,1,2,2,2,3,2,1,1,1,4,1,3
"R_2VCsRrWZKeAVXG3",1,27,4,3,1,0,NA,1,1,2,2,2,3,2,1,1,2,2,1,3,2,4,2,2,1,1,1,1
"R_2VCsRrWZKeAVXG3",1,27,4,3,1,0,NA,2,1,2,2,1,2,3,2,2,1,1,2,2,1,3,2,1,7,4,3,2
"R_2VCsRrWZKeAVXG3",1,27,4,3,1,0,NA,3,1,2,2,2,2,3,1,1,3,2,1,2,2,3,2,2,1,3,3,4
"R_2VCsRrWZKeAVXG3",1,27,4,3,1,0,NA,4,3,1,1,1,3,2,2,2,4,1,2,3,3,4,2,1,1,2,2,3
"R_10GCKKqCERlhxdi",1,25,3,2,3,NA,0,1,1,1,1,1,3,2,2,2,2,1,2,3,2,3,2,1,3,2,2,3
"R_10GCKKqCERlhxdi",1,25,3,2,3,NA,0,2,3,2,2,2,3,3,1,1,4,2,1,3,1,4,2,2,1,3,3,4
"R_10GCKKqCERlhxdi",1,25,3,2,3,NA,0,3,2,2,2,1,2,2,1,1,1,2,2,2,2,2,3,2,7,4,1,3
"R_10GCKKqCERlhxdi",1,25,3,2,3,NA,0,4,1,1,1,1,2,1,2,2,1,1,3,3,3,1,3,2,2,2,3,2
"R_2wvK4SjcgFLUsMD",2,25,3,2,3,NA,0,1,3,2,2,2,3,1,1,2,4,1,1,2,1,3,2,2,1,4,1,2
"R_2wvK4SjcgFLUsMD",2,25,3,2,3,NA,0,2,2,2,1,2,2,3,1,1,2,2,2,2,2,4,2,2,7,1,3,3
"R_2wvK4SjcgFLUsMD",2,25,3,2,3,NA,0,3,1,1,2,2,1,2,2,2,1,2,2,1,4,2,2,1,1,3,3,4
"R_2wvK4SjcgFLUsMD",2,25,3,2,3,NA,0,4,1,2,2,1,3,2,1,2,3,2,3,1,3,2,2,2,3,4,1,3
"R_ZfwQHLYIgVQZFa9",2,44,6,5,2,1,NA,1,3,1,1,2,2,1,1,1,4,2,2,1,3,3,2,1,1,1,1,1
"R_ZfwQHLYIgVQZFa9",2,44,6,5,2,1,NA,2,2,2,1,1,3,1,1,2,2,1,3,2,2,3,2,1,1,3,3,2
"R_ZfwQHLYIgVQZFa9",2,44,6,5,2,1,NA,3,2,1,2,2,2,1,1,1,4,2,1,1,3,4,3,1,1,3,1,2
"R_ZfwQHLYIgVQZFa9",2,44,6,5,2,1,NA,4,1,1,2,1,2,1,2,2,1,2,2,1,4,1,2,1,2,2,3,3
"R_1opzjMJg5YnA626",2,32,5,3,3,NA,0,1,2,2,1,2,3,2,1,1,2,2,2,3,1,3,2,1,1,4,1,3
"R_1opzjMJg5YnA626",2,32,5,3,3,NA,0,2,1,2,2,1,2,2,1,2,2,2,1,3,4,3,2,1,7,4,2,2
"R_1opzjMJg5YnA626",2,32,5,3,3,NA,0,3,2,2,2,2,3,3,1,1,2,2,1,3,2,3,2,1,1,4,1,2
"R_1opzjMJg5YnA626",2,32,5,3,3,NA,0,4,3,2,2,2,3,3,1,1,2,2,1,3,2,3,2,2,1,4,1,4
"R_3Dpf2FpOFEBRSNc",1,21,2,2,1,0,NA,1,1,1,2,1,2,3,1,2,4,1,2,2,1,2,1,1,1,1,2,1
"R_3Dpf2FpOFEBRSNc",1,21,2,2,1,0,NA,2,2,1,2,2,2,2,1,1,2,2,1,1,1,1,2,1,1,4,2,2
"R_3Dpf2FpOFEBRSNc",1,21,2,2,1,0,NA,3,2,1,1,2,2,2,2,2,1,2,2,2,4,1,1,1,1,2,3,2
"R_3Dpf2FpOFEBRSNc",1,21,2,2,1,0,NA,4,2,1,1,2,1,2,1,1,1,2,1,2,4,1,1,1,1,2,1,2
"R_2OJceb9xXP8fkyK",1,20,3,3,2,0,NA,1,3,2,1,1,2,1,1,2,3,1,2,2,2,3,2,1,1,2,1,1
"R_2OJceb9xXP8fkyK",1,20,3,3,2,0,NA,2,3,2,1,2,2,3,1,1,3,2,2,2,1,3,2,1,1,1,2,3
"R_2OJceb9xXP8fkyK",1,20,3,3,2,0,NA,3,2,1,1,2,3,1,1,2,3,1,3,2,3,3,2,1,1,1,3,3
"R_2OJceb9xXP8fkyK",1,20,3,3,2,0,NA,4,1,2,2,1,2,3,2,1,3,2,1,2,1,3,2,1,1,1,2,4
"R_10vjaz3cleHKXoK",1,43,6,3,2,1,NA,1,1,2,1,2,2,1,1,1,2,2,2,2,1,3,2,1,1,4,3,3
"R_10vjaz3cleHKXoK",1,43,6,3,2,1,NA,2,3,2,2,1,2,3,1,2,4,2,3,2,2,4,2,2,2,1,1,4
"R_10vjaz3cleHKXoK",1,43,6,3,2,1,NA,3,1,1,1,1,2,1,1,2,1,1,3,1,3,2,2,1,1,3,2,1
"R_10vjaz3cleHKXoK",1,43,6,3,2,1,NA,4,3,1,1,2,3,3,2,2,4,1,2,3,2,3,2,1,2,1,1,2
"R_1NwCH2B5NE5vdW0",2,44,5,4,2,0,NA,1,2,2,1,2,2,1,2,1,1,2,3,2,1,3,2,1,1,1,3,1
"R_1NwCH2B5NE5vdW0",2,44,5,4,2,0,NA,2,2,2,1,1,2,1,2,2,4,1,3,2,1,3,2,1,1,1,3,1
"R_1NwCH2B5NE5vdW0",2,44,5,4,2,0,NA,3,2,1,1,1,2,3,1,2,4,1,3,1,2,3,2,1,7,1,3,1
"R_1NwCH2B5NE5vdW0",2,44,5,4,2,0,NA,4,3,2,2,1,3,3,1,1,4,2,2,2,2,4,2,2,1,2,3,1
"R_2zGz8DtjtQ8rJ4D",2,47,1,1,3,NA,1,1,2,2,1,2,3,1,1,1,4,2,1,1,1,4,2,2,1,1,3,1
"R_2zGz8DtjtQ8rJ4D",2,47,1,1,3,NA,1,2,2,2,2,2,2,1,1,1,2,1,1,1,4,3,2,2,3,2,1,3
"R_2zGz8DtjtQ8rJ4D",2,47,1,1,3,NA,1,3,3,2,1,2,3,3,1,1,3,2,1,2,2,4,2,2,1,3,3,4
"R_2zGz8DtjtQ8rJ4D",2,47,1,1,3,NA,1,4,3,1,2,1,2,1,1,2,4,1,3,1,4,2,3,1,1,4,2,2
"R_UgQEGNIoJroUY37",2,34,4,2,2,0,NA,1,2,1,1,1,3,2,1,2,3,1,3,1,2,2,3,1,1,3,3,4
"R_UgQEGNIoJroUY37",2,34,4,2,2,0,NA,2,1,1,1,2,2,3,1,1,3,1,2,1,1,3,2,2,1,1,3,1
"R_UgQEGNIoJroUY37",2,34,4,2,2,0,NA,3,3,2,1,1,3,1,1,1,2,2,2,2,3,4,2,2,1,3,1,4
"R_UgQEGNIoJroUY37",2,34,4,2,2,0,NA,4,3,1,1,1,3,2,2,2,3,1,3,3,1,2,2,1,2,4,1,4
"R_1QfuNOx0Z5R5dAU",1,24,4,1,4,NA,0,1,1,2,1,2,2,1,1,1,4,2,1,3,2,2,3,1,1,1,2,2
"R_1QfuNOx0Z5R5dAU",1,24,4,1,4,NA,0,2,3,2,2,1,3,3,2,2,2,1,1,3,2,3,1,1,1,3,1,1
"R_1QfuNOx0Z5R5dAU",1,24,4,1,4,NA,0,3,1,2,1,1,2,1,2,2,1,2,3,2,3,1,2,1,1,3,3,1
"R_1QfuNOx0Z5R5dAU",1,24,4,1,4,NA,0,4,3,2,2,1,2,2,2,2,1,1,2,2,3,3,2,1,1,3,1,4
"R_2upPincp5wUmtqV",2,37,3,5,2,0,NA,1,1,2,1,2,3,2,1,1,4,1,2,2,1,2,2,1,1,1,3,3
"R_2upPincp5wUmtqV",2,37,3,5,2,0,NA,2,1,2,1,1,2,2,1,2,1,1,3,2,1,2,2,1,1,2,1,1
"R_2upPincp5wUmtqV",2,37,3,5,2,0,NA,3,3,2,1,2,2,2,1,1,1,1,2,3,1,2,2,1,1,4,1,3
"R_2upPincp5wUmtqV",2,37,3,5,2,0,NA,4,3,1,2,2,2,3,1,1,4,2,1,3,1,3,2,2,1,1,1,4
"R_3GwdT2Deud4cmid",2,36,6,3,4,NA,-1,1,2,1,2,1,2,1,1,2,2,2,2,2,1,3,2,2,1,3,2,4
"R_3GwdT2Deud4cmid",2,36,6,3,4,NA,-1,2,1,1,2,1,2,1,1,2,3,2,2,2,2,3,2,1,1,4,3,2
"R_3GwdT2Deud4cmid",2,36,6,3,4,NA,-1,3,2,2,2,1,2,1,1,1,1,2,1,2,1,3,2,1,1,1,1,1
"R_3GwdT2Deud4cmid",2,36,6,3,4,NA,-1,4,1,1,1,1,2,1,1,2,3,1,3,2,2,3,2,1,1,2,3,3
"R_2ypf2v6v00zLnqJ",2,31,5,3,3,NA,0,1,2,1,1,1,3,2,1,1,2,1,3,2,2,4,3,2,1,1,2,1
"R_2ypf2v6v00zLnqJ",2,31,5,3,3,NA,0,2,2,2,2,1,3,3,1,2,3,2,2,1,2,3,2,1,1,4,1,2
"R_2ypf2v6v00zLnqJ",2,31,5,3,3,NA,0,3,2,2,2,1,2,1,1,2,4,2,3,2,4,3,2,1,2,2,2,2
"R_2ypf2v6v00zLnqJ",2,31,5,3,3,NA,0,4,2,2,2,1,2,3,2,2,1,2,3,2,3,2,2,1,1,1,3,4
"R_C1BZ0SPh3EGbYR3",1,35,3,6,1,0,NA,1,3,2,2,2,3,2,1,1,3,1,1,3,2,4,2,1,1,3,2,2
"R_C1BZ0SPh3EGbYR3",1,35,3,6,1,0,NA,2,3,2,2,2,3,2,1,1,3,1,1,3,2,4,2,1,1,3,2,2
"R_C1BZ0SPh3EGbYR3",1,35,3,6,1,0,NA,3,1,1,2,2,3,3,1,2,2,2,2,2,1,3,2,1,1,1,3,1
"R_C1BZ0SPh3EGbYR3",1,35,3,6,1,0,NA,4,3,1,2,1,3,3,1,2,1,1,2,2,2,2,2,2,1,1,1,2
"R_6zmQOsqoPPC3QZj",1,39,5,2,2,1,NA,1,1,2,2,1,2,2,1,1,1,2,1,3,2,3,2,1,1,1,3,3
"R_6zmQOsqoPPC3QZj",1,39,5,2,2,1,NA,2,2,2,1,1,2,1,1,2,3,1,2,2,2,2,2,1,1,4,2,1
"R_6zmQOsqoPPC3QZj",1,39,5,2,2,1,NA,3,3,2,1,1,2,3,2,2,1,1,2,2,1,4,2,1,2,3,1,2
"R_6zmQOsqoPPC3QZj",1,39,5,2,2,1,NA,4,3,1,1,2,3,2,1,1,4,1,2,3,1,3,2,2,1,2,2,4
"R_1jUnxIVh4iLZLXH",1,34,3,2,2,0,NA,1,1,2,1,2,2,2,1,1,3,1,2,3,1,3,2,1,1,2,1,1
"R_1jUnxIVh4iLZLXH",1,34,3,2,2,0,NA,2,2,1,2,1,2,1,1,1,1,2,2,3,3,2,2,1,1,3,3,4
"R_1jUnxIVh4iLZLXH",1,34,3,2,2,0,NA,3,1,1,2,1,1,2,1,1,2,2,2,1,2,2,2,1,1,3,3,2
"R_1jUnxIVh4iLZLXH",1,34,3,2,2,0,NA,4,2,1,1,1,3,3,2,2,3,1,3,3,2,4,2,1,7,1,1,3
"R_Ov37Z7GQFgsqOdP",1,34,3,1,2,1,NA,1,1,1,1,2,3,1,1,1,4,2,2,1,3,3,2,1,1,1,1,3
"R_Ov37Z7GQFgsqOdP",1,34,3,1,2,1,NA,2,1,1,1,2,3,1,1,1,2,2,2,1,1,3,2,1,1,1,1,3
"R_Ov37Z7GQFgsqOdP",1,34,3,1,2,1,NA,3,3,2,2,2,2,1,1,1,3,2,1,2,2,3,2,2,1,4,1,3
"R_Ov37Z7GQFgsqOdP",1,34,3,1,2,1,NA,4,2,2,2,1,2,1,1,2,3,2,2,1,1,3,2,1,1,4,1,2
"R_2V7KtIA15n5wMsI",2,27,6,4,3,NA,-1,1,1,2,1,2,2,3,1,1,3,1,1,1,1,4,2,1,1,4,2,1
"R_2V7KtIA15n5wMsI",2,27,6,4,3,NA,-1,2,1,2,1,1,2,3,2,2,1,1,2,1,3,3,3,1,1,2,2,3
"R_2V7KtIA15n5wMsI",2,27,6,4,3,NA,-1,3,1,1,1,1,3,3,2,2,2,1,3,2,2,3,2,1,2,1,1,4
"R_2V7KtIA15n5wMsI",2,27,6,4,3,NA,-1,4,3,1,1,1,2,3,1,2,4,1,2,1,4,4,2,2,1,3,1,2
"R_VWO9ihi4Q70qvap",1,62,5,3,2,1,NA,1,2,2,2,2,3,1,1,1,2,2,2,3,2,3,2,1,1,3,3,1
"R_VWO9ihi4Q70qvap",1,62,5,3,2,1,NA,2,1,1,1,2,2,2,1,2,1,1,3,2,1,4,2,1,1,1,2,4
"R_VWO9ihi4Q70qvap",1,62,5,3,2,1,NA,3,3,2,1,2,3,3,1,1,4,2,2,3,2,4,2,1,1,1,1,4
"R_VWO9ihi4Q70qvap",1,62,5,3,2,1,NA,4,2,1,2,1,2,2,1,2,4,1,3,2,2,3,2,2,1,1,2,3
"R_3e0ZeH8tAOCDQpb",1,38,5,1,1,1,NA,1,3,2,2,1,2,3,1,1,4,2,2,3,4,3,2,1,1,4,3,1
"R_3e0ZeH8tAOCDQpb",1,38,5,1,1,1,NA,2,3,1,2,1,2,1,1,2,1,1,3,3,2,2,1,1,1,3,2,2
"R_3e0ZeH8tAOCDQpb",1,38,5,1,1,1,NA,3,1,1,1,1,2,1,1,2,2,1,3,1,3,1,1,1,1,1,1,4
"R_3e0ZeH8tAOCDQpb",1,38,5,1,1,1,NA,4,1,2,2,2,2,1,1,1,3,2,1,1,1,4,2,2,1,2,2,3
"R_3j9fvxhLRJ9i1wp",2,36,5,5,2,0,NA,1,3,2,2,1,2,3,1,1,4,2,1,3,1,4,2,1,1,3,1,3
"R_3j9fvxhLRJ9i1wp",2,36,5,5,2,0,NA,2,1,2,2,2,3,2,1,1,2,2,1,3,2,2,2,1,1,1,3,1
"R_3j9fvxhLRJ9i1wp",2,36,5,5,2,0,NA,3,3,2,1,1,2,3,1,2,4,1,2,3,1,3,2,1,1,2,1,4
"R_3j9fvxhLRJ9i1wp",2,36,5,5,2,0,NA,4,1,1,2,2,3,2,1,1,1,2,1,3,1,3,2,2,1,4,1,1
"R_1JFKDjwjtYsuwe0",1,27,5,3,2,0,NA,1,3,2,1,2,3,3,1,1,1,2,2,2,2,3,2,2,1,2,3,3
"R_1JFKDjwjtYsuwe0",1,27,5,3,2,0,NA,2,2,1,1,2,3,2,1,1,2,2,3,1,1,3,2,1,1,4,1,3
"R_1JFKDjwjtYsuwe0",1,27,5,3,2,0,NA,3,1,2,1,2,2,3,1,1,4,2,1,1,3,2,2,1,3,1,2,2
"R_1JFKDjwjtYsuwe0",1,27,5,3,2,0,NA,4,1,1,2,2,2,1,2,1,3,2,1,1,3,3,2,1,1,3,2,1
"R_3iEWmb7EnqqD6ho",2,63,3,2,3,NA,-1,1,1,1,1,1,2,1,1,1,2,1,3,2,1,4,2,1,1,3,3,1
"R_3iEWmb7EnqqD6ho",2,63,3,2,3,NA,-1,2,2,1,1,2,3,2,1,1,4,2,2,3,2,3,2,1,1,4,1,3
"R_3iEWmb7EnqqD6ho",2,63,3,2,3,NA,-1,3,3,1,2,2,3,3,2,1,1,2,2,3,2,3,2,2,1,2,2,4
"R_3iEWmb7EnqqD6ho",2,63,3,2,3,NA,-1,4,1,1,1,1,2,2,2,2,3,1,2,2,1,2,2,2,2,1,2,1
"R_2Brkl9ScYJ8WFf2",1,27,2,4,3,NA,0,1,1,2,2,2,3,3,1,1,3,2,1,2,2,1,2,2,1,2,1,3
"R_2Brkl9ScYJ8WFf2",1,27,2,4,3,NA,0,2,1,1,1,2,3,2,1,1,2,1,2,2,2,3,2,1,1,1,2,4
"R_2Brkl9ScYJ8WFf2",1,27,2,4,3,NA,0,3,2,1,1,1,3,1,1,2,1,1,3,2,2,3,2,1,1,4,3,3
"R_2Brkl9ScYJ8WFf2",1,27,2,4,3,NA,0,4,3,2,1,1,2,1,1,2,2,2,2,2,2,3,3,2,1,1,2,2
"R_1LmfLLdsQnoiecx",1,20,3,1,2,0,NA,1,3,1,2,2,3,3,1,1,3,2,1,3,4,4,2,2,1,1,3,1
"R_1LmfLLdsQnoiecx",1,20,3,1,2,0,NA,2,2,1,1,2,3,2,1,1,1,2,2,2,1,2,2,2,1,3,2,4
"R_1LmfLLdsQnoiecx",1,20,3,1,2,0,NA,3,3,2,1,1,2,2,1,2,2,1,3,2,3,4,2,1,7,3,1,2
"R_1LmfLLdsQnoiecx",1,20,3,1,2,0,NA,4,3,2,1,2,2,1,1,1,4,2,2,1,2,3,3,2,1,1,3,3
"R_UxplUriXXRW0yat",1,42,5,3,1,0,NA,1,3,1,2,1,3,3,1,2,1,2,3,2,1,3,2,1,7,3,1,1
"R_UxplUriXXRW0yat",1,42,5,3,1,0,NA,2,1,1,2,2,3,3,1,1,3,2,1,2,1,2,2,1,1,3,2,2
"R_UxplUriXXRW0yat",1,42,5,3,1,0,NA,3,2,2,2,1,2,1,2,2,1,1,2,1,3,3,2,1,1,2,3,3
"R_UxplUriXXRW0yat",1,42,5,3,1,0,NA,4,1,2,1,1,2,1,2,2,4,1,3,1,1,4,2,1,1,1,1,1
"R_2xWDbIiXBPECFCP",1,27,5,4,2,1,NA,1,2,2,2,2,3,3,1,1,4,2,1,3,2,4,3,2,1,1,3,1
"R_2xWDbIiXBPECFCP",1,27,5,4,2,1,NA,2,3,1,2,2,2,3,2,1,1,2,2,2,1,3,2,1,1,2,2,2
"R_2xWDbIiXBPECFCP",1,27,5,4,2,1,NA,3,2,1,2,1,3,2,1,1,3,1,2,3,2,1,2,1,2,2,1,1
"R_2xWDbIiXBPECFCP",1,27,5,4,2,1,NA,4,1,2,2,1,2,1,2,1,4,2,3,2,1,2,3,1,7,3,3,2
"R_1diRf6fe1T1nG6o",2,45,4,3,2,1,NA,1,1,2,1,1,2,1,1,2,1,1,2,2,2,3,1,1,1,4,1,3
"R_1diRf6fe1T1nG6o",2,45,4,3,2,1,NA,2,3,2,2,2,3,3,1,1,4,2,1,1,1,3,2,2,1,3,2,2
"R_1diRf6fe1T1nG6o",2,45,4,3,2,1,NA,3,3,2,1,2,2,1,2,1,2,2,1,1,2,1,1,1,1,2,3,4
"R_1diRf6fe1T1nG6o",2,45,4,3,2,1,NA,4,1,2,1,2,2,1,2,1,1,2,2,1,3,2,2,1,7,1,2,1
"R_5o2gxzy2Y4s2f3H",1,38,5,2,2,0,NA,1,3,2,2,1,2,2,1,1,4,2,1,3,1,4,2,2,1,4,1,4
"R_5o2gxzy2Y4s2f3H",1,38,5,2,2,0,NA,2,3,1,1,1,2,2,1,2,1,1,3,3,1,4,2,2,1,2,1,4
"R_5o2gxzy2Y4s2f3H",1,38,5,2,2,0,NA,3,1,2,1,1,2,2,1,2,4,1,2,3,1,4,2,2,1,1,1,4
"R_5o2gxzy2Y4s2f3H",1,38,5,2,2,0,NA,4,3,1,1,2,2,2,1,1,4,1,2,3,1,4,2,2,1,2,1,4
"R_2tFrgxsAr8xnzrO",1,54,3,2,2,0,NA,1,1,2,2,1,2,2,1,1,2,2,2,2,1,3,2,1,1,4,2,1
"R_2tFrgxsAr8xnzrO",1,54,3,2,2,0,NA,2,2,2,2,1,2,3,1,1,4,2,2,2,2,3,2,1,1,2,1,2
"R_2tFrgxsAr8xnzrO",1,54,3,2,2,0,NA,3,1,2,1,2,2,1,1,1,1,2,1,2,1,3,2,1,1,3,3,4
"R_2tFrgxsAr8xnzrO",1,54,3,2,2,0,NA,4,2,2,1,2,2,3,1,1,3,2,2,2,1,4,2,2,1,3,1,3
"R_3j7r2epMZnejJff",2,28,3,2,3,NA,0,1,1,2,1,1,3,1,2,2,1,1,2,1,1,2,1,1,1,1,3,1
"R_3j7r2epMZnejJff",2,28,3,2,3,NA,0,2,1,2,1,1,2,1,2,2,3,1,2,1,1,2,1,1,1,2,3,1
"R_3j7r2epMZnejJff",2,28,3,2,3,NA,0,3,3,2,1,2,3,3,1,1,4,2,1,2,1,2,2,2,1,1,1,1
"R_3j7r2epMZnejJff",2,28,3,2,3,NA,0,4,1,1,2,2,1,1,1,2,2,2,2,2,2,2,1,2,2,3,2,3
"R_10ouuz1DurctRZk",1,26,5,3,2,0,NA,1,1,2,1,2,2,3,1,1,3,2,2,2,2,3,2,1,1,4,2,3
"R_10ouuz1DurctRZk",1,26,5,3,2,0,NA,2,1,2,1,2,2,3,1,1,3,2,2,2,2,2,2,1,1,3,3,3
"R_10ouuz1DurctRZk",1,26,5,3,2,0,NA,3,3,1,1,2,3,2,1,2,1,1,2,2,2,4,2,1,1,1,2,2
"R_10ouuz1DurctRZk",1,26,5,3,2,0,NA,4,1,2,1,2,2,3,1,1,4,2,1,2,1,3,2,1,1,2,3,4
"R_1Qc3P4hb4PfVjTe",2,25,3,2,3,NA,1,1,1,1,2,1,2,2,1,2,3,1,2,2,4,4,2,1,7,2,2,2
"R_1Qc3P4hb4PfVjTe",2,25,3,2,3,NA,1,2,2,1,1,2,3,1,1,2,1,1,3,2,2,2,3,1,1,1,3,4
"R_1Qc3P4hb4PfVjTe",2,25,3,2,3,NA,1,3,1,2,1,2,2,3,2,2,3,2,2,3,3,1,1,1,2,3,3,3
"R_1Qc3P4hb4PfVjTe",2,25,3,2,3,NA,1,4,1,2,1,2,2,1,1,2,2,2,2,1,1,1,2,2,1,1,1,2
"R_YSOreFTCfea0vC1",2,31,6,3,2,1,NA,1,1,2,1,1,3,3,1,2,3,1,3,3,2,3,2,1,1,1,1,1
"R_YSOreFTCfea0vC1",2,31,6,3,2,1,NA,2,2,2,1,2,3,2,1,1,1,2,1,3,1,3,2,1,1,2,2,3
"R_YSOreFTCfea0vC1",2,31,6,3,2,1,NA,3,1,2,1,2,3,2,1,1,4,2,2,3,1,3,2,1,1,1,1,4
"R_YSOreFTCfea0vC1",2,31,6,3,2,1,NA,4,1,2,1,2,3,3,1,1,4,2,2,3,1,3,2,1,1,4,3,4
"R_1K3iYQQWYjoioac",1,49,3,3,4,NA,1,1,3,1,2,1,3,3,1,2,1,1,3,3,2,4,2,1,1,4,1,4
"R_1K3iYQQWYjoioac",1,49,3,3,4,NA,1,2,1,1,2,2,3,1,1,1,4,1,2,2,2,3,2,1,1,2,3,2
"R_1K3iYQQWYjoioac",1,49,3,3,4,NA,1,3,2,1,1,2,3,3,1,2,1,1,3,3,2,4,3,1,1,3,1,4
"R_1K3iYQQWYjoioac",1,49,3,3,4,NA,1,4,1,2,1,1,2,1,2,2,3,1,3,1,2,1,1,1,1,1,2,3
"R_C8mWJKsjO2KV55L",1,31,5,1,3,NA,0,1,3,1,2,2,2,2,1,1,4,2,2,2,2,3,2,1,1,2,2,3
"R_C8mWJKsjO2KV55L",1,31,5,1,3,NA,0,2,1,2,2,2,3,3,1,1,1,2,1,1,1,2,2,2,1,1,1,2
"R_C8mWJKsjO2KV55L",1,31,5,1,3,NA,0,3,3,2,1,1,2,3,2,2,4,1,3,2,3,3,2,1,1,4,3,1
"R_C8mWJKsjO2KV55L",1,31,5,1,3,NA,0,4,2,1,1,2,2,3,1,2,3,1,3,2,4,2,3,1,1,3,1,1
"R_1mKqyuZETFWMeMi",2,30,6,2,3,NA,0,1,2,2,2,1,3,2,1,1,4,2,1,3,1,1,2,1,1,1,2,4
"R_1mKqyuZETFWMeMi",2,30,6,2,3,NA,0,2,2,1,1,2,3,3,1,1,2,1,2,2,2,1,2,2,1,4,3,4
"R_1mKqyuZETFWMeMi",2,30,6,2,3,NA,0,3,2,1,1,2,3,3,1,1,2,1,2,2,2,1,1,2,1,4,3,4
"R_1mKqyuZETFWMeMi",2,30,6,2,3,NA,0,4,3,1,1,1,2,3,1,2,1,1,3,3,3,4,2,1,1,3,1,3
"R_1LdhS1JAISNnKTx",2,63,5,2,2,1,NA,1,1,2,1,1,3,1,1,2,2,1,2,2,2,3,2,1,1,1,2,4
"R_1LdhS1JAISNnKTx",2,63,5,2,2,1,NA,2,2,2,1,1,3,3,1,2,3,1,2,3,2,3,3,1,1,2,3,1
"R_1LdhS1JAISNnKTx",2,63,5,2,2,1,NA,3,3,1,2,2,2,2,1,1,4,2,1,3,1,4,3,2,1,3,1,2
"R_1LdhS1JAISNnKTx",2,63,5,2,2,1,NA,4,1,2,1,1,2,1,1,2,2,1,2,1,3,2,2,1,1,2,1,3
"R_3fCAAhZnFEGMKzk",2,32,2,2,3,NA,0,1,1,2,2,1,3,2,1,2,4,1,3,2,2,2,2,2,1,2,1,3
"R_3fCAAhZnFEGMKzk",2,32,2,2,3,NA,0,2,3,1,1,2,3,2,2,1,4,2,1,3,1,4,2,2,1,1,1,4
"R_3fCAAhZnFEGMKzk",2,32,2,2,3,NA,0,3,2,2,1,1,2,1,1,1,2,2,1,3,3,3,3,1,3,3,3,2
"R_3fCAAhZnFEGMKzk",2,32,2,2,3,NA,0,4,1,2,2,2,2,1,2,2,1,2,2,2,3,3,3,2,7,4,2,4
"R_qQHQhenIeRWNW5X",1,44,5,2,2,0,NA,1,1,1,2,2,2,3,1,1,2,2,2,1,2,3,2,1,1,2,1,3
"R_qQHQhenIeRWNW5X",1,44,5,2,2,0,NA,2,3,1,2,2,2,3,1,1,2,2,1,2,2,4,2,2,1,2,1,4
"R_qQHQhenIeRWNW5X",1,44,5,2,2,0,NA,3,3,2,1,2,2,3,1,1,4,2,1,2,1,4,2,1,1,3,1,4
"R_qQHQhenIeRWNW5X",1,44,5,2,2,0,NA,4,3,2,1,1,2,3,1,2,1,1,3,2,1,4,2,1,1,4,3,3
"R_10HGrosVTHXy3aC",2,26,5,3,2,1,NA,1,1,2,1,1,3,3,1,2,3,1,3,2,1,3,2,1,1,4,1,2
"R_10HGrosVTHXy3aC",2,26,5,3,2,1,NA,2,3,1,1,2,3,3,1,1,4,2,2,2,2,4,2,2,1,2,2,1
"R_10HGrosVTHXy3aC",2,26,5,3,2,1,NA,3,1,1,1,1,3,3,1,2,1,1,2,2,1,3,2,1,1,1,3,3
"R_10HGrosVTHXy3aC",2,26,5,3,2,1,NA,4,3,1,2,2,3,2,1,1,4,2,1,3,2,4,2,2,1,3,2,1
"R_1kUoBvleEJFl7U9",1,30,4,1,1,0,NA,1,1,1,2,1,3,2,1,1,3,2,1,2,2,3,2,2,1,4,2,3
"R_1kUoBvleEJFl7U9",1,30,4,1,1,0,NA,2,2,2,2,2,2,3,2,2,1,1,2,3,1,4,2,1,2,3,1,4
"R_1kUoBvleEJFl7U9",1,30,4,1,1,0,NA,3,3,2,1,2,3,2,1,1,2,2,1,2,2,4,2,2,1,1,3,2
"R_1kUoBvleEJFl7U9",1,30,4,1,1,0,NA,4,1,1,2,1,3,3,2,2,3,1,2,2,2,2,2,1,1,1,3,1
"R_xs9H5J8PGFIA3br",1,34,5,3,1,0,NA,1,2,1,1,2,3,1,2,1,2,2,2,3,2,3,2,1,2,4,3,3
"R_xs9H5J8PGFIA3br",1,34,5,3,1,0,NA,2,1,1,2,1,2,3,1,2,3,1,3,2,2,2,3,1,1,2,2,1
"R_xs9H5J8PGFIA3br",1,34,5,3,1,0,NA,3,1,2,1,1,1,2,2,2,1,1,2,1,1,3,1,2,3,1,1,4
"R_xs9H5J8PGFIA3br",1,34,5,3,1,0,NA,4,3,1,1,2,3,3,1,1,2,2,1,3,2,4,2,2,1,1,2,3
"R_1rP9tfl9AX1yUhN",1,22,5,3,3,NA,-1,1,3,2,1,1,3,3,1,1,3,2,2,2,2,3,2,2,1,3,2,4
"R_1rP9tfl9AX1yUhN",1,22,5,3,3,NA,-1,2,3,2,2,2,3,2,1,1,4,2,2,3,2,4,2,2,1,1,1,1
"R_1rP9tfl9AX1yUhN",1,22,5,3,3,NA,-1,3,1,2,2,2,2,1,1,1,2,2,1,1,1,2,2,1,1,1,3,3
"R_1rP9tfl9AX1yUhN",1,22,5,3,3,NA,-1,4,2,2,2,2,3,3,1,1,1,2,2,2,1,3,2,2,1,2,2,4
"R_RlsaZexaPzZkMsV",2,22,3,3,3,NA,1,1,3,1,2,1,3,2,1,2,2,2,3,2,2,3,2,2,1,1,1,2
"R_RlsaZexaPzZkMsV",2,22,3,3,3,NA,1,2,3,2,1,2,3,2,1,1,4,1,1,2,2,3,2,2,1,1,3,3
"R_RlsaZexaPzZkMsV",2,22,3,3,3,NA,1,3,3,2,1,1,3,3,1,2,1,1,3,3,2,1,1,1,1,4,3,2
"R_RlsaZexaPzZkMsV",2,22,3,3,3,NA,1,4,2,2,1,1,3,2,1,2,3,1,3,3,2,2,1,1,1,1,1,4
"R_1H6vreL15oKoZcf",2,28,5,5,3,NA,0,1,2,1,1,2,2,1,2,1,4,1,3,3,1,2,2,1,1,1,1,3
"R_1H6vreL15oKoZcf",2,28,5,5,3,NA,0,2,1,2,1,1,2,1,1,2,2,1,1,2,2,1,1,1,1,3,3,2
"R_1H6vreL15oKoZcf",2,28,5,5,3,NA,0,3,1,1,2,1,2,1,1,1,1,2,1,1,3,3,2,2,1,2,2,4
"R_1H6vreL15oKoZcf",2,28,5,5,3,NA,0,4,2,2,1,2,2,1,1,1,1,1,2,2,4,1,3,1,1,3,1,4
"R_2pWaXZDFa23aZkt",2,30,5,1,3,NA,0,1,3,2,2,2,3,3,1,1,1,2,2,2,2,3,2,1,1,2,2,1
"R_2pWaXZDFa23aZkt",2,30,5,1,3,NA,0,2,2,1,2,1,2,1,1,2,4,2,2,1,1,2,2,1,1,1,3,3
"R_2pWaXZDFa23aZkt",2,30,5,1,3,NA,0,3,2,2,1,1,2,1,1,2,2,1,3,1,1,2,3,1,1,3,2,2
"R_2pWaXZDFa23aZkt",2,30,5,1,3,NA,0,4,2,1,2,2,1,1,1,1,3,2,2,1,1,3,2,2,1,4,1,3
"R_2bN72qv3YPoG3Cy",1,29,5,2,2,1,NA,1,1,1,1,1,2,3,1,2,3,1,3,2,3,2,2,1,1,3,2,1
"R_2bN72qv3YPoG3Cy",1,29,5,2,2,1,NA,2,2,2,2,1,2,2,1,1,2,2,2,2,1,3,3,1,1,4,1,3
"R_2bN72qv3YPoG3Cy",1,29,5,2,2,1,NA,3,1,2,2,1,2,3,1,1,4,2,3,2,2,3,1,1,7,2,3,4
"R_2bN72qv3YPoG3Cy",1,29,5,2,2,1,NA,4,2,1,1,2,3,3,1,1,2,2,2,3,2,3,2,2,1,1,1,4
"R_1ihAt5pRT99nLhH",2,36,6,4,2,1,NA,1,3,1,2,1,2,3,1,1,4,1,2,2,2,2,2,2,1,3,1,3
"R_1ihAt5pRT99nLhH",2,36,6,4,2,1,NA,2,2,1,2,2,3,2,1,1,2,2,1,2,2,3,2,2,1,3,1,2
"R_1ihAt5pRT99nLhH",2,36,6,4,2,1,NA,3,1,2,2,2,3,1,1,1,2,2,1,2,1,2,2,2,1,1,2,4
"R_1ihAt5pRT99nLhH",2,36,6,4,2,1,NA,4,2,1,1,1,3,3,2,2,2,1,2,1,3,3,2,1,2,3,2,2
"R_3mlTVTpgEc71uxH",1,65,3,2,2,0,NA,1,3,1,1,1,2,3,1,2,4,1,3,2,2,4,2,2,1,3,3,3
"R_3mlTVTpgEc71uxH",1,65,3,2,2,0,NA,2,1,1,2,2,3,1,2,1,3,2,2,3,2,2,3,1,1,1,1,2
"R_3mlTVTpgEc71uxH",1,65,3,2,2,0,NA,3,1,1,2,2,2,1,1,1,2,2,2,2,1,3,2,2,1,2,2,1
"R_3mlTVTpgEc71uxH",1,65,3,2,2,0,NA,4,1,1,2,2,2,1,1,1,3,2,2,2,3,3,2,2,1,3,2,1
"R_1jVpjj0ulSs1YvF",2,32,5,2,2,1,NA,1,3,2,2,2,2,2,1,1,3,2,1,3,1,3,2,1,1,1,2,1
"R_1jVpjj0ulSs1YvF",2,32,5,2,2,1,NA,2,1,2,2,1,2,2,1,1,1,2,2,2,2,3,2,1,2,4,3,2
"R_1jVpjj0ulSs1YvF",2,32,5,2,2,1,NA,3,1,1,2,1,2,1,1,2,4,1,2,2,3,2,2,2,7,3,1,3
"R_1jVpjj0ulSs1YvF",2,32,5,2,2,1,NA,4,1,2,1,1,3,3,2,2,3,1,2,2,2,3,2,1,3,2,3,4
"R_2amZ1NJFr7mizhH",2,32,5,4,2,0,NA,1,1,1,1,2,2,3,1,1,4,2,3,2,1,3,2,2,1,4,2,1
"R_2amZ1NJFr7mizhH",2,32,5,4,2,0,NA,2,1,1,2,1,1,1,1,2,2,1,3,2,2,3,2,2,2,1,1,4
"R_2amZ1NJFr7mizhH",2,32,5,4,2,0,NA,3,1,1,2,2,3,2,1,1,1,2,1,3,2,4,2,2,1,2,2,2
"R_2amZ1NJFr7mizhH",2,32,5,4,2,0,NA,4,1,1,2,2,1,1,2,2,2,2,1,2,4,3,3,1,2,3,2,1
"R_3Rr7sapGsfGTb8H",2,31,4,2,2,1,NA,1,3,2,1,2,3,2,1,1,3,2,1,2,1,4,2,2,1,2,3,1
"R_3Rr7sapGsfGTb8H",2,31,4,2,2,1,NA,2,2,1,1,1,2,1,2,2,2,1,2,1,3,3,2,1,1,1,1,2
"R_3Rr7sapGsfGTb8H",2,31,4,2,2,1,NA,3,3,2,2,1,2,3,1,1,2,2,1,2,2,4,3,2,1,3,1,4
"R_3Rr7sapGsfGTb8H",2,31,4,2,2,1,NA,4,2,1,1,2,2,1,2,1,2,2,2,2,1,3,2,1,1,4,3,3
"R_3QWVmwuThZzF3U6",1,36,5,4,1,0,NA,1,2,1,2,1,2,1,1,2,3,1,2,2,2,3,2,2,1,2,2,3
"R_3QWVmwuThZzF3U6",1,36,5,4,1,0,NA,2,3,2,2,1,3,3,1,1,2,2,1,2,1,2,2,2,1,1,1,2
"R_3QWVmwuThZzF3U6",1,36,5,4,1,0,NA,3,2,1,2,2,2,3,2,2,3,1,3,1,4,1,2,1,1,3,2,1
"R_3QWVmwuThZzF3U6",1,36,5,4,1,0,NA,4,3,1,1,2,3,2,1,2,2,1,3,2,3,3,1,1,1,1,3,3
"R_2VgszVl0HoVHxHn",2,45,3,1,3,NA,1,1,3,2,2,1,2,1,1,1,1,2,2,1,1,4,2,2,1,3,1,2
"R_2VgszVl0HoVHxHn",2,45,3,1,3,NA,1,2,3,2,2,1,3,3,2,1,2,1,3,2,2,3,2,1,1,4,3,1
"R_2VgszVl0HoVHxHn",2,45,3,1,3,NA,1,3,2,1,1,1,3,2,1,2,3,1,3,3,2,1,1,1,7,2,2,2
"R_2VgszVl0HoVHxHn",2,45,3,1,3,NA,1,4,2,1,1,2,2,3,1,2,3,1,3,2,2,3,2,1,1,1,1,3
"R_BM51JmYlzTld7ZD",2,29,3,5,2,1,NA,1,2,2,1,2,3,2,1,1,1,2,1,3,2,3,2,1,1,4,3,1
"R_BM51JmYlzTld7ZD",2,29,3,5,2,1,NA,2,3,2,1,2,3,3,1,1,2,2,1,2,2,4,2,1,1,3,1,4
"R_BM51JmYlzTld7ZD",2,29,3,5,2,1,NA,3,2,1,1,2,2,1,2,1,4,1,2,1,2,3,2,1,1,4,2,2
"R_BM51JmYlzTld7ZD",2,29,3,5,2,1,NA,4,3,1,2,2,2,3,1,1,3,2,1,3,2,3,2,2,1,2,2,3
"R_1f7SlE0ja8EoWUU",1,37,5,3,1,0,NA,1,2,1,1,2,2,2,1,2,1,1,3,2,1,3,2,2,1,1,1,2
"R_1f7SlE0ja8EoWUU",1,37,5,3,1,0,NA,2,2,1,1,1,2,3,2,1,4,2,3,2,2,2,2,2,1,3,2,1
"R_1f7SlE0ja8EoWUU",1,37,5,3,1,0,NA,3,2,1,1,1,2,3,2,1,4,2,3,2,2,2,2,2,1,3,2,1
"R_1f7SlE0ja8EoWUU",1,37,5,3,1,0,NA,4,1,1,2,1,2,1,1,2,2,1,3,2,1,1,3,1,7,1,2,4
"R_3LjOkHDRwgmXrQ9",2,35,2,2,2,0,NA,1,3,2,1,2,2,2,2,2,3,1,2,3,3,3,2,1,1,3,3,1
"R_3LjOkHDRwgmXrQ9",2,35,2,2,2,0,NA,2,2,1,2,1,2,1,1,1,4,1,1,3,2,4,2,1,1,2,1,4
"R_3LjOkHDRwgmXrQ9",2,35,2,2,2,0,NA,3,2,2,2,2,2,2,2,1,4,1,2,2,3,3,2,2,1,2,1,1
"R_3LjOkHDRwgmXrQ9",2,35,2,2,2,0,NA,4,3,2,2,2,2,3,1,1,1,2,1,2,4,1,2,1,1,1,1,1
"R_2tzK3joKnw1G6sN",2,36,3,3,2,0,NA,1,2,1,2,1,2,2,1,1,3,1,1,3,2,2,3,2,1,3,2,4
"R_2tzK3joKnw1G6sN",2,36,3,3,2,0,NA,2,1,2,1,2,2,3,2,2,4,1,3,2,1,2,2,1,1,4,3,2
"R_2tzK3joKnw1G6sN",2,36,3,3,2,0,NA,3,1,2,1,2,2,2,1,1,1,1,2,3,4,3,1,2,1,1,1,1
"R_2tzK3joKnw1G6sN",2,36,3,3,2,0,NA,4,3,2,1,2,2,1,1,2,4,1,3,2,2,2,2,1,1,2,1,4
"R_3KpZFvq7mMYMrzp",2,22,5,4,3,NA,-1,1,2,1,2,1,2,2,1,2,3,1,3,2,1,3,2,1,7,2,1,2
"R_3KpZFvq7mMYMrzp",2,22,5,4,3,NA,-1,2,1,1,1,2,3,3,1,2,1,1,2,3,2,2,2,2,1,1,3,1
"R_3KpZFvq7mMYMrzp",2,22,5,4,3,NA,-1,3,2,1,1,2,2,3,1,1,2,1,1,2,4,4,2,2,1,3,1,3
"R_3KpZFvq7mMYMrzp",2,22,5,4,3,NA,-1,4,1,2,1,2,2,1,2,1,1,2,2,2,2,3,3,1,1,4,3,1
"R_2CUOg49eUGo4H3b",1,20,3,3,3,NA,0,1,1,1,1,1,2,3,1,2,2,1,3,1,2,2,2,1,1,1,3,1
"R_2CUOg49eUGo4H3b",1,20,3,3,3,NA,0,2,2,1,2,2,2,3,1,1,3,2,1,2,2,3,2,2,1,3,1,2
"R_2CUOg49eUGo4H3b",1,20,3,3,3,NA,0,3,2,1,2,1,2,3,1,2,1,1,2,2,2,2,1,1,1,1,3,4
"R_2CUOg49eUGo4H3b",1,20,3,3,3,NA,0,4,1,1,1,1,2,3,1,2,2,1,3,2,2,1,2,1,1,3,1,3
"R_2BfmlaSuwdGVdQ1",1,23,2,1,2,1,NA,1,1,1,2,1,3,3,1,2,4,1,2,2,1,2,2,1,1,3,3,4
"R_2BfmlaSuwdGVdQ1",1,23,2,1,2,1,NA,2,2,1,2,2,2,3,1,1,2,2,1,3,2,4,2,2,1,1,1,4
"R_2BfmlaSuwdGVdQ1",1,23,2,1,2,1,NA,3,1,1,2,1,3,3,1,2,1,1,2,2,1,2,2,1,1,3,3,4
"R_2BfmlaSuwdGVdQ1",1,23,2,1,2,1,NA,4,2,2,2,1,2,2,1,1,4,1,3,3,2,3,3,2,2,2,1,1
"R_3qP3CfFOk3SMcdD",2,28,5,7,1,0,NA,1,1,2,1,2,3,1,1,1,3,1,1,3,1,1,2,1,1,3,2,1
"R_3qP3CfFOk3SMcdD",2,28,5,7,1,0,NA,2,3,2,1,2,3,3,1,1,3,1,1,3,1,3,1,1,1,3,2,1
"R_3qP3CfFOk3SMcdD",2,28,5,7,1,0,NA,3,2,2,1,1,3,3,1,2,3,1,2,3,4,3,1,1,1,4,2,1
"R_3qP3CfFOk3SMcdD",2,28,5,7,1,0,NA,4,2,2,2,2,3,3,1,1,3,2,1,3,1,3,2,2,1,2,2,3
"R_1E52jZBXfzSrUSR",2,54,5,4,1,1,NA,1,1,1,1,2,3,2,1,2,1,1,2,1,2,3,2,1,1,1,1,1
"R_1E52jZBXfzSrUSR",2,54,5,4,1,1,NA,2,3,2,1,2,2,3,1,1,4,2,1,1,2,4,2,2,1,4,3,3
"R_1E52jZBXfzSrUSR",2,54,5,4,1,1,NA,3,1,1,2,2,2,1,1,1,3,2,2,1,1,3,2,1,1,3,2,3
"R_1E52jZBXfzSrUSR",2,54,5,4,1,1,NA,4,2,1,2,1,3,3,2,2,2,1,3,2,2,2,2,1,1,2,2,1
"R_10Oi6JXihtFqYoU",2,32,2,2,1,0,NA,1,3,1,2,2,3,2,1,1,1,2,1,3,2,3,2,1,1,1,3,1
"R_10Oi6JXihtFqYoU",2,32,2,2,1,0,NA,2,2,2,1,2,2,3,2,2,2,1,3,1,3,2,3,1,7,2,2,4
"R_10Oi6JXihtFqYoU",2,32,2,2,1,0,NA,3,1,2,1,2,2,1,1,2,2,1,3,2,2,2,1,1,7,4,3,2
"R_10Oi6JXihtFqYoU",2,32,2,2,1,0,NA,4,1,1,2,2,3,3,1,1,1,2,1,2,2,2,2,1,1,3,3,1
"R_2o4Lgg1U5tEFm8N",1,25,5,4,1,1,NA,1,2,2,2,1,2,3,1,2,3,2,1,2,3,3,2,2,2,3,2,1
"R_2o4Lgg1U5tEFm8N",1,25,5,4,1,1,NA,2,3,2,2,2,2,2,1,1,4,2,2,3,1,3,2,2,7,4,1,3
"R_2o4Lgg1U5tEFm8N",1,25,5,4,1,1,NA,3,3,2,1,1,2,3,1,1,2,1,3,2,2,2,2,1,1,3,1,4
"R_2o4Lgg1U5tEFm8N",1,25,5,4,1,1,NA,4,3,2,2,2,2,3,1,1,4,2,2,2,1,3,2,2,1,3,1,4
"R_r1kRNMu6hF8bB1T",1,53,5,4,3,NA,1,1,3,2,2,2,2,3,1,1,4,2,1,3,1,3,2,1,1,2,1,1
"R_r1kRNMu6hF8bB1T",1,53,5,4,3,NA,1,2,1,2,2,1,2,1,2,2,1,1,2,1,3,2,2,1,1,3,3,2
"R_r1kRNMu6hF8bB1T",1,53,5,4,3,NA,1,3,2,2,1,1,3,1,1,2,4,1,3,1,1,3,1,1,2,1,1,4
"R_r1kRNMu6hF8bB1T",1,53,5,4,3,NA,1,4,3,2,1,1,3,3,2,2,2,1,2,2,2,2,2,1,1,4,3,4
"R_1qgPh0drZP87Z9P",1,25,5,3,2,0,NA,1,3,2,2,1,2,2,1,1,4,1,1,2,2,2,2,1,1,2,2,3
"R_1qgPh0drZP87Z9P",1,25,5,3,2,0,NA,2,3,1,2,1,1,3,1,1,1,2,2,1,1,2,2,1,1,3,3,4
"R_1qgPh0drZP87Z9P",1,25,5,3,2,0,NA,3,2,1,2,2,2,1,1,1,4,2,3,3,1,1,2,1,3,2,3,3
"R_1qgPh0drZP87Z9P",1,25,5,3,2,0,NA,4,2,2,1,1,2,2,2,1,2,1,1,2,4,3,1,1,1,2,2,2
"R_2CTdrIsyRtifORD",1,30,5,3,2,1,NA,1,1,2,2,2,2,2,1,1,3,2,1,3,1,4,2,2,1,2,2,1
"R_2CTdrIsyRtifORD",1,30,5,3,2,1,NA,2,2,1,1,2,3,3,1,1,2,1,1,3,2,3,2,1,1,3,1,3
"R_2CTdrIsyRtifORD",1,30,5,3,2,1,NA,3,2,1,1,2,2,1,2,1,2,1,2,2,2,2,2,1,1,4,3,1
"R_2CTdrIsyRtifORD",1,30,5,3,2,1,NA,4,3,1,1,1,2,2,1,2,1,1,3,3,1,4,3,1,1,4,2,3
"R_1ITqkKQKa67lJw9",1,35,3,3,2,1,NA,1,2,1,2,2,2,1,1,1,4,2,2,2,2,3,2,1,1,4,2,1
"R_1ITqkKQKa67lJw9",1,35,3,3,2,1,NA,2,2,2,2,1,2,1,1,2,2,1,3,1,1,1,2,1,1,1,1,3
"R_1ITqkKQKa67lJw9",1,35,3,3,2,1,NA,3,1,1,1,1,2,1,2,2,1,1,3,1,3,3,2,1,1,2,2,4
"R_1ITqkKQKa67lJw9",1,35,3,3,2,1,NA,4,1,1,1,1,2,1,2,2,1,1,3,1,2,3,2,1,1,4,3,2
"R_3HSLzOpVzmAEyqc",2,39,4,3,3,NA,0,1,1,2,2,1,2,1,1,1,2,2,2,3,1,3,2,1,1,4,3,4
"R_3HSLzOpVzmAEyqc",2,39,4,3,3,NA,0,2,1,2,2,2,1,1,1,1,4,2,1,3,1,3,2,1,1,4,1,3
"R_3HSLzOpVzmAEyqc",2,39,4,3,3,NA,0,3,3,2,2,2,1,3,1,1,1,2,2,3,1,3,2,2,1,1,3,1
"R_3HSLzOpVzmAEyqc",2,39,4,3,3,NA,0,4,2,2,1,1,3,1,2,2,4,1,3,3,2,2,2,1,1,4,2,4
"R_1Cg7ptLfnI5AmrX",2,46,3,4,1,1,NA,1,3,2,1,1,3,1,1,2,3,1,3,3,2,3,2,1,1,2,3,1
"R_1Cg7ptLfnI5AmrX",2,46,3,4,1,1,NA,2,2,1,2,2,3,3,1,1,1,2,2,3,1,3,2,1,1,1,1,2
"R_1Cg7ptLfnI5AmrX",2,46,3,4,1,1,NA,3,2,1,2,2,2,1,1,1,1,2,1,2,2,3,2,1,1,4,2,4
"R_1Cg7ptLfnI5AmrX",2,46,3,4,1,1,NA,4,3,1,2,1,3,2,1,2,3,1,3,3,1,3,2,2,1,3,3,1
"R_eDvZwuZCEK0lr5n",1,39,5,3,2,1,NA,1,2,1,1,1,3,3,1,2,3,1,3,2,2,3,2,1,1,3,1,2
"R_eDvZwuZCEK0lr5n",1,39,5,3,2,1,NA,2,3,2,2,2,3,2,1,1,1,2,1,3,1,4,2,1,1,4,2,4
"R_eDvZwuZCEK0lr5n",1,39,5,3,2,1,NA,3,1,1,1,2,2,1,2,1,4,1,2,2,2,3,2,1,1,1,3,1
"R_eDvZwuZCEK0lr5n",1,39,5,3,2,1,NA,4,1,1,1,1,2,3,2,2,4,1,3,2,2,2,2,1,2,4,1,3
"R_3EbSpAXbg9zjhfL",1,37,5,6,2,1,NA,1,3,2,1,2,2,1,1,1,2,2,2,2,1,2,2,1,1,1,1,4
"R_3EbSpAXbg9zjhfL",1,37,5,6,2,1,NA,2,1,1,2,1,2,2,1,2,2,1,3,3,2,3,3,1,1,2,1,2
"R_3EbSpAXbg9zjhfL",1,37,5,6,2,1,NA,3,2,2,2,1,3,3,1,2,3,1,3,2,2,1,1,1,1,4,1,2
"R_3EbSpAXbg9zjhfL",1,37,5,6,2,1,NA,4,3,2,1,2,1,2,1,1,2,2,1,1,1,1,3,2,1,3,3,4
"R_10H1s9yICkaf0Lw",1,20,2,4,3,NA,0,1,2,2,2,1,3,1,1,1,2,1,1,2,1,2,2,2,1,4,2,2
"R_10H1s9yICkaf0Lw",1,20,2,4,3,NA,0,2,3,1,2,1,2,2,1,2,3,2,1,3,1,4,3,2,1,1,3,3
"R_10H1s9yICkaf0Lw",1,20,2,4,3,NA,0,3,2,2,1,1,3,2,1,1,1,1,2,1,2,3,2,1,1,2,3,1
"R_10H1s9yICkaf0Lw",1,20,2,4,3,NA,0,4,2,2,1,2,3,2,1,2,1,2,1,2,2,3,1,2,1,2,2,1
"R_cSfHiqhPaV1d4E9",2,34,3,5,3,NA,0,1,3,1,1,1,2,1,2,1,4,1,3,1,1,4,2,1,1,3,3,1
"R_cSfHiqhPaV1d4E9",2,34,3,5,3,NA,0,2,2,1,1,1,2,1,1,2,2,1,2,1,1,3,2,1,1,1,3,2
"R_cSfHiqhPaV1d4E9",2,34,3,5,3,NA,0,3,1,2,1,1,3,2,1,2,3,2,1,3,2,1,3,1,1,2,1,3
"R_cSfHiqhPaV1d4E9",2,34,3,5,3,NA,0,4,3,2,1,2,3,1,1,2,1,2,1,3,2,2,2,1,1,4,1,4
"R_5o5zLIfSg68dUNX",2,32,3,4,1,0,NA,1,3,2,2,2,3,3,1,1,2,2,2,3,2,3,2,2,1,3,1,1
"R_5o5zLIfSg68dUNX",2,32,3,4,1,0,NA,2,1,1,1,2,2,3,1,1,2,2,2,2,3,4,1,1,1,1,3,2
"R_5o5zLIfSg68dUNX",2,32,3,4,1,0,NA,3,1,2,2,1,2,3,1,2,4,1,2,1,1,4,2,2,1,4,2,3
"R_5o5zLIfSg68dUNX",2,32,3,4,1,0,NA,4,2,1,1,2,3,1,2,2,1,2,1,1,2,2,2,1,1,2,1,2
"R_23gy9NvMNRxE4wo",1,29,5,7,2,0,NA,1,2,2,1,2,2,1,1,1,3,2,2,2,2,2,2,1,1,3,1,1
"R_23gy9NvMNRxE4wo",1,29,5,7,2,0,NA,2,1,1,2,2,2,3,2,1,2,2,1,3,2,4,3,1,1,4,2,4
"R_23gy9NvMNRxE4wo",1,29,5,7,2,0,NA,3,1,2,1,2,3,1,1,1,4,2,1,2,2,4,1,1,1,3,1,1
"R_23gy9NvMNRxE4wo",1,29,5,7,2,0,NA,4,1,2,2,2,3,2,1,1,3,2,1,1,1,4,2,1,1,3,2,2
"R_31jFohAO7YB3md7",1,27,4,1,2,0,NA,1,2,2,1,2,2,3,1,1,4,2,1,2,1,3,2,2,1,2,2,1
"R_31jFohAO7YB3md7",1,27,4,1,2,0,NA,2,3,2,1,2,1,2,1,1,3,2,3,2,1,2,3,2,2,3,3,3
"R_31jFohAO7YB3md7",1,27,4,1,2,0,NA,3,2,2,1,2,1,2,2,2,3,1,2,2,1,2,3,1,3,4,1,1
"R_31jFohAO7YB3md7",1,27,4,1,2,0,NA,4,3,1,2,1,3,3,2,1,1,2,2,2,3,1,3,1,7,3,3,2
"R_2ePijxAMbdQUXOH",2,26,5,2,2,1,NA,1,1,1,1,2,3,3,1,2,1,1,2,3,2,3,2,1,1,1,3,1
"R_2ePijxAMbdQUXOH",2,26,5,2,2,1,NA,2,2,1,2,2,3,3,1,1,2,2,1,3,2,3,2,2,1,4,2,2
"R_2ePijxAMbdQUXOH",2,26,5,2,2,1,NA,3,3,2,2,2,3,3,1,1,4,2,1,3,2,3,2,2,1,2,1,1
"R_2ePijxAMbdQUXOH",2,26,5,2,2,1,NA,4,3,2,1,2,3,3,1,2,4,1,2,3,2,3,2,1,1,3,1,3
"R_3Oijf8TqCOQNVcw",2,25,5,2,3,NA,0,1,2,2,2,1,2,3,1,1,4,1,2,2,1,3,2,1,1,1,1,1
"R_3Oijf8TqCOQNVcw",2,25,5,2,3,NA,0,2,2,2,1,1,2,3,2,2,1,1,3,2,1,3,2,1,1,4,3,3
"R_3Oijf8TqCOQNVcw",2,25,5,2,3,NA,0,3,2,2,2,2,2,2,1,1,2,2,1,2,1,2,2,2,1,3,2,4
"R_3Oijf8TqCOQNVcw",2,25,5,2,3,NA,0,4,2,1,2,1,2,2,2,2,2,1,2,2,1,2,3,1,1,2,1,3
"R_2PiLSS72voQkRLJ",2,23,4,1,3,NA,0,1,1,1,2,1,2,1,1,1,1,1,3,1,1,4,2,2,1,1,1,2
"R_2PiLSS72voQkRLJ",2,23,4,1,3,NA,0,2,1,1,1,1,2,1,2,2,2,1,2,1,2,3,2,1,1,3,3,3
"R_2PiLSS72voQkRLJ",2,23,4,1,3,NA,0,3,2,1,2,1,2,3,1,2,4,2,1,1,4,3,3,1,7,4,2,4
"R_2PiLSS72voQkRLJ",2,23,4,1,3,NA,0,4,2,1,2,2,1,1,1,1,3,2,1,1,1,1,1,1,1,2,2,4
"R_3CDeAMy0o9u58eY",1,44,5,4,1,0,NA,1,1,2,2,1,2,1,1,2,4,2,1,2,1,3,2,1,1,4,2,3
"R_3CDeAMy0o9u58eY",1,44,5,4,1,0,NA,2,2,1,1,2,2,2,1,2,4,1,3,2,1,3,2,1,7,3,1,3
"R_3CDeAMy0o9u58eY",1,44,5,4,1,0,NA,3,3,1,1,2,2,3,1,2,1,1,3,2,2,4,2,2,1,2,3,4
"R_3CDeAMy0o9u58eY",1,44,5,4,1,0,NA,4,1,1,1,1,2,1,1,2,1,1,3,2,1,3,2,1,7,3,3,3
"R_RgymrfseYVKHjzz",1,26,3,2,2,0,NA,1,2,2,1,1,2,2,1,1,2,1,3,1,1,3,2,1,1,1,3,2
"R_RgymrfseYVKHjzz",1,26,3,2,2,0,NA,2,2,1,2,1,2,3,1,2,1,2,1,2,2,4,2,2,1,4,1,3
"R_RgymrfseYVKHjzz",1,26,3,2,2,0,NA,3,1,2,2,1,2,3,1,2,4,2,2,2,4,2,1,1,7,4,3,1
"R_RgymrfseYVKHjzz",1,26,3,2,2,0,NA,4,3,2,2,1,3,1,1,1,4,2,1,1,1,1,3,2,1,2,2,4
"R_W0s6ZKgSytnfUaJ",2,22,3,5,1,0,NA,1,2,2,1,1,2,2,1,2,1,1,2,2,1,1,2,1,1,3,2,1
"R_W0s6ZKgSytnfUaJ",2,22,3,5,1,0,NA,2,3,2,1,2,3,3,1,1,3,2,1,3,2,4,2,2,1,4,3,2
"R_W0s6ZKgSytnfUaJ",2,22,3,5,1,0,NA,3,3,2,1,1,1,1,2,2,4,1,3,1,4,2,3,1,2,2,3,4
"R_W0s6ZKgSytnfUaJ",2,22,3,5,1,0,NA,4,1,1,2,1,2,3,2,2,2,1,2,2,1,2,1,1,7,1,3,3
"R_3lzeyciLjrWL6KZ",2,43,3,5,2,0,NA,1,3,1,2,2,2,2,1,1,1,2,1,2,2,3,2,1,1,3,3,3
"R_3lzeyciLjrWL6KZ",2,43,3,5,2,0,NA,2,3,2,2,2,2,2,1,2,1,2,1,2,1,4,2,1,1,1,2,2
"R_3lzeyciLjrWL6KZ",2,43,3,5,2,0,NA,3,3,1,2,1,2,2,1,2,2,1,2,2,1,2,2,2,1,2,1,3
"R_3lzeyciLjrWL6KZ",2,43,3,5,2,0,NA,4,1,2,2,2,2,1,1,1,3,2,1,1,2,3,3,1,1,3,1,3
"R_PzJ8XZJ2w0p4D9n",2,27,6,2,3,NA,-1,1,3,2,1,2,2,3,1,2,4,2,1,3,1,3,2,2,1,3,1,3
"R_PzJ8XZJ2w0p4D9n",2,27,6,2,3,NA,-1,2,1,2,2,2,2,2,1,1,1,2,1,3,2,2,2,1,1,1,2,2
"R_PzJ8XZJ2w0p4D9n",2,27,6,2,3,NA,-1,3,1,2,2,1,2,3,1,2,2,1,2,2,1,3,2,1,3,2,3,4
"R_PzJ8XZJ2w0p4D9n",2,27,6,2,3,NA,-1,4,3,1,2,2,3,3,1,1,3,2,1,3,2,4,2,2,1,2,2,1
"R_2RO2XruOhRvcMPe",1,24,2,4,1,1,NA,1,3,1,2,2,3,2,1,1,4,2,1,3,2,3,2,1,1,2,1,4
"R_2RO2XruOhRvcMPe",1,24,2,4,1,1,NA,2,1,1,1,1,2,1,1,2,3,1,3,1,4,2,3,1,2,3,2,3
"R_2RO2XruOhRvcMPe",1,24,2,4,1,1,NA,3,3,2,2,1,2,3,1,2,2,1,3,2,1,2,2,1,1,4,3,1
"R_2RO2XruOhRvcMPe",1,24,2,4,1,1,NA,4,2,2,2,1,3,1,1,2,4,1,2,2,3,1,3,1,1,1,1,1
"R_e5nfgGh5QX5V4n7",1,28,5,3,2,1,NA,1,3,1,1,2,2,3,1,1,2,2,2,2,1,3,2,2,1,2,1,4
"R_e5nfgGh5QX5V4n7",1,28,5,3,2,1,NA,2,1,1,2,2,3,3,1,1,1,2,1,3,2,4,2,1,1,1,1,1
"R_e5nfgGh5QX5V4n7",1,28,5,3,2,1,NA,3,2,1,1,2,2,2,2,1,3,2,2,2,1,3,2,1,1,4,2,3
"R_e5nfgGh5QX5V4n7",1,28,5,3,2,1,NA,4,1,1,1,2,2,3,1,1,1,2,2,2,2,3,2,1,1,2,1,4
"R_snSxL0qpojChWH7",1,28,3,2,1,0,NA,1,1,1,1,1,2,1,1,2,1,1,3,2,1,4,2,1,1,4,1,4
"R_snSxL0qpojChWH7",1,28,3,2,1,0,NA,2,2,2,1,1,2,2,1,2,2,1,2,1,2,2,2,1,3,2,3,4
"R_snSxL0qpojChWH7",1,28,3,2,1,0,NA,3,3,1,2,1,2,2,2,2,2,1,2,2,1,3,3,1,7,2,2,3
"R_snSxL0qpojChWH7",1,28,3,2,1,0,NA,4,1,2,1,2,2,3,1,1,4,2,1,1,4,2,2,2,2,1,3,4
"R_3JmTpsnvw5YZ2xd",1,29,5,3,1,0,NA,1,2,2,1,2,3,2,1,1,3,2,1,3,2,2,2,1,1,4,1,1
"R_3JmTpsnvw5YZ2xd",1,29,5,3,1,0,NA,2,1,2,2,1,3,1,1,2,1,1,2,3,2,1,3,1,1,2,3,2
"R_3JmTpsnvw5YZ2xd",1,29,5,3,1,0,NA,3,1,2,2,2,2,2,1,1,3,2,1,3,1,3,2,2,1,1,2,4
"R_3JmTpsnvw5YZ2xd",1,29,5,3,1,0,NA,4,2,2,2,2,2,3,1,1,3,2,1,3,1,3,2,2,1,2,2,1
"R_3fHjE3GBY9SNMwI",1,24,5,1,1,0,NA,1,2,2,2,1,2,2,1,1,4,2,2,2,1,3,2,1,2,1,2,1
"R_3fHjE3GBY9SNMwI",1,24,5,1,1,0,NA,2,3,1,2,1,3,3,2,2,3,1,3,3,2,2,2,1,1,4,3,2
"R_3fHjE3GBY9SNMwI",1,24,5,1,1,0,NA,3,1,2,2,2,2,1,1,1,4,2,1,1,1,3,2,1,1,2,3,3
"R_3fHjE3GBY9SNMwI",1,24,5,1,1,0,NA,4,1,1,1,1,3,1,2,2,2,1,3,3,2,3,2,1,1,3,3,4
"R_1ffp6CBI8mdHD77",1,24,2,1,3,NA,1,1,3,1,1,2,3,2,1,2,4,1,3,2,3,3,2,1,1,1,1,4
"R_1ffp6CBI8mdHD77",1,24,2,1,3,NA,1,2,3,1,1,1,3,2,1,2,3,1,3,2,4,2,2,1,1,2,2,3
"R_1ffp6CBI8mdHD77",1,24,2,1,3,NA,1,3,3,1,1,1,3,2,1,2,3,1,3,2,2,3,2,1,1,3,3,2
"R_1ffp6CBI8mdHD77",1,24,2,1,3,NA,1,4,2,1,1,1,3,2,1,2,2,1,3,3,2,4,2,1,1,3,2,1
"R_3OkOrb4QBTZLmpN",1,60,5,4,2,1,NA,1,2,1,2,2,2,1,1,1,2,2,1,2,2,3,2,1,1,2,1,1
"R_3OkOrb4QBTZLmpN",1,60,5,4,2,1,NA,2,3,1,2,1,2,1,1,2,4,1,3,2,2,3,2,2,1,1,1,4
"R_3OkOrb4QBTZLmpN",1,60,5,4,2,1,NA,3,3,1,2,1,2,1,1,2,1,1,3,2,2,3,2,2,1,3,3,3
"R_3OkOrb4QBTZLmpN",1,60,5,4,2,1,NA,4,1,2,1,1,2,1,1,2,2,1,3,2,2,3,2,2,1,3,1,4
"R_2aelw0Z4tYFK1Zh",1,45,3,5,1,1,NA,1,1,2,1,2,2,1,2,2,4,1,2,1,2,1,1,1,3,4,1,4
"R_2aelw0Z4tYFK1Zh",1,45,3,5,1,1,NA,2,1,2,2,2,3,3,1,1,3,2,1,2,1,2,2,2,1,1,2,3
"R_2aelw0Z4tYFK1Zh",1,45,3,5,1,1,NA,3,3,1,1,1,3,2,2,2,2,1,3,2,1,3,2,1,1,3,3,2
"R_2aelw0Z4tYFK1Zh",1,45,3,5,1,1,NA,4,1,1,2,2,2,3,1,1,4,2,3,1,3,2,2,1,1,1,1,3
"R_3KAytStc5QjZlcb",1,38,3,4,3,NA,-1,1,1,1,1,1,3,3,1,2,2,1,2,3,2,3,2,1,1,4,2,4
"R_3KAytStc5QjZlcb",1,38,3,4,3,NA,-1,2,2,1,1,2,2,2,1,1,1,2,1,2,1,4,2,2,1,2,1,3
"R_3KAytStc5QjZlcb",1,38,3,4,3,NA,-1,3,2,2,1,2,2,1,1,1,4,2,3,3,4,4,2,1,1,3,1,2
"R_3KAytStc5QjZlcb",1,38,3,4,3,NA,-1,4,3,1,1,1,3,2,1,2,4,1,2,3,2,4,2,1,1,2,1,1
"R_qD77mkbmLpMR3lT",2,22,3,5,3,NA,-1,1,1,1,2,1,2,2,1,2,2,2,2,2,1,3,2,2,1,2,1,3
"R_qD77mkbmLpMR3lT",2,22,3,5,3,NA,-1,2,1,1,2,2,2,3,1,1,3,2,1,2,1,4,2,1,1,3,3,4
"R_qD77mkbmLpMR3lT",2,22,3,5,3,NA,-1,3,3,1,1,2,3,3,2,1,2,1,2,2,2,2,2,1,1,4,3,1
"R_qD77mkbmLpMR3lT",2,22,3,5,3,NA,-1,4,1,2,1,1,2,1,1,1,2,1,3,2,1,2,2,1,1,1,1,2
"R_DBrVcHtdUKraKit",1,35,3,4,3,NA,-1,1,1,1,1,2,2,2,1,1,3,1,2,2,2,3,2,2,7,4,3,4
"R_DBrVcHtdUKraKit",1,35,3,4,3,NA,-1,2,3,1,1,1,3,3,1,2,1,1,3,1,3,2,2,1,1,2,2,1
"R_DBrVcHtdUKraKit",1,35,3,4,3,NA,-1,3,2,1,1,1,2,3,2,2,2,1,3,2,2,2,2,1,1,3,2,3
"R_DBrVcHtdUKraKit",1,35,3,4,3,NA,-1,4,2,1,1,2,2,1,1,1,2,2,1,3,1,3,2,1,1,1,1,2
"R_1mLsSyCN8YTjwUB",2,24,5,2,2,0,NA,1,2,1,1,1,3,1,2,1,4,1,3,2,1,2,1,1,2,2,3,3
"R_1mLsSyCN8YTjwUB",2,24,5,2,2,0,NA,2,2,2,1,2,3,3,1,1,3,1,2,1,4,2,1,2,1,4,2,4
"R_1mLsSyCN8YTjwUB",2,24,5,2,2,0,NA,3,1,2,2,2,3,1,1,1,4,2,1,1,1,3,2,2,1,1,2,3
"R_1mLsSyCN8YTjwUB",2,24,5,2,2,0,NA,4,2,1,1,1,2,1,1,1,4,2,3,2,2,2,1,2,1,1,1,2
"R_8xhyrOUaj1uFrb3",1,31,5,1,2,0,NA,1,2,2,2,2,2,3,1,1,2,2,1,2,1,3,2,1,1,1,2,4
"R_8xhyrOUaj1uFrb3",1,31,5,1,2,0,NA,2,2,2,1,1,3,3,1,2,1,2,2,2,2,3,2,1,1,2,1,2
"R_8xhyrOUaj1uFrb3",1,31,5,1,2,0,NA,3,3,2,2,2,2,3,1,1,4,2,1,3,1,4,2,2,1,3,3,1
"R_8xhyrOUaj1uFrb3",1,31,5,1,2,0,NA,4,3,2,2,1,2,3,1,1,1,2,1,3,1,4,2,2,1,2,3,4
"R_1ImGfb4WxizMMBz",1,22,5,3,3,NA,-1,1,3,2,1,2,3,3,1,1,1,2,2,3,2,3,2,1,1,1,1,1
"R_1ImGfb4WxizMMBz",1,22,5,3,3,NA,-1,2,2,2,2,1,2,1,1,1,4,2,1,2,1,1,3,1,2,4,2,2
"R_1ImGfb4WxizMMBz",1,22,5,3,3,NA,-1,3,1,2,1,2,2,2,2,2,2,2,2,1,1,3,2,1,7,2,1,4
"R_1ImGfb4WxizMMBz",1,22,5,3,3,NA,-1,4,1,1,1,2,3,3,2,2,4,1,3,2,3,2,2,1,1,4,2,1
"R_87I4vdEoTr8N8Ax",2,38,2,3,1,0,NA,1,3,1,2,2,3,3,1,1,3,2,2,2,2,3,2,2,1,1,1,3
"R_87I4vdEoTr8N8Ax",2,38,2,3,1,0,NA,2,1,2,2,2,2,1,1,1,2,2,2,1,1,2,2,2,1,3,3,1
"R_87I4vdEoTr8N8Ax",2,38,2,3,1,0,NA,3,2,1,1,2,2,3,2,2,1,1,3,1,2,3,2,1,1,4,2,3
"R_87I4vdEoTr8N8Ax",2,38,2,3,1,0,NA,4,2,1,2,1,2,1,1,2,3,2,3,1,3,4,2,1,2,1,3,2
"R_23X2BBOGd3IzO5s",2,26,3,1,3,NA,0,1,3,1,2,2,3,3,1,1,3,2,1,3,1,3,2,1,1,2,2,1
"R_23X2BBOGd3IzO5s",2,26,3,1,3,NA,0,2,2,2,1,2,3,2,2,2,4,1,3,2,2,2,2,2,1,3,3,2
"R_23X2BBOGd3IzO5s",2,26,3,1,3,NA,0,3,3,2,2,1,3,3,1,2,3,2,1,3,2,3,1,1,1,1,1,3
"R_23X2BBOGd3IzO5s",2,26,3,1,3,NA,0,4,1,2,2,2,3,2,2,1,2,2,2,3,2,1,2,1,1,1,2,4
"R_1jxkNZPqE6Vy3WJ",1,42,4,2,1,1,NA,1,1,1,1,1,2,3,2,2,3,1,3,2,2,2,3,1,1,3,3,4
"R_1jxkNZPqE6Vy3WJ",1,42,4,2,1,1,NA,2,3,2,2,1,3,3,1,1,1,2,2,3,1,3,2,2,1,4,1,3
"R_1jxkNZPqE6Vy3WJ",1,42,4,2,1,1,NA,3,1,1,1,2,2,1,1,2,4,1,3,2,3,3,2,1,2,1,2,4
"R_1jxkNZPqE6Vy3WJ",1,42,4,2,1,1,NA,4,2,2,2,1,3,3,1,1,3,2,1,3,2,3,2,2,1,3,1,1
"R_1hzF0saTAL1POY8",2,32,3,3,3,NA,-1,1,3,1,2,2,3,2,1,1,2,2,1,3,2,4,3,1,1,4,1,3
"R_1hzF0saTAL1POY8",2,32,3,3,3,NA,-1,2,3,1,2,1,2,3,1,1,4,2,2,3,1,3,3,2,1,3,3,1
"R_1hzF0saTAL1POY8",2,32,3,3,3,NA,-1,3,3,1,2,1,2,2,2,2,3,1,2,2,2,3,2,2,2,1,2,2
"R_1hzF0saTAL1POY8",2,32,3,3,3,NA,-1,4,2,2,1,1,2,2,1,2,1,1,2,2,3,2,3,1,7,2,3,2
"R_8vq65Sg2lvbuN5T",2,30,5,3,2,0,NA,1,3,1,2,2,2,2,1,1,3,2,1,2,2,3,2,2,1,4,2,3
"R_8vq65Sg2lvbuN5T",2,30,5,3,2,0,NA,2,3,1,2,2,3,2,1,1,3,2,1,2,2,3,2,2,1,2,2,3
"R_8vq65Sg2lvbuN5T",2,30,5,3,2,0,NA,3,3,1,1,1,2,3,2,2,4,1,3,2,3,2,3,1,1,2,1,1
"R_8vq65Sg2lvbuN5T",2,30,5,3,2,0,NA,4,1,2,1,2,2,1,2,1,2,2,3,2,3,1,1,1,7,2,3,1
"R_3JqtnWJ3QqNBlHn",2,22,3,1,3,NA,0,1,3,2,2,2,3,2,1,1,3,2,1,3,2,3,3,1,1,4,2,1
"R_3JqtnWJ3QqNBlHn",2,22,3,1,3,NA,0,2,3,2,2,1,2,3,1,2,4,1,2,2,1,2,2,1,1,3,1,3
"R_3JqtnWJ3QqNBlHn",2,22,3,1,3,NA,0,3,2,1,2,1,2,1,1,2,1,2,2,1,1,3,2,2,1,1,3,4
"R_3JqtnWJ3QqNBlHn",2,22,3,1,3,NA,0,4,3,1,1,1,3,3,1,2,1,1,3,2,2,4,2,2,1,4,3,1
"R_RFCBtUEWcrYajoB",1,53,5,2,2,1,NA,1,1,1,2,2,2,1,1,1,4,2,2,2,1,3,2,1,1,2,3,3
"R_RFCBtUEWcrYajoB",1,53,5,2,2,1,NA,2,2,2,2,1,2,1,1,2,3,2,2,2,2,3,2,1,1,3,1,1
"R_RFCBtUEWcrYajoB",1,53,5,2,2,1,NA,3,2,2,1,1,2,1,1,2,1,1,2,2,2,3,2,1,1,2,2,2
"R_RFCBtUEWcrYajoB",1,53,5,2,2,1,NA,4,3,1,1,2,2,2,1,2,2,1,3,2,2,4,2,2,1,1,1,3
"R_3aVfRpy05W5d89r",2,33,5,3,3,NA,-1,1,3,2,1,1,3,2,1,2,4,1,3,2,2,2,1,1,1,2,3,1
"R_3aVfRpy05W5d89r",2,33,5,3,3,NA,-1,2,3,2,2,1,2,3,1,1,2,2,2,2,3,3,2,2,1,3,2,2
"R_3aVfRpy05W5d89r",2,33,5,3,3,NA,-1,3,2,1,2,2,2,1,2,1,3,2,2,1,2,4,2,1,1,1,3,1
"R_3aVfRpy05W5d89r",2,33,5,3,3,NA,-1,4,2,2,1,1,3,3,2,2,1,1,3,2,2,2,2,1,2,4,1,2
"R_1cYzcnFtvAz3yXO",2,32,6,3,2,0,NA,1,1,1,1,1,2,1,1,2,1,1,3,3,2,3,2,1,1,2,1,1
"R_1cYzcnFtvAz3yXO",2,32,6,3,2,0,NA,2,3,2,2,1,3,3,1,1,1,2,2,3,2,4,3,1,1,4,2,1
"R_1cYzcnFtvAz3yXO",2,32,6,3,2,0,NA,3,2,2,1,2,2,3,1,1,1,2,2,3,2,2,2,1,1,3,1,3
"R_1cYzcnFtvAz3yXO",2,32,6,3,2,0,NA,4,3,2,1,1,3,2,1,1,2,1,3,3,2,3,3,1,1,3,2,1
"R_3dK5kHh74wXFPtp",2,37,2,3,3,NA,-1,1,3,2,2,1,2,2,1,1,1,2,1,3,1,3,2,2,1,2,1,2
"R_3dK5kHh74wXFPtp",2,37,2,3,3,NA,-1,2,3,2,1,2,3,3,2,1,2,1,2,2,2,3,2,1,1,3,3,1
"R_3dK5kHh74wXFPtp",2,37,2,3,3,NA,-1,3,1,2,2,2,2,1,1,2,4,2,1,3,1,3,2,2,1,4,2,3
"R_3dK5kHh74wXFPtp",2,37,2,3,3,NA,-1,4,1,2,2,1,2,3,1,2,2,2,2,2,3,2,2,1,1,1,2,4
"R_sT0zkdZppxd7SGl",1,31,5,3,1,0,NA,1,3,2,1,2,2,2,1,1,1,2,1,2,1,3,2,2,1,2,1,2
"R_sT0zkdZppxd7SGl",1,31,5,3,1,0,NA,2,3,2,1,2,2,2,1,1,1,2,1,2,1,3,2,2,1,2,1,2
"R_sT0zkdZppxd7SGl",1,31,5,3,1,0,NA,3,2,1,1,1,2,1,1,2,4,1,3,2,2,2,2,1,1,1,3,3
"R_sT0zkdZppxd7SGl",1,31,5,3,1,0,NA,4,2,1,2,1,2,2,1,2,3,1,3,2,1,3,2,1,1,1,3,1
"R_r24lr9VuMP8Fotj",2,34,6,2,2,0,NA,1,2,1,2,2,3,3,1,1,4,2,1,2,1,3,2,2,1,1,2,1
"R_r24lr9VuMP8Fotj",2,34,6,2,2,0,NA,2,1,1,2,2,3,1,1,1,3,2,1,1,2,3,2,1,7,4,3,3
"R_r24lr9VuMP8Fotj",2,34,6,2,2,0,NA,3,2,1,1,2,2,3,2,1,3,2,3,2,4,4,2,1,2,3,2,4
"R_r24lr9VuMP8Fotj",2,34,6,2,2,0,NA,4,3,1,2,1,2,2,1,2,2,2,1,3,2,4,3,2,1,2,3,2
"R_XHu63D3JPuv7Dep",2,38,2,1,2,0,NA,1,1,1,2,2,2,1,1,2,3,2,1,2,1,3,2,2,1,2,1,1
"R_XHu63D3JPuv7Dep",2,38,2,1,2,0,NA,2,2,1,2,1,2,3,1,1,2,1,2,1,2,2,2,1,2,3,2,2
"R_XHu63D3JPuv7Dep",2,38,2,1,2,0,NA,3,1,2,2,2,3,3,1,2,1,2,3,2,4,1,3,2,7,4,3,3
"R_XHu63D3JPuv7Dep",2,38,2,1,2,0,NA,4,2,1,1,2,2,3,1,2,4,2,2,3,3,4,2,2,1,1,2,4
"R_2sbfonY94nE72Fm",1,38,6,7,3,NA,1,1,3,2,2,1,2,3,1,1,3,2,2,2,2,3,2,2,1,1,3,1
"R_2sbfonY94nE72Fm",1,38,6,7,3,NA,1,2,1,1,1,2,2,1,2,2,4,1,2,2,2,3,2,1,1,2,1,2
"R_2sbfonY94nE72Fm",1,38,6,7,3,NA,1,3,1,1,1,1,2,1,2,2,2,1,3,2,1,3,2,1,7,2,2,1
"R_2sbfonY94nE72Fm",1,38,6,7,3,NA,1,4,2,1,2,2,2,2,1,1,1,2,2,2,1,3,2,1,1,2,1,3
"R_25ZN4HdhUDREd9A",2,47,3,4,2,1,NA,1,2,1,2,1,2,2,1,2,3,2,3,1,2,3,2,1,1,4,3,3
"R_25ZN4HdhUDREd9A",2,47,3,4,2,1,NA,2,2,1,1,1,2,1,1,2,3,1,2,1,3,1,1,1,1,1,2,1
"R_25ZN4HdhUDREd9A",2,47,3,4,2,1,NA,3,3,2,1,1,2,3,1,1,1,1,1,2,1,4,2,1,1,3,1,2
"R_25ZN4HdhUDREd9A",2,47,3,4,2,1,NA,4,2,2,1,2,3,3,1,1,2,1,1,2,1,3,2,2,1,4,3,4
"R_2wgUQZ9WpGXdpnO",1,37,3,2,3,NA,0,1,3,2,2,2,3,3,1,1,4,2,1,3,1,3,2,1,1,1,2,2
"R_2wgUQZ9WpGXdpnO",1,37,3,2,3,NA,0,2,1,1,2,1,2,1,2,2,2,2,2,1,2,1,3,1,1,1,1,3
"R_2wgUQZ9WpGXdpnO",1,37,3,2,3,NA,0,3,3,1,1,2,2,1,2,1,4,2,1,2,2,2,3,1,1,2,1,4
"R_2wgUQZ9WpGXdpnO",1,37,3,2,3,NA,0,4,1,1,2,2,2,1,1,1,1,2,1,1,3,3,3,1,1,4,2,3
"R_2q2iIuJcZaIzysK",2,42,4,5,1,1,NA,1,3,1,2,1,3,3,1,2,3,1,3,3,2,3,2,1,1,3,1,1
"R_2q2iIuJcZaIzysK",2,42,4,5,1,1,NA,2,2,1,2,1,3,3,1,2,4,1,3,3,2,4,2,1,1,1,2,1
"R_2q2iIuJcZaIzysK",2,42,4,5,1,1,NA,3,1,2,1,1,3,3,2,2,4,1,3,2,2,2,2,1,1,3,1,1
"R_2q2iIuJcZaIzysK",2,42,4,5,1,1,NA,4,2,2,1,2,3,2,1,1,3,1,1,2,2,3,1,1,1,3,3,4
"R_3m7PF7k4XB2Zo7v",1,29,5,2,2,0,NA,1,1,1,1,1,2,3,1,2,1,1,2,1,2,3,2,1,1,3,2,2
"R_3m7PF7k4XB2Zo7v",1,29,5,2,2,0,NA,2,1,1,1,1,2,3,1,2,1,1,2,1,1,3,2,1,1,2,2,2
"R_3m7PF7k4XB2Zo7v",1,29,5,2,2,0,NA,3,2,2,2,1,3,2,1,1,3,2,1,2,2,2,2,2,1,1,1,4
"R_3m7PF7k4XB2Zo7v",1,29,5,2,2,0,NA,4,3,2,1,2,3,3,1,1,2,2,1,2,2,3,2,1,1,1,1,1
"R_s6gBZzLIyP1TUoF",2,53,2,1,1,0,NA,1,3,1,1,2,2,3,1,2,2,2,2,2,2,3,2,1,1,1,3,1
"R_s6gBZzLIyP1TUoF",2,53,2,1,1,0,NA,2,3,1,2,2,2,2,2,1,4,2,2,1,4,1,3,1,2,2,1,4
"R_s6gBZzLIyP1TUoF",2,53,2,1,1,0,NA,3,3,1,1,1,3,1,2,2,1,1,3,3,1,4,2,1,1,4,2,2
"R_s6gBZzLIyP1TUoF",2,53,2,1,1,0,NA,4,3,1,2,1,3,2,1,1,3,1,2,2,1,3,2,1,3,1,1,3
"R_1g7p1HeGOsHysC3",1,33,5,6,3,NA,-1,1,2,1,2,1,2,1,1,2,3,2,1,2,2,4,3,1,1,3,1,3
"R_1g7p1HeGOsHysC3",1,33,5,6,3,NA,-1,2,3,2,2,1,3,2,1,2,1,2,2,2,1,3,2,2,1,4,3,3
"R_1g7p1HeGOsHysC3",1,33,5,6,3,NA,-1,3,1,2,2,2,2,1,2,1,2,2,1,2,1,2,3,1,7,2,2,2
"R_1g7p1HeGOsHysC3",1,33,5,6,3,NA,-1,4,3,2,1,1,2,3,2,2,3,1,3,2,2,4,2,1,1,2,3,2
"R_1n731sAIP1SpPhc",1,40,4,4,2,0,NA,1,2,2,1,2,2,3,1,1,2,2,3,2,2,3,2,1,1,2,3,3
"R_1n731sAIP1SpPhc",1,40,4,4,2,0,NA,2,3,1,2,1,3,2,1,1,4,1,1,2,1,4,2,2,1,4,2,4
"R_1n731sAIP1SpPhc",1,40,4,4,2,0,NA,3,3,1,1,1,2,1,2,2,3,2,2,1,1,2,3,1,2,3,3,1
"R_1n731sAIP1SpPhc",1,40,4,4,2,0,NA,4,1,2,2,1,2,1,1,2,1,2,1,1,1,2,1,2,1,2,2,3
"R_3eeJftBACFbADJn",1,26,3,2,3,NA,0,1,3,2,2,2,3,3,1,1,1,2,2,3,2,3,2,2,1,2,2,2
"R_3eeJftBACFbADJn",1,26,3,2,3,NA,0,2,1,1,2,1,3,3,1,1,2,1,2,2,2,3,2,1,1,4,1,4
"R_3eeJftBACFbADJn",1,26,3,2,3,NA,0,3,2,1,1,2,2,3,1,1,2,1,2,2,1,1,3,1,1,3,1,3
"R_3eeJftBACFbADJn",1,26,3,2,3,NA,0,4,3,2,2,2,2,1,1,1,2,2,1,2,3,1,1,2,1,1,2,2
"R_2zXQoaUPplwDrYx",1,34,2,2,3,NA,0,1,1,1,2,2,2,3,1,1,3,2,1,2,1,3,2,1,1,3,1,3
"R_2zXQoaUPplwDrYx",1,34,2,2,3,NA,0,2,1,2,1,2,2,3,2,2,3,1,2,1,3,2,2,1,1,1,3,1
"R_2zXQoaUPplwDrYx",1,34,2,2,3,NA,0,3,2,2,1,1,1,1,1,2,4,1,3,1,2,3,2,1,7,4,3,2
"R_2zXQoaUPplwDrYx",1,34,2,2,3,NA,0,4,2,1,1,1,2,1,1,2,2,1,2,1,1,1,2,1,1,1,1,4
"R_XiyrcmwR0fGy4xj",1,43,3,3,3,NA,1,1,1,1,2,2,3,3,1,1,3,2,2,3,2,3,2,2,1,4,3,3
"R_XiyrcmwR0fGy4xj",1,43,3,3,3,NA,1,2,2,2,2,2,2,2,1,1,1,2,2,2,1,4,2,2,1,3,2,2
"R_XiyrcmwR0fGy4xj",1,43,3,3,3,NA,1,3,2,1,1,2,3,3,2,2,4,1,3,2,2,2,2,1,7,1,1,4
"R_XiyrcmwR0fGy4xj",1,43,3,3,3,NA,1,4,1,2,2,1,2,1,1,1,2,2,2,1,4,3,2,2,1,1,1,1
"R_3n3nGsFN6N3pIlN",1,29,3,2,3,NA,-1,1,1,1,1,1,3,3,1,2,4,1,2,3,2,3,2,1,1,2,3,3
"R_3n3nGsFN6N3pIlN",1,29,3,2,3,NA,-1,2,2,2,2,1,2,3,1,1,1,2,1,3,1,4,2,2,1,1,1,1
"R_3n3nGsFN6N3pIlN",1,29,3,2,3,NA,-1,3,1,1,2,2,3,3,1,1,2,2,1,3,2,3,2,1,1,4,2,4
"R_3n3nGsFN6N3pIlN",1,29,3,2,3,NA,-1,4,1,2,2,2,2,3,1,1,3,2,1,3,4,4,2,2,1,3,1,2
"R_3PRYgk7Rc8GkWfb",1,49,3,4,1,1,NA,1,3,2,2,2,3,2,1,1,4,2,1,2,2,4,2,2,1,4,2,1
"R_3PRYgk7Rc8GkWfb",1,49,3,4,1,1,NA,2,3,1,1,1,2,1,2,2,1,1,3,3,3,1,3,1,1,1,3,1
"R_3PRYgk7Rc8GkWfb",1,49,3,4,1,1,NA,3,3,1,1,1,2,1,2,2,3,1,3,2,4,3,3,1,1,3,1,2
"R_3PRYgk7Rc8GkWfb",1,49,3,4,1,1,NA,4,2,2,1,1,1,1,2,2,4,1,3,2,3,2,2,1,1,2,3,1
"R_1d9XO0LcGtTkTYy",1,29,5,2,2,1,NA,1,1,1,2,2,2,3,1,1,3,2,1,2,1,3,2,1,1,3,2,2
"R_1d9XO0LcGtTkTYy",1,29,5,2,2,1,NA,2,1,1,1,1,3,1,1,2,3,1,3,2,3,1,1,1,2,3,1,1
"R_1d9XO0LcGtTkTYy",1,29,5,2,2,1,NA,3,3,2,1,2,3,2,1,1,1,2,1,3,2,4,2,1,1,2,2,4
"R_1d9XO0LcGtTkTYy",1,29,5,2,2,1,NA,4,3,1,2,2,3,3,1,1,4,2,1,3,2,4,2,1,1,1,1,2
"R_Q9ZarjxeW9J0srD",1,34,2,2,1,0,NA,1,2,2,2,1,2,3,1,2,3,2,1,2,2,3,2,1,1,4,3,3
"R_Q9ZarjxeW9J0srD",1,34,2,2,1,0,NA,2,3,1,2,1,2,3,2,2,1,2,1,2,3,4,3,2,1,3,1,1
"R_Q9ZarjxeW9J0srD",1,34,2,2,1,0,NA,3,1,1,2,1,3,2,1,2,3,1,2,3,3,3,2,2,2,2,2,4
"R_Q9ZarjxeW9J0srD",1,34,2,2,1,0,NA,4,2,2,1,1,2,2,2,1,2,1,3,1,1,1,1,1,7,2,1,3
"R_2fDm2UyLTEuEsEK",1,31,5,4,3,NA,0,1,3,1,2,2,3,2,1,1,3,2,1,3,1,3,2,2,1,1,1,1
"R_2fDm2UyLTEuEsEK",1,31,5,4,3,NA,0,2,2,1,1,2,2,2,2,2,1,1,3,2,2,4,2,2,1,4,3,3
"R_2fDm2UyLTEuEsEK",1,31,5,4,3,NA,0,3,2,1,1,2,2,3,2,2,3,1,3,1,1,4,3,1,1,3,2,3
"R_2fDm2UyLTEuEsEK",1,31,5,4,3,NA,0,4,3,1,2,1,3,2,1,1,3,2,1,3,1,3,2,2,1,1,1,4
"R_10OxfzZJviHdY2M",1,26,5,4,4,NA,1,1,2,2,1,2,3,2,1,1,1,2,3,3,2,3,2,2,1,4,2,3
"R_10OxfzZJviHdY2M",1,26,5,4,4,NA,1,2,2,2,1,2,3,2,1,1,1,2,3,3,2,3,2,2,1,4,2,2
"R_10OxfzZJviHdY2M",1,26,5,4,4,NA,1,3,3,1,1,2,3,3,1,2,3,1,3,3,2,4,2,2,1,1,3,3
"R_10OxfzZJviHdY2M",1,26,5,4,4,NA,1,4,1,1,1,1,3,2,2,2,4,1,3,3,1,2,2,1,1,2,1,3
"R_29hoPPXNZxzCmPm",1,24,3,2,3,NA,-1,1,3,1,2,1,2,2,1,1,1,2,2,2,2,3,2,1,1,2,1,3
"R_29hoPPXNZxzCmPm",1,24,3,2,3,NA,-1,2,1,2,1,1,2,3,2,2,4,1,2,2,2,2,2,1,1,1,2,2
"R_29hoPPXNZxzCmPm",1,24,3,2,3,NA,-1,3,1,2,2,1,2,3,1,1,4,2,1,2,3,1,2,2,1,3,1,4
"R_29hoPPXNZxzCmPm",1,24,3,2,3,NA,-1,4,3,2,1,2,3,1,1,1,2,2,1,2,1,2,3,1,1,3,1,1
"R_3g2bD1CV6PA9PYh",1,25,5,2,3,NA,-1,1,2,1,1,2,3,1,1,1,3,2,2,2,2,3,2,2,1,2,2,1
"R_3g2bD1CV6PA9PYh",1,25,5,2,3,NA,-1,2,3,1,1,1,2,3,1,1,1,1,1,2,3,4,2,1,1,3,3,3
"R_3g2bD1CV6PA9PYh",1,25,5,2,3,NA,-1,3,3,2,2,1,2,1,1,2,4,1,1,1,4,4,3,1,1,3,1,1
"R_3g2bD1CV6PA9PYh",1,25,5,2,3,NA,-1,4,1,2,2,2,2,1,1,2,3,2,2,2,1,2,2,1,1,4,3,4
"R_2waUTtLxDEmomD0",1,35,5,2,2,1,NA,1,1,2,1,1,2,1,1,1,3,1,2,2,2,3,2,1,1,4,2,3
"R_2waUTtLxDEmomD0",1,35,5,2,2,1,NA,2,1,1,1,1,2,3,1,2,3,1,3,2,2,3,2,1,1,1,2,1
"R_2waUTtLxDEmomD0",1,35,5,2,2,1,NA,3,3,2,2,2,3,3,1,1,3,2,1,2,2,4,2,1,1,2,1,4
"R_2waUTtLxDEmomD0",1,35,5,2,2,1,NA,4,3,2,2,1,2,2,1,1,1,2,2,2,2,3,2,1,1,4,2,4
"R_3EXOgQWr8WyXK5b",1,30,3,3,1,0,NA,1,2,1,2,1,3,3,1,2,3,1,2,2,1,3,2,1,1,4,3,3
"R_3EXOgQWr8WyXK5b",1,30,3,3,1,0,NA,2,1,2,1,2,2,2,1,1,2,2,1,2,2,2,2,2,1,3,1,4
"R_3EXOgQWr8WyXK5b",1,30,3,3,1,0,NA,3,2,1,2,1,2,1,1,2,1,1,2,1,4,2,2,1,1,2,2,2
"R_3EXOgQWr8WyXK5b",1,30,3,3,1,0,NA,4,2,1,1,1,2,1,2,2,4,1,3,1,3,1,3,1,1,1,3,2
"R_3hAvoGaoCEf3CM1",1,26,3,2,3,NA,0,1,3,1,1,2,2,1,2,1,1,2,2,1,3,3,2,1,7,1,1,3
"R_3hAvoGaoCEf3CM1",1,26,3,2,3,NA,0,2,1,2,2,1,2,3,1,1,2,2,2,2,1,1,2,1,1,4,2,2
"R_3hAvoGaoCEf3CM1",1,26,3,2,3,NA,0,3,1,1,2,2,3,1,1,1,1,2,1,2,2,3,2,2,1,1,1,3
"R_3hAvoGaoCEf3CM1",1,26,3,2,3,NA,0,4,2,1,1,2,2,1,1,1,3,2,1,1,4,2,2,2,2,2,1,1
"R_1H8MxvWQQPRT0lP",2,27,3,1,2,1,NA,1,1,1,1,1,2,3,1,2,3,1,2,2,2,3,2,1,1,2,3,2
"R_1H8MxvWQQPRT0lP",2,27,3,1,2,1,NA,2,2,2,1,2,1,3,1,1,1,2,1,2,4,4,3,1,1,2,1,4
"R_1H8MxvWQQPRT0lP",2,27,3,1,2,1,NA,3,3,1,1,1,3,3,2,2,2,1,3,2,2,3,2,1,2,4,2,3
"R_1H8MxvWQQPRT0lP",2,27,3,1,2,1,NA,4,3,1,2,1,1,1,1,2,2,2,2,1,1,2,3,2,1,2,1,4
"R_QcheUQFlqhwmNm9",1,37,5,4,3,NA,1,1,1,1,1,1,2,1,2,2,2,1,2,2,2,2,2,1,1,1,3,3
"R_QcheUQFlqhwmNm9",1,37,5,4,3,NA,1,2,1,1,2,1,2,1,2,2,3,1,2,2,3,2,2,1,2,2,2,1
"R_QcheUQFlqhwmNm9",1,37,5,4,3,NA,1,3,3,1,1,2,2,2,1,2,1,1,2,3,2,4,2,2,1,3,1,2
"R_QcheUQFlqhwmNm9",1,37,5,4,3,NA,1,4,1,2,1,1,2,2,1,1,1,2,2,2,1,3,2,1,1,2,2,2
"R_3JE0wv1gPtRyCbF",1,34,4,2,1,0,NA,1,2,1,1,1,3,3,2,2,1,1,2,3,2,3,2,1,1,3,1,2
"R_3JE0wv1gPtRyCbF",1,34,4,2,1,0,NA,2,2,1,2,1,3,2,1,2,2,1,2,2,1,3,2,1,1,2,3,3
"R_3JE0wv1gPtRyCbF",1,34,4,2,1,0,NA,3,1,2,1,2,2,3,1,1,3,2,1,2,3,4,3,2,1,2,1,1
"R_3JE0wv1gPtRyCbF",1,34,4,2,1,0,NA,4,2,1,2,1,2,3,1,2,4,1,3,3,2,3,2,1,1,4,3,3
"R_0897p4CphFd2jHX",1,30,4,2,1,1,NA,1,1,1,1,2,2,3,1,2,3,1,2,2,1,2,1,1,1,4,2,2
"R_0897p4CphFd2jHX",1,30,4,2,1,1,NA,2,2,1,1,1,2,2,1,1,2,1,2,3,3,2,3,2,3,3,3,3
"R_0897p4CphFd2jHX",1,30,4,2,1,1,NA,3,2,1,2,1,2,2,1,2,4,2,3,2,4,3,3,1,3,4,2,3
"R_0897p4CphFd2jHX",1,30,4,2,1,1,NA,4,2,1,1,2,1,2,1,1,3,1,3,2,1,2,3,1,2,4,3,4
"R_2107aqHd0qbywc7",2,28,5,2,2,0,NA,1,2,2,1,2,3,3,1,1,4,2,1,3,2,4,2,1,1,3,1,1
"R_2107aqHd0qbywc7",2,28,5,2,2,0,NA,2,3,1,1,1,3,3,1,2,1,1,2,2,2,3,2,1,1,1,2,2
"R_2107aqHd0qbywc7",2,28,5,2,2,0,NA,3,1,2,1,1,3,3,1,2,2,1,3,2,1,2,2,1,1,2,3,4
"R_2107aqHd0qbywc7",2,28,5,2,2,0,NA,4,2,2,1,2,3,2,1,1,3,2,1,3,1,4,2,2,1,4,3,3
"R_22LxwX9QJxHzwth",1,43,4,4,1,0,NA,1,2,1,2,2,2,3,1,1,4,2,3,2,2,3,2,1,1,1,3,3
"R_22LxwX9QJxHzwth",1,43,4,4,1,0,NA,2,1,2,2,1,3,1,2,2,1,1,3,2,1,2,3,1,1,3,1,4
"R_22LxwX9QJxHzwth",1,43,4,4,1,0,NA,3,1,2,1,2,2,2,2,1,3,2,2,3,2,4,2,2,1,3,2,1
"R_22LxwX9QJxHzwth",1,43,4,4,1,0,NA,4,2,2,2,1,2,2,1,2,2,2,3,3,1,3,2,2,2,4,1,2
"R_2rCmciy5XbEhCe8",2,37,3,2,1,1,NA,1,2,2,1,1,2,1,1,1,2,2,2,2,1,2,2,2,2,3,3,1
"R_2rCmciy5XbEhCe8",2,37,3,2,1,1,NA,2,1,1,2,1,1,3,2,2,3,2,2,2,3,2,1,2,2,4,2,3
"R_2rCmciy5XbEhCe8",2,37,3,2,1,1,NA,3,3,2,1,2,1,2,1,1,4,1,3,2,4,3,3,1,1,4,1,1
"R_2rCmciy5XbEhCe8",2,37,3,2,1,1,NA,4,2,1,1,2,3,3,1,2,2,1,2,3,3,4,3,1,1,1,3,4
"R_1P2aUKSyLXr8pCh",2,30,4,2,2,0,NA,1,2,2,1,1,2,2,2,1,4,1,2,2,3,3,2,1,1,3,1,3
"R_1P2aUKSyLXr8pCh",2,30,4,2,2,0,NA,2,3,1,1,2,2,2,1,1,2,1,1,2,2,2,2,2,1,1,1,3
"R_1P2aUKSyLXr8pCh",2,30,4,2,2,0,NA,3,3,2,2,1,3,3,1,2,3,1,3,1,4,2,2,1,1,4,1,1
"R_1P2aUKSyLXr8pCh",2,30,4,2,2,0,NA,4,2,1,1,2,2,3,1,1,1,2,1,3,1,2,1,1,7,4,3,2
"R_3KZ40yTMLbjD5lf",1,41,5,5,3,NA,0,1,3,2,2,2,3,1,1,1,4,2,1,3,2,4,3,2,1,2,1,4
"R_3KZ40yTMLbjD5lf",1,41,5,5,3,NA,0,2,1,1,1,1,3,3,2,2,1,1,3,3,2,4,2,1,2,1,3,1
"R_3KZ40yTMLbjD5lf",1,41,5,5,3,NA,0,3,3,2,1,2,2,2,1,1,1,1,3,3,2,3,2,2,1,1,2,4
"R_3KZ40yTMLbjD5lf",1,41,5,5,3,NA,0,4,1,2,2,1,2,3,1,1,1,2,2,3,1,2,2,2,1,3,3,3
"R_4So8QrviYO46ipH",2,32,5,4,1,1,NA,1,3,2,2,2,3,3,1,1,1,2,1,3,1,4,2,2,1,4,2,1
"R_4So8QrviYO46ipH",2,32,5,4,1,1,NA,2,1,1,2,2,2,1,1,1,2,2,2,3,1,3,2,1,1,3,2,2
"R_4So8QrviYO46ipH",2,32,5,4,1,1,NA,3,2,2,1,1,3,1,1,2,2,1,3,3,2,4,2,1,1,1,2,3
"R_4So8QrviYO46ipH",2,32,5,4,1,1,NA,4,3,2,2,1,3,1,1,2,4,1,2,2,1,3,2,1,1,3,3,3
"R_2CKzahMnqaIY3cL",1,18,3,4,2,1,NA,1,3,1,1,2,3,3,1,1,2,2,1,2,2,1,2,1,1,1,2,4
"R_2CKzahMnqaIY3cL",1,18,3,4,2,1,NA,2,2,1,1,1,2,1,2,2,1,1,3,1,3,3,3,1,1,2,1,4
"R_2CKzahMnqaIY3cL",1,18,3,4,2,1,NA,3,2,1,1,1,3,3,1,2,4,1,2,3,1,2,3,2,1,3,3,1
"R_2CKzahMnqaIY3cL",1,18,3,4,2,1,NA,4,2,1,1,1,2,2,1,2,3,1,2,2,4,2,2,1,3,4,3,3
"R_2E4tnFRkkQdkJ1p",2,37,3,1,4,NA,-1,1,1,2,1,1,2,1,1,1,3,2,2,3,1,2,2,1,1,1,3,1
"R_2E4tnFRkkQdkJ1p",2,37,3,1,4,NA,-1,2,3,2,2,1,3,2,1,1,2,2,3,2,2,3,2,1,1,4,1,1
"R_2E4tnFRkkQdkJ1p",2,37,3,1,4,NA,-1,3,2,2,2,1,2,3,1,1,1,2,2,2,1,3,2,2,1,3,3,2
"R_2E4tnFRkkQdkJ1p",2,37,3,1,4,NA,-1,4,1,1,1,2,3,3,2,2,4,1,3,2,3,3,2,1,1,2,3,2
"R_12FpjFYdb9f3Lrq",2,23,5,2,2,0,NA,1,3,1,1,2,3,3,2,1,2,2,2,3,2,3,2,2,1,3,2,3
"R_12FpjFYdb9f3Lrq",2,23,5,2,2,0,NA,2,1,1,2,2,2,1,1,1,3,2,1,3,4,4,3,1,1,4,2,1
"R_12FpjFYdb9f3Lrq",2,23,5,2,2,0,NA,3,1,2,2,1,1,1,1,2,3,2,2,1,1,3,2,2,7,2,3,4
"R_12FpjFYdb9f3Lrq",2,23,5,2,2,0,NA,4,3,2,2,1,2,2,1,2,4,2,1,2,1,1,3,2,1,4,1,4
"R_3PBsqxHUtu0hTYt",2,25,5,2,2,1,NA,1,1,2,1,1,3,1,2,2,2,1,2,2,2,2,2,1,1,3,2,3
"R_3PBsqxHUtu0hTYt",2,25,5,2,2,1,NA,2,3,2,2,1,2,1,1,2,3,2,1,1,4,4,2,1,1,1,3,3
"R_3PBsqxHUtu0hTYt",2,25,5,2,2,1,NA,3,1,2,2,2,1,1,1,1,1,2,1,1,1,2,1,1,1,2,1,4
"R_3PBsqxHUtu0hTYt",2,25,5,2,2,1,NA,4,3,1,1,2,2,1,1,1,4,2,1,1,4,4,3,1,1,4,2,4
"R_stjcVOJMke6pwNr",1,37,4,2,3,NA,-1,1,2,2,1,2,2,2,1,1,1,2,2,2,1,3,2,1,1,4,2,4
"R_stjcVOJMke6pwNr",1,37,4,2,3,NA,-1,2,3,2,2,1,2,3,1,2,3,2,2,2,2,4,2,1,1,2,3,1
"R_stjcVOJMke6pwNr",1,37,4,2,3,NA,-1,3,1,2,2,1,2,1,2,2,4,2,3,2,3,2,2,1,7,1,2,3
"R_stjcVOJMke6pwNr",1,37,4,2,3,NA,-1,4,2,2,2,2,2,1,1,1,1,2,1,2,2,3,2,2,1,2,3,4
"R_1Qlq8eeFuHxHJMn",2,27,2,2,1,0,NA,1,1,1,1,1,3,3,2,2,4,1,3,3,2,3,2,1,1,4,2,3
"R_1Qlq8eeFuHxHJMn",2,27,2,2,1,0,NA,2,1,1,1,2,2,3,1,2,3,2,2,2,1,2,2,1,1,4,3,3
"R_1Qlq8eeFuHxHJMn",2,27,2,2,1,0,NA,3,2,1,1,1,3,3,2,2,4,2,3,2,2,4,3,1,1,2,1,4
"R_1Qlq8eeFuHxHJMn",2,27,2,2,1,0,NA,4,2,1,1,2,2,2,1,1,1,1,1,3,1,2,2,1,1,1,2,1
"R_xc1i1nc8eVoWwIp",2,30,2,1,3,NA,0,1,3,2,1,1,2,2,2,2,4,1,3,2,3,3,2,1,1,3,3,1
"R_xc1i1nc8eVoWwIp",2,30,2,1,3,NA,0,2,3,2,2,1,3,3,1,1,4,2,1,3,2,4,2,2,1,2,1,2
"R_xc1i1nc8eVoWwIp",2,30,2,1,3,NA,0,3,2,2,1,2,2,2,2,2,4,1,3,2,3,2,3,2,7,2,2,1
"R_xc1i1nc8eVoWwIp",2,30,2,1,3,NA,0,4,3,1,1,1,2,2,1,2,1,1,3,2,2,4,2,1,1,4,2,1
"R_2f70z3nxJW2mS23",1,29,3,4,3,NA,-1,1,3,1,1,2,3,2,1,1,3,2,2,3,1,3,2,2,1,4,2,3
"R_2f70z3nxJW2mS23",1,29,3,4,3,NA,-1,2,1,2,1,1,2,3,1,2,4,1,3,2,3,2,2,1,1,1,3,1
"R_2f70z3nxJW2mS23",1,29,3,4,3,NA,-1,3,2,2,2,1,2,1,1,1,4,2,2,2,4,4,2,2,1,2,1,2
"R_2f70z3nxJW2mS23",1,29,3,4,3,NA,-1,4,2,2,1,2,2,3,2,1,1,2,1,2,2,3,2,1,1,3,1,2
"R_2Pcmo0LlyzsB5xe",2,29,3,2,2,0,NA,1,1,1,1,2,2,3,1,1,1,1,3,3,2,3,2,1,1,1,2,1
"R_2Pcmo0LlyzsB5xe",2,29,3,2,2,0,NA,2,3,1,1,1,3,3,1,2,1,1,3,3,2,4,2,2,1,4,3,3
"R_2Pcmo0LlyzsB5xe",2,29,3,2,2,0,NA,3,3,1,1,2,2,2,1,1,4,1,3,2,2,3,2,2,1,2,2,2
"R_2Pcmo0LlyzsB5xe",2,29,3,2,2,0,NA,4,3,1,1,1,3,2,1,2,3,1,3,3,2,4,2,2,1,1,2,1
"R_OBXgYfWp2xfvHQR",1,33,2,2,2,0,NA,1,2,2,1,2,3,3,1,1,3,1,2,3,1,3,2,1,1,1,1,1
"R_OBXgYfWp2xfvHQR",1,33,2,2,2,0,NA,2,3,1,1,2,3,2,2,2,1,1,1,3,2,4,2,1,2,2,1,1
"R_OBXgYfWp2xfvHQR",1,33,2,2,2,0,NA,3,2,1,1,1,2,1,1,1,2,2,1,1,4,2,1,1,1,1,2,4
"R_OBXgYfWp2xfvHQR",1,33,2,2,2,0,NA,4,2,2,2,2,1,1,1,2,4,2,1,2,3,1,3,1,2,4,2,2
"R_12rLnGMwTxQPBKl",1,25,2,1,2,1,NA,1,3,1,1,2,3,1,2,1,1,1,3,2,2,4,2,1,7,2,1,4
"R_12rLnGMwTxQPBKl",1,25,2,1,2,1,NA,2,3,2,1,1,1,3,2,1,1,1,3,1,1,1,1,2,1,4,1,1
"R_12rLnGMwTxQPBKl",1,25,2,1,2,1,NA,3,3,1,1,2,2,2,2,2,4,2,3,3,2,2,3,1,1,2,2,3
"R_12rLnGMwTxQPBKl",1,25,2,1,2,1,NA,4,2,2,2,2,1,3,1,1,2,2,1,1,4,1,3,1,1,3,2,2
"R_2BrjeafMxgSEiw0",1,27,5,2,3,NA,0,1,3,2,2,1,2,1,1,2,4,2,2,3,1,4,2,1,1,2,1,4
"R_2BrjeafMxgSEiw0",1,27,5,2,3,NA,0,2,3,1,2,1,2,1,1,2,1,1,2,2,2,3,2,1,1,3,3,1
"R_2BrjeafMxgSEiw0",1,27,5,2,3,NA,0,3,2,1,1,2,2,1,1,1,2,2,1,3,2,3,2,1,1,4,1,3
"R_2BrjeafMxgSEiw0",1,27,5,2,3,NA,0,4,1,2,1,2,2,1,1,1,4,2,1,3,2,3,2,1,1,3,1,4
"R_2doIeXoqKUZNX0f",1,19,2,1,1,0,NA,1,3,2,2,2,2,1,1,1,3,2,2,2,1,2,2,2,1,4,1,1
"R_2doIeXoqKUZNX0f",1,19,2,1,1,0,NA,2,3,2,2,2,3,2,2,1,2,2,1,3,2,3,3,1,2,1,2,4
"R_2doIeXoqKUZNX0f",1,19,2,1,1,0,NA,3,3,1,2,1,3,3,2,2,2,1,3,2,4,1,1,1,2,1,2,1
"R_2doIeXoqKUZNX0f",1,19,2,1,1,0,NA,4,3,2,2,1,2,2,2,2,3,2,2,2,4,2,2,2,7,2,3,4
"R_1PXZtX79erFGzaB",1,25,3,1,2,0,NA,1,1,1,2,2,2,3,1,1,3,1,1,2,4,2,2,1,7,3,3,3
"R_1PXZtX79erFGzaB",1,25,3,1,2,0,NA,2,1,2,2,1,2,1,1,2,3,2,3,1,4,2,1,2,1,1,1,3
"R_1PXZtX79erFGzaB",1,25,3,1,2,0,NA,3,2,2,1,2,2,2,1,1,3,2,2,1,1,3,1,2,1,3,2,1
"R_1PXZtX79erFGzaB",1,25,3,1,2,0,NA,4,1,2,1,2,2,1,1,2,4,2,2,3,2,2,3,1,3,1,3,3
"R_2ckGZCSlVsQuTqY",1,34,5,4,3,NA,-1,1,1,1,2,2,2,3,1,2,2,2,1,1,1,3,2,1,1,3,3,2
"R_2ckGZCSlVsQuTqY",1,34,5,4,3,NA,-1,2,3,1,2,2,2,2,1,1,4,2,1,2,2,3,2,2,1,2,2,3
"R_2ckGZCSlVsQuTqY",1,34,5,4,3,NA,-1,3,1,1,2,1,2,1,1,2,3,1,3,1,4,2,3,2,2,4,1,3
"R_2ckGZCSlVsQuTqY",1,34,5,4,3,NA,-1,4,1,2,2,1,3,3,1,1,1,2,2,2,2,4,2,1,1,2,2,3
"R_2y9R9ntjpBbpRiU",2,22,3,4,2,1,NA,1,1,2,1,1,3,3,2,2,2,1,3,2,2,3,2,1,1,1,1,2
"R_2y9R9ntjpBbpRiU",2,22,3,4,2,1,NA,2,1,1,2,1,3,2,1,1,3,2,1,3,1,3,2,1,1,3,2,1
"R_2y9R9ntjpBbpRiU",2,22,3,4,2,1,NA,3,1,2,2,1,3,2,1,1,2,2,1,2,1,4,2,2,1,4,3,2
"R_2y9R9ntjpBbpRiU",2,22,3,4,2,1,NA,4,2,2,2,1,3,2,1,1,4,2,1,3,1,4,2,2,1,2,3,4
"R_2XhCb9mgwC6evp9",2,36,3,3,3,NA,-1,1,1,2,1,1,2,1,2,2,2,1,2,2,1,3,2,2,1,4,1,3
"R_2XhCb9mgwC6evp9",2,36,3,3,3,NA,-1,2,1,2,2,1,2,3,1,1,4,2,1,3,1,3,2,1,1,1,1,2
"R_2XhCb9mgwC6evp9",2,36,3,3,3,NA,-1,3,3,1,2,2,3,3,1,1,2,2,1,3,2,3,2,1,1,2,3,2
"R_2XhCb9mgwC6evp9",2,36,3,3,3,NA,-1,4,1,2,2,1,2,2,2,1,4,2,1,1,4,2,2,1,1,2,1,1
"R_3MxiXPWrepFTbCu",2,35,4,1,1,1,NA,1,1,1,2,2,3,2,1,2,4,2,3,2,3,2,2,1,1,2,2,1
"R_3MxiXPWrepFTbCu",2,35,4,1,1,1,NA,2,2,1,1,1,3,2,1,2,3,1,3,3,2,3,2,1,1,4,1,1
"R_3MxiXPWrepFTbCu",2,35,4,1,1,1,NA,3,3,1,2,1,2,2,1,2,1,1,3,1,2,3,2,1,7,1,3,3
"R_3MxiXPWrepFTbCu",2,35,4,1,1,1,NA,4,1,2,2,1,3,2,1,1,4,2,1,2,1,2,2,1,1,2,2,4
"R_3W5uPStcbsHzZHr",1,20,3,3,2,0,NA,1,2,2,1,2,3,2,1,2,4,2,2,2,2,2,2,1,1,4,3,3
"R_3W5uPStcbsHzZHr",1,20,3,3,2,0,NA,2,2,2,1,1,2,3,1,1,3,2,3,1,1,3,2,2,1,2,3,1
"R_3W5uPStcbsHzZHr",1,20,3,3,2,0,NA,3,2,1,1,2,3,2,1,1,2,1,3,3,3,3,2,2,1,2,3,4
"R_3W5uPStcbsHzZHr",1,20,3,3,2,0,NA,4,2,1,1,2,3,1,1,1,4,1,3,2,2,2,2,1,1,2,3,3
"R_3khofvQkRr8XRIX",1,34,6,2,3,NA,0,1,1,2,2,1,2,3,1,1,4,2,2,1,1,1,2,1,1,4,2,3
"R_3khofvQkRr8XRIX",1,34,6,2,3,NA,0,2,3,1,1,1,2,1,1,1,2,1,3,1,2,3,2,2,1,1,1,3
"R_3khofvQkRr8XRIX",1,34,6,2,3,NA,0,3,3,2,1,2,2,1,1,1,1,2,1,1,2,1,2,2,1,4,3,3
"R_3khofvQkRr8XRIX",1,34,6,2,3,NA,0,4,1,1,2,2,2,1,1,1,4,2,2,1,1,3,2,1,1,1,2,3
"R_1BWbzkM21EcHO5J",2,32,4,5,1,0,NA,1,2,1,1,2,2,3,1,1,3,1,2,2,1,3,2,1,1,1,2,1
"R_1BWbzkM21EcHO5J",2,32,4,5,1,0,NA,2,1,1,1,1,2,1,1,2,2,1,3,1,3,1,1,1,1,2,3,2
"R_1BWbzkM21EcHO5J",2,32,4,5,1,0,NA,3,3,1,1,1,2,3,2,2,4,1,2,2,4,3,2,1,7,4,3,4
"R_1BWbzkM21EcHO5J",2,32,4,5,1,0,NA,4,2,2,1,1,2,2,2,2,4,2,2,1,2,3,3,1,2,1,1,4
"R_1lnTTQY1IeMkOes",1,31,3,4,3,NA,0,1,3,2,2,2,3,2,1,1,4,2,1,2,2,4,2,1,1,3,1,3
"R_1lnTTQY1IeMkOes",1,31,3,4,3,NA,0,2,2,2,1,2,2,1,2,2,4,1,2,2,3,2,2,2,1,4,2,2
"R_1lnTTQY1IeMkOes",1,31,3,4,3,NA,0,3,3,2,1,2,3,3,1,1,1,2,1,3,1,3,2,2,1,2,3,4
"R_1lnTTQY1IeMkOes",1,31,3,4,3,NA,0,4,2,2,2,1,2,2,1,2,1,1,3,2,4,1,1,1,1,2,3,1
"R_0BdkLARrGBgSEx3",2,25,5,3,2,0,NA,1,3,1,1,2,3,3,1,1,3,2,1,2,2,3,2,2,1,1,2,1
"R_0BdkLARrGBgSEx3",2,25,5,3,2,0,NA,2,3,2,2,2,3,2,1,1,3,2,1,3,2,2,2,2,1,2,3,2
"R_0BdkLARrGBgSEx3",2,25,5,3,2,0,NA,3,1,1,2,2,3,3,1,2,2,2,1,2,1,4,2,1,1,2,3,3
"R_0BdkLARrGBgSEx3",2,25,5,3,2,0,NA,4,2,2,2,1,3,2,1,2,1,2,2,2,3,2,2,1,1,4,1,4
"R_2YfyxLf1639uLg8",1,25,6,2,2,0,NA,1,1,1,1,2,2,3,1,1,3,2,2,2,2,2,2,1,1,4,1,3
"R_2YfyxLf1639uLg8",1,25,6,2,2,0,NA,2,3,1,2,2,3,3,1,1,4,2,1,3,1,4,2,2,1,3,1,1
"R_2YfyxLf1639uLg8",1,25,6,2,2,0,NA,3,2,2,1,2,2,3,1,1,1,2,3,1,2,2,2,1,7,1,2,4
"R_2YfyxLf1639uLg8",1,25,6,2,2,0,NA,4,3,1,2,2,3,3,1,1,4,2,1,2,1,3,3,1,1,2,3,1
"R_1f96sHeqRtqXJXj",1,24,2,1,1,0,NA,1,3,2,1,2,3,3,1,1,4,2,1,2,2,3,2,2,1,1,2,3
"R_1f96sHeqRtqXJXj",1,24,2,1,1,0,NA,2,1,1,1,1,2,3,1,2,2,1,2,1,1,2,2,1,1,1,3,1
"R_1f96sHeqRtqXJXj",1,24,2,1,1,0,NA,3,1,1,2,2,3,3,1,2,1,2,3,2,2,4,1,1,2,2,1,4
"R_1f96sHeqRtqXJXj",1,24,2,1,1,0,NA,4,3,2,1,1,3,2,1,1,4,1,1,3,1,3,2,2,1,2,1,1
"R_1Ebnt1crXqRm7eD",1,42,5,4,2,0,NA,1,3,1,2,1,3,2,1,2,3,2,1,3,2,2,2,1,7,3,1,3
"R_1Ebnt1crXqRm7eD",1,42,5,4,2,0,NA,2,2,2,2,2,2,3,1,2,2,1,2,2,1,1,3,2,1,4,3,1
"R_1Ebnt1crXqRm7eD",1,42,5,4,2,0,NA,3,3,2,1,2,3,3,2,1,4,2,1,1,2,3,2,1,1,3,1,2
"R_1Ebnt1crXqRm7eD",1,42,5,4,2,0,NA,4,2,1,2,1,3,2,1,2,1,1,3,2,2,1,1,2,2,4,1,3
"R_3E9VyUP7seOn2IJ",1,30,5,3,2,0,NA,1,3,1,1,1,3,3,1,2,3,1,2,2,2,3,2,1,1,3,1,1
"R_3E9VyUP7seOn2IJ",1,30,5,3,2,0,NA,2,2,2,2,2,3,2,1,1,1,2,1,3,2,4,3,1,1,2,3,2
"R_3E9VyUP7seOn2IJ",1,30,5,3,2,0,NA,3,1,1,2,1,3,1,1,2,2,1,1,2,2,2,3,1,1,4,2,3
"R_3E9VyUP7seOn2IJ",1,30,5,3,2,0,NA,4,3,2,2,2,2,1,1,1,1,2,1,2,2,3,3,1,1,1,3,4
"R_3NQc3W8hv4XkNYz",2,27,6,4,2,0,NA,1,3,1,2,1,3,3,1,2,1,1,3,2,2,4,2,1,1,4,1,2
"R_3NQc3W8hv4XkNYz",2,27,6,4,2,0,NA,2,3,2,1,2,3,2,1,1,4,2,1,3,2,4,2,1,1,1,3,1
"R_3NQc3W8hv4XkNYz",2,27,6,4,2,0,NA,3,1,2,2,1,3,1,1,1,3,2,1,1,1,1,1,1,1,3,2,3
"R_3NQc3W8hv4XkNYz",2,27,6,4,2,0,NA,4,1,2,2,1,3,1,1,2,3,2,1,1,1,1,1,1,1,3,2,4
"R_2Y9fPbXZGhBxkAM",1,24,2,1,3,NA,0,1,3,1,1,1,2,1,2,2,4,2,2,2,1,2,2,1,1,1,1,2
"R_2Y9fPbXZGhBxkAM",1,24,2,1,3,NA,0,2,1,2,1,1,2,2,1,1,3,1,2,2,3,2,3,2,1,4,2,4
"R_2Y9fPbXZGhBxkAM",1,24,2,1,3,NA,0,3,3,1,2,1,3,3,1,2,3,1,2,2,3,3,1,1,1,2,3,3
"R_2Y9fPbXZGhBxkAM",1,24,2,1,3,NA,0,4,2,1,1,2,2,2,2,2,1,2,1,3,3,2,1,1,1,1,3,1
"R_3ffLnyl1Zay3wOa",2,53,4,2,3,NA,0,1,2,1,2,2,3,3,1,1,2,2,2,2,2,3,2,1,1,2,3,2
"R_3ffLnyl1Zay3wOa",2,53,4,2,3,NA,0,2,2,2,1,1,3,3,2,2,1,1,3,2,1,1,1,1,3,4,1,1
"R_3ffLnyl1Zay3wOa",2,53,4,2,3,NA,0,3,1,2,2,2,2,1,1,1,2,2,1,2,1,3,2,1,7,1,2,4
"R_3ffLnyl1Zay3wOa",2,53,4,2,3,NA,0,4,3,1,2,2,3,2,1,1,4,2,2,2,1,4,2,2,1,3,3,3
"R_2S9ca4Aifax2PxL",2,40,3,2,1,0,NA,1,1,1,2,1,3,3,1,2,2,1,3,3,2,3,2,1,1,1,3,3
"R_2S9ca4Aifax2PxL",2,40,3,2,1,0,NA,2,1,2,2,1,3,3,1,2,3,2,1,3,2,2,2,1,1,4,3,1
"R_2S9ca4Aifax2PxL",2,40,3,2,1,0,NA,3,1,2,1,2,3,3,2,2,3,1,3,3,2,3,2,1,1,1,3,2
"R_2S9ca4Aifax2PxL",2,40,3,2,1,0,NA,4,1,2,2,2,3,2,1,1,3,2,1,3,2,3,2,1,1,3,3,3
"R_3CYebjAsKghm3GV",2,30,3,4,3,NA,1,1,1,2,2,2,3,2,1,1,1,2,1,2,1,3,2,2,1,4,2,1
"R_3CYebjAsKghm3GV",2,30,3,4,3,NA,1,2,3,1,2,1,2,3,1,2,3,1,2,3,2,4,3,2,2,4,1,1
"R_3CYebjAsKghm3GV",2,30,3,4,3,NA,1,3,2,1,2,1,2,2,2,2,3,1,3,1,2,2,1,1,1,4,1,3
"R_3CYebjAsKghm3GV",2,30,3,4,3,NA,1,4,1,1,1,2,2,1,2,2,1,2,2,1,3,2,2,1,1,4,2,1
"R_UbclOqNn7LfcTv3",1,26,4,1,3,NA,0,1,2,2,1,2,3,1,1,1,3,2,1,3,2,3,3,1,1,1,1,2
"R_UbclOqNn7LfcTv3",1,26,4,1,3,NA,0,2,3,1,1,1,2,2,2,2,1,1,3,1,3,2,2,2,1,4,3,1
"R_UbclOqNn7LfcTv3",1,26,4,1,3,NA,0,3,1,2,2,1,2,3,1,2,1,2,2,3,1,1,1,1,1,1,2,4
"R_UbclOqNn7LfcTv3",1,26,4,1,3,NA,0,4,3,2,1,2,1,2,1,1,3,2,1,2,4,3,2,2,1,3,1,4
"R_3R7VJvq4HnmS94f",2,54,3,4,2,1,NA,1,2,2,2,1,2,1,1,1,3,2,1,2,1,4,2,2,1,3,3,1
"R_3R7VJvq4HnmS94f",2,54,3,4,2,1,NA,2,3,1,1,2,3,3,1,1,3,2,2,2,1,3,2,2,1,2,1,2
"R_3R7VJvq4HnmS94f",2,54,3,4,2,1,NA,3,1,1,1,2,2,2,2,1,1,2,2,1,2,1,2,1,7,4,3,4
"R_3R7VJvq4HnmS94f",2,54,3,4,2,1,NA,4,1,2,1,1,2,1,1,2,4,1,2,1,2,2,2,1,1,3,1,3
"R_2VNDCbBT136X0qj",2,58,5,2,3,NA,1,1,2,1,1,1,2,1,1,2,1,1,3,2,2,3,2,1,1,2,1,1
"R_2VNDCbBT136X0qj",2,58,5,2,3,NA,1,2,1,1,1,2,2,1,1,2,3,1,2,2,1,3,2,1,1,4,2,3
"R_2VNDCbBT136X0qj",2,58,5,2,3,NA,1,3,2,1,2,2,2,1,2,1,2,2,2,2,3,3,2,1,2,1,3,4
"R_2VNDCbBT136X0qj",2,58,5,2,3,NA,1,4,1,1,2,2,2,1,1,1,4,2,2,2,1,3,2,2,1,3,2,2
"R_1eLQqtsSBNEWIOL",1,27,5,1,3,NA,0,1,3,1,2,1,2,3,1,2,3,1,2,3,4,2,2,1,2,4,1,1
"R_1eLQqtsSBNEWIOL",1,27,5,1,3,NA,0,2,1,1,2,2,2,1,1,1,3,2,2,2,1,3,2,1,1,1,3,3
"R_1eLQqtsSBNEWIOL",1,27,5,1,3,NA,0,3,2,1,2,1,1,3,1,2,4,1,2,1,2,1,1,1,1,4,2,2
"R_1eLQqtsSBNEWIOL",1,27,5,1,3,NA,0,4,1,1,1,2,2,2,1,2,1,1,2,1,3,3,1,1,2,4,3,1
"R_27DaPrmxSUj2BFN",1,34,2,2,1,0,NA,1,2,1,1,1,2,1,2,2,3,1,3,1,3,1,3,1,1,2,2,2
"R_27DaPrmxSUj2BFN",1,34,2,2,1,0,NA,2,3,2,2,1,1,1,1,1,2,2,2,1,1,3,2,2,1,2,3,4
"R_27DaPrmxSUj2BFN",1,34,2,2,1,0,NA,3,1,2,2,1,2,1,1,1,2,2,2,1,3,1,3,1,1,2,2,3
"R_27DaPrmxSUj2BFN",1,34,2,2,1,0,NA,4,2,2,1,2,1,1,1,1,2,1,2,1,1,3,2,1,1,2,2,4
"R_vdFE0tecE12hjLH",1,34,3,2,1,1,NA,1,1,2,2,2,2,1,1,1,1,2,2,1,1,3,2,2,1,4,3,3
"R_vdFE0tecE12hjLH",1,34,3,2,1,1,NA,2,1,1,2,2,2,1,2,1,1,2,2,1,3,2,2,1,1,4,2,3
"R_vdFE0tecE12hjLH",1,34,3,2,1,1,NA,3,2,2,1,2,2,3,1,1,3,2,2,1,2,2,2,1,1,1,2,1
"R_vdFE0tecE12hjLH",1,34,3,2,1,1,NA,4,1,2,2,2,2,1,1,1,2,2,2,1,1,3,2,2,1,3,1,2
"R_WpwAbb4dgNMKwoh",2,44,4,1,3,NA,0,1,2,2,1,2,2,3,1,1,1,1,3,2,3,2,2,1,1,2,3,2
"R_WpwAbb4dgNMKwoh",2,44,4,1,3,NA,0,2,2,1,2,2,2,2,1,2,3,2,1,2,2,3,2,2,1,3,2,1
"R_WpwAbb4dgNMKwoh",2,44,4,1,3,NA,0,3,3,1,1,1,1,1,1,1,2,1,2,1,1,1,1,1,1,1,2,3
"R_WpwAbb4dgNMKwoh",2,44,4,1,3,NA,0,4,1,1,1,2,2,1,1,2,4,2,3,2,1,1,3,1,1,2,1,3
"R_1rBzUt4i5Vzmc8A",1,32,6,3,2,0,NA,1,1,1,1,1,3,1,2,2,3,1,2,2,3,2,2,1,1,1,1,3
"R_1rBzUt4i5Vzmc8A",1,32,6,3,2,0,NA,2,1,2,1,2,2,1,1,1,1,1,1,2,1,2,2,1,1,3,2,1
"R_1rBzUt4i5Vzmc8A",1,32,6,3,2,0,NA,3,2,1,2,2,2,3,1,1,1,2,1,2,2,3,2,1,1,3,2,1
"R_1rBzUt4i5Vzmc8A",1,32,6,3,2,0,NA,4,1,2,2,2,2,1,1,1,1,2,1,2,1,1,1,2,1,3,2,1
"R_2R2GCnDDXwR4Q13",2,28,3,2,3,NA,0,1,2,1,2,1,2,3,2,2,4,1,1,2,3,3,2,1,1,4,3,1
"R_2R2GCnDDXwR4Q13",2,28,3,2,3,NA,0,2,2,1,1,2,1,2,1,1,3,2,1,3,1,4,2,1,1,3,2,1
"R_2R2GCnDDXwR4Q13",2,28,3,2,3,NA,0,3,1,2,1,2,2,1,1,1,4,2,1,3,4,3,2,2,1,3,3,2
"R_2R2GCnDDXwR4Q13",2,28,3,2,3,NA,0,4,1,1,1,1,3,1,2,2,4,1,2,2,2,1,3,1,1,3,3,4
"R_3NVtrWr5KxEp2l5",1,24,2,1,3,NA,0,1,1,1,2,1,2,2,1,2,4,1,2,2,1,3,2,2,1,1,1,3
"R_3NVtrWr5KxEp2l5",1,24,2,1,3,NA,0,2,1,2,1,1,2,2,1,2,3,2,3,1,3,2,2,2,1,4,3,3
"R_3NVtrWr5KxEp2l5",1,24,2,1,3,NA,0,3,3,2,1,1,2,2,1,2,1,1,2,2,2,2,2,1,1,4,1,2
"R_3NVtrWr5KxEp2l5",1,24,2,1,3,NA,0,4,2,2,2,2,2,1,1,1,2,2,1,1,3,2,1,2,1,3,3,4
"R_1LvZxiqq9ZrZ5hg",2,25,5,3,2,1,NA,1,3,2,2,1,3,1,2,1,2,2,1,2,2,3,2,1,1,4,1,1
"R_1LvZxiqq9ZrZ5hg",2,25,5,3,2,1,NA,2,1,2,1,2,2,3,1,1,3,2,2,1,3,2,2,2,1,1,3,2
"R_1LvZxiqq9ZrZ5hg",2,25,5,3,2,1,NA,3,2,1,1,2,2,3,1,1,3,2,2,3,1,3,2,2,1,2,2,4
"R_1LvZxiqq9ZrZ5hg",2,25,5,3,2,1,NA,4,1,1,1,1,2,1,2,2,4,1,3,1,3,3,2,1,1,3,2,3
"R_4JeVO3d0aAbrxF7",1,63,6,2,2,1,NA,1,1,2,2,1,3,2,1,2,3,1,3,3,2,3,2,1,1,3,3,1
"R_4JeVO3d0aAbrxF7",1,63,6,2,2,1,NA,2,3,2,1,1,2,3,1,2,3,1,3,3,2,4,2,2,1,1,2,3
"R_4JeVO3d0aAbrxF7",1,63,6,2,2,1,NA,3,3,1,2,2,2,3,1,1,3,2,2,3,2,3,2,2,1,2,1,1
"R_4JeVO3d0aAbrxF7",1,63,6,2,2,1,NA,4,2,1,1,1,3,3,1,2,3,1,3,3,2,3,2,1,1,4,3,4
"R_3j2L0s2Hf7j3ASY",2,29,3,2,2,0,NA,1,3,2,1,1,3,3,1,2,4,1,3,3,1,3,2,2,1,2,1,3
"R_3j2L0s2Hf7j3ASY",2,29,3,2,2,0,NA,2,3,2,1,2,3,3,1,1,1,2,1,3,1,3,2,2,1,4,2,4
"R_3j2L0s2Hf7j3ASY",2,29,3,2,2,0,NA,3,3,2,2,2,3,2,1,1,3,2,1,3,1,3,2,2,1,1,1,1
"R_3j2L0s2Hf7j3ASY",2,29,3,2,2,0,NA,4,2,1,1,2,2,1,1,2,4,1,3,2,2,3,2,1,1,3,1,2
"R_3jvKOgmhHVdVG6d",1,47,6,1,3,NA,0,1,2,2,1,2,3,1,1,1,4,2,2,2,1,3,2,1,1,3,3,1
"R_3jvKOgmhHVdVG6d",1,47,6,1,3,NA,0,2,3,2,1,2,2,2,1,1,2,2,2,2,1,3,2,2,1,2,1,3
"R_3jvKOgmhHVdVG6d",1,47,6,1,3,NA,0,3,2,1,1,1,3,2,1,2,1,1,3,2,3,3,2,1,1,1,2,4
"R_3jvKOgmhHVdVG6d",1,47,6,1,3,NA,0,4,2,2,2,2,2,1,1,1,2,2,2,2,1,3,2,2,1,3,3,2
"R_cJbzCtWldMCRoPv",2,48,3,3,2,0,NA,1,2,2,2,2,3,3,1,1,1,2,1,3,1,4,2,2,1,4,1,1
"R_cJbzCtWldMCRoPv",2,48,3,3,2,0,NA,2,2,2,1,2,2,1,1,1,3,2,2,2,2,2,3,1,1,2,2,3
"R_cJbzCtWldMCRoPv",2,48,3,3,2,0,NA,3,2,1,1,2,2,1,1,1,3,2,2,2,2,2,3,1,1,2,3,3
"R_cJbzCtWldMCRoPv",2,48,3,3,2,0,NA,4,1,2,1,1,2,1,2,2,4,1,3,1,3,1,1,1,1,3,2,4
"R_pGkfRH0YmkSCRON",1,30,5,2,3,NA,1,1,3,1,1,1,3,3,1,2,3,1,3,3,2,3,2,1,1,1,2,1
"R_pGkfRH0YmkSCRON",1,30,5,2,3,NA,1,2,3,2,2,2,2,3,1,1,3,2,1,3,1,4,2,2,1,3,3,3
"R_pGkfRH0YmkSCRON",1,30,5,2,3,NA,1,3,2,1,1,2,2,2,2,1,3,2,2,2,2,2,2,1,1,1,1,1
"R_pGkfRH0YmkSCRON",1,30,5,2,3,NA,1,4,3,2,2,2,2,3,1,1,4,2,1,2,1,2,2,2,1,2,3,2
"R_3R8c7pKv4IWj0nN",1,38,4,2,2,0,NA,1,3,1,2,2,2,3,1,1,3,2,1,3,1,3,2,2,1,1,1,2
"R_3R8c7pKv4IWj0nN",1,38,4,2,2,0,NA,2,3,1,1,2,2,3,1,1,4,1,2,2,2,3,2,2,1,4,1,3
"R_3R8c7pKv4IWj0nN",1,38,4,2,2,0,NA,3,1,2,2,2,1,1,1,1,3,2,2,2,1,2,2,1,1,4,2,4
"R_3R8c7pKv4IWj0nN",1,38,4,2,2,0,NA,4,2,1,1,1,3,1,1,2,3,1,3,1,3,2,3,1,1,2,3,3
"R_3fCZKvjSddyw2ga",2,47,5,4,2,1,NA,1,2,1,1,2,3,3,2,1,3,1,3,2,2,3,2,1,1,3,3,4
"R_3fCZKvjSddyw2ga",2,47,5,4,2,1,NA,2,2,2,1,1,3,2,1,2,4,1,3,3,3,3,3,1,1,1,2,2
"R_3fCZKvjSddyw2ga",2,47,5,4,2,1,NA,3,2,2,2,2,3,1,1,1,2,2,1,3,1,4,2,2,1,2,1,1
"R_3fCZKvjSddyw2ga",2,47,5,4,2,1,NA,4,2,1,1,1,2,3,1,2,1,1,3,2,3,3,2,1,2,2,3,3
"R_1gngEjCDmK7lhPJ",1,26,3,2,3,NA,-1,1,2,1,2,2,2,3,1,1,3,2,1,2,2,3,2,1,1,3,3,1
"R_1gngEjCDmK7lhPJ",1,26,3,2,3,NA,-1,2,1,2,1,2,2,3,1,1,1,2,2,1,1,3,2,1,1,1,2,4
"R_1gngEjCDmK7lhPJ",1,26,3,2,3,NA,-1,3,1,2,1,2,2,3,1,1,1,2,2,1,1,3,2,1,1,1,2,4
"R_1gngEjCDmK7lhPJ",1,26,3,2,3,NA,-1,4,3,1,2,1,2,2,1,2,2,1,2,2,1,4,2,2,1,4,1,3
"R_Ptda0CltusmFtGp",1,28,4,4,1,0,NA,1,2,1,2,2,2,2,1,1,1,2,2,1,2,1,2,1,2,1,3,1
"R_Ptda0CltusmFtGp",1,28,4,4,1,0,NA,2,2,1,2,1,1,3,1,2,2,2,1,1,1,1,3,2,2,1,3,4
"R_Ptda0CltusmFtGp",1,28,4,4,1,0,NA,3,1,2,1,2,3,2,1,1,2,1,3,2,1,3,2,2,1,3,3,1
"R_Ptda0CltusmFtGp",1,28,4,4,1,0,NA,4,2,1,2,1,2,3,1,2,1,2,2,1,3,3,2,2,1,4,2,1
"R_3qBVO9sf0YFeu4y",2,34,5,4,2,1,NA,1,2,1,2,2,2,1,2,1,1,2,1,1,1,3,2,1,2,4,1,1
"R_3qBVO9sf0YFeu4y",2,34,5,4,2,1,NA,2,1,1,2,1,2,1,1,2,2,1,2,1,3,3,2,2,1,3,3,3
"R_3qBVO9sf0YFeu4y",2,34,5,4,2,1,NA,3,1,1,2,2,3,1,1,1,1,2,1,2,2,3,2,1,1,1,2,3
"R_3qBVO9sf0YFeu4y",2,34,5,4,2,1,NA,4,2,1,2,1,2,3,1,2,2,1,3,2,3,4,2,2,2,2,1,2
"R_3koB26VaeM0cH7A",1,26,3,1,2,0,NA,1,3,1,1,2,2,3,1,1,3,2,1,2,2,3,2,2,1,3,2,2
"R_3koB26VaeM0cH7A",1,26,3,1,2,0,NA,2,3,1,1,1,2,3,1,2,1,1,2,2,2,4,2,2,1,1,1,1
"R_3koB26VaeM0cH7A",1,26,3,1,2,0,NA,3,1,1,1,2,2,3,1,1,3,2,2,3,1,2,2,1,1,3,2,1
"R_3koB26VaeM0cH7A",1,26,3,1,2,0,NA,4,2,2,1,1,3,2,1,2,1,1,3,2,2,3,2,2,1,4,1,2
"R_9TS4p06STreGqVH",2,27,2,1,2,0,NA,1,3,1,1,2,3,3,1,1,3,1,3,2,1,4,2,2,1,2,2,1
"R_9TS4p06STreGqVH",2,27,2,1,2,0,NA,2,3,1,1,1,2,3,1,2,2,1,3,2,2,2,2,2,1,4,1,3
"R_9TS4p06STreGqVH",2,27,2,1,2,0,NA,3,2,1,2,2,2,2,1,2,1,1,1,2,1,3,3,2,1,2,2,2
"R_9TS4p06STreGqVH",2,27,2,1,2,0,NA,4,1,2,2,2,2,3,1,1,1,2,1,2,1,3,2,1,1,1,1,2
"R_2TC8NoFYV0Cx4OE",2,29,2,3,2,1,NA,1,3,2,2,2,2,2,2,1,4,1,2,2,1,3,2,2,1,3,1,1
"R_2TC8NoFYV0Cx4OE",2,29,2,3,2,1,NA,2,1,2,1,2,2,2,1,1,2,2,1,2,3,2,1,2,1,3,2,4
"R_2TC8NoFYV0Cx4OE",2,29,2,3,2,1,NA,3,1,1,1,1,1,1,2,2,3,2,3,1,2,3,2,1,1,4,2,1
"R_2TC8NoFYV0Cx4OE",2,29,2,3,2,1,NA,4,3,2,2,1,3,2,2,2,4,2,2,1,1,2,1,1,1,2,3,3
"R_1HpdZLiUEEn003c",1,34,5,5,3,NA,0,1,3,2,1,1,2,3,1,2,3,1,2,2,1,4,2,1,1,2,3,4
"R_1HpdZLiUEEn003c",1,34,5,5,3,NA,0,2,2,2,2,2,3,2,1,1,4,2,1,3,2,2,2,2,1,2,1,1
"R_1HpdZLiUEEn003c",1,34,5,5,3,NA,0,3,3,1,2,1,2,1,2,2,2,1,2,1,4,4,1,1,1,4,3,2
"R_1HpdZLiUEEn003c",1,34,5,5,3,NA,0,4,3,2,2,1,2,3,1,1,3,1,1,2,2,3,3,2,2,1,2,3
"R_27al9QghfQQYbxL",2,34,5,3,3,NA,0,1,2,1,2,2,2,2,1,1,3,2,2,2,2,4,2,1,1,3,1,3
"R_27al9QghfQQYbxL",2,34,5,3,3,NA,0,2,1,2,2,2,2,3,1,1,3,2,1,2,1,3,3,1,1,2,1,1
"R_27al9QghfQQYbxL",2,34,5,3,3,NA,0,3,2,1,1,1,3,2,1,2,4,1,3,3,2,2,2,1,2,2,2,2
"R_27al9QghfQQYbxL",2,34,5,3,3,NA,0,4,2,2,2,1,3,2,2,2,1,1,3,2,2,4,1,1,1,3,2,2
"R_125231TkPoqU5lq",1,45,6,1,2,0,NA,1,1,2,2,1,2,1,1,2,3,1,3,1,1,3,2,1,1,1,1,2
"R_125231TkPoqU5lq",1,45,6,1,2,0,NA,2,2,2,2,1,2,1,1,2,2,1,2,2,4,3,2,1,1,1,2,4
"R_125231TkPoqU5lq",1,45,6,1,2,0,NA,3,1,2,1,2,2,1,1,1,4,2,1,3,2,3,3,1,1,3,1,3
"R_125231TkPoqU5lq",1,45,6,1,2,0,NA,4,2,1,1,1,2,1,1,2,1,1,2,1,3,3,3,1,1,3,2,2
"R_1CJD2uEc5n6bZOO",1,54,2,4,1,0,NA,1,3,1,2,2,3,2,1,1,2,2,1,2,2,3,2,2,1,1,1,1
"R_1CJD2uEc5n6bZOO",1,54,2,4,1,0,NA,2,1,2,1,1,1,3,2,2,2,1,3,1,1,2,3,1,1,4,2,4
"R_1CJD2uEc5n6bZOO",1,54,2,4,1,0,NA,3,3,1,2,1,1,2,1,1,3,1,2,2,1,2,2,2,1,2,1,3
"R_1CJD2uEc5n6bZOO",1,54,2,4,1,0,NA,4,3,1,2,2,2,2,2,1,2,2,1,1,1,3,1,1,1,2,3,1
"R_2tsqxIOWw5S1hog",2,31,5,3,4,NA,0,1,2,1,1,1,2,3,2,1,2,1,3,3,2,3,2,1,1,3,3,2
"R_2tsqxIOWw5S1hog",2,31,5,3,4,NA,0,2,2,2,2,2,3,3,1,1,2,2,3,3,1,3,2,1,1,1,1,1
"R_2tsqxIOWw5S1hog",2,31,5,3,4,NA,0,3,2,1,2,2,3,2,1,2,4,2,2,2,2,2,2,1,1,2,2,3
"R_2tsqxIOWw5S1hog",2,31,5,3,4,NA,0,4,2,1,2,1,2,2,1,2,1,2,3,2,2,4,2,1,1,4,3,4
"R_RwvvY5W4tikHBwl",2,29,4,2,2,0,NA,1,1,1,2,2,2,3,1,1,2,2,2,2,1,3,2,2,1,1,2,3
"R_RwvvY5W4tikHBwl",2,29,4,2,2,0,NA,2,1,2,2,1,2,2,1,2,3,2,2,2,2,2,3,1,3,4,1,1
"R_RwvvY5W4tikHBwl",2,29,4,2,2,0,NA,3,2,1,2,1,2,1,2,2,1,1,3,1,3,2,3,1,1,3,1,2
"R_RwvvY5W4tikHBwl",2,29,4,2,2,0,NA,4,1,1,2,1,2,3,1,2,1,1,3,2,2,3,2,1,7,4,1,2
"R_sArcaTv3ZW90SPf",1,54,5,3,3,NA,-1,1,2,1,1,2,2,1,2,1,3,1,2,2,2,3,2,1,1,4,3,4
"R_sArcaTv3ZW90SPf",1,54,5,3,3,NA,-1,2,2,2,2,2,2,2,1,1,3,2,1,3,1,4,3,1,1,1,1,1
"R_sArcaTv3ZW90SPf",1,54,5,3,3,NA,-1,3,1,1,2,1,2,1,1,2,3,2,3,1,3,2,2,2,1,3,2,3
"R_sArcaTv3ZW90SPf",1,54,5,3,3,NA,-1,4,3,1,1,1,3,3,1,2,3,1,3,3,2,4,3,1,1,2,3,2
"R_PBeKIIiCOY5RUQN",1,30,5,2,2,0,NA,1,1,1,2,1,3,3,1,2,1,1,2,2,1,2,2,1,1,2,2,3
"R_PBeKIIiCOY5RUQN",1,30,5,2,2,0,NA,2,2,2,1,1,3,2,1,2,3,1,2,2,3,3,2,1,1,3,2,3
"R_PBeKIIiCOY5RUQN",1,30,5,2,2,0,NA,3,3,2,2,2,3,3,1,1,2,2,1,2,2,3,2,2,1,4,2,3
"R_PBeKIIiCOY5RUQN",1,30,5,2,2,0,NA,4,3,1,1,1,3,3,1,2,4,1,2,2,3,3,2,2,1,1,3,3
"R_3fPCXVlqPezfUdu",1,28,5,2,2,0,NA,1,3,1,2,1,3,2,1,2,2,1,2,2,1,4,2,2,1,2,3,2
"R_3fPCXVlqPezfUdu",1,28,5,2,2,0,NA,2,2,1,1,2,3,2,1,1,3,2,1,3,2,3,2,1,1,3,1,3
"R_3fPCXVlqPezfUdu",1,28,5,2,2,0,NA,3,3,1,2,2,3,3,1,1,3,1,3,2,1,4,2,2,1,4,3,2
"R_3fPCXVlqPezfUdu",1,28,5,2,2,0,NA,4,1,2,1,2,2,1,1,1,4,2,3,3,1,1,1,1,7,3,3,3
"R_2rISZqOwxw3Y972",1,49,3,2,2,0,NA,1,1,1,2,1,3,3,2,2,2,1,3,3,2,1,1,1,3,3,3,4
"R_2rISZqOwxw3Y972",1,49,3,2,2,0,NA,2,1,1,1,1,3,2,1,2,4,1,3,3,2,3,3,1,2,2,1,4
"R_2rISZqOwxw3Y972",1,49,3,2,2,0,NA,3,2,1,2,2,3,3,1,1,2,2,1,3,2,2,2,2,1,2,1,2
"R_2rISZqOwxw3Y972",1,49,3,2,2,0,NA,4,1,2,1,1,3,2,2,1,4,1,2,3,3,3,2,1,1,2,3,2
"R_24ug40l51UxZmw5",1,26,3,2,1,1,NA,1,1,2,1,2,1,3,2,1,2,1,2,3,3,3,1,1,1,4,3,3
"R_24ug40l51UxZmw5",1,26,3,2,1,1,NA,2,2,1,2,2,1,3,2,2,3,2,1,1,1,2,1,1,1,1,1,1
"R_24ug40l51UxZmw5",1,26,3,2,1,1,NA,3,2,1,1,2,2,1,1,2,2,1,1,2,3,4,1,1,7,2,1,4
"R_24ug40l51UxZmw5",1,26,3,2,1,1,NA,4,2,2,1,2,1,2,1,1,2,2,1,3,3,4,3,1,7,4,1,3
"R_2DUpuRmTzuEf9yl",1,35,5,2,2,1,NA,1,3,1,2,2,2,2,1,1,3,2,1,2,3,4,2,1,1,3,1,3
"R_2DUpuRmTzuEf9yl",1,35,5,2,2,1,NA,2,3,1,1,1,2,2,1,2,1,1,3,1,2,3,2,2,1,1,2,1
"R_2DUpuRmTzuEf9yl",1,35,5,2,2,1,NA,3,2,2,1,2,2,2,2,1,4,2,2,1,2,3,2,1,1,3,3,2
"R_2DUpuRmTzuEf9yl",1,35,5,2,2,1,NA,4,1,1,1,2,2,3,2,2,2,1,3,1,2,2,1,1,2,4,2,2
"R_1F5nwD0yp7mosrj",2,29,2,1,1,0,NA,1,1,2,1,2,1,1,2,1,2,2,2,1,4,2,1,1,1,4,3,2
"R_1F5nwD0yp7mosrj",2,29,2,1,1,0,NA,2,1,2,1,1,1,1,1,2,4,1,3,1,1,3,2,1,1,1,3,4
"R_1F5nwD0yp7mosrj",2,29,2,1,1,0,NA,3,3,1,2,2,2,1,1,1,3,2,1,1,1,4,2,2,1,2,1,2
"R_1F5nwD0yp7mosrj",2,29,2,1,1,0,NA,4,3,1,1,1,1,1,2,1,3,1,3,1,3,3,1,1,2,2,2,1
"R_xsIjuCwaVWxv2lr",2,39,5,1,2,0,NA,1,2,2,1,1,2,1,1,2,2,1,2,2,1,4,2,1,1,3,3,1
"R_xsIjuCwaVWxv2lr",2,39,5,1,2,0,NA,2,1,1,1,2,2,1,1,1,3,2,1,1,3,3,2,1,1,1,2,3
"R_xsIjuCwaVWxv2lr",2,39,5,1,2,0,NA,3,1,2,1,1,2,1,1,2,1,1,3,2,4,3,2,1,1,2,1,4
"R_xsIjuCwaVWxv2lr",2,39,5,1,2,0,NA,4,2,1,2,1,2,1,1,2,1,1,2,2,4,2,3,1,1,4,3,2
"R_0HWMaOU4Xee1yox",2,52,5,5,1,1,NA,1,3,1,1,2,3,3,1,2,4,1,3,3,2,3,2,1,1,4,3,1
"R_0HWMaOU4Xee1yox",2,52,5,5,1,1,NA,2,3,2,1,1,2,2,1,2,1,1,3,3,1,4,3,1,1,2,2,2
"R_0HWMaOU4Xee1yox",2,52,5,5,1,1,NA,3,3,2,2,2,2,1,1,1,3,2,1,2,1,3,2,2,1,3,1,3
"R_0HWMaOU4Xee1yox",2,52,5,5,1,1,NA,4,2,1,1,1,2,1,2,2,2,1,3,1,3,2,3,1,2,1,2,2
"R_3iRpHdXkt826Ok3",2,51,3,4,1,0,NA,1,3,1,2,2,3,3,1,1,3,2,1,3,2,3,2,1,1,1,2,3
"R_3iRpHdXkt826Ok3",2,51,3,4,1,0,NA,2,3,1,1,1,3,3,1,2,2,1,3,3,2,3,2,1,1,1,1,1
"R_3iRpHdXkt826Ok3",2,51,3,4,1,0,NA,3,2,2,1,2,2,1,1,1,1,2,2,2,2,3,2,2,1,3,3,4
"R_3iRpHdXkt826Ok3",2,51,3,4,1,0,NA,4,3,2,2,1,2,3,1,2,1,1,3,3,2,3,2,2,1,2,2,1
"R_0URliuCdEBlpzCF",2,26,3,1,1,1,NA,1,1,2,2,1,3,2,1,2,2,2,1,2,1,4,2,1,1,2,3,1
"R_0URliuCdEBlpzCF",2,26,3,1,1,1,NA,2,2,1,2,1,1,1,1,2,4,1,3,1,3,3,1,1,2,4,3,4
"R_0URliuCdEBlpzCF",2,26,3,1,1,1,NA,3,3,1,1,2,3,3,1,2,3,2,2,3,2,2,2,1,3,3,2,1
"R_0URliuCdEBlpzCF",2,26,3,1,1,1,NA,4,2,1,2,2,2,2,1,1,4,2,1,3,2,1,3,2,1,3,1,2
"R_3OjBMk6800niDxU",2,29,4,4,2,1,NA,1,2,2,2,1,3,3,1,1,1,2,1,3,1,3,2,1,1,4,2,1
"R_3OjBMk6800niDxU",2,29,4,4,2,1,NA,2,3,1,2,1,3,3,1,1,1,2,1,3,2,3,2,2,1,1,2,3
"R_3OjBMk6800niDxU",2,29,4,4,2,1,NA,3,2,1,2,1,2,1,1,1,2,2,1,1,3,2,1,1,1,3,3,1
"R_3OjBMk6800niDxU",2,29,4,4,2,1,NA,4,1,1,1,1,2,2,2,2,2,1,2,2,1,3,2,1,2,1,1,4
"R_2rATqWGbzbbd7sG",1,38,5,4,3,NA,0,1,3,1,2,1,2,2,1,2,3,1,3,1,3,4,2,2,2,4,1,2
"R_2rATqWGbzbbd7sG",1,38,5,4,3,NA,0,2,1,2,2,1,2,1,1,2,2,1,3,2,2,3,2,1,1,1,3,3
"R_2rATqWGbzbbd7sG",1,38,5,4,3,NA,0,3,3,1,1,2,3,3,1,1,3,2,1,3,2,4,2,2,1,1,2,1
"R_2rATqWGbzbbd7sG",1,38,5,4,3,NA,0,4,2,2,2,2,3,1,2,1,4,2,1,2,1,3,2,1,3,3,3,4
"R_129iDBfbmV12N1r",1,28,2,4,3,NA,0,1,2,1,1,2,1,1,1,1,3,2,2,1,3,2,2,1,1,2,1,3
"R_129iDBfbmV12N1r",1,28,2,4,3,NA,0,2,3,1,2,1,1,1,2,2,3,1,2,1,2,3,3,1,1,4,1,3
"R_129iDBfbmV12N1r",1,28,2,4,3,NA,0,3,1,2,1,2,1,1,2,2,3,2,3,1,3,2,2,1,1,4,3,1
"R_129iDBfbmV12N1r",1,28,2,4,3,NA,0,4,1,2,2,1,1,1,1,1,3,1,1,1,3,2,2,2,1,3,3,3
"R_5it6cIOxthiXmFz",1,27,5,1,3,NA,-1,1,2,2,1,1,2,1,1,1,2,1,2,3,1,2,2,1,1,4,2,4
"R_5it6cIOxthiXmFz",1,27,5,1,3,NA,-1,2,2,2,1,1,2,3,1,1,2,1,3,2,1,1,2,1,1,1,1,2
"R_5it6cIOxthiXmFz",1,27,5,1,3,NA,-1,3,3,1,2,2,3,2,1,1,4,2,1,3,2,3,3,2,1,2,3,4
"R_5it6cIOxthiXmFz",1,27,5,1,3,NA,-1,4,3,1,2,2,3,3,1,1,2,2,1,3,2,1,3,1,1,1,1,4
"R_3VMBYRtAkOkPChP",1,29,5,2,1,0,NA,1,3,1,1,2,3,3,2,1,4,2,2,2,2,3,2,1,1,1,2,2
"R_3VMBYRtAkOkPChP",1,29,5,2,1,0,NA,2,2,2,2,2,2,2,1,1,2,2,1,3,1,3,2,1,1,4,2,4
"R_3VMBYRtAkOkPChP",1,29,5,2,1,0,NA,3,1,2,2,2,2,1,1,1,1,2,1,3,1,3,2,1,1,4,3,4
"R_3VMBYRtAkOkPChP",1,29,5,2,1,0,NA,4,2,1,1,1,3,1,2,2,3,1,3,2,2,3,2,1,1,1,1,1
"R_3nxEqy5xGmxBGKW",1,33,3,1,1,0,NA,1,3,2,2,2,3,3,2,1,4,2,1,3,2,3,2,1,1,1,2,2
"R_3nxEqy5xGmxBGKW",1,33,3,1,1,0,NA,2,3,2,2,2,2,2,2,2,3,1,1,3,1,2,1,2,1,2,1,1
"R_3nxEqy5xGmxBGKW",1,33,3,1,1,0,NA,3,1,2,2,1,3,3,2,1,4,2,2,3,3,2,3,2,7,3,1,2
"R_3nxEqy5xGmxBGKW",1,33,3,1,1,0,NA,4,1,2,2,1,2,2,1,2,4,1,1,3,2,4,3,2,7,4,2,3
"R_cSd8stoyMIraapX",2,33,6,4,3,NA,0,1,3,2,1,2,3,3,1,1,2,2,1,2,2,4,2,1,1,1,3,1
"R_cSd8stoyMIraapX",2,33,6,4,3,NA,0,2,1,1,1,2,3,1,2,1,3,2,2,3,1,3,2,1,1,3,2,4
"R_cSd8stoyMIraapX",2,33,6,4,3,NA,0,3,1,2,1,1,2,1,1,2,2,1,3,2,1,3,2,2,1,2,1,3
"R_cSd8stoyMIraapX",2,33,6,4,3,NA,0,4,3,2,2,1,3,2,1,2,4,1,2,3,2,4,2,2,1,1,3,1
"R_1j7mdKnHmvYu6Aj",1,51,3,1,2,1,NA,1,3,2,1,2,2,2,1,1,4,1,2,3,2,3,2,1,1,3,1,2
"R_1j7mdKnHmvYu6Aj",1,51,3,1,2,1,NA,2,3,2,1,1,2,1,1,1,2,2,2,3,2,3,2,2,1,3,3,2
"R_1j7mdKnHmvYu6Aj",1,51,3,1,2,1,NA,3,2,2,2,1,2,1,1,1,2,2,1,3,1,3,2,2,1,1,2,1
"R_1j7mdKnHmvYu6Aj",1,51,3,1,2,1,NA,4,3,1,2,2,2,3,1,1,2,2,1,3,3,3,2,2,1,4,1,4
"R_26mvx7AmskkWo3A",1,24,2,4,3,NA,0,1,2,1,1,2,2,3,1,1,2,2,2,2,1,4,2,1,1,2,1,4
"R_26mvx7AmskkWo3A",1,24,2,4,3,NA,0,2,2,1,1,1,1,1,2,2,1,1,3,1,3,1,1,1,1,1,3,2
"R_26mvx7AmskkWo3A",1,24,2,4,3,NA,0,3,1,1,2,1,2,2,1,2,2,1,2,3,2,2,3,1,1,4,2,1
"R_26mvx7AmskkWo3A",1,24,2,4,3,NA,0,4,1,1,1,2,3,2,1,2,2,2,1,2,1,4,2,2,1,4,1,3
"R_1LXKGTxIxXkIQRQ",2,23,5,3,2,1,NA,1,3,1,1,2,3,2,1,1,4,2,2,3,2,3,2,2,1,4,1,4
"R_1LXKGTxIxXkIQRQ",2,23,5,3,2,1,NA,2,1,2,1,1,3,3,2,2,3,1,2,3,1,2,2,1,7,2,2,2
"R_1LXKGTxIxXkIQRQ",2,23,5,3,2,1,NA,3,2,2,1,1,2,1,1,2,1,1,2,1,3,1,1,1,3,3,3,3
"R_1LXKGTxIxXkIQRQ",2,23,5,3,2,1,NA,4,3,1,2,2,2,2,1,1,1,2,1,3,1,4,2,2,1,3,1,4
"R_AjKOvdDb3OymXwR",1,26,5,3,3,NA,-1,1,2,1,1,2,3,3,1,2,3,1,2,3,2,3,2,2,1,4,1,1
"R_AjKOvdDb3OymXwR",1,26,5,3,3,NA,-1,2,2,2,2,1,3,3,1,1,4,2,2,3,1,2,2,1,1,3,3,1
"R_AjKOvdDb3OymXwR",1,26,5,3,3,NA,-1,3,1,2,2,1,3,3,1,1,2,2,2,3,2,4,2,1,1,2,2,3
"R_AjKOvdDb3OymXwR",1,26,5,3,3,NA,-1,4,2,2,2,1,3,1,1,1,2,2,2,3,1,4,2,2,1,1,1,1
"R_3fVhM28qGiGG3cd",2,50,5,3,2,1,NA,1,2,1,2,1,2,1,1,2,4,1,2,2,2,3,2,1,7,2,3,1
"R_3fVhM28qGiGG3cd",2,50,5,3,2,1,NA,2,3,2,2,1,3,1,2,1,1,2,1,3,2,4,2,2,1,3,2,3
"R_3fVhM28qGiGG3cd",2,50,5,3,2,1,NA,3,3,2,1,2,2,2,1,1,3,2,2,2,1,3,2,1,1,4,1,2
"R_3fVhM28qGiGG3cd",2,50,5,3,2,1,NA,4,1,2,1,1,2,1,1,2,4,1,3,1,4,1,3,2,2,1,2,4
"R_UFKS2RdevVLFo6R",2,34,3,3,3,NA,0,1,1,2,2,1,3,2,1,1,1,2,1,2,2,3,2,1,1,4,1,1
"R_UFKS2RdevVLFo6R",2,34,3,3,3,NA,0,2,3,1,2,1,2,3,1,1,3,2,2,3,4,4,2,2,7,4,2,3
"R_UFKS2RdevVLFo6R",2,34,3,3,3,NA,0,3,3,1,1,1,2,3,2,2,1,2,2,1,4,2,3,2,1,1,1,2
"R_UFKS2RdevVLFo6R",2,34,3,3,3,NA,0,4,3,1,1,1,3,1,1,2,2,1,3,2,1,3,2,2,3,3,3,4
"R_3lRhqpzgMeUiRRH",1,26,3,1,3,NA,0,1,3,1,1,1,3,3,2,2,3,1,3,2,2,3,2,1,1,2,1,3
"R_3lRhqpzgMeUiRRH",1,26,3,1,3,NA,0,2,1,2,2,2,3,2,1,1,4,2,2,3,2,4,2,2,1,1,3,4
"R_3lRhqpzgMeUiRRH",1,26,3,1,3,NA,0,3,3,2,1,1,3,3,2,2,1,1,2,2,2,3,2,1,1,2,2,2
"R_3lRhqpzgMeUiRRH",1,26,3,1,3,NA,0,4,3,2,2,2,3,2,1,1,2,2,1,3,2,4,2,1,1,2,2,4
"R_2DZIQZ0XjwS9xj3",1,33,5,3,1,1,NA,1,2,2,1,1,2,3,1,2,4,2,2,1,3,2,2,1,1,1,2,1
"R_2DZIQZ0XjwS9xj3",1,33,5,3,1,1,NA,2,1,1,2,2,2,2,1,2,4,1,2,2,2,1,3,2,1,3,1,2
"R_2DZIQZ0XjwS9xj3",1,33,5,3,1,1,NA,3,1,2,2,2,2,2,1,2,3,1,1,1,4,3,3,2,1,2,1,3
"R_2DZIQZ0XjwS9xj3",1,33,5,3,1,1,NA,4,2,1,2,1,2,2,2,2,4,2,2,1,1,3,2,2,7,1,3,3
"R_1isVHPUEPzxTDB5",2,41,3,4,2,1,NA,1,2,2,2,2,3,2,1,1,2,2,1,3,1,3,2,2,1,2,1,4
"R_1isVHPUEPzxTDB5",2,41,3,4,2,1,NA,2,1,2,1,1,3,3,1,2,1,1,2,3,2,2,2,1,1,1,2,3
"R_1isVHPUEPzxTDB5",2,41,3,4,2,1,NA,3,1,2,1,1,3,3,2,2,4,1,2,3,2,3,2,1,1,4,3,2
"R_1isVHPUEPzxTDB5",2,41,3,4,2,1,NA,4,1,2,2,1,2,2,1,2,3,2,1,2,3,4,2,1,1,2,1,4
"R_UJtPIWRwncUB5Ul",1,32,5,1,1,0,NA,1,3,1,2,1,2,2,1,2,3,1,3,2,2,3,2,2,1,2,3,2
"R_UJtPIWRwncUB5Ul",1,32,5,1,1,0,NA,2,2,1,2,2,2,1,1,1,1,2,2,1,1,2,2,1,1,1,1,3
"R_UJtPIWRwncUB5Ul",1,32,5,1,1,0,NA,3,1,1,2,2,2,1,2,1,4,2,2,1,3,4,2,1,2,3,2,4
"R_UJtPIWRwncUB5Ul",1,32,5,1,1,0,NA,4,2,1,1,2,3,3,1,2,2,1,2,2,2,2,3,1,1,4,2,1
"R_2zkWZt4nPD3QBJM",1,24,2,1,3,NA,0,1,2,2,1,2,2,2,1,1,3,1,2,3,1,3,3,1,1,4,3,2
"R_2zkWZt4nPD3QBJM",1,24,2,1,3,NA,0,2,2,2,1,2,2,2,1,1,4,1,2,3,1,3,3,1,1,4,3,2
"R_2zkWZt4nPD3QBJM",1,24,2,1,3,NA,0,3,3,1,2,2,3,3,1,1,1,2,1,3,2,3,2,2,1,2,2,1
"R_2zkWZt4nPD3QBJM",1,24,2,1,3,NA,0,4,3,2,2,2,2,3,1,1,1,2,2,3,2,3,2,2,1,1,1,4
"R_3k5qTn0TosK9t7u",1,33,4,1,3,NA,-1,1,3,2,2,2,2,3,1,1,3,2,1,3,3,4,2,1,1,4,2,1
"R_3k5qTn0TosK9t7u",1,33,4,1,3,NA,-1,2,1,2,1,1,2,2,1,2,4,1,3,3,3,3,2,1,1,2,3,2
"R_3k5qTn0TosK9t7u",1,33,4,1,3,NA,-1,3,1,2,1,1,2,2,1,2,4,1,3,3,3,3,2,1,1,2,3,3
"R_3k5qTn0TosK9t7u",1,33,4,1,3,NA,-1,4,2,2,2,1,2,3,1,2,1,1,2,3,2,3,3,2,1,4,3,4
"R_27HilsTgahlNCIO",1,25,5,2,2,0,NA,1,1,2,1,1,3,2,1,2,2,1,3,3,2,3,2,1,1,4,2,1
"R_27HilsTgahlNCIO",1,25,5,2,2,0,NA,2,3,1,2,1,3,3,1,1,1,1,1,3,2,3,2,1,1,1,3,2
"R_27HilsTgahlNCIO",1,25,5,2,2,0,NA,3,3,2,2,2,2,3,1,1,1,2,1,3,1,4,2,1,1,2,1,3
"R_27HilsTgahlNCIO",1,25,5,2,2,0,NA,4,2,2,2,2,3,3,1,1,4,2,1,3,1,3,2,1,1,3,2,1
"R_2wojm02Ufohx3mn",2,30,2,3,3,NA,1,1,2,2,1,1,3,3,1,2,1,1,2,3,1,1,2,1,1,3,1,2
"R_2wojm02Ufohx3mn",2,30,2,3,3,NA,1,2,2,2,2,1,3,2,1,1,3,1,3,2,2,3,2,1,2,4,1,4
"R_2wojm02Ufohx3mn",2,30,2,3,3,NA,1,3,1,1,2,1,3,2,1,2,2,1,3,3,3,2,1,1,1,1,3,3
"R_2wojm02Ufohx3mn",2,30,2,3,3,NA,1,4,1,1,1,1,3,3,2,2,4,1,3,2,2,2,2,1,1,4,3,3
"R_50YmPr7XmT8pihj",2,21,3,1,2,0,NA,1,2,1,1,2,3,1,2,1,3,2,3,1,3,4,2,1,1,1,2,3
"R_50YmPr7XmT8pihj",2,21,3,1,2,0,NA,2,1,1,2,1,3,2,1,2,4,1,3,1,2,1,3,2,7,3,3,4
"R_50YmPr7XmT8pihj",2,21,3,1,2,0,NA,3,2,2,2,1,3,3,2,2,1,1,1,2,2,2,2,2,7,2,3,4
"R_50YmPr7XmT8pihj",2,21,3,1,2,0,NA,4,1,1,2,2,3,1,2,1,3,2,2,2,3,3,1,1,1,2,2,3
"R_23WPpgpUWwiUqDW",1,40,3,2,3,NA,-1,1,1,2,1,2,3,3,1,1,1,2,1,2,2,2,2,2,1,1,1,3
"R_23WPpgpUWwiUqDW",1,40,3,2,3,NA,-1,2,1,2,1,1,3,1,1,2,3,1,3,3,2,1,2,1,1,3,2,4
"R_23WPpgpUWwiUqDW",1,40,3,2,3,NA,-1,3,1,1,2,2,2,2,1,1,2,2,1,2,1,3,2,1,1,4,1,1
"R_23WPpgpUWwiUqDW",1,40,3,2,3,NA,-1,4,1,2,1,1,3,3,1,2,4,1,2,2,2,2,2,1,1,2,3,3
"R_2wHtHlQNdEOG9qC",1,28,5,2,2,0,NA,1,3,1,1,1,2,2,1,2,4,1,2,2,1,2,2,1,1,2,2,2
"R_2wHtHlQNdEOG9qC",1,28,5,2,2,0,NA,2,1,2,1,1,2,1,1,2,3,1,2,1,3,3,2,2,1,2,3,1
"R_2wHtHlQNdEOG9qC",1,28,5,2,2,0,NA,3,2,1,1,1,2,3,2,1,3,1,3,1,2,3,2,1,7,3,2,2
"R_2wHtHlQNdEOG9qC",1,28,5,2,2,0,NA,4,1,1,1,2,3,3,1,1,1,2,1,2,2,2,1,2,1,3,1,1
"R_12zHsdJMOhfUol7",1,35,5,2,1,0,NA,1,1,2,1,2,3,2,1,1,3,2,1,2,2,3,2,1,1,1,1,2
"R_12zHsdJMOhfUol7",1,35,5,2,1,0,NA,2,1,2,1,2,2,3,1,1,2,2,2,2,1,4,2,2,1,2,3,3
"R_12zHsdJMOhfUol7",1,35,5,2,1,0,NA,3,3,1,1,2,3,2,1,2,1,2,3,2,3,4,2,2,1,4,1,4
"R_12zHsdJMOhfUol7",1,35,5,2,1,0,NA,4,1,2,1,2,3,3,2,1,2,2,2,1,2,3,2,1,2,1,2,1
"R_DePz4PsljwA0JS9",2,26,5,4,2,0,NA,1,3,2,2,1,2,1,1,2,4,2,1,3,2,3,2,1,1,4,1,1
"R_DePz4PsljwA0JS9",2,26,5,4,2,0,NA,2,1,1,1,1,3,1,1,2,3,1,2,2,2,3,2,1,1,3,3,2
"R_DePz4PsljwA0JS9",2,26,5,4,2,0,NA,3,1,1,2,2,3,1,1,1,1,2,1,2,2,2,2,1,1,2,3,1
"R_DePz4PsljwA0JS9",2,26,5,4,2,0,NA,4,1,1,2,1,2,3,1,2,3,1,2,2,2,2,2,1,1,1,2,2
"R_TqoXXAJTOqtlsNr",2,34,5,3,4,NA,-1,1,1,2,1,2,2,2,1,1,2,2,1,2,1,2,2,1,1,2,2,4
"R_TqoXXAJTOqtlsNr",2,34,5,3,4,NA,-1,2,2,1,2,2,2,1,1,1,4,2,1,2,4,3,3,2,1,1,1,2
"R_TqoXXAJTOqtlsNr",2,34,5,3,4,NA,-1,3,1,2,1,1,3,3,1,2,3,1,2,3,1,1,1,1,1,3,3,3
"R_TqoXXAJTOqtlsNr",2,34,5,3,4,NA,-1,4,2,2,2,2,2,3,1,1,3,2,1,3,1,3,2,2,1,1,2,3
"R_20Mzjhhu6Kd76hJ",1,31,5,3,2,0,NA,1,3,2,2,2,3,2,1,1,1,2,2,2,2,2,2,1,1,2,1,1
"R_20Mzjhhu6Kd76hJ",1,31,5,3,2,0,NA,2,3,1,2,1,2,3,1,2,2,2,1,1,1,3,2,2,1,3,2,4
"R_20Mzjhhu6Kd76hJ",1,31,5,3,2,0,NA,3,3,1,1,2,2,3,1,2,1,1,1,1,3,2,1,1,1,1,2,4
"R_20Mzjhhu6Kd76hJ",1,31,5,3,2,0,NA,4,2,1,2,1,2,2,1,1,1,1,2,1,4,2,2,2,7,4,3,2
"R_ufyYmQ213AKb3B7",2,27,5,2,3,NA,-1,1,3,1,1,2,2,1,2,1,2,2,2,1,1,3,1,1,1,1,1,1
"R_ufyYmQ213AKb3B7",2,27,5,2,3,NA,-1,2,2,1,2,1,2,1,1,2,4,2,1,1,3,2,3,2,1,2,3,3
"R_ufyYmQ213AKb3B7",2,27,5,2,3,NA,-1,3,1,1,2,1,1,1,1,2,1,2,1,1,4,3,3,1,2,3,2,4
"R_ufyYmQ213AKb3B7",2,27,5,2,3,NA,-1,4,2,2,2,1,2,2,2,1,2,2,2,3,2,3,2,2,7,4,1,2
"R_1FDkQAqTgwd2SVD",2,44,3,2,4,NA,0,1,2,2,2,2,2,1,1,1,4,2,1,1,1,4,2,1,1,1,1,2
"R_1FDkQAqTgwd2SVD",2,44,3,2,4,NA,0,2,1,1,1,1,2,3,2,2,3,1,2,1,2,3,2,1,7,4,2,3
"R_1FDkQAqTgwd2SVD",2,44,3,2,4,NA,0,3,2,2,1,2,3,3,1,1,4,2,2,2,3,3,3,2,3,3,1,1
"R_1FDkQAqTgwd2SVD",2,44,3,2,4,NA,0,4,1,1,1,2,2,2,1,1,4,2,2,2,2,2,2,2,2,2,1,2
"R_tDLvgqGfSr2gqjf",2,23,5,3,2,0,NA,1,2,2,2,1,3,2,1,1,3,2,1,2,2,3,2,1,1,4,2,1
"R_tDLvgqGfSr2gqjf",2,23,5,3,2,0,NA,2,2,2,1,1,2,2,1,2,2,1,2,2,1,4,2,1,1,1,3,2
"R_tDLvgqGfSr2gqjf",2,23,5,3,2,0,NA,3,1,2,2,1,3,2,2,1,3,2,1,2,1,2,2,2,1,4,2,4
"R_tDLvgqGfSr2gqjf",2,23,5,3,2,0,NA,4,3,2,1,2,2,3,1,1,4,2,2,3,2,4,2,2,1,2,3,3
"R_C1z7PDefcuZuUo1",1,33,5,3,1,0,NA,1,3,2,2,2,3,3,1,1,4,2,1,3,1,4,2,1,1,1,3,1
"R_C1z7PDefcuZuUo1",1,33,5,3,1,0,NA,2,1,1,2,2,2,1,1,1,1,2,2,2,2,3,2,2,7,4,2,4
"R_C1z7PDefcuZuUo1",1,33,5,3,1,0,NA,3,1,2,1,1,2,3,2,2,2,1,3,1,3,1,3,1,2,1,2,3
"R_C1z7PDefcuZuUo1",1,33,5,3,1,0,NA,4,2,1,2,2,2,1,1,1,1,2,2,1,1,2,3,1,2,2,3,3
"R_1i3uVrtmJGOLieZ",2,35,4,2,4,NA,0,1,3,2,1,2,3,2,1,1,1,2,2,2,1,3,2,1,1,1,2,4
"R_1i3uVrtmJGOLieZ",2,35,4,2,4,NA,0,2,3,1,1,1,2,2,2,2,1,1,2,1,3,2,1,1,2,4,1,3
"R_1i3uVrtmJGOLieZ",2,35,4,2,4,NA,0,3,1,1,2,1,2,3,2,2,3,1,2,1,1,3,1,1,2,1,1,4
"R_1i3uVrtmJGOLieZ",2,35,4,2,4,NA,0,4,1,1,1,1,2,1,1,2,4,1,1,2,4,4,3,2,7,2,1,4
"R_zZ4NsqVqmaEcirv",1,33,6,5,2,0,NA,1,2,1,2,1,2,1,1,2,3,1,2,1,2,4,2,1,2,1,3,1
"R_zZ4NsqVqmaEcirv",1,33,6,5,2,0,NA,2,1,1,1,1,3,1,2,2,4,1,3,2,2,2,2,1,1,4,3,4
"R_zZ4NsqVqmaEcirv",1,33,6,5,2,0,NA,3,1,1,2,1,2,1,1,1,2,2,1,1,1,3,2,2,2,2,2,3
"R_zZ4NsqVqmaEcirv",1,33,6,5,2,0,NA,4,2,1,2,2,3,3,1,1,3,2,1,2,2,4,2,1,1,1,3,1
"R_bIBJJ6IVZclSSn7",1,36,5,3,3,NA,-1,1,3,1,2,2,3,3,1,1,1,2,1,2,1,3,2,2,1,3,1,2
"R_bIBJJ6IVZclSSn7",1,36,5,3,3,NA,-1,2,2,2,1,1,2,2,1,2,3,1,2,2,2,2,2,1,1,1,2,1
"R_bIBJJ6IVZclSSn7",1,36,5,3,3,NA,-1,3,2,1,1,2,2,1,2,1,2,2,2,3,1,3,2,1,2,2,3,3
"R_bIBJJ6IVZclSSn7",1,36,5,3,3,NA,-1,4,3,2,2,2,3,2,1,1,4,2,1,3,1,4,3,1,1,4,1,3
"R_2qz60ijDrPYRsRO",2,24,4,1,3,NA,-1,1,2,1,2,1,2,2,1,1,4,2,1,2,1,2,2,1,1,3,3,2
"R_2qz60ijDrPYRsRO",2,24,4,1,3,NA,-1,2,2,2,2,2,2,3,1,1,4,2,1,2,2,3,2,2,1,2,3,2
"R_2qz60ijDrPYRsRO",2,24,4,1,3,NA,-1,3,3,1,1,1,3,3,1,2,1,1,3,2,2,4,2,2,1,4,1,3
"R_2qz60ijDrPYRsRO",2,24,4,1,3,NA,-1,4,3,2,1,1,2,1,1,1,1,2,1,2,3,2,2,2,1,3,2,1
"R_XtYZmn0hUztovnj",2,28,3,1,3,NA,-1,1,3,1,1,2,2,2,2,1,4,2,2,2,1,3,2,2,1,2,2,2
"R_XtYZmn0hUztovnj",2,28,3,1,3,NA,-1,2,3,1,2,2,2,1,1,1,1,2,1,1,4,1,3,1,1,1,1,1
"R_XtYZmn0hUztovnj",2,28,3,1,3,NA,-1,3,3,1,2,2,1,1,1,1,2,2,2,1,3,3,3,1,7,4,2,4
"R_XtYZmn0hUztovnj",2,28,3,1,3,NA,-1,4,1,2,1,2,2,2,1,1,3,2,2,1,2,2,1,1,1,2,2,1
"R_2SrGWeS9MqJOBoN",1,26,3,2,2,1,NA,1,3,2,1,1,3,3,1,1,1,1,1,2,2,4,2,2,7,3,2,3
"R_2SrGWeS9MqJOBoN",1,26,3,2,2,1,NA,2,2,2,1,1,2,3,1,1,4,1,2,1,1,3,2,2,1,2,2,2
"R_2SrGWeS9MqJOBoN",1,26,3,2,2,1,NA,3,2,1,1,2,3,3,2,2,3,2,3,1,2,2,2,1,7,3,1,4
"R_2SrGWeS9MqJOBoN",1,26,3,2,2,1,NA,4,3,1,1,2,2,3,1,2,2,2,1,1,1,4,2,2,1,4,3,3
"R_3FPudAXnzVJa8Zs",1,41,4,3,3,NA,0,1,2,2,2,1,3,3,1,2,4,1,2,3,1,2,2,1,1,4,1,1
"R_3FPudAXnzVJa8Zs",1,41,4,3,3,NA,0,2,3,2,1,2,3,3,1,1,3,2,1,3,1,3,2,1,1,3,3,3
"R_3FPudAXnzVJa8Zs",1,41,4,3,3,NA,0,3,3,2,1,2,2,2,1,1,1,2,1,3,4,4,2,2,1,2,3,3
"R_3FPudAXnzVJa8Zs",1,41,4,3,3,NA,0,4,3,2,2,1,2,3,1,1,2,1,2,3,1,2,3,1,1,4,2,4
"R_8ADuNAiIK6DccGB",1,23,3,1,3,NA,-1,1,2,2,1,1,3,3,1,2,1,1,2,3,2,2,2,1,1,4,1,1
"R_8ADuNAiIK6DccGB",1,23,3,1,3,NA,-1,2,2,1,2,1,2,1,1,1,1,1,1,2,1,3,2,1,7,1,3,4
"R_8ADuNAiIK6DccGB",1,23,3,1,3,NA,-1,3,1,2,1,2,3,3,1,1,2,2,1,2,2,2,2,1,1,3,3,2
"R_8ADuNAiIK6DccGB",1,23,3,1,3,NA,-1,4,1,1,2,1,2,1,1,2,4,1,2,2,1,1,1,1,1,2,2,3
"R_7OFixNE5Cha1pD3",1,31,5,3,2,0,NA,1,2,2,1,2,3,3,1,1,1,2,2,2,2,3,2,2,1,1,2,2
"R_7OFixNE5Cha1pD3",1,31,5,3,2,0,NA,2,1,1,2,2,2,2,1,1,2,2,1,3,1,4,2,2,1,2,3,1
"R_7OFixNE5Cha1pD3",1,31,5,3,2,0,NA,3,3,2,2,1,2,1,2,2,2,2,2,2,3,2,3,2,1,4,2,4
"R_7OFixNE5Cha1pD3",1,31,5,3,2,0,NA,4,1,2,1,2,3,3,1,1,1,1,2,1,1,4,2,1,7,2,1,3
"R_1N4GEdpVNmXevhX",1,25,5,1,3,NA,1,1,1,2,1,2,2,2,1,1,3,2,1,2,1,1,1,2,1,1,2,3
"R_1N4GEdpVNmXevhX",1,25,5,1,3,NA,1,2,1,2,2,2,3,2,1,1,4,2,1,3,2,3,2,2,1,4,1,1
"R_1N4GEdpVNmXevhX",1,25,5,1,3,NA,1,3,3,2,2,1,3,3,1,2,1,1,3,3,2,3,2,1,1,3,3,2
"R_1N4GEdpVNmXevhX",1,25,5,1,3,NA,1,4,2,2,2,2,2,3,1,1,2,2,1,2,2,4,2,2,1,4,1,3
"R_2VwHZkguxFi554Y",1,25,2,2,2,0,NA,1,3,2,1,2,3,3,1,2,1,2,1,2,2,3,2,2,1,2,1,1
"R_2VwHZkguxFi554Y",1,25,2,2,2,0,NA,2,3,1,2,1,3,3,2,2,1,1,3,2,1,1,1,2,1,4,3,3
"R_2VwHZkguxFi554Y",1,25,2,2,2,0,NA,3,1,2,2,1,3,2,2,2,4,1,1,2,1,3,2,1,1,3,2,4
"R_2VwHZkguxFi554Y",1,25,2,2,2,0,NA,4,3,2,2,2,3,3,1,1,4,2,1,2,2,3,2,2,1,4,3,2
"R_4SFIWoZcHftjdVT",2,57,5,5,2,1,NA,1,2,1,1,2,3,1,2,2,4,1,2,2,2,3,2,1,1,4,2,3
"R_4SFIWoZcHftjdVT",2,57,5,5,2,1,NA,2,3,1,2,2,2,3,1,1,2,2,2,2,1,4,2,2,2,2,3,1
"R_4SFIWoZcHftjdVT",2,57,5,5,2,1,NA,3,2,2,2,2,2,3,1,1,4,2,1,1,1,3,2,1,1,1,3,3
"R_4SFIWoZcHftjdVT",2,57,5,5,2,1,NA,4,2,2,1,2,2,1,2,2,3,2,1,2,3,2,2,1,1,3,1,2
"R_2qrch3I6kaV2IxU",2,68,2,1,3,NA,0,1,1,1,1,1,2,1,2,2,4,1,3,1,3,1,1,1,1,2,2,3
"R_2qrch3I6kaV2IxU",2,68,2,1,3,NA,0,2,1,2,1,1,2,1,2,2,1,1,3,1,3,2,3,1,1,1,2,3
"R_2qrch3I6kaV2IxU",2,68,2,1,3,NA,0,3,1,1,2,2,2,1,2,1,1,2,1,1,2,3,3,1,1,4,1,4
"R_2qrch3I6kaV2IxU",2,68,2,1,3,NA,0,4,3,2,2,2,2,2,1,1,3,2,1,3,1,3,2,2,1,3,1,1
"R_1IdhdWFhj6tVzFj",1,29,4,2,3,NA,-1,1,3,1,2,1,2,1,1,2,3,1,2,1,1,3,2,2,1,3,1,2
"R_1IdhdWFhj6tVzFj",1,29,4,2,3,NA,-1,2,3,1,2,2,2,2,1,1,1,2,1,3,2,4,2,2,1,2,3,3
"R_1IdhdWFhj6tVzFj",1,29,4,2,3,NA,-1,3,2,1,2,1,3,3,1,2,3,1,3,2,3,2,2,1,7,4,1,4
"R_1IdhdWFhj6tVzFj",1,29,4,2,3,NA,-1,4,1,1,2,2,2,3,1,1,1,2,1,2,1,3,3,1,1,4,2,4
"R_2ogkqFGopV4Wfap",1,30,6,6,3,NA,0,1,3,1,1,2,3,1,1,1,4,1,3,2,1,4,2,1,1,4,2,4
"R_2ogkqFGopV4Wfap",1,30,6,6,3,NA,0,2,2,2,1,1,2,1,1,2,1,1,2,1,4,3,2,1,1,1,2,3
"R_2ogkqFGopV4Wfap",1,30,6,6,3,NA,0,3,2,1,2,1,2,1,1,2,2,1,2,1,3,3,2,1,1,3,2,1
"R_2ogkqFGopV4Wfap",1,30,6,6,3,NA,0,4,2,2,1,2,2,1,1,2,1,1,2,1,3,2,2,1,1,1,3,2
"R_578expRDfhbytS9",1,41,3,5,3,NA,1,1,2,2,2,1,2,2,1,2,4,2,2,3,1,3,3,2,1,3,1,2
"R_578expRDfhbytS9",1,41,3,5,3,NA,1,2,2,2,2,2,2,3,1,2,2,2,1,3,1,4,3,2,1,2,3,4
"R_578expRDfhbytS9",1,41,3,5,3,NA,1,3,1,2,2,2,3,2,1,2,3,2,1,2,2,2,2,1,1,1,2,1
"R_578expRDfhbytS9",1,41,3,5,3,NA,1,4,3,2,1,2,2,3,2,1,4,1,3,2,3,1,1,1,1,4,1,3
"R_1FxI1WKWAAriRob",1,25,5,4,1,1,NA,1,1,1,1,1,2,3,1,2,3,1,1,2,2,3,2,1,1,3,1,1
"R_1FxI1WKWAAriRob",1,25,5,4,1,1,NA,2,2,1,1,2,1,2,1,1,3,2,1,1,3,2,3,1,3,1,3,2
"R_1FxI1WKWAAriRob",1,25,5,4,1,1,NA,3,2,2,1,2,1,3,1,2,3,2,2,3,1,4,2,2,7,4,1,3
"R_1FxI1WKWAAriRob",1,25,5,4,1,1,NA,4,1,2,2,1,1,1,1,2,4,2,1,2,2,4,2,1,3,2,2,4
"R_1PZCVtFhAUzBVPu",2,54,5,1,2,1,NA,1,3,1,1,1,2,2,1,2,2,1,3,2,3,3,2,1,1,1,1,2
"R_1PZCVtFhAUzBVPu",2,54,5,1,2,1,NA,2,2,2,1,2,3,3,1,1,3,2,2,3,2,3,2,1,1,2,3,1
"R_1PZCVtFhAUzBVPu",2,54,5,1,2,1,NA,3,3,1,2,2,3,1,1,1,3,2,1,3,1,4,2,1,1,4,1,3
"R_1PZCVtFhAUzBVPu",2,54,5,1,2,1,NA,4,1,2,1,2,2,3,1,1,4,2,3,1,4,4,2,1,7,3,3,4
"R_AdRp1KQAoR8yUeZ",1,38,4,4,3,NA,0,1,1,2,2,2,2,1,1,1,4,2,1,2,1,2,2,1,1,4,3,3
"R_AdRp1KQAoR8yUeZ",1,38,4,4,3,NA,0,2,2,2,2,2,2,1,1,1,3,2,1,2,1,3,2,1,1,2,2,3
"R_AdRp1KQAoR8yUeZ",1,38,4,4,3,NA,0,3,3,2,2,1,2,1,1,2,4,1,1,2,1,4,2,2,1,1,1,3
"R_AdRp1KQAoR8yUeZ",1,38,4,4,3,NA,0,4,3,1,2,2,2,1,1,1,2,2,1,2,1,4,2,2,1,2,1,4
"R_2qqk7x1VLyIeorK",1,33,2,4,3,NA,0,1,3,1,2,2,3,2,1,1,2,2,1,3,1,3,2,2,1,2,3,2
"R_2qqk7x1VLyIeorK",1,33,2,4,3,NA,0,2,1,2,1,2,3,3,1,2,3,1,1,3,3,1,1,2,1,3,1,3
"R_2qqk7x1VLyIeorK",1,33,2,4,3,NA,0,3,3,2,2,1,2,2,1,2,1,1,3,2,4,2,2,2,1,4,1,2
"R_2qqk7x1VLyIeorK",1,33,2,4,3,NA,0,4,2,2,1,1,3,3,1,2,3,1,3,3,4,3,1,2,1,3,1,1
"R_2AWicpbFNp9P7uS",1,29,3,2,3,NA,-1,1,3,1,1,1,2,3,1,2,3,1,2,2,2,3,2,1,1,4,2,1
"R_2AWicpbFNp9P7uS",1,29,3,2,3,NA,-1,2,1,1,1,1,2,1,1,2,1,1,3,2,1,2,2,1,1,3,1,3
"R_2AWicpbFNp9P7uS",1,29,3,2,3,NA,-1,3,3,1,2,2,2,2,1,1,2,2,1,3,1,3,2,2,1,1,3,2
"R_2AWicpbFNp9P7uS",1,29,3,2,3,NA,-1,4,3,2,1,2,2,2,1,1,4,2,1,3,2,3,2,2,1,1,1,4
"R_1FhO6SI5wWr7sMZ",2,46,5,2,3,NA,0,1,2,1,2,1,2,1,1,2,3,1,2,3,2,3,2,1,1,1,2,2
"R_1FhO6SI5wWr7sMZ",2,46,5,2,3,NA,0,2,1,2,1,1,2,1,1,2,1,2,1,3,2,3,2,2,1,4,1,3
"R_1FhO6SI5wWr7sMZ",2,46,5,2,3,NA,0,3,3,1,1,1,2,3,1,2,3,1,3,2,1,4,2,1,1,2,1,1
"R_1FhO6SI5wWr7sMZ",2,46,5,2,3,NA,0,4,2,2,1,2,3,3,1,1,3,2,1,3,2,4,2,1,1,3,3,3
"R_3stz2utKYPo86Yy",1,29,5,4,2,0,NA,1,3,2,2,1,3,3,1,2,4,1,2,2,1,3,2,1,1,1,2,1
"R_3stz2utKYPo86Yy",1,29,5,4,2,0,NA,2,1,2,1,2,2,3,1,1,3,2,1,1,4,2,2,1,7,3,3,3
"R_3stz2utKYPo86Yy",1,29,5,4,2,0,NA,3,1,1,1,2,2,2,1,1,3,2,1,2,1,3,2,1,1,2,1,2
"R_3stz2utKYPo86Yy",1,29,5,4,2,0,NA,4,2,2,2,1,2,2,1,2,2,1,2,1,1,3,3,1,1,3,3,1
"R_rjW7gd3jPz5iLNn",1,33,6,1,2,1,NA,1,3,1,1,2,3,2,1,1,2,2,1,3,2,3,2,1,1,4,2,2
"R_rjW7gd3jPz5iLNn",1,33,6,1,2,1,NA,2,3,2,2,2,3,3,1,1,1,2,1,3,1,1,2,1,1,2,3,4
"R_rjW7gd3jPz5iLNn",1,33,6,1,2,1,NA,3,1,2,2,1,2,2,1,2,4,1,2,2,2,3,2,1,2,1,1,1
"R_rjW7gd3jPz5iLNn",1,33,6,1,2,1,NA,4,1,1,1,2,2,2,1,1,4,2,2,2,2,3,2,2,2,3,2,4
"R_1hy7lMVwcY0TGtQ",2,43,4,3,1,1,NA,1,2,1,2,2,2,1,1,1,2,2,1,1,3,3,2,2,1,4,1,1
"R_1hy7lMVwcY0TGtQ",2,43,4,3,1,1,NA,2,1,1,2,1,2,1,1,2,3,1,2,1,1,1,2,2,1,1,3,4
"R_1hy7lMVwcY0TGtQ",2,43,4,3,1,1,NA,3,1,1,2,1,2,2,1,2,3,1,2,1,2,3,2,1,1,2,3,1
"R_1hy7lMVwcY0TGtQ",2,43,4,3,1,1,NA,4,3,1,2,2,2,1,1,1,4,2,1,2,1,4,2,2,1,3,3,3
"R_1f7nEmeMLFBn8kM",1,63,3,5,3,NA,1,1,2,2,1,2,2,3,2,2,4,2,2,2,2,4,2,1,1,4,3,2
"R_1f7nEmeMLFBn8kM",1,63,3,5,3,NA,1,2,1,1,1,1,2,1,1,2,4,1,3,2,2,2,2,1,2,2,2,3
"R_1f7nEmeMLFBn8kM",1,63,3,5,3,NA,1,3,2,2,1,1,2,2,1,2,2,1,3,2,2,3,2,1,1,1,2,2
"R_1f7nEmeMLFBn8kM",1,63,3,5,3,NA,1,4,1,1,1,1,2,1,1,2,3,1,3,3,2,3,2,1,1,3,3,4
"R_22t8sUEjrWNRd4u",2,35,5,6,3,NA,-1,1,3,1,1,1,3,3,2,2,3,1,3,2,2,3,2,1,1,4,3,2
"R_22t8sUEjrWNRd4u",2,35,5,6,3,NA,-1,2,1,2,2,1,2,2,1,2,2,2,2,3,1,2,3,1,1,1,1,2
"R_22t8sUEjrWNRd4u",2,35,5,6,3,NA,-1,3,1,2,2,1,2,3,1,1,4,2,2,3,1,2,2,1,2,3,3,1
"R_22t8sUEjrWNRd4u",2,35,5,6,3,NA,-1,4,1,2,1,1,3,2,2,1,1,1,3,2,2,3,1,1,1,2,3,2
"R_2U6o64xfPkAowK0",2,32,5,3,2,0,NA,1,2,2,2,2,3,2,1,1,1,2,1,2,2,3,2,1,1,2,3,1
"R_2U6o64xfPkAowK0",2,32,5,3,2,0,NA,2,3,2,2,2,3,3,1,1,2,2,1,2,1,3,2,2,1,1,1,4
"R_2U6o64xfPkAowK0",2,32,5,3,2,0,NA,3,1,2,2,1,3,3,1,1,1,2,2,2,1,2,2,1,1,4,2,2
"R_2U6o64xfPkAowK0",2,32,5,3,2,0,NA,4,3,2,2,2,3,2,1,1,4,2,1,2,1,3,2,2,1,3,2,1
"R_2dzFVKMaufCbmvE",2,32,5,2,2,0,NA,1,2,1,1,1,2,3,2,2,3,1,3,1,3,3,2,2,1,3,2,3
"R_2dzFVKMaufCbmvE",2,32,5,2,2,0,NA,2,1,2,1,2,2,3,1,2,2,2,2,2,2,2,3,2,1,2,2,2
"R_2dzFVKMaufCbmvE",2,32,5,2,2,0,NA,3,1,2,1,2,3,2,1,1,4,2,2,1,4,3,2,1,3,4,1,4
"R_2dzFVKMaufCbmvE",2,32,5,2,2,0,NA,4,3,1,2,1,3,2,1,2,1,2,2,3,2,3,2,2,1,1,2,1
"R_2e2Pl2n8aMsbHcS",1,33,5,1,3,NA,0,1,3,2,1,2,2,1,1,1,2,2,1,2,1,3,2,1,1,3,1,1
"R_2e2Pl2n8aMsbHcS",1,33,5,1,3,NA,0,2,2,2,1,2,2,1,1,1,3,2,1,2,1,3,2,1,1,4,2,4
"R_2e2Pl2n8aMsbHcS",1,33,5,1,3,NA,0,3,1,1,2,1,2,3,1,2,4,1,3,1,3,4,3,1,2,1,2,3
"R_2e2Pl2n8aMsbHcS",1,33,5,1,3,NA,0,4,3,1,2,2,2,1,1,1,2,2,1,2,1,3,2,1,1,3,1,4
"R_3saZbTYfWgQH0aJ",2,35,4,3,3,NA,1,1,1,1,1,1,3,2,1,1,4,1,2,2,2,3,3,1,1,1,1,3
"R_3saZbTYfWgQH0aJ",2,35,4,3,3,NA,1,2,2,2,2,1,2,3,1,2,3,2,1,2,1,4,3,1,2,3,2,4
"R_3saZbTYfWgQH0aJ",2,35,4,3,3,NA,1,3,3,2,2,1,2,2,1,1,3,1,1,2,3,4,2,2,1,3,3,3
"R_3saZbTYfWgQH0aJ",2,35,4,3,3,NA,1,4,2,2,1,1,1,2,1,1,2,1,2,1,1,3,3,1,2,2,2,4
"R_2ToWGtwI4l1L0wj",2,20,3,5,3,NA,0,1,1,1,1,2,2,1,1,1,1,2,2,2,2,3,2,1,1,1,1,2
"R_2ToWGtwI4l1L0wj",2,20,3,5,3,NA,0,2,3,1,1,1,2,2,1,2,2,1,3,2,2,4,2,1,1,3,2,3
"R_2ToWGtwI4l1L0wj",2,20,3,5,3,NA,0,3,1,2,2,1,2,1,1,1,4,2,1,2,1,3,1,1,1,3,3,4
"R_2ToWGtwI4l1L0wj",2,20,3,5,3,NA,0,4,2,2,1,2,2,3,1,1,4,2,2,2,1,4,2,1,1,3,3,1
"R_1ou7SWhCFco6g27",2,44,5,4,1,1,NA,1,1,1,2,1,2,1,1,2,4,1,2,2,2,2,2,1,1,2,2,2
"R_1ou7SWhCFco6g27",2,44,5,4,1,1,NA,2,3,1,2,2,2,3,1,1,2,2,1,1,1,3,2,2,1,1,3,3
"R_1ou7SWhCFco6g27",2,44,5,4,1,1,NA,3,3,2,2,2,2,2,1,1,4,2,1,2,2,3,3,2,1,2,1,4
"R_1ou7SWhCFco6g27",2,44,5,4,1,1,NA,4,3,1,1,2,2,1,2,1,2,2,1,2,2,2,2,1,1,2,2,1
"R_3qNGrejfMqFoNQ4",1,25,6,1,2,0,NA,1,3,1,1,2,3,1,2,2,3,1,3,1,3,3,2,2,1,3,2,1
"R_3qNGrejfMqFoNQ4",1,25,6,1,2,0,NA,2,1,2,2,1,2,1,1,1,2,2,1,2,1,4,2,2,1,4,3,4
"R_3qNGrejfMqFoNQ4",1,25,6,1,2,0,NA,3,1,2,2,2,2,1,1,2,3,2,1,2,1,4,2,2,1,4,3,2
"R_3qNGrejfMqFoNQ4",1,25,6,1,2,0,NA,4,2,2,2,1,2,1,1,1,1,2,1,2,1,4,3,1,7,2,2,3
"R_V3db7lqwAUcbov7",2,27,5,4,2,0,NA,1,1,1,1,1,2,3,1,2,1,1,2,3,2,3,2,1,1,3,1,2
"R_V3db7lqwAUcbov7",2,27,5,4,2,0,NA,2,3,1,1,1,2,2,1,2,4,1,2,2,2,4,2,1,1,1,3,1
"R_V3db7lqwAUcbov7",2,27,5,4,2,0,NA,3,2,2,1,1,2,3,1,2,3,1,2,2,2,3,2,2,7,1,2,3
"R_V3db7lqwAUcbov7",2,27,5,4,2,0,NA,4,2,1,2,1,3,3,2,2,4,1,2,3,1,3,2,1,1,2,3,4
"R_5p7B8s4AV2MELfP",2,29,3,3,2,0,NA,1,1,1,2,2,2,2,1,1,2,2,1,2,1,2,2,2,1,3,2,1
"R_5p7B8s4AV2MELfP",2,29,3,3,2,0,NA,2,1,1,1,1,2,2,2,2,2,1,3,1,3,3,2,1,1,4,3,3
"R_5p7B8s4AV2MELfP",2,29,3,3,2,0,NA,3,2,2,1,2,2,1,1,1,3,2,2,3,2,3,3,2,1,2,2,2
"R_5p7B8s4AV2MELfP",2,29,3,3,2,0,NA,4,2,2,1,2,2,1,1,1,1,2,1,2,1,2,2,1,1,4,1,3
"R_3CNI6gHAtv1bVbl",2,53,6,2,4,NA,0,1,3,2,2,1,2,1,1,1,1,2,2,1,1,3,2,1,1,4,2,4
"R_3CNI6gHAtv1bVbl",2,53,6,2,4,NA,0,2,1,2,2,1,3,1,1,2,1,2,1,1,2,2,2,1,2,1,1,2
"R_3CNI6gHAtv1bVbl",2,53,6,2,4,NA,0,3,3,1,2,2,2,2,1,1,3,2,1,2,2,4,2,2,1,4,2,3
"R_3CNI6gHAtv1bVbl",2,53,6,2,4,NA,0,4,1,2,1,1,2,2,2,2,2,1,2,1,2,1,2,1,1,3,1,1
"R_3J2zTAOuCGudI6g",1,38,6,4,3,NA,1,1,2,2,2,2,3,3,1,1,3,2,1,2,1,4,2,1,1,1,3,3
"R_3J2zTAOuCGudI6g",1,38,6,4,3,NA,1,2,1,1,2,1,2,1,2,2,4,1,2,2,2,3,2,1,2,2,2,1
"R_3J2zTAOuCGudI6g",1,38,6,4,3,NA,1,3,1,2,1,1,2,1,1,2,1,1,3,1,4,2,1,2,1,3,1,2
"R_3J2zTAOuCGudI6g",1,38,6,4,3,NA,1,4,3,1,1,2,2,1,2,1,4,2,1,3,1,2,3,1,1,2,3,3
"R_2QWh4ZXgUj3sWRK",1,24,3,2,2,0,NA,1,2,1,1,1,3,3,2,1,4,2,2,3,1,3,2,1,1,4,1,2
"R_2QWh4ZXgUj3sWRK",1,24,3,2,2,0,NA,2,3,1,2,2,2,2,1,2,1,1,1,3,2,4,1,2,1,2,3,1
"R_2QWh4ZXgUj3sWRK",1,24,3,2,2,0,NA,3,2,2,2,1,1,3,1,2,1,2,1,1,4,1,3,2,1,3,1,3
"R_2QWh4ZXgUj3sWRK",1,24,3,2,2,0,NA,4,3,2,1,2,3,2,2,1,4,1,3,2,2,2,2,1,1,1,3,4
"R_2SB3mnmaGY9qCP0",2,35,5,2,4,NA,0,1,2,1,2,2,2,3,1,1,1,2,1,1,1,4,2,2,1,3,2,4
"R_2SB3mnmaGY9qCP0",2,35,5,2,4,NA,0,2,2,2,2,2,2,1,1,1,1,2,1,2,1,4,2,1,1,2,2,4
"R_2SB3mnmaGY9qCP0",2,35,5,2,4,NA,0,3,1,1,2,2,2,1,1,2,4,2,1,1,1,3,2,1,1,4,3,2
"R_2SB3mnmaGY9qCP0",2,35,5,2,4,NA,0,4,3,2,1,2,1,3,1,2,1,2,1,2,4,3,2,1,1,3,2,4
"R_PSQvymJCR0JdfCV",1,26,3,1,4,NA,0,1,1,1,2,2,2,1,1,1,3,2,1,2,2,3,2,1,1,1,2,4
"R_PSQvymJCR0JdfCV",1,26,3,1,4,NA,0,2,1,1,2,1,2,1,1,2,3,1,3,2,2,2,2,1,1,3,1,1
"R_PSQvymJCR0JdfCV",1,26,3,1,4,NA,0,3,2,1,2,1,2,3,1,2,4,1,3,2,2,2,2,1,1,2,2,1
"R_PSQvymJCR0JdfCV",1,26,3,1,4,NA,0,4,2,2,1,2,2,3,1,1,3,2,1,2,2,3,2,1,1,3,1,2
"R_1JKHzqGwrI0NEgM",2,32,5,2,3,NA,-1,1,2,2,1,1,3,3,1,2,3,1,3,1,1,3,2,1,1,2,2,1
"R_1JKHzqGwrI0NEgM",2,32,5,2,3,NA,-1,2,1,2,2,1,2,3,1,2,4,1,2,2,2,2,2,2,1,1,3,3
"R_1JKHzqGwrI0NEgM",2,32,5,2,3,NA,-1,3,3,1,1,1,2,3,2,2,2,1,3,1,3,4,1,1,1,3,1,4
"R_1JKHzqGwrI0NEgM",2,32,5,2,3,NA,-1,4,1,1,1,2,2,2,1,1,4,2,1,1,4,2,2,1,1,4,1,1
"R_rp811ipE2paT0kN",2,36,3,2,2,0,NA,1,3,2,2,1,2,1,1,1,4,2,1,1,1,4,2,1,1,1,3,2
"R_rp811ipE2paT0kN",2,36,3,2,2,0,NA,2,2,1,2,1,2,1,1,2,3,1,2,1,3,3,2,2,2,4,2,3
"R_rp811ipE2paT0kN",2,36,3,2,2,0,NA,3,1,2,1,1,1,1,2,2,1,1,2,1,1,3,2,1,7,2,1,3
"R_rp811ipE2paT0kN",2,36,3,2,2,0,NA,4,3,1,1,2,3,2,1,2,4,1,2,2,1,4,2,2,1,2,3,2
"R_2xElgCR2SKDCG4i",1,49,3,1,2,0,NA,1,3,2,2,2,2,3,1,1,3,2,1,3,1,3,2,1,1,2,2,4
"R_2xElgCR2SKDCG4i",1,49,3,1,2,0,NA,2,2,2,2,1,2,3,1,2,4,1,3,2,2,2,2,2,1,4,1,3
"R_2xElgCR2SKDCG4i",1,49,3,1,2,0,NA,3,3,1,2,1,3,3,1,2,3,1,3,2,2,1,1,2,1,2,3,1
"R_2xElgCR2SKDCG4i",1,49,3,1,2,0,NA,4,1,2,2,2,3,2,1,1,4,2,1,2,4,1,3,1,1,3,1,2
"R_ac33tyF53rxdtad",2,29,2,3,1,1,NA,1,3,2,1,1,2,3,1,2,2,2,3,2,2,2,2,2,1,2,3,3
"R_ac33tyF53rxdtad",2,29,2,3,1,1,NA,2,2,1,2,1,3,3,1,2,4,1,1,1,2,3,2,2,1,2,2,2
"R_ac33tyF53rxdtad",2,29,2,3,1,1,NA,3,3,2,1,1,1,2,2,1,1,2,2,1,3,2,1,2,2,3,3,1
"R_ac33tyF53rxdtad",2,29,2,3,1,1,NA,4,3,1,1,2,2,1,2,2,3,1,2,1,1,4,1,1,2,1,3,4
"R_wXzWMRzown8VCk9",2,45,3,2,3,NA,0,1,1,1,2,2,3,2,1,1,1,2,1,3,1,3,2,1,1,1,1,4
"R_wXzWMRzown8VCk9",2,45,3,2,3,NA,0,2,1,1,1,2,3,2,1,1,2,2,1,3,2,3,2,1,1,3,1,1
"R_wXzWMRzown8VCk9",2,45,3,2,3,NA,0,3,3,2,2,2,3,3,1,1,4,2,1,3,1,4,2,2,1,1,1,4
"R_wXzWMRzown8VCk9",2,45,3,2,3,NA,0,4,2,2,2,2,3,2,1,1,1,2,1,3,1,3,2,1,1,4,1,1
"R_3m4zyoC03kAPEmx",1,54,3,2,2,1,NA,1,1,1,1,2,3,2,1,1,3,2,1,3,1,3,2,1,1,4,1,3
"R_3m4zyoC03kAPEmx",1,54,3,2,2,1,NA,2,2,1,2,2,3,2,1,1,4,2,1,3,2,3,2,1,1,4,1,4
"R_3m4zyoC03kAPEmx",1,54,3,2,2,1,NA,3,2,2,2,1,2,2,1,2,4,1,2,2,1,2,2,1,1,4,2,1
"R_3m4zyoC03kAPEmx",1,54,3,2,2,1,NA,4,1,1,2,2,3,2,1,1,2,2,1,3,2,3,2,1,1,2,1,2
"R_22JEE3Ua3xHGjkQ",1,26,6,1,3,NA,0,1,3,2,1,1,3,2,1,1,4,2,2,1,4,2,2,1,1,1,3,3
"R_22JEE3Ua3xHGjkQ",1,26,6,1,3,NA,0,2,1,2,2,1,3,3,2,2,4,1,2,1,1,2,2,1,7,2,2,1
"R_22JEE3Ua3xHGjkQ",1,26,6,1,3,NA,0,3,1,2,2,2,1,1,1,1,2,2,1,1,1,2,1,1,1,2,2,4
"R_22JEE3Ua3xHGjkQ",1,26,6,1,3,NA,0,4,3,2,2,1,1,1,1,2,4,2,2,2,1,2,1,2,2,4,3,4
"R_3nc0dyZuN251J0G",1,32,5,5,3,NA,-1,1,1,2,1,2,2,1,1,1,2,2,2,1,1,1,2,2,1,1,3,4
"R_3nc0dyZuN251J0G",1,32,5,5,3,NA,-1,2,3,1,2,1,3,3,2,2,4,2,1,2,2,2,2,2,1,3,2,1
"R_3nc0dyZuN251J0G",1,32,5,5,3,NA,-1,3,2,2,2,2,2,3,1,1,2,2,3,3,1,3,3,2,2,1,1,1
"R_3nc0dyZuN251J0G",1,32,5,5,3,NA,-1,4,1,2,1,1,2,2,1,1,1,1,3,1,3,3,1,1,7,4,2,3
"R_DAwzBRadb3QOItb",2,22,5,3,3,NA,0,1,1,1,1,1,3,3,1,2,1,1,3,2,2,3,2,1,1,3,3,2
"R_DAwzBRadb3QOItb",2,22,5,3,3,NA,0,2,1,1,2,1,2,3,1,2,2,1,2,1,1,1,1,1,1,4,2,4
"R_DAwzBRadb3QOItb",2,22,5,3,3,NA,0,3,2,2,1,2,2,3,1,1,3,2,2,3,3,3,3,1,1,1,3,3
"R_DAwzBRadb3QOItb",2,22,5,3,3,NA,0,4,2,2,2,1,3,3,2,1,2,2,2,2,2,1,1,1,1,2,2,2
"R_3QJZM0juRKLXxqh",2,38,3,5,3,NA,-1,1,3,2,1,1,1,3,2,1,4,1,2,2,2,3,2,1,1,2,3,1
"R_3QJZM0juRKLXxqh",2,38,3,5,3,NA,-1,2,1,1,2,1,3,3,1,2,2,1,3,3,1,3,2,1,1,4,1,4
"R_3QJZM0juRKLXxqh",2,38,3,5,3,NA,-1,3,1,2,2,2,3,1,1,1,2,2,2,3,1,3,2,1,1,1,1,2
"R_3QJZM0juRKLXxqh",2,38,3,5,3,NA,-1,4,3,2,1,1,1,1,2,2,3,1,3,1,3,4,1,1,1,2,2,3
"R_3m8GYLidlGp82zT",1,30,5,4,2,0,NA,1,1,2,1,1,3,3,1,2,3,1,2,2,1,3,2,1,1,3,2,3
"R_3m8GYLidlGp82zT",1,30,5,4,2,0,NA,2,1,1,1,2,3,3,1,1,1,1,1,3,2,4,2,1,1,2,1,2
"R_3m8GYLidlGp82zT",1,30,5,4,2,0,NA,3,2,2,2,2,3,2,1,1,2,2,1,2,1,2,2,2,1,2,2,1
"R_3m8GYLidlGp82zT",1,30,5,4,2,0,NA,4,2,1,2,2,2,2,1,1,2,2,1,2,1,2,2,2,1,1,2,1
"R_1mD9st5GgEblHQ3",1,35,3,2,3,NA,0,1,1,1,2,1,3,1,1,2,3,1,3,3,2,3,2,1,1,2,3,3
"R_1mD9st5GgEblHQ3",1,35,3,2,3,NA,0,2,2,1,2,1,3,2,1,2,2,1,3,3,1,4,2,2,2,2,3,4
"R_1mD9st5GgEblHQ3",1,35,3,2,3,NA,0,3,2,1,2,2,3,2,1,1,3,2,1,3,2,4,2,2,1,3,1,1
"R_1mD9st5GgEblHQ3",1,35,3,2,3,NA,0,4,1,1,2,2,3,3,2,1,2,2,1,3,2,3,2,1,1,4,1,1
"R_33qGU8a7JpuWLWG",2,24,3,3,2,1,NA,1,2,2,1,2,3,2,1,1,3,1,2,3,2,3,2,2,1,4,1,3
"R_33qGU8a7JpuWLWG",2,24,3,3,2,1,NA,2,3,1,1,1,2,3,1,2,4,1,3,2,3,3,2,2,1,2,3,4
"R_33qGU8a7JpuWLWG",2,24,3,3,2,1,NA,3,1,2,1,2,3,3,1,1,1,2,1,3,2,2,2,1,1,1,1,2
"R_33qGU8a7JpuWLWG",2,24,3,3,2,1,NA,4,3,1,1,2,2,1,2,1,2,2,2,2,1,2,2,1,1,4,1,1
"R_cBxT4kXZTVIE7jv",1,30,5,3,3,NA,-1,1,2,2,2,1,3,3,1,1,4,2,1,3,2,3,2,1,1,4,3,1
"R_cBxT4kXZTVIE7jv",1,30,5,3,3,NA,-1,2,3,1,2,1,2,3,1,2,4,2,2,2,1,3,2,1,1,3,3,4
"R_cBxT4kXZTVIE7jv",1,30,5,3,3,NA,-1,3,2,1,2,2,3,2,1,1,2,2,1,2,2,3,2,2,1,1,2,2
"R_cBxT4kXZTVIE7jv",1,30,5,3,3,NA,-1,4,3,2,2,1,2,3,1,1,2,2,1,2,1,3,3,2,1,3,2,4
"R_1K8zcWPZ8ssiouV",1,29,5,2,1,0,NA,1,3,1,1,2,3,2,1,1,3,1,3,2,2,3,2,2,1,4,3,2
"R_1K8zcWPZ8ssiouV",1,29,5,2,1,0,NA,2,3,1,1,1,3,2,1,2,1,1,3,2,2,2,2,2,1,3,1,1
"R_1K8zcWPZ8ssiouV",1,29,5,2,1,0,NA,3,3,2,1,2,3,3,1,1,4,1,1,2,1,4,2,2,1,1,2,3
"R_1K8zcWPZ8ssiouV",1,29,5,2,1,0,NA,4,1,2,2,2,2,3,1,1,3,2,1,2,2,4,2,1,1,2,3,1
"R_eqAhruArLVluj29",2,31,6,4,2,1,NA,1,2,2,1,2,3,3,1,1,3,2,1,2,2,3,2,1,1,4,3,2
"R_eqAhruArLVluj29",2,31,6,4,2,1,NA,2,3,1,1,1,3,3,1,2,3,1,1,3,4,4,2,2,1,4,1,2
"R_eqAhruArLVluj29",2,31,6,4,2,1,NA,3,3,1,1,2,3,3,1,1,1,2,2,2,1,3,2,1,1,3,1,2
"R_eqAhruArLVluj29",2,31,6,4,2,1,NA,4,3,2,1,1,3,3,1,1,4,1,2,2,2,3,2,1,1,2,2,1
"R_1gvEfyo3ALoQASi",1,58,2,4,3,NA,1,1,3,2,1,2,2,1,1,1,3,2,2,2,2,4,2,1,1,4,2,1
"R_1gvEfyo3ALoQASi",1,58,2,4,3,NA,1,2,3,2,2,2,3,2,1,1,1,2,1,3,1,3,2,2,1,1,1,2
"R_1gvEfyo3ALoQASi",1,58,2,4,3,NA,1,3,3,2,1,2,2,1,2,1,3,2,2,2,2,2,2,1,1,2,3,4
"R_1gvEfyo3ALoQASi",1,58,2,4,3,NA,1,4,2,1,1,1,2,1,2,2,4,1,3,2,3,4,3,1,1,3,3,2
"R_URBd1J7cD0MAJB7",1,59,3,1,1,0,NA,1,2,2,2,1,2,3,1,1,3,2,1,2,1,3,2,2,1,2,2,1
"R_URBd1J7cD0MAJB7",1,59,3,1,1,0,NA,2,2,2,1,2,2,1,2,2,1,1,2,2,3,1,2,1,1,3,1,2
"R_URBd1J7cD0MAJB7",1,59,3,1,1,0,NA,3,3,2,2,2,3,2,1,1,4,2,1,3,2,4,2,2,1,4,3,1
"R_URBd1J7cD0MAJB7",1,59,3,1,1,0,NA,4,1,2,2,2,2,1,2,1,2,2,1,2,1,2,3,1,1,1,1,1
"R_1KiDAU7GgWBM93I",1,29,5,2,1,0,NA,1,1,1,1,1,2,3,2,2,2,1,3,3,2,3,2,1,1,1,1,1
"R_1KiDAU7GgWBM93I",1,29,5,2,1,0,NA,2,1,1,1,2,2,1,1,1,4,2,2,3,1,4,2,1,1,2,3,2
"R_1KiDAU7GgWBM93I",1,29,5,2,1,0,NA,3,1,1,2,2,2,1,1,1,4,2,1,2,4,4,2,2,1,2,3,2
"R_1KiDAU7GgWBM93I",1,29,5,2,1,0,NA,4,2,2,2,1,2,3,1,2,1,1,2,3,2,3,2,2,1,3,1,4
"R_1q9A8FR5ZWRm8ZV",2,49,5,4,2,0,NA,1,3,1,2,2,3,3,1,1,4,2,1,3,2,3,2,1,1,4,1,4
"R_1q9A8FR5ZWRm8ZV",2,49,5,4,2,0,NA,2,2,1,1,2,3,1,1,1,2,2,1,3,3,3,2,1,1,2,3,3
"R_1q9A8FR5ZWRm8ZV",2,49,5,4,2,0,NA,3,2,1,2,1,3,3,1,2,1,1,2,3,2,3,2,1,1,1,3,2
"R_1q9A8FR5ZWRm8ZV",2,49,5,4,2,0,NA,4,3,1,2,1,3,3,1,2,2,1,2,3,2,3,2,1,1,4,3,1
"R_129jOk3hpvDN9e8",1,29,2,2,2,1,NA,1,2,1,2,1,2,3,1,1,1,1,2,3,2,3,2,1,1,2,3,1
"R_129jOk3hpvDN9e8",1,29,2,2,2,1,NA,2,2,2,2,1,2,3,1,1,1,2,1,2,1,3,2,1,1,3,2,4
"R_129jOk3hpvDN9e8",1,29,2,2,2,1,NA,3,2,2,2,1,2,3,1,1,1,2,2,2,4,3,3,1,1,4,3,2
"R_129jOk3hpvDN9e8",1,29,2,2,2,1,NA,4,1,2,2,1,2,3,1,2,4,2,1,2,1,3,2,1,1,2,2,2
"R_4OqYPfnkbj0HKU1",1,26,3,1,1,0,NA,1,3,2,2,2,3,3,1,1,1,2,1,3,1,3,2,1,1,2,3,3
"R_4OqYPfnkbj0HKU1",1,26,3,1,1,0,NA,2,3,2,1,2,2,2,1,1,3,2,2,2,2,2,2,1,1,4,2,1
"R_4OqYPfnkbj0HKU1",1,26,3,1,1,0,NA,3,3,1,1,2,2,3,1,2,4,1,3,2,2,2,2,1,2,1,1,2
"R_4OqYPfnkbj0HKU1",1,26,3,1,1,0,NA,4,1,2,2,2,2,1,1,1,1,2,1,1,4,2,3,2,1,4,3,4
"R_1Ij9V0GuLeIfyRl",1,26,5,1,2,1,NA,1,1,2,2,2,3,2,1,1,3,2,1,3,2,3,2,1,1,3,2,3
"R_1Ij9V0GuLeIfyRl",1,26,5,1,2,1,NA,2,3,1,2,1,2,3,1,2,3,1,3,2,2,2,2,2,2,4,1,2
"R_1Ij9V0GuLeIfyRl",1,26,5,1,2,1,NA,3,3,2,2,1,2,3,1,1,2,2,2,3,1,4,3,2,1,2,3,1
"R_1Ij9V0GuLeIfyRl",1,26,5,1,2,1,NA,4,1,2,2,1,2,1,2,1,1,2,1,2,3,1,2,1,1,1,2,4
"R_2Vlu2b7MfxsuHdu",2,29,5,3,2,0,NA,1,3,2,2,2,3,1,1,1,2,2,2,2,2,3,2,1,1,3,1,1
"R_2Vlu2b7MfxsuHdu",2,29,5,3,2,0,NA,2,3,2,2,1,3,1,1,1,3,1,3,1,1,3,2,2,1,4,2,3
"R_2Vlu2b7MfxsuHdu",2,29,5,3,2,0,NA,3,3,1,1,2,2,3,1,2,2,2,1,2,2,4,2,1,1,3,1,4
"R_2Vlu2b7MfxsuHdu",2,29,5,3,2,0,NA,4,3,2,1,1,3,3,1,1,4,1,1,3,2,4,2,2,1,1,3,3
"R_2fJ1YlFmn5cdoC1",1,37,3,2,3,NA,-1,1,1,1,2,1,2,1,1,2,1,1,2,2,1,3,2,2,1,1,3,1
"R_2fJ1YlFmn5cdoC1",1,37,3,2,3,NA,-1,2,1,1,1,1,2,1,2,2,4,1,3,1,3,2,2,1,2,2,1,2
"R_2fJ1YlFmn5cdoC1",1,37,3,2,3,NA,-1,3,2,1,1,2,3,3,1,1,3,2,1,3,2,3,2,2,1,1,1,3
"R_2fJ1YlFmn5cdoC1",1,37,3,2,3,NA,-1,4,3,2,2,1,2,3,1,1,2,2,1,2,4,4,3,2,1,2,3,4
"R_1rogcOnu0P1TNEB",1,41,4,1,3,NA,0,1,3,2,1,2,2,3,1,1,1,2,1,2,2,3,2,2,1,1,3,1
"R_1rogcOnu0P1TNEB",1,41,4,1,3,NA,0,2,1,2,1,1,2,1,2,2,3,1,3,1,2,2,2,1,1,2,2,2
"R_1rogcOnu0P1TNEB",1,41,4,1,3,NA,0,3,2,2,1,2,2,2,1,1,2,2,1,2,1,3,2,1,1,2,1,4
"R_1rogcOnu0P1TNEB",1,41,4,1,3,NA,0,4,3,2,1,2,2,3,1,1,1,2,1,2,2,3,2,2,1,3,1,2
"R_3sBOx5scqRlFcX6",2,34,5,4,1,1,NA,1,2,2,1,1,2,3,1,2,3,1,1,2,2,3,2,1,1,4,1,3
"R_3sBOx5scqRlFcX6",2,34,5,4,1,1,NA,2,2,2,1,2,2,2,1,1,4,1,1,2,1,3,2,1,1,2,2,2
"R_3sBOx5scqRlFcX6",2,34,5,4,1,1,NA,3,1,1,1,1,2,3,1,1,3,1,1,2,2,3,2,1,1,2,1,1
"R_3sBOx5scqRlFcX6",2,34,5,4,1,1,NA,4,3,1,2,1,2,3,1,1,3,2,1,3,1,3,2,2,1,1,1,2
"R_2tt9TUwTNWhXTFE",2,30,5,1,4,NA,0,1,3,2,2,2,3,2,1,2,1,2,2,3,2,4,2,2,1,3,3,3
"R_2tt9TUwTNWhXTFE",2,30,5,1,4,NA,0,2,1,1,2,2,2,1,1,2,2,2,2,2,1,3,2,1,1,2,1,1
"R_2tt9TUwTNWhXTFE",2,30,5,1,4,NA,0,3,2,1,2,1,3,3,2,2,1,2,2,2,3,1,3,1,1,1,3,4
"R_2tt9TUwTNWhXTFE",2,30,5,1,4,NA,0,4,1,2,1,1,2,1,1,2,2,1,3,2,3,3,2,2,1,3,2,2
"R_12D9WIO7xINNwTx",1,34,5,4,2,0,NA,1,1,2,1,1,3,3,1,1,2,1,1,2,2,3,2,2,2,2,3,2
"R_12D9WIO7xINNwTx",1,34,5,4,2,0,NA,2,3,1,2,1,3,2,1,2,3,1,1,3,2,4,2,2,1,1,1,3
"R_12D9WIO7xINNwTx",1,34,5,4,2,0,NA,3,1,2,2,1,2,1,2,1,1,1,3,1,3,1,3,1,1,4,3,4
"R_12D9WIO7xINNwTx",1,34,5,4,2,0,NA,4,1,1,1,2,3,3,1,1,4,1,2,2,4,3,2,2,3,1,1,2
"R_110XQcmZKnqwlqN",1,35,4,3,1,1,NA,1,2,2,2,1,3,2,1,1,3,2,1,2,1,3,2,1,1,4,3,2
"R_110XQcmZKnqwlqN",1,35,4,3,1,1,NA,2,2,1,2,1,2,3,1,1,1,2,2,2,3,3,1,1,1,4,2,3
"R_110XQcmZKnqwlqN",1,35,4,3,1,1,NA,3,1,2,1,2,3,2,2,2,4,1,3,2,3,1,3,1,1,1,1,2
"R_110XQcmZKnqwlqN",1,35,4,3,1,1,NA,4,3,1,2,1,3,3,1,1,3,2,1,3,2,4,2,2,1,3,2,3
"R_2a9VYi3lMb71FAN",2,38,5,2,3,NA,1,1,3,2,2,1,2,2,1,2,4,1,2,2,1,4,2,1,1,3,3,3
"R_2a9VYi3lMb71FAN",2,38,5,2,3,NA,1,2,1,1,2,1,2,1,2,2,1,1,2,1,2,3,2,1,7,2,2,4
"R_2a9VYi3lMb71FAN",2,38,5,2,3,NA,1,3,1,1,2,2,3,1,2,1,2,2,1,1,1,3,2,2,1,4,1,1
"R_2a9VYi3lMb71FAN",2,38,5,2,3,NA,1,4,2,2,2,2,3,2,1,1,3,2,1,2,1,4,2,2,1,1,3,4
"R_273TAUXEyo6AkvF",1,23,5,4,2,0,NA,1,2,2,2,2,2,2,1,1,3,2,1,1,1,3,2,1,1,4,3,2
"R_273TAUXEyo6AkvF",1,23,5,4,2,0,NA,2,1,1,2,1,2,2,1,1,1,1,3,2,3,3,2,1,1,1,2,4
"R_273TAUXEyo6AkvF",1,23,5,4,2,0,NA,3,1,1,2,2,2,1,1,2,1,2,2,2,2,2,3,1,1,4,3,1
"R_273TAUXEyo6AkvF",1,23,5,4,2,0,NA,4,1,2,1,1,2,1,1,1,1,1,2,1,1,2,2,2,1,3,2,1
"R_Od2ZvcP5nYv9Lpv",1,37,5,3,2,1,NA,1,2,1,2,1,2,1,1,1,2,2,1,2,1,3,2,1,7,2,2,1
"R_Od2ZvcP5nYv9Lpv",1,37,5,3,2,1,NA,2,2,1,2,1,2,1,1,1,3,2,1,2,1,3,2,1,7,2,2,1
"R_Od2ZvcP5nYv9Lpv",1,37,5,3,2,1,NA,3,3,1,1,2,2,2,2,2,2,1,2,2,2,1,1,1,1,3,3,3
"R_Od2ZvcP5nYv9Lpv",1,37,5,3,2,1,NA,4,3,1,1,1,2,3,1,2,4,1,3,2,3,2,2,2,1,4,3,2
"R_2Yny7cryVBiYqEt",2,20,3,2,2,0,NA,1,3,1,2,2,3,3,1,1,3,2,1,2,1,4,2,2,1,1,3,1
"R_2Yny7cryVBiYqEt",2,20,3,2,2,0,NA,2,2,2,2,1,3,2,1,2,1,2,3,2,2,3,2,1,1,2,2,3
"R_2Yny7cryVBiYqEt",2,20,3,2,2,0,NA,3,2,1,1,2,3,2,1,2,3,1,3,2,3,4,2,1,1,3,1,4
"R_2Yny7cryVBiYqEt",2,20,3,2,2,0,NA,4,3,2,2,2,3,3,1,1,4,2,1,2,1,3,2,2,1,1,3,3
"R_YXHfUZwPImeFCTf",1,32,3,2,3,NA,-1,1,1,2,1,2,2,3,1,1,1,2,1,3,1,3,2,1,1,3,2,2
"R_YXHfUZwPImeFCTf",1,32,3,2,3,NA,-1,2,1,1,1,1,2,2,2,2,3,1,2,2,2,1,3,1,1,1,3,2
"R_YXHfUZwPImeFCTf",1,32,3,2,3,NA,-1,3,1,1,2,1,3,3,1,2,4,1,3,3,1,4,2,1,1,4,2,4
"R_YXHfUZwPImeFCTf",1,32,3,2,3,NA,-1,4,2,2,2,1,2,3,1,2,3,2,2,2,1,2,2,2,1,2,1,3
"R_1da7WUvhR0gfI5G",2,26,3,1,3,NA,-1,1,1,2,1,1,2,2,1,2,3,1,2,3,2,3,2,1,1,2,3,2
"R_1da7WUvhR0gfI5G",2,26,3,1,3,NA,-1,2,2,1,2,1,1,2,1,1,4,2,1,3,1,2,2,2,1,3,1,1
"R_1da7WUvhR0gfI5G",2,26,3,1,3,NA,-1,3,2,2,1,2,1,3,2,1,1,2,1,2,3,3,2,1,2,2,2,4
"R_1da7WUvhR0gfI5G",2,26,3,1,3,NA,-1,4,2,2,1,2,2,2,1,1,2,2,1,3,1,3,2,1,1,3,3,3
"R_3QDZNOfz00v4ljX",1,30,3,1,3,NA,0,1,3,2,1,2,2,1,1,1,1,2,2,2,1,3,2,1,1,1,2,4
"R_3QDZNOfz00v4ljX",1,30,3,1,3,NA,0,2,1,1,2,1,3,3,2,2,3,1,3,1,2,2,2,1,1,3,3,1
"R_3QDZNOfz00v4ljX",1,30,3,1,3,NA,0,3,1,1,2,2,2,2,1,1,2,2,1,2,1,4,2,2,1,4,1,2
"R_3QDZNOfz00v4ljX",1,30,3,1,3,NA,0,4,2,2,2,2,3,2,1,1,4,2,1,2,1,4,2,1,1,2,1,3
"R_uxph8C1fqz2x3iN",2,61,5,3,2,1,NA,1,1,2,1,2,2,2,1,1,3,2,2,2,2,3,2,1,1,1,2,4
"R_uxph8C1fqz2x3iN",2,61,5,3,2,1,NA,2,1,2,2,2,2,3,1,1,4,2,1,2,2,4,2,1,1,4,3,2
"R_uxph8C1fqz2x3iN",2,61,5,3,2,1,NA,3,3,1,2,1,2,3,1,2,2,2,2,3,2,2,2,2,2,1,3,1
"R_uxph8C1fqz2x3iN",2,61,5,3,2,1,NA,4,1,2,1,1,2,3,2,2,2,1,3,1,2,3,2,1,1,2,2,4
"R_11hdwAJcsPcZNfD",1,29,4,2,3,NA,-1,1,2,1,1,1,2,3,1,2,3,1,3,2,2,3,2,1,1,1,3,1
"R_11hdwAJcsPcZNfD",1,29,4,2,3,NA,-1,2,2,1,2,2,2,1,2,1,1,2,1,2,3,2,2,1,1,3,1,2
"R_11hdwAJcsPcZNfD",1,29,4,2,3,NA,-1,3,2,2,1,2,2,1,1,2,4,2,2,2,1,1,1,1,1,2,2,3
"R_11hdwAJcsPcZNfD",1,29,4,2,3,NA,-1,4,2,1,1,1,2,1,2,2,1,1,3,1,1,1,3,2,7,4,3,4
"R_10SlVLYNVVzMtJh",2,69,3,2,2,0,NA,1,1,2,1,1,3,1,1,1,3,2,2,3,2,3,2,1,1,4,2,3
"R_10SlVLYNVVzMtJh",2,69,3,2,2,0,NA,2,1,1,2,2,2,1,1,2,3,2,1,2,1,4,2,1,1,3,1,3
"R_10SlVLYNVVzMtJh",2,69,3,2,2,0,NA,3,3,2,2,1,2,1,1,2,1,2,1,3,1,3,2,2,1,1,3,1
"R_10SlVLYNVVzMtJh",2,69,3,2,2,0,NA,4,1,1,1,1,2,3,2,2,4,1,2,2,3,3,2,1,2,1,1,2
"R_1Iz1UjG2Ue5SLgd",2,26,4,2,2,1,NA,1,1,2,2,2,2,2,1,1,4,2,2,2,1,3,2,2,1,1,2,2
"R_1Iz1UjG2Ue5SLgd",2,26,4,2,2,1,NA,2,1,1,1,2,2,3,2,1,1,2,2,1,3,3,2,2,1,3,1,4
"R_1Iz1UjG2Ue5SLgd",2,26,4,2,2,1,NA,3,1,1,2,1,2,2,1,1,2,2,1,1,1,2,3,1,1,2,1,1
"R_1Iz1UjG2Ue5SLgd",2,26,4,2,2,1,NA,4,2,1,2,2,2,1,1,1,4,2,1,2,2,4,1,1,1,2,2,1
"R_wSPiYjfuqcukvDz",1,37,6,3,1,0,NA,1,2,2,1,2,3,2,1,1,1,2,2,2,2,3,2,1,1,1,1,3
"R_wSPiYjfuqcukvDz",1,37,6,3,1,0,NA,2,2,1,2,1,3,3,2,2,4,1,3,2,1,2,2,1,1,4,3,4
"R_wSPiYjfuqcukvDz",1,37,6,3,1,0,NA,3,1,2,2,1,2,3,2,1,3,2,2,3,1,3,2,1,1,2,3,2
"R_wSPiYjfuqcukvDz",1,37,6,3,1,0,NA,4,2,2,1,1,2,1,1,2,4,1,2,1,2,2,2,2,7,3,2,1
"R_WeThUB9ZCx3lfUt",2,45,2,5,1,0,NA,1,2,2,2,1,2,3,1,1,3,1,3,2,1,3,2,1,1,3,3,3
"R_WeThUB9ZCx3lfUt",2,45,2,5,1,0,NA,2,2,2,1,2,2,3,1,1,1,2,1,1,1,2,2,2,1,2,3,2
"R_WeThUB9ZCx3lfUt",2,45,2,5,1,0,NA,3,2,2,2,2,2,1,1,1,3,2,1,2,2,2,2,2,1,1,1,1
"R_WeThUB9ZCx3lfUt",2,45,2,5,1,0,NA,4,2,2,2,2,2,3,2,1,2,2,1,2,1,3,3,2,2,2,1,2
"R_1dlQ1jSQcLi4YFn",1,22,4,3,3,NA,1,1,2,1,2,1,2,1,1,2,3,1,2,2,2,4,2,1,1,3,2,1
"R_1dlQ1jSQcLi4YFn",1,22,4,3,3,NA,1,2,3,2,2,1,2,2,1,1,3,2,1,3,2,4,2,2,1,1,1,1
"R_1dlQ1jSQcLi4YFn",1,22,4,3,3,NA,1,3,2,1,2,1,2,1,1,2,3,1,2,2,2,4,2,1,1,3,2,1
"R_1dlQ1jSQcLi4YFn",1,22,4,3,3,NA,1,4,1,1,2,2,2,3,1,1,4,2,1,2,2,3,2,1,1,2,3,2
"R_57NVLOqgBLqXSGB",1,26,2,2,2,0,NA,1,3,2,1,2,2,3,1,1,4,1,1,3,2,3,2,2,1,1,1,2
"R_57NVLOqgBLqXSGB",1,26,2,2,2,0,NA,2,2,1,1,2,2,3,2,1,3,1,1,2,2,2,2,1,1,2,2,3
"R_57NVLOqgBLqXSGB",1,26,2,2,2,0,NA,3,1,2,1,1,2,3,1,2,2,1,3,2,2,2,2,1,1,1,1,2
"R_57NVLOqgBLqXSGB",1,26,2,2,2,0,NA,4,3,1,2,1,2,2,1,1,1,2,1,3,1,3,2,2,1,4,3,1
"R_1KkTWIm0o4IqyS9",2,40,5,4,1,1,NA,1,3,2,2,2,3,1,1,1,2,2,1,3,1,4,2,1,1,1,3,2
"R_1KkTWIm0o4IqyS9",2,40,5,4,1,1,NA,2,1,2,1,1,3,3,1,2,4,1,3,3,2,1,2,1,1,4,2,3
"R_1KkTWIm0o4IqyS9",2,40,5,4,1,1,NA,3,3,1,2,2,2,3,2,1,3,2,2,2,3,3,2,1,1,3,1,4
"R_1KkTWIm0o4IqyS9",2,40,5,4,1,1,NA,4,2,1,1,1,3,2,1,2,4,1,1,2,2,2,1,1,1,2,2,1
"R_3gYF2TgNLFXxuN0",2,55,3,3,2,0,NA,1,1,1,2,2,2,1,1,1,3,1,1,1,2,3,2,2,2,3,1,2
"R_3gYF2TgNLFXxuN0",2,55,3,3,2,0,NA,2,1,2,2,2,3,2,1,1,4,2,2,2,2,4,2,1,1,4,2,3
"R_3gYF2TgNLFXxuN0",2,55,3,3,2,0,NA,3,1,1,2,1,3,1,2,2,1,1,3,2,1,2,1,2,1,1,3,3
"R_3gYF2TgNLFXxuN0",2,55,3,3,2,0,NA,4,2,2,2,2,3,3,1,1,4,2,1,3,2,3,2,2,1,2,3,2
"R_OPV60Hr7J1ec5tn",1,29,3,2,1,0,NA,1,3,1,1,1,2,3,1,2,1,1,3,3,1,3,3,1,1,3,1,1
"R_OPV60Hr7J1ec5tn",1,29,3,2,1,0,NA,2,2,1,2,1,2,1,1,2,4,1,2,2,2,4,2,2,1,4,2,1
"R_OPV60Hr7J1ec5tn",1,29,3,2,1,0,NA,3,2,2,1,2,2,1,2,1,3,2,2,2,1,1,1,1,1,1,2,2
"R_OPV60Hr7J1ec5tn",1,29,3,2,1,0,NA,4,2,2,1,1,3,1,1,2,2,1,3,3,4,2,2,1,7,2,1,2
"R_ZsrvaooKyC90f3b",1,25,5,5,2,1,NA,1,1,1,2,1,2,1,1,2,3,2,2,2,3,3,2,1,1,3,3,1
"R_ZsrvaooKyC90f3b",1,25,5,5,2,1,NA,2,3,1,1,1,2,1,1,2,4,1,2,2,1,3,2,2,3,1,3,3
"R_ZsrvaooKyC90f3b",1,25,5,5,2,1,NA,3,2,2,2,2,2,1,1,1,3,2,1,1,4,3,2,1,7,4,2,4
"R_ZsrvaooKyC90f3b",1,25,5,5,2,1,NA,4,3,1,2,2,2,1,2,1,1,2,2,2,1,2,2,1,1,4,1,3
"R_3nOQYD2SYEOgCE4",2,24,5,2,2,1,NA,1,3,2,1,2,2,3,1,1,2,2,2,3,1,3,2,1,1,4,2,4
"R_3nOQYD2SYEOgCE4",2,24,5,2,2,1,NA,2,3,1,1,1,2,3,2,2,1,1,3,2,3,2,2,1,1,2,1,1
"R_3nOQYD2SYEOgCE4",2,24,5,2,2,1,NA,3,1,1,1,2,2,1,2,1,4,1,1,2,2,1,2,1,2,3,2,2
"R_3nOQYD2SYEOgCE4",2,24,5,2,2,1,NA,4,2,1,2,1,1,2,2,2,2,2,2,1,4,4,2,1,2,2,2,3
"R_4SbLGiAkUM3zgB3",1,70,6,5,1,1,NA,1,1,1,2,2,2,1,2,2,1,1,2,1,3,3,2,1,7,1,1,1
"R_4SbLGiAkUM3zgB3",1,70,6,5,1,1,NA,2,2,1,1,2,2,1,2,2,1,1,2,2,3,3,2,1,1,1,1,1
"R_4SbLGiAkUM3zgB3",1,70,6,5,1,1,NA,3,1,2,2,2,2,2,1,1,3,2,2,3,1,4,2,2,1,3,2,4
"R_4SbLGiAkUM3zgB3",1,70,6,5,1,1,NA,4,1,2,1,1,3,1,2,2,4,1,3,2,1,2,3,1,7,2,3,2
"R_3Ma6ziLmf17IV3a",2,37,6,7,3,NA,-1,1,1,2,1,1,3,1,1,2,4,1,2,2,2,3,2,1,1,1,3,2
"R_3Ma6ziLmf17IV3a",2,37,6,7,3,NA,-1,2,3,1,1,2,2,3,1,1,1,2,1,1,1,4,2,2,1,3,1,1
"R_3Ma6ziLmf17IV3a",2,37,6,7,3,NA,-1,3,1,2,2,1,2,1,2,2,2,2,1,1,3,2,2,1,2,4,2,3
"R_3Ma6ziLmf17IV3a",2,37,6,7,3,NA,-1,4,1,1,2,2,2,1,1,1,3,2,1,2,1,4,2,1,7,2,2,4
"R_3HoGORPYXn2l1XJ",1,28,5,2,2,0,NA,1,1,1,1,1,3,3,1,2,1,1,2,2,3,3,2,1,1,2,1,2
"R_3HoGORPYXn2l1XJ",1,28,5,2,2,0,NA,2,3,2,1,1,3,2,1,2,3,1,2,2,2,4,2,1,1,3,3,4
"R_3HoGORPYXn2l1XJ",1,28,5,2,2,0,NA,3,2,1,2,1,2,1,1,1,4,1,2,1,4,3,2,1,1,3,2,3
"R_3HoGORPYXn2l1XJ",1,28,5,2,2,0,NA,4,2,2,2,2,2,2,1,1,3,2,1,2,1,4,3,1,1,4,2,4
"R_2xWZ2jSf5SrTf9n",1,37,4,3,2,1,NA,1,3,2,1,2,3,3,1,1,3,1,3,2,2,3,2,2,1,2,2,2
"R_2xWZ2jSf5SrTf9n",1,37,4,3,2,1,NA,2,3,1,2,2,3,2,1,1,4,2,1,3,2,3,2,2,1,4,1,3
"R_2xWZ2jSf5SrTf9n",1,37,4,3,2,1,NA,3,2,1,2,2,2,1,1,1,1,2,1,2,1,2,2,1,1,1,1,3
"R_2xWZ2jSf5SrTf9n",1,37,4,3,2,1,NA,4,2,2,1,2,2,1,1,1,4,1,2,2,1,2,2,1,1,3,2,2
"R_W7N2u168t7a2DQJ",1,35,5,3,3,NA,0,1,3,1,2,2,3,2,1,1,3,2,1,3,2,3,2,2,1,2,2,4
"R_W7N2u168t7a2DQJ",1,35,5,3,3,NA,0,2,2,2,1,2,3,3,1,1,1,2,1,3,2,3,2,1,1,4,2,1
"R_W7N2u168t7a2DQJ",1,35,5,3,3,NA,0,3,1,1,1,1,3,1,2,2,2,1,2,2,2,3,2,1,1,2,3,2
"R_W7N2u168t7a2DQJ",1,35,5,3,3,NA,0,4,2,2,1,1,3,2,1,2,2,1,2,3,2,3,2,2,1,4,1,1
"R_3qqZSudd6PDzPcn",2,44,2,3,1,0,NA,1,1,1,1,1,2,3,2,2,4,1,3,3,2,2,2,1,1,1,1,1
"R_3qqZSudd6PDzPcn",2,44,2,3,1,0,NA,2,2,1,2,2,3,2,1,1,3,2,1,2,1,3,2,2,1,2,1,3
"R_3qqZSudd6PDzPcn",2,44,2,3,1,0,NA,3,2,1,1,1,2,2,1,2,4,1,3,2,2,3,2,1,1,1,2,1
"R_3qqZSudd6PDzPcn",2,44,2,3,1,0,NA,4,2,2,1,1,3,3,2,2,4,1,3,3,2,3,2,1,1,1,1,1
"R_57ucS86ITMkyg4F",1,44,5,2,3,NA,1,1,3,1,2,1,2,1,1,2,1,1,2,2,2,3,2,1,1,1,1,1
"R_57ucS86ITMkyg4F",1,44,5,2,3,NA,1,2,1,2,1,1,2,1,1,2,4,1,2,2,2,2,2,1,1,4,3,4
"R_57ucS86ITMkyg4F",1,44,5,2,3,NA,1,3,2,1,1,1,2,3,2,2,2,1,3,2,2,3,2,1,2,3,1,2
"R_57ucS86ITMkyg4F",1,44,5,2,3,NA,1,4,3,1,1,1,2,3,1,2,1,1,3,2,2,4,2,1,1,2,1,3
"R_Ce0SiGu7t69aOlP",1,34,5,4,3,NA,0,1,1,2,1,2,2,1,2,2,4,1,3,1,2,1,1,1,3,3,1,1
"R_Ce0SiGu7t69aOlP",1,34,5,4,3,NA,0,2,3,2,1,2,2,1,1,2,1,1,3,1,2,1,1,1,3,2,3,2
"R_Ce0SiGu7t69aOlP",1,34,5,4,3,NA,0,3,3,1,2,2,2,1,1,1,4,2,2,1,1,3,2,2,1,4,2,3
"R_Ce0SiGu7t69aOlP",1,34,5,4,3,NA,0,4,2,1,2,2,2,1,1,1,4,2,2,1,4,3,2,2,1,1,3,4
"R_Y3lCM547nlSVHuF",2,26,5,2,1,0,NA,1,2,1,2,2,3,1,1,1,2,2,1,1,1,3,2,1,1,4,2,1
"R_Y3lCM547nlSVHuF",2,26,5,2,1,0,NA,2,2,2,1,1,2,1,2,2,4,1,2,1,3,2,2,2,1,3,1,2
"R_Y3lCM547nlSVHuF",2,26,5,2,1,0,NA,3,3,2,1,2,2,3,2,1,1,1,2,1,1,1,2,1,7,1,1,4
"R_Y3lCM547nlSVHuF",2,26,5,2,1,0,NA,4,3,1,1,2,3,1,2,1,1,2,3,2,1,1,2,2,7,3,2,4
"R_xbDg1dlXdGWwiZz",2,32,3,3,3,NA,-1,1,3,1,2,1,3,1,1,2,2,2,1,2,2,3,2,2,1,2,2,1
"R_xbDg1dlXdGWwiZz",2,32,3,3,3,NA,-1,2,3,2,2,2,3,3,1,1,2,2,1,3,2,4,3,1,1,1,1,3
"R_xbDg1dlXdGWwiZz",2,32,3,3,3,NA,-1,3,1,1,1,2,2,3,1,2,3,2,2,2,2,3,2,2,1,2,3,3
"R_xbDg1dlXdGWwiZz",2,32,3,3,3,NA,-1,4,2,2,1,1,2,2,1,2,2,1,2,2,2,3,2,1,1,3,2,3
"R_3sdBK6Suq2z8y2Y",1,32,5,1,3,NA,-1,1,2,2,1,2,3,1,1,1,1,2,2,3,2,4,2,1,1,2,3,1
"R_3sdBK6Suq2z8y2Y",1,32,5,1,3,NA,-1,2,1,1,2,2,3,1,1,1,1,2,1,3,2,4,2,1,1,1,3,1
"R_3sdBK6Suq2z8y2Y",1,32,5,1,3,NA,-1,3,1,2,2,1,3,1,1,2,4,2,3,3,2,4,2,1,1,2,1,3
"R_3sdBK6Suq2z8y2Y",1,32,5,1,3,NA,-1,4,3,2,1,1,3,1,1,2,4,1,3,3,2,4,2,1,1,2,1,4
"R_3e8jaitn5VPBXr8",2,44,5,1,3,NA,-1,1,2,2,2,2,1,2,1,1,3,2,1,1,1,3,2,2,1,2,1,1
"R_3e8jaitn5VPBXr8",2,44,5,1,3,NA,-1,2,2,2,1,2,2,2,2,2,4,2,1,1,1,2,1,1,1,2,2,1
"R_3e8jaitn5VPBXr8",2,44,5,1,3,NA,-1,3,3,1,1,2,2,3,2,2,3,1,2,1,3,2,1,1,1,4,1,2
"R_3e8jaitn5VPBXr8",2,44,5,1,3,NA,-1,4,2,2,1,2,2,3,2,2,2,1,2,1,3,2,1,1,1,1,2,4
"R_3nJLmB5cRH9L28l",1,37,4,4,2,1,NA,1,3,1,2,2,3,3,1,1,2,2,1,3,1,4,2,2,1,1,3,1
"R_3nJLmB5cRH9L28l",1,37,4,4,2,1,NA,2,2,2,1,1,2,2,1,2,3,1,2,2,2,3,2,1,1,2,2,3
"R_3nJLmB5cRH9L28l",1,37,4,4,2,1,NA,3,2,1,2,2,2,3,2,2,1,2,2,2,3,4,2,1,1,3,3,2
"R_3nJLmB5cRH9L28l",1,37,4,4,2,1,NA,4,3,1,2,1,3,2,1,2,4,1,2,3,2,4,2,2,1,3,2,3
"R_qJVyktxNmrOVnkB",2,23,1,2,3,NA,0,1,2,2,2,2,1,1,1,1,3,2,1,1,3,3,2,2,1,4,3,3
"R_qJVyktxNmrOVnkB",2,23,1,2,3,NA,0,2,2,1,1,2,2,1,2,2,1,2,2,1,3,2,2,2,1,3,1,4
"R_qJVyktxNmrOVnkB",2,23,1,2,3,NA,0,3,2,1,2,1,2,1,1,2,2,1,3,1,1,3,2,1,2,2,2,1
"R_qJVyktxNmrOVnkB",2,23,1,2,3,NA,0,4,3,2,2,1,2,1,1,2,4,1,3,2,2,4,3,2,1,1,3,2
"R_2CfzYk43akq2YlF",1,35,6,1,2,0,NA,1,2,1,1,1,3,3,1,2,1,1,2,2,2,3,2,2,1,1,2,3
"R_2CfzYk43akq2YlF",1,35,6,1,2,0,NA,2,1,1,1,1,3,2,1,2,1,1,2,3,2,3,2,2,3,4,1,2
"R_2CfzYk43akq2YlF",1,35,6,1,2,0,NA,3,3,1,2,2,3,2,1,1,2,2,1,3,2,3,2,2,1,2,2,2
"R_2CfzYk43akq2YlF",1,35,6,1,2,0,NA,4,1,1,2,1,3,1,1,1,2,2,2,3,2,2,3,1,2,3,1,4
"R_3nMCwXOIXiU8GTO",2,29,5,3,4,NA,-1,1,1,2,2,2,2,1,1,1,3,2,1,3,1,3,2,1,1,4,1,3
"R_3nMCwXOIXiU8GTO",2,29,5,3,4,NA,-1,2,2,1,1,1,2,3,2,2,1,1,3,2,2,2,2,1,1,1,2,1
"R_3nMCwXOIXiU8GTO",2,29,5,3,4,NA,-1,3,1,2,2,2,2,1,1,1,3,2,1,3,1,3,2,1,1,3,1,3
"R_3nMCwXOIXiU8GTO",2,29,5,3,4,NA,-1,4,3,2,2,2,2,3,1,1,2,2,1,3,2,3,2,2,1,2,1,4
"R_1mhl5Sd0Ldc0839",2,31,3,3,2,1,NA,1,1,2,1,2,2,2,1,2,4,2,2,2,2,3,2,2,1,1,1,1
"R_1mhl5Sd0Ldc0839",2,31,3,3,2,1,NA,2,1,1,1,2,1,3,1,1,1,2,2,1,4,4,1,1,7,4,3,2
"R_1mhl5Sd0Ldc0839",2,31,3,3,2,1,NA,3,1,1,2,2,2,1,2,2,3,1,3,2,1,2,3,1,1,3,2,3
"R_1mhl5Sd0Ldc0839",2,31,3,3,2,1,NA,4,2,2,2,1,2,2,2,2,2,1,2,1,1,3,2,1,1,3,2,4
"R_2dFSHRAD2dAvMzz",1,59,3,1,2,1,NA,1,1,1,1,2,2,1,2,2,3,1,3,1,2,3,2,1,1,4,2,3
"R_2dFSHRAD2dAvMzz",1,59,3,1,2,1,NA,2,2,2,2,1,2,2,1,1,4,2,1,3,1,4,3,2,7,2,1,4
"R_2dFSHRAD2dAvMzz",1,59,3,1,2,1,NA,3,2,2,2,1,2,2,1,1,2,2,2,2,2,3,3,2,7,1,3,1
"R_2dFSHRAD2dAvMzz",1,59,3,1,2,1,NA,4,1,1,2,1,2,3,2,2,1,1,2,2,2,4,2,1,2,3,2,2
"R_2BgKXUn59UvpYKy",2,29,5,3,2,0,NA,1,1,1,1,1,2,3,1,1,1,1,1,2,1,3,2,1,1,1,2,2
"R_2BgKXUn59UvpYKy",2,29,5,3,2,0,NA,2,3,2,2,2,1,2,1,1,1,2,1,1,1,4,2,2,1,2,2,3
"R_2BgKXUn59UvpYKy",2,29,5,3,2,0,NA,3,2,1,1,2,3,1,1,1,4,2,1,2,3,2,2,1,1,3,1,1
"R_2BgKXUn59UvpYKy",2,29,5,3,2,0,NA,4,1,2,1,1,3,3,1,1,1,2,1,2,1,1,3,1,1,2,2,2
"R_bmFn7SzX2acH08V",2,37,4,4,3,NA,1,1,3,1,2,2,3,2,1,1,3,2,1,3,2,3,2,2,1,1,1,1
"R_bmFn7SzX2acH08V",2,37,4,4,3,NA,1,2,3,1,2,2,3,2,1,1,4,2,1,3,2,3,2,2,1,1,1,1
"R_bmFn7SzX2acH08V",2,37,4,4,3,NA,1,3,1,2,1,1,2,1,1,2,1,1,3,1,4,4,3,1,2,4,2,3
"R_bmFn7SzX2acH08V",2,37,4,4,3,NA,1,4,3,2,1,2,2,1,1,2,3,1,1,3,2,2,1,1,1,2,3,1
"R_1NfUe6c17anC4P8",1,35,5,3,3,NA,-1,1,3,2,2,1,3,3,1,1,4,2,1,3,2,3,2,1,1,2,3,1
"R_1NfUe6c17anC4P8",1,35,5,3,3,NA,-1,2,2,2,1,1,3,3,1,1,3,2,2,3,2,3,2,1,1,1,1,3
"R_1NfUe6c17anC4P8",1,35,5,3,3,NA,-1,3,3,1,2,2,3,3,1,1,3,2,2,3,2,3,2,1,1,3,3,1
"R_1NfUe6c17anC4P8",1,35,5,3,3,NA,-1,4,3,1,2,2,3,3,1,1,3,2,1,3,2,3,2,1,1,3,3,1
"R_2Ys48GfcGqoGY48",2,31,3,3,3,NA,-1,1,2,2,1,2,3,2,1,1,4,2,1,3,2,3,2,1,1,2,1,3
"R_2Ys48GfcGqoGY48",2,31,3,3,3,NA,-1,2,1,1,2,2,2,3,1,1,3,2,1,3,1,2,3,2,1,1,3,1
"R_2Ys48GfcGqoGY48",2,31,3,3,3,NA,-1,3,3,2,2,1,2,2,2,2,4,2,2,2,2,2,2,1,1,4,2,2
"R_2Ys48GfcGqoGY48",2,31,3,3,3,NA,-1,4,3,2,2,2,2,3,1,1,4,2,1,3,4,3,2,2,2,3,2,4
"R_32JhsDlmt6pOs3x",2,26,4,2,2,1,NA,1,2,1,1,1,3,3,1,2,2,1,2,3,2,3,2,1,1,1,2,3
"R_32JhsDlmt6pOs3x",2,26,4,2,2,1,NA,2,3,1,1,2,2,2,1,1,4,1,1,3,1,4,2,2,1,4,2,1
"R_32JhsDlmt6pOs3x",2,26,4,2,2,1,NA,3,1,2,2,2,2,3,1,1,1,2,1,2,1,4,2,2,1,4,1,4
"R_32JhsDlmt6pOs3x",2,26,4,2,2,1,NA,4,2,1,1,2,2,3,1,1,1,1,2,2,2,3,2,2,1,1,1,4
"R_8ICHC4mMmtZFmLL",1,28,3,1,2,1,NA,1,2,1,2,2,3,2,1,1,3,2,1,3,1,4,2,2,1,3,3,1
"R_8ICHC4mMmtZFmLL",1,28,3,1,2,1,NA,2,2,1,2,2,3,2,1,1,3,2,1,3,1,4,2,2,1,1,3,3
"R_8ICHC4mMmtZFmLL",1,28,3,1,2,1,NA,3,1,1,1,2,2,1,1,2,2,1,2,2,2,3,2,1,1,4,1,4
"R_8ICHC4mMmtZFmLL",1,28,3,1,2,1,NA,4,1,1,2,2,3,1,1,1,4,2,1,3,1,3,2,2,1,1,3,1
"R_3RdARNjkYJA1vEw",2,27,4,1,2,0,NA,1,2,2,2,2,3,2,1,1,3,2,1,2,1,3,2,2,1,1,2,3
"R_3RdARNjkYJA1vEw",2,27,4,1,2,0,NA,2,3,1,1,2,2,3,1,2,4,1,2,1,2,4,2,2,1,3,3,2
"R_3RdARNjkYJA1vEw",2,27,4,1,2,0,NA,3,1,1,2,1,2,2,1,2,1,2,1,1,1,3,2,2,1,1,1,1
"R_3RdARNjkYJA1vEw",2,27,4,1,2,0,NA,4,1,2,1,2,2,2,1,1,3,2,1,2,2,2,2,1,7,2,2,4
"R_2XaGEIuoPUuiLNp",1,25,3,3,3,NA,-1,1,3,1,2,1,2,3,1,2,1,1,2,1,1,4,3,1,1,1,1,1
"R_2XaGEIuoPUuiLNp",1,25,3,3,3,NA,-1,2,1,2,1,1,3,3,1,2,4,1,2,2,2,3,2,1,1,2,3,3
"R_2XaGEIuoPUuiLNp",1,25,3,3,3,NA,-1,3,2,1,2,1,2,2,1,2,1,1,1,2,3,2,3,1,1,1,2,3
"R_2XaGEIuoPUuiLNp",1,25,3,3,3,NA,-1,4,3,1,2,1,2,2,1,2,2,1,2,1,1,3,3,1,1,4,1,4
"R_1GPwLqXMah6SN1c",2,53,6,4,2,0,NA,1,2,1,2,2,2,3,1,1,4,2,2,2,1,3,2,2,1,3,1,1
"R_1GPwLqXMah6SN1c",2,53,6,4,2,0,NA,2,1,2,1,2,2,2,1,1,3,2,2,1,2,2,2,2,1,1,2,4
"R_1GPwLqXMah6SN1c",2,53,6,4,2,0,NA,3,2,2,1,2,3,3,2,1,2,2,2,2,1,3,2,1,7,2,3,2
"R_1GPwLqXMah6SN1c",2,53,6,4,2,0,NA,4,1,2,1,2,1,1,1,1,3,2,1,1,4,1,3,1,1,1,2,4
"R_3MEDhWbF8JlmKdY",1,30,3,2,3,NA,1,1,1,2,2,2,2,2,1,1,3,2,1,2,2,3,2,2,1,2,3,4
"R_3MEDhWbF8JlmKdY",1,30,3,2,3,NA,1,2,3,2,1,2,3,3,1,1,4,2,1,2,1,4,2,2,7,1,2,3
"R_3MEDhWbF8JlmKdY",1,30,3,2,3,NA,1,3,3,2,1,1,3,2,1,2,2,1,3,2,2,3,2,1,1,1,3,1
"R_3MEDhWbF8JlmKdY",1,30,3,2,3,NA,1,4,3,1,1,1,2,3,1,2,1,1,3,2,2,2,2,1,2,4,3,3
"R_2QfISb7W2Gsa4qq",1,26,3,5,1,1,NA,1,3,1,2,1,2,2,1,2,1,1,2,1,2,3,2,1,1,3,3,2
"R_2QfISb7W2Gsa4qq",1,26,3,5,1,1,NA,2,1,2,2,1,2,1,1,2,4,2,2,2,1,2,2,2,1,1,2,3
"R_2QfISb7W2Gsa4qq",1,26,3,5,1,1,NA,3,1,1,2,2,2,1,1,1,4,2,1,2,1,3,2,2,1,1,1,1
"R_2QfISb7W2Gsa4qq",1,26,3,5,1,1,NA,4,2,1,2,1,2,1,2,2,3,1,3,1,3,3,3,1,2,2,3,4
"R_1Q3dAxXgIJUHxUm",2,41,4,2,2,0,NA,1,1,1,1,1,2,3,1,2,1,1,2,1,3,1,1,1,1,1,2,1
"R_1Q3dAxXgIJUHxUm",2,41,4,2,2,0,NA,2,1,1,2,1,2,1,2,2,2,2,2,2,1,3,2,1,2,4,1,2
"R_1Q3dAxXgIJUHxUm",2,41,4,2,2,0,NA,3,2,2,2,1,2,1,1,1,4,2,1,2,2,3,3,1,1,3,3,4
"R_1Q3dAxXgIJUHxUm",2,41,4,2,2,0,NA,4,2,1,1,1,2,3,2,2,4,1,2,2,1,3,2,1,7,2,2,3
"R_12PyMsbV2gCmhco",1,28,2,2,3,NA,0,1,3,1,2,1,2,1,1,2,3,1,2,1,2,3,2,1,1,1,3,3
"R_12PyMsbV2gCmhco",1,28,2,2,3,NA,0,2,3,1,1,1,2,1,1,2,1,1,3,1,1,2,3,1,1,3,2,1
"R_12PyMsbV2gCmhco",1,28,2,2,3,NA,0,3,1,1,2,2,2,3,1,1,2,2,1,2,2,3,2,2,1,4,3,1
"R_12PyMsbV2gCmhco",1,28,2,2,3,NA,0,4,2,1,2,2,3,2,1,1,3,2,2,2,1,2,2,1,1,3,2,3
"R_uk2O0fOOhfK6tnX",1,27,4,2,2,1,NA,1,3,2,1,1,3,3,2,2,3,1,3,3,2,2,1,1,7,1,1,2
"R_uk2O0fOOhfK6tnX",1,27,4,2,2,1,NA,2,1,1,2,2,3,2,1,1,3,2,1,1,4,3,2,2,1,3,3,1
"R_uk2O0fOOhfK6tnX",1,27,4,2,2,1,NA,3,1,2,1,1,2,3,2,2,4,1,3,1,1,1,3,1,1,4,3,3
"R_uk2O0fOOhfK6tnX",1,27,4,2,2,1,NA,4,3,2,1,1,2,2,2,2,2,1,2,2,4,3,2,1,2,2,1,3
"R_tQe9ncKCYj9CCfn",1,32,2,2,2,0,NA,1,3,2,1,2,3,3,1,1,1,2,2,2,1,3,2,2,1,4,3,1
"R_tQe9ncKCYj9CCfn",1,32,2,2,2,0,NA,2,1,1,2,1,3,2,1,2,4,1,3,2,2,2,2,1,2,3,2,4
"R_tQe9ncKCYj9CCfn",1,32,2,2,2,0,NA,3,2,1,1,2,3,3,1,2,1,1,2,2,1,3,2,2,1,3,3,4
"R_tQe9ncKCYj9CCfn",1,32,2,2,2,0,NA,4,2,1,2,1,2,2,1,2,2,1,3,2,2,2,2,1,1,3,1,2
"R_wTQCazu09VzOE3T",2,55,3,1,2,0,NA,1,1,2,1,1,3,3,1,2,3,1,2,2,1,3,2,2,1,4,2,3
"R_wTQCazu09VzOE3T",2,55,3,1,2,0,NA,2,2,1,1,1,3,2,1,2,1,1,2,2,1,3,2,2,1,2,1,4
"R_wTQCazu09VzOE3T",2,55,3,1,2,0,NA,3,1,2,1,1,3,3,1,2,1,1,2,2,1,4,2,2,7,3,3,1
"R_wTQCazu09VzOE3T",2,55,3,1,2,0,NA,4,2,2,1,2,3,3,1,1,4,2,1,3,1,3,2,2,1,3,1,1
"R_2BfJ0tuUAPKbJZx",1,37,3,1,3,NA,-1,1,1,2,2,1,3,2,1,1,3,2,1,3,2,3,2,1,1,2,3,2
"R_2BfJ0tuUAPKbJZx",1,37,3,1,3,NA,-1,2,3,1,1,2,3,2,1,2,3,1,3,3,2,4,2,1,1,4,3,3
"R_2BfJ0tuUAPKbJZx",1,37,3,1,3,NA,-1,3,3,1,2,2,3,3,1,1,1,2,1,3,2,3,2,1,1,4,3,1
"R_2BfJ0tuUAPKbJZx",1,37,3,1,3,NA,-1,4,1,2,2,1,3,1,2,1,4,2,1,3,2,2,2,1,1,1,1,4
"R_8HX4bnPzNUEDzYR",2,35,3,2,3,NA,1,1,3,2,1,2,3,2,1,1,1,2,1,2,2,3,2,2,1,4,3,2
"R_8HX4bnPzNUEDzYR",2,35,3,2,3,NA,1,2,2,2,2,1,2,1,2,2,4,1,3,1,3,1,1,1,2,2,1,1
"R_8HX4bnPzNUEDzYR",2,35,3,2,3,NA,1,3,1,1,2,2,2,1,1,1,4,2,1,1,1,3,3,1,1,1,1,3
"R_8HX4bnPzNUEDzYR",2,35,3,2,3,NA,1,4,1,1,2,2,2,1,1,2,3,1,2,2,4,1,1,1,7,3,3,4
"R_TvVmU8O93GZgiQx",1,30,5,1,2,0,NA,1,1,2,1,1,3,3,1,2,2,1,2,1,2,3,2,1,1,3,2,1
"R_TvVmU8O93GZgiQx",1,30,5,1,2,0,NA,2,2,1,2,2,3,2,1,1,3,2,2,2,2,4,2,1,1,1,2,2
"R_TvVmU8O93GZgiQx",1,30,5,1,2,0,NA,3,3,1,2,1,3,2,1,2,1,1,2,2,1,4,2,1,1,2,1,4
"R_TvVmU8O93GZgiQx",1,30,5,1,2,0,NA,4,2,2,1,1,2,1,1,2,3,1,2,1,3,3,2,1,1,4,3,1
"R_2pY0qgG7rEOvDDY",1,31,5,3,3,NA,-1,1,2,2,2,1,2,1,1,2,2,1,2,2,1,3,2,1,1,3,2,1
"R_2pY0qgG7rEOvDDY",1,31,5,3,3,NA,-1,2,2,2,2,1,2,1,1,2,2,2,2,2,1,4,2,1,1,2,1,3
"R_2pY0qgG7rEOvDDY",1,31,5,3,3,NA,-1,3,2,1,1,2,2,2,1,1,4,1,2,1,1,3,2,1,1,1,2,2
"R_2pY0qgG7rEOvDDY",1,31,5,3,3,NA,-1,4,2,1,1,1,2,2,2,2,4,1,2,2,1,2,1,1,2,3,3,1
"R_2U47g2lEFaeav15",2,44,3,3,1,1,NA,1,1,2,2,2,2,3,1,1,3,2,1,2,1,3,2,1,1,1,2,3
"R_2U47g2lEFaeav15",2,44,3,3,1,1,NA,2,3,2,1,2,3,2,1,1,1,2,2,1,2,3,2,2,1,1,1,2
"R_2U47g2lEFaeav15",2,44,3,3,1,1,NA,3,2,1,2,2,2,1,1,1,4,2,1,2,1,2,2,2,1,3,1,1
"R_2U47g2lEFaeav15",2,44,3,3,1,1,NA,4,1,2,2,2,3,3,1,1,3,2,1,3,2,3,2,1,1,2,2,2
"R_OexVz3jAjfvZBZf",2,62,5,1,2,1,NA,1,3,2,2,2,3,1,1,1,4,2,1,3,1,4,2,1,1,2,2,1
"R_OexVz3jAjfvZBZf",2,62,5,1,2,1,NA,2,1,2,1,1,3,3,2,2,3,1,3,3,2,2,2,1,1,1,2,3
"R_OexVz3jAjfvZBZf",2,62,5,1,2,1,NA,3,1,2,1,1,3,2,1,2,2,1,3,3,2,3,2,2,1,4,1,2
"R_OexVz3jAjfvZBZf",2,62,5,1,2,1,NA,4,1,2,2,2,3,2,1,1,1,2,1,3,2,2,2,1,1,1,1,3
"R_24DemvNBaSWg668",2,51,5,3,2,1,NA,1,1,1,2,1,2,1,1,2,3,1,3,1,3,3,2,2,1,4,1,1
"R_24DemvNBaSWg668",2,51,5,3,2,1,NA,2,1,1,2,2,2,1,2,1,2,2,2,2,1,3,2,1,1,3,2,3
"R_24DemvNBaSWg668",2,51,5,3,2,1,NA,3,1,1,2,2,2,1,1,1,4,2,2,2,2,3,2,1,1,2,2,2
"R_24DemvNBaSWg668",2,51,5,3,2,1,NA,4,1,2,2,2,3,1,1,1,2,2,1,2,2,4,2,1,1,1,2,4
"R_2VpDSw39bhlURNe",2,33,2,3,1,0,NA,1,1,1,2,2,3,3,1,1,3,2,2,2,2,3,2,1,1,1,3,3
"R_2VpDSw39bhlURNe",2,33,2,3,1,0,NA,2,2,1,1,2,2,2,1,2,3,1,3,3,1,1,1,1,1,4,2,1
"R_2VpDSw39bhlURNe",2,33,2,3,1,0,NA,3,3,1,1,1,2,2,1,2,1,1,3,2,2,2,3,1,1,3,1,2
"R_2VpDSw39bhlURNe",2,33,2,3,1,0,NA,4,3,2,2,1,2,3,1,1,1,2,2,3,2,4,2,2,1,1,2,4
"R_1ePn7hYS7pXTQHH",1,48,3,3,3,NA,-1,1,2,2,2,2,2,1,1,1,2,2,1,2,2,4,2,2,1,1,3,1
"R_1ePn7hYS7pXTQHH",1,48,3,3,3,NA,-1,2,1,1,1,2,2,1,2,2,4,2,2,2,3,3,2,1,1,4,1,3
"R_1ePn7hYS7pXTQHH",1,48,3,3,3,NA,-1,3,3,2,1,1,2,3,1,2,3,1,3,2,2,3,2,2,1,2,2,2
"R_1ePn7hYS7pXTQHH",1,48,3,3,3,NA,-1,4,1,1,1,2,2,1,2,2,2,2,2,2,3,3,2,1,1,4,1,3
"R_3lr8N2JybegVUzg",1,28,4,2,2,0,NA,1,3,1,2,2,1,3,1,1,3,1,1,1,4,2,3,1,1,2,2,4
"R_3lr8N2JybegVUzg",1,28,4,2,2,0,NA,2,1,2,2,2,1,1,1,1,4,1,1,1,2,1,1,2,1,2,2,1
"R_3lr8N2JybegVUzg",1,28,4,2,2,0,NA,3,3,1,2,1,2,3,2,2,1,1,2,2,3,1,2,1,1,3,2,1
"R_3lr8N2JybegVUzg",1,28,4,2,2,0,NA,4,1,2,1,1,2,3,2,2,1,2,1,2,4,3,2,1,1,4,1,2
"R_phFTF1fQwzEtKTf",2,29,5,3,3,NA,0,1,3,1,2,2,3,3,1,1,4,2,1,3,2,3,2,2,1,1,2,1
"R_phFTF1fQwzEtKTf",2,29,5,3,3,NA,0,2,3,2,1,1,2,1,1,2,2,1,2,1,3,2,2,1,2,2,3,3
"R_phFTF1fQwzEtKTf",2,29,5,3,3,NA,0,3,2,1,2,1,1,1,2,2,4,1,3,2,1,1,1,2,1,1,1,3
"R_phFTF1fQwzEtKTf",2,29,5,3,3,NA,0,4,3,2,1,1,2,3,1,2,3,1,2,2,4,1,3,1,1,1,2,4
"R_3LilwvLxdb15G3p",1,32,5,1,2,0,NA,1,2,1,1,1,3,1,1,2,3,1,3,2,1,2,2,1,1,1,1,1
"R_3LilwvLxdb15G3p",1,32,5,1,2,0,NA,2,2,2,2,2,2,1,1,1,2,2,1,1,4,3,2,2,1,4,2,4
"R_3LilwvLxdb15G3p",1,32,5,1,2,0,NA,3,1,2,2,1,2,1,1,2,1,1,2,1,1,2,2,1,1,3,2,2
"R_3LilwvLxdb15G3p",1,32,5,1,2,0,NA,4,1,2,2,2,2,1,2,1,4,2,1,1,2,2,3,1,1,2,3,4
"R_1IEu3YcNRxhBhHh",1,27,5,2,2,0,NA,1,3,2,2,2,2,3,1,1,1,2,1,3,1,4,2,1,1,1,3,1
"R_1IEu3YcNRxhBhHh",1,27,5,2,2,0,NA,2,3,2,2,1,2,3,2,2,3,2,2,2,2,3,2,1,1,4,1,4
"R_1IEu3YcNRxhBhHh",1,27,5,2,2,0,NA,3,1,2,1,1,2,1,2,2,1,1,3,1,2,3,2,1,1,3,1,3
"R_1IEu3YcNRxhBhHh",1,27,5,2,2,0,NA,4,3,2,1,1,2,3,1,2,3,1,2,2,2,4,2,2,1,4,3,2
"R_OwyTD3QMYrNIhA5",1,25,2,2,2,1,NA,1,2,1,2,2,3,3,1,1,4,2,1,2,1,3,2,1,1,1,1,1
"R_OwyTD3QMYrNIhA5",1,25,2,2,2,1,NA,2,3,1,1,2,3,2,1,1,1,2,2,2,2,2,2,2,1,3,2,3
"R_OwyTD3QMYrNIhA5",1,25,2,2,2,1,NA,3,3,1,1,2,2,1,1,1,3,2,3,3,4,1,1,2,1,4,3,4
"R_OwyTD3QMYrNIhA5",1,25,2,2,2,1,NA,4,2,2,2,1,2,3,2,2,2,2,1,1,3,3,1,1,1,2,2,4
"R_3KrUPGTa2owmz4k",1,31,3,1,3,NA,-1,1,2,1,1,1,3,2,2,2,4,1,2,1,2,3,2,1,1,1,2,1
"R_3KrUPGTa2owmz4k",1,31,3,1,3,NA,-1,2,3,2,2,2,3,1,1,1,1,2,1,2,1,2,2,1,1,3,3,2
"R_3KrUPGTa2owmz4k",1,31,3,1,3,NA,-1,3,3,2,2,2,3,1,1,1,2,2,2,2,2,3,2,1,1,2,3,4
"R_3KrUPGTa2owmz4k",1,31,3,1,3,NA,-1,4,3,1,2,1,2,1,1,1,3,2,2,1,2,3,2,1,2,1,2,3
"R_3shvqmlXcFDJWpi",2,38,5,4,2,1,NA,1,2,1,2,1,1,1,1,1,3,2,2,1,1,3,2,2,2,2,1,3
"R_3shvqmlXcFDJWpi",2,38,5,4,2,1,NA,2,2,2,1,1,3,3,1,1,2,1,2,3,2,3,2,1,1,1,3,1
"R_3shvqmlXcFDJWpi",2,38,5,4,2,1,NA,3,3,1,1,2,2,3,2,1,1,1,3,2,3,2,2,2,1,4,2,4
"R_3shvqmlXcFDJWpi",2,38,5,4,2,1,NA,4,3,2,1,2,2,3,1,1,3,2,1,3,4,3,2,1,1,3,3,1
"R_9Wt9zwkD1dzFhRL",1,26,5,2,3,NA,-1,1,1,2,2,1,3,3,1,1,3,2,1,2,1,3,2,2,1,3,2,1
"R_9Wt9zwkD1dzFhRL",1,26,5,2,3,NA,-1,2,2,1,1,1,3,3,1,2,1,1,2,1,2,2,2,1,1,1,3,3
"R_9Wt9zwkD1dzFhRL",1,26,5,2,3,NA,-1,3,3,1,2,2,2,1,1,1,2,2,1,3,4,4,3,2,1,2,1,4
"R_9Wt9zwkD1dzFhRL",1,26,5,2,3,NA,-1,4,3,2,1,1,2,2,1,1,4,1,2,2,3,2,2,2,1,4,3,1
"R_1i89vjegrmuv7gg",1,38,5,1,2,1,NA,1,3,1,2,1,3,2,1,1,2,2,1,2,2,4,2,2,1,4,1,1
"R_1i89vjegrmuv7gg",1,38,5,1,2,1,NA,2,3,2,1,1,2,3,2,2,3,1,2,1,3,4,2,1,1,3,2,2
"R_1i89vjegrmuv7gg",1,38,5,1,2,1,NA,3,1,2,1,1,2,1,1,2,2,1,2,1,4,4,2,2,1,1,3,4
"R_1i89vjegrmuv7gg",1,38,5,1,2,1,NA,4,1,1,2,1,2,3,1,1,2,1,3,1,1,4,2,2,1,4,2,3
"R_2rBFttZmeLQ5Qnk",2,35,5,4,2,1,NA,1,2,2,1,2,3,2,1,1,1,2,3,2,2,3,2,2,1,4,1,1
"R_2rBFttZmeLQ5Qnk",2,35,5,4,2,1,NA,2,2,2,2,2,3,2,1,1,2,2,1,2,1,3,2,2,1,2,2,2
"R_2rBFttZmeLQ5Qnk",2,35,5,4,2,1,NA,3,3,1,2,1,3,2,1,2,1,1,2,2,2,4,2,2,1,3,2,3
"R_2rBFttZmeLQ5Qnk",2,35,5,4,2,1,NA,4,3,1,2,2,3,1,1,1,2,2,2,2,3,3,3,2,1,2,3,3
"R_56XbVEUcp7EyAgh",2,30,3,1,3,NA,0,1,2,2,1,1,3,2,2,2,1,1,3,3,1,3,2,1,1,4,1,1
"R_56XbVEUcp7EyAgh",2,30,3,1,3,NA,0,2,2,2,1,1,2,3,1,2,4,1,3,3,2,1,2,1,1,2,2,3
"R_56XbVEUcp7EyAgh",2,30,3,1,3,NA,0,3,1,1,2,1,3,2,1,1,3,2,2,1,2,4,2,1,1,3,3,4
"R_56XbVEUcp7EyAgh",2,30,3,1,3,NA,0,4,3,1,1,2,3,2,1,1,3,1,3,3,3,4,2,2,1,1,2,1
"R_2q30N9GaPFWmphA",2,42,5,1,2,1,NA,1,3,2,1,2,3,2,1,1,4,2,1,2,2,4,2,2,1,3,3,3
"R_2q30N9GaPFWmphA",2,42,5,1,2,1,NA,2,2,2,1,2,2,1,2,1,1,2,1,1,1,1,2,1,7,3,2,4
"R_2q30N9GaPFWmphA",2,42,5,1,2,1,NA,3,2,2,2,1,2,1,1,1,3,2,2,1,2,2,2,2,2,1,1,1
"R_2q30N9GaPFWmphA",2,42,5,1,2,1,NA,4,1,2,1,2,3,1,1,1,2,2,1,2,2,3,2,1,1,2,3,3
"R_3EyAGx1BCuJZFyC",1,28,5,3,3,NA,0,1,3,2,2,2,1,1,1,1,2,2,1,1,1,4,2,1,1,4,1,3
"R_3EyAGx1BCuJZFyC",1,28,5,3,3,NA,0,2,2,1,1,2,2,2,1,1,2,1,2,2,3,2,1,2,1,3,3,3
"R_3EyAGx1BCuJZFyC",1,28,5,3,3,NA,0,3,1,2,1,2,2,1,2,1,3,2,2,2,3,2,1,2,3,1,1,3
"R_3EyAGx1BCuJZFyC",1,28,5,3,3,NA,0,4,1,1,2,1,2,1,2,2,2,1,1,2,4,2,3,1,1,3,2,2
"R_1HjGw7it5Teai0I",2,31,2,1,2,0,NA,1,1,1,2,2,3,3,1,1,4,2,1,2,2,3,2,2,1,2,3,2
"R_1HjGw7it5Teai0I",2,31,2,1,2,0,NA,2,3,1,1,2,2,3,1,1,3,2,2,3,1,4,2,2,1,1,2,2
"R_1HjGw7it5Teai0I",2,31,2,1,2,0,NA,3,1,2,2,1,2,1,2,2,3,1,1,2,1,1,2,1,1,3,2,4
"R_1HjGw7it5Teai0I",2,31,2,1,2,0,NA,4,1,1,2,2,2,1,1,1,4,2,2,2,1,3,2,1,1,3,2,1
"R_bOaANw7BUhgGXKN",1,29,2,2,3,NA,-1,1,1,1,1,2,2,3,2,1,4,1,2,2,2,2,2,1,1,3,1,1
"R_bOaANw7BUhgGXKN",1,29,2,2,3,NA,-1,2,1,1,1,1,2,3,1,1,3,1,1,3,1,2,2,2,1,2,1,1
"R_bOaANw7BUhgGXKN",1,29,2,2,3,NA,-1,3,1,1,2,1,2,3,1,1,1,2,1,3,3,3,2,2,1,3,2,3
"R_bOaANw7BUhgGXKN",1,29,2,2,3,NA,-1,4,3,2,1,1,3,2,1,1,4,1,2,3,1,4,2,2,1,1,3,3
"R_10uwMCoM1GKgqSF",2,31,3,1,3,NA,1,1,2,1,2,1,3,3,1,2,1,2,1,2,2,3,2,2,1,3,2,1
"R_10uwMCoM1GKgqSF",2,31,3,1,3,NA,1,2,2,1,1,1,3,3,1,1,4,1,3,2,1,4,2,1,1,1,1,3
"R_10uwMCoM1GKgqSF",2,31,3,1,3,NA,1,3,1,1,1,1,3,1,2,2,2,1,3,2,3,2,2,2,1,2,3,2
"R_10uwMCoM1GKgqSF",2,31,3,1,3,NA,1,4,3,2,1,2,3,3,1,1,4,2,1,3,1,4,2,2,1,4,2,1
"R_1mQWI3MIqWDldyy",1,26,5,4,3,NA,1,1,2,2,1,1,2,1,1,2,3,1,2,2,3,4,2,1,1,3,2,1
"R_1mQWI3MIqWDldyy",1,26,5,4,3,NA,1,2,2,1,2,2,3,1,1,1,1,2,1,2,2,3,2,2,1,2,1,1
"R_1mQWI3MIqWDldyy",1,26,5,4,3,NA,1,3,1,1,1,2,2,1,2,1,4,1,2,1,3,2,1,1,1,4,3,2
"R_1mQWI3MIqWDldyy",1,26,5,4,3,NA,1,4,1,2,2,1,1,1,1,1,2,2,2,1,4,3,2,2,1,1,1,4
"R_3epZvIQPVf2uuKv",2,27,6,3,2,0,NA,1,1,2,1,2,3,2,1,1,2,2,2,2,2,3,2,1,1,4,1,3
"R_3epZvIQPVf2uuKv",2,27,6,3,2,0,NA,2,1,2,2,1,3,3,1,2,3,2,2,3,2,3,2,1,1,2,2,4
"R_3epZvIQPVf2uuKv",2,27,6,3,2,0,NA,3,1,2,1,2,3,2,1,1,3,2,2,3,2,3,2,1,1,4,1,3
"R_3epZvIQPVf2uuKv",2,27,6,3,2,0,NA,4,3,1,2,2,2,3,1,1,2,2,1,3,2,3,2,1,1,1,1,2
"R_1GTdExJ19RCiV7R",1,31,5,3,1,0,NA,1,1,1,2,2,2,3,1,1,1,2,2,2,2,3,2,1,1,2,1,1
"R_1GTdExJ19RCiV7R",1,31,5,3,1,0,NA,2,2,2,1,1,2,3,1,2,3,1,3,2,2,3,2,1,1,1,3,1
"R_1GTdExJ19RCiV7R",1,31,5,3,1,0,NA,3,2,1,2,1,2,3,1,2,1,1,3,2,2,3,2,1,1,3,3,1
"R_1GTdExJ19RCiV7R",1,31,5,3,1,0,NA,4,3,2,2,2,2,3,1,1,1,2,1,2,2,3,2,1,1,4,2,4
"R_1P04JRRPkU9QEGI",1,27,5,2,2,0,NA,1,2,1,1,1,2,1,1,2,1,1,2,1,1,3,2,1,1,4,2,4
"R_1P04JRRPkU9QEGI",1,27,5,2,2,0,NA,2,1,2,2,1,3,1,1,1,3,2,1,3,2,4,3,2,1,1,1,1
"R_1P04JRRPkU9QEGI",1,27,5,2,2,0,NA,3,1,1,2,2,3,1,1,1,2,2,1,2,1,4,2,2,1,2,3,3
"R_1P04JRRPkU9QEGI",1,27,5,2,2,0,NA,4,1,2,2,2,2,1,2,1,2,2,2,2,3,1,1,2,1,1,2,2
"R_0JrYMpnRwFEkW4N",1,34,5,1,3,NA,0,1,3,1,1,2,3,1,2,2,4,1,3,2,2,1,1,1,1,1,1,2
"R_0JrYMpnRwFEkW4N",1,34,5,1,3,NA,0,2,1,1,1,1,3,3,1,2,2,1,2,2,2,3,2,2,2,1,1,3
"R_0JrYMpnRwFEkW4N",1,34,5,1,3,NA,0,3,3,1,2,2,3,2,1,1,4,2,1,3,1,3,2,2,1,3,1,1
"R_0JrYMpnRwFEkW4N",1,34,5,1,3,NA,0,4,2,1,2,1,3,1,1,1,2,2,1,3,2,3,2,1,1,4,3,3
"R_3im23g6BWVWgTGC",1,63,6,5,3,NA,-1,1,2,2,2,2,2,1,1,1,3,2,1,1,1,3,2,1,1,2,2,4
"R_3im23g6BWVWgTGC",1,63,6,5,3,NA,-1,2,2,1,1,2,2,1,2,2,3,1,2,1,3,2,2,1,7,3,3,1
"R_3im23g6BWVWgTGC",1,63,6,5,3,NA,-1,3,2,1,2,1,2,1,1,2,3,2,2,1,4,3,3,2,1,1,2,3
"R_3im23g6BWVWgTGC",1,63,6,5,3,NA,-1,4,2,2,1,2,2,2,1,1,3,2,1,1,2,2,2,1,1,1,1,4
"R_eyX7Zfih1GICacN",2,23,5,5,1,0,NA,1,2,2,2,2,3,3,1,1,2,2,1,3,2,3,2,2,1,3,2,3
"R_eyX7Zfih1GICacN",2,23,5,5,1,0,NA,2,1,1,1,2,2,1,2,2,4,2,2,2,3,3,2,2,1,1,3,1
"R_eyX7Zfih1GICacN",2,23,5,5,1,0,NA,3,3,1,2,2,2,2,1,1,2,2,2,2,1,2,2,1,7,2,3,2
"R_eyX7Zfih1GICacN",2,23,5,5,1,0,NA,4,3,2,2,2,3,2,1,1,2,2,1,3,2,4,2,2,1,3,1,4
"R_BRrVrOIGLH4qtRT",2,57,5,1,2,1,NA,1,1,2,2,1,2,3,1,1,4,2,1,2,1,1,2,1,1,4,1,4
"R_BRrVrOIGLH4qtRT",2,57,5,1,2,1,NA,2,1,1,1,1,2,3,2,2,1,1,3,2,2,3,2,1,1,2,3,3
"R_BRrVrOIGLH4qtRT",2,57,5,1,2,1,NA,3,2,2,1,1,2,3,1,1,3,2,3,3,3,1,2,1,1,1,3,1
"R_BRrVrOIGLH4qtRT",2,57,5,1,2,1,NA,4,3,2,2,1,2,2,1,1,1,2,1,3,2,3,2,2,1,2,1,2
"R_11XCr8FO43iBrh4",1,42,4,2,1,0,NA,1,3,2,1,1,3,3,1,2,4,1,3,3,2,1,2,1,1,1,1,3
"R_11XCr8FO43iBrh4",1,42,4,2,1,0,NA,2,1,2,2,2,3,1,1,1,4,2,1,3,1,3,2,2,1,2,3,3
"R_11XCr8FO43iBrh4",1,42,4,2,1,0,NA,3,3,1,2,2,3,3,1,1,4,2,1,3,1,4,2,2,1,4,1,1
"R_11XCr8FO43iBrh4",1,42,4,2,1,0,NA,4,2,1,2,1,2,2,1,2,4,1,3,2,3,3,3,1,1,2,1,4
"R_5u7Zcf7WUcAE5bj",2,34,5,3,3,NA,0,1,2,1,2,1,3,1,1,2,4,2,1,3,1,3,2,1,1,1,3,3
"R_5u7Zcf7WUcAE5bj",2,34,5,3,3,NA,0,2,1,1,2,2,3,1,1,1,1,2,1,3,2,2,2,2,1,4,2,4
"R_5u7Zcf7WUcAE5bj",2,34,5,3,3,NA,0,3,1,1,1,1,3,1,2,2,4,1,2,3,2,2,2,1,1,2,1,2
"R_5u7Zcf7WUcAE5bj",2,34,5,3,3,NA,0,4,1,2,2,1,2,2,1,1,2,2,1,3,1,4,3,1,1,3,2,4
"R_1gtrYpfQYgKLNW7",1,46,3,1,2,0,NA,1,1,1,2,1,2,1,1,2,3,1,2,2,2,4,3,1,1,4,3,1
"R_1gtrYpfQYgKLNW7",1,46,3,1,2,0,NA,2,1,1,1,2,2,1,1,1,2,2,1,3,2,3,2,1,1,1,1,3
"R_1gtrYpfQYgKLNW7",1,46,3,1,2,0,NA,3,2,1,2,1,2,2,1,2,1,1,2,1,4,2,3,2,1,2,2,4
"R_1gtrYpfQYgKLNW7",1,46,3,1,2,0,NA,4,1,1,2,1,2,1,1,2,4,1,2,2,1,4,3,1,1,3,3,2
"R_1Oko4MmjRT6gS1m",1,35,6,3,1,0,NA,1,1,2,1,1,3,1,1,2,3,1,2,2,2,3,2,1,1,3,1,3
"R_1Oko4MmjRT6gS1m",1,35,6,3,1,0,NA,2,2,1,2,2,3,3,1,1,1,2,1,3,1,3,2,2,1,2,3,1
"R_1Oko4MmjRT6gS1m",1,35,6,3,1,0,NA,3,3,1,2,1,2,2,1,2,4,1,3,2,4,2,2,2,7,1,2,4
"R_1Oko4MmjRT6gS1m",1,35,6,3,1,0,NA,4,1,2,1,2,2,3,2,1,2,2,1,1,3,2,2,1,1,1,1,4
"R_dcimlXS7fsjzs4h",2,41,3,2,3,NA,1,1,3,2,2,1,3,3,1,1,1,2,1,2,2,3,2,2,1,4,1,1
"R_dcimlXS7fsjzs4h",2,41,3,2,3,NA,1,2,1,2,2,2,2,1,1,2,3,1,1,1,4,4,3,1,1,2,2,3
"R_dcimlXS7fsjzs4h",2,41,3,2,3,NA,1,3,1,2,1,1,2,1,2,2,4,1,2,3,1,2,2,1,1,2,1,4
"R_dcimlXS7fsjzs4h",2,41,3,2,3,NA,1,4,1,1,1,1,2,1,1,2,1,1,3,1,4,1,1,1,2,3,3,1
"R_2YYCcBnPwMNazsu",1,29,5,4,3,NA,0,1,1,2,1,1,2,2,1,2,4,2,2,2,2,1,1,1,1,1,1,3
"R_2YYCcBnPwMNazsu",1,29,5,4,3,NA,0,2,2,1,1,1,3,3,1,2,3,2,2,1,2,3,2,2,1,2,3,1
"R_2YYCcBnPwMNazsu",1,29,5,4,3,NA,0,3,2,2,2,2,2,2,1,1,1,1,1,1,1,2,3,1,1,3,2,4
"R_2YYCcBnPwMNazsu",1,29,5,4,3,NA,0,4,2,2,2,2,2,2,1,1,3,1,1,2,1,2,3,1,1,3,3,4
"R_1IMeLNOkZsRrCQW",1,28,5,3,2,0,NA,1,1,1,2,2,2,3,1,1,3,2,2,2,1,3,2,2,1,1,1,1
"R_1IMeLNOkZsRrCQW",1,28,5,3,2,0,NA,2,3,2,2,2,3,3,1,1,1,2,2,3,4,3,3,1,1,1,2,4
"R_1IMeLNOkZsRrCQW",1,28,5,3,2,0,NA,3,1,1,1,1,2,3,1,2,3,1,3,1,2,2,2,1,1,3,2,2
"R_1IMeLNOkZsRrCQW",1,28,5,3,2,0,NA,4,3,2,2,2,2,2,2,1,1,2,2,2,3,4,3,1,2,2,2,1
"R_2U5aWPjRDoE45uS",2,63,2,2,2,1,NA,1,3,1,1,1,3,2,1,2,3,1,1,3,1,3,2,2,2,3,2,4
"R_2U5aWPjRDoE45uS",2,63,2,2,2,1,NA,2,1,1,1,1,2,3,1,1,3,1,2,3,2,2,2,1,1,1,1,3
"R_2U5aWPjRDoE45uS",2,63,2,2,2,1,NA,3,2,1,1,1,2,3,2,1,4,1,2,2,3,3,2,2,2,1,3,1
"R_2U5aWPjRDoE45uS",2,63,2,2,2,1,NA,4,2,2,2,1,2,3,2,1,3,2,2,2,3,2,2,2,2,1,3,1
"R_1Qo5BnLLrRYv0ZO",2,59,5,3,3,NA,-1,1,3,2,1,1,2,3,1,2,2,1,2,2,2,3,1,2,1,3,1,3
"R_1Qo5BnLLrRYv0ZO",2,59,5,3,3,NA,-1,2,2,1,2,2,2,3,1,1,3,2,1,2,2,3,2,1,1,3,2,2
"R_1Qo5BnLLrRYv0ZO",2,59,5,3,3,NA,-1,3,3,1,2,2,2,3,1,1,3,2,1,2,2,3,2,2,1,3,2,4
"R_1Qo5BnLLrRYv0ZO",2,59,5,3,3,NA,-1,4,1,1,1,2,2,1,1,1,4,2,3,1,1,3,1,1,1,2,1,2
"R_1mEg98j8gxb08PR",1,44,3,2,2,1,NA,1,3,2,2,2,3,3,1,1,4,2,1,2,1,4,2,1,1,3,3,2
"R_1mEg98j8gxb08PR",1,44,3,2,2,1,NA,2,3,2,2,1,2,2,1,1,1,2,2,1,2,3,2,1,1,1,1,4
"R_1mEg98j8gxb08PR",1,44,3,2,2,1,NA,3,2,2,2,2,3,1,1,1,2,2,1,1,4,1,2,1,3,1,3,2
"R_1mEg98j8gxb08PR",1,44,3,2,2,1,NA,4,3,2,1,1,3,3,1,2,4,1,3,2,1,3,2,2,1,2,2,3
"R_1gewRRzx26LJ4K1",2,32,5,3,1,0,NA,1,2,2,2,2,2,3,1,1,1,2,2,2,2,3,2,2,1,3,3,3
"R_1gewRRzx26LJ4K1",2,32,5,3,1,0,NA,2,3,2,2,2,3,3,1,1,3,2,1,2,1,4,2,2,1,2,3,1
"R_1gewRRzx26LJ4K1",2,32,5,3,1,0,NA,3,3,1,1,2,2,3,1,2,3,1,2,2,1,3,2,2,1,4,1,3
"R_1gewRRzx26LJ4K1",2,32,5,3,1,0,NA,4,2,1,2,1,2,2,1,2,2,1,3,2,2,4,2,1,2,1,2,3
"R_1jCZJx1g4uuGKzI",1,26,3,2,1,0,NA,1,2,1,2,1,1,1,1,2,2,1,3,1,3,3,2,1,2,2,1,2
"R_1jCZJx1g4uuGKzI",1,26,3,2,1,0,NA,2,3,1,2,2,2,2,1,1,1,1,2,3,1,4,2,2,1,4,2,1
"R_1jCZJx1g4uuGKzI",1,26,3,2,1,0,NA,3,3,1,1,2,3,3,2,2,3,1,3,3,4,1,3,1,1,1,2,3
"R_1jCZJx1g4uuGKzI",1,26,3,2,1,0,NA,4,2,2,2,1,1,2,1,1,4,2,1,2,1,4,2,2,1,1,3,4
"R_ab1TS4CBySCpRDP",2,22,5,2,2,1,NA,1,3,2,1,1,3,3,1,1,1,1,1,3,2,4,2,1,1,1,1,1
"R_ab1TS4CBySCpRDP",2,22,5,2,2,1,NA,2,3,2,2,1,2,3,1,1,4,1,1,3,1,3,2,2,1,3,1,3
"R_ab1TS4CBySCpRDP",2,22,5,2,2,1,NA,3,3,1,2,1,2,2,2,1,1,1,2,2,3,3,1,2,1,1,3,2
"R_ab1TS4CBySCpRDP",2,22,5,2,2,1,NA,4,2,2,2,2,2,2,2,2,2,2,2,2,2,3,2,2,7,3,2,1
"R_3dGt5BXsksZPwaL",1,50,2,3,1,1,NA,1,1,1,2,1,1,1,1,2,4,1,3,2,2,3,2,1,7,1,2,3
"R_3dGt5BXsksZPwaL",1,50,2,3,1,1,NA,2,1,1,2,1,1,2,2,1,1,2,1,2,1,4,3,1,3,3,2,1
"R_3dGt5BXsksZPwaL",1,50,2,3,1,1,NA,3,3,2,1,2,2,1,1,1,2,2,2,1,4,2,1,2,2,2,1,2
"R_3dGt5BXsksZPwaL",1,50,2,3,1,1,NA,4,3,2,2,2,2,1,1,1,4,2,2,1,4,2,2,2,2,4,1,4
"R_1LNW7OFfuMgh2ns",1,34,5,2,3,NA,-1,1,2,2,1,2,3,3,1,1,1,2,1,2,2,4,2,2,1,1,2,1
"R_1LNW7OFfuMgh2ns",1,34,5,2,3,NA,-1,2,2,2,2,1,2,3,1,1,3,2,3,3,1,4,2,2,1,2,3,3
"R_1LNW7OFfuMgh2ns",1,34,5,2,3,NA,-1,3,3,2,1,1,2,3,2,2,1,1,3,2,2,4,2,1,2,2,2,4
"R_1LNW7OFfuMgh2ns",1,34,5,2,3,NA,-1,4,1,1,1,2,2,1,2,1,2,1,2,3,1,2,2,1,7,2,1,3
"R_1fa4wt03Ue2skL9",1,31,2,2,1,1,NA,1,1,2,2,1,2,2,1,1,4,2,2,1,3,2,3,2,1,1,3,1
"R_1fa4wt03Ue2skL9",1,31,2,2,1,1,NA,2,1,2,1,1,1,3,2,1,3,1,1,2,1,2,1,1,1,4,2,1
"R_1fa4wt03Ue2skL9",1,31,2,2,1,1,NA,3,2,2,2,2,1,3,1,2,2,2,2,2,1,2,2,1,7,4,1,1
"R_1fa4wt03Ue2skL9",1,31,2,2,1,1,NA,4,3,1,1,2,1,3,2,2,2,2,3,1,1,3,3,1,1,4,2,4
"R_XuhYEyIHSAivFsZ",2,39,2,3,3,NA,-1,1,1,2,1,2,3,2,2,1,4,2,1,2,2,3,2,1,1,2,2,3
"R_XuhYEyIHSAivFsZ",2,39,2,3,3,NA,-1,2,1,1,1,2,2,2,1,1,1,2,1,2,1,2,2,1,1,4,3,4
"R_XuhYEyIHSAivFsZ",2,39,2,3,3,NA,-1,3,3,2,2,1,2,3,1,2,1,1,3,3,2,4,2,2,1,3,1,2
"R_XuhYEyIHSAivFsZ",2,39,2,3,3,NA,-1,4,1,1,1,1,3,2,2,2,4,1,3,2,3,1,1,1,1,1,2,1
"R_1P4W2FqWgRNDDdA",2,24,3,2,2,0,NA,1,3,1,2,2,1,3,1,1,2,2,1,3,2,3,2,2,1,1,1,1
"R_1P4W2FqWgRNDDdA",2,24,3,2,2,0,NA,2,2,2,2,1,2,2,1,2,1,2,3,2,2,1,3,1,1,3,3,3
"R_1P4W2FqWgRNDDdA",2,24,3,2,2,0,NA,3,2,2,1,2,3,2,2,2,2,1,3,3,1,2,2,1,1,2,1,4
"R_1P4W2FqWgRNDDdA",2,24,3,2,2,0,NA,4,3,2,2,2,1,3,1,1,4,2,1,3,4,3,2,2,1,1,3,1
"R_2QFk0JLSG7K4qeQ",1,23,3,1,3,NA,1,1,1,1,2,1,2,3,2,2,4,1,2,3,2,2,2,1,1,4,2,1
"R_2QFk0JLSG7K4qeQ",1,23,3,1,3,NA,1,2,2,2,2,1,3,2,1,2,1,1,1,2,4,3,2,1,1,2,1,4
"R_2QFk0JLSG7K4qeQ",1,23,3,1,3,NA,1,3,3,2,1,2,3,3,1,1,1,1,2,3,1,2,3,1,1,3,2,1
"R_2QFk0JLSG7K4qeQ",1,23,3,1,3,NA,1,4,3,1,1,2,3,2,1,1,3,1,3,3,2,2,2,1,1,1,1,1
"R_3fTqve9I7DV28FI",1,42,2,2,1,0,NA,1,1,2,1,1,2,2,1,1,3,2,1,2,1,3,2,1,1,3,1,3
"R_3fTqve9I7DV28FI",1,42,2,2,1,0,NA,2,3,2,1,2,3,3,1,2,1,2,1,1,1,2,2,2,1,4,1,2
"R_3fTqve9I7DV28FI",1,42,2,2,1,0,NA,3,3,2,1,1,2,1,2,1,3,1,2,2,3,4,2,1,2,1,1,2
"R_3fTqve9I7DV28FI",1,42,2,2,1,0,NA,4,2,2,1,2,3,3,1,2,1,2,1,2,2,1,1,2,1,4,1,3
"R_2XpyYso0kxiKB1e",1,28,5,2,3,NA,0,1,1,2,2,2,2,2,1,1,1,2,1,2,2,3,2,2,1,2,2,3
"R_2XpyYso0kxiKB1e",1,28,5,2,3,NA,0,2,1,2,1,1,2,3,1,2,4,1,2,2,2,3,2,1,1,4,3,3
"R_2XpyYso0kxiKB1e",1,28,5,2,3,NA,0,3,3,1,1,2,2,1,1,2,2,1,3,2,3,2,2,1,1,2,3,1
"R_2XpyYso0kxiKB1e",1,28,5,2,3,NA,0,4,3,1,1,1,2,1,1,1,3,1,3,1,1,2,3,1,1,4,3,4
"R_2WutAJaRvi7lMWe",1,23,4,1,3,NA,-1,1,1,1,2,1,3,2,1,1,3,2,2,3,2,3,2,1,1,2,1,3
"R_2WutAJaRvi7lMWe",1,23,4,1,3,NA,-1,2,3,1,2,1,2,2,1,2,4,2,1,3,3,4,3,2,1,3,3,2
"R_2WutAJaRvi7lMWe",1,23,4,1,3,NA,-1,3,1,2,2,2,2,3,2,1,4,2,1,2,3,1,1,1,1,4,3,1
"R_2WutAJaRvi7lMWe",1,23,4,1,3,NA,-1,4,3,2,2,2,2,2,1,1,4,2,2,2,3,2,3,1,1,2,1,2
"R_28AlMaTJ6KIncFz",1,57,3,1,3,NA,0,1,3,1,1,1,2,2,2,2,1,1,3,2,2,4,1,1,1,4,1,3
"R_28AlMaTJ6KIncFz",1,57,3,1,3,NA,0,2,2,1,2,2,2,1,1,2,4,1,1,2,1,3,2,2,2,2,2,2
"R_28AlMaTJ6KIncFz",1,57,3,1,3,NA,0,3,2,1,1,1,3,3,1,2,3,1,3,3,2,3,2,2,1,3,3,1
"R_28AlMaTJ6KIncFz",1,57,3,1,3,NA,0,4,2,1,1,2,2,1,1,2,3,1,2,2,1,3,2,1,1,1,1,4
"R_vucfcmh3s1WhC13",2,25,5,4,3,NA,-1,1,1,1,1,1,2,2,2,1,1,1,2,1,2,2,2,1,1,4,3,1
"R_vucfcmh3s1WhC13",2,25,5,4,3,NA,-1,2,2,1,2,2,3,1,1,2,4,2,1,2,1,1,3,1,1,1,2,2
"R_vucfcmh3s1WhC13",2,25,5,4,3,NA,-1,3,2,2,1,1,3,1,1,1,2,1,3,1,3,2,2,1,1,2,3,4
"R_vucfcmh3s1WhC13",2,25,5,4,3,NA,-1,4,1,1,2,2,3,2,1,2,3,2,1,2,1,3,1,2,1,3,1,4
"R_9KOhG2BZobTDUNX",1,30,3,2,3,NA,1,1,3,1,2,1,2,3,1,2,3,1,2,2,1,4,2,1,1,1,1,3
"R_9KOhG2BZobTDUNX",1,30,3,2,3,NA,1,2,1,2,1,1,3,1,1,2,2,1,3,3,2,4,2,1,2,2,3,2
"R_9KOhG2BZobTDUNX",1,30,3,2,3,NA,1,3,1,2,1,1,2,2,1,1,1,2,1,2,1,3,3,2,1,3,2,2
"R_9KOhG2BZobTDUNX",1,30,3,2,3,NA,1,4,2,1,2,1,2,2,1,1,4,1,2,1,3,1,1,2,1,4,2,3
"R_3Pdbbc3iXrfsJtl",1,31,5,1,3,NA,-1,1,1,2,2,1,3,3,1,2,3,1,3,3,2,1,2,1,1,1,2,1
"R_3Pdbbc3iXrfsJtl",1,31,5,1,3,NA,-1,2,2,1,2,1,3,2,1,2,2,1,3,3,2,4,2,1,1,2,1,4
"R_3Pdbbc3iXrfsJtl",1,31,5,1,3,NA,-1,3,1,2,2,2,3,1,1,1,1,2,1,3,1,3,2,2,1,4,2,2
"R_3Pdbbc3iXrfsJtl",1,31,5,1,3,NA,-1,4,3,1,1,2,2,1,1,2,2,1,2,3,3,1,3,1,7,3,3,4
"R_24NoPvP0qrrj9IX",2,34,6,5,2,1,NA,1,2,1,2,2,3,3,1,1,3,2,1,3,1,4,2,2,1,4,2,3
"R_24NoPvP0qrrj9IX",2,34,6,5,2,1,NA,2,2,1,2,1,3,3,1,2,4,1,3,3,2,3,2,1,1,1,1,1
"R_24NoPvP0qrrj9IX",2,34,6,5,2,1,NA,3,1,2,1,1,3,1,2,2,2,1,3,2,2,3,2,1,1,3,3,4
"R_24NoPvP0qrrj9IX",2,34,6,5,2,1,NA,4,2,1,2,1,3,2,1,2,1,1,3,2,2,3,2,2,1,2,1,2
"R_22OYCoUEZpDFlel",1,68,6,2,2,1,NA,1,3,2,2,1,1,1,1,1,1,2,1,3,4,2,2,1,1,4,1,4
"R_22OYCoUEZpDFlel",1,68,6,2,2,1,NA,2,1,2,2,2,2,2,1,1,2,2,2,2,2,3,2,1,1,4,3,4
"R_22OYCoUEZpDFlel",1,68,6,2,2,1,NA,3,1,1,2,2,2,2,1,1,4,2,2,2,2,3,2,1,1,4,3,3
"R_22OYCoUEZpDFlel",1,68,6,2,2,1,NA,4,3,2,2,1,3,3,1,1,4,2,1,3,1,3,2,2,1,4,1,4
"R_Dqm43wtZZxJ0cYF",2,26,3,2,3,NA,0,1,1,1,2,2,3,3,1,1,3,2,1,2,1,4,2,1,1,2,3,3
"R_Dqm43wtZZxJ0cYF",2,26,3,2,3,NA,0,2,3,1,1,1,2,3,1,2,2,1,3,1,2,4,2,2,1,1,2,2
"R_Dqm43wtZZxJ0cYF",2,26,3,2,3,NA,0,3,3,2,1,1,3,3,1,2,2,1,3,1,2,4,2,2,1,2,2,2
"R_Dqm43wtZZxJ0cYF",2,26,3,2,3,NA,0,4,2,1,1,2,2,2,2,2,1,2,2,3,4,2,3,1,1,1,1,2
"R_vDkHwI5pQQgfhLz",1,47,5,7,3,NA,0,1,3,2,2,2,2,2,1,1,3,2,2,2,2,3,2,1,1,3,3,3
"R_vDkHwI5pQQgfhLz",1,47,5,7,3,NA,0,2,2,1,1,2,2,2,2,1,1,2,2,2,1,3,2,2,1,2,3,3
"R_vDkHwI5pQQgfhLz",1,47,5,7,3,NA,0,3,1,1,1,1,3,1,2,2,1,1,3,2,3,3,3,1,1,4,1,4
"R_vDkHwI5pQQgfhLz",1,47,5,7,3,NA,0,4,3,2,2,1,2,1,1,2,4,1,2,2,4,3,3,1,2,3,1,1
"R_3NLjZV5Gr0NKU1b",2,53,3,3,1,0,NA,1,2,1,2,1,3,3,1,2,4,1,3,2,2,3,2,1,1,1,2,4
"R_3NLjZV5Gr0NKU1b",2,53,3,3,1,0,NA,2,2,1,1,2,3,2,1,1,3,2,1,3,1,2,2,1,1,4,3,1
"R_3NLjZV5Gr0NKU1b",2,53,3,3,1,0,NA,3,2,1,1,1,3,3,1,2,4,1,2,3,2,4,2,2,1,2,1,3
"R_3NLjZV5Gr0NKU1b",2,53,3,3,1,0,NA,4,2,2,2,2,2,1,1,1,1,1,2,2,1,1,2,1,1,2,1,2
"R_DTpJJj5zt09v2gh",2,30,3,2,2,0,NA,1,3,2,1,1,3,3,2,2,4,1,2,3,2,3,3,1,1,2,1,2
"R_DTpJJj5zt09v2gh",2,30,3,2,2,0,NA,2,2,1,1,2,3,2,1,1,2,2,1,2,1,1,1,1,7,4,2,3
"R_DTpJJj5zt09v2gh",2,30,3,2,2,0,NA,3,3,1,2,2,2,3,1,1,3,2,1,3,1,4,2,2,1,1,3,1
"R_DTpJJj5zt09v2gh",2,30,3,2,2,0,NA,4,3,1,1,1,2,3,1,2,1,1,2,3,2,3,2,1,7,4,3,4
"R_73ZeP1mYtCIVLS9",1,27,5,2,2,0,NA,1,3,2,1,1,2,3,1,1,4,1,1,2,1,2,2,2,1,4,3,4
"R_73ZeP1mYtCIVLS9",1,27,5,2,2,0,NA,2,2,2,2,1,2,3,2,2,1,2,2,1,2,1,1,2,1,1,1,1
"R_73ZeP1mYtCIVLS9",1,27,5,2,2,0,NA,3,3,1,1,2,3,2,1,1,2,1,1,3,2,3,2,2,2,3,2,2
"R_73ZeP1mYtCIVLS9",1,27,5,2,2,0,NA,4,2,1,2,1,2,3,2,2,3,2,1,2,1,1,3,1,7,2,3,2
"R_1CKMN0NsOOcTRsp",2,57,2,1,3,NA,-1,1,2,2,2,1,3,2,1,1,1,2,1,3,1,4,2,1,1,4,1,3
"R_1CKMN0NsOOcTRsp",2,57,2,1,3,NA,-1,2,2,1,1,2,2,3,1,2,2,1,3,2,2,3,2,2,1,1,2,1
"R_1CKMN0NsOOcTRsp",2,57,2,1,3,NA,-1,3,1,2,2,1,2,1,1,1,4,2,2,3,4,2,3,1,1,2,3,4
"R_1CKMN0NsOOcTRsp",2,57,2,1,3,NA,-1,4,2,2,2,1,3,3,1,1,1,2,1,3,1,3,2,1,1,2,3,2
"R_1DNAwd0Mz3BNVsN",1,39,4,1,1,1,NA,1,1,1,1,2,3,2,2,1,3,2,2,1,2,3,2,2,1,2,3,1
"R_1DNAwd0Mz3BNVsN",1,39,4,1,1,1,NA,2,1,2,2,2,3,2,1,1,3,2,1,2,2,3,2,2,1,4,3,3
"R_1DNAwd0Mz3BNVsN",1,39,4,1,1,1,NA,3,3,1,1,2,3,2,1,1,3,2,2,2,2,4,3,2,1,4,3,1
"R_1DNAwd0Mz3BNVsN",1,39,4,1,1,1,NA,4,2,2,2,2,3,2,1,1,1,2,1,2,2,3,2,2,1,4,3,1
"R_2ZZXHV6LtxxneyS",1,29,5,2,4,NA,0,1,2,2,2,1,1,2,1,1,1,2,2,3,1,2,2,2,1,2,2,1
"R_2ZZXHV6LtxxneyS",1,29,5,2,4,NA,0,2,2,1,2,1,2,3,2,2,4,2,2,2,2,3,2,1,1,1,3,2
"R_2ZZXHV6LtxxneyS",1,29,5,2,4,NA,0,3,1,2,2,2,3,1,1,1,2,2,1,3,1,4,2,2,1,1,2,1
"R_2ZZXHV6LtxxneyS",1,29,5,2,4,NA,0,4,3,1,1,1,3,3,2,2,3,1,3,1,3,1,3,1,2,4,3,4
"R_1LnZ2X5053KMtMJ",1,27,2,1,3,NA,0,1,3,2,2,2,2,3,1,1,3,2,2,1,1,1,1,2,2,3,1,3
"R_1LnZ2X5053KMtMJ",1,27,2,1,3,NA,0,2,2,2,2,2,2,3,1,2,2,1,3,1,2,2,2,2,2,1,3,1
"R_1LnZ2X5053KMtMJ",1,27,2,1,3,NA,0,3,1,2,2,2,2,1,2,2,1,2,1,1,3,3,2,1,2,2,2,4
"R_1LnZ2X5053KMtMJ",1,27,2,1,3,NA,0,4,3,1,2,1,2,3,1,2,4,1,3,1,1,3,2,1,2,4,3,2
"R_2aqOB81RYLbLC0x",1,25,5,2,3,NA,-1,1,2,2,1,1,2,2,1,2,3,1,2,2,2,3,2,1,1,1,1,2
"R_2aqOB81RYLbLC0x",1,25,5,2,3,NA,-1,2,1,1,1,2,2,1,1,1,1,2,1,2,1,2,2,2,1,2,2,3
"R_2aqOB81RYLbLC0x",1,25,5,2,3,NA,-1,3,2,2,2,2,2,2,1,1,2,2,1,3,2,4,2,1,1,3,3,1
"R_2aqOB81RYLbLC0x",1,25,5,2,3,NA,-1,4,3,2,1,1,3,3,2,2,2,1,3,2,2,4,2,1,1,2,3,2
"R_1pSTs2tbgEjQDFg",1,25,2,1,2,0,NA,1,1,2,2,2,3,3,1,1,1,2,1,3,2,3,3,1,1,1,1,3
"R_1pSTs2tbgEjQDFg",1,25,2,1,2,0,NA,2,3,1,2,2,1,3,1,2,4,1,3,2,3,3,2,1,7,2,2,1
"R_1pSTs2tbgEjQDFg",1,25,2,1,2,0,NA,3,1,2,2,1,1,1,1,2,3,1,1,1,1,4,1,1,2,4,1,2
"R_1pSTs2tbgEjQDFg",1,25,2,1,2,0,NA,4,1,1,1,1,1,1,1,2,1,1,3,1,4,2,1,1,7,1,2,2
"R_pAU1s5XPZklwHS1",1,23,3,1,3,NA,0,1,1,2,2,2,1,2,1,1,3,2,1,2,4,4,2,1,1,1,2,1
"R_pAU1s5XPZklwHS1",1,23,3,1,3,NA,0,2,2,2,2,1,2,1,1,2,1,1,2,1,2,3,2,1,1,2,2,2
"R_pAU1s5XPZklwHS1",1,23,3,1,3,NA,0,3,2,1,2,2,2,1,1,1,3,1,1,3,1,3,2,1,1,3,3,1
"R_pAU1s5XPZklwHS1",1,23,3,1,3,NA,0,4,2,2,1,1,2,1,1,2,4,1,3,1,3,3,2,2,7,4,1,3
"R_2ziMZTxsfa7dGbz",2,52,3,5,1,1,NA,1,2,2,2,1,2,1,1,2,4,2,2,1,1,3,2,2,1,4,3,3
"R_2ziMZTxsfa7dGbz",2,52,3,5,1,1,NA,2,3,1,1,1,3,3,2,2,1,1,3,3,2,4,3,1,1,1,2,1
"R_2ziMZTxsfa7dGbz",2,52,3,5,1,1,NA,3,3,1,2,1,2,3,2,2,1,1,2,2,2,2,2,1,2,3,2,2
"R_2ziMZTxsfa7dGbz",2,52,3,5,1,1,NA,4,3,2,2,1,2,2,1,1,2,2,2,2,1,4,2,2,7,3,1,4
"R_2Yxn92Z8FLwxJc9",2,29,3,1,2,0,NA,1,2,1,1,2,2,1,1,1,3,1,2,1,3,3,2,1,1,2,1,2
"R_2Yxn92Z8FLwxJc9",2,29,3,1,2,0,NA,2,1,2,1,1,3,3,1,1,3,1,3,2,1,2,2,1,1,1,2,1
"R_2Yxn92Z8FLwxJc9",2,29,3,1,2,0,NA,3,2,1,1,1,3,1,1,1,4,1,2,3,2,1,1,2,1,3,3,4
"R_2Yxn92Z8FLwxJc9",2,29,3,1,2,0,NA,4,2,1,1,2,2,1,2,2,3,2,2,1,3,3,2,1,1,4,2,3
"R_1r0MII7N2Wgh1NR",1,36,5,4,1,1,NA,1,2,2,2,1,3,3,1,2,3,1,3,2,2,3,3,1,1,4,1,1
"R_1r0MII7N2Wgh1NR",1,36,5,4,1,1,NA,2,3,2,2,1,2,3,1,2,3,1,3,3,1,4,2,2,1,2,2,2
"R_1r0MII7N2Wgh1NR",1,36,5,4,1,1,NA,3,2,1,1,2,3,2,1,1,1,2,1,3,2,3,2,2,1,3,3,1
"R_1r0MII7N2Wgh1NR",1,36,5,4,1,1,NA,4,2,2,2,2,2,1,2,2,4,1,2,2,3,2,3,1,2,1,2,3
"R_3hFwVZyktD3zTAG",2,19,3,2,3,NA,-1,1,3,2,2,2,3,1,1,1,3,2,1,2,2,4,2,1,1,3,3,3
"R_3hFwVZyktD3zTAG",2,19,3,2,3,NA,-1,2,3,2,2,1,3,3,1,2,1,1,2,2,2,3,2,1,1,3,3,1
"R_3hFwVZyktD3zTAG",2,19,3,2,3,NA,-1,3,1,1,1,2,2,1,1,2,1,2,2,1,1,3,2,1,1,2,1,4
"R_3hFwVZyktD3zTAG",2,19,3,2,3,NA,-1,4,2,1,1,2,3,1,2,2,1,2,2,2,2,4,2,1,1,4,3,2
"R_D6m2tsbvRUZcGel",1,26,3,1,3,NA,-1,1,2,1,2,1,3,2,1,2,3,1,2,2,2,3,2,1,1,3,1,2
"R_D6m2tsbvRUZcGel",1,26,3,1,3,NA,-1,2,1,1,2,2,2,3,1,1,1,2,1,3,1,2,2,1,1,1,3,3
"R_D6m2tsbvRUZcGel",1,26,3,1,3,NA,-1,3,1,1,1,1,2,2,1,2,3,1,3,3,1,2,2,1,1,2,3,3
"R_D6m2tsbvRUZcGel",1,26,3,1,3,NA,-1,4,1,1,2,2,2,2,1,1,3,2,2,2,1,2,2,1,7,3,1,1
"R_xi2PhkUONnmAcXT",1,33,5,5,3,NA,-1,1,2,1,1,1,2,3,1,2,2,1,3,2,2,3,2,1,1,2,2,4
"R_xi2PhkUONnmAcXT",1,33,5,5,3,NA,-1,2,1,2,2,2,2,2,1,1,4,2,1,3,2,4,2,2,1,3,2,3
"R_xi2PhkUONnmAcXT",1,33,5,5,3,NA,-1,3,1,1,2,2,2,3,1,1,4,2,1,3,2,3,1,2,1,3,2,3
"R_xi2PhkUONnmAcXT",1,33,5,5,3,NA,-1,4,1,1,2,2,2,3,1,1,1,2,1,2,1,2,2,1,1,4,1,2
"R_1CDaaivAVy6YqCH",2,31,4,3,3,NA,-1,1,2,1,1,1,2,2,1,2,2,1,2,2,2,3,2,1,1,4,3,3
"R_1CDaaivAVy6YqCH",2,31,4,3,3,NA,-1,2,3,1,1,2,2,3,1,1,3,1,1,2,2,4,2,2,1,2,2,4
"R_1CDaaivAVy6YqCH",2,31,4,3,3,NA,-1,3,2,1,2,1,2,1,1,2,3,2,3,2,2,2,2,2,1,3,1,2
"R_1CDaaivAVy6YqCH",2,31,4,3,3,NA,-1,4,1,2,1,2,3,3,1,1,4,2,1,2,2,2,3,1,1,2,2,1
"R_9BHmT6slA2PgYmt",2,31,2,3,1,0,NA,1,1,1,1,2,2,1,1,2,3,1,3,2,2,3,2,1,1,1,3,3
"R_9BHmT6slA2PgYmt",2,31,2,3,1,0,NA,2,3,2,1,1,3,3,1,1,1,2,1,2,2,4,2,2,1,2,2,1
"R_9BHmT6slA2PgYmt",2,31,2,3,1,0,NA,3,2,2,1,1,2,3,2,2,2,2,2,2,1,3,2,1,7,3,3,4
"R_9BHmT6slA2PgYmt",2,31,2,3,1,0,NA,4,2,2,2,2,2,2,1,1,4,2,2,2,1,3,2,1,1,4,2,2
"R_3qi0PqPihkLeShr",1,31,3,2,3,NA,0,1,2,1,2,1,2,1,1,2,3,2,2,2,2,2,2,2,1,3,1,4
"R_3qi0PqPihkLeShr",1,31,3,2,3,NA,0,2,3,2,2,2,3,3,1,1,2,2,1,3,1,4,2,2,1,4,2,3
"R_3qi0PqPihkLeShr",1,31,3,2,3,NA,0,3,1,2,2,2,3,1,1,1,2,2,1,2,1,2,2,2,1,4,1,2
"R_3qi0PqPihkLeShr",1,31,3,2,3,NA,0,4,3,1,2,1,2,3,2,2,4,1,2,3,2,3,2,2,1,2,3,3
"R_2QsbNF3pLLprk20",2,60,6,3,2,1,NA,1,2,2,1,2,3,3,2,2,3,2,2,2,2,4,2,2,1,2,1,2
"R_2QsbNF3pLLprk20",2,60,6,3,2,1,NA,2,3,2,1,1,2,1,2,1,2,2,2,1,3,3,2,1,1,3,1,1
"R_2QsbNF3pLLprk20",2,60,6,3,2,1,NA,3,2,2,1,1,2,1,1,1,3,1,3,2,1,3,2,2,7,4,2,2
"R_2QsbNF3pLLprk20",2,60,6,3,2,1,NA,4,1,1,2,1,3,3,1,2,1,1,3,3,2,4,2,2,2,3,1,3
"R_1rqvyN0fPOhWitc",1,50,6,7,2,0,NA,1,3,1,1,1,3,3,1,2,3,1,2,3,2,4,2,2,1,3,1,3
"R_1rqvyN0fPOhWitc",1,50,6,7,2,0,NA,2,3,2,2,2,3,3,1,1,1,2,1,3,1,3,2,2,1,1,3,1
"R_1rqvyN0fPOhWitc",1,50,6,7,2,0,NA,3,1,1,1,1,3,2,2,2,4,1,3,2,2,2,2,1,7,2,2,4
"R_1rqvyN0fPOhWitc",1,50,6,7,2,0,NA,4,2,1,2,2,3,2,1,1,2,2,1,2,1,3,2,1,1,4,1,2
"R_00zjom3PLhbBmHb",1,44,5,4,3,NA,-1,1,1,1,2,2,3,3,1,1,1,2,1,2,2,3,2,1,1,1,3,3
"R_00zjom3PLhbBmHb",1,44,5,4,3,NA,-1,2,3,1,1,1,3,3,1,2,4,1,3,2,2,3,2,1,1,3,2,1
"R_00zjom3PLhbBmHb",1,44,5,4,3,NA,-1,3,1,1,1,2,3,3,1,1,4,2,1,2,2,3,2,1,1,1,1,2
"R_00zjom3PLhbBmHb",1,44,5,4,3,NA,-1,4,3,2,2,2,3,3,1,1,3,2,1,2,2,3,2,1,1,3,3,2
"R_27eas59lCoWzxkg",1,29,2,3,3,NA,0,1,2,2,1,2,2,2,1,1,3,2,1,3,1,3,2,1,1,2,1,1
"R_27eas59lCoWzxkg",1,29,2,3,3,NA,0,2,1,1,2,2,2,2,1,1,3,2,1,3,2,4,2,1,1,4,2,1
"R_27eas59lCoWzxkg",1,29,2,3,3,NA,0,3,3,1,1,2,3,3,1,1,2,2,1,3,2,4,2,2,1,2,3,1
"R_27eas59lCoWzxkg",1,29,2,3,3,NA,0,4,1,1,1,1,3,2,2,2,4,1,3,2,2,3,2,1,7,1,2,4
"R_2cBhlLbejsXD6ma",2,31,3,4,2,1,NA,1,1,1,1,1,2,1,2,2,3,1,2,1,4,2,2,1,2,2,2,3
"R_2cBhlLbejsXD6ma",2,31,3,4,2,1,NA,2,1,1,2,1,2,1,1,2,1,1,1,1,3,3,2,1,1,4,3,2
"R_2cBhlLbejsXD6ma",2,31,3,4,2,1,NA,3,3,1,2,2,2,1,2,1,3,2,1,2,1,4,2,1,1,2,1,3
"R_2cBhlLbejsXD6ma",2,31,3,4,2,1,NA,4,2,2,1,1,2,1,1,1,4,2,2,1,2,3,2,1,1,4,2,4
"R_WoIByFSdVvg2m8V",2,24,2,2,1,0,NA,1,2,1,1,1,3,3,1,2,1,1,3,2,2,3,2,1,1,4,2,3
"R_WoIByFSdVvg2m8V",2,24,2,2,1,0,NA,2,3,1,1,1,2,2,1,2,3,2,1,3,1,2,2,2,1,1,1,2
"R_WoIByFSdVvg2m8V",2,24,2,2,1,0,NA,3,1,1,2,2,2,3,1,2,2,1,1,2,2,1,2,1,3,3,3,4
"R_WoIByFSdVvg2m8V",2,24,2,2,1,0,NA,4,3,1,2,1,3,1,1,1,4,2,1,1,1,4,2,2,1,2,2,1
"R_d57kx4Nh0et6lnb",2,25,6,2,2,1,NA,1,1,1,1,1,2,3,1,1,3,1,2,2,2,3,2,2,1,1,3,1
"R_d57kx4Nh0et6lnb",2,25,6,2,2,1,NA,2,1,1,2,2,3,2,1,1,2,2,1,3,1,4,1,1,1,4,2,4
"R_d57kx4Nh0et6lnb",2,25,6,2,2,1,NA,3,2,1,2,2,3,2,1,1,4,2,1,3,2,2,3,1,1,3,1,4
"R_d57kx4Nh0et6lnb",2,25,6,2,2,1,NA,4,2,1,1,1,3,3,1,2,2,1,3,3,2,4,2,2,1,4,1,2
"R_1OIhquoqqXq1dQd",2,29,5,4,2,1,NA,1,3,2,2,2,2,2,1,2,4,1,3,2,4,3,1,1,3,3,2,2
"R_1OIhquoqqXq1dQd",2,29,5,4,2,1,NA,2,3,2,1,2,2,1,2,1,1,1,3,2,2,2,3,1,3,2,2,4
"R_1OIhquoqqXq1dQd",2,29,5,4,2,1,NA,3,1,2,2,2,3,3,2,1,3,2,2,3,4,1,3,1,1,3,1,1
"R_1OIhquoqqXq1dQd",2,29,5,4,2,1,NA,4,1,1,1,1,3,1,1,2,3,1,3,2,2,2,1,1,1,4,3,3
"R_soEMd7h1lXOMBEd",1,28,6,4,2,0,NA,1,2,2,1,1,2,1,1,2,4,1,2,2,1,2,2,1,1,2,1,1
"R_soEMd7h1lXOMBEd",1,28,6,4,2,0,NA,2,1,2,2,1,2,1,1,1,1,2,1,1,4,3,2,2,1,3,3,2
"R_soEMd7h1lXOMBEd",1,28,6,4,2,0,NA,3,1,1,2,1,1,3,1,2,4,2,3,1,3,2,3,2,7,4,2,3
"R_soEMd7h1lXOMBEd",1,28,6,4,2,0,NA,4,2,2,1,1,3,3,1,2,4,1,2,2,3,1,2,1,1,2,3,1
"R_pKSV0p61TZMxsyd",2,50,3,5,1,0,NA,1,1,2,1,1,3,2,1,2,4,1,1,3,2,1,1,1,1,4,1,3
"R_pKSV0p61TZMxsyd",2,50,3,5,1,0,NA,2,1,2,1,2,2,3,1,1,1,1,1,3,1,3,2,1,1,1,3,2
"R_pKSV0p61TZMxsyd",2,50,3,5,1,0,NA,3,2,1,2,1,2,1,2,2,2,2,2,2,1,3,2,2,2,2,1,4
"R_pKSV0p61TZMxsyd",2,50,3,5,1,0,NA,4,3,2,1,1,2,3,1,2,1,2,1,2,3,3,2,2,1,1,2,1
"R_yxuhAGTi89J4fzb",2,24,4,3,2,1,NA,1,2,1,2,2,2,1,1,1,1,2,1,1,3,3,1,2,1,4,2,2
"R_yxuhAGTi89J4fzb",2,24,4,3,2,1,NA,2,2,1,2,2,1,3,1,2,2,2,1,1,1,1,2,1,1,2,3,3
"R_yxuhAGTi89J4fzb",2,24,4,3,2,1,NA,3,1,2,2,2,2,2,2,1,3,1,2,2,3,3,2,1,1,3,1,2
"R_yxuhAGTi89J4fzb",2,24,4,3,2,1,NA,4,3,1,2,1,2,2,1,1,2,1,1,2,3,4,2,2,1,1,3,4
"R_2e8NFM8HmP6t5v4",1,25,5,1,3,NA,0,1,2,2,2,2,3,2,1,1,4,2,3,3,2,4,2,1,1,4,1,1
"R_2e8NFM8HmP6t5v4",1,25,5,1,3,NA,0,2,3,1,2,2,3,1,1,1,4,2,1,3,2,4,2,1,1,1,3,2
"R_2e8NFM8HmP6t5v4",1,25,5,1,3,NA,0,3,3,2,2,2,2,1,1,1,2,2,1,3,2,3,3,1,1,1,1,3
"R_2e8NFM8HmP6t5v4",1,25,5,1,3,NA,0,4,3,1,1,2,3,2,1,1,3,2,1,3,1,4,2,1,1,4,3,1
"R_115dvupxrNfsvPf",2,38,2,2,3,NA,-1,1,3,2,1,1,3,1,1,2,1,2,3,3,1,3,2,1,1,4,3,1
"R_115dvupxrNfsvPf",2,38,2,2,3,NA,-1,2,2,1,1,2,3,1,1,1,4,1,2,3,2,4,2,1,1,1,2,2
"R_115dvupxrNfsvPf",2,38,2,2,3,NA,-1,3,1,1,2,2,2,3,1,1,2,2,2,2,1,4,1,1,1,2,1,3
"R_115dvupxrNfsvPf",2,38,2,2,3,NA,-1,4,3,1,2,1,2,2,1,2,3,2,2,3,2,2,2,2,2,3,1,4
"R_2ebrmFhj9vAdmCZ",2,56,3,2,3,NA,0,1,2,2,1,1,2,2,1,1,1,2,2,2,1,3,2,2,1,1,1,1
"R_2ebrmFhj9vAdmCZ",2,56,3,2,3,NA,0,2,2,2,1,1,2,2,1,1,4,1,2,3,2,4,2,2,3,2,3,2
"R_2ebrmFhj9vAdmCZ",2,56,3,2,3,NA,0,3,1,2,1,1,3,1,1,1,1,1,3,1,1,2,3,1,1,4,1,3
"R_2ebrmFhj9vAdmCZ",2,56,3,2,3,NA,0,4,3,2,2,2,3,3,1,2,2,2,1,2,1,3,2,2,1,1,1,1
"R_3nw40BeCpcIaLOT",1,29,2,2,3,NA,0,1,2,1,1,2,1,1,1,1,4,1,1,1,1,3,2,1,1,3,3,1
"R_3nw40BeCpcIaLOT",1,29,2,2,3,NA,0,2,1,2,2,2,3,1,1,1,2,2,1,2,4,3,2,1,1,2,2,2
"R_3nw40BeCpcIaLOT",1,29,2,2,3,NA,0,3,3,2,1,2,2,1,1,1,3,2,1,2,2,3,2,2,1,2,1,4
"R_3nw40BeCpcIaLOT",1,29,2,2,3,NA,0,4,2,2,1,2,2,1,2,1,2,2,1,1,3,4,2,1,1,4,1,3
"R_2cqrv6MMUYGLlyE",1,24,3,1,3,NA,0,1,2,2,1,1,2,3,1,2,1,1,2,2,1,3,2,1,1,2,2,3
"R_2cqrv6MMUYGLlyE",1,24,3,1,3,NA,0,2,3,2,2,1,2,3,1,1,3,2,1,3,2,4,2,2,1,3,1,1
"R_2cqrv6MMUYGLlyE",1,24,3,1,3,NA,0,3,2,2,2,1,2,3,1,2,1,2,1,2,4,3,2,2,1,4,2,3
"R_2cqrv6MMUYGLlyE",1,24,3,1,3,NA,0,4,2,1,2,2,2,3,1,1,4,2,3,3,2,2,2,1,1,4,2,2
"R_28HwCrSvlvgxaub",1,23,2,3,3,NA,1,1,1,2,1,2,2,2,1,1,3,2,1,2,1,3,2,2,1,4,2,1
"R_28HwCrSvlvgxaub",1,23,2,3,3,NA,1,2,1,2,1,2,2,2,1,1,3,2,1,2,2,3,2,2,1,1,3,2
"R_28HwCrSvlvgxaub",1,23,2,3,3,NA,1,3,2,2,1,2,2,2,1,1,1,2,1,3,2,4,2,2,1,1,1,1
"R_28HwCrSvlvgxaub",1,23,2,3,3,NA,1,4,2,2,1,2,2,1,1,1,1,2,1,3,1,3,2,2,1,4,3,2
"R_QaHfxN3BhFOrRHH",2,49,6,3,1,1,NA,1,3,1,2,2,3,2,1,1,3,2,1,2,2,3,2,2,1,4,3,4
"R_QaHfxN3BhFOrRHH",2,49,6,3,1,1,NA,2,1,1,1,1,2,3,1,2,2,1,3,2,2,3,2,2,2,1,2,1
"R_QaHfxN3BhFOrRHH",2,49,6,3,1,1,NA,3,1,1,1,1,2,2,1,2,2,1,3,2,2,3,2,2,2,1,2,1
"R_QaHfxN3BhFOrRHH",2,49,6,3,1,1,NA,4,3,2,2,1,2,2,1,1,1,2,2,2,2,3,2,2,1,2,1,4
"R_3MbY4aZeB0C6yPu",1,31,5,2,4,NA,-1,1,3,2,2,2,3,3,1,1,1,2,1,3,1,3,2,2,1,2,2,1
"R_3MbY4aZeB0C6yPu",1,31,5,2,4,NA,-1,2,1,2,1,2,2,2,2,1,4,2,2,2,1,1,1,1,1,4,1,1
"R_3MbY4aZeB0C6yPu",1,31,5,2,4,NA,-1,3,3,2,2,1,3,3,1,2,3,2,2,2,2,3,3,2,2,3,1,2
"R_3MbY4aZeB0C6yPu",1,31,5,2,4,NA,-1,4,2,2,1,2,2,2,2,2,3,2,2,3,2,2,2,1,1,1,2,4
"R_32PEE7pGY64HFXo",1,26,5,2,1,0,NA,1,2,2,2,2,2,3,1,1,3,2,1,2,2,3,2,1,1,1,3,1
"R_32PEE7pGY64HFXo",1,26,5,2,1,0,NA,2,3,1,2,2,2,1,2,1,4,2,2,2,1,4,2,1,1,1,1,3
"R_32PEE7pGY64HFXo",1,26,5,2,1,0,NA,3,3,2,2,2,3,3,1,1,2,2,1,3,1,3,2,2,1,4,1,1
"R_32PEE7pGY64HFXo",1,26,5,2,1,0,NA,4,3,2,1,2,2,1,2,1,1,2,2,2,2,2,2,1,1,1,2,4
"R_32Lasn0ksKT3r8h",1,34,5,2,3,NA,-1,1,3,2,2,1,3,2,1,1,3,1,2,2,2,4,2,1,1,2,2,2
"R_32Lasn0ksKT3r8h",1,34,5,2,3,NA,-1,2,2,1,1,2,3,3,1,1,4,2,2,2,2,4,2,2,1,1,3,1
"R_32Lasn0ksKT3r8h",1,34,5,2,3,NA,-1,3,2,1,1,1,3,3,2,2,1,1,3,3,2,1,3,1,1,3,3,4
"R_32Lasn0ksKT3r8h",1,34,5,2,3,NA,-1,4,3,1,1,1,3,3,2,2,4,1,3,2,2,1,3,1,1,4,3,1
"R_1ovGBtT0o4LqinU",2,43,4,1,1,1,NA,1,2,2,2,2,2,1,1,1,4,2,1,1,1,4,2,2,1,3,3,1
"R_1ovGBtT0o4LqinU",2,43,4,1,1,1,NA,2,2,2,1,2,3,1,2,1,2,1,1,2,2,3,2,1,1,4,3,1
"R_1ovGBtT0o4LqinU",2,43,4,1,1,1,NA,3,3,1,1,2,2,1,2,2,1,1,2,2,1,2,1,1,1,1,1,1
"R_1ovGBtT0o4LqinU",2,43,4,1,1,1,NA,4,2,1,1,1,3,2,1,2,2,1,3,3,2,3,2,2,1,3,3,2
"R_1jpm9byCusdKCwb",2,68,6,1,2,0,NA,1,3,1,2,2,3,3,1,1,4,2,2,3,2,4,2,1,1,4,2,1
"R_1jpm9byCusdKCwb",2,68,6,1,2,0,NA,2,1,1,2,2,3,2,1,1,3,2,2,2,1,3,2,1,1,1,3,1
"R_1jpm9byCusdKCwb",2,68,6,1,2,0,NA,3,1,2,1,2,2,1,2,2,3,2,1,2,2,3,2,1,1,3,1,3
"R_1jpm9byCusdKCwb",2,68,6,1,2,0,NA,4,1,2,1,1,2,1,2,2,2,1,2,1,2,2,3,1,7,2,1,2
"R_54QyFQBvF9qbSLL",2,35,5,3,2,1,NA,1,2,2,1,1,3,3,1,2,4,1,2,2,2,3,2,1,1,1,1,2
"R_54QyFQBvF9qbSLL",2,35,5,3,2,1,NA,2,1,1,1,1,2,3,2,2,3,1,3,1,2,1,2,1,1,2,3,2
"R_54QyFQBvF9qbSLL",2,35,5,3,2,1,NA,3,2,1,1,2,3,2,1,1,1,2,2,3,1,2,1,1,3,3,1,4
"R_54QyFQBvF9qbSLL",2,35,5,3,2,1,NA,4,1,2,2,2,3,2,1,1,1,2,1,3,2,3,2,2,1,1,2,2
"R_3s4iISBAuG8hyiY",2,34,3,2,2,1,NA,1,2,2,2,1,3,2,1,1,3,2,1,3,1,3,2,1,1,4,3,3
"R_3s4iISBAuG8hyiY",2,34,3,2,2,1,NA,2,1,1,1,1,2,1,2,2,4,1,3,1,3,1,1,1,1,1,1,1
"R_3s4iISBAuG8hyiY",2,34,3,2,2,1,NA,3,3,2,2,1,3,2,1,1,3,2,1,2,2,4,2,2,1,3,1,3
"R_3s4iISBAuG8hyiY",2,34,3,2,2,1,NA,4,1,2,2,1,2,1,1,1,3,2,2,2,4,2,2,1,1,4,1,2
"R_2xJCLGGigOmkeBB",2,28,5,4,2,0,NA,1,3,1,1,2,2,1,1,2,3,1,3,1,1,4,2,1,1,3,1,3
"R_2xJCLGGigOmkeBB",2,28,5,4,2,0,NA,2,1,2,1,1,2,1,1,2,4,1,2,2,4,3,2,1,1,3,2,3
"R_2xJCLGGigOmkeBB",2,28,5,4,2,0,NA,3,3,2,2,1,2,1,2,1,3,2,1,1,2,2,2,2,1,1,2,1
"R_2xJCLGGigOmkeBB",2,28,5,4,2,0,NA,4,3,1,1,2,1,1,1,1,1,2,1,1,1,2,2,2,1,3,2,3
"R_elFcEkquh9Iawe1",1,32,3,2,2,1,NA,1,1,2,2,2,1,1,1,1,3,2,1,1,4,3,3,1,1,2,1,1
"R_elFcEkquh9Iawe1",1,32,3,2,2,1,NA,2,3,1,1,1,2,1,1,2,3,1,3,1,3,3,2,2,1,4,2,2
"R_elFcEkquh9Iawe1",1,32,3,2,2,1,NA,3,3,1,2,2,2,1,1,1,2,2,1,1,1,4,3,1,1,2,2,1
"R_elFcEkquh9Iawe1",1,32,3,2,2,1,NA,4,3,1,2,2,2,1,1,1,1,2,1,2,2,3,3,1,1,1,2,1
"R_3JrfKcAbNReTRnt",2,48,6,5,3,NA,-1,1,1,2,1,1,3,1,1,2,3,1,2,3,2,3,2,1,1,4,2,1
"R_3JrfKcAbNReTRnt",2,48,6,5,3,NA,-1,2,2,1,2,2,3,3,1,1,1,2,1,3,2,4,2,2,1,1,3,4
"R_3JrfKcAbNReTRnt",2,48,6,5,3,NA,-1,3,3,2,2,1,3,3,1,2,2,2,2,3,2,3,2,2,1,2,3,2
"R_3JrfKcAbNReTRnt",2,48,6,5,3,NA,-1,4,3,1,1,1,3,3,2,2,2,1,3,3,2,2,2,1,2,3,1,3
"R_3kHR7xZBQv45k6l",2,61,2,2,2,1,NA,1,2,2,1,2,2,1,1,1,1,2,1,1,1,3,2,1,1,1,1,2
"R_3kHR7xZBQv45k6l",2,61,2,2,2,1,NA,2,3,2,2,1,2,1,1,1,2,1,2,1,3,2,2,2,1,2,3,4
"R_3kHR7xZBQv45k6l",2,61,2,2,2,1,NA,3,2,1,1,2,2,1,1,2,4,2,3,1,4,4,2,2,7,4,2,2
"R_3kHR7xZBQv45k6l",2,61,2,2,2,1,NA,4,2,2,2,2,3,2,1,1,2,2,1,2,2,2,2,2,3,3,2,4
"R_C1AACpNBUbHlN5L",1,25,2,2,3,NA,-1,1,3,2,2,2,2,3,1,1,4,2,1,2,2,3,2,2,1,2,2,1
"R_C1AACpNBUbHlN5L",1,25,2,2,3,NA,-1,2,3,1,1,1,3,3,2,2,3,1,3,2,3,2,2,1,1,4,1,2
"R_C1AACpNBUbHlN5L",1,25,2,2,3,NA,-1,3,1,2,1,2,3,2,1,1,1,2,2,3,1,4,2,2,1,3,3,1
"R_C1AACpNBUbHlN5L",1,25,2,2,3,NA,-1,4,3,2,1,2,2,3,1,1,2,2,2,3,1,3,2,2,1,2,1,3
"R_ve2BoTvF8WWsZm9",1,57,3,4,1,1,NA,1,1,2,1,2,2,1,2,1,3,2,1,2,2,3,2,1,1,4,1,3
"R_ve2BoTvF8WWsZm9",1,57,3,4,1,1,NA,2,2,1,2,1,2,3,1,2,1,1,2,2,1,4,2,1,1,3,2,4
"R_ve2BoTvF8WWsZm9",1,57,3,4,1,1,NA,3,3,2,1,2,3,3,1,1,2,2,1,3,2,4,2,2,1,1,3,1
"R_ve2BoTvF8WWsZm9",1,57,3,4,1,1,NA,4,2,1,2,1,2,3,1,2,4,1,2,2,2,3,3,1,1,2,2,3
"R_2aXYJ8r0d36mKxG",1,42,3,2,4,NA,-1,1,3,2,1,2,2,3,1,2,3,1,2,2,1,4,2,1,1,2,2,1
"R_2aXYJ8r0d36mKxG",1,42,3,2,4,NA,-1,2,1,1,1,2,2,1,1,2,1,1,3,2,3,3,2,1,2,4,3,2
"R_2aXYJ8r0d36mKxG",1,42,3,2,4,NA,-1,3,3,2,2,2,2,3,1,1,4,2,1,2,2,4,2,2,1,2,1,3
"R_2aXYJ8r0d36mKxG",1,42,3,2,4,NA,-1,4,3,2,1,1,2,3,1,2,1,1,2,2,1,3,2,2,1,4,1,2
"R_3GpNTfJlLfukpqo",1,31,5,2,4,NA,0,1,3,1,1,1,2,1,2,2,4,1,3,1,3,3,3,1,1,4,3,1
"R_3GpNTfJlLfukpqo",1,31,5,2,4,NA,0,2,2,2,2,2,2,1,1,1,3,2,1,2,4,4,2,2,1,2,1,2
"R_3GpNTfJlLfukpqo",1,31,5,2,4,NA,0,3,2,1,1,1,3,1,2,2,3,1,2,2,2,2,2,1,7,3,2,4
"R_3GpNTfJlLfukpqo",1,31,5,2,4,NA,0,4,2,2,1,2,2,1,1,1,3,2,2,3,2,3,3,2,1,4,2,4
"R_3NIDhMUwu335GeI",1,32,5,5,2,0,NA,1,2,2,1,1,3,3,1,2,3,1,3,2,2,3,2,1,1,1,2,4
"R_3NIDhMUwu335GeI",1,32,5,5,2,0,NA,2,2,1,2,2,2,2,1,1,4,2,2,3,1,3,2,2,1,4,1,1
"R_3NIDhMUwu335GeI",1,32,5,5,2,0,NA,3,2,1,1,1,3,3,1,2,2,1,3,2,2,3,2,1,1,2,3,2
"R_3NIDhMUwu335GeI",1,32,5,5,2,0,NA,4,2,1,1,1,3,3,1,2,1,1,3,2,2,3,2,1,1,2,3,4
"R_xyJRQ87Wf9VxoAh",2,35,5,4,2,1,NA,1,1,1,1,2,2,1,1,1,3,1,1,1,1,3,2,1,1,2,2,4
"R_xyJRQ87Wf9VxoAh",2,35,5,4,2,1,NA,2,2,1,1,1,2,2,2,2,4,1,2,2,3,2,1,1,1,1,3,1
"R_xyJRQ87Wf9VxoAh",2,35,5,4,2,1,NA,3,1,1,2,1,2,1,1,2,1,1,2,2,2,3,2,1,1,3,3,1
"R_xyJRQ87Wf9VxoAh",2,35,5,4,2,1,NA,4,3,1,2,1,1,1,1,1,1,2,1,1,1,3,1,2,1,4,2,2
"R_1hQCO3tc3JA3cmV",1,38,5,1,3,NA,0,1,2,2,1,2,2,1,1,1,3,1,1,2,2,3,2,1,1,2,3,2
"R_1hQCO3tc3JA3cmV",1,38,5,1,3,NA,0,2,1,2,1,2,2,1,1,2,4,1,1,1,1,3,2,2,1,1,1,4
"R_1hQCO3tc3JA3cmV",1,38,5,1,3,NA,0,3,2,1,1,1,2,1,1,2,1,1,3,1,3,3,2,1,1,2,2,1
"R_1hQCO3tc3JA3cmV",1,38,5,1,3,NA,0,4,1,2,1,2,2,1,1,1,2,1,1,1,4,3,2,1,1,4,1,3
"R_1pF06TXcBj2MwPL",1,21,3,3,1,0,NA,1,3,1,2,2,1,2,1,2,2,2,2,3,4,2,1,2,7,3,3,1
"R_1pF06TXcBj2MwPL",1,21,3,3,1,0,NA,2,3,1,1,1,3,2,1,1,1,2,1,2,4,3,2,1,1,4,1,3
"R_1pF06TXcBj2MwPL",1,21,3,3,1,0,NA,3,3,1,1,1,3,3,1,1,3,2,3,3,3,4,3,2,1,2,1,1
"R_1pF06TXcBj2MwPL",1,21,3,3,1,0,NA,4,2,1,2,2,3,3,2,2,4,1,1,3,4,2,1,1,7,2,2,2
"R_3MQGM3Yh280aY4a",1,19,3,4,3,NA,0,1,2,2,1,1,2,3,1,1,1,1,3,2,2,3,2,1,1,1,1,1
"R_3MQGM3Yh280aY4a",1,19,3,4,3,NA,0,2,2,1,1,1,2,2,1,1,3,2,3,2,1,2,2,1,1,1,2,2
"R_3MQGM3Yh280aY4a",1,19,3,4,3,NA,0,3,2,1,1,2,3,3,1,1,2,1,3,3,2,4,2,1,1,3,2,1
"R_3MQGM3Yh280aY4a",1,19,3,4,3,NA,0,4,2,1,1,1,2,2,1,2,3,1,2,1,3,2,1,2,1,1,1,4
"R_2V2cQO8xi90DHpe",2,44,5,6,1,0,NA,1,3,2,2,1,3,3,1,2,3,2,2,2,2,3,2,1,1,3,1,2
"R_2V2cQO8xi90DHpe",2,44,5,6,1,0,NA,2,1,2,2,1,2,1,1,2,4,2,2,1,1,3,2,1,1,1,2,1
"R_2V2cQO8xi90DHpe",2,44,5,6,1,0,NA,3,1,1,2,2,2,1,1,1,2,1,1,1,3,4,2,1,2,1,1,4
"R_2V2cQO8xi90DHpe",2,44,5,6,1,0,NA,4,2,2,1,1,2,1,2,2,3,1,3,2,1,1,1,1,1,2,1,3
"R_73OMsrtcVXILFTP",2,31,3,3,2,0,NA,1,2,1,1,2,2,1,1,1,1,1,2,2,1,3,2,2,1,3,1,1
"R_73OMsrtcVXILFTP",2,31,3,3,2,0,NA,2,1,2,2,1,2,3,2,2,4,1,3,1,2,1,1,1,1,2,3,2
"R_73OMsrtcVXILFTP",2,31,3,3,2,0,NA,3,3,1,1,1,3,3,1,1,2,2,2,2,1,3,2,2,1,4,2,1
"R_73OMsrtcVXILFTP",2,31,3,3,2,0,NA,4,3,1,1,1,2,3,1,1,2,2,2,2,1,3,2,2,1,4,2,1
"R_1r9271tLHA3OI5q",2,47,3,2,3,NA,0,1,1,1,2,1,2,1,1,2,3,2,1,2,1,3,2,2,7,4,1,2
"R_1r9271tLHA3OI5q",2,47,3,2,3,NA,0,2,3,1,2,2,3,3,1,1,4,2,1,3,2,4,2,2,1,2,2,4
"R_1r9271tLHA3OI5q",2,47,3,2,3,NA,0,3,1,2,2,1,2,1,2,2,2,1,2,2,3,2,2,1,2,3,2,1
"R_1r9271tLHA3OI5q",2,47,3,2,3,NA,0,4,1,2,1,1,3,1,1,2,1,1,3,2,1,1,3,1,7,1,1,2
"R_3MrhIHlFvCle4VO",1,28,6,6,1,0,NA,1,2,1,2,1,2,2,1,2,4,1,2,2,1,3,2,1,1,1,1,2
"R_3MrhIHlFvCle4VO",1,28,6,6,1,0,NA,2,3,1,1,2,2,3,1,1,4,2,1,3,1,4,2,2,1,1,1,1
"R_3MrhIHlFvCle4VO",1,28,6,6,1,0,NA,3,3,1,1,2,2,3,1,1,3,2,1,3,1,4,2,2,1,4,1,1
"R_3MrhIHlFvCle4VO",1,28,6,6,1,0,NA,4,3,2,1,2,1,2,1,1,1,2,1,3,1,3,3,2,1,3,3,2
"R_3eG8wHUomA23dgR",2,28,5,2,3,NA,0,1,3,2,2,1,3,3,1,2,1,2,2,2,2,4,2,2,1,4,1,3
"R_3eG8wHUomA23dgR",2,28,5,2,3,NA,0,2,3,1,1,1,3,3,1,2,1,1,2,2,2,3,2,1,1,1,3,2
"R_3eG8wHUomA23dgR",2,28,5,2,3,NA,0,3,3,1,2,1,3,3,1,2,1,2,2,2,1,3,2,1,1,4,2,3
"R_3eG8wHUomA23dgR",2,28,5,2,3,NA,0,4,1,1,2,2,3,3,1,2,1,2,2,2,2,3,2,1,1,1,3,3
"R_AanPCWZhEH4K6dz",2,29,5,4,2,1,NA,1,2,1,2,1,3,3,2,1,2,1,1,2,1,2,2,1,1,2,3,1
"R_AanPCWZhEH4K6dz",2,29,5,4,2,1,NA,2,3,2,2,2,2,1,1,2,4,2,1,1,3,2,2,2,1,1,1,3
"R_AanPCWZhEH4K6dz",2,29,5,4,2,1,NA,3,2,2,2,1,3,1,1,2,1,2,3,1,2,2,3,2,7,2,2,2
"R_AanPCWZhEH4K6dz",2,29,5,4,2,1,NA,4,3,1,2,1,1,3,2,2,3,2,1,3,1,3,1,2,3,4,3,1
"R_Qh41czanaTbc4s9",2,52,2,1,1,1,NA,1,3,1,1,2,3,2,1,2,4,1,2,2,1,3,2,2,1,3,2,2
"R_Qh41czanaTbc4s9",2,52,2,1,1,1,NA,2,2,2,1,1,2,3,1,2,3,1,3,1,3,4,2,1,1,4,1,3
"R_Qh41czanaTbc4s9",2,52,2,1,1,1,NA,3,2,2,2,1,2,3,1,1,1,2,1,1,1,3,2,2,1,1,3,1
"R_Qh41czanaTbc4s9",2,52,2,1,1,1,NA,4,3,2,2,1,3,1,1,1,3,2,1,2,2,1,2,2,2,2,2,4
"R_2v004tw2o6HoUvN",2,28,2,2,3,NA,0,1,3,2,2,1,2,2,1,1,1,2,1,2,2,3,2,1,1,1,1,4
"R_2v004tw2o6HoUvN",2,28,2,2,3,NA,0,2,1,1,1,1,1,1,2,2,3,1,3,1,1,1,1,1,1,4,3,2
"R_2v004tw2o6HoUvN",2,28,2,2,3,NA,0,3,1,1,1,1,2,3,1,2,1,2,2,2,1,2,2,1,1,3,2,4
"R_2v004tw2o6HoUvN",2,28,2,2,3,NA,0,4,2,2,1,1,2,2,1,2,1,2,1,3,2,1,3,1,3,2,1,4
"R_1IfKOExE6cCCUd9",1,40,5,2,3,NA,-1,1,1,1,1,1,3,3,1,2,2,1,3,2,2,4,2,1,1,1,3,3
"R_1IfKOExE6cCCUd9",1,40,5,2,3,NA,-1,2,3,2,2,1,2,3,1,1,3,2,2,3,1,2,2,2,1,2,1,1
"R_1IfKOExE6cCCUd9",1,40,5,2,3,NA,-1,3,1,1,1,1,2,1,2,2,1,1,3,2,3,3,2,1,7,3,3,2
"R_1IfKOExE6cCCUd9",1,40,5,2,3,NA,-1,4,1,2,2,1,3,1,1,1,2,2,1,3,4,3,2,1,1,4,2,4
"R_2B2iRRpKglY4e4f",1,55,6,2,2,0,NA,1,1,1,2,1,2,3,1,2,4,2,3,2,1,3,2,1,1,3,3,3
"R_2B2iRRpKglY4e4f",1,55,6,2,2,0,NA,2,2,2,2,1,2,3,1,1,4,1,3,3,1,4,2,1,1,4,3,3
"R_2B2iRRpKglY4e4f",1,55,6,2,2,0,NA,3,3,1,2,1,2,1,1,1,3,2,1,2,2,4,2,2,2,2,1,3
"R_2B2iRRpKglY4e4f",1,55,6,2,2,0,NA,4,1,1,1,2,3,3,2,2,2,1,3,2,2,3,2,1,1,3,3,3
"R_a629F66T82VUHLP",2,28,5,3,1,0,NA,1,2,2,2,2,2,1,1,1,2,2,1,2,1,3,2,2,1,2,2,4
"R_a629F66T82VUHLP",2,28,5,3,1,0,NA,2,3,2,2,2,2,3,1,1,3,2,2,2,2,4,2,2,1,1,3,3
"R_a629F66T82VUHLP",2,28,5,3,1,0,NA,3,3,1,2,2,3,2,1,1,1,2,2,1,2,3,2,2,1,3,1,2
"R_a629F66T82VUHLP",2,28,5,3,1,0,NA,4,2,1,2,2,2,1,2,2,4,2,2,1,3,2,3,1,1,4,3,3
"R_3dRCGrR8FkCCS8Y",1,30,3,3,3,NA,0,1,3,1,2,1,2,1,1,1,3,2,1,2,1,3,2,2,1,1,3,1
"R_3dRCGrR8FkCCS8Y",1,30,3,3,3,NA,0,2,1,1,2,2,2,1,2,1,2,2,1,1,1,3,2,1,1,3,2,2
"R_3dRCGrR8FkCCS8Y",1,30,3,3,3,NA,0,3,2,2,1,1,3,1,2,2,4,1,2,2,2,2,2,1,1,4,1,3
"R_3dRCGrR8FkCCS8Y",1,30,3,3,3,NA,0,4,2,1,1,1,3,2,1,2,1,1,2,3,1,4,2,2,1,2,3,4
"R_2aPIMBPT4lypZcy",2,41,3,3,2,1,NA,1,3,2,2,1,3,2,1,1,2,2,1,3,1,4,2,2,1,2,2,3
"R_2aPIMBPT4lypZcy",2,41,3,3,2,1,NA,2,1,1,1,2,2,3,1,1,2,1,2,2,2,2,3,1,7,3,3,1
"R_2aPIMBPT4lypZcy",2,41,3,3,2,1,NA,3,2,2,1,2,3,3,2,1,1,2,2,2,1,3,2,2,1,1,3,4
"R_2aPIMBPT4lypZcy",2,41,3,3,2,1,NA,4,3,1,1,1,3,2,1,1,4,1,2,3,2,4,2,2,1,4,3,2
"R_3p9IYjxjolTsK3i",2,64,3,3,2,0,NA,1,1,1,2,2,3,1,1,1,3,2,2,2,1,3,2,1,1,3,3,1
"R_3p9IYjxjolTsK3i",2,64,3,3,2,0,NA,2,2,1,2,1,2,2,1,2,1,1,2,2,2,4,2,1,1,2,1,2
"R_3p9IYjxjolTsK3i",2,64,3,3,2,0,NA,3,3,1,2,1,2,2,1,2,4,1,3,2,2,4,2,2,1,4,2,3
"R_3p9IYjxjolTsK3i",2,64,3,3,2,0,NA,4,2,2,2,1,2,1,2,2,4,1,2,1,1,2,2,2,2,3,1,4
"R_2qqTcmRK99KTFfk",2,27,4,2,2,1,NA,1,3,1,1,1,3,3,1,2,3,1,3,2,2,3,2,2,2,1,2,4
"R_2qqTcmRK99KTFfk",2,27,4,2,2,1,NA,2,1,1,2,2,2,1,1,1,2,2,1,1,1,2,3,1,1,3,1,1
"R_2qqTcmRK99KTFfk",2,27,4,2,2,1,NA,3,3,2,1,2,3,2,1,1,2,2,2,3,2,3,2,2,7,3,3,1
"R_2qqTcmRK99KTFfk",2,27,4,2,2,1,NA,4,1,1,1,1,2,1,2,2,2,1,3,1,3,1,1,2,1,1,2,3
"R_3kaLtAJwvjJJHpf",2,32,4,3,3,NA,-1,1,1,1,1,1,2,3,1,2,4,1,3,2,1,3,2,1,1,4,2,1
"R_3kaLtAJwvjJJHpf",2,32,4,3,3,NA,-1,2,1,2,1,1,3,3,1,2,2,1,2,3,2,3,2,1,1,2,1,4
"R_3kaLtAJwvjJJHpf",2,32,4,3,3,NA,-1,3,3,1,2,1,2,1,1,1,1,2,2,3,1,3,2,1,1,3,3,2
"R_3kaLtAJwvjJJHpf",2,32,4,3,3,NA,-1,4,2,1,2,2,2,1,1,1,3,2,1,2,1,3,1,2,1,4,2,1
"R_1flbPf3gkQ2xs19",2,38,6,5,3,NA,0,1,1,2,1,2,3,3,1,2,3,1,2,3,2,3,2,1,1,4,3,1
"R_1flbPf3gkQ2xs19",2,38,6,5,3,NA,0,2,1,1,1,1,2,1,1,2,2,1,3,2,1,1,1,1,1,1,1,2
"R_1flbPf3gkQ2xs19",2,38,6,5,3,NA,0,3,3,2,1,2,2,3,1,2,3,2,1,3,2,4,2,1,1,3,3,1
"R_1flbPf3gkQ2xs19",2,38,6,5,3,NA,0,4,2,1,1,1,2,1,1,2,3,1,2,1,1,3,3,1,1,1,2,2
"R_wY1MotSkofpHzXz",1,116,3,2,4,NA,0,1,1,2,2,2,2,1,1,1,4,2,1,3,2,3,2,1,1,2,1,1
"R_wY1MotSkofpHzXz",1,116,3,2,4,NA,0,2,1,1,2,1,2,2,1,1,1,1,3,2,1,2,2,2,1,1,2,3
"R_wY1MotSkofpHzXz",1,116,3,2,4,NA,0,3,3,2,1,2,2,2,1,1,2,2,2,2,1,3,2,2,1,1,2,1
"R_wY1MotSkofpHzXz",1,116,3,2,4,NA,0,4,1,1,2,2,2,2,1,1,1,2,2,2,2,3,2,2,1,1,1,2
"R_3jF3YlCKLB0GnBL",1,26,2,1,3,NA,1,1,1,1,1,2,2,3,1,2,3,1,3,1,2,3,2,1,1,1,1,1
"R_3jF3YlCKLB0GnBL",1,26,2,1,3,NA,1,2,1,2,1,2,2,1,1,1,2,1,3,2,4,2,3,2,1,2,3,2
"R_3jF3YlCKLB0GnBL",1,26,2,1,3,NA,1,3,3,2,2,2,3,2,1,1,4,2,1,3,1,4,2,2,1,4,2,3
"R_3jF3YlCKLB0GnBL",1,26,2,1,3,NA,1,4,2,2,1,1,2,1,1,2,1,1,2,1,3,3,2,1,1,3,3,4
"R_6Qof8pXT2BaP3R7",2,41,3,2,3,NA,0,1,3,2,2,2,2,2,1,1,3,2,1,2,2,3,2,1,1,4,2,4
"R_6Qof8pXT2BaP3R7",2,41,3,2,3,NA,0,2,1,1,2,1,2,3,1,2,2,2,2,1,1,2,2,2,7,1,1,1
"R_6Qof8pXT2BaP3R7",2,41,3,2,3,NA,0,3,1,1,1,2,3,1,2,2,1,1,3,1,3,1,3,1,1,2,3,3
"R_6Qof8pXT2BaP3R7",2,41,3,2,3,NA,0,4,2,2,1,2,2,2,1,1,2,1,2,2,2,4,2,1,1,3,1,4
"R_1Ia79gkfBf1Lzy7",2,22,5,4,3,NA,1,1,2,2,1,1,2,3,1,2,3,1,2,2,2,2,1,1,1,3,3,3
"R_1Ia79gkfBf1Lzy7",2,22,5,4,3,NA,1,2,1,1,1,1,2,1,2,2,4,1,3,2,1,2,3,1,1,1,1,2
"R_1Ia79gkfBf1Lzy7",2,22,5,4,3,NA,1,3,3,1,2,1,2,3,2,1,2,2,2,1,3,3,2,2,1,4,2,4
"R_1Ia79gkfBf1Lzy7",2,22,5,4,3,NA,1,4,1,2,2,1,2,3,1,1,3,2,1,1,1,4,2,1,7,3,3,1
"R_1F52i5twy8haMGj",1,22,4,2,2,0,NA,1,1,2,1,2,2,3,1,2,2,1,1,2,1,3,2,2,1,1,3,4
"R_1F52i5twy8haMGj",1,22,4,2,2,0,NA,2,3,2,1,2,2,2,1,1,4,1,1,1,1,4,2,2,1,3,1,2
"R_1F52i5twy8haMGj",1,22,4,2,2,0,NA,3,2,2,2,1,2,2,1,1,1,1,1,1,3,2,2,2,2,2,1,2
"R_1F52i5twy8haMGj",1,22,4,2,2,0,NA,4,1,2,1,1,2,3,2,1,1,2,1,1,2,3,2,1,1,2,1,4
"R_1LZNPVDeTPNO7rZ",1,21,3,5,2,0,NA,1,2,2,2,1,1,1,1,2,1,2,1,2,1,3,3,1,7,3,3,3
"R_1LZNPVDeTPNO7rZ",1,21,3,5,2,0,NA,2,3,2,1,1,2,1,1,1,4,2,2,2,1,2,2,2,1,1,1,3
"R_1LZNPVDeTPNO7rZ",1,21,3,5,2,0,NA,3,3,2,2,1,2,1,1,1,3,2,2,1,3,4,3,1,1,2,2,4
"R_1LZNPVDeTPNO7rZ",1,21,3,5,2,0,NA,4,3,1,1,1,2,3,1,2,3,1,2,2,1,2,2,2,1,1,1,4
"R_Ug9vZZessokoW7T",2,34,5,4,1,1,NA,1,1,2,1,1,3,3,1,2,3,1,1,3,2,3,2,1,1,2,1,1
"R_Ug9vZZessokoW7T",2,34,5,4,1,1,NA,2,1,1,1,1,3,2,1,2,3,1,1,3,2,3,2,1,1,1,1,2
"R_Ug9vZZessokoW7T",2,34,5,4,1,1,NA,3,3,2,2,1,3,1,1,1,4,1,3,3,1,3,2,2,1,3,3,3
"R_Ug9vZZessokoW7T",2,34,5,4,1,1,NA,4,1,2,1,1,3,3,1,2,3,1,1,3,2,3,2,1,1,1,1,2
"R_2uKBtddz07Qo57U",1,56,6,2,3,NA,-1,1,2,1,1,1,3,1,1,2,2,1,2,2,2,3,2,1,1,3,1,3
"R_2uKBtddz07Qo57U",1,56,6,2,3,NA,-1,2,1,2,2,2,3,3,1,1,3,2,1,3,2,4,2,1,1,4,3,2
"R_2uKBtddz07Qo57U",1,56,6,2,3,NA,-1,3,2,2,1,2,2,2,1,1,2,2,1,3,2,4,3,1,1,2,2,4
"R_2uKBtddz07Qo57U",1,56,6,2,3,NA,-1,4,1,1,1,2,3,1,1,2,1,1,2,2,2,1,1,1,1,1,2,1
"R_1r8P2u6STiAAqg4",2,33,4,3,2,0,NA,1,3,2,1,1,2,2,1,2,1,1,2,2,2,3,2,1,1,4,1,1
"R_1r8P2u6STiAAqg4",2,33,4,3,2,0,NA,2,2,2,1,2,2,1,2,1,3,2,2,3,1,1,3,2,7,2,2,2
"R_1r8P2u6STiAAqg4",2,33,4,3,2,0,NA,3,1,2,1,1,2,3,1,1,4,1,3,2,4,4,1,2,2,3,3,4
"R_1r8P2u6STiAAqg4",2,33,4,3,2,0,NA,4,3,1,1,2,3,2,1,1,2,2,1,3,2,2,3,2,1,1,2,1
"R_cShLRRow6ZvsL2F",2,27,5,1,2,0,NA,1,2,2,2,2,3,3,1,1,2,2,1,3,4,3,2,1,1,4,3,3
"R_cShLRRow6ZvsL2F",2,27,5,1,2,0,NA,2,1,2,1,1,2,1,1,2,4,1,2,3,3,2,2,1,1,3,1,1
"R_cShLRRow6ZvsL2F",2,27,5,1,2,0,NA,3,3,1,1,1,2,3,2,2,1,1,3,1,2,4,2,2,1,1,2,1
"R_cShLRRow6ZvsL2F",2,27,5,1,2,0,NA,4,2,1,1,2,2,1,2,1,4,1,1,1,1,3,2,2,1,3,2,1
"R_UR6I7uef1DbKbct",2,30,3,3,2,0,NA,1,3,2,2,1,2,3,1,1,3,2,1,3,1,4,3,1,1,4,2,2
"R_UR6I7uef1DbKbct",2,30,3,3,2,0,NA,2,1,1,1,1,3,3,1,2,1,1,3,3,2,3,2,2,1,2,1,3
"R_UR6I7uef1DbKbct",2,30,3,3,2,0,NA,3,1,1,2,1,2,1,2,2,2,1,2,2,1,1,2,1,1,3,3,4
"R_UR6I7uef1DbKbct",2,30,3,3,2,0,NA,4,1,1,1,2,3,3,1,1,1,2,2,3,1,4,2,2,1,2,2,2
"R_2ONg3ZphSnjfyqf",2,23,5,2,3,NA,0,1,3,1,2,2,3,2,1,1,4,2,1,3,1,3,2,1,1,2,1,2
"R_2ONg3ZphSnjfyqf",2,23,5,2,3,NA,0,2,2,1,2,2,2,1,1,1,3,2,1,2,1,2,2,1,1,4,3,1
"R_2ONg3ZphSnjfyqf",2,23,5,2,3,NA,0,3,2,2,2,1,2,1,1,2,1,2,2,2,1,1,3,2,7,1,2,4
"R_2ONg3ZphSnjfyqf",2,23,5,2,3,NA,0,4,3,1,2,2,2,1,1,1,1,2,2,2,2,3,2,2,1,2,3,3
"R_1jYYDtNahWYmaKc",1,22,3,3,3,NA,-1,1,2,1,2,1,2,2,1,2,3,1,2,2,1,3,3,1,1,4,3,2
"R_1jYYDtNahWYmaKc",1,22,3,3,3,NA,-1,2,1,2,2,1,2,1,1,2,2,2,3,1,1,1,1,1,1,2,1,1
"R_1jYYDtNahWYmaKc",1,22,3,3,3,NA,-1,3,2,1,2,1,2,2,2,2,4,1,3,2,2,1,2,1,2,3,3,2
"R_1jYYDtNahWYmaKc",1,22,3,3,3,NA,-1,4,3,2,2,1,3,1,1,2,2,2,2,2,2,4,2,2,1,3,2,3
"R_pfqNvYBPOOWTspH",1,35,4,5,1,0,NA,1,2,2,1,1,3,3,2,2,3,1,2,2,2,3,2,1,1,1,1,2
"R_pfqNvYBPOOWTspH",1,35,4,5,1,0,NA,2,3,2,1,2,2,2,1,1,4,1,1,2,2,2,2,1,1,4,2,3
"R_pfqNvYBPOOWTspH",1,35,4,5,1,0,NA,3,2,1,1,2,2,2,2,1,2,1,1,2,2,3,1,2,2,2,2,1
"R_pfqNvYBPOOWTspH",1,35,4,5,1,0,NA,4,3,1,2,2,3,2,1,1,4,2,1,2,1,4,2,2,1,3,1,4
"R_1JPf3V31DIRT4SC",1,36,4,3,2,0,NA,1,3,1,1,2,3,2,2,1,1,1,3,2,2,3,2,1,1,2,3,2
"R_1JPf3V31DIRT4SC",1,36,4,3,2,0,NA,2,3,1,1,1,3,2,1,2,3,1,3,2,2,3,2,2,1,3,1,3
"R_1JPf3V31DIRT4SC",1,36,4,3,2,0,NA,3,1,2,2,1,3,2,1,1,4,2,2,2,2,3,2,2,1,2,3,3
"R_1JPf3V31DIRT4SC",1,36,4,3,2,0,NA,4,3,1,2,2,3,2,1,1,2,2,2,2,2,3,2,2,1,4,2,4
"R_1PdBXrXstGFIFs6",2,55,2,3,1,1,NA,1,1,2,1,1,3,1,1,2,4,1,3,1,3,3,2,1,1,3,2,1
"R_1PdBXrXstGFIFs6",2,55,2,3,1,1,NA,2,2,1,2,1,2,1,2,1,2,2,2,1,2,4,3,2,2,4,3,4
"R_1PdBXrXstGFIFs6",2,55,2,3,1,1,NA,3,2,1,1,2,2,3,1,1,3,1,2,2,2,2,2,1,1,1,2,2
"R_1PdBXrXstGFIFs6",2,55,2,3,1,1,NA,4,3,2,1,1,2,1,1,2,4,1,3,2,1,4,2,1,1,3,3,3
"R_3oZX1EHD8Bdkkew",1,22,4,1,2,1,NA,1,2,1,2,2,2,3,2,1,3,2,1,2,3,3,2,1,1,4,2,3
"R_3oZX1EHD8Bdkkew",1,22,4,1,2,1,NA,2,3,2,1,2,1,1,1,1,2,1,1,1,4,4,2,1,1,3,2,4
"R_3oZX1EHD8Bdkkew",1,22,4,1,2,1,NA,3,2,2,1,2,3,1,1,2,4,2,2,2,3,3,1,1,7,3,2,4
"R_3oZX1EHD8Bdkkew",1,22,4,1,2,1,NA,4,3,1,2,1,2,3,1,2,1,2,1,1,2,3,1,2,3,1,3,1
"R_3PNNaTNV1Ff0o3O",1,28,4,3,1,0,NA,1,3,2,1,2,3,2,2,1,3,1,2,2,3,4,2,1,1,3,3,3
"R_3PNNaTNV1Ff0o3O",1,28,4,3,1,0,NA,2,1,2,1,1,1,3,1,2,1,1,1,2,2,2,1,2,2,4,1,4
"R_3PNNaTNV1Ff0o3O",1,28,4,3,1,0,NA,3,2,2,1,2,2,3,1,1,3,2,3,2,3,3,2,1,7,4,1,3
"R_3PNNaTNV1Ff0o3O",1,28,4,3,1,0,NA,4,3,2,1,2,3,2,2,1,1,2,2,3,3,3,2,2,1,2,3,1
"R_0IiCFNEhMtUbBE5",2,26,2,2,2,1,NA,1,1,2,2,1,2,1,1,1,3,2,1,1,3,1,3,1,1,4,2,1
"R_0IiCFNEhMtUbBE5",2,26,2,2,2,1,NA,2,1,2,1,2,3,3,2,2,4,2,2,2,2,3,2,1,1,2,2,3
"R_0IiCFNEhMtUbBE5",2,26,2,2,2,1,NA,3,2,2,2,2,2,1,1,1,1,2,1,2,2,1,3,1,1,2,3,4
"R_0IiCFNEhMtUbBE5",2,26,2,2,2,1,NA,4,3,1,2,2,1,1,1,1,2,2,1,1,1,2,3,2,1,4,2,1
"R_3pxEKO8XifuoRlD",2,68,2,2,2,0,NA,1,2,2,2,1,3,3,1,1,3,2,2,2,2,3,2,2,1,2,1,4
"R_3pxEKO8XifuoRlD",2,68,2,2,2,0,NA,2,2,2,2,2,2,2,1,1,3,2,2,2,1,2,2,2,1,4,2,4
"R_3pxEKO8XifuoRlD",2,68,2,2,2,0,NA,3,2,2,2,1,2,3,1,1,3,1,2,2,1,3,2,2,1,4,2,4
"R_3pxEKO8XifuoRlD",2,68,2,2,2,0,NA,4,1,2,2,2,3,1,1,1,3,2,2,2,1,2,2,2,1,2,1,4
"R_31mfBlbon2Fo52t",1,28,5,3,2,0,NA,1,2,2,2,1,2,1,1,1,2,2,2,2,4,2,2,1,1,2,3,1
"R_31mfBlbon2Fo52t",1,28,5,3,2,0,NA,2,2,2,2,2,2,3,1,1,1,2,2,2,2,3,2,2,1,2,1,3
"R_31mfBlbon2Fo52t",1,28,5,3,2,0,NA,3,2,1,2,1,2,3,1,2,3,2,2,2,1,2,2,1,1,4,1,2
"R_31mfBlbon2Fo52t",1,28,5,3,2,0,NA,4,1,1,1,2,2,1,1,2,3,1,2,1,3,2,2,1,1,2,2,2
"R_2V4uRDtXpSTcYHf",1,53,5,4,2,1,NA,1,2,2,1,1,2,1,1,2,4,1,3,2,1,3,2,1,1,3,1,3
"R_2V4uRDtXpSTcYHf",1,53,5,4,2,1,NA,2,2,1,1,1,2,1,2,2,2,1,3,1,3,4,2,1,1,1,3,2
"R_2V4uRDtXpSTcYHf",1,53,5,4,2,1,NA,3,3,2,2,1,3,3,1,1,3,2,2,3,2,3,3,2,1,4,1,1
"R_2V4uRDtXpSTcYHf",1,53,5,4,2,1,NA,4,2,2,2,1,2,2,2,1,4,2,2,2,2,2,2,1,2,3,3,2
"R_1KlK4eCVXrdLNZq",2,55,2,1,4,NA,0,1,3,2,2,2,3,1,1,2,3,1,1,2,2,3,2,2,1,1,2,1
"R_1KlK4eCVXrdLNZq",2,55,2,1,4,NA,0,2,3,1,1,1,2,2,1,1,3,1,3,1,3,2,2,2,1,1,3,3
"R_1KlK4eCVXrdLNZq",2,55,2,1,4,NA,0,3,2,2,1,1,2,2,1,1,4,2,2,2,1,1,3,1,2,2,3,4
"R_1KlK4eCVXrdLNZq",2,55,2,1,4,NA,0,4,2,2,1,2,2,3,1,2,2,1,3,3,2,4,2,1,1,3,2,2
"R_8czXwSg1eI3TRqV",1,55,3,2,1,0,NA,1,2,1,1,2,3,1,2,1,3,2,2,3,2,1,1,1,1,3,3,3
"R_8czXwSg1eI3TRqV",1,55,3,2,1,0,NA,2,3,1,1,2,3,1,2,1,3,2,2,3,2,1,3,1,1,1,3,1
"R_8czXwSg1eI3TRqV",1,55,3,2,1,0,NA,3,3,2,2,1,2,2,1,2,1,1,3,2,1,4,2,1,1,4,2,4
"R_8czXwSg1eI3TRqV",1,55,3,2,1,0,NA,4,2,1,1,1,2,3,1,2,3,1,3,2,2,1,3,1,2,1,3,1
"R_1hZjTIwIOyjt7QZ",1,39,6,6,3,NA,0,1,1,1,2,2,2,3,1,1,3,2,1,2,1,4,2,2,1,1,1,3
"R_1hZjTIwIOyjt7QZ",1,39,6,6,3,NA,0,2,2,2,1,1,2,1,2,2,1,1,3,1,3,2,3,1,2,4,2,1
"R_1hZjTIwIOyjt7QZ",1,39,6,6,3,NA,0,3,3,2,1,1,1,1,1,2,1,1,3,1,4,3,3,2,1,4,2,1
"R_1hZjTIwIOyjt7QZ",1,39,6,6,3,NA,0,4,1,1,1,2,3,2,1,1,4,1,2,1,2,3,1,1,1,2,3,2
"R_1QJGiZpTDRCAHuR",2,50,2,3,1,1,NA,1,1,1,1,2,2,1,2,2,4,1,2,1,3,3,2,1,1,4,3,1
"R_1QJGiZpTDRCAHuR",2,50,2,3,1,1,NA,2,2,2,1,1,1,1,1,2,3,1,2,1,1,4,2,1,1,3,3,2
"R_1QJGiZpTDRCAHuR",2,50,2,3,1,1,NA,3,1,2,2,1,1,1,1,1,2,2,1,1,1,3,2,1,1,1,1,4
"R_1QJGiZpTDRCAHuR",2,50,2,3,1,1,NA,4,2,1,2,1,2,1,2,2,4,1,2,1,3,3,3,1,1,2,2,3
"R_0MPJ75j50ZxtCnv",1,30,3,2,1,0,NA,1,2,1,1,2,2,3,1,1,3,2,2,2,2,3,2,1,1,2,1,1
"R_0MPJ75j50ZxtCnv",1,30,3,2,1,0,NA,2,1,2,2,2,2,3,1,1,2,2,1,3,1,2,2,2,1,3,2,4
"R_0MPJ75j50ZxtCnv",1,30,3,2,1,0,NA,3,3,1,2,1,2,2,1,2,2,1,3,1,1,4,2,1,1,1,2,3
"R_0MPJ75j50ZxtCnv",1,30,3,2,1,0,NA,4,3,2,1,2,2,2,1,1,4,2,2,2,4,3,2,2,1,3,1,3
"R_1mkDInVjpg5gqRm",1,29,6,3,3,NA,0,1,3,2,1,1,2,3,1,2,3,1,2,3,2,3,2,1,1,2,2,1
"R_1mkDInVjpg5gqRm",1,29,6,3,3,NA,0,2,2,1,1,2,3,1,2,1,1,1,3,2,1,2,2,1,7,2,1,3
"R_1mkDInVjpg5gqRm",1,29,6,3,3,NA,0,3,1,1,1,2,3,2,1,1,3,1,2,3,2,2,2,1,1,3,1,1
"R_1mkDInVjpg5gqRm",1,29,6,3,3,NA,0,4,3,1,2,1,2,3,1,2,3,2,3,3,2,3,3,2,1,2,2,4
"R_efFLSh8WqoGLJAZ",1,22,2,2,2,0,NA,1,1,1,1,2,3,3,1,1,3,1,3,2,2,3,2,1,1,1,2,2
"R_efFLSh8WqoGLJAZ",1,22,2,2,2,0,NA,2,3,1,1,1,2,2,1,2,4,1,3,2,1,3,2,2,1,4,3,1
"R_efFLSh8WqoGLJAZ",1,22,2,2,2,0,NA,3,2,2,1,1,3,3,2,2,2,1,2,2,2,2,2,1,1,3,1,4
"R_efFLSh8WqoGLJAZ",1,22,2,2,2,0,NA,4,1,2,2,2,2,2,1,2,4,2,1,3,1,3,1,2,1,2,3,2
"R_ypRB50a5vAGk0aB",2,37,4,4,1,0,NA,1,3,1,2,1,2,3,1,2,4,1,2,2,3,3,2,2,1,2,2,1
"R_ypRB50a5vAGk0aB",2,37,4,4,1,0,NA,2,1,1,1,2,3,1,1,1,3,2,1,1,2,2,2,1,1,4,1,4
"R_ypRB50a5vAGk0aB",2,37,4,4,1,0,NA,3,3,1,2,2,2,3,1,1,2,2,1,3,2,4,2,2,1,1,3,2
"R_ypRB50a5vAGk0aB",2,37,4,4,1,0,NA,4,3,2,2,2,2,3,1,1,2,2,1,2,4,1,2,2,1,3,2,3
"R_9RKCmZuXqap6qEp",2,30,3,1,4,NA,0,1,2,1,1,2,2,1,2,1,3,2,2,1,2,3,2,1,1,4,3,3
"R_9RKCmZuXqap6qEp",2,30,3,1,4,NA,0,2,2,1,2,2,2,3,1,1,1,2,1,1,1,2,2,2,1,2,3,4
"R_9RKCmZuXqap6qEp",2,30,3,1,4,NA,0,3,3,2,2,2,2,1,1,1,4,2,1,2,4,4,2,2,1,2,1,2
"R_9RKCmZuXqap6qEp",2,30,3,1,4,NA,0,4,3,1,1,2,3,1,1,2,2,2,2,1,2,3,2,1,1,1,1,1
"R_SQ3yxPXdNwGBdAJ",2,26,5,2,4,NA,0,1,3,2,2,2,3,2,1,1,3,2,1,2,2,3,2,2,1,4,3,1
"R_SQ3yxPXdNwGBdAJ",2,26,5,2,4,NA,0,2,3,1,2,1,2,3,1,2,4,1,2,1,2,3,2,2,1,1,2,3
"R_SQ3yxPXdNwGBdAJ",2,26,5,2,4,NA,0,3,1,2,1,2,2,3,1,1,2,1,1,2,2,2,2,1,1,2,1,4
"R_SQ3yxPXdNwGBdAJ",2,26,5,2,4,NA,0,4,3,1,1,1,3,3,1,1,1,1,2,2,2,3,2,2,1,1,1,2
"R_1E53ygPMCuKFDNy",1,34,5,2,2,0,NA,1,3,2,2,2,3,3,1,1,3,2,1,2,2,3,1,2,1,2,1,1
"R_1E53ygPMCuKFDNy",1,34,5,2,2,0,NA,2,3,1,2,1,2,1,1,2,3,1,2,2,3,4,2,1,1,3,2,2
"R_1E53ygPMCuKFDNy",1,34,5,2,2,0,NA,3,2,1,1,2,2,2,1,1,3,2,2,2,1,3,2,2,1,2,2,4
"R_1E53ygPMCuKFDNy",1,34,5,2,2,0,NA,4,3,2,1,1,2,3,1,2,3,1,2,2,1,3,2,1,1,4,3,4
"R_9ny9LagQcTeF8qJ",1,34,3,3,2,0,NA,1,3,2,1,1,2,3,1,1,3,1,2,1,2,3,2,2,1,4,1,2
"R_9ny9LagQcTeF8qJ",1,34,3,3,2,0,NA,2,2,2,1,1,2,1,1,2,1,1,2,1,1,2,2,1,1,1,3,2
"R_9ny9LagQcTeF8qJ",1,34,3,3,2,0,NA,3,1,2,1,1,2,1,2,2,4,1,2,2,4,2,2,2,2,2,2,1
"R_9ny9LagQcTeF8qJ",1,34,3,3,2,0,NA,4,2,2,2,1,2,1,1,1,4,1,1,1,1,2,2,1,2,1,1,1
"R_8kpHIZ0SZge4Inf",1,33,3,2,4,NA,0,1,1,1,2,1,3,1,1,1,4,2,2,1,1,4,2,2,1,2,3,1
"R_8kpHIZ0SZge4Inf",1,33,3,2,4,NA,0,2,3,2,2,2,3,3,1,1,2,2,1,3,2,4,2,2,1,2,1,3
"R_8kpHIZ0SZge4Inf",1,33,3,2,4,NA,0,3,1,2,2,1,2,1,2,2,2,2,3,1,3,3,1,1,2,1,2,2
"R_8kpHIZ0SZge4Inf",1,33,3,2,4,NA,0,4,1,1,1,2,2,1,2,2,1,1,3,1,3,1,1,1,7,3,2,4
"R_2tnkzDnmWsVVyrX",2,64,4,2,3,NA,1,1,1,2,2,1,2,2,1,1,1,2,2,1,1,3,2,2,3,2,2,1
"R_2tnkzDnmWsVVyrX",2,64,4,2,3,NA,1,2,1,2,1,2,2,2,2,1,3,2,2,1,3,1,1,1,1,3,2,2
"R_2tnkzDnmWsVVyrX",2,64,4,2,3,NA,1,3,3,1,2,2,3,2,1,1,2,1,2,2,2,4,2,2,1,1,3,4
"R_2tnkzDnmWsVVyrX",2,64,4,2,3,NA,1,4,2,2,1,1,2,1,2,1,4,1,2,1,3,2,3,1,1,1,1,3
"R_2uJamNRtW2g39Gl",2,33,3,3,2,0,NA,1,1,1,1,1,2,1,1,2,1,1,3,1,2,2,2,1,1,4,3,1
"R_2uJamNRtW2g39Gl",2,33,3,3,2,0,NA,2,2,1,2,1,2,3,1,1,4,1,2,2,1,3,2,1,1,2,1,4
"R_2uJamNRtW2g39Gl",2,33,3,3,2,0,NA,3,2,1,1,2,2,3,1,1,3,2,2,2,4,3,2,1,2,1,2,2
"R_2uJamNRtW2g39Gl",2,33,3,3,2,0,NA,4,2,1,2,1,2,3,1,1,1,1,2,2,2,3,2,2,1,3,3,3
"R_1dbqzq6R6EFy9D8",2,22,4,1,2,1,NA,1,2,1,1,1,2,2,1,2,3,1,3,2,1,3,2,1,1,2,1,3
"R_1dbqzq6R6EFy9D8",2,22,4,1,2,1,NA,2,2,1,2,2,3,3,1,1,4,2,1,2,2,4,2,2,1,4,1,1
"R_1dbqzq6R6EFy9D8",2,22,4,1,2,1,NA,3,1,2,1,2,2,3,2,1,2,2,2,3,1,3,2,2,1,1,2,3
"R_1dbqzq6R6EFy9D8",2,22,4,1,2,1,NA,4,3,1,2,2,3,1,1,1,4,2,2,2,2,3,2,2,1,4,2,1
"R_DRYIgowpWV1ZuAp",1,29,4,2,3,NA,0,1,2,2,1,2,2,3,1,1,2,2,2,2,1,3,2,1,1,3,2,4
"R_DRYIgowpWV1ZuAp",1,29,4,2,3,NA,0,2,3,2,2,2,2,1,1,1,4,2,1,3,2,4,2,2,1,4,2,1
"R_DRYIgowpWV1ZuAp",1,29,4,2,3,NA,0,3,1,1,2,2,3,1,2,2,1,2,1,2,1,2,3,1,1,2,2,3
"R_DRYIgowpWV1ZuAp",1,29,4,2,3,NA,0,4,3,1,1,1,3,2,2,2,3,1,3,3,1,2,2,1,1,1,2,4
"R_2E18zB2M0a6wBI4",2,43,6,5,1,0,NA,1,2,1,2,2,2,3,1,1,1,2,1,1,1,3,2,2,1,4,2,1
"R_2E18zB2M0a6wBI4",2,43,6,5,1,0,NA,2,3,2,2,2,2,2,1,1,2,2,1,2,2,4,2,2,1,1,2,1
"R_2E18zB2M0a6wBI4",2,43,6,5,1,0,NA,3,1,2,1,1,2,1,2,2,4,1,2,1,1,2,1,1,1,2,1,1
"R_2E18zB2M0a6wBI4",2,43,6,5,1,0,NA,4,2,2,1,1,2,1,2,1,3,1,2,1,3,2,3,1,7,3,1,4
"R_bDdmSyAz3jaxBy9",2,35,5,3,2,1,NA,1,3,2,2,1,2,2,1,1,4,2,1,3,4,4,2,1,1,2,2,3
"R_bDdmSyAz3jaxBy9",2,35,5,3,2,1,NA,2,3,1,1,1,2,2,1,2,1,1,3,2,2,2,3,1,1,4,2,3
"R_bDdmSyAz3jaxBy9",2,35,5,3,2,1,NA,3,1,1,1,1,2,2,1,2,2,1,2,2,2,2,2,1,1,1,1,4
"R_bDdmSyAz3jaxBy9",2,35,5,3,2,1,NA,4,3,2,2,1,2,2,1,1,4,2,1,2,2,2,3,1,1,1,2,2
"R_2vjrOFLuHwxAbon",1,26,2,2,3,NA,0,1,1,1,1,2,2,2,1,1,2,2,3,2,2,3,2,1,1,1,3,2
"R_2vjrOFLuHwxAbon",1,26,2,2,3,NA,0,2,2,1,1,2,2,2,2,2,2,2,3,2,3,3,2,1,1,2,1,1
"R_2vjrOFLuHwxAbon",1,26,2,2,3,NA,0,3,3,2,2,1,2,2,1,1,4,2,1,3,1,2,1,2,1,2,2,4
"R_2vjrOFLuHwxAbon",1,26,2,2,3,NA,0,4,1,2,1,1,2,2,1,1,2,1,1,2,1,1,1,1,1,4,1,3
"R_2tfhIdw37nlrO6i",1,28,5,3,1,0,NA,1,2,1,1,1,2,1,1,2,4,1,2,1,3,4,2,1,2,1,1,3
"R_2tfhIdw37nlrO6i",1,28,5,3,1,0,NA,2,3,1,1,2,2,3,1,1,3,2,3,2,1,3,2,2,1,2,1,4
"R_2tfhIdw37nlrO6i",1,28,5,3,1,0,NA,3,1,2,2,2,3,1,2,1,2,2,1,3,2,3,2,1,1,3,1,1
"R_2tfhIdw37nlrO6i",1,28,5,3,1,0,NA,4,1,2,2,2,3,1,2,1,2,2,1,3,2,3,2,1,1,3,1,1
"R_3qJvnIhzeGvy5Oc",2,34,5,3,3,NA,0,1,2,1,2,1,3,3,1,2,3,1,2,3,2,2,2,1,1,4,3,3
"R_3qJvnIhzeGvy5Oc",2,34,5,3,3,NA,0,2,1,2,1,1,2,1,2,2,1,1,3,3,2,3,2,1,1,3,1,1
"R_3qJvnIhzeGvy5Oc",2,34,5,3,3,NA,0,3,1,2,1,1,2,1,1,2,2,1,3,3,1,2,2,1,2,1,2,3
"R_3qJvnIhzeGvy5Oc",2,34,5,3,3,NA,0,4,3,2,2,2,3,1,1,1,4,2,2,3,1,4,2,2,1,2,1,2
"R_2qt6kDXBp1od3yK",2,67,2,1,1,0,NA,1,1,2,1,1,3,1,1,2,3,1,3,1,2,2,2,2,1,3,2,1
"R_2qt6kDXBp1od3yK",2,67,2,1,1,0,NA,2,2,2,1,2,3,1,1,1,2,1,2,2,2,3,1,2,1,1,2,3
"R_2qt6kDXBp1od3yK",2,67,2,1,1,0,NA,3,3,1,2,1,3,3,1,1,1,2,2,2,1,3,3,2,7,2,2,4
"R_2qt6kDXBp1od3yK",2,67,2,1,1,0,NA,4,2,2,1,1,3,2,1,2,3,1,2,1,2,3,2,2,1,2,3,1
"R_2qw0vajJkh1n3GB",2,40,2,3,3,NA,0,1,2,1,2,2,2,1,1,1,4,1,1,2,1,1,3,2,1,3,1,3
"R_2qw0vajJkh1n3GB",2,40,2,3,3,NA,0,2,1,1,1,2,3,1,2,2,2,2,1,1,2,3,2,1,1,1,3,4
"R_2qw0vajJkh1n3GB",2,40,2,3,3,NA,0,3,3,1,1,1,2,3,1,1,1,2,2,3,3,2,2,2,1,2,2,2
"R_2qw0vajJkh1n3GB",2,40,2,3,3,NA,0,4,3,2,2,1,2,1,1,1,2,1,1,2,3,3,1,2,2,4,1,3
"R_1di72KiC1xzqCdy",2,46,3,4,1,0,NA,1,3,2,2,2,3,3,1,1,1,2,1,3,1,4,2,1,2,4,2,1
"R_1di72KiC1xzqCdy",2,46,3,4,1,0,NA,2,3,2,2,1,3,3,1,2,4,2,3,3,2,4,2,1,1,2,3,4
"R_1di72KiC1xzqCdy",2,46,3,4,1,0,NA,3,3,2,1,1,2,1,2,2,1,1,3,3,2,1,3,1,3,1,3,2
"R_1di72KiC1xzqCdy",2,46,3,4,1,0,NA,4,1,2,1,1,2,1,2,2,4,1,3,2,1,2,3,1,7,1,3,4
"R_2QMqqOreiBH6IgS",1,47,6,2,2,0,NA,1,3,2,2,2,2,3,1,1,3,2,1,3,1,4,2,1,1,1,3,2
"R_2QMqqOreiBH6IgS",1,47,6,2,2,0,NA,2,1,1,2,2,2,2,1,1,4,2,2,3,2,3,2,1,1,3,1,1
"R_2QMqqOreiBH6IgS",1,47,6,2,2,0,NA,3,2,1,2,1,2,3,1,2,1,2,2,2,2,3,2,2,2,4,2,3
"R_2QMqqOreiBH6IgS",1,47,6,2,2,0,NA,4,1,1,2,1,2,1,1,2,2,2,2,2,2,3,2,1,1,2,1,1
"R_VKEvufSATp2ygTf",2,43,2,3,3,NA,0,1,1,1,1,1,2,1,1,1,4,1,2,1,1,1,1,1,1,3,3,1
"R_VKEvufSATp2ygTf",2,43,2,3,3,NA,0,2,1,2,1,2,3,2,2,2,2,2,1,2,2,1,3,1,1,4,3,3
"R_VKEvufSATp2ygTf",2,43,2,3,3,NA,0,3,2,2,1,2,2,3,1,2,1,2,1,3,2,3,3,1,1,3,3,3
"R_VKEvufSATp2ygTf",2,43,2,3,3,NA,0,4,3,2,2,1,3,3,1,1,4,1,1,3,2,2,3,2,1,2,3,1
"R_2diiTqbBgB039oM",1,24,5,2,2,1,NA,1,2,2,2,1,2,2,1,1,2,2,2,2,2,2,2,2,1,4,2,3
"R_2diiTqbBgB039oM",1,24,5,2,2,1,NA,2,3,2,1,1,3,2,1,2,3,1,3,2,2,1,2,1,1,1,1,1
"R_2diiTqbBgB039oM",1,24,5,2,2,1,NA,3,2,1,2,1,2,3,1,1,2,1,2,1,1,3,2,1,1,4,3,2
"R_2diiTqbBgB039oM",1,24,5,2,2,1,NA,4,2,2,2,1,2,1,1,2,4,2,1,1,4,3,2,2,1,1,3,3
"R_2D8idabOb4F8OxP",2,41,2,3,4,NA,0,1,2,2,1,2,2,1,1,1,3,1,1,3,1,4,2,2,1,4,3,2
"R_2D8idabOb4F8OxP",2,41,2,3,4,NA,0,2,2,1,2,2,2,1,1,2,4,1,3,2,4,1,2,1,2,3,1,3
"R_2D8idabOb4F8OxP",2,41,2,3,4,NA,0,3,1,1,2,1,2,1,1,2,3,2,3,1,1,3,2,2,2,1,3,2
"R_2D8idabOb4F8OxP",2,41,2,3,4,NA,0,4,1,2,2,2,3,1,2,1,1,1,1,2,3,1,1,1,1,3,2,1
"R_1cUnqZFZm5t9DQz",2,30,6,5,1,0,NA,1,1,2,1,2,3,2,1,1,4,2,3,3,2,4,2,2,1,1,2,1
"R_1cUnqZFZm5t9DQz",2,30,6,5,1,0,NA,2,3,1,1,2,2,3,1,1,1,2,1,3,1,3,2,2,1,4,3,4
"R_1cUnqZFZm5t9DQz",2,30,6,5,1,0,NA,3,1,2,2,1,3,3,2,1,2,2,3,2,1,3,2,1,2,3,1,2
"R_1cUnqZFZm5t9DQz",2,30,6,5,1,0,NA,4,2,1,1,2,3,2,2,2,4,1,1,2,1,2,3,1,1,1,3,4
"R_0TIA5uMr38kgapr",1,28,4,5,3,NA,1,1,2,2,2,1,2,1,1,1,4,2,1,2,1,4,2,1,1,2,3,1
"R_0TIA5uMr38kgapr",1,28,4,5,3,NA,1,2,3,1,1,1,2,3,1,2,4,1,3,1,3,3,2,1,1,1,3,1
"R_0TIA5uMr38kgapr",1,28,4,5,3,NA,1,3,2,2,2,2,2,2,1,1,4,2,1,1,2,4,2,1,1,1,3,1
"R_0TIA5uMr38kgapr",1,28,4,5,3,NA,1,4,2,1,2,1,2,3,1,2,4,1,2,1,2,2,2,1,2,2,3,1
"R_2vZDLOpqmRKEChy",2,30,3,2,2,0,NA,1,1,1,1,2,3,3,1,1,1,1,2,2,2,3,2,2,1,2,3,2
"R_2vZDLOpqmRKEChy",2,30,3,2,2,0,NA,2,1,2,2,1,2,2,1,2,3,2,2,3,1,4,3,1,1,3,1,4
"R_2vZDLOpqmRKEChy",2,30,3,2,2,0,NA,3,3,1,1,1,3,3,2,2,4,1,3,3,2,2,2,2,7,1,2,3
"R_2vZDLOpqmRKEChy",2,30,3,2,2,0,NA,4,2,1,1,2,1,2,1,1,1,1,1,2,4,1,1,2,3,1,2,1
"R_42yOaSs7zCn0VmF",2,67,5,2,3,NA,0,1,1,2,1,2,3,3,1,1,4,2,1,2,2,4,2,1,1,1,1,1
"R_42yOaSs7zCn0VmF",2,67,5,2,3,NA,0,2,1,1,1,2,3,3,1,2,2,1,2,2,2,4,2,1,1,2,2,1
"R_42yOaSs7zCn0VmF",2,67,5,2,3,NA,0,3,3,2,2,1,3,3,1,1,2,2,1,3,2,3,2,2,1,2,3,3
"R_42yOaSs7zCn0VmF",2,67,5,2,3,NA,0,4,2,2,2,1,3,3,1,1,2,2,2,2,2,3,2,2,1,2,1,3
"R_2rSCoNsR2Ew47Jz",2,33,6,3,2,1,NA,1,3,1,1,2,3,3,2,2,1,1,3,3,2,3,2,1,1,4,2,2
"R_2rSCoNsR2Ew47Jz",2,33,6,3,2,1,NA,2,3,1,2,1,2,1,1,2,4,1,3,1,1,3,2,2,2,2,1,3
"R_2rSCoNsR2Ew47Jz",2,33,6,3,2,1,NA,3,1,2,1,2,2,1,2,1,1,2,2,1,1,4,2,1,1,1,3,2
"R_2rSCoNsR2Ew47Jz",2,33,6,3,2,1,NA,4,1,1,2,1,2,3,1,2,3,1,3,2,2,2,1,2,7,3,2,4
"R_1GJuk8JsnbEDWTa",2,54,4,1,2,1,NA,1,3,1,2,1,2,3,2,2,2,1,2,2,2,3,2,1,1,3,3,3
"R_1GJuk8JsnbEDWTa",2,54,4,1,2,1,NA,2,1,2,2,2,2,1,1,1,4,2,1,1,4,4,2,1,1,3,2,1
"R_1GJuk8JsnbEDWTa",2,54,4,1,2,1,NA,3,1,2,1,1,3,1,2,2,3,1,2,1,2,1,2,1,3,2,1,2
"R_1GJuk8JsnbEDWTa",2,54,4,1,2,1,NA,4,2,1,2,1,3,1,1,2,3,1,2,1,2,2,2,1,2,4,2,2
"R_tVEf1AZZP8FHeQ9",1,30,3,2,1,0,NA,1,2,2,1,2,2,1,1,1,3,2,1,3,1,3,2,1,1,4,2,3
"R_tVEf1AZZP8FHeQ9",1,30,3,2,1,0,NA,2,3,1,1,1,3,3,1,2,2,1,3,2,2,4,2,1,1,1,1,4
"R_tVEf1AZZP8FHeQ9",1,30,3,2,1,0,NA,3,2,1,2,1,2,1,1,2,4,1,3,2,4,4,2,1,2,2,1,1
"R_tVEf1AZZP8FHeQ9",1,30,3,2,1,0,NA,4,2,1,1,1,3,3,2,2,1,1,3,3,2,3,3,1,1,1,3,2
"R_245GHFzty6rfhKR",1,27,5,4,2,0,NA,1,3,1,1,2,2,2,2,2,3,1,2,1,1,3,2,1,1,1,1,2
"R_245GHFzty6rfhKR",1,27,5,4,2,0,NA,2,3,1,1,1,2,3,2,2,1,1,3,1,2,2,2,1,2,4,3,1
"R_245GHFzty6rfhKR",1,27,5,4,2,0,NA,3,2,1,2,1,2,2,1,2,1,2,2,1,1,4,2,1,1,3,2,2
"R_245GHFzty6rfhKR",1,27,5,4,2,0,NA,4,2,2,2,2,3,3,1,1,4,2,1,2,1,3,2,2,1,2,2,2
"R_3QVS2j6FSBt7rUW",1,23,5,4,2,0,NA,1,2,2,1,1,2,1,1,2,3,1,3,1,3,3,2,1,1,1,1,4
"R_3QVS2j6FSBt7rUW",1,23,5,4,2,0,NA,2,1,2,2,1,2,3,1,2,1,1,2,2,2,4,2,2,1,3,3,3
"R_3QVS2j6FSBt7rUW",1,23,5,4,2,0,NA,3,2,1,1,1,2,1,1,1,2,1,2,1,4,3,2,1,7,2,1,2
"R_3QVS2j6FSBt7rUW",1,23,5,4,2,0,NA,4,1,2,1,2,3,2,1,2,4,2,2,2,1,2,3,1,1,3,3,1
"R_1kM6lKkleSKw2Hg",1,26,3,2,3,NA,-1,1,1,1,1,1,3,3,1,2,1,1,3,2,2,1,1,1,1,4,1,3
"R_1kM6lKkleSKw2Hg",1,26,3,2,3,NA,-1,2,2,2,1,1,2,1,2,1,1,1,2,1,3,3,2,1,1,3,2,3
"R_1kM6lKkleSKw2Hg",1,26,3,2,3,NA,-1,3,3,1,2,1,3,2,1,2,3,1,3,2,2,4,2,2,1,3,3,1
"R_1kM6lKkleSKw2Hg",1,26,3,2,3,NA,-1,4,2,1,1,1,2,3,1,2,2,1,3,2,2,3,2,1,7,2,1,3
"R_2CwEWNJ7nfdGtyi",1,43,5,2,1,1,NA,1,2,1,1,1,2,1,1,2,3,1,3,1,3,2,3,1,1,2,2,1
"R_2CwEWNJ7nfdGtyi",1,43,5,2,1,1,NA,2,3,2,2,2,2,1,1,1,2,2,2,2,1,3,2,1,1,4,1,3
"R_2CwEWNJ7nfdGtyi",1,43,5,2,1,1,NA,3,1,1,2,1,2,3,2,2,4,1,2,2,2,1,2,1,2,1,3,2
"R_2CwEWNJ7nfdGtyi",1,43,5,2,1,1,NA,4,2,1,1,1,3,1,2,2,3,1,3,3,2,1,1,1,7,3,2,1
"R_sR3Puu6trXXFak9",2,27,3,3,3,NA,0,1,2,2,2,1,3,1,1,1,4,2,1,3,1,3,2,1,1,4,3,2
"R_sR3Puu6trXXFak9",2,27,3,3,3,NA,0,2,3,2,2,1,2,2,1,1,3,2,1,3,2,4,2,2,1,2,1,4
"R_sR3Puu6trXXFak9",2,27,3,3,3,NA,0,3,1,1,2,1,2,1,2,2,3,1,2,2,3,1,1,1,7,1,3,3
"R_sR3Puu6trXXFak9",2,27,3,3,3,NA,0,4,2,2,2,1,2,2,1,1,1,2,1,2,1,1,2,2,1,2,2,1
"R_3I47dyjqeAlh8O1",1,29,3,1,1,1,NA,1,3,1,1,1,3,3,2,2,4,1,3,3,2,2,2,1,1,3,3,1
"R_3I47dyjqeAlh8O1",1,29,3,1,1,1,NA,2,2,1,2,1,2,2,1,1,3,1,2,3,1,1,2,1,1,2,3,3
"R_3I47dyjqeAlh8O1",1,29,3,1,1,1,NA,3,2,1,2,1,2,2,1,1,3,1,2,3,1,1,2,1,1,2,3,3
"R_3I47dyjqeAlh8O1",1,29,3,1,1,1,NA,4,3,2,2,1,3,3,1,1,1,1,2,3,2,3,2,1,1,3,1,4
"R_2aXBnIYrd7f2f3S",2,48,3,1,3,NA,-1,1,2,1,2,1,2,3,1,2,4,2,3,3,1,3,2,2,1,2,2,1
"R_2aXBnIYrd7f2f3S",2,48,3,1,3,NA,-1,2,1,2,2,2,2,2,1,2,1,2,1,3,1,3,2,2,1,1,3,1
"R_2aXBnIYrd7f2f3S",2,48,3,1,3,NA,-1,3,2,2,1,2,2,3,2,2,3,2,2,3,2,3,2,1,1,4,3,3
"R_2aXBnIYrd7f2f3S",2,48,3,1,3,NA,-1,4,1,1,1,1,2,3,1,2,3,1,3,3,2,3,2,1,1,1,3,2
"R_3gLbN1DrDlHNQFA",2,60,4,4,2,1,NA,1,3,2,1,1,3,3,1,2,3,1,3,3,2,4,2,1,1,2,2,3
"R_3gLbN1DrDlHNQFA",2,60,4,4,2,1,NA,2,1,2,1,2,3,3,2,2,3,2,2,3,2,3,2,1,1,3,1,2
"R_3gLbN1DrDlHNQFA",2,60,4,4,2,1,NA,3,3,2,2,1,3,3,1,1,4,2,2,3,2,2,2,1,1,1,1,4
"R_3gLbN1DrDlHNQFA",2,60,4,4,2,1,NA,4,2,1,1,2,3,3,2,2,2,1,3,2,2,3,2,2,2,4,2,1
"R_2CK7nbYCMDy6f5w",2,39,4,3,3,NA,0,1,1,2,1,1,2,3,1,1,4,1,2,2,2,1,2,1,1,3,2,1
"R_2CK7nbYCMDy6f5w",2,39,4,3,3,NA,0,2,1,1,1,1,2,1,2,2,1,1,3,2,3,3,2,1,1,4,2,3
"R_2CK7nbYCMDy6f5w",2,39,4,3,3,NA,0,3,3,1,1,1,3,2,1,2,4,1,3,3,2,3,3,2,2,3,3,2
"R_2CK7nbYCMDy6f5w",2,39,4,3,3,NA,0,4,3,1,1,2,2,3,1,1,2,2,2,2,2,2,2,2,1,2,1,4
"R_ptr1lphi6ebjpkZ",2,25,5,3,1,1,NA,1,2,2,1,1,2,1,1,2,4,1,3,2,4,3,2,1,1,3,3,1
"R_ptr1lphi6ebjpkZ",2,25,5,3,1,1,NA,2,3,1,1,2,2,2,1,1,3,2,2,1,1,3,2,2,1,2,1,2
"R_ptr1lphi6ebjpkZ",2,25,5,3,1,1,NA,3,3,2,1,2,2,2,1,1,2,2,1,1,3,2,2,2,1,4,2,2
"R_ptr1lphi6ebjpkZ",2,25,5,3,1,1,NA,4,2,1,2,1,2,1,1,2,4,1,2,2,2,4,2,2,1,1,3,4
"R_byFyVQ5lWnO9Xmp",1,46,5,2,3,NA,-1,1,3,2,1,1,2,3,1,2,3,2,3,3,1,3,2,2,1,2,3,1
"R_byFyVQ5lWnO9Xmp",1,46,5,2,3,NA,-1,2,1,2,1,2,2,1,1,1,4,2,2,2,2,3,2,1,1,3,1,1
"R_byFyVQ5lWnO9Xmp",1,46,5,2,3,NA,-1,3,3,2,1,2,2,3,1,1,3,2,2,2,1,3,2,1,1,2,3,1
"R_byFyVQ5lWnO9Xmp",1,46,5,2,3,NA,-1,4,3,1,2,2,1,1,1,1,3,2,1,2,4,4,3,1,1,4,1,2
"R_2UcpreIfTQKFhlh",1,26,5,2,3,NA,0,1,2,1,2,1,3,3,1,2,3,1,2,2,1,3,2,1,1,3,1,3
"R_2UcpreIfTQKFhlh",1,26,5,2,3,NA,0,2,1,1,2,1,3,3,2,2,2,1,2,2,3,3,2,1,1,4,2,4
"R_2UcpreIfTQKFhlh",1,26,5,2,3,NA,0,3,2,2,2,2,3,2,1,1,2,2,1,3,2,3,2,2,1,1,3,3
"R_2UcpreIfTQKFhlh",1,26,5,2,3,NA,0,4,3,1,1,1,2,2,2,2,1,1,2,2,3,3,2,1,1,1,2,4
"R_2V9GAWnJjJm74Z4",2,52,2,2,3,NA,1,1,3,2,2,2,3,1,1,1,2,2,1,3,1,4,2,1,1,4,1,1
"R_2V9GAWnJjJm74Z4",2,52,2,2,3,NA,1,2,2,1,1,1,2,1,2,2,4,1,3,2,2,3,3,1,1,4,3,3
"R_2V9GAWnJjJm74Z4",2,52,2,2,3,NA,1,3,2,2,1,1,2,2,1,1,1,1,2,2,1,3,2,2,1,3,3,1
"R_2V9GAWnJjJm74Z4",2,52,2,2,3,NA,1,4,3,2,1,1,2,1,1,2,4,1,2,1,3,3,3,1,1,1,2,3
"R_3jHVq3CqBz2qzzr",1,42,4,2,2,0,NA,1,3,1,2,1,3,3,1,2,3,1,2,3,2,3,2,1,1,1,1,1
"R_3jHVq3CqBz2qzzr",1,42,4,2,2,0,NA,2,3,2,2,2,3,3,1,1,4,2,1,3,1,4,2,2,1,2,1,3
"R_3jHVq3CqBz2qzzr",1,42,4,2,2,0,NA,3,1,2,2,1,2,1,1,2,1,1,3,3,2,3,2,1,1,3,1,2
"R_3jHVq3CqBz2qzzr",1,42,4,2,2,0,NA,4,2,1,2,2,3,2,1,1,2,2,1,3,1,4,2,2,1,3,2,4
"R_3esqbzQCTWmK7mJ",1,30,2,2,3,NA,0,1,3,2,2,2,3,3,1,2,1,1,1,3,2,3,2,1,1,4,2,3
"R_3esqbzQCTWmK7mJ",1,30,2,2,3,NA,0,2,3,1,1,1,3,3,1,1,3,2,2,3,1,2,2,2,1,2,3,4
"R_3esqbzQCTWmK7mJ",1,30,2,2,3,NA,0,3,1,2,1,2,2,2,1,1,1,1,1,2,4,2,2,2,1,3,3,1
"R_3esqbzQCTWmK7mJ",1,30,2,2,3,NA,0,4,1,2,1,2,2,3,1,2,4,1,1,2,3,2,2,2,1,3,1,3
"R_237gzKhpfVG3dKl",1,35,6,5,2,0,NA,1,2,1,1,2,3,1,1,2,3,1,2,2,2,3,2,1,1,2,2,2
"R_237gzKhpfVG3dKl",1,35,6,5,2,0,NA,2,3,2,1,2,2,3,1,1,2,2,2,2,1,4,2,1,1,4,2,1
"R_237gzKhpfVG3dKl",1,35,6,5,2,0,NA,3,3,2,1,1,2,3,1,2,4,1,2,2,3,3,3,2,1,1,1,2
"R_237gzKhpfVG3dKl",1,35,6,5,2,0,NA,4,3,2,1,2,2,3,1,1,1,2,2,1,1,3,3,1,1,3,2,1
"R_TgZ6A8k9cW9fEqd",1,34,6,2,3,NA,0,1,2,1,1,1,3,3,1,2,2,1,3,2,1,3,2,1,1,1,3,1
"R_TgZ6A8k9cW9fEqd",1,34,6,2,3,NA,0,2,1,1,2,1,2,1,1,1,3,1,2,1,2,2,2,1,1,4,1,4
"R_TgZ6A8k9cW9fEqd",1,34,6,2,3,NA,0,3,1,2,2,1,2,2,1,1,4,2,1,3,1,3,2,2,1,2,1,4
"R_TgZ6A8k9cW9fEqd",1,34,6,2,3,NA,0,4,2,2,2,1,3,2,1,1,1,2,1,3,1,3,2,2,1,3,2,3
"R_3nlpMd6MuLRX0Jn",1,34,3,3,3,NA,0,1,2,2,1,2,3,2,1,1,4,2,1,3,2,4,2,1,1,1,2,1
"R_3nlpMd6MuLRX0Jn",1,34,3,3,3,NA,0,2,2,1,1,1,2,3,2,2,1,1,2,3,2,4,2,1,1,4,3,3
"R_3nlpMd6MuLRX0Jn",1,34,3,3,3,NA,0,3,2,2,2,1,2,1,2,2,2,1,2,3,1,4,2,1,7,2,1,4
"R_3nlpMd6MuLRX0Jn",1,34,3,3,3,NA,0,4,1,2,1,1,2,1,1,2,4,1,3,2,2,3,3,1,1,3,1,2
"R_QgkQaKtBlnxEUA9",1,39,5,5,3,NA,-1,1,2,2,1,2,2,2,2,2,2,2,2,2,1,3,2,1,1,4,1,2
"R_QgkQaKtBlnxEUA9",1,39,5,5,3,NA,-1,2,1,1,1,2,2,1,2,2,3,2,2,2,2,1,3,1,7,2,3,4
"R_QgkQaKtBlnxEUA9",1,39,5,5,3,NA,-1,3,2,2,2,1,2,2,1,2,3,1,3,3,1,4,2,1,1,3,2,4
"R_QgkQaKtBlnxEUA9",1,39,5,5,3,NA,-1,4,1,1,1,1,3,1,2,2,2,1,3,1,1,1,1,1,2,1,2,4
"R_ue1FXLf9qkcibuN",1,25,2,2,2,0,NA,1,1,2,2,1,2,3,1,1,2,1,2,2,1,2,2,1,1,3,3,2
"R_ue1FXLf9qkcibuN",1,25,2,2,2,0,NA,2,1,1,2,1,2,3,2,2,4,1,3,1,3,1,1,1,7,1,1,4
"R_ue1FXLf9qkcibuN",1,25,2,2,2,0,NA,3,2,2,1,1,3,2,1,2,3,1,3,2,2,3,2,2,1,4,2,2
"R_ue1FXLf9qkcibuN",1,25,2,2,2,0,NA,4,2,2,1,1,3,1,1,2,1,1,2,2,4,2,3,1,1,2,3,1
"R_1ln7KfPoOMLNuS5",1,33,6,4,1,0,NA,1,3,2,2,1,3,3,1,1,1,2,1,1,2,3,2,1,1,1,2,1
"R_1ln7KfPoOMLNuS5",1,33,6,4,1,0,NA,2,3,1,2,2,3,1,2,1,3,2,2,1,1,4,2,2,1,2,1,1
"R_1ln7KfPoOMLNuS5",1,33,6,4,1,0,NA,3,1,2,1,1,2,2,1,2,1,1,3,1,2,3,3,1,1,4,1,3
"R_1ln7KfPoOMLNuS5",1,33,6,4,1,0,NA,4,2,1,2,1,2,1,1,2,2,2,2,1,1,2,2,2,2,3,3,2
"R_3ki7CnMYNuaZKjw",1,30,3,3,2,1,NA,1,3,1,2,2,3,2,1,1,4,2,1,3,2,3,2,2,1,2,2,4
"R_3ki7CnMYNuaZKjw",1,30,3,3,2,1,NA,2,3,2,2,2,3,3,1,1,3,2,1,2,1,4,2,2,1,1,1,4
"R_3ki7CnMYNuaZKjw",1,30,3,3,2,1,NA,3,2,2,1,1,3,3,1,2,1,1,2,2,3,3,2,1,1,3,3,3
"R_3ki7CnMYNuaZKjw",1,30,3,3,2,1,NA,4,2,1,2,2,3,2,1,1,4,2,1,3,2,2,2,1,1,3,2,1
"R_sYeFPNr2zdrjmfv",1,28,5,3,3,NA,0,1,3,2,1,2,2,1,2,1,3,2,2,2,1,4,2,2,1,3,1,3
"R_sYeFPNr2zdrjmfv",1,28,5,3,3,NA,0,2,2,1,2,2,2,1,1,1,2,2,2,1,3,3,1,2,7,2,2,1
"R_sYeFPNr2zdrjmfv",1,28,5,3,3,NA,0,3,1,1,2,1,1,1,1,2,4,1,2,1,4,2,2,1,2,1,1,4
"R_sYeFPNr2zdrjmfv",1,28,5,3,3,NA,0,4,2,1,2,1,2,1,1,1,2,1,1,1,3,1,1,1,2,1,1,4
"R_2qENe2UOSaPBayD",1,30,3,3,2,0,NA,1,1,2,1,2,3,1,1,2,3,2,2,2,2,1,2,1,1,2,3,2
"R_2qENe2UOSaPBayD",1,30,3,3,2,0,NA,2,3,1,2,2,2,2,1,1,2,2,1,1,1,4,3,2,1,3,1,4
"R_2qENe2UOSaPBayD",1,30,3,3,2,0,NA,3,2,1,2,2,2,1,2,1,2,2,2,1,3,3,2,1,1,4,2,1
"R_2qENe2UOSaPBayD",1,30,3,3,2,0,NA,4,2,2,1,2,2,3,1,1,1,1,3,2,2,1,1,1,7,1,3,2
"R_3gd1YoxPRfVjYv7",1,32,6,4,1,0,NA,1,3,1,2,2,3,3,1,1,4,2,1,3,2,4,2,2,1,1,1,1
"R_3gd1YoxPRfVjYv7",1,32,6,4,1,0,NA,2,3,1,1,1,2,3,1,2,3,1,2,3,1,4,2,2,1,2,3,1
"R_3gd1YoxPRfVjYv7",1,32,6,4,1,0,NA,3,1,2,1,1,2,1,1,2,2,1,3,1,3,3,2,1,2,3,2,3
"R_3gd1YoxPRfVjYv7",1,32,6,4,1,0,NA,4,2,1,2,1,2,3,1,2,1,1,3,1,4,4,2,1,7,2,2,4
"R_30vhCoLhuo2DNcm",2,26,2,3,4,NA,1,1,2,2,1,1,3,1,2,2,4,1,2,3,1,2,2,1,1,1,2,3
"R_30vhCoLhuo2DNcm",2,26,2,3,4,NA,1,2,3,2,1,2,3,3,1,2,1,1,2,3,2,2,2,1,1,2,3,4
"R_30vhCoLhuo2DNcm",2,26,2,3,4,NA,1,3,1,2,1,1,2,1,1,1,1,1,1,2,2,3,2,2,1,1,1,3
"R_30vhCoLhuo2DNcm",2,26,2,3,4,NA,1,4,2,1,2,2,2,2,1,1,2,1,2,3,1,3,2,2,7,3,2,3
"R_6DX7ZwxDFtTrulb",2,37,2,3,2,1,NA,1,3,1,2,1,3,3,1,1,2,2,1,3,1,4,2,2,1,3,3,2
"R_6DX7ZwxDFtTrulb",2,37,2,3,2,1,NA,2,1,2,2,2,3,3,2,1,2,2,1,2,3,2,2,1,1,2,2,1
"R_6DX7ZwxDFtTrulb",2,37,2,3,2,1,NA,3,1,1,2,1,2,2,1,1,2,1,2,2,2,3,2,2,1,1,2,4
"R_6DX7ZwxDFtTrulb",2,37,2,3,2,1,NA,4,2,2,1,2,2,2,1,1,3,1,3,2,1,1,3,1,7,3,3,2
"R_cGWrgXBzHTjPBnP",1,34,5,1,2,0,NA,1,1,1,2,2,2,3,1,1,4,2,1,3,2,3,2,1,1,2,1,3
"R_cGWrgXBzHTjPBnP",1,34,5,1,2,0,NA,2,1,2,1,1,3,1,1,2,1,2,2,2,2,1,1,1,1,4,2,2
"R_cGWrgXBzHTjPBnP",1,34,5,1,2,0,NA,3,3,2,2,1,2,2,1,1,2,2,2,2,4,4,2,2,1,3,2,4
"R_cGWrgXBzHTjPBnP",1,34,5,1,2,0,NA,4,2,1,1,2,3,2,1,2,3,1,2,3,1,3,2,1,1,4,2,1
"R_DjB8yxDhX4NYTTP",1,48,5,3,2,0,NA,1,2,1,1,1,3,3,1,2,3,1,3,2,2,4,2,2,1,1,2,3
"R_DjB8yxDhX4NYTTP",1,48,5,3,2,0,NA,2,1,1,2,1,2,1,1,1,4,1,2,3,1,3,3,1,1,4,1,4
"R_DjB8yxDhX4NYTTP",1,48,5,3,2,0,NA,3,1,1,1,1,3,1,1,2,3,1,3,2,2,4,2,2,1,2,2,1
"R_DjB8yxDhX4NYTTP",1,48,5,3,2,0,NA,4,3,1,1,2,3,2,1,2,3,2,2,3,2,4,2,2,1,1,3,1
"R_9SojgURALrfBCr7",2,50,5,5,1,0,NA,1,3,1,2,1,2,3,1,1,3,2,2,2,1,3,2,2,1,4,2,2
"R_9SojgURALrfBCr7",2,50,5,5,1,0,NA,2,1,1,2,1,2,1,2,2,2,2,2,1,3,2,2,1,1,4,3,3
"R_9SojgURALrfBCr7",2,50,5,5,1,0,NA,3,1,1,1,2,3,1,1,2,4,1,1,3,2,3,2,1,1,1,1,4
"R_9SojgURALrfBCr7",2,50,5,5,1,0,NA,4,3,1,1,1,2,2,1,1,4,1,3,2,2,4,2,1,1,2,2,1
"R_s6hK9od0Vm5wam5",1,27,3,1,1,1,NA,1,2,2,1,1,2,2,2,2,1,1,3,3,2,3,2,1,1,3,2,1
"R_s6hK9od0Vm5wam5",1,27,3,1,1,1,NA,2,3,1,1,2,2,2,1,1,2,2,2,2,3,2,2,1,1,2,2,1
"R_s6hK9od0Vm5wam5",1,27,3,1,1,1,NA,3,3,1,2,2,2,2,1,1,4,2,2,2,3,2,2,2,1,1,2,4
"R_s6hK9od0Vm5wam5",1,27,3,1,1,1,NA,4,2,2,1,2,2,2,1,1,2,2,1,2,2,3,2,2,1,2,1,1
"R_TgUt9kD5kwjTOaB",2,35,3,2,3,NA,-1,1,2,1,2,1,3,2,1,2,3,1,2,2,2,3,2,1,1,1,3,2
"R_TgUt9kD5kwjTOaB",2,35,3,2,3,NA,-1,2,2,2,1,1,3,2,1,2,3,1,2,2,2,3,2,1,1,1,3,2
"R_TgUt9kD5kwjTOaB",2,35,3,2,3,NA,-1,3,3,2,2,2,3,3,1,1,3,2,1,3,2,4,2,1,1,1,3,2
"R_TgUt9kD5kwjTOaB",2,35,3,2,3,NA,-1,4,1,2,1,1,3,2,1,2,3,1,3,2,2,3,2,1,1,1,3,2
"R_3ke5H0waKOm6jFF",1,27,3,2,3,NA,0,1,3,1,1,2,3,3,1,1,4,1,3,2,1,3,2,2,1,1,3,3
"R_3ke5H0waKOm6jFF",1,27,3,2,3,NA,0,2,1,1,1,1,2,1,1,1,3,1,2,2,2,2,2,1,1,2,3,1
"R_3ke5H0waKOm6jFF",1,27,3,2,3,NA,0,3,1,2,1,1,2,1,1,2,4,1,1,2,2,3,2,1,1,3,1,2
"R_3ke5H0waKOm6jFF",1,27,3,2,3,NA,0,4,3,1,2,1,3,3,2,2,3,2,1,3,1,3,2,1,1,1,1,4
"R_31cpQOKyFTsSDiW",1,39,3,1,3,NA,0,1,2,2,2,1,2,3,1,1,3,2,2,3,1,3,2,1,7,4,1,3
"R_31cpQOKyFTsSDiW",1,39,3,1,3,NA,0,2,3,2,2,1,2,3,1,2,4,2,3,2,2,4,2,2,1,1,2,3
"R_31cpQOKyFTsSDiW",1,39,3,1,3,NA,0,3,3,1,2,1,3,2,2,2,1,1,3,2,3,1,3,1,1,3,3,1
"R_31cpQOKyFTsSDiW",1,39,3,1,3,NA,0,4,3,2,1,1,3,1,2,2,4,1,3,3,2,1,3,1,1,1,2,2
"R_xaULgChsTRZO43D",2,66,3,4,2,1,NA,1,2,1,2,2,2,1,1,1,4,2,1,2,1,3,2,2,1,4,2,4
"R_xaULgChsTRZO43D",2,66,3,4,2,1,NA,2,3,1,1,1,2,1,2,2,3,1,3,2,3,3,3,1,1,4,3,1
"R_xaULgChsTRZO43D",2,66,3,4,2,1,NA,3,2,1,1,1,2,1,2,2,1,1,3,2,3,4,2,1,1,3,1,1
"R_xaULgChsTRZO43D",2,66,3,4,2,1,NA,4,1,2,1,1,2,1,1,2,2,1,3,3,2,3,1,1,2,2,1,2
"R_2aFCgWUOMd4ucvL",1,26,3,2,2,0,NA,1,1,1,2,1,3,2,1,2,4,1,3,2,2,3,2,1,1,2,2,1
"R_2aFCgWUOMd4ucvL",1,26,3,2,2,0,NA,2,3,2,2,1,3,2,1,2,3,1,2,3,2,4,2,2,1,4,1,4
"R_2aFCgWUOMd4ucvL",1,26,3,2,2,0,NA,3,1,1,2,2,2,1,2,1,4,2,1,2,1,4,2,1,1,1,3,2
"R_2aFCgWUOMd4ucvL",1,26,3,2,2,0,NA,4,1,1,2,1,3,1,1,2,3,1,3,2,2,3,2,1,2,3,2,2
"R_3NEroEuaaIFgaoT",2,31,2,1,2,0,NA,1,1,2,1,2,2,2,1,1,3,2,1,3,1,3,2,1,1,3,2,1
"R_3NEroEuaaIFgaoT",2,31,2,1,2,0,NA,2,3,1,2,1,2,1,2,2,1,2,2,2,2,2,2,2,1,4,2,3
"R_3NEroEuaaIFgaoT",2,31,2,1,2,0,NA,3,3,2,1,2,2,1,1,2,2,2,3,2,1,4,2,1,1,2,3,4
"R_3NEroEuaaIFgaoT",2,31,2,1,2,0,NA,4,2,1,2,1,1,1,2,2,4,2,1,1,3,2,3,1,1,1,3,3
"R_2R49Fd4ue5HqMK6",1,33,4,3,2,1,NA,1,2,1,2,2,3,3,1,1,4,2,1,3,1,4,2,1,1,1,1,4
"R_2R49Fd4ue5HqMK6",1,33,4,3,2,1,NA,2,3,2,1,2,2,2,1,1,3,1,2,2,2,3,2,2,1,4,3,1
"R_2R49Fd4ue5HqMK6",1,33,4,3,2,1,NA,3,3,1,1,1,2,3,1,2,2,1,3,2,4,3,2,2,1,2,2,4
"R_2R49Fd4ue5HqMK6",1,33,4,3,2,1,NA,4,3,2,1,2,2,2,1,2,1,1,3,2,1,4,2,2,1,3,2,2
"R_dgaZYR8ayibs1SF",2,36,4,3,1,0,NA,1,3,2,1,1,2,3,1,2,1,1,3,3,2,4,2,1,1,3,1,1
"R_dgaZYR8ayibs1SF",2,36,4,3,1,0,NA,2,2,1,1,2,3,3,2,2,3,2,1,3,2,3,2,1,1,1,2,3
"R_dgaZYR8ayibs1SF",2,36,4,3,1,0,NA,3,1,1,2,2,2,3,1,2,2,2,1,2,1,1,1,1,1,2,3,2
"R_dgaZYR8ayibs1SF",2,36,4,3,1,0,NA,4,3,1,1,2,2,2,1,1,4,2,1,3,2,3,2,1,1,4,1,4
"R_tGVJuhu4mNlrO6Z",2,39,5,5,3,NA,0,1,3,2,1,1,3,1,1,2,3,2,1,3,1,2,2,1,1,4,2,3
"R_tGVJuhu4mNlrO6Z",2,39,5,5,3,NA,0,2,3,2,1,2,3,2,1,1,1,2,2,3,2,3,2,1,1,1,3,1
"R_tGVJuhu4mNlrO6Z",2,39,5,5,3,NA,0,3,2,2,1,2,3,1,2,1,4,2,3,2,3,3,2,1,1,1,1,2
"R_tGVJuhu4mNlrO6Z",2,39,5,5,3,NA,0,4,2,2,2,1,3,1,2,1,1,2,2,1,2,4,2,1,1,3,3,1
"R_pK7MfYIEIcVRCX7",2,39,2,4,3,NA,-1,1,3,1,1,2,2,1,1,2,3,1,2,2,1,3,2,1,1,4,3,1
"R_pK7MfYIEIcVRCX7",2,39,2,4,3,NA,-1,2,1,1,2,2,3,3,1,1,1,2,1,3,2,4,2,2,1,2,2,2
"R_pK7MfYIEIcVRCX7",2,39,2,4,3,NA,-1,3,1,2,2,2,3,2,1,1,4,2,1,3,2,4,3,1,1,1,1,4
"R_pK7MfYIEIcVRCX7",2,39,2,4,3,NA,-1,4,3,1,2,2,3,3,1,2,2,2,2,3,2,4,2,2,1,3,3,2
"R_AFHT98DTjvZQJBn",2,42,3,1,2,1,NA,1,1,2,1,1,2,1,2,1,1,1,2,2,2,3,2,1,1,4,2,1
"R_AFHT98DTjvZQJBn",2,42,3,1,2,1,NA,2,3,1,1,1,2,3,1,2,1,1,3,1,2,2,2,2,1,2,3,1
"R_AFHT98DTjvZQJBn",2,42,3,1,2,1,NA,3,1,1,2,2,2,2,1,1,1,2,1,1,1,2,2,1,1,4,2,4
"R_AFHT98DTjvZQJBn",2,42,3,1,2,1,NA,4,2,2,2,2,2,2,1,1,1,2,1,1,1,3,2,2,1,3,1,2
"R_C9Pwkcvv1A6xWIF",1,37,5,2,2,1,NA,1,1,2,2,1,2,1,1,1,4,2,1,2,1,4,2,2,1,1,2,1
"R_C9Pwkcvv1A6xWIF",1,37,5,2,2,1,NA,2,3,2,1,1,2,3,1,2,2,1,2,2,2,3,2,2,1,4,1,2
"R_C9Pwkcvv1A6xWIF",1,37,5,2,2,1,NA,3,1,2,2,2,1,2,1,1,2,2,1,3,1,4,3,1,1,2,2,1
"R_C9Pwkcvv1A6xWIF",1,37,5,2,2,1,NA,4,3,2,2,1,2,3,1,1,3,2,1,2,1,4,2,2,1,3,2,1
"R_pQ0rCjAjF0Y1rPj",1,37,3,1,3,NA,0,1,1,1,2,2,1,1,1,1,2,2,1,1,4,2,2,1,1,1,3,1
"R_pQ0rCjAjF0Y1rPj",1,37,3,1,3,NA,0,2,3,2,1,2,3,2,1,1,3,2,2,2,1,3,2,2,1,2,2,3
"R_pQ0rCjAjF0Y1rPj",1,37,3,1,3,NA,0,3,2,2,2,1,2,1,1,1,4,1,2,1,1,2,1,1,1,3,2,3
"R_pQ0rCjAjF0Y1rPj",1,37,3,1,3,NA,0,4,2,2,1,1,2,1,2,2,4,1,2,1,1,3,1,2,7,2,1,2
"R_2qt6eSSFw1sA3Jr",2,43,4,4,1,0,NA,1,2,2,1,2,2,1,2,1,3,1,1,2,2,3,2,1,1,4,1,1
"R_2qt6eSSFw1sA3Jr",2,43,4,4,1,0,NA,2,1,2,2,2,2,1,1,1,2,2,1,1,3,4,2,2,1,3,3,2
"R_2qt6eSSFw1sA3Jr",2,43,4,4,1,0,NA,3,1,1,1,2,3,3,1,2,4,1,2,3,2,2,2,1,1,2,3,4
"R_2qt6eSSFw1sA3Jr",2,43,4,4,1,0,NA,4,3,1,2,2,3,2,1,1,2,2,1,2,1,4,2,2,1,3,2,1
"R_2TXDVp08h3UT2qG",2,24,3,2,3,NA,0,1,2,1,2,2,3,3,1,1,2,2,1,2,1,3,2,1,1,1,3,1
"R_2TXDVp08h3UT2qG",2,24,3,2,3,NA,0,2,1,1,2,1,2,2,1,2,2,2,2,1,2,2,2,1,1,2,2,4
"R_2TXDVp08h3UT2qG",2,24,3,2,3,NA,0,3,1,2,2,1,2,1,1,1,3,2,1,1,1,2,3,1,1,4,1,3
"R_2TXDVp08h3UT2qG",2,24,3,2,3,NA,0,4,2,1,2,1,2,2,1,1,1,2,1,1,2,4,2,2,1,3,3,4
"R_2tutUvLcNm8bdpH",1,39,2,1,4,NA,1,1,3,2,2,2,3,2,1,1,1,2,1,2,2,3,2,2,1,3,1,3
"R_2tutUvLcNm8bdpH",1,39,2,1,4,NA,1,2,2,2,1,2,3,3,1,2,4,2,2,2,2,3,2,2,1,2,2,4
"R_2tutUvLcNm8bdpH",1,39,2,1,4,NA,1,3,2,1,2,1,3,3,1,2,4,1,3,2,2,2,2,1,1,2,3,1
"R_2tutUvLcNm8bdpH",1,39,2,1,4,NA,1,4,2,1,2,1,2,2,1,2,3,1,3,2,2,3,2,1,7,4,2,2
"R_3hun9kFFv6CWPti",2,52,5,4,2,1,NA,1,3,1,1,2,2,3,1,2,1,1,2,2,1,3,2,2,1,4,3,2
"R_3hun9kFFv6CWPti",2,52,5,4,2,1,NA,2,2,1,2,1,2,1,2,1,3,2,3,1,2,4,2,1,7,1,2,3
"R_3hun9kFFv6CWPti",2,52,5,4,2,1,NA,3,2,1,2,2,2,2,1,1,3,2,1,2,2,3,2,1,2,1,1,4
"R_3hun9kFFv6CWPti",2,52,5,4,2,1,NA,4,1,2,2,1,2,1,1,1,2,2,1,1,3,2,2,1,1,2,1,1
"R_3J3PsHH3GtKuXo1",1,23,4,2,2,1,NA,1,3,1,2,1,3,3,1,2,4,2,1,2,2,4,3,1,1,2,2,1
"R_3J3PsHH3GtKuXo1",1,23,4,2,2,1,NA,2,2,1,2,2,2,2,1,2,1,2,3,3,1,3,2,1,1,3,3,3
"R_3J3PsHH3GtKuXo1",1,23,4,2,2,1,NA,3,2,2,1,1,2,3,1,1,2,1,2,2,2,2,1,2,7,3,2,1
"R_3J3PsHH3GtKuXo1",1,23,4,2,2,1,NA,4,3,1,2,2,3,2,1,2,1,2,2,2,3,1,3,1,3,4,3,3
"R_ZCY2LYgP19FxdF7",2,32,6,4,1,1,NA,1,3,2,2,1,2,2,1,2,1,2,1,2,2,3,2,2,1,3,1,1
"R_ZCY2LYgP19FxdF7",2,32,6,4,1,1,NA,2,1,2,2,1,3,3,1,1,3,2,2,3,1,4,2,2,1,1,1,3
"R_ZCY2LYgP19FxdF7",2,32,6,4,1,1,NA,3,1,1,1,1,2,1,2,2,4,1,3,2,2,3,3,1,2,4,2,2
"R_ZCY2LYgP19FxdF7",2,32,6,4,1,1,NA,4,3,1,2,1,2,3,1,1,3,2,2,2,1,3,3,2,1,3,1,2
"R_1pDrnaFcItOuOL9",1,33,5,4,3,NA,0,1,1,2,1,1,2,1,1,1,1,1,3,1,1,3,2,1,1,3,3,2
"R_1pDrnaFcItOuOL9",1,33,5,4,3,NA,0,2,3,2,2,2,1,2,1,1,4,2,1,2,1,4,2,2,1,4,1,1
"R_1pDrnaFcItOuOL9",1,33,5,4,3,NA,0,3,1,2,1,2,2,1,1,1,1,2,2,2,1,3,2,2,1,3,2,3
"R_1pDrnaFcItOuOL9",1,33,5,4,3,NA,0,4,2,1,1,2,2,3,2,2,2,2,3,2,3,3,2,1,1,1,2,1
"R_2QlLALVnp0XgZJi",1,26,3,2,2,0,NA,1,3,2,1,1,2,2,1,1,2,2,2,3,1,3,2,1,1,3,2,3
"R_2QlLALVnp0XgZJi",1,26,3,2,2,0,NA,2,1,2,2,1,2,1,1,1,2,2,1,2,4,2,2,1,1,2,2,1
"R_2QlLALVnp0XgZJi",1,26,3,2,2,0,NA,3,1,2,1,2,2,3,1,1,1,2,2,3,1,3,2,1,1,4,1,4
"R_2QlLALVnp0XgZJi",1,26,3,2,2,0,NA,4,2,2,1,2,3,2,2,1,3,2,2,2,2,2,2,1,7,1,3,2
"R_2ZExUuN7c0AOsz4",2,33,3,2,1,0,NA,1,3,2,1,1,3,2,1,2,4,1,3,3,1,2,2,1,1,3,2,4
"R_2ZExUuN7c0AOsz4",2,33,3,2,1,0,NA,2,1,1,1,1,2,2,2,2,3,2,2,2,3,3,2,1,1,2,1,1
"R_2ZExUuN7c0AOsz4",2,33,3,2,1,0,NA,3,1,1,2,1,2,1,1,2,1,2,1,2,2,3,2,1,1,4,3,2
"R_2ZExUuN7c0AOsz4",2,33,3,2,1,0,NA,4,1,2,1,1,3,2,1,1,2,1,3,3,4,2,2,1,1,1,1,3
"R_2QmIHUBmxYNB5B9",2,35,3,2,3,NA,-1,1,1,1,2,1,2,1,1,2,4,2,2,2,1,3,2,1,1,1,2,3
"R_2QmIHUBmxYNB5B9",2,35,3,2,3,NA,-1,2,1,2,2,1,2,1,1,1,2,2,1,2,2,4,2,1,1,3,1,1
"R_2QmIHUBmxYNB5B9",2,35,3,2,3,NA,-1,3,3,1,1,1,2,3,2,1,3,1,3,3,2,2,2,1,1,2,3,4
"R_2QmIHUBmxYNB5B9",2,35,3,2,3,NA,-1,4,2,1,1,2,2,3,1,1,2,1,2,2,1,4,2,2,1,4,2,3
"R_AFdeJNeX7UgOmGt",2,52,3,1,1,0,NA,1,2,1,1,1,3,3,2,2,3,1,3,2,2,2,2,1,1,4,3,2
"R_AFdeJNeX7UgOmGt",2,52,3,1,1,0,NA,2,2,1,1,1,2,2,1,2,1,1,3,3,2,3,2,1,1,3,1,4
"R_AFdeJNeX7UgOmGt",2,52,3,1,1,0,NA,3,2,1,2,1,2,2,1,1,4,2,2,1,1,2,1,2,2,2,2,3
"R_AFdeJNeX7UgOmGt",2,52,3,1,1,0,NA,4,1,2,1,1,2,1,1,1,2,2,2,2,1,2,2,2,2,1,2,2
"R_OdMsxMxCtKV71Pr",2,27,5,2,2,1,NA,1,1,2,2,1,3,3,1,1,2,2,1,2,2,3,2,1,1,1,1,2
"R_OdMsxMxCtKV71Pr",2,27,5,2,2,1,NA,2,1,1,1,2,3,2,2,2,4,1,3,2,1,2,2,1,2,4,3,1
"R_OdMsxMxCtKV71Pr",2,27,5,2,2,1,NA,3,2,2,2,2,3,1,1,1,2,2,1,2,2,1,3,1,3,3,1,3
"R_OdMsxMxCtKV71Pr",2,27,5,2,2,1,NA,4,2,2,2,2,3,2,2,1,4,2,1,2,2,1,2,1,3,4,3,4
"R_2PuRzLk4YoIMgbS",2,25,4,1,1,0,NA,1,3,2,2,2,2,2,1,1,2,2,1,2,2,3,2,2,1,4,1,1
"R_2PuRzLk4YoIMgbS",2,25,4,1,1,0,NA,2,1,2,1,1,2,2,1,2,4,1,3,2,1,2,2,1,1,3,3,4
"R_2PuRzLk4YoIMgbS",2,25,4,1,1,0,NA,3,3,2,2,1,3,2,1,2,1,1,2,2,2,2,2,1,1,2,2,3
"R_2PuRzLk4YoIMgbS",2,25,4,1,1,0,NA,4,2,1,1,2,3,2,1,2,4,1,3,2,2,2,3,1,1,1,2,2
"R_1NFacdcVpnNTrbH",1,26,5,4,3,NA,0,1,1,1,1,2,3,3,1,1,3,2,2,2,1,2,2,1,1,1,2,3
"R_1NFacdcVpnNTrbH",1,26,5,4,3,NA,0,2,3,1,1,2,3,3,1,1,3,2,2,2,2,3,2,2,1,3,1,4
"R_1NFacdcVpnNTrbH",1,26,5,4,3,NA,0,3,1,1,2,2,2,3,1,2,3,2,2,2,2,2,2,1,2,2,1,1
"R_1NFacdcVpnNTrbH",1,26,5,4,3,NA,0,4,3,1,2,2,3,2,1,2,3,2,2,2,1,4,2,2,1,4,2,3
"R_1fd7Fwd2zxLhMHS",1,24,2,1,3,NA,0,1,3,1,1,1,2,2,2,2,3,1,3,3,2,3,2,1,1,1,1,1
"R_1fd7Fwd2zxLhMHS",1,24,2,1,3,NA,0,2,1,2,2,1,3,3,1,1,1,2,1,2,1,2,3,2,1,4,2,2
"R_1fd7Fwd2zxLhMHS",1,24,2,1,3,NA,0,3,1,2,2,1,3,3,1,1,2,2,1,2,1,2,3,2,1,4,2,2
"R_1fd7Fwd2zxLhMHS",1,24,2,1,3,NA,0,4,1,1,1,1,2,1,2,2,3,2,2,2,1,3,2,1,1,1,3,1
"R_251KKdAUmkXyry9",1,34,2,2,2,0,NA,1,1,2,1,2,3,2,1,1,4,2,2,2,2,3,2,1,1,4,3,1
"R_251KKdAUmkXyry9",1,34,2,2,2,0,NA,2,2,2,2,1,2,1,1,2,2,1,2,3,2,2,2,1,1,3,2,4
"R_251KKdAUmkXyry9",1,34,2,2,2,0,NA,3,2,2,2,2,3,3,1,1,3,2,1,2,2,4,2,2,1,2,2,2
"R_251KKdAUmkXyry9",1,34,2,2,2,0,NA,4,1,2,1,2,2,1,1,1,1,2,2,1,2,2,2,1,1,1,3,2
"R_YSVefeJ6YsFxlF7",1,42,5,5,1,0,NA,1,1,2,2,2,2,1,1,1,3,2,1,2,2,3,2,1,1,4,1,2
"R_YSVefeJ6YsFxlF7",1,42,5,5,1,0,NA,2,3,2,2,2,2,3,1,1,1,2,1,3,1,3,2,2,1,3,1,3
"R_YSVefeJ6YsFxlF7",1,42,5,5,1,0,NA,3,1,1,1,2,2,1,2,1,4,1,2,2,1,3,2,1,1,2,3,2
"R_YSVefeJ6YsFxlF7",1,42,5,5,1,0,NA,4,2,1,2,1,2,3,1,2,1,1,3,2,3,4,2,1,1,4,2,2
"R_4THKdH7xFEg4nuh",1,22,2,2,2,0,NA,1,3,2,1,1,3,2,1,2,1,1,2,3,2,3,2,1,1,1,2,1
"R_4THKdH7xFEg4nuh",1,22,2,2,2,0,NA,2,1,2,1,2,2,3,1,1,3,2,1,3,2,3,2,1,1,3,1,4
"R_4THKdH7xFEg4nuh",1,22,2,2,2,0,NA,3,2,1,2,1,3,2,2,2,4,1,2,3,1,3,2,1,1,4,3,3
"R_4THKdH7xFEg4nuh",1,22,2,2,2,0,NA,4,3,1,1,2,3,3,1,1,4,1,2,3,1,2,2,1,1,1,1,3
"R_1DALMn76YH27Ey4",1,27,3,4,3,NA,0,1,3,2,1,1,2,2,1,2,1,1,3,2,1,3,2,1,1,2,2,3
"R_1DALMn76YH27Ey4",1,27,3,4,3,NA,0,2,1,2,1,1,3,2,1,2,3,1,3,3,2,4,2,2,1,1,1,4
"R_1DALMn76YH27Ey4",1,27,3,4,3,NA,0,3,3,1,1,1,2,3,1,2,2,1,3,1,1,4,2,2,1,4,1,3
"R_1DALMn76YH27Ey4",1,27,3,4,3,NA,0,4,1,1,2,1,3,2,1,1,1,1,2,2,1,3,2,2,1,2,3,2
"R_3nHIZKL4IgN39mx",1,31,5,4,1,1,NA,1,2,1,2,2,2,3,1,1,1,2,3,3,2,4,2,1,2,4,1,1
"R_3nHIZKL4IgN39mx",1,31,5,4,1,1,NA,2,3,2,2,2,3,2,1,1,1,2,1,3,1,3,2,2,1,1,3,2
"R_3nHIZKL4IgN39mx",1,31,5,4,1,1,NA,3,3,1,2,2,2,3,1,1,3,2,1,3,2,3,2,2,1,2,2,2
"R_3nHIZKL4IgN39mx",1,31,5,4,1,1,NA,4,1,1,2,1,2,1,2,2,4,1,3,2,2,3,3,1,7,3,2,1
"R_2xV0DY4zGeKxmrb",1,21,3,3,3,NA,1,1,3,1,1,1,3,3,1,2,3,1,3,3,2,2,2,1,1,1,1,1
"R_2xV0DY4zGeKxmrb",1,21,3,3,3,NA,1,2,1,1,1,2,2,2,1,1,2,2,2,3,1,3,2,2,1,4,1,1
"R_2xV0DY4zGeKxmrb",1,21,3,3,3,NA,1,3,2,2,1,2,2,2,1,1,4,2,2,3,2,4,2,2,1,2,2,3
"R_2xV0DY4zGeKxmrb",1,21,3,3,3,NA,1,4,2,2,2,1,2,3,1,1,1,2,1,3,2,2,2,1,1,3,3,2
"R_3nv0BmLJPamlx4b",1,34,3,1,2,0,NA,1,1,1,1,2,2,3,1,2,2,1,2,2,1,2,2,1,1,3,2,2
"R_3nv0BmLJPamlx4b",1,34,3,1,2,0,NA,2,2,1,1,2,2,3,1,2,4,1,3,1,3,3,2,1,7,2,1,1
"R_3nv0BmLJPamlx4b",1,34,3,1,2,0,NA,3,1,1,1,2,2,1,1,1,1,1,1,3,2,1,3,1,3,1,3,1
"R_3nv0BmLJPamlx4b",1,34,3,1,2,0,NA,4,2,2,2,1,3,2,1,1,4,2,1,2,4,4,2,2,1,3,3,4
"R_12D16EPPh26zQix",2,37,5,2,2,0,NA,1,1,2,1,1,3,2,1,2,3,1,2,2,2,3,2,1,1,2,3,1
"R_12D16EPPh26zQix",2,37,5,2,2,0,NA,2,1,1,1,1,2,3,2,2,3,1,3,2,1,2,2,1,1,1,1,4
"R_12D16EPPh26zQix",2,37,5,2,2,0,NA,3,1,1,1,1,2,3,2,2,3,1,2,2,2,2,2,2,1,3,1,1
"R_12D16EPPh26zQix",2,37,5,2,2,0,NA,4,3,1,2,1,2,2,1,1,3,2,2,2,1,2,3,2,1,1,3,3
"R_cS9ZpOgdK3wQ6xX",2,34,5,4,3,NA,-1,1,1,1,1,2,2,1,2,2,3,2,3,1,3,2,2,1,3,3,2,3
"R_cS9ZpOgdK3wQ6xX",2,34,5,4,3,NA,-1,2,3,2,1,1,2,3,1,1,1,2,1,2,4,3,3,2,1,2,1,4
"R_cS9ZpOgdK3wQ6xX",2,34,5,4,3,NA,-1,3,2,1,2,1,1,2,1,1,2,2,1,1,3,4,3,1,1,1,3,2
"R_cS9ZpOgdK3wQ6xX",2,34,5,4,3,NA,-1,4,3,1,2,2,2,2,1,1,4,2,1,3,2,4,3,2,1,2,1,4
"R_1PbYmlFpQkE5Bza",2,30,5,3,1,1,NA,1,1,2,1,1,3,3,1,2,1,1,3,3,2,2,2,1,1,3,1,3
"R_1PbYmlFpQkE5Bza",2,30,5,3,1,1,NA,2,1,1,2,2,2,2,1,1,2,2,1,2,1,3,2,2,1,1,2,2
"R_1PbYmlFpQkE5Bza",2,30,5,3,1,1,NA,3,1,1,2,2,2,2,1,1,2,2,1,2,1,3,2,2,1,1,2,2
"R_1PbYmlFpQkE5Bza",2,30,5,3,1,1,NA,4,1,1,2,1,3,3,2,1,3,2,2,2,2,2,2,1,1,2,3,3
"R_1NwsfHh6juh9VfP",1,26,5,3,2,1,NA,1,2,2,2,2,3,2,1,1,3,2,1,3,1,4,2,1,1,4,2,2
"R_1NwsfHh6juh9VfP",1,26,5,3,2,1,NA,2,3,2,2,2,3,2,1,1,3,2,1,3,2,4,2,2,1,4,3,3
"R_1NwsfHh6juh9VfP",1,26,5,3,2,1,NA,3,3,2,1,1,3,3,1,2,2,1,2,2,2,3,2,2,1,2,1,4
"R_1NwsfHh6juh9VfP",1,26,5,3,2,1,NA,4,3,1,2,2,3,2,1,1,3,2,1,3,2,3,2,1,1,3,2,3
"R_2SuyXfaV1Jv0EoO",2,29,4,3,2,1,NA,1,1,2,1,2,2,2,1,1,4,2,1,3,1,3,2,1,1,4,1,2
"R_2SuyXfaV1Jv0EoO",2,29,4,3,2,1,NA,2,3,1,2,1,2,3,1,2,1,2,3,2,4,2,2,2,1,1,3,3
"R_2SuyXfaV1Jv0EoO",2,29,4,3,2,1,NA,3,1,2,1,1,3,3,1,2,3,1,3,2,2,2,2,1,1,1,3,4
"R_2SuyXfaV1Jv0EoO",2,29,4,3,2,1,NA,4,2,1,2,2,2,1,2,1,2,2,1,2,3,3,3,1,1,2,1,1
"R_Y61QuisIADfVMGt",1,22,2,2,2,0,NA,1,3,2,1,2,3,2,1,1,4,2,1,3,1,4,2,2,1,3,1,3
"R_Y61QuisIADfVMGt",1,22,2,2,2,0,NA,2,1,2,2,1,3,3,1,1,3,2,2,3,2,4,2,2,1,4,2,4
"R_Y61QuisIADfVMGt",1,22,2,2,2,0,NA,3,2,1,1,1,3,3,1,2,3,1,3,3,2,4,2,2,1,1,3,1
"R_Y61QuisIADfVMGt",1,22,2,2,2,0,NA,4,1,1,1,2,3,3,1,1,2,2,2,3,4,1,2,2,1,4,1,3
"R_22wOFg9NwyZge9E",2,33,6,3,1,0,NA,1,2,2,2,2,3,3,1,1,1,2,1,1,2,3,2,2,1,3,1,3
"R_22wOFg9NwyZge9E",2,33,6,3,1,0,NA,2,2,2,2,2,3,3,1,1,1,2,1,1,1,3,2,2,1,4,2,1
"R_22wOFg9NwyZge9E",2,33,6,3,1,0,NA,3,2,2,2,1,3,3,1,2,2,1,3,2,1,4,2,1,1,1,3,4
"R_22wOFg9NwyZge9E",2,33,6,3,1,0,NA,4,1,1,2,2,3,3,2,2,4,2,2,2,2,2,3,1,1,2,3,2
"R_AmJeyR4G8eZmLdf",1,26,2,5,2,0,NA,1,3,1,2,2,3,3,1,1,3,2,2,2,1,4,3,2,1,4,3,4
"R_AmJeyR4G8eZmLdf",1,26,2,5,2,0,NA,2,2,1,2,2,2,1,1,1,1,2,1,1,2,2,3,1,1,2,1,1
"R_AmJeyR4G8eZmLdf",1,26,2,5,2,0,NA,3,3,2,2,1,2,1,2,2,2,1,2,3,1,2,2,1,1,1,2,2
"R_AmJeyR4G8eZmLdf",1,26,2,5,2,0,NA,4,1,2,2,2,3,3,1,2,4,2,1,2,1,2,1,1,1,3,3,3
"R_3iHWaXSEz1IP8K1",1,23,3,1,1,1,NA,1,3,2,1,2,2,2,1,1,1,2,1,3,1,4,2,1,1,1,1,1
"R_3iHWaXSEz1IP8K1",1,23,3,1,1,1,NA,2,1,1,2,1,2,2,1,2,1,1,2,3,2,2,3,1,1,2,1,3
"R_3iHWaXSEz1IP8K1",1,23,3,1,1,1,NA,3,3,2,1,1,3,2,1,2,2,1,2,3,1,3,2,2,1,3,3,3
"R_3iHWaXSEz1IP8K1",1,23,3,1,1,1,NA,4,3,2,1,2,2,2,1,1,2,2,1,3,1,2,1,2,1,2,1,4
"R_26fNt6i0ciC8MNI",2,27,6,2,1,0,NA,1,2,2,2,2,2,2,1,1,3,2,2,2,2,3,2,2,1,2,2,1
"R_26fNt6i0ciC8MNI",2,27,6,2,1,0,NA,2,1,2,1,1,2,2,1,2,3,1,2,2,2,3,2,1,1,4,3,3
"R_26fNt6i0ciC8MNI",2,27,6,2,1,0,NA,3,3,1,1,2,2,2,1,1,3,1,2,2,2,3,2,2,1,3,3,3
"R_26fNt6i0ciC8MNI",2,27,6,2,1,0,NA,4,3,1,1,1,2,2,1,2,1,1,2,2,2,3,2,2,1,2,1,1
"R_3m7RYaz5ClBpXTO",2,25,6,1,2,0,NA,1,1,2,1,2,2,2,1,1,3,1,2,2,1,3,2,1,1,3,1,2
"R_3m7RYaz5ClBpXTO",2,25,6,1,2,0,NA,2,3,2,1,2,2,3,1,2,2,1,2,3,2,4,2,1,1,1,2,3
"R_3m7RYaz5ClBpXTO",2,25,6,1,2,0,NA,3,3,2,1,2,2,3,1,2,2,1,2,3,2,4,2,1,1,1,2,3
"R_3m7RYaz5ClBpXTO",2,25,6,1,2,0,NA,4,2,2,2,1,2,2,2,1,3,2,1,2,2,3,2,1,1,3,1,1
"R_3r3295E2We27dof",2,50,3,4,3,NA,1,1,1,1,2,2,2,3,1,1,3,2,1,2,1,3,2,2,1,2,2,1
"R_3r3295E2We27dof",2,50,3,4,3,NA,1,2,1,1,1,1,3,2,2,2,1,1,3,3,2,4,2,1,1,4,1,4
"R_3r3295E2We27dof",2,50,3,4,3,NA,1,3,1,1,2,2,2,2,2,1,2,2,3,2,1,2,2,2,1,3,3,4
"R_3r3295E2We27dof",2,50,3,4,3,NA,1,4,3,1,2,2,2,1,1,1,4,2,1,2,1,4,2,2,1,4,3,3
"R_787K2DqTvzocRXP",2,39,6,4,2,1,NA,1,2,1,2,1,2,1,1,2,1,1,2,1,4,3,2,1,1,4,1,3
"R_787K2DqTvzocRXP",2,39,6,4,2,1,NA,2,1,2,1,1,2,1,1,2,4,1,2,2,1,3,2,1,1,4,1,1
"R_787K2DqTvzocRXP",2,39,6,4,2,1,NA,3,1,1,1,2,2,1,2,1,4,1,2,2,2,3,2,1,1,2,2,2
"R_787K2DqTvzocRXP",2,39,6,4,2,1,NA,4,1,2,1,2,2,3,1,1,2,2,1,2,1,3,2,1,1,2,1,4
"R_DubzodjaEFiCVzz",2,24,3,3,1,0,NA,1,3,1,2,2,3,3,1,1,2,2,3,2,1,3,2,2,1,3,1,1
"R_DubzodjaEFiCVzz",2,24,3,3,1,0,NA,2,2,1,1,2,2,1,1,1,4,1,3,2,1,3,2,1,1,1,2,4
"R_DubzodjaEFiCVzz",2,24,3,3,1,0,NA,3,3,2,1,2,2,1,1,2,1,1,1,2,1,3,2,1,1,2,2,1
"R_DubzodjaEFiCVzz",2,24,3,3,1,0,NA,4,1,1,1,1,1,2,1,1,3,2,2,1,1,3,2,1,1,1,3,2
"R_237dsUIxqRec9fJ",1,32,6,5,2,1,NA,1,2,1,1,1,3,1,1,2,4,1,2,2,2,3,2,1,1,4,3,1
"R_237dsUIxqRec9fJ",1,32,6,5,2,1,NA,2,2,2,1,2,2,1,1,1,3,2,1,3,1,4,2,2,1,2,2,4
"R_237dsUIxqRec9fJ",1,32,6,5,2,1,NA,3,3,1,2,2,3,2,1,1,2,2,1,3,1,4,2,2,1,1,1,2
"R_237dsUIxqRec9fJ",1,32,6,5,2,1,NA,4,3,2,2,2,2,1,1,1,4,2,1,2,4,2,2,1,7,3,1,3
"R_27r2y5CAelExrG4",2,28,5,5,2,0,NA,1,3,2,2,2,3,3,1,1,4,2,1,3,1,3,2,2,1,2,2,1
"R_27r2y5CAelExrG4",2,28,5,5,2,0,NA,2,2,2,2,2,3,2,2,1,4,2,2,2,2,2,2,1,1,3,3,4
"R_27r2y5CAelExrG4",2,28,5,5,2,0,NA,3,2,2,1,2,2,2,1,1,4,2,2,1,1,2,2,2,1,2,2,2
"R_27r2y5CAelExrG4",2,28,5,5,2,0,NA,4,1,1,2,2,2,1,1,1,4,2,2,2,2,3,2,1,7,4,1,4
"R_1Qa6gZP6DdqHpRW",1,33,5,2,3,NA,-1,1,3,2,1,2,3,1,1,1,1,2,2,3,1,4,2,1,1,1,1,2
"R_1Qa6gZP6DdqHpRW",1,33,5,2,3,NA,-1,2,3,2,1,2,3,1,1,1,2,2,1,3,1,4,2,1,1,2,3,1
"R_1Qa6gZP6DdqHpRW",1,33,5,2,3,NA,-1,3,3,2,1,2,3,3,1,1,2,2,2,3,1,4,2,1,1,3,3,1
"R_1Qa6gZP6DdqHpRW",1,33,5,2,3,NA,-1,4,1,1,1,1,2,3,1,2,4,1,3,2,2,3,2,1,1,2,3,3
"R_3LiFHt98JzNgGTU",1,24,5,5,3,NA,-1,1,3,1,1,1,2,3,1,2,2,2,3,2,2,4,2,1,1,1,2,3
"R_3LiFHt98JzNgGTU",1,24,5,5,3,NA,-1,2,3,1,2,1,3,3,1,1,3,1,1,3,1,3,2,1,1,3,3,1
"R_3LiFHt98JzNgGTU",1,24,5,5,3,NA,-1,3,2,1,2,1,2,3,1,1,3,1,2,2,2,2,2,1,1,4,3,1
"R_3LiFHt98JzNgGTU",1,24,5,5,3,NA,-1,4,3,2,1,1,2,2,1,2,2,2,3,2,3,2,2,1,1,3,2,3
"R_Qj0SQdqx3jShemd",1,24,5,3,3,NA,-1,1,2,1,1,2,3,3,1,2,4,1,3,2,2,3,2,1,1,1,1,4
"R_Qj0SQdqx3jShemd",1,24,5,3,3,NA,-1,2,2,1,2,1,3,2,1,2,3,1,2,2,1,2,2,1,1,4,2,1
"R_Qj0SQdqx3jShemd",1,24,5,3,3,NA,-1,3,1,2,1,2,3,3,1,1,1,2,3,2,2,2,3,1,1,2,3,2
"R_Qj0SQdqx3jShemd",1,24,5,3,3,NA,-1,4,3,2,2,1,3,2,1,1,4,2,1,3,2,3,3,1,1,4,3,4
"R_1f0NEq1HRYqh6bR",2,47,4,4,2,0,NA,1,1,2,2,1,2,1,1,2,3,1,2,1,1,3,2,1,1,3,3,3
"R_1f0NEq1HRYqh6bR",2,47,4,4,2,0,NA,2,2,1,2,2,3,2,1,1,1,2,1,2,2,3,2,2,1,1,1,2
"R_1f0NEq1HRYqh6bR",2,47,4,4,2,0,NA,3,1,2,2,2,2,1,1,1,4,2,2,2,1,3,2,2,1,4,3,1
"R_1f0NEq1HRYqh6bR",2,47,4,4,2,0,NA,4,1,2,1,1,2,1,1,2,4,1,3,1,3,3,2,1,1,3,1,4
"R_2tGzfD4AZULVkIp",2,31,4,3,3,NA,0,1,3,2,2,1,2,3,1,2,3,2,2,2,2,3,2,2,1,3,1,1
"R_2tGzfD4AZULVkIp",2,31,4,3,3,NA,0,2,2,1,1,2,2,3,1,2,1,1,3,2,2,2,2,1,1,1,3,4
"R_2tGzfD4AZULVkIp",2,31,4,3,3,NA,0,3,2,2,2,2,2,2,1,1,2,2,1,3,2,2,2,1,1,2,1,1
"R_2tGzfD4AZULVkIp",2,31,4,3,3,NA,0,4,3,1,2,2,2,2,1,1,2,2,2,3,2,3,2,2,1,4,2,1
"R_2Y4Itd42tMpxH4S",2,26,2,1,3,NA,1,1,2,1,1,1,2,2,1,1,3,1,2,3,3,3,2,2,1,4,3,1
"R_2Y4Itd42tMpxH4S",2,26,2,1,3,NA,1,2,1,1,1,2,2,1,1,1,2,1,3,3,2,2,3,1,2,2,1,3
"R_2Y4Itd42tMpxH4S",2,26,2,1,3,NA,1,3,3,2,1,1,2,1,1,2,4,2,3,3,2,2,3,1,3,2,1,4
"R_2Y4Itd42tMpxH4S",2,26,2,1,3,NA,1,4,3,1,1,2,3,3,2,1,2,2,2,2,1,2,3,2,2,2,1,1
"R_1QATCz5vpwauMv9",2,29,3,1,3,NA,0,1,3,1,1,2,1,1,2,1,3,1,1,1,3,3,2,1,1,1,2,1
"R_1QATCz5vpwauMv9",2,29,3,1,3,NA,0,2,1,2,2,2,3,3,1,2,2,2,1,2,1,1,1,1,1,3,1,2
"R_1QATCz5vpwauMv9",2,29,3,1,3,NA,0,3,2,2,2,2,2,1,1,1,1,2,1,3,1,4,3,2,1,4,2,4
"R_1QATCz5vpwauMv9",2,29,3,1,3,NA,0,4,1,1,1,1,2,1,2,1,3,1,3,1,3,4,2,1,2,1,1,4
"R_1r6XgYTgT7GxNsO",2,29,3,1,3,NA,1,1,2,1,2,1,3,2,1,2,2,2,2,3,2,3,2,1,1,1,2,3
"R_1r6XgYTgT7GxNsO",2,29,3,1,3,NA,1,2,2,2,2,1,3,2,1,2,3,2,2,3,2,3,2,1,1,4,2,3
"R_1r6XgYTgT7GxNsO",2,29,3,1,3,NA,1,3,2,2,2,1,3,2,1,2,2,2,2,2,2,3,3,1,1,1,3,3
"R_1r6XgYTgT7GxNsO",2,29,3,1,3,NA,1,4,3,1,1,1,3,2,1,1,3,1,3,2,1,3,3,1,1,3,2,2
"R_PRSL6lepgs3Lamt",1,38,5,2,2,0,NA,1,3,2,2,2,3,3,1,1,4,2,1,3,2,4,3,1,1,4,3,1
"R_PRSL6lepgs3Lamt",1,38,5,2,2,0,NA,2,2,1,2,2,3,2,1,1,1,2,1,3,2,3,3,1,1,4,3,1
"R_PRSL6lepgs3Lamt",1,38,5,2,2,0,NA,3,3,1,2,1,3,2,1,2,2,2,2,3,2,4,3,1,1,2,3,1
"R_PRSL6lepgs3Lamt",1,38,5,2,2,0,NA,4,2,1,2,1,3,2,1,2,4,2,2,3,2,3,2,1,1,3,3,1
"R_295LXL29daP2VmB",1,26,5,3,3,NA,0,1,2,2,1,1,3,2,1,1,1,1,2,2,3,3,2,2,1,3,3,2
"R_295LXL29daP2VmB",1,26,5,3,3,NA,0,2,2,1,1,1,2,2,2,2,4,1,2,2,3,2,1,2,1,2,2,3
"R_295LXL29daP2VmB",1,26,5,3,3,NA,0,3,2,1,2,1,3,1,2,1,4,1,2,1,4,1,2,1,2,3,1,3
"R_295LXL29daP2VmB",1,26,5,3,3,NA,0,4,2,2,2,1,3,3,1,1,1,1,2,1,1,1,3,1,7,1,1,2
"R_1i9ZI4jn50vz2g1",2,35,5,5,3,NA,0,1,1,2,1,2,3,1,2,1,2,1,2,2,2,3,2,1,1,2,1,1
"R_1i9ZI4jn50vz2g1",2,35,5,5,3,NA,0,2,3,1,1,1,3,2,1,2,1,2,1,3,2,2,2,2,1,3,2,4
"R_1i9ZI4jn50vz2g1",2,35,5,5,3,NA,0,3,2,1,1,1,2,1,2,2,4,1,2,2,1,3,3,1,1,4,1,3
"R_1i9ZI4jn50vz2g1",2,35,5,5,3,NA,0,4,3,1,2,2,3,3,1,2,4,2,1,3,2,4,2,2,1,4,3,3
"R_1jOMKzudDPlVrva",2,24,5,3,3,NA,-1,1,2,2,2,2,3,3,1,1,3,2,1,3,2,4,2,1,1,2,2,1
"R_1jOMKzudDPlVrva",2,24,5,3,3,NA,-1,2,3,2,1,2,2,2,1,2,4,2,2,2,1,3,2,1,1,4,1,4
"R_1jOMKzudDPlVrva",2,24,5,3,3,NA,-1,3,1,1,1,1,3,3,1,2,2,1,3,2,3,2,2,1,7,1,2,2
"R_1jOMKzudDPlVrva",2,24,5,3,3,NA,-1,4,3,2,2,1,2,1,2,1,3,2,1,3,4,2,3,1,1,3,2,1
"R_1IzqCLGZcynVWCh",1,23,4,3,3,NA,-1,1,1,2,1,1,3,3,1,2,2,1,3,3,2,4,2,1,1,3,1,3
"R_1IzqCLGZcynVWCh",1,23,4,3,3,NA,-1,2,3,1,2,2,3,3,1,1,3,2,1,3,2,3,2,2,1,2,1,4
"R_1IzqCLGZcynVWCh",1,23,4,3,3,NA,-1,3,1,1,2,1,2,1,1,2,3,1,2,1,2,2,3,1,2,4,3,4
"R_1IzqCLGZcynVWCh",1,23,4,3,3,NA,-1,4,3,1,2,1,2,3,1,2,2,1,2,3,3,2,2,2,1,4,2,3
"R_1DATnC70xyit39U",2,28,4,2,2,1,NA,1,3,1,1,1,3,2,1,1,3,1,2,3,2,4,2,2,1,4,3,2
"R_1DATnC70xyit39U",2,28,4,2,2,1,NA,2,2,2,1,1,2,3,1,1,4,1,1,2,2,1,1,1,1,1,3,4
"R_1DATnC70xyit39U",2,28,4,2,2,1,NA,3,1,1,1,1,1,1,2,1,4,1,1,2,1,2,1,2,3,1,1,3
"R_1DATnC70xyit39U",2,28,4,2,2,1,NA,4,3,1,2,2,2,2,1,1,4,1,1,2,2,2,3,2,1,4,1,1
"R_1jdfkrbdjg8qiaU",1,46,6,6,1,0,NA,1,3,2,2,2,3,3,1,1,1,2,2,3,2,4,2,2,1,4,2,2
"R_1jdfkrbdjg8qiaU",1,46,6,6,1,0,NA,2,2,2,2,1,3,2,1,1,1,1,2,3,2,3,2,1,1,4,2,2
"R_1jdfkrbdjg8qiaU",1,46,6,6,1,0,NA,3,1,2,2,2,3,3,1,1,1,2,2,3,2,3,2,2,1,4,1,2
"R_1jdfkrbdjg8qiaU",1,46,6,6,1,0,NA,4,1,1,1,1,3,3,1,2,1,1,2,3,2,3,2,1,1,1,2,3
"R_1PSHXJZEjG3Pn19",1,31,4,4,1,0,NA,1,3,2,1,1,3,2,2,2,4,1,3,3,2,3,2,1,1,2,1,3
"R_1PSHXJZEjG3Pn19",1,31,4,4,1,0,NA,2,1,2,2,2,3,3,1,1,2,2,2,3,2,2,2,1,1,3,1,4
"R_1PSHXJZEjG3Pn19",1,31,4,4,1,0,NA,3,2,2,1,2,2,3,1,1,1,2,2,3,2,2,2,1,7,2,1,2
"R_1PSHXJZEjG3Pn19",1,31,4,4,1,0,NA,4,1,2,2,1,2,1,2,2,4,1,3,3,4,2,2,1,1,3,3,3
"R_2rBGRtijIhcWeCw",1,26,3,2,2,1,NA,1,2,1,2,2,2,3,2,2,4,1,2,3,1,3,1,1,1,2,2,1
"R_2rBGRtijIhcWeCw",1,26,3,2,2,1,NA,2,2,2,1,1,3,1,1,1,1,1,1,3,3,3,2,1,1,4,3,3
"R_2rBGRtijIhcWeCw",1,26,3,2,2,1,NA,3,3,2,1,1,3,2,1,1,4,2,2,2,1,3,1,2,7,3,1,4
"R_2rBGRtijIhcWeCw",1,26,3,2,2,1,NA,4,3,1,2,2,1,2,1,1,1,2,3,2,2,4,2,2,3,2,3,2
"R_2RWVBLzpfSljke8",1,30,3,6,3,NA,-1,1,3,1,1,1,3,3,2,2,4,1,3,3,2,2,2,1,1,3,2,1
"R_2RWVBLzpfSljke8",1,30,3,6,3,NA,-1,2,2,1,1,2,3,2,1,1,2,2,1,3,1,4,2,1,1,1,1,4
"R_2RWVBLzpfSljke8",1,30,3,6,3,NA,-1,3,1,2,1,1,2,1,1,2,4,2,3,2,1,4,1,1,1,2,3,2
"R_2RWVBLzpfSljke8",1,30,3,6,3,NA,-1,4,3,2,1,2,2,3,1,1,2,2,1,3,1,4,2,1,1,2,3,3
