id,st,ideo,trump,tax,rid,age,gender,hhi,ethnicity,hispanic,education,state,educ,age_cut,race,hhi_cut,pid_lean,pid7,pid_fold,pid_Lean,E1,E2,E3,E4,I1,I2,I3,I4,M1,M2,M3,M4,T1,T2,T3,T4,E_ideal,I_ideal,M_ideal,T_ideal,knowl_ryan,knowl_roberts,knowl_merkel,knowl_putin,knowl_spend,knowl_house,auth_respect,auth_manners,auth_obey,auth_behave,voteduty,auth_total,knowl_senate_party,knowl_senate_term,knowl_anes_total
2,Texas,Moderate,Somewhat approve,noincome,5b858788-c4c9-4157-8e87-bfe12df05427,52,Male,"$70,000 to $74,999",White,No,Bachelor's degree,Texas,Bachelor's degree,"(49,64]",White,"[50,75)",I,0,0,Independent,72,74,20,26,66,69,59,61,10,9,7,99,51,46,66,77,2,2,4,4,0,0,0,1,1,0,Independence,Curiosity,Self-reliance,Well-behaved,-1,1,0,0,2
4,Texas,Moderate,Strongly disapprove,noincome,5b8587e5-f852-48d2-9c2c-5199343c5697,65,Male,"$50,000 to $54,999",White,No,High school graduate,Texas,High school graduate,"(64,96]",White,"[50,75)",D,-3,3,Democrat,69,71,75,77,77,82,77,74,84,78,72,74,51,78,72,62,4,2,1,2,1,0,0,1,0,1,Respect for elders,Good manners,Obedience,Considerate,3,3,0,0,3
12,North Dakota,Moderate,Strongly disapprove,normal,5b85890d-7ca4-4e68-862e-3c5cad5c238f,29,Female,"$50,000 to $54,999",White,No,NA,North Dakota,NA,"[18,34]",White,"[50,75)",D,-3,3,Democrat,68,40,58,64,44,81,61,69,50,72,58,81,68,54,71,57,1,2,4,3,1,1,1,1,1,1,Respect for elders,Curiosity,Obedience,Well-behaved,0,3,1,0,7
5,Kentucky,Conservative,Strongly approve,normal,5b8587ee-4616-431c-a46a-80efb53f96f0,39,Female,"Less than $14,999","Black, or African American",No,"Some college, no degree",Kentucky,"Some college, no degree","(34,49]",Black,"[0,25)",R,3,3,Republican,52,100,30,29,30,100,100,100,10,11,90,50,50,40,100,50,2,3,3,3,1,1,1,1,0,1,Respect for elders,Good manners,Self-reliance,Well-behaved,-3,3,1,0,6
9,California,Conservative,Strongly approve,normal,5b85887a-0364-4140-879d-b2f7134a94f4,63,Female,"Less than $14,999","Black, or African American",No,Bachelor's degree,California,Bachelor's degree,"(49,64]",Black,"[0,25)",R,3,3,Republican,1,99,1,1,1,1,99,98,100,99,1,1,2,2,52,100,2,3,1,4,0,1,0,1,0,1,Independence,Good manners,Self-reliance,Well-behaved,0,2,1,1,5
24,New Hampshire,Conservative,Strongly approve,"noincome,nosales",5b858a0f-afec-40e8-9801-e04683ca702e,29,Male,"$75,000 to $79,999",White,No,Graduate or professional degree,New Hampshire,Graduate or professional degree,"[18,34]",White,"[75,100)",R,3,3,Republican,99,88,78,92,94,88,83,94,88,92,92,92,90,90,85,89,1,2.5,3,1.5,0,0,1,1,0,1,Independence,Good manners,Obedience,Well-behaved,-3,3,1,0,4
29,Ohio,Moderate,Somewhat approve,normal,5b858a26-4c95-490d-8e66-16028f30d65c,25,Female,"Less than $14,999",White,No,Bachelor's degree,Ohio,Bachelor's degree,"[18,34]",White,"[0,25)",R,3,3,Republican,62,44,35,35,55,24,55,45,47,24,58,33,70,37,55,34,1,2,3,1,0,0,0,1,1,1,Respect for elders,Good manners,Obedience,Well-behaved,-3,4,1,0,4
7,North Carolina,Liberal,Somewhat disapprove,normal,5b85882d-2712-491e-9563-0e5ff1184fed,63,Female,"$40,000 to $44,999",White,No,Bachelor's degree,North Carolina,Bachelor's degree,"(49,64]",White,"[25,50)",I,0,0,Independent,50,50,17,2,6,5,6,8,17,7,52,10,50,50,3,12,1.5,4,3,1.5,0,0,0,1,0,0,Respect for elders,Good manners,Self-reliance,Well-behaved,0,3,0,1,2
3,Florida,Conservative,Somewhat disapprove,noincome,5b8587df-f1dc-486f-84df-22e707df2e9e,66,Male,"Less than $14,999",White,No,Bachelor's degree,Florida,Bachelor's degree,"(64,96]",White,"[0,25)",R,2,2,Republican,100,100,2,2,5,100,28,3,1,2,75,100,1,1,76,27,1.5,2,4,3,1,1,1,1,0,1,Respect for elders,Good manners,Obedience,Well-behaved,3,4,1,1,7
6,North Carolina,Slightly conservative,Somewhat approve,normal,5b85880d-21db-40a9-8b78-4e28fe28a797,69,Female,"$30,000 to $34,999",White,No,Bachelor's degree,North Carolina,Bachelor's degree,"(64,96]",White,"[25,50)",R,1,1,Republican,52,54,20,2,5,30,49,19,20,9,59,7,30,29,48,19,2,3,3,3,1,1,1,1,1,1,Respect for elders,Curiosity,Obedience,Considerate,3,2,1,1,8
37,Michigan,Extremely conservative,Strongly approve,normal,5b858a43-e14b-4576-97c7-fcb113819c03,30,Female,"$40,000 to $44,999",White,No,High school graduate,Michigan,High school graduate,"[18,34]",White,"[25,50)",R,3,3,Republican,100,99,99,100,99,99,99,99,99,99,99,99,74,69,74,66,2.5,2.5,2.5,2,0,1,0,0,0,1,Independence,Good manners,Self-reliance,Considerate,3,1,1,0,3
1,Nevada,Conservative,Strongly approve,noincome,5b858702-780b-4add-bd49-c3a2633a4873,71,Male,"$45,000 to $49,999",White,No,High school graduate,Nevada,High school graduate,"(64,96]",White,"[25,50)",R,3,3,Republican,96,94,7,7,97,12,11,98,55,53,53,7,98,97,96,95,1,4,1,1,1,1,1,1,0,1,Independence,Good manners,Self-reliance,Considerate,-3,1,1,1,7
14,California,Slightly conservative,Strongly approve,normal,5b8589f8-af9b-4924-b89e-f02eee59b8af,20,Male,"$20,000 to $24,999",White,No,"Some college, no degree",California,"Some college, no degree","[18,34]",White,"[0,25)",R,3,3,Republican,91,56,70,24,88,35,67,25,4,5,32,100,100,100,25,5,1,1,4,1.5,1,1,1,1,0,1,Respect for elders,Good manners,Obedience,Well-behaved,3,4,0,1,6
38,Massachusetts,Extremely liberal,Strongly disapprove,normal,5b858ac6-af5e-412b-8af8-2b28da22a99f,39,Male,"$15,000 to $19,999",Some other race,Yes,High school graduate,Massachusetts,High school graduate,"(34,49]",Other,"[0,25)",D,-3,3,Democrat,97,92,85,85,84,88,87,91,NA,NA,NA,NA,77,84,89,59,1,4,NA,3,1,0,1,1,0,1,Respect for elders,Good manners,Obedience,Well-behaved,3,4,1,0,5
8,Texas,Conservative,Somewhat approve,noincome,5b858833-84b9-4a07-a6ab-ddc4b2cbd7ad,63,Female,"$50,000 to $54,999",White,No,NA,Texas,NA,"(49,64]",White,"[50,75)",R,2,2,Republican,89,47,13,0,14,19,48,24,5,4,90,5,69,79,14,5,1,3,3,2,0,0,0,1,0,0,Respect for elders,Good manners,Obedience,Considerate,-3,3,1,0,2
10,Wisconsin,Moderate,Somewhat approve,normal,5b858881-34f2-4621-8e91-5968f26293d9,67,Female,"$35,000 to $39,999",Asian *** Chinese,No,Bachelor's degree,Wisconsin,Bachelor's degree,"(64,96]",Asian or Pacific Islander,"[25,50)",R,1,1,Republican,39,50,35,22,85,86,86,33,50,51,51,38,82,96,50,46,2,2.5,2.5,2,1,0,0,1,0,1,Respect for elders,Good manners,Self-reliance,Considerate,3,2,1,0,4
11,South Carolina,Conservative,Strongly disapprove,normal,5b8588aa-6a25-46e4-b2f1-6a691b949f71,56,Female,"$50,000 to $54,999",Asian *** Other,No,Graduate or professional degree,South Carolina,Graduate or professional degree,"(49,64]",Asian or Pacific Islander,"[50,75)",D,-1,1,Democrat,100,2,1,1,1,1,100,100,1,1,54,1,1,1,84,100,1,3.5,3,4,1,1,0,1,0,1,Independence,Good manners,Self-reliance,Well-behaved,-2,2,0,0,4
27,Tennessee,Slightly conservative,Strongly approve,noincome,5b858a1c-57f6-4a19-8611-7240f80cf3ab,48,Female,"Less than $14,999",White,No,Associate's degree,Tennessee,Associate's degree,"(34,49]",White,"[0,25)",R,2,2,Republican,19,35,15,18,2,5,100,82,51,50,98,1,2,5,100,49,2,3,3,3,1,1,0,1,0,1,Respect for elders,Good manners,Obedience,Well-behaved,-3,4,1,0,5
43,California,Conservative,Strongly approve,normal,5b858b3c-3cd2-4282-9141-4f4de3a83c74,21,Male,"$125,000 to $149,999",White,No,Associate's degree,California,Associate's degree,"[18,34]",White,"[100,200)",R,3,3,Republican,24,46,60,42,2,2,96,99,46,45,41,32,51,53,50,50,3,4,1,2,1,0,1,1,1,1,Respect for elders,Good manners,Self-reliance,Well-behaved,-2,3,1,1,7
17,Illinois,Liberal,Strongly disapprove,normal,5b8589ff-bc2d-428a-aacd-7a8ea97fb757,78,Female,"$45,000 to $49,999",White,No,Bachelor's degree,Illinois,Bachelor's degree,"(64,96]",White,"[25,50)",D,-1,1,Democrat,90,33,2,0,81,89,1,1,0,0,84,13,99,99,51,1,1,2,3,1.5,1,1,1,1,1,1,Independence,Curiosity,Self-reliance,Well-behaved,0,1,1,1,8
40,I do not reside in the United States,Liberal,Strongly approve,normal,5b858afd-a6e0-403a-943c-fd0542716d14,40,Female,"$30,000 to $34,999",White,No,"Some college, no degree",I do not reside in the United States,"Some college, no degree","(34,49]",White,"[25,50)",R,3,3,Republican,99,98,1,1,1,98,99,99,1,1,1,2,99,99,1,99,1,3.5,4,2.3333333333333335,1,1,1,1,0,1,Respect for elders,Good manners,Obedience,Considerate,3,3,1,1,7
21,Virginia,Moderate,Strongly disapprove,normal,5b858a09-e252-4674-b261-369fc9c89afd,31,Female,"$15,000 to $19,999",White,No,High school graduate,Virginia,High school graduate,"[18,34]",White,"[0,25)",D,-1,1,Democrat,61,51,59,66,74,62,48,59,49,56,84,14,69,73,51,42,4,1,3,2,0,0,0,1,0,1,Respect for elders,Good manners,Self-reliance,Considerate,2,2,0,0,2
28,Florida,Moderate,Somewhat approve,noincome,5b858a1d-b576-412e-8376-de5cb0db663c,61,Female,"Less than $14,999",White,No,Bachelor's degree,Florida,Bachelor's degree,"(49,64]",White,"[0,25)",I,0,0,Independent,79,77,18,20,2,29,65,29,100,1,1,1,81,82,100,100,1,3,1,3.5,0,0,0,1,0,0,Respect for elders,Good manners,Obedience,Well-behaved,-3,4,0,0,1
20,New York,Extremely liberal,Strongly disapprove,normal,5b858a06-b328-45b7-8192-0e59dc7ccebe,34,Female,"$55,000 to $59,999",Asian *** Asian Indian,No,"Some college, no degree",New York,"Some college, no degree","[18,34]",Asian or Pacific Islander,"[50,75)",D,-3,3,Democrat,99,79,1,1,96,89,2,2,99,61,1,1,97,99,3,3,1,1,1,2,1,0,1,1,1,1,Independence,Curiosity,Self-reliance,Considerate,3,0,1,0,6
39,California,Slightly liberal,Strongly disapprove,normal,5b858afa-d510-4549-b345-f9251f4db520,58,Female,"$35,000 to $39,999",White,No,Bachelor's degree,California,Bachelor's degree,"(49,64]",White,"[25,50)",D,-3,3,Democrat,88,100,0,0,100,100,0,0,50,50,49,0,61,61,10,0,2,1.5,1.5,1.5,1,1,1,1,1,1,Respect for elders,Good manners,Self-reliance,Considerate,3,2,1,1,8
30,California,Extremely conservative,Strongly approve,normal,5b858a26-6939-43ef-9c5c-39944f2640a3,52,Female,"$125,000 to $149,999",White,No,NA,California,NA,"(49,64]",White,"[100,200)",R,3,3,Republican,1,1,1,1,1,1,100,49,84,84,51,1,1,1,100,100,2.5,3,1.5,3.5,1,1,1,1,0,1,Respect for elders,Good manners,Obedience,Considerate,0,3,1,1,7
45,New York,Conservative,Strongly approve,normal,5b858b44-37b9-40b2-a4a5-05fa65fe68dd,30,Female,"$25,000 to $29,999",White,No,"Some college, no degree",New York,"Some college, no degree","[18,34]",White,"[25,50)",D,-3,3,Democrat,56,72,64,89,75,51,45,71,67,40,53,76,75,85,76,82,4,1,4,2,1,1,1,1,0,0,Independence,Curiosity,Obedience,Well-behaved,3,2,0,1,5
19,North Carolina,Moderate,Strongly disapprove,normal,5b858a06-1981-4626-b21f-d14cc2fbb361,68,Female,"$20,000 to $24,999",White,No,Bachelor's degree,North Carolina,Bachelor's degree,"(64,96]",White,"[0,25)",D,-3,3,Democrat,70,75,0,0,0,70,49,72,0,0,91,0,70,71,0,0,2,4,3,2,1,1,1,1,1,1,Independence,Curiosity,Self-reliance,Considerate,3,0,1,1,8
15,New Jersey,Liberal,Strongly disapprove,normal,5b8589fb-a577-42c4-b3e5-e2d7c74fc625,67,Male,"Less than $14,999","Black, or African American",No,Did not complete high school,New Jersey,Did not complete high school,"(64,96]",Black,"[0,25)",D,-3,3,Democrat,95,92,8,2,25,82,6,9,100,100,100,2,65,33,82,49,1,2,2,3,1,0,1,1,1,1,Independence,Good manners,Self-reliance,Considerate,-3,1,1,1,7
34,Connecticut,Moderate,Somewhat approve,normal,5b858a3a-a9b7-4b40-ab4f-5013222b3e57,60,Female,"$30,000 to $34,999",White,No,High school graduate,Connecticut,High school graduate,"(49,64]",White,"[25,50)",R,2,2,Republican,65,100,1,1,1,100,50,50,1,1,1,1,40,65,45,75,2,2,2.5,4,1,1,1,1,1,1,Respect for elders,Good manners,Obedience,Well-behaved,-3,4,1,1,8
35,New York,Extremely liberal,Strongly disapprove,normal,5b858a3b-9585-48da-b080-7c814c72c1ef,36,Female,"$40,000 to $44,999",White,No,High school graduate,New York,High school graduate,"(34,49]",White,"[25,50)",I,0,0,Independent,89,93,2,2,97,100,1,1,2,2,91,58,98,97,2,5,2,2,3,1,1,0,1,1,0,1,Independence,Curiosity,Self-reliance,Considerate,2,0,1,0,5
33,Florida,Extremely liberal,Strongly disapprove,noincome,5b858a35-e157-4cb9-9616-8510e5f4e9ce,75,Male,"$50,000 to $54,999",White,No,NA,Florida,NA,"(64,96]",White,"[50,75)",D,-3,3,Democrat,100,100,1,1,100,100,1,1,100,52,1,1,100,100,100,52,1.5,1.5,1,2,1,1,1,1,0,1,Respect for elders,Curiosity,Obedience,Considerate,-3,2,1,1,7
26,Minnesota,Moderate,Somewhat approve,normal,5b858a15-d7ab-4006-ba51-d1bef67d297f,74,Male,"$15,000 to $19,999",White,No,High school graduate,Minnesota,High school graduate,"(64,96]",White,"[0,25)",R,2,2,Republican,51,61,19,2,44,22,33,7,9,9,78,10,34,34,87,53,2,1,3,3,1,1,1,1,0,1,Respect for elders,Curiosity,Self-reliance,Considerate,-2,1,0,1,6
13,California,Extremely conservative,Strongly approve,normal,5b8589f4-2345-46c1-ba25-09eb74f5ce65,71,Male,"$45,000 to $49,999",White,No,High school graduate,California,High school graduate,"(64,96]",White,"[25,50)",R,3,3,Republican,0,0,100,0,0,0,100,15,100,0,100,0,0,0,100,100,3,3,2,3.5,1,1,1,1,1,1,Respect for elders,Good manners,Obedience,Well-behaved,3,4,1,1,8
23,Colorado,Moderate,Strongly disapprove,normal,5b858a0b-a0aa-4a27-95a2-1aea5a5608a0,51,Female,"$25,000 to $29,999","Black, or African American",Yes,High school graduate,Colorado,High school graduate,"(49,64]",Black,"[25,50)",I,0,0,Independent,53,50,0,0,1,5,0,0,91,1,0,51,81,82,0,0,1,2,1,2,1,1,1,1,1,1,Independence,Good manners,Self-reliance,Considerate,3,1,1,1,8
25,Oregon,Liberal,Strongly disapprove,normal,5b858a12-de43-45cd-8aa3-abf7a93edc05,68,Female,"$30,000 to $34,999",White,No,High school graduate,Oregon,High school graduate,"(64,96]",White,"[25,50)",D,-3,3,Democrat,70,65,5,1,30,70,30,5,5,70,30,2,90,90,10,1,1,2,2,1.5,1,1,1,1,1,1,Respect for elders,Good manners,Obedience,Considerate,3,3,1,1,8
50,New Jersey,Moderate,Somewhat disapprove,normal,5b858c8b-0643-4afb-95d7-f4b643670f17,28,Male,"Less than $14,999",White,No,High school graduate,New Jersey,High school graduate,"[18,34]",White,"[0,25)",D,-3,3,Democrat,68,83,90,77,57,66,43,80,7,1,2,91,65,36,17,73,3,4,4,4,1,1,0,1,0,1,Respect for elders,Good manners,Obedience,Well-behaved,3,4,1,0,5
41,Pennsylvania,Extremely liberal,Strongly disapprove,normal,5b858b27-75e5-4c35-baf7-1c1b9df0d93c,40,Male,"$75,000 to $79,999",White,No,"Some college, no degree",Pennsylvania,"Some college, no degree","(34,49]",White,"[75,100)",D,-3,3,Democrat,80,88,2,2,51,51,2,2,89,3,1,1,62,57,1,1,2,1.5,1,1,0,1,1,1,0,1,Independence,Curiosity,Self-reliance,Considerate,3,0,1,1,6
42,Nevada,Extremely conservative,Strongly approve,noincome,5b858b39-a82c-4845-848b-75844d9b3771,57,Male,"$75,000 to $79,999",White,No,NA,Nevada,NA,"(49,64]",White,"[75,100)",R,3,3,Republican,0,0,80,20,0,100,100,100,50,100,20,0,0,0,100,100,3,3,2,3.5,1,1,1,1,1,1,Respect for elders,Good manners,Obedience,Well-behaved,3,4,1,1,8
36,New Jersey,Moderate,Somewhat disapprove,normal,5b858a3c-d71f-4304-86a4-8ee6a98b13f7,71,Male,"Less than $14,999",Pacific Islander *** Native Hawaiian,No,High school graduate,New Jersey,High school graduate,"(64,96]",Asian or Pacific Islander,"[0,25)",D,-2,2,Democrat,51,61,41,41,52,85,16,17,90,62,34,15,80,81,53,92,2,2,1,4,0,0,1,1,0,1,Independence,Curiosity,Self-reliance,Considerate,-2,0,1,0,4
51,Nevada,Liberal,Strongly disapprove,noincome,5b858c95-6c34-4498-93b6-3ff85f2221d3,42,Male,"$100,000 to $124,999",White,Yes,Bachelor's degree,Nevada,Bachelor's degree,"(34,49]",White,"[100,200)",D,-2,2,Democrat,2,6,1,1,1,30,1,1,50,50,0,1,0,1,14,1,2,2,1.5,3,0,0,0,1,0,1,Respect for elders,Good manners,Obedience,Well-behaved,2,4,1,0,3
47,Massachusetts,Conservative,Somewhat disapprove,normal,5b858b62-eccd-4306-84bf-97f75ee04fd0,39,Male,"$100,000 to $124,999",White,Yes,High school graduate,Massachusetts,High school graduate,"(34,49]",White,"[100,200)",D,-3,3,Democrat,78,65,81,73,44,56,47,48,0,53,25,0,8,18,15,0,3,2,2,2,1,0,0,1,0,1,Respect for elders,Good manners,Self-reliance,Well-behaved,3,3,1,1,5
44,New York,Conservative,Strongly approve,normal,5b858b3c-516c-4cb2-ae36-6116481cad14,47,Female,"$60,000 to $64,999",White,Yes,High school graduate,New York,High school graduate,"(34,49]",White,"[50,75)",R,3,3,Republican,21,1,1,1,1,1,100,100,11,11,100,1,1,1,100,100,1,3.5,3,3.5,1,1,1,1,1,1,Respect for elders,Good manners,Self-reliance,Considerate,3,2,1,1,8
31,Nevada,Liberal,Strongly disapprove,noincome,5b858a28-3c13-4831-8a45-e57a2c2f884a,56,Male,"$45,000 to $49,999",White,No,Graduate or professional degree,Nevada,Graduate or professional degree,"(49,64]",White,"[25,50)",D,-2,2,Democrat,99,99,1,1,70,30,72,10,99,63,15,1,100,81,1,1,1.5,3,1,1,0,0,1,1,0,1,Respect for elders,Good manners,Obedience,Well-behaved,0,4,1,0,4
53,Arizona,Moderate,Somewhat approve,normal,5b858d2c-6ed9-4b74-b13c-a21a50fb091c,36,Male,"$85,000 to $89,999",White,No,Graduate or professional degree,Arizona,Graduate or professional degree,"(34,49]",White,"[75,100)",R,1,1,Republican,50,50,0,0,1,2,100,51,51,81,80,2,71,71,48,100,1.5,3,2,4,0,0,1,1,0,0,Respect for elders,Good manners,Obedience,Considerate,-3,3,1,1,4
48,Illinois,Extremely conservative,Strongly approve,normal,5b858b6e-415e-4bf1-8931-d87e35eac2d6,64,Male,"$70,000 to $74,999",White,No,Bachelor's degree,Illinois,Bachelor's degree,"(49,64]",White,"[50,75)",R,3,3,Republican,0,50,4,2,0,0,100,56,0,0,47,47,0,0,100,100,2,3,3.5,3.5,1,0,1,1,1,1,Respect for elders,Good manners,Obedience,Well-behaved,3,4,1,1,7
52,Michigan,Liberal,Strongly disapprove,normal,5b858ced-c6bf-48ac-9b6d-44687287b8b7,63,Male,"$60,000 to $64,999",White,No,Bachelor's degree,Michigan,Bachelor's degree,"(49,64]",White,"[50,75)",D,-3,3,Democrat,87,98,2,1,58,93,2,2,62,99,1,99,98,98,76,99,2,2,3,4,1,1,1,1,0,1,Respect for elders,Good manners,Obedience,Well-behaved,3,4,1,1,7
18,Florida,Moderate,Strongly disapprove,noincome,5b858a00-074c-4ea7-bd69-6cba613af787,68,Male,"$25,000 to $29,999",White,No,"Some college, no degree",Florida,"Some college, no degree","(64,96]",White,"[25,50)",D,-3,3,Democrat,100,99,1,1,81,100,100,61,100,100,1,1,100,100,68,3,1,2.5,1.5,1.5,0,0,0,1,0,1,Respect for elders,Good manners,Self-reliance,Well-behaved,-3,3,1,0,3
16,New York,Moderate,Somewhat approve,normal,5b8589fe-0a41-4c65-8156-91476070d867,23,Female,"Less than $14,999","Black, or African American",No,"Some college, no degree",New York,"Some college, no degree","[18,34]",Black,"[0,25)",D,-2,2,Democrat,68,31,32,39,19,13,13,51,50,50,49,24,37,82,53,14,1,4,1.5,2,0,0,0,1,1,1,Respect for elders,Good manners,Self-reliance,Well-behaved,3,3,1,1,5
54,Colorado,Moderate,Strongly approve,normal,5b858d2f-74eb-49d5-ade9-01d860aaeb4c,28,Female,Prefer not to answer,Asian *** Asian Indian,No,Graduate or professional degree,Colorado,Graduate or professional degree,"[18,34]",Asian or Pacific Islander,NA,D,-3,3,Democrat,51,52,53,54,52,53,53,55,51,52,53,56,51,51,52,51,4,4,4,3,0,0,0,0,0,0,Independence,Good manners,Self-reliance,Well-behaved,0,2,0,0,0
32,Florida,Moderate,Somewhat approve,noincome,5b858a2c-22d3-43d5-8d95-cba121d7eeda,92,Female,"$125,000 to $149,999",Pacific Islander *** Other Pacific Islander,No,Bachelor's degree,Florida,Bachelor's degree,"(64,96]",Asian or Pacific Islander,"[100,200)",I,0,0,Independent,50,22,49,66,11,15,90,51,88,10,9,4,7,2,82,86,4,3,1,4,1,1,1,1,1,1,Respect for elders,Curiosity,Self-reliance,Considerate,0,1,1,1,8
22,Oregon,Extremely conservative,Somewhat approve,normal,5b858a0b-0229-422b-a966-70ee70ba40bd,66,Female,"$55,000 to $59,999","Black, or African American",No,High school graduate,Oregon,High school graduate,"(64,96]",Black,"[50,75)",R,3,3,Republican,21,19,55,54,21,71,60,58,50,49,49,1,50,50,66,78,3,2,1,4,0,0,0,1,0,1,Respect for elders,Curiosity,Self-reliance,Well-behaved,-3,2,1,0,3
49,Pennsylvania,Extremely conservative,Strongly disapprove,normal,5b858b7f-90dd-4128-8f2b-60921bc39f9a,24,Female,"$60,000 to $64,999",Asian *** Japanese,Yes,High school graduate,Pennsylvania,High school graduate,"[18,34]",Asian or Pacific Islander,"[50,75)",D,-3,3,Democrat,62,80,95,95,37,84,92,81,37,76,6,3,81,21,38,71,3.5,3,2,1,0,0,1,0,0,0,Respect for elders,Good manners,Obedience,Well-behaved,-3,4,1,0,2
57,Connecticut,Liberal,Strongly disapprove,normal,5b8595d0-8a2c-44fd-ab34-786a0612c263,37,Female,"$25,000 to $29,999",Some other race,Yes,"Some college, no degree",Connecticut,"Some college, no degree","(34,49]",Other,"[25,50)",D,-3,3,Democrat,58,45,46,51,45,58,35,23,57,86,7,0,53,52,71,39,1,2,2,3,1,0,0,1,0,0,Independence,Curiosity,Self-reliance,Considerate,-2,0,1,0,3
60,Texas,Extremely conservative,Strongly approve,noincome,5b8595ff-5f96-486c-ab8d-b6fed4572f8e,37,Female,"$25,000 to $29,999","Black, or African American",Prefer not to answer,Bachelor's degree,Texas,Bachelor's degree,"(34,49]",Black,"[25,50)",R,3,3,Republican,85,85,90,83,77,82,83,82,76,82,84,85,71,91,87,87,3,3,4,2,1,1,0,1,0,1,Independence,Good manners,Self-reliance,Well-behaved,3,2,1,1,6
59,Texas,Liberal,Strongly approve,noincome,5b8595e0-dd55-4197-9bc0-ee193f2dc047,27,Female,"$65,000 to $69,999",White,No,"Some college, no degree",Texas,"Some college, no degree","[18,34]",White,"[50,75)",D,-3,3,Democrat,93,85,89,89,87,76,84,90,78,85,83,90,88,88,82,89,1,4,4,4,1,1,0,0,0,0,Respect for elders,Curiosity,Obedience,Considerate,-2,2,1,0,3
NA,Iowa,Liberal,Strongly disapprove,normal,5b8595de-e1c5-429f-9f8d-80f08cda0193,86,Male,"$250,000 and above",White,No,Graduate or professional degree,Iowa,Graduate or professional degree,"(64,96]",White,NA,D,-3,3,Democrat,99,99,1,1,51,81,21,1,1,99,24,2,99,99,1,1,1.5,2,2,1.5,1,1,1,1,1,1,Independence,Good manners,Self-reliance,Well-behaved,3,2,1,1,8
61,California,Conservative,Strongly approve,normal,5b8596f9-59b2-4e18-b132-6beb15ffce06,59,Female,"$25,000 to $29,999",White,No,"Some college, no degree",California,"Some college, no degree","(49,64]",White,"[25,50)",R,3,3,Republican,78,71,59,83,75,74,61,82,65,82,87,87,68,75,87,85,4,4,3.5,3,1,1,1,1,1,0,Independence,Good manners,Self-reliance,Well-behaved,-2,2,1,1,7
46,New Mexico,Slightly conservative,Somewhat approve,normal,5b858b62-82aa-4d39-b47b-3111414a54d7,30,Male,"$40,000 to $44,999",White,No,Bachelor's degree,New Mexico,Bachelor's degree,"[18,34]",White,"[25,50)",R,1,1,Republican,3,50,66,84,1,24,99,99,45,71,71,13,1,2,70,62,4,3.5,2.5,3,1,1,1,1,0,1,Respect for elders,Good manners,Self-reliance,Well-behaved,-2,3,1,1,7
71,California,Extremely conservative,Strongly approve,normal,5b859747-4f07-4579-a52d-5f64054b18ee,32,Male,"$65,000 to $69,999",White,Yes,Graduate or professional degree,California,Graduate or professional degree,"[18,34]",White,"[50,75)",R,3,3,Republican,50,50,3,3,77,76,75,75,50,51,50,50,75,75,73,74,1.5,1,2,1.5,1,0,1,1,0,1,Respect for elders,Good manners,Self-reliance,Well-behaved,0,3,1,1,6
81,Kentucky,Extremely conservative,Strongly disapprove,normal,5b8597c5-5e22-4159-9cf4-4049998e91ad,22,Female,"$15,000 to $19,999","Black, or African American",No,High school graduate,Kentucky,High school graduate,"[18,34]",Black,"[0,25)",D,-3,3,Democrat,97,91,90,93,91,91,93,88,96,91,94,95,92,93,91,93,1,3,1,3,1,1,1,1,0,1,Independence,Good manners,Obedience,Considerate,3,2,0,1,6
75,Louisiana,Extremely conservative,Strongly approve,normal,5b85975c-8a1a-4d0f-be60-48cb3838b94c,64,Male,"$45,000 to $49,999",Asian *** Korean,No,"Some college, no degree",Louisiana,"Some college, no degree","(49,64]",Asian or Pacific Islander,"[25,50)",I,0,0,Independent,10,10,30,10,1,2,100,100,1,1,100,30,1,1,100,100,3,3.5,3,3.5,1,1,1,1,1,1,Respect for elders,Good manners,Obedience,Considerate,3,3,1,1,8
97,Pennsylvania,Conservative,Strongly disapprove,normal,5b859800-2167-4450-b287-ade88a647089,26,Male,"$20,000 to $24,999",White,No,High school graduate,Pennsylvania,High school graduate,"[18,34]",White,"[0,25)",R,2,2,Republican,50,49,49,50,50,51,51,49,1,2,2,99,49,50,49,48,2.5,2.5,4,2,1,0,1,1,0,0,Respect for elders,Curiosity,Obedience,Considerate,0,2,1,0,4
113,North Carolina,Conservative,Strongly disapprove,normal,5b85984d-90db-4ae2-bede-fc37d83105d4,30,Male,"Less than $14,999",White,No,High school graduate,North Carolina,High school graduate,"[18,34]",White,"[0,25)",D,-3,3,Democrat,86,93,97,97,91,96,96,99,97,98,100,97,89,95,98,100,3.5,4,3,4,0,0,0,0,0,0,Independence,Good manners,Obedience,Considerate,3,2,0,0,0
56,Nevada,Moderate,Somewhat approve,noincome,5b8595c6-0c75-4acf-94aa-a49fc1c12a44,59,Male,"$25,000 to $29,999",White,No,"Some college, no degree",Nevada,"Some college, no degree","(49,64]",White,"[25,50)",R,1,1,Republican,81,77,4,3,80,80,70,13,41,40,80,40,71,72,50,50,1,1.5,3,2,1,1,0,1,1,1,Independence,Curiosity,Self-reliance,Considerate,3,0,1,0,6
82,Indiana,Slightly liberal,Somewhat approve,normal,5b8597d9-189e-4d7d-8ac3-6ef62f89910d,58,Male,"$125,000 to $149,999",White,No,Bachelor's degree,Indiana,Bachelor's degree,"(49,64]",White,"[100,200)",D,-2,2,Democrat,97,97,97,90,97,97,96,97,52,19,1,0,94,97,98,82,2,2.3333333333333335,1,3,0,0,0,1,0,0,Respect for elders,Good manners,Self-reliance,Well-behaved,3,3,1,0,2
114,Pennsylvania,Moderate,Strongly approve,normal,5b85984e-d5a2-4d51-8a86-2f4d1e99ec68,25,Male,"$15,000 to $19,999",White,No,Bachelor's degree,Pennsylvania,Bachelor's degree,"[18,34]",White,"[0,25)",R,3,3,Republican,43,52,50,69,67,61,74,87,2,0,2,100,43,70,65,79,4,4,4,4,1,1,1,1,1,1,Respect for elders,Good manners,Self-reliance,Well-behaved,2,3,0,0,6
68,North Carolina,Slightly conservative,Somewhat disapprove,normal,5b859738-06e8-484c-95ce-1af77482585a,48,Male,"$20,000 to $24,999",White,No,"Some college, no degree",North Carolina,"Some college, no degree","(34,49]",White,"[0,25)",R,2,2,Republican,63,62,39,38,51,61,55,43,98,97,32,5,63,64,40,99,1,2,1,4,1,0,0,1,0,0,Respect for elders,Good manners,Obedience,Considerate,-2,3,1,0,3
102,North Carolina,Moderate,Strongly disapprove,normal,5b859812-56d9-4f4b-9b86-e00a88f835e8,21,Male,"$70,000 to $74,999",White,No,"Some college, no degree",North Carolina,"Some college, no degree","[18,34]",White,"[50,75)",D,-2,2,Democrat,92,80,1,1,7,81,81,38,87,93,91,0,93,98,87,97,1,2.5,2,2,1,0,0,1,0,1,Independence,Curiosity,Self-reliance,Considerate,-2,0,1,0,4
65,Missouri,Conservative,Somewhat approve,normal,5b859729-364c-43f5-bc6e-ec842267cd4c,62,Male,"$15,000 to $19,999",White,No,High school graduate,Missouri,High school graduate,"(49,64]",White,"[0,25)",R,2,2,Republican,1,1,80,97,2,1,99,98,49,84,8,1,2,2,73,83,4,3,2,4,1,1,1,1,1,1,Respect for elders,Good manners,Self-reliance,Well-behaved,2,3,1,1,8
63,Florida,Extremely conservative,Strongly approve,noincome,5b859700-e8e8-412b-88b8-9029ed22b863,71,Male,"$20,000 to $24,999",White,No,High school graduate,Florida,High school graduate,"(64,96]",White,"[0,25)",R,3,3,Republican,48,51,3,2,1,99,100,99,100,47,1,99,100,99,99,99,2,3,1,1,1,1,0,1,0,1,Respect for elders,Good manners,Obedience,Well-behaved,-3,4,1,1,6
79,Arizona,Moderate,Strongly approve,normal,5b85979c-b4e1-461e-89ce-d7e0f8fd0c43,32,Male,"$30,000 to $34,999",Asian *** Other,No,Bachelor's degree,Arizona,Bachelor's degree,"[18,34]",Asian or Pacific Islander,"[25,50)",R,3,3,Republican,84,64,74,77,74,78,78,80,7,3,91,2,60,65,66,66,1,4,3,3.5,1,1,1,1,0,1,Independence,Curiosity,Self-reliance,Considerate,-3,0,1,1,7
77,Virginia,Liberal,Strongly disapprove,normal,5b859783-ab20-4dbf-b00d-19d7bd3960a0,41,Male,"$95,000 to $99,999",White,No,"Some college, no degree",Virginia,"Some college, no degree","(34,49]",White,"[75,100)",D,-3,3,Democrat,81,80,5,7,100,100,4,5,100,80,4,4,100,100,2,2,1,1.5,1,1.5,1,1,1,1,0,1,Independence,Curiosity,Self-reliance,Considerate,2,0,1,0,6
85,New York,Moderate,Strongly disapprove,normal,5b8597e2-cfa1-4960-84d6-064260625b93,30,Male,"$40,000 to $44,999",White,No,"Some college, no degree",New York,"Some college, no degree","[18,34]",White,"[25,50)",I,0,0,Independent,33,27,38,29,36,30,33,36,33,25,41,26,35,18,25,26,3,2.5,3,1,0,1,1,1,1,1,Respect for elders,Good manners,Self-reliance,Well-behaved,-3,3,1,0,6
143,Texas,Moderate,Somewhat approve,noincome,5b8598dd-4291-4aee-869f-80af397e52bc,27,Male,"$15,000 to $19,999",White,No,Associate's degree,Texas,Associate's degree,"[18,34]",White,"[0,25)",D,-3,3,Democrat,63,48,44,55,80,74,70,57,61,50,53,67,64,50,46,69,1,1,4,4,1,1,1,1,0,0,Independence,Good manners,Obedience,Well-behaved,3,3,0,0,4
58,West Virginia,Extremely conservative,Strongly approve,normal,5b8595de-6d83-4bf3-83fe-8506f857e26f,76,Male,"$100,000 to $124,999",White,No,Bachelor's degree,West Virginia,Bachelor's degree,"(64,96]",White,"[100,200)",R,3,3,Republican,51,84,1,1,1,1,100,1,1,1,76,1,50,79,100,100,2,3,3,3.5,1,0,0,1,0,1,Respect for elders,Good manners,Obedience,Well-behaved,3,4,1,0,4
69,Florida,Moderate,Strongly disapprove,noincome,5b859740-508e-496b-ba5a-d2a180ba007d,56,Male,"$30,000 to $34,999",White,No,"Some college, no degree",Florida,"Some college, no degree","(49,64]",White,"[25,50)",D,-3,3,Democrat,79,82,4,2,22,80,74,80,36,65,86,53,95,97,92,96,2,3,3,2,1,1,1,1,1,1,Respect for elders,Curiosity,Obedience,Well-behaved,3,3,1,0,7
92,West Virginia,Moderate,Strongly disapprove,normal,5b8597f9-93e5-4704-bb45-7914c4809881,28,Male,"$30,000 to $34,999",White,No,High school graduate,West Virginia,High school graduate,"[18,34]",White,"[25,50)",I,0,0,Independent,82,91,0,0,100,0,0,0,50,100,100,1,99,100,51,50,2,1,2.5,2,1,1,1,1,0,0,Respect for elders,Good manners,Self-reliance,Considerate,0,2,0,0,4
67,California,Slightly liberal,Strongly disapprove,normal,5b859731-ab38-40b1-8ecf-4233f94f3aea,43,Male,"$75,000 to $79,999",White,No,Associate's degree,California,Associate's degree,"(34,49]",White,"[75,100)",D,-1,1,Democrat,88,90,2,3,50,95,1,5,98,4,7,1,89,91,53,17,2,2,1,2,1,1,1,1,1,1,Respect for elders,Good manners,Obedience,Considerate,-3,3,1,0,7
90,South Carolina,Slightly liberal,Somewhat approve,normal,5b8597f0-98b0-47e1-9547-672031b08031,38,Male,"$95,000 to $99,999",White,No,Graduate or professional degree,South Carolina,Graduate or professional degree,"(34,49]",White,"[75,100)",R,2,2,Republican,52,72,9,72,2,72,2,0,0,1,1,100,70,50,80,100,3,2,4,4,0,0,0,1,0,1,Respect for elders,Good manners,Self-reliance,Considerate,-2,2,1,0,3
NA,New Jersey,Extremely liberal,Somewhat disapprove,normal,5b8598cd-b76e-4663-8d54-6406a79e7395,54,Male,"$45,000 to $49,999","Black, or African American",No,"Some college, no degree",New Jersey,"Some college, no degree","(49,64]",Black,"[25,50)",D,-3,3,Democrat,69,52,69,56,75,83,89,90,7,11,93,30,59,69,66,77,2,4,3,4,1,1,0,1,0,1,Respect for elders,Good manners,Self-reliance,Well-behaved,3,3,1,0,5
108,New York,Moderate,Strongly approve,normal,5b859831-08f3-49b7-b67f-d4d454072742,32,Male,"$250,000 and above",White,No,Bachelor's degree,New York,Bachelor's degree,"[18,34]",White,NA,R,2,2,Republican,100,100,100,1,38,100,100,100,100,100,100,100,50,1,100,100,2,3,2.5,3.5,0,0,0,0,0,1,Independence,Curiosity,Self-reliance,Considerate,-2,0,1,0,2
124,Massachusetts,Liberal,Somewhat approve,normal,5b859878-586c-4aea-9990-e26c72e331d7,29,Female,"$30,000 to $34,999",White,No,"Some college, no degree",Massachusetts,"Some college, no degree","[18,34]",White,"[25,50)",D,-3,3,Democrat,85,93,1,1,54,52,66,30,46,33,2,1,90,96,1,5,2,3,1,2,1,1,1,1,0,1,Independence,Good manners,Self-reliance,Well-behaved,3,2,1,1,7
117,Texas,Extremely liberal,Strongly approve,noincome,5b85986d-0544-4057-ae04-269148be7996,28,Female,"$65,000 to $69,999",White,No,High school graduate,Texas,High school graduate,"[18,34]",White,"[50,75)",D,-3,3,Democrat,91,94,94,95,100,98,98,96,91,90,90,89,91,91,92,90,4,1,1,3,0,0,1,1,1,0,Independence,Good manners,Self-reliance,Considerate,3,1,0,0,3
111,Ohio,Slightly conservative,Strongly approve,normal,5b859847-e47e-40bf-bed1-864e67bec2a8,37,Female,"$25,000 to $29,999",White,No,Bachelor's degree,Ohio,Bachelor's degree,"(34,49]",White,"[25,50)",R,3,3,Republican,78,85,2,5,33,41,37,25,51,93,23,71,53,62,87,82,2,2,2,3,1,1,1,1,0,0,Independence,Good manners,Self-reliance,Considerate,2,1,1,0,5
145,Florida,Extremely liberal,Strongly approve,noincome,5b8598de-34d3-4fdb-9b3d-ee0cd4749ca2,29,Female,"$55,000 to $59,999",Asian *** Chinese,No,"Some college, no degree",Florida,"Some college, no degree","[18,34]",Asian or Pacific Islander,"[50,75)",D,-3,3,Democrat,95,99,94,98,95,97,98,96,99,89,95,93,90,97,93,98,2,3,1,4,0,1,1,1,0,1,Independence,Good manners,Self-reliance,Well-behaved,3,2,1,0,5
95,Pennsylvania,Conservative,Somewhat disapprove,normal,5b8597fe-dd00-45d3-b4e2-a157a2059fce,67,Female,"$30,000 to $34,999",White,No,High school graduate,Pennsylvania,High school graduate,"(64,96]",White,"[25,50)",R,2,2,Republican,48,51,1,50,49,100,70,52,51,50,100,1,100,100,51,100,2,2,3,2.3333333333333335,1,0,0,1,0,1,Respect for elders,Good manners,Self-reliance,Considerate,-3,2,0,1,4
226,Alabama,Moderate,Somewhat approve,normal,5b859973-d53a-433a-afd3-a8d91db479f0,42,Female,"$95,000 to $99,999",Asian *** Vietnamese,No,"Some college, no degree",Alabama,"Some college, no degree","(34,49]",Asian or Pacific Islander,"[75,100)",R,2,2,Republican,52,67,76,82,57,71,64,83,53,70,64,80,43,51,66,86,4,4,4,4,0,0,0,0,0,1,Respect for elders,Curiosity,Self-reliance,Well-behaved,-2,2,1,1,3
199,Ohio,Moderate,Somewhat approve,normal,5b859949-70c0-4dca-96ff-22d4141222a4,27,Female,"$25,000 to $29,999",White,No,High school graduate,Ohio,High school graduate,"[18,34]",White,"[25,50)",I,0,0,Independent,88,72,0,2,1,83,34,1,100,48,17,0,32,90,41,100,1,2,1,4,0,0,0,1,0,1,Independence,Good manners,Obedience,Well-behaved,-3,3,0,0,2
105,Wisconsin,Moderate,Somewhat disapprove,normal,5b859821-f5da-4cd8-93ae-cd41d16ced74,64,Female,"$65,000 to $69,999","Black, or African American",No,Bachelor's degree,Wisconsin,Bachelor's degree,"(49,64]",Black,"[50,75)",D,-2,2,Democrat,40,40,50,50,50,50,50,50,70,70,70,70,50,50,75,75,3.5,2.5,2.5,3.5,1,0,0,1,0,1,Respect for elders,Good manners,Self-reliance,Considerate,0,2,1,1,5
62,Michigan,Moderate,Strongly disapprove,normal,5b8596fc-618b-4753-a688-59e05877a1b8,56,Male,"$45,000 to $49,999",White,No,Bachelor's degree,Michigan,Bachelor's degree,"(49,64]",White,"[25,50)",D,-1,1,Democrat,100,50,1,1,50,50,1,1,99,99,50,1,100,100,49,50,1,1.5,1.5,1.5,1,1,1,1,0,1,Independence,Curiosity,Self-reliance,Considerate,3,0,1,1,7
106,Michigan,Moderate,Somewhat disapprove,normal,5b859825-f017-4d4f-a205-31aff0a3fb24,57,Female,"$15,000 to $19,999",White,No,Did not complete high school,Michigan,Did not complete high school,"(49,64]",White,"[0,25)",D,-2,2,Democrat,24,24,21,2,71,72,43,27,64,66,42,27,61,61,45,3,1.5,2,2,1.5,1,1,0,1,0,1,Respect for elders,Curiosity,Obedience,Considerate,-2,2,1,0,5
73,Georgia,Conservative,Strongly approve,normal,5b859756-1e0d-4c89-8281-ff1e0db20a34,62,Female,"$95,000 to $99,999",White,No,Bachelor's degree,Georgia,Bachelor's degree,"(49,64]",White,"[75,100)",R,3,3,Republican,11,89,3,10,2,9,98,96,12,11,81,6,9,8,97,97,2,3,3,3.5,1,1,1,1,0,1,Respect for elders,Good manners,Obedience,Well-behaved,-3,4,1,1,7
101,Massachusetts,Moderate,Somewhat disapprove,normal,5b85980f-2b15-4888-be51-c7922de7e766,42,Female,"Less than $14,999",White,No,"Some college, no degree",Massachusetts,"Some college, no degree","(34,49]",White,"[0,25)",I,0,0,Independent,50,50,19,3,26,50,74,26,100,51,0,0,100,100,51,94,1.5,3,1,1.5,0,0,1,1,0,1,Independence,Curiosity,Self-reliance,Considerate,-3,0,0,0,3
209,New Jersey,Moderate,Somewhat disapprove,normal,5b859958-d8f6-4075-9e16-a53050242c4f,19,Female,"$50,000 to $54,999",White,No,Graduate or professional degree,New Jersey,Graduate or professional degree,"[18,34]",White,"[50,75)",D,-2,2,Democrat,58,13,24,83,32,73,56,53,72,47,87,78,78,28,100,66,4,2,3,3,0,1,0,1,1,1,Independence,Good manners,Self-reliance,Well-behaved,-3,2,0,0,4
64,Wisconsin,Moderate,Somewhat disapprove,normal,5b85970a-16f4-4c6c-8bd7-59a593164a0e,59,Female,"Less than $14,999",White,No,"Some college, no degree",Wisconsin,"Some college, no degree","(49,64]",White,"[0,25)",D,-2,2,Democrat,50,53,46,44,50,54,38,31,92,55,98,94,71,71,47,64,2,2,3,1.5,0,0,0,1,1,1,Respect for elders,Curiosity,Obedience,Well-behaved,-2,3,1,0,4
76,Colorado,Conservative,Strongly approve,normal,5b859774-4a82-451c-9aa9-13edd38f3d2b,57,Female,"Less than $14,999",White,No,High school graduate,Colorado,High school graduate,"(49,64]",White,"[0,25)",R,2,2,Republican,1,50,50,50,1,100,50,34,1,20,49,48,1,2,84,81,3,2,3,3,1,1,1,1,1,1,Respect for elders,Good manners,Self-reliance,Well-behaved,2,3,1,1,8
141,North Carolina,Extremely conservative,Somewhat disapprove,normal,5b8598b6-c7ab-43f4-9bb1-9a972754cbda,22,Male,"$30,000 to $34,999",White,No,High school graduate,North Carolina,High school graduate,"[18,34]",White,"[25,50)",D,-3,3,Democrat,66,78,85,90,72,83,79,86,81,75,81,78,79,64,78,76,4,4,2,1,0,0,0,1,0,1,Respect for elders,Good manners,Obedience,Well-behaved,3,4,1,1,4
160,Pennsylvania,Slightly conservative,Somewhat approve,normal,5b85990c-43f3-483c-a8c3-d73b5338354b,25,Female,"$35,000 to $39,999",White,No,Bachelor's degree,Pennsylvania,Bachelor's degree,"[18,34]",White,"[25,50)",R,1,1,Republican,57,74,17,0,0,30,100,44,80,90,50,0,13,85,47,20,2,3,2,2,1,0,1,1,1,1,Independence,Good manners,Self-reliance,Considerate,0,1,1,1,7
162,Minnesota,Slightly liberal,Strongly disapprove,normal,5b85990e-a672-4c51-a83e-4229ae2dd30f,29,Female,"$75,000 to $79,999",White,No,Bachelor's degree,Minnesota,Bachelor's degree,"[18,34]",White,"[75,100)",D,-3,3,Democrat,37,48,16,13,65,87,27,15,79,39,14,3,84,91,24,31,2,2,1,2,1,0,0,1,1,1,Independence,Curiosity,Self-reliance,Well-behaved,2,1,1,0,5
154,Pennsylvania,Moderate,Strongly approve,normal,5b8598fb-a6a7-4289-a8b1-c6731aa46324,38,Male,"Less than $14,999",White,No,Did not complete high school,Pennsylvania,Did not complete high school,"(34,49]",White,"[0,25)",I,0,0,Independent,81,76,41,42,67,70,41,40,99,92,12,1,81,81,61,53,1,2,1,1.5,1,1,1,1,0,1,Independence,Good manners,Obedience,Well-behaved,3,3,1,1,7
89,Mississippi,Extremely conservative,Strongly approve,normal,5b8597ee-a34e-4af0-83ea-7338da838a48,28,Male,"$30,000 to $34,999",White,No,High school graduate,Mississippi,High school graduate,"[18,34]",White,"[25,50)",R,3,3,Republican,98,71,44,35,2,1,100,100,0,0,0,98,1,1,100,1,1,3.5,4,3,1,0,1,1,0,1,Respect for elders,Good manners,Obedience,Well-behaved,3,4,1,1,6
70,New Mexico,Moderate,Somewhat approve,normal,5b859743-716c-42f3-9d17-b1369146ed47,56,Female,"$50,000 to $54,999","Black, or African American",No,Bachelor's degree,New Mexico,Bachelor's degree,"(49,64]",Black,"[50,75)",R,2,2,Republican,50,50,19,4,70,53,38,38,100,80,60,0,70,71,51,95,1.5,1,1,4,1,1,0,1,0,1,Respect for elders,Good manners,Self-reliance,Considerate,-2,2,1,0,5
88,Arkansas,Moderate,Somewhat disapprove,normal,5b8597ed-9f32-4d57-bc64-58e2cedac05f,31,Male,"$15,000 to $19,999",White,No,Bachelor's degree,Arkansas,Bachelor's degree,"[18,34]",White,"[0,25)",I,0,0,Independent,82,81,23,19,50,89,8,1,52,51,50,4,59,64,100,84,1,2,1,3,0,0,0,0,0,0,Respect for elders,Curiosity,Self-reliance,Well-behaved,-3,2,0,0,0
112,Nevada,Moderate,Strongly disapprove,noincome,5b85984d-27bd-4a68-ac5c-2f77aca8ca9b,68,Female,"$25,000 to $29,999",White,No,High school graduate,Nevada,High school graduate,"(64,96]",White,"[25,50)",D,-3,3,Democrat,94,92,1,1,50,77,52,9,13,91,8,8,96,95,85,90,1,2,2,1,1,1,1,1,1,1,Independence,Curiosity,Self-reliance,Considerate,-3,0,1,1,8
66,Pennsylvania,Extremely conservative,Strongly approve,normal,5b85972d-fa31-452c-ad06-3e15167f5d7f,67,Male,"$65,000 to $69,999",White,No,"Some college, no degree",Pennsylvania,"Some college, no degree","(64,96]",White,"[50,75)",R,3,3,Republican,1,1,1,1,1,52,100,100,1,1,50,1,1,1,100,100,2.5,3.5,3,3.5,1,1,1,1,0,1,Respect for elders,Good manners,Obedience,Well-behaved,3,4,1,1,7
74,Alabama,Extremely conservative,Strongly approve,normal,5b859757-8424-4326-8e76-0d105c02a451,56,Male,"$25,000 to $29,999",White,No,"Some college, no degree",Alabama,"Some college, no degree","(49,64]",White,"[25,50)",R,3,3,Republican,58,50,37,28,82,56,72,36,50,47,72,29,70,57,18,9,1,1,3,1,1,1,1,1,0,1,Respect for elders,Curiosity,Obedience,Well-behaved,2,3,1,1,7
210,Maine,Moderate,Strongly disapprove,normal,5b859959-c676-4d1f-9dd4-cf4fbf13ec4f,48,Female,"$20,000 to $24,999",White,No,Associate's degree,Maine,Associate's degree,"(34,49]",White,"[0,25)",I,0,0,Independent,79,79,2,2,69,81,1,1,50,50,50,50,79,82,22,1,1.5,2,2.5,2,0,1,1,1,0,1,Respect for elders,Good manners,Self-reliance,Considerate,0,2,1,0,5
129,Florida,Moderate,Strongly approve,noincome,5b859889-2b94-4e00-abed-7f7390ad43cf,43,Female,"$30,000 to $34,999",White,No,"Some college, no degree",Florida,"Some college, no degree","(34,49]",White,"[25,50)",R,3,3,Republican,11,12,12,12,1,1,1,1,100,50,51,0,1,100,100,100,3,2.5,1,3,0,0,0,0,0,1,Respect for elders,Good manners,Obedience,Well-behaved,0,4,1,0,2
197,Virginia,Slightly liberal,Strongly approve,normal,5b859945-b5c0-41bb-90c0-5fb3f71737d7,41,Female,"$30,000 to $34,999",White,No,Associate's degree,Virginia,Associate's degree,"(34,49]",White,"[25,50)",R,2,2,Republican,71,53,2,4,49,63,57,53,3,6,56,6,6,7,6,7,1,2,3,3,0,0,0,1,0,0,Independence,Good manners,Self-reliance,Considerate,-2,1,1,1,3
188,Virginia,Slightly liberal,Somewhat approve,normal,5b85993b-074a-4223-9e80-8595412c3f60,62,Male,"$30,000 to $34,999",White,No,High school graduate,Virginia,High school graduate,"(49,64]",White,"[25,50)",R,3,3,Republican,78,71,19,8,28,17,65,77,68,77,18,5,66,73,23,3,1,4,2,2,1,0,1,1,1,1,Respect for elders,Good manners,Self-reliance,Well-behaved,-3,3,1,0,6
116,Texas,Moderate,Somewhat disapprove,noincome,5b859868-0f2f-49c3-95c7-de5a8a2216eb,48,Male,"$100,000 to $124,999",White,No,Bachelor's degree,Texas,Bachelor's degree,"(34,49]",White,"[100,200)",I,0,0,Independent,100,51,21,1,50,62,61,100,100,100,50,0,4,6,100,100,1,4,1.5,3.5,0,0,0,1,0,0,Respect for elders,Curiosity,Obedience,Considerate,0,2,1,0,2
115,Virginia,Moderate,Strongly approve,normal,5b859867-76c3-4ecc-9ff7-961b6fe9ee49,38,Female,"$175,000 to $199,999",White,No,High school graduate,Virginia,High school graduate,"(34,49]",White,"[100,200)",D,-2,2,Democrat,100,100,1,1,20,6,100,21,100,100,0,1,100,100,0,71,1.5,3,1.5,1.5,1,0,1,1,0,1,Respect for elders,Good manners,Obedience,Well-behaved,3,4,1,1,6
297,Tennessee,Conservative,Strongly approve,noincome,5b8599f9-821e-4af1-8a58-6a8c04b290d7,42,Female,"$25,000 to $29,999","Black, or African American",No,Associate's degree,Tennessee,Associate's degree,"(34,49]",Black,"[25,50)",R,2,2,Republican,1,1,1,3,1,1,99,97,1,1,98,1,1,1,98,97,4,3,3,3,1,0,0,1,0,0,Respect for elders,Good manners,Self-reliance,Considerate,-2,2,1,0,3
206,Indiana,Slightly liberal,Strongly disapprove,normal,5b859954-f581-4b60-b4fb-c9264196fa47,26,Female,"$50,000 to $54,999",White,No,High school graduate,Indiana,High school graduate,"[18,34]",White,"[50,75)",D,-2,2,Democrat,100,100,0,0,31,60,14,1,9,80,34,1,56,54,34,19,1.5,2,2,1,1,0,1,1,0,1,Respect for elders,Good manners,Self-reliance,Considerate,2,2,1,0,5
150,Minnesota,Slightly liberal,Strongly disapprove,normal,5b8598f2-d31f-4e36-b0a3-e2713c3eddcf,20,Male,"$30,000 to $34,999",White,No,High school graduate,Minnesota,High school graduate,"[18,34]",White,"[25,50)",D,-3,3,Democrat,82,100,0,2,83,88,68,77,100,21,98,0,53,59,54,0,2,2,1,2,1,0,0,1,1,1,Independence,Curiosity,Self-reliance,Considerate,3,0,1,1,6
173,Kentucky,Slightly conservative,Strongly disapprove,normal,5b859922-93df-4509-ae4c-7a5d6df5bd66,49,Female,"$15,000 to $19,999",White,No,"Some college, no degree",Kentucky,"Some college, no degree","(34,49]",White,"[0,25)",R,2,2,Republican,21,50,27,12,51,65,73,62,1,0,85,60,51,35,20,40,2,3,3,1,0,0,1,1,1,1,Respect for elders,Good manners,Obedience,Well-behaved,-3,4,1,1,6
195,New York,Slightly conservative,Somewhat disapprove,normal,5b859941-a49a-41cd-9450-83e05bdb260e,40,Male,"$100,000 to $124,999",White,Yes,Bachelor's degree,New York,Bachelor's degree,"(34,49]",White,"[100,200)",D,-3,3,Democrat,98,98,3,13,99,100,18,1,50,98,1,25,50,51,2,2,1.5,2,2,2,1,0,0,1,0,1,Respect for elders,Good manners,Obedience,Well-behaved,0,4,1,0,4
167,Georgia,Moderate,Somewhat approve,normal,5b85991d-c3a0-4a22-b644-14004407b13a,53,Female,"$20,000 to $24,999",White,No,High school graduate,Georgia,High school graduate,"(49,64]",White,"[0,25)",R,2,2,Republican,82,92,70,80,21,44,73,63,95,96,32,97,83,69,51,28,2,3,4,1,0,0,0,1,0,1,Respect for elders,Good manners,Self-reliance,Considerate,0,2,0,0,2
185,Pennsylvania,Extremely liberal,Strongly disapprove,normal,5b859935-8895-46d5-b6d7-0790d244304c,22,Female,"$20,000 to $24,999",White,No,High school graduate,Pennsylvania,High school graduate,"[18,34]",White,"[0,25)",D,-3,3,Democrat,64,40,1,0,87,100,12,2,58,54,72,2,100,100,1,1,1,2,3,1.5,1,0,1,1,0,1,Independence,Curiosity,Self-reliance,Considerate,0,0,1,0,5
200,Pennsylvania,Slightly conservative,Strongly approve,normal,5b859949-a723-4b41-ac84-aacf3569b39a,45,Female,"$25,000 to $29,999",White,No,"Some college, no degree",Pennsylvania,"Some college, no degree","(34,49]",White,"[25,50)",R,3,3,Republican,74,89,82,83,78,86,86,84,73,83,18,81,89,87,86,86,2,2.5,2,1,0,0,1,1,1,1,Respect for elders,Good manners,Self-reliance,Well-behaved,-3,3,1,1,6
109,Massachusetts,Slightly liberal,Strongly disapprove,normal,5b85983a-32b2-441c-9d51-db1a812c54d3,70,Female,"$20,000 to $24,999",White,No,Graduate or professional degree,Massachusetts,Graduate or professional degree,"(64,96]",White,"[0,25)",D,-1,1,Democrat,100,100,0,0,0,0,100,100,0,0,100,0,100,100,51,51,1.5,3.5,3,1.5,0,0,0,1,0,1,Independence,Curiosity,Self-reliance,Well-behaved,-1,1,1,1,4
86,Kentucky,Liberal,Somewhat approve,normal,5b8597e5-e6bb-4a4c-b13a-c2426e0a8ff8,54,Male,"$55,000 to $59,999",White,No,Bachelor's degree,Kentucky,Bachelor's degree,"(49,64]",White,"[50,75)",D,-3,3,Democrat,87,99,1,0,40,73,71,1,22,98,11,78,99,94,98,99,2,2,2,2.5,1,1,1,1,0,1,Respect for elders,Curiosity,Obedience,Considerate,-3,2,1,1,7
72,Massachusetts,Conservative,Strongly approve,normal,5b85974d-130f-4c1c-8ad2-e50c6542374e,72,Male,"$45,000 to $49,999",White,No,Graduate or professional degree,Massachusetts,Graduate or professional degree,"(64,96]",White,"[25,50)",R,1,1,Republican,40,39,10,1,1,50,70,49,1,1,61,1,60,60,100,100,1,3,3,3.5,1,1,1,1,1,1,Respect for elders,Good manners,Obedience,Well-behaved,3,4,1,1,8
144,California,Moderate,Strongly disapprove,normal,5b8598dd-5a66-432b-9337-87bb4b7f9655,63,Male,"$65,000 to $69,999","Black, or African American",Yes,Bachelor's degree,California,Bachelor's degree,"(49,64]",Black,"[50,75)",D,-3,3,Democrat,94,99,0,1,100,100,0,0,0,0,76,85,99,99,22,85,2,1.5,4,1.5,1,0,1,1,0,1,Independence,Curiosity,Self-reliance,Considerate,-3,0,1,0,5
180,Maryland,Slightly conservative,Somewhat approve,normal,5b85992c-c2fb-45f9-a2c9-e3d3f5b8cf6c,36,Female,"$150,000 to $174,999",White,Yes,Associate's degree,Maryland,Associate's degree,"(34,49]",White,"[100,200)",R,2,2,Republican,60,60,30,30,75,90,50,20,25,50,60,50,15,16,75,30,1.5,2,3,3,0,1,1,1,1,0,Independence,Curiosity,Self-reliance,Considerate,3,0,1,1,6
125,Louisiana,Extremely conservative,Strongly approve,normal,5b85987e-5afc-4d14-99fe-3532d8e5ceec,47,Female,"$30,000 to $34,999",White,No,Associate's degree,Louisiana,Associate's degree,"(34,49]",White,"[25,50)",R,3,3,Republican,52,51,2,2,1,100,100,100,2,1,99,50,50,50,100,100,1,3,3,3.5,1,1,1,1,1,1,Respect for elders,Good manners,Self-reliance,Well-behaved,3,3,1,1,8
165,Georgia,Liberal,Strongly disapprove,normal,5b85991b-0607-415d-bf69-cfea147ede47,43,Male,"$55,000 to $59,999",White,No,Graduate or professional degree,Georgia,Graduate or professional degree,"(34,49]",White,"[50,75)",D,-3,3,Democrat,89,91,11,8,96,95,8,9,54,53,82,51,94,99,13,3,2,1,3,2,1,0,0,1,0,1,Independence,Good manners,Self-reliance,Considerate,3,1,1,1,5
194,Texas,Extremely liberal,Strongly disapprove,noincome,5b85993f-b15f-4df3-b8c2-e0ca438ab3f3,30,Male,"$40,000 to $44,999",White,No,"Some college, no degree",Texas,"Some college, no degree","[18,34]",White,"[25,50)",D,-3,3,Democrat,100,51,0,0,60,100,0,0,100,70,50,0,100,70,50,50,1,2,1,1,1,0,1,1,1,1,Independence,Curiosity,Self-reliance,Considerate,3,0,1,1,7
184,Hawaii,Slightly liberal,Strongly disapprove,normal,5b859934-7e11-4fdb-9dfb-7d1c8e388862,36,Male,"$20,000 to $24,999",White,No,"Some college, no degree",Hawaii,"Some college, no degree","(34,49]",White,"[0,25)",D,-3,3,Democrat,69,73,19,10,11,39,2,3,16,18,97,7,50,34,6,85,2,2,3,4,1,0,0,1,0,1,Respect for elders,Good manners,Obedience,Well-behaved,2,4,1,0,4
310,Virginia,Slightly liberal,Somewhat approve,normal,5b859a13-a5c6-4e1c-8282-9bf0f252ef1e,32,Female,"$55,000 to $59,999",White,No,High school graduate,Virginia,High school graduate,"[18,34]",White,"[50,75)",R,2,2,Republican,56,58,61,41,62,30,12,80,98,30,7,2,75,40,57,43,3,4,1,1,0,0,1,1,1,1,Respect for elders,Good manners,Self-reliance,Considerate,-2,2,1,0,5
183,Florida,Liberal,Strongly disapprove,noincome,5b859931-c7bd-4c0d-80d7-db3697a9cd70,47,Male,"$40,000 to $44,999",White,No,"Some college, no degree",Florida,"Some college, no degree","(34,49]",White,"[25,50)",D,-3,3,Democrat,90,93,6,0,79,83,6,1,92,95,5,1,87,76,5,3,2,2,2,1,1,1,1,1,1,1,Respect for elders,Curiosity,Self-reliance,Considerate,3,1,1,0,7
223,Connecticut,Liberal,Somewhat approve,normal,5b859972-31bd-4f99-ab8a-79bcf1ed281e,29,Male,"$55,000 to $59,999","Black, or African American",No,"Some college, no degree",Connecticut,"Some college, no degree","[18,34]",Black,"[50,75)",I,0,0,Independent,77,83,3,3,31,12,91,84,15,78,57,48,15,10,99,99,2,3,2,3.5,1,1,1,1,1,1,Respect for elders,Good manners,Obedience,Considerate,2,3,1,0,7
164,New Jersey,Slightly liberal,Somewhat disapprove,normal,5b85991a-ef25-44e9-8668-de6e3548fc44,52,Female,"$50,000 to $54,999",White,No,Associate's degree,New Jersey,Associate's degree,"(49,64]",White,"[50,75)",D,-1,1,Democrat,78,65,3,1,5,53,3,2,49,73,26,2,52,52,69,78,1,2,2,4,1,1,1,1,1,1,Independence,Curiosity,Self-reliance,Considerate,2,0,1,1,8
107,Missouri,Conservative,Somewhat approve,normal,5b859829-2dc4-4d30-955a-a7b28e3a3d68,61,Female,"Less than $14,999",White,No,Graduate or professional degree,Missouri,Graduate or professional degree,"(49,64]",White,"[0,25)",R,3,3,Republican,28,90,1,0,1,1,97,65,2,28,100,2,2,2,87,88,2,3,3,4,0,1,1,1,0,1,Respect for elders,Curiosity,Obedience,Considerate,0,2,1,1,6
240,Colorado,Extremely liberal,Strongly disapprove,normal,5b859990-0def-40a0-8e55-c68fdcaa7753,42,Male,"$40,000 to $44,999",White,No,High school graduate,Colorado,High school graduate,"(34,49]",White,"[25,50)",D,-3,3,Democrat,86,86,1,2,100,100,1,2,14,98,99,1,98,97,4,3,1.5,1.5,3,1,1,1,1,1,1,1,Independence,Curiosity,Self-reliance,Considerate,3,0,1,1,8
266,Virginia,Conservative,Strongly approve,normal,5b8599bb-5e05-4d20-bc3e-ec3c85578560,33,Female,"$15,000 to $19,999",White,No,Associate's degree,Virginia,Associate's degree,"[18,34]",White,"[0,25)",R,3,3,Republican,98,87,95,96,98,85,92,97,99,90,95,96,94,78,83,78,1,1,1,1,1,1,1,1,1,1,Respect for elders,Curiosity,Obedience,Well-behaved,2,3,1,1,8
291,Ohio,Extremely liberal,Strongly disapprove,normal,5b8599e6-d482-4133-b7d6-a0d4e2a61679,21,Male,"$35,000 to $39,999",White,No,"Some college, no degree",Ohio,"Some college, no degree","[18,34]",White,"[25,50)",D,-3,3,Democrat,89,66,9,2,93,59,1,2,81,86,9,1,92,83,39,19,1,1,2,1,1,1,1,1,0,1,Independence,Curiosity,Self-reliance,Considerate,3,0,1,1,7
84,California,Moderate,Strongly disapprove,normal,5b8597dc-b96d-476b-beb8-f27f8cb9debb,60,Male,"$30,000 to $34,999",White,No,High school graduate,California,High school graduate,"(49,64]",White,"[25,50)",R,2,2,Republican,4,3,100,100,2,100,100,100,100,4,2,100,100,100,1,100,3.5,3,2.5,2.3333333333333335,1,0,0,1,0,0,Independence,Good manners,Obedience,Well-behaved,2,3,0,0,2
87,Texas,Moderate,Somewhat approve,noincome,5b8597ea-04ca-4305-9ded-e2bc32ef46d5,41,Male,"$65,000 to $69,999",White,No,"Some college, no degree",Texas,"Some college, no degree","(34,49]",White,"[50,75)",I,0,0,Independent,99,99,99,99,99,99,98,99,100,99,99,99,99,99,99,99,2.5,2.3333333333333335,1,2.5,1,1,1,1,0,1,Respect for elders,Good manners,Self-reliance,Considerate,-2,2,1,1,7
193,Oregon,Slightly liberal,Strongly disapprove,normal,5b85993e-4c47-4429-8878-6d355515735a,27,Male,"$50,000 to $54,999",White,No,Associate's degree,Oregon,Associate's degree,"[18,34]",White,"[50,75)",I,0,0,Independent,84,70,19,16,87,24,18,6,91,9,6,5,86,78,9,10,1,1,1,1,0,0,0,1,1,0,Independence,Good manners,Self-reliance,Well-behaved,-1,2,1,0,3
166,New York,Slightly liberal,Strongly disapprove,normal,5b85991d-750d-4ee8-9276-45f881f7ae12,68,Female,"$100,000 to $124,999",Asian *** Filipino,No,Bachelor's degree,New York,Bachelor's degree,"(64,96]",Asian or Pacific Islander,"[100,200)",D,-2,2,Democrat,62,50,17,16,31,72,31,33,33,34,62,57,51,50,59,69,1,2,3,4,0,0,0,1,1,1,Respect for elders,Good manners,Self-reliance,Well-behaved,-2,3,1,1,5
227,North Carolina,Moderate,Somewhat approve,normal,5b859974-8a19-4e0a-b8e5-c13531390c7b,43,Male,"$30,000 to $34,999",White,No,High school graduate,North Carolina,High school graduate,"(34,49]",White,"[25,50)",I,0,0,Independent,52,53,43,52,59,54,50,44,59,66,50,60,43,49,56,61,2,1,2,4,0,0,0,0,0,0,Respect for elders,Good manners,Obedience,Well-behaved,0,4,0,0,0
264,California,Moderate,Strongly approve,normal,5b8599ba-3a9d-4e1b-b6a0-65fada247ef1,57,Male,"$80,000 to $84,999",White,No,Graduate or professional degree,California,Graduate or professional degree,"(49,64]",White,"[75,100)",D,-2,2,Democrat,100,100,100,100,4,3,100,100,100,100,4,4,100,100,100,100,2.5,3.5,1.5,2.5,1,0,0,1,0,1,Independence,Curiosity,Self-reliance,Considerate,3,0,1,1,5
169,Texas,Moderate,Strongly disapprove,noincome,5b85991f-176d-411a-90ce-b366154ecc14,29,Male,"$50,000 to $54,999",Some other race,Yes,Associate's degree,Texas,Associate's degree,"[18,34]",Other,"[50,75)",D,-1,1,Democrat,100,100,0,0,41,70,52,5,61,100,46,0,76,59,17,17,1.5,2,2,1,1,0,1,1,1,1,Respect for elders,Good manners,Self-reliance,Considerate,3,2,0,0,5
140,New Jersey,Liberal,Strongly disapprove,normal,5b8598b1-83f5-4c57-a6a6-ef3710563dde,69,Female,"$65,000 to $69,999",White,No,"Some college, no degree",New Jersey,"Some college, no degree","(64,96]",White,"[50,75)",D,-3,3,Democrat,43,55,18,4,51,16,12,9,20,13,68,14,85,79,2,7,2,1,3,1,1,1,1,1,0,1,Respect for elders,Good manners,Self-reliance,Considerate,-3,2,1,1,7
93,Florida,Moderate,Somewhat disapprove,noincome,5b8597fc-0b75-47a2-a431-f5be8da2618c,33,Male,"$75,000 to $79,999",White,No,Bachelor's degree,Florida,Bachelor's degree,"[18,34]",White,"[75,100)",D,-2,2,Democrat,89,94,3,2,41,81,57,78,89,46,37,11,66,34,50,67,2,2,1,4,1,0,0,1,0,0,Respect for elders,Good manners,Self-reliance,Well-behaved,-2,3,1,1,4
128,Virginia,NA,NA,normal,5b859887-c682-4508-a513-b49e13a309eb,69,Male,"$25,000 to $29,999","Black, or African American",No,"Some college, no degree",Virginia,"Some college, no degree","(64,96]",Black,"[25,50)",I,0,0,Independent,50,50,50,49,1,2,91,52,10,51,50,51,51,52,50,1,2,3,3,2,0,0,0,1,0,NA,Respect for elders,Good manners,Obedience,Well-behaved,-3,4,NA,0,NA
174,Pennsylvania,Moderate,Strongly disapprove,normal,5b859922-eb02-4b8d-b345-5c2a3e5e09e4,33,Female,"$80,000 to $84,999",White,No,High school graduate,Pennsylvania,High school graduate,"[18,34]",White,"[75,100)",D,-2,2,Democrat,50,96,10,1,1,100,71,31,1,1,95,49,81,98,50,50,2,2,3,2,1,1,1,1,0,1,Respect for elders,Good manners,Obedience,Well-behaved,-2,4,1,0,6
376,Florida,Extremely conservative,Strongly approve,noincome,5b859a79-ac7f-4777-bc74-9c12db760b70,58,Male,"$20,000 to $24,999",White,No,"Some college, no degree",Florida,"Some college, no degree","(49,64]",White,"[0,25)",R,3,3,Republican,51,51,52,50,3,3,100,98,53,50,99,51,51,54,100,97,3,3,3,3,1,0,1,1,0,1,Respect for elders,Good manners,Obedience,Well-behaved,3,4,1,0,5
91,Kentucky,Moderate,Somewhat approve,normal,5b8597f4-4d77-401a-99a0-04d1ecfd77a1,71,Male,"$65,000 to $69,999",Asian *** Asian Indian,No,Bachelor's degree,Kentucky,Bachelor's degree,"(64,96]",Asian or Pacific Islander,"[50,75)",D,-2,2,Democrat,21,74,14,10,51,25,28,26,27,28,82,24,62,84,6,4,2,1,3,2,0,1,0,0,1,1,Independence,Good manners,Self-reliance,Well-behaved,0,2,0,0,3
201,Indiana,Slightly conservative,Somewhat disapprove,normal,5b85994a-88ad-445e-9ec1-e0008150c74c,57,Male,"$50,000 to $54,999",White,No,High school graduate,Indiana,High school graduate,"(49,64]",White,"[50,75)",R,2,2,Republican,18,41,11,13,57,85,85,40,47,52,84,23,89,86,40,94,2,2.5,3,4,1,1,0,0,0,1,Respect for elders,Good manners,Self-reliance,Well-behaved,3,3,1,0,4
288,Illinois,Moderate,Somewhat disapprove,normal,5b8599e2-1d92-4817-9880-8bd0891a10c9,63,Male,"$30,000 to $34,999",Asian *** Chinese,No,"Some college, no degree",Illinois,"Some college, no degree","(49,64]",Asian or Pacific Islander,"[25,50)",D,-1,1,Democrat,51,11,3,0,1,1,99,99,1,1,91,5,5,40,52,1,1,3.5,3,3,1,1,1,1,1,1,Independence,Curiosity,Self-reliance,Considerate,-3,0,1,1,8
146,Ohio,Conservative,Somewhat disapprove,normal,5b8598de-faaa-4658-8ef7-9cf707aabdcb,67,Male,"$25,000 to $29,999","Black, or African American",No,Associate's degree,Ohio,Associate's degree,"(64,96]",Black,"[25,50)",D,-3,3,Democrat,66,70,73,76,72,64,53,44,66,77,80,84,60,65,69,73,4,1,4,4,0,0,0,0,0,0,Independence,NA,NA,NA,3,0,0,0,0
412,Utah,Conservative,Somewhat approve,normal,5b859ab0-a639-4622-b28d-1cdf38cb2590,28,Female,"$95,000 to $99,999",White,No,Bachelor's degree,Utah,Bachelor's degree,"[18,34]",White,"[75,100)",R,3,3,Republican,83,29,45,64,75,42,65,36,76,19,56,45,45,76,41,55,1,1,1,2,0,1,0,1,0,1,Independence,Good manners,Obedience,Considerate,-2,2,0,0,3
204,Massachusetts,Liberal,Strongly approve,normal,5b859951-7195-427e-9e68-bad38d2d7402,28,Male,"$65,000 to $69,999",White,No,Graduate or professional degree,Massachusetts,Graduate or professional degree,"[18,34]",White,"[50,75)",D,-2,2,Democrat,92,58,59,78,62,45,71,53,85,67,81,68,50,73,58,88,1,3,1,4,0,0,0,1,1,0,Independence,Curiosity,Self-reliance,Well-behaved,-3,1,1,0,3
248,New York,Moderate,Somewhat approve,normal,5b85999e-a2bb-4abe-a2ea-4ef34843209b,43,Male,"$25,000 to $29,999",White,No,"Some college, no degree",New York,"Some college, no degree","(34,49]",White,"[25,50)",I,0,0,Independent,40,31,82,33,2,3,94,44,98,21,13,2,20,21,72,41,3,3,1,3,1,1,1,1,1,1,Independence,Curiosity,Self-reliance,Considerate,-3,0,1,1,8
158,Maryland,Liberal,Strongly disapprove,normal,5b859902-f277-4b91-b5b0-5c0cc1e606fb,71,Female,"$95,000 to $99,999",White,No,Associate's degree,Maryland,Associate's degree,"(64,96]",White,"[75,100)",D,-3,3,Democrat,88,80,2,1,51,83,11,1,50,83,100,1,81,88,2,1,1,2,3,2,1,1,1,1,1,1,Independence,Good manners,Self-reliance,Considerate,3,1,1,0,7
96,Wisconsin,Moderate,Somewhat approve,normal,5b859800-2132-45e5-91ff-31efe6cae45b,53,Male,"$50,000 to $54,999",White,No,"Some college, no degree",Wisconsin,"Some college, no degree","(49,64]",White,"[50,75)",I,0,0,Independent,81,74,1,1,52,48,42,38,80,77,68,8,34,71,53,59,1,1,1,2,1,0,1,1,0,1,Independence,Good manners,Self-reliance,Well-behaved,-2,2,1,0,5
187,Oregon,Conservative,Somewhat approve,normal,5b85993a-b365-4db3-83c7-93134e76d8c2,26,Female,"$20,000 to $24,999",White,No,Bachelor's degree,Oregon,Bachelor's degree,"[18,34]",White,"[0,25)",R,3,3,Republican,59,68,20,5,49,53,51,53,10,18,43,5,48,41,42,41,2,3,3,1,1,0,0,1,0,1,Respect for elders,Good manners,Obedience,Considerate,-3,3,1,1,5
83,Maryland,Extremely liberal,Strongly disapprove,normal,5b8597dc-1ffa-40f8-bc36-78b8938c6e95,62,Male,"Less than $14,999",White,No,High school graduate,Maryland,High school graduate,"(49,64]",White,"[0,25)",D,-3,3,Democrat,81,80,1,1,61,93,2,1,8,92,28,1,91,97,9,12,1,2,2,2,1,1,1,1,1,1,Independence,Curiosity,Self-reliance,Considerate,3,0,1,1,8
213,Massachusetts,Liberal,Strongly disapprove,normal,5b85995c-7c94-4254-ac99-052ea896b72b,54,Male,"$55,000 to $59,999",White,No,High school graduate,Massachusetts,High school graduate,"(49,64]",White,"[50,75)",D,-3,3,Democrat,52,52,52,53,51,51,51,51,70,50,81,2,70,71,51,50,4,2.5,3,2,0,0,0,1,0,0,Respect for elders,Good manners,Obedience,Considerate,-3,3,0,1,2
99,North Carolina,Conservative,Somewhat approve,normal,5b85980a-5d9f-44f6-b03e-3e2bac9fcabe,30,Male,"$45,000 to $49,999",White,No,High school graduate,North Carolina,High school graduate,"[18,34]",White,"[25,50)",R,3,3,Republican,71,90,18,10,12,11,99,72,1,1,20,11,71,80,61,22,2,3,3,2,1,0,0,1,0,1,Independence,Curiosity,Self-reliance,Considerate,-2,0,1,0,4
259,Missouri,Conservative,Somewhat disapprove,normal,5b8599aa-373f-4a53-9451-0c35e264e348,31,Female,"$35,000 to $39,999",White,No,Associate's degree,Missouri,Associate's degree,"[18,34]",White,"[25,50)",R,2,2,Republican,66,76,2,0,21,34,73,29,20,20,63,3,71,70,23,1,2,3,3,1,0,0,1,1,0,1,Independence,Good manners,Self-reliance,Considerate,0,1,1,0,4
121,Pennsylvania,Moderate,Somewhat disapprove,normal,5b859873-d789-4427-a92e-75951cab09dc,69,Female,"$55,000 to $59,999",White,No,"Some college, no degree",Pennsylvania,"Some college, no degree","(64,96]",White,"[50,75)",R,2,2,Republican,7,7,76,100,51,51,53,56,82,10,98,7,81,86,6,7,4,4,3,2,1,0,0,1,0,0,Respect for elders,Good manners,Obedience,Considerate,3,3,0,1,3
222,North Carolina,Extremely conservative,Strongly approve,normal,5b85996f-52fd-4d07-9b5f-ae315be942ed,50,Female,"$250,000 and above",Asian *** Chinese,No,Graduate or professional degree,North Carolina,Graduate or professional degree,"(49,64]",Asian or Pacific Islander,NA,R,1,1,Republican,4,5,52,52,1,24,100,100,1,1,100,1,91,92,79,100,3.5,3.5,3,4,0,1,1,1,0,1,Independence,Good manners,Self-reliance,Considerate,3,1,1,0,5
155,Ohio,Slightly conservative,Somewhat approve,normal,5b8598fd-c239-42b8-9e96-c8e5e904a652,63,Female,"$90,000 to $94,999",White,No,"Some college, no degree",Ohio,"Some college, no degree","(49,64]",White,"[75,100)",R,2,2,Republican,74,86,30,11,41,40,40,78,50,46,62,27,73,72,87,99,2,4,3,4,0,0,0,1,0,0,Respect for elders,Good manners,Self-reliance,Considerate,-2,2,0,0,1
330,New York,Moderate,Somewhat approve,normal,5b859a3e-20ed-4201-96e5-da659c0a48a1,44,Female,"$15,000 to $19,999",White,No,"Some college, no degree",New York,"Some college, no degree","(34,49]",White,"[0,25)",R,2,2,Republican,54,51,50,51,59,58,60,57,97,88,87,12,51,53,53,98,1,3,1,4,0,0,0,1,1,1,Respect for elders,Good manners,Self-reliance,Well-behaved,-3,3,1,1,5
157,Minnesota,Moderate,Somewhat disapprove,normal,5b859901-ca42-42b7-8db6-cc9decd18a95,37,Female,"Less than $14,999",White,No,High school graduate,Minnesota,High school graduate,"(34,49]",White,"[0,25)",R,2,2,Republican,60,42,52,45,65,41,57,48,99,99,47,99,41,48,66,44,1,1,2.3333333333333335,3,0,0,1,1,1,1,Respect for elders,Curiosity,Self-reliance,Well-behaved,-3,2,0,0,4
269,Colorado,Liberal,Strongly disapprove,normal,5b8599c0-73b3-45c9-9d60-48cc75f423b8,66,Female,"$25,000 to $29,999",White,No,"Some college, no degree",Colorado,"Some college, no degree","(64,96]",White,"[25,50)",D,-2,2,Democrat,50,50,19,4,50,50,58,8,50,50,44,13,100,100,6,0,1.5,3,1.5,1.5,1,1,1,1,1,1,Independence,Curiosity,Self-reliance,Considerate,-3,0,1,1,8
229,Oklahoma,Moderate,Strongly disapprove,normal,5b859978-8432-4e5a-9af0-3f1f6021d8b5,49,Female,"$35,000 to $39,999",White,No,Bachelor's degree,Oklahoma,Bachelor's degree,"(34,49]",White,"[25,50)",R,2,2,Republican,52,82,2,1,61,63,49,27,32,41,77,29,76,86,19,4,2,2,3,2,1,0,1,1,0,1,Independence,Curiosity,Self-reliance,Considerate,2,0,1,0,5
110,Ohio,Moderate,Somewhat approve,normal,5b859844-26a5-4f75-bcfa-250fd91d7dcf,52,Female,Prefer not to answer,Prefer not to answer,Prefer not to answer,Did not complete high school,Ohio,Did not complete high school,"(49,64]",Prefer not to answer,NA,R,2,2,Republican,93,95,3,2,2,90,24,3,80,81,98,1,10,8,97,100,2,2,3,4,0,0,0,1,1,1,Respect for elders,Curiosity,Self-reliance,Well-behaved,-3,2,1,0,4
127,Maryland,Liberal,Strongly approve,normal,5b859887-85c6-45f0-88cc-5e60d06874b2,36,Female,"$50,000 to $54,999",White,No,Bachelor's degree,Maryland,Bachelor's degree,"(34,49]",White,"[50,75)",D,-1,1,Democrat,34,25,37,32,16,33,29,36,32,23,32,26,34,24,33,27,3,4,2,1,1,1,1,1,0,1,Independence,Good manners,Self-reliance,Considerate,-3,1,1,1,7
163,Wisconsin,Extremely liberal,Strongly disapprove,normal,5b85990e-f7ce-4cb7-b275-9e6edf52a065,60,Male,"$35,000 to $39,999",White,No,"Some college, no degree",Wisconsin,"Some college, no degree","(49,64]",White,"[25,50)",D,-3,3,Democrat,100,100,1,1,98,99,1,1,1,1,99,1,99,99,1,100,1.5,2,3,4,1,0,1,1,0,1,Respect for elders,Good manners,Self-reliance,Considerate,3,2,1,0,5
161,California,Conservative,Strongly approve,normal,5b85990c-8c64-426a-95bb-d2c29a265080,79,Male,"$20,000 to $24,999",White,No,"Some college, no degree",California,"Some college, no degree","(64,96]",White,"[0,25)",R,2,2,Republican,65,64,43,52,99,98,99,99,50,47,46,46,29,30,99,98,1,2.6666666666666665,1,3,0,0,0,1,0,1,Respect for elders,Good manners,Obedience,Well-behaved,-2,4,1,0,3
196,Arkansas,Extremely conservative,Strongly approve,normal,5b859943-ec0c-4679-99d5-b16de5a3318d,55,Female,"$20,000 to $24,999",Some other race,No,Bachelor's degree,Arkansas,Bachelor's degree,"(49,64]",Other,"[0,25)",R,3,3,Republican,51,49,99,98,1,1,100,100,2,1,100,1,100,100,99,100,3,3.5,3,2.3333333333333335,1,1,1,1,0,1,Respect for elders,Good manners,Obedience,Well-behaved,3,4,1,0,6
186,North Carolina,Conservative,Strongly approve,normal,5b859939-4051-4042-ad1b-4f852fa1ed1c,47,Female,"$25,000 to $29,999",White,No,Bachelor's degree,North Carolina,Bachelor's degree,"(34,49]",White,"[25,50)",R,3,3,Republican,3,99,2,2,99,11,99,98,2,2,64,2,50,51,99,99,2,2,3,3.5,1,0,0,1,0,1,Respect for elders,Good manners,Obedience,Well-behaved,3,4,0,1,4
460,Minnesota,Slightly conservative,Strongly disapprove,normal,5b859b32-1943-4008-82b2-744fa858d8fb,60,Female,"$15,000 to $19,999",White,No,"Some college, no degree",Minnesota,"Some college, no degree","(49,64]",White,"[0,25)",R,2,2,Republican,71,63,57,54,77,81,73,65,71,83,81,89,51,52,90,97,1,2,4,4,1,1,1,1,1,1,Independence,Curiosity,Self-reliance,Considerate,3,0,1,1,8
126,Florida,Slightly conservative,Somewhat disapprove,noincome,5b859882-98a3-4faa-a50c-e4681ffd2c8b,71,Female,"$20,000 to $24,999",White,No,High school graduate,Florida,High school graduate,"(64,96]",White,"[0,25)",R,2,2,Republican,50,45,74,10,76,29,76,54,23,82,83,27,76,71,24,37,3,2,3,1,1,1,0,1,0,1,Respect for elders,Good manners,Obedience,Well-behaved,3,4,1,1,6
247,Florida,Liberal,Strongly disapprove,noincome,5b85999b-ee92-4c07-9131-0280f0938200,31,Female,"$30,000 to $34,999",Some other race,Yes,Associate's degree,Florida,Associate's degree,"[18,34]",Other,"[25,50)",D,-3,3,Democrat,65,58,30,6,56,70,7,5,69,41,5,3,50,48,27,28,1,2,1,1,0,0,1,1,1,1,Independence,Curiosity,Self-reliance,Considerate,2,0,1,0,5
233,Virginia,Moderate,Strongly disapprove,normal,5b85997e-1111-44ab-bcc9-f03ee1c204db,52,Female,"$15,000 to $19,999",White,No,High school graduate,Virginia,High school graduate,"(49,64]",White,"[0,25)",D,-2,2,Democrat,49,43,51,38,83,84,49,2,1,100,75,2,72,87,3,1,3,2,2,2,1,1,0,1,0,1,Respect for elders,Good manners,Obedience,Well-behaved,-2,4,0,0,4
198,Indiana,Conservative,Somewhat disapprove,normal,5b859949-2b81-4349-9278-4e2f8b833dc7,68,Male,"$95,000 to $99,999",White,No,Graduate or professional degree,Indiana,Graduate or professional degree,"(64,96]",White,"[75,100)",R,1,1,Republican,92,31,50,2,60,95,50,2,40,92,70,50,70,95,50,11,1,2,2,2,1,1,1,1,0,1,Respect for elders,Good manners,Obedience,Considerate,-2,3,1,1,7
103,Minnesota,Extremely conservative,Strongly approve,normal,5b859815-7a00-4752-9d0a-ed352a8c8514,50,Female,"$30,000 to $34,999",White,No,"Some college, no degree",Minnesota,"Some college, no degree","(49,64]",White,"[25,50)",R,3,3,Republican,99,99,2,1,1,1,100,100,100,1,1,2,100,99,1,1,1.5,3.5,1,1,1,0,1,1,0,1,Independence,Curiosity,Self-reliance,Considerate,-3,0,1,1,6
325,Ohio,Conservative,Somewhat approve,normal,5b859a30-0b7f-4178-88e2-dc366a9207f3,35,Female,"$55,000 to $59,999",White,No,"Some college, no degree",Ohio,"Some college, no degree","(34,49]",White,"[50,75)",R,3,3,Republican,64,98,1,1,4,10,95,46,89,80,26,2,5,10,93,84,2,3,1,3,1,0,1,1,0,1,Respect for elders,Good manners,Self-reliance,Well-behaved,3,3,1,1,6
118,Virginia,Moderate,Somewhat approve,normal,5b85986d-ac16-4b14-8fed-5711ee94f5a0,40,Female,"$50,000 to $54,999",White,No,Graduate or professional degree,Virginia,Graduate or professional degree,"(34,49]",White,"[50,75)",D,-1,1,Democrat,100,100,81,91,84,91,91,91,86,90,92,95,100,100,11,100,1.5,3,4,2.3333333333333335,0,1,0,1,0,1,Respect for elders,Good manners,Obedience,Well-behaved,0,4,1,0,4
216,Utah,Moderate,Strongly disapprove,normal,5b859965-b2b8-4e39-8a84-04d8bbfde61f,50,Female,Prefer not to answer,Prefer not to answer,Prefer not to answer,Did not complete high school,Utah,Did not complete high school,"(49,64]",Prefer not to answer,NA,R,2,2,Republican,57,66,14,2,2,9,60,27,27,25,58,1,39,37,49,1,2,3,3,3,1,0,1,1,0,1,Respect for elders,Curiosity,Obedience,Considerate,-2,2,1,0,5
345,Arizona,Extremely liberal,Strongly disapprove,normal,5b859a4f-38a3-4a4a-ad8c-baaa2fbff9ed,36,Female,"$60,000 to $64,999",White,No,Bachelor's degree,Arizona,Bachelor's degree,"(34,49]",White,"[50,75)",D,-3,3,Democrat,82,98,2,3,88,89,71,38,74,84,57,60,83,76,54,8,2,2,2,1,1,0,0,1,0,1,Independence,Good manners,Self-reliance,Considerate,3,1,1,0,4
139,Washington,Extremely conservative,Somewhat approve,noincome,5b8598ad-92a6-4ac9-b065-fc47b4bff8bd,27,Female,"$55,000 to $59,999",White,No,Associate's degree,Washington,Associate's degree,"[18,34]",White,"[50,75)",R,3,3,Republican,89,99,1,1,7,90,7,63,1,1,1,1,91,97,100,100,2,2,2.5,3.5,1,1,1,1,0,1,Respect for elders,Good manners,Obedience,Considerate,3,3,1,0,6
231,Pennsylvania,Liberal,Strongly disapprove,normal,5b85997d-04aa-4cbe-b042-3d5e99f2dcba,44,Female,"$60,000 to $64,999",White,No,"Some college, no degree",Pennsylvania,"Some college, no degree","(34,49]",White,"[50,75)",D,-3,3,Democrat,92,75,0,0,75,82,34,20,64,69,100,0,85,82,38,53,1,2,3,1,1,1,1,1,0,1,Independence,Good manners,Self-reliance,Considerate,2,1,1,0,6
243,Pennsylvania,Slightly conservative,Somewhat approve,normal,5b859992-6ec7-479a-b7b2-d00ef776baa7,41,Male,"$30,000 to $34,999",White,No,Associate's degree,Pennsylvania,Associate's degree,"(34,49]",White,"[25,50)",R,2,2,Republican,56,64,21,23,51,81,71,73,13,7,7,7,59,69,23,9,2,2,1,2,1,0,0,1,0,0,Respect for elders,Good manners,Obedience,Well-behaved,3,4,1,0,3
334,Massachusetts,Extremely liberal,Strongly disapprove,normal,5b859a45-a146-499e-89c5-be3e323c058b,28,Female,"$100,000 to $124,999",White,No,Bachelor's degree,Massachusetts,Bachelor's degree,"[18,34]",White,"[100,200)",D,-3,3,Democrat,83,88,0,0,50,82,0,0,53,100,0,0,100,80,25,38,2,2,2,1,1,0,0,1,0,1,Independence,Good manners,Self-reliance,Considerate,3,1,0,0,3
142,Massachusetts,Extremely liberal,Strongly disapprove,normal,5b8598da-09fc-42f0-908c-cc587f2f5f74,72,Male,Prefer not to answer,White,No,High school graduate,Massachusetts,High school graduate,"(64,96]",White,NA,D,-1,1,Democrat,1,91,1,0,100,1,1,1,25,74,1,1,100,100,1,1,2,1,2,1.5,1,1,1,1,1,1,Independence,Curiosity,Self-reliance,Considerate,-1,0,1,1,8
192,Kentucky,Conservative,Strongly approve,normal,5b85993d-e3e5-4cae-a567-19c73d95fe97,25,Female,"$100,000 to $124,999",White,No,Graduate or professional degree,Kentucky,Graduate or professional degree,"[18,34]",White,"[100,200)",R,3,3,Republican,94,67,6,3,100,55,53,65,98,97,97,97,80,76,4,2,1,1,1,1,0,0,0,1,0,0,Respect for elders,Good manners,Self-reliance,Considerate,-2,2,0,0,1
136,Georgia,Extremely conservative,Strongly approve,normal,5b8598a2-d9aa-4f9e-95d2-296dd99cbf31,65,Female,"$95,000 to $99,999",White,No,"Some college, no degree",Georgia,"Some college, no degree","(64,96]",White,"[75,100)",R,3,3,Republican,50,65,6,5,40,40,81,50,2,2,73,1,80,81,34,50,2,3,3,2,1,0,0,1,0,1,Respect for elders,Good manners,Self-reliance,Considerate,2,2,1,1,5
364,West Virginia,Moderate,Strongly approve,normal,5b859a66-7c61-4db3-81c9-eb6f5eacb2f9,54,Female,"$40,000 to $44,999",White,No,High school graduate,West Virginia,High school graduate,"(49,64]",White,"[25,50)",I,0,0,Independent,2,1,91,100,1,0,100,100,1,1,50,98,2,1,100,100,4,3.5,4,3.5,1,1,1,1,0,1,Respect for elders,Good manners,Self-reliance,Well-behaved,-3,3,1,1,7
347,Texas,Slightly liberal,Strongly disapprove,noincome,5b859a50-c861-4cbd-967b-560466752916,70,Female,"$30,000 to $34,999",White,No,Bachelor's degree,Texas,Bachelor's degree,"(64,96]",White,"[25,50)",D,-1,1,Democrat,72,70,5,4,53,62,30,19,22,18,67,49,50,51,62,37,1,2,3,3,1,1,1,1,1,1,Independence,Curiosity,Self-reliance,Considerate,3,0,1,1,8
212,Wisconsin,Slightly conservative,Strongly disapprove,normal,5b85995a-46f4-4af0-9c95-a31136cdf3ec,65,Male,"$40,000 to $44,999",American Indian or Alaska Native,Yes,Bachelor's degree,Wisconsin,Bachelor's degree,"(64,96]",American Indian or Alaska Native,"[25,50)",D,-2,2,Democrat,10,10,40,2,30,10,80,40,4,4,70,50,50,50,5,1,3,3,3,1.5,1,1,1,1,0,1,Respect for elders,Good manners,Obedience,Well-behaved,-2,4,1,1,7
287,Wisconsin,Conservative,Strongly approve,normal,5b8599df-a189-4fa0-acf7-808eafc321da,29,Female,"$45,000 to $49,999",White,No,High school graduate,Wisconsin,High school graduate,"[18,34]",White,"[25,50)",R,3,3,Republican,81,81,7,10,1,100,100,50,51,100,1,1,32,32,100,100,1.5,2.5,2,3.5,1,0,1,1,0,1,Respect for elders,Good manners,Obedience,Well-behaved,-2,4,1,0,5
402,Michigan,Slightly liberal,Somewhat disapprove,normal,5b859a9e-78dd-46d2-89f9-ef4b13dc2a5a,25,Female,"$70,000 to $74,999",White,No,Associate's degree,Michigan,Associate's degree,"[18,34]",White,"[50,75)",D,-1,1,Democrat,64,76,0,0,71,100,13,0,80,100,52,0,65,84,53,0,2,2,2,2,1,0,0,1,0,1,Independence,Curiosity,Self-reliance,Considerate,-2,0,1,0,4
272,Maryland,Conservative,Strongly approve,normal,5b8599c1-fce5-4c61-b37f-a09cdb3f25eb,33,Female,"$80,000 to $84,999",White,No,"Some college, no degree",Maryland,"Some college, no degree","[18,34]",White,"[75,100)",R,3,3,Republican,41,86,2,2,1,94,98,99,98,15,8,1,77,80,99,96,2,4,1,3,1,1,1,1,0,1,Independence,Curiosity,Self-reliance,Well-behaved,2,1,1,0,6
279,Oklahoma,Slightly liberal,Strongly disapprove,normal,5b8599d4-624f-469e-bdfa-b14621d7802a,36,Female,"$45,000 to $49,999",White,No,"Some college, no degree",Oklahoma,"Some college, no degree","(34,49]",White,"[25,50)",D,-1,1,Democrat,82,83,1,1,87,86,28,7,100,99,99,100,98,88,46,75,2,1,2.5,1,1,1,1,1,1,1,Respect for elders,Good manners,Obedience,Well-behaved,3,4,1,1,8
250,Washington,Slightly liberal,Strongly disapprove,noincome,5b8599a0-44dd-488f-9416-76bc2d69d854,50,Male,"$125,000 to $149,999",White,No,Graduate or professional degree,Washington,Graduate or professional degree,"(49,64]",White,"[100,200)",D,-2,2,Democrat,79,63,0,0,62,73,4,2,5,6,60,0,33,44,60,2,1,2,3,3,0,0,1,1,0,1,Respect for elders,Good manners,Self-reliance,Considerate,2,2,1,0,4
159,Washington,Slightly liberal,Somewhat approve,noincome,5b859908-6e3e-4d4f-9d3e-a9e83b932370,33,Female,"$45,000 to $49,999",White,No,"Some college, no degree",Washington,"Some college, no degree","[18,34]",White,"[25,50)",D,-1,1,Democrat,78,79,20,20,100,82,0,0,100,74,11,0,100,75,0,0,2,1,1,1,0,0,0,1,0,0,Independence,Curiosity,Self-reliance,Well-behaved,-3,1,0,1,2
400,Illinois,Conservative,Strongly approve,normal,5b859a9c-f977-4f15-87d9-93028e5429b4,49,Female,"Less than $14,999",White,No,High school graduate,Illinois,High school graduate,"(34,49]",White,"[0,25)",R,3,3,Republican,81,84,3,1,18,99,100,100,60,99,11,0,80,85,21,98,2,3.5,2,4,1,0,0,1,0,1,Respect for elders,Good manners,Obedience,Considerate,2,3,1,0,4
281,Washington,Moderate,Strongly disapprove,noincome,5b8599d6-6716-416a-a053-2717d6ac4fec,61,Male,"$55,000 to $59,999",White,No,"Some college, no degree",Washington,"Some college, no degree","(49,64]",White,"[50,75)",I,0,0,Independent,84,77,12,4,52,56,43,16,80,78,8,3,79,79,77,53,1,2,1,1.5,1,1,1,1,0,1,Respect for elders,Good manners,Obedience,Considerate,-2,3,1,1,7
472,Kansas,Slightly conservative,Somewhat disapprove,normal,5b859b4b-4ccd-4667-b62e-9b9fdb1f5652,64,Female,"$60,000 to $64,999",White,No,High school graduate,Kansas,High school graduate,"(49,64]",White,"[50,75)",R,2,2,Republican,74,68,73,78,70,71,65,66,60,60,69,68,62,60,63,72,4,2,3,4,1,1,1,1,0,1,Respect for elders,Good manners,Obedience,Well-behaved,-2,4,1,1,7
130,Ohio,Slightly conservative,Strongly approve,normal,5b85988c-f5b6-42b4-ada5-555526ba5712,61,Female,"$65,000 to $69,999",White,No,Bachelor's degree,Ohio,Bachelor's degree,"(49,64]",White,"[50,75)",R,3,3,Republican,71,71,5,2,19,52,16,16,100,61,1,1,58,59,98,99,1.5,2,1,4,1,0,0,1,0,0,Respect for elders,Good manners,Obedience,Well-behaved,-2,4,1,0,3
156,New York,Slightly liberal,Strongly disapprove,normal,5b859900-023f-4e88-9caf-dd8acf3b4477,47,Female,"$75,000 to $79,999",White,No,Graduate or professional degree,New York,Graduate or professional degree,"(34,49]",White,"[75,100)",D,-2,2,Democrat,62,79,20,8,50,75,34,34,22,35,83,43,50,75,63,53,2,2,3,2,0,0,0,1,0,0,Respect for elders,Good manners,Self-reliance,Well-behaved,2,3,0,0,1
175,Florida,Moderate,Somewhat approve,noincome,5b859923-b0ec-4192-8e00-e9316f253247,76,Female,"$55,000 to $59,999",White,No,Bachelor's degree,Florida,Bachelor's degree,"(64,96]",White,"[50,75)",R,2,2,Republican,78,36,16,1,9,9,100,9,1,1,100,5,54,51,79,78,1,3,3,3,0,0,1,1,0,1,Respect for elders,Curiosity,Obedience,Considerate,0,2,1,0,4
292,Massachusetts,Liberal,Strongly disapprove,normal,5b8599e7-4b78-431e-a898-436e7332059b,62,Male,"$125,000 to $149,999",White,No,Bachelor's degree,Massachusetts,Bachelor's degree,"(49,64]",White,"[100,200)",D,-3,3,Democrat,92,88,2,2,100,91,1,1,100,4,2,1,99,98,2,4,1,1,1,1,1,1,1,1,0,1,Respect for elders,Curiosity,Self-reliance,Considerate,0,1,1,1,7
203,Texas,Liberal,Somewhat disapprove,noincome,5b85994e-b610-4ebd-b01b-cdf09ade48a4,47,Male,"$20,000 to $24,999",White,No,"Some college, no degree",Texas,"Some college, no degree","(34,49]",White,"[0,25)",D,-2,2,Democrat,98,99,2,2,28,72,22,39,100,100,31,100,89,88,23,99,2,2,2.3333333333333335,4,1,1,1,1,0,1,Respect for elders,Good manners,Self-reliance,Considerate,-3,2,1,0,6
220,Florida,Extremely conservative,Strongly approve,noincome,5b85996b-d32e-4a2d-8268-460bd2c7eebd,67,Female,"$100,000 to $124,999",White,No,Bachelor's degree,Florida,Bachelor's degree,"(64,96]",White,"[100,200)",R,3,3,Republican,51,80,13,13,100,99,100,100,7,6,86,6,100,100,100,96,2,2.6666666666666665,3,2,1,0,0,1,0,0,Respect for elders,Good manners,Obedience,Well-behaved,-2,4,0,0,2
340,Minnesota,Moderate,Strongly disapprove,normal,5b859a4c-3063-425b-ad75-256482afbaa3,63,Male,"$70,000 to $74,999",White,Yes,Associate's degree,Minnesota,Associate's degree,"(49,64]",White,"[50,75)",D,-1,1,Democrat,90,89,9,8,80,80,6,5,9,10,92,9,94,95,5,8,1,1.5,3,2,1,1,1,1,0,1,Respect for elders,Good manners,Self-reliance,Considerate,3,2,1,1,7
135,Pennsylvania,Extremely conservative,Somewhat approve,normal,5b85989d-ce88-474b-82eb-07f265c0a275,67,Female,"$100,000 to $124,999",White,No,Bachelor's degree,Pennsylvania,Bachelor's degree,"(64,96]",White,"[100,200)",R,1,1,Republican,63,82,9,4,1,1,90,60,4,8,81,1,61,75,52,61,2,3,3,2,1,0,1,1,1,1,Respect for elders,Good manners,Obedience,Well-behaved,3,4,1,1,7
133,West Virginia,Slightly conservative,Strongly disapprove,normal,5b859899-1a98-463f-97ad-fe4bbb414460,56,Female,"$30,000 to $34,999",White,No,High school graduate,West Virginia,High school graduate,"(49,64]",White,"[25,50)",R,3,3,Republican,100,100,1,1,25,85,100,71,30,100,100,50,100,100,52,97,1.5,3,2.5,1.5,1,0,0,1,0,0,Respect for elders,Good manners,Obedience,Considerate,3,3,0,0,2
303,Pennsylvania,Moderate,Somewhat disapprove,normal,5b859a03-7ac9-4ab6-a479-ea3ff7b8e124,59,Female,"$30,000 to $34,999","Black, or African American",No,"Some college, no degree",Pennsylvania,"Some college, no degree","(49,64]",Black,"[25,50)",R,2,2,Republican,22,55,52,2,50,12,50,8,1,1,99,1,25,11,19,14,2,2,3,1,0,0,1,1,0,1,Respect for elders,Curiosity,Obedience,Considerate,-2,2,1,0,4
268,North Carolina,Slightly liberal,Strongly disapprove,normal,5b8599c0-3367-45dd-a0c3-7d082c21611c,61,Female,"$35,000 to $39,999",White,No,Graduate or professional degree,North Carolina,Graduate or professional degree,"(49,64]",White,"[25,50)",D,-1,1,Democrat,71,58,15,7,71,80,25,16,70,51,51,15,67,58,49,50,1,2,1,1,1,1,1,1,1,1,Respect for elders,Curiosity,Self-reliance,Considerate,3,1,1,1,8
235,Iowa,Conservative,Strongly approve,normal,5b859986-1490-4e0d-8d26-213d0b426122,30,Male,"$45,000 to $49,999",White,No,"Some college, no degree",Iowa,"Some college, no degree","[18,34]",White,"[25,50)",R,3,3,Republican,51,98,6,7,10,94,50,2,50,100,16,5,98,98,47,78,2,2,2,1.5,0,1,0,1,0,1,Respect for elders,Good manners,Self-reliance,Considerate,-3,2,1,0,4
219,Arizona,Slightly conservative,Somewhat approve,normal,5b85996b-07fb-48d5-bfd0-95663370169d,45,Female,"Less than $14,999",White,Yes,High school graduate,Arizona,High school graduate,"(34,49]",White,"[0,25)",R,3,3,Republican,80,55,3,3,3,3,100,72,3,3,77,50,82,85,54,53,1,3,3,2,1,0,0,1,0,1,Respect for elders,Good manners,Self-reliance,Considerate,2,2,1,0,4
149,New Hampshire,Liberal,Somewhat disapprove,"noincome,nosales",5b8598ea-8faa-4d51-a828-fa0b2777136b,32,Female,"$15,000 to $19,999",Prefer not to answer,Prefer not to answer,Bachelor's degree,New Hampshire,Bachelor's degree,"[18,34]",Prefer not to answer,"[0,25)",D,-2,2,Democrat,79,52,71,48,82,60,73,55,82,60,78,66,81,57,75,60,1,1,1,1,0,0,1,1,1,0,Respect for elders,Good manners,Obedience,Well-behaved,3,4,1,0,4
336,Massachusetts,Liberal,Strongly disapprove,normal,5b859a47-e477-4348-ad86-0783e7d738cd,71,Female,"$40,000 to $44,999",White,No,"Some college, no degree",Massachusetts,"Some college, no degree","(64,96]",White,"[25,50)",D,-1,1,Democrat,89,61,2,1,50,99,1,0,20,19,90,0,89,71,30,1,1,2,3,1,1,1,1,1,1,1,Independence,Curiosity,Self-reliance,Considerate,3,0,1,1,8
260,Ohio,Extremely conservative,Somewhat approve,normal,5b8599af-ec39-420d-b165-573281222641,37,Female,"$25,000 to $29,999",White,No,Bachelor's degree,Ohio,Bachelor's degree,"(34,49]",White,"[25,50)",R,3,3,Republican,0,20,19,0,20,20,100,53,52,100,36,20,0,0,100,100,2,3,2,3.5,1,1,1,1,0,1,Independence,Good manners,Self-reliance,Considerate,-3,1,1,1,7
191,Wisconsin,Conservative,Strongly approve,normal,5b85993d-09f1-4239-be90-f3b75cd543f0,46,Female,Prefer not to answer,White,No,Bachelor's degree,Wisconsin,Bachelor's degree,"(34,49]",White,NA,R,3,3,Republican,41,42,54,45,25,14,75,50,59,39,35,10,2,2,100,100,3,3,1,3.5,1,0,0,1,1,1,Independence,Curiosity,Self-reliance,Considerate,3,0,1,0,5
215,Florida,Moderate,Somewhat approve,noincome,5b859960-8dbe-4547-b5d0-d527acb3c6db,58,Female,"$100,000 to $124,999",White,No,Bachelor's degree,Florida,Bachelor's degree,"(49,64]",White,"[100,200)",D,-3,3,Democrat,50,81,20,20,50,51,82,82,50,50,60,49,50,50,82,82,2,3.5,3,3.5,0,0,1,1,0,1,Independence,Curiosity,Self-reliance,Considerate,-3,0,1,0,4
350,Missouri,Moderate,Strongly disapprove,normal,5b859a52-bb58-401c-8b6b-be8f293822de,38,Female,"$55,000 to $59,999",Prefer not to answer,Prefer not to answer,Bachelor's degree,Missouri,Bachelor's degree,"(34,49]",Prefer not to answer,"[50,75)",D,-2,2,Democrat,90,90,10,5,80,50,10,0,100,20,20,0,100,100,91,100,1.5,1,1,2.3333333333333335,0,1,1,1,0,1,Respect for elders,Good manners,Obedience,Well-behaved,3,4,1,1,6
98,Illinois,Liberal,Strongly disapprove,normal,5b859804-ca5f-48d0-a0ad-1d7535408c04,37,Female,"$125,000 to $149,999","Black, or African American",No,Bachelor's degree,Illinois,Bachelor's degree,"(34,49]",Black,"[100,200)",D,-2,2,Democrat,95,80,1,0,55,90,0,0,75,99,10,0,90,90,0,0,1,2,2,1.5,1,1,1,1,1,1,Independence,Curiosity,Self-reliance,Considerate,3,0,1,1,8
177,Tennessee,Slightly conservative,Somewhat approve,noincome,5b859928-d593-4ea6-9763-c3dd583022bb,46,Female,"$25,000 to $29,999",White,No,"Some college, no degree",Tennessee,"Some college, no degree","(34,49]",White,"[25,50)",R,2,2,Republican,76,73,1,2,24,69,69,25,100,50,0,0,53,5,64,3,1,2.5,1,3,1,0,0,1,1,1,Respect for elders,Good manners,Obedience,Considerate,-3,3,0,0,4
380,New York,Conservative,Somewhat approve,normal,5b859a82-94b0-4056-97aa-aa9cd1f4f831,40,Female,"$150,000 to $174,999",White,No,Graduate or professional degree,New York,Graduate or professional degree,"(34,49]",White,"[100,200)",R,2,2,Republican,72,68,9,9,25,42,69,44,76,60,62,80,75,65,63,80,1,3,4,4,1,0,0,1,0,1,Respect for elders,Good manners,Obedience,Considerate,-2,3,0,0,3
377,Wisconsin,Conservative,Somewhat disapprove,normal,5b859a7c-99fa-44f6-a096-f9baa3d3d4fd,66,Female,"$55,000 to $59,999","Black, or African American",No,Associate's degree,Wisconsin,Associate's degree,"(64,96]",Black,"[50,75)",I,0,0,Independent,66,85,13,9,51,70,60,26,6,4,54,35,81,75,53,11,2,2,3,1,1,1,1,1,0,1,Respect for elders,Good manners,Self-reliance,Considerate,3,2,1,0,6
NA,Tennessee,Conservative,Somewhat approve,noincome,5b8599c3-b5c7-402d-a3a8-11c5c2baf5b9,73,Male,"$35,000 to $39,999",American Indian or Alaska Native,No,Bachelor's degree,Tennessee,Bachelor's degree,"(64,96]",American Indian or Alaska Native,"[25,50)",R,3,3,Republican,63,73,45,19,9,26,92,95,5,11,12,3,22,56,99,100,2,4,3,4,1,1,1,1,0,1,Respect for elders,Good manners,Obedience,Considerate,0,3,1,1,7
314,Louisiana,Extremely liberal,Strongly disapprove,normal,5b859a1b-0e09-415f-8097-088459cc5aa7,27,Female,"$70,000 to $74,999",White,No,Bachelor's degree,Louisiana,Bachelor's degree,"[18,34]",White,"[50,75)",D,-3,3,Democrat,100,99,1,1,100,100,0,0,100,47,14,0,100,100,0,1,1,1.5,1,1.5,1,1,1,1,1,1,Independence,Good manners,Obedience,Considerate,0,2,1,1,8
134,Texas,Moderate,Strongly approve,noincome,5b85989b-472d-4273-a53c-184257eb3876,63,Female,"$55,000 to $59,999",White,No,Bachelor's degree,Texas,Bachelor's degree,"(49,64]",White,"[50,75)",R,1,1,Republican,18,23,26,64,53,63,21,30,16,8,100,7,7,5,99,100,4,2,3,4,0,0,1,1,0,1,Respect for elders,Curiosity,Self-reliance,Considerate,-2,1,1,1,5
245,North Carolina,Slightly conservative,Somewhat approve,normal,5b859997-9cfd-45ce-9725-e3784c78fce4,58,Female,"$35,000 to $39,999",White,No,Bachelor's degree,North Carolina,Bachelor's degree,"(49,64]",White,"[25,50)",R,1,1,Republican,53,38,12,23,100,1,99,76,1,1,99,2,51,51,40,29,1,1,3,1.5,1,1,1,1,1,1,Respect for elders,Good manners,Self-reliance,Considerate,3,2,1,0,7
318,California,Slightly liberal,Strongly disapprove,normal,5b859a23-40dd-4cd9-9eab-ea07c484a6b9,68,Female,"$25,000 to $29,999",White,No,Bachelor's degree,California,Bachelor's degree,"(64,96]",White,"[25,50)",D,-3,3,Democrat,50,72,3,2,83,64,1,1,60,97,4,2,77,62,28,56,2,1,2,1,1,1,1,1,1,1,Respect for elders,Good manners,Obedience,Considerate,3,3,1,1,8
307,Maryland,Moderate,Strongly disapprove,normal,5b859a08-d9dc-4f25-bf3d-3c0e143cddee,73,Female,"$45,000 to $49,999",White,No,High school graduate,Maryland,High school graduate,"(64,96]",White,"[25,50)",D,-1,1,Democrat,100,75,0,0,0,0,0,0,80,100,50,100,90,90,30,100,1,2.5,3,4,1,1,1,1,0,0,Respect for elders,Curiosity,Self-reliance,Considerate,3,1,1,1,6
120,Texas,Moderate,Strongly approve,noincome,5b859870-0a56-420c-9797-a0f93e69b4cc,71,Male,"Less than $14,999",White,No,Associate's degree,Texas,Associate's degree,"(64,96]",White,"[0,25)",R,1,1,Republican,97,92,3,2,99,1,99,99,99,1,2,1,3,3,75,98,1,2.6666666666666665,1,4,1,1,1,1,0,1,Respect for elders,Good manners,Obedience,Well-behaved,-2,4,1,0,6
371,California,Extremely liberal,Somewhat disapprove,normal,5b859a72-098f-4382-9ea4-148e743506d2,65,Female,"$50,000 to $54,999",Some other race,No,Bachelor's degree,California,Bachelor's degree,"(64,96]",Other,"[50,75)",D,-3,3,Democrat,100,100,100,100,100,100,100,100,100,100,100,100,100,100,100,100,2.5,2.5,2.5,2.5,0,0,0,0,1,1,Respect for elders,Good manners,Obedience,Considerate,-3,3,0,0,2
346,Utah,Moderate,Somewhat approve,normal,5b859a4f-bbbf-4224-a72d-c66117fa8134,40,Female,"$20,000 to $24,999",White,No,High school graduate,Utah,High school graduate,"(34,49]",White,"[0,25)",I,0,0,Independent,63,65,75,15,41,59,47,39,95,95,51,100,55,58,66,50,3,2,4,3,1,0,0,1,0,1,Respect for elders,Good manners,Self-reliance,Considerate,-2,2,1,0,4
309,Arkansas,Conservative,Strongly approve,normal,5b859a0e-2171-4f42-be13-ebe6ad7c0be2,75,Female,"$40,000 to $44,999",White,No,High school graduate,Arkansas,High school graduate,"(64,96]",White,"[25,50)",R,3,3,Republican,49,40,65,50,1,18,98,54,2,7,5,99,1,2,97,100,3,3,4,4,1,1,1,1,0,1,Respect for elders,Good manners,Self-reliance,Considerate,3,2,1,1,7
285,Georgia,Slightly conservative,Somewhat approve,normal,5b8599dd-2c03-4f7a-91fe-cae60bfc9b80,65,Female,"$70,000 to $74,999",White,No,High school graduate,Georgia,High school graduate,"(64,96]",White,"[50,75)",R,2,2,Republican,60,59,30,16,35,52,64,55,61,70,81,11,33,31,70,50,1,3,3,3,0,0,0,1,0,1,Respect for elders,Good manners,Obedience,Well-behaved,2,4,1,1,4
286,California,Liberal,Strongly disapprove,normal,5b8599de-0d05-4027-b729-d7407fcc2bcb,25,Male,"$100,000 to $124,999","Black, or African American",No,Bachelor's degree,California,Bachelor's degree,"[18,34]",Black,"[100,200)",D,-3,3,Democrat,90,90,0,0,100,67,0,0,75,100,18,0,100,100,0,10,1.5,1,2,1.5,1,1,1,1,1,1,Independence,Curiosity,Self-reliance,Considerate,3,0,1,1,8
322,Ohio,Moderate,Strongly disapprove,normal,5b859a2c-0b55-4101-add1-1d5b07816756,59,Female,"$150,000 to $174,999",White,No,Graduate or professional degree,Ohio,Graduate or professional degree,"(49,64]",White,"[100,200)",D,-1,1,Democrat,62,22,41,3,99,100,1,1,100,50,1,1,100,100,2,51,1,2,1,1.5,1,1,1,1,1,0,Respect for elders,Curiosity,Obedience,Considerate,3,2,1,1,7
176,Georgia,Slightly conservative,Somewhat approve,normal,5b859925-ad19-4bec-a516-0019593d095e,27,Female,"$25,000 to $29,999",White,No,High school graduate,Georgia,High school graduate,"[18,34]",White,"[25,50)",I,0,0,Independent,67,61,4,1,39,46,53,16,8,21,82,11,12,12,2,1,1,3,3,1.5,1,1,0,1,1,1,Respect for elders,Curiosity,Obedience,Considerate,-1,2,1,0,6
236,Arkansas,Moderate,Strongly disapprove,normal,5b85998a-530e-4941-9846-08270c8026dd,51,Female,"$70,000 to $74,999",White,No,Associate's degree,Arkansas,Associate's degree,"(49,64]",White,"[50,75)",D,-1,1,Democrat,100,100,0,0,52,74,68,1,100,47,9,100,100,100,33,100,1.5,2,2.5,2.3333333333333335,0,0,0,0,0,1,Independence,Curiosity,Self-reliance,Well-behaved,-3,1,1,0,2
383,Illinois,Extremely liberal,Strongly disapprove,normal,5b859a85-e145-40a4-aec6-268c08c7f362,25,Female,"$45,000 to $49,999",White,No,Associate's degree,Illinois,Associate's degree,"[18,34]",White,"[25,50)",D,-3,3,Democrat,100,100,100,100,100,NA,NA,NA,100,100,100,100,80,100,100,100,2.5,NA,2.5,3,1,0,0,1,0,0,Respect for elders,Good manners,Self-reliance,Well-behaved,3,3,0,0,2
359,California,Moderate,Somewhat disapprove,normal,5b859a61-0c51-403b-a8ee-cde5f1e64801,39,Female,"$75,000 to $79,999",White,No,High school graduate,California,High school graduate,"(34,49]",White,"[75,100)",I,0,0,Independent,50,50,49,48,49,48,48,48,49,47,46,45,50,49,48,47,1.5,1,1,1,0,0,0,0,0,0,Respect for elders,Curiosity,Obedience,Well-behaved,0,3,0,0,0
360,New Jersey,Extremely liberal,Strongly disapprove,normal,5b859a62-5b37-4eb7-85b6-da2cf72cad39,70,Female,"$50,000 to $54,999",White,No,Associate's degree,New Jersey,Associate's degree,"(64,96]",White,"[50,75)",D,-3,3,Democrat,61,61,0,0,100,100,0,0,100,100,0,0,100,100,0,0,1.5,1.5,1.5,1.5,1,1,1,1,0,1,Independence,Curiosity,Self-reliance,Considerate,3,0,1,1,7
190,Pennsylvania,Moderate,Strongly disapprove,normal,5b85993c-ecf0-4c07-896d-c90c3e521e92,67,Female,"$25,000 to $29,999",White,No,Graduate or professional degree,Pennsylvania,Graduate or professional degree,"(64,96]",White,"[25,50)",D,-2,2,Democrat,51,63,9,7,51,50,48,47,18,16,62,46,99,100,5,46,2,1,3,2,1,1,1,1,0,1,Respect for elders,Good manners,Self-reliance,Well-behaved,-3,3,1,0,6
255,North Carolina,Moderate,Strongly disapprove,normal,5b8599a7-1a32-4a0f-af2b-f9078888c6e7,31,Female,"$100,000 to $124,999",White,No,Bachelor's degree,North Carolina,Bachelor's degree,"[18,34]",White,"[100,200)",I,0,0,Independent,85,80,3,1,50,77,50,15,80,85,55,4,71,78,60,60,1,2,2,2,1,1,0,1,0,1,Independence,Good manners,Self-reliance,Considerate,0,1,1,1,6
321,Pennsylvania,Liberal,Strongly disapprove,normal,5b859a26-b553-463f-8f31-e09c49109892,58,Female,"$150,000 to $174,999",White,No,Bachelor's degree,Pennsylvania,Bachelor's degree,"(49,64]",White,"[100,200)",D,-3,3,Democrat,63,100,3,2,60,98,52,17,68,37,36,4,74,76,40,4,2,2,1,2,0,1,1,1,0,1,Respect for elders,Good manners,Self-reliance,Considerate,2,2,1,0,5
426,Illinois,Liberal,Somewhat disapprove,normal,5b859ad8-0110-4b37-bff6-767d20b53dd3,54,Female,"$100,000 to $124,999",White,No,Bachelor's degree,Illinois,Bachelor's degree,"(49,64]",White,"[100,200)",D,-2,2,Democrat,100,100,2,1,1,99,70,40,99,98,2,99,71,71,99,71,1.5,2,2.5,3,1,1,1,1,0,1,Respect for elders,Curiosity,Obedience,Considerate,3,2,1,0,6
181,Alabama,Conservative,Strongly approve,normal,5b85992d-659c-49a3-bcc4-1e041c86d46e,40,Female,"$175,000 to $199,999",White,No,Bachelor's degree,Alabama,Bachelor's degree,"(34,49]",White,"[100,200)",R,2,2,Republican,100,100,3,0,64,78,56,48,1,0,0,100,23,10,100,100,1.5,2,4,3.5,0,0,0,1,0,1,Respect for elders,Good manners,Obedience,Considerate,-3,3,1,0,3
246,Illinois,Extremely liberal,Strongly disapprove,normal,5b85999b-2300-4dc0-b717-6eda95f70aae,42,Female,"$50,000 to $54,999",White,No,Bachelor's degree,Illinois,Bachelor's degree,"(34,49]",White,"[50,75)",D,-3,3,Democrat,79,49,0,0,58,72,0,0,100,83,100,0,82,93,55,65,1,2,2,2,1,1,1,1,0,1,Independence,Curiosity,Self-reliance,Considerate,2,0,1,0,6
295,Illinois,Conservative,Strongly approve,normal,5b8599ee-b6fb-4572-b308-562f507d9868,36,Male,"$15,000 to $19,999",White,No,"Some college, no degree",Illinois,"Some college, no degree","(34,49]",White,"[0,25)",R,2,2,Republican,26,89,13,13,1,2,100,80,1,1,82,8,2,1,100,100,2,3,3,3.5,1,1,1,1,0,1,Respect for elders,Good manners,Obedience,Considerate,2,3,1,1,7
344,Nevada,Moderate,Somewhat disapprove,noincome,5b859a4f-2ffd-4122-997a-45b8350eb372,72,Male,"$75,000 to $79,999",White,No,Bachelor's degree,Nevada,Bachelor's degree,"(64,96]",White,"[75,100)",I,0,0,Independent,60,60,40,20,50,50,50,50,40,40,50,50,70,70,50,30,1.5,2.5,3.5,1.5,0,0,0,1,1,1,Respect for elders,Good manners,Obedience,Well-behaved,-3,4,0,0,3
179,Maine,Extremely liberal,Strongly disapprove,normal,5b85992c-1df5-47e8-b311-5a165c9d88c0,58,Female,"$35,000 to $39,999",White,No,Associate's degree,Maine,Associate's degree,"(49,64]",White,"[25,50)",D,-1,1,Democrat,1,98,1,1,99,2,1,1,99,1,1,2,99,2,1,2,2,1,1,1,1,1,1,1,1,1,Independence,Curiosity,Self-reliance,Considerate,3,0,1,0,7
271,Michigan,Extremely conservative,Strongly approve,normal,5b8599c1-f120-4bfd-b566-b1cd04183fdb,56,Male,"Less than $14,999",White,No,High school graduate,Michigan,High school graduate,"(49,64]",White,"[0,25)",R,3,3,Republican,78,78,13,14,1,1,100,100,54,63,89,1,8,7,71,53,1.5,3.5,3,3,1,1,1,1,0,1,Respect for elders,Good manners,Obedience,Well-behaved,2,4,1,0,6
249,California,Slightly liberal,Somewhat approve,normal,5b8599a0-1009-41bb-ba93-811f727ef9c5,67,Female,"$125,000 to $149,999",White,No,"Some college, no degree",California,"Some college, no degree","(64,96]",White,"[100,200)",R,3,3,Republican,40,10,70,50,90,20,90,40,100,70,5,2,90,80,40,5,3,2,1,1,1,1,1,1,0,0,Independence,Curiosity,Self-reliance,Considerate,-3,0,1,1,6
221,North Carolina,Slightly conservative,Somewhat approve,normal,5b85996d-5ff1-4875-af95-d6bdef552bd3,61,Female,"$40,000 to $44,999",White,No,High school graduate,North Carolina,High school graduate,"(49,64]",White,"[25,50)",I,0,0,Independent,21,20,50,50,50,50,100,51,0,1,19,0,100,100,53,53,3.5,3,3,1.5,0,0,0,1,0,0,Respect for elders,Good manners,Obedience,Considerate,3,3,0,0,1
463,Wisconsin,Slightly liberal,Strongly disapprove,normal,5b859b33-6a4e-4953-a442-09b25ee5c4ef,35,Female,"$20,000 to $24,999",White,No,High school graduate,Wisconsin,High school graduate,"(34,49]",White,"[0,25)",D,-2,2,Democrat,83,82,7,13,93,40,6,7,80,82,15,7,88,93,4,6,1,1,2,2,1,1,1,1,1,1,Independence,Curiosity,Self-reliance,Considerate,-3,0,1,1,8
461,Hawaii,Slightly liberal,Somewhat approve,normal,5b859b32-b6f0-4903-b79d-84b665cb25c1,67,Female,"$60,000 to $64,999",White,No,High school graduate,Hawaii,High school graduate,"(64,96]",White,"[50,75)",D,-2,2,Democrat,61,88,10,45,51,70,22,14,49,69,85,8,61,61,26,98,2,2,3,4,0,1,1,1,0,1,Independence,Good manners,Self-reliance,Considerate,-3,1,1,1,6
100,Pennsylvania,Slightly conservative,Somewhat disapprove,normal,5b85980f-135e-4a73-9b37-76f586029017,59,Male,"$125,000 to $149,999",White,No,Graduate or professional degree,Pennsylvania,Graduate or professional degree,"(49,64]",White,"[100,200)",D,-2,2,Democrat,71,72,22,22,52,99,81,56,100,99,49,1,50,10,78,50,2,2,1,3,1,0,1,1,0,1,Respect for elders,Good manners,Self-reliance,Well-behaved,-3,3,1,0,5
152,Mississippi,Conservative,Somewhat approve,normal,5b8598f5-8be3-4696-80dc-e2969af1544c,26,Female,"$125,000 to $149,999","Black, or African American",No,Graduate or professional degree,Mississippi,Graduate or professional degree,"[18,34]",Black,"[100,200)",R,3,3,Republican,57,30,41,33,48,77,61,53,2,6,3,97,50,2,47,42,1,2,4,1,1,0,1,1,0,1,Respect for elders,Good manners,Obedience,Well-behaved,2,4,1,0,5
329,Arkansas,Extremely conservative,Strongly disapprove,normal,5b859a3c-16b1-4e26-a79d-3bcbdafc1709,56,Female,"$25,000 to $29,999","Black, or African American",No,Associate's degree,Arkansas,Associate's degree,"(49,64]",Black,"[25,50)",D,-3,3,Democrat,100,100,1,1,0,100,100,100,100,0,100,100,100,100,0,100,1.5,3,2.6666666666666665,2.3333333333333335,1,1,0,1,1,0,Respect for elders,Good manners,Obedience,Well-behaved,3,4,1,0,5
416,Arizona,Slightly conservative,Somewhat approve,normal,5b859ab9-bc5f-4bd0-80a8-f4aa15adf1cb,65,Female,"$65,000 to $69,999",White,No,"Some college, no degree",Arizona,"Some college, no degree","(64,96]",White,"[50,75)",I,0,0,Independent,76,82,1,77,71,10,89,35,1,2,76,11,85,85,31,75,2,3,3,1.5,1,0,0,1,0,0,Respect for elders,Good manners,Obedience,Well-behaved,3,4,1,1,4
277,Minnesota,Moderate,Somewhat approve,normal,5b8599d0-e60c-437b-afaf-004c7313f929,59,Female,"$30,000 to $34,999",White,Yes,High school graduate,Minnesota,High school graduate,"(49,64]",White,"[25,50)",I,0,0,Independent,51,50,28,1,50,50,51,30,76,71,50,10,60,60,50,49,1,3,1,1.5,1,0,0,1,0,0,Respect for elders,Good manners,Obedience,Considerate,-3,3,0,1,3
131,New York,Slightly liberal,Strongly disapprove,normal,5b859892-0e84-4e58-a4cf-a33610871803,61,Female,"$45,000 to $49,999",White,No,Bachelor's degree,New York,Bachelor's degree,"(49,64]",White,"[25,50)",D,-2,2,Democrat,81,72,0,0,81,42,72,1,1,1,52,52,91,91,0,0,1,1,3.5,1.5,1,1,1,1,0,1,Respect for elders,Good manners,Obedience,Well-behaved,3,4,1,1,7
294,Texas,Conservative,Somewhat approve,noincome,5b8599ee-7b1d-42b0-a076-2dc69d591c70,62,Female,"$100,000 to $124,999",White,No,Bachelor's degree,Texas,Bachelor's degree,"(49,64]",White,"[100,200)",R,2,2,Republican,63,72,12,4,5,71,22,21,18,32,75,33,29,39,67,70,2,2,3,4,1,1,1,1,0,1,Respect for elders,Good manners,Self-reliance,Well-behaved,-2,3,1,0,6
275,Oklahoma,Moderate,Somewhat approve,normal,5b8599cb-787a-484a-bc00-e014cb774f36,38,Female,"$35,000 to $39,999",White,No,High school graduate,Oklahoma,High school graduate,"(34,49]",White,"[25,50)",I,0,0,Independent,99,100,4,1,2,51,53,55,100,100,99,3,100,100,4,98,2,4,1.5,1.5,1,0,0,1,0,1,Respect for elders,Good manners,Self-reliance,Considerate,-3,2,1,0,4
335,California,Liberal,Strongly disapprove,normal,5b859a45-a2ff-4813-b5e8-4bdf0508f0cf,63,Female,"$35,000 to $39,999",White,No,Associate's degree,California,Associate's degree,"(49,64]",White,"[25,50)",D,-3,3,Democrat,22,51,1,1,77,100,51,0,2,5,44,97,100,100,3,1,2,2,4,1.5,0,1,1,1,1,1,Respect for elders,Good manners,Self-reliance,Considerate,3,2,1,1,7
278,Alabama,Extremely conservative,Strongly approve,normal,5b8599d3-4ffb-4eaa-bc6d-cd15e1a45016,75,Male,"$45,000 to $49,999",White,No,High school graduate,Alabama,High school graduate,"(64,96]",White,"[25,50)",R,3,3,Republican,50,50,50,48,1,100,91,63,1,0,75,1,87,87,2,1,2,2,3,1.5,1,1,1,1,1,1,Respect for elders,Good manners,Obedience,Well-behaved,-3,4,1,1,8
312,California,Moderate,Strongly disapprove,normal,5b859a19-2b0b-4636-9ace-d203a978dab0,65,Female,"$125,000 to $149,999",White,No,Bachelor's degree,California,Bachelor's degree,"(64,96]",White,"[100,200)",I,0,0,Independent,97,69,0,0,50,53,16,1,49,42,59,4,81,91,1,53,1,2,3,2,1,0,1,1,1,1,Respect for elders,Curiosity,Self-reliance,Considerate,3,1,1,1,7
205,California,Moderate,Somewhat disapprove,normal,5b859951-badf-4a1b-92b2-8560a7cb35e9,56,Female,"$35,000 to $39,999",White,Prefer not to answer,High school graduate,California,High school graduate,"(49,64]",White,"[25,50)",I,0,0,Independent,75,75,2,1,100,100,1,1,51,51,100,1,77,78,52,1,1.5,1.5,3,2,1,0,1,1,0,0,Respect for elders,Good manners,Obedience,Considerate,-3,3,0,1,4
228,Kansas,Slightly conservative,Strongly approve,normal,5b859977-1b1e-4376-b1a0-b0a5fa69d121,70,Female,"$100,000 to $124,999",White,No,Bachelor's degree,Kansas,Bachelor's degree,"(64,96]",White,"[100,200)",I,0,0,Independent,51,81,1,1,1,1,100,51,1,3,1,1,7,4,100,100,2,3,2,3.5,1,1,1,1,1,1,Respect for elders,Good manners,Obedience,Well-behaved,3,4,1,0,7
104,Arkansas,Moderate,Strongly disapprove,normal,5b859817-d6f5-4f9b-b4dc-692e36995a23,22,Female,"$35,000 to $39,999",White,No,High school graduate,Arkansas,High school graduate,"[18,34]",White,"[25,50)",R,2,2,Republican,50,50,25,25,50,50,50,25,50,50,100,0,50,60,50,50,1.5,2,3,2,0,0,0,1,0,1,Respect for elders,Good manners,Obedience,Well-behaved,0,4,1,0,3
341,Illinois,Conservative,Somewhat approve,normal,5b859a4c-da40-40b2-8e07-d7444b40f6ab,61,Female,"$25,000 to $29,999",White,No,High school graduate,Illinois,High school graduate,"(49,64]",White,"[25,50)",R,2,2,Republican,5,40,53,2,0,0,100,77,16,37,83,61,12,11,40,0,3,3,3,3,1,1,1,1,1,1,Respect for elders,Curiosity,Self-reliance,Considerate,2,1,1,1,8
123,Georgia,Extremely conservative,Strongly approve,normal,5b859874-c34c-4795-81c6-5aa1d6406f75,63,Female,"$125,000 to $149,999",Asian *** Filipino,No,Bachelor's degree,Georgia,Bachelor's degree,"(49,64]",Asian or Pacific Islander,"[100,200)",R,3,3,Republican,87,74,1,3,2,89,88,91,80,91,92,7,9,10,97,95,1,4,3,3,1,1,1,1,0,1,Respect for elders,Good manners,Obedience,Well-behaved,-3,4,1,1,7
375,California,Liberal,Strongly disapprove,normal,5b859a79-2ee2-486b-954e-6423e073dac8,61,Female,"$30,000 to $34,999",White,No,High school graduate,California,High school graduate,"(49,64]",White,"[25,50)",D,-3,3,Democrat,80,60,24,21,71,70,11,12,20,19,88,13,79,70,49,48,1,1,3,1,1,0,1,1,1,1,Respect for elders,Curiosity,Self-reliance,Considerate,3,1,1,0,6
244,Pennsylvania,Slightly liberal,Strongly disapprove,normal,5b859993-9c00-4c07-ab2a-8e6416db3730,51,Male,"$60,000 to $64,999",White,No,Graduate or professional degree,Pennsylvania,Graduate or professional degree,"(49,64]",White,"[50,75)",D,-2,2,Democrat,100,100,1,1,1,100,100,1,1,91,49,1,100,100,76,96,1.5,2.5,2,1.5,1,0,0,1,0,1,Respect for elders,Good manners,Obedience,Well-behaved,0,4,1,0,4
415,Florida,Moderate,Somewhat approve,noincome,5b859ab7-1005-4d41-8351-ec8fdfb55ba3,36,Female,"$90,000 to $94,999",White,Prefer not to answer,"Some college, no degree",Florida,"Some college, no degree","(34,49]",White,"[75,100)",R,1,1,Republican,50,52,52,51,1,1,54,55,100,77,26,1,31,100,100,100,2.5,4,1,3,1,0,1,1,1,1,Independence,Curiosity,Self-reliance,Considerate,-2,0,1,0,6
217,Texas,Moderate,Strongly disapprove,noincome,5b859966-6c47-484e-8cab-5220e9156507,25,Female,"$55,000 to $59,999","Black, or African American",No,"Some college, no degree",Texas,"Some college, no degree","[18,34]",Black,"[50,75)",D,-3,3,Democrat,65,80,100,0,81,64,81,90,7,36,36,33,87,73,81,99,3,4,2.5,4,1,1,1,1,1,0,Respect for elders,Curiosity,Obedience,Well-behaved,-2,3,0,1,6
331,California,Slightly conservative,Strongly approve,normal,5b859a3f-da42-4c09-a837-eb55d019639c,67,Male,"$125,000 to $149,999",White,No,Graduate or professional degree,California,Graduate or professional degree,"(64,96]",White,"[100,200)",R,2,2,Republican,5,49,2,3,3,6,98,98,10,7,87,6,65,62,95,96,2,3.5,3,4,1,0,0,1,1,1,Respect for elders,Good manners,Obedience,Well-behaved,0,4,1,0,5
517,Tennessee,Moderate,Somewhat disapprove,noincome,5b859bbb-3dc6-4061-8f02-58fadea07975,65,Male,"$40,000 to $44,999",White,No,High school graduate,Tennessee,High school graduate,"(64,96]",White,"[25,50)",R,2,2,Republican,52,59,23,19,52,48,51,59,36,51,80,24,26,27,52,63,2,4,3,4,1,0,0,1,0,0,Respect for elders,Good manners,Obedience,Considerate,3,3,1,0,3
151,California,Moderate,Somewhat disapprove,normal,5b8598f5-653c-47ed-8270-d65e55045c58,27,Male,"$75,000 to $79,999",White,No,Bachelor's degree,California,Bachelor's degree,"[18,34]",White,"[75,100)",I,0,0,Independent,70,70,20,30,50,80,60,30,19,30,70,50,75,49,30,29,1.5,2,3,1,1,0,1,1,1,1,Respect for elders,Good manners,Obedience,Considerate,2,3,0,1,6
171,Alabama,Slightly conservative,Somewhat approve,normal,5b859921-c2f7-4832-935f-4acd3ebf3043,38,Female,"$45,000 to $49,999",Prefer not to answer,No,High school graduate,Alabama,High school graduate,"(34,49]",Prefer not to answer,"[25,50)",R,2,2,Republican,NA,NA,NA,0,NA,89,82,NA,100,80,60,0,25,25,100,100,NA,NA,1,3.5,1,0,1,1,0,0,Independence,Curiosity,Self-reliance,Considerate,-2,0,1,1,5
293,Missouri,Moderate,Somewhat disapprove,normal,5b8599ed-af7b-4614-ba6e-a7d315eb40a2,79,Female,"$125,000 to $149,999",White,No,High school graduate,Missouri,High school graduate,"(64,96]",White,"[100,200)",I,0,0,Independent,81,80,8,3,98,51,51,26,29,25,58,49,61,47,22,18,1,1,3,1,1,1,1,1,0,1,Respect for elders,Good manners,Obedience,Considerate,-2,3,1,1,7
462,Texas,Moderate,Somewhat approve,noincome,5b859b32-cc4b-486a-8e65-2cf70c7573d0,55,Female,"$65,000 to $69,999",White,Yes,Bachelor's degree,Texas,Bachelor's degree,"(49,64]",White,"[50,75)",R,2,2,Republican,54,54,21,3,52,98,73,51,51,51,52,37,52,52,53,53,1.5,2,3,3.5,1,1,0,1,0,1,Respect for elders,Good manners,Self-reliance,Considerate,2,2,1,0,5
225,Texas,Conservative,Strongly approve,noincome,5b859973-089e-4818-bd1c-b3bdf023bb3c,71,Male,"$100,000 to $124,999",White,No,Bachelor's degree,Texas,Bachelor's degree,"(64,96]",White,"[100,200)",R,3,3,Republican,3,100,4,3,3,3,100,99,4,5,98,3,3,98,96,99,2,3,3,4,1,0,0,1,0,1,Respect for elders,Good manners,Self-reliance,Well-behaved,-3,3,0,0,3
454,Illinois,Moderate,Somewhat approve,normal,5b859b15-fe01-49c0-b1f3-7dccd4e0af30,68,Male,"$55,000 to $59,999",Asian *** Vietnamese,No,Bachelor's degree,Illinois,Bachelor's degree,"(64,96]",Asian or Pacific Islander,"[50,75)",R,2,2,Republican,2,50,3,3,3,100,11,2,98,99,3,2,52,33,68,98,2,2,2,4,1,0,0,1,0,1,Respect for elders,Good manners,Self-reliance,Considerate,2,2,1,0,4
273,South Carolina,Extremely conservative,Somewhat approve,normal,5b8599c5-8e17-451e-b1cf-b326a2a34392,53,Female,"$60,000 to $64,999",White,No,Bachelor's degree,South Carolina,Bachelor's degree,"(49,64]",White,"[50,75)",R,3,3,Republican,100,83,1,1,1,1,100,62,1,1,100,0,100,100,84,49,1,3,3,1.5,1,0,0,1,0,1,Respect for elders,Good manners,Obedience,Well-behaved,-2,4,1,0,4
349,California,Extremely liberal,Strongly disapprove,normal,5b859a52-aa62-48c3-9e76-c26bd0764c89,58,Male,"$55,000 to $59,999",White,No,Graduate or professional degree,California,Graduate or professional degree,"(49,64]",White,"[50,75)",D,-3,3,Democrat,100,0,0,0,100,100,0,0,50,49,21,0,89,71,82,0,1,1.5,1,1,1,1,0,1,0,1,Independence,Curiosity,Self-reliance,Considerate,-3,0,1,1,6
453,Tennessee,Liberal,Strongly disapprove,noincome,5b859b14-dc9c-42ea-ab96-626bcf13fa6b,70,Male,"$50,000 to $54,999",White,No,Bachelor's degree,Tennessee,Bachelor's degree,"(64,96]",White,"[50,75)",D,-3,3,Democrat,100,71,0,0,60,71,20,8,100,0,0,0,40,62,70,41,1,2,1,3,1,1,1,1,0,1,Respect for elders,Curiosity,Obedience,Considerate,3,2,1,1,7
153,Pennsylvania,Extremely conservative,Strongly approve,normal,5b8598f6-857f-4032-aeb1-dbad12071175,44,Female,"$70,000 to $74,999",White,Yes,High school graduate,Pennsylvania,High school graduate,"(34,49]",White,"[50,75)",R,3,3,Republican,0,0,0,0,0,0,100,100,0,0,10,100,0,0,30,5,2.5,3.5,4,3,0,1,1,1,0,1,Respect for elders,Good manners,Obedience,Well-behaved,2,4,1,1,6
414,Ohio,Slightly liberal,Strongly disapprove,normal,5b859ab3-c61a-471b-9c89-8491450a3a20,65,Female,"$75,000 to $79,999",White,No,Bachelor's degree,Ohio,Bachelor's degree,"(64,96]",White,"[75,100)",I,0,0,Independent,28,18,2,2,11,84,25,4,2,6,46,3,28,75,4,0,1,2,3,2,0,1,1,1,1,1,Independence,Curiosity,Self-reliance,Considerate,3,0,1,1,7
404,California,Liberal,Strongly disapprove,normal,5b859aa7-c566-4c60-bd93-e027afa428f6,54,Male,"$125,000 to $149,999",White,No,Bachelor's degree,California,Bachelor's degree,"(49,64]",White,"[100,200)",D,-3,3,Democrat,100,100,0,0,99,99,1,1,98,75,21,0,100,100,18,2,1.5,1.5,1,1.5,1,1,1,1,1,1,Respect for elders,Curiosity,Self-reliance,Considerate,3,1,1,1,8
211,Florida,Moderate,Somewhat approve,noincome,5b85995a-3e3b-41e6-a8bc-06e62e02fe9b,48,Female,"$20,000 to $24,999",White,No,High school graduate,Florida,High school graduate,"(34,49]",White,"[0,25)",R,2,2,Republican,75,75,23,2,1,1,100,46,100,100,1,1,100,100,100,100,1.5,3,1.5,2.5,1,0,1,1,0,1,Respect for elders,Good manners,Obedience,Well-behaved,-3,4,1,1,6
431,California,Liberal,Somewhat disapprove,normal,5b859ae0-6439-4afb-810f-9e52ba5e91e1,25,Female,"$60,000 to $64,999",White,No,High school graduate,California,High school graduate,"[18,34]",White,"[50,75)",I,0,0,Independent,42,86,3,2,40,92,2,5,49,77,1,1,100,100,4,19,2,2,2,1.5,1,1,1,1,0,1,Independence,Good manners,Self-reliance,Considerate,-2,1,1,1,7
516,Pennsylvania,Liberal,Strongly disapprove,normal,5b859bba-9de5-43a1-83b4-de103d60eb48,57,Female,"$35,000 to $39,999",White,No,High school graduate,Pennsylvania,High school graduate,"(49,64]",White,"[25,50)",I,0,0,Independent,91,92,1,1,2,51,51,24,9,100,99,1,81,68,51,31,2,2.5,2,1,1,1,1,1,0,1,Respect for elders,Good manners,Self-reliance,Considerate,1,2,1,1,7
313,South Carolina,Conservative,Strongly disapprove,normal,5b859a1a-5bfe-4f4a-b75c-b80e72fb7856,73,Female,"$30,000 to $34,999",White,No,"Some college, no degree",South Carolina,"Some college, no degree","(64,96]",White,"[25,50)",R,3,3,Republican,100,100,0,0,0,0,100,0,0,100,0,0,100,100,1,0,1.5,3,2,1.5,1,1,1,1,0,1,Respect for elders,Good manners,Obedience,Well-behaved,3,4,1,1,7
493,New York,Moderate,Somewhat disapprove,normal,5b859b81-6b8b-47ce-86fe-877a6cbd2a73,31,Female,"$15,000 to $19,999",White,No,Associate's degree,New York,Associate's degree,"[18,34]",White,"[0,25)",R,1,1,Republican,65,38,68,19,28,53,55,45,71,53,82,38,53,73,49,60,3,3,3,2,0,0,0,1,0,1,Respect for elders,Good manners,Self-reliance,Considerate,0,2,1,0,3
470,California,Liberal,Strongly disapprove,normal,5b859b43-6c8e-4e35-b6d4-a7331c83cda4,39,Female,"$20,000 to $24,999",White,No,High school graduate,California,High school graduate,"(34,49]",White,"[0,25)",D,-3,3,Democrat,43,68,8,6,71,83,31,10,7,56,27,1,39,29,67,9,2,2,2,3,1,1,1,1,1,1,Independence,Curiosity,Self-reliance,Considerate,2,0,1,1,8
280,Ohio,Moderate,Somewhat approve,normal,5b8599d6-0ade-4d7a-a225-b7d04619c5eb,64,Female,"$30,000 to $34,999","Black, or African American",No,"Some college, no degree",Ohio,"Some college, no degree","(49,64]",Black,"[25,50)",I,0,0,Independent,50,50,50,50,50,50,50,50,50,50,50,50,50,50,50,50,2.5,2.5,2.5,2.5,1,0,0,1,0,1,Respect for elders,Good manners,Obedience,Well-behaved,-2,4,1,0,4
521,Texas,Moderate,Somewhat approve,noincome,5b859bdd-9a31-4d10-8b4a-3d54a9002097,38,Male,Prefer not to answer,Prefer not to answer,Prefer not to answer,Graduate or professional degree,Texas,Graduate or professional degree,"(34,49]",Prefer not to answer,NA,I,0,0,Independent,63,74,32,36,61,75,49,62,15,15,60,85,53,69,34,34,2,2,4,2,1,1,0,1,0,0,Respect for elders,Good manners,Obedience,Well-behaved,3,4,0,0,3
511,Tennessee,Conservative,Somewhat approve,noincome,5b859baa-5b02-42d4-8cb4-44de801495dd,37,Male,"$50,000 to $54,999",White,No,High school graduate,Tennessee,High school graduate,"(34,49]",White,"[50,75)",R,3,3,Republican,7,31,4,7,19,52,86,15,1,1,1,100,81,81,100,100,2,3,4,3.5,0,0,0,0,0,1,Independence,Good manners,Self-reliance,Considerate,-1,1,0,0,1
418,Michigan,Moderate,Strongly disapprove,normal,5b859abf-fe28-4ca7-9fae-562990e59ad4,58,Female,"$40,000 to $44,999",White,No,Associate's degree,Michigan,Associate's degree,"(49,64]",White,"[25,50)",R,1,1,Republican,74,55,2,2,72,82,61,28,75,59,42,5,77,61,26,30,1,2,1,1,1,1,1,1,1,1,Independence,Curiosity,Self-reliance,Considerate,2,0,1,0,7
352,Indiana,Slightly liberal,Strongly disapprove,normal,5b859a53-c002-4156-b2e8-689c6ac50181,74,Female,"$100,000 to $124,999",White,No,High school graduate,Indiana,High school graduate,"(64,96]",White,"[100,200)",D,-2,2,Democrat,60,78,3,1,50,34,97,21,11,8,64,5,74,82,35,58,2,3,3,2,1,0,0,1,0,1,Respect for elders,Curiosity,Self-reliance,Considerate,3,1,0,1,4
374,Arizona,Conservative,Strongly approve,normal,5b859a76-ad62-4173-8f67-59d604ff7bba,86,Female,"$80,000 to $84,999",White,No,High school graduate,Arizona,High school graduate,"(64,96]",White,"[75,100)",R,3,3,Republican,22,23,24,36,3,10,95,92,3,36,63,25,21,20,67,92,4,3,3,4,0,1,1,1,0,1,Respect for elders,Good manners,Obedience,Considerate,3,3,1,1,6
296,Virginia,Moderate,Strongly disapprove,normal,5b8599f7-9f66-4cfc-b50b-288530db04d5,67,Female,"Less than $14,999",White,No,Bachelor's degree,Virginia,Bachelor's degree,"(64,96]",White,"[0,25)",R,2,2,Republican,41,32,31,34,51,80,49,48,98,50,49,3,81,91,61,61,1,2,1,2,1,1,1,1,0,1,Respect for elders,Good manners,Obedience,Well-behaved,2,4,1,1,7
348,New York,Slightly conservative,Somewhat approve,normal,5b859a52-9f58-466b-9d6d-667635d80f7f,22,Female,"$65,000 to $69,999",White,No,Graduate or professional degree,New York,Graduate or professional degree,"[18,34]",White,"[50,75)",R,3,3,Republican,35,47,58,64,38,51,57,63,57,57,45,62,38,50,54,62,4,4,4,4,1,0,1,1,0,1,Independence,Good manners,Obedience,Well-behaved,-2,3,1,0,5
362,North Carolina,Slightly conservative,Strongly disapprove,normal,5b859a63-aba1-48ef-8d80-8c0c2db472da,58,Male,"$250,000 and above",White,No,Graduate or professional degree,North Carolina,Graduate or professional degree,"(49,64]",White,NA,I,0,0,Independent,53,51,53,53,74,52,51,25,51,76,52,2,70,70,100,53,2.6666666666666665,1,2,3,0,0,0,1,0,1,Independence,Good manners,Self-reliance,Well-behaved,0,2,0,0,2
435,Ohio,Slightly conservative,Somewhat disapprove,normal,5b859ae7-f8a9-4c1f-a299-42dc589e14e3,68,Male,Prefer not to answer,White,No,Did not complete high school,Ohio,Did not complete high school,"(64,96]",White,NA,D,-2,2,Democrat,53,53,20,22,23,100,100,98,1,1,78,29,71,71,66,75,1.5,2.5,3,4,1,0,0,1,0,0,Respect for elders,Good manners,Obedience,Well-behaved,-2,4,1,0,3
207,Oklahoma,Extremely conservative,Strongly approve,normal,5b859955-d28a-4729-ab63-dff2169037c6,57,Female,"$40,000 to $44,999",Prefer not to answer,Prefer not to answer,Graduate or professional degree,Oklahoma,Graduate or professional degree,"(49,64]",Prefer not to answer,"[25,50)",R,3,3,Republican,34,60,30,23,19,25,80,37,1,1,62,3,87,56,74,90,2,3,3,4,1,1,1,1,0,1,Respect for elders,Good manners,Obedience,Well-behaved,3,4,1,0,6
208,Pennsylvania,Conservative,Somewhat disapprove,normal,5b859955-d5a3-4a1a-b307-bc747e4ffc8b,47,Male,"$15,000 to $19,999",White,No,Bachelor's degree,Pennsylvania,Bachelor's degree,"(34,49]",White,"[0,25)",R,2,2,Republican,11,20,51,44,11,71,98,98,81,91,51,4,81,87,52,44,3,3.5,2,2,1,0,1,1,0,1,Respect for elders,Good manners,Self-reliance,Well-behaved,-2,3,1,0,5
487,Washington,Moderate,Strongly disapprove,noincome,5b859b74-4242-4bc4-b77b-69e08d67762c,60,Male,"$100,000 to $124,999",White,No,Bachelor's degree,Washington,Bachelor's degree,"(49,64]",White,"[100,200)",I,0,0,Independent,50,50,50,50,50,50,50,50,50,50,50,50,72,73,73,73,2.5,2.5,2.5,3,0,1,1,1,1,1,Respect for elders,Good manners,Self-reliance,Considerate,0,2,1,0,6
241,Kentucky,Conservative,Strongly disapprove,normal,5b859990-fac7-494e-9307-603ebec26edc,77,Female,"Less than $14,999",White,No,Graduate or professional degree,Kentucky,Graduate or professional degree,"(64,96]",White,"[0,25)",D,-3,3,Democrat,69,72,18,18,70,75,72,72,1,1,74,1,70,71,81,72,2,2,3,3,0,0,0,1,0,1,Respect for elders,Good manners,Obedience,Well-behaved,3,4,1,0,3
263,Arizona,Moderate,Strongly disapprove,normal,5b8599b9-9dda-471e-be72-575e8938af6d,74,Male,"$60,000 to $64,999",White,No,High school graduate,Arizona,High school graduate,"(64,96]",White,"[50,75)",I,0,0,Independent,80,98,2,2,89,100,80,1,21,81,83,48,91,99,66,59,2,2,3,2,1,1,1,1,0,1,Respect for elders,Good manners,Self-reliance,Considerate,-2,2,1,1,7
386,Texas,Conservative,Somewhat approve,noincome,5b859a8c-081d-415e-b3ed-5c4f22e1384c,74,Female,"$25,000 to $29,999",White,Yes,"Some college, no degree",Texas,"Some college, no degree","(64,96]",White,"[25,50)",R,2,2,Republican,73,100,2,2,58,96,97,63,3,5,12,5,58,57,11,10,2,3,3,1,0,0,0,1,0,1,Respect for elders,Good manners,Obedience,Well-behaved,2,4,1,0,3
283,Illinois,Liberal,Somewhat approve,normal,5b8599d8-4a52-4abf-9146-5cd8fd39f379,41,Female,"$55,000 to $59,999",White,No,Graduate or professional degree,Illinois,Graduate or professional degree,"(34,49]",White,"[50,75)",D,-2,2,Democrat,2,70,2,2,20,53,85,47,3,4,49,3,51,47,1,53,2,3,3,4,1,1,1,1,0,0,Respect for elders,Good manners,Obedience,Well-behaved,-3,4,0,1,5
520,Washington,Moderate,Somewhat disapprove,noincome,5b859bdc-8e95-4308-a592-1196884fc068,31,Female,"Less than $14,999",White,No,"Some college, no degree",Washington,"Some college, no degree","[18,34]",White,"[0,25)",I,0,0,Independent,58,55,52,52,55,51,52,51,52,52,53,55,51,48,73,51,1,1,4,3,1,0,0,1,0,0,Respect for elders,Good manners,Obedience,Well-behaved,0,4,1,1,4
324,Georgia,Conservative,Strongly approve,normal,5b859a2d-117a-4479-81df-62a3ef8eca16,69,Female,"$75,000 to $79,999",Some other race,Prefer not to answer,Bachelor's degree,Georgia,Bachelor's degree,"(64,96]",Other,"[75,100)",R,2,2,Republican,40,60,50,40,11,10,10,20,60,60,40,60,50,50,80,99,2,4,2.3333333333333335,4,1,1,1,1,0,1,Respect for elders,Curiosity,Self-reliance,Considerate,-3,1,1,0,6
423,Pennsylvania,Conservative,Somewhat approve,normal,5b859acc-23f7-4d85-bf0e-22e6bc740d82,70,Female,"$20,000 to $24,999",White,No,"Some college, no degree",Pennsylvania,"Some college, no degree","(64,96]",White,"[0,25)",R,2,2,Republican,9,4,10,23,2,98,99,55,1,1,1,100,25,29,8,1,4,3,4,2,1,0,1,1,0,1,Respect for elders,Good manners,Obedience,Considerate,2,3,1,1,6
397,Texas,Liberal,Strongly disapprove,noincome,5b859a97-817e-45d3-a2d9-23f323686f91,78,Female,"$50,000 to $54,999",White,No,Graduate or professional degree,Texas,Graduate or professional degree,"(64,96]",White,"[50,75)",D,-1,1,Democrat,85,92,8,9,7,5,99,7,11,10,100,6,86,92,66,89,2,3,3,2,0,1,0,1,0,1,Respect for elders,Good manners,Self-reliance,Considerate,3,2,1,0,4
413,West Virginia,Conservative,Somewhat approve,normal,5b859ab2-d5ac-4eb9-abe7-52db7624261d,60,Female,"$35,000 to $39,999",Some other race,Yes,"Some college, no degree",West Virginia,"Some college, no degree","(49,64]",Other,"[25,50)",R,3,3,Republican,52,51,50,51,92,91,93,92,1,1,49,1,51,49,34,32,1,3,3,1,0,1,1,1,0,1,Respect for elders,Good manners,Self-reliance,Well-behaved,3,3,1,0,5
393,Indiana,Conservative,Strongly approve,normal,5b859a94-9676-4722-b847-9755dad9246b,59,Female,"$45,000 to $49,999",White,No,High school graduate,Indiana,High school graduate,"(49,64]",White,"[25,50)",R,2,2,Republican,31,27,2,3,0,0,100,100,50,50,36,10,90,90,40,100,1,3.5,1.5,4,1,1,1,1,0,1,Respect for elders,Good manners,Self-reliance,Considerate,-2,2,1,1,7
267,Ohio,Liberal,Strongly disapprove,normal,5b8599bf-e3dc-468a-b32c-31608ced1cd5,62,Male,"$125,000 to $149,999",White,No,Graduate or professional degree,Ohio,Graduate or professional degree,"(49,64]",White,"[100,200)",D,-2,2,Democrat,67,100,1,2,32,87,68,33,36,70,47,2,83,83,66,16,2,2,2,1.5,1,1,1,1,0,1,Respect for elders,Good manners,Self-reliance,Considerate,3,2,1,0,6
551,Maryland,Moderate,Strongly approve,normal,5b859c94-92ff-469b-8365-e7db9e0453e7,40,Male,"$85,000 to $89,999",White,Yes,Associate's degree,Maryland,Associate's degree,"(34,49]",White,"[75,100)",D,-3,3,Democrat,89,90,91,85,47,58,70,80,89,86,77,86,75,81,90,84,3,4,1,3,1,1,0,1,1,1,Respect for elders,Curiosity,Self-reliance,Considerate,-3,1,1,0,6
234,Connecticut,Conservative,Strongly approve,normal,5b859983-fc82-4112-90d3-d4c059a55448,30,Male,"$50,000 to $54,999",White,No,"Some college, no degree",Connecticut,"Some college, no degree","[18,34]",White,"[50,75)",R,1,1,Republican,97,98,94,95,100,100,99,98,95,95,93,94,100,100,100,100,2,1.5,1.5,2.5,1,0,1,1,0,1,Respect for elders,Good manners,Obedience,Well-behaved,3,4,0,1,5
122,Texas,Slightly conservative,Strongly approve,noincome,5b859873-f3aa-45cc-8d89-e4b4befd50d0,53,Female,"$30,000 to $34,999",White,No,Bachelor's degree,Texas,Bachelor's degree,"(49,64]",White,"[25,50)",R,2,2,Republican,72,49,10,1,2,12,92,37,1,1,92,2,6,6,57,51,1,3,3,3,1,1,1,1,1,1,Respect for elders,Good manners,Self-reliance,Considerate,-2,2,1,1,8
342,Florida,Liberal,Strongly disapprove,noincome,5b859a4d-516a-4730-acdc-98a37bbe351e,49,Female,"$70,000 to $74,999",White,No,"Some college, no degree",Florida,"Some college, no degree","(34,49]",White,"[50,75)",D,-3,3,Democrat,80,80,5,5,49,48,89,0,99,49,9,1,92,92,31,31,1.5,3,1,1.5,1,1,0,1,0,1,Independence,Good manners,Self-reliance,Considerate,3,1,1,1,6
485,Tennessee,Slightly liberal,Strongly disapprove,noincome,5b859b72-7fcd-4548-bb9d-8992a398ef35,33,Male,"$100,000 to $124,999",White,No,Bachelor's degree,Tennessee,Bachelor's degree,"[18,34]",White,"[100,200)",D,-2,2,Democrat,100,100,3,3,9,100,100,100,100,53,53,100,47,43,100,100,1.5,3,2.5,3.5,0,0,0,0,1,1,Respect for elders,Good manners,Obedience,Well-behaved,0,4,1,1,4
253,New Jersey,Liberal,Strongly disapprove,normal,5b8599a6-2efe-46bb-81bc-56bf537d8c24,58,Female,"$90,000 to $94,999",White,No,Bachelor's degree,New Jersey,Bachelor's degree,"(49,64]",White,"[75,100)",D,-3,3,Democrat,76,84,12,8,89,32,53,9,100,67,50,1,94,91,79,16,2,1,1,1,1,0,0,1,0,0,Respect for elders,Good manners,Obedience,Considerate,-2,3,1,0,3
388,North Carolina,Conservative,Strongly approve,normal,5b859a8f-45b0-4b47-ad41-8f9eab9b485f,62,Male,"$30,000 to $34,999",White,No,High school graduate,North Carolina,High school graduate,"(49,64]",White,"[25,50)",R,3,3,Republican,0,0,0,51,0,0,100,67,100,100,3,1,60,100,25,24,4,3,1.5,2,0,0,1,1,0,1,Respect for elders,Good manners,Self-reliance,Considerate,3,2,1,0,4
492,Texas,Extremely conservative,Strongly approve,noincome,5b859b7f-8cbd-4afa-8c9f-515cce4a0557,51,Male,Prefer not to answer,White,No,"Some college, no degree",Texas,"Some college, no degree","(49,64]",White,NA,R,3,3,Republican,1,1,100,100,1,1,100,80,1,1,1,100,1,1,100,100,3.5,3,4,3.5,1,1,1,1,0,1,Respect for elders,Good manners,Obedience,Well-behaved,3,4,1,1,7
NA,Florida,Slightly liberal,Strongly disapprove,noincome,5b859a6f-6b0f-4cb3-ab74-5578a169bed7,64,Female,"$25,000 to $29,999",Asian *** Chinese,No,Bachelor's degree,Florida,Bachelor's degree,"(49,64]",Asian or Pacific Islander,"[25,50)",D,-2,2,Democrat,60,62,26,15,17,24,56,59,61,80,39,6,70,74,33,26,2,4,2,2,1,1,1,1,1,1,Respect for elders,Good manners,Obedience,Well-behaved,-1,4,1,1,8
338,Tennessee,Slightly conservative,Somewhat approve,noincome,5b859a48-1e95-4f58-8d70-b1ca57654710,61,Female,Prefer not to answer,White,No,Graduate or professional degree,Tennessee,Graduate or professional degree,"(49,64]",White,NA,D,-2,2,Democrat,73,55,7,6,28,29,74,51,66,50,51,12,80,79,92,67,1,3,1,3,1,0,0,1,0,1,Respect for elders,Good manners,Self-reliance,Considerate,-3,2,1,0,4
298,Florida,Moderate,Somewhat disapprove,noincome,5b8599f9-e9f3-4a3d-b808-27200810ae64,78,Female,"$80,000 to $84,999",White,No,Bachelor's degree,Florida,Bachelor's degree,"(64,96]",White,"[75,100)",I,0,0,Independent,61,61,38,37,50,69,37,66,35,35,67,35,50,50,34,34,1.5,2,3,1.5,0,0,0,0,0,1,Respect for elders,Curiosity,Self-reliance,Well-behaved,0,2,0,0,1
452,Minnesota,Extremely liberal,Somewhat disapprove,normal,5b859b13-98b0-44f3-a203-a5d21439f6c8,57,Male,"$50,000 to $54,999",White,No,Bachelor's degree,Minnesota,Bachelor's degree,"(49,64]",White,"[50,75)",D,-3,3,Democrat,82,99,4,3,69,74,72,74,100,84,6,6,81,81,77,95,2,3,1,4,1,0,1,1,0,1,Independence,Good manners,Self-reliance,Considerate,-2,1,1,0,5
332,Wisconsin,Liberal,Strongly disapprove,normal,5b859a43-0784-459b-bbf3-2641f3eb7b0d,63,Female,"$100,000 to $124,999",White,No,Bachelor's degree,Wisconsin,Bachelor's degree,"(49,64]",White,"[100,200)",D,-3,3,Democrat,100,100,0,0,88,96,1,1,10,76,51,1,100,100,1,1,1.5,2,2,1.5,1,1,1,1,0,1,Independence,Curiosity,Self-reliance,Considerate,3,0,1,1,7
507,New Jersey,Conservative,Somewhat approve,normal,5b859ba5-d6c0-4c74-b7c9-81c191d8094a,64,Male,"$250,000 and above",White,No,Graduate or professional degree,New Jersey,Graduate or professional degree,"(49,64]",White,NA,R,1,1,Republican,30,50,0,0,1,100,100,62,2,2,71,2,2,1,100,76,2,2.5,3,3,1,1,1,1,1,1,Respect for elders,Good manners,Self-reliance,Considerate,2,2,1,1,8
409,Ohio,Moderate,Strongly approve,normal,5b859aac-f1f6-44f1-8827-b74891d85fe7,71,Male,"$25,000 to $29,999",White,No,High school graduate,Ohio,High school graduate,"(64,96]",White,"[25,50)",R,1,1,Republican,67,68,84,48,7,23,97,91,6,8,91,7,88,84,39,82,3,3,3,1,0,0,0,1,0,1,Respect for elders,Good manners,Self-reliance,Well-behaved,3,3,0,0,2
447,Connecticut,Liberal,Strongly disapprove,normal,5b859b0a-d227-474c-9e18-fe5ca064a233,62,Female,"$15,000 to $19,999",White,No,Associate's degree,Connecticut,Associate's degree,"(49,64]",White,"[0,25)",D,-2,2,Democrat,62,52,5,1,81,82,2,1,62,80,19,1,65,65,53,51,1,2,2,1.5,1,1,1,1,1,1,Independence,Curiosity,Self-reliance,Considerate,-3,0,1,1,8
459,Florida,Conservative,Strongly approve,noincome,5b859b30-b33c-49f6-9620-1b699bad26b6,71,Female,"$65,000 to $69,999",White,No,"Some college, no degree",Florida,"Some college, no degree","(64,96]",White,"[50,75)",R,3,3,Republican,60,74,5,4,1,1,95,96,37,33,92,31,20,19,81,86,2,4,3,4,1,1,1,1,1,1,Respect for elders,Good manners,Obedience,Well-behaved,3,4,1,1,8
403,Arizona,Slightly conservative,Strongly approve,normal,5b859aa3-09d7-4293-a9e8-1a213e7fcc5a,57,Female,"$100,000 to $124,999",White,No,Graduate or professional degree,Arizona,Graduate or professional degree,"(49,64]",White,"[100,200)",R,2,2,Republican,51,57,15,2,1,100,100,2,90,60,2,1,1,1,1,74,2,2.5,1,4,1,1,1,1,0,1,Independence,Curiosity,Self-reliance,Considerate,0,0,1,0,6
182,Texas,Moderate,Strongly disapprove,noincome,5b85992e-af2b-483c-964e-e09dea3e263e,59,Male,"$60,000 to $64,999",White,No,Associate's degree,Texas,Associate's degree,"(49,64]",White,"[50,75)",D,-2,2,Democrat,98,97,1,1,50,50,49,1,99,100,1,0,1,1,1,1,1,1.5,2,2.5,1,0,1,1,1,1,Independence,Curiosity,Self-reliance,Considerate,-2,0,1,0,6
443,North Carolina,Moderate,Strongly disapprove,normal,5b859b01-e161-4cd7-aa32-420ca995a678,62,Male,"$45,000 to $49,999",White,No,Bachelor's degree,North Carolina,Bachelor's degree,"(49,64]",White,"[25,50)",D,-1,1,Democrat,65,65,2,1,32,32,5,1,21,22,20,2,36,36,89,99,1.5,1.5,2,4,1,1,1,1,0,1,Independence,Good manners,Self-reliance,Considerate,0,1,1,1,7
202,California,Liberal,Somewhat disapprove,normal,5b85994c-085f-4ea1-b0a8-21aefc81c629,22,Female,"$75,000 to $79,999",Asian *** Chinese,No,Bachelor's degree,California,Bachelor's degree,"[18,34]",Asian or Pacific Islander,"[75,100)",R,1,1,Republican,100,60,0,0,31,87,9,0,100,50,0,0,11,10,0,0,1,2,1,1,0,0,0,1,0,1,Independence,Good manners,Self-reliance,Considerate,3,1,1,0,3
408,Alabama,Extremely liberal,Somewhat disapprove,normal,5b859aac-b13f-4da9-bc8f-098b661bf14b,29,Male,"$30,000 to $34,999",Asian *** Chinese,No,Graduate or professional degree,Alabama,Graduate or professional degree,"[18,34]",Asian or Pacific Islander,"[25,50)",D,-3,3,Democrat,90,80,88,75,81,70,78,76,100,80,82,1,85,84,83,100,1,1,1,4,0,0,0,0,0,1,Respect for elders,Good manners,Self-reliance,Considerate,0,2,1,0,2
147,Arkansas,Moderate,Strongly disapprove,normal,5b8598e6-9c53-441a-99a3-f6f2a806b2d3,56,Female,"$45,000 to $49,999",White,No,Bachelor's degree,Arkansas,Bachelor's degree,"(49,64]",White,"[25,50)",D,-2,2,Democrat,92,24,1,2,26,94,3,5,5,95,95,3,100,89,53,3,1,2,2.5,1,1,0,0,1,0,1,Respect for elders,Good manners,Obedience,Well-behaved,2,4,1,0,4
257,North Carolina,Liberal,Strongly disapprove,normal,5b8599a9-a136-49c1-be57-d36b6a4b7597,43,Male,"$75,000 to $79,999",White,No,Did not complete high school,North Carolina,Did not complete high school,"(34,49]",White,"[75,100)",D,-3,3,Democrat,76,76,2,2,27,78,27,28,100,51,27,2,100,100,52,71,1.5,2,1,1.5,1,0,1,1,0,1,Independence,Curiosity,Self-reliance,Considerate,-2,0,1,0,5
387,Georgia,Slightly conservative,Strongly disapprove,normal,5b859a8c-5c4e-46dd-b2a9-7e9f08273fab,34,Male,"$60,000 to $64,999",White,No,Graduate or professional degree,Georgia,Graduate or professional degree,"[18,34]",White,"[50,75)",R,1,1,Republican,70,51,8,7,7,27,58,17,27,77,7,3,69,61,31,14,1,3,2,1,1,0,1,1,1,1,Respect for elders,Curiosity,Self-reliance,Well-behaved,2,2,1,1,7
392,Illinois,Liberal,Strongly disapprove,normal,5b859a93-f7d6-4c88-9638-685bd6f624af,31,Male,"$50,000 to $54,999",White,Yes,Associate's degree,Illinois,Associate's degree,"[18,34]",White,"[50,75)",D,-3,3,Democrat,100,100,0,0,100,69,0,0,80,100,0,0,50,100,0,0,1.5,1,2,2,1,0,1,1,0,1,Respect for elders,Good manners,Self-reliance,Considerate,-2,2,1,0,5
421,New Hampshire,Moderate,Somewhat approve,"noincome,nosales",5b859ac4-4c0c-4e32-a6b9-0ac49a33fa4b,62,Female,"$50,000 to $54,999",White,No,Bachelor's degree,New Hampshire,Bachelor's degree,"(49,64]",White,"[50,75)",I,0,0,Independent,60,60,3,1,3,2,98,49,73,50,20,1,20,21,50,2,1.5,3,1,3,1,1,1,1,1,1,Respect for elders,Curiosity,Self-reliance,Considerate,-2,1,1,0,7
394,Maine,Moderate,Strongly disapprove,normal,5b859a95-5df0-47c8-ab11-1242439dc82e,62,Male,"$60,000 to $64,999",Asian *** Filipino,No,"Some college, no degree",Maine,"Some college, no degree","(49,64]",Asian or Pacific Islander,"[50,75)",I,0,0,Independent,81,81,2,1,1,100,100,22,0,0,1,100,91,91,1,0,1.5,2.5,4,1.5,0,0,1,1,0,1,Independence,Curiosity,Self-reliance,Considerate,-3,0,1,1,5
427,Massachusetts,Liberal,Strongly disapprove,normal,5b859ad8-fa31-4c8e-9b9c-481986c79a09,81,Male,"$95,000 to $99,999",White,No,Bachelor's degree,Massachusetts,Bachelor's degree,"(64,96]",White,"[75,100)",D,-1,1,Democrat,100,21,1,1,100,100,1,1,1,100,1,1,9,100,0,0,1,1.5,2,2,1,1,1,1,1,1,Independence,Good manners,Self-reliance,Considerate,3,1,1,1,8
290,Texas,Moderate,Somewhat approve,noincome,5b8599e5-6c3e-4001-9b06-b98502e09600,30,Female,"$15,000 to $19,999",White,No,Bachelor's degree,Texas,Bachelor's degree,"[18,34]",White,"[0,25)",R,2,2,Republican,95,100,0,0,80,90,5,0,30,95,50,95,75,75,50,30,2,2,3,1.5,1,1,0,1,0,1,Independence,Curiosity,Self-reliance,Well-behaved,3,1,1,1,6
369,Connecticut,Moderate,Strongly disapprove,normal,5b859a6e-3c07-411c-8e3d-4d8053cf6462,77,Male,"$50,000 to $54,999",White,No,Bachelor's degree,Connecticut,Bachelor's degree,"(64,96]",White,"[50,75)",D,-1,1,Democrat,70,79,12,0,30,80,28,49,1,1,80,0,50,79,29,80,2,2,3,4,1,0,0,1,1,1,Respect for elders,Curiosity,Self-reliance,Considerate,-2,1,1,0,5
505,Alabama,Conservative,Strongly approve,normal,5b859ba1-ab5e-4922-98ba-9073d791e493,31,Male,"$60,000 to $64,999",White,No,Bachelor's degree,Alabama,Bachelor's degree,"[18,34]",White,"[50,75)",R,2,2,Republican,65,69,60,47,9,9,66,84,100,55,69,8,40,42,47,42,2,4,1,3,1,1,1,1,0,1,Respect for elders,Good manners,Obedience,Well-behaved,2,4,1,0,6
390,North Dakota,Extremely conservative,Strongly approve,normal,5b859a92-7e52-4e57-98fb-7e7a638dff6c,63,Female,Prefer not to answer,White,No,High school graduate,North Dakota,High school graduate,"(49,64]",White,NA,R,1,1,Republican,40,22,52,51,2,98,92,63,3,3,83,18,14,13,60,30,3,2,3,3,1,1,1,1,1,1,Respect for elders,Good manners,Obedience,Considerate,3,3,1,1,8
480,California,Extremely conservative,Somewhat approve,normal,5b859b63-8da3-4e89-8361-5a509043a61e,65,Female,"$35,000 to $39,999",White,No,High school graduate,California,High school graduate,"(64,96]",White,"[25,50)",R,2,2,Republican,4,2,98,97,1,1,100,47,45,92,28,1,1,1,99,100,3,3,2,4,0,0,1,1,0,1,Independence,Curiosity,Self-reliance,Considerate,3,0,1,0,4
218,California,Slightly conservative,Somewhat approve,normal,5b85996a-0a56-4ad8-b3ef-66f9819125e2,50,Male,Prefer not to answer,"Black, or African American",No,Did not complete high school,California,Did not complete high school,"(49,64]",Black,NA,R,1,1,Republican,37,47,54,81,57,65,38,25,71,55,52,20,39,32,52,63,4,2,1,4,0,1,0,1,1,1,Respect for elders,Curiosity,Obedience,Considerate,1,2,1,0,5
311,California,Liberal,Strongly disapprove,normal,5b859a15-a4e4-4a30-96b7-9eddbbeb3f84,70,Female,"$15,000 to $19,999",White,No,High school graduate,California,High school graduate,"(64,96]",White,"[0,25)",D,-3,3,Democrat,100,71,3,0,100,69,0,1,97,97,100,99,90,89,18,4,1,1,3,1,1,1,1,1,1,1,Respect for elders,Good manners,Self-reliance,Considerate,3,2,1,1,8
483,Florida,Conservative,Somewhat approve,noincome,5b859b6d-8239-4a84-9787-b404b18da82e,33,Male,"$75,000 to $79,999",White,No,Bachelor's degree,Florida,Bachelor's degree,"[18,34]",White,"[75,100)",R,1,1,Republican,46,30,32,19,27,46,46,29,14,30,49,39,15,25,71,65,1,2.5,3,3,0,1,0,1,1,1,Respect for elders,Good manners,Obedience,Considerate,-1,3,1,0,5
319,Florida,Liberal,Strongly disapprove,noincome,5b859a23-7a2c-414b-895e-d14ca887586a,40,Male,"$40,000 to $44,999",White,No,Bachelor's degree,Florida,Bachelor's degree,"(34,49]",White,"[25,50)",D,-3,3,Democrat,100,100,6,6,94,100,73,7,100,2,100,100,100,100,100,100,1.5,2,2.6666666666666665,2.5,1,0,1,1,0,1,Independence,Curiosity,Self-reliance,Considerate,3,0,1,0,5
351,New York,Slightly conservative,Strongly approve,normal,5b859a52-f852-4b45-9bd6-dc990619322a,65,Male,"$95,000 to $99,999",Asian *** Chinese,No,Graduate or professional degree,New York,Graduate or professional degree,"(64,96]",Asian or Pacific Islander,"[75,100)",R,1,1,Republican,20,19,79,18,2,97,98,96,93,2,5,4,14,94,96,95,3,3,1,3,1,1,1,1,0,1,Respect for elders,Curiosity,Self-reliance,Well-behaved,0,2,1,0,6
494,North Carolina,Conservative,Somewhat approve,normal,5b859b82-c81e-434d-84ae-0f118a3300ca,76,Female,"$35,000 to $39,999",White,No,Associate's degree,North Carolina,Associate's degree,"(64,96]",White,"[25,50)",R,3,3,Republican,7,6,15,7,0,100,88,32,47,69,98,23,4,6,93,48,3,2,3,3,1,1,1,1,1,1,Independence,Curiosity,Self-reliance,Considerate,-2,0,1,1,8
284,California,Liberal,Strongly disapprove,normal,5b8599db-76b7-4686-9622-f554c28e1a81,45,Female,"$50,000 to $54,999",White,No,Bachelor's degree,California,Bachelor's degree,"(34,49]",White,"[50,75)",D,-2,2,Democrat,50,95,5,5,55,80,10,5,10,20,70,60,70,75,40,15,2,2,3,2,0,0,1,1,0,0,Independence,Curiosity,Self-reliance,Considerate,-2,0,1,1,4
258,Pennsylvania,Extremely conservative,Strongly approve,normal,5b8599a9-d040-4280-9552-a990711f61b3,60,Male,"$100,000 to $124,999",White,No,"Some college, no degree",Pennsylvania,"Some college, no degree","(49,64]",White,"[100,200)",R,3,3,Republican,99,53,2,1,1,99,51,51,50,34,100,1,91,92,50,49,1,2,3,2,1,1,1,1,0,1,Independence,Good manners,Self-reliance,Considerate,3,1,1,0,6
237,Pennsylvania,Slightly liberal,Strongly disapprove,normal,5b85998b-2547-46f2-be15-6b1c5544d3b7,46,Female,"$45,000 to $49,999",White,No,"Some college, no degree",Pennsylvania,"Some college, no degree","(34,49]",White,"[25,50)",D,-3,3,Democrat,79,77,4,8,90,7,56,18,28,12,23,97,48,50,98,98,1,1,4,3.5,1,1,1,1,0,1,Respect for elders,Good manners,Self-reliance,Considerate,0,2,1,1,7
439,Arkansas,Moderate,Somewhat approve,normal,5b859aef-ef2f-4ed9-b9f4-b4e97d316b90,77,Female,"$60,000 to $64,999",White,No,Associate's degree,Arkansas,Associate's degree,"(64,96]",White,"[50,75)",R,2,2,Republican,79,88,14,3,21,84,9,2,50,88,87,5,64,67,23,90,2,2,2,4,0,0,0,0,0,0,Respect for elders,Good manners,Obedience,Considerate,-3,3,0,0,0
238,Georgia,Moderate,Strongly approve,normal,5b85998f-7c0e-4e32-b8d9-b61f2e571cf4,81,Female,"$15,000 to $19,999",White,No,High school graduate,Georgia,High school graduate,"(64,96]",White,"[0,25)",R,3,3,Republican,74,66,9,1,1,1,100,100,1,1,100,2,85,85,29,8,1,3.5,3,1.5,1,0,0,1,1,1,Respect for elders,Good manners,Self-reliance,Considerate,-3,2,1,0,5
450,Texas,Moderate,Somewhat approve,noincome,5b859b0f-464d-44b8-9267-9dcb6e349949,44,Male,"$40,000 to $44,999",White,No,Graduate or professional degree,Texas,Graduate or professional degree,"(34,49]",White,"[25,50)",R,1,1,Republican,91,96,44,43,6,100,7,3,99,42,13,0,100,91,75,76,2,2,1,1,0,0,0,0,0,0,Respect for elders,Good manners,Obedience,Well-behaved,-3,4,1,0,1
479,Missouri,Slightly conservative,Somewhat approve,normal,5b859b62-f987-4863-b898-13f3bdbea0de,65,Male,"$75,000 to $79,999",White,No,Associate's degree,Missouri,Associate's degree,"(64,96]",White,"[75,100)",R,2,2,Republican,58,57,16,13,11,78,96,85,91,70,30,1,52,59,43,95,1,3,1,4,1,0,1,1,0,1,Respect for elders,Good manners,Obedience,Considerate,-2,3,1,0,5
411,South Carolina,Moderate,Strongly disapprove,normal,5b859aae-3091-43f6-acc9-203f5038f87f,77,Female,"$60,000 to $64,999",White,No,"Some college, no degree",South Carolina,"Some college, no degree","(64,96]",White,"[50,75)",D,-3,3,Democrat,99,70,1,1,71,83,1,4,68,71,13,1,80,75,1,2,1,2,2,1,1,1,1,1,0,1,Respect for elders,Good manners,Self-reliance,Considerate,3,2,1,1,7
467,Georgia,Slightly liberal,Strongly disapprove,normal,5b859b41-3556-40ad-9d24-b18064a87c69,66,Male,"$45,000 to $49,999",White,No,Graduate or professional degree,Georgia,Graduate or professional degree,"(64,96]",White,"[25,50)",D,-1,1,Democrat,76,86,1,1,48,77,59,1,64,43,33,1,62,86,37,2,2,2,1,2,1,1,1,1,1,1,Independence,Curiosity,Self-reliance,Considerate,-3,0,1,1,8
189,Texas,Extremely liberal,Strongly disapprove,noincome,5b85993b-dcdb-4449-83de-5acd9b41c1a2,35,Female,"$25,000 to $29,999","Black, or African American",No,High school graduate,Texas,High school graduate,"(34,49]",Black,"[25,50)",D,-3,3,Democrat,87,82,0,0,88,96,0,0,99,89,0,0,88,86,50,49,1,2,1,1,1,1,1,1,0,1,Independence,Curiosity,Self-reliance,Considerate,-1,0,1,1,7
365,Michigan,Conservative,Somewhat disapprove,normal,5b859a67-8765-417f-a964-47ab36c5c3a5,70,Male,"$40,000 to $44,999",White,No,"Some college, no degree",Michigan,"Some college, no degree","(64,96]",White,"[25,50)",D,-3,3,Democrat,50,99,1,0,100,23,100,50,1,1,1,100,70,70,1,1,2,2,4,1.5,1,1,1,1,1,1,Respect for elders,Good manners,Obedience,Well-behaved,3,4,0,0,6
478,Washington,Moderate,Strongly disapprove,noincome,5b859b5c-c81c-4da1-b607-e8a282cb5700,64,Male,"$65,000 to $69,999",White,No,High school graduate,Washington,High school graduate,"(49,64]",White,"[50,75)",D,-2,2,Democrat,34,40,50,49,100,100,48,50,54,100,23,17,71,77,49,49,3,1.5,2,2,1,0,0,1,0,1,Respect for elders,Curiosity,Self-reliance,Well-behaved,-3,2,0,0,3
378,Iowa,Moderate,Strongly disapprove,normal,5b859a7f-759e-4b9f-8a69-155a34182287,62,Male,Prefer not to answer,White,No,High school graduate,Iowa,High school graduate,"(49,64]",White,NA,D,-3,3,Democrat,4,68,2,3,40,74,18,6,25,24,26,36,39,39,39,39,2,2,4,2.5,1,1,1,1,0,1,Respect for elders,Good manners,Obedience,Well-behaved,3,4,1,1,7
230,Utah,Moderate,Strongly disapprove,normal,5b859979-2505-496b-814a-7b248ae1c5b0,56,Female,"$100,000 to $124,999",White,No,Bachelor's degree,Utah,Bachelor's degree,"(49,64]",White,"[100,200)",D,-2,2,Democrat,87,78,76,76,48,90,87,82,7,9,18,97,72,80,44,54,1,2,4,2,0,0,1,1,1,1,Respect for elders,Good manners,Obedience,Considerate,-3,3,1,0,5
530,California,Extremely conservative,Strongly disapprove,normal,5b859c14-6c1c-425a-b186-33e231d16d83,67,Female,"$65,000 to $69,999",White,No,High school graduate,California,High school graduate,"(64,96]",White,"[50,75)",R,3,3,Republican,26,27,81,81,98,98,97,7,4,5,5,99,9,10,80,95,3.5,1.5,4,4,1,1,1,1,1,1,Respect for elders,Curiosity,Self-reliance,Considerate,2,1,1,1,8
410,New York,Moderate,Strongly approve,normal,5b859aae-1d83-4724-988f-b27440953f6c,52,Female,"$25,000 to $29,999",White,No,Associate's degree,New York,Associate's degree,"(49,64]",White,"[25,50)",R,3,3,Republican,4,3,99,95,3,2,97,100,99,95,40,7,49,55,99,97,3,4,1,3,0,0,0,0,0,0,Respect for elders,Good manners,Obedience,Well-behaved,-3,4,0,1,1
382,Massachusetts,Conservative,Somewhat approve,normal,5b859a85-b2ed-457f-a647-eae243004326,65,Female,"$20,000 to $24,999","Black, or African American",No,Associate's degree,Massachusetts,Associate's degree,"(64,96]",Black,"[0,25)",R,2,2,Republican,100,81,1,1,1,91,51,24,1,1,91,48,70,71,14,22,1,2,3,2,1,1,1,1,0,1,Respect for elders,Good manners,Self-reliance,Considerate,2,2,1,1,7
384,Massachusetts,Extremely liberal,Strongly disapprove,normal,5b859a8a-3d2a-4de8-8872-6dca25c99257,62,Female,"$55,000 to $59,999",White,No,Associate's degree,Massachusetts,Associate's degree,"(49,64]",White,"[50,75)",D,-1,1,Democrat,100,99,1,2,100,100,2,1,100,1,1,1,100,100,1,1,1,1.5,1,1.5,1,1,1,1,0,1,Independence,Curiosity,Self-reliance,Considerate,3,0,1,1,7
301,California,Moderate,Somewhat approve,normal,5b859a01-8139-4827-92c4-dc6e2aea8daf,75,Female,"$40,000 to $44,999",White,No,"Some college, no degree",California,"Some college, no degree","(64,96]",White,"[25,50)",D,-2,2,Democrat,51,51,7,6,32,100,5,4,31,100,15,1,69,69,94,15,1.5,2,2,3,1,1,1,1,1,1,Respect for elders,Good manners,Self-reliance,Considerate,-3,2,1,1,8
442,South Carolina,Conservative,Somewhat approve,normal,5b859b01-341d-464c-986d-6bf5a57909c7,60,Female,"$35,000 to $39,999","Black, or African American",No,Associate's degree,South Carolina,Associate's degree,"(49,64]",Black,"[25,50)",I,0,0,Independent,80,80,3,5,50,51,67,38,29,80,37,100,73,75,100,100,1.5,3,4,3.5,1,1,1,1,0,1,Respect for elders,Good manners,Obedience,Considerate,0,3,1,0,6
405,Massachusetts,Moderate,Somewhat disapprove,normal,5b859aab-42d6-4fef-a600-9f3c63a980a7,72,Female,"$150,000 to $174,999",White,No,Graduate or professional degree,Massachusetts,Graduate or professional degree,"(64,96]",White,"[100,200)",I,0,0,Independent,70,67,2,1,50,100,2,2,51,100,50,50,53,51,1,1,1,2,2,1,1,1,1,1,0,1,Respect for elders,Curiosity,Self-reliance,Considerate,2,1,1,1,7
368,New York,Moderate,Somewhat approve,normal,5b859a6d-ca95-4157-91ae-140553398b3a,76,Male,"$15,000 to $19,999","Black, or African American",Yes,High school graduate,New York,High school graduate,"(64,96]",Black,"[0,25)",I,0,0,Independent,50,15,81,49,50,50,25,12,81,12,3,1,21,20,49,50,3,1.5,1,4,1,0,0,1,1,1,Respect for elders,Good manners,Self-reliance,Considerate,0,2,1,1,6
473,California,Moderate,Strongly disapprove,normal,5b859b4d-850f-47a9-97a4-39c75f1667fd,77,Male,"$60,000 to $64,999",White,No,Graduate or professional degree,California,Graduate or professional degree,"(64,96]",White,"[50,75)",D,-2,2,Democrat,79,76,13,11,16,50,44,16,29,29,63,15,89,77,13,15,1,2,3,1,1,1,1,1,1,1,Respect for elders,Good manners,Self-reliance,Considerate,3,2,1,0,7
373,Tennessee,Extremely conservative,Somewhat approve,noincome,5b859a76-3992-4619-8f6b-be88c1570a04,62,Female,"$35,000 to $39,999","Black, or African American",No,Graduate or professional degree,Tennessee,Graduate or professional degree,"(49,64]",Black,"[25,50)",R,3,3,Republican,60,80,11,1,1,2,100,100,2,2,100,12,16,16,92,4,2,3.5,3,3,1,1,0,1,0,1,Respect for elders,Good manners,Obedience,Well-behaved,-3,4,1,1,6
444,California,Slightly liberal,Somewhat approve,normal,5b859b02-c8f7-48d3-a41d-2f8991de415b,60,Female,Prefer not to answer,White,No,"Some college, no degree",California,"Some college, no degree","(49,64]",White,NA,D,-2,2,Democrat,81,88,12,1,5,77,10,1,11,33,64,0,99,97,52,2,2,2,3,1,1,1,1,1,0,0,Respect for elders,Good manners,Obedience,Well-behaved,3,4,0,1,5
148,West Virginia,Slightly liberal,Somewhat approve,normal,5b8598e7-6b46-40bb-95a6-adf9815a6e1f,44,Female,"$70,000 to $74,999",White,No,Bachelor's degree,West Virginia,Bachelor's degree,"(34,49]",White,"[50,75)",D,-1,1,Democrat,99,71,1,2,77,95,1,1,84,51,30,2,74,80,24,22,1,2,1,2,0,0,0,1,0,1,Independence,Curiosity,Self-reliance,Considerate,-2,0,1,1,4
469,Arizona,Slightly conservative,Strongly approve,normal,5b859b42-5a65-4110-a581-d0c76603c5a3,75,Female,"$80,000 to $84,999",White,No,"Some college, no degree",Arizona,"Some college, no degree","(64,96]",White,"[75,100)",R,1,1,Republican,100,100,1,1,0,100,100,57,50,50,100,1,1,2,100,100,1.5,2.5,3,3.5,1,0,0,1,0,1,Respect for elders,Good manners,Self-reliance,Considerate,0,2,1,0,4
451,Iowa,Slightly conservative,Somewhat approve,normal,5b859b12-6062-45bf-bfc2-4a3578e7f6fc,71,Female,"Less than $14,999",White,No,Associate's degree,Iowa,Associate's degree,"(64,96]",White,"[0,25)",R,1,1,Republican,70,57,24,50,22,75,75,75,23,25,69,27,88,86,34,31,1,3,3,1,1,1,0,1,0,1,Respect for elders,Good manners,Obedience,Well-behaved,-3,4,1,1,6
465,Arizona,Moderate,Strongly disapprove,normal,5b859b3a-445c-4a22-a19f-3b74f9d642f4,18,Female,"$25,000 to $29,999",White,No,Bachelor's degree,Arizona,Bachelor's degree,"[18,34]",White,"[25,50)",D,-1,1,Democrat,100,100,0,0,0,0,100,57,60,100,0,0,62,44,0,0,1.5,3,2,1,0,1,1,1,1,1,Independence,Curiosity,Self-reliance,Considerate,-3,0,1,1,7
256,Texas,Extremely conservative,Somewhat approve,noincome,5b8599a8-1def-4d9f-b786-d161be6481ce,35,Female,Prefer not to answer,White,No,Bachelor's degree,Texas,Bachelor's degree,"(34,49]",White,NA,R,3,3,Republican,85,82,22,17,20,26,84,80,53,61,86,27,83,7,30,99,1,3,3,4,1,1,1,1,0,1,Respect for elders,Good manners,Self-reliance,Considerate,3,2,1,0,6
242,Pennsylvania,Moderate,Somewhat disapprove,normal,5b859992-2798-4140-b247-16aca55852cd,59,Female,"$55,000 to $59,999",White,No,Bachelor's degree,Pennsylvania,Bachelor's degree,"(49,64]",White,"[50,75)",R,2,2,Republican,80,80,1,1,2,1,98,50,1,1,99,1,91,91,17,50,1.5,3,3,1.5,1,0,0,1,0,1,Respect for elders,Good manners,Obedience,Considerate,-3,3,1,0,4
270,Florida,Moderate,Somewhat approve,noincome,5b8599c1-5a17-4213-97ce-f24249aaa529,55,Female,"$20,000 to $24,999",White,No,High school graduate,Florida,High school graduate,"(49,64]",White,"[0,25)",R,2,2,Republican,71,73,8,3,9,7,12,11,50,76,39,6,80,41,53,21,2,3,2,1,1,0,0,1,0,1,Independence,Good manners,Self-reliance,Well-behaved,-2,2,1,1,5
531,Wisconsin,Liberal,Strongly disapprove,normal,5b859c16-62ba-4dbc-a909-432b8c8ee698,66,Female,"$20,000 to $24,999",White,No,"Some college, no degree",Wisconsin,"Some college, no degree","(64,96]",White,"[0,25)",D,-3,3,Democrat,95,85,1,2,97,83,1,1,81,84,42,6,97,94,2,1,1,1,2,1,1,1,1,1,1,1,Respect for elders,Curiosity,Self-reliance,Considerate,3,1,1,1,8
488,Texas,Extremely conservative,Somewhat approve,noincome,5b859b75-4ec1-4ba0-bb33-0021dbe194d9,72,Male,Prefer not to answer,White,No,"Some college, no degree",Texas,"Some college, no degree","(64,96]",White,NA,R,3,3,Republican,52,42,41,52,2,73,100,64,53,64,100,11,20,19,54,100,2.5,3,3,4,1,1,1,1,0,1,Respect for elders,Good manners,Obedience,Considerate,3,3,1,1,7
438,Virginia,Moderate,Somewhat approve,normal,5b859aee-a824-4ae9-bc48-41a1008f4bbd,50,Female,Prefer not to answer,White,No,Graduate or professional degree,Virginia,Graduate or professional degree,"(49,64]",White,NA,R,2,2,Republican,100,74,3,2,94,92,99,100,99,67,5,2,100,100,50,48,1,4,1,1.5,1,0,1,1,0,0,Respect for elders,Good manners,Obedience,Considerate,-2,3,0,0,3
500,Kansas,Extremely conservative,Strongly approve,normal,5b859b98-49df-4919-b0d0-116495c7adab,64,Female,"$100,000 to $124,999",White,No,Bachelor's degree,Kansas,Bachelor's degree,"(49,64]",White,"[100,200)",R,3,3,Republican,50,50,50,22,1,99,99,99,1,1,22,99,84,83,33,34,2,3,4,1,1,0,1,1,0,1,Respect for elders,Good manners,Obedience,Well-behaved,3,4,1,0,5
527,New Jersey,Conservative,Strongly disapprove,normal,5b859bfd-cafd-4dc2-8ebc-af65ecbec14f,70,Male,"$55,000 to $59,999",White,No,High school graduate,New Jersey,High school graduate,"(64,96]",White,"[50,75)",D,-3,3,Democrat,69,77,3,3,81,89,7,3,1,1,95,19,98,96,89,95,2,2,3,1,1,0,0,1,0,1,Respect for elders,Good manners,Self-reliance,Considerate,-3,2,0,0,3
526,New York,Moderate,Strongly disapprove,normal,5b859bf5-4013-415f-9602-19c1584ae43e,64,Male,"$35,000 to $39,999",White,No,Bachelor's degree,New York,Bachelor's degree,"(49,64]",White,"[25,50)",D,-3,3,Democrat,99,50,0,0,30,10,10,4,3,100,0,0,4,5,10,1,1,1,2,3,1,1,1,1,1,1,Respect for elders,Good manners,Self-reliance,Well-behaved,3,3,1,1,8
501,Colorado,Moderate,Somewhat disapprove,normal,5b859b98-99b6-47ed-8858-e2dfe843d1d2,35,Female,"$30,000 to $34,999",White,No,High school graduate,Colorado,High school graduate,"(34,49]",White,"[25,50)",R,3,3,Republican,15,13,93,90,6,3,62,46,7,5,86,47,0,0,100,100,3,3,3,3.5,0,0,0,0,0,1,Independence,Curiosity,Obedience,Well-behaved,-3,2,0,0,1
276,California,Extremely conservative,Strongly approve,normal,5b8599cd-00b1-47cb-ba56-87fd0eda2964,71,Female,Prefer not to answer,White,No,Bachelor's degree,California,Bachelor's degree,"(64,96]",White,NA,R,3,3,Republican,47,77,47,47,2,77,100,100,7,7,7,77,8,7,77,50,2,3.5,4,3,1,0,1,1,1,1,Respect for elders,Good manners,Obedience,Well-behaved,3,4,1,1,7
484,Texas,Moderate,Somewhat approve,noincome,5b859b70-4f50-40c8-a39a-a118d74c0f50,35,Female,"$70,000 to $74,999",White,No,Bachelor's degree,Texas,Bachelor's degree,"(34,49]",White,"[50,75)",I,0,0,Independent,30,33,68,70,27,27,23,24,30,33,51,51,43,42,17,19,4,1.5,3.5,1,0,0,1,1,0,1,Respect for elders,Good manners,Obedience,Considerate,0,3,1,0,4
464,Ohio,Conservative,Somewhat approve,normal,5b859b37-cae2-4d8f-b55e-eed4775a0f2f,29,Male,"$125,000 to $149,999",White,No,Graduate or professional degree,Ohio,Graduate or professional degree,"[18,34]",White,"[100,200)",R,3,3,Republican,18,54,29,1,1,50,100,100,56,56,42,59,14,12,12,4,2,3.5,4,1,1,0,0,1,1,1,Respect for elders,Good manners,Self-reliance,Considerate,0,2,1,0,5
512,Pennsylvania,Liberal,Strongly disapprove,normal,5b859bab-bff9-4d45-8fb8-9185b9fc298a,38,Male,"$175,000 to $199,999",White,No,"Some college, no degree",Pennsylvania,"Some college, no degree","(34,49]",White,"[100,200)",D,-1,1,Democrat,86,86,1,2,91,4,2,2,100,54,6,3,62,67,99,91,1.5,1,1,3,1,0,1,1,0,1,Respect for elders,Good manners,Obedience,Well-behaved,3,4,1,1,6
282,Ohio,Moderate,Strongly disapprove,normal,5b8599d6-df03-4fed-aaea-76fdf4990f91,53,Female,"$65,000 to $69,999",White,No,"Some college, no degree",Ohio,"Some college, no degree","(49,64]",White,"[50,75)",I,0,0,Independent,91,100,1,0,42,100,100,19,100,100,18,0,2,99,1,100,2,2.5,1.5,4,0,0,0,1,0,0,Respect for elders,Good manners,Obedience,Considerate,3,3,0,0,1
370,Minnesota,Conservative,Strongly approve,normal,5b859a6f-524c-40d3-abfe-304b8e5ee15f,69,Female,"Less than $14,999",White,No,High school graduate,Minnesota,High school graduate,"(64,96]",White,"[0,25)",R,3,3,Republican,30,33,73,72,11,81,71,31,81,86,12,12,37,37,91,100,3,2,2,4,1,1,1,1,0,1,Respect for elders,Curiosity,Self-reliance,Considerate,2,1,1,1,7
367,Florida,Conservative,Strongly approve,noincome,5b859a6a-b77d-4e98-814a-8f37eb83bb6a,65,Female,"$95,000 to $99,999",White,No,Bachelor's degree,Florida,Bachelor's degree,"(64,96]",White,"[75,100)",R,3,3,Republican,50,41,50,16,2,20,74,51,99,10,2,1,1,1,1,1,2,3,1,2.5,1,1,1,1,0,1,Respect for elders,Good manners,Obedience,Considerate,2,3,1,0,6
407,Arkansas,Slightly conservative,Somewhat disapprove,normal,5b859aac-8cb5-449d-8ee8-4313ab3b3985,28,Male,"$30,000 to $34,999","Black, or African American",No,"Some college, no degree",Arkansas,"Some college, no degree","[18,34]",Black,"[25,50)",R,2,2,Republican,98,99,4,3,38,86,3,2,9,5,89,74,82,80,85,16,2,2,3,3,0,0,0,1,0,1,Respect for elders,Good manners,Self-reliance,Considerate,2,2,0,0,2
337,Texas,Slightly conservative,Strongly approve,noincome,5b859a47-f08b-4be4-8520-dafe07bede76,79,Female,"Less than $14,999",White,No,"Some college, no degree",Texas,"Some college, no degree","(64,96]",White,"[0,25)",R,3,3,Republican,50,50,0,0,10,50,0,0,1,0,50,1,1,1,100,100,1.5,2,3,3.5,1,1,1,1,0,1,Respect for elders,Good manners,Obedience,Well-behaved,3,4,1,1,7
399,Florida,Slightly conservative,Somewhat approve,noincome,5b859a99-4e96-4bd5-a4b4-ea55dd6a2481,57,Female,"$25,000 to $29,999",White,No,High school graduate,Florida,High school graduate,"(49,64]",White,"[25,50)",I,0,0,Independent,99,99,2,4,6,6,94,93,5,2,91,6,95,98,6,3,1.5,3,3,2,0,0,0,1,0,1,Respect for elders,Good manners,Obedience,Well-behaved,3,4,1,0,3
524,Minnesota,Extremely conservative,Strongly approve,normal,5b859bea-ce9a-4403-bd96-d45fdcfe3dbf,69,Female,"$60,000 to $64,999",White,No,Bachelor's degree,Minnesota,Bachelor's degree,"(64,96]",White,"[50,75)",R,3,3,Republican,1,1,100,2,0,100,50,50,1,1,55,1,51,50,74,1,3,2,3,3,0,1,1,1,0,1,Respect for elders,Good manners,Obedience,Well-behaved,3,4,1,1,6
456,Florida,Slightly liberal,Somewhat approve,noincome,5b859b1d-c7ab-496b-93ef-17b9c8fa2231,53,Female,"$60,000 to $64,999",White,No,Bachelor's degree,Florida,Bachelor's degree,"(49,64]",White,"[50,75)",R,2,2,Republican,100,91,2,1,1,13,95,42,40,5,100,1,100,99,64,7,1,3,3,1,0,0,0,0,0,1,Independence,Good manners,Self-reliance,Well-behaved,0,2,1,0,2
265,Florida,Moderate,Strongly disapprove,noincome,5b8599bb-0206-4bfe-826e-1a18e429454e,66,Female,Prefer not to answer,White,No,High school graduate,Florida,High school graduate,"(64,96]",White,NA,D,-3,3,Democrat,74,75,2,2,41,60,18,3,30,52,75,2,79,75,62,22,2,2,3,1,1,0,0,1,0,1,Respect for elders,Good manners,Self-reliance,Considerate,2,2,1,1,5
326,Pennsylvania,Extremely conservative,Somewhat approve,normal,5b859a32-a59c-4e84-9ff7-911c40fe8bf2,68,Male,"$200,000 to $249,999",White,No,Bachelor's degree,Pennsylvania,Bachelor's degree,"(64,96]",White,"[200,201)",R,3,3,Republican,97,49,26,2,4,5,80,50,1,1,79,79,62,59,63,96,1,3,3.5,4,1,1,1,1,1,1,Respect for elders,Curiosity,Obedience,Considerate,2,2,1,1,8
254,North Carolina,Slightly conservative,Somewhat disapprove,normal,5b8599a6-6a36-45a1-9950-6a7549bab334,26,Female,"$125,000 to $149,999",White,No,Graduate or professional degree,North Carolina,Graduate or professional degree,"[18,34]",White,"[100,200)",R,1,1,Republican,100,69,1,2,80,89,7,0,33,89,50,9,50,64,43,43,1,2,2,2,1,0,0,1,0,1,Independence,Curiosity,Self-reliance,Considerate,1,0,0,0,3
430,Indiana,Extremely conservative,Strongly approve,normal,5b859adf-4db8-44a8-bb30-6062163d8cea,62,Female,"$125,000 to $149,999",White,No,Associate's degree,Indiana,Associate's degree,"(49,64]",White,"[100,200)",R,3,3,Republican,0,0,100,100,0,0,100,100,0,0,0,100,0,0,100,100,3.5,3.5,4,3.5,1,1,1,1,0,1,Respect for elders,Good manners,Obedience,Well-behaved,3,4,1,1,7
532,Iowa,Moderate,Strongly disapprove,normal,5b859c1c-0d44-4c84-b3dd-716a26fa1fdd,33,Male,"$25,000 to $29,999",White,No,Graduate or professional degree,Iowa,Graduate or professional degree,"[18,34]",White,"[25,50)",I,0,0,Independent,96,25,1,1,82,52,0,1,100,21,0,1,82,72,6,99,1,1,1,4,1,0,1,1,0,1,Respect for elders,Curiosity,Self-reliance,Considerate,2,1,1,0,5
417,New York,Slightly liberal,Somewhat approve,normal,5b859abd-6c5f-4481-bba4-0e5698d35350,66,Female,"$35,000 to $39,999",White,No,Bachelor's degree,New York,Bachelor's degree,"(64,96]",White,"[25,50)",D,-3,3,Democrat,42,43,25,16,22,19,52,47,15,17,66,66,23,25,24,6,2,3,3.5,2,0,0,0,1,0,1,Respect for elders,Curiosity,Obedience,Well-behaved,-1,3,1,0,3
489,California,Moderate,Somewhat approve,normal,5b859b79-84d4-47b5-a3c6-c1b97506992c,57,Female,"$25,000 to $29,999",White,No,High school graduate,California,High school graduate,"(49,64]",White,"[25,50)",D,-2,2,Democrat,99,81,2,2,24,91,49,48,1,11,100,1,61,61,30,99,1,2,3,4,1,1,1,1,1,1,Independence,Good manners,Self-reliance,Well-behaved,2,2,1,0,7
333,Arizona,Slightly liberal,Strongly disapprove,normal,5b859a44-dd58-4e29-9929-fb0521d85063,35,Female,"Less than $14,999",Asian *** Chinese,No,Bachelor's degree,Arizona,Bachelor's degree,"(34,49]",Asian or Pacific Islander,"[0,25)",D,-1,1,Democrat,90,80,7,0,60,80,20,5,70,90,60,10,80,60,50,40,1,2,2,1,1,0,1,1,1,1,Independence,Curiosity,Self-reliance,Considerate,2,0,1,1,7
323,Wisconsin,Slightly liberal,Somewhat approve,normal,5b859a2c-95a0-4b90-b216-1870a68a5d7b,64,Male,"$35,000 to $39,999",White,No,"Some college, no degree",Wisconsin,"Some college, no degree","(49,64]",White,"[25,50)",R,1,1,Republican,100,100,0,0,0,50,45,0,0,0,50,100,0,0,100,100,1.5,2,4,3.5,1,0,0,1,0,1,Independence,Curiosity,Self-reliance,Considerate,2,0,0,1,4
353,Texas,Moderate,Strongly disapprove,noincome,5b859a57-223a-4ce2-90a7-6a49d410d77e,51,Female,"$55,000 to $59,999",White,No,High school graduate,Texas,High school graduate,"(49,64]",White,"[50,75)",R,2,2,Republican,82,90,29,37,83,88,53,53,50,70,79,86,71,82,33,16,2,2,4,2,1,1,1,1,1,1,Respect for elders,Good manners,Obedience,Well-behaved,3,4,1,1,8
529,Virginia,Moderate,Strongly disapprove,normal,5b859c0f-d877-4b48-9953-1170432078b7,65,Female,"$30,000 to $34,999",White,No,High school graduate,Virginia,High school graduate,"(64,96]",White,"[25,50)",D,-1,1,Democrat,75,75,28,1,30,75,31,31,91,90,69,2,27,26,75,50,1.5,2,1,3,1,1,1,1,1,1,Respect for elders,Good manners,Self-reliance,Considerate,3,2,1,1,8
299,Mississippi,Moderate,Strongly disapprove,normal,5b8599fd-64ff-40ac-bbf9-38a26c01472f,32,Female,"$15,000 to $19,999",White,No,Bachelor's degree,Mississippi,Bachelor's degree,"[18,34]",White,"[0,25)",D,-1,1,Democrat,90,50,60,10,10,50,10,10,19,40,80,10,70,70,90,90,1,2,3,3.5,0,0,0,1,1,1,Independence,Good manners,Obedience,Well-behaved,0,3,0,0,3
316,Indiana,Extremely conservative,Strongly approve,normal,5b859a21-84f3-418d-ba89-7568a774be88,58,Male,"$60,000 to $64,999",White,No,High school graduate,Indiana,High school graduate,"(49,64]",White,"[50,75)",R,3,3,Republican,51,50,51,51,11,10,100,100,99,98,5,3,51,51,96,98,2.6666666666666665,3.5,1,4,0,0,1,1,1,1,Respect for elders,Good manners,Self-reliance,Considerate,-2,2,1,0,5
476,Iowa,Conservative,Strongly approve,normal,5b859b53-9aa7-4a40-93fa-ef4d949c7810,63,Male,"Less than $14,999",White,No,"Some college, no degree",Iowa,"Some college, no degree","(49,64]",White,"[0,25)",R,2,2,Republican,99,98,1,2,10,2,98,99,1,2,1,100,99,99,9,89,1,4,4,1.5,1,0,0,1,0,0,Independence,Good manners,Self-reliance,Well-behaved,2,2,0,0,2
486,Missouri,Conservative,Strongly approve,normal,5b859b73-8551-4401-88bd-a0a73de9622c,60,Female,Prefer not to answer,White,No,High school graduate,Missouri,High school graduate,"(49,64]",White,NA,R,3,3,Republican,99,100,4,4,100,78,100,62,22,47,100,3,62,78,100,100,2,2,3,3.5,1,1,1,1,0,1,Respect for elders,Good manners,Obedience,Well-behaved,0,4,1,0,6
609,Idaho,Conservative,Somewhat approve,normal,5b859e44-0b25-4c90-bbca-a30da3782b4b,30,Female,"$100,000 to $124,999",White,No,"Some college, no degree",Idaho,"Some college, no degree","[18,34]",White,"[100,200)",R,2,2,Republican,29,93,20,9,57,64,56,50,50,60,55,64,70,65,42,76,2,2,4,4,1,0,0,1,0,1,Respect for elders,Good manners,Obedience,Considerate,2,3,0,0,3
172,Michigan,Slightly liberal,Strongly disapprove,normal,5b859922-8f46-496d-8de2-d02e9f523f86,37,Male,"$65,000 to $69,999","Black, or African American",No,"Some college, no degree",Michigan,"Some college, no degree","(34,49]",Black,"[50,75)",D,-1,1,Democrat,50,50,10,0,20,51,0,0,50,71,49,0,61,72,50,0,1.5,2,2,2,1,1,1,1,0,1,Respect for elders,Good manners,Obedience,Considerate,-2,3,1,1,7
514,Pennsylvania,Conservative,Strongly approve,normal,5b859bb6-b836-46ac-b380-19c183efb76e,65,Male,"$40,000 to $44,999",White,No,"Some college, no degree",Pennsylvania,"Some college, no degree","(64,96]",White,"[25,50)",R,3,3,Republican,37,24,66,31,25,31,90,51,26,30,92,13,55,54,77,88,3,3,3,4,1,0,1,1,0,1,Respect for elders,Good manners,Obedience,Well-behaved,-2,4,0,0,4
458,North Carolina,Liberal,Strongly disapprove,normal,5b859b28-83dd-466f-ad16-c497b27606dc,66,Male,"$70,000 to $74,999",Some other race,Yes,Associate's degree,North Carolina,Associate's degree,"(64,96]",Other,"[50,75)",D,-1,1,Democrat,80,69,0,0,85,92,1,0,86,93,0,0,76,83,13,6,1,2,2,2,1,1,1,1,1,1,Respect for elders,Curiosity,Obedience,Considerate,2,2,1,1,8
327,California,Conservative,Strongly approve,normal,5b859a35-1263-45fa-ac99-869c97083783,62,Male,"$175,000 to $199,999",White,No,Bachelor's degree,California,Bachelor's degree,"(49,64]",White,"[100,200)",R,3,3,Republican,36,12,15,12,20,78,23,8,37,52,10,8,21,19,15,10,1,2,2,1,1,1,1,1,1,1,Respect for elders,Good manners,Self-reliance,Considerate,3,2,1,1,8
401,Kansas,Conservative,Somewhat approve,normal,5b859a9e-5c88-4d45-bcf2-cc03bc34d86c,70,Female,"$50,000 to $54,999",White,No,Associate's degree,Kansas,Associate's degree,"(64,96]",White,"[50,75)",R,3,3,Republican,92,82,1,1,51,1,100,1,1,1,1,100,100,82,71,81,1,3,4,1,0,0,0,1,0,1,Respect for elders,Good manners,Obedience,Considerate,2,3,1,0,3
534,Arkansas,Moderate,Strongly disapprove,normal,5b859c20-0d0d-45d9-ad62-8ab364a0c93f,33,Female,"$20,000 to $24,999",White,No,High school graduate,Arkansas,High school graduate,"[18,34]",White,"[0,25)",D,-2,2,Democrat,78,75,0,0,85,49,49,0,100,80,68,0,90,80,0,0,1,1,1,1,1,0,1,1,0,1,Independence,Curiosity,Self-reliance,Considerate,0,0,1,0,5
251,Massachusetts,Extremely liberal,Strongly disapprove,normal,5b8599a0-eb08-48ad-9663-34ef577f6a67,66,Female,"$45,000 to $49,999",White,No,High school graduate,Massachusetts,High school graduate,"(64,96]",White,"[25,50)",D,-1,1,Democrat,100,100,0,0,100,90,50,0,51,90,100,0,100,75,0,0,1.5,1,3,1,0,0,1,1,0,1,Respect for elders,Curiosity,Self-reliance,Considerate,3,1,1,0,4
357,Kentucky,Moderate,Somewhat disapprove,normal,5b859a5c-b252-4ef9-b394-8a4503d25658,29,Female,"$55,000 to $59,999",White,No,Associate's degree,Kentucky,Associate's degree,"[18,34]",White,"[50,75)",I,0,0,Independent,100,100,100,7,50,75,50,40,50,50,50,50,80,80,50,50,2,2,2.5,1.5,0,0,1,1,1,1,Respect for elders,Good manners,Obedience,Considerate,-2,3,1,1,6
553,Tennessee,Moderate,Strongly approve,noincome,5b859ca8-306f-4a55-afbb-9ca13af36533,64,Female,"$25,000 to $29,999",White,No,High school graduate,Tennessee,High school graduate,"(49,64]",White,"[25,50)",R,1,1,Republican,75,76,23,26,70,27,80,70,22,27,80,84,82,83,78,78,2,3,4,2,0,0,0,0,0,0,Respect for elders,Good manners,Obedience,Well-behaved,-3,4,0,0,0
170,Ohio,Liberal,Strongly disapprove,normal,5b85991f-cc65-4154-ba72-060437983bd0,55,Male,"$25,000 to $29,999",White,No,High school graduate,Ohio,High school graduate,"(49,64]",White,"[25,50)",D,-2,2,Democrat,32,100,2,4,50,92,51,8,51,95,22,35,70,71,52,56,2,2,2,2,1,0,1,1,0,1,Independence,Curiosity,Self-reliance,Considerate,-2,0,1,0,5
471,Texas,Conservative,Strongly approve,noincome,5b859b44-6761-48c0-bede-58f7cda6f522,74,Female,"$50,000 to $54,999",White,No,"Some college, no degree",Texas,"Some college, no degree","(64,96]",White,"[50,75)",R,3,3,Republican,100,99,1,1,1,1,100,99,1,1,54,55,51,99,99,99,1,3,4,3,1,1,1,1,1,1,Respect for elders,Good manners,Obedience,Well-behaved,3,4,1,1,8
232,Louisiana,Extremely conservative,Strongly approve,normal,5b85997d-f4cd-43b7-8a7c-caf769b32652,74,Male,"$55,000 to $59,999",White,No,Bachelor's degree,Louisiana,Bachelor's degree,"(64,96]",White,"[50,75)",R,3,3,Republican,100,100,1,1,1,1,100,100,1,1,100,1,100,100,1,1,1.5,3.5,3,1.5,1,1,1,1,0,1,Respect for elders,Good manners,Obedience,Well-behaved,-3,4,1,0,6
600,Michigan,Moderate,Strongly approve,normal,5b859e22-7340-4209-abc2-2910828fe7d0,26,Male,"$70,000 to $74,999",Asian *** Chinese,No,Did not complete high school,Michigan,Did not complete high school,"[18,34]",Asian or Pacific Islander,"[50,75)",R,3,3,Republican,22,41,31,27,22,17,32,31,30,24,21,22,49,21,20,19,2,3,1,1,1,1,1,1,1,1,Respect for elders,Good manners,Self-reliance,Well-behaved,-2,3,1,1,8
466,Indiana,Slightly conservative,Strongly disapprove,normal,5b859b40-7ec9-4f2d-89c4-f4072ec84e96,64,Female,"$45,000 to $49,999",White,No,"Some college, no degree",Indiana,"Some college, no degree","(49,64]",White,"[25,50)",D,-2,2,Democrat,72,79,29,31,76,3,98,55,2,3,2,3,98,100,52,98,2,3,3,2,0,0,0,1,0,1,Respect for elders,Good manners,Obedience,Well-behaved,-3,4,1,1,4
436,New York,Moderate,Strongly disapprove,normal,5b859aea-4154-4d2d-9197-635699ddfb12,67,Female,"$35,000 to $39,999","Black, or African American",No,Graduate or professional degree,New York,Graduate or professional degree,"(64,96]",Black,"[25,50)",D,-1,1,Democrat,51,100,1,50,28,73,13,4,100,50,20,1,85,85,50,100,2,2,1,4,0,1,1,1,0,1,Respect for elders,Good manners,Obedience,Well-behaved,2,4,1,0,5
361,California,Conservative,Strongly disapprove,normal,5b859a63-39e1-4fa0-991e-d1c0420783b6,61,Male,"$25,000 to $29,999",White,No,High school graduate,California,High school graduate,"(49,64]",White,"[25,50)",R,2,2,Republican,91,91,3,3,2,2,3,99,2,99,99,99,81,82,91,96,1.5,4,3,4,1,1,1,1,1,1,Independence,Curiosity,Self-reliance,Well-behaved,-3,1,1,1,8
429,New York,Slightly liberal,Strongly disapprove,normal,5b859ade-6b2a-4e09-94f8-92d1cf4b9a8a,56,Female,"$25,000 to $29,999","Black, or African American",No,"Some college, no degree",New York,"Some college, no degree","(49,64]",Black,"[25,50)",D,-3,3,Democrat,72,68,3,3,79,78,14,5,2,1,100,2,73,37,98,83,1,1,3,3,1,0,0,1,0,1,Respect for elders,Good manners,Obedience,Well-behaved,-3,4,1,0,4
168,California,Extremely conservative,Strongly approve,normal,5b85991e-f1dd-4160-a951-23b7c49540f0,61,Female,"$40,000 to $44,999","Black, or African American",No,"Some college, no degree",California,"Some college, no degree","(49,64]",Black,"[25,50)",R,2,2,Republican,50,50,49,50,1,100,100,50,1,1,1,100,2,2,100,100,2.3333333333333335,2.5,4,3.5,1,1,1,1,1,1,Respect for elders,Good manners,Obedience,Considerate,-3,3,1,1,8
560,Florida,Moderate,Strongly approve,noincome,5b859cc9-8982-4bbc-b74b-8969598106a4,56,Female,Prefer not to answer,White,No,Graduate or professional degree,Florida,Graduate or professional degree,"(49,64]",White,NA,R,1,1,Republican,2,1,100,100,2,100,100,66,1,1,1,100,51,51,100,100,3.5,2.5,4,3.5,1,1,1,1,0,1,Respect for elders,Good manners,Obedience,Well-behaved,-2,4,1,0,6
NA,California,Moderate,Strongly disapprove,normal,5b859c0b-f1d3-41ca-98ae-91b395947443,74,Male,"$55,000 to $59,999",White,No,Associate's degree,California,Associate's degree,"(64,96]",White,"[50,75)",D,-2,2,Democrat,13,100,2,2,2,5,100,5,4,55,100,2,10,9,100,100,2,3,3,3.5,1,1,1,1,0,1,Respect for elders,Curiosity,Self-reliance,Considerate,0,1,1,1,7
502,Texas,Moderate,Somewhat approve,noincome,5b859b9c-b568-4c8b-b9eb-5ed4a4e810c3,86,Female,"$70,000 to $74,999",White,No,High school graduate,Texas,High school graduate,"(64,96]",White,"[50,75)",D,-1,1,Democrat,16,15,11,74,66,13,11,40,4,2,61,62,8,9,100,100,4,1,4,3.5,1,1,0,1,1,0,Respect for elders,Good manners,Obedience,Well-behaved,-3,4,1,1,6
474,Michigan,Moderate,Strongly disapprove,normal,5b859b4e-7935-40f1-bf38-ba5d4b338412,55,Female,"Less than $14,999",White,No,Did not complete high school,Michigan,Did not complete high school,"(49,64]",White,"[0,25)",D,-1,1,Democrat,70,50,0,0,0,100,50,0,100,87,6,0,100,100,0,0,1,2,1,1.5,1,1,0,1,0,1,Respect for elders,Good manners,Obedience,Well-behaved,-3,4,1,0,5
477,West Virginia,Moderate,Strongly disapprove,normal,5b859b56-a628-42d0-902a-7173c70dd788,61,Male,"$20,000 to $24,999",White,No,"Some college, no degree",West Virginia,"Some college, no degree","(49,64]",White,"[0,25)",D,-2,2,Democrat,100,100,1,1,100,100,1,1,50,100,100,100,100,100,1,53,1.5,1.5,3,1.5,1,1,1,1,0,1,Respect for elders,Good manners,Self-reliance,Considerate,0,2,1,1,7
381,Maryland,Extremely liberal,Strongly disapprove,normal,5b859a84-17d0-40f0-869b-67cb1fa34cd9,56,Male,"$15,000 to $19,999","Black, or African American",No,"Some college, no degree",Maryland,"Some college, no degree","(49,64]",Black,"[0,25)",D,-3,3,Democrat,99,100,10,3,100,100,7,10,10,12,100,58,98,100,100,100,2,1.5,3,3,0,0,0,1,0,0,Respect for elders,Good manners,Obedience,Considerate,2,3,0,0,1
306,Wisconsin,Liberal,Strongly disapprove,normal,5b859a06-eda1-4388-93e3-5beb3afe9c21,54,Male,"$80,000 to $84,999",White,No,Graduate or professional degree,Wisconsin,Graduate or professional degree,"(49,64]",White,"[75,100)",D,-3,3,Democrat,90,92,2,2,11,98,2,3,52,80,98,2,98,95,42,18,2,2,3,1,1,0,0,1,0,1,Independence,Curiosity,Self-reliance,Considerate,3,0,1,1,5
252,Oregon,Moderate,Strongly disapprove,normal,5b8599a2-8c8a-44a8-98fb-cf0c75548d3d,72,Male,"$60,000 to $64,999",White,No,Graduate or professional degree,Oregon,Graduate or professional degree,"(64,96]",White,"[50,75)",D,-2,2,Democrat,66,82,2,1,75,100,30,66,2,2,52,50,90,100,70,32,2,2,3,2,1,0,1,1,0,1,Respect for elders,Good manners,Obedience,Considerate,-3,3,1,0,5
540,Kentucky,Slightly liberal,Strongly disapprove,normal,5b859c35-dcc6-4a89-aa9e-8b3616f12260,60,Female,"$50,000 to $54,999",White,No,Bachelor's degree,Kentucky,Bachelor's degree,"(49,64]",White,"[50,75)",I,0,0,Independent,80,50,12,7,49,48,7,2,50,50,44,41,97,100,50,50,1,1,1.5,2,1,0,0,1,0,1,Respect for elders,Curiosity,Obedience,Considerate,-2,2,1,0,4
339,Illinois,Slightly liberal,Strongly disapprove,normal,5b859a4c-0d47-4cd6-83a7-522525ffeb66,63,Female,"$75,000 to $79,999",White,No,High school graduate,Illinois,High school graduate,"(49,64]",White,"[75,100)",D,-1,1,Democrat,51,51,7,7,49,49,73,47,99,75,1,1,77,77,77,9,1.5,3,1,2,0,0,0,1,0,0,Independence,Curiosity,Self-reliance,Considerate,0,0,0,0,1
481,California,Moderate,Strongly disapprove,normal,5b859b6c-436b-4bc0-96e8-e92e7bcb02b8,70,Male,"$80,000 to $84,999",White,No,High school graduate,California,High school graduate,"(64,96]",White,"[75,100)",D,-3,3,Democrat,100,100,1,1,90,100,50,1,1,1,100,1,60,60,50,100,1.5,2,3,4,1,1,1,1,1,1,Respect for elders,Good manners,Obedience,Well-behaved,2,4,0,1,7
559,Minnesota,Conservative,Strongly approve,normal,5b859cc8-8090-4d4c-a1c4-6866b6f17700,32,Male,"Less than $14,999",White,No,Bachelor's degree,Minnesota,Bachelor's degree,"[18,34]",White,"[0,25)",R,2,2,Republican,82,100,0,0,0,0,0,35,38,31,99,5,100,100,100,98,2,4,3,2,0,0,0,0,0,1,Independence,Curiosity,Self-reliance,Well-behaved,-3,1,1,0,2
561,Florida,Conservative,Strongly approve,noincome,5b859cd1-cd9b-40ee-b960-7c577c8f4073,71,Male,"$35,000 to $39,999",White,No,High school graduate,Florida,High school graduate,"(64,96]",White,"[25,50)",R,3,3,Republican,53,75,10,4,2,18,99,99,50,23,70,23,67,65,92,23,2,3.5,3,3,1,0,1,1,0,1,Respect for elders,Good manners,Self-reliance,Well-behaved,-2,3,1,0,5
542,California,Moderate,Somewhat disapprove,normal,5b859c41-4cd9-4841-ac77-a349b2226224,39,Male,"$100,000 to $124,999",White,No,Associate's degree,California,Associate's degree,"(34,49]",White,"[100,200)",R,2,2,Republican,97,99,8,1,28,99,50,100,2,3,47,98,14,53,99,100,2,4,4,4,0,0,1,1,0,1,Respect for elders,Curiosity,Obedience,Well-behaved,-2,3,1,1,5
575,Nebraska,Liberal,Strongly disapprove,normal,5b859d9d-509a-4ec6-9650-517c48d597f7,58,Female,"$80,000 to $84,999",White,No,"Some college, no degree",Nebraska,"Some college, no degree","(49,64]",White,"[75,100)",D,-3,3,Democrat,76,77,16,6,50,47,46,47,100,70,2,1,99,100,85,98,2,1,1,2,0,0,1,1,0,1,Respect for elders,Good manners,Self-reliance,Well-behaved,-3,3,1,0,4
261,Maryland,Moderate,Strongly disapprove,normal,5b8599b2-5cc9-47fe-aa14-2055bf7de37c,39,Female,"$70,000 to $74,999",White,No,"Some college, no degree",Maryland,"Some college, no degree","(34,49]",White,"[50,75)",R,1,1,Republican,80,51,0,0,52,80,23,10,80,3,1,50,59,50,3,1,1,2,1,1,1,1,1,1,0,1,Independence,Curiosity,Self-reliance,Considerate,-2,0,1,1,7
547,Georgia,Extremely conservative,Strongly disapprove,normal,5b859c5c-4aa0-4019-8190-ed70079b8da3,68,Male,"$100,000 to $124,999",White,No,Graduate or professional degree,Georgia,Graduate or professional degree,"(64,96]",White,"[100,200)",D,-3,3,Democrat,87,86,6,10,6,87,9,9,80,82,27,8,87,92,88,92,1,2,2,3,1,1,1,1,0,1,Respect for elders,Good manners,Obedience,Well-behaved,3,4,1,0,6
555,Florida,Slightly conservative,Strongly disapprove,noincome,5b859cb6-d77d-4138-b29d-88e83b181d94,65,Male,"$95,000 to $99,999",White,No,Bachelor's degree,Florida,Bachelor's degree,"(64,96]",White,"[75,100)",D,-1,1,Democrat,82,82,12,3,71,73,61,54,30,40,73,1,82,60,53,51,1.5,2,3,1,1,1,0,1,1,1,Respect for elders,Good manners,Self-reliance,Well-behaved,-2,3,1,0,6
571,Missouri,Moderate,Strongly approve,normal,5b859d6c-9956-47ba-8da4-3f7e5294d497,71,Male,"$125,000 to $149,999",White,No,High school graduate,Missouri,High school graduate,"(64,96]",White,"[100,200)",D,-2,2,Democrat,48,51,47,46,51,52,51,51,12,23,28,34,25,33,33,33,2,2,4,3,0,0,0,1,1,1,Respect for elders,Good manners,Obedience,Well-behaved,-2,4,1,0,4
441,New York,Slightly conservative,Somewhat disapprove,normal,5b859af9-d73a-479e-b689-ea790147576e,18,Female,"$20,000 to $24,999",White,No,High school graduate,New York,High school graduate,"[18,34]",White,"[0,25)",I,0,0,Independent,60,74,28,21,51,64,52,6,27,70,71,78,65,50,50,70,2,2,4,4,0,0,0,0,0,1,Respect for elders,Good manners,Obedience,Well-behaved,0,4,1,0,2
448,Wisconsin,Liberal,Strongly disapprove,normal,5b859b0c-cbce-421b-80ac-b998385bf033,72,Female,"$30,000 to $34,999",White,No,High school graduate,Wisconsin,High school graduate,"(64,96]",White,"[25,50)",D,-1,1,Democrat,90,80,1,1,90,80,1,0,80,70,49,91,90,89,73,1,1,1,4,1,1,1,1,1,1,1,NA,Curiosity,Self-reliance,Considerate,3,0,1,1,8
585,New York,Extremely conservative,Strongly approve,normal,5b859dd1-8d19-4d89-a547-65bcd14bc6f8,68,Female,"$45,000 to $49,999",White,No,High school graduate,New York,High school graduate,"(64,96]",White,"[25,50)",I,0,0,Independent,3,52,52,51,0,100,100,100,0,0,10,48,100,100,50,100,2.5,3,4,2.3333333333333335,1,0,1,1,0,1,Respect for elders,Good manners,Obedience,Well-behaved,0,4,1,0,5
424,North Carolina,Liberal,Strongly disapprove,normal,5b859ad0-1e95-405f-8eb8-5d63a77caf4a,79,Male,"$100,000 to $124,999",White,No,Bachelor's degree,North Carolina,Bachelor's degree,"(64,96]",White,"[100,200)",D,-1,1,Democrat,100,60,0,1,49,76,26,1,70,72,41,99,71,100,1,1,1,2,4,2,1,1,1,1,0,1,Respect for elders,Curiosity,Self-reliance,Considerate,3,1,1,1,7
455,Virginia,Moderate,Strongly disapprove,normal,5b859b1c-627b-474d-af64-c515fbfdf966,70,Male,"$250,000 and above",White,No,Graduate or professional degree,Virginia,Graduate or professional degree,"(64,96]",White,NA,D,-1,1,Democrat,71,53,23,20,45,82,3,1,7,8,81,9,71,71,20,51,1,2,3,1.5,1,0,1,1,0,1,Respect for elders,Curiosity,Obedience,Considerate,3,2,1,1,6
343,Massachusetts,Moderate,Strongly disapprove,normal,5b859a4d-a474-4d02-a7f8-869695f79278,64,Male,"$50,000 to $54,999",White,No,High school graduate,Massachusetts,High school graduate,"(49,64]",White,"[50,75)",D,-1,1,Democrat,51,79,32,1,65,75,2,1,30,60,38,1,60,60,50,50,2,2,2,1.5,1,0,1,1,0,1,Independence,Curiosity,Obedience,Considerate,-3,1,1,1,6
468,Tennessee,Moderate,Strongly disapprove,noincome,5b859b42-3094-4511-848f-3a8686b9182f,59,Male,"$125,000 to $149,999",White,No,Bachelor's degree,Tennessee,Bachelor's degree,"(49,64]",White,"[100,200)",D,-1,1,Democrat,81,81,1,1,49,91,75,25,70,80,90,90,81,92,52,50,1.5,2,3.5,2,1,0,0,1,0,1,Respect for elders,Curiosity,Obedience,Considerate,-3,2,1,0,4
592,Mississippi,Extremely liberal,Strongly disapprove,normal,5b859df8-f2ee-46ce-acd2-bc9eeb40398a,35,Female,Prefer not to answer,White,Yes,Bachelor's degree,Mississippi,Bachelor's degree,"(34,49]",White,NA,D,-3,3,Democrat,54,57,58,59,55,56,58,63,54,56,57,62,55,56,57,59,4,4,4,4,1,0,0,1,0,1,Respect for elders,Good manners,Obedience,Well-behaved,3,4,0,0,3
554,Illinois,Liberal,Strongly disapprove,normal,5b859cb4-d5ea-43c6-8455-10d55402e9b0,71,Female,"$15,000 to $19,999",White,No,Associate's degree,Illinois,Associate's degree,"(64,96]",White,"[0,25)",D,-3,3,Democrat,75,66,1,1,100,100,1,1,100,59,18,1,100,99,27,7,1,1.5,1,1,1,1,1,1,0,1,Independence,Curiosity,Self-reliance,Considerate,-2,0,1,0,6
354,New York,Slightly liberal,Somewhat disapprove,normal,5b859a57-b9bf-424d-ab9a-552a1ec63a54,31,Male,"$45,000 to $49,999",White,No,High school graduate,New York,High school graduate,"[18,34]",White,"[25,50)",D,-2,2,Democrat,26,29,49,47,42,53,82,47,95,81,3,1,91,78,72,43,3,3,1,1,0,1,1,1,1,1,Respect for elders,Curiosity,Obedience,Well-behaved,-2,3,1,1,7
440,Florida,Conservative,Somewhat approve,noincome,5b859af3-8fd1-4f22-9635-2ac91e1c92c0,77,Female,"$60,000 to $64,999",White,No,Associate's degree,Florida,Associate's degree,"(64,96]",White,"[50,75)",R,3,3,Republican,50,87,1,2,40,30,76,2,1,1,81,1,41,1,52,1,2,3,3,3,1,1,1,1,1,1,Respect for elders,Good manners,Self-reliance,Considerate,3,2,1,1,8
379,Ohio,Moderate,Somewhat approve,normal,5b859a80-22c6-4491-88b0-f9e554872321,53,Female,"$25,000 to $29,999",White,No,Associate's degree,Ohio,Associate's degree,"(49,64]",White,"[25,50)",R,2,2,Republican,38,45,40,51,46,41,50,56,43,35,43,39,45,37,42,40,4,4,2,1,0,0,0,1,0,1,Respect for elders,Good manners,Self-reliance,Well-behaved,-2,3,1,0,3
556,North Carolina,Moderate,Somewhat disapprove,normal,5b859cb7-436d-4889-8555-8a6b467ce8ad,64,Female,"$40,000 to $44,999",White,No,Associate's degree,North Carolina,Associate's degree,"(49,64]",White,"[25,50)",I,0,0,Independent,100,100,2,2,2,13,100,2,50,100,47,2,100,100,1,4,1.5,3,2,1.5,0,0,1,1,0,1,Respect for elders,Curiosity,Obedience,Well-behaved,-3,3,1,1,5
498,New York,Slightly conservative,Strongly approve,normal,5b859b94-e132-4e90-afa6-c7149d723657,81,Male,"$35,000 to $39,999",White,No,Associate's degree,New York,Associate's degree,"(64,96]",White,"[25,50)",R,2,2,Republican,51,50,1,1,0,99,99,52,0,0,77,0,1,1,88,98,1,2.5,3,4,1,1,1,1,0,1,Respect for elders,Good manners,Obedience,Well-behaved,3,4,1,1,7
434,Indiana,Moderate,Somewhat approve,normal,5b859ae7-33c0-415a-8084-df18cb708bba,74,Female,"$125,000 to $149,999",White,No,Bachelor's degree,Indiana,Bachelor's degree,"(64,96]",White,"[100,200)",R,2,2,Republican,50,50,51,19,70,90,64,50,25,1,71,8,51,51,51,27,3,2,3,2,1,1,1,1,0,1,Respect for elders,Good manners,Obedience,Well-behaved,3,4,1,0,6
535,Florida,Moderate,Strongly disapprove,noincome,5b859c20-bd6c-461e-b19c-cb9bc991ddcb,54,Male,"$25,000 to $29,999",Asian *** Filipino,No,Bachelor's degree,Florida,Bachelor's degree,"(49,64]",Asian or Pacific Islander,"[25,50)",D,-1,1,Democrat,81,80,2,2,39,62,62,11,20,28,71,4,30,30,49,49,1,2.5,3,3.5,1,1,1,1,1,1,Respect for elders,Good manners,Obedience,Well-behaved,3,4,1,1,8
491,New Jersey,Slightly liberal,Somewhat disapprove,normal,5b859b7b-1ef1-4fb0-9168-d4b885ddffa7,59,Male,"$15,000 to $19,999",White,No,Bachelor's degree,New Jersey,Bachelor's degree,"(49,64]",White,"[0,25)",R,1,1,Republican,83,72,10,10,81,91,10,11,2,1,97,50,50,50,87,67,1,2,3,3,1,0,0,1,0,0,Independence,Curiosity,Self-reliance,Well-behaved,-3,1,1,0,3
482,Indiana,Extremely liberal,Strongly disapprove,normal,5b859b6d-3e53-467a-a752-872dfe6f58e5,28,Female,"$60,000 to $64,999",White,No,Bachelor's degree,Indiana,Bachelor's degree,"[18,34]",White,"[50,75)",D,-3,3,Democrat,100,100,0,0,100,0,0,0,100,73,9,0,100,100,0,0,1.5,1,1,1.5,1,0,1,1,0,1,Respect for elders,Good manners,Self-reliance,Well-behaved,3,3,1,1,6
274,Florida,Slightly conservative,Somewhat approve,noincome,5b8599cb-0ae2-430f-a214-901fd9139cce,57,Male,"$95,000 to $99,999",Asian *** Other,No,Graduate or professional degree,Florida,Graduate or professional degree,"(49,64]",Asian or Pacific Islander,"[75,100)",R,2,2,Republican,91,74,31,55,32,60,51,91,33,41,73,51,51,61,80,59,1,4,3,3,1,1,0,1,0,1,Respect for elders,Good manners,Obedience,Well-behaved,3,4,0,1,5
538,Illinois,Slightly conservative,Strongly approve,normal,5b859c32-4428-4fc8-a370-d4100f43fd06,58,Female,"$15,000 to $19,999",White,No,"Some college, no degree",Illinois,"Some college, no degree","(49,64]",White,"[0,25)",D,-2,2,Democrat,1,0,1,1,0,42,100,100,0,0,0,100,19,7,100,100,2.6666666666666665,3.5,4,3.5,1,0,0,1,0,1,Respect for elders,Good manners,Obedience,Well-behaved,-3,4,1,1,5
590,Virginia,Slightly conservative,Strongly approve,normal,5b859ded-f118-4cea-8fc1-695eb23c4973,68,Female,"$90,000 to $94,999",White,No,Bachelor's degree,Virginia,Bachelor's degree,"(64,96]",White,"[75,100)",R,3,3,Republican,15,47,33,13,36,38,48,14,32,37,70,39,40,35,23,3,2,3,3,1,0,1,0,1,0,1,Respect for elders,Good manners,Obedience,Considerate,-3,3,0,0,3
499,Texas,Liberal,Strongly disapprove,noincome,5b859b98-101c-4206-adc4-f7177ee6ecdd,22,Female,Prefer not to answer,Prefer not to answer,No,Associate's degree,Texas,Associate's degree,"[18,34]",Prefer not to answer,NA,D,-3,3,Democrat,75,60,30,0,60,81,20,0,100,90,70,0,77,90,86,72,1,2,1,2,1,1,1,1,0,1,Respect for elders,Good manners,Obedience,Considerate,-2,3,1,0,6
558,Arizona,Extremely liberal,Strongly approve,normal,5b859cc8-30e6-4205-98ef-e20ef2a24bbd,30,Male,"$50,000 to $54,999",White,No,Bachelor's degree,Arizona,Bachelor's degree,"[18,34]",White,"[50,75)",I,0,0,Independent,86,32,4,4,41,33,63,22,0,0,0,100,22,25,43,8,1,3,4,3,1,1,1,1,1,1,Independence,Good manners,Self-reliance,Considerate,-3,1,0,1,7
678,Maryland,Extremely liberal,Strongly approve,normal,5b859ef6-3186-478e-a2d6-f53cbfecfb2f,39,Female,"$100,000 to $124,999",Some other race,No,Bachelor's degree,Maryland,Bachelor's degree,"(34,49]",Other,"[100,200)",D,-3,3,Democrat,48,80,73,95,39,70,51,94,74,49,82,83,36,79,61,86,4,4,4,4,0,0,0,1,0,0,Respect for elders,Good manners,Self-reliance,Well-behaved,-2,3,1,0,2
137,Ohio,Moderate,Somewhat approve,normal,5b8598a4-f4a3-4b4c-b4c5-ef5587508561,59,Male,"$15,000 to $19,999",White,No,"Some college, no degree",Ohio,"Some college, no degree","(49,64]",White,"[0,25)",R,3,3,Republican,86,66,35,20,49,88,96,94,92,85,76,25,89,90,96,31,1,3,1,3,1,0,1,1,1,0,Respect for elders,Good manners,Obedience,Well-behaved,-3,4,0,1,5
119,Kentucky,Moderate,Somewhat approve,normal,5b85986f-d7fe-4a98-a26f-0dd3c9057677,60,Female,Prefer not to answer,White,No,"Some college, no degree",Kentucky,"Some college, no degree","(49,64]",White,NA,I,0,0,Independent,34,47,42,49,36,45,58,35,30,45,32,66,19,28,56,47,4,3,4,3,0,0,0,0,1,1,Respect for elders,Curiosity,Self-reliance,Considerate,-2,1,0,0,2
563,Nevada,Conservative,Strongly approve,noincome,5b859cf9-44fa-47c7-a2f8-3b140933eaad,59,Male,"$85,000 to $89,999",White,No,Graduate or professional degree,Nevada,Graduate or professional degree,"(49,64]",White,"[75,100)",R,3,3,Republican,60,71,7,7,50,75,50,8,5,49,75,50,65,62,75,55,2,2,3,3,1,0,1,1,0,1,Respect for elders,Good manners,Obedience,Considerate,-3,3,1,0,5
589,Georgia,Moderate,Somewhat disapprove,normal,5b859de6-e34f-4f25-85ca-2343558f2ac4,33,Female,"$95,000 to $99,999",White,No,Bachelor's degree,Georgia,Bachelor's degree,"[18,34]",White,"[75,100)",D,-2,2,Democrat,90,92,1,2,79,55,58,0,69,71,47,1,70,68,47,1,2,1,2,1,1,0,0,1,0,1,Respect for elders,Good manners,Obedience,Well-behaved,-2,4,1,0,4
636,Wisconsin,Slightly conservative,Strongly approve,normal,5b859e7c-be6d-437f-975a-874d3fbf597a,51,Male,"$65,000 to $69,999",White,No,"Some college, no degree",Wisconsin,"Some college, no degree","(49,64]",White,"[50,75)",R,3,3,Republican,50,58,61,65,43,49,49,53,40,57,60,71,30,48,43,49,4,4,4,4,1,0,0,1,1,1,Independence,Good manners,Obedience,Well-behaved,-2,3,0,0,4
355,Florida,Conservative,Strongly approve,noincome,5b859a5a-2fe5-4184-9c21-184dd02c7202,63,Female,"$100,000 to $124,999",White,No,Bachelor's degree,Florida,Bachelor's degree,"(49,64]",White,"[100,200)",R,3,3,Republican,70,69,1,1,2,2,99,41,1,1,99,2,50,50,76,23,1,3,3,3,1,0,0,1,0,1,Respect for elders,Good manners,Obedience,Considerate,-2,3,1,0,4
673,Wisconsin,Slightly liberal,Strongly disapprove,normal,5b859eea-fc13-4a0d-87c6-be0895dc4188,61,Male,"$65,000 to $69,999","Black, or African American",No,"Some college, no degree",Wisconsin,"Some college, no degree","(49,64]",Black,"[50,75)",R,2,2,Republican,29,39,52,46,100,100,100,100,100,100,100,100,30,10,7,4,3,2.5,2.5,1,1,0,0,1,0,1,Respect for elders,Good manners,Obedience,Considerate,0,3,1,0,4
570,Florida,Liberal,Strongly disapprove,noincome,5b859d46-365c-464d-a8e6-cf2ed596f449,51,Male,"$25,000 to $29,999",White,No,Did not complete high school,Florida,Did not complete high school,"(49,64]",White,"[25,50)",D,-3,3,Democrat,100,100,1,2,100,2,2,2,100,2,2,1,89,82,91,100,1.5,1,1,4,1,0,1,1,0,1,Independence,Good manners,Self-reliance,Considerate,0,1,1,0,5
537,Michigan,Moderate,Somewhat disapprove,normal,5b859c2e-9c8a-4cd1-b17f-228396b1b20c,58,Male,"$50,000 to $54,999",White,Yes,"Some college, no degree",Michigan,"Some college, no degree","(49,64]",White,"[50,75)",D,-2,2,Democrat,57,92,17,21,38,66,32,41,68,16,22,5,69,47,50,41,2,2,1,1,1,0,0,1,0,1,Independence,Curiosity,Self-reliance,Well-behaved,-2,1,0,0,3
591,Massachusetts,Slightly liberal,Strongly disapprove,normal,5b859def-3102-42ab-92c6-ad6c0f1d9e7c,31,Male,"$35,000 to $39,999",Prefer not to answer,Yes,Associate's degree,Massachusetts,Associate's degree,"[18,34]",Prefer not to answer,"[25,50)",D,-1,1,Democrat,98,98,4,5,99,45,7,4,97,66,31,2,94,68,7,9,1.5,1,1,1,1,0,1,1,0,1,Independence,Curiosity,Self-reliance,Considerate,2,0,1,1,6
406,Virginia,Moderate,Somewhat approve,normal,5b859aac-2750-459a-9737-57d8b72b80fb,63,Male,"$30,000 to $34,999",White,No,Bachelor's degree,Virginia,Bachelor's degree,"(49,64]",White,"[25,50)",I,0,0,Independent,80,70,1,1,50,50,60,20,40,40,60,20,70,60,60,80,1,3,3,4,0,0,0,1,0,1,Independence,Good manners,Self-reliance,Considerate,-3,1,1,0,3
618,New York,Liberal,Somewhat disapprove,normal,5b859e64-9f73-4a2e-90fc-d89c5d8b23ff,27,Male,"$30,000 to $34,999",White,No,"Some college, no degree",New York,"Some college, no degree","[18,34]",White,"[25,50)",D,-3,3,Democrat,37,45,34,17,10,11,16,22,17,5,5,10,38,30,32,13,2,4,1,1,1,0,1,1,0,0,Respect for elders,Curiosity,Self-reliance,Well-behaved,-2,2,0,0,3
598,Pennsylvania,Moderate,Strongly approve,normal,5b859e1c-d9c8-4fd1-a40e-388eb0c3549e,50,Male,"Less than $14,999",Asian *** Chinese,No,High school graduate,Pennsylvania,High school graduate,"(49,64]",Asian or Pacific Islander,"[0,25)",R,2,2,Republican,95,91,5,5,50,32,99,99,97,95,4,1,47,47,95,97,1,3.5,1,4,1,0,0,1,0,0,Independence,Good manners,Obedience,Well-behaved,-2,3,0,0,2
595,Florida,Slightly conservative,Strongly approve,noincome,5b859e07-02ab-4e55-84ba-b0cc4e9eff74,65,Male,"$50,000 to $54,999",White,No,Graduate or professional degree,Florida,Graduate or professional degree,"(64,96]",White,"[50,75)",R,2,2,Republican,69,94,7,10,8,9,97,93,96,76,15,5,76,83,95,94,2,3,1,3,1,0,0,1,1,1,Respect for elders,Good manners,Obedience,Considerate,0,3,1,1,6
545,North Carolina,Moderate,Strongly disapprove,normal,5b859c4e-8135-4f9b-b868-986c7d9f1ce8,28,Male,"$50,000 to $54,999",White,No,Graduate or professional degree,North Carolina,Graduate or professional degree,"[18,34]",White,"[50,75)",D,-3,3,Democrat,100,100,1,1,1,100,1,1,100,100,100,1,100,100,100,100,1.5,2,2,2.5,1,1,1,1,0,1,Respect for elders,Good manners,Self-reliance,Well-behaved,3,3,1,1,7
506,Ohio,Conservative,Somewhat approve,normal,5b859ba4-bb0c-4836-a3d3-a25b2a7e3fd5,63,Female,"$30,000 to $34,999",White,No,High school graduate,Ohio,High school graduate,"(49,64]",White,"[25,50)",R,2,2,Republican,90,50,19,1,10,31,89,71,10,30,80,1,11,40,80,90,1,3,3,4,1,1,1,1,1,1,Respect for elders,Good manners,Obedience,Well-behaved,3,4,1,1,8
138,Nebraska,Moderate,Somewhat disapprove,normal,5b8598a6-46f9-4d5c-af03-7c48a39ea8ef,45,Male,"$85,000 to $89,999",White,No,Bachelor's degree,Nebraska,Bachelor's degree,"(34,49]",White,"[75,100)",I,0,0,Independent,95,84,1,1,3,99,56,62,0,2,98,32,53,67,60,3,1,2,3,2,1,1,1,1,1,1,Respect for elders,Good manners,Self-reliance,Well-behaved,-3,3,1,1,8
490,Illinois,Liberal,Strongly disapprove,normal,5b859b79-9ca4-42b1-88b6-3dedf6d61dd4,69,Female,"$125,000 to $149,999",White,No,Graduate or professional degree,Illinois,Graduate or professional degree,"(64,96]",White,"[100,200)",D,-3,3,Democrat,100,100,1,1,100,100,18,0,100,52,10,0,100,100,1,1,1.5,1.5,1,1.5,1,1,1,1,1,1,Respect for elders,Curiosity,Obedience,Well-behaved,3,3,1,1,8
625,Florida,Slightly liberal,Strongly disapprove,noincome,5b859e68-d40a-47dd-9094-cae637596232,25,Male,"$50,000 to $54,999",White,No,"Some college, no degree",Florida,"Some college, no degree","[18,34]",White,"[50,75)",D,-2,2,Democrat,100,100,3,3,93,93,1,1,26,96,2,2,47,7,4,5,1.5,1.5,2,1,0,0,0,1,0,1,Respect for elders,Good manners,Self-reliance,Considerate,-3,2,1,0,3
746,Maryland,Moderate,Somewhat approve,normal,5b859fa4-e642-4187-a39d-26d0a2439de3,28,Male,"$30,000 to $34,999",White,No,Graduate or professional degree,Maryland,Graduate or professional degree,"[18,34]",White,"[25,50)",D,-2,2,Democrat,90,85,87,79,87,80,88,81,85,78,92,78,84,87,76,85,1,3,3,2,0,1,0,0,1,0,Respect for elders,Good manners,Obedience,Well-behaved,-3,4,0,0,2
385,Florida,Slightly liberal,Strongly disapprove,noincome,5b859a8b-f057-4ee7-bc53-b1e25ac41778,77,Male,"$50,000 to $54,999",White,No,Bachelor's degree,Florida,Bachelor's degree,"(64,96]",White,"[50,75)",D,-2,2,Democrat,90,73,1,1,1,99,0,1,57,79,44,2,89,88,86,27,1,2,2,1,1,1,1,1,1,1,Independence,Curiosity,Self-reliance,Considerate,3,0,1,1,8
518,Ohio,Moderate,Strongly disapprove,normal,5b859bce-c52b-46d0-b632-c1ea762491f6,70,Female,"$65,000 to $69,999",White,No,Associate's degree,Ohio,Associate's degree,"(64,96]",White,"[50,75)",D,-3,3,Democrat,82,76,1,1,71,82,1,4,72,84,81,5,63,61,20,38,1,2,2,1,1,1,1,1,1,0,Respect for elders,Curiosity,Self-reliance,Considerate,0,1,1,1,7
568,Arizona,Liberal,Strongly disapprove,normal,5b859d35-3a42-41d5-8c20-1a41161de5ce,36,Male,"$55,000 to $59,999",White,No,"Some college, no degree",Arizona,"Some college, no degree","(34,49]",White,"[50,75)",I,0,0,Independent,51,51,1,0,49,49,48,1,81,51,48,1,50,49,48,49,1.5,1.5,1,1,0,0,0,1,0,1,Independence,Curiosity,Self-reliance,Considerate,0,0,0,0,2
550,Indiana,Slightly liberal,Somewhat approve,normal,5b859c8c-fc44-4a10-993d-953819e72d0b,42,Female,"$35,000 to $39,999",White,No,High school graduate,Indiana,High school graduate,"(34,49]",White,"[25,50)",D,-2,2,Democrat,69,81,14,11,29,29,41,16,81,80,27,3,89,90,40,30,2,3,1,2,0,0,0,1,0,1,Respect for elders,Good manners,Self-reliance,Considerate,0,2,1,0,3
681,Colorado,Slightly liberal,Strongly disapprove,normal,5b859ef9-4a5a-4c64-8e4e-d39116a553f1,26,Male,"$30,000 to $34,999",White,No,High school graduate,Colorado,High school graduate,"[18,34]",White,"[25,50)",D,-3,3,Democrat,99,98,1,1,96,97,5,2,97,5,1,1,100,98,4,73,1,2,1,1,0,0,0,1,0,1,Respect for elders,Curiosity,Self-reliance,Considerate,3,1,1,0,3
646,California,Liberal,Strongly disapprove,normal,5b859ea3-94e2-4569-b6e1-6ee2c8480fc4,46,Female,"Less than $14,999",White,No,"Some college, no degree",California,"Some college, no degree","(34,49]",White,"[0,25)",D,-3,3,Democrat,67,92,13,13,30,30,33,30,12,14,78,92,12,10,94,12,2,3,4,3,0,0,0,1,0,1,Respect for elders,Good manners,Obedience,Considerate,0,3,0,1,3
522,Louisiana,Conservative,Strongly approve,normal,5b859be6-30a8-4fec-b2b7-85d075702bbf,59,Female,"$150,000 to $174,999",White,No,Bachelor's degree,Louisiana,Bachelor's degree,"(49,64]",White,"[100,200)",R,3,3,Republican,81,100,0,0,1,1,100,100,1,1,100,1,70,21,100,100,2,3.5,3,3.5,1,0,0,1,0,1,Respect for elders,Good manners,Obedience,Well-behaved,3,4,1,1,5
583,Indiana,Liberal,Strongly disapprove,normal,5b859dcf-bcb6-41b2-b146-0a1d9a990b6c,22,Female,"$175,000 to $199,999",White,No,Bachelor's degree,Indiana,Bachelor's degree,"[18,34]",White,"[100,200)",I,0,0,Independent,100,80,0,0,52,52,51,50,46,83,40,2,2,50,37,43,1,1.5,2,2,0,0,0,1,1,1,Respect for elders,Curiosity,Self-reliance,Considerate,3,1,1,0,4
612,California,Liberal,Strongly disapprove,normal,5b859e49-b379-4d0b-ab0a-d9b2073a83a8,60,Female,"Less than $14,999",White,No,Associate's degree,California,Associate's degree,"(49,64]",White,"[0,25)",D,-3,3,Democrat,81,100,1,0,39,100,100,14,30,100,100,100,61,60,100,100,2,2.5,3,3.5,1,0,0,1,0,1,Respect for elders,Good manners,Obedience,Well-behaved,2,4,1,0,4
495,Kentucky,Moderate,Somewhat approve,normal,5b859b84-869b-4ce6-a864-172a273af072,29,Female,"$35,000 to $39,999",White,No,Graduate or professional degree,Kentucky,Graduate or professional degree,"[18,34]",White,"[25,50)",R,1,1,Republican,6,52,1,1,51,52,52,50,1,1,35,1,12,11,7,11,2,2.5,3,1,0,0,0,1,0,1,Respect for elders,Good manners,Self-reliance,Considerate,3,2,0,0,2
611,Kansas,Conservative,Somewhat approve,normal,5b859e49-ab1a-4443-810c-79bcb9501a47,69,Female,"$125,000 to $149,999",Asian *** Other,No,Associate's degree,Kansas,Associate's degree,"(64,96]",Asian or Pacific Islander,"[100,200)",R,2,2,Republican,99,100,4,7,6,29,74,49,2,4,33,99,100,55,100,71,2,3,4,2,1,0,1,1,0,1,Respect for elders,Good manners,Obedience,Considerate,3,3,1,0,5
637,Illinois,Moderate,Somewhat approve,normal,5b859e7f-2980-447c-ac55-a8ef196604e1,59,Female,"$70,000 to $74,999",Asian *** Asian Indian,No,Bachelor's degree,Illinois,Bachelor's degree,"(49,64]",Asian or Pacific Islander,"[50,75)",R,2,2,Republican,26,46,54,57,64,63,67,58,78,88,81,15,35,37,99,100,4,3,2,4,1,0,0,1,0,1,Respect for elders,Good manners,Self-reliance,Considerate,-2,2,1,0,4
445,Alabama,Extremely liberal,Strongly disapprove,normal,5b859b04-9e88-4c38-8ad9-55fd7acc8cd9,34,Female,"$50,000 to $54,999",White,No,Bachelor's degree,Alabama,Bachelor's degree,"[18,34]",White,"[50,75)",D,-3,3,Democrat,100,49,2,3,54,100,11,5,100,47,1,1,100,100,9,5,1,2,1,1.5,0,0,1,1,0,1,Respect for elders,Curiosity,Self-reliance,Considerate,3,1,1,0,4
78,Minnesota,Conservative,Somewhat approve,normal,5b85979b-e603-452c-9e2d-d3db375d5035,61,Female,"Less than $14,999",White,No,"Some college, no degree",Minnesota,"Some college, no degree","(49,64]",White,"[0,25)",R,1,1,Republican,69,90,0,0,20,19,80,49,59,90,28,0,50,89,39,18,2,3,2,2,1,1,1,1,0,1,Respect for elders,Good manners,Obedience,Considerate,3,3,1,1,7
643,California,Liberal,Somewhat approve,normal,5b859ea2-4311-4dc3-821d-f9db0402d752,45,Male,"$15,000 to $19,999",White,No,Graduate or professional degree,California,Graduate or professional degree,"(34,49]",White,"[0,25)",D,-1,1,Democrat,80,76,56,53,49,54,51,51,61,63,65,65,74,73,53,76,1,2,3.5,4,0,0,1,1,0,1,Independence,Good manners,Obedience,Well-behaved,3,3,1,0,4
549,Nevada,Liberal,Strongly disapprove,noincome,5b859c66-75ef-4872-88f7-130aec58e6e1,69,Female,"$75,000 to $79,999",White,No,High school graduate,Nevada,High school graduate,"(64,96]",White,"[75,100)",D,-3,3,Democrat,82,69,2,2,52,40,41,15,54,70,20,89,53,66,10,10,1,1,4,2,1,1,1,1,1,1,Respect for elders,Curiosity,Self-reliance,Considerate,3,1,1,1,8
642,California,Slightly liberal,Strongly disapprove,normal,5b859e9f-d7f1-4936-a0eb-2d238d8c7e53,46,Male,"$200,000 to $249,999",White,No,Graduate or professional degree,California,Graduate or professional degree,"(34,49]",White,"[200,201)",R,2,2,Republican,56,87,6,5,96,96,5,5,8,87,100,4,100,100,10,10,2,1.5,3,1.5,1,1,1,1,0,1,Respect for elders,Good manners,Self-reliance,Considerate,3,2,1,0,6
680,Michigan,Moderate,Somewhat approve,normal,5b859ef8-97a3-4730-9f0f-2fd3130d76e9,25,Female,"$80,000 to $84,999",White,No,Associate's degree,Michigan,Associate's degree,"[18,34]",White,"[75,100)",R,2,2,Republican,96,97,3,1,2,54,8,9,95,7,48,2,7,5,95,88,2,2,1,3,0,0,0,0,0,0,Respect for elders,Good manners,Obedience,Well-behaved,-2,4,0,0,0
603,Texas,Moderate,Strongly disapprove,noincome,5b859e30-03cd-4d53-9373-47bfcdae24da,51,Male,"$150,000 to $174,999",White,No,Bachelor's degree,Texas,Bachelor's degree,"(49,64]",White,"[100,200)",I,0,0,Independent,98,98,1,1,99,100,1,1,80,49,6,1,97,96,48,47,1.5,2,1,1,1,1,1,1,0,1,Respect for elders,Curiosity,Self-reliance,Considerate,-2,1,1,1,7
626,Connecticut,Slightly conservative,Somewhat approve,normal,5b859e6c-295c-4dbd-9e65-e00c5f2899f4,39,Female,"$250,000 and above",White,No,Bachelor's degree,Connecticut,Bachelor's degree,"(34,49]",White,NA,R,2,2,Republican,59,86,9,7,7,96,95,81,88,91,93,8,85,79,51,8,2,2,3,1,1,0,0,1,0,1,Respect for elders,Curiosity,Self-reliance,Considerate,-2,1,1,0,4
662,Indiana,Slightly liberal,Somewhat approve,normal,5b859ec7-9245-48e7-a3e8-e791877d5181,44,Male,"$100,000 to $124,999",White,No,Bachelor's degree,Indiana,Bachelor's degree,"(34,49]",White,"[100,200)",D,-2,2,Democrat,66,70,24,9,31,62,50,26,49,51,86,13,50,48,61,23,2,2,3,3,1,0,0,1,0,0,Respect for elders,Curiosity,Self-reliance,Well-behaved,0,2,0,0,2
635,Ohio,Moderate,Strongly disapprove,normal,5b859e7c-a856-498d-9258-0c782a51e8e0,30,Female,"$125,000 to $149,999",White,No,Associate's degree,Ohio,Associate's degree,"[18,34]",White,"[100,200)",D,-3,3,Democrat,85,72,77,67,93,88,87,90,99,100,100,1,99,99,80,16,1,1,2.5,1.5,0,1,0,0,0,1,Respect for elders,Good manners,Obedience,Well-behaved,0,4,0,0,2
671,West Virginia,Conservative,Somewhat approve,normal,5b859ee5-c65e-4d7f-92a7-e4877d9ce21c,24,Male,"$50,000 to $54,999",White,No,Bachelor's degree,West Virginia,Bachelor's degree,"[18,34]",White,"[50,75)",I,0,0,Independent,92,57,81,14,88,70,92,96,83,93,78,95,83,49,92,97,1,4,4,4,0,0,0,0,0,1,Independence,Good manners,Obedience,Well-behaved,-3,3,1,0,2
315,Florida,Moderate,Strongly disapprove,noincome,5b859a1e-e3a6-4f4e-8bc3-b34980c845ed,34,Female,"$35,000 to $39,999",White,No,"Some college, no degree",Florida,"Some college, no degree","[18,34]",White,"[25,50)",R,2,2,Republican,71,100,0,0,42,75,15,0,14,100,47,100,59,57,80,93,2,2,3,4,0,1,1,1,0,1,Independence,Good manners,Self-reliance,Considerate,2,1,1,1,6
697,Michigan,Extremely liberal,Strongly approve,normal,5b859f24-a602-4031-bc76-25cb706895d2,49,Female,"Less than $14,999","Black, or African American",No,"Some college, no degree",Michigan,"Some college, no degree","(34,49]",Black,"[0,25)",D,-3,3,Democrat,29,57,71,44,38,64,70,68,26,46,65,78,100,44,27,62,3,3,4,1,0,0,0,0,0,1,Independence,Good manners,Obedience,Well-behaved,3,3,1,0,2
693,Arkansas,Extremely conservative,Strongly approve,normal,5b859f20-2adc-4a9f-b1fb-fe28da4b6d6f,43,Male,"$15,000 to $19,999",White,No,High school graduate,Arkansas,High school graduate,"(34,49]",White,"[0,25)",R,3,3,Republican,11,12,23,95,17,16,20,97,34,39,26,100,7,6,8,98,4,4,4,4,1,1,1,1,0,1,Independence,Curiosity,Obedience,Considerate,-3,1,1,0,6
710,North Carolina,Slightly conservative,Somewhat approve,normal,5b859f4e-ae18-4808-9f9f-3f405d6c8bbe,22,Male,"$45,000 to $49,999",White,No,Bachelor's degree,North Carolina,Bachelor's degree,"[18,34]",White,"[25,50)",R,3,3,Republican,46,95,82,71,76,73,93,86,91,79,92,94,87,85,81,74,2,3,4,1,1,1,1,1,1,1,Respect for elders,Good manners,Obedience,Well-behaved,3,4,1,1,8
659,South Carolina,Extremely conservative,Strongly approve,normal,5b859ebd-4a91-480a-a7cc-508c68cc949b,60,Female,"$70,000 to $74,999",American Indian or Alaska Native,Yes,Bachelor's degree,South Carolina,Bachelor's degree,"(49,64]",American Indian or Alaska Native,"[50,75)",R,3,3,Republican,78,93,4,7,1,94,80,70,7,7,50,61,100,75,41,22,2,2,4,1,1,1,1,1,0,1,Respect for elders,Good manners,Self-reliance,Considerate,3,2,1,0,6
587,New York,Moderate,Somewhat approve,normal,5b859de2-e5f0-4f60-aeb0-5df9807f514f,61,Female,"$55,000 to $59,999",White,No,Did not complete high school,New York,Did not complete high school,"(49,64]",White,"[50,75)",R,2,2,Republican,95,95,10,10,9,6,8,7,25,29,64,8,52,55,6,7,1.5,1,3,2,1,0,0,1,0,1,Respect for elders,Good manners,Obedience,Considerate,2,3,1,0,4
389,Washington,Conservative,Strongly approve,noincome,5b859a90-8575-409a-aa13-75a277468679,25,Male,"$35,000 to $39,999",White,No,Associate's degree,Washington,Associate's degree,"[18,34]",White,"[25,50)",R,3,3,Republican,83,99,2,4,99,64,13,4,50,50,70,27,27,28,98,96,2,1,3,3,0,0,0,0,0,1,Respect for elders,Good manners,Obedience,Well-behaved,3,4,0,0,1
557,New Jersey,Liberal,Strongly disapprove,normal,5b859cbd-1b08-4959-b007-fc3ab0f6bb37,47,Female,"Less than $14,999",Prefer not to answer,No,High school graduate,New Jersey,High school graduate,"(34,49]",Prefer not to answer,"[0,25)",D,-3,3,Democrat,100,92,4,1,88,85,21,9,60,75,76,82,88,91,84,84,1,1,4,2,1,0,1,1,0,1,Respect for elders,Curiosity,Self-reliance,Considerate,3,1,1,1,6
584,Tennessee,Moderate,Strongly disapprove,noincome,5b859dd0-cf33-40c0-815c-afe8dedf7dd4,37,Female,"$15,000 to $19,999",White,Yes,Associate's degree,Tennessee,Associate's degree,"(34,49]",White,"[0,25)",I,0,0,Independent,82,84,26,28,69,68,35,37,25,87,88,12,78,79,96,99,2,1,3,4,0,0,0,0,1,0,Respect for elders,Good manners,Obedience,Well-behaved,-2,4,1,0,2
602,Arkansas,Conservative,Strongly approve,normal,5b859e29-ff99-4f6d-bde5-16c031bfbbea,46,Female,"$75,000 to $79,999",White,No,Bachelor's degree,Arkansas,Bachelor's degree,"(34,49]",White,"[75,100)",R,3,3,Republican,20,49,7,6,4,2,100,9,100,13,49,3,33,19,100,100,2,3,1,3.5,1,0,1,1,0,1,Respect for elders,Good manners,Obedience,Well-behaved,3,4,1,0,5
572,Kentucky,Liberal,Strongly disapprove,normal,5b859d85-4096-4437-aa61-7bd6478bce23,34,Female,"$25,000 to $29,999",White,No,Bachelor's degree,Kentucky,Bachelor's degree,"[18,34]",White,"[25,50)",D,-3,3,Democrat,100,100,0,0,50,100,80,0,100,100,0,0,48,49,0,0,1.5,2,1.5,2,0,0,0,1,0,1,Respect for elders,Good manners,Self-reliance,Well-behaved,-3,3,1,0,3
619,Minnesota,Moderate,Somewhat approve,normal,5b859e65-2187-468d-9fbd-f1ff38a96161,25,Female,Prefer not to answer,White,No,"Some college, no degree",Minnesota,"Some college, no degree","[18,34]",White,NA,D,-2,2,Democrat,67,79,8,7,8,6,88,86,8,7,40,34,36,69,32,32,2,3,3,2,0,0,0,0,0,1,Respect for elders,Good manners,Obedience,Considerate,-3,3,1,0,2
632,Oregon,Liberal,Strongly disapprove,normal,5b859e77-cfe7-4019-9288-cca4f3504139,39,Male,Prefer not to answer,White,No,High school graduate,Oregon,High school graduate,"(34,49]",White,NA,D,-2,2,Democrat,77,100,0,0,50,51,50,51,98,0,0,0,50,50,50,50,2,3,1,2.5,0,0,0,1,0,0,Respect for elders,Curiosity,Self-reliance,Considerate,-2,1,1,0,2
539,Arkansas,Moderate,Somewhat disapprove,normal,5b859c33-d26b-4e3c-8770-bc3349ee4e2a,54,Male,"$45,000 to $49,999",Some other race,Yes,High school graduate,Arkansas,High school graduate,"(49,64]",Other,"[25,50)",I,0,0,Independent,89,61,7,8,41,56,36,8,100,12,35,6,85,86,19,100,1,2,1,4,0,0,1,1,0,1,Respect for elders,Good manners,Obedience,Well-behaved,-1,4,1,0,4
496,Missouri,Liberal,Strongly disapprove,normal,5b859b88-75ee-4c95-be73-17577042ca7e,65,Female,"$45,000 to $49,999",Asian *** Korean,No,Graduate or professional degree,Missouri,Graduate or professional degree,"(64,96]",Asian or Pacific Islander,"[25,50)",D,-3,3,Democrat,91,60,5,2,50,50,20,4,15,83,16,2,96,100,25,11,1,1.5,2,2,1,1,1,1,1,1,Respect for elders,Good manners,Obedience,Well-behaved,3,4,1,1,8
708,Louisiana,Moderate,Strongly approve,normal,5b859f41-be5f-4c6e-afd6-8d09832e4bbd,50,Female,"$40,000 to $44,999","Black, or African American",Yes,"Some college, no degree",Louisiana,"Some college, no degree","(49,64]",Black,"[25,50)",R,3,3,Republican,86,99,12,6,90,50,16,28,49,19,93,74,98,97,41,21,2,1,3,1,0,1,0,1,0,1,Respect for elders,Good manners,Obedience,Well-behaved,-3,4,1,0,4
363,Texas,Extremely conservative,Strongly approve,noincome,5b859a65-ed64-4e68-b1c0-1328392ed8bd,82,Female,Prefer not to answer,White,No,Bachelor's degree,Texas,Bachelor's degree,"(64,96]",White,NA,R,3,3,Republican,51,49,52,35,46,45,45,46,11,11,80,19,35,46,16,33,3,2.5,3,2,0,0,0,1,0,1,Respect for elders,Good manners,Obedience,Well-behaved,3,4,1,0,3
594,Missouri,Moderate,Somewhat disapprove,normal,5b859e05-128f-4472-a49f-ce7cf2919e2e,61,Male,"$55,000 to $59,999",White,No,Graduate or professional degree,Missouri,Graduate or professional degree,"(49,64]",White,"[50,75)",I,0,0,Independent,100,100,0,0,11,100,0,0,11,14,100,0,0,100,49,100,1.5,2,3,3,1,0,1,1,0,1,Respect for elders,Curiosity,Obedience,Considerate,0,2,1,0,5
679,Kentucky,Conservative,Somewhat approve,normal,5b859ef7-d1b0-4ff7-84bc-2dd02c69dc03,41,Female,"$45,000 to $49,999",White,No,Bachelor's degree,Kentucky,Bachelor's degree,"(34,49]",White,"[25,50)",R,3,3,Republican,49,49,48,47,1,99,100,99,50,49,99,2,99,100,48,49,1.5,3,3,2,1,1,1,1,0,1,Respect for elders,Good manners,Obedience,Well-behaved,2,4,1,0,6
395,Indiana,Conservative,Somewhat approve,normal,5b859a95-64a8-4817-9979-cba08aee501c,29,Male,"$65,000 to $69,999",White,No,Bachelor's degree,Indiana,Bachelor's degree,"[18,34]",White,"[50,75)",I,0,0,Independent,50,50,50,50,0,0,100,50,10,10,65,20,0,0,100,50,2.5,3,3,3,1,1,1,1,0,1,Respect for elders,Curiosity,Obedience,Considerate,-3,2,1,0,6
565,Kentucky,Conservative,Somewhat approve,normal,5b859d08-5539-4ccc-b771-41cbb4cda373,64,Female,"$25,000 to $29,999",White,No,Graduate or professional degree,Kentucky,Graduate or professional degree,"(49,64]",White,"[25,50)",R,3,3,Republican,75,91,12,15,3,3,100,99,100,91,4,4,32,100,50,12,2,3,1,2,1,0,1,1,0,1,Respect for elders,Good manners,Obedience,Well-behaved,-2,4,1,0,5
605,Florida,Extremely liberal,Strongly disapprove,noincome,5b859e35-bffb-4c21-9c09-f308e2846d3f,22,Female,"$45,000 to $49,999",White,No,"Some college, no degree",Florida,"Some college, no degree","[18,34]",White,"[25,50)",D,-3,3,Democrat,100,98,0,0,29,44,38,37,98,86,79,3,72,70,48,46,1,2,1,1,0,0,1,1,0,0,Respect for elders,Curiosity,Self-reliance,Considerate,3,1,0,1,3
634,New York,Liberal,Strongly disapprove,normal,5b859e7c-26ce-489c-850b-913a4150ad7b,33,Female,"$15,000 to $19,999",White,No,"Some college, no degree",New York,"Some college, no degree","[18,34]",White,"[0,25)",D,-2,2,Democrat,100,52,0,0,100,100,0,0,100,0,0,0,100,100,50,59,1,1.5,1,1.5,0,0,0,0,0,0,Respect for elders,Good manners,Obedience,Well-behaved,0,4,0,1,1
577,California,Conservative,Somewhat approve,normal,5b859db1-0e26-4e96-815a-04e27a0f0a1d,52,Male,"$50,000 to $54,999",Prefer not to answer,Prefer not to answer,Bachelor's degree,California,Bachelor's degree,"(49,64]",Prefer not to answer,"[50,75)",R,1,1,Republican,41,53,3,2,100,100,100,51,1,1,57,2,1,1,100,79,2,2,3,3,1,1,1,1,1,1,Respect for elders,Curiosity,Self-reliance,Considerate,3,1,1,1,8
653,Pennsylvania,Liberal,Somewhat disapprove,normal,5b859ead-0d72-47b3-8647-065a710d4a40,60,Female,Prefer not to answer,White,No,Bachelor's degree,Pennsylvania,Bachelor's degree,"(49,64]",White,NA,D,-2,2,Democrat,69,83,18,5,48,73,27,3,45,87,63,4,78,77,45,43,2,2,2,1,1,0,0,1,0,0,Respect for elders,Good manners,Obedience,Well-behaved,0,4,0,1,3
615,Texas,Slightly conservative,Somewhat approve,noincome,5b859e61-3ee7-4945-ab31-53e8212e2fd7,55,Female,Prefer not to answer,"Black, or African American",No,"Some college, no degree",Texas,"Some college, no degree","(49,64]",Black,NA,R,1,1,Republican,48,60,23,11,5,32,96,89,62,74,38,9,8,9,52,44,2,3,2,3,1,1,1,1,1,1,Independence,Curiosity,Self-reliance,Considerate,-1,0,1,1,8
651,Wisconsin,Moderate,Somewhat disapprove,normal,5b859eac-1e09-408d-b7c3-bc745875d61c,58,Female,"$70,000 to $74,999",White,No,Associate's degree,Wisconsin,Associate's degree,"(49,64]",White,"[50,75)",D,-2,2,Democrat,81,85,9,8,100,77,83,12,4,4,4,100,26,27,100,100,2,1,4,3.5,0,0,0,0,0,1,Respect for elders,Good manners,Obedience,Well-behaved,-3,4,1,1,3
567,Florida,Conservative,Somewhat approve,noincome,5b859d20-6b3f-4335-b0d2-0294ed3ea205,45,Female,"$45,000 to $49,999",White,No,Bachelor's degree,Florida,Bachelor's degree,"(34,49]",White,"[25,50)",R,3,3,Republican,71,91,3,0,37,60,61,14,52,64,86,2,67,66,81,46,2,3,3,3,0,0,0,1,0,1,Respect for elders,Good manners,Obedience,Considerate,-2,3,1,0,3
787,Maryland,Liberal,Somewhat disapprove,normal,5b85a033-942d-4b21-9d7b-2cf366a5bb79,35,Female,"$55,000 to $59,999",White,No,Graduate or professional degree,Maryland,Graduate or professional degree,"(34,49]",White,"[50,75)",D,-3,3,Democrat,90,96,14,6,6,97,97,3,98,98,4,99,74,73,48,100,2,2.5,4,4,0,0,0,1,1,0,Respect for elders,Good manners,Obedience,Considerate,-3,3,1,0,3
664,Nevada,Extremely liberal,Somewhat approve,noincome,5b859ed8-db77-4ff0-bf8f-9492351aaccb,52,Female,"$45,000 to $49,999",White,No,"Some college, no degree",Nevada,"Some college, no degree","(49,64]",White,"[25,50)",R,3,3,Republican,68,64,2,5,3,4,100,10,70,100,7,50,99,100,31,13,1,3,2,2,1,1,0,1,1,0,Respect for elders,Good manners,Obedience,Well-behaved,-3,4,0,0,4
702,Illinois,Moderate,Strongly disapprove,normal,5b859f2e-e668-4efc-8637-2d7e3b2c112a,25,Female,"$55,000 to $59,999",White,No,Bachelor's degree,Illinois,Bachelor's degree,"[18,34]",White,"[50,75)",I,0,0,Independent,50,50,50,50,50,50,50,50,50,50,50,50,50,50,50,50,2.5,2.5,2.5,2.5,0,0,0,0,0,0,Respect for elders,Good manners,Obedience,Considerate,0,3,0,0,0
733,Texas,Moderate,Strongly approve,noincome,5b859f70-1898-4ce7-82ce-983c8dceefbf,64,Female,"$45,000 to $49,999",White,No,"Some college, no degree",Texas,"Some college, no degree","(49,64]",White,"[25,50)",R,3,3,Republican,90,93,19,82,5,96,11,19,94,97,100,1,7,5,95,98,2,2,3,4,1,1,1,1,1,1,Independence,Good manners,Self-reliance,Considerate,2,1,1,1,8
55,Indiana,Conservative,Somewhat approve,normal,5b858da0-390a-42e5-9266-29e575c5997b,55,Female,"$15,000 to $19,999",White,No,High school graduate,Indiana,High school graduate,"(49,64]",White,"[0,25)",D,-3,3,Democrat,82,81,82,9,19,82,89,89,74,82,80,3,82,83,83,84,2,3.5,2,4,1,1,0,1,1,1,Respect for elders,Good manners,Obedience,Well-behaved,-3,4,1,0,6
596,Kentucky,Conservative,Strongly approve,normal,5b859e0a-03cb-41e4-9bb7-387896735642,67,Female,"$55,000 to $59,999",White,No,Bachelor's degree,Kentucky,Bachelor's degree,"(64,96]",White,"[50,75)",R,3,3,Republican,100,100,1,0,1,41,91,37,100,60,1,1,1,1,1,1,1.5,3,1,2.5,1,1,1,1,0,1,Respect for elders,Curiosity,Self-reliance,Considerate,3,1,1,1,7
586,Tennessee,Conservative,Somewhat disapprove,noincome,5b859ddf-ff03-40cc-a22d-c80852414c55,70,Male,"$45,000 to $49,999",White,No,"Some college, no degree",Tennessee,"Some college, no degree","(64,96]",White,"[25,50)",I,0,0,Independent,66,36,16,7,37,50,75,40,70,85,94,3,29,17,90,99,1,3,3,4,0,0,1,1,0,1,Respect for elders,Curiosity,Obedience,Considerate,2,2,1,1,5
663,Illinois,Moderate,Strongly approve,normal,5b859ec8-a08b-447a-b0a3-c75410aff74b,73,Female,"$20,000 to $24,999",White,No,Bachelor's degree,Illinois,Bachelor's degree,"(64,96]",White,"[0,25)",D,-2,2,Democrat,48,48,47,48,2,100,47,46,6,5,2,100,100,100,50,100,2.3333333333333335,2,4,2.3333333333333335,1,1,1,1,0,1,Respect for elders,Good manners,Self-reliance,Well-behaved,-3,3,1,0,6
593,Pennsylvania,Extremely liberal,Strongly disapprove,normal,5b859df9-1011-49f7-98d3-d839a9a051b9,57,Female,"$20,000 to $24,999",White,No,High school graduate,Pennsylvania,High school graduate,"(49,64]",White,"[0,25)",D,-3,3,Democrat,100,98,1,1,10,10,100,1,100,100,1,1,99,98,1,1,1,3,1.5,1,1,1,1,0,0,1,Respect for elders,Good manners,Self-reliance,Well-behaved,-3,3,1,0,5
682,Illinois,Moderate,Somewhat disapprove,normal,5b859ef9-d707-47d2-a16c-75377514a415,31,Female,"$30,000 to $34,999",White,No,High school graduate,Illinois,High school graduate,"[18,34]",White,"[25,50)",R,1,1,Republican,60,51,1,1,1,0,100,100,31,81,15,0,30,30,39,11,1,3.5,2,3,1,0,1,1,0,1,Respect for elders,Curiosity,Self-reliance,Well-behaved,-2,2,1,1,6
644,California,Slightly conservative,Somewhat approve,normal,5b859ea2-5239-42fc-98bd-892bf24d38f0,76,Female,"$70,000 to $74,999",White,No,Bachelor's degree,California,Bachelor's degree,"(64,96]",White,"[50,75)",R,2,2,Republican,59,62,2,2,62,59,47,32,3,2,2,98,32,72,54,79,2,1,4,4,1,1,1,1,0,1,Respect for elders,Curiosity,Obedience,Well-behaved,0,3,0,1,6
544,Oregon,Slightly conservative,Somewhat approve,normal,5b859c42-e23e-4f3d-a872-014726b22712,38,Female,"$45,000 to $49,999",White,No,High school graduate,Oregon,High school graduate,"(34,49]",White,"[25,50)",R,1,1,Republican,95,81,12,4,92,89,93,14,6,7,90,13,81,84,56,77,1,3,3,2,0,0,0,1,0,1,Respect for elders,Good manners,Self-reliance,Considerate,0,2,1,0,3
356,New York,Moderate,Somewhat approve,normal,5b859a5c-6930-4295-b1e6-523c35e569df,51,Female,"Less than $14,999","Black, or African American",No,"Some college, no degree",New York,"Some college, no degree","(49,64]",Black,"[0,25)",R,2,2,Republican,95,97,0,1,2,12,100,100,72,73,100,83,59,100,81,100,2,3.5,3,3,0,0,0,1,0,1,Respect for elders,Good manners,Obedience,Well-behaved,-3,4,1,1,4
562,South Carolina,Slightly conservative,Somewhat approve,normal,5b859cd2-038e-4273-83ba-a7c58ca8c466,71,Female,"$25,000 to $29,999",White,Prefer not to answer,"Some college, no degree",South Carolina,"Some college, no degree","(64,96]",White,"[25,50)",R,2,2,Republican,70,56,6,2,48,29,71,5,68,84,99,10,86,87,13,7,1,3,3,2,1,0,0,1,0,0,Respect for elders,Good manners,Self-reliance,Considerate,-2,2,1,0,3
655,California,Liberal,Strongly disapprove,normal,5b859eaf-2fd5-4f57-b77a-de7883010cc1,64,Male,"$40,000 to $44,999",White,No,"Some college, no degree",California,"Some college, no degree","(49,64]",White,"[25,50)",D,-3,3,Democrat,81,79,1,1,100,100,1,1,6,74,6,1,90,91,47,46,1,1.5,2,2,1,0,1,1,0,1,Independence,Curiosity,Self-reliance,Considerate,2,0,1,0,5
692,Kentucky,Moderate,Strongly approve,normal,5b859f1f-2024-4885-a035-6788d2552e51,44,Female,"$50,000 to $54,999",White,Yes,High school graduate,Kentucky,High school graduate,"(34,49]",White,"[50,75)",D,-2,2,Democrat,75,75,23,22,29,30,82,67,77,77,23,85,75,75,64,53,1.5,3,4,1.5,0,1,0,1,0,1,Respect for elders,Good manners,Self-reliance,Considerate,3,2,1,0,4
419,Pennsylvania,Slightly conservative,Strongly approve,normal,5b859ac1-cadd-4eee-9828-ce4852b9a277,59,Female,"$80,000 to $84,999",White,No,Graduate or professional degree,Pennsylvania,Graduate or professional degree,"(49,64]",White,"[75,100)",R,2,2,Republican,60,61,49,52,68,74,42,68,15,16,96,55,70,71,100,100,2,2,3,3.5,1,1,1,1,0,1,Respect for elders,Good manners,Obedience,Considerate,3,3,1,0,6
519,Virginia,Extremely conservative,Strongly approve,normal,5b859bd2-00fd-45f1-8ca6-f264def04cfe,64,Male,Prefer not to answer,White,No,Bachelor's degree,Virginia,Bachelor's degree,"(49,64]",White,NA,R,3,3,Republican,73,63,28,10,4,82,54,75,31,80,89,16,95,100,64,98,1,2,3,2,1,1,1,0,0,0,Respect for elders,Curiosity,Self-reliance,Considerate,3,1,1,0,4
806,Arkansas,Extremely conservative,Strongly disapprove,normal,5b85a066-c4a6-4715-b60b-7d1c34bac1a7,23,Female,"$20,000 to $24,999",White,No,Bachelor's degree,Arkansas,Bachelor's degree,"[18,34]",White,"[0,25)",I,0,0,Independent,52,79,4,22,8,5,5,10,1,2,1,4,29,35,24,21,2,4,4,2,0,0,0,0,0,0,Independence,Good manners,Obedience,Well-behaved,-1,3,0,0,0
546,Georgia,Slightly liberal,Somewhat disapprove,normal,5b859c5b-01fe-4af5-9f98-a93e9a47df05,56,Female,"Less than $14,999",White,No,"Some college, no degree",Georgia,"Some college, no degree","(49,64]",White,"[0,25)",R,2,2,Republican,85,85,16,3,2,52,90,71,95,95,73,2,94,93,84,3,1.5,3,1.5,1,1,0,1,1,0,0,Independence,Curiosity,Self-reliance,Well-behaved,-2,1,1,0,4
621,North Carolina,Conservative,Strongly approve,normal,5b859e66-f941-4070-aaea-7842a7bd50a4,54,Male,"$75,000 to $79,999",White,No,Graduate or professional degree,North Carolina,Graduate or professional degree,"(49,64]",White,"[75,100)",R,3,3,Republican,67,65,59,46,81,84,68,89,36,41,76,18,64,70,78,72,1,4,3,3,1,0,1,1,0,1,Respect for elders,Good manners,Obedience,Well-behaved,2,4,1,0,5
677,Georgia,Moderate,Somewhat disapprove,normal,5b859ef3-e6cb-4cef-8151-24f90839b7b7,60,Male,"Less than $14,999",White,No,Bachelor's degree,Georgia,Bachelor's degree,"(49,64]",White,"[0,25)",I,0,0,Independent,91,85,18,9,50,79,40,43,45,67,83,6,83,81,60,55,1,2,3,1,0,0,0,1,0,1,Respect for elders,Good manners,Obedience,Considerate,0,3,1,0,3
510,Minnesota,Conservative,Strongly approve,normal,5b859ba9-b958-479a-87cc-0ae632f4107d,92,Male,"$100,000 to $124,999",White,No,"Some college, no degree",Minnesota,"Some college, no degree","(64,96]",White,"[100,200)",R,3,3,Republican,50,41,52,9,10,10,90,64,10,21,81,23,40,31,71,11,3,3,3,3,1,1,1,1,0,1,Respect for elders,Curiosity,Self-reliance,Considerate,3,1,1,1,7
262,Florida,Conservative,Strongly disapprove,noincome,5b8599b4-2a14-4885-95e9-8114ae4d8bd6,59,Female,"Less than $14,999",White,No,Bachelor's degree,Florida,Bachelor's degree,"(49,64]",White,"[0,25)",D,-2,2,Democrat,100,100,20,20,100,100,50,50,10,10,100,10,100,100,70,70,1.5,1.5,3,1.5,0,0,0,0,0,1,Respect for elders,Good manners,Obedience,Well-behaved,0,4,1,0,2
566,Florida,Conservative,Strongly approve,noincome,5b859d17-8be7-4fb3-a09f-a3ccfd194261,57,Female,"$20,000 to $24,999",White,No,High school graduate,Florida,High school graduate,"(49,64]",White,"[0,25)",R,3,3,Republican,50,37,18,6,1,33,100,74,100,100,61,4,3,3,18,3,1,3,1.5,3,1,1,1,1,1,1,Respect for elders,Good manners,Self-reliance,Considerate,3,2,1,1,8
803,New Hampshire,Conservative,Strongly disapprove,"noincome,nosales",5b85a060-83e9-4f2f-9e1a-d89826f8b46d,46,Female,"$50,000 to $54,999",White,No,High school graduate,New Hampshire,High school graduate,"(34,49]",White,"[50,75)",I,0,0,Independent,100,97,100,97,74,77,78,78,85,86,88,86,90,83,79,75,2,3.5,3,1,0,0,0,0,0,0,Independence,Good manners,Self-reliance,Considerate,-2,1,1,0,1
756,Connecticut,Liberal,Somewhat disapprove,normal,5b859fcb-9679-4f41-bb29-f75cbab0630b,28,Male,"$50,000 to $54,999",White,No,Bachelor's degree,Connecticut,Bachelor's degree,"[18,34]",White,"[50,75)",D,-2,2,Democrat,32,53,8,7,6,65,73,4,14,70,6,7,24,56,6,6,2,3,2,2,0,0,0,1,0,1,Respect for elders,Curiosity,Self-reliance,Well-behaved,-3,2,1,0,3
433,Pennsylvania,Extremely conservative,Strongly approve,normal,5b859ae5-f65b-4419-9331-d9cddd04cb17,46,Female,"$55,000 to $59,999",White,No,"Some college, no degree",Pennsylvania,"Some college, no degree","(34,49]",White,"[50,75)",R,3,3,Republican,49,50,50,50,51,50,50,50,50,50,51,51,51,51,51,50,3,1,3.5,2,0,0,0,0,0,1,Respect for elders,Good manners,Obedience,Considerate,-2,3,0,0,1
686,North Carolina,Extremely conservative,Strongly approve,normal,5b859f00-8fa8-4ab5-8b2a-7418c61559b6,35,Male,"Less than $14,999",White,No,High school graduate,North Carolina,High school graduate,"(34,49]",White,"[0,25)",R,3,3,Republican,100,100,50,50,50,50,100,100,0,0,100,50,100,0,50,100,1.5,3.5,3,2.5,1,1,1,1,0,1,Respect for elders,Good manners,Obedience,Considerate,-2,3,1,0,6
654,California,Extremely conservative,Strongly approve,normal,5b859eae-53ff-46ad-8e24-cbaa2827941d,47,Male,"$20,000 to $24,999","Black, or African American",No,High school graduate,California,High school graduate,"(34,49]",Black,"[0,25)",R,3,3,Republican,100,100,10,12,20,20,100,100,50,100,50,40,100,100,20,100,1.5,3.5,2,2.3333333333333335,1,1,1,1,0,1,Independence,Good manners,Obedience,Well-behaved,3,3,0,0,5
620,Maryland,Liberal,Somewhat disapprove,normal,5b859e66-7464-4c7b-bc69-e51dfbbc22a4,25,Female,"$35,000 to $39,999",White,No,"Some college, no degree",Maryland,"Some college, no degree","[18,34]",White,"[25,50)",D,-3,3,Democrat,77,77,10,11,71,73,31,29,50,49,42,31,68,59,50,71,1.5,2,1,4,1,0,0,1,0,1,Independence,Curiosity,Self-reliance,Considerate,2,0,1,0,4
835,New Jersey,Extremely liberal,Strongly approve,normal,5b85a0cb-321e-4874-a253-163507b54e5e,24,Male,"$25,000 to $29,999",White,No,"Some college, no degree",New Jersey,"Some college, no degree","[18,34]",White,"[25,50)",R,3,3,Republican,77,81,96,92,100,97,97,95,57,92,100,96,96,78,79,96,3,1,3,2.5,0,0,0,0,0,0,Respect for elders,Curiosity,Self-reliance,Well-behaved,3,2,0,0,0
614,California,Extremely liberal,Strongly disapprove,normal,5b859e60-1b1b-4377-8a6f-e275da75fac9,45,Female,"Less than $14,999","Black, or African American",No,High school graduate,California,High school graduate,"(34,49]",Black,"[0,25)",D,-3,3,Democrat,54,55,2,2,64,71,6,2,64,100,15,1,90,88,79,49,2,2,2,1,1,1,1,1,0,1,Independence,Good manners,Self-reliance,Well-behaved,-1,2,1,0,6
513,Iowa,Extremely conservative,Strongly approve,normal,5b859bad-ac3d-49c6-8b13-83389eb80404,40,Female,"$30,000 to $34,999","Black, or African American",No,Associate's degree,Iowa,Associate's degree,"(34,49]",Black,"[25,50)",R,3,3,Republican,100,100,0,0,0,0,100,100,0,0,100,0,100,100,0,0,1.5,3.5,3,1.5,1,0,0,1,0,0,Respect for elders,Good manners,Obedience,Considerate,3,3,1,0,3
674,North Carolina,Slightly liberal,Somewhat approve,normal,5b859eef-64b4-4649-8409-7c512d7ec1b8,69,Female,"$30,000 to $34,999",White,No,Graduate or professional degree,North Carolina,Graduate or professional degree,"(64,96]",White,"[25,50)",R,2,2,Republican,100,100,2,4,97,100,90,45,54,44,88,7,100,98,8,8,1.5,2,3,1,0,0,0,1,0,0,Respect for elders,Good manners,Obedience,Considerate,-2,3,1,0,2
628,Wisconsin,Extremely conservative,Somewhat approve,normal,5b859e6f-f236-4ca7-ae48-8fe5fdebf23e,29,Male,"$45,000 to $49,999",White,No,"Some college, no degree",Wisconsin,"Some college, no degree","[18,34]",White,"[25,50)",R,3,3,Republican,69,100,24,5,9,67,57,12,6,6,24,84,51,56,37,22,2,2,4,2,1,0,0,1,0,1,Respect for elders,Good manners,Obedience,Considerate,-3,3,0,0,3
742,Arkansas,Moderate,Strongly disapprove,normal,5b859f98-6e1d-425d-84da-4e53c24f2ebe,53,Male,"$60,000 to $64,999",White,No,Graduate or professional degree,Arkansas,Graduate or professional degree,"(49,64]",White,"[50,75)",D,-3,3,Democrat,36,52,16,25,49,52,48,23,27,39,98,16,34,40,60,46,2,2,3,3,1,1,1,1,1,1,Independence,Good manners,Obedience,Well-behaved,-3,3,1,0,7
650,North Dakota,Liberal,Strongly disapprove,normal,5b859eac-0e60-4114-bb35-e8ae068d96d9,64,Male,"$75,000 to $79,999",White,No,Bachelor's degree,North Dakota,Bachelor's degree,"(49,64]",White,"[75,100)",D,-1,1,Democrat,64,37,7,6,74,82,8,10,82,99,14,6,100,100,25,23,1,2,2,1.5,1,1,1,1,1,1,Independence,Curiosity,Self-reliance,Considerate,3,0,1,1,8
762,Ohio,Moderate,Somewhat disapprove,normal,5b859fdc-180b-48b2-a579-846c3ac33a4b,28,Female,"$25,000 to $29,999",White,No,"Some college, no degree",Ohio,"Some college, no degree","[18,34]",White,"[25,50)",D,-2,2,Democrat,92,61,5,5,85,51,76,61,92,88,34,87,90,83,54,74,1,1,1,1,1,0,0,1,1,1,Respect for elders,Good manners,Self-reliance,Well-behaved,0,3,1,0,5
581,South Carolina,Conservative,Strongly approve,normal,5b859dc5-a894-47d3-990a-f079af20e17b,57,Male,"$250,000 and above",White,No,Graduate or professional degree,South Carolina,Graduate or professional degree,"(49,64]",White,NA,R,1,1,Republican,60,20,0,0,0,10,80,10,0,10,60,30,50,50,10,1,1,3,3,1.5,1,0,1,1,0,1,Respect for elders,Good manners,Self-reliance,Considerate,-3,2,1,0,5
599,Massachusetts,Moderate,Strongly disapprove,normal,5b859e21-419b-4ae0-be63-66de6085f801,49,Female,"Less than $14,999",Asian *** Filipino,No,High school graduate,Massachusetts,High school graduate,"(34,49]",Asian or Pacific Islander,"[0,25)",I,0,0,Independent,1,1,1,1,1,100,20,1,1,1,100,1,1,1,1,1,2.5,2,3,2.5,1,1,1,1,0,1,Independence,Curiosity,Self-reliance,Considerate,3,0,1,1,7
606,Texas,Conservative,Strongly approve,noincome,5b859e36-924e-4425-9c17-c501e6689052,75,Female,"Less than $14,999",White,No,"Some college, no degree",Texas,"Some college, no degree","(64,96]",White,"[0,25)",R,3,3,Republican,50,36,51,48,1,81,94,36,2,2,2,75,1,2,51,61,3,3,4,4,1,1,1,1,0,1,Respect for elders,Good manners,Obedience,Well-behaved,3,4,1,1,7
652,New Jersey,Moderate,Strongly disapprove,normal,5b859eac-9d32-4da0-a479-e89bd9533230,39,Female,"$100,000 to $124,999",White,No,Associate's degree,New Jersey,Associate's degree,"(34,49]",White,"[100,200)",I,0,0,Independent,50,53,52,54,50,51,53,52,49,50,51,51,51,52,52,52,4,3,3.5,3,0,0,0,0,0,0,Independence,Good manners,Self-reliance,Considerate,0,1,1,0,1
729,Ohio,Liberal,Strongly disapprove,normal,5b859f6b-78ce-46fb-8ce6-06fe41e9150b,67,Female,"$25,000 to $29,999",White,No,"Some college, no degree",Ohio,"Some college, no degree","(64,96]",White,"[25,50)",D,-3,3,Democrat,89,74,7,8,86,93,3,4,42,59,90,4,86,35,15,47,1,2,3,1,1,1,0,1,0,1,Independence,Curiosity,Self-reliance,Considerate,-3,0,1,1,6
573,Ohio,Extremely liberal,Strongly disapprove,normal,5b859d8f-f4b2-4c3d-8340-c836a38b18bb,41,Female,"Less than $14,999",White,No,"Some college, no degree",Ohio,"Some college, no degree","(34,49]",White,"[0,25)",D,-1,1,Democrat,100,47,0,0,0,100,0,0,100,45,5,0,100,100,49,0,1,2,1,1.5,1,1,1,1,1,1,Respect for elders,Curiosity,Self-reliance,Considerate,-2,1,1,0,7
726,Pennsylvania,Slightly liberal,Strongly disapprove,normal,5b859f67-d1dc-4238-ad3d-4b73b79eec0d,54,Male,"$50,000 to $54,999","Black, or African American",No,Bachelor's degree,Pennsylvania,Bachelor's degree,"(49,64]",Black,"[50,75)",D,-3,3,Democrat,97,59,0,0,98,67,0,1,62,40,94,40,93,93,46,53,1,1,3,1.5,1,0,1,1,1,1,Respect for elders,Curiosity,Self-reliance,Considerate,-3,1,1,0,6
645,Illinois,Moderate,Strongly disapprove,normal,5b859ea3-0bb3-42ce-8860-abba5c4261b4,53,Male,"$75,000 to $79,999",White,No,Graduate or professional degree,Illinois,Graduate or professional degree,"(49,64]",White,"[75,100)",D,-3,3,Democrat,60,61,31,6,5,4,6,92,99,96,96,95,47,47,96,100,2,4,1,4,0,0,0,1,0,1,Respect for elders,Good manners,Obedience,Considerate,3,3,0,1,3
813,Connecticut,Moderate,Somewhat disapprove,normal,5b85a07b-58f5-43fc-9450-ad82776d2f0e,28,Female,"$50,000 to $54,999",White,No,"Some college, no degree",Connecticut,"Some college, no degree","[18,34]",White,"[50,75)",I,0,0,Independent,1,1,1,1,1,2,1,1,0,1,2,1,9,78,69,93,2.5,2,3,4,0,0,0,0,0,0,Respect for elders,Curiosity,Obedience,Considerate,0,2,0,0,0
700,Pennsylvania,Moderate,Strongly disapprove,normal,5b859f25-f70b-4dad-b9ec-498730b56d36,57,Female,"$50,000 to $54,999",White,No,Bachelor's degree,Pennsylvania,Bachelor's degree,"(49,64]",White,"[50,75)",D,-3,3,Democrat,99,100,3,2,6,31,99,47,99,99,2,2,99,99,44,100,2,3,1.5,4,1,0,1,1,0,1,Respect for elders,Good manners,Self-reliance,Well-behaved,-1,3,0,0,4
613,Tennessee,Slightly conservative,Somewhat disapprove,noincome,5b859e4c-3850-4395-b52c-f50e29f83574,24,Female,"$80,000 to $84,999",White,No,Bachelor's degree,Tennessee,Bachelor's degree,"[18,34]",White,"[75,100)",R,1,1,Republican,81,24,47,16,0,50,100,100,51,51,82,0,0,0,100,100,1,3.5,3,3.5,1,0,0,1,1,1,Respect for elders,Good manners,Obedience,Considerate,-2,3,0,0,4
515,Michigan,Moderate,Strongly disapprove,normal,5b859bb7-5213-4966-a3fa-7fdab210d681,32,Male,"$20,000 to $24,999",White,No,"Some college, no degree",Michigan,"Some college, no degree","[18,34]",White,"[0,25)",I,0,0,Independent,100,44,100,3,7,5,100,100,100,4,3,55,100,100,100,100,2,3.5,1,2.5,0,0,0,1,0,1,Respect for elders,Good manners,Obedience,Well-behaved,-3,4,1,0,3
695,Florida,Liberal,Somewhat disapprove,noincome,5b859f20-995f-4303-9575-b59b859582ce,42,Female,"$30,000 to $34,999",White,No,Graduate or professional degree,Florida,Graduate or professional degree,"(34,49]",White,"[25,50)",D,-1,1,Democrat,52,98,1,1,50,47,25,12,1,1,100,1,79,79,3,1,2,1,3,1.5,0,0,1,1,0,1,Respect for elders,Good manners,Obedience,Considerate,2,3,1,0,4
640,Missouri,Moderate,Strongly disapprove,normal,5b859e93-7d88-48da-b5ed-289550011c84,61,Female,"$50,000 to $54,999","Black, or African American",No,"Some college, no degree",Missouri,"Some college, no degree","(49,64]",Black,"[50,75)",D,-3,3,Democrat,91,96,24,23,55,73,51,45,26,27,42,50,71,69,65,43,2,2,4,1,1,1,1,1,0,1,Respect for elders,Curiosity,Self-reliance,Considerate,3,1,0,1,6
582,Michigan,Moderate,Somewhat approve,normal,5b859dcf-14d2-47d8-8631-ac7a2a4dd60d,45,Female,"$30,000 to $34,999",White,No,High school graduate,Michigan,High school graduate,"(34,49]",White,"[25,50)",R,1,1,Republican,74,71,24,6,7,4,89,16,32,70,19,1,47,47,76,95,1,3,2,4,1,1,1,1,1,1,Respect for elders,Good manners,Self-reliance,Considerate,-2,2,0,1,7
683,Washington,Liberal,Strongly disapprove,noincome,5b859efc-a336-4d96-9953-2339fe8755d8,74,Female,"$40,000 to $44,999",White,No,Bachelor's degree,Washington,Bachelor's degree,"(64,96]",White,"[25,50)",D,-2,2,Democrat,61,61,10,2,98,89,4,1,99,52,1,1,61,52,43,30,1.5,1,1,1,1,0,1,1,0,0,Respect for elders,Good manners,Self-reliance,Considerate,3,2,1,0,4
622,Pennsylvania,Liberal,Strongly disapprove,normal,5b859e67-3796-4b93-b25a-1c52485e0b34,67,Male,"$125,000 to $149,999",White,No,Bachelor's degree,Pennsylvania,Bachelor's degree,"(64,96]",White,"[100,200)",D,-3,3,Democrat,92,51,0,0,51,100,0,0,51,100,51,0,81,92,9,1,1,2,2,2,1,1,1,1,0,1,Independence,Curiosity,Self-reliance,Considerate,3,0,1,1,7
749,Illinois,Moderate,Somewhat disapprove,normal,5b859fa9-89d9-4ff3-b085-c6653b14389b,35,Female,"$125,000 to $149,999",White,No,Associate's degree,Illinois,Associate's degree,"(34,49]",White,"[100,200)",I,0,0,Independent,62,62,14,13,31,16,62,20,77,53,34,3,66,68,31,50,1.5,3,1,2,0,0,0,1,0,0,Respect for elders,Curiosity,Obedience,Well-behaved,-2,3,1,0,2
422,Illinois,Moderate,Strongly disapprove,normal,5b859ac8-2ec4-464d-8ad2-0436f26434b7,71,Female,"$30,000 to $34,999",White,No,High school graduate,Illinois,High school graduate,"(64,96]",White,"[25,50)",D,-2,2,Democrat,50,65,1,1,80,85,1,1,5,5,50,1,95,85,10,1,2,2,3,1,1,0,0,1,0,1,Respect for elders,Good manners,Self-reliance,Considerate,-2,2,1,1,5
711,Illinois,Moderate,Strongly disapprove,normal,5b859f50-d207-41a8-9f33-d80d5e156eac,55,Female,"Less than $14,999",Some other race,Yes,High school graduate,Illinois,High school graduate,"(49,64]",Other,"[0,25)",D,-2,2,Democrat,100,100,1,1,80,90,50,40,50,50,100,4,86,86,100,36,1.5,2,3,3,1,1,1,1,1,1,Respect for elders,Good manners,Self-reliance,Considerate,3,2,1,0,7
552,Massachusetts,Moderate,Strongly disapprove,normal,5b859ca0-86dc-4d72-8a2e-68bc9331ea0f,63,Female,"$55,000 to $59,999",White,No,High school graduate,Massachusetts,High school graduate,"(49,64]",White,"[50,75)",D,-1,1,Democrat,72,77,12,6,76,84,24,11,78,72,90,4,59,59,50,49,2,2,3,1.5,1,1,1,1,0,1,Independence,Curiosity,Self-reliance,Considerate,-1,0,1,1,7
661,Minnesota,Conservative,Somewhat approve,normal,5b859ec5-3c16-4e1b-9505-516e3841a9a1,65,Female,"$35,000 to $39,999",White,No,Bachelor's degree,Minnesota,Bachelor's degree,"(64,96]",White,"[25,50)",R,1,1,Republican,28,28,3,4,2,2,97,86,50,50,3,1,36,37,87,95,1.5,3,1.5,4,0,1,1,1,1,1,Respect for elders,Curiosity,Obedience,Well-behaved,0,3,1,0,6
630,Pennsylvania,Extremely liberal,Strongly disapprove,normal,5b859e75-1cb6-403f-9c62-09467645a251,73,Female,"Less than $14,999",White,No,High school graduate,Pennsylvania,High school graduate,"(64,96]",White,"[0,25)",D,-3,3,Democrat,80,83,1,1,78,78,0,0,99,38,18,48,73,73,50,51,2,1.5,1,1.5,1,1,1,1,1,1,Independence,Curiosity,Self-reliance,Considerate,3,0,1,1,8
508,Michigan,Liberal,Somewhat approve,normal,5b859ba5-dedf-4723-91c9-394813cb0705,38,Female,"$35,000 to $39,999",White,No,Graduate or professional degree,Michigan,Graduate or professional degree,"(34,49]",White,"[25,50)",R,2,2,Republican,100,49,1,1,19,100,0,0,100,100,0,0,49,49,50,50,1,2,1.5,3.5,0,0,0,1,1,1,Respect for elders,Curiosity,Self-reliance,Considerate,0,1,1,0,4
765,Arkansas,Extremely liberal,Strongly disapprove,normal,5b859fe4-fb35-46aa-9c5c-78ceefa9c061,37,Female,"Less than $14,999",White,No,"Some college, no degree",Arkansas,"Some college, no degree","(34,49]",White,"[0,25)",D,-3,3,Democrat,82,84,62,86,85,88,90,69,78,59,91,87,39,60,77,82,4,3,3,4,0,0,1,0,0,0,Respect for elders,Good manners,Obedience,Considerate,-3,3,0,0,1
724,Kentucky,Conservative,Somewhat disapprove,normal,5b859f65-8dc0-4ae1-86a5-65bd0f1bd886,46,Female,"$30,000 to $34,999",White,No,Associate's degree,Kentucky,Associate's degree,"(34,49]",White,"[25,50)",R,2,2,Republican,81,61,16,16,37,41,29,27,21,22,88,37,90,88,52,30,1,2,3,1,1,0,1,1,1,1,Respect for elders,Good manners,Obedience,Considerate,-2,3,1,1,7
698,Delaware,Conservative,Somewhat approve,normal,5b859f24-bbce-41b6-8486-472d66f3b69b,54,Female,"$150,000 to $174,999",White,No,Bachelor's degree,Delaware,Bachelor's degree,"(49,64]",White,"[100,200)",R,3,3,Republican,53,30,61,23,66,100,60,6,71,1,99,1,82,100,48,50,3,2,3,2,0,1,1,1,0,1,Respect for elders,Good manners,Self-reliance,Considerate,-1,2,1,0,5
579,Arkansas,Liberal,Somewhat approve,normal,5b859db4-770a-48fc-874d-5a15b09beac4,55,Female,"$90,000 to $94,999",White,No,Bachelor's degree,Arkansas,Bachelor's degree,"(49,64]",White,"[75,100)",I,0,0,Independent,88,91,0,0,45,65,44,45,100,73,0,0,38,29,100,84,2,2,1,3,1,0,0,1,0,1,Respect for elders,Good manners,Obedience,Well-behaved,0,4,1,0,4
743,California,Moderate,Strongly disapprove,normal,5b859f99-3b96-4985-af1a-d8ad6b3d902c,24,Male,"$45,000 to $49,999",White,No,Bachelor's degree,California,Bachelor's degree,"[18,34]",White,"[25,50)",D,-3,3,Democrat,76,66,7,42,40,46,27,7,72,85,62,11,50,43,17,35,1,2,2,1,1,1,1,1,1,1,Respect for elders,Good manners,Self-reliance,Well-behaved,-3,3,0,1,7
731,Utah,Slightly conservative,Somewhat disapprove,normal,5b859f6e-2d2d-453e-837a-61d12bcd5065,26,Female,"$25,000 to $29,999",White,No,"Some college, no degree",Utah,"Some college, no degree","[18,34]",White,"[25,50)",R,1,1,Republican,63,41,2,2,49,100,17,0,0,1,98,NA,3,3,100,9,1,2,NA,3,1,0,0,1,1,1,Independence,Curiosity,Self-reliance,Considerate,3,0,1,0,5
717,Iowa,Conservative,Somewhat approve,normal,5b859f58-6e94-400f-83d7-6cdc5dbb69f0,51,Female,"$15,000 to $19,999","Black, or African American",No,"Some college, no degree",Iowa,"Some college, no degree","(49,64]",Black,"[0,25)",R,1,1,Republican,2,50,11,11,3,65,90,54,2,2,57,3,30,29,52,85,2,3,3,4,0,1,0,1,1,1,Respect for elders,Good manners,Obedience,Considerate,-1,3,1,1,6
627,Florida,Conservative,Strongly approve,noincome,5b859e6e-8afa-4b6b-8c5a-447b1ee550d6,75,Female,"$50,000 to $54,999",White,No,Graduate or professional degree,Florida,Graduate or professional degree,"(64,96]",White,"[50,75)",I,0,0,Independent,81,75,21,20,12,20,85,87,14,21,78,52,90,86,54,20,1,4,3,1,1,1,1,1,0,0,Respect for elders,Curiosity,Self-reliance,Considerate,-2,1,0,0,4
648,Pennsylvania,Slightly conservative,Somewhat disapprove,normal,5b859ea5-0a31-4b2b-977f-34c6dc6e74b7,57,Female,"$15,000 to $19,999",White,No,High school graduate,Pennsylvania,High school graduate,"(49,64]",White,"[0,25)",D,-2,2,Democrat,100,100,23,24,21,30,24,24,100,26,21,9,100,100,100,87,1.5,2,1,2,0,0,0,1,1,0,Respect for elders,Good manners,Obedience,Considerate,3,3,1,0,3
660,Pennsylvania,Moderate,Somewhat disapprove,normal,5b859ebf-a024-44f0-b6e2-3f0c44b3af47,74,Male,Prefer not to answer,White,No,High school graduate,Pennsylvania,High school graduate,"(64,96]",White,NA,D,-3,3,Democrat,58,67,39,38,55,71,51,22,20,89,92,71,68,59,33,42,2,2,3,1,0,0,1,1,0,1,Respect for elders,Good manners,Obedience,Well-behaved,0,4,1,0,4
649,Indiana,Conservative,Strongly approve,normal,5b859eaa-94bc-4a67-bd18-b6f41f731c56,69,Female,"$25,000 to $29,999",White,No,High school graduate,Indiana,High school graduate,"(64,96]",White,"[25,50)",R,3,3,Republican,2,4,60,47,49,77,97,90,16,15,35,32,19,16,61,12,3,3,3,3,1,1,1,1,0,1,Respect for elders,Curiosity,Self-reliance,Considerate,-3,1,1,1,7
740,Georgia,Moderate,Strongly disapprove,normal,5b859f93-9694-4bc9-bcf4-26b16c0f5ac8,34,Female,"$25,000 to $29,999","Black, or African American",No,Associate's degree,Georgia,Associate's degree,"[18,34]",Black,"[25,50)",I,0,0,Independent,100,50,0,0,100,100,0,0,100,50,0,0,100,100,50,50,1,1.5,1,1.5,1,1,1,1,0,1,Independence,Curiosity,Self-reliance,Considerate,-2,0,1,0,6
523,Oregon,Slightly conservative,Strongly disapprove,normal,5b859bea-03ce-4d62-9a17-3b0b63da0a9e,65,Male,"$50,000 to $54,999","Black, or African American",No,Associate's degree,Oregon,Associate's degree,"(64,96]",Black,"[50,75)",D,-2,2,Democrat,76,51,2,2,64,86,4,1,20,50,37,35,61,62,22,27,1,2,2,2,1,1,1,1,0,1,Independence,Curiosity,Self-reliance,Considerate,-3,0,1,1,7
767,Illinois,Slightly conservative,Strongly disapprove,normal,5b859fec-6ef1-41e9-9a4e-3861f348ac10,49,Female,"Less than $14,999",White,No,High school graduate,Illinois,High school graduate,"(34,49]",White,"[0,25)",R,2,2,Republican,11,11,86,73,11,15,49,51,100,96,95,7,64,68,93,99,3,4,1,4,1,1,1,1,0,1,Respect for elders,Good manners,Self-reliance,Considerate,2,2,1,1,7
689,Ohio,Slightly conservative,Somewhat approve,normal,5b859f13-6f4a-45df-941b-d2c33f13f07b,71,Female,"$50,000 to $54,999",White,No,"Some college, no degree",Ohio,"Some college, no degree","(64,96]",White,"[50,75)",R,2,2,Republican,70,56,35,2,52,51,51,5,72,71,4,3,72,70,53,43,1,1,1,1,1,0,1,1,0,1,Independence,Curiosity,Self-reliance,Considerate,2,0,1,0,5
569,California,Conservative,Strongly approve,normal,5b859d40-965c-417d-b02a-83c4da277ec5,90,Male,"Less than $14,999",White,No,"Some college, no degree",California,"Some college, no degree","(64,96]",White,"[0,25)",R,3,3,Republican,25,38,24,43,2,44,0,2,0,1,2,1,48,84,9,1,4,2,3,2,0,0,0,1,1,1,Respect for elders,Good manners,Obedience,Considerate,3,3,1,0,4
638,Florida,Slightly liberal,Somewhat disapprove,noincome,5b859e80-e745-4a33-94b1-4e700bd79971,64,Female,"$25,000 to $29,999",White,No,Associate's degree,Florida,Associate's degree,"(49,64]",White,"[25,50)",D,-1,1,Democrat,47,47,41,32,98,86,47,32,99,75,66,3,71,76,84,72,1.5,1,1,3,0,0,1,1,0,1,Respect for elders,Good manners,Self-reliance,Considerate,-3,2,1,1,5
699,New York,Moderate,Somewhat approve,normal,5b859f25-f452-4cd2-914a-a2bfd1fefc0b,30,Female,"$25,000 to $29,999",White,No,Bachelor's degree,New York,Bachelor's degree,"[18,34]",White,"[25,50)",D,-2,2,Democrat,97,96,8,2,51,100,48,2,98,4,49,96,47,55,54,100,1,2,1,4,0,0,0,1,0,0,Respect for elders,Good manners,Obedience,Well-behaved,-2,4,1,0,2
730,Pennsylvania,Slightly liberal,Somewhat disapprove,normal,5b859f6c-d90f-4fb4-9696-a0cffd6ff229,62,Female,"$125,000 to $149,999",White,No,Associate's degree,Pennsylvania,Associate's degree,"(49,64]",White,"[100,200)",D,-3,3,Democrat,71,55,4,3,51,66,72,31,84,54,49,5,94,94,15,7,1,3,1,1.5,0,0,0,1,0,1,Respect for elders,Curiosity,Self-reliance,Considerate,3,1,1,0,3
647,Nebraska,Moderate,Strongly disapprove,normal,5b859ea4-90f5-4b16-9930-bcfe2e536367,73,Female,"$30,000 to $34,999",White,No,Graduate or professional degree,Nebraska,Graduate or professional degree,"(64,96]",White,"[25,50)",D,-3,3,Democrat,81,71,9,11,7,8,74,10,90,89,10,6,100,100,93,100,1,3,1,2.3333333333333335,1,1,1,1,1,1,Respect for elders,Curiosity,Obedience,Well-behaved,-3,3,1,0,7
721,Ohio,Conservative,Somewhat approve,normal,5b859f5d-84db-476b-9d3e-82b6bc3d6fef,62,Male,"$100,000 to $124,999",White,No,Bachelor's degree,Ohio,Bachelor's degree,"(49,64]",White,"[100,200)",R,3,3,Republican,46,52,52,61,48,95,69,23,16,10,53,27,40,37,68,99,4,2,3,4,1,1,0,1,0,1,Respect for elders,Good manners,Self-reliance,Considerate,-2,2,1,0,5
687,Indiana,Moderate,Strongly disapprove,normal,5b859f0a-cadc-4c47-8d14-c037f4fa0db6,25,Female,"$20,000 to $24,999",White,No,Bachelor's degree,Indiana,Bachelor's degree,"[18,34]",White,"[0,25)",D,-3,3,Democrat,87,85,2,4,50,50,62,48,94,95,92,6,7,8,8,7,1,3,2,2.5,0,0,0,0,0,1,Respect for elders,Good manners,Obedience,Considerate,-3,3,1,0,2
758,Rhode Island,Slightly liberal,Somewhat disapprove,normal,5b859fd0-4510-4cb2-9a5e-748b7ff90ded,56,Male,"$35,000 to $39,999","Black, or African American",No,High school graduate,Rhode Island,High school graduate,"(49,64]",Black,"[25,50)",D,-3,3,Democrat,88,71,2,3,36,85,9,1,42,37,92,5,71,60,9,81,1,2,3,4,1,0,0,1,0,1,Independence,Curiosity,Self-reliance,Considerate,0,0,1,0,4
754,North Carolina,Conservative,Strongly approve,normal,5b859fbc-be5c-4eb8-9c58-228eeeda61e8,69,Female,"$80,000 to $84,999",Asian *** Filipino,No,Bachelor's degree,North Carolina,Bachelor's degree,"(64,96]",Asian or Pacific Islander,"[75,100)",R,3,3,Republican,93,67,14,9,95,75,94,90,87,17,13,94,80,92,27,7,1,1,4,2,1,0,0,1,0,0,Respect for elders,Curiosity,Self-reliance,Considerate,3,1,1,0,3
629,Illinois,Liberal,Strongly disapprove,normal,5b859e70-401e-48c8-b889-c1fc782022cf,32,Female,"Less than $14,999",White,No,Bachelor's degree,Illinois,Bachelor's degree,"[18,34]",White,"[0,25)",D,-1,1,Democrat,100,100,1,1,50,100,2,2,100,100,50,15,100,100,1,1,1.5,2,1.5,1.5,1,0,0,1,1,1,Independence,Good manners,Obedience,Well-behaved,3,3,1,0,5
576,Iowa,Extremely conservative,Somewhat approve,normal,5b859d9d-c9c4-4aca-9d66-1de96fdb1fcb,63,Female,"$20,000 to $24,999",White,No,Did not complete high school,Iowa,Did not complete high school,"(49,64]",White,"[0,25)",R,3,3,Republican,61,88,6,6,30,91,22,11,4,3,52,25,52,52,49,27,2,2,3,1.5,1,0,1,1,0,1,Respect for elders,Good manners,Obedience,Considerate,3,3,1,1,6
848,Illinois,Conservative,Somewhat disapprove,normal,5b85a111-6a89-43f6-a4f4-638c39b42a72,41,Female,"$85,000 to $89,999",White,No,High school graduate,Illinois,High school graduate,"(34,49]",White,"[75,100)",D,-3,3,Democrat,70,79,78,13,60,54,49,54,46,67,50,54,31,20,29,28,2,1,2,1,1,1,0,1,0,1,Independence,Good manners,Self-reliance,Well-behaved,-3,2,1,0,5
504,Georgia,Conservative,Somewhat approve,normal,5b859ba1-046d-48fa-b01e-60be10cba31c,51,Female,"$100,000 to $124,999",White,No,"Some college, no degree",Georgia,"Some college, no degree","(49,64]",White,"[100,200)",R,1,1,Republican,100,80,1,3,100,50,74,50,2,2,98,50,70,70,98,99,1,1,3,4,1,1,1,1,1,1,Respect for elders,Curiosity,Obedience,Considerate,3,2,1,0,7
656,Mississippi,Extremely conservative,Somewhat approve,normal,5b859eb3-f5e6-4597-9d7f-be391a6fd6eb,63,Female,"$50,000 to $54,999",White,No,High school graduate,Mississippi,High school graduate,"(49,64]",White,"[50,75)",R,3,3,Republican,50,70,1,2,1,1,1,1,0,0,21,2,40,60,60,3,2,2.5,3,2.5,1,1,1,1,1,1,Respect for elders,Good manners,Obedience,Considerate,3,3,1,1,8
289,Florida,Moderate,Strongly disapprove,noincome,5b8599e3-1a41-4ddc-b186-98971dc22ceb,66,Female,Prefer not to answer,White,No,Bachelor's degree,Florida,Bachelor's degree,"(64,96]",White,NA,D,-2,2,Democrat,90,90,0,0,50,50,0,0,30,70,100,0,90,90,20,0,1.5,1.5,3,1.5,0,1,1,1,0,1,Respect for elders,Good manners,Self-reliance,Considerate,3,2,1,1,6
694,Louisiana,Extremely conservative,Strongly approve,normal,5b859f20-7e2b-42df-8ea4-60743b16c013,29,Female,"$90,000 to $94,999",White,No,Graduate or professional degree,Louisiana,Graduate or professional degree,"[18,34]",White,"[75,100)",R,3,3,Republican,61,51,50,50,2,1,94,10,98,71,50,12,1,0,100,100,1,3,1,3.5,1,1,1,1,1,1,Independence,Curiosity,Self-reliance,Considerate,3,0,1,1,8
601,Georgia,Moderate,Somewhat approve,normal,5b859e27-124d-4c41-8cee-cac317d217f2,24,Female,"$50,000 to $54,999",Prefer not to answer,No,Bachelor's degree,Georgia,Bachelor's degree,"[18,34]",Prefer not to answer,"[50,75)",R,3,3,Republican,41,78,54,36,71,34,54,49,70,69,80,72,74,40,60,61,2,1,3,1,0,0,0,1,0,1,Respect for elders,Good manners,Obedience,Considerate,-2,3,1,0,3
804,Florida,Moderate,Strongly disapprove,noincome,5b85a061-5997-46c3-bda3-9c2d695508d6,52,Female,"$30,000 to $34,999",White,No,"Some college, no degree",Florida,"Some college, no degree","(49,64]",White,"[25,50)",I,0,0,Independent,61,61,61,56,33,35,NA,35,88,77,84,83,48,46,48,51,2,NA,1,4,0,0,1,1,0,0,Respect for elders,Curiosity,Obedience,Considerate,-2,2,0,0,2
773,Virginia,Extremely conservative,Strongly disapprove,normal,5b85a004-e36d-41e1-acaf-c3e7a4d1ce2d,22,Male,"$75,000 to $79,999",White,No,"Some college, no degree",Virginia,"Some college, no degree","[18,34]",White,"[75,100)",I,0,0,Independent,67,43,21,52,53,47,66,78,95,47,29,67,70,39,60,83,1,4,1,4,0,0,0,0,0,0,Independence,Good manners,Self-reliance,Well-behaved,0,2,1,0,1
437,California,Slightly conservative,Strongly approve,normal,5b859aed-cf25-428d-8df0-aad6ea72aff2,81,Female,"$100,000 to $124,999",White,No,"Some college, no degree",California,"Some college, no degree","(64,96]",White,"[100,200)",I,0,0,Independent,77,76,1,1,1,1,100,100,50,50,50,63,52,52,100,53,1,3.5,4,3,1,0,1,1,0,1,Respect for elders,Good manners,Obedience,Well-behaved,-3,4,1,0,5
675,Texas,Liberal,Somewhat approve,noincome,5b859eef-a32f-44ac-b4f3-f736bf20218c,38,Male,"$30,000 to $34,999",White,No,"Some college, no degree",Texas,"Some college, no degree","(34,49]",White,"[25,50)",D,-2,2,Democrat,84,99,6,7,4,82,5,6,98,97,8,6,96,80,74,94,2,2,1,1,0,0,0,1,0,0,Respect for elders,Good manners,Obedience,Considerate,-3,3,0,0,1
827,Florida,Extremely conservative,Strongly approve,noincome,5b85a0a7-4293-48c0-a544-e65f81c5f553,41,Male,"$50,000 to $54,999",White,No,"Some college, no degree",Florida,"Some college, no degree","(34,49]",White,"[50,75)",R,3,3,Republican,95,93,95,95,96,95,98,99,89,94,99,93,87,88,93,95,2.6666666666666665,4,3,4,0,0,0,0,0,1,Respect for elders,Good manners,Self-reliance,Well-behaved,3,3,1,0,2
738,California,Slightly conservative,Somewhat disapprove,normal,5b859f89-1e38-436c-bfef-861ad2b05613,64,Male,"$50,000 to $54,999",White,No,High school graduate,California,High school graduate,"(49,64]",White,"[50,75)",R,2,2,Republican,91,91,9,7,50,49,49,1,8,51,90,48,94,92,1,1,1.5,1,3,1,1,1,1,1,0,0,Respect for elders,Curiosity,Self-reliance,Considerate,-3,1,0,0,4
608,Virginia,Moderate,Strongly disapprove,normal,5b859e3b-c9b7-41ea-b2ee-f3cede151908,71,Female,Prefer not to answer,White,No,"Some college, no degree",Virginia,"Some college, no degree","(64,96]",White,NA,D,-2,2,Democrat,63,78,6,9,75,82,11,15,97,76,43,2,96,81,45,10,2,2,1,1,1,1,1,1,0,1,Respect for elders,Curiosity,Obedience,Considerate,-3,2,1,0,6
713,North Carolina,Liberal,Strongly disapprove,normal,5b859f57-1cbc-4559-9f36-51ce3f17fa97,49,Female,"$30,000 to $34,999",White,No,High school graduate,North Carolina,High school graduate,"(34,49]",White,"[25,50)",D,-3,3,Democrat,100,90,0,0,100,0,0,0,0,100,0,0,100,100,40,50,1,1,2,1.5,1,1,1,1,1,1,Independence,Curiosity,Self-reliance,Considerate,2,0,1,1,8
757,California,Slightly conservative,Strongly approve,normal,5b859fcd-0656-481f-b0bd-98e604788918,59,Female,"$45,000 to $49,999",White,No,"Some college, no degree",California,"Some college, no degree","(49,64]",White,"[25,50)",I,0,0,Independent,91,82,35,25,10,98,98,52,99,99,99,0,84,73,78,73,1,2.5,2,1,1,0,1,1,0,1,Independence,Good manners,Self-reliance,Well-behaved,0,2,1,0,5
810,Maryland,Slightly conservative,Somewhat approve,normal,5b85a06e-f175-4adf-a47a-2c4e9ac0ed29,58,Female,"$65,000 to $69,999",White,No,Associate's degree,Maryland,Associate's degree,"(49,64]",White,"[50,75)",R,2,2,Republican,25,54,18,33,19,88,68,83,66,45,100,5,23,22,93,12,2,2,3,3,1,0,1,1,0,1,Respect for elders,Good manners,Self-reliance,Considerate,-2,2,1,0,5
449,New Jersey,Liberal,Strongly disapprove,normal,5b859b0d-47bd-435b-9a56-91b0b96e2033,72,Female,"$20,000 to $24,999",White,No,"Some college, no degree",New Jersey,"Some college, no degree","(64,96]",White,"[0,25)",D,-1,1,Democrat,91,91,2,2,30,74,3,2,100,81,2,1,80,82,1,24,1.5,2,1,2,1,1,1,1,0,1,Respect for elders,Curiosity,Obedience,Well-behaved,0,3,1,0,6
704,Idaho,Moderate,Strongly disapprove,normal,5b859f34-147a-43a0-9034-2f5d100d7c9e,59,Female,"$20,000 to $24,999",White,No,Bachelor's degree,Idaho,Bachelor's degree,"(49,64]",White,"[0,25)",I,0,0,Independent,100,100,0,0,100,100,NA,NA,100,100,1,2,100,100,1,1,1.5,NA,1.5,1.5,1,0,0,1,0,1,Respect for elders,Good manners,Obedience,Considerate,3,3,0,0,3
766,Texas,Slightly liberal,Strongly disapprove,noincome,5b859fe7-0cf8-4809-9b53-059fd8465914,74,Female,"$40,000 to $44,999",White,No,"Some college, no degree",Texas,"Some college, no degree","(64,96]",White,"[25,50)",D,-3,3,Democrat,82,87,14,18,54,80,77,77,83,81,24,21,25,27,92,91,2,2,1,3,1,1,0,1,1,1,Respect for elders,Good manners,Obedience,Well-behaved,3,4,1,1,7
797,Missouri,Slightly liberal,Strongly disapprove,normal,5b85a04d-5b23-4977-babe-e9a8facbaa45,49,Female,"Less than $14,999",White,No,High school graduate,Missouri,High school graduate,"(34,49]",White,"[0,25)",D,-1,1,Democrat,76,79,0,0,82,96,5,1,79,94,100,0,89,91,48,8,2,2,3,2,1,1,1,1,0,1,Independence,Curiosity,Self-reliance,Considerate,-3,0,1,1,7
706,West Virginia,Conservative,Somewhat disapprove,normal,5b859f35-ef57-41c9-90c1-d2de885da812,81,Female,"$65,000 to $69,999",White,No,"Some college, no degree",West Virginia,"Some college, no degree","(64,96]",White,"[50,75)",R,3,3,Republican,52,26,54,56,11,10,80,80,4,4,100,2,91,88,24,2,4,3.5,3,1,1,1,1,1,1,0,Respect for elders,Good manners,Self-reliance,Considerate,2,2,0,0,5
718,Indiana,Moderate,Somewhat approve,normal,5b859f59-4cc4-479e-948d-8ea669fb6b63,66,Female,Prefer not to answer,White,No,Bachelor's degree,Indiana,Bachelor's degree,"(64,96]",White,NA,D,-2,2,Democrat,94,94,4,1,51,45,5,4,15,12,100,7,48,55,61,99,1.5,1,3,4,0,0,0,1,0,1,Respect for elders,Good manners,Obedience,Well-behaved,-3,4,1,0,3
784,New York,Moderate,Strongly disapprove,normal,5b85a021-d7c8-4fdb-99f4-b76b71614536,47,Female,"$45,000 to $49,999",White,No,"Some college, no degree",New York,"Some college, no degree","(34,49]",White,"[25,50)",D,-3,3,Democrat,97,97,4,98,98,98,6,5,98,98,45,4,95,97,45,98,4,1.5,1.5,4,1,0,0,1,0,1,Respect for elders,Good manners,Self-reliance,Considerate,3,2,1,0,4
631,South Carolina,Liberal,Somewhat approve,normal,5b859e75-a992-442b-85ec-276f6247502f,76,Female,"Less than $14,999",White,No,"Some college, no degree",South Carolina,"Some college, no degree","(64,96]",White,"[0,25)",R,1,1,Republican,93,81,21,25,100,82,93,86,91,92,16,21,76,87,63,15,1,1,2,2,1,0,0,1,0,1,Respect for elders,Good manners,Obedience,Considerate,-3,3,1,1,5
657,Arizona,Extremely conservative,Strongly approve,normal,5b859eb6-69d2-434c-b82e-bd0b50998d17,71,Female,"$85,000 to $89,999",White,No,Associate's degree,Arizona,Associate's degree,"(64,96]",White,"[75,100)",R,3,3,Republican,78,75,3,4,3,99,97,99,63,62,77,2,9,7,88,89,1,3,3,4,1,1,1,1,1,1,Respect for elders,Good manners,Self-reliance,Considerate,3,2,1,1,8
780,Pennsylvania,Liberal,Strongly disapprove,normal,5b85a016-e943-402a-8dc2-bfdbeed25c4e,51,Female,"Less than $14,999",White,No,"Some college, no degree",Pennsylvania,"Some college, no degree","(49,64]",White,"[0,25)",D,-3,3,Democrat,80,75,5,1,80,90,5,5,90,50,15,1,95,95,80,70,1,2,1,1.5,1,0,1,1,0,1,Independence,Curiosity,Self-reliance,Considerate,2,0,1,0,5
739,Florida,Moderate,Somewhat approve,noincome,5b859f89-3365-47af-a502-366e516e232e,65,Female,"$20,000 to $24,999",White,No,High school graduate,Florida,High school graduate,"(64,96]",White,"[0,25)",R,1,1,Republican,50,80,5,6,40,80,80,50,50,50,100,4,30,30,50,30,2,2.5,3,3,0,0,0,1,0,1,Respect for elders,Curiosity,Self-reliance,Considerate,-2,1,1,1,4
668,Michigan,Liberal,Somewhat disapprove,normal,5b859ee0-9fa4-46c2-935a-1ec44999dd76,28,Female,"$25,000 to $29,999","Black, or African American",No,Bachelor's degree,Michigan,Bachelor's degree,"[18,34]",Black,"[25,50)",D,-2,2,Democrat,80,81,15,16,28,32,63,55,86,26,24,92,67,71,48,28,2,3,4,2,0,0,0,1,1,0,Respect for elders,Good manners,Self-reliance,Considerate,-2,2,0,0,2
665,Pennsylvania,Slightly conservative,Somewhat approve,normal,5b859edb-fd15-454e-87f0-53fc6394e55f,37,Female,"$15,000 to $19,999",White,No,High school graduate,Pennsylvania,High school graduate,"(34,49]",White,"[0,25)",R,2,2,Republican,40,60,10,10,1,25,70,40,75,90,5,1,30,30,100,85,2,3,2,3,1,1,0,1,1,1,Respect for elders,Curiosity,Self-reliance,Considerate,0,1,0,1,6
745,Pennsylvania,Extremely conservative,Strongly approve,normal,5b859fa0-54d2-4c14-80f7-89655e7dcc33,78,Male,"$95,000 to $99,999","Black, or African American",No,Bachelor's degree,Pennsylvania,Bachelor's degree,"(64,96]",Black,"[75,100)",R,3,3,Republican,71,100,19,38,8,6,100,95,81,100,100,2,100,100,100,100,2,3,2.5,2.5,1,1,1,1,0,1,Respect for elders,Good manners,Self-reliance,Considerate,3,2,1,1,7
818,New Jersey,Slightly liberal,Somewhat approve,normal,5b85a085-3b36-4f04-aa81-b45f0db8ef8d,45,Male,"Less than $14,999",White,No,"Some college, no degree",New Jersey,"Some college, no degree","(34,49]",White,"[0,25)",R,2,2,Republican,91,94,3,4,50,50,50,48,100,100,9,0,61,59,93,100,2,2,1.5,4,1,0,0,1,0,1,Respect for elders,Good manners,Self-reliance,Well-behaved,3,3,0,0,3
799,West Virginia,Slightly liberal,Strongly disapprove,normal,5b85a05d-d82a-426d-bb09-c42fe97ca419,27,Female,"$70,000 to $74,999",White,No,Graduate or professional degree,West Virginia,Graduate or professional degree,"[18,34]",White,"[50,75)",D,-1,1,Democrat,100,100,0,0,70,100,40,16,100,100,0,0,100,100,7,6,1.5,2,1.5,1.5,0,0,1,1,0,0,Respect for elders,Curiosity,Self-reliance,Considerate,0,1,1,0,3
782,New York,Slightly liberal,Strongly disapprove,normal,5b85a01d-b3d3-4255-9687-fd558eaba8ed,59,Female,"$60,000 to $64,999",American Indian or Alaska Native,No,Bachelor's degree,New York,Bachelor's degree,"(49,64]",American Indian or Alaska Native,"[50,75)",D,-3,3,Democrat,69,90,1,1,100,100,33,0,100,59,20,1,80,100,29,100,2,1.5,1,3,0,0,0,1,0,1,Respect for elders,Good manners,Obedience,Well-behaved,3,4,1,0,3
794,Illinois,Conservative,Strongly approve,normal,5b85a043-2663-4a0d-9ba2-ac82cd3c25b2,28,Female,"$25,000 to $29,999",White,No,Associate's degree,Illinois,Associate's degree,"[18,34]",White,"[25,50)",R,3,3,Republican,70,88,19,18,22,67,90,94,70,92,61,25,79,89,92,98,2,4,2,4,0,0,0,1,1,1,Respect for elders,Good manners,Self-reliance,Considerate,-2,2,1,0,4
428,Oregon,Moderate,Strongly disapprove,normal,5b859ada-9bc3-44f4-a90f-de25d8fa8c27,69,Female,"$15,000 to $19,999",White,No,"Some college, no degree",Oregon,"Some college, no degree","(64,96]",White,"[0,25)",R,2,2,Republican,50,50,0,0,10,10,80,0,0,100,0,0,0,0,0,0,1.5,3,2,2.5,1,1,1,1,0,1,Respect for elders,Curiosity,Self-reliance,Well-behaved,3,2,1,1,7
789,Oklahoma,Slightly liberal,Strongly disapprove,normal,5b85a037-10b9-4ac3-a9ee-de3d0cbb3d8c,37,Female,"$15,000 to $19,999",White,No,Bachelor's degree,Oklahoma,Bachelor's degree,"(34,49]",White,"[0,25)",I,0,0,Independent,100,73,0,0,100,1,2,1,100,53,18,0,100,98,46,19,1,1,1,1,1,0,1,1,0,1,Independence,Curiosity,Self-reliance,Considerate,2,0,1,0,5
666,Arkansas,Conservative,Strongly approve,normal,5b859edd-6412-4d95-abee-a0d121557474,61,Female,"$100,000 to $124,999",White,No,Associate's degree,Arkansas,Associate's degree,"(49,64]",White,"[100,200)",R,3,3,Republican,100,100,4,2,49,100,100,51,48,50,100,2,90,91,100,100,1.5,2.5,3,3.5,1,0,0,1,0,1,Respect for elders,Good manners,Obedience,Well-behaved,3,4,1,0,4
475,Pennsylvania,Moderate,Somewhat approve,normal,5b859b52-e120-4539-b8c6-501b9f544f26,22,Female,"Less than $14,999",White,No,High school graduate,Pennsylvania,High school graduate,"[18,34]",White,"[0,25)",R,2,2,Republican,49,51,50,48,13,50,50,35,41,60,59,3,51,51,51,48,2,2.5,2,2,0,0,1,1,0,1,Independence,Curiosity,Self-reliance,Considerate,-2,0,1,0,4
748,Alabama,Moderate,Somewhat approve,normal,5b859fa9-4d13-46ca-8c28-f4192bdc62fb,35,Female,"$20,000 to $24,999",White,No,"Some college, no degree",Alabama,"Some college, no degree","(34,49]",White,"[0,25)",I,0,0,Independent,48,50,52,4,9,100,100,100,49,52,50,53,18,21,100,100,3,3,4,3.5,1,0,1,1,0,1,Independence,Curiosity,Self-reliance,Well-behaved,0,1,1,1,6
755,Missouri,Liberal,Somewhat disapprove,normal,5b859fc1-5a4e-42ca-8357-871aae7d9cb3,28,Female,"$250,000 and above",White,No,"Some college, no degree",Missouri,"Some college, no degree","[18,34]",White,NA,D,-2,2,Democrat,100,98,8,11,8,5,4,9,7,10,7,7,97,89,10,5,1,4,2,1,0,0,0,0,1,1,Respect for elders,Curiosity,Self-reliance,Well-behaved,-2,2,0,0,2
398,Wisconsin,Slightly liberal,Strongly disapprove,normal,5b859a99-140a-4137-9d48-2f74fce01173,45,Female,"$65,000 to $69,999",White,No,Graduate or professional degree,Wisconsin,Graduate or professional degree,"(34,49]",White,"[50,75)",D,-2,2,Democrat,97,92,8,4,60,98,80,60,49,44,98,4,97,95,60,98,1,2,3,4,1,1,1,1,1,1,Independence,Good manners,Self-reliance,Considerate,3,1,1,1,8
707,Alaska,Slightly liberal,Strongly disapprove,"noincome,nosales",5b859f3d-29e8-4149-99da-c1214c7f6e64,43,Female,"$150,000 to $174,999",White,No,Graduate or professional degree,Alaska,Graduate or professional degree,"(34,49]",White,"[100,200)",D,-2,2,Democrat,100,100,4,0,33,65,21,12,100,100,0,28,66,23,9,6,1.5,2,1.5,1,0,0,0,1,0,1,Independence,Curiosity,Self-reliance,Considerate,2,0,1,0,3
728,Pennsylvania,Conservative,Somewhat approve,normal,5b859f6b-5216-458b-b730-d49959dd5a3d,48,Female,"$30,000 to $34,999",White,No,Bachelor's degree,Pennsylvania,Bachelor's degree,"(34,49]",White,"[25,50)",R,1,1,Republican,20,64,22,2,1,21,100,100,100,2,4,2,60,53,11,2,2,3.5,1,1,1,0,1,1,0,1,Respect for elders,Good manners,Obedience,Considerate,3,3,1,0,5
863,Connecticut,Moderate,Somewhat approve,normal,5b85a149-724f-4d93-ad37-85baa94ff868,43,Female,"$20,000 to $24,999",White,No,"Some college, no degree",Connecticut,"Some college, no degree","(34,49]",White,"[0,25)",I,0,0,Independent,49,46,5,9,48,51,47,60,42,43,41,42,43,44,44,37,1,4,2,2.5,0,0,0,1,0,0,Respect for elders,Good manners,Self-reliance,Well-behaved,0,3,0,0,1
744,Florida,Slightly liberal,Somewhat approve,noincome,5b859f9c-9cde-43de-849d-df98a898899b,41,Female,"$40,000 to $44,999",White,No,"Some college, no degree",Florida,"Some college, no degree","(34,49]",White,"[25,50)",D,-2,2,Democrat,31,44,57,63,55,59,68,68,31,44,53,57,30,45,54,59,4,3.5,4,4,1,1,1,1,1,1,Respect for elders,Good manners,Obedience,Well-behaved,3,4,1,1,8
723,Tennessee,Slightly conservative,Somewhat approve,noincome,5b859f64-4075-464e-91c0-76c0f55fd1c9,74,Male,"$20,000 to $24,999",White,No,Graduate or professional degree,Tennessee,Graduate or professional degree,"(64,96]",White,"[0,25)",R,2,2,Republican,82,24,1,0,51,22,96,64,0,0,99,10,0,0,9,1,1,3,3,3,1,0,0,1,0,1,Respect for elders,Curiosity,Self-reliance,Considerate,-3,1,0,0,3
543,Tennessee,Conservative,Somewhat approve,noincome,5b859c41-debd-4646-abb6-2065cc94363f,58,Female,"$55,000 to $59,999","Black, or African American",No,High school graduate,Tennessee,High school graduate,"(49,64]",Black,"[50,75)",R,3,3,Republican,57,60,31,33,8,7,91,92,58,51,47,26,44,47,56,53,2,4,1,3,1,1,1,1,1,1,Respect for elders,Good manners,Self-reliance,Well-behaved,3,3,1,1,8
825,California,Moderate,Somewhat disapprove,normal,5b85a09a-5d87-404c-b1ac-1ccf05ed7d37,33,Female,"Less than $14,999",White,No,High school graduate,California,High school graduate,"[18,34]",White,"[0,25)",D,-2,2,Democrat,60,78,12,12,78,89,18,14,34,88,8,3,66,64,13,33,2,2,2,1,0,1,1,1,0,1,Independence,Curiosity,Self-reliance,Considerate,0,0,1,0,5
750,New Jersey,Moderate,Somewhat approve,normal,5b859faa-7cf8-49e8-a420-1484124ace5b,65,Female,"Less than $14,999","Black, or African American",No,High school graduate,New Jersey,High school graduate,"(64,96]",Black,"[0,25)",R,1,1,Republican,17,73,5,1,99,100,100,86,23,23,71,9,17,78,74,95,2,2.5,3,4,1,1,0,1,0,1,Independence,Curiosity,Self-reliance,Considerate,-2,0,1,0,5
712,Wisconsin,Moderate,Somewhat disapprove,normal,5b859f52-4d25-4ba8-ad8f-0ddcefc87fad,82,Female,"$55,000 to $59,999",White,No,High school graduate,Wisconsin,High school graduate,"(64,96]",White,"[50,75)",R,2,2,Republican,81,81,12,2,1,100,1,1,1,1,82,1,30,100,22,1,1.5,2,3,2,1,1,1,1,0,1,Respect for elders,Good manners,Obedience,Well-behaved,3,4,1,0,6
841,California,Extremely liberal,Strongly approve,normal,5b85a0e9-227b-4c21-bef4-90c38d56a792,34,Female,"$35,000 to $39,999","Black, or African American",No,High school graduate,California,High school graduate,"[18,34]",Black,"[25,50)",R,3,3,Republican,55,55,47,54,75,46,59,49,52,59,46,52,46,54,58,56,1.5,1,2,3,1,0,0,1,0,0,Respect for elders,Curiosity,Obedience,Considerate,3,2,0,0,2
685,Arizona,Liberal,Strongly disapprove,normal,5b859eff-f30e-488e-acfc-6ae82c87763d,70,Female,"$75,000 to $79,999",White,No,High school graduate,Arizona,High school graduate,"(64,96]",White,"[75,100)",D,-3,3,Democrat,73,72,1,1,50,81,39,32,57,89,98,33,89,90,2,67,1,2,3,2,1,1,1,1,0,1,Respect for elders,Good manners,Self-reliance,Considerate,3,2,1,0,6
691,Pennsylvania,Conservative,Strongly approve,normal,5b859f19-4b29-4eec-a8d2-62a10a7ea666,70,Female,"$15,000 to $19,999",White,No,"Some college, no degree",Pennsylvania,"Some college, no degree","(64,96]",White,"[0,25)",R,3,3,Republican,81,81,5,4,2,2,88,76,1,1,2,95,6,2,77,70,1.5,3,4,3,1,1,1,1,0,1,Respect for elders,Curiosity,Obedience,Considerate,3,2,1,1,7
736,Pennsylvania,Moderate,Strongly disapprove,normal,5b859f7b-1984-46b2-b475-08eb68c443bb,42,Female,"Less than $14,999",White,No,High school graduate,Pennsylvania,High school graduate,"(34,49]",White,"[0,25)",I,0,0,Independent,80,78,6,7,65,100,12,5,98,98,52,100,56,49,97,97,1,2,4,3.5,0,0,1,1,0,0,Respect for elders,Good manners,Obedience,Well-behaved,2,4,1,0,3
548,Oregon,Conservative,Strongly approve,normal,5b859c5e-629d-4602-a043-df4a8bbd5628,69,Male,"$45,000 to $49,999",White,No,High school graduate,Oregon,High school graduate,"(64,96]",White,"[25,50)",R,1,1,Republican,50,0,0,0,0,50,100,50,0,1,100,0,1,1,78,1,1,3,3,3,1,1,0,1,0,1,Respect for elders,Good manners,Obedience,Well-behaved,3,4,1,0,5
844,Idaho,Extremely conservative,Strongly approve,normal,5b85a0f9-5da5-4e36-972c-5c280d9f1b20,49,Female,"$15,000 to $19,999",White,No,Associate's degree,Idaho,Associate's degree,"(34,49]",White,"[0,25)",R,3,3,Republican,98,94,2,1,1,0,100,98,1,1,100,1,98,96,1,1,1,3,3,1,1,0,0,1,0,1,Respect for elders,Good manners,Self-reliance,Well-behaved,3,3,1,0,4
807,Alabama,Slightly conservative,Somewhat approve,normal,5b85a067-0a1a-404c-81b5-46ca45bf30a6,52,Male,"$25,000 to $29,999","Black, or African American",No,"Some college, no degree",Alabama,"Some college, no degree","(49,64]",Black,"[25,50)",R,2,2,Republican,52,74,18,6,3,100,100,72,54,100,0,0,17,17,87,10,2,2.5,2,3,0,0,0,1,1,1,Respect for elders,Good manners,Obedience,Well-behaved,-3,4,1,0,4
714,Nebraska,Liberal,Strongly disapprove,normal,5b859f57-35ee-4470-82a0-a05b2c7ff582,47,Male,"$30,000 to $34,999",White,No,Graduate or professional degree,Nebraska,Graduate or professional degree,"(34,49]",White,"[25,50)",D,-2,2,Democrat,61,82,45,71,26,41,54,23,100,33,100,94,86,87,46,88,2,3,2,4,1,1,0,1,0,1,Respect for elders,Good manners,Self-reliance,Considerate,3,2,1,0,5
641,Virginia,Slightly conservative,Somewhat approve,normal,5b859e9c-0f0d-414f-869f-300b099431e7,61,Female,"$70,000 to $74,999",White,No,Associate's degree,Virginia,Associate's degree,"(49,64]",White,"[50,75)",R,2,2,Republican,80,70,1,1,90,81,11,11,6,5,90,50,80,80,70,25,1,1,3,1.5,0,0,0,1,0,1,Respect for elders,Curiosity,Obedience,Considerate,-3,2,1,1,4
830,California,Extremely liberal,Strongly disapprove,normal,5b85a0b1-09ec-4abe-be10-6636b49d270d,65,Male,"$65,000 to $69,999",White,No,"Some college, no degree",California,"Some college, no degree","(64,96]",White,"[50,75)",D,-2,2,Democrat,92,100,0,0,80,100,1,0,100,18,2,0,100,100,0,1,2,2,1,1.5,1,1,1,1,1,1,Independence,Curiosity,Self-reliance,Considerate,2,0,1,1,8
497,South Carolina,Slightly conservative,Somewhat disapprove,normal,5b859b8f-cb98-4484-9232-cdf7d580d790,71,Male,"$15,000 to $19,999",White,No,Graduate or professional degree,South Carolina,Graduate or professional degree,"(64,96]",White,"[0,25)",R,2,2,Republican,81,71,6,2,51,91,34,35,1,40,90,1,93,72,61,75,1,2,3,1,1,1,0,1,0,1,Respect for elders,Good manners,Obedience,Well-behaved,3,4,1,1,6
752,Washington,Liberal,Strongly disapprove,noincome,5b859fb7-d546-42b9-9035-82c3639befed,67,Male,"$100,000 to $124,999",Some other race,Yes,Graduate or professional degree,Washington,Graduate or professional degree,"(64,96]",Other,"[100,200)",D,-3,3,Democrat,93,44,3,2,100,47,4,3,26,93,4,6,63,29,4,2,1,1,2,1,1,0,1,1,1,1,Independence,Curiosity,Self-reliance,Considerate,3,0,1,1,7
720,Georgia,Slightly conservative,Strongly disapprove,normal,5b859f5d-6da1-4bf0-a927-905bc70679e3,47,Female,"$125,000 to $149,999",White,No,Graduate or professional degree,Georgia,Graduate or professional degree,"(34,49]",White,"[100,200)",R,3,3,Republican,13,100,6,11,100,6,100,100,100,4,2,1,56,50,41,100,2,2.6666666666666665,1,4,0,0,0,1,0,1,Respect for elders,Good manners,Obedience,Well-behaved,-3,4,1,1,4
768,Illinois,Extremely conservative,Strongly approve,normal,5b859ff0-ea49-47e5-87cf-b836daa84a2a,57,Male,"$25,000 to $29,999",White,No,"Some college, no degree",Illinois,"Some college, no degree","(49,64]",White,"[25,50)",R,3,3,Republican,3,5,27,43,1,1,100,99,1,2,92,2,1,2,99,100,4,3,3,4,1,1,1,1,0,1,Respect for elders,Good manners,Self-reliance,Considerate,3,2,1,1,7
849,Illinois,Extremely conservative,Strongly approve,normal,5b85a113-030b-4d38-a78b-e7fd6e13ab72,70,Female,"$60,000 to $64,999",White,No,Bachelor's degree,Illinois,Bachelor's degree,"(64,96]",White,"[50,75)",R,3,3,Republican,51,53,49,50,32,51,81,53,9,23,39,62,50,47,61,60,2,3,4,3,1,1,1,1,0,1,Respect for elders,Good manners,Obedience,Considerate,2,3,1,0,6
616,Pennsylvania,Conservative,Strongly approve,normal,5b859e61-b606-4958-80f7-9d84f8b27e6d,68,Male,"$20,000 to $24,999",White,No,High school graduate,Pennsylvania,High school graduate,"(64,96]",White,"[0,25)",R,3,3,Republican,49,98,6,1,70,100,42,34,4,3,99,13,68,18,100,100,2,2,3,3.5,1,1,1,1,1,1,Respect for elders,Good manners,Self-reliance,Considerate,0,2,1,0,7
776,New Jersey,Liberal,Strongly disapprove,normal,5b85a00e-1153-4876-a67b-4dc6f255b3a7,26,Female,"$40,000 to $44,999",White,No,High school graduate,New Jersey,High school graduate,"[18,34]",White,"[25,50)",D,-3,3,Democrat,70,54,17,84,81,46,75,72,49,35,78,17,77,42,65,54,4,1,3,1,0,1,1,1,0,0,Respect for elders,Curiosity,Obedience,Well-behaved,-3,3,0,0,3
624,Texas,Moderate,Strongly disapprove,noincome,5b859e68-ce3b-4395-8569-62a559e05c99,66,Male,"$125,000 to $149,999",White,No,Graduate or professional degree,Texas,Graduate or professional degree,"(64,96]",White,"[100,200)",I,0,0,Independent,76,50,2,2,2,1,100,100,50,33,100,50,52,60,90,4,1,3.5,3,3,0,0,1,1,0,1,Respect for elders,Curiosity,Obedience,Considerate,3,2,1,1,5
859,Mississippi,Moderate,Strongly approve,normal,5b85a13d-545a-4d80-9d0d-82c12a71e11c,35,Female,"$65,000 to $69,999",White,No,Bachelor's degree,Mississippi,Bachelor's degree,"(34,49]",White,"[50,75)",R,3,3,Republican,73,60,74,61,74,56,67,55,72,55,75,59,74,51,69,56,3,1,3,1,1,0,0,1,0,1,Respect for elders,Good manners,Obedience,Considerate,-2,3,1,0,4
812,Pennsylvania,Conservative,Somewhat approve,normal,5b85a07b-48d5-4bd4-9b53-7373c8411c9e,58,Female,"$20,000 to $24,999",White,No,Bachelor's degree,Pennsylvania,Bachelor's degree,"(49,64]",White,"[0,25)",R,3,3,Republican,20,20,40,35,85,20,65,50,0,0,0,100,1,40,15,90,3,1,4,4,0,0,0,0,1,0,Respect for elders,Good manners,Obedience,Well-behaved,-2,4,0,0,1
751,California,Moderate,Somewhat disapprove,normal,5b859fb2-7d4c-4843-8666-2476f9da4c24,68,Female,"$60,000 to $64,999",White,No,"Some college, no degree",California,"Some college, no degree","(64,96]",White,"[50,75)",R,2,2,Republican,30,83,13,79,49,100,26,5,8,6,100,8,46,79,66,9,2,2,3,2,1,1,1,1,1,1,Independence,Good manners,Self-reliance,Considerate,3,1,1,1,8
667,Mississippi,Moderate,Somewhat approve,normal,5b859edd-ae13-4430-b950-7ee4bb4cdd78,72,Female,"$25,000 to $29,999",White,No,"Some college, no degree",Mississippi,"Some college, no degree","(64,96]",White,"[25,50)",R,3,3,Republican,100,100,2,2,2,2,1,1,100,100,50,100,53,52,88,50,1.5,1.5,2.3333333333333335,3,0,0,1,1,0,1,Respect for elders,Good manners,Self-reliance,Considerate,2,2,0,0,3
828,North Carolina,Moderate,Strongly approve,normal,5b85a0a7-5a33-499d-8aad-be4c8c20644c,42,Female,"$30,000 to $34,999",White,No,"Some college, no degree",North Carolina,"Some college, no degree","(34,49]",White,"[25,50)",R,1,1,Republican,82,87,1,2,100,48,100,64,99,47,1,1,68,83,52,100,2,2,1,4,1,0,0,1,1,1,Independence,Curiosity,Self-reliance,Considerate,0,0,0,1,5
709,Kentucky,Moderate,Somewhat disapprove,normal,5b859f4b-7c40-4771-ba6a-c14a14347cc6,65,Female,"$25,000 to $29,999",White,No,Bachelor's degree,Kentucky,Bachelor's degree,"(64,96]",White,"[25,50)",I,0,0,Independent,36,31,20,17,11,49,99,21,50,50,81,12,100,99,44,17,1,3,3,1,1,0,1,1,0,1,Respect for elders,Good manners,Obedience,Well-behaved,-3,4,1,1,6
802,Missouri,Liberal,Strongly disapprove,normal,5b85a05f-8fac-4251-accd-c503b109d634,71,Male,"$30,000 to $34,999",White,No,Bachelor's degree,Missouri,Bachelor's degree,"(64,96]",White,"[25,50)",D,-3,3,Democrat,52,53,28,30,52,87,20,8,2,4,87,2,80,80,19,20,2,2,3,1.5,1,1,1,1,1,1,Respect for elders,Good manners,Self-reliance,Well-behaved,3,3,1,1,8
860,Georgia,Moderate,Somewhat approve,normal,5b85a142-fbbc-4df4-9ff5-ce9e6c6a21da,31,Female,"$15,000 to $19,999",White,No,Bachelor's degree,Georgia,Bachelor's degree,"[18,34]",White,"[0,25)",I,0,0,Independent,72,60,19,20,51,29,50,49,30,50,50,27,51,62,48,30,1,1,2.5,2,0,1,1,1,1,1,Independence,Good manners,Self-reliance,Well-behaved,-2,2,1,1,7
528,California,Conservative,Somewhat approve,normal,5b859c03-f679-4445-b6f1-bf5163130670,54,Female,"$30,000 to $34,999",White,No,High school graduate,California,High school graduate,"(49,64]",White,"[25,50)",R,2,2,Republican,75,75,1,1,1,50,90,10,100,90,25,1,75,75,10,1,1.5,3,1,1.5,1,1,1,1,1,1,Respect for elders,Good manners,Self-reliance,Considerate,2,2,1,1,8
732,Ohio,Moderate,Strongly disapprove,normal,5b859f6e-fc52-466c-ae3b-7af68240403e,46,Female,"$60,000 to $64,999",White,No,Graduate or professional degree,Ohio,Graduate or professional degree,"(34,49]",White,"[50,75)",D,-3,3,Democrat,96,97,4,6,38,97,17,26,50,100,17,97,55,55,100,99,2,2,2,3,1,0,0,1,0,1,Respect for elders,Good manners,Self-reliance,Considerate,-3,2,1,0,4
777,Oregon,Liberal,Strongly disapprove,normal,5b85a00e-a670-4483-b77a-66c64ac882cd,47,Male,"Less than $14,999",White,No,High school graduate,Oregon,High school graduate,"(34,49]",White,"[0,25)",D,-1,1,Democrat,97,97,6,8,24,98,49,31,98,75,9,4,95,96,28,16,1.5,2,1,2,1,0,1,1,0,1,Respect for elders,Good manners,Obedience,Well-behaved,-3,4,1,0,5
774,Ohio,Slightly liberal,Somewhat disapprove,normal,5b85a008-672e-4894-9489-84fddf3f21aa,31,Male,"$70,000 to $74,999",White,No,Bachelor's degree,Ohio,Bachelor's degree,"[18,34]",White,"[50,75)",D,-1,1,Democrat,62,75,18,0,22,19,62,22,90,70,60,32,73,84,48,14,2,3,1,2,0,0,1,1,1,0,Respect for elders,Curiosity,Obedience,Well-behaved,-2,3,0,0,3
588,Virginia,Moderate,Somewhat approve,normal,5b859de6-1bc6-45e7-8a51-f27ed2791532,67,Female,"$95,000 to $99,999",White,No,Graduate or professional degree,Virginia,Graduate or professional degree,"(64,96]",White,"[75,100)",D,-1,1,Democrat,72,52,19,1,32,1,89,51,100,51,0,0,22,20,98,100,1,3,1,4,0,0,1,1,0,1,Respect for elders,Good manners,Obedience,Well-behaved,-3,4,1,0,4
790,Washington,Extremely liberal,Strongly disapprove,noincome,5b85a03a-82bd-47bd-9b56-32f7137e4781,37,Female,"$15,000 to $19,999",White,No,Bachelor's degree,Washington,Bachelor's degree,"(34,49]",White,"[0,25)",D,-1,1,Democrat,100,71,20,1,100,100,1,1,100,70,50,1,100,100,51,43,1,1.5,1,1.5,1,1,1,1,1,1,Independence,Curiosity,Self-reliance,Considerate,3,0,1,0,7
839,Florida,Slightly conservative,Strongly approve,noincome,5b85a0e4-43f0-4d0a-8f08-824a296e523c,74,Female,"$45,000 to $49,999",White,No,"Some college, no degree",Florida,"Some college, no degree","(64,96]",White,"[25,50)",R,2,2,Republican,50,50,41,29,1,100,50,99,50,50,59,22,19,17,50,42,1.5,2,3,3,1,0,1,1,0,1,Independence,Good manners,Self-reliance,Considerate,-2,1,1,0,5
639,Virginia,Moderate,Somewhat disapprove,normal,5b859e87-8978-4c39-aeea-1d1befc5da63,51,Female,"$55,000 to $59,999",White,No,High school graduate,Virginia,High school graduate,"(49,64]",White,"[50,75)",I,0,0,Independent,83,82,15,13,51,61,38,19,52,57,53,55,53,56,18,10,1,2,2,2,0,0,0,0,0,0,Respect for elders,Good manners,Self-reliance,Well-behaved,0,3,0,0,0
597,Georgia,Conservative,Somewhat approve,normal,5b859e16-2f8e-43f3-b84c-9a45d31ef086,66,Female,"$45,000 to $49,999",White,No,Graduate or professional degree,Georgia,Graduate or professional degree,"(64,96]",White,"[25,50)",R,3,3,Republican,48,69,15,14,58,84,87,45,30,39,51,53,75,67,41,75,2,3,4,2.5,1,0,0,1,0,1,Respect for elders,Good manners,Obedience,Considerate,-3,3,1,0,4
847,Ohio,Moderate,Somewhat disapprove,normal,5b85a105-967f-459e-b40f-c37478316942,57,Female,"$15,000 to $19,999",White,No,Did not complete high school,Ohio,Did not complete high school,"(49,64]",White,"[0,25)",D,-2,2,Democrat,54,58,63,45,17,16,94,61,96,95,83,4,50,63,97,58,3,3,1,3,0,0,0,0,0,1,Respect for elders,Good manners,Self-reliance,Well-behaved,-3,3,1,0,2
919,Virginia,Slightly liberal,Strongly approve,normal,5b85a2a4-af89-40bc-b366-814eb6bd580d,25,Male,"$45,000 to $49,999",White,No,High school graduate,Virginia,High school graduate,"[18,34]",White,"[25,50)",D,-3,3,Democrat,85,84,69,85,84,88,91,74,91,21,7,3,96,72,85,89,2.5,3,1,1,0,0,0,0,0,1,Independence,Good manners,Obedience,Well-behaved,3,3,0,0,1
824,Georgia,Moderate,Somewhat approve,normal,5b85a08c-95d0-4383-9d8b-43e2da45632c,76,Female,"$20,000 to $24,999",White,No,High school graduate,Georgia,High school graduate,"(64,96]",White,"[0,25)",R,2,2,Republican,54,48,56,77,11,93,90,78,72,58,46,10,70,73,51,90,4,2,1,4,1,1,1,1,0,1,Respect for elders,Good manners,Obedience,Well-behaved,-2,4,1,0,6
564,Kentucky,Conservative,Strongly disapprove,normal,5b859cff-3655-44cc-852d-84da9bbb870d,63,Female,"$30,000 to $34,999","Black, or African American",No,Bachelor's degree,Kentucky,Bachelor's degree,"(49,64]",Black,"[25,50)",D,-3,3,Democrat,100,100,1,1,25,80,100,65,1,1,83,50,80,100,53,100,1.5,3,3,3,1,0,0,1,0,1,Independence,Good manners,Obedience,Considerate,-3,2,1,0,4
814,California,Extremely conservative,Strongly disapprove,normal,5b85a07b-9dfa-4d34-96c0-5c45387175f7,39,Male,"$100,000 to $124,999",Asian *** Japanese,No,Graduate or professional degree,California,Graduate or professional degree,"(34,49]",Asian or Pacific Islander,"[100,200)",I,0,0,Independent,51,52,3,1,0,100,100,99,100,40,13,100,1,1,100,100,2,2.5,2.5,3.5,0,0,0,1,0,1,Independence,Good manners,Self-reliance,Well-behaved,0,2,0,0,2
808,Michigan,Slightly conservative,Strongly disapprove,normal,5b85a068-a7fc-4055-847d-be77aac4b61f,45,Female,"$80,000 to $84,999",White,No,Associate's degree,Michigan,Associate's degree,"(34,49]",White,"[75,100)",R,2,2,Republican,67,88,3,3,60,76,3,3,100,70,31,100,40,34,65,57,2,2,2.5,3,1,1,1,1,0,1,Respect for elders,Curiosity,Self-reliance,Considerate,-3,1,1,1,7
764,Texas,Moderate,Strongly disapprove,noincome,5b859fe3-f1a1-47c1-ae39-0feb827bf4b6,45,Female,"$90,000 to $94,999",White,No,"Some college, no degree",Texas,"Some college, no degree","(34,49]",White,"[75,100)",D,-1,1,Democrat,53,86,8,12,97,39,5,7,98,77,26,5,64,51,92,83,2,1,1,3,1,0,0,1,0,1,Respect for elders,Curiosity,Self-reliance,Well-behaved,-2,2,1,1,5
763,Kansas,Moderate,Somewhat disapprove,normal,5b859fdc-468d-4e1b-af19-1e11061672cb,75,Male,Prefer not to answer,White,No,Associate's degree,Kansas,Associate's degree,"(64,96]",White,NA,I,0,0,Independent,96,88,7,7,80,88,80,12,11,10,100,4,49,46,45,97,1,2,3,4,0,0,0,1,0,1,Respect for elders,Curiosity,Self-reliance,Considerate,2,1,1,0,3
826,New York,Slightly liberal,Strongly disapprove,normal,5b85a0a5-8695-46ad-b167-6e21f1e48d4f,41,Female,"$125,000 to $149,999","Black, or African American",No,"Some college, no degree",New York,"Some college, no degree","(34,49]",Black,"[100,200)",D,-2,2,Democrat,81,84,10,8,80,89,7,8,100,98,57,0,95,95,6,9,2,2,1,1.5,0,0,0,1,1,0,Respect for elders,Curiosity,Obedience,Considerate,2,2,1,0,3
853,Wisconsin,Liberal,Somewhat disapprove,normal,5b85a11e-f84d-4a59-8c16-5d6e8a80538b,36,Male,"Less than $14,999","Black, or African American",No,"Some college, no degree",Wisconsin,"Some college, no degree","(34,49]",Black,"[0,25)",D,-2,2,Democrat,74,77,0,0,38,30,21,0,53,63,40,5,36,36,74,88,2,1,2,4,1,0,0,1,0,1,Independence,Good manners,Self-reliance,Well-behaved,-2,2,1,0,4
753,California,Liberal,Strongly disapprove,normal,5b859fb9-5ca1-4eb8-9994-73dde349ebc1,63,Male,"$20,000 to $24,999","Black, or African American",No,Bachelor's degree,California,Bachelor's degree,"(49,64]",Black,"[0,25)",D,-3,3,Democrat,98,56,0,0,5,95,0,0,0,50,100,0,100,80,0,3,1,2,3,1,0,0,1,1,1,1,Respect for elders,Curiosity,Obedience,Considerate,-2,2,1,1,6
670,Massachusetts,Moderate,Strongly disapprove,normal,5b859ee2-3626-46fe-8fb1-08f7211a3d7d,70,Male,"$175,000 to $199,999",White,No,Bachelor's degree,Massachusetts,Bachelor's degree,"(64,96]",White,"[100,200)",I,0,0,Independent,62,62,13,10,89,90,7,2,50,90,11,4,82,86,16,53,1.5,2,2,2,0,1,1,1,0,1,Respect for elders,Good manners,Obedience,Considerate,3,3,1,1,6
669,Kentucky,Liberal,Strongly disapprove,normal,5b859ee1-ba2c-46c2-aab8-466febc5effb,70,Female,"$40,000 to $44,999","Black, or African American",No,High school graduate,Kentucky,High school graduate,"(64,96]",Black,"[25,50)",D,-3,3,Democrat,9,43,1,2,91,97,3,5,50,90,36,2,81,72,92,92,2,2,2,3.5,1,1,0,1,0,1,Independence,Curiosity,Self-reliance,Considerate,-3,0,1,1,6
607,Colorado,Extremely liberal,Strongly disapprove,normal,5b859e3b-0da3-4202-8e7d-83e87f23bff2,77,Female,"$20,000 to $24,999",White,No,"Some college, no degree",Colorado,"Some college, no degree","(64,96]",White,"[0,25)",D,-3,3,Democrat,100,98,1,3,100,99,3,3,99,98,55,1,100,100,10,7,1,1,1,1.5,1,1,1,1,0,1,Independence,Curiosity,Self-reliance,Considerate,-3,0,1,0,6
817,Illinois,Moderate,Strongly approve,normal,5b85a081-bb41-4588-ab09-bd1b66aa1ba0,57,Male,"Less than $14,999",White,No,Associate's degree,Illinois,Associate's degree,"(49,64]",White,"[0,25)",R,2,2,Republican,88,94,94,91,69,81,82,76,61,67,47,58,9,8,18,6,2.5,3,2,3,0,1,0,1,0,1,Respect for elders,Good manners,Obedience,Well-behaved,-3,4,1,0,4
769,Washington,Moderate,Somewhat approve,noincome,5b859ff1-64c6-4e75-969a-dbcc844d9ef3,46,Female,"$30,000 to $34,999",White,No,"Some college, no degree",Washington,"Some college, no degree","(34,49]",White,"[25,50)",I,0,0,Independent,53,54,38,30,1,63,100,99,2,1,9,1,57,61,73,90,2,3,3,4,0,0,0,1,0,1,Respect for elders,Good manners,Obedience,Well-behaved,-2,4,1,0,3
684,Nebraska,Slightly liberal,Strongly disapprove,normal,5b859efe-ebda-4ea8-bf53-ad95424bb5cf,63,Female,"$150,000 to $174,999",White,No,Graduate or professional degree,Nebraska,Graduate or professional degree,"(49,64]",White,"[100,200)",D,-1,1,Democrat,95,99,4,4,51,93,93,5,71,91,27,0,94,96,51,95,2,2.5,2,2,1,0,0,1,0,1,Respect for elders,Good manners,Obedience,Considerate,-3,3,1,0,4
858,California,Slightly liberal,Strongly approve,normal,5b85a138-cc23-4e09-a55c-8078352be33e,47,Male,"$50,000 to $54,999",Asian *** Chinese,No,Bachelor's degree,California,Bachelor's degree,"(34,49]",Asian or Pacific Islander,"[50,75)",R,3,3,Republican,97,92,2,1,2,100,99,1,100,99,100,2,98,99,2,98,1,2,2,2,1,0,0,0,0,1,Respect for elders,Good manners,Obedience,Considerate,-3,3,1,1,4
885,Georgia,Moderate,Strongly disapprove,normal,5b85a1b4-d863-4891-a6d9-d19021c7542c,25,Female,"$25,000 to $29,999",White,No,Bachelor's degree,Georgia,Bachelor's degree,"[18,34]",White,"[25,50)",D,-3,3,Democrat,96,76,9,9,67,53,77,57,75,72,58,83,96,74,16,8,1,3,4,1,1,0,0,1,0,1,Respect for elders,Good manners,Obedience,Considerate,-3,3,0,0,3
328,Kentucky,Extremely liberal,Strongly disapprove,normal,5b859a3b-aaed-4b58-8bb3-0bcb04356958,28,Female,"$40,000 to $44,999",White,No,Associate's degree,Kentucky,Associate's degree,"[18,34]",White,"[25,50)",D,-3,3,Democrat,100,100,0,0,100,95,10,0,100,90,10,0,95,90,20,10,1.5,1,1,1,1,1,1,1,0,1,Independence,Good manners,Self-reliance,Considerate,3,1,1,1,7
819,New York,Moderate,Strongly disapprove,normal,5b85a085-74b1-45c6-967b-eb2af51f5460,74,Female,"$35,000 to $39,999",White,No,High school graduate,New York,High school graduate,"(64,96]",White,"[25,50)",D,-3,3,Democrat,91,92,7,9,27,87,13,17,78,78,77,12,32,33,91,92,2,2,1.5,4,1,0,1,1,0,1,Independence,Curiosity,Self-reliance,Considerate,-3,0,1,1,6
719,Ohio,Slightly liberal,Somewhat approve,normal,5b859f5b-04c4-444e-a754-9927e36fddff,63,Female,"Less than $14,999","Black, or African American",No,High school graduate,Ohio,High school graduate,"(49,64]",Black,"[0,25)",R,2,2,Republican,50,70,50,50,80,50,80,55,90,90,30,10,50,50,70,50,2,2,1.5,3,1,0,0,1,0,0,Respect for elders,Good manners,Obedience,Well-behaved,-2,4,0,0,2
623,Missouri,Moderate,Somewhat disapprove,normal,5b859e67-7ea9-4766-bb57-5575f5a93d61,61,Female,"$40,000 to $44,999",Asian *** Other,No,Graduate or professional degree,Missouri,Graduate or professional degree,"(49,64]",Asian or Pacific Islander,"[25,50)",R,2,2,Republican,100,100,1,1,0,1,100,100,1,1,100,1,100,100,100,100,1.5,3.5,3,2.5,0,0,0,1,0,1,Respect for elders,Good manners,Obedience,Well-behaved,-3,4,0,0,2
574,New York,Moderate,Somewhat approve,normal,5b859d99-b311-4620-998b-f863194a23cd,39,Male,"$95,000 to $99,999",White,No,High school graduate,New York,High school graduate,"(34,49]",White,"[75,100)",I,0,0,Independent,68,65,50,48,28,91,91,96,70,81,47,21,20,24,78,93,1,4,2,4,1,0,0,1,0,1,Respect for elders,Good manners,Obedience,Well-behaved,-2,4,1,1,5
836,Georgia,Moderate,Somewhat approve,normal,5b85a0d9-fcbb-4164-9005-5289da775197,43,Female,"$25,000 to $29,999",White,No,"Some college, no degree",Georgia,"Some college, no degree","(34,49]",White,"[25,50)",R,2,2,Republican,94,96,96,93,96,90,88,95,6,5,4,7,6,3,93,93,2.5,1,4,3.5,1,0,0,0,0,0,Respect for elders,Good manners,Obedience,Well-behaved,3,4,1,0,2
NA,Tennessee,Liberal,Strongly disapprove,noincome,5b85a100-9d18-4178-8feb-ea0c38f3496e,68,Female,"$25,000 to $29,999","Black, or African American",No,"Some college, no degree",Tennessee,"Some college, no degree","(64,96]",Black,"[25,50)",D,-3,3,Democrat,59,61,34,52,80,83,25,36,54,62,60,53,22,29,95,92,2,2,2,3,1,0,0,1,0,1,Respect for elders,Good manners,Obedience,Considerate,3,3,1,0,4
833,Michigan,Moderate,Somewhat approve,normal,5b85a0b2-040d-4cb4-b805-18bb982a5941,49,Male,"$45,000 to $49,999",White,No,High school graduate,Michigan,High school graduate,"(34,49]",White,"[25,50)",D,-2,2,Democrat,65,80,0,1,12,83,66,60,0,0,65,0,54,54,1,1,2,2,3,1.5,1,0,1,1,1,1,Respect for elders,Good manners,Self-reliance,Considerate,3,2,1,0,6
811,Virginia,Moderate,Somewhat disapprove,normal,5b85a07a-8711-4551-85fc-f8a123197785,59,Female,"$35,000 to $39,999",White,No,High school graduate,Virginia,High school graduate,"(49,64]",White,"[25,50)",D,-3,3,Democrat,100,100,5,5,85,75,100,7,100,49,7,6,100,100,50,51,1.5,3,1,1.5,1,0,0,1,0,1,Independence,Good manners,Self-reliance,Well-behaved,2,2,1,0,4
779,Maine,Slightly liberal,Strongly disapprove,normal,5b85a011-9721-4d6d-b3eb-2ee6f659e794,29,Female,"$90,000 to $94,999",Some other race,No,Graduate or professional degree,Maine,Graduate or professional degree,"[18,34]",Other,"[75,100)",I,0,0,Independent,99,92,26,26,44,49,51,49,41,49,44,48,46,38,48,40,1,3,2,3,0,0,0,0,1,1,Respect for elders,Good manners,Obedience,Considerate,0,3,0,0,2
420,Washington,Slightly liberal,Somewhat approve,noincome,5b859ac3-e594-48b6-9145-e5d81d682e4c,57,Female,"$20,000 to $24,999",White,No,High school graduate,Washington,High school graduate,"(49,64]",White,"[0,25)",D,-2,2,Democrat,77,72,10,10,77,76,50,10,10,10,30,50,51,60,20,10,1,1,4,2,0,0,0,1,1,0,Respect for elders,Good manners,Self-reliance,Considerate,-3,2,1,0,3
851,District of Columbia,Slightly liberal,Strongly disapprove,normal,5b85a11a-f4df-46eb-80b7-339453d89468,28,Female,"$20,000 to $24,999",White,No,Bachelor's degree,D.C.,Bachelor's degree,"[18,34]",White,"[0,25)",D,-2,2,Democrat,100,100,0,0,100,100,0,0,100,50,0,0,100,100,50,20,1.5,1.5,1,1.5,1,0,1,1,1,1,Respect for elders,Curiosity,Obedience,Considerate,0,2,1,1,7
735,Oregon,Slightly conservative,Somewhat approve,normal,5b859f78-8734-4765-aa18-f167f3579d57,71,Male,"Less than $14,999","Black, or African American",No,High school graduate,Oregon,High school graduate,"(64,96]",Black,"[0,25)",R,2,2,Republican,50,28,46,53,28,51,56,32,58,70,12,67,70,70,39,38,4,3,2,1.5,1,1,1,1,0,1,Respect for elders,Good manners,Self-reliance,Considerate,-3,2,1,1,7
795,Tennessee,Liberal,Strongly disapprove,noincome,5b85a046-cf89-48a4-854f-85bb03f062b9,30,Male,"$25,000 to $29,999",White,No,Graduate or professional degree,Tennessee,Graduate or professional degree,"[18,34]",White,"[25,50)",D,-3,3,Democrat,100,100,100,100,100,98,100,100,100,100,100,100,100,100,99,100,2.5,2.6666666666666665,2.5,2.3333333333333335,1,1,1,1,0,1,Respect for elders,Good manners,Obedience,Well-behaved,3,4,1,0,6
889,Virginia,Liberal,Strongly disapprove,normal,5b85a1ce-0255-427d-bbf1-3d02aeca952e,43,Male,"$75,000 to $79,999",White,No,Bachelor's degree,Virginia,Bachelor's degree,"(34,49]",White,"[75,100)",D,-3,3,Democrat,83,79,1,2,85,14,2,2,66,92,18,1,92,89,50,1,1,1,2,1,1,1,1,1,0,1,Independence,Curiosity,Self-reliance,Considerate,3,0,1,1,7
877,New York,Extremely liberal,Strongly disapprove,normal,5b85a188-550a-4094-8a6d-4fdd9fdf9ac0,53,Male,"Less than $14,999",White,No,Bachelor's degree,New York,Bachelor's degree,"(49,64]",White,"[0,25)",D,-3,3,Democrat,77,88,19,4,100,100,6,4,71,82,52,2,99,100,51,91,2,1.5,2,2,1,1,1,1,0,1,Independence,Curiosity,Self-reliance,Well-behaved,3,1,1,1,7
887,Texas,Extremely liberal,Strongly disapprove,noincome,5b85a1bd-32b0-48c4-b938-10b13e3ae0de,38,Female,"$45,000 to $49,999",White,No,Bachelor's degree,Texas,Bachelor's degree,"(34,49]",White,"[25,50)",D,-1,1,Democrat,98,70,2,3,60,65,11,1,50,98,2,1,99,97,1,3,1,2,2,1,1,1,1,1,1,1,Independence,Curiosity,Self-reliance,Considerate,-3,0,1,1,8
772,Ohio,Slightly liberal,Strongly disapprove,normal,5b85a004-22d0-462f-93ca-e2eaedb66a67,52,Male,"$60,000 to $64,999",White,No,Bachelor's degree,Ohio,Bachelor's degree,"(49,64]",White,"[50,75)",D,-2,2,Democrat,96,92,4,4,50,51,49,25,85,85,10,8,48,49,96,100,1,2,1.5,4,0,0,0,1,0,1,Respect for elders,Good manners,Obedience,Considerate,0,3,1,0,3
672,Oregon,Liberal,Strongly disapprove,normal,5b859ee8-925f-4f21-b064-0a7bcbcb6b33,53,Male,"$85,000 to $89,999",White,No,"Some college, no degree",Oregon,"Some college, no degree","(49,64]",White,"[75,100)",D,-3,3,Democrat,64,54,2,1,82,82,3,5,21,21,82,34,37,70,15,22,1,1.5,3,2,0,0,0,1,0,1,Respect for elders,Curiosity,Self-reliance,Considerate,-2,1,1,0,3
525,Florida,Conservative,Somewhat approve,noincome,5b859bf4-1e94-44b4-8adf-79cbc1ba5de9,69,Female,"$60,000 to $64,999",White,No,High school graduate,Florida,High school graduate,"(64,96]",White,"[50,75)",R,3,3,Republican,10,100,1,1,50,100,80,1,2,99,99,1,100,100,50,1,2,2,2.5,1.5,1,1,1,1,0,1,Respect for elders,Good manners,Obedience,Considerate,3,3,1,1,7
701,Arizona,Moderate,Strongly approve,normal,5b859f2b-f91d-4524-acec-0fb67ebedc04,31,Female,"Less than $14,999","Black, or African American",No,Did not complete high school,Arizona,Did not complete high school,"[18,34]",Black,"[0,25)",R,1,1,Republican,78,97,7,0,73,74,77,82,32,72,79,17,78,81,16,80,2,4,3,2,0,0,0,1,1,0,Respect for elders,Good manners,Self-reliance,Considerate,-3,2,1,0,3
884,Pennsylvania,Conservative,Strongly approve,normal,5b85a1b4-86d8-42d3-b78b-b1bb6b0f68e0,44,Female,"Less than $14,999",White,No,"Some college, no degree",Pennsylvania,"Some college, no degree","(34,49]",White,"[0,25)",R,3,3,Republican,100,100,1,1,80,80,76,89,0,0,42,0,1,1,100,100,1.5,4,3,3.5,0,0,0,1,0,1,Respect for elders,Curiosity,Self-reliance,Considerate,3,1,1,1,4
741,Pennsylvania,Moderate,Somewhat disapprove,normal,5b859f95-391d-433d-8157-182c37d1cd3d,46,Female,"$20,000 to $24,999",White,No,"Some college, no degree",Pennsylvania,"Some college, no degree","(34,49]",White,"[0,25)",D,-2,2,Democrat,97,100,8,7,50,50,57,54,16,18,100,1,54,53,85,100,2,3,3,4,0,1,0,1,1,0,Respect for elders,Good manners,Obedience,Well-behaved,-2,4,1,0,4
902,West Virginia,Liberal,Strongly disapprove,normal,5b85a228-b3e9-4660-92a4-7d760566d8e4,55,Male,"$70,000 to $74,999",Some other race,Yes,High school graduate,West Virginia,High school graduate,"(49,64]",Other,"[50,75)",R,3,3,Republican,77,79,87,89,80,86,89,89,55,52,53,52,63,76,36,31,4,3.5,1,2,1,0,0,1,0,1,Respect for elders,Good manners,Obedience,Well-behaved,-3,4,1,0,4
761,Indiana,Conservative,Somewhat approve,normal,5b859fdc-03ca-495b-9768-f50147532398,76,Female,"$35,000 to $39,999",White,No,High school graduate,Indiana,High school graduate,"(64,96]",White,"[25,50)",R,3,3,Republican,98,98,28,10,52,96,98,97,50,51,99,2,100,98,4,52,1.5,3,3,1,1,0,0,1,0,0,Respect for elders,Good manners,Self-reliance,Well-behaved,0,3,1,0,3
759,Georgia,Moderate,Somewhat disapprove,normal,5b859fd1-efa4-43a4-be91-484cd980e0ad,50,Female,"$80,000 to $84,999",Some other race,No,Did not complete high school,Georgia,Did not complete high school,"(49,64]",Other,"[75,100)",D,-2,2,Democrat,91,53,2,0,54,53,19,5,23,23,98,6,54,52,1,1,1,1,3,1,0,0,0,0,0,1,Respect for elders,Good manners,Obedience,Well-behaved,-3,4,1,0,2
866,Connecticut,Extremely liberal,Strongly disapprove,normal,5b85a157-7361-47ec-9272-a5d19ca24375,76,Female,"Less than $14,999",White,No,High school graduate,Connecticut,High school graduate,"(64,96]",White,"[0,25)",D,-3,3,Democrat,59,59,39,19,23,70,21,9,49,91,49,24,91,88,36,35,1.5,2,2,1,1,1,1,1,1,1,Respect for elders,Good manners,Obedience,Well-behaved,3,4,1,1,8
881,Texas,Moderate,Strongly disapprove,noincome,5b85a1a0-4b76-4885-8ce8-bf7f44c996c8,65,Female,"$100,000 to $124,999",White,No,Graduate or professional degree,Texas,Graduate or professional degree,"(64,96]",White,"[100,200)",D,-2,2,Democrat,78,91,28,15,88,94,26,97,79,95,81,42,82,94,65,56,2,4,2,2,1,0,1,1,0,1,Respect for elders,Good manners,Self-reliance,Well-behaved,3,3,1,0,5
882,Connecticut,Conservative,Strongly approve,normal,5b85a1a8-6885-4a8d-b7d3-dbc6f5ca296c,77,Female,"Less than $14,999",White,No,Did not complete high school,Connecticut,Did not complete high school,"(64,96]",White,"[0,25)",R,3,3,Republican,31,61,26,3,1,1,100,100,10,21,90,26,1,1,100,100,2,3.5,3,3.5,1,1,1,1,0,1,Respect for elders,Curiosity,Self-reliance,Considerate,3,1,1,1,7
942,Louisiana,Extremely liberal,Strongly approve,normal,5b85a32a-f6c6-41ad-ba80-9ef6151cb68b,34,Male,"$95,000 to $99,999",White,No,High school graduate,Louisiana,High school graduate,"[18,34]",White,"[75,100)",D,-3,3,Democrat,65,53,47,100,62,32,79,97,57,22,64,71,64,49,32,56,4,4,4,1,0,0,0,0,1,1,Respect for elders,Good manners,Self-reliance,Well-behaved,0,3,1,0,3
783,Indiana,Slightly conservative,Strongly approve,normal,5b85a01e-6b43-4c4b-8c0e-2303177b4c22,63,Male,"$100,000 to $124,999",White,No,Graduate or professional degree,Indiana,Graduate or professional degree,"(49,64]",White,"[100,200)",R,1,1,Republican,100,100,0,0,0,100,52,51,0,100,100,0,0,100,0,100,1.5,2,2.5,3,1,1,1,1,0,1,Respect for elders,Good manners,Obedience,Well-behaved,3,4,1,1,7
832,Texas,Slightly conservative,Somewhat approve,noincome,5b85a0b1-e1ae-4ed3-bf5a-02bf4effc760,24,Female,"$55,000 to $59,999","Black, or African American",No,Bachelor's degree,Texas,Bachelor's degree,"[18,34]",Black,"[50,75)",D,-2,2,Democrat,54,38,8,4,7,8,100,100,68,47,3,1,98,100,50,5,1,3.5,1,2,0,0,0,0,0,0,Respect for elders,Good manners,Self-reliance,Well-behaved,-3,3,0,0,0
892,Maryland,Extremely liberal,Strongly disapprove,normal,5b85a1dd-4073-4342-8dde-de3498acda52,49,Female,"$35,000 to $39,999",White,No,High school graduate,Maryland,High school graduate,"(34,49]",White,"[25,50)",D,-3,3,Democrat,100,100,100,100,100,100,0,0,100,100,100,100,100,100,100,100,2.5,1.5,2.5,2.5,1,0,1,1,1,0,Respect for elders,Good manners,Obedience,Well-behaved,-3,4,0,0,4
727,California,Slightly conservative,Somewhat approve,normal,5b859f6a-6bfc-4e57-bd63-b1cc31255a86,54,Female,"$25,000 to $29,999",White,No,Associate's degree,California,Associate's degree,"(49,64]",White,"[25,50)",I,0,0,Independent,81,85,36,8,50,100,24,19,70,82,51,10,61,63,81,100,2,2,2,4,0,0,1,1,0,0,Respect for elders,Good manners,Obedience,Considerate,-2,3,1,0,3
829,Colorado,Liberal,Somewhat approve,normal,5b85a0b0-ac0e-4221-b245-d0b61e89f8e5,59,Male,"$25,000 to $29,999","Black, or African American",No,"Some college, no degree",Colorado,"Some college, no degree","(49,64]",Black,"[25,50)",I,0,0,Independent,92,93,14,5,35,77,54,20,100,100,11,3,71,82,34,54,2,2,1.5,2,0,0,0,1,0,1,Independence,Good manners,Self-reliance,Considerate,-2,1,1,0,3
845,Michigan,Liberal,Strongly disapprove,normal,5b85a0fa-f0df-4788-8a7a-6e7ef0d5cc0c,56,Female,"$30,000 to $34,999",White,Yes,"Some college, no degree",Michigan,"Some college, no degree","(49,64]",White,"[25,50)",D,-3,3,Democrat,100,100,1,1,2,50,1,1,100,50,1,1,50,50,50,100,1.5,2,1,4,1,1,1,1,0,1,Respect for elders,Curiosity,Self-reliance,Well-behaved,3,2,1,1,7
791,Mississippi,Conservative,Strongly approve,normal,5b85a03d-ee05-4789-9bb5-375d86c50813,41,Male,"$55,000 to $59,999",Some other race,No,Bachelor's degree,Mississippi,Bachelor's degree,"(34,49]",Other,"[50,75)",R,1,1,Republican,85,90,0,0,10,26,100,100,90,90,25,0,50,50,80,100,2,3.5,1.5,4,1,0,1,1,0,1,Respect for elders,Curiosity,Self-reliance,Well-behaved,-2,2,1,1,6
703,New York,Liberal,Strongly disapprove,normal,5b859f2f-b30b-4867-8ebe-46d78d2a3533,68,Female,"Less than $14,999",White,No,Bachelor's degree,New York,Bachelor's degree,"(64,96]",White,"[0,25)",D,-2,2,Democrat,61,100,1,1,1,100,2,2,47,100,9,100,1,2,1,1,2,2,3,2,1,1,1,1,0,1,Independence,Curiosity,Self-reliance,Considerate,3,0,1,1,7
822,California,Liberal,Strongly disapprove,normal,5b85a089-3ce6-491c-9bc4-21d3a392e53e,34,Male,"$25,000 to $29,999",White,No,Graduate or professional degree,California,Graduate or professional degree,"[18,34]",White,"[25,50)",D,-2,2,Democrat,100,24,0,0,81,71,0,0,13,29,79,0,78,78,26,5,1,1,3,1.5,1,1,1,1,1,1,Independence,Curiosity,Obedience,Well-behaved,-3,2,0,0,6
862,Texas,Conservative,Strongly approve,noincome,5b85a145-abce-4575-b4d3-7b082348c627,70,Male,"$70,000 to $74,999",Some other race,No,"Some college, no degree",Texas,"Some college, no degree","(64,96]",Other,"[50,75)",R,3,3,Republican,74,78,12,4,10,29,50,35,12,6,50,81,12,6,73,43,2,3,4,3,1,1,1,1,1,1,Independence,Curiosity,Self-reliance,Considerate,3,0,1,1,8
946,California,Slightly liberal,Somewhat approve,normal,5b85a335-f9ed-4916-b71e-e67b78ed79c1,40,Female,"$15,000 to $19,999",White,No,"Some college, no degree",California,"Some college, no degree","(34,49]",White,"[0,25)",R,3,3,Republican,15,15,15,17,13,11,16,14,17,25,17,15,12,14,14,19,4,3,2,4,0,0,0,0,0,1,Respect for elders,Curiosity,Self-reliance,Considerate,-2,1,1,0,2
705,New York,Liberal,Strongly disapprove,normal,5b859f35-45b2-457d-b98c-e25a3329a175,72,Female,"$50,000 to $54,999",White,No,Bachelor's degree,New York,Bachelor's degree,"(64,96]",White,"[50,75)",D,-2,2,Democrat,67,59,22,10,64,79,6,4,84,34,17,1,65,63,29,29,1,2,1,1,0,0,1,1,1,1,Respect for elders,Good manners,Obedience,Well-behaved,3,4,1,1,6
633,South Carolina,Conservative,Strongly approve,normal,5b859e7b-ae2a-4d5e-a7c7-618b530cac38,78,Female,"Less than $14,999","Black, or African American",No,High school graduate,South Carolina,High school graduate,"(64,96]",Black,"[0,25)",R,2,2,Republican,81,70,4,3,7,4,96,97,75,70,71,1,53,50,96,95,1,4,1,3,0,0,0,1,0,1,Respect for elders,Good manners,Obedience,Well-behaved,3,4,1,0,3
854,Illinois,Slightly liberal,Strongly disapprove,normal,5b85a123-553c-4d29-8a69-9ad0f7e49ded,61,Male,"$50,000 to $54,999",White,No,Bachelor's degree,Illinois,Bachelor's degree,"(49,64]",White,"[50,75)",D,-3,3,Democrat,51,52,50,50,41,100,42,8,1,1,69,91,100,100,27,41,2,2,4,1.5,1,0,0,1,0,1,Respect for elders,Good manners,Obedience,Well-behaved,3,4,1,1,5
873,Florida,Moderate,Strongly approve,noincome,5b85a171-26f3-42ea-905f-4998e46a30dc,70,Male,"$20,000 to $24,999",White,No,Bachelor's degree,Florida,Bachelor's degree,"(64,96]",White,"[0,25)",R,3,3,Republican,50,100,0,0,0,0,100,99,100,50,0,0,50,50,100,50,2,3,1,3,1,0,1,1,1,1,Respect for elders,Good manners,Obedience,Well-behaved,-3,4,1,0,6
610,California,Liberal,Strongly disapprove,normal,5b859e45-2b0f-4d2e-8ff5-9f1ce6d2993b,72,Male,"$25,000 to $29,999","Black, or African American",No,"Some college, no degree",California,"Some college, no degree","(64,96]",Black,"[25,50)",D,-3,3,Democrat,100,100,0,0,98,97,0,0,89,92,10,1,86,91,12,0,1.5,1,2,2,1,1,1,1,0,1,Respect for elders,Curiosity,Self-reliance,Considerate,2,1,1,1,7
857,Michigan,Liberal,Strongly disapprove,normal,5b85a138-525c-44ce-8303-0f0f5bf14873,57,Female,"$30,000 to $34,999",White,No,Bachelor's degree,Michigan,Bachelor's degree,"(49,64]",White,"[25,50)",D,-3,3,Democrat,73,61,31,28,72,93,100,54,100,44,44,1,82,82,67,100,1,3,1,4,1,1,1,1,0,1,Respect for elders,Good manners,Obedience,Well-behaved,3,4,1,0,6
788,Georgia,Conservative,Somewhat disapprove,normal,5b85a034-b13e-4b96-a117-881fa23ca350,34,Female,"$50,000 to $54,999",White,No,Bachelor's degree,Georgia,Bachelor's degree,"[18,34]",White,"[50,75)",D,-2,2,Democrat,42,27,2,2,72,21,73,12,3,2,6,99,90,91,9,3,1,3,4,2,1,1,1,1,0,1,Respect for elders,Curiosity,Obedience,Considerate,2,2,1,0,6
917,Georgia,Moderate,Strongly disapprove,normal,5b85a279-5e49-4456-b862-45b57f3d5252,40,Female,"$30,000 to $34,999","Black, or African American",No,"Some college, no degree",Georgia,"Some college, no degree","(34,49]",Black,"[25,50)",D,-2,2,Democrat,85,87,39,32,55,54,52,52,11,7,67,56,55,56,76,89,2,1,3,4,1,0,1,1,0,0,Respect for elders,Good manners,Self-reliance,Well-behaved,3,3,1,1,5
696,Georgia,Extremely conservative,Strongly approve,normal,5b859f22-b1c6-474f-8963-ee53e8a00741,69,Male,"$80,000 to $84,999",White,No,Bachelor's degree,Georgia,Bachelor's degree,"(64,96]",White,"[75,100)",I,0,0,Independent,8,7,3,8,1,3,1,100,100,2,2,1,100,100,100,100,2.5,4,1,2.5,0,0,0,1,0,1,Respect for elders,Good manners,Obedience,Well-behaved,-3,4,1,0,3
823,California,Moderate,Strongly disapprove,normal,5b85a08a-efd3-4446-ba16-5913d373b2dc,53,Female,"$15,000 to $19,999",White,Yes,Did not complete high school,California,Did not complete high school,"(49,64]",White,"[0,25)",D,-2,2,Democrat,100,100,1,1,100,100,100,100,100,100,100,100,100,100,100,100,1.5,2.5,2.5,2.5,1,1,1,1,0,1,Respect for elders,Curiosity,Self-reliance,Well-behaved,2,2,1,1,7
831,New York,Slightly liberal,Strongly disapprove,normal,5b85a0b1-3013-4bd5-90f6-8b6ae33675df,82,Female,"$20,000 to $24,999",White,No,High school graduate,New York,High school graduate,"(64,96]",White,"[0,25)",D,-3,3,Democrat,90,77,9,13,84,100,26,28,11,13,37,17,90,100,65,10,1,2,3,2,1,1,1,1,1,1,Respect for elders,Good manners,Obedience,Well-behaved,3,4,1,0,7
900,New Jersey,Slightly liberal,Strongly disapprove,normal,5b85a21e-1a65-49f8-8829-91e824de0032,71,Female,"$35,000 to $39,999",Some other race,Yes,Associate's degree,New Jersey,Associate's degree,"(64,96]",Other,"[25,50)",D,-1,1,Democrat,70,83,10,1,87,86,3,3,71,82,33,21,83,84,65,93,2,1,2,4,1,1,1,1,0,1,Respect for elders,Curiosity,Self-reliance,Considerate,3,1,1,1,7
771,Illinois,Slightly liberal,Somewhat approve,normal,5b859fff-381f-4744-8a69-763776355479,40,Female,"Less than $14,999","Black, or African American",No,High school graduate,Illinois,High school graduate,"(34,49]",Black,"[0,25)",R,2,2,Republican,41,93,17,16,28,63,95,86,64,100,50,65,81,51,64,91,2,3,2,4,1,0,0,1,0,1,Respect for elders,Curiosity,Self-reliance,Well-behaved,0,2,0,0,3
775,California,Liberal,Somewhat approve,normal,5b85a00a-6ab1-430d-8739-1b0d52858d2d,52,Male,"$50,000 to $54,999",White,No,"Some college, no degree",California,"Some college, no degree","(49,64]",White,"[50,75)",D,-3,3,Democrat,79,52,7,6,46,72,18,8,71,79,50,7,52,38,61,94,1,2,2,4,0,0,0,1,0,1,Respect for elders,Curiosity,Self-reliance,Considerate,-3,1,0,0,2
690,Georgia,Extremely liberal,Strongly disapprove,normal,5b859f14-6f0e-4c6e-acc7-c0202d443939,37,Female,"$25,000 to $29,999",White,No,Associate's degree,Georgia,Associate's degree,"(34,49]",White,"[25,50)",D,-3,3,Democrat,100,50,10,5,99,80,2,1,74,88,9,2,100,99,4,4,1,1,2,1,1,0,1,1,0,1,Independence,Curiosity,Self-reliance,Considerate,3,0,1,0,5
925,Florida,Liberal,Somewhat disapprove,noincome,5b85a2cb-3b6e-48ca-90f7-bc51bacb12c9,40,Female,"$20,000 to $24,999",White,No,"Some college, no degree",Florida,"Some college, no degree","(34,49]",White,"[0,25)",D,-3,3,Democrat,49,57,60,56,46,62,59,47,50,55,61,65,40,56,64,70,3,2,4,4,1,0,1,1,0,1,Respect for elders,Curiosity,Self-reliance,Considerate,-3,1,1,1,6
888,Ohio,Liberal,Strongly disapprove,normal,5b85a1cd-686b-4007-9aed-524ab4206afb,64,Female,"$80,000 to $84,999",White,No,Bachelor's degree,Ohio,Bachelor's degree,"(49,64]",White,"[75,100)",I,0,0,Independent,100,100,1,1,97,75,78,80,98,2,2,1,99,99,99,99,1.5,1,1,2.5,1,0,1,1,0,1,Respect for elders,Good manners,Obedience,Well-behaved,-3,4,0,0,4
837,Iowa,Slightly liberal,Strongly disapprove,normal,5b85a0de-1783-411e-8e8a-66fa8865a175,61,Male,"$25,000 to $29,999",White,No,"Some college, no degree",Iowa,"Some college, no degree","(49,64]",White,"[25,50)",D,-1,1,Democrat,100,100,4,3,63,91,9,4,100,100,4,1,25,24,26,9,1.5,2,1.5,3,1,1,1,1,1,1,Independence,Curiosity,Self-reliance,Considerate,3,0,1,1,8
793,Georgia,Extremely liberal,Strongly disapprove,normal,5b85a03e-fc75-40fe-8277-748a4798294c,54,Female,"$15,000 to $19,999",White,No,"Some college, no degree",Georgia,"Some college, no degree","(49,64]",White,"[0,25)",D,-3,3,Democrat,61,70,2,NA,1,35,15,NA,100,59,10,1,90,91,NA,NA,NA,NA,1,NA,1,0,0,1,0,1,Respect for elders,Good manners,Obedience,Considerate,3,3,1,0,4
725,Arkansas,Conservative,Somewhat disapprove,normal,5b859f65-d7b8-4345-9e93-86b9da78cd9f,61,Female,"Less than $14,999",White,Yes,Bachelor's degree,Arkansas,Bachelor's degree,"(49,64]",White,"[0,25)",D,-2,2,Democrat,66,31,100,4,21,12,98,99,19,19,64,2,79,81,47,91,3,4,3,4,1,0,0,1,0,0,Respect for elders,Good manners,Obedience,Well-behaved,-1,4,1,0,3
734,Florida,Moderate,Somewhat approve,noincome,5b859f78-6f1a-470a-907f-4763f6270a54,37,Female,"Less than $14,999",Some other race,No,"Some college, no degree",Florida,"Some college, no degree","(34,49]",Other,"[0,25)",I,0,0,Independent,100,45,4,2,2,2,100,100,100,50,1,1,100,74,11,13,1,3.5,1,1,0,0,0,1,0,0,Respect for elders,Curiosity,Self-reliance,Considerate,-3,1,1,0,2
855,Kentucky,Extremely liberal,Strongly disapprove,normal,5b85a127-2db9-4fda-bd85-127daeaddcfb,49,Female,"$15,000 to $19,999",White,No,Associate's degree,Kentucky,Associate's degree,"(34,49]",White,"[0,25)",D,-3,3,Democrat,76,98,3,1,97,100,4,5,60,100,29,42,98,97,45,5,2,2,2,1,1,1,1,1,0,1,Independence,Curiosity,Self-reliance,Considerate,0,0,1,1,7
509,Idaho,Extremely conservative,Strongly approve,normal,5b859ba8-b5f8-4a7b-b14c-b8d9a658e7b0,68,Male,"$35,000 to $39,999",American Indian or Alaska Native,No,"Some college, no degree",Idaho,"Some college, no degree","(64,96]",American Indian or Alaska Native,"[25,50)",R,3,3,Republican,20,20,49,37,2,1,99,100,50,61,70,1,11,43,20,51,3,4,3,4,1,1,1,1,0,1,Respect for elders,Good manners,Self-reliance,Considerate,3,2,1,1,7
961,Florida,Liberal,Somewhat disapprove,noincome,5b85a38b-573d-465f-81b6-816664e00b34,40,Male,"$200,000 to $249,999",White,No,High school graduate,Florida,High school graduate,"(34,49]",White,"[200,201)",D,-3,3,Democrat,42,46,51,57,40,44,48,53,36,40,45,49,42,34,53,40,4,4,4,3,1,1,1,1,0,1,Independence,Good manners,Self-reliance,Well-behaved,-3,2,1,1,7
965,New York,Liberal,Somewhat disapprove,normal,5b85a3bd-1162-44c2-a416-e3869d8df576,24,Male,"Less than $14,999",White,No,Bachelor's degree,New York,Bachelor's degree,"[18,34]",White,"[0,25)",D,-3,3,Democrat,58,62,73,79,76,80,79,84,74,80,81,83,84,85,85,85,4,4,4,3,1,0,1,1,0,1,Respect for elders,Good manners,Obedience,Considerate,3,3,1,1,6
676,Alabama,Conservative,Strongly disapprove,normal,5b859ef2-604b-4d3d-ab74-92fd7c3b09d5,56,Male,"$100,000 to $124,999",White,No,Bachelor's degree,Alabama,Bachelor's degree,"(49,64]",White,"[100,200)",D,-3,3,Democrat,14,100,23,19,51,32,100,24,17,17,73,17,51,50,23,26,2,3,3,1,1,0,0,1,1,1,Respect for elders,Good manners,Obedience,Well-behaved,3,4,1,1,6
907,Texas,Moderate,Strongly disapprove,noincome,5b85a24c-201d-4159-b6f9-34cdbd6e9bbe,66,Female,"$95,000 to $99,999",White,No,Bachelor's degree,Texas,Bachelor's degree,"(64,96]",White,"[75,100)",D,-3,3,Democrat,100,81,0,0,30,49,0,1,52,99,0,0,100,100,100,50,1,2,2,2,1,0,1,1,0,1,Respect for elders,Good manners,Obedience,Well-behaved,3,4,1,0,5
801,New York,Moderate,Strongly disapprove,normal,5b85a05f-1738-481e-9e4a-24cda78d5988,26,Female,"$40,000 to $44,999",White,No,Bachelor's degree,New York,Bachelor's degree,"[18,34]",White,"[25,50)",D,-2,2,Democrat,75,75,9,2,49,57,23,0,72,45,24,0,50,39,73,60,1.5,2,1,3,0,0,0,1,1,0,Respect for elders,Good manners,Self-reliance,Considerate,3,2,0,NA,NA
868,North Carolina,Slightly conservative,Strongly disapprove,normal,5b85a15c-6be2-4dbf-8396-69409f91883f,35,Male,"$100,000 to $124,999",White,Yes,High school graduate,North Carolina,High school graduate,"(34,49]",White,"[100,200)",R,2,2,Republican,78,76,3,5,2,46,49,46,100,62,6,0,41,50,85,100,1,3,1,4,1,0,0,1,0,1,Respect for elders,Good manners,Obedience,Well-behaved,-3,4,1,0,4
821,Texas,Slightly liberal,Somewhat disapprove,noincome,5b85a087-f72f-4944-8303-4687ffd0af39,70,Female,"$30,000 to $34,999",Prefer not to answer,Prefer not to answer,Bachelor's degree,Texas,Bachelor's degree,"(64,96]",Prefer not to answer,"[25,50)",D,-3,3,Democrat,97,91,2,3,50,96,94,33,97,21,6,97,24,33,3,3,1,2,2.5,2,0,0,0,0,0,1,Independence,Curiosity,Self-reliance,Considerate,-3,0,1,0,2
883,California,Extremely conservative,Strongly approve,normal,5b85a1ad-5555-4109-ad19-5f2a4e8c7929,76,Male,"$45,000 to $49,999",White,No,"Some college, no degree",California,"Some college, no degree","(64,96]",White,"[25,50)",R,3,3,Republican,25,24,81,82,21,20,84,81,6,8,8,97,17,17,85,88,4,3,4,4,1,1,1,1,0,1,Respect for elders,Good manners,Obedience,Considerate,-3,3,1,0,6
778,Florida,Conservative,Somewhat approve,noincome,5b85a00f-47af-4517-92ac-c54408dced74,28,Female,"$95,000 to $99,999",White,Yes,Graduate or professional degree,Florida,Graduate or professional degree,"[18,34]",White,"[75,100)",R,3,3,Republican,50,52,24,28,52,68,62,51,2,3,50,50,27,25,48,49,2,2,3.5,4,1,0,0,1,0,1,Respect for elders,Good manners,Obedience,Considerate,2,3,1,0,4
838,Arizona,Extremely conservative,Strongly disapprove,normal,5b85a0e1-9d98-4522-8280-52f97f6d22e7,44,Female,"$20,000 to $24,999",Some other race,Yes,High school graduate,Arizona,High school graduate,"(34,49]",Other,"[0,25)",I,0,0,Independent,15,96,73,59,43,67,93,61,36,73,40,80,64,41,47,63,2,3,4,1,0,0,0,0,0,1,Respect for elders,Good manners,Self-reliance,Considerate,-3,2,1,0,2
604,Kentucky,Conservative,Somewhat disapprove,normal,5b859e35-8bdc-4e93-9eac-2f00d24e50b6,52,Female,"$20,000 to $24,999",White,Yes,Associate's degree,Kentucky,Associate's degree,"(49,64]",White,"[0,25)",R,2,2,Republican,100,100,21,0,71,76,100,100,21,30,100,0,51,49,54,0,1.5,3.5,3,3,0,0,0,1,0,0,Respect for elders,Good manners,Obedience,Well-behaved,-3,4,1,0,2
856,Ohio,Slightly conservative,Somewhat approve,normal,5b85a12a-3b9b-45bd-bb97-cd598f4248c7,54,Female,"Less than $14,999",White,No,Did not complete high school,Ohio,Did not complete high school,"(49,64]",White,"[0,25)",I,0,0,Independent,99,99,3,1,50,100,100,90,14,100,51,100,86,89,99,100,1.5,2.5,3,4,0,0,0,1,0,1,Respect for elders,Curiosity,Self-reliance,Considerate,-3,1,1,0,3
890,California,Moderate,Strongly disapprove,normal,5b85a1d0-31bc-4e06-a144-c75ed57e0120,65,Male,"$15,000 to $19,999",White,No,"Some college, no degree",California,"Some college, no degree","(64,96]",White,"[0,25)",R,2,2,Republican,68,49,28,2,72,85,82,29,51,89,52,9,90,90,24,53,1,2,2,1.5,1,0,1,1,0,1,Independence,Curiosity,Self-reliance,Considerate,2,0,0,0,4
870,New Hampshire,Slightly liberal,Strongly disapprove,"noincome,nosales",5b85a162-a0e4-46d3-ae1f-02094ace6ce5,66,Male,"$35,000 to $39,999",White,No,Bachelor's degree,New Hampshire,Bachelor's degree,"(64,96]",White,"[25,50)",D,-1,1,Democrat,48,47,4,3,74,69,50,26,97,45,1,1,50,99,3,4,1,1,1,2,0,1,1,1,0,1,Respect for elders,Curiosity,Self-reliance,Considerate,3,1,1,0,5
536,Utah,Slightly conservative,Strongly approve,normal,5b859c2e-63f6-4376-aaa2-c8b73b9991f6,47,Female,"$20,000 to $24,999",White,No,"Some college, no degree",Utah,"Some college, no degree","(34,49]",White,"[0,25)",R,1,1,Republican,70,69,31,28,31,62,62,23,71,51,25,73,51,52,52,100,1,2.5,4,4,1,1,1,1,1,1,Independence,Curiosity,Self-reliance,Considerate,-3,0,1,1,8
796,Virginia,Conservative,Strongly approve,normal,5b85a047-6dd4-4342-9cf8-2c0f88f02449,61,Male,"$45,000 to $49,999",White,No,High school graduate,Virginia,High school graduate,"(49,64]",White,"[25,50)",R,3,3,Republican,78,81,7,5,5,7,85,88,90,91,5,5,6,6,97,98,2,4,2,4,1,1,1,1,1,1,Respect for elders,Good manners,Self-reliance,Well-behaved,3,3,1,1,8
914,Florida,Conservative,Strongly approve,noincome,5b85a269-be83-48f0-8d44-2b30e2533c37,50,Female,"$125,000 to $149,999",Asian *** Asian Indian,No,Graduate or professional degree,Florida,Graduate or professional degree,"(49,64]",Asian or Pacific Islander,"[100,200)",R,3,3,Republican,80,83,10,8,8,7,93,87,44,56,79,14,8,8,49,25,2,3,3,3,1,0,0,1,0,1,Respect for elders,Good manners,Self-reliance,Considerate,-3,2,1,0,4
786,Washington,Extremely conservative,Strongly approve,noincome,5b85a02f-2d4c-4af5-a69b-e91fb9a50f5d,75,Male,"$70,000 to $74,999",White,No,Bachelor's degree,Washington,Bachelor's degree,"(64,96]",White,"[50,75)",R,3,3,Republican,97,99,1,1,1,100,100,100,61,70,100,3,77,74,91,2,2,3,3,3,0,0,0,1,0,1,Respect for elders,Good manners,Obedience,Considerate,-3,3,1,1,4
908,New Jersey,Extremely conservative,Strongly disapprove,normal,5b85a250-422b-436d-b926-09dfbaf5ffb7,64,Male,"$100,000 to $124,999",White,No,"Some college, no degree",New Jersey,"Some college, no degree","(49,64]",White,"[100,200)",D,-3,3,Democrat,91,93,8,9,94,91,22,18,49,50,100,54,82,90,10,8,2,1,3,2,1,1,1,1,0,0,Respect for elders,Good manners,Obedience,Well-behaved,-3,4,0,1,5
891,South Carolina,Extremely conservative,Strongly approve,normal,5b85a1d2-9b7f-4c37-b23b-54c1e1d046c5,49,Male,"$35,000 to $39,999",Some other race,No,Bachelor's degree,South Carolina,Bachelor's degree,"(34,49]",Other,"[25,50)",R,3,3,Republican,89,97,0,1,0,100,100,99,0,99,1,98,99,98,83,91,2,2.5,2,1,1,0,0,1,0,1,Respect for elders,Good manners,Self-reliance,Well-behaved,-3,3,1,0,4
876,Oregon,Conservative,Strongly approve,normal,5b85a179-7a13-4b79-9f5b-669ebb24c319,75,Male,"$65,000 to $69,999","Black, or African American",No,"Some college, no degree",Oregon,"Some college, no degree","(64,96]",Black,"[50,75)",R,1,1,Republican,1,1,61,50,1,99,100,31,0,1,100,100,0,0,19,5,3,3,3.5,3,0,0,1,1,0,1,Respect for elders,Good manners,Obedience,Well-behaved,2,4,1,1,5
867,Wisconsin,Slightly conservative,Strongly disapprove,normal,5b85a157-a67a-434e-a5a9-215d9005b630,71,Female,"Less than $14,999",White,No,Did not complete high school,Wisconsin,Did not complete high school,"(64,96]",White,"[0,25)",R,2,2,Republican,65,30,70,30,75,5,50,5,10,75,10,1,80,80,25,1,3,1,2,1.5,1,1,1,1,1,1,Respect for elders,Good manners,Self-reliance,Considerate,2,2,1,1,8
906,Oregon,Slightly liberal,Strongly disapprove,normal,5b85a248-6e26-463e-9c96-cb8833efbb3d,50,Female,"$35,000 to $39,999",White,No,Bachelor's degree,Oregon,Bachelor's degree,"(49,64]",White,"[25,50)",D,-2,2,Democrat,98,95,23,1,99,100,100,99,100,100,100,99,75,98,73,73,1,2.5,2,2,1,0,0,1,0,1,Respect for elders,Good manners,Obedience,Well-behaved,-3,4,1,0,4
869,California,Conservative,Strongly approve,normal,5b85a15c-a1dd-4bf2-ba83-812354fbe406,71,Female,"Less than $14,999",White,No,"Some college, no degree",California,"Some college, no degree","(64,96]",White,"[0,25)",R,3,3,Republican,61,63,0,0,100,100,100,100,62,75,100,2,1,1,99,100,2,2.5,3,4,1,1,1,1,0,1,Respect for elders,Good manners,Obedience,Well-behaved,-2,4,1,0,6
923,Florida,Conservative,Somewhat approve,noincome,5b85a2c6-3936-4070-8d14-2db1ef2265a7,62,Male,"$85,000 to $89,999",White,Yes,High school graduate,Florida,High school graduate,"(49,64]",White,"[75,100)",D,-2,2,Democrat,84,82,32,22,16,8,90,48,24,84,83,2,83,83,27,50,1,3,2,1.5,0,0,0,0,0,1,Respect for elders,Good manners,Obedience,Considerate,0,3,1,0,2
302,Oregon,Liberal,Strongly disapprove,normal,5b859a02-ae25-49cc-ada1-842eca35da77,64,Male,"$35,000 to $39,999",White,No,High school graduate,Oregon,High school graduate,"(49,64]",White,"[25,50)",D,-3,3,Democrat,70,70,0,0,90,90,0,0,61,100,61,0,90,80,30,90,1.5,1.5,2,2.5,1,1,1,1,1,1,Respect for elders,Curiosity,Self-reliance,Considerate,-3,1,1,1,8
317,Florida,Moderate,Somewhat disapprove,noincome,5b859a22-a155-449a-9c41-586c0ff510a2,27,Male,"$45,000 to $49,999",White,No,Bachelor's degree,Florida,Bachelor's degree,"[18,34]",White,"[25,50)",I,0,0,Independent,82,63,2,2,78,61,26,15,51,52,11,1,22,16,50,67,1,1,2,4,0,0,0,1,0,1,Respect for elders,Good manners,Self-reliance,Considerate,2,2,1,0,3
903,Washington,Slightly conservative,Somewhat approve,noincome,5b85a22f-8597-490d-81c6-80562e515bd6,38,Male,"$35,000 to $39,999",White,Yes,Bachelor's degree,Washington,Bachelor's degree,"(34,49]",White,"[25,50)",I,0,0,Independent,100,100,100,4,49,53,53,50,100,100,100,100,100,100,58,54,2,2.5,2.5,1.5,0,0,0,0,0,1,NA,NA,NA,NA,0,0,1,0,2
958,Pennsylvania,Extremely conservative,Strongly approve,normal,5b85a374-6cb2-497c-883c-7867903056b3,59,Female,Prefer not to answer,Prefer not to answer,Prefer not to answer,"Some college, no degree",Pennsylvania,"Some college, no degree","(49,64]",Prefer not to answer,NA,R,3,3,Republican,74,77,24,26,8,18,74,74,61,59,77,16,87,82,98,98,2,3.5,3,3.5,1,0,1,1,0,1,Respect for elders,Good manners,Obedience,Well-behaved,3,4,1,0,5
815,Iowa,Slightly conservative,Strongly approve,normal,5b85a07b-c79c-4a15-ba10-65e6daf36170,62,Female,"$60,000 to $64,999",White,No,Bachelor's degree,Iowa,Bachelor's degree,"(49,64]",White,"[50,75)",R,1,1,Republican,100,100,10,11,100,100,100,100,9,9,100,9,100,100,100,100,1.5,2.5,3,2.5,0,1,0,1,1,1,Respect for elders,Good manners,Obedience,Well-behaved,-1,4,1,1,6
875,New York,Slightly conservative,Strongly disapprove,normal,5b85a175-3a69-4cdc-9d25-523f5d543248,48,Male,"$85,000 to $89,999",White,No,Bachelor's degree,New York,Bachelor's degree,"(34,49]",White,"[75,100)",I,0,0,Independent,72,73,6,5,47,50,62,50,81,79,44,14,80,76,13,16,2,3,1,1,0,0,0,0,0,1,Respect for elders,Good manners,Obedience,Well-behaved,-3,4,0,0,1
913,California,Liberal,Somewhat disapprove,normal,5b85a267-5905-4738-98f3-d9702b6e01f0,63,Female,"$30,000 to $34,999",White,No,Associate's degree,California,Associate's degree,"(49,64]",White,"[25,50)",D,-3,3,Democrat,52,22,63,51,10,26,92,38,61,80,100,1,100,100,1,1,3,3,3,1.5,0,1,1,1,1,0,Respect for elders,Curiosity,Self-reliance,Well-behaved,3,2,1,1,6
901,California,Slightly liberal,Strongly disapprove,normal,5b85a21f-bc97-4a0a-8aac-5834ca0f6a34,75,Male,"$50,000 to $54,999","Black, or African American",No,Associate's degree,California,Associate's degree,"(64,96]",Black,"[50,75)",D,-2,2,Democrat,61,60,4,1,79,71,2,2,41,44,52,2,70,70,27,4,1,1,3,1.5,1,0,1,1,1,1,Independence,Curiosity,Self-reliance,Considerate,-2,0,1,1,7
798,Georgia,Liberal,Strongly disapprove,normal,5b85a05c-6b3d-4c33-94c0-7fbb949c7e31,56,Female,"Less than $14,999",White,No,Graduate or professional degree,Georgia,Graduate or professional degree,"(49,64]",White,"[0,25)",D,-3,3,Democrat,69,92,26,26,85,32,54,75,84,74,31,15,76,77,54,43,2,1,1,2,1,0,0,1,0,1,Respect for elders,Good manners,Obedience,Well-behaved,3,4,1,0,4
871,Texas,Slightly liberal,Strongly disapprove,noincome,5b85a16c-da14-4be9-a208-207e23977e22,46,Female,"$30,000 to $34,999",White,No,"Some college, no degree",Texas,"Some college, no degree","(34,49]",White,"[25,50)",D,-3,3,Democrat,100,100,1,1,40,50,56,20,100,100,100,29,71,70,50,50,1.5,3,2,1,1,1,0,1,1,1,Respect for elders,Good manners,Obedience,Considerate,-3,3,1,0,6
967,Rhode Island,Slightly liberal,Strongly disapprove,normal,5b85a3c3-fc71-498b-853a-bb8d6b80d1d3,20,Female,"$35,000 to $39,999",American Indian or Alaska Native,No,High school graduate,Rhode Island,High school graduate,"[18,34]",American Indian or Alaska Native,"[25,50)",R,1,1,Republican,81,93,12,0,80,81,0,1,100,79,74,1,65,43,93,100,2,2,1,4,1,0,1,1,0,1,Independence,Curiosity,Self-reliance,Considerate,3,0,1,0,5
214,Ohio,Moderate,Strongly approve,normal,5b859960-5d44-4a99-90ba-f10daca6933b,30,Female,"$25,000 to $29,999",White,No,Bachelor's degree,Ohio,Bachelor's degree,"[18,34]",White,"[25,50)",D,-3,3,Democrat,23,62,31,48,30,63,31,49,60,27,56,40,52,44,71,57,2,2,1,3,1,0,1,0,0,0,Independence,Good manners,Self-reliance,Considerate,-3,1,0,0,2
972,Illinois,Liberal,Strongly approve,normal,5b85a3ed-423a-4216-90be-145a39f95eb7,24,Female,"$20,000 to $24,999",White,No,Bachelor's degree,Illinois,Bachelor's degree,"[18,34]",White,"[0,25)",D,-3,3,Democrat,33,39,60,82,67,70,70,70,69,72,73,68,63,65,63,65,4,3,3,3,0,0,0,1,0,0,Respect for elders,Good manners,Obedience,Well-behaved,3,4,0,0,1
912,California,Moderate,Somewhat approve,normal,5b85a25f-d4f4-4bb1-943e-d0451b61b0f6,19,Female,"$55,000 to $59,999",White,No,Bachelor's degree,California,Bachelor's degree,"[18,34]",White,"[50,75)",D,-2,2,Democrat,70,90,0,0,50,60,25,0,50,60,75,25,50,50,35,10,2,2,3,1.5,0,0,0,0,0,1,Independence,Curiosity,Self-reliance,Considerate,-2,0,1,0,2
894,California,Liberal,Strongly disapprove,normal,5b85a1e3-1777-4a23-b1e9-a4c0826d372d,70,Male,"$20,000 to $24,999",White,No,High school graduate,California,High school graduate,"(64,96]",White,"[0,25)",D,-3,3,Democrat,74,23,8,8,10,76,16,9,25,75,25,10,71,51,21,26,1,2,2,1,1,0,1,1,0,1,Respect for elders,Good manners,Obedience,Considerate,3,3,1,0,5
955,Arizona,Conservative,Strongly approve,normal,5b85a364-4349-47eb-b345-07e116dbb2da,53,Female,"$25,000 to $29,999",Some other race,No,Bachelor's degree,Arizona,Bachelor's degree,"(49,64]",Other,"[25,50)",R,1,1,Republican,74,74,15,10,8,92,95,97,95,70,51,3,7,5,96,99,1.5,4,1,4,1,1,1,1,0,1,Respect for elders,Good manners,Obedience,Well-behaved,3,4,1,0,6
896,New York,Slightly conservative,Somewhat approve,normal,5b85a1ed-2257-41e3-9220-307eb8d619e8,56,Female,"Less than $14,999",White,No,Associate's degree,New York,Associate's degree,"(49,64]",White,"[0,25)",R,1,1,Republican,25,39,6,5,16,35,50,50,6,5,7,48,6,12,29,52,2,3.5,4,4,1,1,1,1,1,1,Respect for elders,Curiosity,Obedience,Well-behaved,2,3,1,1,8
905,Arizona,Extremely conservative,Strongly approve,normal,5b85a23a-3466-45f6-95db-bb288da1c18c,50,Male,"$20,000 to $24,999",White,No,High school graduate,Arizona,High school graduate,"(49,64]",White,"[0,25)",R,2,2,Republican,50,49,50,51,3,2,100,100,2,2,1,100,8,7,100,100,4,3.5,4,3.5,1,0,1,1,0,1,Respect for elders,Good manners,Obedience,Well-behaved,3,4,1,0,5
951,Connecticut,Moderate,Somewhat approve,normal,5b85a357-77fe-4ea3-91a0-e2c497fe210e,68,Male,"$100,000 to $124,999",White,No,Bachelor's degree,Connecticut,Bachelor's degree,"(64,96]",White,"[100,200)",R,3,3,Republican,51,93,14,14,28,88,19,19,5,3,4,98,4,5,94,100,2,2,4,4,1,1,1,1,0,1,Respect for elders,Curiosity,Self-reliance,Considerate,3,1,1,1,7
843,California,Moderate,Somewhat disapprove,normal,5b85a0f5-115b-45d0-9a55-42a1a5c86b24,39,Male,"Less than $14,999",Asian *** Chinese,No,Graduate or professional degree,California,Graduate or professional degree,"(34,49]",Asian or Pacific Islander,"[0,25)",R,2,2,Republican,75,49,6,5,83,89,6,3,26,88,64,3,81,91,40,18,1,2,2,2,0,0,0,1,0,0,Respect for elders,Curiosity,Self-reliance,Considerate,2,1,1,0,2
800,Arkansas,Conservative,Strongly approve,normal,5b85a05e-3e82-4afe-9f9c-494e9c083bc2,45,Female,"$45,000 to $49,999",White,No,"Some college, no degree",Arkansas,"Some college, no degree","(34,49]",White,"[25,50)",R,2,2,Republican,71,41,9,8,31,37,71,75,27,80,62,73,77,78,54,85,1,4,2,4,1,1,1,1,0,1,Respect for elders,Good manners,Obedience,Well-behaved,2,4,1,0,6
898,Michigan,Extremely conservative,Strongly approve,normal,5b85a215-aaad-49cd-a5f5-d9f299458956,67,Male,"$65,000 to $69,999",White,No,Bachelor's degree,Michigan,Bachelor's degree,"(64,96]",White,"[50,75)",R,3,3,Republican,51,50,50,50,2,5,6,7,65,65,19,10,11,12,88,90,1,4,1.5,4,1,0,1,1,1,1,Respect for elders,Good manners,Obedience,Well-behaved,-2,4,1,1,7
947,Arizona,Moderate,Somewhat disapprove,normal,5b85a33d-47f6-42eb-b79c-86cfb3c76690,68,Female,"Less than $14,999",White,No,High school graduate,Arizona,High school graduate,"(64,96]",White,"[0,25)",I,0,0,Independent,90,82,7,19,53,48,54,66,95,99,16,15,80,82,99,76,1,4,2,3,0,0,0,1,0,1,Respect for elders,Curiosity,Obedience,Well-behaved,2,3,1,0,3
816,Rhode Island,Slightly conservative,Somewhat disapprove,normal,5b85a07f-21e2-4313-b37d-29e362e0c21d,29,Male,"$90,000 to $94,999",White,No,Graduate or professional degree,Rhode Island,Graduate or professional degree,"[18,34]",White,"[75,100)",R,2,2,Republican,100,68,21,10,54,99,5,4,37,100,89,15,71,68,99,100,1,2,2,4,0,0,0,1,0,0,Respect for elders,Curiosity,Obedience,Considerate,-3,2,0,0,1
809,Illinois,Moderate,Strongly disapprove,normal,5b85a06d-4fbc-4512-82ea-e7a0bc7609b6,77,Male,"$50,000 to $54,999","Black, or African American",No,Associate's degree,Illinois,Associate's degree,"(64,96]",Black,"[50,75)",D,-2,2,Democrat,80,80,1,1,62,84,17,3,50,51,32,2,2,NA,NA,NA,1.5,2,2,NA,1,0,0,1,1,1,Respect for elders,Curiosity,Self-reliance,Considerate,-2,1,1,0,5
805,California,Moderate,Strongly disapprove,normal,5b85a061-d95d-48a2-8b04-a9d754d0cb22,26,Male,"$85,000 to $89,999",White,No,Graduate or professional degree,California,Graduate or professional degree,"[18,34]",White,"[75,100)",D,-2,2,Democrat,52,48,33,62,23,42,48,72,99,91,31,98,72,86,83,95,4,4,1,4,0,0,0,1,0,1,Respect for elders,Good manners,Self-reliance,Well-behaved,3,3,0,0,2
932,Kentucky,Moderate,Strongly disapprove,normal,5b85a2e6-199d-49f0-a3e4-76d9ef28b5fd,20,Male,"$55,000 to $59,999",White,No,Bachelor's degree,Kentucky,Bachelor's degree,"[18,34]",White,"[50,75)",I,0,0,Independent,70,50,0,0,50,50,50,25,50,100,25,0,50,50,50,50,1,2,2,2.5,0,0,0,1,1,1,Independence,Good manners,Self-reliance,Well-behaved,-3,2,1,0,4
911,Texas,Extremely liberal,Strongly disapprove,noincome,5b85a25e-e1e2-467d-95cf-ba5e66b2f99c,56,Male,"Less than $14,999",White,No,"Some college, no degree",Texas,"Some college, no degree","(49,64]",White,"[0,25)",D,-3,3,Democrat,100,100,1,1,100,100,1,0,100,100,1,100,100,100,1,1,1.5,1.5,2.3333333333333335,1.5,1,1,1,1,0,1,Respect for elders,Good manners,Self-reliance,Well-behaved,0,3,1,0,6
722,Oklahoma,Slightly conservative,Strongly disapprove,normal,5b859f63-970e-4861-906c-58475a2047c5,66,Female,"$50,000 to $54,999",White,No,Bachelor's degree,Oklahoma,Bachelor's degree,"(64,96]",White,"[50,75)",D,-2,2,Democrat,41,42,43,27,51,18,16,13,78,77,74,5,71,71,1,1,3,1,1,1.5,0,1,1,1,0,1,Independence,Curiosity,Self-reliance,Considerate,2,0,1,1,6
617,Alabama,Moderate,Somewhat approve,normal,5b859e62-0866-45ff-944e-706315b86878,71,Female,"Less than $14,999",White,No,High school graduate,Alabama,High school graduate,"(64,96]",White,"[0,25)",R,3,3,Republican,99,99,1,2,24,1,100,97,24,1,100,1,97,99,50,100,1.5,3,3,4,0,0,0,1,1,1,Respect for elders,Good manners,Obedience,Well-behaved,-3,4,0,0,3
895,Washington,Moderate,Strongly disapprove,noincome,5b85a1e3-d731-4574-a96a-6190c976f318,72,Male,"$35,000 to $39,999","Black, or African American",No,Bachelor's degree,Washington,Bachelor's degree,"(64,96]",Black,"[25,50)",D,-3,3,Democrat,70,70,70,1,2,93,95,55,1,1,3,80,60,59,16,48,2,3,4,1,1,0,0,1,0,1,Respect for elders,Good manners,Obedience,Well-behaved,0,4,1,0,4
931,Maryland,Conservative,Somewhat disapprove,normal,5b85a2e0-f23c-4e55-a786-d6463c44892b,39,Female,"$20,000 to $24,999",Asian *** Japanese,No,"Some college, no degree",Maryland,"Some college, no degree","(34,49]",Asian or Pacific Islander,"[0,25)",D,-2,2,Democrat,66,74,16,8,98,97,97,60,98,92,67,4,72,78,51,100,2,1,1,4,1,1,1,1,1,1,Independence,Good manners,Self-reliance,Well-behaved,3,2,1,1,8
872,Florida,Extremely conservative,Strongly approve,noincome,5b85a16d-459f-4079-9ec5-72cc4300defb,70,Female,"$20,000 to $24,999",White,No,High school graduate,Florida,High school graduate,"(64,96]",White,"[0,25)",R,3,3,Republican,53,52,52,51,2,4,73,72,4,5,48,2,2,2,85,55,1,3,3,3,1,1,1,1,0,1,Respect for elders,Good manners,Self-reliance,Considerate,3,2,1,1,7
840,Colorado,Conservative,Strongly approve,normal,5b85a0e6-fa2d-4488-8a2d-77b4ca9cd1b5,73,Male,"$40,000 to $44,999",Asian *** Other,No,Bachelor's degree,Colorado,Bachelor's degree,"(64,96]",Asian or Pacific Islander,"[25,50)",R,3,3,Republican,12,65,14,97,7,1,98,9,NA,100,NA,NA,0,0,10,90,4,3,NA,4,0,0,0,1,0,1,Respect for elders,Good manners,Self-reliance,Considerate,3,2,1,1,4
962,Florida,Conservative,Somewhat approve,noincome,5b85a394-91b0-4912-825d-0089bf2936e2,70,Female,"Less than $14,999",White,No,High school graduate,Florida,High school graduate,"(64,96]",White,"[0,25)",R,2,2,Republican,76,33,32,30,11,62,35,35,37,36,57,15,22,21,74,26,1,2,3,3,1,1,1,1,1,1,Independence,Curiosity,Obedience,Well-behaved,3,2,1,0,7
864,Iowa,Conservative,Somewhat approve,normal,5b85a14c-51e6-441f-863e-25ccef1350f2,84,Male,"$35,000 to $39,999",White,No,High school graduate,Iowa,High school graduate,"(64,96]",White,"[25,50)",R,2,2,Republican,60,60,25,45,80,45,70,80,10,10,60,65,26,25,70,90,1.5,2.5,4,4,1,1,1,1,1,1,Respect for elders,Good manners,Self-reliance,Well-behaved,3,3,1,1,8
938,Louisiana,Conservative,Strongly approve,normal,5b85a306-f66a-4e65-955d-6bd18b5bc800,71,Male,"$80,000 to $84,999",White,No,Graduate or professional degree,Louisiana,Graduate or professional degree,"(64,96]",White,"[75,100)",R,2,2,Republican,27,18,55,39,3,75,93,76,51,70,45,53,61,67,44,31,3,3,2,2,1,1,1,1,0,1,Respect for elders,Good manners,Obedience,Considerate,-3,3,1,0,6
580,South Carolina,Extremely conservative,Strongly approve,normal,5b859dc4-e9c4-4ca5-935a-2d60c75805ec,73,Male,"$65,000 to $69,999",White,No,Associate's degree,South Carolina,Associate's degree,"(64,96]",White,"[50,75)",R,3,3,Republican,72,83,20,3,0,0,100,100,0,0,100,0,0,0,100,100,2,3.5,3,3.5,1,1,1,1,0,1,Respect for elders,Good manners,Obedience,Considerate,3,3,1,0,6
910,Florida,Slightly conservative,Strongly approve,noincome,5b85a253-ceb0-4b22-a42a-ab33a908b5d8,67,Female,Prefer not to answer,White,No,Associate's degree,Florida,Associate's degree,"(64,96]",White,NA,R,3,3,Republican,91,99,2,2,70,0,100,100,2,0,100,1,100,100,100,100,2,3.5,3,2.5,1,0,0,1,0,1,Respect for elders,Good manners,Self-reliance,Well-behaved,3,3,0,0,3
959,Illinois,Liberal,Strongly disapprove,normal,5b85a377-8ae3-4a48-a3c8-a521dcdcaee8,57,Male,"$15,000 to $19,999",White,No,"Some college, no degree",Illinois,"Some college, no degree","(49,64]",White,"[0,25)",D,-3,3,Democrat,85,68,12,11,5,2,57,98,52,96,51,11,81,83,76,97,1,4,2,4,1,0,0,1,0,1,Respect for elders,Good manners,Obedience,Well-behaved,3,4,1,0,4
880,Indiana,Conservative,Strongly approve,normal,5b85a19a-96a1-4e56-8fb3-674c1e421e9d,78,Female,"$20,000 to $24,999","Black, or African American",No,"Some college, no degree",Indiana,"Some college, no degree","(64,96]",Black,"[0,25)",R,3,3,Republican,82,94,12,50,9,14,94,51,2,1,99,42,63,87,47,3,2,3,3,2,0,0,1,1,0,1,Respect for elders,Curiosity,Obedience,Considerate,3,2,1,0,4
1012,Pennsylvania,Liberal,Strongly approve,normal,5b85a568-a0e1-45f7-b95a-f799c06f0615,24,Male,"$100,000 to $124,999",White,No,Graduate or professional degree,Pennsylvania,Graduate or professional degree,"[18,34]",White,"[100,200)",D,-3,3,Democrat,93,95,94,93,91,91,93,95,92,92,93,94,92,94,93,93,2,4,4,2,0,1,1,1,1,1,Independence,Curiosity,Self-reliance,Well-behaved,0,1,1,1,7
960,Colorado,Moderate,Somewhat disapprove,normal,5b85a379-6bc1-49d8-96d5-1b0a55d462df,69,Male,Prefer not to answer,White,No,"Some college, no degree",Colorado,"Some college, no degree","(64,96]",White,NA,R,2,2,Republican,84,83,10,14,24,60,14,33,68,71,39,11,63,54,67,17,1,2,2,3,0,1,1,1,0,1,Independence,Curiosity,Self-reliance,Considerate,2,0,1,1,6
926,Washington,Liberal,Strongly disapprove,noincome,5b85a2cf-dc38-4a7a-9547-32108b4498ee,47,Female,"$35,000 to $39,999",White,No,High school graduate,Washington,High school graduate,"(34,49]",White,"[25,50)",D,-3,3,Democrat,64,62,9,7,60,69,32,5,83,97,17,2,44,52,60,15,1,2,2,3,1,1,0,1,0,1,Respect for elders,Good manners,Obedience,Considerate,-3,3,1,0,5
940,Mississippi,Conservative,Strongly approve,normal,5b85a322-863e-4304-9c8a-7d1a2c46dcaf,57,Male,"Less than $14,999","Black, or African American",No,Associate's degree,Mississippi,Associate's degree,"(49,64]",Black,"[0,25)",R,3,3,Republican,81,81,6,7,1,100,99,72,100,100,100,1,52,52,81,98,1.5,2,2,4,1,1,1,1,0,1,Respect for elders,Good manners,Self-reliance,Well-behaved,3,3,1,1,7
986,New York,Conservative,Somewhat approve,normal,5b85a487-5c39-4748-90d6-331b89caa8a0,38,Female,"$70,000 to $74,999",White,No,Bachelor's degree,New York,Bachelor's degree,"(34,49]",White,"[50,75)",I,0,0,Independent,58,53,60,62,70,72,68,74,67,63,71,73,70,66,63,65,4,4,4,1,0,0,0,0,1,1,Respect for elders,Good manners,Self-reliance,Well-behaved,-2,3,1,0,3
893,Pennsylvania,Slightly liberal,Somewhat disapprove,normal,5b85a1e0-35b3-467d-a24e-9591c5c0f7d6,22,Male,"$80,000 to $84,999","Black, or African American",No,Bachelor's degree,Pennsylvania,Bachelor's degree,"[18,34]",Black,"[75,100)",D,-1,1,Democrat,96,75,4,0,25,50,73,2,50,100,0,0,85,70,21,9,1,3,2,1,1,1,1,1,1,1,Respect for elders,Curiosity,Self-reliance,Considerate,2,1,1,0,7
922,California,Moderate,Strongly approve,normal,5b85a2b5-9111-42e0-9ecf-6e5b8688248f,70,Male,"Less than $14,999",White,No,High school graduate,California,High school graduate,"(64,96]",White,"[0,25)",I,0,0,Independent,71,49,1,1,1,10,100,10,80,30,1,1,30,30,70,1,1,3,1,3,0,0,1,1,0,1,Respect for elders,Good manners,Obedience,Considerate,2,3,1,0,4
943,Tennessee,Moderate,Strongly disapprove,noincome,5b85a32f-f118-4946-b498-964e4d3f609a,39,Female,"$75,000 to $79,999","Black, or African American",No,"Some college, no degree",Tennessee,"Some college, no degree","(34,49]",Black,"[75,100)",D,-1,1,Democrat,84,93,24,21,52,52,54,50,42,82,82,33,80,82,93,93,2,3,2.5,3.5,0,0,0,0,1,0,Respect for elders,Good manners,Obedience,Well-behaved,2,4,0,0,1
432,Ohio,Slightly conservative,Strongly disapprove,normal,5b859ae0-8b40-4bda-b374-8a9c419ee56b,37,Female,"$65,000 to $69,999",White,No,Graduate or professional degree,Ohio,Graduate or professional degree,"(34,49]",White,"[50,75)",R,1,1,Republican,77,77,16,19,76,84,60,56,73,63,94,20,78,80,76,77,1.5,2,3,2,1,0,1,1,1,1,Respect for elders,Good manners,Self-reliance,Well-behaved,3,3,1,0,6
878,North Carolina,Extremely conservative,Strongly approve,normal,5b85a190-7d59-43bb-95ae-f2c98bc67342,66,Male,"$40,000 to $44,999",White,No,"Some college, no degree",North Carolina,"Some college, no degree","(64,96]",White,"[25,50)",R,3,3,Republican,50,50,0,0,0,0,100,80,0,0,100,0,0,0,50,100,1.5,3,3,4,1,1,1,1,0,1,Respect for elders,Good manners,Obedience,Well-behaved,3,4,1,1,7
939,Arizona,Conservative,Somewhat disapprove,normal,5b85a316-d1db-413e-92c9-09ffe826265b,57,Male,"Less than $14,999",White,Yes,"Some college, no degree",Arizona,"Some college, no degree","(49,64]",White,"[0,25)",I,0,0,Independent,63,86,23,13,14,17,15,3,2,3,76,50,46,43,84,85,2,2,3,4,1,0,0,1,0,0,Independence,Good manners,Obedience,Considerate,-2,2,1,0,3
936,Illinois,Slightly conservative,Somewhat approve,normal,5b85a302-f70f-4695-bf92-7663c300f4da,26,Male,"$70,000 to $74,999",White,No,High school graduate,Illinois,High school graduate,"[18,34]",White,"[50,75)",I,0,0,Independent,71,70,9,8,50,50,60,50,50,95,50,0,62,63,70,77,1,3,2,4,0,0,0,1,1,0,Respect for elders,Good manners,Obedience,Well-behaved,2,4,1,1,4
747,Arkansas,Conservative,Somewhat approve,normal,5b859fa6-fb1e-41b1-baaf-6017a0c16990,27,Female,"$25,000 to $29,999",White,No,"Some college, no degree",Arkansas,"Some college, no degree","[18,34]",White,"[25,50)",D,-3,3,Democrat,99,100,1,0,11,0,99,20,77,2,50,0,90,90,10,1,2,3,1,1.5,0,0,0,0,1,1,Respect for elders,Good manners,Obedience,Well-behaved,-3,4,1,0,3
927,Tennessee,Extremely conservative,Strongly approve,noincome,5b85a2d2-2d1a-4def-8fec-34a06dc898b6,67,Male,"$45,000 to $49,999",White,No,High school graduate,Tennessee,High school graduate,"(64,96]",White,"[25,50)",R,1,1,Republican,100,99,1,1,1,100,99,99,1,1,99,0,50,49,100,99,1,2,3,3,1,0,0,1,0,1,NA,NA,NA,Well-behaved,3,1,1,0,4
964,Indiana,Slightly liberal,Somewhat approve,normal,5b85a3bb-bfbf-4334-8fae-41b644a461de,34,Male,"$50,000 to $54,999",White,No,Graduate or professional degree,Indiana,Graduate or professional degree,"[18,34]",White,"[50,75)",R,2,2,Republican,90,97,0,0,51,50,50,50,20,98,1,0,78,78,39,100,2,1,2,4,1,1,1,1,1,1,Respect for elders,Good manners,Obedience,Well-behaved,-3,4,1,1,8
874,Michigan,Moderate,Somewhat approve,normal,5b85a175-1209-4608-9d4e-06ebedcadf87,40,Female,"$25,000 to $29,999",White,No,Bachelor's degree,Michigan,Bachelor's degree,"(34,49]",White,"[25,50)",D,-2,2,Democrat,100,100,9,9,50,60,35,49,40,95,91,49,70,87,37,9,1.5,2,2,2,1,0,1,1,0,1,Respect for elders,Good manners,Self-reliance,Well-behaved,3,3,0,0,4
1003,Kansas,Moderate,Somewhat disapprove,normal,5b85a507-8068-424d-97d9-7b615f260551,33,Male,"$60,000 to $64,999",White,No,High school graduate,Kansas,High school graduate,"[18,34]",White,"[50,75)",I,0,0,Independent,60,64,27,24,50,50,47,49,78,90,55,13,70,72,67,71,2,1.5,2,2,0,0,0,1,0,1,Independence,Good manners,Self-reliance,Considerate,0,1,0,1,3
320,Florida,Conservative,Strongly disapprove,noincome,5b859a25-9444-4e49-b795-33555f9348ee,41,Male,"$30,000 to $34,999",White,No,Bachelor's degree,Florida,Bachelor's degree,"(34,49]",White,"[25,50)",D,-3,3,Democrat,65,33,2,2,44,44,29,26,61,43,45,38,37,27,55,49,1,1.5,1,3,0,1,1,1,0,1,Independence,Good manners,Obedience,Well-behaved,-2,3,1,1,6
1034,California,Slightly liberal,Strongly disapprove,normal,5b85a5d3-7f5a-4b8f-ac3e-3e9bea7a2169,23,Female,"$85,000 to $89,999",White,No,Graduate or professional degree,California,Graduate or professional degree,"[18,34]",White,"[75,100)",D,-2,2,Democrat,10,5,5,10,10,9,3,5,19,16,8,17,8,5,5,7,2.5,1,1,1,0,0,0,0,1,0,Independence,Good manners,Obedience,Well-behaved,-2,3,1,0,2
933,North Carolina,Extremely conservative,Strongly approve,normal,5b85a2ed-efca-44a1-93eb-0900d897045f,74,Male,"$65,000 to $69,999",White,No,Associate's degree,North Carolina,Associate's degree,"(64,96]",White,"[50,75)",R,3,3,Republican,7,8,3,2,3,24,98,50,2,1,97,18,2,1,95,98,2,3,3,4,1,1,1,1,1,1,Respect for elders,Good manners,Obedience,Well-behaved,3,4,1,1,8
988,Pennsylvania,Moderate,Strongly disapprove,normal,5b85a4a3-9a8c-4b86-8569-c313a8831ac2,20,Female,"$45,000 to $49,999",White,No,High school graduate,Pennsylvania,High school graduate,"[18,34]",White,"[25,50)",R,1,1,Republican,100,100,81,0,100,65,31,32,100,68,100,12,100,61,85,6,1.5,1,2,1,0,1,0,0,0,1,Independence,Good manners,Self-reliance,Well-behaved,-2,2,0,0,2
842,North Carolina,Moderate,Somewhat disapprove,normal,5b85a0f0-b07f-4bf4-9a1a-40713541d2d9,63,Female,"$50,000 to $54,999",Some other race,No,Associate's degree,North Carolina,Associate's degree,"(49,64]",Other,"[50,75)",D,-2,2,Democrat,100,100,1,1,50,1,1,1,51,51,99,1,77,77,51,50,1.5,1,3,1.5,0,0,1,1,0,1,Respect for elders,Good manners,Obedience,Well-behaved,-3,4,0,0,3
715,Virginia,Moderate,Somewhat approve,normal,5b859f57-e472-4c05-b6cb-e989e62f114a,77,Male,"$20,000 to $24,999",White,No,"Some college, no degree",Virginia,"Some college, no degree","(64,96]",White,"[0,25)",D,-2,2,Democrat,1,50,4,4,2,99,29,2,1,30,100,1,93,94,50,50,2,2,3,2,1,1,1,1,0,0,Respect for elders,Good manners,Obedience,Considerate,3,3,1,0,5
897,Utah,Moderate,Strongly disapprove,normal,5b85a214-4e5e-44f8-a440-069bc3156e03,69,Female,"$45,000 to $49,999",White,No,Bachelor's degree,Utah,Bachelor's degree,"(64,96]",White,"[25,50)",D,-1,1,Democrat,43,53,2,1,50,55,1,1,33,50,71,1,41,48,61,99,2,2,3,4,0,0,0,0,0,1,Respect for elders,Good manners,Self-reliance,Considerate,-2,2,1,0,2
969,Kansas,Moderate,Somewhat approve,normal,5b85a3dc-feeb-417b-8830-3f0edbaf7b3a,43,Female,"Less than $14,999",White,No,"Some college, no degree",Kansas,"Some college, no degree","(34,49]",White,"[0,25)",R,2,2,Republican,100,100,3,5,7,20,93,100,100,88,54,100,100,89,100,100,1.5,4,2.5,2.6666666666666665,0,0,0,1,0,1,Respect for elders,Good manners,Obedience,Well-behaved,-2,4,0,0,2
968,California,Slightly liberal,Strongly disapprove,normal,5b85a3d8-2a9d-42f6-aca9-6e038e961e92,39,Male,"$55,000 to $59,999",White,No,"Some college, no degree",California,"Some college, no degree","(34,49]",White,"[50,75)",D,-2,2,Democrat,85,81,12,2,85,78,1,0,78,92,8,1,85,40,84,67,1,1,2,1,1,0,1,1,0,1,Respect for elders,Good manners,Self-reliance,Considerate,-2,2,1,0,5
850,Kentucky,Slightly liberal,Strongly disapprove,normal,5b85a117-3144-458b-8c10-5722c0e4723e,71,Male,"$50,000 to $54,999","Black, or African American",No,Bachelor's degree,Kentucky,Bachelor's degree,"(64,96]",Black,"[50,75)",D,-3,3,Democrat,20,20,82,81,40,100,100,20,2,2,100,1,100,98,100,100,3,2.5,3,2.6666666666666665,0,1,1,1,1,1,Respect for elders,Good manners,Self-reliance,Well-behaved,3,3,1,1,7
995,Texas,Slightly liberal,Strongly disapprove,noincome,5b85a4ea-43eb-40c5-b25a-3c16dff4683a,24,Male,"$30,000 to $34,999",White,No,"Some college, no degree",Texas,"Some college, no degree","[18,34]",White,"[25,50)",D,-2,2,Democrat,50,86,10,70,28,32,52,1,100,46,39,100,43,45,8,20,2,3,2.5,2,1,0,1,1,1,1,Independence,Good manners,Self-reliance,Well-behaved,3,2,0,1,6
944,Massachusetts,Extremely liberal,Strongly disapprove,normal,5b85a331-bad1-4dfc-a894-f5a88ed5c0fc,20,Female,"$65,000 to $69,999",White,No,"Some college, no degree",Massachusetts,"Some college, no degree","[18,34]",White,"[50,75)",D,-3,3,Democrat,100,100,0,0,75,100,0,0,50,79,30,0,50,50,50,50,1.5,2,2,2.5,0,0,0,1,1,1,Respect for elders,Good manners,Self-reliance,Considerate,2,2,0,0,3
425,Nevada,Moderate,Strongly disapprove,noincome,5b859ad4-c144-4466-a8d4-661cf155f850,56,Male,"$45,000 to $49,999",White,No,High school graduate,Nevada,High school graduate,"(49,64]",White,"[25,50)",D,-2,2,Democrat,100,97,15,11,4,10,100,99,90,90,90,6,99,100,7,8,1,3,2,2,1,1,1,1,0,1,Respect for elders,Good manners,Self-reliance,Considerate,0,2,1,0,6
990,Missouri,Liberal,Strongly disapprove,normal,5b85a4b7-f229-44cd-8729-2db192427fbc,32,Male,"Less than $14,999",Some other race,Yes,"Some college, no degree",Missouri,"Some college, no degree","[18,34]",Other,"[0,25)",D,-3,3,Democrat,66,76,21,9,55,86,26,14,52,93,79,33,53,49,66,43,2,2,2,3,0,0,0,0,0,1,Respect for elders,Good manners,Obedience,Considerate,-2,3,1,0,2
996,California,Slightly conservative,Somewhat disapprove,normal,5b85a4eb-1505-4b8a-bc58-82387fa5fedd,37,Male,"$30,000 to $34,999",White,No,Graduate or professional degree,California,Graduate or professional degree,"(34,49]",White,"[25,50)",D,-2,2,Democrat,81,72,50,68,98,99,100,2,71,81,99,47,50,41,99,48,1,3,3,3,1,1,0,1,1,0,Respect for elders,Good manners,Self-reliance,Well-behaved,-3,3,0,1,5
716,New Jersey,Moderate,Strongly disapprove,normal,5b859f57-e482-49ca-8058-6518536de146,68,Male,"$200,000 to $249,999",White,No,Graduate or professional degree,New Jersey,Graduate or professional degree,"(64,96]",White,"[200,201)",R,1,1,Republican,40,30,60,1,51,99,1,1,1,91,2,2,81,82,1,1,3,2,2,2,1,1,1,1,0,1,Independence,Curiosity,Self-reliance,Well-behaved,3,1,1,1,7
918,California,Moderate,Strongly disapprove,normal,5b85a29d-1572-43a5-9c46-c474acc384ce,68,Female,Prefer not to answer,Asian *** Chinese,No,Bachelor's degree,California,Bachelor's degree,"(64,96]",Asian or Pacific Islander,NA,D,-3,3,Democrat,82,85,7,2,97,96,1,1,95,96,5,49,87,88,43,95,2,1,2,4,1,1,1,1,1,1,Respect for elders,Good manners,Obedience,Considerate,3,3,1,1,8
920,Florida,Conservative,Somewhat disapprove,noincome,5b85a2a5-260a-4073-b60f-3cd0b2bc4227,75,Female,"$35,000 to $39,999",Asian *** Chinese,No,High school graduate,Florida,High school graduate,"(64,96]",Asian or Pacific Islander,"[25,50)",R,1,1,Republican,70,70,3,2,50,72,84,50,1,3,80,3,29,52,8,7,1.5,3,3,2,1,1,1,1,0,1,Respect for elders,Good manners,Obedience,Considerate,2,3,1,0,6
953,Washington,Slightly conservative,Somewhat approve,noincome,5b85a360-814e-48ac-a8df-25d162940acb,79,Female,"$15,000 to $19,999",Some other race,Prefer not to answer,Bachelor's degree,Washington,Bachelor's degree,"(64,96]",Other,"[0,25)",R,2,2,Republican,50,76,22,21,50,82,52,27,19,19,44,87,29,29,81,91,2,2,4,4,1,0,1,1,0,1,Independence,Curiosity,Self-reliance,Considerate,2,0,1,0,5
886,Arizona,Moderate,Somewhat approve,normal,5b85a1b5-177f-4ad4-98f6-2ae17c9a20f1,73,Female,"$15,000 to $19,999","Black, or African American",No,Graduate or professional degree,Arizona,Graduate or professional degree,"(64,96]",Black,"[0,25)",R,3,3,Republican,99,70,2,2,10,8,94,23,30,72,1,2,36,95,72,71,1,3,2,2,1,1,1,1,0,1,Respect for elders,Good manners,Obedience,Considerate,3,3,1,1,7
984,Virginia,Conservative,Somewhat approve,normal,5b85a45c-f13c-4242-9fd2-8db983ce3c7d,44,Male,"$150,000 to $174,999",Some other race,No,Graduate or professional degree,Virginia,Graduate or professional degree,"(34,49]",Other,"[100,200)",I,0,0,Independent,43,53,52,50,40,33,64,54,22,21,39,79,91,83,63,64,2,3,4,1,1,1,0,1,0,1,Respect for elders,Curiosity,Obedience,Considerate,-3,2,1,1,6
915,Texas,Extremely conservative,Strongly approve,noincome,5b85a270-c518-4ed4-9231-bf6550ecd9db,58,Female,"$80,000 to $84,999",White,No,Bachelor's degree,Texas,Bachelor's degree,"(49,64]",White,"[75,100)",R,3,3,Republican,71,40,11,50,29,72,76,77,51,48,34,26,22,27,28,23,1,4,1,3,1,0,0,1,0,1,Independence,Curiosity,Obedience,Well-behaved,-3,2,0,0,3
1028,Tennessee,Conservative,Somewhat approve,noincome,5b85a5b2-4ec4-4d85-8939-ddcb1e0f5f79,21,Female,"$25,000 to $29,999",White,No,Bachelor's degree,Tennessee,Bachelor's degree,"[18,34]",White,"[25,50)",R,3,3,Republican,71,99,3,1,1,2,99,6,1,51,51,8,51,51,32,31,2,3,2.5,1.5,1,1,1,1,0,1,Independence,Curiosity,Self-reliance,Considerate,2,0,1,0,6
1035,Minnesota,Moderate,Strongly disapprove,normal,5b85a5dc-9f85-40d9-af25-be0e3498b3dd,60,Male,"$25,000 to $29,999",White,No,Bachelor's degree,Minnesota,Bachelor's degree,"(49,64]",White,"[25,50)",D,-2,2,Democrat,91,100,11,6,96,9,97,7,6,4,96,6,95,95,50,4,2,3,3,1.5,1,1,1,1,0,1,Independence,Good manners,Self-reliance,Considerate,-3,1,1,0,6
457,Kansas,Conservative,Strongly approve,normal,5b859b24-33e3-4f11-86a3-d27dee95d0d9,67,Female,"$50,000 to $54,999",White,No,High school graduate,Kansas,High school graduate,"(64,96]",White,"[50,75)",R,3,3,Republican,20,0,0,0,0,80,80,20,11,26,100,0,41,42,99,60,1,2.5,3,3,1,1,1,1,1,1,Respect for elders,Curiosity,Obedience,Considerate,3,2,1,1,8
688,Ohio,Slightly liberal,Strongly disapprove,normal,5b859f13-09b7-4959-b93d-543c5cee3120,59,Female,"$15,000 to $19,999",White,No,"Some college, no degree",Ohio,"Some college, no degree","(49,64]",White,"[0,25)",D,-3,3,Democrat,81,77,2,2,100,50,4,4,100,100,1,2,75,75,75,100,1,1,1.5,4,0,0,0,1,1,1,Independence,Curiosity,Self-reliance,Considerate,-2,0,0,0,3
973,Pennsylvania,Moderate,Somewhat disapprove,normal,5b85a3ee-566f-4d90-962b-acbae72917b4,20,Male,"$125,000 to $149,999",White,Yes,Bachelor's degree,Pennsylvania,Bachelor's degree,"[18,34]",White,"[100,200)",D,-2,2,Democrat,54,68,1,3,100,50,43,75,64,67,96,94,61,48,96,47,2,1,3,3,0,0,0,0,1,0,Respect for elders,Good manners,Obedience,Well-behaved,-3,4,1,0,2
1002,Virginia,Conservative,Somewhat approve,normal,5b85a502-e1e9-41f9-b0d9-7b73308d780b,72,Male,"$25,000 to $29,999",White,No,"Some college, no degree",Virginia,"Some college, no degree","(64,96]",White,"[25,50)",R,3,3,Republican,77,79,5,2,2,86,56,37,5,16,87,35,16,19,61,2,2,2,3,3,1,1,1,1,1,1,Independence,Curiosity,Self-reliance,Considerate,3,0,1,0,7
94,South Carolina,Extremely conservative,Strongly disapprove,normal,5b8597fd-b0c1-4200-a87a-9693e9811b39,38,Female,"Less than $14,999",White,No,Bachelor's degree,South Carolina,Bachelor's degree,"(34,49]",White,"[0,25)",R,3,3,Republican,96,94,92,93,100,95,100,97,96,91,84,83,100,100,97,97,1,2,1,1.5,0,0,0,1,1,1,Respect for elders,Good manners,Obedience,Well-behaved,-3,4,1,0,4
974,Florida,Slightly conservative,Strongly approve,noincome,5b85a403-8d25-4d11-acb8-049ecabf1e84,71,Female,"$95,000 to $99,999","Black, or African American",No,Graduate or professional degree,Florida,Graduate or professional degree,"(64,96]",Black,"[75,100)",R,1,1,Republican,71,81,2,1,1,11,91,85,50,59,87,1,1,1,5,1,2,3,3,3,1,1,1,1,0,1,Respect for elders,Good manners,Obedience,Considerate,-2,3,1,1,7
977,Virginia,Slightly liberal,Strongly disapprove,normal,5b85a414-b8c6-43d4-8bf0-712c1fa0a2c7,69,Female,"$65,000 to $69,999","Black, or African American",No,Graduate or professional degree,Virginia,Graduate or professional degree,"(64,96]",Black,"[50,75)",D,-2,2,Democrat,24,22,22,20,17,47,49,14,82,86,78,86,25,22,56,40,1,3,3,3,1,0,0,1,0,1,Independence,Curiosity,Obedience,Considerate,3,1,1,1,5
904,Ohio,Moderate,Somewhat approve,normal,5b85a234-92e4-4091-af4e-9b432185dff1,65,Female,"$50,000 to $54,999",White,No,"Some college, no degree",Ohio,"Some college, no degree","(64,96]",White,"[50,75)",I,0,0,Independent,50,50,48,48,28,48,91,52,81,99,48,2,89,88,78,79,1.5,3,2,1,1,1,0,1,0,1,Respect for elders,Good manners,Obedience,Well-behaved,-2,4,1,0,5
1010,Pennsylvania,Moderate,Strongly approve,normal,5b85a548-3459-4621-9d26-30faa503e829,34,Male,"$80,000 to $84,999","Black, or African American",No,Bachelor's degree,Pennsylvania,Bachelor's degree,"[18,34]",Black,"[75,100)",I,0,0,Independent,17,52,39,45,44,36,35,60,35,38,53,56,57,33,30,41,2,4,4,1,0,0,0,1,0,0,Respect for elders,Good manners,Obedience,Well-behaved,-2,4,1,0,2
1033,Washington,Liberal,Strongly disapprove,noincome,5b85a5cd-a22f-43bc-927f-d6bed079dd83,36,Female,"$25,000 to $29,999",White,No,"Some college, no degree",Washington,"Some college, no degree","(34,49]",White,"[25,50)",D,-1,1,Democrat,100,100,3,7,100,18,3,4,51,53,51,51,85,86,88,87,1.5,1,2,3,0,0,0,1,0,1,Respect for elders,Good manners,Self-reliance,Considerate,0,2,1,0,3
985,New Mexico,Moderate,Somewhat disapprove,normal,5b85a47c-786d-4d3a-b833-36b9045c0815,63,Male,"$60,000 to $64,999",White,No,Bachelor's degree,New Mexico,Bachelor's degree,"(49,64]",White,"[50,75)",I,0,0,Independent,100,99,6,3,5,99,99,99,53,52,50,51,99,98,5,100,1,3,1,4,1,1,1,1,0,1,Respect for elders,Curiosity,Self-reliance,Considerate,-2,1,1,1,7
978,Texas,Slightly liberal,Strongly disapprove,noincome,5b85a428-79b3-492e-952e-787a1c04a25f,44,Female,"Less than $14,999",White,Yes,Associate's degree,Texas,Associate's degree,"(34,49]",White,"[0,25)",D,-3,3,Democrat,100,100,1,2,1,100,100,100,51,71,100,0,2,2,99,99,1.5,3,3,3.5,1,1,1,1,0,1,Respect for elders,Good manners,Obedience,Well-behaved,3,4,1,1,7
1025,Maryland,Moderate,Somewhat disapprove,normal,5b85a59b-4754-4ee6-960c-34862bc8cd52,53,Female,"$30,000 to $34,999",White,No,High school graduate,Maryland,High school graduate,"(49,64]",White,"[25,50)",D,-2,2,Democrat,50,50,50,50,50,50,100,50,50,50,50,1,80,80,50,50,2.5,3,2,1.5,0,0,1,1,0,1,Respect for elders,Good manners,Obedience,Considerate,-3,3,1,0,4
760,Illinois,Slightly conservative,Somewhat approve,normal,5b859fd3-15c2-41c1-ac37-a6131c5b56f0,40,Male,"$15,000 to $19,999",White,No,Associate's degree,Illinois,Associate's degree,"(34,49]",White,"[0,25)",R,3,3,Republican,74,53,77,6,63,58,22,64,65,60,66,21,50,63,54,27,3,4,3,2,1,0,0,1,1,0,Respect for elders,Good manners,Self-reliance,Considerate,-3,2,0,0,3
956,Massachusetts,Slightly liberal,Strongly disapprove,normal,5b85a364-9048-4b6e-9ec5-32fbc08a3fea,35,Male,"$55,000 to $59,999",White,No,High school graduate,Massachusetts,High school graduate,"(34,49]",White,"[50,75)",D,-3,3,Democrat,95,52,1,3,5,6,2,0,62,85,94,100,45,71,7,3,1,2,4,2,1,1,0,1,0,1,Respect for elders,Good manners,Self-reliance,Considerate,-2,2,1,1,6
950,Arizona,Moderate,Somewhat disapprove,normal,5b85a34e-e7c9-4f66-a35f-97877d0b6ee7,48,Female,"$30,000 to $34,999",White,No,Bachelor's degree,Arizona,Bachelor's degree,"(34,49]",White,"[25,50)",D,-2,2,Democrat,100,100,1,1,2,100,100,100,1,2,51,99,100,100,0,1,1.5,3,4,1.5,1,1,1,1,1,1,Respect for elders,Curiosity,Self-reliance,Considerate,-3,1,1,1,8
987,Texas,Extremely conservative,Somewhat approve,noincome,5b85a48c-3c03-40c0-a91f-56bb0f83a9d9,71,Female,Prefer not to answer,White,No,Bachelor's degree,Texas,Bachelor's degree,"(64,96]",White,NA,R,3,3,Republican,1,52,49,32,1,31,100,100,1,1,72,50,1,1,30,1,2,3.5,3,3,1,1,1,1,0,1,Respect for elders,Good manners,Obedience,Well-behaved,3,4,1,1,7
998,Oregon,Slightly liberal,Strongly disapprove,normal,5b85a4f4-ce2c-423f-88e0-567f7c1e43c0,60,Male,"$75,000 to $79,999",White,No,Associate's degree,Oregon,Associate's degree,"(49,64]",White,"[75,100)",D,-3,3,Democrat,60,80,0,0,100,50,0,0,30,81,40,0,100,100,70,10,2,1,2,1.5,1,1,1,1,0,1,Respect for elders,Curiosity,Self-reliance,Considerate,2,1,1,0,6
980,Illinois,Moderate,Somewhat disapprove,normal,5b85a438-b7f1-4a15-af45-a012bb8f28b6,36,Male,"$35,000 to $39,999",White,No,"Some college, no degree",Illinois,"Some college, no degree","(34,49]",White,"[25,50)",D,-3,3,Democrat,80,90,1,1,52,67,52,52,100,100,0,0,80,89,75,8,2,2,1.5,2,0,0,0,1,1,1,Respect for elders,Good manners,Obedience,Well-behaved,-3,4,1,0,4
994,New York,Liberal,Strongly disapprove,normal,5b85a4e7-60f5-42a0-9db9-890c9d70a99c,76,Male,"$30,000 to $34,999","Black, or African American",No,High school graduate,New York,High school graduate,"(64,96]",Black,"[25,50)",D,-3,3,Democrat,80,80,0,0,50,80,20,20,60,80,0,79,70,70,0,0,1.5,2,2,1.5,1,1,1,1,1,1,Independence,Curiosity,Self-reliance,Considerate,3,0,1,1,8
935,California,Slightly liberal,Strongly disapprove,normal,5b85a2fc-cb5f-4cbb-a602-906e8c176279,73,Male,"$15,000 to $19,999",White,No,High school graduate,California,High school graduate,"(64,96]",White,"[0,25)",D,-3,3,Democrat,10,100,10,10,50,20,51,40,9,91,80,10,100,100,100,100,2,3,2,2.5,1,1,1,1,0,1,Respect for elders,Good manners,Self-reliance,Considerate,3,2,1,1,7
966,Maryland,Slightly conservative,Somewhat approve,normal,5b85a3be-6738-4a20-b48e-c1db8df4dea3,57,Female,"Less than $14,999",White,No,High school graduate,Maryland,High school graduate,"(49,64]",White,"[0,25)",D,-2,2,Democrat,66,46,69,49,39,47,60,44,61,59,64,48,61,54,69,49,3,3,3,3,1,1,1,1,1,1,Respect for elders,Good manners,Self-reliance,Considerate,-2,2,1,1,8
1013,Texas,Slightly conservative,Strongly approve,noincome,5b85a56c-53c4-4451-8a98-880c6bdc402b,53,Female,"$80,000 to $84,999",White,No,High school graduate,Texas,High school graduate,"(49,64]",White,"[75,100)",R,2,2,Republican,59,59,53,53,2,78,98,86,1,1,1,99,26,26,76,50,1.5,3,4,3,1,1,1,1,0,1,Respect for elders,Curiosity,Self-reliance,Considerate,-1,1,1,1,7
941,Florida,Liberal,Strongly disapprove,noincome,5b85a323-d125-4bdf-8c3a-59c09929e695,66,Female,"$40,000 to $44,999",Some other race,Yes,High school graduate,Florida,High school graduate,"(64,96]",Other,"[25,50)",D,-3,3,Democrat,90,90,2,1,10,92,1,17,99,74,8,1,90,90,50,50,1.5,2,1,1.5,1,0,1,1,1,1,Respect for elders,Good manners,Self-reliance,Considerate,2,2,1,0,6
1001,California,Extremely liberal,Strongly disapprove,normal,5b85a4fb-d2dd-4823-913c-56801115bd35,78,Female,"Less than $14,999",White,No,"Some college, no degree",California,"Some college, no degree","(64,96]",White,"[0,25)",D,-3,3,Democrat,82,71,0,0,70,100,6,7,63,91,15,1,71,61,2,1,1,2,2,1,1,1,1,1,0,1,Independence,Curiosity,Self-reliance,Considerate,3,0,1,1,7
1032,New Jersey,Liberal,Strongly disapprove,normal,5b85a5cc-2f39-477c-b775-e9fe2e219577,28,Female,"Less than $14,999",White,No,"Some college, no degree",New Jersey,"Some college, no degree","[18,34]",White,"[0,25)",D,-3,3,Democrat,93,92,2,2,100,1,0,0,100,54,2,0,62,62,15,14,1,1,1,1.5,1,1,1,1,0,1,Respect for elders,Curiosity,Self-reliance,Considerate,-2,1,1,1,7
1018,New York,Conservative,Strongly approve,normal,5b85a57b-51cb-4341-a00c-96e9b8a9bc68,68,Male,"$100,000 to $124,999",White,No,Bachelor's degree,New York,Bachelor's degree,"(64,96]",White,"[100,200)",R,3,3,Republican,34,71,32,84,9,9,90,32,1,99,2,3,33,32,65,35,4,3,2,3,1,0,1,1,0,1,Respect for elders,Good manners,Obedience,Considerate,3,3,1,1,6
1051,Florida,Liberal,Strongly disapprove,noincome,5b85a62d-71a6-47bd-a71a-7b1c7da193ac,35,Male,"$25,000 to $29,999",White,No,Bachelor's degree,Florida,Bachelor's degree,"(34,49]",White,"[25,50)",D,-3,3,Democrat,100,100,0,0,21,41,32,57,100,100,100,0,100,95,100,100,1.5,4,2,2.6666666666666665,1,1,1,1,0,1,Respect for elders,Good manners,Obedience,Well-behaved,3,4,0,1,6
921,Kentucky,Moderate,Somewhat disapprove,normal,5b85a2a5-6909-4b2d-aa38-943271d23273,57,Female,"$100,000 to $124,999",White,No,Graduate or professional degree,Kentucky,Graduate or professional degree,"(49,64]",White,"[100,200)",I,0,0,Independent,62,41,25,27,1,76,40,41,21,100,100,2,82,44,59,63,1,2,2.5,1,0,0,0,1,0,1,Respect for elders,Good manners,Obedience,Considerate,-2,3,1,0,3
1004,Virginia,Conservative,Strongly approve,normal,5b85a509-d5a0-4470-877c-fdaf00c2e38d,74,Female,"$40,000 to $44,999",Asian *** Other,No,Bachelor's degree,Virginia,Bachelor's degree,"(64,96]",Asian or Pacific Islander,"[25,50)",R,3,3,Republican,1,0,48,20,1,100,100,100,10,12,77,14,0,0,91,96,3,3,3,4,1,1,1,1,1,1,Respect for elders,Good manners,Self-reliance,Well-behaved,-2,3,1,1,8
982,New Jersey,Extremely conservative,Strongly approve,normal,5b85a43d-d206-4cd9-bc9c-3a642c774a7b,57,Female,"$25,000 to $29,999",White,No,"Some college, no degree",New Jersey,"Some college, no degree","(49,64]",White,"[25,50)",R,3,3,Republican,20,100,1,1,1,100,100,100,1,1,100,1,1,1,100,100,2,3,3,3.5,1,1,1,1,0,1,Respect for elders,Good manners,Obedience,Well-behaved,3,4,1,1,7
989,North Carolina,Slightly conservative,Strongly approve,normal,5b85a4b2-ab55-4e76-9a3a-2a78e2b000c8,70,Female,"$30,000 to $34,999",White,No,Graduate or professional degree,North Carolina,Graduate or professional degree,"(64,96]",White,"[25,50)",D,-2,2,Democrat,78,26,26,28,93,93,25,23,20,20,67,17,88,88,26,28,1,1.5,3,1.5,1,1,1,1,1,1,Respect for elders,Good manners,Self-reliance,Considerate,3,2,1,1,8
1069,New York,Moderate,Somewhat disapprove,normal,5b85a774-6793-41c3-a671-8e7b5529e25b,23,Male,"$45,000 to $49,999",White,No,"Some college, no degree",New York,"Some college, no degree","[18,34]",White,"[25,50)",I,0,0,Independent,93,77,1,2,34,87,66,62,72,31,73,91,65,52,85,56,1,2,4,3,0,0,0,0,0,1,Independence,Good manners,Self-reliance,Considerate,0,1,0,0,1
975,Colorado,Conservative,Somewhat approve,normal,5b85a412-8893-438c-8570-302fd4410ceb,69,Female,"Less than $14,999",Some other race,Yes,"Some college, no degree",Colorado,"Some college, no degree","(64,96]",Other,"[0,25)",R,3,3,Republican,60,20,0,0,0,0,80,70,0,70,0,0,10,10,100,0,1,3,2,3,1,0,1,1,1,1,Respect for elders,Good manners,Obedience,Well-behaved,3,4,1,0,6
1043,Massachusetts,Moderate,Somewhat disapprove,normal,5b85a5fd-c74e-4d87-b422-498c5236cd59,57,Male,"$55,000 to $59,999","Black, or African American",No,High school graduate,Massachusetts,High school graduate,"(49,64]",Black,"[50,75)",D,-1,1,Democrat,50,51,25,23,52,79,80,42,79,82,9,4,71,71,51,14,2,3,2,1.5,1,1,1,1,0,1,Respect for elders,Curiosity,Obedience,Considerate,-3,2,1,0,6
948,Pennsylvania,Liberal,Strongly disapprove,normal,5b85a345-c9e8-4d7d-8e78-0a7e8cdffbcc,74,Female,"$40,000 to $44,999",White,No,Bachelor's degree,Pennsylvania,Bachelor's degree,"(64,96]",White,"[25,50)",D,-3,3,Democrat,76,57,4,2,82,85,52,14,52,82,82,8,93,83,82,10,1,2,2.5,1,1,0,1,1,1,1,Independence,Curiosity,Self-reliance,Considerate,-3,0,0,0,5
1041,New Jersey,Moderate,Strongly disapprove,normal,5b85a5f6-a8e8-43aa-8574-6a9b87436bee,19,Male,"$25,000 to $29,999",White,No,Bachelor's degree,New Jersey,Bachelor's degree,"[18,34]",White,"[25,50)",R,1,1,Republican,86,71,0,0,34,50,34,0,8,32,54,0,56,98,11,1,1,2,3,2,1,0,1,1,0,0,Respect for elders,Good manners,Self-reliance,Well-behaved,-2,3,0,0,3
971,Tennessee,Moderate,Somewhat approve,noincome,5b85a3e0-656f-4b0c-8ae1-37fc26075a0f,42,Female,"$30,000 to $34,999",White,No,Bachelor's degree,Tennessee,Bachelor's degree,"(34,49]",White,"[25,50)",I,0,0,Independent,72,71,2,2,50,55,55,51,50,50,96,31,51,50,49,40,1,2.5,3,1,0,0,0,1,0,0,Respect for elders,Good manners,Obedience,Well-behaved,0,4,0,0,1
997,North Carolina,Extremely conservative,Strongly approve,normal,5b85a4ef-9542-4c7a-b720-4d239138758e,65,Male,"$95,000 to $99,999",White,Yes,Bachelor's degree,North Carolina,Bachelor's degree,"(64,96]",White,"[75,100)",R,3,3,Republican,60,60,50,50,61,50,60,70,80,80,50,2,81,81,50,90,1.5,4,1.5,4,1,1,1,1,0,1,Respect for elders,Good manners,Obedience,Well-behaved,2,4,1,0,6
983,New Jersey,Liberal,Strongly disapprove,normal,5b85a458-60c3-4315-a83b-2e5200a05936,81,Male,"$15,000 to $19,999",White,No,Graduate or professional degree,New Jersey,Graduate or professional degree,"(64,96]",White,"[0,25)",D,-3,3,Democrat,81,96,0,0,62,85,1,1,61,81,50,1,82,81,1,2,2,2,2,1,1,1,1,1,0,1,Independence,Curiosity,Self-reliance,Considerate,0,0,1,1,7
1008,Pennsylvania,Conservative,Somewhat approve,normal,5b85a527-4260-4871-9e1c-60533d2b2142,56,Male,"$30,000 to $34,999",White,No,Graduate or professional degree,Pennsylvania,Graduate or professional degree,"(49,64]",White,"[25,50)",R,2,2,Republican,2,2,81,62,51,10,100,6,4,5,99,50,1,0,98,100,3,3,3,4,1,0,1,1,0,1,Respect for elders,Good manners,Obedience,Considerate,1,3,1,0,5
1022,New Jersey,Slightly conservative,Somewhat disapprove,normal,5b85a58f-1360-451e-9e39-390142d14fec,44,Male,"$95,000 to $99,999","Black, or African American",No,Bachelor's degree,New Jersey,Bachelor's degree,"(34,49]",Black,"[75,100)",R,2,2,Republican,70,68,4,5,3,6,100,100,2,5,100,2,90,88,90,16,1,3.5,3,2,0,1,0,1,0,1,Respect for elders,Good manners,Self-reliance,Well-behaved,3,3,1,0,4
992,Texas,Slightly conservative,Somewhat approve,noincome,5b85a4e0-9a35-404a-96b0-0d331b15014d,30,Female,"$30,000 to $34,999",White,No,Bachelor's degree,Texas,Bachelor's degree,"[18,34]",White,"[25,50)",R,3,3,Republican,81,81,48,52,26,61,65,67,69,76,25,69,67,71,72,71,1.5,4,2,3,1,1,1,1,0,1,Respect for elders,Good manners,Self-reliance,Well-behaved,-3,3,1,1,7
1000,California,Conservative,Strongly approve,normal,5b85a4f8-9beb-4e16-9949-ab0c97a409ee,74,Male,"$45,000 to $49,999","Black, or African American",No,High school graduate,California,High school graduate,"(64,96]",Black,"[25,50)",R,2,2,Republican,26,78,2,1,1,99,1,49,1,1,98,1,1,1,98,99,2,2,3,4,1,1,1,1,1,1,Respect for elders,Good manners,Obedience,Well-behaved,-3,4,1,1,8
1027,Florida,Liberal,Strongly disapprove,noincome,5b85a5b2-3e1c-4318-8e81-69d4ece1f033,50,Female,"$50,000 to $54,999",White,No,"Some college, no degree",Florida,"Some college, no degree","(49,64]",White,"[50,75)",D,-3,3,Democrat,100,100,0,0,0,0,100,0,0,0,100,0,100,100,100,0,1.5,3,3,2,1,0,0,1,0,1,Respect for elders,Good manners,Obedience,Well-behaved,-3,4,1,0,4
1056,Virginia,Moderate,Strongly disapprove,normal,5b85a65d-9964-4527-933c-237d72c2068e,64,Male,"$200,000 to $249,999",White,No,Bachelor's degree,Virginia,Bachelor's degree,"(49,64]",White,"[200,201)",D,-3,3,Democrat,98,96,98,3,99,48,30,2,12,9,99,6,100,100,5,98,2,1,3,1.5,1,0,1,1,0,1,Respect for elders,Good manners,Obedience,Considerate,3,3,1,1,6
770,Georgia,Slightly conservative,Somewhat approve,normal,5b859ffc-f5f8-4372-812e-73da698bd5e8,58,Male,"Less than $14,999",White,No,High school graduate,Georgia,High school graduate,"(49,64]",White,"[0,25)",R,2,2,Republican,71,83,51,51,31,85,64,33,51,86,91,40,85,72,57,57,2,2,3,1,1,1,1,1,0,1,Respect for elders,Curiosity,Self-reliance,Considerate,0,1,1,1,7
1007,California,Moderate,Strongly disapprove,normal,5b85a513-6484-4589-ae06-d3d7a7fa8bb3,72,Female,"$90,000 to $94,999",White,No,Bachelor's degree,California,Bachelor's degree,"(64,96]",White,"[75,100)",D,-3,3,Democrat,50,70,2,3,50,100,45,19,100,4,4,100,61,60,23,0,2,2,2.5,1,1,1,1,1,0,1,Respect for elders,Good manners,Self-reliance,Well-behaved,3,3,1,0,6
846,Kentucky,Conservative,Strongly approve,normal,5b85a100-8667-4ab4-b910-2cec2c7b36e1,51,Male,"Less than $14,999",White,No,High school graduate,Kentucky,High school graduate,"(49,64]",White,"[0,25)",R,3,3,Republican,100,100,1,1,1,100,99,50,100,1,1,1,100,100,1,1,1.5,2,1,1.5,1,1,1,1,0,1,Respect for elders,Good manners,Obedience,Well-behaved,-3,4,1,1,7
1071,Pennsylvania,Moderate,Somewhat approve,normal,5b85a7b9-2fe4-4963-b09f-305a91c89dd0,54,Male,"$30,000 to $34,999",Pacific Islander *** Other Pacific Islander,Yes,Did not complete high school,Pennsylvania,Did not complete high school,"(49,64]",Asian or Pacific Islander,"[25,50)",D,-3,3,Democrat,51,70,59,76,48,82,72,46,87,84,61,56,67,49,76,49,4,2,1,3,0,0,0,1,0,1,Respect for elders,Good manners,Obedience,Well-behaved,-3,4,1,0,3
1009,Nevada,Liberal,Somewhat disapprove,noincome,5b85a52f-39bc-4bae-8811-d2c9ed786a25,66,Female,"Less than $14,999",White,No,High school graduate,Nevada,High school graduate,"(64,96]",White,"[0,25)",D,-3,3,Democrat,72,59,19,5,81,63,16,9,50,97,34,6,83,78,24,51,1,1,2,1,0,0,0,1,0,1,Respect for elders,Good manners,Obedience,Considerate,-3,3,1,0,3
503,New Mexico,Liberal,Strongly disapprove,normal,5b859b9d-1386-442c-8e2e-0ce780926726,84,Male,"$15,000 to $19,999",White,No,Bachelor's degree,New Mexico,Bachelor's degree,"(64,96]",White,"[0,25)",D,-3,3,Democrat,90,67,1,1,81,80,1,1,70,76,30,1,90,70,51,19,1,1,2,1,1,1,1,1,1,1,Independence,Curiosity,Self-reliance,Considerate,3,0,1,1,8
909,Pennsylvania,Conservative,Strongly approve,normal,5b85a251-61e9-4395-a241-8df349328c35,68,Male,"$75,000 to $79,999",White,No,"Some college, no degree",Pennsylvania,"Some college, no degree","(64,96]",White,"[75,100)",R,1,1,Republican,24,19,69,77,90,91,80,81,5,5,80,1,2,2,89,100,4,2,3,4,1,1,1,1,1,1,Respect for elders,Good manners,Obedience,Well-behaved,0,4,1,1,8
952,California,Moderate,Strongly disapprove,normal,5b85a359-70f9-40a1-b960-0420f801be96,51,Male,"$125,000 to $149,999","Black, or African American",No,"Some college, no degree",California,"Some college, no degree","(49,64]",Black,"[100,200)",D,-3,3,Democrat,98,100,5,3,95,100,87,5,5,4,92,60,100,100,53,55,2,2,3,1.5,1,0,1,1,1,1,Respect for elders,Curiosity,Obedience,Well-behaved,3,3,1,0,6
1015,New Jersey,Conservative,Strongly approve,normal,5b85a577-1730-4831-8f15-36d6018eb05e,75,Male,"$75,000 to $79,999",White,No,High school graduate,New Jersey,High school graduate,"(64,96]",White,"[75,100)",R,3,3,Republican,16,44,8,9,24,100,47,47,7,9,93,7,30,33,85,88,2,2,3,4,1,1,1,1,1,1,Respect for elders,Curiosity,Self-reliance,Considerate,-3,1,1,1,8
1050,California,Conservative,Strongly disapprove,normal,5b85a629-c11e-4d59-a012-21e0580e3108,20,Male,"$25,000 to $29,999",White,No,High school graduate,California,High school graduate,"[18,34]",White,"[25,50)",R,2,2,Republican,21,21,20,20,50,51,51,50,2,2,2,100,40,40,50,51,1.5,2.5,4,4,0,0,0,0,0,1,Respect for elders,Good manners,Obedience,Well-behaved,3,4,1,0,2
945,Alaska,Moderate,Somewhat approve,"noincome,nosales",5b85a332-2f24-45a3-8fa3-1ed0d35b2c20,24,Female,"Less than $14,999",American Indian or Alaska Native,Prefer not to answer,Did not complete high school,Alaska,Did not complete high school,"[18,34]",American Indian or Alaska Native,"[0,25)",R,1,1,Republican,87,83,32,13,61,51,75,3,40,49,23,0,50,61,53,33,1,3,2,2,0,0,0,1,0,1,Respect for elders,Good manners,Obedience,Considerate,2,3,1,0,3
954,Utah,Moderate,Somewhat approve,normal,5b85a363-db43-4e60-9597-b2c4b12db19b,59,Male,"$35,000 to $39,999",White,No,High school graduate,Utah,High school graduate,"(49,64]",White,"[25,50)",R,2,2,Republican,3,2,64,32,95,99,81,72,1,1,75,22,99,99,1,70,3,2,3,1.5,1,0,1,1,0,1,Respect for elders,Good manners,Obedience,Considerate,-3,3,1,1,6
1030,Pennsylvania,Liberal,Strongly disapprove,normal,5b85a5c2-cce8-4366-a3d5-4d88447e72cc,71,Male,"$25,000 to $29,999",White,No,"Some college, no degree",Pennsylvania,"Some college, no degree","(64,96]",White,"[25,50)",D,-2,2,Democrat,89,81,18,0,64,72,30,13,41,82,55,9,83,80,67,32,1,2,2,1,1,0,1,1,1,1,Respect for elders,Curiosity,Self-reliance,Considerate,3,1,1,1,7
999,Pennsylvania,Liberal,Somewhat approve,normal,5b85a4f6-56af-4cea-aaee-8c22b732a3c0,68,Male,"$80,000 to $84,999",White,No,"Some college, no degree",Pennsylvania,"Some college, no degree","(64,96]",White,"[75,100)",I,0,0,Independent,53,83,21,19,80,33,55,25,22,41,90,20,93,94,48,66,2,1,3,2,1,0,0,1,0,1,Respect for elders,Curiosity,Self-reliance,Considerate,-3,1,0,0,3
1024,Texas,Extremely conservative,Strongly approve,noincome,5b85a595-54dd-47f6-a1ed-4a850a939e0d,81,Female,"$40,000 to $44,999",White,No,Graduate or professional degree,Texas,Graduate or professional degree,"(64,96]",White,"[25,50)",R,3,3,Republican,60,35,3,1,92,2,98,47,1,1,100,0,60,59,3,1,1,3,3,1,1,1,0,1,0,1,Respect for elders,Good manners,Obedience,Considerate,3,3,1,1,6
1084,Texas,Liberal,Strongly approve,noincome,5b85a867-f468-4cd7-b9ac-1362898fa254,23,Male,"$25,000 to $29,999",White,No,Graduate or professional degree,Texas,Graduate or professional degree,"[18,34]",White,"[25,50)",D,-3,3,Democrat,72,55,72,83,81,39,66,70,33,57,74,81,47,44,54,80,4,1,4,4,1,1,1,1,0,1,Independence,Good manners,Self-reliance,Considerate,0,1,1,0,6
993,Maryland,Liberal,Strongly disapprove,normal,5b85a4e5-606e-4fa2-85c0-efe3a0a74fb6,37,Male,"$30,000 to $34,999",White,No,"Some college, no degree",Maryland,"Some college, no degree","(34,49]",White,"[25,50)",D,-1,1,Democrat,100,84,1,1,68,79,20,4,90,79,52,1,65,51,83,84,1,2,1,4,1,0,1,1,0,1,Respect for elders,Curiosity,Self-reliance,Considerate,-1,1,1,1,6
1057,New York,Slightly conservative,Somewhat approve,normal,5b85a65e-2acc-4bd8-b2dd-4530cc346833,50,Male,"$55,000 to $59,999","Black, or African American",No,High school graduate,New York,High school graduate,"(49,64]",Black,"[50,75)",I,0,0,Independent,28,69,5,49,5,86,78,79,98,39,11,1,52,55,8,25,2,2,1,2,0,0,0,0,0,0,Respect for elders,Good manners,Self-reliance,Considerate,-2,2,1,0,1
1044,Ohio,Extremely conservative,Strongly approve,normal,5b85a5ff-63e4-4b36-9a0e-b25402591e0f,76,Male,"$85,000 to $89,999",White,No,"Some college, no degree",Ohio,"Some college, no degree","(64,96]",White,"[75,100)",R,3,3,Republican,70,71,50,5,1,99,99,99,2,2,91,49,81,92,50,49,2,3,3,2,1,1,1,1,0,1,Respect for elders,Good manners,Obedience,Well-behaved,-2,4,1,0,6
963,Florida,Moderate,Strongly approve,noincome,5b85a3a7-57dd-44aa-b3b9-ba66d21182a2,67,Male,"Less than $14,999","Black, or African American",No,Did not complete high school,Florida,Did not complete high school,"(64,96]",Black,"[0,25)",R,1,1,Republican,61,61,0,0,70,80,79,49,90,90,8,0,61,61,50,50,1.5,2,1.5,1.5,1,1,1,1,0,1,Respect for elders,Good manners,Obedience,Well-behaved,3,4,1,1,7
1066,Texas,Conservative,Strongly approve,noincome,5b85a730-e477-4f33-9ee6-d53e4d899b18,48,Male,"$40,000 to $44,999",White,No,Graduate or professional degree,Texas,Graduate or professional degree,"(34,49]",White,"[25,50)",R,3,3,Republican,66,55,26,24,26,24,25,24,0,77,54,0,73,74,47,27,1,1,2,2,0,0,1,1,0,0,Respect for elders,Good manners,Obedience,Considerate,2,3,1,0,3
916,Oklahoma,Moderate,Somewhat approve,normal,5b85a271-1b2c-4910-98ec-2e9449d0af56,56,Male,"Less than $14,999",White,No,Bachelor's degree,Oklahoma,Bachelor's degree,"(49,64]",White,"[0,25)",R,3,3,Republican,91,87,1,1,2,77,9,2,79,96,2,2,3,2,37,99,1,2,2,4,0,0,0,1,0,1,Respect for elders,Curiosity,Obedience,Considerate,-1,2,1,0,3
1042,Nevada,Extremely conservative,Strongly approve,noincome,5b85a5f8-efe2-442c-8326-2c781c5b0a89,67,Male,"$25,000 to $29,999",White,No,Graduate or professional degree,Nevada,Graduate or professional degree,"(64,96]",White,"[25,50)",R,3,3,Republican,70,81,6,4,52,95,53,18,2,5,81,14,72,75,14,13,2,2,3,2,1,0,1,1,0,1,Independence,Good manners,Obedience,Considerate,-3,2,1,0,5
1037,New Mexico,Moderate,Somewhat disapprove,normal,5b85a5ee-8795-44cf-bd6e-0860ef753200,65,Male,"$65,000 to $69,999",White,No,Bachelor's degree,New Mexico,Bachelor's degree,"(64,96]",White,"[50,75)",I,0,0,Independent,98,98,11,19,13,14,93,91,17,17,96,17,96,96,15,15,1.5,3,3,1.5,0,0,0,0,0,0,Respect for elders,Good manners,Obedience,Well-behaved,0,4,0,0,0
834,Tennessee,Conservative,Strongly approve,noincome,5b85a0b5-8a56-4ca0-bf13-8728639d785e,77,Male,"$40,000 to $44,999","Black, or African American",No,"Some college, no degree",Tennessee,"Some college, no degree","(64,96]",Black,"[25,50)",R,3,3,Republican,81,81,2,1,2,19,98,52,30,82,70,17,92,99,51,21,1.5,3,2,2,1,1,1,1,0,1,Respect for elders,Curiosity,Obedience,Considerate,0,2,1,0,6
924,California,Conservative,Strongly disapprove,normal,5b85a2c8-e2bd-450e-9feb-36e48e7793c4,56,Male,"$250,000 and above",White,No,Bachelor's degree,California,Bachelor's degree,"(49,64]",White,NA,D,-2,2,Democrat,81,81,1,1,50,48,1,2,100,99,1,1,51,49,47,50,1.5,1,1,1,0,0,0,1,0,1,Respect for elders,Good manners,Obedience,Considerate,0,3,1,0,3
979,California,Moderate,Strongly approve,normal,5b85a430-1f35-4bb0-97cd-c82b09319836,54,Male,"$50,000 to $54,999",Some other race,Yes,Bachelor's degree,California,Bachelor's degree,"(49,64]",Other,"[50,75)",R,2,2,Republican,100,100,4,100,62,100,100,100,13,100,100,6,43,23,100,52,2.3333333333333335,3,2.5,3,0,0,0,0,0,1,Respect for elders,Good manners,Self-reliance,Well-behaved,0,3,1,0,2
1038,Idaho,Slightly liberal,Strongly disapprove,normal,5b85a5f3-646a-4d14-acaa-4f6f28f1e00b,21,Female,"$125,000 to $149,999",Asian *** Filipino,No,Bachelor's degree,Idaho,Bachelor's degree,"[18,34]",Asian or Pacific Islander,"[100,200)",I,0,0,Independent,100,99,48,19,84,100,38,12,100,100,11,100,100,100,100,100,1,2,2.3333333333333335,2.5,0,1,1,1,0,0,Independence,Good manners,Self-reliance,Well-behaved,0,2,1,1,5
1072,New York,Moderate,Strongly disapprove,normal,5b85a7dd-9517-4a9c-8636-a6aedc90bc6e,24,Male,"$20,000 to $24,999",White,No,Bachelor's degree,New York,Bachelor's degree,"[18,34]",White,"[0,25)",D,-2,2,Democrat,75,83,33,24,22,46,27,18,28,53,68,17,73,82,16,81,2,2,3,2,0,0,0,1,0,1,Independence,Good manners,Self-reliance,Well-behaved,3,2,1,0,3
930,Arizona,Moderate,Somewhat approve,normal,5b85a2dd-46a3-46e4-8aa1-ae510916e25c,72,Male,"$45,000 to $49,999",White,No,"Some college, no degree",Arizona,"Some college, no degree","(64,96]",White,"[25,50)",R,3,3,Republican,30,34,22,10,24,44,52,43,5,4,88,81,12,17,36,35,2,3,3,3,0,0,1,1,0,1,Respect for elders,Good manners,Obedience,Well-behaved,-3,4,1,0,4
1026,New York,Moderate,Strongly disapprove,normal,5b85a5b1-779b-497e-979d-bfd44f68d8d5,69,Male,"$55,000 to $59,999",White,No,High school graduate,New York,High school graduate,"(64,96]",White,"[50,75)",D,-1,1,Democrat,68,67,16,5,51,66,19,26,61,64,63,7,81,69,11,8,1,2,2,1,0,0,1,1,0,0,Independence,Curiosity,Self-reliance,Considerate,-2,0,0,1,3
1070,California,Liberal,Strongly disapprove,normal,5b85a7ac-1830-4abf-b5c0-a2643d755d72,20,Male,"$40,000 to $44,999",White,No,"Some college, no degree",California,"Some college, no degree","[18,34]",White,"[25,50)",D,-2,2,Democrat,45,34,0,0,100,0,0,0,29,41,15,0,31,14,0,0,1,1,2,1,1,0,1,1,0,1,Independence,Curiosity,Self-reliance,Considerate,2,0,0,1,5
1068,Arkansas,Extremely liberal,Strongly disapprove,normal,5b85a75e-d556-436c-86e7-89d0ed935473,28,Male,"$25,000 to $29,999",White,No,"Some college, no degree",Arkansas,"Some college, no degree","[18,34]",White,"[25,50)",D,-3,3,Democrat,100,100,1,2,99,50,1,1,71,91,52,1,99,70,21,1,1.5,1,2,1,1,1,1,1,1,1,Independence,Curiosity,Obedience,Considerate,3,1,1,1,8
1090,Florida,Moderate,Strongly disapprove,noincome,5b85a8a0-a394-4723-82ed-2c4a3553ac9d,35,Male,"$65,000 to $69,999",White,No,Bachelor's degree,Florida,Bachelor's degree,"(34,49]",White,"[50,75)",D,-3,3,Democrat,63,71,92,71,97,83,81,79,70,66,68,70,75,66,55,69,3,1,2.5,1,0,0,0,1,0,1,Respect for elders,Good manners,Self-reliance,Well-behaved,-2,3,1,1,4
1040,California,Conservative,Somewhat approve,normal,5b85a5f5-d783-492b-85f6-deb94adb6a18,66,Male,"$15,000 to $19,999",White,No,"Some college, no degree",California,"Some college, no degree","(64,96]",White,"[0,25)",R,3,3,Republican,30,70,5,1,1,40,40,50,35,50,50,20,1,1,90,100,2,4,2.5,4,1,0,1,1,0,1,Respect for elders,Good manners,Obedience,Well-behaved,2,4,1,0,5
929,Arkansas,Slightly liberal,Somewhat approve,normal,5b85a2da-57a1-450a-b2af-1a08ef82f203,62,Male,"$100,000 to $124,999",White,No,Graduate or professional degree,Arkansas,Graduate or professional degree,"(49,64]",White,"[100,200)",D,-1,1,Democrat,53,93,3,3,52,89,54,53,31,30,95,6,73,75,3,3,2,2,3,2,1,0,0,1,0,1,Respect for elders,Good manners,Obedience,Considerate,3,3,1,0,4
1020,New York,Moderate,Somewhat disapprove,normal,5b85a58a-f4fe-4799-a07c-da227fce8b9d,60,Female,"$15,000 to $19,999",White,No,Bachelor's degree,New York,Bachelor's degree,"(49,64]",White,"[0,25)",I,0,0,Independent,81,47,34,28,62,70,81,56,63,50,85,39,73,74,77,88,1,3,3,4,1,0,0,1,0,1,Respect for elders,Good manners,Obedience,Considerate,3,3,1,1,5
785,Michigan,Extremely conservative,Strongly approve,normal,5b85a02c-d359-43a4-b6af-f5a577339a58,59,Male,"Less than $14,999","Black, or African American",No,Associate's degree,Michigan,Associate's degree,"(49,64]",Black,"[0,25)",R,3,3,Republican,66,31,66,73,20,95,99,71,68,89,39,6,74,70,26,81,4,3,2,4,1,0,0,1,0,1,Respect for elders,Good manners,Obedience,Considerate,-2,3,1,0,4
1058,Washington,Moderate,Strongly disapprove,noincome,5b85a68c-713a-4744-8091-b17cb4d490b6,76,Male,"$25,000 to $29,999",White,No,High school graduate,Washington,High school graduate,"(64,96]",White,"[25,50)",D,-3,3,Democrat,77,78,9,2,49,64,50,6,32,50,62,50,89,86,48,46,2,2,3,1,0,0,1,1,0,1,Respect for elders,Curiosity,Obedience,Considerate,3,2,1,0,4
1017,California,Liberal,Strongly disapprove,normal,5b85a57a-19f7-4122-bd03-bf077f630689,63,Male,"$95,000 to $99,999",White,No,Associate's degree,California,Associate's degree,"(49,64]",White,"[75,100)",D,-3,3,Democrat,100,100,0,0,100,100,50,1,50,100,50,0,100,100,80,50,1.5,1.5,2,1.5,1,0,1,1,0,1,Respect for elders,Good manners,Self-reliance,Considerate,-3,2,1,0,5
1067,Nevada,Moderate,Somewhat disapprove,noincome,5b85a74e-71fa-470d-9766-481f82c0826e,30,Female,"$15,000 to $19,999",Asian *** Japanese,No,Graduate or professional degree,Nevada,Graduate or professional degree,"[18,34]",Asian or Pacific Islander,"[0,25)",I,0,0,Independent,60,60,60,60,0,2,50,51,1,1,0,0,46,46,51,54,2.5,4,1.5,4,1,1,1,1,0,1,Independence,Good manners,Self-reliance,Considerate,0,1,1,1,7
1077,Connecticut,Conservative,Strongly approve,normal,5b85a817-3d5f-4a60-a30f-d2a211141489,57,Male,"$30,000 to $34,999",White,No,High school graduate,Connecticut,High school graduate,"(49,64]",White,"[25,50)",R,3,3,Republican,0,1,100,80,1,0,100,55,100,100,0,45,1,1,100,100,3,3,1.5,3.5,1,1,1,1,1,1,Respect for elders,Good manners,Self-reliance,Considerate,3,2,1,1,8
1099,Massachusetts,Moderate,Strongly disapprove,normal,5b85a933-151a-46de-9509-ac2bd6f53b3a,33,Male,"$30,000 to $34,999",Asian *** Filipino,No,Bachelor's degree,Massachusetts,Bachelor's degree,"[18,34]",Asian or Pacific Islander,"[25,50)",D,-1,1,Democrat,78,73,7,7,33,84,74,65,98,97,11,7,100,100,100,100,1,2,1,2.5,1,1,1,1,0,1,Independence,Good manners,Obedience,Well-behaved,3,3,1,1,7
80,Florida,Extremely liberal,Strongly disapprove,noincome,5b8597b9-3b55-49fa-9f19-da52563f5f40,43,Female,"Less than $14,999",Asian *** Vietnamese,No,Associate's degree,Florida,Associate's degree,"(34,49]",Asian or Pacific Islander,"[0,25)",D,-3,3,Democrat,81,90,1,2,50,50,49,1,51,60,100,1,52,51,52,53,2,1.5,3,4,1,1,0,1,0,0,Independence,Good manners,Obedience,Well-behaved,-3,3,0,1,4
899,Washington,Conservative,Strongly approve,noincome,5b85a217-50a2-4316-be99-7bdeba4a1195,82,Male,"$55,000 to $59,999",White,No,Bachelor's degree,Washington,Bachelor's degree,"(64,96]",White,"[50,75)",R,3,3,Republican,70,51,81,34,25,25,73,71,47,46,44,43,26,25,59,64,3,3,1,4,1,1,1,1,0,1,Respect for elders,Good manners,Self-reliance,Considerate,-3,2,1,1,7
1110,California,Extremely liberal,Strongly approve,normal,5b85a9f6-8825-4406-bee9-b3c203828d9b,25,Male,"$75,000 to $79,999","Black, or African American",No,"Some college, no degree",California,"Some college, no degree","[18,34]",Black,"[75,100)",R,3,3,Republican,91,85,72,79,91,80,86,89,89,75,66,67,90,75,84,66,1,1,1,1,0,0,0,0,0,1,Independence,Good manners,Self-reliance,Considerate,-3,1,1,0,2
1039,Ohio,Slightly conservative,Somewhat approve,normal,5b85a5f3-f68f-43c5-8215-2fa413268237,50,Male,"$100,000 to $124,999",White,No,"Some college, no degree",Ohio,"Some college, no degree","(49,64]",White,"[100,200)",R,2,2,Republican,80,47,8,3,29,28,83,58,33,44,75,1,20,30,100,100,1,3,3,3.5,1,0,0,1,1,1,Respect for elders,Curiosity,Self-reliance,Well-behaved,3,2,1,0,5
533,Mississippi,Moderate,Strongly disapprove,normal,5b859c20-0372-4beb-a699-3d4dbd157e20,36,Male,"Less than $14,999",White,No,Bachelor's degree,Mississippi,Bachelor's degree,"(34,49]",White,"[0,25)",D,-3,3,Democrat,51,51,50,51,53,52,52,48,49,50,50,55,51,48,51,49,2.3333333333333335,1,4,2,0,0,0,1,1,1,Independence,Good manners,Self-reliance,Considerate,0,1,0,0,3
1079,Wisconsin,Moderate,Somewhat approve,normal,5b85a827-7c7e-46d7-b00f-99b1ba1f6aa3,53,Male,"$75,000 to $79,999",White,No,"Some college, no degree",Wisconsin,"Some college, no degree","(49,64]",White,"[75,100)",R,1,1,Republican,73,66,8,7,24,83,21,7,8,9,90,7,78,33,76,8,1,2,3,1,1,0,1,1,0,1,Respect for elders,Good manners,Self-reliance,Considerate,2,2,1,1,6
1005,Utah,Slightly conservative,Somewhat approve,normal,5b85a510-f126-452b-ad25-b4848cf9dcb9,24,Male,"$95,000 to $99,999",White,No,"Some college, no degree",Utah,"Some college, no degree","[18,34]",White,"[75,100)",R,2,2,Republican,100,91,0,0,31,100,17,8,0,0,100,0,50,59,71,22,1,2,3,3,1,0,0,1,1,1,Independence,Curiosity,Self-reliance,Well-behaved,3,1,1,0,5
1049,California,Conservative,Strongly approve,normal,5b85a620-841d-4009-b15e-2858417ec1da,55,Female,"$15,000 to $19,999","Black, or African American",Yes,High school graduate,California,High school graduate,"(49,64]",Black,"[0,25)",R,3,3,Republican,74,71,35,0,51,98,54,32,3,7,96,24,56,57,80,24,1,2,3,3,1,1,1,1,0,1,Respect for elders,Good manners,Self-reliance,Considerate,3,2,1,0,6
1006,Massachusetts,Moderate,Somewhat disapprove,normal,5b85a511-195b-42ae-afe9-5c7c2db96112,45,Male,"$80,000 to $84,999",White,No,Associate's degree,Massachusetts,Associate's degree,"(34,49]",White,"[75,100)",I,0,0,Independent,100,100,4,3,100,100,6,3,100,54,9,100,1,3,100,2,1.5,1.5,2.5,3,0,0,0,1,0,1,Respect for elders,Good manners,Obedience,Well-behaved,0,4,1,0,3
1036,New York,Moderate,Somewhat disapprove,normal,5b85a5e3-6ffc-4d35-81cd-f2893c98e111,69,Male,"$150,000 to $174,999",White,Yes,Bachelor's degree,New York,Bachelor's degree,"(64,96]",White,"[100,200)",I,0,0,Independent,51,92,7,7,51,75,10,10,77,100,48,1,76,77,63,5,2,2,2,2,1,0,1,1,0,1,Respect for elders,Curiosity,Self-reliance,Considerate,-2,1,1,1,6
1046,Idaho,Moderate,Strongly approve,normal,5b85a607-65fd-4ac4-8d85-c64889e3f46b,74,Male,"$150,000 to $174,999",White,No,Bachelor's degree,Idaho,Bachelor's degree,"(64,96]",White,"[100,200)",R,1,1,Republican,100,100,1,1,1,100,100,51,1,1,100,52,100,100,91,100,1.5,2.5,3,2.3333333333333335,0,1,0,1,0,1,Respect for elders,Good manners,Self-reliance,Considerate,0,2,1,0,4
865,New York,Moderate,Strongly disapprove,normal,5b85a14e-93b3-4d59-8b1a-7023f17b8b85,35,Male,"Less than $14,999","Black, or African American",No,High school graduate,New York,High school graduate,"(34,49]",Black,"[0,25)",I,0,0,Independent,85,96,10,7,95,98,50,6,93,94,53,7,91,94,32,94,2,2,2,3,0,0,0,1,1,1,Respect for elders,Curiosity,Self-reliance,Considerate,-3,1,1,0,4
1052,New York,Extremely conservative,Strongly approve,normal,5b85a633-0755-4e5a-bb6a-a047d3809a39,73,Male,"$55,000 to $59,999",White,No,Bachelor's degree,New York,Bachelor's degree,"(64,96]",White,"[50,75)",R,3,3,Republican,49,49,5,9,80,57,100,100,26,27,58,11,37,20,77,25,1.5,3.5,3,3,1,0,0,1,0,1,Respect for elders,Good manners,Self-reliance,Well-behaved,0,3,1,0,4
308,Kentucky,Moderate,Somewhat approve,normal,5b859a0c-1f8d-43fc-9029-620635b9f05a,39,Male,"$20,000 to $24,999",White,No,Bachelor's degree,Kentucky,Bachelor's degree,"(34,49]",White,"[0,25)",I,0,0,Independent,90,90,10,10,50,50,90,50,10,10,70,60,50,50,50,10,1.5,3,3,2,1,0,0,1,0,1,Respect for elders,Good manners,Obedience,Well-behaved,-3,4,1,0,4
1075,California,Moderate,Strongly disapprove,normal,5b85a7ee-d6f0-454a-904f-cea6d14be310,62,Female,"$100,000 to $124,999",White,No,Graduate or professional degree,California,Graduate or professional degree,"(49,64]",White,"[100,200)",D,-3,3,Democrat,93,94,0,0,50,98,0,0,100,0,0,0,76,52,98,97,2,2,1,3,0,1,1,1,0,1,Respect for elders,Curiosity,Obedience,Considerate,3,2,1,0,5
1031,North Carolina,Slightly liberal,Strongly disapprove,normal,5b85a5c3-caae-4299-9335-fdc77a0ba526,37,Male,"Less than $14,999",Some other race,No,High school graduate,North Carolina,High school graduate,"(34,49]",Other,"[0,25)",D,-2,2,Democrat,89,66,5,4,29,88,40,7,82,59,20,2,63,51,81,100,1,2,1,4,1,0,0,1,0,1,Respect for elders,Good manners,Obedience,Considerate,-3,3,1,0,4
1016,Texas,Moderate,Strongly approve,noincome,5b85a578-ab55-41df-acb2-227638509d95,18,Male,"$125,000 to $149,999",White,No,Bachelor's degree,Texas,Bachelor's degree,"[18,34]",White,"[100,200)",D,-2,2,Democrat,71,20,0,0,50,50,60,36,30,50,50,0,0,0,100,100,1,3,2.5,3.5,0,0,0,1,0,1,Respect for elders,Curiosity,Self-reliance,Considerate,-3,1,0,1,3
1063,Maryland,Moderate,Strongly disapprove,normal,5b85a6e1-82de-44fa-bf57-fb6e289042ad,36,Female,"Less than $14,999",Some other race,Yes,"Some college, no degree",Maryland,"Some college, no degree","(34,49]",Other,"[0,25)",I,0,0,Independent,74,95,3,3,41,36,70,31,86,68,88,34,89,90,88,1,2,3,3,2,1,0,0,0,0,1,Respect for elders,Good manners,Obedience,Well-behaved,-3,4,1,0,3
1076,New York,Moderate,Strongly disapprove,normal,5b85a811-2ba8-47e8-9932-68066f16d72b,20,Female,"$25,000 to $29,999",White,No,Bachelor's degree,New York,Bachelor's degree,"[18,34]",White,"[25,50)",D,-2,2,Democrat,92,65,0,0,89,86,1,0,87,12,18,0,87,56,18,5,1,1,1,1,0,0,0,1,0,1,Respect for elders,Curiosity,Self-reliance,Considerate,-2,1,1,0,3
1029,California,Moderate,Somewhat disapprove,normal,5b85a5b3-c184-4ea5-b751-f94d67cee11e,51,Male,"$70,000 to $74,999","Black, or African American",No,Associate's degree,California,Associate's degree,"(49,64]",Black,"[50,75)",D,-2,2,Democrat,83,75,77,25,59,89,8,1,63,83,96,53,51,86,66,50,1,2,3,2,0,0,0,0,0,1,Respect for elders,Good manners,Obedience,Considerate,0,3,1,0,2
1065,Alabama,Conservative,Strongly approve,normal,5b85a710-53c6-4c2f-b508-f2f010eaa032,55,Male,"$125,000 to $149,999",White,No,Bachelor's degree,Alabama,Bachelor's degree,"(49,64]",White,"[100,200)",R,2,2,Republican,63,99,2,4,2,38,86,98,98,96,13,3,89,87,97,100,2,4,1,4,0,0,0,1,0,1,Respect for elders,Good manners,Obedience,Well-behaved,3,4,1,0,3
1097,South Carolina,Slightly conservative,Somewhat approve,normal,5b85a8ef-77e1-4726-b28e-4271b1d97a20,52,Female,"$70,000 to $74,999",Asian *** Other,No,High school graduate,South Carolina,High school graduate,"(49,64]",Asian or Pacific Islander,"[50,75)",R,2,2,Republican,26,55,11,13,0,1,100,49,5,5,78,4,8,8,71,27,2,3,3,3,1,0,0,1,0,1,Respect for elders,Good manners,Obedience,Considerate,0,3,1,0,4
1062,Massachusetts,Liberal,Somewhat disapprove,normal,5b85a6d0-b13d-40e2-8314-0e3d293e435b,45,Female,Prefer not to answer,Some other race,Yes,High school graduate,Massachusetts,High school graduate,"(34,49]",Other,NA,D,-1,1,Democrat,75,80,20,16,50,89,90,57,26,63,77,12,61,79,54,64,2,3,3,2,1,0,0,1,0,1,Respect for elders,Good manners,Obedience,Considerate,0,3,1,0,4
1082,California,Conservative,Somewhat approve,normal,5b85a85a-ed5b-41f8-b5f8-d2f44ccd6c39,58,Male,"$25,000 to $29,999",White,No,Associate's degree,California,Associate's degree,"(49,64]",White,"[25,50)",R,1,1,Republican,64,65,18,19,1,4,99,100,100,98,14,0,7,15,97,100,2,4,1,4,1,0,1,1,1,1,Respect for elders,Good manners,Obedience,Well-behaved,-3,4,1,0,6
781,West Virginia,Extremely conservative,Strongly approve,normal,5b85a01c-68f5-441a-8ce6-dbd95de0fd1d,68,Male,"$25,000 to $29,999",White,No,Bachelor's degree,West Virginia,Bachelor's degree,"(64,96]",White,"[25,50)",R,3,3,Republican,74,72,3,2,98,99,98,98,0,0,1,1,76,25,36,4,1,2,3.5,1,0,0,0,1,0,0,Respect for elders,Good manners,Obedience,Well-behaved,-2,4,1,0,2
1081,Utah,Liberal,Strongly disapprove,normal,5b85a85a-5bdb-49e6-a893-c8b4138420ca,18,Female,"Less than $14,999",White,No,High school graduate,Utah,High school graduate,"[18,34]",White,"[0,25)",D,-2,2,Democrat,85,58,0,0,98,100,2,1,99,74,43,0,50,50,50,62,1,2,1,4,1,0,0,1,1,1,Independence,Good manners,Self-reliance,Well-behaved,2,2,1,0,5
820,Michigan,Slightly conservative,Somewhat approve,normal,5b85a087-870a-4d6d-ad7b-ba9b9fec3733,73,Female,"$25,000 to $29,999",White,No,High school graduate,Michigan,High school graduate,"(64,96]",White,"[25,50)",R,3,3,Republican,57,100,2,2,52,48,26,27,16,68,67,40,73,69,93,57,2,1,2,3,1,1,1,1,0,1,Independence,Good manners,Self-reliance,Well-behaved,-3,2,0,1,6
1087,Colorado,Slightly liberal,Strongly disapprove,normal,5b85a87e-7bab-4316-b4dd-adf28ae97d2f,27,Male,"$150,000 to $174,999",White,No,Bachelor's degree,Colorado,Bachelor's degree,"[18,34]",White,"[100,200)",D,-3,3,Democrat,100,80,1,1,50,85,50,1,51,100,1,1,100,99,50,1,1,2,2,1,0,1,1,1,0,1,Independence,Curiosity,Self-reliance,Well-behaved,3,1,1,1,6
1094,Florida,Slightly liberal,Somewhat disapprove,noincome,5b85a8d6-e388-48b3-8ddd-a6441ed34eec,62,Female,"$125,000 to $149,999",White,No,"Some college, no degree",Florida,"Some college, no degree","(49,64]",White,"[100,200)",D,-2,2,Democrat,99,99,3,3,99,99,5,4,98,4,4,4,99,99,99,99,1.5,1.5,1,2.5,1,1,1,1,0,1,Respect for elders,Good manners,Self-reliance,Well-behaved,1,3,1,1,7
1023,Pennsylvania,Liberal,Strongly disapprove,normal,5b85a58f-b63b-4fe5-8671-80f85036b2c6,45,Female,Prefer not to answer,White,No,"Some college, no degree",Pennsylvania,"Some college, no degree","(34,49]",White,NA,D,-3,3,Democrat,95,94,11,9,9,94,88,10,11,12,97,9,11,97,17,11,1,2,3,2,1,0,0,1,0,1,Respect for elders,Good manners,Obedience,Well-behaved,3,4,1,0,4
1101,Ohio,Slightly conservative,Strongly approve,normal,5b85a964-b565-4c67-9060-926fa0682583,44,Female,"$25,000 to $29,999",White,No,High school graduate,Ohio,High school graduate,"(34,49]",White,"[25,50)",R,3,3,Republican,49,5,44,35,1,100,99,65,1,1,1,100,2,1,95,99,1,2,4,4,1,1,1,1,0,1,Respect for elders,Good manners,Obedience,Considerate,-3,3,1,0,6
1107,Florida,Liberal,Somewhat approve,noincome,5b85a9de-fa7e-49ea-9633-efdcbe16cb54,29,Female,Prefer not to answer,Some other race,No,Associate's degree,Florida,Associate's degree,"[18,34]",Other,NA,R,1,1,Republican,55,50,52,51,91,3,79,3,100,98,3,3,100,100,100,81,1,1,1,2,1,1,1,1,1,0,Independence,Good manners,Obedience,Considerate,-2,2,0,1,6
1102,Georgia,Moderate,Somewhat disapprove,normal,5b85a96a-f6d6-43b7-956b-3d0fa88e227b,56,Male,"$15,000 to $19,999",White,No,High school graduate,Georgia,High school graduate,"(49,64]",White,"[0,25)",R,1,1,Republican,48,49,8,9,100,100,7,7,100,100,5,5,81,86,52,100,2,1.5,1.5,4,0,0,0,1,0,1,Respect for elders,Good manners,Self-reliance,Considerate,-3,2,1,1,4
1085,Massachusetts,Moderate,Somewhat approve,normal,5b85a871-bee2-4c26-8338-13b2d559970c,27,Female,"$65,000 to $69,999",White,No,High school graduate,Massachusetts,High school graduate,"[18,34]",White,"[50,75)",D,-2,2,Democrat,87,73,88,82,71,63,85,84,82,67,81,70,79,78,66,90,3,3,1,4,1,0,1,1,1,0,Independence,Curiosity,Obedience,Considerate,3,1,0,0,4
NA,Wisconsin,Moderate,Somewhat disapprove,normal,5b85a8ce-66bb-41d6-9174-a3ff2458ca0e,47,Female,"Less than $14,999",White,No,Did not complete high school,Wisconsin,Did not complete high school,"(34,49]",White,"[0,25)",R,1,1,Republican,72,68,19,14,50,71,21,11,45,54,21,11,40,34,68,14,1,2,2,3,1,1,1,1,0,1,Respect for elders,Curiosity,Obedience,Considerate,2,2,1,1,7
224,New York,Extremely liberal,Strongly disapprove,normal,5b859972-4cfe-47ba-ba08-c79bfb6edd4b,24,Male,"$60,000 to $64,999",White,No,"Some college, no degree",New York,"Some college, no degree","[18,34]",White,"[50,75)",D,-3,3,Democrat,100,100,0,0,0,0,0,0,69,91,50,1,100,100,0,0,1.5,2.5,2,1.5,1,1,1,1,0,1,Independence,Good manners,Self-reliance,Considerate,3,1,1,0,6
1053,California,Conservative,Strongly approve,normal,5b85a645-ca9c-46e2-a21c-886ad39b4416,61,Male,"$70,000 to $74,999",White,No,Bachelor's degree,California,Bachelor's degree,"(49,64]",White,"[50,75)",R,3,3,Republican,35,33,36,30,3,5,100,100,99,63,4,100,35,80,100,100,3,3.5,4,3.5,0,0,0,1,0,1,Respect for elders,Good manners,Obedience,Well-behaved,-3,4,1,0,3
1100,Oklahoma,Conservative,Strongly approve,normal,5b85a95d-0a18-49b2-9058-fc8ff2309f07,59,Female,"$30,000 to $34,999",Asian *** Korean,No,"Some college, no degree",Oklahoma,"Some college, no degree","(49,64]",Asian or Pacific Islander,"[25,50)",R,3,3,Republican,89,93,6,8,98,99,97,99,6,6,7,10,5,5,74,100,2,3,4,4,1,1,1,1,0,1,Respect for elders,Good manners,Obedience,Well-behaved,-3,4,1,0,6
852,Florida,Slightly conservative,Somewhat approve,noincome,5b85a11e-209f-40f0-9bf6-91deab96f88a,60,Female,"$30,000 to $34,999",Some other race,Yes,High school graduate,Florida,High school graduate,"(49,64]",Other,"[25,50)",R,2,2,Republican,51,66,51,53,31,75,100,75,1,1,80,50,66,52,81,83,2,3,3,4,1,0,1,1,0,1,Respect for elders,Good manners,Obedience,Well-behaved,0,4,1,0,5
1019,New York,Liberal,Somewhat disapprove,normal,5b85a58a-51b8-4f01-82e6-75ab5d3d0758,19,Male,"$25,000 to $29,999",White,No,High school graduate,New York,High school graduate,"[18,34]",White,"[25,50)",D,-2,2,Democrat,97,98,1,1,51,51,51,12,100,100,62,0,79,99,79,38,2,2,1.5,2,1,0,0,1,0,1,Independence,Good manners,Self-reliance,Well-behaved,2,2,1,0,4
1086,Louisiana,Slightly liberal,Somewhat disapprove,normal,5b85a87a-282f-4ead-8a01-a0acc075bc23,30,Female,"Less than $14,999",White,No,High school graduate,Louisiana,High school graduate,"[18,34]",White,"[0,25)",D,-2,2,Democrat,70,72,17,4,50,50,37,23,72,61,53,30,51,51,72,27,2,1.5,1,3,1,1,0,1,1,1,Respect for elders,Curiosity,Self-reliance,Considerate,-2,1,1,0,6
1080,Arizona,Liberal,Strongly disapprove,normal,5b85a84b-7024-40b4-b661-11a517e37ec0,61,Male,"$40,000 to $44,999",White,No,"Some college, no degree",Arizona,"Some college, no degree","(49,64]",White,"[25,50)",D,-3,3,Democrat,99,99,1,1,100,100,1,1,100,4,100,1,100,61,1,1,1.5,1.5,2,1,1,0,1,1,0,1,Independence,Good manners,Self-reliance,Considerate,-3,1,1,0,5
1074,Pennsylvania,Conservative,Somewhat approve,normal,5b85a7e9-1363-410a-9412-de2e7b669b79,49,Female,"$25,000 to $29,999",White,No,"Some college, no degree",Pennsylvania,"Some college, no degree","(34,49]",White,"[25,50)",R,2,2,Republican,13,61,1,1,11,46,4,5,56,43,70,1,17,7,70,27,2,2,3,3,0,1,1,1,0,1,Respect for elders,Good manners,Self-reliance,Considerate,2,2,1,1,6
1060,Missouri,Conservative,Somewhat approve,normal,5b85a6be-02ad-4a67-9f04-dcea4081df97,58,Female,"$50,000 to $54,999",Some other race,No,Bachelor's degree,Missouri,Bachelor's degree,"(49,64]",Other,"[50,75)",D,-2,2,Democrat,70,29,53,33,10,83,52,51,12,16,65,11,73,50,31,32,1,2,3,1,1,0,1,1,0,1,Respect for elders,Good manners,Self-reliance,Considerate,-3,2,1,0,5
1064,District of Columbia,Extremely liberal,Strongly disapprove,normal,5b85a6e3-4b08-4f11-9970-f7efed127bd7,51,Male,"$45,000 to $49,999",White,No,Graduate or professional degree,D.C.,Graduate or professional degree,"(49,64]",White,"[25,50)",D,-3,3,Democrat,93,92,1,2,8,49,98,99,76,86,10,1,94,99,50,26,1,4,2,2,1,0,1,1,0,1,Respect for elders,Good manners,Obedience,Considerate,3,3,1,0,5
1104,California,Liberal,Strongly disapprove,normal,5b85a96d-3e80-40ab-b116-df4f5860ac80,37,Female,"$15,000 to $19,999",American Indian or Alaska Native,No,Bachelor's degree,California,Bachelor's degree,"(34,49]",American Indian or Alaska Native,"[0,25)",D,-1,1,Democrat,93,40,7,3,46,89,5,2,81,44,10,4,100,99,1,0,1,2,1,1,1,1,1,1,1,1,Independence,Curiosity,Self-reliance,Considerate,-2,0,1,1,8
1158,Arkansas,Moderate,Somewhat approve,normal,5b85abaa-9fe5-423c-b48b-883b69c22684,31,Female,"$25,000 to $29,999",White,No,Bachelor's degree,Arkansas,Bachelor's degree,"[18,34]",White,"[25,50)",R,3,3,Republican,69,52,52,53,55,54,54,48,51,54,54,57,55,53,52,60,1,1,4,4,0,0,0,0,0,1,Respect for elders,Curiosity,Self-reliance,Considerate,-2,1,1,0,2
1133,Georgia,Liberal,Somewhat disapprove,normal,5b85ab43-61de-48be-9a03-b07a4cd0f66f,19,Female,"$70,000 to $74,999",White,No,Bachelor's degree,Georgia,Bachelor's degree,"[18,34]",White,"[50,75)",R,2,2,Republican,46,46,44,43,43,43,41,40,48,49,46,47,47,42,40,41,1.5,1.5,2,1,1,0,1,1,0,1,Respect for elders,Good manners,Obedience,Well-behaved,-3,4,0,0,4
1138,Indiana,Moderate,Somewhat approve,normal,5b85ab4f-d073-44ae-a980-399c813f5e80,40,Male,"$25,000 to $29,999",White,No,High school graduate,Indiana,High school graduate,"(34,49]",White,"[25,50)",D,-2,2,Democrat,56,97,7,5,35,43,43,41,30,32,95,7,27,25,62,55,2,2.5,3,3,0,0,0,1,0,1,Respect for elders,Good manners,Self-reliance,Considerate,0,2,1,0,3
1116,Massachusetts,Moderate,Somewhat approve,normal,5b85aa55-ab1b-4526-bade-48257e11ca11,63,Male,"$15,000 to $19,999",White,Yes,Bachelor's degree,Massachusetts,Bachelor's degree,"(49,64]",White,"[0,25)",D,-1,1,Democrat,98,99,2,2,1,1,99,99,99,99,48,1,99,99,1,1,2,3.5,1.5,1.5,1,1,1,1,1,1,Respect for elders,Good manners,Self-reliance,Well-behaved,3,3,0,0,6
981,Pennsylvania,Extremely conservative,Strongly disapprove,normal,5b85a43c-9164-4ba4-9b1f-6669a7cf5719,59,Female,"$15,000 to $19,999",Asian *** Chinese,No,Graduate or professional degree,Pennsylvania,Graduate or professional degree,"(49,64]",Asian or Pacific Islander,"[0,25)",D,-3,3,Democrat,77,52,3,50,50,76,54,50,50,90,91,50,100,83,77,1,1,2,3,1,0,0,0,1,0,1,Respect for elders,Good manners,Obedience,Well-behaved,0,4,0,0,2
396,Texas,Slightly liberal,Strongly disapprove,noincome,5b859a96-1c1b-4152-9135-a7f2d2928d46,53,Male,"$30,000 to $34,999","Black, or African American",No,High school graduate,Texas,High school graduate,"(49,64]",Black,"[25,50)",D,-2,2,Democrat,58,59,55,1,77,87,36,1,70,91,100,1,61,66,93,31,2,2,3,3,1,1,1,1,0,1,Respect for elders,Good manners,Self-reliance,Considerate,3,2,1,0,6
1092,Georgia,Conservative,Strongly approve,normal,5b85a8d0-d517-491a-85e6-593cd7806f02,40,Male,Prefer not to answer,"Black, or African American",No,Bachelor's degree,Georgia,Bachelor's degree,"(34,49]",Black,NA,R,2,2,Republican,22,20,42,6,1,1,100,43,67,99,24,1,38,39,68,4,3,3,2,3,1,1,0,1,1,0,Respect for elders,Good manners,Self-reliance,Considerate,-2,2,1,0,5
1073,California,Slightly conservative,Somewhat approve,normal,5b85a7e2-be6d-45ce-a5fe-da11247e6aec,22,Male,"$35,000 to $39,999",White,No,"Some college, no degree",California,"Some college, no degree","[18,34]",White,"[25,50)",R,2,2,Republican,71,0,0,0,0,73,41,12,31,83,53,0,0,0,81,51,1,2,2,3,0,0,0,1,0,1,Independence,Good manners,Self-reliance,Considerate,3,1,1,0,3
1113,Oregon,Moderate,Somewhat approve,normal,5b85aa33-e9be-4f1f-952b-6c24563c9017,64,Male,"$75,000 to $79,999",White,No,"Some college, no degree",Oregon,"Some college, no degree","(49,64]",White,"[75,100)",R,1,1,Republican,50,10,49,47,1,100,100,31,100,100,2,0,1,1,99,99,1,2.5,1.5,3.5,1,1,1,1,1,1,Respect for elders,Good manners,Obedience,Considerate,3,3,1,1,8
1091,Texas,Conservative,Somewhat approve,noincome,5b85a8c5-9859-4b57-82f1-f9cbc0eba908,56,Male,"$75,000 to $79,999",White,No,"Some college, no degree",Texas,"Some college, no degree","(49,64]",White,"[75,100)",R,1,1,Republican,50,100,1,1,1,1,100,100,50,100,1,1,80,100,1,1,2,3.5,2,2,0,0,0,1,0,1,Respect for elders,Good manners,Obedience,Considerate,-3,3,1,0,3
1120,Texas,Moderate,Strongly disapprove,noincome,5b85aad9-aef5-42bb-af82-08bef838809c,41,Male,"$50,000 to $54,999",White,No,Graduate or professional degree,Texas,Graduate or professional degree,"(34,49]",White,"[50,75)",D,-2,2,Democrat,68,81,84,85,46,41,72,46,36,89,98,2,47,81,83,84,4,3,3,4,1,0,0,1,1,1,Respect for elders,Curiosity,Self-reliance,Considerate,2,1,1,0,5
957,North Carolina,Extremely liberal,Strongly approve,normal,5b85a36b-4f32-4e44-8032-a216e352dceb,51,Female,"$25,000 to $29,999",White,No,Bachelor's degree,North Carolina,Bachelor's degree,"(49,64]",White,"[25,50)",R,3,3,Republican,1,5,3,5,2,1,3,3,1,1,2,1,1,1,2,2,3,3.5,3,3.5,0,0,0,0,0,0,Respect for elders,Good manners,Obedience,Well-behaved,-3,4,1,0,1
1117,Illinois,Liberal,Strongly disapprove,normal,5b85aa63-2944-4e1d-b9d5-e31c763e4fb4,58,Female,"$20,000 to $24,999",Some other race,Yes,Bachelor's degree,Illinois,Bachelor's degree,"(49,64]",Other,"[0,25)",D,-3,3,Democrat,80,80,19,3,71,79,48,26,99,98,18,99,80,79,21,5,1.5,2,2.5,1,1,0,0,1,0,1,Respect for elders,Good manners,Obedience,Well-behaved,0,4,1,0,4
1083,North Carolina,Moderate,Strongly disapprove,normal,5b85a85d-7c55-4875-97fd-78fc29d9a962,24,Female,"$35,000 to $39,999",Prefer not to answer,Prefer not to answer,"Some college, no degree",North Carolina,"Some college, no degree","[18,34]",Prefer not to answer,"[25,50)",I,0,0,Independent,100,100,0,2,98,4,3,3,100,100,100,80,91,98,100,89,1.5,1,2,3,0,0,0,1,0,0,Independence,Curiosity,Self-reliance,Well-behaved,-2,1,0,0,1
970,New Jersey,Slightly liberal,Strongly disapprove,normal,5b85a3e0-444f-4ee2-8ca2-390c225f18a7,65,Female,"$60,000 to $64,999",White,Yes,Bachelor's degree,New Jersey,Bachelor's degree,"(64,96]",White,"[50,75)",D,-2,2,Democrat,51,100,5,5,100,100,5,5,100,100,5,5,100,100,5,6,2,1.5,1.5,1.5,1,1,1,1,0,1,Respect for elders,Curiosity,Self-reliance,Considerate,3,1,1,1,7
934,Texas,Moderate,Strongly disapprove,noincome,5b85a2ee-d367-4b2d-9718-55b01dcc6f07,18,Female,"$60,000 to $64,999",White,No,Associate's degree,Texas,Associate's degree,"[18,34]",White,"[50,75)",I,0,0,Independent,50,50,50,50,50,50,50,50,50,50,50,50,50,50,50,51,2.5,2.5,2.5,4,0,0,0,1,1,0,Respect for elders,Good manners,Obedience,Well-behaved,-2,4,1,0,3
1096,Tennessee,Liberal,Strongly disapprove,noincome,5b85a8ec-8690-46d9-9896-d06429dd3000,60,Male,"$125,000 to $149,999",White,No,Graduate or professional degree,Tennessee,Graduate or professional degree,"(49,64]",White,"[100,200)",D,-2,2,Democrat,47,80,1,1,40,72,67,20,59,78,18,1,65,58,53,31,2,2,2,1,0,0,0,0,0,0,Independence,Good manners,Obedience,Well-behaved,-2,3,1,0,1
1045,California,Liberal,Strongly disapprove,normal,5b85a607-24b4-4de6-b5f7-1b9b7dc60eb6,65,Male,"$25,000 to $29,999",White,No,Bachelor's degree,California,Bachelor's degree,"(64,96]",White,"[25,50)",D,-3,3,Democrat,95,80,0,1,50,100,0,1,40,70,71,0,21,21,50,100,1,2,3,4,1,1,1,1,0,1,Respect for elders,Curiosity,Self-reliance,Considerate,-2,1,1,0,6
178,Wisconsin,Moderate,Somewhat disapprove,normal,5b859929-ff39-4c1e-9b22-6a3884a2e5d1,27,Female,"$60,000 to $64,999",White,No,"Some college, no degree",Wisconsin,"Some college, no degree","[18,34]",White,"[50,75)",D,-2,2,Democrat,67,82,21,11,91,95,12,1,96,45,86,8,88,98,68,88,2,2,1,2,1,0,0,1,0,1,Respect for elders,Good manners,Obedience,Well-behaved,-2,4,1,0,4
1108,Wisconsin,Extremely conservative,Somewhat approve,normal,5b85a9e7-c5d5-4d81-9c1d-04344d8203a5,43,Male,"$100,000 to $124,999",White,No,Bachelor's degree,Wisconsin,Bachelor's degree,"(34,49]",White,"[100,200)",D,-2,2,Democrat,70,67,19,14,47,97,32,18,68,76,38,19,87,90,67,89,1,2,2,2,1,0,0,1,0,0,Respect for elders,Good manners,Obedience,Considerate,-3,3,1,0,3
1111,Pennsylvania,Slightly conservative,Somewhat approve,normal,5b85a9f8-8ea2-46fd-8b2e-7c35f82828b3,59,Male,"$30,000 to $34,999",White,No,"Some college, no degree",Pennsylvania,"Some college, no degree","(49,64]",White,"[25,50)",R,2,2,Republican,49,49,11,9,1,49,100,100,61,19,20,95,27,27,12,100,1.5,3.5,4,4,1,0,1,1,0,1,Respect for elders,Curiosity,Self-reliance,Considerate,0,1,1,1,6
928,Florida,Moderate,Strongly approve,noincome,5b85a2d9-2248-41a9-bd85-b9e974aa5d7c,37,Male,"$100,000 to $124,999",White,No,Bachelor's degree,Florida,Bachelor's degree,"(34,49]",White,"[100,200)",D,-3,3,Democrat,11,6,8,7,8,9,8,9,7,4,7,10,8,16,45,14,1,3,4,3,1,0,1,1,0,0,Respect for elders,Good manners,Self-reliance,Well-behaved,3,3,0,0,3
1048,Virginia,Moderate,Strongly disapprove,normal,5b85a617-dc80-4314-b706-917381970505,34,Male,"$80,000 to $84,999",White,No,Bachelor's degree,Virginia,Bachelor's degree,"[18,34]",White,"[75,100)",I,0,0,Independent,55,88,75,78,62,90,74,84,61,87,75,75,54,67,72,70,2,2,2,3,1,1,1,1,0,1,Independence,Curiosity,Obedience,Considerate,3,1,1,1,7
1055,Arizona,Slightly conservative,Strongly disapprove,normal,5b85a659-49eb-4460-93e5-a3c97258bb33,36,Female,"Less than $14,999",Some other race,Yes,High school graduate,Arizona,High school graduate,"(34,49]",Other,"[0,25)",D,-2,2,Democrat,82,51,1,1,41,74,84,1,83,32,33,2,82,82,40,1,1,3,1,1.5,1,0,0,1,0,1,Respect for elders,Curiosity,Obedience,Considerate,2,2,1,0,4
1088,Mississippi,Liberal,Somewhat approve,normal,5b85a894-6cd6-402f-9d40-7a5165678ea1,40,Male,"$45,000 to $49,999",White,No,"Some college, no degree",Mississippi,"Some college, no degree","(34,49]",White,"[25,50)",D,-2,2,Democrat,78,72,27,17,52,50,48,47,68,60,58,52,22,23,78,26,1,1,1,3,1,0,0,0,0,1,Respect for elders,Good manners,Obedience,Well-behaved,-2,4,1,0,3
1137,Maine,Extremely conservative,Somewhat approve,normal,5b85ab4a-f702-4aa6-99c0-0b00445939c9,44,Male,Prefer not to answer,American Indian or Alaska Native,No,High school graduate,Maine,High school graduate,"(34,49]",American Indian or Alaska Native,NA,R,3,3,Republican,81,52,15,18,2,95,94,93,2,2,2,92,75,74,38,61,1,2,4,1,0,0,1,1,0,1,Respect for elders,Curiosity,Obedience,Considerate,-2,2,1,0,4
1093,California,Moderate,Somewhat approve,normal,5b85a8d2-95d9-404d-8d3a-c567a9c8de87,50,Male,"$45,000 to $49,999","Black, or African American",No,High school graduate,California,High school graduate,"(49,64]",Black,"[25,50)",I,0,0,Independent,66,66,7,3,54,52,50,5,14,52,51,4,5,4,97,54,1.5,1,2,3,0,0,0,0,0,1,Respect for elders,Good manners,Obedience,Well-behaved,-2,4,1,0,2
1109,Illinois,Liberal,Strongly disapprove,normal,5b85a9f0-2063-4405-b505-5733a0a557a1,39,Male,"$35,000 to $39,999",Some other race,No,High school graduate,Illinois,High school graduate,"(34,49]",Other,"[25,50)",D,-3,3,Democrat,100,95,2,0,99,98,1,0,93,92,90,100,92,92,51,1,1,1,4,1.5,0,1,1,1,1,1,Respect for elders,Curiosity,Self-reliance,Considerate,-3,1,1,1,7
1161,Pennsylvania,Extremely conservative,Strongly disapprove,normal,5b85abb0-b01a-4081-9044-bde955d87799,50,Male,"$25,000 to $29,999",White,No,Associate's degree,Pennsylvania,Associate's degree,"(49,64]",White,"[25,50)",D,-3,3,Democrat,100,100,100,100,38,42,100,100,100,100,100,100,96,92,99,100,2.5,3.5,2.5,4,1,0,0,1,0,1,Respect for elders,Good manners,Obedience,Well-behaved,-3,4,1,1,5
1195,Maryland,Moderate,Somewhat approve,normal,5b85ac3d-69c6-4af2-b88d-8d12db015abf,31,Male,"$55,000 to $59,999",White,No,High school graduate,Maryland,High school graduate,"[18,34]",White,"[50,75)",D,-3,3,Democrat,53,57,49,60,49,47,53,59,36,30,40,41,51,50,49,49,4,4,4,1,0,0,1,1,0,0,Independence,Curiosity,Obedience,Well-behaved,0,2,0,0,2
1127,Pennsylvania,Extremely liberal,Strongly disapprove,normal,5b85ab20-e4a2-496d-951e-2bc1bd2b77a1,41,Male,"$15,000 to $19,999","Black, or African American",No,Bachelor's degree,Pennsylvania,Bachelor's degree,"(34,49]",Black,"[0,25)",D,-3,3,Democrat,93,64,7,2,83,92,9,5,50,100,10,3,82,90,36,24,1,2,2,2,0,0,0,1,0,1,Respect for elders,Good manners,Obedience,Well-behaved,0,4,1,0,3
1089,New York,Liberal,Strongly disapprove,normal,5b85a89d-ba02-4f7d-b425-6e436a43f9aa,27,Male,"$20,000 to $24,999","Black, or African American",No,Bachelor's degree,New York,Bachelor's degree,"[18,34]",Black,"[0,25)",D,-3,3,Democrat,41,57,75,71,41,14,29,28,4,32,2,18,81,79,7,10,3,1,2,1,1,1,1,1,0,0,Respect for elders,Good manners,Obedience,Well-behaved,-3,4,0,1,5
1124,Florida,Moderate,Somewhat approve,noincome,5b85ab06-0194-4d8b-a4b1-e65314ad600a,47,Male,"$65,000 to $69,999",White,No,Associate's degree,Florida,Associate's degree,"(34,49]",White,"[50,75)",R,2,2,Republican,51,52,53,31,28,27,100,73,100,76,29,2,63,65,51,49,3,3,1,2,1,0,0,1,0,1,Respect for elders,Good manners,Self-reliance,Considerate,0,2,1,0,4
1239,Ohio,Slightly conservative,Somewhat approve,normal,5b85acb4-3438-4f93-9540-ac0930492dc9,57,Male,"$100,000 to $124,999",White,No,High school graduate,Ohio,High school graduate,"(49,64]",White,"[100,200)",R,2,2,Republican,40,53,41,39,28,16,23,33,57,43,51,68,51,52,45,41,2,4,4,2,1,0,1,1,0,1,Respect for elders,Curiosity,Obedience,Considerate,2,2,1,0,5
1103,Pennsylvania,Slightly conservative,Somewhat disapprove,normal,5b85a96b-896c-4798-ac92-00c2a183fd16,22,Male,"$30,000 to $34,999",White,No,Bachelor's degree,Pennsylvania,Bachelor's degree,"[18,34]",White,"[25,50)",R,1,1,Republican,61,50,20,0,32,100,45,18,33,75,50,0,25,8,64,50,1,2,2,3,0,0,1,1,0,1,Respect for elders,Curiosity,Self-reliance,Considerate,2,1,1,0,4
1119,Florida,Moderate,Somewhat disapprove,noincome,5b85aac8-538e-4bfa-b381-30b5f60033ab,48,Male,"$55,000 to $59,999",White,No,High school graduate,Florida,High school graduate,"(34,49]",White,"[50,75)",D,-3,3,Democrat,70,68,19,17,50,50,50,49,20,20,88,19,70,68,68,69,1,2,3,1,0,0,0,1,1,1,Respect for elders,Good manners,Obedience,Considerate,2,3,1,0,4
1125,Georgia,Conservative,Somewhat approve,normal,5b85ab0d-ef16-448b-9c5d-b93a4a0a6528,57,Female,"$60,000 to $64,999",Asian *** Other,No,"Some college, no degree",Georgia,"Some college, no degree","(49,64]",Asian or Pacific Islander,"[50,75)",R,1,1,Republican,1,5,58,56,5,50,50,100,52,57,58,57,6,0,100,100,3,4,3,3.5,1,1,1,1,0,1,Respect for elders,Good manners,Obedience,Considerate,3,3,1,0,6
1184,Kentucky,Moderate,Strongly disapprove,normal,5b85ac0e-ddda-4665-9e10-290626e3d510,51,Male,"$50,000 to $54,999",White,No,Bachelor's degree,Kentucky,Bachelor's degree,"(49,64]",White,"[50,75)",I,0,0,Independent,50,52,52,53,51,51,51,51,49,51,52,53,49,50,50,49,4,2.5,4,2.5,0,0,0,0,0,1,Respect for elders,Good manners,Self-reliance,Considerate,0,2,1,0,2
1078,Missouri,Moderate,Strongly approve,normal,5b85a820-7355-4274-8b46-84d181cd861a,41,Male,"$125,000 to $149,999",White,Yes,Graduate or professional degree,Missouri,Graduate or professional degree,"(34,49]",White,"[100,200)",R,1,1,Republican,100,100,0,0,8,6,82,60,100,100,100,2,51,52,4,4,1.5,3,2,2,1,0,0,1,0,0,Respect for elders,Good manners,Obedience,Well-behaved,-3,4,0,0,2
1123,Florida,Conservative,Strongly approve,noincome,5b85aae7-80bf-4dce-9c32-039935fe5231,57,Male,"$90,000 to $94,999",White,No,"Some college, no degree",Florida,"Some college, no degree","(49,64]",White,"[75,100)",R,3,3,Republican,100,100,1,1,1,1,100,100,50,100,100,54,1,1,100,100,1.5,3.5,2.5,3.5,1,1,1,1,1,1,Respect for elders,Good manners,Self-reliance,Well-behaved,3,3,1,1,8
1206,Illinois,Moderate,Somewhat disapprove,normal,5b85ac53-a568-4511-85ef-f2d87dc0cb13,25,Male,"$40,000 to $44,999",White,No,Bachelor's degree,Illinois,Bachelor's degree,"[18,34]",White,"[25,50)",I,0,0,Independent,52,57,59,57,54,54,56,58,95,68,65,98,27,30,40,38,3,4,4,3,0,0,0,0,0,1,Respect for elders,Good manners,Obedience,Well-behaved,0,4,1,0,2
1135,Virginia,Liberal,Strongly disapprove,normal,5b85ab48-ed3e-4f89-a040-0ec9d290c2cd,69,Male,"Less than $14,999","Black, or African American",No,High school graduate,Virginia,High school graduate,"(64,96]",Black,"[0,25)",D,-1,1,Democrat,97,100,1,3,100,100,6,1,97,43,22,100,100,98,2,5,2,1.5,4,1,1,1,1,1,0,1,Respect for elders,Curiosity,Self-reliance,Considerate,-3,1,1,0,6
1246,Wisconsin,Extremely liberal,Strongly approve,normal,5b85acc5-6328-4508-8587-d2a830036ab2,49,Male,"$100,000 to $124,999",White,No,Bachelor's degree,Wisconsin,Bachelor's degree,"(34,49]",White,"[100,200)",D,-3,3,Democrat,98,100,100,100,98,100,99,100,97,99,99,100,99,100,100,100,3,3,4,3,0,0,0,0,0,0,Respect for elders,Good manners,Self-reliance,Considerate,3,2,0,0,0
1285,Indiana,Conservative,Strongly disapprove,normal,5b85ad27-03dc-4ef8-8442-0f22b2e9ad7c,34,Male,"$20,000 to $24,999",White,No,"Some college, no degree",Indiana,"Some college, no degree","[18,34]",White,"[0,25)",D,-3,3,Democrat,40,64,71,62,27,40,31,41,0,25,100,3,61,50,43,62,3,4,3,4,0,0,0,0,0,0,Independence,Good manners,Obedience,Well-behaved,0,3,1,0,1
1253,Michigan,Moderate,Strongly disapprove,normal,5b85accf-21fa-4db9-9f22-38f4c8ce30e5,30,Male,"Less than $14,999",White,No,Bachelor's degree,Michigan,Bachelor's degree,"[18,34]",White,"[0,25)",D,-2,2,Democrat,50,51,49,48,56,53,53,51,2,3,77,52,53,51,48,53,2,1,3,2.5,1,1,1,1,0,1,Respect for elders,Good manners,Self-reliance,Well-behaved,-2,3,1,0,6
1168,California,Slightly liberal,Strongly disapprove,normal,5b85abcc-46ac-4f4e-bc3c-60e190c99663,62,Male,"$95,000 to $99,999",White,No,"Some college, no degree",California,"Some college, no degree","(49,64]",White,"[75,100)",D,-3,3,Democrat,91,92,2,2,51,50,51,51,100,100,100,0,100,100,51,50,2,2.6666666666666665,2,1.5,1,0,1,1,0,1,Respect for elders,Good manners,Self-reliance,Well-behaved,0,3,1,1,6
1150,California,Extremely liberal,Strongly disapprove,normal,5b85ab94-d321-4bcb-8bce-bd777af0d380,81,Female,"Less than $14,999",White,Yes,"Some college, no degree",California,"Some college, no degree","(64,96]",White,"[0,25)",D,-3,3,Democrat,100,100,2,2,3,100,4,5,51,50,47,49,93,93,99,100,1.5,2,1,4,0,0,1,1,0,1,Respect for elders,Good manners,Self-reliance,Considerate,3,2,1,1,5
1230,Pennsylvania,Extremely conservative,Strongly approve,normal,5b85ac98-56c8-49fe-b5ab-4d6a6a3ab35b,30,Male,"$30,000 to $34,999",White,No,"Some college, no degree",Pennsylvania,"Some college, no degree","[18,34]",White,"[25,50)",R,3,3,Republican,50,47,46,43,84,66,82,58,51,46,47,47,50,48,47,49,1,1,1,1,0,0,0,0,0,1,Respect for elders,Good manners,Obedience,Well-behaved,0,4,1,0,2
1200,Arizona,Moderate,Somewhat disapprove,normal,5b85ac47-d549-4bbe-8883-bf7625b7978a,30,Male,"Less than $14,999",Some other race,No,"Some college, no degree",Arizona,"Some college, no degree","[18,34]",Other,"[0,25)",I,0,0,Independent,49,51,51,52,49,51,50,49,51,50,54,52,44,55,29,39,4,2,3,2,0,0,0,0,0,1,Respect for elders,Good manners,Self-reliance,Well-behaved,0,3,0,0,1
1106,Virginia,Moderate,Somewhat disapprove,normal,5b85a97c-4088-4625-b8a1-3be61420786d,23,Male,"Less than $14,999",White,No,High school graduate,Virginia,High school graduate,"[18,34]",White,"[0,25)",I,0,0,Independent,34,36,39,42,51,51,52,52,51,51,52,52,54,50,50,50,4,3.5,3.5,1,0,0,0,0,0,1,Respect for elders,Good manners,Obedience,Considerate,0,3,1,0,2
1148,Texas,Extremely conservative,Strongly approve,noincome,5b85ab91-0b9a-48ce-b9a2-0462a038bd3f,50,Male,"$65,000 to $69,999",White,No,High school graduate,Texas,High school graduate,"(49,64]",White,"[50,75)",R,3,3,Republican,80,60,2,0,80,0,100,50,0,0,0,100,30,30,51,0,1,3,4,3,0,0,0,1,0,1,Respect for elders,Good manners,Obedience,Well-behaved,3,4,1,1,4
1147,Nebraska,Slightly conservative,Strongly disapprove,normal,5b85ab90-a2c4-481d-a941-4885e3533530,70,Male,"Less than $14,999",White,No,Bachelor's degree,Nebraska,Bachelor's degree,"(64,96]",White,"[0,25)",I,0,0,Independent,30,20,50,50,70,50,0,10,0,0,20,50,80,80,0,30,3.5,1,4,1.5,1,1,1,1,0,1,Respect for elders,Good manners,Self-reliance,Considerate,-3,2,1,0,6
1225,Oregon,Slightly liberal,Somewhat approve,normal,5b85ac95-138d-4184-882a-6c12bdc4f28a,45,Male,"$20,000 to $24,999",White,No,High school graduate,Oregon,High school graduate,"(34,49]",White,"[0,25)",R,1,1,Republican,55,56,57,58,56,58,55,65,56,57,60,64,55,60,65,66,4,4,4,4,0,0,0,1,0,0,Respect for elders,Good manners,Obedience,Considerate,2,3,1,1,3
1153,Arizona,Moderate,Strongly disapprove,normal,5b85ab9d-7f82-47ed-b2f7-fd8ce310d804,71,Male,"$30,000 to $34,999",White,Yes,High school graduate,Arizona,High school graduate,"(64,96]",White,"[25,50)",I,0,0,Independent,60,69,66,57,50,47,NA,38,88,87,48,1,29,28,89,71,2,NA,1,3,1,0,0,0,0,1,Respect for elders,Good manners,Obedience,Well-behaved,-3,4,1,1,4
1139,Texas,Moderate,Somewhat approve,noincome,5b85ab55-185a-4356-92ea-523767756b61,55,Male,"$35,000 to $39,999",White,No,"Some college, no degree",Texas,"Some college, no degree","(49,64]",White,"[25,50)",R,2,2,Republican,70,85,27,25,40,48,50,52,45,47,50,40,54,50,42,40,2,4,3,1,1,1,0,0,0,0,Independence,Curiosity,Obedience,Well-behaved,-2,2,0,0,2
1131,Georgia,Liberal,Strongly disapprove,normal,5b85ab3c-a8b6-4980-9f42-18ef46d4661b,63,Male,"$25,000 to $29,999","Black, or African American",No,High school graduate,Georgia,High school graduate,"(49,64]",Black,"[25,50)",D,-3,3,Democrat,60,72,1,1,61,60,20,1,31,60,29,1,99,100,50,50,2,1,2,2,0,0,1,1,0,1,Respect for elders,Curiosity,Self-reliance,Considerate,2,1,1,0,4
1136,Montana,Moderate,Strongly disapprove,normal,5b85ab4a-4a1f-48a2-a8d2-c1a1623eb140,33,Male,"$25,000 to $29,999",White,No,Graduate or professional degree,Montana,Graduate or professional degree,"[18,34]",White,"[25,50)",D,-3,3,Democrat,100,100,2,4,83,6,100,23,100,99,37,0,87,91,5,4,1.5,3,1,2,0,0,0,1,0,0,Independence,Good manners,Self-reliance,Considerate,3,1,0,0,1
1176,Michigan,Moderate,Somewhat approve,normal,5b85abf1-4f4f-40ac-87b1-a2d88bb95220,59,Male,"$40,000 to $44,999","Black, or African American",No,Bachelor's degree,Michigan,Bachelor's degree,"(49,64]",Black,"[25,50)",R,2,2,Republican,30,100,11,9,13,13,100,100,9,12,100,8,10,10,100,100,2,3.5,3,3.5,1,0,0,1,0,1,Respect for elders,Good manners,Obedience,Well-behaved,3,4,1,0,4
1291,Oklahoma,Extremely conservative,Strongly approve,normal,5b85ad3f-e4b1-4c5a-b10a-878c16c890a8,24,Male,"$25,000 to $29,999",White,No,"Some college, no degree",Oklahoma,"Some college, no degree","[18,34]",White,"[25,50)",R,1,1,Republican,100,46,67,85,93,65,29,100,100,70,32,94,82,56,31,76,1,4,1,1,1,0,1,1,0,1,Respect for elders,Good manners,Self-reliance,Well-behaved,3,3,1,0,5
1234,Florida,Slightly liberal,Somewhat approve,noincome,5b85aca9-a424-4dff-a261-8eb3fb1ce611,32,Male,"$45,000 to $49,999",White,No,"Some college, no degree",Florida,"Some college, no degree","[18,34]",White,"[25,50)",R,2,2,Republican,99,99,2,3,5,1,2,4,100,1,0,100,4,4,59,99,1.5,1,2.5,4,0,0,0,0,0,1,Respect for elders,Curiosity,Self-reliance,Considerate,2,1,0,0,1
1263,Illinois,Moderate,Strongly disapprove,normal,5b85acf1-9bad-4a84-a66a-5af17404844f,44,Male,"$35,000 to $39,999",White,No,High school graduate,Illinois,High school graduate,"(34,49]",White,"[25,50)",R,3,3,Republican,100,100,6,6,85,6,5,6,54,7,100,6,100,100,31,27,1.5,1,3,1.5,0,0,0,0,0,1,Respect for elders,Good manners,Obedience,Well-behaved,0,4,0,1,2
1166,Texas,Moderate,Strongly approve,noincome,5b85abca-fc7d-4d91-8c06-1284d50e29c0,27,Male,"$25,000 to $29,999",White,No,"Some college, no degree",Texas,"Some college, no degree","[18,34]",White,"[25,50)",R,2,2,Republican,58,88,20,7,12,84,100,100,100,98,99,100,2,2,89,100,2,3.5,2.5,4,0,0,0,1,0,0,Respect for elders,Good manners,Obedience,Well-behaved,3,4,0,1,2
1180,Oregon,Liberal,Strongly disapprove,normal,5b85abfb-dc63-447a-916e-4cd1fa6a38b9,48,Male,"$25,000 to $29,999",White,Yes,High school graduate,Oregon,High school graduate,"(34,49]",White,"[25,50)",D,-3,3,Democrat,80,40,5,4,80,85,15,15,40,100,15,2,100,100,10,4,1,2,2,1.5,1,1,1,1,1,1,Respect for elders,Good manners,Self-reliance,Considerate,3,2,1,1,8
1185,California,Extremely conservative,Somewhat approve,normal,5b85ac14-fe0a-48ec-8bda-56f5b273aead,50,Male,Prefer not to answer,White,No,Bachelor's degree,California,Bachelor's degree,"(49,64]",White,NA,R,2,2,Republican,53,58,64,3,51,50,52,51,55,52,58,NA,50,51,52,44,3,3,NA,3,0,0,0,0,1,0,Respect for elders,Good manners,Obedience,Well-behaved,0,4,0,0,1
1165,Maryland,Liberal,Strongly disapprove,normal,5b85abc5-c7f8-498a-9641-b6297ffc795c,50,Male,"Less than $14,999","Black, or African American",No,"Some college, no degree",Maryland,"Some college, no degree","(49,64]",Black,"[0,25)",D,-2,2,Democrat,100,100,0,0,50,72,68,11,50,50,32,45,100,100,52,0,1.5,2,1.5,1.5,1,0,0,1,0,1,Independence,Good manners,Self-reliance,Considerate,3,1,1,0,4
1126,New York,Conservative,Somewhat approve,normal,5b85ab1c-be98-4043-b9ff-dbc257a672e3,46,Female,"$40,000 to $44,999",Asian *** Chinese,No,"Some college, no degree",New York,"Some college, no degree","(34,49]",Asian or Pacific Islander,"[25,50)",R,1,1,Republican,47,98,3,3,53,99,4,4,100,3,3,3,99,97,3,4,2,2,1,1,1,1,1,1,0,0,Respect for elders,Good manners,Obedience,Well-behaved,-1,4,1,0,5
1202,Virginia,Moderate,Strongly disapprove,normal,5b85ac4a-2847-4a8b-b20f-1b6401da9de2,28,Male,"$55,000 to $59,999",White,Yes,Graduate or professional degree,Virginia,Graduate or professional degree,"[18,34]",White,"[50,75)",D,-1,1,Democrat,42,20,11,32,2,4,2,2,97,95,2,100,46,47,80,94,1,2,4,4,0,0,0,0,1,0,Respect for elders,Good manners,Obedience,Well-behaved,-3,4,1,1,3
1144,Tennessee,Extremely liberal,Strongly disapprove,noincome,5b85ab8a-406c-44ec-b5df-50e3805e686f,44,Male,"$95,000 to $99,999",White,No,Bachelor's degree,Tennessee,Bachelor's degree,"(34,49]",White,"[75,100)",D,-3,3,Democrat,77,83,4,2,52,100,5,9,100,9,4,100,55,100,87,83,2,2,2.5,2,1,1,1,1,0,1,Respect for elders,Curiosity,Obedience,Considerate,-3,2,1,0,6
1304,Pennsylvania,Slightly liberal,Strongly approve,normal,5b85ad81-13fe-45dc-8d8e-722bf47cdab0,22,Female,"$90,000 to $94,999",White,No,"Some college, no degree",Pennsylvania,"Some college, no degree","[18,34]",White,"[75,100)",R,3,3,Republican,79,63,86,75,85,66,88,78,89,73,91,74,85,52,81,75,3,3,3,1,1,0,0,1,1,1,Independence,Good manners,Self-reliance,Well-behaved,-2,2,1,0,5
1061,Wisconsin,Moderate,Somewhat disapprove,normal,5b85a6c1-9dd4-4496-81eb-fcaa436db6fc,35,Male,"$125,000 to $149,999",White,No,High school graduate,Wisconsin,High school graduate,"(34,49]",White,"[100,200)",D,-1,1,Democrat,90,90,5,5,2,2,75,55,60,60,50,2,75,80,25,5,1.5,3,1.5,2,1,0,0,1,1,1,Respect for elders,Good manners,Obedience,Considerate,-3,3,1,1,6
1174,Illinois,Conservative,Strongly approve,normal,5b85abdf-09b7-48c2-93d4-4228dcb10aa0,60,Female,"$15,000 to $19,999",White,No,Graduate or professional degree,Illinois,Graduate or professional degree,"(49,64]",White,"[0,25)",R,3,3,Republican,40,27,76,35,5,2,96,96,100,7,4,8,36,29,100,52,3,3.5,1,3,0,0,1,1,0,0,Respect for elders,Curiosity,Self-reliance,Considerate,3,1,1,0,3
1155,Kansas,Slightly conservative,Somewhat approve,normal,5b85aba1-7d46-46dc-af36-cc367ff612b3,59,Male,"$60,000 to $64,999",White,No,Associate's degree,Kansas,Associate's degree,"(49,64]",White,"[50,75)",R,2,2,Republican,100,45,2,3,3,100,44,56,4,4,100,46,44,44,100,100,1,2,3,3.5,1,0,1,1,1,1,Respect for elders,Good manners,Self-reliance,Well-behaved,3,3,1,0,6
1243,New Jersey,Slightly liberal,Strongly disapprove,normal,5b85acbd-2ef7-479a-9a77-5cd2fa1a1961,69,Female,"$95,000 to $99,999",White,No,"Some college, no degree",New Jersey,"Some college, no degree","(64,96]",White,"[75,100)",R,1,1,Republican,51,37,75,19,52,52,52,18,83,85,4,1,92,82,73,89,3,2,2,1,1,1,1,1,0,1,Independence,Curiosity,Self-reliance,Considerate,-3,0,1,1,7
1248,California,Moderate,Strongly disapprove,normal,5b85acc5-e4ba-444e-ae5e-ef76fe23208e,68,Male,"$30,000 to $34,999",White,No,Graduate or professional degree,California,Graduate or professional degree,"(64,96]",White,"[25,50)",D,-2,2,Democrat,72,78,23,13,77,75,5,2,86,83,29,6,77,75,81,75,2,1,1,3,1,1,1,1,0,1,Independence,Curiosity,Self-reliance,Considerate,-3,0,1,1,7
1157,Wyoming,Moderate,Strongly approve,"noincome,nocorp",5b85aba6-0eac-4637-bf22-8aef2764f045,35,Female,"$35,000 to $39,999",White,No,Bachelor's degree,Wyoming,Bachelor's degree,"(34,49]",White,"[25,50)",R,1,1,Republican,100,100,100,100,15,19,100,100,51,20,59,100,60,62,65,68,2.5,3.5,4,4,1,1,1,1,1,1,Respect for elders,Good manners,Obedience,Well-behaved,-3,4,1,1,8
1152,Ohio,Slightly liberal,Strongly disapprove,normal,5b85ab9b-dd61-4f47-8458-dc83e659ff61,65,Female,"$30,000 to $34,999",White,Yes,Did not complete high school,Ohio,Did not complete high school,"(64,96]",White,"[25,50)",D,-2,2,Democrat,61,15,1,1,70,72,48,6,56,56,7,1,76,77,50,1,1,2,1.5,2,0,0,1,1,0,1,Respect for elders,Curiosity,Self-reliance,Considerate,2,1,1,1,5
1130,Virginia,Moderate,Somewhat approve,normal,5b85ab31-1f45-434f-917a-17c90fb8902f,63,Female,"$75,000 to $79,999",White,No,"Some college, no degree",Virginia,"Some college, no degree","(49,64]",White,"[75,100)",R,2,2,Republican,47,100,0,0,0,54,38,52,31,100,100,1,68,77,14,0,2,2,2.5,2,1,1,1,1,1,1,Independence,Curiosity,Self-reliance,Considerate,3,0,1,1,8
1268,New York,Slightly conservative,Strongly approve,normal,5b85acfe-6f15-44c9-8146-d6054b99a24b,38,Female,"$70,000 to $74,999",White,No,High school graduate,New York,High school graduate,"(34,49]",White,"[50,75)",R,2,2,Republican,70,83,72,78,69,62,64,70,99,3,7,2,73,77,97,73,2,4,1,3,1,1,0,1,0,1,Respect for elders,Good manners,Obedience,Well-behaved,3,4,1,1,6
1114,Wisconsin,Moderate,Strongly disapprove,normal,5b85aa35-63f0-4975-a765-d00f0b51d253,46,Female,"$30,000 to $34,999",White,No,Graduate or professional degree,Wisconsin,Graduate or professional degree,"(34,49]",White,"[25,50)",D,-3,3,Democrat,100,100,1,0,81,100,1,100,100,0,1,0,100,100,71,1,1.5,3,1,1.5,0,0,0,0,0,1,Respect for elders,Good manners,Obedience,Considerate,-3,3,1,0,2
1281,Florida,Extremely liberal,Strongly approve,noincome,5b85ad1a-6b75-457f-a544-00af6adba470,39,Female,"$15,000 to $19,999",White,No,"Some college, no degree",Florida,"Some college, no degree","(34,49]",White,"[0,25)",R,3,3,Republican,100,96,100,100,100,98,100,100,100,100,100,0,100,100,100,100,2.6666666666666665,2.6666666666666665,2,2.5,1,1,1,1,1,1,Respect for elders,Good manners,Obedience,Well-behaved,3,4,1,1,8
1159,Kansas,Slightly conservative,Somewhat approve,normal,5b85abab-3edd-48f5-8fe7-fddc5ccd0310,34,Male,"Less than $14,999",White,No,High school graduate,Kansas,High school graduate,"[18,34]",White,"[0,25)",R,3,3,Republican,52,54,30,67,28,77,76,80,96,51,26,9,77,78,57,7,4,4,1,2,1,1,1,1,0,1,Respect for elders,Good manners,Self-reliance,Considerate,2,2,1,1,7
1204,New York,Moderate,Somewhat disapprove,normal,5b85ac51-92ab-4aee-8146-749a8e3e6b37,39,Female,"$40,000 to $44,999",White,No,Bachelor's degree,New York,Bachelor's degree,"(34,49]",White,"[25,50)",D,-2,2,Democrat,48,53,51,54,44,45,43,44,3,2,1,100,91,95,49,53,4,2,4,2,0,0,0,0,0,0,Independence,Good manners,Obedience,Considerate,0,2,0,0,0
1255,New Jersey,Liberal,Strongly disapprove,normal,5b85acd5-aad8-4ac8-a814-085b4cf5ba21,62,Female,"$65,000 to $69,999",White,No,Associate's degree,New Jersey,Associate's degree,"(49,64]",White,"[50,75)",D,-3,3,Democrat,91,72,1,1,21,100,1,1,100,53,1,100,61,61,1,1,1,2,2.5,1.5,1,0,1,1,1,1,Independence,Curiosity,Self-reliance,Considerate,-2,0,1,1,7
1209,Tennessee,Slightly liberal,Strongly approve,noincome,5b85ac5e-c976-4610-88e7-22b31b8a6ccd,53,Female,"$45,000 to $49,999",White,No,"Some college, no degree",Tennessee,"Some college, no degree","(49,64]",White,"[25,50)",R,3,3,Republican,100,99,2,1,6,5,100,100,100,75,65,2,90,80,100,40,1,3.5,1,3,1,0,0,1,0,1,Respect for elders,Good manners,Obedience,Considerate,3,3,1,0,4
1179,Kansas,Extremely liberal,Strongly disapprove,normal,5b85abf5-b407-4ef4-986b-0afdc538838a,46,Male,"$35,000 to $39,999",White,No,High school graduate,Kansas,High school graduate,"(34,49]",White,"[25,50)",D,-3,3,Democrat,100,100,0,0,100,100,0,0,100,100,0,0,100,100,0,0,1.5,1.5,1.5,1.5,1,1,1,1,1,1,Independence,Curiosity,Self-reliance,Considerate,3,0,1,1,8
1183,Illinois,Moderate,Strongly disapprove,normal,5b85ac05-070d-4ce1-86ea-f4a90f5d2ab4,52,Female,"Less than $14,999","Black, or African American",No,High school graduate,Illinois,High school graduate,"(49,64]",Black,"[0,25)",D,-3,3,Democrat,36,24,52,77,4,6,50,50,96,56,89,96,96,97,93,96,4,3.5,2.5,2,0,0,0,0,1,1,Independence,Good manners,Self-reliance,Well-behaved,-3,2,1,0,3
1215,Florida,Slightly conservative,Strongly disapprove,noincome,5b85ac74-9b53-4271-91b6-5c6f736ec016,46,Female,"$35,000 to $39,999",White,No,"Some college, no degree",Florida,"Some college, no degree","(34,49]",White,"[25,50)",D,-1,1,Democrat,52,14,6,9,56,79,27,13,6,49,100,27,77,86,99,95,1,2,3,3,0,1,0,0,0,1,Respect for elders,Good manners,Obedience,Well-behaved,-2,4,1,0,3
1217,Illinois,Slightly liberal,Strongly disapprove,normal,5b85ac7c-5048-47aa-8b11-388149419557,22,Female,"Less than $14,999",White,No,"Some college, no degree",Illinois,"Some college, no degree","[18,34]",White,"[0,25)",D,-3,3,Democrat,100,100,1,2,50,52,53,52,98,90,84,38,68,61,46,51,1.5,3,1,1,0,0,0,1,0,1,Independence,Curiosity,Obedience,Considerate,2,1,1,0,3
1261,Georgia,Liberal,Strongly approve,normal,5b85acef-c561-451d-8537-ab2d272ddc0e,22,Male,"$30,000 to $34,999",White,No,High school graduate,Georgia,High school graduate,"[18,34]",White,"[25,50)",R,3,3,Republican,66,91,46,69,53,81,94,75,72,53,44,70,92,64,43,78,2,3,1,1,0,0,0,1,0,0,Respect for elders,Curiosity,Self-reliance,Considerate,-3,1,0,1,2
1169,New York,Moderate,Strongly disapprove,normal,5b85abd8-3615-4b8e-b2c3-1dd00b22a55f,80,Female,"$55,000 to $59,999",White,No,"Some college, no degree",New York,"Some college, no degree","(64,96]",White,"[50,75)",D,-3,3,Democrat,100,100,1,1,2,100,80,1,17,19,100,19,100,100,100,100,1.5,2,3,2.5,0,0,0,1,0,1,Respect for elders,Good manners,Self-reliance,Considerate,-3,2,1,1,4
1163,Virginia,Slightly conservative,Somewhat disapprove,normal,5b85abc5-40b7-4d87-b1c3-d57fc71cde9a,58,Female,"Less than $14,999",White,No,Associate's degree,Virginia,Associate's degree,"(49,64]",White,"[0,25)",I,0,0,Independent,80,80,18,18,50,61,81,51,80,81,51,17,79,81,49,50,1.5,3,2,2,1,0,0,1,0,0,Respect for elders,Good manners,Obedience,Considerate,2,3,1,0,3
1098,Louisiana,Moderate,Somewhat approve,normal,5b85a8f5-7be2-4cb9-8012-9587f10d5348,52,Female,"$20,000 to $24,999",White,No,Associate's degree,Louisiana,Associate's degree,"(49,64]",White,"[0,25)",I,0,0,Independent,97,74,3,4,53,34,53,51,33,33,67,100,19,35,48,1,1,2,4,3,0,0,0,0,0,1,Respect for elders,Good manners,Obedience,Considerate,3,3,1,0,2
1259,Texas,Conservative,Strongly approve,noincome,5b85ace9-7442-4e3f-8e6e-f57067127e44,33,Female,"$20,000 to $24,999",White,No,High school graduate,Texas,High school graduate,"[18,34]",White,"[0,25)",R,3,3,Republican,17,25,93,72,26,17,23,100,83,43,86,66,53,63,90,72,3,4,3,3,1,0,0,1,0,0,Independence,Good manners,Obedience,Well-behaved,3,3,1,0,3
1212,Arizona,Conservative,Somewhat approve,normal,5b85ac70-2135-4c4e-8067-87d6ae696de3,50,Female,"$100,000 to $124,999",White,No,"Some college, no degree",Arizona,"Some college, no degree","(49,64]",White,"[100,200)",R,3,3,Republican,50,100,0,1,1,0,100,100,0,0,0,100,10,9,0,0,2,3.5,4,1,1,1,1,1,0,1,Respect for elders,Good manners,Obedience,Well-behaved,-2,4,1,0,6
1021,Florida,Moderate,Somewhat approve,noincome,5b85a58c-7232-4507-8e7c-d9e7f3244bc6,52,Female,"$55,000 to $59,999",White,No,Associate's degree,Florida,Associate's degree,"(49,64]",White,"[50,75)",I,0,0,Independent,50,48,4,87,0,100,0,1,88,100,1,0,1,0,100,100,4,2,2,3.5,1,0,1,1,1,1,Respect for elders,Curiosity,Self-reliance,Well-behaved,3,2,0,0,5
1303,Pennsylvania,Extremely conservative,Strongly approve,normal,5b85ad7d-d746-41ff-b72d-4596b2336365,46,Female,"$35,000 to $39,999",White,No,Graduate or professional degree,Pennsylvania,Graduate or professional degree,"(34,49]",White,"[25,50)",R,3,3,Republican,81,51,0,0,26,100,100,51,100,51,51,0,100,100,1,100,1,2.5,1,2.3333333333333335,0,0,0,1,0,1,Respect for elders,Curiosity,Self-reliance,Considerate,3,1,1,0,3
1305,California,Extremely liberal,Strongly approve,normal,5b85ad86-4589-41e5-b8d5-4712a7e2dc34,19,Male,"$30,000 to $34,999",White,No,High school graduate,California,High school graduate,"[18,34]",White,"[25,50)",D,-3,3,Democrat,50,40,65,85,40,50,75,85,40,50,75,85,50,40,75,90,4,4,4,4,1,0,0,0,1,1,Respect for elders,Good manners,Self-reliance,Well-behaved,-3,3,1,0,4
1213,Ohio,Moderate,Strongly disapprove,normal,5b85ac70-3098-40ef-b294-33f2098cf0be,62,Female,"$35,000 to $39,999",White,No,Bachelor's degree,Ohio,Bachelor's degree,"(49,64]",White,"[25,50)",D,-2,2,Democrat,92,92,2,1,50,85,15,2,31,31,61,51,91,92,40,53,1.5,2,3,2,1,1,1,1,1,1,Independence,Good manners,Self-reliance,Considerate,-3,1,0,1,7
1129,Texas,Slightly liberal,Strongly disapprove,noincome,5b85ab2f-3cbb-423a-9130-cf214a763a04,57,Female,"$100,000 to $124,999",White,No,Bachelor's degree,Texas,Bachelor's degree,"(49,64]",White,"[100,200)",D,-3,3,Democrat,92,73,22,29,73,83,67,65,54,52,17,17,48,66,50,32,1,2,1,2,1,1,1,1,1,1,Independence,Curiosity,Self-reliance,Considerate,-3,0,1,1,8
1223,New York,Slightly conservative,Somewhat disapprove,normal,5b85ac93-ab15-4d76-94ce-c1d96bbb001e,32,Female,"$35,000 to $39,999",White,Yes,Graduate or professional degree,New York,Graduate or professional degree,"[18,34]",White,"[25,50)",R,2,2,Republican,59,51,56,60,59,65,61,63,93,90,86,51,57,55,58,63,4,2,1,4,0,0,0,1,0,1,Respect for elders,Good manners,Obedience,Considerate,2,3,1,0,3
1227,Alabama,Liberal,Strongly disapprove,normal,5b85ac97-481c-41ba-a5d7-f1af503535a4,48,Female,"Less than $14,999",Asian *** Filipino,No,High school graduate,Alabama,High school graduate,"(34,49]",Asian or Pacific Islander,"[0,25)",D,-3,3,Democrat,70,73,2,2,100,2,99,41,98,94,1,1,99,99,49,48,2,1,1,1.5,0,1,0,1,0,0,Independence,Curiosity,Self-reliance,Well-behaved,-2,1,0,1,3
1267,Texas,Liberal,Somewhat disapprove,noincome,5b85acfe-2e01-4546-a1cd-5f23e294bc8e,40,Female,"Less than $14,999",Asian *** Asian Indian,No,Bachelor's degree,Texas,Bachelor's degree,"(34,49]",Asian or Pacific Islander,"[0,25)",I,0,0,Independent,100,100,3,1,70,100,90,100,2,4,2,99,80,82,100,100,1.5,3,4,3.5,0,0,0,0,1,1,Independence,Curiosity,Self-reliance,Considerate,0,0,1,0,3
1164,Illinois,Conservative,Strongly approve,normal,5b85abc5-4f81-4c83-815f-2ef5eb2cba6f,40,Female,"$85,000 to $89,999",White,No,Bachelor's degree,Illinois,Bachelor's degree,"(34,49]",White,"[75,100)",R,3,3,Republican,31,18,16,2,1,1,100,1,51,74,100,2,2,1,100,100,1,3,3,3.5,0,0,0,1,0,0,Respect for elders,Curiosity,Self-reliance,Considerate,-3,1,0,0,1
1160,Massachusetts,Liberal,Strongly disapprove,normal,5b85abab-936c-41ce-8c0f-73575e6799f0,57,Female,"Less than $14,999",White,No,"Some college, no degree",Massachusetts,"Some college, no degree","(49,64]",White,"[0,25)",D,-1,1,Democrat,73,48,10,11,61,100,4,5,100,100,45,5,100,100,100,100,1,2,1.5,2.5,1,1,1,1,1,1,Respect for elders,Good manners,Self-reliance,Well-behaved,-1,3,1,1,8
1270,Texas,Conservative,Strongly approve,noincome,5b85ad03-321e-4371-9779-543b3c744c3b,38,Male,"$15,000 to $19,999",White,No,High school graduate,Texas,High school graduate,"(34,49]",White,"[0,25)",D,-2,2,Democrat,91,86,10,7,22,68,41,5,28,26,94,9,95,80,23,48,1,2,3,1,1,0,0,1,0,0,Respect for elders,Good manners,Self-reliance,Considerate,-1,2,0,1,3
1283,Iowa,Conservative,Strongly approve,normal,5b85ad25-82bf-4169-9128-249285728487,28,Male,"$55,000 to $59,999",White,No,"Some college, no degree",Iowa,"Some college, no degree","[18,34]",White,"[50,75)",I,0,0,Independent,94,86,1,2,2,53,93,12,2,2,57,4,1,1,88,97,1,3,3,4,0,0,0,1,0,1,Respect for elders,Good manners,Obedience,Well-behaved,-3,4,1,0,3
1149,New Hampshire,Moderate,Somewhat disapprove,"noincome,nosales",5b85ab92-bca2-493e-a244-7cf6ae69ce6a,62,Female,"$35,000 to $39,999",White,No,"Some college, no degree",New Hampshire,"Some college, no degree","(49,64]",White,"[25,50)",I,0,0,Independent,81,51,2,3,50,99,50,2,100,50,48,0,100,100,100,2,1,2,1,2,1,0,0,1,0,1,Respect for elders,Good manners,Self-reliance,Considerate,-3,2,1,0,4
1254,Kentucky,Moderate,Somewhat disapprove,normal,5b85acd4-e6ef-4ab3-9c7e-90e81b149442,31,Female,"$100,000 to $124,999",White,No,Associate's degree,Kentucky,Associate's degree,"[18,34]",White,"[100,200)",D,-3,3,Democrat,65,69,33,21,50,60,52,51,50,64,65,43,54,53,80,86,2,2,3,4,0,0,0,0,0,1,Independence,Good manners,Obedience,Considerate,-1,2,1,0,2
1151,Washington,Liberal,Strongly disapprove,noincome,5b85ab99-f37c-4f53-902c-79ae748c5ef0,61,Male,"$200,000 to $249,999","Black, or African American",No,Graduate or professional degree,Washington,Graduate or professional degree,"(49,64]",Black,"[200,201)",D,-2,2,Democrat,78,82,0,0,5,98,1,2,1,3,100,3,1,2,100,100,2,2,3,3.5,1,0,0,1,1,1,Independence,Curiosity,Self-reliance,Considerate,-3,0,1,0,5
937,Pennsylvania,Conservative,Strongly disapprove,normal,5b85a306-1b1f-4533-9ca0-e89d101529bd,79,Female,"$60,000 to $64,999",White,No,"Some college, no degree",Pennsylvania,"Some college, no degree","(64,96]",White,"[50,75)",R,2,2,Republican,52,71,11,4,22,70,50,21,15,28,61,7,61,61,26,27,2,2,3,1.5,1,1,1,1,1,1,Respect for elders,Good manners,Self-reliance,Well-behaved,2,3,1,1,8
1140,Utah,Conservative,Somewhat approve,normal,5b85ab59-c8cd-49f9-bb26-430581416b0e,27,Female,"Less than $14,999",White,No,High school graduate,Utah,High school graduate,"[18,34]",White,"[0,25)",R,3,3,Republican,100,70,1,1,10,100,10,10,1,1,100,1,70,70,25,25,1,2,3,1.5,0,0,0,1,0,1,Respect for elders,Good manners,Obedience,Considerate,-2,3,1,0,3
1210,Iowa,Conservative,Somewhat approve,normal,5b85ac66-598f-4445-a137-b6f780e13afa,56,Female,"$35,000 to $39,999",White,No,Bachelor's degree,Iowa,Bachelor's degree,"(49,64]",White,"[25,50)",R,2,2,Republican,55,59,11,56,22,15,88,51,25,24,78,2,54,71,52,50,2,3,3,2,0,0,0,1,0,1,Respect for elders,Good manners,Obedience,Considerate,3,3,1,1,4
1219,Texas,Conservative,Strongly approve,noincome,5b85ac86-746c-45a0-965b-e674800a43d8,62,Female,"$25,000 to $29,999",White,No,High school graduate,Texas,High school graduate,"(49,64]",White,"[25,50)",R,3,3,Republican,29,51,52,3,2,99,99,98,3,71,72,73,2,2,3,3,3,2.5,4,3.5,0,0,0,1,1,1,Respect for elders,Curiosity,Self-reliance,Considerate,-3,1,1,0,4
1277,New York,Moderate,Strongly disapprove,normal,5b85ad0d-2ff1-47aa-9cfb-685f8565195d,66,Male,"$70,000 to $74,999",White,No,Graduate or professional degree,New York,Graduate or professional degree,"(64,96]",White,"[50,75)",D,-3,3,Democrat,53,92,3,6,30,84,25,3,72,85,85,20,72,73,7,5,2,2,2.5,2,1,1,1,1,1,1,Respect for elders,Good manners,Self-reliance,Well-behaved,3,3,1,1,8
1216,Iowa,Slightly conservative,Somewhat approve,normal,5b85ac76-64ab-42e6-ba89-576c6730e44c,61,Female,"$25,000 to $29,999",White,No,"Some college, no degree",Iowa,"Some college, no degree","(49,64]",White,"[25,50)",R,2,2,Republican,42,36,48,38,11,64,37,61,4,3,66,4,65,65,30,15,3,2,3,1.5,1,1,0,1,0,1,Independence,Curiosity,Self-reliance,Considerate,-3,0,1,0,5
1156,Illinois,Slightly liberal,Strongly disapprove,normal,5b85aba5-03eb-4f62-b3ec-1c309dae7369,32,Female,"$25,000 to $29,999",White,No,"Some college, no degree",Illinois,"Some college, no degree","[18,34]",White,"[25,50)",D,-2,2,Democrat,63,100,0,1,68,96,0,0,98,48,5,0,82,75,0,1,2,2,1,1,1,0,0,1,0,1,Independence,Good manners,Obedience,Considerate,-2,2,1,0,4
1240,California,Liberal,Strongly disapprove,normal,5b85acb8-87b3-42ad-9ada-82f2b7bfa31e,19,Female,"$15,000 to $19,999",White,No,High school graduate,California,High school graduate,"[18,34]",White,"[0,25)",D,-3,3,Democrat,96,67,5,5,53,85,40,40,21,10,88,15,85,82,5,9,1,2,3,1,1,0,1,1,0,1,Independence,Good manners,Self-reliance,Well-behaved,-2,2,1,1,6
1011,California,Liberal,Strongly disapprove,normal,5b85a551-22d0-4052-aa05-a56773539a70,72,Female,"$40,000 to $44,999",White,No,Associate's degree,California,Associate's degree,"(64,96]",White,"[25,50)",D,-3,3,Democrat,12,9,49,60,9,9,47,49,54,78,83,22,17,11,49,75,4,4,3,4,1,0,0,1,1,1,Respect for elders,Good manners,Self-reliance,Considerate,-3,2,1,0,5
1118,Tennessee,Moderate,Somewhat disapprove,noincome,5b85aa69-39fe-4e33-ace6-ae114d3dc6d3,63,Female,"$60,000 to $64,999",White,No,Associate's degree,Tennessee,Associate's degree,"(49,64]",White,"[50,75)",R,2,2,Republican,76,77,7,2,19,50,79,14,77,77,34,5,77,78,69,87,2,3,1.5,4,1,1,0,1,0,0,Respect for elders,Good manners,Obedience,Well-behaved,3,4,1,0,4
1193,Arkansas,Moderate,Strongly disapprove,normal,5b85ac39-71f3-4b9c-bbce-6509dc88e5da,56,Female,"$50,000 to $54,999",White,No,Bachelor's degree,Arkansas,Bachelor's degree,"(49,64]",White,"[50,75)",D,-3,3,Democrat,95,96,11,9,83,92,96,96,96,99,86,4,52,69,90,57,2,3.5,2,3,1,0,0,0,1,1,Respect for elders,Good manners,Self-reliance,Considerate,-3,2,0,1,4
1177,New York,Liberal,Strongly disapprove,normal,5b85abf1-ac9e-41b3-b183-85d7cd53ca71,74,Female,"Less than $14,999",White,No,"Some college, no degree",New York,"Some college, no degree","(64,96]",White,"[0,25)",D,-3,3,Democrat,89,55,17,12,82,86,50,34,97,12,11,6,84,85,81,83,1,2,1,2,1,1,0,1,0,1,Respect for elders,Curiosity,Self-reliance,Considerate,-3,1,1,0,5
1154,Indiana,Extremely conservative,Strongly approve,normal,5b85aba1-77d4-4d0f-8a21-882d723af448,67,Female,"$75,000 to $79,999",White,No,Associate's degree,Indiana,Associate's degree,"(64,96]",White,"[75,100)",R,3,3,Republican,26,23,79,80,84,86,52,54,92,92,13,94,49,47,72,78,4,2,4,4,1,1,0,1,0,1,Respect for elders,Good manners,Obedience,Well-behaved,2,4,1,0,5
1186,New Hampshire,Slightly conservative,Somewhat disapprove,"noincome,nosales",5b85ac17-7bcb-4c60-9633-a9055cdfaef6,61,Male,"$45,000 to $49,999",White,No,"Some college, no degree",New Hampshire,"Some college, no degree","(49,64]",White,"[25,50)",R,2,2,Republican,94,96,29,20,50,95,52,51,93,52,93,1,49,47,71,54,2,2,2,3,0,0,0,0,0,1,Respect for elders,Good manners,Obedience,Considerate,0,3,1,0,2
1201,Oklahoma,Moderate,Somewhat approve,normal,5b85ac48-531b-42de-a0b1-476a68daf0a8,77,Male,"$250,000 and above",White,No,Bachelor's degree,Oklahoma,Bachelor's degree,"(64,96]",White,NA,I,0,0,Independent,91,93,1,1,100,100,50,1,100,1,1,1,1,1,50,100,2,1.5,1,4,0,0,0,1,1,1,Respect for elders,Curiosity,Obedience,Considerate,3,2,1,1,5
1198,Washington,Moderate,Strongly disapprove,noincome,5b85ac44-fb89-414d-a155-4427e6d36443,56,Female,"$40,000 to $44,999",White,No,High school graduate,Washington,High school graduate,"(49,64]",White,"[25,50)",I,0,0,Independent,83,85,7,8,3,98,3,2,3,13,96,55,92,92,70,21,2,2,3,1.5,0,0,1,1,0,1,Respect for elders,Good manners,Obedience,Considerate,-3,3,1,0,4
1189,Wisconsin,Slightly liberal,Strongly disapprove,normal,5b85ac20-5561-44e4-be41-e0e887082e84,51,Female,"$15,000 to $19,999",White,No,Bachelor's degree,Wisconsin,Bachelor's degree,"(49,64]",White,"[0,25)",D,-2,2,Democrat,83,90,0,0,91,97,1,1,100,63,35,1,100,100,3,5,2,2,1,1.5,1,0,0,1,0,1,Respect for elders,Good manners,Self-reliance,Considerate,-3,2,1,0,4
1273,Texas,Moderate,Strongly disapprove,noincome,5b85ad04-ac1c-4a62-b549-f0be39be8114,43,Female,"$65,000 to $69,999","Black, or African American",No,Bachelor's degree,Texas,Bachelor's degree,"(34,49]",Black,"[50,75)",D,-3,3,Democrat,94,97,2,3,53,70,29,19,51,77,77,12,81,90,72,19,2,2,2.5,2,1,0,1,1,0,1,Respect for elders,Good manners,Self-reliance,Well-behaved,0,3,1,1,6
1172,Illinois,Moderate,Somewhat approve,normal,5b85abdb-a265-4940-8719-d0a5a08ba1b3,69,Female,"Less than $14,999",White,No,High school graduate,Illinois,High school graduate,"(64,96]",White,"[0,25)",R,3,3,Republican,18,60,24,19,7,46,90,23,19,14,97,8,81,93,19,76,2,3,3,2,1,0,0,1,0,0,Respect for elders,Good manners,Obedience,Considerate,-2,3,1,0,3
1141,Ohio,Conservative,Somewhat disapprove,normal,5b85ab70-a3c2-46bc-9eba-803e476fb0ea,56,Female,"$15,000 to $19,999",White,No,Did not complete high school,Ohio,Did not complete high school,"(49,64]",White,"[0,25)",R,1,1,Republican,32,22,2,2,1,3,100,97,1,2,50,30,67,65,18,97,1,3,3,4,1,1,1,1,0,1,Respect for elders,Good manners,Obedience,Well-behaved,0,4,1,0,6
1297,Florida,Moderate,Strongly approve,noincome,5b85ad64-9d67-4ab3-95c3-f85c6d0dc5aa,75,Female,"$45,000 to $49,999",White,No,Graduate or professional degree,Florida,Graduate or professional degree,"(64,96]",White,"[25,50)",R,3,3,Republican,73,70,6,7,96,96,97,99,2,4,51,98,3,3,51,51,1,4,4,3.5,1,1,1,1,1,1,Respect for elders,Good manners,Self-reliance,Well-behaved,3,3,1,1,8
1245,Florida,Liberal,Strongly disapprove,noincome,5b85acc0-22c2-45b4-93a1-280aeb6d8b00,42,Female,"$45,000 to $49,999",White,No,"Some college, no degree",Florida,"Some college, no degree","(34,49]",White,"[25,50)",D,-1,1,Democrat,98,98,3,3,51,51,49,22,97,75,3,1,4,3,98,99,1.5,1.5,1,4,1,1,1,1,0,1,Independence,Curiosity,Self-reliance,Considerate,3,0,1,1,7
1143,Virginia,Slightly liberal,Strongly disapprove,normal,5b85ab82-acca-4180-9b26-4e4d117921cb,32,Female,"$80,000 to $84,999",White,No,Bachelor's degree,Virginia,Bachelor's degree,"[18,34]",White,"[75,100)",D,-1,1,Democrat,100,99,1,1,70,82,1,1,92,100,47,1,100,100,1,1,1,2,2,1.5,1,0,1,1,0,1,Independence,Curiosity,Self-reliance,Considerate,3,0,1,1,6
1054,Connecticut,Moderate,Somewhat approve,normal,5b85a653-d3f5-43eb-977f-3dd1686f4232,86,Female,"$30,000 to $34,999",White,No,High school graduate,Connecticut,High school graduate,"(64,96]",White,"[25,50)",R,2,2,Republican,71,71,2,3,41,70,45,52,49,70,41,31,47,49,52,66,1.5,2,2,4,0,0,0,1,0,1,Respect for elders,Good manners,Self-reliance,Well-behaved,3,3,1,0,3
1308,Oregon,Liberal,Strongly disapprove,normal,5b85ad97-a8fa-40d5-8095-3968419cc957,56,Female,"$125,000 to $149,999",Some other race,No,"Some college, no degree",Oregon,"Some college, no degree","(49,64]",Other,"[100,200)",D,-1,1,Democrat,77,59,1,1,100,75,5,1,40,100,27,0,100,100,7,0,1,1,2,1.5,1,1,1,1,0,1,Independence,Good manners,Self-reliance,Considerate,-3,1,1,1,7
1167,Wisconsin,Liberal,Strongly disapprove,normal,5b85abcb-1632-47fe-97f4-a073bf7a0a17,66,Male,"$45,000 to $49,999",White,No,"Some college, no degree",Wisconsin,"Some college, no degree","(64,96]",White,"[25,50)",D,-3,3,Democrat,100,80,1,1,1,1,1,1,100,99,1,1,100,100,1,1,1,2.5,1,1.5,0,0,1,1,1,1,Independence,Curiosity,Self-reliance,Considerate,3,0,1,0,5
1275,Rhode Island,Moderate,Strongly approve,normal,5b85ad06-3e3f-4df0-bcaf-122f36298c56,63,Female,"$25,000 to $29,999",White,No,Associate's degree,Rhode Island,Associate's degree,"(49,64]",White,"[25,50)",I,0,0,Independent,53,99,3,4,57,100,99,49,3,1,98,2,72,72,27,99,2,2,3,4,0,0,0,1,0,1,Independence,Good manners,Self-reliance,Considerate,-3,1,1,0,3
1262,Delaware,Moderate,Strongly disapprove,normal,5b85acf0-86ad-439c-90f5-928174e22268,60,Female,"$15,000 to $19,999",White,No,Did not complete high school,Delaware,Did not complete high school,"(49,64]",White,"[0,25)",D,-2,2,Democrat,50,50,50,50,0,100,100,50,100,1,0,0,100,100,0,50,2.5,2.5,1,1.5,0,0,0,1,0,1,Respect for elders,Good manners,Obedience,Considerate,0,3,NA,0,NA
1235,Louisiana,Moderate,Somewhat approve,normal,5b85acae-97f1-4429-b270-fcb49384cc9c,48,Female,"$80,000 to $84,999",White,No,Bachelor's degree,Louisiana,Bachelor's degree,"(34,49]",White,"[75,100)",R,2,2,Republican,63,92,2,4,2,2,95,89,73,98,11,5,96,96,71,96,2,3,2,2.3333333333333335,0,0,0,1,0,1,Independence,Curiosity,Self-reliance,Considerate,2,0,0,0,2
1310,New Jersey,Slightly liberal,Strongly disapprove,normal,5b85adba-c7c1-4e8d-aff0-d6e6591e5e0f,49,Female,"Less than $14,999",White,Yes,Graduate or professional degree,New Jersey,Graduate or professional degree,"(34,49]",White,"[0,25)",D,-2,2,Democrat,58,36,70,45,39,60,19,75,51,51,43,32,47,24,55,40,3,4,1.5,3,1,1,0,1,0,0,Independence,Good manners,Obedience,Considerate,-2,2,0,1,4
1146,Pennsylvania,Moderate,Strongly disapprove,normal,5b85ab90-85b0-46ad-8b43-77800627020c,48,Female,"$45,000 to $49,999",White,No,Graduate or professional degree,Pennsylvania,Graduate or professional degree,"(34,49]",White,"[25,50)",D,-3,3,Democrat,93,85,1,1,52,71,85,25,1,1,94,1,30,30,89,92,1,3,3,4,1,0,0,1,0,1,Respect for elders,Good manners,Obedience,Considerate,2,3,0,0,3
1047,Ohio,Conservative,Strongly approve,normal,5b85a611-9a32-47f0-bc47-b6093b4e5a4d,69,Female,"$75,000 to $79,999",White,No,High school graduate,Ohio,High school graduate,"(64,96]",White,"[75,100)",R,3,3,Republican,26,12,50,31,0,0,100,77,100,76,9,0,15,53,77,64,3,3,1,3,1,1,1,1,1,1,Respect for elders,Good manners,Obedience,Considerate,3,3,1,0,7
1197,Texas,Slightly conservative,Somewhat approve,noincome,5b85ac42-21be-4b5d-b5ff-ce5534b4c872,40,Female,"$30,000 to $34,999",Some other race,Yes,"Some college, no degree",Texas,"Some college, no degree","(34,49]",Other,"[25,50)",R,2,2,Republican,98,98,3,1,3,4,95,95,97,97,3,2,1,5,97,97,1.5,3.5,1.5,3.5,1,0,0,1,0,1,Respect for elders,Good manners,Obedience,Well-behaved,-2,4,1,0,4
1278,Florida,Moderate,Somewhat disapprove,noincome,5b85ad0e-8646-4373-8568-8300c43db728,33,Female,"$50,000 to $54,999",White,No,"Some college, no degree",Florida,"Some college, no degree","[18,34]",White,"[50,75)",I,0,0,Independent,100,100,2,0,75,100,27,0,100,68,20,6,50,48,48,72,1.5,2,1,4,0,0,0,1,0,0,Respect for elders,Good manners,Self-reliance,Considerate,-3,2,1,0,2
1188,Tennessee,Conservative,Strongly approve,noincome,5b85ac1f-8b47-4ea4-813d-e4107af43177,60,Female,"Less than $14,999",White,No,"Some college, no degree",Tennessee,"Some college, no degree","(49,64]",White,"[0,25)",R,3,3,Republican,65,5,4,5,6,94,78,4,1,3,2,98,5,2,87,35,1,2,4,3,1,1,1,1,1,1,Independence,Curiosity,Self-reliance,Considerate,3,0,1,1,8
1192,New York,Moderate,Somewhat approve,normal,5b85ac36-ac2d-4e2d-85ef-a1379695f2fd,84,Male,"$65,000 to $69,999",White,No,Graduate or professional degree,New York,Graduate or professional degree,"(64,96]",White,"[50,75)",I,0,0,Independent,62,30,9,1,81,52,54,53,1,32,100,1,50,49,9,17,1,1,3,1,0,1,0,1,1,1,Respect for elders,Good manners,Self-reliance,Considerate,-3,2,1,1,6
1288,South Carolina,Extremely liberal,Somewhat approve,normal,5b85ad34-eafa-4a56-b0ad-bb95a22882a8,28,Female,"Less than $14,999","Black, or African American",No,High school graduate,South Carolina,High school graduate,"[18,34]",Black,"[0,25)",D,-2,2,Democrat,99,100,4,4,5,2,100,95,100,55,61,100,90,89,98,94,2,3,2.5,3,0,0,0,0,0,0,Independence,Good manners,Obedience,Considerate,0,2,0,0,0
1222,Florida,Conservative,Strongly approve,noincome,5b85ac91-e957-49bd-8a4f-871ebce52deb,56,Female,"$15,000 to $19,999",White,No,Did not complete high school,Florida,Did not complete high school,"(49,64]",White,"[0,25)",R,3,3,Republican,81,32,1,1,1,1,100,71,1,100,1,1,82,82,53,1,1,3,2,1.5,1,1,1,1,1,1,Respect for elders,Good manners,Obedience,Well-behaved,3,4,1,0,7
1241,Arkansas,Extremely liberal,Strongly disapprove,normal,5b85acb9-97b3-4583-97f3-7218ec7bbca1,53,Male,"$20,000 to $24,999",White,No,High school graduate,Arkansas,High school graduate,"(49,64]",White,"[0,25)",D,-3,3,Democrat,100,51,1,1,99,100,0,0,18,100,16,100,43,76,25,29,1,2,3,2,0,1,1,1,1,1,Independence,Curiosity,Self-reliance,Considerate,3,0,1,1,7
991,Massachusetts,Moderate,Strongly disapprove,normal,5b85a4bc-9934-458f-b300-83af05bf1445,57,Female,"$35,000 to $39,999",White,No,Graduate or professional degree,Massachusetts,Graduate or professional degree,"(49,64]",White,"[25,50)",I,0,0,Independent,70,50,40,0,50,50,0,0,90,100,10,0,10,50,50,50,1,1.5,2,3,1,1,1,1,1,1,Independence,Curiosity,Self-reliance,Considerate,-3,0,1,1,8
1205,Massachusetts,Slightly liberal,Strongly disapprove,normal,5b85ac53-1326-4932-80ee-8566da1e0490,68,Female,"$25,000 to $29,999",White,No,High school graduate,Massachusetts,High school graduate,"(64,96]",White,"[25,50)",D,-1,1,Democrat,91,89,5,1,80,80,29,32,51,62,50,2,94,93,13,2,1,1.5,2,1,1,0,1,1,1,1,Independence,Curiosity,Self-reliance,Considerate,3,0,1,0,6
1173,Florida,Moderate,Somewhat disapprove,noincome,5b85abdf-0419-4892-be57-e56a4bdcc64c,71,Female,"Less than $14,999",White,No,"Some college, no degree",Florida,"Some college, no degree","(64,96]",White,"[0,25)",D,-3,3,Democrat,64,66,5,3,20,83,18,21,40,43,91,6,72,70,57,39,2,2,3,1,0,0,0,1,0,0,Respect for elders,Good manners,Obedience,Considerate,-2,3,1,1,3
578,Pennsylvania,Extremely liberal,Strongly disapprove,normal,5b859db1-f867-4d2c-bab1-507fae729ff2,49,Female,"$95,000 to $99,999",White,No,Bachelor's degree,Pennsylvania,Bachelor's degree,"(34,49]",White,"[75,100)",D,-3,3,Democrat,66,100,2,2,40,78,85,3,66,87,65,8,100,100,40,4,2,3,2,1.5,0,0,0,1,0,1,Independence,Curiosity,Self-reliance,Considerate,-2,0,1,0,3
1238,New Hampshire,Moderate,Strongly disapprove,"noincome,nosales",5b85acb2-f0f7-4c81-b0e5-97d14b165833,59,Female,"$30,000 to $34,999",White,No,High school graduate,New Hampshire,High school graduate,"(49,64]",White,"[25,50)",D,-1,1,Democrat,40,100,NA,NA,100,100,2,2,5,87,3,3,100,100,0,NA,NA,1.5,2,NA,1,0,0,1,0,1,Respect for elders,Good manners,Obedience,Considerate,3,3,1,0,4
1292,North Carolina,Moderate,Somewhat approve,normal,5b85ad43-2b9b-4f56-a565-dd4e8ad403f9,70,Female,"$70,000 to $74,999",White,No,Associate's degree,North Carolina,Associate's degree,"(64,96]",White,"[50,75)",R,2,2,Republican,75,54,1,1,50,1,100,51,100,49,1,1,100,100,35,33,1,3,1,1.5,1,0,0,1,0,1,Respect for elders,Curiosity,Self-reliance,Considerate,0,1,0,0,3
1218,Florida,Liberal,Strongly disapprove,noincome,5b85ac85-7032-4f13-b798-bd0cf3de519d,65,Female,"$45,000 to $49,999",White,No,High school graduate,Florida,High school graduate,"(64,96]",White,"[25,50)",D,-3,3,Democrat,72,88,0,0,81,80,0,0,100,79,49,0,71,74,83,84,2,1,1,4,1,1,1,1,0,1,Independence,Curiosity,Self-reliance,Considerate,3,0,1,0,6
1279,Illinois,Moderate,Somewhat approve,normal,5b85ad12-5603-49b6-88f8-fec81b410368,59,Male,"$85,000 to $89,999",White,Yes,Associate's degree,Illinois,Associate's degree,"(49,64]",White,"[75,100)",I,0,0,Independent,71,50,6,3,80,11,90,43,76,76,68,1,68,68,70,97,1,3,1.5,4,1,0,0,1,0,0,Respect for elders,Good manners,Obedience,Considerate,0,3,0,0,2
1242,Tennessee,Moderate,Somewhat disapprove,noincome,5b85acbb-f4cb-42ea-8850-53b029520bb5,24,Female,"$65,000 to $69,999",White,No,Graduate or professional degree,Tennessee,Graduate or professional degree,"[18,34]",White,"[50,75)",R,2,2,Republican,100,70,0,0,20,100,1,1,80,100,32,0,80,60,82,100,1,2,2,4,0,0,1,1,1,1,Respect for elders,Good manners,Obedience,Considerate,-1,3,1,0,5
1229,Florida,Moderate,Strongly disapprove,noincome,5b85ac98-3fa3-46b9-9531-270d5277575e,73,Male,"$55,000 to $59,999",White,No,"Some college, no degree",Florida,"Some college, no degree","(64,96]",White,"[50,75)",R,2,2,Republican,31,33,46,58,19,36,47,25,45,50,56,33,26,39,78,53,4,3,3,3,0,0,0,1,1,1,Independence,Curiosity,Obedience,Well-behaved,1,2,1,0,4
1265,North Carolina,Moderate,Strongly disapprove,normal,5b85acf9-e977-413f-b02e-6b7d220c3cd7,22,Female,"$20,000 to $24,999",White,No,"Some college, no degree",North Carolina,"Some college, no degree","[18,34]",White,"[0,25)",D,-3,3,Democrat,10,92,65,53,72,88,35,51,99,53,14,28,39,54,81,52,2,2,1,3,1,1,0,1,0,1,Independence,Curiosity,Obedience,Considerate,-1,1,0,0,4
1306,Ohio,Moderate,Somewhat disapprove,normal,5b85ad88-d80d-4a09-9395-a1ec50cd9bc0,18,Female,"$75,000 to $79,999",White,No,High school graduate,Ohio,High school graduate,"[18,34]",White,"[75,100)",D,-1,1,Democrat,70,70,3,0,60,93,18,8,40,82,50,0,0,0,50,11,1.5,2,2,3,0,1,1,1,0,1,Independence,Good manners,Self-reliance,Considerate,-2,1,1,0,5
1260,Indiana,Liberal,Strongly disapprove,normal,5b85acea-4f2f-4233-9c72-4fc18e9d71a2,18,Female,"$20,000 to $24,999","Black, or African American",No,Associate's degree,Indiana,Associate's degree,"[18,34]",Black,"[0,25)",D,-3,3,Democrat,100,65,0,0,0,65,0,0,25,100,25,0,50,50,50,50,1,2,2,2.5,1,0,1,1,1,1,Independence,Curiosity,Self-reliance,Considerate,3,0,1,1,7
737,North Carolina,Moderate,Somewhat disapprove,normal,5b859f7c-3642-43f7-9605-aa336ca4cd8f,54,Male,"$175,000 to $199,999",White,No,Bachelor's degree,North Carolina,Bachelor's degree,"(49,64]",White,"[100,200)",I,0,0,Independent,93,94,2,1,9,6,71,73,1,1,100,1,58,52,78,1,2,4,3,3,0,0,0,1,0,1,Respect for elders,Good manners,Obedience,Considerate,-3,3,0,1,3
1301,Florida,Moderate,Somewhat approve,noincome,5b85ad70-81df-4e51-8138-c05bbd035326,63,Male,"$100,000 to $124,999",White,No,Bachelor's degree,Florida,Bachelor's degree,"(49,64]",White,"[100,200)",D,-1,1,Democrat,100,100,1,1,1,1,25,1,100,100,1,1,100,100,50,50,1.5,3,1.5,1.5,1,0,0,1,0,1,Respect for elders,Good manners,Obedience,Well-behaved,3,4,1,0,4
1290,Georgia,Moderate,Strongly disapprove,normal,5b85ad3c-e3da-4381-95e6-dbb5de0a1f1b,40,Female,"$15,000 to $19,999","Black, or African American",No,"Some college, no degree",Georgia,"Some college, no degree","(34,49]",Black,"[0,25)",I,0,0,Independent,36,21,100,100,100,100,17,16,10,35,79,100,14,21,63,69,3.5,1.5,4,4,1,1,1,1,0,1,Respect for elders,Good manners,Obedience,Well-behaved,3,4,1,1,7
1162,Florida,Conservative,Strongly approve,noincome,5b85abb9-1bff-4994-acf8-da81edc7c2f4,76,Female,"$20,000 to $24,999",White,No,High school graduate,Florida,High school graduate,"(64,96]",White,"[0,25)",R,3,3,Republican,50,75,1,1,1,1,100,52,1,1,50,50,1,51,50,50,2,3,3.5,2,1,1,1,1,1,1,Respect for elders,Good manners,Obedience,Well-behaved,3,4,1,1,8
1276,Mississippi,Moderate,Somewhat approve,normal,5b85ad0b-a9ea-419c-99ec-eaceffeccbb1,41,Female,"Less than $14,999",White,No,High school graduate,Mississippi,High school graduate,"(34,49]",White,"[0,25)",I,0,0,Independent,100,100,0,0,0,100,100,100,59,51,100,0,1,2,100,100,1.5,3,3,3.5,0,0,0,0,0,1,Respect for elders,Good manners,Self-reliance,Well-behaved,3,3,0,0,1
1132,California,Liberal,Somewhat disapprove,normal,5b85ab40-0774-4efc-b385-3d218f8bc1d4,43,Female,"$35,000 to $39,999",White,No,Bachelor's degree,California,Bachelor's degree,"(34,49]",White,"[25,50)",D,-2,2,Democrat,68,92,21,19,95,25,23,20,98,27,26,92,98,93,81,18,2,1,1,1,1,1,1,1,1,1,Respect for elders,Good manners,Obedience,Well-behaved,-3,4,0,1,7
1313,Maine,Extremely liberal,Strongly disapprove,normal,5b85ae03-05bb-48eb-bb26-5a65e17da7c3,36,Male,"$45,000 to $49,999",White,No,High school graduate,Maine,High school graduate,"(34,49]",White,"[25,50)",D,-1,1,Democrat,18,100,0,0,100,53,0,0,50,100,20,0,100,100,0,0,2,1,2,1.5,0,0,1,1,0,1,Respect for elders,Good manners,Self-reliance,Well-behaved,3,3,1,0,4
1323,Illinois,Extremely liberal,Strongly disapprove,normal,5b85ae73-1384-4f43-bcf0-44e49234ef63,33,Female,"$45,000 to $49,999",Asian *** Filipino,Prefer not to answer,"Some college, no degree",Illinois,"Some college, no degree","[18,34]",Asian or Pacific Islander,"[25,50)",D,-3,3,Democrat,100,99,10,12,100,100,36,13,4,6,4,100,14,16,17,19,1,1.5,4,4,1,0,0,1,0,0,Independence,Curiosity,Self-reliance,Considerate,0,0,0,0,2
1134,Louisiana,Moderate,Strongly approve,normal,5b85ab48-90d2-4c40-80a3-db5937e3ffa1,70,Female,"$125,000 to $149,999",White,No,Graduate or professional degree,Louisiana,Graduate or professional degree,"(64,96]",White,"[100,200)",D,-2,2,Democrat,50,100,0,0,100,50,100,45,80,10,6,10,20,100,100,100,2,2,1,3,0,0,0,1,1,1,Respect for elders,Good manners,Obedience,Considerate,-2,3,1,0,4
1293,Arizona,Slightly liberal,Strongly disapprove,normal,5b85ad48-80b4-47cf-a715-e679b5e5dc4f,70,Female,"$15,000 to $19,999",White,No,High school graduate,Arizona,High school graduate,"(64,96]",White,"[0,25)",I,0,0,Independent,81,68,2,2,40,78,54,5,8,6,77,2,97,99,47,48,1,2,3,2,1,1,1,1,0,1,Respect for elders,Curiosity,Self-reliance,Considerate,2,1,1,0,6
NA,Pennsylvania,Moderate,Somewhat disapprove,normal,5b85acc7-6f37-4be9-8043-bd6426e3cb56,39,Male,"$15,000 to $19,999",White,No,High school graduate,Pennsylvania,High school graduate,"(34,49]",White,"[0,25)",D,-2,2,Democrat,94,94,5,4,85,7,8,8,90,91,5,100,7,10,100,100,1.5,1,4,3.5,1,0,1,0,1,1,Respect for elders,Good manners,Obedience,Well-behaved,-3,4,0,0,4
1296,California,Slightly liberal,Somewhat disapprove,normal,5b85ad63-8938-4bab-9e7b-25904a314012,38,Female,Prefer not to answer,White,No,Associate's degree,California,Associate's degree,"(34,49]",White,NA,R,1,1,Republican,99,99,1,1,8,73,5,5,55,76,11,3,64,72,35,1,1.5,2,2,2,1,0,1,1,1,1,Independence,Good manners,Self-reliance,Well-behaved,2,2,0,0,5
391,California,Extremely liberal,Strongly disapprove,normal,5b859a93-ee09-45c9-a3ef-a902293b0eab,52,Female,"$35,000 to $39,999",White,No,High school graduate,California,High school graduate,"(49,64]",White,"[25,50)",D,-3,3,Democrat,97,86,3,4,97,50,2,1,70,44,27,2,100,99,6,6,1,1,1,1,1,1,1,1,0,1,Independence,Curiosity,Self-reliance,Considerate,-2,0,1,0,6
1175,Texas,Slightly conservative,Somewhat approve,noincome,5b85abef-4d0d-4b46-ab12-80fa23340b5e,69,Female,"$30,000 to $34,999",Asian *** Filipino,No,"Some college, no degree",Texas,"Some college, no degree","(64,96]",Asian or Pacific Islander,"[25,50)",R,2,2,Republican,80,92,20,1,80,100,80,20,80,80,80,0,1,1,0,0,2,2,2,1.5,1,1,1,1,1,1,Respect for elders,Good manners,Self-reliance,Considerate,3,2,1,1,8
1312,New York,Slightly liberal,Strongly disapprove,normal,5b85ade5-2d21-4823-af16-87fb39388eaf,67,Female,"$25,000 to $29,999",White,No,Graduate or professional degree,New York,Graduate or professional degree,"(64,96]",White,"[25,50)",D,-3,3,Democrat,91,88,2,1,50,96,3,2,99,82,2,0,98,97,1,1,1,2,1,1,1,1,1,1,0,1,Independence,Curiosity,Self-reliance,Considerate,3,0,1,1,7
1226,Alabama,Extremely conservative,Somewhat approve,normal,5b85ac95-93c6-4378-8843-5def031c0225,80,Male,"$30,000 to $34,999",White,No,Bachelor's degree,Alabama,Bachelor's degree,"(64,96]",White,"[25,50)",R,3,3,Republican,51,98,1,1,10,29,81,91,0,0,50,16,22,31,53,51,2,4,3,3,1,1,1,1,0,1,Respect for elders,Curiosity,Self-reliance,Considerate,3,1,1,0,6
1170,Illinois,Moderate,Somewhat approve,normal,5b85abd9-14b8-47cb-b4e7-fd5fec782b05,84,Female,"$30,000 to $34,999",White,No,"Some college, no degree",Illinois,"Some college, no degree","(64,96]",White,"[25,50)",R,1,1,Republican,20,1,51,1,19,98,99,0,11,9,99,2,62,80,48,1,3,3,3,2,1,0,0,1,0,1,Respect for elders,Good manners,Obedience,Well-behaved,3,4,0,0,3
1302,Ohio,Liberal,Strongly disapprove,normal,5b85ad71-ebd4-482f-9f04-fc1643410697,74,Female,"$30,000 to $34,999",White,No,"Some college, no degree",Ohio,"Some college, no degree","(64,96]",White,"[25,50)",D,-3,3,Democrat,100,61,2,1,1,100,1,2,50,28,100,1,100,100,2,1,1,2,3,1.5,0,1,0,1,1,1,Independence,Curiosity,Self-reliance,Considerate,3,0,1,1,6
1145,Florida,Slightly conservative,Somewhat approve,noincome,5b85ab8c-b8f0-4d66-96d4-c44d2e48a951,67,Female,"$40,000 to $44,999","Black, or African American",No,High school graduate,Florida,High school graduate,"(64,96]",Black,"[25,50)",R,2,2,Republican,80,80,1,1,50,90,1,1,1,1,5,1,10,10,1,1,1.5,2,3,1.5,1,0,1,1,0,1,Respect for elders,Good manners,Obedience,Considerate,3,3,1,1,6
1331,New Jersey,Slightly conservative,Strongly approve,normal,5b85aeb7-8f89-4820-b725-375abd282f74,52,Female,"$60,000 to $64,999",White,No,High school graduate,New Jersey,High school graduate,"(49,64]",White,"[50,75)",R,1,1,Republican,92,68,2,2,19,93,50,64,100,82,73,1,81,76,91,100,1,2,1,4,1,1,1,1,1,1,Respect for elders,Good manners,Obedience,Considerate,3,3,1,1,8
1231,Arizona,Moderate,Somewhat approve,normal,5b85ac99-163f-474a-b196-98445de86c48,71,Female,"$65,000 to $69,999",White,No,High school graduate,Arizona,High school graduate,"(64,96]",White,"[50,75)",R,3,3,Republican,65,64,26,13,57,55,55,57,54,79,46,6,58,53,81,90,1,2.5,2,4,1,0,0,1,0,1,Respect for elders,Good manners,Obedience,Considerate,-3,3,0,0,3
1221,Illinois,Slightly liberal,Somewhat approve,normal,5b85ac8d-8b62-4a0d-bce2-ae34277949b4,45,Female,"$35,000 to $39,999",White,No,Bachelor's degree,Illinois,Bachelor's degree,"(34,49]",White,"[25,50)",D,-2,2,Democrat,74,53,18,12,64,82,58,24,93,90,14,90,62,45,46,31,1,2,1,1,0,0,0,1,1,1,Respect for elders,Good manners,Obedience,Considerate,-3,3,1,0,4
1316,New Hampshire,Moderate,Strongly disapprove,"noincome,nosales",5b85ae1d-aa67-47bb-becb-578300c211bd,64,Female,"Less than $14,999","Black, or African American",No,"Some college, no degree",New Hampshire,"Some college, no degree","(49,64]",Black,"[0,25)",D,-3,3,Democrat,89,88,19,18,84,83,49,47,13,76,32,29,79,83,9,10,1,1,2,2,1,0,0,1,0,1,Respect for elders,Good manners,Obedience,Well-behaved,-1,4,0,0,3
1314,Illinois,Extremely liberal,Strongly disapprove,normal,5b85ae16-8580-478c-a7fb-adc73029fdec,59,Male,"$125,000 to $149,999",White,No,Bachelor's degree,Illinois,Bachelor's degree,"(49,64]",White,"[100,200)",D,-3,3,Democrat,82,76,24,26,52,60,64,36,95,99,35,4,78,79,56,51,1,3,2,2,1,1,1,1,0,1,Independence,Curiosity,Self-reliance,Considerate,3,0,1,0,6
1319,North Carolina,Conservative,Somewhat approve,normal,5b85ae5a-8a91-4162-a06e-99aa2e7098f5,57,Female,"$15,000 to $19,999",White,No,High school graduate,North Carolina,High school graduate,"(49,64]",White,"[0,25)",R,3,3,Republican,65,43,70,48,40,81,62,86,15,83,52,17,51,84,98,100,3,4,2,4,1,1,1,1,1,1,Respect for elders,Good manners,Self-reliance,Considerate,2,2,1,1,8
1330,New Jersey,Slightly conservative,Somewhat approve,normal,5b85aeae-b04d-4f06-87cb-3faef5036a94,35,Female,"$30,000 to $34,999",White,No,Bachelor's degree,New Jersey,Bachelor's degree,"(34,49]",White,"[25,50)",R,2,2,Republican,50,100,29,3,1,100,31,30,70,91,25,5,50,37,100,100,2,2,2,3.5,1,1,1,1,0,1,Respect for elders,Good manners,Self-reliance,Well-behaved,-2,3,1,1,7
1269,Ohio,Slightly conservative,Strongly approve,normal,5b85ad00-9c46-4894-b4d1-f1eb9a19c6ee,71,Female,"$175,000 to $199,999",White,No,Bachelor's degree,Ohio,Bachelor's degree,"(64,96]",White,"[100,200)",R,2,2,Republican,50,56,24,17,66,68,71,29,80,62,52,21,57,53,82,84,2,3,1,4,1,1,1,1,0,1,Respect for elders,Curiosity,Obedience,Considerate,-2,2,1,0,6
1182,Illinois,Slightly liberal,Strongly disapprove,normal,5b85ac03-2268-4817-8bef-f7e6f7826d6d,67,Male,"$25,000 to $29,999",White,No,"Some college, no degree",Illinois,"Some college, no degree","(64,96]",White,"[25,50)",D,-3,3,Democrat,70,76,14,18,60,81,29,21,19,18,86,2,84,82,50,28,2,2,3,1,1,0,1,1,0,1,Respect for elders,Good manners,Obedience,Considerate,-3,3,0,0,4
1258,Texas,Conservative,Somewhat approve,noincome,5b85ace3-4665-4211-9384-bea806b238b1,72,Female,"Less than $14,999",White,No,High school graduate,Texas,High school graduate,"(64,96]",White,"[0,25)",R,2,2,Republican,50,50,50,49,99,51,98,50,0,1,99,50,80,70,50,50,2,1,3,1,1,0,0,1,0,1,Respect for elders,Good manners,Obedience,Well-behaved,-3,4,1,0,4
1280,Utah,Moderate,Strongly disapprove,normal,5b85ad19-85ba-480d-8afc-2131d9fa066d,55,Female,"$35,000 to $39,999",Some other race,No,Bachelor's degree,Utah,Bachelor's degree,"(49,64]",Other,"[25,50)",I,0,0,Independent,81,72,21,41,28,35,80,84,27,17,88,17,59,34,50,70,1,4,3,4,1,1,1,1,0,0,Independence,Curiosity,Self-reliance,Considerate,0,0,0,0,4
1237,Florida,Moderate,Strongly approve,noincome,5b85acb1-dbcb-42e3-b819-a42ba8c99c42,65,Female,"$50,000 to $54,999",White,Yes,"Some college, no degree",Florida,"Some college, no degree","(64,96]",White,"[50,75)",R,2,2,Republican,80,82,3,3,3,79,81,52,3,3,84,3,65,63,43,14,2,3,3,1,1,0,1,1,0,0,Respect for elders,Good manners,Obedience,Considerate,2,3,1,0,4
1224,Wisconsin,Moderate,Somewhat approve,normal,5b85ac94-c4c7-4f45-b91e-fcdef80b88fa,68,Male,"$30,000 to $34,999","Black, or African American",No,High school graduate,Wisconsin,High school graduate,"(64,96]",Black,"[25,50)",I,0,0,Independent,60,60,19,18,100,100,100,100,61,62,83,50,71,81,51,100,1.5,2.5,3,4,1,0,0,1,0,1,Respect for elders,Curiosity,Obedience,Well-behaved,2,3,1,0,4
1247,Georgia,Extremely conservative,Strongly approve,normal,5b85acc5-c1a3-47ac-9b6a-e808e2231c18,49,Female,"$125,000 to $149,999",White,No,High school graduate,Georgia,High school graduate,"(34,49]",White,"[100,200)",I,0,0,Independent,51,51,51,51,1,52,100,53,1,0,100,1,1,1,82,1,2.5,3,3,3,1,0,1,1,1,1,Independence,Curiosity,Self-reliance,Considerate,-3,0,1,0,6
1128,Wisconsin,Moderate,Strongly disapprove,normal,5b85ab28-eaf7-4a5f-9c32-49d6b317e738,63,Female,"$50,000 to $54,999",White,No,"Some college, no degree",Wisconsin,"Some college, no degree","(49,64]",White,"[50,75)",D,-3,3,Democrat,78,90,2,3,82,82,7,47,100,100,3,4,100,87,2,26,2,1.5,1.5,1,1,1,1,1,1,1,Respect for elders,Good manners,Obedience,Well-behaved,3,4,0,0,6
1196,Ohio,Conservative,Strongly disapprove,normal,5b85ac3e-1d06-4da6-9f91-4568dd14037d,72,Female,"$95,000 to $99,999",White,No,Associate's degree,Ohio,Associate's degree,"(64,96]",White,"[75,100)",R,2,2,Republican,74,44,5,5,4,92,5,6,4,6,100,50,88,88,86,100,1,2,3,4,1,0,1,1,0,1,Respect for elders,Good manners,Self-reliance,Considerate,3,2,1,1,6
1191,Florida,Conservative,Somewhat approve,noincome,5b85ac34-b28b-4bd1-afb1-ba88ebd1df3e,67,Female,"$25,000 to $29,999",White,No,"Some college, no degree",Florida,"Some college, no degree","(64,96]",White,"[25,50)",R,2,2,Republican,50,100,1,1,1,100,100,1,51,51,100,50,1,1,100,53,2,2.5,3,3,1,0,1,1,0,1,Respect for elders,Curiosity,Self-reliance,Considerate,0,1,1,0,5
1236,Texas,Moderate,Strongly disapprove,noincome,5b85acb0-9cc9-4f67-9d92-571c2bf94cb4,68,Female,"$30,000 to $34,999",Asian *** Chinese,No,High school graduate,Texas,High school graduate,"(64,96]",Asian or Pacific Islander,"[25,50)",D,-3,3,Democrat,81,99,2,1,99,97,96,2,6,5,95,49,92,89,90,95,2,1,3,4,1,1,1,1,0,1,Respect for elders,Good manners,Obedience,Considerate,2,3,1,0,6
1178,Texas,Moderate,Somewhat disapprove,noincome,5b85abf2-a575-4f01-994e-ed0402bc3023,63,Female,"Less than $14,999",White,No,Bachelor's degree,Texas,Bachelor's degree,"(49,64]",White,"[0,25)",I,0,0,Independent,75,75,5,5,51,80,5,5,5,5,75,25,5,5,50,75,1.5,2,3,4,0,0,0,0,0,1,Respect for elders,Good manners,Obedience,Well-behaved,-3,4,1,0,2
1264,Kansas,Conservative,Somewhat approve,normal,5b85acf3-4ee0-47c6-9cb4-8b3afdbbc810,50,Female,"$95,000 to $99,999",White,No,Graduate or professional degree,Kansas,Graduate or professional degree,"(49,64]",White,"[75,100)",R,3,3,Republican,77,100,10,6,22,22,100,37,55,98,51,2,60,58,62,79,2,3,2,4,0,0,0,1,0,1,Respect for elders,Good manners,Obedience,Considerate,2,3,1,0,3
1208,Massachusetts,Slightly liberal,Somewhat disapprove,normal,5b85ac55-3089-4000-ab10-685a4344d91b,29,Female,"$65,000 to $69,999",White,No,Associate's degree,Massachusetts,Associate's degree,"[18,34]",White,"[50,75)",R,2,2,Republican,34,51,24,9,4,4,96,100,52,51,100,2,97,100,45,22,2,4,3,2,0,0,0,0,1,1,Independence,Good manners,Self-reliance,Well-behaved,-2,2,1,0,3
1321,Texas,Conservative,Strongly approve,noincome,5b85ae61-b3a3-442e-a83e-05bca51f406f,66,Male,"$80,000 to $84,999","Black, or African American",No,None of the above,Texas,None of the above,"(64,96]",Black,"[75,100)",R,3,3,Republican,50,71,1,1,0,1,100,1,20,51,80,52,52,1,1,1,2,3,3,1,1,1,1,1,0,1,Respect for elders,Good manners,Obedience,Considerate,3,3,1,1,7
1250,Iowa,Moderate,Strongly disapprove,normal,5b85acc9-d170-4575-9075-f991c9d58244,67,Female,"$35,000 to $39,999",White,No,"Some college, no degree",Iowa,"Some college, no degree","(64,96]",White,"[25,50)",D,-1,1,Democrat,81,79,1,1,9,22,63,2,97,65,2,1,81,62,68,50,1,3,1,1,1,1,1,1,0,1,Independence,Curiosity,Self-reliance,Well-behaved,-3,1,1,1,7
1194,New York,Slightly liberal,Somewhat disapprove,normal,5b85ac3c-5b5b-4f8f-a181-df2294f107ff,30,Female,"$20,000 to $24,999",Asian *** Filipino,No,High school graduate,New York,High school graduate,"[18,34]",Asian or Pacific Islander,"[0,25)",D,-2,2,Democrat,20,39,67,61,21,64,64,42,11,82,11,0,71,90,50,53,3,2.5,2,2,0,0,0,0,0,0,Respect for elders,Good manners,Self-reliance,Well-behaved,2,3,1,0,1
1322,Hawaii,Extremely conservative,Strongly disapprove,normal,5b85ae64-62b2-420a-a4be-8dd6abac27dd,71,Female,"$100,000 to $124,999",Some other race,No,"Some college, no degree",Hawaii,"Some college, no degree","(64,96]",Other,"[100,200)",D,-1,1,Democrat,73,49,3,2,52,99,4,3,50,0,99,100,100,99,100,100,1,2,4,2.6666666666666665,0,0,0,1,0,0,Respect for elders,Curiosity,Self-reliance,Considerate,3,1,0,0,1
1309,Arizona,Conservative,Strongly approve,normal,5b85adb4-a044-44d1-8337-853467700448,61,Female,"$55,000 to $59,999","Black, or African American",No,High school graduate,Arizona,High school graduate,"(49,64]",Black,"[50,75)",R,2,2,Republican,96,92,3,3,51,68,69,9,99,63,5,1,63,62,50,49,1,3,1,1,1,0,1,1,0,1,Respect for elders,Good manners,Self-reliance,Well-behaved,0,3,1,0,5
1295,Michigan,Slightly conservative,Strongly approve,normal,5b85ad62-b805-404a-b04d-413fc895938f,66,Female,"$60,000 to $64,999",White,No,High school graduate,Michigan,High school graduate,"(64,96]",White,"[50,75)",R,1,1,Republican,0,100,0,1,0,1,100,50,1,1,100,1,1,1,100,100,2,3,3,3.5,1,1,1,1,0,1,Respect for elders,Good manners,Self-reliance,Considerate,-3,2,1,0,6
1294,California,Moderate,Somewhat approve,normal,5b85ad5c-d21c-439c-9040-3469881fefae,70,Female,"$20,000 to $24,999",White,No,Did not complete high school,California,Did not complete high school,"(64,96]",White,"[0,25)",I,0,0,Independent,74,63,6,16,78,77,48,50,11,11,12,78,65,70,34,70,1,1,4,3,1,0,1,1,1,1,Respect for elders,Good manners,Obedience,Well-behaved,3,4,1,0,6
1232,California,Conservative,Somewhat approve,normal,5b85ac9b-23ac-4e02-ace5-40aafd1a1f8e,58,Female,"$65,000 to $69,999",White,Yes,"Some college, no degree",California,"Some college, no degree","(49,64]",White,"[50,75)",R,2,2,Republican,100,100,5,6,9,24,24,51,2,9,100,100,14,10,100,100,1.5,4,3.5,3.5,0,0,0,0,1,1,Respect for elders,Curiosity,Self-reliance,Considerate,-2,1,1,0,3
1341,New Jersey,Moderate,Somewhat approve,normal,5b85af45-6d5b-4643-8f7d-08666c6a430d,67,Female,"$15,000 to $19,999","Black, or African American",No,High school graduate,New Jersey,High school graduate,"(64,96]",Black,"[0,25)",R,2,2,Republican,35,47,52,49,27,37,45,49,45,39,37,33,42,28,46,34,3,4,1,3,0,0,0,0,0,1,Independence,Curiosity,Obedience,Well-behaved,0,2,1,0,2
1332,Texas,Slightly conservative,Somewhat disapprove,noincome,5b85aed7-6ed5-4958-af3c-fa325598fa7c,57,Female,"$30,000 to $34,999",White,No,Bachelor's degree,Texas,Bachelor's degree,"(49,64]",White,"[25,50)",I,0,0,Independent,99,96,2,1,26,26,94,27,76,51,96,7,76,75,26,16,1,3,3,1,1,1,1,1,0,1,Respect for elders,Good manners,Obedience,Well-behaved,3,4,1,1,7
1346,Pennsylvania,Slightly liberal,Strongly disapprove,normal,5b85afa4-78ad-4995-9f7d-8d40c2dfdbbc,64,Male,"$25,000 to $29,999",White,Yes,Associate's degree,Pennsylvania,Associate's degree,"(49,64]",White,"[25,50)",D,-1,1,Democrat,73,75,12,2,52,66,20,1,84,52,53,1,74,69,53,5,2,2,1,1,1,1,1,1,1,1,Independence,Curiosity,Self-reliance,Considerate,0,0,1,1,8
132,Nevada,Moderate,Strongly disapprove,noincome,5b859894-77a9-4f7e-96ef-d8287637861a,71,Male,"$100,000 to $124,999",White,No,Bachelor's degree,Nevada,Bachelor's degree,"(64,96]",White,"[100,200)",D,-3,3,Democrat,50,60,1,0,100,100,1,1,0,0,51,19,81,90,100,100,2,1.5,3,3.5,1,1,1,1,0,1,Respect for elders,Good manners,Obedience,Well-behaved,0,4,1,1,7
1333,Texas,Liberal,Strongly disapprove,noincome,5b85aed7-8c04-48c5-b29b-792eb7ff429a,38,Female,"$50,000 to $54,999",White,No,Graduate or professional degree,Texas,Graduate or professional degree,"(34,49]",White,"[50,75)",D,-3,3,Democrat,100,50,0,0,100,100,0,0,100,51,0,0,100,70,0,0,1,1.5,1,1,1,0,1,1,0,1,Independence,Curiosity,Self-reliance,Considerate,3,0,1,0,5
1095,New York,Liberal,Strongly disapprove,normal,5b85a8e1-0f03-4473-bca8-3104d25c153b,34,Female,"Less than $14,999",White,No,Associate's degree,New York,Associate's degree,"[18,34]",White,"[0,25)",D,-3,3,Democrat,100,100,0,0,100,100,50,0,100,100,0,0,100,100,50,51,1.5,1.5,1.5,1.5,1,1,0,1,1,1,Respect for elders,Good manners,Obedience,Well-behaved,3,4,1,0,6
1344,Michigan,Conservative,Somewhat approve,normal,5b85af65-d750-434b-97aa-62ee8cfd2a5a,73,Female,"$45,000 to $49,999",White,No,Bachelor's degree,Michigan,Bachelor's degree,"(64,96]",White,"[25,50)",R,1,1,Republican,83,80,5,3,3,80,53,54,11,84,91,3,62,61,43,55,1,2,3,1,1,1,0,1,0,1,Respect for elders,Good manners,Self-reliance,Considerate,3,2,1,1,6
1326,Louisiana,Slightly conservative,Somewhat approve,normal,5b85ae9a-fe95-45f6-bf9e-fa3b259951a3,24,Female,"Less than $14,999",White,No,Associate's degree,Louisiana,Associate's degree,"[18,34]",White,"[0,25)",R,1,1,Republican,65,56,26,17,25,51,74,74,82,58,37,11,49,60,70,72,1,3.5,1,4,0,0,0,1,1,1,Respect for elders,Good manners,Obedience,Well-behaved,-2,4,0,0,3
1171,Pennsylvania,Liberal,Strongly disapprove,normal,5b85abd9-26bf-4260-b120-2749e2b153fa,65,Female,"$25,000 to $29,999",White,No,High school graduate,Pennsylvania,High school graduate,"(64,96]",White,"[25,50)",D,-3,3,Democrat,71,84,19,5,30,28,30,13,50,68,58,19,99,99,51,29,2,2,2,1.5,1,1,1,1,0,1,Independence,Curiosity,Obedience,Considerate,2,1,1,1,7
1347,Ohio,Extremely liberal,Strongly disapprove,normal,5b85afb0-5e25-4ed8-ae6a-41e6e3ff1359,70,Male,"$100,000 to $124,999",White,No,Graduate or professional degree,Ohio,Graduate or professional degree,"(64,96]",White,"[100,200)",D,-3,3,Democrat,100,100,2,2,100,100,100,2,1,2,2,3,98,2,99,3,1.5,2,4,3,0,1,1,1,0,1,Respect for elders,Good manners,Obedience,Well-behaved,3,4,1,0,5
1343,Michigan,Moderate,Somewhat approve,normal,5b85af5c-320d-4d3b-b2bc-613c053f7057,65,Female,"$15,000 to $19,999",White,No,High school graduate,Michigan,High school graduate,"(64,96]",White,"[0,25)",D,-2,2,Democrat,40,60,13,6,88,94,95,97,10,3,60,54,96,96,6,98,2,4,3,4,0,0,0,1,0,1,Respect for elders,Curiosity,Obedience,Considerate,0,2,1,0,3
1340,Florida,Conservative,Strongly approve,noincome,5b85af3d-5c96-4312-9eae-f003524dc21a,52,Female,"$20,000 to $24,999",White,No,"Some college, no degree",Florida,"Some college, no degree","(49,64]",White,"[0,25)",R,3,3,Republican,71,70,37,8,4,82,66,51,6,6,22,20,42,40,52,43,1,2,3,3,1,1,1,1,0,1,Respect for elders,Good manners,Obedience,Well-behaved,3,4,1,1,7
1187,Pennsylvania,Slightly conservative,Strongly approve,normal,5b85ac1b-e36f-4696-a15b-267e0a0ca033,31,Male,"$50,000 to $54,999",White,No,Bachelor's degree,Pennsylvania,Bachelor's degree,"[18,34]",White,"[50,75)",R,2,2,Republican,33,52,21,9,23,100,53,61,100,66,33,100,70,54,50,38,2,2,2.5,1,1,0,1,1,0,1,Respect for elders,Good manners,Obedience,Considerate,0,3,1,0,5
1286,Illinois,Extremely conservative,Strongly approve,normal,5b85ad31-5904-4655-98ac-b7efcf64fb34,79,Female,"$50,000 to $54,999",White,No,"Some college, no degree",Illinois,"Some college, no degree","(64,96]",White,"[50,75)",R,2,2,Republican,69,99,0,0,100,98,95,99,0,0,5,0,2,0,100,100,2,1,3,3.5,0,1,0,1,0,1,Respect for elders,Good manners,Self-reliance,Considerate,3,2,1,0,4
1284,Virginia,Moderate,Somewhat disapprove,normal,5b85ad26-ecf6-4eea-b972-31075758e27c,60,Male,"$30,000 to $34,999",White,No,High school graduate,Virginia,High school graduate,"(49,64]",White,"[25,50)",I,0,0,Independent,71,61,21,41,49,83,34,3,29,82,53,2,60,69,39,1,1,2,2,2,1,0,1,1,0,1,Independence,Good manners,Self-reliance,Considerate,0,1,1,0,5
1367,Virginia,Conservative,Somewhat approve,normal,5b85b17c-d06b-47b3-a7f0-ddb0f3f240ed,37,Female,"$15,000 to $19,999",White,No,High school graduate,Virginia,High school graduate,"(34,49]",White,"[0,25)",R,3,3,Republican,44,55,56,58,24,24,22,11,81,79,81,83,58,39,40,75,4,1.5,4,4,1,0,0,1,0,1,Respect for elders,Good manners,Obedience,Considerate,-2,3,1,0,4
1203,Pennsylvania,Conservative,Strongly approve,normal,5b85ac50-57fa-4ac8-8648-e27a612d9baf,54,Male,"$75,000 to $79,999",White,Yes,Graduate or professional degree,Pennsylvania,Graduate or professional degree,"(49,64]",White,"[75,100)",R,3,3,Republican,85,87,8,9,55,56,100,86,100,100,49,3,100,100,50,50,2,3,1.5,1.5,1,0,0,1,0,0,Respect for elders,Good manners,Obedience,Well-behaved,-3,4,1,0,3
1251,New Jersey,Extremely conservative,Somewhat approve,normal,5b85accc-98c0-4bbe-9224-6ed87a75fb33,69,Male,"$25,000 to $29,999",White,No,High school graduate,New Jersey,High school graduate,"(64,96]",White,"[25,50)",R,2,2,Republican,3,50,4,76,77,80,84,83,5,5,62,2,7,74,83,94,4,3,3,4,0,0,0,1,0,1,Respect for elders,Good manners,Self-reliance,Considerate,-3,2,1,0,3
1220,Illinois,Moderate,Strongly disapprove,normal,5b85ac8d-893a-498a-a4a7-933377a4ad36,66,Female,"Less than $14,999",White,No,Associate's degree,Illinois,Associate's degree,"(64,96]",White,"[0,25)",D,-3,3,Democrat,66,68,12,14,8,84,14,9,23,8,71,11,7,5,8,7,2,2,3,3,1,1,1,1,0,1,Respect for elders,Good manners,Self-reliance,Well-behaved,-3,3,1,0,6
1324,Oregon,Liberal,Strongly disapprove,normal,5b85ae7f-0067-4892-9536-b53924ba183f,68,Male,"$30,000 to $34,999",White,No,"Some college, no degree",Oregon,"Some college, no degree","(64,96]",White,"[25,50)",D,-3,3,Democrat,100,100,3,1,95,96,6,5,100,100,1,100,5,2,4,100,1.5,2,2.3333333333333335,4,1,0,1,1,0,1,Respect for elders,Good manners,Self-reliance,Considerate,0,2,1,0,5
1339,California,Moderate,Somewhat approve,normal,5b85af34-f43a-4d67-a941-9a98b90f3e1f,58,Female,"$20,000 to $24,999",White,No,Bachelor's degree,California,Bachelor's degree,"(49,64]",White,"[0,25)",R,2,2,Republican,60,70,29,8,50,69,50,50,50,70,59,49,20,22,64,58,2,2,2,3,0,0,0,1,0,1,Respect for elders,Good manners,Self-reliance,Considerate,-3,2,0,0,2
1115,Pennsylvania,Moderate,Strongly approve,normal,5b85aa4c-f09c-4dd2-8d7e-b2ba017fc7b4,55,Male,"$85,000 to $89,999",White,No,"Some college, no degree",Pennsylvania,"Some college, no degree","(49,64]",White,"[75,100)",R,2,2,Republican,99,100,0,0,99,14,98,1,90,100,100,50,50,1,1,0,2,1,2.5,1,1,0,0,1,0,1,Respect for elders,Good manners,Self-reliance,Considerate,0,2,1,0,4
366,Pennsylvania,Conservative,Somewhat approve,normal,5b859a68-8ca0-4c08-8580-ba9511678b24,42,Female,"$20,000 to $24,999","Black, or African American",No,"Some college, no degree",Pennsylvania,"Some college, no degree","(34,49]",Black,"[0,25)",R,2,2,Republican,100,100,0,0,1,50,100,83,50,50,50,50,100,99,100,100,1.5,3,2.5,2.6666666666666665,0,0,0,1,0,0,Respect for elders,Good manners,Obedience,Well-behaved,-2,4,1,0,2
1328,Indiana,Conservative,Strongly approve,normal,5b85aeaa-47f1-4c7d-a4e1-52244c71977a,21,Female,"$20,000 to $24,999",White,No,"Some college, no degree",Indiana,"Some college, no degree","[18,34]",White,"[0,25)",D,-2,2,Democrat,69,64,36,11,5,50,70,12,12,24,95,72,50,54,23,4,1,3,3,2,0,0,0,0,0,0,Independence,Good manners,Obedience,Well-behaved,-2,3,1,0,1
1300,Texas,Moderate,Strongly disapprove,noincome,5b85ad68-89ef-4583-9835-bd6502f04de8,54,Male,"$50,000 to $54,999","Black, or African American",No,"Some college, no degree",Texas,"Some college, no degree","(49,64]",Black,"[50,75)",I,0,0,Independent,99,99,0,1,54,100,55,12,50,100,53,4,57,57,30,47,1.5,2,2,1.5,1,1,1,1,0,1,Respect for elders,Good manners,Obedience,Considerate,-3,3,1,0,6
1233,Mississippi,Conservative,Strongly approve,normal,5b85aca9-a33f-413c-b71b-c76801bc63b8,71,Female,"$50,000 to $54,999","Black, or African American",No,Bachelor's degree,Mississippi,Bachelor's degree,"(64,96]",Black,"[50,75)",R,3,3,Republican,81,35,0,0,0,100,100,100,0,0,100,0,0,0,100,100,1,3,3,3.5,1,1,1,1,0,1,Respect for elders,Good manners,Self-reliance,Well-behaved,3,3,1,1,7
1337,Florida,Extremely conservative,Strongly approve,noincome,5b85af12-81a3-4b41-af4f-587fb52b343f,80,Female,"Less than $14,999",White,Yes,Associate's degree,Florida,Associate's degree,"(64,96]",White,"[0,25)",R,3,3,Republican,50,50,7,1,100,100,2,1,0,0,71,0,0,0,50,51,1.5,1.5,3,4,1,1,1,1,1,1,Respect for elders,Curiosity,Self-reliance,Well-behaved,3,2,1,1,8
1122,Oregon,Moderate,Somewhat disapprove,normal,5b85aae5-00ec-43ef-bd8b-24d3138be7b2,56,Female,"$25,000 to $29,999",White,No,Associate's degree,Oregon,Associate's degree,"(49,64]",White,"[25,50)",I,0,0,Independent,54,83,2,1,3,99,95,1,99,45,1,1,99,98,42,1,2,2,1,1,0,0,0,1,0,1,Respect for elders,Good manners,Self-reliance,Considerate,-3,2,0,0,2
1317,Florida,Moderate,Strongly disapprove,noincome,5b85ae23-f2c1-4f2f-bc4a-d1affdee55ba,59,Female,"$45,000 to $49,999",White,No,Graduate or professional degree,Florida,Graduate or professional degree,"(49,64]",White,"[25,50)",I,0,0,Independent,51,51,3,2,23,100,49,7,81,81,50,1,100,100,4,4,1.5,2,1.5,1.5,0,0,0,1,0,1,Respect for elders,Good manners,Obedience,Considerate,3,3,1,0,3
1342,New Jersey,Slightly conservative,Strongly disapprove,normal,5b85af4b-5b6e-43ca-8fc1-cc77e05ad416,50,Female,"Less than $14,999",White,No,"Some college, no degree",New Jersey,"Some college, no degree","(49,64]",White,"[0,25)",R,1,1,Republican,70,81,19,6,70,51,51,29,90,83,40,99,28,51,62,89,2,1,4,4,0,0,0,1,0,0,Respect for elders,Good manners,Self-reliance,Considerate,-2,2,0,0,1
1353,New York,Liberal,Strongly disapprove,normal,5b85b01e-801d-4619-8466-db3d94a402dd,58,Male,"$100,000 to $124,999",White,No,High school graduate,New York,High school graduate,"(49,64]",White,"[100,200)",D,-3,3,Democrat,74,20,6,0,13,17,82,42,100,6,10,1,80,81,21,0,1,3,1,2,1,1,1,1,1,1,Respect for elders,Curiosity,Obedience,Well-behaved,2,3,1,1,8
1105,New York,Moderate,Somewhat approve,normal,5b85a97a-0dd2-4e34-8ace-2755647ed9e6,59,Male,"Less than $14,999",Some other race,Yes,"Some college, no degree",New York,"Some college, no degree","(49,64]",Other,"[0,25)",D,-1,1,Democrat,72,54,6,1,87,94,46,4,71,98,2,1,66,85,10,2,1,2,2,2,0,1,1,1,0,1,Respect for elders,Curiosity,Obedience,Considerate,-3,2,0,1,5
1373,Maine,Liberal,Strongly disapprove,normal,5b85b1fa-8635-41d5-af14-d55097abea7b,18,Male,"$80,000 to $84,999",White,No,Bachelor's degree,Maine,Bachelor's degree,"[18,34]",White,"[75,100)",D,-3,3,Democrat,36,28,45,58,82,77,41,31,88,50,9,0,55,29,90,29,4,1,1,3,0,0,0,0,0,0,Independence,Good manners,Obedience,Considerate,-1,2,1,0,1
1214,Illinois,Liberal,Strongly disapprove,normal,5b85ac70-a8a4-474f-8c76-86e432555207,54,Female,"$25,000 to $29,999",White,No,Bachelor's degree,Illinois,Bachelor's degree,"(49,64]",White,"[25,50)",D,-3,3,Democrat,50,100,4,2,100,100,0,0,51,100,0,0,2,1,100,1,2,1.5,2,3,1,1,1,1,1,1,Independence,Curiosity,Self-reliance,Considerate,3,0,1,1,8
1336,New York,Moderate,Somewhat approve,normal,5b85af00-8e76-4bfb-a202-e2be3025edf1,64,Female,"$75,000 to $79,999",White,No,Bachelor's degree,New York,Bachelor's degree,"(49,64]",White,"[75,100)",R,1,1,Republican,71,91,10,2,5,4,90,50,50,100,3,3,84,84,6,3,2,3,2,1.5,0,1,1,1,0,1,Respect for elders,Curiosity,Self-reliance,Considerate,3,1,1,0,5
1325,Maryland,Moderate,Strongly disapprove,normal,5b85ae85-28ba-4d28-b573-34e0c8078ccc,65,Male,"$40,000 to $44,999","Black, or African American",No,Graduate or professional degree,Maryland,Graduate or professional degree,"(64,96]",Black,"[25,50)",D,-2,2,Democrat,66,52,6,4,75,91,4,5,8,98,48,1,98,96,94,100,1,2,2,4,0,0,1,1,1,1,Respect for elders,Good manners,Self-reliance,Considerate,-2,2,1,0,5
1318,California,Moderate,Strongly disapprove,normal,5b85ae52-7866-4a84-98ca-66162835edb3,58,Male,"$35,000 to $39,999",White,No,"Some college, no degree",California,"Some college, no degree","(49,64]",White,"[25,50)",D,-3,3,Democrat,20,91,19,10,40,88,40,22,56,48,82,27,13,27,17,7,2,2,3,2,0,0,0,1,0,0,Respect for elders,Good manners,Obedience,Well-behaved,-2,4,1,0,2
1378,Arizona,Slightly conservative,Strongly disapprove,normal,5b85b29b-8f01-41cc-87d0-3936d0fa665d,21,Female,"$35,000 to $39,999",White,No,Graduate or professional degree,Arizona,Graduate or professional degree,"[18,34]",White,"[25,50)",R,3,3,Republican,69,30,84,98,59,30,87,28,32,74,48,73,75,86,25,74,4,3,2,2,0,0,0,1,1,1,Respect for elders,Good manners,Obedience,Well-behaved,-3,4,1,0,4
1249,Texas,Moderate,Somewhat disapprove,noincome,5b85acc9-c8ec-4af0-825e-2436162ea419,42,Male,"$65,000 to $69,999",White,No,Bachelor's degree,Texas,Bachelor's degree,"(34,49]",White,"[50,75)",I,0,0,Independent,88,88,1,1,92,98,19,9,79,100,93,100,1,1,2,1,1.5,2,3,3,0,0,0,0,0,0,Respect for elders,Good manners,Self-reliance,Considerate,-2,2,1,0,1
1345,Nevada,Liberal,Somewhat disapprove,noincome,5b85af99-f2c8-40bd-a019-1e8a7e720673,62,Female,"$30,000 to $34,999",White,No,High school graduate,Nevada,High school graduate,"(49,64]",White,"[25,50)",D,-2,2,Democrat,51,52,40,54,44,53,52,53,46,50,8,6,33,37,12,80,4,3,2,4,0,0,0,0,0,1,Independence,Good manners,Obedience,Well-behaved,-2,3,1,0,2
1272,Indiana,Conservative,Somewhat disapprove,normal,5b85ad03-817b-43f2-9e20-a8935630ab3f,41,Male,"$250,000 and above",Some other race,Yes,High school graduate,Indiana,High school graduate,"(34,49]",Other,NA,R,2,2,Republican,80,80,20,20,20,10,83,20,20,20,86,20,50,51,88,100,1.5,3,3,4,1,0,0,1,0,1,Respect for elders,Good manners,Obedience,Considerate,-2,3,0,0,3
358,Georgia,Moderate,Somewhat approve,normal,5b859a5d-9f60-4fb0-b06c-8bba6adf7654,69,Female,"$40,000 to $44,999",White,No,High school graduate,Georgia,High school graduate,"(64,96]",White,"[25,50)",D,-3,3,Democrat,76,62,77,74,51,54,56,63,55,71,90,58,60,74,65,75,3,4,3,4,0,0,0,1,0,0,Respect for elders,Good manners,Obedience,Well-behaved,-3,4,1,0,2
1348,North Carolina,Conservative,Strongly approve,normal,5b85afc7-5ff5-49f1-b3d4-4e0fd5dca78d,68,Male,"Less than $14,999",White,No,High school graduate,North Carolina,High school graduate,"(64,96]",White,"[0,25)",R,3,3,Republican,72,95,27,12,7,2,100,99,51,82,98,50,3,3,100,100,2,3,3,3.5,1,1,1,1,0,1,Respect for elders,Good manners,Self-reliance,Considerate,-2,2,1,1,7
1307,North Carolina,Conservative,Strongly approve,normal,5b85ad92-b43f-43a0-9abf-40b32d13cc10,57,Male,"$95,000 to $99,999",White,No,Associate's degree,North Carolina,Associate's degree,"(49,64]",White,"[75,100)",R,3,3,Republican,60,50,11,32,11,100,100,30,100,1,1,1,2,2,100,100,1,2.5,1,3.5,0,0,1,1,0,1,Respect for elders,Curiosity,Obedience,Considerate,3,2,0,1,4
1320,California,Liberal,Strongly disapprove,normal,5b85ae5b-182f-4e39-9927-bed5b04f5162,70,Male,"Less than $14,999",Some other race,Yes,High school graduate,California,High school graduate,"(64,96]",Other,"[0,25)",D,-1,1,Democrat,70,51,1,1,88,65,2,3,55,77,55,6,80,59,67,50,1,1,2,1,1,1,1,1,0,1,Independence,Curiosity,Self-reliance,Considerate,2,0,1,1,7
1351,Michigan,Slightly liberal,Strongly disapprove,normal,5b85afec-1b84-4a50-b57d-618f79f48c48,67,Male,"Less than $14,999",Asian *** Korean,No,High school graduate,Michigan,High school graduate,"(64,96]",Asian or Pacific Islander,"[0,25)",D,-3,3,Democrat,87,75,27,17,84,78,23,10,67,37,57,31,89,85,26,20,1,1,1,1,1,1,1,1,1,1,Respect for elders,Curiosity,Self-reliance,Considerate,3,1,1,1,8
1287,California,Moderate,Strongly disapprove,normal,5b85ad31-b53c-45d5-b33b-06b9a6806333,66,Male,"$45,000 to $49,999",White,No,High school graduate,California,High school graduate,"(64,96]",White,"[25,50)",D,-3,3,Democrat,100,100,2,2,56,2,2,3,100,100,33,3,4,3,52,56,1.5,1,1.5,4,1,0,0,1,0,1,Respect for elders,Good manners,Obedience,Considerate,3,3,1,0,4
1356,Texas,Slightly liberal,Strongly approve,noincome,5b85b04a-39c9-4d3b-9fd3-70d04261594b,61,Female,"$20,000 to $24,999",White,No,Associate's degree,Texas,Associate's degree,"(49,64]",White,"[0,25)",I,0,0,Independent,100,100,8,8,5,6,100,8,38,100,5,3,100,100,100,8,1.5,3,2,2,1,1,1,1,1,1,Respect for elders,Good manners,Self-reliance,Considerate,3,2,1,1,8
1364,Ohio,Slightly conservative,Somewhat disapprove,normal,5b85b107-4290-4fbc-af26-a8e3cbb9dfcb,61,Male,"$85,000 to $89,999",White,No,High school graduate,Ohio,High school graduate,"(49,64]",White,"[75,100)",R,2,2,Republican,3,1,1,8,6,100,100,100,100,100,5,100,100,100,6,7,4,3,2.3333333333333335,1.5,1,0,0,1,0,1,Respect for elders,Good manners,Obedience,Considerate,-3,3,1,0,4
1360,Michigan,Moderate,Somewhat disapprove,normal,5b85b0ce-5b63-46f9-91ae-780bec27eaea,70,Male,"$95,000 to $99,999",White,No,Bachelor's degree,Michigan,Bachelor's degree,"(64,96]",White,"[75,100)",R,2,2,Republican,56,56,19,3,50,21,8,9,29,43,60,27,72,71,33,47,1.5,1,3,1,1,0,0,1,0,1,Respect for elders,Good manners,Self-reliance,Considerate,3,2,0,0,3
1375,Rhode Island,Slightly conservative,Somewhat disapprove,normal,5b85b224-9110-46f0-a409-7a1ffb04d5a9,24,Male,"$35,000 to $39,999",White,No,Graduate or professional degree,Rhode Island,Graduate or professional degree,"[18,34]",White,"[25,50)",R,1,1,Republican,80,77,2,3,50,64,26,4,52,49,47,48,47,66,8,3,1,2,1,2,0,0,0,1,0,1,Independence,Curiosity,Obedience,Considerate,-1,1,0,0,2
1357,Massachusetts,Conservative,Strongly approve,normal,5b85b087-cfc9-4306-9989-249c27264cba,57,Male,"$30,000 to $34,999",White,No,"Some college, no degree",Massachusetts,"Some college, no degree","(49,64]",White,"[25,50)",R,1,1,Republican,52,48,4,8,3,100,100,100,53,52,98,47,8,7,98,98,1,3,3,3.5,1,1,1,1,1,1,Independence,Good manners,Self-reliance,Considerate,3,1,1,1,8
1366,California,Extremely liberal,Somewhat approve,normal,5b85b14b-ba67-42ea-92c1-3aa369b3605e,47,Male,"$65,000 to $69,999",White,No,"Some college, no degree",California,"Some college, no degree","(34,49]",White,"[50,75)",D,-3,3,Democrat,100,100,100,100,82,82,84,84,81,83,85,86,100,90,90,92,2.5,3.5,4,1,1,0,0,1,0,1,Respect for elders,Good manners,Obedience,Well-behaved,-3,4,1,1,5
1311,Ohio,Conservative,Somewhat approve,normal,5b85addf-e8fe-4b85-93fc-24c66c75423a,67,Female,"$15,000 to $19,999","Black, or African American",No,"Some college, no degree",Ohio,"Some college, no degree","(64,96]",Black,"[0,25)",R,2,2,Republican,50,50,49,19,2,78,91,79,90,89,51,2,52,50,50,16,1.5,3,1,1,1,1,1,1,0,1,Independence,Good manners,Self-reliance,Considerate,3,1,1,0,6
1256,Connecticut,Slightly conservative,Somewhat approve,normal,5b85acd9-a929-4ed1-8051-51769bfc534e,54,Male,"$75,000 to $79,999",White,No,Bachelor's degree,Connecticut,Bachelor's degree,"(49,64]",White,"[75,100)",R,1,1,Republican,89,94,20,20,20,51,75,65,91,49,12,0,48,79,100,99,2,3,1,3,1,0,0,1,1,1,Respect for elders,Good manners,Self-reliance,Well-behaved,2,3,0,0,4
1334,Iowa,Moderate,Strongly disapprove,normal,5b85aee4-9bab-4c5a-98a0-63909462958a,38,Female,"$25,000 to $29,999","Black, or African American",No,Graduate or professional degree,Iowa,Graduate or professional degree,"(34,49]",Black,"[25,50)",I,0,0,Independent,50,50,50,1,50,95,0,0,100,100,1,1,1,1,100,1,2,2,1.5,3,1,0,0,1,0,1,Independence,Good manners,Self-reliance,Considerate,-2,1,1,0,4
1350,Georgia,Slightly liberal,Strongly disapprove,normal,5b85afe4-22b8-4405-8206-10b1d4c62f10,65,Male,"$35,000 to $39,999",White,Yes,Associate's degree,Georgia,Associate's degree,"(64,96]",White,"[25,50)",D,-2,2,Democrat,100,100,0,0,100,100,100,0,0,83,40,98,84,81,93,100,1.5,2,4,4,1,0,0,1,0,1,Respect for elders,Good manners,Self-reliance,Well-behaved,-2,3,1,0,4
1199,Alabama,Liberal,Strongly disapprove,normal,5b85ac46-8f41-4c2d-8577-e0e0a3bb8be8,57,Female,"$65,000 to $69,999",White,No,Associate's degree,Alabama,Associate's degree,"(49,64]",White,"[50,75)",D,-3,3,Democrat,52,100,50,10,50,50,50,5,30,30,49,1,80,80,30,30,2,2,3,1.5,1,0,0,1,0,1,Respect for elders,Good manners,Obedience,Considerate,3,3,1,0,4
1299,Illinois,Slightly liberal,Strongly disapprove,normal,5b85ad68-1176-4188-a397-282f99890078,69,Male,"Less than $14,999",White,No,"Some college, no degree",Illinois,"Some college, no degree","(64,96]",White,"[0,25)",D,-3,3,Democrat,100,100,1,1,100,100,51,11,1,1,100,1,100,100,100,100,1.5,1.5,3,2.5,0,0,0,1,1,1,Respect for elders,Good manners,Obedience,Well-behaved,3,4,1,0,4
1363,Massachusetts,Extremely conservative,Strongly approve,normal,5b85b103-9b6b-47e9-a448-396e06e7118f,61,Female,"Less than $14,999",White,No,"Some college, no degree",Massachusetts,"Some college, no degree","(49,64]",White,"[0,25)",R,3,3,Republican,11,11,100,50,1,100,100,100,52,51,100,0,1,1,100,100,3,3,3,3.5,1,1,1,1,0,0,Respect for elders,Good manners,Obedience,Considerate,-3,3,1,1,6
1368,Rhode Island,Moderate,Strongly approve,normal,5b85b1a2-b63c-4621-8e2f-5896338ba84b,49,Male,"$75,000 to $79,999",White,No,Bachelor's degree,Rhode Island,Bachelor's degree,"(34,49]",White,"[75,100)",I,0,0,Independent,100,100,1,1,1,1,100,100,100,2,2,1,100,100,3,3,1.5,3.5,1,1.5,1,1,1,1,1,0,Respect for elders,Curiosity,Self-reliance,Considerate,-2,1,1,1,7
1274,North Carolina,Slightly liberal,Strongly disapprove,normal,5b85ad05-fc5f-4b8e-8851-ad48f7c87ba7,76,Male,"$15,000 to $19,999",White,No,High school graduate,North Carolina,High school graduate,"(64,96]",White,"[0,25)",D,-3,3,Democrat,94,96,8,1,52,82,1,83,92,4,6,4,100,99,7,3,2,4,1,1,1,1,1,1,0,1,Independence,Curiosity,Self-reliance,Considerate,3,0,1,1,7
1252,Louisiana,Extremely conservative,Strongly approve,normal,5b85accd-bd93-42e8-a3bc-456f99fba154,47,Female,"$20,000 to $24,999",White,No,"Some college, no degree",Louisiana,"Some college, no degree","(34,49]",White,"[0,25)",R,3,3,Republican,93,92,0,0,15,30,73,52,100,100,32,0,71,71,52,53,1,3,1.5,1.5,1,0,0,1,0,0,Respect for elders,Good manners,Self-reliance,Considerate,-2,2,0,0,2
1359,New York,Moderate,Somewhat approve,normal,5b85b0c3-0bb3-434c-8989-17b7b05f4450,71,Male,"$20,000 to $24,999",White,No,High school graduate,New York,High school graduate,"(64,96]",White,"[0,25)",I,0,0,Independent,41,40,28,9,90,30,92,91,4,4,40,90,10,9,96,100,1,3,4,4,1,1,1,1,0,1,Respect for elders,Good manners,Obedience,Well-behaved,3,4,1,1,7
1329,California,Moderate,Strongly disapprove,normal,5b85aead-6b99-4ab0-8b9b-2ae23d1d406c,46,Female,"Less than $14,999","Black, or African American",No,"Some college, no degree",California,"Some college, no degree","(34,49]",Black,"[0,25)",R,2,2,Republican,100,100,3,5,9,90,16,12,100,11,11,4,4,6,93,86,1.5,2,1,3,0,0,0,0,1,0,Respect for elders,Good manners,Obedience,Well-behaved,-3,4,1,0,2
1338,Nevada,Slightly liberal,Strongly approve,noincome,5b85af2d-0157-4e5b-ad12-820dcaeaffe5,50,Male,"$100,000 to $124,999",White,No,Bachelor's degree,Nevada,Bachelor's degree,"(49,64]",White,"[100,200)",D,-3,3,Democrat,77,75,10,9,8,7,49,54,100,100,53,5,64,67,20,17,1,4,1.5,2,1,0,1,1,0,1,Respect for elders,Good manners,Self-reliance,Well-behaved,-2,3,1,1,6
1369,Louisiana,Moderate,Somewhat approve,normal,5b85b1bd-806a-44a9-a043-dd9bdfbb9aa1,28,Male,"$15,000 to $19,999",White,No,"Some college, no degree",Louisiana,"Some college, no degree","[18,34]",White,"[0,25)",D,-1,1,Democrat,70,70,0,0,0,10,100,30,10,80,100,0,75,90,25,10,1.5,3,3,2,0,0,0,1,1,0,Respect for elders,Curiosity,Self-reliance,Well-behaved,3,2,1,0,3
1211,Kentucky,Moderate,Strongly disapprove,normal,5b85ac70-0ca4-404d-8a8b-b34b8f8c674c,56,Male,"$45,000 to $49,999","Black, or African American",No,"Some college, no degree",Kentucky,"Some college, no degree","(49,64]",Black,"[25,50)",D,-3,3,Democrat,NA,NA,NA,NA,91,92,50,10,0,0,50,50,52,100,9,4,NA,2,3.5,2,1,0,0,1,0,1,Respect for elders,Good manners,Obedience,Considerate,-3,3,1,0,4
1349,Ohio,Conservative,Strongly approve,normal,5b85afda-f479-4f25-a3ce-3f4d3de73597,73,Male,"$40,000 to $44,999",White,No,High school graduate,Ohio,High school graduate,"(64,96]",White,"[25,50)",R,3,3,Republican,71,75,37,50,51,92,81,50,76,77,63,10,32,17,90,90,2,2,2,3.5,1,1,1,1,1,1,Independence,Curiosity,Self-reliance,Well-behaved,3,1,1,1,8
1370,New York,Moderate,Strongly disapprove,normal,5b85b1ea-97b2-4e93-91c6-3aa23586f1f7,18,Male,"$20,000 to $24,999",White,No,"Some college, no degree",New York,"Some college, no degree","[18,34]",White,"[0,25)",I,0,0,Independent,100,100,0,0,100,100,0,0,45,87,21,0,100,100,98,100,1.5,1.5,2,2.3333333333333335,0,0,0,1,0,0,Independence,Good manners,Obedience,Considerate,-3,2,1,0,2
1388,Massachusetts,Moderate,Somewhat approve,normal,5b85b430-a596-4f54-ab6d-290e2f433cb9,19,Male,"$20,000 to $24,999",White,No,High school graduate,Massachusetts,High school graduate,"[18,34]",White,"[0,25)",R,2,2,Republican,52,53,54,39,1,72,49,61,3,9,90,54,51,44,74,58,3,2,3,3,0,0,1,1,1,1,Respect for elders,Good manners,Obedience,Well-behaved,3,4,1,1,6
1361,Arizona,Conservative,Strongly approve,normal,5b85b0e6-14ab-4096-afa3-5b3cca17c450,67,Male,"$70,000 to $74,999",White,No,Graduate or professional degree,Arizona,Graduate or professional degree,"(64,96]",White,"[50,75)",R,3,3,Republican,1,1,1,1,100,1,100,1,1,1,1,1,1,1,100,1,2.5,2,2.5,3,1,1,1,1,1,1,Respect for elders,Good manners,Obedience,Considerate,-3,3,1,1,8
1384,Georgia,Liberal,Strongly approve,normal,5b85b3ea-47bc-449c-b3ba-b323fb1d54e5,40,Male,"$75,000 to $79,999",White,No,Bachelor's degree,Georgia,Bachelor's degree,"(34,49]",White,"[75,100)",D,-3,3,Democrat,98,83,100,95,100,89,96,95,92,80,96,66,86,88,90,93,3,1,3,4,1,0,0,1,1,1,Respect for elders,Good manners,Obedience,Well-behaved,3,4,1,0,5
1228,Oklahoma,Slightly liberal,Strongly disapprove,normal,5b85ac97-577c-43a9-a0fb-df326d77ef0d,59,Female,"$70,000 to $74,999","Black, or African American",No,Bachelor's degree,Oklahoma,Bachelor's degree,"(49,64]",Black,"[50,75)",D,-1,1,Democrat,80,80,20,9,33,80,50,50,50,100,50,20,80,80,50,20,1.5,2,2,1.5,0,0,0,1,0,1,Respect for elders,Good manners,Obedience,Considerate,-2,3,1,1,4
1352,North Carolina,Conservative,Strongly approve,normal,5b85b01d-83d0-43c6-ac73-cbd421a6ee96,70,Female,"$15,000 to $19,999",American Indian or Alaska Native,No,Bachelor's degree,North Carolina,Bachelor's degree,"(64,96]",American Indian or Alaska Native,"[0,25)",R,1,1,Republican,3,48,3,5,72,62,93,92,28,35,99,50,18,21,95,94,2,3,3,3,1,1,1,1,0,1,Respect for elders,Good manners,Self-reliance,Well-behaved,-3,3,1,1,7
1362,New York,Moderate,Strongly disapprove,normal,5b85b0eb-1096-4a41-9e7d-fc64bd71729c,21,Male,"Less than $14,999",White,No,Bachelor's degree,New York,Bachelor's degree,"[18,34]",White,"[0,25)",D,-2,2,Democrat,62,75,39,29,50,49,45,1,51,51,52,1,74,75,60,59,2,1,3,2,0,0,0,1,1,0,Respect for elders,Good manners,Self-reliance,Considerate,-2,2,0,0,2
1376,Texas,Liberal,Strongly disapprove,noincome,5b85b24b-9dd5-44c5-b7d9-e9a5cab38de7,58,Female,Prefer not to answer,White,No,Did not complete high school,Texas,Did not complete high school,"(49,64]",White,NA,D,-3,3,Democrat,93,71,1,1,80,100,40,1,1,1,100,9,80,78,1,1,1,2,3,1,1,1,1,1,0,1,Respect for elders,Curiosity,Self-reliance,Considerate,0,1,1,0,6
446,Missouri,Moderate,Strongly disapprove,normal,5b859b05-a5d8-4f84-954f-459773c183ce,71,Male,"$75,000 to $79,999",White,No,High school graduate,Missouri,High school graduate,"(64,96]",White,"[75,100)",D,-3,3,Democrat,99,83,3,1,100,74,1,1,1,1,78,45,100,100,99,100,1,1,3,2.3333333333333335,1,0,0,1,0,1,Respect for elders,Good manners,Obedience,Well-behaved,3,4,1,0,4
1372,California,Slightly liberal,Strongly disapprove,normal,5b85b1f5-2148-4343-a721-e5cff027cf58,59,Male,"$100,000 to $124,999",White,No,High school graduate,California,High school graduate,"(49,64]",White,"[100,200)",D,-2,2,Democrat,68,66,16,2,82,80,9,10,51,61,50,13,74,71,50,77,1,1,2,4,1,1,1,1,0,1,Respect for elders,Curiosity,Self-reliance,Considerate,3,1,1,1,7
1257,Georgia,Moderate,Strongly disapprove,normal,5b85ace2-204d-44d1-9da3-eb2b056240aa,70,Male,"$70,000 to $74,999",White,No,Graduate or professional degree,Georgia,Graduate or professional degree,"(64,96]",White,"[50,75)",D,-1,1,Democrat,80,38,2,2,11,78,10,4,10,9,48,17,76,74,26,51,1,2,3,1,1,1,1,1,1,1,Respect for elders,Good manners,Obedience,Well-behaved,-2,4,1,0,7
1271,Florida,Extremely conservative,Strongly approve,noincome,5b85ad03-5b85-40a4-9d08-d543618a6308,40,Female,"$35,000 to $39,999","Black, or African American",No,Bachelor's degree,Florida,Bachelor's degree,"(34,49]",Black,"[25,50)",R,3,3,Republican,74,100,4,3,1,1,100,100,3,4,99,8,1,2,100,100,2,3.5,3,3.5,1,0,0,1,0,1,Respect for elders,Good manners,Self-reliance,Considerate,-1,2,1,0,4
1382,Virginia,Extremely conservative,Somewhat disapprove,normal,5b85b3cc-f176-4a67-ad91-1d93849f4e54,29,Male,"$100,000 to $124,999",White,No,Bachelor's degree,Virginia,Bachelor's degree,"[18,34]",White,"[100,200)",I,0,0,Independent,11,45,8,4,100,100,5,3,100,8,100,NA,100,100,100,100,2,1.5,NA,2.5,0,0,0,1,0,1,Independence,Good manners,Obedience,Well-behaved,0,3,1,0,3
1389,Arkansas,Moderate,Somewhat approve,normal,5b85b43e-7340-437b-af8b-af90e81553b3,20,Male,"Less than $14,999","Black, or African American",No,High school graduate,Arkansas,High school graduate,"[18,34]",Black,"[0,25)",I,0,0,Independent,57,50,26,0,0,51,74,53,100,65,50,0,50,50,100,100,1,3,1,3.5,0,0,0,0,0,1,Independence,Curiosity,Obedience,Considerate,0,1,1,0,2
1392,Pennsylvania,Extremely liberal,Strongly disapprove,normal,5b85b48b-4d09-4d40-aaa7-45a689d280d0,40,Male,"$35,000 to $39,999",White,No,Bachelor's degree,Pennsylvania,Bachelor's degree,"(34,49]",White,"[25,50)",D,-3,3,Democrat,99,98,0,0,100,100,1,1,100,0,0,100,99,100,1,0,1,1.5,2.5,2,0,0,0,0,0,1,Respect for elders,Good manners,Self-reliance,Well-behaved,-3,3,1,0,2
1371,Arizona,Moderate,Somewhat approve,normal,5b85b1ee-e2af-4f71-9dba-02c3f253965b,22,Male,"$30,000 to $34,999",White,No,Bachelor's degree,Arizona,Bachelor's degree,"[18,34]",White,"[25,50)",D,-1,1,Democrat,100,100,0,0,0,100,0,0,61,100,2,0,50,50,15,34,1.5,2,2,1.5,0,0,0,1,0,0,Respect for elders,Curiosity,Self-reliance,Considerate,-3,1,1,0,2
1386,Washington,Extremely conservative,Strongly approve,noincome,5b85b3fd-ad69-45ec-8bd3-e6f5e878983a,58,Male,"$45,000 to $49,999",White,No,High school graduate,Washington,High school graduate,"(49,64]",White,"[25,50)",R,3,3,Republican,78,81,9,4,2,44,100,100,100,100,2,5,13,21,100,59,2,3.5,1.5,3,1,1,1,1,0,1,Respect for elders,Good manners,Obedience,Well-behaved,3,4,1,0,6
1396,New York,Liberal,Somewhat disapprove,normal,5b85b4c0-3831-454a-a105-9101d1f99946,58,Male,"$15,000 to $19,999",White,No,Bachelor's degree,New York,Bachelor's degree,"(49,64]",White,"[0,25)",D,-3,3,Democrat,94,95,79,97,77,84,93,93,65,88,73,85,85,93,98,96,4,3.5,2,3,1,1,1,1,0,0,Respect for elders,Good manners,Obedience,Considerate,3,3,1,1,6
1381,Kentucky,Extremely conservative,Strongly approve,normal,5b85b3a2-7401-4525-b2d0-5c2ad1f7890f,56,Male,"$75,000 to $79,999",White,No,Graduate or professional degree,Kentucky,Graduate or professional degree,"(49,64]",White,"[75,100)",R,1,1,Republican,28,19,23,27,10,100,85,38,39,39,41,1,0,0,100,100,1,2,3,3.5,0,0,0,1,1,1,Respect for elders,Good manners,Obedience,Well-behaved,-2,4,1,1,5
1402,Louisiana,Moderate,Strongly approve,normal,5b85b585-2540-406f-b7a6-4273c030f08f,30,Male,"$35,000 to $39,999",White,No,Bachelor's degree,Louisiana,Bachelor's degree,"[18,34]",White,"[25,50)",R,3,3,Republican,97,89,86,96,89,81,97,97,77,87,94,97,87,85,85,86,1,3.5,4,1,0,1,0,0,0,1,Respect for elders,Curiosity,Obedience,Considerate,3,2,1,0,3
1377,Maryland,Liberal,Strongly approve,normal,5b85b274-02f9-42f6-a096-e1126376f4d0,47,Male,"Less than $14,999",American Indian or Alaska Native,No,NA,Maryland,NA,"(34,49]",American Indian or Alaska Native,"[0,25)",I,0,0,Independent,75,95,5,8,6,81,80,79,96,97,97,98,30,94,13,19,2,2,4,2,0,0,0,1,0,0,Respect for elders,Good manners,Obedience,Well-behaved,-3,4,1,0,2
1298,Washington,Moderate,Strongly disapprove,noincome,5b85ad68-08c9-4008-8dac-a9f6d930c983,66,Female,Prefer not to answer,Asian *** Korean,No,Graduate or professional degree,Washington,Graduate or professional degree,"(64,96]",Asian or Pacific Islander,NA,I,0,0,Independent,80,80,1,1,5,5,85,5,100,75,5,1,100,100,36,35,1.5,3,1,1.5,0,0,0,1,0,1,Respect for elders,Curiosity,Obedience,Well-behaved,-3,3,0,0,2
1401,Florida,Moderate,Strongly approve,noincome,5b85b54d-9ca4-469a-a78b-785f79836fe9,18,Male,"$75,000 to $79,999",White,No,Bachelor's degree,Florida,Bachelor's degree,"[18,34]",White,"[75,100)",R,3,3,Republican,100,72,2,1,35,45,51,64,11,67,67,31,24,46,59,71,1,4,2.5,4,0,0,1,1,1,1,Respect for elders,Good manners,Obedience,Considerate,0,3,0,0,4
949,Utah,Moderate,Strongly disapprove,normal,5b85a34a-fefa-454d-a0ec-4e8349af72e8,63,Male,"$45,000 to $49,999",White,No,"Some college, no degree",Utah,"Some college, no degree","(49,64]",White,"[25,50)",I,0,0,Independent,77,72,2,2,53,66,2,1,85,75,97,3,56,59,3,53,1,2,3,2,1,1,1,1,1,1,Independence,Curiosity,Self-reliance,Considerate,3,0,1,1,8
1380,California,Slightly liberal,Somewhat disapprove,normal,5b85b390-8aa2-4035-940c-07af8bb4a0cc,43,Male,"$55,000 to $59,999",White,No,High school graduate,California,High school graduate,"(34,49]",White,"[50,75)",D,-1,1,Democrat,82,100,0,0,0,100,0,0,100,0,0,71,72,81,22,1,2,2,1,2,0,0,1,1,0,1,Independence,Curiosity,Self-reliance,Considerate,-3,0,1,0,4
1014,Michigan,Liberal,Strongly disapprove,normal,5b85a576-64c2-43b9-a321-e137757e2a00,29,Male,"$40,000 to $44,999",White,No,Bachelor's degree,Michigan,Bachelor's degree,"[18,34]",White,"[25,50)",D,-3,3,Democrat,73,81,1,1,89,71,1,1,100,4,1,0,96,53,73,89,2,1,1,1,1,0,0,1,0,1,Respect for elders,Curiosity,Obedience,Well-behaved,-2,3,1,1,5
1390,Georgia,Conservative,Somewhat approve,normal,5b85b47e-9a9a-462f-b27f-3555ad483910,51,Male,"$55,000 to $59,999",White,No,"Some college, no degree",Georgia,"Some college, no degree","(49,64]",White,"[50,75)",R,2,2,Republican,23,97,13,9,8,92,94,29,8,13,92,6,86,87,96,96,2,3,3,3.5,1,0,1,1,1,1,Respect for elders,Good manners,Self-reliance,Well-behaved,3,3,1,1,7
1394,California,Moderate,Somewhat approve,normal,5b85b4a6-d6d3-42dc-bd23-88bb93da9574,35,Male,"$70,000 to $74,999",White,No,Bachelor's degree,California,Bachelor's degree,"(34,49]",White,"[50,75)",R,2,2,Republican,89,89,5,6,35,36,44,39,62,51,64,65,48,51,37,42,1.5,3,4,2,1,1,1,1,0,1,Respect for elders,Good manners,Obedience,Well-behaved,-3,4,1,1,7
1379,Arkansas,Extremely conservative,Strongly disapprove,normal,5b85b2b8-a537-43ce-9d58-9be91cbbe10f,26,Female,"$25,000 to $29,999",Some other race,Yes,"Some college, no degree",Arkansas,"Some college, no degree","[18,34]",Other,"[25,50)",D,-3,3,Democrat,100,100,0,0,70,100,0,0,100,0,0,0,81,81,5,0,1.5,2,1,1.5,0,0,0,1,0,1,Independence,Good manners,Self-reliance,Considerate,-2,1,1,0,3
1335,Florida,Extremely liberal,Strongly disapprove,noincome,5b85aee8-7017-4c2d-be0c-9a15a628efd5,79,Male,"$30,000 to $34,999",White,No,"Some college, no degree",Florida,"Some college, no degree","(64,96]",White,"[25,50)",D,-3,3,Democrat,81,56,1,1,51,83,51,1,100,31,1,1,84,88,94,92,1,2,1,3,0,0,1,1,0,1,Respect for elders,Good manners,Obedience,Well-behaved,3,4,1,0,4
1385,Pennsylvania,Conservative,Somewhat approve,normal,5b85b3f5-5844-46ed-8e17-92c313bb53ca,23,Male,"$40,000 to $44,999",White,No,"Some college, no degree",Pennsylvania,"Some college, no degree","[18,34]",White,"[25,50)",R,3,3,Republican,13,96,5,3,20,19,100,46,6,100,50,2,46,46,45,47,2,3,2,4,0,0,0,1,0,1,Respect for elders,Good manners,Obedience,Well-behaved,1,4,1,0,3
1355,California,Liberal,Strongly disapprove,normal,5b85b024-0a48-48a2-a5bb-71ba6c746c29,24,Male,"$20,000 to $24,999","Black, or African American",No,Bachelor's degree,California,Bachelor's degree,"[18,34]",Black,"[0,25)",D,-2,2,Democrat,70,70,3,3,80,60,0,0,10,10,91,32,80,80,60,50,1.5,1,3,1.5,1,0,1,1,0,1,Independence,Curiosity,Self-reliance,Considerate,-1,0,1,0,5
1327,Minnesota,Conservative,Strongly approve,normal,5b85aea1-33ca-44fe-a627-8dfae9cb2f4a,86,Male,"Less than $14,999","Black, or African American",No,Did not complete high school,Minnesota,Did not complete high school,"(64,96]",Black,"[0,25)",R,2,2,Republican,53,97,16,3,3,56,87,98,1,2,80,47,42,47,96,97,2,4,3,4,1,0,1,1,0,1,Respect for elders,Good manners,Obedience,Considerate,3,3,1,0,5
1404,Massachusetts,Moderate,Strongly disapprove,normal,5b85b59b-edf5-4bd3-83e3-9a509a29d4f2,24,Male,"Less than $14,999","Black, or African American",No,Bachelor's degree,Massachusetts,Bachelor's degree,"[18,34]",Black,"[0,25)",D,-2,2,Democrat,79,82,4,8,69,77,75,9,51,49,97,51,4,6,68,8,2,2,3,3,1,0,0,1,0,1,Respect for elders,Good manners,Obedience,Well-behaved,0,4,1,0,4
1414,Connecticut,Moderate,Somewhat approve,normal,5b85b6a8-2a73-4103-9f71-41f332f90f27,56,Male,"Less than $14,999",White,No,Bachelor's degree,Connecticut,Bachelor's degree,"(49,64]",White,"[0,25)",R,2,2,Republican,85,68,62,32,67,58,57,78,54,26,28,30,91,88,79,66,1,4,1,1,1,1,1,1,0,0,Respect for elders,Good manners,Obedience,Well-behaved,0,4,1,0,5
1383,New York,Slightly conservative,Strongly approve,normal,5b85b3d0-cf18-4164-ab51-aef7f2550081,54,Male,"$20,000 to $24,999",Asian *** Other,No,Bachelor's degree,New York,Bachelor's degree,"(49,64]",Asian or Pacific Islander,"[0,25)",R,2,2,Republican,100,100,100,18,6,5,100,100,100,20,6,100,100,100,100,100,2,3.5,2.5,2.5,1,1,1,1,0,1,Respect for elders,Good manners,Obedience,Considerate,3,3,1,0,6
1400,Texas,Moderate,Strongly disapprove,noincome,5b85b52a-bdf0-4437-ae73-f6a7cef384a8,39,Female,"$20,000 to $24,999",White,No,High school graduate,Texas,High school graduate,"(34,49]",White,"[0,25)",D,-3,3,Democrat,74,60,12,3,100,99,1,1,44,100,15,84,36,85,100,100,1,1,2,3.5,0,1,1,1,1,1,Independence,Good manners,Self-reliance,Well-behaved,-3,2,0,0,5
1407,Georgia,Slightly conservative,Strongly approve,normal,5b85b5e0-a4ea-4434-aebb-ecb8c0dd3f57,63,Female,"$15,000 to $19,999",White,No,High school graduate,Georgia,High school graduate,"(49,64]",White,"[0,25)",I,0,0,Independent,70,70,20,20,10,38,98,98,71,33,32,5,71,83,98,99,1.5,3.5,1,4,1,1,1,1,0,1,Respect for elders,Good manners,Obedience,Well-behaved,3,4,1,1,7
1391,Arizona,Conservative,Strongly approve,normal,5b85b488-25a7-4f63-a370-c3ae6cfad0b4,46,Male,"$35,000 to $39,999",White,No,Graduate or professional degree,Arizona,Graduate or professional degree,"(34,49]",White,"[25,50)",R,1,1,Republican,75,50,50,0,0,1,100,50,50,50,80,0,0,0,100,100,1,3,3,3.5,1,1,1,1,1,1,Respect for elders,Good manners,Self-reliance,Well-behaved,3,3,1,1,8
1112,Ohio,Moderate,Strongly disapprove,normal,5b85aa08-d2ad-4797-9bfe-5468a1d618d1,45,Female,"$20,000 to $24,999",Asian *** Other,No,High school graduate,Ohio,High school graduate,"(34,49]",Asian or Pacific Islander,"[0,25)",I,0,0,Independent,78,78,10,2,73,75,74,71,97,90,29,1,84,83,51,16,1.5,2,1,1,0,0,0,1,1,1,Respect for elders,Good manners,Obedience,Well-behaved,-3,4,0,0,3
1395,New York,Moderate,Somewhat approve,normal,5b85b4b3-77b7-4d5e-b553-2096da431114,36,Male,"$20,000 to $24,999","Black, or African American",No,"Some college, no degree",New York,"Some college, no degree","(34,49]",Black,"[0,25)",I,0,0,Independent,100,100,2,2,2,100,100,100,14,75,73,46,54,50,100,29,1.5,3,2,3,0,0,0,1,1,0,Respect for elders,Good manners,Self-reliance,Well-behaved,0,3,1,1,4
1399,Florida,Liberal,Strongly disapprove,noincome,5b85b52a-4f4a-4b45-bfa3-f470c8b9609c,43,Female,"$40,000 to $44,999",White,No,Bachelor's degree,Florida,Bachelor's degree,"(34,49]",White,"[25,50)",I,0,0,Independent,90,70,1,1,90,100,10,1,99,52,5,1,52,50,91,98,1,2,1,4,1,0,1,1,1,1,Respect for elders,Good manners,Obedience,Well-behaved,2,4,1,1,7
1393,Texas,Moderate,Somewhat approve,noincome,5b85b49a-ae3b-4780-92fc-e9f4b7ba6864,53,Male,"$50,000 to $54,999",White,No,"Some college, no degree",Texas,"Some college, no degree","(49,64]",White,"[50,75)",R,2,2,Republican,50,50,49,48,89,90,89,5,91,89,47,8,10,9,10,9,1.5,2,1,2,1,0,1,1,0,1,Respect for elders,Curiosity,Obedience,Considerate,-3,2,1,1,6
1398,Connecticut,Conservative,Somewhat approve,normal,5b85b4ec-cfb1-442e-9c98-9e5424842851,54,Male,"$30,000 to $34,999",White,No,High school graduate,Connecticut,High school graduate,"(49,64]",White,"[25,50)",R,1,1,Republican,80,50,0,0,0,100,100,100,80,80,50,0,100,100,100,100,1,3,1.5,2.5,1,1,1,1,0,1,Respect for elders,Good manners,Self-reliance,Well-behaved,-2,3,1,0,6
1405,Louisiana,Moderate,Somewhat disapprove,normal,5b85b5bd-16c8-4564-a2b4-55d72b3a5e87,42,Female,Prefer not to answer,Some other race,Yes,High school graduate,Louisiana,High school graduate,"(34,49]",Other,NA,I,0,0,Independent,100,100,1,2,3,100,2,2,100,1,1,2,100,100,6,1,1.5,2,1,1.5,0,0,0,1,1,1,Respect for elders,Good manners,Obedience,Well-behaved,-3,4,1,0,4
1410,South Dakota,Conservative,Somewhat approve,"noincome,nocorp",5b85b61d-6396-41bb-a8af-03692b2196b4,42,Male,"$30,000 to $34,999","Black, or African American",No,High school graduate,South Dakota,High school graduate,"(34,49]",Black,"[25,50)",R,3,3,Republican,70,70,25,0,80,100,100,50,0,0,30,80,0,0,100,50,1.5,2.5,4,3,0,0,0,1,1,1,Respect for elders,Good manners,Obedience,Well-behaved,3,4,1,1,5
1413,Tennessee,Extremely conservative,Strongly approve,noincome,5b85b66b-dca0-448a-a773-95c6508e59d8,27,Male,"$15,000 to $19,999",White,No,"Some college, no degree",Tennessee,"Some college, no degree","[18,34]",White,"[0,25)",R,3,3,Republican,21,18,79,73,2,2,100,100,100,24,6,100,2,2,97,100,3,3.5,2.5,4,0,1,1,1,0,1,Respect for elders,Curiosity,Obedience,Well-behaved,3,3,1,0,5
1207,California,Moderate,Strongly disapprove,normal,5b85ac54-70f7-4315-8c85-0f3cadbbf0b6,52,Male,"$35,000 to $39,999",White,No,High school graduate,California,High school graduate,"(49,64]",White,"[25,50)",D,-3,3,Democrat,42,69,44,60,40,72,45,55,94,60,67,69,57,41,67,52,2,2,1,3,0,0,0,0,0,1,Independence,Good manners,Self-reliance,Well-behaved,0,2,0,0,1
1406,Ohio,Moderate,Strongly approve,normal,5b85b5bd-f6fc-495c-91ef-0f3c5a8563c7,48,Male,"Less than $14,999",Some other race,No,High school graduate,Ohio,High school graduate,"(34,49]",Other,"[0,25)",R,1,1,Republican,100,100,1,1,51,1,100,86,1,1,100,1,50,72,100,100,1.5,3,3,3.5,0,0,0,1,0,0,Respect for elders,Good manners,Self-reliance,Considerate,0,2,0,1,2
1450,California,Extremely liberal,Strongly disapprove,normal,5b85b96e-e3aa-4e12-8db9-a158f1916973,27,Male,"Less than $14,999",White,No,"Some college, no degree",California,"Some college, no degree","[18,34]",White,"[0,25)",D,-3,3,Democrat,92,81,3,6,4,6,16,24,100,1,1,1,4,6,66,60,1,4,1,3,0,0,0,0,1,1,Independence,Curiosity,Obedience,Well-behaved,-2,2,1,0,3
1418,Virginia,Conservative,Strongly approve,normal,5b85b6f4-903b-4940-a425-86421fbee03c,40,Male,"Less than $14,999","Black, or African American",No,"Some college, no degree",Virginia,"Some college, no degree","(34,49]",Black,"[0,25)",D,-3,3,Democrat,52,50,25,25,51,51,100,25,50,50,50,4,80,82,100,51,1,3,2,3,0,0,0,0,1,1,Respect for elders,Good manners,Self-reliance,Well-behaved,-3,3,0,0,2
1456,North Carolina,Extremely liberal,Strongly approve,normal,5b85b98e-ec87-4bcd-be09-ef2b743e8c19,29,Female,Prefer not to answer,White,No,High school graduate,North Carolina,High school graduate,"[18,34]",White,NA,R,1,1,Republican,19,35,38,36,68,67,91,94,39,33,59,36,7,90,88,36,3,4,3,2,0,0,0,0,0,1,Respect for elders,Good manners,Obedience,Well-behaved,1,4,1,0,2
1190,Florida,Moderate,Somewhat approve,noincome,5b85ac24-b8ee-4eae-9850-e425e6f1edf5,44,Male,"$150,000 to $174,999",White,No,"Some college, no degree",Florida,"Some college, no degree","(34,49]",White,"[100,200)",R,2,2,Republican,84,60,1,2,2,3,46,14,100,100,1,1,55,62,75,21,1,3,1.5,3,1,0,0,1,0,1,Respect for elders,Good manners,Obedience,Well-behaved,2,4,1,0,4
1397,Washington,Slightly conservative,Strongly disapprove,noincome,5b85b4ea-0ccc-44b6-a298-1c946c79d8bd,64,Male,"$75,000 to $79,999",White,No,Bachelor's degree,Washington,Bachelor's degree,"(49,64]",White,"[75,100)",D,-1,1,Democrat,60,60,41,41,1,1,1,1,1,2,100,10,100,100,100,100,1.5,2.5,3,2.5,1,1,1,1,0,0,Respect for elders,Good manners,Self-reliance,Considerate,3,2,1,1,6
1464,Ohio,Extremely conservative,Somewhat approve,normal,5b85b9b4-d18e-4578-b5bf-4e160365fd1e,22,Male,"$100,000 to $124,999",Asian *** Filipino,No,"Some college, no degree",Ohio,"Some college, no degree","[18,34]",Asian or Pacific Islander,"[100,200)",R,3,3,Republican,75,45,58,39,73,53,51,63,0,0,0,100,39,56,49,58,1,1,4,4,0,0,0,1,0,1,Respect for elders,Good manners,Obedience,Considerate,3,3,1,0,3
1448,Texas,Moderate,Somewhat disapprove,noincome,5b85b962-5803-4c3a-b98a-1ff16b8d0018,22,Male,"Less than $14,999",White,No,High school graduate,Texas,High school graduate,"[18,34]",White,"[0,25)",D,-1,1,Democrat,87,63,92,80,82,92,77,87,96,52,1,3,58,44,64,79,3,2,1,4,0,0,0,0,0,0,Independence,Curiosity,Obedience,Considerate,-3,1,0,0,0
1462,Tennessee,Moderate,Somewhat disapprove,noincome,5b85b9af-96b2-4e24-92f1-e2e8eb78808a,29,Male,"$95,000 to $99,999",White,No,Bachelor's degree,Tennessee,Bachelor's degree,"[18,34]",White,"[75,100)",D,-2,2,Democrat,64,37,7,40,51,69,30,54,58,65,26,78,31,20,63,25,1,2,4,3,1,0,0,1,0,0,Independence,Good manners,Obedience,Well-behaved,2,3,1,0,3
1422,Texas,Conservative,Strongly disapprove,noincome,5b85b774-e0c2-48a9-af45-71cdf50a57e6,63,Female,"$125,000 to $149,999",Some other race,No,Bachelor's degree,Texas,Bachelor's degree,"(49,64]",Other,"[100,200)",D,-3,3,Democrat,1,7,6,2,49,2,100,98,0,0,100,0,99,100,100,60,2,3,3,2.5,1,1,1,1,1,1,Respect for elders,Good manners,Obedience,Considerate,3,3,1,1,8
1421,Arkansas,Moderate,Somewhat disapprove,normal,5b85b747-afc6-4f59-9627-b48bbdda0508,23,Male,"$100,000 to $124,999",White,Yes,Bachelor's degree,Arkansas,Bachelor's degree,"[18,34]",White,"[100,200)",D,-1,1,Democrat,100,100,1,1,97,100,0,0,100,78,58,0,84,68,83,100,1.5,2,1,4,1,1,1,1,0,1,Respect for elders,Good manners,Self-reliance,Considerate,3,2,1,0,6
1426,Florida,Slightly liberal,Somewhat disapprove,noincome,5b85b7d8-9127-44ce-9dae-3a81d9bcfa65,28,Male,"$150,000 to $174,999",White,No,Graduate or professional degree,Florida,Graduate or professional degree,"[18,34]",White,"[100,200)",D,-3,3,Democrat,90,91,0,0,89,100,10,0,100,5,10,0,70,71,49,50,2,2,1,2,0,1,0,1,0,1,Respect for elders,Good manners,Obedience,Considerate,-3,3,1,0,4
1433,Florida,Moderate,Somewhat disapprove,noincome,5b85b91e-7a07-4c80-b6ff-2a03a4495ed5,24,Male,"$30,000 to $34,999","Black, or African American",No,High school graduate,Florida,High school graduate,"[18,34]",Black,"[25,50)",D,-2,2,Democrat,96,95,91,10,95,11,87,10,80,62,52,18,89,75,82,92,1,1,1,4,0,0,0,0,1,0,Respect for elders,Good manners,Obedience,Well-behaved,3,4,1,0,2
1449,New York,Extremely conservative,Strongly disapprove,normal,5b85b966-5de4-46de-922a-18fd0781592d,28,Male,"Less than $14,999",White,No,High school graduate,New York,High school graduate,"[18,34]",White,"[0,25)",I,0,0,Independent,98,96,4,3,4,4,2,4,100,18,18,100,28,26,4,3,1,2.3333333333333335,2.5,1,0,0,0,1,1,0,Respect for elders,Good manners,Self-reliance,Well-behaved,0,3,1,0,3
1425,Oregon,Slightly liberal,Strongly disapprove,normal,5b85b7ce-9408-4a49-a342-b7f587b9c405,57,Female,"$35,000 to $39,999",Asian *** Other,No,"Some college, no degree",Oregon,"Some college, no degree","(49,64]",Asian or Pacific Islander,"[25,50)",D,-2,2,Democrat,70,80,19,1,0,0,100,44,100,50,0,0,100,100,48,100,2,3,1,2.3333333333333335,1,0,1,1,1,1,Independence,Curiosity,Self-reliance,Considerate,-3,0,1,0,6
1417,Illinois,Slightly liberal,Strongly disapprove,normal,5b85b6eb-2741-4b01-9f10-e5ed06a1ae57,63,Male,"$70,000 to $74,999",White,No,High school graduate,Illinois,High school graduate,"(49,64]",White,"[50,75)",D,-3,3,Democrat,69,99,10,6,11,100,50,38,92,73,99,5,98,99,100,35,2,2,3,3,1,1,1,1,0,1,Respect for elders,Good manners,Self-reliance,Well-behaved,2,3,1,1,7
1289,North Dakota,Moderate,Strongly disapprove,normal,5b85ad39-747f-4c00-b896-1b4568fa5b1c,80,Male,"$65,000 to $69,999",White,No,"Some college, no degree",North Dakota,"Some college, no degree","(64,96]",White,"[50,75)",D,-1,1,Democrat,77,76,28,29,79,78,79,39,62,89,48,46,82,82,93,92,1,2,2,3,1,1,1,1,1,1,Respect for elders,Good manners,Obedience,Well-behaved,-2,4,1,1,8
1429,Massachusetts,Slightly conservative,Somewhat approve,normal,5b85b8c6-af31-4ccd-99af-40d80bd6a696,58,Male,"$95,000 to $99,999",White,Yes,High school graduate,Massachusetts,High school graduate,"(49,64]",White,"[75,100)",R,2,2,Republican,31,49,21,4,3,17,99,67,1,1,92,1,4,3,49,8,2,3,3,3,1,1,1,1,1,1,Respect for elders,Curiosity,Self-reliance,Considerate,2,1,1,0,7
1451,North Dakota,Moderate,Somewhat disapprove,normal,5b85b974-c07f-47fa-8c7a-b039f2840b2a,18,Male,"$40,000 to $44,999",White,Yes,Associate's degree,North Dakota,Associate's degree,"[18,34]",White,"[25,50)",R,2,2,Republican,49,80,10,0,40,75,76,41,11,10,88,44,7,12,78,97,2,3,3,4,0,0,0,0,1,1,Respect for elders,Good manners,Obedience,Well-behaved,-2,4,0,1,3
1442,South Carolina,Extremely conservative,Strongly disapprove,normal,5b85b94d-f1f4-4d34-91f8-9ac31cd0726f,36,Male,"Less than $14,999",White,Yes,Associate's degree,South Carolina,Associate's degree,"(34,49]",White,"[0,25)",R,1,1,Republican,86,85,80,68,60,50,57,54,3,6,6,6,5,6,8,1,1,1,3,3,1,0,1,1,0,0,Respect for elders,Good manners,Obedience,Well-behaved,0,4,0,1,4
1459,Illinois,Moderate,Strongly disapprove,normal,5b85b9aa-24b7-4f6b-a4f0-b298cc31007f,27,Male,"$25,000 to $29,999",Asian *** Other,No,Bachelor's degree,Illinois,Bachelor's degree,"[18,34]",Asian or Pacific Islander,"[25,50)",D,-3,3,Democrat,37,50,48,53,41,45,29,49,100,31,13,0,40,36,100,100,4,4,1,3.5,0,0,0,1,1,1,Independence,Good manners,Obedience,Well-behaved,-1,3,1,0,4
1358,Pennsylvania,Moderate,Somewhat approve,normal,5b85b0c0-816c-49b9-9cf1-64da4e105f0c,73,Male,"$40,000 to $44,999","Black, or African American",No,Bachelor's degree,Pennsylvania,Bachelor's degree,"(64,96]",Black,"[25,50)",R,3,3,Republican,51,51,20,18,81,80,85,47,1,1,52,11,80,80,48,66,1.5,3,3,1.5,0,0,0,1,0,1,Respect for elders,Good manners,Obedience,Well-behaved,3,4,1,0,3
1446,Iowa,Slightly liberal,Strongly disapprove,normal,5b85b95d-a09a-4e3b-bd31-efced890746c,21,Male,"$50,000 to $54,999",White,No,Did not complete high school,Iowa,Did not complete high school,"[18,34]",White,"[50,75)",D,-2,2,Democrat,75,58,0,0,76,100,13,0,47,100,0,0,24,0,100,0,1,2,2,3,1,0,1,1,0,1,Independence,Good manners,Self-reliance,Considerate,2,1,1,1,6
1473,Georgia,Moderate,Somewhat approve,normal,5b85ba4d-9045-451d-853d-97e51a0ecda2,28,Male,"$25,000 to $29,999",White,No,"Some college, no degree",Georgia,"Some college, no degree","[18,34]",White,"[25,50)",I,0,0,Independent,52,51,49,52,41,46,49,46,45,46,53,54,45,47,47,50,2.5,3,4,4,0,0,0,0,0,1,Respect for elders,Good manners,Self-reliance,Considerate,0,2,1,0,2
1454,New Hampshire,Extremely liberal,Strongly disapprove,"noincome,nosales",5b85b986-5338-47d8-8902-744be2353f38,50,Male,"$20,000 to $24,999",White,No,"Some college, no degree",New Hampshire,"Some college, no degree","(49,64]",White,"[0,25)",D,-3,3,Democrat,62,92,3,2,65,76,4,2,17,97,25,3,7,9,6,8,2,2,2,2,1,1,1,1,0,1,Independence,Curiosity,Self-reliance,Considerate,3,0,1,1,7
1420,Louisiana,Moderate,Strongly disapprove,normal,5b85b72e-f679-4e46-a167-8f5ff0c0a198,42,Male,"$25,000 to $29,999",White,No,Bachelor's degree,Louisiana,Bachelor's degree,"(34,49]",White,"[25,50)",D,-1,1,Democrat,97,81,9,10,61,100,12,15,8,11,91,34,100,86,100,100,1,2,3,2.6666666666666665,1,0,1,1,1,1,Respect for elders,Good manners,Obedience,Considerate,3,3,1,1,7
1428,Texas,Moderate,Somewhat approve,noincome,5b85b89b-da7d-4086-802a-b685e4bd9162,53,Male,"$35,000 to $39,999","Black, or African American",No,High school graduate,Texas,High school graduate,"(49,64]",Black,"[25,50)",R,2,2,Republican,3,100,5,7,30,4,97,96,100,100,100,1,6,3,96,100,2,3,2,4,1,1,1,1,0,1,Respect for elders,Curiosity,Self-reliance,Considerate,0,1,1,1,7
1354,Minnesota,Liberal,Strongly disapprove,normal,5b85b020-d238-437e-ba55-6de646b269ed,57,Male,"Less than $14,999",White,No,Did not complete high school,Minnesota,Did not complete high school,"(49,64]",White,"[0,25)",D,-3,3,Democrat,100,100,3,1,50,75,99,46,99,100,43,2,100,100,100,100,1.5,3,2,2.5,0,1,1,1,1,1,Respect for elders,Curiosity,Self-reliance,Considerate,2,1,1,1,7
1487,California,Slightly liberal,Strongly disapprove,normal,5b85bb45-4523-41c2-8b60-106c1b27794b,20,Male,"$50,000 to $54,999",White,No,"Some college, no degree",California,"Some college, no degree","[18,34]",White,"[50,75)",D,-3,3,Democrat,51,53,54,58,50,56,61,27,68,72,8,4,25,21,33,24,4,3,2,3,0,0,0,1,0,1,Independence,Good manners,Self-reliance,Well-behaved,-2,2,0,1,3
1409,Pennsylvania,Extremely conservative,Strongly approve,normal,5b85b5ee-a2c2-486d-9acb-e66d1d3f32e3,54,Female,Prefer not to answer,"Black, or African American",No,"Some college, no degree",Pennsylvania,"Some college, no degree","(49,64]",Black,NA,D,-1,1,Democrat,100,100,1,2,5,4,100,100,100,2,2,1,100,100,100,100,1.5,3.5,1,2.5,0,0,0,1,0,0,Respect for elders,Curiosity,Self-reliance,Considerate,-3,1,1,0,2
1443,Florida,Moderate,Somewhat approve,noincome,5b85b954-884f-4fc6-ada5-c3e872386d7b,48,Male,"$20,000 to $24,999",White,No,"Some college, no degree",Florida,"Some college, no degree","(34,49]",White,"[0,25)",D,-1,1,Democrat,93,91,29,5,10,12,68,33,1,2,100,9,29,18,3,1,1,3,3,1,1,0,0,1,0,1,Respect for elders,Good manners,Self-reliance,Considerate,-2,2,0,0,3
1474,Georgia,Liberal,Somewhat approve,normal,5b85ba54-73fd-43e2-8b0b-e738595583e0,38,Male,"$60,000 to $64,999",White,No,High school graduate,Georgia,High school graduate,"(34,49]",White,"[50,75)",D,-3,3,Democrat,77,54,77,62,74,73,29,4,77,47,67,81,71,67,99,100,2,1,4,4,0,0,1,1,1,1,Respect for elders,Good manners,Obedience,Considerate,-3,3,0,0,4
1444,Indiana,Moderate,Somewhat approve,normal,5b85b955-b03c-462c-b446-a27cddd0478d,60,Male,"$60,000 to $64,999",White,No,Associate's degree,Indiana,Associate's degree,"(49,64]",White,"[50,75)",D,-2,2,Democrat,2,2,99,62,2,3,100,100,95,8,1,1,74,72,77,99,3,3.5,1,4,1,0,1,1,0,1,Respect for elders,Curiosity,Obedience,Considerate,-3,2,1,1,6
1458,Tennessee,Slightly conservative,Strongly approve,noincome,5b85b99c-2736-4f0d-acdb-9c2606e348df,24,Female,"$15,000 to $19,999",Prefer not to answer,No,"Some college, no degree",Tennessee,"Some college, no degree","[18,34]",Prefer not to answer,"[0,25)",R,1,1,Republican,2,1,100,100,0,99,99,99,2,1,51,51,2,2,99,99,3.5,3,3.5,3.5,1,1,1,1,0,1,Respect for elders,Good manners,Self-reliance,Considerate,0,2,1,1,7
1416,Texas,Slightly liberal,Strongly approve,noincome,5b85b6e8-9a6b-4bdd-8345-28f0290830ac,60,Male,"$30,000 to $34,999",White,No,Associate's degree,Texas,Associate's degree,"(49,64]",White,"[25,50)",R,3,3,Republican,83,83,3,4,4,100,100,100,93,99,77,2,88,91,100,100,1.5,3,2,3.5,1,0,1,1,0,1,Independence,Good manners,Obedience,Well-behaved,-3,3,1,0,5
1466,California,Moderate,Somewhat approve,normal,5b85b9ba-9283-4137-8665-c5bbddcd8e1d,39,Male,"$20,000 to $24,999",White,No,"Some college, no degree",California,"Some college, no degree","(34,49]",White,"[0,25)",R,1,1,Republican,1,2,92,95,0,0,0,100,97,94,55,7,47,46,95,95,4,4,1,3.5,0,0,0,0,0,0,Independence,Good manners,Self-reliance,Well-behaved,-1,2,0,0,0
1415,Arizona,Moderate,Strongly disapprove,normal,5b85b6da-95cf-4e04-8ab2-5f50970260a8,54,Male,"$35,000 to $39,999","Black, or African American",No,"Some college, no degree",Arizona,"Some college, no degree","(49,64]",Black,"[25,50)",D,-1,1,Democrat,58,56,2,2,2,1,2,4,94,74,13,6,13,34,91,10,1,4,1,3,0,0,1,1,0,1,Respect for elders,Good manners,Obedience,Considerate,3,3,1,1,5
1438,Pennsylvania,Slightly liberal,Somewhat approve,normal,5b85b942-938e-40c1-b6b7-2d6dffb22604,69,Female,"$40,000 to $44,999",Some other race,Yes,Graduate or professional degree,Pennsylvania,Graduate or professional degree,"(64,96]",Other,"[25,50)",D,-2,2,Democrat,50,50,20,50,20,100,100,100,50,50,50,2,70,70,50,100,2.3333333333333335,3,2,4,0,1,1,1,0,0,Respect for elders,Curiosity,Self-reliance,Considerate,-2,1,0,0,3
1412,Vermont,Slightly conservative,Strongly approve,normal,5b85b643-e057-40d5-b575-793f47c1cdd2,62,Male,"$150,000 to $174,999","Black, or African American",No,Graduate or professional degree,Vermont,Graduate or professional degree,"(49,64]",Black,"[100,200)",R,1,1,Republican,11,5,89,87,8,7,96,51,100,14,14,4,35,35,89,50,3,3,1,3,0,1,0,1,1,1,Respect for elders,Curiosity,Obedience,Considerate,0,2,1,1,6
1441,North Carolina,Conservative,Somewhat approve,normal,5b85b94b-ca34-4947-be0b-313fe49b559e,68,Male,"$20,000 to $24,999",White,No,"Some college, no degree",North Carolina,"Some college, no degree","(64,96]",White,"[0,25)",R,1,1,Republican,82,53,1,1,1,99,82,51,20,82,81,2,52,51,72,52,1,2,2,3,1,0,1,1,0,1,Independence,Good manners,Self-reliance,Considerate,3,1,1,0,5
1468,Pennsylvania,Liberal,Strongly disapprove,normal,5b85b9c9-3bb6-43b1-a29e-0a82b8219f14,36,Male,"$15,000 to $19,999",White,No,High school graduate,Pennsylvania,High school graduate,"(34,49]",White,"[0,25)",D,-3,3,Democrat,100,100,1,1,75,83,2,2,74,97,7,1,55,82,9,13,1.5,2,2,2,1,1,1,1,1,1,Independence,Good manners,Obedience,Considerate,3,2,1,1,8
1461,Ohio,Moderate,Strongly disapprove,normal,5b85b9ac-b444-4e09-a08f-f911e845924d,28,Male,"Less than $14,999",White,No,"Some college, no degree",Ohio,"Some college, no degree","[18,34]",White,"[0,25)",D,-1,1,Democrat,74,39,14,19,29,43,16,10,24,95,31,12,26,28,74,42,1,2,2,3,0,0,0,1,0,0,Respect for elders,Curiosity,Self-reliance,Considerate,0,1,1,0,2
1475,Tennessee,Extremely conservative,Strongly disapprove,noincome,5b85ba62-2968-409b-8684-05b17c58d898,27,Male,"Less than $14,999","Black, or African American",No,"Some college, no degree",Tennessee,"Some college, no degree","[18,34]",Black,"[0,25)",R,1,1,Republican,100,97,35,4,29,81,71,70,2,0,40,100,20,51,100,46,1,2,4,3,0,0,0,1,1,1,Respect for elders,Good manners,Obedience,Well-behaved,-3,4,1,0,4
1476,New York,Slightly conservative,Strongly disapprove,normal,5b85ba6f-3e7c-46f9-a5ee-b296fa4f80ae,70,Male,"$65,000 to $69,999",White,No,Bachelor's degree,New York,Bachelor's degree,"(64,96]",White,"[50,75)",D,-1,1,Democrat,9,50,31,7,1,8,100,0,1,3,33,50,100,99,51,31,2,3,4,1,1,1,1,1,0,1,Independence,Curiosity,Self-reliance,Considerate,-2,0,1,1,7
1470,Mississippi,Slightly conservative,Somewhat approve,normal,5b85ba0d-b184-42a0-ae4e-7d6180951ae5,71,Male,"$35,000 to $39,999",Some other race,No,Bachelor's degree,Mississippi,Bachelor's degree,"(64,96]",Other,"[25,50)",R,3,3,Republican,42,42,21,7,10,91,48,20,50,50,50,50,50,49,49,50,1.5,2,2.5,2.5,1,1,1,1,1,1,Respect for elders,Good manners,Self-reliance,Well-behaved,-2,3,1,0,7
1483,Pennsylvania,Moderate,Somewhat disapprove,normal,5b85bae8-e39e-4589-b10c-f7619bf45fbc,34,Male,"$15,000 to $19,999","Black, or African American",No,High school graduate,Pennsylvania,High school graduate,"[18,34]",Black,"[0,25)",I,0,0,Independent,50,50,30,30,0,0,100,100,40,40,50,40,75,75,50,50,1.5,3.5,3,1.5,1,1,1,1,0,0,Respect for elders,Good manners,Self-reliance,Considerate,-2,2,0,1,5
1432,Kentucky,Slightly conservative,Somewhat disapprove,normal,5b85b911-876d-48f1-b680-0b278fd1160d,42,Male,"$55,000 to $59,999",White,No,Graduate or professional degree,Kentucky,Graduate or professional degree,"(34,49]",White,"[50,75)",R,2,2,Republican,54,70,12,14,30,5,5,4,30,42,70,54,9,5,99,100,2,1,3,4,1,0,1,1,1,1,Respect for elders,Curiosity,Self-reliance,Well-behaved,2,2,1,0,6
1481,Maryland,Moderate,Strongly approve,normal,5b85bac9-5661-4912-b698-49f089217492,52,Male,"$125,000 to $149,999",Asian *** Chinese,No,Graduate or professional degree,Maryland,Graduate or professional degree,"(49,64]",Asian or Pacific Islander,"[100,200)",R,1,1,Republican,51,51,16,16,6,7,67,52,33,77,84,2,2,13,71,47,1.5,3,3,3,1,1,1,1,0,1,Independence,Curiosity,Self-reliance,Considerate,0,0,1,0,6
1424,Ohio,Moderate,Somewhat disapprove,normal,5b85b7c7-0e72-44f1-8bbd-add7e3866a8b,50,Male,"$20,000 to $24,999",White,No,"Some college, no degree",Ohio,"Some college, no degree","(49,64]",White,"[0,25)",D,-1,1,Democrat,100,100,0,0,70,100,20,0,100,100,10,100,100,100,60,100,1.5,2,2.3333333333333335,2.3333333333333335,0,0,1,1,0,1,Independence,Good manners,Self-reliance,Considerate,-2,1,1,0,4
1463,Delaware,Slightly conservative,Somewhat disapprove,normal,5b85b9b3-8bb5-4237-a9b4-9b3b699678ef,64,Male,"Less than $14,999",Some other race,No,Did not complete high school,Delaware,Did not complete high school,"(49,64]",Other,"[0,25)",R,1,1,Republican,74,66,28,18,50,75,47,34,53,66,54,21,60,56,51,75,1,2,2,4,1,0,1,1,0,1,Respect for elders,Curiosity,Self-reliance,Considerate,3,1,1,1,6
1447,Louisiana,Moderate,Strongly disapprove,normal,5b85b960-6087-4cfd-885b-c2bf18c0f537,59,Male,"$125,000 to $149,999",White,No,Bachelor's degree,Louisiana,Bachelor's degree,"(49,64]",White,"[100,200)",D,-3,3,Democrat,70,93,2,2,44,82,11,11,18,12,92,1,52,55,50,46,2,2,3,2,1,0,0,1,0,1,Respect for elders,Good manners,Self-reliance,Well-behaved,-3,3,1,0,4
1485,California,Slightly conservative,Somewhat disapprove,normal,5b85bb13-b786-4551-8e3c-c293b422270c,62,Female,"$25,000 to $29,999",White,No,High school graduate,California,High school graduate,"(49,64]",White,"[25,50)",R,2,2,Republican,74,52,19,8,71,62,89,76,37,57,66,27,57,64,50,27,1,3,3,2,0,0,1,1,0,1,Respect for elders,Good manners,Obedience,Considerate,-2,3,0,0,3
1430,Pennsylvania,Extremely liberal,Strongly disapprove,normal,5b85b8ca-a440-4ae7-9a7d-edaede886ed1,22,Female,"$65,000 to $69,999",White,No,"Some college, no degree",Pennsylvania,"Some college, no degree","[18,34]",White,"[50,75)",D,-3,3,Democrat,100,100,0,0,52,53,0,0,71,29,0,0,100,61,11,0,1.5,2,1,1,0,0,0,1,0,1,Independence,Curiosity,Self-reliance,Considerate,3,0,1,1,4
1467,California,Moderate,Strongly approve,normal,5b85b9c3-1e6d-4d12-a57b-f99378293fce,53,Female,"$40,000 to $44,999",White,No,Associate's degree,California,Associate's degree,"(49,64]",White,"[25,50)",R,3,3,Republican,1,1,100,100,1,1,100,100,1,50,1,1,1,1,100,100,3.5,3.5,2,3.5,1,0,1,1,1,1,Respect for elders,Good manners,Obedience,Well-behaved,3,4,1,1,7
1465,Nevada,Moderate,Strongly disapprove,noincome,5b85b9b9-af6c-4683-a4c4-a33e1037a29b,56,Female,"$35,000 to $39,999",Asian *** Japanese,No,"Some college, no degree",Nevada,"Some college, no degree","(49,64]",Asian or Pacific Islander,"[25,50)",D,-3,3,Democrat,86,69,2,1,50,75,74,7,100,100,1,100,71,71,100,100,1,2,2.3333333333333335,3.5,1,0,1,1,1,1,Respect for elders,Good manners,Self-reliance,Considerate,3,2,1,0,6
1477,Maine,Slightly liberal,Somewhat approve,normal,5b85ba7f-9959-4ce8-9b16-9485b3c82ca4,64,Female,"$30,000 to $34,999",White,No,Associate's degree,Maine,Associate's degree,"(49,64]",White,"[25,50)",D,-1,1,Democrat,82,49,2,2,9,9,90,50,100,44,2,2,91,91,100,100,1,3,1,3.5,0,0,0,1,0,0,Respect for elders,Curiosity,Self-reliance,Considerate,-3,1,0,1,2
1482,Illinois,Extremely liberal,Strongly disapprove,normal,5b85bae0-2593-4ba2-90ad-767ee874232e,39,Female,"Less than $14,999",White,No,Associate's degree,Illinois,Associate's degree,"(34,49]",White,"[0,25)",D,-3,3,Democrat,89,93,2,1,75,14,1,2,89,79,33,1,83,88,51,16,2,1,1,2,1,1,1,1,1,1,Independence,Curiosity,Self-reliance,Considerate,2,0,1,1,8
1494,New Hampshire,Liberal,Somewhat disapprove,"noincome,nosales",5b85bc31-9208-4181-ac34-66d6b8485ec0,28,Female,"$70,000 to $74,999","Black, or African American",No,"Some college, no degree",New Hampshire,"Some college, no degree","[18,34]",Black,"[50,75)",I,0,0,Independent,94,90,19,19,17,49,49,46,95,86,5,0,92,95,6,8,1,2.5,1,2,1,1,1,1,0,0,Respect for elders,Good manners,Self-reliance,Well-behaved,3,3,0,0,4
1486,Georgia,Slightly liberal,Strongly disapprove,normal,5b85bb2a-81d9-4c8f-9161-ae94f442771e,29,Female,"$20,000 to $24,999","Black, or African American",No,"Some college, no degree",Georgia,"Some college, no degree","[18,34]",Black,"[0,25)",D,-3,3,Democrat,88,90,6,8,90,84,9,12,89,87,94,2,81,83,93,89,2,1,3,3,0,0,0,1,0,0,Respect for elders,Good manners,Obedience,Considerate,0,3,0,0,1
1479,Ohio,Extremely conservative,Strongly approve,normal,5b85ba8a-8685-4967-8fda-c99f494345fa,71,Male,"$30,000 to $34,999",White,No,Graduate or professional degree,Ohio,Graduate or professional degree,"(64,96]",White,"[25,50)",R,3,3,Republican,51,51,5,3,28,64,100,100,100,100,1,1,80,79,54,100,1.5,3.5,1.5,4,1,0,0,1,0,1,Respect for elders,Good manners,Obedience,Well-behaved,-3,4,1,0,4
1457,Texas,Slightly liberal,Strongly disapprove,noincome,5b85b990-009e-4d05-9e95-116db2b937f9,19,Male,"$90,000 to $94,999",White,No,Graduate or professional degree,Texas,Graduate or professional degree,"[18,34]",White,"[75,100)",I,0,0,Independent,100,75,0,0,75,100,0,0,1,1,1,100,2,1,75,100,1,2,4,4,0,0,1,1,1,1,Respect for elders,Good manners,Obedience,Well-behaved,-3,4,1,1,6
1403,Maryland,Liberal,Strongly disapprove,normal,5b85b593-fecd-47b2-b4b3-5d3cf387c2b9,54,Female,"$50,000 to $54,999",White,No,Bachelor's degree,Maryland,Bachelor's degree,"(49,64]",White,"[50,75)",D,-3,3,Democrat,64,74,1,1,55,93,17,2,1,1,70,1,72,71,1,1,2,2,3,1,1,1,1,1,1,1,Respect for elders,Good manners,Obedience,Considerate,3,3,1,1,8
1492,Massachusetts,Slightly conservative,Strongly approve,normal,5b85bbbc-e12b-4829-9779-48f9c4dec0b4,27,Female,"$55,000 to $59,999",White,No,High school graduate,Massachusetts,High school graduate,"[18,34]",White,"[50,75)",R,3,3,Republican,69,70,29,12,37,57,66,63,87,71,21,6,47,31,64,88,2,3,1,4,0,0,0,1,0,1,Respect for elders,Curiosity,Self-reliance,Considerate,-2,1,1,0,3
1472,California,Slightly conservative,Somewhat approve,normal,5b85ba44-bbf6-4a49-a25a-358279d6e1e8,73,Female,"$35,000 to $39,999",White,No,"Some college, no degree",California,"Some college, no degree","(64,96]",White,"[25,50)",R,2,2,Republican,100,100,0,0,0,51,100,0,1,100,0,0,0,0,0,50,1.5,3,2,4,1,1,1,1,0,1,Respect for elders,Curiosity,Self-reliance,Considerate,-3,1,1,0,6
1491,California,Moderate,Strongly disapprove,normal,5b85bba3-bb3d-4694-b73d-b3109b4a0202,56,Female,"Less than $14,999",American Indian or Alaska Native,No,"Some college, no degree",California,"Some college, no degree","(49,64]",American Indian or Alaska Native,"[0,25)",D,-3,3,Democrat,100,100,1,1,100,50,50,1,1,1,1,100,100,100,100,100,1.5,1,4,2.5,1,0,1,1,0,1,Independence,Curiosity,Self-reliance,Considerate,0,0,1,0,5
1490,New York,Liberal,Strongly disapprove,normal,5b85bb97-591d-405c-8236-8a990cc50627,61,Female,"$15,000 to $19,999",White,No,Associate's degree,New York,Associate's degree,"(49,64]",White,"[0,25)",D,-3,3,Democrat,84,94,4,1,2,71,99,98,1,1,65,14,99,98,3,3,2,3,3,1,0,0,0,1,0,1,Respect for elders,Good manners,Obedience,Well-behaved,3,4,1,0,3
1423,North Carolina,Slightly conservative,Somewhat disapprove,normal,5b85b7b7-d290-40f7-9018-239e741f0983,55,Female,"Less than $14,999",White,Yes,"Some college, no degree",North Carolina,"Some college, no degree","(49,64]",White,"[0,25)",D,-2,2,Democrat,50,90,16,18,50,94,78,31,99,100,24,2,71,70,27,98,2,2,2,4,1,0,0,1,0,1,Respect for elders,Curiosity,Self-reliance,Considerate,0,1,0,0,3
1478,Ohio,Slightly conservative,Somewhat disapprove,normal,5b85ba80-738b-4ecc-aed6-50be14a7cd14,69,Female,"Less than $14,999",White,No,High school graduate,Ohio,High school graduate,"(64,96]",White,"[0,25)",R,2,2,Republican,78,50,51,50,2,1,100,73,1,1,90,1,75,75,100,100,1,3,3,3.5,1,0,0,1,0,1,Respect for elders,Curiosity,Obedience,Well-behaved,-2,3,1,1,5
1452,Nevada,Extremely liberal,Strongly disapprove,noincome,5b85b980-5847-4652-9469-53762c5f4a2f,33,Female,"$45,000 to $49,999",White,Yes,High school graduate,Nevada,High school graduate,"[18,34]",White,"[25,50)",D,-3,3,Democrat,60,62,63,63,76,87,47,51,98,91,98,99,70,75,66,81,3.5,2,4,4,1,1,1,1,1,0,Independence,Good manners,Self-reliance,Well-behaved,3,2,1,1,7
1453,Texas,Moderate,Somewhat approve,noincome,5b85b985-280d-46d5-9df0-16c319866b28,34,Female,"$100,000 to $124,999",White,No,High school graduate,Texas,High school graduate,"[18,34]",White,"[100,200)",R,1,1,Republican,100,100,2,5,50,10,20,10,50,100,100,10,100,100,100,100,1.5,1,2.5,2.5,0,0,0,1,0,1,Independence,Good manners,Obedience,Well-behaved,-3,3,1,1,4
1506,Florida,Conservative,Strongly approve,noincome,5b85bd90-50e7-45da-9468-20a0d888253c,63,Female,"$20,000 to $24,999","Black, or African American",No,"Some college, no degree",Florida,"Some college, no degree","(49,64]",Black,"[0,25)",R,2,2,Republican,87,91,96,93,96,94,77,88,100,100,100,100,90,90,91,90,3,1,2.5,3,0,0,0,1,0,1,Respect for elders,Good manners,Self-reliance,Well-behaved,-3,3,1,0,3
1460,Alabama,Conservative,Strongly disapprove,normal,5b85b9aa-7bab-4b34-887b-02cca0bc9a52,46,Male,"$50,000 to $54,999",White,No,"Some college, no degree",Alabama,"Some college, no degree","(34,49]",White,"[50,75)",D,-3,3,Democrat,100,100,0,1,2,68,77,36,100,1,1,100,10,7,90,100,1.5,3,2.5,4,0,0,0,0,0,1,Respect for elders,Good manners,Obedience,Considerate,3,3,1,0,2
1496,California,Moderate,Strongly disapprove,normal,5b85bcc2-ee4b-4134-82d1-410abd49a0cc,25,Female,"$55,000 to $59,999",White,No,Bachelor's degree,California,Bachelor's degree,"[18,34]",White,"[50,75)",D,-3,3,Democrat,61,57,39,21,21,32,53,10,50,49,48,46,82,82,57,93,1,3,1,4,1,1,1,1,1,1,Respect for elders,Curiosity,Self-reliance,Considerate,3,1,1,0,7
1469,Rhode Island,Moderate,Somewhat approve,normal,5b85ba06-7105-470c-8bf4-dd6b74c11cec,62,Female,Prefer not to answer,White,No,Graduate or professional degree,Rhode Island,Graduate or professional degree,"(49,64]",White,NA,D,-2,2,Democrat,88,81,22,13,50,100,24,8,73,71,97,9,76,83,100,99,1,2,3,3,0,0,0,1,1,0,Independence,Good manners,Obedience,Well-behaved,-2,3,0,0,2
1455,New York,Liberal,Strongly disapprove,normal,5b85b98c-a7f1-4e25-90c2-94d8d9cb7717,30,Female,"$50,000 to $54,999",White,No,High school graduate,New York,High school graduate,"[18,34]",White,"[50,75)",I,0,0,Independent,96,79,0,0,96,62,23,1,67,95,43,0,88,91,44,0,1,1,2,2,0,0,1,1,1,1,Respect for elders,Curiosity,Self-reliance,Well-behaved,1,2,1,0,5
1436,North Carolina,Liberal,Strongly disapprove,normal,5b85b936-d872-4e2f-9e80-99b593911ddd,58,Female,"$20,000 to $24,999",White,No,Did not complete high school,North Carolina,Did not complete high school,"(49,64]",White,"[0,25)",D,-3,3,Democrat,93,9,1,2,100,72,3,1,95,27,3,2,100,99,3,54,1,1,1,1,0,0,0,1,0,1,Respect for elders,Curiosity,Self-reliance,Considerate,-2,1,1,0,3
1471,South Carolina,Conservative,Somewhat disapprove,normal,5b85ba16-fd62-4448-9e57-8654356e8211,40,Female,"$20,000 to $24,999",Some other race,No,Associate's degree,South Carolina,Associate's degree,"(34,49]",Other,"[0,25)",D,-3,3,Democrat,0,100,0,0,49,0,100,0,0,0,100,23,54,52,52,100,2,3,3,4,1,1,1,1,0,1,Respect for elders,Good manners,Obedience,Well-behaved,-3,4,1,NA,NA
1427,Pennsylvania,Slightly liberal,Somewhat approve,normal,5b85b884-fa3c-408c-ade5-489c2b5b9a24,56,Female,"Less than $14,999",Pacific Islander *** Native Hawaiian,No,High school graduate,Pennsylvania,High school graduate,"(49,64]",Asian or Pacific Islander,"[0,25)",D,-1,1,Democrat,76,61,2,3,82,11,96,3,49,77,53,5,3,3,2,51,1,3,2,4,1,1,1,1,0,1,Respect for elders,Good manners,Self-reliance,Considerate,2,2,1,1,7
1488,North Carolina,Moderate,Strongly disapprove,normal,5b85bb88-d1a0-4ae0-b6d0-496781418a31,57,Female,"Less than $14,999","Black, or African American",No,Associate's degree,North Carolina,Associate's degree,"(49,64]",Black,"[0,25)",D,-1,1,Democrat,100,0,0,0,50,73,0,0,0,55,0,0,100,100,0,0,1,2,2,1.5,1,1,1,1,1,1,Respect for elders,Curiosity,Obedience,Considerate,3,2,1,1,8
1244,Florida,Liberal,Somewhat disapprove,noincome,5b85acbd-f8b6-40c6-b791-75e66d1aad0f,61,Female,"$15,000 to $19,999",White,No,Bachelor's degree,Florida,Bachelor's degree,"(49,64]",White,"[0,25)",D,-2,2,Democrat,48,53,57,57,47,48,54,52,52,50,56,51,49,93,57,55,3.5,3,3,2,1,0,1,1,0,1,Respect for elders,Good manners,Obedience,Considerate,-3,3,1,0,5
1497,Kansas,Conservative,Strongly approve,normal,5b85bcc7-c158-4ddd-b93c-7716baa33bb2,60,Female,"$35,000 to $39,999",White,No,Associate's degree,Kansas,Associate's degree,"(49,64]",White,"[25,50)",R,3,3,Republican,15,15,52,95,27,16,94,64,96,13,10,3,28,24,96,95,4,3,1,3,1,0,1,1,0,0,Respect for elders,Good manners,Obedience,Considerate,-2,3,0,1,4
1503,New Jersey,Moderate,Somewhat disapprove,normal,5b85bd5c-5638-488e-bb16-9341dc37065e,60,Female,"Less than $14,999",White,No,"Some college, no degree",New Jersey,"Some college, no degree","(49,64]",White,"[0,25)",I,0,0,Independent,52,52,52,53,52,52,52,52,51,52,52,52,50,51,50,50,4,2.5,3,2,0,0,0,1,0,1,Independence,Good manners,Self-reliance,Well-behaved,0,2,1,0,3
1437,Pennsylvania,Moderate,Somewhat approve,normal,5b85b941-3af7-4cfc-838a-9f120c01e335,57,Female,"$40,000 to $44,999",White,No,Associate's degree,Pennsylvania,Associate's degree,"(49,64]",White,"[25,50)",I,0,0,Independent,50,50,50,50,50,50,50,50,80,60,50,0,50,80,100,100,2.5,2.5,1,3.5,0,0,0,1,0,1,Respect for elders,Good manners,Self-reliance,Well-behaved,-2,3,1,0,3
1502,Pennsylvania,Liberal,Strongly disapprove,normal,5b85bd45-a2ae-4ebc-850c-279ee9a44e2a,48,Female,"$20,000 to $24,999",White,No,"Some college, no degree",Pennsylvania,"Some college, no degree","(34,49]",White,"[0,25)",D,-3,3,Democrat,100,100,3,3,100,100,3,4,51,100,4,1,100,100,3,3,1.5,1.5,2,1.5,1,0,0,1,0,1,Respect for elders,Good manners,Self-reliance,Considerate,0,2,1,1,5
1387,Virginia,Conservative,Somewhat approve,normal,5b85b41b-964d-41bc-aed6-3bde144f38c6,27,Female,"$45,000 to $49,999",Asian *** Other,No,"Some college, no degree",Virginia,"Some college, no degree","[18,34]",Asian or Pacific Islander,"[25,50)",R,3,3,Republican,67,81,14,5,24,28,81,57,80,90,30,1,30,29,68,25,2,3,2,3,1,0,0,1,1,1,Respect for elders,Good manners,Obedience,Well-behaved,-2,4,0,0,4
1493,Washington,Liberal,Strongly disapprove,noincome,5b85bbd8-4fa4-48fc-a73c-8889075e642b,60,Male,"Less than $14,999","Black, or African American",No,"Some college, no degree",Washington,"Some college, no degree","(49,64]",Black,"[0,25)",D,-3,3,Democrat,50,50,50,50,100,70,10,1,100,80,10,0,90,90,100,100,2.5,1,1,3.5,1,0,1,1,0,1,Respect for elders,Curiosity,Self-reliance,Considerate,-3,1,1,0,5
1512,Texas,Slightly liberal,Somewhat disapprove,noincome,5b85be50-35ad-4b2e-8ba1-2b261d3b30f0,34,Female,"$100,000 to $124,999",White,No,Graduate or professional degree,Texas,Graduate or professional degree,"[18,34]",White,"[100,200)",D,-2,2,Democrat,40,46,48,42,43,44,44,40,24,33,38,30,34,46,46,44,3,2.5,3,2.5,0,0,0,0,0,0,Independence,Curiosity,Obedience,Well-behaved,0,2,0,0,0
1419,Connecticut,Moderate,Somewhat disapprove,normal,5b85b71b-cd5f-4b7b-9576-99e3b5639fee,44,Male,"$20,000 to $24,999",White,No,Graduate or professional degree,Connecticut,Graduate or professional degree,"(34,49]",White,"[0,25)",D,-2,2,Democrat,82,41,9,10,90,84,0,NA,2,86,43,6,59,59,93,55,1,NA,2,3,0,0,0,0,0,1,Respect for elders,Curiosity,Self-reliance,Well-behaved,2,2,0,0,1
1495,Kentucky,Extremely conservative,Strongly approve,normal,5b85bc6f-2e54-4705-8e77-c14d209dee16,61,Male,"$55,000 to $59,999",White,No,High school graduate,Kentucky,High school graduate,"(49,64]",White,"[50,75)",R,3,3,Republican,50,50,2,4,50,50,100,50,1,1,100,22,80,80,80,30,1.5,3,3,2,0,1,1,1,1,1,Respect for elders,Good manners,Obedience,Well-behaved,3,4,1,0,6
1508,Maryland,Slightly conservative,Strongly disapprove,normal,5b85bde7-b83c-4be9-ba22-d5a841532e3f,41,Female,"$30,000 to $34,999",White,No,High school graduate,Maryland,High school graduate,"(34,49]",White,"[25,50)",D,-3,3,Democrat,100,100,21,100,16,8,4,7,9,11,100,16,59,81,4,4,2.3333333333333335,1,3,2,0,0,0,0,0,1,Respect for elders,Good manners,Obedience,Well-behaved,-3,4,1,0,2
1513,Texas,Conservative,Strongly approve,noincome,5b85be54-4966-49f3-9858-718fef1f8740,39,Male,"$75,000 to $79,999",White,No,"Some college, no degree",Texas,"Some college, no degree","(34,49]",White,"[75,100)",D,-2,2,Democrat,100,100,1,2,50,83,49,7,100,50,1,1,62,63,7,100,1.5,2,1,4,0,0,0,1,0,0,Respect for elders,Good manners,Obedience,Well-behaved,0,4,0,0,1
1500,Florida,Conservative,Strongly approve,noincome,5b85bcfd-267a-43da-9800-c9598d32d8e8,53,Female,"$45,000 to $49,999",White,No,"Some college, no degree",Florida,"Some college, no degree","(49,64]",White,"[25,50)",R,2,2,Republican,100,100,0,0,1,20,9,59,90,50,10,0,40,80,80,11,1.5,4,1,2.5,1,0,1,1,1,1,Independence,Good manners,Self-reliance,Well-behaved,3,2,1,0,6
1519,Arkansas,Moderate,Somewhat approve,normal,5b85bf5e-6aac-4326-af96-b2c163057b89,39,Female,"$35,000 to $39,999","Black, or African American",No,"Some college, no degree",Arkansas,"Some college, no degree","(34,49]",Black,"[25,50)",R,2,2,Republican,95,93,99,5,54,72,71,65,100,50,4,100,100,100,5,3,3,2,2.5,1.5,0,0,0,1,0,1,Respect for elders,Curiosity,Obedience,Well-behaved,-2,3,1,0,3
1445,Kentucky,Slightly liberal,Somewhat approve,normal,5b85b95d-78b2-4d82-9b4a-4444835dab76,49,Female,"$100,000 to $124,999",Asian *** Asian Indian,No,Bachelor's degree,Kentucky,Bachelor's degree,"(34,49]",Asian or Pacific Islander,"[100,200)",R,2,2,Republican,70,82,12,11,23,79,50,78,40,70,87,15,81,80,86,72,2,2,3,3,0,0,0,1,0,0,Respect for elders,Good manners,Obedience,Considerate,0,3,0,0,1
1507,Massachusetts,Extremely liberal,Strongly disapprove,normal,5b85bdc5-34a8-4890-8865-0b7245bc9f9e,60,Male,"$95,000 to $99,999",White,No,Graduate or professional degree,Massachusetts,Graduate or professional degree,"(49,64]",White,"[75,100)",D,-3,3,Democrat,85,63,7,7,52,82,53,6,100,80,49,2,75,76,78,52,1,2,1,3,1,1,1,1,0,1,Independence,Curiosity,Self-reliance,Considerate,3,0,1,1,7
1434,North Carolina,Liberal,Strongly disapprove,normal,5b85b92a-9ea1-4056-846d-52a14ed13bb3,61,Male,"$35,000 to $39,999",White,No,Bachelor's degree,North Carolina,Bachelor's degree,"(49,64]",White,"[25,50)",D,-3,3,Democrat,68,61,3,1,18,90,27,23,69,78,8,3,59,37,54,90,1,2,2,4,1,1,1,1,1,1,Respect for elders,Good manners,Self-reliance,Considerate,2,2,1,0,7
1439,Illinois,Liberal,Strongly disapprove,normal,5b85b944-08c2-4139-8c23-40a1e9f1fb3e,68,Male,"$45,000 to $49,999",White,No,High school graduate,Illinois,High school graduate,"(64,96]",White,"[25,50)",D,-3,3,Democrat,33,99,4,8,72,100,24,40,73,55,35,6,91,81,51,99,2,2,1,4,1,0,1,1,0,1,Respect for elders,Good manners,Obedience,Well-behaved,-3,4,1,0,5
1501,California,Moderate,Strongly disapprove,normal,5b85bd02-4e9b-4543-93d2-934ad3bdf465,52,Male,"$50,000 to $54,999",White,No,"Some college, no degree",California,"Some college, no degree","(49,64]",White,"[50,75)",D,-3,3,Democrat,59,60,59,59,52,51,51,48,62,63,64,65,70,72,72,74,2,1,4,4,0,0,0,0,0,0,Respect for elders,Curiosity,Self-reliance,Considerate,3,1,0,0,0
1518,Pennsylvania,Extremely conservative,Strongly disapprove,normal,5b85bf4e-528c-4d4a-baec-c4298c72aae6,59,Female,"$25,000 to $29,999",American Indian or Alaska Native,No,High school graduate,Pennsylvania,High school graduate,"(49,64]",American Indian or Alaska Native,"[25,50)",D,-3,3,Democrat,100,100,14,8,100,100,100,100,100,100,100,17,6,9,100,13,1.5,2.5,2,3,0,0,0,0,0,0,Respect for elders,Good manners,Obedience,Considerate,0,3,0,0,0
1510,Georgia,Conservative,Strongly disapprove,normal,5b85be0d-ea9f-4001-831e-e6a8f442d332,39,Male,"$65,000 to $69,999",White,No,Graduate or professional degree,Georgia,Graduate or professional degree,"(34,49]",White,"[50,75)",I,0,0,Independent,80,50,1,1,50,50,80,1,100,50,50,1,50,50,100,100,1,3,1,3.5,1,0,0,1,1,1,Respect for elders,Good manners,Obedience,Considerate,-1,3,1,1,6
1498,Michigan,Slightly liberal,Strongly disapprove,normal,5b85bcd1-835d-4c2f-b962-48a3ef8190c7,58,Male,"$80,000 to $84,999",White,No,Bachelor's degree,Michigan,Bachelor's degree,"(49,64]",White,"[75,100)",D,-3,3,Democrat,100,100,5,5,87,100,73,5,5,100,100,4,65,98,100,99,1.5,2,2.5,3,0,0,0,1,0,1,Respect for elders,Good manners,Obedience,Well-behaved,-3,4,1,0,3
1516,Arizona,Liberal,Somewhat disapprove,normal,5b85bf0b-99b0-421c-a8e8-76f1b1b27be7,59,Male,"$65,000 to $69,999",White,No,"Some college, no degree",Arizona,"Some college, no degree","(49,64]",White,"[50,75)",D,-3,3,Democrat,53,53,56,59,50,53,60,56,52,55,59,64,53,57,52,57,4,3,4,3,0,0,0,0,0,0,Respect for elders,Good manners,Obedience,Well-behaved,0,4,0,0,0
1524,Indiana,Slightly liberal,Strongly disapprove,normal,5b85bff0-36b9-4d3f-a4f4-f677e15b8fad,53,Male,"$20,000 to $24,999","Black, or African American",No,"Some college, no degree",Indiana,"Some college, no degree","(49,64]",Black,"[0,25)",D,-2,2,Democrat,58,65,34,33,28,52,75,88,78,81,52,70,77,85,86,98,2,4,2,4,1,0,1,1,0,0,Respect for elders,Good manners,Obedience,Well-behaved,-3,4,1,0,4
1514,Hawaii,Extremely conservative,Strongly disapprove,normal,5b85becb-9361-4300-a751-86aa547a35e0,39,Male,"$40,000 to $44,999",White,No,Bachelor's degree,Hawaii,Bachelor's degree,"(34,49]",White,"[25,50)",D,-3,3,Democrat,100,100,0,0,100,100,100,0,0,0,0,0,100,100,NA,100,1.5,2,2.5,NA,1,0,1,1,1,1,Respect for elders,Good manners,Obedience,Considerate,3,3,1,0,6
1504,Texas,Conservative,Somewhat approve,noincome,5b85bd79-8337-4caa-ba55-5cb18f151c81,41,Male,"$25,000 to $29,999",White,No,"Some college, no degree",Texas,"Some college, no degree","(34,49]",White,"[25,50)",R,3,3,Republican,100,100,2,2,9,12,100,3,100,100,100,2,78,76,50,50,1.5,3,2,1,1,0,1,1,1,1,Respect for elders,Good manners,Self-reliance,Well-behaved,-3,3,1,0,6
1517,Massachusetts,Conservative,Strongly disapprove,normal,5b85bf0e-070a-4de8-8bc5-1b1c236fc060,56,Male,Prefer not to answer,White,No,Associate's degree,Massachusetts,Associate's degree,"(49,64]",White,NA,D,-3,3,Democrat,100,100,3,2,100,100,100,100,3,4,100,100,100,100,2,100,1.5,2.5,3.5,2.3333333333333335,1,1,0,1,0,1,Respect for elders,Good manners,Obedience,Well-behaved,3,4,1,1,6
1511,North Carolina,Liberal,Somewhat approve,normal,5b85be26-d921-4054-bfa9-d9424b8f0ce6,60,Male,"Less than $14,999",White,No,High school graduate,North Carolina,High school graduate,"(49,64]",White,"[0,25)",D,-1,1,Democrat,95,91,41,27,91,93,80,54,100,100,100,20,82,65,68,39,1,2,2,1,1,0,0,1,0,0,Respect for elders,Good manners,Obedience,Well-behaved,-3,4,1,0,3
1515,New York,Conservative,Somewhat approve,normal,5b85bed7-5397-4d59-886f-38c356b19018,39,Male,"$30,000 to $34,999",White,No,"Some college, no degree",New York,"Some college, no degree","(34,49]",White,"[25,50)",I,0,0,Independent,58,68,5,17,12,11,76,5,13,82,87,11,54,51,50,52,2,3,3,1,1,1,1,1,1,1,Respect for elders,Good manners,Obedience,Well-behaved,3,4,1,1,8
1522,Pennsylvania,Moderate,Strongly disapprove,normal,5b85bfb6-410b-4414-9621-e388f5aa86b5,58,Male,"$40,000 to $44,999",White,No,High school graduate,Pennsylvania,High school graduate,"(49,64]",White,"[25,50)",R,2,2,Republican,74,74,29,24,80,82,11,10,68,69,15,4,85,83,46,58,1.5,2,2,1,1,0,0,1,0,1,Respect for elders,Good manners,Obedience,Well-behaved,0,4,1,1,5
1480,Oklahoma,Moderate,Somewhat disapprove,normal,5b85babd-45ad-470d-a37d-24778598a0e7,27,Female,"Less than $14,999",Asian *** Japanese,No,Bachelor's degree,Oklahoma,Bachelor's degree,"[18,34]",Asian or Pacific Islander,"[0,25)",I,0,0,Independent,72,80,31,7,25,76,62,11,78,80,48,11,85,76,60,35,2,2,2,1,0,0,0,1,0,1,Respect for elders,Good manners,Obedience,Considerate,-1,3,0,0,2
1530,Florida,Moderate,Strongly disapprove,noincome,5b85c205-f205-4913-b005-f0fc0ece23da,61,Male,"$55,000 to $59,999",White,No,High school graduate,Florida,High school graduate,"(49,64]",White,"[50,75)",D,-3,3,Democrat,7,11,15,27,50,49,47,48,50,49,50,50,51,49,48,49,4,1,2.6666666666666665,1,1,0,0,1,0,1,Respect for elders,Good manners,Obedience,Well-behaved,-3,4,1,0,4
1523,Maryland,Extremely liberal,Strongly disapprove,normal,5b85bfc9-86ac-45de-a359-478aa37a16f5,63,Male,"$60,000 to $64,999",Asian *** Japanese,No,Bachelor's degree,Maryland,Bachelor's degree,"(49,64]",Asian or Pacific Islander,"[50,75)",D,-3,3,Democrat,70,75,0,0,95,100,1,1,100,50,10,1,90,52,50,50,2,2,1,1,1,1,1,1,0,1,Independence,Curiosity,Self-reliance,Considerate,3,0,1,1,7
1435,Iowa,Moderate,Strongly approve,normal,5b85b936-78fa-4dd1-a311-a8e2fc5aec67,61,Male,"$65,000 to $69,999",White,No,"Some college, no degree",Iowa,"Some college, no degree","(49,64]",White,"[50,75)",R,3,3,Republican,82,74,5,5,8,22,100,55,3,4,63,9,62,27,96,100,1,3,3,4,1,1,1,1,0,1,Respect for elders,Good manners,Self-reliance,Considerate,-2,2,1,0,6
1520,Pennsylvania,Slightly liberal,Somewhat approve,normal,5b85bf84-7b26-4c4f-838f-33c2efc51f2a,52,Male,"$75,000 to $79,999",White,No,Bachelor's degree,Pennsylvania,Bachelor's degree,"(49,64]",White,"[75,100)",R,3,3,Republican,78,54,39,22,41,79,28,28,71,78,99,72,69,84,34,56,1,2,3,2,1,0,0,1,0,1,Respect for elders,Good manners,Obedience,Well-behaved,-3,4,1,1,5
1526,Connecticut,Moderate,Strongly approve,normal,5b85c06b-ad30-41f7-9ab9-f2b643179601,51,Male,"$75,000 to $79,999",White,No,High school graduate,Connecticut,High school graduate,"(49,64]",White,"[75,100)",D,-1,1,Democrat,64,11,10,8,83,12,10,12,93,1,1,1,2,2,2,95,1,1,1,4,1,1,1,1,1,1,Respect for elders,Good manners,Self-reliance,Considerate,3,2,1,1,8
1529,Maryland,Moderate,Strongly disapprove,normal,5b85c0fa-361f-40d6-a4b5-9dc8e5a6ac05,57,Male,"$50,000 to $54,999",White,No,"Some college, no degree",Maryland,"Some college, no degree","(49,64]",White,"[50,75)",I,0,0,Independent,65,50,3,1,51,100,2,1,0,0,71,0,60,61,1,1,1,2,3,2,1,0,1,1,1,1,Respect for elders,Good manners,Obedience,Well-behaved,-2,4,0,0,5
1525,Massachusetts,Liberal,Somewhat approve,normal,5b85c05c-a46d-4bc2-a19e-e8ca72ad407c,56,Male,"Less than $14,999",White,No,Bachelor's degree,Massachusetts,Bachelor's degree,"(49,64]",White,"[0,25)",D,-2,2,Democrat,70,81,2,1,20,20,41,63,50,39,38,2,65,65,88,95,2,4,1,4,0,0,0,1,0,0,Respect for elders,Good manners,Obedience,Considerate,0,3,1,1,3
1528,Alabama,Slightly conservative,Strongly approve,normal,5b85c0a2-b6b1-45df-9941-aab6ed157672,42,Female,"$100,000 to $124,999",Some other race,No,Bachelor's degree,Alabama,Bachelor's degree,"(34,49]",Other,"[100,200)",R,2,2,Republican,95,95,5,5,5,92,99,96,9,10,77,6,53,59,70,94,1.5,3,3,4,1,1,0,1,0,1,Respect for elders,Good manners,Obedience,Well-behaved,-3,4,1,0,5
1537,Texas,Extremely liberal,Strongly approve,noincome,5b85c39b-9ded-42c2-bfa3-7567d6dba5a1,36,Male,"$20,000 to $24,999",White,Yes,Associate's degree,Texas,Associate's degree,"(34,49]",White,"[0,25)",D,-3,3,Democrat,100,100,100,100,100,100,100,100,100,100,100,100,100,100,100,100,2.5,2.5,2.5,2.5,0,0,0,0,0,0,Respect for elders,Good manners,Self-reliance,Considerate,3,2,0,0,0
1531,Massachusetts,Conservative,Strongly approve,normal,5b85c298-5265-4659-b108-7bda50ac8680,58,Female,"$40,000 to $44,999",Some other race,Yes,Bachelor's degree,Massachusetts,Bachelor's degree,"(49,64]",Other,"[25,50)",R,3,3,Republican,69,49,11,1,0,13,41,11,0,81,0,0,1,2,78,100,1,3,2,4,1,1,1,1,1,1,Respect for elders,Curiosity,Self-reliance,Considerate,3,1,1,1,8
1499,Kentucky,Moderate,Strongly disapprove,normal,5b85bcee-3432-4668-8cc2-36b78eae7b08,51,Female,"$15,000 to $19,999","Black, or African American",No,Bachelor's degree,Kentucky,Bachelor's degree,"(49,64]",Black,"[0,25)",I,0,0,Independent,100,100,0,0,100,100,1,1,51,51,100,1,51,51,30,30,1.5,1.5,3,1.5,0,0,0,1,0,0,Respect for elders,Good manners,Obedience,Considerate,1,3,1,0,2
1509,Texas,Moderate,Strongly disapprove,noincome,5b85bdf2-8a85-4d25-bf25-ab714a11e10a,63,Male,"$15,000 to $19,999",White,No,"Some college, no degree",Texas,"Some college, no degree","(49,64]",White,"[0,25)",D,-3,3,Democrat,91,88,5,5,46,78,3,4,31,95,6,6,12,6,94,9,1,2,2,3,1,1,1,1,1,1,Respect for elders,Good manners,Obedience,Well-behaved,-3,4,1,0,7
1142,North Carolina,Moderate,Strongly disapprove,normal,5b85ab79-bef6-4b28-9104-a65c11969526,31,Male,"$15,000 to $19,999",White,Yes,"Some college, no degree",North Carolina,"Some college, no degree","[18,34]",White,"[0,25)",D,-2,2,Democrat,50,50,0,52,100,50,0,0,0,0,10,100,50,50,50,50,4,1,4,2.5,1,0,0,1,1,1,Respect for elders,Good manners,Obedience,Well-behaved,-3,4,1,0,5
1431,Florida,Moderate,Strongly disapprove,noincome,5b85b8f3-7d0b-4cc9-9254-daf6a240af6e,39,Male,"$60,000 to $64,999","Black, or African American",No,Graduate or professional degree,Florida,Graduate or professional degree,"(34,49]",Black,"[50,75)",I,0,0,Independent,21,59,43,17,82,9,9,9,8,4,4,90,19,34,49,59,2,1,4,4,1,0,0,0,1,1,Respect for elders,Good manners,Obedience,Well-behaved,-2,4,1,0,4
1059,Utah,Conservative,Somewhat disapprove,normal,5b85a698-11c3-49e0-9651-502fe418533d,69,Male,"$175,000 to $199,999",White,No,Bachelor's degree,Utah,Bachelor's degree,"(64,96]",White,"[100,200)",R,3,3,Republican,81,89,3,3,59,81,31,19,1,2,100,5,41,32,94,100,2,2,3,4,0,0,0,1,0,1,Independence,Curiosity,Self-reliance,Considerate,2,0,1,0,3
1538,New York,Conservative,Strongly approve,normal,5b85c3bb-c315-499c-a830-ed3f03f86b46,55,Male,"$80,000 to $84,999",White,No,Bachelor's degree,New York,Bachelor's degree,"(49,64]",White,"[75,100)",R,3,3,Republican,60,59,48,29,81,80,80,81,81,72,41,12,60,60,53,52,1,2.5,1,1.5,1,1,1,1,0,1,Respect for elders,Good manners,Self-reliance,Considerate,2,2,1,1,7
1534,Florida,Liberal,Somewhat approve,noincome,5b85c344-730f-4f15-a2f1-f51238dd2dae,50,Female,"$25,000 to $29,999","Black, or African American",No,High school graduate,Florida,High school graduate,"(49,64]",Black,"[25,50)",R,3,3,Republican,1,100,1,1,50,34,37,55,1,1,100,1,40,40,87,40,2,4,3,3,0,1,0,0,1,1,Independence,Curiosity,Self-reliance,Well-behaved,-2,1,1,0,4
1535,Wisconsin,Conservative,Somewhat approve,normal,5b85c351-1ba7-48b2-8295-a912ba543046,60,Male,"$55,000 to $59,999","Black, or African American",No,Bachelor's degree,Wisconsin,Bachelor's degree,"(49,64]",Black,"[50,75)",R,1,1,Republican,100,99,5,4,6,9,95,95,90,66,13,NA,28,27,94,3,1,3.5,NA,3,1,1,1,1,0,1,Respect for elders,Good manners,Obedience,Well-behaved,3,4,1,1,7
1541,New York,Slightly conservative,Somewhat disapprove,normal,5b85c506-a353-40ef-8892-2a9c6fafca74,35,Female,"$40,000 to $44,999","Black, or African American",No,Bachelor's degree,New York,Bachelor's degree,"(34,49]",Black,"[25,50)",R,2,2,Republican,43,41,3,3,9,1,26,0,0,NA,78,NA,1,1,83,82,1,3,NA,3,0,0,0,1,0,1,Respect for elders,Good manners,Self-reliance,Considerate,-2,2,1,0,3
1533,Washington,Moderate,Somewhat approve,noincome,5b85c334-66f5-4eee-b77f-952bcdf96f5b,63,Male,"$25,000 to $29,999",White,No,"Some college, no degree",Washington,"Some college, no degree","(49,64]",White,"[25,50)",I,0,0,Independent,50,47,20,20,0,1,97,97,11,10,46,3,1,1,93,95,1,3.5,3,4,1,1,1,1,1,1,Respect for elders,Good manners,Obedience,Considerate,0,3,1,1,8
1545,California,Slightly conservative,Somewhat disapprove,normal,5b85c5ed-d397-43c2-96d1-2254214726a0,50,Male,"Less than $14,999","Black, or African American",No,"Some college, no degree",California,"Some college, no degree","(49,64]",Black,"[0,25)",R,3,3,Republican,58,53,52,61,71,58,73,74,69,43,70,71,61,60,63,64,4,4,4,4,0,0,0,0,0,0,Respect for elders,Good manners,Obedience,Well-behaved,-1,4,0,0,0
1539,Indiana,Conservative,Strongly approve,normal,5b85c3bf-1fee-44d4-93c3-ede4c7e93e3e,62,Male,"$50,000 to $54,999",Some other race,Yes,Associate's degree,Indiana,Associate's degree,"(49,64]",Other,"[50,75)",R,3,3,Republican,90,90,2,2,1,2,92,81,70,92,51,2,31,31,97,100,1.5,3,2,4,1,1,1,1,1,1,Respect for elders,Curiosity,Self-reliance,Considerate,3,1,1,1,8
1549,Utah,Moderate,Somewhat disapprove,normal,5b85c660-f208-410a-a64c-62b702d9de86,37,Male,"Less than $14,999",Asian *** Filipino,No,Graduate or professional degree,Utah,Graduate or professional degree,"(34,49]",Asian or Pacific Islander,"[0,25)",R,2,2,Republican,46,49,49,54,48,53,53,54,48,50,52,49,51,51,47,52,4,4,3,4,1,0,0,1,0,1,Independence,Curiosity,Self-reliance,Considerate,0,0,1,0,4
1121,South Carolina,Extremely liberal,Strongly approve,normal,5b85aade-2d67-49e9-9ae5-497f663b97ca,40,Female,"$35,000 to $39,999","Black, or African American",No,High school graduate,South Carolina,High school graduate,"(34,49]",Black,"[25,50)",D,-3,3,Democrat,40,54,62,60,49,41,51,55,55,81,39,64,43,53,51,54,3,4,2,4,0,0,0,1,0,0,Independence,Good manners,Obedience,Well-behaved,0,3,0,0,1
1532,California,Conservative,Strongly disapprove,normal,5b85c2f6-4a44-4cf6-9bf6-24cda014672b,23,Female,"$20,000 to $24,999",Some other race,Yes,High school graduate,California,High school graduate,"[18,34]",Other,"[0,25)",D,-2,2,Democrat,100,50,49,1,2,100,4,10,100,0,0,0,50,51,77,100,1,2,1,4,0,0,0,1,0,1,Independence,Good manners,Obedience,Well-behaved,-3,3,1,0,3
1484,Illinois,Extremely conservative,Somewhat disapprove,normal,5b85bb08-db1f-4e68-87c0-e49a6dce3423,26,Female,"$50,000 to $54,999","Black, or African American",No,Bachelor's degree,Illinois,Bachelor's degree,"[18,34]",Black,"[50,75)",I,0,0,Independent,82,51,12,63,49,65,81,32,1,1,38,72,72,60,79,85,1,3,4,4,0,0,0,0,0,1,Respect for elders,Good manners,Obedience,Well-behaved,-3,4,1,1,3
1544,Idaho,Slightly conservative,Somewhat disapprove,normal,5b85c5ea-c0e7-40b6-8f56-c0862cdb9023,63,Female,"Less than $14,999","Black, or African American",Prefer not to answer,High school graduate,Idaho,High school graduate,"(49,64]",Black,"[0,25)",I,0,0,Independent,2,1,77,20,1,1,100,52,1,1,89,1,80,80,100,100,3,3,3,3.5,1,1,1,1,0,1,Respect for elders,Good manners,Obedience,Well-behaved,3,4,1,1,7
1557,Illinois,Moderate,Somewhat approve,normal,5b85c76c-56e4-4eb2-85ab-40fc1d46a34a,31,Male,"Less than $14,999",White,No,"Some college, no degree",Illinois,"Some college, no degree","[18,34]",White,"[0,25)",D,-3,3,Democrat,51,48,58,50,57,36,62,64,72,55,48,64,48,70,57,79,3,4,1,4,1,1,1,1,0,1,Respect for elders,Good manners,Self-reliance,Well-behaved,-2,3,1,1,7
1536,Mississippi,Slightly conservative,Somewhat approve,normal,5b85c386-88a9-48c3-9b7a-0e9aba4bec59,49,Male,"$60,000 to $64,999",White,No,Bachelor's degree,Mississippi,Bachelor's degree,"(34,49]",White,"[50,75)",I,0,0,Independent,10,10,92,92,51,10,99,1,99,100,100,1,1,1,100,100,3.5,3,2.5,3.5,0,1,1,1,0,1,Independence,Curiosity,Self-reliance,Well-behaved,-3,1,1,1,6
1540,Pennsylvania,Liberal,Strongly disapprove,normal,5b85c4ad-e55b-4a73-895e-f9306c545205,59,Male,"$45,000 to $49,999",White,No,High school graduate,Pennsylvania,High school graduate,"(49,64]",White,"[25,50)",D,-3,3,Democrat,100,99,2,2,83,100,1,2,99,98,5,2,100,91,53,84,1,2,1,1,1,1,1,1,1,1,Respect for elders,Curiosity,Obedience,Considerate,3,2,1,1,8
1505,Texas,Extremely conservative,Somewhat disapprove,noincome,5b85bd8d-a10e-4ac7-9695-6d4b60e21f31,21,Male,"$80,000 to $84,999",White,No,Bachelor's degree,Texas,Bachelor's degree,"[18,34]",White,"[75,100)",D,-1,1,Democrat,81,80,17,12,75,72,60,58,26,60,92,51,73,60,12,12,1,1,3,1,1,1,1,1,0,1,Respect for elders,Curiosity,Obedience,Well-behaved,3,3,0,1,6
1551,Florida,Liberal,Strongly disapprove,noincome,5b85c682-624b-4c9c-ba47-b7b1a663ebe5,64,Male,"$150,000 to $174,999",White,No,Bachelor's degree,Florida,Bachelor's degree,"(49,64]",White,"[100,200)",D,-3,3,Democrat,43,92,6,5,97,39,58,3,99,93,56,4,80,83,100,95,2,1,1,3,1,1,1,1,1,1,Respect for elders,Curiosity,Self-reliance,Considerate,0,1,1,1,8
1542,Illinois,Extremely liberal,Strongly disapprove,normal,5b85c554-eb96-4268-85ae-427c4a33c3db,64,Male,"$20,000 to $24,999",White,No,"Some college, no degree",Illinois,"Some college, no degree","(49,64]",White,"[0,25)",D,-3,3,Democrat,98,99,1,1,50,95,1,1,91,100,30,1,98,98,51,1,2,2,2,1.5,1,1,1,1,0,1,Independence,Curiosity,Self-reliance,Considerate,3,0,1,1,7
1547,Ohio,Moderate,Somewhat approve,normal,5b85c618-e4aa-41b6-bc2a-f2b0740fa928,55,Male,"$35,000 to $39,999",White,No,"Some college, no degree",Ohio,"Some college, no degree","(49,64]",White,"[25,50)",R,2,2,Republican,4,3,98,96,3,98,98,98,51,51,100,2,98,98,96,7,3,3,3,1.5,1,0,0,1,0,1,Respect for elders,Good manners,Obedience,Well-behaved,3,4,1,1,5
1374,Arizona,Slightly conservative,Somewhat approve,normal,5b85b217-ca53-4efc-a40c-25e1dfd273f8,43,Male,"$25,000 to $29,999",White,No,"Some college, no degree",Arizona,"Some college, no degree","(34,49]",White,"[25,50)",R,1,1,Republican,52,53,53,55,29,61,45,38,53,58,60,63,76,73,78,50,4,2,4,3,1,1,1,1,0,1,Respect for elders,Good manners,Obedience,Well-behaved,-3,4,1,1,7
1546,South Carolina,Slightly conservative,Strongly approve,normal,5b85c612-f9c6-470e-92bb-21dbaf58dde8,44,Male,"Less than $14,999","Black, or African American",No,"Some college, no degree",South Carolina,"Some college, no degree","(34,49]",Black,"[0,25)",R,2,2,Republican,49,51,50,50,90,92,89,87,91,91,15,96,24,28,33,95,2,2,4,4,1,1,1,1,0,1,Respect for elders,Good manners,Obedience,Well-behaved,3,4,1,0,6
1552,Illinois,Extremely conservative,Strongly approve,normal,5b85c6c6-36c3-466c-9094-24cd6922f44a,55,Male,"$45,000 to $49,999",White,No,High school graduate,Illinois,High school graduate,"(49,64]",White,"[25,50)",R,3,3,Republican,10,9,99,99,100,99,100,100,100,1,1,0,2,2,100,100,3.5,2.6666666666666665,1,3.5,1,0,1,1,0,1,Respect for elders,Good manners,Obedience,Well-behaved,3,4,1,0,5
1548,Massachusetts,Liberal,Strongly disapprove,normal,5b85c619-5c81-4c91-aa2d-9c21a728501e,44,Male,"$45,000 to $49,999",White,No,"Some college, no degree",Massachusetts,"Some college, no degree","(34,49]",White,"[25,50)",D,-1,1,Democrat,100,100,0,0,50,100,0,0,100,0,0,0,50,50,0,0,1.5,2,1,1.5,1,1,1,1,1,1,Independence,Curiosity,Self-reliance,Considerate,0,0,1,1,8
1562,California,Moderate,Somewhat approve,normal,5b85c7bf-533a-4cb7-8657-a091d2a00c86,37,Male,"$50,000 to $54,999","Black, or African American",No,"Some college, no degree",California,"Some college, no degree","(34,49]",Black,"[50,75)",R,2,2,Republican,60,53,53,59,58,59,51,56,11,9,11,70,55,59,57,56,1,2,4,2,0,0,0,0,0,1,Respect for elders,Good manners,Obedience,Well-behaved,0,4,0,1,2
1559,California,Conservative,Strongly approve,normal,5b85c777-8dd0-47c7-9ca2-68a1f7d1d02a,38,Male,"$80,000 to $84,999",White,No,Graduate or professional degree,California,Graduate or professional degree,"(34,49]",White,"[75,100)",R,3,3,Republican,51,69,51,47,1,9,98,96,99,93,3,91,50,50,50,80,2,3,1,4,1,1,1,1,0,1,Independence,Good manners,Self-reliance,Considerate,-1,1,1,0,6
1527,Pennsylvania,Moderate,Strongly disapprove,normal,5b85c08d-1242-4b32-ab52-23e02886da1c,36,Male,"Less than $14,999",American Indian or Alaska Native,No,"Some college, no degree",Pennsylvania,"Some college, no degree","(34,49]",American Indian or Alaska Native,"[0,25)",D,-3,3,Democrat,84,100,8,4,96,86,8,8,100,64,100,80,38,39,61,95,2,1,2,4,1,1,0,1,0,1,Respect for elders,Good manners,Obedience,Considerate,-3,3,0,1,5
300,Pennsylvania,Conservative,Strongly approve,normal,5b8599fe-16f5-4b1f-9c78-a40e09ef2d54,69,Male,"$35,000 to $39,999",White,No,Bachelor's degree,Pennsylvania,Bachelor's degree,"(64,96]",White,"[25,50)",R,3,3,Republican,9,9,100,100,100,100,100,100,1,1,5,88,2,1,100,100,3.5,2.5,4,3.5,1,1,1,1,1,1,Respect for elders,Good manners,Obedience,Well-behaved,3,4,1,1,8
1543,Nebraska,Conservative,Strongly approve,normal,5b85c5c4-75ab-49f5-a42c-7d5b2159ef8f,43,Male,"$40,000 to $44,999","Black, or African American",No,Associate's degree,Nebraska,Associate's degree,"(34,49]",Black,"[25,50)",R,1,1,Republican,70,70,28,12,20,81,60,72,50,83,29,10,54,73,20,9,1.5,2,2,2,0,0,0,1,1,1,Respect for elders,Good manners,Self-reliance,Well-behaved,-3,3,1,0,4
1554,Maryland,Moderate,Strongly disapprove,normal,5b85c734-2654-4657-a667-eb54c236f22d,70,Male,"$35,000 to $39,999",White,No,"Some college, no degree",Maryland,"Some college, no degree","(64,96]",White,"[25,50)",I,0,0,Independent,76,49,10,2,30,50,50,3,80,50,7,1,90,80,50,50,1,2.5,1,1,1,1,1,1,1,1,Respect for elders,Curiosity,Self-reliance,Considerate,-2,1,1,0,7
1555,Washington,Moderate,Strongly disapprove,noincome,5b85c750-dd18-422c-bfef-60aec36a4d80,62,Male,"$85,000 to $89,999",White,No,Bachelor's degree,Washington,Bachelor's degree,"(49,64]",White,"[75,100)",R,2,2,Republican,52,42,42,43,73,85,79,29,54,75,32,81,100,100,100,49,1,2,4,2,1,0,0,1,0,0,Respect for elders,Good manners,Self-reliance,Considerate,0,2,0,0,2
1550,Utah,Extremely conservative,Somewhat approve,normal,5b85c680-5563-4dc1-8b10-ef958a38ed0c,47,Male,Prefer not to answer,White,Yes,High school graduate,Utah,High school graduate,"(34,49]",White,NA,R,3,3,Republican,26,39,14,3,3,31,93,10,7,5,84,27,3,4,94,99,2,3,3,4,1,0,1,1,0,1,Respect for elders,Curiosity,Self-reliance,Considerate,3,1,1,1,6
1561,Alaska,Moderate,Strongly disapprove,"noincome,nosales",5b85c7aa-373c-46de-93a1-a43150ebb08d,76,Male,"$70,000 to $74,999",White,No,Bachelor's degree,Alaska,Bachelor's degree,"(64,96]",White,"[50,75)",I,0,0,Independent,80,47,9,9,24,79,25,8,61,91,28,10,79,79,23,8,1,2,2,1.5,1,1,1,1,0,1,Independence,Curiosity,Obedience,Considerate,3,1,1,1,7
658,Hawaii,Slightly liberal,Strongly disapprove,normal,5b859ebb-77d8-4ff1-834e-df7dddd5331f,26,Male,Prefer not to answer,White,No,Associate's degree,Hawaii,Associate's degree,"[18,34]",White,NA,D,-2,2,Democrat,51,43,47,16,100,57,12,14,100,50,23,0,50,46,44,100,1,1,1,4,0,0,0,1,0,0,Independence,Curiosity,Self-reliance,Considerate,3,0,1,0,2
1440,Pennsylvania,Moderate,Somewhat disapprove,normal,5b85b944-322a-4d1d-8ed3-834a13c82c79,36,Male,"$75,000 to $79,999","Black, or African American",No,"Some college, no degree",Pennsylvania,"Some college, no degree","(34,49]",Black,"[75,100)",I,0,0,Independent,100,100,0,0,100,100,16,100,100,7,2,100,16,100,42,5,1.5,2.3333333333333335,2.5,2,1,0,1,1,1,1,Respect for elders,Good manners,Obedience,Well-behaved,-3,4,1,1,7
1560,New York,Moderate,Strongly disapprove,normal,5b85c784-04a8-421e-b10c-8fb03ce46324,64,Male,"$125,000 to $149,999",White,No,Bachelor's degree,New York,Bachelor's degree,"(49,64]",White,"[100,200)",D,-2,2,Democrat,100,52,7,1,100,100,7,8,30,50,99,8,100,100,1,54,1,1.5,3,1.5,1,1,1,1,0,1,Respect for elders,Good manners,Obedience,Well-behaved,3,4,0,0,5
1558,California,NA,Somewhat disapprove,normal,5b85c771-31ef-4d67-a9c2-d7c1b9697777,42,Male,"$70,000 to $74,999",White,No,Graduate or professional degree,California,Graduate or professional degree,"(34,49]",White,"[50,75)",I,0,0,Independent,56,70,0,0,100,100,80,60,0,0,0,0,50,50,50,50,2,1.5,2.5,2.5,0,0,0,1,0,0,Respect for elders,Good manners,Obedience,Considerate,0,3,0,0,1
1579,Ohio,Slightly liberal,Strongly disapprove,normal,5b85cb02-b7f5-401d-85b3-bc69594f932b,34,Male,"$15,000 to $19,999",White,No,"Some college, no degree",Ohio,"Some college, no degree","[18,34]",White,"[0,25)",D,-3,3,Democrat,97,93,97,96,97,91,93,97,99,97,92,95,100,100,2,8,2,2.5,1,1.5,1,1,1,1,0,0,Independence,Curiosity,Self-reliance,Considerate,3,0,0,1,5
1564,Texas,Conservative,Strongly approve,noincome,5b85c919-7336-483c-8361-5df81ea43bb2,60,Male,"$75,000 to $79,999",White,No,Bachelor's degree,Texas,Bachelor's degree,"(49,64]",White,"[75,100)",R,3,3,Republican,52,53,7,7,6,98,9,48,2,2,3,5,99,98,100,100,2,2,4,3.5,1,1,1,1,0,1,Respect for elders,Good manners,Obedience,Well-behaved,3,4,1,1,7
1577,Florida,Extremely liberal,Strongly disapprove,noincome,5b85cab8-17e0-482f-9538-f24644eba6ef,32,Female,"Less than $14,999",Prefer not to answer,Yes,Did not complete high school,Florida,Did not complete high school,"[18,34]",Prefer not to answer,"[0,25)",D,-3,3,Democrat,63,79,9,8,42,51,42,6,73,97,39,2,74,83,77,96,2,2,2,4,1,0,1,1,0,1,Respect for elders,Good manners,Self-reliance,Considerate,0,2,1,0,5
1568,Ohio,Moderate,Strongly disapprove,normal,5b85c984-f9f3-45f8-a303-d3eb5feaaf1e,54,Male,"$50,000 to $54,999","Black, or African American",No,High school graduate,Ohio,High school graduate,"(49,64]",Black,"[50,75)",I,0,0,Independent,75,74,18,16,60,96,49,47,49,50,83,47,97,98,49,20,1,2,3,2,1,1,1,1,1,1,Respect for elders,Good manners,Self-reliance,Considerate,-2,2,1,1,8
1580,Texas,Conservative,Somewhat approve,noincome,5b85cb12-bf39-49af-ab51-d3006c7e04e0,40,Male,"$35,000 to $39,999",White,No,"Some college, no degree",Texas,"Some college, no degree","(34,49]",White,"[25,50)",D,-3,3,Democrat,61,64,70,69,81,61,60,70,56,58,59,61,60,64,66,70,3,1,4,4,0,0,0,0,0,1,Independence,Good manners,Obedience,Well-behaved,-2,3,0,0,1
1565,Massachusetts,Moderate,Somewhat disapprove,normal,5b85c91d-1ba9-4e84-8bc3-3f23e42c3125,43,Male,"Less than $14,999",White,No,"Some college, no degree",Massachusetts,"Some college, no degree","(34,49]",White,"[0,25)",D,-3,3,Democrat,93,27,26,77,49,86,77,13,10,15,85,9,85,99,30,39,1,2,3,2,1,0,0,1,1,0,Independence,Curiosity,Self-reliance,Considerate,-3,0,0,0,3
1572,Mississippi,Moderate,Somewhat disapprove,normal,5b85c9e5-8ae2-4221-ba3e-bc608350a132,26,Male,"$70,000 to $74,999",White,No,Bachelor's degree,Mississippi,Bachelor's degree,"[18,34]",White,"[50,75)",I,0,0,Independent,100,100,0,0,100,100,0,0,0,46,100,0,100,49,0,0,1.5,1.5,3,1,0,0,0,1,1,1,Respect for elders,Good manners,Obedience,Well-behaved,-2,4,1,0,4
1581,Kentucky,Slightly liberal,Strongly approve,normal,5b85cb22-5174-4fbf-86de-3349431320e2,53,Male,"Less than $14,999",White,No,Bachelor's degree,Kentucky,Bachelor's degree,"(49,64]",White,"[0,25)",D,-2,2,Democrat,76,72,4,5,99,95,89,88,60,58,53,51,99,97,99,99,1,1,1,2.6666666666666665,0,1,1,1,1,1,Respect for elders,Good manners,Obedience,Considerate,-3,3,1,0,6
1571,Ohio,Slightly liberal,Somewhat disapprove,normal,5b85c9d2-4a49-4620-96ca-136614e59679,30,Male,"$25,000 to $29,999",White,No,Graduate or professional degree,Ohio,Graduate or professional degree,"[18,34]",White,"[25,50)",D,-1,1,Democrat,28,75,30,1,84,77,35,9,100,58,28,2,18,2,78,59,2,1,1,3,0,0,1,1,0,1,Independence,Curiosity,Self-reliance,Considerate,-3,0,1,0,4
1575,Pennsylvania,Conservative,Strongly approve,normal,5b85ca85-b395-4a71-b73d-695afb7d79f5,38,Male,"$100,000 to $124,999",White,No,Bachelor's degree,Pennsylvania,Bachelor's degree,"(34,49]",White,"[100,200)",R,3,3,Republican,50,61,1,1,1,1,100,100,72,100,100,1,97,79,99,100,2,3.5,2.5,4,0,0,1,1,0,1,Respect for elders,Good manners,Obedience,Considerate,-3,3,1,0,4
1567,Pennsylvania,Moderate,Strongly disapprove,normal,5b85c96f-63c0-405c-873e-aeb291b19106,57,Male,"Less than $14,999",White,No,Bachelor's degree,Pennsylvania,Bachelor's degree,"(49,64]",White,"[0,25)",D,-2,2,Democrat,54,51,39,41,37,39,40,43,19,25,91,29,74,83,82,79,1,4,3,2,1,0,0,0,0,1,Respect for elders,Good manners,Self-reliance,Considerate,-1,2,1,0,3
1570,Minnesota,Slightly conservative,Strongly approve,normal,5b85c9cd-c945-4681-93e8-7636a3079e8a,35,Female,"$100,000 to $124,999",White,No,Bachelor's degree,Minnesota,Bachelor's degree,"(34,49]",White,"[100,200)",R,1,1,Republican,10,25,50,0,0,0,100,75,70,50,50,0,28,50,91,100,3,3,1,4,0,0,0,1,0,1,Respect for elders,Curiosity,Self-reliance,Considerate,-1,1,1,0,3
1574,Pennsylvania,Slightly liberal,Strongly disapprove,normal,5b85ca49-450a-4086-84bc-17a244c36303,54,Female,"$25,000 to $29,999",White,No,High school graduate,Pennsylvania,High school graduate,"(49,64]",White,"[25,50)",D,-3,3,Democrat,70,70,26,23,41,83,40,33,88,80,58,3,81,76,57,55,1.5,2,1,1,1,0,1,1,0,1,Respect for elders,Good manners,Self-reliance,Considerate,-3,2,1,1,6
792,California,Moderate,Somewhat disapprove,normal,5b85a03e-e5cc-43b9-b8c1-a528201b9cd1,28,Male,"$30,000 to $34,999",White,No,High school graduate,California,High school graduate,"[18,34]",White,"[25,50)",R,2,2,Republican,76,54,69,62,50,56,21,14,52,26,50,5,61,65,53,64,1,2,1,2,1,0,0,1,0,1,Respect for elders,Curiosity,Obedience,Well-behaved,-2,3,1,0,4
NA,California,Moderate,Somewhat approve,normal,5b85c999-d4c6-4c5b-8d7d-139b06a71e0f,59,Male,"$65,000 to $69,999",Asian *** Asian Indian,Prefer not to answer,Graduate or professional degree,California,Graduate or professional degree,"(49,64]",Asian or Pacific Islander,"[50,75)",R,3,3,Republican,71,89,9,11,47,70,49,52,47,84,76,60,43,48,30,7,2,2,2,2,1,0,1,1,0,1,Independence,Good manners,Self-reliance,Well-behaved,-3,2,0,0,4
1573,Colorado,Liberal,Strongly disapprove,normal,5b85c9f7-233a-4a91-9c57-5c7ff2b5625a,61,Female,"$200,000 to $249,999",White,No,High school graduate,Colorado,High school graduate,"(49,64]",White,"[200,201)",D,-3,3,Democrat,98,100,5,3,83,95,16,4,78,99,6,2,95,71,58,62,2,2,2,1,1,0,1,1,0,1,Respect for elders,Curiosity,Self-reliance,Considerate,3,1,1,0,5
1563,Virginia,Conservative,Strongly approve,normal,5b85c7e1-1b9c-4c96-9f55-003c280dab67,60,Female,Prefer not to answer,White,No,"Some college, no degree",Virginia,"Some college, no degree","(49,64]",White,NA,R,3,3,Republican,22,33,19,9,1,1,100,100,1,2,4,100,12,27,22,21,2,3.5,4,2,1,1,1,1,1,1,Respect for elders,Curiosity,Self-reliance,Considerate,-3,1,1,1,8
1592,Texas,Extremely liberal,Strongly approve,noincome,5b85cd42-c0db-4ef7-8db7-7886eea7e6ca,53,Female,"$15,000 to $19,999",Some other race,Yes,"Some college, no degree",Texas,"Some college, no degree","(49,64]",Other,"[0,25)",D,-3,3,Democrat,100,100,0,0,100,100,100,100,100,100,100,100,100,100,0,0,1.5,2.5,2.5,1.5,0,0,0,0,1,1,Respect for elders,Good manners,Obedience,Well-behaved,3,4,1,0,3
1588,Connecticut,Moderate,Strongly disapprove,normal,5b85cca3-5475-442f-b48a-a5e13fafbbef,29,Male,Prefer not to answer,White,No,Bachelor's degree,Connecticut,Bachelor's degree,"[18,34]",White,NA,D,-3,3,Democrat,85,87,15,21,50,85,61,50,84,80,48,7,88,89,72,68,2,2,1,2,1,1,1,1,1,1,Independence,Curiosity,Self-reliance,Considerate,3,0,1,1,8
1583,Arizona,Moderate,Strongly disapprove,normal,5b85cb7c-57a2-495e-92bc-c575a6207baa,57,Female,"$20,000 to $24,999",American Indian or Alaska Native,Yes,High school graduate,Arizona,High school graduate,"(49,64]",American Indian or Alaska Native,"[0,25)",D,-2,2,Democrat,75,70,2,0,85,75,15,0,5,50,85,1,99,98,2,0,1,1,3,1,1,1,1,1,0,1,Independence,Curiosity,Self-reliance,Considerate,2,0,1,1,7
1585,Nevada,Slightly liberal,Strongly disapprove,noincome,5b85cc0f-a0f1-4aaf-9ea4-4e48478bbf70,57,Male,"$100,000 to $124,999",White,No,Associate's degree,Nevada,Associate's degree,"(49,64]",White,"[100,200)",D,-1,1,Democrat,71,36,11,3,26,97,48,6,99,51,36,1,95,70,32,33,1,2,1,1,1,1,1,1,1,1,Independence,Curiosity,Self-reliance,Considerate,3,0,1,1,8
1566,Ohio,Conservative,Somewhat approve,normal,5b85c936-b23d-4160-933e-6cac543480d2,56,Male,"$45,000 to $49,999",White,No,Associate's degree,Ohio,Associate's degree,"(49,64]",White,"[25,50)",R,2,2,Republican,97,98,3,3,7,4,95,95,5,4,91,22,90,92,91,49,2,3.5,3,2,0,0,0,1,0,1,Respect for elders,Good manners,Obedience,Well-behaved,2,4,1,0,3
1591,District of Columbia,Extremely conservative,Strongly approve,normal,5b85ccf1-634a-48be-987d-6af1fd0818e8,59,Female,"$25,000 to $29,999",Asian *** Asian Indian,Yes,"Some college, no degree",D.C.,"Some college, no degree","(49,64]",Asian or Pacific Islander,"[25,50)",R,3,3,Republican,100,100,0,0,0,50,100,100,0,0,50,100,50,50,100,100,1.5,3.5,4,3.5,1,1,1,1,0,0,Respect for elders,Good manners,Obedience,Well-behaved,3,4,1,1,6
1556,Michigan,Moderate,Strongly disapprove,normal,5b85c762-068a-4c41-a45b-775c929bde77,58,Male,"$35,000 to $39,999",White,No,Bachelor's degree,Michigan,Bachelor's degree,"(49,64]",White,"[25,50)",D,-3,3,Democrat,12,1,50,1,1,1,100,100,100,50,1,1,100,100,1,1,3,3.5,1,1.5,1,0,0,1,0,1,Respect for elders,Good manners,Obedience,Well-behaved,-2,4,1,0,4
1578,New York,Extremely conservative,Strongly approve,normal,5b85cace-4a78-4d2f-83c0-09e7a3b83bf9,60,Male,"Less than $14,999",White,No,"Some college, no degree",New York,"Some college, no degree","(49,64]",White,"[0,25)",R,1,1,Republican,90,89,14,9,19,50,96,97,31,39,88,19,42,55,20,13,1,4,3,2,1,0,1,1,1,1,Respect for elders,Good manners,Self-reliance,Well-behaved,2,3,1,1,7
1590,Alabama,Extremely conservative,Strongly approve,normal,5b85cce6-20dd-4c45-b427-60d8e0e35da5,62,Male,"$25,000 to $29,999",White,No,"Some college, no degree",Alabama,"Some college, no degree","(49,64]",White,"[25,50)",R,3,3,Republican,72,95,0,0,0,0,100,84,1,5,69,2,50,70,4,1,2,3,3,2,1,1,0,1,0,1,Respect for elders,Good manners,Obedience,Considerate,3,3,1,1,6
1593,Pennsylvania,Moderate,Somewhat approve,normal,5b85cd4f-965d-428a-80ad-4b5c76e833f2,61,Male,"$95,000 to $99,999",White,No,"Some college, no degree",Pennsylvania,"Some college, no degree","(49,64]",White,"[75,100)",R,2,2,Republican,30,82,20,23,80,26,86,86,77,78,45,71,51,65,93,91,2,3.5,2,3,1,1,1,1,0,1,Independence,Good manners,Self-reliance,Well-behaved,-3,2,0,1,6
1521,New Hampshire,Moderate,Strongly disapprove,"noincome,nosales",5b85bf99-de45-4ba2-b41e-036c0d2f47f9,42,Female,"$50,000 to $54,999","Black, or African American",No,Bachelor's degree,New Hampshire,Bachelor's degree,"(34,49]",Black,"[50,75)",I,0,0,Independent,100,100,0,0,1,1,100,100,1,0,100,0,100,100,0,0,1.5,3.5,3,1.5,0,0,0,1,0,1,Respect for elders,Good manners,Obedience,Considerate,0,3,1,0,3
1589,Texas,Conservative,Somewhat approve,noincome,5b85ccca-2b95-42a1-8f8d-82e1fcd69909,59,Male,"$40,000 to $44,999",White,No,High school graduate,Texas,High school graduate,"(49,64]",White,"[25,50)",R,1,1,Republican,29,29,53,3,100,100,93,61,1,1,81,1,29,32,20,2,3,1.5,3,2,1,1,1,1,1,1,Respect for elders,Good manners,Obedience,Considerate,0,3,1,1,8
1596,Florida,Moderate,Strongly approve,noincome,5b85ce24-8ede-4330-8da8-8af627248762,62,Male,"$175,000 to $199,999",White,No,Bachelor's degree,Florida,Bachelor's degree,"(49,64]",White,"[100,200)",R,2,2,Republican,96,67,73,76,96,96,100,97,100,100,100,100,95,89,96,94,1,3,2.5,3,1,0,1,1,0,1,Respect for elders,Good manners,Obedience,Considerate,-3,3,1,0,5
1595,Nevada,Moderate,Strongly disapprove,noincome,5b85cda0-7de7-4a8b-bf42-cff8e4d5d8e7,41,Male,"Less than $14,999",White,No,"Some college, no degree",Nevada,"Some college, no degree","(34,49]",White,"[0,25)",R,1,1,Republican,30,50,50,50,75,85,5,5,100,100,0,0,30,30,50,69,3,2,1.5,4,1,0,0,1,1,1,Respect for elders,Good manners,Obedience,Well-behaved,-2,4,1,1,6
1587,Texas,Slightly conservative,Strongly approve,noincome,5b85cc67-0e73-4ddd-9da8-f0113ab484d7,59,Male,"$50,000 to $54,999",White,No,Graduate or professional degree,Texas,Graduate or professional degree,"(49,64]",White,"[50,75)",R,2,2,Republican,77,86,12,10,15,93,88,85,75,48,90,2,19,22,83,84,2,2,3,4,1,1,1,1,1,1,Respect for elders,Good manners,Obedience,Well-behaved,3,4,1,1,8
1569,Texas,Slightly conservative,Somewhat approve,noincome,5b85c995-ddd8-4fec-a805-764123cf104c,57,Male,"$50,000 to $54,999",White,No,"Some college, no degree",Texas,"Some college, no degree","(49,64]",White,"[50,75)",R,2,2,Republican,48,73,26,10,20,5,99,97,78,85,28,54,71,78,53,18,2,3,2,2,1,0,1,1,1,1,Respect for elders,Curiosity,Self-reliance,Considerate,-3,1,0,0,5
1600,Washington,Moderate,Strongly disapprove,noincome,5b85cf5a-efa1-419f-9400-6c310e31ba04,35,Male,"$30,000 to $34,999",White,No,Associate's degree,Washington,Associate's degree,"(34,49]",White,"[25,50)",D,-2,2,Democrat,100,100,100,100,100,100,100,100,100,100,100,100,100,100,100,100,2.5,2.5,2.5,2.5,0,0,0,1,0,1,Independence,Good manners,Self-reliance,Well-behaved,-3,2,1,0,3
1601,Arizona,Extremely conservative,Strongly approve,normal,5b85cfe3-e241-441c-bdee-1ec7d2d95a62,54,Male,"$30,000 to $34,999",White,No,High school graduate,Arizona,High school graduate,"(49,64]",White,"[25,50)",R,3,3,Republican,53,12,80,88,4,100,97,70,2,3,2,98,3,2,97,89,4,2,4,3,1,1,1,1,0,1,Respect for elders,Good manners,Obedience,Well-behaved,3,4,1,1,7
1586,New York,Conservative,Strongly approve,normal,5b85cc64-94bb-4875-9cc8-391f3ee4c81a,64,Male,"$65,000 to $69,999",White,No,"Some college, no degree",New York,"Some college, no degree","(49,64]",White,"[50,75)",R,3,3,Republican,40,38,30,9,10,21,81,54,30,31,43,43,11,10,71,49,1,3,3.5,3,1,1,1,1,0,1,Respect for elders,Curiosity,Self-reliance,Considerate,0,1,1,1,7
879,Florida,Moderate,Somewhat disapprove,noincome,5b85a195-43b6-4d11-ab7a-70598c901bc5,65,Male,"$45,000 to $49,999",White,No,High school graduate,Florida,High school graduate,"(64,96]",White,"[25,50)",D,-2,2,Democrat,94,51,13,8,11,52,54,53,58,52,52,53,5,82,38,58,1,3,1,2,1,1,1,1,0,1,Respect for elders,Good manners,Self-reliance,Considerate,2,2,1,0,6
1584,North Carolina,Extremely liberal,Strongly disapprove,normal,5b85cb8f-cbd6-48af-841b-8e4631960cc3,64,Male,"$20,000 to $24,999",White,No,Did not complete high school,North Carolina,Did not complete high school,"(49,64]",White,"[0,25)",D,-3,3,Democrat,92,93,6,6,84,88,24,16,64,67,35,19,97,97,42,45,2,2,2,1.5,1,1,1,1,1,1,Independence,Curiosity,Self-reliance,Considerate,2,0,1,1,8
1597,Illinois,Extremely conservative,Strongly approve,normal,5b85ce32-239c-4665-923a-aa1fa9ed6db3,58,Male,"$30,000 to $34,999",Asian *** Vietnamese,No,High school graduate,Illinois,High school graduate,"(49,64]",Asian or Pacific Islander,"[25,50)",R,3,3,Republican,57,7,25,10,0,99,69,69,55,65,76,1,50,50,59,65,1,2,3,4,1,1,1,1,0,1,Respect for elders,Good manners,Obedience,Well-behaved,-3,4,1,1,7
1582,New York,Moderate,Strongly disapprove,normal,5b85cb61-a6cf-4055-9ec9-4960ae56b842,34,Male,"$75,000 to $79,999",White,No,Bachelor's degree,New York,Bachelor's degree,"[18,34]",White,"[75,100)",I,0,0,Independent,100,100,9,9,100,100,11,10,100,76,78,100,43,52,74,68,1.5,1.5,2.5,3,0,1,1,1,0,0,Respect for elders,Good manners,Obedience,Well-behaved,-3,4,1,1,5
1605,New York,Extremely conservative,Strongly approve,normal,5b85d128-9b61-4042-8a92-b0aba193a4fa,61,Male,"$25,000 to $29,999",Prefer not to answer,Yes,Did not complete high school,New York,Did not complete high school,"(49,64]",Prefer not to answer,"[25,50)",R,3,3,Republican,19,61,19,20,1,61,91,62,2,2,74,1,1,2,100,100,2,3,3,3.5,1,1,1,1,1,1,Respect for elders,Good manners,Self-reliance,Well-behaved,3,3,1,1,8
1612,New Jersey,Slightly liberal,Strongly disapprove,normal,5b85d28c-163a-4942-a6f9-31de805054b0,19,Male,"$150,000 to $174,999",White,No,Graduate or professional degree,New Jersey,Graduate or professional degree,"[18,34]",White,"[100,200)",D,-2,2,Democrat,64,66,77,77,76,72,83,83,76,78,81,83,66,65,67,74,3.5,3.5,4,4,1,0,1,1,1,0,Independence,Curiosity,Self-reliance,Considerate,-2,0,0,0,4
1602,Pennsylvania,Slightly conservative,Somewhat approve,normal,5b85d071-2432-4679-8e06-82b970599dcc,59,Male,"$20,000 to $24,999",White,No,Graduate or professional degree,Pennsylvania,Graduate or professional degree,"(49,64]",White,"[0,25)",R,2,2,Republican,22,19,54,54,12,55,91,99,72,60,56,14,54,56,98,49,3.5,4,1,3,1,1,1,1,0,1,Respect for elders,Good manners,Self-reliance,Well-behaved,-2,3,1,0,6
1608,Connecticut,Conservative,Strongly approve,normal,5b85d1a5-61ea-4ecb-bc98-0c11e1460098,56,Male,"$15,000 to $19,999",White,No,Graduate or professional degree,Connecticut,Graduate or professional degree,"(49,64]",White,"[0,25)",R,3,3,Republican,30,61,41,11,1,1,100,1,50,49,48,48,1,1,60,43,2,3,1,3,1,1,1,1,0,1,Respect for elders,Good manners,Obedience,Well-behaved,1,4,1,1,7
1613,Connecticut,Liberal,Strongly disapprove,normal,5b85d29d-b323-4059-9406-6e7e504b3667,47,Male,"$20,000 to $24,999",White,No,High school graduate,Connecticut,High school graduate,"(34,49]",White,"[0,25)",D,-3,3,Democrat,100,59,7,6,2,99,1,1,32,100,100,0,79,65,16,1,1,2,2.5,1,1,1,1,1,0,1,Independence,Curiosity,Self-reliance,Considerate,3,0,1,1,7
1599,Connecticut,Moderate,Strongly approve,normal,5b85cf52-322e-4f2a-b989-82d84d882032,52,Male,"$45,000 to $49,999",White,No,"Some college, no degree",Connecticut,"Some college, no degree","(49,64]",White,"[25,50)",D,-2,2,Democrat,5,7,6,4,2,80,80,82,85,100,49,4,23,100,60,4,2,4,2,2,1,0,1,1,1,1,Independence,Good manners,Self-reliance,Considerate,-3,1,1,1,7
1598,Pennsylvania,Slightly liberal,Strongly disapprove,normal,5b85ce9b-f05b-4c37-b321-a9a339483c22,44,Male,"$65,000 to $69,999",White,No,Associate's degree,Pennsylvania,Associate's degree,"(34,49]",White,"[50,75)",D,-1,1,Democrat,99,96,2,1,100,100,1,1,1,1,100,2,78,81,91,96,1,1.5,3,4,1,0,1,1,0,0,Respect for elders,Good manners,Obedience,Well-behaved,3,4,0,0,3
1606,Pennsylvania,Extremely conservative,Strongly approve,normal,5b85d14f-53d2-458c-96a9-d82ed708f3a7,60,Male,"$60,000 to $64,999",White,Yes,Bachelor's degree,Pennsylvania,Bachelor's degree,"(49,64]",White,"[50,75)",R,3,3,Republican,50,69,7,6,2,100,33,2,3,6,96,39,4,4,100,100,2,2,3,3.5,1,1,1,1,0,1,Respect for elders,Good manners,Obedience,Well-behaved,3,4,0,0,5
1610,Massachusetts,Moderate,Strongly disapprove,normal,5b85d1e2-7821-4749-bc66-dc629ba80956,49,Male,"$95,000 to $99,999",White,No,Bachelor's degree,Massachusetts,Bachelor's degree,"(34,49]",White,"[75,100)",D,-1,1,Democrat,70,73,7,9,86,6,5,5,31,31,66,5,87,84,31,23,2,1,3,1,1,0,1,1,0,1,Respect for elders,Curiosity,Obedience,Considerate,0,2,1,0,5
1609,New Jersey,Extremely liberal,Strongly disapprove,normal,5b85d1d3-7a2c-4ecb-9f7b-3cc485e12aba,60,Male,"$65,000 to $69,999",White,Yes,Bachelor's degree,New Jersey,Bachelor's degree,"(49,64]",White,"[50,75)",D,-3,3,Democrat,80,80,4,2,96,94,7,2,80,91,72,1,98,97,49,22,1.5,1,2,1,1,1,1,1,1,1,Respect for elders,Curiosity,Self-reliance,Well-behaved,3,2,1,1,8
1611,Connecticut,Moderate,Somewhat approve,normal,5b85d222-57f4-4402-bc12-b386c07af4e9,27,Male,"$25,000 to $29,999",White,No,High school graduate,Connecticut,High school graduate,"[18,34]",White,"[25,50)",I,0,0,Independent,48,45,53,49,52,53,63,55,96,51,27,1,46,46,44,45,3,3,1,1.5,0,0,0,1,1,0,Respect for elders,Good manners,Obedience,Well-behaved,-3,4,1,0,3
1604,Hawaii,Conservative,Strongly approve,normal,5b85d0b6-c39c-4582-9d00-a1c159b26fb9,49,Male,"$80,000 to $84,999",White,No,Bachelor's degree,Hawaii,Bachelor's degree,"(34,49]",White,"[75,100)",R,3,3,Republican,61,36,23,2,2,30,77,24,5,1,99,7,51,50,70,10,1,3,3,3,1,0,1,1,0,1,Respect for elders,Good manners,Obedience,Well-behaved,-2,4,1,1,6
1408,Florida,Moderate,Strongly disapprove,noincome,5b85b5ec-ae51-4f5e-b948-0ba00d1de4ff,59,Male,"$100,000 to $124,999",White,No,Graduate or professional degree,Florida,Graduate or professional degree,"(49,64]",White,"[100,200)",D,-3,3,Democrat,50,61,60,81,33,90,63,97,32,50,60,82,29,54,46,61,4,4,4,4,0,0,0,0,1,NA,Respect for elders,Good manners,Obedience,Well-behaved,-3,4,0,0,NA
1576,North Carolina,Conservative,Somewhat approve,normal,5b85cab3-f46c-4f44-a5be-4b2af0751893,63,Male,"$55,000 to $59,999",Some other race,Yes,High school graduate,North Carolina,High school graduate,"(49,64]",Other,"[50,75)",R,1,1,Republican,71,62,1,1,51,43,94,31,1,1,1,1,50,71,42,32,1,3,2.5,2,0,0,0,1,0,1,Respect for elders,Good manners,Obedience,Well-behaved,3,4,1,0,3
1614,Washington,Moderate,Somewhat approve,noincome,5b85d3a3-371e-411a-96c7-3ba84185f43e,34,Male,"Less than $14,999",White,No,Bachelor's degree,Washington,Bachelor's degree,"[18,34]",White,"[0,25)",D,-1,1,Democrat,85,79,45,20,63,60,60,46,41,75,86,56,66,69,56,87,1,1,3,4,0,0,0,1,1,1,Respect for elders,Good manners,Obedience,Well-behaved,3,4,1,0,4
1622,California,Slightly conservative,Strongly disapprove,normal,5b85d5b4-4f67-44b8-ba91-2fee85932eb5,27,Male,"$55,000 to $59,999",White,No,Graduate or professional degree,California,Graduate or professional degree,"[18,34]",White,"[50,75)",D,-2,2,Democrat,98,74,5,2,50,98,42,49,99,52,5,5,97,97,50,28,1,2,1,1.5,0,0,0,1,1,1,Independence,Good manners,Self-reliance,Well-behaved,3,2,1,0,4
304,Alabama,Liberal,Somewhat disapprove,normal,5b859a03-7cdc-4a28-832c-b02242d5f4ca,36,Male,"$20,000 to $24,999",Some other race,Yes,Associate's degree,Alabama,Associate's degree,"(34,49]",Other,"[0,25)",D,-2,2,Democrat,78,19,7,7,33,82,11,12,28,72,15,8,49,50,6,10,1,2,2,2,0,0,0,1,0,1,Respect for elders,Curiosity,Obedience,Considerate,-3,2,1,0,3
1617,Washington,Liberal,Strongly disapprove,noincome,5b85d555-598c-401a-adfd-c534bee1d399,51,Male,"$100,000 to $124,999",White,No,Graduate or professional degree,Washington,Graduate or professional degree,"(49,64]",White,"[100,200)",D,-3,3,Democrat,78,94,0,1,76,80,7,1,100,50,1,0,100,100,56,7,2,2,1,1.5,1,0,1,1,1,0,Independence,Curiosity,Self-reliance,Considerate,-2,0,1,1,6
1624,California,Moderate,Somewhat approve,normal,5b85d5d5-5da5-4af9-930b-17f890ad551f,25,Male,"Less than $14,999",White,No,Associate's degree,California,Associate's degree,"[18,34]",White,"[0,25)",D,-3,3,Democrat,50,65,53,66,71,49,59,60,31,41,62,48,30,49,39,69,4,1,3,4,0,0,0,0,0,0,Respect for elders,Good manners,Obedience,Well-behaved,2,4,0,0,0
1621,New Hampshire,Liberal,Strongly disapprove,"noincome,nosales",5b85d599-e33f-42f5-b094-0dfe3590933f,60,Male,"$100,000 to $124,999",White,No,Graduate or professional degree,New Hampshire,Graduate or professional degree,"(49,64]",White,"[100,200)",D,-3,3,Democrat,38,35,21,7,69,78,1,0,51,50,68,3,2,33,28,0,1,2,3,2,1,0,1,1,1,1,Respect for elders,Good manners,Obedience,Considerate,2,3,1,0,6
1619,Kentucky,Slightly conservative,Somewhat approve,normal,5b85d588-593d-4c00-8686-06cdce5d4158,43,Male,"$95,000 to $99,999",White,No,High school graduate,Kentucky,High school graduate,"(34,49]",White,"[75,100)",R,2,2,Republican,50,69,9,10,10,99,91,45,50,90,30,1,50,55,75,53,2,2,2,3,0,0,0,0,1,1,Independence,Good manners,Self-reliance,Considerate,-3,1,1,0,3
1620,Connecticut,Liberal,Strongly disapprove,normal,5b85d592-5bec-4fe5-bf4d-2f51ecc8c0b4,71,Male,"$125,000 to $149,999",Some other race,Yes,High school graduate,Connecticut,High school graduate,"(64,96]",Other,"[100,200)",D,-3,3,Democrat,79,77,7,1,100,1,1,1,48,69,97,1,100,100,57,48,1,1,3,1.5,1,0,1,1,0,1,Respect for elders,Good manners,Obedience,Well-behaved,0,4,1,0,5
1625,New Jersey,Extremely liberal,Strongly disapprove,normal,5b85d657-949a-4f05-aacd-718d0777c31a,30,Male,"$45,000 to $49,999",White,No,High school graduate,New Jersey,High school graduate,"[18,34]",White,"[25,50)",D,-1,1,Democrat,100,99,0,0,50,80,0,0,60,75,25,0,100,100,30,0,1,2,2,1.5,1,0,1,1,1,1,Independence,Curiosity,Self-reliance,Considerate,3,0,1,0,6
1623,California,Liberal,Strongly disapprove,normal,5b85d5be-51d4-4904-a048-7675f3339079,26,Male,"$125,000 to $149,999",White,No,Graduate or professional degree,California,Graduate or professional degree,"[18,34]",White,"[100,200)",I,0,0,Independent,100,64,1,1,66,73,11,8,51,99,99,1,2,1,67,57,1,2,2.5,3,1,0,0,1,0,1,Independence,Curiosity,Self-reliance,Considerate,-3,0,0,0,3
1411,Oregon,Moderate,Somewhat disapprove,normal,5b85b61f-3316-40d2-b54e-9eb81f3659d1,56,Male,"$50,000 to $54,999",White,No,High school graduate,Oregon,High school graduate,"(49,64]",White,"[50,75)",I,0,0,Independent,100,50,0,0,30,82,9,1,30,53,1,1,40,31,48,30,1,2,2,3,1,0,1,1,1,1,Independence,Curiosity,Self-reliance,Considerate,3,0,1,0,6
1616,California,Liberal,Strongly disapprove,normal,5b85d4ac-255a-4723-b293-0006b06b73aa,43,Male,"Less than $14,999",White,No,Bachelor's degree,California,Bachelor's degree,"(34,49]",White,"[0,25)",I,0,0,Independent,100,100,0,0,100,100,0,0,0,100,50,50,90,90,10,0,1.5,1.5,2,1.5,1,1,1,1,1,1,Independence,Curiosity,Self-reliance,Considerate,3,0,1,1,8
1618,Rhode Island,Moderate,Somewhat approve,normal,5b85d57b-3392-4d8f-84cb-b364aca1f60e,30,Male,"$15,000 to $19,999",White,No,Graduate or professional degree,Rhode Island,Graduate or professional degree,"[18,34]",White,"[0,25)",I,0,0,Independent,81,59,22,22,29,62,50,50,30,28,51,31,50,50,48,47,1,2,3,1.5,1,0,1,1,1,1,Respect for elders,Good manners,Obedience,Well-behaved,2,4,1,0,6
1607,Oregon,Moderate,Strongly disapprove,normal,5b85d168-fe10-4a79-8e82-34cef61986f2,61,Male,"$45,000 to $49,999",White,No,Bachelor's degree,Oregon,Bachelor's degree,"(49,64]",White,"[25,50)",D,-1,1,Democrat,81,82,14,12,67,18,80,3,100,100,10,2,91,83,30,26,2,3,1.5,1,1,0,1,1,0,1,Respect for elders,Good manners,Obedience,Considerate,3,3,1,0,5
1626,California,Moderate,Strongly approve,normal,5b85d75c-f82f-4340-9a73-9dda1a9de3e1,61,Male,"$40,000 to $44,999",White,No,Graduate or professional degree,California,Graduate or professional degree,"(49,64]",White,"[25,50)",R,3,3,Republican,50,40,31,10,30,20,90,80,1,2,80,75,95,95,7,8,1,3,3,1.5,1,0,0,1,0,1,Respect for elders,Good manners,Obedience,Well-behaved,-3,4,1,0,4
1627,California,Extremely conservative,Strongly approve,normal,5b85d842-fa4a-45cf-94f4-b99e9398ea77,54,Male,"$100,000 to $124,999",Some other race,No,"Some college, no degree",California,"Some college, no degree","(49,64]",Other,"[100,200)",R,3,3,Republican,54,30,50,50,1,0,99,100,100,100,1,3,0,1,100,100,1,4,1.5,3.5,1,0,0,1,0,1,Respect for elders,Good manners,Obedience,Well-behaved,-2,4,1,0,4
1628,California,Liberal,Strongly disapprove,normal,5b85dc7b-15e6-4e53-bc2d-0f52fcfe64b5,57,Male,"$30,000 to $34,999",White,No,"Some college, no degree",California,"Some college, no degree","(49,64]",White,"[25,50)",D,-3,3,Democrat,40,95,4,2,70,93,20,6,6,88,2,1,51,56,34,14,2,2,2,2,1,1,1,1,1,1,Respect for elders,Curiosity,Self-reliance,Considerate,3,1,1,1,8
1629,California,Moderate,Strongly approve,normal,5b85dc85-6fa2-4d53-b241-6b407ccd2b86,52,Male,"$95,000 to $99,999","Black, or African American",Yes,Bachelor's degree,California,Bachelor's degree,"(49,64]",Black,"[75,100)",R,1,1,Republican,21,49,37,51,2,100,90,70,11,18,39,50,3,3,72,80,4,2,4,4,1,1,1,1,0,1,Respect for elders,Good manners,Obedience,Well-behaved,3,4,1,1,7
1631,Hawaii,Extremely conservative,Strongly approve,normal,5b85de00-9dc8-4353-9352-eb0f7b314e99,58,Male,"$70,000 to $74,999",Asian *** Other,No,Graduate or professional degree,Hawaii,Graduate or professional degree,"(49,64]",Asian or Pacific Islander,"[50,75)",R,3,3,Republican,72,85,10,13,4,5,97,100,100,40,1,0,98,98,8,3,2,4,1,1.5,1,0,1,1,0,1,Respect for elders,Curiosity,Obedience,Well-behaved,-3,3,1,1,6
541,Georgia,Extremely conservative,Somewhat approve,normal,5b859c3b-5089-4aa7-aeea-41c47e26e706,39,Male,"$90,000 to $94,999",White,No,Associate's degree,Georgia,Associate's degree,"(34,49]",White,"[75,100)",R,3,3,Republican,72,78,6,6,44,73,19,8,14,11,96,33,83,82,28,29,2,2,3,1,1,1,0,1,0,1,Independence,Good manners,Self-reliance,Considerate,-2,1,1,1,6
1603,California,Liberal,Strongly disapprove,normal,5b85d0ac-d576-4248-8835-21aa00d78d74,64,Male,"$55,000 to $59,999",Some other race,Yes,"Some college, no degree",California,"Some college, no degree","(49,64]",Other,"[50,75)",D,-3,3,Democrat,1,1,1,1,50,50,50,30,50,50,50,50,60,60,75,1,2.5,2,2.5,3,1,0,1,1,1,1,Respect for elders,Good manners,Self-reliance,Well-behaved,3,3,1,1,7
1633,California,Moderate,Strongly disapprove,normal,5b85df6a-6d9d-4d50-a041-8fac2e0f39cc,26,Male,"$30,000 to $34,999",White,No,"Some college, no degree",California,"Some college, no degree","[18,34]",White,"[25,50)",D,-3,3,Democrat,83,91,89,85,49,73,16,48,36,62,31,59,86,41,65,42,2,2,2,1,0,0,0,1,0,1,Respect for elders,Good manners,Self-reliance,Considerate,3,2,1,0,3
1632,Washington,Liberal,Strongly disapprove,noincome,5b85ded8-3ce7-4bd4-b744-354ef8b33d5e,49,Male,"$45,000 to $49,999",White,No,"Some college, no degree",Washington,"Some college, no degree","(34,49]",White,"[25,50)",D,-3,3,Democrat,100,100,1,1,61,89,0,0,100,61,1,1,1,1,17,10,1.5,2,1,3,1,1,1,1,0,1,Independence,Curiosity,Self-reliance,Considerate,3,0,1,1,7
976,Alabama,Liberal,Somewhat disapprove,normal,5b85a413-bf7c-4e20-b658-2bc02d493f23,62,Female,"$100,000 to $124,999",White,No,Bachelor's degree,Alabama,Bachelor's degree,"(49,64]",White,"[100,200)",D,-1,1,Democrat,100,75,1,1,50,100,1,1,2,100,67,1,100,100,100,100,1,2,2,2.5,1,1,0,1,0,1,Independence,Curiosity,Self-reliance,Considerate,-1,0,1,0,5
1635,California,Extremely liberal,Strongly disapprove,normal,5b85e014-992a-49c8-aead-c0070dbe34a6,62,Male,"Less than $14,999",White,No,High school graduate,California,High school graduate,"(49,64]",White,"[0,25)",D,-3,3,Democrat,90,60,0,0,100,100,0,0,81,90,10,0,75,90,0,0,1,1.5,2,2,1,0,1,1,1,1,Respect for elders,Curiosity,Obedience,Considerate,3,2,1,1,7
239,Alabama,Slightly liberal,Somewhat disapprove,normal,5b85998f-dee9-4dc1-b94e-b571d131364a,64,Male,"$65,000 to $69,999",White,No,Bachelor's degree,Alabama,Bachelor's degree,"(49,64]",White,"[50,75)",D,-2,2,Democrat,91,90,1,1,95,96,0,0,94,100,100,5,84,85,97,97,1,2,2.5,3.5,0,1,1,1,0,1,Respect for elders,Good manners,Obedience,Well-behaved,3,4,1,0,5
1630,Nevada,Liberal,Strongly disapprove,noincome,5b85dd1c-8d4d-4a10-adbb-86858d2d3a6c,64,Male,"$75,000 to $79,999",White,No,"Some college, no degree",Nevada,"Some college, no degree","(49,64]",White,"[75,100)",D,-3,3,Democrat,50,100,1,0,100,50,1,1,50,100,100,1,100,100,50,1,2,1,2.5,1.5,1,1,1,1,1,1,Respect for elders,Curiosity,Obedience,Considerate,3,2,1,1,8
1637,California,Extremely liberal,Strongly disapprove,normal,5b85e404-0df1-4199-b552-b0cfe9e185a2,60,Male,"$45,000 to $49,999",Some other race,Yes,Graduate or professional degree,California,Graduate or professional degree,"(49,64]",Other,"[25,50)",I,0,0,Independent,99,83,1,1,100,99,1,1,100,51,28,1,99,76,70,53,1,1,1,1,1,1,1,1,0,1,Independence,Curiosity,Self-reliance,Considerate,0,0,1,1,7
1634,California,Moderate,Strongly disapprove,normal,5b85df7c-a462-4a35-9127-c4fa389dcf7f,18,Male,"$150,000 to $174,999",Some other race,Yes,Did not complete high school,California,Did not complete high school,"[18,34]",Other,"[100,200)",D,-2,2,Democrat,36,66,22,41,99,36,59,6,64,20,9,30,45,9,59,80,2,1,1,4,0,0,1,0,0,0,Respect for elders,Good manners,Obedience,Well-behaved,1,4,1,0,2
1636,Arizona,Moderate,Somewhat disapprove,normal,5b85e38d-cb6d-4dc8-96d1-6dfbc5b017d5,47,Male,"$40,000 to $44,999",White,No,Graduate or professional degree,Arizona,Graduate or professional degree,"(34,49]",White,"[25,50)",R,2,2,Republican,70,70,32,34,72,72,74,44,54,56,58,60,74,73,74,74,1.5,3,4,2.6666666666666665,0,1,0,1,1,1,Respect for elders,Good manners,Obedience,Considerate,2,3,0,0,4
1639,Nevada,Conservative,Strongly disapprove,noincome,5b85e82c-ec17-417c-ad53-e408a3473a45,57,Male,"$60,000 to $64,999",White,No,"Some college, no degree",Nevada,"Some college, no degree","(49,64]",White,"[50,75)",D,-2,2,Democrat,100,100,1,1,1,1,100,1,100,1,1,100,50,50,50,50,1.5,3,2.5,2.5,1,1,1,1,0,1,Respect for elders,Good manners,Obedience,Well-behaved,3,4,1,0,6
1638,Utah,Moderate,Strongly disapprove,normal,5b85e73d-7b75-4cc6-9275-e415a0de8f1c,19,Male,"$100,000 to $124,999",White,No,High school graduate,Utah,High school graduate,"[18,34]",White,"[100,200)",I,0,0,Independent,100,100,0,0,0,70,44,21,0,50,100,44,74,70,61,48,1.5,2,3,1,0,0,0,1,1,1,Respect for elders,Curiosity,Obedience,Considerate,-2,2,1,1,5
1640,Colorado,Slightly liberal,Strongly disapprove,normal,5b85ea13-6eaf-4fda-bafb-da9c47050cfe,60,Male,"$25,000 to $29,999",White,No,Graduate or professional degree,Colorado,Graduate or professional degree,"(49,64]",White,"[25,50)",D,-2,2,Democrat,90,46,13,2,98,98,2,1,99,59,4,2,97,99,11,3,1,1.5,1,2,0,0,0,1,0,1,Independence,Curiosity,Self-reliance,Considerate,-2,0,1,0,3
1641,New Jersey,Extremely liberal,Strongly approve,normal,5b85eb8c-73f3-489c-8a76-91f660bb9d4a,47,Male,"$75,000 to $79,999",White,No,Bachelor's degree,New Jersey,Bachelor's degree,"(34,49]",White,"[75,100)",D,-3,3,Democrat,96,98,97,78,78,67,85,100,100,100,100,100,100,100,87,100,2,4,2.5,2.3333333333333335,1,0,0,0,0,0,Respect for elders,Good manners,Obedience,Well-behaved,0,4,0,0,1
1643,Oregon,Moderate,Strongly approve,normal,5b85efaf-f95e-44df-86c5-2993e763d60e,28,Male,"$20,000 to $24,999",Asian *** Japanese,No,Bachelor's degree,Oregon,Bachelor's degree,"[18,34]",Asian or Pacific Islander,"[0,25)",R,1,1,Republican,90,78,90,97,87,93,91,86,90,95,88,90,76,90,77,89,4,2,2,2,1,1,1,1,1,1,Respect for elders,Good manners,Obedience,Well-behaved,2,4,1,1,8
1489,Virginia,Conservative,Strongly approve,normal,5b85bb8b-b370-4050-bc43-7699c9d86ce6,21,Male,"$35,000 to $39,999",White,No,"Some college, no degree",Virginia,"Some college, no degree","[18,34]",White,"[25,50)",R,3,3,Republican,0,64,0,0,0,0,100,100,10,80,0,0,0,0,0,0,2,3.5,2,2.5,0,0,0,1,1,1,Respect for elders,Good manners,Obedience,Well-behaved,-3,4,1,0,4
1642,New Mexico,Extremely liberal,Strongly disapprove,normal,5b85efa6-3bc7-4dcd-bb8c-496d09499f0b,30,Male,"$100,000 to $124,999",White,No,Bachelor's degree,New Mexico,Bachelor's degree,"[18,34]",White,"[100,200)",D,-3,3,Democrat,100,71,0,0,0,87,0,0,100,100,49,0,78,100,20,3,1,2,1.5,2,1,0,1,1,1,1,Independence,Good manners,Self-reliance,Well-behaved,3,2,1,1,7
305,California,Liberal,Strongly disapprove,normal,5b859a04-d5a9-4212-b94c-e732ebf22da2,69,Male,"$45,000 to $49,999",American Indian or Alaska Native,No,Bachelor's degree,California,Bachelor's degree,"(64,96]",American Indian or Alaska Native,"[25,50)",D,-1,1,Democrat,80,71,1,0,91,88,1,1,99,68,2,0,91,91,54,52,1,1,1,1.5,1,0,1,1,0,1,Independence,Curiosity,Self-reliance,Considerate,-2,0,1,0,5
1594,Illinois,Conservative,Strongly approve,normal,5b85cd51-67a0-4f26-9d03-8403862cdcbd,50,Male,"$15,000 to $19,999",Some other race,No,"Some college, no degree",Illinois,"Some college, no degree","(49,64]",Other,"[0,25)",R,3,3,Republican,1,1,20,22,0,0,100,100,91,15,1,0,1,1,100,100,4,3.5,1,3.5,1,1,1,1,0,1,Independence,Curiosity,Self-reliance,Considerate,3,0,1,1,7
1644,Oregon,Conservative,Somewhat approve,normal,5b85f77a-3376-4ee5-9faf-0491d597c908,27,Male,"$50,000 to $54,999",White,No,Associate's degree,Oregon,Associate's degree,"[18,34]",White,"[50,75)",D,-3,3,Democrat,90,79,74,82,88,80,73,70,75,74,87,68,76,40,60,61,1,1,3,1,1,0,0,1,1,0,Respect for elders,Good manners,Obedience,Well-behaved,3,4,1,0,4
1645,Rhode Island,Moderate,Somewhat disapprove,normal,5b85f7f7-adb1-4896-9e36-71684b86bfd2,54,Female,"$20,000 to $24,999",Prefer not to answer,Yes,High school graduate,Rhode Island,High school graduate,"(49,64]",Prefer not to answer,"[0,25)",D,-2,2,Democrat,99,96,5,5,46,48,50,46,55,50,50,49,45,45,42,47,1,3,1,4,1,0,0,0,1,1,Respect for elders,Good manners,Obedience,Well-behaved,-2,4,1,0,4
1646,Colorado,Moderate,Strongly disapprove,normal,5b85f7fe-e4ab-496c-970f-be417435b00e,57,Female,"Less than $14,999",White,No,"Some college, no degree",Colorado,"Some college, no degree","(49,64]",White,"[0,25)",D,-3,3,Democrat,97,84,4,2,98,77,52,43,92,97,43,4,85,85,53,32,1,1,2,1.5,1,0,1,1,0,1,Independence,Curiosity,Self-reliance,Considerate,-2,0,1,1,6
1647,New York,Moderate,Somewhat disapprove,normal,5b85f86b-cd12-4d2a-b578-738c9cb9d5a2,51,Male,"$15,000 to $19,999",White,No,Bachelor's degree,New York,Bachelor's degree,"(49,64]",White,"[0,25)",D,-3,3,Democrat,59,64,3,5,66,61,9,6,58,58,53,7,3,5,2,3,2,1,1.5,2,0,0,0,1,1,1,Independence,Curiosity,Obedience,Well-behaved,2,2,0,0,3
1648,California,Liberal,Somewhat disapprove,normal,5b8602e5-64fa-4146-aada-76a321db7dc7,26,Male,"$40,000 to $44,999",White,No,Bachelor's degree,California,Bachelor's degree,"[18,34]",White,"[25,50)",D,-3,3,Democrat,61,75,75,41,70,56,78,37,43,19,27,2,78,45,62,74,2.5,3,1,1,1,1,0,1,0,0,Independence,Good manners,Self-reliance,Considerate,-3,1,0,0,3
1650,California,Slightly liberal,Somewhat approve,normal,5b86044f-17ca-4f25-8be9-4ef0c5b2e995,26,Female,"$30,000 to $34,999",Some other race,Yes,Bachelor's degree,California,Bachelor's degree,"[18,34]",Other,"[25,50)",D,-2,2,Democrat,71,58,47,45,51,38,77,66,41,68,35,43,61,74,49,57,1,3,2,2,0,0,0,0,1,1,Respect for elders,Good manners,Self-reliance,Considerate,-2,2,0,0,2
1651,California,Extremely liberal,Strongly disapprove,normal,5b86047d-39a7-4bae-be05-90ec117804f0,29,Female,"Less than $14,999","Black, or African American",Yes,Did not complete high school,California,Did not complete high school,"[18,34]",Black,"[0,25)",D,-3,3,Democrat,100,100,0,1,100,50,14,0,100,100,92,90,92,43,11,100,1.5,1,1.5,4,1,1,1,1,0,1,Respect for elders,Good manners,Obedience,Well-behaved,3,4,1,1,7
1652,California,Extremely conservative,Strongly approve,normal,5b8604e5-b004-4a15-9564-b6febf9a1f68,34,Male,"$60,000 to $64,999",White,Yes,Bachelor's degree,California,Bachelor's degree,"[18,34]",White,"[50,75)",R,3,3,Republican,72,52,52,72,69,65,61,64,63,53,61,53,69,60,65,60,2.5,1,1,1,0,1,1,1,0,1,Respect for elders,Good manners,Self-reliance,Considerate,-2,2,1,0,5
1649,Washington,Slightly liberal,Strongly disapprove,noincome,5b860402-9dcb-44a1-a33a-6e5162ae88ef,48,Male,"$45,000 to $49,999",White,No,Graduate or professional degree,Washington,Graduate or professional degree,"(34,49]",White,"[25,50)",D,-1,1,Democrat,90,89,9,2,67,88,33,12,31,33,62,4,88,92,31,8,1,2,3,2,0,0,1,1,0,0,Independence,Curiosity,Self-reliance,Considerate,-3,0,1,0,3
372,Idaho,Moderate,Somewhat disapprove,normal,5b859a72-b8d5-48d2-b7de-91f5daf28ba5,67,Male,"$95,000 to $99,999",White,No,Graduate or professional degree,Idaho,Graduate or professional degree,"(64,96]",White,"[75,100)",R,1,1,Republican,75,50,25,1,85,90,10,1,1,1,65,50,60,80,25,1,1,2,3,2,1,1,1,1,1,1,Respect for elders,Good manners,Obedience,Considerate,3,3,1,1,8
1653,California,Extremely conservative,Somewhat disapprove,normal,5b8608fa-3190-468c-b1f8-a5891aef0409,19,Female,"$15,000 to $19,999",Some other race,Yes,High school graduate,California,High school graduate,"[18,34]",Other,"[0,25)",I,0,0,Independent,50,50,50,50,50,50,50,50,50,50,50,50,50,50,50,50,2.5,2.5,2.5,2.5,0,0,0,0,1,1,Respect for elders,Good manners,Obedience,Considerate,0,3,0,0,2
1656,California,Liberal,Strongly disapprove,normal,5b861156-3657-49c8-a472-c8520fcaddb2,28,Female,"$20,000 to $24,999",Some other race,Yes,"Some college, no degree",California,"Some college, no degree","[18,34]",Other,"[0,25)",D,-2,2,Democrat,79,56,4,9,20,74,9,21,14,24,17,99,24,22,79,84,1,2,4,4,1,0,0,1,1,0,Respect for elders,Good manners,Self-reliance,Considerate,-2,2,1,0,4
1654,Wyoming,Extremely conservative,Somewhat disapprove,"noincome,nocorp",5b860a70-db93-4984-b617-3f578b550926,28,Female,"$25,000 to $29,999","Black, or African American",Yes,"Some college, no degree",Wyoming,"Some college, no degree","[18,34]",Black,"[25,50)",R,3,3,Republican,77,76,44,32,2,96,97,38,100,99,99,100,98,96,59,59,1,3,2.5,1,0,0,0,0,0,0,Respect for elders,Good manners,Obedience,Well-behaved,3,4,1,0,1
1655,California,Moderate,Strongly disapprove,normal,5b860fb1-426b-4294-88a3-95359ed6189c,28,Male,"$100,000 to $124,999",White,No,Bachelor's degree,California,Bachelor's degree,"[18,34]",White,"[100,200)",D,-3,3,Democrat,100,100,0,0,100,100,0,0,49,50,50,0,0,50,46,45,1.5,1.5,2.5,2,0,0,0,0,0,0,Independence,Curiosity,Self-reliance,Considerate,0,0,0,0,0
1658,New Mexico,Conservative,Somewhat approve,normal,5b861b9d-1ce1-4b24-8650-f2f681e03b63,20,Female,"$100,000 to $124,999",Some other race,Yes,Graduate or professional degree,New Mexico,Graduate or professional degree,"[18,34]",Other,"[100,200)",R,3,3,Republican,0,100,5,2,2,19,100,100,56,3,26,17,2,4,100,100,2,3.5,1,3.5,1,1,1,1,0,1,Respect for elders,Good manners,Obedience,Considerate,2,3,1,0,6
1659,California,Extremely conservative,Strongly disapprove,normal,5b861df0-19d6-49b1-b0b4-f08e666493b6,27,Male,"Less than $14,999",White,No,Did not complete high school,California,Did not complete high school,"[18,34]",White,"[0,25)",D,-3,3,Democrat,100,100,1,0,79,20,2,2,100,55,82,100,100,100,57,5,1.5,1,2.5,1.5,1,1,1,1,0,1,Independence,Curiosity,Self-reliance,Considerate,3,0,1,0,6
1661,California,Moderate,Strongly disapprove,normal,5b8623e0-b9b7-4a29-82f7-c3adac9394be,54,Male,"$65,000 to $69,999",White,No,Bachelor's degree,California,Bachelor's degree,"(49,64]",White,"[50,75)",D,-2,2,Democrat,97,83,9,5,85,77,2,4,100,98,27,100,54,64,42,81,1,1,2.5,4,0,0,0,0,0,1,Respect for elders,Curiosity,Self-reliance,Considerate,0,1,0,0,1
1660,Wyoming,Conservative,Somewhat disapprove,"noincome,nocorp",5b8623b6-8491-4c73-8fdb-dfce32561a12,44,Male,"$150,000 to $174,999",White,No,Graduate or professional degree,Wyoming,Graduate or professional degree,"(34,49]",White,"[100,200)",R,2,2,Republican,68,26,16,2,11,23,63,38,60,64,52,51,71,70,45,7,1,3,2,1,0,0,0,1,0,1,Respect for elders,Good manners,Obedience,Considerate,0,3,1,1,4
1662,California,Moderate,Somewhat disapprove,normal,5b86246d-4efc-48b8-90da-2e5cd675bc00,40,Male,"Less than $14,999",Asian *** Filipino,No,High school graduate,California,High school graduate,"(34,49]",Asian or Pacific Islander,"[0,25)",I,0,0,Independent,51,85,8,8,52,79,54,14,8,89,48,9,52,51,50,46,2,2,2,1,0,0,0,1,0,1,Respect for elders,Good manners,Self-reliance,Considerate,3,2,0,0,2
1663,California,Extremely conservative,Strongly disapprove,normal,5b862648-b22f-41fa-8dba-00e181494cc3,61,Male,"$65,000 to $69,999",White,No,"Some college, no degree",California,"Some college, no degree","(49,64]",White,"[50,75)",D,-3,3,Democrat,4,5,9,7,3,2,3,2,8,11,30,8,5,4,31,84,3,2,3,4,0,0,0,0,0,0,Respect for elders,Good manners,Obedience,Considerate,0,3,1,0,1
1664,California,Moderate,Strongly disapprove,normal,5b86287f-0578-4c9d-a29b-ad85b61cdce2,53,Male,"$30,000 to $34,999",White,Yes,High school graduate,California,High school graduate,"(49,64]",White,"[25,50)",I,0,0,Independent,100,0,100,100,100,99,0,0,100,100,99,0,100,100,100,100,2.6666666666666665,1,1.5,2.5,0,0,0,0,0,1,Respect for elders,Good manners,Obedience,Well-behaved,-3,4,0,0,1
1666,Washington,Moderate,Somewhat disapprove,noincome,5b862db3-86dc-4506-b7da-a9e20e624e44,28,Male,"$250,000 and above",Asian *** Vietnamese,Yes,Graduate or professional degree,Washington,Graduate or professional degree,"[18,34]",Asian or Pacific Islander,NA,I,0,0,Independent,44,70,57,59,55,50,75,59,95,91,80,75,54,69,65,61,2,3,1,2,0,0,0,1,0,0,Independence,Good manners,Self-reliance,Well-behaved,0,2,1,0,2
1665,Washington,Extremely liberal,Strongly disapprove,noincome,5b862984-add6-47fe-a58d-3c5ed7d8553d,26,Male,Prefer not to answer,Some other race,Yes,Bachelor's degree,Washington,Bachelor's degree,"[18,34]",Other,NA,D,-3,3,Democrat,100,99,0,0,100,100,1,1,33,99,1,1,100,99,66,65,1,1.5,2,1,1,0,0,1,1,1,Independence,Curiosity,Self-reliance,Considerate,3,0,1,1,6
1667,California,Conservative,Strongly disapprove,normal,5b863d83-c14a-4ec1-b56b-55e291b9d326,47,Male,"$15,000 to $19,999",White,No,"Some college, no degree",California,"Some college, no degree","(34,49]",White,"[0,25)",I,0,0,Independent,53,45,NA,NA,81,0,3,8,0,0,0,1,100,100,6,17,NA,1,4,1.5,0,0,0,1,0,1,Respect for elders,Good manners,Obedience,Well-behaved,0,4,0,0,2
1668,New York,Slightly liberal,Strongly disapprove,normal,5b863df7-7f1c-4b7a-8ab0-3b951311a90b,38,Male,"$25,000 to $29,999",White,No,High school graduate,New York,High school graduate,"(34,49]",White,"[25,50)",D,-1,1,Democrat,100,91,0,1,100,100,0,0,80,50,41,16,90,91,100,100,1,1.5,1,3.5,1,0,0,1,0,1,Respect for elders,Good manners,Obedience,Considerate,-2,3,1,1,5
1669,California,Extremely liberal,Strongly approve,normal,5b8644b8-5b87-4c8c-a653-b60ae23fa2c0,25,Female,"Less than $14,999",Prefer not to answer,Yes,High school graduate,California,High school graduate,"[18,34]",Prefer not to answer,"[0,25)",D,-3,3,Democrat,0,0,0,0,0,0,0,0,0,0,0,0,0,0,0,0,2.5,2.5,2.5,2.5,0,0,0,0,0,0,Respect for elders,Good manners,Obedience,Considerate,3,3,0,0,0
861,New Jersey,Moderate,Somewhat approve,normal,5b85a143-a588-4194-bbca-3ca1c49b5721,61,Female,"$70,000 to $74,999",Pacific Islander *** Other Pacific Islander,Yes,High school graduate,New Jersey,High school graduate,"(49,64]",Asian or Pacific Islander,"[50,75)",I,0,0,Independent,61,59,5,7,33,31,76,45,46,46,49,8,79,59,70,19,1,3,3,1,1,0,0,1,0,1,Respect for elders,Good manners,Obedience,Considerate,-2,3,1,0,4
1670,Oregon,Moderate,Strongly disapprove,normal,5b86b9a1-acca-41b9-9015-2ef8efcbc850,56,Female,"$35,000 to $39,999",American Indian or Alaska Native,Yes,Associate's degree,Oregon,Associate's degree,"(49,64]",American Indian or Alaska Native,"[25,50)",I,0,0,Independent,100,99,13,14,82,94,51,12,55,59,60,52,9,20,15,19,1,2,3,2,0,0,0,1,0,1,Respect for elders,Good manners,NA,NA,0,2,NA,0,NA
1671,New York,Moderate,Strongly disapprove,normal,5b86c4b5-1d22-436c-bc31-493586db4f57,61,Female,"$100,000 to $124,999","Black, or African American",Yes,Associate's degree,New York,Associate's degree,"(49,64]",Black,"[100,200)",D,-3,3,Democrat,80,81,12,2,78,80,14,1,72,82,100,1,99,99,1,51,2,2,3,1.5,1,0,1,1,0,1,Independence,Curiosity,Self-reliance,Considerate,3,0,1,1,6
1365,Arkansas,Conservative,Somewhat approve,normal,5b85b12b-3265-46b9-8d20-1af023c28622,54,Female,"Less than $14,999",Prefer not to answer,Yes,High school graduate,Arkansas,High school graduate,"(49,64]",Prefer not to answer,"[0,25)",R,2,2,Republican,44,44,25,4,96,99,24,21,5,26,76,15,32,16,90,85,1.5,2,3,3,1,0,0,1,1,1,Respect for elders,Good manners,Obedience,Well-behaved,-3,4,1,1,6
1673,California,Moderate,Strongly disapprove,normal,5b86dada-f818-41d2-b088-40ac05f8a3f0,41,Male,"$75,000 to $79,999",White,No,Bachelor's degree,California,Bachelor's degree,"(34,49]",White,"[75,100)",I,0,0,Independent,51,53,53,54,50,50,50,50,50,50,50,50,50,50,51,51,4,2.5,2.5,3.5,0,0,0,0,1,1,Respect for elders,Good manners,Obedience,Well-behaved,-2,4,1,0,3
1672,Pennsylvania,Moderate,Strongly disapprove,normal,5b86d980-7ebe-4e8c-a0e9-d5bfd1e8115f,56,Male,"$30,000 to $34,999",Asian *** Vietnamese,No,"Some college, no degree",Pennsylvania,"Some college, no degree","(49,64]",Asian or Pacific Islander,"[25,50)",D,-1,1,Democrat,100,100,0,0,87,100,7,0,85,100,89,0,100,100,49,83,1.5,2,2,1.5,1,1,1,1,0,1,Independence,Curiosity,Self-reliance,Well-behaved,-3,1,1,1,7
1674,Virginia,Moderate,Somewhat disapprove,normal,5b86ef67-da16-4828-9036-87e9132bf46d,35,Female,"Less than $14,999",American Indian or Alaska Native,Yes,High school graduate,Virginia,High school graduate,"(34,49]",American Indian or Alaska Native,"[0,25)",D,-2,2,Democrat,55,54,59,61,14,19,12,21,69,63,65,12,53,61,57,54,4,4,1,2,0,0,0,0,0,0,Respect for elders,Good manners,Obedience,Well-behaved,0,4,0,0,0
1675,California,Slightly conservative,Strongly approve,normal,5b872377-f616-43b3-9ba6-47340ff2addc,23,Female,"Less than $14,999",Some other race,Yes,"Some college, no degree",California,"Some college, no degree","[18,34]",Other,"[0,25)",R,3,3,Republican,61,79,67,92,47,47,45,45,98,84,78,1,77,66,84,78,4,1.5,1,3,1,1,1,1,0,1,Independence,Curiosity,Self-reliance,Considerate,3,0,1,0,6
1676,California,Conservative,Strongly approve,normal,5b872876-9dc2-43e2-a326-e0be7cc73665,21,Male,"$250,000 and above",Some other race,Yes,Bachelor's degree,California,Bachelor's degree,"[18,34]",Other,NA,R,3,3,Republican,80,94,13,21,0,0,82,53,51,97,21,12,53,55,23,20,2,3,2,2,0,0,0,1,0,0,Respect for elders,Good manners,Obedience,Well-behaved,-2,4,1,0,2
1677,California,Moderate,Somewhat approve,normal,5b874704-f416-4694-a13b-a707b3c96d8a,21,Female,"Less than $14,999",Some other race,Yes,High school graduate,California,High school graduate,"[18,34]",Other,"[0,25)",I,0,0,Independent,52,83,94,97,58,69,62,76,47,54,62,73,59,72,76,65,4,4,4,3,0,0,0,1,0,0,Independence,Good manners,Self-reliance,Considerate,-2,1,1,0,2
1678,Colorado,Liberal,Strongly disapprove,normal,5b87565a-fa93-4df3-b866-191b8a93d1fc,20,Female,Prefer not to answer,Prefer not to answer,Yes,Bachelor's degree,Colorado,Bachelor's degree,"[18,34]",Prefer not to answer,NA,D,-3,3,Democrat,80,50,20,20,74,71,31,5,76,50,50,19,61,60,26,30,1,1,1,1,0,0,0,1,1,0,Independence,Curiosity,Obedience,Considerate,-3,1,1,0,3
1679,Oregon,Slightly conservative,Somewhat approve,normal,5b8776a5-e590-4ba6-9775-7cf140dd3c81,23,Female,Prefer not to answer,American Indian or Alaska Native,Yes,Bachelor's degree,Oregon,Bachelor's degree,"[18,34]",American Indian or Alaska Native,NA,R,2,2,Republican,73,67,75,75,32,62,66,69,74,70,74,75,74,59,62,64,3.5,4,4,1,1,1,1,1,0,1,Independence,Curiosity,Self-reliance,Considerate,3,0,1,1,7
1680,California,Slightly liberal,Somewhat approve,normal,5b878e7f-1f29-40ef-a8c1-e7b632b7b568,18,Female,"$60,000 to $64,999",Some other race,Yes,"Some college, no degree",California,"Some college, no degree","[18,34]",Other,"[50,75)",D,-1,1,Democrat,61,66,29,31,50,100,16,0,100,41,1,0,70,67,25,17,2,2,1,1,1,0,1,1,0,1,Independence,Curiosity,Self-reliance,Well-behaved,-2,1,1,1,6
1681,California,Liberal,Strongly disapprove,normal,5b87bb54-788c-4673-89c9-a4627387a82e,19,Female,"Less than $14,999",Some other race,Yes,Did not complete high school,California,Did not complete high school,"[18,34]",Other,"[0,25)",D,-3,3,Democrat,100,100,1,1,78,11,3,0,75,73,1,1,81,73,96,1,1.5,1,1,3,1,0,0,1,0,1,Respect for elders,Curiosity,Obedience,Well-behaved,-3,3,1,1,5
1682,Idaho,Moderate,Somewhat approve,normal,5b87f1c1-9157-4a6f-8d12-d9d0bb2ebf70,19,Male,"$40,000 to $44,999",Some other race,Yes,"Some college, no degree",Idaho,"Some college, no degree","[18,34]",Other,"[25,50)",I,0,0,Independent,3,89,1,1,50,70,1,1,60,60,41,1,23,22,78,100,2,2,1.5,4,1,0,0,1,1,1,Respect for elders,Good manners,Self-reliance,Well-behaved,-3,3,1,0,5
1657,Colorado,Slightly conservative,Somewhat approve,normal,5b8616d9-b8ae-4f54-a21c-bf7d9b31f04c,27,Male,"$45,000 to $49,999",White,Yes,High school graduate,Colorado,High school graduate,"[18,34]",White,"[25,50)",R,1,1,Republican,90,100,4,3,100,80,25,5,10,20,100,0,75,90,5,50,2,1,3,2,1,0,0,1,1,1,Respect for elders,Good manners,Self-reliance,Well-behaved,-3,3,0,0,4
1553,Ohio,Moderate,Strongly disapprove,normal,5b85c6ec-00a3-498a-827e-367cf4494d41,57,Male,"$250,000 and above",Asian *** Filipino,No,"Some college, no degree",Ohio,"Some college, no degree","(49,64]",Asian or Pacific Islander,NA,D,-1,1,Democrat,81,51,3,2,50,97,79,79,100,100,51,100,85,100,50,100,1,2,2.3333333333333335,3,1,0,1,1,0,1,Respect for elders,Good manners,Obedience,Well-behaved,3,4,1,1,6
1266,Kansas,Liberal,Strongly disapprove,normal,5b85acfb-31a6-46d7-b4bd-612e752e4e19,66,Male,"$100,000 to $124,999",Some other race,Yes,High school graduate,Kansas,High school graduate,"(64,96]",Other,"[100,200)",D,-3,3,Democrat,92,48,1,1,62,66,3,1,51,51,82,1,57,55,49,2,1,2,3,1,0,0,1,1,0,1,Independence,Good manners,Self-reliance,Considerate,2,1,1,1,5
1181,North Carolina,Slightly liberal,Strongly disapprove,normal,5b85abfe-0737-4bae-9c3c-b33b1c4d6841,59,Male,"$30,000 to $34,999",Asian *** Asian Indian,No,Graduate or professional degree,North Carolina,Graduate or professional degree,"(49,64]",Asian or Pacific Islander,"[25,50)",D,-1,1,Democrat,81,36,6,7,53,100,3,3,100,50,84,100,80,100,11,0,1,2,2.5,2,1,0,1,1,0,1,Respect for elders,Curiosity,Self-reliance,Considerate,-3,1,1,0,5
1282,Florida,Conservative,Strongly approve,noincome,5b85ad1f-48dd-4224-bd4b-27d15aa14b07,73,Male,"$65,000 to $69,999",White,Yes,"Some college, no degree",Florida,"Some college, no degree","(64,96]",White,"[50,75)",R,3,3,Republican,56,52,74,84,33,74,68,54,44,36,47,82,54,55,42,48,4,2,4,2,0,0,0,0,0,1,Respect for elders,Good manners,Obedience,Considerate,-2,3,1,0,2
1615,Pennsylvania,Conservative,NA,normal,5b85d44d-79c1-4b69-bbb3-bb7b2bfcace3,54,Male,"Less than $14,999",Asian *** Chinese,No,"Some college, no degree",Pennsylvania,"Some college, no degree","(49,64]",Asian or Pacific Islander,"[0,25)",R,3,3,Republican,51,61,11,10,1,1,100,100,21,20,51,59,31,24,100,100,2,3.5,4,3.5,1,0,0,1,0,1,Respect for elders,Good manners,Obedience,Considerate,3,3,1,1,5
1315,California,Liberal,NA,normal,5b85ae16-aa9d-4208-8feb-92817ccdd410,56,Male,"Less than $14,999",Asian *** Filipino,No,High school graduate,California,High school graduate,"(49,64]",Asian or Pacific Islander,"[0,25)",D,-3,3,Democrat,70,99,2,1,99,83,1,2,20,82,100,11,99,100,60,99,2,1,3,2,1,1,1,1,0,1,Respect for elders,Good manners,Obedience,Considerate,3,3,1,0,6
