Type,Measure,Transformation,value,Stat,estimate,se,q2.5,q97.5,median,mean,gt0,lt0,NAs,Nsim,estimate_reg,std.error,statistic,p.value,conf.low,conf.high,df,outcome
D+ vs. D+,Party/Policy Bundle,Absolute,-0.9,Mean,0.12729415459166502,0.02452408765300437,0.08169372756930943,0.1741859208836309,0.12596941116236646,0.12686717193073338,1,0,0,1000,0.12729415459166504,0.024955695156464074,5.10080579978126,3.3254772755604372e-6,0.077426030303642,0.1771622788796881,63.11985126166814,c_win
D+ vs. D+,Party/Policy Bundle,Absolute,-0.7,Mean,0.17172598883136775,0.024336949216523667,0.12649289277263576,0.2221549152425225,0.1728256313984399,0.17292811624262505,1,0,0,1000,0.17172598883136778,0.023997309696344546,7.156051699308877,6.559408908529291e-11,0.12422492012086568,0.21922705754186989,123.03505301888934,c_win
D+ vs. D+,Party/Policy Bundle,Absolute,-0.5,Mean,0.20079532542189843,0.01815018220693352,0.1694359098750761,0.23913036661037507,0.20173108217986696,0.20192637616117723,1,0,0,1000,0.20079532542189857,0.01774222615439083,11.317369290335977,1.337894595090452e-23,0.1658244014905785,0.23576624935321863,215.057339942351,c_win
D+ vs. D+,Party/Policy Bundle,Absolute,-0.3,Mean,0.30599313516669213,0.017058303826082196,0.2752484208887634,0.3401870728626779,0.30573083355264363,0.3060471431850727,1,0,0,1000,0.30599313516669224,0.017177288487915863,17.813820579537737,5.3339080940794797e-48,0.2721803140812142,0.3398059562521703,280.37999740441114,c_win
D+ vs. D+,Party/Policy Bundle,Absolute,-0.1,Mean,0.46622129194054285,0.010321608188885063,0.447359612656904,0.48701116671485706,0.46570006245812257,0.4662198407059305,1,0,0,1000,0.4662212919405464,0.010495606506042027,44.42061463262326,2.831616362787476e-186,0.4456060226377155,0.4868365612433773,563.7567020750915,c_win
D+ vs. D+,Party/Policy Bundle,Absolute,0.1,Mean,0.533778708059457,0.010321608188885063,0.512988833285143,0.552640387343096,0.5342999375418773,0.5337801592940695,1,0,0,1000,0.5337787080594638,0.010495606506042022,50.85734757226108,8.614617969538666e-213,0.513163438756633,0.5543939773622947,563.7567020750915,c_win
D+ vs. D+,Party/Policy Bundle,Absolute,0.3,Mean,0.6940068648333078,0.0170583038260822,0.659812927137322,0.7247515791112367,0.6942691664473564,0.6939528568149274,1,0,0,1000,0.694006864833309,0.017177288487915863,40.40258538601942,6.395324372288503e-119,0.6601940437478309,0.7278196859187871,280.37999740441114,c_win
D+ vs. D+,Party/Policy Bundle,Absolute,0.5,Mean,0.7992046745781015,0.01815018220693352,0.760869633389625,0.8305640901249239,0.7982689178201331,0.7980736238388227,1,0,0,1000,0.7992046745781022,0.017742226154390826,45.0453436690252,1.7351181279585065e-111,0.7642337506467821,0.8341755985094222,215.057339942351,c_win
D+ vs. D+,Party/Policy Bundle,Absolute,0.7,Mean,0.8282740111686322,0.024336949216523667,0.7778450847574774,0.8735071072273642,0.8271743686015602,0.827071883757375,1,0,0,1000,0.828274011168632,0.023997309696344542,34.515286157047896,3.937745241630409e-65,0.7807729424581299,0.875775079879134,123.03505301888934,c_win
D+ vs. D+,Party/Policy Bundle,Absolute,0.9,Mean,0.872705845408335,0.024524087653004366,0.8258140791163691,0.9183062724306906,0.8740305888376336,0.8731328280692666,1,0,0,1000,0.8727058454083348,0.024955695156464074,34.97020779973283,4.966334047462249e-43,0.8228377211203118,0.9225739696963579,63.11985126166814,c_win
D+ vs. D+,Party/Policy Bundle,Squared,-0.9,Mean,0.12445364800453469,0.02112761166806273,0.0829637184181113,0.1653397532989657,0.12448160091954233,0.12432724206708283,1,0,0,1000,0.12445364800453462,0.021300504504867663,5.842755882899114,8.863547129693361e-8,0.08211242253472395,0.1667948734743453,86.3970613417497,c_win
D+ vs. D+,Party/Policy Bundle,Squared,-0.7,Mean,0.18964757538314603,0.02205169306239806,0.14773087893506506,0.23447967858027569,0.19145761152867563,0.19144416237501072,1,0,0,1000,0.18964757538314594,0.02233573906348471,8.490767860607253,5.658984335054152e-14,0.1454341475248484,0.2338610032414435,122.66433908264561,c_win
D+ vs. D+,Party/Policy Bundle,Squared,-0.5,Mean,0.2482761005803827,0.023010912896474733,0.20663493452739326,0.295012502937821,0.24798948642913712,0.2486633002241474,1,0,0,1000,0.24827610058038288,0.02318001686662432,10.710781705161851,1.9459191584025535e-20,0.20249095787416513,0.2940612432866006,156.90090573700093,c_win
D+ vs. D+,Party/Policy Bundle,Squared,-0.3,Mean,0.31117691773019324,0.018002442324208903,0.27636264794311066,0.34610823328231083,0.31084960544903745,0.3110222522052412,1,0,0,1000,0.31117691773019307,0.0186580557644021,16.67788550208381,1.004869795888027e-42,0.27443335701062127,0.34792047844976487,254.92100892421672,c_win
D+ vs. D+,Party/Policy Bundle,Squared,-0.1,Mean,0.4514116687233055,0.009930658610072961,0.4318468932100157,0.47068625766848504,0.45143625607553683,0.451474575818729,1,0,0,1000,0.45141166872330546,0.010114755904870869,44.6290224864372,1.4584658734452882e-189,0.43154558172191265,0.47127775572469827,578.9669260706552,c_win
D+ vs. D+,Party/Policy Bundle,Squared,0.1,Mean,0.5485883312766944,0.009930658610072963,0.5293137423315151,0.5681531067899843,0.5485637439244632,0.5485254241812709,1,0,0,1000,0.5485883312766907,0.01011475590487087,54.23643797597845,4.135087192247278e-229,0.5287222442752979,0.5684544182780835,578.9669260706552,c_win
D+ vs. D+,Party/Policy Bundle,Squared,0.3,Mean,0.6888230822698067,0.018002442324208907,0.6538917667176892,0.7236373520568892,0.6891503945509626,0.6889777477947588,1,0,0,1000,0.6888230822698076,0.018658055764402107,36.91826688523571,2.7733653849818354e-104,0.6520795215502357,0.7255666429893795,254.92100892421672,c_win
D+ vs. D+,Party/Policy Bundle,Squared,0.5,Mean,0.7517238994196173,0.023010912896474733,0.704987497062179,0.7933650654726068,0.7520105135708628,0.7513366997758526,1,0,0,1000,0.7517238994196161,0.02318001686662431,32.42982538558822,1.8824598417016242e-71,0.7059387567133985,0.7975090421258338,156.90090573700093,c_win
D+ vs. D+,Party/Policy Bundle,Squared,0.7,Mean,0.810352424616854,0.022051693062398063,0.7655203214197243,0.8522691210649349,0.8085423884713243,0.8085558376249893,1,0,0,1000,0.8103524246168541,0.02233573906348471,36.28052881140827,1.9575641652566317e-67,0.7661389967585566,0.8545658524751516,122.66433908264561,c_win
D+ vs. D+,Party/Policy Bundle,Squared,0.9,Mean,0.8755463519954653,0.021127611668062735,0.8346602467010342,0.9170362815818888,0.8755183990804576,0.8756727579329172,1,0,0,1000,0.8755463519954649,0.021300504504867673,41.10448894745107,1.6827277676107245e-58,0.8332051265256543,0.9178875774652756,86.3970613417497,c_win
D+ vs. D+,Policy Rank,Absolute,-0.9,Mean,0.23991527989568812,0.028345794173658234,0.1845959054852891,0.29996195434084255,0.24014406777288505,0.2407055254872073,1,0,0,1000,0.23991527989568803,0.02866785721086978,8.36879010980706,1.1243525580385146e-13,0.18316476947509325,0.2966657903162828,122.08080199664849,c_win
D+ vs. D+,Policy Rank,Absolute,-0.7,Mean,0.28656233783204116,0.02154571253604215,0.2462721194931934,0.330733596557173,0.28617966852345283,0.28662301463685547,1,0,0,1000,0.2865623378320411,0.021949793706828896,13.055354490319763,2.260066737212338e-28,0.24327165484139357,0.32985302082268864,194.13037548236227,c_win
D+ vs. D+,Policy Rank,Absolute,-0.5,Mean,0.2893371737242078,0.016048432413362203,0.25871386265295654,0.3201801626977661,0.289011051181875,0.289199405352082,1,0,0,1000,0.2893371737242078,0.016163537548607297,17.90060949554561,1.020399993945172e-49,0.2575331451228026,0.321141202325613,310.2246227832007,c_win
D+ vs. D+,Policy Rank,Absolute,-0.3,Mean,0.3502902296168183,0.01275012423145597,0.32689696173299587,0.37540916411096853,0.3509341753968425,0.3507471897933831,1,0,0,1000,0.35029022961681844,0.012980289023618112,26.986319717492616,2.5928841923385394e-98,0.3247850887704926,0.37579537046314426,480.51471979974957,c_win
D+ vs. D+,Policy Rank,Absolute,-0.1,Mean,0.4314164965169291,0.009986783272671154,0.41218915218573304,0.45172535204498876,0.4315929917549346,0.4316286279409745,1,0,0,1000,0.4314164965169288,0.00982186682895251,43.92408327561685,5.421057395216919e-190,0.412127248590082,0.45070574444377565,602.5965473398927,c_win
D+ vs. D+,Policy Rank,Absolute,0.1,Mean,0.568583503483071,0.009986783272671154,0.5482746479550112,0.587810847814267,0.5684070082450654,0.5683713720590254,1,0,0,1000,0.56858350348307,0.009821866828952508,57.88955535489671,2.4576879594837053e-248,0.5492942555562231,0.5878727514099168,602.5965473398927,c_win
D+ vs. D+,Policy Rank,Absolute,0.3,Mean,0.6497097703831816,0.012750124231455969,0.6245908358890316,0.673103038267004,0.6490658246031575,0.6492528102066168,1,0,0,1000,0.6497097703831801,0.012980289023618115,50.053567312793206,9.706219566167604e-193,0.6242046295368543,0.6752149112295059,480.51471979974957,c_win
D+ vs. D+,Policy Rank,Absolute,0.5,Mean,0.7106628262757921,0.016048432413362207,0.6798198373022338,0.7412861373470435,0.7109889488181251,0.710800594647918,1,0,0,1000,0.7106628262757889,0.016163537548607294,43.967035318764246,2.5875236764780295e-135,0.6788587976743837,0.7424668548771941,310.2246227832007,c_win
D+ vs. D+,Policy Rank,Absolute,0.7,Mean,0.7134376621679588,0.02154571253604215,0.6692664034428268,0.7537278805068065,0.7138203314765472,0.7133769853631445,1,0,0,1000,0.713437662167958,0.021949793706828893,32.503160243642625,1.8445105574366064e-80,0.6701469791773105,0.7567283451586055,194.13037548236227,c_win
D+ vs. D+,Policy Rank,Absolute,0.9,Mean,0.760084720104312,0.028345794173658234,0.7000380456591575,0.8154040945147109,0.7598559322271149,0.7592944745127927,1,0,0,1000,0.760084720104311,0.028667857210869785,26.51348213832024,1.732623378120627e-52,0.7033342096837163,0.8168352305249058,122.08080199664849,c_win
D+ vs. D+,Policy Rank,Squared,-0.9,Mean,0.2278515545882006,0.03119824856336598,0.16724940396837723,0.2889366255348662,0.22762961132386278,0.22760824729682547,1,0,0,1000,0.22785155458820058,0.03169219756757836,7.189515782310297,1.6175255760251875e-10,0.16491597535123048,0.2907871338251707,92.8705834618625,c_win
D+ vs. D+,Policy Rank,Squared,-0.7,Mean,0.2687581994218736,0.02043557364381671,0.2297800388474502,0.30998025610252816,0.26809614206293464,0.2688774608343948,1,0,0,1000,0.2687581994218738,0.02043397873566163,13.152514392746903,9.059555098916812e-30,0.22849438910592412,0.30902200973782346,227.76183514494414,c_win
D+ vs. D+,Policy Rank,Squared,-0.5,Mean,0.3220631522488195,0.01328131966554982,0.29729173392386665,0.3499202126903516,0.3222606674416821,0.3222246703687658,1,0,0,1000,0.3220631522488196,0.01371290039045003,23.486143928611305,6.61169685168367e-78,0.2951067931425204,0.34901951135511877,410.02957804338047,c_win
D+ vs. D+,Policy Rank,Squared,-0.3,Mean,0.38207806439237035,0.011662206581620631,0.35887157649881074,0.405842076641997,0.38288790920704163,0.3823079768487119,1,0,0,1000,0.38207806439237046,0.011741657189926093,32.54038660915593,2.8491620224984363e-127,0.3590108966227357,0.4051452321620052,517.5605529309835,c_win
D+ vs. D+,Policy Rank,Squared,-0.1,Mean,0.426586606098431,0.01104926612147795,0.4063704478877543,0.4488493545622486,0.4274319806473532,0.4271774660306243,1,0,0,1000,0.42658660609842963,0.01109260758860796,38.456837374877615,8.848693132784505e-155,0.4047952271143163,0.44837798508254295,524.6807267050731,c_win
D+ vs. D+,Policy Rank,Squared,0.1,Mean,0.573413393901569,0.011049266121477951,0.5511506454377514,0.5936295521122459,0.5725680193526468,0.5728225339693757,1,0,0,1000,0.5734133939015663,0.011092607588607965,51.69329116901765,4.872461763437591e-208,0.551622014917453,0.5952047728856796,524.6807267050731,c_win
D+ vs. D+,Policy Rank,Squared,0.3,Mean,0.6179219356076296,0.011662206581620631,0.594157923358003,0.6411284235011893,0.6171120907929584,0.6176920231512881,1,0,0,1000,0.6179219356076316,0.01174165718992609,52.626467083180216,6.597930526239786e-210,0.5948547678379968,0.6409891033772664,517.5605529309835,c_win
D+ vs. D+,Policy Rank,Squared,0.5,Mean,0.6779368477511805,0.013281319665549823,0.6500797873096484,0.7027082660761332,0.6777393325583179,0.6777753296312342,1,0,0,1000,0.6779368477511829,0.013712900390450018,49.43788902771538,7.432959274432223e-175,0.6509804886448838,0.704893206857482,410.02957804338047,c_win
D+ vs. D+,Policy Rank,Squared,0.7,Mean,0.7312418005781265,0.020435573643816707,0.6900197438974719,0.7702199611525496,0.7319038579370654,0.7311225391656052,1,0,0,1000,0.731241800578127,0.020433978735661627,35.78558096969901,1.8140301703302612e-95,0.6909779902621774,0.7715056108940767,227.76183514494414,c_win
D+ vs. D+,Policy Rank,Squared,0.9,Mean,0.7721484454117994,0.031198248563365977,0.7110633744651336,0.8327505960316227,0.7723703886761373,0.7723917527031745,1,0,0,1000,0.7721484454117994,0.031692197567578365,24.36399191836794,4.0475484030683684e-42,0.7092128661748293,0.8350840246487695,92.8705834618625,c_win
D+ vs. D+,Policy Rating,Absolute,-0.9,Mean,0.11271920677407021,0.029188502835703158,0.0598607446809724,0.17244215631737633,0.11085110967335696,0.11224658796707318,1,0,0,1000,0.1127192067740702,0.029591554860818402,3.809168098947024,3.7018251706225265e-4,0.05333892291559217,0.17209949063254823,51.982168649948946,c_win
D+ vs. D+,Policy Rating,Absolute,-0.7,Mean,0.14410064692040764,0.027563156925427264,0.09356369315320512,0.2026092967860751,0.14370342370699787,0.14453733886501702,1,0,0,1000,0.14410064692040758,0.027656815253287698,5.21031238053621,1.302591491871472e-6,0.08911034918549315,0.199090944655322,84.87816030146361,c_win
D+ vs. D+,Policy Rating,Absolute,-0.5,Mean,0.2340812224403332,0.014578611491648973,0.2073972132088728,0.26492935876865614,0.23403385225449935,0.23423648148498424,1,0,0,1000,0.23408122244033316,0.014403285928467499,16.251931927400072,1.9405744526096317e-43,0.20574117769506373,0.2624212671856026,311.4643023312446,c_win
D+ vs. D+,Policy Rating,Absolute,-0.3,Mean,0.2888027078897402,0.012782315117714724,0.26295726075924697,0.3134427589885041,0.2881793390636864,0.28846393325865927,1,0,0,1000,0.28880270788973994,0.01344093846049866,21.48679638244734,1.3516430184630495e-69,0.2623826873846409,0.315222728394839,419.27678250678844,c_win
D+ vs. D+,Policy Rating,Absolute,-0.1,Mean,0.4472449741189407,0.009360984551818332,0.42939262646959486,0.46570830196562335,0.44781185785071775,0.44780466747852726,1,0,0,1000,0.44724497411894193,0.009468192823612023,47.236572221426556,1.5257028883338158e-203,0.4286498561035207,0.46584009213436317,595.3817650835716,c_win
D+ vs. D+,Policy Rating,Absolute,0.1,Mean,0.5527550258810593,0.009360984551818332,0.5342916980343767,0.5706073735304051,0.5521881421492822,0.5521953325214728,1,0,0,1000,0.5527550258810595,0.009468192823612026,58.38020371771312,1.4549054292079453e-248,0.5341599078656383,0.5713501438964808,595.3817650835716,c_win
D+ vs. D+,Policy Rating,Absolute,0.3,Mean,0.7111972921102597,0.01278231511771472,0.686557241011496,0.737042739240753,0.7118206609363136,0.7115360667413407,1,0,0,1000,0.7111972921102621,0.013440938460498663,52.91277050336829,1.1050236899376423e-187,0.684777271605163,0.7376173126153611,419.27678250678844,c_win
D+ vs. D+,Policy Rating,Absolute,0.5,Mean,0.7659187775596669,0.014578611491648975,0.7350706412313438,0.7926027867911272,0.7659661477455006,0.7657635185150158,1,0,0,1000,0.7659187775596646,0.014403285928467492,53.17666964076984,2.591982904784909e-158,0.7375787328143952,0.794258822304934,311.4643023312446,c_win
D+ vs. D+,Policy Rating,Absolute,0.7,Mean,0.8558993530795923,0.027563156925427264,0.7973907032139248,0.9064363068467948,0.8562965762930022,0.855462661134983,1,0,0,1000,0.8558993530795931,0.02765681525328769,30.947140704418178,5.3012890848336246e-48,0.8009090553446787,0.9108896508145075,84.87816030146361,c_win
D+ vs. D+,Policy Rating,Absolute,0.9,Mean,0.8872807932259298,0.029188502835703158,0.8275578436826236,0.9401392553190275,0.889148890326643,0.8877534120329268,1,0,0,1000,0.8872807932259292,0.029591554860818412,29.984257244987152,1.7538481359891441e-34,0.8279005093674512,0.9466610770844073,51.982168649948946,c_win
D+ vs. D+,Policy Rating,Squared,-0.9,Mean,0.13011818414513207,0.03272719791716062,0.07139656249701368,0.19736530722733217,0.12803307574587452,0.12992711252425276,1,0,0,1000,0.13011818414513204,0.03245426235915498,4.009278741423225,2.0155242690287424e-4,0.06494395501906758,0.1952924132711965,50.37670503120929,c_win
D+ vs. D+,Policy Rating,Squared,-0.7,Mean,0.13921203480280203,0.027934146461087276,0.08893192710236826,0.1997716563642828,0.1385006749269485,0.13991016234039416,1,0,0,1000,0.13921203480280203,0.02788398235847078,4.992544931822168,3.98264249926668e-6,0.08363065444541129,0.19479341516019277,72.32924229081577,c_win
D+ vs. D+,Policy Rating,Squared,-0.5,Mean,0.23659310378458662,0.014563279290771869,0.21012601060242808,0.2653910213026352,0.23652656696823077,0.23680851432886865,1,0,0,1000,0.23659310378458687,0.014249042953088981,16.604139980734423,1.1648372491836374e-44,0.20855528219526615,0.2646309253739076,307.8978292631656,c_win
D+ vs. D+,Policy Rating,Squared,-0.3,Mean,0.29835077782165886,0.014216910597773729,0.2695480142543903,0.327374499110652,0.2976388054667666,0.29785469567310363,1,0,0,1000,0.29835077782165914,0.014646059388801171,20.3707201986213,2.1146827820721392e-63,0.26955594291211243,0.32714561273120585,391.19889419681783,c_win
D+ vs. D+,Policy Rating,Squared,-0.1,Mean,0.44126508459642716,0.009034828051402832,0.4233659003702699,0.4586454160376867,0.44136280925985627,0.4416053035116541,1,0,0,1000,0.4412650845964297,0.009245409043706888,47.728021822548506,1.639110796276004e-208,0.4231085290108268,0.45942164018203263,612.349742353187,c_win
D+ vs. D+,Policy Rating,Squared,0.1,Mean,0.5587349154035729,0.00903482805140283,0.5413545839623132,0.5766340996297301,0.5586371907401437,0.5583946964883458,1,0,0,1000,0.5587349154035769,0.009245409043706888,60.43376910228687,2.9772318873578968e-260,0.540578359817974,0.5768914709891798,612.349742353187,c_win
D+ vs. D+,Policy Rating,Squared,0.3,Mean,0.7016492221783411,0.014216910597773729,0.672625500889348,0.7304519857456097,0.7023611945332335,0.7021453043268964,1,0,0,1000,0.7016492221783442,0.01464605938880118,47.90703106904281,9.350164601335182e-166,0.6728543872687975,0.730444057087891,391.19889419681783,c_win
D+ vs. D+,Policy Rating,Squared,0.5,Mean,0.7634068962154134,0.014563279290771872,0.7346089786973647,0.7898739893975718,0.7634734330317692,0.7631914856711314,1,0,0,1000,0.7634068962154119,0.014249042953088981,53.576011998049076,4.055397525895137e-158,0.7353690746260911,0.7914447178047327,307.8978292631656,c_win
D+ vs. D+,Policy Rating,Squared,0.7,Mean,0.8607879651971979,0.027934146461087276,0.800228343635717,0.9110680728976318,0.8614993250730514,0.8600898376596059,1,0,0,1000,0.8607879651971978,0.02788398235847079,30.870338179499733,2.1939000783374265e-43,0.805206584839807,0.9163693455545886,72.32924229081577,c_win
D+ vs. D+,Policy Rating,Squared,0.9,Mean,0.8698818158548678,0.03272719791716062,0.8026346927726679,0.9286034375029862,0.8719669242541255,0.8700728874757473,1,0,0,1000,0.8698818158548682,0.03245426235915497,26.803314961477927,1.7797764408399091e-31,0.8047075867288038,0.9350560449809326,50.37670503120929,c_win
D+ vs. D+,Spatial Distance,Absolute,-0.9,Mean,0.19933547971942267,0.07067394870893288,0.071355386075179,0.34192738189028254,0.19356711318347025,0.19685436171463672,1,0,0,1000,0.19933547971942273,0.07052300531343354,2.8265312692431785,0.009722534203256146,0.05322553569274674,0.3454454237460987,22.385297319564913,c_win
D+ vs. D+,Spatial Distance,Absolute,-0.7,Mean,0.23615943791702615,0.03140375850944793,0.18149539069832182,0.303491014926882,0.23724946396635305,0.2377443215962426,1,0,0,1000,0.23615943791702623,0.03230157688740137,7.311080779128644,5.0285240071446524e-11,0.17212613449856373,0.30019274133548873,107.1178200451,c_win
D+ vs. D+,Spatial Distance,Absolute,-0.5,Mean,0.2963426892395749,0.020389288405532197,0.258604423542977,0.3359995529070553,0.2971115646106141,0.2971733725773024,1,0,0,1000,0.29634268923957424,0.019965364370925623,14.842839015305954,8.756870999459248e-36,0.2570126676760947,0.3356727108030538,239.64230217881473,c_win
D+ vs. D+,Spatial Distance,Absolute,-0.3,Mean,0.34996076500462964,0.013912460223964184,0.32421785867778724,0.37785773097446174,0.3500653653751889,0.35017342493069287,1,0,0,1000,0.349960765004629,0.013587264138836479,25.75652916059357,2.1228342953907027e-89,0.3232555992358534,0.37666593077340466,433.1616053009611,c_win
D+ vs. D+,Spatial Distance,Absolute,-0.1,Mean,0.467397806500121,0.008748653063839235,0.44994740977234465,0.4832273715562989,0.46733476317745937,0.4673588321593951,1,0,0,1000,0.46739780650012075,0.008861112184405781,52.74708149194525,4.400213462622643e-241,0.4499990092229958,0.4847966037772457,672.0025383765217,c_win
D+ vs. D+,Spatial Distance,Absolute,0.1,Mean,0.5326021934998788,0.008748653063839238,0.5167726284437011,0.5500525902276554,0.5326652368225406,0.5326411678406049,1,0,0,1000,0.5326021934998799,0.008861112184405783,60.10556941567439,1.570273447309081e-272,0.5152033962227549,0.5500009907770049,672.0025383765217,c_win
D+ vs. D+,Spatial Distance,Absolute,0.3,Mean,0.6500392349953703,0.013912460223964184,0.6221422690255383,0.6757821413222127,0.6499346346248112,0.6498265750693072,1,0,0,1000,0.6500392349953652,0.013587264138836486,47.84180452762066,5.467063642123272e-175,0.6233340692265895,0.6767444007641409,433.1616053009611,c_win
D+ vs. D+,Spatial Distance,Absolute,0.5,Mean,0.703657310760425,0.020389288405532197,0.6640004470929448,0.741395576457023,0.7028884353893858,0.7028266274226975,1,0,0,1000,0.7036573107604239,0.019965364370925612,35.243900270867016,8.809029421656857e-97,0.6643272891969444,0.7429873323239035,239.64230217881473,c_win
D+ vs. D+,Spatial Distance,Absolute,0.7,Mean,0.7638405620829739,0.031403758509447925,0.6965089850731181,0.8185046093016782,0.7627505360336471,0.7622556784037574,1,0,0,1000,0.7638405620829732,0.03230157688740138,23.647160160186942,2.5561645269735957e-44,0.6998072586645108,0.8278738655014357,107.1178200451,c_win
D+ vs. D+,Spatial Distance,Absolute,0.9,Mean,0.8006645202805772,0.07067394870893288,0.6580726181097174,0.928644613924821,0.8064328868165298,0.8031456382853633,1,0,0,1000,0.8006645202805772,0.07052300531343354,11.353238800900378,9.245433233924064e-11,0.6545545762539012,0.9467744643072532,22.385297319564913,c_win
D+ vs. D+,Spatial Distance,Squared,-0.9,Mean,0.06786687894460325,0.0507481384418285,0,0.17355210708758487,0.058696403928412244,0.066516538961465893,0.856,0,0,1000,0.06786687894460325,0.05083863251389438,1.3349469800560625,0.20240753052743152,-0.0407861636879773,0.1765199215771838,14.5493464464369,c_win
D+ vs. D+,Spatial Distance,Squared,-0.7,Mean,0.2537145447802923,0.034383295890027574,0.1883310056489919,0.3217554101926593,0.25364957118426557,0.2538088441355996,1,0,0,1000,0.25371454478029243,0.0339245752999219,7.478783228301064,3.745445245235157e-11,0.18636417992627988,0.321064909634305,94.82886447165947,c_win
D+ vs. D+,Spatial Distance,Squared,-0.5,Mean,0.28244571596880025,0.01946575880650664,0.24312194698080802,0.32184450080630544,0.28277030883390336,0.28268168563124724,1,0,0,1000,0.28244571596880014,0.01950319853158295,14.482020244598095,1.7502226190112274e-34,0.24402419139729187,0.3208672405403084,237.2946075425806,c_win
D+ vs. D+,Spatial Distance,Squared,-0.3,Mean,0.31277507868180654,0.012432886059241042,0.28882223488929687,0.3378803991417271,0.3124042714836476,0.31245945287915955,1,0,0,1000,0.31277507868180476,0.011946693092388215,26.18089175498181,1.0279742348966066e-94,0.28930118664756993,0.3362489707160396,483.143953775363,c_win
D+ vs. D+,Spatial Distance,Squared,-0.1,Mean,0.4255938879021493,0.009418697482507595,0.40703521364276773,0.44408671087784485,0.4261081145084852,0.4258948895558258,1,0,0,1000,0.4255938879021466,0.009318623986896174,45.671323201860666,6.308548965317951e-202,0.40729451660961646,0.4438932591946767,629.1397931378822,c_win
D+ vs. D+,Spatial Distance,Squared,0.1,Mean,0.5744061120978506,0.0094186974825076,0.5559132891221552,0.5929647863572322,0.5738918854915149,0.5741051104441742,1,0,0,1000,0.5744061120978459,0.00931862398689618,61.6406577736771,8.473922725667797e-269,0.5561067408053157,0.592705483390376,629.1397931378822,c_win
D+ vs. D+,Spatial Distance,Squared,0.3,Mean,0.6872249213181935,0.012432886059241043,0.6621196008582729,0.7111777651107031,0.6875957285163525,0.6875405471208405,1,0,0,1000,0.6872249213181916,0.011946693092388211,57.52428023417244,2.675184612693322e-218,0.6637510292839568,0.7106988133524264,483.143953775363,c_win
D+ vs. D+,Spatial Distance,Squared,0.5,Mean,0.7175542840311997,0.019465758806506642,0.6781554991936946,0.756878053019192,0.7172296911660967,0.7173183143687528,1,0,0,1000,0.7175542840311986,0.01950319853158295,36.79162076257444,5.049168411326543e-100,0.6791327594596903,0.7559758086027069,237.2946075425806,c_win
D+ vs. D+,Spatial Distance,Squared,0.7,Mean,0.7462854552197076,0.03438329589002757,0.6782445898073406,0.8116689943510081,0.7463504288157344,0.7461911558644003,1,0,0,1000,0.7462854552197082,0.03392457529992191,21.99837282034968,5.053828089775094e-39,0.6789350903656957,0.8136358200737208,94.82886447165947,c_win
D+ vs. D+,Spatial Distance,Squared,0.9,Mean,0.9321331210553968,0.0507481384418285,0.8264478929124152,1,0.9413035960715879,0.9334834610385341,1,0,0,1000,0.9321331210553966,0.05083863251389438,18.33513363681923,1.8476699761023594e-11,0.823480078422816,1.0407861636879772,14.5493464464369,c_win
D- vs. D+,Party/Policy Bundle,Absolute,-0.9,Mean,0.10657564499876988,0.024489852602672307,0.061066089384859454,0.1559116584146492,0.10638595049360455,0.10721744568008963,1,0,0,1000,0.10657564499876988,0.02434886570015399,4.377027098970605,3.831965011183648e-5,0.05807118578136969,0.15508010421617008,75.09148467197338,c_win
D- vs. D+,Party/Policy Bundle,Absolute,-0.7,Mean,0.15728472151045433,0.02589388772393319,0.11156200511580835,0.21230079840412483,0.15771208103087692,0.15856204067316618,1,0,0,1000,0.15728472151045442,0.026309426981762866,5.978264810536574,3.1007119394806665e-8,0.10512174918203657,0.20944769383887227,105.65360094074717,c_win
D- vs. D+,Party/Policy Bundle,Absolute,-0.5,Mean,0.14877335059658472,0.016524624028305245,0.11806854242854042,0.18030440464353226,0.1482399171680256,0.14864625709602972,1,0,0,1000,0.14877335059658472,0.01645442113275328,9.041542658735318,4.552813145757739e-16,0.11628041942755968,0.18126628176560977,161.91655954424542,c_win
D- vs. D+,Party/Policy Bundle,Absolute,-0.3,Mean,0.2327543551335947,0.017509094358874884,0.19949673642357738,0.26879986748692025,0.23271801165439268,0.23313723638232314,1,0,0,1000,0.23275435513359508,0.01677143588162266,13.878021940186779,1.5837764704814544e-32,0.19971590713974463,0.2657928031274455,239.3764900735259,c_win
D- vs. D+,Party/Policy Bundle,Absolute,-0.1,Mean,0.3387416674152079,0.010396618285180476,0.31611531581311736,0.35847451553236775,0.33828367346848,0.33807146722280323,1,0,0,1000,0.3387416674152079,0.010358647037233064,32.70134277166088,7.1613563682564435e-127,0.318390404055222,0.3590929307751938,505.9007514857509,c_win
D- vs. D+,Party/Policy Bundle,Absolute,0.1,Mean,0.388904726802631,0.010813209078811096,0.3679329074699368,0.410824104417836,0.38933129754961926,0.3893274659952446,1,0,0,1000,0.38890472680263183,0.010921039123456025,35.61059734392387,3.12751295244427e-137,0.3674461547552935,0.41036329884997014,483.38335110696715,c_win
D- vs. D+,Party/Policy Bundle,Absolute,0.3,Mean,0.533581753893859,0.021726375015418353,0.4910568514194715,0.5771491240284929,0.5343502468753365,0.5338470517657512,1,0,0,1000,0.5335817538938592,0.021154783544409726,25.222747033725206,1.6571106543798826e-69,0.49190952370164953,0.5752539840860689,240.60140928470864,c_win
D- vs. D+,Party/Policy Bundle,Absolute,0.5,Mean,0.6314309740078293,0.024236799281197024,0.5844573352074848,0.6778039864571874,0.631119118394784,0.6314998859510434,1,0,0,1000,0.63143097400783,0.02461786043579608,25.649303506883378,2.9547182648085002e-61,0.5828457115873908,0.6800162364282691,175.44276365055148,c_win
D- vs. D+,Party/Policy Bundle,Absolute,0.7,Mean,0.7324954709963479,0.029127197667743934,0.6745278163755867,0.7863290915322505,0.7327989581948987,0.7319508814227981,1,0,0,1000,0.732495470996348,0.028745944075057848,25.481698186142246,2.600594851546966e-47,0.6755116365966615,0.7894793053960346,107.27113353436802,c_win
D- vs. D+,Party/Policy Bundle,Absolute,0.9,Mean,0.81436523348708,0.028912587506554493,0.7524727830652496,0.8692759772398968,0.8151418096730036,0.8145827174204104,1,0,0,1000,0.8143652334870786,0.029056692368185113,28.02676998359067,4.969080208918424e-41,0.7564639800210352,0.8722664869531219,73.65319082423586,c_win
D- vs. D+,Party/Policy Bundle,Squared,-0.9,Mean,0.12311478414841898,0.022469035239028812,0.08239642743142556,0.16909396569843113,0.12246925327973335,0.12365919103623878,1,0,0,1000,0.12311478414841903,0.02245045295227046,5.483844108186164,3.237329386476075e-7,0.07856351053788199,0.16766605775895607,98.16211785701414,c_win
D- vs. D+,Party/Policy Bundle,Squared,-0.7,Mean,0.16703052388771958,0.02400170644501585,0.12055393148499614,0.21555488721088048,0.16813524795298335,0.16754042790245968,1,0,0,1000,0.1670305238877196,0.02488017887963058,6.713397226595811,1.1559495395271132e-9,0.11767065660725451,0.2163903911681847,100.281876644063,c_win
D- vs. D+,Party/Policy Bundle,Squared,-0.5,Mean,0.17995220021599934,0.020158688961569218,0.14266142119407718,0.22102645161296047,0.18027159086386546,0.1802955025894523,1,0,0,1000,0.17995220021599936,0.020863579176897098,8.625183564633346,6.548139218355981e-15,0.1387433042069102,0.22116109622508853,157.3044631183432,c_win
D- vs. D+,Party/Policy Bundle,Squared,-0.3,Mean,0.23245512723454398,0.018106875131365992,0.1968038203376943,0.26867878484875296,0.23202241117461833,0.2320426584627142,1,0,0,1000,0.23245512723454384,0.017534539346304737,13.256985121969109,1.9998163483873585e-30,0.19791285074675868,0.266997403722329,238.59760934983294,c_win
D- vs. D+,Party/Policy Bundle,Squared,-0.1,Mean,0.3290790220326688,0.010472272949808717,0.3074897178186506,0.34946160523983405,0.32867271311955704,0.32870635117760444,1,0,0,1000,0.3290790220326682,0.01025803291967886,32.08012926156319,2.7846515644312857e-125,0.30892666904685034,0.34923137501848606,519.1950628885402,c_win
D- vs. D+,Party/Policy Bundle,Squared,0.1,Mean,0.40442710923558906,0.01085812756180821,0.38322575903746336,0.4260188162287689,0.4045465886001214,0.404726921159838,1,0,0,1000,0.40442710923558794,0.010867102493084865,37.21572604039943,1.7355160156731895e-145,0.3830757262666861,0.42577849220448977,494.5480414115427,c_win
D- vs. D+,Party/Policy Bundle,Squared,0.3,Mean,0.5421473860082989,0.02085454064264648,0.5024284813612813,0.5806761412010172,0.5428012525785073,0.5426226745484195,1,0,0,1000,0.5421473860082987,0.021299857314565122,25.453099426988704,1.1689807281119294e-69,0.5001855598534397,0.5841092121631577,236.3461075451577,c_win
D- vs. D+,Party/Policy Bundle,Squared,0.5,Mean,0.5672724678773855,0.028123050229835255,0.5105876186972201,0.6198416184125973,0.568837107432217,0.5680091941307083,1,0,0,1000,0.5672724678773858,0.027859076176029625,20.362213890117282,9.752616718867224e-45,0.512218951006447,0.6223259847483247,147.814405153517,c_win
D- vs. D+,Party/Policy Bundle,Squared,0.7,Mean,0.6874061023996437,0.02816284896027243,0.6309219017117746,0.7416249737934317,0.6886118474551355,0.6871183738739363,1,0,0,1000,0.687406102399643,0.028701622798335928,23.950077918224807,4.363877924760791e-46,0.6305429549781133,0.7442692498211726,112.98970885079235,c_win
D- vs. D+,Party/Policy Bundle,Squared,0.9,Mean,0.8036542228457481,0.027467405188841002,0.7472813453384917,0.8553174899474304,0.804978774227175,0.8033540707247236,1,0,0,1000,0.8036542228457484,0.027117809199378163,29.63566182419253,2.4177368574026975e-45,0.7497014428856121,0.8576070028058846,81.31357996174015,c_win
D- vs. D+,Policy Rank,Absolute,-0.9,Mean,0.20564793050946156,0.028380040990265046,0.14952160666836345,0.2621482973439548,0.2055316133698883,0.20524794744256367,1,0,0,1000,0.2056479305094615,0.029427998433206117,6.988172538347407,4.014072182181423e-10,0.14721571879489398,0.26408014222402904,93.72551012119662,c_win
D- vs. D+,Policy Rank,Absolute,-0.7,Mean,0.22598324157145205,0.02359145318420616,0.17923038227329388,0.27355066183289406,0.2267934562678503,0.22643822040878384,1,0,0,1000,0.22598324157145216,0.02301697028290248,9.81811414768683,2.4040726692684067e-18,0.18055128267235773,0.27141520047054657,172.07368144083176,c_win
D- vs. D+,Policy Rank,Absolute,-0.5,Mean,0.24455938993146545,0.01711215630733751,0.21156376584099698,0.27985274266259524,0.24348789468697718,0.2443519573169108,1,0,0,1000,0.24455938993146548,0.016571605739768756,14.757736442194533,1.733533092349577e-36,0.2119324122508329,0.27718636761209803,268.20661712985554,c_win
D- vs. D+,Policy Rank,Absolute,-0.3,Mean,0.2580874857398735,0.012249880441019117,0.23398895738189446,0.28233626905615883,0.2582474321391409,0.2580595789633329,1,0,0,1000,0.25808748573987267,0.01276139603157572,20.224079332800486,1.4924731894914683e-62,0.23299701363520978,0.28317795784453553,386.36995025543257,c_win
D- vs. D+,Policy Rank,Absolute,-0.1,Mean,0.3237146494923286,0.01005373176520287,0.30487848501659176,0.3431432191080408,0.3239993502900116,0.3239846350625071,1,0,0,1000,0.3237146494923296,0.010186577018269641,31.778550234465108,1.4905869498481725e-126,0.3037052485999433,0.3437240503847159,549.4439822916069,c_win
D- vs. D+,Policy Rank,Absolute,0.1,Mean,0.3901578185485259,0.010430313604289237,0.3702452990233217,0.41051624964142347,0.38981985302417077,0.3901634594514942,1,0,0,1000,0.39015781854852466,0.010209564065279522,38.21493415917389,3.665516010623507e-155,0.37010214826322335,0.41021348883382597,535.9332778574679,c_win
D- vs. D+,Policy Rank,Absolute,0.3,Mean,0.5039372533973403,0.016184635672501214,0.47176585529238857,0.5355542683575886,0.5042635294665893,0.504164365388126,1,0,0,1000,0.5039372533973422,0.01569299271914187,32.112246683365484,1.393226497966477e-111,0.47308384707287693,0.5347906597218075,390.173086016448,c_win
D- vs. D+,Policy Rank,Absolute,0.5,Mean,0.5663082649328105,0.018401699948385825,0.5291180197561426,0.6005654433417509,0.5662150132621707,0.5656713859858018,1,0,0,1000,0.5663082649328087,0.018609804048255192,30.430640938742414,8.845790822141173e-91,0.5296753790748644,0.60294115079075306,280.0028816958424,c_win
D- vs. D+,Policy Rank,Absolute,0.7,Mean,0.6448028353099536,0.02362486719956251,0.5955861254358497,0.6913085110080303,0.6438642004801178,0.6446167334017581,1,0,0,1000,0.6448028353099535,0.023646512970846616,27.268411038232994,1.501145210187851e-67,0.598158988642456,0.6914466819774511,189.72494843479933,c_win
D- vs. D+,Policy Rank,Absolute,0.9,Mean,0.6907717891085574,0.03400884145288825,0.6242679404556155,0.7555399142701384,0.6916140897315337,0.6907715350510171,1,0,0,1000,0.6907717891085573,0.03356676729937583,20.579038277582427,3.687639590565557e-39,0.6242363789884539,0.7573071992286607,107.96361046388397,c_win
D- vs. D+,Policy Rank,Squared,-0.9,Mean,0.23725650442222457,0.03497247355392801,0.17128549508521934,0.30607334156293226,0.23566907097722442,0.23720382748578045,1,0,0,1000,0.2372565044222244,0.035191921399723707,6.741788881811015,2.64252841763372e-9,0.16717001245168972,0.3073429963927591,76.28901799517023,c_win
D- vs. D+,Policy Rank,Squared,-0.7,Mean,0.22551028827838,0.02247225228035042,0.1825131933654412,0.2705951651891719,0.22531479778371416,0.22545330363347027,1,0,0,1000,0.22551028827837996,0.021851420284871904,10.320166164874163,7.411003407758075e-20,0.1823882378586097,0.26863233869815023,177.47371830573167,c_win
D- vs. D+,Policy Rank,Squared,-0.5,Mean,0.2513674948431321,0.013948415361902205,0.2247920796803569,0.2794726109808334,0.25024554879826866,0.2509617216127152,1,0,0,1000,0.2513674948431319,0.013587781963408489,18.499523728012228,6.319685328269223e-54,0.2246444755057033,0.2780905141805606,353.641192464949,c_win
D- vs. D+,Policy Rank,Squared,-0.3,Mean,0.29264029670672853,0.01185841706760583,0.2693862441373915,0.3160164036160265,0.29313918433861624,0.29297138905273046,1,0,0,1000,0.2926402967067293,0.012571701525287568,23.277700008872536,1.8897426857971814e-78,0.26793151521778324,0.31734907819567537,435.30546621365835,c_win
D- vs. D+,Policy Rank,Squared,-0.1,Mean,0.3300534907299815,0.01152036543787884,0.3086747569043133,0.3524150669229575,0.3306561677740507,0.3303042669040095,1,0,0,1000,0.330053490729982,0.01174695647467025,28.09693655047334,3.9887535106819005e-103,0.30697119025628194,0.3531357912036821,476.0146064722658,c_win
D- vs. D+,Policy Rank,Squared,0.1,Mean,0.3864128011852066,0.011851497716148143,0.36172581635703055,0.40916199201320946,0.3860272544341955,0.38634234855513105,1,0,0,1000,0.3864128011852086,0.01176610415363153,32.841184825475544,5.154725706296028e-123,0.3632912245502647,0.4095343778201525,463.03749715118414,c_win
D- vs. D+,Policy Rank,Squared,0.3,Mean,0.4535519971946134,0.013316253737539209,0.4270359434078482,0.479349717334649,0.4538753638765811,0.45365266077913174,1,0,0,1000,0.45355199719461564,0.013363961607843155,33.93843910240143,1.418286013148143e-125,0.42728772295473744,0.47981627143449385,445.26505140802544,c_win
D- vs. D+,Policy Rank,Squared,0.5,Mean,0.5443331348680955,0.01577909429550604,0.5121505368199781,0.5748101565065272,0.5444048116356797,0.5442901991698718,1,0,0,1000,0.5443331348680955,0.015622548549782319,34.84278721448941,5.974891452321194e-116,0.5136075000054734,0.5750587697307177,350.8123872215232,c_win
D- vs. D+,Policy Rank,Squared,0.7,Mean,0.6069644559889509,0.023932097131117196,0.5624035648465259,0.6535736272514936,0.60728127552263,0.6068071571300195,1,0,0,1000,0.6069644559889504,0.024249520964463502,25.029956545468565,8.569967435496918e-64,0.5591494873115715,0.6547794246663293,201.78177189244443,c_win
D- vs. D+,Policy Rank,Squared,0.9,Mean,0.7010106234426681,0.03800685997982702,0.6232421865537257,0.7729696953244463,0.6996590091603844,0.7000266989410578,1,0,0,1000,0.7010106234426685,0.0364853821496989,19.213465287726297,5.7749870964324215e-33,0.6284863852603054,0.7735348616250316,86.52695603368599,c_win
D- vs. D+,Policy Rating,Absolute,-0.9,Mean,0.13150831507246744,0.040475932529183634,0.06389095052548938,0.21600335152374855,0.12907939925403106,0.13288064737412733,1,0,0,1000,0.1315083150724674,0.04058704520470553,3.2401549412919755,0.0024697664432720926,0.04937112272417993,0.2136455074207549,38.38399974455339,c_win
D- vs. D+,Policy Rating,Absolute,-0.7,Mean,0.08902261518552819,0.021085985424152368,0.049513042919293766,0.13287807291390064,0.08865096848308546,0.08885570994995862,1,0,0,1000,0.08902261518552824,0.021441153634053512,4.151950809406997,9.125931532938085e-5,0.04626246194393221,0.13178276842712427,70.26913178251657,c_win
D- vs. D+,Policy Rating,Absolute,-0.5,Mean,0.16025821394502127,0.013374608161615339,0.1332020282016779,0.18556076108013608,0.16001751132398226,0.16017993081643817,1,0,0,1000,0.16025821394502135,0.013357166742957713,11.997919695770372,2.5874955318637226e-27,0.13397164829425212,0.18654477959579058,297.3274538846513,c_win
D- vs. D+,Policy Rating,Absolute,-0.3,Mean,0.22435211571604166,0.013473667935143865,0.19697206825771424,0.24949763031924982,0.22425091150981644,0.22417809049636775,1,0,0,1000,0.22435211571604155,0.013414958379276313,16.724026223042557,2.905128512665847e-46,0.19796556725291595,0.2507386641791671,340.77728977246,c_win
D- vs. D+,Policy Rating,Absolute,-0.1,Mean,0.341479451397111,0.009536740954555811,0.3238361317072973,0.3598327109152891,0.3412126675483952,0.341452761754791,1,0,0,1000,0.34147945139711244,0.00965126650599772,35.38182798961174,1.594722909801225e-138,0.32251764254198484,0.36044126025224005,502.46714165801075,c_win
D- vs. D+,Policy Rating,Absolute,0.1,Mean,0.40013995925921186,0.009917198363337475,0.38147344794577986,0.4198911674402632,0.40068414323632817,0.4008747524651046,1,0,0,1000,0.4001399592592114,0.009781589297082876,40.907458604763086,1.363277337494221e-161,0.3809218342732534,0.41935808424516946,499.5452204721332,c_win
D- vs. D+,Policy Rating,Absolute,0.3,Mean,0.5210330867621532,0.0150625323265122,0.4900419544221297,0.5508164469456329,0.5202931941444089,0.5204758660714076,1,0,0,1000,0.5210330867621524,0.01540017300506535,33.832937239781444,3.37903456886411e-110,0.4907400874800891,0.5513260860442157,335.69815937578534,c_win
D- vs. D+,Policy Rating,Absolute,0.5,Mean,0.6470319454746151,0.019081249161241872,0.6076418048920719,0.6831071857782541,0.6472125191399101,0.6465972422855648,1,0,0,1000,0.6470319454746161,0.018520719370679308,34.93557310192558,2.640225014857555e-99,0.6105592734528227,0.68350461749640945,255.55308678091114,c_win
D- vs. D+,Policy Rating,Absolute,0.7,Mean,0.7488778339624882,0.032772308188323634,0.6852335200912911,0.8111171414212975,0.7489358435632212,0.7493279900609839,1,0,0,1000,0.7488778339624886,0.03355930905286948,22.315055199220676,8.564757266437092e-38,0.6821765399217753,0.815579128003202,87.13587700297818,c_win
D- vs. D+,Policy Rating,Absolute,0.9,Mean,0.798989811240393,0.0390327266772787,0.7206625738510112,0.8712054227216159,0.7989181047457121,0.7971421163740486,1,0,0,1000,0.7989898112403926,0.038190760036915114,20.92102410290056,2.0570662154344672e-22,0.721669063566135,0.8763105589146502,37.88666198966856,c_win
D- vs. D+,Policy Rating,Squared,-0.9,Mean,0.12571082283188353,0.037679084302776035,0.058699658226448764,0.20438989163298243,0.12486526142422366,0.12681408724138638,1,0,0,1000,0.1257108228318835,0.03721398172580314,3.3780535433734338,0.0014907201364104106,0.05081117039905242,0.2006104752647146,46.187554936551564,c_win
D- vs. D+,Policy Rating,Squared,-0.7,Mean,0.12043241438083617,0.02788806171306919,0.07017631784406286,0.17669307991996858,0.11996084054466666,0.12164937045477468,1,0,0,1000,0.12043241438083624,0.028398062834118717,4.240867240991639,7.642036253370862e-5,0.06365238928806223,0.17721243947361026,61.28880032658209,c_win
D- vs. D+,Policy Rating,Squared,-0.5,Mean,0.17020254955641306,0.013727367711653435,0.14375616036217978,0.1972120285968666,0.16924631464965767,0.16979603341145652,1,0,0,1000,0.1702025495564128,0.013415657818522168,12.68685828595186,1.9606679615560604e-29,0.143793956425306,0.1966111426875196,279.415866216198,c_win
D- vs. D+,Policy Rating,Squared,-0.3,Mean,0.24616572567881478,0.014208590690361695,0.21770571887086,0.2762260808162513,0.24630010809552344,0.24627878219563115,1,0,0,1000,0.24616572567881514,0.014171415638713165,17.370581172310334,3.8510902518136573e-47,0.21827671778935281,0.2740547335682775,297.27256081041844,c_win
D- vs. D+,Policy Rating,Squared,-0.1,Mean,0.32804946125699735,0.009189782177052623,0.30981172659469564,0.3456053023760371,0.3275973557742917,0.3278978328373309,1,0,0,1000,0.32804946125699636,0.009478804589273573,34.6087376490728,3.6511144031852644e-137,0.3094281034184658,0.3466708190955269,521.1969392725039,c_win
D- vs. D+,Policy Rating,Squared,0.1,Mean,0.4145825005050556,0.01003373492114715,0.3953557066655491,0.4350998938480334,0.41524203935677517,0.41518447090864197,1,0,0,1000,0.41458250050505574,0.009733308051201785,42.59420315520237,4.825171370175224e-172,0.3954612550761111,0.4337037459340004,522.2656739647133,c_win
D- vs. D+,Policy Rating,Squared,0.3,Mean,0.4964981782020965,0.01666680563610154,0.46447221605573097,0.5281044161724807,0.49608951501145415,0.4964384796917038,1,0,0,1000,0.4964981782020962,0.016694454956203135,29.740304760151098,2.747422083052182e-93,0.4636508943824972,0.5293454620216952,313.6362348304895,c_win
D- vs. D+,Policy Rating,Squared,0.5,Mean,0.6355837584473489,0.018798040448600728,0.5975102040751922,0.6712906129279026,0.6357831910298797,0.6350427353311673,1,0,0,1000,0.6355837584473486,0.018519449875966053,34.319796900241016,3.0761119688104855e-94,0.599101185934928,0.6720663309597692,238.513852077641,c_win
D- vs. D+,Policy Rating,Squared,0.7,Mean,0.7268731052267036,0.03802972136949551,0.6442360277798699,0.800078806602689,0.7278367966908554,0.7261813562895695,1,0,0,1000,0.7268731052267037,0.03754887924252314,19.35805062334693,2.1495000393437618e-29,0.6519475394475326,0.8017986710058748,68.10321647093947,c_win
D- vs. D+,Policy Rating,Squared,0.9,Mean,0.8137789821753164,0.033486052570309614,0.7462898466735554,0.8755947014297105,0.8135582507436818,0.8128344548331525,1,0,0,1000,0.8137789821753166,0.034275949758113156,23.74198199957083,2.8270858287880446e-30,0.7450620590957744,0.8824959052548589,54.07623551294047,c_win
D- vs. D+,Spatial Distance,Absolute,-0.9,Mean,0.17608167044762363,0.06868589711331599,0.05266251889151697,0.3131611690696422,0.172082914234989,0.17520144497131465,0.995,0,0,1000,0.17608167044762368,0.07110985263258252,2.476192312722402,0.022695374560659783,0.027404066339109273,0.32475927455613807,19.301168342328044,c_win
D- vs. D+,Spatial Distance,Absolute,-0.7,Mean,0.20574651412199713,0.03250939767152429,0.14923569693658137,0.27075091122514394,0.20393609563176263,0.20572734633377993,1,0,0,1000,0.20574651412199715,0.03312363796249285,6.2114709246300706,2.2842413384043117e-8,0.13981748121219956,0.27167554703179475,79.1481826916335,c_win
D- vs. D+,Spatial Distance,Absolute,-0.5,Mean,0.2533112697427822,0.020365382520545487,0.2140288053152097,0.29213423046271636,0.2540560536902951,0.2537869319135039,1,0,0,1000,0.25331126974278245,0.019812436674112147,12.78546772965946,1.1220536269901732e-28,0.21427562974552106,0.29234690974004385,231.60802328044937,c_win
D- vs. D+,Spatial Distance,Absolute,-0.3,Mean,0.2798610264471834,0.014622225685333001,0.2521673790604546,0.309555243897154,0.27984918009688553,0.28031972498733343,1,0,0,1000,0.27986102644718336,0.014401240655729577,19.433119210867417,6.654140126826653e-60,0.2515504809924638,0.3081715719019029,404.8598148868101,c_win
D- vs. D+,Spatial Distance,Absolute,-0.1,Mean,0.3351302310995244,0.009230339681130108,0.31763023921398514,0.35382498448290595,0.33472243349213404,0.3352924582237002,1,0,0,1000,0.33513023109952245,0.008982244581170551,37.31029900945414,2.4197892551709145e-157,0.3174891448353593,0.3527713173636856,589.6480368453864,c_win
D- vs. D+,Spatial Distance,Absolute,0.1,Mean,0.4032483072295382,0.009152385362449972,0.38405566832240884,0.41986371444957626,0.4029549491759061,0.4027238045403091,1,0,0,1000,0.40324830722953836,0.009182741441895426,43.913716811164306,1.0455547526716592e-185,0.38521245127814824,0.4212841631809285,574.2483564037826,c_win
D- vs. D+,Spatial Distance,Absolute,0.3,Mean,0.4951956745862397,0.016214335606548797,0.4641665471820183,0.5260939205056495,0.4956620273685271,0.4960855133494386,1,0,0,1000,0.4951956745862406,0.015850870856919597,31.24091282152274,8.829022198618494e-105,0.4640242815556359,0.5263670676168453,361.8606047962331,c_win
D- vs. D+,Spatial Distance,Absolute,0.5,Mean,0.5774899228113917,0.023375518533271772,0.5312704036698607,0.6234644658227255,0.5769010031458175,0.5779547872408147,1,0,0,1000,0.5774899228113912,0.022890511068105975,25.22835427715832,8.268736273951759e-67,0.5323767092775353,0.6226031363452471,219.5896235931941,c_win
D- vs. D+,Spatial Distance,Absolute,0.7,Mean,0.6803526084867911,0.033790799593774026,0.6123462494952288,0.7485526897063063,0.6812145596711523,0.6810066738684384,1,0,0,1000,0.6803526084867909,0.032656975470405115,20.833301268310965,9.275398101055682e-35,0.6154014198145844,0.7453037971589974,83.19245094617888,c_win
D- vs. D+,Spatial Distance,Absolute,0.9,Mean,0.7494786538915192,0.06804920562958582,0.6068121483827464,0.8733420113683795,0.7492785703482397,0.7491034473934468,1,0,0,1000,0.7494786538915192,0.07020742222368428,10.675205414943786,7.833733181124254e-10,0.6032699922434406,0.8956873155395979,20.528782948018527,c_win
D- vs. D+,Spatial Distance,Squared,-0.9,Mean,0.18140243337628184,0.07636495929864869,0.04180416654866162,0.34274143229143855,0.17812864941843298,0.18342483499309103,0.999,0,0,1000,0.18140243337628187,0.07662690597924936,2.3673464438901632,0.03717953058396853,0.012890566227217765,0.349914300525346,11.07693967441555,c_win
D- vs. D+,Spatial Distance,Squared,-0.7,Mean,0.24266814202523515,0.0334161397236022,0.18092876859869242,0.31061554769651994,0.2438540104509026,0.24301470555048407,1,0,0,1000,0.242668142025235,0.03509591733989391,6.914426532153684,1.272893732482577e-9,0.17276842100793977,0.31256786304253026,75.99033718730288,c_win
D- vs. D+,Spatial Distance,Squared,-0.5,Mean,0.21476396141756202,0.017563228938355213,0.18073166327410803,0.25097225951305796,0.21445334469533256,0.21472020805989092,1,0,0,1000,0.21476396141756215,0.017795699147598532,12.068307046342925,2.0957994942608947e-26,0.1797041166416114,0.2498238061935129,234.53626462395204,c_win
D- vs. D+,Spatial Distance,Squared,-0.3,Mean,0.25846894698929707,0.013062558579252112,0.23346392838865448,0.28493958825987514,0.2586357607400383,0.2586546965823621,1,0,0,1000,0.25846894698929723,0.01253701358421548,20.61646860738177,1.68742852571549e-64,0.23382076397895332,0.2831171299996411,392.06831573109207,c_win
D- vs. D+,Spatial Distance,Squared,-0.1,Mean,0.29763105957476166,0.009319429743840854,0.2794565052260541,0.3156520560455558,0.29749915321618714,0.2978568668623774,1,0,0,1000,0.29763105957476177,0.009279606829219267,32.07367133676317,2.139222930255258e-127,0.2794027158689547,0.31585940328056883,542.7522753442728,c_win
D- vs. D+,Spatial Distance,Squared,0.1,Mean,0.4245841744277486,0.010332983291734826,0.40286940934209103,0.4443717329200868,0.42462566179850014,0.42419016042785834,1,0,0,1000,0.4245841744277463,0.010147077682837864,41.84300029020785,4.918350283158814e-174,0.4046529395774185,0.44451540927807415,556.7559310097254,c_win
D- vs. D+,Spatial Distance,Squared,0.3,Mean,0.5432617754423923,0.013734072745969399,0.5163432693069046,0.5692152247041379,0.5432823648195022,0.5431336162917063,1,0,0,1000,0.543261775442393,0.013662340676601983,39.76344817493673,5.446152704680321e-143,0.5164050414322777,0.5701185094525082,411.25296504655984,c_win
D- vs. D+,Spatial Distance,Squared,0.5,Mean,0.5867699841242895,0.02107503813942759,0.5448767443269356,0.6275716026192719,0.5883263911260352,0.5875146521576292,1,0,0,1000,0.586769984124289,0.021060081780143795,27.861714415445288,2.549628853102301e-76,0.5452786661845207,0.6282613020640574,234.30296375963152,c_win
D- vs. D+,Spatial Distance,Squared,0.7,Mean,0.6668546690025311,0.03922740681275283,0.593222657483525,0.7424108842820288,0.6683280740376121,0.6676612568635171,1,0,0,1000,0.666854669002531,0.037444486503010035,17.809155132863815,3.332716657808325e-29,0.5923080394122617,0.7414012985928002,77.97453994041376,c_win
D- vs. D+,Spatial Distance,Squared,0.9,Mean,0.7691118010262485,0.08281223185265595,0.5853774730966583,0.9031231269364045,0.7727017602930372,0.7652365977207745,1,0,0,1000,0.7691118010262487,0.08093454145936112,9.502886989388028,1.8341678696149808e-6,0.5897987799745659,0.9484248220779314,10.437955518810508,c_win
D+ vs. D-,Party/Policy Bundle,Absolute,-0.9,Mean,0.18563476651292002,0.028912587506554493,0.13072402276010323,0.24752721693475047,0.1848581903269964,0.18541728257958962,1,0,0,1000,0.1856347665129199,0.02905669236818511,6.388709497994204,1.345404162204533e-8,0.12773351304687655,0.24353601997896326,73.65319082423586,c_win
D+ vs. D-,Party/Policy Bundle,Absolute,-0.7,Mean,0.2675045290036521,0.029127197667743934,0.21367090846774947,0.3254721836244133,0.2672010418051012,0.26804911857720193,1,0,0,1000,0.2675045290036519,0.028745944075057848,9.305818180998934,1.862680126589735e-15,0.2105206946039653,0.3244883634033385,107.27113353436802,c_win
D+ vs. D-,Party/Policy Bundle,Absolute,-0.5,Mean,0.36856902599217056,0.02423679928119702,0.3221960135428127,0.4155426647925152,0.368880881605216,0.36850011404895655,1,0,0,1000,0.36856902599217045,0.024617860435796078,14.971610833256879,3.500678756809188e-33,0.3199837635717313,0.4171542884126096,175.44276365055148,c_win
D+ vs. D-,Party/Policy Bundle,Absolute,-0.3,Mean,0.4664182461061409,0.021726375015418353,0.42285087597150706,0.5089431485805286,0.4656497531246635,0.4661529482342488,1,0,0,1000,0.46641824610614074,0.021154783544409726,22.047885535061145,1.1099682205204654e-59,0.4247460159139311,0.5080904762983504,240.60140928470864,c_win
D+ vs. D-,Party/Policy Bundle,Absolute,-0.1,Mean,0.6110952731973689,0.010813209078811094,0.5891758955821641,0.6320670925300632,0.6106687024503807,0.6106725340047554,1,0,0,1000,0.611095273197367,0.010921039123456025,55.955780973704854,2.5874771343366724e-213,0.5896367011500288,0.6325538452447053,483.38335110696715,c_win
D+ vs. D-,Party/Policy Bundle,Absolute,0.1,Mean,0.661258332584792,0.010396618285180473,0.6415254844676322,0.6838846841868826,0.66171632653152,0.6619285327771968,1,0,0,1000,0.6612583325847933,0.01035864703723307,63.83636108151669,3.3767121875816264e-244,0.6409070692248073,0.6816095959447792,505.9007514857509,c_win
D+ vs. D-,Party/Policy Bundle,Absolute,0.3,Mean,0.7672456448664052,0.01750909435887488,0.7312001325130798,0.8005032635764225,0.7672819883456073,0.7668627636176768,1,0,0,1000,0.7672456448664084,0.016771435881622672,45.74716501806021,2.522454944670802e-120,0.734207196872558,0.8002840928602589,239.3764900735259,c_win
D+ vs. D-,Party/Policy Bundle,Absolute,0.5,Mean,0.8512266494034152,0.016524624028305245,0.8196955953564677,0.8819314575714597,0.8517600828319745,0.8513537429039703,1,0,0,1000,0.8512266494034156,0.016454421132753274,51.73239717980782,1.3114318907757934e-102,0.8187337182343906,0.8837195805724407,161.91655954424542,c_win
D+ vs. D-,Party/Policy Bundle,Absolute,0.7,Mean,0.8427152784895456,0.02589388772393319,0.7876992015958751,0.8884379948841915,0.842287918969123,0.8414379593268339,1,0,0,1000,0.8427152784895452,0.026309426981762866,32.030924849625094,3.2185465096356135e-56,0.7905523061611274,0.894878250817963,105.65360094074717,c_win
D+ vs. D-,Party/Policy Bundle,Absolute,0.9,Mean,0.8934243550012302,0.024489852602672307,0.8440883415853506,0.9389339106151405,0.8936140495063954,0.8927825543199104,1,0,0,1000,0.89342435500123,0.02434886570015399,36.692647863082165,1.0545342675732605e-49,0.8449198957838298,0.9419288142186302,75.09148467197338,c_win
D+ vs. D-,Party/Policy Bundle,Squared,-0.9,Mean,0.19634577715425186,0.027467405188841002,0.14468251005256955,0.2527186546615083,0.1950212257728249,0.1966459292752763,1,0,0,1000,0.1963457771542519,0.027117809199378163,7.240473436134151,2.2674330529506776e-10,0.1423929971941156,0.2502985571143882,81.31357996174015,c_win
D+ vs. D-,Party/Policy Bundle,Squared,-0.7,Mean,0.31259389760035633,0.028162848960272432,0.25837502620656827,0.36907809828822535,0.3113881525448645,0.3128816261260638,1,0,0,1000,0.3125938976003563,0.02870162279833592,10.891157611425372,2.5471993900231855e-19,0.2557307501788266,0.3694570450218859,112.98970885079235,c_win
D+ vs. D-,Party/Policy Bundle,Squared,-0.5,Mean,0.4327275321226145,0.028123050229835255,0.3801583815874027,0.48941238130278,0.43116289256778295,0.4319908058692917,1,0,0,1000,0.43272753212261494,0.027859076176029632,15.532730855409348,7.136993699941705e-33,0.37767401525167604,0.48778104899355385,147.814405153517,c_win
D+ vs. D-,Party/Policy Bundle,Squared,-0.3,Mean,0.457852613991701,0.020854540642646476,0.4193238587989829,0.4975715186387186,0.4571987474214927,0.4573773254515805,1,0,0,1000,0.4578526139917011,0.021299857314565122,21.49557188247526,1.570547018723859e-57,0.415890787836842,0.4998144401465601,236.3461075451577,c_win
D+ vs. D-,Party/Policy Bundle,Squared,-0.1,Mean,0.5955728907644109,0.010858127561808211,0.5739811837712311,0.6167742409625366,0.5954534113998786,0.595273078840162,1,0,0,1000,0.5955728907644083,0.010867102493084866,54.8051231819515,3.134525832114731e-212,0.5742215077955065,0.6169242737333102,494.5480414115427,c_win
D+ vs. D-,Party/Policy Bundle,Squared,0.1,Mean,0.6709209779673313,0.010472272949808717,0.6505383947601657,0.6925102821813495,0.6713272868804431,0.6712936488223955,1,0,0,1000,0.6709209779673292,0.010258032919678854,65.40444773580758,7.812323753673337e-253,0.6507686249815113,0.691073330953147,519.1950628885402,c_win
D+ vs. D-,Party/Policy Bundle,Squared,0.3,Mean,0.7675448727654559,0.01810687513136599,0.731321215151247,0.8031961796623058,0.7679775888253817,0.7679573415372858,1,0,0,1000,0.7675448727654566,0.01753453934630474,43.77331263779167,5.266951892401359e-116,0.7330025962776714,0.8020871492532418,238.59760934983294,c_win
D+ vs. D-,Party/Policy Bundle,Squared,0.5,Mean,0.8200477997840006,0.020158688961569214,0.7789735483870396,0.8573385788059229,0.8197284091361345,0.8197044974105477,1,0,0,1000,0.8200477997839993,0.02086357917689711,39.30523103591275,2.9918306137591506e-83,0.7788389037749102,0.8612566957930885,157.3044631183432,c_win
D+ vs. D-,Party/Policy Bundle,Squared,0.7,Mean,0.8329694761122803,0.02400170644501585,0.7844451127891194,0.879446068515004,0.8318647520470166,0.8324595720975403,1,0,0,1000,0.8329694761122812,0.024880178879630583,33.47923984558784,3.078258351247292e-56,0.7836096088318161,0.8823293433927464,100.281876644063,c_win
D+ vs. D-,Party/Policy Bundle,Squared,0.9,Mean,0.876885215851581,0.02246903523902881,0.8309060343015688,0.9176035725685744,0.8775307467202667,0.8763408089637612,1,0,0,1000,0.8768852158515804,0.022450452952270456,39.05868704367942,1.2860298729290916e-61,0.8323339422410434,0.9214364894621174,98.16211785701414,c_win
D+ vs. D-,Policy Rank,Absolute,-0.9,Mean,0.30922821089144253,0.03400884145288825,0.2444600857298616,0.37573205954438443,0.3083859102684663,0.30922846494898293,1,0,0,1000,0.30922821089144253,0.03356676729937583,9.212332189557992,2.8818883269814824e-15,0.2426928007713391,0.375763621011546,107.96361046388397,c_win
D+ vs. D-,Policy Rank,Absolute,-0.7,Mean,0.35519716469004636,0.023624867199562513,0.30869148899196974,0.4044138745641504,0.35613579951988206,0.35538326659824193,1,0,0,1000,0.3551971646900464,0.023646512970846613,15.021122358631187,4.086031482062754e-34,0.3085533180225488,0.401841011357544,189.72494843479933,c_win
D+ vs. D-,Policy Rank,Absolute,-0.5,Mean,0.4336917350671896,0.018401699948385822,0.39943455665824906,0.4708819802438574,0.4337849867378293,0.43432861401419814,1,0,0,1000,0.43369173506718894,0.018609804048255192,23.304476175172343,1.607196468219383e-67,0.39705884920924456,0.47032462092513333,280.0028816958424,c_win
D+ vs. D-,Policy Rank,Absolute,-0.3,Mean,0.4960627466026596,0.016184635672501217,0.46444573164241126,0.5282341447076117,0.49573647053341074,0.49583563461187397,1,0,0,1000,0.49606274660266114,0.015692992719141877,31.61046178257494,1.1847988792141663e-109,0.4652093402781958,0.5269161529271265,390.173086016448,c_win
D+ vs. D-,Policy Rank,Absolute,-0.1,Mean,0.6098421814514742,0.010430313604289237,0.5894837503585766,0.6297547009766783,0.6101801469758292,0.6098365405485058,1,0,0,1000,0.60984218145147,0.010209564065279533,59.73244083216131,4.591412000407321e-239,0.5897865111661686,0.6298978517367713,535.9332778574679,c_win
D+ vs. D-,Policy Rank,Absolute,0.1,Mean,0.6762853505076715,0.01005373176520287,0.6568567808919592,0.6951215149834081,0.6760006497099884,0.6760153649374929,1,0,0,1000,0.6762853505076719,0.010186577018269638,66.38985296972214,1.3036177437579037e-264,0.6562759496152857,0.6962947514000581,549.4439822916069,c_win
D+ vs. D-,Policy Rank,Absolute,0.3,Mean,0.7419125142601266,0.012249880441019118,0.7176637309438411,0.7660110426181056,0.7417525678608592,0.741940421036667,1,0,0,1000,0.7419125142601228,0.012761396031575722,58.13725335569847,3.876588769588818e-193,0.71682204215546,0.7670029863647857,386.36995025543257,c_win
D+ vs. D-,Policy Rank,Absolute,0.5,Mean,0.7554406100685346,0.017112156307337506,0.7201472573374048,0.788436234159003,0.7565121053130228,0.7556480426830892,1,0,0,1000,0.7554406100685342,0.01657160573976876,45.586445992714985,2.5055321769163747e-128,0.7228136323879016,0.7880675877491669,268.20661712985554,c_win
D+ vs. D-,Policy Rank,Absolute,0.7,Mean,0.7740167584285479,0.023591453184206156,0.726449338167106,0.8207696177267061,0.7732065437321497,0.7735617795912162,1,0,0,1000,0.7740167584285466,0.02301697028290246,33.6280904443581,1.4787479706117304e-77,0.7285847995294522,0.8194487173276409,172.07368144083176,c_win
D+ vs. D-,Policy Rank,Absolute,0.9,Mean,0.7943520694905385,0.028380040990265042,0.7378517026560453,0.8504783933316366,0.7944683866301118,0.7947520525574363,1,0,0,1000,0.7943520694905378,0.029427998433206114,26.993071625088945,5.4905256157149336e-46,0.7359198577759704,0.8527842812051053,93.72551012119662,c_win
D+ vs. D-,Policy Rank,Squared,-0.9,Mean,0.29898937655733193,0.03800685997982702,0.22703030467555368,0.3767578134462743,0.30034099083961563,0.2999733010589422,1,0,0,1000,0.29898937655733204,0.036485382149698896,8.194771685015763,2.055213617925716e-12,0.22646513837496896,0.37151361473969513,86.52695603368599,c_win
D+ vs. D-,Policy Rank,Squared,-0.7,Mean,0.3930355440110491,0.023932097131117196,0.3464263727485065,0.4375964351534742,0.3927187244773701,0.3931928428699805,1,0,0,1000,0.39303554401104934,0.024249520964463502,16.207971472385946,2.187752568656004e-38,0.3452205753336705,0.4408505126884282,201.78177189244443,c_win
D+ vs. D-,Policy Rank,Squared,-0.5,Mean,0.4556668651319046,0.01577909429550604,0.4251898434934728,0.48784946318002187,0.45559518836432034,0.4557098008301283,1,0,0,1000,0.45566686513190463,0.015622548549782317,29.16725550123215,8.32202889385859e-96,0.4249412302692825,0.4863924999945268,350.8123872215232,c_win
D+ vs. D-,Policy Rank,Squared,-0.3,Mean,0.5464480028053865,0.013316253737539207,0.520650282665351,0.5729640565921518,0.5461246361234189,0.5463473392208683,1,0,0,1000,0.5464480028053901,0.013363961607843158,40.88967170368747,7.462723826411019e-153,0.5201837285655119,0.5727122770452683,445.26505140802544,c_win
D+ vs. D-,Policy Rank,Squared,-0.1,Mean,0.6135871988147934,0.011851497716148145,0.5908380079867904,0.6382741836429693,0.6139727455658045,0.613657651444869,1,0,0,1000,0.6135871988147971,0.011766104153631527,52.14871386510866,6.104115989933937e-196,0.5904656221798531,0.636708775449741,463.03749715118414,c_win
D+ vs. D-,Policy Rank,Squared,0.1,Mean,0.6699465092700184,0.01152036543787884,0.6475849330770427,0.6913252430956867,0.6693438322259493,0.6696957330959905,1,0,0,1000,0.6699465092700205,0.011746956474670249,57.031496687215466,6.783497093901705e-215,0.6468642087963205,0.6930288097437206,476.0146064722658,c_win
D+ vs. D-,Policy Rank,Squared,0.3,Mean,0.7073597032932715,0.01185841706760583,0.6839835963839735,0.7306137558626085,0.7068608156613837,0.7070286109472695,1,0,0,1000,0.7073597032932686,0.012571701525287573,56.26602746417717,7.606344438259877e-202,0.6826509218043225,0.7320684847822146,435.30546621365835,c_win
D+ vs. D-,Policy Rank,Squared,0.5,Mean,0.748632505156868,0.013948415361902205,0.7205273890191666,0.7752079203196431,0.7497544512017312,0.7490382783872848,1,0,0,1000,0.7486325051568691,0.013587781963408489,55.096005159113915,1.2456634221501253e-175,0.7219094858194405,0.7753555244942977,353.641192464949,c_win
D+ vs. D-,Policy Rank,Squared,0.7,Mean,0.7744897117216201,0.022472252280350425,0.7294048348108281,0.8174868066345587,0.7746852022162858,0.7745466963665297,1,0,0,1000,0.7744897117216213,0.02185142028487191,35.443449516085366,1.9574648607014507e-82,0.731367661301851,0.8176117621413915,177.47371830573167,c_win
D+ vs. D-,Policy Rank,Squared,0.9,Mean,0.7627434955777754,0.03497247355392802,0.6939266584370676,0.8287145049147806,0.7643309290227756,0.7627961725142195,1,0,0,1000,0.7627434955777744,0.035191921399723686,21.67382357201341,2.434802226612527e-34,0.6926570036072398,0.8328299875483091,76.28901799517023,c_win
D+ vs. D-,Policy Rating,Absolute,-0.9,Mean,0.20101018875960708,0.039032726677278695,0.12879457727838403,0.2793374261489888,0.20108189525428777,0.20285788362595142,1,0,0,1000,0.201010188759607,0.0381907600369151,5.263319938260223,5.862477206734464e-6,0.12368944108534946,0.27833093643386453,37.88666198966856,c_win
D+ vs. D-,Policy Rating,Absolute,-0.7,Mean,0.25112216603751186,0.032772308188323634,0.1888828585787025,0.3147664799087087,0.2510641564367787,0.25067200993901606,1,0,0,1000,0.25112216603751175,0.03355930905286947,7.482936124873516,5.4540662565412516e-011,0.18442087199679846,0.31782346007822504,87.13587700297818,c_win
D+ vs. D-,Policy Rating,Absolute,-0.5,Mean,0.3529680545253848,0.019081249161241872,0.3168928142217458,0.39235819510792813,0.35278748086008993,0.35340275771443524,1,0,0,1000,0.35296805452538477,0.018520719370679315,19.058009975799248,5.505049376195558e-51,0.3164953825035913,0.3894407265471782,255.55308678091114,c_win
D+ vs. D-,Policy Rating,Absolute,-0.3,Mean,0.47896691323784674,0.015062532326512197,0.4491835530543672,0.5099580455778703,0.4797068058555911,0.47952413392859244,1,0,0,1000,0.47896691323784657,0.01540017300506535,31.101398216780233,6.931316078211609e-101,0.44867391395578327,0.5092599125199099,335.69815937578534,c_win
D+ vs. D-,Policy Rating,Absolute,-0.1,Mean,0.599860040740788,0.009917198363337472,0.5801088325597368,0.6185265520542201,0.5993158567636718,0.5991252475348954,1,0,0,1000,0.599860040740784,0.00978158929708287,61.32541681336776,1.1841457562451766e-234,0.580641915754826,0.619078165726742,499.5452204721332,c_win
D+ vs. D-,Policy Rating,Absolute,0.1,Mean,0.6585205486028889,0.009536740954555813,0.6401672890847108,0.6761638682927026,0.6587873324516047,0.658547238245209,1,0,0,1000,0.6585205486028978,0.009651266505997728,68.23151637079586,3.035058086859771e-256,0.6395587397477701,0.6774823574580254,502.46714165801075,c_win
D+ vs. D-,Policy Rating,Absolute,0.3,Mean,0.7756478842839583,0.013473667935143867,0.7505023696807502,0.8030279317422858,0.7757490884901836,0.7758219095036323,1,0,0,1000,0.7756478842839566,0.013414958379276322,57.81962659550192,3.1804487038257105e-178,0.749261335820831,0.8020344327470822,340.77728977246,c_win
D+ vs. D-,Policy Rating,Absolute,0.5,Mean,0.8397417860549786,0.01337460816161534,0.814439238919864,0.866797971798322,0.8399824886760179,0.8398200691835618,1,0,0,1000,0.8397417860549823,0.013357166742957708,62.868256585755276,9.015368599953618e-174,0.813455220404213,0.8660283517057515,297.3274538846513,c_win
D+ vs. D-,Policy Rating,Absolute,0.7,Mean,0.9109773848144718,0.021085985424152368,0.8671219270860994,0.9504869570807062,0.9113490315169144,0.9111442900500414,1,0,0,1000,0.9109773848144719,0.02144115363405351,42.48733068950307,7.434724936612783e-52,0.8682172315728759,0.9537375380560679,70.26913178251657,c_win
D+ vs. D-,Policy Rating,Absolute,0.9,Mean,0.8684916849275326,0.04047593252918363,0.7839966484762515,0.9361090494745106,0.870920600745969,0.8671193526258727,1,0,0,1000,0.8684916849275324,0.040587045204705526,21.39824864183122,6.172014696439495e-23,0.786354492579245,0.9506288772758198,38.38399974455339,c_win
D+ vs. D-,Policy Rating,Squared,-0.9,Mean,0.18622101782468356,0.03348605257030962,0.12440529857028947,0.2537101533264446,0.18644174925631812,0.18716554516684747,1,0,0,1000,0.1862210178246836,0.034275949758113156,5.432993662870126,1.353770414648849e-6,0.1175040947451413,0.2549379409042259,54.07623551294047,c_win
D+ vs. D-,Policy Rating,Squared,-0.7,Mean,0.27312689477329644,0.03802972136949552,0.1999211933973108,0.35576397222012995,0.27216320330914456,0.2738186437104306,1,0,0,1000,0.27312689477329644,0.03754887924252314,7.27390271782033,4.511320810295002e-10,0.1982013289941254,0.34805246055246747,68.10321647093947,c_win
D+ vs. D-,Policy Rating,Squared,-0.5,Mean,0.36441624155265107,0.018798040448600725,0.32870938707209746,0.40248979592480777,0.3642168089701203,0.3649572646688327,1,0,0,1000,0.3644162415526512,0.01851944987596605,19.677487398023572,7.300248204237656e-52,0.3279336690402306,0.4008988140650718,238.513852077641,c_win
D+ vs. D-,Policy Rating,Squared,-0.3,Mean,0.5035018217979035,0.01666680563610154,0.4718955838275193,0.5355277839442691,0.5039104849885458,0.5035615203082963,1,0,0,1000,0.5035018217979035,0.016694454956203142,30.159823912718863,1.0561023610972353e-94,0.4706545379783045,0.5363491056175025,313.6362348304895,c_win
D+ vs. D-,Policy Rating,Squared,-0.1,Mean,0.5854174994949444,0.010033734921147152,0.5649001061519665,0.6046442933344509,0.5847579606432247,0.584815529091358,1,0,0,1000,0.5854174994949458,0.009733308051201782,60.145789737196665,6.181354512858007e-237,0.5662962540660011,0.6045387449238905,522.2656739647133,c_win
D+ vs. D-,Policy Rating,Squared,0.1,Mean,0.6719505387430026,0.009189782177052625,0.6543946976239629,0.6901882734053044,0.6724026442257083,0.6721021671626691,1,0,0,1000,0.6719505387430078,0.009478804589273578,70.88979759150239,8.39926480452079e-270,0.6533291809044773,0.6905718965815383,521.1969392725039,c_win
D+ vs. D-,Policy Rating,Squared,0.3,Mean,0.7538342743211852,0.014208590690361695,0.7237739191837487,0.78229428112914,0.7536998919044766,0.7537212178043688,1,0,0,1000,0.7538342743211836,0.014171415638713164,53.193999353309174,6.12156225869277e-154,0.7259452664317212,0.7817232822106459,297.27256081041844,c_win
D+ vs. D-,Policy Rating,Squared,0.5,Mean,0.829797450443587,0.013727367711653431,0.8027879714031333,0.8562438396378204,0.8307536853503423,0.8302039665885435,1,0,0,1000,0.8297974504435839,0.01341565781852218,61.852908121876304,4.393985304946473e-165,0.8033888573124771,0.8562060435746907,279.415866216198,c_win
D+ vs. D-,Policy Rating,Squared,0.7,Mean,0.8795675856191638,0.02788806171306919,0.8233069200800314,0.9298236821559371,0.8800391594553334,0.8783506295452254,1,0,0,1000,0.8795675856191636,0.028398062834118713,30.9728022913736,3.873417148249636e-39,0.8227875605263896,0.9363476107119376,61.28880032658209,c_win
D+ vs. D-,Policy Rating,Squared,0.9,Mean,0.8742891771681164,0.037679084302776035,0.7956101083670176,0.941300341773551,0.8751347385757763,0.8731859127586137,1,0,0,1000,0.8742891771681159,0.03721398172580314,23.493567111683408,2.4969429854305754e-27,0.7993895247352849,0.949188829600947,46.187554936551564,c_win
D+ vs. D-,Spatial Distance,Absolute,-0.9,Mean,0.25052134610848076,0.0680492056295858,0.1266579886316205,0.39318785161725345,0.2507214296517603,0.2508965526065532,1,0,0,1000,0.2505213461084807,0.07020742222368428,3.5683028684674882,0.0018648227453706276,0.10431268446040198,0.3967300077565594,20.528782948018527,c_win
D+ vs. D-,Spatial Distance,Absolute,-0.7,Mean,0.3196473915132088,0.03379079959377402,0.2514473102936937,0.38765375050477124,0.31878544032884765,0.3189933261315616,1,0,0,1000,0.3196473915132088,0.032656975470405115,9.788028037161139,1.6992938715908811e-15,0.25469620284100225,0.3845985801854154,83.19245094617888,c_win
D+ vs. D-,Spatial Distance,Absolute,-0.5,Mean,0.4225100771886083,0.023375518533271772,0.3765355341772744,0.4687295963301391,0.4230989968541826,0.4220452127591853,1,0,0,1000,0.422510077188608,0.022890511068105975,18.45786998514436,1.4907085202511225e-46,0.3773968636547521,0.4676232907224639,219.5896235931941,c_win
D+ vs. D-,Spatial Distance,Absolute,-0.3,Mean,0.5048043254137603,0.016214335606548804,0.4739060794943504,0.5358334528179816,0.504337972631473,0.5039144866505614,1,0,0,1000,0.5048043254137613,0.015850870856919604,31.847103542162287,5.358436648322558e-107,0.4736329323831566,0.535975718444366,361.8606047962331,c_win
D+ vs. D-,Spatial Distance,Absolute,-0.1,Mean,0.5967516927704617,0.009152385362449972,0.5801362855504238,0.6159443316775911,0.5970450508240939,0.5972761954596909,1,0,0,1000,0.5967516927704617,0.009182741441895426,64.98622405372716,7.026393640516951e-267,0.5787158368190716,0.6147875487218518,574.2483564037826,c_win
D+ vs. D-,Spatial Distance,Absolute,0.1,Mean,0.6648697689004756,0.009230339681130106,0.6461750155170941,0.682369760786015,0.665277566507866,0.6647075417762998,1,0,0,1000,0.6648697689004758,0.008982244581170551,74.02044810650558,1.0689569887807066e-300,0.6472286826363126,0.6825108551646389,589.6480368453864,c_win
D+ vs. D-,Spatial Distance,Absolute,0.3,Mean,0.7201389735528166,0.014622225685333001,0.690444756102846,0.7478326209395453,0.7201508199031146,0.7196802750126666,1,0,0,1000,0.7201389735528186,0.014401240655729577,50.00534264846891,2.3474613363961016e-175,0.6918284280980991,0.7484495190075382,404.8598148868101,c_win
D+ vs. D-,Spatial Distance,Absolute,0.5,Mean,0.7466887302572177,0.020365382520545487,0.7078657695372838,0.7859711946847905,0.745943946309705,0.7462130680864961,1,0,0,1000,0.7466887302572177,0.019812436674112147,37.68787971612174,8.740816469962805e-101,0.7076530902599564,0.785724370254479,231.60802328044937,c_win
D+ vs. D-,Spatial Distance,Absolute,0.7,Mean,0.7942534858780028,0.03250939767152428,0.7292490887748558,0.8507643030634185,0.7960639043682374,0.79427265366622,1,0,0,1000,0.7942534858780027,0.03312363796249284,23.978449673232337,4.79471301422818e-38,0.7283244529682051,0.8601825187878003,79.1481826916335,c_win
D+ vs. D-,Spatial Distance,Absolute,0.9,Mean,0.8239183295523765,0.06868589711331598,0.6868388309303577,0.947337481108483,0.827917085765011,0.8247985550286854,1,0,0,1000,0.823918329552377,0.07110985263258254,11.586556560726965,3.871388327083129e-10,0.6752407254438625,0.9725959336608915,19.301168342328044,c_win
D+ vs. D-,Spatial Distance,Squared,-0.9,Mean,0.23088819897375149,0.08281223185265595,0.09687687306359531,0.4146225269033418,0.22729823970696283,0.2347634022792256,1,0,0,1000,0.23088819897375149,0.08093454145936112,2.8527770073261633,0.016493143189750273,0.05157517792206873,0.41020122002543424,10.437955518810508,c_win
D+ vs. D-,Spatial Distance,Squared,-0.7,Mean,0.33314533099746896,0.03922740681275283,0.2575891157179712,0.40677734251647485,0.33167192596238787,0.33233874313648293,1,0,0,1000,0.333145330997469,0.037444486503010035,8.897046324047963,1.713861482249119e-13,0.2585987014071998,0.4076919605877382,77.97453994041376,c_win
D+ vs. D-,Spatial Distance,Squared,-0.5,Mean,0.4132300158757105,0.02107503813942759,0.37242839738072797,0.45512325567306466,0.41167360887396476,0.4124853478423708,1,0,0,1000,0.4132300158757106,0.02106008178014379,19.62148201462916,2.3220609767018079e-51,0.37173869793594233,0.4547213338154789,234.30296375963152,c_win
D+ vs. D-,Spatial Distance,Squared,-0.3,Mean,0.4567382245576077,0.013734072745969397,0.4307847752958622,0.48365673069309556,0.4567176351804977,0.45686638370829374,1,0,0,1000,0.4567382245576086,0.013662340676601981,33.43045202640972,2.5274682285507025e-119,0.4298814905474934,0.4835949585677238,411.25296504655984,c_win
D+ vs. D-,Spatial Distance,Squared,-0.1,Mean,0.5754158255722515,0.010332983291734826,0.5556282670799133,0.597130590657909,0.5753743382015,0.5758098395721416,1,0,0,1000,0.575415825572244,0.010147077682837869,56.707541181582386,1.742757206642587e-233,0.5554845907219161,0.5953470604225719,556.7559310097254,c_win
D+ vs. D-,Spatial Distance,Squared,0.1,Mean,0.7023689404252383,0.009319429743840854,0.6843479439544441,0.7205434947739459,0.7025008467838127,0.7021431331376226,1,0,0,1000,0.7023689404252428,0.009279606829219267,75.68951501411144,1.38277201093479e-290,0.6841405967194357,0.7205972841310498,542.7522753442728,c_win
D+ vs. D-,Spatial Distance,Squared,0.3,Mean,0.7415310530107029,0.013062558579252108,0.7150604117401248,0.7665360716113455,0.7413642392599616,0.7413453034176378,1,0,0,1000,0.7415310530107075,0.01253701358421548,59.147343825512,1.7874506788447393e-197,0.7168828700003637,0.7661792360210514,392.06831573109207,c_win
D+ vs. D-,Spatial Distance,Squared,0.5,Mean,0.7852360385824381,0.017563228938355213,0.7490277404869421,0.8192683367258919,0.7855466553046675,0.7852797919401091,1,0,0,1000,0.7852360385824402,0.017795699147598536,44.12504572423079,1.445624265856968e-115,0.7501761938064894,0.820295883358391,234.53626462395204,c_win
D+ vs. D-,Spatial Distance,Squared,0.7,Mean,0.7573318579747649,0.0334161397236022,0.68938445230348,0.8190712314013076,0.7561459895490974,0.7569852944495159,1,0,0,1000,0.7573318579747638,0.03509591733989391,21.578916163957807,3.836951033019126e-34,0.6874321369574685,0.827231578992059,75.99033718730288,c_win
D+ vs. D-,Spatial Distance,Squared,0.9,Mean,0.8185975666237181,0.07636495929864869,0.6572585677085613,0.9581958334513384,0.821871350581567,0.816575165006909,1,0,0,1000,0.8185975666237184,0.07662690597924934,10.682899905229053,3.5795363241372476e-007,0.6500856994746543,0.9871094337727825,11.07693967441555,c_win
D+ vs. V-,Party/Policy Bundle,Absolute,-0.9,Mean,0.24923733367458842,0.0738248406840785,0.11320360803625369,0.39748333813860337,0.24957508035248133,0.2503492666934168,1,0,0,1000,0.24923733367458842,0.07540895595286126,3.3051423471555377,0.0029767296640011735,0.09359350871626301,0.40488115863291385,23.978488069250663,c_win
D+ vs. V-,Party/Policy Bundle,Absolute,-0.7,Mean,0.4159711510159663,0.063026375294234,0.295245825097605,0.543601285079321,0.41357227836748833,0.4162018950418599,1,0,0,1000,0.4159711510159661,0.06130756055083227,6.784989441409428,3.6330786108544805e-8,0.292087063770425,0.5398552382615072,40.241031762268015,c_win
D+ vs. V-,Party/Policy Bundle,Absolute,-0.5,Mean,0.524288861050039,0.046604503126199126,0.4234695991140842,0.6138915712648427,0.5221600861397504,0.5218975685359821,1,0,0,1000,0.5242888610500391,0.04721997004570627,11.103117188396288,1.3926552885025198e-16,0.4299619069128665,0.6186158151872118,64.20428711967087,c_win
D+ vs. V-,Party/Policy Bundle,Absolute,-0.3,Mean,0.5750747101384581,0.038138524258613624,0.5015853416620718,0.6491045108753575,0.5766282560652451,0.5757155191771747,1,0,0,1000,0.5750747101384576,0.03646319157680045,15.771376154147363,1.4744407196533876e-28,0.5027083067049029,0.6474411135720123,97.31287277697331,c_win
D+ vs. V-,Party/Policy Bundle,Absolute,-0.1,Mean,0.7047416798715049,0.018363843157955067,0.6686873204283404,0.7398163773022783,0.704482748688964,0.7041799636244849,1,0,0,1000,0.7047416798715038,0.018756294405550294,37.57360940458256,2.6116612888583373e-113,0.6678255919685208,0.7416577677744869,289.31954453195175,c_win
D+ vs. V-,Party/Policy Bundle,Absolute,0.1,Mean,0.700511595426671,0.01957412773399915,0.6598737321351618,0.7374854576142819,0.7002111018698765,0.6996286987205645,1,0,0,1000,0.700511595426671,0.01914835170462139,36.58338880717367,4.518450486108012e-107,0.6628138674235949,0.738209323429747,272.1431785139717,c_win
D+ vs. V-,Party/Policy Bundle,Absolute,0.3,Mean,0.8026502036919628,0.0303415708467585,0.7409442465247108,0.8583927057962737,0.8036940391723912,0.8018924820068706,1,0,0,1000,0.802650203691963,0.03026430254325246,26.521351435237914,2.662324695118953e-47,0.7426138134811069,0.8626865939028192,100.97849887108055,c_win
D+ vs. V-,Party/Policy Bundle,Absolute,0.5,Mean,0.8683389899035778,0.032050395221611475,0.801897277496274,0.9271230107454494,0.8694512724875432,0.8686657721693553,1,0,0,1000,0.8683389899035776,0.03259882335938453,26.637126755484587,1.9268189903631543e-38,0.8033265042624187,0.9333514755447365,70.2345765136243,c_win
D+ vs. V-,Party/Policy Bundle,Absolute,0.7,Mean,0.8653836964279671,0.04522270791893779,0.771287334174162,0.952148511308219,0.870586883564071,0.8687146945662114,1,0,0,1000,0.8653836964279664,0.04603792221887761,18.79719272111547,9.217271113263385e-18,0.7712169782254829,0.95955041463045,28.939189362671602,c_win
D+ vs. V-,Party/Policy Bundle,Absolute,0.9,Mean,0.934754424129584,0.03373607105198611,0.8575143224750877,0.9873199104325301,0.9353169765448095,0.9324377744041412,1,0,0,1000,0.934754424129584,0.033646895169548746,27.781298078746932,1.125917639309806e-16,0.864258241933625,1.0052506063255429,18.715907424058244,c_win
D+ vs. V-,Party/Policy Bundle,Squared,-0.9,Mean,0.3093201450298718,0.0638095479465998,0.18661951415835454,0.44317410981056227,0.30972821874574985,0.31043737103133057,1,0,0,1000,0.3093201450298718,0.06344878008072738,4.8751157175333635,2.6463073990626943e-5,0.18024713206985923,0.43839315798988443,33.09787973881197,c_win
D+ vs. V-,Party/Policy Bundle,Squared,-0.7,Mean,0.3934853268055108,0.05975021076643135,0.28016755946745736,0.5134723697627281,0.39132237396590075,0.3913844435205953,1,0,0,1000,0.3934853268055107,0.059229868487772,6.643359792141792,5.296114689919592e-8,0.27386381234962504,0.5131068412613964,40.95075764578326,c_win
D+ vs. V-,Party/Policy Bundle,Squared,-0.5,Mean,0.5233653677854183,0.05420186053259611,0.42076273095620453,0.627656339760593,0.5231426194406775,0.5240252222378102,1,0,0,1000,0.5233653677854182,0.05319089452696247,9.839378947088854,1.7782116709419014e-13,0.416634596069366,0.6300961395014704,52.09364489351688,c_win
D+ vs. V-,Party/Policy Bundle,Squared,-0.3,Mean,0.6685820612122416,0.036910359900685516,0.5974288773905996,0.7402270933914317,0.6673309868501931,0.6665908743766084,1,0,0,1000,0.6685820612122413,0.03697710628160478,18.080973024783304,4.698580441910327e-30,0.5950004493338122,0.7421636730906703,80.36817281402998,c_win
D+ vs. V-,Party/Policy Bundle,Squared,-0.1,Mean,0.6802680724760771,0.018317775608227414,0.6456457252693102,0.7168674851098519,0.6807745165602707,0.6801039304185701,1,0,0,1000,0.680268072476077,0.018636757156399578,36.50141850147376,1.3435175021771673e-112,0.6435933221939498,0.7169428227582042,301.17646726566045,c_win
D+ vs. V-,Party/Policy Bundle,Squared,0.1,Mean,0.7113764962663081,0.019097000980074053,0.6710043385464695,0.7455582997090062,0.7112897159580027,0.7107467608400316,1,0,0,1000,0.7113764962663063,0.018661184987627463,38.12064971961617,6.632831227273396e-114,0.6746452453116993,0.7481077472209132,284.9658986397643,c_win
D+ vs. V-,Party/Policy Bundle,Squared,0.3,Mean,0.8242195858270542,0.02823908519704476,0.7649432580075441,0.8769581206753316,0.8255810234211093,0.823663492014766,1,0,0,1000,0.8242195858270543,0.02927477653023673,28.15459872001931,3.3970450080454838e-46,0.7660541441449075,0.8823850275092012,89.32496611789591,c_win
D+ vs. V-,Party/Policy Bundle,Squared,0.5,Mean,0.7629008285809069,0.045183544937440284,0.68176584107927,0.8480731495168512,0.7636971264196741,0.764177321326772,1,0,0,1000,0.7629008285809068,0.0453844654613371,16.809734802998175,4.8850008401558175e-22,0.671708331663242,0.8540933254985716,49.23481149630709,c_win
D+ vs. V-,Party/Policy Bundle,Squared,0.7,Mean,0.8755448244818814,0.04344025453386131,0.784331879732613,0.9511054130497397,0.876828202993765,0.8759209254215167,1,0,0,1000,0.8755448244818814,0.044210898645526596,19.803823294835286,2.5818198627458366e-17,0.7847127886007044,0.9663768603630585,26.265980659427154,c_win
D+ vs. V-,Party/Policy Bundle,Squared,0.9,Mean,0.9408188011673358,0.02596282594099551,0.880979540764255,0.9811823219064808,0.9413924062828374,0.9391860969500485,1,0,0,1000,0.9408188011673361,0.025232694594547102,37.28570476855259,4.951643506835961e-25,0.8890821450309233,0.9925554573037488,27.413964628144765,c_win
D+ vs. V-,Policy Rank,Absolute,-0.9,Mean,0.4533321506629269,0.07100947546341141,0.3233702500320126,0.5943521101294268,0.45125435959711224,0.451504557586733,1,0,0,1000,0.4533321506629269,0.07288343614665282,6.219961278317779,1.2384464651573554e-6,0.3037196037757269,0.6029446975501269,26.739916529528006,c_win
D+ vs. V-,Policy Rank,Absolute,-0.7,Mean,0.47992177338539654,0.04941586839473285,0.38679607019655976,0.5816592688254641,0.4769491960091161,0.479681874148516,1,0,0,1000,0.4799217733853965,0.048963468877454536,9.801629345064208,4.356704997258684e-14,0.38198808174711185,0.5778554650236811,60.2340986683389,c_win
D+ vs. V-,Policy Rank,Absolute,-0.5,Mean,0.5092238750536422,0.03315734603648428,0.44290226044767356,0.5733748202099768,0.5089334681907708,0.5088182301399871,1,0,0,1000,0.5092238750536418,0.03430158104321998,14.845492818888431,2.1415749083008267e-28,0.4412721258669561,0.5771756242403274,113.9091495961884,c_win
D+ vs. V-,Policy Rank,Absolute,-0.3,Mean,0.5843533875529026,0.027496416885622658,0.530224430168178,0.6415129383175627,0.5863837543402624,0.5860425065452779,1,0,0,1000,0.5843533875529039,0.02674561404102185,21.848568765579103,2.4815371398394226e-50,0.5315414273705206,0.6371653477352872,163.24293894834446,c_win
D+ vs. V-,Policy Rank,Absolute,-0.1,Mean,0.6953570677472958,0.017833442041904735,0.6599868523707576,0.7304597853023498,0.6956475950619101,0.6956197366927414,1,0,0,1000,0.6953570677472966,0.018074847939283337,38.47097746454775,3.693225076106843e-118,0.6597878448423627,0.7309262906522304,300.67785059772496,c_win
D+ vs. V-,Policy Rank,Absolute,0.1,Mean,0.7203728579433073,0.018288367834644104,0.6826186534611961,0.7538353418832978,0.7191346524786619,0.7192409188524154,1,0,0,1000,0.7203728579433069,0.01778071716588998,40.51427460559631,1.3322027623204388e-125,0.6853861429418413,0.7553595729447724,308.7407471836518,c_win
D+ vs. V-,Policy Rank,Absolute,0.3,Mean,0.7749027788792147,0.02357290212062121,0.7275592284058771,0.8202860589644223,0.7752302437784904,0.7748680639767138,1,0,0,1000,0.7749027788792153,0.02326950241641884,33.30121826466078,1.4628461808246995e-67,0.7288891004090386,0.820916457349392,137.0541208872383,c_win
D+ vs. V-,Policy Rank,Absolute,0.5,Mean,0.8059945673132652,0.02667508999338645,0.748846215321982,0.8519575963286196,0.805422241953738,0.8037809670536279,1,0,0,1000,0.8059945673132646,0.026951007725751017,29.90591578299897,2.695477528761681e-54,0.752577338213067,0.8594117964134621,108.7808248682444,c_win
D+ vs. V-,Policy Rank,Absolute,0.7,Mean,0.8672217241178867,0.03175357536477207,0.7988313232015347,0.9235571921557881,0.8681862887242701,0.8657821381916989,1,0,0,1000,0.8672217241178863,0.03104735236285449,27.93222797173015,5.239432583088528e-36,0.8051132297571622,0.9293302184786105,59.787373562818246,c_win
D+ vs. V-,Policy Rank,Absolute,0.9,Mean,0.8800043677138198,0.05770893464007279,0.7544072072528542,0.9827004855623157,0.8849500532605334,0.8812938152223107,1,0,0,1000,0.8800043677138193,0.058255427806975624,15.105963527203654,1.4873592804630826e-13,0.7596004023761385,1.0004083330515001,23.373859487518317,c_win
D+ vs. V-,Policy Rank,Squared,-0.9,Mean,0.36623115250399385,0.08182424872849153,0.21383482426016415,0.527116836335175,0.3610459941121923,0.36332601396803016,1,0,0,1000,0.366231152503994,0.08363011041136582,4.379178153688304,2.4757511999142103e-4,0.1926129882322987,0.5398493167756894,21.613642441154358,c_win
D+ vs. V-,Policy Rank,Squared,-0.7,Mean,0.5062716772736895,0.043541131654575155,0.4211141594862935,0.5931023103419886,0.5070715766329754,0.5073973720979669,1,0,0,1000,0.5062716772736894,0.04387769568939484,11.538246695029938,4.5718293383177475e-18,0.4188108837826832,0.5937324707646956,72.377532244019,c_win
D+ vs. V-,Policy Rank,Squared,-0.5,Mean,0.5208067320837734,0.029951211944606627,0.46030232065527604,0.5776503963192693,0.5199256720215896,0.5208775381449601,1,0,0,1000,0.5208067320837731,0.029666497058558606,17.55538347030842,5.025241921566922e-38,0.46218279981483296,0.5794306643527133,148.21466309760996,c_win
D+ vs. V-,Policy Rank,Squared,-0.3,Mean,0.6292018455006197,0.02416074911807683,0.5823703716499028,0.6766692379354545,0.6285344304819167,0.6293903621688224,1,0,0,1000,0.629201845500621,0.023952010607840944,26.269270492667747,5.956084671393236e-69,0.5819902736960542,0.6764134173051878,214.40403417030095,c_win
D+ vs. V-,Policy Rank,Squared,-0.1,Mean,0.7133437041609632,0.020498575292654073,0.6738012999886243,0.7518304607461945,0.7149485067342982,0.7137497439483934,1,0,0,1000,0.7133437041609622,0.020729177079874032,34.41254331574734,7.041748969069389e-93,0.6725012271524643,0.75418618116946,230.93992580259084,c_win
D+ vs. V-,Policy Rank,Squared,0.1,Mean,0.7240122490477461,0.020755085698704222,0.6810922657393028,0.7628265037630606,0.7237233560063081,0.7229421121762538,1,0,0,1000,0.724012249047746,0.02059186356936431,35.160112954754624,1.4395361131780305e-96,0.683448056526151,0.7645764415693409,239.61630924097187,c_win
D+ vs. V-,Policy Rank,Squared,0.3,Mean,0.7434539253457254,0.021401214525794562,0.7012742837706007,0.7845814171306877,0.7440367947119684,0.7435230832870368,1,0,0,1000,0.7434539253457243,0.021219328644691147,35.03663748248363,9.265204604624454e-86,0.701603294224094,0.7853045564673546,193.67693289258705,c_win
D+ vs. V-,Policy Rank,Squared,0.5,Mean,0.8047664415536843,0.023597879300243093,0.7569027807086648,0.8473892151220531,0.8032297097325591,0.8034512605582123,1,0,0,1000,0.804766441553682,0.02366170457297716,34.011346860985036,1.2236966068475689e-65,0.7579440409042157,0.8515888422031483,126.95562432054808,c_win
D+ vs. V-,Policy Rank,Squared,0.7,Mean,0.8204135026805218,0.03423278929793991,0.750068757313364,0.8833962044205178,0.8187400138722529,0.8186213149221194,1,0,0,1000,0.8204135026805223,0.03349828036237881,24.4912124982365,5.885304000143279e-37,0.7536523849297482,0.8871746204312964,73.05577836115376,c_win
D+ vs. V-,Policy Rank,Squared,0.9,Mean,0.8839125307336511,0.0595019446448424,0.7479006503782663,0.9821515314185953,0.8915640281522347,0.8842490135044746,1,0,0,1000,0.8839125307336514,0.05976726520179254,14.789241698600275,6.326287343745243e-12,0.7588768498108097,1.0089482116564932,19.132575647532054,c_win
D+ vs. V-,Policy Rating,Absolute,-0.9,Mean,0.22466903136902636,0.07899303756978034,0.07651058363359195,0.38481703057759287,0.220516198343486,0.22270787579480142,1,0,0,1000,0.22466903136902638,0.07947582461452916,2.826885187523479,0.011151711476080906,0.057730330663698676,0.39160773207435406,18.05100356689785,c_win
D+ vs. V-,Policy Rating,Absolute,-0.7,Mean,0.372455278353246,0.07829151949293488,0.22994992199518433,0.5249455151508037,0.366994794345781,0.37035691777382246,1,0,0,1000,0.3724552783532461,0.08140721526963307,4.575212124866544,1.8340137047031111e-4,0.20264875643198865,0.5422618002745035,20.010943985568908,c_win
D+ vs. V-,Policy Rating,Absolute,-0.5,Mean,0.45261251546091763,0.03544516711320653,0.38273667390578714,0.5195779938674685,0.452338728766028,0.45258262036701824,1,0,0,1000,0.45261251546091724,0.03528513794152714,12.827284853213985,4.511688094522438e-23,0.38263209852622837,0.5225929323956061,102.91733909023257,c_win
D+ vs. V-,Policy Rating,Absolute,-0.3,Mean,0.5560504710034562,0.027190615653897906,0.5040239518285294,0.6134322584618627,0.5577667370411479,0.5570807716022649,1,0,0,1000,0.5560504710034563,0.027567914538411946,20.170204395718056,2.422043430419168e-47,0.5016384883456589,0.6104624536612536,173.35138520796443,c_win
D+ vs. V-,Policy Rating,Absolute,-0.1,Mean,0.689294348004755,0.016424104644662027,0.6570466013964029,0.7203518582175342,0.6881388872491119,0.6890635413763949,1,0,0,1000,0.689294348004757,0.01720378306261847,40.06644035767353,2.243466707828889e-126,0.655446847871527,0.723141848137987,318.2864343821932,c_win
D+ vs. V-,Policy Rating,Absolute,0.1,Mean,0.7054619794720988,0.01748218728234459,0.6704026182946917,0.7386399842781481,0.7042928571925751,0.7043710069495096,1,0,0,1000,0.7054619794720997,0.017193039063169872,41.031837180159,4.372619714221731e-130,0.6716373777922041,0.7392865811519952,322.6861315977226,c_win
D+ vs. V-,Policy Rating,Absolute,0.3,Mean,0.8418257033111295,0.020167027607020754,0.8005110347753835,0.8807493820520969,0.8421970308910605,0.8420150732051366,1,0,0,1000,0.8418257033111306,0.01980817365239957,42.49890565802625,1.1252342331932408e-86,0.8026932155722394,0.8809581910500218,153.17101653217543,c_win
D+ vs. V-,Policy Rating,Absolute,0.5,Mean,0.8607151200610121,0.023217669373973612,0.8154549284888614,0.9036119814156766,0.8613173944453696,0.8607561475425477,1,0,0,1000,0.8607151200610137,0.0228101917847022,37.733795848146165,5.784946940729114e-59,0.8154309093288102,0.9059993307932172,94.95860709745325,c_win
D+ vs. V-,Policy Rating,Absolute,0.7,Mean,0.9172379213331636,0.04383720166769839,0.8187504727828119,0.9893583918493636,0.9216506983695839,0.9158123244822871,1,0,0,1000,0.9172379213331638,0.04483472830684381,20.458201844242062,6.152262305774657e-17,0.824814117797566,1.0096617248687616,24.554865386549075,c_win
D+ vs. V-,Policy Rating,Absolute,0.9,Mean,0.9542262068425292,0.03634059373853244,0.868754096246519,1,0.9595595796122436,0.9531249264460129,1,0,0,1000,0.9542262068425291,0.03380284112855995,28.22917172001573,2.60257223282582e-10,0.8781040925507595,1.0303483211342988,9.275835469790191,c_win
D+ vs. V-,Policy Rating,Squared,-0.9,Mean,0.20789606495399285,0.07356444978618465,0.07769773082338603,0.3530503485516974,0.20253031823615297,0.207396640410897,1,0,0,1000,0.20789606495399282,0.0740323265952419,2.808179541494437,0.011555750959921295,0.05246711588305611,0.36332501402492956,18.17486814207891,c_win
D+ vs. V-,Policy Rating,Squared,-0.7,Mean,0.28421019946499715,0.07926717118554255,0.1366155804661562,0.4430019302139631,0.2792566519513086,0.2823427419126458,1,0,0,1000,0.28421019946499704,0.08107823388079677,3.5053822198797513,0.0021765239865319474,0.1152966019327083,0.4531237969972858,20.400564933081068,c_win
D+ vs. V-,Policy Rating,Squared,-0.5,Mean,0.4689097431019995,0.03417281423400934,0.40173700877813706,0.537213143518915,0.46808869995977764,0.4683087323043636,1,0,0,1000,0.46890974310199895,0.033148909651770024,14.145555556062188,1.126943808741724e-25,0.4031492964243576,0.5346701897796403,100.75646817591257,c_win
D+ vs. V-,Policy Rating,Squared,-0.3,Mean,0.5802848528077595,0.030007268407861082,0.5240697755515711,0.6375221540622078,0.5818204657105888,0.5810486260135362,1,0,0,1000,0.5802848528077594,0.02994853164555288,19.37607024195883,8.599781073017367e-44,0.5211387882784287,0.6394309173370901,159.76509939987676,c_win
D+ vs. V-,Policy Rating,Squared,-0.1,Mean,0.6858521010114383,0.01573089244112899,0.6551385002850606,0.7155627327210234,0.6858537784108947,0.685795185976139,1,0,0,1000,0.6858521010114392,0.016759302323679944,40.92366661602429,7.497626106416178e-133,0.6528861742653208,0.7188180277575577,337.2695515004744,c_win
D+ vs. V-,Policy Rating,Squared,0.1,Mean,0.7084321804365464,0.017200335114782108,0.6744826640291184,0.7429273178504228,0.707782641708146,0.7075331475920691,1,0,0,1000,0.7084321804365454,0.016739309667963696,42.32146931318015,1.2566365017082291e-136,0.6755050224991773,0.7413593383739135,335.69211278008163,c_win
D+ vs. V-,Policy Rating,Squared,0.3,Mean,0.8219458054781714,0.02279811883052871,0.7767662786006884,0.864555761880596,0.8227056054925094,0.8225311308773493,1,0,0,1000,0.821945805478173,0.02266536839444628,36.26439205283666,2.7810512376010468e-74,0.7771458998412826,0.8667457111150634,143.96070860508212,c_win
D+ vs. V-,Policy Rating,Squared,0.5,Mean,0.8647144199708828,0.02163143301226593,0.8198231854157563,0.9059423737360258,0.8657867573880157,0.8644671517101613,1,0,0,1000,0.8647144199708817,0.021665265956806262,39.91247657401718,2.1278330950185195e-61,0.8217067057286997,0.9077221342130637,95.56450623523097,c_win
D+ vs. V-,Policy Rating,Squared,0.7,Mean,0.9157502896722556,0.04800000365898243,0.802648115074894,0.9898496083248555,0.9214045299305494,0.9156061114598825,1,0,0,1000,0.9157502896722557,0.04841698373890535,18.913823599804438,7.906211171194015e-15,0.8151679868539118,1.0163325924905995,21.371001895340324,c_win
D+ vs. V-,Policy Rating,Squared,0.9,Mean,0.9437986305874579,0.042251171566422906,0.8475378592600704,1,0.9464358362167622,0.9405922891650453,1,0,0,1000,0.943798630587458,0.04014874441139538,23.50755034619664,1.5386296091304382e-10,0.8551038801322239,1.0324933810426922,10.676324539892816,c_win
D+ vs. V-,Spatial Distance,Absolute,-0.9,Mean,0.5841479636047592,0.16722560924907667,0.19845620902459885,0.8509214339599157,0.5798868674223983,0.5630726119539166,0.994,0,0,1000,0.5841479636047591,0.175997967594426,3.319060848196178,0.03279552720790732,0.0805811826256656,1.0877147445838524,3.718881935392567,c_win
D+ vs. V-,Spatial Distance,Absolute,-0.7,Mean,0.38154663786801873,0.07674865769972833,0.2446432861489821,0.5336799612281786,0.3812330033625819,0.3823834253091849,1,0,0,1000,0.3815466378680186,0.07520495458491128,5.073424217512527,3.89393907873644e-5,0.22596922174017056,0.5371240539958667,22.989012501028938,c_win
D+ vs. V-,Spatial Distance,Absolute,-0.5,Mean,0.5793213457129913,0.04168267421210567,0.49883174296887195,0.658912420825914,0.5779454872093166,0.5779891046426725,1,0,0,1000,0.5793213457129911,0.04200826156922502,13.790652697168458,4.471092245887003e-23,0.49575436750472696,0.6628883239212553,82.05483337360614,c_win
D+ vs. V-,Spatial Distance,Absolute,-0.3,Mean,0.633384047599149,0.027958277915553515,0.580012980214505,0.6903681910832242,0.6334642633204297,0.6345907352220648,1,0,0,1000,0.633384047599148,0.028630208255442914,22.122928410020727,5.096756006486863e-50,0.5768321793507144,0.6899359158475816,156.36235946275005,c_win
D+ vs. V-,Spatial Distance,Absolute,-0.1,Mean,0.6624625038439669,0.015848629043506878,0.6318240186875282,0.6953546672847699,0.6627834172294832,0.6624901616476141,1,0,0,1000,0.6624625038439667,0.015831198673826666,41.845378703963824,2.4746723142028578e-146,0.6313373870771246,0.6935876206108087,390.2178864880973,c_win
D+ vs. V-,Spatial Distance,Absolute,0.1,Mean,0.7128156822393051,0.0162375425139577,0.6811113142037041,0.7458516931796588,0.7118661084634919,0.7126928118526004,1,0,0,1000,0.7128156822393024,0.015607982275738433,45.66994436861495,8.285037518214727e-154,0.6821238061578239,0.7435075583207809,368.53963463051366,c_win
D+ vs. V-,Spatial Distance,Absolute,0.3,Mean,0.7813698315984858,0.02476230633333929,0.7322849826087375,0.824961218704211,0.7818966554811813,0.7814324382048815,1,0,0,1000,0.7813698315984849,0.025328646869257895,30.84925284922567,2.591065439262105e-66,0.7313170908046895,0.8314225723922803,147.91683014088602,c_win
D+ vs. V-,Spatial Distance,Absolute,0.5,Mean,0.7517607550283185,0.03899879716732462,0.6658351785109605,0.8234532754219354,0.7502047218982306,0.7496759448452336,1,0,0,1000,0.751760755028319,0.03969358226028676,18.939100787092528,2.387622606184612e-27,0.672401353327904,0.831120156728734,61.49122431065628,c_win
D+ vs. V-,Spatial Distance,Absolute,0.7,Mean,0.8222688526047355,0.04888556671915981,0.7232316485639151,0.9092916775290959,0.8216971776248743,0.8202476399255004,1,0,0,1000,0.8222688526047354,0.05104632500688191,16.10828698234162,1.6690450863397838e-17,0.7185390416280615,0.9259986635814093,34.07851339489794,c_win
D+ vs. V-,Spatial Distance,Absolute,0.9,Mean,0.9035253550282383,0.10552538827308805,0.6378330352353662,1,0.9163885480952594,0.8994700759852977,1,0,0,1000,0.9035253550282382,0.09803990438353258,9.215893882287386,0.001581461913075879,0.6117466577126376,1.1953040523438387,3.411039146549684,c_win
D+ vs. V-,Spatial Distance,Squared,-0.9,Mean,0.42934071455222855,0.2836346046894906,0,0.8431755901993525,0.40917585335046225,0.34465524952204063,0.6452905811623246,0,2,1000,0.4293407145522285,0.40657296818321603,1.0559991641125352,0.42752372626405155,-1.8997932828184336,2.7584747119228905,1.5547528336842327,c_win
D+ vs. V-,Spatial Distance,Squared,-0.7,Mean,0.5667347177213685,0.08753501971901492,0.3830701289981325,0.733840395148418,0.5668724085909594,0.5670040728880359,1,0,0,1000,0.5667347177213686,0.08625169852509036,6.570707909670987,4.6540412389488934e-6,0.38482207349583986,0.7486473619468974,17.077060174071484,c_win
D+ vs. V-,Spatial Distance,Squared,-0.5,Mean,0.4915297874841782,0.04072179344897777,0.41511775692744984,0.5703550256173225,0.4934418154351732,0.49337296039714995,1,0,0,1000,0.49152978748417836,0.03977997412915759,12.356211843886067,6.3801225441482156e-21,0.41247452323874945,0.5705850517296073,87.9261983904863,c_win
D+ vs. V-,Spatial Distance,Squared,-0.3,Mean,0.55876889688152,0.025216166362066108,0.5105183169399411,0.6076728346814906,0.5596591178699002,0.5587041306996908,1,0,0,1000,0.5587688968815203,0.025435133249710744,21.968388818559653,8.593549826564972e-55,0.5086077219943221,0.6089300717687185,196.31491823917025,c_win
D+ vs. V-,Spatial Distance,Squared,-0.1,Mean,0.6476084771243691,0.01839396224275966,0.6118326828848922,0.6836058548075525,0.6478082949478319,0.6474988375477314,1,0,0,1000,0.6476084771243685,0.018139587683711062,35.701389051191406,2.4673543644719817e-114,0.6119222485198785,0.6832947057288585,324.03371020565794,c_win
D+ vs. V-,Spatial Distance,Squared,0.1,Mean,0.7623478303082409,0.015636835204729686,0.7316093204151733,0.7911636098518054,0.7626438285750184,0.7621621422282856,1,0,0,1000,0.7623478303082393,0.015616722206434062,48.81612288615554,8.606162430992766e-149,0.7316213413047141,0.7930743193117644,314.4147667487909,c_win
D+ vs. V-,Spatial Distance,Squared,0.3,Mean,0.7745385558094229,0.020884625149017014,0.7310454131976047,0.8128130071782472,0.7733774049462101,0.7731156491938673,1,0,0,1000,0.7745385558094224,0.02037010781925768,38.02329190801739,2.3101316267661164e-92,0.7343656358281875,0.8147114757906574,195.85037439415558,c_win
D+ vs. V-,Spatial Distance,Squared,0.5,Mean,0.7945319048363144,0.03207252930147234,0.7293208707958301,0.8535806704676163,0.7961347779409235,0.7943568921039015,1,0,0,1000,0.7945319048363148,0.03293709083777642,24.12271043455499,2.638059541868313e-40,0.7290660735259595,0.85999773614667,87.01915712121976,c_win
D+ vs. V-,Spatial Distance,Squared,0.7,Mean,0.8857172386843882,0.05319395988548335,0.7719363232684617,0.9734454313853276,0.8912003367877508,0.88680114123021625,1,0,0,1000,0.8857172386843881,0.054875833957684736,16.1403877591614,2.488530166827616e-13,0.7716132309660566,0.9998212464027196,21.050100717968242,c_win
D+ vs. V-,Spatial Distance,Squared,0.9,Mean,0.806616193201425,0.13472491227808397,0.5070060268981209,1,0.8105149235745472,0.8039634146070912,1,0,0,1000,0.806616193201425,0.13551681174260027,5.952148540311783,0.0017325239819321932,0.4612161626230768,1.152016223779773,5.14626654904433,c_win
V- vs. D+,Party/Policy Bundle,Absolute,-0.9,Mean,0.06524557587041589,0.0337360710519861,0.012680089567469865,0.14248567752491215,0.06468302345519052,0.06756222559585877,0.99,0,0,1000,0.06524557587041588,0.033646895169548746,1.9391261969830935,0.06771302924510136,-0.005250606325543111,0.13574175806637487,18.715907424058244,c_win
V- vs. D+,Party/Policy Bundle,Absolute,-0.7,Mean,0.13461630357203294,0.045222707918937795,0.047851488691781144,0.22871266582583802,0.129413116435929,0.13128530543378855,0.999,0,0,1000,0.13461630357203294,0.046037922218877626,2.9240308225038483,0.006648551818822717,0.04044958536954932,0.22878302177451657,28.939189362671602,c_win
V- vs. D+,Party/Policy Bundle,Absolute,-0.5,Mean,0.13166101009642212,0.032050395221611475,0.07287698925455059,0.19810272250372596,0.13054872751245677,0.13133422783064477,1,0,0,1000,0.1316610100964221,0.03259882335938453,4.038827065778729,1.3534901319896804e-4,0.06664852445526313,0.19667349573758103,70.2345765136243,c_win
V- vs. D+,Party/Policy Bundle,Absolute,-0.3,Mean,0.19734979630803723,0.030341570846758495,0.1416072942037264,0.2590557534752892,0.1963059608276087,0.19810751799312937,1,0,0,1000,0.19734979630803715,0.030264302543252467,6.520877063860736,2.8021718600301438e-9,0.13731340609718098,0.25738618651889333,100.97849887108055,c_win
V- vs. D+,Party/Policy Bundle,Absolute,-0.1,Mean,0.299488404573329,0.019574127733999153,0.26251454238571814,0.3401262678648382,0.2997888981301235,0.30037130127943545,1,0,0,1000,0.2994884045733284,0.019148351704621393,15.64042739517093,8.89857279274288e-40,0.26179067657025235,0.3371861325764045,272.1431785139717,c_win
V- vs. D+,Party/Policy Bundle,Absolute,0.1,Mean,0.2952583201284951,0.018363843157955063,0.26018362269772166,0.33131267957165955,0.295517251311036,0.29582003637551507,1,0,0,1000,0.29525832012849484,0.01875629440555029,15.741825850266197,9.277817047172622e-41,0.25834223222551184,0.33217440803147785,289.31954453195175,c_win
V- vs. D+,Party/Policy Bundle,Absolute,0.3,Mean,0.42492528986154193,0.038138524258613624,0.35089548912464247,0.4984146583379282,0.42337174393475485,0.42428448082282527,1,0,0,1000,0.42492528986154193,0.03646319157680045,11.653540775950585,3.6347878302223255e-20,0.3525588864279873,0.4972916932950966,97.31287277697331,c_win
V- vs. D+,Party/Policy Bundle,Absolute,0.5,Mean,0.47571113894996087,0.046604503126199126,0.38610842873515705,0.5765304008859157,0.4778399138602497,0.4781024314640179,1,0,0,1000,0.4757111389499608,0.04721997004570627,10.074363420593007,7.599134324631008e-15,0.3813841848127882,0.5700380930871334,64.20428711967087,c_win
V- vs. D+,Party/Policy Bundle,Absolute,0.7,Mean,0.5840288489840336,0.06302637529423398,0.45639871492067885,0.7047541749023949,0.5864277216325118,0.5837981049581401,1,0,0,1000,0.5840288489840335,0.06130756055083225,9.526212488911456,7.227998484782424e-12,0.46014476173849245,0.7079129362295746,40.241031762268015,c_win
V- vs. D+,Party/Policy Bundle,Absolute,0.9,Mean,0.7507626663254116,0.0738248406840785,0.6025166618613966,0.8867963919637464,0.7504249196475188,0.7496507333065833,1,0,0,1000,0.7507626663254113,0.07540895595286126,9.955881988270983,5.408475554839962e-10,0.5951188413670859,0.9064064912837367,23.978488069250663,c_win
V- vs. D+,Party/Policy Bundle,Squared,-0.9,Mean,0.05918119883266413,0.025962825940995513,0.018817678093519096,0.11902045923574495,0.058607593717162655,0.06081390304995153,0.998,0,0,1000,0.05918119883266411,0.025232694594547113,2.3454173160504785,0.026484385174472734,0.007444542696251291,0.11091785496907693,27.413964628144765,c_win
V- vs. D+,Party/Policy Bundle,Squared,-0.7,Mean,0.12445517551811863,0.04344025453386131,0.04889458695026016,0.21566812026738696,0.12317179700623493,0.12407907457848334,0.999,0,0,1000,0.12445517551811863,0.04421089864552659,2.815033833986802,0.009126562725954825,0.033623139636941565,0.21528721139929569,26.265980659427154,c_win
V- vs. D+,Party/Policy Bundle,Squared,-0.5,Mean,0.23709917141909317,0.045183544937440284,0.15192685048314872,0.31823415892073,0.23630287358032587,0.235822678673228,1,0,0,1000,0.2370991714190932,0.0453844654613371,5.2242362889803635,3.5315757957871475e-6,0.1459066745014283,0.3282916683367581,49.23481149630709,c_win
V- vs. D+,Party/Policy Bundle,Squared,-0.3,Mean,0.17578041417294574,0.028239085197044753,0.12304187932466834,0.23505674199245577,0.17441897657889072,0.1763365079852341,1,0,0,1000,0.17578041417294574,0.02927477653023672,6.00450063184562,4.0564796266954736e-8,0.11761497249079883,0.23394585585509264,89.32496611789591,c_win
V- vs. D+,Party/Policy Bundle,Squared,-0.1,Mean,0.288623503733692,0.019097000980074056,0.25444170029099383,0.3289956614535305,0.2887102840419973,0.28925323915996837,1,0,0,1000,0.2886235037336923,0.01866118498762746,15.466515332496428,1.3470399075059425e-39,0.2518922527790853,0.3253547546882993,284.9658986397643,c_win
V- vs. D+,Party/Policy Bundle,Squared,0.1,Mean,0.31973192752392293,0.01831777560822741,0.2831325148901481,0.35435427473068987,0.3192254834397294,0.3198960695814299,1,0,0,1000,0.3197319275239226,0.018636757156399578,17.15598506975939,1.6982761781879446e-46,0.2830571772417954,0.3564066778060498,301.17646726566045,c_win
V- vs. D+,Party/Policy Bundle,Squared,0.3,Mean,0.33141793878775844,0.036910359900685516,0.25977290660856833,0.40257112260940037,0.33266901314980685,0.33340912562339164,1,0,0,1000,0.3314179387877586,0.03697710628160478,8.962787305847971,1.0019468395163571e-13,0.2578363269093295,0.4049995506661877,80.36817281402998,c_win
V- vs. D+,Party/Policy Bundle,Squared,0.5,Mean,0.47663463221458174,0.05420186053259611,0.372343660239407,0.5792372690437954,0.4768573805593225,0.47597477776218977,1,0,0,1000,0.47663463221458163,0.05319089452696247,8.960831293652628,3.927954565955291e-12,0.3699038604985294,0.5833654039306339,52.09364489351688,c_win
V- vs. D+,Party/Policy Bundle,Squared,0.7,Mean,0.6065146731944893,0.05975021076643135,0.4865276302372717,0.7198324405325426,0.6086776260340991,0.6086155564794047,1,0,0,1000,0.606514673194489,0.059229868487772015,10.24001384233537,7.383698490688906e-13,0.48689315873860334,0.7261361876503747,40.95075764578326,c_win
V- vs. D+,Party/Policy Bundle,Squared,0.9,Mean,0.6906798549701283,0.0638095479465998,0.5568258901894377,0.8133804858416455,0.6902717812542501,0.6895626289686694,1,0,0,1000,0.690679854970128,0.06344878008072737,10.885628598238766,1.786172744586522e-12,0.5616068420101155,0.8197528679301405,33.09787973881197,c_win
V- vs. D+,Policy Rank,Absolute,-0.9,Mean,0.11999563228618015,0.05770893464007278,0.01729951443768423,0.2455927927471459,0.11504994673946653,0.11870618477768938,0.984,0,0,1000,0.1199956322861801,0.058255427806975624,2.05981891822639,0.05072005887288167,-4.083330515007727e-4,0.24039959762386098,23.373859487518317,c_win
V- vs. D+,Policy Rank,Absolute,-0.7,Mean,0.13277827588211336,0.03175357536477207,0.07644280784421183,0.20116867679846526,0.13181371127572994,0.13421786180830114,1,0,0,1000,0.13277827588211336,0.03104735236285449,4.276637644663422,6.939068329490084e-5,0.07066978152138917,0.19488677024283754,59.787373562818246,c_win
V- vs. D+,Policy Rank,Absolute,-0.5,Mean,0.1940054326867348,0.02667508999338644,0.14804240367138033,0.2511537846780179,0.19457775804626187,0.19621903294637208,1,0,0,1000,0.1940054326867348,0.02695100772575101,7.198448186461224,8.282370746038688e-11,0.14058820358653726,0.24742266178693237,108.7808248682444,c_win
V- vs. D+,Policy Rank,Absolute,-0.3,Mean,0.22509722112078545,0.023572902120621214,0.17971394103557767,0.2724407715941229,0.22476975622150958,0.22513193602328618,1,0,0,1000,0.22509722112078553,0.02326950241641884,9.673486656163224,3.4301715028600383e-17,0.17908354265060883,0.27111089959096224,137.0541208872383,c_win
V- vs. D+,Policy Rank,Absolute,-0.1,Mean,0.27962714205669265,0.018288367834644104,0.24616465811670213,0.3173813465388041,0.28086534752133796,0.28075908114758463,1,0,0,1000,0.2796271420566928,0.017780717165889984,15.726426524185507,2.4262666297849466e-41,0.24464042705522723,0.3146138570581584,308.7407471836518,c_win
V- vs. D+,Policy Rank,Absolute,0.1,Mean,0.3046429322527042,0.017833442041904735,0.2695402146976501,0.34001314762924234,0.3043524049380899,0.30438026330725865,1,0,0,1000,0.3046429322527045,0.018074847939283337,16.854522553996297,2.450516901694091e-45,0.26907370934777075,0.34021215515763825,300.67785059772496,c_win
V- vs. D+,Policy Rank,Absolute,0.3,Mean,0.41564661244709755,0.02749641688562265,0.3584870616824374,0.469775569831822,0.41361624565973754,0.4139574934547221,1,0,0,1000,0.41564661244709783,0.026745614041021857,15.540739195951451,5.211226676600982e-34,0.3628346522647145,0.46845857262948115,163.24293894834446,c_win
V- vs. D+,Policy Rank,Absolute,0.5,Mean,0.4907761249463578,0.03315734603648428,0.42662517979002335,0.5570977395523266,0.49106653180922927,0.4911817698600129,1,0,0,1000,0.4907761249463575,0.03430158104321998,14.30768232892763,3.344773409832164e-27,0.4228243757596718,0.5587278741330431,113.9091495961884,c_win
V- vs. D+,Policy Rank,Absolute,0.7,Mean,0.5200782266146035,0.04941586839473285,0.4183407311745357,0.6132039298034403,0.5230508039908839,0.520318125851484,1,0,0,1000,0.5200782266146035,0.04896346887745452,10.621760233455928,1.974665782081019e-15,0.4221445349763189,0.618011918252888,60.2340986683389,c_win
V- vs. D+,Policy Rank,Absolute,0.9,Mean,0.5466678493370731,0.07100947546341141,0.40564788987057315,0.6766297499679875,0.5487456404028878,0.548495442413267,1,0,0,1000,0.5466678493370731,0.07288343614665281,7.500577336078013,4.841621127287066e-8,0.3970553024498731,0.6962803962242732,26.739916529528006,c_win
V- vs. D+,Policy Rank,Squared,-0.9,Mean,0.11608746926634889,0.0595019446448424,0.017848468581404563,0.25209934962173375,0.10843597184776525,0.11575098649552536,0.991,0,0,1000,0.11608746926634887,0.05976726520179254,1.9423252657521157,0.0669650787116673,-0.00894821165649283,0.24112315018919056,19.132575647532054,c_win
V- vs. D+,Policy Rank,Squared,-0.7,Mean,0.17958649731947823,0.0342327892979399,0.11660379557948228,0.24993124268663597,0.18125998612774707,0.18137868507788055,1,0,0,1000,0.1795864973194783,0.03349828036237882,5.361066161508634,9.26106379158625e-7,0.11282537956870418,0.24634761507025238,73.05577836115376,c_win
V- vs. D+,Policy Rank,Squared,-0.5,Mean,0.19523355844631574,0.023597879300243096,0.1526107848779469,0.24309721929133515,0.19677029026744092,0.19654873944178775,1,0,0,1000,0.19523355844631574,0.02366170457297716,8.25103524744714,1.7202626357896117e-13,0.1484111577968495,0.24205595909578198,126.95562432054808,c_win
V- vs. D+,Policy Rank,Squared,-0.3,Mean,0.2565460746542747,0.02140121452579456,0.21541858286931204,0.29872571622939925,0.2559632052880316,0.2564769167129633,1,0,0,1000,0.2565460746542745,0.02121932864469115,12.090206949995073,1.9466657306581697e-25,0.2146954435326441,0.2983967057759049,193.67693289258705,c_win
V- vs. D+,Policy Rank,Squared,-0.1,Mean,0.275987750952254,0.02075508569870422,0.23717349623693929,0.318907734260697,0.27627664399369195,0.2770578878237462,1,0,0,1000,0.2759877509522539,0.020591863569364315,13.402757357175608,6.097972651238558e-31,0.23542355843065896,0.31655194347384885,239.61630924097187,c_win
V- vs. D+,Policy Rank,Squared,0.1,Mean,0.2866562958390369,0.02049857529265407,0.24816953925380555,0.32619870001137585,0.2850514932657018,0.2862502560516066,1,0,0,1000,0.2866562958390372,0.020729177079874043,13.828638480654003,4.34048754349737e-32,0.24581381883053927,0.3274987728475351,230.93992580259084,c_win
V- vs. D+,Policy Rank,Squared,0.3,Mean,0.37079815449938036,0.02416074911807683,0.3233307620645455,0.4176296283500972,0.3714655695180833,0.3706096378311777,1,0,0,1000,0.37079815449938053,0.023952010607840916,15.480878017730848,8.661856981593655e-37,0.3235865826948138,0.4180097263039473,214.40403417030095,c_win
V- vs. D+,Policy Rank,Squared,0.5,Mean,0.47919326791622663,0.02995121194460663,0.4223496036807307,0.5396976793447239,0.48007432797841054,0.47912246185504,1,0,0,1000,0.4791932679162269,0.029666497058558606,16.152674411486764,1.710814862941998e-34,0.4205693356472867,0.5378172001851671,148.21466309760996,c_win
V- vs. D+,Policy Rank,Squared,0.7,Mean,0.49372832272631045,0.043541131654575155,0.4068976896580114,0.5788858405137066,0.4929284233670245,0.49260262790203313,1,0,0,1000,0.4937283227263103,0.04387769568939485,11.252375836264424,1.4796500293894287e-17,0.40626752923530407,0.5811891162173165,72.377532244019,c_win
V- vs. D+,Policy Rank,Squared,0.9,Mean,0.6337688474960061,0.08182424872849153,0.4728831636648249,0.7861651757398359,0.6389540058878078,0.6366739860319698,1,0,0,1000,0.6337688474960063,0.08363011041136584,7.578237603401194,1.608823250375216e-7,0.4601506832243109,0.8073870117677016,21.613642441154358,c_win
V- vs. D+,Policy Rating,Absolute,-0.9,Mean,0.045773793157470814,0.03634059373853244,0,0.13124590375348105,0.04044042038775641,0.04687507355398718,0.846,0,0,1000,0.04577379315747081,0.03380284112855995,1.354140410369134,0.20775851855209512,-0.030348321134298847,0.12189590744924046,9.275835469790191,c_win
V- vs. D+,Policy Rating,Absolute,-0.7,Mean,0.08276207866683637,0.043837201667698396,0.010641608150636448,0.1812495272171881,0.07834930163041606,0.08418767551771286,0.984,0,0,1000,0.08276207866683637,0.044834728306843825,1.8459368840248576,0.07699208220891728,-0.009661724868761518,0.17518588220243425,24.554865386549075,c_win
V- vs. D+,Policy Rating,Absolute,-0.5,Mean,0.13928487993898786,0.023217669373973612,0.0963880185843234,0.18454507151113844,0.13868260555463036,0.1392438524574523,1,0,0,1000,0.13928487993898792,0.02281019178470222,6.106256416151664,2.2209427589503542e-8,0.09400066920678438,0.18456909067119145,94.95860709745325,c_win
V- vs. D+,Policy Rating,Absolute,-0.3,Mean,0.15817429668887045,0.020167027607020757,0.11925061794790305,0.19948896522461645,0.15780296910893943,0.1579849267948634,1,0,0,1000,0.1581742966888704,0.019808173652399584,7.985304423545832,3.102647109936339e-13,0.11904180894997918,0.19730678442776162,153.17101653217543,c_win
V- vs. D+,Policy Rating,Absolute,-0.1,Mean,0.2945380205279013,0.017482187282344585,0.26136001572185186,0.3295973817053083,0.29570714280742494,0.29562899305049045,1,0,0,1000,0.2945380205279006,0.017193039063169872,17.131236626969937,3.039511239272598e-47,0.2607134188480051,0.32836262220779616,322.6861315977226,c_win
V- vs. D+,Policy Rating,Absolute,0.1,Mean,0.310705651995245,0.016424104644662024,0.27964814178246566,0.34295339860359714,0.31186111275088824,0.3109364586236051,1,0,0,1000,0.3107056519952452,0.01720378306261847,18.060309808856356,1.0931093751677126e-50,0.2768581518620151,0.34455315212847526,318.2864343821932,c_win
V- vs. D+,Policy Rating,Absolute,0.3,Mean,0.44394952899654383,0.02719061565389791,0.38656774153813733,0.49597604817147056,0.44223326295885224,0.4429192283977351,1,0,0,1000,0.44394952899654366,0.027567914538411942,16.10384885581256,2.88332131436582e-36,0.3895375463387463,0.498361511654341,173.35138520796443,c_win
V- vs. D+,Policy Rating,Absolute,0.5,Mean,0.5473874845390824,0.03544516711320653,0.48042200613253144,0.6172633260942129,0.5476612712339721,0.5474173796329818,1,0,0,1000,0.5473874845390818,0.03528513794152715,15.513259022713367,1.0706694584084377e-28,0.4774070676043929,0.6173679014737707,102.91733909023257,c_win
V- vs. D+,Policy Rating,Absolute,0.7,Mean,0.627544721646754,0.07829151949293488,0.4750544848491963,0.7700500780048157,0.633005205654219,0.6296430822261775,1,0,0,1000,0.6275447216467539,0.08140721526963307,7.708711317150825,2.0499796843410596e-7,0.45773819972549645,0.7973512435680113,20.010943985568908,c_win
V- vs. D+,Policy Rating,Absolute,0.9,Mean,0.7753309686309737,0.07899303756978034,0.615182969422407,0.9234894163664081,0.779483801656514,0.7772921242051986,1,0,0,1000,0.7753309686309735,0.07947582461452915,9.755557396119594,1.271066548841083e-8,0.6083922679256458,0.9422696693363012,18.05100356689785,c_win
V- vs. D+,Policy Rating,Squared,-0.9,Mean,0.05620136941254199,0.0422511715664229,0,0.15246214073992967,0.053564163783237834,0.059407710834954615,0.882,0,0,1000,0.056201369412541995,0.04014874441139539,1.3998288174758062,0.1899457871883151,-0.032493381042692206,0.1448961198677762,10.676324539892816,c_win
V- vs. D+,Policy Rating,Squared,-0.7,Mean,0.0842497103277444,0.04800000365898243,0.010150391675144704,0.197351884925106,0.07859547006945058,0.08439388854011758,0.98,0,0,1000,0.08424971032774442,0.04841698373890535,1.740085891803412,0.09622658850433816,-0.016332592490599485,0.18483201314608833,21.371001895340324,c_win
V- vs. D+,Policy Rating,Squared,-0.5,Mean,0.1352855800291172,0.02163143301226593,0.09405762626397424,0.1801768145842437,0.1342132426119844,0.13553284828983872,1,0,0,1000,0.13528558002911723,0.021665265956806266,6.2443535333853815,1.1708188717693549e-8,0.09227786578693523,0.17829329427129922,95.56450623523097,c_win
V- vs. D+,Policy Rating,Squared,-0.3,Mean,0.17805419452182855,0.022798118830528707,0.13544423811940398,0.22323372139931172,0.17729439450749057,0.1774688691226507,1,0,0,1000,0.17805419452182875,0.022665368394446272,7.8557820646523275,8.403647635992711e-13,0.13325428888493837,0.22285410015871912,143.96070860508212,c_win
V- vs. D+,Policy Rating,Squared,-0.1,Mean,0.2915678195634536,0.017200335114782105,0.2570726821495773,0.32551733597088156,0.292217358291854,0.2924668524079309,1,0,0,1000,0.2915678195634535,0.0167393096679637,17.4181507688735,7.352294050439701e-49,0.2586406616260854,0.3244949775008216,335.69211278008163,c_win
V- vs. D+,Policy Rating,Squared,0.1,Mean,0.31414789898856166,0.01573089244112899,0.28443726727897656,0.3448614997149396,0.3141462215891053,0.314204814023861,1,0,0,1000,0.31414789898856194,0.016759302323679955,18.744688348075716,3.191187169589017e-54,0.2811819722424435,0.34711382573468036,337.2695515004744,c_win
V- vs. D+,Policy Rating,Squared,0.3,Mean,0.41971514719224035,0.030007268407861082,0.362477845937792,0.4759302244484288,0.41817953428941135,0.41895137398646376,1,0,0,1000,0.4197151471922402,0.02994853164555287,14.014548431277255,1.297815660088898e-29,0.36056908266290955,0.4788612117215708,159.76509939987676,c_win
V- vs. D+,Policy Rating,Squared,0.5,Mean,0.5310902568980005,0.03417281423400934,0.46278685648108503,0.598262991221863,0.5319113000402224,0.5316912676956365,1,0,0,1000,0.5310902568979998,0.03314890965177004,16.021349192993483,1.8406263060779023e-29,0.46532981022035846,0.5968507035756412,100.75646817591257,c_win
V- vs. D+,Policy Rating,Squared,0.7,Mean,0.7157898005350029,0.07926717118554255,0.5569980697860369,0.8633844195338439,0.7207433480486914,0.7176572580873543,1,0,0,1000,0.7157898005350029,0.08107823388079677,8.828384219461105,2.087397958642616e-8,0.5468762030027141,0.8847033980672916,20.400564933081068,c_win
V- vs. D+,Policy Rating,Squared,0.9,Mean,0.7921039350460072,0.07356444978618465,0.6469496514483025,0.922302269176614,0.797469681763847,0.792603359589103,1,0,0,1000,0.792103935046007,0.0740323265952419,10.699433227010264,2.8196151858878495e-9,0.6366749859750702,0.9475328841169437,18.17486814207891,c_win
V- vs. D+,Spatial Distance,Absolute,-0.9,Mean,0.09647464497176166,0.10552538827308805,0,0.3621669647646338,0.08361145190474073,0.1005299240147023,0.641,0,0,1000,0.09647464497176161,0.09803990438353256,0.984034466153214,0.3896435478933352,-0.19530405234383896,0.3882533422873622,3.411039146549684,c_win
V- vs. D+,Spatial Distance,Absolute,-0.7,Mean,0.17773114739526438,0.048885566719159806,0.09070832247090412,0.2767683514360848,0.17830282237512568,0.17975236007449955,1,0,0,1000,0.17773114739526438,0.051046325006881915,3.481761857906582,0.0013860904457495783,0.07400133641859054,0.28146095837193824,34.07851339489794,c_win
V- vs. D+,Spatial Distance,Absolute,-0.5,Mean,0.24823924497168146,0.03899879716732462,0.17654672457806464,0.3341648214890395,0.24979527810176938,0.25032405515476636,1,0,0,1000,0.2482392449716816,0.03969358226028677,6.253888685175279,4.2411929128012735e-8,0.16887984327126662,0.3275986466720966,61.49122431065628,c_win
V- vs. D+,Spatial Distance,Absolute,-0.3,Mean,0.21863016840151414,0.02476230633333929,0.1750387812957891,0.2677150173912623,0.21810334451881863,0.2185675617951185,1,0,0,1000,0.2186301684015142,0.025328646869257905,8.631735028327622,8.818373345477787e-15,0.16857742760771874,0.2686829091953096,147.91683014088602,c_win
V- vs. D+,Spatial Distance,Absolute,-0.1,Mean,0.2871843177606949,0.016237542513957696,0.2541483068203411,0.3188886857962961,0.28813389153650815,0.28730718814739964,1,0,0,1000,0.2871843177606948,0.015607982275738425,18.39983623040781,4.266248332666657e-54,0.2564924416792163,0.3178761938421733,368.53963463051366,c_win
V- vs. D+,Spatial Distance,Absolute,0.1,Mean,0.3375374961560331,0.01584862904350688,0.30464533271523003,0.36817598131247176,0.33721658277051675,0.3375098383523859,1,0,0,1000,0.3375374961560325,0.015831198673826673,21.3210321663182,1.9522881893163798e-67,0.30641237938919047,0.36866261292287456,390.2178864880973,c_win
V- vs. D+,Spatial Distance,Absolute,0.3,Mean,0.36661595240085093,0.02795827791555352,0.30963180891677566,0.41998701978549485,0.3665357366795704,0.36540926477793523,1,0,0,1000,0.36661595240085054,0.02863020825544291,12.805214308252644,3.941516094212027e-26,0.31006408415241693,0.42316782064928415,156.36235946275005,c_win
V- vs. D+,Spatial Distance,Absolute,0.5,Mean,0.4206786542870086,0.04168267421210567,0.3410875791740862,0.501168257031128,0.42205451279068346,0.42201089535732744,1,0,0,1000,0.42067865428700857,0.04200826156922502,10.014188604157688,6.949871160018623e-16,0.3371116760787444,0.5042456324952727,82.05483337360614,c_win
V- vs. D+,Spatial Distance,Absolute,0.7,Mean,0.6184533621319812,0.07674865769972833,0.46632003877182127,0.7553567138510179,0.6187669966374181,0.6176165746908151,1,0,0,1000,0.6184533621319813,0.07520495458491128,8.223572044494851,2.6739792186263402e-8,0.4628759460041333,0.7740307782598294,22.989012501028938,c_win
V- vs. D+,Spatial Distance,Absolute,0.9,Mean,0.4158520363952409,0.16722560924907667,0.14907856604008424,0.8015437909754013,0.4201131325776018,0.4369273880460835,0.998,0,0,1000,0.4158520363952408,0.17599796759442599,2.3628229466464092,0.08233926014539235,-0.08771474458385264,0.9194188173743343,3.718881935392567,c_win
V- vs. D+,Spatial Distance,Squared,-0.9,Mean,0.19338380679857503,0.13472491227808397,0,0.4929939731018791,0.18948507642545276,0.19603658539290886,0.861,0,0,1000,0.19338380679857506,0.13551681174260027,1.4270097142329985,0.21132677031125402,-0.1520162237797731,0.5387838373769233,5.14626654904433,c_win
V- vs. D+,Spatial Distance,Squared,-0.7,Mean,0.11428276131561177,0.05319395988548335,0.026554568614672425,0.22806367673153805,0.10879966321224918,0.11319885876978378,0.998,0,0,1000,0.11428276131561174,0.05487583395768472,2.0825699232878403,0.04967346272678221,1.7875359728024287e-4,0.22838676903394323,21.050100717968242,c_win
V- vs. D+,Spatial Distance,Squared,-0.5,Mean,0.20546809516368558,0.03207252930147234,0.14641932953238365,0.27067912920416987,0.20386522205907653,0.20564310789609846,1,0,0,1000,0.20546809516368578,0.032937090837776406,6.238198029560919,1.5525150855207057e-8,0.14000226385333064,0.2709339264740409,87.01915712121976,c_win
V- vs. D+,Spatial Distance,Squared,-0.3,Mean,0.22546144419057715,0.020884625149017014,0.18718699282175277,0.2689545868023953,0.22662259505378984,0.22688435080613262,1,0,0,1000,0.22546144419057718,0.02037010781925768,11.068249917530055,1.9869517705303418e-22,0.18528852420934225,0.2656343641718121,195.85037439415558,c_win
V- vs. D+,Spatial Distance,Squared,-0.1,Mean,0.23765216969175904,0.01563683520472969,0.20883639014819447,0.26839067958482665,0.23735617142498155,0.2378378577717144,1,0,0,1000,0.2376521696917593,0.015616722206434069,15.217800928407815,1.4345693303662914e-39,0.2069256806882341,0.2683786586952845,314.4147667487909,c_win
V- vs. D+,Spatial Distance,Squared,0.1,Mean,0.3523915228756311,0.018393962242759656,0.31639414519244763,0.3881673171151078,0.3521917050521682,0.3525011624522686,1,0,0,1000,0.3523915228756315,0.01813958768371106,19.426655612027563,2.7567511747626456e-56,0.3167052942711416,0.38807775148012147,324.03371020565794,c_win
V- vs. D+,Spatial Distance,Squared,0.3,Mean,0.44123110311848,0.025216166362066104,0.39232716531850925,0.4894816830600589,0.4403408821300998,0.4412958693003091,1,0,0,1000,0.4412311031184806,0.025435133249710747,17.347308495956018,1.756296725993544e-41,0.39106992823128245,0.4913922780056788,196.31491823917025,c_win
V- vs. D+,Spatial Distance,Squared,0.5,Mean,0.5084702125158218,0.04072179344897777,0.42964497438267757,0.5848822430725501,0.5065581845648268,0.50662703960285,1,0,0,1000,0.5084702125158217,0.03977997412915759,12.78206493711939,9.302285618833313e-22,0.4294149482703927,0.5875254767612507,87.9261983904863,c_win
V- vs. D+,Spatial Distance,Squared,0.7,Mean,0.43326528227863137,0.08753501971901492,0.2661596048515821,0.6169298710018676,0.4331275914090405,0.43299592711196416,1,0,0,1000,0.43326528227863137,0.08625169852509036,5.023266668222143,1.0299479848138027e-4,0.2513526380531026,0.6151779265041601,17.077060174071484,c_win
V- vs. D+,Spatial Distance,Squared,0.9,Mean,0.5706592854477716,0.2836346046894906,0.15682440980064677,1,0.5908241466495379,0.6553447504779594,0.9959919839679359,0,2,1000,0.5706592854477716,0.40657296818321603,1.403583932295795,0.32705091726031854,-1.7584747119228905,2.899793282818434,1.5547528336842327,c_win
D+ vs. D+,Party/Policy Bundle,Absolute,-0.9,DIM,0,0,0,0,0,0,0,0,0,1000,NA,NA,NA,NA,NA,NA,NA,NA
D+ vs. D+,Party/Policy Bundle,Absolute,-0.7,DIM,0,0,0,0,0,0,0,0,0,1000,NA,NA,NA,NA,NA,NA,NA,NA
D+ vs. D+,Party/Policy Bundle,Absolute,-0.5,DIM,0,0,0,0,0,0,0,0,0,1000,NA,NA,NA,NA,NA,NA,NA,NA
D+ vs. D+,Party/Policy Bundle,Absolute,-0.3,DIM,0,0,0,0,0,0,0,0,0,1000,NA,NA,NA,NA,NA,NA,NA,NA
D+ vs. D+,Party/Policy Bundle,Absolute,-0.1,DIM,0,0,0,0,0,0,0,0,0,1000,NA,NA,NA,NA,NA,NA,NA,NA
D+ vs. D+,Party/Policy Bundle,Absolute,0.1,DIM,0,0,0,0,0,0,0,0,0,1000,NA,NA,NA,NA,NA,NA,NA,NA
D+ vs. D+,Party/Policy Bundle,Absolute,0.3,DIM,0,0,0,0,0,0,0,0,0,1000,NA,NA,NA,NA,NA,NA,NA,NA
D+ vs. D+,Party/Policy Bundle,Absolute,0.5,DIM,0,0,0,0,0,0,0,0,0,1000,NA,NA,NA,NA,NA,NA,NA,NA
D+ vs. D+,Party/Policy Bundle,Absolute,0.7,DIM,0,0,0,0,0,0,0,0,0,1000,NA,NA,NA,NA,NA,NA,NA,NA
D+ vs. D+,Party/Policy Bundle,Absolute,0.9,DIM,0,0,0,0,0,0,0,0,0,1000,NA,NA,NA,NA,NA,NA,NA,NA
D+ vs. D+,Party/Policy Bundle,Squared,-0.9,DIM,0,0,0,0,0,0,0,0,0,1000,NA,NA,NA,NA,NA,NA,NA,NA
D+ vs. D+,Party/Policy Bundle,Squared,-0.7,DIM,0,0,0,0,0,0,0,0,0,1000,NA,NA,NA,NA,NA,NA,NA,NA
D+ vs. D+,Party/Policy Bundle,Squared,-0.5,DIM,0,0,0,0,0,0,0,0,0,1000,NA,NA,NA,NA,NA,NA,NA,NA
D+ vs. D+,Party/Policy Bundle,Squared,-0.3,DIM,0,0,0,0,0,0,0,0,0,1000,NA,NA,NA,NA,NA,NA,NA,NA
D+ vs. D+,Party/Policy Bundle,Squared,-0.1,DIM,0,0,0,0,0,0,0,0,0,1000,NA,NA,NA,NA,NA,NA,NA,NA
D+ vs. D+,Party/Policy Bundle,Squared,0.1,DIM,0,0,0,0,0,0,0,0,0,1000,NA,NA,NA,NA,NA,NA,NA,NA
D+ vs. D+,Party/Policy Bundle,Squared,0.3,DIM,0,0,0,0,0,0,0,0,0,1000,NA,NA,NA,NA,NA,NA,NA,NA
D+ vs. D+,Party/Policy Bundle,Squared,0.5,DIM,0,0,0,0,0,0,0,0,0,1000,NA,NA,NA,NA,NA,NA,NA,NA
D+ vs. D+,Party/Policy Bundle,Squared,0.7,DIM,0,0,0,0,0,0,0,0,0,1000,NA,NA,NA,NA,NA,NA,NA,NA
D+ vs. D+,Party/Policy Bundle,Squared,0.9,DIM,0,0,0,0,0,0,0,0,0,1000,NA,NA,NA,NA,NA,NA,NA,NA
D+ vs. D+,Policy Rank,Absolute,-0.9,DIM,0,0,0,0,0,0,0,0,0,1000,NA,NA,NA,NA,NA,NA,NA,NA
D+ vs. D+,Policy Rank,Absolute,-0.7,DIM,0,0,0,0,0,0,0,0,0,1000,NA,NA,NA,NA,NA,NA,NA,NA
D+ vs. D+,Policy Rank,Absolute,-0.5,DIM,0,0,0,0,0,0,0,0,0,1000,NA,NA,NA,NA,NA,NA,NA,NA
D+ vs. D+,Policy Rank,Absolute,-0.3,DIM,0,0,0,0,0,0,0,0,0,1000,NA,NA,NA,NA,NA,NA,NA,NA
D+ vs. D+,Policy Rank,Absolute,-0.1,DIM,0,0,0,0,0,0,0,0,0,1000,NA,NA,NA,NA,NA,NA,NA,NA
D+ vs. D+,Policy Rank,Absolute,0.1,DIM,0,0,0,0,0,0,0,0,0,1000,NA,NA,NA,NA,NA,NA,NA,NA
D+ vs. D+,Policy Rank,Absolute,0.3,DIM,0,0,0,0,0,0,0,0,0,1000,NA,NA,NA,NA,NA,NA,NA,NA
D+ vs. D+,Policy Rank,Absolute,0.5,DIM,0,0,0,0,0,0,0,0,0,1000,NA,NA,NA,NA,NA,NA,NA,NA
D+ vs. D+,Policy Rank,Absolute,0.7,DIM,0,0,0,0,0,0,0,0,0,1000,NA,NA,NA,NA,NA,NA,NA,NA
D+ vs. D+,Policy Rank,Absolute,0.9,DIM,0,0,0,0,0,0,0,0,0,1000,NA,NA,NA,NA,NA,NA,NA,NA
D+ vs. D+,Policy Rank,Squared,-0.9,DIM,0,0,0,0,0,0,0,0,0,1000,NA,NA,NA,NA,NA,NA,NA,NA
D+ vs. D+,Policy Rank,Squared,-0.7,DIM,0,0,0,0,0,0,0,0,0,1000,NA,NA,NA,NA,NA,NA,NA,NA
D+ vs. D+,Policy Rank,Squared,-0.5,DIM,0,0,0,0,0,0,0,0,0,1000,NA,NA,NA,NA,NA,NA,NA,NA
D+ vs. D+,Policy Rank,Squared,-0.3,DIM,0,0,0,0,0,0,0,0,0,1000,NA,NA,NA,NA,NA,NA,NA,NA
D+ vs. D+,Policy Rank,Squared,-0.1,DIM,0,0,0,0,0,0,0,0,0,1000,NA,NA,NA,NA,NA,NA,NA,NA
D+ vs. D+,Policy Rank,Squared,0.1,DIM,0,0,0,0,0,0,0,0,0,1000,NA,NA,NA,NA,NA,NA,NA,NA
D+ vs. D+,Policy Rank,Squared,0.3,DIM,0,0,0,0,0,0,0,0,0,1000,NA,NA,NA,NA,NA,NA,NA,NA
D+ vs. D+,Policy Rank,Squared,0.5,DIM,0,0,0,0,0,0,0,0,0,1000,NA,NA,NA,NA,NA,NA,NA,NA
D+ vs. D+,Policy Rank,Squared,0.7,DIM,0,0,0,0,0,0,0,0,0,1000,NA,NA,NA,NA,NA,NA,NA,NA
D+ vs. D+,Policy Rank,Squared,0.9,DIM,0,0,0,0,0,0,0,0,0,1000,NA,NA,NA,NA,NA,NA,NA,NA
D+ vs. D+,Policy Rating,Absolute,-0.9,DIM,0,0,0,0,0,0,0,0,0,1000,NA,NA,NA,NA,NA,NA,NA,NA
D+ vs. D+,Policy Rating,Absolute,-0.7,DIM,0,0,0,0,0,0,0,0,0,1000,NA,NA,NA,NA,NA,NA,NA,NA
D+ vs. D+,Policy Rating,Absolute,-0.5,DIM,0,0,0,0,0,0,0,0,0,1000,NA,NA,NA,NA,NA,NA,NA,NA
D+ vs. D+,Policy Rating,Absolute,-0.3,DIM,0,0,0,0,0,0,0,0,0,1000,NA,NA,NA,NA,NA,NA,NA,NA
D+ vs. D+,Policy Rating,Absolute,-0.1,DIM,0,0,0,0,0,0,0,0,0,1000,NA,NA,NA,NA,NA,NA,NA,NA
D+ vs. D+,Policy Rating,Absolute,0.1,DIM,0,0,0,0,0,0,0,0,0,1000,NA,NA,NA,NA,NA,NA,NA,NA
D+ vs. D+,Policy Rating,Absolute,0.3,DIM,0,0,0,0,0,0,0,0,0,1000,NA,NA,NA,NA,NA,NA,NA,NA
D+ vs. D+,Policy Rating,Absolute,0.5,DIM,0,0,0,0,0,0,0,0,0,1000,NA,NA,NA,NA,NA,NA,NA,NA
D+ vs. D+,Policy Rating,Absolute,0.7,DIM,0,0,0,0,0,0,0,0,0,1000,NA,NA,NA,NA,NA,NA,NA,NA
D+ vs. D+,Policy Rating,Absolute,0.9,DIM,0,0,0,0,0,0,0,0,0,1000,NA,NA,NA,NA,NA,NA,NA,NA
D+ vs. D+,Policy Rating,Squared,-0.9,DIM,0,0,0,0,0,0,0,0,0,1000,NA,NA,NA,NA,NA,NA,NA,NA
D+ vs. D+,Policy Rating,Squared,-0.7,DIM,0,0,0,0,0,0,0,0,0,1000,NA,NA,NA,NA,NA,NA,NA,NA
D+ vs. D+,Policy Rating,Squared,-0.5,DIM,0,0,0,0,0,0,0,0,0,1000,NA,NA,NA,NA,NA,NA,NA,NA
D+ vs. D+,Policy Rating,Squared,-0.3,DIM,0,0,0,0,0,0,0,0,0,1000,NA,NA,NA,NA,NA,NA,NA,NA
D+ vs. D+,Policy Rating,Squared,-0.1,DIM,0,0,0,0,0,0,0,0,0,1000,NA,NA,NA,NA,NA,NA,NA,NA
D+ vs. D+,Policy Rating,Squared,0.1,DIM,0,0,0,0,0,0,0,0,0,1000,NA,NA,NA,NA,NA,NA,NA,NA
D+ vs. D+,Policy Rating,Squared,0.3,DIM,0,0,0,0,0,0,0,0,0,1000,NA,NA,NA,NA,NA,NA,NA,NA
D+ vs. D+,Policy Rating,Squared,0.5,DIM,0,0,0,0,0,0,0,0,0,1000,NA,NA,NA,NA,NA,NA,NA,NA
D+ vs. D+,Policy Rating,Squared,0.7,DIM,0,0,0,0,0,0,0,0,0,1000,NA,NA,NA,NA,NA,NA,NA,NA
D+ vs. D+,Policy Rating,Squared,0.9,DIM,0,0,0,0,0,0,0,0,0,1000,NA,NA,NA,NA,NA,NA,NA,NA
D+ vs. D+,Spatial Distance,Absolute,-0.9,DIM,0,0,0,0,0,0,0,0,0,1000,NA,NA,NA,NA,NA,NA,NA,NA
D+ vs. D+,Spatial Distance,Absolute,-0.7,DIM,0,0,0,0,0,0,0,0,0,1000,NA,NA,NA,NA,NA,NA,NA,NA
D+ vs. D+,Spatial Distance,Absolute,-0.5,DIM,0,0,0,0,0,0,0,0,0,1000,NA,NA,NA,NA,NA,NA,NA,NA
D+ vs. D+,Spatial Distance,Absolute,-0.3,DIM,0,0,0,0,0,0,0,0,0,1000,NA,NA,NA,NA,NA,NA,NA,NA
D+ vs. D+,Spatial Distance,Absolute,-0.1,DIM,0,0,0,0,0,0,0,0,0,1000,NA,NA,NA,NA,NA,NA,NA,NA
D+ vs. D+,Spatial Distance,Absolute,0.1,DIM,0,0,0,0,0,0,0,0,0,1000,NA,NA,NA,NA,NA,NA,NA,NA
D+ vs. D+,Spatial Distance,Absolute,0.3,DIM,0,0,0,0,0,0,0,0,0,1000,NA,NA,NA,NA,NA,NA,NA,NA
D+ vs. D+,Spatial Distance,Absolute,0.5,DIM,0,0,0,0,0,0,0,0,0,1000,NA,NA,NA,NA,NA,NA,NA,NA
D+ vs. D+,Spatial Distance,Absolute,0.7,DIM,0,0,0,0,0,0,0,0,0,1000,NA,NA,NA,NA,NA,NA,NA,NA
D+ vs. D+,Spatial Distance,Absolute,0.9,DIM,0,0,0,0,0,0,0,0,0,1000,NA,NA,NA,NA,NA,NA,NA,NA
D+ vs. D+,Spatial Distance,Squared,-0.9,DIM,0,0,0,0,0,0,0,0,0,1000,NA,NA,NA,NA,NA,NA,NA,NA
D+ vs. D+,Spatial Distance,Squared,-0.7,DIM,0,0,0,0,0,0,0,0,0,1000,NA,NA,NA,NA,NA,NA,NA,NA
D+ vs. D+,Spatial Distance,Squared,-0.5,DIM,0,0,0,0,0,0,0,0,0,1000,NA,NA,NA,NA,NA,NA,NA,NA
D+ vs. D+,Spatial Distance,Squared,-0.3,DIM,0,0,0,0,0,0,0,0,0,1000,NA,NA,NA,NA,NA,NA,NA,NA
D+ vs. D+,Spatial Distance,Squared,-0.1,DIM,0,0,0,0,0,0,0,0,0,1000,NA,NA,NA,NA,NA,NA,NA,NA
D+ vs. D+,Spatial Distance,Squared,0.1,DIM,0,0,0,0,0,0,0,0,0,1000,NA,NA,NA,NA,NA,NA,NA,NA
D+ vs. D+,Spatial Distance,Squared,0.3,DIM,0,0,0,0,0,0,0,0,0,1000,NA,NA,NA,NA,NA,NA,NA,NA
D+ vs. D+,Spatial Distance,Squared,0.5,DIM,0,0,0,0,0,0,0,0,0,1000,NA,NA,NA,NA,NA,NA,NA,NA
D+ vs. D+,Spatial Distance,Squared,0.7,DIM,0,0,0,0,0,0,0,0,0,1000,NA,NA,NA,NA,NA,NA,NA,NA
D+ vs. D+,Spatial Distance,Squared,0.9,DIM,0,0,0,0,0,0,0,0,0,1000,NA,NA,NA,NA,NA,NA,NA,NA
D- vs. D+,Party/Policy Bundle,Absolute,-0.9,DIM,-0.020718509592895132,0.034785862871809,-0.08933079337709908,0.05057086541055819,-0.01934892484515157,-0.01964972625064375,0.284,0.716,0,1000,-0.020718509592895153,0.03431368146438337,-0.6037973399735723,0.5471777670944202,-0.08869350708422699,0.04725648789843668,114.02208177846491,c_win
D- vs. D+,Party/Policy Bundle,Absolute,-0.7,DIM,-0.014441267320913415,0.03473784085364547,-0.07866978893554295,0.055158969450235365,-0.01494447402674999,-0.014366075569458875,0.328,0.672,0,1000,-0.014441267320913484,0.035237292745636216,-0.4098290815119981,0.6824111764393136,-0.08396535209342196,0.05508281745159499,182.8078885317214,c_win
D- vs. D+,Party/Policy Bundle,Absolute,-0.5,DIM,-0.052021974825313705,0.02457390124336234,-0.10045353961043849,-0.003787630723783478,-0.05381248049826046,-0.05328011906514751,0.019,0.981,0,1000,-0.05202197482531366,0.02397440742086938,-2.169896169363889,0.030921823702729518,-0.09923102508267034,-0.004812924567956976,259.617449894352,c_win
D- vs. D+,Party/Policy Bundle,Absolute,-0.3,DIM,-0.07323878003309744,0.023320825849883993,-0.12233869306758781,-0.026962615336412237,-0.07265578813350841,-0.07290990680274952,0,1,0,1000,-0.0732387800330975,0.022936701204448524,-3.1930825352903405,0.0015280673936206792,-0.11834123715955387,-0.02813632290664113,370.46273905027914,c_win
D- vs. D+,Party/Policy Bundle,Absolute,-0.1,DIM,-0.12747962452533496,0.014652406575222062,-0.15772105558412322,-0.09948286790068836,-0.12841341272943055,-0.12814837348312724,0,1,0,1000,-0.12747962452533754,0.014555990624656064,-8.757880367784978,1.8698812110336254e-17,-0.15606436338287483,-0.09889488566780023,623.1244227049223,c_win
D- vs. D+,Party/Policy Bundle,Absolute,0.1,DIM,-0.14487398125682605,0.014581867031662699,-0.17168170732680352,-0.11558925157539852,-0.1448148278472826,-0.1444526932988249,0,1,0,1000,-0.14487398125682593,0.015144654494967956,-9.566014286094314,2.883987127853099e-20,-0.1746172687430123,-0.11513069377063956,596.8973616973124,c_win
D- vs. D+,Party/Policy Bundle,Absolute,0.3,DIM,-0.16042511093944878,0.026774714903025548,-0.21416910617465285,-0.1088480117904877,-0.1599829857017251,-0.16010580504917615,0,1,0,1000,-0.1604251109394488,0.027020568509810487,-5.937147876115282,6.99144114774238e-9,-0.213568307082294,-0.10728191479660362,349.8337277352149,c_win
D- vs. D+,Party/Policy Bundle,Absolute,0.5,DIM,-0.1677737005702722,0.029750122984214988,-0.2232926989680651,-0.10774219188956402,-0.16636287384950238,-0.16657373788777932,0,1,0,1000,-0.16777370057027213,0.029787170090590235,-5.6324148974216195,4.368792335880491e-8,-0.22641218046144912,-0.10913522067909515,276.4648993915773,c_win
D- vs. D+,Party/Policy Bundle,Absolute,0.7,DIM,-0.09577854017228427,0.037106548087603615,-0.1646724932406906,-0.02274147229843514,-0.09553207887372267,-0.09512100233457686,0.002,0.998,0,1000,-0.09577854017228427,0.036345672331178296,-2.635211678011053,0.009107016216032618,-0.1674742435338088,-0.02408283681075972,188.83283579419572,c_win
D- vs. D+,Party/Policy Bundle,Absolute,0.9,DIM,-0.05834061192125495,0.036531054432591706,-0.1288123602884162,0.010117907349641126,-0.05840236226318696,-0.058550110648856214,0.05,0.95,0,1000,-0.05834061192125479,0.03680577928961841,-1.5850937827503242,0.11585177098865121,-0.1312912169103269,0.014609993067817344,108.63552681182411,c_win
D- vs. D+,Party/Policy Bundle,Squared,-0.9,DIM,-0.0013388638561157157,0.030510355630216625,-0.06010336386422807,0.055579617800619735,-6.710705154642713e-4,-6.680510308440588e-4,0.49,0.51,0,1000,-0.0013388638561156463,0.030369860098683116,-0.04408528230835352,0.9648986535544739,-0.06137680896842815,0.058699081256196856,141.32297837538587,c_win
D- vs. D+,Party/Policy Bundle,Squared,-0.7,DIM,-0.02261705149542645,0.03282308104936941,-0.08725565158730011,0.039215842555839646,-0.023203340735013123,-0.023903734472551032,0.239,0.761,0,1000,-0.022617051495426428,0.03310917265384094,-0.6831053053451235,0.4954986177567928,-0.08798944944534634,0.04275534645449348,164.9533135496894,c_win
D- vs. D+,Party/Policy Bundle,Squared,-0.5,DIM,-0.06832390036438338,0.030068941107141263,-0.12413585952203829,-0.007533925512343759,-0.06823103729624778,-0.06836779763469512,0.015,0.985,0,1000,-0.06832390036438371,0.029971473701825437,-2.2796309932608483,0.023452390847202464,-0.12734581183628318,-0.00930198889248423,256.1179708355643,c_win
D- vs. D+,Party/Policy Bundle,Squared,-0.3,DIM,-0.07872179049564926,0.02459567639739176,-0.12891115854332433,-0.03264370975100329,-0.07819412960905417,-0.078979593742527,0,1,0,1000,-0.07872179049564891,0.024161156119992165,-3.258196342289702,0.0012262128092192701,-0.1262340204439371,-0.031209560547360696,365.72050698184705,c_win
D- vs. D+,Party/Policy Bundle,Squared,-0.1,DIM,-0.1223326466906367,0.014145947600580883,-0.15129148884577592,-0.0929690574300864,-0.1225746917612063,-0.1227682246411246,0,1,0,1000,-0.12233264669063842,0.01412991108019422,-8.657708176388391,3.921665784017008e-17,-0.15007938677809596,-0.09458590660318088,638.1695205562879,c_win
D- vs. D+,Party/Policy Bundle,Squared,0.1,DIM,-0.14416122204110532,0.014447717780953486,-0.17130178711701058,-0.1149046287159715,-0.1435602064165717,-0.14379850302143293,0,1,0,1000,-0.14416122204110182,0.014905287688573934,-9.671817482034422,1.0835606288011404e-20,-0.17343270285135126,-0.11488974123085238,614.4950171560524,c_win
D- vs. D+,Party/Policy Bundle,Squared,0.3,DIM,-0.14667569626150778,0.02567603761532227,-0.19646266261992906,-0.09547429919008303,-0.14701493809403665,-0.14635507324633928,0,1,0,1000,-0.14667569626150687,0.02741787218364977,-5.349638195081188,1.6024059254218273e-7,-0.20060158721766008,-0.09274980530535365,347.43845403938525,c_win
D- vs. D+,Party/Policy Bundle,Squared,0.5,DIM,-0.18445143154223176,0.038375738287655364,-0.26067165292406885,-0.11099320330420348,-0.18360495789745035,-0.18332750564514433,0,1,0,1000,-0.1844514315422318,0.03765290090427752,-4.898730963947519,1.7588989440864302e-6,-0.2586180320832964,-0.11028483100116714,243.7351314168001,c_win
D- vs. D+,Party/Policy Bundle,Squared,0.7,DIM,-0.12294632221721025,0.03502629549990311,-0.186527525367681,-0.0529983103469363,-0.12321852541058748,-0.12143746375105306,0.001,0.999,0,1000,-0.12294632221721033,0.03560161108893551,-3.453392092567978,6.91359944876429e-4,-0.1932004803306126,-0.052692164103808045,178.5126090079282,c_win
D- vs. D+,Party/Policy Bundle,Squared,0.9,DIM,-0.07189212914971721,0.03307345531848852,-0.13560438902074898,-0.0059286943154418,-0.07167768281020637,-0.07231868720819347,0.013,0.987,0,1000,-0.07189212914971721,0.033800328096662495,-2.1269654230609665,0.03530687448274801,-0.13876032795389753,-0.005023930345536887,130.35442377090098,c_win
D- vs. D+,Policy Rank,Absolute,-0.9,DIM,-0.03426734938622655,0.03886042908188696,-0.10856653461668694,0.041812392090910165,-0.03569695028843135,-0.03545757804464362,0.18,0.82,0,1000,-0.0342673493862265,0.03989592207238277,-0.8589185963431448,0.39148207667202617,-0.11296986723181625,0.04443516845936325,187.51423556522303,c_win
D- vs. D+,Policy Rank,Absolute,-0.7,DIM,-0.060579096260589105,0.028907828549603873,-0.11547709183819756,-0.0013955505143153075,-0.06048945630258777,-0.06018479422807165,0.024,0.976,0,1000,-0.06057909626058881,0.02972145814785104,-2.038227598364614,0.04249592411649455,-0.11909285068951458,-0.0020653418316630492,271.5731720177823,c_win
D- vs. D+,Policy Rank,Absolute,-0.5,DIM,-0.04477778379274236,0.022449437395634413,-0.08775097359023931,-0.001231820949201906,-0.04436683747772066,-0.04484744803517117,0.022,0.978,0,1000,-0.04477778379274261,0.022111947758922085,-2.0250492756647795,0.043517828890569536,-0.08824630638004813,-0.00130926120543709,404.9995103871741,c_win
D- vs. D+,Policy Rank,Absolute,-0.3,DIM,-0.09220274387694483,0.016911678013761946,-0.12532293133873196,-0.06039978502033244,-0.09241561035583304,-0.09268761083005017,0,1,0,1000,-0.0922027438769449,0.01767175088802212,-5.217521708018176,2.5643943341911105e-7,-0.12691436416898516,-0.05749112358490462,555.5320794603377,c_win
D- vs. D+,Policy Rank,Absolute,-0.1,DIM,-0.1077018470246005,0.014051588217384529,-0.13660835471538527,-0.08137949703498619,-0.10741520488744086,-0.10764399287846743,0,1,0,1000,-0.10770184702460091,0.014082869895110033,-7.647720090206756,7.310163731057088e-14,-0.13535479026574984,-0.08004890378345199,655.9289856253888,c_win
D- vs. D+,Policy Rank,Absolute,0.1,DIM,-0.17842568493454508,0.014543976744767676,-0.20604613647502,-0.149235938971994,-0.17834237427004965,-0.17820791260753127,0,1,0,1000,-0.1784256849345465,0.01406297168454242,-12.687623138050292,4.266592910353864e-33,-0.20604029120519296,-0.15081107866390003,646.6199176407321,c_win
D- vs. D+,Policy Rank,Absolute,0.3,DIM,-0.14577251698584126,0.02043174755433791,-0.1829731450190509,-0.10454570182818303,-0.14494717963729237,-0.14508844481849087,0,1,0,1000,-0.14577251698584073,0.020227616376379293,-7.206608740912544,1.8149861463861391e-12,-0.18550172966255543,-0.10604330430912604,573.7178408264568,c_win
D- vs. D+,Policy Rank,Absolute,0.5,DIM,-0.14435456134298164,0.024337264451564037,-0.19147382342483538,-0.09732052099286141,-0.14502528748135146,-0.14512920866211618,0,1,0,1000,-0.14435456134298139,0.0242551382225571,-5.951504378925068,5.468945414202891e-9,-0.19202622550686405,-0.09668289717909874,435.5602129224134,c_win
D- vs. D+,Policy Rank,Absolute,0.7,DIM,-0.06863482685800515,0.03260368429520783,-0.13069626798411454,-0.002273439310712529,-0.06904178355745566,-0.06876025196138642,0.02,0.98,0,1000,-0.06863482685800514,0.032307792006337044,-2.124404751786897,0.034449401620943225,-0.13221200584751908,-0.005057647868491208,301.6660790847395,c_win
D- vs. D+,Policy Rank,Absolute,0.9,DIM,-0.06931293099575464,0.04535226278469988,-0.15600803096963187,0.01797454660936849,-0.06747191166191718,-0.06852293946177562,0.067,0.933,0,1000,-0.06931293099575442,0.044483828770591344,-1.5581601879013125,0.12074644640571924,-0.15702035217565072,0.018394490184141882,203.8458493964157,c_win
D- vs. D+,Policy Rank,Squared,-0.9,DIM,0.009404949834023957,0.045258261553221095,-0.07787679404857756,0.09834112740199341,0.007792839168849028,0.00959558018895499,0.566,0.434,0,1000,0.009404949834023874,0.04605728797070626,0.20420112100403498,0.8384782659893943,-0.08161363641592308,0.10042353608397082,147.26520105527857,c_win
D- vs. D+,Policy Rank,Squared,-0.7,DIM,-0.043247911143493634,0.02714884414161864,-0.09585367628813074,0.010091232209678249,-0.042426860929888566,-0.04342415720092449,0.063,0.937,0,1000,-0.04324791114349374,0.027537605954718297,-1.5705036674069932,0.11734795998798994,-0.09743839551026319,0.010942573223275714,301.17088110211233,c_win
D- vs. D+,Policy Rank,Squared,-0.5,DIM,-0.0706956574056874,0.018826945115920972,-0.10818674820383845,-0.035660725048158454,-0.07083747392453896,-0.07126294875605058,0,1,0,1000,-0.07069565740568796,0.01868818596118481,-3.7829063533786638,1.7382671229028041e-4,-0.10741295310310044,-0.03397836170827549,498.6231111115307,c_win
D- vs. D+,Policy Rank,Squared,-0.3,DIM,-0.08943776768564182,0.016559880348409713,-0.12136317706897835,-0.057247465131479956,-0.08962299093018103,-0.0893365877959814,0,1,0,1000,-0.08943776768564374,0.017139953727587785,-5.218086880928289,2.4943388352081915e-7,-0.12309939841088136,-0.05577613696040613,599.6788269435019,c_win
D- vs. D+,Policy Rank,Squared,-0.1,DIM,-0.0965331153684495,0.015499918304133725,-0.12762466676724543,-0.0658854791162717,-0.09674276656864297,-0.09687319912661481,0,1,0,1000,-0.0965331153684478,0.016049514389076695,-6.014706303771301,3.1285408448742354e-9,-0.12805296739820618,-0.06501326333868943,601.8942620631559,c_win
D- vs. D+,Policy Rank,Squared,0.1,DIM,-0.18700059271636238,0.016385254269443487,-0.21913455333192094,-0.1547500678027774,-0.18632699474835418,-0.18648018541424466,0,1,0,1000,-0.18700059271636524,0.01622171333380788,-11.527795422610195,7.545626018160829e-28,-0.2188604899621643,-0.15514069547056616,584.9324096589947,c_win
D- vs. D+,Policy Rank,Squared,0.3,DIM,-0.16436993841301623,0.017982707039745822,-0.1995184771056984,-0.12801571699619557,-0.16380914460826682,-0.16403936237215638,0,1,0,1000,-0.16436993841301728,0.017850611951330694,-9.208084230454864,5.530054394668643e-19,-0.1994274045022126,-0.12931247232382195,598.3793837849664,c_win
D- vs. D+,Policy Rank,Squared,0.5,DIM,-0.13360371288308492,0.02045278185620032,-0.17277892132397357,-0.09327610058469983,-0.13372786999686176,-0.1334851304613625,0,1,0,1000,-0.13360371288308562,0.020309853419793595,-6.578270661120478,1.1711480562748768e-10,-0.17350399609683687,-0.09370342966933438,515.3776367217553,c_win
D- vs. D+,Policy Rank,Squared,0.7,DIM,-0.12427734458917561,0.031541540304324676,-0.18539388841228022,-0.05867249031673278,-0.12558072523181862,-0.12431538203558574,0,1,0,1000,-0.12427734458917561,0.03146023044342117,-3.950299881390855,9.675255305742967e-5,-0.1861807653369853,-0.06237392384136593,308.94763084631484,c_win
D- vs. D+,Policy Rank,Squared,0.9,DIM,-0.07113782196913132,0.05018545653659753,-0.17031959675949665,0.024848910590720197,-0.07334423645290089,-0.07236505376211674,0.083,0.917,0,1000,-0.07113782196913132,0.04816587409554553,-1.4769341012688126,0.14155767912501274,-0.16622333658325344,0.023947692644990817,168.69469495530603,c_win
D- vs. D+,Policy Rating,Absolute,-0.9,DIM,0.018789108298397222,0.04501646738932308,-0.06129383474501082,0.11016510946580468,0.020344768533911914,0.020634059407054137,0.668,0.332,0,1000,0.018789108298397302,0.04719481103170988,0.39811809577483054,0.691757386892222,-0.07534153877723279,0.1129197553740274,69.84955286433403,c_win
D- vs. D+,Policy Rating,Absolute,-0.7,DIM,-0.05507803173487945,0.03400415199349913,-0.12914305000906712,0.006787554869870901,-0.05432359296316985,-0.0556816289150584,0.041,0.959,0,1000,-0.05507803173487956,0.03423185931896109,-1.6089699137192859,0.1098688241650053,-0.12275447531176334,0.01259841184200422,140.42394814089843,c_win
D- vs. D+,Policy Rating,Absolute,-0.5,DIM,-0.07382300849531193,0.018454645182960357,-0.110200479383342,-0.038527901936910726,-0.07318292326563385,-0.07405655066854606,0,1,0,1000,-0.07382300849531137,0.01817827940445478,-4.061055881736544,5.893848735734671e-5,-0.10956139563668399,-0.038084621353938745,394.60334255514846,c_win
D- vs. D+,Policy Rating,Absolute,-0.3,DIM,-0.06445059217369856,0.01765246487375265,-0.09947051541366292,-0.031603097710783644,-0.06434941317252427,-0.0642858427622915,0,1,0,1000,-0.06445059217369774,0.01810922461219315,-3.558992367365216,4.1062011486303325e-4,-0.10003682274551885,-0.028864361601876623,464.10732176268283,c_win
D- vs. D+,Policy Rating,Absolute,-0.1,DIM,-0.10576552272182971,0.0124944156955728,-0.13000989482690198,-0.07962558745269678,-0.10685151763496054,-0.10635190572373626,0,1,0,1000,-0.10576552272182528,0.013143643168850774,-8.046895473583751,4.585902986936062e-15,-0.13157882162926177,-0.0799522238143888,598.1505295742434,c_win
D- vs. D+,Policy Rating,Absolute,0.1,DIM,-0.15261506662184743,0.014138888672866393,-0.17812662759358996,-0.12333990638375998,-0.1511936269191566,-0.15132058005636811,0,1,0,1000,-0.1526150666218493,0.013720188000973918,-11.123394709388531,3.094069690354378e-26,-0.1795611255270471,-0.1256690077166515,593.1373196479121,c_win
D- vs. D+,Policy Rating,Absolute,0.3,DIM,-0.19016420534810652,0.01936277406623664,-0.2292633446556991,-0.1509197319241482,-0.1912800708022918,-0.19106020066993318,0,1,0,1000,-0.19016420534810466,0.019904907208348185,-9.553634355469347,7.48388218254518e-20,-0.2292798775559339,-0.15104853314027541,460.6557824105751,c_win
D- vs. D+,Policy Rating,Absolute,0.5,DIM,-0.1188868320850518,0.025262673298063962,-0.16589770774777632,-0.07025469871216124,-0.11961221737957922,-0.119166276229451,0,1,0,1000,-0.11888683208505103,0.02444549313491974,-4.8633435794847735,1.7051841200259954e-6,-0.16695517818867267,-0.0708184859814294,372.78537634042544,c_win
D- vs. D+,Policy Rating,Absolute,0.7,DIM,-0.10702151911710411,0.04123363039116678,-0.1898028485590377,-0.021533722974606716,-0.10560981746050357,-0.10613467107399902,0.01,0.99,0,1000,-0.10702151911710413,0.04270583634992241,-2.506016232540042,0.013267142490260257,-0.19139789377053656,-0.022645144463671704,151.3933423430646,c_win
D- vs. D+,Policy Rating,Absolute,0.9,DIM,-0.08829098198553675,0.05027377234623106,-0.19301135136922296,0.007638461571046194,-0.08917113951502881,-0.09061129565887822,0.042,0.958,0,1000,-0.08829098198553677,0.04936164146569935,-1.788655712490615,0.07787017754418522,-0.186688973710532,0.010107009739458467,72.11333733223209,c_win
D- vs. D+,Policy Rating,Squared,-0.9,DIM,-0.004407361313248537,0.04450439006601097,-0.08809480226326942,0.0852845061624633,-0.001788220448755741,-0.00311302528286639,0.478,0.522,0,1000,-0.004407361313248518,0.04603264395918334,-0.09574425742645759,0.9239693006080181,-0.0960516100728425,0.08723688744634546,77.9840917069001,c_win
D- vs. D+,Policy Rating,Squared,-0.7,DIM,-0.018779620421965862,0.03909259288318265,-0.09722080957027844,0.05817463148076899,-0.016454535230208227,-0.01826079188561948,0.313,0.687,0,1000,-0.018779620421965928,0.03971412300215377,-0.4728700775023403,0.6371976303162554,-0.09744144392221898,0.05988220307828712,115.58192833970294,c_win
D- vs. D+,Policy Rating,Squared,-0.5,DIM,-0.06639055422817355,0.01835050912820229,-0.10254002100914814,-0.030730979703236162,-0.06731658057463832,-0.06701248091741212,0,1,0,1000,-0.0663905542281735,0.017869786375695557,-3.7152405088888107,2.3375620355488408e-4,-0.10152758796304906,-0.031253520493297944,376.6846536290229,c_win
D- vs. D+,Policy Rating,Squared,-0.3,DIM,-0.05218505214284408,0.018822431250807407,-0.08943093392468045,-0.012342359261152874,-0.05185430400934503,-0.051575913477472465,0.004,0.996,0,1000,-0.052185052142844315,0.019652917315294244,-2.6553336232800917,0.008222038013038608,-0.09081453543326076,-0.013555568852427861,423.2104971083783,c_win
D- vs. D+,Policy Rating,Squared,-0.1,DIM,-0.1132156233394298,0.012066763117190423,-0.13710391259986954,-0.08932330780635885,-0.1137952433891978,-0.11370747067432324,0,1,0,1000,-0.11321562333943115,0.012753317654454172,-8.877346774146249,7.464875785204744e-18,-0.13826098384254176,-0.08817026283632054,614.6530615762069,c_win
D- vs. D+,Policy Rating,Squared,0.1,DIM,-0.14415241489851732,0.013678320995490685,-0.170474431626939,-0.11584607426304853,-0.14314810697373148,-0.1432102255797039,0,1,0,1000,-0.14415241489851754,0.013572526148941211,-10.62089793135251,2.613522491022531e-24,-0.170806505585878,-0.11749832421115708,615.3182515693784,c_win
D- vs. D+,Policy Rating,Squared,0.3,DIM,-0.20515104397624462,0.021375479158409236,-0.24688138665575227,-0.1640938807045933,-0.20593975327636935,-0.2057068246351926,0,1,0,1000,-0.20515104397624437,0.02175128871557661,-9.431673068149331,2.246371937052775e-19,-0.24789901297929065,-0.16240307497319809,445.149354370848,c_win
D- vs. D+,Policy Rating,Squared,0.5,DIM,-0.12782313776806442,0.02436092156295729,-0.17591374650224326,-0.07922529863295716,-0.12842624968488664,-0.1281487503399641,0,1,0,1000,-0.12782313776806506,0.024045697450161618,-5.3158423885602835,1.852838655024261e-7,-0.1751085997532741,-0.080537675782856,365.0734759930008,c_win
D- vs. D+,Policy Rating,Squared,0.7,DIM,-0.13391485997049435,0.047116002391191895,-0.22856326144545264,-0.04022869985172658,-0.1327961465645962,-0.13390848137003641,0.003,0.997,0,1000,-0.13391485997049468,0.046994871781082914,-2.8495632586107003,0.0051281373096643415,-0.22693100916094144,-0.040898710780047906,123.98188772626243,c_win
D- vs. D+,Policy Rating,Squared,0.9,DIM,-0.05610283367955138,0.04874863477284162,-0.15222414434818293,0.04128525421499451,-0.05780083255697471,-0.05723843264259471,0.117,0.883,0,1000,-0.05610283367955159,0.04854897328383685,-1.155592587953443,0.2512459410444222,-0.15270037910478615,0.04049471174568297,80.98245444637351,c_win
D- vs. D+,Spatial Distance,Absolute,-0.9,DIM,-0.023253809271799042,0.10107245226826363,-0.22766801350439206,0.17309762765451148,-0.025998592811229945,-0.02165291674332206,0.404,0.596,0,1000,-0.02325380927179914,0.10015041397750775,-0.23218884823603014,0.8175304706389408,-0.2254265515230155,0.1789189329794172,41.57640183422383,c_win
D- vs. D+,Spatial Distance,Absolute,-0.7,DIM,-0.030412923795029023,0.045345717136210266,-0.11739733571084694,0.05438458014060988,-0.031971637648263176,-0.032016975262462666,0.243,0.757,0,1000,-0.030412923795028975,0.04649763515507673,-0.6540746361314337,0.5139589513092337,-0.12220852991512227,0.061382682325064324,167.83281833383555,c_win
D- vs. D+,Spatial Distance,Absolute,-0.5,DIM,-0.04303141949679273,0.027033927970293383,-0.09505587469812574,0.008655659978254317,-0.04449852157210138,-0.04338644066379856,0.06,0.94,0,1000,-0.043031419496792817,0.026363047044420898,-1.632262743539707,0.1035383936091454,-0.09488432340389918,0.008821484410313545,344.28675221501487,c_win
D- vs. D+,Spatial Distance,Absolute,-0.3,DIM,-0.07009973855744622,0.019445399216494172,-0.10486217835572514,-0.03307728278512823,-0.07050030237505597,-0.06985369994335942,0,1,0,1000,-0.07009973855744647,0.018825364352288515,-3.7236856214644667,2.1710440794687932e-4,-0.10708020956359209,-0.03311926755130086,536.4433611425591,c_win
D- vs. D+,Spatial Distance,Absolute,-0.1,DIM,-0.13226757540059664,0.0126183047241533,-0.1555658665534352,-0.10669188311884643,-0.13214683519927176,-0.1320663739356949,0,1,0,1000,-0.13226757540059483,0.012307547326576995,-10.746867096336523,5.385978510440514e-25,-0.15643279215263223,-0.10810235864855744,682.2882133692308,c_win
D- vs. D+,Spatial Distance,Absolute,0.1,DIM,-0.1293538862703406,0.012480498624625549,-0.15584105664200515,-0.1074803388665944,-0.12977336361646516,-0.1299173633002958,0,1,0,1000,-0.12935388627034566,0.01295433703793242,-9.985372921175072,5.360204343620722e-22,-0.15478936320832024,-0.10391840933237109,677.4489683945974,c_win
D- vs. D+,Spatial Distance,Absolute,0.3,DIM,-0.1548435604091306,0.020704978088701125,-0.19281082622056495,-0.1132124179188907,-0.1541145477854767,-0.15374106171986854,0,1,0,1000,-0.15484356040913083,0.02054387138304908,-7.5372142631740555,2.3101158575566334e-13,-0.19520764049837402,-0.11447948031988762,494.304670635439,c_win
D- vs. D+,Spatial Distance,Absolute,0.5,DIM,-0.12616738794903337,0.030590356088671836,-0.18547674642746,-0.06342437661100042,-0.12454038605004653,-0.12487184018188283,0,1,0,1000,-0.12616738794903398,0.030519131140633902,-4.134042590126418,4.455385994499753e-5,-0.18618915103454034,-0.06614562486352762,353.7298303505081,c_win
D- vs. D+,Spatial Distance,Absolute,0.7,DIM,-0.08348795359618277,0.04553898573406283,-0.17489609448824592,0.010745292045164124,-0.08138703469194158,-0.08124900453531904,0.039,0.961,0,1000,-0.08348795359618279,0.04543920458056364,-1.8373550850380482,0.0679814938283508,-0.1732144882000976,0.006238581007732016,162.7181210809532,c_win
D- vs. D+,Spatial Distance,Absolute,0.9,DIM,-0.05118586638905798,0.09847192097069409,-0.24362206257107877,0.14690243870036268,-0.05523441830033299,-0.05404219089191647,0.277,0.723,0,1000,-0.05118586638905806,0.09951168983457802,-0.5143703867771338,0.6096321231876247,-0.25188219264511774,0.14951045986700162,42.91218049037976,c_win
D- vs. D+,Spatial Distance,Squared,-0.9,DIM,0.11353555443167859,0.09330015106561058,-0.055275392784844175,0.3051227352567354,0.11498990079951663,0.11690829603162514,0.895,0.105,0,1000,0.11353555443167858,0.09178063174821223,1.2370317382772875,0.22740610809590509,-0.0753523484253333,0.30242345728869047,25.36505283559566,c_win
D- vs. D+,Spatial Distance,Squared,-0.7,DIM,-0.011046402755057166,0.045120964811631206,-0.09963230235529859,0.07884810023324923,-0.011077551603251745,-0.010794138585115569,0.404,0.596,0,1000,-0.01104640275505725,0.045636424169160944,-0.2420523289491624,0.8090784709528127,-0.10123795390339384,0.07914514839327934,146.34901610096986,c_win
D- vs. D+,Spatial Distance,Squared,-0.5,DIM,-0.06768175455123823,0.024796514379953585,-0.11580766215386382,-0.01764645125507996,-0.06826329405717957,-0.0679614775713563,0.005,0.995,0,1000,-0.06768175455123937,0.02535514432862961,-2.669350001483404,0.007968649439925327,-0.11755647861950115,-0.01780703048297759,336.1808064400381,c_win
D- vs. D+,Spatial Distance,Squared,-0.3,DIM,-0.054306131692509474,0.016103994503722997,-0.08591316111599692,-0.022644304861964105,-0.053951177512509496,-0.053804756296797415,0.001,0.999,0,1000,-0.054306131692509405,0.016092388427228405,-3.3746470847436885,7.918941956616673e-4,-0.0859170780635661,-0.022695185321452697,543.111393284847,c_win
D- vs. D+,Spatial Distance,Squared,-0.1,DIM,-0.12796282832738765,0.012852089307950308,-0.15389182858006073,-0.10246051989205096,-0.12786559571708686,-0.12803802269344836,0,1,0,1000,-0.1279628283273861,0.012685693094428319,-10.087176741142242,2.69429886465216e-22,-0.15287374746594956,-0.10305190918882262,635.8467157092682,c_win
D- vs. D+,Spatial Distance,Squared,0.1,DIM,-0.14982193767010205,0.013969294581066393,-0.1780784877166718,-0.12436778568673566,-0.14971686803447745,-0.14991495001631586,0,1,0,1000,-0.14982193767009894,0.014078317334715257,-10.642034421305306,1.5186585365926771e-24,-0.1774648290685488,-0.12217904627164908,670.5270979896319,c_win
D- vs. D+,Spatial Distance,Squared,0.3,DIM,-0.14396314587580117,0.017654837141684802,-0.17881865951099898,-0.10884550220472435,-0.1442307783292423,-0.1444069308291342,0,1,0,1000,-0.14396314587580122,0.01753745638202012,-8.208895448680698,1.6404657220981684e-15,-0.17841288703272967,-0.10951340471887279,541.788690769409,c_win
D- vs. D+,Spatial Distance,Squared,0.5,DIM,-0.1307842999069102,0.027575931056377654,-0.18556521607109563,-0.07468444106333602,-0.12898303706093917,-0.12980366221112355,0,1,0,1000,-0.13078429990690985,0.02789132698624046,-4.689066962336688,3.9506040541722e-6,-0.18564152672281634,-0.07592707309100336,347.18912383297294,c_win
D- vs. D+,Spatial Distance,Squared,0.7,DIM,-0.07943078621717647,0.05290767634680376,-0.18057502958000038,0.019881814156462008,-0.07756185052281406,-0.07852989900088332,0.077,0.923,0,1000,-0.07943078621717656,0.051478304449510515,-1.542995385465378,0.12532553241664135,-0.18129923362799721,0.022437661193644085,126.71897171011777,c_win
D- vs. D+,Spatial Distance,Squared,0.9,DIM,-0.16302132002914826,0.09747722950649314,-0.35570202566666237,0.019100887981408077,-0.16528537926782222,-0.1682468633177597,0.044,0.956,0,1000,-0.16302132002914818,0.0955770189800866,-1.7056539508008046,0.10111198547606323,-0.36038673719440384,0.034344097136107504,23.763042261749128,c_win
D+ vs. D-,Party/Policy Bundle,Absolute,-0.9,DIM,0.058340611921255,0.03653105443259171,-0.010117907349641155,0.12881236028841628,0.05840236226318706,0.058550110648856214,0.95,0.05,0,1000,NA,NA,NA,NA,NA,NA,NA,NA
D+ vs. D-,Party/Policy Bundle,Absolute,-0.7,DIM,0.09577854017228438,0.03710654808760361,0.022741472298435376,0.1646724932406906,0.0955320788737226,0.09512100233457686,0.998,0.002,0,1000,NA,NA,NA,NA,NA,NA,NA,NA
D+ vs. D-,Party/Policy Bundle,Absolute,-0.5,DIM,0.16777370057027213,0.02975012298421499,0.107742191889564,0.22329269896806525,0.16636287384950246,0.16657373788777932,1,0,0,1000,NA,NA,NA,NA,NA,NA,NA,NA
D+ vs. D-,Party/Policy Bundle,Absolute,-0.3,DIM,0.16042511093944878,0.02677471490302555,0.10884801179048759,0.21416910617465293,0.15998298570172503,0.16010580504917613,1,0,0,1000,NA,NA,NA,NA,NA,NA,NA,NA
D+ vs. D-,Party/Policy Bundle,Absolute,-0.1,DIM,0.14487398125682605,0.014581867031662697,0.11558925157539857,0.17168170732680338,0.1448148278472827,0.14445269329882493,1,0,0,1000,NA,NA,NA,NA,NA,NA,NA,NA
D+ vs. D-,Party/Policy Bundle,Absolute,0.1,DIM,0.127479624525335,0.01465240657522206,0.09948286790068847,0.157721055584123,0.12841341272943047,0.12814837348312724,1,0,0,1000,NA,NA,NA,NA,NA,NA,NA,NA
D+ vs. D-,Party/Policy Bundle,Absolute,0.3,DIM,0.07323878003309747,0.023320825849883993,0.026962615336412112,0.12233869306758784,0.07265578813350837,0.07290990680274952,1,0,0,1000,NA,NA,NA,NA,NA,NA,NA,NA
D+ vs. D-,Party/Policy Bundle,Absolute,0.5,DIM,0.05202197482531368,0.024573901243362343,0.0037876307237835888,0.10045353961043858,0.05381248049826054,0.05328011906514751,0.981,0.019,0,1000,NA,NA,NA,NA,NA,NA,NA,NA
D+ vs. D-,Party/Policy Bundle,Absolute,0.7,DIM,0.014441267320913442,0.03473784085364548,-0.05515896945023541,0.07866978893554297,0.014944474026750088,0.014366075569458875,0.672,0.328,0,1000,NA,NA,NA,NA,NA,NA,NA,NA
D+ vs. D-,Party/Policy Bundle,Absolute,0.9,DIM,0.02071850959289523,0.03478586287180901,-0.050570865410558156,0.08933079337709905,0.019348924845151605,0.01964972625064375,0.716,0.284,0,1000,NA,NA,NA,NA,NA,NA,NA,NA
D+ vs. D-,Party/Policy Bundle,Squared,-0.9,DIM,0.07189212914971717,0.03307345531848852,0.005928694315441711,0.13560438902074887,0.0716776828102064,0.07231868720819347,0.987,0.013,0,1000,NA,NA,NA,NA,NA,NA,NA,NA
D+ vs. D-,Party/Policy Bundle,Squared,-0.7,DIM,0.1229463222172103,0.03502629549990312,0.052998310346936306,0.186527525367681,0.12321852541058752,0.12143746375105306,0.999,0.001,0,1000,NA,NA,NA,NA,NA,NA,NA,NA
D+ vs. D-,Party/Policy Bundle,Squared,-0.5,DIM,0.1844514315422318,0.03837573828765537,0.11099320330420354,0.2606716529240689,0.1836049578974502,0.18332750564514433,1,0,0,1000,NA,NA,NA,NA,NA,NA,NA,NA
D+ vs. D-,Party/Policy Bundle,Squared,-0.3,DIM,0.14667569626150778,0.025676037615322264,0.09547429919008307,0.19646266261992912,0.14701493809403668,0.14635507324633928,1,0,0,1000,NA,NA,NA,NA,NA,NA,NA,NA
D+ vs. D-,Party/Policy Bundle,Squared,-0.1,DIM,0.14416122204110537,0.014447717780953492,0.11490462871597139,0.17130178711701072,0.14356020641657163,0.14379850302143293,1,0,0,1000,NA,NA,NA,NA,NA,NA,NA,NA
D+ vs. D-,Party/Policy Bundle,Squared,0.1,DIM,0.12233264669063693,0.014145947600580884,0.09296905743008642,0.15129148884577595,0.12257469176120622,0.1227682246411246,1,0,0,1000,NA,NA,NA,NA,NA,NA,NA,NA
D+ vs. D-,Party/Policy Bundle,Squared,0.3,DIM,0.0787217904956492,0.02459567639739176,0.03264370975100333,0.12891115854332416,0.07819412960905414,0.07897959374252699,1,0,0,1000,NA,NA,NA,NA,NA,NA,NA,NA
D+ vs. D-,Party/Policy Bundle,Squared,0.5,DIM,0.0683239003643833,0.03006894110714126,0.0075339255123437155,0.12413585952203833,0.06823103729624785,0.06836779763469512,0.985,0.015,0,1000,NA,NA,NA,NA,NA,NA,NA,NA
D+ vs. D-,Party/Policy Bundle,Squared,0.7,DIM,0.022617051495426366,0.03282308104936941,-0.03921584255583966,0.08725565158730011,0.023203340735013123,0.023903734472551032,0.761,0.239,0,1000,NA,NA,NA,NA,NA,NA,NA,NA
D+ vs. D-,Party/Policy Bundle,Squared,0.9,DIM,0.0013388638561157018,0.030510355630216625,-0.05557961780061979,0.06010336386422794,6.710705154642227e-4,6.680510308440576e-4,0.51,0.49,0,1000,NA,NA,NA,NA,NA,NA,NA,NA
D+ vs. D-,Policy Rank,Absolute,-0.9,DIM,0.06931293099575442,0.04535226278469988,-0.017974546609368383,0.15600803096963198,0.06747191166191721,0.06852293946177564,0.933,0.067,0,1000,NA,NA,NA,NA,NA,NA,NA,NA
D+ vs. D-,Policy Rank,Absolute,-0.7,DIM,0.0686348268580052,0.03260368429520784,0.0022734393107125806,0.13069626798411454,0.06904178355745566,0.06876025196138644,0.98,0.02,0,1000,NA,NA,NA,NA,NA,NA,NA,NA
D+ vs. D-,Policy Rank,Absolute,-0.5,DIM,0.1443545613429818,0.02433726445156403,0.09732052099286136,0.1914738234248353,0.14502528748135154,0.14512920866211618,1,0,0,1000,NA,NA,NA,NA,NA,NA,NA,NA
D+ vs. D-,Policy Rank,Absolute,-0.3,DIM,0.14577251698584126,0.02043174755433791,0.10454570182818299,0.182973145019051,0.14494717963729253,0.14508844481849087,1,0,0,1000,NA,NA,NA,NA,NA,NA,NA,NA
D+ vs. D-,Policy Rank,Absolute,-0.1,DIM,0.17842568493454508,0.014543976744767673,0.14923593897199403,0.20604613647501993,0.17834237427004973,0.17820791260753127,1,0,0,1000,NA,NA,NA,NA,NA,NA,NA,NA
D+ vs. D-,Policy Rank,Absolute,0.1,DIM,0.1077018470246005,0.014051588217384529,0.08137949703498608,0.1366083547153854,0.10741520488744077,0.10764399287846743,1,0,0,1000,NA,NA,NA,NA,NA,NA,NA,NA
D+ vs. D-,Policy Rank,Absolute,0.3,DIM,0.09220274387694505,0.016911678013761946,0.060399785020332386,0.125322931338732,0.09241561035583312,0.09268761083005017,1,0,0,1000,NA,NA,NA,NA,NA,NA,NA,NA
D+ vs. D-,Policy Rank,Absolute,0.5,DIM,0.04477778379274244,0.022449437395634417,0.0012318209492019011,0.08775097359023941,0.044366837477720744,0.04484744803517117,0.978,0.022,0,1000,NA,NA,NA,NA,NA,NA,NA,NA
D+ vs. D-,Policy Rank,Absolute,0.7,DIM,0.060579096260589105,0.028907828549603873,0.0013955505143152267,0.11547709183819749,0.060489456302587785,0.06018479422807165,0.976,0.024,0,1000,NA,NA,NA,NA,NA,NA,NA,NA
D+ vs. D-,Policy Rank,Absolute,0.9,DIM,0.03426734938622644,0.03886042908188696,-0.041812392090910075,0.10856653461668699,0.035696950288431395,0.035457578044643626,0.82,0.18,0,1000,NA,NA,NA,NA,NA,NA,NA,NA
D+ vs. D-,Policy Rank,Squared,-0.9,DIM,0.07113782196913132,0.05018545653659752,-0.024848910590720044,0.17031959675949668,0.07334423645290082,0.07236505376211674,0.917,0.083,0,1000,NA,NA,NA,NA,NA,NA,NA,NA
D+ vs. D-,Policy Rank,Squared,-0.7,DIM,0.1242773445891755,0.031541540304324676,0.05867249031673255,0.1853938884122802,0.12558072523181854,0.12431538203558574,1,0,0,1000,NA,NA,NA,NA,NA,NA,NA,NA
D+ vs. D-,Policy Rank,Squared,-0.5,DIM,0.1336037128830851,0.02045278185620032,0.09327610058469972,0.17277892132397363,0.13372786999686173,0.1334851304613625,1,0,0,1000,NA,NA,NA,NA,NA,NA,NA,NA
D+ vs. D-,Policy Rank,Squared,-0.3,DIM,0.16436993841301617,0.017982707039745815,0.12801571699619563,0.19951847710569848,0.16380914460826668,0.1640393623721564,1,0,0,1000,NA,NA,NA,NA,NA,NA,NA,NA
D+ vs. D-,Policy Rank,Squared,-0.1,DIM,0.18700059271636238,0.016385254269443487,0.15475006780277736,0.21913455333192078,0.18632699474835432,0.18648018541424466,1,0,0,1000,NA,NA,NA,NA,NA,NA,NA,NA
D+ vs. D-,Policy Rank,Squared,0.1,DIM,0.09653311536844944,0.01549991830413373,0.0658854791162717,0.12762466676724538,0.09674276656864284,0.09687319912661481,1,0,0,1000,NA,NA,NA,NA,NA,NA,NA,NA
D+ vs. D-,Policy Rank,Squared,0.3,DIM,0.08943776768564182,0.016559880348409713,0.05724746513148001,0.12136317706897817,0.08962299093018089,0.0893365877959814,1,0,0,1000,NA,NA,NA,NA,NA,NA,NA,NA
D+ vs. D-,Policy Rank,Squared,0.5,DIM,0.0706956574056875,0.018826945115920975,0.03566072504815851,0.1081867482038385,0.07083747392453893,0.07126294875605058,1,0,0,1000,NA,NA,NA,NA,NA,NA,NA,NA
D+ vs. D-,Policy Rank,Squared,0.7,DIM,0.04324791114349358,0.02714884414161864,-0.010091232209678141,0.09585367628813077,0.04242686092988851,0.04342415720092449,0.937,0.063,0,1000,NA,NA,NA,NA,NA,NA,NA,NA
D+ vs. D-,Policy Rank,Squared,0.9,DIM,-0.009404949834023957,0.045258261553221095,-0.09834112740199336,0.0778767940485776,-0.007792839168848986,-0.009595580188954995,0.434,0.566,0,1000,NA,NA,NA,NA,NA,NA,NA,NA
D+ vs. D-,Policy Rating,Absolute,-0.9,DIM,0.08829098198553686,0.05027377234623105,-0.007638461571046085,0.19301135136922293,0.08917113951502875,0.09061129565887822,0.958,0.042,0,1000,NA,NA,NA,NA,NA,NA,NA,NA
D+ vs. D-,Policy Rating,Absolute,-0.7,DIM,0.10702151911710422,0.04123363039116678,0.021533722974606723,0.1898028485590377,0.10560981746050355,0.10613467107399902,0.99,0.01,0,1000,NA,NA,NA,NA,NA,NA,NA,NA
D+ vs. D-,Policy Rating,Absolute,-0.5,DIM,0.11888683208505163,0.025262673298063962,0.07025469871216128,0.16589770774777635,0.11961221737957947,0.119166276229451,1,0,0,1000,NA,NA,NA,NA,NA,NA,NA,NA
D+ vs. D-,Policy Rating,Absolute,-0.3,DIM,0.19016420534810652,0.01936277406623664,0.15091973192414804,0.22926334465569914,0.19128007080229187,0.19106020066993318,1,0,0,1000,NA,NA,NA,NA,NA,NA,NA,NA
D+ vs. D-,Policy Rating,Absolute,-0.1,DIM,0.15261506662184732,0.01413888867286639,0.12333990638375991,0.17812662759359008,0.15119362691915658,0.15132058005636811,1,0,0,1000,NA,NA,NA,NA,NA,NA,NA,NA
D+ vs. D-,Policy Rating,Absolute,0.1,DIM,0.1057655227218296,0.012494415695572806,0.07962558745269674,0.13000989482690198,0.10685151763496059,0.10635190572373625,1,0,0,1000,NA,NA,NA,NA,NA,NA,NA,NA
D+ vs. D-,Policy Rating,Absolute,0.3,DIM,0.06445059217369853,0.01765246487375265,0.03160309771078363,0.09947051541366292,0.0643494131725243,0.0642858427622915,1,0,0,1000,NA,NA,NA,NA,NA,NA,NA,NA
D+ vs. D-,Policy Rating,Absolute,0.5,DIM,0.07382300849531176,0.018454645182960357,0.038527901936910885,0.1102004793833419,0.07318292326563391,0.07405655066854606,1,0,0,1000,NA,NA,NA,NA,NA,NA,NA,NA
D+ vs. D-,Policy Rating,Absolute,0.7,DIM,0.05507803173487946,0.03400415199349912,-0.006787554869870837,0.12914305000906698,0.0543235929631698,0.0556816289150584,0.959,0.041,0,1000,NA,NA,NA,NA,NA,NA,NA,NA
D+ vs. D-,Policy Rating,Absolute,0.9,DIM,-0.018789108298397195,0.04501646738932307,-0.11016510946580471,0.061293834745010774,-0.020344768533911817,-0.020634059407054133,0.332,0.668,0,1000,NA,NA,NA,NA,NA,NA,NA,NA
D+ vs. D-,Policy Rating,Squared,-0.9,DIM,0.05610283367955149,0.04874863477284162,-0.041285254214994405,0.15222414434818302,0.05780083255697479,0.05723843264259471,0.883,0.117,0,1000,NA,NA,NA,NA,NA,NA,NA,NA
D+ vs. D-,Policy Rating,Squared,-0.7,DIM,0.1339148599704944,0.047116002391191895,0.040228699851726446,0.22856326144545247,0.13279614656459626,0.13390848137003641,0.997,0.003,0,1000,NA,NA,NA,NA,NA,NA,NA,NA
D+ vs. D-,Policy Rating,Squared,-0.5,DIM,0.12782313776806445,0.02436092156295729,0.07922529863295721,0.1759137465022433,0.12842624968488653,0.1281487503399641,1,0,0,1000,NA,NA,NA,NA,NA,NA,NA,NA
D+ vs. D-,Policy Rating,Squared,-0.3,DIM,0.20515104397624462,0.02137547915840924,0.16409388070459327,0.24688138665575238,0.20593975327636932,0.2057068246351926,1,0,0,1000,NA,NA,NA,NA,NA,NA,NA,NA
D+ vs. D-,Policy Rating,Squared,-0.1,DIM,0.1441524148985172,0.01367832099549069,0.11584607426304869,0.17047443162693912,0.14314810697373137,0.1432102255797039,1,0,0,1000,NA,NA,NA,NA,NA,NA,NA,NA
D+ vs. D-,Policy Rating,Squared,0.1,DIM,0.1132156233394297,0.01206676311719042,0.0893233078063589,0.13710391259986954,0.11379524338919778,0.11370747067432324,1,0,0,1000,NA,NA,NA,NA,NA,NA,NA,NA
D+ vs. D-,Policy Rating,Squared,0.3,DIM,0.05218505214284408,0.018822431250807407,0.012342359261152862,0.08943093392468045,0.05185430400934499,0.051575913477472465,0.996,0.004,0,1000,NA,NA,NA,NA,NA,NA,NA,NA
D+ vs. D-,Policy Rating,Squared,0.5,DIM,0.06639055422817364,0.01835050912820229,0.030730979703236162,0.10254002100914818,0.06731658057463835,0.06701248091741212,1,0,0,1000,NA,NA,NA,NA,NA,NA,NA,NA
D+ vs. D-,Policy Rating,Squared,0.7,DIM,0.018779620421965904,0.03909259288318265,-0.05817463148076905,0.09722080957027839,0.01645453523020829,0.018260791885619475,0.687,0.313,0,1000,NA,NA,NA,NA,NA,NA,NA,NA
D+ vs. D-,Policy Rating,Squared,0.9,DIM,0.004407361313248592,0.04450439006601097,-0.08528450616246314,0.08809480226326939,0.0017882204487557063,0.0031130252828663937,0.522,0.478,0,1000,NA,NA,NA,NA,NA,NA,NA,NA
D+ vs. D-,Spatial Distance,Absolute,-0.9,DIM,0.05118586638905809,0.09847192097069409,-0.14690243870036254,0.2436220625710788,0.055234418300332905,0.05404219089191647,0.723,0.277,0,1000,NA,NA,NA,NA,NA,NA,NA,NA
D+ vs. D-,Spatial Distance,Absolute,-0.7,DIM,0.08348795359618266,0.04553898573406282,-0.010745292045164131,0.17489609448824595,0.08138703469194157,0.08124900453531902,0.961,0.039,0,1000,NA,NA,NA,NA,NA,NA,NA,NA
D+ vs. D-,Spatial Distance,Absolute,-0.5,DIM,0.12616738794903337,0.030590356088671836,0.0634243766110004,0.1854767464274599,0.12454038605004644,0.12487184018188283,1,0,0,1000,NA,NA,NA,NA,NA,NA,NA,NA
D+ vs. D-,Spatial Distance,Absolute,-0.3,DIM,0.15484356040913066,0.02070497808870113,0.11321241791889079,0.1928108262205649,0.15411454778547679,0.15374106171986854,1,0,0,1000,NA,NA,NA,NA,NA,NA,NA,NA
D+ vs. D-,Spatial Distance,Absolute,-0.1,DIM,0.12935388627034067,0.012480498624625542,0.10748033886659428,0.15584105664200512,0.12977336361646521,0.1299173633002958,1,0,0,1000,NA,NA,NA,NA,NA,NA,NA,NA
D+ vs. D-,Spatial Distance,Absolute,0.1,DIM,0.13226757540059675,0.012618304724153302,0.10669188311884648,0.1555658665534352,0.13214683519927167,0.1320663739356949,1,0,0,1000,NA,NA,NA,NA,NA,NA,NA,NA
D+ vs. D-,Spatial Distance,Absolute,0.3,DIM,0.07009973855744633,0.019445399216494172,0.03307728278512816,0.10486217835572507,0.07050030237505595,0.06985369994335944,1,0,0,1000,NA,NA,NA,NA,NA,NA,NA,NA
D+ vs. D-,Spatial Distance,Absolute,0.5,DIM,0.04303141949679268,0.027033927970293376,-0.008655659978254387,0.09505587469812553,0.044498521572101435,0.04338644066379856,0.94,0.06,0,1000,NA,NA,NA,NA,NA,NA,NA,NA
D+ vs. D-,Spatial Distance,Absolute,0.7,DIM,0.030412923795028912,0.045345717136210266,-0.05438458014060982,0.11739733571084689,0.03197163764826311,0.03201697526246266,0.757,0.243,0,1000,NA,NA,NA,NA,NA,NA,NA,NA
D+ vs. D-,Spatial Distance,Absolute,0.9,DIM,0.02325380927179932,0.10107245226826363,-0.17309762765451156,0.22766801350439198,0.025998592811229848,0.021652916743322065,0.596,0.404,0,1000,NA,NA,NA,NA,NA,NA,NA,NA
D+ vs. D-,Spatial Distance,Squared,-0.9,DIM,0.16302132002914824,0.09747722950649314,-0.01910088798140801,0.35570202566666215,0.16528537926782216,0.1682468633177597,0.956,0.044,0,1000,NA,NA,NA,NA,NA,NA,NA,NA
D+ vs. D-,Spatial Distance,Squared,-0.7,DIM,0.07943078621717664,0.05290767634680376,-0.01988181415646193,0.18057502958000043,0.07756185052281411,0.07852989900088331,0.923,0.077,0,1000,NA,NA,NA,NA,NA,NA,NA,NA
D+ vs. D-,Spatial Distance,Squared,-0.5,DIM,0.13078429990691026,0.027575931056377647,0.07468444106333622,0.1855652160710958,0.12898303706093917,0.12980366221112355,1,0,0,1000,NA,NA,NA,NA,NA,NA,NA,NA
D+ vs. D-,Spatial Distance,Squared,-0.3,DIM,0.14396314587580117,0.017654837141684802,0.10884550220472455,0.1788186595109991,0.14423077832924225,0.1444069308291342,1,0,0,1000,NA,NA,NA,NA,NA,NA,NA,NA
D+ vs. D-,Spatial Distance,Squared,-0.1,DIM,0.14982193767010216,0.013969294581066383,0.12436778568673565,0.17807848771667179,0.14971686803447742,0.14991495001631588,1,0,0,1000,NA,NA,NA,NA,NA,NA,NA,NA
D+ vs. D-,Spatial Distance,Squared,0.1,DIM,0.1279628283273877,0.012852089307950313,0.102460519892051,0.15389182858006073,0.12786559571708683,0.12803802269344836,1,0,0,1000,NA,NA,NA,NA,NA,NA,NA,NA
D+ vs. D-,Spatial Distance,Squared,0.3,DIM,0.05430613169250942,0.016103994503722997,0.022644304861964205,0.08591316111599685,0.05395117751250955,0.053804756296797415,0.999,0.001,0,1000,NA,NA,NA,NA,NA,NA,NA,NA
D+ vs. D-,Spatial Distance,Squared,0.5,DIM,0.06768175455123837,0.024796514379953588,0.01764645125507983,0.11580766215386377,0.06826329405717946,0.0679614775713563,0.995,0.005,0,1000,NA,NA,NA,NA,NA,NA,NA,NA
D+ vs. D-,Spatial Distance,Squared,0.7,DIM,0.011046402755057305,0.045120964811631206,-0.07884810023324915,0.09963230235529838,0.0110775516032518,0.01079413858511557,0.596,0.404,0,1000,NA,NA,NA,NA,NA,NA,NA,NA
D+ vs. D-,Spatial Distance,Squared,0.9,DIM,-0.11353555443167873,0.09330015106561058,-0.3051227352567354,0.05527539278484411,-0.11498990079951665,-0.11690829603162514,0.105,0.895,0,1000,NA,NA,NA,NA,NA,NA,NA,NA
D+ vs. V-,Party/Policy Bundle,Absolute,-0.9,DIM,0.1219431790829234,0.07750605772002978,-0.02498910178183362,0.2836180100732561,0.12207206252826687,0.12348209476268339,0.948,0.052,0,1000,0.12194317908292346,0.07929987528750616,1.5377474257155084,0.13252040266633236,-0.03867032735311349,0.2825566855189604,37.43712323076169,c_win
D+ vs. V-,Party/Policy Bundle,Absolute,-0.7,DIM,0.24424516218459857,0.06821357143990517,0.10975604722835797,0.3829992064424971,0.24094873593104893,0.24327377879923487,1,0,0,1000,0.24424516218459844,0.06655507728138724,3.6698201273504334,5.098503481820481e-4,0.11117780661510418,0.3773125177540927,61.404923494852305,c_win
D+ vs. V-,Party/Policy Bundle,Absolute,-0.5,DIM,0.3234935356281406,0.04938057526051547,0.21585068798943177,0.41560488644055454,0.32075101039881454,0.31997119237480487,1,0,0,1000,0.32349353562813954,0.049537026752203554,6.530338149811334,3.9448748149991285e-9,0.2250641410866145,0.4219229301696646,88.97523136210607,c_win
D+ vs. V-,Party/Policy Bundle,Absolute,-0.3,DIM,0.269081574971766,0.04113795106359189,0.18455126321382825,0.3540106189467958,0.26947366439728143,0.269668375992102,1,0,0,1000,0.26908157497176566,0.03951772054095753,6.809137047590593,2.5089843484102094e-10,0.1909674776763883,0.347195672267143,143.05849925511845,c_win
D+ vs. V-,Party/Policy Bundle,Absolute,-0.1,DIM,0.23852038793096209,0.02138877200081344,0.19820592249101163,0.2808381390753712,0.23734531484382926,0.23796012291855442,1,0,0,1000,0.2385203879309663,0.021949232581104608,10.866912410245307,5.5130046691145e-24,0.19535581038636324,0.28168496547556937,360.6058647306568,c_win
D+ vs. V-,Party/Policy Bundle,Absolute,0.1,DIM,0.16673288736721392,0.021769903364618457,0.1245240929829893,0.21087323373173766,0.16550870112615185,0.16584853942649508,1,0,0,1000,0.16673288736721367,0.02196079689865292,7.592296770316249,2.9669495745437306e-13,0.12353905265931905,0.2099267220751083,345.1455532738166,c_win
D+ vs. V-,Party/Policy Bundle,Absolute,0.3,DIM,0.10864333885865507,0.03453576678722506,0.04034342793395895,0.17234553483871368,0.10843415743110868,0.1079396251919433,0.998,0.002,0,1000,0.10864333885865568,0.03461692030209703,3.138446109894827,0.002060768209001337,0.04022016274795347,0.17706651496935788,143.94176129351362,c_win
D+ vs. V-,Party/Policy Bundle,Absolute,0.5,DIM,0.06913431532547631,0.03722982853907448,-0.0017365332500313242,0.1437864016246769,0.070787865655352,0.07059214833053248,0.972,0.028,0,1000,0.06913431532547627,0.03726809357494098,1.855053712003184,0.06652469628676796,-0.004801516925188418,0.14307014757614095,100.33288972761687,c_win
D+ vs. V-,Party/Policy Bundle,Absolute,0.7,DIM,0.03710968525933489,0.049842088919832224,-0.05987279441320948,0.13755151969841492,0.04199661512217645,0.04164281080883649,0.801,0.199,0,1000,0.03710968525933477,0.04896632847411879,0.7578612980744337,0.45272464946512503,-0.06167996204031049,0.13589933255898004,42.411599011220495,c_win
D+ vs. V-,Party/Policy Bundle,Absolute,0.9,DIM,0.062048578721249026,0.042467820568379486,-0.031089701710405527,0.13500564775775117,0.06085754864440607,0.059304946334874625,0.905,0.095,0,1000,0.06204857872124949,0.04230382100718996,1.4667369812931013,0.1538026580854951,-0.02468200103669984,0.14877915847919881,27.47175134038744,c_win
D+ vs. V-,Party/Policy Bundle,Squared,-0.9,DIM,0.18486649702533714,0.06645390633177552,0.058133345255658005,0.32349828271660364,0.18569230638802314,0.18611012896424775,0.998,0.002,0,1000,0.18486649702533708,0.06530976705874061,2.8306102647566527,0.006663909720746754,0.0537031330775585,0.3160298609731157,50.23439499003404,c_win
D+ vs. V-,Party/Policy Bundle,Squared,-0.7,DIM,0.20383775142236477,0.061188563706796026,0.0771574878748122,0.31873659010975797,0.19822717181141086,0.19994028114558457,1,0,0,1000,0.20383775142236493,0.06071856976284002,3.3570907914750383,0.0013687207034733264,0.08239353230503325,0.3252819705396966,60.265485638644954,c_win
D+ vs. V-,Party/Policy Bundle,Squared,-0.5,DIM,0.27508926720503557,0.05721514650460309,0.15858300175665066,0.3839859307103683,0.2773914444496791,0.27536192201366283,1,0,0,1000,0.27508926720503546,0.057580274015418695,4.777491457080819,8.216437653260592e-6,0.16044961118620277,0.38972892322386815,77.73583056310783,c_win
D+ vs. V-,Party/Policy Bundle,Squared,-0.3,DIM,0.3574051434820484,0.039967610960979054,0.2758654215147222,0.4369609570255046,0.356549892079566,0.35556862217136714,1,0,0,1000,0.3574051434820489,0.040296306280306914,8.869426914613145,1.2669090638931653e-14,0.27756939882214265,0.4372408881419551,112.80493027970788,c_win
D+ vs. V-,Party/Policy Bundle,Squared,-0.1,DIM,0.2288564037527716,0.02137162121713441,0.1870456492177188,0.2692666689599155,0.22815883591372832,0.22862935459984107,1,0,0,1000,0.22885640375277144,0.02164165686636692,10.574809736884557,4.770315256422855e-23,0.1863021887887092,0.2714106187168337,374.9859259410428,c_win
D+ vs. V-,Party/Policy Bundle,Squared,0.1,DIM,0.16278816498961368,0.021240023063352317,0.12028814914238233,0.20262719690382294,0.16224856383279562,0.16222133665876068,1,0,0,1000,0.16278816498961235,0.021246814409679668,7.661768105596526,1.724786061272036e-13,0.12100433541765819,0.2045719945615665,359.06819690846515,c_win
D+ vs. V-,Party/Policy Bundle,Squared,0.3,DIM,0.13539650355724753,0.032725585757457126,0.06777858066695039,0.19790288134174713,0.13611731281682937,0.13468574422000712,1,0,0,1000,0.13539650355724753,0.03400507209834051,3.9816561237008834,1.1310605505414778e-4,0.06812311513130008,0.20266989198319496,130.32579568720504,c_win
D+ vs. V-,Party/Policy Bundle,Squared,0.5,DIM,0.01117692916128965,0.04971043202511121,-0.07979557177021966,0.1088349871847991,0.01351199955745147,0.012840621550919392,0.586,0.414,0,1000,0.011176929161289366,0.04999594695353534,0.22355670494003949,0.8237229065174364,-0.08845465560760316,0.1108085139301819,73.44604980634665,c_win
D+ vs. V-,Party/Policy Bundle,Squared,0.7,DIM,0.06519239986502745,0.047526871834728486,-0.030287228480388693,0.15630105234221014,0.06792185011304747,0.06736508779652738,0.92,0.08,0,1000,0.06519239986502728,0.04907407540828953,1.3284488667924057,0.1921794998432004,-0.03424680747693004,0.1646316072069846,36.93743198515111,c_win
D+ vs. V-,Party/Policy Bundle,Squared,0.9,DIM,0.06527244917187058,0.03353163701769867,-0.006122187822844102,0.122464271597825,0.06508161798858114,0.0635133390171313,0.967,0.033,0,1000,0.0652724491718703,0.03322928134188226,1.9643051711022341,0.05625110322657252,-0.0018215343823918123,0.1323664327261324,41.281846925597996,c_win
D+ vs. V-,Policy Rank,Absolute,-0.9,DIM,0.2134168707672388,0.07745435367249963,0.06633623671792571,0.37756040037130195,0.21139106849490982,0.21079903209952575,0.995,0.005,0,1000,0.21341687076723867,0.07870272432268731,2.711683396018324,0.009954974441865386,0.05415268516083496,0.37268105637364235,38.4495381481251,c_win
D+ vs. V-,Policy Rank,Absolute,-0.7,DIM,0.19335943555335539,0.05314491700580086,0.08737112276608554,0.2958996291550842,0.1913664406448955,0.19305885951166052,1,0,0,1000,0.19335943555335572,0.052571374303719075,3.6780365382168987,4.0127401707191877e-4,0.08890524284973492,0.29781362825697655,89.24855031588511,c_win
D+ vs. V-,Policy Rank,Absolute,-0.5,DIM,0.2198867013294344,0.03672136862360367,0.15059133938497002,0.2892132446601039,0.2186355322902946,0.21961882478790512,1,0,0,1000,0.21988670132943416,0.03735118089400976,5.887008015982134,2.2372161221843685e-8,0.14612234321928244,0.2936510594395859,160.15594140365502,c_win
D+ vs. V-,Policy Rank,Absolute,-0.3,DIM,0.23406315793608423,0.030812648588347886,0.17285638861877214,0.29739037991668726,0.23504390690324412,0.23529531675189477,1,0,0,1000,0.23406315793608318,0.02979728670285905,7.855183603466312,1.6298172641120972e-13,0.1753455584378017,0.29278075743436466,224.88866270467975,c_win
D+ vs. V-,Policy Rank,Absolute,-0.1,DIM,0.2639405712303667,0.02081287964083661,0.22260274016662712,0.3037912811599167,0.2648149710190971,0.26399110875176685,1,0,0,1000,0.26394057123036524,0.02083053271091309,12.670850759956181,5.759361929245113e-31,0.22298393972220837,0.3048972027385221,382.6663062020386,c_win
D+ vs. V-,Policy Rank,Absolute,0.1,DIM,0.15178935446023634,0.02031175459185984,0.10978744127254035,0.19015116425860928,0.15112474507400842,0.15086954679338987,1,0,0,1000,0.15178935446023675,0.020192754733837578,7.517020657210231,3.822346242178529e-13,0.11209015266078703,0.19148855625968647,393.4167194370791,c_win
D+ vs. V-,Policy Rank,Absolute,0.3,DIM,0.1251930084960331,0.02708642425346104,0.06960926314260765,0.17760466600044145,0.12601134429033323,0.1256152537700969,1,0,0,1000,0.12519300849603338,0.027210934022550842,4.60083466419347,7.70351218658733e-6,0.07151641344280743,0.17886960354925932,188.7595995226176,c_win
D+ vs. V-,Policy Rank,Absolute,0.5,DIM,0.0953317410374731,0.029753477690777942,0.029564105577669156,0.15054285178928561,0.0942443826806269,0.09298037240570992,0.998,0.002,0,1000,0.09533174103747274,0.03094663972407122,3.08051994941864,0.002434771721665555,0.03421316518193341,0.1564503168930121,159.31285669025925,c_win
D+ vs. V-,Policy Rank,Absolute,0.7,DIM,0.15378406194992789,0.038220624128213435,0.0747527925307743,0.22530193150034097,0.15329771630119615,0.15240515282855435,1,0,0,1000,0.15378406194992772,0.03822003691010145,4.023650273066142,1.2134954301824283e-4,0.07782425331980067,0.22974387058005477,87.54382515037273,c_win
D+ vs. V-,Policy Rank,Absolute,0.9,DIM,0.1199196476095078,0.0658005144148389,-0.0222715366036367,0.2385569941981305,0.12596961110474753,0.12199934070951793,0.957,0.043,0,1000,0.11991964760950775,0.06500031143687524,1.8449088159518618,0.07406557117693743,-0.012337646927616727,0.2521769421466322,32.91374722711361,c_win
D+ vs. V-,Policy Rank,Squared,-0.9,DIM,0.13837959791579324,0.08739730350414977,-0.019515594048129963,0.31179416940941407,0.13188173903260383,0.13571776667120472,0.948,0.052,0,1000,0.13837959791579316,0.0896065947164563,1.5443014920237748,0.13277745537486976,-0.044457893587468045,0.32121708941905436,30.654027717018128,c_win
D+ vs. V-,Policy Rank,Squared,-0.7,DIM,0.23751347785181587,0.048017412270273466,0.14428634264737464,0.33297055653345414,0.23907836784449069,0.23851991126357214,1,0,0,1000,0.2375134778518157,0.04789215468988136,4.959339987724492,2.6490667344431977e-6,0.14258179867750226,0.33244515702612915,107.88763505197045,c_win
D+ vs. V-,Policy Rank,Squared,-0.5,DIM,0.1987435798349539,0.033401688604449656,0.1314228386261491,0.26340681023468543,0.19837343137833996,0.19865286777619426,1,0,0,1000,0.19874357983495344,0.032461711582197544,6.122399902781072,4.72524053728049e-9,0.13473619918092922,0.26275096048897767,201.94142588450117,c_win
D+ vs. V-,Policy Rank,Squared,-0.3,DIM,0.2471237811082494,0.027605677165328666,0.1941969214219644,0.3008642592013558,0.24714518752364176,0.24708238532011048,1,0,0,1000,0.24712378110824373,0.026859902711801272,9.200471936172221,7.899294741288384e-18,0.19425449757831756,0.2999930646381699,284.58356547937166,c_win
D+ vs. V-,Policy Rank,Squared,-0.1,DIM,0.28675709806253213,0.023390403764992088,0.24076789450322525,0.3311961203425891,0.28749915254664504,0.2865722779177691,1,0,0,1000,0.2867570980625345,0.023421699374750356,12.243223408958597,2.3081314161067216e-28,0.24067079127367152,0.3328434048513975,308.81109998714317,c_win
D+ vs. V-,Policy Rank,Squared,0.1,DIM,0.1505988551461771,0.02272221734121714,0.10595814202400178,0.1939035825240272,0.1511807254796661,0.1501195782068781,1,0,0,1000,0.15059885514617616,0.02303319463046248,6.53833988564496,2.565090394007188e-10,0.10527743132784624,0.1959202789645061,309.5605026387328,c_win
D+ vs. V-,Policy Rank,Squared,0.3,DIM,0.12553198973809576,0.02451747901318868,0.07645444787934343,0.17381260012955455,0.12647239241662306,0.12583106013574857,1,0,0,1000,0.1255319897380964,0.024128682644585016,5.202604368716682,3.895821857424672e-7,0.07802733659654335,0.17303664287964945,269.53668886508785,c_win
D+ vs. V-,Policy Rank,Squared,0.5,DIM,0.1268295938025038,0.026473447772479574,0.072905602506888,0.1765358164719761,0.12679577666890235,0.12567593092697804,1,0,0,1000,0.12682959380250364,0.026582474579943182,4.771173331552744,3.84555015774702e-6,0.07436614857343984,0.17929303903156743,175.0277293285788,c_win
D+ vs. V-,Policy Rank,Squared,0.7,DIM,0.08917170210239533,0.03924248720775757,0.014023047420453044,0.16128025443902685,0.08794333163829415,0.08749877575651423,0.988,0.012,0,1000,0.0891717021023952,0.03832688508467252,2.3266096867876245,0.02183300589628685,0.013209821088508822,0.16513358311628157,109.09714955348387,c_win
D+ vs. V-,Policy Rank,Squared,0.9,DIM,0.11176408532185167,0.06890669510098377,-0.03552650646151735,0.2302065475510492,0.11679805806175325,0.11185726080130011,0.935,0.065,0,1000,0.11176408532185156,0.06783176066002139,1.6476659935457485,0.11076655097455657,-0.02727694165452521,0.25080511229822833,27.58617836401255,c_win
D+ vs. V-,Policy Rating,Absolute,-0.9,DIM,0.11194982459495614,0.08563790905701556,-0.048623269334433186,0.2834082026082496,0.10776995976425116,0.11046128782772822,0.899,0.101,0,1000,0.11194982459495606,0.08501782266220682,1.3167806595066023,0.1985389375402763,-0.0621645038343574,0.2860641530242695,28.131929225878157,c_win
D+ vs. V-,Policy Rating,Absolute,-0.7,DIM,0.22835463143283835,0.08340705142195028,0.0764408494122183,0.3922939497465026,0.22468337739904137,0.22581957890880544,0.999,0.001,0,1000,0.22835463143283816,0.08539960654368511,2.6739541395430924,0.012057349879964818,0.053879931457040925,0.4028293314086354,29.734061294907338,c_win
D+ vs. V-,Policy Rating,Absolute,-0.5,DIM,0.21853129302058444,0.0382539901872471,0.1445158414993906,0.29060512504199465,0.21914647866492554,0.218346138882034,1,0,0,1000,0.21853129302058574,0.03732675680268662,5.854548097381361,3.201088677914392e-8,0.14474016968695488,0.29232241635421663,141.29146728671054,c_win
D+ vs. V-,Policy Rating,Absolute,-0.3,DIM,0.26724776311371595,0.029459415444963822,0.20931991439894118,0.32592467107477713,0.26931337588143356,0.2686168383436056,1,0,0,1000,0.26724776311371573,0.030505428123065406,8.760662595377493,4.139063480569037e-16,0.20714484916899178,0.3273506770584397,232.11771811613875,c_win
D+ vs. V-,Policy Rating,Absolute,-0.1,DIM,0.24204937388581427,0.019863826325938524,0.20293253824325908,0.2804973295857859,0.24084490631237465,0.24125887389786768,1,0,0,1000,0.24204937388581646,0.019901798509054335,12.162185933884114,4.996841715330667e-29,0.20291969722380518,0.28117905054782777,385.4413337756708,c_win
D+ vs. V-,Policy Rating,Absolute,0.1,DIM,0.15270695359103947,0.019192331243800615,0.11582233924019955,0.18895460666812944,0.15169261884994895,0.1521756744280368,1,0,0,1000,0.152706953591041,0.019370504613270865,7.883478341933355,3.060023994398837e-14,0.11462616729268621,0.1907877398893958,399.7503093685557,c_win
D+ vs. V-,Policy Rating,Absolute,0.3,DIM,0.13062841120086977,0.023810088673342736,0.08533077372425509,0.17505713864033906,0.13062920728659894,0.13047900646379587,1,0,0,1000,0.13062841120087088,0.023837352171926732,5.47998830821118,1.222624896009049e-7,0.08363473325465622,0.17762208914708555,208.0789136605326,c_win
D+ vs. V-,Policy Rating,Absolute,0.5,DIM,0.09479634250134528,0.027454411231644497,0.03983711464342554,0.14709217925295204,0.09553102565097193,0.09499262902753194,0.999,0.001,0,1000,0.09479634250134572,0.026705185902134356,3.5497353528540434,5.31328369097838e-4,0.04198153775369212,0.14761114724899932,134.95342856659178,c_win
D+ vs. V-,Policy Rating,Absolute,0.7,DIM,0.06133856825357131,0.0514552944868489,-0.046375505806647246,0.15592944194871466,0.0624023549685343,0.060349663347304155,0.876,0.124,0,1000,0.06133856825357139,0.05221016174839849,1.1748396518892783,0.24734513467583447,-0.04434423845064448,0.16702137495778727,38.122366476636984,c_win
D+ vs. V-,Policy Rating,Absolute,0.9,DIM,0.06694541361659945,0.046769209200093975,-0.029612219516447734,0.14733958465474806,0.06871039551836572,0.06537151441308602,0.91,0.09,0,1000,0.06694541361659935,0.04422044912332792,1.5139017116242532,0.1535566544446023,-0.02841312976235967,0.16230395699555838,13.237484068424319,c_win
D+ vs. V-,Policy Rating,Squared,-0.9,DIM,0.07777788080886078,0.08219675847983626,-0.07402716633242505,0.2491522946269379,0.07628117619896202,0.07746952788664427,0.819,0.181,0,1000,0.07777788080886078,0.08121743143180932,0.9576500935536676,0.34633395746449,-0.08849475121989184,0.2440505128376134,28.354800126471094,c_win
D+ vs. V-,Policy Rating,Squared,-0.7,DIM,0.14499816466219512,0.08335012535317111,-0.017473637913566938,0.30929937380369865,0.13847416896177053,0.1424325795722516,0.959,0.041,0,1000,0.14499816466219498,0.08504994932501837,1.7048589189404981,0.09835881774304323,-0.02855695141354031,0.31855328073793027,30.58862189071384,c_win
D+ vs. V-,Policy Rating,Squared,-0.5,DIM,0.2323166393174129,0.0364326593276725,0.1578179753903971,0.3020700936150284,0.232140315299384,0.23150021797549492,1,0,0,1000,0.23231663931741198,0.03531329613397865,6.578729961542039,9.026782076512954e-10,0.16249319875968032,0.30214007987514363,138.37303226678898,c_win
D+ vs. V-,Policy Rating,Squared,-0.3,DIM,0.2819340749861007,0.03329236635089742,0.21917343655581784,0.344436029306083,0.28414352717690816,0.2831939303404326,1,0,0,1000,0.28193407498609985,0.033106492828846326,8.515975293536536,2.952163025100242e-15,0.21667691017558113,0.3471912397966186,213.66371078566206,c_win
D+ vs. V-,Policy Rating,Squared,-0.1,DIM,0.24458701641501118,0.01876287542949536,0.20758993058094896,0.2791261894382277,0.24447392495264159,0.24418988246448484,1,0,0,1000,0.2445870164150132,0.019316513984199864,12.66206814620255,3.124405591374949e-31,0.20661496230127518,0.28255907052875123,408.93973933599096,c_win
D+ vs. V-,Policy Rating,Squared,0.1,DIM,0.14969726503297354,0.018722440451053313,0.11341270843643501,0.18757903128804296,0.14922756347017524,0.14913845110372323,1,0,0,1000,0.14969726503297098,0.018861846996404034,7.936511470033152,1.983160400132864e-14,0.11261994328100289,0.18677458678493908,412.5239846624057,c_win
D+ vs. V-,Policy Rating,Squared,0.3,DIM,0.12029658329983028,0.026259118980558358,0.0670278149640058,0.17256134508679324,0.12030021336280788,0.12038582655045293,1,0,0,1000,0.12029658329983035,0.026944137441362963,4.464666332764415,1.367482369947649e-5,0.06715131494620633,0.17344185165345438,191.5758913173622,c_win
D+ vs. V-,Policy Rating,Squared,0.5,DIM,0.10130752375546948,0.026541997275702642,0.047733083616296024,0.15257494824561796,0.10243594434857434,0.10127566603902993,0.999,0.001,0,1000,0.1013075237554697,0.025530476604930977,3.968101548715431,1.1642879148773784e-4,0.050822027462819296,0.1517930200481201,136.77652395307035,c_win
D+ vs. V-,Policy Rating,Squared,0.7,DIM,0.05496232447505767,0.055671368889081314,-0.0622277730799643,0.1549266814875894,0.05975484511057483,0.05551627380027657,0.84,0.16,0,1000,0.05496232447505739,0.055617960541416434,0.9882117923782765,0.3303595571083776,-0.0582655222851325,0.16819017123524727,32.4548107219194,c_win
D+ vs. V-,Policy Rating,Squared,0.9,DIM,0.07391681473259015,0.05336549990606643,-0.03564883462741035,0.1654839417353284,0.07374111797243654,0.07051940168929814,0.896,0.104,0,1000,0.07391681473259015,0.05086716682327406,1.4531341010085472,0.16613932847180868,-0.03420355759352532,0.18203718705870564,15.494211295731992,c_win
D+ vs. V-,Spatial Distance,Absolute,-0.9,DIM,0.3848124838853365,0.18109261136040186,-0.021526318605928844,0.6843725083538497,0.37630459104242164,0.3662182502392798,0.969,0.031,0,1000,0.3848124838853366,0.18960163204942942,2.029584237887865,0.09084918769312718,-0.08425120103804451,0.8538761688087178,5.740801868816838,c_win
D+ vs. V-,Spatial Distance,Absolute,-0.7,DIM,0.14538719995099258,0.07843235470665327,-0.0014485530815766955,0.30685129167548436,0.14171200010352408,0.14463910371294234,0.973,0.027,0,1000,0.1453871999509927,0.07715787629394238,1.8842820322985867,0.0682668402956054,-0.011528150322325209,0.30230255022431063,33.35547533563686,c_win
D+ vs. V-,Spatial Distance,Absolute,-0.5,DIM,0.2829786564734164,0.047591907232871114,0.19043116349887668,0.36951597543742426,0.28157117872548376,0.28081573206537014,1,0,0,1000,0.282978656473417,0.047029017130820694,6.017107601595305,1.7903183474363187e-8,0.18991141526440594,0.37604589768242813,126.25201126882774,c_win
D+ vs. V-,Spatial Distance,Absolute,-0.3,DIM,0.2834232825945194,0.03210553153974268,0.22255024332227782,0.34563139339719473,0.2841261178799595,0.28441731029137196,1,0,0,1000,0.28342328259451943,0.032364410749820854,8.757251438482879,7.027991993393775e-16,0.2196187621591424,0.3472278030298965,207.88898749859837,c_win
D+ vs. V-,Spatial Distance,Absolute,-0.1,DIM,0.19506469734384585,0.01875348229336785,0.16049683458796601,0.23257823689900123,0.19466550380721998,0.19513132948821899,1,0,0,1000,0.1950646973438467,0.018652431029875575,10.457869916870989,3.4096122292985636e-23,0.15841399428499878,0.23171540040269464,478.9843269839226,c_win
D+ vs. V-,Spatial Distance,Absolute,0.1,DIM,0.18021348873942633,0.018209562591550585,0.1444345107521484,0.2132178343911814,0.1800222514242425,0.18005164401199542,1,0,0,1000,0.18021348873942558,0.01817734348319616,9.914181844339462,4.26228732522181e-21,0.14449098297184773,0.21593599450700343,452.4064683616285,c_win
D+ vs. V-,Spatial Distance,Absolute,0.3,DIM,0.13133059660311552,0.02773048901878081,0.07377674457567686,0.18430880816618134,0.13119473521859454,0.13160586313557435,1,0,0,1000,0.13133059660311636,0.02784950931161643,4.715723897811603,4.4711504659659876e-6,0.07641939581561971,0.186241797390613,203.12438419659497,c_win
D+ vs. V-,Spatial Distance,Absolute,0.5,DIM,0.04810344426789348,0.04385657689105571,-0.043490999965970834,0.132463940065408,0.04816833182784347,0.046849317422536056,0.856,0.144,0,1000,0.0481034442678934,0.04335689734028527,1.1094761668565671,0.2702271811633381,-0.03805116361100182,0.1342580521467886,88.59874002612814,c_win
D+ vs. V-,Spatial Distance,Absolute,0.7,DIM,0.05842829052176157,0.055579421698228965,-0.05419557289947035,0.16764135263277968,0.05879506800726325,0.057991961521743046,0.858,0.142,0,1000,0.058428290521761586,0.059976354084280335,0.9741887684545918,0.33402475098871065,-0.06163777074415329,0.17849435178767648,57.76624054756629,c_win
D+ vs. V-,Spatial Distance,Absolute,0.9,DIM,0.10286083474766106,0.12936390603091655,-0.1892790456087406,0.3127291985627498,0.11200926523001092,0.09632443769993441,0.793,0.207,0,1000,0.10286083474766126,0.12076968630401744,0.8517107056875709,0.4338141778966943,-0.20898815373728352,0.4147098232326061,4.926379387451773,c_win
D+ vs. V-,Spatial Distance,Squared,-0.9,DIM,0.3614738356076253,0.2865440597897384,-0.14173577411503518,0.776558199204027,0.33248509240737834,0.278115005330215,0.6452905811623246,0.30060120240480964,2,1000,0.3614738356076252,0.4097391182364617,0.8822048457648546,0.4667837948142901,-1.3214685838891427,2.044416255104393,2.1027342641751576,c_win
D+ vs. V-,Spatial Distance,Squared,-0.7,DIM,0.3130201729410762,0.09159843065900954,0.11901788765117953,0.4800510666624075,0.3162409454377111,0.3131952287524362,0.999,0.001,0,1000,0.3130201729410762,0.08808267348795401,3.553708811800361,0.0016778148267131336,0.1308780371697798,0.4951623087123726,23.162609981478223,c_win
D+ vs. V-,Spatial Distance,Squared,-0.5,DIM,0.20908407151537794,0.04435895212851361,0.1251853219125702,0.2917725263681436,0.21154934829335087,0.21069127476590274,1,0,0,1000,0.209084071515378,0.04341812056273548,4.815594705746633,4.1491021241104746e-6,0.1231569310945926,0.2950112119361634,125.40447790380294,c_win
D+ vs. V-,Spatial Distance,Squared,-0.3,DIM,0.24599381819971344,0.028031799400264165,0.19365453093621623,0.3008616660702111,0.24728171110480074,0.2462446778205313,1,0,0,1000,0.24599381819971342,0.02826259826795661,8.70386423312731,3.5696679942171215e-16,0.19034442269807614,0.3016432137013507,263.37504204213354,c_win
D+ vs. V-,Spatial Distance,Squared,-0.1,DIM,0.22201458922221978,0.021573761303260174,0.17953070003329738,0.26391729390649843,0.22223052769395557,0.22160394799190566,1,0,0,1000,0.22201458922221884,0.021150341864464368,10.496974027414444,6.266758817250532e-23,0.18043480700356357,0.2635943714408741,399.7969604942019,c_win
D+ vs. V-,Spatial Distance,Squared,0.1,DIM,0.1879417182103903,0.018297959903628775,0.15176455334840197,0.22221130157021785,0.18821138558828754,0.18805703178411137,1,0,0,1000,0.1879417182103903,0.018367105951637996,10.232516690721734,5.603518166281999e-22,0.15183331459438154,0.22405012182639905,398.9684815056995,c_win
D+ vs. V-,Spatial Distance,Squared,0.3,DIM,0.08731363449122942,0.023960659075345142,0.03732723142828056,0.13072053381531465,0.08622427608044908,0.08557510207302692,1,0,0,1000,0.08731363449122778,0.02332755464500606,3.7429398760371053,2.2362465968613155e-4,0.041379947981120706,0.13324732100133485,261.58469760901625,c_win
D+ vs. V-,Spatial Distance,Squared,0.5,DIM,0.07697762080511472,0.03636517523337641,0.0026719582352268214,0.14585527144544083,0.0770078828530475,0.07703857773514876,0.976,0.024,0,1000,0.07697762080511455,0.03685841505916516,2.088468011485302,0.03878306408252906,0.004030915796678677,0.14992432581355042,125.11808258454468,c_win
D+ vs. V-,Spatial Distance,Squared,0.7,DIM,0.13943178346468066,0.062413436291382074,0.006641498743666107,0.24501186848553042,0.14528047298396096,0.14060998536581584,0.98,0.02,0,1000,0.13943178346468044,0.06403590843646711,2.1773999443299368,0.03726372030532554,0.008776235546243571,0.2700873313831173,30.69021942875644,c_win
D+ vs. V-,Spatial Distance,Squared,0.9,DIM,-0.12551692785397184,0.14412003663852618,-0.4322821622129687,0.12243068561898204,-0.12648060081730111,-0.12952004643144294,0.198,0.784,0,1000,-0.12551692785397184,0.14473898169035923,-0.8671950457858739,0.40826811195217794,-0.452728315320567,0.20169445961262333,9.03821999984584,c_win
V- vs. D+,Party/Policy Bundle,Absolute,-0.9,DIM,-0.06204857872124912,0.042467820568379486,-0.13500564775775128,0.03108970171040552,-0.06085754864440616,-0.059304946334874625,0.095,0.905,0,1000,-0.06204857872124915,0.04230382100718997,-1.466736981293093,0.1538026580854972,-0.1487791584791984,0.024682001036700096,27.471751340387975,c_win
V- vs. D+,Party/Policy Bundle,Absolute,-0.7,DIM,-0.03710968525933481,0.049842088919832224,-0.13755151969841484,0.05987279441320975,-0.04199661512217643,-0.04164281080883649,0.199,0.801,0,1000,-0.037109685259334724,0.04896632847411873,-0.7578612980744337,0.4527246494651256,-0.1358993325589804,0.061679962040310954,42.41159901121284,c_win
V- vs. D+,Party/Policy Bundle,Absolute,-0.5,DIM,-0.06913431532547631,0.03722982853907448,-0.14378640162467687,0.0017365332500313205,-0.07078786565535207,-0.07059214833053248,0.028,0.972,0,1000,-0.06913431532547618,0.037268093574940944,-1.8550537120031831,0.06652469628676935,-0.1430701475761412,0.004801516925188848,100.33288972757265,c_win
V- vs. D+,Party/Policy Bundle,Absolute,-0.3,DIM,-0.1086433388586549,0.03453576678722505,-0.17234553483871368,-0.04034342793395901,-0.10843415743110865,-0.1079396251919433,0.002,0.998,0,1000,-0.10864333885865483,0.03461692030209704,-3.1384461098948018,0.002060768209001366,-0.17706651496935683,-0.04022016274795283,143.94176129356603,c_win
V- vs. D+,Party/Policy Bundle,Absolute,-0.1,DIM,-0.16673288736721387,0.021769903364618457,-0.21087323373173766,-0.12452409298298936,-0.16550870112615176,-0.16584853942649505,0,1,0,1000,-0.16673288736721403,0.02196079689865291,-7.59229677031627,2.9669495745444743e-13,-0.20992672207510865,-0.12353905265931941,345.14555327375183,c_win
V- vs. D+,Party/Policy Bundle,Absolute,0.1,DIM,-0.23852038793096192,0.02138877200081344,-0.28083813907537103,-0.19820592249101174,-0.23734531484382923,-0.23796012291855442,0,1,0,1000,-0.23852038793096053,0.021949232581104396,-10.866912410245149,5.513004669115142e-24,-0.28168496547556315,-0.1953558103863579,360.6058647307203,c_win
V- vs. D+,Party/Policy Bundle,Absolute,0.3,DIM,-0.2690815749717658,0.04113795106359189,-0.3540106189467957,-0.18455126321382823,-0.26947366439728143,-0.269668375992102,0,1,0,1000,-0.2690815749717652,0.03951772054095753,-6.809137047590581,2.5089843484130425e-10,-0.3471956722671428,-0.1909674776763876,143.05849925506152,c_win
V- vs. D+,Party/Policy Bundle,Absolute,0.5,DIM,-0.32349353562814065,0.04938057526051547,-0.41560488644055443,-0.21585068798943163,-0.3207510103988145,-0.31997119237480487,0,1,0,1000,-0.3234935356281395,0.04953702675220347,-6.530338149811344,3.944874814993054e-9,-0.42192293016966376,-0.2250641410866152,88.97523136214816,c_win
V- vs. D+,Party/Policy Bundle,Absolute,0.7,DIM,-0.24424516218459857,0.06821357143990517,-0.3829992064424971,-0.10975604722835816,-0.24094873593104899,-0.24327377879923487,0,1,0,1000,-0.24424516218459885,0.06655507728138717,-3.669820127350443,5.098503481819937e-4,-0.37731251775409264,-0.11117780661510507,61.40492349485934,c_win
V- vs. D+,Party/Policy Bundle,Absolute,0.9,DIM,-0.1219431790829234,0.07750605772002978,-0.2836180100732561,0.02498910178183365,-0.12207206252826691,-0.12348209476268339,0.052,0.948,0,1000,-0.12194317908292336,0.07929987528750619,-1.5377474257155066,0.13252040266633197,-0.2825566855189599,0.038670327353113196,37.437123230765096,c_win
V- vs. D+,Party/Policy Bundle,Squared,-0.9,DIM,-0.06527244917187056,0.03353163701769867,-0.1224642715978249,0.006122187822844195,-0.06508161798858125,-0.0635133390171313,0.033,0.967,0,1000,-0.06527244917187008,0.033229281341882286,-1.964305171102226,0.056251103226572785,-0.13236643272613202,0.001821534382391854,41.28184692560251,c_win
V- vs. D+,Party/Policy Bundle,Squared,-0.7,DIM,-0.0651923998650274,0.04752687183472848,-0.1563010523422101,0.03028722848038858,-0.06792185011304744,-0.06736508779652739,0.08,0.92,0,1000,-0.06519239986502744,0.04907407540828958,-1.3284488667924075,0.1921794998432005,-0.16463160720698516,0.03424680747693028,36.93743198514777,c_win
V- vs. D+,Party/Policy Bundle,Squared,-0.5,DIM,-0.01117692916128954,0.04971043202511121,-0.10883498718479924,0.07979557177021952,-0.013511999557451485,-0.012840621550919385,0.414,0.586,0,1000,-0.011176929161289345,0.049995946953535327,-0.22355670494003912,0.8237229065174366,-0.11080851393018165,0.08845465560760296,73.44604980635499,c_win
V- vs. D+,Party/Policy Bundle,Squared,-0.3,DIM,-0.1353965035572475,0.03272558575745712,-0.19790288134174705,-0.0677785806669504,-0.13611731281682932,-0.13468574422000712,0,1,0,1000,-0.13539650355724736,0.034005072098340514,-3.9816561237008776,1.1310605505411587e-4,-0.2026698919831944,-0.06812311513130032,130.32579568729008,c_win
V- vs. D+,Party/Policy Bundle,Squared,-0.1,DIM,-0.16278816498961352,0.02124002306335232,-0.20262719690382286,-0.12028814914238227,-0.16224856383279554,-0.16222133665876068,0,1,0,1000,-0.16278816498961363,0.021246814409679616,-7.661768105596605,1.724786061268669e-13,-0.2045719945615676,-0.12100433541765965,359.06819690871794,c_win
V- vs. D+,Party/Policy Bundle,Squared,0.1,DIM,-0.22885640375277144,0.02137162121713441,-0.2692666689599155,-0.187045649217719,-0.22815883591372835,-0.22862935459984104,0,1,0,1000,-0.2288564037527664,0.02164165686636693,-10.574809736884319,4.770315256444849e-23,-0.2714106187168287,-0.18630218878870405,374.9859259408765,c_win
V- vs. D+,Party/Policy Bundle,Squared,0.3,DIM,-0.35740514348204827,0.03996761096097906,-0.43696095702550475,-0.27586542151472226,-0.356549892079566,-0.35556862217136714,0,1,0,1000,-0.3574051434820478,0.04029630628030682,-8.86942691461314,1.2669090638979055e-14,-0.4372408881419543,-0.2775693988221414,112.80493027964702,c_win
V- vs. D+,Party/Policy Bundle,Squared,0.5,DIM,-0.2750892672050355,0.05721514650460309,-0.3839859307103681,-0.1585830017566506,-0.2773914444496791,-0.27536192201366283,0,1,0,1000,-0.27508926720503674,0.05758027401541873,-4.7774914570808376,8.216437653262966e-6,-0.38972892322387,-0.1604496111862035,77.73583056308621,c_win
V- vs. D+,Party/Policy Bundle,Squared,0.7,DIM,-0.2038377514223647,0.06118856370679603,-0.3187365901097581,-0.07715748787481223,-0.19822717181141086,-0.19994028114558457,0,1,0,1000,-0.2038377514223649,0.060718569762840055,-3.357090791475036,0.0013687207034732962,-0.32528197053969654,-0.08239353230503327,60.26548563864872,c_win
V- vs. D+,Party/Policy Bundle,Squared,0.9,DIM,-0.18486649702533697,0.06645390633177552,-0.32349828271660375,-0.05813334525565802,-0.18569230638802314,-0.18611012896424775,0.002,0.998,0,1000,-0.1848664970253359,0.06530976705874066,-2.8306102647566327,0.006663909720747237,-0.31602986097311475,-0.05370313307755703,50.23439499003131,c_win
V- vs. D+,Policy Rank,Absolute,-0.9,DIM,-0.11991964760950796,0.06580051441483889,-0.23855699419813048,0.0222715366036367,-0.1259696111047475,-0.12199934070951793,0.043,0.957,0,1000,-0.11991964760950782,0.06500031143687524,-1.844908815951863,0.07406557117693818,-0.2521769421466328,0.012337646927617157,32.91374722711027,c_win
V- vs. D+,Policy Rank,Absolute,-0.7,DIM,-0.1537840619499278,0.038220624128213435,-0.22530193150034097,-0.07475279253077434,-0.15329771630119626,-0.15240515282855435,0,1,0,1000,-0.15378406194992766,0.03822003691010145,-4.02365027306614,1.2134954301825995e-4,-0.2297438705800549,-0.0778242533198004,87.54382515035536,c_win
V- vs. D+,Policy Rank,Absolute,-0.5,DIM,-0.095331741037473,0.029753477690777935,-0.15054285178928548,-0.029564105577669104,-0.09424438268062695,-0.09298037240570992,0.002,0.998,0,1000,-0.0953317410374728,0.030946639724071197,-3.080519949418644,0.002434771721665507,-0.1564503168930121,-0.03421316518193352,159.31285669026494,c_win
V- vs. D+,Policy Rank,Absolute,-0.3,DIM,-0.12519300849603288,0.027086424253461045,-0.1776046660004414,-0.0696092631426076,-0.1260113442903333,-0.1256152537700969,0,1,0,1000,-0.12519300849603307,0.027210934022550825,-4.600834664193462,7.703512186588005e-6,-0.17886960354925902,-0.07151641344280713,188.75959952259925,c_win
V- vs. D+,Policy Rank,Absolute,-0.1,DIM,-0.15178935446023645,0.02031175459185984,-0.19015116425860928,-0.10978744127254025,-0.1511247450740084,-0.15086954679338987,0,1,0,1000,-0.15178935446023387,0.020192754733837526,-7.517020657210107,3.8223462421869285e-13,-0.19148855625968358,-0.11209015266078415,393.4167194367732,c_win
V- vs. D+,Policy Rank,Absolute,0.1,DIM,-0.26394057123036674,0.02081287964083661,-0.3037912811599167,-0.22260274016662693,-0.2648149710190971,-0.26399110875176685,0,1,0,1000,-0.26394057123036496,0.02083053271091311,-12.670850759956158,5.759361929190584e-31,-0.3048972027385217,-0.22298393972220817,382.66630620238567,c_win
V- vs. D+,Policy Rank,Absolute,0.3,DIM,-0.234063157936084,0.030812648588347882,-0.2973903799166874,-0.17285638861877234,-0.23504390690324406,-0.23529531675189477,0,1,0,1000,-0.23406315793608357,0.02979728670285914,-7.855183603466301,1.6298172641132193e-13,-0.29278075743436527,-0.17534555843780184,224.88866270463515,c_win
V- vs. D+,Policy Rank,Absolute,0.5,DIM,-0.21988670132943433,0.03672136862360368,-0.28921324466010395,-0.15059133938497007,-0.21863553229029473,-0.21961882478790512,0,1,0,1000,-0.21988670132943336,0.037351180894009586,-5.887008015982139,2.2372161221850732e-8,-0.29365105943958486,-0.14612234321928186,160.15594140361915,c_win
V- vs. D+,Policy Rank,Absolute,0.7,DIM,-0.19335943555335533,0.05314491700580086,-0.2958996291550843,-0.0873711227660855,-0.19136644064489544,-0.19305885951166052,0,1,0,1000,-0.19335943555335536,0.05257137430371906,-3.6780365382168925,4.012740170719039e-4,-0.297813628256976,-0.08890524284973475,89.24855031589567,c_win
V- vs. D+,Policy Rank,Absolute,0.9,DIM,-0.21341687076723892,0.07745435367249963,-0.377560400371302,-0.0663362367179256,-0.2113910684949098,-0.21079903209952575,0.005,0.995,0,1000,-0.21341687076723903,0.07870272432268728,-2.7116833960183295,0.009954974441864939,-0.37268105637364224,-0.05415268516083585,38.44953814812864,c_win
V- vs. D+,Policy Rank,Squared,-0.9,DIM,-0.11176408532185172,0.06890669510098377,-0.23020654755104913,0.03552650646151732,-0.11679805806175313,-0.11185726080130011,0.065,0.935,0,1000,-0.11176408532185177,0.06783176066002143,-1.6476659935457505,0.11076655097455461,-0.2508051122982278,0.027276941654524225,27.58617836401621,c_win
V- vs. D+,Policy Rank,Squared,-0.7,DIM,-0.08917170210239539,0.03924248720775757,-0.16128025443902683,-0.014023047420452944,-0.08794333163829415,-0.08749877575651423,0.012,0.988,0,1000,-0.08917170210239578,0.038326885084672455,-2.326609686787643,0.021833005896286835,-0.16513358311628248,-0.013209821088509072,109.09714955342493,c_win
V- vs. D+,Policy Rank,Squared,-0.5,DIM,-0.12682959380250375,0.02647344777247957,-0.17653581647197603,-0.07290560250688803,-0.12679577666890235,-0.12567593092697804,0,1,0,1000,-0.12682959380250441,0.026582474579943175,-4.771173331552775,3.845550157746176e-6,-0.17929303903156815,-0.07436614857344068,175.02772932860026,c_win
V- vs. D+,Policy Rank,Squared,-0.3,DIM,-0.12553198973809565,0.024517479013188685,-0.17381260012955435,-0.07645444787934337,-0.12647239241662306,-0.12583106013574857,0,1,0,1000,-0.12553198973809707,0.024128682644584842,-5.202604368716748,3.8958218574224953e-7,-0.1730366428796497,-0.07802733659654443,269.53668886518625,c_win
V- vs. D+,Policy Rank,Squared,-0.1,DIM,-0.15059885514617705,0.022722217341217137,-0.19390358252402726,-0.10595814202400183,-0.15118072547966607,-0.1501195782068781,0,1,0,1000,-0.1505988551461767,0.023033194630462474,-6.5383398856449855,2.5650903940111094e-10,-0.19592027896450687,-0.10527743132784657,309.5605026383321,c_win
V- vs. D+,Policy Rank,Squared,0.1,DIM,-0.2867570980625321,0.023390403764992088,-0.3311961203425891,-0.24076789450322525,-0.28749915254664515,-0.2865722779177691,0,1,0,1000,-0.28675709806253313,0.02342169937475031,-12.243223408958562,2.3081314160785463e-28,-0.33284340485139585,-0.24067079127367044,308.8110999875013,c_win
V- vs. D+,Policy Rank,Squared,0.3,DIM,-0.24712378110824929,0.027605677165328666,-0.3008642592013556,-0.19419692142196449,-0.24714518752364167,-0.24708238532011048,0,1,0,1000,-0.24712378110824815,0.026859902711801387,-9.200471936172345,7.899294741292872e-18,-0.2999930646381746,-0.1942544975783217,284.58356547928065,c_win
V- vs. D+,Policy Rank,Squared,0.5,DIM,-0.19874357983495383,0.03340168860444966,-0.26340681023468554,-0.13142283862614904,-0.19837343137834001,-0.19865286777619426,0,1,0,1000,-0.19874357983495378,0.03246171158219754,-6.122399902781083,4.725240537282834e-9,-0.2627509604889781,-0.13473619918092944,201.94142588442435,c_win
V- vs. D+,Policy Rank,Squared,0.7,DIM,-0.23751347785181604,0.048017412270273466,-0.3329705565334544,-0.14428634264737483,-0.23907836784449074,-0.23851991126357214,0,1,0,1000,-0.23751347785181634,0.04789215468988139,-4.959339987724503,2.6490667344420542e-6,-0.33244515702612953,-0.14258179867750317,107.8876350520067,c_win
V- vs. D+,Policy Rank,Squared,0.9,DIM,-0.13837959791579324,0.08739730350414977,-0.31179416940941396,0.019515594048130025,-0.13188173903260375,-0.13571776667120472,0.052,0.948,0,1000,-0.1383795979157934,0.08960659471645639,-1.5443014920237759,0.1327774553748699,-0.32121708941905514,0.04445789358746832,30.654027717017048,c_win
V- vs. D+,Policy Rating,Absolute,-0.9,DIM,-0.06694541361659939,0.046769209200093975,-0.14733958465474808,0.029612219516447828,-0.06871039551836576,-0.065371514413086,0.09,0.91,0,1000,-0.0669454136165994,0.0442204491233279,-1.5139017116242552,0.15355665444459965,-0.16230395699555755,0.028413129762358727,13.237484068425525,c_win
V- vs. D+,Policy Rating,Absolute,-0.7,DIM,-0.06133856825357127,0.05145529448684891,-0.15592944194871466,0.046375505806647024,-0.06240235496853436,-0.060349663347304155,0.124,0.876,0,1000,-0.06133856825357136,0.05221016174839853,-1.1748396518892767,0.24734513467583533,-0.16702137495778732,0.04434423845064459,38.12236647663686,c_win
V- vs. D+,Policy Rating,Absolute,-0.5,DIM,-0.09479634250134533,0.027454411231644497,-0.14709217925295207,-0.039837114643425514,-0.0955310256509719,-0.09499262902753193,0.001,0.999,0,1000,-0.09479634250134526,0.026705185902134283,-3.549735352854036,5.3132836909787e-4,-0.14761114724899876,-0.041981537753691754,134.9534285665766,c_win
V- vs. D+,Policy Rating,Absolute,-0.3,DIM,-0.13062841120086977,0.02381008867334274,-0.1750571386403391,-0.08533077372425515,-0.1306292072865989,-0.13047900646379587,0,1,0,1000,-0.13062841120086968,0.02383735217192672,-5.479988308211134,1.222624896009123e-7,-0.17762208914708427,-0.08363473325465509,208.0789136605689,c_win
V- vs. D+,Policy Rating,Absolute,-0.1,DIM,-0.15270695359103942,0.019192331243800615,-0.1889546066681293,-0.11582233924019934,-0.15169261884994903,-0.1521756744280368,0,1,0,1000,-0.15270695359103595,0.01937050461327081,-7.883478341933117,3.060023994403989e-14,-0.19078773988939063,-0.11462616729268127,399.7503093685484,c_win
V- vs. D+,Policy Rating,Absolute,0.1,DIM,-0.24204937388581427,0.019863826325938524,-0.280497329585786,-0.20293253824325921,-0.24084490631237476,-0.24125887389786768,0,1,0,1000,-0.24204937388581527,0.019901798509054127,-12.162185933884182,4.996841715331821e-29,-0.28117905054782616,-0.20291969722380437,385.4413337756368,c_win
V- vs. D+,Policy Rating,Absolute,0.3,DIM,-0.2672477631137159,0.029459415444963822,-0.32592467107477713,-0.20931991439894124,-0.2693133758814336,-0.2686168383436056,0,1,0,1000,-0.2672477631137135,0.03050542812306551,-8.76066259537739,4.139063480572279e-16,-0.3273506770584377,-0.20714484916898934,232.1177181161337,c_win
V- vs. D+,Policy Rating,Absolute,0.5,DIM,-0.2185312930205845,0.038253990187247094,-0.29060512504199465,-0.14451584149939053,-0.21914647866492548,-0.218346138882034,0,1,0,1000,-0.2185312930205845,0.03732675680268668,-5.854548097381319,3.201088677914697e-8,-0.2923224163542154,-0.14474016968695358,141.29146728671944,c_win
V- vs. D+,Policy Rating,Absolute,0.7,DIM,-0.2283546314328383,0.08340705142195029,-0.3922939497465026,-0.07644084941221835,-0.22468337739904132,-0.22581957890880544,0.001,0.999,0,1000,-0.228354631432839,0.08539960654368514,-2.6739541395431012,0.012057349879964666,-0.4028293314086364,-0.05387993145704159,29.734061294906866,c_win
V- vs. D+,Policy Rating,Absolute,0.9,DIM,-0.11194982459495606,0.08563790905701556,-0.2834082026082498,0.04862326933443303,-0.10776995976425113,-0.11046128782772821,0.101,0.899,0,1000,-0.1119498245949563,0.08501782266220685,-1.3167806595066047,0.19853893754027516,-0.28606415302426963,0.06216450383435705,28.131929225878814,c_win
V- vs. D+,Policy Rating,Squared,-0.9,DIM,-0.07391681473259008,0.05336549990606642,-0.16548394173532843,0.03564883462741021,-0.07374111797243652,-0.07051940168929813,0.104,0.896,0,1000,-0.07391681473259007,0.050867166823274065,-1.4531341010085455,0.16613932847180912,-0.18203718705870547,0.03420355759352535,15.494211295732105,c_win
V- vs. D+,Policy Rating,Squared,-0.7,DIM,-0.054962324475057625,0.055671368889081314,-0.15492668148758937,0.06222777307996421,-0.059754845110574745,-0.05551627380027658,0.16,0.84,0,1000,-0.05496232447505767,0.05561796054141648,-0.9882117923782806,0.3303595571083764,-0.1681901712352481,0.05826552228513275,32.45481072191601,c_win
V- vs. D+,Policy Rating,Squared,-0.5,DIM,-0.10130752375546942,0.026541997275702642,-0.15257494824561796,-0.047733083616295975,-0.10243594434857434,-0.10127566603902993,0.001,0.999,0,1000,-0.10130752375547039,0.025530476604931032,-3.96810154871545,1.1642879148772916e-4,-0.1517930200481209,-0.050822027462819885,136.77652395307157,c_win
V- vs. D+,Policy Rating,Squared,-0.3,DIM,-0.12029658329983031,0.026259118980558358,-0.17256134508679333,-0.06702781496400577,-0.12030021336280788,-0.12038582655045293,0,1,0,1000,-0.1202965832998296,0.026944137441362984,-4.464666332764384,1.3674823699490809e-5,-0.1734418516534543,-0.06715131494620491,191.57589131701206,c_win
V- vs. D+,Policy Rating,Squared,-0.1,DIM,-0.14969726503297354,0.01872244045105331,-0.18757903128804296,-0.11341270843643507,-0.14922756347017516,-0.14913845110372323,0,1,0,1000,-0.14969726503297295,0.01886184699640413,-7.936511470033216,1.9831604001272837e-14,-0.18677458678494113,-0.11261994328100478,412.5239846628817,c_win
V- vs. D+,Policy Rating,Squared,0.1,DIM,-0.24458701641501124,0.018762875429495365,-0.2791261894382277,-0.20758993058094885,-0.24447392495264159,-0.24418988246448484,0,1,0,1000,-0.2445870164150116,0.019316513984199882,-12.662068146202456,3.124405591413729e-31,-0.2825590705287498,-0.2066149623012734,408.9397393355266,c_win
V- vs. D+,Policy Rating,Squared,0.3,DIM,-0.2819340749861008,0.03329236635089742,-0.3444360293060832,-0.21917343655581778,-0.28414352717690805,-0.2831939303404326,0,1,0,1000,-0.28193407498609835,0.03310649282884629,-8.515975293536501,2.95216302507769e-15,-0.3471912397966163,-0.21667691017558038,213.6637107860559,c_win
V- vs. D+,Policy Rating,Squared,0.5,DIM,-0.23231663931741287,0.0364326593276725,-0.30207009361502857,-0.15781797539039702,-0.23214031529938395,-0.23150021797549492,0,1,0,1000,-0.23231663931741314,0.03531329613397853,-6.578729961542094,9.026782076510621e-10,-0.3021400798751446,-0.1624931987596817,138.37303226678765,c_win
V- vs. D+,Policy Rating,Squared,0.7,DIM,-0.14499816466219506,0.08335012535317111,-0.30929937380369865,0.017473637913566768,-0.13847416896177056,-0.1424325795722516,0.041,0.959,0,1000,-0.1449981646621951,0.08504994932501844,-1.7048589189404981,0.09835881774304249,-0.31855328073792993,0.028556951413539755,30.588621890716148,c_win
V- vs. D+,Policy Rating,Squared,0.9,DIM,-0.07777788080886061,0.08219675847983626,-0.24915229462693794,0.07402716633242515,-0.07628117619896196,-0.07746952788664425,0.181,0.819,0,1000,-0.07777788080886118,0.0812174314318093,-0.9576500935536727,0.3463339574644876,-0.2440505128376137,0.08849475121989132,28.35480012647133,c_win
V- vs. D+,Spatial Distance,Absolute,-0.9,DIM,-0.10286083474766101,0.12936390603091655,-0.3127291985627497,0.18927904560874056,-0.11200926523001097,-0.09632443769993441,0.207,0.793,0,1000,-0.10286083474766118,0.12076968630401748,-0.85171070568757,0.4338141778966945,-0.4147098232326054,0.20898815373728308,4.926379387451803,c_win
V- vs. D+,Spatial Distance,Absolute,-0.7,DIM,-0.058428290521761767,0.05557942169822896,-0.16764135263277966,0.05419557289947032,-0.05879506800726318,-0.05799196152174305,0.142,0.858,0,1000,-0.05842829052176181,0.05997635408428031,-0.9741887684545959,0.33402475098870865,-0.17849435178767642,0.0616377707441528,57.76624054757041,c_win
V- vs. D+,Spatial Distance,Absolute,-0.5,DIM,-0.04810344426789345,0.04385657689105571,-0.13246394006540793,0.043490999965970875,-0.0481683318278434,-0.04684931742253606,0.144,0.856,0,1000,-0.048103444267893494,0.0433568973402853,-1.1094761668565687,0.27022718116333655,-0.13425805214678838,0.03805116361100139,88.59874002615601,c_win
V- vs. D+,Spatial Distance,Absolute,-0.3,DIM,-0.1313305966031155,0.02773048901878081,-0.1843088081661815,-0.07377674457567704,-0.13119473521859457,-0.13160586313557435,0,1,0,1000,-0.1313305966031162,0.02784950931161648,-4.715723897811588,4.471150465966467e-6,-0.18624179739061297,-0.0764193958156194,203.1243841965809,c_win
V- vs. D+,Spatial Distance,Absolute,-0.1,DIM,-0.1802134887394261,0.01820956259155058,-0.21321783439118147,-0.14443451075214842,-0.1800222514242425,-0.18005164401199542,0,1,0,1000,-0.18021348873942858,0.018177343483195774,-9.914181844339836,4.262287325206016e-21,-0.21593599450700565,-0.1444909829718515,452.406468361696,c_win
V- vs. D+,Spatial Distance,Absolute,0.1,DIM,-0.19506469734384568,0.01875348229336785,-0.23257823689900123,-0.16049683458796588,-0.1946655038072199,-0.19513132948821899,0,1,0,1000,-0.19506469734385298,0.018652431029875564,-10.45786991687133,3.4096122292687825e-23,-0.23171540040270078,-0.1584139942850052,478.9843269844996,c_win
V- vs. D+,Spatial Distance,Absolute,0.3,DIM,-0.2834232825945194,0.03210553153974269,-0.34563139339719473,-0.2225502433222778,-0.28412611787995956,-0.28441731029137196,0,1,0,1000,-0.28342328259451827,0.03236441074982085,-8.757251438482845,7.027991993381975e-16,-0.3472278030298952,-0.21961876215914136,207.88898749868113,c_win
V- vs. D+,Spatial Distance,Absolute,0.5,DIM,-0.2829786564734164,0.047591907232871114,-0.3695159754374243,-0.19043116349887673,-0.28157117872548365,-0.28081573206537014,0,1,0,1000,-0.2829786564734163,0.047029017130820715,-6.017107601595287,1.7903183474371697e-8,-0.3760458976824276,-0.189911415264405,126.25201126880293,c_win
V- vs. D+,Spatial Distance,Absolute,0.7,DIM,-0.1453871999509927,0.07843235470665327,-0.3068512916754844,0.0014485530815766987,-0.14171200010352408,-0.14463910371294234,0.027,0.973,0,1000,-0.1453871999509926,0.07715787629394233,-1.884282032298587,0.06826684029560583,-0.30230255022431074,0.011528150322325487,33.35547533563501,c_win
V- vs. D+,Spatial Distance,Absolute,0.9,DIM,-0.38481248388533634,0.18109261136040186,-0.6843725083538497,0.02152631860592886,-0.3763045910424216,-0.3662182502392798,0.031,0.969,0,1000,-0.38481248388533645,0.18960163204942942,-2.0295842378878644,0.09084918769312723,-0.8538761688087178,0.08425120103804479,5.740801868816839,c_win
V- vs. D+,Spatial Distance,Squared,-0.9,DIM,0.12551692785397178,0.14412003663852618,-0.12243068561898206,0.43228216221296867,0.12648060081730106,0.12952004643144294,0.784,0.198,0,1000,0.12551692785397184,0.14473898169035934,0.8671950457858733,0.4082681119521786,-0.2016944596126236,0.4527283153205673,9.038219999845834,c_win
V- vs. D+,Spatial Distance,Squared,-0.7,DIM,-0.13943178346468055,0.062413436291382074,-0.24501186848553053,-0.0066414987436660055,-0.14528047298396107,-0.14060998536581587,0.02,0.98,0,1000,-0.13943178346468083,0.06403590843646714,-2.177399944329942,0.037263720305325196,-0.2700873313831178,-0.008776235546243821,30.690219428755956,c_win
V- vs. D+,Spatial Distance,Squared,-0.5,DIM,-0.07697762080511467,0.03636517523337641,-0.14585527144544072,-0.002671958235226661,-0.07700788285304745,-0.07703857773514876,0.024,0.976,0,1000,-0.07697762080511444,0.03685841505916519,-2.088468011485297,0.03878306408252955,-0.14992432581355042,-0.004030915796678483,125.11808258454212,c_win
V- vs. D+,Spatial Distance,Squared,-0.3,DIM,-0.08731363449122939,0.023960659075345146,-0.1307205338153147,-0.037327231428280636,-0.08622427608044914,-0.08557510207302692,0,1,0,1000,-0.08731363449123095,0.023327554645006014,-3.7429398760372483,2.2362465968603162e-4,-0.13324732100133804,-0.041379947981123856,261.5846976088962,c_win
V- vs. D+,Spatial Distance,Squared,-0.1,DIM,-0.18794171821039027,0.018297959903628775,-0.22221130157021798,-0.15176455334840197,-0.18821138558828754,-0.18805703178411137,0,1,0,1000,-0.18794171821038722,0.018367105951638336,-10.232516690721377,5.6035181662897725e-22,-0.2240501218263966,-0.15183331459437782,398.9684815058205,c_win
V- vs. D+,Spatial Distance,Squared,0.1,DIM,-0.22201458922221956,0.021573761303260174,-0.26391729390649865,-0.17953070003329735,-0.22223052769395552,-0.22160394799190564,0,1,0,1000,-0.22201458922221692,0.02115034186446408,-10.496974027414495,6.266758817247578e-23,-0.2635943714408716,-0.1804348070035622,399.79696049420494,c_win
V- vs. D+,Spatial Distance,Squared,0.3,DIM,-0.24599381819971344,0.028031799400264165,-0.300861666070211,-0.19365453093621632,-0.2472817111048008,-0.2462446778205313,0,1,0,1000,-0.24599381819971355,0.028262598267956615,-8.703864233127314,3.5696679942045623e-16,-0.3016432137013506,-0.1903444226980765,263.3750420423632,c_win
V- vs. D+,Spatial Distance,Squared,0.5,DIM,-0.2090840715153779,0.04435895212851361,-0.29177252636814377,-0.1251853219125703,-0.21154934829335081,-0.21069127476590274,0,1,0,1000,-0.20908407151537722,0.043418120562735495,-4.815594705746613,4.14910212411062e-6,-0.2950112119361626,-0.12315693109459186,125.40447790380885,c_win
V- vs. D+,Spatial Distance,Squared,0.7,DIM,-0.3130201729410762,0.09159843065900954,-0.4800510666624075,-0.11901788765117943,-0.3162409454377111,-0.3131952287524362,0.001,0.999,0,1000,-0.3130201729410764,0.0880826734879541,-3.55370881180036,0.0016778148267131477,-0.49516230871237304,-0.1308780371697798,23.162609981478084,c_win
V- vs. D+,Spatial Distance,Squared,0.9,DIM,-0.36147383560762525,0.2865440597897384,-0.7765581992040274,0.14173577411503518,-0.3324850924073784,-0.278115005330215,0.30060120240480964,0.6452905811623246,2,1000,-0.36147383560762497,0.4097391182364625,-0.8822048457648524,0.46678379481429083,-2.0444162551043954,1.3214685838891453,2.102734264175159,c_win
