"STORE","WEEK","set_size","total_move","upc_list"
2,91,38,190.0,"1112600301_1313000602_1313000612_1313000622_1313000698_1313006025_1313006035_1313006057_1600062880_1600064030_1600064040_1600064060_1600064070_1600065240_1600065450_1800063070_3000001020_3000001040_3000001180_3000001190_3000001200_3000001210_3000001240_3000001350_3000001370_3000001380_3000001460_3000001570_3000001760_3000001800_3000001880_3000002190_3000002350_3000003790_3000004170_3000004760_3000007060_4240000105"
2,92,39,185.0,"1112600301_1313000602_1313000612_1313000622_1313000698_1313006025_1313006035_1313006057_1600062870_1600062890_1600064030_1600064040_1600064060_1600064070_1600065450_1800063070_3000001020_3000001040_3000001180_3000001190_3000001200_3000001210_3000001240_3000001350_3000001370_3000001380_3000001460_3000001570_3000001760_3000001800_3000001880_3000002190_3000002350_3000003790_3000004170_3000004760_3000007060_4240000105_6414408037"
2,93,39,202.0,"1112600301_1313000602_1313000612_1313000622_1313000698_1313006025_1313006035_1313006057_1600062870_1600062880_1600062890_1600064030_1600064040_1600064060_1600064070_1600065450_1800063070_3000001020_3000001040_3000001180_3000001190_3000001200_3000001210_3000001240_3000001350_3000001370_3000001380_3000001460_3000001570_3000001760_3000001800_3000001880_3000002190_3000002350_3000003790_3000004170_3000004760_3000007060_4240000105"
2,94,36,169.0,"1313000602_1313000612_1313000622_1313000698_1313006025_1313006035_1313006057_1313006058_1600062870_1600062880_1600064040_1600064060_1600064070_1600065450_1800063070_3000001020_3000001040_3000001180_3000001190_3000001200_3000001210_3000001240_3000001350_3000001370_3000001380_3000001460_3000001570_3000001760_3000001800_3000001880_3000002190_3000002350_3000003790_3000004170_3000007060_4240000105"
2,95,36,198.0,"1313000612_1313000622_1313000698_1313006025_1313006035_1313006057_1600062870_1600062890_1600064030_1600064040_1600064060_1600064070_1600065240_1600065450_1800063070_3000001020_3000001040_3000001180_3000001190_3000001200_3000001210_3000001240_3000001350_3000001370_3000001380_3000001460_3000001570_3000001800_3000001880_3000002190_3000002350_3000003790_3000004170_3000004760_3000007060_4240000105"
2,96,33,157.0,"1313000612_1313000622_1313006025_1313006035_1313006057_1313006058_1600064030_1600064040_1600064060_1600065240_1600065450_1800063070_3000001020_3000001040_3000001180_3000001190_3000001200_3000001210_3000001340_3000001350_3000001370_3000001380_3000001460_3000001570_3000001760_3000001800_3000001820_3000001880_3000002190_3000002350_3000004170_3000004760_3000007060"
2,97,38,164.0,"1112600301_1313000612_1313000622_1313000698_1313006025_1313006035_1313006057_1313006058_1600064030_1600064040_1600064060_1600064070_1600065240_1600065450_1600065460_1800063070_3000001020_3000001040_3000001180_3000001190_3000001200_3000001210_3000001240_3000001350_3000001370_3000001380_3000001460_3000001570_3000001760_3000001800_3000001820_3000001880_3000002190_3000002350_3000003790_3000004170_3000004760_3000007060"
2,98,35,186.0,"1112600301_1313000602_1313000612_1313000622_1313000698_1313006025_1313006035_1313006057_1600064030_1600064040_1600064060_1600064070_1600065240_1600065460_3000001020_3000001040_3000001180_3000001190_3000001200_3000001210_3000001240_3000001340_3000001370_3000001380_3000001460_3000001570_3000001800_3000001820_3000001880_3000002190_3000003790_3000004170_3000004760_3000007060_4240000105"
2,99,39,215.0,"1112600301_1313000602_1313000612_1313000622_1313000698_1313006025_1313006035_1313006057_1600064030_1600064040_1600064060_1600064070_1600065240_1600065460_1800063070_3000001020_3000001040_3000001180_3000001190_3000001200_3000001210_3000001240_3000001340_3000001350_3000001370_3000001380_3000001460_3000001570_3000001760_3000001800_3000001820_3000001880_3000002190_3000002350_3000003790_3000004170_3000004760_3000007060_4240000105"
2,100,38,195.0,"1112600301_1313000602_1313000612_1313000622_1313000698_1313006025_1313006035_1313006057_1313006058_1600064030_1600064040_1600064060_1600064070_1600065240_1600065460_1800063070_3000001020_3000001040_3000001180_3000001190_3000001200_3000001210_3000001240_3000001340_3000001370_3000001380_3000001460_3000001570_3000001760_3000001800_3000001820_3000001880_3000002190_3000002350_3000004170_3000004760_3000007060_4240000105"
2,102,39,392.0,"1112600301_1313000602_1313000612_1313000622_1313000698_1313006025_1313006035_1313006057_1313006058_1600064030_1600064040_1600064060_1600064070_1600065240_1800063070_3000001020_3000001040_3000001180_3000001190_3000001200_3000001210_3000001240_3000001340_3000001350_3000001370_3000001380_3000001460_3000001570_3000001580_3000001760_3000001800_3000001880_3000002190_3000002350_3000003790_3000004170_3000004760_3000007060_4240000105"
2,103,38,223.0,"1112600301_1313000602_1313000612_1313000622_1313000698_1313006025_1313006035_1313006057_1313006058_1600065240_1800063070_3000001000_3000001020_3000001040_3000001180_3000001190_3000001200_3000001210_3000001240_3000001340_3000001350_3000001370_3000001380_3000001460_3000001570_3000001580_3000001700_3000001760_3000001800_3000001820_3000001880_3000002190_3000002350_3000003790_3000004170_3000004760_3000007060_4240000105"
2,104,35,234.0,"1313000602_1313000612_1313000622_1313000698_1313006025_1313006035_1313006058_1600065240_1800063070_3000001000_3000001020_3000001040_3000001180_3000001190_3000001200_3000001210_3000001240_3000001340_3000001350_3000001370_3000001380_3000001460_3000001570_3000001580_3000001700_3000001760_3000001800_3000001880_3000002190_3000002350_3000003790_3000004170_3000004760_3000007060_4240000105"
2,105,36,250.0,"1112600301_1313000602_1313000612_1313000622_1313000698_1313006025_1313006035_1313006057_1313006058_1800063070_3000001000_3000001020_3000001040_3000001180_3000001190_3000001200_3000001210_3000001240_3000001340_3000001350_3000001370_3000001380_3000001460_3000001580_3000001700_3000001760_3000001800_3000001820_3000001880_3000002190_3000002350_3000003790_3000004170_3000004760_3000007060_4240000105"
2,106,37,362.0,"1112600301_1313000602_1313000612_1313000622_1313000698_1313006025_1313006035_1313006057_1313006058_1800063070_3000001000_3000001020_3000001040_3000001180_3000001190_3000001200_3000001210_3000001240_3000001340_3000001350_3000001370_3000001380_3000001460_3000001570_3000001580_3000001700_3000001760_3000001800_3000001820_3000001880_3000002190_3000002350_3000003790_3000004170_3000004760_3000007060_4240000105"
2,107,37,387.0,"1112600301_1313000602_1313000612_1313000622_1313000698_1313006025_1313006035_1313006057_1313006058_1800063070_3000001000_3000001020_3000001040_3000001180_3000001190_3000001200_3000001210_3000001240_3000001340_3000001350_3000001370_3000001380_3000001460_3000001570_3000001580_3000001700_3000001760_3000001800_3000001820_3000001880_3000002190_3000002350_3000003790_3000004170_3000004760_3000007060_4240000105"
2,108,37,445.0,"1112600301_1313000602_1313000612_1313000622_1313000698_1313006025_1313006035_1313006057_1313006058_1800063070_3000001000_3000001020_3000001040_3000001180_3000001190_3000001200_3000001210_3000001240_3000001340_3000001350_3000001370_3000001380_3000001460_3000001570_3000001580_3000001700_3000001760_3000001800_3000001820_3000001880_3000002190_3000002350_3000003790_3000004170_3000004760_3000007060_4240000105"
2,109,37,376.0,"1112600301_1313000602_1313000612_1313000622_1313000698_1313006025_1313006035_1313006057_1313006058_1800063070_3000001000_3000001020_3000001040_3000001180_3000001190_3000001200_3000001210_3000001240_3000001340_3000001350_3000001370_3000001380_3000001460_3000001570_3000001580_3000001700_3000001760_3000001800_3000001820_3000001880_3000002190_3000002350_3000003790_3000004170_3000004760_3000007060_4240000105"
2,110,35,418.0,"1112600301_1313000602_1313000612_1313000622_1313000698_1313006025_1313006035_1313006057_1800063070_3000001020_3000001040_3000001180_3000001190_3000001200_3000001210_3000001240_3000001340_3000001350_3000001370_3000001380_3000001460_3000001570_3000001580_3000001700_3000001760_3000001800_3000001820_3000001880_3000002190_3000002350_3000003790_3000004170_3000004760_3000007060_4240000105"
2,111,35,358.0,"1112600301_1313000602_1313000612_1313000622_1313000698_1313006025_1313006035_1313006057_1313006058_1800063070_3000001020_3000001040_3000001180_3000001190_3000001200_3000001210_3000001240_3000001340_3000001350_3000001370_3000001380_3000001460_3000001580_3000001700_3000001760_3000001800_3000001820_3000001880_3000002190_3000002350_3000003790_3000004170_3000004760_3000007060_4240000105"
2,112,38,461.0,"1112600301_1112600328_1313000602_1313000612_1313000622_1313000698_1313006025_1313006035_1313006057_1313006058_1800063070_3000001000_3000001020_3000001040_3000001180_3000001190_3000001200_3000001210_3000001240_3000001340_3000001350_3000001370_3000001380_3000001460_3000001570_3000001580_3000001700_3000001760_3000001800_3000001820_3000001880_3000002190_3000002350_3000003790_3000004170_3000004760_3000007060_4240000105"
2,113,35,434.0,"1112600301_1313000602_1313000612_1313000622_1313006025_1313006035_1313006057_1800063070_3000001000_3000001020_3000001040_3000001180_3000001190_3000001200_3000001210_3000001240_3000001340_3000001350_3000001370_3000001380_3000001460_3000001570_3000001580_3000001700_3000001760_3000001800_3000001820_3000001880_3000002190_3000002350_3000003790_3000004170_3000004760_3000007060_4240000105"
2,114,37,357.0,"1112600301_1313000602_1313000612_1313000622_1313000698_1313006025_1313006035_1313006057_1313006058_1800063070_3000001000_3000001020_3000001040_3000001180_3000001190_3000001200_3000001210_3000001240_3000001340_3000001350_3000001370_3000001380_3000001460_3000001570_3000001580_3000001700_3000001760_3000001800_3000001820_3000001880_3000002190_3000002350_3000003790_3000004170_3000004760_3000007060_4240000105"
2,115,37,413.0,"1112600301_1313000602_1313000612_1313000622_1313000698_1313006025_1313006035_1313006057_1313006058_1800063070_3000001000_3000001020_3000001040_3000001180_3000001190_3000001200_3000001210_3000001240_3000001340_3000001350_3000001370_3000001380_3000001460_3000001570_3000001580_3000001700_3000001760_3000001800_3000001820_3000001880_3000002190_3000002350_3000003790_3000004170_3000004760_3000007060_4240000105"
2,116,38,331.0,"1112600301_1112600328_1313000602_1313000612_1313000622_1313000698_1313006025_1313006035_1313006057_1313006058_1800063070_3000001000_3000001020_3000001040_3000001180_3000001190_3000001200_3000001210_3000001240_3000001340_3000001350_3000001370_3000001380_3000001460_3000001570_3000001580_3000001700_3000001760_3000001800_3000001820_3000001880_3000002190_3000002350_3000003790_3000004170_3000004760_3000007060_4240000105"
2,117,35,551.0,"1112600301_1112600328_1313000602_1313000612_1313000622_1313000698_1313006025_1313006035_1313006057_1800063070_3000001000_3000001020_3000001040_3000001180_3000001190_3000001200_3000001210_3000001240_3000001340_3000001350_3000001370_3000001380_3000001460_3000001570_3000001580_3000001700_3000001760_3000001800_3000001820_3000001880_3000002190_3000004170_3000004760_3000007060_4240000105"
2,118,38,493.0,"1112600301_1112600328_1313000602_1313000612_1313000622_1313000698_1313006025_1313006035_1313006057_1313006058_1800063070_3000001000_3000001020_3000001040_3000001180_3000001190_3000001200_3000001210_3000001240_3000001340_3000001350_3000001370_3000001380_3000001460_3000001570_3000001580_3000001700_3000001760_3000001800_3000001820_3000001880_3000002190_3000002350_3000003790_3000004170_3000004760_3000007060_4240000105"
2,119,37,400.0,"1112600328_1313000602_1313000612_1313000622_1313000698_1313006025_1313006035_1313006057_1313006058_1800063070_3000001000_3000001020_3000001040_3000001180_3000001190_3000001200_3000001210_3000001240_3000001340_3000001350_3000001370_3000001380_3000001460_3000001570_3000001580_3000001700_3000001760_3000001800_3000001820_3000001880_3000002190_3000002350_3000003790_3000004170_3000004760_3000007060_4240000105"
2,120,36,399.0,"1112600301_1313000602_1313000612_1313000622_1313000698_1313006025_1313006035_1313006057_1313006058_1800063070_3000001000_3000001020_3000001040_3000001180_3000001190_3000001200_3000001210_3000001240_3000001340_3000001350_3000001370_3000001380_3000001460_3000001570_3000001700_3000001760_3000001800_3000001820_3000001880_3000002190_3000002350_3000003790_3000004170_3000004760_3000007060_4240000105"
2,121,37,391.0,"1112600301_1313000602_1313000612_1313000622_1313000698_1313006025_1313006035_1313006057_1313006058_1800063070_3000001000_3000001020_3000001040_3000001180_3000001190_3000001200_3000001210_3000001240_3000001340_3000001350_3000001370_3000001380_3000001460_3000001570_3000001580_3000001700_3000001760_3000001800_3000001820_3000001880_3000002190_3000002350_3000003790_3000004170_3000004760_3000007060_4240000105"
2,122,37,340.0,"1112600301_1313000602_1313000612_1313000622_1313000698_1313006025_1313006035_1313006057_1313006058_1800063070_3000001000_3000001020_3000001040_3000001180_3000001190_3000001200_3000001210_3000001240_3000001340_3000001350_3000001370_3000001380_3000001460_3000001570_3000001580_3000001700_3000001760_3000001800_3000001820_3000001880_3000002190_3000002350_3000003790_3000004170_3000004760_3000007060_4240000105"
2,123,38,453.0,"1112600301_1112600328_1313000602_1313000612_1313000622_1313000698_1313006025_1313006035_1313006057_1313006058_1800063070_3000001000_3000001020_3000001040_3000001180_3000001190_3000001200_3000001210_3000001240_3000001340_3000001350_3000001370_3000001380_3000001460_3000001570_3000001580_3000001700_3000001760_3000001800_3000001820_3000001880_3000002190_3000002350_3000003790_3000004170_3000004760_3000007060_4240000105"
2,124,38,410.0,"1112600301_1112600328_1313000602_1313000612_1313000622_1313000698_1313006025_1313006035_1313006057_1313006058_1800063070_3000001000_3000001020_3000001040_3000001180_3000001190_3000001200_3000001210_3000001240_3000001340_3000001350_3000001370_3000001380_3000001460_3000001570_3000001580_3000001700_3000001760_3000001800_3000001820_3000001880_3000002190_3000002350_3000003790_3000004170_3000004760_3000007060_4240000105"
2,125,36,324.0,"1313000602_1313000612_1313000622_1313000698_1313006025_1313006035_1313006057_1313006058_1800063070_3000001000_3000001020_3000001040_3000001180_3000001190_3000001200_3000001210_3000001240_3000001340_3000001350_3000001370_3000001380_3000001460_3000001570_3000001580_3000001700_3000001760_3000001800_3000001820_3000001880_3000002190_3000002350_3000003790_3000004170_3000004760_3000007060_4240000105"
2,126,38,407.0,"1112600301_1112600328_1313000602_1313000612_1313000622_1313000698_1313006025_1313006035_1313006057_1313006058_1800063070_3000001000_3000001020_3000001040_3000001180_3000001190_3000001200_3000001210_3000001240_3000001340_3000001350_3000001370_3000001380_3000001460_3000001570_3000001580_3000001700_3000001760_3000001800_3000001820_3000001880_3000002190_3000002350_3000003790_3000004170_3000004760_3000007060_4240000105"
2,127,38,407.0,"1112600301_1112600328_1313000602_1313000612_1313000622_1313000698_1313006025_1313006035_1313006057_1313006058_1800063070_3000001000_3000001020_3000001040_3000001180_3000001190_3000001200_3000001210_3000001240_3000001340_3000001350_3000001370_3000001380_3000001460_3000001570_3000001580_3000001700_3000001760_3000001800_3000001820_3000001880_3000002190_3000002350_3000003790_3000004170_3000004760_3000007060_4240000105"
2,128,37,309.0,"1112600399_1313000602_1313000612_1313000622_1313000698_1313006025_1313006035_1313006057_1313006058_1800063070_3000001000_3000001020_3000001040_3000001180_3000001190_3000001200_3000001210_3000001240_3000001340_3000001350_3000001370_3000001380_3000001460_3000001570_3000001580_3000001700_3000001760_3000001800_3000001820_3000001880_3000002190_3000002350_3000003790_3000004170_3000004760_3000007060_4240000105"
2,129,38,310.0,"1112600328_1112600399_1313000602_1313000612_1313000622_1313000698_1313006025_1313006035_1313006057_1313006058_1800063070_3000001000_3000001020_3000001040_3000001180_3000001190_3000001200_3000001210_3000001240_3000001340_3000001350_3000001370_3000001380_3000001460_3000001570_3000001580_3000001700_3000001760_3000001800_3000001820_3000001880_3000002190_3000002350_3000003790_3000004170_3000004760_3000007060_4240000105"
2,130,37,290.0,"1112600301_1313000602_1313000612_1313000622_1313000698_1313006025_1313006035_1313006057_1313006058_1800063070_3000001000_3000001020_3000001040_3000001180_3000001190_3000001200_3000001210_3000001240_3000001340_3000001350_3000001370_3000001380_3000001460_3000001570_3000001580_3000001700_3000001760_3000001800_3000001820_3000001880_3000002190_3000002350_3000003790_3000004170_3000004760_3000007060_4240000105"
2,131,37,311.0,"1112600301_1313000602_1313000612_1313000622_1313000698_1313006025_1313006035_1313006057_1313006058_1800063070_3000001000_3000001020_3000001040_3000001180_3000001190_3000001200_3000001210_3000001240_3000001340_3000001350_3000001370_3000001380_3000001460_3000001570_3000001580_3000001700_3000001760_3000001800_3000001820_3000001880_3000002190_3000002350_3000003790_3000004170_3000004760_3000007060_4240000105"
2,132,36,281.0,"1112600399_1313000602_1313000612_1313000622_1313000698_1313006025_1313006035_1313006057_1800063070_3000001000_3000001020_3000001040_3000001180_3000001190_3000001200_3000001210_3000001240_3000001340_3000001350_3000001370_3000001380_3000001460_3000001570_3000001580_3000001700_3000001760_3000001800_3000001820_3000001880_3000002190_3000002350_3000003790_3000004170_3000004760_3000007060_4240000105"
2,133,37,339.0,"1112600399_1313000602_1313000612_1313000622_1313000698_1313006025_1313006035_1313006057_1313006058_1800063070_3000001000_3000001020_3000001040_3000001180_3000001190_3000001200_3000001210_3000001240_3000001340_3000001350_3000001370_3000001380_3000001460_3000001570_3000001580_3000001700_3000001760_3000001800_3000001820_3000001880_3000002190_3000002350_3000003790_3000004170_3000004760_3000007060_4240000105"
2,134,35,245.0,"1313000602_1313000612_1313000622_1313000698_1313006025_1313006035_1313006057_1313006058_1800063070_3000001000_3000001020_3000001040_3000001180_3000001190_3000001200_3000001210_3000001240_3000001350_3000001370_3000001380_3000001460_3000001570_3000001580_3000001700_3000001760_3000001800_3000001820_3000001880_3000002190_3000002350_3000003790_3000004170_3000004760_3000007060_4240000105"
2,135,35,244.0,"1112600328_1313000602_1313000612_1313000622_1313000698_1313006025_1313006035_1313006057_1313006058_1800063070_3000001000_3000001020_3000001040_3000001180_3000001190_3000001200_3000001210_3000001240_3000001340_3000001350_3000001380_3000001460_3000001570_3000001700_3000001760_3000001800_3000001820_3000001880_3000002190_3000002350_3000003790_3000004170_3000004760_3000007060_4240000105"
2,136,35,241.0,"1112600399_1313000602_1313000612_1313000622_1313000698_1313006025_1313006035_1313006057_1313006058_1800063070_3000001000_3000001020_3000001040_3000001180_3000001190_3000001200_3000001210_3000001240_3000001340_3000001370_3000001380_3000001460_3000001570_3000001580_3000001700_3000001760_3000001800_3000001880_3000002190_3000002350_3000003790_3000004170_3000004760_3000007060_4240000105"
2,137,38,227.0,"1112600399_1313000602_1313000612_1313000622_1313000698_1313006025_1313006035_1313006057_1313006058_1800063070_3000001000_3000001020_3000001040_3000001180_3000001190_3000001200_3000001210_3000001240_3000001340_3000001350_3000001370_3000001380_3000001460_3000001570_3000001580_3000001700_3000001760_3000001800_3000001820_3000001880_3000002190_3000002350_3000003790_3000004170_3000004760_3000007060_4240000105_6414408037"
2,138,38,216.0,"1112600399_1313000602_1313000612_1313000622_1313000698_1313006025_1313006035_1313006057_1313006058_1800063070_3000001000_3000001020_3000001040_3000001180_3000001190_3000001200_3000001210_3000001240_3000001340_3000001350_3000001370_3000001380_3000001460_3000001570_3000001580_3000001700_3000001760_3000001800_3000001820_3000001880_3000002190_3000002350_3000003790_3000004170_3000004760_3000007060_4240000105_6414408037"
2,139,35,213.0,"1112600399_1313000602_1313000612_1313000622_1313000698_1313006025_1313006035_1313006057_1313006058_1800063070_3000001020_3000001040_3000001180_3000001190_3000001200_3000001210_3000001240_3000001340_3000001370_3000001380_3000001460_3000001570_3000001580_3000001700_3000001760_3000001800_3000001820_3000001880_3000002190_3000002350_3000003790_3000004170_3000004760_3000007060_4240000105"
2,140,34,193.0,"1112600328_1313000602_1313000612_1313000622_1313000698_1313006025_1313006035_1313006057_1800063070_3000001000_3000001020_3000001040_3000001180_3000001190_3000001200_3000001210_3000001240_3000001340_3000001350_3000001370_3000001460_3000001570_3000001580_3000001700_3000001760_3000001800_3000001820_3000001880_3000002190_3000002350_3000004170_3000004760_3000007060_4240000105"
2,141,34,198.0,"1313000602_1313000612_1313000622_1313000698_1313006025_1313006035_1313006057_1313006058_1800063070_3000001000_3000001020_3000001040_3000001180_3000001190_3000001200_3000001210_3000001340_3000001350_3000001370_3000001460_3000001570_3000001580_3000001700_3000001760_3000001800_3000001820_3000001880_3000002190_3000002350_3000003790_3000004170_3000004760_3000007060_4240000105"
2,142,37,243.0,"1313000602_1313000612_1313000622_1313000698_1313006025_1313006035_1313006057_1313006058_1800063070_3000001000_3000001020_3000001040_3000001180_3000001190_3000001200_3000001210_3000001240_3000001340_3000001350_3000001370_3000001380_3000001460_3000001570_3000001580_3000001700_3000001760_3000001800_3000001820_3000001880_3000002190_3000002350_3000003790_3000004170_3000004760_3000007060_4240000105_6414408037"
2,143,34,178.0,"1313000602_1313000612_1313000622_1313000698_1313006025_1313006035_1313006057_1313006058_1800063070_3000001000_3000001020_3000001040_3000001180_3000001190_3000001200_3000001210_3000001240_3000001340_3000001350_3000001370_3000001380_3000001460_3000001570_3000001580_3000001700_3000001760_3000001800_3000001820_3000002190_3000002350_3000003790_3000004170_3000004760_3000007060"
2,144,37,173.0,"1112600328_1313000602_1313000612_1313000622_1313000698_1313006025_1313006035_1313006053_1313006057_1313006058_1800063070_3000001000_3000001020_3000001040_3000001180_3000001190_3000001200_3000001210_3000001240_3000001340_3000001350_3000001370_3000001380_3000001460_3000001570_3000001700_3000001760_3000001800_3000001820_3000002190_3000002350_3000003790_3000004170_3000004760_3000007060_4240000105_6414408037"
2,145,36,202.0,"1112600399_1313000602_1313000612_1313000622_1313000698_1313006025_1313006053_1313006057_1313006058_1800063070_3000001000_3000001020_3000001040_3000001180_3000001190_3000001200_3000001210_3000001240_3000001340_3000001350_3000001370_3000001380_3000001460_3000001570_3000001580_3000001700_3000001760_3000001800_3000001820_3000001880_3000002190_3000002350_3000004170_3000004760_3000007060_4240000105"
2,146,38,213.0,"1112600328_1313000602_1313000612_1313000622_1313000698_1313006025_1313006053_1313006057_1313006058_1800063070_3000001000_3000001020_3000001040_3000001180_3000001190_3000001200_3000001210_3000001240_3000001340_3000001350_3000001370_3000001380_3000001460_3000001570_3000001580_3000001700_3000001760_3000001800_3000001820_3000001880_3000002190_3000002350_3000003790_3000004170_3000004760_3000007060_4240000105_6414408037"
2,147,33,181.0,"1313000602_1313000612_1313000622_1313000698_1313006025_1313006053_1313006057_1800063070_3000001000_3000001020_3000001040_3000001180_3000001190_3000001200_3000001210_3000001240_3000001350_3000001370_3000001380_3000001460_3000001570_3000001580_3000001700_3000001760_3000001800_3000001820_3000001880_3000002190_3000002350_3000004170_3000004760_3000007060_4240000105"
2,148,36,181.0,"1313000602_1313000612_1313000622_1313000698_1313006025_1313006053_1313006057_1313006058_1800063070_3000001000_3000001020_3000001040_3000001180_3000001190_3000001200_3000001210_3000001240_3000001340_3000001350_3000001370_3000001380_3000001460_3000001570_3000001580_3000001700_3000001760_3000001800_3000001820_3000001880_3000002190_3000002350_3000003790_3000004170_3000004760_3000007060_4240000105"
2,149,34,193.0,"1313000602_1313000612_1313000622_1313000698_1313006025_1313006053_1313006057_1313006058_1800063070_3000001000_3000001020_3000001040_3000001180_3000001190_3000001200_3000001210_3000001240_3000001340_3000001350_3000001370_3000001380_3000001460_3000001570_3000001580_3000001700_3000001760_3000001800_3000001880_3000002190_3000002350_3000004170_3000004760_3000007060_4240000105"
2,150,35,195.0,"1112600328_1313000602_1313000612_1313000622_1313000698_1313006025_1313006053_1313006057_1313006058_1800063070_3000001020_3000001040_3000001180_3000001190_3000001200_3000001210_3000001240_3000001340_3000001380_3000001460_3000001570_3000001580_3000001700_3000001760_3000001800_3000001820_3000001880_3000002190_3000002350_3000003790_3000004170_3000004760_3000007060_4240000105_6414408037"
2,152,34,173.0,"1112600328_1112600399_1313000602_1313000612_1313000622_1313000698_1313006025_1313006053_1313006057_1313006058_1800063070_3000001020_3000001040_3000001180_3000001190_3000001200_3000001210_3000001240_3000001380_3000001460_3000001570_3000001580_3000001760_3000001800_3000001820_3000001880_3000002190_3000002350_3000003790_3000004170_3000004760_3000007060_4240000105_6414408037"
2,153,31,193.0,"1313000612_1313000622_1313000698_1313006025_1313006035_1313006057_1800063070_3000001020_3000001040_3000001180_3000001190_3000001200_3000001210_3000001240_3000001340_3000001380_3000001460_3000001570_3000001580_3000001760_3000001800_3000001820_3000001880_3000002190_3000002350_3000003790_3000004170_3000004760_3000007060_4240000105_6414408037"
2,154,34,176.0,"1112600328_1313000602_1313000612_1313000622_1313000698_1313006025_1313006053_1313006057_1313006058_1800063070_3000001020_3000001040_3000001180_3000001190_3000001200_3000001210_3000001240_3000001340_3000001380_3000001460_3000001570_3000001580_3000001760_3000001800_3000001820_3000001880_3000002190_3000002350_3000003790_3000004170_3000004760_3000007060_4240000105_6414408037"
2,155,32,251.0,"1313000602_1313000612_1313000622_1313000698_1313006025_1313006053_1313006057_1800063070_3000001020_3000001040_3000001180_3000001190_3000001200_3000001210_3000001240_3000001340_3000001380_3000001460_3000001570_3000001580_3000001760_3000001800_3000001820_3000001880_3000002190_3000002350_3000003790_3000004170_3000004760_3000007060_4240000105_6414408037"
2,156,31,208.0,"1313000602_1313000612_1313000622_1313000698_1313006025_1313006053_1313006057_1313006058_1800063070_3000001020_3000001040_3000001180_3000001190_3000001200_3000001210_3000001240_3000001340_3000001380_3000001570_3000001580_3000001760_3000001800_3000001820_3000001880_3000002190_3000002350_3000003790_3000004170_3000004760_3000007060_4240000105"
2,157,33,228.0,"1112600328_1313000602_1313000612_1313000622_1313000698_1313006025_1313006053_1313006057_1800063070_3000001020_3000001040_3000001180_3000001190_3000001200_3000001210_3000001240_3000001340_3000001380_3000001460_3000001570_3000001580_3000001590_3000001760_3000001800_3000001820_3000001880_3000002190_3000002350_3000003790_3000004170_3000004760_3000007060_4240000105"
2,158,34,336.0,"1112600328_1313000602_1313000612_1313000622_1313000698_1313006025_1313006053_1313006057_1313006058_1800063070_3000001020_3000001040_3000001180_3000001190_3000001200_3000001210_3000001240_3000001340_3000001380_3000001460_3000001570_3000001580_3000001590_3000001760_3000001800_3000001820_3000001880_3000002190_3000002350_3000003790_3000004170_3000004760_3000007060_4240000105"
2,159,35,312.0,"1112600328_1112600399_1313000602_1313000612_1313000622_1313000698_1313006025_1313006053_1313006057_1313006058_1800063070_3000001020_3000001040_3000001180_3000001190_3000001200_3000001210_3000001240_3000001340_3000001380_3000001460_3000001570_3000001580_3000001590_3000001760_3000001800_3000001820_3000001880_3000002190_3000002350_3000003790_3000004170_3000004760_3000007060_4240000105"
2,160,33,262.0,"1313000602_1313000612_1313000622_1313000698_1313006025_1313006053_1313006057_1313006058_1800063070_3000001020_3000001040_3000001180_3000001190_3000001200_3000001210_3000001240_3000001340_3000001380_3000001460_3000001570_3000001580_3000001590_3000001760_3000001800_3000001820_3000001880_3000002190_3000002350_3000003790_3000004170_3000004760_3000007060_4240000105"
2,161,36,301.0,"1112600328_1313000602_1313000612_1313000622_1313000698_1313006025_1313006035_1313006053_1313006057_1313006058_1800063070_3000001020_3000001040_3000001180_3000001190_3000001200_3000001210_3000001240_3000001340_3000001380_3000001460_3000001570_3000001580_3000001590_3000001760_3000001800_3000001820_3000001880_3000002190_3000002350_3000003790_3000004170_3000004760_3000007060_4240000105_6414408037"
2,162,35,339.0,"1112600399_1313000602_1313000612_1313000622_1313000698_1313006025_1313006053_1313006057_1313006058_1800063070_3000001020_3000001040_3000001180_3000001190_3000001200_3000001210_3000001240_3000001340_3000001380_3000001460_3000001570_3000001580_3000001590_3000001760_3000001800_3000001820_3000001880_3000002190_3000002350_3000003790_3000004170_3000004760_3000007060_4240000105_6414408037"
2,163,35,502.0,"1112600328_1313000602_1313000612_1313000622_1313000698_1313006025_1313006053_1313006057_1313006058_1800063070_3000001020_3000001040_3000001180_3000001190_3000001200_3000001210_3000001240_3000001340_3000001380_3000001460_3000001570_3000001580_3000001590_3000001760_3000001800_3000001820_3000001880_3000002190_3000002350_3000003790_3000004170_3000004760_3000007060_4240000105_6414408037"
2,164,34,382.0,"1313000602_1313000612_1313000622_1313000698_1313006025_1313006053_1313006057_1313006058_1800063070_3000001020_3000001040_3000001180_3000001190_3000001200_3000001210_3000001240_3000001340_3000001380_3000001460_3000001570_3000001580_3000001590_3000001760_3000001800_3000001820_3000001880_3000002190_3000002350_3000003790_3000004170_3000004760_3000007060_4240000105_6414408037"
2,165,35,335.0,"1112600399_1313000602_1313000612_1313000622_1313000698_1313006025_1313006053_1313006057_1313006058_1800063070_3000001020_3000001040_3000001180_3000001190_3000001200_3000001210_3000001240_3000001340_3000001380_3000001460_3000001570_3000001580_3000001590_3000001760_3000001800_3000001820_3000001880_3000002190_3000002350_3000003790_3000004170_3000004760_3000007060_4240000105_6414408037"
2,166,35,303.0,"1112600399_1313000602_1313000612_1313000622_1313000698_1313006025_1313006035_1313006053_1313006057_1313006058_1800063070_3000001020_3000001040_3000001180_3000001190_3000001200_3000001210_3000001240_3000001340_3000001380_3000001460_3000001570_3000001580_3000001590_3000001760_3000001800_3000001820_3000001880_3000002190_3000002350_3000003790_3000004170_3000007060_4240000105_6414408037"
2,167,36,305.0,"1112600328_1112600399_1313000602_1313000612_1313000622_1313000698_1313006025_1313006053_1313006057_1313006058_1800063070_3000001020_3000001040_3000001180_3000001190_3000001200_3000001210_3000001240_3000001340_3000001380_3000001460_3000001570_3000001580_3000001590_3000001760_3000001800_3000001820_3000001880_3000002190_3000002350_3000003790_3000004170_3000004760_3000007060_4240000105_6414408037"
2,168,35,283.0,"1112600328_1112600399_1313000602_1313000612_1313000622_1313000698_1313006025_1313006053_1313006057_1313006058_1800063070_3000001020_3000001040_3000001180_3000001190_3000001200_3000001210_3000001240_3000001340_3000001380_3000001460_3000001570_3000001580_3000001590_3000001760_3000001800_3000001820_3000001880_3000002190_3000002350_3000003790_3000004170_3000004760_3000007060_4240000105"
2,169,34,344.0,"1112600399_1313000602_1313000612_1313000622_1313000698_1313006025_1313006053_1313006057_1800063070_3000001020_3000001040_3000001180_3000001190_3000001200_3000001210_3000001240_3000001340_3000001380_3000001460_3000001570_3000001580_3000001590_3000001760_3000001800_3000001820_3000001880_3000002190_3000002350_3000003790_3000004170_3000004760_3000007060_4240000105_6414408037"
2,170,34,450.0,"1112600399_1313000602_1313000612_1313000622_1313000698_1313006025_1313006053_1313006057_1313006058_1800063070_3000001020_3000001040_3000001180_3000001190_3000001200_3000001210_3000001240_3000001340_3000001380_3000001460_3000001570_3000001580_3000001590_3000001760_3000001800_3000001820_3000001880_3000002190_3000002350_3000003790_3000004170_3000004760_3000007060_4240000105"
2,171,34,392.0,"1112600399_1313000602_1313000612_1313000622_1313000698_1313006025_1313006053_1313006057_1313006058_1800063070_3000001020_3000001040_3000001180_3000001190_3000001200_3000001210_3000001240_3000001340_3000001380_3000001460_3000001570_3000001580_3000001590_3000001760_3000001800_3000001820_3000001880_3000002190_3000003790_3000004170_3000004760_3000007060_4240000105_6414408037"
2,172,35,261.0,"1112600399_1313000602_1313000612_1313000622_1313000698_1313006025_1313006053_1313006057_1313006058_1800063070_3000001020_3000001040_3000001180_3000001190_3000001200_3000001210_3000001240_3000001340_3000001380_3000001460_3000001570_3000001580_3000001590_3000001760_3000001800_3000001820_3000001880_3000002190_3000002350_3000003790_3000004170_3000004760_3000007060_4240000105_6414408037"
2,173,35,353.0,"1112600328_1112600399_1313000602_1313000612_1313000622_1313000698_1313006025_1313006053_1313006057_1313006058_1800063070_3000001020_3000001040_3000001180_3000001190_3000001200_3000001210_3000001240_3000001340_3000001380_3000001460_3000001570_3000001580_3000001590_3000001760_3000001800_3000001820_3000001880_3000002190_3000002350_3000004170_3000004760_3000007060_4240000105_6414408037"
2,174,35,360.0,"1112600399_1313000602_1313000612_1313000622_1313000698_1313006025_1313006053_1313006057_1313006058_1800063070_3000001020_3000001040_3000001180_3000001190_3000001200_3000001210_3000001240_3000001340_3000001380_3000001460_3000001570_3000001580_3000001590_3000001760_3000001800_3000001820_3000001880_3000002190_3000002350_3000003790_3000004170_3000004760_3000007060_4240000105_6414408037"
2,175,35,345.0,"1112600399_1313000602_1313000612_1313000622_1313000698_1313006025_1313006053_1313006057_1313006058_1800063070_3000001020_3000001040_3000001180_3000001190_3000001200_3000001210_3000001240_3000001340_3000001380_3000001460_3000001570_3000001580_3000001590_3000001760_3000001800_3000001820_3000001880_3000002190_3000002350_3000003790_3000004170_3000004760_3000007060_4240000105_6414408037"
2,176,34,374.0,"1112600399_1313000602_1313000612_1313000622_1313000698_1313006025_1313006053_1313006057_1313006058_1800063070_3000001020_3000001040_3000001180_3000001190_3000001200_3000001210_3000001240_3000001340_3000001380_3000001460_3000001570_3000001580_3000001590_3000001760_3000001800_3000001820_3000001880_3000002190_3000002350_3000003790_3000004170_3000004760_3000007060_4240000105"
2,177,35,346.0,"1112600399_1313000602_1313000612_1313000622_1313000698_1313006025_1313006053_1313006057_1313006058_1800063070_3000001020_3000001040_3000001180_3000001190_3000001200_3000001210_3000001240_3000001340_3000001380_3000001460_3000001570_3000001580_3000001590_3000001760_3000001800_3000001820_3000001880_3000002190_3000002350_3000003790_3000004170_3000004760_3000007060_4240000105_6414408037"
2,178,34,276.0,"1112600399_1313000602_1313000612_1313000622_1313000698_1313006025_1313006053_1313006057_1313006058_1800063070_3000001020_3000001040_3000001180_3000001190_3000001200_3000001210_3000001240_3000001340_3000001380_3000001460_3000001570_3000001580_3000001590_3000001760_3000001820_3000001880_3000002190_3000002350_3000003790_3000004170_3000004760_3000007060_4240000105_6414408037"
2,179,35,368.0,"1112600399_1313000602_1313000612_1313000622_1313000698_1313006025_1313006053_1313006057_1313006058_1800063070_3000001020_3000001040_3000001180_3000001190_3000001200_3000001210_3000001240_3000001340_3000001380_3000001460_3000001570_3000001580_3000001590_3000001760_3000001800_3000001820_3000001880_3000002190_3000002350_3000003790_3000004170_3000004760_3000007060_4240000105_6414408037"
2,180,33,383.0,"1112600399_1313000602_1313000612_1313000622_1313000698_1313006025_1313006053_1313006057_1800063070_3000001020_3000001040_3000001180_3000001190_3000001200_3000001210_3000001240_3000001340_3000001380_3000001460_3000001570_3000001580_3000001590_3000001760_3000001800_3000001820_3000001880_3000002190_3000002350_3000003790_3000004170_3000004760_3000007060_4240000105"
2,181,35,945.0,"1112600399_1313000602_1313000612_1313000622_1313000698_1313006025_1313006053_1313006057_1313006058_1800063070_3000001020_3000001040_3000001180_3000001190_3000001200_3000001210_3000001240_3000001340_3000001380_3000001460_3000001570_3000001580_3000001590_3000001760_3000001800_3000001820_3000001880_3000002190_3000002350_3000003790_3000004170_3000004760_3000007060_4240000105_6414408037"
2,182,35,299.0,"1313000602_1313000612_1313000622_1313000698_1313006025_1313006053_1313006057_1313006058_1800063070_3000001020_3000001040_3000001180_3000001190_3000001200_3000001210_3000001240_3000001340_3000001380_3000001460_3000001570_3000001580_3000001590_3000001760_3000001800_3000001820_3000001880_3000002190_3000002350_3000002360_3000002390_3000003790_3000004170_3000004760_3000007060_4240000105"
2,183,37,277.0,"1112600399_1313000602_1313000612_1313000622_1313000698_1313006025_1313006053_1313006057_1313006058_1800063070_3000001020_3000001040_3000001180_3000001190_3000001200_3000001210_3000001240_3000001340_3000001380_3000001460_3000001570_3000001580_3000001590_3000001760_3000001800_3000001820_3000001880_3000002190_3000002350_3000002360_3000002390_3000003790_3000004170_3000004760_3000007060_4240000105_6414408037"
2,184,36,264.0,"1112600399_1313000602_1313000612_1313000622_1313000698_1313006025_1313006053_1313006057_1313006058_1800063070_3000001020_3000001040_3000001180_3000001190_3000001200_3000001210_3000001240_3000001340_3000001380_3000001460_3000001570_3000001580_3000001590_3000001760_3000001800_3000001820_3000001880_3000002190_3000002350_3000002360_3000002390_3000003790_3000004170_3000004760_3000007060_4240000105"
2,185,36,233.0,"1112600399_1313000602_1313000612_1313000622_1313000698_1313006025_1313006053_1313006057_1313006058_1800063070_3000001020_3000001040_3000001180_3000001190_3000001200_3000001210_3000001240_3000001340_3000001380_3000001460_3000001570_3000001580_3000001590_3000001760_3000001800_3000001820_3000001880_3000002190_3000002350_3000002360_3000002390_3000003790_3000004170_3000004760_3000007060_4240000105"
2,186,35,219.0,"1313000602_1313000612_1313000622_1313000698_1313006025_1313006053_1313006057_1800063070_3000001020_3000001040_3000001180_3000001190_3000001200_3000001210_3000001240_3000001340_3000001380_3000001460_3000001570_3000001580_3000001590_3000001760_3000001800_3000001820_3000001880_3000002190_3000002350_3000002360_3000002380_3000002390_3000003790_3000004170_3000004760_3000007060_4240000105"
2,187,36,198.0,"1112600399_1313000602_1313000612_1313000622_1313000698_1313006025_1313006053_1313006057_1800063070_3000001020_3000001040_3000001180_3000001190_3000001200_3000001210_3000001240_3000001340_3000001380_3000001460_3000001570_3000001580_3000001590_3000001760_3000001800_3000001820_3000001880_3000002190_3000002350_3000002360_3000002380_3000002390_3000003790_3000004170_3000007060_4240000105_6414408037"
2,188,34,197.0,"1112600399_1313000602_1313000612_1313000622_1313000698_1313006025_1313006053_1313006057_1800063070_3000001020_3000001040_3000001180_3000001190_3000001200_3000001210_3000001240_3000001340_3000001380_3000001460_3000001570_3000001580_3000001590_3000001760_3000001800_3000001820_3000001880_3000002190_3000002350_3000002360_3000003790_3000004170_3000004760_3000007060_4240000105"
2,189,36,244.0,"1112600399_1313000602_1313000612_1313000622_1313000698_1313006025_1313006053_1313006057_1313006058_1800063070_3000001020_3000001040_3000001180_3000001190_3000001200_3000001210_3000001240_3000001340_3000001380_3000001460_3000001570_3000001760_3000001800_3000001820_3000001880_3000002190_3000002350_3000002360_3000002380_3000002390_3000003790_3000004170_3000004760_3000007060_4240000105_6414408037"
2,190,37,215.0,"1112600328_1313000602_1313000612_1313000622_1313000698_1313006025_1313006053_1313006057_1800063070_3000001020_3000001040_3000001180_3000001190_3000001200_3000001210_3000001240_3000001340_3000001380_3000001460_3000001570_3000001580_3000001590_3000001760_3000001800_3000001820_3000001880_3000002190_3000002350_3000002360_3000002380_3000002390_3000003790_3000004170_3000004760_3000007060_4240000105_6414408037"
2,191,32,140.0,"1313000612_1313000622_1313000698_1313006025_1313006053_1313006057_1800063070_3000001020_3000001040_3000001180_3000001190_3000001200_3000001210_3000001240_3000001340_3000001380_3000001460_3000001570_3000001580_3000001760_3000001800_3000001820_3000001880_3000002190_3000002350_3000002390_3000003790_3000004170_3000004760_3000007060_4240000105_6414408037"
2,192,36,186.0,"1313000602_1313000612_1313000622_1313000698_1313006025_1313006053_1313006057_1800063070_3000001020_3000001040_3000001180_3000001190_3000001200_3000001210_3000001240_3000001340_3000001380_3000001460_3000001570_3000001580_3000001590_3000001760_3000001800_3000001820_3000001880_3000002190_3000002350_3000002360_3000002380_3000002390_3000003790_3000004170_3000004760_3000007060_4240000105_6414408037"
2,193,35,205.0,"1313000602_1313000612_1313000622_1313000698_1313006025_1313006053_1313006057_1800063070_3000001020_3000001040_3000001180_3000001190_3000001200_3000001210_3000001240_3000001340_3000001380_3000001460_3000001570_3000001580_3000001590_3000001760_3000001800_3000001820_3000001880_3000002190_3000002350_3000002360_3000002380_3000002390_3000003790_3000004170_3000004760_3000007060_4240000105"
2,194,35,173.0,"1313000602_1313000612_1313000622_1313000698_1313006025_1313006053_1313006057_1800063070_3000001020_3000001040_3000001180_3000001190_3000001200_3000001210_3000001240_3000001340_3000001380_3000001460_3000001570_3000001580_3000001760_3000001800_3000001820_3000001880_3000002190_3000002350_3000002360_3000002380_3000002390_3000003790_3000004170_3000004760_3000007060_4240000105_6414408037"
2,195,36,235.0,"1112600328_1313000602_1313000612_1313000622_1313000698_1313006025_1313006053_1313006057_1800063070_3000001020_3000001040_3000001180_3000001190_3000001200_3000001210_3000001240_3000001340_3000001380_3000001460_3000001570_3000001580_3000001590_3000001760_3000001800_3000001820_3000001880_3000002190_3000002350_3000002360_3000002380_3000002390_3000003790_3000004170_3000004760_3000007060_4240000105"
2,196,35,180.0,"1112600328_1313000602_1313000612_1313000622_1313000698_1313006025_1313006053_1313006057_1800063070_3000001020_3000001040_3000001180_3000001190_3000001200_3000001210_3000001240_3000001340_3000001380_3000001460_3000001570_3000001580_3000001590_3000001760_3000001800_3000001820_3000001880_3000002190_3000002350_3000002360_3000002390_3000003790_3000004170_3000004760_3000007060_4240000105"
2,197,35,156.0,"1112600399_1313000602_1313000612_1313000622_1313000698_1313006025_1313006053_1313006057_1800063070_3000001020_3000001040_3000001180_3000001190_3000001200_3000001210_3000001240_3000001340_3000001380_3000001460_3000001570_3000001580_3000001590_3000001760_3000001800_3000001820_3000001880_3000002190_3000002350_3000002360_3000002390_3000003790_3000004170_3000004760_3000007060_4240000105"
2,198,34,167.0,"1112600328_1313000602_1313000612_1313000622_1313000698_1313006025_1313006053_1800063070_3000001020_3000001040_3000001180_3000001190_3000001200_3000001210_3000001240_3000001340_3000001380_3000001460_3000001570_3000001580_3000001590_3000001760_3000001820_3000001880_3000002190_3000002350_3000002360_3000002380_3000002390_3000003790_3000004170_3000007060_4240000105_6414408037"
2,199,31,147.0,"1112600328_1313000602_1313000612_1313000622_1313000698_1313006025_1800063070_3000001020_3000001040_3000001180_3000001190_3000001200_3000001210_3000001240_3000001340_3000001380_3000001460_3000001570_3000001590_3000001800_3000001820_3000001880_3000002190_3000002350_3000002360_3000002380_3000002390_3000003790_3000004170_3000004760_3000007060"
2,200,31,132.0,"1313000602_1313000612_1313000622_1313000698_1313006053_1313006057_1800063070_3000001020_3000001040_3000001180_3000001190_3000001200_3000001210_3000001240_3000001340_3000001380_3000001460_3000001580_3000001590_3000001760_3000001820_3000001880_3000002190_3000002350_3000002390_3000003790_3000004170_3000004760_3000007060_4240000105_6414408037"
2,201,35,165.0,"1112600328_1313000602_1313000612_1313000622_1313000698_1313006025_1313006053_1313006057_1800063070_3000001020_3000001040_3000001180_3000001190_3000001200_3000001210_3000001240_3000001340_3000001380_3000001460_3000001570_3000001580_3000001590_3000001760_3000001800_3000001820_3000001880_3000002190_3000002350_3000002380_3000002390_3000003790_3000004170_3000004760_3000007060_4240000105"
2,202,38,179.0,"1112600399_1313000602_1313000612_1313000622_1313000698_1313006025_1313006053_1313006057_1313006058_1800063070_3000001020_3000001040_3000001180_3000001190_3000001200_3000001210_3000001240_3000001340_3000001380_3000001460_3000001570_3000001580_3000001590_3000001760_3000001800_3000001820_3000001880_3000002190_3000002350_3000002380_3000002390_3000002620_3000003790_3000004170_3000004760_3000007060_4240000105_6414408037"
2,203,32,192.0,"1313000602_1313000612_1313000622_1313000698_1313006025_1313006053_1313006057_1800063070_3000001020_3000001040_3000001180_3000001190_3000001200_3000001210_3000001240_3000001340_3000001380_3000001460_3000001570_3000001580_3000001760_3000001800_3000001820_3000001880_3000002190_3000002350_3000002390_3000002620_3000004170_3000004760_3000007060_4240000105"
2,204,29,174.0,"1313000602_1313000612_1313000622_1313000698_1313006025_1313006053_1313006057_1800063070_3000001020_3000001040_3000001180_3000001190_3000001200_3000001210_3000001240_3000001380_3000001460_3000001570_3000001580_3000001760_3000001800_3000001880_3000002190_3000002390_3000002620_3000004170_3000004760_3000007060_4240000105"
2,205,33,171.0,"1313000602_1313000612_1313000622_1313000698_1313006025_1313006053_1313006057_1800063070_3000001020_3000001040_3000001180_3000001190_3000001200_3000001210_3000001240_3000001340_3000001380_3000001460_3000001570_3000001580_3000001760_3000001800_3000001820_3000001880_3000002190_3000002350_3000002620_3000002720_3000004170_3000004760_3000007060_4240000105_6414408004"
2,206,32,157.0,"1313000602_1313000612_1313000622_1313000698_1313006025_1313006053_1313006057_1800063070_3000001020_3000001040_3000001180_3000001190_3000001200_3000001210_3000001240_3000001340_3000001380_3000001460_3000001570_3000001760_3000001800_3000001820_3000001880_3000002190_3000002350_3000002390_3000002620_3000002720_3000004170_3000004760_3000007060_4240000105"
2,207,31,203.0,"1313000602_1313000612_1313000622_1313000698_1313006025_1313006053_1313006057_1800063070_3000001020_3000001040_3000001180_3000001190_3000001200_3000001210_3000001240_3000001340_3000001380_3000001460_3000001570_3000001760_3000001800_3000001820_3000001880_3000002190_3000002350_3000002390_3000002620_3000004170_3000004760_3000007060_4240000105"
2,208,33,712.0,"1313000602_1313000612_1313000622_1313000698_1313006025_1313006053_1313006057_1800063070_3000001020_3000001040_3000001180_3000001190_3000001200_3000001210_3000001240_3000001340_3000001380_3000001460_3000001570_3000001580_3000001760_3000001800_3000001820_3000001880_3000002190_3000002350_3000002390_3000002620_3000002720_3000004170_3000004760_3000007060_4240000105"
2,209,34,286.0,"1313000602_1313000612_1313000622_1313000698_1313006025_1313006053_1313006057_1800063070_3000001020_3000001040_3000001180_3000001190_3000001200_3000001210_3000001240_3000001340_3000001380_3000001460_3000001570_3000001580_3000001760_3000001800_3000001820_3000001880_3000002190_3000002350_3000002390_3000002620_3000002720_3000004170_3000004760_3000007060_4240000105_6414408004"
2,210,32,303.0,"1313000602_1313000612_1313000622_1313006025_1313006053_1313006057_1800063070_3000001020_3000001040_3000001180_3000001190_3000001200_3000001210_3000001240_3000001340_3000001380_3000001460_3000001570_3000001580_3000001760_3000001800_3000001820_3000001880_3000002190_3000002350_3000002390_3000002620_3000002720_3000004170_3000004760_3000007060_4240000105"
2,211,33,324.0,"1313000602_1313000612_1313000622_1313000698_1313006025_1313006053_1313006057_1800063070_3000001020_3000001040_3000001180_3000001190_3000001200_3000001210_3000001240_3000001340_3000001380_3000001460_3000001570_3000001580_3000001760_3000001800_3000001820_3000001880_3000002190_3000002350_3000002390_3000002620_3000002720_3000004170_3000004760_3000007060_4240000105"
2,212,34,279.0,"1313000602_1313000612_1313000622_1313000698_1313006025_1313006053_1313006057_1800063070_3000001020_3000001040_3000001180_3000001190_3000001200_3000001210_3000001240_3000001340_3000001380_3000001460_3000001570_3000001580_3000001760_3000001800_3000001820_3000001880_3000002190_3000002350_3000002390_3000002620_3000002720_3000004170_3000004760_3000007060_4240000105_6414408004"
2,213,33,318.0,"1313000602_1313000612_1313000622_1313000698_1313006025_1313006053_1313006057_1800063070_3000001020_3000001040_3000001180_3000001190_3000001200_3000001210_3000001240_3000001340_3000001380_3000001460_3000001570_3000001580_3000001760_3000001800_3000001820_3000001880_3000002190_3000002350_3000002390_3000002620_3000004170_3000004760_3000007060_4240000105_6414408004"
2,214,38,649.0,"1313000602_1313000612_1313000622_1313000698_1313006025_1313006035_1313006053_1313006057_1800063070_3000001020_3000001040_3000001180_3000001190_3000001200_3000001210_3000001240_3000001340_3000001380_3000001460_3000001570_3000001580_3000001760_3000001800_3000001820_3000001880_3000002190_3000002350_3000002390_3000002620_3000002720_3000004170_3000004760_3000007060_3828125073_3828125077_3828125085_3828125098_4240000105"
2,215,37,464.0,"1313000602_1313000612_1313000622_1313000698_1313006025_1313006035_1313006057_1800063070_3000001020_3000001040_3000001180_3000001190_3000001200_3000001210_3000001240_3000001340_3000001380_3000001460_3000001580_3000001760_3000001800_3000001820_3000001880_3000002190_3000002350_3000002390_3000002620_3000002720_3000004170_3000004760_3000007060_3828125073_3828125077_3828125081_3828125085_3828125098_4240000105"
2,216,40,295.0,"1313000602_1313000612_1313000622_1313000698_1313006025_1313006035_1313006053_1313006057_1800063061_1800063070_3000001020_3000001040_3000001180_3000001190_3000001200_3000001210_3000001240_3000001340_3000001380_3000001460_3000001580_3000001760_3000001800_3000001820_3000001880_3000002190_3000002350_3000002390_3000002620_3000002720_3000004170_3000004760_3000007060_3828125073_3828125077_3828125081_3828125085_3828125098_4240000105_6414408004"
2,217,40,359.0,"1313000602_1313000612_1313000622_1313000698_1313006025_1313006035_1313006057_1800063061_1800063070_3000001020_3000001040_3000001180_3000001190_3000001200_3000001210_3000001240_3000001340_3000001380_3000001460_3000001570_3000001580_3000001760_3000001800_3000001820_3000001880_3000002190_3000002350_3000002390_3000002620_3000002720_3000004170_3000004760_3000007060_3828125073_3828125077_3828125081_3828125085_3828125098_4240000105_6414408004"
2,218,39,351.0,"1313000602_1313000612_1313000622_1313000698_1313006025_1313006035_1313006057_1800063070_3000001020_3000001040_3000001180_3000001190_3000001200_3000001210_3000001240_3000001340_3000001380_3000001460_3000001570_3000001580_3000001760_3000001800_3000001820_3000001880_3000002190_3000002350_3000002390_3000002620_3000002720_3000004170_3000004760_3000007060_3828125073_3828125077_3828125081_3828125085_3828125098_4240000105_6414408004"
2,220,37,267.0,"1313000602_1313000612_1313000622_1313000698_1313006025_1313006035_1313006057_1800063070_3000001020_3000001040_3000001180_3000001190_3000001200_3000001210_3000001240_3000001340_3000001380_3000001460_3000001570_3000001580_3000001800_3000001820_3000001880_3000002190_3000002350_3000002620_3000002720_3000004170_3000004760_3000007060_3828125073_3828125077_3828125081_3828125085_3828125098_4240000105_6414408004"
2,221,39,454.0,"1313000602_1313000612_1313000622_1313000698_1313006025_1313006035_1313006057_1800063061_1800063070_3000001020_3000001040_3000001180_3000001190_3000001200_3000001210_3000001240_3000001340_3000001380_3000001460_3000001570_3000001580_3000001800_3000001820_3000001880_3000002190_3000002350_3000002390_3000002620_3000002720_3000004170_3000004760_3000007060_3828125073_3828125077_3828125081_3828125085_3828125098_4240000105_6414408004"
2,222,38,361.0,"1313000602_1313000612_1313000622_1313000698_1313006025_1313006035_1313006057_1800063070_3000001020_3000001040_3000001180_3000001190_3000001200_3000001210_3000001240_3000001340_3000001380_3000001460_3000001570_3000001580_3000001800_3000001820_3000001880_3000002190_3000002350_3000002390_3000002620_3000002720_3000004170_3000004760_3000007060_3828125073_3828125077_3828125081_3828125085_3828125098_4240000105_6414408004"
2,223,38,335.0,"1313000602_1313000612_1313000622_1313000698_1313006025_1313006035_1313006057_1800063061_1800063070_3000001020_3000001040_3000001180_3000001190_3000001200_3000001210_3000001240_3000001340_3000001380_3000001460_3000001570_3000001580_3000001800_3000001820_3000001880_3000002190_3000002350_3000002390_3000002620_3000002720_3000004170_3000004760_3000007060_3828125073_3828125077_3828125081_3828125085_3828125098_4240000105"
2,224,38,287.0,"1313000602_1313000612_1313000622_1313000698_1313006025_1313006035_1313006057_1800063061_1800063070_3000001020_3000001040_3000001180_3000001190_3000001200_3000001210_3000001240_3000001340_3000001380_3000001460_3000001570_3000001580_3000001760_3000001800_3000001820_3000001880_3000002190_3000002350_3000002390_3000004170_3000004760_3000007060_3828125073_3828125077_3828125081_3828125085_3828125098_4240000105_6414408004"
2,225,38,382.0,"1313000602_1313000612_1313000622_1313006025_1313006035_1313006057_1800063061_1800063070_3000001020_3000001040_3000001180_3000001190_3000001200_3000001210_3000001240_3000001340_3000001380_3000001460_3000001570_3000001580_3000001760_3000001800_3000001820_3000001880_3000002190_3000002350_3000002390_3000002620_3000002720_3000004170_3000004760_3000007060_3828125073_3828125077_3828125081_3828125085_3828125098_4240000105"
2,226,35,390.0,"1313000602_1313000612_1313000622_1313006025_1313006035_1313006057_1800063070_3000001020_3000001040_3000001180_3000001190_3000001200_3000001210_3000001240_3000001380_3000001460_3000001570_3000001760_3000001800_3000001820_3000001880_3000002190_3000002350_3000002390_3000002620_3000002720_3000004170_3000004760_3000007060_3828125073_3828125077_3828125081_3828125085_3828125098_4240000105"
2,227,37,1443.0,"1313000602_1313000612_1313000622_1313006025_1313006035_1313006057_1800063061_1800063070_3000001020_3000001040_3000001180_3000001190_3000001200_3000001210_3000001240_3000001340_3000001380_3000001460_3000001570_3000001760_3000001800_3000001820_3000001880_3000002190_3000002350_3000002390_3000002620_3000002720_3000004170_3000004760_3000007060_3828125073_3828125077_3828125081_3828125085_3828125098_4240000105"
2,228,36,430.0,"1313000602_1313000612_1313000622_1313006025_1313006035_1313006057_1800063061_1800063070_3000001020_3000001040_3000001180_3000001190_3000001200_3000001210_3000001240_3000001340_3000001380_3000001460_3000001570_3000001760_3000001800_3000001820_3000001880_3000002190_3000002350_3000002390_3000002720_3000004170_3000004760_3000007060_3828125073_3828125077_3828125081_3828125085_3828125098_4240000105"
2,229,35,346.0,"1313000602_1313000612_1313000622_1313006025_1313006035_1313006057_1800063070_3000001020_3000001040_3000001180_3000001190_3000001200_3000001210_3000001240_3000001340_3000001380_3000001460_3000001570_3000001760_3000001800_3000001820_3000001880_3000002190_3000002350_3000002390_3000002620_3000004170_3000004760_3000007060_3828125073_3828125077_3828125081_3828125085_3828125098_4240000105"
2,230,37,326.0,"1313000602_1313000612_1313000622_1313006025_1313006035_1313006057_1800063061_1800063070_3000001020_3000001040_3000001180_3000001190_3000001200_3000001210_3000001240_3000001340_3000001380_3000001460_3000001570_3000001760_3000001800_3000001820_3000001880_3000002190_3000002350_3000002390_3000002620_3000002720_3000004170_3000004760_3000007060_3828125073_3828125077_3828125081_3828125085_3828125098_4240000105"
2,231,36,315.0,"1313000602_1313000612_1313000622_1313006025_1313006035_1313006057_1800063061_1800063070_3000001020_3000001040_3000001180_3000001190_3000001200_3000001210_3000001240_3000001340_3000001380_3000001460_3000001570_3000001760_3000001800_3000001820_3000001880_3000002190_3000002350_3000002390_3000002620_3000004170_3000004760_3000007060_3828125073_3828125077_3828125081_3828125085_3828125098_4240000105"
2,232,37,326.0,"1313000602_1313000612_1313000622_1313006025_1313006035_1313006057_1800063061_1800063070_3000001020_3000001040_3000001180_3000001190_3000001200_3000001210_3000001240_3000001340_3000001380_3000001460_3000001570_3000001760_3000001800_3000001820_3000001880_3000002190_3000002350_3000002390_3000002620_3000002720_3000004170_3000004760_3000007060_3828125073_3828125077_3828125081_3828125085_3828125098_4240000105"
2,233,36,315.0,"1313000602_1313000612_1313000622_1313006025_1313006035_1313006057_1800063061_1800063070_3000001020_3000001040_3000001180_3000001190_3000001200_3000001210_3000001240_3000001340_3000001380_3000001460_3000001570_3000001760_3000001800_3000001820_3000001880_3000002190_3000002350_3000002390_3000002620_3000004170_3000004760_3000007060_3828125073_3828125077_3828125081_3828125085_3828125098_4240000105"
2,234,36,269.0,"1313000602_1313000612_1313000622_1313006025_1313006035_1313006057_1800063061_1800063070_3000001020_3000001040_3000001180_3000001190_3000001200_3000001210_3000001240_3000001340_3000001380_3000001460_3000001570_3000001800_3000001820_3000001880_3000002190_3000002350_3000002390_3000002620_3000002720_3000004170_3000004760_3000007060_3828125073_3828125077_3828125081_3828125085_3828125098_4240000105"
2,235,37,600.0,"1313000602_1313000612_1313000622_1313000698_1313006025_1313006035_1313006057_1800063061_1800063070_3000001020_3000001040_3000001180_3000001190_3000001200_3000001210_3000001240_3000001340_3000001380_3000001460_3000001570_3000001800_3000001820_3000001880_3000002190_3000002350_3000002390_3000002620_3000002720_3000004170_3000004760_3000007060_3828125073_3828125077_3828125081_3828125085_3828125098_4240000105"
2,236,36,260.0,"1313000602_1313000612_1313000622_1313000698_1313006025_1313006035_1313006057_1800063070_3000001020_3000001040_3000001180_3000001190_3000001200_3000001210_3000001240_3000001340_3000001380_3000001460_3000001570_3000001760_3000001800_3000001820_3000001880_3000002190_3000002350_3000002390_3000002720_3000004170_3000004760_3000007060_3828125073_3828125077_3828125081_3828125085_3828125098_4240000105"
2,237,34,227.0,"1313000602_1313000612_1313000622_1313000698_1313006025_1313006035_1313006057_1800063070_3000001020_3000001040_3000001180_3000001190_3000001200_3000001210_3000001240_3000001340_3000001380_3000001460_3000001760_3000001800_3000001880_3000002190_3000002350_3000002390_3000002620_3000002720_3000004170_3000004760_3000007060_3828125073_3828125077_3828125081_3828125098_4240000105"
2,238,37,223.0,"1313000602_1313000612_1313000622_1313000698_1313006025_1313006035_1313006057_1800063061_1800063070_3000001020_3000001040_3000001180_3000001190_3000001200_3000001210_3000001240_3000001340_3000001380_3000001460_3000001760_3000001800_3000001820_3000001880_3000002190_3000002350_3000002390_3000002620_3000002720_3000004170_3000004760_3000007060_3828125073_3828125077_3828125081_3828125085_3828125098_4240000105"
2,239,36,243.0,"1313000602_1313000612_1313000622_1313000698_1313006025_1313006035_1313006057_1800063061_1800063070_3000001020_3000001040_3000001180_3000001200_3000001210_3000001240_3000001340_3000001380_3000001460_3000001570_3000001760_3000001800_3000001820_3000001880_3000002190_3000002350_3000002390_3000002720_3000004170_3000004760_3000007060_3828125073_3828125077_3828125081_3828125085_3828125098_4240000105"
2,240,37,216.0,"1313000602_1313000612_1313000622_1313000698_1313006025_1313006035_1313006057_1800063061_1800063070_3000001020_3000001040_3000001180_3000001190_3000001200_3000001210_3000001240_3000001340_3000001380_3000001460_3000001570_3000001760_3000001800_3000001820_3000001880_3000002190_3000002350_3000002390_3000002620_3000002720_3000004170_3000004760_3000007060_3828125073_3828125077_3828125081_3828125085_3828125098"
2,241,35,251.0,"1313000602_1313000612_1313000622_1313006025_1313006035_1313006057_1800063061_1800063070_3000001020_3000001040_3000001180_3000001190_3000001200_3000001210_3000001240_3000001340_3000001380_3000001460_3000001760_3000001800_3000001820_3000001880_3000002190_3000002390_3000002620_3000002720_3000004170_3000004760_3000007060_3828125073_3828125077_3828125081_3828125085_3828125098_4240000105"
2,242,34,216.0,"1313000602_1313000612_1313000622_1313000698_1313006025_1313006035_1313006057_1800063070_3000001020_3000001040_3000001180_3000001190_3000001200_3000001210_3000001240_3000001340_3000001380_3000001460_3000001760_3000001820_3000001880_3000002190_3000002390_3000002620_3000002720_3000004170_3000004760_3000007060_3828125073_3828125077_3828125081_3828125085_3828125098_4240000105"
2,243,34,207.0,"1313000602_1313000612_1313000622_1313000698_1313006025_1313006035_1313006057_1800063070_3000001020_3000001040_3000001180_3000001190_3000001200_3000001210_3000001240_3000001340_3000001380_3000001460_3000001800_3000001820_3000001880_3000002190_3000002390_3000002620_3000002720_3000004170_3000004760_3000007060_3828125073_3828125077_3828125081_3828125085_3828125098_4240000105"
2,244,36,225.0,"1313000602_1313000612_1313000622_1313000698_1313006025_1313006035_1313006057_1800063061_1800063070_3000001020_3000001040_3000001180_3000001190_3000001200_3000001210_3000001240_3000001340_3000001380_3000001460_3000001760_3000001800_3000001820_3000001880_3000002190_3000002390_3000002620_3000002720_3000004170_3000004760_3000007060_3828125073_3828125077_3828125081_3828125085_3828125098_4240000105"
2,245,33,166.0,"1313000602_1313000612_1313000622_1313000698_1313006025_1313006035_1800063070_3000001020_3000001040_3000001180_3000001190_3000001200_3000001210_3000001240_3000001340_3000001380_3000001460_3000001760_3000001800_3000001820_3000001880_3000002190_3000002350_3000002390_3000002620_3000004170_3000007060_3828125073_3828125077_3828125081_3828125085_3828125098_4240000105"
2,246,31,171.0,"1313000602_1313000612_1313000622_1313006025_1313006035_1800063070_3000001020_3000001040_3000001180_3000001190_3000001200_3000001210_3000001240_3000001340_3000001380_3000001460_3000001760_3000001880_3000002190_3000002350_3000002390_3000002620_3000004170_3000004760_3000007060_3828125073_3828125077_3828125081_3828125085_3828125098_4240000105"
2,247,34,217.0,"1313000602_1313000612_1313000622_1313000698_1313006025_1313006035_1800063070_3000001020_3000001040_3000001180_3000001190_3000001200_3000001210_3000001240_3000001340_3000001380_3000001460_3000001760_3000001800_3000001820_3000001880_3000002190_3000002390_3000002620_3000002720_3000004170_3000004760_3000007060_3828125073_3828125077_3828125081_3828125085_3828125098_4240000105"
2,248,34,184.0,"1313000602_1313000612_1313000622_1313000698_1313006025_1313006057_1800063070_3000001020_3000001040_3000001180_3000001190_3000001200_3000001210_3000001240_3000001340_3000001380_3000001460_3000001570_3000001760_3000001800_3000001820_3000001880_3000002190_3000002350_3000002620_3000004170_3000004760_3000007060_3828125073_3828125077_3828125081_3828125085_3828125098_4240000105"
2,249,35,170.0,"1313000602_1313000612_1313000622_1313000698_1313006025_1313006035_1313006057_1800063070_3000001020_3000001040_3000001180_3000001190_3000001200_3000001210_3000001240_3000001380_3000001460_3000001570_3000001760_3000001800_3000001820_3000001880_3000002190_3000002350_3000002390_3000002720_3000004170_3000004760_3000007060_3828125073_3828125077_3828125081_3828125085_3828125098_4240000105"
2,250,33,176.0,"1313000612_1313000622_1313000698_1313006025_1313006035_1313006057_1800063070_3000001020_3000001040_3000001180_3000001190_3000001200_3000001210_3000001240_3000001340_3000001380_3000001460_3000001800_3000001820_3000001880_3000002190_3000002350_3000002390_3000002620_3000004170_3000004760_3000007060_3828125073_3828125077_3828125081_3828125085_3828125098_4240000105"
2,251,34,177.0,"1313000602_1313000612_1313000622_1313000698_1313006025_1313006035_1313006057_1800063070_3000001020_3000001040_3000001180_3000001190_3000001200_3000001210_3000001240_3000001340_3000001380_3000001460_3000001570_3000001800_3000001820_3000001880_3000002190_3000002350_3000002720_3000004170_3000004760_3000007060_3828125073_3828125077_3828125081_3828125085_3828125098_4240000105"
2,252,29,153.0,"1313000612_1313000622_1313006025_1313006035_1313006057_1800063070_3000001020_3000001040_3000001180_3000001200_3000001210_3000001240_3000001340_3000001380_3000001460_3000001570_3000001820_3000002190_3000002350_3000002390_3000004170_3000004760_3000007060_3828125073_3828125077_3828125081_3828125085_3828125098_4240000105"
2,253,35,172.0,"1313000602_1313000612_1313000622_1313000698_1313006025_1313006035_1313006057_1800063070_3000001020_3000001040_3000001180_3000001200_3000001210_3000001240_3000001380_3000001460_3000001570_3000001760_3000001800_3000001820_3000001880_3000002190_3000002350_3000002390_3000002620_3000002720_3000004170_3000004760_3000007060_3828125073_3828125077_3828125081_3828125085_3828125098_4240000105"
2,254,32,157.0,"1313000602_1313000612_1313000622_1313000698_1313006025_1313006035_1313006057_1800063070_3000001020_3000001040_3000001180_3000001200_3000001210_3000001240_3000001340_3000001380_3000001460_3000001800_3000001820_3000001880_3000002350_3000002390_3000002720_3000004170_3000004760_3000007060_3828125073_3828125077_3828125081_3828125085_3828125098_4240000105"
2,255,33,170.0,"1313000602_1313000612_1313000622_1313000698_1313006025_1313006035_1313006057_1800063070_3000001020_3000001040_3000001180_3000001200_3000001210_3000001240_3000001340_3000001380_3000001460_3000001800_3000001820_3000001880_3000002190_3000002390_3000002620_3000002720_3000004170_3000004760_3000007060_3828125073_3828125077_3828125081_3828125085_3828125098_4240000105"
2,256,37,204.0,"1313000602_1313000612_1313000622_1313000698_1313006025_1313006035_1313006057_1800063061_1800063070_3000001020_3000001040_3000001180_3000001200_3000001210_3000001240_3000001340_3000001380_3000001460_3000001760_3000001800_3000001820_3000001880_3000002190_3000002300_3000002350_3000002390_3000002620_3000002720_3000004170_3000004760_3000007060_3828125073_3828125077_3828125081_3828125085_3828125098_4240000105"
2,257,37,218.0,"1313000602_1313000612_1313000622_1313000698_1313006025_1313006035_1313006057_1800063061_1800063070_3000001020_3000001040_3000001180_3000001200_3000001210_3000001240_3000001340_3000001380_3000001460_3000001570_3000001760_3000001800_3000001820_3000001880_3000002190_3000002300_3000002350_3000002390_3000002720_3000004170_3000004760_3000007060_3828125073_3828125077_3828125081_3828125085_3828125098_4240000105"
2,258,37,204.0,"1313000602_1313000612_1313000622_1313000698_1313006025_1313006035_1313006057_1800063070_3000001020_3000001040_3000001180_3000001190_3000001200_3000001210_3000001240_3000001340_3000001380_3000001460_3000001570_3000001760_3000001800_3000001880_3000002190_3000002300_3000002350_3000002390_3000002620_3000002720_3000004170_3000004760_3000007060_3828125073_3828125077_3828125081_3828125085_3828125098_4240000105"
2,259,32,167.0,"1313000602_1313000612_1313000622_1313006025_1800063070_3000001020_3000001040_3000001180_3000001190_3000001200_3000001210_3000001340_3000001380_3000001460_3000001570_3000001760_3000001800_3000001820_3000001880_3000002190_3000002300_3000002390_3000002620_3000004170_3000004760_3000007060_3828125073_3828125077_3828125081_3828125085_3828125098_4240000105"
2,260,38,842.0,"1313000602_1313000612_1313000622_1313000698_1313006025_1313006035_1313006057_1800063070_3000001020_3000001040_3000001180_3000001190_3000001200_3000001210_3000001240_3000001340_3000001380_3000001460_3000001570_3000001760_3000001800_3000001820_3000001880_3000002190_3000002300_3000002350_3000002390_3000002620_3000002720_3000004170_3000004760_3000007060_3828125073_3828125077_3828125081_3828125085_3828125098_4240000105"
2,261,33,194.0,"1313000602_1313000612_1313000698_1313006025_1313006035_1800063070_3000001040_3000001180_3000001190_3000001200_3000001210_3000001240_3000001340_3000001460_3000001570_3000001760_3000001800_3000001820_3000001880_3000002190_3000002300_3000002390_3000002620_3000002720_3000004170_3000004760_3000007060_3828125073_3828125077_3828125081_3828125085_3828125098_4240000105"
2,262,34,185.0,"1313000602_1313000612_1313000622_1313000698_1313006025_1313006035_1313006057_1800063070_3000001020_3000001040_3000001180_3000001200_3000001210_3000001240_3000001340_3000001380_3000001460_3000001570_3000001800_3000001820_3000001880_3000002190_3000002300_3000002390_3000002620_3000004170_3000004760_3000007060_3828125073_3828125077_3828125081_3828125085_3828125098_4240000105"
2,263,36,238.0,"1313000602_1313000612_1313000622_1313000698_1313006025_1313006035_1313006057_1800063070_3000001020_3000001040_3000001180_3000001190_3000001200_3000001210_3000001240_3000001340_3000001380_3000001460_3000001570_3000001760_3000001800_3000001820_3000001880_3000002190_3000002300_3000002390_3000002620_3000004170_3000004760_3000007060_3828125073_3828125077_3828125081_3828125085_3828125098_4240000105"
2,264,36,231.0,"1313000602_1313000612_1313000622_1313000698_1313006025_1313006035_1313006057_1800063070_3000001020_3000001040_3000001180_3000001190_3000001200_3000001210_3000001240_3000001340_3000001380_3000001460_3000001570_3000001760_3000001800_3000001820_3000001880_3000002190_3000002300_3000002350_3000002390_3000004170_3000004760_3000007060_3828125073_3828125077_3828125081_3828125085_3828125098_4240000105"
2,265,38,268.0,"1313000602_1313000612_1313000622_1313000698_1313006025_1313006035_1313006057_1800063070_3000001020_3000001040_3000001180_3000001190_3000001200_3000001210_3000001240_3000001340_3000001380_3000001460_3000001570_3000001760_3000001800_3000001820_3000001880_3000002190_3000002300_3000002350_3000002390_3000002620_3000002720_3000004170_3000004760_3000007060_3828125073_3828125077_3828125081_3828125085_3828125098_4240000105"
2,266,34,185.0,"1313000602_1313000612_1313000622_1313000698_1313006025_1313006035_1313006057_1800063070_3000001020_3000001040_3000001180_3000001200_3000001210_3000001240_3000001340_3000001380_3000001460_3000001570_3000001800_3000001820_3000001880_3000002190_3000002300_3000002390_3000002620_3000004170_3000004760_3000007060_3828125073_3828125077_3828125081_3828125085_3828125098_4240000105"
2,267,36,238.0,"1313000602_1313000612_1313000622_1313000698_1313006025_1313006035_1313006057_1800063070_3000001020_3000001040_3000001180_3000001190_3000001200_3000001210_3000001240_3000001340_3000001380_3000001460_3000001570_3000001760_3000001800_3000001820_3000001880_3000002190_3000002300_3000002390_3000002620_3000004170_3000004760_3000007060_3828125073_3828125077_3828125081_3828125085_3828125098_4240000105"
2,268,36,231.0,"1313000602_1313000612_1313000622_1313000698_1313006025_1313006035_1313006057_1800063070_3000001020_3000001040_3000001180_3000001190_3000001200_3000001210_3000001240_3000001340_3000001380_3000001460_3000001570_3000001760_3000001800_3000001820_3000001880_3000002190_3000002300_3000002350_3000002390_3000004170_3000004760_3000007060_3828125073_3828125077_3828125081_3828125085_3828125098_4240000105"
2,269,38,268.0,"1313000602_1313000612_1313000622_1313000698_1313006025_1313006035_1313006057_1800063070_3000001020_3000001040_3000001180_3000001190_3000001200_3000001210_3000001240_3000001340_3000001380_3000001460_3000001570_3000001760_3000001800_3000001820_3000001880_3000002190_3000002300_3000002350_3000002390_3000002620_3000002720_3000004170_3000004760_3000007060_3828125073_3828125077_3828125081_3828125085_3828125098_4240000105"
2,270,38,269.0,"1313000602_1313000612_1313000622_1313000698_1313006025_1313006035_1313006057_1800063070_3000001020_3000001040_3000001180_3000001190_3000001200_3000001210_3000001240_3000001340_3000001380_3000001460_3000001570_3000001760_3000001800_3000001820_3000001880_3000002190_3000002300_3000002350_3000002390_3000002620_3000002720_3000004170_3000004760_3000007060_3828125073_3828125077_3828125081_3828125085_3828125098_4240000105"
2,271,38,684.0,"1313000602_1313000612_1313000622_1313000698_1313006025_1313006035_1313006057_1800063070_3000001020_3000001040_3000001180_3000001190_3000001200_3000001210_3000001240_3000001340_3000001380_3000001460_3000001570_3000001760_3000001800_3000001820_3000001880_3000002190_3000002300_3000002350_3000002390_3000002620_3000002720_3000004170_3000004760_3000007060_3828125073_3828125077_3828125081_3828125085_3828125098_4240000105"
2,272,36,255.0,"1313000602_1313000612_1313000622_1313000698_1313006025_1313006035_1313006057_1800063070_3000001020_3000001040_3000001180_3000001190_3000001200_3000001210_3000001240_3000001340_3000001380_3000001460_3000001570_3000001760_3000001800_3000001820_3000001880_3000002190_3000002390_3000002620_3000002720_3000004170_3000004760_3000007060_3828125073_3828125077_3828125081_3828125085_3828125098_4240000105"
2,273,37,269.0,"1313000602_1313000612_1313000622_1313006025_1313006031_1313006035_1313006050_1313006057_1800063070_3000001020_3000001040_3000001180_3000001190_3000001200_3000001210_3000001240_3000001340_3000001380_3000001460_3000001570_3000001760_3000001800_3000001820_3000001880_3000002190_3000002390_3000002620_3000002720_3000004170_3000004760_3000007060_3828125073_3828125077_3828125081_3828125085_3828125098_4240000105"
2,274,38,247.0,"1313000612_1313000622_1313000698_1313006025_1313006031_1313006035_1313006050_1313006057_1800063070_3000001020_3000001040_3000001180_3000001190_3000001200_3000001210_3000001240_3000001340_3000001380_3000001460_3000001570_3000001760_3000001800_3000001820_3000001880_3000002190_3000002300_3000002350_3000002390_3000002620_3000004170_3000004760_3000007060_3828125073_3828125077_3828125081_3828125085_3828125098_4240000105"
2,275,39,368.0,"1313000602_1313000612_1313000622_1313000698_1313006025_1313006035_1313006050_1313006057_1800063070_3000001020_3000001040_3000001180_3000001190_3000001200_3000001210_3000001240_3000001340_3000001380_3000001460_3000001570_3000001760_3000001800_3000001820_3000001880_3000002190_3000002300_3000002350_3000002390_3000002620_3000002720_3000004170_3000004760_3000007060_3828125073_3828125077_3828125081_3828125085_3828125098_4240000105"
2,276,38,253.0,"1313000612_1313000622_1313000698_1313006025_1313006031_1313006035_1313006050_1313006057_1800063070_3000001020_3000001040_3000001180_3000001190_3000001200_3000001210_3000001240_3000001340_3000001380_3000001460_3000001570_3000001760_3000001800_3000001820_3000001880_3000002190_3000002300_3000002350_3000002390_3000002620_3000004170_3000004760_3000007060_3828125073_3828125077_3828125081_3828125085_3828125098_4240000105"
2,277,39,850.0,"1313000602_1313000612_1313000622_1313000698_1313006025_1313006031_1313006035_1313006050_1313006057_1800063070_3000001020_3000001040_3000001180_3000001190_3000001200_3000001210_3000001240_3000001340_3000001380_3000001460_3000001570_3000001800_3000001820_3000001880_3000002190_3000002300_3000002350_3000002390_3000002620_3000002720_3000004170_3000004760_3000007060_3828125073_3828125077_3828125081_3828125085_3828125098_4240000105"
2,278,37,1157.0,"1313000602_1313000612_1313000622_1313000698_1313006025_1313006031_1313006035_1313006057_1800063070_3000001020_3000001040_3000001180_3000001190_3000001200_3000001210_3000001240_3000001340_3000001380_3000001460_3000001570_3000001760_3000001800_3000001820_3000001880_3000002190_3000002300_3000002350_3000002390_3000002620_3000002720_3000004760_3000007060_3828125073_3828125077_3828125081_3828125098_4240000105"
2,279,37,330.0,"1313000602_1313000612_1313000622_1313000698_1313006025_1313006035_1313006050_1313006057_1800063070_3000001020_3000001040_3000001180_3000001190_3000001200_3000001210_3000001240_3000001340_3000001380_3000001460_3000001760_3000001800_3000001820_3000001880_3000002190_3000002300_3000002350_3000002390_3000002720_3000004170_3000004760_3000007060_3828125073_3828125077_3828125081_3828125085_3828125098_4240000105"
2,280,37,236.0,"1313000602_1313000612_1313000622_1313000698_1313006025_1313006031_1313006035_1313006057_1800063070_3000001020_3000001040_3000001180_3000001190_3000001200_3000001210_3000001240_3000001340_3000001380_3000001460_3000001570_3000001800_3000001820_3000001880_3000002190_3000002300_3000002390_3000002620_3000002720_3000004170_3000004760_3000007060_3828125073_3828125077_3828125081_3828125085_3828125098_4240000105"
2,281,37,322.0,"1313000602_1313000612_1313000622_1313000698_1313006025_1313006031_1313006035_1313006057_1800063070_3000001020_3000001040_3000001180_3000001190_3000001200_3000001210_3000001240_3000001340_3000001380_3000001460_3000001570_3000001800_3000001820_3000001880_3000002190_3000002300_3000002350_3000002390_3000002620_3000004170_3000004760_3000007060_3828125073_3828125077_3828125081_3828125085_3828125098_4240000105"
2,282,37,1157.0,"1313000602_1313000612_1313000622_1313000698_1313006025_1313006031_1313006035_1313006057_1800063070_3000001020_3000001040_3000001180_3000001190_3000001200_3000001210_3000001240_3000001340_3000001380_3000001460_3000001570_3000001760_3000001800_3000001820_3000001880_3000002190_3000002300_3000002350_3000002390_3000002620_3000002720_3000004760_3000007060_3828125073_3828125077_3828125081_3828125098_4240000105"
2,283,37,330.0,"1313000602_1313000612_1313000622_1313000698_1313006025_1313006035_1313006050_1313006057_1800063070_3000001020_3000001040_3000001180_3000001190_3000001200_3000001210_3000001240_3000001340_3000001380_3000001460_3000001760_3000001800_3000001820_3000001880_3000002190_3000002300_3000002350_3000002390_3000002720_3000004170_3000004760_3000007060_3828125073_3828125077_3828125081_3828125085_3828125098_4240000105"
2,284,39,352.0,"1313000602_1313000612_1313000622_1313000698_1313006025_1313006031_1313006035_1313006057_1800063070_3000001020_3000001040_3000001180_3000001190_3000001200_3000001210_3000001240_3000001340_3000001380_3000001460_3000001570_3000001800_3000001820_3000001880_3000002190_3000002300_3000002350_3000002390_3000002620_3000002720_3000003960_3000004170_3000004760_3000007060_3828125073_3828125077_3828125081_3828125085_3828125098_4240000105"
2,285,36,275.0,"1313000602_1313000612_1313000622_1313000698_1313006025_1313006035_1313006057_1800063070_3000001020_3000001040_3000001180_3000001190_3000001200_3000001210_3000001240_3000001340_3000001380_3000001460_3000001570_3000001760_3000001800_3000001820_3000001880_3000002190_3000002300_3000002350_3000003960_3000004170_3000004760_3000007060_3828125073_3828125077_3828125081_3828125085_3828125098_4240000105"
2,286,36,458.0,"1313000602_1313000612_1313000622_1313006025_1313006035_1313006057_1800063070_3000001020_3000001040_3000001180_3000001190_3000001200_3000001210_3000001240_3000001340_3000001380_3000001460_3000001570_3000001760_3000001800_3000001820_3000001880_3000002190_3000002300_3000002350_3000002620_3000002720_3000004170_3000004760_3000007060_3828125073_3828125077_3828125081_3828125085_3828125098_4240000105"
2,287,37,312.0,"1313000602_1313000612_1313000622_1313000698_1313006025_1313006031_1313006035_1313006057_1800063070_3000001020_3000001040_3000001180_3000001190_3000001200_3000001210_3000001240_3000001340_3000001380_3000001460_3000001570_3000001760_3000001800_3000001820_3000001880_3000002190_3000002300_3000002620_3000003960_3000004170_3000004760_3000007060_3828125073_3828125077_3828125081_3828125085_3828125098_4240000105"
2,288,35,186.0,"1313000602_1313000612_1313000622_1313006025_1313006035_1313006057_1800063070_3000001020_3000001040_3000001180_3000001190_3000001200_3000001210_3000001240_3000001340_3000001380_3000001460_3000001570_3000001760_3000001800_3000001820_3000001880_3000002190_3000002300_3000002350_3000002620_3000002720_3000004170_3000004760_3000007060_3828125073_3828125077_3828125085_3828125098_4240000105"
2,289,34,206.0,"1313000602_1313000612_1313000622_1313000698_1313006025_1313006035_1313006057_1800063070_3000001020_3000001040_3000001180_3000001190_3000001200_3000001210_3000001240_3000001340_3000001380_3000001460_3000001800_3000001820_3000001880_3000002190_3000002300_3000002350_3000002620_3000004170_3000004760_3000007060_3828125073_3828125077_3828125081_3828125085_3828125098_4240000105"
2,290,37,181.0,"1313000602_1313000612_1313000622_1313006025_1313006035_1313006050_1313006057_1800063070_3000001020_3000001040_3000001180_3000001190_3000001200_3000001210_3000001240_3000001340_3000001380_3000001460_3000001570_3000001760_3000001800_3000001820_3000001880_3000002190_3000002300_3000002350_3000002620_3000002720_3000004170_3000004760_3000007060_3828125073_3828125077_3828125081_3828125085_3828125098_4240000105"
2,291,33,213.0,"1313000602_1313000612_1313000622_1313006025_1313006035_1313006057_1800063070_3000001020_3000001040_3000001180_3000001190_3000001200_3000001210_3000001240_3000001340_3000001380_3000001570_3000001760_3000001800_3000001820_3000001880_3000002190_3000002300_3000002350_3000002620_3000004170_3000004760_3000007060_3828125073_3828125077_3828125081_3828125085_3828125098"
2,292,34,160.0,"1313000602_1313000612_1313000622_1313006025_1313006031_1313006035_1313006057_1800063070_3000001020_3000001040_3000001180_3000001190_3000001200_3000001210_3000001240_3000001340_3000001380_3000001460_3000001570_3000001760_3000001800_3000001820_3000001880_3000002190_3000002350_3000004170_3000004760_3000007060_3828125073_3828125077_3828125081_3828125085_3828125098_4240000105"
2,293,36,201.0,"1313000602_1313000612_1313000622_1313000698_1313006025_1313006031_1313006035_1313006057_1800063070_3000001020_3000001040_3000001180_3000001190_3000001200_3000001210_3000001240_3000001340_3000001380_3000001460_3000001570_3000001760_3000001800_3000001820_3000001880_3000002190_3000002300_3000002720_3000004170_3000004760_3000007060_3828125073_3828125077_3828125081_3828125085_3828125098_4240000105"
2,294,33,169.0,"1313000602_1313000612_1313000622_1313000698_1313006025_1313006031_1313006035_1313006057_1800063070_3000001020_3000001040_3000001180_3000001190_3000001200_3000001210_3000001240_3000001340_3000001380_3000001460_3000001800_3000001820_3000001880_3000002190_3000002350_3000002620_3000004170_3000004760_3000007060_3828125073_3828125077_3828125085_3828125098_4240000105"
2,295,36,173.0,"1313000602_1313000612_1313000622_1313000698_1313006025_1313006035_1313006050_1313006057_1800063070_3000001020_3000001040_3000001180_3000001190_3000001200_3000001210_3000001240_3000001340_3000001380_3000001460_3000001570_3000001800_3000001820_3000001880_3000002190_3000002350_3000002620_3000002720_3000004170_3000004760_3000007060_3828125073_3828125077_3828125081_3828125085_3828125098_4240000105"
2,296,36,156.0,"1313000602_1313000612_1313000622_1313006025_1313006035_1313006057_1800063070_3000001020_3000001040_3000001180_3000001190_3000001200_3000001210_3000001240_3000001340_3000001380_3000001460_3000001570_3000001760_3000001800_3000001820_3000001880_3000002190_3000002300_3000002350_3000002620_3000004170_3000004760_3000007060_3828125073_3828125077_3828125081_3828125085_3828125098_3828125105_4240000105"
2,297,38,204.0,"1313000602_1313000612_1313000622_1313000698_1313006025_1313006031_1313006035_1313006057_1800063070_3000001020_3000001040_3000001180_3000001190_3000001200_3000001210_3000001240_3000001340_3000001380_3000001460_3000001570_3000001760_3000001800_3000001820_3000001880_3000002190_3000002350_3000002620_3000002720_3000004170_3000004760_3000007060_3828125073_3828125077_3828125081_3828125085_3828125098_3828125105_4240000105"
2,298,34,162.0,"1313000612_1313000622_1313006025_1313006035_1313006057_1800063070_3000001020_3000001040_3000001180_3000001190_3000001200_3000001210_3000001240_3000001340_3000001380_3000001460_3000001570_3000001760_3000001800_3000001880_3000002190_3000002300_3000002350_3000002620_3000002720_3000004170_3000004760_3000007060_3828125073_3828125077_3828125081_3828125085_3828125098_3828125105"
2,299,35,158.0,"1313000612_1313000622_1313000698_1313006025_1313006031_1313006050_1313006057_1800063070_3000001020_3000001040_3000001180_3000001190_3000001200_3000001210_3000001240_3000001340_3000001380_3000001460_3000001570_3000001800_3000001820_3000002190_3000002300_3000002350_3000002720_3000004170_3000004760_3000007060_3828125073_3828125077_3828125081_3828125085_3828125098_3828125105_4240000105"
2,300,33,192.0,"1313000612_1313000622_1313000698_1313006025_1313006031_1313006035_1313006057_1800063070_3000001020_3000001040_3000001180_3000001190_3000001200_3000001210_3000001240_3000001340_3000001460_3000001800_3000001820_3000001880_3000002190_3000002300_3000002350_3000002720_3000004170_3000004760_3000007060_3828125073_3828125077_3828125081_3828125085_3828125098_4240000105"
2,301,31,126.0,"1313000602_1313000612_1313000622_1313000698_1313006025_1313006035_1313006057_3000001020_3000001040_3000001180_3000001190_3000001200_3000001210_3000001240_3000001340_3000001380_3000001460_3000001800_3000001820_3000001880_3000002300_3000002350_3000004170_3000004760_3000007060_3828125073_3828125077_3828125081_3828125098_3828125105_4240000105"
2,302,32,167.0,"1313000602_1313000612_1313000622_1313006025_1313006031_1313006035_1313006057_1800063070_3000001020_3000001040_3000001180_3000001190_3000001200_3000001210_3000001240_3000001340_3000001380_3000001460_3000001820_3000001880_3000002190_3000002300_3000002620_3000004170_3000004760_3000007060_3828125073_3828125077_3828125081_3828125098_3828125105_4240000105"
2,303,31,143.0,"1313000612_1313000622_1313000698_1313006025_1313006031_1313006035_1313006057_1800063070_3000001020_3000001040_3000001180_3000001190_3000001200_3000001210_3000001240_3000001380_3000001460_3000001880_3000002190_3000002300_3000002350_3000004170_3000004760_3000007060_3828125073_3828125077_3828125081_3828125085_3828125098_3828125105_4240000105"
2,304,31,121.0,"1313000602_1313000612_1313006025_1313006031_1313006035_1313006057_1800063070_3000001020_3000001040_3000001180_3000001190_3000001200_3000001210_3000001240_3000001380_3000001460_3000001820_3000001880_3000002190_3000002300_3000002350_3000002620_3000004170_3000004760_3000007060_3828125073_3828125077_3828125081_3828125085_3828125098_4240000105"
2,305,32,131.0,"1313000612_1313000622_1313000698_1313006025_1313006057_1800063070_3000001020_3000001040_3000001180_3000001190_3000001200_3000001210_3000001240_3000001380_3000001460_3000001760_3000001820_3000001880_3000002190_3000002300_3000002350_3000002620_3000004170_3000004760_3000007060_3828125073_3828125077_3828125081_3828125085_3828125098_3828125105_4240000105"
2,306,33,133.0,"1313000602_1313000612_1313000622_1313006025_1313006031_1313006035_1313006057_1800063070_3000001020_3000001040_3000001180_3000001190_3000001200_3000001210_3000001380_3000001460_3000001570_3000001800_3000001820_3000001880_3000002190_3000002300_3000002350_3000002620_3000004170_3000004760_3000007060_3828125073_3828125077_3828125081_3828125085_3828125098_4240000105"
2,307,29,137.0,"1313000622_1313000698_1313006025_1313006035_1313006057_1800063070_3000001020_3000001040_3000001180_3000001190_3000001200_3000001210_3000001240_3000001380_3000001800_3000001880_3000002190_3000002300_3000002350_3000002720_3000004170_3000004760_3000007060_3828125073_3828125077_3828125081_3828125085_3828125105_4240000105"
2,308,31,121.0,"1313000612_1313000622_1313006025_1313006035_1313006057_1800063070_3000001020_3000001040_3000001180_3000001190_3000001200_3000001210_3000001240_3000001380_3000001460_3000001760_3000001820_3000001880_3000002190_3000002300_3000002720_3000004170_3000004760_3000007060_3828125073_3828125077_3828125081_3828125085_3828125098_3828125105_4240000105"
2,309,32,140.0,"1313000602_1313000612_1313000622_1313000698_1313006025_1313006035_1313006057_1800063070_3000001020_3000001040_3000001180_3000001190_3000001200_3000001210_3000001240_3000001340_3000001380_3000001460_3000001760_3000001800_3000001880_3000002190_3000002300_3000004170_3000004760_3000007060_3828125073_3828125077_3828125081_3828125085_3828125098_3828125105"
2,310,33,158.0,"1313000602_1313000612_1313000622_1313000698_1313006025_1313006031_1313006035_1313006057_1800063070_3000001020_3000001040_3000001180_3000001190_3000001200_3000001210_3000001240_3000001380_3000001460_3000001800_3000001820_3000001880_3000002190_3000002300_3000004170_3000004760_3000007060_3828125073_3828125077_3828125081_3828125085_3828125098_3828125105_4240000105"
2,311,32,147.0,"1313000602_1313000612_1313000622_1313000698_1313006025_1313006035_1313006050_1313006057_1800063070_3000001020_3000001040_3000001180_3000001190_3000001200_3000001210_3000001240_3000001340_3000001380_3000001460_3000001760_3000001800_3000001820_3000001880_3000002190_3000002300_3000004170_3000004760_3000007060_3828125077_3828125081_3828125085_4240000105"
2,312,33,144.0,"1313000602_1313000612_1313000622_1313000698_1313006025_1313006031_1313006035_1313006057_1800063070_3000001020_3000001040_3000001180_3000001190_3000001200_3000001210_3000001240_3000001340_3000001380_3000001760_3000001800_3000001820_3000001880_3000002190_3000002300_3000002620_3000004170_3000004760_3000007060_3828125073_3828125077_3828125081_3828125085_4240000105"
2,313,35,567.0,"1313000602_1313000612_1313000622_1313000698_1313006025_1313006031_1313006035_1313006057_1800063070_3000001020_3000001040_3000001180_3000001190_3000001200_3000001210_3000001240_3000001340_3000001380_3000001460_3000001760_3000001800_3000001820_3000001880_3000002190_3000002300_3000002620_3000004170_3000004760_3000007060_3828125073_3828125077_3828125081_3828125085_3828125098_4240000105"
2,314,35,205.0,"1313000602_1313000612_1313000622_1313000698_1313006025_1313006035_1313006050_1313006057_1800063070_3000001020_3000001040_3000001180_3000001190_3000001200_3000001210_3000001240_3000001340_3000001380_3000001460_3000001570_3000001760_3000001800_3000001880_3000002190_3000002300_3000002620_3000004170_3000004760_3000007060_3828125073_3828125077_3828125081_3828125085_3828125098_4240000105"
2,315,36,246.0,"1313000602_1313000612_1313000622_1313000698_1313006025_1313006031_1313006035_1313006057_1800063070_3000001020_3000001040_3000001180_3000001190_3000001200_3000001210_3000001240_3000001340_3000001380_3000001460_3000001570_3000001760_3000001800_3000001820_3000001880_3000002190_3000002300_3000002620_3000004170_3000004760_3000007060_3828125073_3828125077_3828125081_3828125085_3828125098_4240000105"
2,316,35,200.0,"1313000602_1313000612_1313000622_1313000698_1313006025_1313006035_1313006050_1800063070_3000001020_3000001040_3000001180_3000001190_3000001200_3000001210_3000001240_3000001340_3000001380_3000001460_3000001570_3000001760_3000001800_3000001820_3000001880_3000002190_3000002300_3000002620_3000004170_3000004760_3000007060_3828125073_3828125077_3828125081_3828125085_3828125098_4240000105"
2,317,33,237.0,"1313000612_1313000622_1313000698_1313006025_1313006031_1313006035_1313006057_1800063070_3000001020_3000001040_3000001180_3000001190_3000001200_3000001210_3000001240_3000001340_3000001380_3000001460_3000001570_3000001760_3000001800_3000001820_3000001880_3000002190_3000002300_3000002620_3000004170_3000004760_3000007060_3828125073_3828125081_3828125098_4240000105"
2,318,35,237.0,"1313000612_1313000622_1313000698_1313006025_1313006031_1313006035_1313006057_1800063070_3000001020_3000001040_3000001180_3000001190_3000001200_3000001210_3000001240_3000001340_3000001380_3000001460_3000001570_3000001800_3000001820_3000001880_3000002190_3000002300_3000002620_3000004170_3000004760_3000007060_3828125073_3828125077_3828125081_3828125085_3828125098_3828125105_4240000105"
2,319,35,240.0,"1313000602_1313000612_1313000622_1313000698_1313006025_1313006031_1313006035_1313006050_1313006057_1800063070_3000001020_3000001040_3000001180_3000001190_3000001200_3000001210_3000001240_3000001340_3000001380_3000001460_3000001570_3000001760_3000001800_3000001820_3000001880_3000002190_3000002300_3000002620_3000004170_3000004760_3000007060_3828125073_3828125077_3828125105_4240000105"
2,320,35,355.0,"1313000602_1313000612_1313000622_1313000698_1313006025_1313006031_1313006035_1313006050_1313006057_1800063070_3000001020_3000001040_3000001180_3000001190_3000001200_3000001210_3000001240_3000001340_3000001380_3000001460_3000001570_3000001760_3000001800_3000001820_3000001880_3000002190_3000002300_3000002620_3000004170_3000004760_3000007060_3828125073_3828125077_3828125105_4240000105"
2,321,34,355.0,"1313000602_1313000612_1313000622_1313000698_1313006024_1313006025_1313006031_1313006035_1313006057_1800063070_3000001020_3000001040_3000001180_3000001190_3000001200_3000001210_3000001240_3000001340_3000001380_3000001570_3000001760_3000001800_3000001820_3000001880_3000002190_3000002300_3000002620_3000004170_3000004760_3000007060_3828125073_3828125077_3828125105_4240000105"
2,322,36,304.0,"1313000602_1313000612_1313000622_1313000698_1313006024_1313006025_1313006031_1313006035_1313006050_1313006057_1800063070_3000001020_3000001040_3000001180_3000001190_3000001200_3000001210_3000001240_3000001340_3000001380_3000001460_3000001570_3000001760_3000001800_3000001820_3000001880_3000002190_3000002300_3000002620_3000004170_3000004760_3000007060_3828125073_3828125077_3828125105_4240000105"
2,323,34,330.0,"1313000602_1313000612_1313000622_1313000698_1313006024_1313006025_1313006031_1313006035_1313006050_1800063070_3000001020_3000001040_3000001180_3000001190_3000001200_3000001210_3000001240_3000001340_3000001380_3000001460_3000001570_3000001760_3000001800_3000001820_3000001880_3000002190_3000002620_3000004170_3000004760_3000007060_3828125073_3828125077_3828125105_4240000105"
2,324,33,215.0,"1313000602_1313000612_1313000622_1313000698_1313006024_1313006025_1313006031_1313006035_1313006057_1800063070_3000001020_3000001040_3000001180_3000001190_3000001200_3000001210_3000001240_3000001340_3000001380_3000001570_3000001760_3000001800_3000001820_3000001880_3000002190_3000002300_3000002620_3000004170_3000004760_3000007060_3828125073_3828125077_3828125105"
2,325,37,283.0,"1313000602_1313000612_1313000622_1313000698_1313006024_1313006025_1313006031_1313006035_1313006050_1313006057_1800063070_3000001020_3000001040_3000001180_3000001190_3000001200_3000001210_3000001240_3000001380_3000001460_3000001570_3000001760_3000001800_3000001820_3000001880_3000002190_3000002300_3000002620_3000004170_3000004760_3000007060_3828125073_3828125077_3828125081_3828125085_3828125098_3828125105"
2,326,36,346.0,"1313000612_1313000622_1313000698_1313006025_1313006031_1313006035_1313006050_1313006053_1313006057_1800063070_3000001020_3000001040_3000001180_3000001190_3000001200_3000001210_3000001240_3000001340_3000001380_3000001460_3000001570_3000001800_3000001820_3000001880_3000002190_3000002300_3000002620_3000004170_3000004760_3000007060_3828125073_3828125077_3828125081_3828125085_3828125098_3828125105"
2,327,34,312.0,"1313000612_1313000622_1313000698_1313006024_1313006025_1313006031_1313006035_1313006057_1800063070_3000001020_3000001040_3000001180_3000001190_3000001200_3000001210_3000001240_3000001340_3000001380_3000001460_3000001570_3000001800_3000001820_3000001880_3000002190_3000002620_3000004170_3000004760_3000007060_3828125073_3828125077_3828125081_3828125085_3828125098_3828125105"
2,328,36,206.0,"1313000612_1313000622_1313000698_1313006024_1313006025_1313006031_1313006035_1313006053_1313006057_1800063070_3000001020_3000001040_3000001180_3000001190_3000001200_3000001240_3000001340_3000001380_3000001460_3000001570_3000001760_3000001800_3000001820_3000001880_3000002190_3000002300_3000002620_3000004170_3000004760_3000007060_3828125073_3828125077_3828125081_3828125085_3828125098_3828125105"
2,329,35,234.0,"1313000612_1313000622_1313006024_1313006025_1313006031_1313006035_1313006053_1313006057_1800063070_3000001020_3000001040_3000001180_3000001190_3000001200_3000001240_3000001340_3000001380_3000001460_3000001570_3000001760_3000001800_3000001820_3000001880_3000002190_3000002300_3000002620_3000004170_3000004760_3000007060_3828125073_3828125077_3828125081_3828125085_3828125098_3828125105"
2,330,36,1105.0,"1313000612_1313000622_1313006024_1313006025_1313006031_1313006035_1313006053_1313006057_1800063070_3000001020_3000001040_3000001180_3000001190_3000001200_3000001210_3000001240_3000001340_3000001380_3000001460_3000001570_3000001800_3000001820_3000001880_3000002190_3000002300_3000002620_3000004170_3000004760_3000007060_3828125073_3828125077_3828125081_3828125085_3828125098_3828125105_4240000105"
2,331,34,206.0,"1313000612_1313000622_1313006024_1313006025_1313006031_1313006035_1313006053_1313006057_1800063070_3000001020_3000001040_3000001180_3000001190_3000001200_3000001210_3000001240_3000001340_3000001380_3000001460_3000001760_3000001800_3000001820_3000002190_3000002620_3000004170_3000004760_3000007060_3828125073_3828125077_3828125081_3828125085_3828125098_3828125105_4240000105"
2,332,36,282.0,"1313000612_1313000622_1313006024_1313006025_1313006031_1313006035_1313006053_1313006057_1800063070_3000001020_3000001040_3000001180_3000001190_3000001200_3000001210_3000001240_3000001340_3000001380_3000001460_3000001760_3000001800_3000001820_3000001880_3000002190_3000002300_3000002620_3000004170_3000004760_3000007060_3828125073_3828125077_3828125081_3828125085_3828125098_3828125105_4240000105"
2,333,35,263.0,"1313000612_1313000622_1313006024_1313006025_1313006031_1313006035_1313006053_1313006057_1800063070_3000001020_3000001040_3000001180_3000001190_3000001200_3000001210_3000001240_3000001340_3000001380_3000001460_3000001570_3000001760_3000001800_3000001820_3000001880_3000002190_3000002620_3000004170_3000004760_3000007060_3828125073_3828125077_3828125081_3828125085_3828125098_4240000105"
2,334,37,321.0,"1313000612_1313000622_1313000698_1313006024_1313006025_1313006031_1313006035_1313006053_1313006057_1800063070_3000001020_3000001040_3000001180_3000001190_3000001200_3000001210_3000001240_3000001340_3000001380_3000001460_3000001570_3000001760_3000001800_3000001820_3000001880_3000002190_3000002720_3000004170_3000004760_3000007060_3828125073_3828125077_3828125081_3828125085_3828125098_3828125105_4240000105"
2,335,37,277.0,"1112600328_1313000602_1313000612_1313000622_1313000698_1313006024_1313006025_1313006031_1313006035_1313006053_1800063070_3000001020_3000001040_3000001180_3000001190_3000001200_3000001210_3000001240_3000001340_3000001380_3000001460_3000001570_3000001800_3000001820_3000001880_3000002190_3000002620_3000004170_3000004760_3000007060_3828125073_3828125077_3828125081_3828125085_3828125098_3828125105_4240000105"
2,336,40,352.0,"1112600328_1313000602_1313000612_1313000622_1313000698_1313006024_1313006025_1313006031_1313006035_1313006053_1313006057_1800063070_3000001020_3000001040_3000001180_3000001190_3000001200_3000001210_3000001240_3000001340_3000001380_3000001460_3000001570_3000001760_3000001800_3000001820_3000001880_3000002190_3000002620_3000002720_3000004170_3000004760_3000007060_3828125073_3828125077_3828125081_3828125085_3828125098_3828125105_4240000105"
2,337,40,222.0,"1112600328_1313000602_1313000612_1313000622_1313000698_1313006024_1313006025_1313006031_1313006035_1313006053_1313006057_1800063070_3000001020_3000001040_3000001180_3000001190_3000001200_3000001210_3000001240_3000001340_3000001380_3000001460_3000001570_3000001760_3000001800_3000001820_3000001880_3000002190_3000002350_3000002620_3000004170_3000004760_3000007060_3828125073_3828125077_3828125081_3828125085_3828125098_3828125105_4240000105"
2,338,40,266.0,"1112600328_1313000602_1313000612_1313000622_1313000698_1313006024_1313006025_1313006031_1313006035_1313006057_1800063070_3000001020_3000001040_3000001180_3000001190_3000001200_3000001210_3000001240_3000001340_3000001380_3000001460_3000001570_3000001760_3000001800_3000001820_3000001880_3000002190_3000002350_3000002620_3000002720_3000004170_3000004760_3000007060_3828125073_3828125077_3828125081_3828125085_3828125098_3828125105_4240000105"
2,339,38,273.0,"1313000602_1313000612_1313000622_1313000698_1313006025_1313006031_1313006035_1313006053_1313006057_1800063070_3000001020_3000001040_3000001180_3000001190_3000001200_3000001210_3000001240_3000001340_3000001380_3000001460_3000001570_3000001760_3000001800_3000001820_3000001880_3000002190_3000002350_3000002620_3000004170_3000004760_3000007060_3828125073_3828125077_3828125081_3828125085_3828125098_3828125105_4240000105"
2,340,39,238.0,"1112600328_1313000602_1313000612_1313000622_1313000698_1313006025_1313006031_1313006035_1313006053_1313006057_1800063070_3000001020_3000001040_3000001180_3000001190_3000001200_3000001210_3000001240_3000001340_3000001380_3000001460_3000001570_3000001760_3000001800_3000001820_3000001880_3000002190_3000002350_3000002620_3000004170_3000004760_3000007060_3828125073_3828125077_3828125081_3828125085_3828125098_3828125105_4240000105"
2,341,38,230.0,"1112600328_1313000602_1313000612_1313000622_1313000698_1313006025_1313006031_1313006035_1313006053_1313006057_1800063070_3000001020_3000001040_3000001180_3000001190_3000001200_3000001210_3000001240_3000001340_3000001380_3000001460_3000001570_3000001760_3000001800_3000001820_3000001880_3000002190_3000002350_3000002620_3000004170_3000004760_3000007060_3828125073_3828125077_3828125081_3828125085_3828125105_4240000105"
2,342,38,183.0,"1112600328_1313000602_1313000612_1313000622_1313000698_1313006024_1313006025_1313006031_1313006035_1313006057_1800063070_3000001020_3000001040_3000001180_3000001190_3000001200_3000001210_3000001240_3000001340_3000001380_3000001460_3000001570_3000001760_3000001800_3000001820_3000001880_3000002190_3000002620_3000004170_3000004760_3000007060_3828125073_3828125077_3828125081_3828125085_3828125098_3828125105_4240000105"
2,343,38,187.0,"1112600328_1313000602_1313000612_1313000622_1313000698_1313006025_1313006031_1313006035_1313006057_1800063070_3000001020_3000001040_3000001180_3000001190_3000001200_3000001210_3000001240_3000001340_3000001380_3000001460_3000001570_3000001760_3000001800_3000001820_3000001880_3000002190_3000002620_3000002720_3000004170_3000004760_3000007060_3828125073_3828125077_3828125081_3828125085_3828125098_3828125105_4240000105"
2,344,37,232.0,"1112600328_1313000612_1313000622_1313000698_1313006024_1313006025_1313006035_1313006053_1800063070_3000001020_3000001040_3000001180_3000001190_3000001200_3000001210_3000001240_3000001340_3000001380_3000001460_3000001570_3000001760_3000001800_3000001820_3000001880_3000002190_3000002350_3000002620_3000004170_3000004760_3000007060_3828125073_3828125077_3828125081_3828125085_3828125098_3828125105_4240000105"
2,345,36,289.0,"1313000612_1313000622_1313000698_1313006025_1313006031_1313006035_1313006053_1800063070_3000001020_3000001040_3000001180_3000001190_3000001200_3000001210_3000001240_3000001340_3000001380_3000001460_3000001570_3000001760_3000001800_3000001820_3000001880_3000002190_3000002350_3000002620_3000004170_3000004760_3000007060_3828125073_3828125077_3828125081_3828125085_3828125098_3828125105_4240000105"
2,346,38,220.0,"1112600328_1313000602_1313000612_1313000622_1313000698_1313006024_1313006025_1313006035_1313006053_1313006057_1800063070_3000001020_3000001040_3000001180_3000001190_3000001200_3000001210_3000001240_3000001340_3000001380_3000001460_3000001570_3000001760_3000001800_3000001820_3000001880_3000002190_3000002350_3000002620_3000004170_3000004760_3000007060_3828125073_3828125077_3828125081_3828125085_3828125098_3828125105"
2,347,35,202.0,"1313000602_1313000612_1313000622_1313006024_1313006025_1313006031_1313006035_1313006053_1800063070_3000001020_3000001040_3000001180_3000001190_3000001200_3000001210_3000001240_3000001340_3000001380_3000001460_3000001570_3000001760_3000001800_3000001880_3000002190_3000002350_3000002620_3000004170_3000004760_3000007060_3828125073_3828125077_3828125081_3828125085_3828125098_3828125105"
2,348,37,210.0,"1112600328_1313000602_1313000612_1313000622_1313000698_1313006025_1313006031_1313006035_1313006053_1313006057_1800063070_3000001020_3000001040_3000001180_3000001190_3000001200_3000001210_3000001240_3000001380_3000001460_3000001760_3000001800_3000001820_3000001880_3000002190_3000002350_3000002620_3000004170_3000004760_3000007060_3828125073_3828125077_3828125081_3828125085_3828125098_3828125105_4240000105"
2,349,36,173.0,"1112600328_1313000602_1313000612_1313000622_1313000698_1313006024_1313006025_1313006031_1313006035_1313006053_1313006057_1800063070_3000001020_3000001040_3000001180_3000001190_3000001200_3000001210_3000001240_3000001340_3000001380_3000001460_3000001760_3000001800_3000001820_3000001880_3000002350_3000002620_3000004760_3000007060_3828125073_3828125077_3828125081_3828125085_3828125098_3828125105"
2,350,37,189.0,"1313000602_1313000612_1313000622_1313000698_1313006024_1313006025_1313006031_1313006035_1313006053_1313006057_1800063070_3000001020_3000001040_3000001180_3000001190_3000001200_3000001210_3000001240_3000001340_3000001380_3000001460_3000001760_3000001800_3000001820_3000001880_3000002350_3000002620_3000004170_3000004760_3000007060_3828125073_3828125077_3828125081_3828125085_3828125098_3828125105_4240000105"
2,351,35,190.0,"1313000602_1313000612_1313000622_1313000698_1313006025_1313006031_1313006035_1313006053_1800063070_3000001020_3000001040_3000001180_3000001190_3000001200_3000001210_3000001240_3000001340_3000001380_3000001460_3000001760_3000001800_3000001820_3000001880_3000002190_3000002620_3000004170_3000004760_3000007060_3828125073_3828125077_3828125081_3828125085_3828125098_3828125105_4240000105"
2,352,37,210.0,"1112600328_1313000602_1313000612_1313000622_1313000698_1313006025_1313006031_1313006035_1313006053_1313006057_1800063070_3000001020_3000001040_3000001180_3000001190_3000001200_3000001210_3000001240_3000001340_3000001380_3000001460_3000001760_3000001800_3000001820_3000001880_3000002190_3000002350_3000004170_3000004760_3000007060_3828125073_3828125077_3828125081_3828125085_3828125098_3828125105_4240000105"
2,353,37,171.0,"1112600328_1313000612_1313000622_1313000698_1313006024_1313006025_1313006031_1313006035_1313006053_1313006057_1800063070_3000001020_3000001040_3000001180_3000001190_3000001200_3000001210_3000001240_3000001340_3000001380_3000001460_3000001760_3000001800_3000001820_3000001880_3000002350_3000004170_3000004760_3000007060_3000026286_3828125073_3828125077_3828125081_3828125085_3828125098_3828125105_4240000105"
2,354,37,149.0,"1313000602_1313000612_1313000622_1313000698_1313006024_1313006025_1313006031_1313006035_1313006053_1313006057_1800063070_3000001020_3000001040_3000001180_3000001190_3000001200_3000001210_3000001240_3000001340_3000001380_3000001460_3000001760_3000001800_3000001820_3000001880_3000002190_3000002620_3000004170_3000004760_3000007060_3000026288_3828125073_3828125077_3828125081_3828125085_3828125098_3828125105"
2,355,34,164.0,"1313000612_1313000622_1313000698_1313006025_1313006035_1800063070_3000001020_3000001040_3000001180_3000001190_3000001200_3000001210_3000001240_3000001340_3000001380_3000001460_3000001760_3000001800_3000001820_3000001880_3000002190_3000002350_3000002620_3000004170_3000004760_3000007060_3000026286_3828125073_3828125077_3828125081_3828125085_3828125098_3828125105_4240000105"
2,356,35,125.0,"1313000612_1313000622_1313000698_1313006024_1313006025_1313006031_1313006035_1313006053_1800063070_3000001020_3000001040_3000001180_3000001190_3000001200_3000001210_3000001240_3000001340_3000001380_3000001460_3000001800_3000001880_3000002190_3000002350_3000004170_3000004760_3000007060_3000026286_3000026288_3828125073_3828125077_3828125081_3828125085_3828125098_3828125105_4240000105"
2,357,32,154.0,"1313000602_1313000612_1313000622_1313000698_1313006025_1313006035_1313006053_1800063070_3000001020_3000001040_3000001180_3000001190_3000001200_3000001210_3000001240_3000001340_3000001380_3000001460_3000001800_3000001880_3000002190_3000002350_3000002620_3000004170_3000004760_3000007060_3828125073_3828125077_3828125081_3828125085_3828125098_4240000105"
2,358,33,133.0,"1313000602_1313000612_1313000622_1313006025_1313006031_1313006035_1313006057_1800063070_3000001020_3000001040_3000001180_3000001190_3000001200_3000001210_3000001380_3000001460_3000001570_3000001800_3000001820_3000001880_3000002190_3000002300_3000002350_3000002620_3000004170_3000004760_3000007060_3828125073_3828125077_3828125081_3828125085_3828125098_4240000105"
2,359,29,137.0,"1313000622_1313000698_1313006025_1313006035_1313006057_1800063070_3000001020_3000001040_3000001180_3000001190_3000001200_3000001210_3000001240_3000001380_3000001800_3000001880_3000002190_3000002300_3000002350_3000002720_3000004170_3000004760_3000007060_3828125073_3828125077_3828125081_3828125085_3828125105_4240000105"
2,360,31,121.0,"1313000612_1313000622_1313006025_1313006035_1313006057_1800063070_3000001020_3000001040_3000001180_3000001190_3000001200_3000001210_3000001240_3000001380_3000001460_3000001760_3000001820_3000001880_3000002190_3000002300_3000002720_3000004170_3000004760_3000007060_3828125073_3828125077_3828125081_3828125085_3828125098_3828125105_4240000105"
2,361,32,140.0,"1313000602_1313000612_1313000622_1313000698_1313006025_1313006035_1313006057_1800063070_3000001020_3000001040_3000001180_3000001190_3000001200_3000001210_3000001240_3000001340_3000001380_3000001460_3000001760_3000001800_3000001880_3000002190_3000002300_3000004170_3000004760_3000007060_3828125073_3828125077_3828125081_3828125085_3828125098_3828125105"
2,362,38,160.0,"1112600328_1313000602_1313000612_1313000622_1313000698_1313006024_1313006025_1313006035_1313006053_1313006057_1800063070_3000001020_3000001040_3000001180_3000001190_3000001200_3000001210_3000001240_3000001340_3000001380_3000001760_3000001800_3000001880_3000002190_3000002350_3000004170_3000007060_3000026286_3000026288_3828125073_3828125077_3828125081_3828125085_3828125098_3828125105_7382550019_7382550020_7382550022"
2,363,40,199.0,"1112600328_1313000602_1313000612_1313000622_1313000698_1313006024_1313006025_1313006031_1313006035_1313006053_1800063070_3000001020_3000001040_3000001180_3000001190_3000001200_3000001210_3000001240_3000001340_3000001380_3000001460_3000001760_3000001800_3000001880_3000002190_3000002350_3000002620_3000004170_3000007060_3000026286_3000026288_3828125073_3828125077_3828125081_3828125085_3828125098_3828125105_4240000105_7382550020_7382550022"
2,364,37,182.0,"1112600328_1313000612_1313000622_1313000698_1313006025_1313006031_1313006035_1313006057_1800063070_3000001020_3000001040_3000001180_3000001190_3000001200_3000001210_3000001240_3000001340_3000001380_3000001460_3000001760_3000001820_3000001880_3000002190_3000002350_3000002620_3000004170_3000007060_3000026286_3000026288_3828125073_3828125077_3828125081_3828125085_3828125098_3828125105_4240000105_7382550020"
2,365,41,350.0,"1112600328_1313000602_1313000612_1313000622_1313000698_1313006025_1313006031_1313006044_1313006053_1313006057_1800063070_3000001020_3000001040_3000001180_3000001190_3000001200_3000001210_3000001240_3000001340_3000001380_3000001460_3000001760_3000001800_3000001820_3000001880_3000002190_3000002350_3000002620_3000004170_3000007060_3000026286_3000026288_3828125073_3828125077_3828125081_3828125085_3828125098_3828125105_4240000105_7382550019_7382550020"
2,366,40,248.0,"1112600328_1313000602_1313000612_1313000622_1313000698_1313006025_1313006031_1313006035_1313006044_1313006053_1313006057_1800063070_3000001020_3000001040_3000001180_3000001190_3000001200_3000001210_3000001240_3000001340_3000001380_3000001460_3000001760_3000001800_3000001880_3000002190_3000002350_3000002620_3000004170_3000007060_3000026286_3000026287_3828125073_3828125077_3828125081_3828125085_3828125098_3828125105_4240000105_7382550019"
2,367,40,247.0,"1313000612_1313000622_1313000698_1313006025_1313006031_1313006035_1313006044_1313006057_1800063070_3000001020_3000001040_3000001180_3000001190_3000001200_3000001210_3000001240_3000001340_3000001380_3000001460_3000001760_3000001800_3000001820_3000001880_3000002190_3000002620_3000004170_3000007060_3000026286_3000026287_3000026288_3000026289_3828125073_3828125077_3828125081_3828125085_3828125098_3828125105_4240000105_7382550020_7382550022"
2,368,41,280.0,"1112600328_1313000612_1313000622_1313000698_1313006025_1313006035_1313006044_1313006053_1313006057_1800063070_3000001020_3000001040_3000001180_3000001190_3000001200_3000001210_3000001240_3000001340_3000001380_3000001460_3000001760_3000001800_3000001820_3000001880_3000002190_3000002350_3000002620_3000004170_3000007060_3000026287_3000026289_3828125073_3828125077_3828125081_3828125085_3828125098_3828125105_4240000105_7382550019_7382550020_7382550022"
2,369,39,692.0,"1313000612_1313000622_1313000698_1313006025_1313006031_1313006035_1313006044_1313006053_1313006057_1800063070_3000001020_3000001040_3000001180_3000001190_3000001200_3000001210_3000001240_3000001340_3000001380_3000001460_3000001760_3000001800_3000001820_3000001880_3000002190_3000002350_3000002620_3000004170_3000007060_3000026287_3000026288_3000026289_3828125073_3828125077_3828125081_3828125085_3828125098_3828125105_4240000105"
2,372,44,247.0,"1112600328_1313000602_1313000612_1313000622_1313000698_1313006025_1313006031_1313006035_1313006044_1313006053_1313006057_1800063070_3000001020_3000001040_3000001180_3000001190_3000001200_3000001210_3000001240_3000001340_3000001380_3000001460_3000001760_3000001800_3000001820_3000001880_3000002190_3000002350_3000002620_3000004170_3000007060_3000026286_3000026287_3000026288_3000026289_3828125073_3828125077_3828125081_3828125085_3828125098_3828125105_4240000105_7382550020_7382550022"
2,373,41,237.0,"1112600328_1313000602_1313000612_1313000622_1313000698_1313006025_1313006031_1313006035_1313006044_1313006053_1313006057_1800063070_3000001020_3000001040_3000001180_3000001190_3000001200_3000001210_3000001240_3000001340_3000001380_3000001460_3000001760_3000001800_3000001880_3000002190_3000002350_3000002620_3000004170_3000007060_3000026286_3000026287_3000026288_3000026289_3828125073_3828125077_3828125081_3828125085_3828125098_3828125105_4240000105"
2,374,44,267.0,"1112600328_1313000602_1313000612_1313000622_1313000698_1313006025_1313006035_1313006044_1313006053_1313006057_1800063070_3000001020_3000001040_3000001180_3000001190_3000001200_3000001210_3000001240_3000001340_3000001380_3000001460_3000001760_3000001800_3000001820_3000001880_3000002190_3000002350_3000002620_3000004170_3000007060_3000026286_3000026287_3000026288_3000026289_3828125073_3828125077_3828125081_3828125085_3828125098_3828125105_4240000105_7382550019_7382550020_7382550022"
2,375,43,294.0,"1112600328_1313000602_1313000612_1313000622_1313000698_1313006025_1313006031_1313006035_1313006044_1313006053_1313006057_1800063070_3000001020_3000001040_3000001180_3000001190_3000001200_3000001210_3000001240_3000001340_3000001380_3000001460_3000001760_3000001800_3000001820_3000001880_3000002190_3000002620_3000004170_3000007060_3000026286_3000026287_3000026288_3000026289_3828125073_3828125077_3828125081_3828125085_3828125098_3828125105_4240000105_7382550019_7382550020"
2,376,39,298.0,"1313000602_1313000612_1313006025_1313006031_1313006035_1313006044_1313006053_1313006057_1800063070_3000001020_3000001040_3000001180_3000001190_3000001200_3000001210_3000001240_3000001340_3000001380_3000001460_3000001760_3000001800_3000001820_3000001880_3000002190_3000002620_3000004170_3000007060_3000026286_3000026288_3000026289_3828125073_3828125077_3828125081_3828125098_3828125105_4240000105_7382550019_7382550020_7382550022"
2,377,42,288.0,"1112600328_1313000602_1313000612_1313000698_1313006025_1313006031_1313006035_1313006044_1313006053_1313006057_1800063070_3000001020_3000001040_3000001180_3000001190_3000001200_3000001210_3000001240_3000001340_3000001380_3000001460_3000001760_3000001800_3000001820_3000001880_3000002190_3000002620_3000004170_3000007060_3000026286_3000026288_3000026289_3828125073_3828125077_3828125081_3828125085_3828125098_3828125105_4240000105_7382550019_7382550020_7382550022"
2,378,43,238.0,"1112600328_1313000602_1313000612_1313000622_1313000698_1313006025_1313006031_1313006035_1313006044_1313006053_1800063070_3000001020_3000001040_3000001180_3000001190_3000001200_3000001210_3000001240_3000001340_3000001380_3000001460_3000001760_3000001800_3000001820_3000001880_3000002190_3000002350_3000002620_3000004170_3000007060_3000026286_3000026287_3000026288_3000026289_3828125073_3828125077_3828125085_3828125098_3828125105_4240000105_7382550019_7382550020_7382550022"
2,379,42,546.0,"1112600328_1313000602_1313000612_1313000622_1313006025_1313006031_1313006035_1313006044_1313006053_1313006057_1800063070_3000001020_3000001040_3000001180_3000001190_3000001200_3000001210_3000001240_3000001340_3000001380_3000001460_3000001760_3000001800_3000001820_3000001880_3000002190_3000002620_3000004170_3000007060_3000026286_3000026287_3000026288_3000026289_3828125073_3828125077_3828125085_3828125098_3828125105_4240000105_7382550019_7382550020_7382550022"
2,380,40,303.0,"1313000602_1313000612_1313000622_1313000698_1313006025_1313006035_1313006044_1313006053_1313006057_1800063070_3000001020_3000001040_3000001180_3000001190_3000001200_3000001210_3000001240_3000001340_3000001380_3000001460_3000001760_3000001800_3000001820_3000001880_3000002190_3000002620_3000004170_3000007060_3000026286_3000026287_3000026288_3000026289_3828125073_3828125077_3828125085_3828125105_4240000105_7382550019_7382550020_7382550022"
2,381,43,252.0,"1112600328_1313000602_1313000612_1313000622_1313000698_1313006025_1313006035_1313006044_1313006053_1313006057_1800063070_3000001020_3000001040_3000001180_3000001190_3000001200_3000001210_3000001240_3000001340_3000001380_3000001460_3000001760_3000001800_3000001820_3000001880_3000002190_3000002350_3000002620_3000004170_3000007060_3000026287_3000026288_3000026289_3828125073_3828125077_3828125081_3828125085_3828125098_3828125105_4240000105_7382550019_7382550020_7382550022"
2,382,44,292.0,"1112600328_1313000602_1313000612_1313000622_1313000698_1313006025_1313006031_1313006035_1313006053_1313006057_1800063070_3000001020_3000001040_3000001180_3000001190_3000001200_3000001210_3000001240_3000001340_3000001380_3000001460_3000001760_3000001800_3000001820_3000001880_3000002190_3000002350_3000002620_3000004170_3000007060_3000026286_3000026287_3000026288_3000026289_3828125073_3828125077_3828125081_3828125085_3828125098_3828125105_4240000105_7382550019_7382550020_7382550022"
2,383,43,316.0,"1112600328_1313000602_1313000612_1313000622_1313000698_1313006025_1313006031_1313006035_1313006044_1313006053_1313006057_1800063070_3000001020_3000001040_3000001180_3000001190_3000001200_3000001210_3000001240_3000001340_3000001380_3000001460_3000001760_3000001800_3000001820_3000001880_3000002190_3000002350_3000002620_3000004170_3000007060_3000026286_3000026287_3000026288_3000026289_3828125073_3828125077_3828125081_3828125085_3828125098_3828125105_4240000105_7382550019"
2,384,38,358.0,"1112600328_1313000602_1313000612_1313000622_1313000698_1313006025_1313006035_1313006044_1313006053_1313006057_1800063070_3000001020_3000001040_3000001180_3000001190_3000001200_3000001210_3000001240_3000001380_3000001460_3000001760_3000001800_3000001880_3000002190_3000002350_3000004170_3000007060_3000026287_3000026288_3000026289_3828125073_3828125077_3828125081_3828125085_3828125098_3828125105_4240000105_7382550019"
2,385,43,357.0,"1112600328_1313000602_1313000612_1313000698_1313006025_1313006031_1313006035_1313006044_1313006053_1313006057_1800063070_3000001020_3000001040_3000001180_3000001190_3000001200_3000001210_3000001240_3000001340_3000001380_3000001460_3000001760_3000001800_3000001820_3000001880_3000002190_3000002350_3000002620_3000004170_3000007060_3000026286_3000026287_3000026288_3000026289_3828125073_3828125077_3828125081_3828125085_3828125098_3828125105_4240000105_7382550020_7382550022"
2,386,41,322.0,"1112600328_1313000602_1313000612_1313000698_1313006025_1313006031_1313006035_1313006044_1313006053_1313006057_1800063070_3000001020_3000001040_3000001180_3000001190_3000001200_3000001210_3000001240_3000001340_3000001380_3000001460_3000001760_3000001800_3000001880_3000002190_3000002350_3000002620_3000004170_3000007060_3000026287_3000026288_3000026289_3828125073_3828125077_3828125081_3828125085_3828125098_3828125105_4240000105_7382550020_7382550022"
2,387,41,283.0,"1112600328_1313000612_1313000622_1313000698_1313006025_1313006031_1313006035_1313006044_1313006053_1313006057_1800063070_3000001020_3000001040_3000001180_3000001190_3000001200_3000001210_3000001240_3000001340_3000001380_3000001460_3000001760_3000001800_3000001880_3000002190_3000002350_3000002620_3000004170_3000007060_3000026287_3000026288_3000026289_3828125073_3828125077_3828125081_3828125085_3828125098_3828125105_4240000105_7382550020_7382550022"
2,388,41,283.0,"1112600328_1313000612_1313000622_1313000698_1313006025_1313006031_1313006035_1313006044_1313006053_1313006057_1800063070_3000001020_3000001040_3000001180_3000001190_3000001200_3000001210_3000001240_3000001340_3000001380_3000001460_3000001760_3000001800_3000001880_3000002190_3000002350_3000002620_3000004170_3000007060_3000026287_3000026288_3000026289_3828125073_3828125077_3828125081_3828125085_3828125098_3828125105_4240000105_7382550020_7382550022"
2,389,44,269.0,"1112600328_1313000602_1313000612_1313000622_1313000698_1313006025_1313006031_1313006035_1313006044_1313006053_1313006057_1800063070_3000001020_3000001040_3000001180_3000001190_3000001200_3000001210_3000001240_3000001340_3000001380_3000001460_3000001760_3000001800_3000001880_3000002190_3000002350_3000002620_3000004170_3000007060_3000026286_3000026287_3000026288_3000026289_3828125073_3828125077_3828125081_3828125085_3828125098_3828125105_4240000105_7382550019_7382550020_7382550022"
2,390,39,270.0,"1112600328_1313000612_1313000622_1313006025_1313006031_1313006035_1313006044_1313006053_1800063070_3000001020_3000001040_3000001180_3000001190_3000001200_3000001210_3000001240_3000001340_3000001380_3000001460_3000001760_3000001800_3000001880_3000002190_3000002350_3000002620_3000004170_3000007060_3000026286_3000026287_3000026288_3000026289_3828125073_3828125077_3828125081_3828125085_3828125098_3828125105_4240000105_7382550020"
2,391,40,291.0,"1112600328_1313000602_1313000612_1313000622_1313006025_1313006031_1313006035_1313006044_1313006053_1313006057_1800063070_3000001020_3000001040_3000001180_3000001190_3000001200_3000001210_3000001240_3000001340_3000001380_3000001460_3000001760_3000001800_3000001880_3000002190_3000002350_3000002620_3000004170_3000007060_3000026286_3000026287_3000026288_3000026289_3828125073_3828125077_3828125081_3828125085_3828125098_3828125105_4240000105"
2,392,40,247.0,"1313000602_1313000612_1313000622_1313000698_1313006025_1313006031_1313006035_1313006044_1313006053_1313006057_1800063070_3000001020_3000001040_3000001180_3000001190_3000001200_3000001210_3000001240_3000001340_3000001380_3000001460_3000001760_3000001800_3000001880_3000002190_3000002620_3000004170_3000007060_3000026286_3000026287_3000026288_3000026289_3828125073_3828125077_3828125081_3828125085_3828125098_3828125105_4240000105_7382550022"
2,393,37,225.0,"1112600328_1313000602_1313000612_1313000622_1313000698_1313006025_1313006031_1313006044_1313006053_1313006057_3000001020_3000001040_3000001190_3000001200_3000001210_3000001240_3000001340_3000001380_3000001460_3000001760_3000001880_3000002190_3000002620_3000004170_3000007060_3000026286_3000026288_3000026289_3828125073_3828125077_3828125081_3828125085_3828125098_3828125105_4240000105_7382550020_7382550022"
2,394,37,225.0,"1112600328_1313000602_1313000612_1313000622_1313000698_1313006025_1313006031_1313006044_1313006053_1313006057_3000001020_3000001040_3000001190_3000001200_3000001210_3000001240_3000001340_3000001380_3000001460_3000001760_3000001880_3000002190_3000002620_3000004170_3000007060_3000026286_3000026288_3000026289_3828125073_3828125077_3828125081_3828125085_3828125098_3828125105_4240000105_7382550020_7382550022"
2,395,40,198.0,"1112600328_1313000612_1313000622_1313006025_1313006031_1313006035_1313006044_1313006053_1800063070_3000001020_3000001040_3000001180_3000001190_3000001200_3000001210_3000001240_3000001340_3000001380_3000001460_3000001760_3000001800_3000001880_3000002190_3000002350_3000002620_3000004170_3000007060_3000026286_3000026287_3000026288_3000026289_3828125073_3828125077_3828125081_3828125085_3828125098_3828125105_4240000105_7382550020_7382550022"
2,396,39,206.0,"1112600328_1313000612_1313000622_1313000698_1313006025_1313006031_1313006035_1313006053_1313006057_1800063070_3000001020_3000001040_3000001180_3000001190_3000001200_3000001210_3000001240_3000001340_3000001380_3000001460_3000001760_3000001880_3000002190_3000002350_3000002620_3000004170_3000007060_3000026286_3000026287_3000026288_3000026289_3828125073_3828125077_3828125081_3828125085_3828125098_4240000105_7382550020_7382550022"
2,397,38,225.0,"1313000602_1313000612_1313000622_1313000698_1313006025_1313006031_1313006035_1313006044_1313006053_1800063070_3000001020_3000001040_3000001180_3000001190_3000001200_3000001210_3000001240_3000001340_3000001380_3000001460_3000001760_3000001800_3000001880_3000002190_3000002350_3000004170_3000007060_3000026286_3000026287_3000026288_3828125073_3828125077_3828125081_3828125085_3828125098_3828125105_4240000105_7382550022"
2,398,38,194.0,"1313000602_1313000612_1313000622_1313000698_1313006025_1313006031_1313006035_1313006044_1313006053_1800063070_3000001020_3000001040_3000001190_3000001200_3000001210_3000001240_3000001340_3000001380_3000001460_3000001760_3000001800_3000001880_3000002190_3000002350_3000002620_3000004170_3000004760_3000007060_3000026287_3000026288_3000026289_3828125073_3828125077_3828125081_3828125085_3828125098_3828125105_4240000105"
2,399,40,186.0,"1112600328_1313000602_1313000612_1313000622_1313000698_1313006025_1313006031_1313006035_1313006044_1313006053_1800063070_3000001020_3000001040_3000001190_3000001200_3000001210_3000001240_3000001340_3000001380_3000001460_3000001760_3000001800_3000001880_3000002190_3000002350_3000004170_3000004760_3000026286_3000026287_3000026288_3000026289_3828125073_3828125077_3828125081_3828125085_3828125098_3828125105_4240000105_7382550020_7382550022"
