"UPC_i","DESCRIP_i","UPC_j","DESCRIP_j","weeks_together"
3000001040,"QUAKER OLD FASHIONED",3000001200,"QUICK QUAKER OATS",304
1313006025,"MIX N EAT CREAM OF W",3000001040,"QUAKER OLD FASHIONED",303
1313006025,"MIX N EAT CREAM OF W",3000001200,"QUICK QUAKER OATS",303
3000001020,"QUAKER OATS REGULAR",3000001040,"QUAKER OLD FASHIONED",303
3000001020,"QUAKER OATS REGULAR",3000001200,"QUICK QUAKER OATS",303
3000001040,"QUAKER OLD FASHIONED",3000007060,"QUAKER HOT OAT BRAN",303
3000001200,"QUICK QUAKER OATS",3000007060,"QUAKER HOT OAT BRAN",303
1313000612,"CREAM OF WHEAT QUICK",3000001040,"QUAKER OLD FASHIONED",302
1313000612,"CREAM OF WHEAT QUICK",3000001200,"QUICK QUAKER OATS",302
1313006025,"MIX N EAT CREAM OF W",3000001020,"QUAKER OATS REGULAR",302
1313006025,"MIX N EAT CREAM OF W",3000007060,"QUAKER HOT OAT BRAN",302
3000001020,"QUAKER OATS REGULAR",3000007060,"QUAKER HOT OAT BRAN",302
3000001040,"QUAKER OLD FASHIONED",3000001210,"QUAKER INSTANT OATME",302
3000001200,"QUICK QUAKER OATS",3000001210,"QUAKER INSTANT OATME",302
1313000612,"CREAM OF WHEAT QUICK",1313006025,"MIX N EAT CREAM OF W",301
1313000612,"CREAM OF WHEAT QUICK",3000001020,"QUAKER OATS REGULAR",301
1313000612,"CREAM OF WHEAT QUICK",3000007060,"QUAKER HOT OAT BRAN",301
1313006025,"MIX N EAT CREAM OF W",3000001210,"QUAKER INSTANT OATME",301
3000001020,"QUAKER OATS REGULAR",3000001210,"QUAKER INSTANT OATME",301
3000001040,"QUAKER OLD FASHIONED",3000004170,"QUAKER Q/W HOMINY GR",301
3000001200,"QUICK QUAKER OATS",3000004170,"QUAKER Q/W HOMINY GR",301
3000001210,"QUAKER INSTANT OATME",3000007060,"QUAKER HOT OAT BRAN",301
1313000612,"CREAM OF WHEAT QUICK",3000001210,"QUAKER INSTANT OATME",300
1313006025,"MIX N EAT CREAM OF W",3000004170,"QUAKER Q/W HOMINY GR",300
1800063070,"PILS FARINA",3000001040,"QUAKER OLD FASHIONED",300
1800063070,"PILS FARINA",3000001200,"QUICK QUAKER OATS",300
3000001020,"QUAKER OATS REGULAR",3000001380,"QUAKER INST OATML AP",300
3000001020,"QUAKER OATS REGULAR",3000004170,"QUAKER Q/W HOMINY GR",300
3000001040,"QUAKER OLD FASHIONED",3000001180,"QUICK QUAKER OATS",300
3000001040,"QUAKER OLD FASHIONED",3000001380,"QUAKER INST OATML AP",300
3000001180,"QUICK QUAKER OATS",3000001200,"QUICK QUAKER OATS",300
3000001180,"QUICK QUAKER OATS",3000007060,"QUAKER HOT OAT BRAN",300
3000001200,"QUICK QUAKER OATS",3000001380,"QUAKER INST OATML AP",300
3000004170,"QUAKER Q/W HOMINY GR",3000007060,"QUAKER HOT OAT BRAN",300
1313000612,"CREAM OF WHEAT QUICK",3000004170,"QUAKER Q/W HOMINY GR",299
1313006025,"MIX N EAT CREAM OF W",1800063070,"PILS FARINA",299
1313006025,"MIX N EAT CREAM OF W",3000001180,"QUICK QUAKER OATS",299
1313006025,"MIX N EAT CREAM OF W",3000001380,"QUAKER INST OATML AP",299
1800063070,"PILS FARINA",3000001020,"QUAKER OATS REGULAR",299
1800063070,"PILS FARINA",3000007060,"QUAKER HOT OAT BRAN",299
3000001020,"QUAKER OATS REGULAR",3000001180,"QUICK QUAKER OATS",299
3000001040,"QUAKER OLD FASHIONED",3000001240,"QUAKER INST OATML RS",299
3000001040,"QUAKER OLD FASHIONED",3000001880,"QUAKER FRUIT & CREAM",299
3000001040,"QUAKER OLD FASHIONED",3000002190,"KRETSCHMER WHEAT GER",299
3000001200,"QUICK QUAKER OATS",3000001240,"QUAKER INST OATML RS",299
3000001200,"QUICK QUAKER OATS",3000001880,"QUAKER FRUIT & CREAM",299
3000001200,"QUICK QUAKER OATS",3000002190,"KRETSCHMER WHEAT GER",299
3000001210,"QUAKER INSTANT OATME",3000004170,"QUAKER Q/W HOMINY GR",299
3000001380,"QUAKER INST OATML AP",3000007060,"QUAKER HOT OAT BRAN",299
1313000612,"CREAM OF WHEAT QUICK",1800063070,"PILS FARINA",298
1313000612,"CREAM OF WHEAT QUICK",3000001180,"QUICK QUAKER OATS",298
1313000612,"CREAM OF WHEAT QUICK",3000001380,"QUAKER INST OATML AP",298
1313000622,"CREAM OF WHEAT INSTA",3000001020,"QUAKER OATS REGULAR",298
1313000622,"CREAM OF WHEAT INSTA",3000001040,"QUAKER OLD FASHIONED",298
1313000622,"CREAM OF WHEAT INSTA",3000001200,"QUICK QUAKER OATS",298
1313006025,"MIX N EAT CREAM OF W",3000001240,"QUAKER INST OATML RS",298
1313006025,"MIX N EAT CREAM OF W",3000001880,"QUAKER FRUIT & CREAM",298
1313006025,"MIX N EAT CREAM OF W",3000002190,"KRETSCHMER WHEAT GER",298
1800063070,"PILS FARINA",3000001180,"QUICK QUAKER OATS",298
1800063070,"PILS FARINA",3000001210,"QUAKER INSTANT OATME",298
3000001020,"QUAKER OATS REGULAR",3000001240,"QUAKER INST OATML RS",298
3000001020,"QUAKER OATS REGULAR",3000001880,"QUAKER FRUIT & CREAM",298
3000001020,"QUAKER OATS REGULAR",3000002190,"KRETSCHMER WHEAT GER",298
3000001180,"QUICK QUAKER OATS",3000001210,"QUAKER INSTANT OATME",298
3000001210,"QUAKER INSTANT OATME",3000001380,"QUAKER INST OATML AP",298
3000001240,"QUAKER INST OATML RS",3000007060,"QUAKER HOT OAT BRAN",298
3000001880,"QUAKER FRUIT & CREAM",3000007060,"QUAKER HOT OAT BRAN",298
3000002190,"KRETSCHMER WHEAT GER",3000007060,"QUAKER HOT OAT BRAN",298
1313000612,"CREAM OF WHEAT QUICK",3000001240,"QUAKER INST OATML RS",297
1313000612,"CREAM OF WHEAT QUICK",3000001880,"QUAKER FRUIT & CREAM",297
1313000612,"CREAM OF WHEAT QUICK",3000002190,"KRETSCHMER WHEAT GER",297
1313000622,"CREAM OF WHEAT INSTA",1313006025,"MIX N EAT CREAM OF W",297
1313000622,"CREAM OF WHEAT INSTA",3000007060,"QUAKER HOT OAT BRAN",297
1800063070,"PILS FARINA",3000004170,"QUAKER Q/W HOMINY GR",297
3000001180,"QUICK QUAKER OATS",3000004170,"QUAKER Q/W HOMINY GR",297
3000001210,"QUAKER INSTANT OATME",3000001240,"QUAKER INST OATML RS",297
3000001210,"QUAKER INSTANT OATME",3000001880,"QUAKER FRUIT & CREAM",297
3000001210,"QUAKER INSTANT OATME",3000002190,"KRETSCHMER WHEAT GER",297
3000001380,"QUAKER INST OATML AP",3000004170,"QUAKER Q/W HOMINY GR",297
3000002190,"KRETSCHMER WHEAT GER",3000004170,"QUAKER Q/W HOMINY GR",297
1313000612,"CREAM OF WHEAT QUICK",1313000622,"CREAM OF WHEAT INSTA",296
1313000612,"CREAM OF WHEAT QUICK",3000001460,"QUAKER OAT VARIETY",296
1313000622,"CREAM OF WHEAT INSTA",3000001210,"QUAKER INSTANT OATME",296
1800063070,"PILS FARINA",3000001380,"QUAKER INST OATML AP",296
1800063070,"PILS FARINA",3000002190,"KRETSCHMER WHEAT GER",296
3000001040,"QUAKER OLD FASHIONED",3000001460,"QUAKER OAT VARIETY",296
3000001180,"QUICK QUAKER OATS",3000001380,"QUAKER INST OATML AP",296
3000001200,"QUICK QUAKER OATS",3000001460,"QUAKER OAT VARIETY",296
3000001240,"QUAKER INST OATML RS",3000001380,"QUAKER INST OATML AP",296
3000001240,"QUAKER INST OATML RS",3000004170,"QUAKER Q/W HOMINY GR",296
3000001880,"QUAKER FRUIT & CREAM",3000004170,"QUAKER Q/W HOMINY GR",296
1313000622,"CREAM OF WHEAT INSTA",3000001380,"QUAKER INST OATML AP",295
1313000622,"CREAM OF WHEAT INSTA",3000004170,"QUAKER Q/W HOMINY GR",295
1313006025,"MIX N EAT CREAM OF W",3000001460,"QUAKER OAT VARIETY",295
1800063070,"PILS FARINA",3000001240,"QUAKER INST OATML RS",295
1800063070,"PILS FARINA",3000001880,"QUAKER FRUIT & CREAM",295
3000001020,"QUAKER OATS REGULAR",3000001460,"QUAKER OAT VARIETY",295
3000001040,"QUAKER OLD FASHIONED",3000001190,"QUAKER INST OATML MP",295
3000001180,"QUICK QUAKER OATS",3000001240,"QUAKER INST OATML RS",295
3000001180,"QUICK QUAKER OATS",3000001880,"QUAKER FRUIT & CREAM",295
3000001180,"QUICK QUAKER OATS",3000002190,"KRETSCHMER WHEAT GER",295
3000001190,"QUAKER INST OATML MP",3000001200,"QUICK QUAKER OATS",295
3000001380,"QUAKER INST OATML AP",3000001880,"QUAKER FRUIT & CREAM",295
3000001380,"QUAKER INST OATML AP",3000002190,"KRETSCHMER WHEAT GER",295
3000001460,"QUAKER OAT VARIETY",3000007060,"QUAKER HOT OAT BRAN",295
1313000622,"CREAM OF WHEAT INSTA",1800063070,"PILS FARINA",294
1313000622,"CREAM OF WHEAT INSTA",3000001180,"QUICK QUAKER OATS",294
1313006025,"MIX N EAT CREAM OF W",3000001190,"QUAKER INST OATML MP",294
3000001020,"QUAKER OATS REGULAR",3000001190,"QUAKER INST OATML MP",294
3000001190,"QUAKER INST OATML MP",3000007060,"QUAKER HOT OAT BRAN",294
3000001210,"QUAKER INSTANT OATME",3000001460,"QUAKER OAT VARIETY",294
3000001240,"QUAKER INST OATML RS",3000001880,"QUAKER FRUIT & CREAM",294
3000001240,"QUAKER INST OATML RS",3000002190,"KRETSCHMER WHEAT GER",294
3000001880,"QUAKER FRUIT & CREAM",3000002190,"KRETSCHMER WHEAT GER",294
1313000612,"CREAM OF WHEAT QUICK",3000001190,"QUAKER INST OATML MP",293
1313000622,"CREAM OF WHEAT INSTA",3000001240,"QUAKER INST OATML RS",293
1313000622,"CREAM OF WHEAT INSTA",3000001880,"QUAKER FRUIT & CREAM",293
1313000622,"CREAM OF WHEAT INSTA",3000002190,"KRETSCHMER WHEAT GER",293
3000001190,"QUAKER INST OATML MP",3000001210,"QUAKER INSTANT OATME",293
3000001460,"QUAKER OAT VARIETY",3000004170,"QUAKER Q/W HOMINY GR",293
1800063070,"PILS FARINA",3000001460,"QUAKER OAT VARIETY",292
3000001180,"QUICK QUAKER OATS",3000001460,"QUAKER OAT VARIETY",292
3000001190,"QUAKER INST OATML MP",3000004170,"QUAKER Q/W HOMINY GR",292
3000001380,"QUAKER INST OATML AP",3000001460,"QUAKER OAT VARIETY",292
1800063070,"PILS FARINA",3000001190,"QUAKER INST OATML MP",291
3000001180,"QUICK QUAKER OATS",3000001190,"QUAKER INST OATML MP",291
3000001190,"QUAKER INST OATML MP",3000001380,"QUAKER INST OATML AP",291
3000001190,"QUAKER INST OATML MP",3000001880,"QUAKER FRUIT & CREAM",291
3000001190,"QUAKER INST OATML MP",3000002190,"KRETSCHMER WHEAT GER",291
3000001240,"QUAKER INST OATML RS",3000001460,"QUAKER OAT VARIETY",291
3000001460,"QUAKER OAT VARIETY",3000001880,"QUAKER FRUIT & CREAM",291
3000001460,"QUAKER OAT VARIETY",3000002190,"KRETSCHMER WHEAT GER",291
1313000622,"CREAM OF WHEAT INSTA",3000001460,"QUAKER OAT VARIETY",290
3000001190,"QUAKER INST OATML MP",3000001240,"QUAKER INST OATML RS",290
1313000622,"CREAM OF WHEAT INSTA",3000001190,"QUAKER INST OATML MP",289
1313006025,"MIX N EAT CREAM OF W",3000001800,"QUAKER INST OATML PE",288
3000001040,"QUAKER OLD FASHIONED",3000001800,"QUAKER INST OATML PE",288
3000001200,"QUICK QUAKER OATS",3000001800,"QUAKER INST OATML PE",288
3000001020,"QUAKER OATS REGULAR",3000001800,"QUAKER INST OATML PE",287
3000001190,"QUAKER INST OATML MP",3000001460,"QUAKER OAT VARIETY",287
3000001800,"QUAKER INST OATML PE",3000007060,"QUAKER HOT OAT BRAN",287
1313000612,"CREAM OF WHEAT QUICK",3000001800,"QUAKER INST OATML PE",286
1800063070,"PILS FARINA",3000001800,"QUAKER INST OATML PE",286
3000001180,"QUICK QUAKER OATS",3000001800,"QUAKER INST OATML PE",286
3000001210,"QUAKER INSTANT OATME",3000001800,"QUAKER INST OATML PE",286
3000001800,"QUAKER INST OATML PE",3000004170,"QUAKER Q/W HOMINY GR",285
3000001040,"QUAKER OLD FASHIONED",4240000105,"QUICK MALT O MEAL",284
3000001200,"QUICK QUAKER OATS",4240000105,"QUICK MALT O MEAL",284
3000001210,"QUAKER INSTANT OATME",4240000105,"QUICK MALT O MEAL",284
3000001380,"QUAKER INST OATML AP",3000001800,"QUAKER INST OATML PE",284
3000001800,"QUAKER INST OATML PE",3000001880,"QUAKER FRUIT & CREAM",284
1313000622,"CREAM OF WHEAT INSTA",3000001800,"QUAKER INST OATML PE",283
1313006025,"MIX N EAT CREAM OF W",4240000105,"QUICK MALT O MEAL",283
3000001020,"QUAKER OATS REGULAR",4240000105,"QUICK MALT O MEAL",283
3000001240,"QUAKER INST OATML RS",3000001800,"QUAKER INST OATML PE",283
3000001800,"QUAKER INST OATML PE",3000002190,"KRETSCHMER WHEAT GER",283
3000007060,"QUAKER HOT OAT BRAN",4240000105,"QUICK MALT O MEAL",283
1313000612,"CREAM OF WHEAT QUICK",4240000105,"QUICK MALT O MEAL",282
3000004170,"QUAKER Q/W HOMINY GR",4240000105,"QUICK MALT O MEAL",282
1800063070,"PILS FARINA",4240000105,"QUICK MALT O MEAL",280
3000001180,"QUICK QUAKER OATS",4240000105,"QUICK MALT O MEAL",280
3000001190,"QUAKER INST OATML MP",3000001800,"QUAKER INST OATML PE",280
3000001240,"QUAKER INST OATML RS",4240000105,"QUICK MALT O MEAL",280
3000001380,"QUAKER INST OATML AP",4240000105,"QUICK MALT O MEAL",280
3000001460,"QUAKER OAT VARIETY",3000001800,"QUAKER INST OATML PE",280
3000001880,"QUAKER FRUIT & CREAM",4240000105,"QUICK MALT O MEAL",280
3000002190,"KRETSCHMER WHEAT GER",4240000105,"QUICK MALT O MEAL",280
1313006057,"INST CRM OF WHT-VARI",3000001020,"QUAKER OATS REGULAR",279
1313006057,"INST CRM OF WHT-VARI",3000001040,"QUAKER OLD FASHIONED",279
1313006057,"INST CRM OF WHT-VARI",3000001200,"QUICK QUAKER OATS",279
1313006057,"INST CRM OF WHT-VARI",3000007060,"QUAKER HOT OAT BRAN",279
3000001460,"QUAKER OAT VARIETY",4240000105,"QUICK MALT O MEAL",279
1313000612,"CREAM OF WHEAT QUICK",3000001340,"QUAKER OATMEAL CINNA",278
1313000622,"CREAM OF WHEAT INSTA",4240000105,"QUICK MALT O MEAL",278
1313006025,"MIX N EAT CREAM OF W",1313006057,"INST CRM OF WHT-VARI",278
3000001040,"QUAKER OLD FASHIONED",3000001340,"QUAKER OATMEAL CINNA",278
3000001200,"QUICK QUAKER OATS",3000001340,"QUAKER OATMEAL CINNA",278
1313000612,"CREAM OF WHEAT QUICK",1313006057,"INST CRM OF WHT-VARI",277
1313006025,"MIX N EAT CREAM OF W",3000001340,"QUAKER OATMEAL CINNA",277
1313006057,"INST CRM OF WHT-VARI",3000001180,"QUICK QUAKER OATS",277
1313006057,"INST CRM OF WHT-VARI",3000001210,"QUAKER INSTANT OATME",277
3000001020,"QUAKER OATS REGULAR",3000001340,"QUAKER OATMEAL CINNA",277
3000001340,"QUAKER OATMEAL CINNA",3000007060,"QUAKER HOT OAT BRAN",277
1313006057,"INST CRM OF WHT-VARI",3000001380,"QUAKER INST OATML AP",276
1313006057,"INST CRM OF WHT-VARI",3000004170,"QUAKER Q/W HOMINY GR",276
3000001210,"QUAKER INSTANT OATME",3000001340,"QUAKER OATMEAL CINNA",276
1313006057,"INST CRM OF WHT-VARI",1800063070,"PILS FARINA",275
1313006057,"INST CRM OF WHT-VARI",3000001240,"QUAKER INST OATML RS",275
3000001190,"QUAKER INST OATML MP",4240000105,"QUICK MALT O MEAL",275
3000001240,"QUAKER INST OATML RS",3000001340,"QUAKER OATMEAL CINNA",275
3000001340,"QUAKER OATMEAL CINNA",3000004170,"QUAKER Q/W HOMINY GR",275
1313000622,"CREAM OF WHEAT INSTA",1313006057,"INST CRM OF WHT-VARI",274
1313006057,"INST CRM OF WHT-VARI",3000001880,"QUAKER FRUIT & CREAM",274
1313006057,"INST CRM OF WHT-VARI",3000002190,"KRETSCHMER WHEAT GER",274
1800063070,"PILS FARINA",3000001340,"QUAKER OATMEAL CINNA",274
3000001180,"QUICK QUAKER OATS",3000001340,"QUAKER OATMEAL CINNA",274
3000001340,"QUAKER OATMEAL CINNA",3000001380,"QUAKER INST OATML AP",274
1313000622,"CREAM OF WHEAT INSTA",3000001340,"QUAKER OATMEAL CINNA",273
3000001340,"QUAKER OATMEAL CINNA",3000001880,"QUAKER FRUIT & CREAM",273
3000001340,"QUAKER OATMEAL CINNA",3000002190,"KRETSCHMER WHEAT GER",273
3000001340,"QUAKER OATMEAL CINNA",3000001460,"QUAKER OAT VARIETY",272
1313006057,"INST CRM OF WHT-VARI",3000001460,"QUAKER OAT VARIETY",271
1313006057,"INST CRM OF WHT-VARI",3000001190,"QUAKER INST OATML MP",270
3000001190,"QUAKER INST OATML MP",3000001340,"QUAKER OATMEAL CINNA",270
3000001800,"QUAKER INST OATML PE",4240000105,"QUICK MALT O MEAL",268
3000001340,"QUAKER OATMEAL CINNA",3000001800,"QUAKER INST OATML PE",267
1313006057,"INST CRM OF WHT-VARI",3000001800,"QUAKER INST OATML PE",265
3000001040,"QUAKER OLD FASHIONED",3000004760,"QUAKER INSTANT GRITS",265
3000001200,"QUICK QUAKER OATS",3000004760,"QUAKER INSTANT GRITS",265
1313006025,"MIX N EAT CREAM OF W",3000004760,"QUAKER INSTANT GRITS",264
3000001020,"QUAKER OATS REGULAR",3000004760,"QUAKER INSTANT GRITS",264
3000004760,"QUAKER INSTANT GRITS",3000007060,"QUAKER HOT OAT BRAN",264
1313000612,"CREAM OF WHEAT QUICK",3000004760,"QUAKER INSTANT GRITS",263
1313000622,"CREAM OF WHEAT INSTA",3000004760,"QUAKER INSTANT GRITS",263
1800063070,"PILS FARINA",3000004760,"QUAKER INSTANT GRITS",263
3000001180,"QUICK QUAKER OATS",3000004760,"QUAKER INSTANT GRITS",263
3000001210,"QUAKER INSTANT OATME",3000004760,"QUAKER INSTANT GRITS",263
1313000612,"CREAM OF WHEAT QUICK",3000001760,"QUAKER VRTY INST OAT",262
1313000612,"CREAM OF WHEAT QUICK",3000001820,"QUAKER INSTANT STRAW",262
1313000698,"NABISCO CREAM OF RIC",3000001040,"QUAKER OLD FASHIONED",262
1313000698,"NABISCO CREAM OF RIC",3000001200,"QUICK QUAKER OATS",262
3000001040,"QUAKER OLD FASHIONED",3000001760,"QUAKER VRTY INST OAT",262
3000001040,"QUAKER OLD FASHIONED",3000001820,"QUAKER INSTANT STRAW",262
3000001180,"QUICK QUAKER OATS",3000001820,"QUAKER INSTANT STRAW",262
3000001200,"QUICK QUAKER OATS",3000001760,"QUAKER VRTY INST OAT",262
3000001200,"QUICK QUAKER OATS",3000001820,"QUAKER INSTANT STRAW",262
3000001820,"QUAKER INSTANT STRAW",3000007060,"QUAKER HOT OAT BRAN",262
3000004170,"QUAKER Q/W HOMINY GR",3000004760,"QUAKER INSTANT GRITS",262
1313000602,"NABISCO CREAM OF WHT",1313000612,"CREAM OF WHEAT QUICK",261
1313000602,"NABISCO CREAM OF WHT",3000001040,"QUAKER OLD FASHIONED",261
1313000602,"NABISCO CREAM OF WHT",3000001200,"QUICK QUAKER OATS",261
1313000602,"NABISCO CREAM OF WHT",3000001210,"QUAKER INSTANT OATME",261
1313000698,"NABISCO CREAM OF RIC",1313006025,"MIX N EAT CREAM OF W",261
1313000698,"NABISCO CREAM OF RIC",3000001020,"QUAKER OATS REGULAR",261
1313000698,"NABISCO CREAM OF RIC",3000001210,"QUAKER INSTANT OATME",261
1313000698,"NABISCO CREAM OF RIC",3000001240,"QUAKER INST OATML RS",261
1313000698,"NABISCO CREAM OF RIC",3000007060,"QUAKER HOT OAT BRAN",261
1313006025,"MIX N EAT CREAM OF W",3000001760,"QUAKER VRTY INST OAT",261
1313006025,"MIX N EAT CREAM OF W",3000001820,"QUAKER INSTANT STRAW",261
1313006057,"INST CRM OF WHT-VARI",4240000105,"QUICK MALT O MEAL",261
3000001020,"QUAKER OATS REGULAR",3000001760,"QUAKER VRTY INST OAT",261
3000001020,"QUAKER OATS REGULAR",3000001820,"QUAKER INSTANT STRAW",261
3000001380,"QUAKER INST OATML AP",3000004760,"QUAKER INSTANT GRITS",261
3000001760,"QUAKER VRTY INST OAT",3000007060,"QUAKER HOT OAT BRAN",261
1313000602,"NABISCO CREAM OF WHT",1313006025,"MIX N EAT CREAM OF W",260
1313000602,"NABISCO CREAM OF WHT",3000001020,"QUAKER OATS REGULAR",260
1313000602,"NABISCO CREAM OF WHT",3000007060,"QUAKER HOT OAT BRAN",260
1313000612,"CREAM OF WHEAT QUICK",1313000698,"NABISCO CREAM OF RIC",260
1800063070,"PILS FARINA",3000001760,"QUAKER VRTY INST OAT",260
1800063070,"PILS FARINA",3000001820,"QUAKER INSTANT STRAW",260
3000001210,"QUAKER INSTANT OATME",3000001760,"QUAKER VRTY INST OAT",260
3000001210,"QUAKER INSTANT OATME",3000001820,"QUAKER INSTANT STRAW",260
3000001240,"QUAKER INST OATML RS",3000004760,"QUAKER INSTANT GRITS",260
3000001340,"QUAKER OATMEAL CINNA",4240000105,"QUICK MALT O MEAL",260
3000001880,"QUAKER FRUIT & CREAM",3000004760,"QUAKER INSTANT GRITS",260
3000002190,"KRETSCHMER WHEAT GER",3000004760,"QUAKER INSTANT GRITS",260
1313000602,"NABISCO CREAM OF WHT",3000001880,"QUAKER FRUIT & CREAM",259
1313000698,"NABISCO CREAM OF RIC",3000001880,"QUAKER FRUIT & CREAM",259
1313000698,"NABISCO CREAM OF RIC",3000004170,"QUAKER Q/W HOMINY GR",259
3000001240,"QUAKER INST OATML RS",3000001760,"QUAKER VRTY INST OAT",259
3000001380,"QUAKER INST OATML AP",3000001760,"QUAKER VRTY INST OAT",259
3000001760,"QUAKER VRTY INST OAT",3000001880,"QUAKER FRUIT & CREAM",259
3000001760,"QUAKER VRTY INST OAT",3000002190,"KRETSCHMER WHEAT GER",259
3000001760,"QUAKER VRTY INST OAT",3000004170,"QUAKER Q/W HOMINY GR",259
3000001820,"QUAKER INSTANT STRAW",3000004170,"QUAKER Q/W HOMINY GR",259
1313000602,"NABISCO CREAM OF WHT",3000001380,"QUAKER INST OATML AP",258
1313000602,"NABISCO CREAM OF WHT",3000004170,"QUAKER Q/W HOMINY GR",258
1313000622,"CREAM OF WHEAT INSTA",1313000698,"NABISCO CREAM OF RIC",258
1313000698,"NABISCO CREAM OF RIC",1800063070,"PILS FARINA",258
1313000698,"NABISCO CREAM OF RIC",3000001180,"QUICK QUAKER OATS",258
1313000698,"NABISCO CREAM OF RIC",3000001380,"QUAKER INST OATML AP",258
3000001180,"QUICK QUAKER OATS",3000001760,"QUAKER VRTY INST OAT",258
3000001190,"QUAKER INST OATML MP",3000001760,"QUAKER VRTY INST OAT",258
3000001380,"QUAKER INST OATML AP",3000001820,"QUAKER INSTANT STRAW",258
3000001460,"QUAKER OAT VARIETY",3000004760,"QUAKER INSTANT GRITS",258
1313000602,"NABISCO CREAM OF WHT",1800063070,"PILS FARINA",257
1313000602,"NABISCO CREAM OF WHT",3000001180,"QUICK QUAKER OATS",257
1313000602,"NABISCO CREAM OF WHT",3000001240,"QUAKER INST OATML RS",257
1313000602,"NABISCO CREAM OF WHT",3000002190,"KRETSCHMER WHEAT GER",257
1313000622,"CREAM OF WHEAT INSTA",3000001760,"QUAKER VRTY INST OAT",257
1313000622,"CREAM OF WHEAT INSTA",3000001820,"QUAKER INSTANT STRAW",257
1313000698,"NABISCO CREAM OF RIC",3000002190,"KRETSCHMER WHEAT GER",257
3000001240,"QUAKER INST OATML RS",3000001820,"QUAKER INSTANT STRAW",257
3000001460,"QUAKER OAT VARIETY",3000001820,"QUAKER INSTANT STRAW",257
3000001820,"QUAKER INSTANT STRAW",3000001880,"QUAKER FRUIT & CREAM",257
3000001820,"QUAKER INSTANT STRAW",3000002190,"KRETSCHMER WHEAT GER",257
3000001190,"QUAKER INST OATML MP",3000004760,"QUAKER INSTANT GRITS",256
3000001460,"QUAKER OAT VARIETY",3000001760,"QUAKER VRTY INST OAT",256
1313000602,"NABISCO CREAM OF WHT",1313000622,"CREAM OF WHEAT INSTA",255
1313000602,"NABISCO CREAM OF WHT",3000001460,"QUAKER OAT VARIETY",255
1313000698,"NABISCO CREAM OF RIC",3000001460,"QUAKER OAT VARIETY",255
1313000698,"NABISCO CREAM OF RIC",3000001190,"QUAKER INST OATML MP",254
3000001800,"QUAKER INST OATML PE",3000004760,"QUAKER INSTANT GRITS",254
1313000602,"NABISCO CREAM OF WHT",3000001190,"QUAKER INST OATML MP",253
1313006057,"INST CRM OF WHT-VARI",3000001340,"QUAKER OATMEAL CINNA",253
3000001190,"QUAKER INST OATML MP",3000001820,"QUAKER INSTANT STRAW",253
1313000602,"NABISCO CREAM OF WHT",3000001800,"QUAKER INST OATML PE",252
1313000698,"NABISCO CREAM OF RIC",3000001800,"QUAKER INST OATML PE",252
3000001800,"QUAKER INST OATML PE",3000001820,"QUAKER INSTANT STRAW",251
3000001760,"QUAKER VRTY INST OAT",3000001800,"QUAKER INST OATML PE",250
1313000602,"NABISCO CREAM OF WHT",4240000105,"QUICK MALT O MEAL",248
1313006057,"INST CRM OF WHT-VARI",3000001820,"QUAKER INSTANT STRAW",248
1313000698,"NABISCO CREAM OF RIC",4240000105,"QUICK MALT O MEAL",247
1313006057,"INST CRM OF WHT-VARI",3000004760,"QUAKER INSTANT GRITS",247
3000001820,"QUAKER INSTANT STRAW",4240000105,"QUICK MALT O MEAL",247
3000001340,"QUAKER OATMEAL CINNA",3000001820,"QUAKER INSTANT STRAW",246
3000004760,"QUAKER INSTANT GRITS",4240000105,"QUICK MALT O MEAL",246
3000001760,"QUAKER VRTY INST OAT",4240000105,"QUICK MALT O MEAL",245
3000001340,"QUAKER OATMEAL CINNA",3000001760,"QUAKER VRTY INST OAT",244
1313000602,"NABISCO CREAM OF WHT",3000001340,"QUAKER OATMEAL CINNA",243
1313000602,"NABISCO CREAM OF WHT",1313006057,"INST CRM OF WHT-VARI",242
1313000698,"NABISCO CREAM OF RIC",1313006057,"INST CRM OF WHT-VARI",242
1313000698,"NABISCO CREAM OF RIC",3000001340,"QUAKER OATMEAL CINNA",242
1313006057,"INST CRM OF WHT-VARI",3000001760,"QUAKER VRTY INST OAT",241
3000001340,"QUAKER OATMEAL CINNA",3000004760,"QUAKER INSTANT GRITS",241
3000001820,"QUAKER INSTANT STRAW",3000004760,"QUAKER INSTANT GRITS",241
3000001020,"QUAKER OATS REGULAR",3000002350,"KRETCHMER HONEY WHT",238
3000001040,"QUAKER OLD FASHIONED",3000002350,"KRETCHMER HONEY WHT",238
3000001200,"QUICK QUAKER OATS",3000002350,"KRETCHMER HONEY WHT",238
3000001210,"QUAKER INSTANT OATME",3000002350,"KRETCHMER HONEY WHT",238
1313006025,"MIX N EAT CREAM OF W",3000002350,"KRETCHMER HONEY WHT",237
1800063070,"PILS FARINA",3000002350,"KRETCHMER HONEY WHT",237
3000002350,"KRETCHMER HONEY WHT",3000007060,"QUAKER HOT OAT BRAN",237
1313000612,"CREAM OF WHEAT QUICK",3000002350,"KRETCHMER HONEY WHT",236
3000001180,"QUICK QUAKER OATS",3000002350,"KRETCHMER HONEY WHT",236
1313000622,"CREAM OF WHEAT INSTA",3000002350,"KRETCHMER HONEY WHT",235
3000001380,"QUAKER INST OATML AP",3000002350,"KRETCHMER HONEY WHT",235
3000002350,"KRETCHMER HONEY WHT",3000004170,"QUAKER Q/W HOMINY GR",235
3000001240,"QUAKER INST OATML RS",3000002350,"KRETCHMER HONEY WHT",234
3000001880,"QUAKER FRUIT & CREAM",3000002350,"KRETCHMER HONEY WHT",234
3000001460,"QUAKER OAT VARIETY",3000002350,"KRETCHMER HONEY WHT",233
3000002190,"KRETSCHMER WHEAT GER",3000002350,"KRETCHMER HONEY WHT",233
1313000602,"NABISCO CREAM OF WHT",3000001760,"QUAKER VRTY INST OAT",232
1313006025,"MIX N EAT CREAM OF W",1313006035,"~MIX N EAT BROWN SUG",232
1313006035,"~MIX N EAT BROWN SUG",3000001040,"QUAKER OLD FASHIONED",232
1313006035,"~MIX N EAT BROWN SUG",3000001200,"QUICK QUAKER OATS",232
3000001190,"QUAKER INST OATML MP",3000002350,"KRETCHMER HONEY WHT",232
1313000602,"NABISCO CREAM OF WHT",1313000698,"NABISCO CREAM OF RIC",231
1313000602,"NABISCO CREAM OF WHT",3000004760,"QUAKER INSTANT GRITS",231
1313006035,"~MIX N EAT BROWN SUG",3000001020,"QUAKER OATS REGULAR",231
1313006035,"~MIX N EAT BROWN SUG",3000007060,"QUAKER HOT OAT BRAN",231
1313000602,"NABISCO CREAM OF WHT",3000001820,"QUAKER INSTANT STRAW",230
1313000612,"CREAM OF WHEAT QUICK",1313006035,"~MIX N EAT BROWN SUG",230
1313006035,"~MIX N EAT BROWN SUG",1800063070,"PILS FARINA",230
1313006035,"~MIX N EAT BROWN SUG",3000001180,"QUICK QUAKER OATS",230
1313006035,"~MIX N EAT BROWN SUG",3000001210,"QUAKER INSTANT OATME",230
1313006035,"~MIX N EAT BROWN SUG",3000004170,"QUAKER Q/W HOMINY GR",229
1313000698,"NABISCO CREAM OF RIC",3000004760,"QUAKER INSTANT GRITS",228
1313006035,"~MIX N EAT BROWN SUG",3000001240,"QUAKER INST OATML RS",228
1313006035,"~MIX N EAT BROWN SUG",3000001380,"QUAKER INST OATML AP",228
1313006035,"~MIX N EAT BROWN SUG",3000001880,"QUAKER FRUIT & CREAM",228
3000001800,"QUAKER INST OATML PE",3000002350,"KRETCHMER HONEY WHT",228
1313000698,"NABISCO CREAM OF RIC",3000001760,"QUAKER VRTY INST OAT",227
1313006035,"~MIX N EAT BROWN SUG",3000002190,"KRETSCHMER WHEAT GER",227
3000002350,"KRETCHMER HONEY WHT",4240000105,"QUICK MALT O MEAL",227
1313000622,"CREAM OF WHEAT INSTA",1313006035,"~MIX N EAT BROWN SUG",226
1313000698,"NABISCO CREAM OF RIC",3000001820,"QUAKER INSTANT STRAW",226
3000001760,"QUAKER VRTY INST OAT",3000001820,"QUAKER INSTANT STRAW",226
1313006035,"~MIX N EAT BROWN SUG",3000001460,"QUAKER OAT VARIETY",225
1313006035,"~MIX N EAT BROWN SUG",3000001190,"QUAKER INST OATML MP",223
3000001760,"QUAKER VRTY INST OAT",3000004760,"QUAKER INSTANT GRITS",223
1313006035,"~MIX N EAT BROWN SUG",3000001800,"QUAKER INST OATML PE",222
1313006057,"INST CRM OF WHT-VARI",3000002350,"KRETCHMER HONEY WHT",220
1313000612,"CREAM OF WHEAT QUICK",3000001570,"~QUAKER MAPLE OATMEA",218
1313006025,"MIX N EAT CREAM OF W",3000001570,"~QUAKER MAPLE OATMEA",218
3000001040,"QUAKER OLD FASHIONED",3000001570,"~QUAKER MAPLE OATMEA",218
3000001180,"QUICK QUAKER OATS",3000001570,"~QUAKER MAPLE OATMEA",218
3000001200,"QUICK QUAKER OATS",3000001570,"~QUAKER MAPLE OATMEA",218
3000001570,"~QUAKER MAPLE OATMEA",3000002190,"KRETSCHMER WHEAT GER",218
3000001570,"~QUAKER MAPLE OATMEA",3000007060,"QUAKER HOT OAT BRAN",218
1313000622,"CREAM OF WHEAT INSTA",3000001570,"~QUAKER MAPLE OATMEA",217
1800063070,"PILS FARINA",3000001570,"~QUAKER MAPLE OATMEA",217
3000001020,"QUAKER OATS REGULAR",3000001570,"~QUAKER MAPLE OATMEA",217
3000001340,"QUAKER OATMEAL CINNA",3000002350,"KRETCHMER HONEY WHT",217
3000001210,"QUAKER INSTANT OATME",3000001570,"~QUAKER MAPLE OATMEA",216
3000001570,"~QUAKER MAPLE OATMEA",3000004170,"QUAKER Q/W HOMINY GR",216
3000001380,"QUAKER INST OATML AP",3000001570,"~QUAKER MAPLE OATMEA",215
3000001570,"~QUAKER MAPLE OATMEA",3000001800,"QUAKER INST OATML PE",215
3000001460,"QUAKER OAT VARIETY",3000001570,"~QUAKER MAPLE OATMEA",214
3000001570,"~QUAKER MAPLE OATMEA",3000001880,"QUAKER FRUIT & CREAM",214
3000001570,"~QUAKER MAPLE OATMEA",3000004760,"QUAKER INSTANT GRITS",214
1313006035,"~MIX N EAT BROWN SUG",4240000105,"QUICK MALT O MEAL",213
3000001240,"QUAKER INST OATML RS",3000001570,"~QUAKER MAPLE OATMEA",213
3000001190,"QUAKER INST OATML MP",3000001570,"~QUAKER MAPLE OATMEA",212
1313006035,"~MIX N EAT BROWN SUG",1313006057,"INST CRM OF WHT-VARI",210
1313006035,"~MIX N EAT BROWN SUG",3000001340,"QUAKER OATMEAL CINNA",210
1313000602,"NABISCO CREAM OF WHT",3000002350,"KRETCHMER HONEY WHT",209
1313000698,"NABISCO CREAM OF RIC",3000002350,"KRETCHMER HONEY WHT",209
3000001760,"QUAKER VRTY INST OAT",3000002350,"KRETCHMER HONEY WHT",209
3000002350,"KRETCHMER HONEY WHT",3000004760,"QUAKER INSTANT GRITS",208
1313006057,"INST CRM OF WHT-VARI",3000001570,"~QUAKER MAPLE OATMEA",207
3000001570,"~QUAKER MAPLE OATMEA",3000001820,"QUAKER INSTANT STRAW",204
3000001570,"~QUAKER MAPLE OATMEA",4240000105,"QUICK MALT O MEAL",203
3000001820,"QUAKER INSTANT STRAW",3000002350,"KRETCHMER HONEY WHT",203
3000001340,"QUAKER OATMEAL CINNA",3000001570,"~QUAKER MAPLE OATMEA",202
1313006035,"~MIX N EAT BROWN SUG",3000004760,"QUAKER INSTANT GRITS",198
1313000602,"NABISCO CREAM OF WHT",3000001570,"~QUAKER MAPLE OATMEA",197
1313006035,"~MIX N EAT BROWN SUG",3000001820,"QUAKER INSTANT STRAW",194
1313000602,"NABISCO CREAM OF WHT",1313006035,"~MIX N EAT BROWN SUG",192
1313000698,"NABISCO CREAM OF RIC",1313006035,"~MIX N EAT BROWN SUG",192
1313006035,"~MIX N EAT BROWN SUG",3000001760,"QUAKER VRTY INST OAT",192
3000001570,"~QUAKER MAPLE OATMEA",3000001760,"QUAKER VRTY INST OAT",192
1313000698,"NABISCO CREAM OF RIC",3000001570,"~QUAKER MAPLE OATMEA",189
1313006025,"MIX N EAT CREAM OF W",3828125073,"DOM QUICK OATS",182
1313006025,"MIX N EAT CREAM OF W",3828125077,"DOM QUICK OATS",182
3000001040,"QUAKER OLD FASHIONED",3828125073,"DOM QUICK OATS",182
3000001040,"QUAKER OLD FASHIONED",3828125077,"DOM QUICK OATS",182
3000001200,"QUICK QUAKER OATS",3828125073,"DOM QUICK OATS",182
3000001200,"QUICK QUAKER OATS",3828125077,"DOM QUICK OATS",182
3000001020,"QUAKER OATS REGULAR",3828125073,"DOM QUICK OATS",181
3000001020,"QUAKER OATS REGULAR",3828125077,"DOM QUICK OATS",181
3000007060,"QUAKER HOT OAT BRAN",3828125073,"DOM QUICK OATS",181
3000007060,"QUAKER HOT OAT BRAN",3828125077,"DOM QUICK OATS",181
3828125073,"DOM QUICK OATS",3828125077,"DOM QUICK OATS",181
1313000612,"CREAM OF WHEAT QUICK",3828125073,"DOM QUICK OATS",180
1313000612,"CREAM OF WHEAT QUICK",3828125077,"DOM QUICK OATS",180
3000001210,"QUAKER INSTANT OATME",3828125073,"DOM QUICK OATS",180
3000001210,"QUAKER INSTANT OATME",3828125077,"DOM QUICK OATS",180
3000001380,"QUAKER INST OATML AP",3828125073,"DOM QUICK OATS",180
3000001380,"QUAKER INST OATML AP",3828125077,"DOM QUICK OATS",180
3000001570,"~QUAKER MAPLE OATMEA",3000002350,"KRETCHMER HONEY WHT",180
1800063070,"PILS FARINA",3828125073,"DOM QUICK OATS",179
1800063070,"PILS FARINA",3828125077,"DOM QUICK OATS",179
3000001240,"QUAKER INST OATML RS",3828125073,"DOM QUICK OATS",179
3000001240,"QUAKER INST OATML RS",3828125077,"DOM QUICK OATS",179
3000001880,"QUAKER FRUIT & CREAM",3828125073,"DOM QUICK OATS",179
3000001880,"QUAKER FRUIT & CREAM",3828125077,"DOM QUICK OATS",179
3000004170,"QUAKER Q/W HOMINY GR",3828125073,"DOM QUICK OATS",179
3000004170,"QUAKER Q/W HOMINY GR",3828125077,"DOM QUICK OATS",179
3000001180,"QUICK QUAKER OATS",3828125073,"DOM QUICK OATS",178
3000001180,"QUICK QUAKER OATS",3828125077,"DOM QUICK OATS",178
3000002190,"KRETSCHMER WHEAT GER",3828125073,"DOM QUICK OATS",177
3000002190,"KRETSCHMER WHEAT GER",3828125077,"DOM QUICK OATS",177
1313000622,"CREAM OF WHEAT INSTA",3828125073,"DOM QUICK OATS",176
1313000622,"CREAM OF WHEAT INSTA",3828125077,"DOM QUICK OATS",176
1313006035,"~MIX N EAT BROWN SUG",3828125073,"DOM QUICK OATS",175
1313006035,"~MIX N EAT BROWN SUG",3828125077,"DOM QUICK OATS",175
3000001460,"QUAKER OAT VARIETY",3828125073,"DOM QUICK OATS",175
3000001460,"QUAKER OAT VARIETY",3828125077,"DOM QUICK OATS",175
3000001190,"QUAKER INST OATML MP",3828125073,"DOM QUICK OATS",173
3000001190,"QUAKER INST OATML MP",3828125077,"DOM QUICK OATS",173
1313000612,"CREAM OF WHEAT QUICK",3828125098,"DOM INSTANT OATMEAL",171
1313006025,"MIX N EAT CREAM OF W",3828125081,"DOM INSTANT OATMEAL",171
1313006025,"MIX N EAT CREAM OF W",3828125098,"DOM INSTANT OATMEAL",171
1313006035,"~MIX N EAT BROWN SUG",3000002350,"KRETCHMER HONEY WHT",171
3000001040,"QUAKER OLD FASHIONED",3828125081,"DOM INSTANT OATMEAL",171
3000001040,"QUAKER OLD FASHIONED",3828125098,"DOM INSTANT OATMEAL",171
3000001200,"QUICK QUAKER OATS",3828125081,"DOM INSTANT OATMEAL",171
3000001200,"QUICK QUAKER OATS",3828125098,"DOM INSTANT OATMEAL",171
3828125073,"DOM QUICK OATS",3828125098,"DOM INSTANT OATMEAL",171
1313006025,"MIX N EAT CREAM OF W",3828125085,"DOM INSTANT OATMEAL",170
3000001020,"QUAKER OATS REGULAR",3828125081,"DOM INSTANT OATMEAL",170
3000001020,"QUAKER OATS REGULAR",3828125098,"DOM INSTANT OATMEAL",170
3000001040,"QUAKER OLD FASHIONED",3828125085,"DOM INSTANT OATMEAL",170
3000001200,"QUICK QUAKER OATS",3828125085,"DOM INSTANT OATMEAL",170
3000007060,"QUAKER HOT OAT BRAN",3828125081,"DOM INSTANT OATMEAL",170
3000007060,"QUAKER HOT OAT BRAN",3828125098,"DOM INSTANT OATMEAL",170
3828125073,"DOM QUICK OATS",3828125081,"DOM INSTANT OATMEAL",170
3828125077,"DOM QUICK OATS",3828125081,"DOM INSTANT OATMEAL",170
3828125077,"DOM QUICK OATS",3828125085,"DOM INSTANT OATMEAL",170
3828125077,"DOM QUICK OATS",3828125098,"DOM INSTANT OATMEAL",170
1313000612,"CREAM OF WHEAT QUICK",3828125081,"DOM INSTANT OATMEAL",169
3000001020,"QUAKER OATS REGULAR",3828125085,"DOM INSTANT OATMEAL",169
3000001210,"QUAKER INSTANT OATME",3828125081,"DOM INSTANT OATMEAL",169
3000001210,"QUAKER INSTANT OATME",3828125098,"DOM INSTANT OATMEAL",169
3000001380,"QUAKER INST OATML AP",3828125081,"DOM INSTANT OATMEAL",169
3000001380,"QUAKER INST OATML AP",3828125098,"DOM INSTANT OATMEAL",169
3000001460,"QUAKER OAT VARIETY",3828125098,"DOM INSTANT OATMEAL",169
3000001800,"QUAKER INST OATML PE",3828125073,"DOM QUICK OATS",169
3000001800,"QUAKER INST OATML PE",3828125077,"DOM QUICK OATS",169
3000004170,"QUAKER Q/W HOMINY GR",3828125085,"DOM INSTANT OATMEAL",169
3000007060,"QUAKER HOT OAT BRAN",3828125085,"DOM INSTANT OATMEAL",169
3828125073,"DOM QUICK OATS",3828125085,"DOM INSTANT OATMEAL",169
1313000612,"CREAM OF WHEAT QUICK",3828125085,"DOM INSTANT OATMEAL",168
1800063070,"PILS FARINA",3828125081,"DOM INSTANT OATMEAL",168
1800063070,"PILS FARINA",3828125085,"DOM INSTANT OATMEAL",168
1800063070,"PILS FARINA",3828125098,"DOM INSTANT OATMEAL",168
3000001210,"QUAKER INSTANT OATME",3828125085,"DOM INSTANT OATMEAL",168
3000001240,"QUAKER INST OATML RS",3828125081,"DOM INSTANT OATMEAL",168
3000001240,"QUAKER INST OATML RS",3828125098,"DOM INSTANT OATMEAL",168
3000001380,"QUAKER INST OATML AP",3828125085,"DOM INSTANT OATMEAL",168
3000001880,"QUAKER FRUIT & CREAM",3828125081,"DOM INSTANT OATMEAL",168
3000001880,"QUAKER FRUIT & CREAM",3828125098,"DOM INSTANT OATMEAL",168
3000004170,"QUAKER Q/W HOMINY GR",3828125081,"DOM INSTANT OATMEAL",168
3000004170,"QUAKER Q/W HOMINY GR",3828125098,"DOM INSTANT OATMEAL",168
3000001180,"QUICK QUAKER OATS",3828125081,"DOM INSTANT OATMEAL",167
3000001180,"QUICK QUAKER OATS",3828125098,"DOM INSTANT OATMEAL",167
3000001240,"QUAKER INST OATML RS",3828125085,"DOM INSTANT OATMEAL",167
3000001880,"QUAKER FRUIT & CREAM",3828125085,"DOM INSTANT OATMEAL",167
3000001180,"QUICK QUAKER OATS",3828125085,"DOM INSTANT OATMEAL",166
3000001340,"QUAKER OATMEAL CINNA",3828125073,"DOM QUICK OATS",166
3000001340,"QUAKER OATMEAL CINNA",3828125077,"DOM QUICK OATS",166
3000001460,"QUAKER OAT VARIETY",3828125081,"DOM INSTANT OATMEAL",166
3000002190,"KRETSCHMER WHEAT GER",3828125081,"DOM INSTANT OATMEAL",166
3000002190,"KRETSCHMER WHEAT GER",3828125085,"DOM INSTANT OATMEAL",166
3000002190,"KRETSCHMER WHEAT GER",3828125098,"DOM INSTANT OATMEAL",166
3828125073,"DOM QUICK OATS",4240000105,"QUICK MALT O MEAL",166
3828125077,"DOM QUICK OATS",4240000105,"QUICK MALT O MEAL",166
3828125081,"DOM INSTANT OATMEAL",3828125098,"DOM INSTANT OATMEAL",166
1313000622,"CREAM OF WHEAT INSTA",3828125081,"DOM INSTANT OATMEAL",165
1313000622,"CREAM OF WHEAT INSTA",3828125085,"DOM INSTANT OATMEAL",165
1313000622,"CREAM OF WHEAT INSTA",3828125098,"DOM INSTANT OATMEAL",165
3000001460,"QUAKER OAT VARIETY",3828125085,"DOM INSTANT OATMEAL",165
1313006035,"~MIX N EAT BROWN SUG",3828125081,"DOM INSTANT OATMEAL",164
1313006035,"~MIX N EAT BROWN SUG",3828125098,"DOM INSTANT OATMEAL",164
3828125081,"DOM INSTANT OATMEAL",3828125085,"DOM INSTANT OATMEAL",164
3828125085,"DOM INSTANT OATMEAL",3828125098,"DOM INSTANT OATMEAL",164
1313006035,"~MIX N EAT BROWN SUG",3828125085,"DOM INSTANT OATMEAL",163
3000001190,"QUAKER INST OATML MP",3828125081,"DOM INSTANT OATMEAL",162
3000001190,"QUAKER INST OATML MP",3828125098,"DOM INSTANT OATMEAL",162
3000001190,"QUAKER INST OATML MP",3828125085,"DOM INSTANT OATMEAL",161
1313006057,"INST CRM OF WHT-VARI",3828125073,"DOM QUICK OATS",160
1313006057,"INST CRM OF WHT-VARI",3828125077,"DOM QUICK OATS",160
1313000612,"CREAM OF WHEAT QUICK",3000002620,"$QUAKER KIDS CHOICE",159
1313006025,"MIX N EAT CREAM OF W",3000002620,"$QUAKER KIDS CHOICE",159
3000001040,"QUAKER OLD FASHIONED",3000002620,"$QUAKER KIDS CHOICE",159
3000001200,"QUICK QUAKER OATS",3000002620,"$QUAKER KIDS CHOICE",159
3000002620,"$QUAKER KIDS CHOICE",3000007060,"QUAKER HOT OAT BRAN",159
3000001020,"QUAKER OATS REGULAR",3000002620,"$QUAKER KIDS CHOICE",158
3000001380,"QUAKER INST OATML AP",3000002620,"$QUAKER KIDS CHOICE",158
3000001800,"QUAKER INST OATML PE",3828125081,"DOM INSTANT OATMEAL",158
3000001800,"QUAKER INST OATML PE",3828125085,"DOM INSTANT OATMEAL",158
3000001800,"QUAKER INST OATML PE",3828125098,"DOM INSTANT OATMEAL",158
3000001880,"QUAKER FRUIT & CREAM",3000002620,"$QUAKER KIDS CHOICE",158
1800063070,"PILS FARINA",3000002620,"$QUAKER KIDS CHOICE",157
3000001210,"QUAKER INSTANT OATME",3000002620,"$QUAKER KIDS CHOICE",157
3000001340,"QUAKER OATMEAL CINNA",3828125098,"DOM INSTANT OATMEAL",157
3000002190,"KRETSCHMER WHEAT GER",3000002620,"$QUAKER KIDS CHOICE",157
3000001180,"QUICK QUAKER OATS",3000002620,"$QUAKER KIDS CHOICE",156
3000001240,"QUAKER INST OATML RS",3000002620,"$QUAKER KIDS CHOICE",156
3000002620,"$QUAKER KIDS CHOICE",3000004170,"QUAKER Q/W HOMINY GR",156
3828125081,"DOM INSTANT OATMEAL",4240000105,"QUICK MALT O MEAL",156
3828125098,"DOM INSTANT OATMEAL",4240000105,"QUICK MALT O MEAL",156
3000001340,"QUAKER OATMEAL CINNA",3828125081,"DOM INSTANT OATMEAL",155
3000001460,"QUAKER OAT VARIETY",3000002620,"$QUAKER KIDS CHOICE",155
3828125085,"DOM INSTANT OATMEAL",4240000105,"QUICK MALT O MEAL",155
3000001190,"QUAKER INST OATML MP",3000002620,"$QUAKER KIDS CHOICE",154
3000001340,"QUAKER OATMEAL CINNA",3828125085,"DOM INSTANT OATMEAL",154
1313000622,"CREAM OF WHEAT INSTA",3000002620,"$QUAKER KIDS CHOICE",153
1313006035,"~MIX N EAT BROWN SUG",3000001570,"~QUAKER MAPLE OATMEA",151
1313006057,"INST CRM OF WHT-VARI",3828125081,"DOM INSTANT OATMEAL",151
1313006057,"INST CRM OF WHT-VARI",3828125098,"DOM INSTANT OATMEAL",150
3000001340,"QUAKER OATMEAL CINNA",3000002620,"$QUAKER KIDS CHOICE",150
3000001800,"QUAKER INST OATML PE",3000002620,"$QUAKER KIDS CHOICE",150
3000001820,"QUAKER INSTANT STRAW",3828125073,"DOM QUICK OATS",150
3000001820,"QUAKER INSTANT STRAW",3828125077,"DOM QUICK OATS",150
1313006057,"INST CRM OF WHT-VARI",3828125085,"DOM INSTANT OATMEAL",149
3000002620,"$QUAKER KIDS CHOICE",3828125073,"DOM QUICK OATS",147
3000004760,"QUAKER INSTANT GRITS",3828125073,"DOM QUICK OATS",147
3000004760,"QUAKER INSTANT GRITS",3828125077,"DOM QUICK OATS",147
3000002620,"$QUAKER KIDS CHOICE",3828125077,"DOM QUICK OATS",146
3000002620,"$QUAKER KIDS CHOICE",4240000105,"QUICK MALT O MEAL",146
1313000602,"NABISCO CREAM OF WHT",3828125077,"DOM QUICK OATS",145
1313000602,"NABISCO CREAM OF WHT",3828125073,"DOM QUICK OATS",144
1313000698,"NABISCO CREAM OF RIC",3828125073,"DOM QUICK OATS",143
1313000698,"NABISCO CREAM OF RIC",3828125077,"DOM QUICK OATS",143
3000001760,"QUAKER VRTY INST OAT",3828125073,"DOM QUICK OATS",143
3000001760,"QUAKER VRTY INST OAT",3828125077,"DOM QUICK OATS",143
1313006035,"~MIX N EAT BROWN SUG",3000002620,"$QUAKER KIDS CHOICE",141
3000001820,"QUAKER INSTANT STRAW",3828125098,"DOM INSTANT OATMEAL",141
1313006057,"INST CRM OF WHT-VARI",3000002620,"$QUAKER KIDS CHOICE",140
3000001820,"QUAKER INSTANT STRAW",3828125081,"DOM INSTANT OATMEAL",139
3000001820,"QUAKER INSTANT STRAW",3828125085,"DOM INSTANT OATMEAL",139
3000004760,"QUAKER INSTANT GRITS",3828125081,"DOM INSTANT OATMEAL",139
3000002620,"$QUAKER KIDS CHOICE",3828125098,"DOM INSTANT OATMEAL",138
3000004760,"QUAKER INSTANT GRITS",3828125098,"DOM INSTANT OATMEAL",137
3000001820,"QUAKER INSTANT STRAW",3000002620,"$QUAKER KIDS CHOICE",136
3000004760,"QUAKER INSTANT GRITS",3828125085,"DOM INSTANT OATMEAL",136
1313000602,"NABISCO CREAM OF WHT",3828125098,"DOM INSTANT OATMEAL",135
3000002620,"$QUAKER KIDS CHOICE",3828125081,"DOM INSTANT OATMEAL",135
3000002620,"$QUAKER KIDS CHOICE",3828125085,"DOM INSTANT OATMEAL",135
1313000698,"NABISCO CREAM OF RIC",3828125081,"DOM INSTANT OATMEAL",134
3000001760,"QUAKER VRTY INST OAT",3828125098,"DOM INSTANT OATMEAL",134
1313000602,"NABISCO CREAM OF WHT",3828125081,"DOM INSTANT OATMEAL",133
1313000602,"NABISCO CREAM OF WHT",3828125085,"DOM INSTANT OATMEAL",133
1313000698,"NABISCO CREAM OF RIC",3828125085,"DOM INSTANT OATMEAL",133
3000001760,"QUAKER VRTY INST OAT",3828125081,"DOM INSTANT OATMEAL",133
3000001760,"QUAKER VRTY INST OAT",3828125085,"DOM INSTANT OATMEAL",133
1313000602,"NABISCO CREAM OF WHT",3000002620,"$QUAKER KIDS CHOICE",132
1313000698,"NABISCO CREAM OF RIC",3828125098,"DOM INSTANT OATMEAL",132
3000001760,"QUAKER VRTY INST OAT",3000002620,"$QUAKER KIDS CHOICE",131
1313000612,"CREAM OF WHEAT QUICK",1313006053,"~MIX N EAT BROWN SUG",130
1313006053,"~MIX N EAT BROWN SUG",3000001020,"QUAKER OATS REGULAR",130
1313006053,"~MIX N EAT BROWN SUG",3000001040,"QUAKER OLD FASHIONED",130
1313006053,"~MIX N EAT BROWN SUG",3000001190,"QUAKER INST OATML MP",130
1313006053,"~MIX N EAT BROWN SUG",3000001200,"QUICK QUAKER OATS",130
1313006053,"~MIX N EAT BROWN SUG",3000001240,"QUAKER INST OATML RS",130
1313006053,"~MIX N EAT BROWN SUG",3000001380,"QUAKER INST OATML AP",130
1313006025,"MIX N EAT CREAM OF W",1313006053,"~MIX N EAT BROWN SUG",129
1313006053,"~MIX N EAT BROWN SUG",3000004170,"QUAKER Q/W HOMINY GR",129
1313006053,"~MIX N EAT BROWN SUG",3000007060,"QUAKER HOT OAT BRAN",129
1313006053,"~MIX N EAT BROWN SUG",1800063070,"PILS FARINA",128
1313006053,"~MIX N EAT BROWN SUG",3000001210,"QUAKER INSTANT OATME",128
1313006053,"~MIX N EAT BROWN SUG",3000001460,"QUAKER OAT VARIETY",128
1313006053,"~MIX N EAT BROWN SUG",3000001880,"QUAKER FRUIT & CREAM",128
1313006053,"~MIX N EAT BROWN SUG",3000002190,"KRETSCHMER WHEAT GER",127
3000002620,"$QUAKER KIDS CHOICE",3000004760,"QUAKER INSTANT GRITS",127
1313000622,"CREAM OF WHEAT INSTA",1313006053,"~MIX N EAT BROWN SUG",126
1313006053,"~MIX N EAT BROWN SUG",3000001180,"QUICK QUAKER OATS",126
1313006053,"~MIX N EAT BROWN SUG",3000001340,"QUAKER OATMEAL CINNA",125
1313006053,"~MIX N EAT BROWN SUG",3000001760,"QUAKER VRTY INST OAT",125
1313000698,"NABISCO CREAM OF RIC",3000002620,"$QUAKER KIDS CHOICE",124
1313006053,"~MIX N EAT BROWN SUG",3000001800,"QUAKER INST OATML PE",124
1313006053,"~MIX N EAT BROWN SUG",4240000105,"QUICK MALT O MEAL",122
3000002350,"KRETCHMER HONEY WHT",3828125073,"DOM QUICK OATS",121
3000002350,"KRETCHMER HONEY WHT",3828125077,"DOM QUICK OATS",121
1313000698,"NABISCO CREAM OF RIC",1313006053,"~MIX N EAT BROWN SUG",118
3000002350,"KRETCHMER HONEY WHT",3828125098,"DOM INSTANT OATMEAL",118
3000002350,"KRETCHMER HONEY WHT",3828125081,"DOM INSTANT OATMEAL",117
3000002350,"KRETCHMER HONEY WHT",3828125085,"DOM INSTANT OATMEAL",117
1313000612,"CREAM OF WHEAT QUICK",3000001580,"QUAKER APPLE CINAMON",115
1313000622,"CREAM OF WHEAT INSTA",3000001580,"QUAKER APPLE CINAMON",115
1313006053,"~MIX N EAT BROWN SUG",1313006057,"INST CRM OF WHT-VARI",115
1800063070,"PILS FARINA",3000001580,"QUAKER APPLE CINAMON",115
3000001020,"QUAKER OATS REGULAR",3000001580,"QUAKER APPLE CINAMON",115
3000001040,"QUAKER OLD FASHIONED",3000001580,"QUAKER APPLE CINAMON",115
3000001180,"QUICK QUAKER OATS",3000001580,"QUAKER APPLE CINAMON",115
3000001190,"QUAKER INST OATML MP",3000001580,"QUAKER APPLE CINAMON",115
3000001200,"QUICK QUAKER OATS",3000001580,"QUAKER APPLE CINAMON",115
3000001210,"QUAKER INSTANT OATME",3000001580,"QUAKER APPLE CINAMON",115
3000001580,"QUAKER APPLE CINAMON",3000002190,"KRETSCHMER WHEAT GER",115
3000001580,"QUAKER APPLE CINAMON",3000004170,"QUAKER Q/W HOMINY GR",115
3000001580,"QUAKER APPLE CINAMON",3000007060,"QUAKER HOT OAT BRAN",115
1313006025,"MIX N EAT CREAM OF W",3000001580,"QUAKER APPLE CINAMON",114
3000001240,"QUAKER INST OATML RS",3000001580,"QUAKER APPLE CINAMON",114
3000001460,"QUAKER OAT VARIETY",3000001580,"QUAKER APPLE CINAMON",114
3000001580,"QUAKER APPLE CINAMON",3000001880,"QUAKER FRUIT & CREAM",114
3000001580,"QUAKER APPLE CINAMON",4240000105,"QUICK MALT O MEAL",114
1313000602,"NABISCO CREAM OF WHT",3000001580,"QUAKER APPLE CINAMON",113
1313006057,"INST CRM OF WHT-VARI",3000001580,"QUAKER APPLE CINAMON",113
3000001380,"QUAKER INST OATML AP",3000001580,"QUAKER APPLE CINAMON",113
1313000698,"NABISCO CREAM OF RIC",3000001580,"QUAKER APPLE CINAMON",112
3000001580,"QUAKER APPLE CINAMON",3000001800,"QUAKER INST OATML PE",112
3000001580,"QUAKER APPLE CINAMON",3000002350,"KRETCHMER HONEY WHT",112
3000001580,"QUAKER APPLE CINAMON",3000004760,"QUAKER INSTANT GRITS",112
3000001340,"QUAKER OATMEAL CINNA",3000001580,"QUAKER APPLE CINAMON",111
3000001580,"QUAKER APPLE CINAMON",3000001760,"QUAKER VRTY INST OAT",111
1313000602,"NABISCO CREAM OF WHT",1313006053,"~MIX N EAT BROWN SUG",110
3000001570,"~QUAKER MAPLE OATMEA",3000001580,"QUAKER APPLE CINAMON",110
3000001580,"QUAKER APPLE CINAMON",3000001820,"QUAKER INSTANT STRAW",110
1313006053,"~MIX N EAT BROWN SUG",3000002350,"KRETCHMER HONEY WHT",108
1313006053,"~MIX N EAT BROWN SUG",3000001820,"QUAKER INSTANT STRAW",106
3000002350,"KRETCHMER HONEY WHT",3000002620,"$QUAKER KIDS CHOICE",104
1313000612,"CREAM OF WHEAT QUICK",3000003790,"QUAKER INSTANT GRITS",102
1313000622,"CREAM OF WHEAT INSTA",3000003790,"QUAKER INSTANT GRITS",102
3000001020,"QUAKER OATS REGULAR",3000003790,"QUAKER INSTANT GRITS",102
3000001040,"QUAKER OLD FASHIONED",3000003790,"QUAKER INSTANT GRITS",102
3000001180,"QUICK QUAKER OATS",3000003790,"QUAKER INSTANT GRITS",102
3000001190,"QUAKER INST OATML MP",3000003790,"QUAKER INSTANT GRITS",102
3000001200,"QUICK QUAKER OATS",3000003790,"QUAKER INSTANT GRITS",102
3000001210,"QUAKER INSTANT OATME",3000003790,"QUAKER INSTANT GRITS",102
3000002190,"KRETSCHMER WHEAT GER",3000003790,"QUAKER INSTANT GRITS",102
3000003790,"QUAKER INSTANT GRITS",3000004170,"QUAKER Q/W HOMINY GR",102
3000003790,"QUAKER INSTANT GRITS",3000007060,"QUAKER HOT OAT BRAN",102
1313000698,"NABISCO CREAM OF RIC",3000003790,"QUAKER INSTANT GRITS",101
1313006025,"MIX N EAT CREAM OF W",3000003790,"QUAKER INSTANT GRITS",101
1800063070,"PILS FARINA",3000003790,"QUAKER INSTANT GRITS",101
3000001240,"QUAKER INST OATML RS",3000003790,"QUAKER INSTANT GRITS",101
3000001380,"QUAKER INST OATML AP",3000003790,"QUAKER INSTANT GRITS",101
3000001460,"QUAKER OAT VARIETY",3000003790,"QUAKER INSTANT GRITS",101
3000001570,"~QUAKER MAPLE OATMEA",3828125073,"DOM QUICK OATS",100
3000001880,"QUAKER FRUIT & CREAM",3000003790,"QUAKER INSTANT GRITS",100
3000002350,"KRETCHMER HONEY WHT",3000003790,"QUAKER INSTANT GRITS",100
1313006057,"INST CRM OF WHT-VARI",3000003790,"QUAKER INSTANT GRITS",99
3000001570,"~QUAKER MAPLE OATMEA",3000003790,"QUAKER INSTANT GRITS",99
3000001570,"~QUAKER MAPLE OATMEA",3828125077,"DOM QUICK OATS",99
3000001760,"QUAKER VRTY INST OAT",3000003790,"QUAKER INSTANT GRITS",99
3000001800,"QUAKER INST OATML PE",3000003790,"QUAKER INSTANT GRITS",99
3000003790,"QUAKER INSTANT GRITS",4240000105,"QUICK MALT O MEAL",99
1313000602,"NABISCO CREAM OF WHT",3000003790,"QUAKER INSTANT GRITS",98
3000003790,"QUAKER INSTANT GRITS",3000004760,"QUAKER INSTANT GRITS",98
1313000612,"CREAM OF WHEAT QUICK",3000002390,"~QUAKER MULTIGRAIN",97
1800063070,"PILS FARINA",3000002390,"~QUAKER MULTIGRAIN",97
3000001040,"QUAKER OLD FASHIONED",3000002390,"~QUAKER MULTIGRAIN",97
3000001180,"QUICK QUAKER OATS",3000002390,"~QUAKER MULTIGRAIN",97
3000001200,"QUICK QUAKER OATS",3000002390,"~QUAKER MULTIGRAIN",97
3000001210,"QUAKER INSTANT OATME",3000002390,"~QUAKER MULTIGRAIN",97
3000001460,"QUAKER OAT VARIETY",3000002390,"~QUAKER MULTIGRAIN",97
3000001570,"~QUAKER MAPLE OATMEA",3000002620,"$QUAKER KIDS CHOICE",97
3000002390,"~QUAKER MULTIGRAIN",3000007060,"QUAKER HOT OAT BRAN",97
1313000622,"CREAM OF WHEAT INSTA",3000002390,"~QUAKER MULTIGRAIN",96
1313006025,"MIX N EAT CREAM OF W",3000002390,"~QUAKER MULTIGRAIN",96
3000001020,"QUAKER OATS REGULAR",3000002390,"~QUAKER MULTIGRAIN",96
3000001240,"QUAKER INST OATML RS",3000002390,"~QUAKER MULTIGRAIN",96
3000001380,"QUAKER INST OATML AP",3000002390,"~QUAKER MULTIGRAIN",96
3000001880,"QUAKER FRUIT & CREAM",3000002390,"~QUAKER MULTIGRAIN",96
3000002190,"KRETSCHMER WHEAT GER",3000002390,"~QUAKER MULTIGRAIN",96
1313006053,"~MIX N EAT BROWN SUG",3000004760,"QUAKER INSTANT GRITS",95
3000002390,"~QUAKER MULTIGRAIN",3000004170,"QUAKER Q/W HOMINY GR",95
3000002390,"~QUAKER MULTIGRAIN",4240000105,"QUICK MALT O MEAL",95
3000001340,"QUAKER OATMEAL CINNA",3000003790,"QUAKER INSTANT GRITS",94
3000001820,"QUAKER INSTANT STRAW",3000003790,"QUAKER INSTANT GRITS",94
3000002390,"~QUAKER MULTIGRAIN",3000004760,"QUAKER INSTANT GRITS",94
3000001340,"QUAKER OATMEAL CINNA",3000002390,"~QUAKER MULTIGRAIN",93
3000001570,"~QUAKER MAPLE OATMEA",3828125098,"DOM INSTANT OATMEAL",93
3000001820,"QUAKER INSTANT STRAW",3000002390,"~QUAKER MULTIGRAIN",93
1313000602,"NABISCO CREAM OF WHT",3000002390,"~QUAKER MULTIGRAIN",92
1313000612,"CREAM OF WHEAT QUICK",1313006031,"CRM OF WHT INST APPL",92
1313006025,"MIX N EAT CREAM OF W",1313006031,"CRM OF WHT INST APPL",92
1313006031,"CRM OF WHT INST APPL",3000001020,"QUAKER OATS REGULAR",92
1313006031,"CRM OF WHT INST APPL",3000001040,"QUAKER OLD FASHIONED",92
1313006031,"CRM OF WHT INST APPL",3000001190,"QUAKER INST OATML MP",92
1313006031,"CRM OF WHT INST APPL",3000001200,"QUICK QUAKER OATS",92
1313006031,"CRM OF WHT INST APPL",3828125073,"DOM QUICK OATS",92
3000001570,"~QUAKER MAPLE OATMEA",3828125081,"DOM INSTANT OATMEAL",92
3000001800,"QUAKER INST OATML PE",3000002390,"~QUAKER MULTIGRAIN",92
1313006031,"CRM OF WHT INST APPL",3000001380,"QUAKER INST OATML AP",91
1313006031,"CRM OF WHT INST APPL",3000007060,"QUAKER HOT OAT BRAN",91
1313006031,"CRM OF WHT INST APPL",3828125077,"DOM QUICK OATS",91
3000001570,"~QUAKER MAPLE OATMEA",3828125085,"DOM INSTANT OATMEAL",91
1313006031,"CRM OF WHT INST APPL",1800063070,"PILS FARINA",90
1313006031,"CRM OF WHT INST APPL",3000001210,"QUAKER INSTANT OATME",90
1313006031,"CRM OF WHT INST APPL",3000001240,"QUAKER INST OATML RS",90
1313006031,"CRM OF WHT INST APPL",3000001880,"QUAKER FRUIT & CREAM",90
1313006057,"INST CRM OF WHT-VARI",3000002390,"~QUAKER MULTIGRAIN",90
1313006031,"CRM OF WHT INST APPL",3000001460,"QUAKER OAT VARIETY",89
1313006031,"CRM OF WHT INST APPL",3000002190,"KRETSCHMER WHEAT GER",89
1313006031,"CRM OF WHT INST APPL",3000004170,"QUAKER Q/W HOMINY GR",89
3000001580,"QUAKER APPLE CINAMON",3000003790,"QUAKER INSTANT GRITS",89
1313006025,"MIX N EAT CREAM OF W",3828125105,"DOM APPLE & CINNAMON",88
1313006031,"CRM OF WHT INST APPL",1313006035,"~MIX N EAT BROWN SUG",88
1313006031,"CRM OF WHT INST APPL",3000001180,"QUICK QUAKER OATS",88
3000001020,"QUAKER OATS REGULAR",3828125105,"DOM APPLE & CINNAMON",88
3000001040,"QUAKER OLD FASHIONED",3828125105,"DOM APPLE & CINNAMON",88
3000001190,"QUAKER INST OATML MP",3000002390,"~QUAKER MULTIGRAIN",88
3000001190,"QUAKER INST OATML MP",3828125105,"DOM APPLE & CINNAMON",88
3000001200,"QUICK QUAKER OATS",3828125105,"DOM APPLE & CINNAMON",88
3000001240,"QUAKER INST OATML RS",3828125105,"DOM APPLE & CINNAMON",88
3000001380,"QUAKER INST OATML AP",3828125105,"DOM APPLE & CINNAMON",88
3828125073,"DOM QUICK OATS",3828125105,"DOM APPLE & CINNAMON",88
3828125077,"DOM QUICK OATS",3828125105,"DOM APPLE & CINNAMON",88
1313000622,"CREAM OF WHEAT INSTA",1313006031,"CRM OF WHT INST APPL",87
3000004170,"QUAKER Q/W HOMINY GR",3828125105,"DOM APPLE & CINNAMON",87
3000007060,"QUAKER HOT OAT BRAN",3828125105,"DOM APPLE & CINNAMON",87
1313000612,"CREAM OF WHEAT QUICK",3828125105,"DOM APPLE & CINNAMON",86
3000001210,"QUAKER INSTANT OATME",3828125105,"DOM APPLE & CINNAMON",86
3000001880,"QUAKER FRUIT & CREAM",3828125105,"DOM APPLE & CINNAMON",86
1313006031,"CRM OF WHT INST APPL",3000001340,"QUAKER OATMEAL CINNA",85
1313006031,"CRM OF WHT INST APPL",3000001800,"QUAKER INST OATML PE",85
1800063070,"PILS FARINA",3828125105,"DOM APPLE & CINNAMON",85
1313000622,"CREAM OF WHEAT INSTA",3828125105,"DOM APPLE & CINNAMON",84
1313006031,"CRM OF WHT INST APPL",3828125098,"DOM INSTANT OATMEAL",84
3000001180,"QUICK QUAKER OATS",3828125105,"DOM APPLE & CINNAMON",84
3000002190,"KRETSCHMER WHEAT GER",3828125105,"DOM APPLE & CINNAMON",84
1313006031,"CRM OF WHT INST APPL",3828125081,"DOM INSTANT OATMEAL",83
1313006031,"CRM OF WHT INST APPL",4240000105,"QUICK MALT O MEAL",83
1313006035,"~MIX N EAT BROWN SUG",3828125105,"DOM APPLE & CINNAMON",83
1313006053,"~MIX N EAT BROWN SUG",3000001570,"~QUAKER MAPLE OATMEA",83
3000001460,"QUAKER OAT VARIETY",3828125105,"DOM APPLE & CINNAMON",83
1313000698,"NABISCO CREAM OF RIC",3000002390,"~QUAKER MULTIGRAIN",81
1313006031,"CRM OF WHT INST APPL",3828125085,"DOM INSTANT OATMEAL",81
3000002350,"KRETCHMER HONEY WHT",3000002390,"~QUAKER MULTIGRAIN",81
1313006031,"CRM OF WHT INST APPL",3000002620,"$QUAKER KIDS CHOICE",80
3000001760,"QUAKER VRTY INST OAT",3000002390,"~QUAKER MULTIGRAIN",80
3000001800,"QUAKER INST OATML PE",3828125105,"DOM APPLE & CINNAMON",80
1313006031,"CRM OF WHT INST APPL",1313006057,"INST CRM OF WHT-VARI",79
3000001570,"~QUAKER MAPLE OATMEA",3000002390,"~QUAKER MULTIGRAIN",79
3828125081,"DOM INSTANT OATMEAL",3828125105,"DOM APPLE & CINNAMON",79
3828125085,"DOM INSTANT OATMEAL",3828125105,"DOM APPLE & CINNAMON",79
1313000612,"CREAM OF WHEAT QUICK",1313006058,"~INS CREAM OF WHEAT-",78
1313000622,"CREAM OF WHEAT INSTA",1313006058,"~INS CREAM OF WHEAT-",78
1313006025,"MIX N EAT CREAM OF W",1313006058,"~INS CREAM OF WHEAT-",78
1313006058,"~INS CREAM OF WHEAT-",1800063070,"PILS FARINA",78
1313006058,"~INS CREAM OF WHEAT-",3000001020,"QUAKER OATS REGULAR",78
1313006058,"~INS CREAM OF WHEAT-",3000001040,"QUAKER OLD FASHIONED",78
1313006058,"~INS CREAM OF WHEAT-",3000001180,"QUICK QUAKER OATS",78
1313006058,"~INS CREAM OF WHEAT-",3000001190,"QUAKER INST OATML MP",78
1313006058,"~INS CREAM OF WHEAT-",3000001200,"QUICK QUAKER OATS",78
1313006058,"~INS CREAM OF WHEAT-",3000001210,"QUAKER INSTANT OATME",78
1313006058,"~INS CREAM OF WHEAT-",3000001760,"QUAKER VRTY INST OAT",78
1313006058,"~INS CREAM OF WHEAT-",3000002190,"KRETSCHMER WHEAT GER",78
1313006058,"~INS CREAM OF WHEAT-",3000004170,"QUAKER Q/W HOMINY GR",78
1313006058,"~INS CREAM OF WHEAT-",3000007060,"QUAKER HOT OAT BRAN",78
3000001340,"QUAKER OATMEAL CINNA",3828125105,"DOM APPLE & CINNAMON",78
3828125098,"DOM INSTANT OATMEAL",3828125105,"DOM APPLE & CINNAMON",78
1313000698,"NABISCO CREAM OF RIC",1313006058,"~INS CREAM OF WHEAT-",77
1313006057,"INST CRM OF WHT-VARI",1313006058,"~INS CREAM OF WHEAT-",77
1313006058,"~INS CREAM OF WHEAT-",3000001380,"QUAKER INST OATML AP",77
1313006058,"~INS CREAM OF WHEAT-",3000001460,"QUAKER OAT VARIETY",77
1313006058,"~INS CREAM OF WHEAT-",3000001800,"QUAKER INST OATML PE",77
1313006058,"~INS CREAM OF WHEAT-",3000002350,"KRETCHMER HONEY WHT",77
1313000602,"NABISCO CREAM OF WHT",1313006058,"~INS CREAM OF WHEAT-",76
1313006058,"~INS CREAM OF WHEAT-",3000001240,"QUAKER INST OATML RS",76
1313006058,"~INS CREAM OF WHEAT-",3000001570,"~QUAKER MAPLE OATMEA",76
1313006058,"~INS CREAM OF WHEAT-",3000001880,"QUAKER FRUIT & CREAM",76
1313006058,"~INS CREAM OF WHEAT-",3000004760,"QUAKER INSTANT GRITS",76
1313000698,"NABISCO CREAM OF RIC",1313006031,"CRM OF WHT INST APPL",75
1313006025,"MIX N EAT CREAM OF W",3000002720,"KRETCHMER TOASTED WH",75
1313006058,"~INS CREAM OF WHEAT-",4240000105,"QUICK MALT O MEAL",75
1800063070,"PILS FARINA",3000002720,"KRETCHMER TOASTED WH",75
3000001040,"QUAKER OLD FASHIONED",3000002720,"KRETCHMER TOASTED WH",75
3000001180,"QUICK QUAKER OATS",3000002720,"KRETCHMER TOASTED WH",75
3000001200,"QUICK QUAKER OATS",3000002720,"KRETCHMER TOASTED WH",75
3000001210,"QUAKER INSTANT OATME",3000002720,"KRETCHMER TOASTED WH",75
3000001240,"QUAKER INST OATML RS",3000002720,"KRETCHMER TOASTED WH",75
3000001760,"QUAKER VRTY INST OAT",3828125105,"DOM APPLE & CINNAMON",75
3000002720,"KRETCHMER TOASTED WH",3000004760,"QUAKER INSTANT GRITS",75
3000002720,"KRETCHMER TOASTED WH",3000007060,"QUAKER HOT OAT BRAN",75
1112600328,"COCO WHEATS",1313000612,"CREAM OF WHEAT QUICK",74
1112600328,"COCO WHEATS",1313006025,"MIX N EAT CREAM OF W",74
1112600328,"COCO WHEATS",3000001020,"QUAKER OATS REGULAR",74
1112600328,"COCO WHEATS",3000001040,"QUAKER OLD FASHIONED",74
1112600328,"COCO WHEATS",3000001190,"QUAKER INST OATML MP",74
1112600328,"COCO WHEATS",3000001200,"QUICK QUAKER OATS",74
1112600328,"COCO WHEATS",3000001210,"QUAKER INSTANT OATME",74
1112600328,"COCO WHEATS",3000001240,"QUAKER INST OATML RS",74
1313000622,"CREAM OF WHEAT INSTA",3000002720,"KRETCHMER TOASTED WH",74
1313006058,"~INS CREAM OF WHEAT-",3000001340,"QUAKER OATMEAL CINNA",74
3000001020,"QUAKER OATS REGULAR",3000002720,"KRETCHMER TOASTED WH",74
3000001880,"QUAKER FRUIT & CREAM",3000002720,"KRETCHMER TOASTED WH",74
3000002190,"KRETSCHMER WHEAT GER",3000002720,"KRETCHMER TOASTED WH",74
3828125105,"DOM APPLE & CINNAMON",4240000105,"QUICK MALT O MEAL",74
1112600328,"COCO WHEATS",3000001380,"QUAKER INST OATML AP",73
1112600328,"COCO WHEATS",3000001460,"QUAKER OAT VARIETY",73
1112600328,"COCO WHEATS",3000001880,"QUAKER FRUIT & CREAM",73
1112600328,"COCO WHEATS",3000004170,"QUAKER Q/W HOMINY GR",73
1112600328,"COCO WHEATS",3000007060,"QUAKER HOT OAT BRAN",73
1313000612,"CREAM OF WHEAT QUICK",3000002720,"KRETCHMER TOASTED WH",73
1313000698,"NABISCO CREAM OF RIC",3828125105,"DOM APPLE & CINNAMON",73
1313006031,"CRM OF WHT INST APPL",3000001760,"QUAKER VRTY INST OAT",73
1313006057,"INST CRM OF WHT-VARI",3000002720,"KRETCHMER TOASTED WH",73
1313006057,"INST CRM OF WHT-VARI",3828125105,"DOM APPLE & CINNAMON",73
1313006058,"~INS CREAM OF WHEAT-",3000001820,"QUAKER INSTANT STRAW",73
1313006058,"~INS CREAM OF WHEAT-",3000003790,"QUAKER INSTANT GRITS",73
3000001380,"QUAKER INST OATML AP",3000002720,"KRETCHMER TOASTED WH",73
3000001460,"QUAKER OAT VARIETY",3000002720,"KRETCHMER TOASTED WH",73
3000002720,"KRETCHMER TOASTED WH",3000004170,"QUAKER Q/W HOMINY GR",73
3000002720,"KRETCHMER TOASTED WH",4240000105,"QUICK MALT O MEAL",73
1112600328,"COCO WHEATS",1800063070,"PILS FARINA",72
1112600328,"COCO WHEATS",3000001760,"QUAKER VRTY INST OAT",72
1112600328,"COCO WHEATS",3000002190,"KRETSCHMER WHEAT GER",72
1313006025,"MIX N EAT CREAM OF W",3000002300,"~KIDS CHOICE STRWBRY",72
1313006031,"CRM OF WHT INST APPL",3000001820,"QUAKER INSTANT STRAW",72
3000001040,"QUAKER OLD FASHIONED",3000002300,"~KIDS CHOICE STRWBRY",72
3000001180,"QUICK QUAKER OATS",3000002300,"~KIDS CHOICE STRWBRY",72
3000001200,"QUICK QUAKER OATS",3000002300,"~KIDS CHOICE STRWBRY",72
3000001800,"QUAKER INST OATML PE",3000002720,"KRETCHMER TOASTED WH",72
3000002300,"~KIDS CHOICE STRWBRY",3000004760,"QUAKER INSTANT GRITS",72
3000002300,"~KIDS CHOICE STRWBRY",3000007060,"QUAKER HOT OAT BRAN",72
1112600328,"COCO WHEATS",1313000622,"CREAM OF WHEAT INSTA",71
1112600328,"COCO WHEATS",3000001180,"QUICK QUAKER OATS",71
1112600328,"COCO WHEATS",3000001340,"QUAKER OATMEAL CINNA",71
1800063070,"PILS FARINA",3000002300,"~KIDS CHOICE STRWBRY",71
3000001020,"QUAKER OATS REGULAR",3000002300,"~KIDS CHOICE STRWBRY",71
3000001880,"QUAKER FRUIT & CREAM",3000002300,"~KIDS CHOICE STRWBRY",71
3000002190,"KRETSCHMER WHEAT GER",3000002300,"~KIDS CHOICE STRWBRY",71
3000002300,"~KIDS CHOICE STRWBRY",3828125073,"DOM QUICK OATS",71
3000002300,"~KIDS CHOICE STRWBRY",3828125077,"DOM QUICK OATS",71
1112600328,"COCO WHEATS",1313000698,"NABISCO CREAM OF RIC",70
1112600328,"COCO WHEATS",4240000105,"QUICK MALT O MEAL",70
1313000612,"CREAM OF WHEAT QUICK",3000002300,"~KIDS CHOICE STRWBRY",70
1313000622,"CREAM OF WHEAT INSTA",3000002300,"~KIDS CHOICE STRWBRY",70
1313006058,"~INS CREAM OF WHEAT-",3000001580,"QUAKER APPLE CINAMON",70
3000001210,"QUAKER INSTANT OATME",3000002300,"~KIDS CHOICE STRWBRY",70
3000001380,"QUAKER INST OATML AP",3000002300,"~KIDS CHOICE STRWBRY",70
3000001820,"QUAKER INSTANT STRAW",3000002720,"KRETCHMER TOASTED WH",70
3000002300,"~KIDS CHOICE STRWBRY",3000004170,"QUAKER Q/W HOMINY GR",70
3000002620,"$QUAKER KIDS CHOICE",3828125105,"DOM APPLE & CINNAMON",70
1112600328,"COCO WHEATS",3000001800,"QUAKER INST OATML PE",69
1313006031,"CRM OF WHT INST APPL",3828125105,"DOM APPLE & CINNAMON",69
1313006035,"~MIX N EAT BROWN SUG",3000002300,"~KIDS CHOICE STRWBRY",69
1313006057,"INST CRM OF WHT-VARI",3000002300,"~KIDS CHOICE STRWBRY",69
3000001190,"QUAKER INST OATML MP",3000002720,"KRETCHMER TOASTED WH",69
3000001240,"QUAKER INST OATML RS",3000002300,"~KIDS CHOICE STRWBRY",69
3000001190,"QUAKER INST OATML MP",3000002300,"~KIDS CHOICE STRWBRY",68
3000001340,"QUAKER OATMEAL CINNA",3000002720,"KRETCHMER TOASTED WH",68
3000002720,"KRETCHMER TOASTED WH",3828125073,"DOM QUICK OATS",68
3000002720,"KRETCHMER TOASTED WH",3828125077,"DOM QUICK OATS",68
1313000602,"NABISCO CREAM OF WHT",3000002720,"KRETCHMER TOASTED WH",67
1313006035,"~MIX N EAT BROWN SUG",3000002720,"KRETCHMER TOASTED WH",67
1313006053,"~MIX N EAT BROWN SUG",3000002620,"$QUAKER KIDS CHOICE",67
3000002390,"~QUAKER MULTIGRAIN",3828125073,"DOM QUICK OATS",67
3000002390,"~QUAKER MULTIGRAIN",3828125077,"DOM QUICK OATS",67
3000002390,"~QUAKER MULTIGRAIN",3828125098,"DOM INSTANT OATMEAL",67
1313006035,"~MIX N EAT BROWN SUG",3000002390,"~QUAKER MULTIGRAIN",66
3000001460,"QUAKER OAT VARIETY",3000002300,"~KIDS CHOICE STRWBRY",66
3000001800,"QUAKER INST OATML PE",3000002300,"~KIDS CHOICE STRWBRY",66
3000002300,"~KIDS CHOICE STRWBRY",3828125081,"DOM INSTANT OATMEAL",66
3000002390,"~QUAKER MULTIGRAIN",3000002620,"$QUAKER KIDS CHOICE",66
3000002390,"~QUAKER MULTIGRAIN",3828125081,"DOM INSTANT OATMEAL",66
3000002720,"KRETCHMER TOASTED WH",3828125081,"DOM INSTANT OATMEAL",66
3000002720,"KRETCHMER TOASTED WH",3828125098,"DOM INSTANT OATMEAL",66
1112600328,"COCO WHEATS",1313000602,"NABISCO CREAM OF WHT",65
1112600328,"COCO WHEATS",1313006057,"INST CRM OF WHT-VARI",65
1313000602,"NABISCO CREAM OF WHT",1313006031,"CRM OF WHT INST APPL",65
1313006053,"~MIX N EAT BROWN SUG",3000001580,"QUAKER APPLE CINAMON",65
3000002720,"KRETCHMER TOASTED WH",3828125085,"DOM INSTANT OATMEAL",65
1112600328,"COCO WHEATS",3000002350,"KRETCHMER HONEY WHT",64
1313006031,"CRM OF WHT INST APPL",3000004760,"QUAKER INSTANT GRITS",64
3000001820,"QUAKER INSTANT STRAW",3000002300,"~KIDS CHOICE STRWBRY",64
3000002390,"~QUAKER MULTIGRAIN",3828125085,"DOM INSTANT OATMEAL",64
1313006035,"~MIX N EAT BROWN SUG",1313006053,"~MIX N EAT BROWN SUG",63
1313006053,"~MIX N EAT BROWN SUG",3828125073,"DOM QUICK OATS",63
1313006053,"~MIX N EAT BROWN SUG",3828125077,"DOM QUICK OATS",63
3000002300,"~KIDS CHOICE STRWBRY",3828125098,"DOM INSTANT OATMEAL",63
3000002300,"~KIDS CHOICE STRWBRY",4240000105,"QUICK MALT O MEAL",63
1313006053,"~MIX N EAT BROWN SUG",3828125085,"DOM INSTANT OATMEAL",62
3000001820,"QUAKER INSTANT STRAW",3828125105,"DOM APPLE & CINNAMON",62
3000002300,"~KIDS CHOICE STRWBRY",3828125085,"DOM INSTANT OATMEAL",62
1313006053,"~MIX N EAT BROWN SUG",3828125098,"DOM INSTANT OATMEAL",61
3000001340,"QUAKER OATMEAL CINNA",3000002300,"~KIDS CHOICE STRWBRY",61
1313000698,"NABISCO CREAM OF RIC",3000002720,"KRETCHMER TOASTED WH",59
1313006053,"~MIX N EAT BROWN SUG",3828125081,"DOM INSTANT OATMEAL",59
3000002350,"KRETCHMER HONEY WHT",3000002720,"KRETCHMER TOASTED WH",59
1112600328,"COCO WHEATS",3000001820,"QUAKER INSTANT STRAW",58
1313000602,"NABISCO CREAM OF WHT",3828125105,"DOM APPLE & CINNAMON",58
1313006053,"~MIX N EAT BROWN SUG",3828125105,"DOM APPLE & CINNAMON",58
3000002620,"$QUAKER KIDS CHOICE",3000002720,"KRETCHMER TOASTED WH",58
1112600328,"COCO WHEATS",1313006053,"~MIX N EAT BROWN SUG",57
1313000612,"CREAM OF WHEAT QUICK",3000001370,"QUAKER INST OAT-HONE",57
1313000622,"CREAM OF WHEAT INSTA",3000001370,"QUAKER INST OAT-HONE",57
1313006025,"MIX N EAT CREAM OF W",3000001370,"QUAKER INST OAT-HONE",57
3000001020,"QUAKER OATS REGULAR",3000001370,"QUAKER INST OAT-HONE",57
3000001040,"QUAKER OLD FASHIONED",3000001370,"QUAKER INST OAT-HONE",57
3000001180,"QUICK QUAKER OATS",3000001370,"QUAKER INST OAT-HONE",57
3000001190,"QUAKER INST OATML MP",3000001370,"QUAKER INST OAT-HONE",57
3000001200,"QUICK QUAKER OATS",3000001370,"QUAKER INST OAT-HONE",57
3000001210,"QUAKER INSTANT OATME",3000001370,"QUAKER INST OAT-HONE",57
3000001370,"QUAKER INST OAT-HONE",3000001460,"QUAKER OAT VARIETY",57
3000001370,"QUAKER INST OAT-HONE",3000001800,"QUAKER INST OATML PE",57
3000001370,"QUAKER INST OAT-HONE",3000002190,"KRETSCHMER WHEAT GER",57
3000001370,"QUAKER INST OAT-HONE",3000004170,"QUAKER Q/W HOMINY GR",57
3000001370,"QUAKER INST OAT-HONE",3000007060,"QUAKER HOT OAT BRAN",57
3000001760,"QUAKER VRTY INST OAT",3000002720,"KRETCHMER TOASTED WH",57
1313000698,"NABISCO CREAM OF RIC",3000002300,"~KIDS CHOICE STRWBRY",56
1313006057,"INST CRM OF WHT-VARI",3000001370,"QUAKER INST OAT-HONE",56
1800063070,"PILS FARINA",3000001370,"QUAKER INST OAT-HONE",56
3000001370,"QUAKER INST OAT-HONE",3000004760,"QUAKER INSTANT GRITS",56
3000001570,"~QUAKER MAPLE OATMEA",3000002720,"KRETCHMER TOASTED WH",56
1313000698,"NABISCO CREAM OF RIC",3000001370,"QUAKER INST OAT-HONE",55
3000001240,"QUAKER INST OATML RS",3000001370,"QUAKER INST OAT-HONE",55
3000001370,"QUAKER INST OAT-HONE",3000001380,"QUAKER INST OATML AP",55
3000001370,"QUAKER INST OAT-HONE",3000001570,"~QUAKER MAPLE OATMEA",55
3000001370,"QUAKER INST OAT-HONE",3000001760,"QUAKER VRTY INST OAT",55
3000001370,"QUAKER INST OAT-HONE",3000001880,"QUAKER FRUIT & CREAM",55
3000001370,"QUAKER INST OAT-HONE",3000002350,"KRETCHMER HONEY WHT",55
3000002390,"~QUAKER MULTIGRAIN",3000002720,"KRETCHMER TOASTED WH",55
3000004760,"QUAKER INSTANT GRITS",3828125105,"DOM APPLE & CINNAMON",55
1112600328,"COCO WHEATS",1313006035,"~MIX N EAT BROWN SUG",54
1313000602,"NABISCO CREAM OF WHT",3000001370,"QUAKER INST OAT-HONE",54
1313000602,"NABISCO CREAM OF WHT",3000002300,"~KIDS CHOICE STRWBRY",54
1313000612,"CREAM OF WHEAT QUICK",3000001350,"QUAKER INST OAT & CI",54
1313000622,"CREAM OF WHEAT INSTA",3000001350,"QUAKER INST OAT & CI",54
1313006025,"MIX N EAT CREAM OF W",3000001350,"QUAKER INST OAT & CI",54
1313006035,"~MIX N EAT BROWN SUG",3000001580,"QUAKER APPLE CINAMON",54
1800063070,"PILS FARINA",3000001350,"QUAKER INST OAT & CI",54
3000001020,"QUAKER OATS REGULAR",3000001350,"QUAKER INST OAT & CI",54
3000001040,"QUAKER OLD FASHIONED",3000001350,"QUAKER INST OAT & CI",54
3000001180,"QUICK QUAKER OATS",3000001350,"QUAKER INST OAT & CI",54
3000001190,"QUAKER INST OATML MP",3000001350,"QUAKER INST OAT & CI",54
3000001200,"QUICK QUAKER OATS",3000001350,"QUAKER INST OAT & CI",54
3000001210,"QUAKER INSTANT OATME",3000001350,"QUAKER INST OAT & CI",54
3000001350,"QUAKER INST OAT & CI",3000001460,"QUAKER OAT VARIETY",54
3000001350,"QUAKER INST OAT & CI",3000001800,"QUAKER INST OATML PE",54
3000001350,"QUAKER INST OAT & CI",3000002190,"KRETSCHMER WHEAT GER",54
3000001350,"QUAKER INST OAT & CI",3000004170,"QUAKER Q/W HOMINY GR",54
3000001350,"QUAKER INST OAT & CI",3000007060,"QUAKER HOT OAT BRAN",54
3000001370,"QUAKER INST OAT-HONE",4240000105,"QUICK MALT O MEAL",54
1313006057,"INST CRM OF WHT-VARI",3000001350,"QUAKER INST OAT & CI",53
3000001350,"QUAKER INST OAT & CI",3000001370,"QUAKER INST OAT-HONE",53
3000001350,"QUAKER INST OAT & CI",3000001760,"QUAKER VRTY INST OAT",53
3000001350,"QUAKER INST OAT & CI",3000002350,"KRETCHMER HONEY WHT",53
3000001350,"QUAKER INST OAT & CI",3000004760,"QUAKER INSTANT GRITS",53
3000002300,"~KIDS CHOICE STRWBRY",3000002620,"$QUAKER KIDS CHOICE",53
1313000698,"NABISCO CREAM OF RIC",3000001350,"QUAKER INST OAT & CI",52
1313006031,"CRM OF WHT INST APPL",1313006053,"~MIX N EAT BROWN SUG",52
1313006035,"~MIX N EAT BROWN SUG",3000001370,"QUAKER INST OAT-HONE",52
1313006035,"~MIX N EAT BROWN SUG",3000003790,"QUAKER INSTANT GRITS",52
1313006053,"~MIX N EAT BROWN SUG",3000003790,"QUAKER INSTANT GRITS",52
3000001240,"QUAKER INST OATML RS",3000001350,"QUAKER INST OAT & CI",52
3000001350,"QUAKER INST OAT & CI",3000001380,"QUAKER INST OATML AP",52
3000001350,"QUAKER INST OAT & CI",3000001570,"~QUAKER MAPLE OATMEA",52
3000001350,"QUAKER INST OAT & CI",3000001880,"QUAKER FRUIT & CREAM",52
1313000602,"NABISCO CREAM OF WHT",3000001350,"QUAKER INST OAT & CI",51
1313006031,"CRM OF WHT INST APPL",3000002350,"KRETCHMER HONEY WHT",51
3000001350,"QUAKER INST OAT & CI",4240000105,"QUICK MALT O MEAL",51
3000001570,"~QUAKER MAPLE OATMEA",3000002300,"~KIDS CHOICE STRWBRY",51
3000001760,"QUAKER VRTY INST OAT",3000002300,"~KIDS CHOICE STRWBRY",51
3000002350,"KRETCHMER HONEY WHT",3828125105,"DOM APPLE & CINNAMON",51
3000001370,"QUAKER INST OAT-HONE",3000003790,"QUAKER INSTANT GRITS",50
1313006035,"~MIX N EAT BROWN SUG",3000001350,"QUAKER INST OAT & CI",49
3000001340,"QUAKER OATMEAL CINNA",3000001370,"QUAKER INST OAT-HONE",49
1313000602,"NABISCO CREAM OF WHT",3000001700,"QUAKER MAPLE BR SGR",48
1313000612,"CREAM OF WHEAT QUICK",3000001700,"QUAKER MAPLE BR SGR",48
1313000622,"CREAM OF WHEAT INSTA",3000001700,"QUAKER MAPLE BR SGR",48
1313006025,"MIX N EAT CREAM OF W",3000001700,"QUAKER MAPLE BR SGR",48
1800063070,"PILS FARINA",3000001700,"QUAKER MAPLE BR SGR",48
3000001020,"QUAKER OATS REGULAR",3000001700,"QUAKER MAPLE BR SGR",48
3000001040,"QUAKER OLD FASHIONED",3000001700,"QUAKER MAPLE BR SGR",48
3000001180,"QUICK QUAKER OATS",3000001700,"QUAKER MAPLE BR SGR",48
3000001190,"QUAKER INST OATML MP",3000001700,"QUAKER MAPLE BR SGR",48
3000001200,"QUICK QUAKER OATS",3000001700,"QUAKER MAPLE BR SGR",48
3000001210,"QUAKER INSTANT OATME",3000001700,"QUAKER MAPLE BR SGR",48
3000001350,"QUAKER INST OAT & CI",3000003790,"QUAKER INSTANT GRITS",48
3000001370,"QUAKER INST OAT-HONE",3000001820,"QUAKER INSTANT STRAW",48
3000001460,"QUAKER OAT VARIETY",3000001700,"QUAKER MAPLE BR SGR",48
3000001700,"QUAKER MAPLE BR SGR",3000001760,"QUAKER VRTY INST OAT",48
3000001700,"QUAKER MAPLE BR SGR",3000001800,"QUAKER INST OATML PE",48
3000001700,"QUAKER MAPLE BR SGR",3000002190,"KRETSCHMER WHEAT GER",48
3000001700,"QUAKER MAPLE BR SGR",3000004170,"QUAKER Q/W HOMINY GR",48
3000001700,"QUAKER MAPLE BR SGR",3000004760,"QUAKER INSTANT GRITS",48
3000001700,"QUAKER MAPLE BR SGR",3000007060,"QUAKER HOT OAT BRAN",48
1313000698,"NABISCO CREAM OF RIC",3000001700,"QUAKER MAPLE BR SGR",47
1313006057,"INST CRM OF WHT-VARI",3000001700,"QUAKER MAPLE BR SGR",47
3000001240,"QUAKER INST OATML RS",3000001700,"QUAKER MAPLE BR SGR",47
3000001700,"QUAKER MAPLE BR SGR",3000002350,"KRETCHMER HONEY WHT",47
3000001700,"QUAKER MAPLE BR SGR",4240000105,"QUICK MALT O MEAL",47
3000001340,"QUAKER OATMEAL CINNA",3000001350,"QUAKER INST OAT & CI",46
3000001340,"QUAKER OATMEAL CINNA",3000001700,"QUAKER MAPLE BR SGR",46
3000001350,"QUAKER INST OAT & CI",3000001820,"QUAKER INSTANT STRAW",46
3000001370,"QUAKER INST OAT-HONE",3000001700,"QUAKER MAPLE BR SGR",46
3000001380,"QUAKER INST OATML AP",3000001700,"QUAKER MAPLE BR SGR",46
3000001570,"~QUAKER MAPLE OATMEA",3000001700,"QUAKER MAPLE BR SGR",46
3000001700,"QUAKER MAPLE BR SGR",3000001880,"QUAKER FRUIT & CREAM",46
1112600328,"COCO WHEATS",3000004760,"QUAKER INSTANT GRITS",45
1313006058,"~INS CREAM OF WHEAT-",3000001370,"QUAKER INST OAT-HONE",45
3000001350,"QUAKER INST OAT & CI",3000001700,"QUAKER MAPLE BR SGR",45
3000001370,"QUAKER INST OAT-HONE",3000001580,"QUAKER APPLE CINAMON",45
3000001580,"QUAKER APPLE CINAMON",3000001700,"QUAKER MAPLE BR SGR",45
3000001700,"QUAKER MAPLE BR SGR",3000001820,"QUAKER INSTANT STRAW",45
1313000602,"NABISCO CREAM OF WHT",3000001000,"QUAKER VARIETY OATCU",44
1313000612,"CREAM OF WHEAT QUICK",3000001000,"QUAKER VARIETY OATCU",44
1313000622,"CREAM OF WHEAT INSTA",3000001000,"QUAKER VARIETY OATCU",44
1313006025,"MIX N EAT CREAM OF W",3000001000,"QUAKER VARIETY OATCU",44
1313006031,"CRM OF WHT INST APPL",3000001570,"~QUAKER MAPLE OATMEA",44
1313006035,"~MIX N EAT BROWN SUG",1313006058,"~INS CREAM OF WHEAT-",44
1800063070,"PILS FARINA",3000001000,"QUAKER VARIETY OATCU",44
3000001000,"QUAKER VARIETY OATCU",3000001020,"QUAKER OATS REGULAR",44
3000001000,"QUAKER VARIETY OATCU",3000001040,"QUAKER OLD FASHIONED",44
3000001000,"QUAKER VARIETY OATCU",3000001180,"QUICK QUAKER OATS",44
3000001000,"QUAKER VARIETY OATCU",3000001190,"QUAKER INST OATML MP",44
3000001000,"QUAKER VARIETY OATCU",3000001200,"QUICK QUAKER OATS",44
3000001000,"QUAKER VARIETY OATCU",3000001210,"QUAKER INSTANT OATME",44
3000001000,"QUAKER VARIETY OATCU",3000001460,"QUAKER OAT VARIETY",44
3000001000,"QUAKER VARIETY OATCU",3000001700,"QUAKER MAPLE BR SGR",44
3000001000,"QUAKER VARIETY OATCU",3000001760,"QUAKER VRTY INST OAT",44
3000001000,"QUAKER VARIETY OATCU",3000001800,"QUAKER INST OATML PE",44
3000001000,"QUAKER VARIETY OATCU",3000002190,"KRETSCHMER WHEAT GER",44
3000001000,"QUAKER VARIETY OATCU",3000004170,"QUAKER Q/W HOMINY GR",44
3000001000,"QUAKER VARIETY OATCU",3000004760,"QUAKER INSTANT GRITS",44
3000001000,"QUAKER VARIETY OATCU",3000007060,"QUAKER HOT OAT BRAN",44
1112600328,"COCO WHEATS",3828125073,"DOM QUICK OATS",43
1112600328,"COCO WHEATS",3828125077,"DOM QUICK OATS",43
1112600328,"COCO WHEATS",3828125085,"DOM INSTANT OATMEAL",43
1313000602,"NABISCO CREAM OF WHT",3000001590,"QUAKER OAT CUPS RAIS",43
1313000612,"CREAM OF WHEAT QUICK",3000001590,"QUAKER OAT CUPS RAIS",43
1313000622,"CREAM OF WHEAT INSTA",3000001590,"QUAKER OAT CUPS RAIS",43
1313000698,"NABISCO CREAM OF RIC",3000001000,"QUAKER VARIETY OATCU",43
1313000698,"NABISCO CREAM OF RIC",3000001590,"QUAKER OAT CUPS RAIS",43
1313006057,"INST CRM OF WHT-VARI",3000001000,"QUAKER VARIETY OATCU",43
1313006058,"~INS CREAM OF WHEAT-",3000001350,"QUAKER INST OAT & CI",43
1800063070,"PILS FARINA",3000001590,"QUAKER OAT CUPS RAIS",43
3000001000,"QUAKER VARIETY OATCU",3000001240,"QUAKER INST OATML RS",43
3000001000,"QUAKER VARIETY OATCU",3000001350,"QUAKER INST OAT & CI",43
3000001000,"QUAKER VARIETY OATCU",3000001370,"QUAKER INST OAT-HONE",43
3000001000,"QUAKER VARIETY OATCU",3000001570,"~QUAKER MAPLE OATMEA",43
3000001000,"QUAKER VARIETY OATCU",3000002350,"KRETCHMER HONEY WHT",43
3000001000,"QUAKER VARIETY OATCU",4240000105,"QUICK MALT O MEAL",43
3000001020,"QUAKER OATS REGULAR",3000001590,"QUAKER OAT CUPS RAIS",43
3000001040,"QUAKER OLD FASHIONED",3000001590,"QUAKER OAT CUPS RAIS",43
3000001180,"QUICK QUAKER OATS",3000001590,"QUAKER OAT CUPS RAIS",43
3000001190,"QUAKER INST OATML MP",3000001590,"QUAKER OAT CUPS RAIS",43
3000001200,"QUICK QUAKER OATS",3000001590,"QUAKER OAT CUPS RAIS",43
3000001210,"QUAKER INSTANT OATME",3000001590,"QUAKER OAT CUPS RAIS",43
3000001240,"QUAKER INST OATML RS",3000001590,"QUAKER OAT CUPS RAIS",43
3000001340,"QUAKER OATMEAL CINNA",3000001590,"QUAKER OAT CUPS RAIS",43
3000001350,"QUAKER INST OAT & CI",3000001580,"QUAKER APPLE CINAMON",43
3000001380,"QUAKER INST OATML AP",3000001590,"QUAKER OAT CUPS RAIS",43
3000001460,"QUAKER OAT VARIETY",3000001590,"QUAKER OAT CUPS RAIS",43
3000001590,"QUAKER OAT CUPS RAIS",3000001820,"QUAKER INSTANT STRAW",43
3000001590,"QUAKER OAT CUPS RAIS",3000001880,"QUAKER FRUIT & CREAM",43
3000001590,"QUAKER OAT CUPS RAIS",3000002190,"KRETSCHMER WHEAT GER",43
3000001590,"QUAKER OAT CUPS RAIS",3000004170,"QUAKER Q/W HOMINY GR",43
3000001590,"QUAKER OAT CUPS RAIS",3000007060,"QUAKER HOT OAT BRAN",43
3000001700,"QUAKER MAPLE BR SGR",3000003790,"QUAKER INSTANT GRITS",43
1112600328,"COCO WHEATS",3828125098,"DOM INSTANT OATMEAL",42
1112600328,"COCO WHEATS",3828125105,"DOM APPLE & CINNAMON",42
1313006025,"MIX N EAT CREAM OF W",3000001590,"QUAKER OAT CUPS RAIS",42
1313006035,"~MIX N EAT BROWN SUG",3000001700,"QUAKER MAPLE BR SGR",42
1313006053,"~MIX N EAT BROWN SUG",3000001590,"QUAKER OAT CUPS RAIS",42
1313006058,"~INS CREAM OF WHEAT-",3000001700,"QUAKER MAPLE BR SGR",42
3000001000,"QUAKER VARIETY OATCU",3000001340,"QUAKER OATMEAL CINNA",42
3000001000,"QUAKER VARIETY OATCU",3000001380,"QUAKER INST OATML AP",42
3000001000,"QUAKER VARIETY OATCU",3000001880,"QUAKER FRUIT & CREAM",42
3000001570,"~QUAKER MAPLE OATMEA",3000001590,"QUAKER OAT CUPS RAIS",42
3000001580,"QUAKER APPLE CINAMON",3000001590,"QUAKER OAT CUPS RAIS",42
3000001590,"QUAKER OAT CUPS RAIS",3000001760,"QUAKER VRTY INST OAT",42
3000001590,"QUAKER OAT CUPS RAIS",3000002350,"KRETCHMER HONEY WHT",42
3000001590,"QUAKER OAT CUPS RAIS",3000003790,"QUAKER INSTANT GRITS",42
3000001590,"QUAKER OAT CUPS RAIS",4240000105,"QUICK MALT O MEAL",42
1112600328,"COCO WHEATS",3000001570,"~QUAKER MAPLE OATMEA",41
1112600328,"COCO WHEATS",3828125081,"DOM INSTANT OATMEAL",41
1313006057,"INST CRM OF WHT-VARI",3000001590,"QUAKER OAT CUPS RAIS",41
3000001000,"QUAKER VARIETY OATCU",3000001580,"QUAKER APPLE CINAMON",41
3000001000,"QUAKER VARIETY OATCU",3000001820,"QUAKER INSTANT STRAW",41
3000001590,"QUAKER OAT CUPS RAIS",3000001800,"QUAKER INST OATML PE",40
3000001590,"QUAKER OAT CUPS RAIS",3000004760,"QUAKER INSTANT GRITS",40
1313006035,"~MIX N EAT BROWN SUG",3000001000,"QUAKER VARIETY OATCU",39
1313006058,"~INS CREAM OF WHEAT-",3000001000,"QUAKER VARIETY OATCU",39
3000001000,"QUAKER VARIETY OATCU",3000003790,"QUAKER INSTANT GRITS",39
1112600328,"COCO WHEATS",3000002620,"$QUAKER KIDS CHOICE",38
1313000612,"CREAM OF WHEAT QUICK",6414408037,"MAYPO MAPLE FLAVORED",38
1313000622,"CREAM OF WHEAT INSTA",6414408037,"MAYPO MAPLE FLAVORED",38
1313000698,"NABISCO CREAM OF RIC",6414408037,"MAYPO MAPLE FLAVORED",38
1800063070,"PILS FARINA",6414408037,"MAYPO MAPLE FLAVORED",38
3000001020,"QUAKER OATS REGULAR",6414408037,"MAYPO MAPLE FLAVORED",38
3000001040,"QUAKER OLD FASHIONED",6414408037,"MAYPO MAPLE FLAVORED",38
3000001180,"QUICK QUAKER OATS",6414408037,"MAYPO MAPLE FLAVORED",38
3000001190,"QUAKER INST OATML MP",6414408037,"MAYPO MAPLE FLAVORED",38
3000001200,"QUICK QUAKER OATS",6414408037,"MAYPO MAPLE FLAVORED",38
3000001210,"QUAKER INSTANT OATME",6414408037,"MAYPO MAPLE FLAVORED",38
3000001240,"QUAKER INST OATML RS",6414408037,"MAYPO MAPLE FLAVORED",38
3000001380,"QUAKER INST OATML AP",6414408037,"MAYPO MAPLE FLAVORED",38
3000001460,"QUAKER OAT VARIETY",6414408037,"MAYPO MAPLE FLAVORED",38
3000001760,"QUAKER VRTY INST OAT",6414408037,"MAYPO MAPLE FLAVORED",38
3000002190,"KRETSCHMER WHEAT GER",6414408037,"MAYPO MAPLE FLAVORED",38
3000002300,"~KIDS CHOICE STRWBRY",3000002350,"KRETCHMER HONEY WHT",38
3000004170,"QUAKER Q/W HOMINY GR",6414408037,"MAYPO MAPLE FLAVORED",38
3000007060,"QUAKER HOT OAT BRAN",6414408037,"MAYPO MAPLE FLAVORED",38
4240000105,"QUICK MALT O MEAL",6414408037,"MAYPO MAPLE FLAVORED",38
1112600399,"COCO WHEATS PREPRICE",1313000602,"NABISCO CREAM OF WHT",37
1112600399,"COCO WHEATS PREPRICE",1313000612,"CREAM OF WHEAT QUICK",37
1112600399,"COCO WHEATS PREPRICE",1313000622,"CREAM OF WHEAT INSTA",37
1112600399,"COCO WHEATS PREPRICE",1313000698,"NABISCO CREAM OF RIC",37
1112600399,"COCO WHEATS PREPRICE",1313006025,"MIX N EAT CREAM OF W",37
1112600399,"COCO WHEATS PREPRICE",1313006057,"INST CRM OF WHT-VARI",37
1112600399,"COCO WHEATS PREPRICE",1800063070,"PILS FARINA",37
1112600399,"COCO WHEATS PREPRICE",3000001020,"QUAKER OATS REGULAR",37
1112600399,"COCO WHEATS PREPRICE",3000001040,"QUAKER OLD FASHIONED",37
1112600399,"COCO WHEATS PREPRICE",3000001180,"QUICK QUAKER OATS",37
1112600399,"COCO WHEATS PREPRICE",3000001190,"QUAKER INST OATML MP",37
1112600399,"COCO WHEATS PREPRICE",3000001200,"QUICK QUAKER OATS",37
1112600399,"COCO WHEATS PREPRICE",3000001210,"QUAKER INSTANT OATME",37
1112600399,"COCO WHEATS PREPRICE",3000001240,"QUAKER INST OATML RS",37
1112600399,"COCO WHEATS PREPRICE",3000001380,"QUAKER INST OATML AP",37
1112600399,"COCO WHEATS PREPRICE",3000001460,"QUAKER OAT VARIETY",37
1112600399,"COCO WHEATS PREPRICE",3000001570,"~QUAKER MAPLE OATMEA",37
1112600399,"COCO WHEATS PREPRICE",3000001760,"QUAKER VRTY INST OAT",37
1112600399,"COCO WHEATS PREPRICE",3000001880,"QUAKER FRUIT & CREAM",37
1112600399,"COCO WHEATS PREPRICE",3000002190,"KRETSCHMER WHEAT GER",37
1112600399,"COCO WHEATS PREPRICE",3000004170,"QUAKER Q/W HOMINY GR",37
1112600399,"COCO WHEATS PREPRICE",3000007060,"QUAKER HOT OAT BRAN",37
1112600399,"COCO WHEATS PREPRICE",4240000105,"QUICK MALT O MEAL",37
1313006025,"MIX N EAT CREAM OF W",6414408037,"MAYPO MAPLE FLAVORED",37
1313006053,"~MIX N EAT BROWN SUG",1313006058,"~INS CREAM OF WHEAT-",37
1313006057,"INST CRM OF WHT-VARI",6414408037,"MAYPO MAPLE FLAVORED",37
3000001570,"~QUAKER MAPLE OATMEA",6414408037,"MAYPO MAPLE FLAVORED",37
3000001820,"QUAKER INSTANT STRAW",6414408037,"MAYPO MAPLE FLAVORED",37
3000001880,"QUAKER FRUIT & CREAM",6414408037,"MAYPO MAPLE FLAVORED",37
3000002350,"KRETCHMER HONEY WHT",6414408037,"MAYPO MAPLE FLAVORED",37
3000003790,"QUAKER INSTANT GRITS",6414408037,"MAYPO MAPLE FLAVORED",37
1112600328,"COCO WHEATS",1313006031,"CRM OF WHT INST APPL",36
1112600399,"COCO WHEATS PREPRICE",3000001340,"QUAKER OATMEAL CINNA",36
1112600399,"COCO WHEATS PREPRICE",3000001580,"QUAKER APPLE CINAMON",36
1112600399,"COCO WHEATS PREPRICE",3000001800,"QUAKER INST OATML PE",36
1112600399,"COCO WHEATS PREPRICE",3000001820,"QUAKER INSTANT STRAW",36
1112600399,"COCO WHEATS PREPRICE",3000002350,"KRETCHMER HONEY WHT",36
1313000602,"NABISCO CREAM OF WHT",6414408037,"MAYPO MAPLE FLAVORED",36
1313000612,"CREAM OF WHEAT QUICK",3000026288,"QUAKER QK N HEARTY R",36
1313006025,"MIX N EAT CREAM OF W",3000026288,"QUAKER QK N HEARTY R",36
3000001020,"QUAKER OATS REGULAR",3000026288,"QUAKER QK N HEARTY R",36
3000001040,"QUAKER OLD FASHIONED",3000026288,"QUAKER QK N HEARTY R",36
3000001190,"QUAKER INST OATML MP",3000026288,"QUAKER QK N HEARTY R",36
3000001200,"QUICK QUAKER OATS",3000026288,"QUAKER QK N HEARTY R",36
3000001210,"QUAKER INSTANT OATME",3000026288,"QUAKER QK N HEARTY R",36
3000001240,"QUAKER INST OATML RS",3000026288,"QUAKER QK N HEARTY R",36
3000001340,"QUAKER OATMEAL CINNA",6414408037,"MAYPO MAPLE FLAVORED",36
3000001380,"QUAKER INST OATML AP",3000026288,"QUAKER QK N HEARTY R",36
3000001580,"QUAKER APPLE CINAMON",3000002390,"~QUAKER MULTIGRAIN",36
3000001880,"QUAKER FRUIT & CREAM",3000026288,"QUAKER QK N HEARTY R",36
3000002190,"KRETSCHMER WHEAT GER",3000026288,"QUAKER QK N HEARTY R",36
3000004170,"QUAKER Q/W HOMINY GR",3000026288,"QUAKER QK N HEARTY R",36
3000026288,"QUAKER QK N HEARTY R",3828125073,"DOM QUICK OATS",36
3000026288,"QUAKER QK N HEARTY R",3828125077,"DOM QUICK OATS",36
1112600399,"COCO WHEATS PREPRICE",3000003790,"QUAKER INSTANT GRITS",35
1112600399,"COCO WHEATS PREPRICE",3000004760,"QUAKER INSTANT GRITS",35
3000001340,"QUAKER OATMEAL CINNA",3000026288,"QUAKER QK N HEARTY R",35
3000001460,"QUAKER OAT VARIETY",3000026288,"QUAKER QK N HEARTY R",35
3000001580,"QUAKER APPLE CINAMON",6414408037,"MAYPO MAPLE FLAVORED",35
3000001760,"QUAKER VRTY INST OAT",3000026288,"QUAKER QK N HEARTY R",35
3000001800,"QUAKER INST OATML PE",6414408037,"MAYPO MAPLE FLAVORED",35
3000004760,"QUAKER INSTANT GRITS",6414408037,"MAYPO MAPLE FLAVORED",35
3000007060,"QUAKER HOT OAT BRAN",3000026288,"QUAKER QK N HEARTY R",35
3000026288,"QUAKER QK N HEARTY R",3828125085,"DOM INSTANT OATMEAL",35
3000026288,"QUAKER QK N HEARTY R",3828125098,"DOM INSTANT OATMEAL",35
3000026288,"QUAKER QK N HEARTY R",3828125105,"DOM APPLE & CINNAMON",35
1313006031,"CRM OF WHT INST APPL",3000002300,"~KIDS CHOICE STRWBRY",34
1313006053,"~MIX N EAT BROWN SUG",3000026288,"QUAKER QK N HEARTY R",34
1800063070,"PILS FARINA",3000026288,"QUAKER QK N HEARTY R",34
3000026288,"QUAKER QK N HEARTY R",4240000105,"QUICK MALT O MEAL",34
1313006035,"~MIX N EAT BROWN SUG",3000026288,"QUAKER QK N HEARTY R",33
1313006053,"~MIX N EAT BROWN SUG",6414408037,"MAYPO MAPLE FLAVORED",33
3000026288,"QUAKER QK N HEARTY R",3828125081,"DOM INSTANT OATMEAL",33
1112600301,"COCO WHEATS",1313000612,"CREAM OF WHEAT QUICK",32
1112600301,"COCO WHEATS",1313000622,"CREAM OF WHEAT INSTA",32
1112600301,"COCO WHEATS",1313006025,"MIX N EAT CREAM OF W",32
1112600301,"COCO WHEATS",1313006035,"~MIX N EAT BROWN SUG",32
1112600301,"COCO WHEATS",1313006057,"INST CRM OF WHT-VARI",32
1112600301,"COCO WHEATS",3000001020,"QUAKER OATS REGULAR",32
1112600301,"COCO WHEATS",3000001040,"QUAKER OLD FASHIONED",32
1112600301,"COCO WHEATS",3000001180,"QUICK QUAKER OATS",32
1112600301,"COCO WHEATS",3000001190,"QUAKER INST OATML MP",32
1112600301,"COCO WHEATS",3000001200,"QUICK QUAKER OATS",32
1112600301,"COCO WHEATS",3000001210,"QUAKER INSTANT OATME",32
1112600301,"COCO WHEATS",3000001240,"QUAKER INST OATML RS",32
1112600301,"COCO WHEATS",3000001370,"QUAKER INST OAT-HONE",32
1112600301,"COCO WHEATS",3000001380,"QUAKER INST OATML AP",32
1112600301,"COCO WHEATS",3000001460,"QUAKER OAT VARIETY",32
1112600301,"COCO WHEATS",3000001800,"QUAKER INST OATML PE",32
1112600301,"COCO WHEATS",3000001880,"QUAKER FRUIT & CREAM",32
1112600301,"COCO WHEATS",3000002190,"KRETSCHMER WHEAT GER",32
1112600301,"COCO WHEATS",3000004170,"QUAKER Q/W HOMINY GR",32
1112600301,"COCO WHEATS",3000004760,"QUAKER INSTANT GRITS",32
1112600301,"COCO WHEATS",3000007060,"QUAKER HOT OAT BRAN",32
1313000622,"CREAM OF WHEAT INSTA",3000026288,"QUAKER QK N HEARTY R",32
3000001180,"QUICK QUAKER OATS",3000026288,"QUAKER QK N HEARTY R",32
3000001800,"QUAKER INST OATML PE",3000026288,"QUAKER QK N HEARTY R",32
1112600301,"COCO WHEATS",1313000602,"NABISCO CREAM OF WHT",31
1112600301,"COCO WHEATS",1313000698,"NABISCO CREAM OF RIC",31
1112600301,"COCO WHEATS",1800063070,"PILS FARINA",31
1112600301,"COCO WHEATS",3000001760,"QUAKER VRTY INST OAT",31
1112600301,"COCO WHEATS",4240000105,"QUICK MALT O MEAL",31
1112600399,"COCO WHEATS PREPRICE",1313006058,"~INS CREAM OF WHEAT-",31
1313000612,"CREAM OF WHEAT QUICK",1313006044,"NABISCO INSTANT BANA",31
1313000612,"CREAM OF WHEAT QUICK",3000026286,"QUAKER COOKIE BLAST-",31
1313000698,"NABISCO CREAM OF RIC",3000026288,"QUAKER QK N HEARTY R",31
1313006025,"MIX N EAT CREAM OF W",1313006044,"NABISCO INSTANT BANA",31
1313006025,"MIX N EAT CREAM OF W",3000026286,"QUAKER COOKIE BLAST-",31
1313006031,"CRM OF WHT INST APPL",3000026288,"QUAKER QK N HEARTY R",31
1313006044,"NABISCO INSTANT BANA",3000001020,"QUAKER OATS REGULAR",31
1313006044,"NABISCO INSTANT BANA",3000001040,"QUAKER OLD FASHIONED",31
1313006044,"NABISCO INSTANT BANA",3000001190,"QUAKER INST OATML MP",31
1313006044,"NABISCO INSTANT BANA",3000001200,"QUICK QUAKER OATS",31
1313006044,"NABISCO INSTANT BANA",3000001210,"QUAKER INSTANT OATME",31
1313006044,"NABISCO INSTANT BANA",3000001240,"QUAKER INST OATML RS",31
1313006044,"NABISCO INSTANT BANA",3000001380,"QUAKER INST OATML AP",31
1313006044,"NABISCO INSTANT BANA",3000001460,"QUAKER OAT VARIETY",31
1313006044,"NABISCO INSTANT BANA",3000001760,"QUAKER VRTY INST OAT",31
1313006044,"NABISCO INSTANT BANA",3000001880,"QUAKER FRUIT & CREAM",31
1313006044,"NABISCO INSTANT BANA",3000002190,"KRETSCHMER WHEAT GER",31
1313006044,"NABISCO INSTANT BANA",3000004170,"QUAKER Q/W HOMINY GR",31
1313006044,"NABISCO INSTANT BANA",3828125073,"DOM QUICK OATS",31
1313006044,"NABISCO INSTANT BANA",3828125077,"DOM QUICK OATS",31
1313006044,"NABISCO INSTANT BANA",3828125105,"DOM APPLE & CINNAMON",31
1313006044,"NABISCO INSTANT BANA",4240000105,"QUICK MALT O MEAL",31
1313006053,"~MIX N EAT BROWN SUG",3000002390,"~QUAKER MULTIGRAIN",31
3000001020,"QUAKER OATS REGULAR",3000026286,"QUAKER COOKIE BLAST-",31
3000001040,"QUAKER OLD FASHIONED",3000026286,"QUAKER COOKIE BLAST-",31
3000001190,"QUAKER INST OATML MP",3000026286,"QUAKER COOKIE BLAST-",31
3000001200,"QUICK QUAKER OATS",3000026286,"QUAKER COOKIE BLAST-",31
3000001210,"QUAKER INSTANT OATME",3000026286,"QUAKER COOKIE BLAST-",31
3000001240,"QUAKER INST OATML RS",3000026286,"QUAKER COOKIE BLAST-",31
3000001340,"QUAKER OATMEAL CINNA",3000026286,"QUAKER COOKIE BLAST-",31
3000001380,"QUAKER INST OATML AP",3000026286,"QUAKER COOKIE BLAST-",31
3000001570,"~QUAKER MAPLE OATMEA",3828125105,"DOM APPLE & CINNAMON",31
3000001880,"QUAKER FRUIT & CREAM",3000026286,"QUAKER COOKIE BLAST-",31
3000002620,"$QUAKER KIDS CHOICE",3000026288,"QUAKER QK N HEARTY R",31
3000004170,"QUAKER Q/W HOMINY GR",3000026286,"QUAKER COOKIE BLAST-",31
3000026286,"QUAKER COOKIE BLAST-",3828125073,"DOM QUICK OATS",31
3000026286,"QUAKER COOKIE BLAST-",3828125077,"DOM QUICK OATS",31
1112600301,"COCO WHEATS",3000001350,"QUAKER INST OAT & CI",30
1112600301,"COCO WHEATS",3000001570,"~QUAKER MAPLE OATMEA",30
1112600301,"COCO WHEATS",3000002350,"KRETCHMER HONEY WHT",30
1112600301,"COCO WHEATS",3000003790,"QUAKER INSTANT GRITS",30
1313000612,"CREAM OF WHEAT QUICK",3000026289,"QUAKER QK N HRTY BRW",30
1313006025,"MIX N EAT CREAM OF W",3000026289,"QUAKER QK N HRTY BRW",30
1313006044,"NABISCO INSTANT BANA",1313006053,"~MIX N EAT BROWN SUG",30
1313006044,"NABISCO INSTANT BANA",3000001340,"QUAKER OATMEAL CINNA",30
1313006044,"NABISCO INSTANT BANA",3000007060,"QUAKER HOT OAT BRAN",30
1313006044,"NABISCO INSTANT BANA",3828125085,"DOM INSTANT OATMEAL",30
1313006044,"NABISCO INSTANT BANA",3828125098,"DOM INSTANT OATMEAL",30
3000001020,"QUAKER OATS REGULAR",3000026289,"QUAKER QK N HRTY BRW",30
3000001040,"QUAKER OLD FASHIONED",3000026289,"QUAKER QK N HRTY BRW",30
3000001190,"QUAKER INST OATML MP",3000026289,"QUAKER QK N HRTY BRW",30
3000001200,"QUICK QUAKER OATS",3000026289,"QUAKER QK N HRTY BRW",30
3000001210,"QUAKER INSTANT OATME",3000026289,"QUAKER QK N HRTY BRW",30
3000001240,"QUAKER INST OATML RS",3000026289,"QUAKER QK N HRTY BRW",30
3000001380,"QUAKER INST OATML AP",3000026289,"QUAKER QK N HRTY BRW",30
3000001460,"QUAKER OAT VARIETY",3000026286,"QUAKER COOKIE BLAST-",30
3000001460,"QUAKER OAT VARIETY",3000026289,"QUAKER QK N HRTY BRW",30
3000001760,"QUAKER VRTY INST OAT",3000026286,"QUAKER COOKIE BLAST-",30
3000001760,"QUAKER VRTY INST OAT",3000026289,"QUAKER QK N HRTY BRW",30
3000001880,"QUAKER FRUIT & CREAM",3000026289,"QUAKER QK N HRTY BRW",30
3000002190,"KRETSCHMER WHEAT GER",3000026286,"QUAKER COOKIE BLAST-",30
3000002190,"KRETSCHMER WHEAT GER",3000026289,"QUAKER QK N HRTY BRW",30
3000004170,"QUAKER Q/W HOMINY GR",3000026289,"QUAKER QK N HRTY BRW",30
3000007060,"QUAKER HOT OAT BRAN",3000026286,"QUAKER COOKIE BLAST-",30
3000026286,"QUAKER COOKIE BLAST-",3828125085,"DOM INSTANT OATMEAL",30
3000026286,"QUAKER COOKIE BLAST-",3828125098,"DOM INSTANT OATMEAL",30
3000026286,"QUAKER COOKIE BLAST-",3828125105,"DOM APPLE & CINNAMON",30
3000026286,"QUAKER COOKIE BLAST-",4240000105,"QUICK MALT O MEAL",30
3000026289,"QUAKER QK N HRTY BRW",3828125073,"DOM QUICK OATS",30
3000026289,"QUAKER QK N HRTY BRW",3828125077,"DOM QUICK OATS",30
3000026289,"QUAKER QK N HRTY BRW",4240000105,"QUICK MALT O MEAL",30
1112600399,"COCO WHEATS PREPRICE",1313006053,"~MIX N EAT BROWN SUG",29
1313006044,"NABISCO INSTANT BANA",1800063070,"PILS FARINA",29
1313006044,"NABISCO INSTANT BANA",3000001800,"QUAKER INST OATML PE",29
1313006044,"NABISCO INSTANT BANA",3000026288,"QUAKER QK N HEARTY R",29
1313006053,"~MIX N EAT BROWN SUG",3000026289,"QUAKER QK N HRTY BRW",29
1800063070,"PILS FARINA",3000026286,"QUAKER COOKIE BLAST-",29
3000001340,"QUAKER OATMEAL CINNA",3000026289,"QUAKER QK N HRTY BRW",29
3000007060,"QUAKER HOT OAT BRAN",3000026289,"QUAKER QK N HRTY BRW",29
3000026288,"QUAKER QK N HEARTY R",3000026289,"QUAKER QK N HRTY BRW",29
3000026289,"QUAKER QK N HRTY BRW",3828125085,"DOM INSTANT OATMEAL",29
3000026289,"QUAKER QK N HRTY BRW",3828125098,"DOM INSTANT OATMEAL",29
3000026289,"QUAKER QK N HRTY BRW",3828125105,"DOM APPLE & CINNAMON",29
1112600301,"COCO WHEATS",3000001340,"QUAKER OATMEAL CINNA",28
1112600301,"COCO WHEATS",3000001820,"QUAKER INSTANT STRAW",28
1112600328,"COCO WHEATS",3000001580,"QUAKER APPLE CINAMON",28
1112600328,"COCO WHEATS",3000003790,"QUAKER INSTANT GRITS",28
1313000612,"CREAM OF WHEAT QUICK",1313006024,"~INSTANT CREAM OF WH",28
1313000612,"CREAM OF WHEAT QUICK",3000026287,"QUAKER QUICK N HEART",28
1313000622,"CREAM OF WHEAT INSTA",1313006024,"~INSTANT CREAM OF WH",28
1313000622,"CREAM OF WHEAT INSTA",3000026286,"QUAKER COOKIE BLAST-",28
1313006024,"~INSTANT CREAM OF WH",1313006025,"MIX N EAT CREAM OF W",28
1313006024,"~INSTANT CREAM OF WH",1313006035,"~MIX N EAT BROWN SUG",28
1313006024,"~INSTANT CREAM OF WH",1800063070,"PILS FARINA",28
1313006024,"~INSTANT CREAM OF WH",3000001020,"QUAKER OATS REGULAR",28
1313006024,"~INSTANT CREAM OF WH",3000001040,"QUAKER OLD FASHIONED",28
1313006024,"~INSTANT CREAM OF WH",3000001180,"QUICK QUAKER OATS",28
1313006024,"~INSTANT CREAM OF WH",3000001190,"QUAKER INST OATML MP",28
1313006024,"~INSTANT CREAM OF WH",3000001200,"QUICK QUAKER OATS",28
1313006024,"~INSTANT CREAM OF WH",3000001240,"QUAKER INST OATML RS",28
1313006024,"~INSTANT CREAM OF WH",3000001380,"QUAKER INST OATML AP",28
1313006024,"~INSTANT CREAM OF WH",3000001800,"QUAKER INST OATML PE",28
1313006024,"~INSTANT CREAM OF WH",3000007060,"QUAKER HOT OAT BRAN",28
1313006024,"~INSTANT CREAM OF WH",3828125073,"DOM QUICK OATS",28
1313006024,"~INSTANT CREAM OF WH",3828125077,"DOM QUICK OATS",28
1313006025,"MIX N EAT CREAM OF W",3000026287,"QUAKER QUICK N HEART",28
1313006035,"~MIX N EAT BROWN SUG",1313006044,"NABISCO INSTANT BANA",28
1313006035,"~MIX N EAT BROWN SUG",3000026286,"QUAKER COOKIE BLAST-",28
1313006035,"~MIX N EAT BROWN SUG",3000026287,"QUAKER QUICK N HEART",28
1313006035,"~MIX N EAT BROWN SUG",3000026289,"QUAKER QK N HRTY BRW",28
1313006044,"NABISCO INSTANT BANA",3000002620,"$QUAKER KIDS CHOICE",28
1313006044,"NABISCO INSTANT BANA",3000026289,"QUAKER QK N HRTY BRW",28
1313006044,"NABISCO INSTANT BANA",3828125081,"DOM INSTANT OATMEAL",28
1313006053,"~MIX N EAT BROWN SUG",3000026286,"QUAKER COOKIE BLAST-",28
1313006057,"INST CRM OF WHT-VARI",3000026288,"QUAKER QK N HEARTY R",28
1800063070,"PILS FARINA",3000026287,"QUAKER QUICK N HEART",28
1800063070,"PILS FARINA",3000026289,"QUAKER QK N HRTY BRW",28
3000001020,"QUAKER OATS REGULAR",3000026287,"QUAKER QUICK N HEART",28
3000001040,"QUAKER OLD FASHIONED",3000026287,"QUAKER QUICK N HEART",28
3000001180,"QUICK QUAKER OATS",3000026286,"QUAKER COOKIE BLAST-",28
3000001190,"QUAKER INST OATML MP",3000026287,"QUAKER QUICK N HEART",28
3000001200,"QUICK QUAKER OATS",3000026287,"QUAKER QUICK N HEART",28
3000001210,"QUAKER INSTANT OATME",3000026287,"QUAKER QUICK N HEART",28
3000001240,"QUAKER INST OATML RS",3000026287,"QUAKER QUICK N HEART",28
3000001380,"QUAKER INST OATML AP",3000026287,"QUAKER QUICK N HEART",28
3000001460,"QUAKER OAT VARIETY",3000026287,"QUAKER QUICK N HEART",28
3000001760,"QUAKER VRTY INST OAT",3000026287,"QUAKER QUICK N HEART",28
3000001880,"QUAKER FRUIT & CREAM",3000026287,"QUAKER QUICK N HEART",28
3000002190,"KRETSCHMER WHEAT GER",3000026287,"QUAKER QUICK N HEART",28
3000002300,"~KIDS CHOICE STRWBRY",3000002720,"KRETCHMER TOASTED WH",28
3000002620,"$QUAKER KIDS CHOICE",3000026289,"QUAKER QK N HRTY BRW",28
3000004170,"QUAKER Q/W HOMINY GR",3000026287,"QUAKER QUICK N HEART",28
3000026286,"QUAKER COOKIE BLAST-",3000026288,"QUAKER QK N HEARTY R",28
3000026286,"QUAKER COOKIE BLAST-",3828125081,"DOM INSTANT OATMEAL",28
3000026287,"QUAKER QUICK N HEART",3828125073,"DOM QUICK OATS",28
3000026287,"QUAKER QUICK N HEART",3828125077,"DOM QUICK OATS",28
3000026287,"QUAKER QUICK N HEART",3828125085,"DOM INSTANT OATMEAL",28
3000026287,"QUAKER QUICK N HEART",4240000105,"QUICK MALT O MEAL",28
1112600328,"COCO WHEATS",3000026288,"QUAKER QK N HEARTY R",27
1313000602,"NABISCO CREAM OF WHT",3000026288,"QUAKER QK N HEARTY R",27
1313000612,"CREAM OF WHEAT QUICK",7382550020,"FFDS CRAN/OAT HOT CE",27
1313000622,"CREAM OF WHEAT INSTA",1313006044,"NABISCO INSTANT BANA",27
1313006024,"~INSTANT CREAM OF WH",3000001340,"QUAKER OATMEAL CINNA",27
1313006024,"~INSTANT CREAM OF WH",3000001880,"QUAKER FRUIT & CREAM",27
1313006024,"~INSTANT CREAM OF WH",3000004170,"QUAKER Q/W HOMINY GR",27
1313006024,"~INSTANT CREAM OF WH",3828125105,"DOM APPLE & CINNAMON",27
1313006025,"MIX N EAT CREAM OF W",7382550020,"FFDS CRAN/OAT HOT CE",27
1313006031,"CRM OF WHT INST APPL",3000026286,"QUAKER COOKIE BLAST-",27
1313006044,"NABISCO INSTANT BANA",3000001180,"QUICK QUAKER OATS",27
1313006053,"~MIX N EAT BROWN SUG",3000026287,"QUAKER QUICK N HEART",27
1313006058,"~INS CREAM OF WHEAT-",3000001590,"QUAKER OAT CUPS RAIS",27
1313006058,"~INS CREAM OF WHEAT-",6414408037,"MAYPO MAPLE FLAVORED",27
3000001020,"QUAKER OATS REGULAR",7382550020,"FFDS CRAN/OAT HOT CE",27
3000001040,"QUAKER OLD FASHIONED",7382550020,"FFDS CRAN/OAT HOT CE",27
3000001190,"QUAKER INST OATML MP",7382550020,"FFDS CRAN/OAT HOT CE",27
3000001200,"QUICK QUAKER OATS",7382550020,"FFDS CRAN/OAT HOT CE",27
3000001210,"QUAKER INSTANT OATME",7382550020,"FFDS CRAN/OAT HOT CE",27
3000001240,"QUAKER INST OATML RS",7382550020,"FFDS CRAN/OAT HOT CE",27
3000001340,"QUAKER OATMEAL CINNA",3000026287,"QUAKER QUICK N HEART",27
3000001340,"QUAKER OATMEAL CINNA",7382550020,"FFDS CRAN/OAT HOT CE",27
3000001380,"QUAKER INST OATML AP",7382550020,"FFDS CRAN/OAT HOT CE",27
3000001760,"QUAKER VRTY INST OAT",7382550020,"FFDS CRAN/OAT HOT CE",27
3000001800,"QUAKER INST OATML PE",3000026286,"QUAKER COOKIE BLAST-",27
3000001800,"QUAKER INST OATML PE",3000026287,"QUAKER QUICK N HEART",27
3000001800,"QUAKER INST OATML PE",3000026289,"QUAKER QK N HRTY BRW",27
3000001880,"QUAKER FRUIT & CREAM",7382550020,"FFDS CRAN/OAT HOT CE",27
3000002190,"KRETSCHMER WHEAT GER",7382550020,"FFDS CRAN/OAT HOT CE",27
3000002300,"~KIDS CHOICE STRWBRY",3000002390,"~QUAKER MULTIGRAIN",27
3000004170,"QUAKER Q/W HOMINY GR",7382550020,"FFDS CRAN/OAT HOT CE",27
3000007060,"QUAKER HOT OAT BRAN",3000026287,"QUAKER QUICK N HEART",27
3000026287,"QUAKER QUICK N HEART",3828125098,"DOM INSTANT OATMEAL",27
3000026287,"QUAKER QUICK N HEART",3828125105,"DOM APPLE & CINNAMON",27
3000026289,"QUAKER QK N HRTY BRW",3828125081,"DOM INSTANT OATMEAL",27
3828125073,"DOM QUICK OATS",7382550020,"FFDS CRAN/OAT HOT CE",27
3828125077,"DOM QUICK OATS",7382550020,"FFDS CRAN/OAT HOT CE",27
1112600399,"COCO WHEATS PREPRICE",3000001590,"QUAKER OAT CUPS RAIS",26
1313000622,"CREAM OF WHEAT INSTA",3000026287,"QUAKER QUICK N HEART",26
1313000622,"CREAM OF WHEAT INSTA",3000026289,"QUAKER QK N HRTY BRW",26
1313000698,"NABISCO CREAM OF RIC",1313006044,"NABISCO INSTANT BANA",26
1313000698,"NABISCO CREAM OF RIC",3000026286,"QUAKER COOKIE BLAST-",26
1313006024,"~INSTANT CREAM OF WH",3000001210,"QUAKER INSTANT OATME",26
1313006024,"~INSTANT CREAM OF WH",3000004760,"QUAKER INSTANT GRITS",26
1313006031,"CRM OF WHT INST APPL",1313006044,"NABISCO INSTANT BANA",26
1313006044,"NABISCO INSTANT BANA",3000026287,"QUAKER QUICK N HEART",26
3000001180,"QUICK QUAKER OATS",3000026287,"QUAKER QUICK N HEART",26
3000001180,"QUICK QUAKER OATS",3000026289,"QUAKER QK N HRTY BRW",26
3000001460,"QUAKER OAT VARIETY",7382550020,"FFDS CRAN/OAT HOT CE",26
3000002300,"~KIDS CHOICE STRWBRY",3828125105,"DOM APPLE & CINNAMON",26
3000002350,"KRETCHMER HONEY WHT",3000026288,"QUAKER QK N HEARTY R",26
3000002620,"$QUAKER KIDS CHOICE",3000026286,"QUAKER COOKIE BLAST-",26
3000007060,"QUAKER HOT OAT BRAN",7382550020,"FFDS CRAN/OAT HOT CE",26
3000026287,"QUAKER QUICK N HEART",3000026288,"QUAKER QK N HEARTY R",26
3000026287,"QUAKER QUICK N HEART",3000026289,"QUAKER QK N HRTY BRW",26
3000026288,"QUAKER QK N HEARTY R",7382550020,"FFDS CRAN/OAT HOT CE",26
3828125085,"DOM INSTANT OATMEAL",7382550020,"FFDS CRAN/OAT HOT CE",26
3828125098,"DOM INSTANT OATMEAL",7382550020,"FFDS CRAN/OAT HOT CE",26
3828125105,"DOM APPLE & CINNAMON",7382550020,"FFDS CRAN/OAT HOT CE",26
4240000105,"QUICK MALT O MEAL",7382550020,"FFDS CRAN/OAT HOT CE",26
1313000612,"CREAM OF WHEAT QUICK",7382550022,"FANTASTIC FOODS BANA",25
1313000698,"NABISCO CREAM OF RIC",3000026289,"QUAKER QK N HRTY BRW",25
1313006024,"~INSTANT CREAM OF WH",1313006031,"CRM OF WHT INST APPL",25
1313006024,"~INSTANT CREAM OF WH",3000001460,"QUAKER OAT VARIETY",25
1313006024,"~INSTANT CREAM OF WH",3000002190,"KRETSCHMER WHEAT GER",25
1313006025,"MIX N EAT CREAM OF W",7382550022,"FANTASTIC FOODS BANA",25
1313006031,"CRM OF WHT INST APPL",3000026289,"QUAKER QK N HRTY BRW",25
1313006044,"NABISCO INSTANT BANA",1313006057,"INST CRM OF WHT-VARI",25
1313006053,"~MIX N EAT BROWN SUG",7382550020,"FFDS CRAN/OAT HOT CE",25
1313006057,"INST CRM OF WHT-VARI",3000026289,"QUAKER QK N HRTY BRW",25
1800063070,"PILS FARINA",7382550020,"FFDS CRAN/OAT HOT CE",25
3000001020,"QUAKER OATS REGULAR",7382550022,"FANTASTIC FOODS BANA",25
3000001040,"QUAKER OLD FASHIONED",7382550022,"FANTASTIC FOODS BANA",25
3000001190,"QUAKER INST OATML MP",7382550022,"FANTASTIC FOODS BANA",25
3000001200,"QUICK QUAKER OATS",7382550022,"FANTASTIC FOODS BANA",25
3000001210,"QUAKER INSTANT OATME",7382550022,"FANTASTIC FOODS BANA",25
3000001240,"QUAKER INST OATML RS",7382550022,"FANTASTIC FOODS BANA",25
3000001340,"QUAKER OATMEAL CINNA",7382550022,"FANTASTIC FOODS BANA",25
3000001380,"QUAKER INST OATML AP",7382550022,"FANTASTIC FOODS BANA",25
3000001760,"QUAKER VRTY INST OAT",7382550022,"FANTASTIC FOODS BANA",25
3000001880,"QUAKER FRUIT & CREAM",7382550022,"FANTASTIC FOODS BANA",25
3000002190,"KRETSCHMER WHEAT GER",7382550022,"FANTASTIC FOODS BANA",25
3000002620,"$QUAKER KIDS CHOICE",3000026287,"QUAKER QUICK N HEART",25
3000002620,"$QUAKER KIDS CHOICE",7382550020,"FFDS CRAN/OAT HOT CE",25
3000004170,"QUAKER Q/W HOMINY GR",7382550022,"FANTASTIC FOODS BANA",25
3000026287,"QUAKER QUICK N HEART",3828125081,"DOM INSTANT OATMEAL",25
3828125073,"DOM QUICK OATS",7382550022,"FANTASTIC FOODS BANA",25
3828125077,"DOM QUICK OATS",7382550022,"FANTASTIC FOODS BANA",25
1112600301,"COCO WHEATS",1313006058,"~INS CREAM OF WHEAT-",24
1112600301,"COCO WHEATS",3000001580,"QUAKER APPLE CINAMON",24
1112600301,"COCO WHEATS",3000001700,"QUAKER MAPLE BR SGR",24
1112600328,"COCO WHEATS",1313006044,"NABISCO INSTANT BANA",24
1112600328,"COCO WHEATS",3000026286,"QUAKER COOKIE BLAST-",24
1112600328,"COCO WHEATS",3000026289,"QUAKER QK N HRTY BRW",24
1112600328,"COCO WHEATS",7382550020,"FFDS CRAN/OAT HOT CE",24
1313000602,"NABISCO CREAM OF WHT",1313006044,"NABISCO INSTANT BANA",24
1313000698,"NABISCO CREAM OF RIC",3000026287,"QUAKER QUICK N HEART",24
1313006024,"~INSTANT CREAM OF WH",3000001760,"QUAKER VRTY INST OAT",24
1313006024,"~INSTANT CREAM OF WH",3000001820,"QUAKER INSTANT STRAW",24
1313006024,"~INSTANT CREAM OF WH",3000002620,"$QUAKER KIDS CHOICE",24
1313006024,"~INSTANT CREAM OF WH",3828125081,"DOM INSTANT OATMEAL",24
1313006024,"~INSTANT CREAM OF WH",3828125085,"DOM INSTANT OATMEAL",24
1313006024,"~INSTANT CREAM OF WH",3828125098,"DOM INSTANT OATMEAL",24
1313006035,"~MIX N EAT BROWN SUG",7382550020,"FFDS CRAN/OAT HOT CE",24
1313006053,"~MIX N EAT BROWN SUG",7382550022,"FANTASTIC FOODS BANA",24
3000001180,"QUICK QUAKER OATS",7382550020,"FFDS CRAN/OAT HOT CE",24
3000001460,"QUAKER OAT VARIETY",7382550022,"FANTASTIC FOODS BANA",24
3000001590,"QUAKER OAT CUPS RAIS",6414408037,"MAYPO MAPLE FLAVORED",24
3000007060,"QUAKER HOT OAT BRAN",7382550022,"FANTASTIC FOODS BANA",24
3000026288,"QUAKER QK N HEARTY R",7382550022,"FANTASTIC FOODS BANA",24
3828125081,"DOM INSTANT OATMEAL",7382550020,"FFDS CRAN/OAT HOT CE",24
3828125085,"DOM INSTANT OATMEAL",7382550022,"FANTASTIC FOODS BANA",24
3828125098,"DOM INSTANT OATMEAL",7382550022,"FANTASTIC FOODS BANA",24
3828125105,"DOM APPLE & CINNAMON",7382550022,"FANTASTIC FOODS BANA",24
4240000105,"QUICK MALT O MEAL",7382550022,"FANTASTIC FOODS BANA",24
1313000602,"NABISCO CREAM OF WHT",3000026286,"QUAKER COOKIE BLAST-",23
1313000622,"CREAM OF WHEAT INSTA",7382550020,"FFDS CRAN/OAT HOT CE",23
1313000698,"NABISCO CREAM OF RIC",7382550020,"FFDS CRAN/OAT HOT CE",23
1313006031,"CRM OF WHT INST APPL",3000026287,"QUAKER QUICK N HEART",23
1313006035,"~MIX N EAT BROWN SUG",7382550022,"FANTASTIC FOODS BANA",23
1313006044,"NABISCO INSTANT BANA",3000026286,"QUAKER COOKIE BLAST-",23
1313006057,"INST CRM OF WHT-VARI",3000026286,"QUAKER COOKIE BLAST-",23
1800063070,"PILS FARINA",7382550022,"FANTASTIC FOODS BANA",23
3000001800,"QUAKER INST OATML PE",7382550020,"FFDS CRAN/OAT HOT CE",23
3000002350,"KRETCHMER HONEY WHT",3000026287,"QUAKER QUICK N HEART",23
3000026289,"QUAKER QK N HRTY BRW",7382550020,"FFDS CRAN/OAT HOT CE",23
7382550020,"FFDS CRAN/OAT HOT CE",7382550022,"FANTASTIC FOODS BANA",23
1112600301,"COCO WHEATS",3000001000,"QUAKER VARIETY OATCU",22
1112600328,"COCO WHEATS",1313006058,"~INS CREAM OF WHEAT-",22
1112600328,"COCO WHEATS",3000026287,"QUAKER QUICK N HEART",22
1313000602,"NABISCO CREAM OF WHT",3000026289,"QUAKER QK N HRTY BRW",22
1313000698,"NABISCO CREAM OF RIC",1313006024,"~INSTANT CREAM OF WH",22
1313000698,"NABISCO CREAM OF RIC",7382550022,"FANTASTIC FOODS BANA",22
1313006024,"~INSTANT CREAM OF WH",1313006057,"INST CRM OF WHT-VARI",22
1313006031,"CRM OF WHT INST APPL",7382550020,"FFDS CRAN/OAT HOT CE",22
1313006044,"NABISCO INSTANT BANA",3000002350,"KRETCHMER HONEY WHT",22
1313006044,"NABISCO INSTANT BANA",7382550020,"FFDS CRAN/OAT HOT CE",22
1313006057,"INST CRM OF WHT-VARI",3000026287,"QUAKER QUICK N HEART",22
1313006057,"INST CRM OF WHT-VARI",7382550020,"FFDS CRAN/OAT HOT CE",22
3000001180,"QUICK QUAKER OATS",7382550022,"FANTASTIC FOODS BANA",22
3000001800,"QUAKER INST OATML PE",7382550022,"FANTASTIC FOODS BANA",22
3000002350,"KRETCHMER HONEY WHT",3000026286,"QUAKER COOKIE BLAST-",22
3000002620,"$QUAKER KIDS CHOICE",7382550022,"FANTASTIC FOODS BANA",22
3000026286,"QUAKER COOKIE BLAST-",3000026289,"QUAKER QK N HRTY BRW",22
3000026286,"QUAKER COOKIE BLAST-",7382550020,"FFDS CRAN/OAT HOT CE",22
3000026289,"QUAKER QK N HRTY BRW",7382550022,"FANTASTIC FOODS BANA",22
3828125081,"DOM INSTANT OATMEAL",7382550022,"FANTASTIC FOODS BANA",22
1112600399,"COCO WHEATS PREPRICE",6414408037,"MAYPO MAPLE FLAVORED",21
1313000602,"NABISCO CREAM OF WHT",1800063061,"~PILLS FARINA APPLES",21
1313000612,"CREAM OF WHEAT QUICK",1800063061,"~PILLS FARINA APPLES",21
1313000622,"CREAM OF WHEAT INSTA",1800063061,"~PILLS FARINA APPLES",21
1313000622,"CREAM OF WHEAT INSTA",7382550022,"FANTASTIC FOODS BANA",21
1313006025,"MIX N EAT CREAM OF W",1800063061,"~PILLS FARINA APPLES",21
1313006035,"~MIX N EAT BROWN SUG",1800063061,"~PILLS FARINA APPLES",21
1313006044,"NABISCO INSTANT BANA",7382550022,"FANTASTIC FOODS BANA",21
1313006057,"INST CRM OF WHT-VARI",1800063061,"~PILLS FARINA APPLES",21
1800063061,"~PILLS FARINA APPLES",1800063070,"PILS FARINA",21
1800063061,"~PILLS FARINA APPLES",3000001020,"QUAKER OATS REGULAR",21
1800063061,"~PILLS FARINA APPLES",3000001040,"QUAKER OLD FASHIONED",21
1800063061,"~PILLS FARINA APPLES",3000001180,"QUICK QUAKER OATS",21
1800063061,"~PILLS FARINA APPLES",3000001200,"QUICK QUAKER OATS",21
1800063061,"~PILLS FARINA APPLES",3000001210,"QUAKER INSTANT OATME",21
1800063061,"~PILLS FARINA APPLES",3000001240,"QUAKER INST OATML RS",21
1800063061,"~PILLS FARINA APPLES",3000001340,"QUAKER OATMEAL CINNA",21
1800063061,"~PILLS FARINA APPLES",3000001380,"QUAKER INST OATML AP",21
1800063061,"~PILLS FARINA APPLES",3000001460,"QUAKER OAT VARIETY",21
1800063061,"~PILLS FARINA APPLES",3000001800,"QUAKER INST OATML PE",21
1800063061,"~PILLS FARINA APPLES",3000001820,"QUAKER INSTANT STRAW",21
1800063061,"~PILLS FARINA APPLES",3000001880,"QUAKER FRUIT & CREAM",21
1800063061,"~PILLS FARINA APPLES",3000002190,"KRETSCHMER WHEAT GER",21
1800063061,"~PILLS FARINA APPLES",3000002390,"~QUAKER MULTIGRAIN",21
1800063061,"~PILLS FARINA APPLES",3000004170,"QUAKER Q/W HOMINY GR",21
1800063061,"~PILLS FARINA APPLES",3000004760,"QUAKER INSTANT GRITS",21
1800063061,"~PILLS FARINA APPLES",3000007060,"QUAKER HOT OAT BRAN",21
1800063061,"~PILLS FARINA APPLES",3828125073,"DOM QUICK OATS",21
1800063061,"~PILLS FARINA APPLES",3828125077,"DOM QUICK OATS",21
1800063061,"~PILLS FARINA APPLES",3828125081,"DOM INSTANT OATMEAL",21
1800063061,"~PILLS FARINA APPLES",3828125085,"DOM INSTANT OATMEAL",21
1800063061,"~PILLS FARINA APPLES",3828125098,"DOM INSTANT OATMEAL",21
3000002350,"KRETCHMER HONEY WHT",3000026289,"QUAKER QK N HRTY BRW",21
1112600328,"COCO WHEATS",7382550022,"FANTASTIC FOODS BANA",20
1313000602,"NABISCO CREAM OF WHT",3000026287,"QUAKER QUICK N HEART",20
1313006024,"~INSTANT CREAM OF WH",1313006053,"~MIX N EAT BROWN SUG",20
1313006031,"CRM OF WHT INST APPL",7382550022,"FANTASTIC FOODS BANA",20
1313006057,"INST CRM OF WHT-VARI",7382550022,"FANTASTIC FOODS BANA",20
1800063061,"~PILLS FARINA APPLES",4240000105,"QUICK MALT O MEAL",20
3000001580,"QUAKER APPLE CINAMON",3000002620,"$QUAKER KIDS CHOICE",20
3000002390,"~QUAKER MULTIGRAIN",3000003790,"QUAKER INSTANT GRITS",20
3000026286,"QUAKER COOKIE BLAST-",3000026287,"QUAKER QUICK N HEART",20
3000026286,"QUAKER COOKIE BLAST-",7382550022,"FANTASTIC FOODS BANA",20
1313000602,"NABISCO CREAM OF WHT",7382550020,"FFDS CRAN/OAT HOT CE",19
1313000602,"NABISCO CREAM OF WHT",7382550022,"FANTASTIC FOODS BANA",19
1313000612,"CREAM OF WHEAT QUICK",1313006050,"~CRM OF WHT INST GRA",19
1313000622,"CREAM OF WHEAT INSTA",1313006050,"~CRM OF WHT INST GRA",19
1313006024,"~INSTANT CREAM OF WH",3000001570,"~QUAKER MAPLE OATMEA",19
1313006025,"MIX N EAT CREAM OF W",1313006050,"~CRM OF WHT INST GRA",19
1313006050,"~CRM OF WHT INST GRA",1800063070,"PILS FARINA",19
1313006050,"~CRM OF WHT INST GRA",3000001020,"QUAKER OATS REGULAR",19
1313006050,"~CRM OF WHT INST GRA",3000001040,"QUAKER OLD FASHIONED",19
1313006050,"~CRM OF WHT INST GRA",3000001180,"QUICK QUAKER OATS",19
1313006050,"~CRM OF WHT INST GRA",3000001190,"QUAKER INST OATML MP",19
1313006050,"~CRM OF WHT INST GRA",3000001200,"QUICK QUAKER OATS",19
1313006050,"~CRM OF WHT INST GRA",3000001210,"QUAKER INSTANT OATME",19
1313006050,"~CRM OF WHT INST GRA",3000001240,"QUAKER INST OATML RS",19
1313006050,"~CRM OF WHT INST GRA",3000001380,"QUAKER INST OATML AP",19
1313006050,"~CRM OF WHT INST GRA",3000001460,"QUAKER OAT VARIETY",19
1313006050,"~CRM OF WHT INST GRA",3000001800,"QUAKER INST OATML PE",19
1313006050,"~CRM OF WHT INST GRA",3000002190,"KRETSCHMER WHEAT GER",19
1313006050,"~CRM OF WHT INST GRA",3000004170,"QUAKER Q/W HOMINY GR",19
1313006050,"~CRM OF WHT INST GRA",3000004760,"QUAKER INSTANT GRITS",19
1313006050,"~CRM OF WHT INST GRA",3000007060,"QUAKER HOT OAT BRAN",19
1313006050,"~CRM OF WHT INST GRA",3828125077,"DOM QUICK OATS",19
1800063061,"~PILLS FARINA APPLES",3000002350,"KRETCHMER HONEY WHT",19
3000002350,"KRETCHMER HONEY WHT",7382550020,"FFDS CRAN/OAT HOT CE",19
3000026287,"QUAKER QUICK N HEART",7382550020,"FFDS CRAN/OAT HOT CE",19
3000026287,"QUAKER QUICK N HEART",7382550022,"FANTASTIC FOODS BANA",19
1313006024,"~INSTANT CREAM OF WH",4240000105,"QUICK MALT O MEAL",18
1313006035,"~MIX N EAT BROWN SUG",1313006050,"~CRM OF WHT INST GRA",18
1313006050,"~CRM OF WHT INST GRA",3000001340,"QUAKER OATMEAL CINNA",18
1313006050,"~CRM OF WHT INST GRA",3000001820,"QUAKER INSTANT STRAW",18
1313006050,"~CRM OF WHT INST GRA",3000001880,"QUAKER FRUIT & CREAM",18
1313006050,"~CRM OF WHT INST GRA",3828125073,"DOM QUICK OATS",18
1800063061,"~PILLS FARINA APPLES",3000001190,"QUAKER INST OATML MP",18
1800063061,"~PILLS FARINA APPLES",3000002720,"KRETCHMER TOASTED WH",18
1313000602,"NABISCO CREAM OF WHT",1313006024,"~INSTANT CREAM OF WH",17
1313000602,"NABISCO CREAM OF WHT",3000002360,"QUAKER OATS PLUS FIB",17
1313000612,"CREAM OF WHEAT QUICK",3000002360,"QUAKER OATS PLUS FIB",17
1313000622,"CREAM OF WHEAT INSTA",3000002360,"QUAKER OATS PLUS FIB",17
1313000698,"NABISCO CREAM OF RIC",1313006050,"~CRM OF WHT INST GRA",17
1313000698,"NABISCO CREAM OF RIC",3000002360,"QUAKER OATS PLUS FIB",17
1313006025,"MIX N EAT CREAM OF W",3000002360,"QUAKER OATS PLUS FIB",17
1313006050,"~CRM OF WHT INST GRA",1313006057,"INST CRM OF WHT-VARI",17
1313006050,"~CRM OF WHT INST GRA",4240000105,"QUICK MALT O MEAL",17
1800063061,"~PILLS FARINA APPLES",3000001760,"QUAKER VRTY INST OAT",17
1800063061,"~PILLS FARINA APPLES",3000002620,"$QUAKER KIDS CHOICE",17
1800063070,"PILS FARINA",3000002360,"QUAKER OATS PLUS FIB",17
3000001020,"QUAKER OATS REGULAR",3000002360,"QUAKER OATS PLUS FIB",17
3000001040,"QUAKER OLD FASHIONED",3000002360,"QUAKER OATS PLUS FIB",17
3000001180,"QUICK QUAKER OATS",3000002360,"QUAKER OATS PLUS FIB",17
3000001190,"QUAKER INST OATML MP",3000002360,"QUAKER OATS PLUS FIB",17
3000001200,"QUICK QUAKER OATS",3000002360,"QUAKER OATS PLUS FIB",17
3000001210,"QUAKER INSTANT OATME",3000002360,"QUAKER OATS PLUS FIB",17
3000001240,"QUAKER INST OATML RS",3000002360,"QUAKER OATS PLUS FIB",17
3000001340,"QUAKER OATMEAL CINNA",3000002360,"QUAKER OATS PLUS FIB",17
3000001380,"QUAKER INST OATML AP",3000002360,"QUAKER OATS PLUS FIB",17
3000001460,"QUAKER OAT VARIETY",3000002360,"QUAKER OATS PLUS FIB",17
3000001570,"~QUAKER MAPLE OATMEA",3000002360,"QUAKER OATS PLUS FIB",17
3000001590,"QUAKER OAT CUPS RAIS",3000002390,"~QUAKER MULTIGRAIN",17
3000001820,"QUAKER INSTANT STRAW",3000002360,"QUAKER OATS PLUS FIB",17
3000001820,"QUAKER INSTANT STRAW",3000026288,"QUAKER QK N HEARTY R",17
3000001880,"QUAKER FRUIT & CREAM",3000002360,"QUAKER OATS PLUS FIB",17
3000002190,"KRETSCHMER WHEAT GER",3000002360,"QUAKER OATS PLUS FIB",17
3000002350,"KRETCHMER HONEY WHT",3000002360,"QUAKER OATS PLUS FIB",17
3000002350,"KRETCHMER HONEY WHT",7382550022,"FANTASTIC FOODS BANA",17
3000002360,"QUAKER OATS PLUS FIB",3000003790,"QUAKER INSTANT GRITS",17
3000002360,"QUAKER OATS PLUS FIB",3000004170,"QUAKER Q/W HOMINY GR",17
3000002360,"QUAKER OATS PLUS FIB",3000007060,"QUAKER HOT OAT BRAN",17
1313000612,"CREAM OF WHEAT QUICK",7382550019,"FANTASTIC FDS APPLE",16
1313006025,"MIX N EAT CREAM OF W",7382550019,"FANTASTIC FDS APPLE",16
1313006050,"~CRM OF WHT INST GRA",3000001570,"~QUAKER MAPLE OATMEA",16
1313006050,"~CRM OF WHT INST GRA",3000002300,"~KIDS CHOICE STRWBRY",16
1313006053,"~MIX N EAT BROWN SUG",3000002360,"QUAKER OATS PLUS FIB",16
1313006053,"~MIX N EAT BROWN SUG",7382550019,"FANTASTIC FDS APPLE",16
1800063061,"~PILLS FARINA APPLES",3000001570,"~QUAKER MAPLE OATMEA",16
1800063070,"PILS FARINA",7382550019,"FANTASTIC FDS APPLE",16
3000001020,"QUAKER OATS REGULAR",7382550019,"FANTASTIC FDS APPLE",16
3000001040,"QUAKER OLD FASHIONED",7382550019,"FANTASTIC FDS APPLE",16
3000001180,"QUICK QUAKER OATS",7382550019,"FANTASTIC FDS APPLE",16
3000001190,"QUAKER INST OATML MP",7382550019,"FANTASTIC FDS APPLE",16
3000001200,"QUICK QUAKER OATS",7382550019,"FANTASTIC FDS APPLE",16
3000001210,"QUAKER INSTANT OATME",7382550019,"FANTASTIC FDS APPLE",16
3000001240,"QUAKER INST OATML RS",7382550019,"FANTASTIC FDS APPLE",16
3000001380,"QUAKER INST OATML AP",7382550019,"FANTASTIC FDS APPLE",16
3000001580,"QUAKER APPLE CINAMON",3000002720,"KRETCHMER TOASTED WH",16
3000001760,"QUAKER VRTY INST OAT",3000002360,"QUAKER OATS PLUS FIB",16
3000001760,"QUAKER VRTY INST OAT",7382550019,"FANTASTIC FDS APPLE",16
3000001800,"QUAKER INST OATML PE",3000002360,"QUAKER OATS PLUS FIB",16
3000001800,"QUAKER INST OATML PE",7382550019,"FANTASTIC FDS APPLE",16
3000001820,"QUAKER INSTANT STRAW",3000026286,"QUAKER COOKIE BLAST-",16
3000001880,"QUAKER FRUIT & CREAM",7382550019,"FANTASTIC FDS APPLE",16
3000002190,"KRETSCHMER WHEAT GER",7382550019,"FANTASTIC FDS APPLE",16
3000002360,"QUAKER OATS PLUS FIB",3000002390,"~QUAKER MULTIGRAIN",16
3000002360,"QUAKER OATS PLUS FIB",4240000105,"QUICK MALT O MEAL",16
3000004170,"QUAKER Q/W HOMINY GR",7382550019,"FANTASTIC FDS APPLE",16
3000007060,"QUAKER HOT OAT BRAN",7382550019,"FANTASTIC FDS APPLE",16
3828125073,"DOM QUICK OATS",7382550019,"FANTASTIC FDS APPLE",16
3828125077,"DOM QUICK OATS",7382550019,"FANTASTIC FDS APPLE",16
3828125105,"DOM APPLE & CINNAMON",7382550019,"FANTASTIC FDS APPLE",16
1112600328,"COCO WHEATS",3000001700,"QUAKER MAPLE BR SGR",15
1313000602,"NABISCO CREAM OF WHT",1313006050,"~CRM OF WHT INST GRA",15
1313000602,"NABISCO CREAM OF WHT",7382550019,"FANTASTIC FDS APPLE",15
1313006035,"~MIX N EAT BROWN SUG",7382550019,"FANTASTIC FDS APPLE",15
1313006044,"NABISCO INSTANT BANA",3000001820,"QUAKER INSTANT STRAW",15
1313006050,"~CRM OF WHT INST GRA",3000001760,"QUAKER VRTY INST OAT",15
1313006050,"~CRM OF WHT INST GRA",3000002620,"$QUAKER KIDS CHOICE",15
1313006050,"~CRM OF WHT INST GRA",3828125081,"DOM INSTANT OATMEAL",15
1313006050,"~CRM OF WHT INST GRA",3828125085,"DOM INSTANT OATMEAL",15
1313006057,"INST CRM OF WHT-VARI",3000002360,"QUAKER OATS PLUS FIB",15
1313006057,"INST CRM OF WHT-VARI",7382550019,"FANTASTIC FDS APPLE",15
3000001340,"QUAKER OATMEAL CINNA",7382550019,"FANTASTIC FDS APPLE",15
3000001460,"QUAKER OAT VARIETY",7382550019,"FANTASTIC FDS APPLE",15
3000001580,"QUAKER APPLE CINAMON",3000002360,"QUAKER OATS PLUS FIB",15
3000001590,"QUAKER OAT CUPS RAIS",3000002360,"QUAKER OATS PLUS FIB",15
3000001820,"QUAKER INSTANT STRAW",3000026289,"QUAKER QK N HRTY BRW",15
3000001820,"QUAKER INSTANT STRAW",7382550020,"FFDS CRAN/OAT HOT CE",15
3000002360,"QUAKER OATS PLUS FIB",3000004760,"QUAKER INSTANT GRITS",15
3828125085,"DOM INSTANT OATMEAL",7382550019,"FANTASTIC FDS APPLE",15
3828125098,"DOM INSTANT OATMEAL",7382550019,"FANTASTIC FDS APPLE",15
4240000105,"QUICK MALT O MEAL",7382550019,"FANTASTIC FDS APPLE",15
1112600328,"COCO WHEATS",3000001000,"QUAKER VARIETY OATCU",14
1112600328,"COCO WHEATS",3000001350,"QUAKER INST OAT & CI",14
1112600328,"COCO WHEATS",3000001590,"QUAKER OAT CUPS RAIS",14
1112600328,"COCO WHEATS",7382550019,"FANTASTIC FDS APPLE",14
1313000622,"CREAM OF WHEAT INSTA",7382550019,"FANTASTIC FDS APPLE",14
1313000698,"NABISCO CREAM OF RIC",7382550019,"FANTASTIC FDS APPLE",14
1313006031,"CRM OF WHT INST APPL",3000002720,"KRETCHMER TOASTED WH",14
1313006044,"NABISCO INSTANT BANA",7382550019,"FANTASTIC FDS APPLE",14
1313006050,"~CRM OF WHT INST GRA",3828125098,"DOM INSTANT OATMEAL",14
3000002620,"$QUAKER KIDS CHOICE",7382550019,"FANTASTIC FDS APPLE",14
3000026288,"QUAKER QK N HEARTY R",7382550019,"FANTASTIC FDS APPLE",14
1112600328,"COCO WHEATS",3000001370,"QUAKER INST OAT-HONE",13
3000001820,"QUAKER INSTANT STRAW",3000026287,"QUAKER QUICK N HEART",13
3000026286,"QUAKER COOKIE BLAST-",7382550019,"FANTASTIC FDS APPLE",13
3000026289,"QUAKER QK N HRTY BRW",7382550019,"FANTASTIC FDS APPLE",13
3828125081,"DOM INSTANT OATMEAL",7382550019,"FANTASTIC FDS APPLE",13
7382550019,"FANTASTIC FDS APPLE",7382550020,"FFDS CRAN/OAT HOT CE",13
1313000602,"NABISCO CREAM OF WHT",3000002380,"QUAKER OATS FIBER RA",12
1313000612,"CREAM OF WHEAT QUICK",3000002380,"QUAKER OATS FIBER RA",12
1313000622,"CREAM OF WHEAT INSTA",3000002380,"QUAKER OATS FIBER RA",12
1313000698,"NABISCO CREAM OF RIC",1800063061,"~PILLS FARINA APPLES",12
1313000698,"NABISCO CREAM OF RIC",3000002380,"QUAKER OATS FIBER RA",12
1313006025,"MIX N EAT CREAM OF W",3000002380,"QUAKER OATS FIBER RA",12
1800063070,"PILS FARINA",3000002380,"QUAKER OATS FIBER RA",12
3000001020,"QUAKER OATS REGULAR",3000002380,"QUAKER OATS FIBER RA",12
3000001040,"QUAKER OLD FASHIONED",3000002380,"QUAKER OATS FIBER RA",12
3000001180,"QUICK QUAKER OATS",3000002380,"QUAKER OATS FIBER RA",12
3000001190,"QUAKER INST OATML MP",3000002380,"QUAKER OATS FIBER RA",12
3000001200,"QUICK QUAKER OATS",3000002380,"QUAKER OATS FIBER RA",12
3000001210,"QUAKER INSTANT OATME",3000002380,"QUAKER OATS FIBER RA",12
3000001240,"QUAKER INST OATML RS",3000002380,"QUAKER OATS FIBER RA",12
3000001340,"QUAKER OATMEAL CINNA",3000002380,"QUAKER OATS FIBER RA",12
3000001380,"QUAKER INST OATML AP",3000002380,"QUAKER OATS FIBER RA",12
3000001460,"QUAKER OAT VARIETY",3000002380,"QUAKER OATS FIBER RA",12
3000001570,"~QUAKER MAPLE OATMEA",3000002380,"QUAKER OATS FIBER RA",12
3000001820,"QUAKER INSTANT STRAW",3000002380,"QUAKER OATS FIBER RA",12
3000001820,"QUAKER INSTANT STRAW",7382550019,"FANTASTIC FDS APPLE",12
3000001820,"QUAKER INSTANT STRAW",7382550022,"FANTASTIC FOODS BANA",12
3000001880,"QUAKER FRUIT & CREAM",3000002380,"QUAKER OATS FIBER RA",12
3000002190,"KRETSCHMER WHEAT GER",3000002380,"QUAKER OATS FIBER RA",12
3000002350,"KRETCHMER HONEY WHT",3000002380,"QUAKER OATS FIBER RA",12
3000002380,"QUAKER OATS FIBER RA",3000002390,"~QUAKER MULTIGRAIN",12
3000002380,"QUAKER OATS FIBER RA",3000003790,"QUAKER INSTANT GRITS",12
3000002380,"QUAKER OATS FIBER RA",3000004170,"QUAKER Q/W HOMINY GR",12
3000002380,"QUAKER OATS FIBER RA",3000007060,"QUAKER HOT OAT BRAN",12
3000026287,"QUAKER QUICK N HEART",7382550019,"FANTASTIC FDS APPLE",12
1112600328,"COCO WHEATS",1313006024,"~INSTANT CREAM OF WH",11
1112600328,"COCO WHEATS",6414408037,"MAYPO MAPLE FLAVORED",11
1313000602,"NABISCO CREAM OF WHT",6414408004,"WHEATENA",11
1313000612,"CREAM OF WHEAT QUICK",1600064040,"TOTAL INST OATMEAL-R",11
1313000612,"CREAM OF WHEAT QUICK",1600064060,"TOTAL OATMEAL VARIET",11
1313000612,"CREAM OF WHEAT QUICK",6414408004,"WHEATENA",11
1313000622,"CREAM OF WHEAT INSTA",1600064040,"TOTAL INST OATMEAL-R",11
1313000622,"CREAM OF WHEAT INSTA",1600064060,"TOTAL OATMEAL VARIET",11
1313000622,"CREAM OF WHEAT INSTA",6414408004,"WHEATENA",11
1313000698,"NABISCO CREAM OF RIC",6414408004,"WHEATENA",11
1313006024,"~INSTANT CREAM OF WH",3000002350,"KRETCHMER HONEY WHT",11
1313006025,"MIX N EAT CREAM OF W",1600064040,"TOTAL INST OATMEAL-R",11
1313006025,"MIX N EAT CREAM OF W",1600064060,"TOTAL OATMEAL VARIET",11
1313006025,"MIX N EAT CREAM OF W",6414408004,"WHEATENA",11
1313006031,"CRM OF WHT INST APPL",1313006050,"~CRM OF WHT INST GRA",11
1313006035,"~MIX N EAT BROWN SUG",1600064040,"TOTAL INST OATMEAL-R",11
1313006035,"~MIX N EAT BROWN SUG",1600064060,"TOTAL OATMEAL VARIET",11
1313006053,"~MIX N EAT BROWN SUG",3000002380,"QUAKER OATS FIBER RA",11
1313006053,"~MIX N EAT BROWN SUG",3000002720,"KRETCHMER TOASTED WH",11
1313006057,"INST CRM OF WHT-VARI",1600064040,"TOTAL INST OATMEAL-R",11
1313006057,"INST CRM OF WHT-VARI",1600064060,"TOTAL OATMEAL VARIET",11
1313006057,"INST CRM OF WHT-VARI",6414408004,"WHEATENA",11
1600064040,"TOTAL INST OATMEAL-R",1600064060,"TOTAL OATMEAL VARIET",11
1600064040,"TOTAL INST OATMEAL-R",3000001020,"QUAKER OATS REGULAR",11
1600064040,"TOTAL INST OATMEAL-R",3000001040,"QUAKER OLD FASHIONED",11
1600064040,"TOTAL INST OATMEAL-R",3000001180,"QUICK QUAKER OATS",11
1600064040,"TOTAL INST OATMEAL-R",3000001190,"QUAKER INST OATML MP",11
1600064040,"TOTAL INST OATMEAL-R",3000001200,"QUICK QUAKER OATS",11
1600064040,"TOTAL INST OATMEAL-R",3000001210,"QUAKER INSTANT OATME",11
1600064040,"TOTAL INST OATMEAL-R",3000001370,"QUAKER INST OAT-HONE",11
1600064040,"TOTAL INST OATMEAL-R",3000001380,"QUAKER INST OATML AP",11
1600064040,"TOTAL INST OATMEAL-R",3000001460,"QUAKER OAT VARIETY",11
1600064040,"TOTAL INST OATMEAL-R",3000001570,"~QUAKER MAPLE OATMEA",11
1600064040,"TOTAL INST OATMEAL-R",3000001800,"QUAKER INST OATML PE",11
1600064040,"TOTAL INST OATMEAL-R",3000001880,"QUAKER FRUIT & CREAM",11
1600064040,"TOTAL INST OATMEAL-R",3000002190,"KRETSCHMER WHEAT GER",11
1600064040,"TOTAL INST OATMEAL-R",3000004170,"QUAKER Q/W HOMINY GR",11
1600064040,"TOTAL INST OATMEAL-R",3000007060,"QUAKER HOT OAT BRAN",11
1600064060,"TOTAL OATMEAL VARIET",3000001020,"QUAKER OATS REGULAR",11
1600064060,"TOTAL OATMEAL VARIET",3000001040,"QUAKER OLD FASHIONED",11
1600064060,"TOTAL OATMEAL VARIET",3000001180,"QUICK QUAKER OATS",11
1600064060,"TOTAL OATMEAL VARIET",3000001190,"QUAKER INST OATML MP",11
1600064060,"TOTAL OATMEAL VARIET",3000001200,"QUICK QUAKER OATS",11
1600064060,"TOTAL OATMEAL VARIET",3000001210,"QUAKER INSTANT OATME",11
1600064060,"TOTAL OATMEAL VARIET",3000001370,"QUAKER INST OAT-HONE",11
1600064060,"TOTAL OATMEAL VARIET",3000001380,"QUAKER INST OATML AP",11
1600064060,"TOTAL OATMEAL VARIET",3000001460,"QUAKER OAT VARIETY",11
1600064060,"TOTAL OATMEAL VARIET",3000001570,"~QUAKER MAPLE OATMEA",11
1600064060,"TOTAL OATMEAL VARIET",3000001800,"QUAKER INST OATML PE",11
1600064060,"TOTAL OATMEAL VARIET",3000001880,"QUAKER FRUIT & CREAM",11
1600064060,"TOTAL OATMEAL VARIET",3000002190,"KRETSCHMER WHEAT GER",11
1600064060,"TOTAL OATMEAL VARIET",3000004170,"QUAKER Q/W HOMINY GR",11
1600064060,"TOTAL OATMEAL VARIET",3000007060,"QUAKER HOT OAT BRAN",11
1800063070,"PILS FARINA",6414408004,"WHEATENA",11
3000001020,"QUAKER OATS REGULAR",6414408004,"WHEATENA",11
3000001040,"QUAKER OLD FASHIONED",6414408004,"WHEATENA",11
3000001180,"QUICK QUAKER OATS",6414408004,"WHEATENA",11
3000001190,"QUAKER INST OATML MP",6414408004,"WHEATENA",11
3000001200,"QUICK QUAKER OATS",6414408004,"WHEATENA",11
3000001210,"QUAKER INSTANT OATME",6414408004,"WHEATENA",11
3000001240,"QUAKER INST OATML RS",6414408004,"WHEATENA",11
3000001340,"QUAKER OATMEAL CINNA",6414408004,"WHEATENA",11
3000001380,"QUAKER INST OATML AP",6414408004,"WHEATENA",11
3000001460,"QUAKER OAT VARIETY",6414408004,"WHEATENA",11
3000001580,"QUAKER APPLE CINAMON",3828125073,"DOM QUICK OATS",11
3000001580,"QUAKER APPLE CINAMON",3828125077,"DOM QUICK OATS",11
3000001580,"QUAKER APPLE CINAMON",3828125085,"DOM INSTANT OATMEAL",11
3000001580,"QUAKER APPLE CINAMON",3828125098,"DOM INSTANT OATMEAL",11
3000001580,"QUAKER APPLE CINAMON",6414408004,"WHEATENA",11
3000001760,"QUAKER VRTY INST OAT",3000002380,"QUAKER OATS FIBER RA",11
3000001800,"QUAKER INST OATML PE",3000002380,"QUAKER OATS FIBER RA",11
3000001800,"QUAKER INST OATML PE",6414408004,"WHEATENA",11
3000001820,"QUAKER INSTANT STRAW",6414408004,"WHEATENA",11
3000001880,"QUAKER FRUIT & CREAM",6414408004,"WHEATENA",11
3000002190,"KRETSCHMER WHEAT GER",6414408004,"WHEATENA",11
3000002350,"KRETCHMER HONEY WHT",6414408004,"WHEATENA",11
3000002350,"KRETCHMER HONEY WHT",7382550019,"FANTASTIC FDS APPLE",11
3000002380,"QUAKER OATS FIBER RA",4240000105,"QUICK MALT O MEAL",11
3000002720,"KRETCHMER TOASTED WH",3828125105,"DOM APPLE & CINNAMON",11
3000004170,"QUAKER Q/W HOMINY GR",6414408004,"WHEATENA",11
3000004760,"QUAKER INSTANT GRITS",6414408004,"WHEATENA",11
3000007060,"QUAKER HOT OAT BRAN",6414408004,"WHEATENA",11
4240000105,"QUICK MALT O MEAL",6414408004,"WHEATENA",11
7382550019,"FANTASTIC FDS APPLE",7382550022,"FANTASTIC FOODS BANA",11
1313000612,"CREAM OF WHEAT QUICK",1600064030,"TOTAL QUICK OATMEAL-",10
1313000612,"CREAM OF WHEAT QUICK",1600064070,"TOTAL OATMEAL MAPLE/",10
1313000612,"CREAM OF WHEAT QUICK",1600065240,"OATMEAL SWIRLER MAPL",10
1313000622,"CREAM OF WHEAT INSTA",1600064030,"TOTAL QUICK OATMEAL-",10
1313000622,"CREAM OF WHEAT INSTA",1600064070,"TOTAL OATMEAL MAPLE/",10
1313000622,"CREAM OF WHEAT INSTA",1600065240,"OATMEAL SWIRLER MAPL",10
1313000698,"NABISCO CREAM OF RIC",1600064040,"TOTAL INST OATMEAL-R",10
1313000698,"NABISCO CREAM OF RIC",1600064060,"TOTAL OATMEAL VARIET",10
1313000698,"NABISCO CREAM OF RIC",1600064070,"TOTAL OATMEAL MAPLE/",10
1313006025,"MIX N EAT CREAM OF W",1600064030,"TOTAL QUICK OATMEAL-",10
1313006025,"MIX N EAT CREAM OF W",1600064070,"TOTAL OATMEAL MAPLE/",10
1313006025,"MIX N EAT CREAM OF W",1600065240,"OATMEAL SWIRLER MAPL",10
1313006031,"CRM OF WHT INST APPL",7382550019,"FANTASTIC FDS APPLE",10
1313006035,"~MIX N EAT BROWN SUG",1600064030,"TOTAL QUICK OATMEAL-",10
1313006035,"~MIX N EAT BROWN SUG",1600064070,"TOTAL OATMEAL MAPLE/",10
1313006035,"~MIX N EAT BROWN SUG",1600065240,"OATMEAL SWIRLER MAPL",10
1313006057,"INST CRM OF WHT-VARI",1600064030,"TOTAL QUICK OATMEAL-",10
1313006057,"INST CRM OF WHT-VARI",1600064070,"TOTAL OATMEAL MAPLE/",10
1313006057,"INST CRM OF WHT-VARI",3000002380,"QUAKER OATS FIBER RA",10
1600064030,"TOTAL QUICK OATMEAL-",1600064040,"TOTAL INST OATMEAL-R",10
1600064030,"TOTAL QUICK OATMEAL-",1600064060,"TOTAL OATMEAL VARIET",10
1600064030,"TOTAL QUICK OATMEAL-",3000001020,"QUAKER OATS REGULAR",10
1600064030,"TOTAL QUICK OATMEAL-",3000001040,"QUAKER OLD FASHIONED",10
1600064030,"TOTAL QUICK OATMEAL-",3000001180,"QUICK QUAKER OATS",10
1600064030,"TOTAL QUICK OATMEAL-",3000001190,"QUAKER INST OATML MP",10
1600064030,"TOTAL QUICK OATMEAL-",3000001200,"QUICK QUAKER OATS",10
1600064030,"TOTAL QUICK OATMEAL-",3000001210,"QUAKER INSTANT OATME",10
1600064030,"TOTAL QUICK OATMEAL-",3000001370,"QUAKER INST OAT-HONE",10
1600064030,"TOTAL QUICK OATMEAL-",3000001380,"QUAKER INST OATML AP",10
1600064030,"TOTAL QUICK OATMEAL-",3000001460,"QUAKER OAT VARIETY",10
1600064030,"TOTAL QUICK OATMEAL-",3000001570,"~QUAKER MAPLE OATMEA",10
1600064030,"TOTAL QUICK OATMEAL-",3000001800,"QUAKER INST OATML PE",10
1600064030,"TOTAL QUICK OATMEAL-",3000001880,"QUAKER FRUIT & CREAM",10
1600064030,"TOTAL QUICK OATMEAL-",3000002190,"KRETSCHMER WHEAT GER",10
1600064030,"TOTAL QUICK OATMEAL-",3000004170,"QUAKER Q/W HOMINY GR",10
1600064030,"TOTAL QUICK OATMEAL-",3000004760,"QUAKER INSTANT GRITS",10
1600064030,"TOTAL QUICK OATMEAL-",3000007060,"QUAKER HOT OAT BRAN",10
1600064040,"TOTAL INST OATMEAL-R",1600064070,"TOTAL OATMEAL MAPLE/",10
1600064040,"TOTAL INST OATMEAL-R",1800063070,"PILS FARINA",10
1600064040,"TOTAL INST OATMEAL-R",3000001240,"QUAKER INST OATML RS",10
1600064040,"TOTAL INST OATMEAL-R",3000002350,"KRETCHMER HONEY WHT",10
1600064040,"TOTAL INST OATMEAL-R",3000004760,"QUAKER INSTANT GRITS",10
1600064060,"TOTAL OATMEAL VARIET",1600064070,"TOTAL OATMEAL MAPLE/",10
1600064060,"TOTAL OATMEAL VARIET",1800063070,"PILS FARINA",10
1600064060,"TOTAL OATMEAL VARIET",3000001240,"QUAKER INST OATML RS",10
1600064060,"TOTAL OATMEAL VARIET",3000002350,"KRETCHMER HONEY WHT",10
1600064060,"TOTAL OATMEAL VARIET",3000004760,"QUAKER INSTANT GRITS",10
1600064070,"TOTAL OATMEAL MAPLE/",3000001020,"QUAKER OATS REGULAR",10
1600064070,"TOTAL OATMEAL MAPLE/",3000001040,"QUAKER OLD FASHIONED",10
1600064070,"TOTAL OATMEAL MAPLE/",3000001180,"QUICK QUAKER OATS",10
1600064070,"TOTAL OATMEAL MAPLE/",3000001190,"QUAKER INST OATML MP",10
1600064070,"TOTAL OATMEAL MAPLE/",3000001200,"QUICK QUAKER OATS",10
1600064070,"TOTAL OATMEAL MAPLE/",3000001210,"QUAKER INSTANT OATME",10
1600064070,"TOTAL OATMEAL MAPLE/",3000001240,"QUAKER INST OATML RS",10
1600064070,"TOTAL OATMEAL MAPLE/",3000001370,"QUAKER INST OAT-HONE",10
1600064070,"TOTAL OATMEAL MAPLE/",3000001380,"QUAKER INST OATML AP",10
1600064070,"TOTAL OATMEAL MAPLE/",3000001460,"QUAKER OAT VARIETY",10
1600064070,"TOTAL OATMEAL MAPLE/",3000001570,"~QUAKER MAPLE OATMEA",10
1600064070,"TOTAL OATMEAL MAPLE/",3000001800,"QUAKER INST OATML PE",10
1600064070,"TOTAL OATMEAL MAPLE/",3000001880,"QUAKER FRUIT & CREAM",10
1600064070,"TOTAL OATMEAL MAPLE/",3000002190,"KRETSCHMER WHEAT GER",10
1600064070,"TOTAL OATMEAL MAPLE/",3000004170,"QUAKER Q/W HOMINY GR",10
1600064070,"TOTAL OATMEAL MAPLE/",3000007060,"QUAKER HOT OAT BRAN",10
1600065240,"OATMEAL SWIRLER MAPL",3000001020,"QUAKER OATS REGULAR",10
1600065240,"OATMEAL SWIRLER MAPL",3000001040,"QUAKER OLD FASHIONED",10
1600065240,"OATMEAL SWIRLER MAPL",3000001180,"QUICK QUAKER OATS",10
1600065240,"OATMEAL SWIRLER MAPL",3000001190,"QUAKER INST OATML MP",10
1600065240,"OATMEAL SWIRLER MAPL",3000001200,"QUICK QUAKER OATS",10
1600065240,"OATMEAL SWIRLER MAPL",3000001210,"QUAKER INSTANT OATME",10
1600065240,"OATMEAL SWIRLER MAPL",3000001370,"QUAKER INST OAT-HONE",10
1600065240,"OATMEAL SWIRLER MAPL",3000001380,"QUAKER INST OATML AP",10
1600065240,"OATMEAL SWIRLER MAPL",3000001460,"QUAKER OAT VARIETY",10
1600065240,"OATMEAL SWIRLER MAPL",3000001570,"~QUAKER MAPLE OATMEA",10
1600065240,"OATMEAL SWIRLER MAPL",3000001800,"QUAKER INST OATML PE",10
1600065240,"OATMEAL SWIRLER MAPL",3000001880,"QUAKER FRUIT & CREAM",10
1600065240,"OATMEAL SWIRLER MAPL",3000002190,"KRETSCHMER WHEAT GER",10
1600065240,"OATMEAL SWIRLER MAPL",3000004170,"QUAKER Q/W HOMINY GR",10
1600065240,"OATMEAL SWIRLER MAPL",3000004760,"QUAKER INSTANT GRITS",10
1600065240,"OATMEAL SWIRLER MAPL",3000007060,"QUAKER HOT OAT BRAN",10
3000001570,"~QUAKER MAPLE OATMEA",6414408004,"WHEATENA",10
3000001580,"QUAKER APPLE CINAMON",3000002380,"QUAKER OATS FIBER RA",10
3000001580,"QUAKER APPLE CINAMON",3828125081,"DOM INSTANT OATMEAL",10
3000001590,"QUAKER OAT CUPS RAIS",3000002380,"QUAKER OATS FIBER RA",10
3000002360,"QUAKER OATS PLUS FIB",3000002380,"QUAKER OATS FIBER RA",10
3000002380,"QUAKER OATS FIBER RA",3000004760,"QUAKER INSTANT GRITS",10
3000002390,"~QUAKER MULTIGRAIN",6414408037,"MAYPO MAPLE FLAVORED",10
3000002620,"$QUAKER KIDS CHOICE",6414408004,"WHEATENA",10
1112600399,"COCO WHEATS PREPRICE",1313006035,"~MIX N EAT BROWN SUG",9
1112600399,"COCO WHEATS PREPRICE",3000001370,"QUAKER INST OAT-HONE",9
1112600399,"COCO WHEATS PREPRICE",3000001700,"QUAKER MAPLE BR SGR",9
1313000698,"NABISCO CREAM OF RIC",1600064030,"TOTAL QUICK OATMEAL-",9
1313000698,"NABISCO CREAM OF RIC",1600065240,"OATMEAL SWIRLER MAPL",9
1313006031,"CRM OF WHT INST APPL",3000002390,"~QUAKER MULTIGRAIN",9
1313006050,"~CRM OF WHT INST GRA",3000002350,"KRETCHMER HONEY WHT",9
1313006057,"INST CRM OF WHT-VARI",1600065240,"OATMEAL SWIRLER MAPL",9
1600064030,"TOTAL QUICK OATMEAL-",1600064070,"TOTAL OATMEAL MAPLE/",9
1600064030,"TOTAL QUICK OATMEAL-",1800063070,"PILS FARINA",9
1600064030,"TOTAL QUICK OATMEAL-",3000001240,"QUAKER INST OATML RS",9
1600064030,"TOTAL QUICK OATMEAL-",3000002350,"KRETCHMER HONEY WHT",9
1600064040,"TOTAL INST OATMEAL-R",3000001350,"QUAKER INST OAT & CI",9
1600064040,"TOTAL INST OATMEAL-R",3000001760,"QUAKER VRTY INST OAT",9
1600064040,"TOTAL INST OATMEAL-R",3000003790,"QUAKER INSTANT GRITS",9
1600064040,"TOTAL INST OATMEAL-R",4240000105,"QUICK MALT O MEAL",9
1600064060,"TOTAL OATMEAL VARIET",3000001350,"QUAKER INST OAT & CI",9
1600064060,"TOTAL OATMEAL VARIET",3000001760,"QUAKER VRTY INST OAT",9
1600064060,"TOTAL OATMEAL VARIET",3000003790,"QUAKER INSTANT GRITS",9
1600064060,"TOTAL OATMEAL VARIET",4240000105,"QUICK MALT O MEAL",9
1600064070,"TOTAL OATMEAL MAPLE/",1800063070,"PILS FARINA",9
1600064070,"TOTAL OATMEAL MAPLE/",3000002350,"KRETCHMER HONEY WHT",9
1600064070,"TOTAL OATMEAL MAPLE/",3000003790,"QUAKER INSTANT GRITS",9
1600064070,"TOTAL OATMEAL MAPLE/",3000004760,"QUAKER INSTANT GRITS",9
1600064070,"TOTAL OATMEAL MAPLE/",4240000105,"QUICK MALT O MEAL",9
1600065240,"OATMEAL SWIRLER MAPL",1800063070,"PILS FARINA",9
1600065240,"OATMEAL SWIRLER MAPL",3000001240,"QUAKER INST OATML RS",9
1600065240,"OATMEAL SWIRLER MAPL",3000002350,"KRETCHMER HONEY WHT",9
3000002390,"~QUAKER MULTIGRAIN",6414408004,"WHEATENA",9
3000002720,"KRETCHMER TOASTED WH",6414408004,"WHEATENA",9
1112600301,"COCO WHEATS",1112600328,"COCO WHEATS",8
1112600301,"COCO WHEATS",1600064030,"TOTAL QUICK OATMEAL-",8
1112600301,"COCO WHEATS",1600064040,"TOTAL INST OATMEAL-R",8
1112600301,"COCO WHEATS",1600064060,"TOTAL OATMEAL VARIET",8
1112600301,"COCO WHEATS",1600064070,"TOTAL OATMEAL MAPLE/",8
1112600399,"COCO WHEATS PREPRICE",3000001000,"QUAKER VARIETY OATCU",8
1313000602,"NABISCO CREAM OF WHT",1600064040,"TOTAL INST OATMEAL-R",8
1313000602,"NABISCO CREAM OF WHT",1600064060,"TOTAL OATMEAL VARIET",8
1313000602,"NABISCO CREAM OF WHT",1600064070,"TOTAL OATMEAL MAPLE/",8
1313006024,"~INSTANT CREAM OF WH",3000002300,"~KIDS CHOICE STRWBRY",8
1313006035,"~MIX N EAT BROWN SUG",6414408037,"MAYPO MAPLE FLAVORED",8
1313006050,"~CRM OF WHT INST GRA",3000002720,"KRETCHMER TOASTED WH",8
1600064030,"TOTAL QUICK OATMEAL-",1600065240,"OATMEAL SWIRLER MAPL",8
1600064030,"TOTAL QUICK OATMEAL-",3000001350,"QUAKER INST OAT & CI",8
1600064030,"TOTAL QUICK OATMEAL-",3000001760,"QUAKER VRTY INST OAT",8
1600064030,"TOTAL QUICK OATMEAL-",3000003790,"QUAKER INSTANT GRITS",8
1600064030,"TOTAL QUICK OATMEAL-",4240000105,"QUICK MALT O MEAL",8
1600064040,"TOTAL INST OATMEAL-R",1600065240,"OATMEAL SWIRLER MAPL",8
1600064060,"TOTAL OATMEAL VARIET",1600065240,"OATMEAL SWIRLER MAPL",8
1600064070,"TOTAL OATMEAL MAPLE/",3000001350,"QUAKER INST OAT & CI",8
1600064070,"TOTAL OATMEAL MAPLE/",3000001760,"QUAKER VRTY INST OAT",8
1600065240,"OATMEAL SWIRLER MAPL",3000001350,"QUAKER INST OAT & CI",8
1600065240,"OATMEAL SWIRLER MAPL",3000001760,"QUAKER VRTY INST OAT",8
1600065240,"OATMEAL SWIRLER MAPL",3000003790,"QUAKER INSTANT GRITS",8
1600065240,"OATMEAL SWIRLER MAPL",4240000105,"QUICK MALT O MEAL",8
3000001760,"QUAKER VRTY INST OAT",6414408004,"WHEATENA",8
1112600301,"COCO WHEATS",1600065240,"OATMEAL SWIRLER MAPL",7
1112600399,"COCO WHEATS PREPRICE",3000001350,"QUAKER INST OAT & CI",7
1112600399,"COCO WHEATS PREPRICE",3000002360,"QUAKER OATS PLUS FIB",7
1112600399,"COCO WHEATS PREPRICE",3000002390,"~QUAKER MULTIGRAIN",7
1313000602,"NABISCO CREAM OF WHT",1600064030,"TOTAL QUICK OATMEAL-",7
1313000602,"NABISCO CREAM OF WHT",1600065240,"OATMEAL SWIRLER MAPL",7
1313000612,"CREAM OF WHEAT QUICK",1600065450,"TOTAL OATMEAL SWLR V",7
1313000622,"CREAM OF WHEAT INSTA",1600065450,"TOTAL OATMEAL SWLR V",7
1313006025,"MIX N EAT CREAM OF W",1600065450,"TOTAL OATMEAL SWLR V",7
1313006035,"~MIX N EAT BROWN SUG",1600065450,"TOTAL OATMEAL SWLR V",7
1313006035,"~MIX N EAT BROWN SUG",6414408004,"WHEATENA",7
1313006050,"~CRM OF WHT INST GRA",3000002390,"~QUAKER MULTIGRAIN",7
1313006050,"~CRM OF WHT INST GRA",3828125105,"DOM APPLE & CINNAMON",7
1313006053,"~MIX N EAT BROWN SUG",3000001700,"QUAKER MAPLE BR SGR",7
1313006057,"INST CRM OF WHT-VARI",1600065450,"TOTAL OATMEAL SWLR V",7
1600064040,"TOTAL INST OATMEAL-R",1600065450,"TOTAL OATMEAL SWLR V",7
1600064060,"TOTAL OATMEAL VARIET",1600065450,"TOTAL OATMEAL SWLR V",7
1600064070,"TOTAL OATMEAL MAPLE/",1600065240,"OATMEAL SWIRLER MAPL",7
1600065240,"OATMEAL SWIRLER MAPL",3000001340,"QUAKER OATMEAL CINNA",7
1600065450,"TOTAL OATMEAL SWLR V",1800063070,"PILS FARINA",7
1600065450,"TOTAL OATMEAL SWLR V",3000001020,"QUAKER OATS REGULAR",7
1600065450,"TOTAL OATMEAL SWLR V",3000001040,"QUAKER OLD FASHIONED",7
1600065450,"TOTAL OATMEAL SWLR V",3000001180,"QUICK QUAKER OATS",7
1600065450,"TOTAL OATMEAL SWLR V",3000001190,"QUAKER INST OATML MP",7
1600065450,"TOTAL OATMEAL SWLR V",3000001200,"QUICK QUAKER OATS",7
1600065450,"TOTAL OATMEAL SWLR V",3000001210,"QUAKER INSTANT OATME",7
1600065450,"TOTAL OATMEAL SWLR V",3000001350,"QUAKER INST OAT & CI",7
1600065450,"TOTAL OATMEAL SWLR V",3000001370,"QUAKER INST OAT-HONE",7
1600065450,"TOTAL OATMEAL SWLR V",3000001380,"QUAKER INST OATML AP",7
1600065450,"TOTAL OATMEAL SWLR V",3000001460,"QUAKER OAT VARIETY",7
1600065450,"TOTAL OATMEAL SWLR V",3000001570,"~QUAKER MAPLE OATMEA",7
1600065450,"TOTAL OATMEAL SWLR V",3000001800,"QUAKER INST OATML PE",7
1600065450,"TOTAL OATMEAL SWLR V",3000001880,"QUAKER FRUIT & CREAM",7
1600065450,"TOTAL OATMEAL SWLR V",3000002190,"KRETSCHMER WHEAT GER",7
1600065450,"TOTAL OATMEAL SWLR V",3000002350,"KRETCHMER HONEY WHT",7
1600065450,"TOTAL OATMEAL SWLR V",3000004170,"QUAKER Q/W HOMINY GR",7
1600065450,"TOTAL OATMEAL SWLR V",3000007060,"QUAKER HOT OAT BRAN",7
3000002360,"QUAKER OATS PLUS FIB",6414408037,"MAYPO MAPLE FLAVORED",7
3000002380,"QUAKER OATS FIBER RA",6414408037,"MAYPO MAPLE FLAVORED",7
3828125073,"DOM QUICK OATS",6414408004,"WHEATENA",7
3828125077,"DOM QUICK OATS",6414408004,"WHEATENA",7
3828125081,"DOM INSTANT OATMEAL",6414408004,"WHEATENA",7
3828125085,"DOM INSTANT OATMEAL",6414408004,"WHEATENA",7
3828125098,"DOM INSTANT OATMEAL",6414408004,"WHEATENA",7
1112600328,"COCO WHEATS",1112600399,"COCO WHEATS PREPRICE",6
1112600328,"COCO WHEATS",3000002390,"~QUAKER MULTIGRAIN",6
1313000698,"NABISCO CREAM OF RIC",1600065450,"TOTAL OATMEAL SWLR V",6
1313006053,"~MIX N EAT BROWN SUG",3000001000,"QUAKER VARIETY OATCU",6
1313006053,"~MIX N EAT BROWN SUG",3000001350,"QUAKER INST OAT & CI",6
1313006053,"~MIX N EAT BROWN SUG",3000001370,"QUAKER INST OAT-HONE",6
1313006058,"~INS CREAM OF WHEAT-",1600065240,"OATMEAL SWIRLER MAPL",6
1313006058,"~INS CREAM OF WHEAT-",3000002390,"~QUAKER MULTIGRAIN",6
1600064030,"TOTAL QUICK OATMEAL-",1600065450,"TOTAL OATMEAL SWLR V",6
1600064070,"TOTAL OATMEAL MAPLE/",1600065450,"TOTAL OATMEAL SWLR V",6
1600065240,"OATMEAL SWIRLER MAPL",3000001820,"QUAKER INSTANT STRAW",6
1600065450,"TOTAL OATMEAL SWLR V",3000001240,"QUAKER INST OATML RS",6
1600065450,"TOTAL OATMEAL SWLR V",3000001760,"QUAKER VRTY INST OAT",6
1600065450,"TOTAL OATMEAL SWLR V",3000003790,"QUAKER INSTANT GRITS",6
1600065450,"TOTAL OATMEAL SWLR V",3000004760,"QUAKER INSTANT GRITS",6
1800063061,"~PILLS FARINA APPLES",3000001580,"QUAKER APPLE CINAMON",6
3000001350,"QUAKER INST OAT & CI",6414408037,"MAYPO MAPLE FLAVORED",6
3000001370,"QUAKER INST OAT-HONE",6414408037,"MAYPO MAPLE FLAVORED",6
3000001700,"QUAKER MAPLE BR SGR",6414408037,"MAYPO MAPLE FLAVORED",6
1112600328,"COCO WHEATS",3000002360,"QUAKER OATS PLUS FIB",5
1112600328,"COCO WHEATS",3000002380,"QUAKER OATS FIBER RA",5
1313006053,"~MIX N EAT BROWN SUG",3000002300,"~KIDS CHOICE STRWBRY",5
1313006053,"~MIX N EAT BROWN SUG",6414408004,"WHEATENA",5
1313006058,"~INS CREAM OF WHEAT-",1600064040,"TOTAL INST OATMEAL-R",5
1313006058,"~INS CREAM OF WHEAT-",1600064060,"TOTAL OATMEAL VARIET",5
1313006058,"~INS CREAM OF WHEAT-",3000002360,"QUAKER OATS PLUS FIB",5
1600064030,"TOTAL QUICK OATMEAL-",3000001340,"QUAKER OATMEAL CINNA",5
1600064030,"TOTAL QUICK OATMEAL-",3000001820,"QUAKER INSTANT STRAW",5
1600064040,"TOTAL INST OATMEAL-R",3000001340,"QUAKER OATMEAL CINNA",5
1600064040,"TOTAL INST OATMEAL-R",3000001820,"QUAKER INSTANT STRAW",5
1600064060,"TOTAL OATMEAL VARIET",3000001340,"QUAKER OATMEAL CINNA",5
1600064060,"TOTAL OATMEAL VARIET",3000001820,"QUAKER INSTANT STRAW",5
1600065450,"TOTAL OATMEAL SWLR V",4240000105,"QUICK MALT O MEAL",5
3000001000,"QUAKER VARIETY OATCU",6414408037,"MAYPO MAPLE FLAVORED",5
1112600301,"COCO WHEATS",1600065450,"TOTAL OATMEAL SWLR V",4
1112600301,"COCO WHEATS",1600065460,"OATMEAL SWIRLERS STR",4
1313000602,"NABISCO CREAM OF WHT",1600065450,"TOTAL OATMEAL SWLR V",4
1313000612,"CREAM OF WHEAT QUICK",1600062870,"UNDERCOVER BEARS STR",4
1313000612,"CREAM OF WHEAT QUICK",1600065460,"OATMEAL SWIRLERS STR",4
1313000622,"CREAM OF WHEAT INSTA",1600062870,"UNDERCOVER BEARS STR",4
1313000622,"CREAM OF WHEAT INSTA",1600065460,"OATMEAL SWIRLERS STR",4
1313000698,"NABISCO CREAM OF RIC",1600062870,"UNDERCOVER BEARS STR",4
1313000698,"NABISCO CREAM OF RIC",1600065460,"OATMEAL SWIRLERS STR",4
1313006024,"~INSTANT CREAM OF WH",3000026286,"QUAKER COOKIE BLAST-",4
1313006024,"~INSTANT CREAM OF WH",3000026288,"QUAKER QK N HEARTY R",4
1313006025,"MIX N EAT CREAM OF W",1600062870,"UNDERCOVER BEARS STR",4
1313006025,"MIX N EAT CREAM OF W",1600065460,"OATMEAL SWIRLERS STR",4
1313006035,"~MIX N EAT BROWN SUG",1600062870,"UNDERCOVER BEARS STR",4
1313006035,"~MIX N EAT BROWN SUG",1600065460,"OATMEAL SWIRLERS STR",4
1313006057,"INST CRM OF WHT-VARI",1600062870,"UNDERCOVER BEARS STR",4
1313006057,"INST CRM OF WHT-VARI",1600065460,"OATMEAL SWIRLERS STR",4
1313006058,"~INS CREAM OF WHEAT-",1600064030,"TOTAL QUICK OATMEAL-",4
1313006058,"~INS CREAM OF WHEAT-",1600064070,"TOTAL OATMEAL MAPLE/",4
1600062870,"UNDERCOVER BEARS STR",1600064040,"TOTAL INST OATMEAL-R",4
1600062870,"UNDERCOVER BEARS STR",1600064060,"TOTAL OATMEAL VARIET",4
1600062870,"UNDERCOVER BEARS STR",1600064070,"TOTAL OATMEAL MAPLE/",4
1600062870,"UNDERCOVER BEARS STR",1600065450,"TOTAL OATMEAL SWLR V",4
1600062870,"UNDERCOVER BEARS STR",1800063070,"PILS FARINA",4
1600062870,"UNDERCOVER BEARS STR",3000001020,"QUAKER OATS REGULAR",4
1600062870,"UNDERCOVER BEARS STR",3000001040,"QUAKER OLD FASHIONED",4
1600062870,"UNDERCOVER BEARS STR",3000001180,"QUICK QUAKER OATS",4
1600062870,"UNDERCOVER BEARS STR",3000001190,"QUAKER INST OATML MP",4
1600062870,"UNDERCOVER BEARS STR",3000001200,"QUICK QUAKER OATS",4
1600062870,"UNDERCOVER BEARS STR",3000001210,"QUAKER INSTANT OATME",4
1600062870,"UNDERCOVER BEARS STR",3000001240,"QUAKER INST OATML RS",4
1600062870,"UNDERCOVER BEARS STR",3000001350,"QUAKER INST OAT & CI",4
1600062870,"UNDERCOVER BEARS STR",3000001370,"QUAKER INST OAT-HONE",4
1600062870,"UNDERCOVER BEARS STR",3000001380,"QUAKER INST OATML AP",4
1600062870,"UNDERCOVER BEARS STR",3000001460,"QUAKER OAT VARIETY",4
1600062870,"UNDERCOVER BEARS STR",3000001570,"~QUAKER MAPLE OATMEA",4
1600062870,"UNDERCOVER BEARS STR",3000001800,"QUAKER INST OATML PE",4
1600062870,"UNDERCOVER BEARS STR",3000001880,"QUAKER FRUIT & CREAM",4
1600062870,"UNDERCOVER BEARS STR",3000002190,"KRETSCHMER WHEAT GER",4
1600062870,"UNDERCOVER BEARS STR",3000002350,"KRETCHMER HONEY WHT",4
1600062870,"UNDERCOVER BEARS STR",3000003790,"QUAKER INSTANT GRITS",4
1600062870,"UNDERCOVER BEARS STR",3000004170,"QUAKER Q/W HOMINY GR",4
1600062870,"UNDERCOVER BEARS STR",3000007060,"QUAKER HOT OAT BRAN",4
1600062870,"UNDERCOVER BEARS STR",4240000105,"QUICK MALT O MEAL",4
1600064030,"TOTAL QUICK OATMEAL-",1600065460,"OATMEAL SWIRLERS STR",4
1600064040,"TOTAL INST OATMEAL-R",1600065460,"OATMEAL SWIRLERS STR",4
1600064060,"TOTAL OATMEAL VARIET",1600065460,"OATMEAL SWIRLERS STR",4
1600064070,"TOTAL OATMEAL MAPLE/",1600065460,"OATMEAL SWIRLERS STR",4
1600064070,"TOTAL OATMEAL MAPLE/",3000001340,"QUAKER OATMEAL CINNA",4
1600064070,"TOTAL OATMEAL MAPLE/",3000001820,"QUAKER INSTANT STRAW",4
1600065240,"OATMEAL SWIRLER MAPL",1600065450,"TOTAL OATMEAL SWLR V",4
1600065240,"OATMEAL SWIRLER MAPL",1600065460,"OATMEAL SWIRLERS STR",4
1600065460,"OATMEAL SWIRLERS STR",3000001020,"QUAKER OATS REGULAR",4
1600065460,"OATMEAL SWIRLERS STR",3000001040,"QUAKER OLD FASHIONED",4
1600065460,"OATMEAL SWIRLERS STR",3000001180,"QUICK QUAKER OATS",4
1600065460,"OATMEAL SWIRLERS STR",3000001190,"QUAKER INST OATML MP",4
1600065460,"OATMEAL SWIRLERS STR",3000001200,"QUICK QUAKER OATS",4
1600065460,"OATMEAL SWIRLERS STR",3000001210,"QUAKER INSTANT OATME",4
1600065460,"OATMEAL SWIRLERS STR",3000001240,"QUAKER INST OATML RS",4
1600065460,"OATMEAL SWIRLERS STR",3000001370,"QUAKER INST OAT-HONE",4
1600065460,"OATMEAL SWIRLERS STR",3000001380,"QUAKER INST OATML AP",4
1600065460,"OATMEAL SWIRLERS STR",3000001460,"QUAKER OAT VARIETY",4
1600065460,"OATMEAL SWIRLERS STR",3000001570,"~QUAKER MAPLE OATMEA",4
1600065460,"OATMEAL SWIRLERS STR",3000001800,"QUAKER INST OATML PE",4
1600065460,"OATMEAL SWIRLERS STR",3000001820,"QUAKER INSTANT STRAW",4
1600065460,"OATMEAL SWIRLERS STR",3000001880,"QUAKER FRUIT & CREAM",4
1600065460,"OATMEAL SWIRLERS STR",3000002190,"KRETSCHMER WHEAT GER",4
1600065460,"OATMEAL SWIRLERS STR",3000004170,"QUAKER Q/W HOMINY GR",4
1600065460,"OATMEAL SWIRLERS STR",3000004760,"QUAKER INSTANT GRITS",4
1600065460,"OATMEAL SWIRLERS STR",3000007060,"QUAKER HOT OAT BRAN",4
1800063061,"~PILLS FARINA APPLES",6414408004,"WHEATENA",4
3000004760,"QUAKER INSTANT GRITS",3000026286,"QUAKER COOKIE BLAST-",4
3000004760,"QUAKER INSTANT GRITS",3000026288,"QUAKER QK N HEARTY R",4
1112600328,"COCO WHEATS",3000002720,"KRETCHMER TOASTED WH",3
1112600399,"COCO WHEATS PREPRICE",3000002380,"QUAKER OATS FIBER RA",3
1313000602,"NABISCO CREAM OF WHT",1600062870,"UNDERCOVER BEARS STR",3
1313000602,"NABISCO CREAM OF WHT",1600062880,"UNDERCOVER BEARS MPL",3
1313000602,"NABISCO CREAM OF WHT",1600065460,"OATMEAL SWIRLERS STR",3
1313000602,"NABISCO CREAM OF WHT",3000003960,"QUAKER INST GRITS DI",3
1313000612,"CREAM OF WHEAT QUICK",1600062880,"UNDERCOVER BEARS MPL",3
1313000612,"CREAM OF WHEAT QUICK",1600062890,"UNDERCOVER BEAR VARI",3
1313000612,"CREAM OF WHEAT QUICK",3000003960,"QUAKER INST GRITS DI",3
1313000622,"CREAM OF WHEAT INSTA",1600062880,"UNDERCOVER BEARS MPL",3
1313000622,"CREAM OF WHEAT INSTA",1600062890,"UNDERCOVER BEAR VARI",3
1313000622,"CREAM OF WHEAT INSTA",3000003960,"QUAKER INST GRITS DI",3
1313000698,"NABISCO CREAM OF RIC",1600062880,"UNDERCOVER BEARS MPL",3
1313000698,"NABISCO CREAM OF RIC",1600062890,"UNDERCOVER BEAR VARI",3
1313000698,"NABISCO CREAM OF RIC",3000003960,"QUAKER INST GRITS DI",3
1313006024,"~INSTANT CREAM OF WH",1313006050,"~CRM OF WHT INST GRA",3
1313006024,"~INSTANT CREAM OF WH",3000002720,"KRETCHMER TOASTED WH",3
1313006025,"MIX N EAT CREAM OF W",1600062880,"UNDERCOVER BEARS MPL",3
1313006025,"MIX N EAT CREAM OF W",1600062890,"UNDERCOVER BEAR VARI",3
1313006025,"MIX N EAT CREAM OF W",3000003960,"QUAKER INST GRITS DI",3
1313006035,"~MIX N EAT BROWN SUG",1600062880,"UNDERCOVER BEARS MPL",3
1313006035,"~MIX N EAT BROWN SUG",1600062890,"UNDERCOVER BEAR VARI",3
1313006035,"~MIX N EAT BROWN SUG",3000003960,"QUAKER INST GRITS DI",3
1313006057,"INST CRM OF WHT-VARI",1600062880,"UNDERCOVER BEARS MPL",3
1313006057,"INST CRM OF WHT-VARI",1600062890,"UNDERCOVER BEAR VARI",3
1313006057,"INST CRM OF WHT-VARI",3000003960,"QUAKER INST GRITS DI",3
1313006058,"~INS CREAM OF WHEAT-",1600065450,"TOTAL OATMEAL SWLR V",3
1600062870,"UNDERCOVER BEARS STR",1600062890,"UNDERCOVER BEAR VARI",3
1600062870,"UNDERCOVER BEARS STR",1600064030,"TOTAL QUICK OATMEAL-",3
1600062870,"UNDERCOVER BEARS STR",3000001760,"QUAKER VRTY INST OAT",3
1600062870,"UNDERCOVER BEARS STR",3000004760,"QUAKER INSTANT GRITS",3
1600062880,"UNDERCOVER BEARS MPL",1600064040,"TOTAL INST OATMEAL-R",3
1600062880,"UNDERCOVER BEARS MPL",1600064060,"TOTAL OATMEAL VARIET",3
1600062880,"UNDERCOVER BEARS MPL",1600064070,"TOTAL OATMEAL MAPLE/",3
1600062880,"UNDERCOVER BEARS MPL",1600065450,"TOTAL OATMEAL SWLR V",3
1600062880,"UNDERCOVER BEARS MPL",1800063070,"PILS FARINA",3
1600062880,"UNDERCOVER BEARS MPL",3000001020,"QUAKER OATS REGULAR",3
1600062880,"UNDERCOVER BEARS MPL",3000001040,"QUAKER OLD FASHIONED",3
1600062880,"UNDERCOVER BEARS MPL",3000001180,"QUICK QUAKER OATS",3
1600062880,"UNDERCOVER BEARS MPL",3000001190,"QUAKER INST OATML MP",3
1600062880,"UNDERCOVER BEARS MPL",3000001200,"QUICK QUAKER OATS",3
1600062880,"UNDERCOVER BEARS MPL",3000001210,"QUAKER INSTANT OATME",3
1600062880,"UNDERCOVER BEARS MPL",3000001240,"QUAKER INST OATML RS",3
1600062880,"UNDERCOVER BEARS MPL",3000001350,"QUAKER INST OAT & CI",3
1600062880,"UNDERCOVER BEARS MPL",3000001370,"QUAKER INST OAT-HONE",3
1600062880,"UNDERCOVER BEARS MPL",3000001380,"QUAKER INST OATML AP",3
1600062880,"UNDERCOVER BEARS MPL",3000001460,"QUAKER OAT VARIETY",3
1600062880,"UNDERCOVER BEARS MPL",3000001570,"~QUAKER MAPLE OATMEA",3
1600062880,"UNDERCOVER BEARS MPL",3000001760,"QUAKER VRTY INST OAT",3
1600062880,"UNDERCOVER BEARS MPL",3000001800,"QUAKER INST OATML PE",3
1600062880,"UNDERCOVER BEARS MPL",3000001880,"QUAKER FRUIT & CREAM",3
1600062880,"UNDERCOVER BEARS MPL",3000002190,"KRETSCHMER WHEAT GER",3
1600062880,"UNDERCOVER BEARS MPL",3000002350,"KRETCHMER HONEY WHT",3
1600062880,"UNDERCOVER BEARS MPL",3000003790,"QUAKER INSTANT GRITS",3
1600062880,"UNDERCOVER BEARS MPL",3000004170,"QUAKER Q/W HOMINY GR",3
1600062880,"UNDERCOVER BEARS MPL",3000007060,"QUAKER HOT OAT BRAN",3
1600062880,"UNDERCOVER BEARS MPL",4240000105,"QUICK MALT O MEAL",3
1600062890,"UNDERCOVER BEAR VARI",1600064030,"TOTAL QUICK OATMEAL-",3
1600062890,"UNDERCOVER BEAR VARI",1600064040,"TOTAL INST OATMEAL-R",3
1600062890,"UNDERCOVER BEAR VARI",1600064060,"TOTAL OATMEAL VARIET",3
1600062890,"UNDERCOVER BEAR VARI",1600064070,"TOTAL OATMEAL MAPLE/",3
1600062890,"UNDERCOVER BEAR VARI",1600065450,"TOTAL OATMEAL SWLR V",3
1600062890,"UNDERCOVER BEAR VARI",1800063070,"PILS FARINA",3
1600062890,"UNDERCOVER BEAR VARI",3000001020,"QUAKER OATS REGULAR",3
1600062890,"UNDERCOVER BEAR VARI",3000001040,"QUAKER OLD FASHIONED",3
1600062890,"UNDERCOVER BEAR VARI",3000001180,"QUICK QUAKER OATS",3
1600062890,"UNDERCOVER BEAR VARI",3000001190,"QUAKER INST OATML MP",3
1600062890,"UNDERCOVER BEAR VARI",3000001200,"QUICK QUAKER OATS",3
1600062890,"UNDERCOVER BEAR VARI",3000001210,"QUAKER INSTANT OATME",3
1600062890,"UNDERCOVER BEAR VARI",3000001240,"QUAKER INST OATML RS",3
1600062890,"UNDERCOVER BEAR VARI",3000001350,"QUAKER INST OAT & CI",3
1600062890,"UNDERCOVER BEAR VARI",3000001370,"QUAKER INST OAT-HONE",3
1600062890,"UNDERCOVER BEAR VARI",3000001380,"QUAKER INST OATML AP",3
1600062890,"UNDERCOVER BEAR VARI",3000001460,"QUAKER OAT VARIETY",3
1600062890,"UNDERCOVER BEAR VARI",3000001570,"~QUAKER MAPLE OATMEA",3
1600062890,"UNDERCOVER BEAR VARI",3000001800,"QUAKER INST OATML PE",3
1600062890,"UNDERCOVER BEAR VARI",3000001880,"QUAKER FRUIT & CREAM",3
1600062890,"UNDERCOVER BEAR VARI",3000002190,"KRETSCHMER WHEAT GER",3
1600062890,"UNDERCOVER BEAR VARI",3000002350,"KRETCHMER HONEY WHT",3
1600062890,"UNDERCOVER BEAR VARI",3000003790,"QUAKER INSTANT GRITS",3
1600062890,"UNDERCOVER BEAR VARI",3000004170,"QUAKER Q/W HOMINY GR",3
1600062890,"UNDERCOVER BEAR VARI",3000004760,"QUAKER INSTANT GRITS",3
1600062890,"UNDERCOVER BEAR VARI",3000007060,"QUAKER HOT OAT BRAN",3
1600062890,"UNDERCOVER BEAR VARI",4240000105,"QUICK MALT O MEAL",3
1600065240,"OATMEAL SWIRLER MAPL",3000001580,"QUAKER APPLE CINAMON",3
1600065460,"OATMEAL SWIRLERS STR",1800063070,"PILS FARINA",3
1600065460,"OATMEAL SWIRLERS STR",3000001340,"QUAKER OATMEAL CINNA",3
1600065460,"OATMEAL SWIRLERS STR",3000001760,"QUAKER VRTY INST OAT",3
1600065460,"OATMEAL SWIRLERS STR",3000002350,"KRETCHMER HONEY WHT",3
1600065460,"OATMEAL SWIRLERS STR",3000003790,"QUAKER INSTANT GRITS",3
1600065460,"OATMEAL SWIRLERS STR",4240000105,"QUICK MALT O MEAL",3
1800063070,"PILS FARINA",3000003960,"QUAKER INST GRITS DI",3
3000001020,"QUAKER OATS REGULAR",3000003960,"QUAKER INST GRITS DI",3
3000001040,"QUAKER OLD FASHIONED",3000003960,"QUAKER INST GRITS DI",3
3000001180,"QUICK QUAKER OATS",3000003960,"QUAKER INST GRITS DI",3
3000001190,"QUAKER INST OATML MP",3000003960,"QUAKER INST GRITS DI",3
3000001200,"QUICK QUAKER OATS",3000003960,"QUAKER INST GRITS DI",3
3000001210,"QUAKER INSTANT OATME",3000003960,"QUAKER INST GRITS DI",3
3000001240,"QUAKER INST OATML RS",3000003960,"QUAKER INST GRITS DI",3
3000001340,"QUAKER OATMEAL CINNA",3000003960,"QUAKER INST GRITS DI",3
3000001380,"QUAKER INST OATML AP",3000003960,"QUAKER INST GRITS DI",3
3000001460,"QUAKER OAT VARIETY",3000003960,"QUAKER INST GRITS DI",3
3000001570,"~QUAKER MAPLE OATMEA",3000003960,"QUAKER INST GRITS DI",3
3000001800,"QUAKER INST OATML PE",3000003960,"QUAKER INST GRITS DI",3
3000001820,"QUAKER INSTANT STRAW",3000003960,"QUAKER INST GRITS DI",3
3000001880,"QUAKER FRUIT & CREAM",3000003960,"QUAKER INST GRITS DI",3
3000002190,"KRETSCHMER WHEAT GER",3000003960,"QUAKER INST GRITS DI",3
3000002300,"~KIDS CHOICE STRWBRY",3000003960,"QUAKER INST GRITS DI",3
3000003960,"QUAKER INST GRITS DI",3000004170,"QUAKER Q/W HOMINY GR",3
3000003960,"QUAKER INST GRITS DI",3000004760,"QUAKER INSTANT GRITS",3
3000003960,"QUAKER INST GRITS DI",3000007060,"QUAKER HOT OAT BRAN",3
3000003960,"QUAKER INST GRITS DI",3828125073,"DOM QUICK OATS",3
3000003960,"QUAKER INST GRITS DI",3828125077,"DOM QUICK OATS",3
3000003960,"QUAKER INST GRITS DI",3828125081,"DOM INSTANT OATMEAL",3
3000003960,"QUAKER INST GRITS DI",3828125085,"DOM INSTANT OATMEAL",3
3000003960,"QUAKER INST GRITS DI",3828125098,"DOM INSTANT OATMEAL",3
3000003960,"QUAKER INST GRITS DI",4240000105,"QUICK MALT O MEAL",3
1112600301,"COCO WHEATS",1600062870,"UNDERCOVER BEARS STR",2
1112600301,"COCO WHEATS",1600062880,"UNDERCOVER BEARS MPL",2
1112600301,"COCO WHEATS",1600062890,"UNDERCOVER BEAR VARI",2
1313000602,"NABISCO CREAM OF WHT",1600062890,"UNDERCOVER BEAR VARI",2
1313006024,"~INSTANT CREAM OF WH",7382550020,"FFDS CRAN/OAT HOT CE",2
1313006024,"~INSTANT CREAM OF WH",7382550022,"FANTASTIC FOODS BANA",2
1313006031,"CRM OF WHT INST APPL",3000003960,"QUAKER INST GRITS DI",2
1313006035,"~MIX N EAT BROWN SUG",3000001590,"QUAKER OAT CUPS RAIS",2
1313006044,"NABISCO INSTANT BANA",3000004760,"QUAKER INSTANT GRITS",2
1313006058,"~INS CREAM OF WHEAT-",1600065460,"OATMEAL SWIRLERS STR",2
1313006058,"~INS CREAM OF WHEAT-",3000002380,"QUAKER OATS FIBER RA",2
1600062870,"UNDERCOVER BEARS STR",1600062880,"UNDERCOVER BEARS MPL",2
1600062880,"UNDERCOVER BEARS MPL",1600064030,"TOTAL QUICK OATMEAL-",2
1600062880,"UNDERCOVER BEARS MPL",3000004760,"QUAKER INSTANT GRITS",2
1600062890,"UNDERCOVER BEAR VARI",3000001760,"QUAKER VRTY INST OAT",2
1600065240,"OATMEAL SWIRLER MAPL",3000001000,"QUAKER VARIETY OATCU",2
1600065240,"OATMEAL SWIRLER MAPL",3000001700,"QUAKER MAPLE BR SGR",2
1600065450,"TOTAL OATMEAL SWLR V",3000001820,"QUAKER INSTANT STRAW",2
1600065460,"OATMEAL SWIRLERS STR",3000001350,"QUAKER INST OAT & CI",2
1800063061,"~PILLS FARINA APPLES",3000002300,"~KIDS CHOICE STRWBRY",2
3000001760,"QUAKER VRTY INST OAT",3000003960,"QUAKER INST GRITS DI",2
3000002350,"KRETCHMER HONEY WHT",3000003960,"QUAKER INST GRITS DI",2
3000002620,"$QUAKER KIDS CHOICE",3000003960,"QUAKER INST GRITS DI",2
3000004760,"QUAKER INSTANT GRITS",3000026287,"QUAKER QUICK N HEART",2
3000004760,"QUAKER INSTANT GRITS",3000026289,"QUAKER QK N HRTY BRW",2
1112600301,"COCO WHEATS",6414408037,"MAYPO MAPLE FLAVORED",1
1112600399,"COCO WHEATS PREPRICE",3000002620,"$QUAKER KIDS CHOICE",1
1313006024,"~INSTANT CREAM OF WH",7382550019,"FANTASTIC FDS APPLE",1
1313006050,"~CRM OF WHT INST GRA",1313006053,"~MIX N EAT BROWN SUG",1
1313006053,"~MIX N EAT BROWN SUG",1800063061,"~PILLS FARINA APPLES",1
1313006058,"~INS CREAM OF WHEAT-",1600062870,"UNDERCOVER BEARS STR",1
1313006058,"~INS CREAM OF WHEAT-",1600062880,"UNDERCOVER BEARS MPL",1
1313006058,"~INS CREAM OF WHEAT-",3000002620,"$QUAKER KIDS CHOICE",1
1600062870,"UNDERCOVER BEARS STR",1600065240,"OATMEAL SWIRLER MAPL",1
1600062870,"UNDERCOVER BEARS STR",6414408037,"MAYPO MAPLE FLAVORED",1
1600062880,"UNDERCOVER BEARS MPL",1600062890,"UNDERCOVER BEAR VARI",1
1600062880,"UNDERCOVER BEARS MPL",1600065240,"OATMEAL SWIRLER MAPL",1
1600062890,"UNDERCOVER BEAR VARI",1600065240,"OATMEAL SWIRLER MAPL",1
1600062890,"UNDERCOVER BEAR VARI",6414408037,"MAYPO MAPLE FLAVORED",1
1600064030,"TOTAL QUICK OATMEAL-",3000001580,"QUAKER APPLE CINAMON",1
1600064030,"TOTAL QUICK OATMEAL-",6414408037,"MAYPO MAPLE FLAVORED",1
1600064040,"TOTAL INST OATMEAL-R",3000001580,"QUAKER APPLE CINAMON",1
1600064040,"TOTAL INST OATMEAL-R",6414408037,"MAYPO MAPLE FLAVORED",1
1600064060,"TOTAL OATMEAL VARIET",3000001580,"QUAKER APPLE CINAMON",1
1600064060,"TOTAL OATMEAL VARIET",6414408037,"MAYPO MAPLE FLAVORED",1
1600064070,"TOTAL OATMEAL MAPLE/",3000001580,"QUAKER APPLE CINAMON",1
1600064070,"TOTAL OATMEAL MAPLE/",6414408037,"MAYPO MAPLE FLAVORED",1
1600065450,"TOTAL OATMEAL SWLR V",1600065460,"OATMEAL SWIRLERS STR",1
1600065450,"TOTAL OATMEAL SWLR V",3000001340,"QUAKER OATMEAL CINNA",1
1600065450,"TOTAL OATMEAL SWLR V",6414408037,"MAYPO MAPLE FLAVORED",1
3000001590,"QUAKER OAT CUPS RAIS",3000002620,"$QUAKER KIDS CHOICE",1
3000002380,"QUAKER OATS FIBER RA",3000002620,"$QUAKER KIDS CHOICE",1
3000002390,"~QUAKER MULTIGRAIN",3000003960,"QUAKER INST GRITS DI",1
3000002620,"$QUAKER KIDS CHOICE",3000003790,"QUAKER INSTANT GRITS",1
3000002620,"$QUAKER KIDS CHOICE",6414408037,"MAYPO MAPLE FLAVORED",1
3000002720,"KRETCHMER TOASTED WH",3000003960,"QUAKER INST GRITS DI",1
3000004760,"QUAKER INSTANT GRITS",7382550020,"FFDS CRAN/OAT HOT CE",1
3000004760,"QUAKER INSTANT GRITS",7382550022,"FANTASTIC FOODS BANA",1
