"category","STORE","n_weeks","n_menus","n_upcs","n_upcs_always","n_upcs_95pct","n_menus_nitem","n_nitems","n_nitems_always","n_nitems_95pct"
"Analgesics",2,385,378,275,0,0,378,227,0,0
"Analgesics",5,342,338,482,0,12,338,407,0,13
"Analgesics",8,387,380,482,0,10,380,400,0,13
"Analgesics",9,385,378,458,0,1,378,382,0,6
"Analgesics",12,387,380,552,0,12,380,458,0,14
"Analgesics",14,387,380,501,0,7,380,415,0,11
"Analgesics",18,383,376,426,0,10,376,353,0,14
"Analgesics",21,388,381,480,0,4,381,400,0,5
"Analgesics",28,387,380,287,0,1,380,235,0,2
"Analgesics",32,382,375,480,0,10,375,402,0,12
"Analgesics",33,388,381,290,0,2,381,239,0,4
"Analgesics",40,379,372,349,0,2,372,288,0,4
"Analgesics",44,384,377,357,0,2,377,291,0,3
"Analgesics",45,277,273,276,0,1,273,226,0,1
"Analgesics",47,383,376,477,0,2,376,401,0,3
"Analgesics",48,340,336,267,0,1,336,223,0,1
"Analgesics",49,273,269,287,0,0,269,235,0,0
"Analgesics",50,209,209,199,0,2,209,175,0,3
"Analgesics",51,377,370,484,1,6,370,403,1,10
"Analgesics",52,385,378,490,0,4,378,409,0,4
"Analgesics",53,390,383,416,0,0,383,352,0,0
"Analgesics",54,389,382,338,0,2,382,282,0,3
"Analgesics",56,388,381,349,0,1,381,284,0,2
"Analgesics",59,387,380,368,0,1,380,302,0,3
"Analgesics",62,388,381,403,0,10,381,334,0,11
"Analgesics",64,263,259,266,0,0,259,223,0,0
"Analgesics",67,373,366,363,0,2,366,295,0,3
"Analgesics",68,386,379,338,0,1,379,269,0,3
"Analgesics",70,384,377,461,0,3,377,384,0,8
"Analgesics",71,387,380,538,0,3,380,446,0,6
"Analgesics",72,390,383,290,0,1,383,234,0,1
"Analgesics",73,389,382,508,0,7,382,422,0,10
"Analgesics",74,387,380,558,0,8,380,461,0,10
"Analgesics",75,386,379,501,0,8,379,414,0,9
"Analgesics",76,390,383,500,0,6,383,417,0,8
"Analgesics",77,388,381,517,0,3,381,427,0,5
"Analgesics",78,390,383,482,0,2,383,398,0,4
"Analgesics",80,389,382,522,0,9,382,428,0,12
"Analgesics",81,385,378,454,0,5,378,378,0,7
"Analgesics",83,391,384,513,0,9,384,425,0,11
"Analgesics",84,390,383,500,0,8,383,413,0,10
"Analgesics",86,388,381,515,0,10,381,429,0,11
"Analgesics",88,387,380,322,0,0,380,266,0,1
"Analgesics",89,384,377,478,0,2,377,411,0,2
"Analgesics",90,386,379,336,0,1,379,277,0,1
"Analgesics",91,388,381,351,0,2,381,286,0,3
"Analgesics",92,350,346,337,0,1,346,276,0,1
"Analgesics",93,376,369,498,0,5,369,421,0,7
"Analgesics",94,382,375,354,0,3,375,290,0,4
"Analgesics",95,384,377,489,0,6,377,406,0,9
"Analgesics",97,223,223,239,0,0,223,208,0,0
"Analgesics",98,385,378,571,1,18,378,468,2,20
"Analgesics",100,382,375,569,0,14,375,471,0,16
"Analgesics",101,391,384,572,0,11,384,471,0,14
"Analgesics",102,383,376,585,2,13,376,478,3,17
"Analgesics",103,388,381,571,0,4,381,476,0,6
"Analgesics",104,381,374,495,0,4,374,413,0,4
"Analgesics",105,387,380,556,0,4,380,467,0,7
"Analgesics",106,383,376,506,0,1,376,423,0,2
"Analgesics",107,383,376,498,0,9,376,411,0,12
"Analgesics",109,386,379,493,1,8,379,411,1,10
"Analgesics",110,384,377,514,0,2,377,427,0,4
"Analgesics",111,391,384,357,0,2,384,297,0,2
"Analgesics",112,388,381,577,1,14,381,476,2,16
"Analgesics",113,386,379,402,0,4,379,325,0,6
"Analgesics",114,387,380,577,0,6,380,473,1,10
"Analgesics",115,387,380,573,0,9,380,471,0,12
"Analgesics",116,385,378,504,0,3,378,418,0,5
"Analgesics",117,332,328,324,0,2,328,270,0,2
"Analgesics",118,273,269,235,0,1,269,199,0,2
"Analgesics",119,386,379,384,0,4,379,312,0,4
"Analgesics",121,388,381,581,0,12,381,474,0,13
"Analgesics",122,388,381,584,0,12,381,476,0,15
"Analgesics",123,383,376,560,0,11,376,464,0,12
"Analgesics",124,332,325,522,0,4,325,441,0,7
"Analgesics",126,330,323,547,1,14,323,457,3,16
"Analgesics",128,330,323,541,0,12,323,455,0,15
"Analgesics",129,331,323,547,1,11,323,454,1,12
"Analgesics",130,329,322,378,0,3,322,325,0,3
"Analgesics",131,332,325,553,0,11,325,461,1,15
"Analgesics",132,332,325,553,0,12,325,459,1,14
"Analgesics",133,265,258,511,0,12,258,437,1,17
"Analgesics",134,326,318,538,0,4,318,450,0,7
"Analgesics",135,51,48,277,4,16,48,264,6,19
"Analgesics",136,286,279,526,0,9,279,440,0,11
"Analgesics",137,332,325,504,0,13,325,422,1,16
"Analgesics",139,237,230,484,0,14,230,414,0,17
"Analgesics",140,35,32,251,6,11,32,241,7,15
"Analgesics",141,34,31,249,7,14,31,239,8,17
"Analgesics",142,35,32,252,5,11,32,240,8,14
"Analgesics",143,47,44,270,9,24,44,257,10,28
"Analgesics",144,47,44,260,3,9,44,248,4,11
"Analgesics",146,27,25,246,4,6,25,241,5,7
"BathroomTissues",2,377,170,115,6,8,147,96,6,9
"BathroomTissues",5,336,128,102,7,15,104,87,7,18
"BathroomTissues",8,379,165,115,7,8,143,96,7,9
"BathroomTissues",9,377,190,111,3,8,166,92,3,9
"BathroomTissues",12,379,200,117,5,8,182,96,5,9
"BathroomTissues",14,379,182,112,6,7,166,93,6,8
"BathroomTissues",18,375,188,115,0,8,162,96,0,9
"BathroomTissues",21,380,194,115,3,8,172,98,3,9
"BathroomTissues",28,379,197,113,5,8,178,95,5,9
"BathroomTissues",32,374,167,114,7,8,143,95,7,9
"BathroomTissues",33,380,249,100,0,5,239,86,0,6
"BathroomTissues",40,371,196,110,4,8,174,92,4,9
"BathroomTissues",44,376,179,113,4,8,157,94,4,9
"BathroomTissues",45,277,131,78,2,18,116,71,2,18
"BathroomTissues",47,375,198,113,3,8,183,95,3,8
"BathroomTissues",48,334,174,104,5,14,159,87,5,15
"BathroomTissues",49,273,118,76,0,19,106,70,0,19
"BathroomTissues",50,209,84,65,2,19,68,59,2,19
"BathroomTissues",51,369,197,115,2,8,177,94,2,9
"BathroomTissues",52,377,177,118,5,8,154,99,5,9
"BathroomTissues",53,382,212,112,4,7,192,93,4,8
"BathroomTissues",54,381,179,114,7,8,165,96,7,9
"BathroomTissues",56,380,189,112,4,8,174,95,4,9
"BathroomTissues",59,379,195,115,7,8,178,98,7,9
"BathroomTissues",62,382,171,113,5,8,151,94,5,9
"BathroomTissues",64,263,136,77,0,19,119,69,0,19
"BathroomTissues",67,365,200,112,5,8,178,94,5,9
"BathroomTissues",68,378,214,112,3,7,200,95,3,7
"BathroomTissues",70,376,186,114,5,8,170,96,5,9
"BathroomTissues",71,379,173,117,6,8,157,97,6,9
"BathroomTissues",72,382,237,113,3,7,226,95,3,8
"BathroomTissues",73,381,179,113,6,8,156,94,6,9
"BathroomTissues",74,379,206,114,6,8,187,95,6,9
"BathroomTissues",75,378,181,114,3,8,163,95,3,9
"BathroomTissues",76,382,189,112,4,8,175,95,4,8
"BathroomTissues",77,372,172,112,1,9,147,93,1,10
"BathroomTissues",78,382,167,112,6,8,150,96,6,9
"BathroomTissues",80,381,169,112,6,8,148,93,6,9
"BathroomTissues",81,377,184,113,2,8,171,95,2,9
"BathroomTissues",83,383,185,114,7,8,167,96,7,9
"BathroomTissues",84,382,176,113,6,8,154,95,6,9
"BathroomTissues",86,380,181,111,6,8,163,94,6,9
"BathroomTissues",88,379,217,112,3,8,203,94,3,9
"BathroomTissues",89,376,246,113,0,8,227,94,0,8
"BathroomTissues",90,378,227,112,4,8,208,93,4,9
"BathroomTissues",91,380,206,116,1,8,185,96,1,9
"BathroomTissues",92,344,169,102,0,13,160,86,0,15
"BathroomTissues",93,368,186,114,3,8,168,94,3,9
"BathroomTissues",94,374,227,114,3,8,210,96,3,8
"BathroomTissues",95,376,224,112,3,8,209,94,3,9
"BathroomTissues",97,223,89,67,2,18,80,62,2,18
"BathroomTissues",98,377,182,115,4,8,165,96,4,9
"BathroomTissues",100,374,191,116,6,8,168,97,6,9
"BathroomTissues",101,383,178,113,5,8,159,96,5,9
"BathroomTissues",102,375,155,115,7,8,137,97,7,9
"BathroomTissues",103,380,197,115,5,8,178,97,5,8
"BathroomTissues",104,373,175,114,5,8,148,96,5,9
"BathroomTissues",105,379,240,115,1,7,224,96,1,7
"BathroomTissues",106,375,206,115,5,8,186,96,5,8
"BathroomTissues",107,375,183,113,4,8,155,94,4,9
"BathroomTissues",109,378,172,110,6,8,158,93,6,9
"BathroomTissues",110,376,196,115,5,8,177,94,5,8
"BathroomTissues",111,383,253,110,4,8,231,93,4,8
"BathroomTissues",112,380,169,114,7,9,150,97,7,10
"BathroomTissues",113,378,206,116,3,8,180,96,3,9
"BathroomTissues",114,379,192,114,7,8,174,97,7,8
"BathroomTissues",115,379,177,116,7,9,158,96,7,10
"BathroomTissues",116,377,182,112,3,8,166,94,3,9
"BathroomTissues",117,328,174,103,4,15,158,85,4,17
"BathroomTissues",118,273,119,77,7,19,107,71,7,19
"BathroomTissues",119,378,187,111,4,8,170,93,4,9
"BathroomTissues",121,380,178,115,5,9,165,96,5,10
"BathroomTissues",122,380,180,116,6,9,161,97,6,10
"BathroomTissues",123,375,218,114,4,8,198,94,4,9
"BathroomTissues",124,370,206,114,5,8,192,95,5,10
"BathroomTissues",126,376,166,112,4,8,151,96,4,9
"BathroomTissues",128,377,176,117,2,8,159,98,2,9
"BathroomTissues",129,357,189,113,6,8,161,96,6,10
"BathroomTissues",130,342,220,112,6,8,206,96,6,9
"BathroomTissues",131,375,190,116,7,8,173,98,7,9
"BathroomTissues",132,381,177,115,5,8,157,96,5,9
"BathroomTissues",133,257,126,103,7,11,122,92,7,12
"BathroomTissues",134,318,194,111,6,10,179,95,6,11
"BathroomTissues",135,47,35,61,26,30,35,58,26,30
"BathroomTissues",136,278,175,106,6,10,171,93,6,11
"BathroomTissues",137,324,155,111,4,9,140,95,4,11
"BathroomTissues",139,229,121,102,7,11,112,89,7,13
"BathroomTissues",140,35,19,52,31,32,19,51,30,31
"BathroomTissues",141,34,23,54,26,32,23,53,25,31
"BathroomTissues",142,35,16,54,30,36,16,53,29,35
"BathroomTissues",143,44,27,59,32,35,27,56,31,34
"BathroomTissues",144,44,28,58,29,33,28,55,28,32
"BathroomTissues",146,27,23,53,28,33,23,52,27,32
"BathSoap",2,265,258,44,0,0,258,36,0,0
"BathSoap",5,219,215,65,0,0,215,58,0,0
"BathSoap",8,264,257,190,0,0,257,170,0,0
"BathSoap",9,265,258,73,0,0,258,62,0,0
"BathSoap",12,265,258,66,0,0,258,52,0,0
"BathSoap",14,265,258,59,0,0,258,47,0,0
"BathSoap",18,264,257,70,0,0,257,55,0,0
"BathSoap",21,265,258,67,0,0,258,53,0,0
"BathSoap",28,263,255,48,0,0,255,43,0,0
"BathSoap",32,265,258,61,0,0,258,51,0,0
"BathSoap",33,245,129,25,0,0,129,23,0,0
"BathSoap",40,265,257,56,0,0,257,41,0,0
"BathSoap",44,265,257,56,0,0,257,46,0,0
"BathSoap",45,151,147,32,0,0,147,32,0,0
"BathSoap",47,265,258,59,0,0,258,46,0,0
"BathSoap",48,217,213,45,0,0,213,42,0,0
"BathSoap",49,151,147,35,0,0,147,33,0,0
"BathSoap",50,89,89,25,0,0,89,23,0,0
"BathSoap",51,265,257,71,0,0,257,60,0,0
"BathSoap",52,264,257,59,0,0,257,49,0,0
"BathSoap",53,265,256,52,0,0,256,46,0,0
"BathSoap",54,265,256,49,0,0,256,38,0,0
"BathSoap",56,264,256,56,0,0,256,47,0,0
"BathSoap",59,265,258,59,0,0,258,51,0,0
"BathSoap",62,262,255,79,0,0,255,68,0,0
"BathSoap",64,151,146,35,0,0,146,32,0,0
"BathSoap",67,265,257,61,0,0,257,49,0,0
"BathSoap",68,264,257,53,0,0,257,41,0,0
"BathSoap",70,265,258,356,0,0,258,314,0,0
"BathSoap",71,265,258,417,0,0,258,362,0,0
"BathSoap",72,265,258,80,0,0,258,71,0,0
"BathSoap",73,265,258,122,0,0,258,109,0,0
"BathSoap",74,264,256,92,0,0,256,80,0,0
"BathSoap",75,265,258,66,0,0,258,54,0,0
"BathSoap",76,265,258,69,0,0,258,56,0,0
"BathSoap",77,252,238,87,0,0,238,76,0,0
"BathSoap",78,265,258,95,0,0,258,85,0,0
"BathSoap",80,264,256,73,0,0,256,59,0,0
"BathSoap",81,265,258,95,0,0,258,80,0,0
"BathSoap",83,265,258,73,0,1,258,60,0,1
"BathSoap",84,265,258,97,0,0,258,83,0,0
"BathSoap",86,265,258,77,0,0,258,65,0,0
"BathSoap",88,265,258,58,0,0,258,47,0,0
"BathSoap",89,264,257,69,0,0,257,56,0,0
"BathSoap",90,265,257,56,0,0,257,51,0,0
"BathSoap",91,264,257,62,0,0,257,53,0,0
"BathSoap",92,230,226,52,0,0,226,46,0,0
"BathSoap",93,265,256,62,0,0,256,50,0,0
"BathSoap",94,265,258,59,0,0,258,47,0,0
"BathSoap",95,263,256,53,0,0,256,44,0,0
"BathSoap",97,100,98,30,0,0,98,30,0,0
"BathSoap",98,265,258,441,0,0,258,375,0,0
"BathSoap",100,265,258,444,0,0,258,388,0,0
"BathSoap",101,265,258,442,0,0,258,384,0,0
"BathSoap",102,265,258,443,0,0,258,380,0,0
"BathSoap",103,265,258,412,0,0,258,363,0,0
"BathSoap",104,265,258,88,0,0,258,73,0,0
"BathSoap",105,265,258,376,0,0,258,333,0,0
"BathSoap",106,265,257,77,0,0,257,60,0,0
"BathSoap",107,264,257,104,0,0,257,85,0,0
"BathSoap",109,265,258,76,0,0,258,64,0,0
"BathSoap",110,265,257,63,0,0,257,52,0,0
"BathSoap",111,265,258,59,0,0,258,46,0,0
"BathSoap",112,265,258,439,0,0,258,380,0,0
"BathSoap",113,265,258,61,0,0,258,52,0,0
"BathSoap",114,265,258,435,0,0,258,374,0,0
"BathSoap",115,265,258,453,0,0,258,386,0,0
"BathSoap",116,265,258,74,0,0,258,59,0,0
"BathSoap",117,212,207,42,0,0,207,37,0,0
"BathSoap",118,151,147,31,0,0,147,31,0,0
"BathSoap",119,265,258,51,0,0,258,44,0,0
"BathSoap",121,265,258,482,0,0,258,414,0,0
"BathSoap",122,265,258,474,0,0,258,406,0,0
"BathSoap",123,265,258,70,0,0,258,55,0,0
"BathSoap",124,265,258,74,0,0,258,57,0,0
"BathSoap",126,265,258,457,0,0,258,396,0,0
"BathSoap",128,265,258,446,0,0,258,383,0,0
"BathSoap",129,265,258,463,0,0,258,396,0,0
"BathSoap",130,265,257,60,0,0,257,54,0,0
"BathSoap",131,265,258,430,0,0,258,373,0,0
"BathSoap",132,265,258,472,0,0,258,407,0,0
"BathSoap",133,265,258,425,0,0,258,364,0,0
"BathSoap",134,265,258,413,0,0,258,357,0,0
"BathSoap",135,51,48,219,0,0,48,206,0,0
"BathSoap",136,265,258,441,0,0,258,382,0,0
"BathSoap",137,265,257,97,0,0,256,84,0,0
"BathSoap",139,238,231,445,0,0,231,387,0,0
"BathSoap",140,35,32,207,0,0,32,197,0,0
"BathSoap",141,34,31,214,0,0,31,206,0,0
"BathSoap",142,35,32,212,0,0,32,203,0,0
"BathSoap",143,47,44,234,0,0,44,213,0,0
"BathSoap",144,47,44,38,0,0,44,35,0,0
"BathSoap",146,27,25,203,0,0,25,195,0,0
"Beer",2,11,2,2,0,0,2,2,0,0
"Beer",5,181,177,349,0,3,177,327,0,3
"Beer",8,300,293,417,0,2,293,374,0,2
"Beer",9,301,294,415,0,3,294,368,0,3
"Beer",12,300,293,402,1,7,293,361,1,7
"Beer",14,300,293,357,2,5,293,314,2,5
"Beer",18,299,292,407,0,4,292,363,0,4
"Beer",21,302,295,391,0,3,295,346,0,3
"Beer",28,5,1,1,1,1,1,1,1,1
"Beer",32,301,294,433,1,5,294,388,1,5
"Beer",33,301,294,337,1,5,294,304,1,5
"Beer",40,302,295,330,0,2,295,299,0,2
"Beer",44,6,1,1,1,1,1,1,1,1
"Beer",47,1,1,1,1,1,1,1,1,1
"Beer",48,4,1,1,1,1,1,1,1,1
"Beer",49,187,183,262,0,10,183,237,0,10
"Beer",50,124,124,180,0,10,124,164,0,10
"Beer",51,301,294,321,0,2,294,285,0,2
"Beer",52,99,89,213,0,0,89,207,0,0
"Beer",53,301,294,316,0,2,294,293,0,2
"Beer",56,301,294,318,0,1,294,289,0,1
"Beer",59,301,294,360,0,3,294,328,0,3
"Beer",62,299,292,387,1,9,292,346,1,10
"Beer",64,184,182,236,4,26,182,213,4,27
"Beer",67,301,294,340,0,4,294,306,0,4
"Beer",68,298,291,345,1,5,291,309,1,5
"Beer",70,301,294,395,0,1,294,365,0,1
"Beer",71,299,292,481,0,3,292,433,0,3
"Beer",72,301,294,349,0,4,294,319,0,4
"Beer",73,301,294,339,0,4,294,303,0,4
"Beer",74,300,293,436,1,5,293,387,1,5
"Beer",75,301,294,404,0,5,294,360,0,5
"Beer",76,302,295,410,0,4,295,370,0,4
"Beer",77,289,282,413,0,5,282,374,0,5
"Beer",78,302,295,364,0,3,295,325,0,3
"Beer",80,301,294,371,0,1,294,334,0,1
"Beer",81,301,294,349,0,1,294,309,0,1
"Beer",83,6,1,1,1,1,1,1,1,1
"Beer",84,301,294,409,0,2,294,359,0,2
"Beer",86,301,294,490,2,6,294,440,2,7
"Beer",88,60,57,70,0,1,57,67,0,1
"Beer",89,302,295,343,0,2,295,309,0,2
"Beer",90,301,294,290,0,2,294,264,0,2
"Beer",91,300,293,306,0,1,293,273,0,1
"Beer",92,1,1,1,1,1,1,1,1,1
"Beer",93,172,165,275,3,10,165,264,3,10
"Beer",94,302,295,357,1,5,295,320,1,5
"Beer",95,299,292,336,0,4,292,306,0,4
"Beer",97,138,138,224,5,32,138,203,5,32
"Beer",98,302,295,480,0,5,295,431,0,5
"Beer",100,302,295,506,1,5,295,451,1,5
"Beer",101,302,295,465,0,5,295,415,0,5
"Beer",102,302,295,497,1,5,295,441,1,5
"Beer",103,302,295,448,0,5,295,400,0,5
"Beer",104,114,111,250,0,2,111,236,0,2
"Beer",105,302,295,439,0,2,295,394,0,2
"Beer",106,302,295,374,0,0,295,341,0,0
"Beer",107,300,293,389,1,5,293,344,1,5
"Beer",109,302,295,493,1,7,295,429,1,7
"Beer",110,299,292,361,0,4,292,321,0,4
"Beer",111,302,295,243,0,1,295,226,0,1
"Beer",112,302,295,457,1,7,295,409,1,8
"Beer",113,301,294,364,1,5,294,332,1,5
"Beer",115,302,295,461,0,3,295,421,0,3
"Beer",116,300,293,434,0,3,293,387,0,3
"Beer",117,246,242,289,0,2,242,260,0,2
"Beer",118,188,184,226,1,12,184,205,1,12
"Beer",119,301,294,339,0,2,294,307,0,2
"Beer",121,302,295,474,0,8,295,425,0,8
"Beer",122,302,295,510,0,6,295,457,0,6
"Beer",123,302,295,347,0,5,295,318,0,5
"Beer",126,302,295,514,0,7,295,454,0,7
"Beer",128,302,295,490,2,11,295,438,2,11
"Beer",129,302,295,524,2,6,295,466,2,6
"Beer",130,300,293,333,0,1,293,306,0,1
"Beer",131,302,295,485,1,5,295,435,1,5
"Beer",132,302,295,476,1,4,295,424,1,4
"Beer",133,264,257,463,1,7,257,421,1,7
"Beer",134,302,295,499,1,4,295,452,1,4
"Beer",135,51,48,230,8,13,48,218,9,15
"Beer",136,285,278,452,0,6,278,408,0,6
"Beer",137,162,156,266,1,14,156,255,1,14
"Beer",139,237,230,452,1,7,230,413,1,7
"Beer",140,35,32,188,6,11,32,178,7,12
"Beer",141,34,31,170,5,14,31,166,6,14
"Beer",142,35,32,168,1,6,32,164,1,6
"Beer",143,47,44,221,4,12,44,211,4,12
"Beer",144,47,44,226,2,7,44,216,2,7
"Beer",146,27,25,166,5,8,25,158,5,8
"CannedSoup",2,371,368,369,2,53,368,347,2,56
"CannedSoup",5,336,325,356,4,59,325,336,5,60
"CannedSoup",8,373,356,374,7,61,356,354,7,65
"CannedSoup",9,371,365,378,2,54,365,356,2,55
"CannedSoup",12,373,370,373,5,54,370,350,5,56
"CannedSoup",14,373,369,373,3,57,369,351,3,58
"CannedSoup",18,368,358,374,6,59,358,350,6,61
"CannedSoup",21,374,372,378,2,56,372,354,2,58
"CannedSoup",28,373,371,375,2,53,371,352,2,55
"CannedSoup",32,368,352,379,4,62,352,356,5,63
"CannedSoup",33,374,365,356,0,53,365,334,0,54
"CannedSoup",40,365,362,371,1,58,362,349,1,60
"CannedSoup",44,370,356,373,1,58,356,350,1,61
"CannedSoup",45,271,269,327,1,89,269,315,1,90
"CannedSoup",47,369,367,372,3,57,367,350,3,58
"CannedSoup",48,334,332,356,0,52,332,336,0,53
"CannedSoup",49,267,265,329,0,73,265,317,0,74
"CannedSoup",50,209,209,300,0,77,209,294,0,78
"CannedSoup",51,363,356,375,3,58,356,353,3,59
"CannedSoup",52,371,363,386,3,59,363,363,3,63
"CannedSoup",53,376,374,370,1,47,374,349,1,48
"CannedSoup",54,375,373,374,2,55,373,352,2,56
"CannedSoup",56,374,372,377,2,56,372,355,2,57
"CannedSoup",59,373,370,379,4,59,370,356,4,60
"CannedSoup",62,374,371,375,2,59,371,354,2,61
"CannedSoup",64,257,255,324,0,73,255,312,0,74
"CannedSoup",67,359,357,386,3,56,357,363,3,57
"CannedSoup",68,372,368,373,3,57,368,351,3,58
"CannedSoup",70,370,363,377,4,55,363,354,5,56
"CannedSoup",71,373,363,374,2,61,363,350,2,64
"CannedSoup",72,376,374,375,3,51,374,353,3,53
"CannedSoup",73,375,371,381,3,55,371,359,3,56
"CannedSoup",74,373,359,377,6,61,359,354,6,62
"CannedSoup",75,372,370,375,2,54,370,353,2,55
"CannedSoup",76,376,373,372,0,56,373,350,0,58
"CannedSoup",77,364,356,378,15,60,354,356,15,61
"CannedSoup",78,376,367,373,1,58,367,351,1,60
"CannedSoup",80,375,358,381,6,61,357,358,6,62
"CannedSoup",81,371,366,379,5,59,366,357,5,60
"CannedSoup",83,377,374,380,5,62,374,357,6,63
"CannedSoup",84,376,372,372,1,57,372,350,1,61
"CannedSoup",86,374,366,380,3,57,366,358,3,58
"CannedSoup",88,373,370,369,2,50,370,347,2,52
"CannedSoup",89,370,368,378,2,52,368,355,2,54
"CannedSoup",90,372,369,382,0,50,369,359,0,53
"CannedSoup",91,374,370,371,4,55,370,349,4,57
"CannedSoup",92,344,342,369,0,45,342,349,0,45
"CannedSoup",93,362,359,374,4,60,359,351,4,62
"CannedSoup",94,368,366,372,2,53,366,350,2,56
"CannedSoup",95,370,368,367,0,54,368,344,0,56
"CannedSoup",97,223,223,304,1,53,223,297,1,54
"CannedSoup",98,371,368,381,4,61,368,359,4,65
"CannedSoup",100,368,366,377,1,56,366,354,1,58
"CannedSoup",101,377,359,374,6,58,358,352,6,59
"CannedSoup",102,369,352,378,6,59,351,356,8,60
"CannedSoup",103,374,372,382,2,52,372,359,2,54
"CannedSoup",104,367,364,377,1,56,364,355,1,57
"CannedSoup",105,373,371,375,1,53,371,353,1,54
"CannedSoup",106,369,367,375,0,50,367,354,0,51
"CannedSoup",107,369,359,375,3,54,359,353,3,56
"CannedSoup",109,372,370,412,4,60,370,389,4,61
"CannedSoup",110,370,362,374,3,52,362,352,3,55
"CannedSoup",111,377,374,368,3,47,374,346,3,48
"CannedSoup",112,374,371,399,4,56,371,375,4,58
"CannedSoup",113,372,366,378,3,59,366,356,3,60
"CannedSoup",114,373,370,383,5,55,370,360,5,56
"CannedSoup",115,373,370,402,2,54,370,379,2,57
"CannedSoup",116,371,368,373,4,55,368,351,4,56
"CannedSoup",117,326,324,357,2,63,324,337,2,64
"CannedSoup",118,267,265,337,4,74,265,324,4,75
"CannedSoup",119,372,370,372,1,51,370,349,1,54
"CannedSoup",121,374,366,383,4,57,366,360,4,58
"CannedSoup",122,374,361,393,5,61,361,370,5,62
"CannedSoup",123,369,367,375,2,59,367,352,2,61
"CannedSoup",124,364,361,373,2,56,361,350,2,58
"CannedSoup",126,370,360,378,4,58,360,355,4,63
"CannedSoup",128,371,366,372,4,58,366,350,4,60
"CannedSoup",129,351,342,372,3,58,342,349,3,62
"CannedSoup",130,336,333,363,3,52,333,341,3,53
"CannedSoup",131,369,367,380,3,58,367,358,3,61
"CannedSoup",132,375,366,371,3,60,366,349,3,65
"CannedSoup",133,251,249,325,5,65,249,310,5,66
"CannedSoup",134,312,308,347,5,55,308,327,5,59
"CannedSoup",135,43,41,143,81,102,41,142,80,101
"CannedSoup",136,272,270,343,4,56,270,326,4,57
"CannedSoup",137,318,310,344,5,63,309,322,5,66
"CannedSoup",139,223,214,317,7,72,214,302,7,76
"CannedSoup",140,29,22,126,90,108,22,125,89,107
"CannedSoup",141,28,21,127,89,108,21,126,88,107
"CannedSoup",142,29,25,123,85,103,25,122,84,102
"CannedSoup",143,39,32,135,74,95,32,134,74,94
"CannedSoup",144,39,37,136,71,89,37,135,70,88
"CannedSoup",146,21,21,126,80,98,21,125,79,97
"CannedTuna",2,367,364,224,0,2,364,176,0,4
"CannedTuna",5,334,332,219,0,2,332,171,1,4
"CannedTuna",8,369,366,232,0,1,366,181,0,3
"CannedTuna",9,367,364,225,0,1,364,175,0,4
"CannedTuna",12,369,366,233,0,3,366,182,0,6
"CannedTuna",14,369,366,228,0,2,366,176,0,4
"CannedTuna",18,364,361,227,0,0,361,179,0,1
"CannedTuna",21,370,367,228,0,0,367,180,0,1
"CannedTuna",28,369,366,226,0,0,366,180,0,0
"CannedTuna",32,364,361,230,0,2,361,179,0,5
"CannedTuna",33,370,367,228,0,2,367,178,0,3
"CannedTuna",40,361,358,226,0,0,358,178,0,1
"CannedTuna",44,366,363,229,0,1,363,182,0,2
"CannedTuna",45,275,273,191,2,15,273,152,2,26
"CannedTuna",47,365,362,231,0,0,362,180,0,0
"CannedTuna",48,332,330,213,0,0,330,166,0,0
"CannedTuna",49,271,269,191,1,15,269,153,1,23
"CannedTuna",50,209,209,168,1,13,209,135,1,19
"CannedTuna",51,359,356,229,0,0,356,180,0,1
"CannedTuna",52,367,364,235,0,2,364,184,0,5
"CannedTuna",53,372,369,225,0,1,369,177,0,4
"CannedTuna",54,371,368,226,0,0,368,178,0,1
"CannedTuna",56,370,367,226,0,0,367,176,0,1
"CannedTuna",59,369,366,230,0,0,366,178,0,2
"CannedTuna",62,372,369,230,0,2,369,181,0,4
"CannedTuna",64,261,259,190,0,12,259,150,0,19
"CannedTuna",67,355,352,232,0,0,352,181,0,3
"CannedTuna",68,368,365,222,0,1,365,175,0,4
"CannedTuna",70,366,363,226,0,0,363,182,0,2
"CannedTuna",71,369,366,230,0,1,366,183,1,4
"CannedTuna",72,372,369,226,0,0,369,176,0,2
"CannedTuna",73,371,368,227,0,1,368,182,0,3
"CannedTuna",74,369,366,234,0,1,366,183,0,4
"CannedTuna",75,368,365,232,0,2,365,183,0,4
"CannedTuna",76,372,369,231,0,0,369,180,0,1
"CannedTuna",77,360,357,235,0,1,357,184,0,2
"CannedTuna",78,372,369,227,0,1,369,180,0,2
"CannedTuna",80,371,368,234,0,3,368,184,0,5
"CannedTuna",81,367,364,229,0,0,364,180,0,2
"CannedTuna",83,373,370,229,0,0,370,178,0,1
"CannedTuna",84,372,369,236,0,0,369,182,0,1
"CannedTuna",86,370,367,222,0,2,367,176,0,4
"CannedTuna",88,369,366,228,0,0,366,179,0,0
"CannedTuna",89,366,363,222,0,0,363,176,0,2
"CannedTuna",90,368,365,222,0,0,365,177,0,0
"CannedTuna",91,370,367,229,0,0,367,180,0,0
"CannedTuna",92,340,338,220,0,0,338,171,0,1
"CannedTuna",93,358,355,230,0,2,355,181,0,4
"CannedTuna",94,364,361,230,0,0,361,179,0,1
"CannedTuna",95,366,363,226,0,0,363,177,0,2
"CannedTuna",97,223,223,167,0,7,223,134,0,10
"CannedTuna",98,367,364,233,0,1,364,186,0,4
"CannedTuna",100,364,361,224,0,0,361,176,0,2
"CannedTuna",101,373,370,230,0,0,370,179,0,2
"CannedTuna",102,365,362,227,0,0,362,181,0,2
"CannedTuna",103,370,367,229,0,0,367,178,0,1
"CannedTuna",104,363,360,226,0,0,360,179,0,1
"CannedTuna",105,369,366,225,0,0,366,176,0,0
"CannedTuna",106,365,362,222,0,0,362,177,0,1
"CannedTuna",107,365,362,228,0,2,362,180,0,4
"CannedTuna",109,368,365,245,0,4,365,194,0,7
"CannedTuna",110,366,363,226,0,0,363,177,0,1
"CannedTuna",111,373,370,215,0,0,370,170,0,1
"CannedTuna",112,370,367,239,0,2,367,184,0,3
"CannedTuna",113,368,365,227,0,1,365,180,1,4
"CannedTuna",114,369,366,227,0,1,366,177,0,3
"CannedTuna",115,369,366,234,0,1,366,189,0,2
"CannedTuna",116,367,364,230,0,0,364,180,0,2
"CannedTuna",117,326,324,215,0,0,324,167,0,0
"CannedTuna",118,271,269,196,2,18,269,152,2,28
"CannedTuna",119,368,365,231,0,1,365,184,0,2
"CannedTuna",121,370,367,236,0,2,367,186,0,4
"CannedTuna",122,370,367,236,0,1,367,188,0,2
"CannedTuna",123,365,362,226,0,1,362,177,0,4
"CannedTuna",124,360,357,226,0,1,357,178,0,4
"CannedTuna",126,366,363,240,0,2,363,190,0,4
"CannedTuna",128,367,364,227,0,2,364,179,1,5
"CannedTuna",129,347,343,226,0,1,343,185,0,4
"CannedTuna",130,332,329,211,0,1,329,174,0,3
"CannedTuna",131,365,362,235,0,1,362,185,0,3
"CannedTuna",132,371,368,226,0,2,368,181,0,5
"CannedTuna",133,247,244,186,0,3,244,168,1,6
"CannedTuna",134,308,304,205,0,0,304,173,0,1
"CannedTuna",135,39,38,110,3,11,38,109,3,11
"CannedTuna",136,268,265,191,0,3,265,168,0,6
"CannedTuna",137,314,311,218,0,3,311,178,0,8
"CannedTuna",139,219,216,174,0,1,216,157,0,4
"CannedTuna",140,29,28,105,4,10,28,105,4,10
"CannedTuna",141,28,27,110,5,14,27,110,5,14
"CannedTuna",142,29,28,106,2,7,28,106,2,7
"CannedTuna",143,36,35,113,10,16,35,113,10,16
"CannedTuna",144,36,35,109,4,12,35,109,4,12
"CannedTuna",146,21,21,108,29,42,21,108,29,42
"Cereal",2,359,346,404,23,58,339,330,28,69
"Cereal",5,322,303,393,40,65,288,329,47,76
"Cereal",8,361,346,424,35,65,341,351,44,79
"Cereal",9,359,346,406,24,57,344,329,31,67
"Cereal",12,361,350,424,26,67,343,347,33,79
"Cereal",14,361,350,417,30,64,346,340,37,77
"Cereal",18,356,328,393,24,48,323,323,29,56
"Cereal",21,362,353,429,22,65,352,352,27,77
"Cereal",28,361,342,407,28,58,338,335,33,69
"Cereal",32,356,330,425,37,58,312,349,47,68
"Cereal",33,362,345,394,10,33,345,326,15,43
"Cereal",40,353,336,417,21,60,329,342,27,71
"Cereal",44,358,337,422,26,61,327,348,33,74
"Cereal",45,277,269,335,11,69,268,301,12,76
"Cereal",47,357,343,425,15,62,338,346,21,74
"Cereal",48,320,314,382,10,60,310,320,10,72
"Cereal",49,272,266,333,25,72,265,300,27,76
"Cereal",50,209,206,288,9,72,204,264,10,77
"Cereal",51,351,336,412,24,49,332,339,28,59
"Cereal",52,359,344,427,34,64,340,350,44,78
"Cereal",53,364,351,414,24,59,343,338,29,69
"Cereal",54,363,352,437,21,60,350,359,27,73
"Cereal",56,362,352,422,20,65,349,348,23,76
"Cereal",59,361,342,430,32,64,338,353,40,76
"Cereal",62,362,349,421,30,62,345,344,37,74
"Cereal",64,263,256,326,3,73,255,294,4,77
"Cereal",67,347,332,412,26,68,329,336,31,81
"Cereal",68,360,349,416,18,54,348,340,22,66
"Cereal",70,358,333,414,32,50,326,341,37,57
"Cereal",71,361,342,426,24,61,335,349,33,74
"Cereal",72,364,355,416,11,53,355,340,16,66
"Cereal",73,363,340,423,31,64,333,347,36,77
"Cereal",74,361,353,428,37,64,349,353,44,77
"Cereal",75,360,348,422,18,61,344,346,21,72
"Cereal",76,364,357,425,20,63,356,348,23,76
"Cereal",77,352,328,417,5,61,316,340,9,72
"Cereal",78,364,344,422,29,63,333,346,35,75
"Cereal",80,363,342,431,33,64,330,353,40,76
"Cereal",81,359,335,424,28,65,331,350,36,78
"Cereal",83,365,344,432,39,63,333,356,46,75
"Cereal",84,364,345,424,22,64,338,345,27,76
"Cereal",86,362,347,425,32,65,335,348,39,77
"Cereal",88,361,348,416,15,56,346,339,19,66
"Cereal",89,358,352,406,14,59,352,335,16,69
"Cereal",90,360,352,391,16,45,352,320,17,52
"Cereal",91,362,354,424,14,60,352,346,16,71
"Cereal",92,328,323,389,2,57,320,327,4,66
"Cereal",93,350,338,414,27,61,336,340,35,72
"Cereal",94,356,342,424,23,63,337,348,28,75
"Cereal",95,358,344,400,15,56,338,328,17,67
"Cereal",97,223,220,302,8,75,219,275,8,79
"Cereal",98,359,348,429,28,66,344,352,34,79
"Cereal",100,356,342,411,29,47,330,337,35,55
"Cereal",101,365,336,417,27,51,323,342,32,58
"Cereal",102,357,337,424,27,51,327,348,35,60
"Cereal",103,362,356,425,20,50,356,349,26,59
"Cereal",104,355,339,436,39,66,332,360,45,79
"Cereal",105,361,353,419,9,40,352,344,11,48
"Cereal",106,357,351,420,14,58,351,345,17,70
"Cereal",107,357,338,418,28,48,327,343,33,56
"Cereal",109,360,321,422,32,57,309,348,40,68
"Cereal",110,358,346,417,33,65,341,342,38,77
"Cereal",111,365,359,399,18,44,359,328,20,53
"Cereal",112,362,334,423,24,50,326,348,31,58
"Cereal",113,360,348,424,29,60,336,346,36,71
"Cereal",114,361,345,411,28,50,341,337,31,59
"Cereal",115,361,337,424,32,52,332,346,38,60
"Cereal",116,359,331,413,24,53,316,339,29,62
"Cereal",117,312,299,366,28,60,292,311,32,69
"Cereal",118,273,264,317,26,55,262,289,28,59
"Cereal",119,360,348,414,25,58,345,339,29,69
"Cereal",121,362,339,430,32,51,333,354,37,59
"Cereal",122,362,340,432,31,63,323,355,39,73
"Cereal",123,357,340,420,23,65,333,345,29,77
"Cereal",124,352,334,419,21,63,331,343,27,74
"Cereal",126,358,339,441,23,72,326,363,27,85
"Cereal",128,359,340,425,21,65,331,346,28,77
"Cereal",129,339,316,416,39,77,309,344,49,92
"Cereal",130,324,318,391,27,72,318,324,34,82
"Cereal",131,357,342,434,34,68,334,358,42,82
"Cereal",132,363,342,442,28,66,329,365,34,79
"Cereal",133,239,227,349,55,84,214,291,66,100
"Cereal",134,300,287,391,34,75,284,328,44,87
"Cereal",135,45,42,210,129,140,40,198,132,143
"Cereal",136,260,249,366,40,81,246,305,51,94
"Cereal",137,306,290,387,42,74,284,322,53,88
"Cereal",139,211,195,322,55,84,190,273,65,99
"Cereal",140,33,29,201,132,142,28,190,137,145
"Cereal",141,32,30,201,136,147,30,190,139,149
"Cereal",142,33,30,199,131,142,30,188,135,145
"Cereal",143,41,37,210,134,142,35,198,137,145
"Cereal",144,41,38,210,122,139,36,198,126,142
"Cereal",146,27,25,188,129,146,25,178,133,147
"Cheese",2,385,378,526,16,81,378,461,18,91
"Cheese",5,342,338,506,44,101,338,445,52,113
"Cheese",8,387,380,546,29,94,380,476,33,103
"Cheese",9,385,378,542,21,80,378,480,23,90
"Cheese",12,387,380,544,27,81,380,477,28,92
"Cheese",14,387,380,531,31,91,380,462,37,101
"Cheese",18,383,376,526,0,67,376,460,0,74
"Cheese",21,388,381,539,20,80,381,471,21,89
"Cheese",28,387,380,529,14,74,380,462,17,86
"Cheese",32,382,374,527,30,89,374,460,33,101
"Cheese",33,388,381,522,36,79,381,457,38,89
"Cheese",40,379,372,533,15,63,372,465,17,73
"Cheese",44,384,377,537,24,95,377,469,27,107
"Cheese",45,277,273,439,8,84,273,388,10,100
"Cheese",47,383,376,532,21,68,376,464,22,79
"Cheese",48,340,336,495,10,71,336,432,11,81
"Cheese",49,273,269,447,4,72,269,395,4,85
"Cheese",50,209,209,378,2,88,209,356,4,94
"Cheese",51,377,370,535,21,75,370,469,26,83
"Cheese",52,385,378,567,38,95,378,496,41,104
"Cheese",53,390,383,573,13,56,383,508,14,58
"Cheese",54,389,382,546,18,87,382,476,20,96
"Cheese",56,388,381,525,24,85,381,462,27,95
"Cheese",59,387,380,534,37,88,380,471,42,97
"Cheese",62,388,381,543,34,91,381,475,40,102
"Cheese",64,263,259,443,2,66,259,389,3,75
"Cheese",67,373,366,525,25,82,366,461,28,92
"Cheese",68,386,379,528,20,72,379,462,22,81
"Cheese",70,384,377,527,22,90,377,462,24,100
"Cheese",71,387,380,532,35,91,380,464,39,100
"Cheese",72,390,383,560,13,62,383,491,15,72
"Cheese",73,389,382,527,19,80,382,461,22,88
"Cheese",74,388,381,532,0,87,381,464,0,96
"Cheese",75,386,379,542,11,64,379,474,13,77
"Cheese",76,390,383,528,18,76,383,462,19,84
"Cheese",77,378,371,532,12,88,371,465,13,98
"Cheese",78,390,383,533,19,90,383,464,22,100
"Cheese",80,389,381,549,42,93,381,478,47,102
"Cheese",81,385,378,534,41,95,378,467,50,106
"Cheese",83,391,384,532,30,94,384,463,36,104
"Cheese",84,390,383,540,18,84,383,465,22,94
"Cheese",86,388,381,537,24,92,381,470,28,103
"Cheese",88,387,380,531,4,47,380,461,6,57
"Cheese",89,384,377,514,15,58,377,452,15,64
"Cheese",90,386,379,517,5,50,379,454,6,55
"Cheese",91,388,381,534,15,75,381,468,16,83
"Cheese",92,352,348,526,4,62,348,460,5,73
"Cheese",93,376,369,541,28,87,369,473,32,98
"Cheese",94,382,375,520,25,79,375,455,29,87
"Cheese",95,384,377,521,5,66,377,456,6,74
"Cheese",97,223,223,403,3,83,223,371,4,87
"Cheese",98,385,378,537,21,78,378,471,22,85
"Cheese",100,382,375,515,20,82,375,455,21,90
"Cheese",101,391,384,550,32,93,384,484,36,103
"Cheese",102,383,376,532,32,94,376,465,36,105
"Cheese",103,388,381,526,23,79,381,462,25,87
"Cheese",104,381,374,548,26,85,374,478,32,96
"Cheese",105,387,380,542,20,70,380,478,21,76
"Cheese",106,383,376,529,10,60,376,466,12,67
"Cheese",107,383,376,533,16,84,376,470,20,95
"Cheese",109,386,379,561,48,91,379,493,55,102
"Cheese",110,384,377,540,30,88,377,470,32,98
"Cheese",111,391,384,518,15,62,384,453,19,71
"Cheese",112,388,381,589,42,97,381,524,46,108
"Cheese",113,386,379,533,19,85,379,467,21,95
"Cheese",114,387,380,526,28,82,380,464,32,90
"Cheese",115,387,379,533,21,88,379,468,25,99
"Cheese",116,385,377,528,33,90,377,463,36,99
"Cheese",117,332,328,494,10,95,328,437,13,105
"Cheese",118,273,269,442,23,79,269,392,25,90
"Cheese",119,386,379,537,25,89,379,471,27,98
"Cheese",121,388,381,543,36,98,381,477,46,109
"Cheese",122,388,381,564,17,93,380,494,21,102
"Cheese",123,383,376,531,17,86,376,463,17,95
"Cheese",124,378,371,533,7,79,371,467,7,91
"Cheese",126,384,376,550,18,95,375,478,20,105
"Cheese",128,385,378,561,30,95,378,492,34,106
"Cheese",129,365,357,536,47,97,357,471,57,108
"Cheese",130,350,343,505,17,68,343,445,20,77
"Cheese",131,383,376,561,23,93,376,492,25,104
"Cheese",132,389,382,573,21,99,382,500,24,109
"Cheese",133,265,258,488,45,115,258,432,49,129
"Cheese",134,326,318,514,30,93,318,451,35,105
"Cheese",135,51,48,287,127,172,48,285,128,171
"Cheese",136,286,279,516,45,105,279,458,56,119
"Cheese",137,332,325,521,52,104,324,459,61,118
"Cheese",139,237,230,447,64,124,230,392,73,136
"Cheese",140,35,32,277,156,177,32,275,155,176
"Cheese",141,34,31,276,159,177,31,274,159,176
"Cheese",142,35,32,275,134,162,32,273,134,163
"Cheese",143,47,44,287,135,175,44,285,135,174
"Cheese",144,47,44,291,145,180,44,287,145,180
"Cheese",146,27,25,266,153,180,25,264,153,179
"Cigarettes",2,391,381,338,0,0,97,32,0,0
"Cigarettes",5,352,342,500,0,1,158,39,2,2
"Cigarettes",8,393,383,358,0,0,108,36,0,1
"Cigarettes",9,391,381,417,0,0,118,34,0,0
"Cigarettes",12,393,383,283,0,0,100,27,0,1
"Cigarettes",14,393,383,399,0,1,112,33,2,2
"Cigarettes",18,388,378,385,0,0,153,34,0,0
"Cigarettes",21,394,384,530,0,1,194,43,2,2
"Cigarettes",28,393,383,448,0,0,177,40,0,2
"Cigarettes",32,388,378,491,0,0,180,40,1,2
"Cigarettes",33,393,383,242,0,0,81,25,0,0
"Cigarettes",40,385,375,438,0,1,172,35,2,2
"Cigarettes",44,390,380,419,0,0,89,38,2,2
"Cigarettes",45,281,275,416,0,0,130,33,0,2
"Cigarettes",47,389,379,441,0,0,123,43,0,2
"Cigarettes",48,350,340,474,0,0,152,41,0,2
"Cigarettes",49,279,273,354,0,0,114,34,0,2
"Cigarettes",50,208,208,204,0,0,53,19,2,2
"Cigarettes",51,383,373,457,0,0,106,40,0,2
"Cigarettes",52,391,381,439,0,0,170,39,1,2
"Cigarettes",53,396,362,192,0,0,98,24,0,0
"Cigarettes",54,395,385,506,0,0,200,42,0,2
"Cigarettes",56,394,384,481,0,0,136,39,0,2
"Cigarettes",59,393,383,520,0,0,181,39,1,2
"Cigarettes",62,394,384,472,0,0,112,40,2,2
"Cigarettes",64,267,260,355,0,0,91,32,0,2
"Cigarettes",67,379,369,305,0,0,87,29,0,2
"Cigarettes",68,392,365,177,0,0,74,21,0,0
"Cigarettes",70,390,380,485,0,1,229,45,0,2
"Cigarettes",71,393,383,434,0,0,115,42,0,1
"Cigarettes",72,396,386,343,0,0,93,33,0,0
"Cigarettes",73,395,353,116,0,0,52,17,0,0
"Cigarettes",74,393,382,369,0,0,134,38,0,0
"Cigarettes",75,392,382,288,0,0,84,29,0,2
"Cigarettes",76,396,372,149,0,0,86,28,0,0
"Cigarettes",77,383,373,483,0,0,193,37,2,2
"Cigarettes",78,396,386,483,0,0,141,42,0,2
"Cigarettes",80,395,385,527,0,0,173,41,2,3
"Cigarettes",81,391,381,431,0,0,159,41,1,2
"Cigarettes",83,397,387,453,0,0,152,45,0,0
"Cigarettes",84,396,386,467,0,3,141,40,2,2
"Cigarettes",86,394,384,332,0,0,136,33,0,2
"Cigarettes",88,393,383,488,0,0,147,39,1,2
"Cigarettes",89,390,376,124,0,0,66,18,0,0
"Cigarettes",90,346,242,126,0,0,45,14,0,0
"Cigarettes",91,394,384,395,0,0,144,34,0,0
"Cigarettes",92,356,346,293,0,0,96,29,0,0
"Cigarettes",93,382,372,296,0,0,99,30,1,1
"Cigarettes",94,388,378,463,0,1,198,42,2,2
"Cigarettes",95,391,381,364,0,0,142,33,0,0
"Cigarettes",97,223,223,224,0,2,96,19,1,4
"Cigarettes",98,391,381,351,0,0,127,32,0,0
"Cigarettes",100,388,378,373,0,0,122,40,0,0
"Cigarettes",101,397,387,481,0,0,116,42,2,3
"Cigarettes",102,389,379,443,0,0,123,40,0,2
"Cigarettes",103,393,383,441,0,0,187,47,0,0
"Cigarettes",104,387,377,470,0,0,188,39,1,2
"Cigarettes",105,393,383,455,0,0,143,42,1,1
"Cigarettes",106,389,379,421,0,0,166,43,1,2
"Cigarettes",107,389,379,512,0,0,136,46,2,2
"Cigarettes",109,392,382,455,0,0,178,37,2,2
"Cigarettes",110,390,380,489,0,2,129,44,2,3
"Cigarettes",111,98,42,26,0,0,15,8,0,0
"Cigarettes",112,394,384,499,0,0,183,44,2,2
"Cigarettes",113,392,382,262,0,0,87,31,0,0
"Cigarettes",114,393,383,340,0,0,133,33,0,0
"Cigarettes",115,393,383,478,0,0,164,51,2,2
"Cigarettes",116,391,381,481,0,0,125,41,1,2
"Cigarettes",117,342,332,491,0,0,173,41,1,3
"Cigarettes",118,279,273,338,0,0,63,29,0,2
"Cigarettes",119,392,382,490,0,0,173,42,2,2
"Cigarettes",121,394,384,459,0,0,159,46,2,2
"Cigarettes",122,394,384,550,0,0,206,43,2,2
"Cigarettes",123,389,379,254,0,0,89,26,0,0
"Cigarettes",124,384,374,240,0,0,94,29,0,0
"Cigarettes",126,390,380,482,0,0,175,46,1,2
"Cigarettes",128,391,381,372,0,0,129,37,0,2
"Cigarettes",129,371,360,511,0,0,175,46,2,2
"Cigarettes",130,336,289,85,0,0,45,18,0,0
"Cigarettes",131,389,379,561,0,0,228,46,0,2
"Cigarettes",132,395,385,499,0,0,180,42,2,2
"Cigarettes",133,271,261,489,1,20,134,44,5,7
"Cigarettes",134,332,321,496,0,0,151,50,2,2
"Cigarettes",135,47,47,350,1,5,38,33,6,6
"Cigarettes",136,292,282,512,1,14,162,48,5,6
"Cigarettes",137,338,328,383,0,0,111,37,1,2
"Cigarettes",139,243,233,463,6,24,132,41,4,6
"Cigarettes",140,35,35,261,5,6,25,26,3,5
"Cigarettes",141,34,34,260,1,5,23,23,4,6
"Cigarettes",142,35,35,287,10,12,21,25,6,6
"Cigarettes",143,43,43,336,7,19,30,33,6,6
"Cigarettes",144,43,43,325,6,17,29,26,4,7
"Cigarettes",146,28,28,250,1,4,19,28,4,4
"Cookies",2,381,373,868,13,54,373,760,14,66
"Cookies",5,342,336,846,12,59,336,750,13,71
"Cookies",8,383,374,899,17,51,374,787,20,62
"Cookies",9,381,373,912,6,34,373,796,7,45
"Cookies",12,383,375,912,8,43,375,797,10,54
"Cookies",14,383,375,906,13,50,375,794,15,60
"Cookies",18,379,370,913,0,51,370,797,0,61
"Cookies",21,384,376,904,4,33,376,791,5,45
"Cookies",28,383,374,892,5,37,374,780,7,47
"Cookies",32,378,369,913,21,60,369,799,22,71
"Cookies",33,384,376,799,11,40,376,695,12,45
"Cookies",40,375,367,886,9,37,367,771,11,49
"Cookies",44,380,372,962,15,60,372,844,16,72
"Cookies",45,271,269,753,4,34,269,674,4,45
"Cookies",47,379,370,911,2,32,370,792,3,42
"Cookies",48,340,334,805,1,28,334,713,1,36
"Cookies",49,269,267,755,2,29,267,675,3,39
"Cookies",50,209,209,601,2,34,209,558,2,47
"Cookies",51,373,365,884,7,43,365,775,11,53
"Cookies",52,381,373,945,13,48,373,824,15,58
"Cookies",53,386,377,872,3,35,377,762,3,46
"Cookies",54,385,377,874,8,38,377,765,9,50
"Cookies",56,384,376,904,9,36,376,794,9,48
"Cookies",59,383,375,914,8,44,375,799,11,55
"Cookies",62,384,376,914,17,50,376,797,18,61
"Cookies",64,257,254,724,2,26,254,645,2,36
"Cookies",67,369,361,923,4,42,361,807,4,53
"Cookies",68,382,374,879,3,34,374,775,3,46
"Cookies",70,380,371,932,13,45,371,816,15,56
"Cookies",71,383,374,917,19,53,374,801,20,66
"Cookies",72,386,378,899,7,36,378,789,8,44
"Cookies",73,385,376,913,10,48,376,802,11,59
"Cookies",74,383,375,911,14,61,375,798,17,72
"Cookies",75,382,374,894,6,40,374,775,8,51
"Cookies",76,386,378,893,6,38,378,781,8,48
"Cookies",77,380,369,891,0,41,369,786,0,53
"Cookies",78,386,377,904,6,45,377,788,7,57
"Cookies",80,385,376,905,15,58,376,795,16,70
"Cookies",81,381,373,929,15,57,373,812,19,69
"Cookies",83,387,379,897,14,53,379,791,16,64
"Cookies",84,386,377,912,14,49,377,799,17,61
"Cookies",86,384,376,890,10,44,376,780,11,56
"Cookies",88,383,374,886,4,32,374,773,4,43
"Cookies",89,380,372,878,2,27,372,774,5,39
"Cookies",90,382,374,886,6,29,374,778,8,39
"Cookies",91,384,376,914,8,41,376,797,8,53
"Cookies",92,348,342,836,2,28,342,739,4,39
"Cookies",93,372,363,901,13,42,363,794,16,53
"Cookies",94,378,370,899,9,49,370,783,13,60
"Cookies",95,380,371,872,0,39,371,767,0,50
"Cookies",97,223,223,631,2,16,223,580,2,22
"Cookies",98,381,373,938,11,50,373,820,13,61
"Cookies",100,378,370,903,7,42,370,789,8,51
"Cookies",101,387,379,946,15,54,379,817,16,64
"Cookies",102,379,371,914,18,48,371,802,20,59
"Cookies",103,384,376,914,7,31,376,800,8,41
"Cookies",104,377,369,921,9,39,369,808,11,52
"Cookies",105,383,375,910,4,27,375,792,7,36
"Cookies",106,380,372,895,0,18,372,786,0,29
"Cookies",107,380,372,953,0,56,372,840,0,66
"Cookies",109,382,374,973,16,55,374,854,20,66
"Cookies",110,380,371,901,7,38,371,792,8,50
"Cookies",111,387,379,852,9,27,379,742,9,35
"Cookies",112,384,375,945,17,55,375,825,18,66
"Cookies",113,382,373,921,13,53,373,804,16,64
"Cookies",114,383,375,905,12,40,375,800,14,51
"Cookies",115,383,375,927,11,47,375,814,13,58
"Cookies",116,381,373,903,4,39,373,787,4,50
"Cookies",117,333,327,802,0,36,327,711,0,47
"Cookies",118,269,267,725,0,34,267,656,0,36
"Cookies",119,382,373,882,6,38,373,775,7,49
"Cookies",121,384,375,968,21,52,375,848,23,63
"Cookies",122,384,375,955,18,61,375,833,19,72
"Cookies",123,379,370,893,5,39,370,786,6,50
"Cookies",124,374,365,868,9,49,365,763,11,59
"Cookies",126,380,372,962,20,60,372,840,21,72
"Cookies",128,381,373,910,9,48,373,800,11,56
"Cookies",129,361,352,938,15,59,352,820,18,63
"Cookies",130,346,338,848,15,41,338,751,17,43
"Cookies",131,379,371,964,14,55,371,843,17,66
"Cookies",132,385,377,905,11,54,377,801,15,66
"Cookies",133,261,253,753,23,76,253,684,23,80
"Cookies",134,322,312,860,16,45,312,762,17,47
"Cookies",135,47,44,341,70,126,44,336,71,128
"Cookies",136,282,274,778,19,62,274,702,19,65
"Cookies",137,328,320,844,35,72,320,752,36,74
"Cookies",139,233,225,691,25,86,225,631,25,89
"Cookies",140,35,33,326,74,98,33,322,77,101
"Cookies",141,34,31,321,77,108,31,317,78,110
"Cookies",142,35,33,328,82,105,33,324,84,108
"Cookies",143,43,40,338,86,135,40,332,87,138
"Cookies",144,43,40,337,65,119,40,331,67,120
"Cookies",146,28,25,316,58,82,25,312,60,84
"Crackers",2,373,368,206,6,16,366,191,6,16
"Crackers",5,330,328,246,2,22,328,228,2,22
"Crackers",8,375,370,206,6,18,370,196,6,18
"Crackers",9,373,368,258,4,16,368,236,4,16
"Crackers",12,375,370,240,3,18,370,226,3,18
"Crackers",14,375,370,249,6,24,370,237,6,24
"Crackers",18,371,366,222,0,16,366,206,0,16
"Crackers",21,376,371,252,1,13,371,233,1,13
"Crackers",28,375,370,228,3,14,370,218,3,14
"Crackers",32,370,351,223,4,22,350,213,4,22
"Crackers",33,376,371,214,2,12,371,203,2,12
"Crackers",40,367,362,224,3,14,362,214,3,14
"Crackers",44,372,367,258,6,23,367,242,6,23
"Crackers",45,265,263,159,0,12,263,146,0,12
"Crackers",47,371,366,232,2,14,366,216,2,14
"Crackers",48,328,326,233,0,10,326,217,0,10
"Crackers",49,261,259,159,0,12,259,150,0,12
"Crackers",50,209,209,136,1,12,209,126,1,12
"Crackers",51,365,360,218,4,14,360,207,4,14
"Crackers",52,373,368,285,3,24,368,260,3,24
"Crackers",53,378,373,218,1,16,373,205,1,16
"Crackers",54,377,372,253,0,13,372,239,0,13
"Crackers",56,376,370,217,4,15,370,207,4,15
"Crackers",59,375,370,262,4,17,370,244,4,17
"Crackers",62,376,371,252,5,24,370,238,5,24
"Crackers",64,251,248,165,0,13,248,150,0,13
"Crackers",67,361,356,220,3,17,356,209,3,17
"Crackers",68,374,369,228,2,11,369,212,2,11
"Crackers",70,372,367,226,4,17,367,214,4,17
"Crackers",71,375,369,219,6,17,369,207,6,17
"Crackers",72,378,373,248,2,18,373,235,2,18
"Crackers",73,377,372,209,6,17,372,196,6,17
"Crackers",74,376,371,260,0,19,371,239,0,19
"Crackers",75,374,369,236,1,13,369,219,1,13
"Crackers",76,378,373,254,2,8,373,235,2,8
"Crackers",77,366,361,237,3,20,361,220,3,20
"Crackers",78,378,373,217,3,16,373,203,3,16
"Crackers",80,377,370,232,4,22,370,218,4,22
"Crackers",81,373,368,251,5,19,368,237,5,19
"Crackers",83,379,373,205,6,17,372,193,6,17
"Crackers",84,378,373,218,6,15,373,203,6,15
"Crackers",86,376,371,252,2,17,371,234,2,17
"Crackers",88,375,370,212,3,12,370,200,3,12
"Crackers",89,372,367,201,1,11,367,192,1,11
"Crackers",90,374,369,234,2,9,369,216,2,9
"Crackers",91,376,370,190,4,13,370,180,4,13
"Crackers",92,340,338,239,0,9,338,225,0,9
"Crackers",93,364,358,243,4,24,358,229,4,24
"Crackers",94,370,365,240,3,15,365,220,3,15
"Crackers",95,372,367,219,1,12,367,205,1,12
"Crackers",97,223,223,141,1,9,223,132,1,9
"Crackers",98,373,368,261,5,16,368,242,5,16
"Crackers",100,370,365,249,4,15,365,229,4,15
"Crackers",101,379,374,251,4,19,374,236,4,19
"Crackers",102,371,366,254,6,19,366,234,6,19
"Crackers",103,376,371,250,2,9,371,231,2,9
"Crackers",104,369,364,290,4,20,364,264,4,20
"Crackers",105,375,370,256,1,9,370,235,1,9
"Crackers",106,371,366,248,2,10,366,234,2,10
"Crackers",107,371,366,247,4,23,366,232,4,23
"Crackers",109,374,369,285,6,35,369,265,6,35
"Crackers",110,372,367,264,2,12,367,245,2,12
"Crackers",111,379,374,200,6,15,374,189,6,15
"Crackers",112,376,371,267,3,27,371,252,3,27
"Crackers",113,374,369,250,5,20,369,235,5,20
"Crackers",114,375,370,252,2,16,370,238,2,16
"Crackers",115,375,370,279,4,21,370,254,4,21
"Crackers",116,373,368,249,2,16,368,234,2,16
"Crackers",117,320,318,235,1,13,318,220,1,13
"Crackers",118,261,259,161,0,17,259,152,0,17
"Crackers",119,374,369,250,2,12,369,230,2,12
"Crackers",121,376,371,278,4,31,371,258,4,32
"Crackers",122,376,371,277,2,22,371,260,2,22
"Crackers",123,371,366,247,1,14,366,233,1,14
"Crackers",124,366,361,221,3,18,361,209,3,18
"Crackers",126,372,367,272,7,32,367,255,7,33
"Crackers",128,373,368,250,3,25,368,236,3,26
"Crackers",129,353,347,254,5,27,347,242,5,28
"Crackers",130,338,333,233,6,15,333,222,6,15
"Crackers",131,371,366,259,1,21,366,248,1,21
"Crackers",132,377,372,222,4,20,372,211,4,20
"Crackers",133,253,248,222,7,27,248,215,7,27
"Crackers",134,314,308,243,5,15,308,233,5,15
"Crackers",135,51,48,144,32,55,48,142,33,55
"Crackers",136,274,269,225,4,20,269,217,4,20
"Crackers",137,320,301,254,14,42,300,242,14,42
"Crackers",139,225,220,213,10,24,220,207,10,24
"Crackers",140,35,32,135,44,52,32,133,43,51
"Crackers",141,34,31,134,43,62,31,132,42,61
"Crackers",142,35,32,135,37,45,32,133,37,44
"Crackers",143,47,44,144,43,69,44,142,43,69
"Crackers",144,47,44,142,36,62,44,140,35,61
"Crackers",146,27,25,129,35,45,25,127,35,46
"DishDetergent",2,385,377,248,1,8,372,158,3,22
"DishDetergent",5,342,338,254,1,9,319,164,7,27
"DishDetergent",8,387,378,268,0,8,364,174,4,22
"DishDetergent",9,385,378,254,0,6,375,163,1,20
"DishDetergent",12,387,380,254,0,4,379,165,3,14
"DishDetergent",14,387,379,248,0,5,370,160,4,21
"DishDetergent",18,383,375,253,0,3,366,163,0,14
"DishDetergent",21,388,380,261,0,11,373,170,5,24
"DishDetergent",28,387,380,244,0,7,378,157,0,20
"DishDetergent",32,382,368,249,1,10,345,161,6,26
"DishDetergent",33,388,381,234,0,3,379,153,1,8
"DishDetergent",40,379,372,251,0,8,366,161,3,21
"DishDetergent",44,384,375,251,1,10,357,162,7,26
"DishDetergent",45,277,273,200,0,4,270,120,1,21
"DishDetergent",47,383,376,254,1,5,371,163,4,16
"DishDetergent",48,340,336,241,0,4,336,155,0,17
"DishDetergent",49,273,269,200,0,5,268,122,0,24
"DishDetergent",50,209,209,185,0,4,209,113,1,18
"DishDetergent",51,377,370,255,0,6,360,162,3,19
"DishDetergent",52,385,378,262,1,7,368,171,8,22
"DishDetergent",53,390,383,244,0,5,382,158,3,14
"DishDetergent",54,389,382,250,0,7,376,160,2,23
"DishDetergent",56,388,381,255,0,6,380,164,2,19
"DishDetergent",59,387,378,263,0,8,371,170,4,22
"DishDetergent",62,388,380,257,1,6,372,163,2,23
"DishDetergent",64,263,259,194,0,3,259,116,0,18
"DishDetergent",67,373,366,246,0,7,362,157,1,21
"DishDetergent",68,386,379,249,0,5,379,162,2,11
"DishDetergent",70,384,376,264,0,5,360,173,3,18
"DishDetergent",71,387,380,262,0,8,380,170,3,21
"DishDetergent",72,390,383,252,0,4,381,163,0,15
"DishDetergent",73,389,382,255,0,5,375,164,2,14
"DishDetergent",74,387,380,255,0,8,375,166,4,21
"DishDetergent",75,386,379,258,0,5,379,165,5,14
"DishDetergent",76,390,383,253,0,4,383,162,5,10
"DishDetergent",77,378,369,255,0,7,351,168,0,23
"DishDetergent",78,390,381,255,1,10,363,165,3,26
"DishDetergent",80,389,379,258,1,8,351,166,11,24
"DishDetergent",81,385,376,255,0,7,361,166,6,24
"DishDetergent",83,391,377,251,0,8,357,163,3,23
"DishDetergent",84,390,382,254,1,9,360,165,6,25
"DishDetergent",86,388,381,255,0,6,380,167,3,19
"DishDetergent",88,387,380,247,0,6,373,161,3,17
"DishDetergent",89,384,377,247,0,5,377,161,3,10
"DishDetergent",90,386,379,247,1,3,379,162,1,7
"DishDetergent",91,388,381,255,0,5,381,166,2,19
"DishDetergent",92,352,348,246,0,7,343,158,0,16
"DishDetergent",93,376,369,253,0,8,368,163,2,21
"DishDetergent",94,382,375,253,0,8,358,163,5,24
"DishDetergent",95,384,377,248,0,5,377,160,0,11
"DishDetergent",97,223,223,190,0,4,220,116,1,17
"DishDetergent",98,385,377,264,0,7,370,171,1,17
"DishDetergent",100,382,375,256,0,2,375,166,1,8
"DishDetergent",101,391,384,264,0,6,375,171,3,20
"DishDetergent",102,383,375,260,0,4,354,168,3,19
"DishDetergent",103,388,381,259,0,5,372,169,1,11
"DishDetergent",104,381,374,256,0,9,357,167,4,24
"DishDetergent",105,387,380,259,0,2,380,170,1,7
"DishDetergent",106,383,376,256,0,6,373,168,0,16
"DishDetergent",107,383,375,259,1,6,359,169,4,19
"DishDetergent",109,386,376,259,1,8,352,168,8,23
"DishDetergent",110,384,376,259,0,6,365,168,3,16
"DishDetergent",111,391,384,243,0,2,384,159,1,7
"DishDetergent",112,388,380,263,0,4,355,171,3,19
"DishDetergent",113,386,379,259,0,7,375,169,3,19
"DishDetergent",114,387,380,258,0,2,379,167,2,9
"DishDetergent",115,387,380,258,0,8,369,167,4,22
"DishDetergent",116,385,377,249,0,6,366,162,2,18
"DishDetergent",117,332,328,236,0,6,325,153,2,21
"DishDetergent",118,273,269,196,0,3,268,115,3,19
"DishDetergent",119,386,379,253,0,6,372,163,2,20
"DishDetergent",121,388,379,259,0,7,352,170,5,21
"DishDetergent",122,388,380,266,1,11,351,173,6,25
"DishDetergent",123,383,376,257,1,5,374,165,3,13
"DishDetergent",124,378,371,258,0,6,370,167,4,21
"DishDetergent",126,384,376,262,0,11,363,172,9,26
"DishDetergent",128,385,377,261,0,8,369,169,7,22
"DishDetergent",129,365,357,264,1,8,347,170,7,23
"DishDetergent",130,350,343,251,1,6,343,166,5,11
"DishDetergent",131,383,373,261,2,11,358,169,7,27
"DishDetergent",132,389,378,263,0,11,354,170,4,26
"DishDetergent",133,265,258,193,6,15,257,160,9,26
"DishDetergent",134,326,318,232,1,16,316,162,4,25
"DishDetergent",135,51,48,97,40,59,48,91,42,61
"DishDetergent",136,286,279,191,5,13,279,159,8,21
"DishDetergent",137,332,309,225,3,16,278,153,12,27
"DishDetergent",139,237,227,177,7,18,221,152,12,29
"DishDetergent",140,35,31,91,49,57,31,91,49,57
"DishDetergent",141,34,31,91,40,53,31,90,40,53
"DishDetergent",142,35,32,90,42,54,32,90,42,54
"DishDetergent",143,47,43,95,52,64,42,91,53,65
"DishDetergent",144,47,44,94,31,52,44,92,33,54
"DishDetergent",146,27,25,92,32,46,25,92,32,46
"FabricSofteners",2,389,375,285,0,2,373,183,0,10
"FabricSofteners",5,352,340,275,2,9,329,175,2,24
"FabricSofteners",8,391,378,297,0,3,355,191,2,12
"FabricSofteners",9,389,375,294,0,3,372,188,1,8
"FabricSofteners",12,391,378,295,0,2,378,187,0,10
"FabricSofteners",14,391,377,287,0,2,374,184,0,11
"FabricSofteners",18,387,374,295,0,3,362,188,0,11
"FabricSofteners",21,392,378,298,0,2,376,188,0,7
"FabricSofteners",28,391,377,280,0,2,377,178,0,9
"FabricSofteners",32,386,373,293,0,3,349,186,2,13
"FabricSofteners",33,392,379,255,0,0,379,160,0,3
"FabricSofteners",40,383,370,276,0,2,361,175,0,9
"FabricSofteners",44,388,374,291,0,2,364,185,0,11
"FabricSofteners",45,281,273,213,0,6,271,131,0,20
"FabricSofteners",47,387,373,293,0,1,373,190,0,7
"FabricSofteners",48,350,338,253,0,5,338,158,0,8
"FabricSofteners",49,279,271,207,0,7,271,128,0,15
"FabricSofteners",50,209,209,194,0,7,209,124,0,16
"FabricSofteners",51,381,368,299,0,1,363,193,0,11
"FabricSofteners",52,389,376,297,0,2,372,189,0,13
"FabricSofteners",53,394,380,272,0,1,380,177,0,5
"FabricSofteners",54,393,379,288,0,2,379,183,0,9
"FabricSofteners",56,392,379,291,0,1,375,186,0,11
"FabricSofteners",59,391,378,296,0,2,371,189,0,11
"FabricSofteners",62,392,379,294,0,1,377,189,0,11
"FabricSofteners",64,267,259,208,0,7,259,129,0,15
"FabricSofteners",67,377,363,291,0,2,361,187,0,8
"FabricSofteners",68,390,377,290,0,0,377,185,0,3
"FabricSofteners",70,388,374,295,0,2,353,187,1,12
"FabricSofteners",71,391,378,295,0,1,373,189,0,11
"FabricSofteners",72,394,381,285,0,2,380,184,0,7
"FabricSofteners",73,393,380,294,0,3,352,186,1,13
"FabricSofteners",74,391,377,292,0,2,365,185,1,12
"FabricSofteners",75,390,376,290,0,2,376,189,0,9
"FabricSofteners",76,394,380,290,0,1,377,182,0,8
"FabricSofteners",77,382,369,287,0,3,364,186,0,9
"FabricSofteners",78,394,381,293,0,3,367,185,0,13
"FabricSofteners",80,393,380,296,0,3,355,188,2,12
"FabricSofteners",81,389,376,300,0,1,365,191,1,12
"FabricSofteners",83,395,382,295,0,3,371,188,1,11
"FabricSofteners",84,394,380,291,0,2,376,184,0,12
"FabricSofteners",86,392,379,297,0,1,373,188,0,10
"FabricSofteners",88,391,377,287,0,0,375,184,0,7
"FabricSofteners",89,388,374,292,0,2,374,186,0,4
"FabricSofteners",90,390,376,286,0,1,374,182,0,2
"FabricSofteners",91,392,378,287,0,3,375,180,0,9
"FabricSofteners",92,358,346,279,0,5,345,178,0,8
"FabricSofteners",93,380,366,287,0,2,365,183,0,8
"FabricSofteners",94,386,373,293,0,1,366,185,0,8
"FabricSofteners",95,388,375,279,0,0,374,180,0,8
"FabricSofteners",97,223,223,198,0,5,221,125,1,14
"FabricSofteners",98,389,373,299,0,3,352,190,0,13
"FabricSofteners",100,386,372,298,1,2,353,191,1,12
"FabricSofteners",101,395,381,296,0,3,359,190,2,12
"FabricSofteners",102,387,374,302,0,3,346,193,0,13
"FabricSofteners",103,392,378,296,0,3,368,190,0,8
"FabricSofteners",104,385,372,295,0,1,359,187,0,10
"FabricSofteners",105,391,378,296,0,0,372,189,0,3
"FabricSofteners",106,387,373,294,0,0,371,187,0,3
"FabricSofteners",107,387,374,295,0,3,360,188,0,13
"FabricSofteners",109,390,376,301,0,3,365,193,1,12
"FabricSofteners",110,388,375,286,0,2,368,183,0,6
"FabricSofteners",111,395,382,286,0,2,382,183,0,6
"FabricSofteners",112,392,379,298,0,3,362,192,1,13
"FabricSofteners",113,390,377,297,0,2,373,191,0,13
"FabricSofteners",114,391,378,295,0,3,362,187,1,11
"FabricSofteners",115,391,378,300,0,3,370,193,1,13
"FabricSofteners",116,389,375,291,0,1,368,187,0,9
"FabricSofteners",117,342,330,249,0,8,328,152,1,17
"FabricSofteners",118,279,271,201,0,6,271,127,0,16
"FabricSofteners",119,390,376,283,0,1,374,182,0,6
"FabricSofteners",121,392,379,298,0,3,373,189,1,13
"FabricSofteners",122,392,379,304,0,3,346,194,3,13
"FabricSofteners",123,387,374,300,0,0,372,191,0,3
"FabricSofteners",124,382,369,302,0,3,366,195,1,11
"FabricSofteners",126,388,375,302,0,2,366,193,1,13
"FabricSofteners",128,389,375,295,0,2,367,188,0,12
"FabricSofteners",129,369,356,298,0,2,353,193,0,11
"FabricSofteners",130,354,341,286,0,2,340,186,0,7
"FabricSofteners",131,387,373,300,0,3,357,193,0,13
"FabricSofteners",132,393,379,300,0,3,354,192,1,13
"FabricSofteners",133,269,256,252,0,7,256,183,1,14
"FabricSofteners",134,330,316,276,0,0,316,185,0,6
"FabricSofteners",135,45,44,124,19,42,44,115,21,45
"FabricSofteners",136,290,277,260,0,2,276,184,0,7
"FabricSofteners",137,336,323,275,0,1,321,183,1,12
"FabricSofteners",139,241,228,231,6,13,226,179,6,21
"FabricSofteners",140,33,32,114,25,35,32,107,26,36
"FabricSofteners",141,32,31,115,28,39,31,108,29,41
"FabricSofteners",142,33,32,109,28,41,32,104,30,43
"FabricSofteners",143,41,39,119,27,49,39,111,28,52
"FabricSofteners",144,41,40,121,23,36,40,114,24,39
"FabricSofteners",146,27,26,105,8,23,26,97,12,26
"FrontEndCandies",2,389,377,342,4,16,377,301,4,17
"FrontEndCandies",5,352,336,398,36,50,334,345,40,56
"FrontEndCandies",8,391,375,412,34,48,373,359,38,56
"FrontEndCandies",9,389,377,413,17,43,377,355,19,49
"FrontEndCandies",12,391,378,408,18,48,377,352,20,52
"FrontEndCandies",14,391,379,407,18,45,379,352,20,50
"FrontEndCandies",18,387,375,409,0,38,373,354,0,41
"FrontEndCandies",21,392,380,395,18,47,380,343,21,54
"FrontEndCandies",28,391,379,410,21,49,379,354,25,55
"FrontEndCandies",32,386,374,374,16,39,374,329,16,42
"FrontEndCandies",33,392,376,303,16,39,375,272,16,42
"FrontEndCandies",40,383,369,400,25,47,369,347,27,53
"FrontEndCandies",44,388,376,398,10,47,376,351,11,56
"FrontEndCandies",45,281,273,352,14,54,273,309,15,61
"FrontEndCandies",47,387,375,363,14,33,375,321,14,36
"FrontEndCandies",48,350,340,360,0,29,340,324,0,32
"FrontEndCandies",49,279,273,339,0,43,273,298,0,49
"FrontEndCandies",50,209,209,302,0,61,209,273,0,63
"FrontEndCandies",51,381,367,395,14,42,367,342,16,48
"FrontEndCandies",52,389,377,403,20,48,377,352,21,55
"FrontEndCandies",53,394,380,329,6,31,380,293,6,34
"FrontEndCandies",54,393,381,401,10,48,381,346,11,53
"FrontEndCandies",56,392,379,412,11,47,379,353,14,55
"FrontEndCandies",59,391,378,401,31,45,378,345,35,52
"FrontEndCandies",62,392,379,407,21,46,379,355,24,53
"FrontEndCandies",64,267,261,337,2,36,261,296,3,42
"FrontEndCandies",67,377,363,410,26,50,362,355,30,57
"FrontEndCandies",68,390,375,363,18,43,371,325,19,45
"FrontEndCandies",70,388,374,409,32,44,373,354,35,53
"FrontEndCandies",71,391,377,409,21,48,377,353,23,56
"FrontEndCandies",72,394,380,399,13,41,380,341,14,46
"FrontEndCandies",73,393,381,418,20,47,380,361,24,55
"FrontEndCandies",74,391,378,393,30,46,378,337,32,54
"FrontEndCandies",75,390,378,405,14,41,377,346,15,47
"FrontEndCandies",76,394,382,404,17,44,382,349,19,49
"FrontEndCandies",77,393,381,398,0,45,379,343,0,53
"FrontEndCandies",78,394,380,403,27,47,380,346,30,56
"FrontEndCandies",80,393,378,399,35,49,378,345,37,55
"FrontEndCandies",81,389,374,408,35,49,373,350,39,56
"FrontEndCandies",83,395,380,409,34,48,380,352,38,54
"FrontEndCandies",84,394,380,393,36,49,380,341,41,56
"FrontEndCandies",86,392,378,406,35,50,377,347,39,57
"FrontEndCandies",88,391,377,404,22,49,377,351,23,55
"FrontEndCandies",89,388,376,412,15,47,376,354,16,53
"FrontEndCandies",90,390,378,400,13,40,378,346,15,46
"FrontEndCandies",91,392,378,401,15,44,378,347,16,48
"FrontEndCandies",92,358,348,401,9,44,348,346,10,53
"FrontEndCandies",93,380,366,399,32,47,366,347,34,52
"FrontEndCandies",94,386,372,405,28,50,372,349,32,55
"FrontEndCandies",95,388,376,371,11,42,376,325,11,45
"FrontEndCandies",97,223,223,310,0,59,222,280,0,62
"FrontEndCandies",98,389,374,418,30,49,370,355,32,56
"FrontEndCandies",100,386,374,408,15,40,374,350,16,46
"FrontEndCandies",101,395,381,410,30,44,381,357,33,50
"FrontEndCandies",102,387,371,392,35,45,366,338,40,53
"FrontEndCandies",103,392,375,407,20,45,374,352,22,52
"FrontEndCandies",104,385,371,409,28,49,371,358,30,55
"FrontEndCandies",105,391,379,406,20,40,379,351,21,44
"FrontEndCandies",106,388,376,409,0,42,376,351,0,47
"FrontEndCandies",107,388,376,392,0,44,375,339,0,52
"FrontEndCandies",109,390,375,409,36,44,373,351,43,52
"FrontEndCandies",110,388,376,406,30,44,376,353,31,51
"FrontEndCandies",111,395,383,404,20,36,383,344,21,42
"FrontEndCandies",112,392,374,401,39,46,374,346,44,54
"FrontEndCandies",113,390,378,402,9,39,378,351,10,41
"FrontEndCandies",114,391,373,393,31,43,372,338,35,51
"FrontEndCandies",115,391,378,406,28,44,377,350,31,52
"FrontEndCandies",116,389,377,399,8,44,377,342,13,49
"FrontEndCandies",117,342,330,368,8,29,330,327,10,31
"FrontEndCandies",118,279,271,301,2,41,271,276,2,42
"FrontEndCandies",119,390,376,356,20,36,376,319,21,39
"FrontEndCandies",121,392,380,402,20,45,380,348,23,52
"FrontEndCandies",122,392,374,411,22,42,371,352,24,48
"FrontEndCandies",123,387,369,403,20,49,365,349,23,56
"FrontEndCandies",124,382,367,406,20,51,363,350,22,57
"FrontEndCandies",126,388,376,414,18,49,376,357,19,56
"FrontEndCandies",128,389,373,411,18,49,371,354,20,56
"FrontEndCandies",129,369,352,395,32,50,352,344,35,55
"FrontEndCandies",130,354,341,383,25,50,340,336,27,55
"FrontEndCandies",131,387,372,415,21,51,371,357,24,57
"FrontEndCandies",132,393,377,415,15,48,375,356,16,56
"FrontEndCandies",133,269,257,314,45,61,257,279,47,64
"FrontEndCandies",134,330,315,375,37,55,315,334,37,61
"FrontEndCandies",135,45,41,152,107,117,41,152,107,117
"FrontEndCandies",136,290,278,307,46,64,278,272,47,67
"FrontEndCandies",137,336,323,363,37,52,322,320,39,56
"FrontEndCandies",139,241,227,295,60,69,226,264,63,74
"FrontEndCandies",140,33,31,145,102,111,31,145,102,111
"FrontEndCandies",141,32,30,132,93,103,30,132,93,103
"FrontEndCandies",142,33,31,147,102,111,31,147,102,111
"FrontEndCandies",143,41,38,142,105,115,38,142,105,115
"FrontEndCandies",144,41,39,136,94,108,39,136,94,108
"FrontEndCandies",146,27,25,131,88,100,25,131,88,100
"FrozenDinners",2,255,241,201,0,4,241,192,0,4
"FrozenDinners",5,215,203,213,1,25,203,202,1,25
"FrozenDinners",8,254,239,232,3,28,238,218,3,28
"FrozenDinners",9,255,241,236,0,2,241,221,0,2
"FrozenDinners",12,255,239,230,1,17,239,217,1,17
"FrozenDinners",14,255,241,228,0,9,241,216,0,9
"FrozenDinners",18,255,237,230,2,21,237,217,2,21
"FrozenDinners",21,255,241,231,0,20,241,217,0,20
"FrozenDinners",28,254,240,228,0,11,240,215,0,11
"FrozenDinners",32,255,241,229,0,14,241,216,0,14
"FrozenDinners",33,255,238,185,0,14,238,181,0,14
"FrozenDinners",40,255,241,230,0,15,241,217,0,15
"FrozenDinners",44,255,241,238,0,14,241,221,0,14
"FrozenDinners",45,141,133,129,0,23,133,126,0,23
"FrozenDinners",47,255,241,230,0,21,241,215,0,21
"FrozenDinners",48,214,202,209,0,1,202,198,0,1
"FrozenDinners",49,143,135,128,0,6,135,125,0,6
"FrozenDinners",50,75,75,114,0,4,75,113,0,4
"FrozenDinners",51,255,241,236,0,20,241,218,0,20
"FrozenDinners",52,254,240,235,1,13,240,220,1,13
"FrozenDinners",53,255,241,227,0,5,241,214,0,5
"FrozenDinners",54,255,241,237,0,9,241,221,0,9
"FrozenDinners",56,254,240,229,0,11,240,214,0,11
"FrozenDinners",59,255,241,231,0,23,241,218,0,23
"FrozenDinners",62,252,238,231,0,7,238,220,0,7
"FrozenDinners",64,141,133,129,0,13,133,126,0,13
"FrozenDinners",67,255,241,237,0,14,241,221,0,14
"FrozenDinners",68,255,241,221,0,13,241,208,0,13
"FrozenDinners",70,255,241,231,2,18,241,218,2,18
"FrozenDinners",71,255,241,238,0,22,241,222,0,22
"FrozenDinners",72,255,241,227,0,8,241,215,0,8
"FrozenDinners",73,255,240,230,4,24,240,217,4,24
"FrozenDinners",74,254,228,244,4,31,228,228,4,31
"FrozenDinners",75,255,241,235,0,18,241,219,0,18
"FrozenDinners",76,255,241,223,3,18,241,210,3,18
"FrozenDinners",77,242,228,236,0,21,228,219,0,21
"FrozenDinners",78,255,241,228,0,22,241,215,0,22
"FrozenDinners",80,255,241,237,0,22,241,222,0,22
"FrozenDinners",81,255,241,232,0,23,241,218,0,23
"FrozenDinners",83,255,240,231,0,25,240,218,0,25
"FrozenDinners",84,255,241,232,0,21,241,219,0,21
"FrozenDinners",86,255,237,236,0,25,237,220,0,25
"FrozenDinners",88,255,241,233,0,3,241,214,0,3
"FrozenDinners",89,255,241,228,2,15,241,214,2,15
"FrozenDinners",90,255,241,229,0,6,241,216,0,6
"FrozenDinners",91,254,240,230,0,13,240,217,0,13
"FrozenDinners",92,223,211,217,0,5,211,206,0,5
"FrozenDinners",93,255,241,230,0,20,241,217,0,20
"FrozenDinners",94,255,241,225,0,15,241,212,0,15
"FrozenDinners",95,254,240,228,0,16,240,215,0,16
"FrozenDinners",97,87,87,120,0,8,87,119,0,8
"FrozenDinners",98,255,240,232,3,23,240,219,3,23
"FrozenDinners",100,255,237,231,3,28,237,218,3,28
"FrozenDinners",101,255,241,232,0,25,241,217,0,25
"FrozenDinners",102,255,240,238,4,26,240,220,4,26
"FrozenDinners",103,255,241,230,0,22,241,217,0,22
"FrozenDinners",104,255,241,232,0,8,241,219,0,8
"FrozenDinners",105,255,241,230,1,18,241,217,1,18
"FrozenDinners",106,255,241,231,0,12,241,219,0,12
"FrozenDinners",107,254,240,231,0,11,240,218,0,11
"FrozenDinners",109,255,241,239,0,12,241,223,0,12
"FrozenDinners",110,255,241,231,1,21,241,217,1,21
"FrozenDinners",111,255,241,229,3,15,241,217,3,15
"FrozenDinners",112,255,238,238,2,26,238,221,2,26
"FrozenDinners",113,255,240,232,2,24,240,219,2,24
"FrozenDinners",114,255,241,230,1,23,241,218,1,23
"FrozenDinners",115,255,241,235,0,16,241,220,0,16
"FrozenDinners",116,255,241,233,0,6,241,220,0,6
"FrozenDinners",117,210,198,211,0,10,198,201,0,10
"FrozenDinners",118,143,135,129,0,6,135,126,0,6
"FrozenDinners",119,255,241,233,0,3,241,220,0,3
"FrozenDinners",121,255,239,232,0,22,239,219,0,22
"FrozenDinners",122,255,238,232,1,27,238,219,1,27
"FrozenDinners",123,255,240,230,0,14,240,217,0,14
"FrozenDinners",124,255,241,231,1,19,241,218,1,19
"FrozenDinners",126,255,241,235,0,20,241,219,0,20
"FrozenDinners",128,255,241,234,1,21,241,220,1,21
"FrozenDinners",129,255,241,236,0,19,241,220,0,19
"FrozenDinners",130,255,241,230,0,13,241,217,0,13
"FrozenDinners",131,255,241,235,0,24,241,220,0,24
"FrozenDinners",132,255,234,233,2,26,234,219,2,26
"FrozenDinners",133,255,241,235,0,23,241,220,0,23
"FrozenDinners",134,255,241,232,0,14,241,217,0,14
"FrozenDinners",135,45,42,111,35,62,42,111,35,62
"FrozenDinners",136,255,241,232,1,12,241,218,1,12
"FrozenDinners",137,255,241,238,0,18,241,223,0,18
"FrozenDinners",139,238,224,229,1,27,224,214,1,27
"FrozenDinners",140,33,30,97,33,46,30,97,33,46
"FrozenDinners",141,32,30,98,31,48,30,98,31,48
"FrozenDinners",142,33,31,96,39,52,31,96,39,52
"FrozenDinners",143,41,30,110,43,71,30,110,43,71
"FrozenDinners",144,41,39,111,21,50,39,111,21,50
"FrozenDinners",146,27,25,93,25,45,25,93,25,45
"FrozenEntrees",2,389,372,697,1,21,372,660,1,21
"FrozenEntrees",5,352,340,721,0,51,340,674,0,51
"FrozenEntrees",8,391,376,786,7,47,376,728,7,47
"FrozenEntrees",9,389,373,800,1,24,373,741,1,24
"FrozenEntrees",12,391,376,795,4,33,376,744,4,33
"FrozenEntrees",14,391,375,762,9,38,375,708,9,38
"FrozenEntrees",18,387,372,767,0,38,372,712,0,38
"FrozenEntrees",21,392,377,796,2,39,377,738,2,39
"FrozenEntrees",28,391,376,751,3,41,376,701,3,41
"FrozenEntrees",32,386,369,761,3,44,369,704,3,44
"FrozenEntrees",33,392,375,713,3,33,375,672,3,33
"FrozenEntrees",40,383,368,787,1,35,368,737,1,35
"FrozenEntrees",44,388,373,802,4,46,373,742,4,46
"FrozenEntrees",45,279,271,646,0,40,271,617,0,40
"FrozenEntrees",47,387,371,754,2,27,371,703,2,27
"FrozenEntrees",48,350,338,696,0,16,338,652,0,16
"FrozenEntrees",49,277,269,624,0,23,269,596,0,23
"FrozenEntrees",50,207,207,548,0,23,207,529,0,23
"FrozenEntrees",51,381,366,787,6,40,366,734,6,40
"FrozenEntrees",52,389,374,810,7,41,374,753,7,41
"FrozenEntrees",53,394,378,746,1,14,378,698,1,14
"FrozenEntrees",54,393,378,804,0,36,378,741,0,36
"FrozenEntrees",56,392,377,762,0,30,377,708,0,30
"FrozenEntrees",59,391,376,799,2,38,376,742,2,38
"FrozenEntrees",62,392,377,814,4,35,377,757,4,35
"FrozenEntrees",64,265,257,594,0,31,257,569,0,31
"FrozenEntrees",67,377,362,788,4,39,362,731,4,39
"FrozenEntrees",68,390,375,743,1,28,375,696,1,28
"FrozenEntrees",70,388,373,784,4,43,373,727,4,43
"FrozenEntrees",71,391,376,790,2,35,376,732,2,35
"FrozenEntrees",72,394,379,739,1,28,379,694,1,28
"FrozenEntrees",73,393,378,782,2,39,378,726,2,39
"FrozenEntrees",74,391,375,791,7,47,375,736,7,47
"FrozenEntrees",75,390,375,778,2,28,375,722,2,28
"FrozenEntrees",76,394,379,767,2,28,379,717,2,28
"FrozenEntrees",77,382,367,778,2,43,367,723,2,43
"FrozenEntrees",78,394,379,782,1,42,379,723,1,42
"FrozenEntrees",80,393,378,786,5,44,378,728,5,44
"FrozenEntrees",81,389,374,802,8,52,374,745,8,52
"FrozenEntrees",83,395,380,793,5,42,380,738,5,42
"FrozenEntrees",84,394,379,790,3,38,379,732,3,38
"FrozenEntrees",86,392,377,790,8,48,377,734,8,48
"FrozenEntrees",88,391,376,762,0,18,376,708,0,18
"FrozenEntrees",89,388,372,789,0,23,372,733,0,23
"FrozenEntrees",90,390,375,775,0,10,375,718,0,10
"FrozenEntrees",91,392,377,778,2,31,377,724,2,31
"FrozenEntrees",92,356,344,749,0,22,344,704,0,22
"FrozenEntrees",93,380,365,751,1,40,365,698,1,40
"FrozenEntrees",94,386,371,754,0,36,371,703,0,36
"FrozenEntrees",95,388,373,734,0,24,373,684,0,24
"FrozenEntrees",97,221,221,559,0,21,221,539,0,21
"FrozenEntrees",98,389,374,780,0,43,374,726,0,43
"FrozenEntrees",100,386,371,768,1,37,371,708,1,37
"FrozenEntrees",101,395,378,781,4,40,378,717,4,40
"FrozenEntrees",102,387,372,776,3,50,372,718,3,50
"FrozenEntrees",103,392,377,784,2,26,377,727,2,26
"FrozenEntrees",104,385,370,795,1,29,370,738,1,29
"FrozenEntrees",105,391,376,755,1,21,376,702,1,21
"FrozenEntrees",106,387,372,785,0,15,372,733,0,15
"FrozenEntrees",107,387,372,772,3,37,372,714,3,37
"FrozenEntrees",109,390,375,808,9,42,375,748,9,42
"FrozenEntrees",110,388,373,788,2,39,373,732,2,39
"FrozenEntrees",111,395,380,762,1,22,380,716,1,22
"FrozenEntrees",112,392,377,782,4,45,377,725,4,45
"FrozenEntrees",113,390,375,794,7,47,375,735,7,47
"FrozenEntrees",114,391,376,776,1,35,376,723,1,35
"FrozenEntrees",115,391,376,787,4,41,376,726,4,41
"FrozenEntrees",116,389,374,774,3,34,374,724,3,34
"FrozenEntrees",117,342,329,711,0,34,329,668,0,34
"FrozenEntrees",118,277,268,638,0,30,268,609,0,30
"FrozenEntrees",119,390,375,772,2,39,375,718,2,39
"FrozenEntrees",121,392,377,804,9,48,377,748,9,48
"FrozenEntrees",122,392,377,794,9,54,377,737,9,54
"FrozenEntrees",123,387,370,785,1,31,370,729,1,31
"FrozenEntrees",124,382,367,784,2,39,367,731,2,39
"FrozenEntrees",126,388,373,795,3,48,373,737,3,48
"FrozenEntrees",128,389,374,802,5,45,374,740,5,45
"FrozenEntrees",129,369,353,758,5,50,353,699,5,50
"FrozenEntrees",130,354,339,706,0,21,339,657,0,21
"FrozenEntrees",131,387,372,805,7,49,372,748,7,49
"FrozenEntrees",132,393,378,806,4,48,378,751,4,48
"FrozenEntrees",133,269,254,604,8,84,254,565,8,84
"FrozenEntrees",134,330,314,709,1,33,314,654,1,33
"FrozenEntrees",135,47,44,340,86,159,44,337,86,159
"FrozenEntrees",136,290,275,648,5,60,275,602,5,60
"FrozenEntrees",137,336,321,722,10,57,321,663,10,58
"FrozenEntrees",139,241,226,575,10,74,226,540,10,74
"FrozenEntrees",140,35,32,322,103,146,32,321,103,146
"FrozenEntrees",141,34,31,324,86,137,31,323,86,137
"FrozenEntrees",142,35,32,309,68,116,32,309,68,116
"FrozenEntrees",143,43,40,339,127,188,40,336,127,188
"FrozenEntrees",144,43,40,340,63,135,40,337,63,135
"FrozenEntrees",146,28,25,299,50,95,25,298,50,95
"FrozenJuices",2,389,372,153,3,27,370,142,3,27
"FrozenJuices",5,352,234,155,11,32,226,142,11,33
"FrozenJuices",8,391,326,155,6,34,321,142,6,35
"FrozenJuices",9,389,376,154,1,19,376,142,1,20
"FrozenJuices",12,391,276,154,11,34,267,142,11,35
"FrozenJuices",14,391,328,152,2,30,324,141,2,32
"FrozenJuices",18,386,366,155,1,16,366,143,1,17
"FrozenJuices",21,392,360,160,5,33,356,146,5,35
"FrozenJuices",28,391,366,156,3,30,362,143,3,31
"FrozenJuices",32,386,315,153,5,34,312,141,5,36
"FrozenJuices",33,392,308,151,6,30,301,138,6,31
"FrozenJuices",40,383,361,155,1,21,358,144,1,22
"FrozenJuices",44,388,309,157,12,40,300,145,13,40
"FrozenJuices",45,281,262,130,4,33,256,118,4,35
"FrozenJuices",47,387,371,156,0,21,371,142,0,22
"FrozenJuices",48,350,331,156,1,14,330,143,1,15
"FrozenJuices",49,279,268,126,1,23,268,117,1,24
"FrozenJuices",50,209,208,119,0,12,208,113,0,12
"FrozenJuices",51,381,355,156,3,24,355,144,3,25
"FrozenJuices",52,389,348,157,8,35,343,145,9,36
"FrozenJuices",53,394,381,152,1,16,381,139,1,18
"FrozenJuices",54,393,334,157,3,37,330,145,4,38
"FrozenJuices",56,392,378,156,0,14,378,144,0,16
"FrozenJuices",59,391,308,156,12,32,304,143,12,34
"FrozenJuices",62,392,358,165,11,37,356,153,11,39
"FrozenJuices",64,267,259,127,0,14,259,117,0,16
"FrozenJuices",67,377,341,155,3,33,338,143,3,35
"FrozenJuices",68,390,360,153,2,25,359,140,2,28
"FrozenJuices",70,388,305,157,4,29,302,144,4,30
"FrozenJuices",71,391,371,159,6,31,369,146,7,32
"FrozenJuices",72,394,378,154,3,24,378,142,3,25
"FrozenJuices",73,393,353,160,1,30,352,146,1,32
"FrozenJuices",74,391,372,155,1,29,371,142,1,30
"FrozenJuices",75,390,345,157,4,36,341,144,4,37
"FrozenJuices",76,394,333,157,6,34,330,144,6,35
"FrozenJuices",77,382,309,155,4,35,306,142,4,37
"FrozenJuices",78,394,280,155,10,38,274,143,11,39
"FrozenJuices",80,393,324,156,5,35,315,143,6,38
"FrozenJuices",81,389,286,155,4,35,282,143,4,36
"FrozenJuices",83,395,365,158,4,24,364,145,4,27
"FrozenJuices",84,394,363,158,3,31,359,145,3,32
"FrozenJuices",86,392,280,156,11,39,273,143,11,40
"FrozenJuices",88,391,362,154,1,10,360,142,1,10
"FrozenJuices",89,388,371,157,1,23,369,144,1,23
"FrozenJuices",90,390,376,157,1,12,376,144,1,13
"FrozenJuices",91,392,378,157,2,22,378,145,2,23
"FrozenJuices",92,357,339,157,2,23,339,144,2,23
"FrozenJuices",93,380,274,153,14,40,263,140,15,41
"FrozenJuices",94,386,341,154,2,32,334,142,2,34
"FrozenJuices",95,388,369,156,1,27,369,142,1,27
"FrozenJuices",97,223,218,120,1,22,218,115,1,24
"FrozenJuices",98,389,331,157,2,34,327,145,2,36
"FrozenJuices",100,386,356,158,5,30,349,144,5,31
"FrozenJuices",101,395,317,152,7,33,307,140,7,34
"FrozenJuices",102,387,321,153,8,30,318,141,8,31
"FrozenJuices",103,392,356,156,3,24,352,143,4,25
"FrozenJuices",104,385,304,156,6,37,298,143,6,38
"FrozenJuices",105,391,359,155,1,23,357,143,1,24
"FrozenJuices",106,387,356,156,1,22,352,143,1,22
"FrozenJuices",107,387,321,154,3,28,320,142,3,28
"FrozenJuices",109,390,275,157,9,37,263,144,9,39
"FrozenJuices",110,388,301,155,5,35,298,142,6,36
"FrozenJuices",111,395,376,158,2,27,376,145,2,28
"FrozenJuices",112,392,286,154,14,32,276,142,14,33
"FrozenJuices",113,390,366,159,1,27,365,145,1,28
"FrozenJuices",114,391,346,154,5,27,344,142,5,28
"FrozenJuices",115,391,311,156,12,31,301,144,13,32
"FrozenJuices",116,389,325,156,5,37,321,143,6,38
"FrozenJuices",117,342,265,152,6,32,262,140,6,35
"FrozenJuices",118,279,264,131,0,30,264,120,0,31
"FrozenJuices",119,390,358,155,5,30,355,142,5,32
"FrozenJuices",121,392,319,163,11,30,312,150,11,31
"FrozenJuices",122,392,246,157,11,37,234,144,12,38
"FrozenJuices",123,387,304,158,6,33,300,145,6,34
"FrozenJuices",124,382,291,157,7,41,283,145,7,41
"FrozenJuices",126,388,268,157,9,41,256,145,9,42
"FrozenJuices",128,389,268,156,4,37,261,143,5,38
"FrozenJuices",129,369,261,155,20,45,249,142,21,46
"FrozenJuices",130,354,330,148,6,40,330,139,7,40
"FrozenJuices",131,387,284,157,7,40,279,145,8,41
"FrozenJuices",132,393,267,156,10,40,260,144,11,41
"FrozenJuices",133,269,230,137,17,48,229,130,17,49
"FrozenJuices",134,330,286,144,8,45,279,135,9,45
"FrozenJuices",135,45,43,87,47,58,43,86,48,58
"FrozenJuices",136,290,253,138,16,44,247,130,16,45
"FrozenJuices",137,336,214,146,20,47,206,137,21,47
"FrozenJuices",139,241,185,135,25,52,180,128,26,53
"FrozenJuices",140,33,31,84,55,63,31,83,55,63
"FrozenJuices",141,32,29,84,52,63,29,83,52,62
"FrozenJuices",142,33,32,84,32,45,32,83,33,45
"FrozenJuices",143,41,30,86,61,75,30,85,60,74
"FrozenJuices",144,41,37,84,48,65,37,83,48,64
"FrozenJuices",146,27,26,84,52,61,26,83,52,61
"Grooming",2,271,262,836,0,0,262,584,0,0
"Grooming",5,229,223,861,0,3,223,592,0,13
"Grooming",8,270,262,1030,0,3,262,724,0,7
"Grooming",9,271,262,926,0,2,262,639,0,2
"Grooming",12,271,262,938,0,2,262,646,0,8
"Grooming",14,271,262,900,0,2,262,623,0,3
"Grooming",18,270,261,913,0,3,261,635,0,7
"Grooming",21,271,262,902,0,1,262,624,0,2
"Grooming",28,270,261,841,0,0,261,589,0,1
"Grooming",32,271,262,906,0,4,262,614,0,16
"Grooming",33,271,262,803,0,2,262,566,1,14
"Grooming",40,271,262,867,0,0,262,605,0,0
"Grooming",44,271,262,897,0,2,262,623,1,6
"Grooming",45,155,149,592,0,3,149,453,0,3
"Grooming",47,271,262,934,0,0,262,649,0,1
"Grooming",48,228,222,747,0,0,222,525,0,1
"Grooming",49,157,151,607,0,0,151,456,0,0
"Grooming",50,89,89,396,0,1,89,283,0,1
"Grooming",51,271,262,936,0,0,262,655,0,1
"Grooming",52,270,261,896,0,2,261,625,0,4
"Grooming",53,271,262,822,0,0,262,584,0,0
"Grooming",54,271,262,884,0,0,262,620,0,2
"Grooming",56,270,261,863,0,2,261,608,0,2
"Grooming",59,271,262,899,0,0,262,614,0,1
"Grooming",62,268,259,931,0,2,259,644,0,8
"Grooming",64,155,149,593,0,1,149,442,0,1
"Grooming",67,271,262,880,0,1,262,608,0,3
"Grooming",68,271,262,873,0,0,262,615,0,2
"Grooming",70,271,262,1047,0,2,262,741,0,4
"Grooming",71,271,263,1151,0,2,263,792,0,7
"Grooming",72,271,262,852,0,1,262,600,0,1
"Grooming",73,271,262,902,0,0,262,634,0,1
"Grooming",74,271,262,992,0,1,262,672,0,4
"Grooming",75,271,262,937,0,1,262,644,0,7
"Grooming",76,271,262,919,0,0,262,634,0,1
"Grooming",77,265,256,952,0,0,256,651,0,1
"Grooming",78,271,262,938,0,1,262,654,0,2
"Grooming",80,270,261,909,0,2,261,637,0,5
"Grooming",81,271,262,959,0,2,262,659,1,3
"Grooming",83,271,262,908,0,0,262,642,0,1
"Grooming",84,271,262,938,0,0,262,650,0,2
"Grooming",86,271,262,939,0,3,262,636,0,10
"Grooming",88,271,262,891,0,0,262,617,0,1
"Grooming",89,271,262,868,0,0,262,629,0,0
"Grooming",90,271,262,846,0,0,262,605,0,0
"Grooming",91,270,261,856,0,0,261,597,0,0
"Grooming",92,235,229,775,0,3,229,557,0,3
"Grooming",93,271,262,923,0,2,262,626,0,8
"Grooming",94,271,262,903,0,2,262,620,0,3
"Grooming",95,269,260,891,0,0,260,614,0,3
"Grooming",97,101,101,379,0,0,101,280,0,0
"Grooming",98,271,263,1169,0,6,263,802,0,15
"Grooming",100,271,262,1172,0,5,262,799,0,11
"Grooming",101,271,263,1161,1,5,263,794,1,13
"Grooming",102,271,263,1186,1,9,263,810,2,17
"Grooming",103,271,262,1124,0,1,262,792,0,2
"Grooming",104,271,262,962,0,1,262,667,0,2
"Grooming",105,271,263,1127,0,0,263,791,0,0
"Grooming",106,271,262,905,0,1,262,634,0,1
"Grooming",107,271,262,1054,0,2,262,718,0,8
"Grooming",109,271,262,1001,0,5,262,669,1,9
"Grooming",110,271,262,895,0,1,262,630,0,1
"Grooming",111,271,262,836,0,0,262,599,0,0
"Grooming",112,271,263,1162,0,4,263,797,1,14
"Grooming",113,271,262,934,0,1,262,653,0,5
"Grooming",114,271,263,1128,0,3,263,797,0,3
"Grooming",115,271,262,1163,0,7,262,802,1,21
"Grooming",116,271,262,916,0,0,262,622,0,1
"Grooming",117,224,218,752,0,0,218,535,0,0
"Grooming",118,156,150,613,0,2,150,458,0,2
"Grooming",119,271,262,882,0,0,262,605,0,2
"Grooming",121,271,263,1187,0,9,263,814,2,22
"Grooming",122,271,262,1186,1,13,262,800,2,31
"Grooming",123,271,262,899,0,1,262,621,0,6
"Grooming",124,271,262,918,0,0,262,656,0,0
"Grooming",126,271,262,1185,1,12,262,801,1,29
"Grooming",128,271,262,1177,0,6,262,810,0,18
"Grooming",129,271,262,1170,1,7,262,797,3,17
"Grooming",130,271,262,876,0,1,262,626,0,1
"Grooming",131,271,263,1172,1,5,263,797,1,13
"Grooming",132,271,263,1175,1,6,263,812,2,8
"Grooming",133,271,262,1111,0,3,262,766,0,13
"Grooming",134,271,262,1141,0,3,262,788,1,5
"Grooming",135,47,44,645,10,21,44,550,11,28
"Grooming",136,271,263,1171,0,4,263,804,0,12
"Grooming",137,271,262,942,0,8,262,643,2,22
"Grooming",139,244,235,1098,0,11,235,754,1,21
"Grooming",140,35,32,608,10,24,32,533,13,31
"Grooming",141,34,32,605,15,32,32,535,20,41
"Grooming",142,35,32,601,14,20,32,527,18,29
"Grooming",143,43,40,630,14,56,40,538,18,71
"Grooming",144,43,40,563,4,22,40,479,7,29
"Grooming",146,28,25,587,6,8,25,521,8,13
"Juice",2,385,376,393,6,31,376,353,6,32
"Juice",5,342,329,406,10,51,327,362,10,53
"Juice",8,387,378,420,13,36,378,369,15,38
"Juice",9,385,372,419,11,37,371,377,12,39
"Juice",12,387,380,427,8,34,380,377,8,36
"Juice",14,387,377,404,10,35,376,361,11,36
"Juice",18,383,367,407,0,38,365,361,0,40
"Juice",21,388,381,418,1,27,380,370,1,28
"Juice",28,387,380,409,3,30,380,362,4,32
"Juice",32,382,363,416,13,37,363,369,15,39
"Juice",33,388,380,370,10,31,380,334,11,32
"Juice",40,379,370,417,2,26,370,369,2,27
"Juice",44,384,376,427,9,39,375,374,10,41
"Juice",45,277,273,303,4,40,273,282,4,41
"Juice",47,383,376,420,2,29,376,372,2,30
"Juice",48,340,336,368,0,33,336,339,0,34
"Juice",49,273,269,318,1,40,269,284,1,41
"Juice",50,209,209,248,0,44,209,238,0,45
"Juice",51,377,370,418,2,32,370,373,2,33
"Juice",52,385,375,414,10,38,372,368,11,40
"Juice",53,390,383,397,5,29,383,356,5,30
"Juice",54,389,380,402,4,30,380,358,4,31
"Juice",56,388,381,410,3,29,379,369,3,31
"Juice",59,387,379,428,10,33,378,377,10,35
"Juice",62,388,381,402,11,34,381,359,11,36
"Juice",64,263,259,320,0,31,259,288,0,32
"Juice",67,373,366,419,6,32,366,365,6,34
"Juice",68,386,379,394,5,29,379,353,5,30
"Juice",70,384,373,429,9,34,369,379,10,36
"Juice",71,387,379,427,9,36,377,377,11,38
"Juice",72,390,383,406,5,31,383,363,5,32
"Juice",73,389,380,421,6,36,379,377,8,39
"Juice",74,387,378,423,5,36,378,371,7,37
"Juice",75,386,379,416,5,34,379,371,6,36
"Juice",76,390,380,420,4,26,376,372,4,28
"Juice",77,378,366,412,3,34,363,363,4,36
"Juice",78,390,379,412,10,35,375,368,10,37
"Juice",80,389,375,421,9,38,375,368,9,40
"Juice",81,385,375,415,10,37,374,368,10,39
"Juice",83,391,380,424,12,36,379,371,13,38
"Juice",84,390,382,416,5,34,382,369,5,36
"Juice",86,388,377,428,7,35,375,375,9,37
"Juice",88,387,378,402,1,25,377,360,1,26
"Juice",89,384,377,412,2,24,377,362,2,26
"Juice",90,386,379,425,2,25,379,376,2,26
"Juice",91,388,381,415,1,26,381,366,1,28
"Juice",92,352,348,399,1,32,348,358,1,34
"Juice",93,376,369,424,8,35,369,375,8,36
"Juice",94,382,373,409,4,29,371,358,4,31
"Juice",95,383,376,403,5,31,376,361,5,32
"Juice",97,223,223,265,0,30,223,247,0,30
"Juice",98,385,377,441,7,34,377,391,7,36
"Juice",100,382,366,431,4,34,364,383,5,36
"Juice",101,391,376,423,7,38,371,372,7,40
"Juice",102,383,367,431,10,38,367,379,10,40
"Juice",103,388,380,422,2,21,380,371,2,22
"Juice",104,381,374,413,8,32,374,373,8,34
"Juice",105,387,372,430,0,28,371,382,0,30
"Juice",106,383,375,410,3,15,375,365,3,15
"Juice",107,383,370,423,6,36,370,374,7,37
"Juice",109,386,375,421,13,37,375,371,14,39
"Juice",110,384,373,425,3,26,373,373,3,28
"Juice",111,391,384,411,3,33,384,364,3,36
"Juice",112,388,375,439,9,36,374,387,9,38
"Juice",113,386,379,431,11,38,378,383,11,40
"Juice",114,387,378,438,8,34,377,386,9,36
"Juice",115,387,378,433,11,33,378,381,11,35
"Juice",116,385,378,410,4,30,378,367,4,32
"Juice",117,332,328,395,4,41,328,353,4,43
"Juice",118,273,269,300,6,47,269,280,6,48
"Juice",119,386,379,419,8,35,379,371,8,37
"Juice",121,388,381,430,14,39,381,380,16,41
"Juice",122,388,379,442,12,36,378,384,13,38
"Juice",123,383,373,417,4,30,372,367,4,32
"Juice",124,378,370,418,1,37,370,368,1,40
"Juice",126,384,377,430,10,39,376,376,13,41
"Juice",128,385,372,423,4,34,371,370,6,36
"Juice",129,365,357,432,12,36,357,378,13,38
"Juice",130,350,343,420,8,33,343,371,10,36
"Juice",131,383,372,424,9,36,372,372,9,38
"Juice",132,389,375,418,8,37,374,376,8,39
"Juice",133,265,258,373,12,47,258,342,13,49
"Juice",134,326,318,410,6,23,318,364,6,25
"Juice",135,51,48,214,50,77,48,209,52,78
"Juice",136,286,279,376,10,40,279,346,12,42
"Juice",137,332,315,398,18,42,315,357,19,43
"Juice",139,237,228,357,20,44,228,332,22,45
"Juice",140,35,32,209,59,80,32,205,60,82
"Juice",141,34,31,211,46,71,31,207,47,74
"Juice",142,35,32,210,48,65,32,206,50,67
"Juice",143,47,44,213,59,85,44,208,60,88
"Juice",144,47,44,210,55,78,44,205,56,79
"Juice",146,27,25,187,49,74,25,183,51,75
"LaundryDetergents",2,389,375,525,0,2,374,342,0,3
"LaundryDetergents",5,352,340,516,0,2,340,337,0,3
"LaundryDetergents",8,391,378,536,0,3,377,343,0,4
"LaundryDetergents",9,389,375,522,0,2,375,337,0,2
"LaundryDetergents",12,391,378,529,0,2,378,342,0,3
"LaundryDetergents",14,391,377,529,0,2,377,338,0,3
"LaundryDetergents",18,387,374,532,0,2,374,341,0,2
"LaundryDetergents",21,392,378,526,0,1,378,340,0,2
"LaundryDetergents",28,391,377,520,0,1,377,339,0,1
"LaundryDetergents",32,386,373,527,0,2,370,338,0,3
"LaundryDetergents",33,392,379,486,0,2,379,314,0,2
"LaundryDetergents",40,383,370,527,0,1,369,340,0,2
"LaundryDetergents",44,388,374,524,0,2,373,341,0,3
"LaundryDetergents",45,281,273,430,0,2,273,276,0,2
"LaundryDetergents",47,387,373,523,0,1,373,340,0,2
"LaundryDetergents",48,350,338,509,0,1,338,333,0,1
"LaundryDetergents",49,279,271,422,0,2,271,277,0,2
"LaundryDetergents",50,209,209,356,0,4,209,239,0,5
"LaundryDetergents",51,381,368,528,0,2,368,337,0,2
"LaundryDetergents",52,389,376,534,0,2,376,345,0,3
"LaundryDetergents",53,394,380,504,0,1,378,328,0,1
"LaundryDetergents",54,393,379,526,0,2,379,339,0,2
"LaundryDetergents",56,392,379,520,0,2,377,340,0,2
"LaundryDetergents",59,391,378,529,0,1,378,341,0,1
"LaundryDetergents",62,392,379,529,0,2,378,342,0,3
"LaundryDetergents",64,267,259,421,0,2,259,273,0,3
"LaundryDetergents",67,377,363,521,0,1,363,338,0,2
"LaundryDetergents",68,390,377,525,0,1,377,338,0,2
"LaundryDetergents",70,388,374,534,0,2,373,343,0,2
"LaundryDetergents",71,391,378,533,0,2,378,343,0,3
"LaundryDetergents",72,394,381,530,0,1,381,342,0,1
"LaundryDetergents",73,393,380,530,0,1,378,341,0,2
"LaundryDetergents",74,391,377,539,0,2,376,341,0,3
"LaundryDetergents",75,390,376,525,0,2,376,341,0,3
"LaundryDetergents",76,394,380,527,0,2,380,340,0,2
"LaundryDetergents",77,382,369,526,0,2,369,340,0,2
"LaundryDetergents",78,394,381,532,0,2,380,343,0,2
"LaundryDetergents",80,393,380,531,0,2,379,342,0,2
"LaundryDetergents",81,389,376,533,0,2,376,344,0,2
"LaundryDetergents",83,395,382,534,0,2,382,339,0,3
"LaundryDetergents",84,394,380,533,0,2,380,341,0,3
"LaundryDetergents",86,392,379,528,0,2,379,342,0,3
"LaundryDetergents",88,391,377,529,0,2,377,341,0,3
"LaundryDetergents",89,388,374,529,0,1,374,344,0,2
"LaundryDetergents",90,390,376,521,0,1,376,336,0,1
"LaundryDetergents",91,392,378,532,0,1,378,342,0,2
"LaundryDetergents",92,358,346,521,0,1,346,340,0,2
"LaundryDetergents",93,380,366,524,0,2,366,339,0,2
"LaundryDetergents",94,386,373,532,0,2,373,341,0,3
"LaundryDetergents",95,388,375,518,0,1,375,338,0,1
"LaundryDetergents",97,223,223,382,0,0,223,254,0,0
"LaundryDetergents",98,389,376,537,0,2,376,345,0,3
"LaundryDetergents",100,386,372,534,0,1,372,342,0,1
"LaundryDetergents",101,395,382,529,0,2,381,342,0,3
"LaundryDetergents",102,387,374,533,0,2,371,345,0,3
"LaundryDetergents",103,392,378,531,0,1,378,339,0,2
"LaundryDetergents",104,385,372,522,0,2,372,336,0,2
"LaundryDetergents",105,391,378,528,0,1,377,341,0,1
"LaundryDetergents",106,387,373,520,0,0,373,338,0,0
"LaundryDetergents",107,387,374,538,0,2,374,343,0,2
"LaundryDetergents",109,390,376,528,0,2,374,339,0,2
"LaundryDetergents",110,388,375,532,0,1,375,339,0,2
"LaundryDetergents",111,395,382,532,0,1,382,342,0,2
"LaundryDetergents",112,392,379,530,0,2,377,342,0,2
"LaundryDetergents",113,390,377,531,0,2,377,340,0,3
"LaundryDetergents",114,391,378,538,0,1,378,342,0,2
"LaundryDetergents",115,391,378,534,0,2,378,341,0,2
"LaundryDetergents",116,389,375,524,0,2,375,337,0,3
"LaundryDetergents",117,342,330,496,0,1,330,320,0,1
"LaundryDetergents",118,279,271,420,0,2,271,273,0,2
"LaundryDetergents",119,390,376,521,0,1,376,339,0,1
"LaundryDetergents",121,392,379,533,0,2,379,346,0,2
"LaundryDetergents",122,392,379,539,0,2,377,346,0,3
"LaundryDetergents",123,387,374,524,0,1,373,340,0,2
"LaundryDetergents",124,382,369,532,0,3,369,348,0,4
"LaundryDetergents",126,388,375,539,0,2,375,345,0,3
"LaundryDetergents",128,389,375,535,0,2,375,344,0,3
"LaundryDetergents",129,369,355,518,0,2,355,337,0,2
"LaundryDetergents",130,354,341,508,0,2,341,333,0,4
"LaundryDetergents",131,387,373,533,0,2,373,342,0,3
"LaundryDetergents",132,393,380,538,0,2,380,345,0,3
"LaundryDetergents",133,269,256,394,0,2,256,305,0,4
"LaundryDetergents",134,330,316,477,0,0,316,326,0,1
"LaundryDetergents",135,45,44,135,23,41,44,125,26,44
"LaundryDetergents",136,290,277,408,0,2,277,309,0,3
"LaundryDetergents",137,336,323,485,0,2,319,326,0,4
"LaundryDetergents",139,241,228,370,0,11,228,288,0,12
"LaundryDetergents",140,33,32,125,26,39,32,121,29,42
"LaundryDetergents",141,32,31,125,29,46,31,122,31,49
"LaundryDetergents",142,33,32,119,28,44,32,116,30,47
"LaundryDetergents",143,41,39,132,33,58,39,125,37,61
"LaundryDetergents",144,41,40,131,24,48,40,125,27,51
"LaundryDetergents",146,27,26,115,16,28,26,112,19,31
"Oat",2,304,254,78,2,17,243,76,2,18
"Oat",5,265,226,77,9,25,224,75,10,26
"Oat",8,304,217,88,10,25,204,86,10,26
"Oat",9,305,268,88,3,20,264,86,3,21
"Oat",12,304,255,92,2,22,248,90,2,22
"Oat",14,304,263,81,6,21,260,79,6,21
"Oat",18,304,194,79,0,23,182,77,0,24
"Oat",21,305,271,85,2,18,271,83,2,19
"Oat",28,303,257,76,4,14,251,74,4,14
"Oat",32,305,236,91,14,25,227,89,14,26
"Oat",33,305,227,66,1,15,218,64,1,16
"Oat",40,305,255,88,4,20,248,86,4,21
"Oat",44,305,245,90,10,23,242,88,10,24
"Oat",45,191,166,66,3,10,159,64,3,10
"Oat",47,305,240,76,2,17,234,74,2,18
"Oat",48,262,236,68,1,8,236,66,1,8
"Oat",49,193,173,65,2,12,170,63,2,12
"Oat",50,124,113,53,1,10,110,51,1,10
"Oat",51,305,287,88,1,17,285,86,1,18
"Oat",52,304,240,85,5,23,233,83,5,24
"Oat",53,305,234,76,8,25,228,74,8,26
"Oat",54,305,253,84,4,18,247,82,4,19
"Oat",56,304,263,77,3,15,256,75,3,16
"Oat",59,305,234,85,6,24,226,83,6,25
"Oat",62,302,249,80,5,21,243,78,5,22
"Oat",64,189,166,64,0,10,165,62,0,10
"Oat",67,305,254,84,6,21,246,82,6,22
"Oat",68,303,267,80,4,18,262,78,4,18
"Oat",70,305,240,88,11,23,236,86,11,25
"Oat",71,305,221,82,10,26,215,80,10,27
"Oat",72,305,267,76,2,15,264,74,2,16
"Oat",73,304,253,90,11,24,244,88,11,25
"Oat",74,304,244,89,12,26,234,87,12,27
"Oat",75,305,255,85,4,20,251,83,4,20
"Oat",76,305,265,84,6,20,257,82,6,20
"Oat",77,292,193,81,2,18,189,79,2,19
"Oat",78,305,218,80,4,23,209,78,4,24
"Oat",80,304,207,81,6,23,191,79,6,24
"Oat",81,305,222,80,8,22,216,78,8,23
"Oat",83,305,208,91,9,25,195,89,9,26
"Oat",84,304,247,85,4,23,238,83,4,24
"Oat",86,305,220,79,3,21,215,77,3,22
"Oat",88,304,259,78,0,6,252,76,0,6
"Oat",89,305,255,83,5,19,244,81,5,19
"Oat",90,305,272,88,3,15,267,86,3,15
"Oat",91,303,274,89,2,16,273,87,2,17
"Oat",92,273,251,85,0,14,246,83,0,14
"Oat",93,304,245,85,7,22,239,83,7,23
"Oat",94,305,272,82,3,18,265,80,3,19
"Oat",95,304,258,79,2,19,245,77,2,19
"Oat",97,137,136,70,1,7,135,68,1,7
"Oat",98,305,248,88,13,27,244,86,13,28
"Oat",100,305,240,88,11,24,229,86,11,25
"Oat",101,305,222,88,8,23,217,86,8,24
"Oat",102,305,201,87,15,26,189,85,15,28
"Oat",103,305,259,84,4,21,247,82,4,22
"Oat",104,305,279,86,7,21,275,84,7,22
"Oat",105,305,283,93,3,19,280,90,3,20
"Oat",106,305,290,91,0,12,290,89,0,12
"Oat",107,304,226,87,5,22,222,85,5,23
"Oat",109,305,210,86,10,26,186,84,10,27
"Oat",110,303,283,87,2,19,281,85,2,20
"Oat",111,305,258,84,10,26,244,81,10,27
"Oat",112,305,237,87,10,26,231,85,10,27
"Oat",113,305,188,89,12,25,177,87,12,26
"Oat",114,305,250,89,12,25,243,87,12,26
"Oat",115,305,264,89,6,23,264,87,6,24
"Oat",116,305,273,83,3,18,269,81,3,19
"Oat",117,258,204,71,2,15,196,69,2,16
"Oat",118,193,174,67,0,15,172,65,0,15
"Oat",119,305,245,77,4,20,235,75,4,21
"Oat",121,305,181,86,14,24,177,84,14,25
"Oat",122,305,234,90,13,25,227,88,14,26
"Oat",123,305,251,88,8,21,240,86,8,21
"Oat",124,305,243,90,7,25,236,87,7,26
"Oat",126,305,230,92,11,25,226,90,11,27
"Oat",128,305,198,82,11,24,181,80,11,25
"Oat",129,305,225,87,6,25,217,85,6,26
"Oat",130,304,219,87,15,24,203,84,15,25
"Oat",131,305,275,88,6,25,270,86,7,26
"Oat",132,305,198,93,9,23,188,90,9,25
"Oat",133,268,189,74,11,23,176,72,11,24
"Oat",134,305,282,90,5,18,281,88,5,19
"Oat",135,45,42,50,23,36,42,49,24,35
"Oat",136,289,270,76,7,19,268,74,7,20
"Oat",137,305,180,87,13,29,169,85,14,30
"Oat",139,241,162,72,13,24,161,70,14,26
"Oat",140,33,26,49,29,34,26,48,29,34
"Oat",141,32,26,48,34,36,26,47,33,35
"Oat",142,33,28,48,25,35,28,47,25,35
"Oat",143,41,30,49,28,36,30,48,27,35
"Oat",144,41,34,49,22,33,34,48,23,32
"Oat",146,27,25,48,22,31,25,47,22,31
"PaperTowels",2,381,250,147,1,5,197,87,2,7
"PaperTowels",5,348,235,126,0,5,175,77,0,8
"PaperTowels",8,383,245,148,4,5,181,87,4,8
"PaperTowels",9,381,229,129,3,4,173,79,4,7
"PaperTowels",12,383,277,131,3,5,209,79,4,8
"PaperTowels",14,383,248,144,4,5,182,81,5,8
"PaperTowels",18,379,230,131,0,5,181,80,0,8
"PaperTowels",21,384,275,132,3,5,201,81,4,8
"PaperTowels",28,383,251,146,2,4,182,85,3,7
"PaperTowels",32,378,213,147,3,5,157,84,4,8
"PaperTowels",33,384,291,125,1,3,258,79,2,6
"PaperTowels",40,375,262,147,2,5,201,84,3,8
"PaperTowels",44,380,260,136,4,5,200,84,4,8
"PaperTowels",45,279,204,115,0,8,146,61,1,12
"PaperTowels",47,379,268,147,1,5,207,84,2,8
"PaperTowels",48,346,246,118,0,5,190,76,0,8
"PaperTowels",49,277,192,83,2,7,141,59,3,11
"PaperTowels",50,209,151,78,2,8,118,56,2,11
"PaperTowels",51,373,256,131,2,5,210,81,3,8
"PaperTowels",52,381,255,136,4,5,187,85,4,8
"PaperTowels",53,386,250,124,0,4,187,80,1,7
"PaperTowels",54,385,254,135,2,5,202,82,2,8
"PaperTowels",56,384,271,148,2,5,207,84,4,8
"PaperTowels",59,383,265,135,3,5,205,84,4,8
"PaperTowels",62,384,239,145,3,5,173,83,3,8
"PaperTowels",64,265,196,101,0,8,138,60,0,12
"PaperTowels",67,369,254,135,3,5,191,84,3,9
"PaperTowels",68,382,274,114,1,4,211,82,2,7
"PaperTowels",70,380,249,133,4,5,181,83,5,8
"PaperTowels",71,383,237,131,4,5,175,86,4,8
"PaperTowels",72,386,278,146,1,5,225,83,2,8
"PaperTowels",73,385,227,126,4,5,164,83,4,8
"PaperTowels",74,383,260,139,4,5,205,86,4,8
"PaperTowels",75,382,236,134,3,5,174,83,4,8
"PaperTowels",76,386,280,131,2,5,206,81,2,8
"PaperTowels",77,374,235,138,2,4,180,85,2,7
"PaperTowels",78,386,252,145,1,5,176,86,2,8
"PaperTowels",80,385,228,143,4,5,175,86,6,8
"PaperTowels",81,381,262,136,3,4,211,83,4,7
"PaperTowels",83,387,226,147,3,5,166,84,4,8
"PaperTowels",84,386,237,144,3,5,173,86,3,8
"PaperTowels",86,384,257,136,2,5,198,85,3,8
"PaperTowels",88,383,275,147,1,5,216,84,2,7
"PaperTowels",89,380,274,129,1,5,218,84,2,8
"PaperTowels",90,383,269,134,0,5,218,83,0,8
"PaperTowels",91,384,278,132,2,5,221,81,2,7
"PaperTowels",92,350,248,108,0,5,193,80,0,7
"PaperTowels",93,372,230,131,4,5,181,82,4,8
"PaperTowels",94,378,275,136,2,5,215,83,2,8
"PaperTowels",95,380,250,133,3,5,200,83,4,8
"PaperTowels",97,223,171,87,0,9,124,54,0,12
"PaperTowels",98,381,238,124,2,5,171,83,3,8
"PaperTowels",100,378,240,136,2,5,174,83,3,7
"PaperTowels",101,387,252,149,4,5,176,87,5,8
"PaperTowels",102,379,237,133,4,5,164,82,5,8
"PaperTowels",103,384,282,131,1,4,213,82,3,7
"PaperTowels",104,377,277,143,4,5,194,80,5,8
"PaperTowels",105,383,255,129,1,3,201,80,2,6
"PaperTowels",106,379,313,131,1,5,255,81,1,8
"PaperTowels",107,379,242,138,3,4,180,82,5,7
"PaperTowels",109,382,243,149,2,5,196,86,4,8
"PaperTowels",110,380,282,132,3,4,219,81,3,7
"PaperTowels",111,387,270,129,1,5,217,81,2,8
"PaperTowels",112,384,241,135,4,5,179,85,5,8
"PaperTowels",113,382,268,147,2,5,203,83,4,8
"PaperTowels",114,383,260,148,4,5,186,84,5,8
"PaperTowels",115,383,272,142,3,5,196,84,4,8
"PaperTowels",116,381,240,133,4,5,180,83,5,8
"PaperTowels",117,338,231,122,0,5,178,73,0,7
"PaperTowels",118,277,184,89,0,8,138,58,1,11
"PaperTowels",119,382,238,134,2,5,197,83,3,8
"PaperTowels",121,384,260,149,3,5,172,84,5,8
"PaperTowels",122,384,242,135,3,5,162,83,4,8
"PaperTowels",123,379,290,150,2,5,218,86,3,8
"PaperTowels",124,374,257,133,4,5,189,82,5,9
"PaperTowels",126,380,261,151,2,5,179,87,3,8
"PaperTowels",128,381,265,136,2,5,188,83,4,8
"PaperTowels",129,361,243,149,4,5,155,87,5,9
"PaperTowels",130,346,215,112,0,4,173,79,1,9
"PaperTowels",131,379,262,149,1,5,184,86,2,8
"PaperTowels",132,385,267,136,1,5,191,84,2,8
"PaperTowels",133,261,183,122,5,8,141,78,7,12
"PaperTowels",134,322,225,137,4,7,173,82,5,12
"PaperTowels",135,43,24,42,22,25,21,39,25,27
"PaperTowels",136,282,197,120,6,8,152,76,8,12
"PaperTowels",137,328,205,126,3,4,172,79,3,9
"PaperTowels",139,233,142,118,4,10,109,74,5,14
"PaperTowels",140,33,13,37,25,26,11,34,27,27
"PaperTowels",141,32,9,36,27,27,9,34,28,28
"PaperTowels",142,33,9,35,26,27,7,33,27,28
"PaperTowels",143,39,13,39,26,28,9,36,28,29
"PaperTowels",144,39,21,41,22,24,19,38,24,26
"PaperTowels",146,27,11,34,26,27,9,32,27,28
"Shampoos",2,215,211,1124,0,0,211,787,0,0
"Shampoos",5,173,171,1252,1,2,171,860,1,4
"Shampoos",8,214,210,2009,0,2,210,1507,0,3
"Shampoos",9,215,211,1652,0,0,211,1201,0,0
"Shampoos",12,215,211,1504,0,3,211,1076,0,6
"Shampoos",14,215,211,1214,0,1,211,829,0,2
"Shampoos",18,215,211,1279,0,3,211,894,0,6
"Shampoos",21,215,211,1329,0,1,211,937,0,3
"Shampoos",28,214,210,1143,0,0,210,803,0,0
"Shampoos",32,215,211,1268,0,3,211,854,0,9
"Shampoos",33,215,211,841,0,1,211,589,0,2
"Shampoos",40,215,211,1177,0,0,211,802,0,2
"Shampoos",44,215,211,1142,0,1,211,785,0,2
"Shampoos",45,151,149,873,0,0,149,627,0,0
"Shampoos",47,215,211,1289,0,0,211,917,0,2
"Shampoos",48,172,170,1041,0,0,170,728,0,0
"Shampoos",49,150,148,823,0,0,148,576,0,0
"Shampoos",50,89,89,610,0,1,89,444,0,1
"Shampoos",51,215,211,1261,0,0,211,880,0,0
"Shampoos",52,214,210,1456,0,1,210,1058,0,1
"Shampoos",53,215,210,1126,0,0,210,809,0,0
"Shampoos",54,215,211,1189,0,1,211,821,0,1
"Shampoos",56,214,209,1230,0,1,209,886,0,1
"Shampoos",59,215,211,1288,0,0,211,907,0,0
"Shampoos",62,214,210,1390,1,2,210,1031,1,5
"Shampoos",64,151,149,832,0,0,149,567,0,0
"Shampoos",67,215,211,1268,0,1,211,887,0,1
"Shampoos",68,215,211,1203,0,1,211,813,0,2
"Shampoos",70,215,211,2028,0,1,211,1531,0,2
"Shampoos",71,215,211,2299,0,1,211,1625,0,1
"Shampoos",72,215,211,1123,0,0,211,794,0,0
"Shampoos",73,215,211,1435,0,1,211,1027,0,2
"Shampoos",74,214,210,1686,0,2,210,1249,0,4
"Shampoos",75,215,211,1329,0,1,211,940,0,2
"Shampoos",76,215,211,1410,0,1,211,1008,0,3
"Shampoos",77,208,204,1722,0,0,204,1252,0,0
"Shampoos",78,215,211,1721,0,1,211,1266,0,2
"Shampoos",80,214,210,1703,0,1,210,1249,0,4
"Shampoos",81,215,211,1560,0,1,211,1111,0,2
"Shampoos",83,215,211,1301,0,1,211,905,0,1
"Shampoos",84,215,211,1694,0,1,211,1240,0,2
"Shampoos",86,215,211,1810,1,3,211,1319,1,5
"Shampoos",88,215,211,1254,0,0,211,854,0,0
"Shampoos",89,215,211,1272,0,1,211,903,0,1
"Shampoos",90,215,211,1271,0,0,211,899,0,0
"Shampoos",91,214,210,1254,0,0,210,890,0,0
"Shampoos",92,179,177,1068,0,0,177,783,0,0
"Shampoos",93,215,211,1288,0,2,211,899,0,3
"Shampoos",94,215,211,1258,0,0,211,889,0,0
"Shampoos",95,213,209,1230,0,2,209,831,0,5
"Shampoos",97,101,101,711,0,0,101,516,0,0
"Shampoos",98,215,211,2446,0,4,211,1715,0,8
"Shampoos",100,215,211,2458,0,5,211,1745,0,8
"Shampoos",101,215,211,2353,0,3,211,1636,0,5
"Shampoos",102,215,211,2460,0,4,211,1742,0,7
"Shampoos",103,215,211,2363,0,0,211,1695,0,0
"Shampoos",104,215,211,1686,0,1,211,1227,0,2
"Shampoos",105,215,211,2348,0,0,211,1685,0,0
"Shampoos",106,215,211,1287,0,0,211,911,0,0
"Shampoos",107,214,210,1937,0,1,210,1408,0,2
"Shampoos",109,215,211,1647,1,2,211,1182,1,7
"Shampoos",110,215,211,1344,0,0,211,936,0,0
"Shampoos",111,215,208,337,0,0,208,291,0,0
"Shampoos",112,215,211,2352,0,4,211,1631,0,5
"Shampoos",113,215,211,1405,0,1,211,992,0,2
"Shampoos",114,215,211,2298,0,0,211,1670,0,0
"Shampoos",115,215,211,2342,0,2,211,1640,0,4
"Shampoos",116,215,211,1232,0,0,211,850,0,0
"Shampoos",117,167,165,1052,0,1,165,723,0,1
"Shampoos",118,151,149,795,0,1,149,553,0,1
"Shampoos",119,215,211,1183,0,0,211,810,0,0
"Shampoos",121,215,211,2393,0,2,211,1662,0,4
"Shampoos",122,215,211,2458,0,8,211,1720,1,14
"Shampoos",123,215,211,1796,1,4,211,1270,1,7
"Shampoos",124,215,211,1372,0,0,211,1023,0,0
"Shampoos",126,215,211,2360,0,7,211,1638,0,11
"Shampoos",128,215,211,2420,0,3,211,1714,0,6
"Shampoos",129,215,211,2373,0,3,211,1638,0,4
"Shampoos",130,215,209,623,0,0,209,529,0,0
"Shampoos",131,215,211,2332,0,2,211,1620,0,4
"Shampoos",132,215,211,2449,0,0,211,1722,0,0
"Shampoos",133,215,211,2208,0,3,211,1594,0,3
"Shampoos",134,215,211,2304,0,0,211,1614,0,0
"Shampoos",135,47,45,1280,6,18,45,1156,6,20
"Shampoos",136,215,211,2294,0,1,211,1613,0,2
"Shampoos",137,215,211,1376,1,6,211,956,1,19
"Shampoos",139,188,184,2159,0,7,184,1584,0,12
"Shampoos",140,35,33,1043,10,18,33,970,11,19
"Shampoos",141,34,32,1089,10,20,32,1011,10,21
"Shampoos",142,35,33,1075,15,23,33,1001,15,23
"Shampoos",143,43,41,1267,9,46,41,1144,11,50
"Shampoos",144,43,41,926,5,21,41,834,5,22
"Shampoos",146,28,26,1027,2,7,26,958,2,7
"SnackCrackers",2,377,368,322,8,31,367,298,8,31
"SnackCrackers",5,340,332,319,11,41,332,298,11,42
"SnackCrackers",8,379,371,349,9,29,371,324,9,30
"SnackCrackers",9,377,368,357,6,25,368,333,6,25
"SnackCrackers",12,379,371,337,5,27,371,313,5,27
"SnackCrackers",14,379,371,367,11,39,371,341,12,39
"SnackCrackers",18,374,366,334,7,30,366,312,7,31
"SnackCrackers",21,380,372,374,6,28,372,347,6,29
"SnackCrackers",28,379,370,349,5,20,370,323,5,20
"SnackCrackers",32,374,364,338,10,41,363,316,10,42
"SnackCrackers",33,380,370,323,3,29,370,300,3,29
"SnackCrackers",40,371,364,354,4,25,364,329,4,26
"SnackCrackers",44,376,368,368,17,42,368,341,17,43
"SnackCrackers",45,269,266,276,6,29,266,258,6,29
"SnackCrackers",47,375,367,341,4,22,367,316,4,22
"SnackCrackers",48,338,332,318,0,16,332,296,0,16
"SnackCrackers",49,267,265,286,1,23,265,269,1,23
"SnackCrackers",50,209,209,229,1,24,209,214,1,24
"SnackCrackers",51,369,360,348,9,29,360,325,9,30
"SnackCrackers",52,377,369,373,13,37,369,349,13,37
"SnackCrackers",53,382,374,326,2,11,374,302,2,11
"SnackCrackers",54,381,373,361,11,33,373,334,11,34
"SnackCrackers",56,380,372,340,7,27,372,314,7,28
"SnackCrackers",59,379,371,365,10,35,371,339,10,36
"SnackCrackers",62,380,373,352,15,40,373,329,15,40
"SnackCrackers",64,255,252,276,1,19,252,262,1,19
"SnackCrackers",67,365,357,341,7,28,357,318,7,29
"SnackCrackers",68,378,370,336,3,18,370,312,3,18
"SnackCrackers",70,376,368,353,7,35,368,328,7,36
"SnackCrackers",71,379,371,354,8,30,371,327,8,31
"SnackCrackers",72,382,374,351,4,22,374,326,4,22
"SnackCrackers",73,381,373,347,6,26,373,322,6,27
"SnackCrackers",74,379,372,350,5,29,372,327,5,30
"SnackCrackers",75,378,370,344,2,21,370,317,2,21
"SnackCrackers",76,382,374,341,1,18,374,319,1,18
"SnackCrackers",77,380,368,337,0,30,368,311,0,31
"SnackCrackers",78,382,374,348,6,35,374,324,6,36
"SnackCrackers",80,381,372,342,11,40,372,318,11,41
"SnackCrackers",81,377,369,358,16,41,369,332,16,42
"SnackCrackers",83,383,375,346,7,35,375,321,7,36
"SnackCrackers",84,382,374,329,11,34,374,306,11,35
"SnackCrackers",86,380,372,344,7,30,372,320,7,30
"SnackCrackers",88,379,371,339,0,20,371,317,0,22
"SnackCrackers",89,376,367,343,1,8,367,317,1,8
"SnackCrackers",90,378,370,338,1,15,370,315,1,15
"SnackCrackers",91,380,373,323,3,31,373,301,3,32
"SnackCrackers",92,346,340,313,0,21,340,292,0,21
"SnackCrackers",93,368,360,355,11,33,360,330,11,33
"SnackCrackers",94,374,366,343,9,29,366,318,9,30
"SnackCrackers",95,376,368,335,2,21,368,309,2,21
"SnackCrackers",97,223,223,244,2,23,223,229,2,23
"SnackCrackers",98,377,369,372,9,29,369,346,10,29
"SnackCrackers",100,374,367,348,5,25,367,326,5,26
"SnackCrackers",101,383,374,369,11,36,374,344,11,37
"SnackCrackers",102,375,367,369,13,36,367,344,13,37
"SnackCrackers",103,380,372,350,5,20,372,324,5,21
"SnackCrackers",104,373,366,359,12,36,366,332,12,37
"SnackCrackers",105,379,371,362,1,12,371,340,1,12
"SnackCrackers",106,376,369,367,0,17,369,342,0,17
"SnackCrackers",107,375,367,361,12,40,367,338,12,41
"SnackCrackers",109,378,370,377,11,43,370,351,11,44
"SnackCrackers",110,376,368,356,5,30,368,331,5,30
"SnackCrackers",111,383,375,327,3,17,375,303,3,18
"SnackCrackers",112,380,372,376,11,40,372,350,11,40
"SnackCrackers",113,378,370,359,9,32,370,332,9,33
"SnackCrackers",114,379,371,366,6,23,371,337,6,24
"SnackCrackers",115,379,372,374,13,38,372,349,13,39
"SnackCrackers",116,377,370,357,8,37,370,335,8,37
"SnackCrackers",117,330,322,323,2,30,322,303,2,30
"SnackCrackers",118,267,265,281,0,25,265,265,0,25
"SnackCrackers",119,378,370,351,6,32,370,326,6,32
"SnackCrackers",121,380,372,379,13,37,372,353,13,38
"SnackCrackers",122,380,372,382,8,37,372,352,8,38
"SnackCrackers",123,375,367,339,3,23,367,316,3,23
"SnackCrackers",124,370,362,351,6,32,362,327,6,33
"SnackCrackers",126,376,368,373,15,44,368,347,15,45
"SnackCrackers",128,377,369,359,4,31,369,332,4,31
"SnackCrackers",129,357,348,368,15,42,348,341,15,43
"SnackCrackers",130,342,334,330,3,18,334,308,3,19
"SnackCrackers",131,375,368,368,10,39,368,345,11,39
"SnackCrackers",132,381,373,356,10,41,373,331,10,42
"SnackCrackers",133,257,250,316,9,38,250,301,9,38
"SnackCrackers",134,318,309,350,10,30,309,327,10,31
"SnackCrackers",135,45,43,160,45,79,43,160,45,79
"SnackCrackers",136,278,270,328,16,36,270,312,16,36
"SnackCrackers",137,324,315,352,28,47,315,325,29,48
"SnackCrackers",139,229,221,297,22,53,221,287,22,53
"SnackCrackers",140,33,31,147,68,84,31,147,68,84
"SnackCrackers",141,32,30,147,63,82,30,147,63,82
"SnackCrackers",142,33,32,150,66,85,32,150,66,85
"SnackCrackers",143,41,38,149,60,88,38,149,60,88
"SnackCrackers",144,41,39,150,61,88,39,150,61,88
"SnackCrackers",146,27,25,142,52,68,25,142,52,68
"Soaps",2,275,261,282,2,12,261,211,3,16
"Soaps",5,235,223,241,11,22,222,177,11,33
"Soaps",8,274,260,286,7,16,254,212,7,25
"Soaps",9,275,261,284,4,15,261,212,5,25
"Soaps",12,275,261,286,6,15,259,215,6,21
"Soaps",14,275,261,282,3,14,261,210,4,19
"Soaps",18,274,260,287,5,16,260,213,6,21
"Soaps",21,275,261,291,3,15,261,216,3,21
"Soaps",28,274,260,286,3,16,260,213,3,20
"Soaps",32,275,257,287,8,17,253,213,9,25
"Soaps",33,275,260,221,4,11,260,167,4,14
"Soaps",40,275,261,282,6,17,261,212,6,23
"Soaps",44,275,261,275,5,16,261,205,6,22
"Soaps",45,161,153,175,1,17,153,131,1,25
"Soaps",47,275,261,278,1,12,261,211,1,16
"Soaps",48,234,222,226,1,9,222,166,1,12
"Soaps",49,163,155,183,0,8,155,138,0,10
"Soaps",50,95,95,147,1,11,95,111,1,17
"Soaps",51,275,261,278,4,16,261,209,4,21
"Soaps",52,274,260,301,8,18,259,224,11,26
"Soaps",53,275,261,280,2,13,261,209,2,15
"Soaps",54,275,261,290,2,16,261,215,2,23
"Soaps",56,274,260,280,0,13,259,211,0,17
"Soaps",59,275,261,295,3,17,261,222,5,24
"Soaps",62,272,258,296,3,14,258,221,3,20
"Soaps",64,161,153,172,0,9,153,130,0,15
"Soaps",67,275,261,281,1,11,261,210,2,15
"Soaps",68,275,261,284,5,11,261,212,6,14
"Soaps",70,275,261,299,6,19,261,224,7,24
"Soaps",71,275,261,298,6,16,261,222,9,24
"Soaps",72,275,261,275,1,8,261,206,1,9
"Soaps",73,275,261,276,3,16,261,209,4,22
"Soaps",74,274,260,296,10,17,258,221,10,23
"Soaps",75,275,261,280,7,13,260,209,8,19
"Soaps",76,275,261,288,3,14,261,218,3,19
"Soaps",77,263,249,298,0,14,248,223,0,20
"Soaps",78,275,260,289,4,13,260,214,4,20
"Soaps",80,274,260,286,5,16,260,215,6,21
"Soaps",81,275,261,293,9,15,258,222,10,22
"Soaps",83,275,258,279,7,19,254,207,8,28
"Soaps",84,275,261,281,3,14,260,208,3,20
"Soaps",86,275,261,296,5,17,261,220,5,24
"Soaps",88,275,261,284,1,9,261,215,1,14
"Soaps",89,275,261,279,4,10,261,210,4,11
"Soaps",90,275,261,287,1,10,261,219,1,11
"Soaps",91,274,260,281,1,14,260,213,1,19
"Soaps",92,243,231,258,0,14,231,191,0,18
"Soaps",93,274,260,289,7,20,259,217,7,27
"Soaps",94,275,261,285,0,11,261,211,2,16
"Soaps",95,273,259,279,1,12,259,207,1,16
"Soaps",97,107,107,153,0,4,107,114,0,7
"Soaps",98,275,261,303,6,15,261,227,8,23
"Soaps",100,275,261,302,4,14,261,225,4,18
"Soaps",101,275,261,302,6,19,260,226,8,26
"Soaps",102,275,259,306,9,18,256,228,12,27
"Soaps",103,275,261,295,3,10,261,221,4,16
"Soaps",104,275,261,296,1,17,261,223,3,25
"Soaps",105,275,261,301,3,9,261,227,3,14
"Soaps",106,275,261,289,0,7,261,216,0,8
"Soaps",107,274,260,303,7,19,260,226,8,27
"Soaps",109,275,261,297,6,18,255,222,8,28
"Soaps",110,275,261,286,3,10,261,215,3,13
"Soaps",111,275,261,291,6,13,261,220,6,18
"Soaps",112,275,261,305,4,17,260,229,6,28
"Soaps",113,275,261,289,3,15,260,216,3,20
"Soaps",114,275,261,297,8,16,261,221,12,23
"Soaps",115,275,261,303,5,18,261,226,6,27
"Soaps",116,275,261,286,1,11,261,213,2,15
"Soaps",117,229,217,224,1,17,217,167,2,20
"Soaps",118,162,154,181,5,18,154,138,5,23
"Soaps",119,275,261,281,1,10,261,210,1,12
"Soaps",121,275,261,305,11,21,257,229,15,32
"Soaps",122,275,261,304,8,19,261,228,9,29
"Soaps",123,275,261,287,8,14,261,213,8,21
"Soaps",124,275,260,289,6,17,260,215,8,21
"Soaps",126,275,261,308,8,19,260,228,12,30
"Soaps",128,275,261,300,7,15,261,225,7,25
"Soaps",129,275,261,312,1,17,260,233,2,25
"Soaps",130,275,261,299,11,18,261,222,13,24
"Soaps",131,275,261,301,5,19,260,226,5,30
"Soaps",132,275,261,309,4,16,261,229,5,23
"Soaps",133,269,255,286,6,19,255,219,10,29
"Soaps",134,275,261,297,0,11,261,222,0,17
"Soaps",135,45,43,188,16,30,43,169,20,38
"Soaps",136,275,261,298,1,14,261,224,1,22
"Soaps",137,275,255,294,10,20,241,216,10,28
"Soaps",139,242,228,274,3,18,228,220,3,26
"Soaps",140,33,31,147,28,42,31,137,28,42
"Soaps",141,32,30,147,30,45,30,138,33,47
"Soaps",142,33,31,146,23,31,31,137,27,33
"Soaps",143,41,39,179,25,46,39,161,32,50
"Soaps",144,41,39,162,26,44,39,148,29,48
"Soaps",146,27,25,139,12,20,25,129,13,22
"SoftDrinks",2,383,374,1062,15,76,374,858,20,98
"SoftDrinks",5,344,339,1091,24,99,339,909,35,135
"SoftDrinks",8,385,376,1220,29,88,376,985,33,122
"SoftDrinks",9,383,374,1233,14,73,374,1006,18,104
"SoftDrinks",12,385,376,1200,21,80,376,972,22,107
"SoftDrinks",14,386,377,1123,4,87,377,905,6,118
"SoftDrinks",18,382,373,1180,0,85,373,949,0,116
"SoftDrinks",21,386,377,1211,18,75,377,977,21,104
"SoftDrinks",28,385,376,1123,19,69,376,899,21,93
"SoftDrinks",32,380,371,1218,27,104,371,971,38,142
"SoftDrinks",33,386,377,1044,17,82,377,851,22,109
"SoftDrinks",40,377,368,1155,25,64,368,936,29,91
"SoftDrinks",44,382,373,1176,17,89,373,950,18,119
"SoftDrinks",45,273,267,854,19,76,267,704,21,106
"SoftDrinks",47,381,372,1175,7,61,372,946,7,88
"SoftDrinks",48,342,336,961,9,66,336,794,10,87
"SoftDrinks",49,271,265,777,7,60,265,643,8,82
"SoftDrinks",50,210,210,597,3,65,210,495,3,81
"SoftDrinks",51,375,366,1187,14,69,366,957,17,94
"SoftDrinks",52,383,374,1267,23,84,374,1028,25,121
"SoftDrinks",53,388,379,1053,18,66,379,845,19,88
"SoftDrinks",54,387,378,1191,9,73,378,964,9,102
"SoftDrinks",56,386,377,1200,19,69,377,969,20,93
"SoftDrinks",59,385,376,1247,23,81,376,1010,28,111
"SoftDrinks",62,386,377,1197,16,82,377,969,19,113
"SoftDrinks",64,259,253,841,9,59,253,694,10,81
"SoftDrinks",67,371,362,1198,19,84,362,965,26,114
"SoftDrinks",68,384,375,1068,9,65,375,867,11,82
"SoftDrinks",70,382,373,1281,24,76,373,1036,30,111
"SoftDrinks",71,385,376,1199,20,71,376,970,25,99
"SoftDrinks",72,388,379,1094,12,60,379,876,14,82
"SoftDrinks",73,388,379,1206,6,77,379,965,10,110
"SoftDrinks",74,386,377,1226,0,78,377,991,0,109
"SoftDrinks",75,384,375,1181,20,83,375,969,24,104
"SoftDrinks",76,388,379,1269,14,66,379,1042,19,87
"SoftDrinks",77,382,372,1187,0,89,372,963,0,122
"SoftDrinks",78,388,379,1202,18,82,379,966,23,116
"SoftDrinks",80,387,378,1211,20,92,378,978,28,128
"SoftDrinks",81,384,375,1206,8,84,375,970,14,122
"SoftDrinks",83,389,380,1167,20,80,380,935,28,117
"SoftDrinks",84,389,380,1190,8,73,380,960,8,106
"SoftDrinks",86,387,378,1214,7,80,378,994,9,110
"SoftDrinks",88,386,377,1116,4,69,377,890,5,95
"SoftDrinks",89,382,373,1126,8,52,373,914,9,67
"SoftDrinks",90,385,376,1151,0,52,376,936,0,67
"SoftDrinks",91,387,378,1197,2,60,378,971,3,86
"SoftDrinks",92,350,344,1123,8,56,344,932,9,81
"SoftDrinks",93,374,366,1130,23,83,366,908,28,111
"SoftDrinks",94,380,371,1088,13,81,371,874,14,109
"SoftDrinks",95,382,373,1122,2,64,373,906,3,83
"SoftDrinks",97,223,223,651,6,66,223,538,8,87
"SoftDrinks",98,383,374,1243,23,82,374,1003,27,111
"SoftDrinks",100,380,371,1241,16,72,371,999,24,98
"SoftDrinks",101,389,380,1225,25,91,380,997,31,124
"SoftDrinks",102,381,372,1243,15,88,372,998,20,122
"SoftDrinks",103,386,377,1208,25,72,377,969,32,101
"SoftDrinks",104,379,370,1184,21,77,370,956,24,109
"SoftDrinks",105,385,376,1238,7,65,376,1002,12,89
"SoftDrinks",106,381,372,1196,10,61,372,972,11,83
"SoftDrinks",107,382,373,1221,0,87,373,990,0,116
"SoftDrinks",109,384,375,1310,15,94,375,1071,21,127
"SoftDrinks",110,383,374,1208,3,68,374,982,4,96
"SoftDrinks",111,389,380,1180,13,56,380,955,16,76
"SoftDrinks",112,386,377,1307,24,95,377,1065,32,130
"SoftDrinks",113,384,375,1224,18,83,375,986,24,111
"SoftDrinks",114,385,376,1191,19,73,376,965,23,97
"SoftDrinks",115,385,376,1274,19,92,376,1026,22,124
"SoftDrinks",116,383,374,1151,16,79,374,930,19,102
"SoftDrinks",117,335,329,1052,0,71,329,871,1,99
"SoftDrinks",118,271,265,835,4,65,265,689,5,88
"SoftDrinks",119,384,376,1160,20,79,376,936,28,112
"SoftDrinks",121,386,377,1294,26,105,377,1043,34,144
"SoftDrinks",122,386,377,1325,24,101,377,1084,33,140
"SoftDrinks",123,381,372,1191,21,72,372,968,25,95
"SoftDrinks",124,376,367,1185,14,86,367,968,17,113
"SoftDrinks",126,382,373,1324,25,106,373,1072,32,145
"SoftDrinks",128,383,374,1191,21,91,374,965,24,125
"SoftDrinks",129,363,353,1296,29,110,353,1059,36,144
"SoftDrinks",130,348,340,1173,13,68,340,955,19,89
"SoftDrinks",131,381,373,1264,17,90,373,1029,22,125
"SoftDrinks",132,387,378,1324,10,96,378,1081,11,128
"SoftDrinks",133,263,254,1163,33,105,254,958,43,138
"SoftDrinks",134,324,314,1216,30,84,314,985,37,115
"SoftDrinks",135,47,44,732,144,232,44,660,146,230
"SoftDrinks",136,284,275,1190,27,103,275,980,30,136
"SoftDrinks",137,330,321,1115,33,118,321,904,38,151
"SoftDrinks",139,236,227,1124,21,123,227,931,25,153
"SoftDrinks",140,35,32,685,168,219,32,622,166,220
"SoftDrinks",141,34,31,697,165,224,31,631,161,225
"SoftDrinks",142,35,32,696,129,171,32,630,129,174
"SoftDrinks",143,43,40,726,192,293,40,655,193,296
"SoftDrinks",144,43,40,718,152,238,40,654,155,240
"SoftDrinks",146,28,25,668,129,174,25,608,129,173
"Toothbrushes",2,381,371,273,0,0,371,202,0,0
"Toothbrushes",5,346,336,291,0,0,336,224,0,0
"Toothbrushes",8,383,373,337,0,0,373,224,0,0
"Toothbrushes",9,381,371,297,0,0,371,212,0,0
"Toothbrushes",12,383,373,331,0,0,373,233,0,0
"Toothbrushes",14,383,373,299,0,0,373,214,0,0
"Toothbrushes",18,379,369,298,0,0,369,213,0,0
"Toothbrushes",21,384,374,302,0,0,374,208,0,0
"Toothbrushes",28,383,373,282,0,0,373,204,0,0
"Toothbrushes",32,378,368,292,0,0,368,212,0,0
"Toothbrushes",33,384,374,272,0,1,374,194,0,1
"Toothbrushes",40,375,365,281,0,0,365,202,0,0
"Toothbrushes",44,380,370,301,0,0,370,216,0,0
"Toothbrushes",45,279,273,239,0,0,273,191,0,0
"Toothbrushes",47,379,369,283,0,0,369,206,0,0
"Toothbrushes",48,344,334,285,0,0,334,213,0,0
"Toothbrushes",49,277,271,247,0,0,271,200,0,0
"Toothbrushes",50,209,209,182,0,0,209,156,0,0
"Toothbrushes",51,373,363,286,0,0,363,209,0,0
"Toothbrushes",52,381,371,304,0,0,371,215,0,0
"Toothbrushes",53,386,376,296,0,0,376,212,0,0
"Toothbrushes",54,385,375,291,0,0,375,210,0,0
"Toothbrushes",56,384,374,283,0,0,374,202,0,0
"Toothbrushes",59,383,373,286,0,0,373,212,0,0
"Toothbrushes",62,384,374,303,0,1,374,211,0,1
"Toothbrushes",64,265,259,244,0,0,259,195,0,0
"Toothbrushes",67,369,359,294,0,0,359,211,0,0
"Toothbrushes",68,382,370,287,0,0,370,203,0,0
"Toothbrushes",70,380,370,347,0,0,370,232,0,0
"Toothbrushes",71,383,373,392,0,0,373,264,0,0
"Toothbrushes",72,386,376,295,0,0,376,213,0,0
"Toothbrushes",73,385,375,302,0,0,375,222,0,0
"Toothbrushes",74,383,373,356,0,0,373,237,0,0
"Toothbrushes",75,382,372,316,0,0,372,225,0,0
"Toothbrushes",76,386,376,317,0,0,376,218,0,0
"Toothbrushes",77,378,368,318,0,0,368,229,0,0
"Toothbrushes",78,386,376,341,0,0,376,224,0,0
"Toothbrushes",80,385,375,351,0,0,375,238,0,0
"Toothbrushes",81,381,371,307,0,0,371,222,0,0
"Toothbrushes",83,387,377,317,0,0,377,226,0,0
"Toothbrushes",84,386,376,347,0,0,376,231,0,0
"Toothbrushes",86,384,374,335,0,0,374,223,0,0
"Toothbrushes",88,383,373,296,0,0,373,210,0,0
"Toothbrushes",89,380,370,301,0,0,370,219,0,0
"Toothbrushes",90,382,372,281,0,0,372,207,0,0
"Toothbrushes",91,384,374,277,0,0,374,201,0,0
"Toothbrushes",92,347,337,270,0,0,337,205,0,0
"Toothbrushes",93,372,362,313,0,0,362,226,0,0
"Toothbrushes",94,378,368,281,0,0,368,203,0,0
"Toothbrushes",95,380,370,322,0,0,370,231,0,0
"Toothbrushes",97,223,223,199,0,0,223,166,0,0
"Toothbrushes",98,381,371,426,0,0,371,289,0,0
"Toothbrushes",100,378,368,419,0,0,368,288,0,0
"Toothbrushes",101,387,377,422,0,0,377,291,0,0
"Toothbrushes",102,379,369,427,0,0,369,292,0,0
"Toothbrushes",103,384,374,414,0,0,374,281,0,0
"Toothbrushes",104,377,367,305,0,0,367,219,0,0
"Toothbrushes",105,383,373,404,0,0,373,283,0,0
"Toothbrushes",106,379,369,312,0,0,369,229,0,0
"Toothbrushes",107,379,369,337,0,0,369,225,0,0
"Toothbrushes",109,382,372,345,0,0,372,236,0,0
"Toothbrushes",110,380,370,333,0,0,370,235,0,0
"Toothbrushes",111,387,377,263,0,0,377,197,0,0
"Toothbrushes",112,384,374,430,0,0,374,294,0,0
"Toothbrushes",113,382,372,317,0,0,372,215,0,0
"Toothbrushes",114,383,373,418,0,0,373,293,0,0
"Toothbrushes",115,383,373,417,0,1,373,290,0,1
"Toothbrushes",116,381,371,333,0,0,371,237,0,0
"Toothbrushes",117,336,326,258,0,0,326,200,0,0
"Toothbrushes",118,276,270,234,0,0,270,193,0,0
"Toothbrushes",119,382,372,264,0,0,372,198,0,0
"Toothbrushes",121,384,374,415,0,3,374,292,0,3
"Toothbrushes",122,384,374,424,0,0,374,291,0,0
"Toothbrushes",123,379,369,335,0,1,369,240,0,1
"Toothbrushes",124,374,364,318,0,0,364,227,0,0
"Toothbrushes",126,380,370,430,0,1,370,298,0,1
"Toothbrushes",128,381,371,416,0,0,371,286,0,0
"Toothbrushes",129,361,350,418,0,1,350,288,0,1
"Toothbrushes",130,346,336,288,0,0,336,214,0,0
"Toothbrushes",131,379,369,421,0,0,369,293,0,0
"Toothbrushes",132,385,375,428,0,0,375,294,0,0
"Toothbrushes",133,261,251,348,0,0,251,247,0,0
"Toothbrushes",134,322,311,377,0,0,311,266,0,0
"Toothbrushes",135,43,43,163,1,3,43,106,0,2
"Toothbrushes",136,282,272,365,0,0,272,259,0,0
"Toothbrushes",137,328,318,311,0,6,318,227,0,6
"Toothbrushes",139,233,223,345,0,0,223,242,0,1
"Toothbrushes",140,33,33,160,1,2,33,106,0,2
"Toothbrushes",141,32,32,163,0,6,32,106,0,4
"Toothbrushes",142,33,33,165,0,0,33,106,0,1
"Toothbrushes",143,39,39,164,1,6,39,106,0,5
"Toothbrushes",144,39,39,163,0,1,39,106,0,0
"Toothbrushes",146,27,27,151,0,0,27,99,0,0
"Toothpastes",2,391,375,389,0,0,375,252,0,5
"Toothpastes",5,352,338,379,0,4,338,243,0,12
"Toothpastes",8,393,377,467,0,6,377,313,0,15
"Toothpastes",9,391,375,444,0,3,375,269,0,9
"Toothpastes",12,393,377,452,0,3,377,282,0,11
"Toothpastes",14,393,376,417,0,3,376,259,0,10
"Toothpastes",18,389,372,401,0,4,372,256,0,14
"Toothpastes",21,394,378,425,0,3,378,263,0,5
"Toothpastes",28,393,376,399,0,1,376,252,0,4
"Toothpastes",32,388,372,423,0,4,372,265,1,14
"Toothpastes",33,394,377,330,0,0,377,221,0,2
"Toothpastes",40,385,369,395,0,2,369,249,0,5
"Toothpastes",44,390,374,407,0,2,374,249,0,9
"Toothpastes",45,281,271,319,0,1,271,217,0,5
"Toothpastes",47,389,373,417,0,0,373,259,0,4
"Toothpastes",48,350,336,362,0,1,336,237,0,2
"Toothpastes",49,279,269,303,0,1,269,208,0,1
"Toothpastes",50,209,209,240,0,3,209,164,0,8
"Toothpastes",51,383,367,382,0,1,367,251,0,7
"Toothpastes",52,391,375,417,0,1,375,259,1,8
"Toothpastes",53,396,380,402,0,0,380,251,0,4
"Toothpastes",54,395,379,396,0,0,379,253,0,6
"Toothpastes",56,394,377,412,0,0,377,254,0,5
"Toothpastes",59,393,376,398,0,3,376,258,0,8
"Toothpastes",62,394,378,419,0,2,378,266,1,9
"Toothpastes",64,267,257,304,0,0,257,205,0,0
"Toothpastes",67,379,363,405,0,3,363,247,0,9
"Toothpastes",68,392,376,403,0,2,376,246,0,8
"Toothpastes",70,390,374,478,0,3,374,315,0,8
"Toothpastes",71,393,377,513,0,4,377,338,0,8
"Toothpastes",72,396,379,401,0,0,379,255,0,6
"Toothpastes",73,395,379,419,0,1,379,263,0,8
"Toothpastes",74,393,376,495,0,1,376,325,0,6
"Toothpastes",75,392,375,424,0,4,375,264,0,11
"Toothpastes",76,396,380,443,0,1,380,280,1,12
"Toothpastes",77,389,373,443,0,0,373,279,0,5
"Toothpastes",78,396,379,452,0,1,379,298,0,6
"Toothpastes",80,395,379,476,0,8,379,303,0,18
"Toothpastes",81,391,375,442,0,6,375,273,1,13
"Toothpastes",83,397,381,434,0,2,381,274,0,11
"Toothpastes",84,396,381,464,0,5,381,310,0,11
"Toothpastes",86,394,378,476,0,5,378,308,1,16
"Toothpastes",88,393,377,404,0,0,377,254,0,6
"Toothpastes",89,390,374,402,0,1,374,263,0,5
"Toothpastes",90,392,376,399,0,0,376,258,0,5
"Toothpastes",91,394,378,407,0,0,378,261,0,1
"Toothpastes",92,356,342,366,0,0,342,245,0,4
"Toothpastes",93,382,365,414,0,3,365,259,0,12
"Toothpastes",94,388,371,401,0,1,371,253,0,4
"Toothpastes",95,390,374,410,0,0,374,254,0,7
"Toothpastes",97,223,223,262,0,3,223,184,0,4
"Toothpastes",98,391,376,542,0,7,376,350,1,14
"Toothpastes",100,388,373,549,0,8,373,349,2,15
"Toothpastes",101,397,381,539,0,7,381,351,0,12
"Toothpastes",102,389,373,554,0,6,373,354,0,17
"Toothpastes",103,394,378,523,0,1,378,347,0,2
"Toothpastes",104,387,371,432,0,3,371,269,0,8
"Toothpastes",105,393,378,514,0,2,378,339,0,5
"Toothpastes",106,389,373,418,0,0,373,269,0,2
"Toothpastes",107,389,373,485,0,5,373,316,0,15
"Toothpastes",109,392,375,485,0,3,375,321,1,12
"Toothpastes",110,390,375,438,0,2,375,287,0,6
"Toothpastes",111,397,381,381,0,0,381,244,0,5
"Toothpastes",112,394,378,539,0,8,378,355,2,16
"Toothpastes",113,392,375,439,0,1,375,281,1,8
"Toothpastes",114,393,378,537,0,3,378,349,1,11
"Toothpastes",115,393,376,558,0,8,376,360,0,14
"Toothpastes",116,391,374,429,0,1,374,269,0,4
"Toothpastes",117,342,328,342,0,1,328,231,0,5
"Toothpastes",118,278,268,305,0,2,268,210,0,4
"Toothpastes",119,392,376,398,0,3,376,254,0,6
"Toothpastes",121,394,378,556,0,7,378,360,0,14
"Toothpastes",122,394,380,547,0,10,380,353,1,18
"Toothpastes",123,389,375,455,0,3,375,287,0,11
"Toothpastes",124,384,368,416,0,3,368,253,0,11
"Toothpastes",126,390,375,551,0,8,375,357,1,15
"Toothpastes",128,391,375,532,0,8,375,346,2,18
"Toothpastes",129,371,355,531,0,7,355,342,0,13
"Toothpastes",130,356,340,392,0,2,340,251,0,7
"Toothpastes",131,389,374,529,0,9,374,342,0,15
"Toothpastes",132,395,380,544,0,5,380,352,0,13
"Toothpastes",133,271,255,453,1,10,255,322,1,16
"Toothpastes",134,332,314,487,0,2,314,329,0,6
"Toothpastes",135,47,45,251,9,25,45,203,10,31
"Toothpastes",136,292,277,459,0,9,277,315,0,10
"Toothpastes",137,338,321,413,2,3,321,260,4,12
"Toothpastes",139,243,227,426,0,12,227,305,1,18
"Toothpastes",140,35,33,232,6,18,33,198,7,22
"Toothpastes",141,34,32,244,5,18,32,201,5,20
"Toothpastes",142,35,33,244,5,19,33,202,5,20
"Toothpastes",143,43,41,247,18,39,41,201,21,45
"Toothpastes",144,43,42,245,13,26,42,199,14,31
"Toothpastes",146,28,27,221,7,14,27,196,8,15
