choice_set,item,n_choices,n_chosen,cp,n_weeks_offered
"[0,1,2,3,4,5,6,7,8,12,13,16,17,18,20,21,22,23,25,26,28,30,32,33,34,37,38,40,42,43,45,46,47,48,49,52,55,71,75,85]",0,444,288,0.648648648648649,2
"[0,1,2,3,4,5,6,7,8,12,13,16,17,18,20,21,22,23,25,26,28,30,32,33,34,37,38,40,42,43,45,46,47,48,49,52,55,71,75,85]",1,444,2,0.0045045045045045,2
"[0,1,2,3,4,5,6,7,8,12,13,16,17,18,20,21,22,23,25,26,28,30,32,33,34,37,38,40,42,43,45,46,47,48,49,52,55,71,75,85]",2,444,0,0,2
"[0,1,2,3,4,5,6,7,8,12,13,16,17,18,20,21,22,23,25,26,28,30,32,33,34,37,38,40,42,43,45,46,47,48,49,52,55,71,75,85]",3,444,15,0.0337837837837838,2
"[0,1,2,3,4,5,6,7,8,12,13,16,17,18,20,21,22,23,25,26,28,30,32,33,34,37,38,40,42,43,45,46,47,48,49,52,55,71,75,85]",4,444,47,0.105855855855856,2
"[0,1,2,3,4,5,6,7,8,12,13,16,17,18,20,21,22,23,25,26,28,30,32,33,34,37,38,40,42,43,45,46,47,48,49,52,55,71,75,85]",5,444,10,0.0225225225225225,2
"[0,1,2,3,4,5,6,7,8,12,13,16,17,18,20,21,22,23,25,26,28,30,32,33,34,37,38,40,42,43,45,46,47,48,49,52,55,71,75,85]",6,444,3,0.00675675675675676,2
"[0,1,2,3,4,5,6,7,8,12,13,16,17,18,20,21,22,23,25,26,28,30,32,33,34,37,38,40,42,43,45,46,47,48,49,52,55,71,75,85]",7,444,40,0.0900900900900901,2
"[0,1,2,3,4,5,6,7,8,12,13,16,17,18,20,21,22,23,25,26,28,30,32,33,34,37,38,40,42,43,45,46,47,48,49,52,55,71,75,85]",8,444,1,0.00225225225225225,2
"[0,1,2,3,4,5,6,7,8,12,13,16,17,18,20,21,22,23,25,26,28,30,32,33,34,37,38,40,42,43,45,46,47,48,49,52,55,71,75,85]",12,444,11,0.0247747747747748,2
"[0,1,2,3,4,5,6,7,8,12,13,16,17,18,20,21,22,23,25,26,28,30,32,33,34,37,38,40,42,43,45,46,47,48,49,52,55,71,75,85]",13,444,0,0,2
"[0,1,2,3,4,5,6,7,8,12,13,16,17,18,20,21,22,23,25,26,28,30,32,33,34,37,38,40,42,43,45,46,47,48,49,52,55,71,75,85]",16,444,1,0.00225225225225225,2
"[0,1,2,3,4,5,6,7,8,12,13,16,17,18,20,21,22,23,25,26,28,30,32,33,34,37,38,40,42,43,45,46,47,48,49,52,55,71,75,85]",17,444,6,0.0135135135135135,2
"[0,1,2,3,4,5,6,7,8,12,13,16,17,18,20,21,22,23,25,26,28,30,32,33,34,37,38,40,42,43,45,46,47,48,49,52,55,71,75,85]",18,444,1,0.00225225225225225,2
"[0,1,2,3,4,5,6,7,8,12,13,16,17,18,20,21,22,23,25,26,28,30,32,33,34,37,38,40,42,43,45,46,47,48,49,52,55,71,75,85]",20,444,2,0.0045045045045045,2
"[0,1,2,3,4,5,6,7,8,12,13,16,17,18,20,21,22,23,25,26,28,30,32,33,34,37,38,40,42,43,45,46,47,48,49,52,55,71,75,85]",21,444,0,0,2
"[0,1,2,3,4,5,6,7,8,12,13,16,17,18,20,21,22,23,25,26,28,30,32,33,34,37,38,40,42,43,45,46,47,48,49,52,55,71,75,85]",22,444,0,0,2
"[0,1,2,3,4,5,6,7,8,12,13,16,17,18,20,21,22,23,25,26,28,30,32,33,34,37,38,40,42,43,45,46,47,48,49,52,55,71,75,85]",23,444,2,0.0045045045045045,2
"[0,1,2,3,4,5,6,7,8,12,13,16,17,18,20,21,22,23,25,26,28,30,32,33,34,37,38,40,42,43,45,46,47,48,49,52,55,71,75,85]",25,444,0,0,2
"[0,1,2,3,4,5,6,7,8,12,13,16,17,18,20,21,22,23,25,26,28,30,32,33,34,37,38,40,42,43,45,46,47,48,49,52,55,71,75,85]",26,444,0,0,2
"[0,1,2,3,4,5,6,7,8,12,13,16,17,18,20,21,22,23,25,26,28,30,32,33,34,37,38,40,42,43,45,46,47,48,49,52,55,71,75,85]",28,444,0,0,2
"[0,1,2,3,4,5,6,7,8,12,13,16,17,18,20,21,22,23,25,26,28,30,32,33,34,37,38,40,42,43,45,46,47,48,49,52,55,71,75,85]",30,444,0,0,2
"[0,1,2,3,4,5,6,7,8,12,13,16,17,18,20,21,22,23,25,26,28,30,32,33,34,37,38,40,42,43,45,46,47,48,49,52,55,71,75,85]",32,444,0,0,2
"[0,1,2,3,4,5,6,7,8,12,13,16,17,18,20,21,22,23,25,26,28,30,32,33,34,37,38,40,42,43,45,46,47,48,49,52,55,71,75,85]",33,444,0,0,2
"[0,1,2,3,4,5,6,7,8,12,13,16,17,18,20,21,22,23,25,26,28,30,32,33,34,37,38,40,42,43,45,46,47,48,49,52,55,71,75,85]",34,444,1,0.00225225225225225,2
"[0,1,2,3,4,5,6,7,8,12,13,16,17,18,20,21,22,23,25,26,28,30,32,33,34,37,38,40,42,43,45,46,47,48,49,52,55,71,75,85]",37,444,2,0.0045045045045045,2
"[0,1,2,3,4,5,6,7,8,12,13,16,17,18,20,21,22,23,25,26,28,30,32,33,34,37,38,40,42,43,45,46,47,48,49,52,55,71,75,85]",38,444,7,0.0157657657657658,2
"[0,1,2,3,4,5,6,7,8,12,13,16,17,18,20,21,22,23,25,26,28,30,32,33,34,37,38,40,42,43,45,46,47,48,49,52,55,71,75,85]",40,444,0,0,2
"[0,1,2,3,4,5,6,7,8,12,13,16,17,18,20,21,22,23,25,26,28,30,32,33,34,37,38,40,42,43,45,46,47,48,49,52,55,71,75,85]",42,444,0,0,2
"[0,1,2,3,4,5,6,7,8,12,13,16,17,18,20,21,22,23,25,26,28,30,32,33,34,37,38,40,42,43,45,46,47,48,49,52,55,71,75,85]",43,444,1,0.00225225225225225,2
"[0,1,2,3,4,5,6,7,8,12,13,16,17,18,20,21,22,23,25,26,28,30,32,33,34,37,38,40,42,43,45,46,47,48,49,52,55,71,75,85]",45,444,0,0,2
"[0,1,2,3,4,5,6,7,8,12,13,16,17,18,20,21,22,23,25,26,28,30,32,33,34,37,38,40,42,43,45,46,47,48,49,52,55,71,75,85]",46,444,0,0,2
"[0,1,2,3,4,5,6,7,8,12,13,16,17,18,20,21,22,23,25,26,28,30,32,33,34,37,38,40,42,43,45,46,47,48,49,52,55,71,75,85]",47,444,0,0,2
"[0,1,2,3,4,5,6,7,8,12,13,16,17,18,20,21,22,23,25,26,28,30,32,33,34,37,38,40,42,43,45,46,47,48,49,52,55,71,75,85]",48,444,1,0.00225225225225225,2
"[0,1,2,3,4,5,6,7,8,12,13,16,17,18,20,21,22,23,25,26,28,30,32,33,34,37,38,40,42,43,45,46,47,48,49,52,55,71,75,85]",49,444,0,0,2
"[0,1,2,3,4,5,6,7,8,12,13,16,17,18,20,21,22,23,25,26,28,30,32,33,34,37,38,40,42,43,45,46,47,48,49,52,55,71,75,85]",52,444,0,0,2
"[0,1,2,3,4,5,6,7,8,12,13,16,17,18,20,21,22,23,25,26,28,30,32,33,34,37,38,40,42,43,45,46,47,48,49,52,55,71,75,85]",55,444,3,0.00675675675675676,2
"[0,1,2,3,4,5,6,7,8,12,13,16,17,18,20,21,22,23,25,26,28,30,32,33,34,37,38,40,42,43,45,46,47,48,49,52,55,71,75,85]",71,444,0,0,2
"[0,1,2,3,4,5,6,7,8,12,13,16,17,18,20,21,22,23,25,26,28,30,32,33,34,37,38,40,42,43,45,46,47,48,49,52,55,71,75,85]",75,444,0,0,2
"[0,1,2,3,4,5,6,7,8,12,13,16,17,18,20,21,22,23,25,26,28,30,32,33,34,37,38,40,42,43,45,46,47,48,49,52,55,71,75,85]",85,444,0,0,2
"[0,1,2,3,4,5,6,7,8,12,13,16,17,18,20,21,22,25,26,28,30,32,33,34,37,38,40,42,43,45,46,47,48,49,52,71,75,85]",0,725,453,0.624827586206897,4
"[0,1,2,3,4,5,6,7,8,12,13,16,17,18,20,21,22,25,26,28,30,32,33,34,37,38,40,42,43,45,46,47,48,49,52,71,75,85]",1,725,3,0.00413793103448276,4
"[0,1,2,3,4,5,6,7,8,12,13,16,17,18,20,21,22,25,26,28,30,32,33,34,37,38,40,42,43,45,46,47,48,49,52,71,75,85]",2,725,2,0.00275862068965517,4
"[0,1,2,3,4,5,6,7,8,12,13,16,17,18,20,21,22,25,26,28,30,32,33,34,37,38,40,42,43,45,46,47,48,49,52,71,75,85]",3,725,34,0.0468965517241379,4
"[0,1,2,3,4,5,6,7,8,12,13,16,17,18,20,21,22,25,26,28,30,32,33,34,37,38,40,42,43,45,46,47,48,49,52,71,75,85]",4,725,73,0.100689655172414,4
"[0,1,2,3,4,5,6,7,8,12,13,16,17,18,20,21,22,25,26,28,30,32,33,34,37,38,40,42,43,45,46,47,48,49,52,71,75,85]",5,725,23,0.0317241379310345,4
"[0,1,2,3,4,5,6,7,8,12,13,16,17,18,20,21,22,25,26,28,30,32,33,34,37,38,40,42,43,45,46,47,48,49,52,71,75,85]",6,725,5,0.00689655172413793,4
"[0,1,2,3,4,5,6,7,8,12,13,16,17,18,20,21,22,25,26,28,30,32,33,34,37,38,40,42,43,45,46,47,48,49,52,71,75,85]",7,725,62,0.0855172413793103,4
"[0,1,2,3,4,5,6,7,8,12,13,16,17,18,20,21,22,25,26,28,30,32,33,34,37,38,40,42,43,45,46,47,48,49,52,71,75,85]",8,725,3,0.00413793103448276,4
"[0,1,2,3,4,5,6,7,8,12,13,16,17,18,20,21,22,25,26,28,30,32,33,34,37,38,40,42,43,45,46,47,48,49,52,71,75,85]",12,725,14,0.0193103448275862,4
"[0,1,2,3,4,5,6,7,8,12,13,16,17,18,20,21,22,25,26,28,30,32,33,34,37,38,40,42,43,45,46,47,48,49,52,71,75,85]",13,725,3,0.00413793103448276,4
"[0,1,2,3,4,5,6,7,8,12,13,16,17,18,20,21,22,25,26,28,30,32,33,34,37,38,40,42,43,45,46,47,48,49,52,71,75,85]",16,725,1,0.00137931034482759,4
"[0,1,2,3,4,5,6,7,8,12,13,16,17,18,20,21,22,25,26,28,30,32,33,34,37,38,40,42,43,45,46,47,48,49,52,71,75,85]",17,725,19,0.0262068965517241,4
"[0,1,2,3,4,5,6,7,8,12,13,16,17,18,20,21,22,25,26,28,30,32,33,34,37,38,40,42,43,45,46,47,48,49,52,71,75,85]",18,725,2,0.00275862068965517,4
"[0,1,2,3,4,5,6,7,8,12,13,16,17,18,20,21,22,25,26,28,30,32,33,34,37,38,40,42,43,45,46,47,48,49,52,71,75,85]",20,725,0,0,4
"[0,1,2,3,4,5,6,7,8,12,13,16,17,18,20,21,22,25,26,28,30,32,33,34,37,38,40,42,43,45,46,47,48,49,52,71,75,85]",21,725,4,0.00551724137931034,4
"[0,1,2,3,4,5,6,7,8,12,13,16,17,18,20,21,22,25,26,28,30,32,33,34,37,38,40,42,43,45,46,47,48,49,52,71,75,85]",22,725,0,0,4
"[0,1,2,3,4,5,6,7,8,12,13,16,17,18,20,21,22,25,26,28,30,32,33,34,37,38,40,42,43,45,46,47,48,49,52,71,75,85]",25,725,0,0,4
"[0,1,2,3,4,5,6,7,8,12,13,16,17,18,20,21,22,25,26,28,30,32,33,34,37,38,40,42,43,45,46,47,48,49,52,71,75,85]",26,725,0,0,4
"[0,1,2,3,4,5,6,7,8,12,13,16,17,18,20,21,22,25,26,28,30,32,33,34,37,38,40,42,43,45,46,47,48,49,52,71,75,85]",28,725,0,0,4
"[0,1,2,3,4,5,6,7,8,12,13,16,17,18,20,21,22,25,26,28,30,32,33,34,37,38,40,42,43,45,46,47,48,49,52,71,75,85]",30,725,1,0.00137931034482759,4
"[0,1,2,3,4,5,6,7,8,12,13,16,17,18,20,21,22,25,26,28,30,32,33,34,37,38,40,42,43,45,46,47,48,49,52,71,75,85]",32,725,0,0,4
"[0,1,2,3,4,5,6,7,8,12,13,16,17,18,20,21,22,25,26,28,30,32,33,34,37,38,40,42,43,45,46,47,48,49,52,71,75,85]",33,725,0,0,4
"[0,1,2,3,4,5,6,7,8,12,13,16,17,18,20,21,22,25,26,28,30,32,33,34,37,38,40,42,43,45,46,47,48,49,52,71,75,85]",34,725,3,0.00413793103448276,4
"[0,1,2,3,4,5,6,7,8,12,13,16,17,18,20,21,22,25,26,28,30,32,33,34,37,38,40,42,43,45,46,47,48,49,52,71,75,85]",37,725,3,0.00413793103448276,4
"[0,1,2,3,4,5,6,7,8,12,13,16,17,18,20,21,22,25,26,28,30,32,33,34,37,38,40,42,43,45,46,47,48,49,52,71,75,85]",38,725,8,0.0110344827586207,4
"[0,1,2,3,4,5,6,7,8,12,13,16,17,18,20,21,22,25,26,28,30,32,33,34,37,38,40,42,43,45,46,47,48,49,52,71,75,85]",40,725,2,0.00275862068965517,4
"[0,1,2,3,4,5,6,7,8,12,13,16,17,18,20,21,22,25,26,28,30,32,33,34,37,38,40,42,43,45,46,47,48,49,52,71,75,85]",42,725,1,0.00137931034482759,4
"[0,1,2,3,4,5,6,7,8,12,13,16,17,18,20,21,22,25,26,28,30,32,33,34,37,38,40,42,43,45,46,47,48,49,52,71,75,85]",43,725,1,0.00137931034482759,4
"[0,1,2,3,4,5,6,7,8,12,13,16,17,18,20,21,22,25,26,28,30,32,33,34,37,38,40,42,43,45,46,47,48,49,52,71,75,85]",45,725,0,0,4
"[0,1,2,3,4,5,6,7,8,12,13,16,17,18,20,21,22,25,26,28,30,32,33,34,37,38,40,42,43,45,46,47,48,49,52,71,75,85]",46,725,0,0,4
"[0,1,2,3,4,5,6,7,8,12,13,16,17,18,20,21,22,25,26,28,30,32,33,34,37,38,40,42,43,45,46,47,48,49,52,71,75,85]",47,725,0,0,4
"[0,1,2,3,4,5,6,7,8,12,13,16,17,18,20,21,22,25,26,28,30,32,33,34,37,38,40,42,43,45,46,47,48,49,52,71,75,85]",48,725,2,0.00275862068965517,4
"[0,1,2,3,4,5,6,7,8,12,13,16,17,18,20,21,22,25,26,28,30,32,33,34,37,38,40,42,43,45,46,47,48,49,52,71,75,85]",49,725,2,0.00275862068965517,4
"[0,1,2,3,4,5,6,7,8,12,13,16,17,18,20,21,22,25,26,28,30,32,33,34,37,38,40,42,43,45,46,47,48,49,52,71,75,85]",52,725,1,0.00137931034482759,4
"[0,1,2,3,4,5,6,7,8,12,13,16,17,18,20,21,22,25,26,28,30,32,33,34,37,38,40,42,43,45,46,47,48,49,52,71,75,85]",71,725,0,0,4
"[0,1,2,3,4,5,6,7,8,12,13,16,17,18,20,21,22,25,26,28,30,32,33,34,37,38,40,42,43,45,46,47,48,49,52,71,75,85]",75,725,0,0,4
"[0,1,2,3,4,5,6,7,8,12,13,16,17,18,20,21,22,25,26,28,30,32,33,34,37,38,40,42,43,45,46,47,48,49,52,71,75,85]",85,725,0,0,4
"[0,1,2,3,4,5,6,7,8,12,13,16,17,18,20,22,25,26,28,30,32,33,34,37,38,40,42,45,46,47,48,49,59,71,75,85]",0,355,215,0.605633802816901,2
"[0,1,2,3,4,5,6,7,8,12,13,16,17,18,20,22,25,26,28,30,32,33,34,37,38,40,42,45,46,47,48,49,59,71,75,85]",1,355,1,0.0028169014084507,2
"[0,1,2,3,4,5,6,7,8,12,13,16,17,18,20,22,25,26,28,30,32,33,34,37,38,40,42,45,46,47,48,49,59,71,75,85]",2,355,0,0,2
"[0,1,2,3,4,5,6,7,8,12,13,16,17,18,20,22,25,26,28,30,32,33,34,37,38,40,42,45,46,47,48,49,59,71,75,85]",3,355,12,0.0338028169014084,2
"[0,1,2,3,4,5,6,7,8,12,13,16,17,18,20,22,25,26,28,30,32,33,34,37,38,40,42,45,46,47,48,49,59,71,75,85]",4,355,40,0.112676056338028,2
"[0,1,2,3,4,5,6,7,8,12,13,16,17,18,20,22,25,26,28,30,32,33,34,37,38,40,42,45,46,47,48,49,59,71,75,85]",5,355,11,0.0309859154929577,2
"[0,1,2,3,4,5,6,7,8,12,13,16,17,18,20,22,25,26,28,30,32,33,34,37,38,40,42,45,46,47,48,49,59,71,75,85]",6,355,5,0.0140845070422535,2
"[0,1,2,3,4,5,6,7,8,12,13,16,17,18,20,22,25,26,28,30,32,33,34,37,38,40,42,45,46,47,48,49,59,71,75,85]",7,355,36,0.101408450704225,2
"[0,1,2,3,4,5,6,7,8,12,13,16,17,18,20,22,25,26,28,30,32,33,34,37,38,40,42,45,46,47,48,49,59,71,75,85]",8,355,0,0,2
"[0,1,2,3,4,5,6,7,8,12,13,16,17,18,20,22,25,26,28,30,32,33,34,37,38,40,42,45,46,47,48,49,59,71,75,85]",12,355,12,0.0338028169014084,2
"[0,1,2,3,4,5,6,7,8,12,13,16,17,18,20,22,25,26,28,30,32,33,34,37,38,40,42,45,46,47,48,49,59,71,75,85]",13,355,3,0.00845070422535211,2
"[0,1,2,3,4,5,6,7,8,12,13,16,17,18,20,22,25,26,28,30,32,33,34,37,38,40,42,45,46,47,48,49,59,71,75,85]",16,355,0,0,2
"[0,1,2,3,4,5,6,7,8,12,13,16,17,18,20,22,25,26,28,30,32,33,34,37,38,40,42,45,46,47,48,49,59,71,75,85]",17,355,5,0.0140845070422535,2
"[0,1,2,3,4,5,6,7,8,12,13,16,17,18,20,22,25,26,28,30,32,33,34,37,38,40,42,45,46,47,48,49,59,71,75,85]",18,355,2,0.00563380281690141,2
"[0,1,2,3,4,5,6,7,8,12,13,16,17,18,20,22,25,26,28,30,32,33,34,37,38,40,42,45,46,47,48,49,59,71,75,85]",20,355,1,0.0028169014084507,2
"[0,1,2,3,4,5,6,7,8,12,13,16,17,18,20,22,25,26,28,30,32,33,34,37,38,40,42,45,46,47,48,49,59,71,75,85]",22,355,0,0,2
"[0,1,2,3,4,5,6,7,8,12,13,16,17,18,20,22,25,26,28,30,32,33,34,37,38,40,42,45,46,47,48,49,59,71,75,85]",25,355,0,0,2
"[0,1,2,3,4,5,6,7,8,12,13,16,17,18,20,22,25,26,28,30,32,33,34,37,38,40,42,45,46,47,48,49,59,71,75,85]",26,355,0,0,2
"[0,1,2,3,4,5,6,7,8,12,13,16,17,18,20,22,25,26,28,30,32,33,34,37,38,40,42,45,46,47,48,49,59,71,75,85]",28,355,1,0.0028169014084507,2
"[0,1,2,3,4,5,6,7,8,12,13,16,17,18,20,22,25,26,28,30,32,33,34,37,38,40,42,45,46,47,48,49,59,71,75,85]",30,355,2,0.00563380281690141,2
"[0,1,2,3,4,5,6,7,8,12,13,16,17,18,20,22,25,26,28,30,32,33,34,37,38,40,42,45,46,47,48,49,59,71,75,85]",32,355,0,0,2
"[0,1,2,3,4,5,6,7,8,12,13,16,17,18,20,22,25,26,28,30,32,33,34,37,38,40,42,45,46,47,48,49,59,71,75,85]",33,355,0,0,2
"[0,1,2,3,4,5,6,7,8,12,13,16,17,18,20,22,25,26,28,30,32,33,34,37,38,40,42,45,46,47,48,49,59,71,75,85]",34,355,0,0,2
"[0,1,2,3,4,5,6,7,8,12,13,16,17,18,20,22,25,26,28,30,32,33,34,37,38,40,42,45,46,47,48,49,59,71,75,85]",37,355,1,0.0028169014084507,2
"[0,1,2,3,4,5,6,7,8,12,13,16,17,18,20,22,25,26,28,30,32,33,34,37,38,40,42,45,46,47,48,49,59,71,75,85]",38,355,3,0.00845070422535211,2
"[0,1,2,3,4,5,6,7,8,12,13,16,17,18,20,22,25,26,28,30,32,33,34,37,38,40,42,45,46,47,48,49,59,71,75,85]",40,355,0,0,2
"[0,1,2,3,4,5,6,7,8,12,13,16,17,18,20,22,25,26,28,30,32,33,34,37,38,40,42,45,46,47,48,49,59,71,75,85]",42,355,2,0.00563380281690141,2
"[0,1,2,3,4,5,6,7,8,12,13,16,17,18,20,22,25,26,28,30,32,33,34,37,38,40,42,45,46,47,48,49,59,71,75,85]",45,355,0,0,2
"[0,1,2,3,4,5,6,7,8,12,13,16,17,18,20,22,25,26,28,30,32,33,34,37,38,40,42,45,46,47,48,49,59,71,75,85]",46,355,0,0,2
"[0,1,2,3,4,5,6,7,8,12,13,16,17,18,20,22,25,26,28,30,32,33,34,37,38,40,42,45,46,47,48,49,59,71,75,85]",47,355,0,0,2
"[0,1,2,3,4,5,6,7,8,12,13,16,17,18,20,22,25,26,28,30,32,33,34,37,38,40,42,45,46,47,48,49,59,71,75,85]",48,355,0,0,2
"[0,1,2,3,4,5,6,7,8,12,13,16,17,18,20,22,25,26,28,30,32,33,34,37,38,40,42,45,46,47,48,49,59,71,75,85]",49,355,3,0.00845070422535211,2
"[0,1,2,3,4,5,6,7,8,12,13,16,17,18,20,22,25,26,28,30,32,33,34,37,38,40,42,45,46,47,48,49,59,71,75,85]",59,355,0,0,2
"[0,1,2,3,4,5,6,7,8,12,13,16,17,18,20,22,25,26,28,30,32,33,34,37,38,40,42,45,46,47,48,49,59,71,75,85]",71,355,0,0,2
"[0,1,2,3,4,5,6,7,8,12,13,16,17,18,20,22,25,26,28,30,32,33,34,37,38,40,42,45,46,47,48,49,59,71,75,85]",75,355,0,0,2
"[0,1,2,3,4,5,6,7,8,12,13,16,17,18,20,22,25,26,28,30,32,33,34,37,38,40,42,45,46,47,48,49,59,71,75,85]",85,355,0,0,2
"[0,1,2,3,4,5,6,7,8,9,10,11,12,13,14,15,16,17,18,19,20,21,22,23,24,25,26,27,28,29,30,31,32,33,34,35,36,37,38,39,40,41,42,43,44,45,46,47,48,49,51,52,53,55,56,57,58,60,61,64,65,67,68,70,71,72,73,75,76,77,78,80,81,83,84,85]",0,1692,982,0.580378250591017,8
"[0,1,2,3,4,5,6,7,8,9,10,11,12,13,14,15,16,17,18,19,20,21,22,23,24,25,26,27,28,29,30,31,32,33,34,35,36,37,38,39,40,41,42,43,44,45,46,47,48,49,51,52,53,55,56,57,58,60,61,64,65,67,68,70,71,72,73,75,76,77,78,80,81,83,84,85]",1,1692,2,0.00118203309692671,8
"[0,1,2,3,4,5,6,7,8,9,10,11,12,13,14,15,16,17,18,19,20,21,22,23,24,25,26,27,28,29,30,31,32,33,34,35,36,37,38,39,40,41,42,43,44,45,46,47,48,49,51,52,53,55,56,57,58,60,61,64,65,67,68,70,71,72,73,75,76,77,78,80,81,83,84,85]",2,1692,2,0.00118203309692671,8
"[0,1,2,3,4,5,6,7,8,9,10,11,12,13,14,15,16,17,18,19,20,21,22,23,24,25,26,27,28,29,30,31,32,33,34,35,36,37,38,39,40,41,42,43,44,45,46,47,48,49,51,52,53,55,56,57,58,60,61,64,65,67,68,70,71,72,73,75,76,77,78,80,81,83,84,85]",3,1692,126,0.074468085106383,8
"[0,1,2,3,4,5,6,7,8,9,10,11,12,13,14,15,16,17,18,19,20,21,22,23,24,25,26,27,28,29,30,31,32,33,34,35,36,37,38,39,40,41,42,43,44,45,46,47,48,49,51,52,53,55,56,57,58,60,61,64,65,67,68,70,71,72,73,75,76,77,78,80,81,83,84,85]",4,1692,178,0.105200945626478,8
"[0,1,2,3,4,5,6,7,8,9,10,11,12,13,14,15,16,17,18,19,20,21,22,23,24,25,26,27,28,29,30,31,32,33,34,35,36,37,38,39,40,41,42,43,44,45,46,47,48,49,51,52,53,55,56,57,58,60,61,64,65,67,68,70,71,72,73,75,76,77,78,80,81,83,84,85]",5,1692,88,0.0520094562647754,8
"[0,1,2,3,4,5,6,7,8,9,10,11,12,13,14,15,16,17,18,19,20,21,22,23,24,25,26,27,28,29,30,31,32,33,34,35,36,37,38,39,40,41,42,43,44,45,46,47,48,49,51,52,53,55,56,57,58,60,61,64,65,67,68,70,71,72,73,75,76,77,78,80,81,83,84,85]",6,1692,2,0.00118203309692671,8
"[0,1,2,3,4,5,6,7,8,9,10,11,12,13,14,15,16,17,18,19,20,21,22,23,24,25,26,27,28,29,30,31,32,33,34,35,36,37,38,39,40,41,42,43,44,45,46,47,48,49,51,52,53,55,56,57,58,60,61,64,65,67,68,70,71,72,73,75,76,77,78,80,81,83,84,85]",7,1692,0,0,8
"[0,1,2,3,4,5,6,7,8,9,10,11,12,13,14,15,16,17,18,19,20,21,22,23,24,25,26,27,28,29,30,31,32,33,34,35,36,37,38,39,40,41,42,43,44,45,46,47,48,49,51,52,53,55,56,57,58,60,61,64,65,67,68,70,71,72,73,75,76,77,78,80,81,83,84,85]",8,1692,4,0.00236406619385343,8
"[0,1,2,3,4,5,6,7,8,9,10,11,12,13,14,15,16,17,18,19,20,21,22,23,24,25,26,27,28,29,30,31,32,33,34,35,36,37,38,39,40,41,42,43,44,45,46,47,48,49,51,52,53,55,56,57,58,60,61,64,65,67,68,70,71,72,73,75,76,77,78,80,81,83,84,85]",9,1692,0,0,8
"[0,1,2,3,4,5,6,7,8,9,10,11,12,13,14,15,16,17,18,19,20,21,22,23,24,25,26,27,28,29,30,31,32,33,34,35,36,37,38,39,40,41,42,43,44,45,46,47,48,49,51,52,53,55,56,57,58,60,61,64,65,67,68,70,71,72,73,75,76,77,78,80,81,83,84,85]",10,1692,2,0.00118203309692671,8
"[0,1,2,3,4,5,6,7,8,9,10,11,12,13,14,15,16,17,18,19,20,21,22,23,24,25,26,27,28,29,30,31,32,33,34,35,36,37,38,39,40,41,42,43,44,45,46,47,48,49,51,52,53,55,56,57,58,60,61,64,65,67,68,70,71,72,73,75,76,77,78,80,81,83,84,85]",11,1692,0,0,8
"[0,1,2,3,4,5,6,7,8,9,10,11,12,13,14,15,16,17,18,19,20,21,22,23,24,25,26,27,28,29,30,31,32,33,34,35,36,37,38,39,40,41,42,43,44,45,46,47,48,49,51,52,53,55,56,57,58,60,61,64,65,67,68,70,71,72,73,75,76,77,78,80,81,83,84,85]",12,1692,46,0.0271867612293144,8
"[0,1,2,3,4,5,6,7,8,9,10,11,12,13,14,15,16,17,18,19,20,21,22,23,24,25,26,27,28,29,30,31,32,33,34,35,36,37,38,39,40,41,42,43,44,45,46,47,48,49,51,52,53,55,56,57,58,60,61,64,65,67,68,70,71,72,73,75,76,77,78,80,81,83,84,85]",13,1692,0,0,8
"[0,1,2,3,4,5,6,7,8,9,10,11,12,13,14,15,16,17,18,19,20,21,22,23,24,25,26,27,28,29,30,31,32,33,34,35,36,37,38,39,40,41,42,43,44,45,46,47,48,49,51,52,53,55,56,57,58,60,61,64,65,67,68,70,71,72,73,75,76,77,78,80,81,83,84,85]",14,1692,0,0,8
"[0,1,2,3,4,5,6,7,8,9,10,11,12,13,14,15,16,17,18,19,20,21,22,23,24,25,26,27,28,29,30,31,32,33,34,35,36,37,38,39,40,41,42,43,44,45,46,47,48,49,51,52,53,55,56,57,58,60,61,64,65,67,68,70,71,72,73,75,76,77,78,80,81,83,84,85]",15,1692,0,0,8
"[0,1,2,3,4,5,6,7,8,9,10,11,12,13,14,15,16,17,18,19,20,21,22,23,24,25,26,27,28,29,30,31,32,33,34,35,36,37,38,39,40,41,42,43,44,45,46,47,48,49,51,52,53,55,56,57,58,60,61,64,65,67,68,70,71,72,73,75,76,77,78,80,81,83,84,85]",16,1692,0,0,8
"[0,1,2,3,4,5,6,7,8,9,10,11,12,13,14,15,16,17,18,19,20,21,22,23,24,25,26,27,28,29,30,31,32,33,34,35,36,37,38,39,40,41,42,43,44,45,46,47,48,49,51,52,53,55,56,57,58,60,61,64,65,67,68,70,71,72,73,75,76,77,78,80,81,83,84,85]",17,1692,16,0.00945626477541371,8
"[0,1,2,3,4,5,6,7,8,9,10,11,12,13,14,15,16,17,18,19,20,21,22,23,24,25,26,27,28,29,30,31,32,33,34,35,36,37,38,39,40,41,42,43,44,45,46,47,48,49,51,52,53,55,56,57,58,60,61,64,65,67,68,70,71,72,73,75,76,77,78,80,81,83,84,85]",18,1692,6,0.00354609929078014,8
"[0,1,2,3,4,5,6,7,8,9,10,11,12,13,14,15,16,17,18,19,20,21,22,23,24,25,26,27,28,29,30,31,32,33,34,35,36,37,38,39,40,41,42,43,44,45,46,47,48,49,51,52,53,55,56,57,58,60,61,64,65,67,68,70,71,72,73,75,76,77,78,80,81,83,84,85]",19,1692,0,0,8
"[0,1,2,3,4,5,6,7,8,9,10,11,12,13,14,15,16,17,18,19,20,21,22,23,24,25,26,27,28,29,30,31,32,33,34,35,36,37,38,39,40,41,42,43,44,45,46,47,48,49,51,52,53,55,56,57,58,60,61,64,65,67,68,70,71,72,73,75,76,77,78,80,81,83,84,85]",20,1692,6,0.00354609929078014,8
"[0,1,2,3,4,5,6,7,8,9,10,11,12,13,14,15,16,17,18,19,20,21,22,23,24,25,26,27,28,29,30,31,32,33,34,35,36,37,38,39,40,41,42,43,44,45,46,47,48,49,51,52,53,55,56,57,58,60,61,64,65,67,68,70,71,72,73,75,76,77,78,80,81,83,84,85]",21,1692,2,0.00118203309692671,8
"[0,1,2,3,4,5,6,7,8,9,10,11,12,13,14,15,16,17,18,19,20,21,22,23,24,25,26,27,28,29,30,31,32,33,34,35,36,37,38,39,40,41,42,43,44,45,46,47,48,49,51,52,53,55,56,57,58,60,61,64,65,67,68,70,71,72,73,75,76,77,78,80,81,83,84,85]",22,1692,0,0,8
"[0,1,2,3,4,5,6,7,8,9,10,11,12,13,14,15,16,17,18,19,20,21,22,23,24,25,26,27,28,29,30,31,32,33,34,35,36,37,38,39,40,41,42,43,44,45,46,47,48,49,51,52,53,55,56,57,58,60,61,64,65,67,68,70,71,72,73,75,76,77,78,80,81,83,84,85]",23,1692,10,0.00591016548463357,8
"[0,1,2,3,4,5,6,7,8,9,10,11,12,13,14,15,16,17,18,19,20,21,22,23,24,25,26,27,28,29,30,31,32,33,34,35,36,37,38,39,40,41,42,43,44,45,46,47,48,49,51,52,53,55,56,57,58,60,61,64,65,67,68,70,71,72,73,75,76,77,78,80,81,83,84,85]",24,1692,16,0.00945626477541371,8
"[0,1,2,3,4,5,6,7,8,9,10,11,12,13,14,15,16,17,18,19,20,21,22,23,24,25,26,27,28,29,30,31,32,33,34,35,36,37,38,39,40,41,42,43,44,45,46,47,48,49,51,52,53,55,56,57,58,60,61,64,65,67,68,70,71,72,73,75,76,77,78,80,81,83,84,85]",25,1692,0,0,8
"[0,1,2,3,4,5,6,7,8,9,10,11,12,13,14,15,16,17,18,19,20,21,22,23,24,25,26,27,28,29,30,31,32,33,34,35,36,37,38,39,40,41,42,43,44,45,46,47,48,49,51,52,53,55,56,57,58,60,61,64,65,67,68,70,71,72,73,75,76,77,78,80,81,83,84,85]",26,1692,0,0,8
"[0,1,2,3,4,5,6,7,8,9,10,11,12,13,14,15,16,17,18,19,20,21,22,23,24,25,26,27,28,29,30,31,32,33,34,35,36,37,38,39,40,41,42,43,44,45,46,47,48,49,51,52,53,55,56,57,58,60,61,64,65,67,68,70,71,72,73,75,76,77,78,80,81,83,84,85]",27,1692,18,0.0106382978723404,8
"[0,1,2,3,4,5,6,7,8,9,10,11,12,13,14,15,16,17,18,19,20,21,22,23,24,25,26,27,28,29,30,31,32,33,34,35,36,37,38,39,40,41,42,43,44,45,46,47,48,49,51,52,53,55,56,57,58,60,61,64,65,67,68,70,71,72,73,75,76,77,78,80,81,83,84,85]",28,1692,2,0.00118203309692671,8
"[0,1,2,3,4,5,6,7,8,9,10,11,12,13,14,15,16,17,18,19,20,21,22,23,24,25,26,27,28,29,30,31,32,33,34,35,36,37,38,39,40,41,42,43,44,45,46,47,48,49,51,52,53,55,56,57,58,60,61,64,65,67,68,70,71,72,73,75,76,77,78,80,81,83,84,85]",29,1692,20,0.0118203309692671,8
"[0,1,2,3,4,5,6,7,8,9,10,11,12,13,14,15,16,17,18,19,20,21,22,23,24,25,26,27,28,29,30,31,32,33,34,35,36,37,38,39,40,41,42,43,44,45,46,47,48,49,51,52,53,55,56,57,58,60,61,64,65,67,68,70,71,72,73,75,76,77,78,80,81,83,84,85]",30,1692,0,0,8
"[0,1,2,3,4,5,6,7,8,9,10,11,12,13,14,15,16,17,18,19,20,21,22,23,24,25,26,27,28,29,30,31,32,33,34,35,36,37,38,39,40,41,42,43,44,45,46,47,48,49,51,52,53,55,56,57,58,60,61,64,65,67,68,70,71,72,73,75,76,77,78,80,81,83,84,85]",31,1692,10,0.00591016548463357,8
"[0,1,2,3,4,5,6,7,8,9,10,11,12,13,14,15,16,17,18,19,20,21,22,23,24,25,26,27,28,29,30,31,32,33,34,35,36,37,38,39,40,41,42,43,44,45,46,47,48,49,51,52,53,55,56,57,58,60,61,64,65,67,68,70,71,72,73,75,76,77,78,80,81,83,84,85]",32,1692,4,0.00236406619385343,8
"[0,1,2,3,4,5,6,7,8,9,10,11,12,13,14,15,16,17,18,19,20,21,22,23,24,25,26,27,28,29,30,31,32,33,34,35,36,37,38,39,40,41,42,43,44,45,46,47,48,49,51,52,53,55,56,57,58,60,61,64,65,67,68,70,71,72,73,75,76,77,78,80,81,83,84,85]",33,1692,0,0,8
"[0,1,2,3,4,5,6,7,8,9,10,11,12,13,14,15,16,17,18,19,20,21,22,23,24,25,26,27,28,29,30,31,32,33,34,35,36,37,38,39,40,41,42,43,44,45,46,47,48,49,51,52,53,55,56,57,58,60,61,64,65,67,68,70,71,72,73,75,76,77,78,80,81,83,84,85]",34,1692,0,0,8
"[0,1,2,3,4,5,6,7,8,9,10,11,12,13,14,15,16,17,18,19,20,21,22,23,24,25,26,27,28,29,30,31,32,33,34,35,36,37,38,39,40,41,42,43,44,45,46,47,48,49,51,52,53,55,56,57,58,60,61,64,65,67,68,70,71,72,73,75,76,77,78,80,81,83,84,85]",35,1692,0,0,8
"[0,1,2,3,4,5,6,7,8,9,10,11,12,13,14,15,16,17,18,19,20,21,22,23,24,25,26,27,28,29,30,31,32,33,34,35,36,37,38,39,40,41,42,43,44,45,46,47,48,49,51,52,53,55,56,57,58,60,61,64,65,67,68,70,71,72,73,75,76,77,78,80,81,83,84,85]",36,1692,4,0.00236406619385343,8
"[0,1,2,3,4,5,6,7,8,9,10,11,12,13,14,15,16,17,18,19,20,21,22,23,24,25,26,27,28,29,30,31,32,33,34,35,36,37,38,39,40,41,42,43,44,45,46,47,48,49,51,52,53,55,56,57,58,60,61,64,65,67,68,70,71,72,73,75,76,77,78,80,81,83,84,85]",37,1692,2,0.00118203309692671,8
"[0,1,2,3,4,5,6,7,8,9,10,11,12,13,14,15,16,17,18,19,20,21,22,23,24,25,26,27,28,29,30,31,32,33,34,35,36,37,38,39,40,41,42,43,44,45,46,47,48,49,51,52,53,55,56,57,58,60,61,64,65,67,68,70,71,72,73,75,76,77,78,80,81,83,84,85]",38,1692,0,0,8
"[0,1,2,3,4,5,6,7,8,9,10,11,12,13,14,15,16,17,18,19,20,21,22,23,24,25,26,27,28,29,30,31,32,33,34,35,36,37,38,39,40,41,42,43,44,45,46,47,48,49,51,52,53,55,56,57,58,60,61,64,65,67,68,70,71,72,73,75,76,77,78,80,81,83,84,85]",39,1692,20,0.0118203309692671,8
"[0,1,2,3,4,5,6,7,8,9,10,11,12,13,14,15,16,17,18,19,20,21,22,23,24,25,26,27,28,29,30,31,32,33,34,35,36,37,38,39,40,41,42,43,44,45,46,47,48,49,51,52,53,55,56,57,58,60,61,64,65,67,68,70,71,72,73,75,76,77,78,80,81,83,84,85]",40,1692,0,0,8
"[0,1,2,3,4,5,6,7,8,9,10,11,12,13,14,15,16,17,18,19,20,21,22,23,24,25,26,27,28,29,30,31,32,33,34,35,36,37,38,39,40,41,42,43,44,45,46,47,48,49,51,52,53,55,56,57,58,60,61,64,65,67,68,70,71,72,73,75,76,77,78,80,81,83,84,85]",41,1692,22,0.0130023640661939,8
"[0,1,2,3,4,5,6,7,8,9,10,11,12,13,14,15,16,17,18,19,20,21,22,23,24,25,26,27,28,29,30,31,32,33,34,35,36,37,38,39,40,41,42,43,44,45,46,47,48,49,51,52,53,55,56,57,58,60,61,64,65,67,68,70,71,72,73,75,76,77,78,80,81,83,84,85]",42,1692,0,0,8
"[0,1,2,3,4,5,6,7,8,9,10,11,12,13,14,15,16,17,18,19,20,21,22,23,24,25,26,27,28,29,30,31,32,33,34,35,36,37,38,39,40,41,42,43,44,45,46,47,48,49,51,52,53,55,56,57,58,60,61,64,65,67,68,70,71,72,73,75,76,77,78,80,81,83,84,85]",43,1692,4,0.00236406619385343,8
"[0,1,2,3,4,5,6,7,8,9,10,11,12,13,14,15,16,17,18,19,20,21,22,23,24,25,26,27,28,29,30,31,32,33,34,35,36,37,38,39,40,41,42,43,44,45,46,47,48,49,51,52,53,55,56,57,58,60,61,64,65,67,68,70,71,72,73,75,76,77,78,80,81,83,84,85]",44,1692,12,0.00709219858156028,8
"[0,1,2,3,4,5,6,7,8,9,10,11,12,13,14,15,16,17,18,19,20,21,22,23,24,25,26,27,28,29,30,31,32,33,34,35,36,37,38,39,40,41,42,43,44,45,46,47,48,49,51,52,53,55,56,57,58,60,61,64,65,67,68,70,71,72,73,75,76,77,78,80,81,83,84,85]",45,1692,0,0,8
"[0,1,2,3,4,5,6,7,8,9,10,11,12,13,14,15,16,17,18,19,20,21,22,23,24,25,26,27,28,29,30,31,32,33,34,35,36,37,38,39,40,41,42,43,44,45,46,47,48,49,51,52,53,55,56,57,58,60,61,64,65,67,68,70,71,72,73,75,76,77,78,80,81,83,84,85]",46,1692,0,0,8
"[0,1,2,3,4,5,6,7,8,9,10,11,12,13,14,15,16,17,18,19,20,21,22,23,24,25,26,27,28,29,30,31,32,33,34,35,36,37,38,39,40,41,42,43,44,45,46,47,48,49,51,52,53,55,56,57,58,60,61,64,65,67,68,70,71,72,73,75,76,77,78,80,81,83,84,85]",47,1692,0,0,8
"[0,1,2,3,4,5,6,7,8,9,10,11,12,13,14,15,16,17,18,19,20,21,22,23,24,25,26,27,28,29,30,31,32,33,34,35,36,37,38,39,40,41,42,43,44,45,46,47,48,49,51,52,53,55,56,57,58,60,61,64,65,67,68,70,71,72,73,75,76,77,78,80,81,83,84,85]",48,1692,0,0,8
"[0,1,2,3,4,5,6,7,8,9,10,11,12,13,14,15,16,17,18,19,20,21,22,23,24,25,26,27,28,29,30,31,32,33,34,35,36,37,38,39,40,41,42,43,44,45,46,47,48,49,51,52,53,55,56,57,58,60,61,64,65,67,68,70,71,72,73,75,76,77,78,80,81,83,84,85]",49,1692,0,0,8
"[0,1,2,3,4,5,6,7,8,9,10,11,12,13,14,15,16,17,18,19,20,21,22,23,24,25,26,27,28,29,30,31,32,33,34,35,36,37,38,39,40,41,42,43,44,45,46,47,48,49,51,52,53,55,56,57,58,60,61,64,65,67,68,70,71,72,73,75,76,77,78,80,81,83,84,85]",51,1692,6,0.00354609929078014,8
"[0,1,2,3,4,5,6,7,8,9,10,11,12,13,14,15,16,17,18,19,20,21,22,23,24,25,26,27,28,29,30,31,32,33,34,35,36,37,38,39,40,41,42,43,44,45,46,47,48,49,51,52,53,55,56,57,58,60,61,64,65,67,68,70,71,72,73,75,76,77,78,80,81,83,84,85]",52,1692,0,0,8
"[0,1,2,3,4,5,6,7,8,9,10,11,12,13,14,15,16,17,18,19,20,21,22,23,24,25,26,27,28,29,30,31,32,33,34,35,36,37,38,39,40,41,42,43,44,45,46,47,48,49,51,52,53,55,56,57,58,60,61,64,65,67,68,70,71,72,73,75,76,77,78,80,81,83,84,85]",53,1692,2,0.00118203309692671,8
"[0,1,2,3,4,5,6,7,8,9,10,11,12,13,14,15,16,17,18,19,20,21,22,23,24,25,26,27,28,29,30,31,32,33,34,35,36,37,38,39,40,41,42,43,44,45,46,47,48,49,51,52,53,55,56,57,58,60,61,64,65,67,68,70,71,72,73,75,76,77,78,80,81,83,84,85]",55,1692,0,0,8
"[0,1,2,3,4,5,6,7,8,9,10,11,12,13,14,15,16,17,18,19,20,21,22,23,24,25,26,27,28,29,30,31,32,33,34,35,36,37,38,39,40,41,42,43,44,45,46,47,48,49,51,52,53,55,56,57,58,60,61,64,65,67,68,70,71,72,73,75,76,77,78,80,81,83,84,85]",56,1692,2,0.00118203309692671,8
"[0,1,2,3,4,5,6,7,8,9,10,11,12,13,14,15,16,17,18,19,20,21,22,23,24,25,26,27,28,29,30,31,32,33,34,35,36,37,38,39,40,41,42,43,44,45,46,47,48,49,51,52,53,55,56,57,58,60,61,64,65,67,68,70,71,72,73,75,76,77,78,80,81,83,84,85]",57,1692,0,0,8
"[0,1,2,3,4,5,6,7,8,9,10,11,12,13,14,15,16,17,18,19,20,21,22,23,24,25,26,27,28,29,30,31,32,33,34,35,36,37,38,39,40,41,42,43,44,45,46,47,48,49,51,52,53,55,56,57,58,60,61,64,65,67,68,70,71,72,73,75,76,77,78,80,81,83,84,85]",58,1692,2,0.00118203309692671,8
"[0,1,2,3,4,5,6,7,8,9,10,11,12,13,14,15,16,17,18,19,20,21,22,23,24,25,26,27,28,29,30,31,32,33,34,35,36,37,38,39,40,41,42,43,44,45,46,47,48,49,51,52,53,55,56,57,58,60,61,64,65,67,68,70,71,72,73,75,76,77,78,80,81,83,84,85]",60,1692,4,0.00236406619385343,8
"[0,1,2,3,4,5,6,7,8,9,10,11,12,13,14,15,16,17,18,19,20,21,22,23,24,25,26,27,28,29,30,31,32,33,34,35,36,37,38,39,40,41,42,43,44,45,46,47,48,49,51,52,53,55,56,57,58,60,61,64,65,67,68,70,71,72,73,75,76,77,78,80,81,83,84,85]",61,1692,0,0,8
"[0,1,2,3,4,5,6,7,8,9,10,11,12,13,14,15,16,17,18,19,20,21,22,23,24,25,26,27,28,29,30,31,32,33,34,35,36,37,38,39,40,41,42,43,44,45,46,47,48,49,51,52,53,55,56,57,58,60,61,64,65,67,68,70,71,72,73,75,76,77,78,80,81,83,84,85]",64,1692,2,0.00118203309692671,8
"[0,1,2,3,4,5,6,7,8,9,10,11,12,13,14,15,16,17,18,19,20,21,22,23,24,25,26,27,28,29,30,31,32,33,34,35,36,37,38,39,40,41,42,43,44,45,46,47,48,49,51,52,53,55,56,57,58,60,61,64,65,67,68,70,71,72,73,75,76,77,78,80,81,83,84,85]",65,1692,0,0,8
"[0,1,2,3,4,5,6,7,8,9,10,11,12,13,14,15,16,17,18,19,20,21,22,23,24,25,26,27,28,29,30,31,32,33,34,35,36,37,38,39,40,41,42,43,44,45,46,47,48,49,51,52,53,55,56,57,58,60,61,64,65,67,68,70,71,72,73,75,76,77,78,80,81,83,84,85]",67,1692,0,0,8
"[0,1,2,3,4,5,6,7,8,9,10,11,12,13,14,15,16,17,18,19,20,21,22,23,24,25,26,27,28,29,30,31,32,33,34,35,36,37,38,39,40,41,42,43,44,45,46,47,48,49,51,52,53,55,56,57,58,60,61,64,65,67,68,70,71,72,73,75,76,77,78,80,81,83,84,85]",68,1692,0,0,8
"[0,1,2,3,4,5,6,7,8,9,10,11,12,13,14,15,16,17,18,19,20,21,22,23,24,25,26,27,28,29,30,31,32,33,34,35,36,37,38,39,40,41,42,43,44,45,46,47,48,49,51,52,53,55,56,57,58,60,61,64,65,67,68,70,71,72,73,75,76,77,78,80,81,83,84,85]",70,1692,12,0.00709219858156028,8
"[0,1,2,3,4,5,6,7,8,9,10,11,12,13,14,15,16,17,18,19,20,21,22,23,24,25,26,27,28,29,30,31,32,33,34,35,36,37,38,39,40,41,42,43,44,45,46,47,48,49,51,52,53,55,56,57,58,60,61,64,65,67,68,70,71,72,73,75,76,77,78,80,81,83,84,85]",71,1692,0,0,8
"[0,1,2,3,4,5,6,7,8,9,10,11,12,13,14,15,16,17,18,19,20,21,22,23,24,25,26,27,28,29,30,31,32,33,34,35,36,37,38,39,40,41,42,43,44,45,46,47,48,49,51,52,53,55,56,57,58,60,61,64,65,67,68,70,71,72,73,75,76,77,78,80,81,83,84,85]",72,1692,0,0,8
"[0,1,2,3,4,5,6,7,8,9,10,11,12,13,14,15,16,17,18,19,20,21,22,23,24,25,26,27,28,29,30,31,32,33,34,35,36,37,38,39,40,41,42,43,44,45,46,47,48,49,51,52,53,55,56,57,58,60,61,64,65,67,68,70,71,72,73,75,76,77,78,80,81,83,84,85]",73,1692,14,0.008274231678487,8
"[0,1,2,3,4,5,6,7,8,9,10,11,12,13,14,15,16,17,18,19,20,21,22,23,24,25,26,27,28,29,30,31,32,33,34,35,36,37,38,39,40,41,42,43,44,45,46,47,48,49,51,52,53,55,56,57,58,60,61,64,65,67,68,70,71,72,73,75,76,77,78,80,81,83,84,85]",75,1692,0,0,8
"[0,1,2,3,4,5,6,7,8,9,10,11,12,13,14,15,16,17,18,19,20,21,22,23,24,25,26,27,28,29,30,31,32,33,34,35,36,37,38,39,40,41,42,43,44,45,46,47,48,49,51,52,53,55,56,57,58,60,61,64,65,67,68,70,71,72,73,75,76,77,78,80,81,83,84,85]",76,1692,0,0,8
"[0,1,2,3,4,5,6,7,8,9,10,11,12,13,14,15,16,17,18,19,20,21,22,23,24,25,26,27,28,29,30,31,32,33,34,35,36,37,38,39,40,41,42,43,44,45,46,47,48,49,51,52,53,55,56,57,58,60,61,64,65,67,68,70,71,72,73,75,76,77,78,80,81,83,84,85]",77,1692,20,0.0118203309692671,8
"[0,1,2,3,4,5,6,7,8,9,10,11,12,13,14,15,16,17,18,19,20,21,22,23,24,25,26,27,28,29,30,31,32,33,34,35,36,37,38,39,40,41,42,43,44,45,46,47,48,49,51,52,53,55,56,57,58,60,61,64,65,67,68,70,71,72,73,75,76,77,78,80,81,83,84,85]",78,1692,6,0.00354609929078014,8
"[0,1,2,3,4,5,6,7,8,9,10,11,12,13,14,15,16,17,18,19,20,21,22,23,24,25,26,27,28,29,30,31,32,33,34,35,36,37,38,39,40,41,42,43,44,45,46,47,48,49,51,52,53,55,56,57,58,60,61,64,65,67,68,70,71,72,73,75,76,77,78,80,81,83,84,85]",80,1692,2,0.00118203309692671,8
"[0,1,2,3,4,5,6,7,8,9,10,11,12,13,14,15,16,17,18,19,20,21,22,23,24,25,26,27,28,29,30,31,32,33,34,35,36,37,38,39,40,41,42,43,44,45,46,47,48,49,51,52,53,55,56,57,58,60,61,64,65,67,68,70,71,72,73,75,76,77,78,80,81,83,84,85]",81,1692,10,0.00591016548463357,8
"[0,1,2,3,4,5,6,7,8,9,10,11,12,13,14,15,16,17,18,19,20,21,22,23,24,25,26,27,28,29,30,31,32,33,34,35,36,37,38,39,40,41,42,43,44,45,46,47,48,49,51,52,53,55,56,57,58,60,61,64,65,67,68,70,71,72,73,75,76,77,78,80,81,83,84,85]",83,1692,4,0.00236406619385343,8
"[0,1,2,3,4,5,6,7,8,9,10,11,12,13,14,15,16,17,18,19,20,21,22,23,24,25,26,27,28,29,30,31,32,33,34,35,36,37,38,39,40,41,42,43,44,45,46,47,48,49,51,52,53,55,56,57,58,60,61,64,65,67,68,70,71,72,73,75,76,77,78,80,81,83,84,85]",84,1692,0,0,8
"[0,1,2,3,4,5,6,7,8,9,10,11,12,13,14,15,16,17,18,19,20,21,22,23,24,25,26,27,28,29,30,31,32,33,34,35,36,37,38,39,40,41,42,43,44,45,46,47,48,49,51,52,53,55,56,57,58,60,61,64,65,67,68,70,71,72,73,75,76,77,78,80,81,83,84,85]",85,1692,0,0,8
"[0,1,2,3,4,5,6,7,8,9,10,11,12,13,14,15,16,17,18,19,20,21,22,23,24,25,26,27,28,29,30,31,32,33,34,35,36,37,38,39,40,41,42,43,45,46,47,48,49,51,52,53,55,56,57,58,60,61,64,65,67,68,70,71,72,73,75,76,77,78,80,81,83,84,85]",0,940,458,0.487234042553191,4
"[0,1,2,3,4,5,6,7,8,9,10,11,12,13,14,15,16,17,18,19,20,21,22,23,24,25,26,27,28,29,30,31,32,33,34,35,36,37,38,39,40,41,42,43,45,46,47,48,49,51,52,53,55,56,57,58,60,61,64,65,67,68,70,71,72,73,75,76,77,78,80,81,83,84,85]",1,940,3,0.00319148936170213,4
"[0,1,2,3,4,5,6,7,8,9,10,11,12,13,14,15,16,17,18,19,20,21,22,23,24,25,26,27,28,29,30,31,32,33,34,35,36,37,38,39,40,41,42,43,45,46,47,48,49,51,52,53,55,56,57,58,60,61,64,65,67,68,70,71,72,73,75,76,77,78,80,81,83,84,85]",2,940,3,0.00319148936170213,4
"[0,1,2,3,4,5,6,7,8,9,10,11,12,13,14,15,16,17,18,19,20,21,22,23,24,25,26,27,28,29,30,31,32,33,34,35,36,37,38,39,40,41,42,43,45,46,47,48,49,51,52,53,55,56,57,58,60,61,64,65,67,68,70,71,72,73,75,76,77,78,80,81,83,84,85]",3,940,37,0.0393617021276596,4
"[0,1,2,3,4,5,6,7,8,9,10,11,12,13,14,15,16,17,18,19,20,21,22,23,24,25,26,27,28,29,30,31,32,33,34,35,36,37,38,39,40,41,42,43,45,46,47,48,49,51,52,53,55,56,57,58,60,61,64,65,67,68,70,71,72,73,75,76,77,78,80,81,83,84,85]",4,940,118,0.125531914893617,4
"[0,1,2,3,4,5,6,7,8,9,10,11,12,13,14,15,16,17,18,19,20,21,22,23,24,25,26,27,28,29,30,31,32,33,34,35,36,37,38,39,40,41,42,43,45,46,47,48,49,51,52,53,55,56,57,58,60,61,64,65,67,68,70,71,72,73,75,76,77,78,80,81,83,84,85]",5,940,43,0.0457446808510638,4
"[0,1,2,3,4,5,6,7,8,9,10,11,12,13,14,15,16,17,18,19,20,21,22,23,24,25,26,27,28,29,30,31,32,33,34,35,36,37,38,39,40,41,42,43,45,46,47,48,49,51,52,53,55,56,57,58,60,61,64,65,67,68,70,71,72,73,75,76,77,78,80,81,83,84,85]",6,940,5,0.00531914893617021,4
"[0,1,2,3,4,5,6,7,8,9,10,11,12,13,14,15,16,17,18,19,20,21,22,23,24,25,26,27,28,29,30,31,32,33,34,35,36,37,38,39,40,41,42,43,45,46,47,48,49,51,52,53,55,56,57,58,60,61,64,65,67,68,70,71,72,73,75,76,77,78,80,81,83,84,85]",7,940,27,0.0287234042553191,4
"[0,1,2,3,4,5,6,7,8,9,10,11,12,13,14,15,16,17,18,19,20,21,22,23,24,25,26,27,28,29,30,31,32,33,34,35,36,37,38,39,40,41,42,43,45,46,47,48,49,51,52,53,55,56,57,58,60,61,64,65,67,68,70,71,72,73,75,76,77,78,80,81,83,84,85]",8,940,7,0.0074468085106383,4
"[0,1,2,3,4,5,6,7,8,9,10,11,12,13,14,15,16,17,18,19,20,21,22,23,24,25,26,27,28,29,30,31,32,33,34,35,36,37,38,39,40,41,42,43,45,46,47,48,49,51,52,53,55,56,57,58,60,61,64,65,67,68,70,71,72,73,75,76,77,78,80,81,83,84,85]",9,940,0,0,4
"[0,1,2,3,4,5,6,7,8,9,10,11,12,13,14,15,16,17,18,19,20,21,22,23,24,25,26,27,28,29,30,31,32,33,34,35,36,37,38,39,40,41,42,43,45,46,47,48,49,51,52,53,55,56,57,58,60,61,64,65,67,68,70,71,72,73,75,76,77,78,80,81,83,84,85]",10,940,6,0.00638297872340425,4
"[0,1,2,3,4,5,6,7,8,9,10,11,12,13,14,15,16,17,18,19,20,21,22,23,24,25,26,27,28,29,30,31,32,33,34,35,36,37,38,39,40,41,42,43,45,46,47,48,49,51,52,53,55,56,57,58,60,61,64,65,67,68,70,71,72,73,75,76,77,78,80,81,83,84,85]",11,940,7,0.0074468085106383,4
"[0,1,2,3,4,5,6,7,8,9,10,11,12,13,14,15,16,17,18,19,20,21,22,23,24,25,26,27,28,29,30,31,32,33,34,35,36,37,38,39,40,41,42,43,45,46,47,48,49,51,52,53,55,56,57,58,60,61,64,65,67,68,70,71,72,73,75,76,77,78,80,81,83,84,85]",12,940,9,0.00957446808510638,4
"[0,1,2,3,4,5,6,7,8,9,10,11,12,13,14,15,16,17,18,19,20,21,22,23,24,25,26,27,28,29,30,31,32,33,34,35,36,37,38,39,40,41,42,43,45,46,47,48,49,51,52,53,55,56,57,58,60,61,64,65,67,68,70,71,72,73,75,76,77,78,80,81,83,84,85]",13,940,0,0,4
"[0,1,2,3,4,5,6,7,8,9,10,11,12,13,14,15,16,17,18,19,20,21,22,23,24,25,26,27,28,29,30,31,32,33,34,35,36,37,38,39,40,41,42,43,45,46,47,48,49,51,52,53,55,56,57,58,60,61,64,65,67,68,70,71,72,73,75,76,77,78,80,81,83,84,85]",14,940,0,0,4
"[0,1,2,3,4,5,6,7,8,9,10,11,12,13,14,15,16,17,18,19,20,21,22,23,24,25,26,27,28,29,30,31,32,33,34,35,36,37,38,39,40,41,42,43,45,46,47,48,49,51,52,53,55,56,57,58,60,61,64,65,67,68,70,71,72,73,75,76,77,78,80,81,83,84,85]",15,940,0,0,4
"[0,1,2,3,4,5,6,7,8,9,10,11,12,13,14,15,16,17,18,19,20,21,22,23,24,25,26,27,28,29,30,31,32,33,34,35,36,37,38,39,40,41,42,43,45,46,47,48,49,51,52,53,55,56,57,58,60,61,64,65,67,68,70,71,72,73,75,76,77,78,80,81,83,84,85]",16,940,2,0.00212765957446809,4
"[0,1,2,3,4,5,6,7,8,9,10,11,12,13,14,15,16,17,18,19,20,21,22,23,24,25,26,27,28,29,30,31,32,33,34,35,36,37,38,39,40,41,42,43,45,46,47,48,49,51,52,53,55,56,57,58,60,61,64,65,67,68,70,71,72,73,75,76,77,78,80,81,83,84,85]",17,940,15,0.0159574468085106,4
"[0,1,2,3,4,5,6,7,8,9,10,11,12,13,14,15,16,17,18,19,20,21,22,23,24,25,26,27,28,29,30,31,32,33,34,35,36,37,38,39,40,41,42,43,45,46,47,48,49,51,52,53,55,56,57,58,60,61,64,65,67,68,70,71,72,73,75,76,77,78,80,81,83,84,85]",18,940,9,0.00957446808510638,4
"[0,1,2,3,4,5,6,7,8,9,10,11,12,13,14,15,16,17,18,19,20,21,22,23,24,25,26,27,28,29,30,31,32,33,34,35,36,37,38,39,40,41,42,43,45,46,47,48,49,51,52,53,55,56,57,58,60,61,64,65,67,68,70,71,72,73,75,76,77,78,80,81,83,84,85]",19,940,0,0,4
"[0,1,2,3,4,5,6,7,8,9,10,11,12,13,14,15,16,17,18,19,20,21,22,23,24,25,26,27,28,29,30,31,32,33,34,35,36,37,38,39,40,41,42,43,45,46,47,48,49,51,52,53,55,56,57,58,60,61,64,65,67,68,70,71,72,73,75,76,77,78,80,81,83,84,85]",20,940,2,0.00212765957446809,4
"[0,1,2,3,4,5,6,7,8,9,10,11,12,13,14,15,16,17,18,19,20,21,22,23,24,25,26,27,28,29,30,31,32,33,34,35,36,37,38,39,40,41,42,43,45,46,47,48,49,51,52,53,55,56,57,58,60,61,64,65,67,68,70,71,72,73,75,76,77,78,80,81,83,84,85]",21,940,5,0.00531914893617021,4
"[0,1,2,3,4,5,6,7,8,9,10,11,12,13,14,15,16,17,18,19,20,21,22,23,24,25,26,27,28,29,30,31,32,33,34,35,36,37,38,39,40,41,42,43,45,46,47,48,49,51,52,53,55,56,57,58,60,61,64,65,67,68,70,71,72,73,75,76,77,78,80,81,83,84,85]",22,940,0,0,4
"[0,1,2,3,4,5,6,7,8,9,10,11,12,13,14,15,16,17,18,19,20,21,22,23,24,25,26,27,28,29,30,31,32,33,34,35,36,37,38,39,40,41,42,43,45,46,47,48,49,51,52,53,55,56,57,58,60,61,64,65,67,68,70,71,72,73,75,76,77,78,80,81,83,84,85]",23,940,6,0.00638297872340425,4
"[0,1,2,3,4,5,6,7,8,9,10,11,12,13,14,15,16,17,18,19,20,21,22,23,24,25,26,27,28,29,30,31,32,33,34,35,36,37,38,39,40,41,42,43,45,46,47,48,49,51,52,53,55,56,57,58,60,61,64,65,67,68,70,71,72,73,75,76,77,78,80,81,83,84,85]",24,940,6,0.00638297872340425,4
"[0,1,2,3,4,5,6,7,8,9,10,11,12,13,14,15,16,17,18,19,20,21,22,23,24,25,26,27,28,29,30,31,32,33,34,35,36,37,38,39,40,41,42,43,45,46,47,48,49,51,52,53,55,56,57,58,60,61,64,65,67,68,70,71,72,73,75,76,77,78,80,81,83,84,85]",25,940,0,0,4
"[0,1,2,3,4,5,6,7,8,9,10,11,12,13,14,15,16,17,18,19,20,21,22,23,24,25,26,27,28,29,30,31,32,33,34,35,36,37,38,39,40,41,42,43,45,46,47,48,49,51,52,53,55,56,57,58,60,61,64,65,67,68,70,71,72,73,75,76,77,78,80,81,83,84,85]",26,940,0,0,4
"[0,1,2,3,4,5,6,7,8,9,10,11,12,13,14,15,16,17,18,19,20,21,22,23,24,25,26,27,28,29,30,31,32,33,34,35,36,37,38,39,40,41,42,43,45,46,47,48,49,51,52,53,55,56,57,58,60,61,64,65,67,68,70,71,72,73,75,76,77,78,80,81,83,84,85]",27,940,5,0.00531914893617021,4
"[0,1,2,3,4,5,6,7,8,9,10,11,12,13,14,15,16,17,18,19,20,21,22,23,24,25,26,27,28,29,30,31,32,33,34,35,36,37,38,39,40,41,42,43,45,46,47,48,49,51,52,53,55,56,57,58,60,61,64,65,67,68,70,71,72,73,75,76,77,78,80,81,83,84,85]",28,940,0,0,4
"[0,1,2,3,4,5,6,7,8,9,10,11,12,13,14,15,16,17,18,19,20,21,22,23,24,25,26,27,28,29,30,31,32,33,34,35,36,37,38,39,40,41,42,43,45,46,47,48,49,51,52,53,55,56,57,58,60,61,64,65,67,68,70,71,72,73,75,76,77,78,80,81,83,84,85]",29,940,24,0.025531914893617,4
"[0,1,2,3,4,5,6,7,8,9,10,11,12,13,14,15,16,17,18,19,20,21,22,23,24,25,26,27,28,29,30,31,32,33,34,35,36,37,38,39,40,41,42,43,45,46,47,48,49,51,52,53,55,56,57,58,60,61,64,65,67,68,70,71,72,73,75,76,77,78,80,81,83,84,85]",30,940,0,0,4
"[0,1,2,3,4,5,6,7,8,9,10,11,12,13,14,15,16,17,18,19,20,21,22,23,24,25,26,27,28,29,30,31,32,33,34,35,36,37,38,39,40,41,42,43,45,46,47,48,49,51,52,53,55,56,57,58,60,61,64,65,67,68,70,71,72,73,75,76,77,78,80,81,83,84,85]",31,940,10,0.0106382978723404,4
"[0,1,2,3,4,5,6,7,8,9,10,11,12,13,14,15,16,17,18,19,20,21,22,23,24,25,26,27,28,29,30,31,32,33,34,35,36,37,38,39,40,41,42,43,45,46,47,48,49,51,52,53,55,56,57,58,60,61,64,65,67,68,70,71,72,73,75,76,77,78,80,81,83,84,85]",32,940,1,0.00106382978723404,4
"[0,1,2,3,4,5,6,7,8,9,10,11,12,13,14,15,16,17,18,19,20,21,22,23,24,25,26,27,28,29,30,31,32,33,34,35,36,37,38,39,40,41,42,43,45,46,47,48,49,51,52,53,55,56,57,58,60,61,64,65,67,68,70,71,72,73,75,76,77,78,80,81,83,84,85]",33,940,0,0,4
"[0,1,2,3,4,5,6,7,8,9,10,11,12,13,14,15,16,17,18,19,20,21,22,23,24,25,26,27,28,29,30,31,32,33,34,35,36,37,38,39,40,41,42,43,45,46,47,48,49,51,52,53,55,56,57,58,60,61,64,65,67,68,70,71,72,73,75,76,77,78,80,81,83,84,85]",34,940,0,0,4
"[0,1,2,3,4,5,6,7,8,9,10,11,12,13,14,15,16,17,18,19,20,21,22,23,24,25,26,27,28,29,30,31,32,33,34,35,36,37,38,39,40,41,42,43,45,46,47,48,49,51,52,53,55,56,57,58,60,61,64,65,67,68,70,71,72,73,75,76,77,78,80,81,83,84,85]",35,940,2,0.00212765957446809,4
"[0,1,2,3,4,5,6,7,8,9,10,11,12,13,14,15,16,17,18,19,20,21,22,23,24,25,26,27,28,29,30,31,32,33,34,35,36,37,38,39,40,41,42,43,45,46,47,48,49,51,52,53,55,56,57,58,60,61,64,65,67,68,70,71,72,73,75,76,77,78,80,81,83,84,85]",36,940,5,0.00531914893617021,4
"[0,1,2,3,4,5,6,7,8,9,10,11,12,13,14,15,16,17,18,19,20,21,22,23,24,25,26,27,28,29,30,31,32,33,34,35,36,37,38,39,40,41,42,43,45,46,47,48,49,51,52,53,55,56,57,58,60,61,64,65,67,68,70,71,72,73,75,76,77,78,80,81,83,84,85]",37,940,0,0,4
"[0,1,2,3,4,5,6,7,8,9,10,11,12,13,14,15,16,17,18,19,20,21,22,23,24,25,26,27,28,29,30,31,32,33,34,35,36,37,38,39,40,41,42,43,45,46,47,48,49,51,52,53,55,56,57,58,60,61,64,65,67,68,70,71,72,73,75,76,77,78,80,81,83,84,85]",38,940,16,0.0170212765957447,4
"[0,1,2,3,4,5,6,7,8,9,10,11,12,13,14,15,16,17,18,19,20,21,22,23,24,25,26,27,28,29,30,31,32,33,34,35,36,37,38,39,40,41,42,43,45,46,47,48,49,51,52,53,55,56,57,58,60,61,64,65,67,68,70,71,72,73,75,76,77,78,80,81,83,84,85]",39,940,9,0.00957446808510638,4
"[0,1,2,3,4,5,6,7,8,9,10,11,12,13,14,15,16,17,18,19,20,21,22,23,24,25,26,27,28,29,30,31,32,33,34,35,36,37,38,39,40,41,42,43,45,46,47,48,49,51,52,53,55,56,57,58,60,61,64,65,67,68,70,71,72,73,75,76,77,78,80,81,83,84,85]",40,940,0,0,4
"[0,1,2,3,4,5,6,7,8,9,10,11,12,13,14,15,16,17,18,19,20,21,22,23,24,25,26,27,28,29,30,31,32,33,34,35,36,37,38,39,40,41,42,43,45,46,47,48,49,51,52,53,55,56,57,58,60,61,64,65,67,68,70,71,72,73,75,76,77,78,80,81,83,84,85]",41,940,17,0.0180851063829787,4
"[0,1,2,3,4,5,6,7,8,9,10,11,12,13,14,15,16,17,18,19,20,21,22,23,24,25,26,27,28,29,30,31,32,33,34,35,36,37,38,39,40,41,42,43,45,46,47,48,49,51,52,53,55,56,57,58,60,61,64,65,67,68,70,71,72,73,75,76,77,78,80,81,83,84,85]",42,940,1,0.00106382978723404,4
"[0,1,2,3,4,5,6,7,8,9,10,11,12,13,14,15,16,17,18,19,20,21,22,23,24,25,26,27,28,29,30,31,32,33,34,35,36,37,38,39,40,41,42,43,45,46,47,48,49,51,52,53,55,56,57,58,60,61,64,65,67,68,70,71,72,73,75,76,77,78,80,81,83,84,85]",43,940,1,0.00106382978723404,4
"[0,1,2,3,4,5,6,7,8,9,10,11,12,13,14,15,16,17,18,19,20,21,22,23,24,25,26,27,28,29,30,31,32,33,34,35,36,37,38,39,40,41,42,43,45,46,47,48,49,51,52,53,55,56,57,58,60,61,64,65,67,68,70,71,72,73,75,76,77,78,80,81,83,84,85]",45,940,0,0,4
"[0,1,2,3,4,5,6,7,8,9,10,11,12,13,14,15,16,17,18,19,20,21,22,23,24,25,26,27,28,29,30,31,32,33,34,35,36,37,38,39,40,41,42,43,45,46,47,48,49,51,52,53,55,56,57,58,60,61,64,65,67,68,70,71,72,73,75,76,77,78,80,81,83,84,85]",46,940,0,0,4
"[0,1,2,3,4,5,6,7,8,9,10,11,12,13,14,15,16,17,18,19,20,21,22,23,24,25,26,27,28,29,30,31,32,33,34,35,36,37,38,39,40,41,42,43,45,46,47,48,49,51,52,53,55,56,57,58,60,61,64,65,67,68,70,71,72,73,75,76,77,78,80,81,83,84,85]",47,940,0,0,4
"[0,1,2,3,4,5,6,7,8,9,10,11,12,13,14,15,16,17,18,19,20,21,22,23,24,25,26,27,28,29,30,31,32,33,34,35,36,37,38,39,40,41,42,43,45,46,47,48,49,51,52,53,55,56,57,58,60,61,64,65,67,68,70,71,72,73,75,76,77,78,80,81,83,84,85]",48,940,0,0,4
"[0,1,2,3,4,5,6,7,8,9,10,11,12,13,14,15,16,17,18,19,20,21,22,23,24,25,26,27,28,29,30,31,32,33,34,35,36,37,38,39,40,41,42,43,45,46,47,48,49,51,52,53,55,56,57,58,60,61,64,65,67,68,70,71,72,73,75,76,77,78,80,81,83,84,85]",49,940,3,0.00319148936170213,4
"[0,1,2,3,4,5,6,7,8,9,10,11,12,13,14,15,16,17,18,19,20,21,22,23,24,25,26,27,28,29,30,31,32,33,34,35,36,37,38,39,40,41,42,43,45,46,47,48,49,51,52,53,55,56,57,58,60,61,64,65,67,68,70,71,72,73,75,76,77,78,80,81,83,84,85]",51,940,1,0.00106382978723404,4
"[0,1,2,3,4,5,6,7,8,9,10,11,12,13,14,15,16,17,18,19,20,21,22,23,24,25,26,27,28,29,30,31,32,33,34,35,36,37,38,39,40,41,42,43,45,46,47,48,49,51,52,53,55,56,57,58,60,61,64,65,67,68,70,71,72,73,75,76,77,78,80,81,83,84,85]",52,940,0,0,4
"[0,1,2,3,4,5,6,7,8,9,10,11,12,13,14,15,16,17,18,19,20,21,22,23,24,25,26,27,28,29,30,31,32,33,34,35,36,37,38,39,40,41,42,43,45,46,47,48,49,51,52,53,55,56,57,58,60,61,64,65,67,68,70,71,72,73,75,76,77,78,80,81,83,84,85]",53,940,1,0.00106382978723404,4
"[0,1,2,3,4,5,6,7,8,9,10,11,12,13,14,15,16,17,18,19,20,21,22,23,24,25,26,27,28,29,30,31,32,33,34,35,36,37,38,39,40,41,42,43,45,46,47,48,49,51,52,53,55,56,57,58,60,61,64,65,67,68,70,71,72,73,75,76,77,78,80,81,83,84,85]",55,940,2,0.00212765957446809,4
"[0,1,2,3,4,5,6,7,8,9,10,11,12,13,14,15,16,17,18,19,20,21,22,23,24,25,26,27,28,29,30,31,32,33,34,35,36,37,38,39,40,41,42,43,45,46,47,48,49,51,52,53,55,56,57,58,60,61,64,65,67,68,70,71,72,73,75,76,77,78,80,81,83,84,85]",56,940,1,0.00106382978723404,4
"[0,1,2,3,4,5,6,7,8,9,10,11,12,13,14,15,16,17,18,19,20,21,22,23,24,25,26,27,28,29,30,31,32,33,34,35,36,37,38,39,40,41,42,43,45,46,47,48,49,51,52,53,55,56,57,58,60,61,64,65,67,68,70,71,72,73,75,76,77,78,80,81,83,84,85]",57,940,0,0,4
"[0,1,2,3,4,5,6,7,8,9,10,11,12,13,14,15,16,17,18,19,20,21,22,23,24,25,26,27,28,29,30,31,32,33,34,35,36,37,38,39,40,41,42,43,45,46,47,48,49,51,52,53,55,56,57,58,60,61,64,65,67,68,70,71,72,73,75,76,77,78,80,81,83,84,85]",58,940,7,0.0074468085106383,4
"[0,1,2,3,4,5,6,7,8,9,10,11,12,13,14,15,16,17,18,19,20,21,22,23,24,25,26,27,28,29,30,31,32,33,34,35,36,37,38,39,40,41,42,43,45,46,47,48,49,51,52,53,55,56,57,58,60,61,64,65,67,68,70,71,72,73,75,76,77,78,80,81,83,84,85]",60,940,4,0.00425531914893617,4
"[0,1,2,3,4,5,6,7,8,9,10,11,12,13,14,15,16,17,18,19,20,21,22,23,24,25,26,27,28,29,30,31,32,33,34,35,36,37,38,39,40,41,42,43,45,46,47,48,49,51,52,53,55,56,57,58,60,61,64,65,67,68,70,71,72,73,75,76,77,78,80,81,83,84,85]",61,940,0,0,4
"[0,1,2,3,4,5,6,7,8,9,10,11,12,13,14,15,16,17,18,19,20,21,22,23,24,25,26,27,28,29,30,31,32,33,34,35,36,37,38,39,40,41,42,43,45,46,47,48,49,51,52,53,55,56,57,58,60,61,64,65,67,68,70,71,72,73,75,76,77,78,80,81,83,84,85]",64,940,1,0.00106382978723404,4
"[0,1,2,3,4,5,6,7,8,9,10,11,12,13,14,15,16,17,18,19,20,21,22,23,24,25,26,27,28,29,30,31,32,33,34,35,36,37,38,39,40,41,42,43,45,46,47,48,49,51,52,53,55,56,57,58,60,61,64,65,67,68,70,71,72,73,75,76,77,78,80,81,83,84,85]",65,940,0,0,4
"[0,1,2,3,4,5,6,7,8,9,10,11,12,13,14,15,16,17,18,19,20,21,22,23,24,25,26,27,28,29,30,31,32,33,34,35,36,37,38,39,40,41,42,43,45,46,47,48,49,51,52,53,55,56,57,58,60,61,64,65,67,68,70,71,72,73,75,76,77,78,80,81,83,84,85]",67,940,1,0.00106382978723404,4
"[0,1,2,3,4,5,6,7,8,9,10,11,12,13,14,15,16,17,18,19,20,21,22,23,24,25,26,27,28,29,30,31,32,33,34,35,36,37,38,39,40,41,42,43,45,46,47,48,49,51,52,53,55,56,57,58,60,61,64,65,67,68,70,71,72,73,75,76,77,78,80,81,83,84,85]",68,940,0,0,4
"[0,1,2,3,4,5,6,7,8,9,10,11,12,13,14,15,16,17,18,19,20,21,22,23,24,25,26,27,28,29,30,31,32,33,34,35,36,37,38,39,40,41,42,43,45,46,47,48,49,51,52,53,55,56,57,58,60,61,64,65,67,68,70,71,72,73,75,76,77,78,80,81,83,84,85]",70,940,4,0.00425531914893617,4
"[0,1,2,3,4,5,6,7,8,9,10,11,12,13,14,15,16,17,18,19,20,21,22,23,24,25,26,27,28,29,30,31,32,33,34,35,36,37,38,39,40,41,42,43,45,46,47,48,49,51,52,53,55,56,57,58,60,61,64,65,67,68,70,71,72,73,75,76,77,78,80,81,83,84,85]",71,940,0,0,4
"[0,1,2,3,4,5,6,7,8,9,10,11,12,13,14,15,16,17,18,19,20,21,22,23,24,25,26,27,28,29,30,31,32,33,34,35,36,37,38,39,40,41,42,43,45,46,47,48,49,51,52,53,55,56,57,58,60,61,64,65,67,68,70,71,72,73,75,76,77,78,80,81,83,84,85]",72,940,7,0.0074468085106383,4
"[0,1,2,3,4,5,6,7,8,9,10,11,12,13,14,15,16,17,18,19,20,21,22,23,24,25,26,27,28,29,30,31,32,33,34,35,36,37,38,39,40,41,42,43,45,46,47,48,49,51,52,53,55,56,57,58,60,61,64,65,67,68,70,71,72,73,75,76,77,78,80,81,83,84,85]",73,940,4,0.00425531914893617,4
"[0,1,2,3,4,5,6,7,8,9,10,11,12,13,14,15,16,17,18,19,20,21,22,23,24,25,26,27,28,29,30,31,32,33,34,35,36,37,38,39,40,41,42,43,45,46,47,48,49,51,52,53,55,56,57,58,60,61,64,65,67,68,70,71,72,73,75,76,77,78,80,81,83,84,85]",75,940,0,0,4
"[0,1,2,3,4,5,6,7,8,9,10,11,12,13,14,15,16,17,18,19,20,21,22,23,24,25,26,27,28,29,30,31,32,33,34,35,36,37,38,39,40,41,42,43,45,46,47,48,49,51,52,53,55,56,57,58,60,61,64,65,67,68,70,71,72,73,75,76,77,78,80,81,83,84,85]",76,940,15,0.0159574468085106,4
"[0,1,2,3,4,5,6,7,8,9,10,11,12,13,14,15,16,17,18,19,20,21,22,23,24,25,26,27,28,29,30,31,32,33,34,35,36,37,38,39,40,41,42,43,45,46,47,48,49,51,52,53,55,56,57,58,60,61,64,65,67,68,70,71,72,73,75,76,77,78,80,81,83,84,85]",77,940,4,0.00425531914893617,4
"[0,1,2,3,4,5,6,7,8,9,10,11,12,13,14,15,16,17,18,19,20,21,22,23,24,25,26,27,28,29,30,31,32,33,34,35,36,37,38,39,40,41,42,43,45,46,47,48,49,51,52,53,55,56,57,58,60,61,64,65,67,68,70,71,72,73,75,76,77,78,80,81,83,84,85]",78,940,6,0.00638297872340425,4
"[0,1,2,3,4,5,6,7,8,9,10,11,12,13,14,15,16,17,18,19,20,21,22,23,24,25,26,27,28,29,30,31,32,33,34,35,36,37,38,39,40,41,42,43,45,46,47,48,49,51,52,53,55,56,57,58,60,61,64,65,67,68,70,71,72,73,75,76,77,78,80,81,83,84,85]",80,940,4,0.00425531914893617,4
"[0,1,2,3,4,5,6,7,8,9,10,11,12,13,14,15,16,17,18,19,20,21,22,23,24,25,26,27,28,29,30,31,32,33,34,35,36,37,38,39,40,41,42,43,45,46,47,48,49,51,52,53,55,56,57,58,60,61,64,65,67,68,70,71,72,73,75,76,77,78,80,81,83,84,85]",81,940,6,0.00638297872340425,4
"[0,1,2,3,4,5,6,7,8,9,10,11,12,13,14,15,16,17,18,19,20,21,22,23,24,25,26,27,28,29,30,31,32,33,34,35,36,37,38,39,40,41,42,43,45,46,47,48,49,51,52,53,55,56,57,58,60,61,64,65,67,68,70,71,72,73,75,76,77,78,80,81,83,84,85]",83,940,10,0.0106382978723404,4
"[0,1,2,3,4,5,6,7,8,9,10,11,12,13,14,15,16,17,18,19,20,21,22,23,24,25,26,27,28,29,30,31,32,33,34,35,36,37,38,39,40,41,42,43,45,46,47,48,49,51,52,53,55,56,57,58,60,61,64,65,67,68,70,71,72,73,75,76,77,78,80,81,83,84,85]",84,940,0,0,4
"[0,1,2,3,4,5,6,7,8,9,10,11,12,13,14,15,16,17,18,19,20,21,22,23,24,25,26,27,28,29,30,31,32,33,34,35,36,37,38,39,40,41,42,43,45,46,47,48,49,51,52,53,55,56,57,58,60,61,64,65,67,68,70,71,72,73,75,76,77,78,80,81,83,84,85]",85,940,0,0,4
"[0,1,2,3,4,5,6,7,8,9,10,11,12,13,14,15,16,17,18,19,20,21,22,23,24,25,26,27,28,29,30,31,32,33,34,35,36,37,38,39,40,42,43,45,46,47,48,49,51,52,53,55,56,57,58,60,61,64,65,67,68,70,71,72,73,75,76,77,80,84,85]",0,849,453,0.53356890459364,4
"[0,1,2,3,4,5,6,7,8,9,10,11,12,13,14,15,16,17,18,19,20,21,22,23,24,25,26,27,28,29,30,31,32,33,34,35,36,37,38,39,40,42,43,45,46,47,48,49,51,52,53,55,56,57,58,60,61,64,65,67,68,70,71,72,73,75,76,77,80,84,85]",1,849,0,0,4
"[0,1,2,3,4,5,6,7,8,9,10,11,12,13,14,15,16,17,18,19,20,21,22,23,24,25,26,27,28,29,30,31,32,33,34,35,36,37,38,39,40,42,43,45,46,47,48,49,51,52,53,55,56,57,58,60,61,64,65,67,68,70,71,72,73,75,76,77,80,84,85]",2,849,3,0.00353356890459364,4
"[0,1,2,3,4,5,6,7,8,9,10,11,12,13,14,15,16,17,18,19,20,21,22,23,24,25,26,27,28,29,30,31,32,33,34,35,36,37,38,39,40,42,43,45,46,47,48,49,51,52,53,55,56,57,58,60,61,64,65,67,68,70,71,72,73,75,76,77,80,84,85]",3,849,46,0.0541813898704358,4
"[0,1,2,3,4,5,6,7,8,9,10,11,12,13,14,15,16,17,18,19,20,21,22,23,24,25,26,27,28,29,30,31,32,33,34,35,36,37,38,39,40,42,43,45,46,47,48,49,51,52,53,55,56,57,58,60,61,64,65,67,68,70,71,72,73,75,76,77,80,84,85]",4,849,86,0.101295641931684,4
"[0,1,2,3,4,5,6,7,8,9,10,11,12,13,14,15,16,17,18,19,20,21,22,23,24,25,26,27,28,29,30,31,32,33,34,35,36,37,38,39,40,42,43,45,46,47,48,49,51,52,53,55,56,57,58,60,61,64,65,67,68,70,71,72,73,75,76,77,80,84,85]",5,849,42,0.049469964664311,4
"[0,1,2,3,4,5,6,7,8,9,10,11,12,13,14,15,16,17,18,19,20,21,22,23,24,25,26,27,28,29,30,31,32,33,34,35,36,37,38,39,40,42,43,45,46,47,48,49,51,52,53,55,56,57,58,60,61,64,65,67,68,70,71,72,73,75,76,77,80,84,85]",6,849,3,0.00353356890459364,4
"[0,1,2,3,4,5,6,7,8,9,10,11,12,13,14,15,16,17,18,19,20,21,22,23,24,25,26,27,28,29,30,31,32,33,34,35,36,37,38,39,40,42,43,45,46,47,48,49,51,52,53,55,56,57,58,60,61,64,65,67,68,70,71,72,73,75,76,77,80,84,85]",7,849,38,0.0447585394581861,4
"[0,1,2,3,4,5,6,7,8,9,10,11,12,13,14,15,16,17,18,19,20,21,22,23,24,25,26,27,28,29,30,31,32,33,34,35,36,37,38,39,40,42,43,45,46,47,48,49,51,52,53,55,56,57,58,60,61,64,65,67,68,70,71,72,73,75,76,77,80,84,85]",8,849,2,0.00235571260306243,4
"[0,1,2,3,4,5,6,7,8,9,10,11,12,13,14,15,16,17,18,19,20,21,22,23,24,25,26,27,28,29,30,31,32,33,34,35,36,37,38,39,40,42,43,45,46,47,48,49,51,52,53,55,56,57,58,60,61,64,65,67,68,70,71,72,73,75,76,77,80,84,85]",9,849,0,0,4
"[0,1,2,3,4,5,6,7,8,9,10,11,12,13,14,15,16,17,18,19,20,21,22,23,24,25,26,27,28,29,30,31,32,33,34,35,36,37,38,39,40,42,43,45,46,47,48,49,51,52,53,55,56,57,58,60,61,64,65,67,68,70,71,72,73,75,76,77,80,84,85]",10,849,7,0.00824499411071849,4
"[0,1,2,3,4,5,6,7,8,9,10,11,12,13,14,15,16,17,18,19,20,21,22,23,24,25,26,27,28,29,30,31,32,33,34,35,36,37,38,39,40,42,43,45,46,47,48,49,51,52,53,55,56,57,58,60,61,64,65,67,68,70,71,72,73,75,76,77,80,84,85]",11,849,3,0.00353356890459364,4
"[0,1,2,3,4,5,6,7,8,9,10,11,12,13,14,15,16,17,18,19,20,21,22,23,24,25,26,27,28,29,30,31,32,33,34,35,36,37,38,39,40,42,43,45,46,47,48,49,51,52,53,55,56,57,58,60,61,64,65,67,68,70,71,72,73,75,76,77,80,84,85]",12,849,17,0.0200235571260306,4
"[0,1,2,3,4,5,6,7,8,9,10,11,12,13,14,15,16,17,18,19,20,21,22,23,24,25,26,27,28,29,30,31,32,33,34,35,36,37,38,39,40,42,43,45,46,47,48,49,51,52,53,55,56,57,58,60,61,64,65,67,68,70,71,72,73,75,76,77,80,84,85]",13,849,0,0,4
"[0,1,2,3,4,5,6,7,8,9,10,11,12,13,14,15,16,17,18,19,20,21,22,23,24,25,26,27,28,29,30,31,32,33,34,35,36,37,38,39,40,42,43,45,46,47,48,49,51,52,53,55,56,57,58,60,61,64,65,67,68,70,71,72,73,75,76,77,80,84,85]",14,849,0,0,4
"[0,1,2,3,4,5,6,7,8,9,10,11,12,13,14,15,16,17,18,19,20,21,22,23,24,25,26,27,28,29,30,31,32,33,34,35,36,37,38,39,40,42,43,45,46,47,48,49,51,52,53,55,56,57,58,60,61,64,65,67,68,70,71,72,73,75,76,77,80,84,85]",15,849,1,0.00117785630153121,4
"[0,1,2,3,4,5,6,7,8,9,10,11,12,13,14,15,16,17,18,19,20,21,22,23,24,25,26,27,28,29,30,31,32,33,34,35,36,37,38,39,40,42,43,45,46,47,48,49,51,52,53,55,56,57,58,60,61,64,65,67,68,70,71,72,73,75,76,77,80,84,85]",16,849,0,0,4
"[0,1,2,3,4,5,6,7,8,9,10,11,12,13,14,15,16,17,18,19,20,21,22,23,24,25,26,27,28,29,30,31,32,33,34,35,36,37,38,39,40,42,43,45,46,47,48,49,51,52,53,55,56,57,58,60,61,64,65,67,68,70,71,72,73,75,76,77,80,84,85]",17,849,11,0.0129564193168433,4
"[0,1,2,3,4,5,6,7,8,9,10,11,12,13,14,15,16,17,18,19,20,21,22,23,24,25,26,27,28,29,30,31,32,33,34,35,36,37,38,39,40,42,43,45,46,47,48,49,51,52,53,55,56,57,58,60,61,64,65,67,68,70,71,72,73,75,76,77,80,84,85]",18,849,5,0.00588928150765607,4
"[0,1,2,3,4,5,6,7,8,9,10,11,12,13,14,15,16,17,18,19,20,21,22,23,24,25,26,27,28,29,30,31,32,33,34,35,36,37,38,39,40,42,43,45,46,47,48,49,51,52,53,55,56,57,58,60,61,64,65,67,68,70,71,72,73,75,76,77,80,84,85]",19,849,0,0,4
"[0,1,2,3,4,5,6,7,8,9,10,11,12,13,14,15,16,17,18,19,20,21,22,23,24,25,26,27,28,29,30,31,32,33,34,35,36,37,38,39,40,42,43,45,46,47,48,49,51,52,53,55,56,57,58,60,61,64,65,67,68,70,71,72,73,75,76,77,80,84,85]",20,849,0,0,4
"[0,1,2,3,4,5,6,7,8,9,10,11,12,13,14,15,16,17,18,19,20,21,22,23,24,25,26,27,28,29,30,31,32,33,34,35,36,37,38,39,40,42,43,45,46,47,48,49,51,52,53,55,56,57,58,60,61,64,65,67,68,70,71,72,73,75,76,77,80,84,85]",21,849,4,0.00471142520612485,4
"[0,1,2,3,4,5,6,7,8,9,10,11,12,13,14,15,16,17,18,19,20,21,22,23,24,25,26,27,28,29,30,31,32,33,34,35,36,37,38,39,40,42,43,45,46,47,48,49,51,52,53,55,56,57,58,60,61,64,65,67,68,70,71,72,73,75,76,77,80,84,85]",22,849,0,0,4
"[0,1,2,3,4,5,6,7,8,9,10,11,12,13,14,15,16,17,18,19,20,21,22,23,24,25,26,27,28,29,30,31,32,33,34,35,36,37,38,39,40,42,43,45,46,47,48,49,51,52,53,55,56,57,58,60,61,64,65,67,68,70,71,72,73,75,76,77,80,84,85]",23,849,9,0.0106007067137809,4
"[0,1,2,3,4,5,6,7,8,9,10,11,12,13,14,15,16,17,18,19,20,21,22,23,24,25,26,27,28,29,30,31,32,33,34,35,36,37,38,39,40,42,43,45,46,47,48,49,51,52,53,55,56,57,58,60,61,64,65,67,68,70,71,72,73,75,76,77,80,84,85]",24,849,4,0.00471142520612485,4
"[0,1,2,3,4,5,6,7,8,9,10,11,12,13,14,15,16,17,18,19,20,21,22,23,24,25,26,27,28,29,30,31,32,33,34,35,36,37,38,39,40,42,43,45,46,47,48,49,51,52,53,55,56,57,58,60,61,64,65,67,68,70,71,72,73,75,76,77,80,84,85]",25,849,0,0,4
"[0,1,2,3,4,5,6,7,8,9,10,11,12,13,14,15,16,17,18,19,20,21,22,23,24,25,26,27,28,29,30,31,32,33,34,35,36,37,38,39,40,42,43,45,46,47,48,49,51,52,53,55,56,57,58,60,61,64,65,67,68,70,71,72,73,75,76,77,80,84,85]",26,849,0,0,4
"[0,1,2,3,4,5,6,7,8,9,10,11,12,13,14,15,16,17,18,19,20,21,22,23,24,25,26,27,28,29,30,31,32,33,34,35,36,37,38,39,40,42,43,45,46,47,48,49,51,52,53,55,56,57,58,60,61,64,65,67,68,70,71,72,73,75,76,77,80,84,85]",27,849,1,0.00117785630153121,4
"[0,1,2,3,4,5,6,7,8,9,10,11,12,13,14,15,16,17,18,19,20,21,22,23,24,25,26,27,28,29,30,31,32,33,34,35,36,37,38,39,40,42,43,45,46,47,48,49,51,52,53,55,56,57,58,60,61,64,65,67,68,70,71,72,73,75,76,77,80,84,85]",28,849,0,0,4
"[0,1,2,3,4,5,6,7,8,9,10,11,12,13,14,15,16,17,18,19,20,21,22,23,24,25,26,27,28,29,30,31,32,33,34,35,36,37,38,39,40,42,43,45,46,47,48,49,51,52,53,55,56,57,58,60,61,64,65,67,68,70,71,72,73,75,76,77,80,84,85]",29,849,17,0.0200235571260306,4
"[0,1,2,3,4,5,6,7,8,9,10,11,12,13,14,15,16,17,18,19,20,21,22,23,24,25,26,27,28,29,30,31,32,33,34,35,36,37,38,39,40,42,43,45,46,47,48,49,51,52,53,55,56,57,58,60,61,64,65,67,68,70,71,72,73,75,76,77,80,84,85]",30,849,0,0,4
"[0,1,2,3,4,5,6,7,8,9,10,11,12,13,14,15,16,17,18,19,20,21,22,23,24,25,26,27,28,29,30,31,32,33,34,35,36,37,38,39,40,42,43,45,46,47,48,49,51,52,53,55,56,57,58,60,61,64,65,67,68,70,71,72,73,75,76,77,80,84,85]",31,849,11,0.0129564193168433,4
"[0,1,2,3,4,5,6,7,8,9,10,11,12,13,14,15,16,17,18,19,20,21,22,23,24,25,26,27,28,29,30,31,32,33,34,35,36,37,38,39,40,42,43,45,46,47,48,49,51,52,53,55,56,57,58,60,61,64,65,67,68,70,71,72,73,75,76,77,80,84,85]",32,849,1,0.00117785630153121,4
"[0,1,2,3,4,5,6,7,8,9,10,11,12,13,14,15,16,17,18,19,20,21,22,23,24,25,26,27,28,29,30,31,32,33,34,35,36,37,38,39,40,42,43,45,46,47,48,49,51,52,53,55,56,57,58,60,61,64,65,67,68,70,71,72,73,75,76,77,80,84,85]",33,849,3,0.00353356890459364,4
"[0,1,2,3,4,5,6,7,8,9,10,11,12,13,14,15,16,17,18,19,20,21,22,23,24,25,26,27,28,29,30,31,32,33,34,35,36,37,38,39,40,42,43,45,46,47,48,49,51,52,53,55,56,57,58,60,61,64,65,67,68,70,71,72,73,75,76,77,80,84,85]",34,849,0,0,4
"[0,1,2,3,4,5,6,7,8,9,10,11,12,13,14,15,16,17,18,19,20,21,22,23,24,25,26,27,28,29,30,31,32,33,34,35,36,37,38,39,40,42,43,45,46,47,48,49,51,52,53,55,56,57,58,60,61,64,65,67,68,70,71,72,73,75,76,77,80,84,85]",35,849,1,0.00117785630153121,4
"[0,1,2,3,4,5,6,7,8,9,10,11,12,13,14,15,16,17,18,19,20,21,22,23,24,25,26,27,28,29,30,31,32,33,34,35,36,37,38,39,40,42,43,45,46,47,48,49,51,52,53,55,56,57,58,60,61,64,65,67,68,70,71,72,73,75,76,77,80,84,85]",36,849,0,0,4
"[0,1,2,3,4,5,6,7,8,9,10,11,12,13,14,15,16,17,18,19,20,21,22,23,24,25,26,27,28,29,30,31,32,33,34,35,36,37,38,39,40,42,43,45,46,47,48,49,51,52,53,55,56,57,58,60,61,64,65,67,68,70,71,72,73,75,76,77,80,84,85]",37,849,0,0,4
"[0,1,2,3,4,5,6,7,8,9,10,11,12,13,14,15,16,17,18,19,20,21,22,23,24,25,26,27,28,29,30,31,32,33,34,35,36,37,38,39,40,42,43,45,46,47,48,49,51,52,53,55,56,57,58,60,61,64,65,67,68,70,71,72,73,75,76,77,80,84,85]",38,849,9,0.0106007067137809,4
"[0,1,2,3,4,5,6,7,8,9,10,11,12,13,14,15,16,17,18,19,20,21,22,23,24,25,26,27,28,29,30,31,32,33,34,35,36,37,38,39,40,42,43,45,46,47,48,49,51,52,53,55,56,57,58,60,61,64,65,67,68,70,71,72,73,75,76,77,80,84,85]",39,849,6,0.00706713780918728,4
"[0,1,2,3,4,5,6,7,8,9,10,11,12,13,14,15,16,17,18,19,20,21,22,23,24,25,26,27,28,29,30,31,32,33,34,35,36,37,38,39,40,42,43,45,46,47,48,49,51,52,53,55,56,57,58,60,61,64,65,67,68,70,71,72,73,75,76,77,80,84,85]",40,849,0,0,4
"[0,1,2,3,4,5,6,7,8,9,10,11,12,13,14,15,16,17,18,19,20,21,22,23,24,25,26,27,28,29,30,31,32,33,34,35,36,37,38,39,40,42,43,45,46,47,48,49,51,52,53,55,56,57,58,60,61,64,65,67,68,70,71,72,73,75,76,77,80,84,85]",42,849,1,0.00117785630153121,4
"[0,1,2,3,4,5,6,7,8,9,10,11,12,13,14,15,16,17,18,19,20,21,22,23,24,25,26,27,28,29,30,31,32,33,34,35,36,37,38,39,40,42,43,45,46,47,48,49,51,52,53,55,56,57,58,60,61,64,65,67,68,70,71,72,73,75,76,77,80,84,85]",43,849,1,0.00117785630153121,4
"[0,1,2,3,4,5,6,7,8,9,10,11,12,13,14,15,16,17,18,19,20,21,22,23,24,25,26,27,28,29,30,31,32,33,34,35,36,37,38,39,40,42,43,45,46,47,48,49,51,52,53,55,56,57,58,60,61,64,65,67,68,70,71,72,73,75,76,77,80,84,85]",45,849,0,0,4
"[0,1,2,3,4,5,6,7,8,9,10,11,12,13,14,15,16,17,18,19,20,21,22,23,24,25,26,27,28,29,30,31,32,33,34,35,36,37,38,39,40,42,43,45,46,47,48,49,51,52,53,55,56,57,58,60,61,64,65,67,68,70,71,72,73,75,76,77,80,84,85]",46,849,0,0,4
"[0,1,2,3,4,5,6,7,8,9,10,11,12,13,14,15,16,17,18,19,20,21,22,23,24,25,26,27,28,29,30,31,32,33,34,35,36,37,38,39,40,42,43,45,46,47,48,49,51,52,53,55,56,57,58,60,61,64,65,67,68,70,71,72,73,75,76,77,80,84,85]",47,849,0,0,4
"[0,1,2,3,4,5,6,7,8,9,10,11,12,13,14,15,16,17,18,19,20,21,22,23,24,25,26,27,28,29,30,31,32,33,34,35,36,37,38,39,40,42,43,45,46,47,48,49,51,52,53,55,56,57,58,60,61,64,65,67,68,70,71,72,73,75,76,77,80,84,85]",48,849,0,0,4
"[0,1,2,3,4,5,6,7,8,9,10,11,12,13,14,15,16,17,18,19,20,21,22,23,24,25,26,27,28,29,30,31,32,33,34,35,36,37,38,39,40,42,43,45,46,47,48,49,51,52,53,55,56,57,58,60,61,64,65,67,68,70,71,72,73,75,76,77,80,84,85]",49,849,4,0.00471142520612485,4
"[0,1,2,3,4,5,6,7,8,9,10,11,12,13,14,15,16,17,18,19,20,21,22,23,24,25,26,27,28,29,30,31,32,33,34,35,36,37,38,39,40,42,43,45,46,47,48,49,51,52,53,55,56,57,58,60,61,64,65,67,68,70,71,72,73,75,76,77,80,84,85]",51,849,0,0,4
"[0,1,2,3,4,5,6,7,8,9,10,11,12,13,14,15,16,17,18,19,20,21,22,23,24,25,26,27,28,29,30,31,32,33,34,35,36,37,38,39,40,42,43,45,46,47,48,49,51,52,53,55,56,57,58,60,61,64,65,67,68,70,71,72,73,75,76,77,80,84,85]",52,849,0,0,4
"[0,1,2,3,4,5,6,7,8,9,10,11,12,13,14,15,16,17,18,19,20,21,22,23,24,25,26,27,28,29,30,31,32,33,34,35,36,37,38,39,40,42,43,45,46,47,48,49,51,52,53,55,56,57,58,60,61,64,65,67,68,70,71,72,73,75,76,77,80,84,85]",53,849,7,0.00824499411071849,4
"[0,1,2,3,4,5,6,7,8,9,10,11,12,13,14,15,16,17,18,19,20,21,22,23,24,25,26,27,28,29,30,31,32,33,34,35,36,37,38,39,40,42,43,45,46,47,48,49,51,52,53,55,56,57,58,60,61,64,65,67,68,70,71,72,73,75,76,77,80,84,85]",55,849,3,0.00353356890459364,4
"[0,1,2,3,4,5,6,7,8,9,10,11,12,13,14,15,16,17,18,19,20,21,22,23,24,25,26,27,28,29,30,31,32,33,34,35,36,37,38,39,40,42,43,45,46,47,48,49,51,52,53,55,56,57,58,60,61,64,65,67,68,70,71,72,73,75,76,77,80,84,85]",56,849,0,0,4
"[0,1,2,3,4,5,6,7,8,9,10,11,12,13,14,15,16,17,18,19,20,21,22,23,24,25,26,27,28,29,30,31,32,33,34,35,36,37,38,39,40,42,43,45,46,47,48,49,51,52,53,55,56,57,58,60,61,64,65,67,68,70,71,72,73,75,76,77,80,84,85]",57,849,0,0,4
"[0,1,2,3,4,5,6,7,8,9,10,11,12,13,14,15,16,17,18,19,20,21,22,23,24,25,26,27,28,29,30,31,32,33,34,35,36,37,38,39,40,42,43,45,46,47,48,49,51,52,53,55,56,57,58,60,61,64,65,67,68,70,71,72,73,75,76,77,80,84,85]",58,849,4,0.00471142520612485,4
"[0,1,2,3,4,5,6,7,8,9,10,11,12,13,14,15,16,17,18,19,20,21,22,23,24,25,26,27,28,29,30,31,32,33,34,35,36,37,38,39,40,42,43,45,46,47,48,49,51,52,53,55,56,57,58,60,61,64,65,67,68,70,71,72,73,75,76,77,80,84,85]",60,849,1,0.00117785630153121,4
"[0,1,2,3,4,5,6,7,8,9,10,11,12,13,14,15,16,17,18,19,20,21,22,23,24,25,26,27,28,29,30,31,32,33,34,35,36,37,38,39,40,42,43,45,46,47,48,49,51,52,53,55,56,57,58,60,61,64,65,67,68,70,71,72,73,75,76,77,80,84,85]",61,849,0,0,4
"[0,1,2,3,4,5,6,7,8,9,10,11,12,13,14,15,16,17,18,19,20,21,22,23,24,25,26,27,28,29,30,31,32,33,34,35,36,37,38,39,40,42,43,45,46,47,48,49,51,52,53,55,56,57,58,60,61,64,65,67,68,70,71,72,73,75,76,77,80,84,85]",64,849,0,0,4
"[0,1,2,3,4,5,6,7,8,9,10,11,12,13,14,15,16,17,18,19,20,21,22,23,24,25,26,27,28,29,30,31,32,33,34,35,36,37,38,39,40,42,43,45,46,47,48,49,51,52,53,55,56,57,58,60,61,64,65,67,68,70,71,72,73,75,76,77,80,84,85]",65,849,3,0.00353356890459364,4
"[0,1,2,3,4,5,6,7,8,9,10,11,12,13,14,15,16,17,18,19,20,21,22,23,24,25,26,27,28,29,30,31,32,33,34,35,36,37,38,39,40,42,43,45,46,47,48,49,51,52,53,55,56,57,58,60,61,64,65,67,68,70,71,72,73,75,76,77,80,84,85]",67,849,4,0.00471142520612485,4
"[0,1,2,3,4,5,6,7,8,9,10,11,12,13,14,15,16,17,18,19,20,21,22,23,24,25,26,27,28,29,30,31,32,33,34,35,36,37,38,39,40,42,43,45,46,47,48,49,51,52,53,55,56,57,58,60,61,64,65,67,68,70,71,72,73,75,76,77,80,84,85]",68,849,0,0,4
"[0,1,2,3,4,5,6,7,8,9,10,11,12,13,14,15,16,17,18,19,20,21,22,23,24,25,26,27,28,29,30,31,32,33,34,35,36,37,38,39,40,42,43,45,46,47,48,49,51,52,53,55,56,57,58,60,61,64,65,67,68,70,71,72,73,75,76,77,80,84,85]",70,849,3,0.00353356890459364,4
"[0,1,2,3,4,5,6,7,8,9,10,11,12,13,14,15,16,17,18,19,20,21,22,23,24,25,26,27,28,29,30,31,32,33,34,35,36,37,38,39,40,42,43,45,46,47,48,49,51,52,53,55,56,57,58,60,61,64,65,67,68,70,71,72,73,75,76,77,80,84,85]",71,849,0,0,4
"[0,1,2,3,4,5,6,7,8,9,10,11,12,13,14,15,16,17,18,19,20,21,22,23,24,25,26,27,28,29,30,31,32,33,34,35,36,37,38,39,40,42,43,45,46,47,48,49,51,52,53,55,56,57,58,60,61,64,65,67,68,70,71,72,73,75,76,77,80,84,85]",72,849,7,0.00824499411071849,4
"[0,1,2,3,4,5,6,7,8,9,10,11,12,13,14,15,16,17,18,19,20,21,22,23,24,25,26,27,28,29,30,31,32,33,34,35,36,37,38,39,40,42,43,45,46,47,48,49,51,52,53,55,56,57,58,60,61,64,65,67,68,70,71,72,73,75,76,77,80,84,85]",73,849,1,0.00117785630153121,4
"[0,1,2,3,4,5,6,7,8,9,10,11,12,13,14,15,16,17,18,19,20,21,22,23,24,25,26,27,28,29,30,31,32,33,34,35,36,37,38,39,40,42,43,45,46,47,48,49,51,52,53,55,56,57,58,60,61,64,65,67,68,70,71,72,73,75,76,77,80,84,85]",75,849,0,0,4
"[0,1,2,3,4,5,6,7,8,9,10,11,12,13,14,15,16,17,18,19,20,21,22,23,24,25,26,27,28,29,30,31,32,33,34,35,36,37,38,39,40,42,43,45,46,47,48,49,51,52,53,55,56,57,58,60,61,64,65,67,68,70,71,72,73,75,76,77,80,84,85]",76,849,20,0.0235571260306243,4
"[0,1,2,3,4,5,6,7,8,9,10,11,12,13,14,15,16,17,18,19,20,21,22,23,24,25,26,27,28,29,30,31,32,33,34,35,36,37,38,39,40,42,43,45,46,47,48,49,51,52,53,55,56,57,58,60,61,64,65,67,68,70,71,72,73,75,76,77,80,84,85]",77,849,4,0.00471142520612485,4
"[0,1,2,3,4,5,6,7,8,9,10,11,12,13,14,15,16,17,18,19,20,21,22,23,24,25,26,27,28,29,30,31,32,33,34,35,36,37,38,39,40,42,43,45,46,47,48,49,51,52,53,55,56,57,58,60,61,64,65,67,68,70,71,72,73,75,76,77,80,84,85]",80,849,1,0.00117785630153121,4
"[0,1,2,3,4,5,6,7,8,9,10,11,12,13,14,15,16,17,18,19,20,21,22,23,24,25,26,27,28,29,30,31,32,33,34,35,36,37,38,39,40,42,43,45,46,47,48,49,51,52,53,55,56,57,58,60,61,64,65,67,68,70,71,72,73,75,76,77,80,84,85]",84,849,2,0.00235571260306243,4
"[0,1,2,3,4,5,6,7,8,9,10,11,12,13,14,15,16,17,18,19,20,21,22,23,24,25,26,27,28,29,30,31,32,33,34,35,36,37,38,39,40,42,43,45,46,47,48,49,51,52,53,55,56,57,58,60,61,64,65,67,68,70,71,72,73,75,76,77,80,84,85]",85,849,0,0,4
"[0,1,2,3,4,5,6,7,8,9,10,11,12,13,14,15,16,17,18,19,20,21,22,23,24,25,26,27,28,29,30,31,32,33,34,35,36,37,38,40,42,43,45,46,47,48,49,51,52,53,55,56,57,58,60,61,64,65,67,68,70,71,72,73,75,76,85,86,88,91]",0,1369,469,0.342585829072316,4
"[0,1,2,3,4,5,6,7,8,9,10,11,12,13,14,15,16,17,18,19,20,21,22,23,24,25,26,27,28,29,30,31,32,33,34,35,36,37,38,40,42,43,45,46,47,48,49,51,52,53,55,56,57,58,60,61,64,65,67,68,70,71,72,73,75,76,85,86,88,91]",1,1369,5,0.00365230094959825,4
"[0,1,2,3,4,5,6,7,8,9,10,11,12,13,14,15,16,17,18,19,20,21,22,23,24,25,26,27,28,29,30,31,32,33,34,35,36,37,38,40,42,43,45,46,47,48,49,51,52,53,55,56,57,58,60,61,64,65,67,68,70,71,72,73,75,76,85,86,88,91]",2,1369,1,0.000730460189919649,4
"[0,1,2,3,4,5,6,7,8,9,10,11,12,13,14,15,16,17,18,19,20,21,22,23,24,25,26,27,28,29,30,31,32,33,34,35,36,37,38,40,42,43,45,46,47,48,49,51,52,53,55,56,57,58,60,61,64,65,67,68,70,71,72,73,75,76,85,86,88,91]",3,1369,24,0.0175310445580716,4
"[0,1,2,3,4,5,6,7,8,9,10,11,12,13,14,15,16,17,18,19,20,21,22,23,24,25,26,27,28,29,30,31,32,33,34,35,36,37,38,40,42,43,45,46,47,48,49,51,52,53,55,56,57,58,60,61,64,65,67,68,70,71,72,73,75,76,85,86,88,91]",4,1369,74,0.0540540540540541,4
"[0,1,2,3,4,5,6,7,8,9,10,11,12,13,14,15,16,17,18,19,20,21,22,23,24,25,26,27,28,29,30,31,32,33,34,35,36,37,38,40,42,43,45,46,47,48,49,51,52,53,55,56,57,58,60,61,64,65,67,68,70,71,72,73,75,76,85,86,88,91]",5,1369,43,0.0314097881665449,4
"[0,1,2,3,4,5,6,7,8,9,10,11,12,13,14,15,16,17,18,19,20,21,22,23,24,25,26,27,28,29,30,31,32,33,34,35,36,37,38,40,42,43,45,46,47,48,49,51,52,53,55,56,57,58,60,61,64,65,67,68,70,71,72,73,75,76,85,86,88,91]",6,1369,7,0.00511322132943755,4
"[0,1,2,3,4,5,6,7,8,9,10,11,12,13,14,15,16,17,18,19,20,21,22,23,24,25,26,27,28,29,30,31,32,33,34,35,36,37,38,40,42,43,45,46,47,48,49,51,52,53,55,56,57,58,60,61,64,65,67,68,70,71,72,73,75,76,85,86,88,91]",7,1369,59,0.0430971512052593,4
"[0,1,2,3,4,5,6,7,8,9,10,11,12,13,14,15,16,17,18,19,20,21,22,23,24,25,26,27,28,29,30,31,32,33,34,35,36,37,38,40,42,43,45,46,47,48,49,51,52,53,55,56,57,58,60,61,64,65,67,68,70,71,72,73,75,76,85,86,88,91]",8,1369,4,0.0029218407596786,4
"[0,1,2,3,4,5,6,7,8,9,10,11,12,13,14,15,16,17,18,19,20,21,22,23,24,25,26,27,28,29,30,31,32,33,34,35,36,37,38,40,42,43,45,46,47,48,49,51,52,53,55,56,57,58,60,61,64,65,67,68,70,71,72,73,75,76,85,86,88,91]",9,1369,0,0,4
"[0,1,2,3,4,5,6,7,8,9,10,11,12,13,14,15,16,17,18,19,20,21,22,23,24,25,26,27,28,29,30,31,32,33,34,35,36,37,38,40,42,43,45,46,47,48,49,51,52,53,55,56,57,58,60,61,64,65,67,68,70,71,72,73,75,76,85,86,88,91]",10,1369,2,0.0014609203798393,4
"[0,1,2,3,4,5,6,7,8,9,10,11,12,13,14,15,16,17,18,19,20,21,22,23,24,25,26,27,28,29,30,31,32,33,34,35,36,37,38,40,42,43,45,46,47,48,49,51,52,53,55,56,57,58,60,61,64,65,67,68,70,71,72,73,75,76,85,86,88,91]",11,1369,9,0.00657414170927684,4
"[0,1,2,3,4,5,6,7,8,9,10,11,12,13,14,15,16,17,18,19,20,21,22,23,24,25,26,27,28,29,30,31,32,33,34,35,36,37,38,40,42,43,45,46,47,48,49,51,52,53,55,56,57,58,60,61,64,65,67,68,70,71,72,73,75,76,85,86,88,91]",12,1369,14,0.0102264426588751,4
"[0,1,2,3,4,5,6,7,8,9,10,11,12,13,14,15,16,17,18,19,20,21,22,23,24,25,26,27,28,29,30,31,32,33,34,35,36,37,38,40,42,43,45,46,47,48,49,51,52,53,55,56,57,58,60,61,64,65,67,68,70,71,72,73,75,76,85,86,88,91]",13,1369,0,0,4
"[0,1,2,3,4,5,6,7,8,9,10,11,12,13,14,15,16,17,18,19,20,21,22,23,24,25,26,27,28,29,30,31,32,33,34,35,36,37,38,40,42,43,45,46,47,48,49,51,52,53,55,56,57,58,60,61,64,65,67,68,70,71,72,73,75,76,85,86,88,91]",14,1369,0,0,4
"[0,1,2,3,4,5,6,7,8,9,10,11,12,13,14,15,16,17,18,19,20,21,22,23,24,25,26,27,28,29,30,31,32,33,34,35,36,37,38,40,42,43,45,46,47,48,49,51,52,53,55,56,57,58,60,61,64,65,67,68,70,71,72,73,75,76,85,86,88,91]",15,1369,0,0,4
"[0,1,2,3,4,5,6,7,8,9,10,11,12,13,14,15,16,17,18,19,20,21,22,23,24,25,26,27,28,29,30,31,32,33,34,35,36,37,38,40,42,43,45,46,47,48,49,51,52,53,55,56,57,58,60,61,64,65,67,68,70,71,72,73,75,76,85,86,88,91]",16,1369,0,0,4
"[0,1,2,3,4,5,6,7,8,9,10,11,12,13,14,15,16,17,18,19,20,21,22,23,24,25,26,27,28,29,30,31,32,33,34,35,36,37,38,40,42,43,45,46,47,48,49,51,52,53,55,56,57,58,60,61,64,65,67,68,70,71,72,73,75,76,85,86,88,91]",17,1369,15,0.0109569028487947,4
"[0,1,2,3,4,5,6,7,8,9,10,11,12,13,14,15,16,17,18,19,20,21,22,23,24,25,26,27,28,29,30,31,32,33,34,35,36,37,38,40,42,43,45,46,47,48,49,51,52,53,55,56,57,58,60,61,64,65,67,68,70,71,72,73,75,76,85,86,88,91]",18,1369,5,0.00365230094959825,4
"[0,1,2,3,4,5,6,7,8,9,10,11,12,13,14,15,16,17,18,19,20,21,22,23,24,25,26,27,28,29,30,31,32,33,34,35,36,37,38,40,42,43,45,46,47,48,49,51,52,53,55,56,57,58,60,61,64,65,67,68,70,71,72,73,75,76,85,86,88,91]",19,1369,11,0.00803506208911614,4
"[0,1,2,3,4,5,6,7,8,9,10,11,12,13,14,15,16,17,18,19,20,21,22,23,24,25,26,27,28,29,30,31,32,33,34,35,36,37,38,40,42,43,45,46,47,48,49,51,52,53,55,56,57,58,60,61,64,65,67,68,70,71,72,73,75,76,85,86,88,91]",20,1369,3,0.00219138056975895,4
"[0,1,2,3,4,5,6,7,8,9,10,11,12,13,14,15,16,17,18,19,20,21,22,23,24,25,26,27,28,29,30,31,32,33,34,35,36,37,38,40,42,43,45,46,47,48,49,51,52,53,55,56,57,58,60,61,64,65,67,68,70,71,72,73,75,76,85,86,88,91]",21,1369,2,0.0014609203798393,4
"[0,1,2,3,4,5,6,7,8,9,10,11,12,13,14,15,16,17,18,19,20,21,22,23,24,25,26,27,28,29,30,31,32,33,34,35,36,37,38,40,42,43,45,46,47,48,49,51,52,53,55,56,57,58,60,61,64,65,67,68,70,71,72,73,75,76,85,86,88,91]",22,1369,0,0,4
"[0,1,2,3,4,5,6,7,8,9,10,11,12,13,14,15,16,17,18,19,20,21,22,23,24,25,26,27,28,29,30,31,32,33,34,35,36,37,38,40,42,43,45,46,47,48,49,51,52,53,55,56,57,58,60,61,64,65,67,68,70,71,72,73,75,76,85,86,88,91]",23,1369,4,0.0029218407596786,4
"[0,1,2,3,4,5,6,7,8,9,10,11,12,13,14,15,16,17,18,19,20,21,22,23,24,25,26,27,28,29,30,31,32,33,34,35,36,37,38,40,42,43,45,46,47,48,49,51,52,53,55,56,57,58,60,61,64,65,67,68,70,71,72,73,75,76,85,86,88,91]",24,1369,3,0.00219138056975895,4
"[0,1,2,3,4,5,6,7,8,9,10,11,12,13,14,15,16,17,18,19,20,21,22,23,24,25,26,27,28,29,30,31,32,33,34,35,36,37,38,40,42,43,45,46,47,48,49,51,52,53,55,56,57,58,60,61,64,65,67,68,70,71,72,73,75,76,85,86,88,91]",25,1369,0,0,4
"[0,1,2,3,4,5,6,7,8,9,10,11,12,13,14,15,16,17,18,19,20,21,22,23,24,25,26,27,28,29,30,31,32,33,34,35,36,37,38,40,42,43,45,46,47,48,49,51,52,53,55,56,57,58,60,61,64,65,67,68,70,71,72,73,75,76,85,86,88,91]",26,1369,0,0,4
"[0,1,2,3,4,5,6,7,8,9,10,11,12,13,14,15,16,17,18,19,20,21,22,23,24,25,26,27,28,29,30,31,32,33,34,35,36,37,38,40,42,43,45,46,47,48,49,51,52,53,55,56,57,58,60,61,64,65,67,68,70,71,72,73,75,76,85,86,88,91]",27,1369,2,0.0014609203798393,4
"[0,1,2,3,4,5,6,7,8,9,10,11,12,13,14,15,16,17,18,19,20,21,22,23,24,25,26,27,28,29,30,31,32,33,34,35,36,37,38,40,42,43,45,46,47,48,49,51,52,53,55,56,57,58,60,61,64,65,67,68,70,71,72,73,75,76,85,86,88,91]",28,1369,1,0.000730460189919649,4
"[0,1,2,3,4,5,6,7,8,9,10,11,12,13,14,15,16,17,18,19,20,21,22,23,24,25,26,27,28,29,30,31,32,33,34,35,36,37,38,40,42,43,45,46,47,48,49,51,52,53,55,56,57,58,60,61,64,65,67,68,70,71,72,73,75,76,85,86,88,91]",29,1369,74,0.0540540540540541,4
"[0,1,2,3,4,5,6,7,8,9,10,11,12,13,14,15,16,17,18,19,20,21,22,23,24,25,26,27,28,29,30,31,32,33,34,35,36,37,38,40,42,43,45,46,47,48,49,51,52,53,55,56,57,58,60,61,64,65,67,68,70,71,72,73,75,76,85,86,88,91]",30,1369,0,0,4
"[0,1,2,3,4,5,6,7,8,9,10,11,12,13,14,15,16,17,18,19,20,21,22,23,24,25,26,27,28,29,30,31,32,33,34,35,36,37,38,40,42,43,45,46,47,48,49,51,52,53,55,56,57,58,60,61,64,65,67,68,70,71,72,73,75,76,85,86,88,91]",31,1369,20,0.014609203798393,4
"[0,1,2,3,4,5,6,7,8,9,10,11,12,13,14,15,16,17,18,19,20,21,22,23,24,25,26,27,28,29,30,31,32,33,34,35,36,37,38,40,42,43,45,46,47,48,49,51,52,53,55,56,57,58,60,61,64,65,67,68,70,71,72,73,75,76,85,86,88,91]",32,1369,0,0,4
"[0,1,2,3,4,5,6,7,8,9,10,11,12,13,14,15,16,17,18,19,20,21,22,23,24,25,26,27,28,29,30,31,32,33,34,35,36,37,38,40,42,43,45,46,47,48,49,51,52,53,55,56,57,58,60,61,64,65,67,68,70,71,72,73,75,76,85,86,88,91]",33,1369,10,0.00730460189919649,4
"[0,1,2,3,4,5,6,7,8,9,10,11,12,13,14,15,16,17,18,19,20,21,22,23,24,25,26,27,28,29,30,31,32,33,34,35,36,37,38,40,42,43,45,46,47,48,49,51,52,53,55,56,57,58,60,61,64,65,67,68,70,71,72,73,75,76,85,86,88,91]",34,1369,1,0.000730460189919649,4
"[0,1,2,3,4,5,6,7,8,9,10,11,12,13,14,15,16,17,18,19,20,21,22,23,24,25,26,27,28,29,30,31,32,33,34,35,36,37,38,40,42,43,45,46,47,48,49,51,52,53,55,56,57,58,60,61,64,65,67,68,70,71,72,73,75,76,85,86,88,91]",35,1369,12,0.00876552227903579,4
"[0,1,2,3,4,5,6,7,8,9,10,11,12,13,14,15,16,17,18,19,20,21,22,23,24,25,26,27,28,29,30,31,32,33,34,35,36,37,38,40,42,43,45,46,47,48,49,51,52,53,55,56,57,58,60,61,64,65,67,68,70,71,72,73,75,76,85,86,88,91]",36,1369,7,0.00511322132943755,4
"[0,1,2,3,4,5,6,7,8,9,10,11,12,13,14,15,16,17,18,19,20,21,22,23,24,25,26,27,28,29,30,31,32,33,34,35,36,37,38,40,42,43,45,46,47,48,49,51,52,53,55,56,57,58,60,61,64,65,67,68,70,71,72,73,75,76,85,86,88,91]",37,1369,1,0.000730460189919649,4
"[0,1,2,3,4,5,6,7,8,9,10,11,12,13,14,15,16,17,18,19,20,21,22,23,24,25,26,27,28,29,30,31,32,33,34,35,36,37,38,40,42,43,45,46,47,48,49,51,52,53,55,56,57,58,60,61,64,65,67,68,70,71,72,73,75,76,85,86,88,91]",38,1369,6,0.0043827611395179,4
"[0,1,2,3,4,5,6,7,8,9,10,11,12,13,14,15,16,17,18,19,20,21,22,23,24,25,26,27,28,29,30,31,32,33,34,35,36,37,38,40,42,43,45,46,47,48,49,51,52,53,55,56,57,58,60,61,64,65,67,68,70,71,72,73,75,76,85,86,88,91]",40,1369,1,0.000730460189919649,4
"[0,1,2,3,4,5,6,7,8,9,10,11,12,13,14,15,16,17,18,19,20,21,22,23,24,25,26,27,28,29,30,31,32,33,34,35,36,37,38,40,42,43,45,46,47,48,49,51,52,53,55,56,57,58,60,61,64,65,67,68,70,71,72,73,75,76,85,86,88,91]",42,1369,2,0.0014609203798393,4
"[0,1,2,3,4,5,6,7,8,9,10,11,12,13,14,15,16,17,18,19,20,21,22,23,24,25,26,27,28,29,30,31,32,33,34,35,36,37,38,40,42,43,45,46,47,48,49,51,52,53,55,56,57,58,60,61,64,65,67,68,70,71,72,73,75,76,85,86,88,91]",43,1369,2,0.0014609203798393,4
"[0,1,2,3,4,5,6,7,8,9,10,11,12,13,14,15,16,17,18,19,20,21,22,23,24,25,26,27,28,29,30,31,32,33,34,35,36,37,38,40,42,43,45,46,47,48,49,51,52,53,55,56,57,58,60,61,64,65,67,68,70,71,72,73,75,76,85,86,88,91]",45,1369,0,0,4
"[0,1,2,3,4,5,6,7,8,9,10,11,12,13,14,15,16,17,18,19,20,21,22,23,24,25,26,27,28,29,30,31,32,33,34,35,36,37,38,40,42,43,45,46,47,48,49,51,52,53,55,56,57,58,60,61,64,65,67,68,70,71,72,73,75,76,85,86,88,91]",46,1369,0,0,4
"[0,1,2,3,4,5,6,7,8,9,10,11,12,13,14,15,16,17,18,19,20,21,22,23,24,25,26,27,28,29,30,31,32,33,34,35,36,37,38,40,42,43,45,46,47,48,49,51,52,53,55,56,57,58,60,61,64,65,67,68,70,71,72,73,75,76,85,86,88,91]",47,1369,0,0,4
"[0,1,2,3,4,5,6,7,8,9,10,11,12,13,14,15,16,17,18,19,20,21,22,23,24,25,26,27,28,29,30,31,32,33,34,35,36,37,38,40,42,43,45,46,47,48,49,51,52,53,55,56,57,58,60,61,64,65,67,68,70,71,72,73,75,76,85,86,88,91]",48,1369,0,0,4
"[0,1,2,3,4,5,6,7,8,9,10,11,12,13,14,15,16,17,18,19,20,21,22,23,24,25,26,27,28,29,30,31,32,33,34,35,36,37,38,40,42,43,45,46,47,48,49,51,52,53,55,56,57,58,60,61,64,65,67,68,70,71,72,73,75,76,85,86,88,91]",49,1369,5,0.00365230094959825,4
"[0,1,2,3,4,5,6,7,8,9,10,11,12,13,14,15,16,17,18,19,20,21,22,23,24,25,26,27,28,29,30,31,32,33,34,35,36,37,38,40,42,43,45,46,47,48,49,51,52,53,55,56,57,58,60,61,64,65,67,68,70,71,72,73,75,76,85,86,88,91]",51,1369,3,0.00219138056975895,4
"[0,1,2,3,4,5,6,7,8,9,10,11,12,13,14,15,16,17,18,19,20,21,22,23,24,25,26,27,28,29,30,31,32,33,34,35,36,37,38,40,42,43,45,46,47,48,49,51,52,53,55,56,57,58,60,61,64,65,67,68,70,71,72,73,75,76,85,86,88,91]",52,1369,0,0,4
"[0,1,2,3,4,5,6,7,8,9,10,11,12,13,14,15,16,17,18,19,20,21,22,23,24,25,26,27,28,29,30,31,32,33,34,35,36,37,38,40,42,43,45,46,47,48,49,51,52,53,55,56,57,58,60,61,64,65,67,68,70,71,72,73,75,76,85,86,88,91]",53,1369,5,0.00365230094959825,4
"[0,1,2,3,4,5,6,7,8,9,10,11,12,13,14,15,16,17,18,19,20,21,22,23,24,25,26,27,28,29,30,31,32,33,34,35,36,37,38,40,42,43,45,46,47,48,49,51,52,53,55,56,57,58,60,61,64,65,67,68,70,71,72,73,75,76,85,86,88,91]",55,1369,5,0.00365230094959825,4
"[0,1,2,3,4,5,6,7,8,9,10,11,12,13,14,15,16,17,18,19,20,21,22,23,24,25,26,27,28,29,30,31,32,33,34,35,36,37,38,40,42,43,45,46,47,48,49,51,52,53,55,56,57,58,60,61,64,65,67,68,70,71,72,73,75,76,85,86,88,91]",56,1369,0,0,4
"[0,1,2,3,4,5,6,7,8,9,10,11,12,13,14,15,16,17,18,19,20,21,22,23,24,25,26,27,28,29,30,31,32,33,34,35,36,37,38,40,42,43,45,46,47,48,49,51,52,53,55,56,57,58,60,61,64,65,67,68,70,71,72,73,75,76,85,86,88,91]",57,1369,0,0,4
"[0,1,2,3,4,5,6,7,8,9,10,11,12,13,14,15,16,17,18,19,20,21,22,23,24,25,26,27,28,29,30,31,32,33,34,35,36,37,38,40,42,43,45,46,47,48,49,51,52,53,55,56,57,58,60,61,64,65,67,68,70,71,72,73,75,76,85,86,88,91]",58,1369,2,0.0014609203798393,4
"[0,1,2,3,4,5,6,7,8,9,10,11,12,13,14,15,16,17,18,19,20,21,22,23,24,25,26,27,28,29,30,31,32,33,34,35,36,37,38,40,42,43,45,46,47,48,49,51,52,53,55,56,57,58,60,61,64,65,67,68,70,71,72,73,75,76,85,86,88,91]",60,1369,2,0.0014609203798393,4
"[0,1,2,3,4,5,6,7,8,9,10,11,12,13,14,15,16,17,18,19,20,21,22,23,24,25,26,27,28,29,30,31,32,33,34,35,36,37,38,40,42,43,45,46,47,48,49,51,52,53,55,56,57,58,60,61,64,65,67,68,70,71,72,73,75,76,85,86,88,91]",61,1369,0,0,4
"[0,1,2,3,4,5,6,7,8,9,10,11,12,13,14,15,16,17,18,19,20,21,22,23,24,25,26,27,28,29,30,31,32,33,34,35,36,37,38,40,42,43,45,46,47,48,49,51,52,53,55,56,57,58,60,61,64,65,67,68,70,71,72,73,75,76,85,86,88,91]",64,1369,0,0,4
"[0,1,2,3,4,5,6,7,8,9,10,11,12,13,14,15,16,17,18,19,20,21,22,23,24,25,26,27,28,29,30,31,32,33,34,35,36,37,38,40,42,43,45,46,47,48,49,51,52,53,55,56,57,58,60,61,64,65,67,68,70,71,72,73,75,76,85,86,88,91]",65,1369,1,0.000730460189919649,4
"[0,1,2,3,4,5,6,7,8,9,10,11,12,13,14,15,16,17,18,19,20,21,22,23,24,25,26,27,28,29,30,31,32,33,34,35,36,37,38,40,42,43,45,46,47,48,49,51,52,53,55,56,57,58,60,61,64,65,67,68,70,71,72,73,75,76,85,86,88,91]",67,1369,2,0.0014609203798393,4
"[0,1,2,3,4,5,6,7,8,9,10,11,12,13,14,15,16,17,18,19,20,21,22,23,24,25,26,27,28,29,30,31,32,33,34,35,36,37,38,40,42,43,45,46,47,48,49,51,52,53,55,56,57,58,60,61,64,65,67,68,70,71,72,73,75,76,85,86,88,91]",68,1369,0,0,4
"[0,1,2,3,4,5,6,7,8,9,10,11,12,13,14,15,16,17,18,19,20,21,22,23,24,25,26,27,28,29,30,31,32,33,34,35,36,37,38,40,42,43,45,46,47,48,49,51,52,53,55,56,57,58,60,61,64,65,67,68,70,71,72,73,75,76,85,86,88,91]",70,1369,5,0.00365230094959825,4
"[0,1,2,3,4,5,6,7,8,9,10,11,12,13,14,15,16,17,18,19,20,21,22,23,24,25,26,27,28,29,30,31,32,33,34,35,36,37,38,40,42,43,45,46,47,48,49,51,52,53,55,56,57,58,60,61,64,65,67,68,70,71,72,73,75,76,85,86,88,91]",71,1369,0,0,4
"[0,1,2,3,4,5,6,7,8,9,10,11,12,13,14,15,16,17,18,19,20,21,22,23,24,25,26,27,28,29,30,31,32,33,34,35,36,37,38,40,42,43,45,46,47,48,49,51,52,53,55,56,57,58,60,61,64,65,67,68,70,71,72,73,75,76,85,86,88,91]",72,1369,30,0.0219138056975895,4
"[0,1,2,3,4,5,6,7,8,9,10,11,12,13,14,15,16,17,18,19,20,21,22,23,24,25,26,27,28,29,30,31,32,33,34,35,36,37,38,40,42,43,45,46,47,48,49,51,52,53,55,56,57,58,60,61,64,65,67,68,70,71,72,73,75,76,85,86,88,91]",73,1369,1,0.000730460189919649,4
"[0,1,2,3,4,5,6,7,8,9,10,11,12,13,14,15,16,17,18,19,20,21,22,23,24,25,26,27,28,29,30,31,32,33,34,35,36,37,38,40,42,43,45,46,47,48,49,51,52,53,55,56,57,58,60,61,64,65,67,68,70,71,72,73,75,76,85,86,88,91]",75,1369,0,0,4
"[0,1,2,3,4,5,6,7,8,9,10,11,12,13,14,15,16,17,18,19,20,21,22,23,24,25,26,27,28,29,30,31,32,33,34,35,36,37,38,40,42,43,45,46,47,48,49,51,52,53,55,56,57,58,60,61,64,65,67,68,70,71,72,73,75,76,85,86,88,91]",76,1369,23,0.0168005843681519,4
"[0,1,2,3,4,5,6,7,8,9,10,11,12,13,14,15,16,17,18,19,20,21,22,23,24,25,26,27,28,29,30,31,32,33,34,35,36,37,38,40,42,43,45,46,47,48,49,51,52,53,55,56,57,58,60,61,64,65,67,68,70,71,72,73,75,76,85,86,88,91]",85,1369,0,0,4
"[0,1,2,3,4,5,6,7,8,9,10,11,12,13,14,15,16,17,18,19,20,21,22,23,24,25,26,27,28,29,30,31,32,33,34,35,36,37,38,40,42,43,45,46,47,48,49,51,52,53,55,56,57,58,60,61,64,65,67,68,70,71,72,73,75,76,85,86,88,91]",86,1369,257,0.18772826880935,4
"[0,1,2,3,4,5,6,7,8,9,10,11,12,13,14,15,16,17,18,19,20,21,22,23,24,25,26,27,28,29,30,31,32,33,34,35,36,37,38,40,42,43,45,46,47,48,49,51,52,53,55,56,57,58,60,61,64,65,67,68,70,71,72,73,75,76,85,86,88,91]",88,1369,135,0.0986121256391527,4
"[0,1,2,3,4,5,6,7,8,9,10,11,12,13,14,15,16,17,18,19,20,21,22,23,24,25,26,27,28,29,30,31,32,33,34,35,36,37,38,40,42,43,45,46,47,48,49,51,52,53,55,56,57,58,60,61,64,65,67,68,70,71,72,73,75,76,85,86,88,91]",91,1369,0,0,4
"[0,1,2,3,4,5,6,7,8,9,10,11,12,13,14,15,16,17,18,19,20,21,22,23,24,25,26,27,28,29,30,31,32,33,34,35,37,38,40,42,43,45,46,47,48,49,51,52,53,55,56,57,58,60,61,64,65,67,68,70,71,72,75,76,85]",0,437,227,0.519450800915332,2
"[0,1,2,3,4,5,6,7,8,9,10,11,12,13,14,15,16,17,18,19,20,21,22,23,24,25,26,27,28,29,30,31,32,33,34,35,37,38,40,42,43,45,46,47,48,49,51,52,53,55,56,57,58,60,61,64,65,67,68,70,71,72,75,76,85]",1,437,0,0,2
"[0,1,2,3,4,5,6,7,8,9,10,11,12,13,14,15,16,17,18,19,20,21,22,23,24,25,26,27,28,29,30,31,32,33,34,35,37,38,40,42,43,45,46,47,48,49,51,52,53,55,56,57,58,60,61,64,65,67,68,70,71,72,75,76,85]",2,437,2,0.0045766590389016,2
"[0,1,2,3,4,5,6,7,8,9,10,11,12,13,14,15,16,17,18,19,20,21,22,23,24,25,26,27,28,29,30,31,32,33,34,35,37,38,40,42,43,45,46,47,48,49,51,52,53,55,56,57,58,60,61,64,65,67,68,70,71,72,75,76,85]",3,437,28,0.0640732265446224,2
"[0,1,2,3,4,5,6,7,8,9,10,11,12,13,14,15,16,17,18,19,20,21,22,23,24,25,26,27,28,29,30,31,32,33,34,35,37,38,40,42,43,45,46,47,48,49,51,52,53,55,56,57,58,60,61,64,65,67,68,70,71,72,75,76,85]",4,437,48,0.109839816933638,2
"[0,1,2,3,4,5,6,7,8,9,10,11,12,13,14,15,16,17,18,19,20,21,22,23,24,25,26,27,28,29,30,31,32,33,34,35,37,38,40,42,43,45,46,47,48,49,51,52,53,55,56,57,58,60,61,64,65,67,68,70,71,72,75,76,85]",5,437,13,0.0297482837528604,2
"[0,1,2,3,4,5,6,7,8,9,10,11,12,13,14,15,16,17,18,19,20,21,22,23,24,25,26,27,28,29,30,31,32,33,34,35,37,38,40,42,43,45,46,47,48,49,51,52,53,55,56,57,58,60,61,64,65,67,68,70,71,72,75,76,85]",6,437,7,0.0160183066361556,2
"[0,1,2,3,4,5,6,7,8,9,10,11,12,13,14,15,16,17,18,19,20,21,22,23,24,25,26,27,28,29,30,31,32,33,34,35,37,38,40,42,43,45,46,47,48,49,51,52,53,55,56,57,58,60,61,64,65,67,68,70,71,72,75,76,85]",7,437,23,0.0526315789473684,2
"[0,1,2,3,4,5,6,7,8,9,10,11,12,13,14,15,16,17,18,19,20,21,22,23,24,25,26,27,28,29,30,31,32,33,34,35,37,38,40,42,43,45,46,47,48,49,51,52,53,55,56,57,58,60,61,64,65,67,68,70,71,72,75,76,85]",8,437,2,0.0045766590389016,2
"[0,1,2,3,4,5,6,7,8,9,10,11,12,13,14,15,16,17,18,19,20,21,22,23,24,25,26,27,28,29,30,31,32,33,34,35,37,38,40,42,43,45,46,47,48,49,51,52,53,55,56,57,58,60,61,64,65,67,68,70,71,72,75,76,85]",9,437,0,0,2
"[0,1,2,3,4,5,6,7,8,9,10,11,12,13,14,15,16,17,18,19,20,21,22,23,24,25,26,27,28,29,30,31,32,33,34,35,37,38,40,42,43,45,46,47,48,49,51,52,53,55,56,57,58,60,61,64,65,67,68,70,71,72,75,76,85]",10,437,1,0.0022883295194508,2
"[0,1,2,3,4,5,6,7,8,9,10,11,12,13,14,15,16,17,18,19,20,21,22,23,24,25,26,27,28,29,30,31,32,33,34,35,37,38,40,42,43,45,46,47,48,49,51,52,53,55,56,57,58,60,61,64,65,67,68,70,71,72,75,76,85]",11,437,6,0.0137299771167048,2
"[0,1,2,3,4,5,6,7,8,9,10,11,12,13,14,15,16,17,18,19,20,21,22,23,24,25,26,27,28,29,30,31,32,33,34,35,37,38,40,42,43,45,46,47,48,49,51,52,53,55,56,57,58,60,61,64,65,67,68,70,71,72,75,76,85]",12,437,7,0.0160183066361556,2
"[0,1,2,3,4,5,6,7,8,9,10,11,12,13,14,15,16,17,18,19,20,21,22,23,24,25,26,27,28,29,30,31,32,33,34,35,37,38,40,42,43,45,46,47,48,49,51,52,53,55,56,57,58,60,61,64,65,67,68,70,71,72,75,76,85]",13,437,0,0,2
"[0,1,2,3,4,5,6,7,8,9,10,11,12,13,14,15,16,17,18,19,20,21,22,23,24,25,26,27,28,29,30,31,32,33,34,35,37,38,40,42,43,45,46,47,48,49,51,52,53,55,56,57,58,60,61,64,65,67,68,70,71,72,75,76,85]",14,437,0,0,2
"[0,1,2,3,4,5,6,7,8,9,10,11,12,13,14,15,16,17,18,19,20,21,22,23,24,25,26,27,28,29,30,31,32,33,34,35,37,38,40,42,43,45,46,47,48,49,51,52,53,55,56,57,58,60,61,64,65,67,68,70,71,72,75,76,85]",15,437,0,0,2
"[0,1,2,3,4,5,6,7,8,9,10,11,12,13,14,15,16,17,18,19,20,21,22,23,24,25,26,27,28,29,30,31,32,33,34,35,37,38,40,42,43,45,46,47,48,49,51,52,53,55,56,57,58,60,61,64,65,67,68,70,71,72,75,76,85]",16,437,0,0,2
"[0,1,2,3,4,5,6,7,8,9,10,11,12,13,14,15,16,17,18,19,20,21,22,23,24,25,26,27,28,29,30,31,32,33,34,35,37,38,40,42,43,45,46,47,48,49,51,52,53,55,56,57,58,60,61,64,65,67,68,70,71,72,75,76,85]",17,437,5,0.011441647597254,2
"[0,1,2,3,4,5,6,7,8,9,10,11,12,13,14,15,16,17,18,19,20,21,22,23,24,25,26,27,28,29,30,31,32,33,34,35,37,38,40,42,43,45,46,47,48,49,51,52,53,55,56,57,58,60,61,64,65,67,68,70,71,72,75,76,85]",18,437,4,0.0091533180778032,2
"[0,1,2,3,4,5,6,7,8,9,10,11,12,13,14,15,16,17,18,19,20,21,22,23,24,25,26,27,28,29,30,31,32,33,34,35,37,38,40,42,43,45,46,47,48,49,51,52,53,55,56,57,58,60,61,64,65,67,68,70,71,72,75,76,85]",19,437,0,0,2
"[0,1,2,3,4,5,6,7,8,9,10,11,12,13,14,15,16,17,18,19,20,21,22,23,24,25,26,27,28,29,30,31,32,33,34,35,37,38,40,42,43,45,46,47,48,49,51,52,53,55,56,57,58,60,61,64,65,67,68,70,71,72,75,76,85]",20,437,0,0,2
"[0,1,2,3,4,5,6,7,8,9,10,11,12,13,14,15,16,17,18,19,20,21,22,23,24,25,26,27,28,29,30,31,32,33,34,35,37,38,40,42,43,45,46,47,48,49,51,52,53,55,56,57,58,60,61,64,65,67,68,70,71,72,75,76,85]",21,437,4,0.0091533180778032,2
"[0,1,2,3,4,5,6,7,8,9,10,11,12,13,14,15,16,17,18,19,20,21,22,23,24,25,26,27,28,29,30,31,32,33,34,35,37,38,40,42,43,45,46,47,48,49,51,52,53,55,56,57,58,60,61,64,65,67,68,70,71,72,75,76,85]",22,437,0,0,2
"[0,1,2,3,4,5,6,7,8,9,10,11,12,13,14,15,16,17,18,19,20,21,22,23,24,25,26,27,28,29,30,31,32,33,34,35,37,38,40,42,43,45,46,47,48,49,51,52,53,55,56,57,58,60,61,64,65,67,68,70,71,72,75,76,85]",23,437,4,0.0091533180778032,2
"[0,1,2,3,4,5,6,7,8,9,10,11,12,13,14,15,16,17,18,19,20,21,22,23,24,25,26,27,28,29,30,31,32,33,34,35,37,38,40,42,43,45,46,47,48,49,51,52,53,55,56,57,58,60,61,64,65,67,68,70,71,72,75,76,85]",24,437,1,0.0022883295194508,2
"[0,1,2,3,4,5,6,7,8,9,10,11,12,13,14,15,16,17,18,19,20,21,22,23,24,25,26,27,28,29,30,31,32,33,34,35,37,38,40,42,43,45,46,47,48,49,51,52,53,55,56,57,58,60,61,64,65,67,68,70,71,72,75,76,85]",25,437,0,0,2
"[0,1,2,3,4,5,6,7,8,9,10,11,12,13,14,15,16,17,18,19,20,21,22,23,24,25,26,27,28,29,30,31,32,33,34,35,37,38,40,42,43,45,46,47,48,49,51,52,53,55,56,57,58,60,61,64,65,67,68,70,71,72,75,76,85]",26,437,0,0,2
"[0,1,2,3,4,5,6,7,8,9,10,11,12,13,14,15,16,17,18,19,20,21,22,23,24,25,26,27,28,29,30,31,32,33,34,35,37,38,40,42,43,45,46,47,48,49,51,52,53,55,56,57,58,60,61,64,65,67,68,70,71,72,75,76,85]",27,437,2,0.0045766590389016,2
"[0,1,2,3,4,5,6,7,8,9,10,11,12,13,14,15,16,17,18,19,20,21,22,23,24,25,26,27,28,29,30,31,32,33,34,35,37,38,40,42,43,45,46,47,48,49,51,52,53,55,56,57,58,60,61,64,65,67,68,70,71,72,75,76,85]",28,437,0,0,2
"[0,1,2,3,4,5,6,7,8,9,10,11,12,13,14,15,16,17,18,19,20,21,22,23,24,25,26,27,28,29,30,31,32,33,34,35,37,38,40,42,43,45,46,47,48,49,51,52,53,55,56,57,58,60,61,64,65,67,68,70,71,72,75,76,85]",29,437,10,0.022883295194508,2
"[0,1,2,3,4,5,6,7,8,9,10,11,12,13,14,15,16,17,18,19,20,21,22,23,24,25,26,27,28,29,30,31,32,33,34,35,37,38,40,42,43,45,46,47,48,49,51,52,53,55,56,57,58,60,61,64,65,67,68,70,71,72,75,76,85]",30,437,0,0,2
"[0,1,2,3,4,5,6,7,8,9,10,11,12,13,14,15,16,17,18,19,20,21,22,23,24,25,26,27,28,29,30,31,32,33,34,35,37,38,40,42,43,45,46,47,48,49,51,52,53,55,56,57,58,60,61,64,65,67,68,70,71,72,75,76,85]",31,437,3,0.0068649885583524,2
"[0,1,2,3,4,5,6,7,8,9,10,11,12,13,14,15,16,17,18,19,20,21,22,23,24,25,26,27,28,29,30,31,32,33,34,35,37,38,40,42,43,45,46,47,48,49,51,52,53,55,56,57,58,60,61,64,65,67,68,70,71,72,75,76,85]",32,437,0,0,2
"[0,1,2,3,4,5,6,7,8,9,10,11,12,13,14,15,16,17,18,19,20,21,22,23,24,25,26,27,28,29,30,31,32,33,34,35,37,38,40,42,43,45,46,47,48,49,51,52,53,55,56,57,58,60,61,64,65,67,68,70,71,72,75,76,85]",33,437,2,0.0045766590389016,2
"[0,1,2,3,4,5,6,7,8,9,10,11,12,13,14,15,16,17,18,19,20,21,22,23,24,25,26,27,28,29,30,31,32,33,34,35,37,38,40,42,43,45,46,47,48,49,51,52,53,55,56,57,58,60,61,64,65,67,68,70,71,72,75,76,85]",34,437,0,0,2
"[0,1,2,3,4,5,6,7,8,9,10,11,12,13,14,15,16,17,18,19,20,21,22,23,24,25,26,27,28,29,30,31,32,33,34,35,37,38,40,42,43,45,46,47,48,49,51,52,53,55,56,57,58,60,61,64,65,67,68,70,71,72,75,76,85]",35,437,2,0.0045766590389016,2
"[0,1,2,3,4,5,6,7,8,9,10,11,12,13,14,15,16,17,18,19,20,21,22,23,24,25,26,27,28,29,30,31,32,33,34,35,37,38,40,42,43,45,46,47,48,49,51,52,53,55,56,57,58,60,61,64,65,67,68,70,71,72,75,76,85]",37,437,1,0.0022883295194508,2
"[0,1,2,3,4,5,6,7,8,9,10,11,12,13,14,15,16,17,18,19,20,21,22,23,24,25,26,27,28,29,30,31,32,33,34,35,37,38,40,42,43,45,46,47,48,49,51,52,53,55,56,57,58,60,61,64,65,67,68,70,71,72,75,76,85]",38,437,3,0.0068649885583524,2
"[0,1,2,3,4,5,6,7,8,9,10,11,12,13,14,15,16,17,18,19,20,21,22,23,24,25,26,27,28,29,30,31,32,33,34,35,37,38,40,42,43,45,46,47,48,49,51,52,53,55,56,57,58,60,61,64,65,67,68,70,71,72,75,76,85]",40,437,0,0,2
"[0,1,2,3,4,5,6,7,8,9,10,11,12,13,14,15,16,17,18,19,20,21,22,23,24,25,26,27,28,29,30,31,32,33,34,35,37,38,40,42,43,45,46,47,48,49,51,52,53,55,56,57,58,60,61,64,65,67,68,70,71,72,75,76,85]",42,437,1,0.0022883295194508,2
"[0,1,2,3,4,5,6,7,8,9,10,11,12,13,14,15,16,17,18,19,20,21,22,23,24,25,26,27,28,29,30,31,32,33,34,35,37,38,40,42,43,45,46,47,48,49,51,52,53,55,56,57,58,60,61,64,65,67,68,70,71,72,75,76,85]",43,437,1,0.0022883295194508,2
"[0,1,2,3,4,5,6,7,8,9,10,11,12,13,14,15,16,17,18,19,20,21,22,23,24,25,26,27,28,29,30,31,32,33,34,35,37,38,40,42,43,45,46,47,48,49,51,52,53,55,56,57,58,60,61,64,65,67,68,70,71,72,75,76,85]",45,437,0,0,2
"[0,1,2,3,4,5,6,7,8,9,10,11,12,13,14,15,16,17,18,19,20,21,22,23,24,25,26,27,28,29,30,31,32,33,34,35,37,38,40,42,43,45,46,47,48,49,51,52,53,55,56,57,58,60,61,64,65,67,68,70,71,72,75,76,85]",46,437,0,0,2
"[0,1,2,3,4,5,6,7,8,9,10,11,12,13,14,15,16,17,18,19,20,21,22,23,24,25,26,27,28,29,30,31,32,33,34,35,37,38,40,42,43,45,46,47,48,49,51,52,53,55,56,57,58,60,61,64,65,67,68,70,71,72,75,76,85]",47,437,1,0.0022883295194508,2
"[0,1,2,3,4,5,6,7,8,9,10,11,12,13,14,15,16,17,18,19,20,21,22,23,24,25,26,27,28,29,30,31,32,33,34,35,37,38,40,42,43,45,46,47,48,49,51,52,53,55,56,57,58,60,61,64,65,67,68,70,71,72,75,76,85]",48,437,0,0,2
"[0,1,2,3,4,5,6,7,8,9,10,11,12,13,14,15,16,17,18,19,20,21,22,23,24,25,26,27,28,29,30,31,32,33,34,35,37,38,40,42,43,45,46,47,48,49,51,52,53,55,56,57,58,60,61,64,65,67,68,70,71,72,75,76,85]",49,437,1,0.0022883295194508,2
"[0,1,2,3,4,5,6,7,8,9,10,11,12,13,14,15,16,17,18,19,20,21,22,23,24,25,26,27,28,29,30,31,32,33,34,35,37,38,40,42,43,45,46,47,48,49,51,52,53,55,56,57,58,60,61,64,65,67,68,70,71,72,75,76,85]",51,437,1,0.0022883295194508,2
"[0,1,2,3,4,5,6,7,8,9,10,11,12,13,14,15,16,17,18,19,20,21,22,23,24,25,26,27,28,29,30,31,32,33,34,35,37,38,40,42,43,45,46,47,48,49,51,52,53,55,56,57,58,60,61,64,65,67,68,70,71,72,75,76,85]",52,437,0,0,2
"[0,1,2,3,4,5,6,7,8,9,10,11,12,13,14,15,16,17,18,19,20,21,22,23,24,25,26,27,28,29,30,31,32,33,34,35,37,38,40,42,43,45,46,47,48,49,51,52,53,55,56,57,58,60,61,64,65,67,68,70,71,72,75,76,85]",53,437,1,0.0022883295194508,2
"[0,1,2,3,4,5,6,7,8,9,10,11,12,13,14,15,16,17,18,19,20,21,22,23,24,25,26,27,28,29,30,31,32,33,34,35,37,38,40,42,43,45,46,47,48,49,51,52,53,55,56,57,58,60,61,64,65,67,68,70,71,72,75,76,85]",55,437,1,0.0022883295194508,2
"[0,1,2,3,4,5,6,7,8,9,10,11,12,13,14,15,16,17,18,19,20,21,22,23,24,25,26,27,28,29,30,31,32,33,34,35,37,38,40,42,43,45,46,47,48,49,51,52,53,55,56,57,58,60,61,64,65,67,68,70,71,72,75,76,85]",56,437,0,0,2
"[0,1,2,3,4,5,6,7,8,9,10,11,12,13,14,15,16,17,18,19,20,21,22,23,24,25,26,27,28,29,30,31,32,33,34,35,37,38,40,42,43,45,46,47,48,49,51,52,53,55,56,57,58,60,61,64,65,67,68,70,71,72,75,76,85]",57,437,0,0,2
"[0,1,2,3,4,5,6,7,8,9,10,11,12,13,14,15,16,17,18,19,20,21,22,23,24,25,26,27,28,29,30,31,32,33,34,35,37,38,40,42,43,45,46,47,48,49,51,52,53,55,56,57,58,60,61,64,65,67,68,70,71,72,75,76,85]",58,437,2,0.0045766590389016,2
"[0,1,2,3,4,5,6,7,8,9,10,11,12,13,14,15,16,17,18,19,20,21,22,23,24,25,26,27,28,29,30,31,32,33,34,35,37,38,40,42,43,45,46,47,48,49,51,52,53,55,56,57,58,60,61,64,65,67,68,70,71,72,75,76,85]",60,437,1,0.0022883295194508,2
"[0,1,2,3,4,5,6,7,8,9,10,11,12,13,14,15,16,17,18,19,20,21,22,23,24,25,26,27,28,29,30,31,32,33,34,35,37,38,40,42,43,45,46,47,48,49,51,52,53,55,56,57,58,60,61,64,65,67,68,70,71,72,75,76,85]",61,437,0,0,2
"[0,1,2,3,4,5,6,7,8,9,10,11,12,13,14,15,16,17,18,19,20,21,22,23,24,25,26,27,28,29,30,31,32,33,34,35,37,38,40,42,43,45,46,47,48,49,51,52,53,55,56,57,58,60,61,64,65,67,68,70,71,72,75,76,85]",64,437,1,0.0022883295194508,2
"[0,1,2,3,4,5,6,7,8,9,10,11,12,13,14,15,16,17,18,19,20,21,22,23,24,25,26,27,28,29,30,31,32,33,34,35,37,38,40,42,43,45,46,47,48,49,51,52,53,55,56,57,58,60,61,64,65,67,68,70,71,72,75,76,85]",65,437,1,0.0022883295194508,2
"[0,1,2,3,4,5,6,7,8,9,10,11,12,13,14,15,16,17,18,19,20,21,22,23,24,25,26,27,28,29,30,31,32,33,34,35,37,38,40,42,43,45,46,47,48,49,51,52,53,55,56,57,58,60,61,64,65,67,68,70,71,72,75,76,85]",67,437,4,0.0091533180778032,2
"[0,1,2,3,4,5,6,7,8,9,10,11,12,13,14,15,16,17,18,19,20,21,22,23,24,25,26,27,28,29,30,31,32,33,34,35,37,38,40,42,43,45,46,47,48,49,51,52,53,55,56,57,58,60,61,64,65,67,68,70,71,72,75,76,85]",68,437,0,0,2
"[0,1,2,3,4,5,6,7,8,9,10,11,12,13,14,15,16,17,18,19,20,21,22,23,24,25,26,27,28,29,30,31,32,33,34,35,37,38,40,42,43,45,46,47,48,49,51,52,53,55,56,57,58,60,61,64,65,67,68,70,71,72,75,76,85]",70,437,0,0,2
"[0,1,2,3,4,5,6,7,8,9,10,11,12,13,14,15,16,17,18,19,20,21,22,23,24,25,26,27,28,29,30,31,32,33,34,35,37,38,40,42,43,45,46,47,48,49,51,52,53,55,56,57,58,60,61,64,65,67,68,70,71,72,75,76,85]",71,437,0,0,2
"[0,1,2,3,4,5,6,7,8,9,10,11,12,13,14,15,16,17,18,19,20,21,22,23,24,25,26,27,28,29,30,31,32,33,34,35,37,38,40,42,43,45,46,47,48,49,51,52,53,55,56,57,58,60,61,64,65,67,68,70,71,72,75,76,85]",72,437,11,0.0251716247139588,2
"[0,1,2,3,4,5,6,7,8,9,10,11,12,13,14,15,16,17,18,19,20,21,22,23,24,25,26,27,28,29,30,31,32,33,34,35,37,38,40,42,43,45,46,47,48,49,51,52,53,55,56,57,58,60,61,64,65,67,68,70,71,72,75,76,85]",75,437,0,0,2
"[0,1,2,3,4,5,6,7,8,9,10,11,12,13,14,15,16,17,18,19,20,21,22,23,24,25,26,27,28,29,30,31,32,33,34,35,37,38,40,42,43,45,46,47,48,49,51,52,53,55,56,57,58,60,61,64,65,67,68,70,71,72,75,76,85]",76,437,5,0.011441647597254,2
"[0,1,2,3,4,5,6,7,8,9,10,11,12,13,14,15,16,17,18,19,20,21,22,23,24,25,26,27,28,29,30,31,32,33,34,35,37,38,40,42,43,45,46,47,48,49,51,52,53,55,56,57,58,60,61,64,65,67,68,70,71,72,75,76,85]",85,437,0,0,2
"[0,1,2,3,4,5,6,7,8,9,10,11,12,13,14,15,16,17,18,19,20,21,22,23,24,25,27,28,29,30,31,32,33,34,35,36,37,38,39,40,41,42,43,44,45,46,47,48,49,50,51,52,53,55,56,57,58,60,61,64,65,67,68,70,72,73,76,77,78,80,81,83,84,85]",0,646,413,0.639318885448916,4
"[0,1,2,3,4,5,6,7,8,9,10,11,12,13,14,15,16,17,18,19,20,21,22,23,24,25,27,28,29,30,31,32,33,34,35,36,37,38,39,40,41,42,43,44,45,46,47,48,49,50,51,52,53,55,56,57,58,60,61,64,65,67,68,70,72,73,76,77,78,80,81,83,84,85]",1,646,0,0,4
"[0,1,2,3,4,5,6,7,8,9,10,11,12,13,14,15,16,17,18,19,20,21,22,23,24,25,27,28,29,30,31,32,33,34,35,36,37,38,39,40,41,42,43,44,45,46,47,48,49,50,51,52,53,55,56,57,58,60,61,64,65,67,68,70,72,73,76,77,78,80,81,83,84,85]",2,646,2,0.00309597523219814,4
"[0,1,2,3,4,5,6,7,8,9,10,11,12,13,14,15,16,17,18,19,20,21,22,23,24,25,27,28,29,30,31,32,33,34,35,36,37,38,39,40,41,42,43,44,45,46,47,48,49,50,51,52,53,55,56,57,58,60,61,64,65,67,68,70,72,73,76,77,78,80,81,83,84,85]",3,646,33,0.0510835913312693,4
"[0,1,2,3,4,5,6,7,8,9,10,11,12,13,14,15,16,17,18,19,20,21,22,23,24,25,27,28,29,30,31,32,33,34,35,36,37,38,39,40,41,42,43,44,45,46,47,48,49,50,51,52,53,55,56,57,58,60,61,64,65,67,68,70,72,73,76,77,78,80,81,83,84,85]",4,646,37,0.0572755417956656,4
"[0,1,2,3,4,5,6,7,8,9,10,11,12,13,14,15,16,17,18,19,20,21,22,23,24,25,27,28,29,30,31,32,33,34,35,36,37,38,39,40,41,42,43,44,45,46,47,48,49,50,51,52,53,55,56,57,58,60,61,64,65,67,68,70,72,73,76,77,78,80,81,83,84,85]",5,646,0,0,4
"[0,1,2,3,4,5,6,7,8,9,10,11,12,13,14,15,16,17,18,19,20,21,22,23,24,25,27,28,29,30,31,32,33,34,35,36,37,38,39,40,41,42,43,44,45,46,47,48,49,50,51,52,53,55,56,57,58,60,61,64,65,67,68,70,72,73,76,77,78,80,81,83,84,85]",6,646,0,0,4
"[0,1,2,3,4,5,6,7,8,9,10,11,12,13,14,15,16,17,18,19,20,21,22,23,24,25,27,28,29,30,31,32,33,34,35,36,37,38,39,40,41,42,43,44,45,46,47,48,49,50,51,52,53,55,56,57,58,60,61,64,65,67,68,70,72,73,76,77,78,80,81,83,84,85]",7,646,0,0,4
"[0,1,2,3,4,5,6,7,8,9,10,11,12,13,14,15,16,17,18,19,20,21,22,23,24,25,27,28,29,30,31,32,33,34,35,36,37,38,39,40,41,42,43,44,45,46,47,48,49,50,51,52,53,55,56,57,58,60,61,64,65,67,68,70,72,73,76,77,78,80,81,83,84,85]",8,646,3,0.00464396284829721,4
"[0,1,2,3,4,5,6,7,8,9,10,11,12,13,14,15,16,17,18,19,20,21,22,23,24,25,27,28,29,30,31,32,33,34,35,36,37,38,39,40,41,42,43,44,45,46,47,48,49,50,51,52,53,55,56,57,58,60,61,64,65,67,68,70,72,73,76,77,78,80,81,83,84,85]",9,646,0,0,4
"[0,1,2,3,4,5,6,7,8,9,10,11,12,13,14,15,16,17,18,19,20,21,22,23,24,25,27,28,29,30,31,32,33,34,35,36,37,38,39,40,41,42,43,44,45,46,47,48,49,50,51,52,53,55,56,57,58,60,61,64,65,67,68,70,72,73,76,77,78,80,81,83,84,85]",10,646,0,0,4
"[0,1,2,3,4,5,6,7,8,9,10,11,12,13,14,15,16,17,18,19,20,21,22,23,24,25,27,28,29,30,31,32,33,34,35,36,37,38,39,40,41,42,43,44,45,46,47,48,49,50,51,52,53,55,56,57,58,60,61,64,65,67,68,70,72,73,76,77,78,80,81,83,84,85]",11,646,0,0,4
"[0,1,2,3,4,5,6,7,8,9,10,11,12,13,14,15,16,17,18,19,20,21,22,23,24,25,27,28,29,30,31,32,33,34,35,36,37,38,39,40,41,42,43,44,45,46,47,48,49,50,51,52,53,55,56,57,58,60,61,64,65,67,68,70,72,73,76,77,78,80,81,83,84,85]",12,646,16,0.0247678018575851,4
"[0,1,2,3,4,5,6,7,8,9,10,11,12,13,14,15,16,17,18,19,20,21,22,23,24,25,27,28,29,30,31,32,33,34,35,36,37,38,39,40,41,42,43,44,45,46,47,48,49,50,51,52,53,55,56,57,58,60,61,64,65,67,68,70,72,73,76,77,78,80,81,83,84,85]",13,646,0,0,4
"[0,1,2,3,4,5,6,7,8,9,10,11,12,13,14,15,16,17,18,19,20,21,22,23,24,25,27,28,29,30,31,32,33,34,35,36,37,38,39,40,41,42,43,44,45,46,47,48,49,50,51,52,53,55,56,57,58,60,61,64,65,67,68,70,72,73,76,77,78,80,81,83,84,85]",14,646,0,0,4
"[0,1,2,3,4,5,6,7,8,9,10,11,12,13,14,15,16,17,18,19,20,21,22,23,24,25,27,28,29,30,31,32,33,34,35,36,37,38,39,40,41,42,43,44,45,46,47,48,49,50,51,52,53,55,56,57,58,60,61,64,65,67,68,70,72,73,76,77,78,80,81,83,84,85]",15,646,0,0,4
"[0,1,2,3,4,5,6,7,8,9,10,11,12,13,14,15,16,17,18,19,20,21,22,23,24,25,27,28,29,30,31,32,33,34,35,36,37,38,39,40,41,42,43,44,45,46,47,48,49,50,51,52,53,55,56,57,58,60,61,64,65,67,68,70,72,73,76,77,78,80,81,83,84,85]",16,646,1,0.00154798761609907,4
"[0,1,2,3,4,5,6,7,8,9,10,11,12,13,14,15,16,17,18,19,20,21,22,23,24,25,27,28,29,30,31,32,33,34,35,36,37,38,39,40,41,42,43,44,45,46,47,48,49,50,51,52,53,55,56,57,58,60,61,64,65,67,68,70,72,73,76,77,78,80,81,83,84,85]",17,646,1,0.00154798761609907,4
"[0,1,2,3,4,5,6,7,8,9,10,11,12,13,14,15,16,17,18,19,20,21,22,23,24,25,27,28,29,30,31,32,33,34,35,36,37,38,39,40,41,42,43,44,45,46,47,48,49,50,51,52,53,55,56,57,58,60,61,64,65,67,68,70,72,73,76,77,78,80,81,83,84,85]",18,646,4,0.00619195046439629,4
"[0,1,2,3,4,5,6,7,8,9,10,11,12,13,14,15,16,17,18,19,20,21,22,23,24,25,27,28,29,30,31,32,33,34,35,36,37,38,39,40,41,42,43,44,45,46,47,48,49,50,51,52,53,55,56,57,58,60,61,64,65,67,68,70,72,73,76,77,78,80,81,83,84,85]",19,646,0,0,4
"[0,1,2,3,4,5,6,7,8,9,10,11,12,13,14,15,16,17,18,19,20,21,22,23,24,25,27,28,29,30,31,32,33,34,35,36,37,38,39,40,41,42,43,44,45,46,47,48,49,50,51,52,53,55,56,57,58,60,61,64,65,67,68,70,72,73,76,77,78,80,81,83,84,85]",20,646,4,0.00619195046439629,4
"[0,1,2,3,4,5,6,7,8,9,10,11,12,13,14,15,16,17,18,19,20,21,22,23,24,25,27,28,29,30,31,32,33,34,35,36,37,38,39,40,41,42,43,44,45,46,47,48,49,50,51,52,53,55,56,57,58,60,61,64,65,67,68,70,72,73,76,77,78,80,81,83,84,85]",21,646,5,0.00773993808049536,4
"[0,1,2,3,4,5,6,7,8,9,10,11,12,13,14,15,16,17,18,19,20,21,22,23,24,25,27,28,29,30,31,32,33,34,35,36,37,38,39,40,41,42,43,44,45,46,47,48,49,50,51,52,53,55,56,57,58,60,61,64,65,67,68,70,72,73,76,77,78,80,81,83,84,85]",22,646,0,0,4
"[0,1,2,3,4,5,6,7,8,9,10,11,12,13,14,15,16,17,18,19,20,21,22,23,24,25,27,28,29,30,31,32,33,34,35,36,37,38,39,40,41,42,43,44,45,46,47,48,49,50,51,52,53,55,56,57,58,60,61,64,65,67,68,70,72,73,76,77,78,80,81,83,84,85]",23,646,6,0.00928792569659443,4
"[0,1,2,3,4,5,6,7,8,9,10,11,12,13,14,15,16,17,18,19,20,21,22,23,24,25,27,28,29,30,31,32,33,34,35,36,37,38,39,40,41,42,43,44,45,46,47,48,49,50,51,52,53,55,56,57,58,60,61,64,65,67,68,70,72,73,76,77,78,80,81,83,84,85]",24,646,8,0.0123839009287926,4
"[0,1,2,3,4,5,6,7,8,9,10,11,12,13,14,15,16,17,18,19,20,21,22,23,24,25,27,28,29,30,31,32,33,34,35,36,37,38,39,40,41,42,43,44,45,46,47,48,49,50,51,52,53,55,56,57,58,60,61,64,65,67,68,70,72,73,76,77,78,80,81,83,84,85]",25,646,0,0,4
"[0,1,2,3,4,5,6,7,8,9,10,11,12,13,14,15,16,17,18,19,20,21,22,23,24,25,27,28,29,30,31,32,33,34,35,36,37,38,39,40,41,42,43,44,45,46,47,48,49,50,51,52,53,55,56,57,58,60,61,64,65,67,68,70,72,73,76,77,78,80,81,83,84,85]",27,646,4,0.00619195046439629,4
"[0,1,2,3,4,5,6,7,8,9,10,11,12,13,14,15,16,17,18,19,20,21,22,23,24,25,27,28,29,30,31,32,33,34,35,36,37,38,39,40,41,42,43,44,45,46,47,48,49,50,51,52,53,55,56,57,58,60,61,64,65,67,68,70,72,73,76,77,78,80,81,83,84,85]",28,646,0,0,4
"[0,1,2,3,4,5,6,7,8,9,10,11,12,13,14,15,16,17,18,19,20,21,22,23,24,25,27,28,29,30,31,32,33,34,35,36,37,38,39,40,41,42,43,44,45,46,47,48,49,50,51,52,53,55,56,57,58,60,61,64,65,67,68,70,72,73,76,77,78,80,81,83,84,85]",29,646,15,0.0232198142414861,4
"[0,1,2,3,4,5,6,7,8,9,10,11,12,13,14,15,16,17,18,19,20,21,22,23,24,25,27,28,29,30,31,32,33,34,35,36,37,38,39,40,41,42,43,44,45,46,47,48,49,50,51,52,53,55,56,57,58,60,61,64,65,67,68,70,72,73,76,77,78,80,81,83,84,85]",30,646,0,0,4
"[0,1,2,3,4,5,6,7,8,9,10,11,12,13,14,15,16,17,18,19,20,21,22,23,24,25,27,28,29,30,31,32,33,34,35,36,37,38,39,40,41,42,43,44,45,46,47,48,49,50,51,52,53,55,56,57,58,60,61,64,65,67,68,70,72,73,76,77,78,80,81,83,84,85]",31,646,12,0.0185758513931889,4
"[0,1,2,3,4,5,6,7,8,9,10,11,12,13,14,15,16,17,18,19,20,21,22,23,24,25,27,28,29,30,31,32,33,34,35,36,37,38,39,40,41,42,43,44,45,46,47,48,49,50,51,52,53,55,56,57,58,60,61,64,65,67,68,70,72,73,76,77,78,80,81,83,84,85]",32,646,0,0,4
"[0,1,2,3,4,5,6,7,8,9,10,11,12,13,14,15,16,17,18,19,20,21,22,23,24,25,27,28,29,30,31,32,33,34,35,36,37,38,39,40,41,42,43,44,45,46,47,48,49,50,51,52,53,55,56,57,58,60,61,64,65,67,68,70,72,73,76,77,78,80,81,83,84,85]",33,646,0,0,4
"[0,1,2,3,4,5,6,7,8,9,10,11,12,13,14,15,16,17,18,19,20,21,22,23,24,25,27,28,29,30,31,32,33,34,35,36,37,38,39,40,41,42,43,44,45,46,47,48,49,50,51,52,53,55,56,57,58,60,61,64,65,67,68,70,72,73,76,77,78,80,81,83,84,85]",34,646,0,0,4
"[0,1,2,3,4,5,6,7,8,9,10,11,12,13,14,15,16,17,18,19,20,21,22,23,24,25,27,28,29,30,31,32,33,34,35,36,37,38,39,40,41,42,43,44,45,46,47,48,49,50,51,52,53,55,56,57,58,60,61,64,65,67,68,70,72,73,76,77,78,80,81,83,84,85]",35,646,3,0.00464396284829721,4
"[0,1,2,3,4,5,6,7,8,9,10,11,12,13,14,15,16,17,18,19,20,21,22,23,24,25,27,28,29,30,31,32,33,34,35,36,37,38,39,40,41,42,43,44,45,46,47,48,49,50,51,52,53,55,56,57,58,60,61,64,65,67,68,70,72,73,76,77,78,80,81,83,84,85]",36,646,0,0,4
"[0,1,2,3,4,5,6,7,8,9,10,11,12,13,14,15,16,17,18,19,20,21,22,23,24,25,27,28,29,30,31,32,33,34,35,36,37,38,39,40,41,42,43,44,45,46,47,48,49,50,51,52,53,55,56,57,58,60,61,64,65,67,68,70,72,73,76,77,78,80,81,83,84,85]",37,646,0,0,4
"[0,1,2,3,4,5,6,7,8,9,10,11,12,13,14,15,16,17,18,19,20,21,22,23,24,25,27,28,29,30,31,32,33,34,35,36,37,38,39,40,41,42,43,44,45,46,47,48,49,50,51,52,53,55,56,57,58,60,61,64,65,67,68,70,72,73,76,77,78,80,81,83,84,85]",38,646,0,0,4
"[0,1,2,3,4,5,6,7,8,9,10,11,12,13,14,15,16,17,18,19,20,21,22,23,24,25,27,28,29,30,31,32,33,34,35,36,37,38,39,40,41,42,43,44,45,46,47,48,49,50,51,52,53,55,56,57,58,60,61,64,65,67,68,70,72,73,76,77,78,80,81,83,84,85]",39,646,7,0.0108359133126935,4
"[0,1,2,3,4,5,6,7,8,9,10,11,12,13,14,15,16,17,18,19,20,21,22,23,24,25,27,28,29,30,31,32,33,34,35,36,37,38,39,40,41,42,43,44,45,46,47,48,49,50,51,52,53,55,56,57,58,60,61,64,65,67,68,70,72,73,76,77,78,80,81,83,84,85]",40,646,0,0,4
"[0,1,2,3,4,5,6,7,8,9,10,11,12,13,14,15,16,17,18,19,20,21,22,23,24,25,27,28,29,30,31,32,33,34,35,36,37,38,39,40,41,42,43,44,45,46,47,48,49,50,51,52,53,55,56,57,58,60,61,64,65,67,68,70,72,73,76,77,78,80,81,83,84,85]",41,646,12,0.0185758513931889,4
"[0,1,2,3,4,5,6,7,8,9,10,11,12,13,14,15,16,17,18,19,20,21,22,23,24,25,27,28,29,30,31,32,33,34,35,36,37,38,39,40,41,42,43,44,45,46,47,48,49,50,51,52,53,55,56,57,58,60,61,64,65,67,68,70,72,73,76,77,78,80,81,83,84,85]",42,646,0,0,4
"[0,1,2,3,4,5,6,7,8,9,10,11,12,13,14,15,16,17,18,19,20,21,22,23,24,25,27,28,29,30,31,32,33,34,35,36,37,38,39,40,41,42,43,44,45,46,47,48,49,50,51,52,53,55,56,57,58,60,61,64,65,67,68,70,72,73,76,77,78,80,81,83,84,85]",43,646,1,0.00154798761609907,4
"[0,1,2,3,4,5,6,7,8,9,10,11,12,13,14,15,16,17,18,19,20,21,22,23,24,25,27,28,29,30,31,32,33,34,35,36,37,38,39,40,41,42,43,44,45,46,47,48,49,50,51,52,53,55,56,57,58,60,61,64,65,67,68,70,72,73,76,77,78,80,81,83,84,85]",44,646,5,0.00773993808049536,4
"[0,1,2,3,4,5,6,7,8,9,10,11,12,13,14,15,16,17,18,19,20,21,22,23,24,25,27,28,29,30,31,32,33,34,35,36,37,38,39,40,41,42,43,44,45,46,47,48,49,50,51,52,53,55,56,57,58,60,61,64,65,67,68,70,72,73,76,77,78,80,81,83,84,85]",45,646,0,0,4
"[0,1,2,3,4,5,6,7,8,9,10,11,12,13,14,15,16,17,18,19,20,21,22,23,24,25,27,28,29,30,31,32,33,34,35,36,37,38,39,40,41,42,43,44,45,46,47,48,49,50,51,52,53,55,56,57,58,60,61,64,65,67,68,70,72,73,76,77,78,80,81,83,84,85]",46,646,0,0,4
"[0,1,2,3,4,5,6,7,8,9,10,11,12,13,14,15,16,17,18,19,20,21,22,23,24,25,27,28,29,30,31,32,33,34,35,36,37,38,39,40,41,42,43,44,45,46,47,48,49,50,51,52,53,55,56,57,58,60,61,64,65,67,68,70,72,73,76,77,78,80,81,83,84,85]",47,646,0,0,4
"[0,1,2,3,4,5,6,7,8,9,10,11,12,13,14,15,16,17,18,19,20,21,22,23,24,25,27,28,29,30,31,32,33,34,35,36,37,38,39,40,41,42,43,44,45,46,47,48,49,50,51,52,53,55,56,57,58,60,61,64,65,67,68,70,72,73,76,77,78,80,81,83,84,85]",48,646,0,0,4
"[0,1,2,3,4,5,6,7,8,9,10,11,12,13,14,15,16,17,18,19,20,21,22,23,24,25,27,28,29,30,31,32,33,34,35,36,37,38,39,40,41,42,43,44,45,46,47,48,49,50,51,52,53,55,56,57,58,60,61,64,65,67,68,70,72,73,76,77,78,80,81,83,84,85]",49,646,0,0,4
"[0,1,2,3,4,5,6,7,8,9,10,11,12,13,14,15,16,17,18,19,20,21,22,23,24,25,27,28,29,30,31,32,33,34,35,36,37,38,39,40,41,42,43,44,45,46,47,48,49,50,51,52,53,55,56,57,58,60,61,64,65,67,68,70,72,73,76,77,78,80,81,83,84,85]",50,646,23,0.0356037151702786,4
"[0,1,2,3,4,5,6,7,8,9,10,11,12,13,14,15,16,17,18,19,20,21,22,23,24,25,27,28,29,30,31,32,33,34,35,36,37,38,39,40,41,42,43,44,45,46,47,48,49,50,51,52,53,55,56,57,58,60,61,64,65,67,68,70,72,73,76,77,78,80,81,83,84,85]",51,646,0,0,4
"[0,1,2,3,4,5,6,7,8,9,10,11,12,13,14,15,16,17,18,19,20,21,22,23,24,25,27,28,29,30,31,32,33,34,35,36,37,38,39,40,41,42,43,44,45,46,47,48,49,50,51,52,53,55,56,57,58,60,61,64,65,67,68,70,72,73,76,77,78,80,81,83,84,85]",52,646,0,0,4
"[0,1,2,3,4,5,6,7,8,9,10,11,12,13,14,15,16,17,18,19,20,21,22,23,24,25,27,28,29,30,31,32,33,34,35,36,37,38,39,40,41,42,43,44,45,46,47,48,49,50,51,52,53,55,56,57,58,60,61,64,65,67,68,70,72,73,76,77,78,80,81,83,84,85]",53,646,0,0,4
"[0,1,2,3,4,5,6,7,8,9,10,11,12,13,14,15,16,17,18,19,20,21,22,23,24,25,27,28,29,30,31,32,33,34,35,36,37,38,39,40,41,42,43,44,45,46,47,48,49,50,51,52,53,55,56,57,58,60,61,64,65,67,68,70,72,73,76,77,78,80,81,83,84,85]",55,646,0,0,4
"[0,1,2,3,4,5,6,7,8,9,10,11,12,13,14,15,16,17,18,19,20,21,22,23,24,25,27,28,29,30,31,32,33,34,35,36,37,38,39,40,41,42,43,44,45,46,47,48,49,50,51,52,53,55,56,57,58,60,61,64,65,67,68,70,72,73,76,77,78,80,81,83,84,85]",56,646,0,0,4
"[0,1,2,3,4,5,6,7,8,9,10,11,12,13,14,15,16,17,18,19,20,21,22,23,24,25,27,28,29,30,31,32,33,34,35,36,37,38,39,40,41,42,43,44,45,46,47,48,49,50,51,52,53,55,56,57,58,60,61,64,65,67,68,70,72,73,76,77,78,80,81,83,84,85]",57,646,0,0,4
"[0,1,2,3,4,5,6,7,8,9,10,11,12,13,14,15,16,17,18,19,20,21,22,23,24,25,27,28,29,30,31,32,33,34,35,36,37,38,39,40,41,42,43,44,45,46,47,48,49,50,51,52,53,55,56,57,58,60,61,64,65,67,68,70,72,73,76,77,78,80,81,83,84,85]",58,646,0,0,4
"[0,1,2,3,4,5,6,7,8,9,10,11,12,13,14,15,16,17,18,19,20,21,22,23,24,25,27,28,29,30,31,32,33,34,35,36,37,38,39,40,41,42,43,44,45,46,47,48,49,50,51,52,53,55,56,57,58,60,61,64,65,67,68,70,72,73,76,77,78,80,81,83,84,85]",60,646,0,0,4
"[0,1,2,3,4,5,6,7,8,9,10,11,12,13,14,15,16,17,18,19,20,21,22,23,24,25,27,28,29,30,31,32,33,34,35,36,37,38,39,40,41,42,43,44,45,46,47,48,49,50,51,52,53,55,56,57,58,60,61,64,65,67,68,70,72,73,76,77,78,80,81,83,84,85]",61,646,0,0,4
"[0,1,2,3,4,5,6,7,8,9,10,11,12,13,14,15,16,17,18,19,20,21,22,23,24,25,27,28,29,30,31,32,33,34,35,36,37,38,39,40,41,42,43,44,45,46,47,48,49,50,51,52,53,55,56,57,58,60,61,64,65,67,68,70,72,73,76,77,78,80,81,83,84,85]",64,646,4,0.00619195046439629,4
"[0,1,2,3,4,5,6,7,8,9,10,11,12,13,14,15,16,17,18,19,20,21,22,23,24,25,27,28,29,30,31,32,33,34,35,36,37,38,39,40,41,42,43,44,45,46,47,48,49,50,51,52,53,55,56,57,58,60,61,64,65,67,68,70,72,73,76,77,78,80,81,83,84,85]",65,646,0,0,4
"[0,1,2,3,4,5,6,7,8,9,10,11,12,13,14,15,16,17,18,19,20,21,22,23,24,25,27,28,29,30,31,32,33,34,35,36,37,38,39,40,41,42,43,44,45,46,47,48,49,50,51,52,53,55,56,57,58,60,61,64,65,67,68,70,72,73,76,77,78,80,81,83,84,85]",67,646,1,0.00154798761609907,4
"[0,1,2,3,4,5,6,7,8,9,10,11,12,13,14,15,16,17,18,19,20,21,22,23,24,25,27,28,29,30,31,32,33,34,35,36,37,38,39,40,41,42,43,44,45,46,47,48,49,50,51,52,53,55,56,57,58,60,61,64,65,67,68,70,72,73,76,77,78,80,81,83,84,85]",68,646,0,0,4
"[0,1,2,3,4,5,6,7,8,9,10,11,12,13,14,15,16,17,18,19,20,21,22,23,24,25,27,28,29,30,31,32,33,34,35,36,37,38,39,40,41,42,43,44,45,46,47,48,49,50,51,52,53,55,56,57,58,60,61,64,65,67,68,70,72,73,76,77,78,80,81,83,84,85]",70,646,4,0.00619195046439629,4
"[0,1,2,3,4,5,6,7,8,9,10,11,12,13,14,15,16,17,18,19,20,21,22,23,24,25,27,28,29,30,31,32,33,34,35,36,37,38,39,40,41,42,43,44,45,46,47,48,49,50,51,52,53,55,56,57,58,60,61,64,65,67,68,70,72,73,76,77,78,80,81,83,84,85]",72,646,0,0,4
"[0,1,2,3,4,5,6,7,8,9,10,11,12,13,14,15,16,17,18,19,20,21,22,23,24,25,27,28,29,30,31,32,33,34,35,36,37,38,39,40,41,42,43,44,45,46,47,48,49,50,51,52,53,55,56,57,58,60,61,64,65,67,68,70,72,73,76,77,78,80,81,83,84,85]",73,646,4,0.00619195046439629,4
"[0,1,2,3,4,5,6,7,8,9,10,11,12,13,14,15,16,17,18,19,20,21,22,23,24,25,27,28,29,30,31,32,33,34,35,36,37,38,39,40,41,42,43,44,45,46,47,48,49,50,51,52,53,55,56,57,58,60,61,64,65,67,68,70,72,73,76,77,78,80,81,83,84,85]",76,646,0,0,4
"[0,1,2,3,4,5,6,7,8,9,10,11,12,13,14,15,16,17,18,19,20,21,22,23,24,25,27,28,29,30,31,32,33,34,35,36,37,38,39,40,41,42,43,44,45,46,47,48,49,50,51,52,53,55,56,57,58,60,61,64,65,67,68,70,72,73,76,77,78,80,81,83,84,85]",77,646,15,0.0232198142414861,4
"[0,1,2,3,4,5,6,7,8,9,10,11,12,13,14,15,16,17,18,19,20,21,22,23,24,25,27,28,29,30,31,32,33,34,35,36,37,38,39,40,41,42,43,44,45,46,47,48,49,50,51,52,53,55,56,57,58,60,61,64,65,67,68,70,72,73,76,77,78,80,81,83,84,85]",78,646,2,0.00309597523219814,4
"[0,1,2,3,4,5,6,7,8,9,10,11,12,13,14,15,16,17,18,19,20,21,22,23,24,25,27,28,29,30,31,32,33,34,35,36,37,38,39,40,41,42,43,44,45,46,47,48,49,50,51,52,53,55,56,57,58,60,61,64,65,67,68,70,72,73,76,77,78,80,81,83,84,85]",80,646,0,0,4
"[0,1,2,3,4,5,6,7,8,9,10,11,12,13,14,15,16,17,18,19,20,21,22,23,24,25,27,28,29,30,31,32,33,34,35,36,37,38,39,40,41,42,43,44,45,46,47,48,49,50,51,52,53,55,56,57,58,60,61,64,65,67,68,70,72,73,76,77,78,80,81,83,84,85]",81,646,1,0.00154798761609907,4
"[0,1,2,3,4,5,6,7,8,9,10,11,12,13,14,15,16,17,18,19,20,21,22,23,24,25,27,28,29,30,31,32,33,34,35,36,37,38,39,40,41,42,43,44,45,46,47,48,49,50,51,52,53,55,56,57,58,60,61,64,65,67,68,70,72,73,76,77,78,80,81,83,84,85]",83,646,0,0,4
"[0,1,2,3,4,5,6,7,8,9,10,11,12,13,14,15,16,17,18,19,20,21,22,23,24,25,27,28,29,30,31,32,33,34,35,36,37,38,39,40,41,42,43,44,45,46,47,48,49,50,51,52,53,55,56,57,58,60,61,64,65,67,68,70,72,73,76,77,78,80,81,83,84,85]",84,646,0,0,4
"[0,1,2,3,4,5,6,7,8,9,10,11,12,13,14,15,16,17,18,19,20,21,22,23,24,25,27,28,29,30,31,32,33,34,35,36,37,38,39,40,41,42,43,44,45,46,47,48,49,50,51,52,53,55,56,57,58,60,61,64,65,67,68,70,72,73,76,77,78,80,81,83,84,85]",85,646,0,0,4
"[0,1,2,3,4,5,6,7,8,9,10,11,12,13,14,15,16,17,18,19,20,21,22,23,24,27,28,29,30,31,32,33,34,35,36,37,38,39,40,41,42,43,44,45,46,47,48,49,50,51,52,53,54,55,56,57,58,60,61,64,65,67,68,70,72,73,76,77,78,80,81,83,84,85,86,87,88,90]",0,159,73,0.459119496855346,2
"[0,1,2,3,4,5,6,7,8,9,10,11,12,13,14,15,16,17,18,19,20,21,22,23,24,27,28,29,30,31,32,33,34,35,36,37,38,39,40,41,42,43,44,45,46,47,48,49,50,51,52,53,54,55,56,57,58,60,61,64,65,67,68,70,72,73,76,77,78,80,81,83,84,85,86,87,88,90]",1,159,0,0,2
"[0,1,2,3,4,5,6,7,8,9,10,11,12,13,14,15,16,17,18,19,20,21,22,23,24,27,28,29,30,31,32,33,34,35,36,37,38,39,40,41,42,43,44,45,46,47,48,49,50,51,52,53,54,55,56,57,58,60,61,64,65,67,68,70,72,73,76,77,78,80,81,83,84,85,86,87,88,90]",2,159,0,0,2
"[0,1,2,3,4,5,6,7,8,9,10,11,12,13,14,15,16,17,18,19,20,21,22,23,24,27,28,29,30,31,32,33,34,35,36,37,38,39,40,41,42,43,44,45,46,47,48,49,50,51,52,53,54,55,56,57,58,60,61,64,65,67,68,70,72,73,76,77,78,80,81,83,84,85,86,87,88,90]",3,159,0,0,2
"[0,1,2,3,4,5,6,7,8,9,10,11,12,13,14,15,16,17,18,19,20,21,22,23,24,27,28,29,30,31,32,33,34,35,36,37,38,39,40,41,42,43,44,45,46,47,48,49,50,51,52,53,54,55,56,57,58,60,61,64,65,67,68,70,72,73,76,77,78,80,81,83,84,85,86,87,88,90]",4,159,0,0,2
"[0,1,2,3,4,5,6,7,8,9,10,11,12,13,14,15,16,17,18,19,20,21,22,23,24,27,28,29,30,31,32,33,34,35,36,37,38,39,40,41,42,43,44,45,46,47,48,49,50,51,52,53,54,55,56,57,58,60,61,64,65,67,68,70,72,73,76,77,78,80,81,83,84,85,86,87,88,90]",5,159,0,0,2
"[0,1,2,3,4,5,6,7,8,9,10,11,12,13,14,15,16,17,18,19,20,21,22,23,24,27,28,29,30,31,32,33,34,35,36,37,38,39,40,41,42,43,44,45,46,47,48,49,50,51,52,53,54,55,56,57,58,60,61,64,65,67,68,70,72,73,76,77,78,80,81,83,84,85,86,87,88,90]",6,159,0,0,2
"[0,1,2,3,4,5,6,7,8,9,10,11,12,13,14,15,16,17,18,19,20,21,22,23,24,27,28,29,30,31,32,33,34,35,36,37,38,39,40,41,42,43,44,45,46,47,48,49,50,51,52,53,54,55,56,57,58,60,61,64,65,67,68,70,72,73,76,77,78,80,81,83,84,85,86,87,88,90]",7,159,0,0,2
"[0,1,2,3,4,5,6,7,8,9,10,11,12,13,14,15,16,17,18,19,20,21,22,23,24,27,28,29,30,31,32,33,34,35,36,37,38,39,40,41,42,43,44,45,46,47,48,49,50,51,52,53,54,55,56,57,58,60,61,64,65,67,68,70,72,73,76,77,78,80,81,83,84,85,86,87,88,90]",8,159,2,0.0125786163522013,2
"[0,1,2,3,4,5,6,7,8,9,10,11,12,13,14,15,16,17,18,19,20,21,22,23,24,27,28,29,30,31,32,33,34,35,36,37,38,39,40,41,42,43,44,45,46,47,48,49,50,51,52,53,54,55,56,57,58,60,61,64,65,67,68,70,72,73,76,77,78,80,81,83,84,85,86,87,88,90]",9,159,0,0,2
"[0,1,2,3,4,5,6,7,8,9,10,11,12,13,14,15,16,17,18,19,20,21,22,23,24,27,28,29,30,31,32,33,34,35,36,37,38,39,40,41,42,43,44,45,46,47,48,49,50,51,52,53,54,55,56,57,58,60,61,64,65,67,68,70,72,73,76,77,78,80,81,83,84,85,86,87,88,90]",10,159,0,0,2
"[0,1,2,3,4,5,6,7,8,9,10,11,12,13,14,15,16,17,18,19,20,21,22,23,24,27,28,29,30,31,32,33,34,35,36,37,38,39,40,41,42,43,44,45,46,47,48,49,50,51,52,53,54,55,56,57,58,60,61,64,65,67,68,70,72,73,76,77,78,80,81,83,84,85,86,87,88,90]",11,159,0,0,2
"[0,1,2,3,4,5,6,7,8,9,10,11,12,13,14,15,16,17,18,19,20,21,22,23,24,27,28,29,30,31,32,33,34,35,36,37,38,39,40,41,42,43,44,45,46,47,48,49,50,51,52,53,54,55,56,57,58,60,61,64,65,67,68,70,72,73,76,77,78,80,81,83,84,85,86,87,88,90]",12,159,1,0.00628930817610063,2
"[0,1,2,3,4,5,6,7,8,9,10,11,12,13,14,15,16,17,18,19,20,21,22,23,24,27,28,29,30,31,32,33,34,35,36,37,38,39,40,41,42,43,44,45,46,47,48,49,50,51,52,53,54,55,56,57,58,60,61,64,65,67,68,70,72,73,76,77,78,80,81,83,84,85,86,87,88,90]",13,159,0,0,2
"[0,1,2,3,4,5,6,7,8,9,10,11,12,13,14,15,16,17,18,19,20,21,22,23,24,27,28,29,30,31,32,33,34,35,36,37,38,39,40,41,42,43,44,45,46,47,48,49,50,51,52,53,54,55,56,57,58,60,61,64,65,67,68,70,72,73,76,77,78,80,81,83,84,85,86,87,88,90]",14,159,0,0,2
"[0,1,2,3,4,5,6,7,8,9,10,11,12,13,14,15,16,17,18,19,20,21,22,23,24,27,28,29,30,31,32,33,34,35,36,37,38,39,40,41,42,43,44,45,46,47,48,49,50,51,52,53,54,55,56,57,58,60,61,64,65,67,68,70,72,73,76,77,78,80,81,83,84,85,86,87,88,90]",15,159,0,0,2
"[0,1,2,3,4,5,6,7,8,9,10,11,12,13,14,15,16,17,18,19,20,21,22,23,24,27,28,29,30,31,32,33,34,35,36,37,38,39,40,41,42,43,44,45,46,47,48,49,50,51,52,53,54,55,56,57,58,60,61,64,65,67,68,70,72,73,76,77,78,80,81,83,84,85,86,87,88,90]",16,159,0,0,2
"[0,1,2,3,4,5,6,7,8,9,10,11,12,13,14,15,16,17,18,19,20,21,22,23,24,27,28,29,30,31,32,33,34,35,36,37,38,39,40,41,42,43,44,45,46,47,48,49,50,51,52,53,54,55,56,57,58,60,61,64,65,67,68,70,72,73,76,77,78,80,81,83,84,85,86,87,88,90]",17,159,5,0.0314465408805031,2
"[0,1,2,3,4,5,6,7,8,9,10,11,12,13,14,15,16,17,18,19,20,21,22,23,24,27,28,29,30,31,32,33,34,35,36,37,38,39,40,41,42,43,44,45,46,47,48,49,50,51,52,53,54,55,56,57,58,60,61,64,65,67,68,70,72,73,76,77,78,80,81,83,84,85,86,87,88,90]",18,159,0,0,2
"[0,1,2,3,4,5,6,7,8,9,10,11,12,13,14,15,16,17,18,19,20,21,22,23,24,27,28,29,30,31,32,33,34,35,36,37,38,39,40,41,42,43,44,45,46,47,48,49,50,51,52,53,54,55,56,57,58,60,61,64,65,67,68,70,72,73,76,77,78,80,81,83,84,85,86,87,88,90]",19,159,0,0,2
"[0,1,2,3,4,5,6,7,8,9,10,11,12,13,14,15,16,17,18,19,20,21,22,23,24,27,28,29,30,31,32,33,34,35,36,37,38,39,40,41,42,43,44,45,46,47,48,49,50,51,52,53,54,55,56,57,58,60,61,64,65,67,68,70,72,73,76,77,78,80,81,83,84,85,86,87,88,90]",20,159,1,0.00628930817610063,2
"[0,1,2,3,4,5,6,7,8,9,10,11,12,13,14,15,16,17,18,19,20,21,22,23,24,27,28,29,30,31,32,33,34,35,36,37,38,39,40,41,42,43,44,45,46,47,48,49,50,51,52,53,54,55,56,57,58,60,61,64,65,67,68,70,72,73,76,77,78,80,81,83,84,85,86,87,88,90]",21,159,0,0,2
"[0,1,2,3,4,5,6,7,8,9,10,11,12,13,14,15,16,17,18,19,20,21,22,23,24,27,28,29,30,31,32,33,34,35,36,37,38,39,40,41,42,43,44,45,46,47,48,49,50,51,52,53,54,55,56,57,58,60,61,64,65,67,68,70,72,73,76,77,78,80,81,83,84,85,86,87,88,90]",22,159,0,0,2
"[0,1,2,3,4,5,6,7,8,9,10,11,12,13,14,15,16,17,18,19,20,21,22,23,24,27,28,29,30,31,32,33,34,35,36,37,38,39,40,41,42,43,44,45,46,47,48,49,50,51,52,53,54,55,56,57,58,60,61,64,65,67,68,70,72,73,76,77,78,80,81,83,84,85,86,87,88,90]",23,159,0,0,2
"[0,1,2,3,4,5,6,7,8,9,10,11,12,13,14,15,16,17,18,19,20,21,22,23,24,27,28,29,30,31,32,33,34,35,36,37,38,39,40,41,42,43,44,45,46,47,48,49,50,51,52,53,54,55,56,57,58,60,61,64,65,67,68,70,72,73,76,77,78,80,81,83,84,85,86,87,88,90]",24,159,4,0.0251572327044025,2
"[0,1,2,3,4,5,6,7,8,9,10,11,12,13,14,15,16,17,18,19,20,21,22,23,24,27,28,29,30,31,32,33,34,35,36,37,38,39,40,41,42,43,44,45,46,47,48,49,50,51,52,53,54,55,56,57,58,60,61,64,65,67,68,70,72,73,76,77,78,80,81,83,84,85,86,87,88,90]",27,159,0,0,2
"[0,1,2,3,4,5,6,7,8,9,10,11,12,13,14,15,16,17,18,19,20,21,22,23,24,27,28,29,30,31,32,33,34,35,36,37,38,39,40,41,42,43,44,45,46,47,48,49,50,51,52,53,54,55,56,57,58,60,61,64,65,67,68,70,72,73,76,77,78,80,81,83,84,85,86,87,88,90]",28,159,0,0,2
"[0,1,2,3,4,5,6,7,8,9,10,11,12,13,14,15,16,17,18,19,20,21,22,23,24,27,28,29,30,31,32,33,34,35,36,37,38,39,40,41,42,43,44,45,46,47,48,49,50,51,52,53,54,55,56,57,58,60,61,64,65,67,68,70,72,73,76,77,78,80,81,83,84,85,86,87,88,90]",29,159,4,0.0251572327044025,2
"[0,1,2,3,4,5,6,7,8,9,10,11,12,13,14,15,16,17,18,19,20,21,22,23,24,27,28,29,30,31,32,33,34,35,36,37,38,39,40,41,42,43,44,45,46,47,48,49,50,51,52,53,54,55,56,57,58,60,61,64,65,67,68,70,72,73,76,77,78,80,81,83,84,85,86,87,88,90]",30,159,0,0,2
"[0,1,2,3,4,5,6,7,8,9,10,11,12,13,14,15,16,17,18,19,20,21,22,23,24,27,28,29,30,31,32,33,34,35,36,37,38,39,40,41,42,43,44,45,46,47,48,49,50,51,52,53,54,55,56,57,58,60,61,64,65,67,68,70,72,73,76,77,78,80,81,83,84,85,86,87,88,90]",31,159,8,0.050314465408805,2
"[0,1,2,3,4,5,6,7,8,9,10,11,12,13,14,15,16,17,18,19,20,21,22,23,24,27,28,29,30,31,32,33,34,35,36,37,38,39,40,41,42,43,44,45,46,47,48,49,50,51,52,53,54,55,56,57,58,60,61,64,65,67,68,70,72,73,76,77,78,80,81,83,84,85,86,87,88,90]",32,159,0,0,2
"[0,1,2,3,4,5,6,7,8,9,10,11,12,13,14,15,16,17,18,19,20,21,22,23,24,27,28,29,30,31,32,33,34,35,36,37,38,39,40,41,42,43,44,45,46,47,48,49,50,51,52,53,54,55,56,57,58,60,61,64,65,67,68,70,72,73,76,77,78,80,81,83,84,85,86,87,88,90]",33,159,0,0,2
"[0,1,2,3,4,5,6,7,8,9,10,11,12,13,14,15,16,17,18,19,20,21,22,23,24,27,28,29,30,31,32,33,34,35,36,37,38,39,40,41,42,43,44,45,46,47,48,49,50,51,52,53,54,55,56,57,58,60,61,64,65,67,68,70,72,73,76,77,78,80,81,83,84,85,86,87,88,90]",34,159,0,0,2
"[0,1,2,3,4,5,6,7,8,9,10,11,12,13,14,15,16,17,18,19,20,21,22,23,24,27,28,29,30,31,32,33,34,35,36,37,38,39,40,41,42,43,44,45,46,47,48,49,50,51,52,53,54,55,56,57,58,60,61,64,65,67,68,70,72,73,76,77,78,80,81,83,84,85,86,87,88,90]",35,159,1,0.00628930817610063,2
"[0,1,2,3,4,5,6,7,8,9,10,11,12,13,14,15,16,17,18,19,20,21,22,23,24,27,28,29,30,31,32,33,34,35,36,37,38,39,40,41,42,43,44,45,46,47,48,49,50,51,52,53,54,55,56,57,58,60,61,64,65,67,68,70,72,73,76,77,78,80,81,83,84,85,86,87,88,90]",36,159,1,0.00628930817610063,2
"[0,1,2,3,4,5,6,7,8,9,10,11,12,13,14,15,16,17,18,19,20,21,22,23,24,27,28,29,30,31,32,33,34,35,36,37,38,39,40,41,42,43,44,45,46,47,48,49,50,51,52,53,54,55,56,57,58,60,61,64,65,67,68,70,72,73,76,77,78,80,81,83,84,85,86,87,88,90]",37,159,0,0,2
"[0,1,2,3,4,5,6,7,8,9,10,11,12,13,14,15,16,17,18,19,20,21,22,23,24,27,28,29,30,31,32,33,34,35,36,37,38,39,40,41,42,43,44,45,46,47,48,49,50,51,52,53,54,55,56,57,58,60,61,64,65,67,68,70,72,73,76,77,78,80,81,83,84,85,86,87,88,90]",38,159,0,0,2
"[0,1,2,3,4,5,6,7,8,9,10,11,12,13,14,15,16,17,18,19,20,21,22,23,24,27,28,29,30,31,32,33,34,35,36,37,38,39,40,41,42,43,44,45,46,47,48,49,50,51,52,53,54,55,56,57,58,60,61,64,65,67,68,70,72,73,76,77,78,80,81,83,84,85,86,87,88,90]",39,159,3,0.0188679245283019,2
"[0,1,2,3,4,5,6,7,8,9,10,11,12,13,14,15,16,17,18,19,20,21,22,23,24,27,28,29,30,31,32,33,34,35,36,37,38,39,40,41,42,43,44,45,46,47,48,49,50,51,52,53,54,55,56,57,58,60,61,64,65,67,68,70,72,73,76,77,78,80,81,83,84,85,86,87,88,90]",40,159,0,0,2
"[0,1,2,3,4,5,6,7,8,9,10,11,12,13,14,15,16,17,18,19,20,21,22,23,24,27,28,29,30,31,32,33,34,35,36,37,38,39,40,41,42,43,44,45,46,47,48,49,50,51,52,53,54,55,56,57,58,60,61,64,65,67,68,70,72,73,76,77,78,80,81,83,84,85,86,87,88,90]",41,159,1,0.00628930817610063,2
"[0,1,2,3,4,5,6,7,8,9,10,11,12,13,14,15,16,17,18,19,20,21,22,23,24,27,28,29,30,31,32,33,34,35,36,37,38,39,40,41,42,43,44,45,46,47,48,49,50,51,52,53,54,55,56,57,58,60,61,64,65,67,68,70,72,73,76,77,78,80,81,83,84,85,86,87,88,90]",42,159,0,0,2
"[0,1,2,3,4,5,6,7,8,9,10,11,12,13,14,15,16,17,18,19,20,21,22,23,24,27,28,29,30,31,32,33,34,35,36,37,38,39,40,41,42,43,44,45,46,47,48,49,50,51,52,53,54,55,56,57,58,60,61,64,65,67,68,70,72,73,76,77,78,80,81,83,84,85,86,87,88,90]",43,159,0,0,2
"[0,1,2,3,4,5,6,7,8,9,10,11,12,13,14,15,16,17,18,19,20,21,22,23,24,27,28,29,30,31,32,33,34,35,36,37,38,39,40,41,42,43,44,45,46,47,48,49,50,51,52,53,54,55,56,57,58,60,61,64,65,67,68,70,72,73,76,77,78,80,81,83,84,85,86,87,88,90]",44,159,11,0.0691823899371069,2
"[0,1,2,3,4,5,6,7,8,9,10,11,12,13,14,15,16,17,18,19,20,21,22,23,24,27,28,29,30,31,32,33,34,35,36,37,38,39,40,41,42,43,44,45,46,47,48,49,50,51,52,53,54,55,56,57,58,60,61,64,65,67,68,70,72,73,76,77,78,80,81,83,84,85,86,87,88,90]",45,159,0,0,2
"[0,1,2,3,4,5,6,7,8,9,10,11,12,13,14,15,16,17,18,19,20,21,22,23,24,27,28,29,30,31,32,33,34,35,36,37,38,39,40,41,42,43,44,45,46,47,48,49,50,51,52,53,54,55,56,57,58,60,61,64,65,67,68,70,72,73,76,77,78,80,81,83,84,85,86,87,88,90]",46,159,0,0,2
"[0,1,2,3,4,5,6,7,8,9,10,11,12,13,14,15,16,17,18,19,20,21,22,23,24,27,28,29,30,31,32,33,34,35,36,37,38,39,40,41,42,43,44,45,46,47,48,49,50,51,52,53,54,55,56,57,58,60,61,64,65,67,68,70,72,73,76,77,78,80,81,83,84,85,86,87,88,90]",47,159,0,0,2
"[0,1,2,3,4,5,6,7,8,9,10,11,12,13,14,15,16,17,18,19,20,21,22,23,24,27,28,29,30,31,32,33,34,35,36,37,38,39,40,41,42,43,44,45,46,47,48,49,50,51,52,53,54,55,56,57,58,60,61,64,65,67,68,70,72,73,76,77,78,80,81,83,84,85,86,87,88,90]",48,159,0,0,2
"[0,1,2,3,4,5,6,7,8,9,10,11,12,13,14,15,16,17,18,19,20,21,22,23,24,27,28,29,30,31,32,33,34,35,36,37,38,39,40,41,42,43,44,45,46,47,48,49,50,51,52,53,54,55,56,57,58,60,61,64,65,67,68,70,72,73,76,77,78,80,81,83,84,85,86,87,88,90]",49,159,0,0,2
"[0,1,2,3,4,5,6,7,8,9,10,11,12,13,14,15,16,17,18,19,20,21,22,23,24,27,28,29,30,31,32,33,34,35,36,37,38,39,40,41,42,43,44,45,46,47,48,49,50,51,52,53,54,55,56,57,58,60,61,64,65,67,68,70,72,73,76,77,78,80,81,83,84,85,86,87,88,90]",50,159,0,0,2
"[0,1,2,3,4,5,6,7,8,9,10,11,12,13,14,15,16,17,18,19,20,21,22,23,24,27,28,29,30,31,32,33,34,35,36,37,38,39,40,41,42,43,44,45,46,47,48,49,50,51,52,53,54,55,56,57,58,60,61,64,65,67,68,70,72,73,76,77,78,80,81,83,84,85,86,87,88,90]",51,159,0,0,2
"[0,1,2,3,4,5,6,7,8,9,10,11,12,13,14,15,16,17,18,19,20,21,22,23,24,27,28,29,30,31,32,33,34,35,36,37,38,39,40,41,42,43,44,45,46,47,48,49,50,51,52,53,54,55,56,57,58,60,61,64,65,67,68,70,72,73,76,77,78,80,81,83,84,85,86,87,88,90]",52,159,0,0,2
"[0,1,2,3,4,5,6,7,8,9,10,11,12,13,14,15,16,17,18,19,20,21,22,23,24,27,28,29,30,31,32,33,34,35,36,37,38,39,40,41,42,43,44,45,46,47,48,49,50,51,52,53,54,55,56,57,58,60,61,64,65,67,68,70,72,73,76,77,78,80,81,83,84,85,86,87,88,90]",53,159,0,0,2
"[0,1,2,3,4,5,6,7,8,9,10,11,12,13,14,15,16,17,18,19,20,21,22,23,24,27,28,29,30,31,32,33,34,35,36,37,38,39,40,41,42,43,44,45,46,47,48,49,50,51,52,53,54,55,56,57,58,60,61,64,65,67,68,70,72,73,76,77,78,80,81,83,84,85,86,87,88,90]",54,159,0,0,2
"[0,1,2,3,4,5,6,7,8,9,10,11,12,13,14,15,16,17,18,19,20,21,22,23,24,27,28,29,30,31,32,33,34,35,36,37,38,39,40,41,42,43,44,45,46,47,48,49,50,51,52,53,54,55,56,57,58,60,61,64,65,67,68,70,72,73,76,77,78,80,81,83,84,85,86,87,88,90]",55,159,0,0,2
"[0,1,2,3,4,5,6,7,8,9,10,11,12,13,14,15,16,17,18,19,20,21,22,23,24,27,28,29,30,31,32,33,34,35,36,37,38,39,40,41,42,43,44,45,46,47,48,49,50,51,52,53,54,55,56,57,58,60,61,64,65,67,68,70,72,73,76,77,78,80,81,83,84,85,86,87,88,90]",56,159,0,0,2
"[0,1,2,3,4,5,6,7,8,9,10,11,12,13,14,15,16,17,18,19,20,21,22,23,24,27,28,29,30,31,32,33,34,35,36,37,38,39,40,41,42,43,44,45,46,47,48,49,50,51,52,53,54,55,56,57,58,60,61,64,65,67,68,70,72,73,76,77,78,80,81,83,84,85,86,87,88,90]",57,159,0,0,2
"[0,1,2,3,4,5,6,7,8,9,10,11,12,13,14,15,16,17,18,19,20,21,22,23,24,27,28,29,30,31,32,33,34,35,36,37,38,39,40,41,42,43,44,45,46,47,48,49,50,51,52,53,54,55,56,57,58,60,61,64,65,67,68,70,72,73,76,77,78,80,81,83,84,85,86,87,88,90]",58,159,0,0,2
"[0,1,2,3,4,5,6,7,8,9,10,11,12,13,14,15,16,17,18,19,20,21,22,23,24,27,28,29,30,31,32,33,34,35,36,37,38,39,40,41,42,43,44,45,46,47,48,49,50,51,52,53,54,55,56,57,58,60,61,64,65,67,68,70,72,73,76,77,78,80,81,83,84,85,86,87,88,90]",60,159,0,0,2
"[0,1,2,3,4,5,6,7,8,9,10,11,12,13,14,15,16,17,18,19,20,21,22,23,24,27,28,29,30,31,32,33,34,35,36,37,38,39,40,41,42,43,44,45,46,47,48,49,50,51,52,53,54,55,56,57,58,60,61,64,65,67,68,70,72,73,76,77,78,80,81,83,84,85,86,87,88,90]",61,159,0,0,2
"[0,1,2,3,4,5,6,7,8,9,10,11,12,13,14,15,16,17,18,19,20,21,22,23,24,27,28,29,30,31,32,33,34,35,36,37,38,39,40,41,42,43,44,45,46,47,48,49,50,51,52,53,54,55,56,57,58,60,61,64,65,67,68,70,72,73,76,77,78,80,81,83,84,85,86,87,88,90]",64,159,0,0,2
"[0,1,2,3,4,5,6,7,8,9,10,11,12,13,14,15,16,17,18,19,20,21,22,23,24,27,28,29,30,31,32,33,34,35,36,37,38,39,40,41,42,43,44,45,46,47,48,49,50,51,52,53,54,55,56,57,58,60,61,64,65,67,68,70,72,73,76,77,78,80,81,83,84,85,86,87,88,90]",65,159,0,0,2
"[0,1,2,3,4,5,6,7,8,9,10,11,12,13,14,15,16,17,18,19,20,21,22,23,24,27,28,29,30,31,32,33,34,35,36,37,38,39,40,41,42,43,44,45,46,47,48,49,50,51,52,53,54,55,56,57,58,60,61,64,65,67,68,70,72,73,76,77,78,80,81,83,84,85,86,87,88,90]",67,159,0,0,2
"[0,1,2,3,4,5,6,7,8,9,10,11,12,13,14,15,16,17,18,19,20,21,22,23,24,27,28,29,30,31,32,33,34,35,36,37,38,39,40,41,42,43,44,45,46,47,48,49,50,51,52,53,54,55,56,57,58,60,61,64,65,67,68,70,72,73,76,77,78,80,81,83,84,85,86,87,88,90]",68,159,0,0,2
"[0,1,2,3,4,5,6,7,8,9,10,11,12,13,14,15,16,17,18,19,20,21,22,23,24,27,28,29,30,31,32,33,34,35,36,37,38,39,40,41,42,43,44,45,46,47,48,49,50,51,52,53,54,55,56,57,58,60,61,64,65,67,68,70,72,73,76,77,78,80,81,83,84,85,86,87,88,90]",70,159,0,0,2
"[0,1,2,3,4,5,6,7,8,9,10,11,12,13,14,15,16,17,18,19,20,21,22,23,24,27,28,29,30,31,32,33,34,35,36,37,38,39,40,41,42,43,44,45,46,47,48,49,50,51,52,53,54,55,56,57,58,60,61,64,65,67,68,70,72,73,76,77,78,80,81,83,84,85,86,87,88,90]",72,159,0,0,2
"[0,1,2,3,4,5,6,7,8,9,10,11,12,13,14,15,16,17,18,19,20,21,22,23,24,27,28,29,30,31,32,33,34,35,36,37,38,39,40,41,42,43,44,45,46,47,48,49,50,51,52,53,54,55,56,57,58,60,61,64,65,67,68,70,72,73,76,77,78,80,81,83,84,85,86,87,88,90]",73,159,0,0,2
"[0,1,2,3,4,5,6,7,8,9,10,11,12,13,14,15,16,17,18,19,20,21,22,23,24,27,28,29,30,31,32,33,34,35,36,37,38,39,40,41,42,43,44,45,46,47,48,49,50,51,52,53,54,55,56,57,58,60,61,64,65,67,68,70,72,73,76,77,78,80,81,83,84,85,86,87,88,90]",76,159,0,0,2
"[0,1,2,3,4,5,6,7,8,9,10,11,12,13,14,15,16,17,18,19,20,21,22,23,24,27,28,29,30,31,32,33,34,35,36,37,38,39,40,41,42,43,44,45,46,47,48,49,50,51,52,53,54,55,56,57,58,60,61,64,65,67,68,70,72,73,76,77,78,80,81,83,84,85,86,87,88,90]",77,159,0,0,2
"[0,1,2,3,4,5,6,7,8,9,10,11,12,13,14,15,16,17,18,19,20,21,22,23,24,27,28,29,30,31,32,33,34,35,36,37,38,39,40,41,42,43,44,45,46,47,48,49,50,51,52,53,54,55,56,57,58,60,61,64,65,67,68,70,72,73,76,77,78,80,81,83,84,85,86,87,88,90]",78,159,0,0,2
"[0,1,2,3,4,5,6,7,8,9,10,11,12,13,14,15,16,17,18,19,20,21,22,23,24,27,28,29,30,31,32,33,34,35,36,37,38,39,40,41,42,43,44,45,46,47,48,49,50,51,52,53,54,55,56,57,58,60,61,64,65,67,68,70,72,73,76,77,78,80,81,83,84,85,86,87,88,90]",80,159,0,0,2
"[0,1,2,3,4,5,6,7,8,9,10,11,12,13,14,15,16,17,18,19,20,21,22,23,24,27,28,29,30,31,32,33,34,35,36,37,38,39,40,41,42,43,44,45,46,47,48,49,50,51,52,53,54,55,56,57,58,60,61,64,65,67,68,70,72,73,76,77,78,80,81,83,84,85,86,87,88,90]",81,159,0,0,2
"[0,1,2,3,4,5,6,7,8,9,10,11,12,13,14,15,16,17,18,19,20,21,22,23,24,27,28,29,30,31,32,33,34,35,36,37,38,39,40,41,42,43,44,45,46,47,48,49,50,51,52,53,54,55,56,57,58,60,61,64,65,67,68,70,72,73,76,77,78,80,81,83,84,85,86,87,88,90]",83,159,0,0,2
"[0,1,2,3,4,5,6,7,8,9,10,11,12,13,14,15,16,17,18,19,20,21,22,23,24,27,28,29,30,31,32,33,34,35,36,37,38,39,40,41,42,43,44,45,46,47,48,49,50,51,52,53,54,55,56,57,58,60,61,64,65,67,68,70,72,73,76,77,78,80,81,83,84,85,86,87,88,90]",84,159,0,0,2
"[0,1,2,3,4,5,6,7,8,9,10,11,12,13,14,15,16,17,18,19,20,21,22,23,24,27,28,29,30,31,32,33,34,35,36,37,38,39,40,41,42,43,44,45,46,47,48,49,50,51,52,53,54,55,56,57,58,60,61,64,65,67,68,70,72,73,76,77,78,80,81,83,84,85,86,87,88,90]",85,159,0,0,2
"[0,1,2,3,4,5,6,7,8,9,10,11,12,13,14,15,16,17,18,19,20,21,22,23,24,27,28,29,30,31,32,33,34,35,36,37,38,39,40,41,42,43,44,45,46,47,48,49,50,51,52,53,54,55,56,57,58,60,61,64,65,67,68,70,72,73,76,77,78,80,81,83,84,85,86,87,88,90]",86,159,44,0.276729559748428,2
"[0,1,2,3,4,5,6,7,8,9,10,11,12,13,14,15,16,17,18,19,20,21,22,23,24,27,28,29,30,31,32,33,34,35,36,37,38,39,40,41,42,43,44,45,46,47,48,49,50,51,52,53,54,55,56,57,58,60,61,64,65,67,68,70,72,73,76,77,78,80,81,83,84,85,86,87,88,90]",87,159,0,0,2
"[0,1,2,3,4,5,6,7,8,9,10,11,12,13,14,15,16,17,18,19,20,21,22,23,24,27,28,29,30,31,32,33,34,35,36,37,38,39,40,41,42,43,44,45,46,47,48,49,50,51,52,53,54,55,56,57,58,60,61,64,65,67,68,70,72,73,76,77,78,80,81,83,84,85,86,87,88,90]",88,159,0,0,2
"[0,1,2,3,4,5,6,7,8,9,10,11,12,13,14,15,16,17,18,19,20,21,22,23,24,27,28,29,30,31,32,33,34,35,36,37,38,39,40,41,42,43,44,45,46,47,48,49,50,51,52,53,54,55,56,57,58,60,61,64,65,67,68,70,72,73,76,77,78,80,81,83,84,85,86,87,88,90]",90,159,0,0,2
"[0,1,2,3,4,5,6,7,8,9,10,11,12,13,14,15,16,17,18,19,20,21,22,23,24,27,28,29,30,31,32,33,34,35,36,37,38,39,40,41,42,43,44,45,46,47,48,49,50,51,52,53,54,55,56,57,58,60,61,64,65,67,68,70,72,73,76,77,78,80,81,83,84,85]",0,360,267,0.741666666666667,2
"[0,1,2,3,4,5,6,7,8,9,10,11,12,13,14,15,16,17,18,19,20,21,22,23,24,27,28,29,30,31,32,33,34,35,36,37,38,39,40,41,42,43,44,45,46,47,48,49,50,51,52,53,54,55,56,57,58,60,61,64,65,67,68,70,72,73,76,77,78,80,81,83,84,85]",1,360,1,0.00277777777777778,2
"[0,1,2,3,4,5,6,7,8,9,10,11,12,13,14,15,16,17,18,19,20,21,22,23,24,27,28,29,30,31,32,33,34,35,36,37,38,39,40,41,42,43,44,45,46,47,48,49,50,51,52,53,54,55,56,57,58,60,61,64,65,67,68,70,72,73,76,77,78,80,81,83,84,85]",2,360,1,0.00277777777777778,2
"[0,1,2,3,4,5,6,7,8,9,10,11,12,13,14,15,16,17,18,19,20,21,22,23,24,27,28,29,30,31,32,33,34,35,36,37,38,39,40,41,42,43,44,45,46,47,48,49,50,51,52,53,54,55,56,57,58,60,61,64,65,67,68,70,72,73,76,77,78,80,81,83,84,85]",3,360,0,0,2
"[0,1,2,3,4,5,6,7,8,9,10,11,12,13,14,15,16,17,18,19,20,21,22,23,24,27,28,29,30,31,32,33,34,35,36,37,38,39,40,41,42,43,44,45,46,47,48,49,50,51,52,53,54,55,56,57,58,60,61,64,65,67,68,70,72,73,76,77,78,80,81,83,84,85]",4,360,0,0,2
"[0,1,2,3,4,5,6,7,8,9,10,11,12,13,14,15,16,17,18,19,20,21,22,23,24,27,28,29,30,31,32,33,34,35,36,37,38,39,40,41,42,43,44,45,46,47,48,49,50,51,52,53,54,55,56,57,58,60,61,64,65,67,68,70,72,73,76,77,78,80,81,83,84,85]",5,360,0,0,2
"[0,1,2,3,4,5,6,7,8,9,10,11,12,13,14,15,16,17,18,19,20,21,22,23,24,27,28,29,30,31,32,33,34,35,36,37,38,39,40,41,42,43,44,45,46,47,48,49,50,51,52,53,54,55,56,57,58,60,61,64,65,67,68,70,72,73,76,77,78,80,81,83,84,85]",6,360,0,0,2
"[0,1,2,3,4,5,6,7,8,9,10,11,12,13,14,15,16,17,18,19,20,21,22,23,24,27,28,29,30,31,32,33,34,35,36,37,38,39,40,41,42,43,44,45,46,47,48,49,50,51,52,53,54,55,56,57,58,60,61,64,65,67,68,70,72,73,76,77,78,80,81,83,84,85]",7,360,0,0,2
"[0,1,2,3,4,5,6,7,8,9,10,11,12,13,14,15,16,17,18,19,20,21,22,23,24,27,28,29,30,31,32,33,34,35,36,37,38,39,40,41,42,43,44,45,46,47,48,49,50,51,52,53,54,55,56,57,58,60,61,64,65,67,68,70,72,73,76,77,78,80,81,83,84,85]",8,360,7,0.0194444444444444,2
"[0,1,2,3,4,5,6,7,8,9,10,11,12,13,14,15,16,17,18,19,20,21,22,23,24,27,28,29,30,31,32,33,34,35,36,37,38,39,40,41,42,43,44,45,46,47,48,49,50,51,52,53,54,55,56,57,58,60,61,64,65,67,68,70,72,73,76,77,78,80,81,83,84,85]",9,360,0,0,2
"[0,1,2,3,4,5,6,7,8,9,10,11,12,13,14,15,16,17,18,19,20,21,22,23,24,27,28,29,30,31,32,33,34,35,36,37,38,39,40,41,42,43,44,45,46,47,48,49,50,51,52,53,54,55,56,57,58,60,61,64,65,67,68,70,72,73,76,77,78,80,81,83,84,85]",10,360,0,0,2
"[0,1,2,3,4,5,6,7,8,9,10,11,12,13,14,15,16,17,18,19,20,21,22,23,24,27,28,29,30,31,32,33,34,35,36,37,38,39,40,41,42,43,44,45,46,47,48,49,50,51,52,53,54,55,56,57,58,60,61,64,65,67,68,70,72,73,76,77,78,80,81,83,84,85]",11,360,0,0,2
"[0,1,2,3,4,5,6,7,8,9,10,11,12,13,14,15,16,17,18,19,20,21,22,23,24,27,28,29,30,31,32,33,34,35,36,37,38,39,40,41,42,43,44,45,46,47,48,49,50,51,52,53,54,55,56,57,58,60,61,64,65,67,68,70,72,73,76,77,78,80,81,83,84,85]",12,360,8,0.0222222222222222,2
"[0,1,2,3,4,5,6,7,8,9,10,11,12,13,14,15,16,17,18,19,20,21,22,23,24,27,28,29,30,31,32,33,34,35,36,37,38,39,40,41,42,43,44,45,46,47,48,49,50,51,52,53,54,55,56,57,58,60,61,64,65,67,68,70,72,73,76,77,78,80,81,83,84,85]",13,360,0,0,2
"[0,1,2,3,4,5,6,7,8,9,10,11,12,13,14,15,16,17,18,19,20,21,22,23,24,27,28,29,30,31,32,33,34,35,36,37,38,39,40,41,42,43,44,45,46,47,48,49,50,51,52,53,54,55,56,57,58,60,61,64,65,67,68,70,72,73,76,77,78,80,81,83,84,85]",14,360,0,0,2
"[0,1,2,3,4,5,6,7,8,9,10,11,12,13,14,15,16,17,18,19,20,21,22,23,24,27,28,29,30,31,32,33,34,35,36,37,38,39,40,41,42,43,44,45,46,47,48,49,50,51,52,53,54,55,56,57,58,60,61,64,65,67,68,70,72,73,76,77,78,80,81,83,84,85]",15,360,0,0,2
"[0,1,2,3,4,5,6,7,8,9,10,11,12,13,14,15,16,17,18,19,20,21,22,23,24,27,28,29,30,31,32,33,34,35,36,37,38,39,40,41,42,43,44,45,46,47,48,49,50,51,52,53,54,55,56,57,58,60,61,64,65,67,68,70,72,73,76,77,78,80,81,83,84,85]",16,360,3,0.00833333333333333,2
"[0,1,2,3,4,5,6,7,8,9,10,11,12,13,14,15,16,17,18,19,20,21,22,23,24,27,28,29,30,31,32,33,34,35,36,37,38,39,40,41,42,43,44,45,46,47,48,49,50,51,52,53,54,55,56,57,58,60,61,64,65,67,68,70,72,73,76,77,78,80,81,83,84,85]",17,360,7,0.0194444444444444,2
"[0,1,2,3,4,5,6,7,8,9,10,11,12,13,14,15,16,17,18,19,20,21,22,23,24,27,28,29,30,31,32,33,34,35,36,37,38,39,40,41,42,43,44,45,46,47,48,49,50,51,52,53,54,55,56,57,58,60,61,64,65,67,68,70,72,73,76,77,78,80,81,83,84,85]",18,360,5,0.0138888888888889,2
"[0,1,2,3,4,5,6,7,8,9,10,11,12,13,14,15,16,17,18,19,20,21,22,23,24,27,28,29,30,31,32,33,34,35,36,37,38,39,40,41,42,43,44,45,46,47,48,49,50,51,52,53,54,55,56,57,58,60,61,64,65,67,68,70,72,73,76,77,78,80,81,83,84,85]",19,360,0,0,2
"[0,1,2,3,4,5,6,7,8,9,10,11,12,13,14,15,16,17,18,19,20,21,22,23,24,27,28,29,30,31,32,33,34,35,36,37,38,39,40,41,42,43,44,45,46,47,48,49,50,51,52,53,54,55,56,57,58,60,61,64,65,67,68,70,72,73,76,77,78,80,81,83,84,85]",20,360,0,0,2
"[0,1,2,3,4,5,6,7,8,9,10,11,12,13,14,15,16,17,18,19,20,21,22,23,24,27,28,29,30,31,32,33,34,35,36,37,38,39,40,41,42,43,44,45,46,47,48,49,50,51,52,53,54,55,56,57,58,60,61,64,65,67,68,70,72,73,76,77,78,80,81,83,84,85]",21,360,4,0.0111111111111111,2
"[0,1,2,3,4,5,6,7,8,9,10,11,12,13,14,15,16,17,18,19,20,21,22,23,24,27,28,29,30,31,32,33,34,35,36,37,38,39,40,41,42,43,44,45,46,47,48,49,50,51,52,53,54,55,56,57,58,60,61,64,65,67,68,70,72,73,76,77,78,80,81,83,84,85]",22,360,0,0,2
"[0,1,2,3,4,5,6,7,8,9,10,11,12,13,14,15,16,17,18,19,20,21,22,23,24,27,28,29,30,31,32,33,34,35,36,37,38,39,40,41,42,43,44,45,46,47,48,49,50,51,52,53,54,55,56,57,58,60,61,64,65,67,68,70,72,73,76,77,78,80,81,83,84,85]",23,360,6,0.0166666666666667,2
"[0,1,2,3,4,5,6,7,8,9,10,11,12,13,14,15,16,17,18,19,20,21,22,23,24,27,28,29,30,31,32,33,34,35,36,37,38,39,40,41,42,43,44,45,46,47,48,49,50,51,52,53,54,55,56,57,58,60,61,64,65,67,68,70,72,73,76,77,78,80,81,83,84,85]",24,360,3,0.00833333333333333,2
"[0,1,2,3,4,5,6,7,8,9,10,11,12,13,14,15,16,17,18,19,20,21,22,23,24,27,28,29,30,31,32,33,34,35,36,37,38,39,40,41,42,43,44,45,46,47,48,49,50,51,52,53,54,55,56,57,58,60,61,64,65,67,68,70,72,73,76,77,78,80,81,83,84,85]",27,360,8,0.0222222222222222,2
"[0,1,2,3,4,5,6,7,8,9,10,11,12,13,14,15,16,17,18,19,20,21,22,23,24,27,28,29,30,31,32,33,34,35,36,37,38,39,40,41,42,43,44,45,46,47,48,49,50,51,52,53,54,55,56,57,58,60,61,64,65,67,68,70,72,73,76,77,78,80,81,83,84,85]",28,360,0,0,2
"[0,1,2,3,4,5,6,7,8,9,10,11,12,13,14,15,16,17,18,19,20,21,22,23,24,27,28,29,30,31,32,33,34,35,36,37,38,39,40,41,42,43,44,45,46,47,48,49,50,51,52,53,54,55,56,57,58,60,61,64,65,67,68,70,72,73,76,77,78,80,81,83,84,85]",29,360,4,0.0111111111111111,2
"[0,1,2,3,4,5,6,7,8,9,10,11,12,13,14,15,16,17,18,19,20,21,22,23,24,27,28,29,30,31,32,33,34,35,36,37,38,39,40,41,42,43,44,45,46,47,48,49,50,51,52,53,54,55,56,57,58,60,61,64,65,67,68,70,72,73,76,77,78,80,81,83,84,85]",30,360,0,0,2
"[0,1,2,3,4,5,6,7,8,9,10,11,12,13,14,15,16,17,18,19,20,21,22,23,24,27,28,29,30,31,32,33,34,35,36,37,38,39,40,41,42,43,44,45,46,47,48,49,50,51,52,53,54,55,56,57,58,60,61,64,65,67,68,70,72,73,76,77,78,80,81,83,84,85]",31,360,4,0.0111111111111111,2
"[0,1,2,3,4,5,6,7,8,9,10,11,12,13,14,15,16,17,18,19,20,21,22,23,24,27,28,29,30,31,32,33,34,35,36,37,38,39,40,41,42,43,44,45,46,47,48,49,50,51,52,53,54,55,56,57,58,60,61,64,65,67,68,70,72,73,76,77,78,80,81,83,84,85]",32,360,0,0,2
"[0,1,2,3,4,5,6,7,8,9,10,11,12,13,14,15,16,17,18,19,20,21,22,23,24,27,28,29,30,31,32,33,34,35,36,37,38,39,40,41,42,43,44,45,46,47,48,49,50,51,52,53,54,55,56,57,58,60,61,64,65,67,68,70,72,73,76,77,78,80,81,83,84,85]",33,360,0,0,2
"[0,1,2,3,4,5,6,7,8,9,10,11,12,13,14,15,16,17,18,19,20,21,22,23,24,27,28,29,30,31,32,33,34,35,36,37,38,39,40,41,42,43,44,45,46,47,48,49,50,51,52,53,54,55,56,57,58,60,61,64,65,67,68,70,72,73,76,77,78,80,81,83,84,85]",34,360,0,0,2
"[0,1,2,3,4,5,6,7,8,9,10,11,12,13,14,15,16,17,18,19,20,21,22,23,24,27,28,29,30,31,32,33,34,35,36,37,38,39,40,41,42,43,44,45,46,47,48,49,50,51,52,53,54,55,56,57,58,60,61,64,65,67,68,70,72,73,76,77,78,80,81,83,84,85]",35,360,3,0.00833333333333333,2
"[0,1,2,3,4,5,6,7,8,9,10,11,12,13,14,15,16,17,18,19,20,21,22,23,24,27,28,29,30,31,32,33,34,35,36,37,38,39,40,41,42,43,44,45,46,47,48,49,50,51,52,53,54,55,56,57,58,60,61,64,65,67,68,70,72,73,76,77,78,80,81,83,84,85]",36,360,1,0.00277777777777778,2
"[0,1,2,3,4,5,6,7,8,9,10,11,12,13,14,15,16,17,18,19,20,21,22,23,24,27,28,29,30,31,32,33,34,35,36,37,38,39,40,41,42,43,44,45,46,47,48,49,50,51,52,53,54,55,56,57,58,60,61,64,65,67,68,70,72,73,76,77,78,80,81,83,84,85]",37,360,0,0,2
"[0,1,2,3,4,5,6,7,8,9,10,11,12,13,14,15,16,17,18,19,20,21,22,23,24,27,28,29,30,31,32,33,34,35,36,37,38,39,40,41,42,43,44,45,46,47,48,49,50,51,52,53,54,55,56,57,58,60,61,64,65,67,68,70,72,73,76,77,78,80,81,83,84,85]",38,360,0,0,2
"[0,1,2,3,4,5,6,7,8,9,10,11,12,13,14,15,16,17,18,19,20,21,22,23,24,27,28,29,30,31,32,33,34,35,36,37,38,39,40,41,42,43,44,45,46,47,48,49,50,51,52,53,54,55,56,57,58,60,61,64,65,67,68,70,72,73,76,77,78,80,81,83,84,85]",39,360,6,0.0166666666666667,2
"[0,1,2,3,4,5,6,7,8,9,10,11,12,13,14,15,16,17,18,19,20,21,22,23,24,27,28,29,30,31,32,33,34,35,36,37,38,39,40,41,42,43,44,45,46,47,48,49,50,51,52,53,54,55,56,57,58,60,61,64,65,67,68,70,72,73,76,77,78,80,81,83,84,85]",40,360,0,0,2
"[0,1,2,3,4,5,6,7,8,9,10,11,12,13,14,15,16,17,18,19,20,21,22,23,24,27,28,29,30,31,32,33,34,35,36,37,38,39,40,41,42,43,44,45,46,47,48,49,50,51,52,53,54,55,56,57,58,60,61,64,65,67,68,70,72,73,76,77,78,80,81,83,84,85]",41,360,9,0.025,2
"[0,1,2,3,4,5,6,7,8,9,10,11,12,13,14,15,16,17,18,19,20,21,22,23,24,27,28,29,30,31,32,33,34,35,36,37,38,39,40,41,42,43,44,45,46,47,48,49,50,51,52,53,54,55,56,57,58,60,61,64,65,67,68,70,72,73,76,77,78,80,81,83,84,85]",42,360,0,0,2
"[0,1,2,3,4,5,6,7,8,9,10,11,12,13,14,15,16,17,18,19,20,21,22,23,24,27,28,29,30,31,32,33,34,35,36,37,38,39,40,41,42,43,44,45,46,47,48,49,50,51,52,53,54,55,56,57,58,60,61,64,65,67,68,70,72,73,76,77,78,80,81,83,84,85]",43,360,0,0,2
"[0,1,2,3,4,5,6,7,8,9,10,11,12,13,14,15,16,17,18,19,20,21,22,23,24,27,28,29,30,31,32,33,34,35,36,37,38,39,40,41,42,43,44,45,46,47,48,49,50,51,52,53,54,55,56,57,58,60,61,64,65,67,68,70,72,73,76,77,78,80,81,83,84,85]",44,360,4,0.0111111111111111,2
"[0,1,2,3,4,5,6,7,8,9,10,11,12,13,14,15,16,17,18,19,20,21,22,23,24,27,28,29,30,31,32,33,34,35,36,37,38,39,40,41,42,43,44,45,46,47,48,49,50,51,52,53,54,55,56,57,58,60,61,64,65,67,68,70,72,73,76,77,78,80,81,83,84,85]",45,360,0,0,2
"[0,1,2,3,4,5,6,7,8,9,10,11,12,13,14,15,16,17,18,19,20,21,22,23,24,27,28,29,30,31,32,33,34,35,36,37,38,39,40,41,42,43,44,45,46,47,48,49,50,51,52,53,54,55,56,57,58,60,61,64,65,67,68,70,72,73,76,77,78,80,81,83,84,85]",46,360,0,0,2
"[0,1,2,3,4,5,6,7,8,9,10,11,12,13,14,15,16,17,18,19,20,21,22,23,24,27,28,29,30,31,32,33,34,35,36,37,38,39,40,41,42,43,44,45,46,47,48,49,50,51,52,53,54,55,56,57,58,60,61,64,65,67,68,70,72,73,76,77,78,80,81,83,84,85]",47,360,0,0,2
"[0,1,2,3,4,5,6,7,8,9,10,11,12,13,14,15,16,17,18,19,20,21,22,23,24,27,28,29,30,31,32,33,34,35,36,37,38,39,40,41,42,43,44,45,46,47,48,49,50,51,52,53,54,55,56,57,58,60,61,64,65,67,68,70,72,73,76,77,78,80,81,83,84,85]",48,360,0,0,2
"[0,1,2,3,4,5,6,7,8,9,10,11,12,13,14,15,16,17,18,19,20,21,22,23,24,27,28,29,30,31,32,33,34,35,36,37,38,39,40,41,42,43,44,45,46,47,48,49,50,51,52,53,54,55,56,57,58,60,61,64,65,67,68,70,72,73,76,77,78,80,81,83,84,85]",49,360,0,0,2
"[0,1,2,3,4,5,6,7,8,9,10,11,12,13,14,15,16,17,18,19,20,21,22,23,24,27,28,29,30,31,32,33,34,35,36,37,38,39,40,41,42,43,44,45,46,47,48,49,50,51,52,53,54,55,56,57,58,60,61,64,65,67,68,70,72,73,76,77,78,80,81,83,84,85]",50,360,5,0.0138888888888889,2
"[0,1,2,3,4,5,6,7,8,9,10,11,12,13,14,15,16,17,18,19,20,21,22,23,24,27,28,29,30,31,32,33,34,35,36,37,38,39,40,41,42,43,44,45,46,47,48,49,50,51,52,53,54,55,56,57,58,60,61,64,65,67,68,70,72,73,76,77,78,80,81,83,84,85]",51,360,0,0,2
"[0,1,2,3,4,5,6,7,8,9,10,11,12,13,14,15,16,17,18,19,20,21,22,23,24,27,28,29,30,31,32,33,34,35,36,37,38,39,40,41,42,43,44,45,46,47,48,49,50,51,52,53,54,55,56,57,58,60,61,64,65,67,68,70,72,73,76,77,78,80,81,83,84,85]",52,360,0,0,2
"[0,1,2,3,4,5,6,7,8,9,10,11,12,13,14,15,16,17,18,19,20,21,22,23,24,27,28,29,30,31,32,33,34,35,36,37,38,39,40,41,42,43,44,45,46,47,48,49,50,51,52,53,54,55,56,57,58,60,61,64,65,67,68,70,72,73,76,77,78,80,81,83,84,85]",53,360,0,0,2
"[0,1,2,3,4,5,6,7,8,9,10,11,12,13,14,15,16,17,18,19,20,21,22,23,24,27,28,29,30,31,32,33,34,35,36,37,38,39,40,41,42,43,44,45,46,47,48,49,50,51,52,53,54,55,56,57,58,60,61,64,65,67,68,70,72,73,76,77,78,80,81,83,84,85]",54,360,4,0.0111111111111111,2
"[0,1,2,3,4,5,6,7,8,9,10,11,12,13,14,15,16,17,18,19,20,21,22,23,24,27,28,29,30,31,32,33,34,35,36,37,38,39,40,41,42,43,44,45,46,47,48,49,50,51,52,53,54,55,56,57,58,60,61,64,65,67,68,70,72,73,76,77,78,80,81,83,84,85]",55,360,0,0,2
"[0,1,2,3,4,5,6,7,8,9,10,11,12,13,14,15,16,17,18,19,20,21,22,23,24,27,28,29,30,31,32,33,34,35,36,37,38,39,40,41,42,43,44,45,46,47,48,49,50,51,52,53,54,55,56,57,58,60,61,64,65,67,68,70,72,73,76,77,78,80,81,83,84,85]",56,360,0,0,2
"[0,1,2,3,4,5,6,7,8,9,10,11,12,13,14,15,16,17,18,19,20,21,22,23,24,27,28,29,30,31,32,33,34,35,36,37,38,39,40,41,42,43,44,45,46,47,48,49,50,51,52,53,54,55,56,57,58,60,61,64,65,67,68,70,72,73,76,77,78,80,81,83,84,85]",57,360,0,0,2
"[0,1,2,3,4,5,6,7,8,9,10,11,12,13,14,15,16,17,18,19,20,21,22,23,24,27,28,29,30,31,32,33,34,35,36,37,38,39,40,41,42,43,44,45,46,47,48,49,50,51,52,53,54,55,56,57,58,60,61,64,65,67,68,70,72,73,76,77,78,80,81,83,84,85]",58,360,0,0,2
"[0,1,2,3,4,5,6,7,8,9,10,11,12,13,14,15,16,17,18,19,20,21,22,23,24,27,28,29,30,31,32,33,34,35,36,37,38,39,40,41,42,43,44,45,46,47,48,49,50,51,52,53,54,55,56,57,58,60,61,64,65,67,68,70,72,73,76,77,78,80,81,83,84,85]",60,360,0,0,2
"[0,1,2,3,4,5,6,7,8,9,10,11,12,13,14,15,16,17,18,19,20,21,22,23,24,27,28,29,30,31,32,33,34,35,36,37,38,39,40,41,42,43,44,45,46,47,48,49,50,51,52,53,54,55,56,57,58,60,61,64,65,67,68,70,72,73,76,77,78,80,81,83,84,85]",61,360,0,0,2
"[0,1,2,3,4,5,6,7,8,9,10,11,12,13,14,15,16,17,18,19,20,21,22,23,24,27,28,29,30,31,32,33,34,35,36,37,38,39,40,41,42,43,44,45,46,47,48,49,50,51,52,53,54,55,56,57,58,60,61,64,65,67,68,70,72,73,76,77,78,80,81,83,84,85]",64,360,0,0,2
"[0,1,2,3,4,5,6,7,8,9,10,11,12,13,14,15,16,17,18,19,20,21,22,23,24,27,28,29,30,31,32,33,34,35,36,37,38,39,40,41,42,43,44,45,46,47,48,49,50,51,52,53,54,55,56,57,58,60,61,64,65,67,68,70,72,73,76,77,78,80,81,83,84,85]",65,360,0,0,2
"[0,1,2,3,4,5,6,7,8,9,10,11,12,13,14,15,16,17,18,19,20,21,22,23,24,27,28,29,30,31,32,33,34,35,36,37,38,39,40,41,42,43,44,45,46,47,48,49,50,51,52,53,54,55,56,57,58,60,61,64,65,67,68,70,72,73,76,77,78,80,81,83,84,85]",67,360,0,0,2
"[0,1,2,3,4,5,6,7,8,9,10,11,12,13,14,15,16,17,18,19,20,21,22,23,24,27,28,29,30,31,32,33,34,35,36,37,38,39,40,41,42,43,44,45,46,47,48,49,50,51,52,53,54,55,56,57,58,60,61,64,65,67,68,70,72,73,76,77,78,80,81,83,84,85]",68,360,0,0,2
"[0,1,2,3,4,5,6,7,8,9,10,11,12,13,14,15,16,17,18,19,20,21,22,23,24,27,28,29,30,31,32,33,34,35,36,37,38,39,40,41,42,43,44,45,46,47,48,49,50,51,52,53,54,55,56,57,58,60,61,64,65,67,68,70,72,73,76,77,78,80,81,83,84,85]",70,360,0,0,2
"[0,1,2,3,4,5,6,7,8,9,10,11,12,13,14,15,16,17,18,19,20,21,22,23,24,27,28,29,30,31,32,33,34,35,36,37,38,39,40,41,42,43,44,45,46,47,48,49,50,51,52,53,54,55,56,57,58,60,61,64,65,67,68,70,72,73,76,77,78,80,81,83,84,85]",72,360,0,0,2
"[0,1,2,3,4,5,6,7,8,9,10,11,12,13,14,15,16,17,18,19,20,21,22,23,24,27,28,29,30,31,32,33,34,35,36,37,38,39,40,41,42,43,44,45,46,47,48,49,50,51,52,53,54,55,56,57,58,60,61,64,65,67,68,70,72,73,76,77,78,80,81,83,84,85]",73,360,0,0,2
"[0,1,2,3,4,5,6,7,8,9,10,11,12,13,14,15,16,17,18,19,20,21,22,23,24,27,28,29,30,31,32,33,34,35,36,37,38,39,40,41,42,43,44,45,46,47,48,49,50,51,52,53,54,55,56,57,58,60,61,64,65,67,68,70,72,73,76,77,78,80,81,83,84,85]",76,360,0,0,2
"[0,1,2,3,4,5,6,7,8,9,10,11,12,13,14,15,16,17,18,19,20,21,22,23,24,27,28,29,30,31,32,33,34,35,36,37,38,39,40,41,42,43,44,45,46,47,48,49,50,51,52,53,54,55,56,57,58,60,61,64,65,67,68,70,72,73,76,77,78,80,81,83,84,85]",77,360,0,0,2
"[0,1,2,3,4,5,6,7,8,9,10,11,12,13,14,15,16,17,18,19,20,21,22,23,24,27,28,29,30,31,32,33,34,35,36,37,38,39,40,41,42,43,44,45,46,47,48,49,50,51,52,53,54,55,56,57,58,60,61,64,65,67,68,70,72,73,76,77,78,80,81,83,84,85]",78,360,0,0,2
"[0,1,2,3,4,5,6,7,8,9,10,11,12,13,14,15,16,17,18,19,20,21,22,23,24,27,28,29,30,31,32,33,34,35,36,37,38,39,40,41,42,43,44,45,46,47,48,49,50,51,52,53,54,55,56,57,58,60,61,64,65,67,68,70,72,73,76,77,78,80,81,83,84,85]",80,360,0,0,2
"[0,1,2,3,4,5,6,7,8,9,10,11,12,13,14,15,16,17,18,19,20,21,22,23,24,27,28,29,30,31,32,33,34,35,36,37,38,39,40,41,42,43,44,45,46,47,48,49,50,51,52,53,54,55,56,57,58,60,61,64,65,67,68,70,72,73,76,77,78,80,81,83,84,85]",81,360,0,0,2
"[0,1,2,3,4,5,6,7,8,9,10,11,12,13,14,15,16,17,18,19,20,21,22,23,24,27,28,29,30,31,32,33,34,35,36,37,38,39,40,41,42,43,44,45,46,47,48,49,50,51,52,53,54,55,56,57,58,60,61,64,65,67,68,70,72,73,76,77,78,80,81,83,84,85]",83,360,0,0,2
"[0,1,2,3,4,5,6,7,8,9,10,11,12,13,14,15,16,17,18,19,20,21,22,23,24,27,28,29,30,31,32,33,34,35,36,37,38,39,40,41,42,43,44,45,46,47,48,49,50,51,52,53,54,55,56,57,58,60,61,64,65,67,68,70,72,73,76,77,78,80,81,83,84,85]",84,360,0,0,2
"[0,1,2,3,4,5,6,7,8,9,10,11,12,13,14,15,16,17,18,19,20,21,22,23,24,27,28,29,30,31,32,33,34,35,36,37,38,39,40,41,42,43,44,45,46,47,48,49,50,51,52,53,54,55,56,57,58,60,61,64,65,67,68,70,72,73,76,77,78,80,81,83,84,85]",85,360,0,0,2
"[0,1,2,3,4,5,6,7,8,9,10,11,12,13,14,15,16,17,18,19,20,21,23,24,27,28,29,30,31,32,33,34,35,36,37,38,39,40,41,42,43,44,45,46,47,48,49,50,51,52,53,54,55,56,57,58,60,61,64,65,67,68,70,72,73,76,77,78,80,81,83,84,86,87,88,90]",0,48,17,0.354166666666667,6
"[0,1,2,3,4,5,6,7,8,9,10,11,12,13,14,15,16,17,18,19,20,21,23,24,27,28,29,30,31,32,33,34,35,36,37,38,39,40,41,42,43,44,45,46,47,48,49,50,51,52,53,54,55,56,57,58,60,61,64,65,67,68,70,72,73,76,77,78,80,81,83,84,86,87,88,90]",1,48,0,0,6
"[0,1,2,3,4,5,6,7,8,9,10,11,12,13,14,15,16,17,18,19,20,21,23,24,27,28,29,30,31,32,33,34,35,36,37,38,39,40,41,42,43,44,45,46,47,48,49,50,51,52,53,54,55,56,57,58,60,61,64,65,67,68,70,72,73,76,77,78,80,81,83,84,86,87,88,90]",2,48,0,0,6
"[0,1,2,3,4,5,6,7,8,9,10,11,12,13,14,15,16,17,18,19,20,21,23,24,27,28,29,30,31,32,33,34,35,36,37,38,39,40,41,42,43,44,45,46,47,48,49,50,51,52,53,54,55,56,57,58,60,61,64,65,67,68,70,72,73,76,77,78,80,81,83,84,86,87,88,90]",3,48,0,0,6
"[0,1,2,3,4,5,6,7,8,9,10,11,12,13,14,15,16,17,18,19,20,21,23,24,27,28,29,30,31,32,33,34,35,36,37,38,39,40,41,42,43,44,45,46,47,48,49,50,51,52,53,54,55,56,57,58,60,61,64,65,67,68,70,72,73,76,77,78,80,81,83,84,86,87,88,90]",4,48,0,0,6
"[0,1,2,3,4,5,6,7,8,9,10,11,12,13,14,15,16,17,18,19,20,21,23,24,27,28,29,30,31,32,33,34,35,36,37,38,39,40,41,42,43,44,45,46,47,48,49,50,51,52,53,54,55,56,57,58,60,61,64,65,67,68,70,72,73,76,77,78,80,81,83,84,86,87,88,90]",5,48,0,0,6
"[0,1,2,3,4,5,6,7,8,9,10,11,12,13,14,15,16,17,18,19,20,21,23,24,27,28,29,30,31,32,33,34,35,36,37,38,39,40,41,42,43,44,45,46,47,48,49,50,51,52,53,54,55,56,57,58,60,61,64,65,67,68,70,72,73,76,77,78,80,81,83,84,86,87,88,90]",6,48,0,0,6
"[0,1,2,3,4,5,6,7,8,9,10,11,12,13,14,15,16,17,18,19,20,21,23,24,27,28,29,30,31,32,33,34,35,36,37,38,39,40,41,42,43,44,45,46,47,48,49,50,51,52,53,54,55,56,57,58,60,61,64,65,67,68,70,72,73,76,77,78,80,81,83,84,86,87,88,90]",7,48,0,0,6
"[0,1,2,3,4,5,6,7,8,9,10,11,12,13,14,15,16,17,18,19,20,21,23,24,27,28,29,30,31,32,33,34,35,36,37,38,39,40,41,42,43,44,45,46,47,48,49,50,51,52,53,54,55,56,57,58,60,61,64,65,67,68,70,72,73,76,77,78,80,81,83,84,86,87,88,90]",8,48,0,0,6
"[0,1,2,3,4,5,6,7,8,9,10,11,12,13,14,15,16,17,18,19,20,21,23,24,27,28,29,30,31,32,33,34,35,36,37,38,39,40,41,42,43,44,45,46,47,48,49,50,51,52,53,54,55,56,57,58,60,61,64,65,67,68,70,72,73,76,77,78,80,81,83,84,86,87,88,90]",9,48,0,0,6
"[0,1,2,3,4,5,6,7,8,9,10,11,12,13,14,15,16,17,18,19,20,21,23,24,27,28,29,30,31,32,33,34,35,36,37,38,39,40,41,42,43,44,45,46,47,48,49,50,51,52,53,54,55,56,57,58,60,61,64,65,67,68,70,72,73,76,77,78,80,81,83,84,86,87,88,90]",10,48,0,0,6
"[0,1,2,3,4,5,6,7,8,9,10,11,12,13,14,15,16,17,18,19,20,21,23,24,27,28,29,30,31,32,33,34,35,36,37,38,39,40,41,42,43,44,45,46,47,48,49,50,51,52,53,54,55,56,57,58,60,61,64,65,67,68,70,72,73,76,77,78,80,81,83,84,86,87,88,90]",11,48,0,0,6
"[0,1,2,3,4,5,6,7,8,9,10,11,12,13,14,15,16,17,18,19,20,21,23,24,27,28,29,30,31,32,33,34,35,36,37,38,39,40,41,42,43,44,45,46,47,48,49,50,51,52,53,54,55,56,57,58,60,61,64,65,67,68,70,72,73,76,77,78,80,81,83,84,86,87,88,90]",12,48,0,0,6
"[0,1,2,3,4,5,6,7,8,9,10,11,12,13,14,15,16,17,18,19,20,21,23,24,27,28,29,30,31,32,33,34,35,36,37,38,39,40,41,42,43,44,45,46,47,48,49,50,51,52,53,54,55,56,57,58,60,61,64,65,67,68,70,72,73,76,77,78,80,81,83,84,86,87,88,90]",13,48,0,0,6
"[0,1,2,3,4,5,6,7,8,9,10,11,12,13,14,15,16,17,18,19,20,21,23,24,27,28,29,30,31,32,33,34,35,36,37,38,39,40,41,42,43,44,45,46,47,48,49,50,51,52,53,54,55,56,57,58,60,61,64,65,67,68,70,72,73,76,77,78,80,81,83,84,86,87,88,90]",14,48,0,0,6
"[0,1,2,3,4,5,6,7,8,9,10,11,12,13,14,15,16,17,18,19,20,21,23,24,27,28,29,30,31,32,33,34,35,36,37,38,39,40,41,42,43,44,45,46,47,48,49,50,51,52,53,54,55,56,57,58,60,61,64,65,67,68,70,72,73,76,77,78,80,81,83,84,86,87,88,90]",15,48,0,0,6
"[0,1,2,3,4,5,6,7,8,9,10,11,12,13,14,15,16,17,18,19,20,21,23,24,27,28,29,30,31,32,33,34,35,36,37,38,39,40,41,42,43,44,45,46,47,48,49,50,51,52,53,54,55,56,57,58,60,61,64,65,67,68,70,72,73,76,77,78,80,81,83,84,86,87,88,90]",16,48,0,0,6
"[0,1,2,3,4,5,6,7,8,9,10,11,12,13,14,15,16,17,18,19,20,21,23,24,27,28,29,30,31,32,33,34,35,36,37,38,39,40,41,42,43,44,45,46,47,48,49,50,51,52,53,54,55,56,57,58,60,61,64,65,67,68,70,72,73,76,77,78,80,81,83,84,86,87,88,90]",17,48,1,0.0208333333333333,6
"[0,1,2,3,4,5,6,7,8,9,10,11,12,13,14,15,16,17,18,19,20,21,23,24,27,28,29,30,31,32,33,34,35,36,37,38,39,40,41,42,43,44,45,46,47,48,49,50,51,52,53,54,55,56,57,58,60,61,64,65,67,68,70,72,73,76,77,78,80,81,83,84,86,87,88,90]",18,48,0,0,6
"[0,1,2,3,4,5,6,7,8,9,10,11,12,13,14,15,16,17,18,19,20,21,23,24,27,28,29,30,31,32,33,34,35,36,37,38,39,40,41,42,43,44,45,46,47,48,49,50,51,52,53,54,55,56,57,58,60,61,64,65,67,68,70,72,73,76,77,78,80,81,83,84,86,87,88,90]",19,48,0,0,6
"[0,1,2,3,4,5,6,7,8,9,10,11,12,13,14,15,16,17,18,19,20,21,23,24,27,28,29,30,31,32,33,34,35,36,37,38,39,40,41,42,43,44,45,46,47,48,49,50,51,52,53,54,55,56,57,58,60,61,64,65,67,68,70,72,73,76,77,78,80,81,83,84,86,87,88,90]",20,48,0,0,6
"[0,1,2,3,4,5,6,7,8,9,10,11,12,13,14,15,16,17,18,19,20,21,23,24,27,28,29,30,31,32,33,34,35,36,37,38,39,40,41,42,43,44,45,46,47,48,49,50,51,52,53,54,55,56,57,58,60,61,64,65,67,68,70,72,73,76,77,78,80,81,83,84,86,87,88,90]",21,48,0,0,6
"[0,1,2,3,4,5,6,7,8,9,10,11,12,13,14,15,16,17,18,19,20,21,23,24,27,28,29,30,31,32,33,34,35,36,37,38,39,40,41,42,43,44,45,46,47,48,49,50,51,52,53,54,55,56,57,58,60,61,64,65,67,68,70,72,73,76,77,78,80,81,83,84,86,87,88,90]",23,48,0,0,6
"[0,1,2,3,4,5,6,7,8,9,10,11,12,13,14,15,16,17,18,19,20,21,23,24,27,28,29,30,31,32,33,34,35,36,37,38,39,40,41,42,43,44,45,46,47,48,49,50,51,52,53,54,55,56,57,58,60,61,64,65,67,68,70,72,73,76,77,78,80,81,83,84,86,87,88,90]",24,48,1,0.0208333333333333,6
"[0,1,2,3,4,5,6,7,8,9,10,11,12,13,14,15,16,17,18,19,20,21,23,24,27,28,29,30,31,32,33,34,35,36,37,38,39,40,41,42,43,44,45,46,47,48,49,50,51,52,53,54,55,56,57,58,60,61,64,65,67,68,70,72,73,76,77,78,80,81,83,84,86,87,88,90]",27,48,1,0.0208333333333333,6
"[0,1,2,3,4,5,6,7,8,9,10,11,12,13,14,15,16,17,18,19,20,21,23,24,27,28,29,30,31,32,33,34,35,36,37,38,39,40,41,42,43,44,45,46,47,48,49,50,51,52,53,54,55,56,57,58,60,61,64,65,67,68,70,72,73,76,77,78,80,81,83,84,86,87,88,90]",28,48,0,0,6
"[0,1,2,3,4,5,6,7,8,9,10,11,12,13,14,15,16,17,18,19,20,21,23,24,27,28,29,30,31,32,33,34,35,36,37,38,39,40,41,42,43,44,45,46,47,48,49,50,51,52,53,54,55,56,57,58,60,61,64,65,67,68,70,72,73,76,77,78,80,81,83,84,86,87,88,90]",29,48,0,0,6
"[0,1,2,3,4,5,6,7,8,9,10,11,12,13,14,15,16,17,18,19,20,21,23,24,27,28,29,30,31,32,33,34,35,36,37,38,39,40,41,42,43,44,45,46,47,48,49,50,51,52,53,54,55,56,57,58,60,61,64,65,67,68,70,72,73,76,77,78,80,81,83,84,86,87,88,90]",30,48,0,0,6
"[0,1,2,3,4,5,6,7,8,9,10,11,12,13,14,15,16,17,18,19,20,21,23,24,27,28,29,30,31,32,33,34,35,36,37,38,39,40,41,42,43,44,45,46,47,48,49,50,51,52,53,54,55,56,57,58,60,61,64,65,67,68,70,72,73,76,77,78,80,81,83,84,86,87,88,90]",31,48,3,0.0625,6
"[0,1,2,3,4,5,6,7,8,9,10,11,12,13,14,15,16,17,18,19,20,21,23,24,27,28,29,30,31,32,33,34,35,36,37,38,39,40,41,42,43,44,45,46,47,48,49,50,51,52,53,54,55,56,57,58,60,61,64,65,67,68,70,72,73,76,77,78,80,81,83,84,86,87,88,90]",32,48,0,0,6
"[0,1,2,3,4,5,6,7,8,9,10,11,12,13,14,15,16,17,18,19,20,21,23,24,27,28,29,30,31,32,33,34,35,36,37,38,39,40,41,42,43,44,45,46,47,48,49,50,51,52,53,54,55,56,57,58,60,61,64,65,67,68,70,72,73,76,77,78,80,81,83,84,86,87,88,90]",33,48,0,0,6
"[0,1,2,3,4,5,6,7,8,9,10,11,12,13,14,15,16,17,18,19,20,21,23,24,27,28,29,30,31,32,33,34,35,36,37,38,39,40,41,42,43,44,45,46,47,48,49,50,51,52,53,54,55,56,57,58,60,61,64,65,67,68,70,72,73,76,77,78,80,81,83,84,86,87,88,90]",34,48,0,0,6
"[0,1,2,3,4,5,6,7,8,9,10,11,12,13,14,15,16,17,18,19,20,21,23,24,27,28,29,30,31,32,33,34,35,36,37,38,39,40,41,42,43,44,45,46,47,48,49,50,51,52,53,54,55,56,57,58,60,61,64,65,67,68,70,72,73,76,77,78,80,81,83,84,86,87,88,90]",35,48,0,0,6
"[0,1,2,3,4,5,6,7,8,9,10,11,12,13,14,15,16,17,18,19,20,21,23,24,27,28,29,30,31,32,33,34,35,36,37,38,39,40,41,42,43,44,45,46,47,48,49,50,51,52,53,54,55,56,57,58,60,61,64,65,67,68,70,72,73,76,77,78,80,81,83,84,86,87,88,90]",36,48,0,0,6
"[0,1,2,3,4,5,6,7,8,9,10,11,12,13,14,15,16,17,18,19,20,21,23,24,27,28,29,30,31,32,33,34,35,36,37,38,39,40,41,42,43,44,45,46,47,48,49,50,51,52,53,54,55,56,57,58,60,61,64,65,67,68,70,72,73,76,77,78,80,81,83,84,86,87,88,90]",37,48,0,0,6
"[0,1,2,3,4,5,6,7,8,9,10,11,12,13,14,15,16,17,18,19,20,21,23,24,27,28,29,30,31,32,33,34,35,36,37,38,39,40,41,42,43,44,45,46,47,48,49,50,51,52,53,54,55,56,57,58,60,61,64,65,67,68,70,72,73,76,77,78,80,81,83,84,86,87,88,90]",38,48,0,0,6
"[0,1,2,3,4,5,6,7,8,9,10,11,12,13,14,15,16,17,18,19,20,21,23,24,27,28,29,30,31,32,33,34,35,36,37,38,39,40,41,42,43,44,45,46,47,48,49,50,51,52,53,54,55,56,57,58,60,61,64,65,67,68,70,72,73,76,77,78,80,81,83,84,86,87,88,90]",39,48,2,0.0416666666666667,6
"[0,1,2,3,4,5,6,7,8,9,10,11,12,13,14,15,16,17,18,19,20,21,23,24,27,28,29,30,31,32,33,34,35,36,37,38,39,40,41,42,43,44,45,46,47,48,49,50,51,52,53,54,55,56,57,58,60,61,64,65,67,68,70,72,73,76,77,78,80,81,83,84,86,87,88,90]",40,48,0,0,6
"[0,1,2,3,4,5,6,7,8,9,10,11,12,13,14,15,16,17,18,19,20,21,23,24,27,28,29,30,31,32,33,34,35,36,37,38,39,40,41,42,43,44,45,46,47,48,49,50,51,52,53,54,55,56,57,58,60,61,64,65,67,68,70,72,73,76,77,78,80,81,83,84,86,87,88,90]",41,48,0,0,6
"[0,1,2,3,4,5,6,7,8,9,10,11,12,13,14,15,16,17,18,19,20,21,23,24,27,28,29,30,31,32,33,34,35,36,37,38,39,40,41,42,43,44,45,46,47,48,49,50,51,52,53,54,55,56,57,58,60,61,64,65,67,68,70,72,73,76,77,78,80,81,83,84,86,87,88,90]",42,48,0,0,6
"[0,1,2,3,4,5,6,7,8,9,10,11,12,13,14,15,16,17,18,19,20,21,23,24,27,28,29,30,31,32,33,34,35,36,37,38,39,40,41,42,43,44,45,46,47,48,49,50,51,52,53,54,55,56,57,58,60,61,64,65,67,68,70,72,73,76,77,78,80,81,83,84,86,87,88,90]",43,48,0,0,6
"[0,1,2,3,4,5,6,7,8,9,10,11,12,13,14,15,16,17,18,19,20,21,23,24,27,28,29,30,31,32,33,34,35,36,37,38,39,40,41,42,43,44,45,46,47,48,49,50,51,52,53,54,55,56,57,58,60,61,64,65,67,68,70,72,73,76,77,78,80,81,83,84,86,87,88,90]",44,48,2,0.0416666666666667,6
"[0,1,2,3,4,5,6,7,8,9,10,11,12,13,14,15,16,17,18,19,20,21,23,24,27,28,29,30,31,32,33,34,35,36,37,38,39,40,41,42,43,44,45,46,47,48,49,50,51,52,53,54,55,56,57,58,60,61,64,65,67,68,70,72,73,76,77,78,80,81,83,84,86,87,88,90]",45,48,0,0,6
"[0,1,2,3,4,5,6,7,8,9,10,11,12,13,14,15,16,17,18,19,20,21,23,24,27,28,29,30,31,32,33,34,35,36,37,38,39,40,41,42,43,44,45,46,47,48,49,50,51,52,53,54,55,56,57,58,60,61,64,65,67,68,70,72,73,76,77,78,80,81,83,84,86,87,88,90]",46,48,0,0,6
"[0,1,2,3,4,5,6,7,8,9,10,11,12,13,14,15,16,17,18,19,20,21,23,24,27,28,29,30,31,32,33,34,35,36,37,38,39,40,41,42,43,44,45,46,47,48,49,50,51,52,53,54,55,56,57,58,60,61,64,65,67,68,70,72,73,76,77,78,80,81,83,84,86,87,88,90]",47,48,0,0,6
"[0,1,2,3,4,5,6,7,8,9,10,11,12,13,14,15,16,17,18,19,20,21,23,24,27,28,29,30,31,32,33,34,35,36,37,38,39,40,41,42,43,44,45,46,47,48,49,50,51,52,53,54,55,56,57,58,60,61,64,65,67,68,70,72,73,76,77,78,80,81,83,84,86,87,88,90]",48,48,0,0,6
"[0,1,2,3,4,5,6,7,8,9,10,11,12,13,14,15,16,17,18,19,20,21,23,24,27,28,29,30,31,32,33,34,35,36,37,38,39,40,41,42,43,44,45,46,47,48,49,50,51,52,53,54,55,56,57,58,60,61,64,65,67,68,70,72,73,76,77,78,80,81,83,84,86,87,88,90]",49,48,0,0,6
"[0,1,2,3,4,5,6,7,8,9,10,11,12,13,14,15,16,17,18,19,20,21,23,24,27,28,29,30,31,32,33,34,35,36,37,38,39,40,41,42,43,44,45,46,47,48,49,50,51,52,53,54,55,56,57,58,60,61,64,65,67,68,70,72,73,76,77,78,80,81,83,84,86,87,88,90]",50,48,0,0,6
"[0,1,2,3,4,5,6,7,8,9,10,11,12,13,14,15,16,17,18,19,20,21,23,24,27,28,29,30,31,32,33,34,35,36,37,38,39,40,41,42,43,44,45,46,47,48,49,50,51,52,53,54,55,56,57,58,60,61,64,65,67,68,70,72,73,76,77,78,80,81,83,84,86,87,88,90]",51,48,0,0,6
"[0,1,2,3,4,5,6,7,8,9,10,11,12,13,14,15,16,17,18,19,20,21,23,24,27,28,29,30,31,32,33,34,35,36,37,38,39,40,41,42,43,44,45,46,47,48,49,50,51,52,53,54,55,56,57,58,60,61,64,65,67,68,70,72,73,76,77,78,80,81,83,84,86,87,88,90]",52,48,0,0,6
"[0,1,2,3,4,5,6,7,8,9,10,11,12,13,14,15,16,17,18,19,20,21,23,24,27,28,29,30,31,32,33,34,35,36,37,38,39,40,41,42,43,44,45,46,47,48,49,50,51,52,53,54,55,56,57,58,60,61,64,65,67,68,70,72,73,76,77,78,80,81,83,84,86,87,88,90]",53,48,0,0,6
"[0,1,2,3,4,5,6,7,8,9,10,11,12,13,14,15,16,17,18,19,20,21,23,24,27,28,29,30,31,32,33,34,35,36,37,38,39,40,41,42,43,44,45,46,47,48,49,50,51,52,53,54,55,56,57,58,60,61,64,65,67,68,70,72,73,76,77,78,80,81,83,84,86,87,88,90]",54,48,2,0.0416666666666667,6
"[0,1,2,3,4,5,6,7,8,9,10,11,12,13,14,15,16,17,18,19,20,21,23,24,27,28,29,30,31,32,33,34,35,36,37,38,39,40,41,42,43,44,45,46,47,48,49,50,51,52,53,54,55,56,57,58,60,61,64,65,67,68,70,72,73,76,77,78,80,81,83,84,86,87,88,90]",55,48,0,0,6
"[0,1,2,3,4,5,6,7,8,9,10,11,12,13,14,15,16,17,18,19,20,21,23,24,27,28,29,30,31,32,33,34,35,36,37,38,39,40,41,42,43,44,45,46,47,48,49,50,51,52,53,54,55,56,57,58,60,61,64,65,67,68,70,72,73,76,77,78,80,81,83,84,86,87,88,90]",56,48,0,0,6
"[0,1,2,3,4,5,6,7,8,9,10,11,12,13,14,15,16,17,18,19,20,21,23,24,27,28,29,30,31,32,33,34,35,36,37,38,39,40,41,42,43,44,45,46,47,48,49,50,51,52,53,54,55,56,57,58,60,61,64,65,67,68,70,72,73,76,77,78,80,81,83,84,86,87,88,90]",57,48,0,0,6
"[0,1,2,3,4,5,6,7,8,9,10,11,12,13,14,15,16,17,18,19,20,21,23,24,27,28,29,30,31,32,33,34,35,36,37,38,39,40,41,42,43,44,45,46,47,48,49,50,51,52,53,54,55,56,57,58,60,61,64,65,67,68,70,72,73,76,77,78,80,81,83,84,86,87,88,90]",58,48,0,0,6
"[0,1,2,3,4,5,6,7,8,9,10,11,12,13,14,15,16,17,18,19,20,21,23,24,27,28,29,30,31,32,33,34,35,36,37,38,39,40,41,42,43,44,45,46,47,48,49,50,51,52,53,54,55,56,57,58,60,61,64,65,67,68,70,72,73,76,77,78,80,81,83,84,86,87,88,90]",60,48,0,0,6
"[0,1,2,3,4,5,6,7,8,9,10,11,12,13,14,15,16,17,18,19,20,21,23,24,27,28,29,30,31,32,33,34,35,36,37,38,39,40,41,42,43,44,45,46,47,48,49,50,51,52,53,54,55,56,57,58,60,61,64,65,67,68,70,72,73,76,77,78,80,81,83,84,86,87,88,90]",61,48,0,0,6
"[0,1,2,3,4,5,6,7,8,9,10,11,12,13,14,15,16,17,18,19,20,21,23,24,27,28,29,30,31,32,33,34,35,36,37,38,39,40,41,42,43,44,45,46,47,48,49,50,51,52,53,54,55,56,57,58,60,61,64,65,67,68,70,72,73,76,77,78,80,81,83,84,86,87,88,90]",64,48,0,0,6
"[0,1,2,3,4,5,6,7,8,9,10,11,12,13,14,15,16,17,18,19,20,21,23,24,27,28,29,30,31,32,33,34,35,36,37,38,39,40,41,42,43,44,45,46,47,48,49,50,51,52,53,54,55,56,57,58,60,61,64,65,67,68,70,72,73,76,77,78,80,81,83,84,86,87,88,90]",65,48,0,0,6
"[0,1,2,3,4,5,6,7,8,9,10,11,12,13,14,15,16,17,18,19,20,21,23,24,27,28,29,30,31,32,33,34,35,36,37,38,39,40,41,42,43,44,45,46,47,48,49,50,51,52,53,54,55,56,57,58,60,61,64,65,67,68,70,72,73,76,77,78,80,81,83,84,86,87,88,90]",67,48,0,0,6
"[0,1,2,3,4,5,6,7,8,9,10,11,12,13,14,15,16,17,18,19,20,21,23,24,27,28,29,30,31,32,33,34,35,36,37,38,39,40,41,42,43,44,45,46,47,48,49,50,51,52,53,54,55,56,57,58,60,61,64,65,67,68,70,72,73,76,77,78,80,81,83,84,86,87,88,90]",68,48,0,0,6
"[0,1,2,3,4,5,6,7,8,9,10,11,12,13,14,15,16,17,18,19,20,21,23,24,27,28,29,30,31,32,33,34,35,36,37,38,39,40,41,42,43,44,45,46,47,48,49,50,51,52,53,54,55,56,57,58,60,61,64,65,67,68,70,72,73,76,77,78,80,81,83,84,86,87,88,90]",70,48,0,0,6
"[0,1,2,3,4,5,6,7,8,9,10,11,12,13,14,15,16,17,18,19,20,21,23,24,27,28,29,30,31,32,33,34,35,36,37,38,39,40,41,42,43,44,45,46,47,48,49,50,51,52,53,54,55,56,57,58,60,61,64,65,67,68,70,72,73,76,77,78,80,81,83,84,86,87,88,90]",72,48,0,0,6
"[0,1,2,3,4,5,6,7,8,9,10,11,12,13,14,15,16,17,18,19,20,21,23,24,27,28,29,30,31,32,33,34,35,36,37,38,39,40,41,42,43,44,45,46,47,48,49,50,51,52,53,54,55,56,57,58,60,61,64,65,67,68,70,72,73,76,77,78,80,81,83,84,86,87,88,90]",73,48,0,0,6
"[0,1,2,3,4,5,6,7,8,9,10,11,12,13,14,15,16,17,18,19,20,21,23,24,27,28,29,30,31,32,33,34,35,36,37,38,39,40,41,42,43,44,45,46,47,48,49,50,51,52,53,54,55,56,57,58,60,61,64,65,67,68,70,72,73,76,77,78,80,81,83,84,86,87,88,90]",76,48,0,0,6
"[0,1,2,3,4,5,6,7,8,9,10,11,12,13,14,15,16,17,18,19,20,21,23,24,27,28,29,30,31,32,33,34,35,36,37,38,39,40,41,42,43,44,45,46,47,48,49,50,51,52,53,54,55,56,57,58,60,61,64,65,67,68,70,72,73,76,77,78,80,81,83,84,86,87,88,90]",77,48,0,0,6
"[0,1,2,3,4,5,6,7,8,9,10,11,12,13,14,15,16,17,18,19,20,21,23,24,27,28,29,30,31,32,33,34,35,36,37,38,39,40,41,42,43,44,45,46,47,48,49,50,51,52,53,54,55,56,57,58,60,61,64,65,67,68,70,72,73,76,77,78,80,81,83,84,86,87,88,90]",78,48,0,0,6
"[0,1,2,3,4,5,6,7,8,9,10,11,12,13,14,15,16,17,18,19,20,21,23,24,27,28,29,30,31,32,33,34,35,36,37,38,39,40,41,42,43,44,45,46,47,48,49,50,51,52,53,54,55,56,57,58,60,61,64,65,67,68,70,72,73,76,77,78,80,81,83,84,86,87,88,90]",80,48,0,0,6
"[0,1,2,3,4,5,6,7,8,9,10,11,12,13,14,15,16,17,18,19,20,21,23,24,27,28,29,30,31,32,33,34,35,36,37,38,39,40,41,42,43,44,45,46,47,48,49,50,51,52,53,54,55,56,57,58,60,61,64,65,67,68,70,72,73,76,77,78,80,81,83,84,86,87,88,90]",81,48,0,0,6
"[0,1,2,3,4,5,6,7,8,9,10,11,12,13,14,15,16,17,18,19,20,21,23,24,27,28,29,30,31,32,33,34,35,36,37,38,39,40,41,42,43,44,45,46,47,48,49,50,51,52,53,54,55,56,57,58,60,61,64,65,67,68,70,72,73,76,77,78,80,81,83,84,86,87,88,90]",83,48,0,0,6
"[0,1,2,3,4,5,6,7,8,9,10,11,12,13,14,15,16,17,18,19,20,21,23,24,27,28,29,30,31,32,33,34,35,36,37,38,39,40,41,42,43,44,45,46,47,48,49,50,51,52,53,54,55,56,57,58,60,61,64,65,67,68,70,72,73,76,77,78,80,81,83,84,86,87,88,90]",84,48,0,0,6
"[0,1,2,3,4,5,6,7,8,9,10,11,12,13,14,15,16,17,18,19,20,21,23,24,27,28,29,30,31,32,33,34,35,36,37,38,39,40,41,42,43,44,45,46,47,48,49,50,51,52,53,54,55,56,57,58,60,61,64,65,67,68,70,72,73,76,77,78,80,81,83,84,86,87,88,90]",86,48,17,0.354166666666667,6
"[0,1,2,3,4,5,6,7,8,9,10,11,12,13,14,15,16,17,18,19,20,21,23,24,27,28,29,30,31,32,33,34,35,36,37,38,39,40,41,42,43,44,45,46,47,48,49,50,51,52,53,54,55,56,57,58,60,61,64,65,67,68,70,72,73,76,77,78,80,81,83,84,86,87,88,90]",87,48,2,0.0416666666666667,6
"[0,1,2,3,4,5,6,7,8,9,10,11,12,13,14,15,16,17,18,19,20,21,23,24,27,28,29,30,31,32,33,34,35,36,37,38,39,40,41,42,43,44,45,46,47,48,49,50,51,52,53,54,55,56,57,58,60,61,64,65,67,68,70,72,73,76,77,78,80,81,83,84,86,87,88,90]",88,48,0,0,6
"[0,1,2,3,4,5,6,7,8,9,10,11,12,13,14,15,16,17,18,19,20,21,23,24,27,28,29,30,31,32,33,34,35,36,37,38,39,40,41,42,43,44,45,46,47,48,49,50,51,52,53,54,55,56,57,58,60,61,64,65,67,68,70,72,73,76,77,78,80,81,83,84,86,87,88,90]",90,48,0,0,6
"[0,1,2,3,4,5,6,7,8,9,10,11,12,13,14,15,16,17,18,19,20,21,23,24,27,28,29,30,31,32,33,34,35,36,37,38,39,40,41,42,43,44,45,46,47,48,49,50,51,52,53,54,55,56,57,58,60,61,64,65,67,68,70,72,73,76,77,78,80,81,83,84]",0,144,90,0.625,38
"[0,1,2,3,4,5,6,7,8,9,10,11,12,13,14,15,16,17,18,19,20,21,23,24,27,28,29,30,31,32,33,34,35,36,37,38,39,40,41,42,43,44,45,46,47,48,49,50,51,52,53,54,55,56,57,58,60,61,64,65,67,68,70,72,73,76,77,78,80,81,83,84]",1,144,0,0,38
"[0,1,2,3,4,5,6,7,8,9,10,11,12,13,14,15,16,17,18,19,20,21,23,24,27,28,29,30,31,32,33,34,35,36,37,38,39,40,41,42,43,44,45,46,47,48,49,50,51,52,53,54,55,56,57,58,60,61,64,65,67,68,70,72,73,76,77,78,80,81,83,84]",2,144,0,0,38
"[0,1,2,3,4,5,6,7,8,9,10,11,12,13,14,15,16,17,18,19,20,21,23,24,27,28,29,30,31,32,33,34,35,36,37,38,39,40,41,42,43,44,45,46,47,48,49,50,51,52,53,54,55,56,57,58,60,61,64,65,67,68,70,72,73,76,77,78,80,81,83,84]",3,144,0,0,38
"[0,1,2,3,4,5,6,7,8,9,10,11,12,13,14,15,16,17,18,19,20,21,23,24,27,28,29,30,31,32,33,34,35,36,37,38,39,40,41,42,43,44,45,46,47,48,49,50,51,52,53,54,55,56,57,58,60,61,64,65,67,68,70,72,73,76,77,78,80,81,83,84]",4,144,0,0,38
"[0,1,2,3,4,5,6,7,8,9,10,11,12,13,14,15,16,17,18,19,20,21,23,24,27,28,29,30,31,32,33,34,35,36,37,38,39,40,41,42,43,44,45,46,47,48,49,50,51,52,53,54,55,56,57,58,60,61,64,65,67,68,70,72,73,76,77,78,80,81,83,84]",5,144,0,0,38
"[0,1,2,3,4,5,6,7,8,9,10,11,12,13,14,15,16,17,18,19,20,21,23,24,27,28,29,30,31,32,33,34,35,36,37,38,39,40,41,42,43,44,45,46,47,48,49,50,51,52,53,54,55,56,57,58,60,61,64,65,67,68,70,72,73,76,77,78,80,81,83,84]",6,144,0,0,38
"[0,1,2,3,4,5,6,7,8,9,10,11,12,13,14,15,16,17,18,19,20,21,23,24,27,28,29,30,31,32,33,34,35,36,37,38,39,40,41,42,43,44,45,46,47,48,49,50,51,52,53,54,55,56,57,58,60,61,64,65,67,68,70,72,73,76,77,78,80,81,83,84]",7,144,0,0,38
"[0,1,2,3,4,5,6,7,8,9,10,11,12,13,14,15,16,17,18,19,20,21,23,24,27,28,29,30,31,32,33,34,35,36,37,38,39,40,41,42,43,44,45,46,47,48,49,50,51,52,53,54,55,56,57,58,60,61,64,65,67,68,70,72,73,76,77,78,80,81,83,84]",8,144,2,0.0138888888888889,38
"[0,1,2,3,4,5,6,7,8,9,10,11,12,13,14,15,16,17,18,19,20,21,23,24,27,28,29,30,31,32,33,34,35,36,37,38,39,40,41,42,43,44,45,46,47,48,49,50,51,52,53,54,55,56,57,58,60,61,64,65,67,68,70,72,73,76,77,78,80,81,83,84]",9,144,0,0,38
"[0,1,2,3,4,5,6,7,8,9,10,11,12,13,14,15,16,17,18,19,20,21,23,24,27,28,29,30,31,32,33,34,35,36,37,38,39,40,41,42,43,44,45,46,47,48,49,50,51,52,53,54,55,56,57,58,60,61,64,65,67,68,70,72,73,76,77,78,80,81,83,84]",10,144,0,0,38
"[0,1,2,3,4,5,6,7,8,9,10,11,12,13,14,15,16,17,18,19,20,21,23,24,27,28,29,30,31,32,33,34,35,36,37,38,39,40,41,42,43,44,45,46,47,48,49,50,51,52,53,54,55,56,57,58,60,61,64,65,67,68,70,72,73,76,77,78,80,81,83,84]",11,144,0,0,38
"[0,1,2,3,4,5,6,7,8,9,10,11,12,13,14,15,16,17,18,19,20,21,23,24,27,28,29,30,31,32,33,34,35,36,37,38,39,40,41,42,43,44,45,46,47,48,49,50,51,52,53,54,55,56,57,58,60,61,64,65,67,68,70,72,73,76,77,78,80,81,83,84]",12,144,1,0.00694444444444444,38
"[0,1,2,3,4,5,6,7,8,9,10,11,12,13,14,15,16,17,18,19,20,21,23,24,27,28,29,30,31,32,33,34,35,36,37,38,39,40,41,42,43,44,45,46,47,48,49,50,51,52,53,54,55,56,57,58,60,61,64,65,67,68,70,72,73,76,77,78,80,81,83,84]",13,144,0,0,38
"[0,1,2,3,4,5,6,7,8,9,10,11,12,13,14,15,16,17,18,19,20,21,23,24,27,28,29,30,31,32,33,34,35,36,37,38,39,40,41,42,43,44,45,46,47,48,49,50,51,52,53,54,55,56,57,58,60,61,64,65,67,68,70,72,73,76,77,78,80,81,83,84]",14,144,0,0,38
"[0,1,2,3,4,5,6,7,8,9,10,11,12,13,14,15,16,17,18,19,20,21,23,24,27,28,29,30,31,32,33,34,35,36,37,38,39,40,41,42,43,44,45,46,47,48,49,50,51,52,53,54,55,56,57,58,60,61,64,65,67,68,70,72,73,76,77,78,80,81,83,84]",15,144,0,0,38
"[0,1,2,3,4,5,6,7,8,9,10,11,12,13,14,15,16,17,18,19,20,21,23,24,27,28,29,30,31,32,33,34,35,36,37,38,39,40,41,42,43,44,45,46,47,48,49,50,51,52,53,54,55,56,57,58,60,61,64,65,67,68,70,72,73,76,77,78,80,81,83,84]",16,144,0,0,38
"[0,1,2,3,4,5,6,7,8,9,10,11,12,13,14,15,16,17,18,19,20,21,23,24,27,28,29,30,31,32,33,34,35,36,37,38,39,40,41,42,43,44,45,46,47,48,49,50,51,52,53,54,55,56,57,58,60,61,64,65,67,68,70,72,73,76,77,78,80,81,83,84]",17,144,6,0.0416666666666667,38
"[0,1,2,3,4,5,6,7,8,9,10,11,12,13,14,15,16,17,18,19,20,21,23,24,27,28,29,30,31,32,33,34,35,36,37,38,39,40,41,42,43,44,45,46,47,48,49,50,51,52,53,54,55,56,57,58,60,61,64,65,67,68,70,72,73,76,77,78,80,81,83,84]",18,144,0,0,38
"[0,1,2,3,4,5,6,7,8,9,10,11,12,13,14,15,16,17,18,19,20,21,23,24,27,28,29,30,31,32,33,34,35,36,37,38,39,40,41,42,43,44,45,46,47,48,49,50,51,52,53,54,55,56,57,58,60,61,64,65,67,68,70,72,73,76,77,78,80,81,83,84]",19,144,0,0,38
"[0,1,2,3,4,5,6,7,8,9,10,11,12,13,14,15,16,17,18,19,20,21,23,24,27,28,29,30,31,32,33,34,35,36,37,38,39,40,41,42,43,44,45,46,47,48,49,50,51,52,53,54,55,56,57,58,60,61,64,65,67,68,70,72,73,76,77,78,80,81,83,84]",20,144,1,0.00694444444444444,38
"[0,1,2,3,4,5,6,7,8,9,10,11,12,13,14,15,16,17,18,19,20,21,23,24,27,28,29,30,31,32,33,34,35,36,37,38,39,40,41,42,43,44,45,46,47,48,49,50,51,52,53,54,55,56,57,58,60,61,64,65,67,68,70,72,73,76,77,78,80,81,83,84]",21,144,0,0,38
"[0,1,2,3,4,5,6,7,8,9,10,11,12,13,14,15,16,17,18,19,20,21,23,24,27,28,29,30,31,32,33,34,35,36,37,38,39,40,41,42,43,44,45,46,47,48,49,50,51,52,53,54,55,56,57,58,60,61,64,65,67,68,70,72,73,76,77,78,80,81,83,84]",23,144,0,0,38
"[0,1,2,3,4,5,6,7,8,9,10,11,12,13,14,15,16,17,18,19,20,21,23,24,27,28,29,30,31,32,33,34,35,36,37,38,39,40,41,42,43,44,45,46,47,48,49,50,51,52,53,54,55,56,57,58,60,61,64,65,67,68,70,72,73,76,77,78,80,81,83,84]",24,144,5,0.0347222222222222,38
"[0,1,2,3,4,5,6,7,8,9,10,11,12,13,14,15,16,17,18,19,20,21,23,24,27,28,29,30,31,32,33,34,35,36,37,38,39,40,41,42,43,44,45,46,47,48,49,50,51,52,53,54,55,56,57,58,60,61,64,65,67,68,70,72,73,76,77,78,80,81,83,84]",27,144,1,0.00694444444444444,38
"[0,1,2,3,4,5,6,7,8,9,10,11,12,13,14,15,16,17,18,19,20,21,23,24,27,28,29,30,31,32,33,34,35,36,37,38,39,40,41,42,43,44,45,46,47,48,49,50,51,52,53,54,55,56,57,58,60,61,64,65,67,68,70,72,73,76,77,78,80,81,83,84]",28,144,0,0,38
"[0,1,2,3,4,5,6,7,8,9,10,11,12,13,14,15,16,17,18,19,20,21,23,24,27,28,29,30,31,32,33,34,35,36,37,38,39,40,41,42,43,44,45,46,47,48,49,50,51,52,53,54,55,56,57,58,60,61,64,65,67,68,70,72,73,76,77,78,80,81,83,84]",29,144,4,0.0277777777777778,38
"[0,1,2,3,4,5,6,7,8,9,10,11,12,13,14,15,16,17,18,19,20,21,23,24,27,28,29,30,31,32,33,34,35,36,37,38,39,40,41,42,43,44,45,46,47,48,49,50,51,52,53,54,55,56,57,58,60,61,64,65,67,68,70,72,73,76,77,78,80,81,83,84]",30,144,0,0,38
"[0,1,2,3,4,5,6,7,8,9,10,11,12,13,14,15,16,17,18,19,20,21,23,24,27,28,29,30,31,32,33,34,35,36,37,38,39,40,41,42,43,44,45,46,47,48,49,50,51,52,53,54,55,56,57,58,60,61,64,65,67,68,70,72,73,76,77,78,80,81,83,84]",31,144,11,0.0763888888888889,38
"[0,1,2,3,4,5,6,7,8,9,10,11,12,13,14,15,16,17,18,19,20,21,23,24,27,28,29,30,31,32,33,34,35,36,37,38,39,40,41,42,43,44,45,46,47,48,49,50,51,52,53,54,55,56,57,58,60,61,64,65,67,68,70,72,73,76,77,78,80,81,83,84]",32,144,0,0,38
"[0,1,2,3,4,5,6,7,8,9,10,11,12,13,14,15,16,17,18,19,20,21,23,24,27,28,29,30,31,32,33,34,35,36,37,38,39,40,41,42,43,44,45,46,47,48,49,50,51,52,53,54,55,56,57,58,60,61,64,65,67,68,70,72,73,76,77,78,80,81,83,84]",33,144,0,0,38
"[0,1,2,3,4,5,6,7,8,9,10,11,12,13,14,15,16,17,18,19,20,21,23,24,27,28,29,30,31,32,33,34,35,36,37,38,39,40,41,42,43,44,45,46,47,48,49,50,51,52,53,54,55,56,57,58,60,61,64,65,67,68,70,72,73,76,77,78,80,81,83,84]",34,144,0,0,38
"[0,1,2,3,4,5,6,7,8,9,10,11,12,13,14,15,16,17,18,19,20,21,23,24,27,28,29,30,31,32,33,34,35,36,37,38,39,40,41,42,43,44,45,46,47,48,49,50,51,52,53,54,55,56,57,58,60,61,64,65,67,68,70,72,73,76,77,78,80,81,83,84]",35,144,1,0.00694444444444444,38
"[0,1,2,3,4,5,6,7,8,9,10,11,12,13,14,15,16,17,18,19,20,21,23,24,27,28,29,30,31,32,33,34,35,36,37,38,39,40,41,42,43,44,45,46,47,48,49,50,51,52,53,54,55,56,57,58,60,61,64,65,67,68,70,72,73,76,77,78,80,81,83,84]",36,144,1,0.00694444444444444,38
"[0,1,2,3,4,5,6,7,8,9,10,11,12,13,14,15,16,17,18,19,20,21,23,24,27,28,29,30,31,32,33,34,35,36,37,38,39,40,41,42,43,44,45,46,47,48,49,50,51,52,53,54,55,56,57,58,60,61,64,65,67,68,70,72,73,76,77,78,80,81,83,84]",37,144,0,0,38
"[0,1,2,3,4,5,6,7,8,9,10,11,12,13,14,15,16,17,18,19,20,21,23,24,27,28,29,30,31,32,33,34,35,36,37,38,39,40,41,42,43,44,45,46,47,48,49,50,51,52,53,54,55,56,57,58,60,61,64,65,67,68,70,72,73,76,77,78,80,81,83,84]",38,144,0,0,38
"[0,1,2,3,4,5,6,7,8,9,10,11,12,13,14,15,16,17,18,19,20,21,23,24,27,28,29,30,31,32,33,34,35,36,37,38,39,40,41,42,43,44,45,46,47,48,49,50,51,52,53,54,55,56,57,58,60,61,64,65,67,68,70,72,73,76,77,78,80,81,83,84]",39,144,5,0.0347222222222222,38
"[0,1,2,3,4,5,6,7,8,9,10,11,12,13,14,15,16,17,18,19,20,21,23,24,27,28,29,30,31,32,33,34,35,36,37,38,39,40,41,42,43,44,45,46,47,48,49,50,51,52,53,54,55,56,57,58,60,61,64,65,67,68,70,72,73,76,77,78,80,81,83,84]",40,144,0,0,38
"[0,1,2,3,4,5,6,7,8,9,10,11,12,13,14,15,16,17,18,19,20,21,23,24,27,28,29,30,31,32,33,34,35,36,37,38,39,40,41,42,43,44,45,46,47,48,49,50,51,52,53,54,55,56,57,58,60,61,64,65,67,68,70,72,73,76,77,78,80,81,83,84]",41,144,1,0.00694444444444444,38
"[0,1,2,3,4,5,6,7,8,9,10,11,12,13,14,15,16,17,18,19,20,21,23,24,27,28,29,30,31,32,33,34,35,36,37,38,39,40,41,42,43,44,45,46,47,48,49,50,51,52,53,54,55,56,57,58,60,61,64,65,67,68,70,72,73,76,77,78,80,81,83,84]",42,144,0,0,38
"[0,1,2,3,4,5,6,7,8,9,10,11,12,13,14,15,16,17,18,19,20,21,23,24,27,28,29,30,31,32,33,34,35,36,37,38,39,40,41,42,43,44,45,46,47,48,49,50,51,52,53,54,55,56,57,58,60,61,64,65,67,68,70,72,73,76,77,78,80,81,83,84]",43,144,0,0,38
"[0,1,2,3,4,5,6,7,8,9,10,11,12,13,14,15,16,17,18,19,20,21,23,24,27,28,29,30,31,32,33,34,35,36,37,38,39,40,41,42,43,44,45,46,47,48,49,50,51,52,53,54,55,56,57,58,60,61,64,65,67,68,70,72,73,76,77,78,80,81,83,84]",44,144,13,0.0902777777777778,38
"[0,1,2,3,4,5,6,7,8,9,10,11,12,13,14,15,16,17,18,19,20,21,23,24,27,28,29,30,31,32,33,34,35,36,37,38,39,40,41,42,43,44,45,46,47,48,49,50,51,52,53,54,55,56,57,58,60,61,64,65,67,68,70,72,73,76,77,78,80,81,83,84]",45,144,0,0,38
"[0,1,2,3,4,5,6,7,8,9,10,11,12,13,14,15,16,17,18,19,20,21,23,24,27,28,29,30,31,32,33,34,35,36,37,38,39,40,41,42,43,44,45,46,47,48,49,50,51,52,53,54,55,56,57,58,60,61,64,65,67,68,70,72,73,76,77,78,80,81,83,84]",46,144,0,0,38
"[0,1,2,3,4,5,6,7,8,9,10,11,12,13,14,15,16,17,18,19,20,21,23,24,27,28,29,30,31,32,33,34,35,36,37,38,39,40,41,42,43,44,45,46,47,48,49,50,51,52,53,54,55,56,57,58,60,61,64,65,67,68,70,72,73,76,77,78,80,81,83,84]",47,144,0,0,38
"[0,1,2,3,4,5,6,7,8,9,10,11,12,13,14,15,16,17,18,19,20,21,23,24,27,28,29,30,31,32,33,34,35,36,37,38,39,40,41,42,43,44,45,46,47,48,49,50,51,52,53,54,55,56,57,58,60,61,64,65,67,68,70,72,73,76,77,78,80,81,83,84]",48,144,0,0,38
"[0,1,2,3,4,5,6,7,8,9,10,11,12,13,14,15,16,17,18,19,20,21,23,24,27,28,29,30,31,32,33,34,35,36,37,38,39,40,41,42,43,44,45,46,47,48,49,50,51,52,53,54,55,56,57,58,60,61,64,65,67,68,70,72,73,76,77,78,80,81,83,84]",49,144,0,0,38
"[0,1,2,3,4,5,6,7,8,9,10,11,12,13,14,15,16,17,18,19,20,21,23,24,27,28,29,30,31,32,33,34,35,36,37,38,39,40,41,42,43,44,45,46,47,48,49,50,51,52,53,54,55,56,57,58,60,61,64,65,67,68,70,72,73,76,77,78,80,81,83,84]",50,144,0,0,38
"[0,1,2,3,4,5,6,7,8,9,10,11,12,13,14,15,16,17,18,19,20,21,23,24,27,28,29,30,31,32,33,34,35,36,37,38,39,40,41,42,43,44,45,46,47,48,49,50,51,52,53,54,55,56,57,58,60,61,64,65,67,68,70,72,73,76,77,78,80,81,83,84]",51,144,0,0,38
"[0,1,2,3,4,5,6,7,8,9,10,11,12,13,14,15,16,17,18,19,20,21,23,24,27,28,29,30,31,32,33,34,35,36,37,38,39,40,41,42,43,44,45,46,47,48,49,50,51,52,53,54,55,56,57,58,60,61,64,65,67,68,70,72,73,76,77,78,80,81,83,84]",52,144,0,0,38
"[0,1,2,3,4,5,6,7,8,9,10,11,12,13,14,15,16,17,18,19,20,21,23,24,27,28,29,30,31,32,33,34,35,36,37,38,39,40,41,42,43,44,45,46,47,48,49,50,51,52,53,54,55,56,57,58,60,61,64,65,67,68,70,72,73,76,77,78,80,81,83,84]",53,144,0,0,38
"[0,1,2,3,4,5,6,7,8,9,10,11,12,13,14,15,16,17,18,19,20,21,23,24,27,28,29,30,31,32,33,34,35,36,37,38,39,40,41,42,43,44,45,46,47,48,49,50,51,52,53,54,55,56,57,58,60,61,64,65,67,68,70,72,73,76,77,78,80,81,83,84]",54,144,2,0.0138888888888889,38
"[0,1,2,3,4,5,6,7,8,9,10,11,12,13,14,15,16,17,18,19,20,21,23,24,27,28,29,30,31,32,33,34,35,36,37,38,39,40,41,42,43,44,45,46,47,48,49,50,51,52,53,54,55,56,57,58,60,61,64,65,67,68,70,72,73,76,77,78,80,81,83,84]",55,144,0,0,38
"[0,1,2,3,4,5,6,7,8,9,10,11,12,13,14,15,16,17,18,19,20,21,23,24,27,28,29,30,31,32,33,34,35,36,37,38,39,40,41,42,43,44,45,46,47,48,49,50,51,52,53,54,55,56,57,58,60,61,64,65,67,68,70,72,73,76,77,78,80,81,83,84]",56,144,0,0,38
"[0,1,2,3,4,5,6,7,8,9,10,11,12,13,14,15,16,17,18,19,20,21,23,24,27,28,29,30,31,32,33,34,35,36,37,38,39,40,41,42,43,44,45,46,47,48,49,50,51,52,53,54,55,56,57,58,60,61,64,65,67,68,70,72,73,76,77,78,80,81,83,84]",57,144,0,0,38
"[0,1,2,3,4,5,6,7,8,9,10,11,12,13,14,15,16,17,18,19,20,21,23,24,27,28,29,30,31,32,33,34,35,36,37,38,39,40,41,42,43,44,45,46,47,48,49,50,51,52,53,54,55,56,57,58,60,61,64,65,67,68,70,72,73,76,77,78,80,81,83,84]",58,144,0,0,38
"[0,1,2,3,4,5,6,7,8,9,10,11,12,13,14,15,16,17,18,19,20,21,23,24,27,28,29,30,31,32,33,34,35,36,37,38,39,40,41,42,43,44,45,46,47,48,49,50,51,52,53,54,55,56,57,58,60,61,64,65,67,68,70,72,73,76,77,78,80,81,83,84]",60,144,0,0,38
"[0,1,2,3,4,5,6,7,8,9,10,11,12,13,14,15,16,17,18,19,20,21,23,24,27,28,29,30,31,32,33,34,35,36,37,38,39,40,41,42,43,44,45,46,47,48,49,50,51,52,53,54,55,56,57,58,60,61,64,65,67,68,70,72,73,76,77,78,80,81,83,84]",61,144,0,0,38
"[0,1,2,3,4,5,6,7,8,9,10,11,12,13,14,15,16,17,18,19,20,21,23,24,27,28,29,30,31,32,33,34,35,36,37,38,39,40,41,42,43,44,45,46,47,48,49,50,51,52,53,54,55,56,57,58,60,61,64,65,67,68,70,72,73,76,77,78,80,81,83,84]",64,144,0,0,38
"[0,1,2,3,4,5,6,7,8,9,10,11,12,13,14,15,16,17,18,19,20,21,23,24,27,28,29,30,31,32,33,34,35,36,37,38,39,40,41,42,43,44,45,46,47,48,49,50,51,52,53,54,55,56,57,58,60,61,64,65,67,68,70,72,73,76,77,78,80,81,83,84]",65,144,0,0,38
"[0,1,2,3,4,5,6,7,8,9,10,11,12,13,14,15,16,17,18,19,20,21,23,24,27,28,29,30,31,32,33,34,35,36,37,38,39,40,41,42,43,44,45,46,47,48,49,50,51,52,53,54,55,56,57,58,60,61,64,65,67,68,70,72,73,76,77,78,80,81,83,84]",67,144,0,0,38
"[0,1,2,3,4,5,6,7,8,9,10,11,12,13,14,15,16,17,18,19,20,21,23,24,27,28,29,30,31,32,33,34,35,36,37,38,39,40,41,42,43,44,45,46,47,48,49,50,51,52,53,54,55,56,57,58,60,61,64,65,67,68,70,72,73,76,77,78,80,81,83,84]",68,144,0,0,38
"[0,1,2,3,4,5,6,7,8,9,10,11,12,13,14,15,16,17,18,19,20,21,23,24,27,28,29,30,31,32,33,34,35,36,37,38,39,40,41,42,43,44,45,46,47,48,49,50,51,52,53,54,55,56,57,58,60,61,64,65,67,68,70,72,73,76,77,78,80,81,83,84]",70,144,0,0,38
"[0,1,2,3,4,5,6,7,8,9,10,11,12,13,14,15,16,17,18,19,20,21,23,24,27,28,29,30,31,32,33,34,35,36,37,38,39,40,41,42,43,44,45,46,47,48,49,50,51,52,53,54,55,56,57,58,60,61,64,65,67,68,70,72,73,76,77,78,80,81,83,84]",72,144,0,0,38
"[0,1,2,3,4,5,6,7,8,9,10,11,12,13,14,15,16,17,18,19,20,21,23,24,27,28,29,30,31,32,33,34,35,36,37,38,39,40,41,42,43,44,45,46,47,48,49,50,51,52,53,54,55,56,57,58,60,61,64,65,67,68,70,72,73,76,77,78,80,81,83,84]",73,144,0,0,38
"[0,1,2,3,4,5,6,7,8,9,10,11,12,13,14,15,16,17,18,19,20,21,23,24,27,28,29,30,31,32,33,34,35,36,37,38,39,40,41,42,43,44,45,46,47,48,49,50,51,52,53,54,55,56,57,58,60,61,64,65,67,68,70,72,73,76,77,78,80,81,83,84]",76,144,0,0,38
"[0,1,2,3,4,5,6,7,8,9,10,11,12,13,14,15,16,17,18,19,20,21,23,24,27,28,29,30,31,32,33,34,35,36,37,38,39,40,41,42,43,44,45,46,47,48,49,50,51,52,53,54,55,56,57,58,60,61,64,65,67,68,70,72,73,76,77,78,80,81,83,84]",77,144,0,0,38
"[0,1,2,3,4,5,6,7,8,9,10,11,12,13,14,15,16,17,18,19,20,21,23,24,27,28,29,30,31,32,33,34,35,36,37,38,39,40,41,42,43,44,45,46,47,48,49,50,51,52,53,54,55,56,57,58,60,61,64,65,67,68,70,72,73,76,77,78,80,81,83,84]",78,144,0,0,38
"[0,1,2,3,4,5,6,7,8,9,10,11,12,13,14,15,16,17,18,19,20,21,23,24,27,28,29,30,31,32,33,34,35,36,37,38,39,40,41,42,43,44,45,46,47,48,49,50,51,52,53,54,55,56,57,58,60,61,64,65,67,68,70,72,73,76,77,78,80,81,83,84]",80,144,0,0,38
"[0,1,2,3,4,5,6,7,8,9,10,11,12,13,14,15,16,17,18,19,20,21,23,24,27,28,29,30,31,32,33,34,35,36,37,38,39,40,41,42,43,44,45,46,47,48,49,50,51,52,53,54,55,56,57,58,60,61,64,65,67,68,70,72,73,76,77,78,80,81,83,84]",81,144,0,0,38
"[0,1,2,3,4,5,6,7,8,9,10,11,12,13,14,15,16,17,18,19,20,21,23,24,27,28,29,30,31,32,33,34,35,36,37,38,39,40,41,42,43,44,45,46,47,48,49,50,51,52,53,54,55,56,57,58,60,61,64,65,67,68,70,72,73,76,77,78,80,81,83,84]",83,144,0,0,38
"[0,1,2,3,4,5,6,7,8,9,10,11,12,13,14,15,16,17,18,19,20,21,23,24,27,28,29,30,31,32,33,34,35,36,37,38,39,40,41,42,43,44,45,46,47,48,49,50,51,52,53,54,55,56,57,58,60,61,64,65,67,68,70,72,73,76,77,78,80,81,83,84]",84,144,0,0,38
"[0,1,2,3,4,5,6,7,8,9,10,11,12,13,14,15,16,17,18,19,22,25,26,28,30,32,33,34,37,38,40,42,45,46,59,62,63,66,69,71,74,75,79,82,85,89]",0,379,205,0.54089709762533,2
"[0,1,2,3,4,5,6,7,8,9,10,11,12,13,14,15,16,17,18,19,22,25,26,28,30,32,33,34,37,38,40,42,45,46,59,62,63,66,69,71,74,75,79,82,85,89]",1,379,0,0,2
"[0,1,2,3,4,5,6,7,8,9,10,11,12,13,14,15,16,17,18,19,22,25,26,28,30,32,33,34,37,38,40,42,45,46,59,62,63,66,69,71,74,75,79,82,85,89]",2,379,0,0,2
"[0,1,2,3,4,5,6,7,8,9,10,11,12,13,14,15,16,17,18,19,22,25,26,28,30,32,33,34,37,38,40,42,45,46,59,62,63,66,69,71,74,75,79,82,85,89]",3,379,20,0.0527704485488127,2
"[0,1,2,3,4,5,6,7,8,9,10,11,12,13,14,15,16,17,18,19,22,25,26,28,30,32,33,34,37,38,40,42,45,46,59,62,63,66,69,71,74,75,79,82,85,89]",4,379,37,0.0976253298153034,2
"[0,1,2,3,4,5,6,7,8,9,10,11,12,13,14,15,16,17,18,19,22,25,26,28,30,32,33,34,37,38,40,42,45,46,59,62,63,66,69,71,74,75,79,82,85,89]",5,379,27,0.0712401055408971,2
"[0,1,2,3,4,5,6,7,8,9,10,11,12,13,14,15,16,17,18,19,22,25,26,28,30,32,33,34,37,38,40,42,45,46,59,62,63,66,69,71,74,75,79,82,85,89]",6,379,0,0,2
"[0,1,2,3,4,5,6,7,8,9,10,11,12,13,14,15,16,17,18,19,22,25,26,28,30,32,33,34,37,38,40,42,45,46,59,62,63,66,69,71,74,75,79,82,85,89]",7,379,45,0.118733509234828,2
"[0,1,2,3,4,5,6,7,8,9,10,11,12,13,14,15,16,17,18,19,22,25,26,28,30,32,33,34,37,38,40,42,45,46,59,62,63,66,69,71,74,75,79,82,85,89]",8,379,1,0.00263852242744063,2
"[0,1,2,3,4,5,6,7,8,9,10,11,12,13,14,15,16,17,18,19,22,25,26,28,30,32,33,34,37,38,40,42,45,46,59,62,63,66,69,71,74,75,79,82,85,89]",9,379,0,0,2
"[0,1,2,3,4,5,6,7,8,9,10,11,12,13,14,15,16,17,18,19,22,25,26,28,30,32,33,34,37,38,40,42,45,46,59,62,63,66,69,71,74,75,79,82,85,89]",10,379,0,0,2
"[0,1,2,3,4,5,6,7,8,9,10,11,12,13,14,15,16,17,18,19,22,25,26,28,30,32,33,34,37,38,40,42,45,46,59,62,63,66,69,71,74,75,79,82,85,89]",11,379,0,0,2
"[0,1,2,3,4,5,6,7,8,9,10,11,12,13,14,15,16,17,18,19,22,25,26,28,30,32,33,34,37,38,40,42,45,46,59,62,63,66,69,71,74,75,79,82,85,89]",12,379,7,0.0184696569920844,2
"[0,1,2,3,4,5,6,7,8,9,10,11,12,13,14,15,16,17,18,19,22,25,26,28,30,32,33,34,37,38,40,42,45,46,59,62,63,66,69,71,74,75,79,82,85,89]",13,379,0,0,2
"[0,1,2,3,4,5,6,7,8,9,10,11,12,13,14,15,16,17,18,19,22,25,26,28,30,32,33,34,37,38,40,42,45,46,59,62,63,66,69,71,74,75,79,82,85,89]",14,379,0,0,2
"[0,1,2,3,4,5,6,7,8,9,10,11,12,13,14,15,16,17,18,19,22,25,26,28,30,32,33,34,37,38,40,42,45,46,59,62,63,66,69,71,74,75,79,82,85,89]",15,379,0,0,2
"[0,1,2,3,4,5,6,7,8,9,10,11,12,13,14,15,16,17,18,19,22,25,26,28,30,32,33,34,37,38,40,42,45,46,59,62,63,66,69,71,74,75,79,82,85,89]",16,379,0,0,2
"[0,1,2,3,4,5,6,7,8,9,10,11,12,13,14,15,16,17,18,19,22,25,26,28,30,32,33,34,37,38,40,42,45,46,59,62,63,66,69,71,74,75,79,82,85,89]",17,379,6,0.0158311345646438,2
"[0,1,2,3,4,5,6,7,8,9,10,11,12,13,14,15,16,17,18,19,22,25,26,28,30,32,33,34,37,38,40,42,45,46,59,62,63,66,69,71,74,75,79,82,85,89]",18,379,1,0.00263852242744063,2
"[0,1,2,3,4,5,6,7,8,9,10,11,12,13,14,15,16,17,18,19,22,25,26,28,30,32,33,34,37,38,40,42,45,46,59,62,63,66,69,71,74,75,79,82,85,89]",19,379,0,0,2
"[0,1,2,3,4,5,6,7,8,9,10,11,12,13,14,15,16,17,18,19,22,25,26,28,30,32,33,34,37,38,40,42,45,46,59,62,63,66,69,71,74,75,79,82,85,89]",22,379,1,0.00263852242744063,2
"[0,1,2,3,4,5,6,7,8,9,10,11,12,13,14,15,16,17,18,19,22,25,26,28,30,32,33,34,37,38,40,42,45,46,59,62,63,66,69,71,74,75,79,82,85,89]",25,379,0,0,2
"[0,1,2,3,4,5,6,7,8,9,10,11,12,13,14,15,16,17,18,19,22,25,26,28,30,32,33,34,37,38,40,42,45,46,59,62,63,66,69,71,74,75,79,82,85,89]",26,379,0,0,2
"[0,1,2,3,4,5,6,7,8,9,10,11,12,13,14,15,16,17,18,19,22,25,26,28,30,32,33,34,37,38,40,42,45,46,59,62,63,66,69,71,74,75,79,82,85,89]",28,379,0,0,2
"[0,1,2,3,4,5,6,7,8,9,10,11,12,13,14,15,16,17,18,19,22,25,26,28,30,32,33,34,37,38,40,42,45,46,59,62,63,66,69,71,74,75,79,82,85,89]",30,379,3,0.0079155672823219,2
"[0,1,2,3,4,5,6,7,8,9,10,11,12,13,14,15,16,17,18,19,22,25,26,28,30,32,33,34,37,38,40,42,45,46,59,62,63,66,69,71,74,75,79,82,85,89]",32,379,2,0.00527704485488127,2
"[0,1,2,3,4,5,6,7,8,9,10,11,12,13,14,15,16,17,18,19,22,25,26,28,30,32,33,34,37,38,40,42,45,46,59,62,63,66,69,71,74,75,79,82,85,89]",33,379,5,0.0131926121372032,2
"[0,1,2,3,4,5,6,7,8,9,10,11,12,13,14,15,16,17,18,19,22,25,26,28,30,32,33,34,37,38,40,42,45,46,59,62,63,66,69,71,74,75,79,82,85,89]",34,379,1,0.00263852242744063,2
"[0,1,2,3,4,5,6,7,8,9,10,11,12,13,14,15,16,17,18,19,22,25,26,28,30,32,33,34,37,38,40,42,45,46,59,62,63,66,69,71,74,75,79,82,85,89]",37,379,0,0,2
"[0,1,2,3,4,5,6,7,8,9,10,11,12,13,14,15,16,17,18,19,22,25,26,28,30,32,33,34,37,38,40,42,45,46,59,62,63,66,69,71,74,75,79,82,85,89]",38,379,3,0.0079155672823219,2
"[0,1,2,3,4,5,6,7,8,9,10,11,12,13,14,15,16,17,18,19,22,25,26,28,30,32,33,34,37,38,40,42,45,46,59,62,63,66,69,71,74,75,79,82,85,89]",40,379,1,0.00263852242744063,2
"[0,1,2,3,4,5,6,7,8,9,10,11,12,13,14,15,16,17,18,19,22,25,26,28,30,32,33,34,37,38,40,42,45,46,59,62,63,66,69,71,74,75,79,82,85,89]",42,379,0,0,2
"[0,1,2,3,4,5,6,7,8,9,10,11,12,13,14,15,16,17,18,19,22,25,26,28,30,32,33,34,37,38,40,42,45,46,59,62,63,66,69,71,74,75,79,82,85,89]",45,379,5,0.0131926121372032,2
"[0,1,2,3,4,5,6,7,8,9,10,11,12,13,14,15,16,17,18,19,22,25,26,28,30,32,33,34,37,38,40,42,45,46,59,62,63,66,69,71,74,75,79,82,85,89]",46,379,2,0.00527704485488127,2
"[0,1,2,3,4,5,6,7,8,9,10,11,12,13,14,15,16,17,18,19,22,25,26,28,30,32,33,34,37,38,40,42,45,46,59,62,63,66,69,71,74,75,79,82,85,89]",59,379,0,0,2
"[0,1,2,3,4,5,6,7,8,9,10,11,12,13,14,15,16,17,18,19,22,25,26,28,30,32,33,34,37,38,40,42,45,46,59,62,63,66,69,71,74,75,79,82,85,89]",62,379,0,0,2
"[0,1,2,3,4,5,6,7,8,9,10,11,12,13,14,15,16,17,18,19,22,25,26,28,30,32,33,34,37,38,40,42,45,46,59,62,63,66,69,71,74,75,79,82,85,89]",63,379,0,0,2
"[0,1,2,3,4,5,6,7,8,9,10,11,12,13,14,15,16,17,18,19,22,25,26,28,30,32,33,34,37,38,40,42,45,46,59,62,63,66,69,71,74,75,79,82,85,89]",66,379,0,0,2
"[0,1,2,3,4,5,6,7,8,9,10,11,12,13,14,15,16,17,18,19,22,25,26,28,30,32,33,34,37,38,40,42,45,46,59,62,63,66,69,71,74,75,79,82,85,89]",69,379,0,0,2
"[0,1,2,3,4,5,6,7,8,9,10,11,12,13,14,15,16,17,18,19,22,25,26,28,30,32,33,34,37,38,40,42,45,46,59,62,63,66,69,71,74,75,79,82,85,89]",71,379,0,0,2
"[0,1,2,3,4,5,6,7,8,9,10,11,12,13,14,15,16,17,18,19,22,25,26,28,30,32,33,34,37,38,40,42,45,46,59,62,63,66,69,71,74,75,79,82,85,89]",74,379,0,0,2
"[0,1,2,3,4,5,6,7,8,9,10,11,12,13,14,15,16,17,18,19,22,25,26,28,30,32,33,34,37,38,40,42,45,46,59,62,63,66,69,71,74,75,79,82,85,89]",75,379,0,0,2
"[0,1,2,3,4,5,6,7,8,9,10,11,12,13,14,15,16,17,18,19,22,25,26,28,30,32,33,34,37,38,40,42,45,46,59,62,63,66,69,71,74,75,79,82,85,89]",79,379,0,0,2
"[0,1,2,3,4,5,6,7,8,9,10,11,12,13,14,15,16,17,18,19,22,25,26,28,30,32,33,34,37,38,40,42,45,46,59,62,63,66,69,71,74,75,79,82,85,89]",82,379,0,0,2
"[0,1,2,3,4,5,6,7,8,9,10,11,12,13,14,15,16,17,18,19,22,25,26,28,30,32,33,34,37,38,40,42,45,46,59,62,63,66,69,71,74,75,79,82,85,89]",85,379,7,0.0184696569920844,2
"[0,1,2,3,4,5,6,7,8,9,10,11,12,13,14,15,16,17,18,19,22,25,26,28,30,32,33,34,37,38,40,42,45,46,59,62,63,66,69,71,74,75,79,82,85,89]",89,379,0,0,2
"[0,1,2,3,4,5,6,7,8,9,10,11,12,13,14,15,16,17,18,19,22,25,26,28,30,32,33,34,37,38,40,42,45,59,62,63,66,69,71,74,75,79,82,85,89]",0,397,257,0.64735516372796,2
"[0,1,2,3,4,5,6,7,8,9,10,11,12,13,14,15,16,17,18,19,22,25,26,28,30,32,33,34,37,38,40,42,45,59,62,63,66,69,71,74,75,79,82,85,89]",1,397,0,0,2
"[0,1,2,3,4,5,6,7,8,9,10,11,12,13,14,15,16,17,18,19,22,25,26,28,30,32,33,34,37,38,40,42,45,59,62,63,66,69,71,74,75,79,82,85,89]",2,397,2,0.00503778337531486,2
"[0,1,2,3,4,5,6,7,8,9,10,11,12,13,14,15,16,17,18,19,22,25,26,28,30,32,33,34,37,38,40,42,45,59,62,63,66,69,71,74,75,79,82,85,89]",3,397,14,0.035264483627204,2
"[0,1,2,3,4,5,6,7,8,9,10,11,12,13,14,15,16,17,18,19,22,25,26,28,30,32,33,34,37,38,40,42,45,59,62,63,66,69,71,74,75,79,82,85,89]",4,397,41,0.103274559193955,2
"[0,1,2,3,4,5,6,7,8,9,10,11,12,13,14,15,16,17,18,19,22,25,26,28,30,32,33,34,37,38,40,42,45,59,62,63,66,69,71,74,75,79,82,85,89]",5,397,16,0.0403022670025189,2
"[0,1,2,3,4,5,6,7,8,9,10,11,12,13,14,15,16,17,18,19,22,25,26,28,30,32,33,34,37,38,40,42,45,59,62,63,66,69,71,74,75,79,82,85,89]",6,397,0,0,2
"[0,1,2,3,4,5,6,7,8,9,10,11,12,13,14,15,16,17,18,19,22,25,26,28,30,32,33,34,37,38,40,42,45,59,62,63,66,69,71,74,75,79,82,85,89]",7,397,30,0.0755667506297229,2
"[0,1,2,3,4,5,6,7,8,9,10,11,12,13,14,15,16,17,18,19,22,25,26,28,30,32,33,34,37,38,40,42,45,59,62,63,66,69,71,74,75,79,82,85,89]",8,397,2,0.00503778337531486,2
"[0,1,2,3,4,5,6,7,8,9,10,11,12,13,14,15,16,17,18,19,22,25,26,28,30,32,33,34,37,38,40,42,45,59,62,63,66,69,71,74,75,79,82,85,89]",9,397,0,0,2
"[0,1,2,3,4,5,6,7,8,9,10,11,12,13,14,15,16,17,18,19,22,25,26,28,30,32,33,34,37,38,40,42,45,59,62,63,66,69,71,74,75,79,82,85,89]",10,397,0,0,2
"[0,1,2,3,4,5,6,7,8,9,10,11,12,13,14,15,16,17,18,19,22,25,26,28,30,32,33,34,37,38,40,42,45,59,62,63,66,69,71,74,75,79,82,85,89]",11,397,0,0,2
"[0,1,2,3,4,5,6,7,8,9,10,11,12,13,14,15,16,17,18,19,22,25,26,28,30,32,33,34,37,38,40,42,45,59,62,63,66,69,71,74,75,79,82,85,89]",12,397,4,0.0100755667506297,2
"[0,1,2,3,4,5,6,7,8,9,10,11,12,13,14,15,16,17,18,19,22,25,26,28,30,32,33,34,37,38,40,42,45,59,62,63,66,69,71,74,75,79,82,85,89]",13,397,0,0,2
"[0,1,2,3,4,5,6,7,8,9,10,11,12,13,14,15,16,17,18,19,22,25,26,28,30,32,33,34,37,38,40,42,45,59,62,63,66,69,71,74,75,79,82,85,89]",14,397,0,0,2
"[0,1,2,3,4,5,6,7,8,9,10,11,12,13,14,15,16,17,18,19,22,25,26,28,30,32,33,34,37,38,40,42,45,59,62,63,66,69,71,74,75,79,82,85,89]",15,397,0,0,2
"[0,1,2,3,4,5,6,7,8,9,10,11,12,13,14,15,16,17,18,19,22,25,26,28,30,32,33,34,37,38,40,42,45,59,62,63,66,69,71,74,75,79,82,85,89]",16,397,0,0,2
"[0,1,2,3,4,5,6,7,8,9,10,11,12,13,14,15,16,17,18,19,22,25,26,28,30,32,33,34,37,38,40,42,45,59,62,63,66,69,71,74,75,79,82,85,89]",17,397,7,0.017632241813602,2
"[0,1,2,3,4,5,6,7,8,9,10,11,12,13,14,15,16,17,18,19,22,25,26,28,30,32,33,34,37,38,40,42,45,59,62,63,66,69,71,74,75,79,82,85,89]",18,397,3,0.00755667506297229,2
"[0,1,2,3,4,5,6,7,8,9,10,11,12,13,14,15,16,17,18,19,22,25,26,28,30,32,33,34,37,38,40,42,45,59,62,63,66,69,71,74,75,79,82,85,89]",19,397,0,0,2
"[0,1,2,3,4,5,6,7,8,9,10,11,12,13,14,15,16,17,18,19,22,25,26,28,30,32,33,34,37,38,40,42,45,59,62,63,66,69,71,74,75,79,82,85,89]",22,397,0,0,2
"[0,1,2,3,4,5,6,7,8,9,10,11,12,13,14,15,16,17,18,19,22,25,26,28,30,32,33,34,37,38,40,42,45,59,62,63,66,69,71,74,75,79,82,85,89]",25,397,1,0.00251889168765743,2
"[0,1,2,3,4,5,6,7,8,9,10,11,12,13,14,15,16,17,18,19,22,25,26,28,30,32,33,34,37,38,40,42,45,59,62,63,66,69,71,74,75,79,82,85,89]",26,397,0,0,2
"[0,1,2,3,4,5,6,7,8,9,10,11,12,13,14,15,16,17,18,19,22,25,26,28,30,32,33,34,37,38,40,42,45,59,62,63,66,69,71,74,75,79,82,85,89]",28,397,0,0,2
"[0,1,2,3,4,5,6,7,8,9,10,11,12,13,14,15,16,17,18,19,22,25,26,28,30,32,33,34,37,38,40,42,45,59,62,63,66,69,71,74,75,79,82,85,89]",30,397,0,0,2
"[0,1,2,3,4,5,6,7,8,9,10,11,12,13,14,15,16,17,18,19,22,25,26,28,30,32,33,34,37,38,40,42,45,59,62,63,66,69,71,74,75,79,82,85,89]",32,397,2,0.00503778337531486,2
"[0,1,2,3,4,5,6,7,8,9,10,11,12,13,14,15,16,17,18,19,22,25,26,28,30,32,33,34,37,38,40,42,45,59,62,63,66,69,71,74,75,79,82,85,89]",33,397,4,0.0100755667506297,2
"[0,1,2,3,4,5,6,7,8,9,10,11,12,13,14,15,16,17,18,19,22,25,26,28,30,32,33,34,37,38,40,42,45,59,62,63,66,69,71,74,75,79,82,85,89]",34,397,1,0.00251889168765743,2
"[0,1,2,3,4,5,6,7,8,9,10,11,12,13,14,15,16,17,18,19,22,25,26,28,30,32,33,34,37,38,40,42,45,59,62,63,66,69,71,74,75,79,82,85,89]",37,397,0,0,2
"[0,1,2,3,4,5,6,7,8,9,10,11,12,13,14,15,16,17,18,19,22,25,26,28,30,32,33,34,37,38,40,42,45,59,62,63,66,69,71,74,75,79,82,85,89]",38,397,6,0.0151133501259446,2
"[0,1,2,3,4,5,6,7,8,9,10,11,12,13,14,15,16,17,18,19,22,25,26,28,30,32,33,34,37,38,40,42,45,59,62,63,66,69,71,74,75,79,82,85,89]",40,397,0,0,2
"[0,1,2,3,4,5,6,7,8,9,10,11,12,13,14,15,16,17,18,19,22,25,26,28,30,32,33,34,37,38,40,42,45,59,62,63,66,69,71,74,75,79,82,85,89]",42,397,0,0,2
"[0,1,2,3,4,5,6,7,8,9,10,11,12,13,14,15,16,17,18,19,22,25,26,28,30,32,33,34,37,38,40,42,45,59,62,63,66,69,71,74,75,79,82,85,89]",45,397,2,0.00503778337531486,2
"[0,1,2,3,4,5,6,7,8,9,10,11,12,13,14,15,16,17,18,19,22,25,26,28,30,32,33,34,37,38,40,42,45,59,62,63,66,69,71,74,75,79,82,85,89]",59,397,0,0,2
"[0,1,2,3,4,5,6,7,8,9,10,11,12,13,14,15,16,17,18,19,22,25,26,28,30,32,33,34,37,38,40,42,45,59,62,63,66,69,71,74,75,79,82,85,89]",62,397,0,0,2
"[0,1,2,3,4,5,6,7,8,9,10,11,12,13,14,15,16,17,18,19,22,25,26,28,30,32,33,34,37,38,40,42,45,59,62,63,66,69,71,74,75,79,82,85,89]",63,397,0,0,2
"[0,1,2,3,4,5,6,7,8,9,10,11,12,13,14,15,16,17,18,19,22,25,26,28,30,32,33,34,37,38,40,42,45,59,62,63,66,69,71,74,75,79,82,85,89]",66,397,0,0,2
"[0,1,2,3,4,5,6,7,8,9,10,11,12,13,14,15,16,17,18,19,22,25,26,28,30,32,33,34,37,38,40,42,45,59,62,63,66,69,71,74,75,79,82,85,89]",69,397,0,0,2
"[0,1,2,3,4,5,6,7,8,9,10,11,12,13,14,15,16,17,18,19,22,25,26,28,30,32,33,34,37,38,40,42,45,59,62,63,66,69,71,74,75,79,82,85,89]",71,397,0,0,2
"[0,1,2,3,4,5,6,7,8,9,10,11,12,13,14,15,16,17,18,19,22,25,26,28,30,32,33,34,37,38,40,42,45,59,62,63,66,69,71,74,75,79,82,85,89]",74,397,0,0,2
"[0,1,2,3,4,5,6,7,8,9,10,11,12,13,14,15,16,17,18,19,22,25,26,28,30,32,33,34,37,38,40,42,45,59,62,63,66,69,71,74,75,79,82,85,89]",75,397,0,0,2
"[0,1,2,3,4,5,6,7,8,9,10,11,12,13,14,15,16,17,18,19,22,25,26,28,30,32,33,34,37,38,40,42,45,59,62,63,66,69,71,74,75,79,82,85,89]",79,397,0,0,2
"[0,1,2,3,4,5,6,7,8,9,10,11,12,13,14,15,16,17,18,19,22,25,26,28,30,32,33,34,37,38,40,42,45,59,62,63,66,69,71,74,75,79,82,85,89]",82,397,0,0,2
"[0,1,2,3,4,5,6,7,8,9,10,11,12,13,14,15,16,17,18,19,22,25,26,28,30,32,33,34,37,38,40,42,45,59,62,63,66,69,71,74,75,79,82,85,89]",85,397,5,0.0125944584382872,2
"[0,1,2,3,4,5,6,7,8,9,10,11,12,13,14,15,16,17,18,19,22,25,26,28,30,32,33,34,37,38,40,42,45,59,62,63,66,69,71,74,75,79,82,85,89]",89,397,0,0,2
"[0,1,2,3,4,5,6,7,8,9,10,11,12,13,14,15,16,17,18,19,22,25,26,28,30,32,33,34,37,38,40,42,59,62,63,66,69,71,74,75,79,82,89]",0,869,540,0.621403912543153,4
"[0,1,2,3,4,5,6,7,8,9,10,11,12,13,14,15,16,17,18,19,22,25,26,28,30,32,33,34,37,38,40,42,59,62,63,66,69,71,74,75,79,82,89]",1,869,0,0,4
"[0,1,2,3,4,5,6,7,8,9,10,11,12,13,14,15,16,17,18,19,22,25,26,28,30,32,33,34,37,38,40,42,59,62,63,66,69,71,74,75,79,82,89]",2,869,2,0.00230149597238205,4
"[0,1,2,3,4,5,6,7,8,9,10,11,12,13,14,15,16,17,18,19,22,25,26,28,30,32,33,34,37,38,40,42,59,62,63,66,69,71,74,75,79,82,89]",3,869,41,0.047180667433832,4
"[0,1,2,3,4,5,6,7,8,9,10,11,12,13,14,15,16,17,18,19,22,25,26,28,30,32,33,34,37,38,40,42,59,62,63,66,69,71,74,75,79,82,89]",4,869,73,0.0840046029919448,4
"[0,1,2,3,4,5,6,7,8,9,10,11,12,13,14,15,16,17,18,19,22,25,26,28,30,32,33,34,37,38,40,42,59,62,63,66,69,71,74,75,79,82,89]",5,869,42,0.048331415420023,4
"[0,1,2,3,4,5,6,7,8,9,10,11,12,13,14,15,16,17,18,19,22,25,26,28,30,32,33,34,37,38,40,42,59,62,63,66,69,71,74,75,79,82,89]",6,869,0,0,4
"[0,1,2,3,4,5,6,7,8,9,10,11,12,13,14,15,16,17,18,19,22,25,26,28,30,32,33,34,37,38,40,42,59,62,63,66,69,71,74,75,79,82,89]",7,869,93,0.107019562715765,4
"[0,1,2,3,4,5,6,7,8,9,10,11,12,13,14,15,16,17,18,19,22,25,26,28,30,32,33,34,37,38,40,42,59,62,63,66,69,71,74,75,79,82,89]",8,869,5,0.00575373993095512,4
"[0,1,2,3,4,5,6,7,8,9,10,11,12,13,14,15,16,17,18,19,22,25,26,28,30,32,33,34,37,38,40,42,59,62,63,66,69,71,74,75,79,82,89]",9,869,0,0,4
"[0,1,2,3,4,5,6,7,8,9,10,11,12,13,14,15,16,17,18,19,22,25,26,28,30,32,33,34,37,38,40,42,59,62,63,66,69,71,74,75,79,82,89]",10,869,0,0,4
"[0,1,2,3,4,5,6,7,8,9,10,11,12,13,14,15,16,17,18,19,22,25,26,28,30,32,33,34,37,38,40,42,59,62,63,66,69,71,74,75,79,82,89]",11,869,0,0,4
"[0,1,2,3,4,5,6,7,8,9,10,11,12,13,14,15,16,17,18,19,22,25,26,28,30,32,33,34,37,38,40,42,59,62,63,66,69,71,74,75,79,82,89]",12,869,24,0.0276179516685846,4
"[0,1,2,3,4,5,6,7,8,9,10,11,12,13,14,15,16,17,18,19,22,25,26,28,30,32,33,34,37,38,40,42,59,62,63,66,69,71,74,75,79,82,89]",13,869,0,0,4
"[0,1,2,3,4,5,6,7,8,9,10,11,12,13,14,15,16,17,18,19,22,25,26,28,30,32,33,34,37,38,40,42,59,62,63,66,69,71,74,75,79,82,89]",14,869,0,0,4
"[0,1,2,3,4,5,6,7,8,9,10,11,12,13,14,15,16,17,18,19,22,25,26,28,30,32,33,34,37,38,40,42,59,62,63,66,69,71,74,75,79,82,89]",15,869,0,0,4
"[0,1,2,3,4,5,6,7,8,9,10,11,12,13,14,15,16,17,18,19,22,25,26,28,30,32,33,34,37,38,40,42,59,62,63,66,69,71,74,75,79,82,89]",16,869,1,0.00115074798619102,4
"[0,1,2,3,4,5,6,7,8,9,10,11,12,13,14,15,16,17,18,19,22,25,26,28,30,32,33,34,37,38,40,42,59,62,63,66,69,71,74,75,79,82,89]",17,869,13,0.0149597238204833,4
"[0,1,2,3,4,5,6,7,8,9,10,11,12,13,14,15,16,17,18,19,22,25,26,28,30,32,33,34,37,38,40,42,59,62,63,66,69,71,74,75,79,82,89]",18,869,2,0.00230149597238205,4
"[0,1,2,3,4,5,6,7,8,9,10,11,12,13,14,15,16,17,18,19,22,25,26,28,30,32,33,34,37,38,40,42,59,62,63,66,69,71,74,75,79,82,89]",19,869,0,0,4
"[0,1,2,3,4,5,6,7,8,9,10,11,12,13,14,15,16,17,18,19,22,25,26,28,30,32,33,34,37,38,40,42,59,62,63,66,69,71,74,75,79,82,89]",22,869,5,0.00575373993095512,4
"[0,1,2,3,4,5,6,7,8,9,10,11,12,13,14,15,16,17,18,19,22,25,26,28,30,32,33,34,37,38,40,42,59,62,63,66,69,71,74,75,79,82,89]",25,869,4,0.0046029919447641,4
"[0,1,2,3,4,5,6,7,8,9,10,11,12,13,14,15,16,17,18,19,22,25,26,28,30,32,33,34,37,38,40,42,59,62,63,66,69,71,74,75,79,82,89]",26,869,3,0.00345224395857307,4
"[0,1,2,3,4,5,6,7,8,9,10,11,12,13,14,15,16,17,18,19,22,25,26,28,30,32,33,34,37,38,40,42,59,62,63,66,69,71,74,75,79,82,89]",28,869,0,0,4
"[0,1,2,3,4,5,6,7,8,9,10,11,12,13,14,15,16,17,18,19,22,25,26,28,30,32,33,34,37,38,40,42,59,62,63,66,69,71,74,75,79,82,89]",30,869,0,0,4
"[0,1,2,3,4,5,6,7,8,9,10,11,12,13,14,15,16,17,18,19,22,25,26,28,30,32,33,34,37,38,40,42,59,62,63,66,69,71,74,75,79,82,89]",32,869,0,0,4
"[0,1,2,3,4,5,6,7,8,9,10,11,12,13,14,15,16,17,18,19,22,25,26,28,30,32,33,34,37,38,40,42,59,62,63,66,69,71,74,75,79,82,89]",33,869,2,0.00230149597238205,4
"[0,1,2,3,4,5,6,7,8,9,10,11,12,13,14,15,16,17,18,19,22,25,26,28,30,32,33,34,37,38,40,42,59,62,63,66,69,71,74,75,79,82,89]",34,869,2,0.00230149597238205,4
"[0,1,2,3,4,5,6,7,8,9,10,11,12,13,14,15,16,17,18,19,22,25,26,28,30,32,33,34,37,38,40,42,59,62,63,66,69,71,74,75,79,82,89]",37,869,4,0.0046029919447641,4
"[0,1,2,3,4,5,6,7,8,9,10,11,12,13,14,15,16,17,18,19,22,25,26,28,30,32,33,34,37,38,40,42,59,62,63,66,69,71,74,75,79,82,89]",38,869,8,0.00920598388952819,4
"[0,1,2,3,4,5,6,7,8,9,10,11,12,13,14,15,16,17,18,19,22,25,26,28,30,32,33,34,37,38,40,42,59,62,63,66,69,71,74,75,79,82,89]",40,869,1,0.00115074798619102,4
"[0,1,2,3,4,5,6,7,8,9,10,11,12,13,14,15,16,17,18,19,22,25,26,28,30,32,33,34,37,38,40,42,59,62,63,66,69,71,74,75,79,82,89]",42,869,1,0.00115074798619102,4
"[0,1,2,3,4,5,6,7,8,9,10,11,12,13,14,15,16,17,18,19,22,25,26,28,30,32,33,34,37,38,40,42,59,62,63,66,69,71,74,75,79,82,89]",59,869,0,0,4
"[0,1,2,3,4,5,6,7,8,9,10,11,12,13,14,15,16,17,18,19,22,25,26,28,30,32,33,34,37,38,40,42,59,62,63,66,69,71,74,75,79,82,89]",62,869,0,0,4
"[0,1,2,3,4,5,6,7,8,9,10,11,12,13,14,15,16,17,18,19,22,25,26,28,30,32,33,34,37,38,40,42,59,62,63,66,69,71,74,75,79,82,89]",63,869,0,0,4
"[0,1,2,3,4,5,6,7,8,9,10,11,12,13,14,15,16,17,18,19,22,25,26,28,30,32,33,34,37,38,40,42,59,62,63,66,69,71,74,75,79,82,89]",66,869,0,0,4
"[0,1,2,3,4,5,6,7,8,9,10,11,12,13,14,15,16,17,18,19,22,25,26,28,30,32,33,34,37,38,40,42,59,62,63,66,69,71,74,75,79,82,89]",69,869,0,0,4
"[0,1,2,3,4,5,6,7,8,9,10,11,12,13,14,15,16,17,18,19,22,25,26,28,30,32,33,34,37,38,40,42,59,62,63,66,69,71,74,75,79,82,89]",71,869,3,0.00345224395857307,4
"[0,1,2,3,4,5,6,7,8,9,10,11,12,13,14,15,16,17,18,19,22,25,26,28,30,32,33,34,37,38,40,42,59,62,63,66,69,71,74,75,79,82,89]",74,869,0,0,4
"[0,1,2,3,4,5,6,7,8,9,10,11,12,13,14,15,16,17,18,19,22,25,26,28,30,32,33,34,37,38,40,42,59,62,63,66,69,71,74,75,79,82,89]",75,869,0,0,4
"[0,1,2,3,4,5,6,7,8,9,10,11,12,13,14,15,16,17,18,19,22,25,26,28,30,32,33,34,37,38,40,42,59,62,63,66,69,71,74,75,79,82,89]",79,869,0,0,4
"[0,1,2,3,4,5,6,7,8,9,10,11,12,13,14,15,16,17,18,19,22,25,26,28,30,32,33,34,37,38,40,42,59,62,63,66,69,71,74,75,79,82,89]",82,869,0,0,4
"[0,1,2,3,4,5,6,7,8,9,10,11,12,13,14,15,16,17,18,19,22,25,26,28,30,32,33,34,37,38,40,42,59,62,63,66,69,71,74,75,79,82,89]",89,869,0,0,4
"[0,1,2,3,4,5,6,7,8,9,10,11,12,13,14,15,16,17,18,19,22,25,26,28,30,32,33,34,37,38,40,59,62,63,66,69,71,74,75,79,82,89]",0,530,316,0.59622641509434,2
"[0,1,2,3,4,5,6,7,8,9,10,11,12,13,14,15,16,17,18,19,22,25,26,28,30,32,33,34,37,38,40,59,62,63,66,69,71,74,75,79,82,89]",1,530,0,0,2
"[0,1,2,3,4,5,6,7,8,9,10,11,12,13,14,15,16,17,18,19,22,25,26,28,30,32,33,34,37,38,40,59,62,63,66,69,71,74,75,79,82,89]",2,530,0,0,2
"[0,1,2,3,4,5,6,7,8,9,10,11,12,13,14,15,16,17,18,19,22,25,26,28,30,32,33,34,37,38,40,59,62,63,66,69,71,74,75,79,82,89]",3,530,17,0.0320754716981132,2
"[0,1,2,3,4,5,6,7,8,9,10,11,12,13,14,15,16,17,18,19,22,25,26,28,30,32,33,34,37,38,40,59,62,63,66,69,71,74,75,79,82,89]",4,530,45,0.0849056603773585,2
"[0,1,2,3,4,5,6,7,8,9,10,11,12,13,14,15,16,17,18,19,22,25,26,28,30,32,33,34,37,38,40,59,62,63,66,69,71,74,75,79,82,89]",5,530,23,0.0433962264150943,2
"[0,1,2,3,4,5,6,7,8,9,10,11,12,13,14,15,16,17,18,19,22,25,26,28,30,32,33,34,37,38,40,59,62,63,66,69,71,74,75,79,82,89]",6,530,0,0,2
"[0,1,2,3,4,5,6,7,8,9,10,11,12,13,14,15,16,17,18,19,22,25,26,28,30,32,33,34,37,38,40,59,62,63,66,69,71,74,75,79,82,89]",7,530,66,0.124528301886792,2
"[0,1,2,3,4,5,6,7,8,9,10,11,12,13,14,15,16,17,18,19,22,25,26,28,30,32,33,34,37,38,40,59,62,63,66,69,71,74,75,79,82,89]",8,530,2,0.00377358490566038,2
"[0,1,2,3,4,5,6,7,8,9,10,11,12,13,14,15,16,17,18,19,22,25,26,28,30,32,33,34,37,38,40,59,62,63,66,69,71,74,75,79,82,89]",9,530,0,0,2
"[0,1,2,3,4,5,6,7,8,9,10,11,12,13,14,15,16,17,18,19,22,25,26,28,30,32,33,34,37,38,40,59,62,63,66,69,71,74,75,79,82,89]",10,530,0,0,2
"[0,1,2,3,4,5,6,7,8,9,10,11,12,13,14,15,16,17,18,19,22,25,26,28,30,32,33,34,37,38,40,59,62,63,66,69,71,74,75,79,82,89]",11,530,0,0,2
"[0,1,2,3,4,5,6,7,8,9,10,11,12,13,14,15,16,17,18,19,22,25,26,28,30,32,33,34,37,38,40,59,62,63,66,69,71,74,75,79,82,89]",12,530,18,0.0339622641509434,2
"[0,1,2,3,4,5,6,7,8,9,10,11,12,13,14,15,16,17,18,19,22,25,26,28,30,32,33,34,37,38,40,59,62,63,66,69,71,74,75,79,82,89]",13,530,0,0,2
"[0,1,2,3,4,5,6,7,8,9,10,11,12,13,14,15,16,17,18,19,22,25,26,28,30,32,33,34,37,38,40,59,62,63,66,69,71,74,75,79,82,89]",14,530,0,0,2
"[0,1,2,3,4,5,6,7,8,9,10,11,12,13,14,15,16,17,18,19,22,25,26,28,30,32,33,34,37,38,40,59,62,63,66,69,71,74,75,79,82,89]",15,530,0,0,2
"[0,1,2,3,4,5,6,7,8,9,10,11,12,13,14,15,16,17,18,19,22,25,26,28,30,32,33,34,37,38,40,59,62,63,66,69,71,74,75,79,82,89]",16,530,0,0,2
"[0,1,2,3,4,5,6,7,8,9,10,11,12,13,14,15,16,17,18,19,22,25,26,28,30,32,33,34,37,38,40,59,62,63,66,69,71,74,75,79,82,89]",17,530,9,0.0169811320754717,2
"[0,1,2,3,4,5,6,7,8,9,10,11,12,13,14,15,16,17,18,19,22,25,26,28,30,32,33,34,37,38,40,59,62,63,66,69,71,74,75,79,82,89]",18,530,2,0.00377358490566038,2
"[0,1,2,3,4,5,6,7,8,9,10,11,12,13,14,15,16,17,18,19,22,25,26,28,30,32,33,34,37,38,40,59,62,63,66,69,71,74,75,79,82,89]",19,530,0,0,2
"[0,1,2,3,4,5,6,7,8,9,10,11,12,13,14,15,16,17,18,19,22,25,26,28,30,32,33,34,37,38,40,59,62,63,66,69,71,74,75,79,82,89]",22,530,0,0,2
"[0,1,2,3,4,5,6,7,8,9,10,11,12,13,14,15,16,17,18,19,22,25,26,28,30,32,33,34,37,38,40,59,62,63,66,69,71,74,75,79,82,89]",25,530,3,0.00566037735849057,2
"[0,1,2,3,4,5,6,7,8,9,10,11,12,13,14,15,16,17,18,19,22,25,26,28,30,32,33,34,37,38,40,59,62,63,66,69,71,74,75,79,82,89]",26,530,10,0.0188679245283019,2
"[0,1,2,3,4,5,6,7,8,9,10,11,12,13,14,15,16,17,18,19,22,25,26,28,30,32,33,34,37,38,40,59,62,63,66,69,71,74,75,79,82,89]",28,530,0,0,2
"[0,1,2,3,4,5,6,7,8,9,10,11,12,13,14,15,16,17,18,19,22,25,26,28,30,32,33,34,37,38,40,59,62,63,66,69,71,74,75,79,82,89]",30,530,1,0.00188679245283019,2
"[0,1,2,3,4,5,6,7,8,9,10,11,12,13,14,15,16,17,18,19,22,25,26,28,30,32,33,34,37,38,40,59,62,63,66,69,71,74,75,79,82,89]",32,530,2,0.00377358490566038,2
"[0,1,2,3,4,5,6,7,8,9,10,11,12,13,14,15,16,17,18,19,22,25,26,28,30,32,33,34,37,38,40,59,62,63,66,69,71,74,75,79,82,89]",33,530,1,0.00188679245283019,2
"[0,1,2,3,4,5,6,7,8,9,10,11,12,13,14,15,16,17,18,19,22,25,26,28,30,32,33,34,37,38,40,59,62,63,66,69,71,74,75,79,82,89]",34,530,6,0.0113207547169811,2
"[0,1,2,3,4,5,6,7,8,9,10,11,12,13,14,15,16,17,18,19,22,25,26,28,30,32,33,34,37,38,40,59,62,63,66,69,71,74,75,79,82,89]",37,530,4,0.00754716981132075,2
"[0,1,2,3,4,5,6,7,8,9,10,11,12,13,14,15,16,17,18,19,22,25,26,28,30,32,33,34,37,38,40,59,62,63,66,69,71,74,75,79,82,89]",38,530,3,0.00566037735849057,2
"[0,1,2,3,4,5,6,7,8,9,10,11,12,13,14,15,16,17,18,19,22,25,26,28,30,32,33,34,37,38,40,59,62,63,66,69,71,74,75,79,82,89]",40,530,2,0.00377358490566038,2
"[0,1,2,3,4,5,6,7,8,9,10,11,12,13,14,15,16,17,18,19,22,25,26,28,30,32,33,34,37,38,40,59,62,63,66,69,71,74,75,79,82,89]",59,530,0,0,2
"[0,1,2,3,4,5,6,7,8,9,10,11,12,13,14,15,16,17,18,19,22,25,26,28,30,32,33,34,37,38,40,59,62,63,66,69,71,74,75,79,82,89]",62,530,0,0,2
"[0,1,2,3,4,5,6,7,8,9,10,11,12,13,14,15,16,17,18,19,22,25,26,28,30,32,33,34,37,38,40,59,62,63,66,69,71,74,75,79,82,89]",63,530,0,0,2
"[0,1,2,3,4,5,6,7,8,9,10,11,12,13,14,15,16,17,18,19,22,25,26,28,30,32,33,34,37,38,40,59,62,63,66,69,71,74,75,79,82,89]",66,530,0,0,2
"[0,1,2,3,4,5,6,7,8,9,10,11,12,13,14,15,16,17,18,19,22,25,26,28,30,32,33,34,37,38,40,59,62,63,66,69,71,74,75,79,82,89]",69,530,0,0,2
"[0,1,2,3,4,5,6,7,8,9,10,11,12,13,14,15,16,17,18,19,22,25,26,28,30,32,33,34,37,38,40,59,62,63,66,69,71,74,75,79,82,89]",71,530,0,0,2
"[0,1,2,3,4,5,6,7,8,9,10,11,12,13,14,15,16,17,18,19,22,25,26,28,30,32,33,34,37,38,40,59,62,63,66,69,71,74,75,79,82,89]",74,530,0,0,2
"[0,1,2,3,4,5,6,7,8,9,10,11,12,13,14,15,16,17,18,19,22,25,26,28,30,32,33,34,37,38,40,59,62,63,66,69,71,74,75,79,82,89]",75,530,0,0,2
"[0,1,2,3,4,5,6,7,8,9,10,11,12,13,14,15,16,17,18,19,22,25,26,28,30,32,33,34,37,38,40,59,62,63,66,69,71,74,75,79,82,89]",79,530,0,0,2
"[0,1,2,3,4,5,6,7,8,9,10,11,12,13,14,15,16,17,18,19,22,25,26,28,30,32,33,34,37,38,40,59,62,63,66,69,71,74,75,79,82,89]",82,530,0,0,2
"[0,1,2,3,4,5,6,7,8,9,10,11,12,13,14,15,16,17,18,19,22,25,26,28,30,32,33,34,37,38,40,59,62,63,66,69,71,74,75,79,82,89]",89,530,0,0,2
"[0,1,2,3,4,5,6,7,8,9,10,11,12,13,14,15,16,17,18,20,21,22,23,24,25,26,27,28,29,30,31,32,33,34,37,38,40,42,43,45,46,47,48,49,51,52,53,55,56,57,58,60,61,64,65,67,68,71,72,75,85]",0,968,530,0.547520661157025,4
"[0,1,2,3,4,5,6,7,8,9,10,11,12,13,14,15,16,17,18,20,21,22,23,24,25,26,27,28,29,30,31,32,33,34,37,38,40,42,43,45,46,47,48,49,51,52,53,55,56,57,58,60,61,64,65,67,68,71,72,75,85]",1,968,0,0,4
"[0,1,2,3,4,5,6,7,8,9,10,11,12,13,14,15,16,17,18,20,21,22,23,24,25,26,27,28,29,30,31,32,33,34,37,38,40,42,43,45,46,47,48,49,51,52,53,55,56,57,58,60,61,64,65,67,68,71,72,75,85]",2,968,2,0.00206611570247934,4
"[0,1,2,3,4,5,6,7,8,9,10,11,12,13,14,15,16,17,18,20,21,22,23,24,25,26,27,28,29,30,31,32,33,34,37,38,40,42,43,45,46,47,48,49,51,52,53,55,56,57,58,60,61,64,65,67,68,71,72,75,85]",3,968,33,0.0340909090909091,4
"[0,1,2,3,4,5,6,7,8,9,10,11,12,13,14,15,16,17,18,20,21,22,23,24,25,26,27,28,29,30,31,32,33,34,37,38,40,42,43,45,46,47,48,49,51,52,53,55,56,57,58,60,61,64,65,67,68,71,72,75,85]",4,968,80,0.0826446280991736,4
"[0,1,2,3,4,5,6,7,8,9,10,11,12,13,14,15,16,17,18,20,21,22,23,24,25,26,27,28,29,30,31,32,33,34,37,38,40,42,43,45,46,47,48,49,51,52,53,55,56,57,58,60,61,64,65,67,68,71,72,75,85]",5,968,52,0.0537190082644628,4
"[0,1,2,3,4,5,6,7,8,9,10,11,12,13,14,15,16,17,18,20,21,22,23,24,25,26,27,28,29,30,31,32,33,34,37,38,40,42,43,45,46,47,48,49,51,52,53,55,56,57,58,60,61,64,65,67,68,71,72,75,85]",6,968,3,0.00309917355371901,4
"[0,1,2,3,4,5,6,7,8,9,10,11,12,13,14,15,16,17,18,20,21,22,23,24,25,26,27,28,29,30,31,32,33,34,37,38,40,42,43,45,46,47,48,49,51,52,53,55,56,57,58,60,61,64,65,67,68,71,72,75,85]",7,968,64,0.0661157024793388,4
"[0,1,2,3,4,5,6,7,8,9,10,11,12,13,14,15,16,17,18,20,21,22,23,24,25,26,27,28,29,30,31,32,33,34,37,38,40,42,43,45,46,47,48,49,51,52,53,55,56,57,58,60,61,64,65,67,68,71,72,75,85]",8,968,5,0.00516528925619835,4
"[0,1,2,3,4,5,6,7,8,9,10,11,12,13,14,15,16,17,18,20,21,22,23,24,25,26,27,28,29,30,31,32,33,34,37,38,40,42,43,45,46,47,48,49,51,52,53,55,56,57,58,60,61,64,65,67,68,71,72,75,85]",9,968,0,0,4
"[0,1,2,3,4,5,6,7,8,9,10,11,12,13,14,15,16,17,18,20,21,22,23,24,25,26,27,28,29,30,31,32,33,34,37,38,40,42,43,45,46,47,48,49,51,52,53,55,56,57,58,60,61,64,65,67,68,71,72,75,85]",10,968,7,0.00723140495867769,4
"[0,1,2,3,4,5,6,7,8,9,10,11,12,13,14,15,16,17,18,20,21,22,23,24,25,26,27,28,29,30,31,32,33,34,37,38,40,42,43,45,46,47,48,49,51,52,53,55,56,57,58,60,61,64,65,67,68,71,72,75,85]",11,968,8,0.00826446280991736,4
"[0,1,2,3,4,5,6,7,8,9,10,11,12,13,14,15,16,17,18,20,21,22,23,24,25,26,27,28,29,30,31,32,33,34,37,38,40,42,43,45,46,47,48,49,51,52,53,55,56,57,58,60,61,64,65,67,68,71,72,75,85]",12,968,15,0.015495867768595,4
"[0,1,2,3,4,5,6,7,8,9,10,11,12,13,14,15,16,17,18,20,21,22,23,24,25,26,27,28,29,30,31,32,33,34,37,38,40,42,43,45,46,47,48,49,51,52,53,55,56,57,58,60,61,64,65,67,68,71,72,75,85]",13,968,0,0,4
"[0,1,2,3,4,5,6,7,8,9,10,11,12,13,14,15,16,17,18,20,21,22,23,24,25,26,27,28,29,30,31,32,33,34,37,38,40,42,43,45,46,47,48,49,51,52,53,55,56,57,58,60,61,64,65,67,68,71,72,75,85]",14,968,4,0.00413223140495868,4
"[0,1,2,3,4,5,6,7,8,9,10,11,12,13,14,15,16,17,18,20,21,22,23,24,25,26,27,28,29,30,31,32,33,34,37,38,40,42,43,45,46,47,48,49,51,52,53,55,56,57,58,60,61,64,65,67,68,71,72,75,85]",15,968,9,0.00929752066115703,4
"[0,1,2,3,4,5,6,7,8,9,10,11,12,13,14,15,16,17,18,20,21,22,23,24,25,26,27,28,29,30,31,32,33,34,37,38,40,42,43,45,46,47,48,49,51,52,53,55,56,57,58,60,61,64,65,67,68,71,72,75,85]",16,968,0,0,4
"[0,1,2,3,4,5,6,7,8,9,10,11,12,13,14,15,16,17,18,20,21,22,23,24,25,26,27,28,29,30,31,32,33,34,37,38,40,42,43,45,46,47,48,49,51,52,53,55,56,57,58,60,61,64,65,67,68,71,72,75,85]",17,968,10,0.0103305785123967,4
"[0,1,2,3,4,5,6,7,8,9,10,11,12,13,14,15,16,17,18,20,21,22,23,24,25,26,27,28,29,30,31,32,33,34,37,38,40,42,43,45,46,47,48,49,51,52,53,55,56,57,58,60,61,64,65,67,68,71,72,75,85]",18,968,2,0.00206611570247934,4
"[0,1,2,3,4,5,6,7,8,9,10,11,12,13,14,15,16,17,18,20,21,22,23,24,25,26,27,28,29,30,31,32,33,34,37,38,40,42,43,45,46,47,48,49,51,52,53,55,56,57,58,60,61,64,65,67,68,71,72,75,85]",20,968,1,0.00103305785123967,4
"[0,1,2,3,4,5,6,7,8,9,10,11,12,13,14,15,16,17,18,20,21,22,23,24,25,26,27,28,29,30,31,32,33,34,37,38,40,42,43,45,46,47,48,49,51,52,53,55,56,57,58,60,61,64,65,67,68,71,72,75,85]",21,968,6,0.00619834710743802,4
"[0,1,2,3,4,5,6,7,8,9,10,11,12,13,14,15,16,17,18,20,21,22,23,24,25,26,27,28,29,30,31,32,33,34,37,38,40,42,43,45,46,47,48,49,51,52,53,55,56,57,58,60,61,64,65,67,68,71,72,75,85]",22,968,0,0,4
"[0,1,2,3,4,5,6,7,8,9,10,11,12,13,14,15,16,17,18,20,21,22,23,24,25,26,27,28,29,30,31,32,33,34,37,38,40,42,43,45,46,47,48,49,51,52,53,55,56,57,58,60,61,64,65,67,68,71,72,75,85]",23,968,4,0.00413223140495868,4
"[0,1,2,3,4,5,6,7,8,9,10,11,12,13,14,15,16,17,18,20,21,22,23,24,25,26,27,28,29,30,31,32,33,34,37,38,40,42,43,45,46,47,48,49,51,52,53,55,56,57,58,60,61,64,65,67,68,71,72,75,85]",24,968,2,0.00206611570247934,4
"[0,1,2,3,4,5,6,7,8,9,10,11,12,13,14,15,16,17,18,20,21,22,23,24,25,26,27,28,29,30,31,32,33,34,37,38,40,42,43,45,46,47,48,49,51,52,53,55,56,57,58,60,61,64,65,67,68,71,72,75,85]",25,968,0,0,4
"[0,1,2,3,4,5,6,7,8,9,10,11,12,13,14,15,16,17,18,20,21,22,23,24,25,26,27,28,29,30,31,32,33,34,37,38,40,42,43,45,46,47,48,49,51,52,53,55,56,57,58,60,61,64,65,67,68,71,72,75,85]",26,968,0,0,4
"[0,1,2,3,4,5,6,7,8,9,10,11,12,13,14,15,16,17,18,20,21,22,23,24,25,26,27,28,29,30,31,32,33,34,37,38,40,42,43,45,46,47,48,49,51,52,53,55,56,57,58,60,61,64,65,67,68,71,72,75,85]",27,968,3,0.00309917355371901,4
"[0,1,2,3,4,5,6,7,8,9,10,11,12,13,14,15,16,17,18,20,21,22,23,24,25,26,27,28,29,30,31,32,33,34,37,38,40,42,43,45,46,47,48,49,51,52,53,55,56,57,58,60,61,64,65,67,68,71,72,75,85]",28,968,0,0,4
"[0,1,2,3,4,5,6,7,8,9,10,11,12,13,14,15,16,17,18,20,21,22,23,24,25,26,27,28,29,30,31,32,33,34,37,38,40,42,43,45,46,47,48,49,51,52,53,55,56,57,58,60,61,64,65,67,68,71,72,75,85]",29,968,12,0.012396694214876,4
"[0,1,2,3,4,5,6,7,8,9,10,11,12,13,14,15,16,17,18,20,21,22,23,24,25,26,27,28,29,30,31,32,33,34,37,38,40,42,43,45,46,47,48,49,51,52,53,55,56,57,58,60,61,64,65,67,68,71,72,75,85]",30,968,0,0,4
"[0,1,2,3,4,5,6,7,8,9,10,11,12,13,14,15,16,17,18,20,21,22,23,24,25,26,27,28,29,30,31,32,33,34,37,38,40,42,43,45,46,47,48,49,51,52,53,55,56,57,58,60,61,64,65,67,68,71,72,75,85]",31,968,20,0.0206611570247934,4
"[0,1,2,3,4,5,6,7,8,9,10,11,12,13,14,15,16,17,18,20,21,22,23,24,25,26,27,28,29,30,31,32,33,34,37,38,40,42,43,45,46,47,48,49,51,52,53,55,56,57,58,60,61,64,65,67,68,71,72,75,85]",32,968,2,0.00206611570247934,4
"[0,1,2,3,4,5,6,7,8,9,10,11,12,13,14,15,16,17,18,20,21,22,23,24,25,26,27,28,29,30,31,32,33,34,37,38,40,42,43,45,46,47,48,49,51,52,53,55,56,57,58,60,61,64,65,67,68,71,72,75,85]",33,968,4,0.00413223140495868,4
"[0,1,2,3,4,5,6,7,8,9,10,11,12,13,14,15,16,17,18,20,21,22,23,24,25,26,27,28,29,30,31,32,33,34,37,38,40,42,43,45,46,47,48,49,51,52,53,55,56,57,58,60,61,64,65,67,68,71,72,75,85]",34,968,1,0.00103305785123967,4
"[0,1,2,3,4,5,6,7,8,9,10,11,12,13,14,15,16,17,18,20,21,22,23,24,25,26,27,28,29,30,31,32,33,34,37,38,40,42,43,45,46,47,48,49,51,52,53,55,56,57,58,60,61,64,65,67,68,71,72,75,85]",37,968,2,0.00206611570247934,4
"[0,1,2,3,4,5,6,7,8,9,10,11,12,13,14,15,16,17,18,20,21,22,23,24,25,26,27,28,29,30,31,32,33,34,37,38,40,42,43,45,46,47,48,49,51,52,53,55,56,57,58,60,61,64,65,67,68,71,72,75,85]",38,968,7,0.00723140495867769,4
"[0,1,2,3,4,5,6,7,8,9,10,11,12,13,14,15,16,17,18,20,21,22,23,24,25,26,27,28,29,30,31,32,33,34,37,38,40,42,43,45,46,47,48,49,51,52,53,55,56,57,58,60,61,64,65,67,68,71,72,75,85]",40,968,0,0,4
"[0,1,2,3,4,5,6,7,8,9,10,11,12,13,14,15,16,17,18,20,21,22,23,24,25,26,27,28,29,30,31,32,33,34,37,38,40,42,43,45,46,47,48,49,51,52,53,55,56,57,58,60,61,64,65,67,68,71,72,75,85]",42,968,0,0,4
"[0,1,2,3,4,5,6,7,8,9,10,11,12,13,14,15,16,17,18,20,21,22,23,24,25,26,27,28,29,30,31,32,33,34,37,38,40,42,43,45,46,47,48,49,51,52,53,55,56,57,58,60,61,64,65,67,68,71,72,75,85]",43,968,2,0.00206611570247934,4
"[0,1,2,3,4,5,6,7,8,9,10,11,12,13,14,15,16,17,18,20,21,22,23,24,25,26,27,28,29,30,31,32,33,34,37,38,40,42,43,45,46,47,48,49,51,52,53,55,56,57,58,60,61,64,65,67,68,71,72,75,85]",45,968,0,0,4
"[0,1,2,3,4,5,6,7,8,9,10,11,12,13,14,15,16,17,18,20,21,22,23,24,25,26,27,28,29,30,31,32,33,34,37,38,40,42,43,45,46,47,48,49,51,52,53,55,56,57,58,60,61,64,65,67,68,71,72,75,85]",46,968,0,0,4
"[0,1,2,3,4,5,6,7,8,9,10,11,12,13,14,15,16,17,18,20,21,22,23,24,25,26,27,28,29,30,31,32,33,34,37,38,40,42,43,45,46,47,48,49,51,52,53,55,56,57,58,60,61,64,65,67,68,71,72,75,85]",47,968,2,0.00206611570247934,4
"[0,1,2,3,4,5,6,7,8,9,10,11,12,13,14,15,16,17,18,20,21,22,23,24,25,26,27,28,29,30,31,32,33,34,37,38,40,42,43,45,46,47,48,49,51,52,53,55,56,57,58,60,61,64,65,67,68,71,72,75,85]",48,968,0,0,4
"[0,1,2,3,4,5,6,7,8,9,10,11,12,13,14,15,16,17,18,20,21,22,23,24,25,26,27,28,29,30,31,32,33,34,37,38,40,42,43,45,46,47,48,49,51,52,53,55,56,57,58,60,61,64,65,67,68,71,72,75,85]",49,968,4,0.00413223140495868,4
"[0,1,2,3,4,5,6,7,8,9,10,11,12,13,14,15,16,17,18,20,21,22,23,24,25,26,27,28,29,30,31,32,33,34,37,38,40,42,43,45,46,47,48,49,51,52,53,55,56,57,58,60,61,64,65,67,68,71,72,75,85]",51,968,0,0,4
"[0,1,2,3,4,5,6,7,8,9,10,11,12,13,14,15,16,17,18,20,21,22,23,24,25,26,27,28,29,30,31,32,33,34,37,38,40,42,43,45,46,47,48,49,51,52,53,55,56,57,58,60,61,64,65,67,68,71,72,75,85]",52,968,0,0,4
"[0,1,2,3,4,5,6,7,8,9,10,11,12,13,14,15,16,17,18,20,21,22,23,24,25,26,27,28,29,30,31,32,33,34,37,38,40,42,43,45,46,47,48,49,51,52,53,55,56,57,58,60,61,64,65,67,68,71,72,75,85]",53,968,3,0.00309917355371901,4
"[0,1,2,3,4,5,6,7,8,9,10,11,12,13,14,15,16,17,18,20,21,22,23,24,25,26,27,28,29,30,31,32,33,34,37,38,40,42,43,45,46,47,48,49,51,52,53,55,56,57,58,60,61,64,65,67,68,71,72,75,85]",55,968,4,0.00413223140495868,4
"[0,1,2,3,4,5,6,7,8,9,10,11,12,13,14,15,16,17,18,20,21,22,23,24,25,26,27,28,29,30,31,32,33,34,37,38,40,42,43,45,46,47,48,49,51,52,53,55,56,57,58,60,61,64,65,67,68,71,72,75,85]",56,968,2,0.00206611570247934,4
"[0,1,2,3,4,5,6,7,8,9,10,11,12,13,14,15,16,17,18,20,21,22,23,24,25,26,27,28,29,30,31,32,33,34,37,38,40,42,43,45,46,47,48,49,51,52,53,55,56,57,58,60,61,64,65,67,68,71,72,75,85]",57,968,0,0,4
"[0,1,2,3,4,5,6,7,8,9,10,11,12,13,14,15,16,17,18,20,21,22,23,24,25,26,27,28,29,30,31,32,33,34,37,38,40,42,43,45,46,47,48,49,51,52,53,55,56,57,58,60,61,64,65,67,68,71,72,75,85]",58,968,4,0.00413223140495868,4
"[0,1,2,3,4,5,6,7,8,9,10,11,12,13,14,15,16,17,18,20,21,22,23,24,25,26,27,28,29,30,31,32,33,34,37,38,40,42,43,45,46,47,48,49,51,52,53,55,56,57,58,60,61,64,65,67,68,71,72,75,85]",60,968,3,0.00309917355371901,4
"[0,1,2,3,4,5,6,7,8,9,10,11,12,13,14,15,16,17,18,20,21,22,23,24,25,26,27,28,29,30,31,32,33,34,37,38,40,42,43,45,46,47,48,49,51,52,53,55,56,57,58,60,61,64,65,67,68,71,72,75,85]",61,968,0,0,4
"[0,1,2,3,4,5,6,7,8,9,10,11,12,13,14,15,16,17,18,20,21,22,23,24,25,26,27,28,29,30,31,32,33,34,37,38,40,42,43,45,46,47,48,49,51,52,53,55,56,57,58,60,61,64,65,67,68,71,72,75,85]",64,968,15,0.015495867768595,4
"[0,1,2,3,4,5,6,7,8,9,10,11,12,13,14,15,16,17,18,20,21,22,23,24,25,26,27,28,29,30,31,32,33,34,37,38,40,42,43,45,46,47,48,49,51,52,53,55,56,57,58,60,61,64,65,67,68,71,72,75,85]",65,968,2,0.00206611570247934,4
"[0,1,2,3,4,5,6,7,8,9,10,11,12,13,14,15,16,17,18,20,21,22,23,24,25,26,27,28,29,30,31,32,33,34,37,38,40,42,43,45,46,47,48,49,51,52,53,55,56,57,58,60,61,64,65,67,68,71,72,75,85]",67,968,5,0.00516528925619835,4
"[0,1,2,3,4,5,6,7,8,9,10,11,12,13,14,15,16,17,18,20,21,22,23,24,25,26,27,28,29,30,31,32,33,34,37,38,40,42,43,45,46,47,48,49,51,52,53,55,56,57,58,60,61,64,65,67,68,71,72,75,85]",68,968,0,0,4
"[0,1,2,3,4,5,6,7,8,9,10,11,12,13,14,15,16,17,18,20,21,22,23,24,25,26,27,28,29,30,31,32,33,34,37,38,40,42,43,45,46,47,48,49,51,52,53,55,56,57,58,60,61,64,65,67,68,71,72,75,85]",71,968,0,0,4
"[0,1,2,3,4,5,6,7,8,9,10,11,12,13,14,15,16,17,18,20,21,22,23,24,25,26,27,28,29,30,31,32,33,34,37,38,40,42,43,45,46,47,48,49,51,52,53,55,56,57,58,60,61,64,65,67,68,71,72,75,85]",72,968,34,0.0351239669421488,4
"[0,1,2,3,4,5,6,7,8,9,10,11,12,13,14,15,16,17,18,20,21,22,23,24,25,26,27,28,29,30,31,32,33,34,37,38,40,42,43,45,46,47,48,49,51,52,53,55,56,57,58,60,61,64,65,67,68,71,72,75,85]",75,968,0,0,4
"[0,1,2,3,4,5,6,7,8,9,10,11,12,13,14,15,16,17,18,20,21,22,23,24,25,26,27,28,29,30,31,32,33,34,37,38,40,42,43,45,46,47,48,49,51,52,53,55,56,57,58,60,61,64,65,67,68,71,72,75,85]",85,968,0,0,4
"[0,1,2,3,4,5,6,7,8,9,10,11,12,13,14,15,16,17,18,20,21,22,23,24,25,26,27,28,29,30,32,33,34,37,38,40,42,43,45,46,47,48,49,51,52,53,55,56,57,58,60,61,65,68,71,75,85]",0,778,402,0.516709511568123,4
"[0,1,2,3,4,5,6,7,8,9,10,11,12,13,14,15,16,17,18,20,21,22,23,24,25,26,27,28,29,30,32,33,34,37,38,40,42,43,45,46,47,48,49,51,52,53,55,56,57,58,60,61,65,68,71,75,85]",1,778,0,0,4
"[0,1,2,3,4,5,6,7,8,9,10,11,12,13,14,15,16,17,18,20,21,22,23,24,25,26,27,28,29,30,32,33,34,37,38,40,42,43,45,46,47,48,49,51,52,53,55,56,57,58,60,61,65,68,71,75,85]",2,778,2,0.0025706940874036,4
"[0,1,2,3,4,5,6,7,8,9,10,11,12,13,14,15,16,17,18,20,21,22,23,24,25,26,27,28,29,30,32,33,34,37,38,40,42,43,45,46,47,48,49,51,52,53,55,56,57,58,60,61,65,68,71,75,85]",3,778,42,0.0539845758354756,4
"[0,1,2,3,4,5,6,7,8,9,10,11,12,13,14,15,16,17,18,20,21,22,23,24,25,26,27,28,29,30,32,33,34,37,38,40,42,43,45,46,47,48,49,51,52,53,55,56,57,58,60,61,65,68,71,75,85]",4,778,78,0.10025706940874,4
"[0,1,2,3,4,5,6,7,8,9,10,11,12,13,14,15,16,17,18,20,21,22,23,24,25,26,27,28,29,30,32,33,34,37,38,40,42,43,45,46,47,48,49,51,52,53,55,56,57,58,60,61,65,68,71,75,85]",5,778,28,0.0359897172236504,4
"[0,1,2,3,4,5,6,7,8,9,10,11,12,13,14,15,16,17,18,20,21,22,23,24,25,26,27,28,29,30,32,33,34,37,38,40,42,43,45,46,47,48,49,51,52,53,55,56,57,58,60,61,65,68,71,75,85]",6,778,6,0.0077120822622108,4
"[0,1,2,3,4,5,6,7,8,9,10,11,12,13,14,15,16,17,18,20,21,22,23,24,25,26,27,28,29,30,32,33,34,37,38,40,42,43,45,46,47,48,49,51,52,53,55,56,57,58,60,61,65,68,71,75,85]",7,778,86,0.110539845758355,4
"[0,1,2,3,4,5,6,7,8,9,10,11,12,13,14,15,16,17,18,20,21,22,23,24,25,26,27,28,29,30,32,33,34,37,38,40,42,43,45,46,47,48,49,51,52,53,55,56,57,58,60,61,65,68,71,75,85]",8,778,2,0.0025706940874036,4
"[0,1,2,3,4,5,6,7,8,9,10,11,12,13,14,15,16,17,18,20,21,22,23,24,25,26,27,28,29,30,32,33,34,37,38,40,42,43,45,46,47,48,49,51,52,53,55,56,57,58,60,61,65,68,71,75,85]",9,778,3,0.0038560411311054,4
"[0,1,2,3,4,5,6,7,8,9,10,11,12,13,14,15,16,17,18,20,21,22,23,24,25,26,27,28,29,30,32,33,34,37,38,40,42,43,45,46,47,48,49,51,52,53,55,56,57,58,60,61,65,68,71,75,85]",10,778,1,0.0012853470437018,4
"[0,1,2,3,4,5,6,7,8,9,10,11,12,13,14,15,16,17,18,20,21,22,23,24,25,26,27,28,29,30,32,33,34,37,38,40,42,43,45,46,47,48,49,51,52,53,55,56,57,58,60,61,65,68,71,75,85]",11,778,5,0.006426735218509,4
"[0,1,2,3,4,5,6,7,8,9,10,11,12,13,14,15,16,17,18,20,21,22,23,24,25,26,27,28,29,30,32,33,34,37,38,40,42,43,45,46,47,48,49,51,52,53,55,56,57,58,60,61,65,68,71,75,85]",12,778,16,0.0205655526992288,4
"[0,1,2,3,4,5,6,7,8,9,10,11,12,13,14,15,16,17,18,20,21,22,23,24,25,26,27,28,29,30,32,33,34,37,38,40,42,43,45,46,47,48,49,51,52,53,55,56,57,58,60,61,65,68,71,75,85]",13,778,0,0,4
"[0,1,2,3,4,5,6,7,8,9,10,11,12,13,14,15,16,17,18,20,21,22,23,24,25,26,27,28,29,30,32,33,34,37,38,40,42,43,45,46,47,48,49,51,52,53,55,56,57,58,60,61,65,68,71,75,85]",14,778,6,0.0077120822622108,4
"[0,1,2,3,4,5,6,7,8,9,10,11,12,13,14,15,16,17,18,20,21,22,23,24,25,26,27,28,29,30,32,33,34,37,38,40,42,43,45,46,47,48,49,51,52,53,55,56,57,58,60,61,65,68,71,75,85]",15,778,2,0.0025706940874036,4
"[0,1,2,3,4,5,6,7,8,9,10,11,12,13,14,15,16,17,18,20,21,22,23,24,25,26,27,28,29,30,32,33,34,37,38,40,42,43,45,46,47,48,49,51,52,53,55,56,57,58,60,61,65,68,71,75,85]",16,778,0,0,4
"[0,1,2,3,4,5,6,7,8,9,10,11,12,13,14,15,16,17,18,20,21,22,23,24,25,26,27,28,29,30,32,33,34,37,38,40,42,43,45,46,47,48,49,51,52,53,55,56,57,58,60,61,65,68,71,75,85]",17,778,3,0.0038560411311054,4
"[0,1,2,3,4,5,6,7,8,9,10,11,12,13,14,15,16,17,18,20,21,22,23,24,25,26,27,28,29,30,32,33,34,37,38,40,42,43,45,46,47,48,49,51,52,53,55,56,57,58,60,61,65,68,71,75,85]",18,778,8,0.0102827763496144,4
"[0,1,2,3,4,5,6,7,8,9,10,11,12,13,14,15,16,17,18,20,21,22,23,24,25,26,27,28,29,30,32,33,34,37,38,40,42,43,45,46,47,48,49,51,52,53,55,56,57,58,60,61,65,68,71,75,85]",20,778,4,0.0051413881748072,4
"[0,1,2,3,4,5,6,7,8,9,10,11,12,13,14,15,16,17,18,20,21,22,23,24,25,26,27,28,29,30,32,33,34,37,38,40,42,43,45,46,47,48,49,51,52,53,55,56,57,58,60,61,65,68,71,75,85]",21,778,15,0.019280205655527,4
"[0,1,2,3,4,5,6,7,8,9,10,11,12,13,14,15,16,17,18,20,21,22,23,24,25,26,27,28,29,30,32,33,34,37,38,40,42,43,45,46,47,48,49,51,52,53,55,56,57,58,60,61,65,68,71,75,85]",22,778,0,0,4
"[0,1,2,3,4,5,6,7,8,9,10,11,12,13,14,15,16,17,18,20,21,22,23,24,25,26,27,28,29,30,32,33,34,37,38,40,42,43,45,46,47,48,49,51,52,53,55,56,57,58,60,61,65,68,71,75,85]",23,778,11,0.0141388174807198,4
"[0,1,2,3,4,5,6,7,8,9,10,11,12,13,14,15,16,17,18,20,21,22,23,24,25,26,27,28,29,30,32,33,34,37,38,40,42,43,45,46,47,48,49,51,52,53,55,56,57,58,60,61,65,68,71,75,85]",24,778,5,0.006426735218509,4
"[0,1,2,3,4,5,6,7,8,9,10,11,12,13,14,15,16,17,18,20,21,22,23,24,25,26,27,28,29,30,32,33,34,37,38,40,42,43,45,46,47,48,49,51,52,53,55,56,57,58,60,61,65,68,71,75,85]",25,778,0,0,4
"[0,1,2,3,4,5,6,7,8,9,10,11,12,13,14,15,16,17,18,20,21,22,23,24,25,26,27,28,29,30,32,33,34,37,38,40,42,43,45,46,47,48,49,51,52,53,55,56,57,58,60,61,65,68,71,75,85]",26,778,0,0,4
"[0,1,2,3,4,5,6,7,8,9,10,11,12,13,14,15,16,17,18,20,21,22,23,24,25,26,27,28,29,30,32,33,34,37,38,40,42,43,45,46,47,48,49,51,52,53,55,56,57,58,60,61,65,68,71,75,85]",27,778,2,0.0025706940874036,4
"[0,1,2,3,4,5,6,7,8,9,10,11,12,13,14,15,16,17,18,20,21,22,23,24,25,26,27,28,29,30,32,33,34,37,38,40,42,43,45,46,47,48,49,51,52,53,55,56,57,58,60,61,65,68,71,75,85]",28,778,1,0.0012853470437018,4
"[0,1,2,3,4,5,6,7,8,9,10,11,12,13,14,15,16,17,18,20,21,22,23,24,25,26,27,28,29,30,32,33,34,37,38,40,42,43,45,46,47,48,49,51,52,53,55,56,57,58,60,61,65,68,71,75,85]",29,778,16,0.0205655526992288,4
"[0,1,2,3,4,5,6,7,8,9,10,11,12,13,14,15,16,17,18,20,21,22,23,24,25,26,27,28,29,30,32,33,34,37,38,40,42,43,45,46,47,48,49,51,52,53,55,56,57,58,60,61,65,68,71,75,85]",30,778,0,0,4
"[0,1,2,3,4,5,6,7,8,9,10,11,12,13,14,15,16,17,18,20,21,22,23,24,25,26,27,28,29,30,32,33,34,37,38,40,42,43,45,46,47,48,49,51,52,53,55,56,57,58,60,61,65,68,71,75,85]",32,778,1,0.0012853470437018,4
"[0,1,2,3,4,5,6,7,8,9,10,11,12,13,14,15,16,17,18,20,21,22,23,24,25,26,27,28,29,30,32,33,34,37,38,40,42,43,45,46,47,48,49,51,52,53,55,56,57,58,60,61,65,68,71,75,85]",33,778,0,0,4
"[0,1,2,3,4,5,6,7,8,9,10,11,12,13,14,15,16,17,18,20,21,22,23,24,25,26,27,28,29,30,32,33,34,37,38,40,42,43,45,46,47,48,49,51,52,53,55,56,57,58,60,61,65,68,71,75,85]",34,778,0,0,4
"[0,1,2,3,4,5,6,7,8,9,10,11,12,13,14,15,16,17,18,20,21,22,23,24,25,26,27,28,29,30,32,33,34,37,38,40,42,43,45,46,47,48,49,51,52,53,55,56,57,58,60,61,65,68,71,75,85]",37,778,4,0.0051413881748072,4
"[0,1,2,3,4,5,6,7,8,9,10,11,12,13,14,15,16,17,18,20,21,22,23,24,25,26,27,28,29,30,32,33,34,37,38,40,42,43,45,46,47,48,49,51,52,53,55,56,57,58,60,61,65,68,71,75,85]",38,778,3,0.0038560411311054,4
"[0,1,2,3,4,5,6,7,8,9,10,11,12,13,14,15,16,17,18,20,21,22,23,24,25,26,27,28,29,30,32,33,34,37,38,40,42,43,45,46,47,48,49,51,52,53,55,56,57,58,60,61,65,68,71,75,85]",40,778,0,0,4
"[0,1,2,3,4,5,6,7,8,9,10,11,12,13,14,15,16,17,18,20,21,22,23,24,25,26,27,28,29,30,32,33,34,37,38,40,42,43,45,46,47,48,49,51,52,53,55,56,57,58,60,61,65,68,71,75,85]",42,778,0,0,4
"[0,1,2,3,4,5,6,7,8,9,10,11,12,13,14,15,16,17,18,20,21,22,23,24,25,26,27,28,29,30,32,33,34,37,38,40,42,43,45,46,47,48,49,51,52,53,55,56,57,58,60,61,65,68,71,75,85]",43,778,1,0.0012853470437018,4
"[0,1,2,3,4,5,6,7,8,9,10,11,12,13,14,15,16,17,18,20,21,22,23,24,25,26,27,28,29,30,32,33,34,37,38,40,42,43,45,46,47,48,49,51,52,53,55,56,57,58,60,61,65,68,71,75,85]",45,778,0,0,4
"[0,1,2,3,4,5,6,7,8,9,10,11,12,13,14,15,16,17,18,20,21,22,23,24,25,26,27,28,29,30,32,33,34,37,38,40,42,43,45,46,47,48,49,51,52,53,55,56,57,58,60,61,65,68,71,75,85]",46,778,0,0,4
"[0,1,2,3,4,5,6,7,8,9,10,11,12,13,14,15,16,17,18,20,21,22,23,24,25,26,27,28,29,30,32,33,34,37,38,40,42,43,45,46,47,48,49,51,52,53,55,56,57,58,60,61,65,68,71,75,85]",47,778,1,0.0012853470437018,4
"[0,1,2,3,4,5,6,7,8,9,10,11,12,13,14,15,16,17,18,20,21,22,23,24,25,26,27,28,29,30,32,33,34,37,38,40,42,43,45,46,47,48,49,51,52,53,55,56,57,58,60,61,65,68,71,75,85]",48,778,0,0,4
"[0,1,2,3,4,5,6,7,8,9,10,11,12,13,14,15,16,17,18,20,21,22,23,24,25,26,27,28,29,30,32,33,34,37,38,40,42,43,45,46,47,48,49,51,52,53,55,56,57,58,60,61,65,68,71,75,85]",49,778,1,0.0012853470437018,4
"[0,1,2,3,4,5,6,7,8,9,10,11,12,13,14,15,16,17,18,20,21,22,23,24,25,26,27,28,29,30,32,33,34,37,38,40,42,43,45,46,47,48,49,51,52,53,55,56,57,58,60,61,65,68,71,75,85]",51,778,1,0.0012853470437018,4
"[0,1,2,3,4,5,6,7,8,9,10,11,12,13,14,15,16,17,18,20,21,22,23,24,25,26,27,28,29,30,32,33,34,37,38,40,42,43,45,46,47,48,49,51,52,53,55,56,57,58,60,61,65,68,71,75,85]",52,778,2,0.0025706940874036,4
"[0,1,2,3,4,5,6,7,8,9,10,11,12,13,14,15,16,17,18,20,21,22,23,24,25,26,27,28,29,30,32,33,34,37,38,40,42,43,45,46,47,48,49,51,52,53,55,56,57,58,60,61,65,68,71,75,85]",53,778,2,0.0025706940874036,4
"[0,1,2,3,4,5,6,7,8,9,10,11,12,13,14,15,16,17,18,20,21,22,23,24,25,26,27,28,29,30,32,33,34,37,38,40,42,43,45,46,47,48,49,51,52,53,55,56,57,58,60,61,65,68,71,75,85]",55,778,2,0.0025706940874036,4
"[0,1,2,3,4,5,6,7,8,9,10,11,12,13,14,15,16,17,18,20,21,22,23,24,25,26,27,28,29,30,32,33,34,37,38,40,42,43,45,46,47,48,49,51,52,53,55,56,57,58,60,61,65,68,71,75,85]",56,778,2,0.0025706940874036,4
"[0,1,2,3,4,5,6,7,8,9,10,11,12,13,14,15,16,17,18,20,21,22,23,24,25,26,27,28,29,30,32,33,34,37,38,40,42,43,45,46,47,48,49,51,52,53,55,56,57,58,60,61,65,68,71,75,85]",57,778,5,0.006426735218509,4
"[0,1,2,3,4,5,6,7,8,9,10,11,12,13,14,15,16,17,18,20,21,22,23,24,25,26,27,28,29,30,32,33,34,37,38,40,42,43,45,46,47,48,49,51,52,53,55,56,57,58,60,61,65,68,71,75,85]",58,778,3,0.0038560411311054,4
"[0,1,2,3,4,5,6,7,8,9,10,11,12,13,14,15,16,17,18,20,21,22,23,24,25,26,27,28,29,30,32,33,34,37,38,40,42,43,45,46,47,48,49,51,52,53,55,56,57,58,60,61,65,68,71,75,85]",60,778,1,0.0012853470437018,4
"[0,1,2,3,4,5,6,7,8,9,10,11,12,13,14,15,16,17,18,20,21,22,23,24,25,26,27,28,29,30,32,33,34,37,38,40,42,43,45,46,47,48,49,51,52,53,55,56,57,58,60,61,65,68,71,75,85]",61,778,1,0.0012853470437018,4
"[0,1,2,3,4,5,6,7,8,9,10,11,12,13,14,15,16,17,18,20,21,22,23,24,25,26,27,28,29,30,32,33,34,37,38,40,42,43,45,46,47,48,49,51,52,53,55,56,57,58,60,61,65,68,71,75,85]",65,778,3,0.0038560411311054,4
"[0,1,2,3,4,5,6,7,8,9,10,11,12,13,14,15,16,17,18,20,21,22,23,24,25,26,27,28,29,30,32,33,34,37,38,40,42,43,45,46,47,48,49,51,52,53,55,56,57,58,60,61,65,68,71,75,85]",68,778,1,0.0012853470437018,4
"[0,1,2,3,4,5,6,7,8,9,10,11,12,13,14,15,16,17,18,20,21,22,23,24,25,26,27,28,29,30,32,33,34,37,38,40,42,43,45,46,47,48,49,51,52,53,55,56,57,58,60,61,65,68,71,75,85]",71,778,0,0,4
"[0,1,2,3,4,5,6,7,8,9,10,11,12,13,14,15,16,17,18,20,21,22,23,24,25,26,27,28,29,30,32,33,34,37,38,40,42,43,45,46,47,48,49,51,52,53,55,56,57,58,60,61,65,68,71,75,85]",75,778,0,0,4
"[0,1,2,3,4,5,6,7,8,9,10,11,12,13,14,15,16,17,18,20,21,22,23,24,25,26,27,28,29,30,32,33,34,37,38,40,42,43,45,46,47,48,49,51,52,53,55,56,57,58,60,61,65,68,71,75,85]",85,778,0,0,4
"[0,1,2,3,4,5,6,7,8,9,10,11,12,14,15,16,17,19,22,25,26,28,30,32,33,34,37,38,40,59,62,63,66,71,75]",0,447,262,0.586129753914989,2
"[0,1,2,3,4,5,6,7,8,9,10,11,12,14,15,16,17,19,22,25,26,28,30,32,33,34,37,38,40,59,62,63,66,71,75]",1,447,0,0,2
"[0,1,2,3,4,5,6,7,8,9,10,11,12,14,15,16,17,19,22,25,26,28,30,32,33,34,37,38,40,59,62,63,66,71,75]",2,447,0,0,2
"[0,1,2,3,4,5,6,7,8,9,10,11,12,14,15,16,17,19,22,25,26,28,30,32,33,34,37,38,40,59,62,63,66,71,75]",3,447,25,0.0559284116331096,2
"[0,1,2,3,4,5,6,7,8,9,10,11,12,14,15,16,17,19,22,25,26,28,30,32,33,34,37,38,40,59,62,63,66,71,75]",4,447,36,0.0805369127516778,2
"[0,1,2,3,4,5,6,7,8,9,10,11,12,14,15,16,17,19,22,25,26,28,30,32,33,34,37,38,40,59,62,63,66,71,75]",5,447,35,0.0782997762863535,2
"[0,1,2,3,4,5,6,7,8,9,10,11,12,14,15,16,17,19,22,25,26,28,30,32,33,34,37,38,40,59,62,63,66,71,75]",6,447,0,0,2
"[0,1,2,3,4,5,6,7,8,9,10,11,12,14,15,16,17,19,22,25,26,28,30,32,33,34,37,38,40,59,62,63,66,71,75]",7,447,33,0.0738255033557047,2
"[0,1,2,3,4,5,6,7,8,9,10,11,12,14,15,16,17,19,22,25,26,28,30,32,33,34,37,38,40,59,62,63,66,71,75]",8,447,5,0.0111856823266219,2
"[0,1,2,3,4,5,6,7,8,9,10,11,12,14,15,16,17,19,22,25,26,28,30,32,33,34,37,38,40,59,62,63,66,71,75]",9,447,0,0,2
"[0,1,2,3,4,5,6,7,8,9,10,11,12,14,15,16,17,19,22,25,26,28,30,32,33,34,37,38,40,59,62,63,66,71,75]",10,447,0,0,2
"[0,1,2,3,4,5,6,7,8,9,10,11,12,14,15,16,17,19,22,25,26,28,30,32,33,34,37,38,40,59,62,63,66,71,75]",11,447,0,0,2
"[0,1,2,3,4,5,6,7,8,9,10,11,12,14,15,16,17,19,22,25,26,28,30,32,33,34,37,38,40,59,62,63,66,71,75]",12,447,12,0.0268456375838926,2
"[0,1,2,3,4,5,6,7,8,9,10,11,12,14,15,16,17,19,22,25,26,28,30,32,33,34,37,38,40,59,62,63,66,71,75]",14,447,0,0,2
"[0,1,2,3,4,5,6,7,8,9,10,11,12,14,15,16,17,19,22,25,26,28,30,32,33,34,37,38,40,59,62,63,66,71,75]",15,447,0,0,2
"[0,1,2,3,4,5,6,7,8,9,10,11,12,14,15,16,17,19,22,25,26,28,30,32,33,34,37,38,40,59,62,63,66,71,75]",16,447,2,0.00447427293064877,2
"[0,1,2,3,4,5,6,7,8,9,10,11,12,14,15,16,17,19,22,25,26,28,30,32,33,34,37,38,40,59,62,63,66,71,75]",17,447,13,0.029082774049217,2
"[0,1,2,3,4,5,6,7,8,9,10,11,12,14,15,16,17,19,22,25,26,28,30,32,33,34,37,38,40,59,62,63,66,71,75]",19,447,0,0,2
"[0,1,2,3,4,5,6,7,8,9,10,11,12,14,15,16,17,19,22,25,26,28,30,32,33,34,37,38,40,59,62,63,66,71,75]",22,447,0,0,2
"[0,1,2,3,4,5,6,7,8,9,10,11,12,14,15,16,17,19,22,25,26,28,30,32,33,34,37,38,40,59,62,63,66,71,75]",25,447,3,0.00671140939597315,2
"[0,1,2,3,4,5,6,7,8,9,10,11,12,14,15,16,17,19,22,25,26,28,30,32,33,34,37,38,40,59,62,63,66,71,75]",26,447,4,0.00894854586129754,2
"[0,1,2,3,4,5,6,7,8,9,10,11,12,14,15,16,17,19,22,25,26,28,30,32,33,34,37,38,40,59,62,63,66,71,75]",28,447,0,0,2
"[0,1,2,3,4,5,6,7,8,9,10,11,12,14,15,16,17,19,22,25,26,28,30,32,33,34,37,38,40,59,62,63,66,71,75]",30,447,3,0.00671140939597315,2
"[0,1,2,3,4,5,6,7,8,9,10,11,12,14,15,16,17,19,22,25,26,28,30,32,33,34,37,38,40,59,62,63,66,71,75]",32,447,2,0.00447427293064877,2
"[0,1,2,3,4,5,6,7,8,9,10,11,12,14,15,16,17,19,22,25,26,28,30,32,33,34,37,38,40,59,62,63,66,71,75]",33,447,2,0.00447427293064877,2
"[0,1,2,3,4,5,6,7,8,9,10,11,12,14,15,16,17,19,22,25,26,28,30,32,33,34,37,38,40,59,62,63,66,71,75]",34,447,3,0.00671140939597315,2
"[0,1,2,3,4,5,6,7,8,9,10,11,12,14,15,16,17,19,22,25,26,28,30,32,33,34,37,38,40,59,62,63,66,71,75]",37,447,3,0.00671140939597315,2
"[0,1,2,3,4,5,6,7,8,9,10,11,12,14,15,16,17,19,22,25,26,28,30,32,33,34,37,38,40,59,62,63,66,71,75]",38,447,3,0.00671140939597315,2
"[0,1,2,3,4,5,6,7,8,9,10,11,12,14,15,16,17,19,22,25,26,28,30,32,33,34,37,38,40,59,62,63,66,71,75]",40,447,1,0.00223713646532438,2
"[0,1,2,3,4,5,6,7,8,9,10,11,12,14,15,16,17,19,22,25,26,28,30,32,33,34,37,38,40,59,62,63,66,71,75]",59,447,0,0,2
"[0,1,2,3,4,5,6,7,8,9,10,11,12,14,15,16,17,19,22,25,26,28,30,32,33,34,37,38,40,59,62,63,66,71,75]",62,447,0,0,2
"[0,1,2,3,4,5,6,7,8,9,10,11,12,14,15,16,17,19,22,25,26,28,30,32,33,34,37,38,40,59,62,63,66,71,75]",63,447,0,0,2
"[0,1,2,3,4,5,6,7,8,9,10,11,12,14,15,16,17,19,22,25,26,28,30,32,33,34,37,38,40,59,62,63,66,71,75]",66,447,0,0,2
"[0,1,2,3,4,5,6,7,8,9,10,11,12,14,15,16,17,19,22,25,26,28,30,32,33,34,37,38,40,59,62,63,66,71,75]",71,447,0,0,2
"[0,1,2,3,4,5,6,7,8,9,10,11,12,14,15,16,17,19,22,25,26,28,30,32,33,34,37,38,40,59,62,63,66,71,75]",75,447,0,0,2
"[0,1,2,3,4,5,6,7,8,9,10,11,12,14,15,16,19,22,25,26,28,30,32,33,34,38,59,62,63,66,71,75]",0,439,273,0.621867881548975,2
"[0,1,2,3,4,5,6,7,8,9,10,11,12,14,15,16,19,22,25,26,28,30,32,33,34,38,59,62,63,66,71,75]",1,439,0,0,2
"[0,1,2,3,4,5,6,7,8,9,10,11,12,14,15,16,19,22,25,26,28,30,32,33,34,38,59,62,63,66,71,75]",2,439,0,0,2
"[0,1,2,3,4,5,6,7,8,9,10,11,12,14,15,16,19,22,25,26,28,30,32,33,34,38,59,62,63,66,71,75]",3,439,21,0.0478359908883827,2
"[0,1,2,3,4,5,6,7,8,9,10,11,12,14,15,16,19,22,25,26,28,30,32,33,34,38,59,62,63,66,71,75]",4,439,43,0.0979498861047836,2
"[0,1,2,3,4,5,6,7,8,9,10,11,12,14,15,16,19,22,25,26,28,30,32,33,34,38,59,62,63,66,71,75]",5,439,21,0.0478359908883827,2
"[0,1,2,3,4,5,6,7,8,9,10,11,12,14,15,16,19,22,25,26,28,30,32,33,34,38,59,62,63,66,71,75]",6,439,0,0,2
"[0,1,2,3,4,5,6,7,8,9,10,11,12,14,15,16,19,22,25,26,28,30,32,33,34,38,59,62,63,66,71,75]",7,439,43,0.0979498861047836,2
"[0,1,2,3,4,5,6,7,8,9,10,11,12,14,15,16,19,22,25,26,28,30,32,33,34,38,59,62,63,66,71,75]",8,439,2,0.00455580865603645,2
"[0,1,2,3,4,5,6,7,8,9,10,11,12,14,15,16,19,22,25,26,28,30,32,33,34,38,59,62,63,66,71,75]",9,439,0,0,2
"[0,1,2,3,4,5,6,7,8,9,10,11,12,14,15,16,19,22,25,26,28,30,32,33,34,38,59,62,63,66,71,75]",10,439,0,0,2
"[0,1,2,3,4,5,6,7,8,9,10,11,12,14,15,16,19,22,25,26,28,30,32,33,34,38,59,62,63,66,71,75]",11,439,0,0,2
"[0,1,2,3,4,5,6,7,8,9,10,11,12,14,15,16,19,22,25,26,28,30,32,33,34,38,59,62,63,66,71,75]",12,439,14,0.0318906605922551,2
"[0,1,2,3,4,5,6,7,8,9,10,11,12,14,15,16,19,22,25,26,28,30,32,33,34,38,59,62,63,66,71,75]",14,439,0,0,2
"[0,1,2,3,4,5,6,7,8,9,10,11,12,14,15,16,19,22,25,26,28,30,32,33,34,38,59,62,63,66,71,75]",15,439,0,0,2
"[0,1,2,3,4,5,6,7,8,9,10,11,12,14,15,16,19,22,25,26,28,30,32,33,34,38,59,62,63,66,71,75]",16,439,1,0.00227790432801822,2
"[0,1,2,3,4,5,6,7,8,9,10,11,12,14,15,16,19,22,25,26,28,30,32,33,34,38,59,62,63,66,71,75]",19,439,0,0,2
"[0,1,2,3,4,5,6,7,8,9,10,11,12,14,15,16,19,22,25,26,28,30,32,33,34,38,59,62,63,66,71,75]",22,439,0,0,2
"[0,1,2,3,4,5,6,7,8,9,10,11,12,14,15,16,19,22,25,26,28,30,32,33,34,38,59,62,63,66,71,75]",25,439,0,0,2
"[0,1,2,3,4,5,6,7,8,9,10,11,12,14,15,16,19,22,25,26,28,30,32,33,34,38,59,62,63,66,71,75]",26,439,11,0.0250569476082005,2
"[0,1,2,3,4,5,6,7,8,9,10,11,12,14,15,16,19,22,25,26,28,30,32,33,34,38,59,62,63,66,71,75]",28,439,0,0,2
"[0,1,2,3,4,5,6,7,8,9,10,11,12,14,15,16,19,22,25,26,28,30,32,33,34,38,59,62,63,66,71,75]",30,439,0,0,2
"[0,1,2,3,4,5,6,7,8,9,10,11,12,14,15,16,19,22,25,26,28,30,32,33,34,38,59,62,63,66,71,75]",32,439,3,0.00683371298405467,2
"[0,1,2,3,4,5,6,7,8,9,10,11,12,14,15,16,19,22,25,26,28,30,32,33,34,38,59,62,63,66,71,75]",33,439,4,0.00911161731207289,2
"[0,1,2,3,4,5,6,7,8,9,10,11,12,14,15,16,19,22,25,26,28,30,32,33,34,38,59,62,63,66,71,75]",34,439,0,0,2
"[0,1,2,3,4,5,6,7,8,9,10,11,12,14,15,16,19,22,25,26,28,30,32,33,34,38,59,62,63,66,71,75]",38,439,3,0.00683371298405467,2
"[0,1,2,3,4,5,6,7,8,9,10,11,12,14,15,16,19,22,25,26,28,30,32,33,34,38,59,62,63,66,71,75]",59,439,0,0,2
"[0,1,2,3,4,5,6,7,8,9,10,11,12,14,15,16,19,22,25,26,28,30,32,33,34,38,59,62,63,66,71,75]",62,439,0,0,2
"[0,1,2,3,4,5,6,7,8,9,10,11,12,14,15,16,19,22,25,26,28,30,32,33,34,38,59,62,63,66,71,75]",63,439,0,0,2
"[0,1,2,3,4,5,6,7,8,9,10,11,12,14,15,16,19,22,25,26,28,30,32,33,34,38,59,62,63,66,71,75]",66,439,0,0,2
"[0,1,2,3,4,5,6,7,8,9,10,11,12,14,15,16,19,22,25,26,28,30,32,33,34,38,59,62,63,66,71,75]",71,439,0,0,2
"[0,1,2,3,4,5,6,7,8,9,10,11,12,14,15,16,19,22,25,26,28,30,32,33,34,38,59,62,63,66,71,75]",75,439,0,0,2
"[0,1,2,3,4,5,6,7,8,9,10,11,12,14,15,19,22,25,26,28,30,32,33,34,59,62,63,66,69,71,75]",0,860,548,0.637209302325581,4
"[0,1,2,3,4,5,6,7,8,9,10,11,12,14,15,19,22,25,26,28,30,32,33,34,59,62,63,66,69,71,75]",1,860,0,0,4
"[0,1,2,3,4,5,6,7,8,9,10,11,12,14,15,19,22,25,26,28,30,32,33,34,59,62,63,66,69,71,75]",2,860,1,0.00116279069767442,4
"[0,1,2,3,4,5,6,7,8,9,10,11,12,14,15,19,22,25,26,28,30,32,33,34,59,62,63,66,69,71,75]",3,860,35,0.0406976744186047,4
"[0,1,2,3,4,5,6,7,8,9,10,11,12,14,15,19,22,25,26,28,30,32,33,34,59,62,63,66,69,71,75]",4,860,78,0.0906976744186047,4
"[0,1,2,3,4,5,6,7,8,9,10,11,12,14,15,19,22,25,26,28,30,32,33,34,59,62,63,66,69,71,75]",5,860,29,0.0337209302325581,4
"[0,1,2,3,4,5,6,7,8,9,10,11,12,14,15,19,22,25,26,28,30,32,33,34,59,62,63,66,69,71,75]",6,860,0,0,4
"[0,1,2,3,4,5,6,7,8,9,10,11,12,14,15,19,22,25,26,28,30,32,33,34,59,62,63,66,69,71,75]",7,860,90,0.104651162790698,4
"[0,1,2,3,4,5,6,7,8,9,10,11,12,14,15,19,22,25,26,28,30,32,33,34,59,62,63,66,69,71,75]",8,860,4,0.00465116279069767,4
"[0,1,2,3,4,5,6,7,8,9,10,11,12,14,15,19,22,25,26,28,30,32,33,34,59,62,63,66,69,71,75]",9,860,0,0,4
"[0,1,2,3,4,5,6,7,8,9,10,11,12,14,15,19,22,25,26,28,30,32,33,34,59,62,63,66,69,71,75]",10,860,0,0,4
"[0,1,2,3,4,5,6,7,8,9,10,11,12,14,15,19,22,25,26,28,30,32,33,34,59,62,63,66,69,71,75]",11,860,0,0,4
"[0,1,2,3,4,5,6,7,8,9,10,11,12,14,15,19,22,25,26,28,30,32,33,34,59,62,63,66,69,71,75]",12,860,18,0.0209302325581395,4
"[0,1,2,3,4,5,6,7,8,9,10,11,12,14,15,19,22,25,26,28,30,32,33,34,59,62,63,66,69,71,75]",14,860,0,0,4
"[0,1,2,3,4,5,6,7,8,9,10,11,12,14,15,19,22,25,26,28,30,32,33,34,59,62,63,66,69,71,75]",15,860,0,0,4
"[0,1,2,3,4,5,6,7,8,9,10,11,12,14,15,19,22,25,26,28,30,32,33,34,59,62,63,66,69,71,75]",19,860,0,0,4
"[0,1,2,3,4,5,6,7,8,9,10,11,12,14,15,19,22,25,26,28,30,32,33,34,59,62,63,66,69,71,75]",22,860,0,0,4
"[0,1,2,3,4,5,6,7,8,9,10,11,12,14,15,19,22,25,26,28,30,32,33,34,59,62,63,66,69,71,75]",25,860,0,0,4
"[0,1,2,3,4,5,6,7,8,9,10,11,12,14,15,19,22,25,26,28,30,32,33,34,59,62,63,66,69,71,75]",26,860,31,0.036046511627907,4
"[0,1,2,3,4,5,6,7,8,9,10,11,12,14,15,19,22,25,26,28,30,32,33,34,59,62,63,66,69,71,75]",28,860,2,0.00232558139534884,4
"[0,1,2,3,4,5,6,7,8,9,10,11,12,14,15,19,22,25,26,28,30,32,33,34,59,62,63,66,69,71,75]",30,860,9,0.0104651162790698,4
"[0,1,2,3,4,5,6,7,8,9,10,11,12,14,15,19,22,25,26,28,30,32,33,34,59,62,63,66,69,71,75]",32,860,1,0.00116279069767442,4
"[0,1,2,3,4,5,6,7,8,9,10,11,12,14,15,19,22,25,26,28,30,32,33,34,59,62,63,66,69,71,75]",33,860,2,0.00232558139534884,4
"[0,1,2,3,4,5,6,7,8,9,10,11,12,14,15,19,22,25,26,28,30,32,33,34,59,62,63,66,69,71,75]",34,860,10,0.0116279069767442,4
"[0,1,2,3,4,5,6,7,8,9,10,11,12,14,15,19,22,25,26,28,30,32,33,34,59,62,63,66,69,71,75]",59,860,0,0,4
"[0,1,2,3,4,5,6,7,8,9,10,11,12,14,15,19,22,25,26,28,30,32,33,34,59,62,63,66,69,71,75]",62,860,0,0,4
"[0,1,2,3,4,5,6,7,8,9,10,11,12,14,15,19,22,25,26,28,30,32,33,34,59,62,63,66,69,71,75]",63,860,0,0,4
"[0,1,2,3,4,5,6,7,8,9,10,11,12,14,15,19,22,25,26,28,30,32,33,34,59,62,63,66,69,71,75]",66,860,0,0,4
"[0,1,2,3,4,5,6,7,8,9,10,11,12,14,15,19,22,25,26,28,30,32,33,34,59,62,63,66,69,71,75]",69,860,0,0,4
"[0,1,2,3,4,5,6,7,8,9,10,11,12,14,15,19,22,25,26,28,30,32,33,34,59,62,63,66,69,71,75]",71,860,0,0,4
"[0,1,2,3,4,5,6,7,8,9,10,11,12,14,15,19,22,25,26,28,30,32,33,34,59,62,63,66,69,71,75]",75,860,2,0.00232558139534884,4
"[0,1,2,3,4,5,6,7,8,9,11,12,13,14,16,17,18,20,21,22,23,24,25,26,27,28,30,32,33,34,37,38,40,42,43,45,46,47,48,49,51,52,53,55,56,57,58,60,61,65,71,75,85]",0,435,265,0.609195402298851,2
"[0,1,2,3,4,5,6,7,8,9,11,12,13,14,16,17,18,20,21,22,23,24,25,26,27,28,30,32,33,34,37,38,40,42,43,45,46,47,48,49,51,52,53,55,56,57,58,60,61,65,71,75,85]",1,435,0,0,2
"[0,1,2,3,4,5,6,7,8,9,11,12,13,14,16,17,18,20,21,22,23,24,25,26,27,28,30,32,33,34,37,38,40,42,43,45,46,47,48,49,51,52,53,55,56,57,58,60,61,65,71,75,85]",2,435,2,0.00459770114942529,2
"[0,1,2,3,4,5,6,7,8,9,11,12,13,14,16,17,18,20,21,22,23,24,25,26,27,28,30,32,33,34,37,38,40,42,43,45,46,47,48,49,51,52,53,55,56,57,58,60,61,65,71,75,85]",3,435,19,0.0436781609195402,2
"[0,1,2,3,4,5,6,7,8,9,11,12,13,14,16,17,18,20,21,22,23,24,25,26,27,28,30,32,33,34,37,38,40,42,43,45,46,47,48,49,51,52,53,55,56,57,58,60,61,65,71,75,85]",4,435,35,0.0804597701149425,2
"[0,1,2,3,4,5,6,7,8,9,11,12,13,14,16,17,18,20,21,22,23,24,25,26,27,28,30,32,33,34,37,38,40,42,43,45,46,47,48,49,51,52,53,55,56,57,58,60,61,65,71,75,85]",5,435,7,0.0160919540229885,2
"[0,1,2,3,4,5,6,7,8,9,11,12,13,14,16,17,18,20,21,22,23,24,25,26,27,28,30,32,33,34,37,38,40,42,43,45,46,47,48,49,51,52,53,55,56,57,58,60,61,65,71,75,85]",6,435,7,0.0160919540229885,2
"[0,1,2,3,4,5,6,7,8,9,11,12,13,14,16,17,18,20,21,22,23,24,25,26,27,28,30,32,33,34,37,38,40,42,43,45,46,47,48,49,51,52,53,55,56,57,58,60,61,65,71,75,85]",7,435,43,0.0988505747126437,2
"[0,1,2,3,4,5,6,7,8,9,11,12,13,14,16,17,18,20,21,22,23,24,25,26,27,28,30,32,33,34,37,38,40,42,43,45,46,47,48,49,51,52,53,55,56,57,58,60,61,65,71,75,85]",8,435,1,0.00229885057471264,2
"[0,1,2,3,4,5,6,7,8,9,11,12,13,14,16,17,18,20,21,22,23,24,25,26,27,28,30,32,33,34,37,38,40,42,43,45,46,47,48,49,51,52,53,55,56,57,58,60,61,65,71,75,85]",9,435,1,0.00229885057471264,2
"[0,1,2,3,4,5,6,7,8,9,11,12,13,14,16,17,18,20,21,22,23,24,25,26,27,28,30,32,33,34,37,38,40,42,43,45,46,47,48,49,51,52,53,55,56,57,58,60,61,65,71,75,85]",11,435,9,0.0206896551724138,2
"[0,1,2,3,4,5,6,7,8,9,11,12,13,14,16,17,18,20,21,22,23,24,25,26,27,28,30,32,33,34,37,38,40,42,43,45,46,47,48,49,51,52,53,55,56,57,58,60,61,65,71,75,85]",12,435,6,0.0137931034482759,2
"[0,1,2,3,4,5,6,7,8,9,11,12,13,14,16,17,18,20,21,22,23,24,25,26,27,28,30,32,33,34,37,38,40,42,43,45,46,47,48,49,51,52,53,55,56,57,58,60,61,65,71,75,85]",13,435,0,0,2
"[0,1,2,3,4,5,6,7,8,9,11,12,13,14,16,17,18,20,21,22,23,24,25,26,27,28,30,32,33,34,37,38,40,42,43,45,46,47,48,49,51,52,53,55,56,57,58,60,61,65,71,75,85]",14,435,2,0.00459770114942529,2
"[0,1,2,3,4,5,6,7,8,9,11,12,13,14,16,17,18,20,21,22,23,24,25,26,27,28,30,32,33,34,37,38,40,42,43,45,46,47,48,49,51,52,53,55,56,57,58,60,61,65,71,75,85]",16,435,1,0.00229885057471264,2
"[0,1,2,3,4,5,6,7,8,9,11,12,13,14,16,17,18,20,21,22,23,24,25,26,27,28,30,32,33,34,37,38,40,42,43,45,46,47,48,49,51,52,53,55,56,57,58,60,61,65,71,75,85]",17,435,2,0.00459770114942529,2
"[0,1,2,3,4,5,6,7,8,9,11,12,13,14,16,17,18,20,21,22,23,24,25,26,27,28,30,32,33,34,37,38,40,42,43,45,46,47,48,49,51,52,53,55,56,57,58,60,61,65,71,75,85]",18,435,4,0.00919540229885057,2
"[0,1,2,3,4,5,6,7,8,9,11,12,13,14,16,17,18,20,21,22,23,24,25,26,27,28,30,32,33,34,37,38,40,42,43,45,46,47,48,49,51,52,53,55,56,57,58,60,61,65,71,75,85]",20,435,1,0.00229885057471264,2
"[0,1,2,3,4,5,6,7,8,9,11,12,13,14,16,17,18,20,21,22,23,24,25,26,27,28,30,32,33,34,37,38,40,42,43,45,46,47,48,49,51,52,53,55,56,57,58,60,61,65,71,75,85]",21,435,1,0.00229885057471264,2
"[0,1,2,3,4,5,6,7,8,9,11,12,13,14,16,17,18,20,21,22,23,24,25,26,27,28,30,32,33,34,37,38,40,42,43,45,46,47,48,49,51,52,53,55,56,57,58,60,61,65,71,75,85]",22,435,0,0,2
"[0,1,2,3,4,5,6,7,8,9,11,12,13,14,16,17,18,20,21,22,23,24,25,26,27,28,30,32,33,34,37,38,40,42,43,45,46,47,48,49,51,52,53,55,56,57,58,60,61,65,71,75,85]",23,435,6,0.0137931034482759,2
"[0,1,2,3,4,5,6,7,8,9,11,12,13,14,16,17,18,20,21,22,23,24,25,26,27,28,30,32,33,34,37,38,40,42,43,45,46,47,48,49,51,52,53,55,56,57,58,60,61,65,71,75,85]",24,435,2,0.00459770114942529,2
"[0,1,2,3,4,5,6,7,8,9,11,12,13,14,16,17,18,20,21,22,23,24,25,26,27,28,30,32,33,34,37,38,40,42,43,45,46,47,48,49,51,52,53,55,56,57,58,60,61,65,71,75,85]",25,435,0,0,2
"[0,1,2,3,4,5,6,7,8,9,11,12,13,14,16,17,18,20,21,22,23,24,25,26,27,28,30,32,33,34,37,38,40,42,43,45,46,47,48,49,51,52,53,55,56,57,58,60,61,65,71,75,85]",26,435,0,0,2
"[0,1,2,3,4,5,6,7,8,9,11,12,13,14,16,17,18,20,21,22,23,24,25,26,27,28,30,32,33,34,37,38,40,42,43,45,46,47,48,49,51,52,53,55,56,57,58,60,61,65,71,75,85]",27,435,2,0.00459770114942529,2
"[0,1,2,3,4,5,6,7,8,9,11,12,13,14,16,17,18,20,21,22,23,24,25,26,27,28,30,32,33,34,37,38,40,42,43,45,46,47,48,49,51,52,53,55,56,57,58,60,61,65,71,75,85]",28,435,0,0,2
"[0,1,2,3,4,5,6,7,8,9,11,12,13,14,16,17,18,20,21,22,23,24,25,26,27,28,30,32,33,34,37,38,40,42,43,45,46,47,48,49,51,52,53,55,56,57,58,60,61,65,71,75,85]",30,435,0,0,2
"[0,1,2,3,4,5,6,7,8,9,11,12,13,14,16,17,18,20,21,22,23,24,25,26,27,28,30,32,33,34,37,38,40,42,43,45,46,47,48,49,51,52,53,55,56,57,58,60,61,65,71,75,85]",32,435,1,0.00229885057471264,2
"[0,1,2,3,4,5,6,7,8,9,11,12,13,14,16,17,18,20,21,22,23,24,25,26,27,28,30,32,33,34,37,38,40,42,43,45,46,47,48,49,51,52,53,55,56,57,58,60,61,65,71,75,85]",33,435,0,0,2
"[0,1,2,3,4,5,6,7,8,9,11,12,13,14,16,17,18,20,21,22,23,24,25,26,27,28,30,32,33,34,37,38,40,42,43,45,46,47,48,49,51,52,53,55,56,57,58,60,61,65,71,75,85]",34,435,2,0.00459770114942529,2
"[0,1,2,3,4,5,6,7,8,9,11,12,13,14,16,17,18,20,21,22,23,24,25,26,27,28,30,32,33,34,37,38,40,42,43,45,46,47,48,49,51,52,53,55,56,57,58,60,61,65,71,75,85]",37,435,1,0.00229885057471264,2
"[0,1,2,3,4,5,6,7,8,9,11,12,13,14,16,17,18,20,21,22,23,24,25,26,27,28,30,32,33,34,37,38,40,42,43,45,46,47,48,49,51,52,53,55,56,57,58,60,61,65,71,75,85]",38,435,2,0.00459770114942529,2
"[0,1,2,3,4,5,6,7,8,9,11,12,13,14,16,17,18,20,21,22,23,24,25,26,27,28,30,32,33,34,37,38,40,42,43,45,46,47,48,49,51,52,53,55,56,57,58,60,61,65,71,75,85]",40,435,0,0,2
"[0,1,2,3,4,5,6,7,8,9,11,12,13,14,16,17,18,20,21,22,23,24,25,26,27,28,30,32,33,34,37,38,40,42,43,45,46,47,48,49,51,52,53,55,56,57,58,60,61,65,71,75,85]",42,435,1,0.00229885057471264,2
"[0,1,2,3,4,5,6,7,8,9,11,12,13,14,16,17,18,20,21,22,23,24,25,26,27,28,30,32,33,34,37,38,40,42,43,45,46,47,48,49,51,52,53,55,56,57,58,60,61,65,71,75,85]",43,435,1,0.00229885057471264,2
"[0,1,2,3,4,5,6,7,8,9,11,12,13,14,16,17,18,20,21,22,23,24,25,26,27,28,30,32,33,34,37,38,40,42,43,45,46,47,48,49,51,52,53,55,56,57,58,60,61,65,71,75,85]",45,435,0,0,2
"[0,1,2,3,4,5,6,7,8,9,11,12,13,14,16,17,18,20,21,22,23,24,25,26,27,28,30,32,33,34,37,38,40,42,43,45,46,47,48,49,51,52,53,55,56,57,58,60,61,65,71,75,85]",46,435,0,0,2
"[0,1,2,3,4,5,6,7,8,9,11,12,13,14,16,17,18,20,21,22,23,24,25,26,27,28,30,32,33,34,37,38,40,42,43,45,46,47,48,49,51,52,53,55,56,57,58,60,61,65,71,75,85]",47,435,0,0,2
"[0,1,2,3,4,5,6,7,8,9,11,12,13,14,16,17,18,20,21,22,23,24,25,26,27,28,30,32,33,34,37,38,40,42,43,45,46,47,48,49,51,52,53,55,56,57,58,60,61,65,71,75,85]",48,435,0,0,2
"[0,1,2,3,4,5,6,7,8,9,11,12,13,14,16,17,18,20,21,22,23,24,25,26,27,28,30,32,33,34,37,38,40,42,43,45,46,47,48,49,51,52,53,55,56,57,58,60,61,65,71,75,85]",49,435,1,0.00229885057471264,2
"[0,1,2,3,4,5,6,7,8,9,11,12,13,14,16,17,18,20,21,22,23,24,25,26,27,28,30,32,33,34,37,38,40,42,43,45,46,47,48,49,51,52,53,55,56,57,58,60,61,65,71,75,85]",51,435,0,0,2
"[0,1,2,3,4,5,6,7,8,9,11,12,13,14,16,17,18,20,21,22,23,24,25,26,27,28,30,32,33,34,37,38,40,42,43,45,46,47,48,49,51,52,53,55,56,57,58,60,61,65,71,75,85]",52,435,2,0.00459770114942529,2
"[0,1,2,3,4,5,6,7,8,9,11,12,13,14,16,17,18,20,21,22,23,24,25,26,27,28,30,32,33,34,37,38,40,42,43,45,46,47,48,49,51,52,53,55,56,57,58,60,61,65,71,75,85]",53,435,0,0,2
"[0,1,2,3,4,5,6,7,8,9,11,12,13,14,16,17,18,20,21,22,23,24,25,26,27,28,30,32,33,34,37,38,40,42,43,45,46,47,48,49,51,52,53,55,56,57,58,60,61,65,71,75,85]",55,435,0,0,2
"[0,1,2,3,4,5,6,7,8,9,11,12,13,14,16,17,18,20,21,22,23,24,25,26,27,28,30,32,33,34,37,38,40,42,43,45,46,47,48,49,51,52,53,55,56,57,58,60,61,65,71,75,85]",56,435,2,0.00459770114942529,2
"[0,1,2,3,4,5,6,7,8,9,11,12,13,14,16,17,18,20,21,22,23,24,25,26,27,28,30,32,33,34,37,38,40,42,43,45,46,47,48,49,51,52,53,55,56,57,58,60,61,65,71,75,85]",57,435,1,0.00229885057471264,2
"[0,1,2,3,4,5,6,7,8,9,11,12,13,14,16,17,18,20,21,22,23,24,25,26,27,28,30,32,33,34,37,38,40,42,43,45,46,47,48,49,51,52,53,55,56,57,58,60,61,65,71,75,85]",58,435,0,0,2
"[0,1,2,3,4,5,6,7,8,9,11,12,13,14,16,17,18,20,21,22,23,24,25,26,27,28,30,32,33,34,37,38,40,42,43,45,46,47,48,49,51,52,53,55,56,57,58,60,61,65,71,75,85]",60,435,3,0.00689655172413793,2
"[0,1,2,3,4,5,6,7,8,9,11,12,13,14,16,17,18,20,21,22,23,24,25,26,27,28,30,32,33,34,37,38,40,42,43,45,46,47,48,49,51,52,53,55,56,57,58,60,61,65,71,75,85]",61,435,2,0.00459770114942529,2
"[0,1,2,3,4,5,6,7,8,9,11,12,13,14,16,17,18,20,21,22,23,24,25,26,27,28,30,32,33,34,37,38,40,42,43,45,46,47,48,49,51,52,53,55,56,57,58,60,61,65,71,75,85]",65,435,0,0,2
"[0,1,2,3,4,5,6,7,8,9,11,12,13,14,16,17,18,20,21,22,23,24,25,26,27,28,30,32,33,34,37,38,40,42,43,45,46,47,48,49,51,52,53,55,56,57,58,60,61,65,71,75,85]",71,435,0,0,2
"[0,1,2,3,4,5,6,7,8,9,11,12,13,14,16,17,18,20,21,22,23,24,25,26,27,28,30,32,33,34,37,38,40,42,43,45,46,47,48,49,51,52,53,55,56,57,58,60,61,65,71,75,85]",75,435,0,0,2
"[0,1,2,3,4,5,6,7,8,9,11,12,13,14,16,17,18,20,21,22,23,24,25,26,27,28,30,32,33,34,37,38,40,42,43,45,46,47,48,49,51,52,53,55,56,57,58,60,61,65,71,75,85]",85,435,0,0,2
"[0,1,2,3,4,5,6,7,8,9,12,13,16,17,18,20,21,22,23,24,25,26,27,28,30,32,33,34,37,38,40,42,43,45,46,47,48,49,51,52,53,55,56,57,58,60,61,65,71,75,85]",0,418,257,0.614832535885168,2
"[0,1,2,3,4,5,6,7,8,9,12,13,16,17,18,20,21,22,23,24,25,26,27,28,30,32,33,34,37,38,40,42,43,45,46,47,48,49,51,52,53,55,56,57,58,60,61,65,71,75,85]",1,418,0,0,2
"[0,1,2,3,4,5,6,7,8,9,12,13,16,17,18,20,21,22,23,24,25,26,27,28,30,32,33,34,37,38,40,42,43,45,46,47,48,49,51,52,53,55,56,57,58,60,61,65,71,75,85]",2,418,0,0,2
"[0,1,2,3,4,5,6,7,8,9,12,13,16,17,18,20,21,22,23,24,25,26,27,28,30,32,33,34,37,38,40,42,43,45,46,47,48,49,51,52,53,55,56,57,58,60,61,65,71,75,85]",3,418,13,0.0311004784688995,2
"[0,1,2,3,4,5,6,7,8,9,12,13,16,17,18,20,21,22,23,24,25,26,27,28,30,32,33,34,37,38,40,42,43,45,46,47,48,49,51,52,53,55,56,57,58,60,61,65,71,75,85]",4,418,37,0.0885167464114833,2
"[0,1,2,3,4,5,6,7,8,9,12,13,16,17,18,20,21,22,23,24,25,26,27,28,30,32,33,34,37,38,40,42,43,45,46,47,48,49,51,52,53,55,56,57,58,60,61,65,71,75,85]",5,418,14,0.0334928229665072,2
"[0,1,2,3,4,5,6,7,8,9,12,13,16,17,18,20,21,22,23,24,25,26,27,28,30,32,33,34,37,38,40,42,43,45,46,47,48,49,51,52,53,55,56,57,58,60,61,65,71,75,85]",6,418,2,0.00478468899521531,2
"[0,1,2,3,4,5,6,7,8,9,12,13,16,17,18,20,21,22,23,24,25,26,27,28,30,32,33,34,37,38,40,42,43,45,46,47,48,49,51,52,53,55,56,57,58,60,61,65,71,75,85]",7,418,29,0.069377990430622,2
"[0,1,2,3,4,5,6,7,8,9,12,13,16,17,18,20,21,22,23,24,25,26,27,28,30,32,33,34,37,38,40,42,43,45,46,47,48,49,51,52,53,55,56,57,58,60,61,65,71,75,85]",8,418,0,0,2
"[0,1,2,3,4,5,6,7,8,9,12,13,16,17,18,20,21,22,23,24,25,26,27,28,30,32,33,34,37,38,40,42,43,45,46,47,48,49,51,52,53,55,56,57,58,60,61,65,71,75,85]",9,418,1,0.00239234449760766,2
"[0,1,2,3,4,5,6,7,8,9,12,13,16,17,18,20,21,22,23,24,25,26,27,28,30,32,33,34,37,38,40,42,43,45,46,47,48,49,51,52,53,55,56,57,58,60,61,65,71,75,85]",12,418,7,0.0167464114832536,2
"[0,1,2,3,4,5,6,7,8,9,12,13,16,17,18,20,21,22,23,24,25,26,27,28,30,32,33,34,37,38,40,42,43,45,46,47,48,49,51,52,53,55,56,57,58,60,61,65,71,75,85]",13,418,0,0,2
"[0,1,2,3,4,5,6,7,8,9,12,13,16,17,18,20,21,22,23,24,25,26,27,28,30,32,33,34,37,38,40,42,43,45,46,47,48,49,51,52,53,55,56,57,58,60,61,65,71,75,85]",16,418,2,0.00478468899521531,2
"[0,1,2,3,4,5,6,7,8,9,12,13,16,17,18,20,21,22,23,24,25,26,27,28,30,32,33,34,37,38,40,42,43,45,46,47,48,49,51,52,53,55,56,57,58,60,61,65,71,75,85]",17,418,5,0.0119617224880383,2
"[0,1,2,3,4,5,6,7,8,9,12,13,16,17,18,20,21,22,23,24,25,26,27,28,30,32,33,34,37,38,40,42,43,45,46,47,48,49,51,52,53,55,56,57,58,60,61,65,71,75,85]",18,418,3,0.00717703349282297,2
"[0,1,2,3,4,5,6,7,8,9,12,13,16,17,18,20,21,22,23,24,25,26,27,28,30,32,33,34,37,38,40,42,43,45,46,47,48,49,51,52,53,55,56,57,58,60,61,65,71,75,85]",20,418,0,0,2
"[0,1,2,3,4,5,6,7,8,9,12,13,16,17,18,20,21,22,23,24,25,26,27,28,30,32,33,34,37,38,40,42,43,45,46,47,48,49,51,52,53,55,56,57,58,60,61,65,71,75,85]",21,418,4,0.00956937799043062,2
"[0,1,2,3,4,5,6,7,8,9,12,13,16,17,18,20,21,22,23,24,25,26,27,28,30,32,33,34,37,38,40,42,43,45,46,47,48,49,51,52,53,55,56,57,58,60,61,65,71,75,85]",22,418,0,0,2
"[0,1,2,3,4,5,6,7,8,9,12,13,16,17,18,20,21,22,23,24,25,26,27,28,30,32,33,34,37,38,40,42,43,45,46,47,48,49,51,52,53,55,56,57,58,60,61,65,71,75,85]",23,418,3,0.00717703349282297,2
"[0,1,2,3,4,5,6,7,8,9,12,13,16,17,18,20,21,22,23,24,25,26,27,28,30,32,33,34,37,38,40,42,43,45,46,47,48,49,51,52,53,55,56,57,58,60,61,65,71,75,85]",24,418,4,0.00956937799043062,2
"[0,1,2,3,4,5,6,7,8,9,12,13,16,17,18,20,21,22,23,24,25,26,27,28,30,32,33,34,37,38,40,42,43,45,46,47,48,49,51,52,53,55,56,57,58,60,61,65,71,75,85]",25,418,0,0,2
"[0,1,2,3,4,5,6,7,8,9,12,13,16,17,18,20,21,22,23,24,25,26,27,28,30,32,33,34,37,38,40,42,43,45,46,47,48,49,51,52,53,55,56,57,58,60,61,65,71,75,85]",26,418,0,0,2
"[0,1,2,3,4,5,6,7,8,9,12,13,16,17,18,20,21,22,23,24,25,26,27,28,30,32,33,34,37,38,40,42,43,45,46,47,48,49,51,52,53,55,56,57,58,60,61,65,71,75,85]",27,418,8,0.0191387559808612,2
"[0,1,2,3,4,5,6,7,8,9,12,13,16,17,18,20,21,22,23,24,25,26,27,28,30,32,33,34,37,38,40,42,43,45,46,47,48,49,51,52,53,55,56,57,58,60,61,65,71,75,85]",28,418,0,0,2
"[0,1,2,3,4,5,6,7,8,9,12,13,16,17,18,20,21,22,23,24,25,26,27,28,30,32,33,34,37,38,40,42,43,45,46,47,48,49,51,52,53,55,56,57,58,60,61,65,71,75,85]",30,418,0,0,2
"[0,1,2,3,4,5,6,7,8,9,12,13,16,17,18,20,21,22,23,24,25,26,27,28,30,32,33,34,37,38,40,42,43,45,46,47,48,49,51,52,53,55,56,57,58,60,61,65,71,75,85]",32,418,1,0.00239234449760766,2
"[0,1,2,3,4,5,6,7,8,9,12,13,16,17,18,20,21,22,23,24,25,26,27,28,30,32,33,34,37,38,40,42,43,45,46,47,48,49,51,52,53,55,56,57,58,60,61,65,71,75,85]",33,418,0,0,2
"[0,1,2,3,4,5,6,7,8,9,12,13,16,17,18,20,21,22,23,24,25,26,27,28,30,32,33,34,37,38,40,42,43,45,46,47,48,49,51,52,53,55,56,57,58,60,61,65,71,75,85]",34,418,1,0.00239234449760766,2
"[0,1,2,3,4,5,6,7,8,9,12,13,16,17,18,20,21,22,23,24,25,26,27,28,30,32,33,34,37,38,40,42,43,45,46,47,48,49,51,52,53,55,56,57,58,60,61,65,71,75,85]",37,418,2,0.00478468899521531,2
"[0,1,2,3,4,5,6,7,8,9,12,13,16,17,18,20,21,22,23,24,25,26,27,28,30,32,33,34,37,38,40,42,43,45,46,47,48,49,51,52,53,55,56,57,58,60,61,65,71,75,85]",38,418,12,0.0287081339712919,2
"[0,1,2,3,4,5,6,7,8,9,12,13,16,17,18,20,21,22,23,24,25,26,27,28,30,32,33,34,37,38,40,42,43,45,46,47,48,49,51,52,53,55,56,57,58,60,61,65,71,75,85]",40,418,0,0,2
"[0,1,2,3,4,5,6,7,8,9,12,13,16,17,18,20,21,22,23,24,25,26,27,28,30,32,33,34,37,38,40,42,43,45,46,47,48,49,51,52,53,55,56,57,58,60,61,65,71,75,85]",42,418,1,0.00239234449760766,2
"[0,1,2,3,4,5,6,7,8,9,12,13,16,17,18,20,21,22,23,24,25,26,27,28,30,32,33,34,37,38,40,42,43,45,46,47,48,49,51,52,53,55,56,57,58,60,61,65,71,75,85]",43,418,1,0.00239234449760766,2
"[0,1,2,3,4,5,6,7,8,9,12,13,16,17,18,20,21,22,23,24,25,26,27,28,30,32,33,34,37,38,40,42,43,45,46,47,48,49,51,52,53,55,56,57,58,60,61,65,71,75,85]",45,418,0,0,2
"[0,1,2,3,4,5,6,7,8,9,12,13,16,17,18,20,21,22,23,24,25,26,27,28,30,32,33,34,37,38,40,42,43,45,46,47,48,49,51,52,53,55,56,57,58,60,61,65,71,75,85]",46,418,0,0,2
"[0,1,2,3,4,5,6,7,8,9,12,13,16,17,18,20,21,22,23,24,25,26,27,28,30,32,33,34,37,38,40,42,43,45,46,47,48,49,51,52,53,55,56,57,58,60,61,65,71,75,85]",47,418,1,0.00239234449760766,2
"[0,1,2,3,4,5,6,7,8,9,12,13,16,17,18,20,21,22,23,24,25,26,27,28,30,32,33,34,37,38,40,42,43,45,46,47,48,49,51,52,53,55,56,57,58,60,61,65,71,75,85]",48,418,0,0,2
"[0,1,2,3,4,5,6,7,8,9,12,13,16,17,18,20,21,22,23,24,25,26,27,28,30,32,33,34,37,38,40,42,43,45,46,47,48,49,51,52,53,55,56,57,58,60,61,65,71,75,85]",49,418,1,0.00239234449760766,2
"[0,1,2,3,4,5,6,7,8,9,12,13,16,17,18,20,21,22,23,24,25,26,27,28,30,32,33,34,37,38,40,42,43,45,46,47,48,49,51,52,53,55,56,57,58,60,61,65,71,75,85]",51,418,2,0.00478468899521531,2
"[0,1,2,3,4,5,6,7,8,9,12,13,16,17,18,20,21,22,23,24,25,26,27,28,30,32,33,34,37,38,40,42,43,45,46,47,48,49,51,52,53,55,56,57,58,60,61,65,71,75,85]",52,418,0,0,2
"[0,1,2,3,4,5,6,7,8,9,12,13,16,17,18,20,21,22,23,24,25,26,27,28,30,32,33,34,37,38,40,42,43,45,46,47,48,49,51,52,53,55,56,57,58,60,61,65,71,75,85]",53,418,0,0,2
"[0,1,2,3,4,5,6,7,8,9,12,13,16,17,18,20,21,22,23,24,25,26,27,28,30,32,33,34,37,38,40,42,43,45,46,47,48,49,51,52,53,55,56,57,58,60,61,65,71,75,85]",55,418,1,0.00239234449760766,2
"[0,1,2,3,4,5,6,7,8,9,12,13,16,17,18,20,21,22,23,24,25,26,27,28,30,32,33,34,37,38,40,42,43,45,46,47,48,49,51,52,53,55,56,57,58,60,61,65,71,75,85]",56,418,1,0.00239234449760766,2
"[0,1,2,3,4,5,6,7,8,9,12,13,16,17,18,20,21,22,23,24,25,26,27,28,30,32,33,34,37,38,40,42,43,45,46,47,48,49,51,52,53,55,56,57,58,60,61,65,71,75,85]",57,418,0,0,2
"[0,1,2,3,4,5,6,7,8,9,12,13,16,17,18,20,21,22,23,24,25,26,27,28,30,32,33,34,37,38,40,42,43,45,46,47,48,49,51,52,53,55,56,57,58,60,61,65,71,75,85]",58,418,1,0.00239234449760766,2
"[0,1,2,3,4,5,6,7,8,9,12,13,16,17,18,20,21,22,23,24,25,26,27,28,30,32,33,34,37,38,40,42,43,45,46,47,48,49,51,52,53,55,56,57,58,60,61,65,71,75,85]",60,418,1,0.00239234449760766,2
"[0,1,2,3,4,5,6,7,8,9,12,13,16,17,18,20,21,22,23,24,25,26,27,28,30,32,33,34,37,38,40,42,43,45,46,47,48,49,51,52,53,55,56,57,58,60,61,65,71,75,85]",61,418,2,0.00478468899521531,2
"[0,1,2,3,4,5,6,7,8,9,12,13,16,17,18,20,21,22,23,24,25,26,27,28,30,32,33,34,37,38,40,42,43,45,46,47,48,49,51,52,53,55,56,57,58,60,61,65,71,75,85]",65,418,1,0.00239234449760766,2
"[0,1,2,3,4,5,6,7,8,9,12,13,16,17,18,20,21,22,23,24,25,26,27,28,30,32,33,34,37,38,40,42,43,45,46,47,48,49,51,52,53,55,56,57,58,60,61,65,71,75,85]",71,418,0,0,2
"[0,1,2,3,4,5,6,7,8,9,12,13,16,17,18,20,21,22,23,24,25,26,27,28,30,32,33,34,37,38,40,42,43,45,46,47,48,49,51,52,53,55,56,57,58,60,61,65,71,75,85]",75,418,0,0,2
"[0,1,2,3,4,5,6,7,8,9,12,13,16,17,18,20,21,22,23,24,25,26,27,28,30,32,33,34,37,38,40,42,43,45,46,47,48,49,51,52,53,55,56,57,58,60,61,65,71,75,85]",85,418,0,0,2
"[0,1,2,3,4,5,6,7,8,9,12,13,16,17,18,20,21,22,23,24,25,26,27,28,30,32,33,34,37,38,40,42,43,45,46,47,48,49,51,52,53,55,56,57,58,61,65,71,75,85]",0,381,186,0.488188976377953,2
"[0,1,2,3,4,5,6,7,8,9,12,13,16,17,18,20,21,22,23,24,25,26,27,28,30,32,33,34,37,38,40,42,43,45,46,47,48,49,51,52,53,55,56,57,58,61,65,71,75,85]",1,381,0,0,2
"[0,1,2,3,4,5,6,7,8,9,12,13,16,17,18,20,21,22,23,24,25,26,27,28,30,32,33,34,37,38,40,42,43,45,46,47,48,49,51,52,53,55,56,57,58,61,65,71,75,85]",2,381,0,0,2
"[0,1,2,3,4,5,6,7,8,9,12,13,16,17,18,20,21,22,23,24,25,26,27,28,30,32,33,34,37,38,40,42,43,45,46,47,48,49,51,52,53,55,56,57,58,61,65,71,75,85]",3,381,28,0.073490813648294,2
"[0,1,2,3,4,5,6,7,8,9,12,13,16,17,18,20,21,22,23,24,25,26,27,28,30,32,33,34,37,38,40,42,43,45,46,47,48,49,51,52,53,55,56,57,58,61,65,71,75,85]",4,381,48,0.125984251968504,2
"[0,1,2,3,4,5,6,7,8,9,12,13,16,17,18,20,21,22,23,24,25,26,27,28,30,32,33,34,37,38,40,42,43,45,46,47,48,49,51,52,53,55,56,57,58,61,65,71,75,85]",5,381,12,0.031496062992126,2
"[0,1,2,3,4,5,6,7,8,9,12,13,16,17,18,20,21,22,23,24,25,26,27,28,30,32,33,34,37,38,40,42,43,45,46,47,48,49,51,52,53,55,56,57,58,61,65,71,75,85]",6,381,4,0.010498687664042,2
"[0,1,2,3,4,5,6,7,8,9,12,13,16,17,18,20,21,22,23,24,25,26,27,28,30,32,33,34,37,38,40,42,43,45,46,47,48,49,51,52,53,55,56,57,58,61,65,71,75,85]",7,381,33,0.0866141732283465,2
"[0,1,2,3,4,5,6,7,8,9,12,13,16,17,18,20,21,22,23,24,25,26,27,28,30,32,33,34,37,38,40,42,43,45,46,47,48,49,51,52,53,55,56,57,58,61,65,71,75,85]",8,381,2,0.005249343832021,2
"[0,1,2,3,4,5,6,7,8,9,12,13,16,17,18,20,21,22,23,24,25,26,27,28,30,32,33,34,37,38,40,42,43,45,46,47,48,49,51,52,53,55,56,57,58,61,65,71,75,85]",9,381,1,0.0026246719160105,2
"[0,1,2,3,4,5,6,7,8,9,12,13,16,17,18,20,21,22,23,24,25,26,27,28,30,32,33,34,37,38,40,42,43,45,46,47,48,49,51,52,53,55,56,57,58,61,65,71,75,85]",12,381,8,0.020997375328084,2
"[0,1,2,3,4,5,6,7,8,9,12,13,16,17,18,20,21,22,23,24,25,26,27,28,30,32,33,34,37,38,40,42,43,45,46,47,48,49,51,52,53,55,56,57,58,61,65,71,75,85]",13,381,0,0,2
"[0,1,2,3,4,5,6,7,8,9,12,13,16,17,18,20,21,22,23,24,25,26,27,28,30,32,33,34,37,38,40,42,43,45,46,47,48,49,51,52,53,55,56,57,58,61,65,71,75,85]",16,381,0,0,2
"[0,1,2,3,4,5,6,7,8,9,12,13,16,17,18,20,21,22,23,24,25,26,27,28,30,32,33,34,37,38,40,42,43,45,46,47,48,49,51,52,53,55,56,57,58,61,65,71,75,85]",17,381,8,0.020997375328084,2
"[0,1,2,3,4,5,6,7,8,9,12,13,16,17,18,20,21,22,23,24,25,26,27,28,30,32,33,34,37,38,40,42,43,45,46,47,48,49,51,52,53,55,56,57,58,61,65,71,75,85]",18,381,4,0.010498687664042,2
"[0,1,2,3,4,5,6,7,8,9,12,13,16,17,18,20,21,22,23,24,25,26,27,28,30,32,33,34,37,38,40,42,43,45,46,47,48,49,51,52,53,55,56,57,58,61,65,71,75,85]",20,381,0,0,2
"[0,1,2,3,4,5,6,7,8,9,12,13,16,17,18,20,21,22,23,24,25,26,27,28,30,32,33,34,37,38,40,42,43,45,46,47,48,49,51,52,53,55,56,57,58,61,65,71,75,85]",21,381,2,0.005249343832021,2
"[0,1,2,3,4,5,6,7,8,9,12,13,16,17,18,20,21,22,23,24,25,26,27,28,30,32,33,34,37,38,40,42,43,45,46,47,48,49,51,52,53,55,56,57,58,61,65,71,75,85]",22,381,0,0,2
"[0,1,2,3,4,5,6,7,8,9,12,13,16,17,18,20,21,22,23,24,25,26,27,28,30,32,33,34,37,38,40,42,43,45,46,47,48,49,51,52,53,55,56,57,58,61,65,71,75,85]",23,381,4,0.010498687664042,2
"[0,1,2,3,4,5,6,7,8,9,12,13,16,17,18,20,21,22,23,24,25,26,27,28,30,32,33,34,37,38,40,42,43,45,46,47,48,49,51,52,53,55,56,57,58,61,65,71,75,85]",24,381,4,0.010498687664042,2
"[0,1,2,3,4,5,6,7,8,9,12,13,16,17,18,20,21,22,23,24,25,26,27,28,30,32,33,34,37,38,40,42,43,45,46,47,48,49,51,52,53,55,56,57,58,61,65,71,75,85]",25,381,0,0,2
"[0,1,2,3,4,5,6,7,8,9,12,13,16,17,18,20,21,22,23,24,25,26,27,28,30,32,33,34,37,38,40,42,43,45,46,47,48,49,51,52,53,55,56,57,58,61,65,71,75,85]",26,381,0,0,2
"[0,1,2,3,4,5,6,7,8,9,12,13,16,17,18,20,21,22,23,24,25,26,27,28,30,32,33,34,37,38,40,42,43,45,46,47,48,49,51,52,53,55,56,57,58,61,65,71,75,85]",27,381,3,0.0078740157480315,2
"[0,1,2,3,4,5,6,7,8,9,12,13,16,17,18,20,21,22,23,24,25,26,27,28,30,32,33,34,37,38,40,42,43,45,46,47,48,49,51,52,53,55,56,57,58,61,65,71,75,85]",28,381,0,0,2
"[0,1,2,3,4,5,6,7,8,9,12,13,16,17,18,20,21,22,23,24,25,26,27,28,30,32,33,34,37,38,40,42,43,45,46,47,48,49,51,52,53,55,56,57,58,61,65,71,75,85]",30,381,0,0,2
"[0,1,2,3,4,5,6,7,8,9,12,13,16,17,18,20,21,22,23,24,25,26,27,28,30,32,33,34,37,38,40,42,43,45,46,47,48,49,51,52,53,55,56,57,58,61,65,71,75,85]",32,381,2,0.005249343832021,2
"[0,1,2,3,4,5,6,7,8,9,12,13,16,17,18,20,21,22,23,24,25,26,27,28,30,32,33,34,37,38,40,42,43,45,46,47,48,49,51,52,53,55,56,57,58,61,65,71,75,85]",33,381,0,0,2
"[0,1,2,3,4,5,6,7,8,9,12,13,16,17,18,20,21,22,23,24,25,26,27,28,30,32,33,34,37,38,40,42,43,45,46,47,48,49,51,52,53,55,56,57,58,61,65,71,75,85]",34,381,0,0,2
"[0,1,2,3,4,5,6,7,8,9,12,13,16,17,18,20,21,22,23,24,25,26,27,28,30,32,33,34,37,38,40,42,43,45,46,47,48,49,51,52,53,55,56,57,58,61,65,71,75,85]",37,381,2,0.005249343832021,2
"[0,1,2,3,4,5,6,7,8,9,12,13,16,17,18,20,21,22,23,24,25,26,27,28,30,32,33,34,37,38,40,42,43,45,46,47,48,49,51,52,53,55,56,57,58,61,65,71,75,85]",38,381,11,0.0288713910761155,2
"[0,1,2,3,4,5,6,7,8,9,12,13,16,17,18,20,21,22,23,24,25,26,27,28,30,32,33,34,37,38,40,42,43,45,46,47,48,49,51,52,53,55,56,57,58,61,65,71,75,85]",40,381,0,0,2
"[0,1,2,3,4,5,6,7,8,9,12,13,16,17,18,20,21,22,23,24,25,26,27,28,30,32,33,34,37,38,40,42,43,45,46,47,48,49,51,52,53,55,56,57,58,61,65,71,75,85]",42,381,1,0.0026246719160105,2
"[0,1,2,3,4,5,6,7,8,9,12,13,16,17,18,20,21,22,23,24,25,26,27,28,30,32,33,34,37,38,40,42,43,45,46,47,48,49,51,52,53,55,56,57,58,61,65,71,75,85]",43,381,2,0.005249343832021,2
"[0,1,2,3,4,5,6,7,8,9,12,13,16,17,18,20,21,22,23,24,25,26,27,28,30,32,33,34,37,38,40,42,43,45,46,47,48,49,51,52,53,55,56,57,58,61,65,71,75,85]",45,381,0,0,2
"[0,1,2,3,4,5,6,7,8,9,12,13,16,17,18,20,21,22,23,24,25,26,27,28,30,32,33,34,37,38,40,42,43,45,46,47,48,49,51,52,53,55,56,57,58,61,65,71,75,85]",46,381,0,0,2
"[0,1,2,3,4,5,6,7,8,9,12,13,16,17,18,20,21,22,23,24,25,26,27,28,30,32,33,34,37,38,40,42,43,45,46,47,48,49,51,52,53,55,56,57,58,61,65,71,75,85]",47,381,0,0,2
"[0,1,2,3,4,5,6,7,8,9,12,13,16,17,18,20,21,22,23,24,25,26,27,28,30,32,33,34,37,38,40,42,43,45,46,47,48,49,51,52,53,55,56,57,58,61,65,71,75,85]",48,381,1,0.0026246719160105,2
"[0,1,2,3,4,5,6,7,8,9,12,13,16,17,18,20,21,22,23,24,25,26,27,28,30,32,33,34,37,38,40,42,43,45,46,47,48,49,51,52,53,55,56,57,58,61,65,71,75,85]",49,381,2,0.005249343832021,2
"[0,1,2,3,4,5,6,7,8,9,12,13,16,17,18,20,21,22,23,24,25,26,27,28,30,32,33,34,37,38,40,42,43,45,46,47,48,49,51,52,53,55,56,57,58,61,65,71,75,85]",51,381,1,0.0026246719160105,2
"[0,1,2,3,4,5,6,7,8,9,12,13,16,17,18,20,21,22,23,24,25,26,27,28,30,32,33,34,37,38,40,42,43,45,46,47,48,49,51,52,53,55,56,57,58,61,65,71,75,85]",52,381,0,0,2
"[0,1,2,3,4,5,6,7,8,9,12,13,16,17,18,20,21,22,23,24,25,26,27,28,30,32,33,34,37,38,40,42,43,45,46,47,48,49,51,52,53,55,56,57,58,61,65,71,75,85]",53,381,2,0.005249343832021,2
"[0,1,2,3,4,5,6,7,8,9,12,13,16,17,18,20,21,22,23,24,25,26,27,28,30,32,33,34,37,38,40,42,43,45,46,47,48,49,51,52,53,55,56,57,58,61,65,71,75,85]",55,381,4,0.010498687664042,2
"[0,1,2,3,4,5,6,7,8,9,12,13,16,17,18,20,21,22,23,24,25,26,27,28,30,32,33,34,37,38,40,42,43,45,46,47,48,49,51,52,53,55,56,57,58,61,65,71,75,85]",56,381,2,0.005249343832021,2
"[0,1,2,3,4,5,6,7,8,9,12,13,16,17,18,20,21,22,23,24,25,26,27,28,30,32,33,34,37,38,40,42,43,45,46,47,48,49,51,52,53,55,56,57,58,61,65,71,75,85]",57,381,1,0.0026246719160105,2
"[0,1,2,3,4,5,6,7,8,9,12,13,16,17,18,20,21,22,23,24,25,26,27,28,30,32,33,34,37,38,40,42,43,45,46,47,48,49,51,52,53,55,56,57,58,61,65,71,75,85]",58,381,1,0.0026246719160105,2
"[0,1,2,3,4,5,6,7,8,9,12,13,16,17,18,20,21,22,23,24,25,26,27,28,30,32,33,34,37,38,40,42,43,45,46,47,48,49,51,52,53,55,56,57,58,61,65,71,75,85]",61,381,0,0,2
"[0,1,2,3,4,5,6,7,8,9,12,13,16,17,18,20,21,22,23,24,25,26,27,28,30,32,33,34,37,38,40,42,43,45,46,47,48,49,51,52,53,55,56,57,58,61,65,71,75,85]",65,381,2,0.005249343832021,2
"[0,1,2,3,4,5,6,7,8,9,12,13,16,17,18,20,21,22,23,24,25,26,27,28,30,32,33,34,37,38,40,42,43,45,46,47,48,49,51,52,53,55,56,57,58,61,65,71,75,85]",71,381,0,0,2
"[0,1,2,3,4,5,6,7,8,9,12,13,16,17,18,20,21,22,23,24,25,26,27,28,30,32,33,34,37,38,40,42,43,45,46,47,48,49,51,52,53,55,56,57,58,61,65,71,75,85]",75,381,0,0,2
"[0,1,2,3,4,5,6,7,8,9,12,13,16,17,18,20,21,22,23,24,25,26,27,28,30,32,33,34,37,38,40,42,43,45,46,47,48,49,51,52,53,55,56,57,58,61,65,71,75,85]",85,381,0,0,2
"[0,1,2,3,4,5,6,7,8,9,12,13,16,17,18,20,21,22,23,24,25,26,28,30,32,33,34,37,38,40,42,43,45,46,47,48,49,51,52,53,55,57,61,71,75,85]",0,376,207,0.550531914893617,2
"[0,1,2,3,4,5,6,7,8,9,12,13,16,17,18,20,21,22,23,24,25,26,28,30,32,33,34,37,38,40,42,43,45,46,47,48,49,51,52,53,55,57,61,71,75,85]",1,376,0,0,2
"[0,1,2,3,4,5,6,7,8,9,12,13,16,17,18,20,21,22,23,24,25,26,28,30,32,33,34,37,38,40,42,43,45,46,47,48,49,51,52,53,55,57,61,71,75,85]",2,376,1,0.00265957446808511,2
"[0,1,2,3,4,5,6,7,8,9,12,13,16,17,18,20,21,22,23,24,25,26,28,30,32,33,34,37,38,40,42,43,45,46,47,48,49,51,52,53,55,57,61,71,75,85]",3,376,22,0.0585106382978723,2
"[0,1,2,3,4,5,6,7,8,9,12,13,16,17,18,20,21,22,23,24,25,26,28,30,32,33,34,37,38,40,42,43,45,46,47,48,49,51,52,53,55,57,61,71,75,85]",4,376,41,0.109042553191489,2
"[0,1,2,3,4,5,6,7,8,9,12,13,16,17,18,20,21,22,23,24,25,26,28,30,32,33,34,37,38,40,42,43,45,46,47,48,49,51,52,53,55,57,61,71,75,85]",5,376,14,0.0372340425531915,2
"[0,1,2,3,4,5,6,7,8,9,12,13,16,17,18,20,21,22,23,24,25,26,28,30,32,33,34,37,38,40,42,43,45,46,47,48,49,51,52,53,55,57,61,71,75,85]",6,376,4,0.0106382978723404,2
"[0,1,2,3,4,5,6,7,8,9,12,13,16,17,18,20,21,22,23,24,25,26,28,30,32,33,34,37,38,40,42,43,45,46,47,48,49,51,52,53,55,57,61,71,75,85]",7,376,36,0.0957446808510638,2
"[0,1,2,3,4,5,6,7,8,9,12,13,16,17,18,20,21,22,23,24,25,26,28,30,32,33,34,37,38,40,42,43,45,46,47,48,49,51,52,53,55,57,61,71,75,85]",8,376,0,0,2
"[0,1,2,3,4,5,6,7,8,9,12,13,16,17,18,20,21,22,23,24,25,26,28,30,32,33,34,37,38,40,42,43,45,46,47,48,49,51,52,53,55,57,61,71,75,85]",9,376,3,0.00797872340425532,2
"[0,1,2,3,4,5,6,7,8,9,12,13,16,17,18,20,21,22,23,24,25,26,28,30,32,33,34,37,38,40,42,43,45,46,47,48,49,51,52,53,55,57,61,71,75,85]",12,376,9,0.023936170212766,2
"[0,1,2,3,4,5,6,7,8,9,12,13,16,17,18,20,21,22,23,24,25,26,28,30,32,33,34,37,38,40,42,43,45,46,47,48,49,51,52,53,55,57,61,71,75,85]",13,376,0,0,2
"[0,1,2,3,4,5,6,7,8,9,12,13,16,17,18,20,21,22,23,24,25,26,28,30,32,33,34,37,38,40,42,43,45,46,47,48,49,51,52,53,55,57,61,71,75,85]",16,376,1,0.00265957446808511,2
"[0,1,2,3,4,5,6,7,8,9,12,13,16,17,18,20,21,22,23,24,25,26,28,30,32,33,34,37,38,40,42,43,45,46,47,48,49,51,52,53,55,57,61,71,75,85]",17,376,4,0.0106382978723404,2
"[0,1,2,3,4,5,6,7,8,9,12,13,16,17,18,20,21,22,23,24,25,26,28,30,32,33,34,37,38,40,42,43,45,46,47,48,49,51,52,53,55,57,61,71,75,85]",18,376,4,0.0106382978723404,2
"[0,1,2,3,4,5,6,7,8,9,12,13,16,17,18,20,21,22,23,24,25,26,28,30,32,33,34,37,38,40,42,43,45,46,47,48,49,51,52,53,55,57,61,71,75,85]",20,376,0,0,2
"[0,1,2,3,4,5,6,7,8,9,12,13,16,17,18,20,21,22,23,24,25,26,28,30,32,33,34,37,38,40,42,43,45,46,47,48,49,51,52,53,55,57,61,71,75,85]",21,376,6,0.0159574468085106,2
"[0,1,2,3,4,5,6,7,8,9,12,13,16,17,18,20,21,22,23,24,25,26,28,30,32,33,34,37,38,40,42,43,45,46,47,48,49,51,52,53,55,57,61,71,75,85]",22,376,0,0,2
"[0,1,2,3,4,5,6,7,8,9,12,13,16,17,18,20,21,22,23,24,25,26,28,30,32,33,34,37,38,40,42,43,45,46,47,48,49,51,52,53,55,57,61,71,75,85]",23,376,6,0.0159574468085106,2
"[0,1,2,3,4,5,6,7,8,9,12,13,16,17,18,20,21,22,23,24,25,26,28,30,32,33,34,37,38,40,42,43,45,46,47,48,49,51,52,53,55,57,61,71,75,85]",24,376,4,0.0106382978723404,2
"[0,1,2,3,4,5,6,7,8,9,12,13,16,17,18,20,21,22,23,24,25,26,28,30,32,33,34,37,38,40,42,43,45,46,47,48,49,51,52,53,55,57,61,71,75,85]",25,376,0,0,2
"[0,1,2,3,4,5,6,7,8,9,12,13,16,17,18,20,21,22,23,24,25,26,28,30,32,33,34,37,38,40,42,43,45,46,47,48,49,51,52,53,55,57,61,71,75,85]",26,376,0,0,2
"[0,1,2,3,4,5,6,7,8,9,12,13,16,17,18,20,21,22,23,24,25,26,28,30,32,33,34,37,38,40,42,43,45,46,47,48,49,51,52,53,55,57,61,71,75,85]",28,376,0,0,2
"[0,1,2,3,4,5,6,7,8,9,12,13,16,17,18,20,21,22,23,24,25,26,28,30,32,33,34,37,38,40,42,43,45,46,47,48,49,51,52,53,55,57,61,71,75,85]",30,376,0,0,2
"[0,1,2,3,4,5,6,7,8,9,12,13,16,17,18,20,21,22,23,24,25,26,28,30,32,33,34,37,38,40,42,43,45,46,47,48,49,51,52,53,55,57,61,71,75,85]",32,376,1,0.00265957446808511,2
"[0,1,2,3,4,5,6,7,8,9,12,13,16,17,18,20,21,22,23,24,25,26,28,30,32,33,34,37,38,40,42,43,45,46,47,48,49,51,52,53,55,57,61,71,75,85]",33,376,0,0,2
"[0,1,2,3,4,5,6,7,8,9,12,13,16,17,18,20,21,22,23,24,25,26,28,30,32,33,34,37,38,40,42,43,45,46,47,48,49,51,52,53,55,57,61,71,75,85]",34,376,0,0,2
"[0,1,2,3,4,5,6,7,8,9,12,13,16,17,18,20,21,22,23,24,25,26,28,30,32,33,34,37,38,40,42,43,45,46,47,48,49,51,52,53,55,57,61,71,75,85]",37,376,2,0.00531914893617021,2
"[0,1,2,3,4,5,6,7,8,9,12,13,16,17,18,20,21,22,23,24,25,26,28,30,32,33,34,37,38,40,42,43,45,46,47,48,49,51,52,53,55,57,61,71,75,85]",38,376,3,0.00797872340425532,2
"[0,1,2,3,4,5,6,7,8,9,12,13,16,17,18,20,21,22,23,24,25,26,28,30,32,33,34,37,38,40,42,43,45,46,47,48,49,51,52,53,55,57,61,71,75,85]",40,376,0,0,2
"[0,1,2,3,4,5,6,7,8,9,12,13,16,17,18,20,21,22,23,24,25,26,28,30,32,33,34,37,38,40,42,43,45,46,47,48,49,51,52,53,55,57,61,71,75,85]",42,376,0,0,2
"[0,1,2,3,4,5,6,7,8,9,12,13,16,17,18,20,21,22,23,24,25,26,28,30,32,33,34,37,38,40,42,43,45,46,47,48,49,51,52,53,55,57,61,71,75,85]",43,376,0,0,2
"[0,1,2,3,4,5,6,7,8,9,12,13,16,17,18,20,21,22,23,24,25,26,28,30,32,33,34,37,38,40,42,43,45,46,47,48,49,51,52,53,55,57,61,71,75,85]",45,376,0,0,2
"[0,1,2,3,4,5,6,7,8,9,12,13,16,17,18,20,21,22,23,24,25,26,28,30,32,33,34,37,38,40,42,43,45,46,47,48,49,51,52,53,55,57,61,71,75,85]",46,376,0,0,2
"[0,1,2,3,4,5,6,7,8,9,12,13,16,17,18,20,21,22,23,24,25,26,28,30,32,33,34,37,38,40,42,43,45,46,47,48,49,51,52,53,55,57,61,71,75,85]",47,376,1,0.00265957446808511,2
"[0,1,2,3,4,5,6,7,8,9,12,13,16,17,18,20,21,22,23,24,25,26,28,30,32,33,34,37,38,40,42,43,45,46,47,48,49,51,52,53,55,57,61,71,75,85]",48,376,1,0.00265957446808511,2
"[0,1,2,3,4,5,6,7,8,9,12,13,16,17,18,20,21,22,23,24,25,26,28,30,32,33,34,37,38,40,42,43,45,46,47,48,49,51,52,53,55,57,61,71,75,85]",49,376,3,0.00797872340425532,2
"[0,1,2,3,4,5,6,7,8,9,12,13,16,17,18,20,21,22,23,24,25,26,28,30,32,33,34,37,38,40,42,43,45,46,47,48,49,51,52,53,55,57,61,71,75,85]",51,376,0,0,2
"[0,1,2,3,4,5,6,7,8,9,12,13,16,17,18,20,21,22,23,24,25,26,28,30,32,33,34,37,38,40,42,43,45,46,47,48,49,51,52,53,55,57,61,71,75,85]",52,376,0,0,2
"[0,1,2,3,4,5,6,7,8,9,12,13,16,17,18,20,21,22,23,24,25,26,28,30,32,33,34,37,38,40,42,43,45,46,47,48,49,51,52,53,55,57,61,71,75,85]",53,376,1,0.00265957446808511,2
"[0,1,2,3,4,5,6,7,8,9,12,13,16,17,18,20,21,22,23,24,25,26,28,30,32,33,34,37,38,40,42,43,45,46,47,48,49,51,52,53,55,57,61,71,75,85]",55,376,1,0.00265957446808511,2
"[0,1,2,3,4,5,6,7,8,9,12,13,16,17,18,20,21,22,23,24,25,26,28,30,32,33,34,37,38,40,42,43,45,46,47,48,49,51,52,53,55,57,61,71,75,85]",57,376,1,0.00265957446808511,2
"[0,1,2,3,4,5,6,7,8,9,12,13,16,17,18,20,21,22,23,24,25,26,28,30,32,33,34,37,38,40,42,43,45,46,47,48,49,51,52,53,55,57,61,71,75,85]",61,376,0,0,2
"[0,1,2,3,4,5,6,7,8,9,12,13,16,17,18,20,21,22,23,24,25,26,28,30,32,33,34,37,38,40,42,43,45,46,47,48,49,51,52,53,55,57,61,71,75,85]",71,376,0,0,2
"[0,1,2,3,4,5,6,7,8,9,12,13,16,17,18,20,21,22,23,24,25,26,28,30,32,33,34,37,38,40,42,43,45,46,47,48,49,51,52,53,55,57,61,71,75,85]",75,376,0,0,2
"[0,1,2,3,4,5,6,7,8,9,12,13,16,17,18,20,21,22,23,24,25,26,28,30,32,33,34,37,38,40,42,43,45,46,47,48,49,51,52,53,55,57,61,71,75,85]",85,376,0,0,2
"[0,1,2,3,4,5,6,7,8,9,12,13,16,17,18,20,21,22,23,24,25,26,28,30,32,33,34,37,38,40,42,43,45,46,47,48,49,51,52,53,55,57,71,75,85]",0,786,450,0.572519083969466,4
"[0,1,2,3,4,5,6,7,8,9,12,13,16,17,18,20,21,22,23,24,25,26,28,30,32,33,34,37,38,40,42,43,45,46,47,48,49,51,52,53,55,57,71,75,85]",1,786,0,0,4
"[0,1,2,3,4,5,6,7,8,9,12,13,16,17,18,20,21,22,23,24,25,26,28,30,32,33,34,37,38,40,42,43,45,46,47,48,49,51,52,53,55,57,71,75,85]",2,786,2,0.00254452926208651,4
"[0,1,2,3,4,5,6,7,8,9,12,13,16,17,18,20,21,22,23,24,25,26,28,30,32,33,34,37,38,40,42,43,45,46,47,48,49,51,52,53,55,57,71,75,85]",3,786,42,0.0534351145038168,4
"[0,1,2,3,4,5,6,7,8,9,12,13,16,17,18,20,21,22,23,24,25,26,28,30,32,33,34,37,38,40,42,43,45,46,47,48,49,51,52,53,55,57,71,75,85]",4,786,82,0.104325699745547,4
"[0,1,2,3,4,5,6,7,8,9,12,13,16,17,18,20,21,22,23,24,25,26,28,30,32,33,34,37,38,40,42,43,45,46,47,48,49,51,52,53,55,57,71,75,85]",5,786,31,0.039440203562341,4
"[0,1,2,3,4,5,6,7,8,9,12,13,16,17,18,20,21,22,23,24,25,26,28,30,32,33,34,37,38,40,42,43,45,46,47,48,49,51,52,53,55,57,71,75,85]",6,786,5,0.00636132315521628,4
"[0,1,2,3,4,5,6,7,8,9,12,13,16,17,18,20,21,22,23,24,25,26,28,30,32,33,34,37,38,40,42,43,45,46,47,48,49,51,52,53,55,57,71,75,85]",7,786,63,0.0801526717557252,4
"[0,1,2,3,4,5,6,7,8,9,12,13,16,17,18,20,21,22,23,24,25,26,28,30,32,33,34,37,38,40,42,43,45,46,47,48,49,51,52,53,55,57,71,75,85]",8,786,0,0,4
"[0,1,2,3,4,5,6,7,8,9,12,13,16,17,18,20,21,22,23,24,25,26,28,30,32,33,34,37,38,40,42,43,45,46,47,48,49,51,52,53,55,57,71,75,85]",9,786,3,0.00381679389312977,4
"[0,1,2,3,4,5,6,7,8,9,12,13,16,17,18,20,21,22,23,24,25,26,28,30,32,33,34,37,38,40,42,43,45,46,47,48,49,51,52,53,55,57,71,75,85]",12,786,20,0.0254452926208651,4
"[0,1,2,3,4,5,6,7,8,9,12,13,16,17,18,20,21,22,23,24,25,26,28,30,32,33,34,37,38,40,42,43,45,46,47,48,49,51,52,53,55,57,71,75,85]",13,786,0,0,4
"[0,1,2,3,4,5,6,7,8,9,12,13,16,17,18,20,21,22,23,24,25,26,28,30,32,33,34,37,38,40,42,43,45,46,47,48,49,51,52,53,55,57,71,75,85]",16,786,2,0.00254452926208651,4
"[0,1,2,3,4,5,6,7,8,9,12,13,16,17,18,20,21,22,23,24,25,26,28,30,32,33,34,37,38,40,42,43,45,46,47,48,49,51,52,53,55,57,71,75,85]",17,786,8,0.0101781170483461,4
"[0,1,2,3,4,5,6,7,8,9,12,13,16,17,18,20,21,22,23,24,25,26,28,30,32,33,34,37,38,40,42,43,45,46,47,48,49,51,52,53,55,57,71,75,85]",18,786,7,0.0089058524173028,4
"[0,1,2,3,4,5,6,7,8,9,12,13,16,17,18,20,21,22,23,24,25,26,28,30,32,33,34,37,38,40,42,43,45,46,47,48,49,51,52,53,55,57,71,75,85]",20,786,1,0.00127226463104326,4
"[0,1,2,3,4,5,6,7,8,9,12,13,16,17,18,20,21,22,23,24,25,26,28,30,32,33,34,37,38,40,42,43,45,46,47,48,49,51,52,53,55,57,71,75,85]",21,786,11,0.0139949109414758,4
"[0,1,2,3,4,5,6,7,8,9,12,13,16,17,18,20,21,22,23,24,25,26,28,30,32,33,34,37,38,40,42,43,45,46,47,48,49,51,52,53,55,57,71,75,85]",22,786,0,0,4
"[0,1,2,3,4,5,6,7,8,9,12,13,16,17,18,20,21,22,23,24,25,26,28,30,32,33,34,37,38,40,42,43,45,46,47,48,49,51,52,53,55,57,71,75,85]",23,786,7,0.0089058524173028,4
"[0,1,2,3,4,5,6,7,8,9,12,13,16,17,18,20,21,22,23,24,25,26,28,30,32,33,34,37,38,40,42,43,45,46,47,48,49,51,52,53,55,57,71,75,85]",24,786,6,0.00763358778625954,4
"[0,1,2,3,4,5,6,7,8,9,12,13,16,17,18,20,21,22,23,24,25,26,28,30,32,33,34,37,38,40,42,43,45,46,47,48,49,51,52,53,55,57,71,75,85]",25,786,0,0,4
"[0,1,2,3,4,5,6,7,8,9,12,13,16,17,18,20,21,22,23,24,25,26,28,30,32,33,34,37,38,40,42,43,45,46,47,48,49,51,52,53,55,57,71,75,85]",26,786,0,0,4
"[0,1,2,3,4,5,6,7,8,9,12,13,16,17,18,20,21,22,23,24,25,26,28,30,32,33,34,37,38,40,42,43,45,46,47,48,49,51,52,53,55,57,71,75,85]",28,786,0,0,4
"[0,1,2,3,4,5,6,7,8,9,12,13,16,17,18,20,21,22,23,24,25,26,28,30,32,33,34,37,38,40,42,43,45,46,47,48,49,51,52,53,55,57,71,75,85]",30,786,0,0,4
"[0,1,2,3,4,5,6,7,8,9,12,13,16,17,18,20,21,22,23,24,25,26,28,30,32,33,34,37,38,40,42,43,45,46,47,48,49,51,52,53,55,57,71,75,85]",32,786,1,0.00127226463104326,4
"[0,1,2,3,4,5,6,7,8,9,12,13,16,17,18,20,21,22,23,24,25,26,28,30,32,33,34,37,38,40,42,43,45,46,47,48,49,51,52,53,55,57,71,75,85]",33,786,0,0,4
"[0,1,2,3,4,5,6,7,8,9,12,13,16,17,18,20,21,22,23,24,25,26,28,30,32,33,34,37,38,40,42,43,45,46,47,48,49,51,52,53,55,57,71,75,85]",34,786,10,0.0127226463104326,4
"[0,1,2,3,4,5,6,7,8,9,12,13,16,17,18,20,21,22,23,24,25,26,28,30,32,33,34,37,38,40,42,43,45,46,47,48,49,51,52,53,55,57,71,75,85]",37,786,7,0.0089058524173028,4
"[0,1,2,3,4,5,6,7,8,9,12,13,16,17,18,20,21,22,23,24,25,26,28,30,32,33,34,37,38,40,42,43,45,46,47,48,49,51,52,53,55,57,71,75,85]",38,786,6,0.00763358778625954,4
"[0,1,2,3,4,5,6,7,8,9,12,13,16,17,18,20,21,22,23,24,25,26,28,30,32,33,34,37,38,40,42,43,45,46,47,48,49,51,52,53,55,57,71,75,85]",40,786,0,0,4
"[0,1,2,3,4,5,6,7,8,9,12,13,16,17,18,20,21,22,23,24,25,26,28,30,32,33,34,37,38,40,42,43,45,46,47,48,49,51,52,53,55,57,71,75,85]",42,786,1,0.00127226463104326,4
"[0,1,2,3,4,5,6,7,8,9,12,13,16,17,18,20,21,22,23,24,25,26,28,30,32,33,34,37,38,40,42,43,45,46,47,48,49,51,52,53,55,57,71,75,85]",43,786,0,0,4
"[0,1,2,3,4,5,6,7,8,9,12,13,16,17,18,20,21,22,23,24,25,26,28,30,32,33,34,37,38,40,42,43,45,46,47,48,49,51,52,53,55,57,71,75,85]",45,786,0,0,4
"[0,1,2,3,4,5,6,7,8,9,12,13,16,17,18,20,21,22,23,24,25,26,28,30,32,33,34,37,38,40,42,43,45,46,47,48,49,51,52,53,55,57,71,75,85]",46,786,0,0,4
"[0,1,2,3,4,5,6,7,8,9,12,13,16,17,18,20,21,22,23,24,25,26,28,30,32,33,34,37,38,40,42,43,45,46,47,48,49,51,52,53,55,57,71,75,85]",47,786,2,0.00254452926208651,4
"[0,1,2,3,4,5,6,7,8,9,12,13,16,17,18,20,21,22,23,24,25,26,28,30,32,33,34,37,38,40,42,43,45,46,47,48,49,51,52,53,55,57,71,75,85]",48,786,4,0.00508905852417303,4
"[0,1,2,3,4,5,6,7,8,9,12,13,16,17,18,20,21,22,23,24,25,26,28,30,32,33,34,37,38,40,42,43,45,46,47,48,49,51,52,53,55,57,71,75,85]",49,786,4,0.00508905852417303,4
"[0,1,2,3,4,5,6,7,8,9,12,13,16,17,18,20,21,22,23,24,25,26,28,30,32,33,34,37,38,40,42,43,45,46,47,48,49,51,52,53,55,57,71,75,85]",51,786,4,0.00508905852417303,4
"[0,1,2,3,4,5,6,7,8,9,12,13,16,17,18,20,21,22,23,24,25,26,28,30,32,33,34,37,38,40,42,43,45,46,47,48,49,51,52,53,55,57,71,75,85]",52,786,0,0,4
"[0,1,2,3,4,5,6,7,8,9,12,13,16,17,18,20,21,22,23,24,25,26,28,30,32,33,34,37,38,40,42,43,45,46,47,48,49,51,52,53,55,57,71,75,85]",53,786,1,0.00127226463104326,4
"[0,1,2,3,4,5,6,7,8,9,12,13,16,17,18,20,21,22,23,24,25,26,28,30,32,33,34,37,38,40,42,43,45,46,47,48,49,51,52,53,55,57,71,75,85]",55,786,4,0.00508905852417303,4
"[0,1,2,3,4,5,6,7,8,9,12,13,16,17,18,20,21,22,23,24,25,26,28,30,32,33,34,37,38,40,42,43,45,46,47,48,49,51,52,53,55,57,71,75,85]",57,786,2,0.00254452926208651,4
"[0,1,2,3,4,5,6,7,8,9,12,13,16,17,18,20,21,22,23,24,25,26,28,30,32,33,34,37,38,40,42,43,45,46,47,48,49,51,52,53,55,57,71,75,85]",71,786,0,0,4
"[0,1,2,3,4,5,6,7,8,9,12,13,16,17,18,20,21,22,23,24,25,26,28,30,32,33,34,37,38,40,42,43,45,46,47,48,49,51,52,53,55,57,71,75,85]",75,786,0,0,4
"[0,1,2,3,4,5,6,7,8,9,12,13,16,17,18,20,21,22,23,24,25,26,28,30,32,33,34,37,38,40,42,43,45,46,47,48,49,51,52,53,55,57,71,75,85]",85,786,0,0,4
"[0,1,2,3,4,5,6,7,9,10,11,13,14,15,19,22,25,26,59,62,63,66,69,74,79,82]",0,12709,6410,0.504366984027067,60
"[0,1,2,3,4,5,6,7,9,10,11,13,14,15,19,22,25,26,59,62,63,66,69,74,79,82]",1,12709,7,0.000550790778188685,60
"[0,1,2,3,4,5,6,7,9,10,11,13,14,15,19,22,25,26,59,62,63,66,69,74,79,82]",2,12709,1,7.86843968840979e-05,60
"[0,1,2,3,4,5,6,7,9,10,11,13,14,15,19,22,25,26,59,62,63,66,69,74,79,82]",3,12709,523,0.0411519395703832,60
"[0,1,2,3,4,5,6,7,9,10,11,13,14,15,19,22,25,26,59,62,63,66,69,74,79,82]",4,12709,1359,0.106932095365489,60
"[0,1,2,3,4,5,6,7,9,10,11,13,14,15,19,22,25,26,59,62,63,66,69,74,79,82]",5,12709,459,0.0361161381698009,60
"[0,1,2,3,4,5,6,7,9,10,11,13,14,15,19,22,25,26,59,62,63,66,69,74,79,82]",6,12709,6,0.000472106381304587,60
"[0,1,2,3,4,5,6,7,9,10,11,13,14,15,19,22,25,26,59,62,63,66,69,74,79,82]",7,12709,1217,0.0957589110079471,60
"[0,1,2,3,4,5,6,7,9,10,11,13,14,15,19,22,25,26,59,62,63,66,69,74,79,82]",9,12709,9,0.000708159571956881,60
"[0,1,2,3,4,5,6,7,9,10,11,13,14,15,19,22,25,26,59,62,63,66,69,74,79,82]",10,12709,23,0.00180974112833425,60
"[0,1,2,3,4,5,6,7,9,10,11,13,14,15,19,22,25,26,59,62,63,66,69,74,79,82]",11,12709,45,0.0035407978597844,60
"[0,1,2,3,4,5,6,7,9,10,11,13,14,15,19,22,25,26,59,62,63,66,69,74,79,82]",13,12709,1,7.86843968840979e-05,60
"[0,1,2,3,4,5,6,7,9,10,11,13,14,15,19,22,25,26,59,62,63,66,69,74,79,82]",14,12709,5,0.000393421984420489,60
"[0,1,2,3,4,5,6,7,9,10,11,13,14,15,19,22,25,26,59,62,63,66,69,74,79,82]",15,12709,12,0.000944212762609175,60
"[0,1,2,3,4,5,6,7,9,10,11,13,14,15,19,22,25,26,59,62,63,66,69,74,79,82]",19,12709,36,0.00283263828782752,60
"[0,1,2,3,4,5,6,7,9,10,11,13,14,15,19,22,25,26,59,62,63,66,69,74,79,82]",22,12709,30,0.00236053190652294,60
"[0,1,2,3,4,5,6,7,9,10,11,13,14,15,19,22,25,26,59,62,63,66,69,74,79,82]",25,12709,47,0.0036981666535526,60
"[0,1,2,3,4,5,6,7,9,10,11,13,14,15,19,22,25,26,59,62,63,66,69,74,79,82]",26,12709,1929,0.151782201589425,60
"[0,1,2,3,4,5,6,7,9,10,11,13,14,15,19,22,25,26,59,62,63,66,69,74,79,82]",59,12709,70,0.00550790778188685,60
"[0,1,2,3,4,5,6,7,9,10,11,13,14,15,19,22,25,26,59,62,63,66,69,74,79,82]",62,12709,12,0.000944212762609175,60
"[0,1,2,3,4,5,6,7,9,10,11,13,14,15,19,22,25,26,59,62,63,66,69,74,79,82]",63,12709,84,0.00660948933826422,60
"[0,1,2,3,4,5,6,7,9,10,11,13,14,15,19,22,25,26,59,62,63,66,69,74,79,82]",66,12709,381,0.0299787552128413,60
"[0,1,2,3,4,5,6,7,9,10,11,13,14,15,19,22,25,26,59,62,63,66,69,74,79,82]",69,12709,3,0.000236053190652294,60
"[0,1,2,3,4,5,6,7,9,10,11,13,14,15,19,22,25,26,59,62,63,66,69,74,79,82]",74,12709,5,0.000393421984420489,60
"[0,1,2,3,4,5,6,7,9,10,11,13,14,15,19,22,25,26,59,62,63,66,69,74,79,82]",79,12709,24,0.00188842552521835,60
"[0,1,2,3,4,5,6,7,9,10,11,13,14,15,19,22,25,26,59,62,63,66,69,74,79,82]",82,12709,11,0.000865528365725077,60
"[0,1,3,4,5,6,7,8,9,10,11,14,15,19,22,25,26,28,30,33,59,62,63,66,69,71,74,75]",0,817,444,0.543451652386781,4
"[0,1,3,4,5,6,7,8,9,10,11,14,15,19,22,25,26,28,30,33,59,62,63,66,69,71,74,75]",1,817,0,0,4
"[0,1,3,4,5,6,7,8,9,10,11,14,15,19,22,25,26,28,30,33,59,62,63,66,69,71,74,75]",3,817,40,0.0489596083231334,4
"[0,1,3,4,5,6,7,8,9,10,11,14,15,19,22,25,26,28,30,33,59,62,63,66,69,71,74,75]",4,817,86,0.105263157894737,4
"[0,1,3,4,5,6,7,8,9,10,11,14,15,19,22,25,26,28,30,33,59,62,63,66,69,71,74,75]",5,817,32,0.0391676866585067,4
"[0,1,3,4,5,6,7,8,9,10,11,14,15,19,22,25,26,28,30,33,59,62,63,66,69,71,74,75]",6,817,0,0,4
"[0,1,3,4,5,6,7,8,9,10,11,14,15,19,22,25,26,28,30,33,59,62,63,66,69,71,74,75]",7,817,76,0.0930232558139535,4
"[0,1,3,4,5,6,7,8,9,10,11,14,15,19,22,25,26,28,30,33,59,62,63,66,69,71,74,75]",8,817,4,0.00489596083231334,4
"[0,1,3,4,5,6,7,8,9,10,11,14,15,19,22,25,26,28,30,33,59,62,63,66,69,71,74,75]",9,817,0,0,4
"[0,1,3,4,5,6,7,8,9,10,11,14,15,19,22,25,26,28,30,33,59,62,63,66,69,71,74,75]",10,817,0,0,4
"[0,1,3,4,5,6,7,8,9,10,11,14,15,19,22,25,26,28,30,33,59,62,63,66,69,71,74,75]",11,817,0,0,4
"[0,1,3,4,5,6,7,8,9,10,11,14,15,19,22,25,26,28,30,33,59,62,63,66,69,71,74,75]",14,817,0,0,4
"[0,1,3,4,5,6,7,8,9,10,11,14,15,19,22,25,26,28,30,33,59,62,63,66,69,71,74,75]",15,817,0,0,4
"[0,1,3,4,5,6,7,8,9,10,11,14,15,19,22,25,26,28,30,33,59,62,63,66,69,71,74,75]",19,817,0,0,4
"[0,1,3,4,5,6,7,8,9,10,11,14,15,19,22,25,26,28,30,33,59,62,63,66,69,71,74,75]",22,817,0,0,4
"[0,1,3,4,5,6,7,8,9,10,11,14,15,19,22,25,26,28,30,33,59,62,63,66,69,71,74,75]",25,817,0,0,4
"[0,1,3,4,5,6,7,8,9,10,11,14,15,19,22,25,26,28,30,33,59,62,63,66,69,71,74,75]",26,817,106,0.129742962056304,4
"[0,1,3,4,5,6,7,8,9,10,11,14,15,19,22,25,26,28,30,33,59,62,63,66,69,71,74,75]",28,817,9,0.011015911872705,4
"[0,1,3,4,5,6,7,8,9,10,11,14,15,19,22,25,26,28,30,33,59,62,63,66,69,71,74,75]",30,817,8,0.00979192166462668,4
"[0,1,3,4,5,6,7,8,9,10,11,14,15,19,22,25,26,28,30,33,59,62,63,66,69,71,74,75]",33,817,2,0.00244798041615667,4
"[0,1,3,4,5,6,7,8,9,10,11,14,15,19,22,25,26,28,30,33,59,62,63,66,69,71,74,75]",59,817,0,0,4
"[0,1,3,4,5,6,7,8,9,10,11,14,15,19,22,25,26,28,30,33,59,62,63,66,69,71,74,75]",62,817,0,0,4
"[0,1,3,4,5,6,7,8,9,10,11,14,15,19,22,25,26,28,30,33,59,62,63,66,69,71,74,75]",63,817,0,0,4
"[0,1,3,4,5,6,7,8,9,10,11,14,15,19,22,25,26,28,30,33,59,62,63,66,69,71,74,75]",66,817,0,0,4
"[0,1,3,4,5,6,7,8,9,10,11,14,15,19,22,25,26,28,30,33,59,62,63,66,69,71,74,75]",69,817,0,0,4
"[0,1,3,4,5,6,7,8,9,10,11,14,15,19,22,25,26,28,30,33,59,62,63,66,69,71,74,75]",71,817,4,0.00489596083231334,4
"[0,1,3,4,5,6,7,8,9,10,11,14,15,19,22,25,26,28,30,33,59,62,63,66,69,71,74,75]",74,817,0,0,4
"[0,1,3,4,5,6,7,8,9,10,11,14,15,19,22,25,26,28,30,33,59,62,63,66,69,71,74,75]",75,817,6,0.00734394124847001,4
"[0,1,3,4,5,6,7,8,9,10,11,14,15,19,22,25,26,28,30,59,62,63,66,69,71,74,75]",0,382,204,0.534031413612565,2
"[0,1,3,4,5,6,7,8,9,10,11,14,15,19,22,25,26,28,30,59,62,63,66,69,71,74,75]",1,382,0,0,2
"[0,1,3,4,5,6,7,8,9,10,11,14,15,19,22,25,26,28,30,59,62,63,66,69,71,74,75]",3,382,13,0.0340314136125654,2
"[0,1,3,4,5,6,7,8,9,10,11,14,15,19,22,25,26,28,30,59,62,63,66,69,71,74,75]",4,382,54,0.141361256544503,2
"[0,1,3,4,5,6,7,8,9,10,11,14,15,19,22,25,26,28,30,59,62,63,66,69,71,74,75]",5,382,12,0.031413612565445,2
"[0,1,3,4,5,6,7,8,9,10,11,14,15,19,22,25,26,28,30,59,62,63,66,69,71,74,75]",6,382,0,0,2
"[0,1,3,4,5,6,7,8,9,10,11,14,15,19,22,25,26,28,30,59,62,63,66,69,71,74,75]",7,382,21,0.0549738219895288,2
"[0,1,3,4,5,6,7,8,9,10,11,14,15,19,22,25,26,28,30,59,62,63,66,69,71,74,75]",8,382,2,0.00523560209424084,2
"[0,1,3,4,5,6,7,8,9,10,11,14,15,19,22,25,26,28,30,59,62,63,66,69,71,74,75]",9,382,0,0,2
"[0,1,3,4,5,6,7,8,9,10,11,14,15,19,22,25,26,28,30,59,62,63,66,69,71,74,75]",10,382,0,0,2
"[0,1,3,4,5,6,7,8,9,10,11,14,15,19,22,25,26,28,30,59,62,63,66,69,71,74,75]",11,382,0,0,2
"[0,1,3,4,5,6,7,8,9,10,11,14,15,19,22,25,26,28,30,59,62,63,66,69,71,74,75]",14,382,0,0,2
"[0,1,3,4,5,6,7,8,9,10,11,14,15,19,22,25,26,28,30,59,62,63,66,69,71,74,75]",15,382,0,0,2
"[0,1,3,4,5,6,7,8,9,10,11,14,15,19,22,25,26,28,30,59,62,63,66,69,71,74,75]",19,382,0,0,2
"[0,1,3,4,5,6,7,8,9,10,11,14,15,19,22,25,26,28,30,59,62,63,66,69,71,74,75]",22,382,0,0,2
"[0,1,3,4,5,6,7,8,9,10,11,14,15,19,22,25,26,28,30,59,62,63,66,69,71,74,75]",25,382,0,0,2
"[0,1,3,4,5,6,7,8,9,10,11,14,15,19,22,25,26,28,30,59,62,63,66,69,71,74,75]",26,382,58,0.151832460732984,2
"[0,1,3,4,5,6,7,8,9,10,11,14,15,19,22,25,26,28,30,59,62,63,66,69,71,74,75]",28,382,4,0.0104712041884817,2
"[0,1,3,4,5,6,7,8,9,10,11,14,15,19,22,25,26,28,30,59,62,63,66,69,71,74,75]",30,382,6,0.0157068062827225,2
"[0,1,3,4,5,6,7,8,9,10,11,14,15,19,22,25,26,28,30,59,62,63,66,69,71,74,75]",59,382,0,0,2
"[0,1,3,4,5,6,7,8,9,10,11,14,15,19,22,25,26,28,30,59,62,63,66,69,71,74,75]",62,382,0,0,2
"[0,1,3,4,5,6,7,8,9,10,11,14,15,19,22,25,26,28,30,59,62,63,66,69,71,74,75]",63,382,0,0,2
"[0,1,3,4,5,6,7,8,9,10,11,14,15,19,22,25,26,28,30,59,62,63,66,69,71,74,75]",66,382,0,0,2
"[0,1,3,4,5,6,7,8,9,10,11,14,15,19,22,25,26,28,30,59,62,63,66,69,71,74,75]",69,382,0,0,2
"[0,1,3,4,5,6,7,8,9,10,11,14,15,19,22,25,26,28,30,59,62,63,66,69,71,74,75]",71,382,4,0.0104712041884817,2
"[0,1,3,4,5,6,7,8,9,10,11,14,15,19,22,25,26,28,30,59,62,63,66,69,71,74,75]",74,382,0,0,2
"[0,1,3,4,5,6,7,8,9,10,11,14,15,19,22,25,26,28,30,59,62,63,66,69,71,74,75]",75,382,4,0.0104712041884817,2
"[0,1,3,4,5,6,7,8,9,10,11,14,15,19,22,25,26,28,59,62,63,66,69,71,74,79]",0,819,482,0.588522588522589,4
"[0,1,3,4,5,6,7,8,9,10,11,14,15,19,22,25,26,28,59,62,63,66,69,71,74,79]",1,819,0,0,4
"[0,1,3,4,5,6,7,8,9,10,11,14,15,19,22,25,26,28,59,62,63,66,69,71,74,79]",3,819,33,0.0402930402930403,4
"[0,1,3,4,5,6,7,8,9,10,11,14,15,19,22,25,26,28,59,62,63,66,69,71,74,79]",4,819,90,0.10989010989011,4
"[0,1,3,4,5,6,7,8,9,10,11,14,15,19,22,25,26,28,59,62,63,66,69,71,74,79]",5,819,31,0.0378510378510378,4
"[0,1,3,4,5,6,7,8,9,10,11,14,15,19,22,25,26,28,59,62,63,66,69,71,74,79]",6,819,0,0,4
"[0,1,3,4,5,6,7,8,9,10,11,14,15,19,22,25,26,28,59,62,63,66,69,71,74,79]",7,819,80,0.0976800976800977,4
"[0,1,3,4,5,6,7,8,9,10,11,14,15,19,22,25,26,28,59,62,63,66,69,71,74,79]",8,819,4,0.00488400488400488,4
"[0,1,3,4,5,6,7,8,9,10,11,14,15,19,22,25,26,28,59,62,63,66,69,71,74,79]",9,819,0,0,4
"[0,1,3,4,5,6,7,8,9,10,11,14,15,19,22,25,26,28,59,62,63,66,69,71,74,79]",10,819,0,0,4
"[0,1,3,4,5,6,7,8,9,10,11,14,15,19,22,25,26,28,59,62,63,66,69,71,74,79]",11,819,0,0,4
"[0,1,3,4,5,6,7,8,9,10,11,14,15,19,22,25,26,28,59,62,63,66,69,71,74,79]",14,819,0,0,4
"[0,1,3,4,5,6,7,8,9,10,11,14,15,19,22,25,26,28,59,62,63,66,69,71,74,79]",15,819,0,0,4
"[0,1,3,4,5,6,7,8,9,10,11,14,15,19,22,25,26,28,59,62,63,66,69,71,74,79]",19,819,0,0,4
"[0,1,3,4,5,6,7,8,9,10,11,14,15,19,22,25,26,28,59,62,63,66,69,71,74,79]",22,819,0,0,4
"[0,1,3,4,5,6,7,8,9,10,11,14,15,19,22,25,26,28,59,62,63,66,69,71,74,79]",25,819,1,0.00122100122100122,4
"[0,1,3,4,5,6,7,8,9,10,11,14,15,19,22,25,26,28,59,62,63,66,69,71,74,79]",26,819,83,0.101343101343101,4
"[0,1,3,4,5,6,7,8,9,10,11,14,15,19,22,25,26,28,59,62,63,66,69,71,74,79]",28,819,5,0.00610500610500611,4
"[0,1,3,4,5,6,7,8,9,10,11,14,15,19,22,25,26,28,59,62,63,66,69,71,74,79]",59,819,0,0,4
"[0,1,3,4,5,6,7,8,9,10,11,14,15,19,22,25,26,28,59,62,63,66,69,71,74,79]",62,819,0,0,4
"[0,1,3,4,5,6,7,8,9,10,11,14,15,19,22,25,26,28,59,62,63,66,69,71,74,79]",63,819,0,0,4
"[0,1,3,4,5,6,7,8,9,10,11,14,15,19,22,25,26,28,59,62,63,66,69,71,74,79]",66,819,0,0,4
"[0,1,3,4,5,6,7,8,9,10,11,14,15,19,22,25,26,28,59,62,63,66,69,71,74,79]",69,819,0,0,4
"[0,1,3,4,5,6,7,8,9,10,11,14,15,19,22,25,26,28,59,62,63,66,69,71,74,79]",71,819,10,0.0122100122100122,4
"[0,1,3,4,5,6,7,8,9,10,11,14,15,19,22,25,26,28,59,62,63,66,69,71,74,79]",74,819,0,0,4
"[0,1,3,4,5,6,7,8,9,10,11,14,15,19,22,25,26,28,59,62,63,66,69,71,74,79]",79,819,0,0,4
"[0,2,3,4,5,7,8,10,11,12,16,17,18,22,25,26,28,30,32,33,34,37,38,40,42,45,46,47,59,62,63,71,75,85]",0,416,235,0.564903846153846,2
"[0,2,3,4,5,7,8,10,11,12,16,17,18,22,25,26,28,30,32,33,34,37,38,40,42,45,46,47,59,62,63,71,75,85]",2,416,2,0.00480769230769231,2
"[0,2,3,4,5,7,8,10,11,12,16,17,18,22,25,26,28,30,32,33,34,37,38,40,42,45,46,47,59,62,63,71,75,85]",3,416,18,0.0432692307692308,2
"[0,2,3,4,5,7,8,10,11,12,16,17,18,22,25,26,28,30,32,33,34,37,38,40,42,45,46,47,59,62,63,71,75,85]",4,416,46,0.110576923076923,2
"[0,2,3,4,5,7,8,10,11,12,16,17,18,22,25,26,28,30,32,33,34,37,38,40,42,45,46,47,59,62,63,71,75,85]",5,416,20,0.0480769230769231,2
"[0,2,3,4,5,7,8,10,11,12,16,17,18,22,25,26,28,30,32,33,34,37,38,40,42,45,46,47,59,62,63,71,75,85]",7,416,58,0.139423076923077,2
"[0,2,3,4,5,7,8,10,11,12,16,17,18,22,25,26,28,30,32,33,34,37,38,40,42,45,46,47,59,62,63,71,75,85]",8,416,2,0.00480769230769231,2
"[0,2,3,4,5,7,8,10,11,12,16,17,18,22,25,26,28,30,32,33,34,37,38,40,42,45,46,47,59,62,63,71,75,85]",10,416,0,0,2
"[0,2,3,4,5,7,8,10,11,12,16,17,18,22,25,26,28,30,32,33,34,37,38,40,42,45,46,47,59,62,63,71,75,85]",11,416,0,0,2
"[0,2,3,4,5,7,8,10,11,12,16,17,18,22,25,26,28,30,32,33,34,37,38,40,42,45,46,47,59,62,63,71,75,85]",12,416,12,0.0288461538461538,2
"[0,2,3,4,5,7,8,10,11,12,16,17,18,22,25,26,28,30,32,33,34,37,38,40,42,45,46,47,59,62,63,71,75,85]",16,416,1,0.00240384615384615,2
"[0,2,3,4,5,7,8,10,11,12,16,17,18,22,25,26,28,30,32,33,34,37,38,40,42,45,46,47,59,62,63,71,75,85]",17,416,6,0.0144230769230769,2
"[0,2,3,4,5,7,8,10,11,12,16,17,18,22,25,26,28,30,32,33,34,37,38,40,42,45,46,47,59,62,63,71,75,85]",18,416,1,0.00240384615384615,2
"[0,2,3,4,5,7,8,10,11,12,16,17,18,22,25,26,28,30,32,33,34,37,38,40,42,45,46,47,59,62,63,71,75,85]",22,416,0,0,2
"[0,2,3,4,5,7,8,10,11,12,16,17,18,22,25,26,28,30,32,33,34,37,38,40,42,45,46,47,59,62,63,71,75,85]",25,416,0,0,2
"[0,2,3,4,5,7,8,10,11,12,16,17,18,22,25,26,28,30,32,33,34,37,38,40,42,45,46,47,59,62,63,71,75,85]",26,416,0,0,2
"[0,2,3,4,5,7,8,10,11,12,16,17,18,22,25,26,28,30,32,33,34,37,38,40,42,45,46,47,59,62,63,71,75,85]",28,416,0,0,2
"[0,2,3,4,5,7,8,10,11,12,16,17,18,22,25,26,28,30,32,33,34,37,38,40,42,45,46,47,59,62,63,71,75,85]",30,416,0,0,2
"[0,2,3,4,5,7,8,10,11,12,16,17,18,22,25,26,28,30,32,33,34,37,38,40,42,45,46,47,59,62,63,71,75,85]",32,416,1,0.00240384615384615,2
"[0,2,3,4,5,7,8,10,11,12,16,17,18,22,25,26,28,30,32,33,34,37,38,40,42,45,46,47,59,62,63,71,75,85]",33,416,0,0,2
"[0,2,3,4,5,7,8,10,11,12,16,17,18,22,25,26,28,30,32,33,34,37,38,40,42,45,46,47,59,62,63,71,75,85]",34,416,4,0.00961538461538462,2
"[0,2,3,4,5,7,8,10,11,12,16,17,18,22,25,26,28,30,32,33,34,37,38,40,42,45,46,47,59,62,63,71,75,85]",37,416,1,0.00240384615384615,2
"[0,2,3,4,5,7,8,10,11,12,16,17,18,22,25,26,28,30,32,33,34,37,38,40,42,45,46,47,59,62,63,71,75,85]",38,416,4,0.00961538461538462,2
"[0,2,3,4,5,7,8,10,11,12,16,17,18,22,25,26,28,30,32,33,34,37,38,40,42,45,46,47,59,62,63,71,75,85]",40,416,2,0.00480769230769231,2
"[0,2,3,4,5,7,8,10,11,12,16,17,18,22,25,26,28,30,32,33,34,37,38,40,42,45,46,47,59,62,63,71,75,85]",42,416,0,0,2
"[0,2,3,4,5,7,8,10,11,12,16,17,18,22,25,26,28,30,32,33,34,37,38,40,42,45,46,47,59,62,63,71,75,85]",45,416,1,0.00240384615384615,2
"[0,2,3,4,5,7,8,10,11,12,16,17,18,22,25,26,28,30,32,33,34,37,38,40,42,45,46,47,59,62,63,71,75,85]",46,416,0,0,2
"[0,2,3,4,5,7,8,10,11,12,16,17,18,22,25,26,28,30,32,33,34,37,38,40,42,45,46,47,59,62,63,71,75,85]",47,416,2,0.00480769230769231,2
"[0,2,3,4,5,7,8,10,11,12,16,17,18,22,25,26,28,30,32,33,34,37,38,40,42,45,46,47,59,62,63,71,75,85]",59,416,0,0,2
"[0,2,3,4,5,7,8,10,11,12,16,17,18,22,25,26,28,30,32,33,34,37,38,40,42,45,46,47,59,62,63,71,75,85]",62,416,0,0,2
"[0,2,3,4,5,7,8,10,11,12,16,17,18,22,25,26,28,30,32,33,34,37,38,40,42,45,46,47,59,62,63,71,75,85]",63,416,0,0,2
"[0,2,3,4,5,7,8,10,11,12,16,17,18,22,25,26,28,30,32,33,34,37,38,40,42,45,46,47,59,62,63,71,75,85]",71,416,0,0,2
"[0,2,3,4,5,7,8,10,11,12,16,17,18,22,25,26,28,30,32,33,34,37,38,40,42,45,46,47,59,62,63,71,75,85]",75,416,0,0,2
"[0,2,3,4,5,7,8,10,11,12,16,17,18,22,25,26,28,30,32,33,34,37,38,40,42,45,46,47,59,62,63,71,75,85]",85,416,0,0,2
"[0,2,3,4,5,7,8,11,12,16,17,18,22,25,26,28,30,32,33,34,37,38,40,42,45,46,47,48,59,62,71,75,85]",0,183,105,0.573770491803279,1
"[0,2,3,4,5,7,8,11,12,16,17,18,22,25,26,28,30,32,33,34,37,38,40,42,45,46,47,48,59,62,71,75,85]",2,183,0,0,1
"[0,2,3,4,5,7,8,11,12,16,17,18,22,25,26,28,30,32,33,34,37,38,40,42,45,46,47,48,59,62,71,75,85]",3,183,2,0.0109289617486339,1
"[0,2,3,4,5,7,8,11,12,16,17,18,22,25,26,28,30,32,33,34,37,38,40,42,45,46,47,48,59,62,71,75,85]",4,183,24,0.131147540983607,1
"[0,2,3,4,5,7,8,11,12,16,17,18,22,25,26,28,30,32,33,34,37,38,40,42,45,46,47,48,59,62,71,75,85]",5,183,6,0.0327868852459016,1
"[0,2,3,4,5,7,8,11,12,16,17,18,22,25,26,28,30,32,33,34,37,38,40,42,45,46,47,48,59,62,71,75,85]",7,183,25,0.136612021857924,1
"[0,2,3,4,5,7,8,11,12,16,17,18,22,25,26,28,30,32,33,34,37,38,40,42,45,46,47,48,59,62,71,75,85]",8,183,1,0.00546448087431694,1
"[0,2,3,4,5,7,8,11,12,16,17,18,22,25,26,28,30,32,33,34,37,38,40,42,45,46,47,48,59,62,71,75,85]",11,183,0,0,1
"[0,2,3,4,5,7,8,11,12,16,17,18,22,25,26,28,30,32,33,34,37,38,40,42,45,46,47,48,59,62,71,75,85]",12,183,5,0.0273224043715847,1
"[0,2,3,4,5,7,8,11,12,16,17,18,22,25,26,28,30,32,33,34,37,38,40,42,45,46,47,48,59,62,71,75,85]",16,183,1,0.00546448087431694,1
"[0,2,3,4,5,7,8,11,12,16,17,18,22,25,26,28,30,32,33,34,37,38,40,42,45,46,47,48,59,62,71,75,85]",17,183,4,0.0218579234972678,1
"[0,2,3,4,5,7,8,11,12,16,17,18,22,25,26,28,30,32,33,34,37,38,40,42,45,46,47,48,59,62,71,75,85]",18,183,1,0.00546448087431694,1
"[0,2,3,4,5,7,8,11,12,16,17,18,22,25,26,28,30,32,33,34,37,38,40,42,45,46,47,48,59,62,71,75,85]",22,183,0,0,1
"[0,2,3,4,5,7,8,11,12,16,17,18,22,25,26,28,30,32,33,34,37,38,40,42,45,46,47,48,59,62,71,75,85]",25,183,0,0,1
"[0,2,3,4,5,7,8,11,12,16,17,18,22,25,26,28,30,32,33,34,37,38,40,42,45,46,47,48,59,62,71,75,85]",26,183,0,0,1
"[0,2,3,4,5,7,8,11,12,16,17,18,22,25,26,28,30,32,33,34,37,38,40,42,45,46,47,48,59,62,71,75,85]",28,183,0,0,1
"[0,2,3,4,5,7,8,11,12,16,17,18,22,25,26,28,30,32,33,34,37,38,40,42,45,46,47,48,59,62,71,75,85]",30,183,0,0,1
"[0,2,3,4,5,7,8,11,12,16,17,18,22,25,26,28,30,32,33,34,37,38,40,42,45,46,47,48,59,62,71,75,85]",32,183,0,0,1
"[0,2,3,4,5,7,8,11,12,16,17,18,22,25,26,28,30,32,33,34,37,38,40,42,45,46,47,48,59,62,71,75,85]",33,183,0,0,1
"[0,2,3,4,5,7,8,11,12,16,17,18,22,25,26,28,30,32,33,34,37,38,40,42,45,46,47,48,59,62,71,75,85]",34,183,1,0.00546448087431694,1
"[0,2,3,4,5,7,8,11,12,16,17,18,22,25,26,28,30,32,33,34,37,38,40,42,45,46,47,48,59,62,71,75,85]",37,183,2,0.0109289617486339,1
"[0,2,3,4,5,7,8,11,12,16,17,18,22,25,26,28,30,32,33,34,37,38,40,42,45,46,47,48,59,62,71,75,85]",38,183,1,0.00546448087431694,1
"[0,2,3,4,5,7,8,11,12,16,17,18,22,25,26,28,30,32,33,34,37,38,40,42,45,46,47,48,59,62,71,75,85]",40,183,0,0,1
"[0,2,3,4,5,7,8,11,12,16,17,18,22,25,26,28,30,32,33,34,37,38,40,42,45,46,47,48,59,62,71,75,85]",42,183,1,0.00546448087431694,1
"[0,2,3,4,5,7,8,11,12,16,17,18,22,25,26,28,30,32,33,34,37,38,40,42,45,46,47,48,59,62,71,75,85]",45,183,0,0,1
"[0,2,3,4,5,7,8,11,12,16,17,18,22,25,26,28,30,32,33,34,37,38,40,42,45,46,47,48,59,62,71,75,85]",46,183,1,0.00546448087431694,1
"[0,2,3,4,5,7,8,11,12,16,17,18,22,25,26,28,30,32,33,34,37,38,40,42,45,46,47,48,59,62,71,75,85]",47,183,1,0.00546448087431694,1
"[0,2,3,4,5,7,8,11,12,16,17,18,22,25,26,28,30,32,33,34,37,38,40,42,45,46,47,48,59,62,71,75,85]",48,183,2,0.0109289617486339,1
"[0,2,3,4,5,7,8,11,12,16,17,18,22,25,26,28,30,32,33,34,37,38,40,42,45,46,47,48,59,62,71,75,85]",59,183,0,0,1
"[0,2,3,4,5,7,8,11,12,16,17,18,22,25,26,28,30,32,33,34,37,38,40,42,45,46,47,48,59,62,71,75,85]",62,183,0,0,1
"[0,2,3,4,5,7,8,11,12,16,17,18,22,25,26,28,30,32,33,34,37,38,40,42,45,46,47,48,59,62,71,75,85]",71,183,0,0,1
"[0,2,3,4,5,7,8,11,12,16,17,18,22,25,26,28,30,32,33,34,37,38,40,42,45,46,47,48,59,62,71,75,85]",75,183,0,0,1
"[0,2,3,4,5,7,8,11,12,16,17,18,22,25,26,28,30,32,33,34,37,38,40,42,45,46,47,48,59,62,71,75,85]",85,183,0,0,1
