choice_set,item,n_choices,n_chosen,cp,n_weeks_offered
"[0,1,2,3,4,5,6,7,12,20,22,23,25,26,30,33,38,39,40,42,46,48,51,53,57,58,59,60,63,65,66,68,69,70,71,73,76,77,79,81,83,91,94]",0,10393,130,0.0125084191282594,9
"[0,1,2,3,4,5,6,7,12,20,22,23,25,26,30,33,38,39,40,42,46,48,51,53,57,58,59,60,63,65,66,68,69,70,71,73,76,77,79,81,83,91,94]",1,10393,257,0.0247281824304821,9
"[0,1,2,3,4,5,6,7,12,20,22,23,25,26,30,33,38,39,40,42,46,48,51,53,57,58,59,60,63,65,66,68,69,70,71,73,76,77,79,81,83,91,94]",2,10393,850,0.0817858173770807,9
"[0,1,2,3,4,5,6,7,12,20,22,23,25,26,30,33,38,39,40,42,46,48,51,53,57,58,59,60,63,65,66,68,69,70,71,73,76,77,79,81,83,91,94]",3,10393,170,0.0163571634754161,9
"[0,1,2,3,4,5,6,7,12,20,22,23,25,26,30,33,38,39,40,42,46,48,51,53,57,58,59,60,63,65,66,68,69,70,71,73,76,77,79,81,83,91,94]",4,10393,955,0.0918887712883672,9
"[0,1,2,3,4,5,6,7,12,20,22,23,25,26,30,33,38,39,40,42,46,48,51,53,57,58,59,60,63,65,66,68,69,70,71,73,76,77,79,81,83,91,94]",5,10393,871,0.083806408159338,9
"[0,1,2,3,4,5,6,7,12,20,22,23,25,26,30,33,38,39,40,42,46,48,51,53,57,58,59,60,63,65,66,68,69,70,71,73,76,77,79,81,83,91,94]",6,10393,468,0.0450303088617339,9
"[0,1,2,3,4,5,6,7,12,20,22,23,25,26,30,33,38,39,40,42,46,48,51,53,57,58,59,60,63,65,66,68,69,70,71,73,76,77,79,81,83,91,94]",7,10393,1442,0.138747233715,9
"[0,1,2,3,4,5,6,7,12,20,22,23,25,26,30,33,38,39,40,42,46,48,51,53,57,58,59,60,63,65,66,68,69,70,71,73,76,77,79,81,83,91,94]",12,10393,292,0.0280958337342442,9
"[0,1,2,3,4,5,6,7,12,20,22,23,25,26,30,33,38,39,40,42,46,48,51,53,57,58,59,60,63,65,66,68,69,70,71,73,76,77,79,81,83,91,94]",20,10393,319,0.030693736168575,9
"[0,1,2,3,4,5,6,7,12,20,22,23,25,26,30,33,38,39,40,42,46,48,51,53,57,58,59,60,63,65,66,68,69,70,71,73,76,77,79,81,83,91,94]",22,10393,207,0.0199172519965361,9
"[0,1,2,3,4,5,6,7,12,20,22,23,25,26,30,33,38,39,40,42,46,48,51,53,57,58,59,60,63,65,66,68,69,70,71,73,76,77,79,81,83,91,94]",23,10393,166,0.0159722890407005,9
"[0,1,2,3,4,5,6,7,12,20,22,23,25,26,30,33,38,39,40,42,46,48,51,53,57,58,59,60,63,65,66,68,69,70,71,73,76,77,79,81,83,91,94]",25,10393,124,0.0119311074761859,9
"[0,1,2,3,4,5,6,7,12,20,22,23,25,26,30,33,38,39,40,42,46,48,51,53,57,58,59,60,63,65,66,68,69,70,71,73,76,77,79,81,83,91,94]",26,10393,208,0.0200134706052151,9
"[0,1,2,3,4,5,6,7,12,20,22,23,25,26,30,33,38,39,40,42,46,48,51,53,57,58,59,60,63,65,66,68,69,70,71,73,76,77,79,81,83,91,94]",30,10393,134,0.0128932935629751,9
"[0,1,2,3,4,5,6,7,12,20,22,23,25,26,30,33,38,39,40,42,46,48,51,53,57,58,59,60,63,65,66,68,69,70,71,73,76,77,79,81,83,91,94]",33,10393,53,0.00509958625998268,9
"[0,1,2,3,4,5,6,7,12,20,22,23,25,26,30,33,38,39,40,42,46,48,51,53,57,58,59,60,63,65,66,68,69,70,71,73,76,77,79,81,83,91,94]",38,10393,351,0.0337727316463004,9
"[0,1,2,3,4,5,6,7,12,20,22,23,25,26,30,33,38,39,40,42,46,48,51,53,57,58,59,60,63,65,66,68,69,70,71,73,76,77,79,81,83,91,94]",39,10393,134,0.0128932935629751,9
"[0,1,2,3,4,5,6,7,12,20,22,23,25,26,30,33,38,39,40,42,46,48,51,53,57,58,59,60,63,65,66,68,69,70,71,73,76,77,79,81,83,91,94]",40,10393,49,0.00471471182526701,9
"[0,1,2,3,4,5,6,7,12,20,22,23,25,26,30,33,38,39,40,42,46,48,51,53,57,58,59,60,63,65,66,68,69,70,71,73,76,77,79,81,83,91,94]",42,10393,260,0.0250168382565188,9
"[0,1,2,3,4,5,6,7,12,20,22,23,25,26,30,33,38,39,40,42,46,48,51,53,57,58,59,60,63,65,66,68,69,70,71,73,76,77,79,81,83,91,94]",46,10393,78,0.00750505147695564,9
"[0,1,2,3,4,5,6,7,12,20,22,23,25,26,30,33,38,39,40,42,46,48,51,53,57,58,59,60,63,65,66,68,69,70,71,73,76,77,79,81,83,91,94]",48,10393,63,0.00606177234677187,9
"[0,1,2,3,4,5,6,7,12,20,22,23,25,26,30,33,38,39,40,42,46,48,51,53,57,58,59,60,63,65,66,68,69,70,71,73,76,77,79,81,83,91,94]",51,10393,54,0.0051958048686616,9
"[0,1,2,3,4,5,6,7,12,20,22,23,25,26,30,33,38,39,40,42,46,48,51,53,57,58,59,60,63,65,66,68,69,70,71,73,76,77,79,81,83,91,94]",53,10393,37,0.00356008852111998,9
"[0,1,2,3,4,5,6,7,12,20,22,23,25,26,30,33,38,39,40,42,46,48,51,53,57,58,59,60,63,65,66,68,69,70,71,73,76,77,79,81,83,91,94]",57,10393,119,0.0114500144327913,9
"[0,1,2,3,4,5,6,7,12,20,22,23,25,26,30,33,38,39,40,42,46,48,51,53,57,58,59,60,63,65,66,68,69,70,71,73,76,77,79,81,83,91,94]",58,10393,71,0.00683152121620321,9
"[0,1,2,3,4,5,6,7,12,20,22,23,25,26,30,33,38,39,40,42,46,48,51,53,57,58,59,60,63,65,66,68,69,70,71,73,76,77,79,81,83,91,94]",59,10393,82,0.00788992591167132,9
"[0,1,2,3,4,5,6,7,12,20,22,23,25,26,30,33,38,39,40,42,46,48,51,53,57,58,59,60,63,65,66,68,69,70,71,73,76,77,79,81,83,91,94]",60,10393,96,0.00923698643317618,9
"[0,1,2,3,4,5,6,7,12,20,22,23,25,26,30,33,38,39,40,42,46,48,51,53,57,58,59,60,63,65,66,68,69,70,71,73,76,77,79,81,83,91,94]",63,10393,147,0.014144135475801,9
"[0,1,2,3,4,5,6,7,12,20,22,23,25,26,30,33,38,39,40,42,46,48,51,53,57,58,59,60,63,65,66,68,69,70,71,73,76,77,79,81,83,91,94]",65,10393,81,0.0077937073029924,9
"[0,1,2,3,4,5,6,7,12,20,22,23,25,26,30,33,38,39,40,42,46,48,51,53,57,58,59,60,63,65,66,68,69,70,71,73,76,77,79,81,83,91,94]",66,10393,885,0.0851534686808429,9
"[0,1,2,3,4,5,6,7,12,20,22,23,25,26,30,33,38,39,40,42,46,48,51,53,57,58,59,60,63,65,66,68,69,70,71,73,76,77,79,81,83,91,94]",68,10393,283,0.0272298662561339,9
"[0,1,2,3,4,5,6,7,12,20,22,23,25,26,30,33,38,39,40,42,46,48,51,53,57,58,59,60,63,65,66,68,69,70,71,73,76,77,79,81,83,91,94]",69,10393,52,0.00500336765130376,9
"[0,1,2,3,4,5,6,7,12,20,22,23,25,26,30,33,38,39,40,42,46,48,51,53,57,58,59,60,63,65,66,68,69,70,71,73,76,77,79,81,83,91,94]",70,10393,26,0.00250168382565188,9
"[0,1,2,3,4,5,6,7,12,20,22,23,25,26,30,33,38,39,40,42,46,48,51,53,57,58,59,60,63,65,66,68,69,70,71,73,76,77,79,81,83,91,94]",71,10393,40,0.00384874434715674,9
"[0,1,2,3,4,5,6,7,12,20,22,23,25,26,30,33,38,39,40,42,46,48,51,53,57,58,59,60,63,65,66,68,69,70,71,73,76,77,79,81,83,91,94]",73,10393,68,0.00654286539016646,9
"[0,1,2,3,4,5,6,7,12,20,22,23,25,26,30,33,38,39,40,42,46,48,51,53,57,58,59,60,63,65,66,68,69,70,71,73,76,77,79,81,83,91,94]",76,10393,202,0.0194361589531415,9
"[0,1,2,3,4,5,6,7,12,20,22,23,25,26,30,33,38,39,40,42,46,48,51,53,57,58,59,60,63,65,66,68,69,70,71,73,76,77,79,81,83,91,94]",77,10393,184,0.017704223996921,9
"[0,1,2,3,4,5,6,7,12,20,22,23,25,26,30,33,38,39,40,42,46,48,51,53,57,58,59,60,63,65,66,68,69,70,71,73,76,77,79,81,83,91,94]",79,10393,237,0.0228038102569037,9
"[0,1,2,3,4,5,6,7,12,20,22,23,25,26,30,33,38,39,40,42,46,48,51,53,57,58,59,60,63,65,66,68,69,70,71,73,76,77,79,81,83,91,94]",81,10393,70,0.0067353026075243,9
"[0,1,2,3,4,5,6,7,12,20,22,23,25,26,30,33,38,39,40,42,46,48,51,53,57,58,59,60,63,65,66,68,69,70,71,73,76,77,79,81,83,91,94]",83,10393,37,0.00356008852111998,9
"[0,1,2,3,4,5,6,7,12,20,22,23,25,26,30,33,38,39,40,42,46,48,51,53,57,58,59,60,63,65,66,68,69,70,71,73,76,77,79,81,83,91,94]",91,10393,24,0.00230924660829404,9
"[0,1,2,3,4,5,6,7,12,20,22,23,25,26,30,33,38,39,40,42,46,48,51,53,57,58,59,60,63,65,66,68,69,70,71,73,76,77,79,81,83,91,94]",94,10393,17,0.00163571634754161,9
"[0,1,2,3,4,5,6,7,12,20,22,23,25,26,30,33,38,39,40,42,46,48,51,53,57,58,59,60,63,65,66,68,69,70,71,73,76,77,79,81,83,91]",0,935,17,0.0181818181818182,1
"[0,1,2,3,4,5,6,7,12,20,22,23,25,26,30,33,38,39,40,42,46,48,51,53,57,58,59,60,63,65,66,68,69,70,71,73,76,77,79,81,83,91]",1,935,37,0.039572192513369,1
"[0,1,2,3,4,5,6,7,12,20,22,23,25,26,30,33,38,39,40,42,46,48,51,53,57,58,59,60,63,65,66,68,69,70,71,73,76,77,79,81,83,91]",2,935,90,0.0962566844919786,1
"[0,1,2,3,4,5,6,7,12,20,22,23,25,26,30,33,38,39,40,42,46,48,51,53,57,58,59,60,63,65,66,68,69,70,71,73,76,77,79,81,83,91]",3,935,20,0.0213903743315508,1
"[0,1,2,3,4,5,6,7,12,20,22,23,25,26,30,33,38,39,40,42,46,48,51,53,57,58,59,60,63,65,66,68,69,70,71,73,76,77,79,81,83,91]",4,935,48,0.0513368983957219,1
"[0,1,2,3,4,5,6,7,12,20,22,23,25,26,30,33,38,39,40,42,46,48,51,53,57,58,59,60,63,65,66,68,69,70,71,73,76,77,79,81,83,91]",5,935,53,0.0566844919786096,1
"[0,1,2,3,4,5,6,7,12,20,22,23,25,26,30,33,38,39,40,42,46,48,51,53,57,58,59,60,63,65,66,68,69,70,71,73,76,77,79,81,83,91]",6,935,7,0.00748663101604278,1
"[0,1,2,3,4,5,6,7,12,20,22,23,25,26,30,33,38,39,40,42,46,48,51,53,57,58,59,60,63,65,66,68,69,70,71,73,76,77,79,81,83,91]",7,935,170,0.181818181818182,1
"[0,1,2,3,4,5,6,7,12,20,22,23,25,26,30,33,38,39,40,42,46,48,51,53,57,58,59,60,63,65,66,68,69,70,71,73,76,77,79,81,83,91]",12,935,25,0.0267379679144385,1
"[0,1,2,3,4,5,6,7,12,20,22,23,25,26,30,33,38,39,40,42,46,48,51,53,57,58,59,60,63,65,66,68,69,70,71,73,76,77,79,81,83,91]",20,935,36,0.0385026737967914,1
"[0,1,2,3,4,5,6,7,12,20,22,23,25,26,30,33,38,39,40,42,46,48,51,53,57,58,59,60,63,65,66,68,69,70,71,73,76,77,79,81,83,91]",22,935,10,0.0106951871657754,1
"[0,1,2,3,4,5,6,7,12,20,22,23,25,26,30,33,38,39,40,42,46,48,51,53,57,58,59,60,63,65,66,68,69,70,71,73,76,77,79,81,83,91]",23,935,23,0.0245989304812834,1
"[0,1,2,3,4,5,6,7,12,20,22,23,25,26,30,33,38,39,40,42,46,48,51,53,57,58,59,60,63,65,66,68,69,70,71,73,76,77,79,81,83,91]",25,935,16,0.0171122994652406,1
"[0,1,2,3,4,5,6,7,12,20,22,23,25,26,30,33,38,39,40,42,46,48,51,53,57,58,59,60,63,65,66,68,69,70,71,73,76,77,79,81,83,91]",26,935,26,0.027807486631016,1
"[0,1,2,3,4,5,6,7,12,20,22,23,25,26,30,33,38,39,40,42,46,48,51,53,57,58,59,60,63,65,66,68,69,70,71,73,76,77,79,81,83,91]",30,935,8,0.00855614973262032,1
"[0,1,2,3,4,5,6,7,12,20,22,23,25,26,30,33,38,39,40,42,46,48,51,53,57,58,59,60,63,65,66,68,69,70,71,73,76,77,79,81,83,91]",33,935,4,0.00427807486631016,1
"[0,1,2,3,4,5,6,7,12,20,22,23,25,26,30,33,38,39,40,42,46,48,51,53,57,58,59,60,63,65,66,68,69,70,71,73,76,77,79,81,83,91]",38,935,8,0.00855614973262032,1
"[0,1,2,3,4,5,6,7,12,20,22,23,25,26,30,33,38,39,40,42,46,48,51,53,57,58,59,60,63,65,66,68,69,70,71,73,76,77,79,81,83,91]",39,935,16,0.0171122994652406,1
"[0,1,2,3,4,5,6,7,12,20,22,23,25,26,30,33,38,39,40,42,46,48,51,53,57,58,59,60,63,65,66,68,69,70,71,73,76,77,79,81,83,91]",40,935,3,0.00320855614973262,1
"[0,1,2,3,4,5,6,7,12,20,22,23,25,26,30,33,38,39,40,42,46,48,51,53,57,58,59,60,63,65,66,68,69,70,71,73,76,77,79,81,83,91]",42,935,35,0.0374331550802139,1
"[0,1,2,3,4,5,6,7,12,20,22,23,25,26,30,33,38,39,40,42,46,48,51,53,57,58,59,60,63,65,66,68,69,70,71,73,76,77,79,81,83,91]",46,935,10,0.0106951871657754,1
"[0,1,2,3,4,5,6,7,12,20,22,23,25,26,30,33,38,39,40,42,46,48,51,53,57,58,59,60,63,65,66,68,69,70,71,73,76,77,79,81,83,91]",48,935,23,0.0245989304812834,1
"[0,1,2,3,4,5,6,7,12,20,22,23,25,26,30,33,38,39,40,42,46,48,51,53,57,58,59,60,63,65,66,68,69,70,71,73,76,77,79,81,83,91]",51,935,12,0.0128342245989305,1
"[0,1,2,3,4,5,6,7,12,20,22,23,25,26,30,33,38,39,40,42,46,48,51,53,57,58,59,60,63,65,66,68,69,70,71,73,76,77,79,81,83,91]",53,935,2,0.00213903743315508,1
"[0,1,2,3,4,5,6,7,12,20,22,23,25,26,30,33,38,39,40,42,46,48,51,53,57,58,59,60,63,65,66,68,69,70,71,73,76,77,79,81,83,91]",57,935,12,0.0128342245989305,1
"[0,1,2,3,4,5,6,7,12,20,22,23,25,26,30,33,38,39,40,42,46,48,51,53,57,58,59,60,63,65,66,68,69,70,71,73,76,77,79,81,83,91]",58,935,5,0.0053475935828877,1
"[0,1,2,3,4,5,6,7,12,20,22,23,25,26,30,33,38,39,40,42,46,48,51,53,57,58,59,60,63,65,66,68,69,70,71,73,76,77,79,81,83,91]",59,935,6,0.00641711229946524,1
"[0,1,2,3,4,5,6,7,12,20,22,23,25,26,30,33,38,39,40,42,46,48,51,53,57,58,59,60,63,65,66,68,69,70,71,73,76,77,79,81,83,91]",60,935,12,0.0128342245989305,1
"[0,1,2,3,4,5,6,7,12,20,22,23,25,26,30,33,38,39,40,42,46,48,51,53,57,58,59,60,63,65,66,68,69,70,71,73,76,77,79,81,83,91]",63,935,13,0.013903743315508,1
"[0,1,2,3,4,5,6,7,12,20,22,23,25,26,30,33,38,39,40,42,46,48,51,53,57,58,59,60,63,65,66,68,69,70,71,73,76,77,79,81,83,91]",65,935,10,0.0106951871657754,1
"[0,1,2,3,4,5,6,7,12,20,22,23,25,26,30,33,38,39,40,42,46,48,51,53,57,58,59,60,63,65,66,68,69,70,71,73,76,77,79,81,83,91]",66,935,62,0.0663101604278075,1
"[0,1,2,3,4,5,6,7,12,20,22,23,25,26,30,33,38,39,40,42,46,48,51,53,57,58,59,60,63,65,66,68,69,70,71,73,76,77,79,81,83,91]",68,935,4,0.00427807486631016,1
"[0,1,2,3,4,5,6,7,12,20,22,23,25,26,30,33,38,39,40,42,46,48,51,53,57,58,59,60,63,65,66,68,69,70,71,73,76,77,79,81,83,91]",69,935,11,0.0117647058823529,1
"[0,1,2,3,4,5,6,7,12,20,22,23,25,26,30,33,38,39,40,42,46,48,51,53,57,58,59,60,63,65,66,68,69,70,71,73,76,77,79,81,83,91]",70,935,1,0.00106951871657754,1
"[0,1,2,3,4,5,6,7,12,20,22,23,25,26,30,33,38,39,40,42,46,48,51,53,57,58,59,60,63,65,66,68,69,70,71,73,76,77,79,81,83,91]",71,935,2,0.00213903743315508,1
"[0,1,2,3,4,5,6,7,12,20,22,23,25,26,30,33,38,39,40,42,46,48,51,53,57,58,59,60,63,65,66,68,69,70,71,73,76,77,79,81,83,91]",73,935,4,0.00427807486631016,1
"[0,1,2,3,4,5,6,7,12,20,22,23,25,26,30,33,38,39,40,42,46,48,51,53,57,58,59,60,63,65,66,68,69,70,71,73,76,77,79,81,83,91]",76,935,27,0.0288770053475936,1
"[0,1,2,3,4,5,6,7,12,20,22,23,25,26,30,33,38,39,40,42,46,48,51,53,57,58,59,60,63,65,66,68,69,70,71,73,76,77,79,81,83,91]",77,935,25,0.0267379679144385,1
"[0,1,2,3,4,5,6,7,12,20,22,23,25,26,30,33,38,39,40,42,46,48,51,53,57,58,59,60,63,65,66,68,69,70,71,73,76,77,79,81,83,91]",79,935,32,0.0342245989304813,1
"[0,1,2,3,4,5,6,7,12,20,22,23,25,26,30,33,38,39,40,42,46,48,51,53,57,58,59,60,63,65,66,68,69,70,71,73,76,77,79,81,83,91]",81,935,7,0.00748663101604278,1
"[0,1,2,3,4,5,6,7,12,20,22,23,25,26,30,33,38,39,40,42,46,48,51,53,57,58,59,60,63,65,66,68,69,70,71,73,76,77,79,81,83,91]",83,935,2,0.00213903743315508,1
"[0,1,2,3,4,5,6,7,12,20,22,23,25,26,30,33,38,39,40,42,46,48,51,53,57,58,59,60,63,65,66,68,69,70,71,73,76,77,79,81,83,91]",91,935,1,0.00106951871657754,1
"[0,1,2,3,4,5,6,7,12,20,22,23,25,26,30,33,38,39,40,42,46,48,51,53,57,58,59,60,63,65,66,68,69,70,73,76,77,79,81,83,91,94]",0,1007,11,0.0109235352532274,1
"[0,1,2,3,4,5,6,7,12,20,22,23,25,26,30,33,38,39,40,42,46,48,51,53,57,58,59,60,63,65,66,68,69,70,73,76,77,79,81,83,91,94]",1,1007,25,0.0248262164846077,1
"[0,1,2,3,4,5,6,7,12,20,22,23,25,26,30,33,38,39,40,42,46,48,51,53,57,58,59,60,63,65,66,68,69,70,73,76,77,79,81,83,91,94]",2,1007,85,0.0844091360476663,1
"[0,1,2,3,4,5,6,7,12,20,22,23,25,26,30,33,38,39,40,42,46,48,51,53,57,58,59,60,63,65,66,68,69,70,73,76,77,79,81,83,91,94]",3,1007,7,0.00695134061569017,1
"[0,1,2,3,4,5,6,7,12,20,22,23,25,26,30,33,38,39,40,42,46,48,51,53,57,58,59,60,63,65,66,68,69,70,73,76,77,79,81,83,91,94]",4,1007,37,0.0367428003972195,1
"[0,1,2,3,4,5,6,7,12,20,22,23,25,26,30,33,38,39,40,42,46,48,51,53,57,58,59,60,63,65,66,68,69,70,73,76,77,79,81,83,91,94]",5,1007,16,0.015888778550149,1
"[0,1,2,3,4,5,6,7,12,20,22,23,25,26,30,33,38,39,40,42,46,48,51,53,57,58,59,60,63,65,66,68,69,70,73,76,77,79,81,83,91,94]",6,1007,7,0.00695134061569017,1
"[0,1,2,3,4,5,6,7,12,20,22,23,25,26,30,33,38,39,40,42,46,48,51,53,57,58,59,60,63,65,66,68,69,70,73,76,77,79,81,83,91,94]",7,1007,128,0.127110228401192,1
"[0,1,2,3,4,5,6,7,12,20,22,23,25,26,30,33,38,39,40,42,46,48,51,53,57,58,59,60,63,65,66,68,69,70,73,76,77,79,81,83,91,94]",12,1007,25,0.0248262164846077,1
"[0,1,2,3,4,5,6,7,12,20,22,23,25,26,30,33,38,39,40,42,46,48,51,53,57,58,59,60,63,65,66,68,69,70,73,76,77,79,81,83,91,94]",20,1007,41,0.0407149950347567,1
"[0,1,2,3,4,5,6,7,12,20,22,23,25,26,30,33,38,39,40,42,46,48,51,53,57,58,59,60,63,65,66,68,69,70,73,76,77,79,81,83,91,94]",22,1007,8,0.00794438927507448,1
"[0,1,2,3,4,5,6,7,12,20,22,23,25,26,30,33,38,39,40,42,46,48,51,53,57,58,59,60,63,65,66,68,69,70,73,76,77,79,81,83,91,94]",23,1007,10,0.0099304865938431,1
"[0,1,2,3,4,5,6,7,12,20,22,23,25,26,30,33,38,39,40,42,46,48,51,53,57,58,59,60,63,65,66,68,69,70,73,76,77,79,81,83,91,94]",25,1007,13,0.012909632571996,1
"[0,1,2,3,4,5,6,7,12,20,22,23,25,26,30,33,38,39,40,42,46,48,51,53,57,58,59,60,63,65,66,68,69,70,73,76,77,79,81,83,91,94]",26,1007,19,0.0188679245283019,1
"[0,1,2,3,4,5,6,7,12,20,22,23,25,26,30,33,38,39,40,42,46,48,51,53,57,58,59,60,63,65,66,68,69,70,73,76,77,79,81,83,91,94]",30,1007,3,0.00297914597815293,1
"[0,1,2,3,4,5,6,7,12,20,22,23,25,26,30,33,38,39,40,42,46,48,51,53,57,58,59,60,63,65,66,68,69,70,73,76,77,79,81,83,91,94]",33,1007,5,0.00496524329692155,1
"[0,1,2,3,4,5,6,7,12,20,22,23,25,26,30,33,38,39,40,42,46,48,51,53,57,58,59,60,63,65,66,68,69,70,73,76,77,79,81,83,91,94]",38,1007,247,0.245283018867925,1
"[0,1,2,3,4,5,6,7,12,20,22,23,25,26,30,33,38,39,40,42,46,48,51,53,57,58,59,60,63,65,66,68,69,70,73,76,77,79,81,83,91,94]",39,1007,21,0.0208540218470705,1
"[0,1,2,3,4,5,6,7,12,20,22,23,25,26,30,33,38,39,40,42,46,48,51,53,57,58,59,60,63,65,66,68,69,70,73,76,77,79,81,83,91,94]",40,1007,5,0.00496524329692155,1
"[0,1,2,3,4,5,6,7,12,20,22,23,25,26,30,33,38,39,40,42,46,48,51,53,57,58,59,60,63,65,66,68,69,70,73,76,77,79,81,83,91,94]",42,1007,15,0.0148957298907646,1
"[0,1,2,3,4,5,6,7,12,20,22,23,25,26,30,33,38,39,40,42,46,48,51,53,57,58,59,60,63,65,66,68,69,70,73,76,77,79,81,83,91,94]",46,1007,10,0.0099304865938431,1
"[0,1,2,3,4,5,6,7,12,20,22,23,25,26,30,33,38,39,40,42,46,48,51,53,57,58,59,60,63,65,66,68,69,70,73,76,77,79,81,83,91,94]",48,1007,5,0.00496524329692155,1
"[0,1,2,3,4,5,6,7,12,20,22,23,25,26,30,33,38,39,40,42,46,48,51,53,57,58,59,60,63,65,66,68,69,70,73,76,77,79,81,83,91,94]",51,1007,1,0.00099304865938431,1
"[0,1,2,3,4,5,6,7,12,20,22,23,25,26,30,33,38,39,40,42,46,48,51,53,57,58,59,60,63,65,66,68,69,70,73,76,77,79,81,83,91,94]",53,1007,2,0.00198609731876862,1
"[0,1,2,3,4,5,6,7,12,20,22,23,25,26,30,33,38,39,40,42,46,48,51,53,57,58,59,60,63,65,66,68,69,70,73,76,77,79,81,83,91,94]",57,1007,24,0.0238331678252234,1
"[0,1,2,3,4,5,6,7,12,20,22,23,25,26,30,33,38,39,40,42,46,48,51,53,57,58,59,60,63,65,66,68,69,70,73,76,77,79,81,83,91,94]",58,1007,3,0.00297914597815293,1
"[0,1,2,3,4,5,6,7,12,20,22,23,25,26,30,33,38,39,40,42,46,48,51,53,57,58,59,60,63,65,66,68,69,70,73,76,77,79,81,83,91,94]",59,1007,6,0.00595829195630586,1
"[0,1,2,3,4,5,6,7,12,20,22,23,25,26,30,33,38,39,40,42,46,48,51,53,57,58,59,60,63,65,66,68,69,70,73,76,77,79,81,83,91,94]",60,1007,7,0.00695134061569017,1
"[0,1,2,3,4,5,6,7,12,20,22,23,25,26,30,33,38,39,40,42,46,48,51,53,57,58,59,60,63,65,66,68,69,70,73,76,77,79,81,83,91,94]",63,1007,14,0.0139026812313803,1
"[0,1,2,3,4,5,6,7,12,20,22,23,25,26,30,33,38,39,40,42,46,48,51,53,57,58,59,60,63,65,66,68,69,70,73,76,77,79,81,83,91,94]",65,1007,4,0.00397219463753724,1
"[0,1,2,3,4,5,6,7,12,20,22,23,25,26,30,33,38,39,40,42,46,48,51,53,57,58,59,60,63,65,66,68,69,70,73,76,77,79,81,83,91,94]",66,1007,62,0.0615690168818272,1
"[0,1,2,3,4,5,6,7,12,20,22,23,25,26,30,33,38,39,40,42,46,48,51,53,57,58,59,60,63,65,66,68,69,70,73,76,77,79,81,83,91,94]",68,1007,52,0.0516385302879841,1
"[0,1,2,3,4,5,6,7,12,20,22,23,25,26,30,33,38,39,40,42,46,48,51,53,57,58,59,60,63,65,66,68,69,70,73,76,77,79,81,83,91,94]",69,1007,3,0.00297914597815293,1
"[0,1,2,3,4,5,6,7,12,20,22,23,25,26,30,33,38,39,40,42,46,48,51,53,57,58,59,60,63,65,66,68,69,70,73,76,77,79,81,83,91,94]",70,1007,1,0.00099304865938431,1
"[0,1,2,3,4,5,6,7,12,20,22,23,25,26,30,33,38,39,40,42,46,48,51,53,57,58,59,60,63,65,66,68,69,70,73,76,77,79,81,83,91,94]",73,1007,6,0.00595829195630586,1
"[0,1,2,3,4,5,6,7,12,20,22,23,25,26,30,33,38,39,40,42,46,48,51,53,57,58,59,60,63,65,66,68,69,70,73,76,77,79,81,83,91,94]",76,1007,24,0.0238331678252234,1
"[0,1,2,3,4,5,6,7,12,20,22,23,25,26,30,33,38,39,40,42,46,48,51,53,57,58,59,60,63,65,66,68,69,70,73,76,77,79,81,83,91,94]",77,1007,22,0.0218470705064548,1
"[0,1,2,3,4,5,6,7,12,20,22,23,25,26,30,33,38,39,40,42,46,48,51,53,57,58,59,60,63,65,66,68,69,70,73,76,77,79,81,83,91,94]",79,1007,17,0.0168818272095333,1
"[0,1,2,3,4,5,6,7,12,20,22,23,25,26,30,33,38,39,40,42,46,48,51,53,57,58,59,60,63,65,66,68,69,70,73,76,77,79,81,83,91,94]",81,1007,7,0.00695134061569017,1
"[0,1,2,3,4,5,6,7,12,20,22,23,25,26,30,33,38,39,40,42,46,48,51,53,57,58,59,60,63,65,66,68,69,70,73,76,77,79,81,83,91,94]",83,1007,4,0.00397219463753724,1
"[0,1,2,3,4,5,6,7,12,20,22,23,25,26,30,33,38,39,40,42,46,48,51,53,57,58,59,60,63,65,66,68,69,70,73,76,77,79,81,83,91,94]",91,1007,4,0.00397219463753724,1
"[0,1,2,3,4,5,6,7,12,20,22,23,25,26,30,33,38,39,40,42,46,48,51,53,57,58,59,60,63,65,66,68,69,70,73,76,77,79,81,83,91,94]",94,1007,1,0.00099304865938431,1
"[0,1,2,3,4,5,6,7,12,20,22,23,25,26,30,33,38,39,40,42,46,48,51,53,57,58,59,60,63,65,66,68,69,71,73,76,77,79,81,83,94]",0,1491,19,0.0127431254191818,1
"[0,1,2,3,4,5,6,7,12,20,22,23,25,26,30,33,38,39,40,42,46,48,51,53,57,58,59,60,63,65,66,68,69,71,73,76,77,79,81,83,94]",1,1491,25,0.0167672702883971,1
"[0,1,2,3,4,5,6,7,12,20,22,23,25,26,30,33,38,39,40,42,46,48,51,53,57,58,59,60,63,65,66,68,69,71,73,76,77,79,81,83,94]",2,1491,66,0.0442655935613682,1
"[0,1,2,3,4,5,6,7,12,20,22,23,25,26,30,33,38,39,40,42,46,48,51,53,57,58,59,60,63,65,66,68,69,71,73,76,77,79,81,83,94]",3,1491,14,0.00938967136150235,1
"[0,1,2,3,4,5,6,7,12,20,22,23,25,26,30,33,38,39,40,42,46,48,51,53,57,58,59,60,63,65,66,68,69,71,73,76,77,79,81,83,94]",4,1491,358,0.240107310529846,1
"[0,1,2,3,4,5,6,7,12,20,22,23,25,26,30,33,38,39,40,42,46,48,51,53,57,58,59,60,63,65,66,68,69,71,73,76,77,79,81,83,94]",5,1491,237,0.158953722334004,1
"[0,1,2,3,4,5,6,7,12,20,22,23,25,26,30,33,38,39,40,42,46,48,51,53,57,58,59,60,63,65,66,68,69,71,73,76,77,79,81,83,94]",6,1491,23,0.0154258886653253,1
"[0,1,2,3,4,5,6,7,12,20,22,23,25,26,30,33,38,39,40,42,46,48,51,53,57,58,59,60,63,65,66,68,69,71,73,76,77,79,81,83,94]",7,1491,180,0.120724346076459,1
"[0,1,2,3,4,5,6,7,12,20,22,23,25,26,30,33,38,39,40,42,46,48,51,53,57,58,59,60,63,65,66,68,69,71,73,76,77,79,81,83,94]",12,1491,29,0.0194500335345406,1
"[0,1,2,3,4,5,6,7,12,20,22,23,25,26,30,33,38,39,40,42,46,48,51,53,57,58,59,60,63,65,66,68,69,71,73,76,77,79,81,83,94]",20,1491,30,0.0201207243460765,1
"[0,1,2,3,4,5,6,7,12,20,22,23,25,26,30,33,38,39,40,42,46,48,51,53,57,58,59,60,63,65,66,68,69,71,73,76,77,79,81,83,94]",22,1491,5,0.00335345405767941,1
"[0,1,2,3,4,5,6,7,12,20,22,23,25,26,30,33,38,39,40,42,46,48,51,53,57,58,59,60,63,65,66,68,69,71,73,76,77,79,81,83,94]",23,1491,25,0.0167672702883971,1
"[0,1,2,3,4,5,6,7,12,20,22,23,25,26,30,33,38,39,40,42,46,48,51,53,57,58,59,60,63,65,66,68,69,71,73,76,77,79,81,83,94]",25,1491,12,0.00804828973843058,1
"[0,1,2,3,4,5,6,7,12,20,22,23,25,26,30,33,38,39,40,42,46,48,51,53,57,58,59,60,63,65,66,68,69,71,73,76,77,79,81,83,94]",26,1491,23,0.0154258886653253,1
"[0,1,2,3,4,5,6,7,12,20,22,23,25,26,30,33,38,39,40,42,46,48,51,53,57,58,59,60,63,65,66,68,69,71,73,76,77,79,81,83,94]",30,1491,1,0.000670690811535882,1
"[0,1,2,3,4,5,6,7,12,20,22,23,25,26,30,33,38,39,40,42,46,48,51,53,57,58,59,60,63,65,66,68,69,71,73,76,77,79,81,83,94]",33,1491,3,0.00201207243460765,1
"[0,1,2,3,4,5,6,7,12,20,22,23,25,26,30,33,38,39,40,42,46,48,51,53,57,58,59,60,63,65,66,68,69,71,73,76,77,79,81,83,94]",38,1491,2,0.00134138162307176,1
"[0,1,2,3,4,5,6,7,12,20,22,23,25,26,30,33,38,39,40,42,46,48,51,53,57,58,59,60,63,65,66,68,69,71,73,76,77,79,81,83,94]",39,1491,24,0.0160965794768612,1
"[0,1,2,3,4,5,6,7,12,20,22,23,25,26,30,33,38,39,40,42,46,48,51,53,57,58,59,60,63,65,66,68,69,71,73,76,77,79,81,83,94]",40,1491,6,0.00402414486921529,1
"[0,1,2,3,4,5,6,7,12,20,22,23,25,26,30,33,38,39,40,42,46,48,51,53,57,58,59,60,63,65,66,68,69,71,73,76,77,79,81,83,94]",42,1491,19,0.0127431254191818,1
"[0,1,2,3,4,5,6,7,12,20,22,23,25,26,30,33,38,39,40,42,46,48,51,53,57,58,59,60,63,65,66,68,69,71,73,76,77,79,81,83,94]",46,1491,7,0.00469483568075117,1
"[0,1,2,3,4,5,6,7,12,20,22,23,25,26,30,33,38,39,40,42,46,48,51,53,57,58,59,60,63,65,66,68,69,71,73,76,77,79,81,83,94]",48,1491,4,0.00268276324614353,1
"[0,1,2,3,4,5,6,7,12,20,22,23,25,26,30,33,38,39,40,42,46,48,51,53,57,58,59,60,63,65,66,68,69,71,73,76,77,79,81,83,94]",51,1491,6,0.00402414486921529,1
"[0,1,2,3,4,5,6,7,12,20,22,23,25,26,30,33,38,39,40,42,46,48,51,53,57,58,59,60,63,65,66,68,69,71,73,76,77,79,81,83,94]",53,1491,6,0.00402414486921529,1
"[0,1,2,3,4,5,6,7,12,20,22,23,25,26,30,33,38,39,40,42,46,48,51,53,57,58,59,60,63,65,66,68,69,71,73,76,77,79,81,83,94]",57,1491,75,0.0503018108651912,1
"[0,1,2,3,4,5,6,7,12,20,22,23,25,26,30,33,38,39,40,42,46,48,51,53,57,58,59,60,63,65,66,68,69,71,73,76,77,79,81,83,94]",58,1491,11,0.0073775989268947,1
"[0,1,2,3,4,5,6,7,12,20,22,23,25,26,30,33,38,39,40,42,46,48,51,53,57,58,59,60,63,65,66,68,69,71,73,76,77,79,81,83,94]",59,1491,4,0.00268276324614353,1
"[0,1,2,3,4,5,6,7,12,20,22,23,25,26,30,33,38,39,40,42,46,48,51,53,57,58,59,60,63,65,66,68,69,71,73,76,77,79,81,83,94]",60,1491,13,0.00871898054996647,1
"[0,1,2,3,4,5,6,7,12,20,22,23,25,26,30,33,38,39,40,42,46,48,51,53,57,58,59,60,63,65,66,68,69,71,73,76,77,79,81,83,94]",63,1491,17,0.01140174379611,1
"[0,1,2,3,4,5,6,7,12,20,22,23,25,26,30,33,38,39,40,42,46,48,51,53,57,58,59,60,63,65,66,68,69,71,73,76,77,79,81,83,94]",65,1491,6,0.00402414486921529,1
"[0,1,2,3,4,5,6,7,12,20,22,23,25,26,30,33,38,39,40,42,46,48,51,53,57,58,59,60,63,65,66,68,69,71,73,76,77,79,81,83,94]",66,1491,108,0.0724346076458753,1
"[0,1,2,3,4,5,6,7,12,20,22,23,25,26,30,33,38,39,40,42,46,48,51,53,57,58,59,60,63,65,66,68,69,71,73,76,77,79,81,83,94]",68,1491,4,0.00268276324614353,1
"[0,1,2,3,4,5,6,7,12,20,22,23,25,26,30,33,38,39,40,42,46,48,51,53,57,58,59,60,63,65,66,68,69,71,73,76,77,79,81,83,94]",69,1491,3,0.00201207243460765,1
"[0,1,2,3,4,5,6,7,12,20,22,23,25,26,30,33,38,39,40,42,46,48,51,53,57,58,59,60,63,65,66,68,69,71,73,76,77,79,81,83,94]",71,1491,3,0.00201207243460765,1
"[0,1,2,3,4,5,6,7,12,20,22,23,25,26,30,33,38,39,40,42,46,48,51,53,57,58,59,60,63,65,66,68,69,71,73,76,77,79,81,83,94]",73,1491,3,0.00201207243460765,1
"[0,1,2,3,4,5,6,7,12,20,22,23,25,26,30,33,38,39,40,42,46,48,51,53,57,58,59,60,63,65,66,68,69,71,73,76,77,79,81,83,94]",76,1491,23,0.0154258886653253,1
"[0,1,2,3,4,5,6,7,12,20,22,23,25,26,30,33,38,39,40,42,46,48,51,53,57,58,59,60,63,65,66,68,69,71,73,76,77,79,81,83,94]",77,1491,23,0.0154258886653253,1
"[0,1,2,3,4,5,6,7,12,20,22,23,25,26,30,33,38,39,40,42,46,48,51,53,57,58,59,60,63,65,66,68,69,71,73,76,77,79,81,83,94]",79,1491,55,0.0368879946344735,1
"[0,1,2,3,4,5,6,7,12,20,22,23,25,26,30,33,38,39,40,42,46,48,51,53,57,58,59,60,63,65,66,68,69,71,73,76,77,79,81,83,94]",81,1491,3,0.00201207243460765,1
"[0,1,2,3,4,5,6,7,12,20,22,23,25,26,30,33,38,39,40,42,46,48,51,53,57,58,59,60,63,65,66,68,69,71,73,76,77,79,81,83,94]",83,1491,5,0.00335345405767941,1
"[0,1,2,3,4,5,6,7,12,20,22,23,25,26,30,33,38,39,40,42,46,48,51,53,57,58,59,60,63,65,66,68,69,71,73,76,77,79,81,83,94]",94,1491,11,0.0073775989268947,1
"[0,1,2,3,4,5,6,7,12,20,22,23,25,26,30,33,38,39,40,42,46,48,51,53,57,58,59,60,63,65,66,68,69,71,73,76,77,79,81,91]",0,1173,11,0.00937766410912191,1
"[0,1,2,3,4,5,6,7,12,20,22,23,25,26,30,33,38,39,40,42,46,48,51,53,57,58,59,60,63,65,66,68,69,71,73,76,77,79,81,91]",1,1173,38,0.0323955669224211,1
"[0,1,2,3,4,5,6,7,12,20,22,23,25,26,30,33,38,39,40,42,46,48,51,53,57,58,59,60,63,65,66,68,69,71,73,76,77,79,81,91]",2,1173,66,0.0562659846547315,1
"[0,1,2,3,4,5,6,7,12,20,22,23,25,26,30,33,38,39,40,42,46,48,51,53,57,58,59,60,63,65,66,68,69,71,73,76,77,79,81,91]",3,1173,18,0.0153452685421995,1
"[0,1,2,3,4,5,6,7,12,20,22,23,25,26,30,33,38,39,40,42,46,48,51,53,57,58,59,60,63,65,66,68,69,71,73,76,77,79,81,91]",4,1173,47,0.0400682011935209,1
"[0,1,2,3,4,5,6,7,12,20,22,23,25,26,30,33,38,39,40,42,46,48,51,53,57,58,59,60,63,65,66,68,69,71,73,76,77,79,81,91]",5,1173,35,0.0298380221653879,1
"[0,1,2,3,4,5,6,7,12,20,22,23,25,26,30,33,38,39,40,42,46,48,51,53,57,58,59,60,63,65,66,68,69,71,73,76,77,79,81,91]",6,1173,22,0.0187553282182438,1
"[0,1,2,3,4,5,6,7,12,20,22,23,25,26,30,33,38,39,40,42,46,48,51,53,57,58,59,60,63,65,66,68,69,71,73,76,77,79,81,91]",7,1173,397,0.3384484228474,1
"[0,1,2,3,4,5,6,7,12,20,22,23,25,26,30,33,38,39,40,42,46,48,51,53,57,58,59,60,63,65,66,68,69,71,73,76,77,79,81,91]",12,1173,23,0.0196078431372549,1
"[0,1,2,3,4,5,6,7,12,20,22,23,25,26,30,33,38,39,40,42,46,48,51,53,57,58,59,60,63,65,66,68,69,71,73,76,77,79,81,91]",20,1173,41,0.0349531116794544,1
"[0,1,2,3,4,5,6,7,12,20,22,23,25,26,30,33,38,39,40,42,46,48,51,53,57,58,59,60,63,65,66,68,69,71,73,76,77,79,81,91]",22,1173,9,0.00767263427109974,1
"[0,1,2,3,4,5,6,7,12,20,22,23,25,26,30,33,38,39,40,42,46,48,51,53,57,58,59,60,63,65,66,68,69,71,73,76,77,79,81,91]",23,1173,27,0.0230179028132992,1
"[0,1,2,3,4,5,6,7,12,20,22,23,25,26,30,33,38,39,40,42,46,48,51,53,57,58,59,60,63,65,66,68,69,71,73,76,77,79,81,91]",25,1173,13,0.0110826939471441,1
"[0,1,2,3,4,5,6,7,12,20,22,23,25,26,30,33,38,39,40,42,46,48,51,53,57,58,59,60,63,65,66,68,69,71,73,76,77,79,81,91]",26,1173,28,0.0238704177323103,1
"[0,1,2,3,4,5,6,7,12,20,22,23,25,26,30,33,38,39,40,42,46,48,51,53,57,58,59,60,63,65,66,68,69,71,73,76,77,79,81,91]",30,1173,6,0.0051150895140665,1
"[0,1,2,3,4,5,6,7,12,20,22,23,25,26,30,33,38,39,40,42,46,48,51,53,57,58,59,60,63,65,66,68,69,71,73,76,77,79,81,91]",33,1173,4,0.00341005967604433,1
"[0,1,2,3,4,5,6,7,12,20,22,23,25,26,30,33,38,39,40,42,46,48,51,53,57,58,59,60,63,65,66,68,69,71,73,76,77,79,81,91]",38,1173,11,0.00937766410912191,1
"[0,1,2,3,4,5,6,7,12,20,22,23,25,26,30,33,38,39,40,42,46,48,51,53,57,58,59,60,63,65,66,68,69,71,73,76,77,79,81,91]",39,1173,15,0.0127877237851662,1
"[0,1,2,3,4,5,6,7,12,20,22,23,25,26,30,33,38,39,40,42,46,48,51,53,57,58,59,60,63,65,66,68,69,71,73,76,77,79,81,91]",40,1173,5,0.00426257459505541,1
"[0,1,2,3,4,5,6,7,12,20,22,23,25,26,30,33,38,39,40,42,46,48,51,53,57,58,59,60,63,65,66,68,69,71,73,76,77,79,81,91]",42,1173,27,0.0230179028132992,1
"[0,1,2,3,4,5,6,7,12,20,22,23,25,26,30,33,38,39,40,42,46,48,51,53,57,58,59,60,63,65,66,68,69,71,73,76,77,79,81,91]",46,1173,14,0.0119352088661552,1
"[0,1,2,3,4,5,6,7,12,20,22,23,25,26,30,33,38,39,40,42,46,48,51,53,57,58,59,60,63,65,66,68,69,71,73,76,77,79,81,91]",48,1173,1,0.000852514919011083,1
"[0,1,2,3,4,5,6,7,12,20,22,23,25,26,30,33,38,39,40,42,46,48,51,53,57,58,59,60,63,65,66,68,69,71,73,76,77,79,81,91]",51,1173,10,0.00852514919011083,1
"[0,1,2,3,4,5,6,7,12,20,22,23,25,26,30,33,38,39,40,42,46,48,51,53,57,58,59,60,63,65,66,68,69,71,73,76,77,79,81,91]",53,1173,14,0.0119352088661552,1
"[0,1,2,3,4,5,6,7,12,20,22,23,25,26,30,33,38,39,40,42,46,48,51,53,57,58,59,60,63,65,66,68,69,71,73,76,77,79,81,91]",57,1173,16,0.0136402387041773,1
"[0,1,2,3,4,5,6,7,12,20,22,23,25,26,30,33,38,39,40,42,46,48,51,53,57,58,59,60,63,65,66,68,69,71,73,76,77,79,81,91]",58,1173,10,0.00852514919011083,1
"[0,1,2,3,4,5,6,7,12,20,22,23,25,26,30,33,38,39,40,42,46,48,51,53,57,58,59,60,63,65,66,68,69,71,73,76,77,79,81,91]",59,1173,3,0.00255754475703325,1
"[0,1,2,3,4,5,6,7,12,20,22,23,25,26,30,33,38,39,40,42,46,48,51,53,57,58,59,60,63,65,66,68,69,71,73,76,77,79,81,91]",60,1173,13,0.0110826939471441,1
"[0,1,2,3,4,5,6,7,12,20,22,23,25,26,30,33,38,39,40,42,46,48,51,53,57,58,59,60,63,65,66,68,69,71,73,76,77,79,81,91]",63,1173,2,0.00170502983802217,1
"[0,1,2,3,4,5,6,7,12,20,22,23,25,26,30,33,38,39,40,42,46,48,51,53,57,58,59,60,63,65,66,68,69,71,73,76,77,79,81,91]",65,1173,8,0.00682011935208866,1
"[0,1,2,3,4,5,6,7,12,20,22,23,25,26,30,33,38,39,40,42,46,48,51,53,57,58,59,60,63,65,66,68,69,71,73,76,77,79,81,91]",66,1173,148,0.12617220801364,1
"[0,1,2,3,4,5,6,7,12,20,22,23,25,26,30,33,38,39,40,42,46,48,51,53,57,58,59,60,63,65,66,68,69,71,73,76,77,79,81,91]",68,1173,8,0.00682011935208866,1
"[0,1,2,3,4,5,6,7,12,20,22,23,25,26,30,33,38,39,40,42,46,48,51,53,57,58,59,60,63,65,66,68,69,71,73,76,77,79,81,91]",69,1173,4,0.00341005967604433,1
"[0,1,2,3,4,5,6,7,12,20,22,23,25,26,30,33,38,39,40,42,46,48,51,53,57,58,59,60,63,65,66,68,69,71,73,76,77,79,81,91]",71,1173,6,0.0051150895140665,1
"[0,1,2,3,4,5,6,7,12,20,22,23,25,26,30,33,38,39,40,42,46,48,51,53,57,58,59,60,63,65,66,68,69,71,73,76,77,79,81,91]",73,1173,3,0.00255754475703325,1
"[0,1,2,3,4,5,6,7,12,20,22,23,25,26,30,33,38,39,40,42,46,48,51,53,57,58,59,60,63,65,66,68,69,71,73,76,77,79,81,91]",76,1173,18,0.0153452685421995,1
"[0,1,2,3,4,5,6,7,12,20,22,23,25,26,30,33,38,39,40,42,46,48,51,53,57,58,59,60,63,65,66,68,69,71,73,76,77,79,81,91]",77,1173,21,0.0179028132992327,1
"[0,1,2,3,4,5,6,7,12,20,22,23,25,26,30,33,38,39,40,42,46,48,51,53,57,58,59,60,63,65,66,68,69,71,73,76,77,79,81,91]",79,1173,24,0.020460358056266,1
"[0,1,2,3,4,5,6,7,12,20,22,23,25,26,30,33,38,39,40,42,46,48,51,53,57,58,59,60,63,65,66,68,69,71,73,76,77,79,81,91]",81,1173,6,0.0051150895140665,1
"[0,1,2,3,4,5,6,7,12,20,22,23,25,26,30,33,38,39,40,42,46,48,51,53,57,58,59,60,63,65,66,68,69,71,73,76,77,79,81,91]",91,1173,1,0.000852514919011083,1
"[0,1,2,3,4,5,6,7,12,20,22,23,25,26,30,33,38,39,40,42,46,48,51,53,57,58,59,60,63,65,66,68,70,71,73,76,77,79,81,91]",0,1697,16,0.009428403064231,1
"[0,1,2,3,4,5,6,7,12,20,22,23,25,26,30,33,38,39,40,42,46,48,51,53,57,58,59,60,63,65,66,68,70,71,73,76,77,79,81,91]",1,1697,27,0.0159104301708898,1
"[0,1,2,3,4,5,6,7,12,20,22,23,25,26,30,33,38,39,40,42,46,48,51,53,57,58,59,60,63,65,66,68,70,71,73,76,77,79,81,91]",2,1697,96,0.056570418385386,1
"[0,1,2,3,4,5,6,7,12,20,22,23,25,26,30,33,38,39,40,42,46,48,51,53,57,58,59,60,63,65,66,68,70,71,73,76,77,79,81,91]",3,1697,9,0.00530347672362994,1
"[0,1,2,3,4,5,6,7,12,20,22,23,25,26,30,33,38,39,40,42,46,48,51,53,57,58,59,60,63,65,66,68,70,71,73,76,77,79,81,91]",4,1697,551,0.324690630524455,1
"[0,1,2,3,4,5,6,7,12,20,22,23,25,26,30,33,38,39,40,42,46,48,51,53,57,58,59,60,63,65,66,68,70,71,73,76,77,79,81,91]",5,1697,395,0.232763700648203,1
"[0,1,2,3,4,5,6,7,12,20,22,23,25,26,30,33,38,39,40,42,46,48,51,53,57,58,59,60,63,65,66,68,70,71,73,76,77,79,81,91]",6,1697,3,0.00176782557454331,1
"[0,1,2,3,4,5,6,7,12,20,22,23,25,26,30,33,38,39,40,42,46,48,51,53,57,58,59,60,63,65,66,68,70,71,73,76,77,79,81,91]",7,1697,114,0.0671773718326458,1
"[0,1,2,3,4,5,6,7,12,20,22,23,25,26,30,33,38,39,40,42,46,48,51,53,57,58,59,60,63,65,66,68,70,71,73,76,77,79,81,91]",12,1697,22,0.0129640542133176,1
"[0,1,2,3,4,5,6,7,12,20,22,23,25,26,30,33,38,39,40,42,46,48,51,53,57,58,59,60,63,65,66,68,70,71,73,76,77,79,81,91]",20,1697,30,0.0176782557454331,1
"[0,1,2,3,4,5,6,7,12,20,22,23,25,26,30,33,38,39,40,42,46,48,51,53,57,58,59,60,63,65,66,68,70,71,73,76,77,79,81,91]",22,1697,4,0.00235710076605775,1
"[0,1,2,3,4,5,6,7,12,20,22,23,25,26,30,33,38,39,40,42,46,48,51,53,57,58,59,60,63,65,66,68,70,71,73,76,77,79,81,91]",23,1697,9,0.00530347672362994,1
"[0,1,2,3,4,5,6,7,12,20,22,23,25,26,30,33,38,39,40,42,46,48,51,53,57,58,59,60,63,65,66,68,70,71,73,76,77,79,81,91]",25,1697,8,0.0047142015321155,1
"[0,1,2,3,4,5,6,7,12,20,22,23,25,26,30,33,38,39,40,42,46,48,51,53,57,58,59,60,63,65,66,68,70,71,73,76,77,79,81,91]",26,1697,17,0.0100176782557454,1
"[0,1,2,3,4,5,6,7,12,20,22,23,25,26,30,33,38,39,40,42,46,48,51,53,57,58,59,60,63,65,66,68,70,71,73,76,77,79,81,91]",30,1697,7,0.00412492634060106,1
"[0,1,2,3,4,5,6,7,12,20,22,23,25,26,30,33,38,39,40,42,46,48,51,53,57,58,59,60,63,65,66,68,70,71,73,76,77,79,81,91]",33,1697,5,0.00294637595757219,1
"[0,1,2,3,4,5,6,7,12,20,22,23,25,26,30,33,38,39,40,42,46,48,51,53,57,58,59,60,63,65,66,68,70,71,73,76,77,79,81,91]",38,1697,22,0.0129640542133176,1
"[0,1,2,3,4,5,6,7,12,20,22,23,25,26,30,33,38,39,40,42,46,48,51,53,57,58,59,60,63,65,66,68,70,71,73,76,77,79,81,91]",39,1697,19,0.0111962286387743,1
"[0,1,2,3,4,5,6,7,12,20,22,23,25,26,30,33,38,39,40,42,46,48,51,53,57,58,59,60,63,65,66,68,70,71,73,76,77,79,81,91]",40,1697,5,0.00294637595757219,1
"[0,1,2,3,4,5,6,7,12,20,22,23,25,26,30,33,38,39,40,42,46,48,51,53,57,58,59,60,63,65,66,68,70,71,73,76,77,79,81,91]",42,1697,14,0.00824985268120212,1
"[0,1,2,3,4,5,6,7,12,20,22,23,25,26,30,33,38,39,40,42,46,48,51,53,57,58,59,60,63,65,66,68,70,71,73,76,77,79,81,91]",46,1697,4,0.00235710076605775,1
"[0,1,2,3,4,5,6,7,12,20,22,23,25,26,30,33,38,39,40,42,46,48,51,53,57,58,59,60,63,65,66,68,70,71,73,76,77,79,81,91]",48,1697,2,0.00117855038302887,1
"[0,1,2,3,4,5,6,7,12,20,22,23,25,26,30,33,38,39,40,42,46,48,51,53,57,58,59,60,63,65,66,68,70,71,73,76,77,79,81,91]",51,1697,9,0.00530347672362994,1
"[0,1,2,3,4,5,6,7,12,20,22,23,25,26,30,33,38,39,40,42,46,48,51,53,57,58,59,60,63,65,66,68,70,71,73,76,77,79,81,91]",53,1697,3,0.00176782557454331,1
"[0,1,2,3,4,5,6,7,12,20,22,23,25,26,30,33,38,39,40,42,46,48,51,53,57,58,59,60,63,65,66,68,70,71,73,76,77,79,81,91]",57,1697,54,0.0318208603417796,1
"[0,1,2,3,4,5,6,7,12,20,22,23,25,26,30,33,38,39,40,42,46,48,51,53,57,58,59,60,63,65,66,68,70,71,73,76,77,79,81,91]",58,1697,9,0.00530347672362994,1
"[0,1,2,3,4,5,6,7,12,20,22,23,25,26,30,33,38,39,40,42,46,48,51,53,57,58,59,60,63,65,66,68,70,71,73,76,77,79,81,91]",59,1697,5,0.00294637595757219,1
"[0,1,2,3,4,5,6,7,12,20,22,23,25,26,30,33,38,39,40,42,46,48,51,53,57,58,59,60,63,65,66,68,70,71,73,76,77,79,81,91]",60,1697,10,0.00589275191514437,1
"[0,1,2,3,4,5,6,7,12,20,22,23,25,26,30,33,38,39,40,42,46,48,51,53,57,58,59,60,63,65,66,68,70,71,73,76,77,79,81,91]",63,1697,18,0.0106069534472599,1
"[0,1,2,3,4,5,6,7,12,20,22,23,25,26,30,33,38,39,40,42,46,48,51,53,57,58,59,60,63,65,66,68,70,71,73,76,77,79,81,91]",65,1697,7,0.00412492634060106,1
"[0,1,2,3,4,5,6,7,12,20,22,23,25,26,30,33,38,39,40,42,46,48,51,53,57,58,59,60,63,65,66,68,70,71,73,76,77,79,81,91]",66,1697,39,0.0229817324690631,1
"[0,1,2,3,4,5,6,7,12,20,22,23,25,26,30,33,38,39,40,42,46,48,51,53,57,58,59,60,63,65,66,68,70,71,73,76,77,79,81,91]",68,1697,20,0.0117855038302887,1
"[0,1,2,3,4,5,6,7,12,20,22,23,25,26,30,33,38,39,40,42,46,48,51,53,57,58,59,60,63,65,66,68,70,71,73,76,77,79,81,91]",70,1697,2,0.00117855038302887,1
"[0,1,2,3,4,5,6,7,12,20,22,23,25,26,30,33,38,39,40,42,46,48,51,53,57,58,59,60,63,65,66,68,70,71,73,76,77,79,81,91]",71,1697,4,0.00235710076605775,1
"[0,1,2,3,4,5,6,7,12,20,22,23,25,26,30,33,38,39,40,42,46,48,51,53,57,58,59,60,63,65,66,68,70,71,73,76,77,79,81,91]",73,1697,3,0.00176782557454331,1
"[0,1,2,3,4,5,6,7,12,20,22,23,25,26,30,33,38,39,40,42,46,48,51,53,57,58,59,60,63,65,66,68,70,71,73,76,77,79,81,91]",76,1697,17,0.0100176782557454,1
"[0,1,2,3,4,5,6,7,12,20,22,23,25,26,30,33,38,39,40,42,46,48,51,53,57,58,59,60,63,65,66,68,70,71,73,76,77,79,81,91]",77,1697,19,0.0111962286387743,1
"[0,1,2,3,4,5,6,7,12,20,22,23,25,26,30,33,38,39,40,42,46,48,51,53,57,58,59,60,63,65,66,68,70,71,73,76,77,79,81,91]",79,1697,90,0.0530347672362994,1
"[0,1,2,3,4,5,6,7,12,20,22,23,25,26,30,33,38,39,40,42,46,48,51,53,57,58,59,60,63,65,66,68,70,71,73,76,77,79,81,91]",81,1697,5,0.00294637595757219,1
"[0,1,2,3,4,5,6,7,12,20,22,23,25,26,30,33,38,39,40,42,46,48,51,53,57,58,59,60,63,65,66,68,70,71,73,76,77,79,81,91]",91,1697,4,0.00235710076605775,1
"[0,1,2,3,4,5,6,7,12,20,22,23,25,26,30,33,38,39,40,42,46,48,51,57,58,59,60,63,65,66,68,69,70,71,73,76,77,79,81,83,91,94,98]",0,1007,13,0.012909632571996,1
"[0,1,2,3,4,5,6,7,12,20,22,23,25,26,30,33,38,39,40,42,46,48,51,57,58,59,60,63,65,66,68,69,70,71,73,76,77,79,81,83,91,94,98]",1,1007,16,0.015888778550149,1
"[0,1,2,3,4,5,6,7,12,20,22,23,25,26,30,33,38,39,40,42,46,48,51,57,58,59,60,63,65,66,68,69,70,71,73,76,77,79,81,83,91,94,98]",2,1007,72,0.0714995034756703,1
"[0,1,2,3,4,5,6,7,12,20,22,23,25,26,30,33,38,39,40,42,46,48,51,57,58,59,60,63,65,66,68,69,70,71,73,76,77,79,81,83,91,94,98]",3,1007,114,0.113207547169811,1
"[0,1,2,3,4,5,6,7,12,20,22,23,25,26,30,33,38,39,40,42,46,48,51,57,58,59,60,63,65,66,68,69,70,71,73,76,77,79,81,83,91,94,98]",4,1007,26,0.0258192651439921,1
"[0,1,2,3,4,5,6,7,12,20,22,23,25,26,30,33,38,39,40,42,46,48,51,57,58,59,60,63,65,66,68,69,70,71,73,76,77,79,81,83,91,94,98]",5,1007,42,0.041708043694141,1
"[0,1,2,3,4,5,6,7,12,20,22,23,25,26,30,33,38,39,40,42,46,48,51,57,58,59,60,63,65,66,68,69,70,71,73,76,77,79,81,83,91,94,98]",6,1007,14,0.0139026812313803,1
"[0,1,2,3,4,5,6,7,12,20,22,23,25,26,30,33,38,39,40,42,46,48,51,57,58,59,60,63,65,66,68,69,70,71,73,76,77,79,81,83,91,94,98]",7,1007,144,0.142999006951341,1
"[0,1,2,3,4,5,6,7,12,20,22,23,25,26,30,33,38,39,40,42,46,48,51,57,58,59,60,63,65,66,68,69,70,71,73,76,77,79,81,83,91,94,98]",12,1007,61,0.0605759682224429,1
"[0,1,2,3,4,5,6,7,12,20,22,23,25,26,30,33,38,39,40,42,46,48,51,57,58,59,60,63,65,66,68,69,70,71,73,76,77,79,81,83,91,94,98]",20,1007,31,0.0307845084409136,1
"[0,1,2,3,4,5,6,7,12,20,22,23,25,26,30,33,38,39,40,42,46,48,51,57,58,59,60,63,65,66,68,69,70,71,73,76,77,79,81,83,91,94,98]",22,1007,10,0.0099304865938431,1
"[0,1,2,3,4,5,6,7,12,20,22,23,25,26,30,33,38,39,40,42,46,48,51,57,58,59,60,63,65,66,68,69,70,71,73,76,77,79,81,83,91,94,98]",23,1007,35,0.0347567030784508,1
"[0,1,2,3,4,5,6,7,12,20,22,23,25,26,30,33,38,39,40,42,46,48,51,57,58,59,60,63,65,66,68,69,70,71,73,76,77,79,81,83,91,94,98]",25,1007,8,0.00794438927507448,1
"[0,1,2,3,4,5,6,7,12,20,22,23,25,26,30,33,38,39,40,42,46,48,51,57,58,59,60,63,65,66,68,69,70,71,73,76,77,79,81,83,91,94,98]",26,1007,27,0.0268123138033764,1
"[0,1,2,3,4,5,6,7,12,20,22,23,25,26,30,33,38,39,40,42,46,48,51,57,58,59,60,63,65,66,68,69,70,71,73,76,77,79,81,83,91,94,98]",30,1007,9,0.00893743793445879,1
"[0,1,2,3,4,5,6,7,12,20,22,23,25,26,30,33,38,39,40,42,46,48,51,57,58,59,60,63,65,66,68,69,70,71,73,76,77,79,81,83,91,94,98]",33,1007,1,0.00099304865938431,1
"[0,1,2,3,4,5,6,7,12,20,22,23,25,26,30,33,38,39,40,42,46,48,51,57,58,59,60,63,65,66,68,69,70,71,73,76,77,79,81,83,91,94,98]",38,1007,12,0.0119165839126117,1
"[0,1,2,3,4,5,6,7,12,20,22,23,25,26,30,33,38,39,40,42,46,48,51,57,58,59,60,63,65,66,68,69,70,71,73,76,77,79,81,83,91,94,98]",39,1007,24,0.0238331678252234,1
"[0,1,2,3,4,5,6,7,12,20,22,23,25,26,30,33,38,39,40,42,46,48,51,57,58,59,60,63,65,66,68,69,70,71,73,76,77,79,81,83,91,94,98]",40,1007,3,0.00297914597815293,1
"[0,1,2,3,4,5,6,7,12,20,22,23,25,26,30,33,38,39,40,42,46,48,51,57,58,59,60,63,65,66,68,69,70,71,73,76,77,79,81,83,91,94,98]",42,1007,27,0.0268123138033764,1
"[0,1,2,3,4,5,6,7,12,20,22,23,25,26,30,33,38,39,40,42,46,48,51,57,58,59,60,63,65,66,68,69,70,71,73,76,77,79,81,83,91,94,98]",46,1007,3,0.00297914597815293,1
"[0,1,2,3,4,5,6,7,12,20,22,23,25,26,30,33,38,39,40,42,46,48,51,57,58,59,60,63,65,66,68,69,70,71,73,76,77,79,81,83,91,94,98]",48,1007,6,0.00595829195630586,1
"[0,1,2,3,4,5,6,7,12,20,22,23,25,26,30,33,38,39,40,42,46,48,51,57,58,59,60,63,65,66,68,69,70,71,73,76,77,79,81,83,91,94,98]",51,1007,8,0.00794438927507448,1
"[0,1,2,3,4,5,6,7,12,20,22,23,25,26,30,33,38,39,40,42,46,48,51,57,58,59,60,63,65,66,68,69,70,71,73,76,77,79,81,83,91,94,98]",57,1007,7,0.00695134061569017,1
"[0,1,2,3,4,5,6,7,12,20,22,23,25,26,30,33,38,39,40,42,46,48,51,57,58,59,60,63,65,66,68,69,70,71,73,76,77,79,81,83,91,94,98]",58,1007,13,0.012909632571996,1
"[0,1,2,3,4,5,6,7,12,20,22,23,25,26,30,33,38,39,40,42,46,48,51,57,58,59,60,63,65,66,68,69,70,71,73,76,77,79,81,83,91,94,98]",59,1007,97,0.0963257199602781,1
"[0,1,2,3,4,5,6,7,12,20,22,23,25,26,30,33,38,39,40,42,46,48,51,57,58,59,60,63,65,66,68,69,70,71,73,76,77,79,81,83,91,94,98]",60,1007,16,0.015888778550149,1
"[0,1,2,3,4,5,6,7,12,20,22,23,25,26,30,33,38,39,40,42,46,48,51,57,58,59,60,63,65,66,68,69,70,71,73,76,77,79,81,83,91,94,98]",63,1007,18,0.0178748758689176,1
"[0,1,2,3,4,5,6,7,12,20,22,23,25,26,30,33,38,39,40,42,46,48,51,57,58,59,60,63,65,66,68,69,70,71,73,76,77,79,81,83,91,94,98]",65,1007,4,0.00397219463753724,1
"[0,1,2,3,4,5,6,7,12,20,22,23,25,26,30,33,38,39,40,42,46,48,51,57,58,59,60,63,65,66,68,69,70,71,73,76,77,79,81,83,91,94,98]",66,1007,62,0.0615690168818272,1
"[0,1,2,3,4,5,6,7,12,20,22,23,25,26,30,33,38,39,40,42,46,48,51,57,58,59,60,63,65,66,68,69,70,71,73,76,77,79,81,83,91,94,98]",68,1007,8,0.00794438927507448,1
"[0,1,2,3,4,5,6,7,12,20,22,23,25,26,30,33,38,39,40,42,46,48,51,57,58,59,60,63,65,66,68,69,70,71,73,76,77,79,81,83,91,94,98]",69,1007,3,0.00297914597815293,1
"[0,1,2,3,4,5,6,7,12,20,22,23,25,26,30,33,38,39,40,42,46,48,51,57,58,59,60,63,65,66,68,69,70,71,73,76,77,79,81,83,91,94,98]",70,1007,2,0.00198609731876862,1
"[0,1,2,3,4,5,6,7,12,20,22,23,25,26,30,33,38,39,40,42,46,48,51,57,58,59,60,63,65,66,68,69,70,71,73,76,77,79,81,83,91,94,98]",71,1007,1,0.00099304865938431,1
"[0,1,2,3,4,5,6,7,12,20,22,23,25,26,30,33,38,39,40,42,46,48,51,57,58,59,60,63,65,66,68,69,70,71,73,76,77,79,81,83,91,94,98]",73,1007,3,0.00297914597815293,1
"[0,1,2,3,4,5,6,7,12,20,22,23,25,26,30,33,38,39,40,42,46,48,51,57,58,59,60,63,65,66,68,69,70,71,73,76,77,79,81,83,91,94,98]",76,1007,24,0.0238331678252234,1
"[0,1,2,3,4,5,6,7,12,20,22,23,25,26,30,33,38,39,40,42,46,48,51,57,58,59,60,63,65,66,68,69,70,71,73,76,77,79,81,83,91,94,98]",77,1007,20,0.0198609731876862,1
"[0,1,2,3,4,5,6,7,12,20,22,23,25,26,30,33,38,39,40,42,46,48,51,57,58,59,60,63,65,66,68,69,70,71,73,76,77,79,81,83,91,94,98]",79,1007,10,0.0099304865938431,1
"[0,1,2,3,4,5,6,7,12,20,22,23,25,26,30,33,38,39,40,42,46,48,51,57,58,59,60,63,65,66,68,69,70,71,73,76,77,79,81,83,91,94,98]",81,1007,3,0.00297914597815293,1
"[0,1,2,3,4,5,6,7,12,20,22,23,25,26,30,33,38,39,40,42,46,48,51,57,58,59,60,63,65,66,68,69,70,71,73,76,77,79,81,83,91,94,98]",83,1007,1,0.00099304865938431,1
"[0,1,2,3,4,5,6,7,12,20,22,23,25,26,30,33,38,39,40,42,46,48,51,57,58,59,60,63,65,66,68,69,70,71,73,76,77,79,81,83,91,94,98]",91,1007,4,0.00397219463753724,1
"[0,1,2,3,4,5,6,7,12,20,22,23,25,26,30,33,38,39,40,42,46,48,51,57,58,59,60,63,65,66,68,69,70,71,73,76,77,79,81,83,91,94,98]",94,1007,1,0.00099304865938431,1
"[0,1,2,3,4,5,6,7,12,20,22,23,25,26,30,33,38,39,40,42,46,48,51,57,58,59,60,63,65,66,68,69,70,71,73,76,77,79,81,83,91,94,98]",98,1007,4,0.00397219463753724,1
"[0,1,2,3,4,5,6,7,12,20,22,23,25,26,30,33,38,39,40,42,46,48,51,57,58,59,60,63,65,66,68,69,70,71,73,76,77,79,81,91,94]",0,1087,13,0.0119595216191352,1
"[0,1,2,3,4,5,6,7,12,20,22,23,25,26,30,33,38,39,40,42,46,48,51,57,58,59,60,63,65,66,68,69,70,71,73,76,77,79,81,91,94]",1,1087,42,0.0386384544618215,1
"[0,1,2,3,4,5,6,7,12,20,22,23,25,26,30,33,38,39,40,42,46,48,51,57,58,59,60,63,65,66,68,69,70,71,73,76,77,79,81,91,94]",2,1087,129,0.11867525298988,1
"[0,1,2,3,4,5,6,7,12,20,22,23,25,26,30,33,38,39,40,42,46,48,51,57,58,59,60,63,65,66,68,69,70,71,73,76,77,79,81,91,94]",3,1087,20,0.0183992640294388,1
"[0,1,2,3,4,5,6,7,12,20,22,23,25,26,30,33,38,39,40,42,46,48,51,57,58,59,60,63,65,66,68,69,70,71,73,76,77,79,81,91,94]",4,1087,40,0.0367985280588776,1
"[0,1,2,3,4,5,6,7,12,20,22,23,25,26,30,33,38,39,40,42,46,48,51,57,58,59,60,63,65,66,68,69,70,71,73,76,77,79,81,91,94]",5,1087,3,0.00275988960441582,1
"[0,1,2,3,4,5,6,7,12,20,22,23,25,26,30,33,38,39,40,42,46,48,51,57,58,59,60,63,65,66,68,69,70,71,73,76,77,79,81,91,94]",6,1087,270,0.248390064397424,1
"[0,1,2,3,4,5,6,7,12,20,22,23,25,26,30,33,38,39,40,42,46,48,51,57,58,59,60,63,65,66,68,69,70,71,73,76,77,79,81,91,94]",7,1087,137,0.126034958601656,1
"[0,1,2,3,4,5,6,7,12,20,22,23,25,26,30,33,38,39,40,42,46,48,51,57,58,59,60,63,65,66,68,69,70,71,73,76,77,79,81,91,94]",12,1087,23,0.0211591536338546,1
"[0,1,2,3,4,5,6,7,12,20,22,23,25,26,30,33,38,39,40,42,46,48,51,57,58,59,60,63,65,66,68,69,70,71,73,76,77,79,81,91,94]",20,1087,40,0.0367985280588776,1
"[0,1,2,3,4,5,6,7,12,20,22,23,25,26,30,33,38,39,40,42,46,48,51,57,58,59,60,63,65,66,68,69,70,71,73,76,77,79,81,91,94]",22,1087,3,0.00275988960441582,1
"[0,1,2,3,4,5,6,7,12,20,22,23,25,26,30,33,38,39,40,42,46,48,51,57,58,59,60,63,65,66,68,69,70,71,73,76,77,79,81,91,94]",23,1087,14,0.0128794848206072,1
"[0,1,2,3,4,5,6,7,12,20,22,23,25,26,30,33,38,39,40,42,46,48,51,57,58,59,60,63,65,66,68,69,70,71,73,76,77,79,81,91,94]",25,1087,13,0.0119595216191352,1
"[0,1,2,3,4,5,6,7,12,20,22,23,25,26,30,33,38,39,40,42,46,48,51,57,58,59,60,63,65,66,68,69,70,71,73,76,77,79,81,91,94]",26,1087,25,0.0229990800367985,1
"[0,1,2,3,4,5,6,7,12,20,22,23,25,26,30,33,38,39,40,42,46,48,51,57,58,59,60,63,65,66,68,69,70,71,73,76,77,79,81,91,94]",30,1087,10,0.00919963201471941,1
"[0,1,2,3,4,5,6,7,12,20,22,23,25,26,30,33,38,39,40,42,46,48,51,57,58,59,60,63,65,66,68,69,70,71,73,76,77,79,81,91,94]",33,1087,6,0.00551977920883165,1
"[0,1,2,3,4,5,6,7,12,20,22,23,25,26,30,33,38,39,40,42,46,48,51,57,58,59,60,63,65,66,68,69,70,71,73,76,77,79,81,91,94]",38,1087,10,0.00919963201471941,1
"[0,1,2,3,4,5,6,7,12,20,22,23,25,26,30,33,38,39,40,42,46,48,51,57,58,59,60,63,65,66,68,69,70,71,73,76,77,79,81,91,94]",39,1087,25,0.0229990800367985,1
"[0,1,2,3,4,5,6,7,12,20,22,23,25,26,30,33,38,39,40,42,46,48,51,57,58,59,60,63,65,66,68,69,70,71,73,76,77,79,81,91,94]",40,1087,5,0.00459981600735971,1
"[0,1,2,3,4,5,6,7,12,20,22,23,25,26,30,33,38,39,40,42,46,48,51,57,58,59,60,63,65,66,68,69,70,71,73,76,77,79,81,91,94]",42,1087,24,0.0220791168353266,1
"[0,1,2,3,4,5,6,7,12,20,22,23,25,26,30,33,38,39,40,42,46,48,51,57,58,59,60,63,65,66,68,69,70,71,73,76,77,79,81,91,94]",46,1087,8,0.00735970561177553,1
"[0,1,2,3,4,5,6,7,12,20,22,23,25,26,30,33,38,39,40,42,46,48,51,57,58,59,60,63,65,66,68,69,70,71,73,76,77,79,81,91,94]",48,1087,2,0.00183992640294388,1
"[0,1,2,3,4,5,6,7,12,20,22,23,25,26,30,33,38,39,40,42,46,48,51,57,58,59,60,63,65,66,68,69,70,71,73,76,77,79,81,91,94]",51,1087,6,0.00551977920883165,1
"[0,1,2,3,4,5,6,7,12,20,22,23,25,26,30,33,38,39,40,42,46,48,51,57,58,59,60,63,65,66,68,69,70,71,73,76,77,79,81,91,94]",57,1087,4,0.00367985280588776,1
"[0,1,2,3,4,5,6,7,12,20,22,23,25,26,30,33,38,39,40,42,46,48,51,57,58,59,60,63,65,66,68,69,70,71,73,76,77,79,81,91,94]",58,1087,6,0.00551977920883165,1
"[0,1,2,3,4,5,6,7,12,20,22,23,25,26,30,33,38,39,40,42,46,48,51,57,58,59,60,63,65,66,68,69,70,71,73,76,77,79,81,91,94]",59,1087,7,0.00643974241030359,1
"[0,1,2,3,4,5,6,7,12,20,22,23,25,26,30,33,38,39,40,42,46,48,51,57,58,59,60,63,65,66,68,69,70,71,73,76,77,79,81,91,94]",60,1087,6,0.00551977920883165,1
"[0,1,2,3,4,5,6,7,12,20,22,23,25,26,30,33,38,39,40,42,46,48,51,57,58,59,60,63,65,66,68,69,70,71,73,76,77,79,81,91,94]",63,1087,12,0.0110395584176633,1
"[0,1,2,3,4,5,6,7,12,20,22,23,25,26,30,33,38,39,40,42,46,48,51,57,58,59,60,63,65,66,68,69,70,71,73,76,77,79,81,91,94]",65,1087,9,0.00827966881324747,1
"[0,1,2,3,4,5,6,7,12,20,22,23,25,26,30,33,38,39,40,42,46,48,51,57,58,59,60,63,65,66,68,69,70,71,73,76,77,79,81,91,94]",66,1087,83,0.0763569457221711,1
"[0,1,2,3,4,5,6,7,12,20,22,23,25,26,30,33,38,39,40,42,46,48,51,57,58,59,60,63,65,66,68,69,70,71,73,76,77,79,81,91,94]",68,1087,6,0.00551977920883165,1
"[0,1,2,3,4,5,6,7,12,20,22,23,25,26,30,33,38,39,40,42,46,48,51,57,58,59,60,63,65,66,68,69,70,71,73,76,77,79,81,91,94]",69,1087,8,0.00735970561177553,1
"[0,1,2,3,4,5,6,7,12,20,22,23,25,26,30,33,38,39,40,42,46,48,51,57,58,59,60,63,65,66,68,69,70,71,73,76,77,79,81,91,94]",70,1087,1,0.000919963201471941,1
"[0,1,2,3,4,5,6,7,12,20,22,23,25,26,30,33,38,39,40,42,46,48,51,57,58,59,60,63,65,66,68,69,70,71,73,76,77,79,81,91,94]",71,1087,3,0.00275988960441582,1
"[0,1,2,3,4,5,6,7,12,20,22,23,25,26,30,33,38,39,40,42,46,48,51,57,58,59,60,63,65,66,68,69,70,71,73,76,77,79,81,91,94]",73,1087,3,0.00275988960441582,1
"[0,1,2,3,4,5,6,7,12,20,22,23,25,26,30,33,38,39,40,42,46,48,51,57,58,59,60,63,65,66,68,69,70,71,73,76,77,79,81,91,94]",76,1087,23,0.0211591536338546,1
"[0,1,2,3,4,5,6,7,12,20,22,23,25,26,30,33,38,39,40,42,46,48,51,57,58,59,60,63,65,66,68,69,70,71,73,76,77,79,81,91,94]",77,1087,21,0.0193192272309108,1
"[0,1,2,3,4,5,6,7,12,20,22,23,25,26,30,33,38,39,40,42,46,48,51,57,58,59,60,63,65,66,68,69,70,71,73,76,77,79,81,91,94]",79,1087,19,0.0174793008279669,1
"[0,1,2,3,4,5,6,7,12,20,22,23,25,26,30,33,38,39,40,42,46,48,51,57,58,59,60,63,65,66,68,69,70,71,73,76,77,79,81,91,94]",81,1087,6,0.00551977920883165,1
"[0,1,2,3,4,5,6,7,12,20,22,23,25,26,30,33,38,39,40,42,46,48,51,57,58,59,60,63,65,66,68,69,70,71,73,76,77,79,81,91,94]",91,1087,1,0.000919963201471941,1
"[0,1,2,3,4,5,6,7,12,20,22,23,25,26,30,33,38,39,40,42,46,48,51,57,58,59,60,63,65,66,68,69,70,71,73,76,77,79,81,91,94]",94,1087,1,0.000919963201471941,1
"[0,1,2,3,4,5,6,7,12,20,22,23,25,26,30,33,38,39,40,42,46,48,51,57,58,59,60,63,65,66,68,69,70,71,73,76,77,79,81,91]",0,1602,22,0.0137328339575531,2
"[0,1,2,3,4,5,6,7,12,20,22,23,25,26,30,33,38,39,40,42,46,48,51,57,58,59,60,63,65,66,68,69,70,71,73,76,77,79,81,91]",1,1602,48,0.0299625468164794,2
"[0,1,2,3,4,5,6,7,12,20,22,23,25,26,30,33,38,39,40,42,46,48,51,57,58,59,60,63,65,66,68,69,70,71,73,76,77,79,81,91]",2,1602,188,0.117353308364544,2
"[0,1,2,3,4,5,6,7,12,20,22,23,25,26,30,33,38,39,40,42,46,48,51,57,58,59,60,63,65,66,68,69,70,71,73,76,77,79,81,91]",3,1602,34,0.0212234706616729,2
"[0,1,2,3,4,5,6,7,12,20,22,23,25,26,30,33,38,39,40,42,46,48,51,57,58,59,60,63,65,66,68,69,70,71,73,76,77,79,81,91]",4,1602,54,0.0337078651685393,2
"[0,1,2,3,4,5,6,7,12,20,22,23,25,26,30,33,38,39,40,42,46,48,51,57,58,59,60,63,65,66,68,69,70,71,73,76,77,79,81,91]",5,1602,38,0.0237203495630462,2
"[0,1,2,3,4,5,6,7,12,20,22,23,25,26,30,33,38,39,40,42,46,48,51,57,58,59,60,63,65,66,68,69,70,71,73,76,77,79,81,91]",6,1602,26,0.0162297128589263,2
"[0,1,2,3,4,5,6,7,12,20,22,23,25,26,30,33,38,39,40,42,46,48,51,57,58,59,60,63,65,66,68,69,70,71,73,76,77,79,81,91]",7,1602,282,0.176029962546816,2
"[0,1,2,3,4,5,6,7,12,20,22,23,25,26,30,33,38,39,40,42,46,48,51,57,58,59,60,63,65,66,68,69,70,71,73,76,77,79,81,91]",12,1602,44,0.0274656679151061,2
"[0,1,2,3,4,5,6,7,12,20,22,23,25,26,30,33,38,39,40,42,46,48,51,57,58,59,60,63,65,66,68,69,70,71,73,76,77,79,81,91]",20,1602,92,0.0574282147315855,2
"[0,1,2,3,4,5,6,7,12,20,22,23,25,26,30,33,38,39,40,42,46,48,51,57,58,59,60,63,65,66,68,69,70,71,73,76,77,79,81,91]",22,1602,22,0.0137328339575531,2
"[0,1,2,3,4,5,6,7,12,20,22,23,25,26,30,33,38,39,40,42,46,48,51,57,58,59,60,63,65,66,68,69,70,71,73,76,77,79,81,91]",23,1602,18,0.0112359550561798,2
"[0,1,2,3,4,5,6,7,12,20,22,23,25,26,30,33,38,39,40,42,46,48,51,57,58,59,60,63,65,66,68,69,70,71,73,76,77,79,81,91]",25,1602,18,0.0112359550561798,2
"[0,1,2,3,4,5,6,7,12,20,22,23,25,26,30,33,38,39,40,42,46,48,51,57,58,59,60,63,65,66,68,69,70,71,73,76,77,79,81,91]",26,1602,40,0.0249687890137328,2
"[0,1,2,3,4,5,6,7,12,20,22,23,25,26,30,33,38,39,40,42,46,48,51,57,58,59,60,63,65,66,68,69,70,71,73,76,77,79,81,91]",30,1602,12,0.00749063670411985,2
"[0,1,2,3,4,5,6,7,12,20,22,23,25,26,30,33,38,39,40,42,46,48,51,57,58,59,60,63,65,66,68,69,70,71,73,76,77,79,81,91]",33,1602,6,0.00374531835205993,2
"[0,1,2,3,4,5,6,7,12,20,22,23,25,26,30,33,38,39,40,42,46,48,51,57,58,59,60,63,65,66,68,69,70,71,73,76,77,79,81,91]",38,1602,32,0.0199750312109863,2
"[0,1,2,3,4,5,6,7,12,20,22,23,25,26,30,33,38,39,40,42,46,48,51,57,58,59,60,63,65,66,68,69,70,71,73,76,77,79,81,91]",39,1602,10,0.00624219725343321,2
"[0,1,2,3,4,5,6,7,12,20,22,23,25,26,30,33,38,39,40,42,46,48,51,57,58,59,60,63,65,66,68,69,70,71,73,76,77,79,81,91]",40,1602,12,0.00749063670411985,2
"[0,1,2,3,4,5,6,7,12,20,22,23,25,26,30,33,38,39,40,42,46,48,51,57,58,59,60,63,65,66,68,69,70,71,73,76,77,79,81,91]",42,1602,56,0.034956304619226,2
"[0,1,2,3,4,5,6,7,12,20,22,23,25,26,30,33,38,39,40,42,46,48,51,57,58,59,60,63,65,66,68,69,70,71,73,76,77,79,81,91]",46,1602,20,0.0124843945068664,2
"[0,1,2,3,4,5,6,7,12,20,22,23,25,26,30,33,38,39,40,42,46,48,51,57,58,59,60,63,65,66,68,69,70,71,73,76,77,79,81,91]",48,1602,34,0.0212234706616729,2
"[0,1,2,3,4,5,6,7,12,20,22,23,25,26,30,33,38,39,40,42,46,48,51,57,58,59,60,63,65,66,68,69,70,71,73,76,77,79,81,91]",51,1602,4,0.00249687890137328,2
"[0,1,2,3,4,5,6,7,12,20,22,23,25,26,30,33,38,39,40,42,46,48,51,57,58,59,60,63,65,66,68,69,70,71,73,76,77,79,81,91]",57,1602,32,0.0199750312109863,2
"[0,1,2,3,4,5,6,7,12,20,22,23,25,26,30,33,38,39,40,42,46,48,51,57,58,59,60,63,65,66,68,69,70,71,73,76,77,79,81,91]",58,1602,24,0.0149812734082397,2
"[0,1,2,3,4,5,6,7,12,20,22,23,25,26,30,33,38,39,40,42,46,48,51,57,58,59,60,63,65,66,68,69,70,71,73,76,77,79,81,91]",59,1602,6,0.00374531835205993,2
"[0,1,2,3,4,5,6,7,12,20,22,23,25,26,30,33,38,39,40,42,46,48,51,57,58,59,60,63,65,66,68,69,70,71,73,76,77,79,81,91]",60,1602,20,0.0124843945068664,2
"[0,1,2,3,4,5,6,7,12,20,22,23,25,26,30,33,38,39,40,42,46,48,51,57,58,59,60,63,65,66,68,69,70,71,73,76,77,79,81,91]",63,1602,18,0.0112359550561798,2
"[0,1,2,3,4,5,6,7,12,20,22,23,25,26,30,33,38,39,40,42,46,48,51,57,58,59,60,63,65,66,68,69,70,71,73,76,77,79,81,91]",65,1602,22,0.0137328339575531,2
"[0,1,2,3,4,5,6,7,12,20,22,23,25,26,30,33,38,39,40,42,46,48,51,57,58,59,60,63,65,66,68,69,70,71,73,76,77,79,81,91]",66,1602,164,0.102372034956305,2
"[0,1,2,3,4,5,6,7,12,20,22,23,25,26,30,33,38,39,40,42,46,48,51,57,58,59,60,63,65,66,68,69,70,71,73,76,77,79,81,91]",68,1602,18,0.0112359550561798,2
"[0,1,2,3,4,5,6,7,12,20,22,23,25,26,30,33,38,39,40,42,46,48,51,57,58,59,60,63,65,66,68,69,70,71,73,76,77,79,81,91]",69,1602,8,0.00499375780274657,2
"[0,1,2,3,4,5,6,7,12,20,22,23,25,26,30,33,38,39,40,42,46,48,51,57,58,59,60,63,65,66,68,69,70,71,73,76,77,79,81,91]",70,1602,2,0.00124843945068664,2
"[0,1,2,3,4,5,6,7,12,20,22,23,25,26,30,33,38,39,40,42,46,48,51,57,58,59,60,63,65,66,68,69,70,71,73,76,77,79,81,91]",71,1602,16,0.00998751560549313,2
"[0,1,2,3,4,5,6,7,12,20,22,23,25,26,30,33,38,39,40,42,46,48,51,57,58,59,60,63,65,66,68,69,70,71,73,76,77,79,81,91]",73,1602,32,0.0199750312109863,2
"[0,1,2,3,4,5,6,7,12,20,22,23,25,26,30,33,38,39,40,42,46,48,51,57,58,59,60,63,65,66,68,69,70,71,73,76,77,79,81,91]",76,1602,32,0.0199750312109863,2
"[0,1,2,3,4,5,6,7,12,20,22,23,25,26,30,33,38,39,40,42,46,48,51,57,58,59,60,63,65,66,68,69,70,71,73,76,77,79,81,91]",77,1602,46,0.0287141073657928,2
"[0,1,2,3,4,5,6,7,12,20,22,23,25,26,30,33,38,39,40,42,46,48,51,57,58,59,60,63,65,66,68,69,70,71,73,76,77,79,81,91]",79,1602,40,0.0249687890137328,2
"[0,1,2,3,4,5,6,7,12,20,22,23,25,26,30,33,38,39,40,42,46,48,51,57,58,59,60,63,65,66,68,69,70,71,73,76,77,79,81,91]",81,1602,6,0.00374531835205993,2
"[0,1,2,3,4,5,6,7,12,20,22,23,25,26,30,33,38,39,40,42,46,48,51,57,58,59,60,63,65,66,68,69,70,71,73,76,77,79,81,91]",91,1602,4,0.00249687890137328,2
"[0,1,2,3,4,5,6,7,12,20,22,23,25,26,30,33,38,39,40,42,46,51,53,57,58,59,60,63,65,66,68,69,70,71,73,76,77,79,81,91]",0,1036,12,0.0115830115830116,1
"[0,1,2,3,4,5,6,7,12,20,22,23,25,26,30,33,38,39,40,42,46,51,53,57,58,59,60,63,65,66,68,69,70,71,73,76,77,79,81,91]",1,1036,29,0.027992277992278,1
"[0,1,2,3,4,5,6,7,12,20,22,23,25,26,30,33,38,39,40,42,46,51,53,57,58,59,60,63,65,66,68,69,70,71,73,76,77,79,81,91]",2,1036,70,0.0675675675675676,1
"[0,1,2,3,4,5,6,7,12,20,22,23,25,26,30,33,38,39,40,42,46,51,53,57,58,59,60,63,65,66,68,69,70,71,73,76,77,79,81,91]",3,1036,17,0.0164092664092664,1
"[0,1,2,3,4,5,6,7,12,20,22,23,25,26,30,33,38,39,40,42,46,51,53,57,58,59,60,63,65,66,68,69,70,71,73,76,77,79,81,91]",4,1036,35,0.0337837837837838,1
"[0,1,2,3,4,5,6,7,12,20,22,23,25,26,30,33,38,39,40,42,46,51,53,57,58,59,60,63,65,66,68,69,70,71,73,76,77,79,81,91]",5,1036,28,0.027027027027027,1
"[0,1,2,3,4,5,6,7,12,20,22,23,25,26,30,33,38,39,40,42,46,51,53,57,58,59,60,63,65,66,68,69,70,71,73,76,77,79,81,91]",6,1036,18,0.0173745173745174,1
"[0,1,2,3,4,5,6,7,12,20,22,23,25,26,30,33,38,39,40,42,46,51,53,57,58,59,60,63,65,66,68,69,70,71,73,76,77,79,81,91]",7,1036,166,0.16023166023166,1
"[0,1,2,3,4,5,6,7,12,20,22,23,25,26,30,33,38,39,40,42,46,51,53,57,58,59,60,63,65,66,68,69,70,71,73,76,77,79,81,91]",12,1036,23,0.0222007722007722,1
"[0,1,2,3,4,5,6,7,12,20,22,23,25,26,30,33,38,39,40,42,46,51,53,57,58,59,60,63,65,66,68,69,70,71,73,76,77,79,81,91]",20,1036,44,0.0424710424710425,1
"[0,1,2,3,4,5,6,7,12,20,22,23,25,26,30,33,38,39,40,42,46,51,53,57,58,59,60,63,65,66,68,69,70,71,73,76,77,79,81,91]",22,1036,5,0.00482625482625483,1
"[0,1,2,3,4,5,6,7,12,20,22,23,25,26,30,33,38,39,40,42,46,51,53,57,58,59,60,63,65,66,68,69,70,71,73,76,77,79,81,91]",23,1036,30,0.028957528957529,1
"[0,1,2,3,4,5,6,7,12,20,22,23,25,26,30,33,38,39,40,42,46,51,53,57,58,59,60,63,65,66,68,69,70,71,73,76,77,79,81,91]",25,1036,16,0.0154440154440154,1
"[0,1,2,3,4,5,6,7,12,20,22,23,25,26,30,33,38,39,40,42,46,51,53,57,58,59,60,63,65,66,68,69,70,71,73,76,77,79,81,91]",26,1036,28,0.027027027027027,1
"[0,1,2,3,4,5,6,7,12,20,22,23,25,26,30,33,38,39,40,42,46,51,53,57,58,59,60,63,65,66,68,69,70,71,73,76,77,79,81,91]",30,1036,2,0.00193050193050193,1
"[0,1,2,3,4,5,6,7,12,20,22,23,25,26,30,33,38,39,40,42,46,51,53,57,58,59,60,63,65,66,68,69,70,71,73,76,77,79,81,91]",33,1036,5,0.00482625482625483,1
"[0,1,2,3,4,5,6,7,12,20,22,23,25,26,30,33,38,39,40,42,46,51,53,57,58,59,60,63,65,66,68,69,70,71,73,76,77,79,81,91]",38,1036,15,0.0144787644787645,1
"[0,1,2,3,4,5,6,7,12,20,22,23,25,26,30,33,38,39,40,42,46,51,53,57,58,59,60,63,65,66,68,69,70,71,73,76,77,79,81,91]",39,1036,23,0.0222007722007722,1
"[0,1,2,3,4,5,6,7,12,20,22,23,25,26,30,33,38,39,40,42,46,51,53,57,58,59,60,63,65,66,68,69,70,71,73,76,77,79,81,91]",40,1036,5,0.00482625482625483,1
"[0,1,2,3,4,5,6,7,12,20,22,23,25,26,30,33,38,39,40,42,46,51,53,57,58,59,60,63,65,66,68,69,70,71,73,76,77,79,81,91]",42,1036,23,0.0222007722007722,1
"[0,1,2,3,4,5,6,7,12,20,22,23,25,26,30,33,38,39,40,42,46,51,53,57,58,59,60,63,65,66,68,69,70,71,73,76,77,79,81,91]",46,1036,7,0.00675675675675676,1
"[0,1,2,3,4,5,6,7,12,20,22,23,25,26,30,33,38,39,40,42,46,51,53,57,58,59,60,63,65,66,68,69,70,71,73,76,77,79,81,91]",51,1036,8,0.00772200772200772,1
"[0,1,2,3,4,5,6,7,12,20,22,23,25,26,30,33,38,39,40,42,46,51,53,57,58,59,60,63,65,66,68,69,70,71,73,76,77,79,81,91]",53,1036,10,0.00965250965250965,1
"[0,1,2,3,4,5,6,7,12,20,22,23,25,26,30,33,38,39,40,42,46,51,53,57,58,59,60,63,65,66,68,69,70,71,73,76,77,79,81,91]",57,1036,3,0.0028957528957529,1
"[0,1,2,3,4,5,6,7,12,20,22,23,25,26,30,33,38,39,40,42,46,51,53,57,58,59,60,63,65,66,68,69,70,71,73,76,77,79,81,91]",58,1036,16,0.0154440154440154,1
"[0,1,2,3,4,5,6,7,12,20,22,23,25,26,30,33,38,39,40,42,46,51,53,57,58,59,60,63,65,66,68,69,70,71,73,76,77,79,81,91]",59,1036,2,0.00193050193050193,1
"[0,1,2,3,4,5,6,7,12,20,22,23,25,26,30,33,38,39,40,42,46,51,53,57,58,59,60,63,65,66,68,69,70,71,73,76,77,79,81,91]",60,1036,9,0.00868725868725869,1
"[0,1,2,3,4,5,6,7,12,20,22,23,25,26,30,33,38,39,40,42,46,51,53,57,58,59,60,63,65,66,68,69,70,71,73,76,77,79,81,91]",63,1036,8,0.00772200772200772,1
"[0,1,2,3,4,5,6,7,12,20,22,23,25,26,30,33,38,39,40,42,46,51,53,57,58,59,60,63,65,66,68,69,70,71,73,76,77,79,81,91]",65,1036,6,0.00579150579150579,1
"[0,1,2,3,4,5,6,7,12,20,22,23,25,26,30,33,38,39,40,42,46,51,53,57,58,59,60,63,65,66,68,69,70,71,73,76,77,79,81,91]",66,1036,89,0.0859073359073359,1
"[0,1,2,3,4,5,6,7,12,20,22,23,25,26,30,33,38,39,40,42,46,51,53,57,58,59,60,63,65,66,68,69,70,71,73,76,77,79,81,91]",68,1036,4,0.00386100386100386,1
"[0,1,2,3,4,5,6,7,12,20,22,23,25,26,30,33,38,39,40,42,46,51,53,57,58,59,60,63,65,66,68,69,70,71,73,76,77,79,81,91]",69,1036,190,0.183397683397683,1
"[0,1,2,3,4,5,6,7,12,20,22,23,25,26,30,33,38,39,40,42,46,51,53,57,58,59,60,63,65,66,68,69,70,71,73,76,77,79,81,91]",70,1036,2,0.00193050193050193,1
"[0,1,2,3,4,5,6,7,12,20,22,23,25,26,30,33,38,39,40,42,46,51,53,57,58,59,60,63,65,66,68,69,70,71,73,76,77,79,81,91]",71,1036,6,0.00579150579150579,1
"[0,1,2,3,4,5,6,7,12,20,22,23,25,26,30,33,38,39,40,42,46,51,53,57,58,59,60,63,65,66,68,69,70,71,73,76,77,79,81,91]",73,1036,4,0.00386100386100386,1
"[0,1,2,3,4,5,6,7,12,20,22,23,25,26,30,33,38,39,40,42,46,51,53,57,58,59,60,63,65,66,68,69,70,71,73,76,77,79,81,91]",76,1036,24,0.0231660231660232,1
"[0,1,2,3,4,5,6,7,12,20,22,23,25,26,30,33,38,39,40,42,46,51,53,57,58,59,60,63,65,66,68,69,70,71,73,76,77,79,81,91]",77,1036,20,0.0193050193050193,1
"[0,1,2,3,4,5,6,7,12,20,22,23,25,26,30,33,38,39,40,42,46,51,53,57,58,59,60,63,65,66,68,69,70,71,73,76,77,79,81,91]",79,1036,30,0.028957528957529,1
"[0,1,2,3,4,5,6,7,12,20,22,23,25,26,30,33,38,39,40,42,46,51,53,57,58,59,60,63,65,66,68,69,70,71,73,76,77,79,81,91]",81,1036,2,0.00193050193050193,1
"[0,1,2,3,4,5,6,7,12,20,22,23,25,26,30,33,38,39,40,42,46,51,53,57,58,59,60,63,65,66,68,69,70,71,73,76,77,79,81,91]",91,1036,2,0.00193050193050193,1
"[0,1,2,3,4,5,6,7,12,20,22,23,25,26,30,38,39,40,42,46,48,51,53,57,58,59,60,63,65,66,68,69,70,71,73,76,77,79,81,83,94,97,98,99,102]",0,1012,20,0.0197628458498024,1
"[0,1,2,3,4,5,6,7,12,20,22,23,25,26,30,38,39,40,42,46,48,51,53,57,58,59,60,63,65,66,68,69,70,71,73,76,77,79,81,83,94,97,98,99,102]",1,1012,11,0.0108695652173913,1
"[0,1,2,3,4,5,6,7,12,20,22,23,25,26,30,38,39,40,42,46,48,51,53,57,58,59,60,63,65,66,68,69,70,71,73,76,77,79,81,83,94,97,98,99,102]",2,1012,63,0.0622529644268775,1
"[0,1,2,3,4,5,6,7,12,20,22,23,25,26,30,38,39,40,42,46,48,51,53,57,58,59,60,63,65,66,68,69,70,71,73,76,77,79,81,83,94,97,98,99,102]",3,1012,15,0.0148221343873518,1
"[0,1,2,3,4,5,6,7,12,20,22,23,25,26,30,38,39,40,42,46,48,51,53,57,58,59,60,63,65,66,68,69,70,71,73,76,77,79,81,83,94,97,98,99,102]",4,1012,32,0.0316205533596838,1
"[0,1,2,3,4,5,6,7,12,20,22,23,25,26,30,38,39,40,42,46,48,51,53,57,58,59,60,63,65,66,68,69,70,71,73,76,77,79,81,83,94,97,98,99,102]",5,1012,36,0.0355731225296443,1
"[0,1,2,3,4,5,6,7,12,20,22,23,25,26,30,38,39,40,42,46,48,51,53,57,58,59,60,63,65,66,68,69,70,71,73,76,77,79,81,83,94,97,98,99,102]",6,1012,10,0.00988142292490119,1
"[0,1,2,3,4,5,6,7,12,20,22,23,25,26,30,38,39,40,42,46,48,51,53,57,58,59,60,63,65,66,68,69,70,71,73,76,77,79,81,83,94,97,98,99,102]",7,1012,100,0.0988142292490119,1
"[0,1,2,3,4,5,6,7,12,20,22,23,25,26,30,38,39,40,42,46,48,51,53,57,58,59,60,63,65,66,68,69,70,71,73,76,77,79,81,83,94,97,98,99,102]",12,1012,22,0.0217391304347826,1
"[0,1,2,3,4,5,6,7,12,20,22,23,25,26,30,38,39,40,42,46,48,51,53,57,58,59,60,63,65,66,68,69,70,71,73,76,77,79,81,83,94,97,98,99,102]",20,1012,35,0.0345849802371542,1
"[0,1,2,3,4,5,6,7,12,20,22,23,25,26,30,38,39,40,42,46,48,51,53,57,58,59,60,63,65,66,68,69,70,71,73,76,77,79,81,83,94,97,98,99,102]",22,1012,8,0.00790513833992095,1
"[0,1,2,3,4,5,6,7,12,20,22,23,25,26,30,38,39,40,42,46,48,51,53,57,58,59,60,63,65,66,68,69,70,71,73,76,77,79,81,83,94,97,98,99,102]",23,1012,20,0.0197628458498024,1
"[0,1,2,3,4,5,6,7,12,20,22,23,25,26,30,38,39,40,42,46,48,51,53,57,58,59,60,63,65,66,68,69,70,71,73,76,77,79,81,83,94,97,98,99,102]",25,1012,8,0.00790513833992095,1
"[0,1,2,3,4,5,6,7,12,20,22,23,25,26,30,38,39,40,42,46,48,51,53,57,58,59,60,63,65,66,68,69,70,71,73,76,77,79,81,83,94,97,98,99,102]",26,1012,16,0.0158102766798419,1
"[0,1,2,3,4,5,6,7,12,20,22,23,25,26,30,38,39,40,42,46,48,51,53,57,58,59,60,63,65,66,68,69,70,71,73,76,77,79,81,83,94,97,98,99,102]",30,1012,2,0.00197628458498024,1
"[0,1,2,3,4,5,6,7,12,20,22,23,25,26,30,38,39,40,42,46,48,51,53,57,58,59,60,63,65,66,68,69,70,71,73,76,77,79,81,83,94,97,98,99,102]",38,1012,11,0.0108695652173913,1
"[0,1,2,3,4,5,6,7,12,20,22,23,25,26,30,38,39,40,42,46,48,51,53,57,58,59,60,63,65,66,68,69,70,71,73,76,77,79,81,83,94,97,98,99,102]",39,1012,17,0.016798418972332,1
"[0,1,2,3,4,5,6,7,12,20,22,23,25,26,30,38,39,40,42,46,48,51,53,57,58,59,60,63,65,66,68,69,70,71,73,76,77,79,81,83,94,97,98,99,102]",40,1012,7,0.00691699604743083,1
"[0,1,2,3,4,5,6,7,12,20,22,23,25,26,30,38,39,40,42,46,48,51,53,57,58,59,60,63,65,66,68,69,70,71,73,76,77,79,81,83,94,97,98,99,102]",42,1012,23,0.0227272727272727,1
"[0,1,2,3,4,5,6,7,12,20,22,23,25,26,30,38,39,40,42,46,48,51,53,57,58,59,60,63,65,66,68,69,70,71,73,76,77,79,81,83,94,97,98,99,102]",46,1012,12,0.0118577075098814,1
"[0,1,2,3,4,5,6,7,12,20,22,23,25,26,30,38,39,40,42,46,48,51,53,57,58,59,60,63,65,66,68,69,70,71,73,76,77,79,81,83,94,97,98,99,102]",48,1012,5,0.00494071146245059,1
"[0,1,2,3,4,5,6,7,12,20,22,23,25,26,30,38,39,40,42,46,48,51,53,57,58,59,60,63,65,66,68,69,70,71,73,76,77,79,81,83,94,97,98,99,102]",51,1012,14,0.0138339920948617,1
"[0,1,2,3,4,5,6,7,12,20,22,23,25,26,30,38,39,40,42,46,48,51,53,57,58,59,60,63,65,66,68,69,70,71,73,76,77,79,81,83,94,97,98,99,102]",53,1012,2,0.00197628458498024,1
"[0,1,2,3,4,5,6,7,12,20,22,23,25,26,30,38,39,40,42,46,48,51,53,57,58,59,60,63,65,66,68,69,70,71,73,76,77,79,81,83,94,97,98,99,102]",57,1012,4,0.00395256916996047,1
"[0,1,2,3,4,5,6,7,12,20,22,23,25,26,30,38,39,40,42,46,48,51,53,57,58,59,60,63,65,66,68,69,70,71,73,76,77,79,81,83,94,97,98,99,102]",58,1012,5,0.00494071146245059,1
"[0,1,2,3,4,5,6,7,12,20,22,23,25,26,30,38,39,40,42,46,48,51,53,57,58,59,60,63,65,66,68,69,70,71,73,76,77,79,81,83,94,97,98,99,102]",59,1012,13,0.0128458498023715,1
"[0,1,2,3,4,5,6,7,12,20,22,23,25,26,30,38,39,40,42,46,48,51,53,57,58,59,60,63,65,66,68,69,70,71,73,76,77,79,81,83,94,97,98,99,102]",60,1012,10,0.00988142292490119,1
"[0,1,2,3,4,5,6,7,12,20,22,23,25,26,30,38,39,40,42,46,48,51,53,57,58,59,60,63,65,66,68,69,70,71,73,76,77,79,81,83,94,97,98,99,102]",63,1012,10,0.00988142292490119,1
"[0,1,2,3,4,5,6,7,12,20,22,23,25,26,30,38,39,40,42,46,48,51,53,57,58,59,60,63,65,66,68,69,70,71,73,76,77,79,81,83,94,97,98,99,102]",65,1012,6,0.00592885375494071,1
"[0,1,2,3,4,5,6,7,12,20,22,23,25,26,30,38,39,40,42,46,48,51,53,57,58,59,60,63,65,66,68,69,70,71,73,76,77,79,81,83,94,97,98,99,102]",66,1012,83,0.0820158102766798,1
"[0,1,2,3,4,5,6,7,12,20,22,23,25,26,30,38,39,40,42,46,48,51,53,57,58,59,60,63,65,66,68,69,70,71,73,76,77,79,81,83,94,97,98,99,102]",68,1012,4,0.00395256916996047,1
"[0,1,2,3,4,5,6,7,12,20,22,23,25,26,30,38,39,40,42,46,48,51,53,57,58,59,60,63,65,66,68,69,70,71,73,76,77,79,81,83,94,97,98,99,102]",69,1012,2,0.00197628458498024,1
"[0,1,2,3,4,5,6,7,12,20,22,23,25,26,30,38,39,40,42,46,48,51,53,57,58,59,60,63,65,66,68,69,70,71,73,76,77,79,81,83,94,97,98,99,102]",70,1012,3,0.00296442687747036,1
"[0,1,2,3,4,5,6,7,12,20,22,23,25,26,30,38,39,40,42,46,48,51,53,57,58,59,60,63,65,66,68,69,70,71,73,76,77,79,81,83,94,97,98,99,102]",71,1012,4,0.00395256916996047,1
"[0,1,2,3,4,5,6,7,12,20,22,23,25,26,30,38,39,40,42,46,48,51,53,57,58,59,60,63,65,66,68,69,70,71,73,76,77,79,81,83,94,97,98,99,102]",73,1012,1,0.000988142292490119,1
"[0,1,2,3,4,5,6,7,12,20,22,23,25,26,30,38,39,40,42,46,48,51,53,57,58,59,60,63,65,66,68,69,70,71,73,76,77,79,81,83,94,97,98,99,102]",76,1012,20,0.0197628458498024,1
"[0,1,2,3,4,5,6,7,12,20,22,23,25,26,30,38,39,40,42,46,48,51,53,57,58,59,60,63,65,66,68,69,70,71,73,76,77,79,81,83,94,97,98,99,102]",77,1012,18,0.0177865612648221,1
"[0,1,2,3,4,5,6,7,12,20,22,23,25,26,30,38,39,40,42,46,48,51,53,57,58,59,60,63,65,66,68,69,70,71,73,76,77,79,81,83,94,97,98,99,102]",79,1012,11,0.0108695652173913,1
"[0,1,2,3,4,5,6,7,12,20,22,23,25,26,30,38,39,40,42,46,48,51,53,57,58,59,60,63,65,66,68,69,70,71,73,76,77,79,81,83,94,97,98,99,102]",81,1012,6,0.00592885375494071,1
"[0,1,2,3,4,5,6,7,12,20,22,23,25,26,30,38,39,40,42,46,48,51,53,57,58,59,60,63,65,66,68,69,70,71,73,76,77,79,81,83,94,97,98,99,102]",83,1012,3,0.00296442687747036,1
"[0,1,2,3,4,5,6,7,12,20,22,23,25,26,30,38,39,40,42,46,48,51,53,57,58,59,60,63,65,66,68,69,70,71,73,76,77,79,81,83,94,97,98,99,102]",94,1012,2,0.00197628458498024,1
"[0,1,2,3,4,5,6,7,12,20,22,23,25,26,30,38,39,40,42,46,48,51,53,57,58,59,60,63,65,66,68,69,70,71,73,76,77,79,81,83,94,97,98,99,102]",97,1012,34,0.033596837944664,1
"[0,1,2,3,4,5,6,7,12,20,22,23,25,26,30,38,39,40,42,46,48,51,53,57,58,59,60,63,65,66,68,69,70,71,73,76,77,79,81,83,94,97,98,99,102]",98,1012,161,0.159090909090909,1
"[0,1,2,3,4,5,6,7,12,20,22,23,25,26,30,38,39,40,42,46,48,51,53,57,58,59,60,63,65,66,68,69,70,71,73,76,77,79,81,83,94,97,98,99,102]",99,1012,120,0.118577075098814,1
"[0,1,2,3,4,5,6,7,12,20,22,23,25,26,30,38,39,40,42,46,48,51,53,57,58,59,60,63,65,66,68,69,70,71,73,76,77,79,81,83,94,97,98,99,102]",102,1012,3,0.00296442687747036,1
"[0,1,2,3,4,5,6,7,12,20,22,23,25,26,30,38,39,40,42,46,48,51,53,57,58,59,60,63,65,66,68,69,70,71,76,77,79,81,83,94]",0,827,11,0.0133010882708585,1
"[0,1,2,3,4,5,6,7,12,20,22,23,25,26,30,38,39,40,42,46,48,51,53,57,58,59,60,63,65,66,68,69,70,71,76,77,79,81,83,94]",1,827,28,0.033857315598549,1
"[0,1,2,3,4,5,6,7,12,20,22,23,25,26,30,38,39,40,42,46,48,51,53,57,58,59,60,63,65,66,68,69,70,71,76,77,79,81,83,94]",2,827,91,0.110036275695284,1
"[0,1,2,3,4,5,6,7,12,20,22,23,25,26,30,38,39,40,42,46,48,51,53,57,58,59,60,63,65,66,68,69,70,71,76,77,79,81,83,94]",3,827,18,0.0217654171704958,1
"[0,1,2,3,4,5,6,7,12,20,22,23,25,26,30,38,39,40,42,46,48,51,53,57,58,59,60,63,65,66,68,69,70,71,76,77,79,81,83,94]",4,827,38,0.0459492140266022,1
"[0,1,2,3,4,5,6,7,12,20,22,23,25,26,30,38,39,40,42,46,48,51,53,57,58,59,60,63,65,66,68,69,70,71,76,77,79,81,83,94]",5,827,22,0.026602176541717,1
"[0,1,2,3,4,5,6,7,12,20,22,23,25,26,30,38,39,40,42,46,48,51,53,57,58,59,60,63,65,66,68,69,70,71,76,77,79,81,83,94]",6,827,70,0.0846432889963724,1
"[0,1,2,3,4,5,6,7,12,20,22,23,25,26,30,38,39,40,42,46,48,51,53,57,58,59,60,63,65,66,68,69,70,71,76,77,79,81,83,94]",7,827,142,0.171704957678356,1
"[0,1,2,3,4,5,6,7,12,20,22,23,25,26,30,38,39,40,42,46,48,51,53,57,58,59,60,63,65,66,68,69,70,71,76,77,79,81,83,94]",12,827,20,0.0241837968561064,1
"[0,1,2,3,4,5,6,7,12,20,22,23,25,26,30,38,39,40,42,46,48,51,53,57,58,59,60,63,65,66,68,69,70,71,76,77,79,81,83,94]",20,827,42,0.0507859733978235,1
"[0,1,2,3,4,5,6,7,12,20,22,23,25,26,30,38,39,40,42,46,48,51,53,57,58,59,60,63,65,66,68,69,70,71,76,77,79,81,83,94]",22,827,9,0.0108827085852479,1
"[0,1,2,3,4,5,6,7,12,20,22,23,25,26,30,38,39,40,42,46,48,51,53,57,58,59,60,63,65,66,68,69,70,71,76,77,79,81,83,94]",23,827,20,0.0241837968561064,1
"[0,1,2,3,4,5,6,7,12,20,22,23,25,26,30,38,39,40,42,46,48,51,53,57,58,59,60,63,65,66,68,69,70,71,76,77,79,81,83,94]",25,827,8,0.00967351874244256,1
"[0,1,2,3,4,5,6,7,12,20,22,23,25,26,30,38,39,40,42,46,48,51,53,57,58,59,60,63,65,66,68,69,70,71,76,77,79,81,83,94]",26,827,19,0.0229746070133011,1
"[0,1,2,3,4,5,6,7,12,20,22,23,25,26,30,38,39,40,42,46,48,51,53,57,58,59,60,63,65,66,68,69,70,71,76,77,79,81,83,94]",30,827,5,0.0060459492140266,1
"[0,1,2,3,4,5,6,7,12,20,22,23,25,26,30,38,39,40,42,46,48,51,53,57,58,59,60,63,65,66,68,69,70,71,76,77,79,81,83,94]",38,827,7,0.00846432889963724,1
"[0,1,2,3,4,5,6,7,12,20,22,23,25,26,30,38,39,40,42,46,48,51,53,57,58,59,60,63,65,66,68,69,70,71,76,77,79,81,83,94]",39,827,9,0.0108827085852479,1
"[0,1,2,3,4,5,6,7,12,20,22,23,25,26,30,38,39,40,42,46,48,51,53,57,58,59,60,63,65,66,68,69,70,71,76,77,79,81,83,94]",40,827,4,0.00483675937122128,1
"[0,1,2,3,4,5,6,7,12,20,22,23,25,26,30,38,39,40,42,46,48,51,53,57,58,59,60,63,65,66,68,69,70,71,76,77,79,81,83,94]",42,827,28,0.033857315598549,1
"[0,1,2,3,4,5,6,7,12,20,22,23,25,26,30,38,39,40,42,46,48,51,53,57,58,59,60,63,65,66,68,69,70,71,76,77,79,81,83,94]",46,827,7,0.00846432889963724,1
"[0,1,2,3,4,5,6,7,12,20,22,23,25,26,30,38,39,40,42,46,48,51,53,57,58,59,60,63,65,66,68,69,70,71,76,77,79,81,83,94]",48,827,4,0.00483675937122128,1
"[0,1,2,3,4,5,6,7,12,20,22,23,25,26,30,38,39,40,42,46,48,51,53,57,58,59,60,63,65,66,68,69,70,71,76,77,79,81,83,94]",51,827,2,0.00241837968561064,1
"[0,1,2,3,4,5,6,7,12,20,22,23,25,26,30,38,39,40,42,46,48,51,53,57,58,59,60,63,65,66,68,69,70,71,76,77,79,81,83,94]",53,827,3,0.00362756952841596,1
"[0,1,2,3,4,5,6,7,12,20,22,23,25,26,30,38,39,40,42,46,48,51,53,57,58,59,60,63,65,66,68,69,70,71,76,77,79,81,83,94]",57,827,8,0.00967351874244256,1
"[0,1,2,3,4,5,6,7,12,20,22,23,25,26,30,38,39,40,42,46,48,51,53,57,58,59,60,63,65,66,68,69,70,71,76,77,79,81,83,94]",58,827,7,0.00846432889963724,1
"[0,1,2,3,4,5,6,7,12,20,22,23,25,26,30,38,39,40,42,46,48,51,53,57,58,59,60,63,65,66,68,69,70,71,76,77,79,81,83,94]",59,827,6,0.00725513905683192,1
"[0,1,2,3,4,5,6,7,12,20,22,23,25,26,30,38,39,40,42,46,48,51,53,57,58,59,60,63,65,66,68,69,70,71,76,77,79,81,83,94]",60,827,9,0.0108827085852479,1
"[0,1,2,3,4,5,6,7,12,20,22,23,25,26,30,38,39,40,42,46,48,51,53,57,58,59,60,63,65,66,68,69,70,71,76,77,79,81,83,94]",63,827,9,0.0108827085852479,1
"[0,1,2,3,4,5,6,7,12,20,22,23,25,26,30,38,39,40,42,46,48,51,53,57,58,59,60,63,65,66,68,69,70,71,76,77,79,81,83,94]",65,827,7,0.00846432889963724,1
"[0,1,2,3,4,5,6,7,12,20,22,23,25,26,30,38,39,40,42,46,48,51,53,57,58,59,60,63,65,66,68,69,70,71,76,77,79,81,83,94]",66,827,84,0.101571946795647,1
"[0,1,2,3,4,5,6,7,12,20,22,23,25,26,30,38,39,40,42,46,48,51,53,57,58,59,60,63,65,66,68,69,70,71,76,77,79,81,83,94]",68,827,5,0.0060459492140266,1
"[0,1,2,3,4,5,6,7,12,20,22,23,25,26,30,38,39,40,42,46,48,51,53,57,58,59,60,63,65,66,68,69,70,71,76,77,79,81,83,94]",69,827,7,0.00846432889963724,1
"[0,1,2,3,4,5,6,7,12,20,22,23,25,26,30,38,39,40,42,46,48,51,53,57,58,59,60,63,65,66,68,69,70,71,76,77,79,81,83,94]",70,827,2,0.00241837968561064,1
"[0,1,2,3,4,5,6,7,12,20,22,23,25,26,30,38,39,40,42,46,48,51,53,57,58,59,60,63,65,66,68,69,70,71,76,77,79,81,83,94]",71,827,3,0.00362756952841596,1
"[0,1,2,3,4,5,6,7,12,20,22,23,25,26,30,38,39,40,42,46,48,51,53,57,58,59,60,63,65,66,68,69,70,71,76,77,79,81,83,94]",76,827,23,0.0278113663845224,1
"[0,1,2,3,4,5,6,7,12,20,22,23,25,26,30,38,39,40,42,46,48,51,53,57,58,59,60,63,65,66,68,69,70,71,76,77,79,81,83,94]",77,827,31,0.0374848851269649,1
"[0,1,2,3,4,5,6,7,12,20,22,23,25,26,30,38,39,40,42,46,48,51,53,57,58,59,60,63,65,66,68,69,70,71,76,77,79,81,83,94]",79,827,8,0.00967351874244256,1
"[0,1,2,3,4,5,6,7,12,20,22,23,25,26,30,38,39,40,42,46,48,51,53,57,58,59,60,63,65,66,68,69,70,71,76,77,79,81,83,94]",81,827,7,0.00846432889963724,1
"[0,1,2,3,4,5,6,7,12,20,22,23,25,26,30,38,39,40,42,46,48,51,53,57,58,59,60,63,65,66,68,69,70,71,76,77,79,81,83,94]",83,827,3,0.00362756952841596,1
"[0,1,2,3,4,5,6,7,12,20,22,23,25,26,30,38,39,40,42,46,48,51,53,57,58,59,60,63,65,66,68,69,70,71,76,77,79,81,83,94]",94,827,1,0.00120918984280532,1
"[0,1,2,3,4,5,6,7,12,20,22,23,25,26,30,38,39,40,42,46,48,51,53,58,59,60,63,65,66,68,69,70,71,73,76,77,79,81,83,91,94,97,98,99,102,103]",0,3342,36,0.0107719928186715,2
"[0,1,2,3,4,5,6,7,12,20,22,23,25,26,30,38,39,40,42,46,48,51,53,58,59,60,63,65,66,68,69,70,71,73,76,77,79,81,83,91,94,97,98,99,102,103]",1,3342,58,0.0173548773189707,2
"[0,1,2,3,4,5,6,7,12,20,22,23,25,26,30,38,39,40,42,46,48,51,53,58,59,60,63,65,66,68,69,70,71,73,76,77,79,81,83,91,94,97,98,99,102,103]",2,3342,102,0.0305206463195691,2
"[0,1,2,3,4,5,6,7,12,20,22,23,25,26,30,38,39,40,42,46,48,51,53,58,59,60,63,65,66,68,69,70,71,73,76,77,79,81,83,91,94,97,98,99,102,103]",3,3342,40,0.0119688809096349,2
"[0,1,2,3,4,5,6,7,12,20,22,23,25,26,30,38,39,40,42,46,48,51,53,58,59,60,63,65,66,68,69,70,71,73,76,77,79,81,83,91,94,97,98,99,102,103]",4,3342,80,0.0239377618192699,2
"[0,1,2,3,4,5,6,7,12,20,22,23,25,26,30,38,39,40,42,46,48,51,53,58,59,60,63,65,66,68,69,70,71,73,76,77,79,81,83,91,94,97,98,99,102,103]",5,3342,52,0.0155595451825254,2
"[0,1,2,3,4,5,6,7,12,20,22,23,25,26,30,38,39,40,42,46,48,51,53,58,59,60,63,65,66,68,69,70,71,73,76,77,79,81,83,91,94,97,98,99,102,103]",6,3342,20,0.00598444045481747,2
"[0,1,2,3,4,5,6,7,12,20,22,23,25,26,30,38,39,40,42,46,48,51,53,58,59,60,63,65,66,68,69,70,71,73,76,77,79,81,83,91,94,97,98,99,102,103]",7,3342,1236,0.36983842010772,2
"[0,1,2,3,4,5,6,7,12,20,22,23,25,26,30,38,39,40,42,46,48,51,53,58,59,60,63,65,66,68,69,70,71,73,76,77,79,81,83,91,94,97,98,99,102,103]",12,3342,50,0.0149611011370437,2
"[0,1,2,3,4,5,6,7,12,20,22,23,25,26,30,38,39,40,42,46,48,51,53,58,59,60,63,65,66,68,69,70,71,73,76,77,79,81,83,91,94,97,98,99,102,103]",20,3342,52,0.0155595451825254,2
"[0,1,2,3,4,5,6,7,12,20,22,23,25,26,30,38,39,40,42,46,48,51,53,58,59,60,63,65,66,68,69,70,71,73,76,77,79,81,83,91,94,97,98,99,102,103]",22,3342,28,0.00837821663674446,2
"[0,1,2,3,4,5,6,7,12,20,22,23,25,26,30,38,39,40,42,46,48,51,53,58,59,60,63,65,66,68,69,70,71,73,76,77,79,81,83,91,94,97,98,99,102,103]",23,3342,24,0.00718132854578097,2
"[0,1,2,3,4,5,6,7,12,20,22,23,25,26,30,38,39,40,42,46,48,51,53,58,59,60,63,65,66,68,69,70,71,73,76,77,79,81,83,91,94,97,98,99,102,103]",25,3342,20,0.00598444045481747,2
"[0,1,2,3,4,5,6,7,12,20,22,23,25,26,30,38,39,40,42,46,48,51,53,58,59,60,63,65,66,68,69,70,71,73,76,77,79,81,83,91,94,97,98,99,102,103]",26,3342,44,0.0131657690005984,2
"[0,1,2,3,4,5,6,7,12,20,22,23,25,26,30,38,39,40,42,46,48,51,53,58,59,60,63,65,66,68,69,70,71,73,76,77,79,81,83,91,94,97,98,99,102,103]",30,3342,2,0.000598444045481747,2
"[0,1,2,3,4,5,6,7,12,20,22,23,25,26,30,38,39,40,42,46,48,51,53,58,59,60,63,65,66,68,69,70,71,73,76,77,79,81,83,91,94,97,98,99,102,103]",38,3342,54,0.0161579892280072,2
"[0,1,2,3,4,5,6,7,12,20,22,23,25,26,30,38,39,40,42,46,48,51,53,58,59,60,63,65,66,68,69,70,71,73,76,77,79,81,83,91,94,97,98,99,102,103]",39,3342,32,0.00957510472770796,2
"[0,1,2,3,4,5,6,7,12,20,22,23,25,26,30,38,39,40,42,46,48,51,53,58,59,60,63,65,66,68,69,70,71,73,76,77,79,81,83,91,94,97,98,99,102,103]",40,3342,6,0.00179533213644524,2
"[0,1,2,3,4,5,6,7,12,20,22,23,25,26,30,38,39,40,42,46,48,51,53,58,59,60,63,65,66,68,69,70,71,73,76,77,79,81,83,91,94,97,98,99,102,103]",42,3342,84,0.0251346499102334,2
"[0,1,2,3,4,5,6,7,12,20,22,23,25,26,30,38,39,40,42,46,48,51,53,58,59,60,63,65,66,68,69,70,71,73,76,77,79,81,83,91,94,97,98,99,102,103]",46,3342,20,0.00598444045481747,2
"[0,1,2,3,4,5,6,7,12,20,22,23,25,26,30,38,39,40,42,46,48,51,53,58,59,60,63,65,66,68,69,70,71,73,76,77,79,81,83,91,94,97,98,99,102,103]",48,3342,4,0.00119688809096349,2
"[0,1,2,3,4,5,6,7,12,20,22,23,25,26,30,38,39,40,42,46,48,51,53,58,59,60,63,65,66,68,69,70,71,73,76,77,79,81,83,91,94,97,98,99,102,103]",51,3342,24,0.00718132854578097,2
"[0,1,2,3,4,5,6,7,12,20,22,23,25,26,30,38,39,40,42,46,48,51,53,58,59,60,63,65,66,68,69,70,71,73,76,77,79,81,83,91,94,97,98,99,102,103]",53,3342,2,0.000598444045481747,2
"[0,1,2,3,4,5,6,7,12,20,22,23,25,26,30,38,39,40,42,46,48,51,53,58,59,60,63,65,66,68,69,70,71,73,76,77,79,81,83,91,94,97,98,99,102,103]",58,3342,16,0.00478755236385398,2
"[0,1,2,3,4,5,6,7,12,20,22,23,25,26,30,38,39,40,42,46,48,51,53,58,59,60,63,65,66,68,69,70,71,73,76,77,79,81,83,91,94,97,98,99,102,103]",59,3342,16,0.00478755236385398,2
"[0,1,2,3,4,5,6,7,12,20,22,23,25,26,30,38,39,40,42,46,48,51,53,58,59,60,63,65,66,68,69,70,71,73,76,77,79,81,83,91,94,97,98,99,102,103]",60,3342,18,0.00538599640933573,2
"[0,1,2,3,4,5,6,7,12,20,22,23,25,26,30,38,39,40,42,46,48,51,53,58,59,60,63,65,66,68,69,70,71,73,76,77,79,81,83,91,94,97,98,99,102,103]",63,3342,38,0.0113704368641532,2
"[0,1,2,3,4,5,6,7,12,20,22,23,25,26,30,38,39,40,42,46,48,51,53,58,59,60,63,65,66,68,69,70,71,73,76,77,79,81,83,91,94,97,98,99,102,103]",65,3342,12,0.00359066427289048,2
"[0,1,2,3,4,5,6,7,12,20,22,23,25,26,30,38,39,40,42,46,48,51,53,58,59,60,63,65,66,68,69,70,71,73,76,77,79,81,83,91,94,97,98,99,102,103]",66,3342,948,0.283662477558348,2
"[0,1,2,3,4,5,6,7,12,20,22,23,25,26,30,38,39,40,42,46,48,51,53,58,59,60,63,65,66,68,69,70,71,73,76,77,79,81,83,91,94,97,98,99,102,103]",68,3342,22,0.00658288450029922,2
"[0,1,2,3,4,5,6,7,12,20,22,23,25,26,30,38,39,40,42,46,48,51,53,58,59,60,63,65,66,68,69,70,71,73,76,77,79,81,83,91,94,97,98,99,102,103]",69,3342,6,0.00179533213644524,2
"[0,1,2,3,4,5,6,7,12,20,22,23,25,26,30,38,39,40,42,46,48,51,53,58,59,60,63,65,66,68,69,70,71,73,76,77,79,81,83,91,94,97,98,99,102,103]",70,3342,2,0.000598444045481747,2
"[0,1,2,3,4,5,6,7,12,20,22,23,25,26,30,38,39,40,42,46,48,51,53,58,59,60,63,65,66,68,69,70,71,73,76,77,79,81,83,91,94,97,98,99,102,103]",71,3342,8,0.00239377618192699,2
"[0,1,2,3,4,5,6,7,12,20,22,23,25,26,30,38,39,40,42,46,48,51,53,58,59,60,63,65,66,68,69,70,71,73,76,77,79,81,83,91,94,97,98,99,102,103]",73,3342,10,0.00299222022740874,2
"[0,1,2,3,4,5,6,7,12,20,22,23,25,26,30,38,39,40,42,46,48,51,53,58,59,60,63,65,66,68,69,70,71,73,76,77,79,81,83,91,94,97,98,99,102,103]",76,3342,66,0.0197486535008977,2
"[0,1,2,3,4,5,6,7,12,20,22,23,25,26,30,38,39,40,42,46,48,51,53,58,59,60,63,65,66,68,69,70,71,73,76,77,79,81,83,91,94,97,98,99,102,103]",77,3342,26,0.00777977259126272,2
"[0,1,2,3,4,5,6,7,12,20,22,23,25,26,30,38,39,40,42,46,48,51,53,58,59,60,63,65,66,68,69,70,71,73,76,77,79,81,83,91,94,97,98,99,102,103]",79,3342,4,0.00119688809096349,2
"[0,1,2,3,4,5,6,7,12,20,22,23,25,26,30,38,39,40,42,46,48,51,53,58,59,60,63,65,66,68,69,70,71,73,76,77,79,81,83,91,94,97,98,99,102,103]",81,3342,4,0.00119688809096349,2
"[0,1,2,3,4,5,6,7,12,20,22,23,25,26,30,38,39,40,42,46,48,51,53,58,59,60,63,65,66,68,69,70,71,73,76,77,79,81,83,91,94,97,98,99,102,103]",83,3342,8,0.00239377618192699,2
"[0,1,2,3,4,5,6,7,12,20,22,23,25,26,30,38,39,40,42,46,48,51,53,58,59,60,63,65,66,68,69,70,71,73,76,77,79,81,83,91,94,97,98,99,102,103]",91,3342,8,0.00239377618192699,2
"[0,1,2,3,4,5,6,7,12,20,22,23,25,26,30,38,39,40,42,46,48,51,53,58,59,60,63,65,66,68,69,70,71,73,76,77,79,81,83,91,94,97,98,99,102,103]",94,3342,2,0.000598444045481747,2
"[0,1,2,3,4,5,6,7,12,20,22,23,25,26,30,38,39,40,42,46,48,51,53,58,59,60,63,65,66,68,69,70,71,73,76,77,79,81,83,91,94,97,98,99,102,103]",97,3342,2,0.000598444045481747,2
"[0,1,2,3,4,5,6,7,12,20,22,23,25,26,30,38,39,40,42,46,48,51,53,58,59,60,63,65,66,68,69,70,71,73,76,77,79,81,83,91,94,97,98,99,102,103]",98,3342,24,0.00718132854578097,2
"[0,1,2,3,4,5,6,7,12,20,22,23,25,26,30,38,39,40,42,46,48,51,53,58,59,60,63,65,66,68,69,70,71,73,76,77,79,81,83,91,94,97,98,99,102,103]",99,3342,6,0.00179533213644524,2
"[0,1,2,3,4,5,6,7,12,20,22,23,25,26,30,38,39,40,42,46,48,51,53,58,59,60,63,65,66,68,69,70,71,73,76,77,79,81,83,91,94,97,98,99,102,103]",102,3342,4,0.00119688809096349,2
"[0,1,2,3,4,5,6,7,12,20,22,23,25,26,30,38,39,40,42,46,48,51,53,58,59,60,63,65,66,68,69,70,71,73,76,77,79,81,83,91,94,97,98,99,102,103]",103,3342,22,0.00658288450029922,2
"[0,1,2,3,4,5,6,7,12,20,22,23,25,26,30,38,39,40,42,46,48,51,53,58,59,60,63,65,66,68,70,71,73,76,77,79,81,83,91,97,98,99,103]",0,1023,9,0.00879765395894428,1
"[0,1,2,3,4,5,6,7,12,20,22,23,25,26,30,38,39,40,42,46,48,51,53,58,59,60,63,65,66,68,70,71,73,76,77,79,81,83,91,97,98,99,103]",1,1023,28,0.0273704789833822,1
"[0,1,2,3,4,5,6,7,12,20,22,23,25,26,30,38,39,40,42,46,48,51,53,58,59,60,63,65,66,68,70,71,73,76,77,79,81,83,91,97,98,99,103]",2,1023,60,0.0586510263929619,1
"[0,1,2,3,4,5,6,7,12,20,22,23,25,26,30,38,39,40,42,46,48,51,53,58,59,60,63,65,66,68,70,71,73,76,77,79,81,83,91,97,98,99,103]",3,1023,17,0.0166177908113392,1
"[0,1,2,3,4,5,6,7,12,20,22,23,25,26,30,38,39,40,42,46,48,51,53,58,59,60,63,65,66,68,70,71,73,76,77,79,81,83,91,97,98,99,103]",4,1023,28,0.0273704789833822,1
"[0,1,2,3,4,5,6,7,12,20,22,23,25,26,30,38,39,40,42,46,48,51,53,58,59,60,63,65,66,68,70,71,73,76,77,79,81,83,91,97,98,99,103]",5,1023,41,0.0400782013685239,1
"[0,1,2,3,4,5,6,7,12,20,22,23,25,26,30,38,39,40,42,46,48,51,53,58,59,60,63,65,66,68,70,71,73,76,77,79,81,83,91,97,98,99,103]",6,1023,2,0.00195503421309873,1
"[0,1,2,3,4,5,6,7,12,20,22,23,25,26,30,38,39,40,42,46,48,51,53,58,59,60,63,65,66,68,70,71,73,76,77,79,81,83,91,97,98,99,103]",7,1023,126,0.12316715542522,1
"[0,1,2,3,4,5,6,7,12,20,22,23,25,26,30,38,39,40,42,46,48,51,53,58,59,60,63,65,66,68,70,71,73,76,77,79,81,83,91,97,98,99,103]",12,1023,21,0.0205278592375367,1
"[0,1,2,3,4,5,6,7,12,20,22,23,25,26,30,38,39,40,42,46,48,51,53,58,59,60,63,65,66,68,70,71,73,76,77,79,81,83,91,97,98,99,103]",20,1023,20,0.0195503421309873,1
"[0,1,2,3,4,5,6,7,12,20,22,23,25,26,30,38,39,40,42,46,48,51,53,58,59,60,63,65,66,68,70,71,73,76,77,79,81,83,91,97,98,99,103]",22,1023,193,0.188660801564027,1
"[0,1,2,3,4,5,6,7,12,20,22,23,25,26,30,38,39,40,42,46,48,51,53,58,59,60,63,65,66,68,70,71,73,76,77,79,81,83,91,97,98,99,103]",23,1023,23,0.0224828934506354,1
"[0,1,2,3,4,5,6,7,12,20,22,23,25,26,30,38,39,40,42,46,48,51,53,58,59,60,63,65,66,68,70,71,73,76,77,79,81,83,91,97,98,99,103]",25,1023,8,0.00782013685239492,1
"[0,1,2,3,4,5,6,7,12,20,22,23,25,26,30,38,39,40,42,46,48,51,53,58,59,60,63,65,66,68,70,71,73,76,77,79,81,83,91,97,98,99,103]",26,1023,19,0.0185728250244379,1
"[0,1,2,3,4,5,6,7,12,20,22,23,25,26,30,38,39,40,42,46,48,51,53,58,59,60,63,65,66,68,70,71,73,76,77,79,81,83,91,97,98,99,103]",30,1023,133,0.130009775171065,1
"[0,1,2,3,4,5,6,7,12,20,22,23,25,26,30,38,39,40,42,46,48,51,53,58,59,60,63,65,66,68,70,71,73,76,77,79,81,83,91,97,98,99,103]",38,1023,12,0.0117302052785924,1
"[0,1,2,3,4,5,6,7,12,20,22,23,25,26,30,38,39,40,42,46,48,51,53,58,59,60,63,65,66,68,70,71,73,76,77,79,81,83,91,97,98,99,103]",39,1023,8,0.00782013685239492,1
"[0,1,2,3,4,5,6,7,12,20,22,23,25,26,30,38,39,40,42,46,48,51,53,58,59,60,63,65,66,68,70,71,73,76,77,79,81,83,91,97,98,99,103]",40,1023,4,0.00391006842619746,1
"[0,1,2,3,4,5,6,7,12,20,22,23,25,26,30,38,39,40,42,46,48,51,53,58,59,60,63,65,66,68,70,71,73,76,77,79,81,83,91,97,98,99,103]",42,1023,34,0.0332355816226784,1
"[0,1,2,3,4,5,6,7,12,20,22,23,25,26,30,38,39,40,42,46,48,51,53,58,59,60,63,65,66,68,70,71,73,76,77,79,81,83,91,97,98,99,103]",46,1023,7,0.00684261974584555,1
"[0,1,2,3,4,5,6,7,12,20,22,23,25,26,30,38,39,40,42,46,48,51,53,58,59,60,63,65,66,68,70,71,73,76,77,79,81,83,91,97,98,99,103]",48,1023,1,0.000977517106549365,1
"[0,1,2,3,4,5,6,7,12,20,22,23,25,26,30,38,39,40,42,46,48,51,53,58,59,60,63,65,66,68,70,71,73,76,77,79,81,83,91,97,98,99,103]",51,1023,11,0.010752688172043,1
"[0,1,2,3,4,5,6,7,12,20,22,23,25,26,30,38,39,40,42,46,48,51,53,58,59,60,63,65,66,68,70,71,73,76,77,79,81,83,91,97,98,99,103]",53,1023,1,0.000977517106549365,1
"[0,1,2,3,4,5,6,7,12,20,22,23,25,26,30,38,39,40,42,46,48,51,53,58,59,60,63,65,66,68,70,71,73,76,77,79,81,83,91,97,98,99,103]",58,1023,7,0.00684261974584555,1
"[0,1,2,3,4,5,6,7,12,20,22,23,25,26,30,38,39,40,42,46,48,51,53,58,59,60,63,65,66,68,70,71,73,76,77,79,81,83,91,97,98,99,103]",59,1023,8,0.00782013685239492,1
"[0,1,2,3,4,5,6,7,12,20,22,23,25,26,30,38,39,40,42,46,48,51,53,58,59,60,63,65,66,68,70,71,73,76,77,79,81,83,91,97,98,99,103]",60,1023,8,0.00782013685239492,1
"[0,1,2,3,4,5,6,7,12,20,22,23,25,26,30,38,39,40,42,46,48,51,53,58,59,60,63,65,66,68,70,71,73,76,77,79,81,83,91,97,98,99,103]",63,1023,10,0.00977517106549365,1
"[0,1,2,3,4,5,6,7,12,20,22,23,25,26,30,38,39,40,42,46,48,51,53,58,59,60,63,65,66,68,70,71,73,76,77,79,81,83,91,97,98,99,103]",65,1023,2,0.00195503421309873,1
"[0,1,2,3,4,5,6,7,12,20,22,23,25,26,30,38,39,40,42,46,48,51,53,58,59,60,63,65,66,68,70,71,73,76,77,79,81,83,91,97,98,99,103]",66,1023,91,0.0889540566959922,1
"[0,1,2,3,4,5,6,7,12,20,22,23,25,26,30,38,39,40,42,46,48,51,53,58,59,60,63,65,66,68,70,71,73,76,77,79,81,83,91,97,98,99,103]",68,1023,9,0.00879765395894428,1
"[0,1,2,3,4,5,6,7,12,20,22,23,25,26,30,38,39,40,42,46,48,51,53,58,59,60,63,65,66,68,70,71,73,76,77,79,81,83,91,97,98,99,103]",70,1023,2,0.00195503421309873,1
"[0,1,2,3,4,5,6,7,12,20,22,23,25,26,30,38,39,40,42,46,48,51,53,58,59,60,63,65,66,68,70,71,73,76,77,79,81,83,91,97,98,99,103]",71,1023,3,0.00293255131964809,1
"[0,1,2,3,4,5,6,7,12,20,22,23,25,26,30,38,39,40,42,46,48,51,53,58,59,60,63,65,66,68,70,71,73,76,77,79,81,83,91,97,98,99,103]",73,1023,3,0.00293255131964809,1
"[0,1,2,3,4,5,6,7,12,20,22,23,25,26,30,38,39,40,42,46,48,51,53,58,59,60,63,65,66,68,70,71,73,76,77,79,81,83,91,97,98,99,103]",76,1023,16,0.0156402737047898,1
"[0,1,2,3,4,5,6,7,12,20,22,23,25,26,30,38,39,40,42,46,48,51,53,58,59,60,63,65,66,68,70,71,73,76,77,79,81,83,91,97,98,99,103]",77,1023,17,0.0166177908113392,1
"[0,1,2,3,4,5,6,7,12,20,22,23,25,26,30,38,39,40,42,46,48,51,53,58,59,60,63,65,66,68,70,71,73,76,77,79,81,83,91,97,98,99,103]",79,1023,2,0.00195503421309873,1
"[0,1,2,3,4,5,6,7,12,20,22,23,25,26,30,38,39,40,42,46,48,51,53,58,59,60,63,65,66,68,70,71,73,76,77,79,81,83,91,97,98,99,103]",81,1023,5,0.00488758553274682,1
"[0,1,2,3,4,5,6,7,12,20,22,23,25,26,30,38,39,40,42,46,48,51,53,58,59,60,63,65,66,68,70,71,73,76,77,79,81,83,91,97,98,99,103]",83,1023,1,0.000977517106549365,1
"[0,1,2,3,4,5,6,7,12,20,22,23,25,26,30,38,39,40,42,46,48,51,53,58,59,60,63,65,66,68,70,71,73,76,77,79,81,83,91,97,98,99,103]",91,1023,3,0.00293255131964809,1
"[0,1,2,3,4,5,6,7,12,20,22,23,25,26,30,38,39,40,42,46,48,51,53,58,59,60,63,65,66,68,70,71,73,76,77,79,81,83,91,97,98,99,103]",97,1023,7,0.00684261974584555,1
"[0,1,2,3,4,5,6,7,12,20,22,23,25,26,30,38,39,40,42,46,48,51,53,58,59,60,63,65,66,68,70,71,73,76,77,79,81,83,91,97,98,99,103]",98,1023,14,0.0136852394916911,1
"[0,1,2,3,4,5,6,7,12,20,22,23,25,26,30,38,39,40,42,46,48,51,53,58,59,60,63,65,66,68,70,71,73,76,77,79,81,83,91,97,98,99,103]",99,1023,6,0.00586510263929619,1
"[0,1,2,3,4,5,6,7,12,20,22,23,25,26,30,38,39,40,42,46,48,51,53,58,59,60,63,65,66,68,70,71,73,76,77,79,81,83,91,97,98,99,103]",103,1023,3,0.00293255131964809,1
"[0,1,2,3,4,5,6,7,12,20,22,23,25,26,30,38,39,40,46,48,51,53,58,59,60,63,65,66,68,69,70,71,73,76,77,79,83,91,97,98,99,105]",0,861,16,0.0185830429732869,1
"[0,1,2,3,4,5,6,7,12,20,22,23,25,26,30,38,39,40,46,48,51,53,58,59,60,63,65,66,68,69,70,71,73,76,77,79,83,91,97,98,99,105]",1,861,23,0.0267131242740999,1
"[0,1,2,3,4,5,6,7,12,20,22,23,25,26,30,38,39,40,46,48,51,53,58,59,60,63,65,66,68,69,70,71,73,76,77,79,83,91,97,98,99,105]",2,861,82,0.0952380952380952,1
"[0,1,2,3,4,5,6,7,12,20,22,23,25,26,30,38,39,40,46,48,51,53,58,59,60,63,65,66,68,69,70,71,73,76,77,79,83,91,97,98,99,105]",3,861,9,0.0104529616724739,1
"[0,1,2,3,4,5,6,7,12,20,22,23,25,26,30,38,39,40,46,48,51,53,58,59,60,63,65,66,68,69,70,71,73,76,77,79,83,91,97,98,99,105]",4,861,47,0.0545876887340302,1
"[0,1,2,3,4,5,6,7,12,20,22,23,25,26,30,38,39,40,46,48,51,53,58,59,60,63,65,66,68,69,70,71,73,76,77,79,83,91,97,98,99,105]",5,861,35,0.040650406504065,1
"[0,1,2,3,4,5,6,7,12,20,22,23,25,26,30,38,39,40,46,48,51,53,58,59,60,63,65,66,68,69,70,71,73,76,77,79,83,91,97,98,99,105]",6,861,22,0.0255516840882695,1
"[0,1,2,3,4,5,6,7,12,20,22,23,25,26,30,38,39,40,46,48,51,53,58,59,60,63,65,66,68,69,70,71,73,76,77,79,83,91,97,98,99,105]",7,861,133,0.154471544715447,1
"[0,1,2,3,4,5,6,7,12,20,22,23,25,26,30,38,39,40,46,48,51,53,58,59,60,63,65,66,68,69,70,71,73,76,77,79,83,91,97,98,99,105]",12,861,24,0.0278745644599303,1
"[0,1,2,3,4,5,6,7,12,20,22,23,25,26,30,38,39,40,46,48,51,53,58,59,60,63,65,66,68,69,70,71,73,76,77,79,83,91,97,98,99,105]",20,861,23,0.0267131242740999,1
"[0,1,2,3,4,5,6,7,12,20,22,23,25,26,30,38,39,40,46,48,51,53,58,59,60,63,65,66,68,69,70,71,73,76,77,79,83,91,97,98,99,105]",22,861,12,0.0139372822299652,1
"[0,1,2,3,4,5,6,7,12,20,22,23,25,26,30,38,39,40,46,48,51,53,58,59,60,63,65,66,68,69,70,71,73,76,77,79,83,91,97,98,99,105]",23,861,4,0.00464576074332172,1
"[0,1,2,3,4,5,6,7,12,20,22,23,25,26,30,38,39,40,46,48,51,53,58,59,60,63,65,66,68,69,70,71,73,76,77,79,83,91,97,98,99,105]",25,861,10,0.0116144018583043,1
"[0,1,2,3,4,5,6,7,12,20,22,23,25,26,30,38,39,40,46,48,51,53,58,59,60,63,65,66,68,69,70,71,73,76,77,79,83,91,97,98,99,105]",26,861,29,0.0336817653890825,1
"[0,1,2,3,4,5,6,7,12,20,22,23,25,26,30,38,39,40,46,48,51,53,58,59,60,63,65,66,68,69,70,71,73,76,77,79,83,91,97,98,99,105]",30,861,7,0.00813008130081301,1
"[0,1,2,3,4,5,6,7,12,20,22,23,25,26,30,38,39,40,46,48,51,53,58,59,60,63,65,66,68,69,70,71,73,76,77,79,83,91,97,98,99,105]",38,861,20,0.0232288037166086,1
"[0,1,2,3,4,5,6,7,12,20,22,23,25,26,30,38,39,40,46,48,51,53,58,59,60,63,65,66,68,69,70,71,73,76,77,79,83,91,97,98,99,105]",39,861,16,0.0185830429732869,1
"[0,1,2,3,4,5,6,7,12,20,22,23,25,26,30,38,39,40,46,48,51,53,58,59,60,63,65,66,68,69,70,71,73,76,77,79,83,91,97,98,99,105]",40,861,3,0.00348432055749129,1
"[0,1,2,3,4,5,6,7,12,20,22,23,25,26,30,38,39,40,46,48,51,53,58,59,60,63,65,66,68,69,70,71,73,76,77,79,83,91,97,98,99,105]",46,861,9,0.0104529616724739,1
"[0,1,2,3,4,5,6,7,12,20,22,23,25,26,30,38,39,40,46,48,51,53,58,59,60,63,65,66,68,69,70,71,73,76,77,79,83,91,97,98,99,105]",48,861,2,0.00232288037166086,1
"[0,1,2,3,4,5,6,7,12,20,22,23,25,26,30,38,39,40,46,48,51,53,58,59,60,63,65,66,68,69,70,71,73,76,77,79,83,91,97,98,99,105]",51,861,7,0.00813008130081301,1
"[0,1,2,3,4,5,6,7,12,20,22,23,25,26,30,38,39,40,46,48,51,53,58,59,60,63,65,66,68,69,70,71,73,76,77,79,83,91,97,98,99,105]",53,861,1,0.00116144018583043,1
"[0,1,2,3,4,5,6,7,12,20,22,23,25,26,30,38,39,40,46,48,51,53,58,59,60,63,65,66,68,69,70,71,73,76,77,79,83,91,97,98,99,105]",58,861,4,0.00464576074332172,1
"[0,1,2,3,4,5,6,7,12,20,22,23,25,26,30,38,39,40,46,48,51,53,58,59,60,63,65,66,68,69,70,71,73,76,77,79,83,91,97,98,99,105]",59,861,6,0.00696864111498258,1
"[0,1,2,3,4,5,6,7,12,20,22,23,25,26,30,38,39,40,46,48,51,53,58,59,60,63,65,66,68,69,70,71,73,76,77,79,83,91,97,98,99,105]",60,861,6,0.00696864111498258,1
"[0,1,2,3,4,5,6,7,12,20,22,23,25,26,30,38,39,40,46,48,51,53,58,59,60,63,65,66,68,69,70,71,73,76,77,79,83,91,97,98,99,105]",63,861,18,0.0209059233449477,1
"[0,1,2,3,4,5,6,7,12,20,22,23,25,26,30,38,39,40,46,48,51,53,58,59,60,63,65,66,68,69,70,71,73,76,77,79,83,91,97,98,99,105]",65,861,2,0.00232288037166086,1
"[0,1,2,3,4,5,6,7,12,20,22,23,25,26,30,38,39,40,46,48,51,53,58,59,60,63,65,66,68,69,70,71,73,76,77,79,83,91,97,98,99,105]",66,861,81,0.0940766550522648,1
"[0,1,2,3,4,5,6,7,12,20,22,23,25,26,30,38,39,40,46,48,51,53,58,59,60,63,65,66,68,69,70,71,73,76,77,79,83,91,97,98,99,105]",68,861,9,0.0104529616724739,1
"[0,1,2,3,4,5,6,7,12,20,22,23,25,26,30,38,39,40,46,48,51,53,58,59,60,63,65,66,68,69,70,71,73,76,77,79,83,91,97,98,99,105]",69,861,12,0.0139372822299652,1
"[0,1,2,3,4,5,6,7,12,20,22,23,25,26,30,38,39,40,46,48,51,53,58,59,60,63,65,66,68,69,70,71,73,76,77,79,83,91,97,98,99,105]",70,861,2,0.00232288037166086,1
"[0,1,2,3,4,5,6,7,12,20,22,23,25,26,30,38,39,40,46,48,51,53,58,59,60,63,65,66,68,69,70,71,73,76,77,79,83,91,97,98,99,105]",71,861,1,0.00116144018583043,1
"[0,1,2,3,4,5,6,7,12,20,22,23,25,26,30,38,39,40,46,48,51,53,58,59,60,63,65,66,68,69,70,71,73,76,77,79,83,91,97,98,99,105]",73,861,6,0.00696864111498258,1
"[0,1,2,3,4,5,6,7,12,20,22,23,25,26,30,38,39,40,46,48,51,53,58,59,60,63,65,66,68,69,70,71,73,76,77,79,83,91,97,98,99,105]",76,861,28,0.032520325203252,1
"[0,1,2,3,4,5,6,7,12,20,22,23,25,26,30,38,39,40,46,48,51,53,58,59,60,63,65,66,68,69,70,71,73,76,77,79,83,91,97,98,99,105]",77,861,20,0.0232288037166086,1
"[0,1,2,3,4,5,6,7,12,20,22,23,25,26,30,38,39,40,46,48,51,53,58,59,60,63,65,66,68,69,70,71,73,76,77,79,83,91,97,98,99,105]",79,861,1,0.00116144018583043,1
"[0,1,2,3,4,5,6,7,12,20,22,23,25,26,30,38,39,40,46,48,51,53,58,59,60,63,65,66,68,69,70,71,73,76,77,79,83,91,97,98,99,105]",83,861,2,0.00232288037166086,1
"[0,1,2,3,4,5,6,7,12,20,22,23,25,26,30,38,39,40,46,48,51,53,58,59,60,63,65,66,68,69,70,71,73,76,77,79,83,91,97,98,99,105]",91,861,4,0.00464576074332172,1
"[0,1,2,3,4,5,6,7,12,20,22,23,25,26,30,38,39,40,46,48,51,53,58,59,60,63,65,66,68,69,70,71,73,76,77,79,83,91,97,98,99,105]",97,861,2,0.00232288037166086,1
"[0,1,2,3,4,5,6,7,12,20,22,23,25,26,30,38,39,40,46,48,51,53,58,59,60,63,65,66,68,69,70,71,73,76,77,79,83,91,97,98,99,105]",98,861,19,0.0220673635307782,1
"[0,1,2,3,4,5,6,7,12,20,22,23,25,26,30,38,39,40,46,48,51,53,58,59,60,63,65,66,68,69,70,71,73,76,77,79,83,91,97,98,99,105]",99,861,8,0.00929152148664344,1
"[0,1,2,3,4,5,6,7,12,20,22,23,25,26,30,38,39,40,46,48,51,53,58,59,60,63,65,66,68,69,70,71,73,76,77,79,83,91,97,98,99,105]",105,861,96,0.111498257839721,1
"[0,1,2,3,4,5,6,7,12,20,22,23,25,26,30,38,39,40,46,48,51,53,58,59,60,63,65,66,68,69,70,71,73,76,77,83,91,97,98,99]",0,2600,22,0.00846153846153846,2
"[0,1,2,3,4,5,6,7,12,20,22,23,25,26,30,38,39,40,46,48,51,53,58,59,60,63,65,66,68,69,70,71,73,76,77,83,91,97,98,99]",1,2600,38,0.0146153846153846,2
"[0,1,2,3,4,5,6,7,12,20,22,23,25,26,30,38,39,40,46,48,51,53,58,59,60,63,65,66,68,69,70,71,73,76,77,83,91,97,98,99]",2,2600,130,0.05,2
"[0,1,2,3,4,5,6,7,12,20,22,23,25,26,30,38,39,40,46,48,51,53,58,59,60,63,65,66,68,69,70,71,73,76,77,83,91,97,98,99]",3,2600,48,0.0184615384615385,2
"[0,1,2,3,4,5,6,7,12,20,22,23,25,26,30,38,39,40,46,48,51,53,58,59,60,63,65,66,68,69,70,71,73,76,77,83,91,97,98,99]",4,2600,64,0.0246153846153846,2
"[0,1,2,3,4,5,6,7,12,20,22,23,25,26,30,38,39,40,46,48,51,53,58,59,60,63,65,66,68,69,70,71,73,76,77,83,91,97,98,99]",5,2600,76,0.0292307692307692,2
"[0,1,2,3,4,5,6,7,12,20,22,23,25,26,30,38,39,40,46,48,51,53,58,59,60,63,65,66,68,69,70,71,73,76,77,83,91,97,98,99]",6,2600,1294,0.497692307692308,2
"[0,1,2,3,4,5,6,7,12,20,22,23,25,26,30,38,39,40,46,48,51,53,58,59,60,63,65,66,68,69,70,71,73,76,77,83,91,97,98,99]",7,2600,234,0.09,2
"[0,1,2,3,4,5,6,7,12,20,22,23,25,26,30,38,39,40,46,48,51,53,58,59,60,63,65,66,68,69,70,71,73,76,77,83,91,97,98,99]",12,2600,72,0.0276923076923077,2
"[0,1,2,3,4,5,6,7,12,20,22,23,25,26,30,38,39,40,46,48,51,53,58,59,60,63,65,66,68,69,70,71,73,76,77,83,91,97,98,99]",20,2600,36,0.0138461538461538,2
"[0,1,2,3,4,5,6,7,12,20,22,23,25,26,30,38,39,40,46,48,51,53,58,59,60,63,65,66,68,69,70,71,73,76,77,83,91,97,98,99]",22,2600,6,0.00230769230769231,2
"[0,1,2,3,4,5,6,7,12,20,22,23,25,26,30,38,39,40,46,48,51,53,58,59,60,63,65,66,68,69,70,71,73,76,77,83,91,97,98,99]",23,2600,28,0.0107692307692308,2
"[0,1,2,3,4,5,6,7,12,20,22,23,25,26,30,38,39,40,46,48,51,53,58,59,60,63,65,66,68,69,70,71,73,76,77,83,91,97,98,99]",25,2600,16,0.00615384615384615,2
"[0,1,2,3,4,5,6,7,12,20,22,23,25,26,30,38,39,40,46,48,51,53,58,59,60,63,65,66,68,69,70,71,73,76,77,83,91,97,98,99]",26,2600,46,0.0176923076923077,2
"[0,1,2,3,4,5,6,7,12,20,22,23,25,26,30,38,39,40,46,48,51,53,58,59,60,63,65,66,68,69,70,71,73,76,77,83,91,97,98,99]",30,2600,18,0.00692307692307692,2
"[0,1,2,3,4,5,6,7,12,20,22,23,25,26,30,38,39,40,46,48,51,53,58,59,60,63,65,66,68,69,70,71,73,76,77,83,91,97,98,99]",38,2600,14,0.00538461538461538,2
"[0,1,2,3,4,5,6,7,12,20,22,23,25,26,30,38,39,40,46,48,51,53,58,59,60,63,65,66,68,69,70,71,73,76,77,83,91,97,98,99]",39,2600,24,0.00923076923076923,2
"[0,1,2,3,4,5,6,7,12,20,22,23,25,26,30,38,39,40,46,48,51,53,58,59,60,63,65,66,68,69,70,71,73,76,77,83,91,97,98,99]",40,2600,6,0.00230769230769231,2
"[0,1,2,3,4,5,6,7,12,20,22,23,25,26,30,38,39,40,46,48,51,53,58,59,60,63,65,66,68,69,70,71,73,76,77,83,91,97,98,99]",46,2600,20,0.00769230769230769,2
"[0,1,2,3,4,5,6,7,12,20,22,23,25,26,30,38,39,40,46,48,51,53,58,59,60,63,65,66,68,69,70,71,73,76,77,83,91,97,98,99]",48,2600,14,0.00538461538461538,2
"[0,1,2,3,4,5,6,7,12,20,22,23,25,26,30,38,39,40,46,48,51,53,58,59,60,63,65,66,68,69,70,71,73,76,77,83,91,97,98,99]",51,2600,12,0.00461538461538462,2
"[0,1,2,3,4,5,6,7,12,20,22,23,25,26,30,38,39,40,46,48,51,53,58,59,60,63,65,66,68,69,70,71,73,76,77,83,91,97,98,99]",53,2600,2,0.000769230769230769,2
"[0,1,2,3,4,5,6,7,12,20,22,23,25,26,30,38,39,40,46,48,51,53,58,59,60,63,65,66,68,69,70,71,73,76,77,83,91,97,98,99]",58,2600,16,0.00615384615384615,2
"[0,1,2,3,4,5,6,7,12,20,22,23,25,26,30,38,39,40,46,48,51,53,58,59,60,63,65,66,68,69,70,71,73,76,77,83,91,97,98,99]",59,2600,6,0.00230769230769231,2
"[0,1,2,3,4,5,6,7,12,20,22,23,25,26,30,38,39,40,46,48,51,53,58,59,60,63,65,66,68,69,70,71,73,76,77,83,91,97,98,99]",60,2600,16,0.00615384615384615,2
"[0,1,2,3,4,5,6,7,12,20,22,23,25,26,30,38,39,40,46,48,51,53,58,59,60,63,65,66,68,69,70,71,73,76,77,83,91,97,98,99]",63,2600,22,0.00846153846153846,2
"[0,1,2,3,4,5,6,7,12,20,22,23,25,26,30,38,39,40,46,48,51,53,58,59,60,63,65,66,68,69,70,71,73,76,77,83,91,97,98,99]",65,2600,20,0.00769230769230769,2
"[0,1,2,3,4,5,6,7,12,20,22,23,25,26,30,38,39,40,46,48,51,53,58,59,60,63,65,66,68,69,70,71,73,76,77,83,91,97,98,99]",66,2600,136,0.0523076923076923,2
"[0,1,2,3,4,5,6,7,12,20,22,23,25,26,30,38,39,40,46,48,51,53,58,59,60,63,65,66,68,69,70,71,73,76,77,83,91,97,98,99]",68,2600,6,0.00230769230769231,2
"[0,1,2,3,4,5,6,7,12,20,22,23,25,26,30,38,39,40,46,48,51,53,58,59,60,63,65,66,68,69,70,71,73,76,77,83,91,97,98,99]",69,2600,4,0.00153846153846154,2
"[0,1,2,3,4,5,6,7,12,20,22,23,25,26,30,38,39,40,46,48,51,53,58,59,60,63,65,66,68,69,70,71,73,76,77,83,91,97,98,99]",70,2600,2,0.000769230769230769,2
"[0,1,2,3,4,5,6,7,12,20,22,23,25,26,30,38,39,40,46,48,51,53,58,59,60,63,65,66,68,69,70,71,73,76,77,83,91,97,98,99]",71,2600,14,0.00538461538461538,2
"[0,1,2,3,4,5,6,7,12,20,22,23,25,26,30,38,39,40,46,48,51,53,58,59,60,63,65,66,68,69,70,71,73,76,77,83,91,97,98,99]",73,2600,12,0.00461538461538462,2
"[0,1,2,3,4,5,6,7,12,20,22,23,25,26,30,38,39,40,46,48,51,53,58,59,60,63,65,66,68,69,70,71,73,76,77,83,91,97,98,99]",76,2600,28,0.0107692307692308,2
"[0,1,2,3,4,5,6,7,12,20,22,23,25,26,30,38,39,40,46,48,51,53,58,59,60,63,65,66,68,69,70,71,73,76,77,83,91,97,98,99]",77,2600,60,0.0230769230769231,2
"[0,1,2,3,4,5,6,7,12,20,22,23,25,26,30,38,39,40,46,48,51,53,58,59,60,63,65,66,68,69,70,71,73,76,77,83,91,97,98,99]",83,2600,2,0.000769230769230769,2
"[0,1,2,3,4,5,6,7,12,20,22,23,25,26,30,38,39,40,46,48,51,53,58,59,60,63,65,66,68,69,70,71,73,76,77,83,91,97,98,99]",91,2600,2,0.000769230769230769,2
"[0,1,2,3,4,5,6,7,12,20,22,23,25,26,30,38,39,40,46,48,51,53,58,59,60,63,65,66,68,69,70,71,73,76,77,83,91,97,98,99]",97,2600,8,0.00307692307692308,2
"[0,1,2,3,4,5,6,7,12,20,22,23,25,26,30,38,39,40,46,48,51,53,58,59,60,63,65,66,68,69,70,71,73,76,77,83,91,97,98,99]",98,2600,14,0.00538461538461538,2
"[0,1,2,3,4,5,6,7,12,20,22,23,25,26,30,38,39,40,46,48,51,53,58,59,60,63,65,66,68,69,70,71,73,76,77,83,91,97,98,99]",99,2600,12,0.00461538461538462,2
"[0,1,2,3,4,5,6,7,12,20,22,23,25,26,30,38,39,40,46,48,51,53,58,59,60,63,65,66,68,69,71,73,76,77,83,91,97,98,99,102,103]",0,962,10,0.0103950103950104,1
"[0,1,2,3,4,5,6,7,12,20,22,23,25,26,30,38,39,40,46,48,51,53,58,59,60,63,65,66,68,69,71,73,76,77,83,91,97,98,99,102,103]",1,962,31,0.0322245322245322,1
"[0,1,2,3,4,5,6,7,12,20,22,23,25,26,30,38,39,40,46,48,51,53,58,59,60,63,65,66,68,69,71,73,76,77,83,91,97,98,99,102,103]",2,962,68,0.0706860706860707,1
"[0,1,2,3,4,5,6,7,12,20,22,23,25,26,30,38,39,40,46,48,51,53,58,59,60,63,65,66,68,69,71,73,76,77,83,91,97,98,99,102,103]",3,962,15,0.0155925155925156,1
"[0,1,2,3,4,5,6,7,12,20,22,23,25,26,30,38,39,40,46,48,51,53,58,59,60,63,65,66,68,69,71,73,76,77,83,91,97,98,99,102,103]",4,962,41,0.0426195426195426,1
"[0,1,2,3,4,5,6,7,12,20,22,23,25,26,30,38,39,40,46,48,51,53,58,59,60,63,65,66,68,69,71,73,76,77,83,91,97,98,99,102,103]",5,962,28,0.0291060291060291,1
"[0,1,2,3,4,5,6,7,12,20,22,23,25,26,30,38,39,40,46,48,51,53,58,59,60,63,65,66,68,69,71,73,76,77,83,91,97,98,99,102,103]",6,962,15,0.0155925155925156,1
"[0,1,2,3,4,5,6,7,12,20,22,23,25,26,30,38,39,40,46,48,51,53,58,59,60,63,65,66,68,69,71,73,76,77,83,91,97,98,99,102,103]",7,962,149,0.154885654885655,1
"[0,1,2,3,4,5,6,7,12,20,22,23,25,26,30,38,39,40,46,48,51,53,58,59,60,63,65,66,68,69,71,73,76,77,83,91,97,98,99,102,103]",12,962,47,0.0488565488565489,1
"[0,1,2,3,4,5,6,7,12,20,22,23,25,26,30,38,39,40,46,48,51,53,58,59,60,63,65,66,68,69,71,73,76,77,83,91,97,98,99,102,103]",20,962,20,0.0207900207900208,1
"[0,1,2,3,4,5,6,7,12,20,22,23,25,26,30,38,39,40,46,48,51,53,58,59,60,63,65,66,68,69,71,73,76,77,83,91,97,98,99,102,103]",22,962,6,0.00623700623700624,1
"[0,1,2,3,4,5,6,7,12,20,22,23,25,26,30,38,39,40,46,48,51,53,58,59,60,63,65,66,68,69,71,73,76,77,83,91,97,98,99,102,103]",23,962,136,0.141372141372141,1
"[0,1,2,3,4,5,6,7,12,20,22,23,25,26,30,38,39,40,46,48,51,53,58,59,60,63,65,66,68,69,71,73,76,77,83,91,97,98,99,102,103]",25,962,6,0.00623700623700624,1
"[0,1,2,3,4,5,6,7,12,20,22,23,25,26,30,38,39,40,46,48,51,53,58,59,60,63,65,66,68,69,71,73,76,77,83,91,97,98,99,102,103]",26,962,19,0.0197505197505198,1
"[0,1,2,3,4,5,6,7,12,20,22,23,25,26,30,38,39,40,46,48,51,53,58,59,60,63,65,66,68,69,71,73,76,77,83,91,97,98,99,102,103]",30,962,5,0.0051975051975052,1
"[0,1,2,3,4,5,6,7,12,20,22,23,25,26,30,38,39,40,46,48,51,53,58,59,60,63,65,66,68,69,71,73,76,77,83,91,97,98,99,102,103]",38,962,13,0.0135135135135135,1
"[0,1,2,3,4,5,6,7,12,20,22,23,25,26,30,38,39,40,46,48,51,53,58,59,60,63,65,66,68,69,71,73,76,77,83,91,97,98,99,102,103]",39,962,73,0.0758835758835759,1
"[0,1,2,3,4,5,6,7,12,20,22,23,25,26,30,38,39,40,46,48,51,53,58,59,60,63,65,66,68,69,71,73,76,77,83,91,97,98,99,102,103]",40,962,3,0.00311850311850312,1
"[0,1,2,3,4,5,6,7,12,20,22,23,25,26,30,38,39,40,46,48,51,53,58,59,60,63,65,66,68,69,71,73,76,77,83,91,97,98,99,102,103]",46,962,13,0.0135135135135135,1
"[0,1,2,3,4,5,6,7,12,20,22,23,25,26,30,38,39,40,46,48,51,53,58,59,60,63,65,66,68,69,71,73,76,77,83,91,97,98,99,102,103]",48,962,2,0.00207900207900208,1
"[0,1,2,3,4,5,6,7,12,20,22,23,25,26,30,38,39,40,46,48,51,53,58,59,60,63,65,66,68,69,71,73,76,77,83,91,97,98,99,102,103]",51,962,6,0.00623700623700624,1
"[0,1,2,3,4,5,6,7,12,20,22,23,25,26,30,38,39,40,46,48,51,53,58,59,60,63,65,66,68,69,71,73,76,77,83,91,97,98,99,102,103]",53,962,3,0.00311850311850312,1
"[0,1,2,3,4,5,6,7,12,20,22,23,25,26,30,38,39,40,46,48,51,53,58,59,60,63,65,66,68,69,71,73,76,77,83,91,97,98,99,102,103]",58,962,8,0.00831600831600832,1
"[0,1,2,3,4,5,6,7,12,20,22,23,25,26,30,38,39,40,46,48,51,53,58,59,60,63,65,66,68,69,71,73,76,77,83,91,97,98,99,102,103]",59,962,2,0.00207900207900208,1
"[0,1,2,3,4,5,6,7,12,20,22,23,25,26,30,38,39,40,46,48,51,53,58,59,60,63,65,66,68,69,71,73,76,77,83,91,97,98,99,102,103]",60,962,7,0.00727650727650728,1
"[0,1,2,3,4,5,6,7,12,20,22,23,25,26,30,38,39,40,46,48,51,53,58,59,60,63,65,66,68,69,71,73,76,77,83,91,97,98,99,102,103]",63,962,93,0.0966735966735967,1
"[0,1,2,3,4,5,6,7,12,20,22,23,25,26,30,38,39,40,46,48,51,53,58,59,60,63,65,66,68,69,71,73,76,77,83,91,97,98,99,102,103]",65,962,8,0.00831600831600832,1
"[0,1,2,3,4,5,6,7,12,20,22,23,25,26,30,38,39,40,46,48,51,53,58,59,60,63,65,66,68,69,71,73,76,77,83,91,97,98,99,102,103]",66,962,53,0.0550935550935551,1
"[0,1,2,3,4,5,6,7,12,20,22,23,25,26,30,38,39,40,46,48,51,53,58,59,60,63,65,66,68,69,71,73,76,77,83,91,97,98,99,102,103]",68,962,6,0.00623700623700624,1
"[0,1,2,3,4,5,6,7,12,20,22,23,25,26,30,38,39,40,46,48,51,53,58,59,60,63,65,66,68,69,71,73,76,77,83,91,97,98,99,102,103]",69,962,3,0.00311850311850312,1
"[0,1,2,3,4,5,6,7,12,20,22,23,25,26,30,38,39,40,46,48,51,53,58,59,60,63,65,66,68,69,71,73,76,77,83,91,97,98,99,102,103]",71,962,5,0.0051975051975052,1
"[0,1,2,3,4,5,6,7,12,20,22,23,25,26,30,38,39,40,46,48,51,53,58,59,60,63,65,66,68,69,71,73,76,77,83,91,97,98,99,102,103]",73,962,4,0.00415800415800416,1
"[0,1,2,3,4,5,6,7,12,20,22,23,25,26,30,38,39,40,46,48,51,53,58,59,60,63,65,66,68,69,71,73,76,77,83,91,97,98,99,102,103]",76,962,19,0.0197505197505198,1
"[0,1,2,3,4,5,6,7,12,20,22,23,25,26,30,38,39,40,46,48,51,53,58,59,60,63,65,66,68,69,71,73,76,77,83,91,97,98,99,102,103]",77,962,16,0.0166320166320166,1
"[0,1,2,3,4,5,6,7,12,20,22,23,25,26,30,38,39,40,46,48,51,53,58,59,60,63,65,66,68,69,71,73,76,77,83,91,97,98,99,102,103]",83,962,2,0.00207900207900208,1
"[0,1,2,3,4,5,6,7,12,20,22,23,25,26,30,38,39,40,46,48,51,53,58,59,60,63,65,66,68,69,71,73,76,77,83,91,97,98,99,102,103]",91,962,3,0.00311850311850312,1
"[0,1,2,3,4,5,6,7,12,20,22,23,25,26,30,38,39,40,46,48,51,53,58,59,60,63,65,66,68,69,71,73,76,77,83,91,97,98,99,102,103]",97,962,6,0.00623700623700624,1
"[0,1,2,3,4,5,6,7,12,20,22,23,25,26,30,38,39,40,46,48,51,53,58,59,60,63,65,66,68,69,71,73,76,77,83,91,97,98,99,102,103]",98,962,6,0.00623700623700624,1
"[0,1,2,3,4,5,6,7,12,20,22,23,25,26,30,38,39,40,46,48,51,53,58,59,60,63,65,66,68,69,71,73,76,77,83,91,97,98,99,102,103]",99,962,3,0.00311850311850312,1
"[0,1,2,3,4,5,6,7,12,20,22,23,25,26,30,38,39,40,46,48,51,53,58,59,60,63,65,66,68,69,71,73,76,77,83,91,97,98,99,102,103]",102,962,7,0.00727650727650728,1
"[0,1,2,3,4,5,6,7,12,20,22,23,25,26,30,38,39,40,46,48,51,53,58,59,60,63,65,66,68,69,71,73,76,77,83,91,97,98,99,102,103]",103,962,2,0.00207900207900208,1
"[0,1,2,3,4,5,6,7,12,20,22,23,25,26,30,38,39,42,46,48,51,53,58,59,60,63,65,66,68,69,70,73,76,77,83,91,97,99,102,105,106,107,108]",0,824,10,0.0121359223300971,1
"[0,1,2,3,4,5,6,7,12,20,22,23,25,26,30,38,39,42,46,48,51,53,58,59,60,63,65,66,68,69,70,73,76,77,83,91,97,99,102,105,106,107,108]",1,824,22,0.0266990291262136,1
"[0,1,2,3,4,5,6,7,12,20,22,23,25,26,30,38,39,42,46,48,51,53,58,59,60,63,65,66,68,69,70,73,76,77,83,91,97,99,102,105,106,107,108]",2,824,85,0.103155339805825,1
"[0,1,2,3,4,5,6,7,12,20,22,23,25,26,30,38,39,42,46,48,51,53,58,59,60,63,65,66,68,69,70,73,76,77,83,91,97,99,102,105,106,107,108]",3,824,10,0.0121359223300971,1
"[0,1,2,3,4,5,6,7,12,20,22,23,25,26,30,38,39,42,46,48,51,53,58,59,60,63,65,66,68,69,70,73,76,77,83,91,97,99,102,105,106,107,108]",4,824,30,0.0364077669902913,1
"[0,1,2,3,4,5,6,7,12,20,22,23,25,26,30,38,39,42,46,48,51,53,58,59,60,63,65,66,68,69,70,73,76,77,83,91,97,99,102,105,106,107,108]",5,824,38,0.0461165048543689,1
"[0,1,2,3,4,5,6,7,12,20,22,23,25,26,30,38,39,42,46,48,51,53,58,59,60,63,65,66,68,69,70,73,76,77,83,91,97,99,102,105,106,107,108]",6,824,10,0.0121359223300971,1
"[0,1,2,3,4,5,6,7,12,20,22,23,25,26,30,38,39,42,46,48,51,53,58,59,60,63,65,66,68,69,70,73,76,77,83,91,97,99,102,105,106,107,108]",7,824,26,0.0315533980582524,1
"[0,1,2,3,4,5,6,7,12,20,22,23,25,26,30,38,39,42,46,48,51,53,58,59,60,63,65,66,68,69,70,73,76,77,83,91,97,99,102,105,106,107,108]",12,824,77,0.0934466019417476,1
"[0,1,2,3,4,5,6,7,12,20,22,23,25,26,30,38,39,42,46,48,51,53,58,59,60,63,65,66,68,69,70,73,76,77,83,91,97,99,102,105,106,107,108]",20,824,26,0.0315533980582524,1
"[0,1,2,3,4,5,6,7,12,20,22,23,25,26,30,38,39,42,46,48,51,53,58,59,60,63,65,66,68,69,70,73,76,77,83,91,97,99,102,105,106,107,108]",22,824,4,0.00485436893203883,1
"[0,1,2,3,4,5,6,7,12,20,22,23,25,26,30,38,39,42,46,48,51,53,58,59,60,63,65,66,68,69,70,73,76,77,83,91,97,99,102,105,106,107,108]",23,824,157,0.190533980582524,1
"[0,1,2,3,4,5,6,7,12,20,22,23,25,26,30,38,39,42,46,48,51,53,58,59,60,63,65,66,68,69,70,73,76,77,83,91,97,99,102,105,106,107,108]",25,824,8,0.00970873786407767,1
"[0,1,2,3,4,5,6,7,12,20,22,23,25,26,30,38,39,42,46,48,51,53,58,59,60,63,65,66,68,69,70,73,76,77,83,91,97,99,102,105,106,107,108]",26,824,23,0.0279126213592233,1
"[0,1,2,3,4,5,6,7,12,20,22,23,25,26,30,38,39,42,46,48,51,53,58,59,60,63,65,66,68,69,70,73,76,77,83,91,97,99,102,105,106,107,108]",30,824,3,0.00364077669902913,1
"[0,1,2,3,4,5,6,7,12,20,22,23,25,26,30,38,39,42,46,48,51,53,58,59,60,63,65,66,68,69,70,73,76,77,83,91,97,99,102,105,106,107,108]",38,824,6,0.00728155339805825,1
"[0,1,2,3,4,5,6,7,12,20,22,23,25,26,30,38,39,42,46,48,51,53,58,59,60,63,65,66,68,69,70,73,76,77,83,91,97,99,102,105,106,107,108]",39,824,109,0.132281553398058,1
"[0,1,2,3,4,5,6,7,12,20,22,23,25,26,30,38,39,42,46,48,51,53,58,59,60,63,65,66,68,69,70,73,76,77,83,91,97,99,102,105,106,107,108]",42,824,3,0.00364077669902913,1
"[0,1,2,3,4,5,6,7,12,20,22,23,25,26,30,38,39,42,46,48,51,53,58,59,60,63,65,66,68,69,70,73,76,77,83,91,97,99,102,105,106,107,108]",46,824,7,0.00849514563106796,1
"[0,1,2,3,4,5,6,7,12,20,22,23,25,26,30,38,39,42,46,48,51,53,58,59,60,63,65,66,68,69,70,73,76,77,83,91,97,99,102,105,106,107,108]",48,824,1,0.00121359223300971,1
"[0,1,2,3,4,5,6,7,12,20,22,23,25,26,30,38,39,42,46,48,51,53,58,59,60,63,65,66,68,69,70,73,76,77,83,91,97,99,102,105,106,107,108]",51,824,9,0.0109223300970874,1
"[0,1,2,3,4,5,6,7,12,20,22,23,25,26,30,38,39,42,46,48,51,53,58,59,60,63,65,66,68,69,70,73,76,77,83,91,97,99,102,105,106,107,108]",53,824,1,0.00121359223300971,1
"[0,1,2,3,4,5,6,7,12,20,22,23,25,26,30,38,39,42,46,48,51,53,58,59,60,63,65,66,68,69,70,73,76,77,83,91,97,99,102,105,106,107,108]",58,824,5,0.00606796116504854,1
"[0,1,2,3,4,5,6,7,12,20,22,23,25,26,30,38,39,42,46,48,51,53,58,59,60,63,65,66,68,69,70,73,76,77,83,91,97,99,102,105,106,107,108]",59,824,11,0.0133495145631068,1
"[0,1,2,3,4,5,6,7,12,20,22,23,25,26,30,38,39,42,46,48,51,53,58,59,60,63,65,66,68,69,70,73,76,77,83,91,97,99,102,105,106,107,108]",60,824,3,0.00364077669902913,1
"[0,1,2,3,4,5,6,7,12,20,22,23,25,26,30,38,39,42,46,48,51,53,58,59,60,63,65,66,68,69,70,73,76,77,83,91,97,99,102,105,106,107,108]",63,824,2,0.00242718446601942,1
"[0,1,2,3,4,5,6,7,12,20,22,23,25,26,30,38,39,42,46,48,51,53,58,59,60,63,65,66,68,69,70,73,76,77,83,91,97,99,102,105,106,107,108]",65,824,1,0.00121359223300971,1
"[0,1,2,3,4,5,6,7,12,20,22,23,25,26,30,38,39,42,46,48,51,53,58,59,60,63,65,66,68,69,70,73,76,77,83,91,97,99,102,105,106,107,108]",66,824,66,0.0800970873786408,1
"[0,1,2,3,4,5,6,7,12,20,22,23,25,26,30,38,39,42,46,48,51,53,58,59,60,63,65,66,68,69,70,73,76,77,83,91,97,99,102,105,106,107,108]",68,824,2,0.00242718446601942,1
"[0,1,2,3,4,5,6,7,12,20,22,23,25,26,30,38,39,42,46,48,51,53,58,59,60,63,65,66,68,69,70,73,76,77,83,91,97,99,102,105,106,107,108]",69,824,5,0.00606796116504854,1
"[0,1,2,3,4,5,6,7,12,20,22,23,25,26,30,38,39,42,46,48,51,53,58,59,60,63,65,66,68,69,70,73,76,77,83,91,97,99,102,105,106,107,108]",70,824,1,0.00121359223300971,1
"[0,1,2,3,4,5,6,7,12,20,22,23,25,26,30,38,39,42,46,48,51,53,58,59,60,63,65,66,68,69,70,73,76,77,83,91,97,99,102,105,106,107,108]",73,824,2,0.00242718446601942,1
"[0,1,2,3,4,5,6,7,12,20,22,23,25,26,30,38,39,42,46,48,51,53,58,59,60,63,65,66,68,69,70,73,76,77,83,91,97,99,102,105,106,107,108]",76,824,5,0.00606796116504854,1
"[0,1,2,3,4,5,6,7,12,20,22,23,25,26,30,38,39,42,46,48,51,53,58,59,60,63,65,66,68,69,70,73,76,77,83,91,97,99,102,105,106,107,108]",77,824,12,0.0145631067961165,1
"[0,1,2,3,4,5,6,7,12,20,22,23,25,26,30,38,39,42,46,48,51,53,58,59,60,63,65,66,68,69,70,73,76,77,83,91,97,99,102,105,106,107,108]",83,824,3,0.00364077669902913,1
"[0,1,2,3,4,5,6,7,12,20,22,23,25,26,30,38,39,42,46,48,51,53,58,59,60,63,65,66,68,69,70,73,76,77,83,91,97,99,102,105,106,107,108]",91,824,1,0.00121359223300971,1
"[0,1,2,3,4,5,6,7,12,20,22,23,25,26,30,38,39,42,46,48,51,53,58,59,60,63,65,66,68,69,70,73,76,77,83,91,97,99,102,105,106,107,108]",97,824,8,0.00970873786407767,1
"[0,1,2,3,4,5,6,7,12,20,22,23,25,26,30,38,39,42,46,48,51,53,58,59,60,63,65,66,68,69,70,73,76,77,83,91,97,99,102,105,106,107,108]",99,824,7,0.00849514563106796,1
"[0,1,2,3,4,5,6,7,12,20,22,23,25,26,30,38,39,42,46,48,51,53,58,59,60,63,65,66,68,69,70,73,76,77,83,91,97,99,102,105,106,107,108]",102,824,5,0.00606796116504854,1
"[0,1,2,3,4,5,6,7,12,20,22,23,25,26,30,38,39,42,46,48,51,53,58,59,60,63,65,66,68,69,70,73,76,77,83,91,97,99,102,105,106,107,108]",105,824,3,0.00364077669902913,1
"[0,1,2,3,4,5,6,7,12,20,22,23,25,26,30,38,39,42,46,48,51,53,58,59,60,63,65,66,68,69,70,73,76,77,83,91,97,99,102,105,106,107,108]",106,824,1,0.00121359223300971,1
"[0,1,2,3,4,5,6,7,12,20,22,23,25,26,30,38,39,42,46,48,51,53,58,59,60,63,65,66,68,69,70,73,76,77,83,91,97,99,102,105,106,107,108]",107,824,10,0.0121359223300971,1
"[0,1,2,3,4,5,6,7,12,20,22,23,25,26,30,38,39,42,46,48,51,53,58,59,60,63,65,66,68,69,70,73,76,77,83,91,97,99,102,105,106,107,108]",108,824,6,0.00728155339805825,1
"[0,1,2,3,4,5,6,7,12,20,22,23,25,26,30,38,39,46,48,51,53,58,59,60,63,65,66,68,69,70,73,76,77,83,94,97,98,99,102,103]",0,11918,13,0.00109078704480618,1
"[0,1,2,3,4,5,6,7,12,20,22,23,25,26,30,38,39,46,48,51,53,58,59,60,63,65,66,68,69,70,73,76,77,83,94,97,98,99,102,103]",1,11918,39,0.00327236113441853,1
"[0,1,2,3,4,5,6,7,12,20,22,23,25,26,30,38,39,46,48,51,53,58,59,60,63,65,66,68,69,70,73,76,77,83,94,97,98,99,102,103]",2,11918,20,0.00167813391508642,1
"[0,1,2,3,4,5,6,7,12,20,22,23,25,26,30,38,39,46,48,51,53,58,59,60,63,65,66,68,69,70,73,76,77,83,94,97,98,99,102,103]",3,11918,12,0.00100688034905185,1
"[0,1,2,3,4,5,6,7,12,20,22,23,25,26,30,38,39,46,48,51,53,58,59,60,63,65,66,68,69,70,73,76,77,83,94,97,98,99,102,103]",4,11918,49,0.00411142809196174,1
"[0,1,2,3,4,5,6,7,12,20,22,23,25,26,30,38,39,46,48,51,53,58,59,60,63,65,66,68,69,70,73,76,77,83,94,97,98,99,102,103]",5,11918,70,0.00587346870280248,1
"[0,1,2,3,4,5,6,7,12,20,22,23,25,26,30,38,39,46,48,51,53,58,59,60,63,65,66,68,69,70,73,76,77,83,94,97,98,99,102,103]",6,11918,12,0.00100688034905185,1
"[0,1,2,3,4,5,6,7,12,20,22,23,25,26,30,38,39,46,48,51,53,58,59,60,63,65,66,68,69,70,73,76,77,83,94,97,98,99,102,103]",7,11918,8287,0.69533478771606,1
"[0,1,2,3,4,5,6,7,12,20,22,23,25,26,30,38,39,46,48,51,53,58,59,60,63,65,66,68,69,70,73,76,77,83,94,97,98,99,102,103]",12,11918,28,0.00234938748112099,1
"[0,1,2,3,4,5,6,7,12,20,22,23,25,26,30,38,39,46,48,51,53,58,59,60,63,65,66,68,69,70,73,76,77,83,94,97,98,99,102,103]",20,11918,28,0.00234938748112099,1
"[0,1,2,3,4,5,6,7,12,20,22,23,25,26,30,38,39,46,48,51,53,58,59,60,63,65,66,68,69,70,73,76,77,83,94,97,98,99,102,103]",22,11918,10,0.000839066957543212,1
"[0,1,2,3,4,5,6,7,12,20,22,23,25,26,30,38,39,46,48,51,53,58,59,60,63,65,66,68,69,70,73,76,77,83,94,97,98,99,102,103]",23,11918,16,0.00134250713206914,1
"[0,1,2,3,4,5,6,7,12,20,22,23,25,26,30,38,39,46,48,51,53,58,59,60,63,65,66,68,69,70,73,76,77,83,94,97,98,99,102,103]",25,11918,17,0.00142641382782346,1
"[0,1,2,3,4,5,6,7,12,20,22,23,25,26,30,38,39,46,48,51,53,58,59,60,63,65,66,68,69,70,73,76,77,83,94,97,98,99,102,103]",26,11918,35,0.00293673435140124,1
"[0,1,2,3,4,5,6,7,12,20,22,23,25,26,30,38,39,46,48,51,53,58,59,60,63,65,66,68,69,70,73,76,77,83,94,97,98,99,102,103]",30,11918,4,0.000335626783017285,1
"[0,1,2,3,4,5,6,7,12,20,22,23,25,26,30,38,39,46,48,51,53,58,59,60,63,65,66,68,69,70,73,76,77,83,94,97,98,99,102,103]",38,11918,6,0.000503440174525927,1
"[0,1,2,3,4,5,6,7,12,20,22,23,25,26,30,38,39,46,48,51,53,58,59,60,63,65,66,68,69,70,73,76,77,83,94,97,98,99,102,103]",39,11918,15,0.00125860043631482,1
"[0,1,2,3,4,5,6,7,12,20,22,23,25,26,30,38,39,46,48,51,53,58,59,60,63,65,66,68,69,70,73,76,77,83,94,97,98,99,102,103]",46,11918,5,0.000419533478771606,1
"[0,1,2,3,4,5,6,7,12,20,22,23,25,26,30,38,39,46,48,51,53,58,59,60,63,65,66,68,69,70,73,76,77,83,94,97,98,99,102,103]",48,11918,5,0.000419533478771606,1
"[0,1,2,3,4,5,6,7,12,20,22,23,25,26,30,38,39,46,48,51,53,58,59,60,63,65,66,68,69,70,73,76,77,83,94,97,98,99,102,103]",51,11918,7,0.000587346870280248,1
"[0,1,2,3,4,5,6,7,12,20,22,23,25,26,30,38,39,46,48,51,53,58,59,60,63,65,66,68,69,70,73,76,77,83,94,97,98,99,102,103]",53,11918,3,0.000251720087262964,1
"[0,1,2,3,4,5,6,7,12,20,22,23,25,26,30,38,39,46,48,51,53,58,59,60,63,65,66,68,69,70,73,76,77,83,94,97,98,99,102,103]",58,11918,8,0.00067125356603457,1
"[0,1,2,3,4,5,6,7,12,20,22,23,25,26,30,38,39,46,48,51,53,58,59,60,63,65,66,68,69,70,73,76,77,83,94,97,98,99,102,103]",59,11918,16,0.00134250713206914,1
"[0,1,2,3,4,5,6,7,12,20,22,23,25,26,30,38,39,46,48,51,53,58,59,60,63,65,66,68,69,70,73,76,77,83,94,97,98,99,102,103]",60,11918,5,0.000419533478771606,1
"[0,1,2,3,4,5,6,7,12,20,22,23,25,26,30,38,39,46,48,51,53,58,59,60,63,65,66,68,69,70,73,76,77,83,94,97,98,99,102,103]",63,11918,6,0.000503440174525927,1
"[0,1,2,3,4,5,6,7,12,20,22,23,25,26,30,38,39,46,48,51,53,58,59,60,63,65,66,68,69,70,73,76,77,83,94,97,98,99,102,103]",65,11918,9,0.000755160261788891,1
"[0,1,2,3,4,5,6,7,12,20,22,23,25,26,30,38,39,46,48,51,53,58,59,60,63,65,66,68,69,70,73,76,77,83,94,97,98,99,102,103]",66,11918,3108,0.26078201040443,1
"[0,1,2,3,4,5,6,7,12,20,22,23,25,26,30,38,39,46,48,51,53,58,59,60,63,65,66,68,69,70,73,76,77,83,94,97,98,99,102,103]",68,11918,7,0.000587346870280248,1
"[0,1,2,3,4,5,6,7,12,20,22,23,25,26,30,38,39,46,48,51,53,58,59,60,63,65,66,68,69,70,73,76,77,83,94,97,98,99,102,103]",69,11918,6,0.000503440174525927,1
"[0,1,2,3,4,5,6,7,12,20,22,23,25,26,30,38,39,46,48,51,53,58,59,60,63,65,66,68,69,70,73,76,77,83,94,97,98,99,102,103]",70,11918,3,0.000251720087262964,1
"[0,1,2,3,4,5,6,7,12,20,22,23,25,26,30,38,39,46,48,51,53,58,59,60,63,65,66,68,69,70,73,76,77,83,94,97,98,99,102,103]",73,11918,4,0.000335626783017285,1
"[0,1,2,3,4,5,6,7,12,20,22,23,25,26,30,38,39,46,48,51,53,58,59,60,63,65,66,68,69,70,73,76,77,83,94,97,98,99,102,103]",76,11918,22,0.00184594730659507,1
"[0,1,2,3,4,5,6,7,12,20,22,23,25,26,30,38,39,46,48,51,53,58,59,60,63,65,66,68,69,70,73,76,77,83,94,97,98,99,102,103]",77,11918,17,0.00142641382782346,1
"[0,1,2,3,4,5,6,7,12,20,22,23,25,26,30,38,39,46,48,51,53,58,59,60,63,65,66,68,69,70,73,76,77,83,94,97,98,99,102,103]",83,11918,1,8.39066957543212e-05,1
"[0,1,2,3,4,5,6,7,12,20,22,23,25,26,30,38,39,46,48,51,53,58,59,60,63,65,66,68,69,70,73,76,77,83,94,97,98,99,102,103]",94,11918,2,0.000167813391508642,1
"[0,1,2,3,4,5,6,7,12,20,22,23,25,26,30,38,39,46,48,51,53,58,59,60,63,65,66,68,69,70,73,76,77,83,94,97,98,99,102,103]",97,11918,2,0.000167813391508642,1
"[0,1,2,3,4,5,6,7,12,20,22,23,25,26,30,38,39,46,48,51,53,58,59,60,63,65,66,68,69,70,73,76,77,83,94,97,98,99,102,103]",98,11918,8,0.00067125356603457,1
"[0,1,2,3,4,5,6,7,12,20,22,23,25,26,30,38,39,46,48,51,53,58,59,60,63,65,66,68,69,70,73,76,77,83,94,97,98,99,102,103]",99,11918,6,0.000503440174525927,1
"[0,1,2,3,4,5,6,7,12,20,22,23,25,26,30,38,39,46,48,51,53,58,59,60,63,65,66,68,69,70,73,76,77,83,94,97,98,99,102,103]",102,11918,6,0.000503440174525927,1
"[0,1,2,3,4,5,6,7,12,20,22,23,25,26,30,38,39,46,48,51,53,58,59,60,63,65,66,68,69,70,73,76,77,83,94,97,98,99,102,103]",103,11918,1,8.39066957543212e-05,1
"[0,1,2,3,4,5,6,7,12,20,22,23,25,26,30,38,39,46,48,51,53,58,59,60,63,66,68,69,70,71,73,76,77,83,97,98,102,103]",0,720,15,0.0208333333333333,1
"[0,1,2,3,4,5,6,7,12,20,22,23,25,26,30,38,39,46,48,51,53,58,59,60,63,66,68,69,70,71,73,76,77,83,97,98,102,103]",1,720,23,0.0319444444444444,1
"[0,1,2,3,4,5,6,7,12,20,22,23,25,26,30,38,39,46,48,51,53,58,59,60,63,66,68,69,70,71,73,76,77,83,97,98,102,103]",2,720,46,0.0638888888888889,1
"[0,1,2,3,4,5,6,7,12,20,22,23,25,26,30,38,39,46,48,51,53,58,59,60,63,66,68,69,70,71,73,76,77,83,97,98,102,103]",3,720,18,0.025,1
"[0,1,2,3,4,5,6,7,12,20,22,23,25,26,30,38,39,46,48,51,53,58,59,60,63,66,68,69,70,71,73,76,77,83,97,98,102,103]",4,720,42,0.0583333333333333,1
"[0,1,2,3,4,5,6,7,12,20,22,23,25,26,30,38,39,46,48,51,53,58,59,60,63,66,68,69,70,71,73,76,77,83,97,98,102,103]",5,720,49,0.0680555555555555,1
"[0,1,2,3,4,5,6,7,12,20,22,23,25,26,30,38,39,46,48,51,53,58,59,60,63,66,68,69,70,71,73,76,77,83,97,98,102,103]",6,720,21,0.0291666666666667,1
"[0,1,2,3,4,5,6,7,12,20,22,23,25,26,30,38,39,46,48,51,53,58,59,60,63,66,68,69,70,71,73,76,77,83,97,98,102,103]",7,720,69,0.0958333333333333,1
"[0,1,2,3,4,5,6,7,12,20,22,23,25,26,30,38,39,46,48,51,53,58,59,60,63,66,68,69,70,71,73,76,77,83,97,98,102,103]",12,720,17,0.0236111111111111,1
"[0,1,2,3,4,5,6,7,12,20,22,23,25,26,30,38,39,46,48,51,53,58,59,60,63,66,68,69,70,71,73,76,77,83,97,98,102,103]",20,720,22,0.0305555555555556,1
"[0,1,2,3,4,5,6,7,12,20,22,23,25,26,30,38,39,46,48,51,53,58,59,60,63,66,68,69,70,71,73,76,77,83,97,98,102,103]",22,720,3,0.00416666666666667,1
"[0,1,2,3,4,5,6,7,12,20,22,23,25,26,30,38,39,46,48,51,53,58,59,60,63,66,68,69,70,71,73,76,77,83,97,98,102,103]",23,720,26,0.0361111111111111,1
"[0,1,2,3,4,5,6,7,12,20,22,23,25,26,30,38,39,46,48,51,53,58,59,60,63,66,68,69,70,71,73,76,77,83,97,98,102,103]",25,720,9,0.0125,1
"[0,1,2,3,4,5,6,7,12,20,22,23,25,26,30,38,39,46,48,51,53,58,59,60,63,66,68,69,70,71,73,76,77,83,97,98,102,103]",26,720,36,0.05,1
"[0,1,2,3,4,5,6,7,12,20,22,23,25,26,30,38,39,46,48,51,53,58,59,60,63,66,68,69,70,71,73,76,77,83,97,98,102,103]",30,720,9,0.0125,1
"[0,1,2,3,4,5,6,7,12,20,22,23,25,26,30,38,39,46,48,51,53,58,59,60,63,66,68,69,70,71,73,76,77,83,97,98,102,103]",38,720,2,0.00277777777777778,1
"[0,1,2,3,4,5,6,7,12,20,22,23,25,26,30,38,39,46,48,51,53,58,59,60,63,66,68,69,70,71,73,76,77,83,97,98,102,103]",39,720,2,0.00277777777777778,1
"[0,1,2,3,4,5,6,7,12,20,22,23,25,26,30,38,39,46,48,51,53,58,59,60,63,66,68,69,70,71,73,76,77,83,97,98,102,103]",46,720,9,0.0125,1
"[0,1,2,3,4,5,6,7,12,20,22,23,25,26,30,38,39,46,48,51,53,58,59,60,63,66,68,69,70,71,73,76,77,83,97,98,102,103]",48,720,13,0.0180555555555556,1
"[0,1,2,3,4,5,6,7,12,20,22,23,25,26,30,38,39,46,48,51,53,58,59,60,63,66,68,69,70,71,73,76,77,83,97,98,102,103]",51,720,4,0.00555555555555556,1
"[0,1,2,3,4,5,6,7,12,20,22,23,25,26,30,38,39,46,48,51,53,58,59,60,63,66,68,69,70,71,73,76,77,83,97,98,102,103]",53,720,3,0.00416666666666667,1
"[0,1,2,3,4,5,6,7,12,20,22,23,25,26,30,38,39,46,48,51,53,58,59,60,63,66,68,69,70,71,73,76,77,83,97,98,102,103]",58,720,7,0.00972222222222222,1
"[0,1,2,3,4,5,6,7,12,20,22,23,25,26,30,38,39,46,48,51,53,58,59,60,63,66,68,69,70,71,73,76,77,83,97,98,102,103]",59,720,1,0.00138888888888889,1
"[0,1,2,3,4,5,6,7,12,20,22,23,25,26,30,38,39,46,48,51,53,58,59,60,63,66,68,69,70,71,73,76,77,83,97,98,102,103]",60,720,79,0.109722222222222,1
"[0,1,2,3,4,5,6,7,12,20,22,23,25,26,30,38,39,46,48,51,53,58,59,60,63,66,68,69,70,71,73,76,77,83,97,98,102,103]",63,720,5,0.00694444444444444,1
"[0,1,2,3,4,5,6,7,12,20,22,23,25,26,30,38,39,46,48,51,53,58,59,60,63,66,68,69,70,71,73,76,77,83,97,98,102,103]",66,720,85,0.118055555555556,1
"[0,1,2,3,4,5,6,7,12,20,22,23,25,26,30,38,39,46,48,51,53,58,59,60,63,66,68,69,70,71,73,76,77,83,97,98,102,103]",68,720,10,0.0138888888888889,1
"[0,1,2,3,4,5,6,7,12,20,22,23,25,26,30,38,39,46,48,51,53,58,59,60,63,66,68,69,70,71,73,76,77,83,97,98,102,103]",69,720,7,0.00972222222222222,1
"[0,1,2,3,4,5,6,7,12,20,22,23,25,26,30,38,39,46,48,51,53,58,59,60,63,66,68,69,70,71,73,76,77,83,97,98,102,103]",70,720,2,0.00277777777777778,1
"[0,1,2,3,4,5,6,7,12,20,22,23,25,26,30,38,39,46,48,51,53,58,59,60,63,66,68,69,70,71,73,76,77,83,97,98,102,103]",71,720,5,0.00694444444444444,1
"[0,1,2,3,4,5,6,7,12,20,22,23,25,26,30,38,39,46,48,51,53,58,59,60,63,66,68,69,70,71,73,76,77,83,97,98,102,103]",73,720,32,0.0444444444444444,1
"[0,1,2,3,4,5,6,7,12,20,22,23,25,26,30,38,39,46,48,51,53,58,59,60,63,66,68,69,70,71,73,76,77,83,97,98,102,103]",76,720,20,0.0277777777777778,1
"[0,1,2,3,4,5,6,7,12,20,22,23,25,26,30,38,39,46,48,51,53,58,59,60,63,66,68,69,70,71,73,76,77,83,97,98,102,103]",77,720,16,0.0222222222222222,1
"[0,1,2,3,4,5,6,7,12,20,22,23,25,26,30,38,39,46,48,51,53,58,59,60,63,66,68,69,70,71,73,76,77,83,97,98,102,103]",83,720,2,0.00277777777777778,1
"[0,1,2,3,4,5,6,7,12,20,22,23,25,26,30,38,39,46,48,51,53,58,59,60,63,66,68,69,70,71,73,76,77,83,97,98,102,103]",97,720,2,0.00277777777777778,1
"[0,1,2,3,4,5,6,7,12,20,22,23,25,26,30,38,39,46,48,51,53,58,59,60,63,66,68,69,70,71,73,76,77,83,97,98,102,103]",98,720,6,0.00833333333333333,1
"[0,1,2,3,4,5,6,7,12,20,22,23,25,26,30,38,39,46,48,51,53,58,59,60,63,66,68,69,70,71,73,76,77,83,97,98,102,103]",102,720,2,0.00277777777777778,1
"[0,1,2,3,4,5,6,7,12,20,22,23,25,26,30,38,39,46,48,51,53,58,59,60,63,66,68,69,70,71,73,76,77,83,97,98,102,103]",103,720,1,0.00138888888888889,1
"[0,1,2,3,4,5,6,7,12,20,22,23,25,26,30,38,39,48,51,53,58,59,60,63,65,66,69,70,73,76,77,83,91,97,98,99,102,103,105,106,107,108]",0,1246,13,0.0104333868378812,1
"[0,1,2,3,4,5,6,7,12,20,22,23,25,26,30,38,39,48,51,53,58,59,60,63,65,66,69,70,73,76,77,83,91,97,98,99,102,103,105,106,107,108]",1,1246,15,0.0120385232744783,1
"[0,1,2,3,4,5,6,7,12,20,22,23,25,26,30,38,39,48,51,53,58,59,60,63,65,66,69,70,73,76,77,83,91,97,98,99,102,103,105,106,107,108]",2,1246,43,0.0345104333868379,1
"[0,1,2,3,4,5,6,7,12,20,22,23,25,26,30,38,39,48,51,53,58,59,60,63,65,66,69,70,73,76,77,83,91,97,98,99,102,103,105,106,107,108]",3,1246,7,0.00561797752808989,1
"[0,1,2,3,4,5,6,7,12,20,22,23,25,26,30,38,39,48,51,53,58,59,60,63,65,66,69,70,73,76,77,83,91,97,98,99,102,103,105,106,107,108]",4,1246,360,0.28892455858748,1
"[0,1,2,3,4,5,6,7,12,20,22,23,25,26,30,38,39,48,51,53,58,59,60,63,65,66,69,70,73,76,77,83,91,97,98,99,102,103,105,106,107,108]",5,1246,399,0.320224719101124,1
"[0,1,2,3,4,5,6,7,12,20,22,23,25,26,30,38,39,48,51,53,58,59,60,63,65,66,69,70,73,76,77,83,91,97,98,99,102,103,105,106,107,108]",6,1246,5,0.00401284109149278,1
"[0,1,2,3,4,5,6,7,12,20,22,23,25,26,30,38,39,48,51,53,58,59,60,63,65,66,69,70,73,76,77,83,91,97,98,99,102,103,105,106,107,108]",7,1246,113,0.0906902086677368,1
"[0,1,2,3,4,5,6,7,12,20,22,23,25,26,30,38,39,48,51,53,58,59,60,63,65,66,69,70,73,76,77,83,91,97,98,99,102,103,105,106,107,108]",12,1246,22,0.0176565008025682,1
"[0,1,2,3,4,5,6,7,12,20,22,23,25,26,30,38,39,48,51,53,58,59,60,63,65,66,69,70,73,76,77,83,91,97,98,99,102,103,105,106,107,108]",20,1246,25,0.0200642054574639,1
"[0,1,2,3,4,5,6,7,12,20,22,23,25,26,30,38,39,48,51,53,58,59,60,63,65,66,69,70,73,76,77,83,91,97,98,99,102,103,105,106,107,108]",22,1246,8,0.00642054574638844,1
"[0,1,2,3,4,5,6,7,12,20,22,23,25,26,30,38,39,48,51,53,58,59,60,63,65,66,69,70,73,76,77,83,91,97,98,99,102,103,105,106,107,108]",23,1246,19,0.0152487961476726,1
"[0,1,2,3,4,5,6,7,12,20,22,23,25,26,30,38,39,48,51,53,58,59,60,63,65,66,69,70,73,76,77,83,91,97,98,99,102,103,105,106,107,108]",25,1246,10,0.00802568218298555,1
"[0,1,2,3,4,5,6,7,12,20,22,23,25,26,30,38,39,48,51,53,58,59,60,63,65,66,69,70,73,76,77,83,91,97,98,99,102,103,105,106,107,108]",26,1246,20,0.0160513643659711,1
"[0,1,2,3,4,5,6,7,12,20,22,23,25,26,30,38,39,48,51,53,58,59,60,63,65,66,69,70,73,76,77,83,91,97,98,99,102,103,105,106,107,108]",30,1246,1,0.000802568218298555,1
"[0,1,2,3,4,5,6,7,12,20,22,23,25,26,30,38,39,48,51,53,58,59,60,63,65,66,69,70,73,76,77,83,91,97,98,99,102,103,105,106,107,108]",38,1246,5,0.00401284109149278,1
"[0,1,2,3,4,5,6,7,12,20,22,23,25,26,30,38,39,48,51,53,58,59,60,63,65,66,69,70,73,76,77,83,91,97,98,99,102,103,105,106,107,108]",39,1246,8,0.00642054574638844,1
"[0,1,2,3,4,5,6,7,12,20,22,23,25,26,30,38,39,48,51,53,58,59,60,63,65,66,69,70,73,76,77,83,91,97,98,99,102,103,105,106,107,108]",48,1246,3,0.00240770465489567,1
"[0,1,2,3,4,5,6,7,12,20,22,23,25,26,30,38,39,48,51,53,58,59,60,63,65,66,69,70,73,76,77,83,91,97,98,99,102,103,105,106,107,108]",51,1246,11,0.00882825040128411,1
"[0,1,2,3,4,5,6,7,12,20,22,23,25,26,30,38,39,48,51,53,58,59,60,63,65,66,69,70,73,76,77,83,91,97,98,99,102,103,105,106,107,108]",53,1246,2,0.00160513643659711,1
"[0,1,2,3,4,5,6,7,12,20,22,23,25,26,30,38,39,48,51,53,58,59,60,63,65,66,69,70,73,76,77,83,91,97,98,99,102,103,105,106,107,108]",58,1246,3,0.00240770465489567,1
"[0,1,2,3,4,5,6,7,12,20,22,23,25,26,30,38,39,48,51,53,58,59,60,63,65,66,69,70,73,76,77,83,91,97,98,99,102,103,105,106,107,108]",59,1246,6,0.00481540930979133,1
"[0,1,2,3,4,5,6,7,12,20,22,23,25,26,30,38,39,48,51,53,58,59,60,63,65,66,69,70,73,76,77,83,91,97,98,99,102,103,105,106,107,108]",60,1246,7,0.00561797752808989,1
"[0,1,2,3,4,5,6,7,12,20,22,23,25,26,30,38,39,48,51,53,58,59,60,63,65,66,69,70,73,76,77,83,91,97,98,99,102,103,105,106,107,108]",63,1246,5,0.00401284109149278,1
"[0,1,2,3,4,5,6,7,12,20,22,23,25,26,30,38,39,48,51,53,58,59,60,63,65,66,69,70,73,76,77,83,91,97,98,99,102,103,105,106,107,108]",65,1246,4,0.00321027287319422,1
"[0,1,2,3,4,5,6,7,12,20,22,23,25,26,30,38,39,48,51,53,58,59,60,63,65,66,69,70,73,76,77,83,91,97,98,99,102,103,105,106,107,108]",66,1246,47,0.0377207062600321,1
"[0,1,2,3,4,5,6,7,12,20,22,23,25,26,30,38,39,48,51,53,58,59,60,63,65,66,69,70,73,76,77,83,91,97,98,99,102,103,105,106,107,108]",69,1246,9,0.007223113964687,1
"[0,1,2,3,4,5,6,7,12,20,22,23,25,26,30,38,39,48,51,53,58,59,60,63,65,66,69,70,73,76,77,83,91,97,98,99,102,103,105,106,107,108]",70,1246,1,0.000802568218298555,1
"[0,1,2,3,4,5,6,7,12,20,22,23,25,26,30,38,39,48,51,53,58,59,60,63,65,66,69,70,73,76,77,83,91,97,98,99,102,103,105,106,107,108]",73,1246,6,0.00481540930979133,1
"[0,1,2,3,4,5,6,7,12,20,22,23,25,26,30,38,39,48,51,53,58,59,60,63,65,66,69,70,73,76,77,83,91,97,98,99,102,103,105,106,107,108]",76,1246,8,0.00642054574638844,1
"[0,1,2,3,4,5,6,7,12,20,22,23,25,26,30,38,39,48,51,53,58,59,60,63,65,66,69,70,73,76,77,83,91,97,98,99,102,103,105,106,107,108]",77,1246,16,0.0128410914927769,1
"[0,1,2,3,4,5,6,7,12,20,22,23,25,26,30,38,39,48,51,53,58,59,60,63,65,66,69,70,73,76,77,83,91,97,98,99,102,103,105,106,107,108]",83,1246,1,0.000802568218298555,1
"[0,1,2,3,4,5,6,7,12,20,22,23,25,26,30,38,39,48,51,53,58,59,60,63,65,66,69,70,73,76,77,83,91,97,98,99,102,103,105,106,107,108]",91,1246,1,0.000802568218298555,1
"[0,1,2,3,4,5,6,7,12,20,22,23,25,26,30,38,39,48,51,53,58,59,60,63,65,66,69,70,73,76,77,83,91,97,98,99,102,103,105,106,107,108]",97,1246,4,0.00321027287319422,1
"[0,1,2,3,4,5,6,7,12,20,22,23,25,26,30,38,39,48,51,53,58,59,60,63,65,66,69,70,73,76,77,83,91,97,98,99,102,103,105,106,107,108]",98,1246,4,0.00321027287319422,1
"[0,1,2,3,4,5,6,7,12,20,22,23,25,26,30,38,39,48,51,53,58,59,60,63,65,66,69,70,73,76,77,83,91,97,98,99,102,103,105,106,107,108]",99,1246,10,0.00802568218298555,1
"[0,1,2,3,4,5,6,7,12,20,22,23,25,26,30,38,39,48,51,53,58,59,60,63,65,66,69,70,73,76,77,83,91,97,98,99,102,103,105,106,107,108]",102,1246,2,0.00160513643659711,1
"[0,1,2,3,4,5,6,7,12,20,22,23,25,26,30,38,39,48,51,53,58,59,60,63,65,66,69,70,73,76,77,83,91,97,98,99,102,103,105,106,107,108]",103,1246,1,0.000802568218298555,1
"[0,1,2,3,4,5,6,7,12,20,22,23,25,26,30,38,39,48,51,53,58,59,60,63,65,66,69,70,73,76,77,83,91,97,98,99,102,103,105,106,107,108]",105,1246,3,0.00240770465489567,1
"[0,1,2,3,4,5,6,7,12,20,22,23,25,26,30,38,39,48,51,53,58,59,60,63,65,66,69,70,73,76,77,83,91,97,98,99,102,103,105,106,107,108]",106,1246,3,0.00240770465489567,1
"[0,1,2,3,4,5,6,7,12,20,22,23,25,26,30,38,39,48,51,53,58,59,60,63,65,66,69,70,73,76,77,83,91,97,98,99,102,103,105,106,107,108]",107,1246,8,0.00642054574638844,1
"[0,1,2,3,4,5,6,7,12,20,22,23,25,26,30,38,39,48,51,53,58,59,60,63,65,66,69,70,73,76,77,83,91,97,98,99,102,103,105,106,107,108]",108,1246,8,0.00642054574638844,1
"[0,1,2,3,4,5,6,7,12,20,22,23,25,26,30,38,46,48,51,53,58,59,60,63,65,66,68,69,70,73,76,77,83,97,98,99,102,103,105,106,107,108]",0,792,13,0.0164141414141414,1
"[0,1,2,3,4,5,6,7,12,20,22,23,25,26,30,38,46,48,51,53,58,59,60,63,65,66,68,69,70,73,76,77,83,97,98,99,102,103,105,106,107,108]",1,792,12,0.0151515151515152,1
"[0,1,2,3,4,5,6,7,12,20,22,23,25,26,30,38,46,48,51,53,58,59,60,63,65,66,68,69,70,73,76,77,83,97,98,99,102,103,105,106,107,108]",2,792,60,0.0757575757575758,1
"[0,1,2,3,4,5,6,7,12,20,22,23,25,26,30,38,46,48,51,53,58,59,60,63,65,66,68,69,70,73,76,77,83,97,98,99,102,103,105,106,107,108]",3,792,12,0.0151515151515152,1
"[0,1,2,3,4,5,6,7,12,20,22,23,25,26,30,38,46,48,51,53,58,59,60,63,65,66,68,69,70,73,76,77,83,97,98,99,102,103,105,106,107,108]",4,792,23,0.029040404040404,1
"[0,1,2,3,4,5,6,7,12,20,22,23,25,26,30,38,46,48,51,53,58,59,60,63,65,66,68,69,70,73,76,77,83,97,98,99,102,103,105,106,107,108]",5,792,43,0.0542929292929293,1
"[0,1,2,3,4,5,6,7,12,20,22,23,25,26,30,38,46,48,51,53,58,59,60,63,65,66,68,69,70,73,76,77,83,97,98,99,102,103,105,106,107,108]",6,792,13,0.0164141414141414,1
"[0,1,2,3,4,5,6,7,12,20,22,23,25,26,30,38,46,48,51,53,58,59,60,63,65,66,68,69,70,73,76,77,83,97,98,99,102,103,105,106,107,108]",7,792,66,0.0833333333333333,1
"[0,1,2,3,4,5,6,7,12,20,22,23,25,26,30,38,46,48,51,53,58,59,60,63,65,66,68,69,70,73,76,77,83,97,98,99,102,103,105,106,107,108]",12,792,29,0.0366161616161616,1
"[0,1,2,3,4,5,6,7,12,20,22,23,25,26,30,38,46,48,51,53,58,59,60,63,65,66,68,69,70,73,76,77,83,97,98,99,102,103,105,106,107,108]",20,792,116,0.146464646464646,1
"[0,1,2,3,4,5,6,7,12,20,22,23,25,26,30,38,46,48,51,53,58,59,60,63,65,66,68,69,70,73,76,77,83,97,98,99,102,103,105,106,107,108]",22,792,1,0.00126262626262626,1
"[0,1,2,3,4,5,6,7,12,20,22,23,25,26,30,38,46,48,51,53,58,59,60,63,65,66,68,69,70,73,76,77,83,97,98,99,102,103,105,106,107,108]",23,792,19,0.023989898989899,1
"[0,1,2,3,4,5,6,7,12,20,22,23,25,26,30,38,46,48,51,53,58,59,60,63,65,66,68,69,70,73,76,77,83,97,98,99,102,103,105,106,107,108]",25,792,12,0.0151515151515152,1
"[0,1,2,3,4,5,6,7,12,20,22,23,25,26,30,38,46,48,51,53,58,59,60,63,65,66,68,69,70,73,76,77,83,97,98,99,102,103,105,106,107,108]",26,792,28,0.0353535353535354,1
"[0,1,2,3,4,5,6,7,12,20,22,23,25,26,30,38,46,48,51,53,58,59,60,63,65,66,68,69,70,73,76,77,83,97,98,99,102,103,105,106,107,108]",30,792,6,0.00757575757575758,1
"[0,1,2,3,4,5,6,7,12,20,22,23,25,26,30,38,46,48,51,53,58,59,60,63,65,66,68,69,70,73,76,77,83,97,98,99,102,103,105,106,107,108]",38,792,8,0.0101010101010101,1
"[0,1,2,3,4,5,6,7,12,20,22,23,25,26,30,38,46,48,51,53,58,59,60,63,65,66,68,69,70,73,76,77,83,97,98,99,102,103,105,106,107,108]",46,792,8,0.0101010101010101,1
"[0,1,2,3,4,5,6,7,12,20,22,23,25,26,30,38,46,48,51,53,58,59,60,63,65,66,68,69,70,73,76,77,83,97,98,99,102,103,105,106,107,108]",48,792,1,0.00126262626262626,1
"[0,1,2,3,4,5,6,7,12,20,22,23,25,26,30,38,46,48,51,53,58,59,60,63,65,66,68,69,70,73,76,77,83,97,98,99,102,103,105,106,107,108]",51,792,10,0.0126262626262626,1
"[0,1,2,3,4,5,6,7,12,20,22,23,25,26,30,38,46,48,51,53,58,59,60,63,65,66,68,69,70,73,76,77,83,97,98,99,102,103,105,106,107,108]",53,792,5,0.00631313131313131,1
"[0,1,2,3,4,5,6,7,12,20,22,23,25,26,30,38,46,48,51,53,58,59,60,63,65,66,68,69,70,73,76,77,83,97,98,99,102,103,105,106,107,108]",58,792,8,0.0101010101010101,1
"[0,1,2,3,4,5,6,7,12,20,22,23,25,26,30,38,46,48,51,53,58,59,60,63,65,66,68,69,70,73,76,77,83,97,98,99,102,103,105,106,107,108]",59,792,6,0.00757575757575758,1
"[0,1,2,3,4,5,6,7,12,20,22,23,25,26,30,38,46,48,51,53,58,59,60,63,65,66,68,69,70,73,76,77,83,97,98,99,102,103,105,106,107,108]",60,792,7,0.00883838383838384,1
"[0,1,2,3,4,5,6,7,12,20,22,23,25,26,30,38,46,48,51,53,58,59,60,63,65,66,68,69,70,73,76,77,83,97,98,99,102,103,105,106,107,108]",63,792,9,0.0113636363636364,1
"[0,1,2,3,4,5,6,7,12,20,22,23,25,26,30,38,46,48,51,53,58,59,60,63,65,66,68,69,70,73,76,77,83,97,98,99,102,103,105,106,107,108]",65,792,9,0.0113636363636364,1
"[0,1,2,3,4,5,6,7,12,20,22,23,25,26,30,38,46,48,51,53,58,59,60,63,65,66,68,69,70,73,76,77,83,97,98,99,102,103,105,106,107,108]",66,792,45,0.0568181818181818,1
"[0,1,2,3,4,5,6,7,12,20,22,23,25,26,30,38,46,48,51,53,58,59,60,63,65,66,68,69,70,73,76,77,83,97,98,99,102,103,105,106,107,108]",68,792,7,0.00883838383838384,1
"[0,1,2,3,4,5,6,7,12,20,22,23,25,26,30,38,46,48,51,53,58,59,60,63,65,66,68,69,70,73,76,77,83,97,98,99,102,103,105,106,107,108]",69,792,6,0.00757575757575758,1
"[0,1,2,3,4,5,6,7,12,20,22,23,25,26,30,38,46,48,51,53,58,59,60,63,65,66,68,69,70,73,76,77,83,97,98,99,102,103,105,106,107,108]",70,792,2,0.00252525252525253,1
"[0,1,2,3,4,5,6,7,12,20,22,23,25,26,30,38,46,48,51,53,58,59,60,63,65,66,68,69,70,73,76,77,83,97,98,99,102,103,105,106,107,108]",73,792,4,0.00505050505050505,1
"[0,1,2,3,4,5,6,7,12,20,22,23,25,26,30,38,46,48,51,53,58,59,60,63,65,66,68,69,70,73,76,77,83,97,98,99,102,103,105,106,107,108]",76,792,15,0.0189393939393939,1
"[0,1,2,3,4,5,6,7,12,20,22,23,25,26,30,38,46,48,51,53,58,59,60,63,65,66,68,69,70,73,76,77,83,97,98,99,102,103,105,106,107,108]",77,792,12,0.0151515151515152,1
"[0,1,2,3,4,5,6,7,12,20,22,23,25,26,30,38,46,48,51,53,58,59,60,63,65,66,68,69,70,73,76,77,83,97,98,99,102,103,105,106,107,108]",83,792,2,0.00252525252525253,1
"[0,1,2,3,4,5,6,7,12,20,22,23,25,26,30,38,46,48,51,53,58,59,60,63,65,66,68,69,70,73,76,77,83,97,98,99,102,103,105,106,107,108]",97,792,5,0.00631313131313131,1
"[0,1,2,3,4,5,6,7,12,20,22,23,25,26,30,38,46,48,51,53,58,59,60,63,65,66,68,69,70,73,76,77,83,97,98,99,102,103,105,106,107,108]",98,792,4,0.00505050505050505,1
"[0,1,2,3,4,5,6,7,12,20,22,23,25,26,30,38,46,48,51,53,58,59,60,63,65,66,68,69,70,73,76,77,83,97,98,99,102,103,105,106,107,108]",99,792,8,0.0101010101010101,1
"[0,1,2,3,4,5,6,7,12,20,22,23,25,26,30,38,46,48,51,53,58,59,60,63,65,66,68,69,70,73,76,77,83,97,98,99,102,103,105,106,107,108]",102,792,2,0.00252525252525253,1
"[0,1,2,3,4,5,6,7,12,20,22,23,25,26,30,38,46,48,51,53,58,59,60,63,65,66,68,69,70,73,76,77,83,97,98,99,102,103,105,106,107,108]",103,792,1,0.00126262626262626,1
"[0,1,2,3,4,5,6,7,12,20,22,23,25,26,30,38,46,48,51,53,58,59,60,63,65,66,68,69,70,73,76,77,83,97,98,99,102,103,105,106,107,108]",105,792,3,0.00378787878787879,1
"[0,1,2,3,4,5,6,7,12,20,22,23,25,26,30,38,46,48,51,53,58,59,60,63,65,66,68,69,70,73,76,77,83,97,98,99,102,103,105,106,107,108]",106,792,2,0.00252525252525253,1
"[0,1,2,3,4,5,6,7,12,20,22,23,25,26,30,38,46,48,51,53,58,59,60,63,65,66,68,69,70,73,76,77,83,97,98,99,102,103,105,106,107,108]",107,792,143,0.180555555555556,1
"[0,1,2,3,4,5,6,7,12,20,22,23,25,26,30,38,46,48,51,53,58,59,60,63,65,66,68,69,70,73,76,77,83,97,98,99,102,103,105,106,107,108]",108,792,7,0.00883838383838384,1
"[0,1,2,3,4,5,6,7,12,20,22,23,26,30,38,39,40,46,48,51,53,59,60,63,65,66,68,69,70,71,73,76,77,79,81,83,97,98,99,102,103]",0,1183,13,0.010989010989011,1
"[0,1,2,3,4,5,6,7,12,20,22,23,26,30,38,39,40,46,48,51,53,59,60,63,65,66,68,69,70,71,73,76,77,79,81,83,97,98,99,102,103]",1,1183,27,0.0228233305156382,1
"[0,1,2,3,4,5,6,7,12,20,22,23,26,30,38,39,40,46,48,51,53,59,60,63,65,66,68,69,70,71,73,76,77,79,81,83,97,98,99,102,103]",2,1183,73,0.0617075232459848,1
"[0,1,2,3,4,5,6,7,12,20,22,23,26,30,38,39,40,46,48,51,53,59,60,63,65,66,68,69,70,71,73,76,77,79,81,83,97,98,99,102,103]",3,1183,11,0.00929839391377853,1
"[0,1,2,3,4,5,6,7,12,20,22,23,26,30,38,39,40,46,48,51,53,59,60,63,65,66,68,69,70,71,73,76,77,79,81,83,97,98,99,102,103]",4,1183,25,0.0211327134404057,1
"[0,1,2,3,4,5,6,7,12,20,22,23,26,30,38,39,40,46,48,51,53,59,60,63,65,66,68,69,70,71,73,76,77,79,81,83,97,98,99,102,103]",5,1183,29,0.0245139475908707,1
"[0,1,2,3,4,5,6,7,12,20,22,23,26,30,38,39,40,46,48,51,53,59,60,63,65,66,68,69,70,71,73,76,77,79,81,83,97,98,99,102,103]",6,1183,459,0.38799661876585,1
"[0,1,2,3,4,5,6,7,12,20,22,23,26,30,38,39,40,46,48,51,53,59,60,63,65,66,68,69,70,71,73,76,77,79,81,83,97,98,99,102,103]",7,1183,128,0.108199492814877,1
"[0,1,2,3,4,5,6,7,12,20,22,23,26,30,38,39,40,46,48,51,53,59,60,63,65,66,68,69,70,71,73,76,77,79,81,83,97,98,99,102,103]",12,1183,15,0.0126796280642434,1
"[0,1,2,3,4,5,6,7,12,20,22,23,26,30,38,39,40,46,48,51,53,59,60,63,65,66,68,69,70,71,73,76,77,79,81,83,97,98,99,102,103]",20,1183,46,0.0388841927303466,1
"[0,1,2,3,4,5,6,7,12,20,22,23,26,30,38,39,40,46,48,51,53,59,60,63,65,66,68,69,70,71,73,76,77,79,81,83,97,98,99,102,103]",22,1183,9,0.00760777683854607,1
"[0,1,2,3,4,5,6,7,12,20,22,23,26,30,38,39,40,46,48,51,53,59,60,63,65,66,68,69,70,71,73,76,77,79,81,83,97,98,99,102,103]",23,1183,13,0.010989010989011,1
"[0,1,2,3,4,5,6,7,12,20,22,23,26,30,38,39,40,46,48,51,53,59,60,63,65,66,68,69,70,71,73,76,77,79,81,83,97,98,99,102,103]",26,1183,29,0.0245139475908707,1
"[0,1,2,3,4,5,6,7,12,20,22,23,26,30,38,39,40,46,48,51,53,59,60,63,65,66,68,69,70,71,73,76,77,79,81,83,97,98,99,102,103]",30,1183,8,0.00676246830092984,1
"[0,1,2,3,4,5,6,7,12,20,22,23,26,30,38,39,40,46,48,51,53,59,60,63,65,66,68,69,70,71,73,76,77,79,81,83,97,98,99,102,103]",38,1183,19,0.0160608622147084,1
"[0,1,2,3,4,5,6,7,12,20,22,23,26,30,38,39,40,46,48,51,53,59,60,63,65,66,68,69,70,71,73,76,77,79,81,83,97,98,99,102,103]",39,1183,22,0.0185967878275571,1
"[0,1,2,3,4,5,6,7,12,20,22,23,26,30,38,39,40,46,48,51,53,59,60,63,65,66,68,69,70,71,73,76,77,79,81,83,97,98,99,102,103]",40,1183,5,0.00422654268808115,1
"[0,1,2,3,4,5,6,7,12,20,22,23,26,30,38,39,40,46,48,51,53,59,60,63,65,66,68,69,70,71,73,76,77,79,81,83,97,98,99,102,103]",46,1183,9,0.00760777683854607,1
"[0,1,2,3,4,5,6,7,12,20,22,23,26,30,38,39,40,46,48,51,53,59,60,63,65,66,68,69,70,71,73,76,77,79,81,83,97,98,99,102,103]",48,1183,3,0.00253592561284869,1
"[0,1,2,3,4,5,6,7,12,20,22,23,26,30,38,39,40,46,48,51,53,59,60,63,65,66,68,69,70,71,73,76,77,79,81,83,97,98,99,102,103]",51,1183,6,0.00507185122569738,1
"[0,1,2,3,4,5,6,7,12,20,22,23,26,30,38,39,40,46,48,51,53,59,60,63,65,66,68,69,70,71,73,76,77,79,81,83,97,98,99,102,103]",53,1183,3,0.00253592561284869,1
"[0,1,2,3,4,5,6,7,12,20,22,23,26,30,38,39,40,46,48,51,53,59,60,63,65,66,68,69,70,71,73,76,77,79,81,83,97,98,99,102,103]",59,1183,9,0.00760777683854607,1
"[0,1,2,3,4,5,6,7,12,20,22,23,26,30,38,39,40,46,48,51,53,59,60,63,65,66,68,69,70,71,73,76,77,79,81,83,97,98,99,102,103]",60,1183,9,0.00760777683854607,1
"[0,1,2,3,4,5,6,7,12,20,22,23,26,30,38,39,40,46,48,51,53,59,60,63,65,66,68,69,70,71,73,76,77,79,81,83,97,98,99,102,103]",63,1183,8,0.00676246830092984,1
"[0,1,2,3,4,5,6,7,12,20,22,23,26,30,38,39,40,46,48,51,53,59,60,63,65,66,68,69,70,71,73,76,77,79,81,83,97,98,99,102,103]",65,1183,7,0.00591715976331361,1
"[0,1,2,3,4,5,6,7,12,20,22,23,26,30,38,39,40,46,48,51,53,59,60,63,65,66,68,69,70,71,73,76,77,79,81,83,97,98,99,102,103]",66,1183,116,0.0980557903634827,1
"[0,1,2,3,4,5,6,7,12,20,22,23,26,30,38,39,40,46,48,51,53,59,60,63,65,66,68,69,70,71,73,76,77,79,81,83,97,98,99,102,103]",68,1183,9,0.00760777683854607,1
"[0,1,2,3,4,5,6,7,12,20,22,23,26,30,38,39,40,46,48,51,53,59,60,63,65,66,68,69,70,71,73,76,77,79,81,83,97,98,99,102,103]",69,1183,3,0.00253592561284869,1
"[0,1,2,3,4,5,6,7,12,20,22,23,26,30,38,39,40,46,48,51,53,59,60,63,65,66,68,69,70,71,73,76,77,79,81,83,97,98,99,102,103]",70,1183,1,0.00084530853761623,1
"[0,1,2,3,4,5,6,7,12,20,22,23,26,30,38,39,40,46,48,51,53,59,60,63,65,66,68,69,70,71,73,76,77,79,81,83,97,98,99,102,103]",71,1183,4,0.00338123415046492,1
"[0,1,2,3,4,5,6,7,12,20,22,23,26,30,38,39,40,46,48,51,53,59,60,63,65,66,68,69,70,71,73,76,77,79,81,83,97,98,99,102,103]",73,1183,3,0.00253592561284869,1
"[0,1,2,3,4,5,6,7,12,20,22,23,26,30,38,39,40,46,48,51,53,59,60,63,65,66,68,69,70,71,73,76,77,79,81,83,97,98,99,102,103]",76,1183,31,0.0262045646661031,1
"[0,1,2,3,4,5,6,7,12,20,22,23,26,30,38,39,40,46,48,51,53,59,60,63,65,66,68,69,70,71,73,76,77,79,81,83,97,98,99,102,103]",77,1183,3,0.00253592561284869,1
"[0,1,2,3,4,5,6,7,12,20,22,23,26,30,38,39,40,46,48,51,53,59,60,63,65,66,68,69,70,71,73,76,77,79,81,83,97,98,99,102,103]",79,1183,7,0.00591715976331361,1
"[0,1,2,3,4,5,6,7,12,20,22,23,26,30,38,39,40,46,48,51,53,59,60,63,65,66,68,69,70,71,73,76,77,79,81,83,97,98,99,102,103]",81,1183,6,0.00507185122569738,1
"[0,1,2,3,4,5,6,7,12,20,22,23,26,30,38,39,40,46,48,51,53,59,60,63,65,66,68,69,70,71,73,76,77,79,81,83,97,98,99,102,103]",83,1183,1,0.00084530853761623,1
"[0,1,2,3,4,5,6,7,12,20,22,23,26,30,38,39,40,46,48,51,53,59,60,63,65,66,68,69,70,71,73,76,77,79,81,83,97,98,99,102,103]",97,1183,4,0.00338123415046492,1
"[0,1,2,3,4,5,6,7,12,20,22,23,26,30,38,39,40,46,48,51,53,59,60,63,65,66,68,69,70,71,73,76,77,79,81,83,97,98,99,102,103]",98,1183,5,0.00422654268808115,1
"[0,1,2,3,4,5,6,7,12,20,22,23,26,30,38,39,40,46,48,51,53,59,60,63,65,66,68,69,70,71,73,76,77,79,81,83,97,98,99,102,103]",99,1183,2,0.00169061707523246,1
"[0,1,2,3,4,5,6,7,12,20,22,23,26,30,38,39,40,46,48,51,53,59,60,63,65,66,68,69,70,71,73,76,77,79,81,83,97,98,99,102,103]",102,1183,1,0.00084530853761623,1
"[0,1,2,3,4,5,6,7,12,20,22,23,26,30,38,39,40,46,48,51,53,59,60,63,65,66,68,69,70,71,73,76,77,79,81,83,97,98,99,102,103]",103,1183,2,0.00169061707523246,1
"[0,1,2,3,4,5,6,7,12,20,22,23,26,30,38,39,40,46,48,51,53,59,60,63,65,66,68,69,70,71,73,76,79,81,97,98,99,102,103]",0,1300,13,0.01,1
"[0,1,2,3,4,5,6,7,12,20,22,23,26,30,38,39,40,46,48,51,53,59,60,63,65,66,68,69,70,71,73,76,79,81,97,98,99,102,103]",1,1300,28,0.0215384615384615,1
"[0,1,2,3,4,5,6,7,12,20,22,23,26,30,38,39,40,46,48,51,53,59,60,63,65,66,68,69,70,71,73,76,79,81,97,98,99,102,103]",2,1300,73,0.0561538461538462,1
"[0,1,2,3,4,5,6,7,12,20,22,23,26,30,38,39,40,46,48,51,53,59,60,63,65,66,68,69,70,71,73,76,79,81,97,98,99,102,103]",3,1300,9,0.00692307692307692,1
"[0,1,2,3,4,5,6,7,12,20,22,23,26,30,38,39,40,46,48,51,53,59,60,63,65,66,68,69,70,71,73,76,79,81,97,98,99,102,103]",4,1300,30,0.0230769230769231,1
"[0,1,2,3,4,5,6,7,12,20,22,23,26,30,38,39,40,46,48,51,53,59,60,63,65,66,68,69,70,71,73,76,79,81,97,98,99,102,103]",5,1300,32,0.0246153846153846,1
"[0,1,2,3,4,5,6,7,12,20,22,23,26,30,38,39,40,46,48,51,53,59,60,63,65,66,68,69,70,71,73,76,79,81,97,98,99,102,103]",6,1300,19,0.0146153846153846,1
"[0,1,2,3,4,5,6,7,12,20,22,23,26,30,38,39,40,46,48,51,53,59,60,63,65,66,68,69,70,71,73,76,79,81,97,98,99,102,103]",7,1300,163,0.125384615384615,1
"[0,1,2,3,4,5,6,7,12,20,22,23,26,30,38,39,40,46,48,51,53,59,60,63,65,66,68,69,70,71,73,76,79,81,97,98,99,102,103]",12,1300,16,0.0123076923076923,1
"[0,1,2,3,4,5,6,7,12,20,22,23,26,30,38,39,40,46,48,51,53,59,60,63,65,66,68,69,70,71,73,76,79,81,97,98,99,102,103]",20,1300,26,0.02,1
"[0,1,2,3,4,5,6,7,12,20,22,23,26,30,38,39,40,46,48,51,53,59,60,63,65,66,68,69,70,71,73,76,79,81,97,98,99,102,103]",22,1300,13,0.01,1
"[0,1,2,3,4,5,6,7,12,20,22,23,26,30,38,39,40,46,48,51,53,59,60,63,65,66,68,69,70,71,73,76,79,81,97,98,99,102,103]",23,1300,13,0.01,1
"[0,1,2,3,4,5,6,7,12,20,22,23,26,30,38,39,40,46,48,51,53,59,60,63,65,66,68,69,70,71,73,76,79,81,97,98,99,102,103]",26,1300,29,0.0223076923076923,1
"[0,1,2,3,4,5,6,7,12,20,22,23,26,30,38,39,40,46,48,51,53,59,60,63,65,66,68,69,70,71,73,76,79,81,97,98,99,102,103]",30,1300,8,0.00615384615384615,1
"[0,1,2,3,4,5,6,7,12,20,22,23,26,30,38,39,40,46,48,51,53,59,60,63,65,66,68,69,70,71,73,76,79,81,97,98,99,102,103]",38,1300,290,0.223076923076923,1
"[0,1,2,3,4,5,6,7,12,20,22,23,26,30,38,39,40,46,48,51,53,59,60,63,65,66,68,69,70,71,73,76,79,81,97,98,99,102,103]",39,1300,12,0.00923076923076923,1
"[0,1,2,3,4,5,6,7,12,20,22,23,26,30,38,39,40,46,48,51,53,59,60,63,65,66,68,69,70,71,73,76,79,81,97,98,99,102,103]",40,1300,4,0.00307692307692308,1
"[0,1,2,3,4,5,6,7,12,20,22,23,26,30,38,39,40,46,48,51,53,59,60,63,65,66,68,69,70,71,73,76,79,81,97,98,99,102,103]",46,1300,12,0.00923076923076923,1
"[0,1,2,3,4,5,6,7,12,20,22,23,26,30,38,39,40,46,48,51,53,59,60,63,65,66,68,69,70,71,73,76,79,81,97,98,99,102,103]",48,1300,5,0.00384615384615385,1
"[0,1,2,3,4,5,6,7,12,20,22,23,26,30,38,39,40,46,48,51,53,59,60,63,65,66,68,69,70,71,73,76,79,81,97,98,99,102,103]",51,1300,4,0.00307692307692308,1
"[0,1,2,3,4,5,6,7,12,20,22,23,26,30,38,39,40,46,48,51,53,59,60,63,65,66,68,69,70,71,73,76,79,81,97,98,99,102,103]",53,1300,1,0.000769230769230769,1
"[0,1,2,3,4,5,6,7,12,20,22,23,26,30,38,39,40,46,48,51,53,59,60,63,65,66,68,69,70,71,73,76,79,81,97,98,99,102,103]",59,1300,12,0.00923076923076923,1
"[0,1,2,3,4,5,6,7,12,20,22,23,26,30,38,39,40,46,48,51,53,59,60,63,65,66,68,69,70,71,73,76,79,81,97,98,99,102,103]",60,1300,8,0.00615384615384615,1
"[0,1,2,3,4,5,6,7,12,20,22,23,26,30,38,39,40,46,48,51,53,59,60,63,65,66,68,69,70,71,73,76,79,81,97,98,99,102,103]",63,1300,18,0.0138461538461538,1
"[0,1,2,3,4,5,6,7,12,20,22,23,26,30,38,39,40,46,48,51,53,59,60,63,65,66,68,69,70,71,73,76,79,81,97,98,99,102,103]",65,1300,9,0.00692307692307692,1
"[0,1,2,3,4,5,6,7,12,20,22,23,26,30,38,39,40,46,48,51,53,59,60,63,65,66,68,69,70,71,73,76,79,81,97,98,99,102,103]",66,1300,59,0.0453846153846154,1
"[0,1,2,3,4,5,6,7,12,20,22,23,26,30,38,39,40,46,48,51,53,59,60,63,65,66,68,69,70,71,73,76,79,81,97,98,99,102,103]",68,1300,312,0.24,1
"[0,1,2,3,4,5,6,7,12,20,22,23,26,30,38,39,40,46,48,51,53,59,60,63,65,66,68,69,70,71,73,76,79,81,97,98,99,102,103]",69,1300,5,0.00384615384615385,1
"[0,1,2,3,4,5,6,7,12,20,22,23,26,30,38,39,40,46,48,51,53,59,60,63,65,66,68,69,70,71,73,76,79,81,97,98,99,102,103]",70,1300,4,0.00307692307692308,1
"[0,1,2,3,4,5,6,7,12,20,22,23,26,30,38,39,40,46,48,51,53,59,60,63,65,66,68,69,70,71,73,76,79,81,97,98,99,102,103]",71,1300,7,0.00538461538461538,1
"[0,1,2,3,4,5,6,7,12,20,22,23,26,30,38,39,40,46,48,51,53,59,60,63,65,66,68,69,70,71,73,76,79,81,97,98,99,102,103]",73,1300,5,0.00384615384615385,1
"[0,1,2,3,4,5,6,7,12,20,22,23,26,30,38,39,40,46,48,51,53,59,60,63,65,66,68,69,70,71,73,76,79,81,97,98,99,102,103]",76,1300,33,0.0253846153846154,1
"[0,1,2,3,4,5,6,7,12,20,22,23,26,30,38,39,40,46,48,51,53,59,60,63,65,66,68,69,70,71,73,76,79,81,97,98,99,102,103]",79,1300,1,0.000769230769230769,1
"[0,1,2,3,4,5,6,7,12,20,22,23,26,30,38,39,40,46,48,51,53,59,60,63,65,66,68,69,70,71,73,76,79,81,97,98,99,102,103]",81,1300,10,0.00769230769230769,1
"[0,1,2,3,4,5,6,7,12,20,22,23,26,30,38,39,40,46,48,51,53,59,60,63,65,66,68,69,70,71,73,76,79,81,97,98,99,102,103]",97,1300,4,0.00307692307692308,1
"[0,1,2,3,4,5,6,7,12,20,22,23,26,30,38,39,40,46,48,51,53,59,60,63,65,66,68,69,70,71,73,76,79,81,97,98,99,102,103]",98,1300,5,0.00384615384615385,1
"[0,1,2,3,4,5,6,7,12,20,22,23,26,30,38,39,40,46,48,51,53,59,60,63,65,66,68,69,70,71,73,76,79,81,97,98,99,102,103]",99,1300,3,0.00230769230769231,1
"[0,1,2,3,4,5,6,7,12,20,22,23,26,30,38,39,40,46,48,51,53,59,60,63,65,66,68,69,70,71,73,76,79,81,97,98,99,102,103]",102,1300,4,0.00307692307692308,1
"[0,1,2,3,4,5,6,7,12,20,22,23,26,30,38,39,40,46,48,51,53,59,60,63,65,66,68,69,70,71,73,76,79,81,97,98,99,102,103]",103,1300,1,0.000769230769230769,1
"[0,1,2,3,4,5,6,7,8,12,20,22,23,25,26,30,33,38,39,40,42,46,48,51,53,57,58,59,60,63,65,66,67,68,69,70,71,76,77,79,81,83,91,94]",0,1643,18,0.0109555690809495,1
"[0,1,2,3,4,5,6,7,8,12,20,22,23,25,26,30,33,38,39,40,42,46,48,51,53,57,58,59,60,63,65,66,67,68,69,70,71,76,77,79,81,83,91,94]",1,1643,22,0.0133901399878271,1
"[0,1,2,3,4,5,6,7,8,12,20,22,23,25,26,30,33,38,39,40,42,46,48,51,53,57,58,59,60,63,65,66,67,68,69,70,71,76,77,79,81,83,91,94]",2,1643,63,0.0383444917833232,1
"[0,1,2,3,4,5,6,7,8,12,20,22,23,25,26,30,33,38,39,40,42,46,48,51,53,57,58,59,60,63,65,66,67,68,69,70,71,76,77,79,81,83,91,94]",3,1643,15,0.00912964090079124,1
"[0,1,2,3,4,5,6,7,8,12,20,22,23,25,26,30,33,38,39,40,42,46,48,51,53,57,58,59,60,63,65,66,67,68,69,70,71,76,77,79,81,83,91,94]",4,1643,32,0.0194765672550213,1
"[0,1,2,3,4,5,6,7,8,12,20,22,23,25,26,30,33,38,39,40,42,46,48,51,53,57,58,59,60,63,65,66,67,68,69,70,71,76,77,79,81,83,91,94]",5,1643,26,0.0158247108947048,1
"[0,1,2,3,4,5,6,7,8,12,20,22,23,25,26,30,33,38,39,40,42,46,48,51,53,57,58,59,60,63,65,66,67,68,69,70,71,76,77,79,81,83,91,94]",6,1643,5,0.00304321363359708,1
"[0,1,2,3,4,5,6,7,8,12,20,22,23,25,26,30,33,38,39,40,42,46,48,51,53,57,58,59,60,63,65,66,67,68,69,70,71,76,77,79,81,83,91,94]",7,1643,166,0.101034692635423,1
"[0,1,2,3,4,5,6,7,8,12,20,22,23,25,26,30,33,38,39,40,42,46,48,51,53,57,58,59,60,63,65,66,67,68,69,70,71,76,77,79,81,83,91,94]",8,1643,22,0.0133901399878271,1
"[0,1,2,3,4,5,6,7,8,12,20,22,23,25,26,30,33,38,39,40,42,46,48,51,53,57,58,59,60,63,65,66,67,68,69,70,71,76,77,79,81,83,91,94]",12,1643,14,0.00852099817407182,1
"[0,1,2,3,4,5,6,7,8,12,20,22,23,25,26,30,33,38,39,40,42,46,48,51,53,57,58,59,60,63,65,66,67,68,69,70,71,76,77,79,81,83,91,94]",20,1643,26,0.0158247108947048,1
"[0,1,2,3,4,5,6,7,8,12,20,22,23,25,26,30,33,38,39,40,42,46,48,51,53,57,58,59,60,63,65,66,67,68,69,70,71,76,77,79,81,83,91,94]",22,1643,3,0.00182592818015825,1
"[0,1,2,3,4,5,6,7,8,12,20,22,23,25,26,30,33,38,39,40,42,46,48,51,53,57,58,59,60,63,65,66,67,68,69,70,71,76,77,79,81,83,91,94]",23,1643,145,0.0882531953743153,1
"[0,1,2,3,4,5,6,7,8,12,20,22,23,25,26,30,33,38,39,40,42,46,48,51,53,57,58,59,60,63,65,66,67,68,69,70,71,76,77,79,81,83,91,94]",25,1643,12,0.00730371272063299,1
"[0,1,2,3,4,5,6,7,8,12,20,22,23,25,26,30,33,38,39,40,42,46,48,51,53,57,58,59,60,63,65,66,67,68,69,70,71,76,77,79,81,83,91,94]",26,1643,16,0.00973828362751065,1
"[0,1,2,3,4,5,6,7,8,12,20,22,23,25,26,30,33,38,39,40,42,46,48,51,53,57,58,59,60,63,65,66,67,68,69,70,71,76,77,79,81,83,91,94]",30,1643,2,0.00121728545343883,1
"[0,1,2,3,4,5,6,7,8,12,20,22,23,25,26,30,33,38,39,40,42,46,48,51,53,57,58,59,60,63,65,66,67,68,69,70,71,76,77,79,81,83,91,94]",33,1643,1,0.000608642726719416,1
"[0,1,2,3,4,5,6,7,8,12,20,22,23,25,26,30,33,38,39,40,42,46,48,51,53,57,58,59,60,63,65,66,67,68,69,70,71,76,77,79,81,83,91,94]",38,1643,597,0.363359707851491,1
"[0,1,2,3,4,5,6,7,8,12,20,22,23,25,26,30,33,38,39,40,42,46,48,51,53,57,58,59,60,63,65,66,67,68,69,70,71,76,77,79,81,83,91,94]",39,1643,98,0.0596469872185027,1
"[0,1,2,3,4,5,6,7,8,12,20,22,23,25,26,30,33,38,39,40,42,46,48,51,53,57,58,59,60,63,65,66,67,68,69,70,71,76,77,79,81,83,91,94]",40,1643,4,0.00243457090687766,1
"[0,1,2,3,4,5,6,7,8,12,20,22,23,25,26,30,33,38,39,40,42,46,48,51,53,57,58,59,60,63,65,66,67,68,69,70,71,76,77,79,81,83,91,94]",42,1643,10,0.00608642726719416,1
"[0,1,2,3,4,5,6,7,8,12,20,22,23,25,26,30,33,38,39,40,42,46,48,51,53,57,58,59,60,63,65,66,67,68,69,70,71,76,77,79,81,83,91,94]",46,1643,8,0.00486914181375533,1
"[0,1,2,3,4,5,6,7,8,12,20,22,23,25,26,30,33,38,39,40,42,46,48,51,53,57,58,59,60,63,65,66,67,68,69,70,71,76,77,79,81,83,91,94]",48,1643,2,0.00121728545343883,1
"[0,1,2,3,4,5,6,7,8,12,20,22,23,25,26,30,33,38,39,40,42,46,48,51,53,57,58,59,60,63,65,66,67,68,69,70,71,76,77,79,81,83,91,94]",51,1643,2,0.00121728545343883,1
"[0,1,2,3,4,5,6,7,8,12,20,22,23,25,26,30,33,38,39,40,42,46,48,51,53,57,58,59,60,63,65,66,67,68,69,70,71,76,77,79,81,83,91,94]",53,1643,4,0.00243457090687766,1
"[0,1,2,3,4,5,6,7,8,12,20,22,23,25,26,30,33,38,39,40,42,46,48,51,53,57,58,59,60,63,65,66,67,68,69,70,71,76,77,79,81,83,91,94]",57,1643,4,0.00243457090687766,1
"[0,1,2,3,4,5,6,7,8,12,20,22,23,25,26,30,33,38,39,40,42,46,48,51,53,57,58,59,60,63,65,66,67,68,69,70,71,76,77,79,81,83,91,94]",58,1643,7,0.00426049908703591,1
"[0,1,2,3,4,5,6,7,8,12,20,22,23,25,26,30,33,38,39,40,42,46,48,51,53,57,58,59,60,63,65,66,67,68,69,70,71,76,77,79,81,83,91,94]",59,1643,4,0.00243457090687766,1
"[0,1,2,3,4,5,6,7,8,12,20,22,23,25,26,30,33,38,39,40,42,46,48,51,53,57,58,59,60,63,65,66,67,68,69,70,71,76,77,79,81,83,91,94]",60,1643,12,0.00730371272063299,1
"[0,1,2,3,4,5,6,7,8,12,20,22,23,25,26,30,33,38,39,40,42,46,48,51,53,57,58,59,60,63,65,66,67,68,69,70,71,76,77,79,81,83,91,94]",63,1643,1,0.000608642726719416,1
"[0,1,2,3,4,5,6,7,8,12,20,22,23,25,26,30,33,38,39,40,42,46,48,51,53,57,58,59,60,63,65,66,67,68,69,70,71,76,77,79,81,83,91,94]",65,1643,12,0.00730371272063299,1
"[0,1,2,3,4,5,6,7,8,12,20,22,23,25,26,30,33,38,39,40,42,46,48,51,53,57,58,59,60,63,65,66,67,68,69,70,71,76,77,79,81,83,91,94]",66,1643,66,0.0401704199634814,1
"[0,1,2,3,4,5,6,7,8,12,20,22,23,25,26,30,33,38,39,40,42,46,48,51,53,57,58,59,60,63,65,66,67,68,69,70,71,76,77,79,81,83,91,94]",67,1643,1,0.000608642726719416,1
"[0,1,2,3,4,5,6,7,8,12,20,22,23,25,26,30,33,38,39,40,42,46,48,51,53,57,58,59,60,63,65,66,67,68,69,70,71,76,77,79,81,83,91,94]",68,1643,161,0.0979914790018259,1
"[0,1,2,3,4,5,6,7,8,12,20,22,23,25,26,30,33,38,39,40,42,46,48,51,53,57,58,59,60,63,65,66,67,68,69,70,71,76,77,79,81,83,91,94]",69,1643,1,0.000608642726719416,1
"[0,1,2,3,4,5,6,7,8,12,20,22,23,25,26,30,33,38,39,40,42,46,48,51,53,57,58,59,60,63,65,66,67,68,69,70,71,76,77,79,81,83,91,94]",70,1643,1,0.000608642726719416,1
"[0,1,2,3,4,5,6,7,8,12,20,22,23,25,26,30,33,38,39,40,42,46,48,51,53,57,58,59,60,63,65,66,67,68,69,70,71,76,77,79,81,83,91,94]",71,1643,9,0.00547778454047474,1
"[0,1,2,3,4,5,6,7,8,12,20,22,23,25,26,30,33,38,39,40,42,46,48,51,53,57,58,59,60,63,65,66,67,68,69,70,71,76,77,79,81,83,91,94]",76,1643,13,0.0079123554473524,1
"[0,1,2,3,4,5,6,7,8,12,20,22,23,25,26,30,33,38,39,40,42,46,48,51,53,57,58,59,60,63,65,66,67,68,69,70,71,76,77,79,81,83,91,94]",77,1643,13,0.0079123554473524,1
"[0,1,2,3,4,5,6,7,8,12,20,22,23,25,26,30,33,38,39,40,42,46,48,51,53,57,58,59,60,63,65,66,67,68,69,70,71,76,77,79,81,83,91,94]",79,1643,14,0.00852099817407182,1
"[0,1,2,3,4,5,6,7,8,12,20,22,23,25,26,30,33,38,39,40,42,46,48,51,53,57,58,59,60,63,65,66,67,68,69,70,71,76,77,79,81,83,91,94]",81,1643,3,0.00182592818015825,1
"[0,1,2,3,4,5,6,7,8,12,20,22,23,25,26,30,33,38,39,40,42,46,48,51,53,57,58,59,60,63,65,66,67,68,69,70,71,76,77,79,81,83,91,94]",83,1643,1,0.000608642726719416,1
"[0,1,2,3,4,5,6,7,8,12,20,22,23,25,26,30,33,38,39,40,42,46,48,51,53,57,58,59,60,63,65,66,67,68,69,70,71,76,77,79,81,83,91,94]",91,1643,4,0.00243457090687766,1
"[0,1,2,3,4,5,6,7,8,12,20,22,23,25,26,30,33,38,39,40,42,46,48,51,53,57,58,59,60,63,65,66,67,68,69,70,71,76,77,79,81,83,91,94]",94,1643,3,0.00182592818015825,1
"[0,1,2,3,4,5,6,7,8,12,20,22,23,25,26,30,33,38,39,40,42,46,48,51,53,57,58,59,60,63,65,66,68,69,70,71,73,76,77,79,81,83,91,94]",0,1974,30,0.0151975683890578,2
"[0,1,2,3,4,5,6,7,8,12,20,22,23,25,26,30,33,38,39,40,42,46,48,51,53,57,58,59,60,63,65,66,68,69,70,71,73,76,77,79,81,83,91,94]",1,1974,66,0.033434650455927,2
"[0,1,2,3,4,5,6,7,8,12,20,22,23,25,26,30,33,38,39,40,42,46,48,51,53,57,58,59,60,63,65,66,68,69,70,71,73,76,77,79,81,83,91,94]",2,1974,214,0.108409321175279,2
"[0,1,2,3,4,5,6,7,8,12,20,22,23,25,26,30,33,38,39,40,42,46,48,51,53,57,58,59,60,63,65,66,68,69,70,71,73,76,77,79,81,83,91,94]",3,1974,27,0.013677811550152,2
"[0,1,2,3,4,5,6,7,8,12,20,22,23,25,26,30,33,38,39,40,42,46,48,51,53,57,58,59,60,63,65,66,68,69,70,71,73,76,77,79,81,83,91,94]",4,1974,155,0.0785207700101317,2
"[0,1,2,3,4,5,6,7,8,12,20,22,23,25,26,30,33,38,39,40,42,46,48,51,53,57,58,59,60,63,65,66,68,69,70,71,73,76,77,79,81,83,91,94]",5,1974,124,0.0628166160081054,2
"[0,1,2,3,4,5,6,7,8,12,20,22,23,25,26,30,33,38,39,40,42,46,48,51,53,57,58,59,60,63,65,66,68,69,70,71,73,76,77,79,81,83,91,94]",6,1974,33,0.0167173252279635,2
"[0,1,2,3,4,5,6,7,8,12,20,22,23,25,26,30,33,38,39,40,42,46,48,51,53,57,58,59,60,63,65,66,68,69,70,71,73,76,77,79,81,83,91,94]",7,1974,312,0.158054711246201,2
"[0,1,2,3,4,5,6,7,8,12,20,22,23,25,26,30,33,38,39,40,42,46,48,51,53,57,58,59,60,63,65,66,68,69,70,71,73,76,77,79,81,83,91,94]",8,1974,47,0.0238095238095238,2
"[0,1,2,3,4,5,6,7,8,12,20,22,23,25,26,30,33,38,39,40,42,46,48,51,53,57,58,59,60,63,65,66,68,69,70,71,73,76,77,79,81,83,91,94]",12,1974,43,0.0217831813576494,2
"[0,1,2,3,4,5,6,7,8,12,20,22,23,25,26,30,33,38,39,40,42,46,48,51,53,57,58,59,60,63,65,66,68,69,70,71,73,76,77,79,81,83,91,94]",20,1974,72,0.0364741641337386,2
"[0,1,2,3,4,5,6,7,8,12,20,22,23,25,26,30,33,38,39,40,42,46,48,51,53,57,58,59,60,63,65,66,68,69,70,71,73,76,77,79,81,83,91,94]",22,1974,8,0.00405268490374873,2
"[0,1,2,3,4,5,6,7,8,12,20,22,23,25,26,30,33,38,39,40,42,46,48,51,53,57,58,59,60,63,65,66,68,69,70,71,73,76,77,79,81,83,91,94]",23,1974,35,0.0177304964539007,2
"[0,1,2,3,4,5,6,7,8,12,20,22,23,25,26,30,33,38,39,40,42,46,48,51,53,57,58,59,60,63,65,66,68,69,70,71,73,76,77,79,81,83,91,94]",25,1974,26,0.0131712259371834,2
"[0,1,2,3,4,5,6,7,8,12,20,22,23,25,26,30,33,38,39,40,42,46,48,51,53,57,58,59,60,63,65,66,68,69,70,71,73,76,77,79,81,83,91,94]",26,1974,67,0.0339412360688956,2
"[0,1,2,3,4,5,6,7,8,12,20,22,23,25,26,30,33,38,39,40,42,46,48,51,53,57,58,59,60,63,65,66,68,69,70,71,73,76,77,79,81,83,91,94]",30,1974,12,0.0060790273556231,2
"[0,1,2,3,4,5,6,7,8,12,20,22,23,25,26,30,33,38,39,40,42,46,48,51,53,57,58,59,60,63,65,66,68,69,70,71,73,76,77,79,81,83,91,94]",33,1974,7,0.00354609929078014,2
"[0,1,2,3,4,5,6,7,8,12,20,22,23,25,26,30,33,38,39,40,42,46,48,51,53,57,58,59,60,63,65,66,68,69,70,71,73,76,77,79,81,83,91,94]",38,1974,34,0.0172239108409321,2
"[0,1,2,3,4,5,6,7,8,12,20,22,23,25,26,30,33,38,39,40,42,46,48,51,53,57,58,59,60,63,65,66,68,69,70,71,73,76,77,79,81,83,91,94]",39,1974,29,0.0146909827760892,2
"[0,1,2,3,4,5,6,7,8,12,20,22,23,25,26,30,33,38,39,40,42,46,48,51,53,57,58,59,60,63,65,66,68,69,70,71,73,76,77,79,81,83,91,94]",40,1974,11,0.00557244174265451,2
"[0,1,2,3,4,5,6,7,8,12,20,22,23,25,26,30,33,38,39,40,42,46,48,51,53,57,58,59,60,63,65,66,68,69,70,71,73,76,77,79,81,83,91,94]",42,1974,67,0.0339412360688956,2
"[0,1,2,3,4,5,6,7,8,12,20,22,23,25,26,30,33,38,39,40,42,46,48,51,53,57,58,59,60,63,65,66,68,69,70,71,73,76,77,79,81,83,91,94]",46,1974,24,0.0121580547112462,2
"[0,1,2,3,4,5,6,7,8,12,20,22,23,25,26,30,33,38,39,40,42,46,48,51,53,57,58,59,60,63,65,66,68,69,70,71,73,76,77,79,81,83,91,94]",48,1974,9,0.00455927051671732,2
"[0,1,2,3,4,5,6,7,8,12,20,22,23,25,26,30,33,38,39,40,42,46,48,51,53,57,58,59,60,63,65,66,68,69,70,71,73,76,77,79,81,83,91,94]",51,1974,8,0.00405268490374873,2
"[0,1,2,3,4,5,6,7,8,12,20,22,23,25,26,30,33,38,39,40,42,46,48,51,53,57,58,59,60,63,65,66,68,69,70,71,73,76,77,79,81,83,91,94]",53,1974,11,0.00557244174265451,2
"[0,1,2,3,4,5,6,7,8,12,20,22,23,25,26,30,33,38,39,40,42,46,48,51,53,57,58,59,60,63,65,66,68,69,70,71,73,76,77,79,81,83,91,94]",57,1974,12,0.0060790273556231,2
"[0,1,2,3,4,5,6,7,8,12,20,22,23,25,26,30,33,38,39,40,42,46,48,51,53,57,58,59,60,63,65,66,68,69,70,71,73,76,77,79,81,83,91,94]",58,1974,8,0.00405268490374873,2
"[0,1,2,3,4,5,6,7,8,12,20,22,23,25,26,30,33,38,39,40,42,46,48,51,53,57,58,59,60,63,65,66,68,69,70,71,73,76,77,79,81,83,91,94]",59,1974,13,0.00658561296859169,2
"[0,1,2,3,4,5,6,7,8,12,20,22,23,25,26,30,33,38,39,40,42,46,48,51,53,57,58,59,60,63,65,66,68,69,70,71,73,76,77,79,81,83,91,94]",60,1974,19,0.00962512664640324,2
"[0,1,2,3,4,5,6,7,8,12,20,22,23,25,26,30,33,38,39,40,42,46,48,51,53,57,58,59,60,63,65,66,68,69,70,71,73,76,77,79,81,83,91,94]",63,1974,16,0.00810536980749747,2
"[0,1,2,3,4,5,6,7,8,12,20,22,23,25,26,30,33,38,39,40,42,46,48,51,53,57,58,59,60,63,65,66,68,69,70,71,73,76,77,79,81,83,91,94]",65,1974,38,0.0192502532928065,2
"[0,1,2,3,4,5,6,7,8,12,20,22,23,25,26,30,33,38,39,40,42,46,48,51,53,57,58,59,60,63,65,66,68,69,70,71,73,76,77,79,81,83,91,94]",66,1974,174,0.088145896656535,2
"[0,1,2,3,4,5,6,7,8,12,20,22,23,25,26,30,33,38,39,40,42,46,48,51,53,57,58,59,60,63,65,66,68,69,70,71,73,76,77,79,81,83,91,94]",68,1974,4,0.00202634245187437,2
"[0,1,2,3,4,5,6,7,8,12,20,22,23,25,26,30,33,38,39,40,42,46,48,51,53,57,58,59,60,63,65,66,68,69,70,71,73,76,77,79,81,83,91,94]",69,1974,6,0.00303951367781155,2
"[0,1,2,3,4,5,6,7,8,12,20,22,23,25,26,30,33,38,39,40,42,46,48,51,53,57,58,59,60,63,65,66,68,69,70,71,73,76,77,79,81,83,91,94]",70,1974,8,0.00405268490374873,2
"[0,1,2,3,4,5,6,7,8,12,20,22,23,25,26,30,33,38,39,40,42,46,48,51,53,57,58,59,60,63,65,66,68,69,70,71,73,76,77,79,81,83,91,94]",71,1974,17,0.00861195542046606,2
"[0,1,2,3,4,5,6,7,8,12,20,22,23,25,26,30,33,38,39,40,42,46,48,51,53,57,58,59,60,63,65,66,68,69,70,71,73,76,77,79,81,83,91,94]",73,1974,14,0.00709219858156028,2
"[0,1,2,3,4,5,6,7,8,12,20,22,23,25,26,30,33,38,39,40,42,46,48,51,53,57,58,59,60,63,65,66,68,69,70,71,73,76,77,79,81,83,91,94]",76,1974,49,0.024822695035461,2
"[0,1,2,3,4,5,6,7,8,12,20,22,23,25,26,30,33,38,39,40,42,46,48,51,53,57,58,59,60,63,65,66,68,69,70,71,73,76,77,79,81,83,91,94]",77,1974,54,0.027355623100304,2
"[0,1,2,3,4,5,6,7,8,12,20,22,23,25,26,30,33,38,39,40,42,46,48,51,53,57,58,59,60,63,65,66,68,69,70,71,73,76,77,79,81,83,91,94]",79,1974,39,0.0197568389057751,2
"[0,1,2,3,4,5,6,7,8,12,20,22,23,25,26,30,33,38,39,40,42,46,48,51,53,57,58,59,60,63,65,66,68,69,70,71,73,76,77,79,81,83,91,94]",81,1974,23,0.0116514690982776,2
"[0,1,2,3,4,5,6,7,8,12,20,22,23,25,26,30,33,38,39,40,42,46,48,51,53,57,58,59,60,63,65,66,68,69,70,71,73,76,77,79,81,83,91,94]",83,1974,3,0.00151975683890578,2
"[0,1,2,3,4,5,6,7,8,12,20,22,23,25,26,30,33,38,39,40,42,46,48,51,53,57,58,59,60,63,65,66,68,69,70,71,73,76,77,79,81,83,91,94]",91,1974,2,0.00101317122593718,2
"[0,1,2,3,4,5,6,7,8,12,20,22,23,25,26,30,33,38,39,40,42,46,48,51,53,57,58,59,60,63,65,66,68,69,70,71,73,76,77,79,81,83,91,94]",94,1974,4,0.00202634245187437,2
"[0,1,2,3,4,5,6,7,8,12,20,22,23,25,26,30,33,38,39,40,42,46,48,51,53,57,58,59,60,63,65,66,68,69,70,71,73,76,77,79,81,83,94]",0,816,12,0.0147058823529412,1
"[0,1,2,3,4,5,6,7,8,12,20,22,23,25,26,30,33,38,39,40,42,46,48,51,53,57,58,59,60,63,65,66,68,69,70,71,73,76,77,79,81,83,94]",1,816,23,0.0281862745098039,1
"[0,1,2,3,4,5,6,7,8,12,20,22,23,25,26,30,33,38,39,40,42,46,48,51,53,57,58,59,60,63,65,66,68,69,70,71,73,76,77,79,81,83,94]",2,816,55,0.0674019607843137,1
"[0,1,2,3,4,5,6,7,8,12,20,22,23,25,26,30,33,38,39,40,42,46,48,51,53,57,58,59,60,63,65,66,68,69,70,71,73,76,77,79,81,83,94]",3,816,10,0.0122549019607843,1
"[0,1,2,3,4,5,6,7,8,12,20,22,23,25,26,30,33,38,39,40,42,46,48,51,53,57,58,59,60,63,65,66,68,69,70,71,73,76,77,79,81,83,94]",4,816,36,0.0441176470588235,1
"[0,1,2,3,4,5,6,7,8,12,20,22,23,25,26,30,33,38,39,40,42,46,48,51,53,57,58,59,60,63,65,66,68,69,70,71,73,76,77,79,81,83,94]",5,816,38,0.0465686274509804,1
"[0,1,2,3,4,5,6,7,8,12,20,22,23,25,26,30,33,38,39,40,42,46,48,51,53,57,58,59,60,63,65,66,68,69,70,71,73,76,77,79,81,83,94]",6,816,10,0.0122549019607843,1
"[0,1,2,3,4,5,6,7,8,12,20,22,23,25,26,30,33,38,39,40,42,46,48,51,53,57,58,59,60,63,65,66,68,69,70,71,73,76,77,79,81,83,94]",7,816,125,0.153186274509804,1
"[0,1,2,3,4,5,6,7,8,12,20,22,23,25,26,30,33,38,39,40,42,46,48,51,53,57,58,59,60,63,65,66,68,69,70,71,73,76,77,79,81,83,94]",8,816,16,0.0196078431372549,1
"[0,1,2,3,4,5,6,7,8,12,20,22,23,25,26,30,33,38,39,40,42,46,48,51,53,57,58,59,60,63,65,66,68,69,70,71,73,76,77,79,81,83,94]",12,816,63,0.0772058823529412,1
"[0,1,2,3,4,5,6,7,8,12,20,22,23,25,26,30,33,38,39,40,42,46,48,51,53,57,58,59,60,63,65,66,68,69,70,71,73,76,77,79,81,83,94]",20,816,65,0.079656862745098,1
"[0,1,2,3,4,5,6,7,8,12,20,22,23,25,26,30,33,38,39,40,42,46,48,51,53,57,58,59,60,63,65,66,68,69,70,71,73,76,77,79,81,83,94]",22,816,3,0.00367647058823529,1
"[0,1,2,3,4,5,6,7,8,12,20,22,23,25,26,30,33,38,39,40,42,46,48,51,53,57,58,59,60,63,65,66,68,69,70,71,73,76,77,79,81,83,94]",23,816,24,0.0294117647058824,1
"[0,1,2,3,4,5,6,7,8,12,20,22,23,25,26,30,33,38,39,40,42,46,48,51,53,57,58,59,60,63,65,66,68,69,70,71,73,76,77,79,81,83,94]",25,816,13,0.0159313725490196,1
"[0,1,2,3,4,5,6,7,8,12,20,22,23,25,26,30,33,38,39,40,42,46,48,51,53,57,58,59,60,63,65,66,68,69,70,71,73,76,77,79,81,83,94]",26,816,23,0.0281862745098039,1
"[0,1,2,3,4,5,6,7,8,12,20,22,23,25,26,30,33,38,39,40,42,46,48,51,53,57,58,59,60,63,65,66,68,69,70,71,73,76,77,79,81,83,94]",30,816,11,0.0134803921568627,1
"[0,1,2,3,4,5,6,7,8,12,20,22,23,25,26,30,33,38,39,40,42,46,48,51,53,57,58,59,60,63,65,66,68,69,70,71,73,76,77,79,81,83,94]",33,816,2,0.00245098039215686,1
"[0,1,2,3,4,5,6,7,8,12,20,22,23,25,26,30,33,38,39,40,42,46,48,51,53,57,58,59,60,63,65,66,68,69,70,71,73,76,77,79,81,83,94]",38,816,13,0.0159313725490196,1
"[0,1,2,3,4,5,6,7,8,12,20,22,23,25,26,30,33,38,39,40,42,46,48,51,53,57,58,59,60,63,65,66,68,69,70,71,73,76,77,79,81,83,94]",39,816,13,0.0159313725490196,1
"[0,1,2,3,4,5,6,7,8,12,20,22,23,25,26,30,33,38,39,40,42,46,48,51,53,57,58,59,60,63,65,66,68,69,70,71,73,76,77,79,81,83,94]",40,816,5,0.00612745098039216,1
"[0,1,2,3,4,5,6,7,8,12,20,22,23,25,26,30,33,38,39,40,42,46,48,51,53,57,58,59,60,63,65,66,68,69,70,71,73,76,77,79,81,83,94]",42,816,22,0.0269607843137255,1
"[0,1,2,3,4,5,6,7,8,12,20,22,23,25,26,30,33,38,39,40,42,46,48,51,53,57,58,59,60,63,65,66,68,69,70,71,73,76,77,79,81,83,94]",46,816,10,0.0122549019607843,1
"[0,1,2,3,4,5,6,7,8,12,20,22,23,25,26,30,33,38,39,40,42,46,48,51,53,57,58,59,60,63,65,66,68,69,70,71,73,76,77,79,81,83,94]",48,816,2,0.00245098039215686,1
"[0,1,2,3,4,5,6,7,8,12,20,22,23,25,26,30,33,38,39,40,42,46,48,51,53,57,58,59,60,63,65,66,68,69,70,71,73,76,77,79,81,83,94]",51,816,7,0.00857843137254902,1
"[0,1,2,3,4,5,6,7,8,12,20,22,23,25,26,30,33,38,39,40,42,46,48,51,53,57,58,59,60,63,65,66,68,69,70,71,73,76,77,79,81,83,94]",53,816,2,0.00245098039215686,1
"[0,1,2,3,4,5,6,7,8,12,20,22,23,25,26,30,33,38,39,40,42,46,48,51,53,57,58,59,60,63,65,66,68,69,70,71,73,76,77,79,81,83,94]",57,816,5,0.00612745098039216,1
"[0,1,2,3,4,5,6,7,8,12,20,22,23,25,26,30,33,38,39,40,42,46,48,51,53,57,58,59,60,63,65,66,68,69,70,71,73,76,77,79,81,83,94]",58,816,5,0.00612745098039216,1
"[0,1,2,3,4,5,6,7,8,12,20,22,23,25,26,30,33,38,39,40,42,46,48,51,53,57,58,59,60,63,65,66,68,69,70,71,73,76,77,79,81,83,94]",59,816,6,0.00735294117647059,1
"[0,1,2,3,4,5,6,7,8,12,20,22,23,25,26,30,33,38,39,40,42,46,48,51,53,57,58,59,60,63,65,66,68,69,70,71,73,76,77,79,81,83,94]",60,816,14,0.017156862745098,1
"[0,1,2,3,4,5,6,7,8,12,20,22,23,25,26,30,33,38,39,40,42,46,48,51,53,57,58,59,60,63,65,66,68,69,70,71,73,76,77,79,81,83,94]",63,816,8,0.00980392156862745,1
"[0,1,2,3,4,5,6,7,8,12,20,22,23,25,26,30,33,38,39,40,42,46,48,51,53,57,58,59,60,63,65,66,68,69,70,71,73,76,77,79,81,83,94]",65,816,3,0.00367647058823529,1
"[0,1,2,3,4,5,6,7,8,12,20,22,23,25,26,30,33,38,39,40,42,46,48,51,53,57,58,59,60,63,65,66,68,69,70,71,73,76,77,79,81,83,94]",66,816,56,0.0686274509803922,1
"[0,1,2,3,4,5,6,7,8,12,20,22,23,25,26,30,33,38,39,40,42,46,48,51,53,57,58,59,60,63,65,66,68,69,70,71,73,76,77,79,81,83,94]",68,816,7,0.00857843137254902,1
"[0,1,2,3,4,5,6,7,8,12,20,22,23,25,26,30,33,38,39,40,42,46,48,51,53,57,58,59,60,63,65,66,68,69,70,71,73,76,77,79,81,83,94]",69,816,8,0.00980392156862745,1
"[0,1,2,3,4,5,6,7,8,12,20,22,23,25,26,30,33,38,39,40,42,46,48,51,53,57,58,59,60,63,65,66,68,69,70,71,73,76,77,79,81,83,94]",70,816,1,0.00122549019607843,1
"[0,1,2,3,4,5,6,7,8,12,20,22,23,25,26,30,33,38,39,40,42,46,48,51,53,57,58,59,60,63,65,66,68,69,70,71,73,76,77,79,81,83,94]",71,816,8,0.00980392156862745,1
"[0,1,2,3,4,5,6,7,8,12,20,22,23,25,26,30,33,38,39,40,42,46,48,51,53,57,58,59,60,63,65,66,68,69,70,71,73,76,77,79,81,83,94]",73,816,3,0.00367647058823529,1
"[0,1,2,3,4,5,6,7,8,12,20,22,23,25,26,30,33,38,39,40,42,46,48,51,53,57,58,59,60,63,65,66,68,69,70,71,73,76,77,79,81,83,94]",76,816,20,0.0245098039215686,1
"[0,1,2,3,4,5,6,7,8,12,20,22,23,25,26,30,33,38,39,40,42,46,48,51,53,57,58,59,60,63,65,66,68,69,70,71,73,76,77,79,81,83,94]",77,816,25,0.0306372549019608,1
"[0,1,2,3,4,5,6,7,8,12,20,22,23,25,26,30,33,38,39,40,42,46,48,51,53,57,58,59,60,63,65,66,68,69,70,71,73,76,77,79,81,83,94]",79,816,25,0.0306372549019608,1
"[0,1,2,3,4,5,6,7,8,12,20,22,23,25,26,30,33,38,39,40,42,46,48,51,53,57,58,59,60,63,65,66,68,69,70,71,73,76,77,79,81,83,94]",81,816,14,0.017156862745098,1
"[0,1,2,3,4,5,6,7,8,12,20,22,23,25,26,30,33,38,39,40,42,46,48,51,53,57,58,59,60,63,65,66,68,69,70,71,73,76,77,79,81,83,94]",83,816,4,0.00490196078431373,1
"[0,1,2,3,4,5,6,7,8,12,20,22,23,25,26,30,33,38,39,40,42,46,48,51,53,57,58,59,60,63,65,66,68,69,70,71,73,76,77,79,81,83,94]",94,816,1,0.00122549019607843,1
"[0,1,2,3,4,5,6,7,8,12,20,22,23,25,26,30,33,38,39,40,42,46,48,51,53,57,58,59,60,63,65,66,68,69,70,71,73,76,77,79,81,83]",0,1131,14,0.0123784261715296,1
"[0,1,2,3,4,5,6,7,8,12,20,22,23,25,26,30,33,38,39,40,42,46,48,51,53,57,58,59,60,63,65,66,68,69,70,71,73,76,77,79,81,83]",1,1131,20,0.017683465959328,1
"[0,1,2,3,4,5,6,7,8,12,20,22,23,25,26,30,33,38,39,40,42,46,48,51,53,57,58,59,60,63,65,66,68,69,70,71,73,76,77,79,81,83]",2,1131,229,0.202475685234306,1
"[0,1,2,3,4,5,6,7,8,12,20,22,23,25,26,30,33,38,39,40,42,46,48,51,53,57,58,59,60,63,65,66,68,69,70,71,73,76,77,79,81,83]",3,1131,65,0.0574712643678161,1
"[0,1,2,3,4,5,6,7,8,12,20,22,23,25,26,30,33,38,39,40,42,46,48,51,53,57,58,59,60,63,65,66,68,69,70,71,73,76,77,79,81,83]",4,1131,30,0.026525198938992,1
"[0,1,2,3,4,5,6,7,8,12,20,22,23,25,26,30,33,38,39,40,42,46,48,51,53,57,58,59,60,63,65,66,68,69,70,71,73,76,77,79,81,83]",5,1131,32,0.0282935455349248,1
"[0,1,2,3,4,5,6,7,8,12,20,22,23,25,26,30,33,38,39,40,42,46,48,51,53,57,58,59,60,63,65,66,68,69,70,71,73,76,77,79,81,83]",6,1131,45,0.0397877984084881,1
"[0,1,2,3,4,5,6,7,8,12,20,22,23,25,26,30,33,38,39,40,42,46,48,51,53,57,58,59,60,63,65,66,68,69,70,71,73,76,77,79,81,83]",7,1131,171,0.151193633952255,1
"[0,1,2,3,4,5,6,7,8,12,20,22,23,25,26,30,33,38,39,40,42,46,48,51,53,57,58,59,60,63,65,66,68,69,70,71,73,76,77,79,81,83]",8,1131,21,0.0185676392572944,1
"[0,1,2,3,4,5,6,7,8,12,20,22,23,25,26,30,33,38,39,40,42,46,48,51,53,57,58,59,60,63,65,66,68,69,70,71,73,76,77,79,81,83]",12,1131,26,0.0229885057471264,1
"[0,1,2,3,4,5,6,7,8,12,20,22,23,25,26,30,33,38,39,40,42,46,48,51,53,57,58,59,60,63,65,66,68,69,70,71,73,76,77,79,81,83]",20,1131,33,0.0291777188328912,1
"[0,1,2,3,4,5,6,7,8,12,20,22,23,25,26,30,33,38,39,40,42,46,48,51,53,57,58,59,60,63,65,66,68,69,70,71,73,76,77,79,81,83]",22,1131,6,0.00530503978779841,1
"[0,1,2,3,4,5,6,7,8,12,20,22,23,25,26,30,33,38,39,40,42,46,48,51,53,57,58,59,60,63,65,66,68,69,70,71,73,76,77,79,81,83]",23,1131,16,0.0141467727674624,1
"[0,1,2,3,4,5,6,7,8,12,20,22,23,25,26,30,33,38,39,40,42,46,48,51,53,57,58,59,60,63,65,66,68,69,70,71,73,76,77,79,81,83]",25,1131,7,0.00618921308576481,1
"[0,1,2,3,4,5,6,7,8,12,20,22,23,25,26,30,33,38,39,40,42,46,48,51,53,57,58,59,60,63,65,66,68,69,70,71,73,76,77,79,81,83]",26,1131,24,0.0212201591511936,1
"[0,1,2,3,4,5,6,7,8,12,20,22,23,25,26,30,33,38,39,40,42,46,48,51,53,57,58,59,60,63,65,66,68,69,70,71,73,76,77,79,81,83]",30,1131,5,0.00442086648983201,1
"[0,1,2,3,4,5,6,7,8,12,20,22,23,25,26,30,33,38,39,40,42,46,48,51,53,57,58,59,60,63,65,66,68,69,70,71,73,76,77,79,81,83]",33,1131,4,0.00353669319186561,1
"[0,1,2,3,4,5,6,7,8,12,20,22,23,25,26,30,33,38,39,40,42,46,48,51,53,57,58,59,60,63,65,66,68,69,70,71,73,76,77,79,81,83]",38,1131,13,0.0114942528735632,1
"[0,1,2,3,4,5,6,7,8,12,20,22,23,25,26,30,33,38,39,40,42,46,48,51,53,57,58,59,60,63,65,66,68,69,70,71,73,76,77,79,81,83]",39,1131,4,0.00353669319186561,1
"[0,1,2,3,4,5,6,7,8,12,20,22,23,25,26,30,33,38,39,40,42,46,48,51,53,57,58,59,60,63,65,66,68,69,70,71,73,76,77,79,81,83]",40,1131,4,0.00353669319186561,1
"[0,1,2,3,4,5,6,7,8,12,20,22,23,25,26,30,33,38,39,40,42,46,48,51,53,57,58,59,60,63,65,66,68,69,70,71,73,76,77,79,81,83]",42,1131,20,0.017683465959328,1
"[0,1,2,3,4,5,6,7,8,12,20,22,23,25,26,30,33,38,39,40,42,46,48,51,53,57,58,59,60,63,65,66,68,69,70,71,73,76,77,79,81,83]",46,1131,7,0.00618921308576481,1
"[0,1,2,3,4,5,6,7,8,12,20,22,23,25,26,30,33,38,39,40,42,46,48,51,53,57,58,59,60,63,65,66,68,69,70,71,73,76,77,79,81,83]",48,1131,2,0.0017683465959328,1
"[0,1,2,3,4,5,6,7,8,12,20,22,23,25,26,30,33,38,39,40,42,46,48,51,53,57,58,59,60,63,65,66,68,69,70,71,73,76,77,79,81,83]",51,1131,2,0.0017683465959328,1
"[0,1,2,3,4,5,6,7,8,12,20,22,23,25,26,30,33,38,39,40,42,46,48,51,53,57,58,59,60,63,65,66,68,69,70,71,73,76,77,79,81,83]",53,1131,8,0.00707338638373121,1
"[0,1,2,3,4,5,6,7,8,12,20,22,23,25,26,30,33,38,39,40,42,46,48,51,53,57,58,59,60,63,65,66,68,69,70,71,73,76,77,79,81,83]",57,1131,7,0.00618921308576481,1
"[0,1,2,3,4,5,6,7,8,12,20,22,23,25,26,30,33,38,39,40,42,46,48,51,53,57,58,59,60,63,65,66,68,69,70,71,73,76,77,79,81,83]",58,1131,6,0.00530503978779841,1
"[0,1,2,3,4,5,6,7,8,12,20,22,23,25,26,30,33,38,39,40,42,46,48,51,53,57,58,59,60,63,65,66,68,69,70,71,73,76,77,79,81,83]",59,1131,68,0.0601237842617153,1
"[0,1,2,3,4,5,6,7,8,12,20,22,23,25,26,30,33,38,39,40,42,46,48,51,53,57,58,59,60,63,65,66,68,69,70,71,73,76,77,79,81,83]",60,1131,18,0.0159151193633952,1
"[0,1,2,3,4,5,6,7,8,12,20,22,23,25,26,30,33,38,39,40,42,46,48,51,53,57,58,59,60,63,65,66,68,69,70,71,73,76,77,79,81,83]",63,1131,10,0.00884173297966401,1
"[0,1,2,3,4,5,6,7,8,12,20,22,23,25,26,30,33,38,39,40,42,46,48,51,53,57,58,59,60,63,65,66,68,69,70,71,73,76,77,79,81,83]",65,1131,3,0.0026525198938992,1
"[0,1,2,3,4,5,6,7,8,12,20,22,23,25,26,30,33,38,39,40,42,46,48,51,53,57,58,59,60,63,65,66,68,69,70,71,73,76,77,79,81,83]",66,1131,112,0.099027409372237,1
"[0,1,2,3,4,5,6,7,8,12,20,22,23,25,26,30,33,38,39,40,42,46,48,51,53,57,58,59,60,63,65,66,68,69,70,71,73,76,77,79,81,83]",68,1131,8,0.00707338638373121,1
"[0,1,2,3,4,5,6,7,8,12,20,22,23,25,26,30,33,38,39,40,42,46,48,51,53,57,58,59,60,63,65,66,68,69,70,71,73,76,77,79,81,83]",69,1131,7,0.00618921308576481,1
"[0,1,2,3,4,5,6,7,8,12,20,22,23,25,26,30,33,38,39,40,42,46,48,51,53,57,58,59,60,63,65,66,68,69,70,71,73,76,77,79,81,83]",70,1131,2,0.0017683465959328,1
"[0,1,2,3,4,5,6,7,8,12,20,22,23,25,26,30,33,38,39,40,42,46,48,51,53,57,58,59,60,63,65,66,68,69,70,71,73,76,77,79,81,83]",71,1131,8,0.00707338638373121,1
"[0,1,2,3,4,5,6,7,8,12,20,22,23,25,26,30,33,38,39,40,42,46,48,51,53,57,58,59,60,63,65,66,68,69,70,71,73,76,77,79,81,83]",73,1131,5,0.00442086648983201,1
"[0,1,2,3,4,5,6,7,8,12,20,22,23,25,26,30,33,38,39,40,42,46,48,51,53,57,58,59,60,63,65,66,68,69,70,71,73,76,77,79,81,83]",76,1131,15,0.013262599469496,1
"[0,1,2,3,4,5,6,7,8,12,20,22,23,25,26,30,33,38,39,40,42,46,48,51,53,57,58,59,60,63,65,66,68,69,70,71,73,76,77,79,81,83]",77,1131,31,0.0274093722369584,1
"[0,1,2,3,4,5,6,7,8,12,20,22,23,25,26,30,33,38,39,40,42,46,48,51,53,57,58,59,60,63,65,66,68,69,70,71,73,76,77,79,81,83]",79,1131,15,0.013262599469496,1
"[0,1,2,3,4,5,6,7,8,12,20,22,23,25,26,30,33,38,39,40,42,46,48,51,53,57,58,59,60,63,65,66,68,69,70,71,73,76,77,79,81,83]",81,1131,4,0.00353669319186561,1
"[0,1,2,3,4,5,6,7,8,12,20,22,23,25,26,30,33,38,39,40,42,46,48,51,53,57,58,59,60,63,65,66,68,69,70,71,73,76,77,79,81,83]",83,1131,4,0.00353669319186561,1
"[0,1,2,3,4,5,6,7,8,12,20,22,23,25,26,30,33,38,39,40,42,46,48,51,53,57,58,59,60,63,65,66,68,69,70,73,76,77,79,81,83,86,92]",0,1183,23,0.0194420963651733,1
"[0,1,2,3,4,5,6,7,8,12,20,22,23,25,26,30,33,38,39,40,42,46,48,51,53,57,58,59,60,63,65,66,68,69,70,73,76,77,79,81,83,86,92]",1,1183,21,0.0177514792899408,1
"[0,1,2,3,4,5,6,7,8,12,20,22,23,25,26,30,33,38,39,40,42,46,48,51,53,57,58,59,60,63,65,66,68,69,70,73,76,77,79,81,83,86,92]",2,1183,74,0.062552831783601,1
"[0,1,2,3,4,5,6,7,8,12,20,22,23,25,26,30,33,38,39,40,42,46,48,51,53,57,58,59,60,63,65,66,68,69,70,73,76,77,79,81,83,86,92]",3,1183,10,0.0084530853761623,1
"[0,1,2,3,4,5,6,7,8,12,20,22,23,25,26,30,33,38,39,40,42,46,48,51,53,57,58,59,60,63,65,66,68,69,70,73,76,77,79,81,83,86,92]",4,1183,40,0.0338123415046492,1
"[0,1,2,3,4,5,6,7,8,12,20,22,23,25,26,30,33,38,39,40,42,46,48,51,53,57,58,59,60,63,65,66,68,69,70,73,76,77,79,81,83,86,92]",5,1183,44,0.0371935756551141,1
"[0,1,2,3,4,5,6,7,8,12,20,22,23,25,26,30,33,38,39,40,42,46,48,51,53,57,58,59,60,63,65,66,68,69,70,73,76,77,79,81,83,86,92]",6,1183,397,0.335587489433643,1
"[0,1,2,3,4,5,6,7,8,12,20,22,23,25,26,30,33,38,39,40,42,46,48,51,53,57,58,59,60,63,65,66,68,69,70,73,76,77,79,81,83,86,92]",7,1183,168,0.142011834319527,1
"[0,1,2,3,4,5,6,7,8,12,20,22,23,25,26,30,33,38,39,40,42,46,48,51,53,57,58,59,60,63,65,66,68,69,70,73,76,77,79,81,83,86,92]",8,1183,18,0.0152155536770921,1
"[0,1,2,3,4,5,6,7,8,12,20,22,23,25,26,30,33,38,39,40,42,46,48,51,53,57,58,59,60,63,65,66,68,69,70,73,76,77,79,81,83,86,92]",12,1183,26,0.021978021978022,1
"[0,1,2,3,4,5,6,7,8,12,20,22,23,25,26,30,33,38,39,40,42,46,48,51,53,57,58,59,60,63,65,66,68,69,70,73,76,77,79,81,83,86,92]",20,1183,20,0.0169061707523246,1
"[0,1,2,3,4,5,6,7,8,12,20,22,23,25,26,30,33,38,39,40,42,46,48,51,53,57,58,59,60,63,65,66,68,69,70,73,76,77,79,81,83,86,92]",22,1183,10,0.0084530853761623,1
"[0,1,2,3,4,5,6,7,8,12,20,22,23,25,26,30,33,38,39,40,42,46,48,51,53,57,58,59,60,63,65,66,68,69,70,73,76,77,79,81,83,86,92]",23,1183,17,0.0143702451394759,1
"[0,1,2,3,4,5,6,7,8,12,20,22,23,25,26,30,33,38,39,40,42,46,48,51,53,57,58,59,60,63,65,66,68,69,70,73,76,77,79,81,83,86,92]",25,1183,13,0.010989010989011,1
"[0,1,2,3,4,5,6,7,8,12,20,22,23,25,26,30,33,38,39,40,42,46,48,51,53,57,58,59,60,63,65,66,68,69,70,73,76,77,79,81,83,86,92]",26,1183,21,0.0177514792899408,1
"[0,1,2,3,4,5,6,7,8,12,20,22,23,25,26,30,33,38,39,40,42,46,48,51,53,57,58,59,60,63,65,66,68,69,70,73,76,77,79,81,83,86,92]",30,1183,6,0.00507185122569738,1
"[0,1,2,3,4,5,6,7,8,12,20,22,23,25,26,30,33,38,39,40,42,46,48,51,53,57,58,59,60,63,65,66,68,69,70,73,76,77,79,81,83,86,92]",33,1183,1,0.00084530853761623,1
"[0,1,2,3,4,5,6,7,8,12,20,22,23,25,26,30,33,38,39,40,42,46,48,51,53,57,58,59,60,63,65,66,68,69,70,73,76,77,79,81,83,86,92]",38,1183,11,0.00929839391377853,1
"[0,1,2,3,4,5,6,7,8,12,20,22,23,25,26,30,33,38,39,40,42,46,48,51,53,57,58,59,60,63,65,66,68,69,70,73,76,77,79,81,83,86,92]",39,1183,14,0.0118343195266272,1
"[0,1,2,3,4,5,6,7,8,12,20,22,23,25,26,30,33,38,39,40,42,46,48,51,53,57,58,59,60,63,65,66,68,69,70,73,76,77,79,81,83,86,92]",40,1183,4,0.00338123415046492,1
"[0,1,2,3,4,5,6,7,8,12,20,22,23,25,26,30,33,38,39,40,42,46,48,51,53,57,58,59,60,63,65,66,68,69,70,73,76,77,79,81,83,86,92]",42,1183,14,0.0118343195266272,1
"[0,1,2,3,4,5,6,7,8,12,20,22,23,25,26,30,33,38,39,40,42,46,48,51,53,57,58,59,60,63,65,66,68,69,70,73,76,77,79,81,83,86,92]",46,1183,8,0.00676246830092984,1
"[0,1,2,3,4,5,6,7,8,12,20,22,23,25,26,30,33,38,39,40,42,46,48,51,53,57,58,59,60,63,65,66,68,69,70,73,76,77,79,81,83,86,92]",48,1183,12,0.0101437024513948,1
"[0,1,2,3,4,5,6,7,8,12,20,22,23,25,26,30,33,38,39,40,42,46,48,51,53,57,58,59,60,63,65,66,68,69,70,73,76,77,79,81,83,86,92]",51,1183,5,0.00422654268808115,1
"[0,1,2,3,4,5,6,7,8,12,20,22,23,25,26,30,33,38,39,40,42,46,48,51,53,57,58,59,60,63,65,66,68,69,70,73,76,77,79,81,83,86,92]",53,1183,3,0.00253592561284869,1
"[0,1,2,3,4,5,6,7,8,12,20,22,23,25,26,30,33,38,39,40,42,46,48,51,53,57,58,59,60,63,65,66,68,69,70,73,76,77,79,81,83,86,92]",57,1183,2,0.00169061707523246,1
"[0,1,2,3,4,5,6,7,8,12,20,22,23,25,26,30,33,38,39,40,42,46,48,51,53,57,58,59,60,63,65,66,68,69,70,73,76,77,79,81,83,86,92]",58,1183,5,0.00422654268808115,1
"[0,1,2,3,4,5,6,7,8,12,20,22,23,25,26,30,33,38,39,40,42,46,48,51,53,57,58,59,60,63,65,66,68,69,70,73,76,77,79,81,83,86,92]",59,1183,4,0.00338123415046492,1
"[0,1,2,3,4,5,6,7,8,12,20,22,23,25,26,30,33,38,39,40,42,46,48,51,53,57,58,59,60,63,65,66,68,69,70,73,76,77,79,81,83,86,92]",60,1183,6,0.00507185122569738,1
"[0,1,2,3,4,5,6,7,8,12,20,22,23,25,26,30,33,38,39,40,42,46,48,51,53,57,58,59,60,63,65,66,68,69,70,73,76,77,79,81,83,86,92]",63,1183,7,0.00591715976331361,1
"[0,1,2,3,4,5,6,7,8,12,20,22,23,25,26,30,33,38,39,40,42,46,48,51,53,57,58,59,60,63,65,66,68,69,70,73,76,77,79,81,83,86,92]",65,1183,5,0.00422654268808115,1
"[0,1,2,3,4,5,6,7,8,12,20,22,23,25,26,30,33,38,39,40,42,46,48,51,53,57,58,59,60,63,65,66,68,69,70,73,76,77,79,81,83,86,92]",66,1183,79,0.0667793744716822,1
"[0,1,2,3,4,5,6,7,8,12,20,22,23,25,26,30,33,38,39,40,42,46,48,51,53,57,58,59,60,63,65,66,68,69,70,73,76,77,79,81,83,86,92]",68,1183,6,0.00507185122569738,1
"[0,1,2,3,4,5,6,7,8,12,20,22,23,25,26,30,33,38,39,40,42,46,48,51,53,57,58,59,60,63,65,66,68,69,70,73,76,77,79,81,83,86,92]",69,1183,1,0.00084530853761623,1
"[0,1,2,3,4,5,6,7,8,12,20,22,23,25,26,30,33,38,39,40,42,46,48,51,53,57,58,59,60,63,65,66,68,69,70,73,76,77,79,81,83,86,92]",70,1183,1,0.00084530853761623,1
"[0,1,2,3,4,5,6,7,8,12,20,22,23,25,26,30,33,38,39,40,42,46,48,51,53,57,58,59,60,63,65,66,68,69,70,73,76,77,79,81,83,86,92]",73,1183,16,0.0135249366018597,1
"[0,1,2,3,4,5,6,7,8,12,20,22,23,25,26,30,33,38,39,40,42,46,48,51,53,57,58,59,60,63,65,66,68,69,70,73,76,77,79,81,83,86,92]",76,1183,30,0.0253592561284869,1
"[0,1,2,3,4,5,6,7,8,12,20,22,23,25,26,30,33,38,39,40,42,46,48,51,53,57,58,59,60,63,65,66,68,69,70,73,76,77,79,81,83,86,92]",77,1183,14,0.0118343195266272,1
"[0,1,2,3,4,5,6,7,8,12,20,22,23,25,26,30,33,38,39,40,42,46,48,51,53,57,58,59,60,63,65,66,68,69,70,73,76,77,79,81,83,86,92]",79,1183,15,0.0126796280642434,1
"[0,1,2,3,4,5,6,7,8,12,20,22,23,25,26,30,33,38,39,40,42,46,48,51,53,57,58,59,60,63,65,66,68,69,70,73,76,77,79,81,83,86,92]",81,1183,6,0.00507185122569738,1
"[0,1,2,3,4,5,6,7,8,12,20,22,23,25,26,30,33,38,39,40,42,46,48,51,53,57,58,59,60,63,65,66,68,69,70,73,76,77,79,81,83,86,92]",83,1183,4,0.00338123415046492,1
"[0,1,2,3,4,5,6,7,8,12,20,22,23,25,26,30,33,38,39,40,42,46,48,51,53,57,58,59,60,63,65,66,68,69,70,73,76,77,79,81,83,86,92]",86,1183,1,0.00084530853761623,1
"[0,1,2,3,4,5,6,7,8,12,20,22,23,25,26,30,33,38,39,40,42,46,48,51,53,57,58,59,60,63,65,66,68,69,70,73,76,77,79,81,83,86,92]",92,1183,1,0.00084530853761623,1
"[0,1,2,3,4,5,6,7,8,12,20,22,23,25,26,30,33,38,39,40,42,46,48,51,53,57,58,59,60,63,65,68,69,70,71,73,76,77,79,81,83,86]",0,971,13,0.0133882595262616,1
"[0,1,2,3,4,5,6,7,8,12,20,22,23,25,26,30,33,38,39,40,42,46,48,51,53,57,58,59,60,63,65,68,69,70,71,73,76,77,79,81,83,86]",1,971,45,0.0463439752832132,1
"[0,1,2,3,4,5,6,7,8,12,20,22,23,25,26,30,33,38,39,40,42,46,48,51,53,57,58,59,60,63,65,68,69,70,71,73,76,77,79,81,83,86]",2,971,85,0.0875386199794027,1
"[0,1,2,3,4,5,6,7,8,12,20,22,23,25,26,30,33,38,39,40,42,46,48,51,53,57,58,59,60,63,65,68,69,70,71,73,76,77,79,81,83,86]",3,971,16,0.0164778578784758,1
"[0,1,2,3,4,5,6,7,8,12,20,22,23,25,26,30,33,38,39,40,42,46,48,51,53,57,58,59,60,63,65,68,69,70,71,73,76,77,79,81,83,86]",4,971,41,0.0422245108135942,1
"[0,1,2,3,4,5,6,7,8,12,20,22,23,25,26,30,33,38,39,40,42,46,48,51,53,57,58,59,60,63,65,68,69,70,71,73,76,77,79,81,83,86]",5,971,48,0.0494335736354274,1
"[0,1,2,3,4,5,6,7,8,12,20,22,23,25,26,30,33,38,39,40,42,46,48,51,53,57,58,59,60,63,65,68,69,70,71,73,76,77,79,81,83,86]",6,971,52,0.0535530381050463,1
"[0,1,2,3,4,5,6,7,8,12,20,22,23,25,26,30,33,38,39,40,42,46,48,51,53,57,58,59,60,63,65,68,69,70,71,73,76,77,79,81,83,86]",7,971,207,0.213182286302781,1
"[0,1,2,3,4,5,6,7,8,12,20,22,23,25,26,30,33,38,39,40,42,46,48,51,53,57,58,59,60,63,65,68,69,70,71,73,76,77,79,81,83,86]",8,971,28,0.0288362512873326,1
"[0,1,2,3,4,5,6,7,8,12,20,22,23,25,26,30,33,38,39,40,42,46,48,51,53,57,58,59,60,63,65,68,69,70,71,73,76,77,79,81,83,86]",12,971,31,0.0319258496395469,1
"[0,1,2,3,4,5,6,7,8,12,20,22,23,25,26,30,33,38,39,40,42,46,48,51,53,57,58,59,60,63,65,68,69,70,71,73,76,77,79,81,83,86]",20,971,43,0.0442842430484037,1
"[0,1,2,3,4,5,6,7,8,12,20,22,23,25,26,30,33,38,39,40,42,46,48,51,53,57,58,59,60,63,65,68,69,70,71,73,76,77,79,81,83,86]",22,971,7,0.00720906282183316,1
"[0,1,2,3,4,5,6,7,8,12,20,22,23,25,26,30,33,38,39,40,42,46,48,51,53,57,58,59,60,63,65,68,69,70,71,73,76,77,79,81,83,86]",23,971,15,0.0154479917610711,1
"[0,1,2,3,4,5,6,7,8,12,20,22,23,25,26,30,33,38,39,40,42,46,48,51,53,57,58,59,60,63,65,68,69,70,71,73,76,77,79,81,83,86]",25,971,5,0.00514933058702369,1
"[0,1,2,3,4,5,6,7,8,12,20,22,23,25,26,30,33,38,39,40,42,46,48,51,53,57,58,59,60,63,65,68,69,70,71,73,76,77,79,81,83,86]",26,971,24,0.0247167868177137,1
"[0,1,2,3,4,5,6,7,8,12,20,22,23,25,26,30,33,38,39,40,42,46,48,51,53,57,58,59,60,63,65,68,69,70,71,73,76,77,79,81,83,86]",30,971,10,0.0102986611740474,1
"[0,1,2,3,4,5,6,7,8,12,20,22,23,25,26,30,33,38,39,40,42,46,48,51,53,57,58,59,60,63,65,68,69,70,71,73,76,77,79,81,83,86]",33,971,3,0.00308959835221421,1
"[0,1,2,3,4,5,6,7,8,12,20,22,23,25,26,30,33,38,39,40,42,46,48,51,53,57,58,59,60,63,65,68,69,70,71,73,76,77,79,81,83,86]",38,971,12,0.0123583934088568,1
"[0,1,2,3,4,5,6,7,8,12,20,22,23,25,26,30,33,38,39,40,42,46,48,51,53,57,58,59,60,63,65,68,69,70,71,73,76,77,79,81,83,86]",39,971,5,0.00514933058702369,1
"[0,1,2,3,4,5,6,7,8,12,20,22,23,25,26,30,33,38,39,40,42,46,48,51,53,57,58,59,60,63,65,68,69,70,71,73,76,77,79,81,83,86]",40,971,9,0.00926879505664264,1
"[0,1,2,3,4,5,6,7,8,12,20,22,23,25,26,30,33,38,39,40,42,46,48,51,53,57,58,59,60,63,65,68,69,70,71,73,76,77,79,81,83,86]",42,971,27,0.0278063851699279,1
"[0,1,2,3,4,5,6,7,8,12,20,22,23,25,26,30,33,38,39,40,42,46,48,51,53,57,58,59,60,63,65,68,69,70,71,73,76,77,79,81,83,86]",46,971,11,0.0113285272914521,1
"[0,1,2,3,4,5,6,7,8,12,20,22,23,25,26,30,33,38,39,40,42,46,48,51,53,57,58,59,60,63,65,68,69,70,71,73,76,77,79,81,83,86]",48,971,4,0.00411946446961895,1
"[0,1,2,3,4,5,6,7,8,12,20,22,23,25,26,30,33,38,39,40,42,46,48,51,53,57,58,59,60,63,65,68,69,70,71,73,76,77,79,81,83,86]",51,971,4,0.00411946446961895,1
"[0,1,2,3,4,5,6,7,8,12,20,22,23,25,26,30,33,38,39,40,42,46,48,51,53,57,58,59,60,63,65,68,69,70,71,73,76,77,79,81,83,86]",53,971,6,0.00617919670442842,1
"[0,1,2,3,4,5,6,7,8,12,20,22,23,25,26,30,33,38,39,40,42,46,48,51,53,57,58,59,60,63,65,68,69,70,71,73,76,77,79,81,83,86]",57,971,15,0.0154479917610711,1
"[0,1,2,3,4,5,6,7,8,12,20,22,23,25,26,30,33,38,39,40,42,46,48,51,53,57,58,59,60,63,65,68,69,70,71,73,76,77,79,81,83,86]",58,971,6,0.00617919670442842,1
"[0,1,2,3,4,5,6,7,8,12,20,22,23,25,26,30,33,38,39,40,42,46,48,51,53,57,58,59,60,63,65,68,69,70,71,73,76,77,79,81,83,86]",59,971,8,0.0082389289392379,1
"[0,1,2,3,4,5,6,7,8,12,20,22,23,25,26,30,33,38,39,40,42,46,48,51,53,57,58,59,60,63,65,68,69,70,71,73,76,77,79,81,83,86]",60,971,9,0.00926879505664264,1
"[0,1,2,3,4,5,6,7,8,12,20,22,23,25,26,30,33,38,39,40,42,46,48,51,53,57,58,59,60,63,65,68,69,70,71,73,76,77,79,81,83,86]",63,971,11,0.0113285272914521,1
"[0,1,2,3,4,5,6,7,8,12,20,22,23,25,26,30,33,38,39,40,42,46,48,51,53,57,58,59,60,63,65,68,69,70,71,73,76,77,79,81,83,86]",65,971,8,0.0082389289392379,1
"[0,1,2,3,4,5,6,7,8,12,20,22,23,25,26,30,33,38,39,40,42,46,48,51,53,57,58,59,60,63,65,68,69,70,71,73,76,77,79,81,83,86]",68,971,14,0.0144181256436663,1
"[0,1,2,3,4,5,6,7,8,12,20,22,23,25,26,30,33,38,39,40,42,46,48,51,53,57,58,59,60,63,65,68,69,70,71,73,76,77,79,81,83,86]",69,971,7,0.00720906282183316,1
"[0,1,2,3,4,5,6,7,8,12,20,22,23,25,26,30,33,38,39,40,42,46,48,51,53,57,58,59,60,63,65,68,69,70,71,73,76,77,79,81,83,86]",70,971,1,0.00102986611740474,1
"[0,1,2,3,4,5,6,7,8,12,20,22,23,25,26,30,33,38,39,40,42,46,48,51,53,57,58,59,60,63,65,68,69,70,71,73,76,77,79,81,83,86]",71,971,6,0.00617919670442842,1
"[0,1,2,3,4,5,6,7,8,12,20,22,23,25,26,30,33,38,39,40,42,46,48,51,53,57,58,59,60,63,65,68,69,70,71,73,76,77,79,81,83,86]",73,971,2,0.00205973223480947,1
"[0,1,2,3,4,5,6,7,8,12,20,22,23,25,26,30,33,38,39,40,42,46,48,51,53,57,58,59,60,63,65,68,69,70,71,73,76,77,79,81,83,86]",76,971,50,0.0514933058702369,1
"[0,1,2,3,4,5,6,7,8,12,20,22,23,25,26,30,33,38,39,40,42,46,48,51,53,57,58,59,60,63,65,68,69,70,71,73,76,77,79,81,83,86]",77,971,60,0.0617919670442842,1
"[0,1,2,3,4,5,6,7,8,12,20,22,23,25,26,30,33,38,39,40,42,46,48,51,53,57,58,59,60,63,65,68,69,70,71,73,76,77,79,81,83,86]",79,971,16,0.0164778578784758,1
"[0,1,2,3,4,5,6,7,8,12,20,22,23,25,26,30,33,38,39,40,42,46,48,51,53,57,58,59,60,63,65,68,69,70,71,73,76,77,79,81,83,86]",81,971,4,0.00411946446961895,1
"[0,1,2,3,4,5,6,7,8,12,20,22,23,25,26,30,33,38,39,40,42,46,48,51,53,57,58,59,60,63,65,68,69,70,71,73,76,77,79,81,83,86]",83,971,2,0.00205973223480947,1
"[0,1,2,3,4,5,6,7,8,12,20,22,23,25,26,30,33,38,39,40,42,46,48,51,53,57,58,59,60,63,65,68,69,70,71,73,76,77,79,81,83,86]",86,971,1,0.00102986611740474,1
"[0,1,2,3,4,5,6,7,8,12,20,22,23,26,30,33,38,39,40,42,46,48,51,53,57,58,59,60,63,65,66,68,69,71,73,76,77,79,81,83]",0,2419,15,0.00620090946672179,1
"[0,1,2,3,4,5,6,7,8,12,20,22,23,26,30,33,38,39,40,42,46,48,51,53,57,58,59,60,63,65,66,68,69,71,73,76,77,79,81,83]",1,2419,25,0.010334849111203,1
"[0,1,2,3,4,5,6,7,8,12,20,22,23,26,30,33,38,39,40,42,46,48,51,53,57,58,59,60,63,65,66,68,69,71,73,76,77,79,81,83]",2,2419,55,0.0227366680446465,1
"[0,1,2,3,4,5,6,7,8,12,20,22,23,26,30,33,38,39,40,42,46,48,51,53,57,58,59,60,63,65,66,68,69,71,73,76,77,79,81,83]",3,2419,9,0.00372054568003307,1
"[0,1,2,3,4,5,6,7,8,12,20,22,23,26,30,33,38,39,40,42,46,48,51,53,57,58,59,60,63,65,66,68,69,71,73,76,77,79,81,83]",4,2419,884,0.365440264572137,1
"[0,1,2,3,4,5,6,7,8,12,20,22,23,26,30,33,38,39,40,42,46,48,51,53,57,58,59,60,63,65,66,68,69,71,73,76,77,79,81,83]",5,2419,803,0.33195535345184,1
"[0,1,2,3,4,5,6,7,8,12,20,22,23,26,30,33,38,39,40,42,46,48,51,53,57,58,59,60,63,65,66,68,69,71,73,76,77,79,81,83]",6,2419,13,0.00537412153782555,1
"[0,1,2,3,4,5,6,7,8,12,20,22,23,26,30,33,38,39,40,42,46,48,51,53,57,58,59,60,63,65,66,68,69,71,73,76,77,79,81,83]",7,2419,180,0.0744109136006614,1
"[0,1,2,3,4,5,6,7,8,12,20,22,23,26,30,33,38,39,40,42,46,48,51,53,57,58,59,60,63,65,66,68,69,71,73,76,77,79,81,83]",8,2419,35,0.0144687887556842,1
"[0,1,2,3,4,5,6,7,8,12,20,22,23,26,30,33,38,39,40,42,46,48,51,53,57,58,59,60,63,65,66,68,69,71,73,76,77,79,81,83]",12,2419,24,0.00992145514675486,1
"[0,1,2,3,4,5,6,7,8,12,20,22,23,26,30,33,38,39,40,42,46,48,51,53,57,58,59,60,63,65,66,68,69,71,73,76,77,79,81,83]",20,2419,41,0.0169491525423729,1
"[0,1,2,3,4,5,6,7,8,12,20,22,23,26,30,33,38,39,40,42,46,48,51,53,57,58,59,60,63,65,66,68,69,71,73,76,77,79,81,83]",22,2419,2,0.000826787928896238,1
"[0,1,2,3,4,5,6,7,8,12,20,22,23,26,30,33,38,39,40,42,46,48,51,53,57,58,59,60,63,65,66,68,69,71,73,76,77,79,81,83]",23,2419,11,0.00454733360892931,1
"[0,1,2,3,4,5,6,7,8,12,20,22,23,26,30,33,38,39,40,42,46,48,51,53,57,58,59,60,63,65,66,68,69,71,73,76,77,79,81,83]",26,2419,9,0.00372054568003307,1
"[0,1,2,3,4,5,6,7,8,12,20,22,23,26,30,33,38,39,40,42,46,48,51,53,57,58,59,60,63,65,66,68,69,71,73,76,77,79,81,83]",30,2419,8,0.00330715171558495,1
"[0,1,2,3,4,5,6,7,8,12,20,22,23,26,30,33,38,39,40,42,46,48,51,53,57,58,59,60,63,65,66,68,69,71,73,76,77,79,81,83]",33,2419,2,0.000826787928896238,1
"[0,1,2,3,4,5,6,7,8,12,20,22,23,26,30,33,38,39,40,42,46,48,51,53,57,58,59,60,63,65,66,68,69,71,73,76,77,79,81,83]",38,2419,6,0.00248036378668871,1
"[0,1,2,3,4,5,6,7,8,12,20,22,23,26,30,33,38,39,40,42,46,48,51,53,57,58,59,60,63,65,66,68,69,71,73,76,77,79,81,83]",39,2419,6,0.00248036378668871,1
"[0,1,2,3,4,5,6,7,8,12,20,22,23,26,30,33,38,39,40,42,46,48,51,53,57,58,59,60,63,65,66,68,69,71,73,76,77,79,81,83]",40,2419,1,0.000413393964448119,1
"[0,1,2,3,4,5,6,7,8,12,20,22,23,26,30,33,38,39,40,42,46,48,51,53,57,58,59,60,63,65,66,68,69,71,73,76,77,79,81,83]",42,2419,8,0.00330715171558495,1
"[0,1,2,3,4,5,6,7,8,12,20,22,23,26,30,33,38,39,40,42,46,48,51,53,57,58,59,60,63,65,66,68,69,71,73,76,77,79,81,83]",46,2419,10,0.00413393964448119,1
"[0,1,2,3,4,5,6,7,8,12,20,22,23,26,30,33,38,39,40,42,46,48,51,53,57,58,59,60,63,65,66,68,69,71,73,76,77,79,81,83]",48,2419,3,0.00124018189334436,1
"[0,1,2,3,4,5,6,7,8,12,20,22,23,26,30,33,38,39,40,42,46,48,51,53,57,58,59,60,63,65,66,68,69,71,73,76,77,79,81,83]",51,2419,7,0.00289375775113683,1
"[0,1,2,3,4,5,6,7,8,12,20,22,23,26,30,33,38,39,40,42,46,48,51,53,57,58,59,60,63,65,66,68,69,71,73,76,77,79,81,83]",53,2419,9,0.00372054568003307,1
"[0,1,2,3,4,5,6,7,8,12,20,22,23,26,30,33,38,39,40,42,46,48,51,53,57,58,59,60,63,65,66,68,69,71,73,76,77,79,81,83]",57,2419,82,0.0338983050847458,1
"[0,1,2,3,4,5,6,7,8,12,20,22,23,26,30,33,38,39,40,42,46,48,51,53,57,58,59,60,63,65,66,68,69,71,73,76,77,79,81,83]",58,2419,4,0.00165357585779248,1
"[0,1,2,3,4,5,6,7,8,12,20,22,23,26,30,33,38,39,40,42,46,48,51,53,57,58,59,60,63,65,66,68,69,71,73,76,77,79,81,83]",59,2419,2,0.000826787928896238,1
"[0,1,2,3,4,5,6,7,8,12,20,22,23,26,30,33,38,39,40,42,46,48,51,53,57,58,59,60,63,65,66,68,69,71,73,76,77,79,81,83]",60,2419,7,0.00289375775113683,1
"[0,1,2,3,4,5,6,7,8,12,20,22,23,26,30,33,38,39,40,42,46,48,51,53,57,58,59,60,63,65,66,68,69,71,73,76,77,79,81,83]",63,2419,7,0.00289375775113683,1
"[0,1,2,3,4,5,6,7,8,12,20,22,23,26,30,33,38,39,40,42,46,48,51,53,57,58,59,60,63,65,66,68,69,71,73,76,77,79,81,83]",65,2419,6,0.00248036378668871,1
"[0,1,2,3,4,5,6,7,8,12,20,22,23,26,30,33,38,39,40,42,46,48,51,53,57,58,59,60,63,65,66,68,69,71,73,76,77,79,81,83]",66,2419,18,0.00744109136006614,1
"[0,1,2,3,4,5,6,7,8,12,20,22,23,26,30,33,38,39,40,42,46,48,51,53,57,58,59,60,63,65,66,68,69,71,73,76,77,79,81,83]",68,2419,2,0.000826787928896238,1
"[0,1,2,3,4,5,6,7,8,12,20,22,23,26,30,33,38,39,40,42,46,48,51,53,57,58,59,60,63,65,66,68,69,71,73,76,77,79,81,83]",69,2419,4,0.00165357585779248,1
"[0,1,2,3,4,5,6,7,8,12,20,22,23,26,30,33,38,39,40,42,46,48,51,53,57,58,59,60,63,65,66,68,69,71,73,76,77,79,81,83]",71,2419,4,0.00165357585779248,1
"[0,1,2,3,4,5,6,7,8,12,20,22,23,26,30,33,38,39,40,42,46,48,51,53,57,58,59,60,63,65,66,68,69,71,73,76,77,79,81,83]",73,2419,3,0.00124018189334436,1
"[0,1,2,3,4,5,6,7,8,12,20,22,23,26,30,33,38,39,40,42,46,48,51,53,57,58,59,60,63,65,66,68,69,71,73,76,77,79,81,83]",76,2419,15,0.00620090946672179,1
"[0,1,2,3,4,5,6,7,8,12,20,22,23,26,30,33,38,39,40,42,46,48,51,53,57,58,59,60,63,65,66,68,69,71,73,76,77,79,81,83]",77,2419,17,0.00702769739561802,1
"[0,1,2,3,4,5,6,7,8,12,20,22,23,26,30,33,38,39,40,42,46,48,51,53,57,58,59,60,63,65,66,68,69,71,73,76,77,79,81,83]",79,2419,80,0.0330715171558495,1
"[0,1,2,3,4,5,6,7,8,12,20,22,23,26,30,33,38,39,40,42,46,48,51,53,57,58,59,60,63,65,66,68,69,71,73,76,77,79,81,83]",81,2419,1,0.000413393964448119,1
"[0,1,2,3,4,5,6,7,8,12,20,22,23,26,30,33,38,39,40,42,46,48,51,53,57,58,59,60,63,65,66,68,69,71,73,76,77,79,81,83]",83,2419,1,0.000413393964448119,1
"[0,1,2,3,4,5,6,7,8,9,10,11,12,13,14,15,16,17,18,19,20,21,22,23,24,31,34,35,36,37,38,41,47,54,55,56,75]",0,1341,23,0.017151379567487,1
"[0,1,2,3,4,5,6,7,8,9,10,11,12,13,14,15,16,17,18,19,20,21,22,23,24,31,34,35,36,37,38,41,47,54,55,56,75]",1,1341,27,0.0201342281879195,1
"[0,1,2,3,4,5,6,7,8,9,10,11,12,13,14,15,16,17,18,19,20,21,22,23,24,31,34,35,36,37,38,41,47,54,55,56,75]",2,1341,28,0.0208799403430276,1
"[0,1,2,3,4,5,6,7,8,9,10,11,12,13,14,15,16,17,18,19,20,21,22,23,24,31,34,35,36,37,38,41,47,54,55,56,75]",3,1341,14,0.0104399701715138,1
"[0,1,2,3,4,5,6,7,8,9,10,11,12,13,14,15,16,17,18,19,20,21,22,23,24,31,34,35,36,37,38,41,47,54,55,56,75]",4,1341,22,0.0164056674123788,1
"[0,1,2,3,4,5,6,7,8,9,10,11,12,13,14,15,16,17,18,19,20,21,22,23,24,31,34,35,36,37,38,41,47,54,55,56,75]",5,1341,37,0.0275913497390007,1
"[0,1,2,3,4,5,6,7,8,9,10,11,12,13,14,15,16,17,18,19,20,21,22,23,24,31,34,35,36,37,38,41,47,54,55,56,75]",6,1341,4,0.00298284862043251,1
"[0,1,2,3,4,5,6,7,8,9,10,11,12,13,14,15,16,17,18,19,20,21,22,23,24,31,34,35,36,37,38,41,47,54,55,56,75]",7,1341,158,0.117822520507084,1
"[0,1,2,3,4,5,6,7,8,9,10,11,12,13,14,15,16,17,18,19,20,21,22,23,24,31,34,35,36,37,38,41,47,54,55,56,75]",8,1341,7,0.0052199850857569,1
"[0,1,2,3,4,5,6,7,8,9,10,11,12,13,14,15,16,17,18,19,20,21,22,23,24,31,34,35,36,37,38,41,47,54,55,56,75]",9,1341,47,0.035048471290082,1
"[0,1,2,3,4,5,6,7,8,9,10,11,12,13,14,15,16,17,18,19,20,21,22,23,24,31,34,35,36,37,38,41,47,54,55,56,75]",10,1341,30,0.0223713646532438,1
"[0,1,2,3,4,5,6,7,8,9,10,11,12,13,14,15,16,17,18,19,20,21,22,23,24,31,34,35,36,37,38,41,47,54,55,56,75]",11,1341,56,0.0417598806860552,1
"[0,1,2,3,4,5,6,7,8,9,10,11,12,13,14,15,16,17,18,19,20,21,22,23,24,31,34,35,36,37,38,41,47,54,55,56,75]",12,1341,24,0.0178970917225951,1
"[0,1,2,3,4,5,6,7,8,9,10,11,12,13,14,15,16,17,18,19,20,21,22,23,24,31,34,35,36,37,38,41,47,54,55,56,75]",13,1341,32,0.0238627889634601,1
"[0,1,2,3,4,5,6,7,8,9,10,11,12,13,14,15,16,17,18,19,20,21,22,23,24,31,34,35,36,37,38,41,47,54,55,56,75]",14,1341,26,0.0193885160328113,1
"[0,1,2,3,4,5,6,7,8,9,10,11,12,13,14,15,16,17,18,19,20,21,22,23,24,31,34,35,36,37,38,41,47,54,55,56,75]",15,1341,13,0.00969425801640567,1
"[0,1,2,3,4,5,6,7,8,9,10,11,12,13,14,15,16,17,18,19,20,21,22,23,24,31,34,35,36,37,38,41,47,54,55,56,75]",16,1341,7,0.0052199850857569,1
"[0,1,2,3,4,5,6,7,8,9,10,11,12,13,14,15,16,17,18,19,20,21,22,23,24,31,34,35,36,37,38,41,47,54,55,56,75]",17,1341,29,0.0216256524981357,1
"[0,1,2,3,4,5,6,7,8,9,10,11,12,13,14,15,16,17,18,19,20,21,22,23,24,31,34,35,36,37,38,41,47,54,55,56,75]",18,1341,159,0.118568232662192,1
"[0,1,2,3,4,5,6,7,8,9,10,11,12,13,14,15,16,17,18,19,20,21,22,23,24,31,34,35,36,37,38,41,47,54,55,56,75]",19,1341,82,0.0611483967188665,1
"[0,1,2,3,4,5,6,7,8,9,10,11,12,13,14,15,16,17,18,19,20,21,22,23,24,31,34,35,36,37,38,41,47,54,55,56,75]",20,1341,47,0.035048471290082,1
"[0,1,2,3,4,5,6,7,8,9,10,11,12,13,14,15,16,17,18,19,20,21,22,23,24,31,34,35,36,37,38,41,47,54,55,56,75]",21,1341,7,0.0052199850857569,1
"[0,1,2,3,4,5,6,7,8,9,10,11,12,13,14,15,16,17,18,19,20,21,22,23,24,31,34,35,36,37,38,41,47,54,55,56,75]",22,1341,10,0.00745712155108128,1
"[0,1,2,3,4,5,6,7,8,9,10,11,12,13,14,15,16,17,18,19,20,21,22,23,24,31,34,35,36,37,38,41,47,54,55,56,75]",23,1341,90,0.0671140939597315,1
"[0,1,2,3,4,5,6,7,8,9,10,11,12,13,14,15,16,17,18,19,20,21,22,23,24,31,34,35,36,37,38,41,47,54,55,56,75]",24,1341,24,0.0178970917225951,1
"[0,1,2,3,4,5,6,7,8,9,10,11,12,13,14,15,16,17,18,19,20,21,22,23,24,31,34,35,36,37,38,41,47,54,55,56,75]",31,1341,68,0.0507084265473527,1
"[0,1,2,3,4,5,6,7,8,9,10,11,12,13,14,15,16,17,18,19,20,21,22,23,24,31,34,35,36,37,38,41,47,54,55,56,75]",34,1341,8,0.00596569724086503,1
"[0,1,2,3,4,5,6,7,8,9,10,11,12,13,14,15,16,17,18,19,20,21,22,23,24,31,34,35,36,37,38,41,47,54,55,56,75]",35,1341,14,0.0104399701715138,1
"[0,1,2,3,4,5,6,7,8,9,10,11,12,13,14,15,16,17,18,19,20,21,22,23,24,31,34,35,36,37,38,41,47,54,55,56,75]",36,1341,19,0.0141685309470544,1
"[0,1,2,3,4,5,6,7,8,9,10,11,12,13,14,15,16,17,18,19,20,21,22,23,24,31,34,35,36,37,38,41,47,54,55,56,75]",37,1341,36,0.0268456375838926,1
"[0,1,2,3,4,5,6,7,8,9,10,11,12,13,14,15,16,17,18,19,20,21,22,23,24,31,34,35,36,37,38,41,47,54,55,56,75]",38,1341,60,0.0447427293064877,1
"[0,1,2,3,4,5,6,7,8,9,10,11,12,13,14,15,16,17,18,19,20,21,22,23,24,31,34,35,36,37,38,41,47,54,55,56,75]",41,1341,11,0.00820283370618941,1
"[0,1,2,3,4,5,6,7,8,9,10,11,12,13,14,15,16,17,18,19,20,21,22,23,24,31,34,35,36,37,38,41,47,54,55,56,75]",47,1341,68,0.0507084265473527,1
"[0,1,2,3,4,5,6,7,8,9,10,11,12,13,14,15,16,17,18,19,20,21,22,23,24,31,34,35,36,37,38,41,47,54,55,56,75]",54,1341,9,0.00671140939597315,1
"[0,1,2,3,4,5,6,7,8,9,10,11,12,13,14,15,16,17,18,19,20,21,22,23,24,31,34,35,36,37,38,41,47,54,55,56,75]",55,1341,8,0.00596569724086503,1
"[0,1,2,3,4,5,6,7,8,9,10,11,12,13,14,15,16,17,18,19,20,21,22,23,24,31,34,35,36,37,38,41,47,54,55,56,75]",56,1341,12,0.00894854586129754,1
"[0,1,2,3,4,5,6,7,8,9,10,11,12,13,14,15,16,17,18,19,20,21,22,23,24,31,34,35,36,37,38,41,47,54,55,56,75]",75,1341,25,0.0186428038777032,1
"[0,1,2,3,4,5,6,7,8,9,10,11,12,13,14,15,16,17,18,19,20,21,22,23,24,31,34,35,36,37,41,49,54,55,75]",0,2838,57,0.0200845665961945,2
"[0,1,2,3,4,5,6,7,8,9,10,11,12,13,14,15,16,17,18,19,20,21,22,23,24,31,34,35,36,37,41,49,54,55,75]",1,2838,59,0.0207892882311487,2
"[0,1,2,3,4,5,6,7,8,9,10,11,12,13,14,15,16,17,18,19,20,21,22,23,24,31,34,35,36,37,41,49,54,55,75]",2,2838,133,0.0468639887244538,2
"[0,1,2,3,4,5,6,7,8,9,10,11,12,13,14,15,16,17,18,19,20,21,22,23,24,31,34,35,36,37,41,49,54,55,75]",3,2838,21,0.00739957716701903,2
"[0,1,2,3,4,5,6,7,8,9,10,11,12,13,14,15,16,17,18,19,20,21,22,23,24,31,34,35,36,37,41,49,54,55,75]",4,2838,110,0.0387596899224806,2
"[0,1,2,3,4,5,6,7,8,9,10,11,12,13,14,15,16,17,18,19,20,21,22,23,24,31,34,35,36,37,41,49,54,55,75]",5,2838,59,0.0207892882311487,2
"[0,1,2,3,4,5,6,7,8,9,10,11,12,13,14,15,16,17,18,19,20,21,22,23,24,31,34,35,36,37,41,49,54,55,75]",6,2838,28,0.0098661028893587,2
"[0,1,2,3,4,5,6,7,8,9,10,11,12,13,14,15,16,17,18,19,20,21,22,23,24,31,34,35,36,37,41,49,54,55,75]",7,2838,296,0.104298801973221,2
"[0,1,2,3,4,5,6,7,8,9,10,11,12,13,14,15,16,17,18,19,20,21,22,23,24,31,34,35,36,37,41,49,54,55,75]",8,2838,39,0.0137420718816068,2
"[0,1,2,3,4,5,6,7,8,9,10,11,12,13,14,15,16,17,18,19,20,21,22,23,24,31,34,35,36,37,41,49,54,55,75]",9,2838,90,0.0317124735729387,2
"[0,1,2,3,4,5,6,7,8,9,10,11,12,13,14,15,16,17,18,19,20,21,22,23,24,31,34,35,36,37,41,49,54,55,75]",10,2838,73,0.025722339675828,2
"[0,1,2,3,4,5,6,7,8,9,10,11,12,13,14,15,16,17,18,19,20,21,22,23,24,31,34,35,36,37,41,49,54,55,75]",11,2838,157,0.0553206483439042,2
"[0,1,2,3,4,5,6,7,8,9,10,11,12,13,14,15,16,17,18,19,20,21,22,23,24,31,34,35,36,37,41,49,54,55,75]",12,2838,51,0.0179704016913319,2
"[0,1,2,3,4,5,6,7,8,9,10,11,12,13,14,15,16,17,18,19,20,21,22,23,24,31,34,35,36,37,41,49,54,55,75]",13,2838,114,0.040169133192389,2
"[0,1,2,3,4,5,6,7,8,9,10,11,12,13,14,15,16,17,18,19,20,21,22,23,24,31,34,35,36,37,41,49,54,55,75]",14,2838,62,0.02184637068358,2
"[0,1,2,3,4,5,6,7,8,9,10,11,12,13,14,15,16,17,18,19,20,21,22,23,24,31,34,35,36,37,41,49,54,55,75]",15,2838,110,0.0387596899224806,2
"[0,1,2,3,4,5,6,7,8,9,10,11,12,13,14,15,16,17,18,19,20,21,22,23,24,31,34,35,36,37,41,49,54,55,75]",16,2838,8,0.00281888653981677,2
"[0,1,2,3,4,5,6,7,8,9,10,11,12,13,14,15,16,17,18,19,20,21,22,23,24,31,34,35,36,37,41,49,54,55,75]",17,2838,102,0.0359408033826638,2
"[0,1,2,3,4,5,6,7,8,9,10,11,12,13,14,15,16,17,18,19,20,21,22,23,24,31,34,35,36,37,41,49,54,55,75]",18,2838,446,0.157152924594785,2
"[0,1,2,3,4,5,6,7,8,9,10,11,12,13,14,15,16,17,18,19,20,21,22,23,24,31,34,35,36,37,41,49,54,55,75]",19,2838,362,0.127554615926709,2
"[0,1,2,3,4,5,6,7,8,9,10,11,12,13,14,15,16,17,18,19,20,21,22,23,24,31,34,35,36,37,41,49,54,55,75]",20,2838,64,0.0225510923185342,2
"[0,1,2,3,4,5,6,7,8,9,10,11,12,13,14,15,16,17,18,19,20,21,22,23,24,31,34,35,36,37,41,49,54,55,75]",21,2838,22,0.00775193798449612,2
"[0,1,2,3,4,5,6,7,8,9,10,11,12,13,14,15,16,17,18,19,20,21,22,23,24,31,34,35,36,37,41,49,54,55,75]",22,2838,19,0.00669485553206483,2
"[0,1,2,3,4,5,6,7,8,9,10,11,12,13,14,15,16,17,18,19,20,21,22,23,24,31,34,35,36,37,41,49,54,55,75]",23,2838,28,0.0098661028893587,2
"[0,1,2,3,4,5,6,7,8,9,10,11,12,13,14,15,16,17,18,19,20,21,22,23,24,31,34,35,36,37,41,49,54,55,75]",24,2838,47,0.0165609584214235,2
"[0,1,2,3,4,5,6,7,8,9,10,11,12,13,14,15,16,17,18,19,20,21,22,23,24,31,34,35,36,37,41,49,54,55,75]",31,2838,21,0.00739957716701903,2
"[0,1,2,3,4,5,6,7,8,9,10,11,12,13,14,15,16,17,18,19,20,21,22,23,24,31,34,35,36,37,41,49,54,55,75]",34,2838,16,0.00563777307963354,2
"[0,1,2,3,4,5,6,7,8,9,10,11,12,13,14,15,16,17,18,19,20,21,22,23,24,31,34,35,36,37,41,49,54,55,75]",35,2838,27,0.00951374207188161,2
"[0,1,2,3,4,5,6,7,8,9,10,11,12,13,14,15,16,17,18,19,20,21,22,23,24,31,34,35,36,37,41,49,54,55,75]",36,2838,27,0.00951374207188161,2
"[0,1,2,3,4,5,6,7,8,9,10,11,12,13,14,15,16,17,18,19,20,21,22,23,24,31,34,35,36,37,41,49,54,55,75]",37,2838,93,0.03276955602537,2
"[0,1,2,3,4,5,6,7,8,9,10,11,12,13,14,15,16,17,18,19,20,21,22,23,24,31,34,35,36,37,41,49,54,55,75]",41,2838,24,0.00845665961945032,2
"[0,1,2,3,4,5,6,7,8,9,10,11,12,13,14,15,16,17,18,19,20,21,22,23,24,31,34,35,36,37,41,49,54,55,75]",49,2838,4,0.00140944326990839,2
"[0,1,2,3,4,5,6,7,8,9,10,11,12,13,14,15,16,17,18,19,20,21,22,23,24,31,34,35,36,37,41,49,54,55,75]",54,2838,24,0.00845665961945032,2
"[0,1,2,3,4,5,6,7,8,9,10,11,12,13,14,15,16,17,18,19,20,21,22,23,24,31,34,35,36,37,41,49,54,55,75]",55,2838,16,0.00563777307963354,2
"[0,1,2,3,4,5,6,7,8,9,10,11,12,13,14,15,16,17,18,19,20,21,22,23,24,31,34,35,36,37,41,49,54,55,75]",75,2838,29,0.0102184637068358,2
"[0,1,2,3,4,5,6,7,8,9,10,11,12,13,14,15,16,17,18,19,20,21,22,23,24,31,34,35,36,37,41,54,55,56,75]",0,14676,169,0.01151539929136,8
"[0,1,2,3,4,5,6,7,8,9,10,11,12,13,14,15,16,17,18,19,20,21,22,23,24,31,34,35,36,37,41,54,55,56,75]",1,14676,1234,0.0840828563641319,8
"[0,1,2,3,4,5,6,7,8,9,10,11,12,13,14,15,16,17,18,19,20,21,22,23,24,31,34,35,36,37,41,54,55,56,75]",2,14676,333,0.0226901062959935,8
"[0,1,2,3,4,5,6,7,8,9,10,11,12,13,14,15,16,17,18,19,20,21,22,23,24,31,34,35,36,37,41,54,55,56,75]",3,14676,107,0.00729081493594985,8
"[0,1,2,3,4,5,6,7,8,9,10,11,12,13,14,15,16,17,18,19,20,21,22,23,24,31,34,35,36,37,41,54,55,56,75]",4,14676,1551,0.1056827473426,8
"[0,1,2,3,4,5,6,7,8,9,10,11,12,13,14,15,16,17,18,19,20,21,22,23,24,31,34,35,36,37,41,54,55,56,75]",5,14676,1229,0.0837421640774053,8
"[0,1,2,3,4,5,6,7,8,9,10,11,12,13,14,15,16,17,18,19,20,21,22,23,24,31,34,35,36,37,41,54,55,56,75]",6,14676,309,0.0210547833197056,8
"[0,1,2,3,4,5,6,7,8,9,10,11,12,13,14,15,16,17,18,19,20,21,22,23,24,31,34,35,36,37,41,54,55,56,75]",7,14676,1667,0.113586808394658,8
"[0,1,2,3,4,5,6,7,8,9,10,11,12,13,14,15,16,17,18,19,20,21,22,23,24,31,34,35,36,37,41,54,55,56,75]",8,14676,693,0.0472199509403107,8
"[0,1,2,3,4,5,6,7,8,9,10,11,12,13,14,15,16,17,18,19,20,21,22,23,24,31,34,35,36,37,41,54,55,56,75]",9,14676,385,0.0262333060779504,8
"[0,1,2,3,4,5,6,7,8,9,10,11,12,13,14,15,16,17,18,19,20,21,22,23,24,31,34,35,36,37,41,54,55,56,75]",10,14676,296,0.0201689833742164,8
"[0,1,2,3,4,5,6,7,8,9,10,11,12,13,14,15,16,17,18,19,20,21,22,23,24,31,34,35,36,37,41,54,55,56,75]",11,14676,617,0.042041428182066,8
"[0,1,2,3,4,5,6,7,8,9,10,11,12,13,14,15,16,17,18,19,20,21,22,23,24,31,34,35,36,37,41,54,55,56,75]",12,14676,326,0.0222131370945762,8
"[0,1,2,3,4,5,6,7,8,9,10,11,12,13,14,15,16,17,18,19,20,21,22,23,24,31,34,35,36,37,41,54,55,56,75]",13,14676,488,0.0332515671845189,8
"[0,1,2,3,4,5,6,7,8,9,10,11,12,13,14,15,16,17,18,19,20,21,22,23,24,31,34,35,36,37,41,54,55,56,75]",14,14676,199,0.0135595530117198,8
"[0,1,2,3,4,5,6,7,8,9,10,11,12,13,14,15,16,17,18,19,20,21,22,23,24,31,34,35,36,37,41,54,55,56,75]",15,14676,841,0.0573044426274189,8
"[0,1,2,3,4,5,6,7,8,9,10,11,12,13,14,15,16,17,18,19,20,21,22,23,24,31,34,35,36,37,41,54,55,56,75]",16,14676,50,0.00340692286726628,8
"[0,1,2,3,4,5,6,7,8,9,10,11,12,13,14,15,16,17,18,19,20,21,22,23,24,31,34,35,36,37,41,54,55,56,75]",17,14676,274,0.0186699373126192,8
"[0,1,2,3,4,5,6,7,8,9,10,11,12,13,14,15,16,17,18,19,20,21,22,23,24,31,34,35,36,37,41,54,55,56,75]",18,14676,627,0.0427228127555192,8
"[0,1,2,3,4,5,6,7,8,9,10,11,12,13,14,15,16,17,18,19,20,21,22,23,24,31,34,35,36,37,41,54,55,56,75]",19,14676,606,0.0412919051512674,8
"[0,1,2,3,4,5,6,7,8,9,10,11,12,13,14,15,16,17,18,19,20,21,22,23,24,31,34,35,36,37,41,54,55,56,75]",20,14676,508,0.0346143363314255,8
"[0,1,2,3,4,5,6,7,8,9,10,11,12,13,14,15,16,17,18,19,20,21,22,23,24,31,34,35,36,37,41,54,55,56,75]",21,14676,134,0.00913055328427364,8
"[0,1,2,3,4,5,6,7,8,9,10,11,12,13,14,15,16,17,18,19,20,21,22,23,24,31,34,35,36,37,41,54,55,56,75]",22,14676,107,0.00729081493594985,8
"[0,1,2,3,4,5,6,7,8,9,10,11,12,13,14,15,16,17,18,19,20,21,22,23,24,31,34,35,36,37,41,54,55,56,75]",23,14676,200,0.0136276914690651,8
"[0,1,2,3,4,5,6,7,8,9,10,11,12,13,14,15,16,17,18,19,20,21,22,23,24,31,34,35,36,37,41,54,55,56,75]",24,14676,495,0.0337285363859362,8
"[0,1,2,3,4,5,6,7,8,9,10,11,12,13,14,15,16,17,18,19,20,21,22,23,24,31,34,35,36,37,41,54,55,56,75]",31,14676,161,0.0109702916325974,8
"[0,1,2,3,4,5,6,7,8,9,10,11,12,13,14,15,16,17,18,19,20,21,22,23,24,31,34,35,36,37,41,54,55,56,75]",34,14676,75,0.00511038430089943,8
"[0,1,2,3,4,5,6,7,8,9,10,11,12,13,14,15,16,17,18,19,20,21,22,23,24,31,34,35,36,37,41,54,55,56,75]",35,14676,97,0.00660943036249659,8
"[0,1,2,3,4,5,6,7,8,9,10,11,12,13,14,15,16,17,18,19,20,21,22,23,24,31,34,35,36,37,41,54,55,56,75]",36,14676,120,0.00817661488143908,8
"[0,1,2,3,4,5,6,7,8,9,10,11,12,13,14,15,16,17,18,19,20,21,22,23,24,31,34,35,36,37,41,54,55,56,75]",37,14676,354,0.0241210139002453,8
"[0,1,2,3,4,5,6,7,8,9,10,11,12,13,14,15,16,17,18,19,20,21,22,23,24,31,34,35,36,37,41,54,55,56,75]",41,14676,89,0.00606432270373399,8
"[0,1,2,3,4,5,6,7,8,9,10,11,12,13,14,15,16,17,18,19,20,21,22,23,24,31,34,35,36,37,41,54,55,56,75]",54,14676,80,0.00545107658762606,8
"[0,1,2,3,4,5,6,7,8,9,10,11,12,13,14,15,16,17,18,19,20,21,22,23,24,31,34,35,36,37,41,54,55,56,75]",55,14676,103,0.00701826110656855,8
"[0,1,2,3,4,5,6,7,8,9,10,11,12,13,14,15,16,17,18,19,20,21,22,23,24,31,34,35,36,37,41,54,55,56,75]",56,14676,71,0.00483783047151812,8
"[0,1,2,3,4,5,6,7,8,9,10,11,12,13,14,15,16,17,18,19,20,21,22,23,24,31,34,35,36,37,41,54,55,56,75]",75,14676,81,0.00551921504497138,8
"[0,1,2,3,4,5,6,7,8,9,10,11,12,13,14,15,16,17,18,19,20,21,22,23,24,31,34,35,36,37,41,54,55,75]",0,1791,23,0.0128419877163596,1
"[0,1,2,3,4,5,6,7,8,9,10,11,12,13,14,15,16,17,18,19,20,21,22,23,24,31,34,35,36,37,41,54,55,75]",1,1791,18,0.0100502512562814,1
"[0,1,2,3,4,5,6,7,8,9,10,11,12,13,14,15,16,17,18,19,20,21,22,23,24,31,34,35,36,37,41,54,55,75]",2,1791,45,0.0251256281407035,1
"[0,1,2,3,4,5,6,7,8,9,10,11,12,13,14,15,16,17,18,19,20,21,22,23,24,31,34,35,36,37,41,54,55,75]",3,1791,3,0.0016750418760469,1
"[0,1,2,3,4,5,6,7,8,9,10,11,12,13,14,15,16,17,18,19,20,21,22,23,24,31,34,35,36,37,41,54,55,75]",4,1791,407,0.227247347850363,1
"[0,1,2,3,4,5,6,7,8,9,10,11,12,13,14,15,16,17,18,19,20,21,22,23,24,31,34,35,36,37,41,54,55,75]",5,1791,262,0.146286990508096,1
"[0,1,2,3,4,5,6,7,8,9,10,11,12,13,14,15,16,17,18,19,20,21,22,23,24,31,34,35,36,37,41,54,55,75]",6,1791,32,0.0178671133445003,1
"[0,1,2,3,4,5,6,7,8,9,10,11,12,13,14,15,16,17,18,19,20,21,22,23,24,31,34,35,36,37,41,54,55,75]",7,1791,201,0.112227805695142,1
"[0,1,2,3,4,5,6,7,8,9,10,11,12,13,14,15,16,17,18,19,20,21,22,23,24,31,34,35,36,37,41,54,55,75]",8,1791,18,0.0100502512562814,1
"[0,1,2,3,4,5,6,7,8,9,10,11,12,13,14,15,16,17,18,19,20,21,22,23,24,31,34,35,36,37,41,54,55,75]",9,1791,41,0.022892238972641,1
"[0,1,2,3,4,5,6,7,8,9,10,11,12,13,14,15,16,17,18,19,20,21,22,23,24,31,34,35,36,37,41,54,55,75]",10,1791,23,0.0128419877163596,1
"[0,1,2,3,4,5,6,7,8,9,10,11,12,13,14,15,16,17,18,19,20,21,22,23,24,31,34,35,36,37,41,54,55,75]",11,1791,70,0.0390843104410944,1
"[0,1,2,3,4,5,6,7,8,9,10,11,12,13,14,15,16,17,18,19,20,21,22,23,24,31,34,35,36,37,41,54,55,75]",12,1791,16,0.00893355667225014,1
"[0,1,2,3,4,5,6,7,8,9,10,11,12,13,14,15,16,17,18,19,20,21,22,23,24,31,34,35,36,37,41,54,55,75]",13,1791,73,0.0407593523171413,1
"[0,1,2,3,4,5,6,7,8,9,10,11,12,13,14,15,16,17,18,19,20,21,22,23,24,31,34,35,36,37,41,54,55,75]",14,1791,17,0.00949190396426577,1
"[0,1,2,3,4,5,6,7,8,9,10,11,12,13,14,15,16,17,18,19,20,21,22,23,24,31,34,35,36,37,41,54,55,75]",15,1791,146,0.0815187046342825,1
"[0,1,2,3,4,5,6,7,8,9,10,11,12,13,14,15,16,17,18,19,20,21,22,23,24,31,34,35,36,37,41,54,55,75]",16,1791,2,0.00111669458403127,1
"[0,1,2,3,4,5,6,7,8,9,10,11,12,13,14,15,16,17,18,19,20,21,22,23,24,31,34,35,36,37,41,54,55,75]",17,1791,40,0.0223338916806253,1
"[0,1,2,3,4,5,6,7,8,9,10,11,12,13,14,15,16,17,18,19,20,21,22,23,24,31,34,35,36,37,41,54,55,75]",18,1791,28,0.0156337241764377,1
"[0,1,2,3,4,5,6,7,8,9,10,11,12,13,14,15,16,17,18,19,20,21,22,23,24,31,34,35,36,37,41,54,55,75]",19,1791,43,0.0240089335566722,1
"[0,1,2,3,4,5,6,7,8,9,10,11,12,13,14,15,16,17,18,19,20,21,22,23,24,31,34,35,36,37,41,54,55,75]",20,1791,36,0.0201005025125628,1
"[0,1,2,3,4,5,6,7,8,9,10,11,12,13,14,15,16,17,18,19,20,21,22,23,24,31,34,35,36,37,41,54,55,75]",21,1791,14,0.00781686208821887,1
"[0,1,2,3,4,5,6,7,8,9,10,11,12,13,14,15,16,17,18,19,20,21,22,23,24,31,34,35,36,37,41,54,55,75]",22,1791,31,0.0173087660524846,1
"[0,1,2,3,4,5,6,7,8,9,10,11,12,13,14,15,16,17,18,19,20,21,22,23,24,31,34,35,36,37,41,54,55,75]",23,1791,11,0.00614182021217197,1
"[0,1,2,3,4,5,6,7,8,9,10,11,12,13,14,15,16,17,18,19,20,21,22,23,24,31,34,35,36,37,41,54,55,75]",24,1791,35,0.0195421552205472,1
"[0,1,2,3,4,5,6,7,8,9,10,11,12,13,14,15,16,17,18,19,20,21,22,23,24,31,34,35,36,37,41,54,55,75]",31,1791,19,0.010608598548297,1
"[0,1,2,3,4,5,6,7,8,9,10,11,12,13,14,15,16,17,18,19,20,21,22,23,24,31,34,35,36,37,41,54,55,75]",34,1791,5,0.00279173646007817,1
"[0,1,2,3,4,5,6,7,8,9,10,11,12,13,14,15,16,17,18,19,20,21,22,23,24,31,34,35,36,37,41,54,55,75]",35,1791,19,0.010608598548297,1
"[0,1,2,3,4,5,6,7,8,9,10,11,12,13,14,15,16,17,18,19,20,21,22,23,24,31,34,35,36,37,41,54,55,75]",36,1791,12,0.0067001675041876,1
"[0,1,2,3,4,5,6,7,8,9,10,11,12,13,14,15,16,17,18,19,20,21,22,23,24,31,34,35,36,37,41,54,55,75]",37,1791,62,0.0346175321049693,1
"[0,1,2,3,4,5,6,7,8,9,10,11,12,13,14,15,16,17,18,19,20,21,22,23,24,31,34,35,36,37,41,54,55,75]",41,1791,10,0.00558347292015634,1
"[0,1,2,3,4,5,6,7,8,9,10,11,12,13,14,15,16,17,18,19,20,21,22,23,24,31,34,35,36,37,41,54,55,75]",54,1791,6,0.0033500837520938,1
"[0,1,2,3,4,5,6,7,8,9,10,11,12,13,14,15,16,17,18,19,20,21,22,23,24,31,34,35,36,37,41,54,55,75]",55,1791,9,0.0050251256281407,1
"[0,1,2,3,4,5,6,7,8,9,10,11,12,13,14,15,16,17,18,19,20,21,22,23,24,31,34,35,36,37,41,54,55,75]",75,1791,14,0.00781686208821887,1
"[0,1,2,3,4,5,6,7,8,9,10,11,12,13,14,15,16,17,18,19,20,21,22,23,24,31,34,36,37,38,41,47,54,55,56,75]",0,2367,15,0.00633713561470215,1
"[0,1,2,3,4,5,6,7,8,9,10,11,12,13,14,15,16,17,18,19,20,21,22,23,24,31,34,36,37,38,41,47,54,55,56,75]",1,2367,47,0.0198563582594001,1
"[0,1,2,3,4,5,6,7,8,9,10,11,12,13,14,15,16,17,18,19,20,21,22,23,24,31,34,36,37,38,41,47,54,55,56,75]",2,2367,118,0.0498521335023236,1
"[0,1,2,3,4,5,6,7,8,9,10,11,12,13,14,15,16,17,18,19,20,21,22,23,24,31,34,36,37,38,41,47,54,55,56,75]",3,2367,10,0.0042247570764681,1
"[0,1,2,3,4,5,6,7,8,9,10,11,12,13,14,15,16,17,18,19,20,21,22,23,24,31,34,36,37,38,41,47,54,55,56,75]",4,2367,40,0.0168990283058724,1
"[0,1,2,3,4,5,6,7,8,9,10,11,12,13,14,15,16,17,18,19,20,21,22,23,24,31,34,36,37,38,41,47,54,55,56,75]",5,2367,30,0.0126742712294043,1
"[0,1,2,3,4,5,6,7,8,9,10,11,12,13,14,15,16,17,18,19,20,21,22,23,24,31,34,36,37,38,41,47,54,55,56,75]",6,2367,10,0.0042247570764681,1
"[0,1,2,3,4,5,6,7,8,9,10,11,12,13,14,15,16,17,18,19,20,21,22,23,24,31,34,36,37,38,41,47,54,55,56,75]",7,2367,530,0.223912125052809,1
"[0,1,2,3,4,5,6,7,8,9,10,11,12,13,14,15,16,17,18,19,20,21,22,23,24,31,34,36,37,38,41,47,54,55,56,75]",8,2367,22,0.00929446556822983,1
"[0,1,2,3,4,5,6,7,8,9,10,11,12,13,14,15,16,17,18,19,20,21,22,23,24,31,34,36,37,38,41,47,54,55,56,75]",9,2367,107,0.0452049007182087,1
"[0,1,2,3,4,5,6,7,8,9,10,11,12,13,14,15,16,17,18,19,20,21,22,23,24,31,34,36,37,38,41,47,54,55,56,75]",10,2367,130,0.0549218419940853,1
"[0,1,2,3,4,5,6,7,8,9,10,11,12,13,14,15,16,17,18,19,20,21,22,23,24,31,34,36,37,38,41,47,54,55,56,75]",11,2367,184,0.0777355302070131,1
"[0,1,2,3,4,5,6,7,8,9,10,11,12,13,14,15,16,17,18,19,20,21,22,23,24,31,34,36,37,38,41,47,54,55,56,75]",12,2367,25,0.0105618926911703,1
"[0,1,2,3,4,5,6,7,8,9,10,11,12,13,14,15,16,17,18,19,20,21,22,23,24,31,34,36,37,38,41,47,54,55,56,75]",13,2367,204,0.0861850443599493,1
"[0,1,2,3,4,5,6,7,8,9,10,11,12,13,14,15,16,17,18,19,20,21,22,23,24,31,34,36,37,38,41,47,54,55,56,75]",14,2367,26,0.0109843683988171,1
"[0,1,2,3,4,5,6,7,8,9,10,11,12,13,14,15,16,17,18,19,20,21,22,23,24,31,34,36,37,38,41,47,54,55,56,75]",15,2367,20,0.00844951415293621,1
"[0,1,2,3,4,5,6,7,8,9,10,11,12,13,14,15,16,17,18,19,20,21,22,23,24,31,34,36,37,38,41,47,54,55,56,75]",16,2367,11,0.00464723278411491,1
"[0,1,2,3,4,5,6,7,8,9,10,11,12,13,14,15,16,17,18,19,20,21,22,23,24,31,34,36,37,38,41,47,54,55,56,75]",17,2367,21,0.00887198986058302,1
"[0,1,2,3,4,5,6,7,8,9,10,11,12,13,14,15,16,17,18,19,20,21,22,23,24,31,34,36,37,38,41,47,54,55,56,75]",18,2367,101,0.0426700464723278,1
"[0,1,2,3,4,5,6,7,8,9,10,11,12,13,14,15,16,17,18,19,20,21,22,23,24,31,34,36,37,38,41,47,54,55,56,75]",19,2367,54,0.0228136882129278,1
"[0,1,2,3,4,5,6,7,8,9,10,11,12,13,14,15,16,17,18,19,20,21,22,23,24,31,34,36,37,38,41,47,54,55,56,75]",20,2367,291,0.122940430925222,1
"[0,1,2,3,4,5,6,7,8,9,10,11,12,13,14,15,16,17,18,19,20,21,22,23,24,31,34,36,37,38,41,47,54,55,56,75]",21,2367,11,0.00464723278411491,1
"[0,1,2,3,4,5,6,7,8,9,10,11,12,13,14,15,16,17,18,19,20,21,22,23,24,31,34,36,37,38,41,47,54,55,56,75]",22,2367,6,0.00253485424588086,1
"[0,1,2,3,4,5,6,7,8,9,10,11,12,13,14,15,16,17,18,19,20,21,22,23,24,31,34,36,37,38,41,47,54,55,56,75]",23,2367,53,0.0223912125052809,1
"[0,1,2,3,4,5,6,7,8,9,10,11,12,13,14,15,16,17,18,19,20,21,22,23,24,31,34,36,37,38,41,47,54,55,56,75]",24,2367,25,0.0105618926911703,1
"[0,1,2,3,4,5,6,7,8,9,10,11,12,13,14,15,16,17,18,19,20,21,22,23,24,31,34,36,37,38,41,47,54,55,56,75]",31,2367,47,0.0198563582594001,1
"[0,1,2,3,4,5,6,7,8,9,10,11,12,13,14,15,16,17,18,19,20,21,22,23,24,31,34,36,37,38,41,47,54,55,56,75]",34,2367,7,0.00295732995352767,1
"[0,1,2,3,4,5,6,7,8,9,10,11,12,13,14,15,16,17,18,19,20,21,22,23,24,31,34,36,37,38,41,47,54,55,56,75]",36,2367,25,0.0105618926911703,1
"[0,1,2,3,4,5,6,7,8,9,10,11,12,13,14,15,16,17,18,19,20,21,22,23,24,31,34,36,37,38,41,47,54,55,56,75]",37,2367,82,0.0346430080270384,1
"[0,1,2,3,4,5,6,7,8,9,10,11,12,13,14,15,16,17,18,19,20,21,22,23,24,31,34,36,37,38,41,47,54,55,56,75]",38,2367,9,0.00380228136882129,1
"[0,1,2,3,4,5,6,7,8,9,10,11,12,13,14,15,16,17,18,19,20,21,22,23,24,31,34,36,37,38,41,47,54,55,56,75]",41,2367,9,0.00380228136882129,1
"[0,1,2,3,4,5,6,7,8,9,10,11,12,13,14,15,16,17,18,19,20,21,22,23,24,31,34,36,37,38,41,47,54,55,56,75]",47,2367,46,0.0194338825517533,1
"[0,1,2,3,4,5,6,7,8,9,10,11,12,13,14,15,16,17,18,19,20,21,22,23,24,31,34,36,37,38,41,47,54,55,56,75]",54,2367,14,0.00591465990705534,1
"[0,1,2,3,4,5,6,7,8,9,10,11,12,13,14,15,16,17,18,19,20,21,22,23,24,31,34,36,37,38,41,47,54,55,56,75]",55,2367,20,0.00844951415293621,1
"[0,1,2,3,4,5,6,7,8,9,10,11,12,13,14,15,16,17,18,19,20,21,22,23,24,31,34,36,37,38,41,47,54,55,56,75]",56,2367,7,0.00295732995352767,1
"[0,1,2,3,4,5,6,7,8,9,10,11,12,13,14,15,16,17,18,19,20,21,22,23,24,31,34,36,37,38,41,47,54,55,56,75]",75,2367,10,0.0042247570764681,1
"[0,1,2,3,4,5,6,7,8,9,10,11,12,13,14,15,16,17,18,19,20,21,22,23,25,26,30,31,33,34,35,36,37,39,40,41,42,49,52,61,74]",0,14766,168,0.0113774888256806,10
"[0,1,2,3,4,5,6,7,8,9,10,11,12,13,14,15,16,17,18,19,20,21,22,23,25,26,30,31,33,34,35,36,37,39,40,41,42,49,52,61,74]",1,14766,971,0.0657591764865231,10
"[0,1,2,3,4,5,6,7,8,9,10,11,12,13,14,15,16,17,18,19,20,21,22,23,25,26,30,31,33,34,35,36,37,39,40,41,42,49,52,61,74]",2,14766,729,0.0493701747257212,10
"[0,1,2,3,4,5,6,7,8,9,10,11,12,13,14,15,16,17,18,19,20,21,22,23,25,26,30,31,33,34,35,36,37,39,40,41,42,49,52,61,74]",3,14766,138,0.00934579439252336,10
"[0,1,2,3,4,5,6,7,8,9,10,11,12,13,14,15,16,17,18,19,20,21,22,23,25,26,30,31,33,34,35,36,37,39,40,41,42,49,52,61,74]",4,14766,499,0.0337938507381823,10
"[0,1,2,3,4,5,6,7,8,9,10,11,12,13,14,15,16,17,18,19,20,21,22,23,25,26,30,31,33,34,35,36,37,39,40,41,42,49,52,61,74]",5,14766,340,0.0230258702424489,10
"[0,1,2,3,4,5,6,7,8,9,10,11,12,13,14,15,16,17,18,19,20,21,22,23,25,26,30,31,33,34,35,36,37,39,40,41,42,49,52,61,74]",6,14766,296,0.0200460517404849,10
"[0,1,2,3,4,5,6,7,8,9,10,11,12,13,14,15,16,17,18,19,20,21,22,23,25,26,30,31,33,34,35,36,37,39,40,41,42,49,52,61,74]",7,14766,1972,0.133550047406203,10
"[0,1,2,3,4,5,6,7,8,9,10,11,12,13,14,15,16,17,18,19,20,21,22,23,25,26,30,31,33,34,35,36,37,39,40,41,42,49,52,61,74]",8,14766,437,0.029595015576324,10
"[0,1,2,3,4,5,6,7,8,9,10,11,12,13,14,15,16,17,18,19,20,21,22,23,25,26,30,31,33,34,35,36,37,39,40,41,42,49,52,61,74]",9,14766,555,0.0375863470134092,10
"[0,1,2,3,4,5,6,7,8,9,10,11,12,13,14,15,16,17,18,19,20,21,22,23,25,26,30,31,33,34,35,36,37,39,40,41,42,49,52,61,74]",10,14766,418,0.0283082757686577,10
"[0,1,2,3,4,5,6,7,8,9,10,11,12,13,14,15,16,17,18,19,20,21,22,23,25,26,30,31,33,34,35,36,37,39,40,41,42,49,52,61,74]",11,14766,840,0.0568874441284031,10
"[0,1,2,3,4,5,6,7,8,9,10,11,12,13,14,15,16,17,18,19,20,21,22,23,25,26,30,31,33,34,35,36,37,39,40,41,42,49,52,61,74]",12,14766,198,0.0134091832588379,10
"[0,1,2,3,4,5,6,7,8,9,10,11,12,13,14,15,16,17,18,19,20,21,22,23,25,26,30,31,33,34,35,36,37,39,40,41,42,49,52,61,74]",13,14766,755,0.0511309765677909,10
"[0,1,2,3,4,5,6,7,8,9,10,11,12,13,14,15,16,17,18,19,20,21,22,23,25,26,30,31,33,34,35,36,37,39,40,41,42,49,52,61,74]",14,14766,205,0.0138832452932412,10
"[0,1,2,3,4,5,6,7,8,9,10,11,12,13,14,15,16,17,18,19,20,21,22,23,25,26,30,31,33,34,35,36,37,39,40,41,42,49,52,61,74]",15,14766,313,0.0211973452526073,10
"[0,1,2,3,4,5,6,7,8,9,10,11,12,13,14,15,16,17,18,19,20,21,22,23,25,26,30,31,33,34,35,36,37,39,40,41,42,49,52,61,74]",16,14766,52,0.00352160368413924,10
"[0,1,2,3,4,5,6,7,8,9,10,11,12,13,14,15,16,17,18,19,20,21,22,23,25,26,30,31,33,34,35,36,37,39,40,41,42,49,52,61,74]",17,14766,524,0.03548692943248,10
"[0,1,2,3,4,5,6,7,8,9,10,11,12,13,14,15,16,17,18,19,20,21,22,23,25,26,30,31,33,34,35,36,37,39,40,41,42,49,52,61,74]",18,14766,701,0.0474739265881078,10
"[0,1,2,3,4,5,6,7,8,9,10,11,12,13,14,15,16,17,18,19,20,21,22,23,25,26,30,31,33,34,35,36,37,39,40,41,42,49,52,61,74]",19,14766,816,0.0552620885818773,10
"[0,1,2,3,4,5,6,7,8,9,10,11,12,13,14,15,16,17,18,19,20,21,22,23,25,26,30,31,33,34,35,36,37,39,40,41,42,49,52,61,74]",20,14766,459,0.031084924827306,10
"[0,1,2,3,4,5,6,7,8,9,10,11,12,13,14,15,16,17,18,19,20,21,22,23,25,26,30,31,33,34,35,36,37,39,40,41,42,49,52,61,74]",21,14766,98,0.00663686848164703,10
"[0,1,2,3,4,5,6,7,8,9,10,11,12,13,14,15,16,17,18,19,20,21,22,23,25,26,30,31,33,34,35,36,37,39,40,41,42,49,52,61,74]",22,14766,66,0.00446972775294596,10
"[0,1,2,3,4,5,6,7,8,9,10,11,12,13,14,15,16,17,18,19,20,21,22,23,25,26,30,31,33,34,35,36,37,39,40,41,42,49,52,61,74]",23,14766,208,0.014086414736557,10
"[0,1,2,3,4,5,6,7,8,9,10,11,12,13,14,15,16,17,18,19,20,21,22,23,25,26,30,31,33,34,35,36,37,39,40,41,42,49,52,61,74]",25,14766,96,0.00650142218610321,10
"[0,1,2,3,4,5,6,7,8,9,10,11,12,13,14,15,16,17,18,19,20,21,22,23,25,26,30,31,33,34,35,36,37,39,40,41,42,49,52,61,74]",26,14766,744,0.0503860219422999,10
"[0,1,2,3,4,5,6,7,8,9,10,11,12,13,14,15,16,17,18,19,20,21,22,23,25,26,30,31,33,34,35,36,37,39,40,41,42,49,52,61,74]",30,14766,100,0.00677231477719084,10
"[0,1,2,3,4,5,6,7,8,9,10,11,12,13,14,15,16,17,18,19,20,21,22,23,25,26,30,31,33,34,35,36,37,39,40,41,42,49,52,61,74]",31,14766,139,0.00941351754029527,10
"[0,1,2,3,4,5,6,7,8,9,10,11,12,13,14,15,16,17,18,19,20,21,22,23,25,26,30,31,33,34,35,36,37,39,40,41,42,49,52,61,74]",33,14766,31,0.00209941758092916,10
"[0,1,2,3,4,5,6,7,8,9,10,11,12,13,14,15,16,17,18,19,20,21,22,23,25,26,30,31,33,34,35,36,37,39,40,41,42,49,52,61,74]",34,14766,100,0.00677231477719084,10
"[0,1,2,3,4,5,6,7,8,9,10,11,12,13,14,15,16,17,18,19,20,21,22,23,25,26,30,31,33,34,35,36,37,39,40,41,42,49,52,61,74]",35,14766,161,0.0109034267912773,10
"[0,1,2,3,4,5,6,7,8,9,10,11,12,13,14,15,16,17,18,19,20,21,22,23,25,26,30,31,33,34,35,36,37,39,40,41,42,49,52,61,74]",36,14766,79,0.00535012867398077,10
"[0,1,2,3,4,5,6,7,8,9,10,11,12,13,14,15,16,17,18,19,20,21,22,23,25,26,30,31,33,34,35,36,37,39,40,41,42,49,52,61,74]",37,14766,489,0.0331166192604632,10
"[0,1,2,3,4,5,6,7,8,9,10,11,12,13,14,15,16,17,18,19,20,21,22,23,25,26,30,31,33,34,35,36,37,39,40,41,42,49,52,61,74]",39,14766,67,0.00453745090071787,10
"[0,1,2,3,4,5,6,7,8,9,10,11,12,13,14,15,16,17,18,19,20,21,22,23,25,26,30,31,33,34,35,36,37,39,40,41,42,49,52,61,74]",40,14766,40,0.00270892591087634,10
"[0,1,2,3,4,5,6,7,8,9,10,11,12,13,14,15,16,17,18,19,20,21,22,23,25,26,30,31,33,34,35,36,37,39,40,41,42,49,52,61,74]",41,14766,106,0.00717865366382229,10
"[0,1,2,3,4,5,6,7,8,9,10,11,12,13,14,15,16,17,18,19,20,21,22,23,25,26,30,31,33,34,35,36,37,39,40,41,42,49,52,61,74]",42,14766,326,0.0220777461736422,10
"[0,1,2,3,4,5,6,7,8,9,10,11,12,13,14,15,16,17,18,19,20,21,22,23,25,26,30,31,33,34,35,36,37,39,40,41,42,49,52,61,74]",49,14766,30,0.00203169443315725,10
"[0,1,2,3,4,5,6,7,8,9,10,11,12,13,14,15,16,17,18,19,20,21,22,23,25,26,30,31,33,34,35,36,37,39,40,41,42,49,52,61,74]",52,14766,152,0.0102939184613301,10
"[0,1,2,3,4,5,6,7,8,9,10,11,12,13,14,15,16,17,18,19,20,21,22,23,25,26,30,31,33,34,35,36,37,39,40,41,42,49,52,61,74]",61,14766,98,0.00663686848164703,10
"[0,1,2,3,4,5,6,7,8,9,10,11,12,13,14,15,16,17,18,19,20,21,22,23,25,26,30,31,33,34,35,36,37,39,40,41,42,49,52,61,74]",74,14766,250,0.0169307869429771,10
"[0,1,2,3,4,5,6,7,8,9,10,11,12,13,14,15,16,17,18,19,20,21,22,23,25,26,30,31,33,34,35,36,37,39,40,41,42,52,61,74,80,82,84,85]",0,1072,15,0.0139925373134328,1
"[0,1,2,3,4,5,6,7,8,9,10,11,12,13,14,15,16,17,18,19,20,21,22,23,25,26,30,31,33,34,35,36,37,39,40,41,42,52,61,74,80,82,84,85]",1,1072,22,0.0205223880597015,1
"[0,1,2,3,4,5,6,7,8,9,10,11,12,13,14,15,16,17,18,19,20,21,22,23,25,26,30,31,33,34,35,36,37,39,40,41,42,52,61,74,80,82,84,85]",2,1072,65,0.060634328358209,1
"[0,1,2,3,4,5,6,7,8,9,10,11,12,13,14,15,16,17,18,19,20,21,22,23,25,26,30,31,33,34,35,36,37,39,40,41,42,52,61,74,80,82,84,85]",3,1072,9,0.0083955223880597,1
"[0,1,2,3,4,5,6,7,8,9,10,11,12,13,14,15,16,17,18,19,20,21,22,23,25,26,30,31,33,34,35,36,37,39,40,41,42,52,61,74,80,82,84,85]",4,1072,32,0.0298507462686567,1
"[0,1,2,3,4,5,6,7,8,9,10,11,12,13,14,15,16,17,18,19,20,21,22,23,25,26,30,31,33,34,35,36,37,39,40,41,42,52,61,74,80,82,84,85]",5,1072,36,0.0335820895522388,1
"[0,1,2,3,4,5,6,7,8,9,10,11,12,13,14,15,16,17,18,19,20,21,22,23,25,26,30,31,33,34,35,36,37,39,40,41,42,52,61,74,80,82,84,85]",6,1072,38,0.0354477611940298,1
"[0,1,2,3,4,5,6,7,8,9,10,11,12,13,14,15,16,17,18,19,20,21,22,23,25,26,30,31,33,34,35,36,37,39,40,41,42,52,61,74,80,82,84,85]",7,1072,148,0.138059701492537,1
"[0,1,2,3,4,5,6,7,8,9,10,11,12,13,14,15,16,17,18,19,20,21,22,23,25,26,30,31,33,34,35,36,37,39,40,41,42,52,61,74,80,82,84,85]",8,1072,15,0.0139925373134328,1
"[0,1,2,3,4,5,6,7,8,9,10,11,12,13,14,15,16,17,18,19,20,21,22,23,25,26,30,31,33,34,35,36,37,39,40,41,42,52,61,74,80,82,84,85]",9,1072,27,0.0251865671641791,1
"[0,1,2,3,4,5,6,7,8,9,10,11,12,13,14,15,16,17,18,19,20,21,22,23,25,26,30,31,33,34,35,36,37,39,40,41,42,52,61,74,80,82,84,85]",10,1072,24,0.0223880597014925,1
"[0,1,2,3,4,5,6,7,8,9,10,11,12,13,14,15,16,17,18,19,20,21,22,23,25,26,30,31,33,34,35,36,37,39,40,41,42,52,61,74,80,82,84,85]",11,1072,55,0.0513059701492537,1
"[0,1,2,3,4,5,6,7,8,9,10,11,12,13,14,15,16,17,18,19,20,21,22,23,25,26,30,31,33,34,35,36,37,39,40,41,42,52,61,74,80,82,84,85]",12,1072,18,0.0167910447761194,1
"[0,1,2,3,4,5,6,7,8,9,10,11,12,13,14,15,16,17,18,19,20,21,22,23,25,26,30,31,33,34,35,36,37,39,40,41,42,52,61,74,80,82,84,85]",13,1072,22,0.0205223880597015,1
"[0,1,2,3,4,5,6,7,8,9,10,11,12,13,14,15,16,17,18,19,20,21,22,23,25,26,30,31,33,34,35,36,37,39,40,41,42,52,61,74,80,82,84,85]",14,1072,12,0.0111940298507463,1
"[0,1,2,3,4,5,6,7,8,9,10,11,12,13,14,15,16,17,18,19,20,21,22,23,25,26,30,31,33,34,35,36,37,39,40,41,42,52,61,74,80,82,84,85]",15,1072,34,0.0317164179104478,1
"[0,1,2,3,4,5,6,7,8,9,10,11,12,13,14,15,16,17,18,19,20,21,22,23,25,26,30,31,33,34,35,36,37,39,40,41,42,52,61,74,80,82,84,85]",16,1072,7,0.00652985074626866,1
"[0,1,2,3,4,5,6,7,8,9,10,11,12,13,14,15,16,17,18,19,20,21,22,23,25,26,30,31,33,34,35,36,37,39,40,41,42,52,61,74,80,82,84,85]",17,1072,65,0.060634328358209,1
"[0,1,2,3,4,5,6,7,8,9,10,11,12,13,14,15,16,17,18,19,20,21,22,23,25,26,30,31,33,34,35,36,37,39,40,41,42,52,61,74,80,82,84,85]",18,1072,4,0.00373134328358209,1
"[0,1,2,3,4,5,6,7,8,9,10,11,12,13,14,15,16,17,18,19,20,21,22,23,25,26,30,31,33,34,35,36,37,39,40,41,42,52,61,74,80,82,84,85]",19,1072,30,0.0279850746268657,1
"[0,1,2,3,4,5,6,7,8,9,10,11,12,13,14,15,16,17,18,19,20,21,22,23,25,26,30,31,33,34,35,36,37,39,40,41,42,52,61,74,80,82,84,85]",20,1072,76,0.0708955223880597,1
"[0,1,2,3,4,5,6,7,8,9,10,11,12,13,14,15,16,17,18,19,20,21,22,23,25,26,30,31,33,34,35,36,37,39,40,41,42,52,61,74,80,82,84,85]",21,1072,1,0.000932835820895522,1
"[0,1,2,3,4,5,6,7,8,9,10,11,12,13,14,15,16,17,18,19,20,21,22,23,25,26,30,31,33,34,35,36,37,39,40,41,42,52,61,74,80,82,84,85]",22,1072,12,0.0111940298507463,1
"[0,1,2,3,4,5,6,7,8,9,10,11,12,13,14,15,16,17,18,19,20,21,22,23,25,26,30,31,33,34,35,36,37,39,40,41,42,52,61,74,80,82,84,85]",23,1072,24,0.0223880597014925,1
"[0,1,2,3,4,5,6,7,8,9,10,11,12,13,14,15,16,17,18,19,20,21,22,23,25,26,30,31,33,34,35,36,37,39,40,41,42,52,61,74,80,82,84,85]",25,1072,9,0.0083955223880597,1
"[0,1,2,3,4,5,6,7,8,9,10,11,12,13,14,15,16,17,18,19,20,21,22,23,25,26,30,31,33,34,35,36,37,39,40,41,42,52,61,74,80,82,84,85]",26,1072,32,0.0298507462686567,1
"[0,1,2,3,4,5,6,7,8,9,10,11,12,13,14,15,16,17,18,19,20,21,22,23,25,26,30,31,33,34,35,36,37,39,40,41,42,52,61,74,80,82,84,85]",30,1072,11,0.0102611940298507,1
"[0,1,2,3,4,5,6,7,8,9,10,11,12,13,14,15,16,17,18,19,20,21,22,23,25,26,30,31,33,34,35,36,37,39,40,41,42,52,61,74,80,82,84,85]",31,1072,17,0.0158582089552239,1
"[0,1,2,3,4,5,6,7,8,9,10,11,12,13,14,15,16,17,18,19,20,21,22,23,25,26,30,31,33,34,35,36,37,39,40,41,42,52,61,74,80,82,84,85]",33,1072,6,0.00559701492537313,1
"[0,1,2,3,4,5,6,7,8,9,10,11,12,13,14,15,16,17,18,19,20,21,22,23,25,26,30,31,33,34,35,36,37,39,40,41,42,52,61,74,80,82,84,85]",34,1072,3,0.00279850746268657,1
"[0,1,2,3,4,5,6,7,8,9,10,11,12,13,14,15,16,17,18,19,20,21,22,23,25,26,30,31,33,34,35,36,37,39,40,41,42,52,61,74,80,82,84,85]",35,1072,18,0.0167910447761194,1
"[0,1,2,3,4,5,6,7,8,9,10,11,12,13,14,15,16,17,18,19,20,21,22,23,25,26,30,31,33,34,35,36,37,39,40,41,42,52,61,74,80,82,84,85]",36,1072,12,0.0111940298507463,1
"[0,1,2,3,4,5,6,7,8,9,10,11,12,13,14,15,16,17,18,19,20,21,22,23,25,26,30,31,33,34,35,36,37,39,40,41,42,52,61,74,80,82,84,85]",37,1072,1,0.000932835820895522,1
"[0,1,2,3,4,5,6,7,8,9,10,11,12,13,14,15,16,17,18,19,20,21,22,23,25,26,30,31,33,34,35,36,37,39,40,41,42,52,61,74,80,82,84,85]",39,1072,5,0.00466417910447761,1
"[0,1,2,3,4,5,6,7,8,9,10,11,12,13,14,15,16,17,18,19,20,21,22,23,25,26,30,31,33,34,35,36,37,39,40,41,42,52,61,74,80,82,84,85]",40,1072,27,0.0251865671641791,1
"[0,1,2,3,4,5,6,7,8,9,10,11,12,13,14,15,16,17,18,19,20,21,22,23,25,26,30,31,33,34,35,36,37,39,40,41,42,52,61,74,80,82,84,85]",41,1072,12,0.0111940298507463,1
"[0,1,2,3,4,5,6,7,8,9,10,11,12,13,14,15,16,17,18,19,20,21,22,23,25,26,30,31,33,34,35,36,37,39,40,41,42,52,61,74,80,82,84,85]",42,1072,74,0.0690298507462687,1
"[0,1,2,3,4,5,6,7,8,9,10,11,12,13,14,15,16,17,18,19,20,21,22,23,25,26,30,31,33,34,35,36,37,39,40,41,42,52,61,74,80,82,84,85]",52,1072,10,0.00932835820895522,1
"[0,1,2,3,4,5,6,7,8,9,10,11,12,13,14,15,16,17,18,19,20,21,22,23,25,26,30,31,33,34,35,36,37,39,40,41,42,52,61,74,80,82,84,85]",61,1072,12,0.0111940298507463,1
"[0,1,2,3,4,5,6,7,8,9,10,11,12,13,14,15,16,17,18,19,20,21,22,23,25,26,30,31,33,34,35,36,37,39,40,41,42,52,61,74,80,82,84,85]",74,1072,15,0.0139925373134328,1
"[0,1,2,3,4,5,6,7,8,9,10,11,12,13,14,15,16,17,18,19,20,21,22,23,25,26,30,31,33,34,35,36,37,39,40,41,42,52,61,74,80,82,84,85]",80,1072,5,0.00466417910447761,1
"[0,1,2,3,4,5,6,7,8,9,10,11,12,13,14,15,16,17,18,19,20,21,22,23,25,26,30,31,33,34,35,36,37,39,40,41,42,52,61,74,80,82,84,85]",82,1072,2,0.00186567164179104,1
"[0,1,2,3,4,5,6,7,8,9,10,11,12,13,14,15,16,17,18,19,20,21,22,23,25,26,30,31,33,34,35,36,37,39,40,41,42,52,61,74,80,82,84,85]",84,1072,5,0.00466417910447761,1
"[0,1,2,3,4,5,6,7,8,9,10,11,12,13,14,15,16,17,18,19,20,21,22,23,25,26,30,31,33,34,35,36,37,39,40,41,42,52,61,74,80,82,84,85]",85,1072,5,0.00466417910447761,1
"[0,1,2,3,4,5,6,7,8,9,10,11,12,13,14,15,16,17,18,19,20,21,22,23,25,26,30,31,33,34,35,36,37,39,40,41,42,52,61,74]",0,2067,45,0.0217706821480406,2
"[0,1,2,3,4,5,6,7,8,9,10,11,12,13,14,15,16,17,18,19,20,21,22,23,25,26,30,31,33,34,35,36,37,39,40,41,42,52,61,74]",1,2067,46,0.0222544750846638,2
"[0,1,2,3,4,5,6,7,8,9,10,11,12,13,14,15,16,17,18,19,20,21,22,23,25,26,30,31,33,34,35,36,37,39,40,41,42,52,61,74]",2,2067,124,0.0599903241412675,2
"[0,1,2,3,4,5,6,7,8,9,10,11,12,13,14,15,16,17,18,19,20,21,22,23,25,26,30,31,33,34,35,36,37,39,40,41,42,52,61,74]",3,2067,36,0.0174165457184325,2
"[0,1,2,3,4,5,6,7,8,9,10,11,12,13,14,15,16,17,18,19,20,21,22,23,25,26,30,31,33,34,35,36,37,39,40,41,42,52,61,74]",4,2067,83,0.0401548137397194,2
"[0,1,2,3,4,5,6,7,8,9,10,11,12,13,14,15,16,17,18,19,20,21,22,23,25,26,30,31,33,34,35,36,37,39,40,41,42,52,61,74]",5,2067,57,0.0275761973875181,2
"[0,1,2,3,4,5,6,7,8,9,10,11,12,13,14,15,16,17,18,19,20,21,22,23,25,26,30,31,33,34,35,36,37,39,40,41,42,52,61,74]",6,2067,93,0.0449927431059507,2
"[0,1,2,3,4,5,6,7,8,9,10,11,12,13,14,15,16,17,18,19,20,21,22,23,25,26,30,31,33,34,35,36,37,39,40,41,42,52,61,74]",7,2067,212,0.102564102564103,2
"[0,1,2,3,4,5,6,7,8,9,10,11,12,13,14,15,16,17,18,19,20,21,22,23,25,26,30,31,33,34,35,36,37,39,40,41,42,52,61,74]",8,2067,31,0.0149975810353169,2
"[0,1,2,3,4,5,6,7,8,9,10,11,12,13,14,15,16,17,18,19,20,21,22,23,25,26,30,31,33,34,35,36,37,39,40,41,42,52,61,74]",9,2067,79,0.0382196419932269,2
"[0,1,2,3,4,5,6,7,8,9,10,11,12,13,14,15,16,17,18,19,20,21,22,23,25,26,30,31,33,34,35,36,37,39,40,41,42,52,61,74]",10,2067,46,0.0222544750846638,2
"[0,1,2,3,4,5,6,7,8,9,10,11,12,13,14,15,16,17,18,19,20,21,22,23,25,26,30,31,33,34,35,36,37,39,40,41,42,52,61,74]",11,2067,97,0.0469279148524432,2
"[0,1,2,3,4,5,6,7,8,9,10,11,12,13,14,15,16,17,18,19,20,21,22,23,25,26,30,31,33,34,35,36,37,39,40,41,42,52,61,74]",12,2067,36,0.0174165457184325,2
"[0,1,2,3,4,5,6,7,8,9,10,11,12,13,14,15,16,17,18,19,20,21,22,23,25,26,30,31,33,34,35,36,37,39,40,41,42,52,61,74]",13,2067,68,0.0328979196903725,2
"[0,1,2,3,4,5,6,7,8,9,10,11,12,13,14,15,16,17,18,19,20,21,22,23,25,26,30,31,33,34,35,36,37,39,40,41,42,52,61,74]",14,2067,47,0.0227382680212869,2
"[0,1,2,3,4,5,6,7,8,9,10,11,12,13,14,15,16,17,18,19,20,21,22,23,25,26,30,31,33,34,35,36,37,39,40,41,42,52,61,74]",15,2067,59,0.0285437832607644,2
"[0,1,2,3,4,5,6,7,8,9,10,11,12,13,14,15,16,17,18,19,20,21,22,23,25,26,30,31,33,34,35,36,37,39,40,41,42,52,61,74]",16,2067,12,0.0058055152394775,2
"[0,1,2,3,4,5,6,7,8,9,10,11,12,13,14,15,16,17,18,19,20,21,22,23,25,26,30,31,33,34,35,36,37,39,40,41,42,52,61,74]",17,2067,97,0.0469279148524432,2
"[0,1,2,3,4,5,6,7,8,9,10,11,12,13,14,15,16,17,18,19,20,21,22,23,25,26,30,31,33,34,35,36,37,39,40,41,42,52,61,74]",18,2067,63,0.0304789550072569,2
"[0,1,2,3,4,5,6,7,8,9,10,11,12,13,14,15,16,17,18,19,20,21,22,23,25,26,30,31,33,34,35,36,37,39,40,41,42,52,61,74]",19,2067,68,0.0328979196903725,2
"[0,1,2,3,4,5,6,7,8,9,10,11,12,13,14,15,16,17,18,19,20,21,22,23,25,26,30,31,33,34,35,36,37,39,40,41,42,52,61,74]",20,2067,126,0.0609579100145138,2
"[0,1,2,3,4,5,6,7,8,9,10,11,12,13,14,15,16,17,18,19,20,21,22,23,25,26,30,31,33,34,35,36,37,39,40,41,42,52,61,74]",21,2067,20,0.00967585873246251,2
"[0,1,2,3,4,5,6,7,8,9,10,11,12,13,14,15,16,17,18,19,20,21,22,23,25,26,30,31,33,34,35,36,37,39,40,41,42,52,61,74]",22,2067,17,0.00822447992259313,2
"[0,1,2,3,4,5,6,7,8,9,10,11,12,13,14,15,16,17,18,19,20,21,22,23,25,26,30,31,33,34,35,36,37,39,40,41,42,52,61,74]",23,2067,49,0.0237058538945331,2
"[0,1,2,3,4,5,6,7,8,9,10,11,12,13,14,15,16,17,18,19,20,21,22,23,25,26,30,31,33,34,35,36,37,39,40,41,42,52,61,74]",25,2067,17,0.00822447992259313,2
"[0,1,2,3,4,5,6,7,8,9,10,11,12,13,14,15,16,17,18,19,20,21,22,23,25,26,30,31,33,34,35,36,37,39,40,41,42,52,61,74]",26,2067,74,0.0358006773101113,2
"[0,1,2,3,4,5,6,7,8,9,10,11,12,13,14,15,16,17,18,19,20,21,22,23,25,26,30,31,33,34,35,36,37,39,40,41,42,52,61,74]",30,2067,23,0.0111272375423319,2
"[0,1,2,3,4,5,6,7,8,9,10,11,12,13,14,15,16,17,18,19,20,21,22,23,25,26,30,31,33,34,35,36,37,39,40,41,42,52,61,74]",31,2067,33,0.0159651669085631,2
"[0,1,2,3,4,5,6,7,8,9,10,11,12,13,14,15,16,17,18,19,20,21,22,23,25,26,30,31,33,34,35,36,37,39,40,41,42,52,61,74]",33,2067,7,0.00338655055636188,2
"[0,1,2,3,4,5,6,7,8,9,10,11,12,13,14,15,16,17,18,19,20,21,22,23,25,26,30,31,33,34,35,36,37,39,40,41,42,52,61,74]",34,2067,9,0.00435413642960813,2
"[0,1,2,3,4,5,6,7,8,9,10,11,12,13,14,15,16,17,18,19,20,21,22,23,25,26,30,31,33,34,35,36,37,39,40,41,42,52,61,74]",35,2067,30,0.0145137880986938,2
"[0,1,2,3,4,5,6,7,8,9,10,11,12,13,14,15,16,17,18,19,20,21,22,23,25,26,30,31,33,34,35,36,37,39,40,41,42,52,61,74]",36,2067,40,0.019351717464925,2
"[0,1,2,3,4,5,6,7,8,9,10,11,12,13,14,15,16,17,18,19,20,21,22,23,25,26,30,31,33,34,35,36,37,39,40,41,42,52,61,74]",37,2067,67,0.0324141267537494,2
"[0,1,2,3,4,5,6,7,8,9,10,11,12,13,14,15,16,17,18,19,20,21,22,23,25,26,30,31,33,34,35,36,37,39,40,41,42,52,61,74]",39,2067,11,0.00532172230285438,2
"[0,1,2,3,4,5,6,7,8,9,10,11,12,13,14,15,16,17,18,19,20,21,22,23,25,26,30,31,33,34,35,36,37,39,40,41,42,52,61,74]",40,2067,9,0.00435413642960813,2
"[0,1,2,3,4,5,6,7,8,9,10,11,12,13,14,15,16,17,18,19,20,21,22,23,25,26,30,31,33,34,35,36,37,39,40,41,42,52,61,74]",41,2067,17,0.00822447992259313,2
"[0,1,2,3,4,5,6,7,8,9,10,11,12,13,14,15,16,17,18,19,20,21,22,23,25,26,30,31,33,34,35,36,37,39,40,41,42,52,61,74]",42,2067,36,0.0174165457184325,2
"[0,1,2,3,4,5,6,7,8,9,10,11,12,13,14,15,16,17,18,19,20,21,22,23,25,26,30,31,33,34,35,36,37,39,40,41,42,52,61,74]",52,2067,21,0.0101596516690856,2
"[0,1,2,3,4,5,6,7,8,9,10,11,12,13,14,15,16,17,18,19,20,21,22,23,25,26,30,31,33,34,35,36,37,39,40,41,42,52,61,74]",61,2067,17,0.00822447992259313,2
"[0,1,2,3,4,5,6,7,8,9,10,11,12,13,14,15,16,17,18,19,20,21,22,23,25,26,30,31,33,34,35,36,37,39,40,41,42,52,61,74]",74,2067,45,0.0217706821480406,2
"[0,1,2,3,4,5,6,7,8,9,10,11,12,13,14,15,16,17,18,19,20,21,22,23,25,26,30,31,33,34,35,36,37,39,40,41,49,52,55,61,74]",0,3421,34,0.00993861444022216,2
"[0,1,2,3,4,5,6,7,8,9,10,11,12,13,14,15,16,17,18,19,20,21,22,23,25,26,30,31,33,34,35,36,37,39,40,41,49,52,55,61,74]",1,3421,580,0.169541069862613,2
"[0,1,2,3,4,5,6,7,8,9,10,11,12,13,14,15,16,17,18,19,20,21,22,23,25,26,30,31,33,34,35,36,37,39,40,41,49,52,55,61,74]",2,3421,104,0.0304004676995031,2
"[0,1,2,3,4,5,6,7,8,9,10,11,12,13,14,15,16,17,18,19,20,21,22,23,25,26,30,31,33,34,35,36,37,39,40,41,49,52,55,61,74]",3,3421,28,0.00818474130371236,2
"[0,1,2,3,4,5,6,7,8,9,10,11,12,13,14,15,16,17,18,19,20,21,22,23,25,26,30,31,33,34,35,36,37,39,40,41,49,52,55,61,74]",4,3421,226,0.0660625548085355,2
"[0,1,2,3,4,5,6,7,8,9,10,11,12,13,14,15,16,17,18,19,20,21,22,23,25,26,30,31,33,34,35,36,37,39,40,41,49,52,55,61,74]",5,3421,315,0.0920783396667641,2
"[0,1,2,3,4,5,6,7,8,9,10,11,12,13,14,15,16,17,18,19,20,21,22,23,25,26,30,31,33,34,35,36,37,39,40,41,49,52,55,61,74]",6,3421,19,0.00555393159894768,2
"[0,1,2,3,4,5,6,7,8,9,10,11,12,13,14,15,16,17,18,19,20,21,22,23,25,26,30,31,33,34,35,36,37,39,40,41,49,52,55,61,74]",7,3421,278,0.0812627886582871,2
"[0,1,2,3,4,5,6,7,8,9,10,11,12,13,14,15,16,17,18,19,20,21,22,23,25,26,30,31,33,34,35,36,37,39,40,41,49,52,55,61,74]",8,3421,212,0.0619701841566793,2
"[0,1,2,3,4,5,6,7,8,9,10,11,12,13,14,15,16,17,18,19,20,21,22,23,25,26,30,31,33,34,35,36,37,39,40,41,49,52,55,61,74]",9,3421,38,0.0111078631978954,2
"[0,1,2,3,4,5,6,7,8,9,10,11,12,13,14,15,16,17,18,19,20,21,22,23,25,26,30,31,33,34,35,36,37,39,40,41,49,52,55,61,74]",10,3421,43,0.0125694241449868,2
"[0,1,2,3,4,5,6,7,8,9,10,11,12,13,14,15,16,17,18,19,20,21,22,23,25,26,30,31,33,34,35,36,37,39,40,41,49,52,55,61,74]",11,3421,108,0.0315697164571763,2
"[0,1,2,3,4,5,6,7,8,9,10,11,12,13,14,15,16,17,18,19,20,21,22,23,25,26,30,31,33,34,35,36,37,39,40,41,49,52,55,61,74]",12,3421,22,0.00643086816720257,2
"[0,1,2,3,4,5,6,7,8,9,10,11,12,13,14,15,16,17,18,19,20,21,22,23,25,26,30,31,33,34,35,36,37,39,40,41,49,52,55,61,74]",13,3421,80,0.0233849751534639,2
"[0,1,2,3,4,5,6,7,8,9,10,11,12,13,14,15,16,17,18,19,20,21,22,23,25,26,30,31,33,34,35,36,37,39,40,41,49,52,55,61,74]",14,3421,38,0.0111078631978954,2
"[0,1,2,3,4,5,6,7,8,9,10,11,12,13,14,15,16,17,18,19,20,21,22,23,25,26,30,31,33,34,35,36,37,39,40,41,49,52,55,61,74]",15,3421,198,0.0578778135048231,2
"[0,1,2,3,4,5,6,7,8,9,10,11,12,13,14,15,16,17,18,19,20,21,22,23,25,26,30,31,33,34,35,36,37,39,40,41,49,52,55,61,74]",16,3421,12,0.00350774627301958,2
"[0,1,2,3,4,5,6,7,8,9,10,11,12,13,14,15,16,17,18,19,20,21,22,23,25,26,30,31,33,34,35,36,37,39,40,41,49,52,55,61,74]",17,3421,75,0.0219234142063724,2
"[0,1,2,3,4,5,6,7,8,9,10,11,12,13,14,15,16,17,18,19,20,21,22,23,25,26,30,31,33,34,35,36,37,39,40,41,49,52,55,61,74]",18,3421,52,0.0152002338497515,2
"[0,1,2,3,4,5,6,7,8,9,10,11,12,13,14,15,16,17,18,19,20,21,22,23,25,26,30,31,33,34,35,36,37,39,40,41,49,52,55,61,74]",19,3421,44,0.0128617363344051,2
"[0,1,2,3,4,5,6,7,8,9,10,11,12,13,14,15,16,17,18,19,20,21,22,23,25,26,30,31,33,34,35,36,37,39,40,41,49,52,55,61,74]",20,3421,76,0.0222157263957907,2
"[0,1,2,3,4,5,6,7,8,9,10,11,12,13,14,15,16,17,18,19,20,21,22,23,25,26,30,31,33,34,35,36,37,39,40,41,49,52,55,61,74]",21,3421,24,0.00701549254603917,2
"[0,1,2,3,4,5,6,7,8,9,10,11,12,13,14,15,16,17,18,19,20,21,22,23,25,26,30,31,33,34,35,36,37,39,40,41,49,52,55,61,74]",22,3421,14,0.00409237065185618,2
"[0,1,2,3,4,5,6,7,8,9,10,11,12,13,14,15,16,17,18,19,20,21,22,23,25,26,30,31,33,34,35,36,37,39,40,41,49,52,55,61,74]",23,3421,45,0.0131540485238234,2
"[0,1,2,3,4,5,6,7,8,9,10,11,12,13,14,15,16,17,18,19,20,21,22,23,25,26,30,31,33,34,35,36,37,39,40,41,49,52,55,61,74]",25,3421,23,0.00672318035662087,2
"[0,1,2,3,4,5,6,7,8,9,10,11,12,13,14,15,16,17,18,19,20,21,22,23,25,26,30,31,33,34,35,36,37,39,40,41,49,52,55,61,74]",26,3421,435,0.12715580239696,2
"[0,1,2,3,4,5,6,7,8,9,10,11,12,13,14,15,16,17,18,19,20,21,22,23,25,26,30,31,33,34,35,36,37,39,40,41,49,52,55,61,74]",30,3421,12,0.00350774627301958,2
"[0,1,2,3,4,5,6,7,8,9,10,11,12,13,14,15,16,17,18,19,20,21,22,23,25,26,30,31,33,34,35,36,37,39,40,41,49,52,55,61,74]",31,3421,31,0.00906167787196726,2
"[0,1,2,3,4,5,6,7,8,9,10,11,12,13,14,15,16,17,18,19,20,21,22,23,25,26,30,31,33,34,35,36,37,39,40,41,49,52,55,61,74]",33,3421,6,0.00175387313650979,2
"[0,1,2,3,4,5,6,7,8,9,10,11,12,13,14,15,16,17,18,19,20,21,22,23,25,26,30,31,33,34,35,36,37,39,40,41,49,52,55,61,74]",34,3421,27,0.00789242911429407,2
"[0,1,2,3,4,5,6,7,8,9,10,11,12,13,14,15,16,17,18,19,20,21,22,23,25,26,30,31,33,34,35,36,37,39,40,41,49,52,55,61,74]",35,3421,33,0.00964630225080386,2
"[0,1,2,3,4,5,6,7,8,9,10,11,12,13,14,15,16,17,18,19,20,21,22,23,25,26,30,31,33,34,35,36,37,39,40,41,49,52,55,61,74]",36,3421,19,0.00555393159894768,2
"[0,1,2,3,4,5,6,7,8,9,10,11,12,13,14,15,16,17,18,19,20,21,22,23,25,26,30,31,33,34,35,36,37,39,40,41,49,52,55,61,74]",37,3421,63,0.0184156679333528,2
"[0,1,2,3,4,5,6,7,8,9,10,11,12,13,14,15,16,17,18,19,20,21,22,23,25,26,30,31,33,34,35,36,37,39,40,41,49,52,55,61,74]",39,3421,7,0.00204618532592809,2
"[0,1,2,3,4,5,6,7,8,9,10,11,12,13,14,15,16,17,18,19,20,21,22,23,25,26,30,31,33,34,35,36,37,39,40,41,49,52,55,61,74]",40,3421,4,0.00116924875767319,2
"[0,1,2,3,4,5,6,7,8,9,10,11,12,13,14,15,16,17,18,19,20,21,22,23,25,26,30,31,33,34,35,36,37,39,40,41,49,52,55,61,74]",41,3421,14,0.00409237065185618,2
"[0,1,2,3,4,5,6,7,8,9,10,11,12,13,14,15,16,17,18,19,20,21,22,23,25,26,30,31,33,34,35,36,37,39,40,41,49,52,55,61,74]",49,3421,9,0.00263080970476469,2
"[0,1,2,3,4,5,6,7,8,9,10,11,12,13,14,15,16,17,18,19,20,21,22,23,25,26,30,31,33,34,35,36,37,39,40,41,49,52,55,61,74]",52,3421,11,0.00321543408360129,2
"[0,1,2,3,4,5,6,7,8,9,10,11,12,13,14,15,16,17,18,19,20,21,22,23,25,26,30,31,33,34,35,36,37,39,40,41,49,52,55,61,74]",55,3421,13,0.00380005846243788,2
"[0,1,2,3,4,5,6,7,8,9,10,11,12,13,14,15,16,17,18,19,20,21,22,23,25,26,30,31,33,34,35,36,37,39,40,41,49,52,55,61,74]",61,3421,8,0.00233849751534639,2
"[0,1,2,3,4,5,6,7,8,9,10,11,12,13,14,15,16,17,18,19,20,21,22,23,25,26,30,31,33,34,35,36,37,39,40,41,49,52,55,61,74]",74,3421,41,0.0119847997661502,2
"[0,1,2,3,4,5,6,7,8,9,10,11,12,13,14,15,16,17,18,19,20,21,22,23,25,26,30,31,33,34,35,36,37,39,40,41,49,52,61,74]",0,22961,179,0.00779582770785245,10
"[0,1,2,3,4,5,6,7,8,9,10,11,12,13,14,15,16,17,18,19,20,21,22,23,25,26,30,31,33,34,35,36,37,39,40,41,49,52,61,74]",1,22961,1461,0.0636296328557119,10
"[0,1,2,3,4,5,6,7,8,9,10,11,12,13,14,15,16,17,18,19,20,21,22,23,25,26,30,31,33,34,35,36,37,39,40,41,49,52,61,74]",2,22961,429,0.018683855232786,10
"[0,1,2,3,4,5,6,7,8,9,10,11,12,13,14,15,16,17,18,19,20,21,22,23,25,26,30,31,33,34,35,36,37,39,40,41,49,52,61,74]",3,22961,528,0.0229955141326597,10
"[0,1,2,3,4,5,6,7,8,9,10,11,12,13,14,15,16,17,18,19,20,21,22,23,25,26,30,31,33,34,35,36,37,39,40,41,49,52,61,74]",4,22961,502,0.0218631592700666,10
"[0,1,2,3,4,5,6,7,8,9,10,11,12,13,14,15,16,17,18,19,20,21,22,23,25,26,30,31,33,34,35,36,37,39,40,41,49,52,61,74]",5,22961,348,0.0151561343147075,10
"[0,1,2,3,4,5,6,7,8,9,10,11,12,13,14,15,16,17,18,19,20,21,22,23,25,26,30,31,33,34,35,36,37,39,40,41,49,52,61,74]",6,22961,469,0.0204259396367754,10
"[0,1,2,3,4,5,6,7,8,9,10,11,12,13,14,15,16,17,18,19,20,21,22,23,25,26,30,31,33,34,35,36,37,39,40,41,49,52,61,74]",7,22961,5847,0.254649187753147,10
"[0,1,2,3,4,5,6,7,8,9,10,11,12,13,14,15,16,17,18,19,20,21,22,23,25,26,30,31,33,34,35,36,37,39,40,41,49,52,61,74]",8,22961,796,0.0346674796393885,10
"[0,1,2,3,4,5,6,7,8,9,10,11,12,13,14,15,16,17,18,19,20,21,22,23,25,26,30,31,33,34,35,36,37,39,40,41,49,52,61,74]",9,22961,995,0.0433343495492357,10
"[0,1,2,3,4,5,6,7,8,9,10,11,12,13,14,15,16,17,18,19,20,21,22,23,25,26,30,31,33,34,35,36,37,39,40,41,49,52,61,74]",10,22961,1070,0.0466007578067157,10
"[0,1,2,3,4,5,6,7,8,9,10,11,12,13,14,15,16,17,18,19,20,21,22,23,25,26,30,31,33,34,35,36,37,39,40,41,49,52,61,74]",11,22961,1754,0.076390401114934,10
"[0,1,2,3,4,5,6,7,8,9,10,11,12,13,14,15,16,17,18,19,20,21,22,23,25,26,30,31,33,34,35,36,37,39,40,41,49,52,61,74]",12,22961,170,0.00740385871695484,10
"[0,1,2,3,4,5,6,7,8,9,10,11,12,13,14,15,16,17,18,19,20,21,22,23,25,26,30,31,33,34,35,36,37,39,40,41,49,52,61,74]",13,22961,732,0.0318801445930055,10
"[0,1,2,3,4,5,6,7,8,9,10,11,12,13,14,15,16,17,18,19,20,21,22,23,25,26,30,31,33,34,35,36,37,39,40,41,49,52,61,74]",14,22961,177,0.00770872348765298,10
"[0,1,2,3,4,5,6,7,8,9,10,11,12,13,14,15,16,17,18,19,20,21,22,23,25,26,30,31,33,34,35,36,37,39,40,41,49,52,61,74]",15,22961,326,0.0141979878925134,10
"[0,1,2,3,4,5,6,7,8,9,10,11,12,13,14,15,16,17,18,19,20,21,22,23,25,26,30,31,33,34,35,36,37,39,40,41,49,52,61,74]",16,22961,41,0.00178563651408911,10
"[0,1,2,3,4,5,6,7,8,9,10,11,12,13,14,15,16,17,18,19,20,21,22,23,25,26,30,31,33,34,35,36,37,39,40,41,49,52,61,74]",17,22961,464,0.0202081790862767,10
"[0,1,2,3,4,5,6,7,8,9,10,11,12,13,14,15,16,17,18,19,20,21,22,23,25,26,30,31,33,34,35,36,37,39,40,41,49,52,61,74]",18,22961,1231,0.053612647532773,10
"[0,1,2,3,4,5,6,7,8,9,10,11,12,13,14,15,16,17,18,19,20,21,22,23,25,26,30,31,33,34,35,36,37,39,40,41,49,52,61,74]",19,22961,1289,0.0561386699185576,10
"[0,1,2,3,4,5,6,7,8,9,10,11,12,13,14,15,16,17,18,19,20,21,22,23,25,26,30,31,33,34,35,36,37,39,40,41,49,52,61,74]",20,22961,423,0.0184225425721876,10
"[0,1,2,3,4,5,6,7,8,9,10,11,12,13,14,15,16,17,18,19,20,21,22,23,25,26,30,31,33,34,35,36,37,39,40,41,49,52,61,74]",21,22961,116,0.00505204477156918,10
"[0,1,2,3,4,5,6,7,8,9,10,11,12,13,14,15,16,17,18,19,20,21,22,23,25,26,30,31,33,34,35,36,37,39,40,41,49,52,61,74]",22,22961,95,0.00413745045947476,10
"[0,1,2,3,4,5,6,7,8,9,10,11,12,13,14,15,16,17,18,19,20,21,22,23,25,26,30,31,33,34,35,36,37,39,40,41,49,52,61,74]",23,22961,207,0.00901528679064501,10
"[0,1,2,3,4,5,6,7,8,9,10,11,12,13,14,15,16,17,18,19,20,21,22,23,25,26,30,31,33,34,35,36,37,39,40,41,49,52,61,74]",25,22961,93,0.00405034623927529,10
"[0,1,2,3,4,5,6,7,8,9,10,11,12,13,14,15,16,17,18,19,20,21,22,23,25,26,30,31,33,34,35,36,37,39,40,41,49,52,61,74]",26,22961,729,0.0317494882627063,10
"[0,1,2,3,4,5,6,7,8,9,10,11,12,13,14,15,16,17,18,19,20,21,22,23,25,26,30,31,33,34,35,36,37,39,40,41,49,52,61,74]",30,22961,94,0.00409389834937503,10
"[0,1,2,3,4,5,6,7,8,9,10,11,12,13,14,15,16,17,18,19,20,21,22,23,25,26,30,31,33,34,35,36,37,39,40,41,49,52,61,74]",31,22961,138,0.00601019119376334,10
"[0,1,2,3,4,5,6,7,8,9,10,11,12,13,14,15,16,17,18,19,20,21,22,23,25,26,30,31,33,34,35,36,37,39,40,41,49,52,61,74]",33,22961,32,0.0013936675231915,10
"[0,1,2,3,4,5,6,7,8,9,10,11,12,13,14,15,16,17,18,19,20,21,22,23,25,26,30,31,33,34,35,36,37,39,40,41,49,52,61,74]",34,22961,95,0.00413745045947476,10
"[0,1,2,3,4,5,6,7,8,9,10,11,12,13,14,15,16,17,18,19,20,21,22,23,25,26,30,31,33,34,35,36,37,39,40,41,49,52,61,74]",35,22961,157,0.00683768128565829,10
"[0,1,2,3,4,5,6,7,8,9,10,11,12,13,14,15,16,17,18,19,20,21,22,23,25,26,30,31,33,34,35,36,37,39,40,41,49,52,61,74]",36,22961,156,0.00679412917555856,10
"[0,1,2,3,4,5,6,7,8,9,10,11,12,13,14,15,16,17,18,19,20,21,22,23,25,26,30,31,33,34,35,36,37,39,40,41,49,52,61,74]",37,22961,1143,0.0497800618439963,10
"[0,1,2,3,4,5,6,7,8,9,10,11,12,13,14,15,16,17,18,19,20,21,22,23,25,26,30,31,33,34,35,36,37,39,40,41,49,52,61,74]",39,22961,50,0.00217760550498672,10
"[0,1,2,3,4,5,6,7,8,9,10,11,12,13,14,15,16,17,18,19,20,21,22,23,25,26,30,31,33,34,35,36,37,39,40,41,49,52,61,74]",40,22961,74,0.00322285614738034,10
"[0,1,2,3,4,5,6,7,8,9,10,11,12,13,14,15,16,17,18,19,20,21,22,23,25,26,30,31,33,34,35,36,37,39,40,41,49,52,61,74]",41,22961,103,0.00448586734027264,10
"[0,1,2,3,4,5,6,7,8,9,10,11,12,13,14,15,16,17,18,19,20,21,22,23,25,26,30,31,33,34,35,36,37,39,40,41,49,52,61,74]",49,22961,45,0.00195984495448805,10
"[0,1,2,3,4,5,6,7,8,9,10,11,12,13,14,15,16,17,18,19,20,21,22,23,25,26,30,31,33,34,35,36,37,39,40,41,49,52,61,74]",52,22961,96,0.0041810025695745,10
"[0,1,2,3,4,5,6,7,8,9,10,11,12,13,14,15,16,17,18,19,20,21,22,23,25,26,30,31,33,34,35,36,37,39,40,41,49,52,61,74]",61,22961,98,0.00426810678977396,10
"[0,1,2,3,4,5,6,7,8,9,10,11,12,13,14,15,16,17,18,19,20,21,22,23,25,26,30,31,33,34,35,36,37,39,40,41,49,52,61,74]",74,22961,209,0.00910239101084448,10
"[0,1,2,3,4,5,6,7,8,9,10,11,12,13,14,15,16,17,18,19,20,21,22,23,25,26,30,31,33,34,35,36,39,40,41,42,49,52,61,67,74,82]",0,1203,25,0.0207813798836243,1
"[0,1,2,3,4,5,6,7,8,9,10,11,12,13,14,15,16,17,18,19,20,21,22,23,25,26,30,31,33,34,35,36,39,40,41,42,49,52,61,67,74,82]",1,1203,22,0.0182876142975894,1
"[0,1,2,3,4,5,6,7,8,9,10,11,12,13,14,15,16,17,18,19,20,21,22,23,25,26,30,31,33,34,35,36,39,40,41,42,49,52,61,67,74,82]",2,1203,33,0.027431421446384,1
"[0,1,2,3,4,5,6,7,8,9,10,11,12,13,14,15,16,17,18,19,20,21,22,23,25,26,30,31,33,34,35,36,39,40,41,42,49,52,61,67,74,82]",3,1203,12,0.00997506234413965,1
"[0,1,2,3,4,5,6,7,8,9,10,11,12,13,14,15,16,17,18,19,20,21,22,23,25,26,30,31,33,34,35,36,39,40,41,42,49,52,61,67,74,82]",4,1203,156,0.129675810473815,1
"[0,1,2,3,4,5,6,7,8,9,10,11,12,13,14,15,16,17,18,19,20,21,22,23,25,26,30,31,33,34,35,36,39,40,41,42,49,52,61,67,74,82]",5,1203,45,0.0374064837905237,1
"[0,1,2,3,4,5,6,7,8,9,10,11,12,13,14,15,16,17,18,19,20,21,22,23,25,26,30,31,33,34,35,36,39,40,41,42,49,52,61,67,74,82]",6,1203,29,0.0241064006650042,1
"[0,1,2,3,4,5,6,7,8,9,10,11,12,13,14,15,16,17,18,19,20,21,22,23,25,26,30,31,33,34,35,36,39,40,41,42,49,52,61,67,74,82]",7,1203,161,0.13383208645054,1
"[0,1,2,3,4,5,6,7,8,9,10,11,12,13,14,15,16,17,18,19,20,21,22,23,25,26,30,31,33,34,35,36,39,40,41,42,49,52,61,67,74,82]",8,1203,8,0.00665004156275977,1
"[0,1,2,3,4,5,6,7,8,9,10,11,12,13,14,15,16,17,18,19,20,21,22,23,25,26,30,31,33,34,35,36,39,40,41,42,49,52,61,67,74,82]",9,1203,32,0.0266001662510391,1
"[0,1,2,3,4,5,6,7,8,9,10,11,12,13,14,15,16,17,18,19,20,21,22,23,25,26,30,31,33,34,35,36,39,40,41,42,49,52,61,67,74,82]",10,1203,25,0.0207813798836243,1
"[0,1,2,3,4,5,6,7,8,9,10,11,12,13,14,15,16,17,18,19,20,21,22,23,25,26,30,31,33,34,35,36,39,40,41,42,49,52,61,67,74,82]",11,1203,54,0.0448877805486284,1
"[0,1,2,3,4,5,6,7,8,9,10,11,12,13,14,15,16,17,18,19,20,21,22,23,25,26,30,31,33,34,35,36,39,40,41,42,49,52,61,67,74,82]",12,1203,32,0.0266001662510391,1
"[0,1,2,3,4,5,6,7,8,9,10,11,12,13,14,15,16,17,18,19,20,21,22,23,25,26,30,31,33,34,35,36,39,40,41,42,49,52,61,67,74,82]",13,1203,46,0.0382377389858687,1
"[0,1,2,3,4,5,6,7,8,9,10,11,12,13,14,15,16,17,18,19,20,21,22,23,25,26,30,31,33,34,35,36,39,40,41,42,49,52,61,67,74,82]",14,1203,16,0.0133000831255195,1
"[0,1,2,3,4,5,6,7,8,9,10,11,12,13,14,15,16,17,18,19,20,21,22,23,25,26,30,31,33,34,35,36,39,40,41,42,49,52,61,67,74,82]",15,1203,85,0.0706566916043225,1
"[0,1,2,3,4,5,6,7,8,9,10,11,12,13,14,15,16,17,18,19,20,21,22,23,25,26,30,31,33,34,35,36,39,40,41,42,49,52,61,67,74,82]",16,1203,5,0.00415627597672485,1
"[0,1,2,3,4,5,6,7,8,9,10,11,12,13,14,15,16,17,18,19,20,21,22,23,25,26,30,31,33,34,35,36,39,40,41,42,49,52,61,67,74,82]",17,1203,54,0.0448877805486284,1
"[0,1,2,3,4,5,6,7,8,9,10,11,12,13,14,15,16,17,18,19,20,21,22,23,25,26,30,31,33,34,35,36,39,40,41,42,49,52,61,67,74,82]",18,1203,31,0.0257689110556941,1
"[0,1,2,3,4,5,6,7,8,9,10,11,12,13,14,15,16,17,18,19,20,21,22,23,25,26,30,31,33,34,35,36,39,40,41,42,49,52,61,67,74,82]",19,1203,24,0.0199501246882793,1
"[0,1,2,3,4,5,6,7,8,9,10,11,12,13,14,15,16,17,18,19,20,21,22,23,25,26,30,31,33,34,35,36,39,40,41,42,49,52,61,67,74,82]",20,1203,22,0.0182876142975894,1
"[0,1,2,3,4,5,6,7,8,9,10,11,12,13,14,15,16,17,18,19,20,21,22,23,25,26,30,31,33,34,35,36,39,40,41,42,49,52,61,67,74,82]",21,1203,6,0.00498753117206983,1
"[0,1,2,3,4,5,6,7,8,9,10,11,12,13,14,15,16,17,18,19,20,21,22,23,25,26,30,31,33,34,35,36,39,40,41,42,49,52,61,67,74,82]",22,1203,6,0.00498753117206983,1
"[0,1,2,3,4,5,6,7,8,9,10,11,12,13,14,15,16,17,18,19,20,21,22,23,25,26,30,31,33,34,35,36,39,40,41,42,49,52,61,67,74,82]",23,1203,93,0.0773067331670823,1
"[0,1,2,3,4,5,6,7,8,9,10,11,12,13,14,15,16,17,18,19,20,21,22,23,25,26,30,31,33,34,35,36,39,40,41,42,49,52,61,67,74,82]",25,1203,5,0.00415627597672485,1
"[0,1,2,3,4,5,6,7,8,9,10,11,12,13,14,15,16,17,18,19,20,21,22,23,25,26,30,31,33,34,35,36,39,40,41,42,49,52,61,67,74,82]",26,1203,16,0.0133000831255195,1
"[0,1,2,3,4,5,6,7,8,9,10,11,12,13,14,15,16,17,18,19,20,21,22,23,25,26,30,31,33,34,35,36,39,40,41,42,49,52,61,67,74,82]",30,1203,1,0.000831255195344971,1
"[0,1,2,3,4,5,6,7,8,9,10,11,12,13,14,15,16,17,18,19,20,21,22,23,25,26,30,31,33,34,35,36,39,40,41,42,49,52,61,67,74,82]",31,1203,62,0.0515378221113882,1
"[0,1,2,3,4,5,6,7,8,9,10,11,12,13,14,15,16,17,18,19,20,21,22,23,25,26,30,31,33,34,35,36,39,40,41,42,49,52,61,67,74,82]",33,1203,3,0.00249376558603491,1
"[0,1,2,3,4,5,6,7,8,9,10,11,12,13,14,15,16,17,18,19,20,21,22,23,25,26,30,31,33,34,35,36,39,40,41,42,49,52,61,67,74,82]",34,1203,9,0.00748129675810474,1
"[0,1,2,3,4,5,6,7,8,9,10,11,12,13,14,15,16,17,18,19,20,21,22,23,25,26,30,31,33,34,35,36,39,40,41,42,49,52,61,67,74,82]",35,1203,17,0.0141313383208645,1
"[0,1,2,3,4,5,6,7,8,9,10,11,12,13,14,15,16,17,18,19,20,21,22,23,25,26,30,31,33,34,35,36,39,40,41,42,49,52,61,67,74,82]",36,1203,4,0.00332502078137988,1
"[0,1,2,3,4,5,6,7,8,9,10,11,12,13,14,15,16,17,18,19,20,21,22,23,25,26,30,31,33,34,35,36,39,40,41,42,49,52,61,67,74,82]",39,1203,10,0.00831255195344971,1
"[0,1,2,3,4,5,6,7,8,9,10,11,12,13,14,15,16,17,18,19,20,21,22,23,25,26,30,31,33,34,35,36,39,40,41,42,49,52,61,67,74,82]",40,1203,4,0.00332502078137988,1
"[0,1,2,3,4,5,6,7,8,9,10,11,12,13,14,15,16,17,18,19,20,21,22,23,25,26,30,31,33,34,35,36,39,40,41,42,49,52,61,67,74,82]",41,1203,12,0.00997506234413965,1
"[0,1,2,3,4,5,6,7,8,9,10,11,12,13,14,15,16,17,18,19,20,21,22,23,25,26,30,31,33,34,35,36,39,40,41,42,49,52,61,67,74,82]",42,1203,9,0.00748129675810474,1
"[0,1,2,3,4,5,6,7,8,9,10,11,12,13,14,15,16,17,18,19,20,21,22,23,25,26,30,31,33,34,35,36,39,40,41,42,49,52,61,67,74,82]",49,1203,5,0.00415627597672485,1
"[0,1,2,3,4,5,6,7,8,9,10,11,12,13,14,15,16,17,18,19,20,21,22,23,25,26,30,31,33,34,35,36,39,40,41,42,49,52,61,67,74,82]",52,1203,3,0.00249376558603491,1
"[0,1,2,3,4,5,6,7,8,9,10,11,12,13,14,15,16,17,18,19,20,21,22,23,25,26,30,31,33,34,35,36,39,40,41,42,49,52,61,67,74,82]",61,1203,4,0.00332502078137988,1
"[0,1,2,3,4,5,6,7,8,9,10,11,12,13,14,15,16,17,18,19,20,21,22,23,25,26,30,31,33,34,35,36,39,40,41,42,49,52,61,67,74,82]",67,1203,5,0.00415627597672485,1
"[0,1,2,3,4,5,6,7,8,9,10,11,12,13,14,15,16,17,18,19,20,21,22,23,25,26,30,31,33,34,35,36,39,40,41,42,49,52,61,67,74,82]",74,1203,11,0.00914380714879468,1
"[0,1,2,3,4,5,6,7,8,9,10,11,12,13,14,15,16,17,18,19,20,21,22,23,25,26,30,31,33,34,35,36,39,40,41,42,49,52,61,67,74,82]",82,1203,1,0.000831255195344971,1
"[0,1,2,3,4,5,6,7,8,9,10,11,12,13,14,15,16,17,18,19,20,21,22,23,25,26,30,31,33,34,35,36,39,40,41,42,49,52,61,74]",0,6848,70,0.0102219626168224,4
"[0,1,2,3,4,5,6,7,8,9,10,11,12,13,14,15,16,17,18,19,20,21,22,23,25,26,30,31,33,34,35,36,39,40,41,42,49,52,61,74]",1,6848,92,0.0134345794392523,4
"[0,1,2,3,4,5,6,7,8,9,10,11,12,13,14,15,16,17,18,19,20,21,22,23,25,26,30,31,33,34,35,36,39,40,41,42,49,52,61,74]",2,6848,209,0.0305198598130841,4
"[0,1,2,3,4,5,6,7,8,9,10,11,12,13,14,15,16,17,18,19,20,21,22,23,25,26,30,31,33,34,35,36,39,40,41,42,49,52,61,74]",3,6848,94,0.0137266355140187,4
"[0,1,2,3,4,5,6,7,8,9,10,11,12,13,14,15,16,17,18,19,20,21,22,23,25,26,30,31,33,34,35,36,39,40,41,42,49,52,61,74]",4,6848,847,0.123685747663551,4
"[0,1,2,3,4,5,6,7,8,9,10,11,12,13,14,15,16,17,18,19,20,21,22,23,25,26,30,31,33,34,35,36,39,40,41,42,49,52,61,74]",5,6848,424,0.0619158878504673,4
"[0,1,2,3,4,5,6,7,8,9,10,11,12,13,14,15,16,17,18,19,20,21,22,23,25,26,30,31,33,34,35,36,39,40,41,42,49,52,61,74]",6,6848,1376,0.200934579439252,4
"[0,1,2,3,4,5,6,7,8,9,10,11,12,13,14,15,16,17,18,19,20,21,22,23,25,26,30,31,33,34,35,36,39,40,41,42,49,52,61,74]",7,6848,539,0.0787091121495327,4
"[0,1,2,3,4,5,6,7,8,9,10,11,12,13,14,15,16,17,18,19,20,21,22,23,25,26,30,31,33,34,35,36,39,40,41,42,49,52,61,74]",8,6848,53,0.00773948598130841,4
"[0,1,2,3,4,5,6,7,8,9,10,11,12,13,14,15,16,17,18,19,20,21,22,23,25,26,30,31,33,34,35,36,39,40,41,42,49,52,61,74]",9,6848,139,0.0202978971962617,4
"[0,1,2,3,4,5,6,7,8,9,10,11,12,13,14,15,16,17,18,19,20,21,22,23,25,26,30,31,33,34,35,36,39,40,41,42,49,52,61,74]",10,6848,87,0.0127044392523364,4
"[0,1,2,3,4,5,6,7,8,9,10,11,12,13,14,15,16,17,18,19,20,21,22,23,25,26,30,31,33,34,35,36,39,40,41,42,49,52,61,74]",11,6848,230,0.0335864485981308,4
"[0,1,2,3,4,5,6,7,8,9,10,11,12,13,14,15,16,17,18,19,20,21,22,23,25,26,30,31,33,34,35,36,39,40,41,42,49,52,61,74]",12,6848,78,0.0113901869158878,4
"[0,1,2,3,4,5,6,7,8,9,10,11,12,13,14,15,16,17,18,19,20,21,22,23,25,26,30,31,33,34,35,36,39,40,41,42,49,52,61,74]",13,6848,154,0.0224883177570093,4
"[0,1,2,3,4,5,6,7,8,9,10,11,12,13,14,15,16,17,18,19,20,21,22,23,25,26,30,31,33,34,35,36,39,40,41,42,49,52,61,74]",14,6848,52,0.00759345794392523,4
"[0,1,2,3,4,5,6,7,8,9,10,11,12,13,14,15,16,17,18,19,20,21,22,23,25,26,30,31,33,34,35,36,39,40,41,42,49,52,61,74]",15,6848,497,0.0725759345794393,4
"[0,1,2,3,4,5,6,7,8,9,10,11,12,13,14,15,16,17,18,19,20,21,22,23,25,26,30,31,33,34,35,36,39,40,41,42,49,52,61,74]",16,6848,18,0.0026285046728972,4
"[0,1,2,3,4,5,6,7,8,9,10,11,12,13,14,15,16,17,18,19,20,21,22,23,25,26,30,31,33,34,35,36,39,40,41,42,49,52,61,74]",17,6848,770,0.112441588785047,4
"[0,1,2,3,4,5,6,7,8,9,10,11,12,13,14,15,16,17,18,19,20,21,22,23,25,26,30,31,33,34,35,36,39,40,41,42,49,52,61,74]",18,6848,45,0.00657126168224299,4
"[0,1,2,3,4,5,6,7,8,9,10,11,12,13,14,15,16,17,18,19,20,21,22,23,25,26,30,31,33,34,35,36,39,40,41,42,49,52,61,74]",19,6848,93,0.0135806074766355,4
"[0,1,2,3,4,5,6,7,8,9,10,11,12,13,14,15,16,17,18,19,20,21,22,23,25,26,30,31,33,34,35,36,39,40,41,42,49,52,61,74]",20,6848,115,0.0167932242990654,4
"[0,1,2,3,4,5,6,7,8,9,10,11,12,13,14,15,16,17,18,19,20,21,22,23,25,26,30,31,33,34,35,36,39,40,41,42,49,52,61,74]",21,6848,99,0.0144567757009346,4
"[0,1,2,3,4,5,6,7,8,9,10,11,12,13,14,15,16,17,18,19,20,21,22,23,25,26,30,31,33,34,35,36,39,40,41,42,49,52,61,74]",22,6848,38,0.00554906542056075,4
"[0,1,2,3,4,5,6,7,8,9,10,11,12,13,14,15,16,17,18,19,20,21,22,23,25,26,30,31,33,34,35,36,39,40,41,42,49,52,61,74]",23,6848,58,0.0084696261682243,4
"[0,1,2,3,4,5,6,7,8,9,10,11,12,13,14,15,16,17,18,19,20,21,22,23,25,26,30,31,33,34,35,36,39,40,41,42,49,52,61,74]",25,6848,43,0.00627920560747664,4
"[0,1,2,3,4,5,6,7,8,9,10,11,12,13,14,15,16,17,18,19,20,21,22,23,25,26,30,31,33,34,35,36,39,40,41,42,49,52,61,74]",26,6848,109,0.0159170560747664,4
"[0,1,2,3,4,5,6,7,8,9,10,11,12,13,14,15,16,17,18,19,20,21,22,23,25,26,30,31,33,34,35,36,39,40,41,42,49,52,61,74]",30,6848,53,0.00773948598130841,4
"[0,1,2,3,4,5,6,7,8,9,10,11,12,13,14,15,16,17,18,19,20,21,22,23,25,26,30,31,33,34,35,36,39,40,41,42,49,52,61,74]",31,6848,54,0.00788551401869159,4
"[0,1,2,3,4,5,6,7,8,9,10,11,12,13,14,15,16,17,18,19,20,21,22,23,25,26,30,31,33,34,35,36,39,40,41,42,49,52,61,74]",33,6848,14,0.00204439252336449,4
"[0,1,2,3,4,5,6,7,8,9,10,11,12,13,14,15,16,17,18,19,20,21,22,23,25,26,30,31,33,34,35,36,39,40,41,42,49,52,61,74]",34,6848,32,0.00467289719626168,4
"[0,1,2,3,4,5,6,7,8,9,10,11,12,13,14,15,16,17,18,19,20,21,22,23,25,26,30,31,33,34,35,36,39,40,41,42,49,52,61,74]",35,6848,69,0.0100759345794393,4
"[0,1,2,3,4,5,6,7,8,9,10,11,12,13,14,15,16,17,18,19,20,21,22,23,25,26,30,31,33,34,35,36,39,40,41,42,49,52,61,74]",36,6848,30,0.00438084112149533,4
"[0,1,2,3,4,5,6,7,8,9,10,11,12,13,14,15,16,17,18,19,20,21,22,23,25,26,30,31,33,34,35,36,39,40,41,42,49,52,61,74]",39,6848,22,0.00321261682242991,4
"[0,1,2,3,4,5,6,7,8,9,10,11,12,13,14,15,16,17,18,19,20,21,22,23,25,26,30,31,33,34,35,36,39,40,41,42,49,52,61,74]",40,6848,16,0.00233644859813084,4
"[0,1,2,3,4,5,6,7,8,9,10,11,12,13,14,15,16,17,18,19,20,21,22,23,25,26,30,31,33,34,35,36,39,40,41,42,49,52,61,74]",41,6848,45,0.00657126168224299,4
"[0,1,2,3,4,5,6,7,8,9,10,11,12,13,14,15,16,17,18,19,20,21,22,23,25,26,30,31,33,34,35,36,39,40,41,42,49,52,61,74]",42,6848,39,0.00569509345794392,4
"[0,1,2,3,4,5,6,7,8,9,10,11,12,13,14,15,16,17,18,19,20,21,22,23,25,26,30,31,33,34,35,36,39,40,41,42,49,52,61,74]",49,6848,13,0.00189836448598131,4
"[0,1,2,3,4,5,6,7,8,9,10,11,12,13,14,15,16,17,18,19,20,21,22,23,25,26,30,31,33,34,35,36,39,40,41,42,49,52,61,74]",52,6848,37,0.00540303738317757,4
"[0,1,2,3,4,5,6,7,8,9,10,11,12,13,14,15,16,17,18,19,20,21,22,23,25,26,30,31,33,34,35,36,39,40,41,42,49,52,61,74]",61,6848,23,0.00335864485981308,4
"[0,1,2,3,4,5,6,7,8,9,10,11,12,13,14,15,16,17,18,19,20,21,22,23,25,26,30,31,33,34,35,36,39,40,41,42,49,52,61,74]",74,6848,72,0.0105140186915888,4
"[0,1,2,3,4,5,6,7,8,9,10,11,12,13,14,15,16,17,18,19,20,21,22,23,25,26,30,31,33,34,35,39,40,41,42,52,61,67,74,82,84,85]",0,939,19,0.020234291799787,1
"[0,1,2,3,4,5,6,7,8,9,10,11,12,13,14,15,16,17,18,19,20,21,22,23,25,26,30,31,33,34,35,39,40,41,42,52,61,67,74,82,84,85]",1,939,20,0.0212992545260916,1
"[0,1,2,3,4,5,6,7,8,9,10,11,12,13,14,15,16,17,18,19,20,21,22,23,25,26,30,31,33,34,35,39,40,41,42,52,61,67,74,82,84,85]",2,939,76,0.080937167199148,1
"[0,1,2,3,4,5,6,7,8,9,10,11,12,13,14,15,16,17,18,19,20,21,22,23,25,26,30,31,33,34,35,39,40,41,42,52,61,67,74,82,84,85]",3,939,14,0.0149094781682641,1
"[0,1,2,3,4,5,6,7,8,9,10,11,12,13,14,15,16,17,18,19,20,21,22,23,25,26,30,31,33,34,35,39,40,41,42,52,61,67,74,82,84,85]",4,939,23,0.0244941427050053,1
"[0,1,2,3,4,5,6,7,8,9,10,11,12,13,14,15,16,17,18,19,20,21,22,23,25,26,30,31,33,34,35,39,40,41,42,52,61,67,74,82,84,85]",5,939,25,0.0266240681576145,1
"[0,1,2,3,4,5,6,7,8,9,10,11,12,13,14,15,16,17,18,19,20,21,22,23,25,26,30,31,33,34,35,39,40,41,42,52,61,67,74,82,84,85]",6,939,33,0.0351437699680511,1
"[0,1,2,3,4,5,6,7,8,9,10,11,12,13,14,15,16,17,18,19,20,21,22,23,25,26,30,31,33,34,35,39,40,41,42,52,61,67,74,82,84,85]",7,939,134,0.142705005324814,1
"[0,1,2,3,4,5,6,7,8,9,10,11,12,13,14,15,16,17,18,19,20,21,22,23,25,26,30,31,33,34,35,39,40,41,42,52,61,67,74,82,84,85]",8,939,4,0.00425985090521832,1
"[0,1,2,3,4,5,6,7,8,9,10,11,12,13,14,15,16,17,18,19,20,21,22,23,25,26,30,31,33,34,35,39,40,41,42,52,61,67,74,82,84,85]",9,939,30,0.0319488817891374,1
"[0,1,2,3,4,5,6,7,8,9,10,11,12,13,14,15,16,17,18,19,20,21,22,23,25,26,30,31,33,34,35,39,40,41,42,52,61,67,74,82,84,85]",10,939,25,0.0266240681576145,1
"[0,1,2,3,4,5,6,7,8,9,10,11,12,13,14,15,16,17,18,19,20,21,22,23,25,26,30,31,33,34,35,39,40,41,42,52,61,67,74,82,84,85]",11,939,62,0.0660276890308839,1
"[0,1,2,3,4,5,6,7,8,9,10,11,12,13,14,15,16,17,18,19,20,21,22,23,25,26,30,31,33,34,35,39,40,41,42,52,61,67,74,82,84,85]",12,939,18,0.0191693290734824,1
"[0,1,2,3,4,5,6,7,8,9,10,11,12,13,14,15,16,17,18,19,20,21,22,23,25,26,30,31,33,34,35,39,40,41,42,52,61,67,74,82,84,85]",13,939,34,0.0362087326943557,1
"[0,1,2,3,4,5,6,7,8,9,10,11,12,13,14,15,16,17,18,19,20,21,22,23,25,26,30,31,33,34,35,39,40,41,42,52,61,67,74,82,84,85]",14,939,16,0.0170394036208733,1
"[0,1,2,3,4,5,6,7,8,9,10,11,12,13,14,15,16,17,18,19,20,21,22,23,25,26,30,31,33,34,35,39,40,41,42,52,61,67,74,82,84,85]",15,939,21,0.0223642172523962,1
"[0,1,2,3,4,5,6,7,8,9,10,11,12,13,14,15,16,17,18,19,20,21,22,23,25,26,30,31,33,34,35,39,40,41,42,52,61,67,74,82,84,85]",16,939,3,0.00319488817891374,1
"[0,1,2,3,4,5,6,7,8,9,10,11,12,13,14,15,16,17,18,19,20,21,22,23,25,26,30,31,33,34,35,39,40,41,42,52,61,67,74,82,84,85]",17,939,45,0.0479233226837061,1
"[0,1,2,3,4,5,6,7,8,9,10,11,12,13,14,15,16,17,18,19,20,21,22,23,25,26,30,31,33,34,35,39,40,41,42,52,61,67,74,82,84,85]",18,939,43,0.0457933972310969,1
"[0,1,2,3,4,5,6,7,8,9,10,11,12,13,14,15,16,17,18,19,20,21,22,23,25,26,30,31,33,34,35,39,40,41,42,52,61,67,74,82,84,85]",19,939,32,0.0340788072417465,1
"[0,1,2,3,4,5,6,7,8,9,10,11,12,13,14,15,16,17,18,19,20,21,22,23,25,26,30,31,33,34,35,39,40,41,42,52,61,67,74,82,84,85]",20,939,37,0.0394036208732694,1
"[0,1,2,3,4,5,6,7,8,9,10,11,12,13,14,15,16,17,18,19,20,21,22,23,25,26,30,31,33,34,35,39,40,41,42,52,61,67,74,82,84,85]",21,939,6,0.00638977635782748,1
"[0,1,2,3,4,5,6,7,8,9,10,11,12,13,14,15,16,17,18,19,20,21,22,23,25,26,30,31,33,34,35,39,40,41,42,52,61,67,74,82,84,85]",22,939,6,0.00638977635782748,1
"[0,1,2,3,4,5,6,7,8,9,10,11,12,13,14,15,16,17,18,19,20,21,22,23,25,26,30,31,33,34,35,39,40,41,42,52,61,67,74,82,84,85]",23,939,17,0.0181043663471778,1
"[0,1,2,3,4,5,6,7,8,9,10,11,12,13,14,15,16,17,18,19,20,21,22,23,25,26,30,31,33,34,35,39,40,41,42,52,61,67,74,82,84,85]",25,939,12,0.012779552715655,1
"[0,1,2,3,4,5,6,7,8,9,10,11,12,13,14,15,16,17,18,19,20,21,22,23,25,26,30,31,33,34,35,39,40,41,42,52,61,67,74,82,84,85]",26,939,44,0.0468583599574015,1
"[0,1,2,3,4,5,6,7,8,9,10,11,12,13,14,15,16,17,18,19,20,21,22,23,25,26,30,31,33,34,35,39,40,41,42,52,61,67,74,82,84,85]",30,939,8,0.00851970181043664,1
"[0,1,2,3,4,5,6,7,8,9,10,11,12,13,14,15,16,17,18,19,20,21,22,23,25,26,30,31,33,34,35,39,40,41,42,52,61,67,74,82,84,85]",31,939,11,0.0117145899893504,1
"[0,1,2,3,4,5,6,7,8,9,10,11,12,13,14,15,16,17,18,19,20,21,22,23,25,26,30,31,33,34,35,39,40,41,42,52,61,67,74,82,84,85]",33,939,5,0.0053248136315229,1
"[0,1,2,3,4,5,6,7,8,9,10,11,12,13,14,15,16,17,18,19,20,21,22,23,25,26,30,31,33,34,35,39,40,41,42,52,61,67,74,82,84,85]",34,939,9,0.00958466453674121,1
"[0,1,2,3,4,5,6,7,8,9,10,11,12,13,14,15,16,17,18,19,20,21,22,23,25,26,30,31,33,34,35,39,40,41,42,52,61,67,74,82,84,85]",35,939,7,0.00745473908413206,1
"[0,1,2,3,4,5,6,7,8,9,10,11,12,13,14,15,16,17,18,19,20,21,22,23,25,26,30,31,33,34,35,39,40,41,42,52,61,67,74,82,84,85]",39,939,4,0.00425985090521832,1
"[0,1,2,3,4,5,6,7,8,9,10,11,12,13,14,15,16,17,18,19,20,21,22,23,25,26,30,31,33,34,35,39,40,41,42,52,61,67,74,82,84,85]",40,939,7,0.00745473908413206,1
"[0,1,2,3,4,5,6,7,8,9,10,11,12,13,14,15,16,17,18,19,20,21,22,23,25,26,30,31,33,34,35,39,40,41,42,52,61,67,74,82,84,85]",41,939,17,0.0181043663471778,1
"[0,1,2,3,4,5,6,7,8,9,10,11,12,13,14,15,16,17,18,19,20,21,22,23,25,26,30,31,33,34,35,39,40,41,42,52,61,67,74,82,84,85]",42,939,16,0.0170394036208733,1
"[0,1,2,3,4,5,6,7,8,9,10,11,12,13,14,15,16,17,18,19,20,21,22,23,25,26,30,31,33,34,35,39,40,41,42,52,61,67,74,82,84,85]",52,939,7,0.00745473908413206,1
"[0,1,2,3,4,5,6,7,8,9,10,11,12,13,14,15,16,17,18,19,20,21,22,23,25,26,30,31,33,34,35,39,40,41,42,52,61,67,74,82,84,85]",61,939,4,0.00425985090521832,1
"[0,1,2,3,4,5,6,7,8,9,10,11,12,13,14,15,16,17,18,19,20,21,22,23,25,26,30,31,33,34,35,39,40,41,42,52,61,67,74,82,84,85]",67,939,18,0.0191693290734824,1
"[0,1,2,3,4,5,6,7,8,9,10,11,12,13,14,15,16,17,18,19,20,21,22,23,25,26,30,31,33,34,35,39,40,41,42,52,61,67,74,82,84,85]",74,939,15,0.0159744408945687,1
"[0,1,2,3,4,5,6,7,8,9,10,11,12,13,14,15,16,17,18,19,20,21,22,23,25,26,30,31,33,34,35,39,40,41,42,52,61,67,74,82,84,85]",82,939,3,0.00319488817891374,1
"[0,1,2,3,4,5,6,7,8,9,10,11,12,13,14,15,16,17,18,19,20,21,22,23,25,26,30,31,33,34,35,39,40,41,42,52,61,67,74,82,84,85]",84,939,2,0.00212992545260916,1
"[0,1,2,3,4,5,6,7,8,9,10,11,12,13,14,15,16,17,18,19,20,21,22,23,25,26,30,31,33,34,35,39,40,41,42,52,61,67,74,82,84,85]",85,939,7,0.00745473908413206,1
"[0,1,2,3,4,5,6,7,8,9,10,11,12,13,14,15,16,17,18,19,20,21,22,23,25,26,30,31,34,35,36,37,39,40,41,49,52,55,61,74]",0,2280,89,0.0390350877192982,2
"[0,1,2,3,4,5,6,7,8,9,10,11,12,13,14,15,16,17,18,19,20,21,22,23,25,26,30,31,34,35,36,37,39,40,41,49,52,55,61,74]",1,2280,101,0.0442982456140351,2
"[0,1,2,3,4,5,6,7,8,9,10,11,12,13,14,15,16,17,18,19,20,21,22,23,25,26,30,31,34,35,36,37,39,40,41,49,52,55,61,74]",2,2280,104,0.0456140350877193,2
"[0,1,2,3,4,5,6,7,8,9,10,11,12,13,14,15,16,17,18,19,20,21,22,23,25,26,30,31,34,35,36,37,39,40,41,49,52,55,61,74]",3,2280,22,0.00964912280701754,2
"[0,1,2,3,4,5,6,7,8,9,10,11,12,13,14,15,16,17,18,19,20,21,22,23,25,26,30,31,34,35,36,37,39,40,41,49,52,55,61,74]",4,2280,94,0.0412280701754386,2
"[0,1,2,3,4,5,6,7,8,9,10,11,12,13,14,15,16,17,18,19,20,21,22,23,25,26,30,31,34,35,36,37,39,40,41,49,52,55,61,74]",5,2280,71,0.031140350877193,2
"[0,1,2,3,4,5,6,7,8,9,10,11,12,13,14,15,16,17,18,19,20,21,22,23,25,26,30,31,34,35,36,37,39,40,41,49,52,55,61,74]",6,2280,104,0.0456140350877193,2
"[0,1,2,3,4,5,6,7,8,9,10,11,12,13,14,15,16,17,18,19,20,21,22,23,25,26,30,31,34,35,36,37,39,40,41,49,52,55,61,74]",7,2280,292,0.128070175438597,2
"[0,1,2,3,4,5,6,7,8,9,10,11,12,13,14,15,16,17,18,19,20,21,22,23,25,26,30,31,34,35,36,37,39,40,41,49,52,55,61,74]",8,2280,70,0.0307017543859649,2
"[0,1,2,3,4,5,6,7,8,9,10,11,12,13,14,15,16,17,18,19,20,21,22,23,25,26,30,31,34,35,36,37,39,40,41,49,52,55,61,74]",9,2280,59,0.0258771929824561,2
"[0,1,2,3,4,5,6,7,8,9,10,11,12,13,14,15,16,17,18,19,20,21,22,23,25,26,30,31,34,35,36,37,39,40,41,49,52,55,61,74]",10,2280,73,0.0320175438596491,2
"[0,1,2,3,4,5,6,7,8,9,10,11,12,13,14,15,16,17,18,19,20,21,22,23,25,26,30,31,34,35,36,37,39,40,41,49,52,55,61,74]",11,2280,117,0.0513157894736842,2
"[0,1,2,3,4,5,6,7,8,9,10,11,12,13,14,15,16,17,18,19,20,21,22,23,25,26,30,31,34,35,36,37,39,40,41,49,52,55,61,74]",12,2280,25,0.0109649122807018,2
"[0,1,2,3,4,5,6,7,8,9,10,11,12,13,14,15,16,17,18,19,20,21,22,23,25,26,30,31,34,35,36,37,39,40,41,49,52,55,61,74]",13,2280,94,0.0412280701754386,2
"[0,1,2,3,4,5,6,7,8,9,10,11,12,13,14,15,16,17,18,19,20,21,22,23,25,26,30,31,34,35,36,37,39,40,41,49,52,55,61,74]",14,2280,29,0.012719298245614,2
"[0,1,2,3,4,5,6,7,8,9,10,11,12,13,14,15,16,17,18,19,20,21,22,23,25,26,30,31,34,35,36,37,39,40,41,49,52,55,61,74]",15,2280,56,0.0245614035087719,2
"[0,1,2,3,4,5,6,7,8,9,10,11,12,13,14,15,16,17,18,19,20,21,22,23,25,26,30,31,34,35,36,37,39,40,41,49,52,55,61,74]",16,2280,17,0.00745614035087719,2
"[0,1,2,3,4,5,6,7,8,9,10,11,12,13,14,15,16,17,18,19,20,21,22,23,25,26,30,31,34,35,36,37,39,40,41,49,52,55,61,74]",17,2280,136,0.0596491228070175,2
"[0,1,2,3,4,5,6,7,8,9,10,11,12,13,14,15,16,17,18,19,20,21,22,23,25,26,30,31,34,35,36,37,39,40,41,49,52,55,61,74]",18,2280,41,0.0179824561403509,2
"[0,1,2,3,4,5,6,7,8,9,10,11,12,13,14,15,16,17,18,19,20,21,22,23,25,26,30,31,34,35,36,37,39,40,41,49,52,55,61,74]",19,2280,55,0.0241228070175439,2
"[0,1,2,3,4,5,6,7,8,9,10,11,12,13,14,15,16,17,18,19,20,21,22,23,25,26,30,31,34,35,36,37,39,40,41,49,52,55,61,74]",20,2280,77,0.0337719298245614,2
"[0,1,2,3,4,5,6,7,8,9,10,11,12,13,14,15,16,17,18,19,20,21,22,23,25,26,30,31,34,35,36,37,39,40,41,49,52,55,61,74]",21,2280,52,0.0228070175438597,2
"[0,1,2,3,4,5,6,7,8,9,10,11,12,13,14,15,16,17,18,19,20,21,22,23,25,26,30,31,34,35,36,37,39,40,41,49,52,55,61,74]",22,2280,8,0.00350877192982456,2
"[0,1,2,3,4,5,6,7,8,9,10,11,12,13,14,15,16,17,18,19,20,21,22,23,25,26,30,31,34,35,36,37,39,40,41,49,52,55,61,74]",23,2280,69,0.0302631578947368,2
"[0,1,2,3,4,5,6,7,8,9,10,11,12,13,14,15,16,17,18,19,20,21,22,23,25,26,30,31,34,35,36,37,39,40,41,49,52,55,61,74]",25,2280,68,0.0298245614035088,2
"[0,1,2,3,4,5,6,7,8,9,10,11,12,13,14,15,16,17,18,19,20,21,22,23,25,26,30,31,34,35,36,37,39,40,41,49,52,55,61,74]",26,2280,47,0.0206140350877193,2
"[0,1,2,3,4,5,6,7,8,9,10,11,12,13,14,15,16,17,18,19,20,21,22,23,25,26,30,31,34,35,36,37,39,40,41,49,52,55,61,74]",30,2280,11,0.00482456140350877,2
"[0,1,2,3,4,5,6,7,8,9,10,11,12,13,14,15,16,17,18,19,20,21,22,23,25,26,30,31,34,35,36,37,39,40,41,49,52,55,61,74]",31,2280,33,0.0144736842105263,2
"[0,1,2,3,4,5,6,7,8,9,10,11,12,13,14,15,16,17,18,19,20,21,22,23,25,26,30,31,34,35,36,37,39,40,41,49,52,55,61,74]",34,2280,17,0.00745614035087719,2
"[0,1,2,3,4,5,6,7,8,9,10,11,12,13,14,15,16,17,18,19,20,21,22,23,25,26,30,31,34,35,36,37,39,40,41,49,52,55,61,74]",35,2280,28,0.012280701754386,2
"[0,1,2,3,4,5,6,7,8,9,10,11,12,13,14,15,16,17,18,19,20,21,22,23,25,26,30,31,34,35,36,37,39,40,41,49,52,55,61,74]",36,2280,20,0.0087719298245614,2
"[0,1,2,3,4,5,6,7,8,9,10,11,12,13,14,15,16,17,18,19,20,21,22,23,25,26,30,31,34,35,36,37,39,40,41,49,52,55,61,74]",37,2280,76,0.0333333333333333,2
"[0,1,2,3,4,5,6,7,8,9,10,11,12,13,14,15,16,17,18,19,20,21,22,23,25,26,30,31,34,35,36,37,39,40,41,49,52,55,61,74]",39,2280,12,0.00526315789473684,2
"[0,1,2,3,4,5,6,7,8,9,10,11,12,13,14,15,16,17,18,19,20,21,22,23,25,26,30,31,34,35,36,37,39,40,41,49,52,55,61,74]",40,2280,7,0.00307017543859649,2
"[0,1,2,3,4,5,6,7,8,9,10,11,12,13,14,15,16,17,18,19,20,21,22,23,25,26,30,31,34,35,36,37,39,40,41,49,52,55,61,74]",41,2280,27,0.0118421052631579,2
"[0,1,2,3,4,5,6,7,8,9,10,11,12,13,14,15,16,17,18,19,20,21,22,23,25,26,30,31,34,35,36,37,39,40,41,49,52,55,61,74]",49,2280,4,0.00175438596491228,2
"[0,1,2,3,4,5,6,7,8,9,10,11,12,13,14,15,16,17,18,19,20,21,22,23,25,26,30,31,34,35,36,37,39,40,41,49,52,55,61,74]",52,2280,16,0.00701754385964912,2
"[0,1,2,3,4,5,6,7,8,9,10,11,12,13,14,15,16,17,18,19,20,21,22,23,25,26,30,31,34,35,36,37,39,40,41,49,52,55,61,74]",55,2280,2,0.00087719298245614,2
"[0,1,2,3,4,5,6,7,8,9,10,11,12,13,14,15,16,17,18,19,20,21,22,23,25,26,30,31,34,35,36,37,39,40,41,49,52,55,61,74]",61,2280,21,0.00921052631578947,2
"[0,1,2,3,4,5,6,7,8,9,10,11,12,13,14,15,16,17,18,19,20,21,22,23,25,26,30,31,34,35,36,37,39,40,41,49,52,55,61,74]",74,2280,36,0.0157894736842105,2
"[0,1,2,3,4,5,6,7,8,9,10,11,12,13,14,15,16,17,18,19,20,21,22,23,25,26,30,31,34,35,36,37,40,41,49,52,55,61,74]",0,2052,17,0.00828460038986355,1
"[0,1,2,3,4,5,6,7,8,9,10,11,12,13,14,15,16,17,18,19,20,21,22,23,25,26,30,31,34,35,36,37,40,41,49,52,55,61,74]",1,2052,578,0.281676413255361,1
"[0,1,2,3,4,5,6,7,8,9,10,11,12,13,14,15,16,17,18,19,20,21,22,23,25,26,30,31,34,35,36,37,40,41,49,52,55,61,74]",2,2052,53,0.0258284600389864,1
"[0,1,2,3,4,5,6,7,8,9,10,11,12,13,14,15,16,17,18,19,20,21,22,23,25,26,30,31,34,35,36,37,40,41,49,52,55,61,74]",3,2052,18,0.0087719298245614,1
"[0,1,2,3,4,5,6,7,8,9,10,11,12,13,14,15,16,17,18,19,20,21,22,23,25,26,30,31,34,35,36,37,40,41,49,52,55,61,74]",4,2052,34,0.0165692007797271,1
"[0,1,2,3,4,5,6,7,8,9,10,11,12,13,14,15,16,17,18,19,20,21,22,23,25,26,30,31,34,35,36,37,40,41,49,52,55,61,74]",5,2052,25,0.0121832358674464,1
"[0,1,2,3,4,5,6,7,8,9,10,11,12,13,14,15,16,17,18,19,20,21,22,23,25,26,30,31,34,35,36,37,40,41,49,52,55,61,74]",6,2052,30,0.0146198830409357,1
"[0,1,2,3,4,5,6,7,8,9,10,11,12,13,14,15,16,17,18,19,20,21,22,23,25,26,30,31,34,35,36,37,40,41,49,52,55,61,74]",7,2052,144,0.0701754385964912,1
"[0,1,2,3,4,5,6,7,8,9,10,11,12,13,14,15,16,17,18,19,20,21,22,23,25,26,30,31,34,35,36,37,40,41,49,52,55,61,74]",8,2052,336,0.16374269005848,1
"[0,1,2,3,4,5,6,7,8,9,10,11,12,13,14,15,16,17,18,19,20,21,22,23,25,26,30,31,34,35,36,37,40,41,49,52,55,61,74]",9,2052,25,0.0121832358674464,1
"[0,1,2,3,4,5,6,7,8,9,10,11,12,13,14,15,16,17,18,19,20,21,22,23,25,26,30,31,34,35,36,37,40,41,49,52,55,61,74]",10,2052,31,0.0151072124756335,1
"[0,1,2,3,4,5,6,7,8,9,10,11,12,13,14,15,16,17,18,19,20,21,22,23,25,26,30,31,34,35,36,37,40,41,49,52,55,61,74]",11,2052,53,0.0258284600389864,1
"[0,1,2,3,4,5,6,7,8,9,10,11,12,13,14,15,16,17,18,19,20,21,22,23,25,26,30,31,34,35,36,37,40,41,49,52,55,61,74]",12,2052,27,0.0131578947368421,1
"[0,1,2,3,4,5,6,7,8,9,10,11,12,13,14,15,16,17,18,19,20,21,22,23,25,26,30,31,34,35,36,37,40,41,49,52,55,61,74]",13,2052,36,0.0175438596491228,1
"[0,1,2,3,4,5,6,7,8,9,10,11,12,13,14,15,16,17,18,19,20,21,22,23,25,26,30,31,34,35,36,37,40,41,49,52,55,61,74]",14,2052,16,0.00779727095516569,1
"[0,1,2,3,4,5,6,7,8,9,10,11,12,13,14,15,16,17,18,19,20,21,22,23,25,26,30,31,34,35,36,37,40,41,49,52,55,61,74]",15,2052,17,0.00828460038986355,1
"[0,1,2,3,4,5,6,7,8,9,10,11,12,13,14,15,16,17,18,19,20,21,22,23,25,26,30,31,34,35,36,37,40,41,49,52,55,61,74]",16,2052,4,0.00194931773879142,1
"[0,1,2,3,4,5,6,7,8,9,10,11,12,13,14,15,16,17,18,19,20,21,22,23,25,26,30,31,34,35,36,37,40,41,49,52,55,61,74]",17,2052,41,0.0199805068226121,1
"[0,1,2,3,4,5,6,7,8,9,10,11,12,13,14,15,16,17,18,19,20,21,22,23,25,26,30,31,34,35,36,37,40,41,49,52,55,61,74]",18,2052,17,0.00828460038986355,1
"[0,1,2,3,4,5,6,7,8,9,10,11,12,13,14,15,16,17,18,19,20,21,22,23,25,26,30,31,34,35,36,37,40,41,49,52,55,61,74]",19,2052,14,0.00682261208576998,1
"[0,1,2,3,4,5,6,7,8,9,10,11,12,13,14,15,16,17,18,19,20,21,22,23,25,26,30,31,34,35,36,37,40,41,49,52,55,61,74]",20,2052,26,0.0126705653021442,1
"[0,1,2,3,4,5,6,7,8,9,10,11,12,13,14,15,16,17,18,19,20,21,22,23,25,26,30,31,34,35,36,37,40,41,49,52,55,61,74]",21,2052,4,0.00194931773879142,1
"[0,1,2,3,4,5,6,7,8,9,10,11,12,13,14,15,16,17,18,19,20,21,22,23,25,26,30,31,34,35,36,37,40,41,49,52,55,61,74]",22,2052,3,0.00146198830409357,1
"[0,1,2,3,4,5,6,7,8,9,10,11,12,13,14,15,16,17,18,19,20,21,22,23,25,26,30,31,34,35,36,37,40,41,49,52,55,61,74]",23,2052,9,0.0043859649122807,1
"[0,1,2,3,4,5,6,7,8,9,10,11,12,13,14,15,16,17,18,19,20,21,22,23,25,26,30,31,34,35,36,37,40,41,49,52,55,61,74]",25,2052,7,0.00341130604288499,1
"[0,1,2,3,4,5,6,7,8,9,10,11,12,13,14,15,16,17,18,19,20,21,22,23,25,26,30,31,34,35,36,37,40,41,49,52,55,61,74]",26,2052,280,0.1364522417154,1
"[0,1,2,3,4,5,6,7,8,9,10,11,12,13,14,15,16,17,18,19,20,21,22,23,25,26,30,31,34,35,36,37,40,41,49,52,55,61,74]",30,2052,9,0.0043859649122807,1
"[0,1,2,3,4,5,6,7,8,9,10,11,12,13,14,15,16,17,18,19,20,21,22,23,25,26,30,31,34,35,36,37,40,41,49,52,55,61,74]",31,2052,9,0.0043859649122807,1
"[0,1,2,3,4,5,6,7,8,9,10,11,12,13,14,15,16,17,18,19,20,21,22,23,25,26,30,31,34,35,36,37,40,41,49,52,55,61,74]",34,2052,12,0.00584795321637427,1
"[0,1,2,3,4,5,6,7,8,9,10,11,12,13,14,15,16,17,18,19,20,21,22,23,25,26,30,31,34,35,36,37,40,41,49,52,55,61,74]",35,2052,21,0.010233918128655,1
"[0,1,2,3,4,5,6,7,8,9,10,11,12,13,14,15,16,17,18,19,20,21,22,23,25,26,30,31,34,35,36,37,40,41,49,52,55,61,74]",36,2052,9,0.0043859649122807,1
"[0,1,2,3,4,5,6,7,8,9,10,11,12,13,14,15,16,17,18,19,20,21,22,23,25,26,30,31,34,35,36,37,40,41,49,52,55,61,74]",37,2052,66,0.0321637426900585,1
"[0,1,2,3,4,5,6,7,8,9,10,11,12,13,14,15,16,17,18,19,20,21,22,23,25,26,30,31,34,35,36,37,40,41,49,52,55,61,74]",40,2052,2,0.000974658869395711,1
"[0,1,2,3,4,5,6,7,8,9,10,11,12,13,14,15,16,17,18,19,20,21,22,23,25,26,30,31,34,35,36,37,40,41,49,52,55,61,74]",41,2052,7,0.00341130604288499,1
"[0,1,2,3,4,5,6,7,8,9,10,11,12,13,14,15,16,17,18,19,20,21,22,23,25,26,30,31,34,35,36,37,40,41,49,52,55,61,74]",49,2052,2,0.000974658869395711,1
"[0,1,2,3,4,5,6,7,8,9,10,11,12,13,14,15,16,17,18,19,20,21,22,23,25,26,30,31,34,35,36,37,40,41,49,52,55,61,74]",52,2052,7,0.00341130604288499,1
"[0,1,2,3,4,5,6,7,8,9,10,11,12,13,14,15,16,17,18,19,20,21,22,23,25,26,30,31,34,35,36,37,40,41,49,52,55,61,74]",55,2052,31,0.0151072124756335,1
"[0,1,2,3,4,5,6,7,8,9,10,11,12,13,14,15,16,17,18,19,20,21,22,23,25,26,30,31,34,35,36,37,40,41,49,52,55,61,74]",61,2052,5,0.00243664717348928,1
"[0,1,2,3,4,5,6,7,8,9,10,11,12,13,14,15,16,17,18,19,20,21,22,23,25,26,30,31,34,35,36,37,40,41,49,52,55,61,74]",74,2052,27,0.0131578947368421,1
"[0,1,2,3,4,5,6,7,8,9,10,11,12,13,14,15,16,17,18,19,20,21,22,23,25,26,30,31,34,35,36,37,40,41,49,52,61,74,100]",0,2226,19,0.00853548966756514,1
"[0,1,2,3,4,5,6,7,8,9,10,11,12,13,14,15,16,17,18,19,20,21,22,23,25,26,30,31,34,35,36,37,40,41,49,52,61,74,100]",1,2226,33,0.0148247978436658,1
"[0,1,2,3,4,5,6,7,8,9,10,11,12,13,14,15,16,17,18,19,20,21,22,23,25,26,30,31,34,35,36,37,40,41,49,52,61,74,100]",2,2226,20,0.00898472596585804,1
"[0,1,2,3,4,5,6,7,8,9,10,11,12,13,14,15,16,17,18,19,20,21,22,23,25,26,30,31,34,35,36,37,40,41,49,52,61,74,100]",3,2226,7,0.00314465408805031,1
"[0,1,2,3,4,5,6,7,8,9,10,11,12,13,14,15,16,17,18,19,20,21,22,23,25,26,30,31,34,35,36,37,40,41,49,52,61,74,100]",4,2226,64,0.0287511230907457,1
"[0,1,2,3,4,5,6,7,8,9,10,11,12,13,14,15,16,17,18,19,20,21,22,23,25,26,30,31,34,35,36,37,40,41,49,52,61,74,100]",5,2226,19,0.00853548966756514,1
"[0,1,2,3,4,5,6,7,8,9,10,11,12,13,14,15,16,17,18,19,20,21,22,23,25,26,30,31,34,35,36,37,40,41,49,52,61,74,100]",6,2226,18,0.00808625336927224,1
"[0,1,2,3,4,5,6,7,8,9,10,11,12,13,14,15,16,17,18,19,20,21,22,23,25,26,30,31,34,35,36,37,40,41,49,52,61,74,100]",7,2226,633,0.284366576819407,1
"[0,1,2,3,4,5,6,7,8,9,10,11,12,13,14,15,16,17,18,19,20,21,22,23,25,26,30,31,34,35,36,37,40,41,49,52,61,74,100]",8,2226,16,0.00718778077268643,1
"[0,1,2,3,4,5,6,7,8,9,10,11,12,13,14,15,16,17,18,19,20,21,22,23,25,26,30,31,34,35,36,37,40,41,49,52,61,74,100]",9,2226,192,0.0862533692722372,1
"[0,1,2,3,4,5,6,7,8,9,10,11,12,13,14,15,16,17,18,19,20,21,22,23,25,26,30,31,34,35,36,37,40,41,49,52,61,74,100]",10,2226,183,0.0822102425876011,1
"[0,1,2,3,4,5,6,7,8,9,10,11,12,13,14,15,16,17,18,19,20,21,22,23,25,26,30,31,34,35,36,37,40,41,49,52,61,74,100]",11,2226,252,0.113207547169811,1
"[0,1,2,3,4,5,6,7,8,9,10,11,12,13,14,15,16,17,18,19,20,21,22,23,25,26,30,31,34,35,36,37,40,41,49,52,61,74,100]",12,2226,20,0.00898472596585804,1
"[0,1,2,3,4,5,6,7,8,9,10,11,12,13,14,15,16,17,18,19,20,21,22,23,25,26,30,31,34,35,36,37,40,41,49,52,61,74,100]",13,2226,213,0.0956873315363881,1
"[0,1,2,3,4,5,6,7,8,9,10,11,12,13,14,15,16,17,18,19,20,21,22,23,25,26,30,31,34,35,36,37,40,41,49,52,61,74,100]",14,2226,19,0.00853548966756514,1
"[0,1,2,3,4,5,6,7,8,9,10,11,12,13,14,15,16,17,18,19,20,21,22,23,25,26,30,31,34,35,36,37,40,41,49,52,61,74,100]",15,2226,35,0.0157232704402516,1
"[0,1,2,3,4,5,6,7,8,9,10,11,12,13,14,15,16,17,18,19,20,21,22,23,25,26,30,31,34,35,36,37,40,41,49,52,61,74,100]",16,2226,10,0.00449236298292902,1
"[0,1,2,3,4,5,6,7,8,9,10,11,12,13,14,15,16,17,18,19,20,21,22,23,25,26,30,31,34,35,36,37,40,41,49,52,61,74,100]",17,2226,36,0.0161725067385445,1
"[0,1,2,3,4,5,6,7,8,9,10,11,12,13,14,15,16,17,18,19,20,21,22,23,25,26,30,31,34,35,36,37,40,41,49,52,61,74,100]",18,2226,21,0.00943396226415094,1
"[0,1,2,3,4,5,6,7,8,9,10,11,12,13,14,15,16,17,18,19,20,21,22,23,25,26,30,31,34,35,36,37,40,41,49,52,61,74,100]",19,2226,24,0.0107816711590297,1
"[0,1,2,3,4,5,6,7,8,9,10,11,12,13,14,15,16,17,18,19,20,21,22,23,25,26,30,31,34,35,36,37,40,41,49,52,61,74,100]",20,2226,42,0.0188679245283019,1
"[0,1,2,3,4,5,6,7,8,9,10,11,12,13,14,15,16,17,18,19,20,21,22,23,25,26,30,31,34,35,36,37,40,41,49,52,61,74,100]",21,2226,10,0.00449236298292902,1
"[0,1,2,3,4,5,6,7,8,9,10,11,12,13,14,15,16,17,18,19,20,21,22,23,25,26,30,31,34,35,36,37,40,41,49,52,61,74,100]",22,2226,52,0.0233602875112309,1
"[0,1,2,3,4,5,6,7,8,9,10,11,12,13,14,15,16,17,18,19,20,21,22,23,25,26,30,31,34,35,36,37,40,41,49,52,61,74,100]",23,2226,14,0.00628930817610063,1
"[0,1,2,3,4,5,6,7,8,9,10,11,12,13,14,15,16,17,18,19,20,21,22,23,25,26,30,31,34,35,36,37,40,41,49,52,61,74,100]",25,2226,12,0.00539083557951483,1
"[0,1,2,3,4,5,6,7,8,9,10,11,12,13,14,15,16,17,18,19,20,21,22,23,25,26,30,31,34,35,36,37,40,41,49,52,61,74,100]",26,2226,34,0.0152740341419587,1
"[0,1,2,3,4,5,6,7,8,9,10,11,12,13,14,15,16,17,18,19,20,21,22,23,25,26,30,31,34,35,36,37,40,41,49,52,61,74,100]",30,2226,24,0.0107816711590297,1
"[0,1,2,3,4,5,6,7,8,9,10,11,12,13,14,15,16,17,18,19,20,21,22,23,25,26,30,31,34,35,36,37,40,41,49,52,61,74,100]",31,2226,6,0.00269541778975741,1
"[0,1,2,3,4,5,6,7,8,9,10,11,12,13,14,15,16,17,18,19,20,21,22,23,25,26,30,31,34,35,36,37,40,41,49,52,61,74,100]",34,2226,6,0.00269541778975741,1
"[0,1,2,3,4,5,6,7,8,9,10,11,12,13,14,15,16,17,18,19,20,21,22,23,25,26,30,31,34,35,36,37,40,41,49,52,61,74,100]",35,2226,13,0.00584007187780773,1
"[0,1,2,3,4,5,6,7,8,9,10,11,12,13,14,15,16,17,18,19,20,21,22,23,25,26,30,31,34,35,36,37,40,41,49,52,61,74,100]",36,2226,4,0.00179694519317161,1
"[0,1,2,3,4,5,6,7,8,9,10,11,12,13,14,15,16,17,18,19,20,21,22,23,25,26,30,31,34,35,36,37,40,41,49,52,61,74,100]",37,2226,98,0.0440251572327044,1
"[0,1,2,3,4,5,6,7,8,9,10,11,12,13,14,15,16,17,18,19,20,21,22,23,25,26,30,31,34,35,36,37,40,41,49,52,61,74,100]",40,2226,4,0.00179694519317161,1
"[0,1,2,3,4,5,6,7,8,9,10,11,12,13,14,15,16,17,18,19,20,21,22,23,25,26,30,31,34,35,36,37,40,41,49,52,61,74,100]",41,2226,10,0.00449236298292902,1
"[0,1,2,3,4,5,6,7,8,9,10,11,12,13,14,15,16,17,18,19,20,21,22,23,25,26,30,31,34,35,36,37,40,41,49,52,61,74,100]",49,2226,2,0.000898472596585804,1
"[0,1,2,3,4,5,6,7,8,9,10,11,12,13,14,15,16,17,18,19,20,21,22,23,25,26,30,31,34,35,36,37,40,41,49,52,61,74,100]",52,2226,15,0.00673854447439353,1
"[0,1,2,3,4,5,6,7,8,9,10,11,12,13,14,15,16,17,18,19,20,21,22,23,25,26,30,31,34,35,36,37,40,41,49,52,61,74,100]",61,2226,5,0.00224618149146451,1
"[0,1,2,3,4,5,6,7,8,9,10,11,12,13,14,15,16,17,18,19,20,21,22,23,25,26,30,31,34,35,36,37,40,41,49,52,61,74,100]",74,2226,26,0.0116801437556155,1
"[0,1,2,3,4,5,6,7,8,9,10,11,12,13,14,15,16,17,18,19,20,21,22,23,25,26,30,31,34,35,36,37,40,41,49,52,61,74,100]",100,2226,15,0.00673854447439353,1
"[0,1,2,3,4,5,6,7,8,9,10,11,12,13,14,15,16,17,18,19,20,21,22,23,25,26,30,31,34,35,36,37,40,41,49,52,61,74]",0,2689,36,0.0133878765340275,2
"[0,1,2,3,4,5,6,7,8,9,10,11,12,13,14,15,16,17,18,19,20,21,22,23,25,26,30,31,34,35,36,37,40,41,49,52,61,74]",1,2689,73,0.0271476385273336,2
"[0,1,2,3,4,5,6,7,8,9,10,11,12,13,14,15,16,17,18,19,20,21,22,23,25,26,30,31,34,35,36,37,40,41,49,52,61,74]",2,2689,185,0.0687988099665303,2
"[0,1,2,3,4,5,6,7,8,9,10,11,12,13,14,15,16,17,18,19,20,21,22,23,25,26,30,31,34,35,36,37,40,41,49,52,61,74]",3,2689,30,0.0111565637783563,2
"[0,1,2,3,4,5,6,7,8,9,10,11,12,13,14,15,16,17,18,19,20,21,22,23,25,26,30,31,34,35,36,37,40,41,49,52,61,74]",4,2689,266,0.0989215321680922,2
"[0,1,2,3,4,5,6,7,8,9,10,11,12,13,14,15,16,17,18,19,20,21,22,23,25,26,30,31,34,35,36,37,40,41,49,52,61,74]",5,2689,204,0.0758646336928226,2
"[0,1,2,3,4,5,6,7,8,9,10,11,12,13,14,15,16,17,18,19,20,21,22,23,25,26,30,31,34,35,36,37,40,41,49,52,61,74]",6,2689,35,0.013015991074749,2
"[0,1,2,3,4,5,6,7,8,9,10,11,12,13,14,15,16,17,18,19,20,21,22,23,25,26,30,31,34,35,36,37,40,41,49,52,61,74]",7,2689,309,0.11491260691707,2
"[0,1,2,3,4,5,6,7,8,9,10,11,12,13,14,15,16,17,18,19,20,21,22,23,25,26,30,31,34,35,36,37,40,41,49,52,61,74]",8,2689,40,0.0148754183711417,2
"[0,1,2,3,4,5,6,7,8,9,10,11,12,13,14,15,16,17,18,19,20,21,22,23,25,26,30,31,34,35,36,37,40,41,49,52,61,74]",9,2689,49,0.0182223875046486,2
"[0,1,2,3,4,5,6,7,8,9,10,11,12,13,14,15,16,17,18,19,20,21,22,23,25,26,30,31,34,35,36,37,40,41,49,52,61,74]",10,2689,70,0.026031982149498,2
"[0,1,2,3,4,5,6,7,8,9,10,11,12,13,14,15,16,17,18,19,20,21,22,23,25,26,30,31,34,35,36,37,40,41,49,52,61,74]",11,2689,96,0.03570100409074,2
"[0,1,2,3,4,5,6,7,8,9,10,11,12,13,14,15,16,17,18,19,20,21,22,23,25,26,30,31,34,35,36,37,40,41,49,52,61,74]",12,2689,46,0.0171067311268129,2
"[0,1,2,3,4,5,6,7,8,9,10,11,12,13,14,15,16,17,18,19,20,21,22,23,25,26,30,31,34,35,36,37,40,41,49,52,61,74]",13,2689,93,0.0345853477129044,2
"[0,1,2,3,4,5,6,7,8,9,10,11,12,13,14,15,16,17,18,19,20,21,22,23,25,26,30,31,34,35,36,37,40,41,49,52,61,74]",14,2689,41,0.0152473038304202,2
"[0,1,2,3,4,5,6,7,8,9,10,11,12,13,14,15,16,17,18,19,20,21,22,23,25,26,30,31,34,35,36,37,40,41,49,52,61,74]",15,2689,211,0.0784678319077724,2
"[0,1,2,3,4,5,6,7,8,9,10,11,12,13,14,15,16,17,18,19,20,21,22,23,25,26,30,31,34,35,36,37,40,41,49,52,61,74]",16,2689,11,0.00409074005206396,2
"[0,1,2,3,4,5,6,7,8,9,10,11,12,13,14,15,16,17,18,19,20,21,22,23,25,26,30,31,34,35,36,37,40,41,49,52,61,74]",17,2689,115,0.0427668278170324,2
"[0,1,2,3,4,5,6,7,8,9,10,11,12,13,14,15,16,17,18,19,20,21,22,23,25,26,30,31,34,35,36,37,40,41,49,52,61,74]",18,2689,54,0.0200818148010413,2
"[0,1,2,3,4,5,6,7,8,9,10,11,12,13,14,15,16,17,18,19,20,21,22,23,25,26,30,31,34,35,36,37,40,41,49,52,61,74]",19,2689,42,0.0156191892896988,2
"[0,1,2,3,4,5,6,7,8,9,10,11,12,13,14,15,16,17,18,19,20,21,22,23,25,26,30,31,34,35,36,37,40,41,49,52,61,74]",20,2689,101,0.0375604313871328,2
"[0,1,2,3,4,5,6,7,8,9,10,11,12,13,14,15,16,17,18,19,20,21,22,23,25,26,30,31,34,35,36,37,40,41,49,52,61,74]",21,2689,10,0.00371885459278542,2
"[0,1,2,3,4,5,6,7,8,9,10,11,12,13,14,15,16,17,18,19,20,21,22,23,25,26,30,31,34,35,36,37,40,41,49,52,61,74]",22,2689,21,0.00780959464484939,2
"[0,1,2,3,4,5,6,7,8,9,10,11,12,13,14,15,16,17,18,19,20,21,22,23,25,26,30,31,34,35,36,37,40,41,49,52,61,74]",23,2689,90,0.0334696913350688,2
"[0,1,2,3,4,5,6,7,8,9,10,11,12,13,14,15,16,17,18,19,20,21,22,23,25,26,30,31,34,35,36,37,40,41,49,52,61,74]",25,2689,23,0.00855336556340647,2
"[0,1,2,3,4,5,6,7,8,9,10,11,12,13,14,15,16,17,18,19,20,21,22,23,25,26,30,31,34,35,36,37,40,41,49,52,61,74]",26,2689,66,0.0245444403123838,2
"[0,1,2,3,4,5,6,7,8,9,10,11,12,13,14,15,16,17,18,19,20,21,22,23,25,26,30,31,34,35,36,37,40,41,49,52,61,74]",30,2689,19,0.0070658237262923,2
"[0,1,2,3,4,5,6,7,8,9,10,11,12,13,14,15,16,17,18,19,20,21,22,23,25,26,30,31,34,35,36,37,40,41,49,52,61,74]",31,2689,56,0.0208255857195984,2
"[0,1,2,3,4,5,6,7,8,9,10,11,12,13,14,15,16,17,18,19,20,21,22,23,25,26,30,31,34,35,36,37,40,41,49,52,61,74]",34,2689,18,0.00669393826701376,2
"[0,1,2,3,4,5,6,7,8,9,10,11,12,13,14,15,16,17,18,19,20,21,22,23,25,26,30,31,34,35,36,37,40,41,49,52,61,74]",35,2689,34,0.0126441056154704,2
"[0,1,2,3,4,5,6,7,8,9,10,11,12,13,14,15,16,17,18,19,20,21,22,23,25,26,30,31,34,35,36,37,40,41,49,52,61,74]",36,2689,42,0.0156191892896988,2
"[0,1,2,3,4,5,6,7,8,9,10,11,12,13,14,15,16,17,18,19,20,21,22,23,25,26,30,31,34,35,36,37,40,41,49,52,61,74]",37,2689,56,0.0208255857195984,2
"[0,1,2,3,4,5,6,7,8,9,10,11,12,13,14,15,16,17,18,19,20,21,22,23,25,26,30,31,34,35,36,37,40,41,49,52,61,74]",40,2689,9,0.00334696913350688,2
"[0,1,2,3,4,5,6,7,8,9,10,11,12,13,14,15,16,17,18,19,20,21,22,23,25,26,30,31,34,35,36,37,40,41,49,52,61,74]",41,2689,23,0.00855336556340647,2
"[0,1,2,3,4,5,6,7,8,9,10,11,12,13,14,15,16,17,18,19,20,21,22,23,25,26,30,31,34,35,36,37,40,41,49,52,61,74]",49,2689,12,0.00446262551134251,2
"[0,1,2,3,4,5,6,7,8,9,10,11,12,13,14,15,16,17,18,19,20,21,22,23,25,26,30,31,34,35,36,37,40,41,49,52,61,74]",52,2689,30,0.0111565637783563,2
"[0,1,2,3,4,5,6,7,8,9,10,11,12,13,14,15,16,17,18,19,20,21,22,23,25,26,30,31,34,35,36,37,40,41,49,52,61,74]",61,2689,20,0.00743770918557084,2
"[0,1,2,3,4,5,6,7,8,9,10,11,12,13,14,15,16,17,18,19,20,21,22,23,25,26,30,31,34,35,36,37,40,41,49,52,61,74]",74,2689,53,0.0197099293417627,2
"[0,1,2,3,4,5,6,7,8,9,10,11,12,13,14,15,16,17,18,19,20,21,22,23,25,26,30,31,34,35,36,37,41,49,52,54,55,100]",0,13178,96,0.00728486872059493,6
"[0,1,2,3,4,5,6,7,8,9,10,11,12,13,14,15,16,17,18,19,20,21,22,23,25,26,30,31,34,35,36,37,41,49,52,54,55,100]",1,13178,1202,0.0912126271057824,6
"[0,1,2,3,4,5,6,7,8,9,10,11,12,13,14,15,16,17,18,19,20,21,22,23,25,26,30,31,34,35,36,37,41,49,52,54,55,100]",2,13178,719,0.0545606313552891,6
"[0,1,2,3,4,5,6,7,8,9,10,11,12,13,14,15,16,17,18,19,20,21,22,23,25,26,30,31,34,35,36,37,41,49,52,54,55,100]",3,13178,125,0.00948550614660798,6
"[0,1,2,3,4,5,6,7,8,9,10,11,12,13,14,15,16,17,18,19,20,21,22,23,25,26,30,31,34,35,36,37,41,49,52,54,55,100]",4,13178,809,0.0613901957808469,6
"[0,1,2,3,4,5,6,7,8,9,10,11,12,13,14,15,16,17,18,19,20,21,22,23,25,26,30,31,34,35,36,37,41,49,52,54,55,100]",5,13178,482,0.0365761117013204,6
"[0,1,2,3,4,5,6,7,8,9,10,11,12,13,14,15,16,17,18,19,20,21,22,23,25,26,30,31,34,35,36,37,41,49,52,54,55,100]",6,13178,260,0.0197298527849446,6
"[0,1,2,3,4,5,6,7,8,9,10,11,12,13,14,15,16,17,18,19,20,21,22,23,25,26,30,31,34,35,36,37,41,49,52,54,55,100]",7,13178,2565,0.194642586128396,6
"[0,1,2,3,4,5,6,7,8,9,10,11,12,13,14,15,16,17,18,19,20,21,22,23,25,26,30,31,34,35,36,37,41,49,52,54,55,100]",8,13178,623,0.0472757626346942,6
"[0,1,2,3,4,5,6,7,8,9,10,11,12,13,14,15,16,17,18,19,20,21,22,23,25,26,30,31,34,35,36,37,41,49,52,54,55,100]",9,13178,329,0.0249658521778722,6
"[0,1,2,3,4,5,6,7,8,9,10,11,12,13,14,15,16,17,18,19,20,21,22,23,25,26,30,31,34,35,36,37,41,49,52,54,55,100]",10,13178,503,0.0381696767339505,6
"[0,1,2,3,4,5,6,7,8,9,10,11,12,13,14,15,16,17,18,19,20,21,22,23,25,26,30,31,34,35,36,37,41,49,52,54,55,100]",11,13178,882,0.0669297313704659,6
"[0,1,2,3,4,5,6,7,8,9,10,11,12,13,14,15,16,17,18,19,20,21,22,23,25,26,30,31,34,35,36,37,41,49,52,54,55,100]",12,13178,124,0.00940962209743512,6
"[0,1,2,3,4,5,6,7,8,9,10,11,12,13,14,15,16,17,18,19,20,21,22,23,25,26,30,31,34,35,36,37,41,49,52,54,55,100]",13,13178,749,0.056837152830475,6
"[0,1,2,3,4,5,6,7,8,9,10,11,12,13,14,15,16,17,18,19,20,21,22,23,25,26,30,31,34,35,36,37,41,49,52,54,55,100]",14,13178,133,0.0100925785399909,6
"[0,1,2,3,4,5,6,7,8,9,10,11,12,13,14,15,16,17,18,19,20,21,22,23,25,26,30,31,34,35,36,37,41,49,52,54,55,100]",15,13178,369,0.0280012141447868,6
"[0,1,2,3,4,5,6,7,8,9,10,11,12,13,14,15,16,17,18,19,20,21,22,23,25,26,30,31,34,35,36,37,41,49,52,54,55,100]",16,13178,21,0.00159356503263014,6
"[0,1,2,3,4,5,6,7,8,9,10,11,12,13,14,15,16,17,18,19,20,21,22,23,25,26,30,31,34,35,36,37,41,49,52,54,55,100]",17,13178,265,0.0201092730308089,6
"[0,1,2,3,4,5,6,7,8,9,10,11,12,13,14,15,16,17,18,19,20,21,22,23,25,26,30,31,34,35,36,37,41,49,52,54,55,100]",18,13178,153,0.0116102595234482,6
"[0,1,2,3,4,5,6,7,8,9,10,11,12,13,14,15,16,17,18,19,20,21,22,23,25,26,30,31,34,35,36,37,41,49,52,54,55,100]",19,13178,191,0.014493853392017,6
"[0,1,2,3,4,5,6,7,8,9,10,11,12,13,14,15,16,17,18,19,20,21,22,23,25,26,30,31,34,35,36,37,41,49,52,54,55,100]",20,13178,336,0.0254970405220823,6
"[0,1,2,3,4,5,6,7,8,9,10,11,12,13,14,15,16,17,18,19,20,21,22,23,25,26,30,31,34,35,36,37,41,49,52,54,55,100]",21,13178,60,0.00455304295037183,6
"[0,1,2,3,4,5,6,7,8,9,10,11,12,13,14,15,16,17,18,19,20,21,22,23,25,26,30,31,34,35,36,37,41,49,52,54,55,100]",22,13178,50,0.00379420245864319,6
"[0,1,2,3,4,5,6,7,8,9,10,11,12,13,14,15,16,17,18,19,20,21,22,23,25,26,30,31,34,35,36,37,41,49,52,54,55,100]",23,13178,170,0.0129002883593869,6
"[0,1,2,3,4,5,6,7,8,9,10,11,12,13,14,15,16,17,18,19,20,21,22,23,25,26,30,31,34,35,36,37,41,49,52,54,55,100]",25,13178,76,0.00576718773713765,6
"[0,1,2,3,4,5,6,7,8,9,10,11,12,13,14,15,16,17,18,19,20,21,22,23,25,26,30,31,34,35,36,37,41,49,52,54,55,100]",26,13178,694,0.0526635301259675,6
"[0,1,2,3,4,5,6,7,8,9,10,11,12,13,14,15,16,17,18,19,20,21,22,23,25,26,30,31,34,35,36,37,41,49,52,54,55,100]",30,13178,39,0.00295947791774169,6
"[0,1,2,3,4,5,6,7,8,9,10,11,12,13,14,15,16,17,18,19,20,21,22,23,25,26,30,31,34,35,36,37,41,49,52,54,55,100]",31,13178,110,0.00834724540901502,6
"[0,1,2,3,4,5,6,7,8,9,10,11,12,13,14,15,16,17,18,19,20,21,22,23,25,26,30,31,34,35,36,37,41,49,52,54,55,100]",34,13178,60,0.00455304295037183,6
"[0,1,2,3,4,5,6,7,8,9,10,11,12,13,14,15,16,17,18,19,20,21,22,23,25,26,30,31,34,35,36,37,41,49,52,54,55,100]",35,13178,72,0.0054636515404462,6
"[0,1,2,3,4,5,6,7,8,9,10,11,12,13,14,15,16,17,18,19,20,21,22,23,25,26,30,31,34,35,36,37,41,49,52,54,55,100]",36,13178,75,0.00569130368796479,6
"[0,1,2,3,4,5,6,7,8,9,10,11,12,13,14,15,16,17,18,19,20,21,22,23,25,26,30,31,34,35,36,37,41,49,52,54,55,100]",37,13178,445,0.0337684018819244,6
"[0,1,2,3,4,5,6,7,8,9,10,11,12,13,14,15,16,17,18,19,20,21,22,23,25,26,30,31,34,35,36,37,41,49,52,54,55,100]",41,13178,57,0.00432539080285324,6
"[0,1,2,3,4,5,6,7,8,9,10,11,12,13,14,15,16,17,18,19,20,21,22,23,25,26,30,31,34,35,36,37,41,49,52,54,55,100]",49,13178,30,0.00227652147518592,6
"[0,1,2,3,4,5,6,7,8,9,10,11,12,13,14,15,16,17,18,19,20,21,22,23,25,26,30,31,34,35,36,37,41,49,52,54,55,100]",52,13178,69,0.00523599939292761,6
"[0,1,2,3,4,5,6,7,8,9,10,11,12,13,14,15,16,17,18,19,20,21,22,23,25,26,30,31,34,35,36,37,41,49,52,54,55,100]",54,13178,56,0.00424950675368038,6
"[0,1,2,3,4,5,6,7,8,9,10,11,12,13,14,15,16,17,18,19,20,21,22,23,25,26,30,31,34,35,36,37,41,49,52,54,55,100]",55,13178,158,0.0119896797693125,6
"[0,1,2,3,4,5,6,7,8,9,10,11,12,13,14,15,16,17,18,19,20,21,22,23,25,26,30,31,34,35,36,37,41,49,52,54,55,100]",100,13178,21,0.00159356503263014,6
"[0,1,2,3,4,5,6,7,8,9,10,11,12,13,14,15,16,17,18,19,20,21,22,23,25,26,30,31,34,35,36,37,41,49,52,54,55]",0,6336,56,0.00883838383838384,4
"[0,1,2,3,4,5,6,7,8,9,10,11,12,13,14,15,16,17,18,19,20,21,22,23,25,26,30,31,34,35,36,37,41,49,52,54,55]",1,6336,240,0.0378787878787879,4
"[0,1,2,3,4,5,6,7,8,9,10,11,12,13,14,15,16,17,18,19,20,21,22,23,25,26,30,31,34,35,36,37,41,49,52,54,55]",2,6336,302,0.0476641414141414,4
"[0,1,2,3,4,5,6,7,8,9,10,11,12,13,14,15,16,17,18,19,20,21,22,23,25,26,30,31,34,35,36,37,41,49,52,54,55]",3,6336,108,0.0170454545454545,4
"[0,1,2,3,4,5,6,7,8,9,10,11,12,13,14,15,16,17,18,19,20,21,22,23,25,26,30,31,34,35,36,37,41,49,52,54,55]",4,6336,575,0.0907512626262626,4
"[0,1,2,3,4,5,6,7,8,9,10,11,12,13,14,15,16,17,18,19,20,21,22,23,25,26,30,31,34,35,36,37,41,49,52,54,55]",5,6336,438,0.0691287878787879,4
"[0,1,2,3,4,5,6,7,8,9,10,11,12,13,14,15,16,17,18,19,20,21,22,23,25,26,30,31,34,35,36,37,41,49,52,54,55]",6,6336,150,0.0236742424242424,4
"[0,1,2,3,4,5,6,7,8,9,10,11,12,13,14,15,16,17,18,19,20,21,22,23,25,26,30,31,34,35,36,37,41,49,52,54,55]",7,6336,764,0.120580808080808,4
"[0,1,2,3,4,5,6,7,8,9,10,11,12,13,14,15,16,17,18,19,20,21,22,23,25,26,30,31,34,35,36,37,41,49,52,54,55]",8,6336,157,0.0247790404040404,4
"[0,1,2,3,4,5,6,7,8,9,10,11,12,13,14,15,16,17,18,19,20,21,22,23,25,26,30,31,34,35,36,37,41,49,52,54,55]",9,6336,180,0.0284090909090909,4
"[0,1,2,3,4,5,6,7,8,9,10,11,12,13,14,15,16,17,18,19,20,21,22,23,25,26,30,31,34,35,36,37,41,49,52,54,55]",10,6336,153,0.0241477272727273,4
"[0,1,2,3,4,5,6,7,8,9,10,11,12,13,14,15,16,17,18,19,20,21,22,23,25,26,30,31,34,35,36,37,41,49,52,54,55]",11,6336,418,0.0659722222222222,4
"[0,1,2,3,4,5,6,7,8,9,10,11,12,13,14,15,16,17,18,19,20,21,22,23,25,26,30,31,34,35,36,37,41,49,52,54,55]",12,6336,103,0.0162563131313131,4
"[0,1,2,3,4,5,6,7,8,9,10,11,12,13,14,15,16,17,18,19,20,21,22,23,25,26,30,31,34,35,36,37,41,49,52,54,55]",13,6336,288,0.0454545454545455,4
"[0,1,2,3,4,5,6,7,8,9,10,11,12,13,14,15,16,17,18,19,20,21,22,23,25,26,30,31,34,35,36,37,41,49,52,54,55]",14,6336,96,0.0151515151515152,4
"[0,1,2,3,4,5,6,7,8,9,10,11,12,13,14,15,16,17,18,19,20,21,22,23,25,26,30,31,34,35,36,37,41,49,52,54,55]",15,6336,331,0.0522411616161616,4
"[0,1,2,3,4,5,6,7,8,9,10,11,12,13,14,15,16,17,18,19,20,21,22,23,25,26,30,31,34,35,36,37,41,49,52,54,55]",16,6336,24,0.00378787878787879,4
"[0,1,2,3,4,5,6,7,8,9,10,11,12,13,14,15,16,17,18,19,20,21,22,23,25,26,30,31,34,35,36,37,41,49,52,54,55]",17,6336,193,0.0304608585858586,4
"[0,1,2,3,4,5,6,7,8,9,10,11,12,13,14,15,16,17,18,19,20,21,22,23,25,26,30,31,34,35,36,37,41,49,52,54,55]",18,6336,80,0.0126262626262626,4
"[0,1,2,3,4,5,6,7,8,9,10,11,12,13,14,15,16,17,18,19,20,21,22,23,25,26,30,31,34,35,36,37,41,49,52,54,55]",19,6336,83,0.0130997474747475,4
"[0,1,2,3,4,5,6,7,8,9,10,11,12,13,14,15,16,17,18,19,20,21,22,23,25,26,30,31,34,35,36,37,41,49,52,54,55]",20,6336,210,0.0331439393939394,4
"[0,1,2,3,4,5,6,7,8,9,10,11,12,13,14,15,16,17,18,19,20,21,22,23,25,26,30,31,34,35,36,37,41,49,52,54,55]",21,6336,57,0.00899621212121212,4
"[0,1,2,3,4,5,6,7,8,9,10,11,12,13,14,15,16,17,18,19,20,21,22,23,25,26,30,31,34,35,36,37,41,49,52,54,55]",22,6336,61,0.00962752525252525,4
"[0,1,2,3,4,5,6,7,8,9,10,11,12,13,14,15,16,17,18,19,20,21,22,23,25,26,30,31,34,35,36,37,41,49,52,54,55]",23,6336,201,0.0317234848484848,4
"[0,1,2,3,4,5,6,7,8,9,10,11,12,13,14,15,16,17,18,19,20,21,22,23,25,26,30,31,34,35,36,37,41,49,52,54,55]",25,6336,54,0.00852272727272727,4
"[0,1,2,3,4,5,6,7,8,9,10,11,12,13,14,15,16,17,18,19,20,21,22,23,25,26,30,31,34,35,36,37,41,49,52,54,55]",26,6336,243,0.0383522727272727,4
"[0,1,2,3,4,5,6,7,8,9,10,11,12,13,14,15,16,17,18,19,20,21,22,23,25,26,30,31,34,35,36,37,41,49,52,54,55]",30,6336,26,0.00410353535353535,4
"[0,1,2,3,4,5,6,7,8,9,10,11,12,13,14,15,16,17,18,19,20,21,22,23,25,26,30,31,34,35,36,37,41,49,52,54,55]",31,6336,113,0.017834595959596,4
"[0,1,2,3,4,5,6,7,8,9,10,11,12,13,14,15,16,17,18,19,20,21,22,23,25,26,30,31,34,35,36,37,41,49,52,54,55]",34,6336,34,0.00536616161616162,4
"[0,1,2,3,4,5,6,7,8,9,10,11,12,13,14,15,16,17,18,19,20,21,22,23,25,26,30,31,34,35,36,37,41,49,52,54,55]",35,6336,65,0.0102588383838384,4
"[0,1,2,3,4,5,6,7,8,9,10,11,12,13,14,15,16,17,18,19,20,21,22,23,25,26,30,31,34,35,36,37,41,49,52,54,55]",36,6336,46,0.00726010101010101,4
"[0,1,2,3,4,5,6,7,8,9,10,11,12,13,14,15,16,17,18,19,20,21,22,23,25,26,30,31,34,35,36,37,41,49,52,54,55]",37,6336,247,0.0389835858585859,4
"[0,1,2,3,4,5,6,7,8,9,10,11,12,13,14,15,16,17,18,19,20,21,22,23,25,26,30,31,34,35,36,37,41,49,52,54,55]",41,6336,48,0.00757575757575758,4
"[0,1,2,3,4,5,6,7,8,9,10,11,12,13,14,15,16,17,18,19,20,21,22,23,25,26,30,31,34,35,36,37,41,49,52,54,55]",49,6336,15,0.00236742424242424,4
"[0,1,2,3,4,5,6,7,8,9,10,11,12,13,14,15,16,17,18,19,20,21,22,23,25,26,30,31,34,35,36,37,41,49,52,54,55]",52,6336,70,0.0110479797979798,4
"[0,1,2,3,4,5,6,7,8,9,10,11,12,13,14,15,16,17,18,19,20,21,22,23,25,26,30,31,34,35,36,37,41,49,52,54,55]",54,6336,38,0.00599747474747475,4
"[0,1,2,3,4,5,6,7,8,9,10,11,12,13,14,15,16,17,18,19,20,21,22,23,25,26,30,31,34,35,36,37,41,49,52,54,55]",55,6336,69,0.0108901515151515,4
"[0,1,2,3,4,5,6,7,8,9,10,11,12,13,14,15,16,17,18,19,20,21,22,23,25,26,30,31,34,35,36,37,41,49,52,54,61,74,100]",0,1006,24,0.0238568588469185,1
"[0,1,2,3,4,5,6,7,8,9,10,11,12,13,14,15,16,17,18,19,20,21,22,23,25,26,30,31,34,35,36,37,41,49,52,54,61,74,100]",1,1006,24,0.0238568588469185,1
"[0,1,2,3,4,5,6,7,8,9,10,11,12,13,14,15,16,17,18,19,20,21,22,23,25,26,30,31,34,35,36,37,41,49,52,54,61,74,100]",2,1006,87,0.0864811133200795,1
"[0,1,2,3,4,5,6,7,8,9,10,11,12,13,14,15,16,17,18,19,20,21,22,23,25,26,30,31,34,35,36,37,41,49,52,54,61,74,100]",3,1006,12,0.0119284294234592,1
"[0,1,2,3,4,5,6,7,8,9,10,11,12,13,14,15,16,17,18,19,20,21,22,23,25,26,30,31,34,35,36,37,41,49,52,54,61,74,100]",4,1006,41,0.0407554671968191,1
"[0,1,2,3,4,5,6,7,8,9,10,11,12,13,14,15,16,17,18,19,20,21,22,23,25,26,30,31,34,35,36,37,41,49,52,54,61,74,100]",5,1006,33,0.0328031809145129,1
"[0,1,2,3,4,5,6,7,8,9,10,11,12,13,14,15,16,17,18,19,20,21,22,23,25,26,30,31,34,35,36,37,41,49,52,54,61,74,100]",6,1006,16,0.0159045725646123,1
"[0,1,2,3,4,5,6,7,8,9,10,11,12,13,14,15,16,17,18,19,20,21,22,23,25,26,30,31,34,35,36,37,41,49,52,54,61,74,100]",7,1006,122,0.121272365805169,1
"[0,1,2,3,4,5,6,7,8,9,10,11,12,13,14,15,16,17,18,19,20,21,22,23,25,26,30,31,34,35,36,37,41,49,52,54,61,74,100]",8,1006,10,0.0099403578528827,1
"[0,1,2,3,4,5,6,7,8,9,10,11,12,13,14,15,16,17,18,19,20,21,22,23,25,26,30,31,34,35,36,37,41,49,52,54,61,74,100]",9,1006,24,0.0238568588469185,1
"[0,1,2,3,4,5,6,7,8,9,10,11,12,13,14,15,16,17,18,19,20,21,22,23,25,26,30,31,34,35,36,37,41,49,52,54,61,74,100]",10,1006,15,0.0149105367793241,1
"[0,1,2,3,4,5,6,7,8,9,10,11,12,13,14,15,16,17,18,19,20,21,22,23,25,26,30,31,34,35,36,37,41,49,52,54,61,74,100]",11,1006,63,0.062624254473161,1
"[0,1,2,3,4,5,6,7,8,9,10,11,12,13,14,15,16,17,18,19,20,21,22,23,25,26,30,31,34,35,36,37,41,49,52,54,61,74,100]",12,1006,26,0.025844930417495,1
"[0,1,2,3,4,5,6,7,8,9,10,11,12,13,14,15,16,17,18,19,20,21,22,23,25,26,30,31,34,35,36,37,41,49,52,54,61,74,100]",13,1006,31,0.0308151093439364,1
"[0,1,2,3,4,5,6,7,8,9,10,11,12,13,14,15,16,17,18,19,20,21,22,23,25,26,30,31,34,35,36,37,41,49,52,54,61,74,100]",14,1006,20,0.0198807157057654,1
"[0,1,2,3,4,5,6,7,8,9,10,11,12,13,14,15,16,17,18,19,20,21,22,23,25,26,30,31,34,35,36,37,41,49,52,54,61,74,100]",15,1006,19,0.0188866799204771,1
"[0,1,2,3,4,5,6,7,8,9,10,11,12,13,14,15,16,17,18,19,20,21,22,23,25,26,30,31,34,35,36,37,41,49,52,54,61,74,100]",16,1006,2,0.00198807157057654,1
"[0,1,2,3,4,5,6,7,8,9,10,11,12,13,14,15,16,17,18,19,20,21,22,23,25,26,30,31,34,35,36,37,41,49,52,54,61,74,100]",17,1006,35,0.0347912524850895,1
"[0,1,2,3,4,5,6,7,8,9,10,11,12,13,14,15,16,17,18,19,20,21,22,23,25,26,30,31,34,35,36,37,41,49,52,54,61,74,100]",18,1006,16,0.0159045725646123,1
"[0,1,2,3,4,5,6,7,8,9,10,11,12,13,14,15,16,17,18,19,20,21,22,23,25,26,30,31,34,35,36,37,41,49,52,54,61,74,100]",19,1006,35,0.0347912524850895,1
"[0,1,2,3,4,5,6,7,8,9,10,11,12,13,14,15,16,17,18,19,20,21,22,23,25,26,30,31,34,35,36,37,41,49,52,54,61,74,100]",20,1006,71,0.0705765407554672,1
"[0,1,2,3,4,5,6,7,8,9,10,11,12,13,14,15,16,17,18,19,20,21,22,23,25,26,30,31,34,35,36,37,41,49,52,54,61,74,100]",21,1006,11,0.010934393638171,1
"[0,1,2,3,4,5,6,7,8,9,10,11,12,13,14,15,16,17,18,19,20,21,22,23,25,26,30,31,34,35,36,37,41,49,52,54,61,74,100]",22,1006,10,0.0099403578528827,1
"[0,1,2,3,4,5,6,7,8,9,10,11,12,13,14,15,16,17,18,19,20,21,22,23,25,26,30,31,34,35,36,37,41,49,52,54,61,74,100]",23,1006,13,0.0129224652087475,1
"[0,1,2,3,4,5,6,7,8,9,10,11,12,13,14,15,16,17,18,19,20,21,22,23,25,26,30,31,34,35,36,37,41,49,52,54,61,74,100]",25,1006,16,0.0159045725646123,1
"[0,1,2,3,4,5,6,7,8,9,10,11,12,13,14,15,16,17,18,19,20,21,22,23,25,26,30,31,34,35,36,37,41,49,52,54,61,74,100]",26,1006,40,0.0397614314115308,1
"[0,1,2,3,4,5,6,7,8,9,10,11,12,13,14,15,16,17,18,19,20,21,22,23,25,26,30,31,34,35,36,37,41,49,52,54,61,74,100]",30,1006,9,0.00894632206759443,1
"[0,1,2,3,4,5,6,7,8,9,10,11,12,13,14,15,16,17,18,19,20,21,22,23,25,26,30,31,34,35,36,37,41,49,52,54,61,74,100]",31,1006,14,0.0139165009940358,1
"[0,1,2,3,4,5,6,7,8,9,10,11,12,13,14,15,16,17,18,19,20,21,22,23,25,26,30,31,34,35,36,37,41,49,52,54,61,74,100]",34,1006,6,0.00596421471172962,1
"[0,1,2,3,4,5,6,7,8,9,10,11,12,13,14,15,16,17,18,19,20,21,22,23,25,26,30,31,34,35,36,37,41,49,52,54,61,74,100]",35,1006,31,0.0308151093439364,1
"[0,1,2,3,4,5,6,7,8,9,10,11,12,13,14,15,16,17,18,19,20,21,22,23,25,26,30,31,34,35,36,37,41,49,52,54,61,74,100]",36,1006,5,0.00497017892644135,1
"[0,1,2,3,4,5,6,7,8,9,10,11,12,13,14,15,16,17,18,19,20,21,22,23,25,26,30,31,34,35,36,37,41,49,52,54,61,74,100]",37,1006,42,0.0417495029821074,1
"[0,1,2,3,4,5,6,7,8,9,10,11,12,13,14,15,16,17,18,19,20,21,22,23,25,26,30,31,34,35,36,37,41,49,52,54,61,74,100]",41,1006,10,0.0099403578528827,1
"[0,1,2,3,4,5,6,7,8,9,10,11,12,13,14,15,16,17,18,19,20,21,22,23,25,26,30,31,34,35,36,37,41,49,52,54,61,74,100]",49,1006,27,0.0268389662027833,1
"[0,1,2,3,4,5,6,7,8,9,10,11,12,13,14,15,16,17,18,19,20,21,22,23,25,26,30,31,34,35,36,37,41,49,52,54,61,74,100]",52,1006,12,0.0119284294234592,1
"[0,1,2,3,4,5,6,7,8,9,10,11,12,13,14,15,16,17,18,19,20,21,22,23,25,26,30,31,34,35,36,37,41,49,52,54,61,74,100]",54,1006,12,0.0119284294234592,1
"[0,1,2,3,4,5,6,7,8,9,10,11,12,13,14,15,16,17,18,19,20,21,22,23,25,26,30,31,34,35,36,37,41,49,52,54,61,74,100]",61,1006,3,0.00298210735586481,1
"[0,1,2,3,4,5,6,7,8,9,10,11,12,13,14,15,16,17,18,19,20,21,22,23,25,26,30,31,34,35,36,37,41,49,52,54,61,74,100]",74,1006,13,0.0129224652087475,1
"[0,1,2,3,4,5,6,7,8,9,10,11,12,13,14,15,16,17,18,19,20,21,22,23,25,26,30,31,34,35,36,37,41,49,52,54,61,74,100]",100,1006,6,0.00596421471172962,1
"[0,1,2,3,4,5,6,7,8,9,10,11,12,13,14,15,16,17,18,19,20,21,22,23,25,26,30,31,34,35,36,37,41,49,54,55,75,90]",0,31864,363,0.0113921667085112,16
"[0,1,2,3,4,5,6,7,8,9,10,11,12,13,14,15,16,17,18,19,20,21,22,23,25,26,30,31,34,35,36,37,41,49,54,55,75,90]",1,31864,4168,0.130805925182024,16
"[0,1,2,3,4,5,6,7,8,9,10,11,12,13,14,15,16,17,18,19,20,21,22,23,25,26,30,31,34,35,36,37,41,49,54,55,75,90]",2,31864,662,0.0207757971378358,16
"[0,1,2,3,4,5,6,7,8,9,10,11,12,13,14,15,16,17,18,19,20,21,22,23,25,26,30,31,34,35,36,37,41,49,54,55,75,90]",3,31864,202,0.00633944263118253,16
"[0,1,2,3,4,5,6,7,8,9,10,11,12,13,14,15,16,17,18,19,20,21,22,23,25,26,30,31,34,35,36,37,41,49,54,55,75,90]",4,31864,787,0.024698719558122,16
"[0,1,2,3,4,5,6,7,8,9,10,11,12,13,14,15,16,17,18,19,20,21,22,23,25,26,30,31,34,35,36,37,41,49,54,55,75,90]",5,31864,555,0.0174177755460708,16
"[0,1,2,3,4,5,6,7,8,9,10,11,12,13,14,15,16,17,18,19,20,21,22,23,25,26,30,31,34,35,36,37,41,49,54,55,75,90]",6,31864,734,0.0230354004519207,16
"[0,1,2,3,4,5,6,7,8,9,10,11,12,13,14,15,16,17,18,19,20,21,22,23,25,26,30,31,34,35,36,37,41,49,54,55,75,90]",7,31864,4107,0.128891539040924,16
"[0,1,2,3,4,5,6,7,8,9,10,11,12,13,14,15,16,17,18,19,20,21,22,23,25,26,30,31,34,35,36,37,41,49,54,55,75,90]",8,31864,1827,0.0573374340949033,16
"[0,1,2,3,4,5,6,7,8,9,10,11,12,13,14,15,16,17,18,19,20,21,22,23,25,26,30,31,34,35,36,37,41,49,54,55,75,90]",9,31864,956,0.030002510670349,16
"[0,1,2,3,4,5,6,7,8,9,10,11,12,13,14,15,16,17,18,19,20,21,22,23,25,26,30,31,34,35,36,37,41,49,54,55,75,90]",10,31864,850,0.0266758724579463,16
"[0,1,2,3,4,5,6,7,8,9,10,11,12,13,14,15,16,17,18,19,20,21,22,23,25,26,30,31,34,35,36,37,41,49,54,55,75,90]",11,31864,2015,0.0632375094150138,16
"[0,1,2,3,4,5,6,7,8,9,10,11,12,13,14,15,16,17,18,19,20,21,22,23,25,26,30,31,34,35,36,37,41,49,54,55,75,90]",12,31864,290,0.00910118001506402,16
"[0,1,2,3,4,5,6,7,8,9,10,11,12,13,14,15,16,17,18,19,20,21,22,23,25,26,30,31,34,35,36,37,41,49,54,55,75,90]",13,31864,1639,0.0514373587747929,16
"[0,1,2,3,4,5,6,7,8,9,10,11,12,13,14,15,16,17,18,19,20,21,22,23,25,26,30,31,34,35,36,37,41,49,54,55,75,90]",14,31864,367,0.0115177002259603,16
"[0,1,2,3,4,5,6,7,8,9,10,11,12,13,14,15,16,17,18,19,20,21,22,23,25,26,30,31,34,35,36,37,41,49,54,55,75,90]",15,31864,470,0.0147501883002762,16
"[0,1,2,3,4,5,6,7,8,9,10,11,12,13,14,15,16,17,18,19,20,21,22,23,25,26,30,31,34,35,36,37,41,49,54,55,75,90]",16,31864,78,0.0024479035902586,16
"[0,1,2,3,4,5,6,7,8,9,10,11,12,13,14,15,16,17,18,19,20,21,22,23,25,26,30,31,34,35,36,37,41,49,54,55,75,90]",17,31864,858,0.0269269394928446,16
"[0,1,2,3,4,5,6,7,8,9,10,11,12,13,14,15,16,17,18,19,20,21,22,23,25,26,30,31,34,35,36,37,41,49,54,55,75,90]",18,31864,1357,0.0425872457946272,16
"[0,1,2,3,4,5,6,7,8,9,10,11,12,13,14,15,16,17,18,19,20,21,22,23,25,26,30,31,34,35,36,37,41,49,54,55,75,90]",19,31864,1360,0.042681395932714,16
"[0,1,2,3,4,5,6,7,8,9,10,11,12,13,14,15,16,17,18,19,20,21,22,23,25,26,30,31,34,35,36,37,41,49,54,55,75,90]",20,31864,965,0.0302849610846096,16
"[0,1,2,3,4,5,6,7,8,9,10,11,12,13,14,15,16,17,18,19,20,21,22,23,25,26,30,31,34,35,36,37,41,49,54,55,75,90]",21,31864,235,0.00737509415013809,16
"[0,1,2,3,4,5,6,7,8,9,10,11,12,13,14,15,16,17,18,19,20,21,22,23,25,26,30,31,34,35,36,37,41,49,54,55,75,90]",22,31864,135,0.00423675621390911,16
"[0,1,2,3,4,5,6,7,8,9,10,11,12,13,14,15,16,17,18,19,20,21,22,23,25,26,30,31,34,35,36,37,41,49,54,55,75,90]",23,31864,362,0.0113607833291489,16
"[0,1,2,3,4,5,6,7,8,9,10,11,12,13,14,15,16,17,18,19,20,21,22,23,25,26,30,31,34,35,36,37,41,49,54,55,75,90]",25,31864,210,0.00659050966608084,16
"[0,1,2,3,4,5,6,7,8,9,10,11,12,13,14,15,16,17,18,19,20,21,22,23,25,26,30,31,34,35,36,37,41,49,54,55,75,90]",26,31864,1848,0.0579964850615114,16
"[0,1,2,3,4,5,6,7,8,9,10,11,12,13,14,15,16,17,18,19,20,21,22,23,25,26,30,31,34,35,36,37,41,49,54,55,75,90]",30,31864,91,0.00285588752196837,16
"[0,1,2,3,4,5,6,7,8,9,10,11,12,13,14,15,16,17,18,19,20,21,22,23,25,26,30,31,34,35,36,37,41,49,54,55,75,90]",31,31864,282,0.0088501129801657,16
"[0,1,2,3,4,5,6,7,8,9,10,11,12,13,14,15,16,17,18,19,20,21,22,23,25,26,30,31,34,35,36,37,41,49,54,55,75,90]",34,31864,154,0.00483304042179262,16
"[0,1,2,3,4,5,6,7,8,9,10,11,12,13,14,15,16,17,18,19,20,21,22,23,25,26,30,31,34,35,36,37,41,49,54,55,75,90]",35,31864,194,0.00608837559628421,16
"[0,1,2,3,4,5,6,7,8,9,10,11,12,13,14,15,16,17,18,19,20,21,22,23,25,26,30,31,34,35,36,37,41,49,54,55,75,90]",36,31864,316,0.00991714787848355,16
"[0,1,2,3,4,5,6,7,8,9,10,11,12,13,14,15,16,17,18,19,20,21,22,23,25,26,30,31,34,35,36,37,41,49,54,55,75,90]",37,31864,2150,0.0674742656289229,16
"[0,1,2,3,4,5,6,7,8,9,10,11,12,13,14,15,16,17,18,19,20,21,22,23,25,26,30,31,34,35,36,37,41,49,54,55,75,90]",41,31864,166,0.0052096409741401,16
"[0,1,2,3,4,5,6,7,8,9,10,11,12,13,14,15,16,17,18,19,20,21,22,23,25,26,30,31,34,35,36,37,41,49,54,55,75,90]",49,31864,85,0.00266758724579463,16
"[0,1,2,3,4,5,6,7,8,9,10,11,12,13,14,15,16,17,18,19,20,21,22,23,25,26,30,31,34,35,36,37,41,49,54,55,75,90]",54,31864,167,0.00524102435350238,16
"[0,1,2,3,4,5,6,7,8,9,10,11,12,13,14,15,16,17,18,19,20,21,22,23,25,26,30,31,34,35,36,37,41,49,54,55,75,90]",55,31864,469,0.0147188049209139,16
"[0,1,2,3,4,5,6,7,8,9,10,11,12,13,14,15,16,17,18,19,20,21,22,23,25,26,30,31,34,35,36,37,41,49,54,55,75,90]",75,31864,189,0.00593145869947276,16
"[0,1,2,3,4,5,6,7,8,9,10,11,12,13,14,15,16,17,18,19,20,21,22,23,25,26,30,31,34,35,36,37,41,49,54,55,75,90]",90,31864,201,0.00630805925182024,16
"[0,1,2,3,4,5,6,7,8,9,10,11,12,13,14,15,16,17,18,19,20,21,22,23,25,26,30,31,34,35,36,37,41,52,54,55,74,100]",0,1227,17,0.0138549307253464,1
"[0,1,2,3,4,5,6,7,8,9,10,11,12,13,14,15,16,17,18,19,20,21,22,23,25,26,30,31,34,35,36,37,41,52,54,55,74,100]",1,1227,54,0.0440097799511002,1
"[0,1,2,3,4,5,6,7,8,9,10,11,12,13,14,15,16,17,18,19,20,21,22,23,25,26,30,31,34,35,36,37,41,52,54,55,74,100]",2,1227,129,0.105134474327628,1
"[0,1,2,3,4,5,6,7,8,9,10,11,12,13,14,15,16,17,18,19,20,21,22,23,25,26,30,31,34,35,36,37,41,52,54,55,74,100]",3,1227,13,0.0105949470252649,1
"[0,1,2,3,4,5,6,7,8,9,10,11,12,13,14,15,16,17,18,19,20,21,22,23,25,26,30,31,34,35,36,37,41,52,54,55,74,100]",4,1227,42,0.0342298288508557,1
"[0,1,2,3,4,5,6,7,8,9,10,11,12,13,14,15,16,17,18,19,20,21,22,23,25,26,30,31,34,35,36,37,41,52,54,55,74,100]",5,1227,37,0.0301548492257539,1
"[0,1,2,3,4,5,6,7,8,9,10,11,12,13,14,15,16,17,18,19,20,21,22,23,25,26,30,31,34,35,36,37,41,52,54,55,74,100]",6,1227,100,0.0814995925020375,1
"[0,1,2,3,4,5,6,7,8,9,10,11,12,13,14,15,16,17,18,19,20,21,22,23,25,26,30,31,34,35,36,37,41,52,54,55,74,100]",7,1227,150,0.122249388753056,1
"[0,1,2,3,4,5,6,7,8,9,10,11,12,13,14,15,16,17,18,19,20,21,22,23,25,26,30,31,34,35,36,37,41,52,54,55,74,100]",8,1227,29,0.0236348818255909,1
"[0,1,2,3,4,5,6,7,8,9,10,11,12,13,14,15,16,17,18,19,20,21,22,23,25,26,30,31,34,35,36,37,41,52,54,55,74,100]",9,1227,26,0.0211898940505297,1
"[0,1,2,3,4,5,6,7,8,9,10,11,12,13,14,15,16,17,18,19,20,21,22,23,25,26,30,31,34,35,36,37,41,52,54,55,74,100]",10,1227,31,0.0252648736756316,1
"[0,1,2,3,4,5,6,7,8,9,10,11,12,13,14,15,16,17,18,19,20,21,22,23,25,26,30,31,34,35,36,37,41,52,54,55,74,100]",11,1227,46,0.0374898125509372,1
"[0,1,2,3,4,5,6,7,8,9,10,11,12,13,14,15,16,17,18,19,20,21,22,23,25,26,30,31,34,35,36,37,41,52,54,55,74,100]",12,1227,16,0.013039934800326,1
"[0,1,2,3,4,5,6,7,8,9,10,11,12,13,14,15,16,17,18,19,20,21,22,23,25,26,30,31,34,35,36,37,41,52,54,55,74,100]",13,1227,37,0.0301548492257539,1
"[0,1,2,3,4,5,6,7,8,9,10,11,12,13,14,15,16,17,18,19,20,21,22,23,25,26,30,31,34,35,36,37,41,52,54,55,74,100]",14,1227,13,0.0105949470252649,1
"[0,1,2,3,4,5,6,7,8,9,10,11,12,13,14,15,16,17,18,19,20,21,22,23,25,26,30,31,34,35,36,37,41,52,54,55,74,100]",15,1227,41,0.0334148329258354,1
"[0,1,2,3,4,5,6,7,8,9,10,11,12,13,14,15,16,17,18,19,20,21,22,23,25,26,30,31,34,35,36,37,41,52,54,55,74,100]",16,1227,4,0.0032599837000815,1
"[0,1,2,3,4,5,6,7,8,9,10,11,12,13,14,15,16,17,18,19,20,21,22,23,25,26,30,31,34,35,36,37,41,52,54,55,74,100]",17,1227,60,0.0488997555012225,1
"[0,1,2,3,4,5,6,7,8,9,10,11,12,13,14,15,16,17,18,19,20,21,22,23,25,26,30,31,34,35,36,37,41,52,54,55,74,100]",18,1227,47,0.0383048084759576,1
"[0,1,2,3,4,5,6,7,8,9,10,11,12,13,14,15,16,17,18,19,20,21,22,23,25,26,30,31,34,35,36,37,41,52,54,55,74,100]",19,1227,33,0.0268948655256724,1
"[0,1,2,3,4,5,6,7,8,9,10,11,12,13,14,15,16,17,18,19,20,21,22,23,25,26,30,31,34,35,36,37,41,52,54,55,74,100]",20,1227,40,0.032599837000815,1
"[0,1,2,3,4,5,6,7,8,9,10,11,12,13,14,15,16,17,18,19,20,21,22,23,25,26,30,31,34,35,36,37,41,52,54,55,74,100]",21,1227,14,0.0114099429502852,1
"[0,1,2,3,4,5,6,7,8,9,10,11,12,13,14,15,16,17,18,19,20,21,22,23,25,26,30,31,34,35,36,37,41,52,54,55,74,100]",22,1227,9,0.00733496332518337,1
"[0,1,2,3,4,5,6,7,8,9,10,11,12,13,14,15,16,17,18,19,20,21,22,23,25,26,30,31,34,35,36,37,41,52,54,55,74,100]",23,1227,22,0.0179299103504482,1
"[0,1,2,3,4,5,6,7,8,9,10,11,12,13,14,15,16,17,18,19,20,21,22,23,25,26,30,31,34,35,36,37,41,52,54,55,74,100]",25,1227,16,0.013039934800326,1
"[0,1,2,3,4,5,6,7,8,9,10,11,12,13,14,15,16,17,18,19,20,21,22,23,25,26,30,31,34,35,36,37,41,52,54,55,74,100]",26,1227,31,0.0252648736756316,1
"[0,1,2,3,4,5,6,7,8,9,10,11,12,13,14,15,16,17,18,19,20,21,22,23,25,26,30,31,34,35,36,37,41,52,54,55,74,100]",30,1227,14,0.0114099429502852,1
"[0,1,2,3,4,5,6,7,8,9,10,11,12,13,14,15,16,17,18,19,20,21,22,23,25,26,30,31,34,35,36,37,41,52,54,55,74,100]",31,1227,15,0.0122249388753056,1
"[0,1,2,3,4,5,6,7,8,9,10,11,12,13,14,15,16,17,18,19,20,21,22,23,25,26,30,31,34,35,36,37,41,52,54,55,74,100]",34,1227,15,0.0122249388753056,1
"[0,1,2,3,4,5,6,7,8,9,10,11,12,13,14,15,16,17,18,19,20,21,22,23,25,26,30,31,34,35,36,37,41,52,54,55,74,100]",35,1227,17,0.0138549307253464,1
"[0,1,2,3,4,5,6,7,8,9,10,11,12,13,14,15,16,17,18,19,20,21,22,23,25,26,30,31,34,35,36,37,41,52,54,55,74,100]",36,1227,7,0.00570497147514262,1
"[0,1,2,3,4,5,6,7,8,9,10,11,12,13,14,15,16,17,18,19,20,21,22,23,25,26,30,31,34,35,36,37,41,52,54,55,74,100]",37,1227,39,0.0317848410757946,1
"[0,1,2,3,4,5,6,7,8,9,10,11,12,13,14,15,16,17,18,19,20,21,22,23,25,26,30,31,34,35,36,37,41,52,54,55,74,100]",41,1227,17,0.0138549307253464,1
"[0,1,2,3,4,5,6,7,8,9,10,11,12,13,14,15,16,17,18,19,20,21,22,23,25,26,30,31,34,35,36,37,41,52,54,55,74,100]",52,1227,16,0.013039934800326,1
"[0,1,2,3,4,5,6,7,8,9,10,11,12,13,14,15,16,17,18,19,20,21,22,23,25,26,30,31,34,35,36,37,41,52,54,55,74,100]",54,1227,6,0.00488997555012225,1
"[0,1,2,3,4,5,6,7,8,9,10,11,12,13,14,15,16,17,18,19,20,21,22,23,25,26,30,31,34,35,36,37,41,52,54,55,74,100]",55,1227,12,0.0097799511002445,1
"[0,1,2,3,4,5,6,7,8,9,10,11,12,13,14,15,16,17,18,19,20,21,22,23,25,26,30,31,34,35,36,37,41,52,54,55,74,100]",74,1227,11,0.00896495517522412,1
"[0,1,2,3,4,5,6,7,8,9,10,11,12,13,14,15,16,17,18,19,20,21,22,23,25,26,30,31,34,35,36,37,41,52,54,55,74,100]",100,1227,1,0.000814995925020375,1
"[0,1,2,3,4,5,6,7,8,9,10,11,12,13,14,15,16,17,18,19,20,21,22,23,25,26,30,31,34,35,36,37,41,52,54,74,100]",0,3667,33,0.00899918189255522,2
"[0,1,2,3,4,5,6,7,8,9,10,11,12,13,14,15,16,17,18,19,20,21,22,23,25,26,30,31,34,35,36,37,41,52,54,74,100]",1,3667,82,0.0223616034905918,2
"[0,1,2,3,4,5,6,7,8,9,10,11,12,13,14,15,16,17,18,19,20,21,22,23,25,26,30,31,34,35,36,37,41,52,54,74,100]",2,3667,167,0.0455413144259613,2
"[0,1,2,3,4,5,6,7,8,9,10,11,12,13,14,15,16,17,18,19,20,21,22,23,25,26,30,31,34,35,36,37,41,52,54,74,100]",3,3667,27,0.00736296700299973,2
"[0,1,2,3,4,5,6,7,8,9,10,11,12,13,14,15,16,17,18,19,20,21,22,23,25,26,30,31,34,35,36,37,41,52,54,74,100]",4,3667,79,0.021543496045814,2
"[0,1,2,3,4,5,6,7,8,9,10,11,12,13,14,15,16,17,18,19,20,21,22,23,25,26,30,31,34,35,36,37,41,52,54,74,100]",5,3667,55,0.014998636487592,2
"[0,1,2,3,4,5,6,7,8,9,10,11,12,13,14,15,16,17,18,19,20,21,22,23,25,26,30,31,34,35,36,37,41,52,54,74,100]",6,3667,53,0.0144532315244069,2
"[0,1,2,3,4,5,6,7,8,9,10,11,12,13,14,15,16,17,18,19,20,21,22,23,25,26,30,31,34,35,36,37,41,52,54,74,100]",7,3667,682,0.185983092446141,2
"[0,1,2,3,4,5,6,7,8,9,10,11,12,13,14,15,16,17,18,19,20,21,22,23,25,26,30,31,34,35,36,37,41,52,54,74,100]",8,3667,27,0.00736296700299973,2
"[0,1,2,3,4,5,6,7,8,9,10,11,12,13,14,15,16,17,18,19,20,21,22,23,25,26,30,31,34,35,36,37,41,52,54,74,100]",9,3667,135,0.0368148350149986,2
"[0,1,2,3,4,5,6,7,8,9,10,11,12,13,14,15,16,17,18,19,20,21,22,23,25,26,30,31,34,35,36,37,41,52,54,74,100]",10,3667,134,0.0365421325334061,2
"[0,1,2,3,4,5,6,7,8,9,10,11,12,13,14,15,16,17,18,19,20,21,22,23,25,26,30,31,34,35,36,37,41,52,54,74,100]",11,3667,224,0.0610853558767385,2
"[0,1,2,3,4,5,6,7,8,9,10,11,12,13,14,15,16,17,18,19,20,21,22,23,25,26,30,31,34,35,36,37,41,52,54,74,100]",12,3667,32,0.00872647941096264,2
"[0,1,2,3,4,5,6,7,8,9,10,11,12,13,14,15,16,17,18,19,20,21,22,23,25,26,30,31,34,35,36,37,41,52,54,74,100]",13,3667,275,0.0749931824379602,2
"[0,1,2,3,4,5,6,7,8,9,10,11,12,13,14,15,16,17,18,19,20,21,22,23,25,26,30,31,34,35,36,37,41,52,54,74,100]",14,3667,41,0.0111808017452959,2
"[0,1,2,3,4,5,6,7,8,9,10,11,12,13,14,15,16,17,18,19,20,21,22,23,25,26,30,31,34,35,36,37,41,52,54,74,100]",15,3667,55,0.014998636487592,2
"[0,1,2,3,4,5,6,7,8,9,10,11,12,13,14,15,16,17,18,19,20,21,22,23,25,26,30,31,34,35,36,37,41,52,54,74,100]",16,3667,13,0.00354513226070357,2
"[0,1,2,3,4,5,6,7,8,9,10,11,12,13,14,15,16,17,18,19,20,21,22,23,25,26,30,31,34,35,36,37,41,52,54,74,100]",17,3667,110,0.0299972729751841,2
"[0,1,2,3,4,5,6,7,8,9,10,11,12,13,14,15,16,17,18,19,20,21,22,23,25,26,30,31,34,35,36,37,41,52,54,74,100]",18,3667,316,0.0861739841832561,2
"[0,1,2,3,4,5,6,7,8,9,10,11,12,13,14,15,16,17,18,19,20,21,22,23,25,26,30,31,34,35,36,37,41,52,54,74,100]",19,3667,329,0.0897191164439596,2
"[0,1,2,3,4,5,6,7,8,9,10,11,12,13,14,15,16,17,18,19,20,21,22,23,25,26,30,31,34,35,36,37,41,52,54,74,100]",20,3667,97,0.0264521407144805,2
"[0,1,2,3,4,5,6,7,8,9,10,11,12,13,14,15,16,17,18,19,20,21,22,23,25,26,30,31,34,35,36,37,41,52,54,74,100]",21,3667,18,0.00490864466866649,2
"[0,1,2,3,4,5,6,7,8,9,10,11,12,13,14,15,16,17,18,19,20,21,22,23,25,26,30,31,34,35,36,37,41,52,54,74,100]",22,3667,55,0.014998636487592,2
"[0,1,2,3,4,5,6,7,8,9,10,11,12,13,14,15,16,17,18,19,20,21,22,23,25,26,30,31,34,35,36,37,41,52,54,74,100]",23,3667,68,0.0185437687482956,2
"[0,1,2,3,4,5,6,7,8,9,10,11,12,13,14,15,16,17,18,19,20,21,22,23,25,26,30,31,34,35,36,37,41,52,54,74,100]",25,3667,17,0.0046359421870739,2
"[0,1,2,3,4,5,6,7,8,9,10,11,12,13,14,15,16,17,18,19,20,21,22,23,25,26,30,31,34,35,36,37,41,52,54,74,100]",26,3667,47,0.0128170166348514,2
"[0,1,2,3,4,5,6,7,8,9,10,11,12,13,14,15,16,17,18,19,20,21,22,23,25,26,30,31,34,35,36,37,41,52,54,74,100]",30,3667,43,0.011726206708481,2
"[0,1,2,3,4,5,6,7,8,9,10,11,12,13,14,15,16,17,18,19,20,21,22,23,25,26,30,31,34,35,36,37,41,52,54,74,100]",31,3667,42,0.0114535042268885,2
"[0,1,2,3,4,5,6,7,8,9,10,11,12,13,14,15,16,17,18,19,20,21,22,23,25,26,30,31,34,35,36,37,41,52,54,74,100]",34,3667,18,0.00490864466866649,2
"[0,1,2,3,4,5,6,7,8,9,10,11,12,13,14,15,16,17,18,19,20,21,22,23,25,26,30,31,34,35,36,37,41,52,54,74,100]",35,3667,32,0.00872647941096264,2
"[0,1,2,3,4,5,6,7,8,9,10,11,12,13,14,15,16,17,18,19,20,21,22,23,25,26,30,31,34,35,36,37,41,52,54,74,100]",36,3667,19,0.00518134715025907,2
"[0,1,2,3,4,5,6,7,8,9,10,11,12,13,14,15,16,17,18,19,20,21,22,23,25,26,30,31,34,35,36,37,41,52,54,74,100]",37,3667,239,0.0651758931006272,2
"[0,1,2,3,4,5,6,7,8,9,10,11,12,13,14,15,16,17,18,19,20,21,22,23,25,26,30,31,34,35,36,37,41,52,54,74,100]",41,3667,11,0.00299972729751841,2
"[0,1,2,3,4,5,6,7,8,9,10,11,12,13,14,15,16,17,18,19,20,21,22,23,25,26,30,31,34,35,36,37,41,52,54,74,100]",52,3667,22,0.00599945459503681,2
"[0,1,2,3,4,5,6,7,8,9,10,11,12,13,14,15,16,17,18,19,20,21,22,23,25,26,30,31,34,35,36,37,41,52,54,74,100]",54,3667,18,0.00490864466866649,2
"[0,1,2,3,4,5,6,7,8,9,10,11,12,13,14,15,16,17,18,19,20,21,22,23,25,26,30,31,34,35,36,37,41,52,54,74,100]",74,3667,49,0.0133624215980365,2
"[0,1,2,3,4,5,6,7,8,9,10,11,12,13,14,15,16,17,18,19,20,21,22,23,25,26,30,31,34,35,36,37,41,52,54,74,100]",100,3667,3,0.000818107444777748,2
"[0,1,2,3,4,5,6,7,8,9,10,11,12,13,14,15,16,17,18,19,20,21,22,23,25,26,30,31,34,35,36,37,41,52,54,74]",0,2706,37,0.0136733185513673,2
"[0,1,2,3,4,5,6,7,8,9,10,11,12,13,14,15,16,17,18,19,20,21,22,23,25,26,30,31,34,35,36,37,41,52,54,74]",1,2706,40,0.0147819660014782,2
"[0,1,2,3,4,5,6,7,8,9,10,11,12,13,14,15,16,17,18,19,20,21,22,23,25,26,30,31,34,35,36,37,41,52,54,74]",2,2706,152,0.0561714708056172,2
"[0,1,2,3,4,5,6,7,8,9,10,11,12,13,14,15,16,17,18,19,20,21,22,23,25,26,30,31,34,35,36,37,41,52,54,74]",3,2706,27,0.00997782705099778,2
"[0,1,2,3,4,5,6,7,8,9,10,11,12,13,14,15,16,17,18,19,20,21,22,23,25,26,30,31,34,35,36,37,41,52,54,74]",4,2706,74,0.0273466371027347,2
"[0,1,2,3,4,5,6,7,8,9,10,11,12,13,14,15,16,17,18,19,20,21,22,23,25,26,30,31,34,35,36,37,41,52,54,74]",5,2706,64,0.0236511456023651,2
"[0,1,2,3,4,5,6,7,8,9,10,11,12,13,14,15,16,17,18,19,20,21,22,23,25,26,30,31,34,35,36,37,41,52,54,74]",6,2706,68,0.0251293422025129,2
"[0,1,2,3,4,5,6,7,8,9,10,11,12,13,14,15,16,17,18,19,20,21,22,23,25,26,30,31,34,35,36,37,41,52,54,74]",7,2706,313,0.115668883961567,2
"[0,1,2,3,4,5,6,7,8,9,10,11,12,13,14,15,16,17,18,19,20,21,22,23,25,26,30,31,34,35,36,37,41,52,54,74]",8,2706,28,0.0103473762010347,2
"[0,1,2,3,4,5,6,7,8,9,10,11,12,13,14,15,16,17,18,19,20,21,22,23,25,26,30,31,34,35,36,37,41,52,54,74]",9,2706,47,0.0173688100517369,2
"[0,1,2,3,4,5,6,7,8,9,10,11,12,13,14,15,16,17,18,19,20,21,22,23,25,26,30,31,34,35,36,37,41,52,54,74]",10,2706,69,0.0254988913525499,2
"[0,1,2,3,4,5,6,7,8,9,10,11,12,13,14,15,16,17,18,19,20,21,22,23,25,26,30,31,34,35,36,37,41,52,54,74]",11,2706,109,0.0402808573540281,2
"[0,1,2,3,4,5,6,7,8,9,10,11,12,13,14,15,16,17,18,19,20,21,22,23,25,26,30,31,34,35,36,37,41,52,54,74]",12,2706,69,0.0254988913525499,2
"[0,1,2,3,4,5,6,7,8,9,10,11,12,13,14,15,16,17,18,19,20,21,22,23,25,26,30,31,34,35,36,37,41,52,54,74]",13,2706,106,0.0391722099039172,2
"[0,1,2,3,4,5,6,7,8,9,10,11,12,13,14,15,16,17,18,19,20,21,22,23,25,26,30,31,34,35,36,37,41,52,54,74]",14,2706,35,0.0129342202512934,2
"[0,1,2,3,4,5,6,7,8,9,10,11,12,13,14,15,16,17,18,19,20,21,22,23,25,26,30,31,34,35,36,37,41,52,54,74]",15,2706,51,0.0188470066518847,2
"[0,1,2,3,4,5,6,7,8,9,10,11,12,13,14,15,16,17,18,19,20,21,22,23,25,26,30,31,34,35,36,37,41,52,54,74]",16,2706,5,0.00184774575018477,2
"[0,1,2,3,4,5,6,7,8,9,10,11,12,13,14,15,16,17,18,19,20,21,22,23,25,26,30,31,34,35,36,37,41,52,54,74]",17,2706,95,0.0351071692535107,2
"[0,1,2,3,4,5,6,7,8,9,10,11,12,13,14,15,16,17,18,19,20,21,22,23,25,26,30,31,34,35,36,37,41,52,54,74]",18,2706,428,0.158167036215817,2
"[0,1,2,3,4,5,6,7,8,9,10,11,12,13,14,15,16,17,18,19,20,21,22,23,25,26,30,31,34,35,36,37,41,52,54,74]",19,2706,258,0.0953436807095344,2
"[0,1,2,3,4,5,6,7,8,9,10,11,12,13,14,15,16,17,18,19,20,21,22,23,25,26,30,31,34,35,36,37,41,52,54,74]",20,2706,103,0.0380635624538064,2
"[0,1,2,3,4,5,6,7,8,9,10,11,12,13,14,15,16,17,18,19,20,21,22,23,25,26,30,31,34,35,36,37,41,52,54,74]",21,2706,19,0.00702143385070214,2
"[0,1,2,3,4,5,6,7,8,9,10,11,12,13,14,15,16,17,18,19,20,21,22,23,25,26,30,31,34,35,36,37,41,52,54,74]",22,2706,33,0.0121951219512195,2
"[0,1,2,3,4,5,6,7,8,9,10,11,12,13,14,15,16,17,18,19,20,21,22,23,25,26,30,31,34,35,36,37,41,52,54,74]",23,2706,76,0.0280857354028086,2
"[0,1,2,3,4,5,6,7,8,9,10,11,12,13,14,15,16,17,18,19,20,21,22,23,25,26,30,31,34,35,36,37,41,52,54,74]",25,2706,34,0.0125646711012565,2
"[0,1,2,3,4,5,6,7,8,9,10,11,12,13,14,15,16,17,18,19,20,21,22,23,25,26,30,31,34,35,36,37,41,52,54,74]",26,2706,72,0.0266075388026608,2
"[0,1,2,3,4,5,6,7,8,9,10,11,12,13,14,15,16,17,18,19,20,21,22,23,25,26,30,31,34,35,36,37,41,52,54,74]",30,2706,7,0.00258684405025868,2
"[0,1,2,3,4,5,6,7,8,9,10,11,12,13,14,15,16,17,18,19,20,21,22,23,25,26,30,31,34,35,36,37,41,52,54,74]",31,2706,33,0.0121951219512195,2
"[0,1,2,3,4,5,6,7,8,9,10,11,12,13,14,15,16,17,18,19,20,21,22,23,25,26,30,31,34,35,36,37,41,52,54,74]",34,2706,21,0.00776053215077605,2
"[0,1,2,3,4,5,6,7,8,9,10,11,12,13,14,15,16,17,18,19,20,21,22,23,25,26,30,31,34,35,36,37,41,52,54,74]",35,2706,35,0.0129342202512934,2
"[0,1,2,3,4,5,6,7,8,9,10,11,12,13,14,15,16,17,18,19,20,21,22,23,25,26,30,31,34,35,36,37,41,52,54,74]",36,2706,30,0.0110864745011086,2
"[0,1,2,3,4,5,6,7,8,9,10,11,12,13,14,15,16,17,18,19,20,21,22,23,25,26,30,31,34,35,36,37,41,52,54,74]",37,2706,78,0.0288248337028825,2
"[0,1,2,3,4,5,6,7,8,9,10,11,12,13,14,15,16,17,18,19,20,21,22,23,25,26,30,31,34,35,36,37,41,52,54,74]",41,2706,23,0.00849963045084996,2
"[0,1,2,3,4,5,6,7,8,9,10,11,12,13,14,15,16,17,18,19,20,21,22,23,25,26,30,31,34,35,36,37,41,52,54,74]",52,2706,27,0.00997782705099778,2
"[0,1,2,3,4,5,6,7,8,9,10,11,12,13,14,15,16,17,18,19,20,21,22,23,25,26,30,31,34,35,36,37,41,52,54,74]",54,2706,18,0.00665188470066519,2
"[0,1,2,3,4,5,6,7,8,9,10,11,12,13,14,15,16,17,18,19,20,21,22,23,25,26,30,31,34,35,36,37,41,52,54,74]",74,2706,22,0.00813008130081301,2
"[0,1,2,3,4,5,6,7,8,9,10,11,12,13,14,15,16,17,18,19,20,21,22,23,25,26,30,31,34,35,37,41,52,54,55,74,100]",0,3127,15,0.00479692996482251,1
"[0,1,2,3,4,5,6,7,8,9,10,11,12,13,14,15,16,17,18,19,20,21,22,23,25,26,30,31,34,35,37,41,52,54,55,74,100]",1,3127,1340,0.428525743524145,1
"[0,1,2,3,4,5,6,7,8,9,10,11,12,13,14,15,16,17,18,19,20,21,22,23,25,26,30,31,34,35,37,41,52,54,55,74,100]",2,3127,101,0.0322993284298049,1
"[0,1,2,3,4,5,6,7,8,9,10,11,12,13,14,15,16,17,18,19,20,21,22,23,25,26,30,31,34,35,37,41,52,54,55,74,100]",3,3127,13,0.00415733930284618,1
"[0,1,2,3,4,5,6,7,8,9,10,11,12,13,14,15,16,17,18,19,20,21,22,23,25,26,30,31,34,35,37,41,52,54,55,74,100]",4,3127,24,0.00767508794371602,1
"[0,1,2,3,4,5,6,7,8,9,10,11,12,13,14,15,16,17,18,19,20,21,22,23,25,26,30,31,34,35,37,41,52,54,55,74,100]",5,3127,32,0.0102334505916214,1
"[0,1,2,3,4,5,6,7,8,9,10,11,12,13,14,15,16,17,18,19,20,21,22,23,25,26,30,31,34,35,37,41,52,54,55,74,100]",6,3127,22,0.00703549728173969,1
"[0,1,2,3,4,5,6,7,8,9,10,11,12,13,14,15,16,17,18,19,20,21,22,23,25,26,30,31,34,35,37,41,52,54,55,74,100]",7,3127,107,0.0342181004157339,1
"[0,1,2,3,4,5,6,7,8,9,10,11,12,13,14,15,16,17,18,19,20,21,22,23,25,26,30,31,34,35,37,41,52,54,55,74,100]",8,3127,364,0.116405500479693,1
"[0,1,2,3,4,5,6,7,8,9,10,11,12,13,14,15,16,17,18,19,20,21,22,23,25,26,30,31,34,35,37,41,52,54,55,74,100]",9,3127,39,0.0124720179085385,1
"[0,1,2,3,4,5,6,7,8,9,10,11,12,13,14,15,16,17,18,19,20,21,22,23,25,26,30,31,34,35,37,41,52,54,55,74,100]",10,3127,19,0.00607611128877518,1
"[0,1,2,3,4,5,6,7,8,9,10,11,12,13,14,15,16,17,18,19,20,21,22,23,25,26,30,31,34,35,37,41,52,54,55,74,100]",11,3127,75,0.0239846498241126,1
"[0,1,2,3,4,5,6,7,8,9,10,11,12,13,14,15,16,17,18,19,20,21,22,23,25,26,30,31,34,35,37,41,52,54,55,74,100]",12,3127,16,0.00511672529581068,1
"[0,1,2,3,4,5,6,7,8,9,10,11,12,13,14,15,16,17,18,19,20,21,22,23,25,26,30,31,34,35,37,41,52,54,55,74,100]",13,3127,34,0.0108730412535977,1
"[0,1,2,3,4,5,6,7,8,9,10,11,12,13,14,15,16,17,18,19,20,21,22,23,25,26,30,31,34,35,37,41,52,54,55,74,100]",14,3127,16,0.00511672529581068,1
"[0,1,2,3,4,5,6,7,8,9,10,11,12,13,14,15,16,17,18,19,20,21,22,23,25,26,30,31,34,35,37,41,52,54,55,74,100]",15,3127,24,0.00767508794371602,1
"[0,1,2,3,4,5,6,7,8,9,10,11,12,13,14,15,16,17,18,19,20,21,22,23,25,26,30,31,34,35,37,41,52,54,55,74,100]",16,3127,4,0.00127918132395267,1
"[0,1,2,3,4,5,6,7,8,9,10,11,12,13,14,15,16,17,18,19,20,21,22,23,25,26,30,31,34,35,37,41,52,54,55,74,100]",17,3127,29,0.00927406459865686,1
"[0,1,2,3,4,5,6,7,8,9,10,11,12,13,14,15,16,17,18,19,20,21,22,23,25,26,30,31,34,35,37,41,52,54,55,74,100]",18,3127,46,0.0147105852254557,1
"[0,1,2,3,4,5,6,7,8,9,10,11,12,13,14,15,16,17,18,19,20,21,22,23,25,26,30,31,34,35,37,41,52,54,55,74,100]",19,3127,26,0.00831467860569236,1
"[0,1,2,3,4,5,6,7,8,9,10,11,12,13,14,15,16,17,18,19,20,21,22,23,25,26,30,31,34,35,37,41,52,54,55,74,100]",20,3127,66,0.0211064918452191,1
"[0,1,2,3,4,5,6,7,8,9,10,11,12,13,14,15,16,17,18,19,20,21,22,23,25,26,30,31,34,35,37,41,52,54,55,74,100]",21,3127,9,0.00287815797889351,1
"[0,1,2,3,4,5,6,7,8,9,10,11,12,13,14,15,16,17,18,19,20,21,22,23,25,26,30,31,34,35,37,41,52,54,55,74,100]",22,3127,4,0.00127918132395267,1
"[0,1,2,3,4,5,6,7,8,9,10,11,12,13,14,15,16,17,18,19,20,21,22,23,25,26,30,31,34,35,37,41,52,54,55,74,100]",23,3127,14,0.00447713463383435,1
"[0,1,2,3,4,5,6,7,8,9,10,11,12,13,14,15,16,17,18,19,20,21,22,23,25,26,30,31,34,35,37,41,52,54,55,74,100]",25,3127,7,0.00223856731691717,1
"[0,1,2,3,4,5,6,7,8,9,10,11,12,13,14,15,16,17,18,19,20,21,22,23,25,26,30,31,34,35,37,41,52,54,55,74,100]",26,3127,447,0.142948512951711,1
"[0,1,2,3,4,5,6,7,8,9,10,11,12,13,14,15,16,17,18,19,20,21,22,23,25,26,30,31,34,35,37,41,52,54,55,74,100]",30,3127,7,0.00223856731691717,1
"[0,1,2,3,4,5,6,7,8,9,10,11,12,13,14,15,16,17,18,19,20,21,22,23,25,26,30,31,34,35,37,41,52,54,55,74,100]",31,3127,13,0.00415733930284618,1
"[0,1,2,3,4,5,6,7,8,9,10,11,12,13,14,15,16,17,18,19,20,21,22,23,25,26,30,31,34,35,37,41,52,54,55,74,100]",34,3127,5,0.00159897665494084,1
"[0,1,2,3,4,5,6,7,8,9,10,11,12,13,14,15,16,17,18,19,20,21,22,23,25,26,30,31,34,35,37,41,52,54,55,74,100]",35,3127,14,0.00447713463383435,1
"[0,1,2,3,4,5,6,7,8,9,10,11,12,13,14,15,16,17,18,19,20,21,22,23,25,26,30,31,34,35,37,41,52,54,55,74,100]",37,3127,31,0.00991365526063319,1
"[0,1,2,3,4,5,6,7,8,9,10,11,12,13,14,15,16,17,18,19,20,21,22,23,25,26,30,31,34,35,37,41,52,54,55,74,100]",41,3127,11,0.00351774864086984,1
"[0,1,2,3,4,5,6,7,8,9,10,11,12,13,14,15,16,17,18,19,20,21,22,23,25,26,30,31,34,35,37,41,52,54,55,74,100]",52,3127,13,0.00415733930284618,1
"[0,1,2,3,4,5,6,7,8,9,10,11,12,13,14,15,16,17,18,19,20,21,22,23,25,26,30,31,34,35,37,41,52,54,55,74,100]",54,3127,14,0.00447713463383435,1
"[0,1,2,3,4,5,6,7,8,9,10,11,12,13,14,15,16,17,18,19,20,21,22,23,25,26,30,31,34,35,37,41,52,54,55,74,100]",55,3127,106,0.0338983050847458,1
"[0,1,2,3,4,5,6,7,8,9,10,11,12,13,14,15,16,17,18,19,20,21,22,23,25,26,30,31,34,35,37,41,52,54,55,74,100]",74,3127,19,0.00607611128877518,1
"[0,1,2,3,4,5,6,7,8,9,10,11,12,13,14,15,16,17,18,19,20,21,22,23,25,26,30,31,34,35,37,41,52,54,55,74,100]",100,3127,1,0.000319795330988168,1
"[0,1,2,3,4,5,6,7,8,9,10,11,12,13,14,15,16,17,18,19,20,21,22,23,25,26,30,31,35,36,37,41,49,54,55,75,90]",0,1022,18,0.0176125244618395,1
"[0,1,2,3,4,5,6,7,8,9,10,11,12,13,14,15,16,17,18,19,20,21,22,23,25,26,30,31,35,36,37,41,49,54,55,75,90]",1,1022,38,0.0371819960861057,1
"[0,1,2,3,4,5,6,7,8,9,10,11,12,13,14,15,16,17,18,19,20,21,22,23,25,26,30,31,35,36,37,41,49,54,55,75,90]",2,1022,53,0.0518590998043053,1
"[0,1,2,3,4,5,6,7,8,9,10,11,12,13,14,15,16,17,18,19,20,21,22,23,25,26,30,31,35,36,37,41,49,54,55,75,90]",3,1022,14,0.0136986301369863,1
"[0,1,2,3,4,5,6,7,8,9,10,11,12,13,14,15,16,17,18,19,20,21,22,23,25,26,30,31,35,36,37,41,49,54,55,75,90]",4,1022,24,0.0234833659491194,1
"[0,1,2,3,4,5,6,7,8,9,10,11,12,13,14,15,16,17,18,19,20,21,22,23,25,26,30,31,35,36,37,41,49,54,55,75,90]",5,1022,34,0.0332681017612524,1
"[0,1,2,3,4,5,6,7,8,9,10,11,12,13,14,15,16,17,18,19,20,21,22,23,25,26,30,31,35,36,37,41,49,54,55,75,90]",6,1022,26,0.025440313111546,1
"[0,1,2,3,4,5,6,7,8,9,10,11,12,13,14,15,16,17,18,19,20,21,22,23,25,26,30,31,35,36,37,41,49,54,55,75,90]",7,1022,96,0.0939334637964775,1
"[0,1,2,3,4,5,6,7,8,9,10,11,12,13,14,15,16,17,18,19,20,21,22,23,25,26,30,31,35,36,37,41,49,54,55,75,90]",8,1022,11,0.0107632093933464,1
"[0,1,2,3,4,5,6,7,8,9,10,11,12,13,14,15,16,17,18,19,20,21,22,23,25,26,30,31,35,36,37,41,49,54,55,75,90]",9,1022,32,0.0313111545988258,1
"[0,1,2,3,4,5,6,7,8,9,10,11,12,13,14,15,16,17,18,19,20,21,22,23,25,26,30,31,35,36,37,41,49,54,55,75,90]",10,1022,30,0.0293542074363992,1
"[0,1,2,3,4,5,6,7,8,9,10,11,12,13,14,15,16,17,18,19,20,21,22,23,25,26,30,31,35,36,37,41,49,54,55,75,90]",11,1022,51,0.0499021526418787,1
"[0,1,2,3,4,5,6,7,8,9,10,11,12,13,14,15,16,17,18,19,20,21,22,23,25,26,30,31,35,36,37,41,49,54,55,75,90]",12,1022,30,0.0293542074363992,1
"[0,1,2,3,4,5,6,7,8,9,10,11,12,13,14,15,16,17,18,19,20,21,22,23,25,26,30,31,35,36,37,41,49,54,55,75,90]",13,1022,46,0.0450097847358121,1
"[0,1,2,3,4,5,6,7,8,9,10,11,12,13,14,15,16,17,18,19,20,21,22,23,25,26,30,31,35,36,37,41,49,54,55,75,90]",14,1022,20,0.0195694716242661,1
"[0,1,2,3,4,5,6,7,8,9,10,11,12,13,14,15,16,17,18,19,20,21,22,23,25,26,30,31,35,36,37,41,49,54,55,75,90]",15,1022,30,0.0293542074363992,1
"[0,1,2,3,4,5,6,7,8,9,10,11,12,13,14,15,16,17,18,19,20,21,22,23,25,26,30,31,35,36,37,41,49,54,55,75,90]",16,1022,8,0.00782778864970646,1
"[0,1,2,3,4,5,6,7,8,9,10,11,12,13,14,15,16,17,18,19,20,21,22,23,25,26,30,31,35,36,37,41,49,54,55,75,90]",17,1022,43,0.0420743639921722,1
"[0,1,2,3,4,5,6,7,8,9,10,11,12,13,14,15,16,17,18,19,20,21,22,23,25,26,30,31,35,36,37,41,49,54,55,75,90]",18,1022,65,0.063600782778865,1
"[0,1,2,3,4,5,6,7,8,9,10,11,12,13,14,15,16,17,18,19,20,21,22,23,25,26,30,31,35,36,37,41,49,54,55,75,90]",19,1022,78,0.076320939334638,1
"[0,1,2,3,4,5,6,7,8,9,10,11,12,13,14,15,16,17,18,19,20,21,22,23,25,26,30,31,35,36,37,41,49,54,55,75,90]",20,1022,69,0.0675146771037182,1
"[0,1,2,3,4,5,6,7,8,9,10,11,12,13,14,15,16,17,18,19,20,21,22,23,25,26,30,31,35,36,37,41,49,54,55,75,90]",21,1022,16,0.0156555772994129,1
"[0,1,2,3,4,5,6,7,8,9,10,11,12,13,14,15,16,17,18,19,20,21,22,23,25,26,30,31,35,36,37,41,49,54,55,75,90]",22,1022,10,0.00978473581213307,1
"[0,1,2,3,4,5,6,7,8,9,10,11,12,13,14,15,16,17,18,19,20,21,22,23,25,26,30,31,35,36,37,41,49,54,55,75,90]",23,1022,3,0.00293542074363992,1
"[0,1,2,3,4,5,6,7,8,9,10,11,12,13,14,15,16,17,18,19,20,21,22,23,25,26,30,31,35,36,37,41,49,54,55,75,90]",25,1022,17,0.0166340508806262,1
"[0,1,2,3,4,5,6,7,8,9,10,11,12,13,14,15,16,17,18,19,20,21,22,23,25,26,30,31,35,36,37,41,49,54,55,75,90]",26,1022,23,0.0225048923679061,1
"[0,1,2,3,4,5,6,7,8,9,10,11,12,13,14,15,16,17,18,19,20,21,22,23,25,26,30,31,35,36,37,41,49,54,55,75,90]",30,1022,2,0.00195694716242661,1
"[0,1,2,3,4,5,6,7,8,9,10,11,12,13,14,15,16,17,18,19,20,21,22,23,25,26,30,31,35,36,37,41,49,54,55,75,90]",31,1022,16,0.0156555772994129,1
"[0,1,2,3,4,5,6,7,8,9,10,11,12,13,14,15,16,17,18,19,20,21,22,23,25,26,30,31,35,36,37,41,49,54,55,75,90]",35,1022,12,0.0117416829745597,1
"[0,1,2,3,4,5,6,7,8,9,10,11,12,13,14,15,16,17,18,19,20,21,22,23,25,26,30,31,35,36,37,41,49,54,55,75,90]",36,1022,26,0.025440313111546,1
"[0,1,2,3,4,5,6,7,8,9,10,11,12,13,14,15,16,17,18,19,20,21,22,23,25,26,30,31,35,36,37,41,49,54,55,75,90]",37,1022,25,0.0244618395303327,1
"[0,1,2,3,4,5,6,7,8,9,10,11,12,13,14,15,16,17,18,19,20,21,22,23,25,26,30,31,35,36,37,41,49,54,55,75,90]",41,1022,5,0.00489236790606654,1
"[0,1,2,3,4,5,6,7,8,9,10,11,12,13,14,15,16,17,18,19,20,21,22,23,25,26,30,31,35,36,37,41,49,54,55,75,90]",49,1022,8,0.00782778864970646,1
"[0,1,2,3,4,5,6,7,8,9,10,11,12,13,14,15,16,17,18,19,20,21,22,23,25,26,30,31,35,36,37,41,49,54,55,75,90]",54,1022,15,0.0146771037181996,1
"[0,1,2,3,4,5,6,7,8,9,10,11,12,13,14,15,16,17,18,19,20,21,22,23,25,26,30,31,35,36,37,41,49,54,55,75,90]",55,1022,7,0.00684931506849315,1
"[0,1,2,3,4,5,6,7,8,9,10,11,12,13,14,15,16,17,18,19,20,21,22,23,25,26,30,31,35,36,37,41,49,54,55,75,90]",75,1022,12,0.0117416829745597,1
"[0,1,2,3,4,5,6,7,8,9,10,11,12,13,14,15,16,17,18,19,20,21,22,23,25,26,30,31,35,36,37,41,49,54,55,75,90]",90,1022,9,0.00880626223091976,1
"[0,1,2,3,4,5,6,7,8,9,10,11,12,13,14,15,16,17,18,19,20,21,22,23,25,26,31,34,35,36,37,41,49,54,55,75,90,101]",0,16764,206,0.0122882366976855,10
"[0,1,2,3,4,5,6,7,8,9,10,11,12,13,14,15,16,17,18,19,20,21,22,23,25,26,31,34,35,36,37,41,49,54,55,75,90,101]",1,16764,341,0.0203412073490814,10
"[0,1,2,3,4,5,6,7,8,9,10,11,12,13,14,15,16,17,18,19,20,21,22,23,25,26,31,34,35,36,37,41,49,54,55,75,90,101]",2,16764,548,0.0326890956812217,10
"[0,1,2,3,4,5,6,7,8,9,10,11,12,13,14,15,16,17,18,19,20,21,22,23,25,26,31,34,35,36,37,41,49,54,55,75,90,101]",3,16764,139,0.00829157718921499,10
"[0,1,2,3,4,5,6,7,8,9,10,11,12,13,14,15,16,17,18,19,20,21,22,23,25,26,31,34,35,36,37,41,49,54,55,75,90,101]",4,16764,1705,0.101706036745407,10
"[0,1,2,3,4,5,6,7,8,9,10,11,12,13,14,15,16,17,18,19,20,21,22,23,25,26,31,34,35,36,37,41,49,54,55,75,90,101]",5,16764,1579,0.094189930804104,10
"[0,1,2,3,4,5,6,7,8,9,10,11,12,13,14,15,16,17,18,19,20,21,22,23,25,26,31,34,35,36,37,41,49,54,55,75,90,101]",6,16764,256,0.0152708184204247,10
"[0,1,2,3,4,5,6,7,8,9,10,11,12,13,14,15,16,17,18,19,20,21,22,23,25,26,31,34,35,36,37,41,49,54,55,75,90,101]",7,16764,2197,0.131054640897161,10
"[0,1,2,3,4,5,6,7,8,9,10,11,12,13,14,15,16,17,18,19,20,21,22,23,25,26,31,34,35,36,37,41,49,54,55,75,90,101]",8,16764,145,0.00864948699594369,10
"[0,1,2,3,4,5,6,7,8,9,10,11,12,13,14,15,16,17,18,19,20,21,22,23,25,26,31,34,35,36,37,41,49,54,55,75,90,101]",9,16764,401,0.0239203054163684,10
"[0,1,2,3,4,5,6,7,8,9,10,11,12,13,14,15,16,17,18,19,20,21,22,23,25,26,31,34,35,36,37,41,49,54,55,75,90,101]",10,16764,451,0.0269028871391076,10
"[0,1,2,3,4,5,6,7,8,9,10,11,12,13,14,15,16,17,18,19,20,21,22,23,25,26,31,34,35,36,37,41,49,54,55,75,90,101]",11,16764,963,0.0574445239799571,10
"[0,1,2,3,4,5,6,7,8,9,10,11,12,13,14,15,16,17,18,19,20,21,22,23,25,26,31,34,35,36,37,41,49,54,55,75,90,101]",12,16764,238,0.0141970890002386,10
"[0,1,2,3,4,5,6,7,8,9,10,11,12,13,14,15,16,17,18,19,20,21,22,23,25,26,31,34,35,36,37,41,49,54,55,75,90,101]",13,16764,729,0.0434860415175376,10
"[0,1,2,3,4,5,6,7,8,9,10,11,12,13,14,15,16,17,18,19,20,21,22,23,25,26,31,34,35,36,37,41,49,54,55,75,90,101]",14,16764,220,0.0131233595800525,10
"[0,1,2,3,4,5,6,7,8,9,10,11,12,13,14,15,16,17,18,19,20,21,22,23,25,26,31,34,35,36,37,41,49,54,55,75,90,101]",15,16764,764,0.045573848723455,10
"[0,1,2,3,4,5,6,7,8,9,10,11,12,13,14,15,16,17,18,19,20,21,22,23,25,26,31,34,35,36,37,41,49,54,55,75,90,101]",16,16764,49,0.00292293008828442,10
"[0,1,2,3,4,5,6,7,8,9,10,11,12,13,14,15,16,17,18,19,20,21,22,23,25,26,31,34,35,36,37,41,49,54,55,75,90,101]",17,16764,425,0.0253519446432832,10
"[0,1,2,3,4,5,6,7,8,9,10,11,12,13,14,15,16,17,18,19,20,21,22,23,25,26,31,34,35,36,37,41,49,54,55,75,90,101]",18,16764,1001,0.0597112860892388,10
"[0,1,2,3,4,5,6,7,8,9,10,11,12,13,14,15,16,17,18,19,20,21,22,23,25,26,31,34,35,36,37,41,49,54,55,75,90,101]",19,16764,1018,0.0607253638749702,10
"[0,1,2,3,4,5,6,7,8,9,10,11,12,13,14,15,16,17,18,19,20,21,22,23,25,26,31,34,35,36,37,41,49,54,55,75,90,101]",20,16764,506,0.0301837270341207,10
"[0,1,2,3,4,5,6,7,8,9,10,11,12,13,14,15,16,17,18,19,20,21,22,23,25,26,31,34,35,36,37,41,49,54,55,75,90,101]",21,16764,213,0.012705798138869,10
"[0,1,2,3,4,5,6,7,8,9,10,11,12,13,14,15,16,17,18,19,20,21,22,23,25,26,31,34,35,36,37,41,49,54,55,75,90,101]",22,16764,135,0.00805297065139585,10
"[0,1,2,3,4,5,6,7,8,9,10,11,12,13,14,15,16,17,18,19,20,21,22,23,25,26,31,34,35,36,37,41,49,54,55,75,90,101]",23,16764,250,0.014912908613696,10
"[0,1,2,3,4,5,6,7,8,9,10,11,12,13,14,15,16,17,18,19,20,21,22,23,25,26,31,34,35,36,37,41,49,54,55,75,90,101]",25,16764,113,0.0067406346933906,10
"[0,1,2,3,4,5,6,7,8,9,10,11,12,13,14,15,16,17,18,19,20,21,22,23,25,26,31,34,35,36,37,41,49,54,55,75,90,101]",26,16764,301,0.01795514197089,10
"[0,1,2,3,4,5,6,7,8,9,10,11,12,13,14,15,16,17,18,19,20,21,22,23,25,26,31,34,35,36,37,41,49,54,55,75,90,101]",31,16764,173,0.0103197327606776,10
"[0,1,2,3,4,5,6,7,8,9,10,11,12,13,14,15,16,17,18,19,20,21,22,23,25,26,31,34,35,36,37,41,49,54,55,75,90,101]",34,16764,51,0.00304223335719399,10
"[0,1,2,3,4,5,6,7,8,9,10,11,12,13,14,15,16,17,18,19,20,21,22,23,25,26,31,34,35,36,37,41,49,54,55,75,90,101]",35,16764,144,0.00858983536148891,10
"[0,1,2,3,4,5,6,7,8,9,10,11,12,13,14,15,16,17,18,19,20,21,22,23,25,26,31,34,35,36,37,41,49,54,55,75,90,101]",36,16764,149,0.00888809353376283,10
"[0,1,2,3,4,5,6,7,8,9,10,11,12,13,14,15,16,17,18,19,20,21,22,23,25,26,31,34,35,36,37,41,49,54,55,75,90,101]",37,16764,601,0.0358506323073252,10
"[0,1,2,3,4,5,6,7,8,9,10,11,12,13,14,15,16,17,18,19,20,21,22,23,25,26,31,34,35,36,37,41,49,54,55,75,90,101]",41,16764,91,0.00542829873538535,10
"[0,1,2,3,4,5,6,7,8,9,10,11,12,13,14,15,16,17,18,19,20,21,22,23,25,26,31,34,35,36,37,41,49,54,55,75,90,101]",49,16764,86,0.00513004056311143,10
"[0,1,2,3,4,5,6,7,8,9,10,11,12,13,14,15,16,17,18,19,20,21,22,23,25,26,31,34,35,36,37,41,49,54,55,75,90,101]",54,16764,125,0.00745645430684801,10
"[0,1,2,3,4,5,6,7,8,9,10,11,12,13,14,15,16,17,18,19,20,21,22,23,25,26,31,34,35,36,37,41,49,54,55,75,90,101]",55,16764,72,0.00429491768074445,10
"[0,1,2,3,4,5,6,7,8,9,10,11,12,13,14,15,16,17,18,19,20,21,22,23,25,26,31,34,35,36,37,41,49,54,55,75,90,101]",75,16764,137,0.00817227392030542,10
"[0,1,2,3,4,5,6,7,8,9,10,11,12,13,14,15,16,17,18,19,20,21,22,23,25,26,31,34,35,36,37,41,49,54,55,75,90,101]",90,16764,129,0.00769506084466714,10
"[0,1,2,3,4,5,6,7,8,9,10,11,12,13,14,15,16,17,18,19,20,21,22,23,25,26,31,34,35,36,37,41,49,54,55,75,90,101]",101,16764,113,0.0067406346933906,10
"[0,1,2,3,4,5,6,7,8,9,10,11,12,13,14,15,16,17,18,19,20,21,22,23,25,26,31,34,35,36,37,41,49,54,55,75,90]",0,2994,37,0.0123580494321977,2
"[0,1,2,3,4,5,6,7,8,9,10,11,12,13,14,15,16,17,18,19,20,21,22,23,25,26,31,34,35,36,37,41,49,54,55,75,90]",1,2994,60,0.0200400801603206,2
"[0,1,2,3,4,5,6,7,8,9,10,11,12,13,14,15,16,17,18,19,20,21,22,23,25,26,31,34,35,36,37,41,49,54,55,75,90]",2,2994,239,0.0798263193052772,2
"[0,1,2,3,4,5,6,7,8,9,10,11,12,13,14,15,16,17,18,19,20,21,22,23,25,26,31,34,35,36,37,41,49,54,55,75,90]",3,2994,20,0.00668002672010688,2
"[0,1,2,3,4,5,6,7,8,9,10,11,12,13,14,15,16,17,18,19,20,21,22,23,25,26,31,34,35,36,37,41,49,54,55,75,90]",4,2994,76,0.0253841015364061,2
"[0,1,2,3,4,5,6,7,8,9,10,11,12,13,14,15,16,17,18,19,20,21,22,23,25,26,31,34,35,36,37,41,49,54,55,75,90]",5,2994,62,0.0207080828323313,2
"[0,1,2,3,4,5,6,7,8,9,10,11,12,13,14,15,16,17,18,19,20,21,22,23,25,26,31,34,35,36,37,41,49,54,55,75,90]",6,2994,8,0.00267201068804275,2
"[0,1,2,3,4,5,6,7,8,9,10,11,12,13,14,15,16,17,18,19,20,21,22,23,25,26,31,34,35,36,37,41,49,54,55,75,90]",7,2994,311,0.103874415497662,2
"[0,1,2,3,4,5,6,7,8,9,10,11,12,13,14,15,16,17,18,19,20,21,22,23,25,26,31,34,35,36,37,41,49,54,55,75,90]",8,2994,38,0.0126920507682031,2
"[0,1,2,3,4,5,6,7,8,9,10,11,12,13,14,15,16,17,18,19,20,21,22,23,25,26,31,34,35,36,37,41,49,54,55,75,90]",9,2994,71,0.0237140948563794,2
"[0,1,2,3,4,5,6,7,8,9,10,11,12,13,14,15,16,17,18,19,20,21,22,23,25,26,31,34,35,36,37,41,49,54,55,75,90]",10,2994,74,0.0247160988643955,2
"[0,1,2,3,4,5,6,7,8,9,10,11,12,13,14,15,16,17,18,19,20,21,22,23,25,26,31,34,35,36,37,41,49,54,55,75,90]",11,2994,138,0.0460921843687375,2
"[0,1,2,3,4,5,6,7,8,9,10,11,12,13,14,15,16,17,18,19,20,21,22,23,25,26,31,34,35,36,37,41,49,54,55,75,90]",12,2994,65,0.0217100868403474,2
"[0,1,2,3,4,5,6,7,8,9,10,11,12,13,14,15,16,17,18,19,20,21,22,23,25,26,31,34,35,36,37,41,49,54,55,75,90]",13,2994,131,0.0437541750167001,2
"[0,1,2,3,4,5,6,7,8,9,10,11,12,13,14,15,16,17,18,19,20,21,22,23,25,26,31,34,35,36,37,41,49,54,55,75,90]",14,2994,44,0.0146960587842351,2
"[0,1,2,3,4,5,6,7,8,9,10,11,12,13,14,15,16,17,18,19,20,21,22,23,25,26,31,34,35,36,37,41,49,54,55,75,90]",15,2994,46,0.0153640614562458,2
"[0,1,2,3,4,5,6,7,8,9,10,11,12,13,14,15,16,17,18,19,20,21,22,23,25,26,31,34,35,36,37,41,49,54,55,75,90]",16,2994,26,0.00868403473613895,2
"[0,1,2,3,4,5,6,7,8,9,10,11,12,13,14,15,16,17,18,19,20,21,22,23,25,26,31,34,35,36,37,41,49,54,55,75,90]",17,2994,79,0.0263861055444222,2
"[0,1,2,3,4,5,6,7,8,9,10,11,12,13,14,15,16,17,18,19,20,21,22,23,25,26,31,34,35,36,37,41,49,54,55,75,90]",18,2994,420,0.140280561122244,2
"[0,1,2,3,4,5,6,7,8,9,10,11,12,13,14,15,16,17,18,19,20,21,22,23,25,26,31,34,35,36,37,41,49,54,55,75,90]",19,2994,340,0.113560454241817,2
"[0,1,2,3,4,5,6,7,8,9,10,11,12,13,14,15,16,17,18,19,20,21,22,23,25,26,31,34,35,36,37,41,49,54,55,75,90]",20,2994,144,0.0480961923847695,2
"[0,1,2,3,4,5,6,7,8,9,10,11,12,13,14,15,16,17,18,19,20,21,22,23,25,26,31,34,35,36,37,41,49,54,55,75,90]",21,2994,153,0.0511022044088176,2
"[0,1,2,3,4,5,6,7,8,9,10,11,12,13,14,15,16,17,18,19,20,21,22,23,25,26,31,34,35,36,37,41,49,54,55,75,90]",22,2994,23,0.00768203072812291,2
"[0,1,2,3,4,5,6,7,8,9,10,11,12,13,14,15,16,17,18,19,20,21,22,23,25,26,31,34,35,36,37,41,49,54,55,75,90]",23,2994,46,0.0153640614562458,2
"[0,1,2,3,4,5,6,7,8,9,10,11,12,13,14,15,16,17,18,19,20,21,22,23,25,26,31,34,35,36,37,41,49,54,55,75,90]",25,2994,13,0.00434201736806947,2
"[0,1,2,3,4,5,6,7,8,9,10,11,12,13,14,15,16,17,18,19,20,21,22,23,25,26,31,34,35,36,37,41,49,54,55,75,90]",26,2994,57,0.0190380761523046,2
"[0,1,2,3,4,5,6,7,8,9,10,11,12,13,14,15,16,17,18,19,20,21,22,23,25,26,31,34,35,36,37,41,49,54,55,75,90]",31,2994,37,0.0123580494321977,2
"[0,1,2,3,4,5,6,7,8,9,10,11,12,13,14,15,16,17,18,19,20,21,22,23,25,26,31,34,35,36,37,41,49,54,55,75,90]",34,2994,9,0.0030060120240481,2
"[0,1,2,3,4,5,6,7,8,9,10,11,12,13,14,15,16,17,18,19,20,21,22,23,25,26,31,34,35,36,37,41,49,54,55,75,90]",35,2994,26,0.00868403473613895,2
"[0,1,2,3,4,5,6,7,8,9,10,11,12,13,14,15,16,17,18,19,20,21,22,23,25,26,31,34,35,36,37,41,49,54,55,75,90]",36,2994,23,0.00768203072812291,2
"[0,1,2,3,4,5,6,7,8,9,10,11,12,13,14,15,16,17,18,19,20,21,22,23,25,26,31,34,35,36,37,41,49,54,55,75,90]",37,2994,64,0.021376085504342,2
"[0,1,2,3,4,5,6,7,8,9,10,11,12,13,14,15,16,17,18,19,20,21,22,23,25,26,31,34,35,36,37,41,49,54,55,75,90]",41,2994,24,0.00801603206412826,2
"[0,1,2,3,4,5,6,7,8,9,10,11,12,13,14,15,16,17,18,19,20,21,22,23,25,26,31,34,35,36,37,41,49,54,55,75,90]",49,2994,5,0.00167000668002672,2
"[0,1,2,3,4,5,6,7,8,9,10,11,12,13,14,15,16,17,18,19,20,21,22,23,25,26,31,34,35,36,37,41,49,54,55,75,90]",54,2994,26,0.00868403473613895,2
"[0,1,2,3,4,5,6,7,8,9,10,11,12,13,14,15,16,17,18,19,20,21,22,23,25,26,31,34,35,36,37,41,49,54,55,75,90]",55,2994,17,0.00567802271209085,2
"[0,1,2,3,4,5,6,7,8,9,10,11,12,13,14,15,16,17,18,19,20,21,22,23,25,26,31,34,35,36,37,41,49,54,55,75,90]",75,2994,27,0.00901803607214429,2
"[0,1,2,3,4,5,6,7,8,9,10,11,12,13,14,15,16,17,18,19,20,21,22,23,25,26,31,34,35,36,37,41,49,54,55,75,90]",90,2994,15,0.00501002004008016,2
"[0,1,2,3,4,5,6,7,8,9,10,11,12,13,14,15,16,17,18,19,20,21,22,23,25,26,31,34,35,36,37,41,54,55,75,90,101]",0,1124,14,0.0124555160142349,1
"[0,1,2,3,4,5,6,7,8,9,10,11,12,13,14,15,16,17,18,19,20,21,22,23,25,26,31,34,35,36,37,41,54,55,75,90,101]",1,1124,29,0.0258007117437722,1
"[0,1,2,3,4,5,6,7,8,9,10,11,12,13,14,15,16,17,18,19,20,21,22,23,25,26,31,34,35,36,37,41,54,55,75,90,101]",2,1124,48,0.0427046263345196,1
"[0,1,2,3,4,5,6,7,8,9,10,11,12,13,14,15,16,17,18,19,20,21,22,23,25,26,31,34,35,36,37,41,54,55,75,90,101]",3,1124,9,0.00800711743772242,1
"[0,1,2,3,4,5,6,7,8,9,10,11,12,13,14,15,16,17,18,19,20,21,22,23,25,26,31,34,35,36,37,41,54,55,75,90,101]",4,1124,36,0.0320284697508897,1
"[0,1,2,3,4,5,6,7,8,9,10,11,12,13,14,15,16,17,18,19,20,21,22,23,25,26,31,34,35,36,37,41,54,55,75,90,101]",5,1124,33,0.0293594306049822,1
"[0,1,2,3,4,5,6,7,8,9,10,11,12,13,14,15,16,17,18,19,20,21,22,23,25,26,31,34,35,36,37,41,54,55,75,90,101]",6,1124,35,0.0311387900355872,1
"[0,1,2,3,4,5,6,7,8,9,10,11,12,13,14,15,16,17,18,19,20,21,22,23,25,26,31,34,35,36,37,41,54,55,75,90,101]",7,1124,155,0.137900355871886,1
"[0,1,2,3,4,5,6,7,8,9,10,11,12,13,14,15,16,17,18,19,20,21,22,23,25,26,31,34,35,36,37,41,54,55,75,90,101]",8,1124,25,0.0222419928825623,1
"[0,1,2,3,4,5,6,7,8,9,10,11,12,13,14,15,16,17,18,19,20,21,22,23,25,26,31,34,35,36,37,41,54,55,75,90,101]",9,1124,44,0.0391459074733096,1
"[0,1,2,3,4,5,6,7,8,9,10,11,12,13,14,15,16,17,18,19,20,21,22,23,25,26,31,34,35,36,37,41,54,55,75,90,101]",10,1124,33,0.0293594306049822,1
"[0,1,2,3,4,5,6,7,8,9,10,11,12,13,14,15,16,17,18,19,20,21,22,23,25,26,31,34,35,36,37,41,54,55,75,90,101]",11,1124,57,0.050711743772242,1
"[0,1,2,3,4,5,6,7,8,9,10,11,12,13,14,15,16,17,18,19,20,21,22,23,25,26,31,34,35,36,37,41,54,55,75,90,101]",12,1124,18,0.0160142348754448,1
"[0,1,2,3,4,5,6,7,8,9,10,11,12,13,14,15,16,17,18,19,20,21,22,23,25,26,31,34,35,36,37,41,54,55,75,90,101]",13,1124,51,0.045373665480427,1
"[0,1,2,3,4,5,6,7,8,9,10,11,12,13,14,15,16,17,18,19,20,21,22,23,25,26,31,34,35,36,37,41,54,55,75,90,101]",14,1124,22,0.0195729537366548,1
"[0,1,2,3,4,5,6,7,8,9,10,11,12,13,14,15,16,17,18,19,20,21,22,23,25,26,31,34,35,36,37,41,54,55,75,90,101]",15,1124,19,0.0169039145907473,1
"[0,1,2,3,4,5,6,7,8,9,10,11,12,13,14,15,16,17,18,19,20,21,22,23,25,26,31,34,35,36,37,41,54,55,75,90,101]",16,1124,10,0.00889679715302491,1
"[0,1,2,3,4,5,6,7,8,9,10,11,12,13,14,15,16,17,18,19,20,21,22,23,25,26,31,34,35,36,37,41,54,55,75,90,101]",17,1124,83,0.0738434163701068,1
"[0,1,2,3,4,5,6,7,8,9,10,11,12,13,14,15,16,17,18,19,20,21,22,23,25,26,31,34,35,36,37,41,54,55,75,90,101]",18,1124,48,0.0427046263345196,1
"[0,1,2,3,4,5,6,7,8,9,10,11,12,13,14,15,16,17,18,19,20,21,22,23,25,26,31,34,35,36,37,41,54,55,75,90,101]",19,1124,48,0.0427046263345196,1
"[0,1,2,3,4,5,6,7,8,9,10,11,12,13,14,15,16,17,18,19,20,21,22,23,25,26,31,34,35,36,37,41,54,55,75,90,101]",20,1124,47,0.0418149466192171,1
"[0,1,2,3,4,5,6,7,8,9,10,11,12,13,14,15,16,17,18,19,20,21,22,23,25,26,31,34,35,36,37,41,54,55,75,90,101]",21,1124,11,0.0097864768683274,1
"[0,1,2,3,4,5,6,7,8,9,10,11,12,13,14,15,16,17,18,19,20,21,22,23,25,26,31,34,35,36,37,41,54,55,75,90,101]",22,1124,9,0.00800711743772242,1
"[0,1,2,3,4,5,6,7,8,9,10,11,12,13,14,15,16,17,18,19,20,21,22,23,25,26,31,34,35,36,37,41,54,55,75,90,101]",23,1124,19,0.0169039145907473,1
"[0,1,2,3,4,5,6,7,8,9,10,11,12,13,14,15,16,17,18,19,20,21,22,23,25,26,31,34,35,36,37,41,54,55,75,90,101]",25,1124,9,0.00800711743772242,1
"[0,1,2,3,4,5,6,7,8,9,10,11,12,13,14,15,16,17,18,19,20,21,22,23,25,26,31,34,35,36,37,41,54,55,75,90,101]",26,1124,31,0.0275800711743772,1
"[0,1,2,3,4,5,6,7,8,9,10,11,12,13,14,15,16,17,18,19,20,21,22,23,25,26,31,34,35,36,37,41,54,55,75,90,101]",31,1124,7,0.00622775800711744,1
"[0,1,2,3,4,5,6,7,8,9,10,11,12,13,14,15,16,17,18,19,20,21,22,23,25,26,31,34,35,36,37,41,54,55,75,90,101]",34,1124,7,0.00622775800711744,1
"[0,1,2,3,4,5,6,7,8,9,10,11,12,13,14,15,16,17,18,19,20,21,22,23,25,26,31,34,35,36,37,41,54,55,75,90,101]",35,1124,8,0.00711743772241993,1
"[0,1,2,3,4,5,6,7,8,9,10,11,12,13,14,15,16,17,18,19,20,21,22,23,25,26,31,34,35,36,37,41,54,55,75,90,101]",36,1124,53,0.047153024911032,1
"[0,1,2,3,4,5,6,7,8,9,10,11,12,13,14,15,16,17,18,19,20,21,22,23,25,26,31,34,35,36,37,41,54,55,75,90,101]",37,1124,35,0.0311387900355872,1
"[0,1,2,3,4,5,6,7,8,9,10,11,12,13,14,15,16,17,18,19,20,21,22,23,25,26,31,34,35,36,37,41,54,55,75,90,101]",41,1124,8,0.00711743772241993,1
"[0,1,2,3,4,5,6,7,8,9,10,11,12,13,14,15,16,17,18,19,20,21,22,23,25,26,31,34,35,36,37,41,54,55,75,90,101]",54,1124,17,0.0151245551601423,1
"[0,1,2,3,4,5,6,7,8,9,10,11,12,13,14,15,16,17,18,19,20,21,22,23,25,26,31,34,35,36,37,41,54,55,75,90,101]",55,1124,4,0.00355871886120996,1
"[0,1,2,3,4,5,6,7,8,9,10,11,12,13,14,15,16,17,18,19,20,21,22,23,25,26,31,34,35,36,37,41,54,55,75,90,101]",75,1124,19,0.0169039145907473,1
"[0,1,2,3,4,5,6,7,8,9,10,11,12,13,14,15,16,17,18,19,20,21,22,23,25,26,31,34,35,36,37,41,54,55,75,90,101]",90,1124,15,0.0133451957295374,1
"[0,1,2,3,4,5,6,7,8,9,10,11,12,13,14,15,16,17,18,19,20,21,22,23,25,26,31,34,35,36,37,41,54,55,75,90,101]",101,1124,8,0.00711743772241993,1
"[0,1,2,3,4,5,6,7,8,9,10,11,12,13,14,15,16,17,18,19,20,21,22,23,25,30,31,34,35,36,37,40,41,49,52,61,74]",0,1311,30,0.022883295194508,1
"[0,1,2,3,4,5,6,7,8,9,10,11,12,13,14,15,16,17,18,19,20,21,22,23,25,30,31,34,35,36,37,40,41,49,52,61,74]",1,1311,69,0.0526315789473684,1
"[0,1,2,3,4,5,6,7,8,9,10,11,12,13,14,15,16,17,18,19,20,21,22,23,25,30,31,34,35,36,37,40,41,49,52,61,74]",2,1311,70,0.053394355453852,1
"[0,1,2,3,4,5,6,7,8,9,10,11,12,13,14,15,16,17,18,19,20,21,22,23,25,30,31,34,35,36,37,40,41,49,52,61,74]",3,1311,10,0.007627765064836,1
"[0,1,2,3,4,5,6,7,8,9,10,11,12,13,14,15,16,17,18,19,20,21,22,23,25,30,31,34,35,36,37,40,41,49,52,61,74]",4,1311,30,0.022883295194508,1
"[0,1,2,3,4,5,6,7,8,9,10,11,12,13,14,15,16,17,18,19,20,21,22,23,25,30,31,34,35,36,37,40,41,49,52,61,74]",5,1311,17,0.0129672006102212,1
"[0,1,2,3,4,5,6,7,8,9,10,11,12,13,14,15,16,17,18,19,20,21,22,23,25,30,31,34,35,36,37,40,41,49,52,61,74]",6,1311,42,0.0320366132723112,1
"[0,1,2,3,4,5,6,7,8,9,10,11,12,13,14,15,16,17,18,19,20,21,22,23,25,30,31,34,35,36,37,40,41,49,52,61,74]",7,1311,127,0.0968726163234172,1
"[0,1,2,3,4,5,6,7,8,9,10,11,12,13,14,15,16,17,18,19,20,21,22,23,25,30,31,34,35,36,37,40,41,49,52,61,74]",8,1311,16,0.0122044241037376,1
"[0,1,2,3,4,5,6,7,8,9,10,11,12,13,14,15,16,17,18,19,20,21,22,23,25,30,31,34,35,36,37,40,41,49,52,61,74]",9,1311,39,0.0297482837528604,1
"[0,1,2,3,4,5,6,7,8,9,10,11,12,13,14,15,16,17,18,19,20,21,22,23,25,30,31,34,35,36,37,40,41,49,52,61,74]",10,1311,29,0.0221205186880244,1
"[0,1,2,3,4,5,6,7,8,9,10,11,12,13,14,15,16,17,18,19,20,21,22,23,25,30,31,34,35,36,37,40,41,49,52,61,74]",11,1311,60,0.045766590389016,1
"[0,1,2,3,4,5,6,7,8,9,10,11,12,13,14,15,16,17,18,19,20,21,22,23,25,30,31,34,35,36,37,40,41,49,52,61,74]",12,1311,18,0.0137299771167048,1
"[0,1,2,3,4,5,6,7,8,9,10,11,12,13,14,15,16,17,18,19,20,21,22,23,25,30,31,34,35,36,37,40,41,49,52,61,74]",13,1311,46,0.0350877192982456,1
"[0,1,2,3,4,5,6,7,8,9,10,11,12,13,14,15,16,17,18,19,20,21,22,23,25,30,31,34,35,36,37,40,41,49,52,61,74]",14,1311,31,0.0236460717009916,1
"[0,1,2,3,4,5,6,7,8,9,10,11,12,13,14,15,16,17,18,19,20,21,22,23,25,30,31,34,35,36,37,40,41,49,52,61,74]",15,1311,20,0.015255530129672,1
"[0,1,2,3,4,5,6,7,8,9,10,11,12,13,14,15,16,17,18,19,20,21,22,23,25,30,31,34,35,36,37,40,41,49,52,61,74]",16,1311,4,0.0030511060259344,1
"[0,1,2,3,4,5,6,7,8,9,10,11,12,13,14,15,16,17,18,19,20,21,22,23,25,30,31,34,35,36,37,40,41,49,52,61,74]",17,1311,61,0.0465293668954996,1
"[0,1,2,3,4,5,6,7,8,9,10,11,12,13,14,15,16,17,18,19,20,21,22,23,25,30,31,34,35,36,37,40,41,49,52,61,74]",18,1311,154,0.117467581998474,1
"[0,1,2,3,4,5,6,7,8,9,10,11,12,13,14,15,16,17,18,19,20,21,22,23,25,30,31,34,35,36,37,40,41,49,52,61,74]",19,1311,205,0.156369183829138,1
"[0,1,2,3,4,5,6,7,8,9,10,11,12,13,14,15,16,17,18,19,20,21,22,23,25,30,31,34,35,36,37,40,41,49,52,61,74]",20,1311,58,0.0442410373760488,1
"[0,1,2,3,4,5,6,7,8,9,10,11,12,13,14,15,16,17,18,19,20,21,22,23,25,30,31,34,35,36,37,40,41,49,52,61,74]",21,1311,10,0.007627765064836,1
"[0,1,2,3,4,5,6,7,8,9,10,11,12,13,14,15,16,17,18,19,20,21,22,23,25,30,31,34,35,36,37,40,41,49,52,61,74]",22,1311,7,0.0053394355453852,1
"[0,1,2,3,4,5,6,7,8,9,10,11,12,13,14,15,16,17,18,19,20,21,22,23,25,30,31,34,35,36,37,40,41,49,52,61,74]",23,1311,12,0.0091533180778032,1
"[0,1,2,3,4,5,6,7,8,9,10,11,12,13,14,15,16,17,18,19,20,21,22,23,25,30,31,34,35,36,37,40,41,49,52,61,74]",25,1311,13,0.0099160945842868,1
"[0,1,2,3,4,5,6,7,8,9,10,11,12,13,14,15,16,17,18,19,20,21,22,23,25,30,31,34,35,36,37,40,41,49,52,61,74]",30,1311,5,0.003813882532418,1
"[0,1,2,3,4,5,6,7,8,9,10,11,12,13,14,15,16,17,18,19,20,21,22,23,25,30,31,34,35,36,37,40,41,49,52,61,74]",31,1311,17,0.0129672006102212,1
"[0,1,2,3,4,5,6,7,8,9,10,11,12,13,14,15,16,17,18,19,20,21,22,23,25,30,31,34,35,36,37,40,41,49,52,61,74]",34,1311,12,0.0091533180778032,1
"[0,1,2,3,4,5,6,7,8,9,10,11,12,13,14,15,16,17,18,19,20,21,22,23,25,30,31,34,35,36,37,40,41,49,52,61,74]",35,1311,9,0.0068649885583524,1
"[0,1,2,3,4,5,6,7,8,9,10,11,12,13,14,15,16,17,18,19,20,21,22,23,25,30,31,34,35,36,37,40,41,49,52,61,74]",36,1311,10,0.007627765064836,1
"[0,1,2,3,4,5,6,7,8,9,10,11,12,13,14,15,16,17,18,19,20,21,22,23,25,30,31,34,35,36,37,40,41,49,52,61,74]",37,1311,49,0.0373760488176964,1
"[0,1,2,3,4,5,6,7,8,9,10,11,12,13,14,15,16,17,18,19,20,21,22,23,25,30,31,34,35,36,37,40,41,49,52,61,74]",40,1311,4,0.0030511060259344,1
"[0,1,2,3,4,5,6,7,8,9,10,11,12,13,14,15,16,17,18,19,20,21,22,23,25,30,31,34,35,36,37,40,41,49,52,61,74]",41,1311,6,0.0045766590389016,1
"[0,1,2,3,4,5,6,7,8,9,10,11,12,13,14,15,16,17,18,19,20,21,22,23,25,30,31,34,35,36,37,40,41,49,52,61,74]",49,1311,2,0.0015255530129672,1
"[0,1,2,3,4,5,6,7,8,9,10,11,12,13,14,15,16,17,18,19,20,21,22,23,25,30,31,34,35,36,37,40,41,49,52,61,74]",52,1311,8,0.0061022120518688,1
"[0,1,2,3,4,5,6,7,8,9,10,11,12,13,14,15,16,17,18,19,20,21,22,23,25,30,31,34,35,36,37,40,41,49,52,61,74]",61,1311,10,0.007627765064836,1
"[0,1,2,3,4,5,6,7,8,9,10,11,12,13,14,15,16,17,18,19,20,21,22,23,25,30,31,34,35,36,37,40,41,49,52,61,74]",74,1311,1,0.0007627765064836,1
"[0,1,2,3,4,5,6,7,8,9,10,11,12,13,14,15,16,17,18,19,20,21,22,23,25,30,31,34,35,36,37,41,49,52,54,55]",0,1413,20,0.0141542816702052,1
"[0,1,2,3,4,5,6,7,8,9,10,11,12,13,14,15,16,17,18,19,20,21,22,23,25,30,31,34,35,36,37,41,49,52,54,55]",1,1413,46,0.032554847841472,1
"[0,1,2,3,4,5,6,7,8,9,10,11,12,13,14,15,16,17,18,19,20,21,22,23,25,30,31,34,35,36,37,41,49,52,54,55]",2,1413,89,0.0629865534324133,1
"[0,1,2,3,4,5,6,7,8,9,10,11,12,13,14,15,16,17,18,19,20,21,22,23,25,30,31,34,35,36,37,41,49,52,54,55]",3,1413,49,0.0346779900920028,1
"[0,1,2,3,4,5,6,7,8,9,10,11,12,13,14,15,16,17,18,19,20,21,22,23,25,30,31,34,35,36,37,41,49,52,54,55]",4,1413,27,0.0191082802547771,1
"[0,1,2,3,4,5,6,7,8,9,10,11,12,13,14,15,16,17,18,19,20,21,22,23,25,30,31,34,35,36,37,41,49,52,54,55]",5,1413,13,0.0092002830856334,1
"[0,1,2,3,4,5,6,7,8,9,10,11,12,13,14,15,16,17,18,19,20,21,22,23,25,30,31,34,35,36,37,41,49,52,54,55]",6,1413,11,0.00778485491861288,1
"[0,1,2,3,4,5,6,7,8,9,10,11,12,13,14,15,16,17,18,19,20,21,22,23,25,30,31,34,35,36,37,41,49,52,54,55]",7,1413,141,0.0997876857749469,1
"[0,1,2,3,4,5,6,7,8,9,10,11,12,13,14,15,16,17,18,19,20,21,22,23,25,30,31,34,35,36,37,41,49,52,54,55]",8,1413,23,0.016277423920736,1
"[0,1,2,3,4,5,6,7,8,9,10,11,12,13,14,15,16,17,18,19,20,21,22,23,25,30,31,34,35,36,37,41,49,52,54,55]",9,1413,25,0.0176928520877565,1
"[0,1,2,3,4,5,6,7,8,9,10,11,12,13,14,15,16,17,18,19,20,21,22,23,25,30,31,34,35,36,37,41,49,52,54,55]",10,1413,19,0.013446567586695,1
"[0,1,2,3,4,5,6,7,8,9,10,11,12,13,14,15,16,17,18,19,20,21,22,23,25,30,31,34,35,36,37,41,49,52,54,55]",11,1413,65,0.046001415428167,1
"[0,1,2,3,4,5,6,7,8,9,10,11,12,13,14,15,16,17,18,19,20,21,22,23,25,30,31,34,35,36,37,41,49,52,54,55]",12,1413,32,0.0226468506723284,1
"[0,1,2,3,4,5,6,7,8,9,10,11,12,13,14,15,16,17,18,19,20,21,22,23,25,30,31,34,35,36,37,41,49,52,54,55]",13,1413,41,0.0290162774239207,1
"[0,1,2,3,4,5,6,7,8,9,10,11,12,13,14,15,16,17,18,19,20,21,22,23,25,30,31,34,35,36,37,41,49,52,54,55]",14,1413,20,0.0141542816702052,1
"[0,1,2,3,4,5,6,7,8,9,10,11,12,13,14,15,16,17,18,19,20,21,22,23,25,30,31,34,35,36,37,41,49,52,54,55]",15,1413,37,0.0261854210898797,1
"[0,1,2,3,4,5,6,7,8,9,10,11,12,13,14,15,16,17,18,19,20,21,22,23,25,30,31,34,35,36,37,41,49,52,54,55]",16,1413,4,0.00283085633404105,1
"[0,1,2,3,4,5,6,7,8,9,10,11,12,13,14,15,16,17,18,19,20,21,22,23,25,30,31,34,35,36,37,41,49,52,54,55]",17,1413,79,0.0559094125973107,1
"[0,1,2,3,4,5,6,7,8,9,10,11,12,13,14,15,16,17,18,19,20,21,22,23,25,30,31,34,35,36,37,41,49,52,54,55]",18,1413,239,0.169143665958953,1
"[0,1,2,3,4,5,6,7,8,9,10,11,12,13,14,15,16,17,18,19,20,21,22,23,25,30,31,34,35,36,37,41,49,52,54,55]",19,1413,198,0.140127388535032,1
"[0,1,2,3,4,5,6,7,8,9,10,11,12,13,14,15,16,17,18,19,20,21,22,23,25,30,31,34,35,36,37,41,49,52,54,55]",20,1413,29,0.0205237084217976,1
"[0,1,2,3,4,5,6,7,8,9,10,11,12,13,14,15,16,17,18,19,20,21,22,23,25,30,31,34,35,36,37,41,49,52,54,55]",21,1413,11,0.00778485491861288,1
"[0,1,2,3,4,5,6,7,8,9,10,11,12,13,14,15,16,17,18,19,20,21,22,23,25,30,31,34,35,36,37,41,49,52,54,55]",22,1413,11,0.00778485491861288,1
"[0,1,2,3,4,5,6,7,8,9,10,11,12,13,14,15,16,17,18,19,20,21,22,23,25,30,31,34,35,36,37,41,49,52,54,55]",23,1413,32,0.0226468506723284,1
"[0,1,2,3,4,5,6,7,8,9,10,11,12,13,14,15,16,17,18,19,20,21,22,23,25,30,31,34,35,36,37,41,49,52,54,55]",25,1413,25,0.0176928520877565,1
"[0,1,2,3,4,5,6,7,8,9,10,11,12,13,14,15,16,17,18,19,20,21,22,23,25,30,31,34,35,36,37,41,49,52,54,55]",30,1413,10,0.00707714083510262,1
"[0,1,2,3,4,5,6,7,8,9,10,11,12,13,14,15,16,17,18,19,20,21,22,23,25,30,31,34,35,36,37,41,49,52,54,55]",31,1413,12,0.00849256900212314,1
"[0,1,2,3,4,5,6,7,8,9,10,11,12,13,14,15,16,17,18,19,20,21,22,23,25,30,31,34,35,36,37,41,49,52,54,55]",34,1413,10,0.00707714083510262,1
"[0,1,2,3,4,5,6,7,8,9,10,11,12,13,14,15,16,17,18,19,20,21,22,23,25,30,31,34,35,36,37,41,49,52,54,55]",35,1413,15,0.0106157112526539,1
"[0,1,2,3,4,5,6,7,8,9,10,11,12,13,14,15,16,17,18,19,20,21,22,23,25,30,31,34,35,36,37,41,49,52,54,55]",36,1413,10,0.00707714083510262,1
"[0,1,2,3,4,5,6,7,8,9,10,11,12,13,14,15,16,17,18,19,20,21,22,23,25,30,31,34,35,36,37,41,49,52,54,55]",37,1413,25,0.0176928520877565,1
"[0,1,2,3,4,5,6,7,8,9,10,11,12,13,14,15,16,17,18,19,20,21,22,23,25,30,31,34,35,36,37,41,49,52,54,55]",41,1413,11,0.00778485491861288,1
"[0,1,2,3,4,5,6,7,8,9,10,11,12,13,14,15,16,17,18,19,20,21,22,23,25,30,31,34,35,36,37,41,49,52,54,55]",49,1413,3,0.00212314225053079,1
"[0,1,2,3,4,5,6,7,8,9,10,11,12,13,14,15,16,17,18,19,20,21,22,23,25,30,31,34,35,36,37,41,49,52,54,55]",52,1413,18,0.0127388535031847,1
"[0,1,2,3,4,5,6,7,8,9,10,11,12,13,14,15,16,17,18,19,20,21,22,23,25,30,31,34,35,36,37,41,49,52,54,55]",54,1413,11,0.00778485491861288,1
"[0,1,2,3,4,5,6,7,8,9,10,11,12,13,14,15,16,17,18,19,20,21,22,23,25,30,31,34,35,36,37,41,49,52,54,55]",55,1413,2,0.00141542816702052,1
"[0,1,2,3,4,5,6,7,8,9,10,11,12,13,14,15,16,17,18,19,20,21,22,23,25,30,31,34,35,36,37,41,49,54,55,75,90]",0,1535,11,0.00716612377850163,1
"[0,1,2,3,4,5,6,7,8,9,10,11,12,13,14,15,16,17,18,19,20,21,22,23,25,30,31,34,35,36,37,41,49,54,55,75,90]",1,1535,47,0.0306188925081433,1
"[0,1,2,3,4,5,6,7,8,9,10,11,12,13,14,15,16,17,18,19,20,21,22,23,25,30,31,34,35,36,37,41,49,54,55,75,90]",2,1535,195,0.127035830618893,1
"[0,1,2,3,4,5,6,7,8,9,10,11,12,13,14,15,16,17,18,19,20,21,22,23,25,30,31,34,35,36,37,41,49,54,55,75,90]",3,1535,12,0.00781758957654723,1
"[0,1,2,3,4,5,6,7,8,9,10,11,12,13,14,15,16,17,18,19,20,21,22,23,25,30,31,34,35,36,37,41,49,54,55,75,90]",4,1535,47,0.0306188925081433,1
"[0,1,2,3,4,5,6,7,8,9,10,11,12,13,14,15,16,17,18,19,20,21,22,23,25,30,31,34,35,36,37,41,49,54,55,75,90]",5,1535,40,0.0260586319218241,1
"[0,1,2,3,4,5,6,7,8,9,10,11,12,13,14,15,16,17,18,19,20,21,22,23,25,30,31,34,35,36,37,41,49,54,55,75,90]",6,1535,14,0.00912052117263844,1
"[0,1,2,3,4,5,6,7,8,9,10,11,12,13,14,15,16,17,18,19,20,21,22,23,25,30,31,34,35,36,37,41,49,54,55,75,90]",7,1535,200,0.130293159609121,1
"[0,1,2,3,4,5,6,7,8,9,10,11,12,13,14,15,16,17,18,19,20,21,22,23,25,30,31,34,35,36,37,41,49,54,55,75,90]",8,1535,18,0.0117263843648208,1
"[0,1,2,3,4,5,6,7,8,9,10,11,12,13,14,15,16,17,18,19,20,21,22,23,25,30,31,34,35,36,37,41,49,54,55,75,90]",9,1535,39,0.0254071661237785,1
"[0,1,2,3,4,5,6,7,8,9,10,11,12,13,14,15,16,17,18,19,20,21,22,23,25,30,31,34,35,36,37,41,49,54,55,75,90]",10,1535,45,0.0293159609120521,1
"[0,1,2,3,4,5,6,7,8,9,10,11,12,13,14,15,16,17,18,19,20,21,22,23,25,30,31,34,35,36,37,41,49,54,55,75,90]",11,1535,96,0.0625407166123779,1
"[0,1,2,3,4,5,6,7,8,9,10,11,12,13,14,15,16,17,18,19,20,21,22,23,25,30,31,34,35,36,37,41,49,54,55,75,90]",12,1535,25,0.0162866449511401,1
"[0,1,2,3,4,5,6,7,8,9,10,11,12,13,14,15,16,17,18,19,20,21,22,23,25,30,31,34,35,36,37,41,49,54,55,75,90]",13,1535,67,0.0436482084690554,1
"[0,1,2,3,4,5,6,7,8,9,10,11,12,13,14,15,16,17,18,19,20,21,22,23,25,30,31,34,35,36,37,41,49,54,55,75,90]",14,1535,25,0.0162866449511401,1
"[0,1,2,3,4,5,6,7,8,9,10,11,12,13,14,15,16,17,18,19,20,21,22,23,25,30,31,34,35,36,37,41,49,54,55,75,90]",15,1535,23,0.0149837133550489,1
"[0,1,2,3,4,5,6,7,8,9,10,11,12,13,14,15,16,17,18,19,20,21,22,23,25,30,31,34,35,36,37,41,49,54,55,75,90]",16,1535,2,0.00130293159609121,1
"[0,1,2,3,4,5,6,7,8,9,10,11,12,13,14,15,16,17,18,19,20,21,22,23,25,30,31,34,35,36,37,41,49,54,55,75,90]",17,1535,27,0.0175895765472313,1
"[0,1,2,3,4,5,6,7,8,9,10,11,12,13,14,15,16,17,18,19,20,21,22,23,25,30,31,34,35,36,37,41,49,54,55,75,90]",18,1535,126,0.0820846905537459,1
"[0,1,2,3,4,5,6,7,8,9,10,11,12,13,14,15,16,17,18,19,20,21,22,23,25,30,31,34,35,36,37,41,49,54,55,75,90]",19,1535,127,0.0827361563517915,1
"[0,1,2,3,4,5,6,7,8,9,10,11,12,13,14,15,16,17,18,19,20,21,22,23,25,30,31,34,35,36,37,41,49,54,55,75,90]",20,1535,65,0.0423452768729642,1
"[0,1,2,3,4,5,6,7,8,9,10,11,12,13,14,15,16,17,18,19,20,21,22,23,25,30,31,34,35,36,37,41,49,54,55,75,90]",21,1535,15,0.00977198697068404,1
"[0,1,2,3,4,5,6,7,8,9,10,11,12,13,14,15,16,17,18,19,20,21,22,23,25,30,31,34,35,36,37,41,49,54,55,75,90]",22,1535,43,0.0280130293159609,1
"[0,1,2,3,4,5,6,7,8,9,10,11,12,13,14,15,16,17,18,19,20,21,22,23,25,30,31,34,35,36,37,41,49,54,55,75,90]",23,1535,15,0.00977198697068404,1
"[0,1,2,3,4,5,6,7,8,9,10,11,12,13,14,15,16,17,18,19,20,21,22,23,25,30,31,34,35,36,37,41,49,54,55,75,90]",25,1535,10,0.00651465798045603,1
"[0,1,2,3,4,5,6,7,8,9,10,11,12,13,14,15,16,17,18,19,20,21,22,23,25,30,31,34,35,36,37,41,49,54,55,75,90]",30,1535,37,0.0241042345276873,1
"[0,1,2,3,4,5,6,7,8,9,10,11,12,13,14,15,16,17,18,19,20,21,22,23,25,30,31,34,35,36,37,41,49,54,55,75,90]",31,1535,14,0.00912052117263844,1
"[0,1,2,3,4,5,6,7,8,9,10,11,12,13,14,15,16,17,18,19,20,21,22,23,25,30,31,34,35,36,37,41,49,54,55,75,90]",34,1535,12,0.00781758957654723,1
"[0,1,2,3,4,5,6,7,8,9,10,11,12,13,14,15,16,17,18,19,20,21,22,23,25,30,31,34,35,36,37,41,49,54,55,75,90]",35,1535,10,0.00651465798045603,1
"[0,1,2,3,4,5,6,7,8,9,10,11,12,13,14,15,16,17,18,19,20,21,22,23,25,30,31,34,35,36,37,41,49,54,55,75,90]",36,1535,23,0.0149837133550489,1
"[0,1,2,3,4,5,6,7,8,9,10,11,12,13,14,15,16,17,18,19,20,21,22,23,25,30,31,34,35,36,37,41,49,54,55,75,90]",37,1535,53,0.0345276872964169,1
"[0,1,2,3,4,5,6,7,8,9,10,11,12,13,14,15,16,17,18,19,20,21,22,23,25,30,31,34,35,36,37,41,49,54,55,75,90]",41,1535,16,0.0104234527687296,1
"[0,1,2,3,4,5,6,7,8,9,10,11,12,13,14,15,16,17,18,19,20,21,22,23,25,30,31,34,35,36,37,41,49,54,55,75,90]",49,1535,4,0.00260586319218241,1
"[0,1,2,3,4,5,6,7,8,9,10,11,12,13,14,15,16,17,18,19,20,21,22,23,25,30,31,34,35,36,37,41,49,54,55,75,90]",54,1535,6,0.00390879478827362,1
"[0,1,2,3,4,5,6,7,8,9,10,11,12,13,14,15,16,17,18,19,20,21,22,23,25,30,31,34,35,36,37,41,49,54,55,75,90]",55,1535,8,0.00521172638436482,1
"[0,1,2,3,4,5,6,7,8,9,10,11,12,13,14,15,16,17,18,19,20,21,22,23,25,30,31,34,35,36,37,41,49,54,55,75,90]",75,1535,14,0.00912052117263844,1
"[0,1,2,3,4,5,6,7,8,9,10,11,12,13,14,15,16,17,18,19,20,21,22,23,25,30,31,34,35,36,37,41,49,54,55,75,90]",90,1535,4,0.00260586319218241,1
"[0,1,2,3,4,5,6,7,8,9,10,11,12,13,14,15,16,17,18,19,20,21,22,23,25,30,31,34,35,36,37,41,54,55,75]",0,1319,33,0.0250189537528431,1
"[0,1,2,3,4,5,6,7,8,9,10,11,12,13,14,15,16,17,18,19,20,21,22,23,25,30,31,34,35,36,37,41,54,55,75]",1,1319,38,0.0288097043214556,1
"[0,1,2,3,4,5,6,7,8,9,10,11,12,13,14,15,16,17,18,19,20,21,22,23,25,30,31,34,35,36,37,41,54,55,75]",2,1319,169,0.128127369219105,1
"[0,1,2,3,4,5,6,7,8,9,10,11,12,13,14,15,16,17,18,19,20,21,22,23,25,30,31,34,35,36,37,41,54,55,75]",3,1319,7,0.00530705079605762,1
"[0,1,2,3,4,5,6,7,8,9,10,11,12,13,14,15,16,17,18,19,20,21,22,23,25,30,31,34,35,36,37,41,54,55,75]",4,1319,35,0.0265352539802881,1
"[0,1,2,3,4,5,6,7,8,9,10,11,12,13,14,15,16,17,18,19,20,21,22,23,25,30,31,34,35,36,37,41,54,55,75]",5,1319,38,0.0288097043214556,1
"[0,1,2,3,4,5,6,7,8,9,10,11,12,13,14,15,16,17,18,19,20,21,22,23,25,30,31,34,35,36,37,41,54,55,75]",6,1319,385,0.291887793783169,1
"[0,1,2,3,4,5,6,7,8,9,10,11,12,13,14,15,16,17,18,19,20,21,22,23,25,30,31,34,35,36,37,41,54,55,75]",7,1319,93,0.0705079605761941,1
"[0,1,2,3,4,5,6,7,8,9,10,11,12,13,14,15,16,17,18,19,20,21,22,23,25,30,31,34,35,36,37,41,54,55,75]",8,1319,16,0.0121304018195603,1
"[0,1,2,3,4,5,6,7,8,9,10,11,12,13,14,15,16,17,18,19,20,21,22,23,25,30,31,34,35,36,37,41,54,55,75]",9,1319,18,0.0136467020470053,1
"[0,1,2,3,4,5,6,7,8,9,10,11,12,13,14,15,16,17,18,19,20,21,22,23,25,30,31,34,35,36,37,41,54,55,75]",10,1319,13,0.00985595147839272,1
"[0,1,2,3,4,5,6,7,8,9,10,11,12,13,14,15,16,17,18,19,20,21,22,23,25,30,31,34,35,36,37,41,54,55,75]",11,1319,42,0.0318423047763457,1
"[0,1,2,3,4,5,6,7,8,9,10,11,12,13,14,15,16,17,18,19,20,21,22,23,25,30,31,34,35,36,37,41,54,55,75]",12,1319,27,0.020470053070508,1
"[0,1,2,3,4,5,6,7,8,9,10,11,12,13,14,15,16,17,18,19,20,21,22,23,25,30,31,34,35,36,37,41,54,55,75]",13,1319,32,0.0242608036391205,1
"[0,1,2,3,4,5,6,7,8,9,10,11,12,13,14,15,16,17,18,19,20,21,22,23,25,30,31,34,35,36,37,41,54,55,75]",14,1319,13,0.00985595147839272,1
"[0,1,2,3,4,5,6,7,8,9,10,11,12,13,14,15,16,17,18,19,20,21,22,23,25,30,31,34,35,36,37,41,54,55,75]",15,1319,28,0.0212282031842305,1
"[0,1,2,3,4,5,6,7,8,9,10,11,12,13,14,15,16,17,18,19,20,21,22,23,25,30,31,34,35,36,37,41,54,55,75]",16,1319,5,0.00379075056861259,1
"[0,1,2,3,4,5,6,7,8,9,10,11,12,13,14,15,16,17,18,19,20,21,22,23,25,30,31,34,35,36,37,41,54,55,75]",17,1319,46,0.0348749052312358,1
"[0,1,2,3,4,5,6,7,8,9,10,11,12,13,14,15,16,17,18,19,20,21,22,23,25,30,31,34,35,36,37,41,54,55,75]",18,1319,23,0.0174374526156179,1
"[0,1,2,3,4,5,6,7,8,9,10,11,12,13,14,15,16,17,18,19,20,21,22,23,25,30,31,34,35,36,37,41,54,55,75]",19,1319,18,0.0136467020470053,1
"[0,1,2,3,4,5,6,7,8,9,10,11,12,13,14,15,16,17,18,19,20,21,22,23,25,30,31,34,35,36,37,41,54,55,75]",20,1319,29,0.021986353297953,1
"[0,1,2,3,4,5,6,7,8,9,10,11,12,13,14,15,16,17,18,19,20,21,22,23,25,30,31,34,35,36,37,41,54,55,75]",21,1319,22,0.0166793025018954,1
"[0,1,2,3,4,5,6,7,8,9,10,11,12,13,14,15,16,17,18,19,20,21,22,23,25,30,31,34,35,36,37,41,54,55,75]",22,1319,20,0.0151630022744503,1
"[0,1,2,3,4,5,6,7,8,9,10,11,12,13,14,15,16,17,18,19,20,21,22,23,25,30,31,34,35,36,37,41,54,55,75]",23,1319,15,0.0113722517058378,1
"[0,1,2,3,4,5,6,7,8,9,10,11,12,13,14,15,16,17,18,19,20,21,22,23,25,30,31,34,35,36,37,41,54,55,75]",25,1319,22,0.0166793025018954,1
"[0,1,2,3,4,5,6,7,8,9,10,11,12,13,14,15,16,17,18,19,20,21,22,23,25,30,31,34,35,36,37,41,54,55,75]",30,1319,3,0.00227445034116755,1
"[0,1,2,3,4,5,6,7,8,9,10,11,12,13,14,15,16,17,18,19,20,21,22,23,25,30,31,34,35,36,37,41,54,55,75]",31,1319,14,0.0106141015921152,1
"[0,1,2,3,4,5,6,7,8,9,10,11,12,13,14,15,16,17,18,19,20,21,22,23,25,30,31,34,35,36,37,41,54,55,75]",34,1319,9,0.00682335102350265,1
"[0,1,2,3,4,5,6,7,8,9,10,11,12,13,14,15,16,17,18,19,20,21,22,23,25,30,31,34,35,36,37,41,54,55,75]",35,1319,5,0.00379075056861259,1
"[0,1,2,3,4,5,6,7,8,9,10,11,12,13,14,15,16,17,18,19,20,21,22,23,25,30,31,34,35,36,37,41,54,55,75]",36,1319,17,0.0128885519332828,1
"[0,1,2,3,4,5,6,7,8,9,10,11,12,13,14,15,16,17,18,19,20,21,22,23,25,30,31,34,35,36,37,41,54,55,75]",37,1319,43,0.0326004548900682,1
"[0,1,2,3,4,5,6,7,8,9,10,11,12,13,14,15,16,17,18,19,20,21,22,23,25,30,31,34,35,36,37,41,54,55,75]",41,1319,11,0.00833965125094769,1
"[0,1,2,3,4,5,6,7,8,9,10,11,12,13,14,15,16,17,18,19,20,21,22,23,25,30,31,34,35,36,37,41,54,55,75]",54,1319,8,0.00606520090978014,1
"[0,1,2,3,4,5,6,7,8,9,10,11,12,13,14,15,16,17,18,19,20,21,22,23,25,30,31,34,35,36,37,41,54,55,75]",55,1319,9,0.00682335102350265,1
"[0,1,2,3,4,5,6,7,8,9,10,11,12,13,14,15,16,17,18,19,20,21,22,23,25,30,31,34,35,36,37,41,54,55,75]",75,1319,13,0.00985595147839272,1
"[0,1,2,3,4,5,6,7,8,9,10,11,12,13,14,15,16,17,18,19,20,21,22,23,31,34,35,36,37,41,49,54,55,75]",0,1388,21,0.0151296829971182,1
"[0,1,2,3,4,5,6,7,8,9,10,11,12,13,14,15,16,17,18,19,20,21,22,23,31,34,35,36,37,41,49,54,55,75]",1,1388,401,0.288904899135447,1
"[0,1,2,3,4,5,6,7,8,9,10,11,12,13,14,15,16,17,18,19,20,21,22,23,31,34,35,36,37,41,49,54,55,75]",2,1388,55,0.0396253602305476,1
"[0,1,2,3,4,5,6,7,8,9,10,11,12,13,14,15,16,17,18,19,20,21,22,23,31,34,35,36,37,41,49,54,55,75]",3,1388,9,0.00648414985590778,1
"[0,1,2,3,4,5,6,7,8,9,10,11,12,13,14,15,16,17,18,19,20,21,22,23,31,34,35,36,37,41,49,54,55,75]",4,1388,32,0.0230547550432277,1
"[0,1,2,3,4,5,6,7,8,9,10,11,12,13,14,15,16,17,18,19,20,21,22,23,31,34,35,36,37,41,49,54,55,75]",5,1388,37,0.026657060518732,1
"[0,1,2,3,4,5,6,7,8,9,10,11,12,13,14,15,16,17,18,19,20,21,22,23,31,34,35,36,37,41,49,54,55,75]",6,1388,4,0.00288184438040346,1
"[0,1,2,3,4,5,6,7,8,9,10,11,12,13,14,15,16,17,18,19,20,21,22,23,31,34,35,36,37,41,49,54,55,75]",7,1388,107,0.0770893371757925,1
"[0,1,2,3,4,5,6,7,8,9,10,11,12,13,14,15,16,17,18,19,20,21,22,23,31,34,35,36,37,41,49,54,55,75]",8,1388,78,0.0561959654178674,1
"[0,1,2,3,4,5,6,7,8,9,10,11,12,13,14,15,16,17,18,19,20,21,22,23,31,34,35,36,37,41,49,54,55,75]",9,1388,34,0.0244956772334294,1
"[0,1,2,3,4,5,6,7,8,9,10,11,12,13,14,15,16,17,18,19,20,21,22,23,31,34,35,36,37,41,49,54,55,75]",10,1388,43,0.0309798270893372,1
"[0,1,2,3,4,5,6,7,8,9,10,11,12,13,14,15,16,17,18,19,20,21,22,23,31,34,35,36,37,41,49,54,55,75]",11,1388,63,0.0453890489913545,1
"[0,1,2,3,4,5,6,7,8,9,10,11,12,13,14,15,16,17,18,19,20,21,22,23,31,34,35,36,37,41,49,54,55,75]",12,1388,42,0.0302593659942363,1
"[0,1,2,3,4,5,6,7,8,9,10,11,12,13,14,15,16,17,18,19,20,21,22,23,31,34,35,36,37,41,49,54,55,75]",13,1388,42,0.0302593659942363,1
"[0,1,2,3,4,5,6,7,8,9,10,11,12,13,14,15,16,17,18,19,20,21,22,23,31,34,35,36,37,41,49,54,55,75]",14,1388,19,0.0136887608069164,1
"[0,1,2,3,4,5,6,7,8,9,10,11,12,13,14,15,16,17,18,19,20,21,22,23,31,34,35,36,37,41,49,54,55,75]",15,1388,25,0.0180115273775216,1
"[0,1,2,3,4,5,6,7,8,9,10,11,12,13,14,15,16,17,18,19,20,21,22,23,31,34,35,36,37,41,49,54,55,75]",16,1388,6,0.00432276657060519,1
"[0,1,2,3,4,5,6,7,8,9,10,11,12,13,14,15,16,17,18,19,20,21,22,23,31,34,35,36,37,41,49,54,55,75]",17,1388,30,0.0216138328530259,1
"[0,1,2,3,4,5,6,7,8,9,10,11,12,13,14,15,16,17,18,19,20,21,22,23,31,34,35,36,37,41,49,54,55,75]",18,1388,55,0.0396253602305476,1
"[0,1,2,3,4,5,6,7,8,9,10,11,12,13,14,15,16,17,18,19,20,21,22,23,31,34,35,36,37,41,49,54,55,75]",19,1388,67,0.0482708933717579,1
"[0,1,2,3,4,5,6,7,8,9,10,11,12,13,14,15,16,17,18,19,20,21,22,23,31,34,35,36,37,41,49,54,55,75]",20,1388,43,0.0309798270893372,1
"[0,1,2,3,4,5,6,7,8,9,10,11,12,13,14,15,16,17,18,19,20,21,22,23,31,34,35,36,37,41,49,54,55,75]",21,1388,8,0.00576368876080692,1
"[0,1,2,3,4,5,6,7,8,9,10,11,12,13,14,15,16,17,18,19,20,21,22,23,31,34,35,36,37,41,49,54,55,75]",22,1388,5,0.00360230547550432,1
"[0,1,2,3,4,5,6,7,8,9,10,11,12,13,14,15,16,17,18,19,20,21,22,23,31,34,35,36,37,41,49,54,55,75]",23,1388,34,0.0244956772334294,1
"[0,1,2,3,4,5,6,7,8,9,10,11,12,13,14,15,16,17,18,19,20,21,22,23,31,34,35,36,37,41,49,54,55,75]",31,1388,14,0.0100864553314121,1
"[0,1,2,3,4,5,6,7,8,9,10,11,12,13,14,15,16,17,18,19,20,21,22,23,31,34,35,36,37,41,49,54,55,75]",34,1388,6,0.00432276657060519,1
"[0,1,2,3,4,5,6,7,8,9,10,11,12,13,14,15,16,17,18,19,20,21,22,23,31,34,35,36,37,41,49,54,55,75]",35,1388,18,0.0129682997118156,1
"[0,1,2,3,4,5,6,7,8,9,10,11,12,13,14,15,16,17,18,19,20,21,22,23,31,34,35,36,37,41,49,54,55,75]",36,1388,17,0.0122478386167147,1
"[0,1,2,3,4,5,6,7,8,9,10,11,12,13,14,15,16,17,18,19,20,21,22,23,31,34,35,36,37,41,49,54,55,75]",37,1388,33,0.0237752161383285,1
"[0,1,2,3,4,5,6,7,8,9,10,11,12,13,14,15,16,17,18,19,20,21,22,23,31,34,35,36,37,41,49,54,55,75]",41,1388,10,0.00720461095100865,1
"[0,1,2,3,4,5,6,7,8,9,10,11,12,13,14,15,16,17,18,19,20,21,22,23,31,34,35,36,37,41,49,54,55,75]",49,1388,2,0.00144092219020173,1
"[0,1,2,3,4,5,6,7,8,9,10,11,12,13,14,15,16,17,18,19,20,21,22,23,31,34,35,36,37,41,49,54,55,75]",54,1388,9,0.00648414985590778,1
"[0,1,2,3,4,5,6,7,8,9,10,11,12,13,14,15,16,17,18,19,20,21,22,23,31,34,35,36,37,41,49,54,55,75]",55,1388,3,0.00216138328530259,1
"[0,1,2,3,4,5,6,7,8,9,10,11,12,13,14,15,16,17,18,19,20,21,22,23,31,34,35,36,37,41,49,54,55,75]",75,1388,16,0.0115273775216138,1
"[0,1,2,3,4,5,6,7,8,9,10,11,12,13,14,15,16,17,18,19,20,21,22,24,27,28,29,32,33,38,43,47,56]",0,2125,27,0.0127058823529412,1
"[0,1,2,3,4,5,6,7,8,9,10,11,12,13,14,15,16,17,18,19,20,21,22,24,27,28,29,32,33,38,43,47,56]",1,2125,37,0.0174117647058824,1
"[0,1,2,3,4,5,6,7,8,9,10,11,12,13,14,15,16,17,18,19,20,21,22,24,27,28,29,32,33,38,43,47,56]",2,2125,84,0.0395294117647059,1
"[0,1,2,3,4,5,6,7,8,9,10,11,12,13,14,15,16,17,18,19,20,21,22,24,27,28,29,32,33,38,43,47,56]",3,2125,17,0.008,1
"[0,1,2,3,4,5,6,7,8,9,10,11,12,13,14,15,16,17,18,19,20,21,22,24,27,28,29,32,33,38,43,47,56]",4,2125,82,0.0385882352941176,1
"[0,1,2,3,4,5,6,7,8,9,10,11,12,13,14,15,16,17,18,19,20,21,22,24,27,28,29,32,33,38,43,47,56]",5,2125,32,0.0150588235294118,1
"[0,1,2,3,4,5,6,7,8,9,10,11,12,13,14,15,16,17,18,19,20,21,22,24,27,28,29,32,33,38,43,47,56]",6,2125,911,0.428705882352941,1
"[0,1,2,3,4,5,6,7,8,9,10,11,12,13,14,15,16,17,18,19,20,21,22,24,27,28,29,32,33,38,43,47,56]",7,2125,202,0.0950588235294118,1
"[0,1,2,3,4,5,6,7,8,9,10,11,12,13,14,15,16,17,18,19,20,21,22,24,27,28,29,32,33,38,43,47,56]",8,2125,45,0.0211764705882353,1
"[0,1,2,3,4,5,6,7,8,9,10,11,12,13,14,15,16,17,18,19,20,21,22,24,27,28,29,32,33,38,43,47,56]",9,2125,27,0.0127058823529412,1
"[0,1,2,3,4,5,6,7,8,9,10,11,12,13,14,15,16,17,18,19,20,21,22,24,27,28,29,32,33,38,43,47,56]",10,2125,63,0.0296470588235294,1
"[0,1,2,3,4,5,6,7,8,9,10,11,12,13,14,15,16,17,18,19,20,21,22,24,27,28,29,32,33,38,43,47,56]",11,2125,80,0.0376470588235294,1
"[0,1,2,3,4,5,6,7,8,9,10,11,12,13,14,15,16,17,18,19,20,21,22,24,27,28,29,32,33,38,43,47,56]",12,2125,36,0.0169411764705882,1
"[0,1,2,3,4,5,6,7,8,9,10,11,12,13,14,15,16,17,18,19,20,21,22,24,27,28,29,32,33,38,43,47,56]",13,2125,41,0.0192941176470588,1
"[0,1,2,3,4,5,6,7,8,9,10,11,12,13,14,15,16,17,18,19,20,21,22,24,27,28,29,32,33,38,43,47,56]",14,2125,35,0.0164705882352941,1
"[0,1,2,3,4,5,6,7,8,9,10,11,12,13,14,15,16,17,18,19,20,21,22,24,27,28,29,32,33,38,43,47,56]",15,2125,34,0.016,1
"[0,1,2,3,4,5,6,7,8,9,10,11,12,13,14,15,16,17,18,19,20,21,22,24,27,28,29,32,33,38,43,47,56]",16,2125,16,0.00752941176470588,1
"[0,1,2,3,4,5,6,7,8,9,10,11,12,13,14,15,16,17,18,19,20,21,22,24,27,28,29,32,33,38,43,47,56]",17,2125,66,0.0310588235294118,1
"[0,1,2,3,4,5,6,7,8,9,10,11,12,13,14,15,16,17,18,19,20,21,22,24,27,28,29,32,33,38,43,47,56]",18,2125,8,0.00376470588235294,1
"[0,1,2,3,4,5,6,7,8,9,10,11,12,13,14,15,16,17,18,19,20,21,22,24,27,28,29,32,33,38,43,47,56]",19,2125,34,0.016,1
"[0,1,2,3,4,5,6,7,8,9,10,11,12,13,14,15,16,17,18,19,20,21,22,24,27,28,29,32,33,38,43,47,56]",20,2125,47,0.0221176470588235,1
"[0,1,2,3,4,5,6,7,8,9,10,11,12,13,14,15,16,17,18,19,20,21,22,24,27,28,29,32,33,38,43,47,56]",21,2125,27,0.0127058823529412,1
"[0,1,2,3,4,5,6,7,8,9,10,11,12,13,14,15,16,17,18,19,20,21,22,24,27,28,29,32,33,38,43,47,56]",22,2125,40,0.0188235294117647,1
"[0,1,2,3,4,5,6,7,8,9,10,11,12,13,14,15,16,17,18,19,20,21,22,24,27,28,29,32,33,38,43,47,56]",24,2125,30,0.0141176470588235,1
"[0,1,2,3,4,5,6,7,8,9,10,11,12,13,14,15,16,17,18,19,20,21,22,24,27,28,29,32,33,38,43,47,56]",27,2125,11,0.00517647058823529,1
"[0,1,2,3,4,5,6,7,8,9,10,11,12,13,14,15,16,17,18,19,20,21,22,24,27,28,29,32,33,38,43,47,56]",28,2125,11,0.00517647058823529,1
"[0,1,2,3,4,5,6,7,8,9,10,11,12,13,14,15,16,17,18,19,20,21,22,24,27,28,29,32,33,38,43,47,56]",29,2125,17,0.008,1
"[0,1,2,3,4,5,6,7,8,9,10,11,12,13,14,15,16,17,18,19,20,21,22,24,27,28,29,32,33,38,43,47,56]",32,2125,12,0.00564705882352941,1
"[0,1,2,3,4,5,6,7,8,9,10,11,12,13,14,15,16,17,18,19,20,21,22,24,27,28,29,32,33,38,43,47,56]",33,2125,12,0.00564705882352941,1
"[0,1,2,3,4,5,6,7,8,9,10,11,12,13,14,15,16,17,18,19,20,21,22,24,27,28,29,32,33,38,43,47,56]",38,2125,5,0.00235294117647059,1
"[0,1,2,3,4,5,6,7,8,9,10,11,12,13,14,15,16,17,18,19,20,21,22,24,27,28,29,32,33,38,43,47,56]",43,2125,24,0.0112941176470588,1
"[0,1,2,3,4,5,6,7,8,9,10,11,12,13,14,15,16,17,18,19,20,21,22,24,27,28,29,32,33,38,43,47,56]",47,2125,6,0.00282352941176471,1
"[0,1,2,3,4,5,6,7,8,9,10,11,12,13,14,15,16,17,18,19,20,21,22,24,27,28,29,32,33,38,43,47,56]",56,2125,6,0.00282352941176471,1
"[0,1,2,3,4,5,6,7,8,9,10,11,12,13,14,15,16,17,18,19,20,21,22,24,27,28,29,33,34,36,37,38,43,47,56,89,96,104]",0,7672,84,0.0109489051094891,4
"[0,1,2,3,4,5,6,7,8,9,10,11,12,13,14,15,16,17,18,19,20,21,22,24,27,28,29,33,34,36,37,38,43,47,56,89,96,104]",1,7672,511,0.0666058394160584,4
"[0,1,2,3,4,5,6,7,8,9,10,11,12,13,14,15,16,17,18,19,20,21,22,24,27,28,29,33,34,36,37,38,43,47,56,89,96,104]",2,7672,345,0.0449687174139729,4
"[0,1,2,3,4,5,6,7,8,9,10,11,12,13,14,15,16,17,18,19,20,21,22,24,27,28,29,33,34,36,37,38,43,47,56,89,96,104]",3,7672,76,0.00990615224191867,4
"[0,1,2,3,4,5,6,7,8,9,10,11,12,13,14,15,16,17,18,19,20,21,22,24,27,28,29,33,34,36,37,38,43,47,56,89,96,104]",4,7672,648,0.0844629822732012,4
"[0,1,2,3,4,5,6,7,8,9,10,11,12,13,14,15,16,17,18,19,20,21,22,24,27,28,29,33,34,36,37,38,43,47,56,89,96,104]",5,7672,569,0.0741657977059437,4
"[0,1,2,3,4,5,6,7,8,9,10,11,12,13,14,15,16,17,18,19,20,21,22,24,27,28,29,33,34,36,37,38,43,47,56,89,96,104]",6,7672,63,0.00821167883211679,4
"[0,1,2,3,4,5,6,7,8,9,10,11,12,13,14,15,16,17,18,19,20,21,22,24,27,28,29,33,34,36,37,38,43,47,56,89,96,104]",7,7672,949,0.123696558915537,4
"[0,1,2,3,4,5,6,7,8,9,10,11,12,13,14,15,16,17,18,19,20,21,22,24,27,28,29,33,34,36,37,38,43,47,56,89,96,104]",8,7672,228,0.029718456725756,4
"[0,1,2,3,4,5,6,7,8,9,10,11,12,13,14,15,16,17,18,19,20,21,22,24,27,28,29,33,34,36,37,38,43,47,56,89,96,104]",9,7672,186,0.0242440041710115,4
"[0,1,2,3,4,5,6,7,8,9,10,11,12,13,14,15,16,17,18,19,20,21,22,24,27,28,29,33,34,36,37,38,43,47,56,89,96,104]",10,7672,203,0.0264598540145985,4
"[0,1,2,3,4,5,6,7,8,9,10,11,12,13,14,15,16,17,18,19,20,21,22,24,27,28,29,33,34,36,37,38,43,47,56,89,96,104]",11,7672,381,0.0496611053180396,4
"[0,1,2,3,4,5,6,7,8,9,10,11,12,13,14,15,16,17,18,19,20,21,22,24,27,28,29,33,34,36,37,38,43,47,56,89,96,104]",12,7672,140,0.0182481751824818,4
"[0,1,2,3,4,5,6,7,8,9,10,11,12,13,14,15,16,17,18,19,20,21,22,24,27,28,29,33,34,36,37,38,43,47,56,89,96,104]",13,7672,307,0.0400156412930136,4
"[0,1,2,3,4,5,6,7,8,9,10,11,12,13,14,15,16,17,18,19,20,21,22,24,27,28,29,33,34,36,37,38,43,47,56,89,96,104]",14,7672,179,0.0233315954118874,4
"[0,1,2,3,4,5,6,7,8,9,10,11,12,13,14,15,16,17,18,19,20,21,22,24,27,28,29,33,34,36,37,38,43,47,56,89,96,104]",15,7672,354,0.0461418143899896,4
"[0,1,2,3,4,5,6,7,8,9,10,11,12,13,14,15,16,17,18,19,20,21,22,24,27,28,29,33,34,36,37,38,43,47,56,89,96,104]",16,7672,19,0.00247653806047967,4
"[0,1,2,3,4,5,6,7,8,9,10,11,12,13,14,15,16,17,18,19,20,21,22,24,27,28,29,33,34,36,37,38,43,47,56,89,96,104]",17,7672,198,0.025808133472367,4
"[0,1,2,3,4,5,6,7,8,9,10,11,12,13,14,15,16,17,18,19,20,21,22,24,27,28,29,33,34,36,37,38,43,47,56,89,96,104]",18,7672,190,0.0247653806047967,4
"[0,1,2,3,4,5,6,7,8,9,10,11,12,13,14,15,16,17,18,19,20,21,22,24,27,28,29,33,34,36,37,38,43,47,56,89,96,104]",19,7672,254,0.0331074035453598,4
"[0,1,2,3,4,5,6,7,8,9,10,11,12,13,14,15,16,17,18,19,20,21,22,24,27,28,29,33,34,36,37,38,43,47,56,89,96,104]",20,7672,128,0.0166840458811262,4
"[0,1,2,3,4,5,6,7,8,9,10,11,12,13,14,15,16,17,18,19,20,21,22,24,27,28,29,33,34,36,37,38,43,47,56,89,96,104]",21,7672,28,0.00364963503649635,4
"[0,1,2,3,4,5,6,7,8,9,10,11,12,13,14,15,16,17,18,19,20,21,22,24,27,28,29,33,34,36,37,38,43,47,56,89,96,104]",22,7672,14,0.00182481751824818,4
"[0,1,2,3,4,5,6,7,8,9,10,11,12,13,14,15,16,17,18,19,20,21,22,24,27,28,29,33,34,36,37,38,43,47,56,89,96,104]",24,7672,161,0.020985401459854,4
"[0,1,2,3,4,5,6,7,8,9,10,11,12,13,14,15,16,17,18,19,20,21,22,24,27,28,29,33,34,36,37,38,43,47,56,89,96,104]",27,7672,80,0.0104275286757039,4
"[0,1,2,3,4,5,6,7,8,9,10,11,12,13,14,15,16,17,18,19,20,21,22,24,27,28,29,33,34,36,37,38,43,47,56,89,96,104]",28,7672,105,0.0136861313868613,4
"[0,1,2,3,4,5,6,7,8,9,10,11,12,13,14,15,16,17,18,19,20,21,22,24,27,28,29,33,34,36,37,38,43,47,56,89,96,104]",29,7672,105,0.0136861313868613,4
"[0,1,2,3,4,5,6,7,8,9,10,11,12,13,14,15,16,17,18,19,20,21,22,24,27,28,29,33,34,36,37,38,43,47,56,89,96,104]",33,7672,18,0.00234619395203337,4
"[0,1,2,3,4,5,6,7,8,9,10,11,12,13,14,15,16,17,18,19,20,21,22,24,27,28,29,33,34,36,37,38,43,47,56,89,96,104]",34,7672,25,0.00325860271115746,4
"[0,1,2,3,4,5,6,7,8,9,10,11,12,13,14,15,16,17,18,19,20,21,22,24,27,28,29,33,34,36,37,38,43,47,56,89,96,104]",36,7672,36,0.00469238790406674,4
"[0,1,2,3,4,5,6,7,8,9,10,11,12,13,14,15,16,17,18,19,20,21,22,24,27,28,29,33,34,36,37,38,43,47,56,89,96,104]",37,7672,174,0.0226798748696559,4
"[0,1,2,3,4,5,6,7,8,9,10,11,12,13,14,15,16,17,18,19,20,21,22,24,27,28,29,33,34,36,37,38,43,47,56,89,96,104]",38,7672,413,0.0538321167883212,4
"[0,1,2,3,4,5,6,7,8,9,10,11,12,13,14,15,16,17,18,19,20,21,22,24,27,28,29,33,34,36,37,38,43,47,56,89,96,104]",43,7672,111,0.0144681960375391,4
"[0,1,2,3,4,5,6,7,8,9,10,11,12,13,14,15,16,17,18,19,20,21,22,24,27,28,29,33,34,36,37,38,43,47,56,89,96,104]",47,7672,258,0.0336287799791449,4
"[0,1,2,3,4,5,6,7,8,9,10,11,12,13,14,15,16,17,18,19,20,21,22,24,27,28,29,33,34,36,37,38,43,47,56,89,96,104]",56,7672,32,0.00417101147028154,4
"[0,1,2,3,4,5,6,7,8,9,10,11,12,13,14,15,16,17,18,19,20,21,22,24,27,28,29,33,34,36,37,38,43,47,56,89,96,104]",89,7672,58,0.0075599582898853,4
"[0,1,2,3,4,5,6,7,8,9,10,11,12,13,14,15,16,17,18,19,20,21,22,24,27,28,29,33,34,36,37,38,43,47,56,89,96,104]",96,7672,38,0.00495307612095933,4
"[0,1,2,3,4,5,6,7,8,9,10,11,12,13,14,15,16,17,18,19,20,21,22,24,27,28,29,33,34,36,37,38,43,47,56,89,96,104]",104,7672,4,0.000521376433785193,4
"[0,1,2,3,4,5,6,7,8,9,10,11,12,13,14,15,16,17,18,19,20,21,22,24,27,28,29,33,34,36,37,38,43,47,56,89,96]",0,18496,177,0.00956963667820069,8
"[0,1,2,3,4,5,6,7,8,9,10,11,12,13,14,15,16,17,18,19,20,21,22,24,27,28,29,33,34,36,37,38,43,47,56,89,96]",1,18496,1852,0.100129757785467,8
"[0,1,2,3,4,5,6,7,8,9,10,11,12,13,14,15,16,17,18,19,20,21,22,24,27,28,29,33,34,36,37,38,43,47,56,89,96]",2,18496,414,0.0223832179930796,8
"[0,1,2,3,4,5,6,7,8,9,10,11,12,13,14,15,16,17,18,19,20,21,22,24,27,28,29,33,34,36,37,38,43,47,56,89,96]",3,18496,175,0.00946150519031142,8
"[0,1,2,3,4,5,6,7,8,9,10,11,12,13,14,15,16,17,18,19,20,21,22,24,27,28,29,33,34,36,37,38,43,47,56,89,96]",4,18496,453,0.0244917820069204,8
"[0,1,2,3,4,5,6,7,8,9,10,11,12,13,14,15,16,17,18,19,20,21,22,24,27,28,29,33,34,36,37,38,43,47,56,89,96]",5,18496,410,0.022166955017301,8
"[0,1,2,3,4,5,6,7,8,9,10,11,12,13,14,15,16,17,18,19,20,21,22,24,27,28,29,33,34,36,37,38,43,47,56,89,96]",6,18496,642,0.0347102076124567,8
"[0,1,2,3,4,5,6,7,8,9,10,11,12,13,14,15,16,17,18,19,20,21,22,24,27,28,29,33,34,36,37,38,43,47,56,89,96]",7,18496,2915,0.157601643598616,8
"[0,1,2,3,4,5,6,7,8,9,10,11,12,13,14,15,16,17,18,19,20,21,22,24,27,28,29,33,34,36,37,38,43,47,56,89,96]",8,18496,872,0.0471453287197232,8
"[0,1,2,3,4,5,6,7,8,9,10,11,12,13,14,15,16,17,18,19,20,21,22,24,27,28,29,33,34,36,37,38,43,47,56,89,96]",9,18496,637,0.0344398788927336,8
"[0,1,2,3,4,5,6,7,8,9,10,11,12,13,14,15,16,17,18,19,20,21,22,24,27,28,29,33,34,36,37,38,43,47,56,89,96]",10,18496,615,0.0332504325259516,8
"[0,1,2,3,4,5,6,7,8,9,10,11,12,13,14,15,16,17,18,19,20,21,22,24,27,28,29,33,34,36,37,38,43,47,56,89,96]",11,18496,1164,0.0629325259515571,8
"[0,1,2,3,4,5,6,7,8,9,10,11,12,13,14,15,16,17,18,19,20,21,22,24,27,28,29,33,34,36,37,38,43,47,56,89,96]",12,18496,243,0.0131379757785467,8
"[0,1,2,3,4,5,6,7,8,9,10,11,12,13,14,15,16,17,18,19,20,21,22,24,27,28,29,33,34,36,37,38,43,47,56,89,96]",13,18496,967,0.0522815743944637,8
"[0,1,2,3,4,5,6,7,8,9,10,11,12,13,14,15,16,17,18,19,20,21,22,24,27,28,29,33,34,36,37,38,43,47,56,89,96]",14,18496,244,0.0131920415224913,8
"[0,1,2,3,4,5,6,7,8,9,10,11,12,13,14,15,16,17,18,19,20,21,22,24,27,28,29,33,34,36,37,38,43,47,56,89,96]",15,18496,287,0.0155168685121107,8
"[0,1,2,3,4,5,6,7,8,9,10,11,12,13,14,15,16,17,18,19,20,21,22,24,27,28,29,33,34,36,37,38,43,47,56,89,96]",16,18496,50,0.00270328719723183,8
"[0,1,2,3,4,5,6,7,8,9,10,11,12,13,14,15,16,17,18,19,20,21,22,24,27,28,29,33,34,36,37,38,43,47,56,89,96]",17,18496,357,0.0193014705882353,8
"[0,1,2,3,4,5,6,7,8,9,10,11,12,13,14,15,16,17,18,19,20,21,22,24,27,28,29,33,34,36,37,38,43,47,56,89,96]",18,18496,901,0.0487132352941176,8
"[0,1,2,3,4,5,6,7,8,9,10,11,12,13,14,15,16,17,18,19,20,21,22,24,27,28,29,33,34,36,37,38,43,47,56,89,96]",19,18496,680,0.0367647058823529,8
"[0,1,2,3,4,5,6,7,8,9,10,11,12,13,14,15,16,17,18,19,20,21,22,24,27,28,29,33,34,36,37,38,43,47,56,89,96]",20,18496,275,0.0148680795847751,8
"[0,1,2,3,4,5,6,7,8,9,10,11,12,13,14,15,16,17,18,19,20,21,22,24,27,28,29,33,34,36,37,38,43,47,56,89,96]",21,18496,107,0.00578503460207612,8
"[0,1,2,3,4,5,6,7,8,9,10,11,12,13,14,15,16,17,18,19,20,21,22,24,27,28,29,33,34,36,37,38,43,47,56,89,96]",22,18496,47,0.00254108996539792,8
"[0,1,2,3,4,5,6,7,8,9,10,11,12,13,14,15,16,17,18,19,20,21,22,24,27,28,29,33,34,36,37,38,43,47,56,89,96]",24,18496,290,0.0156790657439446,8
"[0,1,2,3,4,5,6,7,8,9,10,11,12,13,14,15,16,17,18,19,20,21,22,24,27,28,29,33,34,36,37,38,43,47,56,89,96]",27,18496,177,0.00956963667820069,8
"[0,1,2,3,4,5,6,7,8,9,10,11,12,13,14,15,16,17,18,19,20,21,22,24,27,28,29,33,34,36,37,38,43,47,56,89,96]",28,18496,69,0.00373053633217993,8
"[0,1,2,3,4,5,6,7,8,9,10,11,12,13,14,15,16,17,18,19,20,21,22,24,27,28,29,33,34,36,37,38,43,47,56,89,96]",29,18496,200,0.0108131487889273,8
"[0,1,2,3,4,5,6,7,8,9,10,11,12,13,14,15,16,17,18,19,20,21,22,24,27,28,29,33,34,36,37,38,43,47,56,89,96]",33,18496,31,0.00167603806228374,8
"[0,1,2,3,4,5,6,7,8,9,10,11,12,13,14,15,16,17,18,19,20,21,22,24,27,28,29,33,34,36,37,38,43,47,56,89,96]",34,18496,64,0.00346020761245675,8
"[0,1,2,3,4,5,6,7,8,9,10,11,12,13,14,15,16,17,18,19,20,21,22,24,27,28,29,33,34,36,37,38,43,47,56,89,96]",36,18496,86,0.00464965397923875,8
"[0,1,2,3,4,5,6,7,8,9,10,11,12,13,14,15,16,17,18,19,20,21,22,24,27,28,29,33,34,36,37,38,43,47,56,89,96]",37,18496,411,0.0222210207612457,8
"[0,1,2,3,4,5,6,7,8,9,10,11,12,13,14,15,16,17,18,19,20,21,22,24,27,28,29,33,34,36,37,38,43,47,56,89,96]",38,18496,1340,0.0724480968858131,8
"[0,1,2,3,4,5,6,7,8,9,10,11,12,13,14,15,16,17,18,19,20,21,22,24,27,28,29,33,34,36,37,38,43,47,56,89,96]",43,18496,212,0.011461937716263,8
"[0,1,2,3,4,5,6,7,8,9,10,11,12,13,14,15,16,17,18,19,20,21,22,24,27,28,29,33,34,36,37,38,43,47,56,89,96]",47,18496,841,0.0454692906574394,8
"[0,1,2,3,4,5,6,7,8,9,10,11,12,13,14,15,16,17,18,19,20,21,22,24,27,28,29,33,34,36,37,38,43,47,56,89,96]",56,18496,67,0.00362240484429066,8
"[0,1,2,3,4,5,6,7,8,9,10,11,12,13,14,15,16,17,18,19,20,21,22,24,27,28,29,33,34,36,37,38,43,47,56,89,96]",89,18496,98,0.00529844290657439,8
"[0,1,2,3,4,5,6,7,8,9,10,11,12,13,14,15,16,17,18,19,20,21,22,24,27,28,29,33,34,36,37,38,43,47,56,89,96]",96,18496,126,0.00681228373702422,8
"[0,1,2,3,4,5,6,7,8,9,10,11,12,13,14,15,16,17,18,19,20,21,22,24,27,28,29,33,34,36,37,38,43,47,56,89]",0,4686,66,0.0140845070422535,3
"[0,1,2,3,4,5,6,7,8,9,10,11,12,13,14,15,16,17,18,19,20,21,22,24,27,28,29,33,34,36,37,38,43,47,56,89]",1,4686,93,0.0198463508322663,3
"[0,1,2,3,4,5,6,7,8,9,10,11,12,13,14,15,16,17,18,19,20,21,22,24,27,28,29,33,34,36,37,38,43,47,56,89]",2,4686,253,0.0539906103286385,3
"[0,1,2,3,4,5,6,7,8,9,10,11,12,13,14,15,16,17,18,19,20,21,22,24,27,28,29,33,34,36,37,38,43,47,56,89]",3,4686,95,0.020273154075971,3
"[0,1,2,3,4,5,6,7,8,9,10,11,12,13,14,15,16,17,18,19,20,21,22,24,27,28,29,33,34,36,37,38,43,47,56,89]",4,4686,495,0.105633802816901,3
"[0,1,2,3,4,5,6,7,8,9,10,11,12,13,14,15,16,17,18,19,20,21,22,24,27,28,29,33,34,36,37,38,43,47,56,89]",5,4686,445,0.0949637217242851,3
"[0,1,2,3,4,5,6,7,8,9,10,11,12,13,14,15,16,17,18,19,20,21,22,24,27,28,29,33,34,36,37,38,43,47,56,89]",6,4686,185,0.0394793000426803,3
"[0,1,2,3,4,5,6,7,8,9,10,11,12,13,14,15,16,17,18,19,20,21,22,24,27,28,29,33,34,36,37,38,43,47,56,89]",7,4686,537,0.114596670934699,3
"[0,1,2,3,4,5,6,7,8,9,10,11,12,13,14,15,16,17,18,19,20,21,22,24,27,28,29,33,34,36,37,38,43,47,56,89]",8,4686,71,0.0151515151515152,3
"[0,1,2,3,4,5,6,7,8,9,10,11,12,13,14,15,16,17,18,19,20,21,22,24,27,28,29,33,34,36,37,38,43,47,56,89]",9,4686,120,0.0256081946222791,3
"[0,1,2,3,4,5,6,7,8,9,10,11,12,13,14,15,16,17,18,19,20,21,22,24,27,28,29,33,34,36,37,38,43,47,56,89]",10,4686,135,0.028809218950064,3
"[0,1,2,3,4,5,6,7,8,9,10,11,12,13,14,15,16,17,18,19,20,21,22,24,27,28,29,33,34,36,37,38,43,47,56,89]",11,4686,191,0.0407597097737943,3
"[0,1,2,3,4,5,6,7,8,9,10,11,12,13,14,15,16,17,18,19,20,21,22,24,27,28,29,33,34,36,37,38,43,47,56,89]",12,4686,65,0.0138711054204012,3
"[0,1,2,3,4,5,6,7,8,9,10,11,12,13,14,15,16,17,18,19,20,21,22,24,27,28,29,33,34,36,37,38,43,47,56,89]",13,4686,154,0.0328638497652582,3
"[0,1,2,3,4,5,6,7,8,9,10,11,12,13,14,15,16,17,18,19,20,21,22,24,27,28,29,33,34,36,37,38,43,47,56,89]",14,4686,122,0.0260349978659838,3
"[0,1,2,3,4,5,6,7,8,9,10,11,12,13,14,15,16,17,18,19,20,21,22,24,27,28,29,33,34,36,37,38,43,47,56,89]",15,4686,185,0.0394793000426803,3
"[0,1,2,3,4,5,6,7,8,9,10,11,12,13,14,15,16,17,18,19,20,21,22,24,27,28,29,33,34,36,37,38,43,47,56,89]",16,4686,20,0.00426803243704652,3
"[0,1,2,3,4,5,6,7,8,9,10,11,12,13,14,15,16,17,18,19,20,21,22,24,27,28,29,33,34,36,37,38,43,47,56,89]",17,4686,126,0.0268886043533931,3
"[0,1,2,3,4,5,6,7,8,9,10,11,12,13,14,15,16,17,18,19,20,21,22,24,27,28,29,33,34,36,37,38,43,47,56,89]",18,4686,212,0.0452411438326931,3
"[0,1,2,3,4,5,6,7,8,9,10,11,12,13,14,15,16,17,18,19,20,21,22,24,27,28,29,33,34,36,37,38,43,47,56,89]",19,4686,222,0.0473751600512164,3
"[0,1,2,3,4,5,6,7,8,9,10,11,12,13,14,15,16,17,18,19,20,21,22,24,27,28,29,33,34,36,37,38,43,47,56,89]",20,4686,149,0.0317968416559966,3
"[0,1,2,3,4,5,6,7,8,9,10,11,12,13,14,15,16,17,18,19,20,21,22,24,27,28,29,33,34,36,37,38,43,47,56,89]",21,4686,39,0.00832266325224072,3
"[0,1,2,3,4,5,6,7,8,9,10,11,12,13,14,15,16,17,18,19,20,21,22,24,27,28,29,33,34,36,37,38,43,47,56,89]",22,4686,95,0.020273154075971,3
"[0,1,2,3,4,5,6,7,8,9,10,11,12,13,14,15,16,17,18,19,20,21,22,24,27,28,29,33,34,36,37,38,43,47,56,89]",24,4686,79,0.0168587281263338,3
"[0,1,2,3,4,5,6,7,8,9,10,11,12,13,14,15,16,17,18,19,20,21,22,24,27,28,29,33,34,36,37,38,43,47,56,89]",27,4686,58,0.0123772940674349,3
"[0,1,2,3,4,5,6,7,8,9,10,11,12,13,14,15,16,17,18,19,20,21,22,24,27,28,29,33,34,36,37,38,43,47,56,89]",28,4686,32,0.00682885189927443,3
"[0,1,2,3,4,5,6,7,8,9,10,11,12,13,14,15,16,17,18,19,20,21,22,24,27,28,29,33,34,36,37,38,43,47,56,89]",29,4686,76,0.0162185232607768,3
"[0,1,2,3,4,5,6,7,8,9,10,11,12,13,14,15,16,17,18,19,20,21,22,24,27,28,29,33,34,36,37,38,43,47,56,89]",33,4686,20,0.00426803243704652,3
"[0,1,2,3,4,5,6,7,8,9,10,11,12,13,14,15,16,17,18,19,20,21,22,24,27,28,29,33,34,36,37,38,43,47,56,89]",34,4686,16,0.00341442594963722,3
"[0,1,2,3,4,5,6,7,8,9,10,11,12,13,14,15,16,17,18,19,20,21,22,24,27,28,29,33,34,36,37,38,43,47,56,89]",36,4686,17,0.00362782757148954,3
"[0,1,2,3,4,5,6,7,8,9,10,11,12,13,14,15,16,17,18,19,20,21,22,24,27,28,29,33,34,36,37,38,43,47,56,89]",37,4686,67,0.0142979086641058,3
"[0,1,2,3,4,5,6,7,8,9,10,11,12,13,14,15,16,17,18,19,20,21,22,24,27,28,29,33,34,36,37,38,43,47,56,89]",38,4686,32,0.00682885189927443,3
"[0,1,2,3,4,5,6,7,8,9,10,11,12,13,14,15,16,17,18,19,20,21,22,24,27,28,29,33,34,36,37,38,43,47,56,89]",43,4686,101,0.0215535638070849,3
"[0,1,2,3,4,5,6,7,8,9,10,11,12,13,14,15,16,17,18,19,20,21,22,24,27,28,29,33,34,36,37,38,43,47,56,89]",47,4686,33,0.00704225352112676,3
"[0,1,2,3,4,5,6,7,8,9,10,11,12,13,14,15,16,17,18,19,20,21,22,24,27,28,29,33,34,36,37,38,43,47,56,89]",56,4686,38,0.00810926163038839,3
"[0,1,2,3,4,5,6,7,8,9,10,11,12,13,14,15,16,17,18,19,20,21,22,24,27,28,29,33,34,36,37,38,43,47,56,89]",89,4686,42,0.0089628681177977,3
"[0,1,2,3,4,5,6,7,8,9,10,11,12,13,14,15,16,17,18,19,20,21,22,24,27,28,29,34,36,37,38,43,47,49,55,56,89]",0,1978,20,0.0101112234580384,1
"[0,1,2,3,4,5,6,7,8,9,10,11,12,13,14,15,16,17,18,19,20,21,22,24,27,28,29,34,36,37,38,43,47,49,55,56,89]",1,1978,84,0.0424671385237614,1
"[0,1,2,3,4,5,6,7,8,9,10,11,12,13,14,15,16,17,18,19,20,21,22,24,27,28,29,34,36,37,38,43,47,49,55,56,89]",2,1978,13,0.00657229524772497,1
"[0,1,2,3,4,5,6,7,8,9,10,11,12,13,14,15,16,17,18,19,20,21,22,24,27,28,29,34,36,37,38,43,47,49,55,56,89]",3,1978,6,0.00303336703741153,1
"[0,1,2,3,4,5,6,7,8,9,10,11,12,13,14,15,16,17,18,19,20,21,22,24,27,28,29,34,36,37,38,43,47,49,55,56,89]",4,1978,32,0.0161779575328615,1
"[0,1,2,3,4,5,6,7,8,9,10,11,12,13,14,15,16,17,18,19,20,21,22,24,27,28,29,34,36,37,38,43,47,49,55,56,89]",5,1978,60,0.0303336703741153,1
"[0,1,2,3,4,5,6,7,8,9,10,11,12,13,14,15,16,17,18,19,20,21,22,24,27,28,29,34,36,37,38,43,47,49,55,56,89]",6,1978,15,0.00758341759352882,1
"[0,1,2,3,4,5,6,7,8,9,10,11,12,13,14,15,16,17,18,19,20,21,22,24,27,28,29,34,36,37,38,43,47,49,55,56,89]",7,1978,713,0.36046511627907,1
"[0,1,2,3,4,5,6,7,8,9,10,11,12,13,14,15,16,17,18,19,20,21,22,24,27,28,29,34,36,37,38,43,47,49,55,56,89]",8,1978,27,0.0136501516683519,1
"[0,1,2,3,4,5,6,7,8,9,10,11,12,13,14,15,16,17,18,19,20,21,22,24,27,28,29,34,36,37,38,43,47,49,55,56,89]",9,1978,25,0.012639029322548,1
"[0,1,2,3,4,5,6,7,8,9,10,11,12,13,14,15,16,17,18,19,20,21,22,24,27,28,29,34,36,37,38,43,47,49,55,56,89]",10,1978,103,0.0520728008088979,1
"[0,1,2,3,4,5,6,7,8,9,10,11,12,13,14,15,16,17,18,19,20,21,22,24,27,28,29,34,36,37,38,43,47,49,55,56,89]",11,1978,89,0.044994944388271,1
"[0,1,2,3,4,5,6,7,8,9,10,11,12,13,14,15,16,17,18,19,20,21,22,24,27,28,29,34,36,37,38,43,47,49,55,56,89]",12,1978,10,0.00505561172901921,1
"[0,1,2,3,4,5,6,7,8,9,10,11,12,13,14,15,16,17,18,19,20,21,22,24,27,28,29,34,36,37,38,43,47,49,55,56,89]",13,1978,213,0.107684529828109,1
"[0,1,2,3,4,5,6,7,8,9,10,11,12,13,14,15,16,17,18,19,20,21,22,24,27,28,29,34,36,37,38,43,47,49,55,56,89]",14,1978,33,0.0166835187057634,1
"[0,1,2,3,4,5,6,7,8,9,10,11,12,13,14,15,16,17,18,19,20,21,22,24,27,28,29,34,36,37,38,43,47,49,55,56,89]",15,1978,24,0.0121334681496461,1
"[0,1,2,3,4,5,6,7,8,9,10,11,12,13,14,15,16,17,18,19,20,21,22,24,27,28,29,34,36,37,38,43,47,49,55,56,89]",16,1978,7,0.00353892821031345,1
"[0,1,2,3,4,5,6,7,8,9,10,11,12,13,14,15,16,17,18,19,20,21,22,24,27,28,29,34,36,37,38,43,47,49,55,56,89]",17,1978,70,0.0353892821031345,1
"[0,1,2,3,4,5,6,7,8,9,10,11,12,13,14,15,16,17,18,19,20,21,22,24,27,28,29,34,36,37,38,43,47,49,55,56,89]",18,1978,38,0.019211324570273,1
"[0,1,2,3,4,5,6,7,8,9,10,11,12,13,14,15,16,17,18,19,20,21,22,24,27,28,29,34,36,37,38,43,47,49,55,56,89]",19,1978,44,0.0222446916076845,1
"[0,1,2,3,4,5,6,7,8,9,10,11,12,13,14,15,16,17,18,19,20,21,22,24,27,28,29,34,36,37,38,43,47,49,55,56,89]",20,1978,32,0.0161779575328615,1
"[0,1,2,3,4,5,6,7,8,9,10,11,12,13,14,15,16,17,18,19,20,21,22,24,27,28,29,34,36,37,38,43,47,49,55,56,89]",21,1978,23,0.0116279069767442,1
"[0,1,2,3,4,5,6,7,8,9,10,11,12,13,14,15,16,17,18,19,20,21,22,24,27,28,29,34,36,37,38,43,47,49,55,56,89]",22,1978,7,0.00353892821031345,1
"[0,1,2,3,4,5,6,7,8,9,10,11,12,13,14,15,16,17,18,19,20,21,22,24,27,28,29,34,36,37,38,43,47,49,55,56,89]",24,1978,56,0.0283114256825076,1
"[0,1,2,3,4,5,6,7,8,9,10,11,12,13,14,15,16,17,18,19,20,21,22,24,27,28,29,34,36,37,38,43,47,49,55,56,89]",27,1978,26,0.0131445904954499,1
"[0,1,2,3,4,5,6,7,8,9,10,11,12,13,14,15,16,17,18,19,20,21,22,24,27,28,29,34,36,37,38,43,47,49,55,56,89]",28,1978,1,0.000505561172901921,1
"[0,1,2,3,4,5,6,7,8,9,10,11,12,13,14,15,16,17,18,19,20,21,22,24,27,28,29,34,36,37,38,43,47,49,55,56,89]",29,1978,19,0.0096056622851365,1
"[0,1,2,3,4,5,6,7,8,9,10,11,12,13,14,15,16,17,18,19,20,21,22,24,27,28,29,34,36,37,38,43,47,49,55,56,89]",34,1978,5,0.00252780586450961,1
"[0,1,2,3,4,5,6,7,8,9,10,11,12,13,14,15,16,17,18,19,20,21,22,24,27,28,29,34,36,37,38,43,47,49,55,56,89]",36,1978,25,0.012639029322548,1
"[0,1,2,3,4,5,6,7,8,9,10,11,12,13,14,15,16,17,18,19,20,21,22,24,27,28,29,34,36,37,38,43,47,49,55,56,89]",37,1978,17,0.00859453993933266,1
"[0,1,2,3,4,5,6,7,8,9,10,11,12,13,14,15,16,17,18,19,20,21,22,24,27,28,29,34,36,37,38,43,47,49,55,56,89]",38,1978,18,0.00910010111223458,1
"[0,1,2,3,4,5,6,7,8,9,10,11,12,13,14,15,16,17,18,19,20,21,22,24,27,28,29,34,36,37,38,43,47,49,55,56,89]",43,1978,29,0.0146612740141557,1
"[0,1,2,3,4,5,6,7,8,9,10,11,12,13,14,15,16,17,18,19,20,21,22,24,27,28,29,34,36,37,38,43,47,49,55,56,89]",47,1978,5,0.00252780586450961,1
"[0,1,2,3,4,5,6,7,8,9,10,11,12,13,14,15,16,17,18,19,20,21,22,24,27,28,29,34,36,37,38,43,47,49,55,56,89]",49,1978,60,0.0303336703741153,1
"[0,1,2,3,4,5,6,7,8,9,10,11,12,13,14,15,16,17,18,19,20,21,22,24,27,28,29,34,36,37,38,43,47,49,55,56,89]",55,1978,6,0.00303336703741153,1
"[0,1,2,3,4,5,6,7,8,9,10,11,12,13,14,15,16,17,18,19,20,21,22,24,27,28,29,34,36,37,38,43,47,49,55,56,89]",56,1978,12,0.00606673407482305,1
"[0,1,2,3,4,5,6,7,8,9,10,11,12,13,14,15,16,17,18,19,20,21,22,24,27,28,29,34,36,37,38,43,47,49,55,56,89]",89,1978,11,0.00556117290192113,1
"[0,1,2,3,4,5,6,7,8,9,10,11,12,13,14,15,16,17,18,19,20,21,22,24,27,28,29,34,36,37,38,43,47,49,56,89,104]",0,1712,16,0.00934579439252336,1
"[0,1,2,3,4,5,6,7,8,9,10,11,12,13,14,15,16,17,18,19,20,21,22,24,27,28,29,34,36,37,38,43,47,49,56,89,104]",1,1712,320,0.186915887850467,1
"[0,1,2,3,4,5,6,7,8,9,10,11,12,13,14,15,16,17,18,19,20,21,22,24,27,28,29,34,36,37,38,43,47,49,56,89,104]",2,1712,76,0.044392523364486,1
"[0,1,2,3,4,5,6,7,8,9,10,11,12,13,14,15,16,17,18,19,20,21,22,24,27,28,29,34,36,37,38,43,47,49,56,89,104]",3,1712,18,0.0105140186915888,1
"[0,1,2,3,4,5,6,7,8,9,10,11,12,13,14,15,16,17,18,19,20,21,22,24,27,28,29,34,36,37,38,43,47,49,56,89,104]",4,1712,47,0.0274532710280374,1
"[0,1,2,3,4,5,6,7,8,9,10,11,12,13,14,15,16,17,18,19,20,21,22,24,27,28,29,34,36,37,38,43,47,49,56,89,104]",5,1712,48,0.0280373831775701,1
"[0,1,2,3,4,5,6,7,8,9,10,11,12,13,14,15,16,17,18,19,20,21,22,24,27,28,29,34,36,37,38,43,47,49,56,89,104]",6,1712,7,0.00408878504672897,1
"[0,1,2,3,4,5,6,7,8,9,10,11,12,13,14,15,16,17,18,19,20,21,22,24,27,28,29,34,36,37,38,43,47,49,56,89,104]",7,1712,192,0.11214953271028,1
"[0,1,2,3,4,5,6,7,8,9,10,11,12,13,14,15,16,17,18,19,20,21,22,24,27,28,29,34,36,37,38,43,47,49,56,89,104]",8,1712,236,0.13785046728972,1
"[0,1,2,3,4,5,6,7,8,9,10,11,12,13,14,15,16,17,18,19,20,21,22,24,27,28,29,34,36,37,38,43,47,49,56,89,104]",9,1712,34,0.0198598130841121,1
"[0,1,2,3,4,5,6,7,8,9,10,11,12,13,14,15,16,17,18,19,20,21,22,24,27,28,29,34,36,37,38,43,47,49,56,89,104]",10,1712,44,0.0257009345794393,1
"[0,1,2,3,4,5,6,7,8,9,10,11,12,13,14,15,16,17,18,19,20,21,22,24,27,28,29,34,36,37,38,43,47,49,56,89,104]",11,1712,45,0.026285046728972,1
"[0,1,2,3,4,5,6,7,8,9,10,11,12,13,14,15,16,17,18,19,20,21,22,24,27,28,29,34,36,37,38,43,47,49,56,89,104]",12,1712,27,0.0157710280373832,1
"[0,1,2,3,4,5,6,7,8,9,10,11,12,13,14,15,16,17,18,19,20,21,22,24,27,28,29,34,36,37,38,43,47,49,56,89,104]",13,1712,48,0.0280373831775701,1
"[0,1,2,3,4,5,6,7,8,9,10,11,12,13,14,15,16,17,18,19,20,21,22,24,27,28,29,34,36,37,38,43,47,49,56,89,104]",14,1712,18,0.0105140186915888,1
"[0,1,2,3,4,5,6,7,8,9,10,11,12,13,14,15,16,17,18,19,20,21,22,24,27,28,29,34,36,37,38,43,47,49,56,89,104]",15,1712,13,0.00759345794392523,1
"[0,1,2,3,4,5,6,7,8,9,10,11,12,13,14,15,16,17,18,19,20,21,22,24,27,28,29,34,36,37,38,43,47,49,56,89,104]",16,1712,5,0.00292056074766355,1
"[0,1,2,3,4,5,6,7,8,9,10,11,12,13,14,15,16,17,18,19,20,21,22,24,27,28,29,34,36,37,38,43,47,49,56,89,104]",17,1712,52,0.0303738317757009,1
"[0,1,2,3,4,5,6,7,8,9,10,11,12,13,14,15,16,17,18,19,20,21,22,24,27,28,29,34,36,37,38,43,47,49,56,89,104]",18,1712,18,0.0105140186915888,1
"[0,1,2,3,4,5,6,7,8,9,10,11,12,13,14,15,16,17,18,19,20,21,22,24,27,28,29,34,36,37,38,43,47,49,56,89,104]",19,1712,28,0.0163551401869159,1
"[0,1,2,3,4,5,6,7,8,9,10,11,12,13,14,15,16,17,18,19,20,21,22,24,27,28,29,34,36,37,38,43,47,49,56,89,104]",20,1712,30,0.0175233644859813,1
"[0,1,2,3,4,5,6,7,8,9,10,11,12,13,14,15,16,17,18,19,20,21,22,24,27,28,29,34,36,37,38,43,47,49,56,89,104]",21,1712,14,0.00817757009345794,1
"[0,1,2,3,4,5,6,7,8,9,10,11,12,13,14,15,16,17,18,19,20,21,22,24,27,28,29,34,36,37,38,43,47,49,56,89,104]",22,1712,11,0.00642523364485981,1
"[0,1,2,3,4,5,6,7,8,9,10,11,12,13,14,15,16,17,18,19,20,21,22,24,27,28,29,34,36,37,38,43,47,49,56,89,104]",24,1712,164,0.0957943925233645,1
"[0,1,2,3,4,5,6,7,8,9,10,11,12,13,14,15,16,17,18,19,20,21,22,24,27,28,29,34,36,37,38,43,47,49,56,89,104]",27,1712,14,0.00817757009345794,1
"[0,1,2,3,4,5,6,7,8,9,10,11,12,13,14,15,16,17,18,19,20,21,22,24,27,28,29,34,36,37,38,43,47,49,56,89,104]",28,1712,3,0.00175233644859813,1
"[0,1,2,3,4,5,6,7,8,9,10,11,12,13,14,15,16,17,18,19,20,21,22,24,27,28,29,34,36,37,38,43,47,49,56,89,104]",29,1712,23,0.0134345794392523,1
"[0,1,2,3,4,5,6,7,8,9,10,11,12,13,14,15,16,17,18,19,20,21,22,24,27,28,29,34,36,37,38,43,47,49,56,89,104]",34,1712,15,0.00876168224299065,1
"[0,1,2,3,4,5,6,7,8,9,10,11,12,13,14,15,16,17,18,19,20,21,22,24,27,28,29,34,36,37,38,43,47,49,56,89,104]",36,1712,15,0.00876168224299065,1
"[0,1,2,3,4,5,6,7,8,9,10,11,12,13,14,15,16,17,18,19,20,21,22,24,27,28,29,34,36,37,38,43,47,49,56,89,104]",37,1712,27,0.0157710280373832,1
"[0,1,2,3,4,5,6,7,8,9,10,11,12,13,14,15,16,17,18,19,20,21,22,24,27,28,29,34,36,37,38,43,47,49,56,89,104]",38,1712,18,0.0105140186915888,1
"[0,1,2,3,4,5,6,7,8,9,10,11,12,13,14,15,16,17,18,19,20,21,22,24,27,28,29,34,36,37,38,43,47,49,56,89,104]",43,1712,41,0.0239485981308411,1
"[0,1,2,3,4,5,6,7,8,9,10,11,12,13,14,15,16,17,18,19,20,21,22,24,27,28,29,34,36,37,38,43,47,49,56,89,104]",47,1712,12,0.00700934579439252,1
"[0,1,2,3,4,5,6,7,8,9,10,11,12,13,14,15,16,17,18,19,20,21,22,24,27,28,29,34,36,37,38,43,47,49,56,89,104]",49,1712,11,0.00642523364485981,1
"[0,1,2,3,4,5,6,7,8,9,10,11,12,13,14,15,16,17,18,19,20,21,22,24,27,28,29,34,36,37,38,43,47,49,56,89,104]",56,1712,6,0.00350467289719626,1
"[0,1,2,3,4,5,6,7,8,9,10,11,12,13,14,15,16,17,18,19,20,21,22,24,27,28,29,34,36,37,38,43,47,49,56,89,104]",89,1712,15,0.00876168224299065,1
"[0,1,2,3,4,5,6,7,8,9,10,11,12,13,14,15,16,17,18,19,20,21,22,24,27,28,29,34,36,37,38,43,47,49,56,89,104]",104,1712,1,0.00058411214953271,1
"[0,1,2,3,4,5,6,7,8,9,10,11,12,13,14,15,16,17,18,19,20,21,22,24,27,28,29,34,36,37,38,43,47,55,56,66,104]",0,1713,15,0.00875656742556918,1
"[0,1,2,3,4,5,6,7,8,9,10,11,12,13,14,15,16,17,18,19,20,21,22,24,27,28,29,34,36,37,38,43,47,55,56,66,104]",1,1713,46,0.0268534734384121,1
"[0,1,2,3,4,5,6,7,8,9,10,11,12,13,14,15,16,17,18,19,20,21,22,24,27,28,29,34,36,37,38,43,47,55,56,66,104]",2,1713,29,0.0169293636894337,1
"[0,1,2,3,4,5,6,7,8,9,10,11,12,13,14,15,16,17,18,19,20,21,22,24,27,28,29,34,36,37,38,43,47,55,56,66,104]",3,1713,20,0.0116754232340922,1
"[0,1,2,3,4,5,6,7,8,9,10,11,12,13,14,15,16,17,18,19,20,21,22,24,27,28,29,34,36,37,38,43,47,55,56,66,104]",4,1713,28,0.0163455925277291,1
"[0,1,2,3,4,5,6,7,8,9,10,11,12,13,14,15,16,17,18,19,20,21,22,24,27,28,29,34,36,37,38,43,47,55,56,66,104]",5,1713,22,0.0128429655575015,1
"[0,1,2,3,4,5,6,7,8,9,10,11,12,13,14,15,16,17,18,19,20,21,22,24,27,28,29,34,36,37,38,43,47,55,56,66,104]",6,1713,28,0.0163455925277291,1
"[0,1,2,3,4,5,6,7,8,9,10,11,12,13,14,15,16,17,18,19,20,21,22,24,27,28,29,34,36,37,38,43,47,55,56,66,104]",7,1713,155,0.0904845300642148,1
"[0,1,2,3,4,5,6,7,8,9,10,11,12,13,14,15,16,17,18,19,20,21,22,24,27,28,29,34,36,37,38,43,47,55,56,66,104]",8,1713,26,0.0151780502043199,1
"[0,1,2,3,4,5,6,7,8,9,10,11,12,13,14,15,16,17,18,19,20,21,22,24,27,28,29,34,36,37,38,43,47,55,56,66,104]",9,1713,42,0.0245183887915937,1
"[0,1,2,3,4,5,6,7,8,9,10,11,12,13,14,15,16,17,18,19,20,21,22,24,27,28,29,34,36,37,38,43,47,55,56,66,104]",10,1713,33,0.0192644483362522,1
"[0,1,2,3,4,5,6,7,8,9,10,11,12,13,14,15,16,17,18,19,20,21,22,24,27,28,29,34,36,37,38,43,47,55,56,66,104]",11,1713,75,0.0437828371278459,1
"[0,1,2,3,4,5,6,7,8,9,10,11,12,13,14,15,16,17,18,19,20,21,22,24,27,28,29,34,36,37,38,43,47,55,56,66,104]",12,1713,32,0.0186806771745476,1
"[0,1,2,3,4,5,6,7,8,9,10,11,12,13,14,15,16,17,18,19,20,21,22,24,27,28,29,34,36,37,38,43,47,55,56,66,104]",13,1713,47,0.0274372446001168,1
"[0,1,2,3,4,5,6,7,8,9,10,11,12,13,14,15,16,17,18,19,20,21,22,24,27,28,29,34,36,37,38,43,47,55,56,66,104]",14,1713,30,0.0175131348511384,1
"[0,1,2,3,4,5,6,7,8,9,10,11,12,13,14,15,16,17,18,19,20,21,22,24,27,28,29,34,36,37,38,43,47,55,56,66,104]",15,1713,15,0.00875656742556918,1
"[0,1,2,3,4,5,6,7,8,9,10,11,12,13,14,15,16,17,18,19,20,21,22,24,27,28,29,34,36,37,38,43,47,55,56,66,104]",16,1713,10,0.00583771161704612,1
"[0,1,2,3,4,5,6,7,8,9,10,11,12,13,14,15,16,17,18,19,20,21,22,24,27,28,29,34,36,37,38,43,47,55,56,66,104]",17,1713,235,0.137186223000584,1
"[0,1,2,3,4,5,6,7,8,9,10,11,12,13,14,15,16,17,18,19,20,21,22,24,27,28,29,34,36,37,38,43,47,55,56,66,104]",18,1713,23,0.0134267367192061,1
"[0,1,2,3,4,5,6,7,8,9,10,11,12,13,14,15,16,17,18,19,20,21,22,24,27,28,29,34,36,37,38,43,47,55,56,66,104]",19,1713,10,0.00583771161704612,1
"[0,1,2,3,4,5,6,7,8,9,10,11,12,13,14,15,16,17,18,19,20,21,22,24,27,28,29,34,36,37,38,43,47,55,56,66,104]",20,1713,28,0.0163455925277291,1
"[0,1,2,3,4,5,6,7,8,9,10,11,12,13,14,15,16,17,18,19,20,21,22,24,27,28,29,34,36,37,38,43,47,55,56,66,104]",21,1713,19,0.0110916520723876,1
"[0,1,2,3,4,5,6,7,8,9,10,11,12,13,14,15,16,17,18,19,20,21,22,24,27,28,29,34,36,37,38,43,47,55,56,66,104]",22,1713,13,0.00758902510215995,1
"[0,1,2,3,4,5,6,7,8,9,10,11,12,13,14,15,16,17,18,19,20,21,22,24,27,28,29,34,36,37,38,43,47,55,56,66,104]",24,1713,30,0.0175131348511384,1
"[0,1,2,3,4,5,6,7,8,9,10,11,12,13,14,15,16,17,18,19,20,21,22,24,27,28,29,34,36,37,38,43,47,55,56,66,104]",27,1713,20,0.0116754232340922,1
"[0,1,2,3,4,5,6,7,8,9,10,11,12,13,14,15,16,17,18,19,20,21,22,24,27,28,29,34,36,37,38,43,47,55,56,66,104]",28,1713,6,0.00350262697022767,1
"[0,1,2,3,4,5,6,7,8,9,10,11,12,13,14,15,16,17,18,19,20,21,22,24,27,28,29,34,36,37,38,43,47,55,56,66,104]",29,1713,21,0.0122591943957968,1
"[0,1,2,3,4,5,6,7,8,9,10,11,12,13,14,15,16,17,18,19,20,21,22,24,27,28,29,34,36,37,38,43,47,55,56,66,104]",34,1713,8,0.00467016929363689,1
"[0,1,2,3,4,5,6,7,8,9,10,11,12,13,14,15,16,17,18,19,20,21,22,24,27,28,29,34,36,37,38,43,47,55,56,66,104]",36,1713,27,0.0157618213660245,1
"[0,1,2,3,4,5,6,7,8,9,10,11,12,13,14,15,16,17,18,19,20,21,22,24,27,28,29,34,36,37,38,43,47,55,56,66,104]",37,1713,49,0.028604786923526,1
"[0,1,2,3,4,5,6,7,8,9,10,11,12,13,14,15,16,17,18,19,20,21,22,24,27,28,29,34,36,37,38,43,47,55,56,66,104]",38,1713,296,0.172796263864565,1
"[0,1,2,3,4,5,6,7,8,9,10,11,12,13,14,15,16,17,18,19,20,21,22,24,27,28,29,34,36,37,38,43,47,55,56,66,104]",43,1713,40,0.0233508464681845,1
"[0,1,2,3,4,5,6,7,8,9,10,11,12,13,14,15,16,17,18,19,20,21,22,24,27,28,29,34,36,37,38,43,47,55,56,66,104]",47,1713,212,0.123759486281378,1
"[0,1,2,3,4,5,6,7,8,9,10,11,12,13,14,15,16,17,18,19,20,21,22,24,27,28,29,34,36,37,38,43,47,55,56,66,104]",55,1713,10,0.00583771161704612,1
"[0,1,2,3,4,5,6,7,8,9,10,11,12,13,14,15,16,17,18,19,20,21,22,24,27,28,29,34,36,37,38,43,47,55,56,66,104]",56,1713,10,0.00583771161704612,1
"[0,1,2,3,4,5,6,7,8,9,10,11,12,13,14,15,16,17,18,19,20,21,22,24,27,28,29,34,36,37,38,43,47,55,56,66,104]",66,1713,1,0.000583771161704612,1
"[0,1,2,3,4,5,6,7,8,9,10,11,12,13,14,15,16,17,18,19,20,21,22,24,27,28,29,34,36,37,38,43,47,55,56,66,104]",104,1713,2,0.00116754232340922,1
"[0,1,2,3,4,5,6,7,8,9,10,11,12,13,14,15,16,17,18,19,20,21,22,24,27,28,29,34,36,37,38,43,47,56,89,104]",0,1562,22,0.0140845070422535,1
"[0,1,2,3,4,5,6,7,8,9,10,11,12,13,14,15,16,17,18,19,20,21,22,24,27,28,29,34,36,37,38,43,47,56,89,104]",1,1562,65,0.0416133162612036,1
"[0,1,2,3,4,5,6,7,8,9,10,11,12,13,14,15,16,17,18,19,20,21,22,24,27,28,29,34,36,37,38,43,47,56,89,104]",2,1562,35,0.0224071702944942,1
"[0,1,2,3,4,5,6,7,8,9,10,11,12,13,14,15,16,17,18,19,20,21,22,24,27,28,29,34,36,37,38,43,47,56,89,104]",3,1562,19,0.0121638924455826,1
"[0,1,2,3,4,5,6,7,8,9,10,11,12,13,14,15,16,17,18,19,20,21,22,24,27,28,29,34,36,37,38,43,47,56,89,104]",4,1562,54,0.0345710627400768,1
"[0,1,2,3,4,5,6,7,8,9,10,11,12,13,14,15,16,17,18,19,20,21,22,24,27,28,29,34,36,37,38,43,47,56,89,104]",5,1562,31,0.0198463508322663,1
"[0,1,2,3,4,5,6,7,8,9,10,11,12,13,14,15,16,17,18,19,20,21,22,24,27,28,29,34,36,37,38,43,47,56,89,104]",6,1562,80,0.0512163892445583,1
"[0,1,2,3,4,5,6,7,8,9,10,11,12,13,14,15,16,17,18,19,20,21,22,24,27,28,29,34,36,37,38,43,47,56,89,104]",7,1562,201,0.128681177976953,1
"[0,1,2,3,4,5,6,7,8,9,10,11,12,13,14,15,16,17,18,19,20,21,22,24,27,28,29,34,36,37,38,43,47,56,89,104]",8,1562,46,0.029449423815621,1
"[0,1,2,3,4,5,6,7,8,9,10,11,12,13,14,15,16,17,18,19,20,21,22,24,27,28,29,34,36,37,38,43,47,56,89,104]",9,1562,42,0.0268886043533931,1
"[0,1,2,3,4,5,6,7,8,9,10,11,12,13,14,15,16,17,18,19,20,21,22,24,27,28,29,34,36,37,38,43,47,56,89,104]",10,1562,47,0.030089628681178,1
"[0,1,2,3,4,5,6,7,8,9,10,11,12,13,14,15,16,17,18,19,20,21,22,24,27,28,29,34,36,37,38,43,47,56,89,104]",11,1562,61,0.0390524967989757,1
"[0,1,2,3,4,5,6,7,8,9,10,11,12,13,14,15,16,17,18,19,20,21,22,24,27,28,29,34,36,37,38,43,47,56,89,104]",12,1562,28,0.0179257362355954,1
"[0,1,2,3,4,5,6,7,8,9,10,11,12,13,14,15,16,17,18,19,20,21,22,24,27,28,29,34,36,37,38,43,47,56,89,104]",13,1562,52,0.0332906530089629,1
"[0,1,2,3,4,5,6,7,8,9,10,11,12,13,14,15,16,17,18,19,20,21,22,24,27,28,29,34,36,37,38,43,47,56,89,104]",14,1562,23,0.0147247119078105,1
"[0,1,2,3,4,5,6,7,8,9,10,11,12,13,14,15,16,17,18,19,20,21,22,24,27,28,29,34,36,37,38,43,47,56,89,104]",15,1562,15,0.00960307298335467,1
"[0,1,2,3,4,5,6,7,8,9,10,11,12,13,14,15,16,17,18,19,20,21,22,24,27,28,29,34,36,37,38,43,47,56,89,104]",16,1562,9,0.0057618437900128,1
"[0,1,2,3,4,5,6,7,8,9,10,11,12,13,14,15,16,17,18,19,20,21,22,24,27,28,29,34,36,37,38,43,47,56,89,104]",17,1562,77,0.0492957746478873,1
"[0,1,2,3,4,5,6,7,8,9,10,11,12,13,14,15,16,17,18,19,20,21,22,24,27,28,29,34,36,37,38,43,47,56,89,104]",18,1562,55,0.0352112676056338,1
"[0,1,2,3,4,5,6,7,8,9,10,11,12,13,14,15,16,17,18,19,20,21,22,24,27,28,29,34,36,37,38,43,47,56,89,104]",19,1562,42,0.0268886043533931,1
"[0,1,2,3,4,5,6,7,8,9,10,11,12,13,14,15,16,17,18,19,20,21,22,24,27,28,29,34,36,37,38,43,47,56,89,104]",20,1562,36,0.0230473751600512,1
"[0,1,2,3,4,5,6,7,8,9,10,11,12,13,14,15,16,17,18,19,20,21,22,24,27,28,29,34,36,37,38,43,47,56,89,104]",21,1562,18,0.0115236875800256,1
"[0,1,2,3,4,5,6,7,8,9,10,11,12,13,14,15,16,17,18,19,20,21,22,24,27,28,29,34,36,37,38,43,47,56,89,104]",22,1562,251,0.160691421254802,1
"[0,1,2,3,4,5,6,7,8,9,10,11,12,13,14,15,16,17,18,19,20,21,22,24,27,28,29,34,36,37,38,43,47,56,89,104]",24,1562,29,0.0185659411011524,1
"[0,1,2,3,4,5,6,7,8,9,10,11,12,13,14,15,16,17,18,19,20,21,22,24,27,28,29,34,36,37,38,43,47,56,89,104]",27,1562,19,0.0121638924455826,1
"[0,1,2,3,4,5,6,7,8,9,10,11,12,13,14,15,16,17,18,19,20,21,22,24,27,28,29,34,36,37,38,43,47,56,89,104]",28,1562,8,0.00512163892445583,1
"[0,1,2,3,4,5,6,7,8,9,10,11,12,13,14,15,16,17,18,19,20,21,22,24,27,28,29,34,36,37,38,43,47,56,89,104]",29,1562,27,0.0172855313700384,1
"[0,1,2,3,4,5,6,7,8,9,10,11,12,13,14,15,16,17,18,19,20,21,22,24,27,28,29,34,36,37,38,43,47,56,89,104]",34,1562,5,0.00320102432778489,1
"[0,1,2,3,4,5,6,7,8,9,10,11,12,13,14,15,16,17,18,19,20,21,22,24,27,28,29,34,36,37,38,43,47,56,89,104]",36,1562,16,0.0102432778489117,1
"[0,1,2,3,4,5,6,7,8,9,10,11,12,13,14,15,16,17,18,19,20,21,22,24,27,28,29,34,36,37,38,43,47,56,89,104]",37,1562,66,0.0422535211267606,1
"[0,1,2,3,4,5,6,7,8,9,10,11,12,13,14,15,16,17,18,19,20,21,22,24,27,28,29,34,36,37,38,43,47,56,89,104]",38,1562,12,0.00768245838668374,1
"[0,1,2,3,4,5,6,7,8,9,10,11,12,13,14,15,16,17,18,19,20,21,22,24,27,28,29,34,36,37,38,43,47,56,89,104]",43,1562,27,0.0172855313700384,1
"[0,1,2,3,4,5,6,7,8,9,10,11,12,13,14,15,16,17,18,19,20,21,22,24,27,28,29,34,36,37,38,43,47,56,89,104]",47,1562,7,0.00448143405889885,1
"[0,1,2,3,4,5,6,7,8,9,10,11,12,13,14,15,16,17,18,19,20,21,22,24,27,28,29,34,36,37,38,43,47,56,89,104]",56,1562,10,0.00640204865556978,1
"[0,1,2,3,4,5,6,7,8,9,10,11,12,13,14,15,16,17,18,19,20,21,22,24,27,28,29,34,36,37,38,43,47,56,89,104]",89,1562,26,0.0166453265044814,1
"[0,1,2,3,4,5,6,7,8,9,10,11,12,13,14,15,16,17,18,19,20,21,22,24,27,28,29,34,36,37,38,43,47,56,89,104]",104,1562,1,0.000640204865556978,1
"[0,1,2,3,4,5,6,7,8,9,10,11,12,13,14,15,16,17,18,19,20,21,22,24,27,28,29,34,36,37,38,43,47,56,89,111]",0,2447,17,0.00694728238659583,1
"[0,1,2,3,4,5,6,7,8,9,10,11,12,13,14,15,16,17,18,19,20,21,22,24,27,28,29,34,36,37,38,43,47,56,89,111]",1,2447,756,0.308949734368615,1
"[0,1,2,3,4,5,6,7,8,9,10,11,12,13,14,15,16,17,18,19,20,21,22,24,27,28,29,34,36,37,38,43,47,56,89,111]",2,2447,64,0.0261544748671843,1
"[0,1,2,3,4,5,6,7,8,9,10,11,12,13,14,15,16,17,18,19,20,21,22,24,27,28,29,34,36,37,38,43,47,56,89,111]",3,2447,10,0.00408663669799755,1
"[0,1,2,3,4,5,6,7,8,9,10,11,12,13,14,15,16,17,18,19,20,21,22,24,27,28,29,34,36,37,38,43,47,56,89,111]",4,2447,42,0.0171638741315897,1
"[0,1,2,3,4,5,6,7,8,9,10,11,12,13,14,15,16,17,18,19,20,21,22,24,27,28,29,34,36,37,38,43,47,56,89,111]",5,2447,31,0.0126685737637924,1
"[0,1,2,3,4,5,6,7,8,9,10,11,12,13,14,15,16,17,18,19,20,21,22,24,27,28,29,34,36,37,38,43,47,56,89,111]",6,2447,6,0.00245198201879853,1
"[0,1,2,3,4,5,6,7,8,9,10,11,12,13,14,15,16,17,18,19,20,21,22,24,27,28,29,34,36,37,38,43,47,56,89,111]",7,2447,187,0.0764201062525541,1
"[0,1,2,3,4,5,6,7,8,9,10,11,12,13,14,15,16,17,18,19,20,21,22,24,27,28,29,34,36,37,38,43,47,56,89,111]",8,2447,299,0.122190437270127,1
"[0,1,2,3,4,5,6,7,8,9,10,11,12,13,14,15,16,17,18,19,20,21,22,24,27,28,29,34,36,37,38,43,47,56,89,111]",9,2447,50,0.0204331834899877,1
"[0,1,2,3,4,5,6,7,8,9,10,11,12,13,14,15,16,17,18,19,20,21,22,24,27,28,29,34,36,37,38,43,47,56,89,111]",10,2447,44,0.0179812014711892,1
"[0,1,2,3,4,5,6,7,8,9,10,11,12,13,14,15,16,17,18,19,20,21,22,24,27,28,29,34,36,37,38,43,47,56,89,111]",11,2447,65,0.0265631385369841,1
"[0,1,2,3,4,5,6,7,8,9,10,11,12,13,14,15,16,17,18,19,20,21,22,24,27,28,29,34,36,37,38,43,47,56,89,111]",12,2447,26,0.0106252554147936,1
"[0,1,2,3,4,5,6,7,8,9,10,11,12,13,14,15,16,17,18,19,20,21,22,24,27,28,29,34,36,37,38,43,47,56,89,111]",13,2447,45,0.018389865140989,1
"[0,1,2,3,4,5,6,7,8,9,10,11,12,13,14,15,16,17,18,19,20,21,22,24,27,28,29,34,36,37,38,43,47,56,89,111]",14,2447,27,0.0110339190845934,1
"[0,1,2,3,4,5,6,7,8,9,10,11,12,13,14,15,16,17,18,19,20,21,22,24,27,28,29,34,36,37,38,43,47,56,89,111]",15,2447,11,0.0044953003677973,1
"[0,1,2,3,4,5,6,7,8,9,10,11,12,13,14,15,16,17,18,19,20,21,22,24,27,28,29,34,36,37,38,43,47,56,89,111]",16,2447,1,0.000408663669799755,1
"[0,1,2,3,4,5,6,7,8,9,10,11,12,13,14,15,16,17,18,19,20,21,22,24,27,28,29,34,36,37,38,43,47,56,89,111]",17,2447,42,0.0171638741315897,1
"[0,1,2,3,4,5,6,7,8,9,10,11,12,13,14,15,16,17,18,19,20,21,22,24,27,28,29,34,36,37,38,43,47,56,89,111]",18,2447,18,0.00735594605639559,1
"[0,1,2,3,4,5,6,7,8,9,10,11,12,13,14,15,16,17,18,19,20,21,22,24,27,28,29,34,36,37,38,43,47,56,89,111]",19,2447,24,0.00980792807519412,1
"[0,1,2,3,4,5,6,7,8,9,10,11,12,13,14,15,16,17,18,19,20,21,22,24,27,28,29,34,36,37,38,43,47,56,89,111]",20,2447,36,0.0147118921127912,1
"[0,1,2,3,4,5,6,7,8,9,10,11,12,13,14,15,16,17,18,19,20,21,22,24,27,28,29,34,36,37,38,43,47,56,89,111]",21,2447,10,0.00408663669799755,1
"[0,1,2,3,4,5,6,7,8,9,10,11,12,13,14,15,16,17,18,19,20,21,22,24,27,28,29,34,36,37,38,43,47,56,89,111]",22,2447,76,0.0310584389047814,1
"[0,1,2,3,4,5,6,7,8,9,10,11,12,13,14,15,16,17,18,19,20,21,22,24,27,28,29,34,36,37,38,43,47,56,89,111]",24,2447,397,0.162239476910503,1
"[0,1,2,3,4,5,6,7,8,9,10,11,12,13,14,15,16,17,18,19,20,21,22,24,27,28,29,34,36,37,38,43,47,56,89,111]",27,2447,22,0.00899060073559461,1
"[0,1,2,3,4,5,6,7,8,9,10,11,12,13,14,15,16,17,18,19,20,21,22,24,27,28,29,34,36,37,38,43,47,56,89,111]",28,2447,4,0.00163465467919902,1
"[0,1,2,3,4,5,6,7,8,9,10,11,12,13,14,15,16,17,18,19,20,21,22,24,27,28,29,34,36,37,38,43,47,56,89,111]",29,2447,20,0.0081732733959951,1
"[0,1,2,3,4,5,6,7,8,9,10,11,12,13,14,15,16,17,18,19,20,21,22,24,27,28,29,34,36,37,38,43,47,56,89,111]",34,2447,11,0.0044953003677973,1
"[0,1,2,3,4,5,6,7,8,9,10,11,12,13,14,15,16,17,18,19,20,21,22,24,27,28,29,34,36,37,38,43,47,56,89,111]",36,2447,18,0.00735594605639559,1
"[0,1,2,3,4,5,6,7,8,9,10,11,12,13,14,15,16,17,18,19,20,21,22,24,27,28,29,34,36,37,38,43,47,56,89,111]",37,2447,23,0.00939926440539436,1
"[0,1,2,3,4,5,6,7,8,9,10,11,12,13,14,15,16,17,18,19,20,21,22,24,27,28,29,34,36,37,38,43,47,56,89,111]",38,2447,17,0.00694728238659583,1
"[0,1,2,3,4,5,6,7,8,9,10,11,12,13,14,15,16,17,18,19,20,21,22,24,27,28,29,34,36,37,38,43,47,56,89,111]",43,2447,28,0.0114425827543931,1
"[0,1,2,3,4,5,6,7,8,9,10,11,12,13,14,15,16,17,18,19,20,21,22,24,27,28,29,34,36,37,38,43,47,56,89,111]",47,2447,6,0.00245198201879853,1
"[0,1,2,3,4,5,6,7,8,9,10,11,12,13,14,15,16,17,18,19,20,21,22,24,27,28,29,34,36,37,38,43,47,56,89,111]",56,2447,6,0.00245198201879853,1
"[0,1,2,3,4,5,6,7,8,9,10,11,12,13,14,15,16,17,18,19,20,21,22,24,27,28,29,34,36,37,38,43,47,56,89,111]",89,2447,7,0.00286064568859828,1
"[0,1,2,3,4,5,6,7,8,9,10,11,12,13,14,15,16,17,18,19,20,21,22,24,27,28,29,34,36,37,38,43,47,56,89,111]",111,2447,1,0.000408663669799755,1
"[0,1,2,3,4,5,6,7,8,9,10,11,12,13,14,15,16,17,18,19,20,21,22,24,27,28,29,34,36,37,38,43,47,56,89,96]",0,2509,26,0.0103626943005181,1
"[0,1,2,3,4,5,6,7,8,9,10,11,12,13,14,15,16,17,18,19,20,21,22,24,27,28,29,34,36,37,38,43,47,56,89,96]",1,2509,27,0.0107612594659227,1
"[0,1,2,3,4,5,6,7,8,9,10,11,12,13,14,15,16,17,18,19,20,21,22,24,27,28,29,34,36,37,38,43,47,56,89,96]",2,2509,176,0.0701474691111997,1
"[0,1,2,3,4,5,6,7,8,9,10,11,12,13,14,15,16,17,18,19,20,21,22,24,27,28,29,34,36,37,38,43,47,56,89,96]",3,2509,23,0.0091669988043045,1
"[0,1,2,3,4,5,6,7,8,9,10,11,12,13,14,15,16,17,18,19,20,21,22,24,27,28,29,34,36,37,38,43,47,56,89,96]",4,2509,592,0.23595057791949,1
"[0,1,2,3,4,5,6,7,8,9,10,11,12,13,14,15,16,17,18,19,20,21,22,24,27,28,29,34,36,37,38,43,47,56,89,96]",5,2509,380,0.151454762853727,1
"[0,1,2,3,4,5,6,7,8,9,10,11,12,13,14,15,16,17,18,19,20,21,22,24,27,28,29,34,36,37,38,43,47,56,89,96]",6,2509,3,0.00119569549621363,1
"[0,1,2,3,4,5,6,7,8,9,10,11,12,13,14,15,16,17,18,19,20,21,22,24,27,28,29,34,36,37,38,43,47,56,89,96]",7,2509,209,0.0833001195695496,1
"[0,1,2,3,4,5,6,7,8,9,10,11,12,13,14,15,16,17,18,19,20,21,22,24,27,28,29,34,36,37,38,43,47,56,89,96]",8,2509,15,0.00597847748106815,1
"[0,1,2,3,4,5,6,7,8,9,10,11,12,13,14,15,16,17,18,19,20,21,22,24,27,28,29,34,36,37,38,43,47,56,89,96]",9,2509,59,0.0235153447588681,1
"[0,1,2,3,4,5,6,7,8,9,10,11,12,13,14,15,16,17,18,19,20,21,22,24,27,28,29,34,36,37,38,43,47,56,89,96]",10,2509,52,0.0207253886010363,1
"[0,1,2,3,4,5,6,7,8,9,10,11,12,13,14,15,16,17,18,19,20,21,22,24,27,28,29,34,36,37,38,43,47,56,89,96]",11,2509,66,0.0263053009166999,1
"[0,1,2,3,4,5,6,7,8,9,10,11,12,13,14,15,16,17,18,19,20,21,22,24,27,28,29,34,36,37,38,43,47,56,89,96]",12,2509,34,0.0135512156237545,1
"[0,1,2,3,4,5,6,7,8,9,10,11,12,13,14,15,16,17,18,19,20,21,22,24,27,28,29,34,36,37,38,43,47,56,89,96]",13,2509,77,0.0306895177361499,1
"[0,1,2,3,4,5,6,7,8,9,10,11,12,13,14,15,16,17,18,19,20,21,22,24,27,28,29,34,36,37,38,43,47,56,89,96]",14,2509,18,0.00717417297728179,1
"[0,1,2,3,4,5,6,7,8,9,10,11,12,13,14,15,16,17,18,19,20,21,22,24,27,28,29,34,36,37,38,43,47,56,89,96]",15,2509,337,0.134316460741331,1
"[0,1,2,3,4,5,6,7,8,9,10,11,12,13,14,15,16,17,18,19,20,21,22,24,27,28,29,34,36,37,38,43,47,56,89,96]",16,2509,6,0.00239139099242726,1
"[0,1,2,3,4,5,6,7,8,9,10,11,12,13,14,15,16,17,18,19,20,21,22,24,27,28,29,34,36,37,38,43,47,56,89,96]",17,2509,40,0.0159426066161817,1
"[0,1,2,3,4,5,6,7,8,9,10,11,12,13,14,15,16,17,18,19,20,21,22,24,27,28,29,34,36,37,38,43,47,56,89,96]",18,2509,15,0.00597847748106815,1
"[0,1,2,3,4,5,6,7,8,9,10,11,12,13,14,15,16,17,18,19,20,21,22,24,27,28,29,34,36,37,38,43,47,56,89,96]",19,2509,27,0.0107612594659227,1
"[0,1,2,3,4,5,6,7,8,9,10,11,12,13,14,15,16,17,18,19,20,21,22,24,27,28,29,34,36,37,38,43,47,56,89,96]",20,2509,32,0.0127540852929454,1
"[0,1,2,3,4,5,6,7,8,9,10,11,12,13,14,15,16,17,18,19,20,21,22,24,27,28,29,34,36,37,38,43,47,56,89,96]",21,2509,16,0.0063770426464727,1
"[0,1,2,3,4,5,6,7,8,9,10,11,12,13,14,15,16,17,18,19,20,21,22,24,27,28,29,34,36,37,38,43,47,56,89,96]",22,2509,9,0.00358708648864089,1
"[0,1,2,3,4,5,6,7,8,9,10,11,12,13,14,15,16,17,18,19,20,21,22,24,27,28,29,34,36,37,38,43,47,56,89,96]",24,2509,33,0.0131526504583499,1
"[0,1,2,3,4,5,6,7,8,9,10,11,12,13,14,15,16,17,18,19,20,21,22,24,27,28,29,34,36,37,38,43,47,56,89,96]",27,2509,17,0.00677560781187724,1
"[0,1,2,3,4,5,6,7,8,9,10,11,12,13,14,15,16,17,18,19,20,21,22,24,27,28,29,34,36,37,38,43,47,56,89,96]",28,2509,12,0.00478278198485452,1
"[0,1,2,3,4,5,6,7,8,9,10,11,12,13,14,15,16,17,18,19,20,21,22,24,27,28,29,34,36,37,38,43,47,56,89,96]",29,2509,32,0.0127540852929454,1
"[0,1,2,3,4,5,6,7,8,9,10,11,12,13,14,15,16,17,18,19,20,21,22,24,27,28,29,34,36,37,38,43,47,56,89,96]",34,2509,7,0.00278995615783181,1
"[0,1,2,3,4,5,6,7,8,9,10,11,12,13,14,15,16,17,18,19,20,21,22,24,27,28,29,34,36,37,38,43,47,56,89,96]",36,2509,13,0.00518134715025907,1
"[0,1,2,3,4,5,6,7,8,9,10,11,12,13,14,15,16,17,18,19,20,21,22,24,27,28,29,34,36,37,38,43,47,56,89,96]",37,2509,56,0.0223196492626544,1
"[0,1,2,3,4,5,6,7,8,9,10,11,12,13,14,15,16,17,18,19,20,21,22,24,27,28,29,34,36,37,38,43,47,56,89,96]",38,2509,39,0.0155440414507772,1
"[0,1,2,3,4,5,6,7,8,9,10,11,12,13,14,15,16,17,18,19,20,21,22,24,27,28,29,34,36,37,38,43,47,56,89,96]",43,2509,26,0.0103626943005181,1
"[0,1,2,3,4,5,6,7,8,9,10,11,12,13,14,15,16,17,18,19,20,21,22,24,27,28,29,34,36,37,38,43,47,56,89,96]",47,2509,11,0.00438421681944998,1
"[0,1,2,3,4,5,6,7,8,9,10,11,12,13,14,15,16,17,18,19,20,21,22,24,27,28,29,34,36,37,38,43,47,56,89,96]",56,2509,6,0.00239139099242726,1
"[0,1,2,3,4,5,6,7,8,9,10,11,12,13,14,15,16,17,18,19,20,21,22,24,27,28,29,34,36,37,38,43,47,56,89,96]",89,2509,12,0.00478278198485452,1
"[0,1,2,3,4,5,6,7,8,9,10,11,12,13,14,15,16,17,18,19,20,21,22,24,27,28,29,34,36,37,38,43,47,56,89,96]",96,2509,6,0.00239139099242726,1
"[0,1,2,3,4,5,6,7,8,9,10,11,12,13,14,15,16,17,18,19,20,21,22,24,27,28,29,34,36,37,38,43,47,56,89]",0,2243,22,0.00980829246544806,1
"[0,1,2,3,4,5,6,7,8,9,10,11,12,13,14,15,16,17,18,19,20,21,22,24,27,28,29,34,36,37,38,43,47,56,89]",1,2243,48,0.0213999108337049,1
"[0,1,2,3,4,5,6,7,8,9,10,11,12,13,14,15,16,17,18,19,20,21,22,24,27,28,29,34,36,37,38,43,47,56,89]",2,2243,58,0.0258582255907267,1
"[0,1,2,3,4,5,6,7,8,9,10,11,12,13,14,15,16,17,18,19,20,21,22,24,27,28,29,34,36,37,38,43,47,56,89]",3,2243,11,0.00490414623272403,1
"[0,1,2,3,4,5,6,7,8,9,10,11,12,13,14,15,16,17,18,19,20,21,22,24,27,28,29,34,36,37,38,43,47,56,89]",4,2243,37,0.0164957646009808,1
"[0,1,2,3,4,5,6,7,8,9,10,11,12,13,14,15,16,17,18,19,20,21,22,24,27,28,29,34,36,37,38,43,47,56,89]",5,2243,29,0.0129291127953634,1
"[0,1,2,3,4,5,6,7,8,9,10,11,12,13,14,15,16,17,18,19,20,21,22,24,27,28,29,34,36,37,38,43,47,56,89]",6,2243,4,0.00178332590280874,1
"[0,1,2,3,4,5,6,7,8,9,10,11,12,13,14,15,16,17,18,19,20,21,22,24,27,28,29,34,36,37,38,43,47,56,89]",7,2243,209,0.0931787784217566,1
"[0,1,2,3,4,5,6,7,8,9,10,11,12,13,14,15,16,17,18,19,20,21,22,24,27,28,29,34,36,37,38,43,47,56,89]",8,2243,24,0.0106999554168524,1
"[0,1,2,3,4,5,6,7,8,9,10,11,12,13,14,15,16,17,18,19,20,21,22,24,27,28,29,34,36,37,38,43,47,56,89]",9,2243,50,0.0222915737851092,1
"[0,1,2,3,4,5,6,7,8,9,10,11,12,13,14,15,16,17,18,19,20,21,22,24,27,28,29,34,36,37,38,43,47,56,89]",10,2243,41,0.0182790905037896,1
"[0,1,2,3,4,5,6,7,8,9,10,11,12,13,14,15,16,17,18,19,20,21,22,24,27,28,29,34,36,37,38,43,47,56,89]",11,2243,56,0.0249665626393223,1
"[0,1,2,3,4,5,6,7,8,9,10,11,12,13,14,15,16,17,18,19,20,21,22,24,27,28,29,34,36,37,38,43,47,56,89]",12,2243,24,0.0106999554168524,1
"[0,1,2,3,4,5,6,7,8,9,10,11,12,13,14,15,16,17,18,19,20,21,22,24,27,28,29,34,36,37,38,43,47,56,89]",13,2243,58,0.0258582255907267,1
"[0,1,2,3,4,5,6,7,8,9,10,11,12,13,14,15,16,17,18,19,20,21,22,24,27,28,29,34,36,37,38,43,47,56,89]",14,2243,19,0.00847079803834151,1
"[0,1,2,3,4,5,6,7,8,9,10,11,12,13,14,15,16,17,18,19,20,21,22,24,27,28,29,34,36,37,38,43,47,56,89]",15,2243,10,0.00445831475702185,1
"[0,1,2,3,4,5,6,7,8,9,10,11,12,13,14,15,16,17,18,19,20,21,22,24,27,28,29,34,36,37,38,43,47,56,89]",16,2243,10,0.00445831475702185,1
"[0,1,2,3,4,5,6,7,8,9,10,11,12,13,14,15,16,17,18,19,20,21,22,24,27,28,29,34,36,37,38,43,47,56,89]",17,2243,48,0.0213999108337049,1
"[0,1,2,3,4,5,6,7,8,9,10,11,12,13,14,15,16,17,18,19,20,21,22,24,27,28,29,34,36,37,38,43,47,56,89]",18,2243,19,0.00847079803834151,1
"[0,1,2,3,4,5,6,7,8,9,10,11,12,13,14,15,16,17,18,19,20,21,22,24,27,28,29,34,36,37,38,43,47,56,89]",19,2243,21,0.00936246098974588,1
"[0,1,2,3,4,5,6,7,8,9,10,11,12,13,14,15,16,17,18,19,20,21,22,24,27,28,29,34,36,37,38,43,47,56,89]",20,2243,36,0.0160499331252786,1
"[0,1,2,3,4,5,6,7,8,9,10,11,12,13,14,15,16,17,18,19,20,21,22,24,27,28,29,34,36,37,38,43,47,56,89]",21,2243,16,0.00713330361123495,1
"[0,1,2,3,4,5,6,7,8,9,10,11,12,13,14,15,16,17,18,19,20,21,22,24,27,28,29,34,36,37,38,43,47,56,89]",22,2243,5,0.00222915737851092,1
"[0,1,2,3,4,5,6,7,8,9,10,11,12,13,14,15,16,17,18,19,20,21,22,24,27,28,29,34,36,37,38,43,47,56,89]",24,2243,41,0.0182790905037896,1
"[0,1,2,3,4,5,6,7,8,9,10,11,12,13,14,15,16,17,18,19,20,21,22,24,27,28,29,34,36,37,38,43,47,56,89]",27,2243,22,0.00980829246544806,1
"[0,1,2,3,4,5,6,7,8,9,10,11,12,13,14,15,16,17,18,19,20,21,22,24,27,28,29,34,36,37,38,43,47,56,89]",28,2243,2,0.000891662951404369,1
"[0,1,2,3,4,5,6,7,8,9,10,11,12,13,14,15,16,17,18,19,20,21,22,24,27,28,29,34,36,37,38,43,47,56,89]",29,2243,27,0.012037449843959,1
"[0,1,2,3,4,5,6,7,8,9,10,11,12,13,14,15,16,17,18,19,20,21,22,24,27,28,29,34,36,37,38,43,47,56,89]",34,2243,13,0.0057958091841284,1
"[0,1,2,3,4,5,6,7,8,9,10,11,12,13,14,15,16,17,18,19,20,21,22,24,27,28,29,34,36,37,38,43,47,56,89]",36,2243,9,0.00401248328131966,1
"[0,1,2,3,4,5,6,7,8,9,10,11,12,13,14,15,16,17,18,19,20,21,22,24,27,28,29,34,36,37,38,43,47,56,89]",37,2243,29,0.0129291127953634,1
"[0,1,2,3,4,5,6,7,8,9,10,11,12,13,14,15,16,17,18,19,20,21,22,24,27,28,29,34,36,37,38,43,47,56,89]",38,2243,715,0.318769505127062,1
"[0,1,2,3,4,5,6,7,8,9,10,11,12,13,14,15,16,17,18,19,20,21,22,24,27,28,29,34,36,37,38,43,47,56,89]",43,2243,29,0.0129291127953634,1
"[0,1,2,3,4,5,6,7,8,9,10,11,12,13,14,15,16,17,18,19,20,21,22,24,27,28,29,34,36,37,38,43,47,56,89]",47,2243,492,0.219349086045475,1
"[0,1,2,3,4,5,6,7,8,9,10,11,12,13,14,15,16,17,18,19,20,21,22,24,27,28,29,34,36,37,38,43,47,56,89]",56,2243,8,0.00356665180561748,1
"[0,1,2,3,4,5,6,7,8,9,10,11,12,13,14,15,16,17,18,19,20,21,22,24,27,28,29,34,36,37,38,43,47,56,89]",89,2243,1,0.000445831475702185,1
"[0,1,2,3,4,5,6,7,8,9,10,11,12,13,14,15,16,17,18,19,20,21,22,24,27,28,34,36,37,38,43,47,55,56,66]",0,2870,18,0.00627177700348432,1
"[0,1,2,3,4,5,6,7,8,9,10,11,12,13,14,15,16,17,18,19,20,21,22,24,27,28,34,36,37,38,43,47,55,56,66]",1,2870,36,0.0125435540069686,1
"[0,1,2,3,4,5,6,7,8,9,10,11,12,13,14,15,16,17,18,19,20,21,22,24,27,28,34,36,37,38,43,47,55,56,66]",2,2870,14,0.0048780487804878,1
"[0,1,2,3,4,5,6,7,8,9,10,11,12,13,14,15,16,17,18,19,20,21,22,24,27,28,34,36,37,38,43,47,55,56,66]",3,2870,24,0.00836236933797909,1
"[0,1,2,3,4,5,6,7,8,9,10,11,12,13,14,15,16,17,18,19,20,21,22,24,27,28,34,36,37,38,43,47,55,56,66]",4,2870,27,0.00940766550522648,1
"[0,1,2,3,4,5,6,7,8,9,10,11,12,13,14,15,16,17,18,19,20,21,22,24,27,28,34,36,37,38,43,47,55,56,66]",5,2870,21,0.00731707317073171,1
"[0,1,2,3,4,5,6,7,8,9,10,11,12,13,14,15,16,17,18,19,20,21,22,24,27,28,34,36,37,38,43,47,55,56,66]",6,2870,87,0.0303135888501742,1
"[0,1,2,3,4,5,6,7,8,9,10,11,12,13,14,15,16,17,18,19,20,21,22,24,27,28,34,36,37,38,43,47,55,56,66]",7,2870,673,0.234494773519164,1
"[0,1,2,3,4,5,6,7,8,9,10,11,12,13,14,15,16,17,18,19,20,21,22,24,27,28,34,36,37,38,43,47,55,56,66]",8,2870,23,0.00801393728222997,1
"[0,1,2,3,4,5,6,7,8,9,10,11,12,13,14,15,16,17,18,19,20,21,22,24,27,28,34,36,37,38,43,47,55,56,66]",9,2870,252,0.0878048780487805,1
"[0,1,2,3,4,5,6,7,8,9,10,11,12,13,14,15,16,17,18,19,20,21,22,24,27,28,34,36,37,38,43,47,55,56,66]",10,2870,191,0.0665505226480836,1
"[0,1,2,3,4,5,6,7,8,9,10,11,12,13,14,15,16,17,18,19,20,21,22,24,27,28,34,36,37,38,43,47,55,56,66]",11,2870,312,0.108710801393728,1
"[0,1,2,3,4,5,6,7,8,9,10,11,12,13,14,15,16,17,18,19,20,21,22,24,27,28,34,36,37,38,43,47,55,56,66]",12,2870,15,0.00522648083623693,1
"[0,1,2,3,4,5,6,7,8,9,10,11,12,13,14,15,16,17,18,19,20,21,22,24,27,28,34,36,37,38,43,47,55,56,66]",13,2870,281,0.0979094076655052,1
"[0,1,2,3,4,5,6,7,8,9,10,11,12,13,14,15,16,17,18,19,20,21,22,24,27,28,34,36,37,38,43,47,55,56,66]",14,2870,24,0.00836236933797909,1
"[0,1,2,3,4,5,6,7,8,9,10,11,12,13,14,15,16,17,18,19,20,21,22,24,27,28,34,36,37,38,43,47,55,56,66]",15,2870,26,0.00905923344947735,1
"[0,1,2,3,4,5,6,7,8,9,10,11,12,13,14,15,16,17,18,19,20,21,22,24,27,28,34,36,37,38,43,47,55,56,66]",16,2870,3,0.00104529616724739,1
"[0,1,2,3,4,5,6,7,8,9,10,11,12,13,14,15,16,17,18,19,20,21,22,24,27,28,34,36,37,38,43,47,55,56,66]",17,2870,301,0.104878048780488,1
"[0,1,2,3,4,5,6,7,8,9,10,11,12,13,14,15,16,17,18,19,20,21,22,24,27,28,34,36,37,38,43,47,55,56,66]",18,2870,37,0.0128919860627178,1
"[0,1,2,3,4,5,6,7,8,9,10,11,12,13,14,15,16,17,18,19,20,21,22,24,27,28,34,36,37,38,43,47,55,56,66]",19,2870,28,0.00975609756097561,1
"[0,1,2,3,4,5,6,7,8,9,10,11,12,13,14,15,16,17,18,19,20,21,22,24,27,28,34,36,37,38,43,47,55,56,66]",20,2870,30,0.0104529616724739,1
"[0,1,2,3,4,5,6,7,8,9,10,11,12,13,14,15,16,17,18,19,20,21,22,24,27,28,34,36,37,38,43,47,55,56,66]",21,2870,10,0.00348432055749129,1
"[0,1,2,3,4,5,6,7,8,9,10,11,12,13,14,15,16,17,18,19,20,21,22,24,27,28,34,36,37,38,43,47,55,56,66]",22,2870,10,0.00348432055749129,1
"[0,1,2,3,4,5,6,7,8,9,10,11,12,13,14,15,16,17,18,19,20,21,22,24,27,28,34,36,37,38,43,47,55,56,66]",24,2870,31,0.010801393728223,1
"[0,1,2,3,4,5,6,7,8,9,10,11,12,13,14,15,16,17,18,19,20,21,22,24,27,28,34,36,37,38,43,47,55,56,66]",27,2870,16,0.00557491289198606,1
"[0,1,2,3,4,5,6,7,8,9,10,11,12,13,14,15,16,17,18,19,20,21,22,24,27,28,34,36,37,38,43,47,55,56,66]",28,2870,1,0.000348432055749129,1
"[0,1,2,3,4,5,6,7,8,9,10,11,12,13,14,15,16,17,18,19,20,21,22,24,27,28,34,36,37,38,43,47,55,56,66]",34,2870,7,0.0024390243902439,1
"[0,1,2,3,4,5,6,7,8,9,10,11,12,13,14,15,16,17,18,19,20,21,22,24,27,28,34,36,37,38,43,47,55,56,66]",36,2870,24,0.00836236933797909,1
"[0,1,2,3,4,5,6,7,8,9,10,11,12,13,14,15,16,17,18,19,20,21,22,24,27,28,34,36,37,38,43,47,55,56,66]",37,2870,264,0.09198606271777,1
"[0,1,2,3,4,5,6,7,8,9,10,11,12,13,14,15,16,17,18,19,20,21,22,24,27,28,34,36,37,38,43,47,55,56,66]",38,2870,18,0.00627177700348432,1
"[0,1,2,3,4,5,6,7,8,9,10,11,12,13,14,15,16,17,18,19,20,21,22,24,27,28,34,36,37,38,43,47,55,56,66]",43,2870,26,0.00905923344947735,1
"[0,1,2,3,4,5,6,7,8,9,10,11,12,13,14,15,16,17,18,19,20,21,22,24,27,28,34,36,37,38,43,47,55,56,66]",47,2870,18,0.00627177700348432,1
"[0,1,2,3,4,5,6,7,8,9,10,11,12,13,14,15,16,17,18,19,20,21,22,24,27,28,34,36,37,38,43,47,55,56,66]",55,2870,9,0.00313588850174216,1
"[0,1,2,3,4,5,6,7,8,9,10,11,12,13,14,15,16,17,18,19,20,21,22,24,27,28,34,36,37,38,43,47,55,56,66]",56,2870,12,0.00418118466898955,1
"[0,1,2,3,4,5,6,7,8,9,10,11,12,13,14,15,16,17,18,19,20,21,22,24,27,28,34,36,37,38,43,47,55,56,66]",66,2870,1,0.000348432055749129,1
"[0,1,2,3,4,5,6,7,8,9,10,11,12,13,14,15,16,17,18,19,20,21,22,24,27,28,34,36,37,38,47,54,55,56]",0,3451,44,0.0127499275572298,2
"[0,1,2,3,4,5,6,7,8,9,10,11,12,13,14,15,16,17,18,19,20,21,22,24,27,28,34,36,37,38,47,54,55,56]",1,3451,65,0.0188351202549986,2
"[0,1,2,3,4,5,6,7,8,9,10,11,12,13,14,15,16,17,18,19,20,21,22,24,27,28,34,36,37,38,47,54,55,56]",2,3451,137,0.03969863807592,2
"[0,1,2,3,4,5,6,7,8,9,10,11,12,13,14,15,16,17,18,19,20,21,22,24,27,28,34,36,37,38,47,54,55,56]",3,3451,15,0.00434656621269197,2
"[0,1,2,3,4,5,6,7,8,9,10,11,12,13,14,15,16,17,18,19,20,21,22,24,27,28,34,36,37,38,47,54,55,56]",4,3451,500,0.144885540423066,2
"[0,1,2,3,4,5,6,7,8,9,10,11,12,13,14,15,16,17,18,19,20,21,22,24,27,28,34,36,37,38,47,54,55,56]",5,3451,360,0.104317589104607,2
"[0,1,2,3,4,5,6,7,8,9,10,11,12,13,14,15,16,17,18,19,20,21,22,24,27,28,34,36,37,38,47,54,55,56]",6,3451,59,0.0170964937699218,2
"[0,1,2,3,4,5,6,7,8,9,10,11,12,13,14,15,16,17,18,19,20,21,22,24,27,28,34,36,37,38,47,54,55,56]",7,3451,329,0.0953346855983773,2
"[0,1,2,3,4,5,6,7,8,9,10,11,12,13,14,15,16,17,18,19,20,21,22,24,27,28,34,36,37,38,47,54,55,56]",8,3451,26,0.00753404810199942,2
"[0,1,2,3,4,5,6,7,8,9,10,11,12,13,14,15,16,17,18,19,20,21,22,24,27,28,34,36,37,38,47,54,55,56]",9,3451,67,0.0194146624166908,2
"[0,1,2,3,4,5,6,7,8,9,10,11,12,13,14,15,16,17,18,19,20,21,22,24,27,28,34,36,37,38,47,54,55,56]",10,3451,46,0.0133294697189221,2
"[0,1,2,3,4,5,6,7,8,9,10,11,12,13,14,15,16,17,18,19,20,21,22,24,27,28,34,36,37,38,47,54,55,56]",11,3451,135,0.0391190959142278,2
"[0,1,2,3,4,5,6,7,8,9,10,11,12,13,14,15,16,17,18,19,20,21,22,24,27,28,34,36,37,38,47,54,55,56]",12,3451,61,0.017676035931614,2
"[0,1,2,3,4,5,6,7,8,9,10,11,12,13,14,15,16,17,18,19,20,21,22,24,27,28,34,36,37,38,47,54,55,56]",13,3451,85,0.0246305418719212,2
"[0,1,2,3,4,5,6,7,8,9,10,11,12,13,14,15,16,17,18,19,20,21,22,24,27,28,34,36,37,38,47,54,55,56]",14,3451,37,0.0107215299913069,2
"[0,1,2,3,4,5,6,7,8,9,10,11,12,13,14,15,16,17,18,19,20,21,22,24,27,28,34,36,37,38,47,54,55,56]",15,3451,198,0.0573746740075341,2
"[0,1,2,3,4,5,6,7,8,9,10,11,12,13,14,15,16,17,18,19,20,21,22,24,27,28,34,36,37,38,47,54,55,56]",16,3451,10,0.00289771080846132,2
"[0,1,2,3,4,5,6,7,8,9,10,11,12,13,14,15,16,17,18,19,20,21,22,24,27,28,34,36,37,38,47,54,55,56]",17,3451,62,0.0179658070124602,2
"[0,1,2,3,4,5,6,7,8,9,10,11,12,13,14,15,16,17,18,19,20,21,22,24,27,28,34,36,37,38,47,54,55,56]",18,3451,379,0.109823239640684,2
"[0,1,2,3,4,5,6,7,8,9,10,11,12,13,14,15,16,17,18,19,20,21,22,24,27,28,34,36,37,38,47,54,55,56]",19,3451,332,0.0962039988409157,2
"[0,1,2,3,4,5,6,7,8,9,10,11,12,13,14,15,16,17,18,19,20,21,22,24,27,28,34,36,37,38,47,54,55,56]",20,3451,64,0.0185453491741524,2
"[0,1,2,3,4,5,6,7,8,9,10,11,12,13,14,15,16,17,18,19,20,21,22,24,27,28,34,36,37,38,47,54,55,56]",21,3451,21,0.00608519269776876,2
"[0,1,2,3,4,5,6,7,8,9,10,11,12,13,14,15,16,17,18,19,20,21,22,24,27,28,34,36,37,38,47,54,55,56]",22,3451,23,0.00666473485946103,2
"[0,1,2,3,4,5,6,7,8,9,10,11,12,13,14,15,16,17,18,19,20,21,22,24,27,28,34,36,37,38,47,54,55,56]",24,3451,51,0.0147783251231527,2
"[0,1,2,3,4,5,6,7,8,9,10,11,12,13,14,15,16,17,18,19,20,21,22,24,27,28,34,36,37,38,47,54,55,56]",27,3451,37,0.0107215299913069,2
"[0,1,2,3,4,5,6,7,8,9,10,11,12,13,14,15,16,17,18,19,20,21,22,24,27,28,34,36,37,38,47,54,55,56]",28,3451,29,0.00840336134453781,2
"[0,1,2,3,4,5,6,7,8,9,10,11,12,13,14,15,16,17,18,19,20,21,22,24,27,28,34,36,37,38,47,54,55,56]",34,3451,12,0.00347725297015358,2
"[0,1,2,3,4,5,6,7,8,9,10,11,12,13,14,15,16,17,18,19,20,21,22,24,27,28,34,36,37,38,47,54,55,56]",36,3451,32,0.00927267458707621,2
"[0,1,2,3,4,5,6,7,8,9,10,11,12,13,14,15,16,17,18,19,20,21,22,24,27,28,34,36,37,38,47,54,55,56]",37,3451,146,0.0423065778035352,2
"[0,1,2,3,4,5,6,7,8,9,10,11,12,13,14,15,16,17,18,19,20,21,22,24,27,28,34,36,37,38,47,54,55,56]",38,3451,30,0.00869313242538395,2
"[0,1,2,3,4,5,6,7,8,9,10,11,12,13,14,15,16,17,18,19,20,21,22,24,27,28,34,36,37,38,47,54,55,56]",47,3451,6,0.00173862648507679,2
"[0,1,2,3,4,5,6,7,8,9,10,11,12,13,14,15,16,17,18,19,20,21,22,24,27,28,34,36,37,38,47,54,55,56]",54,3451,21,0.00608519269776876,2
"[0,1,2,3,4,5,6,7,8,9,10,11,12,13,14,15,16,17,18,19,20,21,22,24,27,28,34,36,37,38,47,54,55,56]",55,3451,13,0.00376702405099971,2
"[0,1,2,3,4,5,6,7,8,9,10,11,12,13,14,15,16,17,18,19,20,21,22,24,27,28,34,36,37,38,47,54,55,56]",56,3451,19,0.0055056505360765,2
"[0,1,2,3,4,5,6,7,8,9,10,11,12,13,14,15,16,17,18,19,20,21,22,24,27,28,34,36,37,38,47,55,56]",0,1970,17,0.00862944162436548,1
"[0,1,2,3,4,5,6,7,8,9,10,11,12,13,14,15,16,17,18,19,20,21,22,24,27,28,34,36,37,38,47,55,56]",1,1970,69,0.0350253807106599,1
"[0,1,2,3,4,5,6,7,8,9,10,11,12,13,14,15,16,17,18,19,20,21,22,24,27,28,34,36,37,38,47,55,56]",2,1970,25,0.0126903553299492,1
"[0,1,2,3,4,5,6,7,8,9,10,11,12,13,14,15,16,17,18,19,20,21,22,24,27,28,34,36,37,38,47,55,56]",3,1970,15,0.00761421319796954,1
"[0,1,2,3,4,5,6,7,8,9,10,11,12,13,14,15,16,17,18,19,20,21,22,24,27,28,34,36,37,38,47,55,56]",4,1970,36,0.0182741116751269,1
"[0,1,2,3,4,5,6,7,8,9,10,11,12,13,14,15,16,17,18,19,20,21,22,24,27,28,34,36,37,38,47,55,56]",5,1970,33,0.016751269035533,1
"[0,1,2,3,4,5,6,7,8,9,10,11,12,13,14,15,16,17,18,19,20,21,22,24,27,28,34,36,37,38,47,55,56]",6,1970,97,0.049238578680203,1
"[0,1,2,3,4,5,6,7,8,9,10,11,12,13,14,15,16,17,18,19,20,21,22,24,27,28,34,36,37,38,47,55,56]",7,1970,424,0.215228426395939,1
"[0,1,2,3,4,5,6,7,8,9,10,11,12,13,14,15,16,17,18,19,20,21,22,24,27,28,34,36,37,38,47,55,56]",8,1970,39,0.0197969543147208,1
"[0,1,2,3,4,5,6,7,8,9,10,11,12,13,14,15,16,17,18,19,20,21,22,24,27,28,34,36,37,38,47,55,56]",9,1970,169,0.0857868020304569,1
"[0,1,2,3,4,5,6,7,8,9,10,11,12,13,14,15,16,17,18,19,20,21,22,24,27,28,34,36,37,38,47,55,56]",10,1970,126,0.0639593908629442,1
"[0,1,2,3,4,5,6,7,8,9,10,11,12,13,14,15,16,17,18,19,20,21,22,24,27,28,34,36,37,38,47,55,56]",11,1970,114,0.0578680203045685,1
"[0,1,2,3,4,5,6,7,8,9,10,11,12,13,14,15,16,17,18,19,20,21,22,24,27,28,34,36,37,38,47,55,56]",12,1970,30,0.0152284263959391,1
"[0,1,2,3,4,5,6,7,8,9,10,11,12,13,14,15,16,17,18,19,20,21,22,24,27,28,34,36,37,38,47,55,56]",13,1970,203,0.103045685279188,1
"[0,1,2,3,4,5,6,7,8,9,10,11,12,13,14,15,16,17,18,19,20,21,22,24,27,28,34,36,37,38,47,55,56]",14,1970,41,0.0208121827411167,1
"[0,1,2,3,4,5,6,7,8,9,10,11,12,13,14,15,16,17,18,19,20,21,22,24,27,28,34,36,37,38,47,55,56]",15,1970,31,0.0157360406091371,1
"[0,1,2,3,4,5,6,7,8,9,10,11,12,13,14,15,16,17,18,19,20,21,22,24,27,28,34,36,37,38,47,55,56]",16,1970,1,0.00050761421319797,1
"[0,1,2,3,4,5,6,7,8,9,10,11,12,13,14,15,16,17,18,19,20,21,22,24,27,28,34,36,37,38,47,55,56]",17,1970,82,0.0416243654822335,1
"[0,1,2,3,4,5,6,7,8,9,10,11,12,13,14,15,16,17,18,19,20,21,22,24,27,28,34,36,37,38,47,55,56]",18,1970,36,0.0182741116751269,1
"[0,1,2,3,4,5,6,7,8,9,10,11,12,13,14,15,16,17,18,19,20,21,22,24,27,28,34,36,37,38,47,55,56]",19,1970,62,0.0314720812182741,1
"[0,1,2,3,4,5,6,7,8,9,10,11,12,13,14,15,16,17,18,19,20,21,22,24,27,28,34,36,37,38,47,55,56]",20,1970,39,0.0197969543147208,1
"[0,1,2,3,4,5,6,7,8,9,10,11,12,13,14,15,16,17,18,19,20,21,22,24,27,28,34,36,37,38,47,55,56]",21,1970,11,0.00558375634517766,1
"[0,1,2,3,4,5,6,7,8,9,10,11,12,13,14,15,16,17,18,19,20,21,22,24,27,28,34,36,37,38,47,55,56]",22,1970,12,0.00609137055837563,1
"[0,1,2,3,4,5,6,7,8,9,10,11,12,13,14,15,16,17,18,19,20,21,22,24,27,28,34,36,37,38,47,55,56]",24,1970,40,0.0203045685279188,1
"[0,1,2,3,4,5,6,7,8,9,10,11,12,13,14,15,16,17,18,19,20,21,22,24,27,28,34,36,37,38,47,55,56]",27,1970,25,0.0126903553299492,1
"[0,1,2,3,4,5,6,7,8,9,10,11,12,13,14,15,16,17,18,19,20,21,22,24,27,28,34,36,37,38,47,55,56]",28,1970,7,0.00355329949238579,1
"[0,1,2,3,4,5,6,7,8,9,10,11,12,13,14,15,16,17,18,19,20,21,22,24,27,28,34,36,37,38,47,55,56]",34,1970,5,0.00253807106598985,1
"[0,1,2,3,4,5,6,7,8,9,10,11,12,13,14,15,16,17,18,19,20,21,22,24,27,28,34,36,37,38,47,55,56]",36,1970,27,0.0137055837563452,1
"[0,1,2,3,4,5,6,7,8,9,10,11,12,13,14,15,16,17,18,19,20,21,22,24,27,28,34,36,37,38,47,55,56]",37,1970,102,0.0517766497461929,1
"[0,1,2,3,4,5,6,7,8,9,10,11,12,13,14,15,16,17,18,19,20,21,22,24,27,28,34,36,37,38,47,55,56]",38,1970,27,0.0137055837563452,1
"[0,1,2,3,4,5,6,7,8,9,10,11,12,13,14,15,16,17,18,19,20,21,22,24,27,28,34,36,37,38,47,55,56]",47,1970,6,0.00304568527918782,1
"[0,1,2,3,4,5,6,7,8,9,10,11,12,13,14,15,16,17,18,19,20,21,22,24,27,28,34,36,37,38,47,55,56]",55,1970,8,0.00406091370558376,1
"[0,1,2,3,4,5,6,7,8,9,10,11,12,13,14,15,16,17,18,19,20,21,22,24,27,28,34,36,37,38,47,55,56]",56,1970,11,0.00558375634517766,1
"[0,1,2,3,4,5,6,7,8,9,10,11,12,13,14,15,16,17,18,19,20,21,22,25,26,30,31,34,35,36,37,41,49,54,55,75,90]",0,1938,11,0.00567595459236326,1
"[0,1,2,3,4,5,6,7,8,9,10,11,12,13,14,15,16,17,18,19,20,21,22,25,26,30,31,34,35,36,37,41,49,54,55,75,90]",1,1938,24,0.0123839009287926,1
"[0,1,2,3,4,5,6,7,8,9,10,11,12,13,14,15,16,17,18,19,20,21,22,25,26,30,31,34,35,36,37,41,49,54,55,75,90]",2,1938,39,0.0201238390092879,1
"[0,1,2,3,4,5,6,7,8,9,10,11,12,13,14,15,16,17,18,19,20,21,22,25,26,30,31,34,35,36,37,41,49,54,55,75,90]",3,1938,26,0.0134158926728586,1
"[0,1,2,3,4,5,6,7,8,9,10,11,12,13,14,15,16,17,18,19,20,21,22,25,26,30,31,34,35,36,37,41,49,54,55,75,90]",4,1938,451,0.232714138286894,1
"[0,1,2,3,4,5,6,7,8,9,10,11,12,13,14,15,16,17,18,19,20,21,22,25,26,30,31,34,35,36,37,41,49,54,55,75,90]",5,1938,315,0.162538699690402,1
"[0,1,2,3,4,5,6,7,8,9,10,11,12,13,14,15,16,17,18,19,20,21,22,25,26,30,31,34,35,36,37,41,49,54,55,75,90]",6,1938,8,0.00412796697626419,1
"[0,1,2,3,4,5,6,7,8,9,10,11,12,13,14,15,16,17,18,19,20,21,22,25,26,30,31,34,35,36,37,41,49,54,55,75,90]",7,1938,236,0.121775025799794,1
"[0,1,2,3,4,5,6,7,8,9,10,11,12,13,14,15,16,17,18,19,20,21,22,25,26,30,31,34,35,36,37,41,49,54,55,75,90]",8,1938,11,0.00567595459236326,1
"[0,1,2,3,4,5,6,7,8,9,10,11,12,13,14,15,16,17,18,19,20,21,22,25,26,30,31,34,35,36,37,41,49,54,55,75,90]",9,1938,37,0.0190918472652219,1
"[0,1,2,3,4,5,6,7,8,9,10,11,12,13,14,15,16,17,18,19,20,21,22,25,26,30,31,34,35,36,37,41,49,54,55,75,90]",10,1938,51,0.0263157894736842,1
"[0,1,2,3,4,5,6,7,8,9,10,11,12,13,14,15,16,17,18,19,20,21,22,25,26,30,31,34,35,36,37,41,49,54,55,75,90]",11,1938,95,0.0490196078431373,1
"[0,1,2,3,4,5,6,7,8,9,10,11,12,13,14,15,16,17,18,19,20,21,22,25,26,30,31,34,35,36,37,41,49,54,55,75,90]",12,1938,17,0.0087719298245614,1
"[0,1,2,3,4,5,6,7,8,9,10,11,12,13,14,15,16,17,18,19,20,21,22,25,26,30,31,34,35,36,37,41,49,54,55,75,90]",13,1938,76,0.0392156862745098,1
"[0,1,2,3,4,5,6,7,8,9,10,11,12,13,14,15,16,17,18,19,20,21,22,25,26,30,31,34,35,36,37,41,49,54,55,75,90]",14,1938,11,0.00567595459236326,1
"[0,1,2,3,4,5,6,7,8,9,10,11,12,13,14,15,16,17,18,19,20,21,22,25,26,30,31,34,35,36,37,41,49,54,55,75,90]",15,1938,172,0.0887512899896801,1
"[0,1,2,3,4,5,6,7,8,9,10,11,12,13,14,15,16,17,18,19,20,21,22,25,26,30,31,34,35,36,37,41,49,54,55,75,90]",16,1938,6,0.00309597523219814,1
"[0,1,2,3,4,5,6,7,8,9,10,11,12,13,14,15,16,17,18,19,20,21,22,25,26,30,31,34,35,36,37,41,49,54,55,75,90]",17,1938,31,0.0159958720330237,1
"[0,1,2,3,4,5,6,7,8,9,10,11,12,13,14,15,16,17,18,19,20,21,22,25,26,30,31,34,35,36,37,41,49,54,55,75,90]",18,1938,21,0.0108359133126935,1
"[0,1,2,3,4,5,6,7,8,9,10,11,12,13,14,15,16,17,18,19,20,21,22,25,26,30,31,34,35,36,37,41,49,54,55,75,90]",19,1938,38,0.0196078431372549,1
"[0,1,2,3,4,5,6,7,8,9,10,11,12,13,14,15,16,17,18,19,20,21,22,25,26,30,31,34,35,36,37,41,49,54,55,75,90]",20,1938,58,0.0299277605779154,1
"[0,1,2,3,4,5,6,7,8,9,10,11,12,13,14,15,16,17,18,19,20,21,22,25,26,30,31,34,35,36,37,41,49,54,55,75,90]",21,1938,12,0.00619195046439629,1
"[0,1,2,3,4,5,6,7,8,9,10,11,12,13,14,15,16,17,18,19,20,21,22,25,26,30,31,34,35,36,37,41,49,54,55,75,90]",22,1938,8,0.00412796697626419,1
"[0,1,2,3,4,5,6,7,8,9,10,11,12,13,14,15,16,17,18,19,20,21,22,25,26,30,31,34,35,36,37,41,49,54,55,75,90]",25,1938,6,0.00309597523219814,1
"[0,1,2,3,4,5,6,7,8,9,10,11,12,13,14,15,16,17,18,19,20,21,22,25,26,30,31,34,35,36,37,41,49,54,55,75,90]",26,1938,17,0.0087719298245614,1
"[0,1,2,3,4,5,6,7,8,9,10,11,12,13,14,15,16,17,18,19,20,21,22,25,26,30,31,34,35,36,37,41,49,54,55,75,90]",30,1938,5,0.00257997936016512,1
"[0,1,2,3,4,5,6,7,8,9,10,11,12,13,14,15,16,17,18,19,20,21,22,25,26,30,31,34,35,36,37,41,49,54,55,75,90]",31,1938,12,0.00619195046439629,1
"[0,1,2,3,4,5,6,7,8,9,10,11,12,13,14,15,16,17,18,19,20,21,22,25,26,30,31,34,35,36,37,41,49,54,55,75,90]",34,1938,12,0.00619195046439629,1
"[0,1,2,3,4,5,6,7,8,9,10,11,12,13,14,15,16,17,18,19,20,21,22,25,26,30,31,34,35,36,37,41,49,54,55,75,90]",35,1938,21,0.0108359133126935,1
"[0,1,2,3,4,5,6,7,8,9,10,11,12,13,14,15,16,17,18,19,20,21,22,25,26,30,31,34,35,36,37,41,49,54,55,75,90]",36,1938,17,0.0087719298245614,1
"[0,1,2,3,4,5,6,7,8,9,10,11,12,13,14,15,16,17,18,19,20,21,22,25,26,30,31,34,35,36,37,41,49,54,55,75,90]",37,1938,50,0.0257997936016512,1
"[0,1,2,3,4,5,6,7,8,9,10,11,12,13,14,15,16,17,18,19,20,21,22,25,26,30,31,34,35,36,37,41,49,54,55,75,90]",41,1938,5,0.00257997936016512,1
"[0,1,2,3,4,5,6,7,8,9,10,11,12,13,14,15,16,17,18,19,20,21,22,25,26,30,31,34,35,36,37,41,49,54,55,75,90]",49,1938,3,0.00154798761609907,1
"[0,1,2,3,4,5,6,7,8,9,10,11,12,13,14,15,16,17,18,19,20,21,22,25,26,30,31,34,35,36,37,41,49,54,55,75,90]",54,1938,8,0.00412796697626419,1
"[0,1,2,3,4,5,6,7,8,9,10,11,12,13,14,15,16,17,18,19,20,21,22,25,26,30,31,34,35,36,37,41,49,54,55,75,90]",55,1938,7,0.00361197110423117,1
"[0,1,2,3,4,5,6,7,8,9,10,11,12,13,14,15,16,17,18,19,20,21,22,25,26,30,31,34,35,36,37,41,49,54,55,75,90]",75,1938,14,0.00722394220846233,1
"[0,1,2,3,4,5,6,7,8,9,10,11,12,13,14,15,16,17,18,19,20,21,22,25,26,30,31,34,35,36,37,41,49,54,55,75,90]",90,1938,7,0.00361197110423117,1
"[0,1,2,3,4,5,6,7,8,9,10,11,12,13,14,15,16,17,18,19,20,21,24,27,28,29,32,33,38,43,47,56,64]",0,3383,20,0.00591191250369495,1
"[0,1,2,3,4,5,6,7,8,9,10,11,12,13,14,15,16,17,18,19,20,21,24,27,28,29,32,33,38,43,47,56,64]",1,3383,1390,0.410877919006799,1
"[0,1,2,3,4,5,6,7,8,9,10,11,12,13,14,15,16,17,18,19,20,21,24,27,28,29,32,33,38,43,47,56,64]",2,3383,180,0.0532072125332545,1
"[0,1,2,3,4,5,6,7,8,9,10,11,12,13,14,15,16,17,18,19,20,21,24,27,28,29,32,33,38,43,47,56,64]",3,3383,12,0.00354714750221697,1
"[0,1,2,3,4,5,6,7,8,9,10,11,12,13,14,15,16,17,18,19,20,21,24,27,28,29,32,33,38,43,47,56,64]",4,3383,59,0.0174401418859001,1
"[0,1,2,3,4,5,6,7,8,9,10,11,12,13,14,15,16,17,18,19,20,21,24,27,28,29,32,33,38,43,47,56,64]",5,3383,39,0.0115282293822051,1
"[0,1,2,3,4,5,6,7,8,9,10,11,12,13,14,15,16,17,18,19,20,21,24,27,28,29,32,33,38,43,47,56,64]",6,3383,11,0.00325155187703222,1
"[0,1,2,3,4,5,6,7,8,9,10,11,12,13,14,15,16,17,18,19,20,21,24,27,28,29,32,33,38,43,47,56,64]",7,3383,137,0.0404966006503104,1
"[0,1,2,3,4,5,6,7,8,9,10,11,12,13,14,15,16,17,18,19,20,21,24,27,28,29,32,33,38,43,47,56,64]",8,3383,601,0.177652970736033,1
"[0,1,2,3,4,5,6,7,8,9,10,11,12,13,14,15,16,17,18,19,20,21,24,27,28,29,32,33,38,43,47,56,64]",9,3383,21,0.00620750812887969,1
"[0,1,2,3,4,5,6,7,8,9,10,11,12,13,14,15,16,17,18,19,20,21,24,27,28,29,32,33,38,43,47,56,64]",10,3383,30,0.00886786875554242,1
"[0,1,2,3,4,5,6,7,8,9,10,11,12,13,14,15,16,17,18,19,20,21,24,27,28,29,32,33,38,43,47,56,64]",11,3383,79,0.023352054389595,1
"[0,1,2,3,4,5,6,7,8,9,10,11,12,13,14,15,16,17,18,19,20,21,24,27,28,29,32,33,38,43,47,56,64]",12,3383,46,0.0135973987584984,1
"[0,1,2,3,4,5,6,7,8,9,10,11,12,13,14,15,16,17,18,19,20,21,24,27,28,29,32,33,38,43,47,56,64]",13,3383,30,0.00886786875554242,1
"[0,1,2,3,4,5,6,7,8,9,10,11,12,13,14,15,16,17,18,19,20,21,24,27,28,29,32,33,38,43,47,56,64]",14,3383,38,0.0112326337570204,1
"[0,1,2,3,4,5,6,7,8,9,10,11,12,13,14,15,16,17,18,19,20,21,24,27,28,29,32,33,38,43,47,56,64]",15,3383,49,0.0144841856340526,1
"[0,1,2,3,4,5,6,7,8,9,10,11,12,13,14,15,16,17,18,19,20,21,24,27,28,29,32,33,38,43,47,56,64]",16,3383,18,0.00532072125332545,1
"[0,1,2,3,4,5,6,7,8,9,10,11,12,13,14,15,16,17,18,19,20,21,24,27,28,29,32,33,38,43,47,56,64]",17,3383,26,0.00768548625480343,1
"[0,1,2,3,4,5,6,7,8,9,10,11,12,13,14,15,16,17,18,19,20,21,24,27,28,29,32,33,38,43,47,56,64]",18,3383,10,0.00295595625184747,1
"[0,1,2,3,4,5,6,7,8,9,10,11,12,13,14,15,16,17,18,19,20,21,24,27,28,29,32,33,38,43,47,56,64]",19,3383,19,0.0056163168785102,1
"[0,1,2,3,4,5,6,7,8,9,10,11,12,13,14,15,16,17,18,19,20,21,24,27,28,29,32,33,38,43,47,56,64]",20,3383,47,0.0138929943836831,1
"[0,1,2,3,4,5,6,7,8,9,10,11,12,13,14,15,16,17,18,19,20,21,24,27,28,29,32,33,38,43,47,56,64]",21,3383,77,0.0227608631392255,1
"[0,1,2,3,4,5,6,7,8,9,10,11,12,13,14,15,16,17,18,19,20,21,24,27,28,29,32,33,38,43,47,56,64]",24,3383,283,0.0836535619272835,1
"[0,1,2,3,4,5,6,7,8,9,10,11,12,13,14,15,16,17,18,19,20,21,24,27,28,29,32,33,38,43,47,56,64]",27,3383,10,0.00295595625184747,1
"[0,1,2,3,4,5,6,7,8,9,10,11,12,13,14,15,16,17,18,19,20,21,24,27,28,29,32,33,38,43,47,56,64]",28,3383,44,0.0130062075081289,1
"[0,1,2,3,4,5,6,7,8,9,10,11,12,13,14,15,16,17,18,19,20,21,24,27,28,29,32,33,38,43,47,56,64]",29,3383,27,0.00798108187998818,1
"[0,1,2,3,4,5,6,7,8,9,10,11,12,13,14,15,16,17,18,19,20,21,24,27,28,29,32,33,38,43,47,56,64]",32,3383,28,0.00827667750517292,1
"[0,1,2,3,4,5,6,7,8,9,10,11,12,13,14,15,16,17,18,19,20,21,24,27,28,29,32,33,38,43,47,56,64]",33,3383,1,0.000295595625184747,1
"[0,1,2,3,4,5,6,7,8,9,10,11,12,13,14,15,16,17,18,19,20,21,24,27,28,29,32,33,38,43,47,56,64]",38,3383,11,0.00325155187703222,1
"[0,1,2,3,4,5,6,7,8,9,10,11,12,13,14,15,16,17,18,19,20,21,24,27,28,29,32,33,38,43,47,56,64]",43,3383,21,0.00620750812887969,1
"[0,1,2,3,4,5,6,7,8,9,10,11,12,13,14,15,16,17,18,19,20,21,24,27,28,29,32,33,38,43,47,56,64]",47,3383,5,0.00147797812592374,1
"[0,1,2,3,4,5,6,7,8,9,10,11,12,13,14,15,16,17,18,19,20,21,24,27,28,29,32,33,38,43,47,56,64]",56,3383,11,0.00325155187703222,1
"[0,1,2,3,4,5,6,7,8,9,10,11,12,13,14,15,16,17,18,19,20,21,24,27,28,29,32,33,38,43,47,56,64]",64,3383,3,0.000886786875554242,1
"[0,1,2,3,4,5,6,7,8,9,10,11,12,13,14,15,16,17,18,19,20,21,24,27,28,29,32,33,38,43,47,56,72]",0,1995,25,0.012531328320802,1
"[0,1,2,3,4,5,6,7,8,9,10,11,12,13,14,15,16,17,18,19,20,21,24,27,28,29,32,33,38,43,47,56,72]",1,1995,48,0.0240601503759399,1
"[0,1,2,3,4,5,6,7,8,9,10,11,12,13,14,15,16,17,18,19,20,21,24,27,28,29,32,33,38,43,47,56,72]",2,1995,95,0.0476190476190476,1
"[0,1,2,3,4,5,6,7,8,9,10,11,12,13,14,15,16,17,18,19,20,21,24,27,28,29,32,33,38,43,47,56,72]",3,1995,11,0.00551378446115288,1
"[0,1,2,3,4,5,6,7,8,9,10,11,12,13,14,15,16,17,18,19,20,21,24,27,28,29,32,33,38,43,47,56,72]",4,1995,408,0.204511278195489,1
"[0,1,2,3,4,5,6,7,8,9,10,11,12,13,14,15,16,17,18,19,20,21,24,27,28,29,32,33,38,43,47,56,72]",5,1995,271,0.135839598997494,1
"[0,1,2,3,4,5,6,7,8,9,10,11,12,13,14,15,16,17,18,19,20,21,24,27,28,29,32,33,38,43,47,56,72]",6,1995,16,0.00802005012531328,1
"[0,1,2,3,4,5,6,7,8,9,10,11,12,13,14,15,16,17,18,19,20,21,24,27,28,29,32,33,38,43,47,56,72]",7,1995,152,0.0761904761904762,1
"[0,1,2,3,4,5,6,7,8,9,10,11,12,13,14,15,16,17,18,19,20,21,24,27,28,29,32,33,38,43,47,56,72]",8,1995,29,0.0145363408521303,1
"[0,1,2,3,4,5,6,7,8,9,10,11,12,13,14,15,16,17,18,19,20,21,24,27,28,29,32,33,38,43,47,56,72]",9,1995,64,0.0320802005012531,1
"[0,1,2,3,4,5,6,7,8,9,10,11,12,13,14,15,16,17,18,19,20,21,24,27,28,29,32,33,38,43,47,56,72]",10,1995,46,0.0230576441102757,1
"[0,1,2,3,4,5,6,7,8,9,10,11,12,13,14,15,16,17,18,19,20,21,24,27,28,29,32,33,38,43,47,56,72]",11,1995,125,0.06265664160401,1
"[0,1,2,3,4,5,6,7,8,9,10,11,12,13,14,15,16,17,18,19,20,21,24,27,28,29,32,33,38,43,47,56,72]",12,1995,54,0.0270676691729323,1
"[0,1,2,3,4,5,6,7,8,9,10,11,12,13,14,15,16,17,18,19,20,21,24,27,28,29,32,33,38,43,47,56,72]",13,1995,53,0.0265664160401003,1
"[0,1,2,3,4,5,6,7,8,9,10,11,12,13,14,15,16,17,18,19,20,21,24,27,28,29,32,33,38,43,47,56,72]",14,1995,17,0.00852130325814536,1
"[0,1,2,3,4,5,6,7,8,9,10,11,12,13,14,15,16,17,18,19,20,21,24,27,28,29,32,33,38,43,47,56,72]",15,1995,207,0.103759398496241,1
"[0,1,2,3,4,5,6,7,8,9,10,11,12,13,14,15,16,17,18,19,20,21,24,27,28,29,32,33,38,43,47,56,72]",16,1995,10,0.0050125313283208,1
"[0,1,2,3,4,5,6,7,8,9,10,11,12,13,14,15,16,17,18,19,20,21,24,27,28,29,32,33,38,43,47,56,72]",17,1995,45,0.0225563909774436,1
"[0,1,2,3,4,5,6,7,8,9,10,11,12,13,14,15,16,17,18,19,20,21,24,27,28,29,32,33,38,43,47,56,72]",18,1995,24,0.0120300751879699,1
"[0,1,2,3,4,5,6,7,8,9,10,11,12,13,14,15,16,17,18,19,20,21,24,27,28,29,32,33,38,43,47,56,72]",19,1995,27,0.0135338345864662,1
"[0,1,2,3,4,5,6,7,8,9,10,11,12,13,14,15,16,17,18,19,20,21,24,27,28,29,32,33,38,43,47,56,72]",20,1995,46,0.0230576441102757,1
"[0,1,2,3,4,5,6,7,8,9,10,11,12,13,14,15,16,17,18,19,20,21,24,27,28,29,32,33,38,43,47,56,72]",21,1995,19,0.00952380952380952,1
"[0,1,2,3,4,5,6,7,8,9,10,11,12,13,14,15,16,17,18,19,20,21,24,27,28,29,32,33,38,43,47,56,72]",24,1995,33,0.0165413533834586,1
"[0,1,2,3,4,5,6,7,8,9,10,11,12,13,14,15,16,17,18,19,20,21,24,27,28,29,32,33,38,43,47,56,72]",27,1995,19,0.00952380952380952,1
"[0,1,2,3,4,5,6,7,8,9,10,11,12,13,14,15,16,17,18,19,20,21,24,27,28,29,32,33,38,43,47,56,72]",28,1995,30,0.0150375939849624,1
"[0,1,2,3,4,5,6,7,8,9,10,11,12,13,14,15,16,17,18,19,20,21,24,27,28,29,32,33,38,43,47,56,72]",29,1995,28,0.0140350877192982,1
"[0,1,2,3,4,5,6,7,8,9,10,11,12,13,14,15,16,17,18,19,20,21,24,27,28,29,32,33,38,43,47,56,72]",32,1995,13,0.00651629072681704,1
"[0,1,2,3,4,5,6,7,8,9,10,11,12,13,14,15,16,17,18,19,20,21,24,27,28,29,32,33,38,43,47,56,72]",33,1995,2,0.00100250626566416,1
"[0,1,2,3,4,5,6,7,8,9,10,11,12,13,14,15,16,17,18,19,20,21,24,27,28,29,32,33,38,43,47,56,72]",38,1995,11,0.00551378446115288,1
"[0,1,2,3,4,5,6,7,8,9,10,11,12,13,14,15,16,17,18,19,20,21,24,27,28,29,32,33,38,43,47,56,72]",43,1995,48,0.0240601503759399,1
"[0,1,2,3,4,5,6,7,8,9,10,11,12,13,14,15,16,17,18,19,20,21,24,27,28,29,32,33,38,43,47,56,72]",47,1995,7,0.00350877192982456,1
"[0,1,2,3,4,5,6,7,8,9,10,11,12,13,14,15,16,17,18,19,20,21,24,27,28,29,32,33,38,43,47,56,72]",56,1995,9,0.00451127819548872,1
"[0,1,2,3,4,5,6,7,8,9,10,11,12,13,14,15,16,17,18,19,20,21,24,27,28,29,32,33,38,43,47,56,72]",72,1995,3,0.00150375939849624,1
"[0,1,2,3,4,5,6,7,8,9,10,11,12,13,14,15,16,17,18,19,20,21,24,27,28,29,32,33,38,43,47,56,89]",0,11727,136,0.0115971689264091,6
"[0,1,2,3,4,5,6,7,8,9,10,11,12,13,14,15,16,17,18,19,20,21,24,27,28,29,32,33,38,43,47,56,89]",1,11727,217,0.0185043063016969,6
"[0,1,2,3,4,5,6,7,8,9,10,11,12,13,14,15,16,17,18,19,20,21,24,27,28,29,32,33,38,43,47,56,89]",2,11727,486,0.0414428242517268,6
"[0,1,2,3,4,5,6,7,8,9,10,11,12,13,14,15,16,17,18,19,20,21,24,27,28,29,32,33,38,43,47,56,89]",3,11727,69,0.00588385776413405,6
"[0,1,2,3,4,5,6,7,8,9,10,11,12,13,14,15,16,17,18,19,20,21,24,27,28,29,32,33,38,43,47,56,89]",4,11727,1179,0.100537221795856,6
"[0,1,2,3,4,5,6,7,8,9,10,11,12,13,14,15,16,17,18,19,20,21,24,27,28,29,32,33,38,43,47,56,89]",5,11727,943,0.0804127227764987,6
"[0,1,2,3,4,5,6,7,8,9,10,11,12,13,14,15,16,17,18,19,20,21,24,27,28,29,32,33,38,43,47,56,89]",6,11727,786,0.0670248145305705,6
"[0,1,2,3,4,5,6,7,8,9,10,11,12,13,14,15,16,17,18,19,20,21,24,27,28,29,32,33,38,43,47,56,89]",7,11727,1481,0.126289758676558,6
"[0,1,2,3,4,5,6,7,8,9,10,11,12,13,14,15,16,17,18,19,20,21,24,27,28,29,32,33,38,43,47,56,89]",8,11727,112,0.00955060970410165,6
"[0,1,2,3,4,5,6,7,8,9,10,11,12,13,14,15,16,17,18,19,20,21,24,27,28,29,32,33,38,43,47,56,89]",9,11727,357,0.030442568431824,6
"[0,1,2,3,4,5,6,7,8,9,10,11,12,13,14,15,16,17,18,19,20,21,24,27,28,29,32,33,38,43,47,56,89]",10,11727,366,0.0312100281401893,6
"[0,1,2,3,4,5,6,7,8,9,10,11,12,13,14,15,16,17,18,19,20,21,24,27,28,29,32,33,38,43,47,56,89]",11,11727,436,0.0371791592052528,6
"[0,1,2,3,4,5,6,7,8,9,10,11,12,13,14,15,16,17,18,19,20,21,24,27,28,29,32,33,38,43,47,56,89]",12,11727,175,0.0149228276626588,6
"[0,1,2,3,4,5,6,7,8,9,10,11,12,13,14,15,16,17,18,19,20,21,24,27,28,29,32,33,38,43,47,56,89]",13,11727,536,0.0457064892982007,6
"[0,1,2,3,4,5,6,7,8,9,10,11,12,13,14,15,16,17,18,19,20,21,24,27,28,29,32,33,38,43,47,56,89]",14,11727,254,0.0216594184360877,6
"[0,1,2,3,4,5,6,7,8,9,10,11,12,13,14,15,16,17,18,19,20,21,24,27,28,29,32,33,38,43,47,56,89]",15,11727,488,0.0416133708535857,6
"[0,1,2,3,4,5,6,7,8,9,10,11,12,13,14,15,16,17,18,19,20,21,24,27,28,29,32,33,38,43,47,56,89]",16,11727,55,0.00469003155112134,6
"[0,1,2,3,4,5,6,7,8,9,10,11,12,13,14,15,16,17,18,19,20,21,24,27,28,29,32,33,38,43,47,56,89]",17,11727,191,0.0162872004775305,6
"[0,1,2,3,4,5,6,7,8,9,10,11,12,13,14,15,16,17,18,19,20,21,24,27,28,29,32,33,38,43,47,56,89]",18,11727,558,0.0475825019186493,6
"[0,1,2,3,4,5,6,7,8,9,10,11,12,13,14,15,16,17,18,19,20,21,24,27,28,29,32,33,38,43,47,56,89]",19,11727,637,0.0543190926920781,6
"[0,1,2,3,4,5,6,7,8,9,10,11,12,13,14,15,16,17,18,19,20,21,24,27,28,29,32,33,38,43,47,56,89]",20,11727,205,0.0174810266905432,6
"[0,1,2,3,4,5,6,7,8,9,10,11,12,13,14,15,16,17,18,19,20,21,24,27,28,29,32,33,38,43,47,56,89]",21,11727,104,0.00886842329666581,6
"[0,1,2,3,4,5,6,7,8,9,10,11,12,13,14,15,16,17,18,19,20,21,24,27,28,29,32,33,38,43,47,56,89]",24,11727,134,0.0114266223245502,6
"[0,1,2,3,4,5,6,7,8,9,10,11,12,13,14,15,16,17,18,19,20,21,24,27,28,29,32,33,38,43,47,56,89]",27,11727,110,0.00938006310224269,6
"[0,1,2,3,4,5,6,7,8,9,10,11,12,13,14,15,16,17,18,19,20,21,24,27,28,29,32,33,38,43,47,56,89]",28,11727,95,0.0081009635883005,6
"[0,1,2,3,4,5,6,7,8,9,10,11,12,13,14,15,16,17,18,19,20,21,24,27,28,29,32,33,38,43,47,56,89]",29,11727,181,0.0154344674682357,6
"[0,1,2,3,4,5,6,7,8,9,10,11,12,13,14,15,16,17,18,19,20,21,24,27,28,29,32,33,38,43,47,56,89]",32,11727,87,0.00741877718086467,6
"[0,1,2,3,4,5,6,7,8,9,10,11,12,13,14,15,16,17,18,19,20,21,24,27,28,29,32,33,38,43,47,56,89]",33,11727,36,0.00306983883346124,6
"[0,1,2,3,4,5,6,7,8,9,10,11,12,13,14,15,16,17,18,19,20,21,24,27,28,29,32,33,38,43,47,56,89]",38,11727,581,0.0495437878400273,6
"[0,1,2,3,4,5,6,7,8,9,10,11,12,13,14,15,16,17,18,19,20,21,24,27,28,29,32,33,38,43,47,56,89]",43,11727,177,0.0150933742645178,6
"[0,1,2,3,4,5,6,7,8,9,10,11,12,13,14,15,16,17,18,19,20,21,24,27,28,29,32,33,38,43,47,56,89]",47,11727,411,0.0350473266820159,6
"[0,1,2,3,4,5,6,7,8,9,10,11,12,13,14,15,16,17,18,19,20,21,24,27,28,29,32,33,38,43,47,56,89]",56,11727,58,0.00494585145390978,6
"[0,1,2,3,4,5,6,7,8,9,10,11,12,13,14,15,16,17,18,19,20,21,24,27,28,29,32,33,38,43,47,56,89]",89,11727,86,0.00733350387993519,6
"[0,1,2,3,4,5,6,7,8,9,10,11,12,13,14,15,16,17,18,19,20,21,24,27,28,29,32,33,38,43,47,56]",0,10981,100,0.0091066387396412,4
"[0,1,2,3,4,5,6,7,8,9,10,11,12,13,14,15,16,17,18,19,20,21,24,27,28,29,32,33,38,43,47,56]",1,10981,238,0.0216738002003461,4
"[0,1,2,3,4,5,6,7,8,9,10,11,12,13,14,15,16,17,18,19,20,21,24,27,28,29,32,33,38,43,47,56]",2,10981,333,0.0303251070030052,4
"[0,1,2,3,4,5,6,7,8,9,10,11,12,13,14,15,16,17,18,19,20,21,24,27,28,29,32,33,38,43,47,56]",3,10981,58,0.0052818504689919,4
"[0,1,2,3,4,5,6,7,8,9,10,11,12,13,14,15,16,17,18,19,20,21,24,27,28,29,32,33,38,43,47,56]",4,10981,843,0.0767689645751753,4
"[0,1,2,3,4,5,6,7,8,9,10,11,12,13,14,15,16,17,18,19,20,21,24,27,28,29,32,33,38,43,47,56]",5,10981,779,0.0709407157818049,4
"[0,1,2,3,4,5,6,7,8,9,10,11,12,13,14,15,16,17,18,19,20,21,24,27,28,29,32,33,38,43,47,56]",6,10981,30,0.00273199162189236,4
"[0,1,2,3,4,5,6,7,8,9,10,11,12,13,14,15,16,17,18,19,20,21,24,27,28,29,32,33,38,43,47,56]",7,10981,1479,0.134687186959293,4
"[0,1,2,3,4,5,6,7,8,9,10,11,12,13,14,15,16,17,18,19,20,21,24,27,28,29,32,33,38,43,47,56]",8,10981,136,0.012385028685912,4
"[0,1,2,3,4,5,6,7,8,9,10,11,12,13,14,15,16,17,18,19,20,21,24,27,28,29,32,33,38,43,47,56]",9,10981,427,0.0388853474182679,4
"[0,1,2,3,4,5,6,7,8,9,10,11,12,13,14,15,16,17,18,19,20,21,24,27,28,29,32,33,38,43,47,56]",10,10981,404,0.0367908205081504,4
"[0,1,2,3,4,5,6,7,8,9,10,11,12,13,14,15,16,17,18,19,20,21,24,27,28,29,32,33,38,43,47,56]",11,10981,622,0.0566432929605683,4
"[0,1,2,3,4,5,6,7,8,9,10,11,12,13,14,15,16,17,18,19,20,21,24,27,28,29,32,33,38,43,47,56]",12,10981,145,0.0132046261724797,4
"[0,1,2,3,4,5,6,7,8,9,10,11,12,13,14,15,16,17,18,19,20,21,24,27,28,29,32,33,38,43,47,56]",13,10981,424,0.0386121482560787,4
"[0,1,2,3,4,5,6,7,8,9,10,11,12,13,14,15,16,17,18,19,20,21,24,27,28,29,32,33,38,43,47,56]",14,10981,142,0.0129314270102905,4
"[0,1,2,3,4,5,6,7,8,9,10,11,12,13,14,15,16,17,18,19,20,21,24,27,28,29,32,33,38,43,47,56]",15,10981,370,0.0336945633366724,4
"[0,1,2,3,4,5,6,7,8,9,10,11,12,13,14,15,16,17,18,19,20,21,24,27,28,29,32,33,38,43,47,56]",16,10981,49,0.00446225298242419,4
"[0,1,2,3,4,5,6,7,8,9,10,11,12,13,14,15,16,17,18,19,20,21,24,27,28,29,32,33,38,43,47,56]",17,10981,171,0.0155723522447864,4
"[0,1,2,3,4,5,6,7,8,9,10,11,12,13,14,15,16,17,18,19,20,21,24,27,28,29,32,33,38,43,47,56]",18,10981,490,0.0446225298242419,4
"[0,1,2,3,4,5,6,7,8,9,10,11,12,13,14,15,16,17,18,19,20,21,24,27,28,29,32,33,38,43,47,56]",19,10981,509,0.0463527911847737,4
"[0,1,2,3,4,5,6,7,8,9,10,11,12,13,14,15,16,17,18,19,20,21,24,27,28,29,32,33,38,43,47,56]",20,10981,152,0.0138420908842546,4
"[0,1,2,3,4,5,6,7,8,9,10,11,12,13,14,15,16,17,18,19,20,21,24,27,28,29,32,33,38,43,47,56]",21,10981,68,0.00619251434295601,4
"[0,1,2,3,4,5,6,7,8,9,10,11,12,13,14,15,16,17,18,19,20,21,24,27,28,29,32,33,38,43,47,56]",24,10981,125,0.0113832984245515,4
"[0,1,2,3,4,5,6,7,8,9,10,11,12,13,14,15,16,17,18,19,20,21,24,27,28,29,32,33,38,43,47,56]",27,10981,93,0.00846917402786631,4
"[0,1,2,3,4,5,6,7,8,9,10,11,12,13,14,15,16,17,18,19,20,21,24,27,28,29,32,33,38,43,47,56]",28,10981,84,0.00764957654129861,4
"[0,1,2,3,4,5,6,7,8,9,10,11,12,13,14,15,16,17,18,19,20,21,24,27,28,29,32,33,38,43,47,56]",29,10981,102,0.00928877151443402,4
"[0,1,2,3,4,5,6,7,8,9,10,11,12,13,14,15,16,17,18,19,20,21,24,27,28,29,32,33,38,43,47,56]",32,10981,69,0.00628358073035243,4
"[0,1,2,3,4,5,6,7,8,9,10,11,12,13,14,15,16,17,18,19,20,21,24,27,28,29,32,33,38,43,47,56]",33,10981,18,0.00163919497313542,4
"[0,1,2,3,4,5,6,7,8,9,10,11,12,13,14,15,16,17,18,19,20,21,24,27,28,29,32,33,38,43,47,56]",38,10981,1164,0.106001274929424,4
"[0,1,2,3,4,5,6,7,8,9,10,11,12,13,14,15,16,17,18,19,20,21,24,27,28,29,32,33,38,43,47,56]",43,10981,128,0.0116564975867407,4
"[0,1,2,3,4,5,6,7,8,9,10,11,12,13,14,15,16,17,18,19,20,21,24,27,28,29,32,33,38,43,47,56]",47,10981,1195,0.108824332938712,4
"[0,1,2,3,4,5,6,7,8,9,10,11,12,13,14,15,16,17,18,19,20,21,24,27,28,29,32,33,38,43,47,56]",56,10981,34,0.00309625717147801,4
"[0,1,2,3,4,5,6,7,8,9,10,11,12,13,14,15,16,17,18,19,20,21,24,27,28,29,32,38,43,47,56,64,72]",0,24574,245,0.00996988687230406,11
"[0,1,2,3,4,5,6,7,8,9,10,11,12,13,14,15,16,17,18,19,20,21,24,27,28,29,32,38,43,47,56,64,72]",1,24574,1474,0.0599820948970457,11
"[0,1,2,3,4,5,6,7,8,9,10,11,12,13,14,15,16,17,18,19,20,21,24,27,28,29,32,38,43,47,56,64,72]",2,24574,898,0.0365426873931798,11
"[0,1,2,3,4,5,6,7,8,9,10,11,12,13,14,15,16,17,18,19,20,21,24,27,28,29,32,38,43,47,56,64,72]",3,24574,295,0.0120045576625702,11
"[0,1,2,3,4,5,6,7,8,9,10,11,12,13,14,15,16,17,18,19,20,21,24,27,28,29,32,38,43,47,56,64,72]",4,24574,1138,0.0463091071864572,11
"[0,1,2,3,4,5,6,7,8,9,10,11,12,13,14,15,16,17,18,19,20,21,24,27,28,29,32,38,43,47,56,64,72]",5,24574,895,0.0364206071457638,11
"[0,1,2,3,4,5,6,7,8,9,10,11,12,13,14,15,16,17,18,19,20,21,24,27,28,29,32,38,43,47,56,64,72]",6,24574,661,0.0268983478473183,11
"[0,1,2,3,4,5,6,7,8,9,10,11,12,13,14,15,16,17,18,19,20,21,24,27,28,29,32,38,43,47,56,64,72]",7,24574,4736,0.192724017254008,11
"[0,1,2,3,4,5,6,7,8,9,10,11,12,13,14,15,16,17,18,19,20,21,24,27,28,29,32,38,43,47,56,64,72]",8,24574,762,0.0310083828436559,11
"[0,1,2,3,4,5,6,7,8,9,10,11,12,13,14,15,16,17,18,19,20,21,24,27,28,29,32,38,43,47,56,64,72]",9,24574,1079,0.0439081956539432,11
"[0,1,2,3,4,5,6,7,8,9,10,11,12,13,14,15,16,17,18,19,20,21,24,27,28,29,32,38,43,47,56,64,72]",10,24574,1129,0.0459428664442093,11
"[0,1,2,3,4,5,6,7,8,9,10,11,12,13,14,15,16,17,18,19,20,21,24,27,28,29,32,38,43,47,56,64,72]",11,24574,1332,0.0542036298526898,11
"[0,1,2,3,4,5,6,7,8,9,10,11,12,13,14,15,16,17,18,19,20,21,24,27,28,29,32,38,43,47,56,64,72]",12,24574,419,0.0170505412224302,11
"[0,1,2,3,4,5,6,7,8,9,10,11,12,13,14,15,16,17,18,19,20,21,24,27,28,29,32,38,43,47,56,64,72]",13,24574,1298,0.0528200537153089,11
"[0,1,2,3,4,5,6,7,8,9,10,11,12,13,14,15,16,17,18,19,20,21,24,27,28,29,32,38,43,47,56,64,72]",14,24574,570,0.0231952470090339,11
"[0,1,2,3,4,5,6,7,8,9,10,11,12,13,14,15,16,17,18,19,20,21,24,27,28,29,32,38,43,47,56,64,72]",15,24574,858,0.0349149507609669,11
"[0,1,2,3,4,5,6,7,8,9,10,11,12,13,14,15,16,17,18,19,20,21,24,27,28,29,32,38,43,47,56,64,72]",16,24574,129,0.00524945063888663,11
"[0,1,2,3,4,5,6,7,8,9,10,11,12,13,14,15,16,17,18,19,20,21,24,27,28,29,32,38,43,47,56,64,72]",17,24574,1180,0.0480182306502808,11
"[0,1,2,3,4,5,6,7,8,9,10,11,12,13,14,15,16,17,18,19,20,21,24,27,28,29,32,38,43,47,56,64,72]",18,24574,135,0.00549361113371856,11
"[0,1,2,3,4,5,6,7,8,9,10,11,12,13,14,15,16,17,18,19,20,21,24,27,28,29,32,38,43,47,56,64,72]",19,24574,296,0.0120452510783755,11
"[0,1,2,3,4,5,6,7,8,9,10,11,12,13,14,15,16,17,18,19,20,21,24,27,28,29,32,38,43,47,56,64,72]",20,24574,619,0.0251892243834947,11
"[0,1,2,3,4,5,6,7,8,9,10,11,12,13,14,15,16,17,18,19,20,21,24,27,28,29,32,38,43,47,56,64,72]",21,24574,364,0.0148124033531375,11
"[0,1,2,3,4,5,6,7,8,9,10,11,12,13,14,15,16,17,18,19,20,21,24,27,28,29,32,38,43,47,56,64,72]",24,24574,392,0.0159518189956865,11
"[0,1,2,3,4,5,6,7,8,9,10,11,12,13,14,15,16,17,18,19,20,21,24,27,28,29,32,38,43,47,56,64,72]",27,24574,245,0.00996988687230406,11
"[0,1,2,3,4,5,6,7,8,9,10,11,12,13,14,15,16,17,18,19,20,21,24,27,28,29,32,38,43,47,56,64,72]",28,24574,220,0.00895255147717099,11
"[0,1,2,3,4,5,6,7,8,9,10,11,12,13,14,15,16,17,18,19,20,21,24,27,28,29,32,38,43,47,56,64,72]",29,24574,319,0.0129811996418979,11
"[0,1,2,3,4,5,6,7,8,9,10,11,12,13,14,15,16,17,18,19,20,21,24,27,28,29,32,38,43,47,56,64,72]",32,24574,262,0.0106616749409945,11
"[0,1,2,3,4,5,6,7,8,9,10,11,12,13,14,15,16,17,18,19,20,21,24,27,28,29,32,38,43,47,56,64,72]",38,24574,1061,0.0431757141694474,11
"[0,1,2,3,4,5,6,7,8,9,10,11,12,13,14,15,16,17,18,19,20,21,24,27,28,29,32,38,43,47,56,64,72]",43,24574,321,0.0130625864735086,11
"[0,1,2,3,4,5,6,7,8,9,10,11,12,13,14,15,16,17,18,19,20,21,24,27,28,29,32,38,43,47,56,64,72]",47,24574,826,0.0336127614551966,11
"[0,1,2,3,4,5,6,7,8,9,10,11,12,13,14,15,16,17,18,19,20,21,24,27,28,29,32,38,43,47,56,64,72]",56,24574,128,0.00520875722308131,11
"[0,1,2,3,4,5,6,7,8,9,10,11,12,13,14,15,16,17,18,19,20,21,24,27,28,29,32,38,43,47,56,64,72]",64,24574,133,0.00541222430210792,11
"[0,1,2,3,4,5,6,7,8,9,10,11,12,13,14,15,16,17,18,19,20,21,24,27,28,29,32,38,43,47,56,64,72]",72,24574,155,0.00630747944982502,11
"[0,1,2,3,4,5,6,7,8,9,10,11,12,13,14,15,16,17,18,19,20,21,24,27,28,29,32,38,43,47,56,89]",0,1393,19,0.0136396267049533,1
"[0,1,2,3,4,5,6,7,8,9,10,11,12,13,14,15,16,17,18,19,20,21,24,27,28,29,32,38,43,47,56,89]",1,1393,91,0.0653266331658292,1
"[0,1,2,3,4,5,6,7,8,9,10,11,12,13,14,15,16,17,18,19,20,21,24,27,28,29,32,38,43,47,56,89]",2,1393,53,0.0380473797559225,1
"[0,1,2,3,4,5,6,7,8,9,10,11,12,13,14,15,16,17,18,19,20,21,24,27,28,29,32,38,43,47,56,89]",3,1393,11,0.00789662598707825,1
"[0,1,2,3,4,5,6,7,8,9,10,11,12,13,14,15,16,17,18,19,20,21,24,27,28,29,32,38,43,47,56,89]",4,1393,46,0.0330222541277818,1
"[0,1,2,3,4,5,6,7,8,9,10,11,12,13,14,15,16,17,18,19,20,21,24,27,28,29,32,38,43,47,56,89]",5,1393,24,0.0172290021536253,1
"[0,1,2,3,4,5,6,7,8,9,10,11,12,13,14,15,16,17,18,19,20,21,24,27,28,29,32,38,43,47,56,89]",6,1393,14,0.0100502512562814,1
"[0,1,2,3,4,5,6,7,8,9,10,11,12,13,14,15,16,17,18,19,20,21,24,27,28,29,32,38,43,47,56,89]",7,1393,196,0.14070351758794,1
"[0,1,2,3,4,5,6,7,8,9,10,11,12,13,14,15,16,17,18,19,20,21,24,27,28,29,32,38,43,47,56,89]",8,1393,45,0.0323043790380474,1
"[0,1,2,3,4,5,6,7,8,9,10,11,12,13,14,15,16,17,18,19,20,21,24,27,28,29,32,38,43,47,56,89]",9,1393,42,0.0301507537688442,1
"[0,1,2,3,4,5,6,7,8,9,10,11,12,13,14,15,16,17,18,19,20,21,24,27,28,29,32,38,43,47,56,89]",10,1393,83,0.0595836324479541,1
"[0,1,2,3,4,5,6,7,8,9,10,11,12,13,14,15,16,17,18,19,20,21,24,27,28,29,32,38,43,47,56,89]",11,1393,65,0.0466618808327351,1
"[0,1,2,3,4,5,6,7,8,9,10,11,12,13,14,15,16,17,18,19,20,21,24,27,28,29,32,38,43,47,56,89]",12,1393,27,0.0193826274228284,1
"[0,1,2,3,4,5,6,7,8,9,10,11,12,13,14,15,16,17,18,19,20,21,24,27,28,29,32,38,43,47,56,89]",13,1393,47,0.0337401292175162,1
"[0,1,2,3,4,5,6,7,8,9,10,11,12,13,14,15,16,17,18,19,20,21,24,27,28,29,32,38,43,47,56,89]",14,1393,50,0.0358937544867193,1
"[0,1,2,3,4,5,6,7,8,9,10,11,12,13,14,15,16,17,18,19,20,21,24,27,28,29,32,38,43,47,56,89]",15,1393,47,0.0337401292175162,1
"[0,1,2,3,4,5,6,7,8,9,10,11,12,13,14,15,16,17,18,19,20,21,24,27,28,29,32,38,43,47,56,89]",16,1393,8,0.00574300071787509,1
"[0,1,2,3,4,5,6,7,8,9,10,11,12,13,14,15,16,17,18,19,20,21,24,27,28,29,32,38,43,47,56,89]",17,1393,79,0.0567121320890165,1
"[0,1,2,3,4,5,6,7,8,9,10,11,12,13,14,15,16,17,18,19,20,21,24,27,28,29,32,38,43,47,56,89]",18,1393,29,0.0208183776022972,1
"[0,1,2,3,4,5,6,7,8,9,10,11,12,13,14,15,16,17,18,19,20,21,24,27,28,29,32,38,43,47,56,89]",19,1393,46,0.0330222541277818,1
"[0,1,2,3,4,5,6,7,8,9,10,11,12,13,14,15,16,17,18,19,20,21,24,27,28,29,32,38,43,47,56,89]",20,1393,31,0.022254127781766,1
"[0,1,2,3,4,5,6,7,8,9,10,11,12,13,14,15,16,17,18,19,20,21,24,27,28,29,32,38,43,47,56,89]",21,1393,23,0.0165111270638909,1
"[0,1,2,3,4,5,6,7,8,9,10,11,12,13,14,15,16,17,18,19,20,21,24,27,28,29,32,38,43,47,56,89]",24,1393,71,0.0509691313711414,1
"[0,1,2,3,4,5,6,7,8,9,10,11,12,13,14,15,16,17,18,19,20,21,24,27,28,29,32,38,43,47,56,89]",27,1393,23,0.0165111270638909,1
"[0,1,2,3,4,5,6,7,8,9,10,11,12,13,14,15,16,17,18,19,20,21,24,27,28,29,32,38,43,47,56,89]",28,1393,9,0.00646087580760948,1
"[0,1,2,3,4,5,6,7,8,9,10,11,12,13,14,15,16,17,18,19,20,21,24,27,28,29,32,38,43,47,56,89]",29,1393,29,0.0208183776022972,1
"[0,1,2,3,4,5,6,7,8,9,10,11,12,13,14,15,16,17,18,19,20,21,24,27,28,29,32,38,43,47,56,89]",32,1393,23,0.0165111270638909,1
"[0,1,2,3,4,5,6,7,8,9,10,11,12,13,14,15,16,17,18,19,20,21,24,27,28,29,32,38,43,47,56,89]",38,1393,49,0.0351758793969849,1
"[0,1,2,3,4,5,6,7,8,9,10,11,12,13,14,15,16,17,18,19,20,21,24,27,28,29,32,38,43,47,56,89]",43,1393,38,0.0272792534099067,1
"[0,1,2,3,4,5,6,7,8,9,10,11,12,13,14,15,16,17,18,19,20,21,24,27,28,29,32,38,43,47,56,89]",47,1393,44,0.031586503948313,1
"[0,1,2,3,4,5,6,7,8,9,10,11,12,13,14,15,16,17,18,19,20,21,24,27,28,29,32,38,43,47,56,89]",56,1393,6,0.00430725053840632,1
"[0,1,2,3,4,5,6,7,8,9,10,11,12,13,14,15,16,17,18,19,20,21,24,27,28,29,32,38,43,47,56,89]",89,1393,25,0.0179468772433597,1
"[0,1,2,3,4,5,6,7,8,9,10,11,12,13,14,15,16,17,18,19,20,21,24,27,28,29,32,38,43,47,60,64,72,87]",0,3490,36,0.0103151862464183,2
"[0,1,2,3,4,5,6,7,8,9,10,11,12,13,14,15,16,17,18,19,20,21,24,27,28,29,32,38,43,47,60,64,72,87]",1,3490,139,0.0398280802292264,2
"[0,1,2,3,4,5,6,7,8,9,10,11,12,13,14,15,16,17,18,19,20,21,24,27,28,29,32,38,43,47,60,64,72,87]",2,3490,152,0.0435530085959885,2
"[0,1,2,3,4,5,6,7,8,9,10,11,12,13,14,15,16,17,18,19,20,21,24,27,28,29,32,38,43,47,60,64,72,87]",3,3490,34,0.00974212034383954,2
"[0,1,2,3,4,5,6,7,8,9,10,11,12,13,14,15,16,17,18,19,20,21,24,27,28,29,32,38,43,47,60,64,72,87]",4,3490,100,0.0286532951289398,2
"[0,1,2,3,4,5,6,7,8,9,10,11,12,13,14,15,16,17,18,19,20,21,24,27,28,29,32,38,43,47,60,64,72,87]",5,3490,55,0.0157593123209169,2
"[0,1,2,3,4,5,6,7,8,9,10,11,12,13,14,15,16,17,18,19,20,21,24,27,28,29,32,38,43,47,60,64,72,87]",6,3490,167,0.0478510028653295,2
"[0,1,2,3,4,5,6,7,8,9,10,11,12,13,14,15,16,17,18,19,20,21,24,27,28,29,32,38,43,47,60,64,72,87]",7,3490,355,0.101719197707736,2
"[0,1,2,3,4,5,6,7,8,9,10,11,12,13,14,15,16,17,18,19,20,21,24,27,28,29,32,38,43,47,60,64,72,87]",8,3490,71,0.0203438395415473,2
"[0,1,2,3,4,5,6,7,8,9,10,11,12,13,14,15,16,17,18,19,20,21,24,27,28,29,32,38,43,47,60,64,72,87]",9,3490,117,0.0335243553008596,2
"[0,1,2,3,4,5,6,7,8,9,10,11,12,13,14,15,16,17,18,19,20,21,24,27,28,29,32,38,43,47,60,64,72,87]",10,3490,109,0.0312320916905444,2
"[0,1,2,3,4,5,6,7,8,9,10,11,12,13,14,15,16,17,18,19,20,21,24,27,28,29,32,38,43,47,60,64,72,87]",11,3490,148,0.0424068767908309,2
"[0,1,2,3,4,5,6,7,8,9,10,11,12,13,14,15,16,17,18,19,20,21,24,27,28,29,32,38,43,47,60,64,72,87]",12,3490,89,0.0255014326647564,2
"[0,1,2,3,4,5,6,7,8,9,10,11,12,13,14,15,16,17,18,19,20,21,24,27,28,29,32,38,43,47,60,64,72,87]",13,3490,119,0.0340974212034384,2
"[0,1,2,3,4,5,6,7,8,9,10,11,12,13,14,15,16,17,18,19,20,21,24,27,28,29,32,38,43,47,60,64,72,87]",14,3490,93,0.026647564469914,2
"[0,1,2,3,4,5,6,7,8,9,10,11,12,13,14,15,16,17,18,19,20,21,24,27,28,29,32,38,43,47,60,64,72,87]",15,3490,74,0.0212034383954155,2
"[0,1,2,3,4,5,6,7,8,9,10,11,12,13,14,15,16,17,18,19,20,21,24,27,28,29,32,38,43,47,60,64,72,87]",16,3490,29,0.00830945558739255,2
"[0,1,2,3,4,5,6,7,8,9,10,11,12,13,14,15,16,17,18,19,20,21,24,27,28,29,32,38,43,47,60,64,72,87]",17,3490,112,0.0320916905444126,2
"[0,1,2,3,4,5,6,7,8,9,10,11,12,13,14,15,16,17,18,19,20,21,24,27,28,29,32,38,43,47,60,64,72,87]",18,3490,17,0.00487106017191977,2
"[0,1,2,3,4,5,6,7,8,9,10,11,12,13,14,15,16,17,18,19,20,21,24,27,28,29,32,38,43,47,60,64,72,87]",19,3490,55,0.0157593123209169,2
"[0,1,2,3,4,5,6,7,8,9,10,11,12,13,14,15,16,17,18,19,20,21,24,27,28,29,32,38,43,47,60,64,72,87]",20,3490,112,0.0320916905444126,2
"[0,1,2,3,4,5,6,7,8,9,10,11,12,13,14,15,16,17,18,19,20,21,24,27,28,29,32,38,43,47,60,64,72,87]",21,3490,36,0.0103151862464183,2
"[0,1,2,3,4,5,6,7,8,9,10,11,12,13,14,15,16,17,18,19,20,21,24,27,28,29,32,38,43,47,60,64,72,87]",24,3490,66,0.0189111747851003,2
"[0,1,2,3,4,5,6,7,8,9,10,11,12,13,14,15,16,17,18,19,20,21,24,27,28,29,32,38,43,47,60,64,72,87]",27,3490,83,0.0237822349570201,2
"[0,1,2,3,4,5,6,7,8,9,10,11,12,13,14,15,16,17,18,19,20,21,24,27,28,29,32,38,43,47,60,64,72,87]",28,3490,56,0.0160458452722063,2
"[0,1,2,3,4,5,6,7,8,9,10,11,12,13,14,15,16,17,18,19,20,21,24,27,28,29,32,38,43,47,60,64,72,87]",29,3490,70,0.0200573065902579,2
"[0,1,2,3,4,5,6,7,8,9,10,11,12,13,14,15,16,17,18,19,20,21,24,27,28,29,32,38,43,47,60,64,72,87]",32,3490,105,0.0300859598853868,2
"[0,1,2,3,4,5,6,7,8,9,10,11,12,13,14,15,16,17,18,19,20,21,24,27,28,29,32,38,43,47,60,64,72,87]",38,3490,40,0.0114613180515759,2
"[0,1,2,3,4,5,6,7,8,9,10,11,12,13,14,15,16,17,18,19,20,21,24,27,28,29,32,38,43,47,60,64,72,87]",43,3490,62,0.0177650429799427,2
"[0,1,2,3,4,5,6,7,8,9,10,11,12,13,14,15,16,17,18,19,20,21,24,27,28,29,32,38,43,47,60,64,72,87]",47,3490,39,0.0111747851002865,2
"[0,1,2,3,4,5,6,7,8,9,10,11,12,13,14,15,16,17,18,19,20,21,24,27,28,29,32,38,43,47,60,64,72,87]",60,3490,106,0.0303724928366762,2
"[0,1,2,3,4,5,6,7,8,9,10,11,12,13,14,15,16,17,18,19,20,21,24,27,28,29,32,38,43,47,60,64,72,87]",64,3490,37,0.0106017191977077,2
"[0,1,2,3,4,5,6,7,8,9,10,11,12,13,14,15,16,17,18,19,20,21,24,27,28,29,32,38,43,47,60,64,72,87]",72,3490,574,0.164469914040115,2
"[0,1,2,3,4,5,6,7,8,9,10,11,12,13,14,15,16,17,18,19,20,21,24,27,28,29,32,38,43,47,60,64,72,87]",87,3490,33,0.00945558739255014,2
"[0,1,2,3,4,5,6,7,8,9,10,11,12,13,14,15,16,17,18,19,20,21,24,27,28,29,32,38,43,47,62,64,72,87]",0,7022,117,0.0166619196810026,4
"[0,1,2,3,4,5,6,7,8,9,10,11,12,13,14,15,16,17,18,19,20,21,24,27,28,29,32,38,43,47,62,64,72,87]",1,7022,241,0.0343207063514668,4
"[0,1,2,3,4,5,6,7,8,9,10,11,12,13,14,15,16,17,18,19,20,21,24,27,28,29,32,38,43,47,62,64,72,87]",2,7022,276,0.0393050412987753,4
"[0,1,2,3,4,5,6,7,8,9,10,11,12,13,14,15,16,17,18,19,20,21,24,27,28,29,32,38,43,47,62,64,72,87]",3,7022,84,0.0119624038735403,4
"[0,1,2,3,4,5,6,7,8,9,10,11,12,13,14,15,16,17,18,19,20,21,24,27,28,29,32,38,43,47,62,64,72,87]",4,7022,292,0.0415835944175449,4
"[0,1,2,3,4,5,6,7,8,9,10,11,12,13,14,15,16,17,18,19,20,21,24,27,28,29,32,38,43,47,62,64,72,87]",5,7022,228,0.0324693819424665,4
"[0,1,2,3,4,5,6,7,8,9,10,11,12,13,14,15,16,17,18,19,20,21,24,27,28,29,32,38,43,47,62,64,72,87]",6,7022,103,0.0146681857020792,4
"[0,1,2,3,4,5,6,7,8,9,10,11,12,13,14,15,16,17,18,19,20,21,24,27,28,29,32,38,43,47,62,64,72,87]",7,7022,911,0.129735118199943,4
"[0,1,2,3,4,5,6,7,8,9,10,11,12,13,14,15,16,17,18,19,20,21,24,27,28,29,32,38,43,47,62,64,72,87]",8,7022,123,0.0175163771005412,4
"[0,1,2,3,4,5,6,7,8,9,10,11,12,13,14,15,16,17,18,19,20,21,24,27,28,29,32,38,43,47,62,64,72,87]",9,7022,173,0.0246368555966961,4
"[0,1,2,3,4,5,6,7,8,9,10,11,12,13,14,15,16,17,18,19,20,21,24,27,28,29,32,38,43,47,62,64,72,87]",10,7022,247,0.0351751637710054,4
"[0,1,2,3,4,5,6,7,8,9,10,11,12,13,14,15,16,17,18,19,20,21,24,27,28,29,32,38,43,47,62,64,72,87]",11,7022,407,0.0579606949587012,4
"[0,1,2,3,4,5,6,7,8,9,10,11,12,13,14,15,16,17,18,19,20,21,24,27,28,29,32,38,43,47,62,64,72,87]",12,7022,174,0.0247792651666192,4
"[0,1,2,3,4,5,6,7,8,9,10,11,12,13,14,15,16,17,18,19,20,21,24,27,28,29,32,38,43,47,62,64,72,87]",13,7022,312,0.0444317858160068,4
"[0,1,2,3,4,5,6,7,8,9,10,11,12,13,14,15,16,17,18,19,20,21,24,27,28,29,32,38,43,47,62,64,72,87]",14,7022,182,0.025918541726004,4
"[0,1,2,3,4,5,6,7,8,9,10,11,12,13,14,15,16,17,18,19,20,21,24,27,28,29,32,38,43,47,62,64,72,87]",15,7022,223,0.031757334092851,4
"[0,1,2,3,4,5,6,7,8,9,10,11,12,13,14,15,16,17,18,19,20,21,24,27,28,29,32,38,43,47,62,64,72,87]",16,7022,49,0.00697806892623184,4
"[0,1,2,3,4,5,6,7,8,9,10,11,12,13,14,15,16,17,18,19,20,21,24,27,28,29,32,38,43,47,62,64,72,87]",17,7022,289,0.0411563657077756,4
"[0,1,2,3,4,5,6,7,8,9,10,11,12,13,14,15,16,17,18,19,20,21,24,27,28,29,32,38,43,47,62,64,72,87]",18,7022,80,0.0113927655938479,4
"[0,1,2,3,4,5,6,7,8,9,10,11,12,13,14,15,16,17,18,19,20,21,24,27,28,29,32,38,43,47,62,64,72,87]",19,7022,171,0.0243520364568499,4
"[0,1,2,3,4,5,6,7,8,9,10,11,12,13,14,15,16,17,18,19,20,21,24,27,28,29,32,38,43,47,62,64,72,87]",20,7022,148,0.0210766163486186,4
"[0,1,2,3,4,5,6,7,8,9,10,11,12,13,14,15,16,17,18,19,20,21,24,27,28,29,32,38,43,47,62,64,72,87]",21,7022,79,0.0112503560239248,4
"[0,1,2,3,4,5,6,7,8,9,10,11,12,13,14,15,16,17,18,19,20,21,24,27,28,29,32,38,43,47,62,64,72,87]",24,7022,129,0.0183708345200797,4
"[0,1,2,3,4,5,6,7,8,9,10,11,12,13,14,15,16,17,18,19,20,21,24,27,28,29,32,38,43,47,62,64,72,87]",27,7022,164,0.0233551694673882,4
"[0,1,2,3,4,5,6,7,8,9,10,11,12,13,14,15,16,17,18,19,20,21,24,27,28,29,32,38,43,47,62,64,72,87]",28,7022,43,0.00612361150669325,4
"[0,1,2,3,4,5,6,7,8,9,10,11,12,13,14,15,16,17,18,19,20,21,24,27,28,29,32,38,43,47,62,64,72,87]",29,7022,193,0.0274850469951581,4
"[0,1,2,3,4,5,6,7,8,9,10,11,12,13,14,15,16,17,18,19,20,21,24,27,28,29,32,38,43,47,62,64,72,87]",32,7022,163,0.0232127598974651,4
"[0,1,2,3,4,5,6,7,8,9,10,11,12,13,14,15,16,17,18,19,20,21,24,27,28,29,32,38,43,47,62,64,72,87]",38,7022,424,0.0603816576473939,4
"[0,1,2,3,4,5,6,7,8,9,10,11,12,13,14,15,16,17,18,19,20,21,24,27,28,29,32,38,43,47,62,64,72,87]",43,7022,116,0.0165195101110795,4
"[0,1,2,3,4,5,6,7,8,9,10,11,12,13,14,15,16,17,18,19,20,21,24,27,28,29,32,38,43,47,62,64,72,87]",47,7022,301,0.0428652805468527,4
"[0,1,2,3,4,5,6,7,8,9,10,11,12,13,14,15,16,17,18,19,20,21,24,27,28,29,32,38,43,47,62,64,72,87]",62,7022,63,0.00897180290515523,4
"[0,1,2,3,4,5,6,7,8,9,10,11,12,13,14,15,16,17,18,19,20,21,24,27,28,29,32,38,43,47,62,64,72,87]",64,7022,73,0.0103958986043862,4
"[0,1,2,3,4,5,6,7,8,9,10,11,12,13,14,15,16,17,18,19,20,21,24,27,28,29,32,38,43,47,62,64,72,87]",72,7022,379,0.0539732270008545,4
"[0,1,2,3,4,5,6,7,8,9,10,11,12,13,14,15,16,17,18,19,20,21,24,27,28,29,32,38,43,47,62,64,72,87]",87,7022,65,0.00925662204500142,4
"[0,1,2,3,4,5,6,7,8,9,10,11,12,13,14,15,16,17,18,19,20,21,24,27,28,29,32,38,43,47,64,72,87]",0,13100,126,0.00961832061068702,6
"[0,1,2,3,4,5,6,7,8,9,10,11,12,13,14,15,16,17,18,19,20,21,24,27,28,29,32,38,43,47,64,72,87]",1,13100,1768,0.134961832061069,6
"[0,1,2,3,4,5,6,7,8,9,10,11,12,13,14,15,16,17,18,19,20,21,24,27,28,29,32,38,43,47,64,72,87]",2,13100,388,0.029618320610687,6
"[0,1,2,3,4,5,6,7,8,9,10,11,12,13,14,15,16,17,18,19,20,21,24,27,28,29,32,38,43,47,64,72,87]",3,13100,88,0.0067175572519084,6
"[0,1,2,3,4,5,6,7,8,9,10,11,12,13,14,15,16,17,18,19,20,21,24,27,28,29,32,38,43,47,64,72,87]",4,13100,796,0.060763358778626,6
"[0,1,2,3,4,5,6,7,8,9,10,11,12,13,14,15,16,17,18,19,20,21,24,27,28,29,32,38,43,47,64,72,87]",5,13100,547,0.0417557251908397,6
"[0,1,2,3,4,5,6,7,8,9,10,11,12,13,14,15,16,17,18,19,20,21,24,27,28,29,32,38,43,47,64,72,87]",6,13100,316,0.0241221374045802,6
"[0,1,2,3,4,5,6,7,8,9,10,11,12,13,14,15,16,17,18,19,20,21,24,27,28,29,32,38,43,47,64,72,87]",7,13100,1572,0.12,6
"[0,1,2,3,4,5,6,7,8,9,10,11,12,13,14,15,16,17,18,19,20,21,24,27,28,29,32,38,43,47,64,72,87]",8,13100,854,0.0651908396946565,6
"[0,1,2,3,4,5,6,7,8,9,10,11,12,13,14,15,16,17,18,19,20,21,24,27,28,29,32,38,43,47,64,72,87]",9,13100,383,0.029236641221374,6
"[0,1,2,3,4,5,6,7,8,9,10,11,12,13,14,15,16,17,18,19,20,21,24,27,28,29,32,38,43,47,64,72,87]",10,13100,377,0.0287786259541985,6
"[0,1,2,3,4,5,6,7,8,9,10,11,12,13,14,15,16,17,18,19,20,21,24,27,28,29,32,38,43,47,64,72,87]",11,13100,665,0.050763358778626,6
"[0,1,2,3,4,5,6,7,8,9,10,11,12,13,14,15,16,17,18,19,20,21,24,27,28,29,32,38,43,47,64,72,87]",12,13100,244,0.0186259541984733,6
"[0,1,2,3,4,5,6,7,8,9,10,11,12,13,14,15,16,17,18,19,20,21,24,27,28,29,32,38,43,47,64,72,87]",13,13100,548,0.0418320610687023,6
"[0,1,2,3,4,5,6,7,8,9,10,11,12,13,14,15,16,17,18,19,20,21,24,27,28,29,32,38,43,47,64,72,87]",14,13100,247,0.0188549618320611,6
"[0,1,2,3,4,5,6,7,8,9,10,11,12,13,14,15,16,17,18,19,20,21,24,27,28,29,32,38,43,47,64,72,87]",15,13100,577,0.0440458015267176,6
"[0,1,2,3,4,5,6,7,8,9,10,11,12,13,14,15,16,17,18,19,20,21,24,27,28,29,32,38,43,47,64,72,87]",16,13100,58,0.00442748091603053,6
"[0,1,2,3,4,5,6,7,8,9,10,11,12,13,14,15,16,17,18,19,20,21,24,27,28,29,32,38,43,47,64,72,87]",17,13100,287,0.0219083969465649,6
"[0,1,2,3,4,5,6,7,8,9,10,11,12,13,14,15,16,17,18,19,20,21,24,27,28,29,32,38,43,47,64,72,87]",18,13100,110,0.0083969465648855,6
"[0,1,2,3,4,5,6,7,8,9,10,11,12,13,14,15,16,17,18,19,20,21,24,27,28,29,32,38,43,47,64,72,87]",19,13100,203,0.0154961832061069,6
"[0,1,2,3,4,5,6,7,8,9,10,11,12,13,14,15,16,17,18,19,20,21,24,27,28,29,32,38,43,47,64,72,87]",20,13100,282,0.0215267175572519,6
"[0,1,2,3,4,5,6,7,8,9,10,11,12,13,14,15,16,17,18,19,20,21,24,27,28,29,32,38,43,47,64,72,87]",21,13100,107,0.00816793893129771,6
"[0,1,2,3,4,5,6,7,8,9,10,11,12,13,14,15,16,17,18,19,20,21,24,27,28,29,32,38,43,47,64,72,87]",24,13100,498,0.0380152671755725,6
"[0,1,2,3,4,5,6,7,8,9,10,11,12,13,14,15,16,17,18,19,20,21,24,27,28,29,32,38,43,47,64,72,87]",27,13100,210,0.016030534351145,6
"[0,1,2,3,4,5,6,7,8,9,10,11,12,13,14,15,16,17,18,19,20,21,24,27,28,29,32,38,43,47,64,72,87]",28,13100,110,0.0083969465648855,6
"[0,1,2,3,4,5,6,7,8,9,10,11,12,13,14,15,16,17,18,19,20,21,24,27,28,29,32,38,43,47,64,72,87]",29,13100,190,0.0145038167938931,6
"[0,1,2,3,4,5,6,7,8,9,10,11,12,13,14,15,16,17,18,19,20,21,24,27,28,29,32,38,43,47,64,72,87]",32,13100,207,0.0158015267175573,6
"[0,1,2,3,4,5,6,7,8,9,10,11,12,13,14,15,16,17,18,19,20,21,24,27,28,29,32,38,43,47,64,72,87]",38,13100,531,0.0405343511450382,6
"[0,1,2,3,4,5,6,7,8,9,10,11,12,13,14,15,16,17,18,19,20,21,24,27,28,29,32,38,43,47,64,72,87]",43,13100,186,0.0141984732824427,6
"[0,1,2,3,4,5,6,7,8,9,10,11,12,13,14,15,16,17,18,19,20,21,24,27,28,29,32,38,43,47,64,72,87]",47,13100,353,0.0269465648854962,6
"[0,1,2,3,4,5,6,7,8,9,10,11,12,13,14,15,16,17,18,19,20,21,24,27,28,29,32,38,43,47,64,72,87]",64,13100,109,0.0083206106870229,6
"[0,1,2,3,4,5,6,7,8,9,10,11,12,13,14,15,16,17,18,19,20,21,24,27,28,29,32,38,43,47,64,72,87]",72,13100,90,0.00687022900763359,6
"[0,1,2,3,4,5,6,7,8,9,10,11,12,13,14,15,16,17,18,19,20,21,24,27,28,29,32,38,43,47,64,72,87]",87,13100,73,0.00557251908396947,6
"[0,1,2,3,4,5,6,7,8,9,10,11,12,13,14,15,16,17,18,19,20,21,24,27,28,29,32,38,43,47,64,72]",0,4325,36,0.00832369942196532,2
"[0,1,2,3,4,5,6,7,8,9,10,11,12,13,14,15,16,17,18,19,20,21,24,27,28,29,32,38,43,47,64,72]",1,4325,847,0.195838150289017,2
"[0,1,2,3,4,5,6,7,8,9,10,11,12,13,14,15,16,17,18,19,20,21,24,27,28,29,32,38,43,47,64,72]",2,4325,181,0.041849710982659,2
"[0,1,2,3,4,5,6,7,8,9,10,11,12,13,14,15,16,17,18,19,20,21,24,27,28,29,32,38,43,47,64,72]",3,4325,45,0.0104046242774566,2
"[0,1,2,3,4,5,6,7,8,9,10,11,12,13,14,15,16,17,18,19,20,21,24,27,28,29,32,38,43,47,64,72]",4,4325,78,0.0180346820809249,2
"[0,1,2,3,4,5,6,7,8,9,10,11,12,13,14,15,16,17,18,19,20,21,24,27,28,29,32,38,43,47,64,72]",5,4325,44,0.0101734104046243,2
"[0,1,2,3,4,5,6,7,8,9,10,11,12,13,14,15,16,17,18,19,20,21,24,27,28,29,32,38,43,47,64,72]",6,4325,28,0.00647398843930636,2
"[0,1,2,3,4,5,6,7,8,9,10,11,12,13,14,15,16,17,18,19,20,21,24,27,28,29,32,38,43,47,64,72]",7,4325,313,0.0723699421965318,2
"[0,1,2,3,4,5,6,7,8,9,10,11,12,13,14,15,16,17,18,19,20,21,24,27,28,29,32,38,43,47,64,72]",8,4325,380,0.0878612716763006,2
"[0,1,2,3,4,5,6,7,8,9,10,11,12,13,14,15,16,17,18,19,20,21,24,27,28,29,32,38,43,47,64,72]",9,4325,86,0.0198843930635838,2
"[0,1,2,3,4,5,6,7,8,9,10,11,12,13,14,15,16,17,18,19,20,21,24,27,28,29,32,38,43,47,64,72]",10,4325,82,0.0189595375722543,2
"[0,1,2,3,4,5,6,7,8,9,10,11,12,13,14,15,16,17,18,19,20,21,24,27,28,29,32,38,43,47,64,72]",11,4325,130,0.0300578034682081,2
"[0,1,2,3,4,5,6,7,8,9,10,11,12,13,14,15,16,17,18,19,20,21,24,27,28,29,32,38,43,47,64,72]",12,4325,76,0.0175722543352601,2
"[0,1,2,3,4,5,6,7,8,9,10,11,12,13,14,15,16,17,18,19,20,21,24,27,28,29,32,38,43,47,64,72]",13,4325,103,0.0238150289017341,2
"[0,1,2,3,4,5,6,7,8,9,10,11,12,13,14,15,16,17,18,19,20,21,24,27,28,29,32,38,43,47,64,72]",14,4325,65,0.015028901734104,2
"[0,1,2,3,4,5,6,7,8,9,10,11,12,13,14,15,16,17,18,19,20,21,24,27,28,29,32,38,43,47,64,72]",15,4325,67,0.0154913294797688,2
"[0,1,2,3,4,5,6,7,8,9,10,11,12,13,14,15,16,17,18,19,20,21,24,27,28,29,32,38,43,47,64,72]",16,4325,21,0.00485549132947977,2
"[0,1,2,3,4,5,6,7,8,9,10,11,12,13,14,15,16,17,18,19,20,21,24,27,28,29,32,38,43,47,64,72]",17,4325,83,0.0191907514450867,2
"[0,1,2,3,4,5,6,7,8,9,10,11,12,13,14,15,16,17,18,19,20,21,24,27,28,29,32,38,43,47,64,72]",18,4325,193,0.0446242774566474,2
"[0,1,2,3,4,5,6,7,8,9,10,11,12,13,14,15,16,17,18,19,20,21,24,27,28,29,32,38,43,47,64,72]",19,4325,387,0.0894797687861272,2
"[0,1,2,3,4,5,6,7,8,9,10,11,12,13,14,15,16,17,18,19,20,21,24,27,28,29,32,38,43,47,64,72]",20,4325,107,0.0247398843930636,2
"[0,1,2,3,4,5,6,7,8,9,10,11,12,13,14,15,16,17,18,19,20,21,24,27,28,29,32,38,43,47,64,72]",21,4325,30,0.0069364161849711,2
"[0,1,2,3,4,5,6,7,8,9,10,11,12,13,14,15,16,17,18,19,20,21,24,27,28,29,32,38,43,47,64,72]",24,4325,284,0.0656647398843931,2
"[0,1,2,3,4,5,6,7,8,9,10,11,12,13,14,15,16,17,18,19,20,21,24,27,28,29,32,38,43,47,64,72]",27,4325,54,0.012485549132948,2
"[0,1,2,3,4,5,6,7,8,9,10,11,12,13,14,15,16,17,18,19,20,21,24,27,28,29,32,38,43,47,64,72]",28,4325,73,0.016878612716763,2
"[0,1,2,3,4,5,6,7,8,9,10,11,12,13,14,15,16,17,18,19,20,21,24,27,28,29,32,38,43,47,64,72]",29,4325,61,0.0141040462427746,2
"[0,1,2,3,4,5,6,7,8,9,10,11,12,13,14,15,16,17,18,19,20,21,24,27,28,29,32,38,43,47,64,72]",32,4325,71,0.0164161849710983,2
"[0,1,2,3,4,5,6,7,8,9,10,11,12,13,14,15,16,17,18,19,20,21,24,27,28,29,32,38,43,47,64,72]",38,4325,44,0.0101734104046243,2
"[0,1,2,3,4,5,6,7,8,9,10,11,12,13,14,15,16,17,18,19,20,21,24,27,28,29,32,38,43,47,64,72]",43,4325,65,0.015028901734104,2
"[0,1,2,3,4,5,6,7,8,9,10,11,12,13,14,15,16,17,18,19,20,21,24,27,28,29,32,38,43,47,64,72]",47,4325,23,0.00531791907514451,2
"[0,1,2,3,4,5,6,7,8,9,10,11,12,13,14,15,16,17,18,19,20,21,24,27,28,29,32,38,43,47,64,72]",64,4325,30,0.0069364161849711,2
"[0,1,2,3,4,5,6,7,8,9,10,11,12,13,14,15,16,17,18,19,20,21,24,27,28,29,32,38,43,47,64,72]",72,4325,238,0.055028901734104,2
"[0,1,2,3,4,5,6,7,8,9,10,11,12,13,14,15,16,17,18,19,20,21,24,27,28,29,32,44,45,50,109]",0,5137,34,0.00661864901693596,1
"[0,1,2,3,4,5,6,7,8,9,10,11,12,13,14,15,16,17,18,19,20,21,24,27,28,29,32,44,45,50,109]",1,5137,48,0.00934397508273311,1
"[0,1,2,3,4,5,6,7,8,9,10,11,12,13,14,15,16,17,18,19,20,21,24,27,28,29,32,44,45,50,109]",2,5137,49,0.00953864123029005,1
"[0,1,2,3,4,5,6,7,8,9,10,11,12,13,14,15,16,17,18,19,20,21,24,27,28,29,32,44,45,50,109]",3,5137,31,0.00603465057426514,1
"[0,1,2,3,4,5,6,7,8,9,10,11,12,13,14,15,16,17,18,19,20,21,24,27,28,29,32,44,45,50,109]",4,5137,128,0.0249172668872883,1
"[0,1,2,3,4,5,6,7,8,9,10,11,12,13,14,15,16,17,18,19,20,21,24,27,28,29,32,44,45,50,109]",5,5137,75,0.0145999610667705,1
"[0,1,2,3,4,5,6,7,8,9,10,11,12,13,14,15,16,17,18,19,20,21,24,27,28,29,32,44,45,50,109]",6,5137,13,0.00253065991824022,1
"[0,1,2,3,4,5,6,7,8,9,10,11,12,13,14,15,16,17,18,19,20,21,24,27,28,29,32,44,45,50,109]",7,5137,1357,0.264161962234767,1
"[0,1,2,3,4,5,6,7,8,9,10,11,12,13,14,15,16,17,18,19,20,21,24,27,28,29,32,44,45,50,109]",8,5137,32,0.00622931672182208,1
"[0,1,2,3,4,5,6,7,8,9,10,11,12,13,14,15,16,17,18,19,20,21,24,27,28,29,32,44,45,50,109]",9,5137,677,0.131788981896048,1
"[0,1,2,3,4,5,6,7,8,9,10,11,12,13,14,15,16,17,18,19,20,21,24,27,28,29,32,44,45,50,109]",10,5137,672,0.130815651158264,1
"[0,1,2,3,4,5,6,7,8,9,10,11,12,13,14,15,16,17,18,19,20,21,24,27,28,29,32,44,45,50,109]",11,5137,705,0.137239634027643,1
"[0,1,2,3,4,5,6,7,8,9,10,11,12,13,14,15,16,17,18,19,20,21,24,27,28,29,32,44,45,50,109]",12,5137,21,0.00408798909869574,1
"[0,1,2,3,4,5,6,7,8,9,10,11,12,13,14,15,16,17,18,19,20,21,24,27,28,29,32,44,45,50,109]",13,5137,577,0.112322367140354,1
"[0,1,2,3,4,5,6,7,8,9,10,11,12,13,14,15,16,17,18,19,20,21,24,27,28,29,32,44,45,50,109]",14,5137,40,0.00778664590227759,1
"[0,1,2,3,4,5,6,7,8,9,10,11,12,13,14,15,16,17,18,19,20,21,24,27,28,29,32,44,45,50,109]",15,5137,63,0.0122639672960872,1
"[0,1,2,3,4,5,6,7,8,9,10,11,12,13,14,15,16,17,18,19,20,21,24,27,28,29,32,44,45,50,109]",16,5137,12,0.00233599377068328,1
"[0,1,2,3,4,5,6,7,8,9,10,11,12,13,14,15,16,17,18,19,20,21,24,27,28,29,32,44,45,50,109]",17,5137,182,0.0354292388553631,1
"[0,1,2,3,4,5,6,7,8,9,10,11,12,13,14,15,16,17,18,19,20,21,24,27,28,29,32,44,45,50,109]",18,5137,10,0.0019466614755694,1
"[0,1,2,3,4,5,6,7,8,9,10,11,12,13,14,15,16,17,18,19,20,21,24,27,28,29,32,44,45,50,109]",19,5137,28,0.00545065213159432,1
"[0,1,2,3,4,5,6,7,8,9,10,11,12,13,14,15,16,17,18,19,20,21,24,27,28,29,32,44,45,50,109]",20,5137,31,0.00603465057426514,1
"[0,1,2,3,4,5,6,7,8,9,10,11,12,13,14,15,16,17,18,19,20,21,24,27,28,29,32,44,45,50,109]",21,5137,13,0.00253065991824022,1
"[0,1,2,3,4,5,6,7,8,9,10,11,12,13,14,15,16,17,18,19,20,21,24,27,28,29,32,44,45,50,109]",24,5137,46,0.00895464278761923,1
"[0,1,2,3,4,5,6,7,8,9,10,11,12,13,14,15,16,17,18,19,20,21,24,27,28,29,32,44,45,50,109]",27,5137,53,0.0103173058205178,1
"[0,1,2,3,4,5,6,7,8,9,10,11,12,13,14,15,16,17,18,19,20,21,24,27,28,29,32,44,45,50,109]",28,5137,12,0.00233599377068328,1
"[0,1,2,3,4,5,6,7,8,9,10,11,12,13,14,15,16,17,18,19,20,21,24,27,28,29,32,44,45,50,109]",29,5137,42,0.00817597819739147,1
"[0,1,2,3,4,5,6,7,8,9,10,11,12,13,14,15,16,17,18,19,20,21,24,27,28,29,32,44,45,50,109]",32,5137,31,0.00603465057426514,1
"[0,1,2,3,4,5,6,7,8,9,10,11,12,13,14,15,16,17,18,19,20,21,24,27,28,29,32,44,45,50,109]",44,5137,16,0.00311465836091104,1
"[0,1,2,3,4,5,6,7,8,9,10,11,12,13,14,15,16,17,18,19,20,21,24,27,28,29,32,44,45,50,109]",45,5137,62,0.0120693011485303,1
"[0,1,2,3,4,5,6,7,8,9,10,11,12,13,14,15,16,17,18,19,20,21,24,27,28,29,32,44,45,50,109]",50,5137,76,0.0147946272143274,1
"[0,1,2,3,4,5,6,7,8,9,10,11,12,13,14,15,16,17,18,19,20,21,24,27,28,29,32,44,45,50,109]",109,5137,1,0.00019466614755694,1
"[0,1,2,3,4,5,6,7,8,9,10,11,12,13,14,15,16,17,18,19,20,21,24,27,28,29,32,44,45,50,62]",0,11488,97,0.00844359331476323,3
"[0,1,2,3,4,5,6,7,8,9,10,11,12,13,14,15,16,17,18,19,20,21,24,27,28,29,32,44,45,50,62]",1,11488,241,0.0209784122562674,3
"[0,1,2,3,4,5,6,7,8,9,10,11,12,13,14,15,16,17,18,19,20,21,24,27,28,29,32,44,45,50,62]",2,11488,149,0.0129700557103064,3
"[0,1,2,3,4,5,6,7,8,9,10,11,12,13,14,15,16,17,18,19,20,21,24,27,28,29,32,44,45,50,62]",3,11488,47,0.00409122562674095,3
"[0,1,2,3,4,5,6,7,8,9,10,11,12,13,14,15,16,17,18,19,20,21,24,27,28,29,32,44,45,50,62]",4,11488,317,0.0275940111420613,3
"[0,1,2,3,4,5,6,7,8,9,10,11,12,13,14,15,16,17,18,19,20,21,24,27,28,29,32,44,45,50,62]",5,11488,241,0.0209784122562674,3
"[0,1,2,3,4,5,6,7,8,9,10,11,12,13,14,15,16,17,18,19,20,21,24,27,28,29,32,44,45,50,62]",6,11488,1521,0.132399025069638,3
"[0,1,2,3,4,5,6,7,8,9,10,11,12,13,14,15,16,17,18,19,20,21,24,27,28,29,32,44,45,50,62]",7,11488,2752,0.239554317548747,3
"[0,1,2,3,4,5,6,7,8,9,10,11,12,13,14,15,16,17,18,19,20,21,24,27,28,29,32,44,45,50,62]",8,11488,140,0.0121866295264624,3
"[0,1,2,3,4,5,6,7,8,9,10,11,12,13,14,15,16,17,18,19,20,21,24,27,28,29,32,44,45,50,62]",9,11488,1076,0.0936629526462396,3
"[0,1,2,3,4,5,6,7,8,9,10,11,12,13,14,15,16,17,18,19,20,21,24,27,28,29,32,44,45,50,62]",10,11488,1384,0.120473537604457,3
"[0,1,2,3,4,5,6,7,8,9,10,11,12,13,14,15,16,17,18,19,20,21,24,27,28,29,32,44,45,50,62]",11,11488,732,0.0637186629526462,3
"[0,1,2,3,4,5,6,7,8,9,10,11,12,13,14,15,16,17,18,19,20,21,24,27,28,29,32,44,45,50,62]",12,11488,98,0.00853064066852368,3
"[0,1,2,3,4,5,6,7,8,9,10,11,12,13,14,15,16,17,18,19,20,21,24,27,28,29,32,44,45,50,62]",13,11488,786,0.0684192200557103,3
"[0,1,2,3,4,5,6,7,8,9,10,11,12,13,14,15,16,17,18,19,20,21,24,27,28,29,32,44,45,50,62]",14,11488,136,0.0118384401114206,3
"[0,1,2,3,4,5,6,7,8,9,10,11,12,13,14,15,16,17,18,19,20,21,24,27,28,29,32,44,45,50,62]",15,11488,204,0.0177576601671309,3
"[0,1,2,3,4,5,6,7,8,9,10,11,12,13,14,15,16,17,18,19,20,21,24,27,28,29,32,44,45,50,62]",16,11488,63,0.00548398328690808,3
"[0,1,2,3,4,5,6,7,8,9,10,11,12,13,14,15,16,17,18,19,20,21,24,27,28,29,32,44,45,50,62]",17,11488,84,0.00731197771587744,3
"[0,1,2,3,4,5,6,7,8,9,10,11,12,13,14,15,16,17,18,19,20,21,24,27,28,29,32,44,45,50,62]",18,11488,85,0.00739902506963788,3
"[0,1,2,3,4,5,6,7,8,9,10,11,12,13,14,15,16,17,18,19,20,21,24,27,28,29,32,44,45,50,62]",19,11488,95,0.00826949860724234,3
"[0,1,2,3,4,5,6,7,8,9,10,11,12,13,14,15,16,17,18,19,20,21,24,27,28,29,32,44,45,50,62]",20,11488,43,0.00374303621169916,3
"[0,1,2,3,4,5,6,7,8,9,10,11,12,13,14,15,16,17,18,19,20,21,24,27,28,29,32,44,45,50,62]",21,11488,24,0.0020891364902507,3
"[0,1,2,3,4,5,6,7,8,9,10,11,12,13,14,15,16,17,18,19,20,21,24,27,28,29,32,44,45,50,62]",24,11488,162,0.0141016713091922,3
"[0,1,2,3,4,5,6,7,8,9,10,11,12,13,14,15,16,17,18,19,20,21,24,27,28,29,32,44,45,50,62]",27,11488,118,0.0102715877437326,3
"[0,1,2,3,4,5,6,7,8,9,10,11,12,13,14,15,16,17,18,19,20,21,24,27,28,29,32,44,45,50,62]",28,11488,43,0.00374303621169916,3
"[0,1,2,3,4,5,6,7,8,9,10,11,12,13,14,15,16,17,18,19,20,21,24,27,28,29,32,44,45,50,62]",29,11488,148,0.012883008356546,3
"[0,1,2,3,4,5,6,7,8,9,10,11,12,13,14,15,16,17,18,19,20,21,24,27,28,29,32,44,45,50,62]",32,11488,78,0.00678969359331476,3
"[0,1,2,3,4,5,6,7,8,9,10,11,12,13,14,15,16,17,18,19,20,21,24,27,28,29,32,44,45,50,62]",44,11488,38,0.00330779944289694,3
"[0,1,2,3,4,5,6,7,8,9,10,11,12,13,14,15,16,17,18,19,20,21,24,27,28,29,32,44,45,50,62]",45,11488,68,0.00591922005571031,3
"[0,1,2,3,4,5,6,7,8,9,10,11,12,13,14,15,16,17,18,19,20,21,24,27,28,29,32,44,45,50,62]",50,11488,196,0.0170612813370474,3
"[0,1,2,3,4,5,6,7,8,9,10,11,12,13,14,15,16,17,18,19,20,21,24,27,28,29,32,44,45,50,62]",62,11488,322,0.0280292479108635,3
"[0,1,2,3,4,5,6,7,8,9,10,11,12,13,14,15,16,17,18,19,20,21,24,27,28,29,32,44,45,50]",0,12751,122,0.00956787702925261,4
"[0,1,2,3,4,5,6,7,8,9,10,11,12,13,14,15,16,17,18,19,20,21,24,27,28,29,32,44,45,50]",1,12751,233,0.0182730766214415,4
"[0,1,2,3,4,5,6,7,8,9,10,11,12,13,14,15,16,17,18,19,20,21,24,27,28,29,32,44,45,50]",2,12751,210,0.0164692965257627,4
"[0,1,2,3,4,5,6,7,8,9,10,11,12,13,14,15,16,17,18,19,20,21,24,27,28,29,32,44,45,50]",3,12751,81,0.00635244294565132,4
"[0,1,2,3,4,5,6,7,8,9,10,11,12,13,14,15,16,17,18,19,20,21,24,27,28,29,32,44,45,50]",4,12751,342,0.0268214257705278,4
"[0,1,2,3,4,5,6,7,8,9,10,11,12,13,14,15,16,17,18,19,20,21,24,27,28,29,32,44,45,50]",5,12751,288,0.0225864638067603,4
"[0,1,2,3,4,5,6,7,8,9,10,11,12,13,14,15,16,17,18,19,20,21,24,27,28,29,32,44,45,50]",6,12751,90,0.00705826993961258,4
"[0,1,2,3,4,5,6,7,8,9,10,11,12,13,14,15,16,17,18,19,20,21,24,27,28,29,32,44,45,50]",7,12751,3591,0.281624970590542,4
"[0,1,2,3,4,5,6,7,8,9,10,11,12,13,14,15,16,17,18,19,20,21,24,27,28,29,32,44,45,50]",8,12751,119,0.00933260136459886,4
"[0,1,2,3,4,5,6,7,8,9,10,11,12,13,14,15,16,17,18,19,20,21,24,27,28,29,32,44,45,50]",9,12751,871,0.0683083679711395,4
"[0,1,2,3,4,5,6,7,8,9,10,11,12,13,14,15,16,17,18,19,20,21,24,27,28,29,32,44,45,50]",10,12751,800,0.0627401772410007,4
"[0,1,2,3,4,5,6,7,8,9,10,11,12,13,14,15,16,17,18,19,20,21,24,27,28,29,32,44,45,50]",11,12751,1173,0.0919927848796173,4
"[0,1,2,3,4,5,6,7,8,9,10,11,12,13,14,15,16,17,18,19,20,21,24,27,28,29,32,44,45,50]",12,12751,68,0.00533291506548506,4
"[0,1,2,3,4,5,6,7,8,9,10,11,12,13,14,15,16,17,18,19,20,21,24,27,28,29,32,44,45,50]",13,12751,964,0.0756019135754059,4
"[0,1,2,3,4,5,6,7,8,9,10,11,12,13,14,15,16,17,18,19,20,21,24,27,28,29,32,44,45,50]",14,12751,232,0.0181946513998902,4
"[0,1,2,3,4,5,6,7,8,9,10,11,12,13,14,15,16,17,18,19,20,21,24,27,28,29,32,44,45,50]",15,12751,280,0.0219590620343502,4
"[0,1,2,3,4,5,6,7,8,9,10,11,12,13,14,15,16,17,18,19,20,21,24,27,28,29,32,44,45,50]",16,12751,77,0.00603874205944632,4
"[0,1,2,3,4,5,6,7,8,9,10,11,12,13,14,15,16,17,18,19,20,21,24,27,28,29,32,44,45,50]",17,12751,1383,0.10846208140538,4
"[0,1,2,3,4,5,6,7,8,9,10,11,12,13,14,15,16,17,18,19,20,21,24,27,28,29,32,44,45,50]",18,12751,98,0.00768567171202259,4
"[0,1,2,3,4,5,6,7,8,9,10,11,12,13,14,15,16,17,18,19,20,21,24,27,28,29,32,44,45,50]",19,12751,177,0.0138812642145714,4
"[0,1,2,3,4,5,6,7,8,9,10,11,12,13,14,15,16,17,18,19,20,21,24,27,28,29,32,44,45,50]",20,12751,222,0.0174103991843777,4
"[0,1,2,3,4,5,6,7,8,9,10,11,12,13,14,15,16,17,18,19,20,21,24,27,28,29,32,44,45,50]",21,12751,60,0.00470551329307505,4
"[0,1,2,3,4,5,6,7,8,9,10,11,12,13,14,15,16,17,18,19,20,21,24,27,28,29,32,44,45,50]",24,12751,212,0.0166261469688652,4
"[0,1,2,3,4,5,6,7,8,9,10,11,12,13,14,15,16,17,18,19,20,21,24,27,28,29,32,44,45,50]",27,12751,176,0.0138028389930202,4
"[0,1,2,3,4,5,6,7,8,9,10,11,12,13,14,15,16,17,18,19,20,21,24,27,28,29,32,44,45,50]",28,12751,66,0.00517606462238256,4
"[0,1,2,3,4,5,6,7,8,9,10,11,12,13,14,15,16,17,18,19,20,21,24,27,28,29,32,44,45,50]",29,12751,181,0.0141949651007764,4
"[0,1,2,3,4,5,6,7,8,9,10,11,12,13,14,15,16,17,18,19,20,21,24,27,28,29,32,44,45,50]",32,12751,184,0.0144302407654302,4
"[0,1,2,3,4,5,6,7,8,9,10,11,12,13,14,15,16,17,18,19,20,21,24,27,28,29,32,44,45,50]",44,12751,59,0.0046270880715238,4
"[0,1,2,3,4,5,6,7,8,9,10,11,12,13,14,15,16,17,18,19,20,21,24,27,28,29,32,44,45,50]",45,12751,188,0.0147439416516352,4
"[0,1,2,3,4,5,6,7,8,9,10,11,12,13,14,15,16,17,18,19,20,21,24,27,28,29,32,44,45,50]",50,12751,204,0.0159987451964552,4
"[0,1,2,3,4,5,6,7,8,9,10,11,12,13,14,15,16,17,18,19,20,21,24,27,28,29,33,34,36,37,38,43,47,56,89,96,104]",0,1953,18,0.00921658986175115,1
"[0,1,2,3,4,5,6,7,8,9,10,11,12,13,14,15,16,17,18,19,20,21,24,27,28,29,33,34,36,37,38,43,47,56,89,96,104]",1,1953,26,0.0133128520225294,1
"[0,1,2,3,4,5,6,7,8,9,10,11,12,13,14,15,16,17,18,19,20,21,24,27,28,29,33,34,36,37,38,43,47,56,89,96,104]",2,1953,75,0.0384024577572965,1
"[0,1,2,3,4,5,6,7,8,9,10,11,12,13,14,15,16,17,18,19,20,21,24,27,28,29,33,34,36,37,38,43,47,56,89,96,104]",3,1953,35,0.017921146953405,1
"[0,1,2,3,4,5,6,7,8,9,10,11,12,13,14,15,16,17,18,19,20,21,24,27,28,29,33,34,36,37,38,43,47,56,89,96,104]",4,1953,47,0.0240655401945725,1
"[0,1,2,3,4,5,6,7,8,9,10,11,12,13,14,15,16,17,18,19,20,21,24,27,28,29,33,34,36,37,38,43,47,56,89,96,104]",5,1953,61,0.0312339989759345,1
"[0,1,2,3,4,5,6,7,8,9,10,11,12,13,14,15,16,17,18,19,20,21,24,27,28,29,33,34,36,37,38,43,47,56,89,96,104]",6,1953,15,0.00768049155145929,1
"[0,1,2,3,4,5,6,7,8,9,10,11,12,13,14,15,16,17,18,19,20,21,24,27,28,29,33,34,36,37,38,43,47,56,89,96,104]",7,1953,226,0.115719406041987,1
"[0,1,2,3,4,5,6,7,8,9,10,11,12,13,14,15,16,17,18,19,20,21,24,27,28,29,33,34,36,37,38,43,47,56,89,96,104]",8,1953,11,0.00563236047107015,1
"[0,1,2,3,4,5,6,7,8,9,10,11,12,13,14,15,16,17,18,19,20,21,24,27,28,29,33,34,36,37,38,43,47,56,89,96,104]",9,1953,24,0.0122887864823349,1
"[0,1,2,3,4,5,6,7,8,9,10,11,12,13,14,15,16,17,18,19,20,21,24,27,28,29,33,34,36,37,38,43,47,56,89,96,104]",10,1953,29,0.0148489503328213,1
"[0,1,2,3,4,5,6,7,8,9,10,11,12,13,14,15,16,17,18,19,20,21,24,27,28,29,33,34,36,37,38,43,47,56,89,96,104]",11,1953,69,0.0353302611367127,1
"[0,1,2,3,4,5,6,7,8,9,10,11,12,13,14,15,16,17,18,19,20,21,24,27,28,29,33,34,36,37,38,43,47,56,89,96,104]",12,1953,40,0.0204813108038914,1
"[0,1,2,3,4,5,6,7,8,9,10,11,12,13,14,15,16,17,18,19,20,21,24,27,28,29,33,34,36,37,38,43,47,56,89,96,104]",13,1953,71,0.0363543266769073,1
"[0,1,2,3,4,5,6,7,8,9,10,11,12,13,14,15,16,17,18,19,20,21,24,27,28,29,33,34,36,37,38,43,47,56,89,96,104]",14,1953,54,0.0276497695852535,1
"[0,1,2,3,4,5,6,7,8,9,10,11,12,13,14,15,16,17,18,19,20,21,24,27,28,29,33,34,36,37,38,43,47,56,89,96,104]",15,1953,41,0.0209933435739887,1
"[0,1,2,3,4,5,6,7,8,9,10,11,12,13,14,15,16,17,18,19,20,21,24,27,28,29,33,34,36,37,38,43,47,56,89,96,104]",16,1953,10,0.00512032770097286,1
"[0,1,2,3,4,5,6,7,8,9,10,11,12,13,14,15,16,17,18,19,20,21,24,27,28,29,33,34,36,37,38,43,47,56,89,96,104]",17,1953,37,0.0189452124935996,1
"[0,1,2,3,4,5,6,7,8,9,10,11,12,13,14,15,16,17,18,19,20,21,24,27,28,29,33,34,36,37,38,43,47,56,89,96,104]",18,1953,385,0.197132616487455,1
"[0,1,2,3,4,5,6,7,8,9,10,11,12,13,14,15,16,17,18,19,20,21,24,27,28,29,33,34,36,37,38,43,47,56,89,96,104]",19,1953,360,0.184331797235023,1
"[0,1,2,3,4,5,6,7,8,9,10,11,12,13,14,15,16,17,18,19,20,21,24,27,28,29,33,34,36,37,38,43,47,56,89,96,104]",20,1953,32,0.0163850486431132,1
"[0,1,2,3,4,5,6,7,8,9,10,11,12,13,14,15,16,17,18,19,20,21,24,27,28,29,33,34,36,37,38,43,47,56,89,96,104]",21,1953,10,0.00512032770097286,1
"[0,1,2,3,4,5,6,7,8,9,10,11,12,13,14,15,16,17,18,19,20,21,24,27,28,29,33,34,36,37,38,43,47,56,89,96,104]",24,1953,34,0.0174091141833077,1
"[0,1,2,3,4,5,6,7,8,9,10,11,12,13,14,15,16,17,18,19,20,21,24,27,28,29,33,34,36,37,38,43,47,56,89,96,104]",27,1953,24,0.0122887864823349,1
"[0,1,2,3,4,5,6,7,8,9,10,11,12,13,14,15,16,17,18,19,20,21,24,27,28,29,33,34,36,37,38,43,47,56,89,96,104]",28,1953,21,0.010752688172043,1
"[0,1,2,3,4,5,6,7,8,9,10,11,12,13,14,15,16,17,18,19,20,21,24,27,28,29,33,34,36,37,38,43,47,56,89,96,104]",29,1953,27,0.0138248847926267,1
"[0,1,2,3,4,5,6,7,8,9,10,11,12,13,14,15,16,17,18,19,20,21,24,27,28,29,33,34,36,37,38,43,47,56,89,96,104]",33,1953,2,0.00102406554019457,1
"[0,1,2,3,4,5,6,7,8,9,10,11,12,13,14,15,16,17,18,19,20,21,24,27,28,29,33,34,36,37,38,43,47,56,89,96,104]",34,1953,9,0.00460829493087558,1
"[0,1,2,3,4,5,6,7,8,9,10,11,12,13,14,15,16,17,18,19,20,21,24,27,28,29,33,34,36,37,38,43,47,56,89,96,104]",36,1953,8,0.00409626216077829,1
"[0,1,2,3,4,5,6,7,8,9,10,11,12,13,14,15,16,17,18,19,20,21,24,27,28,29,33,34,36,37,38,43,47,56,89,96,104]",37,1953,76,0.0389144905273938,1
"[0,1,2,3,4,5,6,7,8,9,10,11,12,13,14,15,16,17,18,19,20,21,24,27,28,29,33,34,36,37,38,43,47,56,89,96,104]",38,1953,22,0.0112647209421403,1
"[0,1,2,3,4,5,6,7,8,9,10,11,12,13,14,15,16,17,18,19,20,21,24,27,28,29,33,34,36,37,38,43,47,56,89,96,104]",43,1953,24,0.0122887864823349,1
"[0,1,2,3,4,5,6,7,8,9,10,11,12,13,14,15,16,17,18,19,20,21,24,27,28,29,33,34,36,37,38,43,47,56,89,96,104]",47,1953,8,0.00409626216077829,1
"[0,1,2,3,4,5,6,7,8,9,10,11,12,13,14,15,16,17,18,19,20,21,24,27,28,29,33,34,36,37,38,43,47,56,89,96,104]",56,1953,8,0.00409626216077829,1
"[0,1,2,3,4,5,6,7,8,9,10,11,12,13,14,15,16,17,18,19,20,21,24,27,28,29,33,34,36,37,38,43,47,56,89,96,104]",89,1953,7,0.003584229390681,1
"[0,1,2,3,4,5,6,7,8,9,10,11,12,13,14,15,16,17,18,19,20,21,24,27,28,29,33,34,36,37,38,43,47,56,89,96,104]",96,1953,6,0.00307219662058372,1
"[0,1,2,3,4,5,6,7,8,9,10,11,12,13,14,15,16,17,18,19,20,21,24,27,28,29,33,34,36,37,38,43,47,56,89,96,104]",104,1953,1,0.000512032770097286,1
"[0,1,2,3,4,5,6,7,8,9,10,11,12,13,14,15,16,17,18,19,20,21,24,27,28,29,33,34,36,37,38,43,47,56,89,96]",0,4981,53,0.0106404336478619,2
"[0,1,2,3,4,5,6,7,8,9,10,11,12,13,14,15,16,17,18,19,20,21,24,27,28,29,33,34,36,37,38,43,47,56,89,96]",1,4981,1103,0.221441477614937,2
"[0,1,2,3,4,5,6,7,8,9,10,11,12,13,14,15,16,17,18,19,20,21,24,27,28,29,33,34,36,37,38,43,47,56,89,96]",2,4981,105,0.0210801043967075,2
"[0,1,2,3,4,5,6,7,8,9,10,11,12,13,14,15,16,17,18,19,20,21,24,27,28,29,33,34,36,37,38,43,47,56,89,96]",3,4981,47,0.0094358562537643,2
"[0,1,2,3,4,5,6,7,8,9,10,11,12,13,14,15,16,17,18,19,20,21,24,27,28,29,33,34,36,37,38,43,47,56,89,96]",4,4981,67,0.0134511142340895,2
"[0,1,2,3,4,5,6,7,8,9,10,11,12,13,14,15,16,17,18,19,20,21,24,27,28,29,33,34,36,37,38,43,47,56,89,96]",5,4981,72,0.0144549287291708,2
"[0,1,2,3,4,5,6,7,8,9,10,11,12,13,14,15,16,17,18,19,20,21,24,27,28,29,33,34,36,37,38,43,47,56,89,96]",6,4981,20,0.00401525798032524,2
"[0,1,2,3,4,5,6,7,8,9,10,11,12,13,14,15,16,17,18,19,20,21,24,27,28,29,33,34,36,37,38,43,47,56,89,96]",7,4981,392,0.0786990564143746,2
"[0,1,2,3,4,5,6,7,8,9,10,11,12,13,14,15,16,17,18,19,20,21,24,27,28,29,33,34,36,37,38,43,47,56,89,96]",8,4981,604,0.121260791005822,2
"[0,1,2,3,4,5,6,7,8,9,10,11,12,13,14,15,16,17,18,19,20,21,24,27,28,29,33,34,36,37,38,43,47,56,89,96]",9,4981,98,0.0196747641035937,2
"[0,1,2,3,4,5,6,7,8,9,10,11,12,13,14,15,16,17,18,19,20,21,24,27,28,29,33,34,36,37,38,43,47,56,89,96]",10,4981,102,0.0204778156996587,2
"[0,1,2,3,4,5,6,7,8,9,10,11,12,13,14,15,16,17,18,19,20,21,24,27,28,29,33,34,36,37,38,43,47,56,89,96]",11,4981,146,0.0293113832563742,2
"[0,1,2,3,4,5,6,7,8,9,10,11,12,13,14,15,16,17,18,19,20,21,24,27,28,29,33,34,36,37,38,43,47,56,89,96]",12,4981,71,0.0142541658301546,2
"[0,1,2,3,4,5,6,7,8,9,10,11,12,13,14,15,16,17,18,19,20,21,24,27,28,29,33,34,36,37,38,43,47,56,89,96]",13,4981,102,0.0204778156996587,2
"[0,1,2,3,4,5,6,7,8,9,10,11,12,13,14,15,16,17,18,19,20,21,24,27,28,29,33,34,36,37,38,43,47,56,89,96]",14,4981,64,0.0128488255370408,2
"[0,1,2,3,4,5,6,7,8,9,10,11,12,13,14,15,16,17,18,19,20,21,24,27,28,29,33,34,36,37,38,43,47,56,89,96]",15,4981,30,0.00602288697048785,2
"[0,1,2,3,4,5,6,7,8,9,10,11,12,13,14,15,16,17,18,19,20,21,24,27,28,29,33,34,36,37,38,43,47,56,89,96]",16,4981,5,0.00100381449508131,2
"[0,1,2,3,4,5,6,7,8,9,10,11,12,13,14,15,16,17,18,19,20,21,24,27,28,29,33,34,36,37,38,43,47,56,89,96]",17,4981,620,0.124472997390082,2
"[0,1,2,3,4,5,6,7,8,9,10,11,12,13,14,15,16,17,18,19,20,21,24,27,28,29,33,34,36,37,38,43,47,56,89,96]",18,4981,234,0.0469785183698053,2
"[0,1,2,3,4,5,6,7,8,9,10,11,12,13,14,15,16,17,18,19,20,21,24,27,28,29,33,34,36,37,38,43,47,56,89,96]",19,4981,346,0.0694639630596266,2
"[0,1,2,3,4,5,6,7,8,9,10,11,12,13,14,15,16,17,18,19,20,21,24,27,28,29,33,34,36,37,38,43,47,56,89,96]",20,4981,74,0.0148564545272034,2
"[0,1,2,3,4,5,6,7,8,9,10,11,12,13,14,15,16,17,18,19,20,21,24,27,28,29,33,34,36,37,38,43,47,56,89,96]",21,4981,16,0.00321220638426019,2
"[0,1,2,3,4,5,6,7,8,9,10,11,12,13,14,15,16,17,18,19,20,21,24,27,28,29,33,34,36,37,38,43,47,56,89,96]",24,4981,200,0.0401525798032524,2
"[0,1,2,3,4,5,6,7,8,9,10,11,12,13,14,15,16,17,18,19,20,21,24,27,28,29,33,34,36,37,38,43,47,56,89,96]",27,4981,53,0.0106404336478619,2
"[0,1,2,3,4,5,6,7,8,9,10,11,12,13,14,15,16,17,18,19,20,21,24,27,28,29,33,34,36,37,38,43,47,56,89,96]",28,4981,31,0.00622364986950412,2
"[0,1,2,3,4,5,6,7,8,9,10,11,12,13,14,15,16,17,18,19,20,21,24,27,28,29,33,34,36,37,38,43,47,56,89,96]",29,4981,65,0.013049588436057,2
"[0,1,2,3,4,5,6,7,8,9,10,11,12,13,14,15,16,17,18,19,20,21,24,27,28,29,33,34,36,37,38,43,47,56,89,96]",33,4981,17,0.00341296928327645,2
"[0,1,2,3,4,5,6,7,8,9,10,11,12,13,14,15,16,17,18,19,20,21,24,27,28,29,33,34,36,37,38,43,47,56,89,96]",34,4981,11,0.00220839188917888,2
"[0,1,2,3,4,5,6,7,8,9,10,11,12,13,14,15,16,17,18,19,20,21,24,27,28,29,33,34,36,37,38,43,47,56,89,96]",36,4981,20,0.00401525798032524,2
"[0,1,2,3,4,5,6,7,8,9,10,11,12,13,14,15,16,17,18,19,20,21,24,27,28,29,33,34,36,37,38,43,47,56,89,96]",37,4981,75,0.0150572174262196,2
"[0,1,2,3,4,5,6,7,8,9,10,11,12,13,14,15,16,17,18,19,20,21,24,27,28,29,33,34,36,37,38,43,47,56,89,96]",38,4981,16,0.00321220638426019,2
"[0,1,2,3,4,5,6,7,8,9,10,11,12,13,14,15,16,17,18,19,20,21,24,27,28,29,33,34,36,37,38,43,47,56,89,96]",43,4981,37,0.00742822726360169,2
"[0,1,2,3,4,5,6,7,8,9,10,11,12,13,14,15,16,17,18,19,20,21,24,27,28,29,33,34,36,37,38,43,47,56,89,96]",47,4981,12,0.00240915478819514,2
"[0,1,2,3,4,5,6,7,8,9,10,11,12,13,14,15,16,17,18,19,20,21,24,27,28,29,33,34,36,37,38,43,47,56,89,96]",56,4981,31,0.00622364986950412,2
"[0,1,2,3,4,5,6,7,8,9,10,11,12,13,14,15,16,17,18,19,20,21,24,27,28,29,33,34,36,37,38,43,47,56,89,96]",89,4981,26,0.00521983537442281,2
"[0,1,2,3,4,5,6,7,8,9,10,11,12,13,14,15,16,17,18,19,20,21,24,27,28,29,33,34,36,37,38,43,47,56,89,96]",96,4981,16,0.00321220638426019,2
"[0,1,2,3,4,5,6,7,8,9,10,11,12,13,14,15,16,17,18,19,20,21,24,27,28,29,33,34,36,37,38,43,47,56,89]",0,2302,21,0.00912250217202433,1
"[0,1,2,3,4,5,6,7,8,9,10,11,12,13,14,15,16,17,18,19,20,21,24,27,28,29,33,34,36,37,38,43,47,56,89]",1,2302,26,0.0112945264986968,1
"[0,1,2,3,4,5,6,7,8,9,10,11,12,13,14,15,16,17,18,19,20,21,24,27,28,29,33,34,36,37,38,43,47,56,89]",2,2302,44,0.0191138140747176,1
"[0,1,2,3,4,5,6,7,8,9,10,11,12,13,14,15,16,17,18,19,20,21,24,27,28,29,33,34,36,37,38,43,47,56,89]",3,2302,19,0.00825369244135534,1
"[0,1,2,3,4,5,6,7,8,9,10,11,12,13,14,15,16,17,18,19,20,21,24,27,28,29,33,34,36,37,38,43,47,56,89]",4,2302,245,0.10642919200695,1
"[0,1,2,3,4,5,6,7,8,9,10,11,12,13,14,15,16,17,18,19,20,21,24,27,28,29,33,34,36,37,38,43,47,56,89]",5,2302,310,0.134665508253692,1
"[0,1,2,3,4,5,6,7,8,9,10,11,12,13,14,15,16,17,18,19,20,21,24,27,28,29,33,34,36,37,38,43,47,56,89]",6,2302,55,0.023892267593397,1
"[0,1,2,3,4,5,6,7,8,9,10,11,12,13,14,15,16,17,18,19,20,21,24,27,28,29,33,34,36,37,38,43,47,56,89]",7,2302,404,0.175499565595135,1
"[0,1,2,3,4,5,6,7,8,9,10,11,12,13,14,15,16,17,18,19,20,21,24,27,28,29,33,34,36,37,38,43,47,56,89]",8,2302,23,0.00999131190269331,1
"[0,1,2,3,4,5,6,7,8,9,10,11,12,13,14,15,16,17,18,19,20,21,24,27,28,29,33,34,36,37,38,43,47,56,89]",9,2302,82,0.0356211989574283,1
"[0,1,2,3,4,5,6,7,8,9,10,11,12,13,14,15,16,17,18,19,20,21,24,27,28,29,33,34,36,37,38,43,47,56,89]",10,2302,119,0.0516941789748045,1
"[0,1,2,3,4,5,6,7,8,9,10,11,12,13,14,15,16,17,18,19,20,21,24,27,28,29,33,34,36,37,38,43,47,56,89]",11,2302,161,0.0699391833188532,1
"[0,1,2,3,4,5,6,7,8,9,10,11,12,13,14,15,16,17,18,19,20,21,24,27,28,29,33,34,36,37,38,43,47,56,89]",12,2302,22,0.00955690703735882,1
"[0,1,2,3,4,5,6,7,8,9,10,11,12,13,14,15,16,17,18,19,20,21,24,27,28,29,33,34,36,37,38,43,47,56,89]",13,2302,152,0.0660295395308427,1
"[0,1,2,3,4,5,6,7,8,9,10,11,12,13,14,15,16,17,18,19,20,21,24,27,28,29,33,34,36,37,38,43,47,56,89]",14,2302,39,0.0169417897480452,1
"[0,1,2,3,4,5,6,7,8,9,10,11,12,13,14,15,16,17,18,19,20,21,24,27,28,29,33,34,36,37,38,43,47,56,89]",15,2302,153,0.0664639443961772,1
"[0,1,2,3,4,5,6,7,8,9,10,11,12,13,14,15,16,17,18,19,20,21,24,27,28,29,33,34,36,37,38,43,47,56,89]",16,2302,15,0.00651607298001738,1
"[0,1,2,3,4,5,6,7,8,9,10,11,12,13,14,15,16,17,18,19,20,21,24,27,28,29,33,34,36,37,38,43,47,56,89]",17,2302,41,0.0178105994787142,1
"[0,1,2,3,4,5,6,7,8,9,10,11,12,13,14,15,16,17,18,19,20,21,24,27,28,29,33,34,36,37,38,43,47,56,89]",18,2302,58,0.0251954821894005,1
"[0,1,2,3,4,5,6,7,8,9,10,11,12,13,14,15,16,17,18,19,20,21,24,27,28,29,33,34,36,37,38,43,47,56,89]",19,2302,51,0.0221546481320591,1
"[0,1,2,3,4,5,6,7,8,9,10,11,12,13,14,15,16,17,18,19,20,21,24,27,28,29,33,34,36,37,38,43,47,56,89]",20,2302,39,0.0169417897480452,1
"[0,1,2,3,4,5,6,7,8,9,10,11,12,13,14,15,16,17,18,19,20,21,24,27,28,29,33,34,36,37,38,43,47,56,89]",21,2302,11,0.00477845351867941,1
"[0,1,2,3,4,5,6,7,8,9,10,11,12,13,14,15,16,17,18,19,20,21,24,27,28,29,33,34,36,37,38,43,47,56,89]",24,2302,30,0.0130321459600348,1
"[0,1,2,3,4,5,6,7,8,9,10,11,12,13,14,15,16,17,18,19,20,21,24,27,28,29,33,34,36,37,38,43,47,56,89]",27,2302,17,0.00738488271068636,1
"[0,1,2,3,4,5,6,7,8,9,10,11,12,13,14,15,16,17,18,19,20,21,24,27,28,29,33,34,36,37,38,43,47,56,89]",28,2302,7,0.00304083405734144,1
"[0,1,2,3,4,5,6,7,8,9,10,11,12,13,14,15,16,17,18,19,20,21,24,27,28,29,33,34,36,37,38,43,47,56,89]",29,2302,32,0.0139009556907037,1
"[0,1,2,3,4,5,6,7,8,9,10,11,12,13,14,15,16,17,18,19,20,21,24,27,28,29,33,34,36,37,38,43,47,56,89]",33,2302,11,0.00477845351867941,1
"[0,1,2,3,4,5,6,7,8,9,10,11,12,13,14,15,16,17,18,19,20,21,24,27,28,29,33,34,36,37,38,43,47,56,89]",34,2302,5,0.00217202432667246,1
"[0,1,2,3,4,5,6,7,8,9,10,11,12,13,14,15,16,17,18,19,20,21,24,27,28,29,33,34,36,37,38,43,47,56,89]",36,2302,7,0.00304083405734144,1
"[0,1,2,3,4,5,6,7,8,9,10,11,12,13,14,15,16,17,18,19,20,21,24,27,28,29,33,34,36,37,38,43,47,56,89]",37,2302,24,0.0104257167680278,1
"[0,1,2,3,4,5,6,7,8,9,10,11,12,13,14,15,16,17,18,19,20,21,24,27,28,29,33,34,36,37,38,43,47,56,89]",38,2302,9,0.00390964378801043,1
"[0,1,2,3,4,5,6,7,8,9,10,11,12,13,14,15,16,17,18,19,20,21,24,27,28,29,33,34,36,37,38,43,47,56,89]",43,2302,39,0.0169417897480452,1
"[0,1,2,3,4,5,6,7,8,9,10,11,12,13,14,15,16,17,18,19,20,21,24,27,28,29,33,34,36,37,38,43,47,56,89]",47,2302,3,0.00130321459600348,1
"[0,1,2,3,4,5,6,7,8,9,10,11,12,13,14,15,16,17,18,19,20,21,24,27,28,29,33,34,36,37,38,43,47,56,89]",56,2302,7,0.00304083405734144,1
"[0,1,2,3,4,5,6,7,8,9,10,11,12,13,14,15,16,17,18,19,20,21,24,27,28,29,33,34,36,37,38,43,47,56,89]",89,2302,21,0.00912250217202433,1
"[0,1,2,3,4,5,6,7,8,9,10,11,12,13,14,15,16,17,18,19,20,21,24,27,28,29,33,36,37,38,43,47,56,89]",0,3779,47,0.0124371526858957,2
"[0,1,2,3,4,5,6,7,8,9,10,11,12,13,14,15,16,17,18,19,20,21,24,27,28,29,33,36,37,38,43,47,56,89]",1,3779,275,0.0727705742259857,2
"[0,1,2,3,4,5,6,7,8,9,10,11,12,13,14,15,16,17,18,19,20,21,24,27,28,29,33,36,37,38,43,47,56,89]",2,3779,81,0.0214342418629267,2
"[0,1,2,3,4,5,6,7,8,9,10,11,12,13,14,15,16,17,18,19,20,21,24,27,28,29,33,36,37,38,43,47,56,89]",3,3779,22,0.00582164593807886,2
"[0,1,2,3,4,5,6,7,8,9,10,11,12,13,14,15,16,17,18,19,20,21,24,27,28,29,33,36,37,38,43,47,56,89]",4,3779,116,0.0306959513098703,2
"[0,1,2,3,4,5,6,7,8,9,10,11,12,13,14,15,16,17,18,19,20,21,24,27,28,29,33,36,37,38,43,47,56,89]",5,3779,87,0.0230219634824028,2
"[0,1,2,3,4,5,6,7,8,9,10,11,12,13,14,15,16,17,18,19,20,21,24,27,28,29,33,36,37,38,43,47,56,89]",6,3779,124,0.0328129134691717,2
"[0,1,2,3,4,5,6,7,8,9,10,11,12,13,14,15,16,17,18,19,20,21,24,27,28,29,33,36,37,38,43,47,56,89]",7,3779,698,0.184704948399047,2
"[0,1,2,3,4,5,6,7,8,9,10,11,12,13,14,15,16,17,18,19,20,21,24,27,28,29,33,36,37,38,43,47,56,89]",8,3779,113,0.0299020905001323,2
"[0,1,2,3,4,5,6,7,8,9,10,11,12,13,14,15,16,17,18,19,20,21,24,27,28,29,33,36,37,38,43,47,56,89]",9,3779,113,0.0299020905001323,2
"[0,1,2,3,4,5,6,7,8,9,10,11,12,13,14,15,16,17,18,19,20,21,24,27,28,29,33,36,37,38,43,47,56,89]",10,3779,112,0.0296374702302196,2
"[0,1,2,3,4,5,6,7,8,9,10,11,12,13,14,15,16,17,18,19,20,21,24,27,28,29,33,36,37,38,43,47,56,89]",11,3779,270,0.0714474728764223,2
"[0,1,2,3,4,5,6,7,8,9,10,11,12,13,14,15,16,17,18,19,20,21,24,27,28,29,33,36,37,38,43,47,56,89]",12,3779,50,0.0132310134956338,2
"[0,1,2,3,4,5,6,7,8,9,10,11,12,13,14,15,16,17,18,19,20,21,24,27,28,29,33,36,37,38,43,47,56,89]",13,3779,255,0.0674781688277322,2
"[0,1,2,3,4,5,6,7,8,9,10,11,12,13,14,15,16,17,18,19,20,21,24,27,28,29,33,36,37,38,43,47,56,89]",14,3779,81,0.0214342418629267,2
"[0,1,2,3,4,5,6,7,8,9,10,11,12,13,14,15,16,17,18,19,20,21,24,27,28,29,33,36,37,38,43,47,56,89]",15,3779,44,0.0116432918761577,2
"[0,1,2,3,4,5,6,7,8,9,10,11,12,13,14,15,16,17,18,19,20,21,24,27,28,29,33,36,37,38,43,47,56,89]",16,3779,30,0.00793860809738026,2
"[0,1,2,3,4,5,6,7,8,9,10,11,12,13,14,15,16,17,18,19,20,21,24,27,28,29,33,36,37,38,43,47,56,89]",17,3779,96,0.0254035459116168,2
"[0,1,2,3,4,5,6,7,8,9,10,11,12,13,14,15,16,17,18,19,20,21,24,27,28,29,33,36,37,38,43,47,56,89]",18,3779,281,0.0743582958454618,2
"[0,1,2,3,4,5,6,7,8,9,10,11,12,13,14,15,16,17,18,19,20,21,24,27,28,29,33,36,37,38,43,47,56,89]",19,3779,357,0.0944694363588251,2
"[0,1,2,3,4,5,6,7,8,9,10,11,12,13,14,15,16,17,18,19,20,21,24,27,28,29,33,36,37,38,43,47,56,89]",20,3779,50,0.0132310134956338,2
"[0,1,2,3,4,5,6,7,8,9,10,11,12,13,14,15,16,17,18,19,20,21,24,27,28,29,33,36,37,38,43,47,56,89]",21,3779,31,0.00820322836729293,2
"[0,1,2,3,4,5,6,7,8,9,10,11,12,13,14,15,16,17,18,19,20,21,24,27,28,29,33,36,37,38,43,47,56,89]",24,3779,55,0.0145541148451971,2
"[0,1,2,3,4,5,6,7,8,9,10,11,12,13,14,15,16,17,18,19,20,21,24,27,28,29,33,36,37,38,43,47,56,89]",27,3779,30,0.00793860809738026,2
"[0,1,2,3,4,5,6,7,8,9,10,11,12,13,14,15,16,17,18,19,20,21,24,27,28,29,33,36,37,38,43,47,56,89]",28,3779,20,0.00529240539825351,2
"[0,1,2,3,4,5,6,7,8,9,10,11,12,13,14,15,16,17,18,19,20,21,24,27,28,29,33,36,37,38,43,47,56,89]",29,3779,59,0.0156125959248478,2
"[0,1,2,3,4,5,6,7,8,9,10,11,12,13,14,15,16,17,18,19,20,21,24,27,28,29,33,36,37,38,43,47,56,89]",33,3779,7,0.00185234188938873,2
"[0,1,2,3,4,5,6,7,8,9,10,11,12,13,14,15,16,17,18,19,20,21,24,27,28,29,33,36,37,38,43,47,56,89]",36,3779,25,0.00661550674781688,2
"[0,1,2,3,4,5,6,7,8,9,10,11,12,13,14,15,16,17,18,19,20,21,24,27,28,29,33,36,37,38,43,47,56,89]",37,3779,59,0.0156125959248478,2
"[0,1,2,3,4,5,6,7,8,9,10,11,12,13,14,15,16,17,18,19,20,21,24,27,28,29,33,36,37,38,43,47,56,89]",38,3779,56,0.0148187351151098,2
"[0,1,2,3,4,5,6,7,8,9,10,11,12,13,14,15,16,17,18,19,20,21,24,27,28,29,33,36,37,38,43,47,56,89]",43,3779,45,0.0119079121460704,2
"[0,1,2,3,4,5,6,7,8,9,10,11,12,13,14,15,16,17,18,19,20,21,24,27,28,29,33,36,37,38,43,47,56,89]",47,3779,29,0.00767398782746758,2
"[0,1,2,3,4,5,6,7,8,9,10,11,12,13,14,15,16,17,18,19,20,21,24,27,28,29,33,36,37,38,43,47,56,89]",56,3779,32,0.00846784863720561,2
"[0,1,2,3,4,5,6,7,8,9,10,11,12,13,14,15,16,17,18,19,20,21,24,27,28,29,33,36,37,38,43,47,56,89]",89,3779,29,0.00767398782746758,2
"[0,1,2,3,4,5,6,7,8,9,10,11,12,13,14,15,16,17,18,19,21,24,27,28,29,32,38,43,44,45,47,62,64,72,87]",0,1611,15,0.00931098696461825,1
"[0,1,2,3,4,5,6,7,8,9,10,11,12,13,14,15,16,17,18,19,21,24,27,28,29,32,38,43,44,45,47,62,64,72,87]",1,1611,18,0.0111731843575419,1
"[0,1,2,3,4,5,6,7,8,9,10,11,12,13,14,15,16,17,18,19,21,24,27,28,29,32,38,43,44,45,47,62,64,72,87]",2,1611,50,0.0310366232153942,1
"[0,1,2,3,4,5,6,7,8,9,10,11,12,13,14,15,16,17,18,19,21,24,27,28,29,32,38,43,44,45,47,62,64,72,87]",3,1611,9,0.00558659217877095,1
"[0,1,2,3,4,5,6,7,8,9,10,11,12,13,14,15,16,17,18,19,21,24,27,28,29,32,38,43,44,45,47,62,64,72,87]",4,1611,87,0.0540037243947858,1
"[0,1,2,3,4,5,6,7,8,9,10,11,12,13,14,15,16,17,18,19,21,24,27,28,29,32,38,43,44,45,47,62,64,72,87]",5,1611,60,0.037243947858473,1
"[0,1,2,3,4,5,6,7,8,9,10,11,12,13,14,15,16,17,18,19,21,24,27,28,29,32,38,43,44,45,47,62,64,72,87]",6,1611,12,0.0074487895716946,1
"[0,1,2,3,4,5,6,7,8,9,10,11,12,13,14,15,16,17,18,19,21,24,27,28,29,32,38,43,44,45,47,62,64,72,87]",7,1611,218,0.135319677219119,1
"[0,1,2,3,4,5,6,7,8,9,10,11,12,13,14,15,16,17,18,19,21,24,27,28,29,32,38,43,44,45,47,62,64,72,87]",8,1611,14,0.00869025450031037,1
"[0,1,2,3,4,5,6,7,8,9,10,11,12,13,14,15,16,17,18,19,21,24,27,28,29,32,38,43,44,45,47,62,64,72,87]",9,1611,22,0.0136561142147734,1
"[0,1,2,3,4,5,6,7,8,9,10,11,12,13,14,15,16,17,18,19,21,24,27,28,29,32,38,43,44,45,47,62,64,72,87]",10,1611,59,0.0366232153941651,1
"[0,1,2,3,4,5,6,7,8,9,10,11,12,13,14,15,16,17,18,19,21,24,27,28,29,32,38,43,44,45,47,62,64,72,87]",11,1611,85,0.0527622594661701,1
"[0,1,2,3,4,5,6,7,8,9,10,11,12,13,14,15,16,17,18,19,21,24,27,28,29,32,38,43,44,45,47,62,64,72,87]",12,1611,22,0.0136561142147734,1
"[0,1,2,3,4,5,6,7,8,9,10,11,12,13,14,15,16,17,18,19,21,24,27,28,29,32,38,43,44,45,47,62,64,72,87]",13,1611,63,0.0391061452513966,1
"[0,1,2,3,4,5,6,7,8,9,10,11,12,13,14,15,16,17,18,19,21,24,27,28,29,32,38,43,44,45,47,62,64,72,87]",14,1611,50,0.0310366232153942,1
"[0,1,2,3,4,5,6,7,8,9,10,11,12,13,14,15,16,17,18,19,21,24,27,28,29,32,38,43,44,45,47,62,64,72,87]",15,1611,45,0.0279329608938547,1
"[0,1,2,3,4,5,6,7,8,9,10,11,12,13,14,15,16,17,18,19,21,24,27,28,29,32,38,43,44,45,47,62,64,72,87]",16,1611,17,0.010552451893234,1
"[0,1,2,3,4,5,6,7,8,9,10,11,12,13,14,15,16,17,18,19,21,24,27,28,29,32,38,43,44,45,47,62,64,72,87]",17,1611,45,0.0279329608938547,1
"[0,1,2,3,4,5,6,7,8,9,10,11,12,13,14,15,16,17,18,19,21,24,27,28,29,32,38,43,44,45,47,62,64,72,87]",18,1611,20,0.0124146492861577,1
"[0,1,2,3,4,5,6,7,8,9,10,11,12,13,14,15,16,17,18,19,21,24,27,28,29,32,38,43,44,45,47,62,64,72,87]",19,1611,17,0.010552451893234,1
"[0,1,2,3,4,5,6,7,8,9,10,11,12,13,14,15,16,17,18,19,21,24,27,28,29,32,38,43,44,45,47,62,64,72,87]",21,1611,15,0.00931098696461825,1
"[0,1,2,3,4,5,6,7,8,9,10,11,12,13,14,15,16,17,18,19,21,24,27,28,29,32,38,43,44,45,47,62,64,72,87]",24,1611,16,0.00993171942892613,1
"[0,1,2,3,4,5,6,7,8,9,10,11,12,13,14,15,16,17,18,19,21,24,27,28,29,32,38,43,44,45,47,62,64,72,87]",27,1611,27,0.0167597765363128,1
"[0,1,2,3,4,5,6,7,8,9,10,11,12,13,14,15,16,17,18,19,21,24,27,28,29,32,38,43,44,45,47,62,64,72,87]",28,1611,12,0.0074487895716946,1
"[0,1,2,3,4,5,6,7,8,9,10,11,12,13,14,15,16,17,18,19,21,24,27,28,29,32,38,43,44,45,47,62,64,72,87]",29,1611,35,0.0217256362507759,1
"[0,1,2,3,4,5,6,7,8,9,10,11,12,13,14,15,16,17,18,19,21,24,27,28,29,32,38,43,44,45,47,62,64,72,87]",32,1611,33,0.0204841713221601,1
"[0,1,2,3,4,5,6,7,8,9,10,11,12,13,14,15,16,17,18,19,21,24,27,28,29,32,38,43,44,45,47,62,64,72,87]",38,1611,60,0.037243947858473,1
"[0,1,2,3,4,5,6,7,8,9,10,11,12,13,14,15,16,17,18,19,21,24,27,28,29,32,38,43,44,45,47,62,64,72,87]",43,1611,28,0.0173805090006207,1
"[0,1,2,3,4,5,6,7,8,9,10,11,12,13,14,15,16,17,18,19,21,24,27,28,29,32,38,43,44,45,47,62,64,72,87]",44,1611,8,0.00496585971446307,1
"[0,1,2,3,4,5,6,7,8,9,10,11,12,13,14,15,16,17,18,19,21,24,27,28,29,32,38,43,44,45,47,62,64,72,87]",45,1611,11,0.00682805710738672,1
"[0,1,2,3,4,5,6,7,8,9,10,11,12,13,14,15,16,17,18,19,21,24,27,28,29,32,38,43,44,45,47,62,64,72,87]",47,1611,67,0.0415890751086282,1
"[0,1,2,3,4,5,6,7,8,9,10,11,12,13,14,15,16,17,18,19,21,24,27,28,29,32,38,43,44,45,47,62,64,72,87]",62,1611,72,0.0446927374301676,1
"[0,1,2,3,4,5,6,7,8,9,10,11,12,13,14,15,16,17,18,19,21,24,27,28,29,32,38,43,44,45,47,62,64,72,87]",64,1611,11,0.00682805710738672,1
"[0,1,2,3,4,5,6,7,8,9,10,11,12,13,14,15,16,17,18,19,21,24,27,28,29,32,38,43,44,45,47,62,64,72,87]",72,1611,275,0.170701427684668,1
"[0,1,2,3,4,5,6,7,8,9,10,11,12,13,14,15,16,17,18,19,21,24,27,28,29,32,38,43,44,45,47,62,64,72,87]",87,1611,13,0.00806952203600248,1
"[0,1,2,3,4,5,6,7,8,9,10,11,12,13,14,15,16,17,18,19,21,24,27,28,29,32,38,43,47,62,64,72,87,110]",0,1569,19,0.0121096239643085,1
"[0,1,2,3,4,5,6,7,8,9,10,11,12,13,14,15,16,17,18,19,21,24,27,28,29,32,38,43,47,62,64,72,87,110]",1,1569,32,0.0203951561504143,1
"[0,1,2,3,4,5,6,7,8,9,10,11,12,13,14,15,16,17,18,19,21,24,27,28,29,32,38,43,47,62,64,72,87,110]",2,1569,68,0.0433397068196303,1
"[0,1,2,3,4,5,6,7,8,9,10,11,12,13,14,15,16,17,18,19,21,24,27,28,29,32,38,43,47,62,64,72,87,110]",3,1569,11,0.00701083492670491,1
"[0,1,2,3,4,5,6,7,8,9,10,11,12,13,14,15,16,17,18,19,21,24,27,28,29,32,38,43,47,62,64,72,87,110]",4,1569,222,0.141491395793499,1
"[0,1,2,3,4,5,6,7,8,9,10,11,12,13,14,15,16,17,18,19,21,24,27,28,29,32,38,43,47,62,64,72,87,110]",5,1569,74,0.047163798597833,1
"[0,1,2,3,4,5,6,7,8,9,10,11,12,13,14,15,16,17,18,19,21,24,27,28,29,32,38,43,47,62,64,72,87,110]",6,1569,24,0.0152963671128107,1
"[0,1,2,3,4,5,6,7,8,9,10,11,12,13,14,15,16,17,18,19,21,24,27,28,29,32,38,43,47,62,64,72,87,110]",7,1569,164,0.104525175270873,1
"[0,1,2,3,4,5,6,7,8,9,10,11,12,13,14,15,16,17,18,19,21,24,27,28,29,32,38,43,47,62,64,72,87,110]",8,1569,18,0.011472275334608,1
"[0,1,2,3,4,5,6,7,8,9,10,11,12,13,14,15,16,17,18,19,21,24,27,28,29,32,38,43,47,62,64,72,87,110]",9,1569,45,0.0286806883365201,1
"[0,1,2,3,4,5,6,7,8,9,10,11,12,13,14,15,16,17,18,19,21,24,27,28,29,32,38,43,47,62,64,72,87,110]",10,1569,44,0.0280433397068196,1
"[0,1,2,3,4,5,6,7,8,9,10,11,12,13,14,15,16,17,18,19,21,24,27,28,29,32,38,43,47,62,64,72,87,110]",11,1569,51,0.0325047801147228,1
"[0,1,2,3,4,5,6,7,8,9,10,11,12,13,14,15,16,17,18,19,21,24,27,28,29,32,38,43,47,62,64,72,87,110]",12,1569,35,0.0223072020395156,1
"[0,1,2,3,4,5,6,7,8,9,10,11,12,13,14,15,16,17,18,19,21,24,27,28,29,32,38,43,47,62,64,72,87,110]",13,1569,79,0.0503505417463352,1
"[0,1,2,3,4,5,6,7,8,9,10,11,12,13,14,15,16,17,18,19,21,24,27,28,29,32,38,43,47,62,64,72,87,110]",14,1569,22,0.0140216698534098,1
"[0,1,2,3,4,5,6,7,8,9,10,11,12,13,14,15,16,17,18,19,21,24,27,28,29,32,38,43,47,62,64,72,87,110]",15,1569,114,0.0726577437858509,1
"[0,1,2,3,4,5,6,7,8,9,10,11,12,13,14,15,16,17,18,19,21,24,27,28,29,32,38,43,47,62,64,72,87,110]",16,1569,10,0.00637348629700446,1
"[0,1,2,3,4,5,6,7,8,9,10,11,12,13,14,15,16,17,18,19,21,24,27,28,29,32,38,43,47,62,64,72,87,110]",17,1569,33,0.0210325047801147,1
"[0,1,2,3,4,5,6,7,8,9,10,11,12,13,14,15,16,17,18,19,21,24,27,28,29,32,38,43,47,62,64,72,87,110]",18,1569,70,0.0446144040790312,1
"[0,1,2,3,4,5,6,7,8,9,10,11,12,13,14,15,16,17,18,19,21,24,27,28,29,32,38,43,47,62,64,72,87,110]",19,1569,100,0.0637348629700446,1
"[0,1,2,3,4,5,6,7,8,9,10,11,12,13,14,15,16,17,18,19,21,24,27,28,29,32,38,43,47,62,64,72,87,110]",21,1569,17,0.0108349267049076,1
"[0,1,2,3,4,5,6,7,8,9,10,11,12,13,14,15,16,17,18,19,21,24,27,28,29,32,38,43,47,62,64,72,87,110]",24,1569,24,0.0152963671128107,1
"[0,1,2,3,4,5,6,7,8,9,10,11,12,13,14,15,16,17,18,19,21,24,27,28,29,32,38,43,47,62,64,72,87,110]",27,1569,27,0.017208413001912,1
"[0,1,2,3,4,5,6,7,8,9,10,11,12,13,14,15,16,17,18,19,21,24,27,28,29,32,38,43,47,62,64,72,87,110]",28,1569,30,0.0191204588910134,1
"[0,1,2,3,4,5,6,7,8,9,10,11,12,13,14,15,16,17,18,19,21,24,27,28,29,32,38,43,47,62,64,72,87,110]",29,1569,32,0.0203951561504143,1
"[0,1,2,3,4,5,6,7,8,9,10,11,12,13,14,15,16,17,18,19,21,24,27,28,29,32,38,43,47,62,64,72,87,110]",32,1569,39,0.0248565965583174,1
"[0,1,2,3,4,5,6,7,8,9,10,11,12,13,14,15,16,17,18,19,21,24,27,28,29,32,38,43,47,62,64,72,87,110]",38,1569,4,0.00254939451880178,1
"[0,1,2,3,4,5,6,7,8,9,10,11,12,13,14,15,16,17,18,19,21,24,27,28,29,32,38,43,47,62,64,72,87,110]",43,1569,41,0.0261312938177183,1
"[0,1,2,3,4,5,6,7,8,9,10,11,12,13,14,15,16,17,18,19,21,24,27,28,29,32,38,43,47,62,64,72,87,110]",47,1569,8,0.00509878903760357,1
"[0,1,2,3,4,5,6,7,8,9,10,11,12,13,14,15,16,17,18,19,21,24,27,28,29,32,38,43,47,62,64,72,87,110]",62,1569,72,0.0458891013384321,1
"[0,1,2,3,4,5,6,7,8,9,10,11,12,13,14,15,16,17,18,19,21,24,27,28,29,32,38,43,47,62,64,72,87,110]",64,1569,23,0.0146590184831103,1
"[0,1,2,3,4,5,6,7,8,9,10,11,12,13,14,15,16,17,18,19,21,24,27,28,29,32,38,43,47,62,64,72,87,110]",72,1569,7,0.00446144040790312,1
"[0,1,2,3,4,5,6,7,8,9,10,11,12,13,14,15,16,17,18,19,21,24,27,28,29,32,38,43,47,62,64,72,87,110]",87,1569,9,0.00573613766730402,1
"[0,1,2,3,4,5,6,7,8,9,10,11,12,13,14,15,16,17,18,19,21,24,27,28,29,32,38,43,47,62,64,72,87,110]",110,1569,1,0.000637348629700446,1
"[0,1,2,3,4,5,6,7,8,9,10,11,12,13,14,15,16,17,18,19,21,24,27,28,29,32,38,43,47,62,64,72,87]",0,30387,218,0.00717412051206108,10
"[0,1,2,3,4,5,6,7,8,9,10,11,12,13,14,15,16,17,18,19,21,24,27,28,29,32,38,43,47,62,64,72,87]",1,30387,3406,0.112087405798532,10
"[0,1,2,3,4,5,6,7,8,9,10,11,12,13,14,15,16,17,18,19,21,24,27,28,29,32,38,43,47,62,64,72,87]",2,30387,603,0.0198440122420772,10
"[0,1,2,3,4,5,6,7,8,9,10,11,12,13,14,15,16,17,18,19,21,24,27,28,29,32,38,43,47,62,64,72,87]",3,30387,171,0.00562740645670846,10
"[0,1,2,3,4,5,6,7,8,9,10,11,12,13,14,15,16,17,18,19,21,24,27,28,29,32,38,43,47,62,64,72,87]",4,30387,995,0.0327442656399118,10
"[0,1,2,3,4,5,6,7,8,9,10,11,12,13,14,15,16,17,18,19,21,24,27,28,29,32,38,43,47,62,64,72,87]",5,30387,518,0.0170467634185671,10
"[0,1,2,3,4,5,6,7,8,9,10,11,12,13,14,15,16,17,18,19,21,24,27,28,29,32,38,43,47,62,64,72,87]",6,30387,169,0.00556158883733175,10
"[0,1,2,3,4,5,6,7,8,9,10,11,12,13,14,15,16,17,18,19,21,24,27,28,29,32,38,43,47,62,64,72,87]",7,30387,4017,0.132194688518116,10
"[0,1,2,3,4,5,6,7,8,9,10,11,12,13,14,15,16,17,18,19,21,24,27,28,29,32,38,43,47,62,64,72,87]",8,30387,2324,0.0764800737157337,10
"[0,1,2,3,4,5,6,7,8,9,10,11,12,13,14,15,16,17,18,19,21,24,27,28,29,32,38,43,47,62,64,72,87]",9,30387,1188,0.039095665909764,10
"[0,1,2,3,4,5,6,7,8,9,10,11,12,13,14,15,16,17,18,19,21,24,27,28,29,32,38,43,47,62,64,72,87]",10,30387,1430,0.0470595978543456,10
"[0,1,2,3,4,5,6,7,8,9,10,11,12,13,14,15,16,17,18,19,21,24,27,28,29,32,38,43,47,62,64,72,87]",11,30387,1410,0.0464014216605785,10
"[0,1,2,3,4,5,6,7,8,9,10,11,12,13,14,15,16,17,18,19,21,24,27,28,29,32,38,43,47,62,64,72,87]",12,30387,450,0.0148089643597591,10
"[0,1,2,3,4,5,6,7,8,9,10,11,12,13,14,15,16,17,18,19,21,24,27,28,29,32,38,43,47,62,64,72,87]",13,30387,1484,0.0488366735775167,10
"[0,1,2,3,4,5,6,7,8,9,10,11,12,13,14,15,16,17,18,19,21,24,27,28,29,32,38,43,47,62,64,72,87]",14,30387,354,0.0116497186296772,10
"[0,1,2,3,4,5,6,7,8,9,10,11,12,13,14,15,16,17,18,19,21,24,27,28,29,32,38,43,47,62,64,72,87]",15,30387,525,0.0172771250863856,10
"[0,1,2,3,4,5,6,7,8,9,10,11,12,13,14,15,16,17,18,19,21,24,27,28,29,32,38,43,47,62,64,72,87]",16,30387,116,0.00381742192384901,10
"[0,1,2,3,4,5,6,7,8,9,10,11,12,13,14,15,16,17,18,19,21,24,27,28,29,32,38,43,47,62,64,72,87]",17,30387,446,0.0146773291210057,10
"[0,1,2,3,4,5,6,7,8,9,10,11,12,13,14,15,16,17,18,19,21,24,27,28,29,32,38,43,47,62,64,72,87]",18,30387,1104,0.0363313258959423,10
"[0,1,2,3,4,5,6,7,8,9,10,11,12,13,14,15,16,17,18,19,21,24,27,28,29,32,38,43,47,62,64,72,87]",19,30387,1325,0.0436041728370685,10
"[0,1,2,3,4,5,6,7,8,9,10,11,12,13,14,15,16,17,18,19,21,24,27,28,29,32,38,43,47,62,64,72,87]",21,30387,161,0.00529831835982492,10
"[0,1,2,3,4,5,6,7,8,9,10,11,12,13,14,15,16,17,18,19,21,24,27,28,29,32,38,43,47,62,64,72,87]",24,30387,1841,0.0605851186362589,10
"[0,1,2,3,4,5,6,7,8,9,10,11,12,13,14,15,16,17,18,19,21,24,27,28,29,32,38,43,47,62,64,72,87]",27,30387,356,0.0117155362490539,10
"[0,1,2,3,4,5,6,7,8,9,10,11,12,13,14,15,16,17,18,19,21,24,27,28,29,32,38,43,47,62,64,72,87]",28,30387,187,0.00615394741172212,10
"[0,1,2,3,4,5,6,7,8,9,10,11,12,13,14,15,16,17,18,19,21,24,27,28,29,32,38,43,47,62,64,72,87]",29,30387,331,0.010892816006845,10
"[0,1,2,3,4,5,6,7,8,9,10,11,12,13,14,15,16,17,18,19,21,24,27,28,29,32,38,43,47,62,64,72,87]",32,30387,289,0.00951064599993418,10
"[0,1,2,3,4,5,6,7,8,9,10,11,12,13,14,15,16,17,18,19,21,24,27,28,29,32,38,43,47,62,64,72,87]",38,30387,922,0.030341922532662,10
"[0,1,2,3,4,5,6,7,8,9,10,11,12,13,14,15,16,17,18,19,21,24,27,28,29,32,38,43,47,62,64,72,87]",43,30387,293,0.0096422812386876,10
"[0,1,2,3,4,5,6,7,8,9,10,11,12,13,14,15,16,17,18,19,21,24,27,28,29,32,38,43,47,62,64,72,87]",47,30387,472,0.0155329581729029,10
"[0,1,2,3,4,5,6,7,8,9,10,11,12,13,14,15,16,17,18,19,21,24,27,28,29,32,38,43,47,62,64,72,87]",62,30387,573,0.0188567479514266,10
"[0,1,2,3,4,5,6,7,8,9,10,11,12,13,14,15,16,17,18,19,21,24,27,28,29,32,38,43,47,62,64,72,87]",64,30387,237,0.0077993878961398,10
"[0,1,2,3,4,5,6,7,8,9,10,11,12,13,14,15,16,17,18,19,21,24,27,28,29,32,38,43,47,62,64,72,87]",72,30387,2117,0.0696679501102445,10
"[0,1,2,3,4,5,6,7,8,9,10,11,12,13,14,15,16,17,18,19,21,24,27,28,29,32,38,43,47,62,64,72,87]",87,30387,355,0.0116826274393655,10
"[0,1,2,3,4,5,6,7,8,9,10,11,12,13,14,15,16,17,18,19,21,24,27,28,29,32,38,43,47,62,64,87]",0,2044,16,0.00782778864970646,1
"[0,1,2,3,4,5,6,7,8,9,10,11,12,13,14,15,16,17,18,19,21,24,27,28,29,32,38,43,47,62,64,87]",1,2044,36,0.0176125244618395,1
"[0,1,2,3,4,5,6,7,8,9,10,11,12,13,14,15,16,17,18,19,21,24,27,28,29,32,38,43,47,62,64,87]",2,2044,56,0.0273972602739726,1
"[0,1,2,3,4,5,6,7,8,9,10,11,12,13,14,15,16,17,18,19,21,24,27,28,29,32,38,43,47,62,64,87]",3,2044,8,0.00391389432485323,1
"[0,1,2,3,4,5,6,7,8,9,10,11,12,13,14,15,16,17,18,19,21,24,27,28,29,32,38,43,47,62,64,87]",4,2044,34,0.0166340508806262,1
"[0,1,2,3,4,5,6,7,8,9,10,11,12,13,14,15,16,17,18,19,21,24,27,28,29,32,38,43,47,62,64,87]",5,2044,24,0.0117416829745597,1
"[0,1,2,3,4,5,6,7,8,9,10,11,12,13,14,15,16,17,18,19,21,24,27,28,29,32,38,43,47,62,64,87]",6,2044,10,0.00489236790606654,1
"[0,1,2,3,4,5,6,7,8,9,10,11,12,13,14,15,16,17,18,19,21,24,27,28,29,32,38,43,47,62,64,87]",7,2044,199,0.0973581213307241,1
"[0,1,2,3,4,5,6,7,8,9,10,11,12,13,14,15,16,17,18,19,21,24,27,28,29,32,38,43,47,62,64,87]",8,2044,25,0.0122309197651663,1
"[0,1,2,3,4,5,6,7,8,9,10,11,12,13,14,15,16,17,18,19,21,24,27,28,29,32,38,43,47,62,64,87]",9,2044,33,0.0161448140900196,1
"[0,1,2,3,4,5,6,7,8,9,10,11,12,13,14,15,16,17,18,19,21,24,27,28,29,32,38,43,47,62,64,87]",10,2044,62,0.0303326810176125,1
"[0,1,2,3,4,5,6,7,8,9,10,11,12,13,14,15,16,17,18,19,21,24,27,28,29,32,38,43,47,62,64,87]",11,2044,63,0.0308219178082192,1
"[0,1,2,3,4,5,6,7,8,9,10,11,12,13,14,15,16,17,18,19,21,24,27,28,29,32,38,43,47,62,64,87]",12,2044,29,0.014187866927593,1
"[0,1,2,3,4,5,6,7,8,9,10,11,12,13,14,15,16,17,18,19,21,24,27,28,29,32,38,43,47,62,64,87]",13,2044,87,0.0425636007827789,1
"[0,1,2,3,4,5,6,7,8,9,10,11,12,13,14,15,16,17,18,19,21,24,27,28,29,32,38,43,47,62,64,87]",14,2044,46,0.0225048923679061,1
"[0,1,2,3,4,5,6,7,8,9,10,11,12,13,14,15,16,17,18,19,21,24,27,28,29,32,38,43,47,62,64,87]",15,2044,35,0.0171232876712329,1
"[0,1,2,3,4,5,6,7,8,9,10,11,12,13,14,15,16,17,18,19,21,24,27,28,29,32,38,43,47,62,64,87]",16,2044,11,0.00538160469667319,1
"[0,1,2,3,4,5,6,7,8,9,10,11,12,13,14,15,16,17,18,19,21,24,27,28,29,32,38,43,47,62,64,87]",17,2044,142,0.0694716242661448,1
"[0,1,2,3,4,5,6,7,8,9,10,11,12,13,14,15,16,17,18,19,21,24,27,28,29,32,38,43,47,62,64,87]",18,2044,18,0.00880626223091976,1
"[0,1,2,3,4,5,6,7,8,9,10,11,12,13,14,15,16,17,18,19,21,24,27,28,29,32,38,43,47,62,64,87]",19,2044,33,0.0161448140900196,1
"[0,1,2,3,4,5,6,7,8,9,10,11,12,13,14,15,16,17,18,19,21,24,27,28,29,32,38,43,47,62,64,87]",21,2044,12,0.00587084148727984,1
"[0,1,2,3,4,5,6,7,8,9,10,11,12,13,14,15,16,17,18,19,21,24,27,28,29,32,38,43,47,62,64,87]",24,2044,20,0.00978473581213307,1
"[0,1,2,3,4,5,6,7,8,9,10,11,12,13,14,15,16,17,18,19,21,24,27,28,29,32,38,43,47,62,64,87]",27,2044,33,0.0161448140900196,1
"[0,1,2,3,4,5,6,7,8,9,10,11,12,13,14,15,16,17,18,19,21,24,27,28,29,32,38,43,47,62,64,87]",28,2044,25,0.0122309197651663,1
"[0,1,2,3,4,5,6,7,8,9,10,11,12,13,14,15,16,17,18,19,21,24,27,28,29,32,38,43,47,62,64,87]",29,2044,41,0.0200587084148728,1
"[0,1,2,3,4,5,6,7,8,9,10,11,12,13,14,15,16,17,18,19,21,24,27,28,29,32,38,43,47,62,64,87]",32,2044,26,0.012720156555773,1
"[0,1,2,3,4,5,6,7,8,9,10,11,12,13,14,15,16,17,18,19,21,24,27,28,29,32,38,43,47,62,64,87]",38,2044,527,0.257827788649706,1
"[0,1,2,3,4,5,6,7,8,9,10,11,12,13,14,15,16,17,18,19,21,24,27,28,29,32,38,43,47,62,64,87]",43,2044,21,0.0102739726027397,1
"[0,1,2,3,4,5,6,7,8,9,10,11,12,13,14,15,16,17,18,19,21,24,27,28,29,32,38,43,47,62,64,87]",47,2044,292,0.142857142857143,1
"[0,1,2,3,4,5,6,7,8,9,10,11,12,13,14,15,16,17,18,19,21,24,27,28,29,32,38,43,47,62,64,87]",62,2044,55,0.0269080234833659,1
"[0,1,2,3,4,5,6,7,8,9,10,11,12,13,14,15,16,17,18,19,21,24,27,28,29,32,38,43,47,62,64,87]",64,2044,16,0.00782778864970646,1
"[0,1,2,3,4,5,6,7,8,9,10,11,12,13,14,15,16,17,18,19,21,24,27,28,29,32,38,43,47,62,64,87]",87,2044,9,0.00440313111545988,1
"[0,1,2,3,4,5,6,7,8,9,10,11,12,13,14,15,16,17,18,19,21,24,27,28,29,32,43,44,45,47,62,64,72,87,110]",0,2282,21,0.00920245398773006,1
"[0,1,2,3,4,5,6,7,8,9,10,11,12,13,14,15,16,17,18,19,21,24,27,28,29,32,43,44,45,47,62,64,72,87,110]",1,2282,20,0.00876424189307625,1
"[0,1,2,3,4,5,6,7,8,9,10,11,12,13,14,15,16,17,18,19,21,24,27,28,29,32,43,44,45,47,62,64,72,87,110]",2,2282,69,0.0302366345311131,1
"[0,1,2,3,4,5,6,7,8,9,10,11,12,13,14,15,16,17,18,19,21,24,27,28,29,32,43,44,45,47,62,64,72,87,110]",3,2282,10,0.00438212094653812,1
"[0,1,2,3,4,5,6,7,8,9,10,11,12,13,14,15,16,17,18,19,21,24,27,28,29,32,43,44,45,47,62,64,72,87,110]",4,2282,674,0.29535495179667,1
"[0,1,2,3,4,5,6,7,8,9,10,11,12,13,14,15,16,17,18,19,21,24,27,28,29,32,43,44,45,47,62,64,72,87,110]",5,2282,599,0.262489044697634,1
"[0,1,2,3,4,5,6,7,8,9,10,11,12,13,14,15,16,17,18,19,21,24,27,28,29,32,43,44,45,47,62,64,72,87,110]",6,2282,14,0.00613496932515337,1
"[0,1,2,3,4,5,6,7,8,9,10,11,12,13,14,15,16,17,18,19,21,24,27,28,29,32,43,44,45,47,62,64,72,87,110]",7,2282,187,0.0819456617002629,1
"[0,1,2,3,4,5,6,7,8,9,10,11,12,13,14,15,16,17,18,19,21,24,27,28,29,32,43,44,45,47,62,64,72,87,110]",8,2282,14,0.00613496932515337,1
"[0,1,2,3,4,5,6,7,8,9,10,11,12,13,14,15,16,17,18,19,21,24,27,28,29,32,43,44,45,47,62,64,72,87,110]",9,2282,39,0.0170902716914987,1
"[0,1,2,3,4,5,6,7,8,9,10,11,12,13,14,15,16,17,18,19,21,24,27,28,29,32,43,44,45,47,62,64,72,87,110]",10,2282,48,0.021034180543383,1
"[0,1,2,3,4,5,6,7,8,9,10,11,12,13,14,15,16,17,18,19,21,24,27,28,29,32,43,44,45,47,62,64,72,87,110]",11,2282,97,0.0425065731814198,1
"[0,1,2,3,4,5,6,7,8,9,10,11,12,13,14,15,16,17,18,19,21,24,27,28,29,32,43,44,45,47,62,64,72,87,110]",12,2282,30,0.0131463628396144,1
"[0,1,2,3,4,5,6,7,8,9,10,11,12,13,14,15,16,17,18,19,21,24,27,28,29,32,43,44,45,47,62,64,72,87,110]",13,2282,48,0.021034180543383,1
"[0,1,2,3,4,5,6,7,8,9,10,11,12,13,14,15,16,17,18,19,21,24,27,28,29,32,43,44,45,47,62,64,72,87,110]",14,2282,18,0.00788781770376862,1
"[0,1,2,3,4,5,6,7,8,9,10,11,12,13,14,15,16,17,18,19,21,24,27,28,29,32,43,44,45,47,62,64,72,87,110]",15,2282,75,0.0328659070990359,1
"[0,1,2,3,4,5,6,7,8,9,10,11,12,13,14,15,16,17,18,19,21,24,27,28,29,32,43,44,45,47,62,64,72,87,110]",16,2282,10,0.00438212094653812,1
"[0,1,2,3,4,5,6,7,8,9,10,11,12,13,14,15,16,17,18,19,21,24,27,28,29,32,43,44,45,47,62,64,72,87,110]",17,2282,11,0.00482033304119194,1
"[0,1,2,3,4,5,6,7,8,9,10,11,12,13,14,15,16,17,18,19,21,24,27,28,29,32,43,44,45,47,62,64,72,87,110]",18,2282,16,0.007011393514461,1
"[0,1,2,3,4,5,6,7,8,9,10,11,12,13,14,15,16,17,18,19,21,24,27,28,29,32,43,44,45,47,62,64,72,87,110]",19,2282,20,0.00876424189307625,1
"[0,1,2,3,4,5,6,7,8,9,10,11,12,13,14,15,16,17,18,19,21,24,27,28,29,32,43,44,45,47,62,64,72,87,110]",21,2282,11,0.00482033304119194,1
"[0,1,2,3,4,5,6,7,8,9,10,11,12,13,14,15,16,17,18,19,21,24,27,28,29,32,43,44,45,47,62,64,72,87,110]",24,2282,26,0.0113935144609991,1
"[0,1,2,3,4,5,6,7,8,9,10,11,12,13,14,15,16,17,18,19,21,24,27,28,29,32,43,44,45,47,62,64,72,87,110]",27,2282,27,0.0118317265556529,1
"[0,1,2,3,4,5,6,7,8,9,10,11,12,13,14,15,16,17,18,19,21,24,27,28,29,32,43,44,45,47,62,64,72,87,110]",28,2282,17,0.00744960560911481,1
"[0,1,2,3,4,5,6,7,8,9,10,11,12,13,14,15,16,17,18,19,21,24,27,28,29,32,43,44,45,47,62,64,72,87,110]",29,2282,39,0.0170902716914987,1
"[0,1,2,3,4,5,6,7,8,9,10,11,12,13,14,15,16,17,18,19,21,24,27,28,29,32,43,44,45,47,62,64,72,87,110]",32,2282,19,0.00832602979842244,1
"[0,1,2,3,4,5,6,7,8,9,10,11,12,13,14,15,16,17,18,19,21,24,27,28,29,32,43,44,45,47,62,64,72,87,110]",43,2282,33,0.0144609991235758,1
"[0,1,2,3,4,5,6,7,8,9,10,11,12,13,14,15,16,17,18,19,21,24,27,28,29,32,43,44,45,47,62,64,72,87,110]",44,2282,7,0.00306748466257669,1
"[0,1,2,3,4,5,6,7,8,9,10,11,12,13,14,15,16,17,18,19,21,24,27,28,29,32,43,44,45,47,62,64,72,87,110]",45,2282,3,0.00131463628396144,1
"[0,1,2,3,4,5,6,7,8,9,10,11,12,13,14,15,16,17,18,19,21,24,27,28,29,32,43,44,45,47,62,64,72,87,110]",47,2282,4,0.00175284837861525,1
"[0,1,2,3,4,5,6,7,8,9,10,11,12,13,14,15,16,17,18,19,21,24,27,28,29,32,43,44,45,47,62,64,72,87,110]",62,2282,60,0.0262927256792287,1
"[0,1,2,3,4,5,6,7,8,9,10,11,12,13,14,15,16,17,18,19,21,24,27,28,29,32,43,44,45,47,62,64,72,87,110]",64,2282,11,0.00482033304119194,1
"[0,1,2,3,4,5,6,7,8,9,10,11,12,13,14,15,16,17,18,19,21,24,27,28,29,32,43,44,45,47,62,64,72,87,110]",72,2282,2,0.000876424189307625,1
"[0,1,2,3,4,5,6,7,8,9,10,11,12,13,14,15,16,17,18,19,21,24,27,28,29,32,43,44,45,47,62,64,72,87,110]",87,2282,2,0.000876424189307625,1
"[0,1,2,3,4,5,6,7,8,9,10,11,12,13,14,15,16,17,18,19,21,24,27,28,29,32,43,44,45,47,62,64,72,87,110]",110,2282,1,0.000438212094653812,1
"[0,1,2,3,4,5,6,7,8,9,10,11,12,13,14,15,16,17,18,19,21,24,27,28,29,32,43,44,45,50,62,64,72,87]",0,2433,28,0.011508425811755,1
"[0,1,2,3,4,5,6,7,8,9,10,11,12,13,14,15,16,17,18,19,21,24,27,28,29,32,43,44,45,50,62,64,72,87]",1,2433,591,0.242909987669544,1
"[0,1,2,3,4,5,6,7,8,9,10,11,12,13,14,15,16,17,18,19,21,24,27,28,29,32,43,44,45,50,62,64,72,87]",2,2433,44,0.0180846691327579,1
"[0,1,2,3,4,5,6,7,8,9,10,11,12,13,14,15,16,17,18,19,21,24,27,28,29,32,43,44,45,50,62,64,72,87]",3,2433,17,0.00698725852856556,1
"[0,1,2,3,4,5,6,7,8,9,10,11,12,13,14,15,16,17,18,19,21,24,27,28,29,32,43,44,45,50,62,64,72,87]",4,2433,118,0.0484997944923962,1
"[0,1,2,3,4,5,6,7,8,9,10,11,12,13,14,15,16,17,18,19,21,24,27,28,29,32,43,44,45,50,62,64,72,87]",5,2433,78,0.032059186189889,1
"[0,1,2,3,4,5,6,7,8,9,10,11,12,13,14,15,16,17,18,19,21,24,27,28,29,32,43,44,45,50,62,64,72,87]",6,2433,10,0.0041101520756268,1
"[0,1,2,3,4,5,6,7,8,9,10,11,12,13,14,15,16,17,18,19,21,24,27,28,29,32,43,44,45,50,62,64,72,87]",7,2433,177,0.0727496917385943,1
"[0,1,2,3,4,5,6,7,8,9,10,11,12,13,14,15,16,17,18,19,21,24,27,28,29,32,43,44,45,50,62,64,72,87]",8,2433,320,0.131524866420058,1
"[0,1,2,3,4,5,6,7,8,9,10,11,12,13,14,15,16,17,18,19,21,24,27,28,29,32,43,44,45,50,62,64,72,87]",9,2433,49,0.0201397451705713,1
"[0,1,2,3,4,5,6,7,8,9,10,11,12,13,14,15,16,17,18,19,21,24,27,28,29,32,43,44,45,50,62,64,72,87]",10,2433,55,0.0226058364159474,1
"[0,1,2,3,4,5,6,7,8,9,10,11,12,13,14,15,16,17,18,19,21,24,27,28,29,32,43,44,45,50,62,64,72,87]",11,2433,103,0.042334566378956,1
"[0,1,2,3,4,5,6,7,8,9,10,11,12,13,14,15,16,17,18,19,21,24,27,28,29,32,43,44,45,50,62,64,72,87]",12,2433,41,0.0168516235100699,1
"[0,1,2,3,4,5,6,7,8,9,10,11,12,13,14,15,16,17,18,19,21,24,27,28,29,32,43,44,45,50,62,64,72,87]",13,2433,79,0.0324702013974517,1
"[0,1,2,3,4,5,6,7,8,9,10,11,12,13,14,15,16,17,18,19,21,24,27,28,29,32,43,44,45,50,62,64,72,87]",14,2433,48,0.0197287299630086,1
"[0,1,2,3,4,5,6,7,8,9,10,11,12,13,14,15,16,17,18,19,21,24,27,28,29,32,43,44,45,50,62,64,72,87]",15,2433,47,0.019317714755446,1
"[0,1,2,3,4,5,6,7,8,9,10,11,12,13,14,15,16,17,18,19,21,24,27,28,29,32,43,44,45,50,62,64,72,87]",16,2433,13,0.00534319769831484,1
"[0,1,2,3,4,5,6,7,8,9,10,11,12,13,14,15,16,17,18,19,21,24,27,28,29,32,43,44,45,50,62,64,72,87]",17,2433,18,0.00739827373612824,1
"[0,1,2,3,4,5,6,7,8,9,10,11,12,13,14,15,16,17,18,19,21,24,27,28,29,32,43,44,45,50,62,64,72,87]",18,2433,12,0.00493218249075216,1
"[0,1,2,3,4,5,6,7,8,9,10,11,12,13,14,15,16,17,18,19,21,24,27,28,29,32,43,44,45,50,62,64,72,87]",19,2433,27,0.0110974106041924,1
"[0,1,2,3,4,5,6,7,8,9,10,11,12,13,14,15,16,17,18,19,21,24,27,28,29,32,43,44,45,50,62,64,72,87]",21,2433,6,0.00246609124537608,1
"[0,1,2,3,4,5,6,7,8,9,10,11,12,13,14,15,16,17,18,19,21,24,27,28,29,32,43,44,45,50,62,64,72,87]",24,2433,118,0.0484997944923962,1
"[0,1,2,3,4,5,6,7,8,9,10,11,12,13,14,15,16,17,18,19,21,24,27,28,29,32,43,44,45,50,62,64,72,87]",27,2433,36,0.0147965474722565,1
"[0,1,2,3,4,5,6,7,8,9,10,11,12,13,14,15,16,17,18,19,21,24,27,28,29,32,43,44,45,50,62,64,72,87]",28,2433,10,0.0041101520756268,1
"[0,1,2,3,4,5,6,7,8,9,10,11,12,13,14,15,16,17,18,19,21,24,27,28,29,32,43,44,45,50,62,64,72,87]",29,2433,20,0.0082203041512536,1
"[0,1,2,3,4,5,6,7,8,9,10,11,12,13,14,15,16,17,18,19,21,24,27,28,29,32,43,44,45,50,62,64,72,87]",32,2433,26,0.0106863953966297,1
"[0,1,2,3,4,5,6,7,8,9,10,11,12,13,14,15,16,17,18,19,21,24,27,28,29,32,43,44,45,50,62,64,72,87]",43,2433,52,0.0213727907932593,1
"[0,1,2,3,4,5,6,7,8,9,10,11,12,13,14,15,16,17,18,19,21,24,27,28,29,32,43,44,45,50,62,64,72,87]",44,2433,13,0.00534319769831484,1
"[0,1,2,3,4,5,6,7,8,9,10,11,12,13,14,15,16,17,18,19,21,24,27,28,29,32,43,44,45,50,62,64,72,87]",45,2433,28,0.011508425811755,1
"[0,1,2,3,4,5,6,7,8,9,10,11,12,13,14,15,16,17,18,19,21,24,27,28,29,32,43,44,45,50,62,64,72,87]",50,2433,8,0.00328812166050144,1
"[0,1,2,3,4,5,6,7,8,9,10,11,12,13,14,15,16,17,18,19,21,24,27,28,29,32,43,44,45,50,62,64,72,87]",62,2433,224,0.0920674064940403,1
"[0,1,2,3,4,5,6,7,8,9,10,11,12,13,14,15,16,17,18,19,21,24,27,28,29,32,43,44,45,50,62,64,72,87]",64,2433,9,0.00369913686806412,1
"[0,1,2,3,4,5,6,7,8,9,10,11,12,13,14,15,16,17,18,19,21,24,27,28,29,32,43,44,45,50,62,64,72,87]",72,2433,2,0.00082203041512536,1
"[0,1,2,3,4,5,6,7,8,9,10,11,12,13,14,15,16,17,18,19,21,24,27,28,29,32,43,44,45,50,62,64,72,87]",87,2433,6,0.00246609124537608,1
"[0,1,2,3,4,5,6,7,8,9,10,11,12,13,14,15,16,17,18,19,21,24,27,28,29,32,43,44,45,50,62]",0,9791,134,0.0136860381983454,5
"[0,1,2,3,4,5,6,7,8,9,10,11,12,13,14,15,16,17,18,19,21,24,27,28,29,32,43,44,45,50,62]",1,9791,349,0.0356449800837504,5
"[0,1,2,3,4,5,6,7,8,9,10,11,12,13,14,15,16,17,18,19,21,24,27,28,29,32,43,44,45,50,62]",2,9791,406,0.0414666530487182,5
"[0,1,2,3,4,5,6,7,8,9,10,11,12,13,14,15,16,17,18,19,21,24,27,28,29,32,43,44,45,50,62]",3,9791,138,0.0140945766520274,5
"[0,1,2,3,4,5,6,7,8,9,10,11,12,13,14,15,16,17,18,19,21,24,27,28,29,32,43,44,45,50,62]",4,9791,360,0.0367684608313758,5
"[0,1,2,3,4,5,6,7,8,9,10,11,12,13,14,15,16,17,18,19,21,24,27,28,29,32,43,44,45,50,62]",5,9791,296,0.0302318455724645,5
"[0,1,2,3,4,5,6,7,8,9,10,11,12,13,14,15,16,17,18,19,21,24,27,28,29,32,43,44,45,50,62]",6,9791,592,0.060463691144929,5
"[0,1,2,3,4,5,6,7,8,9,10,11,12,13,14,15,16,17,18,19,21,24,27,28,29,32,43,44,45,50,62]",7,9791,1239,0.126544786027985,5
"[0,1,2,3,4,5,6,7,8,9,10,11,12,13,14,15,16,17,18,19,21,24,27,28,29,32,43,44,45,50,62]",8,9791,209,0.021346134204882,5
"[0,1,2,3,4,5,6,7,8,9,10,11,12,13,14,15,16,17,18,19,21,24,27,28,29,32,43,44,45,50,62]",9,9791,286,0.0292104994382596,5
"[0,1,2,3,4,5,6,7,8,9,10,11,12,13,14,15,16,17,18,19,21,24,27,28,29,32,43,44,45,50,62]",10,9791,323,0.0329894801348177,5
"[0,1,2,3,4,5,6,7,8,9,10,11,12,13,14,15,16,17,18,19,21,24,27,28,29,32,43,44,45,50,62]",11,9791,516,0.0527014605249719,5
"[0,1,2,3,4,5,6,7,8,9,10,11,12,13,14,15,16,17,18,19,21,24,27,28,29,32,43,44,45,50,62]",12,9791,340,0.034725768562966,5
"[0,1,2,3,4,5,6,7,8,9,10,11,12,13,14,15,16,17,18,19,21,24,27,28,29,32,43,44,45,50,62]",13,9791,421,0.0429986722500255,5
"[0,1,2,3,4,5,6,7,8,9,10,11,12,13,14,15,16,17,18,19,21,24,27,28,29,32,43,44,45,50,62]",14,9791,262,0.0267592687161679,5
"[0,1,2,3,4,5,6,7,8,9,10,11,12,13,14,15,16,17,18,19,21,24,27,28,29,32,43,44,45,50,62]",15,9791,261,0.0266571341027474,5
"[0,1,2,3,4,5,6,7,8,9,10,11,12,13,14,15,16,17,18,19,21,24,27,28,29,32,43,44,45,50,62]",16,9791,78,0.00796649984679808,5
"[0,1,2,3,4,5,6,7,8,9,10,11,12,13,14,15,16,17,18,19,21,24,27,28,29,32,43,44,45,50,62]",17,9791,200,0.0204269226840976,5
"[0,1,2,3,4,5,6,7,8,9,10,11,12,13,14,15,16,17,18,19,21,24,27,28,29,32,43,44,45,50,62]",18,9791,472,0.0482075375344704,5
"[0,1,2,3,4,5,6,7,8,9,10,11,12,13,14,15,16,17,18,19,21,24,27,28,29,32,43,44,45,50,62]",19,9791,522,0.0533142682054948,5
"[0,1,2,3,4,5,6,7,8,9,10,11,12,13,14,15,16,17,18,19,21,24,27,28,29,32,43,44,45,50,62]",21,9791,53,0.00541313451128587,5
"[0,1,2,3,4,5,6,7,8,9,10,11,12,13,14,15,16,17,18,19,21,24,27,28,29,32,43,44,45,50,62]",24,9791,284,0.0290062302114187,5
"[0,1,2,3,4,5,6,7,8,9,10,11,12,13,14,15,16,17,18,19,21,24,27,28,29,32,43,44,45,50,62]",27,9791,203,0.0207333265243591,5
"[0,1,2,3,4,5,6,7,8,9,10,11,12,13,14,15,16,17,18,19,21,24,27,28,29,32,43,44,45,50,62]",28,9791,176,0.0179756919620059,5
"[0,1,2,3,4,5,6,7,8,9,10,11,12,13,14,15,16,17,18,19,21,24,27,28,29,32,43,44,45,50,62]",29,9791,250,0.025533653355122,5
"[0,1,2,3,4,5,6,7,8,9,10,11,12,13,14,15,16,17,18,19,21,24,27,28,29,32,43,44,45,50,62]",32,9791,175,0.0178735573485854,5
"[0,1,2,3,4,5,6,7,8,9,10,11,12,13,14,15,16,17,18,19,21,24,27,28,29,32,43,44,45,50,62]",43,9791,209,0.021346134204882,5
"[0,1,2,3,4,5,6,7,8,9,10,11,12,13,14,15,16,17,18,19,21,24,27,28,29,32,43,44,45,50,62]",44,9791,59,0.0060259421918088,5
"[0,1,2,3,4,5,6,7,8,9,10,11,12,13,14,15,16,17,18,19,21,24,27,28,29,32,43,44,45,50,62]",45,9791,136,0.0138903074251864,5
"[0,1,2,3,4,5,6,7,8,9,10,11,12,13,14,15,16,17,18,19,21,24,27,28,29,32,43,44,45,50,62]",50,9791,74,0.00755796139311613,5
"[0,1,2,3,4,5,6,7,8,9,10,11,12,13,14,15,16,17,18,19,21,24,27,28,29,32,43,44,45,50,62]",62,9791,768,0.0784393831069349,5
"[0,1,2,3,4,5,6,7,8,9,10,11,12,13,14,15,16,17,18,19,21,24,27,28,29,32,43,44,45,62,64,72,87]",0,18138,221,0.0121843643180064,8
"[0,1,2,3,4,5,6,7,8,9,10,11,12,13,14,15,16,17,18,19,21,24,27,28,29,32,43,44,45,62,64,72,87]",1,18138,1481,0.081651780791708,8
"[0,1,2,3,4,5,6,7,8,9,10,11,12,13,14,15,16,17,18,19,21,24,27,28,29,32,43,44,45,62,64,72,87]",2,18138,533,0.0293858198257801,8
"[0,1,2,3,4,5,6,7,8,9,10,11,12,13,14,15,16,17,18,19,21,24,27,28,29,32,43,44,45,62,64,72,87]",3,18138,179,0.00986878376888301,8
"[0,1,2,3,4,5,6,7,8,9,10,11,12,13,14,15,16,17,18,19,21,24,27,28,29,32,43,44,45,62,64,72,87]",4,18138,2051,0.113077516815525,8
"[0,1,2,3,4,5,6,7,8,9,10,11,12,13,14,15,16,17,18,19,21,24,27,28,29,32,43,44,45,62,64,72,87]",5,18138,1736,0.0957106626971,8
"[0,1,2,3,4,5,6,7,8,9,10,11,12,13,14,15,16,17,18,19,21,24,27,28,29,32,43,44,45,62,64,72,87]",6,18138,273,0.015051273569302,8
"[0,1,2,3,4,5,6,7,8,9,10,11,12,13,14,15,16,17,18,19,21,24,27,28,29,32,43,44,45,62,64,72,87]",7,18138,1716,0.0946080052927555,8
"[0,1,2,3,4,5,6,7,8,9,10,11,12,13,14,15,16,17,18,19,21,24,27,28,29,32,43,44,45,62,64,72,87]",8,18138,710,0.0391443378542287,8
"[0,1,2,3,4,5,6,7,8,9,10,11,12,13,14,15,16,17,18,19,21,24,27,28,29,32,43,44,45,62,64,72,87]",9,18138,380,0.0209504906825449,8
"[0,1,2,3,4,5,6,7,8,9,10,11,12,13,14,15,16,17,18,19,21,24,27,28,29,32,43,44,45,62,64,72,87]",10,18138,503,0.0277318337192634,8
"[0,1,2,3,4,5,6,7,8,9,10,11,12,13,14,15,16,17,18,19,21,24,27,28,29,32,43,44,45,62,64,72,87]",11,18138,797,0.0439408975631271,8
"[0,1,2,3,4,5,6,7,8,9,10,11,12,13,14,15,16,17,18,19,21,24,27,28,29,32,43,44,45,62,64,72,87]",12,18138,270,0.0148858749586503,8
"[0,1,2,3,4,5,6,7,8,9,10,11,12,13,14,15,16,17,18,19,21,24,27,28,29,32,43,44,45,62,64,72,87]",13,18138,525,0.0289447568640423,8
"[0,1,2,3,4,5,6,7,8,9,10,11,12,13,14,15,16,17,18,19,21,24,27,28,29,32,43,44,45,62,64,72,87]",14,18138,419,0.0231006726210167,8
"[0,1,2,3,4,5,6,7,8,9,10,11,12,13,14,15,16,17,18,19,21,24,27,28,29,32,43,44,45,62,64,72,87]",15,18138,751,0.0414047855331349,8
"[0,1,2,3,4,5,6,7,8,9,10,11,12,13,14,15,16,17,18,19,21,24,27,28,29,32,43,44,45,62,64,72,87]",16,18138,102,0.0056235527621568,8
"[0,1,2,3,4,5,6,7,8,9,10,11,12,13,14,15,16,17,18,19,21,24,27,28,29,32,43,44,45,62,64,72,87]",17,18138,361,0.0199029661484177,8
"[0,1,2,3,4,5,6,7,8,9,10,11,12,13,14,15,16,17,18,19,21,24,27,28,29,32,43,44,45,62,64,72,87]",18,18138,249,0.0137280846840887,8
"[0,1,2,3,4,5,6,7,8,9,10,11,12,13,14,15,16,17,18,19,21,24,27,28,29,32,43,44,45,62,64,72,87]",19,18138,301,0.0165949939353843,8
"[0,1,2,3,4,5,6,7,8,9,10,11,12,13,14,15,16,17,18,19,21,24,27,28,29,32,43,44,45,62,64,72,87]",21,18138,148,0.00815966479214908,8
"[0,1,2,3,4,5,6,7,8,9,10,11,12,13,14,15,16,17,18,19,21,24,27,28,29,32,43,44,45,62,64,72,87]",24,18138,1425,0.0785643400595435,8
"[0,1,2,3,4,5,6,7,8,9,10,11,12,13,14,15,16,17,18,19,21,24,27,28,29,32,43,44,45,62,64,72,87]",27,18138,308,0.0169809240269048,8
"[0,1,2,3,4,5,6,7,8,9,10,11,12,13,14,15,16,17,18,19,21,24,27,28,29,32,43,44,45,62,64,72,87]",28,18138,128,0.00705700738780461,8
"[0,1,2,3,4,5,6,7,8,9,10,11,12,13,14,15,16,17,18,19,21,24,27,28,29,32,43,44,45,62,64,72,87]",29,18138,311,0.0171463226375565,8
"[0,1,2,3,4,5,6,7,8,9,10,11,12,13,14,15,16,17,18,19,21,24,27,28,29,32,43,44,45,62,64,72,87]",32,18138,274,0.0151064064395192,8
"[0,1,2,3,4,5,6,7,8,9,10,11,12,13,14,15,16,17,18,19,21,24,27,28,29,32,43,44,45,62,64,72,87]",43,18138,293,0.0161539309736465,8
"[0,1,2,3,4,5,6,7,8,9,10,11,12,13,14,15,16,17,18,19,21,24,27,28,29,32,43,44,45,62,64,72,87]",44,18138,88,0.00485169257911567,8
"[0,1,2,3,4,5,6,7,8,9,10,11,12,13,14,15,16,17,18,19,21,24,27,28,29,32,43,44,45,62,64,72,87]",45,18138,293,0.0161539309736465,8
"[0,1,2,3,4,5,6,7,8,9,10,11,12,13,14,15,16,17,18,19,21,24,27,28,29,32,43,44,45,62,64,72,87]",62,18138,606,0.0334105193516374,8
"[0,1,2,3,4,5,6,7,8,9,10,11,12,13,14,15,16,17,18,19,21,24,27,28,29,32,43,44,45,62,64,72,87]",64,18138,121,0.00667107729628404,8
"[0,1,2,3,4,5,6,7,8,9,10,11,12,13,14,15,16,17,18,19,21,24,27,28,29,32,43,44,45,62,64,72,87]",72,18138,495,0.0272907707575256,8
"[0,1,2,3,4,5,6,7,8,9,10,11,12,13,14,15,16,17,18,19,21,24,27,28,29,32,43,44,45,62,64,72,87]",87,18138,90,0.00496195831955012,8
"[0,1,2,3,4,5,6,7,8,9,10,11,12,13,14,15,16,17,18,19,21,24,27,28,29,32,43,44,45,62,64,87]",0,2040,25,0.0122549019607843,1
"[0,1,2,3,4,5,6,7,8,9,10,11,12,13,14,15,16,17,18,19,21,24,27,28,29,32,43,44,45,62,64,87]",1,2040,24,0.0117647058823529,1
"[0,1,2,3,4,5,6,7,8,9,10,11,12,13,14,15,16,17,18,19,21,24,27,28,29,32,43,44,45,62,64,87]",2,2040,79,0.0387254901960784,1
"[0,1,2,3,4,5,6,7,8,9,10,11,12,13,14,15,16,17,18,19,21,24,27,28,29,32,43,44,45,62,64,87]",3,2040,5,0.00245098039215686,1
"[0,1,2,3,4,5,6,7,8,9,10,11,12,13,14,15,16,17,18,19,21,24,27,28,29,32,43,44,45,62,64,87]",4,2040,41,0.0200980392156863,1
"[0,1,2,3,4,5,6,7,8,9,10,11,12,13,14,15,16,17,18,19,21,24,27,28,29,32,43,44,45,62,64,87]",5,2040,24,0.0117647058823529,1
"[0,1,2,3,4,5,6,7,8,9,10,11,12,13,14,15,16,17,18,19,21,24,27,28,29,32,43,44,45,62,64,87]",6,2040,947,0.46421568627451,1
"[0,1,2,3,4,5,6,7,8,9,10,11,12,13,14,15,16,17,18,19,21,24,27,28,29,32,43,44,45,62,64,87]",7,2040,204,0.1,1
"[0,1,2,3,4,5,6,7,8,9,10,11,12,13,14,15,16,17,18,19,21,24,27,28,29,32,43,44,45,62,64,87]",8,2040,22,0.0107843137254902,1
"[0,1,2,3,4,5,6,7,8,9,10,11,12,13,14,15,16,17,18,19,21,24,27,28,29,32,43,44,45,62,64,87]",9,2040,39,0.0191176470588235,1
"[0,1,2,3,4,5,6,7,8,9,10,11,12,13,14,15,16,17,18,19,21,24,27,28,29,32,43,44,45,62,64,87]",10,2040,43,0.021078431372549,1
"[0,1,2,3,4,5,6,7,8,9,10,11,12,13,14,15,16,17,18,19,21,24,27,28,29,32,43,44,45,62,64,87]",11,2040,52,0.0254901960784314,1
"[0,1,2,3,4,5,6,7,8,9,10,11,12,13,14,15,16,17,18,19,21,24,27,28,29,32,43,44,45,62,64,87]",12,2040,28,0.0137254901960784,1
"[0,1,2,3,4,5,6,7,8,9,10,11,12,13,14,15,16,17,18,19,21,24,27,28,29,32,43,44,45,62,64,87]",13,2040,59,0.028921568627451,1
"[0,1,2,3,4,5,6,7,8,9,10,11,12,13,14,15,16,17,18,19,21,24,27,28,29,32,43,44,45,62,64,87]",14,2040,28,0.0137254901960784,1
"[0,1,2,3,4,5,6,7,8,9,10,11,12,13,14,15,16,17,18,19,21,24,27,28,29,32,43,44,45,62,64,87]",15,2040,6,0.00294117647058824,1
"[0,1,2,3,4,5,6,7,8,9,10,11,12,13,14,15,16,17,18,19,21,24,27,28,29,32,43,44,45,62,64,87]",16,2040,15,0.00735294117647059,1
"[0,1,2,3,4,5,6,7,8,9,10,11,12,13,14,15,16,17,18,19,21,24,27,28,29,32,43,44,45,62,64,87]",17,2040,46,0.0225490196078431,1
"[0,1,2,3,4,5,6,7,8,9,10,11,12,13,14,15,16,17,18,19,21,24,27,28,29,32,43,44,45,62,64,87]",18,2040,22,0.0107843137254902,1
"[0,1,2,3,4,5,6,7,8,9,10,11,12,13,14,15,16,17,18,19,21,24,27,28,29,32,43,44,45,62,64,87]",19,2040,32,0.0156862745098039,1
"[0,1,2,3,4,5,6,7,8,9,10,11,12,13,14,15,16,17,18,19,21,24,27,28,29,32,43,44,45,62,64,87]",21,2040,15,0.00735294117647059,1
"[0,1,2,3,4,5,6,7,8,9,10,11,12,13,14,15,16,17,18,19,21,24,27,28,29,32,43,44,45,62,64,87]",24,2040,15,0.00735294117647059,1
"[0,1,2,3,4,5,6,7,8,9,10,11,12,13,14,15,16,17,18,19,21,24,27,28,29,32,43,44,45,62,64,87]",27,2040,30,0.0147058823529412,1
"[0,1,2,3,4,5,6,7,8,9,10,11,12,13,14,15,16,17,18,19,21,24,27,28,29,32,43,44,45,62,64,87]",28,2040,24,0.0117647058823529,1
"[0,1,2,3,4,5,6,7,8,9,10,11,12,13,14,15,16,17,18,19,21,24,27,28,29,32,43,44,45,62,64,87]",29,2040,40,0.0196078431372549,1
"[0,1,2,3,4,5,6,7,8,9,10,11,12,13,14,15,16,17,18,19,21,24,27,28,29,32,43,44,45,62,64,87]",32,2040,20,0.00980392156862745,1
"[0,1,2,3,4,5,6,7,8,9,10,11,12,13,14,15,16,17,18,19,21,24,27,28,29,32,43,44,45,62,64,87]",43,2040,32,0.0156862745098039,1
"[0,1,2,3,4,5,6,7,8,9,10,11,12,13,14,15,16,17,18,19,21,24,27,28,29,32,43,44,45,62,64,87]",44,2040,12,0.00588235294117647,1
"[0,1,2,3,4,5,6,7,8,9,10,11,12,13,14,15,16,17,18,19,21,24,27,28,29,32,43,44,45,62,64,87]",45,2040,20,0.00980392156862745,1
"[0,1,2,3,4,5,6,7,8,9,10,11,12,13,14,15,16,17,18,19,21,24,27,28,29,32,43,44,45,62,64,87]",62,2040,66,0.0323529411764706,1
"[0,1,2,3,4,5,6,7,8,9,10,11,12,13,14,15,16,17,18,19,21,24,27,28,29,32,43,44,45,62,64,87]",64,2040,13,0.00637254901960784,1
"[0,1,2,3,4,5,6,7,8,9,10,11,12,13,14,15,16,17,18,19,21,24,27,28,29,32,43,44,45,62,64,87]",87,2040,12,0.00588235294117647,1
"[0,1,2,3,4,5,6,7,8,9,10,11,12,13,14,15,16,17,18,19,21,24,27,28,29,32,43,47,62,64,72,87]",0,9083,33,0.00363316084993945,1
"[0,1,2,3,4,5,6,7,8,9,10,11,12,13,14,15,16,17,18,19,21,24,27,28,29,32,43,47,62,64,72,87]",1,9083,30,0.00330287349994495,1
"[0,1,2,3,4,5,6,7,8,9,10,11,12,13,14,15,16,17,18,19,21,24,27,28,29,32,43,47,62,64,72,87]",2,9083,36,0.00396344819993394,1
"[0,1,2,3,4,5,6,7,8,9,10,11,12,13,14,15,16,17,18,19,21,24,27,28,29,32,43,47,62,64,72,87]",3,9083,6,0.00066057469998899,1
"[0,1,2,3,4,5,6,7,8,9,10,11,12,13,14,15,16,17,18,19,21,24,27,28,29,32,43,47,62,64,72,87]",4,9083,289,0.031817681382803,1
"[0,1,2,3,4,5,6,7,8,9,10,11,12,13,14,15,16,17,18,19,21,24,27,28,29,32,43,47,62,64,72,87]",5,9083,253,0.0278542331828691,1
"[0,1,2,3,4,5,6,7,8,9,10,11,12,13,14,15,16,17,18,19,21,24,27,28,29,32,43,47,62,64,72,87]",6,9083,19,0.00209181988329847,1
"[0,1,2,3,4,5,6,7,8,9,10,11,12,13,14,15,16,17,18,19,21,24,27,28,29,32,43,47,62,64,72,87]",7,9083,3115,0.342948365077618,1
"[0,1,2,3,4,5,6,7,8,9,10,11,12,13,14,15,16,17,18,19,21,24,27,28,29,32,43,47,62,64,72,87]",8,9083,22,0.00242210723329296,1
"[0,1,2,3,4,5,6,7,8,9,10,11,12,13,14,15,16,17,18,19,21,24,27,28,29,32,43,47,62,64,72,87]",9,9083,1122,0.123527468897941,1
"[0,1,2,3,4,5,6,7,8,9,10,11,12,13,14,15,16,17,18,19,21,24,27,28,29,32,43,47,62,64,72,87]",10,9083,1332,0.146647583397556,1
"[0,1,2,3,4,5,6,7,8,9,10,11,12,13,14,15,16,17,18,19,21,24,27,28,29,32,43,47,62,64,72,87]",11,9083,1181,0.1300231201145,1
"[0,1,2,3,4,5,6,7,8,9,10,11,12,13,14,15,16,17,18,19,21,24,27,28,29,32,43,47,62,64,72,87]",12,9083,15,0.00165143674997248,1
"[0,1,2,3,4,5,6,7,8,9,10,11,12,13,14,15,16,17,18,19,21,24,27,28,29,32,43,47,62,64,72,87]",13,9083,1233,0.135748100847738,1
"[0,1,2,3,4,5,6,7,8,9,10,11,12,13,14,15,16,17,18,19,21,24,27,28,29,32,43,47,62,64,72,87]",14,9083,17,0.00187162831663547,1
"[0,1,2,3,4,5,6,7,8,9,10,11,12,13,14,15,16,17,18,19,21,24,27,28,29,32,43,47,62,64,72,87]",15,9083,44,0.00484421446658593,1
"[0,1,2,3,4,5,6,7,8,9,10,11,12,13,14,15,16,17,18,19,21,24,27,28,29,32,43,47,62,64,72,87]",16,9083,18,0.00198172409996697,1
"[0,1,2,3,4,5,6,7,8,9,10,11,12,13,14,15,16,17,18,19,21,24,27,28,29,32,43,47,62,64,72,87]",17,9083,16,0.00176153253330397,1
"[0,1,2,3,4,5,6,7,8,9,10,11,12,13,14,15,16,17,18,19,21,24,27,28,29,32,43,47,62,64,72,87]",18,9083,26,0.00286249036661896,1
"[0,1,2,3,4,5,6,7,8,9,10,11,12,13,14,15,16,17,18,19,21,24,27,28,29,32,43,47,62,64,72,87]",19,9083,42,0.00462402289992293,1
"[0,1,2,3,4,5,6,7,8,9,10,11,12,13,14,15,16,17,18,19,21,24,27,28,29,32,43,47,62,64,72,87]",21,9083,14,0.00154134096664098,1
"[0,1,2,3,4,5,6,7,8,9,10,11,12,13,14,15,16,17,18,19,21,24,27,28,29,32,43,47,62,64,72,87]",24,9083,22,0.00242210723329296,1
"[0,1,2,3,4,5,6,7,8,9,10,11,12,13,14,15,16,17,18,19,21,24,27,28,29,32,43,47,62,64,72,87]",27,9083,34,0.00374325663327095,1
"[0,1,2,3,4,5,6,7,8,9,10,11,12,13,14,15,16,17,18,19,21,24,27,28,29,32,43,47,62,64,72,87]",28,9083,3,0.000330287349994495,1
"[0,1,2,3,4,5,6,7,8,9,10,11,12,13,14,15,16,17,18,19,21,24,27,28,29,32,43,47,62,64,72,87]",29,9083,34,0.00374325663327095,1
"[0,1,2,3,4,5,6,7,8,9,10,11,12,13,14,15,16,17,18,19,21,24,27,28,29,32,43,47,62,64,72,87]",32,9083,20,0.00220191566662997,1
"[0,1,2,3,4,5,6,7,8,9,10,11,12,13,14,15,16,17,18,19,21,24,27,28,29,32,43,47,62,64,72,87]",43,9083,22,0.00242210723329296,1
"[0,1,2,3,4,5,6,7,8,9,10,11,12,13,14,15,16,17,18,19,21,24,27,28,29,32,43,47,62,64,72,87]",47,9083,3,0.000330287349994495,1
"[0,1,2,3,4,5,6,7,8,9,10,11,12,13,14,15,16,17,18,19,21,24,27,28,29,32,43,47,62,64,72,87]",62,9083,47,0.00517450181658042,1
"[0,1,2,3,4,5,6,7,8,9,10,11,12,13,14,15,16,17,18,19,21,24,27,28,29,32,43,47,62,64,72,87]",64,9083,12,0.00132114939997798,1
"[0,1,2,3,4,5,6,7,8,9,10,11,12,13,14,15,16,17,18,19,21,24,27,28,29,32,43,47,62,64,72,87]",72,9083,11,0.00121105361664648,1
"[0,1,2,3,4,5,6,7,8,9,10,11,12,13,14,15,16,17,18,19,21,24,27,28,29,32,43,47,62,64,72,87]",87,9083,12,0.00132114939997798,1
"[0,1,2,3,4,5,6,7,8,9,10,11,12,13,14,15,16,17,18,19,21,24,27,28,29,32,44,45,50,109]",0,1604,21,0.0130922693266833,1
"[0,1,2,3,4,5,6,7,8,9,10,11,12,13,14,15,16,17,18,19,21,24,27,28,29,32,44,45,50,109]",1,1604,46,0.0286783042394015,1
"[0,1,2,3,4,5,6,7,8,9,10,11,12,13,14,15,16,17,18,19,21,24,27,28,29,32,44,45,50,109]",2,1604,66,0.0411471321695761,1
"[0,1,2,3,4,5,6,7,8,9,10,11,12,13,14,15,16,17,18,19,21,24,27,28,29,32,44,45,50,109]",3,1604,16,0.00997506234413965,1
"[0,1,2,3,4,5,6,7,8,9,10,11,12,13,14,15,16,17,18,19,21,24,27,28,29,32,44,45,50,109]",4,1604,53,0.0330423940149626,1
"[0,1,2,3,4,5,6,7,8,9,10,11,12,13,14,15,16,17,18,19,21,24,27,28,29,32,44,45,50,109]",5,1604,53,0.0330423940149626,1
"[0,1,2,3,4,5,6,7,8,9,10,11,12,13,14,15,16,17,18,19,21,24,27,28,29,32,44,45,50,109]",6,1604,68,0.0423940149625935,1
"[0,1,2,3,4,5,6,7,8,9,10,11,12,13,14,15,16,17,18,19,21,24,27,28,29,32,44,45,50,109]",7,1604,247,0.153990024937656,1
"[0,1,2,3,4,5,6,7,8,9,10,11,12,13,14,15,16,17,18,19,21,24,27,28,29,32,44,45,50,109]",8,1604,28,0.0174563591022444,1
"[0,1,2,3,4,5,6,7,8,9,10,11,12,13,14,15,16,17,18,19,21,24,27,28,29,32,44,45,50,109]",9,1604,56,0.0349127182044888,1
"[0,1,2,3,4,5,6,7,8,9,10,11,12,13,14,15,16,17,18,19,21,24,27,28,29,32,44,45,50,109]",10,1604,82,0.0511221945137157,1
"[0,1,2,3,4,5,6,7,8,9,10,11,12,13,14,15,16,17,18,19,21,24,27,28,29,32,44,45,50,109]",11,1604,90,0.0561097256857855,1
"[0,1,2,3,4,5,6,7,8,9,10,11,12,13,14,15,16,17,18,19,21,24,27,28,29,32,44,45,50,109]",12,1604,33,0.020573566084788,1
"[0,1,2,3,4,5,6,7,8,9,10,11,12,13,14,15,16,17,18,19,21,24,27,28,29,32,44,45,50,109]",13,1604,56,0.0349127182044888,1
"[0,1,2,3,4,5,6,7,8,9,10,11,12,13,14,15,16,17,18,19,21,24,27,28,29,32,44,45,50,109]",14,1604,64,0.0399002493765586,1
"[0,1,2,3,4,5,6,7,8,9,10,11,12,13,14,15,16,17,18,19,21,24,27,28,29,32,44,45,50,109]",15,1604,48,0.029925187032419,1
"[0,1,2,3,4,5,6,7,8,9,10,11,12,13,14,15,16,17,18,19,21,24,27,28,29,32,44,45,50,109]",16,1604,9,0.00561097256857855,1
"[0,1,2,3,4,5,6,7,8,9,10,11,12,13,14,15,16,17,18,19,21,24,27,28,29,32,44,45,50,109]",17,1604,175,0.109102244389027,1
"[0,1,2,3,4,5,6,7,8,9,10,11,12,13,14,15,16,17,18,19,21,24,27,28,29,32,44,45,50,109]",18,1604,30,0.0187032418952618,1
"[0,1,2,3,4,5,6,7,8,9,10,11,12,13,14,15,16,17,18,19,21,24,27,28,29,32,44,45,50,109]",19,1604,44,0.027431421446384,1
"[0,1,2,3,4,5,6,7,8,9,10,11,12,13,14,15,16,17,18,19,21,24,27,28,29,32,44,45,50,109]",21,1604,14,0.00872817955112219,1
"[0,1,2,3,4,5,6,7,8,9,10,11,12,13,14,15,16,17,18,19,21,24,27,28,29,32,44,45,50,109]",24,1604,51,0.0317955112219451,1
"[0,1,2,3,4,5,6,7,8,9,10,11,12,13,14,15,16,17,18,19,21,24,27,28,29,32,44,45,50,109]",27,1604,44,0.027431421446384,1
"[0,1,2,3,4,5,6,7,8,9,10,11,12,13,14,15,16,17,18,19,21,24,27,28,29,32,44,45,50,109]",28,1604,51,0.0317955112219451,1
"[0,1,2,3,4,5,6,7,8,9,10,11,12,13,14,15,16,17,18,19,21,24,27,28,29,32,44,45,50,109]",29,1604,46,0.0286783042394015,1
"[0,1,2,3,4,5,6,7,8,9,10,11,12,13,14,15,16,17,18,19,21,24,27,28,29,32,44,45,50,109]",32,1604,16,0.00997506234413965,1
"[0,1,2,3,4,5,6,7,8,9,10,11,12,13,14,15,16,17,18,19,21,24,27,28,29,32,44,45,50,109]",44,1604,12,0.00748129675810474,1
"[0,1,2,3,4,5,6,7,8,9,10,11,12,13,14,15,16,17,18,19,21,24,27,28,29,32,44,45,50,109]",45,1604,13,0.00810473815461347,1
"[0,1,2,3,4,5,6,7,8,9,10,11,12,13,14,15,16,17,18,19,21,24,27,28,29,32,44,45,50,109]",50,1604,71,0.0442643391521197,1
"[0,1,2,3,4,5,6,7,8,9,10,11,12,13,14,15,16,17,18,19,21,24,27,28,29,32,44,45,50,109]",109,1604,1,0.000623441396508728,1
"[0,1,2,3,4,5,6,7,8,9,10,11,12,13,14,15,16,17,18,19,21,24,27,28,29,32,44,45,50,62]",0,36649,396,0.0108052061447788,15
"[0,1,2,3,4,5,6,7,8,9,10,11,12,13,14,15,16,17,18,19,21,24,27,28,29,32,44,45,50,62]",1,36649,4335,0.118284264236405,15
"[0,1,2,3,4,5,6,7,8,9,10,11,12,13,14,15,16,17,18,19,21,24,27,28,29,32,44,45,50,62]",2,36649,1013,0.0276405904663156,15
"[0,1,2,3,4,5,6,7,8,9,10,11,12,13,14,15,16,17,18,19,21,24,27,28,29,32,44,45,50,62]",3,36649,233,0.00635760866599362,15
"[0,1,2,3,4,5,6,7,8,9,10,11,12,13,14,15,16,17,18,19,21,24,27,28,29,32,44,45,50,62]",4,36649,3588,0.0979017162814811,15
"[0,1,2,3,4,5,6,7,8,9,10,11,12,13,14,15,16,17,18,19,21,24,27,28,29,32,44,45,50,62]",5,36649,2535,0.0691696908510464,15
"[0,1,2,3,4,5,6,7,8,9,10,11,12,13,14,15,16,17,18,19,21,24,27,28,29,32,44,45,50,62]",6,36649,1969,0.0537258861087615,15
"[0,1,2,3,4,5,6,7,8,9,10,11,12,13,14,15,16,17,18,19,21,24,27,28,29,32,44,45,50,62]",7,36649,4052,0.110562361865262,15
"[0,1,2,3,4,5,6,7,8,9,10,11,12,13,14,15,16,17,18,19,21,24,27,28,29,32,44,45,50,62]",8,36649,2320,0.0633032279189064,15
"[0,1,2,3,4,5,6,7,8,9,10,11,12,13,14,15,16,17,18,19,21,24,27,28,29,32,44,45,50,62]",9,36649,1128,0.0307784659881579,15
"[0,1,2,3,4,5,6,7,8,9,10,11,12,13,14,15,16,17,18,19,21,24,27,28,29,32,44,45,50,62]",10,36649,1253,0.03418920025103,15
"[0,1,2,3,4,5,6,7,8,9,10,11,12,13,14,15,16,17,18,19,21,24,27,28,29,32,44,45,50,62]",11,36649,1581,0.0431389669568065,15
"[0,1,2,3,4,5,6,7,8,9,10,11,12,13,14,15,16,17,18,19,21,24,27,28,29,32,44,45,50,62]",12,36649,625,0.0170536713143606,15
"[0,1,2,3,4,5,6,7,8,9,10,11,12,13,14,15,16,17,18,19,21,24,27,28,29,32,44,45,50,62]",13,36649,1373,0.0374635051433873,15
"[0,1,2,3,4,5,6,7,8,9,10,11,12,13,14,15,16,17,18,19,21,24,27,28,29,32,44,45,50,62]",14,36649,626,0.0170809571884635,15
"[0,1,2,3,4,5,6,7,8,9,10,11,12,13,14,15,16,17,18,19,21,24,27,28,29,32,44,45,50,62]",15,36649,1984,0.0541351742203061,15
"[0,1,2,3,4,5,6,7,8,9,10,11,12,13,14,15,16,17,18,19,21,24,27,28,29,32,44,45,50,62]",16,36649,206,0.00562089006521324,15
"[0,1,2,3,4,5,6,7,8,9,10,11,12,13,14,15,16,17,18,19,21,24,27,28,29,32,44,45,50,62]",17,36649,968,0.0264127261316816,15
"[0,1,2,3,4,5,6,7,8,9,10,11,12,13,14,15,16,17,18,19,21,24,27,28,29,32,44,45,50,62]",18,36649,406,0.0110780648858086,15
"[0,1,2,3,4,5,6,7,8,9,10,11,12,13,14,15,16,17,18,19,21,24,27,28,29,32,44,45,50,62]",19,36649,587,0.0160168080984474,15
"[0,1,2,3,4,5,6,7,8,9,10,11,12,13,14,15,16,17,18,19,21,24,27,28,29,32,44,45,50,62]",21,36649,187,0.00510245845725668,15
"[0,1,2,3,4,5,6,7,8,9,10,11,12,13,14,15,16,17,18,19,21,24,27,28,29,32,44,45,50,62]",24,36649,530,0.0144615132745778,15
"[0,1,2,3,4,5,6,7,8,9,10,11,12,13,14,15,16,17,18,19,21,24,27,28,29,32,44,45,50,62]",27,36649,607,0.016562525580507,15
"[0,1,2,3,4,5,6,7,8,9,10,11,12,13,14,15,16,17,18,19,21,24,27,28,29,32,44,45,50,62]",28,36649,384,0.0104777756555431,15
"[0,1,2,3,4,5,6,7,8,9,10,11,12,13,14,15,16,17,18,19,21,24,27,28,29,32,44,45,50,62]",29,36649,736,0.020082403339791,15
"[0,1,2,3,4,5,6,7,8,9,10,11,12,13,14,15,16,17,18,19,21,24,27,28,29,32,44,45,50,62]",32,36649,462,0.0126060738355753,15
"[0,1,2,3,4,5,6,7,8,9,10,11,12,13,14,15,16,17,18,19,21,24,27,28,29,32,44,45,50,62]",44,36649,220,0.00600289230265492,15
"[0,1,2,3,4,5,6,7,8,9,10,11,12,13,14,15,16,17,18,19,21,24,27,28,29,32,44,45,50,62]",45,36649,351,0.00957734181014489,15
"[0,1,2,3,4,5,6,7,8,9,10,11,12,13,14,15,16,17,18,19,21,24,27,28,29,32,44,45,50,62]",50,36649,925,0.0252394335452536,15
"[0,1,2,3,4,5,6,7,8,9,10,11,12,13,14,15,16,17,18,19,21,24,27,28,29,32,44,45,50,62]",62,36649,1069,0.0291685994160823,15
"[0,1,2,3,4,5,6,7,8,9,10,11,12,13,14,15,16,17,18,19,21,24,27,28,29,32,44,45,50]",0,7744,100,0.0129132231404959,4
"[0,1,2,3,4,5,6,7,8,9,10,11,12,13,14,15,16,17,18,19,21,24,27,28,29,32,44,45,50]",1,7744,322,0.0415805785123967,4
"[0,1,2,3,4,5,6,7,8,9,10,11,12,13,14,15,16,17,18,19,21,24,27,28,29,32,44,45,50]",2,7744,347,0.0448088842975207,4
"[0,1,2,3,4,5,6,7,8,9,10,11,12,13,14,15,16,17,18,19,21,24,27,28,29,32,44,45,50]",3,7744,45,0.00581095041322314,4
"[0,1,2,3,4,5,6,7,8,9,10,11,12,13,14,15,16,17,18,19,21,24,27,28,29,32,44,45,50]",4,7744,839,0.10834194214876,4
"[0,1,2,3,4,5,6,7,8,9,10,11,12,13,14,15,16,17,18,19,21,24,27,28,29,32,44,45,50]",5,7744,603,0.0778667355371901,4
"[0,1,2,3,4,5,6,7,8,9,10,11,12,13,14,15,16,17,18,19,21,24,27,28,29,32,44,45,50]",6,7744,47,0.00606921487603306,4
"[0,1,2,3,4,5,6,7,8,9,10,11,12,13,14,15,16,17,18,19,21,24,27,28,29,32,44,45,50]",7,7744,1105,0.142691115702479,4
"[0,1,2,3,4,5,6,7,8,9,10,11,12,13,14,15,16,17,18,19,21,24,27,28,29,32,44,45,50]",8,7744,239,0.0308626033057851,4
"[0,1,2,3,4,5,6,7,8,9,10,11,12,13,14,15,16,17,18,19,21,24,27,28,29,32,44,45,50]",9,7744,260,0.0335743801652893,4
"[0,1,2,3,4,5,6,7,8,9,10,11,12,13,14,15,16,17,18,19,21,24,27,28,29,32,44,45,50]",10,7744,311,0.0401601239669422,4
"[0,1,2,3,4,5,6,7,8,9,10,11,12,13,14,15,16,17,18,19,21,24,27,28,29,32,44,45,50]",11,7744,375,0.0484245867768595,4
"[0,1,2,3,4,5,6,7,8,9,10,11,12,13,14,15,16,17,18,19,21,24,27,28,29,32,44,45,50]",12,7744,120,0.015495867768595,4
"[0,1,2,3,4,5,6,7,8,9,10,11,12,13,14,15,16,17,18,19,21,24,27,28,29,32,44,45,50]",13,7744,344,0.0444214876033058,4
"[0,1,2,3,4,5,6,7,8,9,10,11,12,13,14,15,16,17,18,19,21,24,27,28,29,32,44,45,50]",14,7744,228,0.0294421487603306,4
"[0,1,2,3,4,5,6,7,8,9,10,11,12,13,14,15,16,17,18,19,21,24,27,28,29,32,44,45,50]",15,7744,533,0.068827479338843,4
"[0,1,2,3,4,5,6,7,8,9,10,11,12,13,14,15,16,17,18,19,21,24,27,28,29,32,44,45,50]",16,7744,48,0.00619834710743802,4
"[0,1,2,3,4,5,6,7,8,9,10,11,12,13,14,15,16,17,18,19,21,24,27,28,29,32,44,45,50]",17,7744,644,0.0831611570247934,4
"[0,1,2,3,4,5,6,7,8,9,10,11,12,13,14,15,16,17,18,19,21,24,27,28,29,32,44,45,50]",18,7744,69,0.00891012396694215,4
"[0,1,2,3,4,5,6,7,8,9,10,11,12,13,14,15,16,17,18,19,21,24,27,28,29,32,44,45,50]",19,7744,67,0.00865185950413223,4
"[0,1,2,3,4,5,6,7,8,9,10,11,12,13,14,15,16,17,18,19,21,24,27,28,29,32,44,45,50]",21,7744,62,0.00800619834710744,4
"[0,1,2,3,4,5,6,7,8,9,10,11,12,13,14,15,16,17,18,19,21,24,27,28,29,32,44,45,50]",24,7744,157,0.0202737603305785,4
"[0,1,2,3,4,5,6,7,8,9,10,11,12,13,14,15,16,17,18,19,21,24,27,28,29,32,44,45,50]",27,7744,123,0.0158832644628099,4
"[0,1,2,3,4,5,6,7,8,9,10,11,12,13,14,15,16,17,18,19,21,24,27,28,29,32,44,45,50]",28,7744,157,0.0202737603305785,4
"[0,1,2,3,4,5,6,7,8,9,10,11,12,13,14,15,16,17,18,19,21,24,27,28,29,32,44,45,50]",29,7744,155,0.0200154958677686,4
"[0,1,2,3,4,5,6,7,8,9,10,11,12,13,14,15,16,17,18,19,21,24,27,28,29,32,44,45,50]",32,7744,91,0.0117510330578512,4
"[0,1,2,3,4,5,6,7,8,9,10,11,12,13,14,15,16,17,18,19,21,24,27,28,29,32,44,45,50]",44,7744,53,0.00684400826446281,4
"[0,1,2,3,4,5,6,7,8,9,10,11,12,13,14,15,16,17,18,19,21,24,27,28,29,32,44,45,50]",45,7744,83,0.0107179752066116,4
"[0,1,2,3,4,5,6,7,8,9,10,11,12,13,14,15,16,17,18,19,21,24,27,28,29,32,44,45,50]",50,7744,217,0.028021694214876,4
"[0,1,2,3,4,5,6,7,8,9,10,11,12,13,14,15,16,17,18,19,21,24,27,28,32,43,44,45,62,64,72,87]",0,3087,28,0.0090702947845805,1
"[0,1,2,3,4,5,6,7,8,9,10,11,12,13,14,15,16,17,18,19,21,24,27,28,32,43,44,45,62,64,72,87]",1,3087,36,0.0116618075801749,1
"[0,1,2,3,4,5,6,7,8,9,10,11,12,13,14,15,16,17,18,19,21,24,27,28,32,43,44,45,62,64,72,87]",2,3087,63,0.0204081632653061,1
"[0,1,2,3,4,5,6,7,8,9,10,11,12,13,14,15,16,17,18,19,21,24,27,28,32,43,44,45,62,64,72,87]",3,3087,16,0.00518302559118886,1
"[0,1,2,3,4,5,6,7,8,9,10,11,12,13,14,15,16,17,18,19,21,24,27,28,32,43,44,45,62,64,72,87]",4,3087,85,0.0275348234531908,1
"[0,1,2,3,4,5,6,7,8,9,10,11,12,13,14,15,16,17,18,19,21,24,27,28,32,43,44,45,62,64,72,87]",5,3087,36,0.0116618075801749,1
"[0,1,2,3,4,5,6,7,8,9,10,11,12,13,14,15,16,17,18,19,21,24,27,28,32,43,44,45,62,64,72,87]",6,3087,19,0.00615484288953677,1
"[0,1,2,3,4,5,6,7,8,9,10,11,12,13,14,15,16,17,18,19,21,24,27,28,32,43,44,45,62,64,72,87]",7,3087,848,0.274700356333009,1
"[0,1,2,3,4,5,6,7,8,9,10,11,12,13,14,15,16,17,18,19,21,24,27,28,32,43,44,45,62,64,72,87]",8,3087,20,0.00647878198898607,1
"[0,1,2,3,4,5,6,7,8,9,10,11,12,13,14,15,16,17,18,19,21,24,27,28,32,43,44,45,62,64,72,87]",9,3087,416,0.13475866537091,1
"[0,1,2,3,4,5,6,7,8,9,10,11,12,13,14,15,16,17,18,19,21,24,27,28,32,43,44,45,62,64,72,87]",10,3087,354,0.114674441205053,1
"[0,1,2,3,4,5,6,7,8,9,10,11,12,13,14,15,16,17,18,19,21,24,27,28,32,43,44,45,62,64,72,87]",11,3087,353,0.114350502105604,1
"[0,1,2,3,4,5,6,7,8,9,10,11,12,13,14,15,16,17,18,19,21,24,27,28,32,43,44,45,62,64,72,87]",12,3087,15,0.00485908649173955,1
"[0,1,2,3,4,5,6,7,8,9,10,11,12,13,14,15,16,17,18,19,21,24,27,28,32,43,44,45,62,64,72,87]",13,3087,279,0.0903790087463557,1
"[0,1,2,3,4,5,6,7,8,9,10,11,12,13,14,15,16,17,18,19,21,24,27,28,32,43,44,45,62,64,72,87]",14,3087,78,0.0252672497570457,1
"[0,1,2,3,4,5,6,7,8,9,10,11,12,13,14,15,16,17,18,19,21,24,27,28,32,43,44,45,62,64,72,87]",15,3087,34,0.0110139293812763,1
"[0,1,2,3,4,5,6,7,8,9,10,11,12,13,14,15,16,17,18,19,21,24,27,28,32,43,44,45,62,64,72,87]",16,3087,16,0.00518302559118886,1
"[0,1,2,3,4,5,6,7,8,9,10,11,12,13,14,15,16,17,18,19,21,24,27,28,32,43,44,45,62,64,72,87]",17,3087,54,0.0174927113702624,1
"[0,1,2,3,4,5,6,7,8,9,10,11,12,13,14,15,16,17,18,19,21,24,27,28,32,43,44,45,62,64,72,87]",18,3087,11,0.00356333009394234,1
"[0,1,2,3,4,5,6,7,8,9,10,11,12,13,14,15,16,17,18,19,21,24,27,28,32,43,44,45,62,64,72,87]",19,3087,35,0.0113378684807256,1
"[0,1,2,3,4,5,6,7,8,9,10,11,12,13,14,15,16,17,18,19,21,24,27,28,32,43,44,45,62,64,72,87]",21,3087,14,0.00453514739229025,1
"[0,1,2,3,4,5,6,7,8,9,10,11,12,13,14,15,16,17,18,19,21,24,27,28,32,43,44,45,62,64,72,87]",24,3087,26,0.00842241658568189,1
"[0,1,2,3,4,5,6,7,8,9,10,11,12,13,14,15,16,17,18,19,21,24,27,28,32,43,44,45,62,64,72,87]",27,3087,45,0.0145772594752187,1
"[0,1,2,3,4,5,6,7,8,9,10,11,12,13,14,15,16,17,18,19,21,24,27,28,32,43,44,45,62,64,72,87]",28,3087,13,0.00421120829284095,1
"[0,1,2,3,4,5,6,7,8,9,10,11,12,13,14,15,16,17,18,19,21,24,27,28,32,43,44,45,62,64,72,87]",32,3087,40,0.0129575639779721,1
"[0,1,2,3,4,5,6,7,8,9,10,11,12,13,14,15,16,17,18,19,21,24,27,28,32,43,44,45,62,64,72,87]",43,3087,33,0.010689990281827,1
"[0,1,2,3,4,5,6,7,8,9,10,11,12,13,14,15,16,17,18,19,21,24,27,28,32,43,44,45,62,64,72,87]",44,3087,13,0.00421120829284095,1
"[0,1,2,3,4,5,6,7,8,9,10,11,12,13,14,15,16,17,18,19,21,24,27,28,32,43,44,45,62,64,72,87]",45,3087,32,0.0103660511823777,1
"[0,1,2,3,4,5,6,7,8,9,10,11,12,13,14,15,16,17,18,19,21,24,27,28,32,43,44,45,62,64,72,87]",62,3087,61,0.0197602850664075,1
"[0,1,2,3,4,5,6,7,8,9,10,11,12,13,14,15,16,17,18,19,21,24,27,28,32,43,44,45,62,64,72,87]",64,3087,4,0.00129575639779721,1
"[0,1,2,3,4,5,6,7,8,9,10,11,12,13,14,15,16,17,18,19,21,24,27,28,32,43,44,45,62,64,72,87]",72,3087,5,0.00161969549724652,1
"[0,1,2,3,4,5,6,7,8,9,10,11,12,13,14,15,16,17,18,19,21,24,27,28,32,43,44,45,62,64,72,87]",87,3087,5,0.00161969549724652,1
"[0,1,2,3,4,5,6,7,8,9,10,11,12,13,14,15,16,17,20,21,22,23,25,26,30,31,33,34,35,36,39,40,42,46,52,61,67,74,80,82,84,85]",0,1233,14,0.0113544201135442,1
"[0,1,2,3,4,5,6,7,8,9,10,11,12,13,14,15,16,17,20,21,22,23,25,26,30,31,33,34,35,36,39,40,42,46,52,61,67,74,80,82,84,85]",1,1233,30,0.024330900243309,1
"[0,1,2,3,4,5,6,7,8,9,10,11,12,13,14,15,16,17,20,21,22,23,25,26,30,31,33,34,35,36,39,40,42,46,52,61,67,74,80,82,84,85]",2,1233,64,0.0519059205190592,1
"[0,1,2,3,4,5,6,7,8,9,10,11,12,13,14,15,16,17,20,21,22,23,25,26,30,31,33,34,35,36,39,40,42,46,52,61,67,74,80,82,84,85]",3,1233,14,0.0113544201135442,1
"[0,1,2,3,4,5,6,7,8,9,10,11,12,13,14,15,16,17,20,21,22,23,25,26,30,31,33,34,35,36,39,40,42,46,52,61,67,74,80,82,84,85]",4,1233,36,0.0291970802919708,1
"[0,1,2,3,4,5,6,7,8,9,10,11,12,13,14,15,16,17,20,21,22,23,25,26,30,31,33,34,35,36,39,40,42,46,52,61,67,74,80,82,84,85]",5,1233,34,0.0275750202757502,1
"[0,1,2,3,4,5,6,7,8,9,10,11,12,13,14,15,16,17,20,21,22,23,25,26,30,31,33,34,35,36,39,40,42,46,52,61,67,74,80,82,84,85]",6,1233,21,0.0170316301703163,1
"[0,1,2,3,4,5,6,7,8,9,10,11,12,13,14,15,16,17,20,21,22,23,25,26,30,31,33,34,35,36,39,40,42,46,52,61,67,74,80,82,84,85]",7,1233,133,0.10786699107867,1
"[0,1,2,3,4,5,6,7,8,9,10,11,12,13,14,15,16,17,20,21,22,23,25,26,30,31,33,34,35,36,39,40,42,46,52,61,67,74,80,82,84,85]",8,1233,21,0.0170316301703163,1
"[0,1,2,3,4,5,6,7,8,9,10,11,12,13,14,15,16,17,20,21,22,23,25,26,30,31,33,34,35,36,39,40,42,46,52,61,67,74,80,82,84,85]",9,1233,58,0.0470397404703974,1
"[0,1,2,3,4,5,6,7,8,9,10,11,12,13,14,15,16,17,20,21,22,23,25,26,30,31,33,34,35,36,39,40,42,46,52,61,67,74,80,82,84,85]",10,1233,27,0.0218978102189781,1
"[0,1,2,3,4,5,6,7,8,9,10,11,12,13,14,15,16,17,20,21,22,23,25,26,30,31,33,34,35,36,39,40,42,46,52,61,67,74,80,82,84,85]",11,1233,55,0.0446066504460665,1
"[0,1,2,3,4,5,6,7,8,9,10,11,12,13,14,15,16,17,20,21,22,23,25,26,30,31,33,34,35,36,39,40,42,46,52,61,67,74,80,82,84,85]",12,1233,7,0.0056772100567721,1
"[0,1,2,3,4,5,6,7,8,9,10,11,12,13,14,15,16,17,20,21,22,23,25,26,30,31,33,34,35,36,39,40,42,46,52,61,67,74,80,82,84,85]",13,1233,36,0.0291970802919708,1
"[0,1,2,3,4,5,6,7,8,9,10,11,12,13,14,15,16,17,20,21,22,23,25,26,30,31,33,34,35,36,39,40,42,46,52,61,67,74,80,82,84,85]",14,1233,11,0.0089213300892133,1
"[0,1,2,3,4,5,6,7,8,9,10,11,12,13,14,15,16,17,20,21,22,23,25,26,30,31,33,34,35,36,39,40,42,46,52,61,67,74,80,82,84,85]",15,1233,18,0.0145985401459854,1
"[0,1,2,3,4,5,6,7,8,9,10,11,12,13,14,15,16,17,20,21,22,23,25,26,30,31,33,34,35,36,39,40,42,46,52,61,67,74,80,82,84,85]",16,1233,2,0.0016220600162206,1
"[0,1,2,3,4,5,6,7,8,9,10,11,12,13,14,15,16,17,20,21,22,23,25,26,30,31,33,34,35,36,39,40,42,46,52,61,67,74,80,82,84,85]",17,1233,56,0.0454176804541768,1
"[0,1,2,3,4,5,6,7,8,9,10,11,12,13,14,15,16,17,20,21,22,23,25,26,30,31,33,34,35,36,39,40,42,46,52,61,67,74,80,82,84,85]",20,1233,65,0.0527169505271695,1
"[0,1,2,3,4,5,6,7,8,9,10,11,12,13,14,15,16,17,20,21,22,23,25,26,30,31,33,34,35,36,39,40,42,46,52,61,67,74,80,82,84,85]",21,1233,7,0.0056772100567721,1
"[0,1,2,3,4,5,6,7,8,9,10,11,12,13,14,15,16,17,20,21,22,23,25,26,30,31,33,34,35,36,39,40,42,46,52,61,67,74,80,82,84,85]",22,1233,4,0.0032441200324412,1
"[0,1,2,3,4,5,6,7,8,9,10,11,12,13,14,15,16,17,20,21,22,23,25,26,30,31,33,34,35,36,39,40,42,46,52,61,67,74,80,82,84,85]",23,1233,21,0.0170316301703163,1
"[0,1,2,3,4,5,6,7,8,9,10,11,12,13,14,15,16,17,20,21,22,23,25,26,30,31,33,34,35,36,39,40,42,46,52,61,67,74,80,82,84,85]",25,1233,9,0.0072992700729927,1
"[0,1,2,3,4,5,6,7,8,9,10,11,12,13,14,15,16,17,20,21,22,23,25,26,30,31,33,34,35,36,39,40,42,46,52,61,67,74,80,82,84,85]",26,1233,46,0.0373073803730738,1
"[0,1,2,3,4,5,6,7,8,9,10,11,12,13,14,15,16,17,20,21,22,23,25,26,30,31,33,34,35,36,39,40,42,46,52,61,67,74,80,82,84,85]",30,1233,6,0.0048661800486618,1
"[0,1,2,3,4,5,6,7,8,9,10,11,12,13,14,15,16,17,20,21,22,23,25,26,30,31,33,34,35,36,39,40,42,46,52,61,67,74,80,82,84,85]",31,1233,14,0.0113544201135442,1
"[0,1,2,3,4,5,6,7,8,9,10,11,12,13,14,15,16,17,20,21,22,23,25,26,30,31,33,34,35,36,39,40,42,46,52,61,67,74,80,82,84,85]",33,1233,8,0.0064882400648824,1
"[0,1,2,3,4,5,6,7,8,9,10,11,12,13,14,15,16,17,20,21,22,23,25,26,30,31,33,34,35,36,39,40,42,46,52,61,67,74,80,82,84,85]",34,1233,15,0.0121654501216545,1
"[0,1,2,3,4,5,6,7,8,9,10,11,12,13,14,15,16,17,20,21,22,23,25,26,30,31,33,34,35,36,39,40,42,46,52,61,67,74,80,82,84,85]",35,1233,13,0.0105433901054339,1
"[0,1,2,3,4,5,6,7,8,9,10,11,12,13,14,15,16,17,20,21,22,23,25,26,30,31,33,34,35,36,39,40,42,46,52,61,67,74,80,82,84,85]",36,1233,1,0.0008110300081103,1
"[0,1,2,3,4,5,6,7,8,9,10,11,12,13,14,15,16,17,20,21,22,23,25,26,30,31,33,34,35,36,39,40,42,46,52,61,67,74,80,82,84,85]",39,1233,12,0.0097323600973236,1
"[0,1,2,3,4,5,6,7,8,9,10,11,12,13,14,15,16,17,20,21,22,23,25,26,30,31,33,34,35,36,39,40,42,46,52,61,67,74,80,82,84,85]",40,1233,4,0.0032441200324412,1
"[0,1,2,3,4,5,6,7,8,9,10,11,12,13,14,15,16,17,20,21,22,23,25,26,30,31,33,34,35,36,39,40,42,46,52,61,67,74,80,82,84,85]",42,1233,9,0.0072992700729927,1
"[0,1,2,3,4,5,6,7,8,9,10,11,12,13,14,15,16,17,20,21,22,23,25,26,30,31,33,34,35,36,39,40,42,46,52,61,67,74,80,82,84,85]",46,1233,9,0.0072992700729927,1
"[0,1,2,3,4,5,6,7,8,9,10,11,12,13,14,15,16,17,20,21,22,23,25,26,30,31,33,34,35,36,39,40,42,46,52,61,67,74,80,82,84,85]",52,1233,3,0.0024330900243309,1
"[0,1,2,3,4,5,6,7,8,9,10,11,12,13,14,15,16,17,20,21,22,23,25,26,30,31,33,34,35,36,39,40,42,46,52,61,67,74,80,82,84,85]",61,1233,4,0.0032441200324412,1
"[0,1,2,3,4,5,6,7,8,9,10,11,12,13,14,15,16,17,20,21,22,23,25,26,30,31,33,34,35,36,39,40,42,46,52,61,67,74,80,82,84,85]",67,1233,317,0.257096512570965,1
"[0,1,2,3,4,5,6,7,8,9,10,11,12,13,14,15,16,17,20,21,22,23,25,26,30,31,33,34,35,36,39,40,42,46,52,61,67,74,80,82,84,85]",74,1233,10,0.008110300081103,1
"[0,1,2,3,4,5,6,7,8,9,10,11,12,13,14,15,16,17,20,21,22,23,25,26,30,31,33,34,35,36,39,40,42,46,52,61,67,74,80,82,84,85]",80,1233,1,0.0008110300081103,1
"[0,1,2,3,4,5,6,7,8,9,10,11,12,13,14,15,16,17,20,21,22,23,25,26,30,31,33,34,35,36,39,40,42,46,52,61,67,74,80,82,84,85]",82,1233,6,0.0048661800486618,1
"[0,1,2,3,4,5,6,7,8,9,10,11,12,13,14,15,16,17,20,21,22,23,25,26,30,31,33,34,35,36,39,40,42,46,52,61,67,74,80,82,84,85]",84,1233,5,0.0040551500405515,1
"[0,1,2,3,4,5,6,7,8,9,10,11,12,13,14,15,16,17,20,21,22,23,25,26,30,31,33,34,35,36,39,40,42,46,52,61,67,74,80,82,84,85]",85,1233,7,0.0056772100567721,1
"[0,1,2,3,4,5,6,7,8,9,10,11,12,13,14,15,16,17,20,21,22,23,25,26,30,31,33,34,35,39,40,41,42,52,61,67,74,80,82,84,85]",0,967,21,0.0217166494312306,1
"[0,1,2,3,4,5,6,7,8,9,10,11,12,13,14,15,16,17,20,21,22,23,25,26,30,31,33,34,35,39,40,41,42,52,61,67,74,80,82,84,85]",1,967,22,0.0227507755946225,1
"[0,1,2,3,4,5,6,7,8,9,10,11,12,13,14,15,16,17,20,21,22,23,25,26,30,31,33,34,35,39,40,41,42,52,61,67,74,80,82,84,85]",2,967,59,0.0610134436401241,1
"[0,1,2,3,4,5,6,7,8,9,10,11,12,13,14,15,16,17,20,21,22,23,25,26,30,31,33,34,35,39,40,41,42,52,61,67,74,80,82,84,85]",3,967,17,0.0175801447776629,1
"[0,1,2,3,4,5,6,7,8,9,10,11,12,13,14,15,16,17,20,21,22,23,25,26,30,31,33,34,35,39,40,41,42,52,61,67,74,80,82,84,85]",4,967,41,0.0423991726990693,1
"[0,1,2,3,4,5,6,7,8,9,10,11,12,13,14,15,16,17,20,21,22,23,25,26,30,31,33,34,35,39,40,41,42,52,61,67,74,80,82,84,85]",5,967,22,0.0227507755946225,1
"[0,1,2,3,4,5,6,7,8,9,10,11,12,13,14,15,16,17,20,21,22,23,25,26,30,31,33,34,35,39,40,41,42,52,61,67,74,80,82,84,85]",6,967,31,0.0320579110651499,1
"[0,1,2,3,4,5,6,7,8,9,10,11,12,13,14,15,16,17,20,21,22,23,25,26,30,31,33,34,35,39,40,41,42,52,61,67,74,80,82,84,85]",7,967,111,0.114788004136505,1
"[0,1,2,3,4,5,6,7,8,9,10,11,12,13,14,15,16,17,20,21,22,23,25,26,30,31,33,34,35,39,40,41,42,52,61,67,74,80,82,84,85]",8,967,7,0.00723888314374354,1
"[0,1,2,3,4,5,6,7,8,9,10,11,12,13,14,15,16,17,20,21,22,23,25,26,30,31,33,34,35,39,40,41,42,52,61,67,74,80,82,84,85]",9,967,35,0.0361944157187177,1
"[0,1,2,3,4,5,6,7,8,9,10,11,12,13,14,15,16,17,20,21,22,23,25,26,30,31,33,34,35,39,40,41,42,52,61,67,74,80,82,84,85]",10,967,30,0.031023784901758,1
"[0,1,2,3,4,5,6,7,8,9,10,11,12,13,14,15,16,17,20,21,22,23,25,26,30,31,33,34,35,39,40,41,42,52,61,67,74,80,82,84,85]",11,967,50,0.0517063081695967,1
"[0,1,2,3,4,5,6,7,8,9,10,11,12,13,14,15,16,17,20,21,22,23,25,26,30,31,33,34,35,39,40,41,42,52,61,67,74,80,82,84,85]",12,967,3,0.0031023784901758,1
"[0,1,2,3,4,5,6,7,8,9,10,11,12,13,14,15,16,17,20,21,22,23,25,26,30,31,33,34,35,39,40,41,42,52,61,67,74,80,82,84,85]",13,967,35,0.0361944157187177,1
"[0,1,2,3,4,5,6,7,8,9,10,11,12,13,14,15,16,17,20,21,22,23,25,26,30,31,33,34,35,39,40,41,42,52,61,67,74,80,82,84,85]",14,967,16,0.0165460186142709,1
"[0,1,2,3,4,5,6,7,8,9,10,11,12,13,14,15,16,17,20,21,22,23,25,26,30,31,33,34,35,39,40,41,42,52,61,67,74,80,82,84,85]",15,967,28,0.0289555325749741,1
"[0,1,2,3,4,5,6,7,8,9,10,11,12,13,14,15,16,17,20,21,22,23,25,26,30,31,33,34,35,39,40,41,42,52,61,67,74,80,82,84,85]",16,967,4,0.00413650465356774,1
"[0,1,2,3,4,5,6,7,8,9,10,11,12,13,14,15,16,17,20,21,22,23,25,26,30,31,33,34,35,39,40,41,42,52,61,67,74,80,82,84,85]",17,967,65,0.0672182006204757,1
"[0,1,2,3,4,5,6,7,8,9,10,11,12,13,14,15,16,17,20,21,22,23,25,26,30,31,33,34,35,39,40,41,42,52,61,67,74,80,82,84,85]",20,967,71,0.0734229576008273,1
"[0,1,2,3,4,5,6,7,8,9,10,11,12,13,14,15,16,17,20,21,22,23,25,26,30,31,33,34,35,39,40,41,42,52,61,67,74,80,82,84,85]",21,967,9,0.0093071354705274,1
"[0,1,2,3,4,5,6,7,8,9,10,11,12,13,14,15,16,17,20,21,22,23,25,26,30,31,33,34,35,39,40,41,42,52,61,67,74,80,82,84,85]",22,967,7,0.00723888314374354,1
"[0,1,2,3,4,5,6,7,8,9,10,11,12,13,14,15,16,17,20,21,22,23,25,26,30,31,33,34,35,39,40,41,42,52,61,67,74,80,82,84,85]",23,967,61,0.063081695966908,1
"[0,1,2,3,4,5,6,7,8,9,10,11,12,13,14,15,16,17,20,21,22,23,25,26,30,31,33,34,35,39,40,41,42,52,61,67,74,80,82,84,85]",25,967,14,0.0144777662874871,1
"[0,1,2,3,4,5,6,7,8,9,10,11,12,13,14,15,16,17,20,21,22,23,25,26,30,31,33,34,35,39,40,41,42,52,61,67,74,80,82,84,85]",26,967,36,0.0372285418821096,1
"[0,1,2,3,4,5,6,7,8,9,10,11,12,13,14,15,16,17,20,21,22,23,25,26,30,31,33,34,35,39,40,41,42,52,61,67,74,80,82,84,85]",30,967,11,0.0113753877973113,1
"[0,1,2,3,4,5,6,7,8,9,10,11,12,13,14,15,16,17,20,21,22,23,25,26,30,31,33,34,35,39,40,41,42,52,61,67,74,80,82,84,85]",31,967,35,0.0361944157187177,1
"[0,1,2,3,4,5,6,7,8,9,10,11,12,13,14,15,16,17,20,21,22,23,25,26,30,31,33,34,35,39,40,41,42,52,61,67,74,80,82,84,85]",33,967,3,0.0031023784901758,1
"[0,1,2,3,4,5,6,7,8,9,10,11,12,13,14,15,16,17,20,21,22,23,25,26,30,31,33,34,35,39,40,41,42,52,61,67,74,80,82,84,85]",34,967,9,0.0093071354705274,1
"[0,1,2,3,4,5,6,7,8,9,10,11,12,13,14,15,16,17,20,21,22,23,25,26,30,31,33,34,35,39,40,41,42,52,61,67,74,80,82,84,85]",35,967,11,0.0113753877973113,1
"[0,1,2,3,4,5,6,7,8,9,10,11,12,13,14,15,16,17,20,21,22,23,25,26,30,31,33,34,35,39,40,41,42,52,61,67,74,80,82,84,85]",39,967,26,0.0268872802481903,1
"[0,1,2,3,4,5,6,7,8,9,10,11,12,13,14,15,16,17,20,21,22,23,25,26,30,31,33,34,35,39,40,41,42,52,61,67,74,80,82,84,85]",40,967,13,0.0134436401240951,1
"[0,1,2,3,4,5,6,7,8,9,10,11,12,13,14,15,16,17,20,21,22,23,25,26,30,31,33,34,35,39,40,41,42,52,61,67,74,80,82,84,85]",41,967,3,0.0031023784901758,1
"[0,1,2,3,4,5,6,7,8,9,10,11,12,13,14,15,16,17,20,21,22,23,25,26,30,31,33,34,35,39,40,41,42,52,61,67,74,80,82,84,85]",42,967,19,0.0196483971044467,1
"[0,1,2,3,4,5,6,7,8,9,10,11,12,13,14,15,16,17,20,21,22,23,25,26,30,31,33,34,35,39,40,41,42,52,61,67,74,80,82,84,85]",52,967,12,0.0124095139607032,1
"[0,1,2,3,4,5,6,7,8,9,10,11,12,13,14,15,16,17,20,21,22,23,25,26,30,31,33,34,35,39,40,41,42,52,61,67,74,80,82,84,85]",61,967,2,0.00206825232678387,1
"[0,1,2,3,4,5,6,7,8,9,10,11,12,13,14,15,16,17,20,21,22,23,25,26,30,31,33,34,35,39,40,41,42,52,61,67,74,80,82,84,85]",67,967,9,0.0093071354705274,1
"[0,1,2,3,4,5,6,7,8,9,10,11,12,13,14,15,16,17,20,21,22,23,25,26,30,31,33,34,35,39,40,41,42,52,61,67,74,80,82,84,85]",74,967,9,0.0093071354705274,1
"[0,1,2,3,4,5,6,7,8,9,10,11,12,13,14,15,16,17,20,21,22,23,25,26,30,31,33,34,35,39,40,41,42,52,61,67,74,80,82,84,85]",80,967,2,0.00206825232678387,1
"[0,1,2,3,4,5,6,7,8,9,10,11,12,13,14,15,16,17,20,21,22,23,25,26,30,31,33,34,35,39,40,41,42,52,61,67,74,80,82,84,85]",82,967,4,0.00413650465356774,1
"[0,1,2,3,4,5,6,7,8,9,10,11,12,13,14,15,16,17,20,21,22,23,25,26,30,31,33,34,35,39,40,41,42,52,61,67,74,80,82,84,85]",84,967,2,0.00206825232678387,1
"[0,1,2,3,4,5,6,7,8,9,10,11,12,13,14,15,16,17,20,21,22,23,25,26,30,31,33,34,35,39,40,41,42,52,61,67,74,80,82,84,85]",85,967,2,0.00206825232678387,1
"[0,1,2,3,4,5,6,7,8,9,10,11,12,13,14,15,16,17,20,22,23,25,26,30,31,33,34,35,36,39,40,42,46,52,61,67,80,82,84,85,86,92]",0,1687,13,0.00770598695909899,1
"[0,1,2,3,4,5,6,7,8,9,10,11,12,13,14,15,16,17,20,22,23,25,26,30,31,33,34,35,36,39,40,42,46,52,61,67,80,82,84,85,86,92]",1,1687,541,0.320687611144043,1
"[0,1,2,3,4,5,6,7,8,9,10,11,12,13,14,15,16,17,20,22,23,25,26,30,31,33,34,35,36,39,40,42,46,52,61,67,80,82,84,85,86,92]",2,1687,15,0.00889152341434499,1
"[0,1,2,3,4,5,6,7,8,9,10,11,12,13,14,15,16,17,20,22,23,25,26,30,31,33,34,35,36,39,40,42,46,52,61,67,80,82,84,85,86,92]",3,1687,16,0.00948429164196799,1
"[0,1,2,3,4,5,6,7,8,9,10,11,12,13,14,15,16,17,20,22,23,25,26,30,31,33,34,35,36,39,40,42,46,52,61,67,80,82,84,85,86,92]",4,1687,36,0.021339656194428,1
"[0,1,2,3,4,5,6,7,8,9,10,11,12,13,14,15,16,17,20,22,23,25,26,30,31,33,34,35,36,39,40,42,46,52,61,67,80,82,84,85,86,92]",5,1687,25,0.014819205690575,1
"[0,1,2,3,4,5,6,7,8,9,10,11,12,13,14,15,16,17,20,22,23,25,26,30,31,33,34,35,36,39,40,42,46,52,61,67,80,82,84,85,86,92]",6,1687,7,0.004149377593361,1
"[0,1,2,3,4,5,6,7,8,9,10,11,12,13,14,15,16,17,20,22,23,25,26,30,31,33,34,35,36,39,40,42,46,52,61,67,80,82,84,85,86,92]",7,1687,155,0.0918790752815649,1
"[0,1,2,3,4,5,6,7,8,9,10,11,12,13,14,15,16,17,20,22,23,25,26,30,31,33,34,35,36,39,40,42,46,52,61,67,80,82,84,85,86,92]",8,1687,141,0.0835803200948429,1
"[0,1,2,3,4,5,6,7,8,9,10,11,12,13,14,15,16,17,20,22,23,25,26,30,31,33,34,35,36,39,40,42,46,52,61,67,80,82,84,85,86,92]",9,1687,23,0.013633669235329,1
"[0,1,2,3,4,5,6,7,8,9,10,11,12,13,14,15,16,17,20,22,23,25,26,30,31,33,34,35,36,39,40,42,46,52,61,67,80,82,84,85,86,92]",10,1687,41,0.024303497332543,1
"[0,1,2,3,4,5,6,7,8,9,10,11,12,13,14,15,16,17,20,22,23,25,26,30,31,33,34,35,36,39,40,42,46,52,61,67,80,82,84,85,86,92]",11,1687,64,0.037937166567872,1
"[0,1,2,3,4,5,6,7,8,9,10,11,12,13,14,15,16,17,20,22,23,25,26,30,31,33,34,35,36,39,40,42,46,52,61,67,80,82,84,85,86,92]",12,1687,25,0.014819205690575,1
"[0,1,2,3,4,5,6,7,8,9,10,11,12,13,14,15,16,17,20,22,23,25,26,30,31,33,34,35,36,39,40,42,46,52,61,67,80,82,84,85,86,92]",13,1687,65,0.038529934795495,1
"[0,1,2,3,4,5,6,7,8,9,10,11,12,13,14,15,16,17,20,22,23,25,26,30,31,33,34,35,36,39,40,42,46,52,61,67,80,82,84,85,86,92]",14,1687,7,0.004149377593361,1
"[0,1,2,3,4,5,6,7,8,9,10,11,12,13,14,15,16,17,20,22,23,25,26,30,31,33,34,35,36,39,40,42,46,52,61,67,80,82,84,85,86,92]",15,1687,16,0.00948429164196799,1
"[0,1,2,3,4,5,6,7,8,9,10,11,12,13,14,15,16,17,20,22,23,25,26,30,31,33,34,35,36,39,40,42,46,52,61,67,80,82,84,85,86,92]",16,1687,3,0.001778304682869,1
"[0,1,2,3,4,5,6,7,8,9,10,11,12,13,14,15,16,17,20,22,23,25,26,30,31,33,34,35,36,39,40,42,46,52,61,67,80,82,84,85,86,92]",17,1687,41,0.024303497332543,1
"[0,1,2,3,4,5,6,7,8,9,10,11,12,13,14,15,16,17,20,22,23,25,26,30,31,33,34,35,36,39,40,42,46,52,61,67,80,82,84,85,86,92]",20,1687,29,0.017190278601067,1
"[0,1,2,3,4,5,6,7,8,9,10,11,12,13,14,15,16,17,20,22,23,25,26,30,31,33,34,35,36,39,40,42,46,52,61,67,80,82,84,85,86,92]",22,1687,10,0.00592768227622999,1
"[0,1,2,3,4,5,6,7,8,9,10,11,12,13,14,15,16,17,20,22,23,25,26,30,31,33,34,35,36,39,40,42,46,52,61,67,80,82,84,85,86,92]",23,1687,13,0.00770598695909899,1
"[0,1,2,3,4,5,6,7,8,9,10,11,12,13,14,15,16,17,20,22,23,25,26,30,31,33,34,35,36,39,40,42,46,52,61,67,80,82,84,85,86,92]",25,1687,8,0.00474214582098399,1
"[0,1,2,3,4,5,6,7,8,9,10,11,12,13,14,15,16,17,20,22,23,25,26,30,31,33,34,35,36,39,40,42,46,52,61,67,80,82,84,85,86,92]",26,1687,263,0.155898043864849,1
"[0,1,2,3,4,5,6,7,8,9,10,11,12,13,14,15,16,17,20,22,23,25,26,30,31,33,34,35,36,39,40,42,46,52,61,67,80,82,84,85,86,92]",30,1687,6,0.003556609365738,1
"[0,1,2,3,4,5,6,7,8,9,10,11,12,13,14,15,16,17,20,22,23,25,26,30,31,33,34,35,36,39,40,42,46,52,61,67,80,82,84,85,86,92]",31,1687,16,0.00948429164196799,1
"[0,1,2,3,4,5,6,7,8,9,10,11,12,13,14,15,16,17,20,22,23,25,26,30,31,33,34,35,36,39,40,42,46,52,61,67,80,82,84,85,86,92]",33,1687,2,0.001185536455246,1
"[0,1,2,3,4,5,6,7,8,9,10,11,12,13,14,15,16,17,20,22,23,25,26,30,31,33,34,35,36,39,40,42,46,52,61,67,80,82,84,85,86,92]",34,1687,3,0.001778304682869,1
"[0,1,2,3,4,5,6,7,8,9,10,11,12,13,14,15,16,17,20,22,23,25,26,30,31,33,34,35,36,39,40,42,46,52,61,67,80,82,84,85,86,92]",35,1687,11,0.00652045050385299,1
"[0,1,2,3,4,5,6,7,8,9,10,11,12,13,14,15,16,17,20,22,23,25,26,30,31,33,34,35,36,39,40,42,46,52,61,67,80,82,84,85,86,92]",36,1687,1,0.000592768227622999,1
"[0,1,2,3,4,5,6,7,8,9,10,11,12,13,14,15,16,17,20,22,23,25,26,30,31,33,34,35,36,39,40,42,46,52,61,67,80,82,84,85,86,92]",39,1687,4,0.002371072910492,1
"[0,1,2,3,4,5,6,7,8,9,10,11,12,13,14,15,16,17,20,22,23,25,26,30,31,33,34,35,36,39,40,42,46,52,61,67,80,82,84,85,86,92]",40,1687,6,0.003556609365738,1
"[0,1,2,3,4,5,6,7,8,9,10,11,12,13,14,15,16,17,20,22,23,25,26,30,31,33,34,35,36,39,40,42,46,52,61,67,80,82,84,85,86,92]",42,1687,5,0.002963841138115,1
"[0,1,2,3,4,5,6,7,8,9,10,11,12,13,14,15,16,17,20,22,23,25,26,30,31,33,34,35,36,39,40,42,46,52,61,67,80,82,84,85,86,92]",46,1687,30,0.01778304682869,1
"[0,1,2,3,4,5,6,7,8,9,10,11,12,13,14,15,16,17,20,22,23,25,26,30,31,33,34,35,36,39,40,42,46,52,61,67,80,82,84,85,86,92]",52,1687,11,0.00652045050385299,1
"[0,1,2,3,4,5,6,7,8,9,10,11,12,13,14,15,16,17,20,22,23,25,26,30,31,33,34,35,36,39,40,42,46,52,61,67,80,82,84,85,86,92]",61,1687,4,0.002371072910492,1
"[0,1,2,3,4,5,6,7,8,9,10,11,12,13,14,15,16,17,20,22,23,25,26,30,31,33,34,35,36,39,40,42,46,52,61,67,80,82,84,85,86,92]",67,1687,10,0.00592768227622999,1
"[0,1,2,3,4,5,6,7,8,9,10,11,12,13,14,15,16,17,20,22,23,25,26,30,31,33,34,35,36,39,40,42,46,52,61,67,80,82,84,85,86,92]",80,1687,6,0.003556609365738,1
"[0,1,2,3,4,5,6,7,8,9,10,11,12,13,14,15,16,17,20,22,23,25,26,30,31,33,34,35,36,39,40,42,46,52,61,67,80,82,84,85,86,92]",82,1687,5,0.002963841138115,1
"[0,1,2,3,4,5,6,7,8,9,10,11,12,13,14,15,16,17,20,22,23,25,26,30,31,33,34,35,36,39,40,42,46,52,61,67,80,82,84,85,86,92]",84,1687,3,0.001778304682869,1
"[0,1,2,3,4,5,6,7,8,9,10,11,12,13,14,15,16,17,20,22,23,25,26,30,31,33,34,35,36,39,40,42,46,52,61,67,80,82,84,85,86,92]",85,1687,3,0.001778304682869,1
"[0,1,2,3,4,5,6,7,8,9,10,11,12,13,14,15,16,17,20,22,23,25,26,30,31,33,34,35,36,39,40,42,46,52,61,67,80,82,84,85,86,92]",86,1687,1,0.000592768227622999,1
"[0,1,2,3,4,5,6,7,8,9,10,11,12,13,14,15,16,17,20,22,23,25,26,30,31,33,34,35,36,39,40,42,46,52,61,67,80,82,84,85,86,92]",92,1687,3,0.001778304682869,1
"[0,1,2,3,4,5,6,7,8,9,10,11,12,13,14,15,16,17,20,22,23,25,26,30,31,33,34,35,39,40,42,46,48,52,61,67,80,82,84,85,86,92]",0,1500,14,0.00933333333333333,1
"[0,1,2,3,4,5,6,7,8,9,10,11,12,13,14,15,16,17,20,22,23,25,26,30,31,33,34,35,39,40,42,46,48,52,61,67,80,82,84,85,86,92]",1,1500,26,0.0173333333333333,1
"[0,1,2,3,4,5,6,7,8,9,10,11,12,13,14,15,16,17,20,22,23,25,26,30,31,33,34,35,39,40,42,46,48,52,61,67,80,82,84,85,86,92]",2,1500,2,0.00133333333333333,1
"[0,1,2,3,4,5,6,7,8,9,10,11,12,13,14,15,16,17,20,22,23,25,26,30,31,33,34,35,39,40,42,46,48,52,61,67,80,82,84,85,86,92]",3,1500,26,0.0173333333333333,1
"[0,1,2,3,4,5,6,7,8,9,10,11,12,13,14,15,16,17,20,22,23,25,26,30,31,33,34,35,39,40,42,46,48,52,61,67,80,82,84,85,86,92]",4,1500,42,0.028,1
"[0,1,2,3,4,5,6,7,8,9,10,11,12,13,14,15,16,17,20,22,23,25,26,30,31,33,34,35,39,40,42,46,48,52,61,67,80,82,84,85,86,92]",5,1500,41,0.0273333333333333,1
"[0,1,2,3,4,5,6,7,8,9,10,11,12,13,14,15,16,17,20,22,23,25,26,30,31,33,34,35,39,40,42,46,48,52,61,67,80,82,84,85,86,92]",6,1500,10,0.00666666666666667,1
"[0,1,2,3,4,5,6,7,8,9,10,11,12,13,14,15,16,17,20,22,23,25,26,30,31,33,34,35,39,40,42,46,48,52,61,67,80,82,84,85,86,92]",7,1500,435,0.29,1
"[0,1,2,3,4,5,6,7,8,9,10,11,12,13,14,15,16,17,20,22,23,25,26,30,31,33,34,35,39,40,42,46,48,52,61,67,80,82,84,85,86,92]",8,1500,19,0.0126666666666667,1
"[0,1,2,3,4,5,6,7,8,9,10,11,12,13,14,15,16,17,20,22,23,25,26,30,31,33,34,35,39,40,42,46,48,52,61,67,80,82,84,85,86,92]",9,1500,117,0.078,1
"[0,1,2,3,4,5,6,7,8,9,10,11,12,13,14,15,16,17,20,22,23,25,26,30,31,33,34,35,39,40,42,46,48,52,61,67,80,82,84,85,86,92]",10,1500,94,0.0626666666666667,1
"[0,1,2,3,4,5,6,7,8,9,10,11,12,13,14,15,16,17,20,22,23,25,26,30,31,33,34,35,39,40,42,46,48,52,61,67,80,82,84,85,86,92]",11,1500,102,0.068,1
"[0,1,2,3,4,5,6,7,8,9,10,11,12,13,14,15,16,17,20,22,23,25,26,30,31,33,34,35,39,40,42,46,48,52,61,67,80,82,84,85,86,92]",12,1500,12,0.008,1
"[0,1,2,3,4,5,6,7,8,9,10,11,12,13,14,15,16,17,20,22,23,25,26,30,31,33,34,35,39,40,42,46,48,52,61,67,80,82,84,85,86,92]",13,1500,124,0.0826666666666667,1
"[0,1,2,3,4,5,6,7,8,9,10,11,12,13,14,15,16,17,20,22,23,25,26,30,31,33,34,35,39,40,42,46,48,52,61,67,80,82,84,85,86,92]",14,1500,18,0.012,1
"[0,1,2,3,4,5,6,7,8,9,10,11,12,13,14,15,16,17,20,22,23,25,26,30,31,33,34,35,39,40,42,46,48,52,61,67,80,82,84,85,86,92]",15,1500,26,0.0173333333333333,1
"[0,1,2,3,4,5,6,7,8,9,10,11,12,13,14,15,16,17,20,22,23,25,26,30,31,33,34,35,39,40,42,46,48,52,61,67,80,82,84,85,86,92]",16,1500,1,0.000666666666666667,1
"[0,1,2,3,4,5,6,7,8,9,10,11,12,13,14,15,16,17,20,22,23,25,26,30,31,33,34,35,39,40,42,46,48,52,61,67,80,82,84,85,86,92]",17,1500,31,0.0206666666666667,1
"[0,1,2,3,4,5,6,7,8,9,10,11,12,13,14,15,16,17,20,22,23,25,26,30,31,33,34,35,39,40,42,46,48,52,61,67,80,82,84,85,86,92]",20,1500,51,0.034,1
"[0,1,2,3,4,5,6,7,8,9,10,11,12,13,14,15,16,17,20,22,23,25,26,30,31,33,34,35,39,40,42,46,48,52,61,67,80,82,84,85,86,92]",22,1500,9,0.006,1
"[0,1,2,3,4,5,6,7,8,9,10,11,12,13,14,15,16,17,20,22,23,25,26,30,31,33,34,35,39,40,42,46,48,52,61,67,80,82,84,85,86,92]",23,1500,26,0.0173333333333333,1
"[0,1,2,3,4,5,6,7,8,9,10,11,12,13,14,15,16,17,20,22,23,25,26,30,31,33,34,35,39,40,42,46,48,52,61,67,80,82,84,85,86,92]",25,1500,8,0.00533333333333333,1
"[0,1,2,3,4,5,6,7,8,9,10,11,12,13,14,15,16,17,20,22,23,25,26,30,31,33,34,35,39,40,42,46,48,52,61,67,80,82,84,85,86,92]",26,1500,24,0.016,1
"[0,1,2,3,4,5,6,7,8,9,10,11,12,13,14,15,16,17,20,22,23,25,26,30,31,33,34,35,39,40,42,46,48,52,61,67,80,82,84,85,86,92]",30,1500,11,0.00733333333333333,1
"[0,1,2,3,4,5,6,7,8,9,10,11,12,13,14,15,16,17,20,22,23,25,26,30,31,33,34,35,39,40,42,46,48,52,61,67,80,82,84,85,86,92]",31,1500,28,0.0186666666666667,1
"[0,1,2,3,4,5,6,7,8,9,10,11,12,13,14,15,16,17,20,22,23,25,26,30,31,33,34,35,39,40,42,46,48,52,61,67,80,82,84,85,86,92]",33,1500,6,0.004,1
"[0,1,2,3,4,5,6,7,8,9,10,11,12,13,14,15,16,17,20,22,23,25,26,30,31,33,34,35,39,40,42,46,48,52,61,67,80,82,84,85,86,92]",34,1500,6,0.004,1
"[0,1,2,3,4,5,6,7,8,9,10,11,12,13,14,15,16,17,20,22,23,25,26,30,31,33,34,35,39,40,42,46,48,52,61,67,80,82,84,85,86,92]",35,1500,8,0.00533333333333333,1
"[0,1,2,3,4,5,6,7,8,9,10,11,12,13,14,15,16,17,20,22,23,25,26,30,31,33,34,35,39,40,42,46,48,52,61,67,80,82,84,85,86,92]",39,1500,33,0.022,1
"[0,1,2,3,4,5,6,7,8,9,10,11,12,13,14,15,16,17,20,22,23,25,26,30,31,33,34,35,39,40,42,46,48,52,61,67,80,82,84,85,86,92]",40,1500,10,0.00666666666666667,1
"[0,1,2,3,4,5,6,7,8,9,10,11,12,13,14,15,16,17,20,22,23,25,26,30,31,33,34,35,39,40,42,46,48,52,61,67,80,82,84,85,86,92]",42,1500,33,0.022,1
"[0,1,2,3,4,5,6,7,8,9,10,11,12,13,14,15,16,17,20,22,23,25,26,30,31,33,34,35,39,40,42,46,48,52,61,67,80,82,84,85,86,92]",46,1500,5,0.00333333333333333,1
"[0,1,2,3,4,5,6,7,8,9,10,11,12,13,14,15,16,17,20,22,23,25,26,30,31,33,34,35,39,40,42,46,48,52,61,67,80,82,84,85,86,92]",48,1500,5,0.00333333333333333,1
"[0,1,2,3,4,5,6,7,8,9,10,11,12,13,14,15,16,17,20,22,23,25,26,30,31,33,34,35,39,40,42,46,48,52,61,67,80,82,84,85,86,92]",52,1500,8,0.00533333333333333,1
"[0,1,2,3,4,5,6,7,8,9,10,11,12,13,14,15,16,17,20,22,23,25,26,30,31,33,34,35,39,40,42,46,48,52,61,67,80,82,84,85,86,92]",61,1500,4,0.00266666666666667,1
"[0,1,2,3,4,5,6,7,8,9,10,11,12,13,14,15,16,17,20,22,23,25,26,30,31,33,34,35,39,40,42,46,48,52,61,67,80,82,84,85,86,92]",67,1500,19,0.0126666666666667,1
"[0,1,2,3,4,5,6,7,8,9,10,11,12,13,14,15,16,17,20,22,23,25,26,30,31,33,34,35,39,40,42,46,48,52,61,67,80,82,84,85,86,92]",80,1500,4,0.00266666666666667,1
"[0,1,2,3,4,5,6,7,8,9,10,11,12,13,14,15,16,17,20,22,23,25,26,30,31,33,34,35,39,40,42,46,48,52,61,67,80,82,84,85,86,92]",82,1500,4,0.00266666666666667,1
"[0,1,2,3,4,5,6,7,8,9,10,11,12,13,14,15,16,17,20,22,23,25,26,30,31,33,34,35,39,40,42,46,48,52,61,67,80,82,84,85,86,92]",84,1500,3,0.002,1
"[0,1,2,3,4,5,6,7,8,9,10,11,12,13,14,15,16,17,20,22,23,25,26,30,31,33,34,35,39,40,42,46,48,52,61,67,80,82,84,85,86,92]",85,1500,49,0.0326666666666667,1
"[0,1,2,3,4,5,6,7,8,9,10,11,12,13,14,15,16,17,20,22,23,25,26,30,31,33,34,35,39,40,42,46,48,52,61,67,80,82,84,85,86,92]",86,1500,3,0.002,1
"[0,1,2,3,4,5,6,7,8,9,10,11,12,13,14,15,16,17,20,22,23,25,26,30,31,33,34,35,39,40,42,46,48,52,61,67,80,82,84,85,86,92]",92,1500,3,0.002,1
"[0,1,2,3,4,5,6,7,8,9,10,11,12,13,14,15,16,17,20,22,23,25,26,30,31,33,34,35,39,40,42,46,52,61,67,74,80,82,84,85]",0,1352,11,0.00813609467455621,1
"[0,1,2,3,4,5,6,7,8,9,10,11,12,13,14,15,16,17,20,22,23,25,26,30,31,33,34,35,39,40,42,46,52,61,67,74,80,82,84,85]",1,1352,49,0.0362426035502959,1
"[0,1,2,3,4,5,6,7,8,9,10,11,12,13,14,15,16,17,20,22,23,25,26,30,31,33,34,35,39,40,42,46,52,61,67,74,80,82,84,85]",2,1352,52,0.0384615384615385,1
"[0,1,2,3,4,5,6,7,8,9,10,11,12,13,14,15,16,17,20,22,23,25,26,30,31,33,34,35,39,40,42,46,52,61,67,74,80,82,84,85]",3,1352,22,0.0162721893491124,1
"[0,1,2,3,4,5,6,7,8,9,10,11,12,13,14,15,16,17,20,22,23,25,26,30,31,33,34,35,39,40,42,46,52,61,67,74,80,82,84,85]",4,1352,43,0.0318047337278107,1
"[0,1,2,3,4,5,6,7,8,9,10,11,12,13,14,15,16,17,20,22,23,25,26,30,31,33,34,35,39,40,42,46,52,61,67,74,80,82,84,85]",5,1352,31,0.0229289940828402,1
"[0,1,2,3,4,5,6,7,8,9,10,11,12,13,14,15,16,17,20,22,23,25,26,30,31,33,34,35,39,40,42,46,52,61,67,74,80,82,84,85]",6,1352,31,0.0229289940828402,1
"[0,1,2,3,4,5,6,7,8,9,10,11,12,13,14,15,16,17,20,22,23,25,26,30,31,33,34,35,39,40,42,46,52,61,67,74,80,82,84,85]",7,1352,257,0.19008875739645,1
"[0,1,2,3,4,5,6,7,8,9,10,11,12,13,14,15,16,17,20,22,23,25,26,30,31,33,34,35,39,40,42,46,52,61,67,74,80,82,84,85]",8,1352,24,0.0177514792899408,1
"[0,1,2,3,4,5,6,7,8,9,10,11,12,13,14,15,16,17,20,22,23,25,26,30,31,33,34,35,39,40,42,46,52,61,67,74,80,82,84,85]",9,1352,104,0.0769230769230769,1
"[0,1,2,3,4,5,6,7,8,9,10,11,12,13,14,15,16,17,20,22,23,25,26,30,31,33,34,35,39,40,42,46,52,61,67,74,80,82,84,85]",10,1352,72,0.0532544378698225,1
"[0,1,2,3,4,5,6,7,8,9,10,11,12,13,14,15,16,17,20,22,23,25,26,30,31,33,34,35,39,40,42,46,52,61,67,74,80,82,84,85]",11,1352,95,0.0702662721893491,1
"[0,1,2,3,4,5,6,7,8,9,10,11,12,13,14,15,16,17,20,22,23,25,26,30,31,33,34,35,39,40,42,46,52,61,67,74,80,82,84,85]",12,1352,12,0.00887573964497041,1
"[0,1,2,3,4,5,6,7,8,9,10,11,12,13,14,15,16,17,20,22,23,25,26,30,31,33,34,35,39,40,42,46,52,61,67,74,80,82,84,85]",13,1352,116,0.0857988165680473,1
"[0,1,2,3,4,5,6,7,8,9,10,11,12,13,14,15,16,17,20,22,23,25,26,30,31,33,34,35,39,40,42,46,52,61,67,74,80,82,84,85]",14,1352,3,0.0022189349112426,1
"[0,1,2,3,4,5,6,7,8,9,10,11,12,13,14,15,16,17,20,22,23,25,26,30,31,33,34,35,39,40,42,46,52,61,67,74,80,82,84,85]",15,1352,38,0.0281065088757396,1
"[0,1,2,3,4,5,6,7,8,9,10,11,12,13,14,15,16,17,20,22,23,25,26,30,31,33,34,35,39,40,42,46,52,61,67,74,80,82,84,85]",16,1352,6,0.00443786982248521,1
"[0,1,2,3,4,5,6,7,8,9,10,11,12,13,14,15,16,17,20,22,23,25,26,30,31,33,34,35,39,40,42,46,52,61,67,74,80,82,84,85]",17,1352,63,0.0465976331360947,1
"[0,1,2,3,4,5,6,7,8,9,10,11,12,13,14,15,16,17,20,22,23,25,26,30,31,33,34,35,39,40,42,46,52,61,67,74,80,82,84,85]",20,1352,83,0.0613905325443787,1
"[0,1,2,3,4,5,6,7,8,9,10,11,12,13,14,15,16,17,20,22,23,25,26,30,31,33,34,35,39,40,42,46,52,61,67,74,80,82,84,85]",22,1352,10,0.00739644970414201,1
"[0,1,2,3,4,5,6,7,8,9,10,11,12,13,14,15,16,17,20,22,23,25,26,30,31,33,34,35,39,40,42,46,52,61,67,74,80,82,84,85]",23,1352,17,0.0125739644970414,1
"[0,1,2,3,4,5,6,7,8,9,10,11,12,13,14,15,16,17,20,22,23,25,26,30,31,33,34,35,39,40,42,46,52,61,67,74,80,82,84,85]",25,1352,7,0.00517751479289941,1
"[0,1,2,3,4,5,6,7,8,9,10,11,12,13,14,15,16,17,20,22,23,25,26,30,31,33,34,35,39,40,42,46,52,61,67,74,80,82,84,85]",26,1352,68,0.0502958579881657,1
"[0,1,2,3,4,5,6,7,8,9,10,11,12,13,14,15,16,17,20,22,23,25,26,30,31,33,34,35,39,40,42,46,52,61,67,74,80,82,84,85]",30,1352,10,0.00739644970414201,1
"[0,1,2,3,4,5,6,7,8,9,10,11,12,13,14,15,16,17,20,22,23,25,26,30,31,33,34,35,39,40,42,46,52,61,67,74,80,82,84,85]",31,1352,15,0.011094674556213,1
"[0,1,2,3,4,5,6,7,8,9,10,11,12,13,14,15,16,17,20,22,23,25,26,30,31,33,34,35,39,40,42,46,52,61,67,74,80,82,84,85]",33,1352,7,0.00517751479289941,1
"[0,1,2,3,4,5,6,7,8,9,10,11,12,13,14,15,16,17,20,22,23,25,26,30,31,33,34,35,39,40,42,46,52,61,67,74,80,82,84,85]",34,1352,12,0.00887573964497041,1
"[0,1,2,3,4,5,6,7,8,9,10,11,12,13,14,15,16,17,20,22,23,25,26,30,31,33,34,35,39,40,42,46,52,61,67,74,80,82,84,85]",35,1352,8,0.00591715976331361,1
"[0,1,2,3,4,5,6,7,8,9,10,11,12,13,14,15,16,17,20,22,23,25,26,30,31,33,34,35,39,40,42,46,52,61,67,74,80,82,84,85]",39,1352,4,0.0029585798816568,1
"[0,1,2,3,4,5,6,7,8,9,10,11,12,13,14,15,16,17,20,22,23,25,26,30,31,33,34,35,39,40,42,46,52,61,67,74,80,82,84,85]",40,1352,6,0.00443786982248521,1
"[0,1,2,3,4,5,6,7,8,9,10,11,12,13,14,15,16,17,20,22,23,25,26,30,31,33,34,35,39,40,42,46,52,61,67,74,80,82,84,85]",42,1352,21,0.0155325443786982,1
"[0,1,2,3,4,5,6,7,8,9,10,11,12,13,14,15,16,17,20,22,23,25,26,30,31,33,34,35,39,40,42,46,52,61,67,74,80,82,84,85]",46,1352,11,0.00813609467455621,1
"[0,1,2,3,4,5,6,7,8,9,10,11,12,13,14,15,16,17,20,22,23,25,26,30,31,33,34,35,39,40,42,46,52,61,67,74,80,82,84,85]",52,1352,7,0.00517751479289941,1
"[0,1,2,3,4,5,6,7,8,9,10,11,12,13,14,15,16,17,20,22,23,25,26,30,31,33,34,35,39,40,42,46,52,61,67,74,80,82,84,85]",61,1352,3,0.0022189349112426,1
"[0,1,2,3,4,5,6,7,8,9,10,11,12,13,14,15,16,17,20,22,23,25,26,30,31,33,34,35,39,40,42,46,52,61,67,74,80,82,84,85]",67,1352,4,0.0029585798816568,1
"[0,1,2,3,4,5,6,7,8,9,10,11,12,13,14,15,16,17,20,22,23,25,26,30,31,33,34,35,39,40,42,46,52,61,67,74,80,82,84,85]",74,1352,1,0.000739644970414201,1
"[0,1,2,3,4,5,6,7,8,9,10,11,12,13,14,15,16,17,20,22,23,25,26,30,31,33,34,35,39,40,42,46,52,61,67,74,80,82,84,85]",80,1352,10,0.00739644970414201,1
"[0,1,2,3,4,5,6,7,8,9,10,11,12,13,14,15,16,17,20,22,23,25,26,30,31,33,34,35,39,40,42,46,52,61,67,74,80,82,84,85]",82,1352,4,0.0029585798816568,1
"[0,1,2,3,4,5,6,7,8,9,10,11,12,13,14,15,16,17,20,22,23,25,26,30,31,33,34,35,39,40,42,46,52,61,67,74,80,82,84,85]",84,1352,3,0.0022189349112426,1
"[0,1,2,3,4,5,6,7,8,9,10,11,12,13,14,15,16,17,20,22,23,25,26,30,31,33,34,35,39,40,42,46,52,61,67,74,80,82,84,85]",85,1352,12,0.00887573964497041,1
"[0,1,2,3,4,5,6,7,8,9,10,11,12,13,14,15,16,17,20,22,23,25,26,30,31,33,34,35,39,40,42,46,52,61,67,80,82,85,92]",0,986,8,0.00811359026369168,1
"[0,1,2,3,4,5,6,7,8,9,10,11,12,13,14,15,16,17,20,22,23,25,26,30,31,33,34,35,39,40,42,46,52,61,67,80,82,85,92]",1,986,24,0.0243407707910751,1
"[0,1,2,3,4,5,6,7,8,9,10,11,12,13,14,15,16,17,20,22,23,25,26,30,31,33,34,35,39,40,42,46,52,61,67,80,82,85,92]",2,986,41,0.0415821501014199,1
"[0,1,2,3,4,5,6,7,8,9,10,11,12,13,14,15,16,17,20,22,23,25,26,30,31,33,34,35,39,40,42,46,52,61,67,80,82,85,92]",3,986,16,0.0162271805273834,1
"[0,1,2,3,4,5,6,7,8,9,10,11,12,13,14,15,16,17,20,22,23,25,26,30,31,33,34,35,39,40,42,46,52,61,67,80,82,85,92]",4,986,66,0.0669371196754564,1
"[0,1,2,3,4,5,6,7,8,9,10,11,12,13,14,15,16,17,20,22,23,25,26,30,31,33,34,35,39,40,42,46,52,61,67,80,82,85,92]",5,986,49,0.0496957403651116,1
"[0,1,2,3,4,5,6,7,8,9,10,11,12,13,14,15,16,17,20,22,23,25,26,30,31,33,34,35,39,40,42,46,52,61,67,80,82,85,92]",6,986,6,0.00608519269776876,1
"[0,1,2,3,4,5,6,7,8,9,10,11,12,13,14,15,16,17,20,22,23,25,26,30,31,33,34,35,39,40,42,46,52,61,67,80,82,85,92]",7,986,122,0.123732251521298,1
"[0,1,2,3,4,5,6,7,8,9,10,11,12,13,14,15,16,17,20,22,23,25,26,30,31,33,34,35,39,40,42,46,52,61,67,80,82,85,92]",8,986,21,0.0212981744421907,1
"[0,1,2,3,4,5,6,7,8,9,10,11,12,13,14,15,16,17,20,22,23,25,26,30,31,33,34,35,39,40,42,46,52,61,67,80,82,85,92]",9,986,20,0.0202839756592292,1
"[0,1,2,3,4,5,6,7,8,9,10,11,12,13,14,15,16,17,20,22,23,25,26,30,31,33,34,35,39,40,42,46,52,61,67,80,82,85,92]",10,986,31,0.0314401622718053,1
"[0,1,2,3,4,5,6,7,8,9,10,11,12,13,14,15,16,17,20,22,23,25,26,30,31,33,34,35,39,40,42,46,52,61,67,80,82,85,92]",11,986,38,0.0385395537525355,1
"[0,1,2,3,4,5,6,7,8,9,10,11,12,13,14,15,16,17,20,22,23,25,26,30,31,33,34,35,39,40,42,46,52,61,67,80,82,85,92]",12,986,40,0.0405679513184584,1
"[0,1,2,3,4,5,6,7,8,9,10,11,12,13,14,15,16,17,20,22,23,25,26,30,31,33,34,35,39,40,42,46,52,61,67,80,82,85,92]",13,986,54,0.0547667342799189,1
"[0,1,2,3,4,5,6,7,8,9,10,11,12,13,14,15,16,17,20,22,23,25,26,30,31,33,34,35,39,40,42,46,52,61,67,80,82,85,92]",14,986,10,0.0101419878296146,1
"[0,1,2,3,4,5,6,7,8,9,10,11,12,13,14,15,16,17,20,22,23,25,26,30,31,33,34,35,39,40,42,46,52,61,67,80,82,85,92]",15,986,52,0.0527383367139959,1
"[0,1,2,3,4,5,6,7,8,9,10,11,12,13,14,15,16,17,20,22,23,25,26,30,31,33,34,35,39,40,42,46,52,61,67,80,82,85,92]",16,986,1,0.00101419878296146,1
"[0,1,2,3,4,5,6,7,8,9,10,11,12,13,14,15,16,17,20,22,23,25,26,30,31,33,34,35,39,40,42,46,52,61,67,80,82,85,92]",17,986,74,0.0750507099391481,1
"[0,1,2,3,4,5,6,7,8,9,10,11,12,13,14,15,16,17,20,22,23,25,26,30,31,33,34,35,39,40,42,46,52,61,67,80,82,85,92]",20,986,25,0.0253549695740365,1
"[0,1,2,3,4,5,6,7,8,9,10,11,12,13,14,15,16,17,20,22,23,25,26,30,31,33,34,35,39,40,42,46,52,61,67,80,82,85,92]",22,986,10,0.0101419878296146,1
"[0,1,2,3,4,5,6,7,8,9,10,11,12,13,14,15,16,17,20,22,23,25,26,30,31,33,34,35,39,40,42,46,52,61,67,80,82,85,92]",23,986,26,0.026369168356998,1
"[0,1,2,3,4,5,6,7,8,9,10,11,12,13,14,15,16,17,20,22,23,25,26,30,31,33,34,35,39,40,42,46,52,61,67,80,82,85,92]",25,986,14,0.0141987829614604,1
"[0,1,2,3,4,5,6,7,8,9,10,11,12,13,14,15,16,17,20,22,23,25,26,30,31,33,34,35,39,40,42,46,52,61,67,80,82,85,92]",26,986,41,0.0415821501014199,1
"[0,1,2,3,4,5,6,7,8,9,10,11,12,13,14,15,16,17,20,22,23,25,26,30,31,33,34,35,39,40,42,46,52,61,67,80,82,85,92]",30,986,6,0.00608519269776876,1
"[0,1,2,3,4,5,6,7,8,9,10,11,12,13,14,15,16,17,20,22,23,25,26,30,31,33,34,35,39,40,42,46,52,61,67,80,82,85,92]",31,986,20,0.0202839756592292,1
"[0,1,2,3,4,5,6,7,8,9,10,11,12,13,14,15,16,17,20,22,23,25,26,30,31,33,34,35,39,40,42,46,52,61,67,80,82,85,92]",33,986,6,0.00608519269776876,1
"[0,1,2,3,4,5,6,7,8,9,10,11,12,13,14,15,16,17,20,22,23,25,26,30,31,33,34,35,39,40,42,46,52,61,67,80,82,85,92]",34,986,9,0.00912778904665314,1
"[0,1,2,3,4,5,6,7,8,9,10,11,12,13,14,15,16,17,20,22,23,25,26,30,31,33,34,35,39,40,42,46,52,61,67,80,82,85,92]",35,986,13,0.013184584178499,1
"[0,1,2,3,4,5,6,7,8,9,10,11,12,13,14,15,16,17,20,22,23,25,26,30,31,33,34,35,39,40,42,46,52,61,67,80,82,85,92]",39,986,6,0.00608519269776876,1
"[0,1,2,3,4,5,6,7,8,9,10,11,12,13,14,15,16,17,20,22,23,25,26,30,31,33,34,35,39,40,42,46,52,61,67,80,82,85,92]",40,986,5,0.0050709939148073,1
"[0,1,2,3,4,5,6,7,8,9,10,11,12,13,14,15,16,17,20,22,23,25,26,30,31,33,34,35,39,40,42,46,52,61,67,80,82,85,92]",42,986,61,0.0618661257606491,1
"[0,1,2,3,4,5,6,7,8,9,10,11,12,13,14,15,16,17,20,22,23,25,26,30,31,33,34,35,39,40,42,46,52,61,67,80,82,85,92]",46,986,18,0.0182555780933063,1
"[0,1,2,3,4,5,6,7,8,9,10,11,12,13,14,15,16,17,20,22,23,25,26,30,31,33,34,35,39,40,42,46,52,61,67,80,82,85,92]",52,986,9,0.00912778904665314,1
"[0,1,2,3,4,5,6,7,8,9,10,11,12,13,14,15,16,17,20,22,23,25,26,30,31,33,34,35,39,40,42,46,52,61,67,80,82,85,92]",61,986,4,0.00405679513184584,1
"[0,1,2,3,4,5,6,7,8,9,10,11,12,13,14,15,16,17,20,22,23,25,26,30,31,33,34,35,39,40,42,46,52,61,67,80,82,85,92]",67,986,8,0.00811359026369168,1
"[0,1,2,3,4,5,6,7,8,9,10,11,12,13,14,15,16,17,20,22,23,25,26,30,31,33,34,35,39,40,42,46,52,61,67,80,82,85,92]",80,986,10,0.0101419878296146,1
"[0,1,2,3,4,5,6,7,8,9,10,11,12,13,14,15,16,17,20,22,23,25,26,30,31,33,34,35,39,40,42,46,52,61,67,80,82,85,92]",82,986,4,0.00405679513184584,1
"[0,1,2,3,4,5,6,7,8,9,10,11,12,13,14,15,16,17,20,22,23,25,26,30,31,33,34,35,39,40,42,46,52,61,67,80,82,85,92]",85,986,14,0.0141987829614604,1
"[0,1,2,3,4,5,6,7,8,9,10,11,12,13,14,15,16,17,20,22,23,25,26,30,31,33,34,35,39,40,42,46,52,61,67,80,82,85,92]",92,986,4,0.00405679513184584,1
"[0,1,2,3,4,5,6,7,8,9,10,11,12,13,14,15,16,17,20,22,23,25,26,30,31,33,35,39,40,42,46,52,61,67,80,82,84,85,86,92]",0,907,10,0.0110253583241455,1
"[0,1,2,3,4,5,6,7,8,9,10,11,12,13,14,15,16,17,20,22,23,25,26,30,31,33,35,39,40,42,46,52,61,67,80,82,84,85,86,92]",1,907,38,0.041896361631753,1
"[0,1,2,3,4,5,6,7,8,9,10,11,12,13,14,15,16,17,20,22,23,25,26,30,31,33,35,39,40,42,46,52,61,67,80,82,84,85,86,92]",2,907,30,0.0330760749724366,1
"[0,1,2,3,4,5,6,7,8,9,10,11,12,13,14,15,16,17,20,22,23,25,26,30,31,33,35,39,40,42,46,52,61,67,80,82,84,85,86,92]",3,907,9,0.00992282249173098,1
"[0,1,2,3,4,5,6,7,8,9,10,11,12,13,14,15,16,17,20,22,23,25,26,30,31,33,35,39,40,42,46,52,61,67,80,82,84,85,86,92]",4,907,34,0.0374862183020948,1
"[0,1,2,3,4,5,6,7,8,9,10,11,12,13,14,15,16,17,20,22,23,25,26,30,31,33,35,39,40,42,46,52,61,67,80,82,84,85,86,92]",5,907,39,0.0429988974641676,1
"[0,1,2,3,4,5,6,7,8,9,10,11,12,13,14,15,16,17,20,22,23,25,26,30,31,33,35,39,40,42,46,52,61,67,80,82,84,85,86,92]",6,907,19,0.0209481808158765,1
"[0,1,2,3,4,5,6,7,8,9,10,11,12,13,14,15,16,17,20,22,23,25,26,30,31,33,35,39,40,42,46,52,61,67,80,82,84,85,86,92]",7,907,130,0.143329658213892,1
"[0,1,2,3,4,5,6,7,8,9,10,11,12,13,14,15,16,17,20,22,23,25,26,30,31,33,35,39,40,42,46,52,61,67,80,82,84,85,86,92]",8,907,14,0.0154355016538037,1
"[0,1,2,3,4,5,6,7,8,9,10,11,12,13,14,15,16,17,20,22,23,25,26,30,31,33,35,39,40,42,46,52,61,67,80,82,84,85,86,92]",9,907,58,0.0639470782800441,1
"[0,1,2,3,4,5,6,7,8,9,10,11,12,13,14,15,16,17,20,22,23,25,26,30,31,33,35,39,40,42,46,52,61,67,80,82,84,85,86,92]",10,907,37,0.0407938257993385,1
"[0,1,2,3,4,5,6,7,8,9,10,11,12,13,14,15,16,17,20,22,23,25,26,30,31,33,35,39,40,42,46,52,61,67,80,82,84,85,86,92]",11,907,75,0.0826901874310915,1
"[0,1,2,3,4,5,6,7,8,9,10,11,12,13,14,15,16,17,20,22,23,25,26,30,31,33,35,39,40,42,46,52,61,67,80,82,84,85,86,92]",12,907,15,0.0165380374862183,1
"[0,1,2,3,4,5,6,7,8,9,10,11,12,13,14,15,16,17,20,22,23,25,26,30,31,33,35,39,40,42,46,52,61,67,80,82,84,85,86,92]",13,907,29,0.0319735391400221,1
"[0,1,2,3,4,5,6,7,8,9,10,11,12,13,14,15,16,17,20,22,23,25,26,30,31,33,35,39,40,42,46,52,61,67,80,82,84,85,86,92]",14,907,8,0.00882028665931643,1
"[0,1,2,3,4,5,6,7,8,9,10,11,12,13,14,15,16,17,20,22,23,25,26,30,31,33,35,39,40,42,46,52,61,67,80,82,84,85,86,92]",15,907,40,0.0441014332965821,1
"[0,1,2,3,4,5,6,7,8,9,10,11,12,13,14,15,16,17,20,22,23,25,26,30,31,33,35,39,40,42,46,52,61,67,80,82,84,85,86,92]",16,907,9,0.00992282249173098,1
"[0,1,2,3,4,5,6,7,8,9,10,11,12,13,14,15,16,17,20,22,23,25,26,30,31,33,35,39,40,42,46,52,61,67,80,82,84,85,86,92]",17,907,38,0.041896361631753,1
"[0,1,2,3,4,5,6,7,8,9,10,11,12,13,14,15,16,17,20,22,23,25,26,30,31,33,35,39,40,42,46,52,61,67,80,82,84,85,86,92]",20,907,51,0.0562293274531422,1
"[0,1,2,3,4,5,6,7,8,9,10,11,12,13,14,15,16,17,20,22,23,25,26,30,31,33,35,39,40,42,46,52,61,67,80,82,84,85,86,92]",22,907,12,0.0132304299889746,1
"[0,1,2,3,4,5,6,7,8,9,10,11,12,13,14,15,16,17,20,22,23,25,26,30,31,33,35,39,40,42,46,52,61,67,80,82,84,85,86,92]",23,907,17,0.0187431091510474,1
"[0,1,2,3,4,5,6,7,8,9,10,11,12,13,14,15,16,17,20,22,23,25,26,30,31,33,35,39,40,42,46,52,61,67,80,82,84,85,86,92]",25,907,11,0.0121278941565601,1
"[0,1,2,3,4,5,6,7,8,9,10,11,12,13,14,15,16,17,20,22,23,25,26,30,31,33,35,39,40,42,46,52,61,67,80,82,84,85,86,92]",26,907,29,0.0319735391400221,1
"[0,1,2,3,4,5,6,7,8,9,10,11,12,13,14,15,16,17,20,22,23,25,26,30,31,33,35,39,40,42,46,52,61,67,80,82,84,85,86,92]",30,907,5,0.00551267916207277,1
"[0,1,2,3,4,5,6,7,8,9,10,11,12,13,14,15,16,17,20,22,23,25,26,30,31,33,35,39,40,42,46,52,61,67,80,82,84,85,86,92]",31,907,11,0.0121278941565601,1
"[0,1,2,3,4,5,6,7,8,9,10,11,12,13,14,15,16,17,20,22,23,25,26,30,31,33,35,39,40,42,46,52,61,67,80,82,84,85,86,92]",33,907,7,0.00771775082690187,1
"[0,1,2,3,4,5,6,7,8,9,10,11,12,13,14,15,16,17,20,22,23,25,26,30,31,33,35,39,40,42,46,52,61,67,80,82,84,85,86,92]",35,907,11,0.0121278941565601,1
"[0,1,2,3,4,5,6,7,8,9,10,11,12,13,14,15,16,17,20,22,23,25,26,30,31,33,35,39,40,42,46,52,61,67,80,82,84,85,86,92]",39,907,7,0.00771775082690187,1
"[0,1,2,3,4,5,6,7,8,9,10,11,12,13,14,15,16,17,20,22,23,25,26,30,31,33,35,39,40,42,46,52,61,67,80,82,84,85,86,92]",40,907,6,0.00661521499448732,1
"[0,1,2,3,4,5,6,7,8,9,10,11,12,13,14,15,16,17,20,22,23,25,26,30,31,33,35,39,40,42,46,52,61,67,80,82,84,85,86,92]",42,907,14,0.0154355016538037,1
"[0,1,2,3,4,5,6,7,8,9,10,11,12,13,14,15,16,17,20,22,23,25,26,30,31,33,35,39,40,42,46,52,61,67,80,82,84,85,86,92]",46,907,14,0.0154355016538037,1
"[0,1,2,3,4,5,6,7,8,9,10,11,12,13,14,15,16,17,20,22,23,25,26,30,31,33,35,39,40,42,46,52,61,67,80,82,84,85,86,92]",52,907,17,0.0187431091510474,1
"[0,1,2,3,4,5,6,7,8,9,10,11,12,13,14,15,16,17,20,22,23,25,26,30,31,33,35,39,40,42,46,52,61,67,80,82,84,85,86,92]",61,907,14,0.0154355016538037,1
"[0,1,2,3,4,5,6,7,8,9,10,11,12,13,14,15,16,17,20,22,23,25,26,30,31,33,35,39,40,42,46,52,61,67,80,82,84,85,86,92]",67,907,12,0.0132304299889746,1
"[0,1,2,3,4,5,6,7,8,9,10,11,12,13,14,15,16,17,20,22,23,25,26,30,31,33,35,39,40,42,46,52,61,67,80,82,84,85,86,92]",80,907,2,0.00220507166482911,1
"[0,1,2,3,4,5,6,7,8,9,10,11,12,13,14,15,16,17,20,22,23,25,26,30,31,33,35,39,40,42,46,52,61,67,80,82,84,85,86,92]",82,907,6,0.00661521499448732,1
"[0,1,2,3,4,5,6,7,8,9,10,11,12,13,14,15,16,17,20,22,23,25,26,30,31,33,35,39,40,42,46,52,61,67,80,82,84,85,86,92]",84,907,3,0.00330760749724366,1
"[0,1,2,3,4,5,6,7,8,9,10,11,12,13,14,15,16,17,20,22,23,25,26,30,31,33,35,39,40,42,46,52,61,67,80,82,84,85,86,92]",85,907,22,0.0242557883131202,1
"[0,1,2,3,4,5,6,7,8,9,10,11,12,13,14,15,16,17,20,22,23,25,26,30,31,33,35,39,40,42,46,52,61,67,80,82,84,85,86,92]",86,907,1,0.00110253583241455,1
"[0,1,2,3,4,5,6,7,8,9,10,11,12,13,14,15,16,17,20,22,23,25,26,30,31,33,35,39,40,42,46,52,61,67,80,82,84,85,86,92]",92,907,3,0.00330760749724366,1
"[0,1,2,3,4,5,6,7,8,9,10,11,12,13,14,15,16,20,22,23,25,26,30,31,33,34,35,39,40,42,46,48,52,61,67,80,82,84,85,86,93]",0,836,10,0.0119617224880383,1
"[0,1,2,3,4,5,6,7,8,9,10,11,12,13,14,15,16,20,22,23,25,26,30,31,33,34,35,39,40,42,46,48,52,61,67,80,82,84,85,86,93]",1,836,13,0.0155502392344498,1
"[0,1,2,3,4,5,6,7,8,9,10,11,12,13,14,15,16,20,22,23,25,26,30,31,33,34,35,39,40,42,46,48,52,61,67,80,82,84,85,86,93]",2,836,59,0.0705741626794258,1
"[0,1,2,3,4,5,6,7,8,9,10,11,12,13,14,15,16,20,22,23,25,26,30,31,33,34,35,39,40,42,46,48,52,61,67,80,82,84,85,86,93]",3,836,10,0.0119617224880383,1
"[0,1,2,3,4,5,6,7,8,9,10,11,12,13,14,15,16,20,22,23,25,26,30,31,33,34,35,39,40,42,46,48,52,61,67,80,82,84,85,86,93]",4,836,40,0.0478468899521531,1
"[0,1,2,3,4,5,6,7,8,9,10,11,12,13,14,15,16,20,22,23,25,26,30,31,33,34,35,39,40,42,46,48,52,61,67,80,82,84,85,86,93]",5,836,36,0.0430622009569378,1
"[0,1,2,3,4,5,6,7,8,9,10,11,12,13,14,15,16,20,22,23,25,26,30,31,33,34,35,39,40,42,46,48,52,61,67,80,82,84,85,86,93]",6,836,38,0.0454545454545455,1
"[0,1,2,3,4,5,6,7,8,9,10,11,12,13,14,15,16,20,22,23,25,26,30,31,33,34,35,39,40,42,46,48,52,61,67,80,82,84,85,86,93]",7,836,110,0.131578947368421,1
"[0,1,2,3,4,5,6,7,8,9,10,11,12,13,14,15,16,20,22,23,25,26,30,31,33,34,35,39,40,42,46,48,52,61,67,80,82,84,85,86,93]",8,836,10,0.0119617224880383,1
"[0,1,2,3,4,5,6,7,8,9,10,11,12,13,14,15,16,20,22,23,25,26,30,31,33,34,35,39,40,42,46,48,52,61,67,80,82,84,85,86,93]",9,836,44,0.0526315789473684,1
"[0,1,2,3,4,5,6,7,8,9,10,11,12,13,14,15,16,20,22,23,25,26,30,31,33,34,35,39,40,42,46,48,52,61,67,80,82,84,85,86,93]",10,836,23,0.027511961722488,1
"[0,1,2,3,4,5,6,7,8,9,10,11,12,13,14,15,16,20,22,23,25,26,30,31,33,34,35,39,40,42,46,48,52,61,67,80,82,84,85,86,93]",11,836,56,0.0669856459330144,1
"[0,1,2,3,4,5,6,7,8,9,10,11,12,13,14,15,16,20,22,23,25,26,30,31,33,34,35,39,40,42,46,48,52,61,67,80,82,84,85,86,93]",12,836,19,0.0227272727272727,1
"[0,1,2,3,4,5,6,7,8,9,10,11,12,13,14,15,16,20,22,23,25,26,30,31,33,34,35,39,40,42,46,48,52,61,67,80,82,84,85,86,93]",13,836,44,0.0526315789473684,1
"[0,1,2,3,4,5,6,7,8,9,10,11,12,13,14,15,16,20,22,23,25,26,30,31,33,34,35,39,40,42,46,48,52,61,67,80,82,84,85,86,93]",14,836,5,0.00598086124401914,1
"[0,1,2,3,4,5,6,7,8,9,10,11,12,13,14,15,16,20,22,23,25,26,30,31,33,34,35,39,40,42,46,48,52,61,67,80,82,84,85,86,93]",15,836,36,0.0430622009569378,1
"[0,1,2,3,4,5,6,7,8,9,10,11,12,13,14,15,16,20,22,23,25,26,30,31,33,34,35,39,40,42,46,48,52,61,67,80,82,84,85,86,93]",16,836,5,0.00598086124401914,1
"[0,1,2,3,4,5,6,7,8,9,10,11,12,13,14,15,16,20,22,23,25,26,30,31,33,34,35,39,40,42,46,48,52,61,67,80,82,84,85,86,93]",20,836,31,0.0370813397129187,1
"[0,1,2,3,4,5,6,7,8,9,10,11,12,13,14,15,16,20,22,23,25,26,30,31,33,34,35,39,40,42,46,48,52,61,67,80,82,84,85,86,93]",22,836,7,0.00837320574162679,1
"[0,1,2,3,4,5,6,7,8,9,10,11,12,13,14,15,16,20,22,23,25,26,30,31,33,34,35,39,40,42,46,48,52,61,67,80,82,84,85,86,93]",23,836,12,0.0143540669856459,1
"[0,1,2,3,4,5,6,7,8,9,10,11,12,13,14,15,16,20,22,23,25,26,30,31,33,34,35,39,40,42,46,48,52,61,67,80,82,84,85,86,93]",25,836,12,0.0143540669856459,1
"[0,1,2,3,4,5,6,7,8,9,10,11,12,13,14,15,16,20,22,23,25,26,30,31,33,34,35,39,40,42,46,48,52,61,67,80,82,84,85,86,93]",26,836,21,0.0251196172248804,1
"[0,1,2,3,4,5,6,7,8,9,10,11,12,13,14,15,16,20,22,23,25,26,30,31,33,34,35,39,40,42,46,48,52,61,67,80,82,84,85,86,93]",30,836,4,0.00478468899521531,1
"[0,1,2,3,4,5,6,7,8,9,10,11,12,13,14,15,16,20,22,23,25,26,30,31,33,34,35,39,40,42,46,48,52,61,67,80,82,84,85,86,93]",31,836,15,0.0179425837320574,1
"[0,1,2,3,4,5,6,7,8,9,10,11,12,13,14,15,16,20,22,23,25,26,30,31,33,34,35,39,40,42,46,48,52,61,67,80,82,84,85,86,93]",33,836,1,0.00119617224880383,1
"[0,1,2,3,4,5,6,7,8,9,10,11,12,13,14,15,16,20,22,23,25,26,30,31,33,34,35,39,40,42,46,48,52,61,67,80,82,84,85,86,93]",34,836,5,0.00598086124401914,1
"[0,1,2,3,4,5,6,7,8,9,10,11,12,13,14,15,16,20,22,23,25,26,30,31,33,34,35,39,40,42,46,48,52,61,67,80,82,84,85,86,93]",35,836,8,0.00956937799043062,1
"[0,1,2,3,4,5,6,7,8,9,10,11,12,13,14,15,16,20,22,23,25,26,30,31,33,34,35,39,40,42,46,48,52,61,67,80,82,84,85,86,93]",39,836,8,0.00956937799043062,1
"[0,1,2,3,4,5,6,7,8,9,10,11,12,13,14,15,16,20,22,23,25,26,30,31,33,34,35,39,40,42,46,48,52,61,67,80,82,84,85,86,93]",40,836,7,0.00837320574162679,1
"[0,1,2,3,4,5,6,7,8,9,10,11,12,13,14,15,16,20,22,23,25,26,30,31,33,34,35,39,40,42,46,48,52,61,67,80,82,84,85,86,93]",42,836,17,0.0203349282296651,1
"[0,1,2,3,4,5,6,7,8,9,10,11,12,13,14,15,16,20,22,23,25,26,30,31,33,34,35,39,40,42,46,48,52,61,67,80,82,84,85,86,93]",46,836,26,0.0311004784688995,1
"[0,1,2,3,4,5,6,7,8,9,10,11,12,13,14,15,16,20,22,23,25,26,30,31,33,34,35,39,40,42,46,48,52,61,67,80,82,84,85,86,93]",48,836,7,0.00837320574162679,1
"[0,1,2,3,4,5,6,7,8,9,10,11,12,13,14,15,16,20,22,23,25,26,30,31,33,34,35,39,40,42,46,48,52,61,67,80,82,84,85,86,93]",52,836,7,0.00837320574162679,1
"[0,1,2,3,4,5,6,7,8,9,10,11,12,13,14,15,16,20,22,23,25,26,30,31,33,34,35,39,40,42,46,48,52,61,67,80,82,84,85,86,93]",61,836,6,0.00717703349282297,1
"[0,1,2,3,4,5,6,7,8,9,10,11,12,13,14,15,16,20,22,23,25,26,30,31,33,34,35,39,40,42,46,48,52,61,67,80,82,84,85,86,93]",67,836,22,0.0263157894736842,1
"[0,1,2,3,4,5,6,7,8,9,10,11,12,13,14,15,16,20,22,23,25,26,30,31,33,34,35,39,40,42,46,48,52,61,67,80,82,84,85,86,93]",80,836,10,0.0119617224880383,1
"[0,1,2,3,4,5,6,7,8,9,10,11,12,13,14,15,16,20,22,23,25,26,30,31,33,34,35,39,40,42,46,48,52,61,67,80,82,84,85,86,93]",82,836,7,0.00837320574162679,1
"[0,1,2,3,4,5,6,7,8,9,10,11,12,13,14,15,16,20,22,23,25,26,30,31,33,34,35,39,40,42,46,48,52,61,67,80,82,84,85,86,93]",84,836,22,0.0263157894736842,1
"[0,1,2,3,4,5,6,7,8,9,10,11,12,13,14,15,16,20,22,23,25,26,30,31,33,34,35,39,40,42,46,48,52,61,67,80,82,84,85,86,93]",85,836,1,0.00119617224880383,1
"[0,1,2,3,4,5,6,7,8,9,10,11,12,13,14,15,16,20,22,23,25,26,30,31,33,34,35,39,40,42,46,48,52,61,67,80,82,84,85,86,93]",86,836,9,0.0107655502392345,1
"[0,1,2,3,4,5,6,7,8,9,10,11,12,13,14,15,16,20,22,23,25,26,30,31,33,34,35,39,40,42,46,48,52,61,67,80,82,84,85,86,93]",93,836,13,0.0155502392344498,1
"[0,1,2,3,4,5,6,7,8,9,10,11,12,13,14,15,16,20,22,23,25,26,30,31,33,35,39,40,42,46,48,51,52,53,61,67,80,82,84,85,86,92,93]",0,2480,20,0.00806451612903226,2
"[0,1,2,3,4,5,6,7,8,9,10,11,12,13,14,15,16,20,22,23,25,26,30,31,33,35,39,40,42,46,48,51,52,53,61,67,80,82,84,85,86,92,93]",1,2480,111,0.044758064516129,2
"[0,1,2,3,4,5,6,7,8,9,10,11,12,13,14,15,16,20,22,23,25,26,30,31,33,35,39,40,42,46,48,51,52,53,61,67,80,82,84,85,86,92,93]",2,2480,363,0.146370967741935,2
"[0,1,2,3,4,5,6,7,8,9,10,11,12,13,14,15,16,20,22,23,25,26,30,31,33,35,39,40,42,46,48,51,52,53,61,67,80,82,84,85,86,92,93]",3,2480,26,0.0104838709677419,2
"[0,1,2,3,4,5,6,7,8,9,10,11,12,13,14,15,16,20,22,23,25,26,30,31,33,35,39,40,42,46,48,51,52,53,61,67,80,82,84,85,86,92,93]",4,2480,66,0.0266129032258065,2
"[0,1,2,3,4,5,6,7,8,9,10,11,12,13,14,15,16,20,22,23,25,26,30,31,33,35,39,40,42,46,48,51,52,53,61,67,80,82,84,85,86,92,93]",5,2480,76,0.0306451612903226,2
"[0,1,2,3,4,5,6,7,8,9,10,11,12,13,14,15,16,20,22,23,25,26,30,31,33,35,39,40,42,46,48,51,52,53,61,67,80,82,84,85,86,92,93]",6,2480,70,0.0282258064516129,2
"[0,1,2,3,4,5,6,7,8,9,10,11,12,13,14,15,16,20,22,23,25,26,30,31,33,35,39,40,42,46,48,51,52,53,61,67,80,82,84,85,86,92,93]",7,2480,284,0.114516129032258,2
"[0,1,2,3,4,5,6,7,8,9,10,11,12,13,14,15,16,20,22,23,25,26,30,31,33,35,39,40,42,46,48,51,52,53,61,67,80,82,84,85,86,92,93]",8,2480,35,0.0141129032258065,2
"[0,1,2,3,4,5,6,7,8,9,10,11,12,13,14,15,16,20,22,23,25,26,30,31,33,35,39,40,42,46,48,51,52,53,61,67,80,82,84,85,86,92,93]",9,2480,78,0.0314516129032258,2
"[0,1,2,3,4,5,6,7,8,9,10,11,12,13,14,15,16,20,22,23,25,26,30,31,33,35,39,40,42,46,48,51,52,53,61,67,80,82,84,85,86,92,93]",10,2480,46,0.0185483870967742,2
"[0,1,2,3,4,5,6,7,8,9,10,11,12,13,14,15,16,20,22,23,25,26,30,31,33,35,39,40,42,46,48,51,52,53,61,67,80,82,84,85,86,92,93]",11,2480,106,0.042741935483871,2
"[0,1,2,3,4,5,6,7,8,9,10,11,12,13,14,15,16,20,22,23,25,26,30,31,33,35,39,40,42,46,48,51,52,53,61,67,80,82,84,85,86,92,93]",12,2480,32,0.0129032258064516,2
"[0,1,2,3,4,5,6,7,8,9,10,11,12,13,14,15,16,20,22,23,25,26,30,31,33,35,39,40,42,46,48,51,52,53,61,67,80,82,84,85,86,92,93]",13,2480,61,0.0245967741935484,2
"[0,1,2,3,4,5,6,7,8,9,10,11,12,13,14,15,16,20,22,23,25,26,30,31,33,35,39,40,42,46,48,51,52,53,61,67,80,82,84,85,86,92,93]",14,2480,23,0.0092741935483871,2
"[0,1,2,3,4,5,6,7,8,9,10,11,12,13,14,15,16,20,22,23,25,26,30,31,33,35,39,40,42,46,48,51,52,53,61,67,80,82,84,85,86,92,93]",15,2480,82,0.0330645161290323,2
"[0,1,2,3,4,5,6,7,8,9,10,11,12,13,14,15,16,20,22,23,25,26,30,31,33,35,39,40,42,46,48,51,52,53,61,67,80,82,84,85,86,92,93]",16,2480,6,0.00241935483870968,2
"[0,1,2,3,4,5,6,7,8,9,10,11,12,13,14,15,16,20,22,23,25,26,30,31,33,35,39,40,42,46,48,51,52,53,61,67,80,82,84,85,86,92,93]",20,2480,73,0.0294354838709677,2
"[0,1,2,3,4,5,6,7,8,9,10,11,12,13,14,15,16,20,22,23,25,26,30,31,33,35,39,40,42,46,48,51,52,53,61,67,80,82,84,85,86,92,93]",22,2480,15,0.00604838709677419,2
"[0,1,2,3,4,5,6,7,8,9,10,11,12,13,14,15,16,20,22,23,25,26,30,31,33,35,39,40,42,46,48,51,52,53,61,67,80,82,84,85,86,92,93]",23,2480,32,0.0129032258064516,2
"[0,1,2,3,4,5,6,7,8,9,10,11,12,13,14,15,16,20,22,23,25,26,30,31,33,35,39,40,42,46,48,51,52,53,61,67,80,82,84,85,86,92,93]",25,2480,10,0.00403225806451613,2
"[0,1,2,3,4,5,6,7,8,9,10,11,12,13,14,15,16,20,22,23,25,26,30,31,33,35,39,40,42,46,48,51,52,53,61,67,80,82,84,85,86,92,93]",26,2480,51,0.0205645161290323,2
"[0,1,2,3,4,5,6,7,8,9,10,11,12,13,14,15,16,20,22,23,25,26,30,31,33,35,39,40,42,46,48,51,52,53,61,67,80,82,84,85,86,92,93]",30,2480,5,0.00201612903225806,2
"[0,1,2,3,4,5,6,7,8,9,10,11,12,13,14,15,16,20,22,23,25,26,30,31,33,35,39,40,42,46,48,51,52,53,61,67,80,82,84,85,86,92,93]",31,2480,26,0.0104838709677419,2
"[0,1,2,3,4,5,6,7,8,9,10,11,12,13,14,15,16,20,22,23,25,26,30,31,33,35,39,40,42,46,48,51,52,53,61,67,80,82,84,85,86,92,93]",33,2480,5,0.00201612903225806,2
"[0,1,2,3,4,5,6,7,8,9,10,11,12,13,14,15,16,20,22,23,25,26,30,31,33,35,39,40,42,46,48,51,52,53,61,67,80,82,84,85,86,92,93]",35,2480,16,0.00645161290322581,2
"[0,1,2,3,4,5,6,7,8,9,10,11,12,13,14,15,16,20,22,23,25,26,30,31,33,35,39,40,42,46,48,51,52,53,61,67,80,82,84,85,86,92,93]",39,2480,33,0.0133064516129032,2
"[0,1,2,3,4,5,6,7,8,9,10,11,12,13,14,15,16,20,22,23,25,26,30,31,33,35,39,40,42,46,48,51,52,53,61,67,80,82,84,85,86,92,93]",40,2480,45,0.0181451612903226,2
"[0,1,2,3,4,5,6,7,8,9,10,11,12,13,14,15,16,20,22,23,25,26,30,31,33,35,39,40,42,46,48,51,52,53,61,67,80,82,84,85,86,92,93]",42,2480,46,0.0185483870967742,2
"[0,1,2,3,4,5,6,7,8,9,10,11,12,13,14,15,16,20,22,23,25,26,30,31,33,35,39,40,42,46,48,51,52,53,61,67,80,82,84,85,86,92,93]",46,2480,39,0.0157258064516129,2
"[0,1,2,3,4,5,6,7,8,9,10,11,12,13,14,15,16,20,22,23,25,26,30,31,33,35,39,40,42,46,48,51,52,53,61,67,80,82,84,85,86,92,93]",48,2480,5,0.00201612903225806,2
"[0,1,2,3,4,5,6,7,8,9,10,11,12,13,14,15,16,20,22,23,25,26,30,31,33,35,39,40,42,46,48,51,52,53,61,67,80,82,84,85,86,92,93]",51,2480,8,0.0032258064516129,2
"[0,1,2,3,4,5,6,7,8,9,10,11,12,13,14,15,16,20,22,23,25,26,30,31,33,35,39,40,42,46,48,51,52,53,61,67,80,82,84,85,86,92,93]",52,2480,25,0.0100806451612903,2
"[0,1,2,3,4,5,6,7,8,9,10,11,12,13,14,15,16,20,22,23,25,26,30,31,33,35,39,40,42,46,48,51,52,53,61,67,80,82,84,85,86,92,93]",53,2480,2,0.000806451612903226,2
"[0,1,2,3,4,5,6,7,8,9,10,11,12,13,14,15,16,20,22,23,25,26,30,31,33,35,39,40,42,46,48,51,52,53,61,67,80,82,84,85,86,92,93]",61,2480,18,0.00725806451612903,2
"[0,1,2,3,4,5,6,7,8,9,10,11,12,13,14,15,16,20,22,23,25,26,30,31,33,35,39,40,42,46,48,51,52,53,61,67,80,82,84,85,86,92,93]",67,2480,475,0.191532258064516,2
"[0,1,2,3,4,5,6,7,8,9,10,11,12,13,14,15,16,20,22,23,25,26,30,31,33,35,39,40,42,46,48,51,52,53,61,67,80,82,84,85,86,92,93]",80,2480,14,0.00564516129032258,2
"[0,1,2,3,4,5,6,7,8,9,10,11,12,13,14,15,16,20,22,23,25,26,30,31,33,35,39,40,42,46,48,51,52,53,61,67,80,82,84,85,86,92,93]",82,2480,14,0.00564516129032258,2
"[0,1,2,3,4,5,6,7,8,9,10,11,12,13,14,15,16,20,22,23,25,26,30,31,33,35,39,40,42,46,48,51,52,53,61,67,80,82,84,85,86,92,93]",84,2480,9,0.00362903225806452,2
"[0,1,2,3,4,5,6,7,8,9,10,11,12,13,14,15,16,20,22,23,25,26,30,31,33,35,39,40,42,46,48,51,52,53,61,67,80,82,84,85,86,92,93]",85,2480,6,0.00241935483870968,2
"[0,1,2,3,4,5,6,7,8,9,10,11,12,13,14,15,16,20,22,23,25,26,30,31,33,35,39,40,42,46,48,51,52,53,61,67,80,82,84,85,86,92,93]",86,2480,6,0.00241935483870968,2
"[0,1,2,3,4,5,6,7,8,9,10,11,12,13,14,15,16,20,22,23,25,26,30,31,33,35,39,40,42,46,48,51,52,53,61,67,80,82,84,85,86,92,93]",92,2480,2,0.000806451612903226,2
"[0,1,2,3,4,5,6,7,8,9,10,11,12,13,14,15,16,20,22,23,25,26,30,31,33,35,39,40,42,46,48,51,52,53,61,67,80,82,84,85,86,92,93]",93,2480,15,0.00604838709677419,2
"[0,1,2,3,4,5,6,7,8,9,10,11,12,13,14,15,16,20,22,23,25,26,30,31,33,35,39,40,42,46,48,51,52,61,67,80,82,84,85,86,92,93]",0,1101,14,0.0127157129881926,1
"[0,1,2,3,4,5,6,7,8,9,10,11,12,13,14,15,16,20,22,23,25,26,30,31,33,35,39,40,42,46,48,51,52,61,67,80,82,84,85,86,92,93]",1,1101,52,0.0472297910990009,1
"[0,1,2,3,4,5,6,7,8,9,10,11,12,13,14,15,16,20,22,23,25,26,30,31,33,35,39,40,42,46,48,51,52,61,67,80,82,84,85,86,92,93]",2,1101,82,0.0744777475022707,1
"[0,1,2,3,4,5,6,7,8,9,10,11,12,13,14,15,16,20,22,23,25,26,30,31,33,35,39,40,42,46,48,51,52,61,67,80,82,84,85,86,92,93]",3,1101,19,0.0172570390554042,1
"[0,1,2,3,4,5,6,7,8,9,10,11,12,13,14,15,16,20,22,23,25,26,30,31,33,35,39,40,42,46,48,51,52,61,67,80,82,84,85,86,92,93]",4,1101,40,0.036330608537693,1
"[0,1,2,3,4,5,6,7,8,9,10,11,12,13,14,15,16,20,22,23,25,26,30,31,33,35,39,40,42,46,48,51,52,61,67,80,82,84,85,86,92,93]",5,1101,29,0.0263396911898274,1
"[0,1,2,3,4,5,6,7,8,9,10,11,12,13,14,15,16,20,22,23,25,26,30,31,33,35,39,40,42,46,48,51,52,61,67,80,82,84,85,86,92,93]",6,1101,16,0.0145322434150772,1
"[0,1,2,3,4,5,6,7,8,9,10,11,12,13,14,15,16,20,22,23,25,26,30,31,33,35,39,40,42,46,48,51,52,61,67,80,82,84,85,86,92,93]",7,1101,138,0.125340599455041,1
"[0,1,2,3,4,5,6,7,8,9,10,11,12,13,14,15,16,20,22,23,25,26,30,31,33,35,39,40,42,46,48,51,52,61,67,80,82,84,85,86,92,93]",8,1101,21,0.0190735694822888,1
"[0,1,2,3,4,5,6,7,8,9,10,11,12,13,14,15,16,20,22,23,25,26,30,31,33,35,39,40,42,46,48,51,52,61,67,80,82,84,85,86,92,93]",9,1101,45,0.0408719346049046,1
"[0,1,2,3,4,5,6,7,8,9,10,11,12,13,14,15,16,20,22,23,25,26,30,31,33,35,39,40,42,46,48,51,52,61,67,80,82,84,85,86,92,93]",10,1101,50,0.0454132606721163,1
"[0,1,2,3,4,5,6,7,8,9,10,11,12,13,14,15,16,20,22,23,25,26,30,31,33,35,39,40,42,46,48,51,52,61,67,80,82,84,85,86,92,93]",11,1101,55,0.0499545867393279,1
"[0,1,2,3,4,5,6,7,8,9,10,11,12,13,14,15,16,20,22,23,25,26,30,31,33,35,39,40,42,46,48,51,52,61,67,80,82,84,85,86,92,93]",12,1101,17,0.0154405086285195,1
"[0,1,2,3,4,5,6,7,8,9,10,11,12,13,14,15,16,20,22,23,25,26,30,31,33,35,39,40,42,46,48,51,52,61,67,80,82,84,85,86,92,93]",13,1101,40,0.036330608537693,1
"[0,1,2,3,4,5,6,7,8,9,10,11,12,13,14,15,16,20,22,23,25,26,30,31,33,35,39,40,42,46,48,51,52,61,67,80,82,84,85,86,92,93]",14,1101,8,0.0072661217075386,1
"[0,1,2,3,4,5,6,7,8,9,10,11,12,13,14,15,16,20,22,23,25,26,30,31,33,35,39,40,42,46,48,51,52,61,67,80,82,84,85,86,92,93]",15,1101,23,0.0208900999091735,1
"[0,1,2,3,4,5,6,7,8,9,10,11,12,13,14,15,16,20,22,23,25,26,30,31,33,35,39,40,42,46,48,51,52,61,67,80,82,84,85,86,92,93]",16,1101,3,0.00272479564032698,1
"[0,1,2,3,4,5,6,7,8,9,10,11,12,13,14,15,16,20,22,23,25,26,30,31,33,35,39,40,42,46,48,51,52,61,67,80,82,84,85,86,92,93]",20,1101,41,0.0372388737511353,1
"[0,1,2,3,4,5,6,7,8,9,10,11,12,13,14,15,16,20,22,23,25,26,30,31,33,35,39,40,42,46,48,51,52,61,67,80,82,84,85,86,92,93]",22,1101,8,0.0072661217075386,1
"[0,1,2,3,4,5,6,7,8,9,10,11,12,13,14,15,16,20,22,23,25,26,30,31,33,35,39,40,42,46,48,51,52,61,67,80,82,84,85,86,92,93]",23,1101,121,0.109900090826521,1
"[0,1,2,3,4,5,6,7,8,9,10,11,12,13,14,15,16,20,22,23,25,26,30,31,33,35,39,40,42,46,48,51,52,61,67,80,82,84,85,86,92,93]",25,1101,11,0.00999091734786558,1
"[0,1,2,3,4,5,6,7,8,9,10,11,12,13,14,15,16,20,22,23,25,26,30,31,33,35,39,40,42,46,48,51,52,61,67,80,82,84,85,86,92,93]",26,1101,18,0.0163487738419619,1
"[0,1,2,3,4,5,6,7,8,9,10,11,12,13,14,15,16,20,22,23,25,26,30,31,33,35,39,40,42,46,48,51,52,61,67,80,82,84,85,86,92,93]",30,1101,7,0.00635785649409628,1
"[0,1,2,3,4,5,6,7,8,9,10,11,12,13,14,15,16,20,22,23,25,26,30,31,33,35,39,40,42,46,48,51,52,61,67,80,82,84,85,86,92,93]",31,1101,56,0.0508628519527702,1
"[0,1,2,3,4,5,6,7,8,9,10,11,12,13,14,15,16,20,22,23,25,26,30,31,33,35,39,40,42,46,48,51,52,61,67,80,82,84,85,86,92,93]",33,1101,4,0.0036330608537693,1
"[0,1,2,3,4,5,6,7,8,9,10,11,12,13,14,15,16,20,22,23,25,26,30,31,33,35,39,40,42,46,48,51,52,61,67,80,82,84,85,86,92,93]",35,1101,9,0.00817438692098093,1
"[0,1,2,3,4,5,6,7,8,9,10,11,12,13,14,15,16,20,22,23,25,26,30,31,33,35,39,40,42,46,48,51,52,61,67,80,82,84,85,86,92,93]",39,1101,64,0.0581289736603088,1
"[0,1,2,3,4,5,6,7,8,9,10,11,12,13,14,15,16,20,22,23,25,26,30,31,33,35,39,40,42,46,48,51,52,61,67,80,82,84,85,86,92,93]",40,1101,5,0.00454132606721163,1
"[0,1,2,3,4,5,6,7,8,9,10,11,12,13,14,15,16,20,22,23,25,26,30,31,33,35,39,40,42,46,48,51,52,61,67,80,82,84,85,86,92,93]",42,1101,8,0.0072661217075386,1
"[0,1,2,3,4,5,6,7,8,9,10,11,12,13,14,15,16,20,22,23,25,26,30,31,33,35,39,40,42,46,48,51,52,61,67,80,82,84,85,86,92,93]",46,1101,16,0.0145322434150772,1
"[0,1,2,3,4,5,6,7,8,9,10,11,12,13,14,15,16,20,22,23,25,26,30,31,33,35,39,40,42,46,48,51,52,61,67,80,82,84,85,86,92,93]",48,1101,3,0.00272479564032698,1
"[0,1,2,3,4,5,6,7,8,9,10,11,12,13,14,15,16,20,22,23,25,26,30,31,33,35,39,40,42,46,48,51,52,61,67,80,82,84,85,86,92,93]",51,1101,3,0.00272479564032698,1
"[0,1,2,3,4,5,6,7,8,9,10,11,12,13,14,15,16,20,22,23,25,26,30,31,33,35,39,40,42,46,48,51,52,61,67,80,82,84,85,86,92,93]",52,1101,20,0.0181653042688465,1
"[0,1,2,3,4,5,6,7,8,9,10,11,12,13,14,15,16,20,22,23,25,26,30,31,33,35,39,40,42,46,48,51,52,61,67,80,82,84,85,86,92,93]",61,1101,13,0.0118074477747502,1
"[0,1,2,3,4,5,6,7,8,9,10,11,12,13,14,15,16,20,22,23,25,26,30,31,33,35,39,40,42,46,48,51,52,61,67,80,82,84,85,86,92,93]",67,1101,10,0.00908265213442325,1
"[0,1,2,3,4,5,6,7,8,9,10,11,12,13,14,15,16,20,22,23,25,26,30,31,33,35,39,40,42,46,48,51,52,61,67,80,82,84,85,86,92,93]",80,1101,13,0.0118074477747502,1
"[0,1,2,3,4,5,6,7,8,9,10,11,12,13,14,15,16,20,22,23,25,26,30,31,33,35,39,40,42,46,48,51,52,61,67,80,82,84,85,86,92,93]",82,1101,5,0.00454132606721163,1
"[0,1,2,3,4,5,6,7,8,9,10,11,12,13,14,15,16,20,22,23,25,26,30,31,33,35,39,40,42,46,48,51,52,61,67,80,82,84,85,86,92,93]",84,1101,3,0.00272479564032698,1
"[0,1,2,3,4,5,6,7,8,9,10,11,12,13,14,15,16,20,22,23,25,26,30,31,33,35,39,40,42,46,48,51,52,61,67,80,82,84,85,86,92,93]",85,1101,1,0.000908265213442325,1
"[0,1,2,3,4,5,6,7,8,9,10,11,12,13,14,15,16,20,22,23,25,26,30,31,33,35,39,40,42,46,48,51,52,61,67,80,82,84,85,86,92,93]",86,1101,1,0.000908265213442325,1
"[0,1,2,3,4,5,6,7,8,9,10,11,12,13,14,15,16,20,22,23,25,26,30,31,33,35,39,40,42,46,48,51,52,61,67,80,82,84,85,86,92,93]",92,1101,1,0.000908265213442325,1
"[0,1,2,3,4,5,6,7,8,9,10,11,12,13,14,15,16,20,22,23,25,26,30,31,33,35,39,40,42,46,48,51,52,61,67,80,82,84,85,86,92,93]",93,1101,8,0.0072661217075386,1
"[0,1,2,3,4,5,6,7,8,9,10,11,12,13,14,15,16,20,22,23,25,26,30,31,33,35,39,40,42,46,48,51,52,61,67,80,82,84,85,86,93]",0,1718,20,0.0116414435389988,1
"[0,1,2,3,4,5,6,7,8,9,10,11,12,13,14,15,16,20,22,23,25,26,30,31,33,35,39,40,42,46,48,51,52,61,67,80,82,84,85,86,93]",1,1718,36,0.0209545983701979,1
"[0,1,2,3,4,5,6,7,8,9,10,11,12,13,14,15,16,20,22,23,25,26,30,31,33,35,39,40,42,46,48,51,52,61,67,80,82,84,85,86,93]",2,1718,54,0.0314318975552969,1
"[0,1,2,3,4,5,6,7,8,9,10,11,12,13,14,15,16,20,22,23,25,26,30,31,33,35,39,40,42,46,48,51,52,61,67,80,82,84,85,86,93]",3,1718,16,0.00931315483119907,1
"[0,1,2,3,4,5,6,7,8,9,10,11,12,13,14,15,16,20,22,23,25,26,30,31,33,35,39,40,42,46,48,51,52,61,67,80,82,84,85,86,93]",4,1718,467,0.271827706635623,1
"[0,1,2,3,4,5,6,7,8,9,10,11,12,13,14,15,16,20,22,23,25,26,30,31,33,35,39,40,42,46,48,51,52,61,67,80,82,84,85,86,93]",5,1718,465,0.270663562281723,1
"[0,1,2,3,4,5,6,7,8,9,10,11,12,13,14,15,16,20,22,23,25,26,30,31,33,35,39,40,42,46,48,51,52,61,67,80,82,84,85,86,93]",6,1718,6,0.00349243306169965,1
"[0,1,2,3,4,5,6,7,8,9,10,11,12,13,14,15,16,20,22,23,25,26,30,31,33,35,39,40,42,46,48,51,52,61,67,80,82,84,85,86,93]",7,1718,108,0.0628637951105937,1
"[0,1,2,3,4,5,6,7,8,9,10,11,12,13,14,15,16,20,22,23,25,26,30,31,33,35,39,40,42,46,48,51,52,61,67,80,82,84,85,86,93]",8,1718,12,0.0069848661233993,1
"[0,1,2,3,4,5,6,7,8,9,10,11,12,13,14,15,16,20,22,23,25,26,30,31,33,35,39,40,42,46,48,51,52,61,67,80,82,84,85,86,93]",9,1718,22,0.0128055878928987,1
"[0,1,2,3,4,5,6,7,8,9,10,11,12,13,14,15,16,20,22,23,25,26,30,31,33,35,39,40,42,46,48,51,52,61,67,80,82,84,85,86,93]",10,1718,36,0.0209545983701979,1
"[0,1,2,3,4,5,6,7,8,9,10,11,12,13,14,15,16,20,22,23,25,26,30,31,33,35,39,40,42,46,48,51,52,61,67,80,82,84,85,86,93]",11,1718,27,0.0157159487776484,1
"[0,1,2,3,4,5,6,7,8,9,10,11,12,13,14,15,16,20,22,23,25,26,30,31,33,35,39,40,42,46,48,51,52,61,67,80,82,84,85,86,93]",12,1718,8,0.00465657741559953,1
"[0,1,2,3,4,5,6,7,8,9,10,11,12,13,14,15,16,20,22,23,25,26,30,31,33,35,39,40,42,46,48,51,52,61,67,80,82,84,85,86,93]",13,1718,27,0.0157159487776484,1
"[0,1,2,3,4,5,6,7,8,9,10,11,12,13,14,15,16,20,22,23,25,26,30,31,33,35,39,40,42,46,48,51,52,61,67,80,82,84,85,86,93]",14,1718,6,0.00349243306169965,1
"[0,1,2,3,4,5,6,7,8,9,10,11,12,13,14,15,16,20,22,23,25,26,30,31,33,35,39,40,42,46,48,51,52,61,67,80,82,84,85,86,93]",15,1718,207,0.120488940628638,1
"[0,1,2,3,4,5,6,7,8,9,10,11,12,13,14,15,16,20,22,23,25,26,30,31,33,35,39,40,42,46,48,51,52,61,67,80,82,84,85,86,93]",16,1718,5,0.00291036088474971,1
"[0,1,2,3,4,5,6,7,8,9,10,11,12,13,14,15,16,20,22,23,25,26,30,31,33,35,39,40,42,46,48,51,52,61,67,80,82,84,85,86,93]",20,1718,30,0.0174621653084983,1
"[0,1,2,3,4,5,6,7,8,9,10,11,12,13,14,15,16,20,22,23,25,26,30,31,33,35,39,40,42,46,48,51,52,61,67,80,82,84,85,86,93]",22,1718,5,0.00291036088474971,1
"[0,1,2,3,4,5,6,7,8,9,10,11,12,13,14,15,16,20,22,23,25,26,30,31,33,35,39,40,42,46,48,51,52,61,67,80,82,84,85,86,93]",23,1718,11,0.00640279394644936,1
"[0,1,2,3,4,5,6,7,8,9,10,11,12,13,14,15,16,20,22,23,25,26,30,31,33,35,39,40,42,46,48,51,52,61,67,80,82,84,85,86,93]",25,1718,9,0.00523864959254948,1
"[0,1,2,3,4,5,6,7,8,9,10,11,12,13,14,15,16,20,22,23,25,26,30,31,33,35,39,40,42,46,48,51,52,61,67,80,82,84,85,86,93]",26,1718,20,0.0116414435389988,1
"[0,1,2,3,4,5,6,7,8,9,10,11,12,13,14,15,16,20,22,23,25,26,30,31,33,35,39,40,42,46,48,51,52,61,67,80,82,84,85,86,93]",30,1718,7,0.00407450523864959,1
"[0,1,2,3,4,5,6,7,8,9,10,11,12,13,14,15,16,20,22,23,25,26,30,31,33,35,39,40,42,46,48,51,52,61,67,80,82,84,85,86,93]",31,1718,13,0.00756693830034924,1
"[0,1,2,3,4,5,6,7,8,9,10,11,12,13,14,15,16,20,22,23,25,26,30,31,33,35,39,40,42,46,48,51,52,61,67,80,82,84,85,86,93]",33,1718,2,0.00116414435389988,1
"[0,1,2,3,4,5,6,7,8,9,10,11,12,13,14,15,16,20,22,23,25,26,30,31,33,35,39,40,42,46,48,51,52,61,67,80,82,84,85,86,93]",35,1718,9,0.00523864959254948,1
"[0,1,2,3,4,5,6,7,8,9,10,11,12,13,14,15,16,20,22,23,25,26,30,31,33,35,39,40,42,46,48,51,52,61,67,80,82,84,85,86,93]",39,1718,7,0.00407450523864959,1
"[0,1,2,3,4,5,6,7,8,9,10,11,12,13,14,15,16,20,22,23,25,26,30,31,33,35,39,40,42,46,48,51,52,61,67,80,82,84,85,86,93]",40,1718,4,0.00232828870779977,1
"[0,1,2,3,4,5,6,7,8,9,10,11,12,13,14,15,16,20,22,23,25,26,30,31,33,35,39,40,42,46,48,51,52,61,67,80,82,84,85,86,93]",42,1718,6,0.00349243306169965,1
"[0,1,2,3,4,5,6,7,8,9,10,11,12,13,14,15,16,20,22,23,25,26,30,31,33,35,39,40,42,46,48,51,52,61,67,80,82,84,85,86,93]",46,1718,12,0.0069848661233993,1
"[0,1,2,3,4,5,6,7,8,9,10,11,12,13,14,15,16,20,22,23,25,26,30,31,33,35,39,40,42,46,48,51,52,61,67,80,82,84,85,86,93]",48,1718,3,0.00174621653084983,1
"[0,1,2,3,4,5,6,7,8,9,10,11,12,13,14,15,16,20,22,23,25,26,30,31,33,35,39,40,42,46,48,51,52,61,67,80,82,84,85,86,93]",51,1718,5,0.00291036088474971,1
"[0,1,2,3,4,5,6,7,8,9,10,11,12,13,14,15,16,20,22,23,25,26,30,31,33,35,39,40,42,46,48,51,52,61,67,80,82,84,85,86,93]",52,1718,9,0.00523864959254948,1
"[0,1,2,3,4,5,6,7,8,9,10,11,12,13,14,15,16,20,22,23,25,26,30,31,33,35,39,40,42,46,48,51,52,61,67,80,82,84,85,86,93]",61,1718,3,0.00174621653084983,1
"[0,1,2,3,4,5,6,7,8,9,10,11,12,13,14,15,16,20,22,23,25,26,30,31,33,35,39,40,42,46,48,51,52,61,67,80,82,84,85,86,93]",67,1718,15,0.00873108265424913,1
"[0,1,2,3,4,5,6,7,8,9,10,11,12,13,14,15,16,20,22,23,25,26,30,31,33,35,39,40,42,46,48,51,52,61,67,80,82,84,85,86,93]",80,1718,3,0.00174621653084983,1
"[0,1,2,3,4,5,6,7,8,9,10,11,12,13,14,15,16,20,22,23,25,26,30,31,33,35,39,40,42,46,48,51,52,61,67,80,82,84,85,86,93]",82,1718,4,0.00232828870779977,1
"[0,1,2,3,4,5,6,7,8,9,10,11,12,13,14,15,16,20,22,23,25,26,30,31,33,35,39,40,42,46,48,51,52,61,67,80,82,84,85,86,93]",84,1718,6,0.00349243306169965,1
"[0,1,2,3,4,5,6,7,8,9,10,11,12,13,14,15,16,20,22,23,25,26,30,31,33,35,39,40,42,46,48,51,52,61,67,80,82,84,85,86,93]",85,1718,1,0.000582072176949942,1
"[0,1,2,3,4,5,6,7,8,9,10,11,12,13,14,15,16,20,22,23,25,26,30,31,33,35,39,40,42,46,48,51,52,61,67,80,82,84,85,86,93]",86,1718,1,0.000582072176949942,1
"[0,1,2,3,4,5,6,7,8,9,10,11,12,13,14,15,16,20,22,23,25,26,30,31,33,35,39,40,42,46,48,51,52,61,67,80,82,84,85,86,93]",93,1718,11,0.00640279394644936,1
"[0,1,2,3,4,5,6,7,8,9,10,11,12,13,14,15,16,20,22,23,25,26,30,31,33,35,39,40,42,46,48,51,52,61,67,80,82,84,85,93]",0,982,13,0.0132382892057026,1
"[0,1,2,3,4,5,6,7,8,9,10,11,12,13,14,15,16,20,22,23,25,26,30,31,33,35,39,40,42,46,48,51,52,61,67,80,82,84,85,93]",1,982,37,0.0376782077393075,1
"[0,1,2,3,4,5,6,7,8,9,10,11,12,13,14,15,16,20,22,23,25,26,30,31,33,35,39,40,42,46,48,51,52,61,67,80,82,84,85,93]",2,982,60,0.0610997963340122,1
"[0,1,2,3,4,5,6,7,8,9,10,11,12,13,14,15,16,20,22,23,25,26,30,31,33,35,39,40,42,46,48,51,52,61,67,80,82,84,85,93]",3,982,11,0.0112016293279022,1
"[0,1,2,3,4,5,6,7,8,9,10,11,12,13,14,15,16,20,22,23,25,26,30,31,33,35,39,40,42,46,48,51,52,61,67,80,82,84,85,93]",4,982,37,0.0376782077393075,1
"[0,1,2,3,4,5,6,7,8,9,10,11,12,13,14,15,16,20,22,23,25,26,30,31,33,35,39,40,42,46,48,51,52,61,67,80,82,84,85,93]",5,982,35,0.0356415478615071,1
"[0,1,2,3,4,5,6,7,8,9,10,11,12,13,14,15,16,20,22,23,25,26,30,31,33,35,39,40,42,46,48,51,52,61,67,80,82,84,85,93]",6,982,41,0.0417515274949083,1
"[0,1,2,3,4,5,6,7,8,9,10,11,12,13,14,15,16,20,22,23,25,26,30,31,33,35,39,40,42,46,48,51,52,61,67,80,82,84,85,93]",7,982,152,0.154786150712831,1
"[0,1,2,3,4,5,6,7,8,9,10,11,12,13,14,15,16,20,22,23,25,26,30,31,33,35,39,40,42,46,48,51,52,61,67,80,82,84,85,93]",8,982,13,0.0132382892057026,1
"[0,1,2,3,4,5,6,7,8,9,10,11,12,13,14,15,16,20,22,23,25,26,30,31,33,35,39,40,42,46,48,51,52,61,67,80,82,84,85,93]",9,982,26,0.0264765784114053,1
"[0,1,2,3,4,5,6,7,8,9,10,11,12,13,14,15,16,20,22,23,25,26,30,31,33,35,39,40,42,46,48,51,52,61,67,80,82,84,85,93]",10,982,49,0.04989816700611,1
"[0,1,2,3,4,5,6,7,8,9,10,11,12,13,14,15,16,20,22,23,25,26,30,31,33,35,39,40,42,46,48,51,52,61,67,80,82,84,85,93]",11,982,61,0.0621181262729124,1
"[0,1,2,3,4,5,6,7,8,9,10,11,12,13,14,15,16,20,22,23,25,26,30,31,33,35,39,40,42,46,48,51,52,61,67,80,82,84,85,93]",12,982,14,0.0142566191446029,1
"[0,1,2,3,4,5,6,7,8,9,10,11,12,13,14,15,16,20,22,23,25,26,30,31,33,35,39,40,42,46,48,51,52,61,67,80,82,84,85,93]",13,982,32,0.0325865580448065,1
"[0,1,2,3,4,5,6,7,8,9,10,11,12,13,14,15,16,20,22,23,25,26,30,31,33,35,39,40,42,46,48,51,52,61,67,80,82,84,85,93]",14,982,35,0.0356415478615071,1
"[0,1,2,3,4,5,6,7,8,9,10,11,12,13,14,15,16,20,22,23,25,26,30,31,33,35,39,40,42,46,48,51,52,61,67,80,82,84,85,93]",15,982,36,0.0366598778004073,1
"[0,1,2,3,4,5,6,7,8,9,10,11,12,13,14,15,16,20,22,23,25,26,30,31,33,35,39,40,42,46,48,51,52,61,67,80,82,84,85,93]",16,982,9,0.00916496945010183,1
"[0,1,2,3,4,5,6,7,8,9,10,11,12,13,14,15,16,20,22,23,25,26,30,31,33,35,39,40,42,46,48,51,52,61,67,80,82,84,85,93]",20,982,36,0.0366598778004073,1
"[0,1,2,3,4,5,6,7,8,9,10,11,12,13,14,15,16,20,22,23,25,26,30,31,33,35,39,40,42,46,48,51,52,61,67,80,82,84,85,93]",22,982,3,0.00305498981670061,1
"[0,1,2,3,4,5,6,7,8,9,10,11,12,13,14,15,16,20,22,23,25,26,30,31,33,35,39,40,42,46,48,51,52,61,67,80,82,84,85,93]",23,982,15,0.0152749490835031,1
"[0,1,2,3,4,5,6,7,8,9,10,11,12,13,14,15,16,20,22,23,25,26,30,31,33,35,39,40,42,46,48,51,52,61,67,80,82,84,85,93]",25,982,8,0.00814663951120163,1
"[0,1,2,3,4,5,6,7,8,9,10,11,12,13,14,15,16,20,22,23,25,26,30,31,33,35,39,40,42,46,48,51,52,61,67,80,82,84,85,93]",26,982,15,0.0152749490835031,1
"[0,1,2,3,4,5,6,7,8,9,10,11,12,13,14,15,16,20,22,23,25,26,30,31,33,35,39,40,42,46,48,51,52,61,67,80,82,84,85,93]",30,982,7,0.00712830957230143,1
"[0,1,2,3,4,5,6,7,8,9,10,11,12,13,14,15,16,20,22,23,25,26,30,31,33,35,39,40,42,46,48,51,52,61,67,80,82,84,85,93]",31,982,15,0.0152749490835031,1
"[0,1,2,3,4,5,6,7,8,9,10,11,12,13,14,15,16,20,22,23,25,26,30,31,33,35,39,40,42,46,48,51,52,61,67,80,82,84,85,93]",33,982,4,0.00407331975560081,1
"[0,1,2,3,4,5,6,7,8,9,10,11,12,13,14,15,16,20,22,23,25,26,30,31,33,35,39,40,42,46,48,51,52,61,67,80,82,84,85,93]",35,982,10,0.010183299389002,1
"[0,1,2,3,4,5,6,7,8,9,10,11,12,13,14,15,16,20,22,23,25,26,30,31,33,35,39,40,42,46,48,51,52,61,67,80,82,84,85,93]",39,982,11,0.0112016293279022,1
"[0,1,2,3,4,5,6,7,8,9,10,11,12,13,14,15,16,20,22,23,25,26,30,31,33,35,39,40,42,46,48,51,52,61,67,80,82,84,85,93]",40,982,4,0.00407331975560081,1
"[0,1,2,3,4,5,6,7,8,9,10,11,12,13,14,15,16,20,22,23,25,26,30,31,33,35,39,40,42,46,48,51,52,61,67,80,82,84,85,93]",42,982,17,0.0173116089613035,1
"[0,1,2,3,4,5,6,7,8,9,10,11,12,13,14,15,16,20,22,23,25,26,30,31,33,35,39,40,42,46,48,51,52,61,67,80,82,84,85,93]",46,982,14,0.0142566191446029,1
"[0,1,2,3,4,5,6,7,8,9,10,11,12,13,14,15,16,20,22,23,25,26,30,31,33,35,39,40,42,46,48,51,52,61,67,80,82,84,85,93]",48,982,6,0.00610997963340122,1
"[0,1,2,3,4,5,6,7,8,9,10,11,12,13,14,15,16,20,22,23,25,26,30,31,33,35,39,40,42,46,48,51,52,61,67,80,82,84,85,93]",51,982,6,0.00610997963340122,1
"[0,1,2,3,4,5,6,7,8,9,10,11,12,13,14,15,16,20,22,23,25,26,30,31,33,35,39,40,42,46,48,51,52,61,67,80,82,84,85,93]",52,982,37,0.0376782077393075,1
"[0,1,2,3,4,5,6,7,8,9,10,11,12,13,14,15,16,20,22,23,25,26,30,31,33,35,39,40,42,46,48,51,52,61,67,80,82,84,85,93]",61,982,63,0.0641547861507128,1
"[0,1,2,3,4,5,6,7,8,9,10,11,12,13,14,15,16,20,22,23,25,26,30,31,33,35,39,40,42,46,48,51,52,61,67,80,82,84,85,93]",67,982,28,0.0285132382892057,1
"[0,1,2,3,4,5,6,7,8,9,10,11,12,13,14,15,16,20,22,23,25,26,30,31,33,35,39,40,42,46,48,51,52,61,67,80,82,84,85,93]",80,982,3,0.00305498981670061,1
"[0,1,2,3,4,5,6,7,8,9,10,11,12,13,14,15,16,20,22,23,25,26,30,31,33,35,39,40,42,46,48,51,52,61,67,80,82,84,85,93]",82,982,5,0.00509164969450102,1
"[0,1,2,3,4,5,6,7,8,9,10,11,12,13,14,15,16,20,22,23,25,26,30,31,33,35,39,40,42,46,48,51,52,61,67,80,82,84,85,93]",84,982,10,0.010183299389002,1
"[0,1,2,3,4,5,6,7,8,9,10,11,12,13,14,15,16,20,22,23,25,26,30,31,33,35,39,40,42,46,48,51,52,61,67,80,82,84,85,93]",85,982,2,0.00203665987780041,1
"[0,1,2,3,4,5,6,7,8,9,10,11,12,13,14,15,16,20,22,23,25,26,30,31,33,35,39,40,42,46,48,51,52,61,67,80,82,84,85,93]",93,982,2,0.00203665987780041,1
"[0,1,2,3,4,5,6,7,8,9,10,11,12,13,14,15,17,18,19,20,21,22,23,25,26,30,31,33,34,35,36,37,39,40,41,42,49,52,61,74]",0,1440,15,0.0104166666666667,1
"[0,1,2,3,4,5,6,7,8,9,10,11,12,13,14,15,17,18,19,20,21,22,23,25,26,30,31,33,34,35,36,37,39,40,41,42,49,52,61,74]",1,1440,300,0.208333333333333,1
"[0,1,2,3,4,5,6,7,8,9,10,11,12,13,14,15,17,18,19,20,21,22,23,25,26,30,31,33,34,35,36,37,39,40,41,42,49,52,61,74]",2,1440,55,0.0381944444444444,1
"[0,1,2,3,4,5,6,7,8,9,10,11,12,13,14,15,17,18,19,20,21,22,23,25,26,30,31,33,34,35,36,37,39,40,41,42,49,52,61,74]",3,1440,15,0.0104166666666667,1
"[0,1,2,3,4,5,6,7,8,9,10,11,12,13,14,15,17,18,19,20,21,22,23,25,26,30,31,33,34,35,36,37,39,40,41,42,49,52,61,74]",4,1440,20,0.0138888888888889,1
"[0,1,2,3,4,5,6,7,8,9,10,11,12,13,14,15,17,18,19,20,21,22,23,25,26,30,31,33,34,35,36,37,39,40,41,42,49,52,61,74]",5,1440,19,0.0131944444444444,1
"[0,1,2,3,4,5,6,7,8,9,10,11,12,13,14,15,17,18,19,20,21,22,23,25,26,30,31,33,34,35,36,37,39,40,41,42,49,52,61,74]",6,1440,13,0.00902777777777778,1
"[0,1,2,3,4,5,6,7,8,9,10,11,12,13,14,15,17,18,19,20,21,22,23,25,26,30,31,33,34,35,36,37,39,40,41,42,49,52,61,74]",7,1440,131,0.0909722222222222,1
"[0,1,2,3,4,5,6,7,8,9,10,11,12,13,14,15,17,18,19,20,21,22,23,25,26,30,31,33,34,35,36,37,39,40,41,42,49,52,61,74]",8,1440,140,0.0972222222222222,1
"[0,1,2,3,4,5,6,7,8,9,10,11,12,13,14,15,17,18,19,20,21,22,23,25,26,30,31,33,34,35,36,37,39,40,41,42,49,52,61,74]",9,1440,30,0.0208333333333333,1
"[0,1,2,3,4,5,6,7,8,9,10,11,12,13,14,15,17,18,19,20,21,22,23,25,26,30,31,33,34,35,36,37,39,40,41,42,49,52,61,74]",10,1440,27,0.01875,1
"[0,1,2,3,4,5,6,7,8,9,10,11,12,13,14,15,17,18,19,20,21,22,23,25,26,30,31,33,34,35,36,37,39,40,41,42,49,52,61,74]",11,1440,53,0.0368055555555556,1
"[0,1,2,3,4,5,6,7,8,9,10,11,12,13,14,15,17,18,19,20,21,22,23,25,26,30,31,33,34,35,36,37,39,40,41,42,49,52,61,74]",12,1440,15,0.0104166666666667,1
"[0,1,2,3,4,5,6,7,8,9,10,11,12,13,14,15,17,18,19,20,21,22,23,25,26,30,31,33,34,35,36,37,39,40,41,42,49,52,61,74]",13,1440,26,0.0180555555555556,1
"[0,1,2,3,4,5,6,7,8,9,10,11,12,13,14,15,17,18,19,20,21,22,23,25,26,30,31,33,34,35,36,37,39,40,41,42,49,52,61,74]",14,1440,15,0.0104166666666667,1
"[0,1,2,3,4,5,6,7,8,9,10,11,12,13,14,15,17,18,19,20,21,22,23,25,26,30,31,33,34,35,36,37,39,40,41,42,49,52,61,74]",15,1440,15,0.0104166666666667,1
"[0,1,2,3,4,5,6,7,8,9,10,11,12,13,14,15,17,18,19,20,21,22,23,25,26,30,31,33,34,35,36,37,39,40,41,42,49,52,61,74]",17,1440,25,0.0173611111111111,1
"[0,1,2,3,4,5,6,7,8,9,10,11,12,13,14,15,17,18,19,20,21,22,23,25,26,30,31,33,34,35,36,37,39,40,41,42,49,52,61,74]",18,1440,8,0.00555555555555556,1
"[0,1,2,3,4,5,6,7,8,9,10,11,12,13,14,15,17,18,19,20,21,22,23,25,26,30,31,33,34,35,36,37,39,40,41,42,49,52,61,74]",19,1440,28,0.0194444444444444,1
"[0,1,2,3,4,5,6,7,8,9,10,11,12,13,14,15,17,18,19,20,21,22,23,25,26,30,31,33,34,35,36,37,39,40,41,42,49,52,61,74]",20,1440,47,0.0326388888888889,1
"[0,1,2,3,4,5,6,7,8,9,10,11,12,13,14,15,17,18,19,20,21,22,23,25,26,30,31,33,34,35,36,37,39,40,41,42,49,52,61,74]",21,1440,8,0.00555555555555556,1
"[0,1,2,3,4,5,6,7,8,9,10,11,12,13,14,15,17,18,19,20,21,22,23,25,26,30,31,33,34,35,36,37,39,40,41,42,49,52,61,74]",22,1440,6,0.00416666666666667,1
"[0,1,2,3,4,5,6,7,8,9,10,11,12,13,14,15,17,18,19,20,21,22,23,25,26,30,31,33,34,35,36,37,39,40,41,42,49,52,61,74]",23,1440,17,0.0118055555555556,1
"[0,1,2,3,4,5,6,7,8,9,10,11,12,13,14,15,17,18,19,20,21,22,23,25,26,30,31,33,34,35,36,37,39,40,41,42,49,52,61,74]",25,1440,8,0.00555555555555556,1
"[0,1,2,3,4,5,6,7,8,9,10,11,12,13,14,15,17,18,19,20,21,22,23,25,26,30,31,33,34,35,36,37,39,40,41,42,49,52,61,74]",26,1440,269,0.186805555555556,1
"[0,1,2,3,4,5,6,7,8,9,10,11,12,13,14,15,17,18,19,20,21,22,23,25,26,30,31,33,34,35,36,37,39,40,41,42,49,52,61,74]",30,1440,7,0.00486111111111111,1
"[0,1,2,3,4,5,6,7,8,9,10,11,12,13,14,15,17,18,19,20,21,22,23,25,26,30,31,33,34,35,36,37,39,40,41,42,49,52,61,74]",31,1440,13,0.00902777777777778,1
"[0,1,2,3,4,5,6,7,8,9,10,11,12,13,14,15,17,18,19,20,21,22,23,25,26,30,31,33,34,35,36,37,39,40,41,42,49,52,61,74]",33,1440,11,0.00763888888888889,1
"[0,1,2,3,4,5,6,7,8,9,10,11,12,13,14,15,17,18,19,20,21,22,23,25,26,30,31,33,34,35,36,37,39,40,41,42,49,52,61,74]",34,1440,13,0.00902777777777778,1
"[0,1,2,3,4,5,6,7,8,9,10,11,12,13,14,15,17,18,19,20,21,22,23,25,26,30,31,33,34,35,36,37,39,40,41,42,49,52,61,74]",35,1440,14,0.00972222222222222,1
"[0,1,2,3,4,5,6,7,8,9,10,11,12,13,14,15,17,18,19,20,21,22,23,25,26,30,31,33,34,35,36,37,39,40,41,42,49,52,61,74]",36,1440,13,0.00902777777777778,1
"[0,1,2,3,4,5,6,7,8,9,10,11,12,13,14,15,17,18,19,20,21,22,23,25,26,30,31,33,34,35,36,37,39,40,41,42,49,52,61,74]",37,1440,2,0.00138888888888889,1
"[0,1,2,3,4,5,6,7,8,9,10,11,12,13,14,15,17,18,19,20,21,22,23,25,26,30,31,33,34,35,36,37,39,40,41,42,49,52,61,74]",39,1440,6,0.00416666666666667,1
"[0,1,2,3,4,5,6,7,8,9,10,11,12,13,14,15,17,18,19,20,21,22,23,25,26,30,31,33,34,35,36,37,39,40,41,42,49,52,61,74]",40,1440,3,0.00208333333333333,1
"[0,1,2,3,4,5,6,7,8,9,10,11,12,13,14,15,17,18,19,20,21,22,23,25,26,30,31,33,34,35,36,37,39,40,41,42,49,52,61,74]",41,1440,9,0.00625,1
"[0,1,2,3,4,5,6,7,8,9,10,11,12,13,14,15,17,18,19,20,21,22,23,25,26,30,31,33,34,35,36,37,39,40,41,42,49,52,61,74]",42,1440,7,0.00486111111111111,1
"[0,1,2,3,4,5,6,7,8,9,10,11,12,13,14,15,17,18,19,20,21,22,23,25,26,30,31,33,34,35,36,37,39,40,41,42,49,52,61,74]",49,1440,3,0.00208333333333333,1
"[0,1,2,3,4,5,6,7,8,9,10,11,12,13,14,15,17,18,19,20,21,22,23,25,26,30,31,33,34,35,36,37,39,40,41,42,49,52,61,74]",52,1440,9,0.00625,1
"[0,1,2,3,4,5,6,7,8,9,10,11,12,13,14,15,17,18,19,20,21,22,23,25,26,30,31,33,34,35,36,37,39,40,41,42,49,52,61,74]",61,1440,5,0.00347222222222222,1
"[0,1,2,3,4,5,6,7,8,9,10,11,12,13,14,15,17,18,19,20,21,22,23,25,26,30,31,33,34,35,36,37,39,40,41,42,49,52,61,74]",74,1440,20,0.0138888888888889,1
"[0,1,2,3,4,5,6,7,8,9,10,11,12,13,14,15,17,18,19,20,21,22,23,25,26,30,31,34,35,36,37,41,49,54,55,75,90]",0,2757,14,0.00507798331519768,1
"[0,1,2,3,4,5,6,7,8,9,10,11,12,13,14,15,17,18,19,20,21,22,23,25,26,30,31,34,35,36,37,41,49,54,55,75,90]",1,2757,21,0.00761697497279652,1
"[0,1,2,3,4,5,6,7,8,9,10,11,12,13,14,15,17,18,19,20,21,22,23,25,26,30,31,34,35,36,37,41,49,54,55,75,90]",2,2757,165,0.0598476605005441,1
"[0,1,2,3,4,5,6,7,8,9,10,11,12,13,14,15,17,18,19,20,21,22,23,25,26,30,31,34,35,36,37,41,49,54,55,75,90]",3,2757,40,0.0145085237577077,1
"[0,1,2,3,4,5,6,7,8,9,10,11,12,13,14,15,17,18,19,20,21,22,23,25,26,30,31,34,35,36,37,41,49,54,55,75,90]",4,2757,807,0.292709466811752,1
"[0,1,2,3,4,5,6,7,8,9,10,11,12,13,14,15,17,18,19,20,21,22,23,25,26,30,31,34,35,36,37,41,49,54,55,75,90]",5,2757,657,0.238302502720348,1
"[0,1,2,3,4,5,6,7,8,9,10,11,12,13,14,15,17,18,19,20,21,22,23,25,26,30,31,34,35,36,37,41,49,54,55,75,90]",6,2757,12,0.0043525571273123,1
"[0,1,2,3,4,5,6,7,8,9,10,11,12,13,14,15,17,18,19,20,21,22,23,25,26,30,31,34,35,36,37,41,49,54,55,75,90]",7,2757,132,0.0478781284004353,1
"[0,1,2,3,4,5,6,7,8,9,10,11,12,13,14,15,17,18,19,20,21,22,23,25,26,30,31,34,35,36,37,41,49,54,55,75,90]",8,2757,11,0.00398984403336961,1
"[0,1,2,3,4,5,6,7,8,9,10,11,12,13,14,15,17,18,19,20,21,22,23,25,26,30,31,34,35,36,37,41,49,54,55,75,90]",9,2757,26,0.00943054044250997,1
"[0,1,2,3,4,5,6,7,8,9,10,11,12,13,14,15,17,18,19,20,21,22,23,25,26,30,31,34,35,36,37,41,49,54,55,75,90]",10,2757,19,0.00689154878491114,1
"[0,1,2,3,4,5,6,7,8,9,10,11,12,13,14,15,17,18,19,20,21,22,23,25,26,30,31,34,35,36,37,41,49,54,55,75,90]",11,2757,60,0.0217627856365615,1
"[0,1,2,3,4,5,6,7,8,9,10,11,12,13,14,15,17,18,19,20,21,22,23,25,26,30,31,34,35,36,37,41,49,54,55,75,90]",12,2757,35,0.0126949582879942,1
"[0,1,2,3,4,5,6,7,8,9,10,11,12,13,14,15,17,18,19,20,21,22,23,25,26,30,31,34,35,36,37,41,49,54,55,75,90]",13,2757,50,0.0181356546971346,1
"[0,1,2,3,4,5,6,7,8,9,10,11,12,13,14,15,17,18,19,20,21,22,23,25,26,30,31,34,35,36,37,41,49,54,55,75,90]",14,2757,18,0.00652883569096844,1
"[0,1,2,3,4,5,6,7,8,9,10,11,12,13,14,15,17,18,19,20,21,22,23,25,26,30,31,34,35,36,37,41,49,54,55,75,90]",15,2757,386,0.140007254261879,1
"[0,1,2,3,4,5,6,7,8,9,10,11,12,13,14,15,17,18,19,20,21,22,23,25,26,30,31,34,35,36,37,41,49,54,55,75,90]",17,2757,31,0.0112441059122234,1
"[0,1,2,3,4,5,6,7,8,9,10,11,12,13,14,15,17,18,19,20,21,22,23,25,26,30,31,34,35,36,37,41,49,54,55,75,90]",18,2757,9,0.00326441784548422,1
"[0,1,2,3,4,5,6,7,8,9,10,11,12,13,14,15,17,18,19,20,21,22,23,25,26,30,31,34,35,36,37,41,49,54,55,75,90]",19,2757,12,0.0043525571273123,1
"[0,1,2,3,4,5,6,7,8,9,10,11,12,13,14,15,17,18,19,20,21,22,23,25,26,30,31,34,35,36,37,41,49,54,55,75,90]",20,2757,59,0.0214000725426188,1
"[0,1,2,3,4,5,6,7,8,9,10,11,12,13,14,15,17,18,19,20,21,22,23,25,26,30,31,34,35,36,37,41,49,54,55,75,90]",21,2757,21,0.00761697497279652,1
"[0,1,2,3,4,5,6,7,8,9,10,11,12,13,14,15,17,18,19,20,21,22,23,25,26,30,31,34,35,36,37,41,49,54,55,75,90]",22,2757,8,0.00290170475154153,1
"[0,1,2,3,4,5,6,7,8,9,10,11,12,13,14,15,17,18,19,20,21,22,23,25,26,30,31,34,35,36,37,41,49,54,55,75,90]",23,2757,14,0.00507798331519768,1
"[0,1,2,3,4,5,6,7,8,9,10,11,12,13,14,15,17,18,19,20,21,22,23,25,26,30,31,34,35,36,37,41,49,54,55,75,90]",25,2757,15,0.00544069640914037,1
"[0,1,2,3,4,5,6,7,8,9,10,11,12,13,14,15,17,18,19,20,21,22,23,25,26,30,31,34,35,36,37,41,49,54,55,75,90]",26,2757,13,0.00471527022125499,1
"[0,1,2,3,4,5,6,7,8,9,10,11,12,13,14,15,17,18,19,20,21,22,23,25,26,30,31,34,35,36,37,41,49,54,55,75,90]",30,2757,6,0.00217627856365615,1
"[0,1,2,3,4,5,6,7,8,9,10,11,12,13,14,15,17,18,19,20,21,22,23,25,26,30,31,34,35,36,37,41,49,54,55,75,90]",31,2757,10,0.00362713093942691,1
"[0,1,2,3,4,5,6,7,8,9,10,11,12,13,14,15,17,18,19,20,21,22,23,25,26,30,31,34,35,36,37,41,49,54,55,75,90]",34,2757,8,0.00290170475154153,1
"[0,1,2,3,4,5,6,7,8,9,10,11,12,13,14,15,17,18,19,20,21,22,23,25,26,30,31,34,35,36,37,41,49,54,55,75,90]",35,2757,12,0.0043525571273123,1
"[0,1,2,3,4,5,6,7,8,9,10,11,12,13,14,15,17,18,19,20,21,22,23,25,26,30,31,34,35,36,37,41,49,54,55,75,90]",36,2757,12,0.0043525571273123,1
"[0,1,2,3,4,5,6,7,8,9,10,11,12,13,14,15,17,18,19,20,21,22,23,25,26,30,31,34,35,36,37,41,49,54,55,75,90]",37,2757,26,0.00943054044250997,1
"[0,1,2,3,4,5,6,7,8,9,10,11,12,13,14,15,17,18,19,20,21,22,23,25,26,30,31,34,35,36,37,41,49,54,55,75,90]",41,2757,12,0.0043525571273123,1
"[0,1,2,3,4,5,6,7,8,9,10,11,12,13,14,15,17,18,19,20,21,22,23,25,26,30,31,34,35,36,37,41,49,54,55,75,90]",49,2757,1,0.000362713093942691,1
"[0,1,2,3,4,5,6,7,8,9,10,11,12,13,14,15,17,18,19,20,21,22,23,25,26,30,31,34,35,36,37,41,49,54,55,75,90]",54,2757,16,0.00580340950308306,1
"[0,1,2,3,4,5,6,7,8,9,10,11,12,13,14,15,17,18,19,20,21,22,23,25,26,30,31,34,35,36,37,41,49,54,55,75,90]",55,2757,6,0.00217627856365615,1
"[0,1,2,3,4,5,6,7,8,9,10,11,12,13,14,15,17,18,19,20,21,22,23,25,26,30,31,34,35,36,37,41,49,54,55,75,90]",75,2757,10,0.00362713093942691,1
"[0,1,2,3,4,5,6,7,8,9,10,11,12,13,14,15,17,18,19,20,21,22,23,25,26,30,31,34,35,36,37,41,49,54,55,75,90]",90,2757,3,0.00108813928182807,1
"[0,1,2,3,4,5,6,7,8,9,10,11,12,13,14,15,17,18,19,20,21,22,24,27,28,29,33,34,36,37,38,43,47,56,89,96,104]",0,1862,22,0.0118152524167562,1
"[0,1,2,3,4,5,6,7,8,9,10,11,12,13,14,15,17,18,19,20,21,22,24,27,28,29,33,34,36,37,38,43,47,56,89,96,104]",1,1862,32,0.0171858216970999,1
"[0,1,2,3,4,5,6,7,8,9,10,11,12,13,14,15,17,18,19,20,21,22,24,27,28,29,33,34,36,37,38,43,47,56,89,96,104]",2,1862,88,0.0472610096670247,1
"[0,1,2,3,4,5,6,7,8,9,10,11,12,13,14,15,17,18,19,20,21,22,24,27,28,29,33,34,36,37,38,43,47,56,89,96,104]",3,1862,18,0.00966702470461869,1
"[0,1,2,3,4,5,6,7,8,9,10,11,12,13,14,15,17,18,19,20,21,22,24,27,28,29,33,34,36,37,38,43,47,56,89,96,104]",4,1862,40,0.0214822771213749,1
"[0,1,2,3,4,5,6,7,8,9,10,11,12,13,14,15,17,18,19,20,21,22,24,27,28,29,33,34,36,37,38,43,47,56,89,96,104]",5,1862,27,0.014500537056928,1
"[0,1,2,3,4,5,6,7,8,9,10,11,12,13,14,15,17,18,19,20,21,22,24,27,28,29,33,34,36,37,38,43,47,56,89,96,104]",6,1862,16,0.00859291084854995,1
"[0,1,2,3,4,5,6,7,8,9,10,11,12,13,14,15,17,18,19,20,21,22,24,27,28,29,33,34,36,37,38,43,47,56,89,96,104]",7,1862,262,0.140708915145005,1
"[0,1,2,3,4,5,6,7,8,9,10,11,12,13,14,15,17,18,19,20,21,22,24,27,28,29,33,34,36,37,38,43,47,56,89,96,104]",8,1862,27,0.014500537056928,1
"[0,1,2,3,4,5,6,7,8,9,10,11,12,13,14,15,17,18,19,20,21,22,24,27,28,29,33,34,36,37,38,43,47,56,89,96,104]",9,1862,48,0.0257787325456498,1
"[0,1,2,3,4,5,6,7,8,9,10,11,12,13,14,15,17,18,19,20,21,22,24,27,28,29,33,34,36,37,38,43,47,56,89,96,104]",10,1862,75,0.0402792696025779,1
"[0,1,2,3,4,5,6,7,8,9,10,11,12,13,14,15,17,18,19,20,21,22,24,27,28,29,33,34,36,37,38,43,47,56,89,96,104]",11,1862,89,0.0477980665950591,1
"[0,1,2,3,4,5,6,7,8,9,10,11,12,13,14,15,17,18,19,20,21,22,24,27,28,29,33,34,36,37,38,43,47,56,89,96,104]",12,1862,22,0.0118152524167562,1
"[0,1,2,3,4,5,6,7,8,9,10,11,12,13,14,15,17,18,19,20,21,22,24,27,28,29,33,34,36,37,38,43,47,56,89,96,104]",13,1862,61,0.0327604726100967,1
"[0,1,2,3,4,5,6,7,8,9,10,11,12,13,14,15,17,18,19,20,21,22,24,27,28,29,33,34,36,37,38,43,47,56,89,96,104]",14,1862,43,0.023093447905478,1
"[0,1,2,3,4,5,6,7,8,9,10,11,12,13,14,15,17,18,19,20,21,22,24,27,28,29,33,34,36,37,38,43,47,56,89,96,104]",15,1862,36,0.0193340494092374,1
"[0,1,2,3,4,5,6,7,8,9,10,11,12,13,14,15,17,18,19,20,21,22,24,27,28,29,33,34,36,37,38,43,47,56,89,96,104]",17,1862,37,0.0198711063372718,1
"[0,1,2,3,4,5,6,7,8,9,10,11,12,13,14,15,17,18,19,20,21,22,24,27,28,29,33,34,36,37,38,43,47,56,89,96,104]",18,1862,244,0.131041890440387,1
"[0,1,2,3,4,5,6,7,8,9,10,11,12,13,14,15,17,18,19,20,21,22,24,27,28,29,33,34,36,37,38,43,47,56,89,96,104]",19,1862,273,0.146616541353383,1
"[0,1,2,3,4,5,6,7,8,9,10,11,12,13,14,15,17,18,19,20,21,22,24,27,28,29,33,34,36,37,38,43,47,56,89,96,104]",20,1862,25,0.0134264232008593,1
"[0,1,2,3,4,5,6,7,8,9,10,11,12,13,14,15,17,18,19,20,21,22,24,27,28,29,33,34,36,37,38,43,47,56,89,96,104]",21,1862,9,0.00483351235230934,1
"[0,1,2,3,4,5,6,7,8,9,10,11,12,13,14,15,17,18,19,20,21,22,24,27,28,29,33,34,36,37,38,43,47,56,89,96,104]",22,1862,8,0.00429645542427497,1
"[0,1,2,3,4,5,6,7,8,9,10,11,12,13,14,15,17,18,19,20,21,22,24,27,28,29,33,34,36,37,38,43,47,56,89,96,104]",24,1862,18,0.00966702470461869,1
"[0,1,2,3,4,5,6,7,8,9,10,11,12,13,14,15,17,18,19,20,21,22,24,27,28,29,33,34,36,37,38,43,47,56,89,96,104]",27,1862,31,0.0166487647690655,1
"[0,1,2,3,4,5,6,7,8,9,10,11,12,13,14,15,17,18,19,20,21,22,24,27,28,29,33,34,36,37,38,43,47,56,89,96,104]",28,1862,14,0.0075187969924812,1
"[0,1,2,3,4,5,6,7,8,9,10,11,12,13,14,15,17,18,19,20,21,22,24,27,28,29,33,34,36,37,38,43,47,56,89,96,104]",29,1862,32,0.0171858216970999,1
"[0,1,2,3,4,5,6,7,8,9,10,11,12,13,14,15,17,18,19,20,21,22,24,27,28,29,33,34,36,37,38,43,47,56,89,96,104]",33,1862,4,0.00214822771213749,1
"[0,1,2,3,4,5,6,7,8,9,10,11,12,13,14,15,17,18,19,20,21,22,24,27,28,29,33,34,36,37,38,43,47,56,89,96,104]",34,1862,4,0.00214822771213749,1
"[0,1,2,3,4,5,6,7,8,9,10,11,12,13,14,15,17,18,19,20,21,22,24,27,28,29,33,34,36,37,38,43,47,56,89,96,104]",36,1862,2,0.00107411385606874,1
"[0,1,2,3,4,5,6,7,8,9,10,11,12,13,14,15,17,18,19,20,21,22,24,27,28,29,33,34,36,37,38,43,47,56,89,96,104]",37,1862,48,0.0257787325456498,1
"[0,1,2,3,4,5,6,7,8,9,10,11,12,13,14,15,17,18,19,20,21,22,24,27,28,29,33,34,36,37,38,43,47,56,89,96,104]",38,1862,86,0.046186895810956,1
"[0,1,2,3,4,5,6,7,8,9,10,11,12,13,14,15,17,18,19,20,21,22,24,27,28,29,33,34,36,37,38,43,47,56,89,96,104]",43,1862,19,0.0102040816326531,1
"[0,1,2,3,4,5,6,7,8,9,10,11,12,13,14,15,17,18,19,20,21,22,24,27,28,29,33,34,36,37,38,43,47,56,89,96,104]",47,1862,64,0.0343716433941998,1
"[0,1,2,3,4,5,6,7,8,9,10,11,12,13,14,15,17,18,19,20,21,22,24,27,28,29,33,34,36,37,38,43,47,56,89,96,104]",56,1862,5,0.00268528464017186,1
"[0,1,2,3,4,5,6,7,8,9,10,11,12,13,14,15,17,18,19,20,21,22,24,27,28,29,33,34,36,37,38,43,47,56,89,96,104]",89,1862,14,0.0075187969924812,1
"[0,1,2,3,4,5,6,7,8,9,10,11,12,13,14,15,17,18,19,20,21,22,24,27,28,29,33,34,36,37,38,43,47,56,89,96,104]",96,1862,18,0.00966702470461869,1
"[0,1,2,3,4,5,6,7,8,9,10,11,12,13,14,15,17,18,19,20,21,22,24,27,28,29,33,34,36,37,38,43,47,56,89,96,104]",104,1862,1,0.000537056928034372,1
"[0,1,2,3,4,5,6,7,8,9,10,11,12,13,14,15,17,18,20,22,25,26,30,31,33,34,35,39,40,42,46,48,52,61,67,80,82,84,85,86,92]",0,1428,11,0.007703081232493,1
"[0,1,2,3,4,5,6,7,8,9,10,11,12,13,14,15,17,18,20,22,25,26,30,31,33,34,35,39,40,42,46,48,52,61,67,80,82,84,85,86,92]",1,1428,18,0.0126050420168067,1
"[0,1,2,3,4,5,6,7,8,9,10,11,12,13,14,15,17,18,20,22,25,26,30,31,33,34,35,39,40,42,46,48,52,61,67,80,82,84,85,86,92]",2,1428,201,0.140756302521008,1
"[0,1,2,3,4,5,6,7,8,9,10,11,12,13,14,15,17,18,20,22,25,26,30,31,33,34,35,39,40,42,46,48,52,61,67,80,82,84,85,86,92]",3,1428,25,0.0175070028011204,1
"[0,1,2,3,4,5,6,7,8,9,10,11,12,13,14,15,17,18,20,22,25,26,30,31,33,34,35,39,40,42,46,48,52,61,67,80,82,84,85,86,92]",4,1428,19,0.0133053221288515,1
"[0,1,2,3,4,5,6,7,8,9,10,11,12,13,14,15,17,18,20,22,25,26,30,31,33,34,35,39,40,42,46,48,52,61,67,80,82,84,85,86,92]",5,1428,27,0.0189075630252101,1
"[0,1,2,3,4,5,6,7,8,9,10,11,12,13,14,15,17,18,20,22,25,26,30,31,33,34,35,39,40,42,46,48,52,61,67,80,82,84,85,86,92]",6,1428,4,0.00280112044817927,1
"[0,1,2,3,4,5,6,7,8,9,10,11,12,13,14,15,17,18,20,22,25,26,30,31,33,34,35,39,40,42,46,48,52,61,67,80,82,84,85,86,92]",7,1428,81,0.0567226890756303,1
"[0,1,2,3,4,5,6,7,8,9,10,11,12,13,14,15,17,18,20,22,25,26,30,31,33,34,35,39,40,42,46,48,52,61,67,80,82,84,85,86,92]",8,1428,12,0.00840336134453781,1
"[0,1,2,3,4,5,6,7,8,9,10,11,12,13,14,15,17,18,20,22,25,26,30,31,33,34,35,39,40,42,46,48,52,61,67,80,82,84,85,86,92]",9,1428,33,0.023109243697479,1
"[0,1,2,3,4,5,6,7,8,9,10,11,12,13,14,15,17,18,20,22,25,26,30,31,33,34,35,39,40,42,46,48,52,61,67,80,82,84,85,86,92]",10,1428,22,0.015406162464986,1
"[0,1,2,3,4,5,6,7,8,9,10,11,12,13,14,15,17,18,20,22,25,26,30,31,33,34,35,39,40,42,46,48,52,61,67,80,82,84,85,86,92]",11,1428,55,0.038515406162465,1
"[0,1,2,3,4,5,6,7,8,9,10,11,12,13,14,15,17,18,20,22,25,26,30,31,33,34,35,39,40,42,46,48,52,61,67,80,82,84,85,86,92]",12,1428,19,0.0133053221288515,1
"[0,1,2,3,4,5,6,7,8,9,10,11,12,13,14,15,17,18,20,22,25,26,30,31,33,34,35,39,40,42,46,48,52,61,67,80,82,84,85,86,92]",13,1428,25,0.0175070028011204,1
"[0,1,2,3,4,5,6,7,8,9,10,11,12,13,14,15,17,18,20,22,25,26,30,31,33,34,35,39,40,42,46,48,52,61,67,80,82,84,85,86,92]",14,1428,15,0.0105042016806723,1
"[0,1,2,3,4,5,6,7,8,9,10,11,12,13,14,15,17,18,20,22,25,26,30,31,33,34,35,39,40,42,46,48,52,61,67,80,82,84,85,86,92]",15,1428,30,0.0210084033613445,1
"[0,1,2,3,4,5,6,7,8,9,10,11,12,13,14,15,17,18,20,22,25,26,30,31,33,34,35,39,40,42,46,48,52,61,67,80,82,84,85,86,92]",17,1428,13,0.00910364145658263,1
"[0,1,2,3,4,5,6,7,8,9,10,11,12,13,14,15,17,18,20,22,25,26,30,31,33,34,35,39,40,42,46,48,52,61,67,80,82,84,85,86,92]",18,1428,1,0.000700280112044818,1
"[0,1,2,3,4,5,6,7,8,9,10,11,12,13,14,15,17,18,20,22,25,26,30,31,33,34,35,39,40,42,46,48,52,61,67,80,82,84,85,86,92]",20,1428,36,0.0252100840336134,1
"[0,1,2,3,4,5,6,7,8,9,10,11,12,13,14,15,17,18,20,22,25,26,30,31,33,34,35,39,40,42,46,48,52,61,67,80,82,84,85,86,92]",22,1428,4,0.00280112044817927,1
"[0,1,2,3,4,5,6,7,8,9,10,11,12,13,14,15,17,18,20,22,25,26,30,31,33,34,35,39,40,42,46,48,52,61,67,80,82,84,85,86,92]",25,1428,8,0.00560224089635854,1
"[0,1,2,3,4,5,6,7,8,9,10,11,12,13,14,15,17,18,20,22,25,26,30,31,33,34,35,39,40,42,46,48,52,61,67,80,82,84,85,86,92]",26,1428,11,0.007703081232493,1
"[0,1,2,3,4,5,6,7,8,9,10,11,12,13,14,15,17,18,20,22,25,26,30,31,33,34,35,39,40,42,46,48,52,61,67,80,82,84,85,86,92]",30,1428,7,0.00490196078431373,1
"[0,1,2,3,4,5,6,7,8,9,10,11,12,13,14,15,17,18,20,22,25,26,30,31,33,34,35,39,40,42,46,48,52,61,67,80,82,84,85,86,92]",31,1428,9,0.00630252100840336,1
"[0,1,2,3,4,5,6,7,8,9,10,11,12,13,14,15,17,18,20,22,25,26,30,31,33,34,35,39,40,42,46,48,52,61,67,80,82,84,85,86,92]",33,1428,2,0.00140056022408964,1
"[0,1,2,3,4,5,6,7,8,9,10,11,12,13,14,15,17,18,20,22,25,26,30,31,33,34,35,39,40,42,46,48,52,61,67,80,82,84,85,86,92]",34,1428,1,0.000700280112044818,1
"[0,1,2,3,4,5,6,7,8,9,10,11,12,13,14,15,17,18,20,22,25,26,30,31,33,34,35,39,40,42,46,48,52,61,67,80,82,84,85,86,92]",35,1428,7,0.00490196078431373,1
"[0,1,2,3,4,5,6,7,8,9,10,11,12,13,14,15,17,18,20,22,25,26,30,31,33,34,35,39,40,42,46,48,52,61,67,80,82,84,85,86,92]",39,1428,23,0.0161064425770308,1
"[0,1,2,3,4,5,6,7,8,9,10,11,12,13,14,15,17,18,20,22,25,26,30,31,33,34,35,39,40,42,46,48,52,61,67,80,82,84,85,86,92]",40,1428,3,0.00210084033613445,1
"[0,1,2,3,4,5,6,7,8,9,10,11,12,13,14,15,17,18,20,22,25,26,30,31,33,34,35,39,40,42,46,48,52,61,67,80,82,84,85,86,92]",42,1428,6,0.00420168067226891,1
"[0,1,2,3,4,5,6,7,8,9,10,11,12,13,14,15,17,18,20,22,25,26,30,31,33,34,35,39,40,42,46,48,52,61,67,80,82,84,85,86,92]",46,1428,15,0.0105042016806723,1
"[0,1,2,3,4,5,6,7,8,9,10,11,12,13,14,15,17,18,20,22,25,26,30,31,33,34,35,39,40,42,46,48,52,61,67,80,82,84,85,86,92]",48,1428,4,0.00280112044817927,1
"[0,1,2,3,4,5,6,7,8,9,10,11,12,13,14,15,17,18,20,22,25,26,30,31,33,34,35,39,40,42,46,48,52,61,67,80,82,84,85,86,92]",52,1428,2,0.00140056022408964,1
"[0,1,2,3,4,5,6,7,8,9,10,11,12,13,14,15,17,18,20,22,25,26,30,31,33,34,35,39,40,42,46,48,52,61,67,80,82,84,85,86,92]",61,1428,2,0.00140056022408964,1
"[0,1,2,3,4,5,6,7,8,9,10,11,12,13,14,15,17,18,20,22,25,26,30,31,33,34,35,39,40,42,46,48,52,61,67,80,82,84,85,86,92]",67,1428,653,0.457282913165266,1
"[0,1,2,3,4,5,6,7,8,9,10,11,12,13,14,15,17,18,20,22,25,26,30,31,33,34,35,39,40,42,46,48,52,61,67,80,82,84,85,86,92]",80,1428,4,0.00280112044817927,1
"[0,1,2,3,4,5,6,7,8,9,10,11,12,13,14,15,17,18,20,22,25,26,30,31,33,34,35,39,40,42,46,48,52,61,67,80,82,84,85,86,92]",82,1428,4,0.00280112044817927,1
"[0,1,2,3,4,5,6,7,8,9,10,11,12,13,14,15,17,18,20,22,25,26,30,31,33,34,35,39,40,42,46,48,52,61,67,80,82,84,85,86,92]",84,1428,2,0.00140056022408964,1
"[0,1,2,3,4,5,6,7,8,9,10,11,12,13,14,15,17,18,20,22,25,26,30,31,33,34,35,39,40,42,46,48,52,61,67,80,82,84,85,86,92]",85,1428,5,0.00350140056022409,1
"[0,1,2,3,4,5,6,7,8,9,10,11,12,13,14,15,17,18,20,22,25,26,30,31,33,34,35,39,40,42,46,48,52,61,67,80,82,84,85,86,92]",86,1428,4,0.00280112044817927,1
"[0,1,2,3,4,5,6,7,8,9,10,11,12,13,14,15,17,18,20,22,25,26,30,31,33,34,35,39,40,42,46,48,52,61,67,80,82,84,85,86,92]",92,1428,5,0.00350140056022409,1
"[0,1,2,3,4,5,6,7,8,9,10,11,12,13,14,15,20,22,23,25,26,30,31,33,35,36,39,40,42,46,48,51,53,57,67,80,82,84,85,86,92,93]",0,1185,14,0.0118143459915612,1
"[0,1,2,3,4,5,6,7,8,9,10,11,12,13,14,15,20,22,23,25,26,30,31,33,35,36,39,40,42,46,48,51,53,57,67,80,82,84,85,86,92,93]",1,1185,33,0.0278481012658228,1
"[0,1,2,3,4,5,6,7,8,9,10,11,12,13,14,15,20,22,23,25,26,30,31,33,35,36,39,40,42,46,48,51,53,57,67,80,82,84,85,86,92,93]",2,1185,212,0.178902953586498,1
"[0,1,2,3,4,5,6,7,8,9,10,11,12,13,14,15,20,22,23,25,26,30,31,33,35,36,39,40,42,46,48,51,53,57,67,80,82,84,85,86,92,93]",3,1185,27,0.0227848101265823,1
"[0,1,2,3,4,5,6,7,8,9,10,11,12,13,14,15,20,22,23,25,26,30,31,33,35,36,39,40,42,46,48,51,53,57,67,80,82,84,85,86,92,93]",4,1185,15,0.0126582278481013,1
"[0,1,2,3,4,5,6,7,8,9,10,11,12,13,14,15,20,22,23,25,26,30,31,33,35,36,39,40,42,46,48,51,53,57,67,80,82,84,85,86,92,93]",5,1185,38,0.0320675105485232,1
"[0,1,2,3,4,5,6,7,8,9,10,11,12,13,14,15,20,22,23,25,26,30,31,33,35,36,39,40,42,46,48,51,53,57,67,80,82,84,85,86,92,93]",6,1185,11,0.00928270042194093,1
"[0,1,2,3,4,5,6,7,8,9,10,11,12,13,14,15,20,22,23,25,26,30,31,33,35,36,39,40,42,46,48,51,53,57,67,80,82,84,85,86,92,93]",7,1185,146,0.123206751054852,1
"[0,1,2,3,4,5,6,7,8,9,10,11,12,13,14,15,20,22,23,25,26,30,31,33,35,36,39,40,42,46,48,51,53,57,67,80,82,84,85,86,92,93]",8,1185,14,0.0118143459915612,1
"[0,1,2,3,4,5,6,7,8,9,10,11,12,13,14,15,20,22,23,25,26,30,31,33,35,36,39,40,42,46,48,51,53,57,67,80,82,84,85,86,92,93]",9,1185,31,0.0261603375527426,1
"[0,1,2,3,4,5,6,7,8,9,10,11,12,13,14,15,20,22,23,25,26,30,31,33,35,36,39,40,42,46,48,51,53,57,67,80,82,84,85,86,92,93]",10,1185,24,0.020253164556962,1
"[0,1,2,3,4,5,6,7,8,9,10,11,12,13,14,15,20,22,23,25,26,30,31,33,35,36,39,40,42,46,48,51,53,57,67,80,82,84,85,86,92,93]",11,1185,43,0.0362869198312236,1
"[0,1,2,3,4,5,6,7,8,9,10,11,12,13,14,15,20,22,23,25,26,30,31,33,35,36,39,40,42,46,48,51,53,57,67,80,82,84,85,86,92,93]",12,1185,16,0.0135021097046414,1
"[0,1,2,3,4,5,6,7,8,9,10,11,12,13,14,15,20,22,23,25,26,30,31,33,35,36,39,40,42,46,48,51,53,57,67,80,82,84,85,86,92,93]",13,1185,62,0.0523206751054852,1
"[0,1,2,3,4,5,6,7,8,9,10,11,12,13,14,15,20,22,23,25,26,30,31,33,35,36,39,40,42,46,48,51,53,57,67,80,82,84,85,86,92,93]",14,1185,14,0.0118143459915612,1
"[0,1,2,3,4,5,6,7,8,9,10,11,12,13,14,15,20,22,23,25,26,30,31,33,35,36,39,40,42,46,48,51,53,57,67,80,82,84,85,86,92,93]",15,1185,36,0.030379746835443,1
"[0,1,2,3,4,5,6,7,8,9,10,11,12,13,14,15,20,22,23,25,26,30,31,33,35,36,39,40,42,46,48,51,53,57,67,80,82,84,85,86,92,93]",20,1185,73,0.0616033755274262,1
"[0,1,2,3,4,5,6,7,8,9,10,11,12,13,14,15,20,22,23,25,26,30,31,33,35,36,39,40,42,46,48,51,53,57,67,80,82,84,85,86,92,93]",22,1185,8,0.00675105485232068,1
"[0,1,2,3,4,5,6,7,8,9,10,11,12,13,14,15,20,22,23,25,26,30,31,33,35,36,39,40,42,46,48,51,53,57,67,80,82,84,85,86,92,93]",23,1185,22,0.0185654008438819,1
"[0,1,2,3,4,5,6,7,8,9,10,11,12,13,14,15,20,22,23,25,26,30,31,33,35,36,39,40,42,46,48,51,53,57,67,80,82,84,85,86,92,93]",25,1185,10,0.00843881856540084,1
"[0,1,2,3,4,5,6,7,8,9,10,11,12,13,14,15,20,22,23,25,26,30,31,33,35,36,39,40,42,46,48,51,53,57,67,80,82,84,85,86,92,93]",26,1185,35,0.029535864978903,1
"[0,1,2,3,4,5,6,7,8,9,10,11,12,13,14,15,20,22,23,25,26,30,31,33,35,36,39,40,42,46,48,51,53,57,67,80,82,84,85,86,92,93]",30,1185,8,0.00675105485232068,1
"[0,1,2,3,4,5,6,7,8,9,10,11,12,13,14,15,20,22,23,25,26,30,31,33,35,36,39,40,42,46,48,51,53,57,67,80,82,84,85,86,92,93]",31,1185,22,0.0185654008438819,1
"[0,1,2,3,4,5,6,7,8,9,10,11,12,13,14,15,20,22,23,25,26,30,31,33,35,36,39,40,42,46,48,51,53,57,67,80,82,84,85,86,92,93]",33,1185,5,0.00421940928270042,1
"[0,1,2,3,4,5,6,7,8,9,10,11,12,13,14,15,20,22,23,25,26,30,31,33,35,36,39,40,42,46,48,51,53,57,67,80,82,84,85,86,92,93]",35,1185,12,0.010126582278481,1
"[0,1,2,3,4,5,6,7,8,9,10,11,12,13,14,15,20,22,23,25,26,30,31,33,35,36,39,40,42,46,48,51,53,57,67,80,82,84,85,86,92,93]",36,1185,1,0.000843881856540084,1
"[0,1,2,3,4,5,6,7,8,9,10,11,12,13,14,15,20,22,23,25,26,30,31,33,35,36,39,40,42,46,48,51,53,57,67,80,82,84,85,86,92,93]",39,1185,18,0.0151898734177215,1
"[0,1,2,3,4,5,6,7,8,9,10,11,12,13,14,15,20,22,23,25,26,30,31,33,35,36,39,40,42,46,48,51,53,57,67,80,82,84,85,86,92,93]",40,1185,8,0.00675105485232068,1
"[0,1,2,3,4,5,6,7,8,9,10,11,12,13,14,15,20,22,23,25,26,30,31,33,35,36,39,40,42,46,48,51,53,57,67,80,82,84,85,86,92,93]",42,1185,28,0.0236286919831224,1
"[0,1,2,3,4,5,6,7,8,9,10,11,12,13,14,15,20,22,23,25,26,30,31,33,35,36,39,40,42,46,48,51,53,57,67,80,82,84,85,86,92,93]",46,1185,13,0.0109704641350211,1
"[0,1,2,3,4,5,6,7,8,9,10,11,12,13,14,15,20,22,23,25,26,30,31,33,35,36,39,40,42,46,48,51,53,57,67,80,82,84,85,86,92,93]",48,1185,5,0.00421940928270042,1
"[0,1,2,3,4,5,6,7,8,9,10,11,12,13,14,15,20,22,23,25,26,30,31,33,35,36,39,40,42,46,48,51,53,57,67,80,82,84,85,86,92,93]",51,1185,7,0.00590717299578059,1
"[0,1,2,3,4,5,6,7,8,9,10,11,12,13,14,15,20,22,23,25,26,30,31,33,35,36,39,40,42,46,48,51,53,57,67,80,82,84,85,86,92,93]",53,1185,2,0.00168776371308017,1
"[0,1,2,3,4,5,6,7,8,9,10,11,12,13,14,15,20,22,23,25,26,30,31,33,35,36,39,40,42,46,48,51,53,57,67,80,82,84,85,86,92,93]",57,1185,13,0.0109704641350211,1
"[0,1,2,3,4,5,6,7,8,9,10,11,12,13,14,15,20,22,23,25,26,30,31,33,35,36,39,40,42,46,48,51,53,57,67,80,82,84,85,86,92,93]",67,1185,10,0.00843881856540084,1
"[0,1,2,3,4,5,6,7,8,9,10,11,12,13,14,15,20,22,23,25,26,30,31,33,35,36,39,40,42,46,48,51,53,57,67,80,82,84,85,86,92,93]",80,1185,8,0.00675105485232068,1
"[0,1,2,3,4,5,6,7,8,9,10,11,12,13,14,15,20,22,23,25,26,30,31,33,35,36,39,40,42,46,48,51,53,57,67,80,82,84,85,86,92,93]",82,1185,12,0.010126582278481,1
"[0,1,2,3,4,5,6,7,8,9,10,11,12,13,14,15,20,22,23,25,26,30,31,33,35,36,39,40,42,46,48,51,53,57,67,80,82,84,85,86,92,93]",84,1185,17,0.0143459915611814,1
"[0,1,2,3,4,5,6,7,8,9,10,11,12,13,14,15,20,22,23,25,26,30,31,33,35,36,39,40,42,46,48,51,53,57,67,80,82,84,85,86,92,93]",85,1185,61,0.0514767932489451,1
"[0,1,2,3,4,5,6,7,8,9,10,11,12,13,14,15,20,22,23,25,26,30,31,33,35,36,39,40,42,46,48,51,53,57,67,80,82,84,85,86,92,93]",86,1185,3,0.00253164556962025,1
"[0,1,2,3,4,5,6,7,8,9,10,11,12,13,14,15,20,22,23,25,26,30,31,33,35,36,39,40,42,46,48,51,53,57,67,80,82,84,85,86,92,93]",92,1185,3,0.00253164556962025,1
"[0,1,2,3,4,5,6,7,8,9,10,11,12,13,14,15,20,22,23,25,26,30,31,33,35,36,39,40,42,46,48,51,53,57,67,80,82,84,85,86,92,93]",93,1185,45,0.0379746835443038,1
"[0,1,2,3,4,5,6,7,8,9,10,11,12,13,14,15,20,22,23,25,26,30,31,33,35,39,40,42,46,48,51,52,53,54,67,70,80,84,85,93]",0,3426,16,0.00467016929363689,1
"[0,1,2,3,4,5,6,7,8,9,10,11,12,13,14,15,20,22,23,25,26,30,31,33,35,39,40,42,46,48,51,52,53,54,67,70,80,84,85,93]",1,3426,1155,0.337127845884413,1
"[0,1,2,3,4,5,6,7,8,9,10,11,12,13,14,15,20,22,23,25,26,30,31,33,35,39,40,42,46,48,51,52,53,54,67,70,80,84,85,93]",2,3426,23,0.00671336835960304,1
"[0,1,2,3,4,5,6,7,8,9,10,11,12,13,14,15,20,22,23,25,26,30,31,33,35,39,40,42,46,48,51,52,53,54,67,70,80,84,85,93]",3,3426,14,0.00408639813193228,1
"[0,1,2,3,4,5,6,7,8,9,10,11,12,13,14,15,20,22,23,25,26,30,31,33,35,39,40,42,46,48,51,52,53,54,67,70,80,84,85,93]",4,3426,27,0.00788091068301226,1
"[0,1,2,3,4,5,6,7,8,9,10,11,12,13,14,15,20,22,23,25,26,30,31,33,35,39,40,42,46,48,51,52,53,54,67,70,80,84,85,93]",5,3426,14,0.00408639813193228,1
"[0,1,2,3,4,5,6,7,8,9,10,11,12,13,14,15,20,22,23,25,26,30,31,33,35,39,40,42,46,48,51,52,53,54,67,70,80,84,85,93]",6,3426,14,0.00408639813193228,1
"[0,1,2,3,4,5,6,7,8,9,10,11,12,13,14,15,20,22,23,25,26,30,31,33,35,39,40,42,46,48,51,52,53,54,67,70,80,84,85,93]",7,3426,174,0.0507880910683012,1
"[0,1,2,3,4,5,6,7,8,9,10,11,12,13,14,15,20,22,23,25,26,30,31,33,35,39,40,42,46,48,51,52,53,54,67,70,80,84,85,93]",8,3426,719,0.209865732632808,1
"[0,1,2,3,4,5,6,7,8,9,10,11,12,13,14,15,20,22,23,25,26,30,31,33,35,39,40,42,46,48,51,52,53,54,67,70,80,84,85,93]",9,3426,59,0.017221249270286,1
"[0,1,2,3,4,5,6,7,8,9,10,11,12,13,14,15,20,22,23,25,26,30,31,33,35,39,40,42,46,48,51,52,53,54,67,70,80,84,85,93]",10,3426,33,0.00963222416812609,1
"[0,1,2,3,4,5,6,7,8,9,10,11,12,13,14,15,20,22,23,25,26,30,31,33,35,39,40,42,46,48,51,52,53,54,67,70,80,84,85,93]",11,3426,42,0.0122591943957968,1
"[0,1,2,3,4,5,6,7,8,9,10,11,12,13,14,15,20,22,23,25,26,30,31,33,35,39,40,42,46,48,51,52,53,54,67,70,80,84,85,93]",12,3426,13,0.00379451255107998,1
"[0,1,2,3,4,5,6,7,8,9,10,11,12,13,14,15,20,22,23,25,26,30,31,33,35,39,40,42,46,48,51,52,53,54,67,70,80,84,85,93]",13,3426,48,0.0140105078809107,1
"[0,1,2,3,4,5,6,7,8,9,10,11,12,13,14,15,20,22,23,25,26,30,31,33,35,39,40,42,46,48,51,52,53,54,67,70,80,84,85,93]",14,3426,8,0.00233508464681845,1
"[0,1,2,3,4,5,6,7,8,9,10,11,12,13,14,15,20,22,23,25,26,30,31,33,35,39,40,42,46,48,51,52,53,54,67,70,80,84,85,93]",15,3426,32,0.00934033858727379,1
"[0,1,2,3,4,5,6,7,8,9,10,11,12,13,14,15,20,22,23,25,26,30,31,33,35,39,40,42,46,48,51,52,53,54,67,70,80,84,85,93]",20,3426,39,0.0113835376532399,1
"[0,1,2,3,4,5,6,7,8,9,10,11,12,13,14,15,20,22,23,25,26,30,31,33,35,39,40,42,46,48,51,52,53,54,67,70,80,84,85,93]",22,3426,3,0.000875656742556918,1
"[0,1,2,3,4,5,6,7,8,9,10,11,12,13,14,15,20,22,23,25,26,30,31,33,35,39,40,42,46,48,51,52,53,54,67,70,80,84,85,93]",23,3426,22,0.00642148277875073,1
"[0,1,2,3,4,5,6,7,8,9,10,11,12,13,14,15,20,22,23,25,26,30,31,33,35,39,40,42,46,48,51,52,53,54,67,70,80,84,85,93]",25,3426,11,0.00321074138937536,1
"[0,1,2,3,4,5,6,7,8,9,10,11,12,13,14,15,20,22,23,25,26,30,31,33,35,39,40,42,46,48,51,52,53,54,67,70,80,84,85,93]",26,3426,839,0.244892002335085,1
"[0,1,2,3,4,5,6,7,8,9,10,11,12,13,14,15,20,22,23,25,26,30,31,33,35,39,40,42,46,48,51,52,53,54,67,70,80,84,85,93]",30,3426,2,0.000583771161704612,1
"[0,1,2,3,4,5,6,7,8,9,10,11,12,13,14,15,20,22,23,25,26,30,31,33,35,39,40,42,46,48,51,52,53,54,67,70,80,84,85,93]",31,3426,10,0.00291885580852306,1
"[0,1,2,3,4,5,6,7,8,9,10,11,12,13,14,15,20,22,23,25,26,30,31,33,35,39,40,42,46,48,51,52,53,54,67,70,80,84,85,93]",33,3426,2,0.000583771161704612,1
"[0,1,2,3,4,5,6,7,8,9,10,11,12,13,14,15,20,22,23,25,26,30,31,33,35,39,40,42,46,48,51,52,53,54,67,70,80,84,85,93]",35,3426,16,0.00467016929363689,1
"[0,1,2,3,4,5,6,7,8,9,10,11,12,13,14,15,20,22,23,25,26,30,31,33,35,39,40,42,46,48,51,52,53,54,67,70,80,84,85,93]",39,3426,5,0.00145942790426153,1
"[0,1,2,3,4,5,6,7,8,9,10,11,12,13,14,15,20,22,23,25,26,30,31,33,35,39,40,42,46,48,51,52,53,54,67,70,80,84,85,93]",40,3426,4,0.00116754232340922,1
"[0,1,2,3,4,5,6,7,8,9,10,11,12,13,14,15,20,22,23,25,26,30,31,33,35,39,40,42,46,48,51,52,53,54,67,70,80,84,85,93]",42,3426,10,0.00291885580852306,1
"[0,1,2,3,4,5,6,7,8,9,10,11,12,13,14,15,20,22,23,25,26,30,31,33,35,39,40,42,46,48,51,52,53,54,67,70,80,84,85,93]",46,3426,16,0.00467016929363689,1
"[0,1,2,3,4,5,6,7,8,9,10,11,12,13,14,15,20,22,23,25,26,30,31,33,35,39,40,42,46,48,51,52,53,54,67,70,80,84,85,93]",48,3426,7,0.00204319906596614,1
"[0,1,2,3,4,5,6,7,8,9,10,11,12,13,14,15,20,22,23,25,26,30,31,33,35,39,40,42,46,48,51,52,53,54,67,70,80,84,85,93]",51,3426,3,0.000875656742556918,1
"[0,1,2,3,4,5,6,7,8,9,10,11,12,13,14,15,20,22,23,25,26,30,31,33,35,39,40,42,46,48,51,52,53,54,67,70,80,84,85,93]",52,3426,9,0.00262697022767075,1
"[0,1,2,3,4,5,6,7,8,9,10,11,12,13,14,15,20,22,23,25,26,30,31,33,35,39,40,42,46,48,51,52,53,54,67,70,80,84,85,93]",53,3426,4,0.00116754232340922,1
"[0,1,2,3,4,5,6,7,8,9,10,11,12,13,14,15,20,22,23,25,26,30,31,33,35,39,40,42,46,48,51,52,53,54,67,70,80,84,85,93]",54,3426,6,0.00175131348511384,1
"[0,1,2,3,4,5,6,7,8,9,10,11,12,13,14,15,20,22,23,25,26,30,31,33,35,39,40,42,46,48,51,52,53,54,67,70,80,84,85,93]",67,3426,3,0.000875656742556918,1
"[0,1,2,3,4,5,6,7,8,9,10,11,12,13,14,15,20,22,23,25,26,30,31,33,35,39,40,42,46,48,51,52,53,54,67,70,80,84,85,93]",70,3426,1,0.000291885580852306,1
"[0,1,2,3,4,5,6,7,8,9,10,11,12,13,14,15,20,22,23,25,26,30,31,33,35,39,40,42,46,48,51,52,53,54,67,70,80,84,85,93]",80,3426,4,0.00116754232340922,1
"[0,1,2,3,4,5,6,7,8,9,10,11,12,13,14,15,20,22,23,25,26,30,31,33,35,39,40,42,46,48,51,52,53,54,67,70,80,84,85,93]",84,3426,4,0.00116754232340922,1
"[0,1,2,3,4,5,6,7,8,9,10,11,12,13,14,15,20,22,23,25,26,30,31,33,35,39,40,42,46,48,51,52,53,54,67,70,80,84,85,93]",85,3426,4,0.00116754232340922,1
"[0,1,2,3,4,5,6,7,8,9,10,11,12,13,14,15,20,22,23,25,26,30,31,33,35,39,40,42,46,48,51,52,53,54,67,70,80,84,85,93]",93,3426,11,0.00321074138937536,1
"[0,1,2,3,4,5,6,7,8,9,10,11,12,13,14,15,20,22,23,25,26,30,31,33,35,39,40,42,46,48,51,52,53,57,67,80,82,85,86,92,93]",0,1097,24,0.0218778486782133,1
"[0,1,2,3,4,5,6,7,8,9,10,11,12,13,14,15,20,22,23,25,26,30,31,33,35,39,40,42,46,48,51,52,53,57,67,80,82,85,86,92,93]",1,1097,18,0.01640838650866,1
"[0,1,2,3,4,5,6,7,8,9,10,11,12,13,14,15,20,22,23,25,26,30,31,33,35,39,40,42,46,48,51,52,53,57,67,80,82,85,86,92,93]",2,1097,84,0.0765724703737466,1
"[0,1,2,3,4,5,6,7,8,9,10,11,12,13,14,15,20,22,23,25,26,30,31,33,35,39,40,42,46,48,51,52,53,57,67,80,82,85,86,92,93]",3,1097,11,0.0100273473108478,1
"[0,1,2,3,4,5,6,7,8,9,10,11,12,13,14,15,20,22,23,25,26,30,31,33,35,39,40,42,46,48,51,52,53,57,67,80,82,85,86,92,93]",4,1097,11,0.0100273473108478,1
"[0,1,2,3,4,5,6,7,8,9,10,11,12,13,14,15,20,22,23,25,26,30,31,33,35,39,40,42,46,48,51,52,53,57,67,80,82,85,86,92,93]",5,1097,39,0.0355515041020966,1
"[0,1,2,3,4,5,6,7,8,9,10,11,12,13,14,15,20,22,23,25,26,30,31,33,35,39,40,42,46,48,51,52,53,57,67,80,82,85,86,92,93]",6,1097,36,0.03281677301732,1
"[0,1,2,3,4,5,6,7,8,9,10,11,12,13,14,15,20,22,23,25,26,30,31,33,35,39,40,42,46,48,51,52,53,57,67,80,82,85,86,92,93]",7,1097,213,0.194165907019143,1
"[0,1,2,3,4,5,6,7,8,9,10,11,12,13,14,15,20,22,23,25,26,30,31,33,35,39,40,42,46,48,51,52,53,57,67,80,82,85,86,92,93]",8,1097,13,0.0118505013673655,1
"[0,1,2,3,4,5,6,7,8,9,10,11,12,13,14,15,20,22,23,25,26,30,31,33,35,39,40,42,46,48,51,52,53,57,67,80,82,85,86,92,93]",9,1097,55,0.0501367365542388,1
"[0,1,2,3,4,5,6,7,8,9,10,11,12,13,14,15,20,22,23,25,26,30,31,33,35,39,40,42,46,48,51,52,53,57,67,80,82,85,86,92,93]",10,1097,39,0.0355515041020966,1
"[0,1,2,3,4,5,6,7,8,9,10,11,12,13,14,15,20,22,23,25,26,30,31,33,35,39,40,42,46,48,51,52,53,57,67,80,82,85,86,92,93]",11,1097,99,0.0902461257976299,1
"[0,1,2,3,4,5,6,7,8,9,10,11,12,13,14,15,20,22,23,25,26,30,31,33,35,39,40,42,46,48,51,52,53,57,67,80,82,85,86,92,93]",12,1097,23,0.0209662716499544,1
"[0,1,2,3,4,5,6,7,8,9,10,11,12,13,14,15,20,22,23,25,26,30,31,33,35,39,40,42,46,48,51,52,53,57,67,80,82,85,86,92,93]",13,1097,64,0.0583409298085688,1
"[0,1,2,3,4,5,6,7,8,9,10,11,12,13,14,15,20,22,23,25,26,30,31,33,35,39,40,42,46,48,51,52,53,57,67,80,82,85,86,92,93]",14,1097,11,0.0100273473108478,1
"[0,1,2,3,4,5,6,7,8,9,10,11,12,13,14,15,20,22,23,25,26,30,31,33,35,39,40,42,46,48,51,52,53,57,67,80,82,85,86,92,93]",15,1097,10,0.00911577028258888,1
"[0,1,2,3,4,5,6,7,8,9,10,11,12,13,14,15,20,22,23,25,26,30,31,33,35,39,40,42,46,48,51,52,53,57,67,80,82,85,86,92,93]",20,1097,83,0.0756608933454877,1
"[0,1,2,3,4,5,6,7,8,9,10,11,12,13,14,15,20,22,23,25,26,30,31,33,35,39,40,42,46,48,51,52,53,57,67,80,82,85,86,92,93]",22,1097,7,0.00638103919781222,1
"[0,1,2,3,4,5,6,7,8,9,10,11,12,13,14,15,20,22,23,25,26,30,31,33,35,39,40,42,46,48,51,52,53,57,67,80,82,85,86,92,93]",23,1097,12,0.0109389243391067,1
"[0,1,2,3,4,5,6,7,8,9,10,11,12,13,14,15,20,22,23,25,26,30,31,33,35,39,40,42,46,48,51,52,53,57,67,80,82,85,86,92,93]",25,1097,22,0.0200546946216955,1
"[0,1,2,3,4,5,6,7,8,9,10,11,12,13,14,15,20,22,23,25,26,30,31,33,35,39,40,42,46,48,51,52,53,57,67,80,82,85,86,92,93]",26,1097,15,0.0136736554238833,1
"[0,1,2,3,4,5,6,7,8,9,10,11,12,13,14,15,20,22,23,25,26,30,31,33,35,39,40,42,46,48,51,52,53,57,67,80,82,85,86,92,93]",30,1097,2,0.00182315405651778,1
"[0,1,2,3,4,5,6,7,8,9,10,11,12,13,14,15,20,22,23,25,26,30,31,33,35,39,40,42,46,48,51,52,53,57,67,80,82,85,86,92,93]",31,1097,15,0.0136736554238833,1
"[0,1,2,3,4,5,6,7,8,9,10,11,12,13,14,15,20,22,23,25,26,30,31,33,35,39,40,42,46,48,51,52,53,57,67,80,82,85,86,92,93]",33,1097,6,0.00546946216955333,1
"[0,1,2,3,4,5,6,7,8,9,10,11,12,13,14,15,20,22,23,25,26,30,31,33,35,39,40,42,46,48,51,52,53,57,67,80,82,85,86,92,93]",35,1097,10,0.00911577028258888,1
"[0,1,2,3,4,5,6,7,8,9,10,11,12,13,14,15,20,22,23,25,26,30,31,33,35,39,40,42,46,48,51,52,53,57,67,80,82,85,86,92,93]",39,1097,18,0.01640838650866,1
"[0,1,2,3,4,5,6,7,8,9,10,11,12,13,14,15,20,22,23,25,26,30,31,33,35,39,40,42,46,48,51,52,53,57,67,80,82,85,86,92,93]",40,1097,7,0.00638103919781222,1
"[0,1,2,3,4,5,6,7,8,9,10,11,12,13,14,15,20,22,23,25,26,30,31,33,35,39,40,42,46,48,51,52,53,57,67,80,82,85,86,92,93]",42,1097,8,0.0072926162260711,1
"[0,1,2,3,4,5,6,7,8,9,10,11,12,13,14,15,20,22,23,25,26,30,31,33,35,39,40,42,46,48,51,52,53,57,67,80,82,85,86,92,93]",46,1097,18,0.01640838650866,1
"[0,1,2,3,4,5,6,7,8,9,10,11,12,13,14,15,20,22,23,25,26,30,31,33,35,39,40,42,46,48,51,52,53,57,67,80,82,85,86,92,93]",48,1097,7,0.00638103919781222,1
"[0,1,2,3,4,5,6,7,8,9,10,11,12,13,14,15,20,22,23,25,26,30,31,33,35,39,40,42,46,48,51,52,53,57,67,80,82,85,86,92,93]",51,1097,8,0.0072926162260711,1
"[0,1,2,3,4,5,6,7,8,9,10,11,12,13,14,15,20,22,23,25,26,30,31,33,35,39,40,42,46,48,51,52,53,57,67,80,82,85,86,92,93]",52,1097,2,0.00182315405651778,1
"[0,1,2,3,4,5,6,7,8,9,10,11,12,13,14,15,20,22,23,25,26,30,31,33,35,39,40,42,46,48,51,52,53,57,67,80,82,85,86,92,93]",53,1097,2,0.00182315405651778,1
"[0,1,2,3,4,5,6,7,8,9,10,11,12,13,14,15,20,22,23,25,26,30,31,33,35,39,40,42,46,48,51,52,53,57,67,80,82,85,86,92,93]",57,1097,8,0.0072926162260711,1
"[0,1,2,3,4,5,6,7,8,9,10,11,12,13,14,15,20,22,23,25,26,30,31,33,35,39,40,42,46,48,51,52,53,57,67,80,82,85,86,92,93]",67,1097,68,0.0619872379216044,1
"[0,1,2,3,4,5,6,7,8,9,10,11,12,13,14,15,20,22,23,25,26,30,31,33,35,39,40,42,46,48,51,52,53,57,67,80,82,85,86,92,93]",80,1097,3,0.00273473108477666,1
"[0,1,2,3,4,5,6,7,8,9,10,11,12,13,14,15,20,22,23,25,26,30,31,33,35,39,40,42,46,48,51,52,53,57,67,80,82,85,86,92,93]",82,1097,5,0.00455788514129444,1
"[0,1,2,3,4,5,6,7,8,9,10,11,12,13,14,15,20,22,23,25,26,30,31,33,35,39,40,42,46,48,51,52,53,57,67,80,82,85,86,92,93]",85,1097,10,0.00911577028258888,1
"[0,1,2,3,4,5,6,7,8,9,10,11,12,13,14,15,20,22,23,25,26,30,31,33,35,39,40,42,46,48,51,52,53,57,67,80,82,85,86,92,93]",86,1097,5,0.00455788514129444,1
"[0,1,2,3,4,5,6,7,8,9,10,11,12,13,14,15,20,22,23,25,26,30,31,33,35,39,40,42,46,48,51,52,53,57,67,80,82,85,86,92,93]",92,1097,3,0.00273473108477666,1
"[0,1,2,3,4,5,6,7,8,9,10,11,12,13,14,15,20,22,23,25,26,30,31,33,35,39,40,42,46,48,51,52,53,57,67,80,82,85,86,92,93]",93,1097,3,0.00273473108477666,1
"[0,1,2,3,4,5,6,7,8,9,10,11,12,13,14,15,20,22,23,25,26,30,31,33,35,39,40,42,46,48,51,52,53,57,67,82,84,85,86,92,93]",0,2583,14,0.00542005420054201,1
"[0,1,2,3,4,5,6,7,8,9,10,11,12,13,14,15,20,22,23,25,26,30,31,33,35,39,40,42,46,48,51,52,53,57,67,82,84,85,86,92,93]",1,2583,16,0.00619434765776229,1
"[0,1,2,3,4,5,6,7,8,9,10,11,12,13,14,15,20,22,23,25,26,30,31,33,35,39,40,42,46,48,51,52,53,57,67,82,84,85,86,92,93]",2,2583,91,0.035230352303523,1
"[0,1,2,3,4,5,6,7,8,9,10,11,12,13,14,15,20,22,23,25,26,30,31,33,35,39,40,42,46,48,51,52,53,57,67,82,84,85,86,92,93]",3,2583,11,0.00425861401471158,1
"[0,1,2,3,4,5,6,7,8,9,10,11,12,13,14,15,20,22,23,25,26,30,31,33,35,39,40,42,46,48,51,52,53,57,67,82,84,85,86,92,93]",4,2583,907,0.3511420828494,1
"[0,1,2,3,4,5,6,7,8,9,10,11,12,13,14,15,20,22,23,25,26,30,31,33,35,39,40,42,46,48,51,52,53,57,67,82,84,85,86,92,93]",5,2583,713,0.276035617499032,1
"[0,1,2,3,4,5,6,7,8,9,10,11,12,13,14,15,20,22,23,25,26,30,31,33,35,39,40,42,46,48,51,52,53,57,67,82,84,85,86,92,93]",6,2583,14,0.00542005420054201,1
"[0,1,2,3,4,5,6,7,8,9,10,11,12,13,14,15,20,22,23,25,26,30,31,33,35,39,40,42,46,48,51,52,53,57,67,82,84,85,86,92,93]",7,2583,171,0.0662020905923345,1
"[0,1,2,3,4,5,6,7,8,9,10,11,12,13,14,15,20,22,23,25,26,30,31,33,35,39,40,42,46,48,51,52,53,57,67,82,84,85,86,92,93]",8,2583,8,0.00309717382888115,1
"[0,1,2,3,4,5,6,7,8,9,10,11,12,13,14,15,20,22,23,25,26,30,31,33,35,39,40,42,46,48,51,52,53,57,67,82,84,85,86,92,93]",9,2583,34,0.0131629887727449,1
"[0,1,2,3,4,5,6,7,8,9,10,11,12,13,14,15,20,22,23,25,26,30,31,33,35,39,40,42,46,48,51,52,53,57,67,82,84,85,86,92,93]",10,2583,24,0.00929152148664344,1
"[0,1,2,3,4,5,6,7,8,9,10,11,12,13,14,15,20,22,23,25,26,30,31,33,35,39,40,42,46,48,51,52,53,57,67,82,84,85,86,92,93]",11,2583,56,0.021680216802168,1
"[0,1,2,3,4,5,6,7,8,9,10,11,12,13,14,15,20,22,23,25,26,30,31,33,35,39,40,42,46,48,51,52,53,57,67,82,84,85,86,92,93]",12,2583,13,0.00503290747193186,1
"[0,1,2,3,4,5,6,7,8,9,10,11,12,13,14,15,20,22,23,25,26,30,31,33,35,39,40,42,46,48,51,52,53,57,67,82,84,85,86,92,93]",13,2583,52,0.0201316298877274,1
"[0,1,2,3,4,5,6,7,8,9,10,11,12,13,14,15,20,22,23,25,26,30,31,33,35,39,40,42,46,48,51,52,53,57,67,82,84,85,86,92,93]",14,2583,7,0.002710027100271,1
"[0,1,2,3,4,5,6,7,8,9,10,11,12,13,14,15,20,22,23,25,26,30,31,33,35,39,40,42,46,48,51,52,53,57,67,82,84,85,86,92,93]",15,2583,253,0.0979481223383662,1
"[0,1,2,3,4,5,6,7,8,9,10,11,12,13,14,15,20,22,23,25,26,30,31,33,35,39,40,42,46,48,51,52,53,57,67,82,84,85,86,92,93]",20,2583,26,0.0100658149438637,1
"[0,1,2,3,4,5,6,7,8,9,10,11,12,13,14,15,20,22,23,25,26,30,31,33,35,39,40,42,46,48,51,52,53,57,67,82,84,85,86,92,93]",22,2583,6,0.00232288037166086,1
"[0,1,2,3,4,5,6,7,8,9,10,11,12,13,14,15,20,22,23,25,26,30,31,33,35,39,40,42,46,48,51,52,53,57,67,82,84,85,86,92,93]",23,2583,13,0.00503290747193186,1
"[0,1,2,3,4,5,6,7,8,9,10,11,12,13,14,15,20,22,23,25,26,30,31,33,35,39,40,42,46,48,51,52,53,57,67,82,84,85,86,92,93]",25,2583,10,0.00387146728610143,1
"[0,1,2,3,4,5,6,7,8,9,10,11,12,13,14,15,20,22,23,25,26,30,31,33,35,39,40,42,46,48,51,52,53,57,67,82,84,85,86,92,93]",26,2583,23,0.0089043747580333,1
"[0,1,2,3,4,5,6,7,8,9,10,11,12,13,14,15,20,22,23,25,26,30,31,33,35,39,40,42,46,48,51,52,53,57,67,82,84,85,86,92,93]",30,2583,5,0.00193573364305072,1
"[0,1,2,3,4,5,6,7,8,9,10,11,12,13,14,15,20,22,23,25,26,30,31,33,35,39,40,42,46,48,51,52,53,57,67,82,84,85,86,92,93]",31,2583,13,0.00503290747193186,1
"[0,1,2,3,4,5,6,7,8,9,10,11,12,13,14,15,20,22,23,25,26,30,31,33,35,39,40,42,46,48,51,52,53,57,67,82,84,85,86,92,93]",33,2583,3,0.00116144018583043,1
"[0,1,2,3,4,5,6,7,8,9,10,11,12,13,14,15,20,22,23,25,26,30,31,33,35,39,40,42,46,48,51,52,53,57,67,82,84,85,86,92,93]",35,2583,5,0.00193573364305072,1
"[0,1,2,3,4,5,6,7,8,9,10,11,12,13,14,15,20,22,23,25,26,30,31,33,35,39,40,42,46,48,51,52,53,57,67,82,84,85,86,92,93]",39,2583,10,0.00387146728610143,1
"[0,1,2,3,4,5,6,7,8,9,10,11,12,13,14,15,20,22,23,25,26,30,31,33,35,39,40,42,46,48,51,52,53,57,67,82,84,85,86,92,93]",40,2583,6,0.00232288037166086,1
"[0,1,2,3,4,5,6,7,8,9,10,11,12,13,14,15,20,22,23,25,26,30,31,33,35,39,40,42,46,48,51,52,53,57,67,82,84,85,86,92,93]",42,2583,10,0.00387146728610143,1
"[0,1,2,3,4,5,6,7,8,9,10,11,12,13,14,15,20,22,23,25,26,30,31,33,35,39,40,42,46,48,51,52,53,57,67,82,84,85,86,92,93]",46,2583,11,0.00425861401471158,1
"[0,1,2,3,4,5,6,7,8,9,10,11,12,13,14,15,20,22,23,25,26,30,31,33,35,39,40,42,46,48,51,52,53,57,67,82,84,85,86,92,93]",48,2583,2,0.000774293457220286,1
"[0,1,2,3,4,5,6,7,8,9,10,11,12,13,14,15,20,22,23,25,26,30,31,33,35,39,40,42,46,48,51,52,53,57,67,82,84,85,86,92,93]",51,2583,4,0.00154858691444057,1
"[0,1,2,3,4,5,6,7,8,9,10,11,12,13,14,15,20,22,23,25,26,30,31,33,35,39,40,42,46,48,51,52,53,57,67,82,84,85,86,92,93]",52,2583,1,0.000387146728610143,1
"[0,1,2,3,4,5,6,7,8,9,10,11,12,13,14,15,20,22,23,25,26,30,31,33,35,39,40,42,46,48,51,52,53,57,67,82,84,85,86,92,93]",53,2583,7,0.002710027100271,1
"[0,1,2,3,4,5,6,7,8,9,10,11,12,13,14,15,20,22,23,25,26,30,31,33,35,39,40,42,46,48,51,52,53,57,67,82,84,85,86,92,93]",57,2583,15,0.00580720092915215,1
"[0,1,2,3,4,5,6,7,8,9,10,11,12,13,14,15,20,22,23,25,26,30,31,33,35,39,40,42,46,48,51,52,53,57,67,82,84,85,86,92,93]",67,2583,2,0.000774293457220286,1
"[0,1,2,3,4,5,6,7,8,9,10,11,12,13,14,15,20,22,23,25,26,30,31,33,35,39,40,42,46,48,51,52,53,57,67,82,84,85,86,92,93]",82,2583,4,0.00154858691444057,1
"[0,1,2,3,4,5,6,7,8,9,10,11,12,13,14,15,20,22,23,25,26,30,31,33,35,39,40,42,46,48,51,52,53,57,67,82,84,85,86,92,93]",84,2583,8,0.00309717382888115,1
"[0,1,2,3,4,5,6,7,8,9,10,11,12,13,14,15,20,22,23,25,26,30,31,33,35,39,40,42,46,48,51,52,53,57,67,82,84,85,86,92,93]",85,2583,6,0.00232288037166086,1
"[0,1,2,3,4,5,6,7,8,9,10,11,12,13,14,15,20,22,23,25,26,30,31,33,35,39,40,42,46,48,51,52,53,57,67,82,84,85,86,92,93]",86,2583,1,0.000387146728610143,1
"[0,1,2,3,4,5,6,7,8,9,10,11,12,13,14,15,20,22,23,25,26,30,31,33,35,39,40,42,46,48,51,52,53,57,67,82,84,85,86,92,93]",92,2583,4,0.00154858691444057,1
"[0,1,2,3,4,5,6,7,8,9,10,11,12,13,14,15,20,22,23,25,26,30,31,33,35,39,40,42,46,48,51,52,53,57,67,82,84,85,86,92,93]",93,2583,4,0.00154858691444057,1
"[0,1,2,3,4,5,6,7,8,9,10,11,12,13,14,15,20,22,23,25,26,30,31,33,35,39,40,42,46,48,51,52,54,57,67,80,82,84,85,93]",0,962,13,0.0135135135135135,1
"[0,1,2,3,4,5,6,7,8,9,10,11,12,13,14,15,20,22,23,25,26,30,31,33,35,39,40,42,46,48,51,52,54,57,67,80,82,84,85,93]",1,962,16,0.0166320166320166,1
"[0,1,2,3,4,5,6,7,8,9,10,11,12,13,14,15,20,22,23,25,26,30,31,33,35,39,40,42,46,48,51,52,54,57,67,80,82,84,85,93]",2,962,137,0.142411642411642,1
"[0,1,2,3,4,5,6,7,8,9,10,11,12,13,14,15,20,22,23,25,26,30,31,33,35,39,40,42,46,48,51,52,54,57,67,80,82,84,85,93]",3,962,12,0.0124740124740125,1
"[0,1,2,3,4,5,6,7,8,9,10,11,12,13,14,15,20,22,23,25,26,30,31,33,35,39,40,42,46,48,51,52,54,57,67,80,82,84,85,93]",4,962,31,0.0322245322245322,1
"[0,1,2,3,4,5,6,7,8,9,10,11,12,13,14,15,20,22,23,25,26,30,31,33,35,39,40,42,46,48,51,52,54,57,67,80,82,84,85,93]",5,962,29,0.0301455301455301,1
"[0,1,2,3,4,5,6,7,8,9,10,11,12,13,14,15,20,22,23,25,26,30,31,33,35,39,40,42,46,48,51,52,54,57,67,80,82,84,85,93]",6,962,32,0.0332640332640333,1
"[0,1,2,3,4,5,6,7,8,9,10,11,12,13,14,15,20,22,23,25,26,30,31,33,35,39,40,42,46,48,51,52,54,57,67,80,82,84,85,93]",7,962,162,0.168399168399168,1
"[0,1,2,3,4,5,6,7,8,9,10,11,12,13,14,15,20,22,23,25,26,30,31,33,35,39,40,42,46,48,51,52,54,57,67,80,82,84,85,93]",8,962,18,0.0187110187110187,1
"[0,1,2,3,4,5,6,7,8,9,10,11,12,13,14,15,20,22,23,25,26,30,31,33,35,39,40,42,46,48,51,52,54,57,67,80,82,84,85,93]",9,962,21,0.0218295218295218,1
"[0,1,2,3,4,5,6,7,8,9,10,11,12,13,14,15,20,22,23,25,26,30,31,33,35,39,40,42,46,48,51,52,54,57,67,80,82,84,85,93]",10,962,19,0.0197505197505198,1
"[0,1,2,3,4,5,6,7,8,9,10,11,12,13,14,15,20,22,23,25,26,30,31,33,35,39,40,42,46,48,51,52,54,57,67,80,82,84,85,93]",11,962,41,0.0426195426195426,1
"[0,1,2,3,4,5,6,7,8,9,10,11,12,13,14,15,20,22,23,25,26,30,31,33,35,39,40,42,46,48,51,52,54,57,67,80,82,84,85,93]",12,962,9,0.00935550935550936,1
"[0,1,2,3,4,5,6,7,8,9,10,11,12,13,14,15,20,22,23,25,26,30,31,33,35,39,40,42,46,48,51,52,54,57,67,80,82,84,85,93]",13,962,49,0.0509355509355509,1
"[0,1,2,3,4,5,6,7,8,9,10,11,12,13,14,15,20,22,23,25,26,30,31,33,35,39,40,42,46,48,51,52,54,57,67,80,82,84,85,93]",14,962,10,0.0103950103950104,1
"[0,1,2,3,4,5,6,7,8,9,10,11,12,13,14,15,20,22,23,25,26,30,31,33,35,39,40,42,46,48,51,52,54,57,67,80,82,84,85,93]",15,962,29,0.0301455301455301,1
"[0,1,2,3,4,5,6,7,8,9,10,11,12,13,14,15,20,22,23,25,26,30,31,33,35,39,40,42,46,48,51,52,54,57,67,80,82,84,85,93]",20,962,55,0.0571725571725572,1
"[0,1,2,3,4,5,6,7,8,9,10,11,12,13,14,15,20,22,23,25,26,30,31,33,35,39,40,42,46,48,51,52,54,57,67,80,82,84,85,93]",22,962,5,0.0051975051975052,1
"[0,1,2,3,4,5,6,7,8,9,10,11,12,13,14,15,20,22,23,25,26,30,31,33,35,39,40,42,46,48,51,52,54,57,67,80,82,84,85,93]",23,962,26,0.027027027027027,1
"[0,1,2,3,4,5,6,7,8,9,10,11,12,13,14,15,20,22,23,25,26,30,31,33,35,39,40,42,46,48,51,52,54,57,67,80,82,84,85,93]",25,962,8,0.00831600831600832,1
"[0,1,2,3,4,5,6,7,8,9,10,11,12,13,14,15,20,22,23,25,26,30,31,33,35,39,40,42,46,48,51,52,54,57,67,80,82,84,85,93]",26,962,29,0.0301455301455301,1
"[0,1,2,3,4,5,6,7,8,9,10,11,12,13,14,15,20,22,23,25,26,30,31,33,35,39,40,42,46,48,51,52,54,57,67,80,82,84,85,93]",30,962,5,0.0051975051975052,1
"[0,1,2,3,4,5,6,7,8,9,10,11,12,13,14,15,20,22,23,25,26,30,31,33,35,39,40,42,46,48,51,52,54,57,67,80,82,84,85,93]",31,962,18,0.0187110187110187,1
"[0,1,2,3,4,5,6,7,8,9,10,11,12,13,14,15,20,22,23,25,26,30,31,33,35,39,40,42,46,48,51,52,54,57,67,80,82,84,85,93]",33,962,1,0.00103950103950104,1
"[0,1,2,3,4,5,6,7,8,9,10,11,12,13,14,15,20,22,23,25,26,30,31,33,35,39,40,42,46,48,51,52,54,57,67,80,82,84,85,93]",35,962,13,0.0135135135135135,1
"[0,1,2,3,4,5,6,7,8,9,10,11,12,13,14,15,20,22,23,25,26,30,31,33,35,39,40,42,46,48,51,52,54,57,67,80,82,84,85,93]",39,962,10,0.0103950103950104,1
"[0,1,2,3,4,5,6,7,8,9,10,11,12,13,14,15,20,22,23,25,26,30,31,33,35,39,40,42,46,48,51,52,54,57,67,80,82,84,85,93]",40,962,53,0.0550935550935551,1
"[0,1,2,3,4,5,6,7,8,9,10,11,12,13,14,15,20,22,23,25,26,30,31,33,35,39,40,42,46,48,51,52,54,57,67,80,82,84,85,93]",42,962,20,0.0207900207900208,1
"[0,1,2,3,4,5,6,7,8,9,10,11,12,13,14,15,20,22,23,25,26,30,31,33,35,39,40,42,46,48,51,52,54,57,67,80,82,84,85,93]",46,962,8,0.00831600831600832,1
"[0,1,2,3,4,5,6,7,8,9,10,11,12,13,14,15,20,22,23,25,26,30,31,33,35,39,40,42,46,48,51,52,54,57,67,80,82,84,85,93]",48,962,2,0.00207900207900208,1
"[0,1,2,3,4,5,6,7,8,9,10,11,12,13,14,15,20,22,23,25,26,30,31,33,35,39,40,42,46,48,51,52,54,57,67,80,82,84,85,93]",51,962,11,0.0114345114345114,1
"[0,1,2,3,4,5,6,7,8,9,10,11,12,13,14,15,20,22,23,25,26,30,31,33,35,39,40,42,46,48,51,52,54,57,67,80,82,84,85,93]",52,962,2,0.00207900207900208,1
"[0,1,2,3,4,5,6,7,8,9,10,11,12,13,14,15,20,22,23,25,26,30,31,33,35,39,40,42,46,48,51,52,54,57,67,80,82,84,85,93]",54,962,2,0.00207900207900208,1
"[0,1,2,3,4,5,6,7,8,9,10,11,12,13,14,15,20,22,23,25,26,30,31,33,35,39,40,42,46,48,51,52,54,57,67,80,82,84,85,93]",57,962,18,0.0187110187110187,1
"[0,1,2,3,4,5,6,7,8,9,10,11,12,13,14,15,20,22,23,25,26,30,31,33,35,39,40,42,46,48,51,52,54,57,67,80,82,84,85,93]",67,962,26,0.027027027027027,1
"[0,1,2,3,4,5,6,7,8,9,10,11,12,13,14,15,20,22,23,25,26,30,31,33,35,39,40,42,46,48,51,52,54,57,67,80,82,84,85,93]",80,962,5,0.0051975051975052,1
"[0,1,2,3,4,5,6,7,8,9,10,11,12,13,14,15,20,22,23,25,26,30,31,33,35,39,40,42,46,48,51,52,54,57,67,80,82,84,85,93]",82,962,1,0.00103950103950104,1
"[0,1,2,3,4,5,6,7,8,9,10,11,12,13,14,15,20,22,23,25,26,30,31,33,35,39,40,42,46,48,51,52,54,57,67,80,82,84,85,93]",84,962,2,0.00207900207900208,1
"[0,1,2,3,4,5,6,7,8,9,10,11,12,13,14,15,20,22,23,25,26,30,31,33,35,39,40,42,46,48,51,52,54,57,67,80,82,84,85,93]",85,962,4,0.00415800415800416,1
"[0,1,2,3,4,5,6,7,8,9,10,11,12,13,14,15,20,22,23,25,26,30,31,33,35,39,40,42,46,48,51,52,54,57,67,80,82,84,85,93]",93,962,10,0.0103950103950104,1
"[0,1,2,3,4,5,6,7,8,9,10,11,12,13,14,15,20,22,23,25,26,30,31,33,35,39,40,42,46,48,51,53,54,57,67,80,82,84,85,86,92,93]",0,1114,11,0.00987432675044883,1
"[0,1,2,3,4,5,6,7,8,9,10,11,12,13,14,15,20,22,23,25,26,30,31,33,35,39,40,42,46,48,51,53,54,57,67,80,82,84,85,86,92,93]",1,1114,26,0.0233393177737881,1
"[0,1,2,3,4,5,6,7,8,9,10,11,12,13,14,15,20,22,23,25,26,30,31,33,35,39,40,42,46,48,51,53,54,57,67,80,82,84,85,86,92,93]",2,1114,114,0.102333931777379,1
"[0,1,2,3,4,5,6,7,8,9,10,11,12,13,14,15,20,22,23,25,26,30,31,33,35,39,40,42,46,48,51,53,54,57,67,80,82,84,85,86,92,93]",3,1114,18,0.0161579892280072,1
"[0,1,2,3,4,5,6,7,8,9,10,11,12,13,14,15,20,22,23,25,26,30,31,33,35,39,40,42,46,48,51,53,54,57,67,80,82,84,85,86,92,93]",4,1114,99,0.0888689407540395,1
"[0,1,2,3,4,5,6,7,8,9,10,11,12,13,14,15,20,22,23,25,26,30,31,33,35,39,40,42,46,48,51,53,54,57,67,80,82,84,85,86,92,93]",5,1114,94,0.0843806104129264,1
"[0,1,2,3,4,5,6,7,8,9,10,11,12,13,14,15,20,22,23,25,26,30,31,33,35,39,40,42,46,48,51,53,54,57,67,80,82,84,85,86,92,93]",6,1114,14,0.0125673249551167,1
"[0,1,2,3,4,5,6,7,8,9,10,11,12,13,14,15,20,22,23,25,26,30,31,33,35,39,40,42,46,48,51,53,54,57,67,80,82,84,85,86,92,93]",7,1114,171,0.153500897666068,1
"[0,1,2,3,4,5,6,7,8,9,10,11,12,13,14,15,20,22,23,25,26,30,31,33,35,39,40,42,46,48,51,53,54,57,67,80,82,84,85,86,92,93]",8,1114,10,0.00897666068222621,1
"[0,1,2,3,4,5,6,7,8,9,10,11,12,13,14,15,20,22,23,25,26,30,31,33,35,39,40,42,46,48,51,53,54,57,67,80,82,84,85,86,92,93]",9,1114,31,0.0278276481149013,1
"[0,1,2,3,4,5,6,7,8,9,10,11,12,13,14,15,20,22,23,25,26,30,31,33,35,39,40,42,46,48,51,53,54,57,67,80,82,84,85,86,92,93]",10,1114,14,0.0125673249551167,1
"[0,1,2,3,4,5,6,7,8,9,10,11,12,13,14,15,20,22,23,25,26,30,31,33,35,39,40,42,46,48,51,53,54,57,67,80,82,84,85,86,92,93]",11,1114,59,0.0529622980251346,1
"[0,1,2,3,4,5,6,7,8,9,10,11,12,13,14,15,20,22,23,25,26,30,31,33,35,39,40,42,46,48,51,53,54,57,67,80,82,84,85,86,92,93]",12,1114,9,0.00807899461400359,1
"[0,1,2,3,4,5,6,7,8,9,10,11,12,13,14,15,20,22,23,25,26,30,31,33,35,39,40,42,46,48,51,53,54,57,67,80,82,84,85,86,92,93]",13,1114,55,0.0493716337522442,1
"[0,1,2,3,4,5,6,7,8,9,10,11,12,13,14,15,20,22,23,25,26,30,31,33,35,39,40,42,46,48,51,53,54,57,67,80,82,84,85,86,92,93]",14,1114,7,0.00628366247755835,1
"[0,1,2,3,4,5,6,7,8,9,10,11,12,13,14,15,20,22,23,25,26,30,31,33,35,39,40,42,46,48,51,53,54,57,67,80,82,84,85,86,92,93]",15,1114,69,0.0619389587073609,1
"[0,1,2,3,4,5,6,7,8,9,10,11,12,13,14,15,20,22,23,25,26,30,31,33,35,39,40,42,46,48,51,53,54,57,67,80,82,84,85,86,92,93]",20,1114,64,0.0574506283662478,1
"[0,1,2,3,4,5,6,7,8,9,10,11,12,13,14,15,20,22,23,25,26,30,31,33,35,39,40,42,46,48,51,53,54,57,67,80,82,84,85,86,92,93]",22,1114,5,0.00448833034111311,1
"[0,1,2,3,4,5,6,7,8,9,10,11,12,13,14,15,20,22,23,25,26,30,31,33,35,39,40,42,46,48,51,53,54,57,67,80,82,84,85,86,92,93]",23,1114,60,0.0538599640933573,1
"[0,1,2,3,4,5,6,7,8,9,10,11,12,13,14,15,20,22,23,25,26,30,31,33,35,39,40,42,46,48,51,53,54,57,67,80,82,84,85,86,92,93]",25,1114,14,0.0125673249551167,1
"[0,1,2,3,4,5,6,7,8,9,10,11,12,13,14,15,20,22,23,25,26,30,31,33,35,39,40,42,46,48,51,53,54,57,67,80,82,84,85,86,92,93]",26,1114,17,0.0152603231597846,1
"[0,1,2,3,4,5,6,7,8,9,10,11,12,13,14,15,20,22,23,25,26,30,31,33,35,39,40,42,46,48,51,53,54,57,67,80,82,84,85,86,92,93]",30,1114,4,0.00359066427289048,1
"[0,1,2,3,4,5,6,7,8,9,10,11,12,13,14,15,20,22,23,25,26,30,31,33,35,39,40,42,46,48,51,53,54,57,67,80,82,84,85,86,92,93]",31,1114,29,0.026032315978456,1
"[0,1,2,3,4,5,6,7,8,9,10,11,12,13,14,15,20,22,23,25,26,30,31,33,35,39,40,42,46,48,51,53,54,57,67,80,82,84,85,86,92,93]",33,1114,1,0.000897666068222621,1
"[0,1,2,3,4,5,6,7,8,9,10,11,12,13,14,15,20,22,23,25,26,30,31,33,35,39,40,42,46,48,51,53,54,57,67,80,82,84,85,86,92,93]",35,1114,6,0.00538599640933573,1
"[0,1,2,3,4,5,6,7,8,9,10,11,12,13,14,15,20,22,23,25,26,30,31,33,35,39,40,42,46,48,51,53,54,57,67,80,82,84,85,86,92,93]",39,1114,11,0.00987432675044883,1
"[0,1,2,3,4,5,6,7,8,9,10,11,12,13,14,15,20,22,23,25,26,30,31,33,35,39,40,42,46,48,51,53,54,57,67,80,82,84,85,86,92,93]",40,1114,6,0.00538599640933573,1
"[0,1,2,3,4,5,6,7,8,9,10,11,12,13,14,15,20,22,23,25,26,30,31,33,35,39,40,42,46,48,51,53,54,57,67,80,82,84,85,86,92,93]",42,1114,16,0.0143626570915619,1
"[0,1,2,3,4,5,6,7,8,9,10,11,12,13,14,15,20,22,23,25,26,30,31,33,35,39,40,42,46,48,51,53,54,57,67,80,82,84,85,86,92,93]",46,1114,22,0.0197486535008977,1
"[0,1,2,3,4,5,6,7,8,9,10,11,12,13,14,15,20,22,23,25,26,30,31,33,35,39,40,42,46,48,51,53,54,57,67,80,82,84,85,86,92,93]",48,1114,3,0.00269299820466786,1
"[0,1,2,3,4,5,6,7,8,9,10,11,12,13,14,15,20,22,23,25,26,30,31,33,35,39,40,42,46,48,51,53,54,57,67,80,82,84,85,86,92,93]",51,1114,6,0.00538599640933573,1
"[0,1,2,3,4,5,6,7,8,9,10,11,12,13,14,15,20,22,23,25,26,30,31,33,35,39,40,42,46,48,51,53,54,57,67,80,82,84,85,86,92,93]",53,1114,6,0.00538599640933573,1
"[0,1,2,3,4,5,6,7,8,9,10,11,12,13,14,15,20,22,23,25,26,30,31,33,35,39,40,42,46,48,51,53,54,57,67,80,82,84,85,86,92,93]",54,1114,1,0.000897666068222621,1
"[0,1,2,3,4,5,6,7,8,9,10,11,12,13,14,15,20,22,23,25,26,30,31,33,35,39,40,42,46,48,51,53,54,57,67,80,82,84,85,86,92,93]",57,1114,15,0.0134649910233393,1
"[0,1,2,3,4,5,6,7,8,9,10,11,12,13,14,15,20,22,23,25,26,30,31,33,35,39,40,42,46,48,51,53,54,57,67,80,82,84,85,86,92,93]",67,1114,10,0.00897666068222621,1
"[0,1,2,3,4,5,6,7,8,9,10,11,12,13,14,15,20,22,23,25,26,30,31,33,35,39,40,42,46,48,51,53,54,57,67,80,82,84,85,86,92,93]",80,1114,2,0.00179533213644524,1
"[0,1,2,3,4,5,6,7,8,9,10,11,12,13,14,15,20,22,23,25,26,30,31,33,35,39,40,42,46,48,51,53,54,57,67,80,82,84,85,86,92,93]",82,1114,5,0.00448833034111311,1
"[0,1,2,3,4,5,6,7,8,9,10,11,12,13,14,15,20,22,23,25,26,30,31,33,35,39,40,42,46,48,51,53,54,57,67,80,82,84,85,86,92,93]",84,1114,1,0.000897666068222621,1
"[0,1,2,3,4,5,6,7,8,9,10,11,12,13,14,15,20,22,23,25,26,30,31,33,35,39,40,42,46,48,51,53,54,57,67,80,82,84,85,86,92,93]",85,1114,4,0.00359066427289048,1
"[0,1,2,3,4,5,6,7,8,9,10,11,12,13,14,15,20,22,23,25,26,30,31,33,35,39,40,42,46,48,51,53,54,57,67,80,82,84,85,86,92,93]",86,1114,3,0.00269299820466786,1
"[0,1,2,3,4,5,6,7,8,9,10,11,12,13,14,15,20,22,23,25,26,30,31,33,35,39,40,42,46,48,51,53,54,57,67,80,82,84,85,86,92,93]",92,1114,1,0.000897666068222621,1
"[0,1,2,3,4,5,6,7,8,9,10,11,12,13,14,15,20,22,23,25,26,30,31,33,35,39,40,42,46,48,51,53,54,57,67,80,82,84,85,86,92,93]",93,1114,1,0.000897666068222621,1
"[0,1,2,3,4,5,6,7,8,9,10,11,12,13,14,15,20,22,23,25,26,30,31,33,35,39,40,42,46,48,51,53,57,58,67,71,80,82,85,86,92]",0,1705,8,0.00469208211143695,1
"[0,1,2,3,4,5,6,7,8,9,10,11,12,13,14,15,20,22,23,25,26,30,31,33,35,39,40,42,46,48,51,53,57,58,67,71,80,82,85,86,92]",1,1705,25,0.0146627565982405,1
"[0,1,2,3,4,5,6,7,8,9,10,11,12,13,14,15,20,22,23,25,26,30,31,33,35,39,40,42,46,48,51,53,57,58,67,71,80,82,85,86,92]",2,1705,72,0.0422287390029326,1
"[0,1,2,3,4,5,6,7,8,9,10,11,12,13,14,15,20,22,23,25,26,30,31,33,35,39,40,42,46,48,51,53,57,58,67,71,80,82,85,86,92]",3,1705,15,0.00879765395894428,1
"[0,1,2,3,4,5,6,7,8,9,10,11,12,13,14,15,20,22,23,25,26,30,31,33,35,39,40,42,46,48,51,53,57,58,67,71,80,82,85,86,92]",4,1705,35,0.0205278592375367,1
"[0,1,2,3,4,5,6,7,8,9,10,11,12,13,14,15,20,22,23,25,26,30,31,33,35,39,40,42,46,48,51,53,57,58,67,71,80,82,85,86,92]",5,1705,8,0.00469208211143695,1
"[0,1,2,3,4,5,6,7,8,9,10,11,12,13,14,15,20,22,23,25,26,30,31,33,35,39,40,42,46,48,51,53,57,58,67,71,80,82,85,86,92]",6,1705,8,0.00469208211143695,1
"[0,1,2,3,4,5,6,7,8,9,10,11,12,13,14,15,20,22,23,25,26,30,31,33,35,39,40,42,46,48,51,53,57,58,67,71,80,82,85,86,92]",7,1705,165,0.0967741935483871,1
"[0,1,2,3,4,5,6,7,8,9,10,11,12,13,14,15,20,22,23,25,26,30,31,33,35,39,40,42,46,48,51,53,57,58,67,71,80,82,85,86,92]",8,1705,4,0.00234604105571848,1
"[0,1,2,3,4,5,6,7,8,9,10,11,12,13,14,15,20,22,23,25,26,30,31,33,35,39,40,42,46,48,51,53,57,58,67,71,80,82,85,86,92]",9,1705,32,0.0187683284457478,1
"[0,1,2,3,4,5,6,7,8,9,10,11,12,13,14,15,20,22,23,25,26,30,31,33,35,39,40,42,46,48,51,53,57,58,67,71,80,82,85,86,92]",10,1705,20,0.0117302052785924,1
"[0,1,2,3,4,5,6,7,8,9,10,11,12,13,14,15,20,22,23,25,26,30,31,33,35,39,40,42,46,48,51,53,57,58,67,71,80,82,85,86,92]",11,1705,48,0.0281524926686217,1
"[0,1,2,3,4,5,6,7,8,9,10,11,12,13,14,15,20,22,23,25,26,30,31,33,35,39,40,42,46,48,51,53,57,58,67,71,80,82,85,86,92]",12,1705,10,0.00586510263929619,1
"[0,1,2,3,4,5,6,7,8,9,10,11,12,13,14,15,20,22,23,25,26,30,31,33,35,39,40,42,46,48,51,53,57,58,67,71,80,82,85,86,92]",13,1705,29,0.0170087976539589,1
"[0,1,2,3,4,5,6,7,8,9,10,11,12,13,14,15,20,22,23,25,26,30,31,33,35,39,40,42,46,48,51,53,57,58,67,71,80,82,85,86,92]",14,1705,7,0.00410557184750733,1
"[0,1,2,3,4,5,6,7,8,9,10,11,12,13,14,15,20,22,23,25,26,30,31,33,35,39,40,42,46,48,51,53,57,58,67,71,80,82,85,86,92]",15,1705,30,0.0175953079178886,1
"[0,1,2,3,4,5,6,7,8,9,10,11,12,13,14,15,20,22,23,25,26,30,31,33,35,39,40,42,46,48,51,53,57,58,67,71,80,82,85,86,92]",20,1705,38,0.0222873900293255,1
"[0,1,2,3,4,5,6,7,8,9,10,11,12,13,14,15,20,22,23,25,26,30,31,33,35,39,40,42,46,48,51,53,57,58,67,71,80,82,85,86,92]",22,1705,27,0.0158357771260997,1
"[0,1,2,3,4,5,6,7,8,9,10,11,12,13,14,15,20,22,23,25,26,30,31,33,35,39,40,42,46,48,51,53,57,58,67,71,80,82,85,86,92]",23,1705,23,0.0134897360703812,1
"[0,1,2,3,4,5,6,7,8,9,10,11,12,13,14,15,20,22,23,25,26,30,31,33,35,39,40,42,46,48,51,53,57,58,67,71,80,82,85,86,92]",25,1705,9,0.00527859237536657,1
"[0,1,2,3,4,5,6,7,8,9,10,11,12,13,14,15,20,22,23,25,26,30,31,33,35,39,40,42,46,48,51,53,57,58,67,71,80,82,85,86,92]",26,1705,11,0.00645161290322581,1
"[0,1,2,3,4,5,6,7,8,9,10,11,12,13,14,15,20,22,23,25,26,30,31,33,35,39,40,42,46,48,51,53,57,58,67,71,80,82,85,86,92]",30,1705,30,0.0175953079178886,1
"[0,1,2,3,4,5,6,7,8,9,10,11,12,13,14,15,20,22,23,25,26,30,31,33,35,39,40,42,46,48,51,53,57,58,67,71,80,82,85,86,92]",31,1705,9,0.00527859237536657,1
"[0,1,2,3,4,5,6,7,8,9,10,11,12,13,14,15,20,22,23,25,26,30,31,33,35,39,40,42,46,48,51,53,57,58,67,71,80,82,85,86,92]",33,1705,3,0.00175953079178886,1
"[0,1,2,3,4,5,6,7,8,9,10,11,12,13,14,15,20,22,23,25,26,30,31,33,35,39,40,42,46,48,51,53,57,58,67,71,80,82,85,86,92]",35,1705,8,0.00469208211143695,1
"[0,1,2,3,4,5,6,7,8,9,10,11,12,13,14,15,20,22,23,25,26,30,31,33,35,39,40,42,46,48,51,53,57,58,67,71,80,82,85,86,92]",39,1705,9,0.00527859237536657,1
"[0,1,2,3,4,5,6,7,8,9,10,11,12,13,14,15,20,22,23,25,26,30,31,33,35,39,40,42,46,48,51,53,57,58,67,71,80,82,85,86,92]",40,1705,1,0.000586510263929619,1
"[0,1,2,3,4,5,6,7,8,9,10,11,12,13,14,15,20,22,23,25,26,30,31,33,35,39,40,42,46,48,51,53,57,58,67,71,80,82,85,86,92]",42,1705,13,0.00762463343108504,1
"[0,1,2,3,4,5,6,7,8,9,10,11,12,13,14,15,20,22,23,25,26,30,31,33,35,39,40,42,46,48,51,53,57,58,67,71,80,82,85,86,92]",46,1705,17,0.00997067448680352,1
"[0,1,2,3,4,5,6,7,8,9,10,11,12,13,14,15,20,22,23,25,26,30,31,33,35,39,40,42,46,48,51,53,57,58,67,71,80,82,85,86,92]",48,1705,5,0.00293255131964809,1
"[0,1,2,3,4,5,6,7,8,9,10,11,12,13,14,15,20,22,23,25,26,30,31,33,35,39,40,42,46,48,51,53,57,58,67,71,80,82,85,86,92]",51,1705,4,0.00234604105571848,1
"[0,1,2,3,4,5,6,7,8,9,10,11,12,13,14,15,20,22,23,25,26,30,31,33,35,39,40,42,46,48,51,53,57,58,67,71,80,82,85,86,92]",53,1705,6,0.00351906158357771,1
"[0,1,2,3,4,5,6,7,8,9,10,11,12,13,14,15,20,22,23,25,26,30,31,33,35,39,40,42,46,48,51,53,57,58,67,71,80,82,85,86,92]",57,1705,8,0.00469208211143695,1
"[0,1,2,3,4,5,6,7,8,9,10,11,12,13,14,15,20,22,23,25,26,30,31,33,35,39,40,42,46,48,51,53,57,58,67,71,80,82,85,86,92]",58,1705,9,0.00527859237536657,1
"[0,1,2,3,4,5,6,7,8,9,10,11,12,13,14,15,20,22,23,25,26,30,31,33,35,39,40,42,46,48,51,53,57,58,67,71,80,82,85,86,92]",67,1705,930,0.545454545454545,1
"[0,1,2,3,4,5,6,7,8,9,10,11,12,13,14,15,20,22,23,25,26,30,31,33,35,39,40,42,46,48,51,53,57,58,67,71,80,82,85,86,92]",71,1705,6,0.00351906158357771,1
"[0,1,2,3,4,5,6,7,8,9,10,11,12,13,14,15,20,22,23,25,26,30,31,33,35,39,40,42,46,48,51,53,57,58,67,71,80,82,85,86,92]",80,1705,4,0.00234604105571848,1
"[0,1,2,3,4,5,6,7,8,9,10,11,12,13,14,15,20,22,23,25,26,30,31,33,35,39,40,42,46,48,51,53,57,58,67,71,80,82,85,86,92]",82,1705,4,0.00234604105571848,1
"[0,1,2,3,4,5,6,7,8,9,10,11,12,13,14,15,20,22,23,25,26,30,31,33,35,39,40,42,46,48,51,53,57,58,67,71,80,82,85,86,92]",85,1705,5,0.00293255131964809,1
"[0,1,2,3,4,5,6,7,8,9,10,11,12,13,14,15,20,22,23,25,26,30,31,33,35,39,40,42,46,48,51,53,57,58,67,71,80,82,85,86,92]",86,1705,3,0.00175953079178886,1
"[0,1,2,3,4,5,6,7,8,9,10,11,12,13,14,15,20,22,23,25,26,30,31,33,35,39,40,42,46,48,51,53,57,58,67,71,80,82,85,86,92]",92,1705,7,0.00410557184750733,1
"[0,1,2,3,4,5,6,7,8,9,10,11,12,13,14,15,20,22,23,25,26,30,31,33,35,39,40,42,46,48,51,53,57,58,67,71,80,82,85,86,93]",0,1016,7,0.00688976377952756,1
"[0,1,2,3,4,5,6,7,8,9,10,11,12,13,14,15,20,22,23,25,26,30,31,33,35,39,40,42,46,48,51,53,57,58,67,71,80,82,85,86,93]",1,1016,33,0.0324803149606299,1
"[0,1,2,3,4,5,6,7,8,9,10,11,12,13,14,15,20,22,23,25,26,30,31,33,35,39,40,42,46,48,51,53,57,58,67,71,80,82,85,86,93]",2,1016,79,0.077755905511811,1
"[0,1,2,3,4,5,6,7,8,9,10,11,12,13,14,15,20,22,23,25,26,30,31,33,35,39,40,42,46,48,51,53,57,58,67,71,80,82,85,86,93]",3,1016,8,0.0078740157480315,1
"[0,1,2,3,4,5,6,7,8,9,10,11,12,13,14,15,20,22,23,25,26,30,31,33,35,39,40,42,46,48,51,53,57,58,67,71,80,82,85,86,93]",4,1016,128,0.125984251968504,1
"[0,1,2,3,4,5,6,7,8,9,10,11,12,13,14,15,20,22,23,25,26,30,31,33,35,39,40,42,46,48,51,53,57,58,67,71,80,82,85,86,93]",5,1016,29,0.0285433070866142,1
"[0,1,2,3,4,5,6,7,8,9,10,11,12,13,14,15,20,22,23,25,26,30,31,33,35,39,40,42,46,48,51,53,57,58,67,71,80,82,85,86,93]",6,1016,14,0.0137795275590551,1
"[0,1,2,3,4,5,6,7,8,9,10,11,12,13,14,15,20,22,23,25,26,30,31,33,35,39,40,42,46,48,51,53,57,58,67,71,80,82,85,86,93]",7,1016,169,0.166338582677165,1
"[0,1,2,3,4,5,6,7,8,9,10,11,12,13,14,15,20,22,23,25,26,30,31,33,35,39,40,42,46,48,51,53,57,58,67,71,80,82,85,86,93]",8,1016,15,0.0147637795275591,1
"[0,1,2,3,4,5,6,7,8,9,10,11,12,13,14,15,20,22,23,25,26,30,31,33,35,39,40,42,46,48,51,53,57,58,67,71,80,82,85,86,93]",9,1016,20,0.0196850393700787,1
"[0,1,2,3,4,5,6,7,8,9,10,11,12,13,14,15,20,22,23,25,26,30,31,33,35,39,40,42,46,48,51,53,57,58,67,71,80,82,85,86,93]",10,1016,22,0.0216535433070866,1
"[0,1,2,3,4,5,6,7,8,9,10,11,12,13,14,15,20,22,23,25,26,30,31,33,35,39,40,42,46,48,51,53,57,58,67,71,80,82,85,86,93]",11,1016,25,0.0246062992125984,1
"[0,1,2,3,4,5,6,7,8,9,10,11,12,13,14,15,20,22,23,25,26,30,31,33,35,39,40,42,46,48,51,53,57,58,67,71,80,82,85,86,93]",12,1016,12,0.0118110236220472,1
"[0,1,2,3,4,5,6,7,8,9,10,11,12,13,14,15,20,22,23,25,26,30,31,33,35,39,40,42,46,48,51,53,57,58,67,71,80,82,85,86,93]",13,1016,35,0.0344488188976378,1
"[0,1,2,3,4,5,6,7,8,9,10,11,12,13,14,15,20,22,23,25,26,30,31,33,35,39,40,42,46,48,51,53,57,58,67,71,80,82,85,86,93]",14,1016,3,0.00295275590551181,1
"[0,1,2,3,4,5,6,7,8,9,10,11,12,13,14,15,20,22,23,25,26,30,31,33,35,39,40,42,46,48,51,53,57,58,67,71,80,82,85,86,93]",15,1016,43,0.0423228346456693,1
"[0,1,2,3,4,5,6,7,8,9,10,11,12,13,14,15,20,22,23,25,26,30,31,33,35,39,40,42,46,48,51,53,57,58,67,71,80,82,85,86,93]",20,1016,65,0.0639763779527559,1
"[0,1,2,3,4,5,6,7,8,9,10,11,12,13,14,15,20,22,23,25,26,30,31,33,35,39,40,42,46,48,51,53,57,58,67,71,80,82,85,86,93]",22,1016,2,0.00196850393700787,1
"[0,1,2,3,4,5,6,7,8,9,10,11,12,13,14,15,20,22,23,25,26,30,31,33,35,39,40,42,46,48,51,53,57,58,67,71,80,82,85,86,93]",23,1016,26,0.0255905511811024,1
"[0,1,2,3,4,5,6,7,8,9,10,11,12,13,14,15,20,22,23,25,26,30,31,33,35,39,40,42,46,48,51,53,57,58,67,71,80,82,85,86,93]",25,1016,10,0.00984251968503937,1
"[0,1,2,3,4,5,6,7,8,9,10,11,12,13,14,15,20,22,23,25,26,30,31,33,35,39,40,42,46,48,51,53,57,58,67,71,80,82,85,86,93]",26,1016,23,0.0226377952755906,1
"[0,1,2,3,4,5,6,7,8,9,10,11,12,13,14,15,20,22,23,25,26,30,31,33,35,39,40,42,46,48,51,53,57,58,67,71,80,82,85,86,93]",30,1016,10,0.00984251968503937,1
"[0,1,2,3,4,5,6,7,8,9,10,11,12,13,14,15,20,22,23,25,26,30,31,33,35,39,40,42,46,48,51,53,57,58,67,71,80,82,85,86,93]",31,1016,15,0.0147637795275591,1
"[0,1,2,3,4,5,6,7,8,9,10,11,12,13,14,15,20,22,23,25,26,30,31,33,35,39,40,42,46,48,51,53,57,58,67,71,80,82,85,86,93]",33,1016,2,0.00196850393700787,1
"[0,1,2,3,4,5,6,7,8,9,10,11,12,13,14,15,20,22,23,25,26,30,31,33,35,39,40,42,46,48,51,53,57,58,67,71,80,82,85,86,93]",35,1016,8,0.0078740157480315,1
"[0,1,2,3,4,5,6,7,8,9,10,11,12,13,14,15,20,22,23,25,26,30,31,33,35,39,40,42,46,48,51,53,57,58,67,71,80,82,85,86,93]",39,1016,12,0.0118110236220472,1
"[0,1,2,3,4,5,6,7,8,9,10,11,12,13,14,15,20,22,23,25,26,30,31,33,35,39,40,42,46,48,51,53,57,58,67,71,80,82,85,86,93]",40,1016,4,0.00393700787401575,1
"[0,1,2,3,4,5,6,7,8,9,10,11,12,13,14,15,20,22,23,25,26,30,31,33,35,39,40,42,46,48,51,53,57,58,67,71,80,82,85,86,93]",42,1016,33,0.0324803149606299,1
"[0,1,2,3,4,5,6,7,8,9,10,11,12,13,14,15,20,22,23,25,26,30,31,33,35,39,40,42,46,48,51,53,57,58,67,71,80,82,85,86,93]",46,1016,13,0.0127952755905512,1
"[0,1,2,3,4,5,6,7,8,9,10,11,12,13,14,15,20,22,23,25,26,30,31,33,35,39,40,42,46,48,51,53,57,58,67,71,80,82,85,86,93]",48,1016,2,0.00196850393700787,1
"[0,1,2,3,4,5,6,7,8,9,10,11,12,13,14,15,20,22,23,25,26,30,31,33,35,39,40,42,46,48,51,53,57,58,67,71,80,82,85,86,93]",51,1016,5,0.00492125984251968,1
"[0,1,2,3,4,5,6,7,8,9,10,11,12,13,14,15,20,22,23,25,26,30,31,33,35,39,40,42,46,48,51,53,57,58,67,71,80,82,85,86,93]",53,1016,2,0.00196850393700787,1
"[0,1,2,3,4,5,6,7,8,9,10,11,12,13,14,15,20,22,23,25,26,30,31,33,35,39,40,42,46,48,51,53,57,58,67,71,80,82,85,86,93]",57,1016,9,0.00885826771653543,1
"[0,1,2,3,4,5,6,7,8,9,10,11,12,13,14,15,20,22,23,25,26,30,31,33,35,39,40,42,46,48,51,53,57,58,67,71,80,82,85,86,93]",58,1016,7,0.00688976377952756,1
"[0,1,2,3,4,5,6,7,8,9,10,11,12,13,14,15,20,22,23,25,26,30,31,33,35,39,40,42,46,48,51,53,57,58,67,71,80,82,85,86,93]",67,1016,106,0.104330708661417,1
"[0,1,2,3,4,5,6,7,8,9,10,11,12,13,14,15,20,22,23,25,26,30,31,33,35,39,40,42,46,48,51,53,57,58,67,71,80,82,85,86,93]",71,1016,3,0.00295275590551181,1
"[0,1,2,3,4,5,6,7,8,9,10,11,12,13,14,15,20,22,23,25,26,30,31,33,35,39,40,42,46,48,51,53,57,58,67,71,80,82,85,86,93]",80,1016,1,0.000984251968503937,1
"[0,1,2,3,4,5,6,7,8,9,10,11,12,13,14,15,20,22,23,25,26,30,31,33,35,39,40,42,46,48,51,53,57,58,67,71,80,82,85,86,93]",82,1016,6,0.00590551181102362,1
"[0,1,2,3,4,5,6,7,8,9,10,11,12,13,14,15,20,22,23,25,26,30,31,33,35,39,40,42,46,48,51,53,57,58,67,71,80,82,85,86,93]",85,1016,3,0.00295275590551181,1
"[0,1,2,3,4,5,6,7,8,9,10,11,12,13,14,15,20,22,23,25,26,30,31,33,35,39,40,42,46,48,51,53,57,58,67,71,80,82,85,86,93]",86,1016,4,0.00393700787401575,1
"[0,1,2,3,4,5,6,7,8,9,10,11,12,13,14,15,20,22,23,25,26,30,31,33,35,39,40,42,46,48,51,53,57,58,67,71,80,82,85,86,93]",93,1016,3,0.00295275590551181,1
"[0,1,2,3,4,5,6,7,8,9,10,11,12,13,14,15,20,22,23,25,26,30,31,33,35,39,40,42,46,48,51,53,57,58,67,80,82,84,85,86,93]",0,951,7,0.00736067297581493,1
"[0,1,2,3,4,5,6,7,8,9,10,11,12,13,14,15,20,22,23,25,26,30,31,33,35,39,40,42,46,48,51,53,57,58,67,80,82,84,85,86,93]",1,951,27,0.028391167192429,1
"[0,1,2,3,4,5,6,7,8,9,10,11,12,13,14,15,20,22,23,25,26,30,31,33,35,39,40,42,46,48,51,53,57,58,67,80,82,84,85,86,93]",2,951,97,0.101997896950578,1
"[0,1,2,3,4,5,6,7,8,9,10,11,12,13,14,15,20,22,23,25,26,30,31,33,35,39,40,42,46,48,51,53,57,58,67,80,82,84,85,86,93]",3,951,29,0.0304942166140904,1
"[0,1,2,3,4,5,6,7,8,9,10,11,12,13,14,15,20,22,23,25,26,30,31,33,35,39,40,42,46,48,51,53,57,58,67,80,82,84,85,86,93]",4,951,28,0.0294426919032597,1
"[0,1,2,3,4,5,6,7,8,9,10,11,12,13,14,15,20,22,23,25,26,30,31,33,35,39,40,42,46,48,51,53,57,58,67,80,82,84,85,86,93]",5,951,31,0.0325972660357518,1
"[0,1,2,3,4,5,6,7,8,9,10,11,12,13,14,15,20,22,23,25,26,30,31,33,35,39,40,42,46,48,51,53,57,58,67,80,82,84,85,86,93]",6,951,28,0.0294426919032597,1
"[0,1,2,3,4,5,6,7,8,9,10,11,12,13,14,15,20,22,23,25,26,30,31,33,35,39,40,42,46,48,51,53,57,58,67,80,82,84,85,86,93]",7,951,162,0.170347003154574,1
"[0,1,2,3,4,5,6,7,8,9,10,11,12,13,14,15,20,22,23,25,26,30,31,33,35,39,40,42,46,48,51,53,57,58,67,80,82,84,85,86,93]",8,951,17,0.017875920084122,1
"[0,1,2,3,4,5,6,7,8,9,10,11,12,13,14,15,20,22,23,25,26,30,31,33,35,39,40,42,46,48,51,53,57,58,67,80,82,84,85,86,93]",9,951,39,0.0410094637223975,1
"[0,1,2,3,4,5,6,7,8,9,10,11,12,13,14,15,20,22,23,25,26,30,31,33,35,39,40,42,46,48,51,53,57,58,67,80,82,84,85,86,93]",10,951,32,0.0336487907465825,1
"[0,1,2,3,4,5,6,7,8,9,10,11,12,13,14,15,20,22,23,25,26,30,31,33,35,39,40,42,46,48,51,53,57,58,67,80,82,84,85,86,93]",11,951,43,0.0452155625657203,1
"[0,1,2,3,4,5,6,7,8,9,10,11,12,13,14,15,20,22,23,25,26,30,31,33,35,39,40,42,46,48,51,53,57,58,67,80,82,84,85,86,93]",12,951,18,0.0189274447949527,1
"[0,1,2,3,4,5,6,7,8,9,10,11,12,13,14,15,20,22,23,25,26,30,31,33,35,39,40,42,46,48,51,53,57,58,67,80,82,84,85,86,93]",13,951,56,0.0588853838065195,1
"[0,1,2,3,4,5,6,7,8,9,10,11,12,13,14,15,20,22,23,25,26,30,31,33,35,39,40,42,46,48,51,53,57,58,67,80,82,84,85,86,93]",14,951,7,0.00736067297581493,1
"[0,1,2,3,4,5,6,7,8,9,10,11,12,13,14,15,20,22,23,25,26,30,31,33,35,39,40,42,46,48,51,53,57,58,67,80,82,84,85,86,93]",15,951,30,0.0315457413249211,1
"[0,1,2,3,4,5,6,7,8,9,10,11,12,13,14,15,20,22,23,25,26,30,31,33,35,39,40,42,46,48,51,53,57,58,67,80,82,84,85,86,93]",20,951,72,0.0757097791798107,1
"[0,1,2,3,4,5,6,7,8,9,10,11,12,13,14,15,20,22,23,25,26,30,31,33,35,39,40,42,46,48,51,53,57,58,67,80,82,84,85,86,93]",22,951,3,0.00315457413249211,1
"[0,1,2,3,4,5,6,7,8,9,10,11,12,13,14,15,20,22,23,25,26,30,31,33,35,39,40,42,46,48,51,53,57,58,67,80,82,84,85,86,93]",23,951,27,0.028391167192429,1
"[0,1,2,3,4,5,6,7,8,9,10,11,12,13,14,15,20,22,23,25,26,30,31,33,35,39,40,42,46,48,51,53,57,58,67,80,82,84,85,86,93]",25,951,23,0.0241850683491062,1
"[0,1,2,3,4,5,6,7,8,9,10,11,12,13,14,15,20,22,23,25,26,30,31,33,35,39,40,42,46,48,51,53,57,58,67,80,82,84,85,86,93]",26,951,21,0.0220820189274448,1
"[0,1,2,3,4,5,6,7,8,9,10,11,12,13,14,15,20,22,23,25,26,30,31,33,35,39,40,42,46,48,51,53,57,58,67,80,82,84,85,86,93]",30,951,7,0.00736067297581493,1
"[0,1,2,3,4,5,6,7,8,9,10,11,12,13,14,15,20,22,23,25,26,30,31,33,35,39,40,42,46,48,51,53,57,58,67,80,82,84,85,86,93]",31,951,13,0.0136698212407992,1
"[0,1,2,3,4,5,6,7,8,9,10,11,12,13,14,15,20,22,23,25,26,30,31,33,35,39,40,42,46,48,51,53,57,58,67,80,82,84,85,86,93]",33,951,3,0.00315457413249211,1
"[0,1,2,3,4,5,6,7,8,9,10,11,12,13,14,15,20,22,23,25,26,30,31,33,35,39,40,42,46,48,51,53,57,58,67,80,82,84,85,86,93]",35,951,8,0.00841219768664564,1
"[0,1,2,3,4,5,6,7,8,9,10,11,12,13,14,15,20,22,23,25,26,30,31,33,35,39,40,42,46,48,51,53,57,58,67,80,82,84,85,86,93]",39,951,15,0.0157728706624606,1
"[0,1,2,3,4,5,6,7,8,9,10,11,12,13,14,15,20,22,23,25,26,30,31,33,35,39,40,42,46,48,51,53,57,58,67,80,82,84,85,86,93]",40,951,1,0.0010515247108307,1
"[0,1,2,3,4,5,6,7,8,9,10,11,12,13,14,15,20,22,23,25,26,30,31,33,35,39,40,42,46,48,51,53,57,58,67,80,82,84,85,86,93]",42,951,29,0.0304942166140904,1
"[0,1,2,3,4,5,6,7,8,9,10,11,12,13,14,15,20,22,23,25,26,30,31,33,35,39,40,42,46,48,51,53,57,58,67,80,82,84,85,86,93]",46,951,23,0.0241850683491062,1
"[0,1,2,3,4,5,6,7,8,9,10,11,12,13,14,15,20,22,23,25,26,30,31,33,35,39,40,42,46,48,51,53,57,58,67,80,82,84,85,86,93]",48,951,8,0.00841219768664564,1
"[0,1,2,3,4,5,6,7,8,9,10,11,12,13,14,15,20,22,23,25,26,30,31,33,35,39,40,42,46,48,51,53,57,58,67,80,82,84,85,86,93]",51,951,3,0.00315457413249211,1
"[0,1,2,3,4,5,6,7,8,9,10,11,12,13,14,15,20,22,23,25,26,30,31,33,35,39,40,42,46,48,51,53,57,58,67,80,82,84,85,86,93]",53,951,3,0.00315457413249211,1
"[0,1,2,3,4,5,6,7,8,9,10,11,12,13,14,15,20,22,23,25,26,30,31,33,35,39,40,42,46,48,51,53,57,58,67,80,82,84,85,86,93]",57,951,5,0.00525762355415352,1
"[0,1,2,3,4,5,6,7,8,9,10,11,12,13,14,15,20,22,23,25,26,30,31,33,35,39,40,42,46,48,51,53,57,58,67,80,82,84,85,86,93]",58,951,1,0.0010515247108307,1
"[0,1,2,3,4,5,6,7,8,9,10,11,12,13,14,15,20,22,23,25,26,30,31,33,35,39,40,42,46,48,51,53,57,58,67,80,82,84,85,86,93]",67,951,8,0.00841219768664564,1
"[0,1,2,3,4,5,6,7,8,9,10,11,12,13,14,15,20,22,23,25,26,30,31,33,35,39,40,42,46,48,51,53,57,58,67,80,82,84,85,86,93]",80,951,3,0.00315457413249211,1
"[0,1,2,3,4,5,6,7,8,9,10,11,12,13,14,15,20,22,23,25,26,30,31,33,35,39,40,42,46,48,51,53,57,58,67,80,82,84,85,86,93]",82,951,8,0.00841219768664564,1
"[0,1,2,3,4,5,6,7,8,9,10,11,12,13,14,15,20,22,23,25,26,30,31,33,35,39,40,42,46,48,51,53,57,58,67,80,82,84,85,86,93]",84,951,3,0.00315457413249211,1
"[0,1,2,3,4,5,6,7,8,9,10,11,12,13,14,15,20,22,23,25,26,30,31,33,35,39,40,42,46,48,51,53,57,58,67,80,82,84,85,86,93]",85,951,8,0.00841219768664564,1
"[0,1,2,3,4,5,6,7,8,9,10,11,12,13,14,15,20,22,23,25,26,30,31,33,35,39,40,42,46,48,51,53,57,58,67,80,82,84,85,86,93]",86,951,4,0.00420609884332282,1
"[0,1,2,3,4,5,6,7,8,9,10,11,12,13,14,15,20,22,23,25,26,30,31,33,35,39,40,42,46,48,51,53,57,58,67,80,82,84,85,86,93]",93,951,1,0.0010515247108307,1
"[0,1,2,3,4,5,6,7,8,9,10,11,12,13,14,15,20,22,23,25,26,30,31,33,35,39,40,42,46,48,51,53,57,58,67,80,82,84,86,92,93]",0,2401,11,0.00458142440649729,1
"[0,1,2,3,4,5,6,7,8,9,10,11,12,13,14,15,20,22,23,25,26,30,31,33,35,39,40,42,46,48,51,53,57,58,67,80,82,84,86,92,93]",1,2401,13,0.00541441066222407,1
"[0,1,2,3,4,5,6,7,8,9,10,11,12,13,14,15,20,22,23,25,26,30,31,33,35,39,40,42,46,48,51,53,57,58,67,80,82,84,86,92,93]",2,2401,62,0.0258225739275302,1
"[0,1,2,3,4,5,6,7,8,9,10,11,12,13,14,15,20,22,23,25,26,30,31,33,35,39,40,42,46,48,51,53,57,58,67,80,82,84,86,92,93]",3,2401,13,0.00541441066222407,1
"[0,1,2,3,4,5,6,7,8,9,10,11,12,13,14,15,20,22,23,25,26,30,31,33,35,39,40,42,46,48,51,53,57,58,67,80,82,84,86,92,93]",4,2401,132,0.0549770928779675,1
"[0,1,2,3,4,5,6,7,8,9,10,11,12,13,14,15,20,22,23,25,26,30,31,33,35,39,40,42,46,48,51,53,57,58,67,80,82,84,86,92,93]",5,2401,30,0.0124947938359017,1
"[0,1,2,3,4,5,6,7,8,9,10,11,12,13,14,15,20,22,23,25,26,30,31,33,35,39,40,42,46,48,51,53,57,58,67,80,82,84,86,92,93]",6,2401,23,0.00957934194085798,1
"[0,1,2,3,4,5,6,7,8,9,10,11,12,13,14,15,20,22,23,25,26,30,31,33,35,39,40,42,46,48,51,53,57,58,67,80,82,84,86,92,93]",7,2401,1174,0.48896293211162,1
"[0,1,2,3,4,5,6,7,8,9,10,11,12,13,14,15,20,22,23,25,26,30,31,33,35,39,40,42,46,48,51,53,57,58,67,80,82,84,86,92,93]",8,2401,16,0.00666389004581424,1
"[0,1,2,3,4,5,6,7,8,9,10,11,12,13,14,15,20,22,23,25,26,30,31,33,35,39,40,42,46,48,51,53,57,58,67,80,82,84,86,92,93]",9,2401,139,0.0578925447730112,1
"[0,1,2,3,4,5,6,7,8,9,10,11,12,13,14,15,20,22,23,25,26,30,31,33,35,39,40,42,46,48,51,53,57,58,67,80,82,84,86,92,93]",10,2401,88,0.0366513952519783,1
"[0,1,2,3,4,5,6,7,8,9,10,11,12,13,14,15,20,22,23,25,26,30,31,33,35,39,40,42,46,48,51,53,57,58,67,80,82,84,86,92,93]",11,2401,166,0.0691378592253228,1
"[0,1,2,3,4,5,6,7,8,9,10,11,12,13,14,15,20,22,23,25,26,30,31,33,35,39,40,42,46,48,51,53,57,58,67,80,82,84,86,92,93]",12,2401,5,0.00208246563931695,1
"[0,1,2,3,4,5,6,7,8,9,10,11,12,13,14,15,20,22,23,25,26,30,31,33,35,39,40,42,46,48,51,53,57,58,67,80,82,84,86,92,93]",13,2401,246,0.102457309454394,1
"[0,1,2,3,4,5,6,7,8,9,10,11,12,13,14,15,20,22,23,25,26,30,31,33,35,39,40,42,46,48,51,53,57,58,67,80,82,84,86,92,93]",14,2401,10,0.0041649312786339,1
"[0,1,2,3,4,5,6,7,8,9,10,11,12,13,14,15,20,22,23,25,26,30,31,33,35,39,40,42,46,48,51,53,57,58,67,80,82,84,86,92,93]",15,2401,21,0.0087463556851312,1
"[0,1,2,3,4,5,6,7,8,9,10,11,12,13,14,15,20,22,23,25,26,30,31,33,35,39,40,42,46,48,51,53,57,58,67,80,82,84,86,92,93]",20,2401,36,0.014993752603082,1
"[0,1,2,3,4,5,6,7,8,9,10,11,12,13,14,15,20,22,23,25,26,30,31,33,35,39,40,42,46,48,51,53,57,58,67,80,82,84,86,92,93]",22,2401,10,0.0041649312786339,1
"[0,1,2,3,4,5,6,7,8,9,10,11,12,13,14,15,20,22,23,25,26,30,31,33,35,39,40,42,46,48,51,53,57,58,67,80,82,84,86,92,93]",23,2401,17,0.00708038317367763,1
"[0,1,2,3,4,5,6,7,8,9,10,11,12,13,14,15,20,22,23,25,26,30,31,33,35,39,40,42,46,48,51,53,57,58,67,80,82,84,86,92,93]",25,2401,18,0.00749687630154102,1
"[0,1,2,3,4,5,6,7,8,9,10,11,12,13,14,15,20,22,23,25,26,30,31,33,35,39,40,42,46,48,51,53,57,58,67,80,82,84,86,92,93]",26,2401,24,0.00999583506872137,1
"[0,1,2,3,4,5,6,7,8,9,10,11,12,13,14,15,20,22,23,25,26,30,31,33,35,39,40,42,46,48,51,53,57,58,67,80,82,84,86,92,93]",30,2401,8,0.00333194502290712,1
"[0,1,2,3,4,5,6,7,8,9,10,11,12,13,14,15,20,22,23,25,26,30,31,33,35,39,40,42,46,48,51,53,57,58,67,80,82,84,86,92,93]",31,2401,12,0.00499791753436068,1
"[0,1,2,3,4,5,6,7,8,9,10,11,12,13,14,15,20,22,23,25,26,30,31,33,35,39,40,42,46,48,51,53,57,58,67,80,82,84,86,92,93]",33,2401,4,0.00166597251145356,1
"[0,1,2,3,4,5,6,7,8,9,10,11,12,13,14,15,20,22,23,25,26,30,31,33,35,39,40,42,46,48,51,53,57,58,67,80,82,84,86,92,93]",35,2401,10,0.0041649312786339,1
"[0,1,2,3,4,5,6,7,8,9,10,11,12,13,14,15,20,22,23,25,26,30,31,33,35,39,40,42,46,48,51,53,57,58,67,80,82,84,86,92,93]",39,2401,14,0.00583090379008746,1
"[0,1,2,3,4,5,6,7,8,9,10,11,12,13,14,15,20,22,23,25,26,30,31,33,35,39,40,42,46,48,51,53,57,58,67,80,82,84,86,92,93]",40,2401,5,0.00208246563931695,1
"[0,1,2,3,4,5,6,7,8,9,10,11,12,13,14,15,20,22,23,25,26,30,31,33,35,39,40,42,46,48,51,53,57,58,67,80,82,84,86,92,93]",42,2401,27,0.0112453144523115,1
"[0,1,2,3,4,5,6,7,8,9,10,11,12,13,14,15,20,22,23,25,26,30,31,33,35,39,40,42,46,48,51,53,57,58,67,80,82,84,86,92,93]",46,2401,14,0.00583090379008746,1
"[0,1,2,3,4,5,6,7,8,9,10,11,12,13,14,15,20,22,23,25,26,30,31,33,35,39,40,42,46,48,51,53,57,58,67,80,82,84,86,92,93]",48,2401,2,0.000832986255726781,1
"[0,1,2,3,4,5,6,7,8,9,10,11,12,13,14,15,20,22,23,25,26,30,31,33,35,39,40,42,46,48,51,53,57,58,67,80,82,84,86,92,93]",51,2401,1,0.00041649312786339,1
"[0,1,2,3,4,5,6,7,8,9,10,11,12,13,14,15,20,22,23,25,26,30,31,33,35,39,40,42,46,48,51,53,57,58,67,80,82,84,86,92,93]",53,2401,12,0.00499791753436068,1
"[0,1,2,3,4,5,6,7,8,9,10,11,12,13,14,15,20,22,23,25,26,30,31,33,35,39,40,42,46,48,51,53,57,58,67,80,82,84,86,92,93]",57,2401,8,0.00333194502290712,1
"[0,1,2,3,4,5,6,7,8,9,10,11,12,13,14,15,20,22,23,25,26,30,31,33,35,39,40,42,46,48,51,53,57,58,67,80,82,84,86,92,93]",58,2401,4,0.00166597251145356,1
"[0,1,2,3,4,5,6,7,8,9,10,11,12,13,14,15,20,22,23,25,26,30,31,33,35,39,40,42,46,48,51,53,57,58,67,80,82,84,86,92,93]",67,2401,3,0.00124947938359017,1
"[0,1,2,3,4,5,6,7,8,9,10,11,12,13,14,15,20,22,23,25,26,30,31,33,35,39,40,42,46,48,51,53,57,58,67,80,82,84,86,92,93]",80,2401,6,0.00249895876718034,1
"[0,1,2,3,4,5,6,7,8,9,10,11,12,13,14,15,20,22,23,25,26,30,31,33,35,39,40,42,46,48,51,53,57,58,67,80,82,84,86,92,93]",82,2401,3,0.00124947938359017,1
"[0,1,2,3,4,5,6,7,8,9,10,11,12,13,14,15,20,22,23,25,26,30,31,33,35,39,40,42,46,48,51,53,57,58,67,80,82,84,86,92,93]",84,2401,3,0.00124947938359017,1
"[0,1,2,3,4,5,6,7,8,9,10,11,12,13,14,15,20,22,23,25,26,30,31,33,35,39,40,42,46,48,51,53,57,58,67,80,82,84,86,92,93]",86,2401,6,0.00249895876718034,1
"[0,1,2,3,4,5,6,7,8,9,10,11,12,13,14,15,20,22,23,25,26,30,31,33,35,39,40,42,46,48,51,53,57,58,67,80,82,84,86,92,93]",92,2401,2,0.000832986255726781,1
"[0,1,2,3,4,5,6,7,8,9,10,11,12,13,14,15,20,22,23,25,26,30,31,33,35,39,40,42,46,48,51,53,57,58,67,80,82,84,86,92,93]",93,2401,3,0.00124947938359017,1
"[0,1,2,3,4,5,6,7,8,9,10,11,12,13,14,15,20,22,23,25,26,30,31,33,35,39,40,42,46,48,51,53,57,66,67,80,82,84,85,92,93]",0,19760,17,0.000860323886639676,1
"[0,1,2,3,4,5,6,7,8,9,10,11,12,13,14,15,20,22,23,25,26,30,31,33,35,39,40,42,46,48,51,53,57,66,67,80,82,84,85,92,93]",1,19760,19,0.000961538461538462,1
"[0,1,2,3,4,5,6,7,8,9,10,11,12,13,14,15,20,22,23,25,26,30,31,33,35,39,40,42,46,48,51,53,57,66,67,80,82,84,85,92,93]",2,19760,29,0.00146761133603239,1
"[0,1,2,3,4,5,6,7,8,9,10,11,12,13,14,15,20,22,23,25,26,30,31,33,35,39,40,42,46,48,51,53,57,66,67,80,82,84,85,92,93]",3,19760,15,0.000759109311740891,1
"[0,1,2,3,4,5,6,7,8,9,10,11,12,13,14,15,20,22,23,25,26,30,31,33,35,39,40,42,46,48,51,53,57,66,67,80,82,84,85,92,93]",4,19760,19,0.000961538461538462,1
"[0,1,2,3,4,5,6,7,8,9,10,11,12,13,14,15,20,22,23,25,26,30,31,33,35,39,40,42,46,48,51,53,57,66,67,80,82,84,85,92,93]",5,19760,28,0.001417004048583,1
"[0,1,2,3,4,5,6,7,8,9,10,11,12,13,14,15,20,22,23,25,26,30,31,33,35,39,40,42,46,48,51,53,57,66,67,80,82,84,85,92,93]",6,19760,15,0.000759109311740891,1
"[0,1,2,3,4,5,6,7,8,9,10,11,12,13,14,15,20,22,23,25,26,30,31,33,35,39,40,42,46,48,51,53,57,66,67,80,82,84,85,92,93]",7,19760,12286,0.621761133603239,1
"[0,1,2,3,4,5,6,7,8,9,10,11,12,13,14,15,20,22,23,25,26,30,31,33,35,39,40,42,46,48,51,53,57,66,67,80,82,84,85,92,93]",8,19760,14,0.000708502024291498,1
"[0,1,2,3,4,5,6,7,8,9,10,11,12,13,14,15,20,22,23,25,26,30,31,33,35,39,40,42,46,48,51,53,57,66,67,80,82,84,85,92,93]",9,19760,784,0.0396761133603239,1
"[0,1,2,3,4,5,6,7,8,9,10,11,12,13,14,15,20,22,23,25,26,30,31,33,35,39,40,42,46,48,51,53,57,66,67,80,82,84,85,92,93]",10,19760,2455,0.124240890688259,1
"[0,1,2,3,4,5,6,7,8,9,10,11,12,13,14,15,20,22,23,25,26,30,31,33,35,39,40,42,46,48,51,53,57,66,67,80,82,84,85,92,93]",11,19760,1663,0.0841599190283401,1
"[0,1,2,3,4,5,6,7,8,9,10,11,12,13,14,15,20,22,23,25,26,30,31,33,35,39,40,42,46,48,51,53,57,66,67,80,82,84,85,92,93]",12,19760,27,0.0013663967611336,1
"[0,1,2,3,4,5,6,7,8,9,10,11,12,13,14,15,20,22,23,25,26,30,31,33,35,39,40,42,46,48,51,53,57,66,67,80,82,84,85,92,93]",13,19760,1974,0.0998987854251012,1
"[0,1,2,3,4,5,6,7,8,9,10,11,12,13,14,15,20,22,23,25,26,30,31,33,35,39,40,42,46,48,51,53,57,66,67,80,82,84,85,92,93]",14,19760,18,0.000910931174089069,1
"[0,1,2,3,4,5,6,7,8,9,10,11,12,13,14,15,20,22,23,25,26,30,31,33,35,39,40,42,46,48,51,53,57,66,67,80,82,84,85,92,93]",15,19760,40,0.00202429149797571,1
"[0,1,2,3,4,5,6,7,8,9,10,11,12,13,14,15,20,22,23,25,26,30,31,33,35,39,40,42,46,48,51,53,57,66,67,80,82,84,85,92,93]",20,19760,64,0.00323886639676113,1
"[0,1,2,3,4,5,6,7,8,9,10,11,12,13,14,15,20,22,23,25,26,30,31,33,35,39,40,42,46,48,51,53,57,66,67,80,82,84,85,92,93]",22,19760,10,0.000506072874493927,1
"[0,1,2,3,4,5,6,7,8,9,10,11,12,13,14,15,20,22,23,25,26,30,31,33,35,39,40,42,46,48,51,53,57,66,67,80,82,84,85,92,93]",23,19760,25,0.00126518218623482,1
"[0,1,2,3,4,5,6,7,8,9,10,11,12,13,14,15,20,22,23,25,26,30,31,33,35,39,40,42,46,48,51,53,57,66,67,80,82,84,85,92,93]",25,19760,10,0.000506072874493927,1
"[0,1,2,3,4,5,6,7,8,9,10,11,12,13,14,15,20,22,23,25,26,30,31,33,35,39,40,42,46,48,51,53,57,66,67,80,82,84,85,92,93]",26,19760,22,0.00111336032388664,1
"[0,1,2,3,4,5,6,7,8,9,10,11,12,13,14,15,20,22,23,25,26,30,31,33,35,39,40,42,46,48,51,53,57,66,67,80,82,84,85,92,93]",30,19760,9,0.000455465587044534,1
"[0,1,2,3,4,5,6,7,8,9,10,11,12,13,14,15,20,22,23,25,26,30,31,33,35,39,40,42,46,48,51,53,57,66,67,80,82,84,85,92,93]",31,19760,16,0.000809716599190283,1
"[0,1,2,3,4,5,6,7,8,9,10,11,12,13,14,15,20,22,23,25,26,30,31,33,35,39,40,42,46,48,51,53,57,66,67,80,82,84,85,92,93]",33,19760,3,0.000151821862348178,1
"[0,1,2,3,4,5,6,7,8,9,10,11,12,13,14,15,20,22,23,25,26,30,31,33,35,39,40,42,46,48,51,53,57,66,67,80,82,84,85,92,93]",35,19760,10,0.000506072874493927,1
"[0,1,2,3,4,5,6,7,8,9,10,11,12,13,14,15,20,22,23,25,26,30,31,33,35,39,40,42,46,48,51,53,57,66,67,80,82,84,85,92,93]",39,19760,4,0.000202429149797571,1
"[0,1,2,3,4,5,6,7,8,9,10,11,12,13,14,15,20,22,23,25,26,30,31,33,35,39,40,42,46,48,51,53,57,66,67,80,82,84,85,92,93]",40,19760,14,0.000708502024291498,1
"[0,1,2,3,4,5,6,7,8,9,10,11,12,13,14,15,20,22,23,25,26,30,31,33,35,39,40,42,46,48,51,53,57,66,67,80,82,84,85,92,93]",42,19760,22,0.00111336032388664,1
"[0,1,2,3,4,5,6,7,8,9,10,11,12,13,14,15,20,22,23,25,26,30,31,33,35,39,40,42,46,48,51,53,57,66,67,80,82,84,85,92,93]",46,19760,10,0.000506072874493927,1
"[0,1,2,3,4,5,6,7,8,9,10,11,12,13,14,15,20,22,23,25,26,30,31,33,35,39,40,42,46,48,51,53,57,66,67,80,82,84,85,92,93]",48,19760,5,0.000253036437246964,1
"[0,1,2,3,4,5,6,7,8,9,10,11,12,13,14,15,20,22,23,25,26,30,31,33,35,39,40,42,46,48,51,53,57,66,67,80,82,84,85,92,93]",51,19760,9,0.000455465587044534,1
"[0,1,2,3,4,5,6,7,8,9,10,11,12,13,14,15,20,22,23,25,26,30,31,33,35,39,40,42,46,48,51,53,57,66,67,80,82,84,85,92,93]",53,19760,7,0.000354251012145749,1
"[0,1,2,3,4,5,6,7,8,9,10,11,12,13,14,15,20,22,23,25,26,30,31,33,35,39,40,42,46,48,51,53,57,66,67,80,82,84,85,92,93]",57,19760,15,0.000759109311740891,1
"[0,1,2,3,4,5,6,7,8,9,10,11,12,13,14,15,20,22,23,25,26,30,31,33,35,39,40,42,46,48,51,53,57,66,67,80,82,84,85,92,93]",66,19760,53,0.00268218623481781,1
"[0,1,2,3,4,5,6,7,8,9,10,11,12,13,14,15,20,22,23,25,26,30,31,33,35,39,40,42,46,48,51,53,57,66,67,80,82,84,85,92,93]",67,19760,6,0.000303643724696356,1
"[0,1,2,3,4,5,6,7,8,9,10,11,12,13,14,15,20,22,23,25,26,30,31,33,35,39,40,42,46,48,51,53,57,66,67,80,82,84,85,92,93]",80,19760,9,0.000455465587044534,1
"[0,1,2,3,4,5,6,7,8,9,10,11,12,13,14,15,20,22,23,25,26,30,31,33,35,39,40,42,46,48,51,53,57,66,67,80,82,84,85,92,93]",82,19760,5,0.000253036437246964,1
"[0,1,2,3,4,5,6,7,8,9,10,11,12,13,14,15,20,22,23,25,26,30,31,33,35,39,40,42,46,48,51,53,57,66,67,80,82,84,85,92,93]",84,19760,5,0.000253036437246964,1
"[0,1,2,3,4,5,6,7,8,9,10,11,12,13,14,15,20,22,23,25,26,30,31,33,35,39,40,42,46,48,51,53,57,66,67,80,82,84,85,92,93]",85,19760,15,0.000759109311740891,1
"[0,1,2,3,4,5,6,7,8,9,10,11,12,13,14,15,20,22,23,25,26,30,31,33,35,39,40,42,46,48,51,53,57,66,67,80,82,84,85,92,93]",92,19760,1,5.06072874493927e-05,1
"[0,1,2,3,4,5,6,7,8,9,10,11,12,13,14,15,20,22,23,25,26,30,31,33,35,39,40,42,46,48,51,53,57,66,67,80,82,84,85,92,93]",93,19760,8,0.000404858299595142,1
"[0,1,2,3,4,5,6,7,8,9,10,11,12,13,14,15,20,22,23,25,26,30,31,33,35,39,40,42,46,48,51,53,57,67,80,82,84,85,86,92,93]",0,2073,12,0.00578871201157742,1
"[0,1,2,3,4,5,6,7,8,9,10,11,12,13,14,15,20,22,23,25,26,30,31,33,35,39,40,42,46,48,51,53,57,67,80,82,84,85,86,92,93]",1,2073,12,0.00578871201157742,1
"[0,1,2,3,4,5,6,7,8,9,10,11,12,13,14,15,20,22,23,25,26,30,31,33,35,39,40,42,46,48,51,53,57,67,80,82,84,85,86,92,93]",2,2073,16,0.00771828268210323,1
"[0,1,2,3,4,5,6,7,8,9,10,11,12,13,14,15,20,22,23,25,26,30,31,33,35,39,40,42,46,48,51,53,57,67,80,82,84,85,86,92,93]",3,2073,22,0.0106126386878919,1
"[0,1,2,3,4,5,6,7,8,9,10,11,12,13,14,15,20,22,23,25,26,30,31,33,35,39,40,42,46,48,51,53,57,67,80,82,84,85,86,92,93]",4,2073,22,0.0106126386878919,1
"[0,1,2,3,4,5,6,7,8,9,10,11,12,13,14,15,20,22,23,25,26,30,31,33,35,39,40,42,46,48,51,53,57,67,80,82,84,85,86,92,93]",5,2073,16,0.00771828268210323,1
"[0,1,2,3,4,5,6,7,8,9,10,11,12,13,14,15,20,22,23,25,26,30,31,33,35,39,40,42,46,48,51,53,57,67,80,82,84,85,86,92,93]",6,2073,9,0.00434153400868307,1
"[0,1,2,3,4,5,6,7,8,9,10,11,12,13,14,15,20,22,23,25,26,30,31,33,35,39,40,42,46,48,51,53,57,67,80,82,84,85,86,92,93]",7,2073,517,0.249397009165461,1
"[0,1,2,3,4,5,6,7,8,9,10,11,12,13,14,15,20,22,23,25,26,30,31,33,35,39,40,42,46,48,51,53,57,67,80,82,84,85,86,92,93]",8,2073,13,0.00627110467920888,1
"[0,1,2,3,4,5,6,7,8,9,10,11,12,13,14,15,20,22,23,25,26,30,31,33,35,39,40,42,46,48,51,53,57,67,80,82,84,85,86,92,93]",9,2073,145,0.0699469368065605,1
"[0,1,2,3,4,5,6,7,8,9,10,11,12,13,14,15,20,22,23,25,26,30,31,33,35,39,40,42,46,48,51,53,57,67,80,82,84,85,86,92,93]",10,2073,82,0.0395561987457791,1
"[0,1,2,3,4,5,6,7,8,9,10,11,12,13,14,15,20,22,23,25,26,30,31,33,35,39,40,42,46,48,51,53,57,67,80,82,84,85,86,92,93]",11,2073,147,0.0709117221418234,1
"[0,1,2,3,4,5,6,7,8,9,10,11,12,13,14,15,20,22,23,25,26,30,31,33,35,39,40,42,46,48,51,53,57,67,80,82,84,85,86,92,93]",12,2073,10,0.00482392667631452,1
"[0,1,2,3,4,5,6,7,8,9,10,11,12,13,14,15,20,22,23,25,26,30,31,33,35,39,40,42,46,48,51,53,57,67,80,82,84,85,86,92,93]",13,2073,137,0.0660877954655089,1
"[0,1,2,3,4,5,6,7,8,9,10,11,12,13,14,15,20,22,23,25,26,30,31,33,35,39,40,42,46,48,51,53,57,67,80,82,84,85,86,92,93]",14,2073,5,0.00241196333815726,1
"[0,1,2,3,4,5,6,7,8,9,10,11,12,13,14,15,20,22,23,25,26,30,31,33,35,39,40,42,46,48,51,53,57,67,80,82,84,85,86,92,93]",15,2073,33,0.0159189580318379,1
"[0,1,2,3,4,5,6,7,8,9,10,11,12,13,14,15,20,22,23,25,26,30,31,33,35,39,40,42,46,48,51,53,57,67,80,82,84,85,86,92,93]",20,2073,42,0.020260492040521,1
"[0,1,2,3,4,5,6,7,8,9,10,11,12,13,14,15,20,22,23,25,26,30,31,33,35,39,40,42,46,48,51,53,57,67,80,82,84,85,86,92,93]",22,2073,9,0.00434153400868307,1
"[0,1,2,3,4,5,6,7,8,9,10,11,12,13,14,15,20,22,23,25,26,30,31,33,35,39,40,42,46,48,51,53,57,67,80,82,84,85,86,92,93]",23,2073,26,0.0125422093584178,1
"[0,1,2,3,4,5,6,7,8,9,10,11,12,13,14,15,20,22,23,25,26,30,31,33,35,39,40,42,46,48,51,53,57,67,80,82,84,85,86,92,93]",25,2073,10,0.00482392667631452,1
"[0,1,2,3,4,5,6,7,8,9,10,11,12,13,14,15,20,22,23,25,26,30,31,33,35,39,40,42,46,48,51,53,57,67,80,82,84,85,86,92,93]",26,2073,21,0.0101302460202605,1
"[0,1,2,3,4,5,6,7,8,9,10,11,12,13,14,15,20,22,23,25,26,30,31,33,35,39,40,42,46,48,51,53,57,67,80,82,84,85,86,92,93]",30,2073,9,0.00434153400868307,1
"[0,1,2,3,4,5,6,7,8,9,10,11,12,13,14,15,20,22,23,25,26,30,31,33,35,39,40,42,46,48,51,53,57,67,80,82,84,85,86,92,93]",31,2073,17,0.00820067534973468,1
"[0,1,2,3,4,5,6,7,8,9,10,11,12,13,14,15,20,22,23,25,26,30,31,33,35,39,40,42,46,48,51,53,57,67,80,82,84,85,86,92,93]",33,2073,2,0.000964785335262904,1
"[0,1,2,3,4,5,6,7,8,9,10,11,12,13,14,15,20,22,23,25,26,30,31,33,35,39,40,42,46,48,51,53,57,67,80,82,84,85,86,92,93]",35,2073,29,0.0139893873613121,1
"[0,1,2,3,4,5,6,7,8,9,10,11,12,13,14,15,20,22,23,25,26,30,31,33,35,39,40,42,46,48,51,53,57,67,80,82,84,85,86,92,93]",39,2073,21,0.0101302460202605,1
"[0,1,2,3,4,5,6,7,8,9,10,11,12,13,14,15,20,22,23,25,26,30,31,33,35,39,40,42,46,48,51,53,57,67,80,82,84,85,86,92,93]",40,2073,4,0.00192957067052581,1
"[0,1,2,3,4,5,6,7,8,9,10,11,12,13,14,15,20,22,23,25,26,30,31,33,35,39,40,42,46,48,51,53,57,67,80,82,84,85,86,92,93]",42,2073,10,0.00482392667631452,1
"[0,1,2,3,4,5,6,7,8,9,10,11,12,13,14,15,20,22,23,25,26,30,31,33,35,39,40,42,46,48,51,53,57,67,80,82,84,85,86,92,93]",46,2073,12,0.00578871201157742,1
"[0,1,2,3,4,5,6,7,8,9,10,11,12,13,14,15,20,22,23,25,26,30,31,33,35,39,40,42,46,48,51,53,57,67,80,82,84,85,86,92,93]",48,2073,2,0.000964785335262904,1
"[0,1,2,3,4,5,6,7,8,9,10,11,12,13,14,15,20,22,23,25,26,30,31,33,35,39,40,42,46,48,51,53,57,67,80,82,84,85,86,92,93]",51,2073,8,0.00385914134105162,1
"[0,1,2,3,4,5,6,7,8,9,10,11,12,13,14,15,20,22,23,25,26,30,31,33,35,39,40,42,46,48,51,53,57,67,80,82,84,85,86,92,93]",53,2073,9,0.00434153400868307,1
"[0,1,2,3,4,5,6,7,8,9,10,11,12,13,14,15,20,22,23,25,26,30,31,33,35,39,40,42,46,48,51,53,57,67,80,82,84,85,86,92,93]",57,2073,5,0.00241196333815726,1
"[0,1,2,3,4,5,6,7,8,9,10,11,12,13,14,15,20,22,23,25,26,30,31,33,35,39,40,42,46,48,51,53,57,67,80,82,84,85,86,92,93]",67,2073,622,0.300048239266763,1
"[0,1,2,3,4,5,6,7,8,9,10,11,12,13,14,15,20,22,23,25,26,30,31,33,35,39,40,42,46,48,51,53,57,67,80,82,84,85,86,92,93]",80,2073,1,0.000482392667631452,1
"[0,1,2,3,4,5,6,7,8,9,10,11,12,13,14,15,20,22,23,25,26,30,31,33,35,39,40,42,46,48,51,53,57,67,80,82,84,85,86,92,93]",82,2073,1,0.000482392667631452,1
"[0,1,2,3,4,5,6,7,8,9,10,11,12,13,14,15,20,22,23,25,26,30,31,33,35,39,40,42,46,48,51,53,57,67,80,82,84,85,86,92,93]",84,2073,2,0.000964785335262904,1
"[0,1,2,3,4,5,6,7,8,9,10,11,12,13,14,15,20,22,23,25,26,30,31,33,35,39,40,42,46,48,51,53,57,67,80,82,84,85,86,92,93]",85,2073,7,0.00337674867342016,1
"[0,1,2,3,4,5,6,7,8,9,10,11,12,13,14,15,20,22,23,25,26,30,31,33,35,39,40,42,46,48,51,53,57,67,80,82,84,85,86,92,93]",86,2073,1,0.000482392667631452,1
"[0,1,2,3,4,5,6,7,8,9,10,11,12,13,14,15,20,22,23,25,26,30,31,33,35,39,40,42,46,48,51,53,57,67,80,82,84,85,86,92,93]",92,2073,4,0.00192957067052581,1
"[0,1,2,3,4,5,6,7,8,9,10,11,12,13,14,15,20,22,23,25,26,30,31,33,35,39,40,42,46,48,51,53,57,67,80,82,84,85,86,92,93]",93,2073,1,0.000482392667631452,1
"[0,1,2,3,4,5,6,7,8,9,10,11,12,13,14,15,20,22,23,25,26,30,31,33,35,39,40,42,46,48,51,53,57,67,80,82,84,85,86,93]",0,2386,23,0.009639564124057,2
"[0,1,2,3,4,5,6,7,8,9,10,11,12,13,14,15,20,22,23,25,26,30,31,33,35,39,40,42,46,48,51,53,57,67,80,82,84,85,86,93]",1,2386,55,0.0230511316010059,2
"[0,1,2,3,4,5,6,7,8,9,10,11,12,13,14,15,20,22,23,25,26,30,31,33,35,39,40,42,46,48,51,53,57,67,80,82,84,85,86,93]",2,2386,154,0.0645431684828164,2
"[0,1,2,3,4,5,6,7,8,9,10,11,12,13,14,15,20,22,23,25,26,30,31,33,35,39,40,42,46,48,51,53,57,67,80,82,84,85,86,93]",3,2386,32,0.0134115674769489,2
"[0,1,2,3,4,5,6,7,8,9,10,11,12,13,14,15,20,22,23,25,26,30,31,33,35,39,40,42,46,48,51,53,57,67,80,82,84,85,86,93]",4,2386,52,0.0217937971500419,2
"[0,1,2,3,4,5,6,7,8,9,10,11,12,13,14,15,20,22,23,25,26,30,31,33,35,39,40,42,46,48,51,53,57,67,80,82,84,85,86,93]",5,2386,76,0.0318524727577536,2
"[0,1,2,3,4,5,6,7,8,9,10,11,12,13,14,15,20,22,23,25,26,30,31,33,35,39,40,42,46,48,51,53,57,67,80,82,84,85,86,93]",6,2386,40,0.0167644593461861,2
"[0,1,2,3,4,5,6,7,8,9,10,11,12,13,14,15,20,22,23,25,26,30,31,33,35,39,40,42,46,48,51,53,57,67,80,82,84,85,86,93]",7,2386,250,0.104777870913663,2
"[0,1,2,3,4,5,6,7,8,9,10,11,12,13,14,15,20,22,23,25,26,30,31,33,35,39,40,42,46,48,51,53,57,67,80,82,84,85,86,93]",8,2386,26,0.010896898575021,2
"[0,1,2,3,4,5,6,7,8,9,10,11,12,13,14,15,20,22,23,25,26,30,31,33,35,39,40,42,46,48,51,53,57,67,80,82,84,85,86,93]",9,2386,62,0.0259849119865884,2
"[0,1,2,3,4,5,6,7,8,9,10,11,12,13,14,15,20,22,23,25,26,30,31,33,35,39,40,42,46,48,51,53,57,67,80,82,84,85,86,93]",10,2386,32,0.0134115674769489,2
"[0,1,2,3,4,5,6,7,8,9,10,11,12,13,14,15,20,22,23,25,26,30,31,33,35,39,40,42,46,48,51,53,57,67,80,82,84,85,86,93]",11,2386,77,0.0322715842414082,2
"[0,1,2,3,4,5,6,7,8,9,10,11,12,13,14,15,20,22,23,25,26,30,31,33,35,39,40,42,46,48,51,53,57,67,80,82,84,85,86,93]",12,2386,25,0.0104777870913663,2
"[0,1,2,3,4,5,6,7,8,9,10,11,12,13,14,15,20,22,23,25,26,30,31,33,35,39,40,42,46,48,51,53,57,67,80,82,84,85,86,93]",13,2386,97,0.0406538139145013,2
"[0,1,2,3,4,5,6,7,8,9,10,11,12,13,14,15,20,22,23,25,26,30,31,33,35,39,40,42,46,48,51,53,57,67,80,82,84,85,86,93]",14,2386,22,0.00922045264040235,2
"[0,1,2,3,4,5,6,7,8,9,10,11,12,13,14,15,20,22,23,25,26,30,31,33,35,39,40,42,46,48,51,53,57,67,80,82,84,85,86,93]",15,2386,56,0.0234702430846605,2
"[0,1,2,3,4,5,6,7,8,9,10,11,12,13,14,15,20,22,23,25,26,30,31,33,35,39,40,42,46,48,51,53,57,67,80,82,84,85,86,93]",20,2386,103,0.0431684828164292,2
"[0,1,2,3,4,5,6,7,8,9,10,11,12,13,14,15,20,22,23,25,26,30,31,33,35,39,40,42,46,48,51,53,57,67,80,82,84,85,86,93]",22,2386,15,0.00628667225481978,2
"[0,1,2,3,4,5,6,7,8,9,10,11,12,13,14,15,20,22,23,25,26,30,31,33,35,39,40,42,46,48,51,53,57,67,80,82,84,85,86,93]",23,2386,37,0.0155071248952221,2
"[0,1,2,3,4,5,6,7,8,9,10,11,12,13,14,15,20,22,23,25,26,30,31,33,35,39,40,42,46,48,51,53,57,67,80,82,84,85,86,93]",25,2386,24,0.0100586756077117,2
"[0,1,2,3,4,5,6,7,8,9,10,11,12,13,14,15,20,22,23,25,26,30,31,33,35,39,40,42,46,48,51,53,57,67,80,82,84,85,86,93]",26,2386,73,0.0305951383067896,2
"[0,1,2,3,4,5,6,7,8,9,10,11,12,13,14,15,20,22,23,25,26,30,31,33,35,39,40,42,46,48,51,53,57,67,80,82,84,85,86,93]",30,2386,12,0.00502933780385583,2
"[0,1,2,3,4,5,6,7,8,9,10,11,12,13,14,15,20,22,23,25,26,30,31,33,35,39,40,42,46,48,51,53,57,67,80,82,84,85,86,93]",31,2386,37,0.0155071248952221,2
"[0,1,2,3,4,5,6,7,8,9,10,11,12,13,14,15,20,22,23,25,26,30,31,33,35,39,40,42,46,48,51,53,57,67,80,82,84,85,86,93]",33,2386,11,0.00461022632020117,2
"[0,1,2,3,4,5,6,7,8,9,10,11,12,13,14,15,20,22,23,25,26,30,31,33,35,39,40,42,46,48,51,53,57,67,80,82,84,85,86,93]",35,2386,29,0.0121542330259849,2
"[0,1,2,3,4,5,6,7,8,9,10,11,12,13,14,15,20,22,23,25,26,30,31,33,35,39,40,42,46,48,51,53,57,67,80,82,84,85,86,93]",39,2386,31,0.0129924559932942,2
"[0,1,2,3,4,5,6,7,8,9,10,11,12,13,14,15,20,22,23,25,26,30,31,33,35,39,40,42,46,48,51,53,57,67,80,82,84,85,86,93]",40,2386,26,0.010896898575021,2
"[0,1,2,3,4,5,6,7,8,9,10,11,12,13,14,15,20,22,23,25,26,30,31,33,35,39,40,42,46,48,51,53,57,67,80,82,84,85,86,93]",42,2386,63,0.0264040234702431,2
"[0,1,2,3,4,5,6,7,8,9,10,11,12,13,14,15,20,22,23,25,26,30,31,33,35,39,40,42,46,48,51,53,57,67,80,82,84,85,86,93]",46,2386,37,0.0155071248952221,2
"[0,1,2,3,4,5,6,7,8,9,10,11,12,13,14,15,20,22,23,25,26,30,31,33,35,39,40,42,46,48,51,53,57,67,80,82,84,85,86,93]",48,2386,11,0.00461022632020117,2
"[0,1,2,3,4,5,6,7,8,9,10,11,12,13,14,15,20,22,23,25,26,30,31,33,35,39,40,42,46,48,51,53,57,67,80,82,84,85,86,93]",51,2386,9,0.00377200335289187,2
"[0,1,2,3,4,5,6,7,8,9,10,11,12,13,14,15,20,22,23,25,26,30,31,33,35,39,40,42,46,48,51,53,57,67,80,82,84,85,86,93]",53,2386,8,0.00335289186923722,2
"[0,1,2,3,4,5,6,7,8,9,10,11,12,13,14,15,20,22,23,25,26,30,31,33,35,39,40,42,46,48,51,53,57,67,80,82,84,85,86,93]",57,2386,22,0.00922045264040235,2
"[0,1,2,3,4,5,6,7,8,9,10,11,12,13,14,15,20,22,23,25,26,30,31,33,35,39,40,42,46,48,51,53,57,67,80,82,84,85,86,93]",67,2386,667,0.279547359597653,2
"[0,1,2,3,4,5,6,7,8,9,10,11,12,13,14,15,20,22,23,25,26,30,31,33,35,39,40,42,46,48,51,53,57,67,80,82,84,85,86,93]",80,2386,18,0.00754400670578374,2
"[0,1,2,3,4,5,6,7,8,9,10,11,12,13,14,15,20,22,23,25,26,30,31,33,35,39,40,42,46,48,51,53,57,67,80,82,84,85,86,93]",82,2386,35,0.0146689019279128,2
"[0,1,2,3,4,5,6,7,8,9,10,11,12,13,14,15,20,22,23,25,26,30,31,33,35,39,40,42,46,48,51,53,57,67,80,82,84,85,86,93]",84,2386,6,0.00251466890192791,2
"[0,1,2,3,4,5,6,7,8,9,10,11,12,13,14,15,20,22,23,25,26,30,31,33,35,39,40,42,46,48,51,53,57,67,80,82,84,85,86,93]",85,2386,14,0.00586756077116513,2
"[0,1,2,3,4,5,6,7,8,9,10,11,12,13,14,15,20,22,23,25,26,30,31,33,35,39,40,42,46,48,51,53,57,67,80,82,84,85,86,93]",86,2386,3,0.00125733445096396,2
"[0,1,2,3,4,5,6,7,8,9,10,11,12,13,14,15,20,22,23,25,26,30,31,33,35,39,40,42,46,48,51,53,57,67,80,82,84,85,86,93]",93,2386,16,0.00670578373847443,2
"[0,1,2,3,4,5,6,7,8,9,10,11,12,13,14,15,20,22,23,25,26,30,31,33,35,39,40,42,46,48,51,53,57,67,80,82,84,85,92,93]",0,1143,8,0.00699912510936133,1
"[0,1,2,3,4,5,6,7,8,9,10,11,12,13,14,15,20,22,23,25,26,30,31,33,35,39,40,42,46,48,51,53,57,67,80,82,84,85,92,93]",1,1143,22,0.0192475940507437,1
"[0,1,2,3,4,5,6,7,8,9,10,11,12,13,14,15,20,22,23,25,26,30,31,33,35,39,40,42,46,48,51,53,57,67,80,82,84,85,92,93]",2,1143,101,0.0883639545056868,1
"[0,1,2,3,4,5,6,7,8,9,10,11,12,13,14,15,20,22,23,25,26,30,31,33,35,39,40,42,46,48,51,53,57,67,80,82,84,85,92,93]",3,1143,24,0.020997375328084,1
"[0,1,2,3,4,5,6,7,8,9,10,11,12,13,14,15,20,22,23,25,26,30,31,33,35,39,40,42,46,48,51,53,57,67,80,82,84,85,92,93]",4,1143,24,0.020997375328084,1
"[0,1,2,3,4,5,6,7,8,9,10,11,12,13,14,15,20,22,23,25,26,30,31,33,35,39,40,42,46,48,51,53,57,67,80,82,84,85,92,93]",5,1143,34,0.0297462817147857,1
"[0,1,2,3,4,5,6,7,8,9,10,11,12,13,14,15,20,22,23,25,26,30,31,33,35,39,40,42,46,48,51,53,57,67,80,82,84,85,92,93]",6,1143,27,0.0236220472440945,1
"[0,1,2,3,4,5,6,7,8,9,10,11,12,13,14,15,20,22,23,25,26,30,31,33,35,39,40,42,46,48,51,53,57,67,80,82,84,85,92,93]",7,1143,118,0.10323709536308,1
"[0,1,2,3,4,5,6,7,8,9,10,11,12,13,14,15,20,22,23,25,26,30,31,33,35,39,40,42,46,48,51,53,57,67,80,82,84,85,92,93]",8,1143,17,0.0148731408573928,1
"[0,1,2,3,4,5,6,7,8,9,10,11,12,13,14,15,20,22,23,25,26,30,31,33,35,39,40,42,46,48,51,53,57,67,80,82,84,85,92,93]",9,1143,43,0.0376202974628171,1
"[0,1,2,3,4,5,6,7,8,9,10,11,12,13,14,15,20,22,23,25,26,30,31,33,35,39,40,42,46,48,51,53,57,67,80,82,84,85,92,93]",10,1143,26,0.0227471566054243,1
"[0,1,2,3,4,5,6,7,8,9,10,11,12,13,14,15,20,22,23,25,26,30,31,33,35,39,40,42,46,48,51,53,57,67,80,82,84,85,92,93]",11,1143,52,0.0454943132108486,1
"[0,1,2,3,4,5,6,7,8,9,10,11,12,13,14,15,20,22,23,25,26,30,31,33,35,39,40,42,46,48,51,53,57,67,80,82,84,85,92,93]",12,1143,14,0.0122484689413823,1
"[0,1,2,3,4,5,6,7,8,9,10,11,12,13,14,15,20,22,23,25,26,30,31,33,35,39,40,42,46,48,51,53,57,67,80,82,84,85,92,93]",13,1143,51,0.0446194225721785,1
"[0,1,2,3,4,5,6,7,8,9,10,11,12,13,14,15,20,22,23,25,26,30,31,33,35,39,40,42,46,48,51,53,57,67,80,82,84,85,92,93]",14,1143,11,0.00962379702537183,1
"[0,1,2,3,4,5,6,7,8,9,10,11,12,13,14,15,20,22,23,25,26,30,31,33,35,39,40,42,46,48,51,53,57,67,80,82,84,85,92,93]",15,1143,34,0.0297462817147857,1
"[0,1,2,3,4,5,6,7,8,9,10,11,12,13,14,15,20,22,23,25,26,30,31,33,35,39,40,42,46,48,51,53,57,67,80,82,84,85,92,93]",20,1143,23,0.0201224846894138,1
"[0,1,2,3,4,5,6,7,8,9,10,11,12,13,14,15,20,22,23,25,26,30,31,33,35,39,40,42,46,48,51,53,57,67,80,82,84,85,92,93]",22,1143,8,0.00699912510936133,1
"[0,1,2,3,4,5,6,7,8,9,10,11,12,13,14,15,20,22,23,25,26,30,31,33,35,39,40,42,46,48,51,53,57,67,80,82,84,85,92,93]",23,1143,117,0.102362204724409,1
"[0,1,2,3,4,5,6,7,8,9,10,11,12,13,14,15,20,22,23,25,26,30,31,33,35,39,40,42,46,48,51,53,57,67,80,82,84,85,92,93]",25,1143,5,0.00437445319335083,1
"[0,1,2,3,4,5,6,7,8,9,10,11,12,13,14,15,20,22,23,25,26,30,31,33,35,39,40,42,46,48,51,53,57,67,80,82,84,85,92,93]",26,1143,41,0.0358705161854768,1
"[0,1,2,3,4,5,6,7,8,9,10,11,12,13,14,15,20,22,23,25,26,30,31,33,35,39,40,42,46,48,51,53,57,67,80,82,84,85,92,93]",30,1143,11,0.00962379702537183,1
"[0,1,2,3,4,5,6,7,8,9,10,11,12,13,14,15,20,22,23,25,26,30,31,33,35,39,40,42,46,48,51,53,57,67,80,82,84,85,92,93]",31,1143,83,0.0726159230096238,1
"[0,1,2,3,4,5,6,7,8,9,10,11,12,13,14,15,20,22,23,25,26,30,31,33,35,39,40,42,46,48,51,53,57,67,80,82,84,85,92,93]",33,1143,1,0.000874890638670166,1
"[0,1,2,3,4,5,6,7,8,9,10,11,12,13,14,15,20,22,23,25,26,30,31,33,35,39,40,42,46,48,51,53,57,67,80,82,84,85,92,93]",35,1143,4,0.00349956255468067,1
"[0,1,2,3,4,5,6,7,8,9,10,11,12,13,14,15,20,22,23,25,26,30,31,33,35,39,40,42,46,48,51,53,57,67,80,82,84,85,92,93]",39,1143,109,0.0953630796150481,1
"[0,1,2,3,4,5,6,7,8,9,10,11,12,13,14,15,20,22,23,25,26,30,31,33,35,39,40,42,46,48,51,53,57,67,80,82,84,85,92,93]",40,1143,5,0.00437445319335083,1
"[0,1,2,3,4,5,6,7,8,9,10,11,12,13,14,15,20,22,23,25,26,30,31,33,35,39,40,42,46,48,51,53,57,67,80,82,84,85,92,93]",42,1143,41,0.0358705161854768,1
"[0,1,2,3,4,5,6,7,8,9,10,11,12,13,14,15,20,22,23,25,26,30,31,33,35,39,40,42,46,48,51,53,57,67,80,82,84,85,92,93]",46,1143,14,0.0122484689413823,1
"[0,1,2,3,4,5,6,7,8,9,10,11,12,13,14,15,20,22,23,25,26,30,31,33,35,39,40,42,46,48,51,53,57,67,80,82,84,85,92,93]",48,1143,1,0.000874890638670166,1
"[0,1,2,3,4,5,6,7,8,9,10,11,12,13,14,15,20,22,23,25,26,30,31,33,35,39,40,42,46,48,51,53,57,67,80,82,84,85,92,93]",51,1143,3,0.0026246719160105,1
"[0,1,2,3,4,5,6,7,8,9,10,11,12,13,14,15,20,22,23,25,26,30,31,33,35,39,40,42,46,48,51,53,57,67,80,82,84,85,92,93]",53,1143,5,0.00437445319335083,1
"[0,1,2,3,4,5,6,7,8,9,10,11,12,13,14,15,20,22,23,25,26,30,31,33,35,39,40,42,46,48,51,53,57,67,80,82,84,85,92,93]",57,1143,12,0.010498687664042,1
"[0,1,2,3,4,5,6,7,8,9,10,11,12,13,14,15,20,22,23,25,26,30,31,33,35,39,40,42,46,48,51,53,57,67,80,82,84,85,92,93]",67,1143,12,0.010498687664042,1
"[0,1,2,3,4,5,6,7,8,9,10,11,12,13,14,15,20,22,23,25,26,30,31,33,35,39,40,42,46,48,51,53,57,67,80,82,84,85,92,93]",80,1143,3,0.0026246719160105,1
"[0,1,2,3,4,5,6,7,8,9,10,11,12,13,14,15,20,22,23,25,26,30,31,33,35,39,40,42,46,48,51,53,57,67,80,82,84,85,92,93]",82,1143,6,0.005249343832021,1
"[0,1,2,3,4,5,6,7,8,9,10,11,12,13,14,15,20,22,23,25,26,30,31,33,35,39,40,42,46,48,51,53,57,67,80,82,84,85,92,93]",84,1143,11,0.00962379702537183,1
"[0,1,2,3,4,5,6,7,8,9,10,11,12,13,14,15,20,22,23,25,26,30,31,33,35,39,40,42,46,48,51,53,57,67,80,82,84,85,92,93]",85,1143,8,0.00699912510936133,1
"[0,1,2,3,4,5,6,7,8,9,10,11,12,13,14,15,20,22,23,25,26,30,31,33,35,39,40,42,46,48,51,53,57,67,80,82,84,85,92,93]",92,1143,3,0.0026246719160105,1
"[0,1,2,3,4,5,6,7,8,9,10,11,12,13,14,15,20,22,23,25,26,30,31,33,35,39,40,42,46,48,51,53,57,67,80,82,84,85,92,93]",93,1143,11,0.00962379702537183,1
"[0,1,2,3,4,5,6,7,8,9,10,11,12,13,14,15,20,22,23,25,26,30,31,33,35,39,40,42,46,48,51,53,57,67,80,82,84,85,93]",0,1970,11,0.00558375634517766,1
"[0,1,2,3,4,5,6,7,8,9,10,11,12,13,14,15,20,22,23,25,26,30,31,33,35,39,40,42,46,48,51,53,57,67,80,82,84,85,93]",1,1970,351,0.178172588832487,1
"[0,1,2,3,4,5,6,7,8,9,10,11,12,13,14,15,20,22,23,25,26,30,31,33,35,39,40,42,46,48,51,53,57,67,80,82,84,85,93]",2,1970,73,0.0370558375634518,1
"[0,1,2,3,4,5,6,7,8,9,10,11,12,13,14,15,20,22,23,25,26,30,31,33,35,39,40,42,46,48,51,53,57,67,80,82,84,85,93]",3,1970,20,0.0101522842639594,1
"[0,1,2,3,4,5,6,7,8,9,10,11,12,13,14,15,20,22,23,25,26,30,31,33,35,39,40,42,46,48,51,53,57,67,80,82,84,85,93]",4,1970,17,0.00862944162436548,1
"[0,1,2,3,4,5,6,7,8,9,10,11,12,13,14,15,20,22,23,25,26,30,31,33,35,39,40,42,46,48,51,53,57,67,80,82,84,85,93]",5,1970,23,0.0116751269035533,1
"[0,1,2,3,4,5,6,7,8,9,10,11,12,13,14,15,20,22,23,25,26,30,31,33,35,39,40,42,46,48,51,53,57,67,80,82,84,85,93]",6,1970,6,0.00304568527918782,1
"[0,1,2,3,4,5,6,7,8,9,10,11,12,13,14,15,20,22,23,25,26,30,31,33,35,39,40,42,46,48,51,53,57,67,80,82,84,85,93]",7,1970,134,0.0680203045685279,1
"[0,1,2,3,4,5,6,7,8,9,10,11,12,13,14,15,20,22,23,25,26,30,31,33,35,39,40,42,46,48,51,53,57,67,80,82,84,85,93]",8,1970,233,0.118274111675127,1
"[0,1,2,3,4,5,6,7,8,9,10,11,12,13,14,15,20,22,23,25,26,30,31,33,35,39,40,42,46,48,51,53,57,67,80,82,84,85,93]",9,1970,27,0.0137055837563452,1
"[0,1,2,3,4,5,6,7,8,9,10,11,12,13,14,15,20,22,23,25,26,30,31,33,35,39,40,42,46,48,51,53,57,67,80,82,84,85,93]",10,1970,27,0.0137055837563452,1
"[0,1,2,3,4,5,6,7,8,9,10,11,12,13,14,15,20,22,23,25,26,30,31,33,35,39,40,42,46,48,51,53,57,67,80,82,84,85,93]",11,1970,51,0.0258883248730964,1
"[0,1,2,3,4,5,6,7,8,9,10,11,12,13,14,15,20,22,23,25,26,30,31,33,35,39,40,42,46,48,51,53,57,67,80,82,84,85,93]",12,1970,30,0.0152284263959391,1
"[0,1,2,3,4,5,6,7,8,9,10,11,12,13,14,15,20,22,23,25,26,30,31,33,35,39,40,42,46,48,51,53,57,67,80,82,84,85,93]",13,1970,36,0.0182741116751269,1
"[0,1,2,3,4,5,6,7,8,9,10,11,12,13,14,15,20,22,23,25,26,30,31,33,35,39,40,42,46,48,51,53,57,67,80,82,84,85,93]",14,1970,9,0.00456852791878173,1
"[0,1,2,3,4,5,6,7,8,9,10,11,12,13,14,15,20,22,23,25,26,30,31,33,35,39,40,42,46,48,51,53,57,67,80,82,84,85,93]",15,1970,22,0.0111675126903553,1
"[0,1,2,3,4,5,6,7,8,9,10,11,12,13,14,15,20,22,23,25,26,30,31,33,35,39,40,42,46,48,51,53,57,67,80,82,84,85,93]",20,1970,53,0.0269035532994924,1
"[0,1,2,3,4,5,6,7,8,9,10,11,12,13,14,15,20,22,23,25,26,30,31,33,35,39,40,42,46,48,51,53,57,67,80,82,84,85,93]",22,1970,4,0.00203045685279188,1
"[0,1,2,3,4,5,6,7,8,9,10,11,12,13,14,15,20,22,23,25,26,30,31,33,35,39,40,42,46,48,51,53,57,67,80,82,84,85,93]",23,1970,22,0.0111675126903553,1
"[0,1,2,3,4,5,6,7,8,9,10,11,12,13,14,15,20,22,23,25,26,30,31,33,35,39,40,42,46,48,51,53,57,67,80,82,84,85,93]",25,1970,11,0.00558375634517766,1
"[0,1,2,3,4,5,6,7,8,9,10,11,12,13,14,15,20,22,23,25,26,30,31,33,35,39,40,42,46,48,51,53,57,67,80,82,84,85,93]",26,1970,657,0.333502538071066,1
"[0,1,2,3,4,5,6,7,8,9,10,11,12,13,14,15,20,22,23,25,26,30,31,33,35,39,40,42,46,48,51,53,57,67,80,82,84,85,93]",30,1970,8,0.00406091370558376,1
"[0,1,2,3,4,5,6,7,8,9,10,11,12,13,14,15,20,22,23,25,26,30,31,33,35,39,40,42,46,48,51,53,57,67,80,82,84,85,93]",31,1970,19,0.00964467005076142,1
"[0,1,2,3,4,5,6,7,8,9,10,11,12,13,14,15,20,22,23,25,26,30,31,33,35,39,40,42,46,48,51,53,57,67,80,82,84,85,93]",33,1970,6,0.00304568527918782,1
"[0,1,2,3,4,5,6,7,8,9,10,11,12,13,14,15,20,22,23,25,26,30,31,33,35,39,40,42,46,48,51,53,57,67,80,82,84,85,93]",35,1970,11,0.00558375634517766,1
"[0,1,2,3,4,5,6,7,8,9,10,11,12,13,14,15,20,22,23,25,26,30,31,33,35,39,40,42,46,48,51,53,57,67,80,82,84,85,93]",39,1970,11,0.00558375634517766,1
"[0,1,2,3,4,5,6,7,8,9,10,11,12,13,14,15,20,22,23,25,26,30,31,33,35,39,40,42,46,48,51,53,57,67,80,82,84,85,93]",40,1970,9,0.00456852791878173,1
"[0,1,2,3,4,5,6,7,8,9,10,11,12,13,14,15,20,22,23,25,26,30,31,33,35,39,40,42,46,48,51,53,57,67,80,82,84,85,93]",42,1970,12,0.00609137055837563,1
"[0,1,2,3,4,5,6,7,8,9,10,11,12,13,14,15,20,22,23,25,26,30,31,33,35,39,40,42,46,48,51,53,57,67,80,82,84,85,93]",46,1970,19,0.00964467005076142,1
"[0,1,2,3,4,5,6,7,8,9,10,11,12,13,14,15,20,22,23,25,26,30,31,33,35,39,40,42,46,48,51,53,57,67,80,82,84,85,93]",48,1970,4,0.00203045685279188,1
"[0,1,2,3,4,5,6,7,8,9,10,11,12,13,14,15,20,22,23,25,26,30,31,33,35,39,40,42,46,48,51,53,57,67,80,82,84,85,93]",51,1970,6,0.00304568527918782,1
"[0,1,2,3,4,5,6,7,8,9,10,11,12,13,14,15,20,22,23,25,26,30,31,33,35,39,40,42,46,48,51,53,57,67,80,82,84,85,93]",53,1970,1,0.00050761421319797,1
"[0,1,2,3,4,5,6,7,8,9,10,11,12,13,14,15,20,22,23,25,26,30,31,33,35,39,40,42,46,48,51,53,57,67,80,82,84,85,93]",57,1970,10,0.0050761421319797,1
"[0,1,2,3,4,5,6,7,8,9,10,11,12,13,14,15,20,22,23,25,26,30,31,33,35,39,40,42,46,48,51,53,57,67,80,82,84,85,93]",67,1970,9,0.00456852791878173,1
"[0,1,2,3,4,5,6,7,8,9,10,11,12,13,14,15,20,22,23,25,26,30,31,33,35,39,40,42,46,48,51,53,57,67,80,82,84,85,93]",80,1970,5,0.00253807106598985,1
"[0,1,2,3,4,5,6,7,8,9,10,11,12,13,14,15,20,22,23,25,26,30,31,33,35,39,40,42,46,48,51,53,57,67,80,82,84,85,93]",82,1970,11,0.00558375634517766,1
"[0,1,2,3,4,5,6,7,8,9,10,11,12,13,14,15,20,22,23,25,26,30,31,33,35,39,40,42,46,48,51,53,57,67,80,82,84,85,93]",84,1970,3,0.00152284263959391,1
"[0,1,2,3,4,5,6,7,8,9,10,11,12,13,14,15,20,22,23,25,26,30,31,33,35,39,40,42,46,48,51,53,57,67,80,82,84,85,93]",85,1970,3,0.00152284263959391,1
"[0,1,2,3,4,5,6,7,8,9,10,11,12,13,14,15,20,22,23,25,26,30,31,33,35,39,40,42,46,48,51,53,57,67,80,82,84,85,93]",93,1970,6,0.00304568527918782,1
"[0,1,2,3,4,5,6,7,8,9,10,11,12,13,14,15,20,22,23,25,26,30,31,33,35,39,40,42,46,48,51,53,57,67,80,82,85,86,92,93]",0,2288,24,0.0104895104895105,2
"[0,1,2,3,4,5,6,7,8,9,10,11,12,13,14,15,20,22,23,25,26,30,31,33,35,39,40,42,46,48,51,53,57,67,80,82,85,86,92,93]",1,2288,58,0.0253496503496503,2
"[0,1,2,3,4,5,6,7,8,9,10,11,12,13,14,15,20,22,23,25,26,30,31,33,35,39,40,42,46,48,51,53,57,67,80,82,85,86,92,93]",2,2288,182,0.0795454545454545,2
"[0,1,2,3,4,5,6,7,8,9,10,11,12,13,14,15,20,22,23,25,26,30,31,33,35,39,40,42,46,48,51,53,57,67,80,82,85,86,92,93]",3,2288,26,0.0113636363636364,2
"[0,1,2,3,4,5,6,7,8,9,10,11,12,13,14,15,20,22,23,25,26,30,31,33,35,39,40,42,46,48,51,53,57,67,80,82,85,86,92,93]",4,2288,219,0.0957167832167832,2
"[0,1,2,3,4,5,6,7,8,9,10,11,12,13,14,15,20,22,23,25,26,30,31,33,35,39,40,42,46,48,51,53,57,67,80,82,85,86,92,93]",5,2288,196,0.0856643356643357,2
"[0,1,2,3,4,5,6,7,8,9,10,11,12,13,14,15,20,22,23,25,26,30,31,33,35,39,40,42,46,48,51,53,57,67,80,82,85,86,92,93]",6,2288,30,0.0131118881118881,2
"[0,1,2,3,4,5,6,7,8,9,10,11,12,13,14,15,20,22,23,25,26,30,31,33,35,39,40,42,46,48,51,53,57,67,80,82,85,86,92,93]",7,2288,245,0.10708041958042,2
"[0,1,2,3,4,5,6,7,8,9,10,11,12,13,14,15,20,22,23,25,26,30,31,33,35,39,40,42,46,48,51,53,57,67,80,82,85,86,92,93]",8,2288,26,0.0113636363636364,2
"[0,1,2,3,4,5,6,7,8,9,10,11,12,13,14,15,20,22,23,25,26,30,31,33,35,39,40,42,46,48,51,53,57,67,80,82,85,86,92,93]",9,2288,74,0.0323426573426573,2
"[0,1,2,3,4,5,6,7,8,9,10,11,12,13,14,15,20,22,23,25,26,30,31,33,35,39,40,42,46,48,51,53,57,67,80,82,85,86,92,93]",10,2288,31,0.013548951048951,2
"[0,1,2,3,4,5,6,7,8,9,10,11,12,13,14,15,20,22,23,25,26,30,31,33,35,39,40,42,46,48,51,53,57,67,80,82,85,86,92,93]",11,2288,82,0.0358391608391608,2
"[0,1,2,3,4,5,6,7,8,9,10,11,12,13,14,15,20,22,23,25,26,30,31,33,35,39,40,42,46,48,51,53,57,67,80,82,85,86,92,93]",12,2288,35,0.0152972027972028,2
"[0,1,2,3,4,5,6,7,8,9,10,11,12,13,14,15,20,22,23,25,26,30,31,33,35,39,40,42,46,48,51,53,57,67,80,82,85,86,92,93]",13,2288,91,0.0397727272727273,2
"[0,1,2,3,4,5,6,7,8,9,10,11,12,13,14,15,20,22,23,25,26,30,31,33,35,39,40,42,46,48,51,53,57,67,80,82,85,86,92,93]",14,2288,17,0.00743006993006993,2
"[0,1,2,3,4,5,6,7,8,9,10,11,12,13,14,15,20,22,23,25,26,30,31,33,35,39,40,42,46,48,51,53,57,67,80,82,85,86,92,93]",15,2288,191,0.083479020979021,2
"[0,1,2,3,4,5,6,7,8,9,10,11,12,13,14,15,20,22,23,25,26,30,31,33,35,39,40,42,46,48,51,53,57,67,80,82,85,86,92,93]",20,2288,101,0.0441433566433566,2
"[0,1,2,3,4,5,6,7,8,9,10,11,12,13,14,15,20,22,23,25,26,30,31,33,35,39,40,42,46,48,51,53,57,67,80,82,85,86,92,93]",22,2288,61,0.0266608391608392,2
"[0,1,2,3,4,5,6,7,8,9,10,11,12,13,14,15,20,22,23,25,26,30,31,33,35,39,40,42,46,48,51,53,57,67,80,82,85,86,92,93]",23,2288,108,0.0472027972027972,2
"[0,1,2,3,4,5,6,7,8,9,10,11,12,13,14,15,20,22,23,25,26,30,31,33,35,39,40,42,46,48,51,53,57,67,80,82,85,86,92,93]",25,2288,24,0.0104895104895105,2
"[0,1,2,3,4,5,6,7,8,9,10,11,12,13,14,15,20,22,23,25,26,30,31,33,35,39,40,42,46,48,51,53,57,67,80,82,85,86,92,93]",26,2288,30,0.0131118881118881,2
"[0,1,2,3,4,5,6,7,8,9,10,11,12,13,14,15,20,22,23,25,26,30,31,33,35,39,40,42,46,48,51,53,57,67,80,82,85,86,92,93]",30,2288,49,0.0214160839160839,2
"[0,1,2,3,4,5,6,7,8,9,10,11,12,13,14,15,20,22,23,25,26,30,31,33,35,39,40,42,46,48,51,53,57,67,80,82,85,86,92,93]",31,2288,92,0.0402097902097902,2
"[0,1,2,3,4,5,6,7,8,9,10,11,12,13,14,15,20,22,23,25,26,30,31,33,35,39,40,42,46,48,51,53,57,67,80,82,85,86,92,93]",33,2288,4,0.00174825174825175,2
"[0,1,2,3,4,5,6,7,8,9,10,11,12,13,14,15,20,22,23,25,26,30,31,33,35,39,40,42,46,48,51,53,57,67,80,82,85,86,92,93]",35,2288,17,0.00743006993006993,2
"[0,1,2,3,4,5,6,7,8,9,10,11,12,13,14,15,20,22,23,25,26,30,31,33,35,39,40,42,46,48,51,53,57,67,80,82,85,86,92,93]",39,2288,60,0.0262237762237762,2
"[0,1,2,3,4,5,6,7,8,9,10,11,12,13,14,15,20,22,23,25,26,30,31,33,35,39,40,42,46,48,51,53,57,67,80,82,85,86,92,93]",40,2288,24,0.0104895104895105,2
"[0,1,2,3,4,5,6,7,8,9,10,11,12,13,14,15,20,22,23,25,26,30,31,33,35,39,40,42,46,48,51,53,57,67,80,82,85,86,92,93]",42,2288,48,0.020979020979021,2
"[0,1,2,3,4,5,6,7,8,9,10,11,12,13,14,15,20,22,23,25,26,30,31,33,35,39,40,42,46,48,51,53,57,67,80,82,85,86,92,93]",46,2288,31,0.013548951048951,2
"[0,1,2,3,4,5,6,7,8,9,10,11,12,13,14,15,20,22,23,25,26,30,31,33,35,39,40,42,46,48,51,53,57,67,80,82,85,86,92,93]",48,2288,6,0.00262237762237762,2
"[0,1,2,3,4,5,6,7,8,9,10,11,12,13,14,15,20,22,23,25,26,30,31,33,35,39,40,42,46,48,51,53,57,67,80,82,85,86,92,93]",51,2288,4,0.00174825174825175,2
"[0,1,2,3,4,5,6,7,8,9,10,11,12,13,14,15,20,22,23,25,26,30,31,33,35,39,40,42,46,48,51,53,57,67,80,82,85,86,92,93]",53,2288,9,0.00393356643356643,2
"[0,1,2,3,4,5,6,7,8,9,10,11,12,13,14,15,20,22,23,25,26,30,31,33,35,39,40,42,46,48,51,53,57,67,80,82,85,86,92,93]",57,2288,36,0.0157342657342657,2
"[0,1,2,3,4,5,6,7,8,9,10,11,12,13,14,15,20,22,23,25,26,30,31,33,35,39,40,42,46,48,51,53,57,67,80,82,85,86,92,93]",67,2288,9,0.00393356643356643,2
"[0,1,2,3,4,5,6,7,8,9,10,11,12,13,14,15,20,22,23,25,26,30,31,33,35,39,40,42,46,48,51,53,57,67,80,82,85,86,92,93]",80,2288,7,0.00305944055944056,2
"[0,1,2,3,4,5,6,7,8,9,10,11,12,13,14,15,20,22,23,25,26,30,31,33,35,39,40,42,46,48,51,53,57,67,80,82,85,86,92,93]",82,2288,18,0.00786713286713287,2
"[0,1,2,3,4,5,6,7,8,9,10,11,12,13,14,15,20,22,23,25,26,30,31,33,35,39,40,42,46,48,51,53,57,67,80,82,85,86,92,93]",85,2288,10,0.00437062937062937,2
"[0,1,2,3,4,5,6,7,8,9,10,11,12,13,14,15,20,22,23,25,26,30,31,33,35,39,40,42,46,48,51,53,57,67,80,82,85,86,92,93]",86,2288,7,0.00305944055944056,2
"[0,1,2,3,4,5,6,7,8,9,10,11,12,13,14,15,20,22,23,25,26,30,31,33,35,39,40,42,46,48,51,53,57,67,80,82,85,86,92,93]",92,2288,3,0.00131118881118881,2
"[0,1,2,3,4,5,6,7,8,9,10,11,12,13,14,15,20,22,23,25,26,30,31,33,35,39,40,42,46,48,51,53,57,67,80,82,85,86,92,93]",93,2288,3,0.00131118881118881,2
"[0,1,2,3,4,5,6,7,8,9,10,11,12,13,14,15,20,22,23,25,26,30,31,33,35,39,40,42,46,48,52,57,67,80,82,84,85,86,92,93]",0,964,15,0.0155601659751037,1
"[0,1,2,3,4,5,6,7,8,9,10,11,12,13,14,15,20,22,23,25,26,30,31,33,35,39,40,42,46,48,52,57,67,80,82,84,85,86,92,93]",1,964,22,0.0228215767634855,1
"[0,1,2,3,4,5,6,7,8,9,10,11,12,13,14,15,20,22,23,25,26,30,31,33,35,39,40,42,46,48,52,57,67,80,82,84,85,86,92,93]",2,964,85,0.0881742738589212,1
"[0,1,2,3,4,5,6,7,8,9,10,11,12,13,14,15,20,22,23,25,26,30,31,33,35,39,40,42,46,48,52,57,67,80,82,84,85,86,92,93]",3,964,11,0.0114107883817427,1
"[0,1,2,3,4,5,6,7,8,9,10,11,12,13,14,15,20,22,23,25,26,30,31,33,35,39,40,42,46,48,52,57,67,80,82,84,85,86,92,93]",4,964,42,0.0435684647302905,1
"[0,1,2,3,4,5,6,7,8,9,10,11,12,13,14,15,20,22,23,25,26,30,31,33,35,39,40,42,46,48,52,57,67,80,82,84,85,86,92,93]",5,964,73,0.0757261410788382,1
"[0,1,2,3,4,5,6,7,8,9,10,11,12,13,14,15,20,22,23,25,26,30,31,33,35,39,40,42,46,48,52,57,67,80,82,84,85,86,92,93]",6,964,28,0.029045643153527,1
"[0,1,2,3,4,5,6,7,8,9,10,11,12,13,14,15,20,22,23,25,26,30,31,33,35,39,40,42,46,48,52,57,67,80,82,84,85,86,92,93]",7,964,145,0.150414937759336,1
"[0,1,2,3,4,5,6,7,8,9,10,11,12,13,14,15,20,22,23,25,26,30,31,33,35,39,40,42,46,48,52,57,67,80,82,84,85,86,92,93]",8,964,17,0.0176348547717842,1
"[0,1,2,3,4,5,6,7,8,9,10,11,12,13,14,15,20,22,23,25,26,30,31,33,35,39,40,42,46,48,52,57,67,80,82,84,85,86,92,93]",9,964,41,0.0425311203319502,1
"[0,1,2,3,4,5,6,7,8,9,10,11,12,13,14,15,20,22,23,25,26,30,31,33,35,39,40,42,46,48,52,57,67,80,82,84,85,86,92,93]",10,964,29,0.0300829875518672,1
"[0,1,2,3,4,5,6,7,8,9,10,11,12,13,14,15,20,22,23,25,26,30,31,33,35,39,40,42,46,48,52,57,67,80,82,84,85,86,92,93]",11,964,73,0.0757261410788382,1
"[0,1,2,3,4,5,6,7,8,9,10,11,12,13,14,15,20,22,23,25,26,30,31,33,35,39,40,42,46,48,52,57,67,80,82,84,85,86,92,93]",12,964,6,0.00622406639004149,1
"[0,1,2,3,4,5,6,7,8,9,10,11,12,13,14,15,20,22,23,25,26,30,31,33,35,39,40,42,46,48,52,57,67,80,82,84,85,86,92,93]",13,964,41,0.0425311203319502,1
"[0,1,2,3,4,5,6,7,8,9,10,11,12,13,14,15,20,22,23,25,26,30,31,33,35,39,40,42,46,48,52,57,67,80,82,84,85,86,92,93]",14,964,15,0.0155601659751037,1
"[0,1,2,3,4,5,6,7,8,9,10,11,12,13,14,15,20,22,23,25,26,30,31,33,35,39,40,42,46,48,52,57,67,80,82,84,85,86,92,93]",15,964,16,0.016597510373444,1
"[0,1,2,3,4,5,6,7,8,9,10,11,12,13,14,15,20,22,23,25,26,30,31,33,35,39,40,42,46,48,52,57,67,80,82,84,85,86,92,93]",20,964,40,0.04149377593361,1
"[0,1,2,3,4,5,6,7,8,9,10,11,12,13,14,15,20,22,23,25,26,30,31,33,35,39,40,42,46,48,52,57,67,80,82,84,85,86,92,93]",22,964,11,0.0114107883817427,1
"[0,1,2,3,4,5,6,7,8,9,10,11,12,13,14,15,20,22,23,25,26,30,31,33,35,39,40,42,46,48,52,57,67,80,82,84,85,86,92,93]",23,964,21,0.0217842323651452,1
"[0,1,2,3,4,5,6,7,8,9,10,11,12,13,14,15,20,22,23,25,26,30,31,33,35,39,40,42,46,48,52,57,67,80,82,84,85,86,92,93]",25,964,10,0.0103734439834025,1
"[0,1,2,3,4,5,6,7,8,9,10,11,12,13,14,15,20,22,23,25,26,30,31,33,35,39,40,42,46,48,52,57,67,80,82,84,85,86,92,93]",26,964,30,0.0311203319502075,1
"[0,1,2,3,4,5,6,7,8,9,10,11,12,13,14,15,20,22,23,25,26,30,31,33,35,39,40,42,46,48,52,57,67,80,82,84,85,86,92,93]",30,964,8,0.00829875518672199,1
"[0,1,2,3,4,5,6,7,8,9,10,11,12,13,14,15,20,22,23,25,26,30,31,33,35,39,40,42,46,48,52,57,67,80,82,84,85,86,92,93]",31,964,21,0.0217842323651452,1
"[0,1,2,3,4,5,6,7,8,9,10,11,12,13,14,15,20,22,23,25,26,30,31,33,35,39,40,42,46,48,52,57,67,80,82,84,85,86,92,93]",33,964,3,0.00311203319502075,1
"[0,1,2,3,4,5,6,7,8,9,10,11,12,13,14,15,20,22,23,25,26,30,31,33,35,39,40,42,46,48,52,57,67,80,82,84,85,86,92,93]",35,964,11,0.0114107883817427,1
"[0,1,2,3,4,5,6,7,8,9,10,11,12,13,14,15,20,22,23,25,26,30,31,33,35,39,40,42,46,48,52,57,67,80,82,84,85,86,92,93]",39,964,6,0.00622406639004149,1
"[0,1,2,3,4,5,6,7,8,9,10,11,12,13,14,15,20,22,23,25,26,30,31,33,35,39,40,42,46,48,52,57,67,80,82,84,85,86,92,93]",40,964,9,0.00933609958506224,1
"[0,1,2,3,4,5,6,7,8,9,10,11,12,13,14,15,20,22,23,25,26,30,31,33,35,39,40,42,46,48,52,57,67,80,82,84,85,86,92,93]",42,964,22,0.0228215767634855,1
"[0,1,2,3,4,5,6,7,8,9,10,11,12,13,14,15,20,22,23,25,26,30,31,33,35,39,40,42,46,48,52,57,67,80,82,84,85,86,92,93]",46,964,19,0.0197095435684647,1
"[0,1,2,3,4,5,6,7,8,9,10,11,12,13,14,15,20,22,23,25,26,30,31,33,35,39,40,42,46,48,52,57,67,80,82,84,85,86,92,93]",48,964,4,0.004149377593361,1
"[0,1,2,3,4,5,6,7,8,9,10,11,12,13,14,15,20,22,23,25,26,30,31,33,35,39,40,42,46,48,52,57,67,80,82,84,85,86,92,93]",52,964,2,0.0020746887966805,1
"[0,1,2,3,4,5,6,7,8,9,10,11,12,13,14,15,20,22,23,25,26,30,31,33,35,39,40,42,46,48,52,57,67,80,82,84,85,86,92,93]",57,964,7,0.00726141078838174,1
"[0,1,2,3,4,5,6,7,8,9,10,11,12,13,14,15,20,22,23,25,26,30,31,33,35,39,40,42,46,48,52,57,67,80,82,84,85,86,92,93]",67,964,50,0.0518672199170125,1
"[0,1,2,3,4,5,6,7,8,9,10,11,12,13,14,15,20,22,23,25,26,30,31,33,35,39,40,42,46,48,52,57,67,80,82,84,85,86,92,93]",80,964,4,0.004149377593361,1
"[0,1,2,3,4,5,6,7,8,9,10,11,12,13,14,15,20,22,23,25,26,30,31,33,35,39,40,42,46,48,52,57,67,80,82,84,85,86,92,93]",82,964,6,0.00622406639004149,1
"[0,1,2,3,4,5,6,7,8,9,10,11,12,13,14,15,20,22,23,25,26,30,31,33,35,39,40,42,46,48,52,57,67,80,82,84,85,86,92,93]",84,964,14,0.0145228215767635,1
"[0,1,2,3,4,5,6,7,8,9,10,11,12,13,14,15,20,22,23,25,26,30,31,33,35,39,40,42,46,48,52,57,67,80,82,84,85,86,92,93]",85,964,3,0.00311203319502075,1
"[0,1,2,3,4,5,6,7,8,9,10,11,12,13,14,15,20,22,23,25,26,30,31,33,35,39,40,42,46,48,52,57,67,80,82,84,85,86,92,93]",86,964,1,0.00103734439834025,1
"[0,1,2,3,4,5,6,7,8,9,10,11,12,13,14,15,20,22,23,25,26,30,31,33,35,39,40,42,46,48,52,57,67,80,82,84,85,86,92,93]",92,964,1,0.00103734439834025,1
"[0,1,2,3,4,5,6,7,8,9,10,11,12,13,14,15,20,22,23,25,26,30,31,33,35,39,40,42,46,48,52,57,67,80,82,84,85,86,92,93]",93,964,2,0.0020746887966805,1
"[0,1,2,3,4,5,6,7,8,9,10,11,12,13,14,15,20,22,23,25,26,30,31,33,35,39,40,42,46,48,53,54,57,67,80,82,84,85,86,93]",0,1382,15,0.0108538350217077,1
"[0,1,2,3,4,5,6,7,8,9,10,11,12,13,14,15,20,22,23,25,26,30,31,33,35,39,40,42,46,48,53,54,57,67,80,82,84,85,86,93]",1,1382,21,0.0151953690303907,1
"[0,1,2,3,4,5,6,7,8,9,10,11,12,13,14,15,20,22,23,25,26,30,31,33,35,39,40,42,46,48,53,54,57,67,80,82,84,85,86,93]",2,1382,165,0.119392185238784,1
"[0,1,2,3,4,5,6,7,8,9,10,11,12,13,14,15,20,22,23,25,26,30,31,33,35,39,40,42,46,48,53,54,57,67,80,82,84,85,86,93]",3,1382,14,0.0101302460202605,1
"[0,1,2,3,4,5,6,7,8,9,10,11,12,13,14,15,20,22,23,25,26,30,31,33,35,39,40,42,46,48,53,54,57,67,80,82,84,85,86,93]",4,1382,341,0.246743849493488,1
"[0,1,2,3,4,5,6,7,8,9,10,11,12,13,14,15,20,22,23,25,26,30,31,33,35,39,40,42,46,48,53,54,57,67,80,82,84,85,86,93]",5,1382,295,0.213458755426918,1
"[0,1,2,3,4,5,6,7,8,9,10,11,12,13,14,15,20,22,23,25,26,30,31,33,35,39,40,42,46,48,53,54,57,67,80,82,84,85,86,93]",6,1382,36,0.0260492040520984,1
"[0,1,2,3,4,5,6,7,8,9,10,11,12,13,14,15,20,22,23,25,26,30,31,33,35,39,40,42,46,48,53,54,57,67,80,82,84,85,86,93]",7,1382,123,0.0890014471780029,1
"[0,1,2,3,4,5,6,7,8,9,10,11,12,13,14,15,20,22,23,25,26,30,31,33,35,39,40,42,46,48,53,54,57,67,80,82,84,85,86,93]",8,1382,3,0.00217076700434153,1
"[0,1,2,3,4,5,6,7,8,9,10,11,12,13,14,15,20,22,23,25,26,30,31,33,35,39,40,42,46,48,53,54,57,67,80,82,84,85,86,93]",9,1382,21,0.0151953690303907,1
"[0,1,2,3,4,5,6,7,8,9,10,11,12,13,14,15,20,22,23,25,26,30,31,33,35,39,40,42,46,48,53,54,57,67,80,82,84,85,86,93]",10,1382,16,0.0115774240231548,1
"[0,1,2,3,4,5,6,7,8,9,10,11,12,13,14,15,20,22,23,25,26,30,31,33,35,39,40,42,46,48,53,54,57,67,80,82,84,85,86,93]",11,1382,32,0.0231548480463097,1
"[0,1,2,3,4,5,6,7,8,9,10,11,12,13,14,15,20,22,23,25,26,30,31,33,35,39,40,42,46,48,53,54,57,67,80,82,84,85,86,93]",12,1382,13,0.00940665701881331,1
"[0,1,2,3,4,5,6,7,8,9,10,11,12,13,14,15,20,22,23,25,26,30,31,33,35,39,40,42,46,48,53,54,57,67,80,82,84,85,86,93]",13,1382,14,0.0101302460202605,1
"[0,1,2,3,4,5,6,7,8,9,10,11,12,13,14,15,20,22,23,25,26,30,31,33,35,39,40,42,46,48,53,54,57,67,80,82,84,85,86,93]",14,1382,3,0.00217076700434153,1
"[0,1,2,3,4,5,6,7,8,9,10,11,12,13,14,15,20,22,23,25,26,30,31,33,35,39,40,42,46,48,53,54,57,67,80,82,84,85,86,93]",15,1382,13,0.00940665701881331,1
"[0,1,2,3,4,5,6,7,8,9,10,11,12,13,14,15,20,22,23,25,26,30,31,33,35,39,40,42,46,48,53,54,57,67,80,82,84,85,86,93]",20,1382,39,0.0282199710564399,1
"[0,1,2,3,4,5,6,7,8,9,10,11,12,13,14,15,20,22,23,25,26,30,31,33,35,39,40,42,46,48,53,54,57,67,80,82,84,85,86,93]",22,1382,4,0.00289435600578871,1
"[0,1,2,3,4,5,6,7,8,9,10,11,12,13,14,15,20,22,23,25,26,30,31,33,35,39,40,42,46,48,53,54,57,67,80,82,84,85,86,93]",23,1382,12,0.00868306801736614,1
"[0,1,2,3,4,5,6,7,8,9,10,11,12,13,14,15,20,22,23,25,26,30,31,33,35,39,40,42,46,48,53,54,57,67,80,82,84,85,86,93]",25,1382,9,0.0065123010130246,1
"[0,1,2,3,4,5,6,7,8,9,10,11,12,13,14,15,20,22,23,25,26,30,31,33,35,39,40,42,46,48,53,54,57,67,80,82,84,85,86,93]",26,1382,21,0.0151953690303907,1
"[0,1,2,3,4,5,6,7,8,9,10,11,12,13,14,15,20,22,23,25,26,30,31,33,35,39,40,42,46,48,53,54,57,67,80,82,84,85,86,93]",30,1382,8,0.00578871201157742,1
"[0,1,2,3,4,5,6,7,8,9,10,11,12,13,14,15,20,22,23,25,26,30,31,33,35,39,40,42,46,48,53,54,57,67,80,82,84,85,86,93]",31,1382,21,0.0151953690303907,1
"[0,1,2,3,4,5,6,7,8,9,10,11,12,13,14,15,20,22,23,25,26,30,31,33,35,39,40,42,46,48,53,54,57,67,80,82,84,85,86,93]",33,1382,3,0.00217076700434153,1
"[0,1,2,3,4,5,6,7,8,9,10,11,12,13,14,15,20,22,23,25,26,30,31,33,35,39,40,42,46,48,53,54,57,67,80,82,84,85,86,93]",35,1382,41,0.0296671490593343,1
"[0,1,2,3,4,5,6,7,8,9,10,11,12,13,14,15,20,22,23,25,26,30,31,33,35,39,40,42,46,48,53,54,57,67,80,82,84,85,86,93]",39,1382,13,0.00940665701881331,1
"[0,1,2,3,4,5,6,7,8,9,10,11,12,13,14,15,20,22,23,25,26,30,31,33,35,39,40,42,46,48,53,54,57,67,80,82,84,85,86,93]",40,1382,3,0.00217076700434153,1
"[0,1,2,3,4,5,6,7,8,9,10,11,12,13,14,15,20,22,23,25,26,30,31,33,35,39,40,42,46,48,53,54,57,67,80,82,84,85,86,93]",42,1382,10,0.00723589001447178,1
"[0,1,2,3,4,5,6,7,8,9,10,11,12,13,14,15,20,22,23,25,26,30,31,33,35,39,40,42,46,48,53,54,57,67,80,82,84,85,86,93]",46,1382,14,0.0101302460202605,1
"[0,1,2,3,4,5,6,7,8,9,10,11,12,13,14,15,20,22,23,25,26,30,31,33,35,39,40,42,46,48,53,54,57,67,80,82,84,85,86,93]",48,1382,3,0.00217076700434153,1
"[0,1,2,3,4,5,6,7,8,9,10,11,12,13,14,15,20,22,23,25,26,30,31,33,35,39,40,42,46,48,53,54,57,67,80,82,84,85,86,93]",53,1382,6,0.00434153400868307,1
"[0,1,2,3,4,5,6,7,8,9,10,11,12,13,14,15,20,22,23,25,26,30,31,33,35,39,40,42,46,48,53,54,57,67,80,82,84,85,86,93]",54,1382,5,0.00361794500723589,1
"[0,1,2,3,4,5,6,7,8,9,10,11,12,13,14,15,20,22,23,25,26,30,31,33,35,39,40,42,46,48,53,54,57,67,80,82,84,85,86,93]",57,1382,13,0.00940665701881331,1
"[0,1,2,3,4,5,6,7,8,9,10,11,12,13,14,15,20,22,23,25,26,30,31,33,35,39,40,42,46,48,53,54,57,67,80,82,84,85,86,93]",67,1382,3,0.00217076700434153,1
"[0,1,2,3,4,5,6,7,8,9,10,11,12,13,14,15,20,22,23,25,26,30,31,33,35,39,40,42,46,48,53,54,57,67,80,82,84,85,86,93]",80,1382,10,0.00723589001447178,1
"[0,1,2,3,4,5,6,7,8,9,10,11,12,13,14,15,20,22,23,25,26,30,31,33,35,39,40,42,46,48,53,54,57,67,80,82,84,85,86,93]",82,1382,6,0.00434153400868307,1
"[0,1,2,3,4,5,6,7,8,9,10,11,12,13,14,15,20,22,23,25,26,30,31,33,35,39,40,42,46,48,53,54,57,67,80,82,84,85,86,93]",84,1382,2,0.00144717800289436,1
"[0,1,2,3,4,5,6,7,8,9,10,11,12,13,14,15,20,22,23,25,26,30,31,33,35,39,40,42,46,48,53,54,57,67,80,82,84,85,86,93]",85,1382,6,0.00434153400868307,1
"[0,1,2,3,4,5,6,7,8,9,10,11,12,13,14,15,20,22,23,25,26,30,31,33,35,39,40,42,46,48,53,54,57,67,80,82,84,85,86,93]",86,1382,1,0.000723589001447178,1
"[0,1,2,3,4,5,6,7,8,9,10,11,12,13,14,15,20,22,23,25,26,30,31,33,35,39,40,42,46,48,53,54,57,67,80,82,84,85,86,93]",93,1382,4,0.00289435600578871,1
"[0,1,2,3,4,5,6,7,8,9,10,11,12,13,14,15,20,22,23,25,26,30,31,33,35,39,40,42,46,48,53,54,57,80,82,84,85,86,93]",0,2184,3,0.00137362637362637,1
"[0,1,2,3,4,5,6,7,8,9,10,11,12,13,14,15,20,22,23,25,26,30,31,33,35,39,40,42,46,48,53,54,57,80,82,84,85,86,93]",1,2184,26,0.0119047619047619,1
"[0,1,2,3,4,5,6,7,8,9,10,11,12,13,14,15,20,22,23,25,26,30,31,33,35,39,40,42,46,48,53,54,57,80,82,84,85,86,93]",2,2184,48,0.021978021978022,1
"[0,1,2,3,4,5,6,7,8,9,10,11,12,13,14,15,20,22,23,25,26,30,31,33,35,39,40,42,46,48,53,54,57,80,82,84,85,86,93]",3,2184,11,0.00503663003663004,1
"[0,1,2,3,4,5,6,7,8,9,10,11,12,13,14,15,20,22,23,25,26,30,31,33,35,39,40,42,46,48,53,54,57,80,82,84,85,86,93]",4,2184,627,0.287087912087912,1
"[0,1,2,3,4,5,6,7,8,9,10,11,12,13,14,15,20,22,23,25,26,30,31,33,35,39,40,42,46,48,53,54,57,80,82,84,85,86,93]",5,2184,405,0.18543956043956,1
"[0,1,2,3,4,5,6,7,8,9,10,11,12,13,14,15,20,22,23,25,26,30,31,33,35,39,40,42,46,48,53,54,57,80,82,84,85,86,93]",6,2184,3,0.00137362637362637,1
"[0,1,2,3,4,5,6,7,8,9,10,11,12,13,14,15,20,22,23,25,26,30,31,33,35,39,40,42,46,48,53,54,57,80,82,84,85,86,93]",7,2184,275,0.125915750915751,1
"[0,1,2,3,4,5,6,7,8,9,10,11,12,13,14,15,20,22,23,25,26,30,31,33,35,39,40,42,46,48,53,54,57,80,82,84,85,86,93]",8,2184,3,0.00137362637362637,1
"[0,1,2,3,4,5,6,7,8,9,10,11,12,13,14,15,20,22,23,25,26,30,31,33,35,39,40,42,46,48,53,54,57,80,82,84,85,86,93]",9,2184,88,0.0402930402930403,1
"[0,1,2,3,4,5,6,7,8,9,10,11,12,13,14,15,20,22,23,25,26,30,31,33,35,39,40,42,46,48,53,54,57,80,82,84,85,86,93]",10,2184,51,0.0233516483516484,1
"[0,1,2,3,4,5,6,7,8,9,10,11,12,13,14,15,20,22,23,25,26,30,31,33,35,39,40,42,46,48,53,54,57,80,82,84,85,86,93]",11,2184,131,0.059981684981685,1
"[0,1,2,3,4,5,6,7,8,9,10,11,12,13,14,15,20,22,23,25,26,30,31,33,35,39,40,42,46,48,53,54,57,80,82,84,85,86,93]",12,2184,10,0.00457875457875458,1
"[0,1,2,3,4,5,6,7,8,9,10,11,12,13,14,15,20,22,23,25,26,30,31,33,35,39,40,42,46,48,53,54,57,80,82,84,85,86,93]",13,2184,70,0.032051282051282,1
"[0,1,2,3,4,5,6,7,8,9,10,11,12,13,14,15,20,22,23,25,26,30,31,33,35,39,40,42,46,48,53,54,57,80,82,84,85,86,93]",14,2184,9,0.00412087912087912,1
"[0,1,2,3,4,5,6,7,8,9,10,11,12,13,14,15,20,22,23,25,26,30,31,33,35,39,40,42,46,48,53,54,57,80,82,84,85,86,93]",15,2184,246,0.112637362637363,1
"[0,1,2,3,4,5,6,7,8,9,10,11,12,13,14,15,20,22,23,25,26,30,31,33,35,39,40,42,46,48,53,54,57,80,82,84,85,86,93]",20,2184,23,0.0105311355311355,1
"[0,1,2,3,4,5,6,7,8,9,10,11,12,13,14,15,20,22,23,25,26,30,31,33,35,39,40,42,46,48,53,54,57,80,82,84,85,86,93]",22,2184,5,0.00228937728937729,1
"[0,1,2,3,4,5,6,7,8,9,10,11,12,13,14,15,20,22,23,25,26,30,31,33,35,39,40,42,46,48,53,54,57,80,82,84,85,86,93]",23,2184,10,0.00457875457875458,1
"[0,1,2,3,4,5,6,7,8,9,10,11,12,13,14,15,20,22,23,25,26,30,31,33,35,39,40,42,46,48,53,54,57,80,82,84,85,86,93]",25,2184,10,0.00457875457875458,1
"[0,1,2,3,4,5,6,7,8,9,10,11,12,13,14,15,20,22,23,25,26,30,31,33,35,39,40,42,46,48,53,54,57,80,82,84,85,86,93]",26,2184,11,0.00503663003663004,1
"[0,1,2,3,4,5,6,7,8,9,10,11,12,13,14,15,20,22,23,25,26,30,31,33,35,39,40,42,46,48,53,54,57,80,82,84,85,86,93]",30,2184,3,0.00137362637362637,1
"[0,1,2,3,4,5,6,7,8,9,10,11,12,13,14,15,20,22,23,25,26,30,31,33,35,39,40,42,46,48,53,54,57,80,82,84,85,86,93]",31,2184,13,0.00595238095238095,1
"[0,1,2,3,4,5,6,7,8,9,10,11,12,13,14,15,20,22,23,25,26,30,31,33,35,39,40,42,46,48,53,54,57,80,82,84,85,86,93]",33,2184,2,0.000915750915750916,1
"[0,1,2,3,4,5,6,7,8,9,10,11,12,13,14,15,20,22,23,25,26,30,31,33,35,39,40,42,46,48,53,54,57,80,82,84,85,86,93]",35,2184,9,0.00412087912087912,1
"[0,1,2,3,4,5,6,7,8,9,10,11,12,13,14,15,20,22,23,25,26,30,31,33,35,39,40,42,46,48,53,54,57,80,82,84,85,86,93]",39,2184,11,0.00503663003663004,1
"[0,1,2,3,4,5,6,7,8,9,10,11,12,13,14,15,20,22,23,25,26,30,31,33,35,39,40,42,46,48,53,54,57,80,82,84,85,86,93]",40,2184,3,0.00137362637362637,1
"[0,1,2,3,4,5,6,7,8,9,10,11,12,13,14,15,20,22,23,25,26,30,31,33,35,39,40,42,46,48,53,54,57,80,82,84,85,86,93]",42,2184,6,0.00274725274725275,1
"[0,1,2,3,4,5,6,7,8,9,10,11,12,13,14,15,20,22,23,25,26,30,31,33,35,39,40,42,46,48,53,54,57,80,82,84,85,86,93]",46,2184,9,0.00412087912087912,1
"[0,1,2,3,4,5,6,7,8,9,10,11,12,13,14,15,20,22,23,25,26,30,31,33,35,39,40,42,46,48,53,54,57,80,82,84,85,86,93]",48,2184,1,0.000457875457875458,1
"[0,1,2,3,4,5,6,7,8,9,10,11,12,13,14,15,20,22,23,25,26,30,31,33,35,39,40,42,46,48,53,54,57,80,82,84,85,86,93]",53,2184,10,0.00457875457875458,1
"[0,1,2,3,4,5,6,7,8,9,10,11,12,13,14,15,20,22,23,25,26,30,31,33,35,39,40,42,46,48,53,54,57,80,82,84,85,86,93]",54,2184,2,0.000915750915750916,1
"[0,1,2,3,4,5,6,7,8,9,10,11,12,13,14,15,20,22,23,25,26,30,31,33,35,39,40,42,46,48,53,54,57,80,82,84,85,86,93]",57,2184,30,0.0137362637362637,1
"[0,1,2,3,4,5,6,7,8,9,10,11,12,13,14,15,20,22,23,25,26,30,31,33,35,39,40,42,46,48,53,54,57,80,82,84,85,86,93]",80,2184,6,0.00274725274725275,1
"[0,1,2,3,4,5,6,7,8,9,10,11,12,13,14,15,20,22,23,25,26,30,31,33,35,39,40,42,46,48,53,54,57,80,82,84,85,86,93]",82,2184,3,0.00137362637362637,1
"[0,1,2,3,4,5,6,7,8,9,10,11,12,13,14,15,20,22,23,25,26,30,31,33,35,39,40,42,46,48,53,54,57,80,82,84,85,86,93]",84,2184,1,0.000457875457875458,1
"[0,1,2,3,4,5,6,7,8,9,10,11,12,13,14,15,20,22,23,25,26,30,31,33,35,39,40,42,46,48,53,54,57,80,82,84,85,86,93]",85,2184,5,0.00228937728937729,1
"[0,1,2,3,4,5,6,7,8,9,10,11,12,13,14,15,20,22,23,25,26,30,31,33,35,39,40,42,46,48,53,54,57,80,82,84,85,86,93]",86,2184,3,0.00137362637362637,1
"[0,1,2,3,4,5,6,7,8,9,10,11,12,13,14,15,20,22,23,25,26,30,31,33,35,39,40,42,46,48,53,54,57,80,82,84,85,86,93]",93,2184,2,0.000915750915750916,1
"[0,1,2,3,4,5,6,7,8,9,10,11,12,13,14,15,20,22,23,25,26,30,31,33,35,39,40,42,46,48,53,57,67,80,82,84,85,86,92,93]",0,962,12,0.0124740124740125,1
"[0,1,2,3,4,5,6,7,8,9,10,11,12,13,14,15,20,22,23,25,26,30,31,33,35,39,40,42,46,48,53,57,67,80,82,84,85,86,92,93]",1,962,30,0.0311850311850312,1
"[0,1,2,3,4,5,6,7,8,9,10,11,12,13,14,15,20,22,23,25,26,30,31,33,35,39,40,42,46,48,53,57,67,80,82,84,85,86,92,93]",2,962,140,0.145530145530146,1
"[0,1,2,3,4,5,6,7,8,9,10,11,12,13,14,15,20,22,23,25,26,30,31,33,35,39,40,42,46,48,53,57,67,80,82,84,85,86,92,93]",3,962,7,0.00727650727650728,1
"[0,1,2,3,4,5,6,7,8,9,10,11,12,13,14,15,20,22,23,25,26,30,31,33,35,39,40,42,46,48,53,57,67,80,82,84,85,86,92,93]",4,962,30,0.0311850311850312,1
"[0,1,2,3,4,5,6,7,8,9,10,11,12,13,14,15,20,22,23,25,26,30,31,33,35,39,40,42,46,48,53,57,67,80,82,84,85,86,92,93]",5,962,21,0.0218295218295218,1
"[0,1,2,3,4,5,6,7,8,9,10,11,12,13,14,15,20,22,23,25,26,30,31,33,35,39,40,42,46,48,53,57,67,80,82,84,85,86,92,93]",6,962,39,0.0405405405405405,1
"[0,1,2,3,4,5,6,7,8,9,10,11,12,13,14,15,20,22,23,25,26,30,31,33,35,39,40,42,46,48,53,57,67,80,82,84,85,86,92,93]",7,962,136,0.141372141372141,1
"[0,1,2,3,4,5,6,7,8,9,10,11,12,13,14,15,20,22,23,25,26,30,31,33,35,39,40,42,46,48,53,57,67,80,82,84,85,86,92,93]",8,962,17,0.0176715176715177,1
"[0,1,2,3,4,5,6,7,8,9,10,11,12,13,14,15,20,22,23,25,26,30,31,33,35,39,40,42,46,48,53,57,67,80,82,84,85,86,92,93]",9,962,21,0.0218295218295218,1
"[0,1,2,3,4,5,6,7,8,9,10,11,12,13,14,15,20,22,23,25,26,30,31,33,35,39,40,42,46,48,53,57,67,80,82,84,85,86,92,93]",10,962,33,0.0343035343035343,1
"[0,1,2,3,4,5,6,7,8,9,10,11,12,13,14,15,20,22,23,25,26,30,31,33,35,39,40,42,46,48,53,57,67,80,82,84,85,86,92,93]",11,962,40,0.0415800415800416,1
"[0,1,2,3,4,5,6,7,8,9,10,11,12,13,14,15,20,22,23,25,26,30,31,33,35,39,40,42,46,48,53,57,67,80,82,84,85,86,92,93]",12,962,8,0.00831600831600832,1
"[0,1,2,3,4,5,6,7,8,9,10,11,12,13,14,15,20,22,23,25,26,30,31,33,35,39,40,42,46,48,53,57,67,80,82,84,85,86,92,93]",13,962,44,0.0457380457380457,1
"[0,1,2,3,4,5,6,7,8,9,10,11,12,13,14,15,20,22,23,25,26,30,31,33,35,39,40,42,46,48,53,57,67,80,82,84,85,86,92,93]",14,962,13,0.0135135135135135,1
"[0,1,2,3,4,5,6,7,8,9,10,11,12,13,14,15,20,22,23,25,26,30,31,33,35,39,40,42,46,48,53,57,67,80,82,84,85,86,92,93]",15,962,27,0.0280665280665281,1
"[0,1,2,3,4,5,6,7,8,9,10,11,12,13,14,15,20,22,23,25,26,30,31,33,35,39,40,42,46,48,53,57,67,80,82,84,85,86,92,93]",20,962,38,0.0395010395010395,1
"[0,1,2,3,4,5,6,7,8,9,10,11,12,13,14,15,20,22,23,25,26,30,31,33,35,39,40,42,46,48,53,57,67,80,82,84,85,86,92,93]",22,962,7,0.00727650727650728,1
"[0,1,2,3,4,5,6,7,8,9,10,11,12,13,14,15,20,22,23,25,26,30,31,33,35,39,40,42,46,48,53,57,67,80,82,84,85,86,92,93]",23,962,18,0.0187110187110187,1
"[0,1,2,3,4,5,6,7,8,9,10,11,12,13,14,15,20,22,23,25,26,30,31,33,35,39,40,42,46,48,53,57,67,80,82,84,85,86,92,93]",25,962,10,0.0103950103950104,1
"[0,1,2,3,4,5,6,7,8,9,10,11,12,13,14,15,20,22,23,25,26,30,31,33,35,39,40,42,46,48,53,57,67,80,82,84,85,86,92,93]",26,962,33,0.0343035343035343,1
"[0,1,2,3,4,5,6,7,8,9,10,11,12,13,14,15,20,22,23,25,26,30,31,33,35,39,40,42,46,48,53,57,67,80,82,84,85,86,92,93]",30,962,11,0.0114345114345114,1
"[0,1,2,3,4,5,6,7,8,9,10,11,12,13,14,15,20,22,23,25,26,30,31,33,35,39,40,42,46,48,53,57,67,80,82,84,85,86,92,93]",31,962,23,0.0239085239085239,1
"[0,1,2,3,4,5,6,7,8,9,10,11,12,13,14,15,20,22,23,25,26,30,31,33,35,39,40,42,46,48,53,57,67,80,82,84,85,86,92,93]",33,962,6,0.00623700623700624,1
"[0,1,2,3,4,5,6,7,8,9,10,11,12,13,14,15,20,22,23,25,26,30,31,33,35,39,40,42,46,48,53,57,67,80,82,84,85,86,92,93]",35,962,25,0.025987525987526,1
"[0,1,2,3,4,5,6,7,8,9,10,11,12,13,14,15,20,22,23,25,26,30,31,33,35,39,40,42,46,48,53,57,67,80,82,84,85,86,92,93]",39,962,23,0.0239085239085239,1
"[0,1,2,3,4,5,6,7,8,9,10,11,12,13,14,15,20,22,23,25,26,30,31,33,35,39,40,42,46,48,53,57,67,80,82,84,85,86,92,93]",40,962,12,0.0124740124740125,1
"[0,1,2,3,4,5,6,7,8,9,10,11,12,13,14,15,20,22,23,25,26,30,31,33,35,39,40,42,46,48,53,57,67,80,82,84,85,86,92,93]",42,962,67,0.0696465696465697,1
"[0,1,2,3,4,5,6,7,8,9,10,11,12,13,14,15,20,22,23,25,26,30,31,33,35,39,40,42,46,48,53,57,67,80,82,84,85,86,92,93]",46,962,13,0.0135135135135135,1
"[0,1,2,3,4,5,6,7,8,9,10,11,12,13,14,15,20,22,23,25,26,30,31,33,35,39,40,42,46,48,53,57,67,80,82,84,85,86,92,93]",48,962,2,0.00207900207900208,1
"[0,1,2,3,4,5,6,7,8,9,10,11,12,13,14,15,20,22,23,25,26,30,31,33,35,39,40,42,46,48,53,57,67,80,82,84,85,86,92,93]",53,962,13,0.0135135135135135,1
"[0,1,2,3,4,5,6,7,8,9,10,11,12,13,14,15,20,22,23,25,26,30,31,33,35,39,40,42,46,48,53,57,67,80,82,84,85,86,92,93]",57,962,9,0.00935550935550936,1
"[0,1,2,3,4,5,6,7,8,9,10,11,12,13,14,15,20,22,23,25,26,30,31,33,35,39,40,42,46,48,53,57,67,80,82,84,85,86,92,93]",67,962,4,0.00415800415800416,1
"[0,1,2,3,4,5,6,7,8,9,10,11,12,13,14,15,20,22,23,25,26,30,31,33,35,39,40,42,46,48,53,57,67,80,82,84,85,86,92,93]",80,962,3,0.00311850311850312,1
"[0,1,2,3,4,5,6,7,8,9,10,11,12,13,14,15,20,22,23,25,26,30,31,33,35,39,40,42,46,48,53,57,67,80,82,84,85,86,92,93]",82,962,5,0.0051975051975052,1
"[0,1,2,3,4,5,6,7,8,9,10,11,12,13,14,15,20,22,23,25,26,30,31,33,35,39,40,42,46,48,53,57,67,80,82,84,85,86,92,93]",84,962,2,0.00207900207900208,1
"[0,1,2,3,4,5,6,7,8,9,10,11,12,13,14,15,20,22,23,25,26,30,31,33,35,39,40,42,46,48,53,57,67,80,82,84,85,86,92,93]",85,962,13,0.0135135135135135,1
"[0,1,2,3,4,5,6,7,8,9,10,11,12,13,14,15,20,22,23,25,26,30,31,33,35,39,40,42,46,48,53,57,67,80,82,84,85,86,92,93]",86,962,1,0.00103950103950104,1
"[0,1,2,3,4,5,6,7,8,9,10,11,12,13,14,15,20,22,23,25,26,30,31,33,35,39,40,42,46,48,53,57,67,80,82,84,85,86,92,93]",92,962,1,0.00103950103950104,1
"[0,1,2,3,4,5,6,7,8,9,10,11,12,13,14,15,20,22,23,25,26,30,31,33,35,39,40,42,46,48,53,57,67,80,82,84,85,86,92,93]",93,962,5,0.0051975051975052,1
"[0,1,2,3,4,5,6,7,8,9,10,11,12,13,14,15,20,22,23,25,26,30,31,33,35,39,40,42,46,51,53,57,67,80,82,84,85,93]",0,863,13,0.015063731170336,1
"[0,1,2,3,4,5,6,7,8,9,10,11,12,13,14,15,20,22,23,25,26,30,31,33,35,39,40,42,46,51,53,57,67,80,82,84,85,93]",1,863,25,0.0289687137891078,1
"[0,1,2,3,4,5,6,7,8,9,10,11,12,13,14,15,20,22,23,25,26,30,31,33,35,39,40,42,46,51,53,57,67,80,82,84,85,93]",2,863,32,0.0370799536500579,1
"[0,1,2,3,4,5,6,7,8,9,10,11,12,13,14,15,20,22,23,25,26,30,31,33,35,39,40,42,46,51,53,57,67,80,82,84,85,93]",3,863,12,0.0139049826187717,1
"[0,1,2,3,4,5,6,7,8,9,10,11,12,13,14,15,20,22,23,25,26,30,31,33,35,39,40,42,46,51,53,57,67,80,82,84,85,93]",4,863,32,0.0370799536500579,1
"[0,1,2,3,4,5,6,7,8,9,10,11,12,13,14,15,20,22,23,25,26,30,31,33,35,39,40,42,46,51,53,57,67,80,82,84,85,93]",5,863,21,0.0243337195828505,1
"[0,1,2,3,4,5,6,7,8,9,10,11,12,13,14,15,20,22,23,25,26,30,31,33,35,39,40,42,46,51,53,57,67,80,82,84,85,93]",6,863,20,0.0231749710312862,1
"[0,1,2,3,4,5,6,7,8,9,10,11,12,13,14,15,20,22,23,25,26,30,31,33,35,39,40,42,46,51,53,57,67,80,82,84,85,93]",7,863,98,0.113557358053302,1
"[0,1,2,3,4,5,6,7,8,9,10,11,12,13,14,15,20,22,23,25,26,30,31,33,35,39,40,42,46,51,53,57,67,80,82,84,85,93]",8,863,17,0.0196987253765933,1
"[0,1,2,3,4,5,6,7,8,9,10,11,12,13,14,15,20,22,23,25,26,30,31,33,35,39,40,42,46,51,53,57,67,80,82,84,85,93]",9,863,31,0.0359212050984936,1
"[0,1,2,3,4,5,6,7,8,9,10,11,12,13,14,15,20,22,23,25,26,30,31,33,35,39,40,42,46,51,53,57,67,80,82,84,85,93]",10,863,22,0.0254924681344148,1
"[0,1,2,3,4,5,6,7,8,9,10,11,12,13,14,15,20,22,23,25,26,30,31,33,35,39,40,42,46,51,53,57,67,80,82,84,85,93]",11,863,39,0.0451911935110081,1
"[0,1,2,3,4,5,6,7,8,9,10,11,12,13,14,15,20,22,23,25,26,30,31,33,35,39,40,42,46,51,53,57,67,80,82,84,85,93]",12,863,8,0.00926998841251448,1
"[0,1,2,3,4,5,6,7,8,9,10,11,12,13,14,15,20,22,23,25,26,30,31,33,35,39,40,42,46,51,53,57,67,80,82,84,85,93]",13,863,51,0.0590961761297798,1
"[0,1,2,3,4,5,6,7,8,9,10,11,12,13,14,15,20,22,23,25,26,30,31,33,35,39,40,42,46,51,53,57,67,80,82,84,85,93]",14,863,15,0.0173812282734647,1
"[0,1,2,3,4,5,6,7,8,9,10,11,12,13,14,15,20,22,23,25,26,30,31,33,35,39,40,42,46,51,53,57,67,80,82,84,85,93]",15,863,41,0.0475086906141367,1
"[0,1,2,3,4,5,6,7,8,9,10,11,12,13,14,15,20,22,23,25,26,30,31,33,35,39,40,42,46,51,53,57,67,80,82,84,85,93]",20,863,88,0.101969872537659,1
"[0,1,2,3,4,5,6,7,8,9,10,11,12,13,14,15,20,22,23,25,26,30,31,33,35,39,40,42,46,51,53,57,67,80,82,84,85,93]",22,863,46,0.0533024333719583,1
"[0,1,2,3,4,5,6,7,8,9,10,11,12,13,14,15,20,22,23,25,26,30,31,33,35,39,40,42,46,51,53,57,67,80,82,84,85,93]",23,863,28,0.0324449594438007,1
"[0,1,2,3,4,5,6,7,8,9,10,11,12,13,14,15,20,22,23,25,26,30,31,33,35,39,40,42,46,51,53,57,67,80,82,84,85,93]",25,863,10,0.0115874855156431,1
"[0,1,2,3,4,5,6,7,8,9,10,11,12,13,14,15,20,22,23,25,26,30,31,33,35,39,40,42,46,51,53,57,67,80,82,84,85,93]",26,863,22,0.0254924681344148,1
"[0,1,2,3,4,5,6,7,8,9,10,11,12,13,14,15,20,22,23,25,26,30,31,33,35,39,40,42,46,51,53,57,67,80,82,84,85,93]",30,863,27,0.0312862108922364,1
"[0,1,2,3,4,5,6,7,8,9,10,11,12,13,14,15,20,22,23,25,26,30,31,33,35,39,40,42,46,51,53,57,67,80,82,84,85,93]",31,863,20,0.0231749710312862,1
"[0,1,2,3,4,5,6,7,8,9,10,11,12,13,14,15,20,22,23,25,26,30,31,33,35,39,40,42,46,51,53,57,67,80,82,84,85,93]",33,863,3,0.00347624565469293,1
"[0,1,2,3,4,5,6,7,8,9,10,11,12,13,14,15,20,22,23,25,26,30,31,33,35,39,40,42,46,51,53,57,67,80,82,84,85,93]",35,863,4,0.00463499420625724,1
"[0,1,2,3,4,5,6,7,8,9,10,11,12,13,14,15,20,22,23,25,26,30,31,33,35,39,40,42,46,51,53,57,67,80,82,84,85,93]",39,863,14,0.0162224797219003,1
"[0,1,2,3,4,5,6,7,8,9,10,11,12,13,14,15,20,22,23,25,26,30,31,33,35,39,40,42,46,51,53,57,67,80,82,84,85,93]",40,863,17,0.0196987253765933,1
"[0,1,2,3,4,5,6,7,8,9,10,11,12,13,14,15,20,22,23,25,26,30,31,33,35,39,40,42,46,51,53,57,67,80,82,84,85,93]",42,863,23,0.0266512166859791,1
"[0,1,2,3,4,5,6,7,8,9,10,11,12,13,14,15,20,22,23,25,26,30,31,33,35,39,40,42,46,51,53,57,67,80,82,84,85,93]",46,863,10,0.0115874855156431,1
"[0,1,2,3,4,5,6,7,8,9,10,11,12,13,14,15,20,22,23,25,26,30,31,33,35,39,40,42,46,51,53,57,67,80,82,84,85,93]",51,863,9,0.0104287369640788,1
"[0,1,2,3,4,5,6,7,8,9,10,11,12,13,14,15,20,22,23,25,26,30,31,33,35,39,40,42,46,51,53,57,67,80,82,84,85,93]",53,863,6,0.00695249130938586,1
"[0,1,2,3,4,5,6,7,8,9,10,11,12,13,14,15,20,22,23,25,26,30,31,33,35,39,40,42,46,51,53,57,67,80,82,84,85,93]",57,863,12,0.0139049826187717,1
"[0,1,2,3,4,5,6,7,8,9,10,11,12,13,14,15,20,22,23,25,26,30,31,33,35,39,40,42,46,51,53,57,67,80,82,84,85,93]",67,863,5,0.00579374275782155,1
"[0,1,2,3,4,5,6,7,8,9,10,11,12,13,14,15,20,22,23,25,26,30,31,33,35,39,40,42,46,51,53,57,67,80,82,84,85,93]",80,863,8,0.00926998841251448,1
"[0,1,2,3,4,5,6,7,8,9,10,11,12,13,14,15,20,22,23,25,26,30,31,33,35,39,40,42,46,51,53,57,67,80,82,84,85,93]",82,863,15,0.0173812282734647,1
"[0,1,2,3,4,5,6,7,8,9,10,11,12,13,14,15,20,22,23,25,26,30,31,33,35,39,40,42,46,51,53,57,67,80,82,84,85,93]",84,863,2,0.00231749710312862,1
"[0,1,2,3,4,5,6,7,8,9,10,11,12,13,14,15,20,22,23,25,26,30,31,33,35,39,40,42,46,51,53,57,67,80,82,84,85,93]",85,863,11,0.0127462340672074,1
"[0,1,2,3,4,5,6,7,8,9,10,11,12,13,14,15,20,22,23,25,26,30,31,33,35,39,40,42,46,51,53,57,67,80,82,84,85,93]",93,863,6,0.00695249130938586,1
"[0,1,2,3,4,5,6,7,8,9,10,11,12,13,14,15,20,22,23,25,26,30,31,33,39,40,42,46,48,51,52,53,67,70,80,84,85,93]",0,963,25,0.0259605399792316,1
"[0,1,2,3,4,5,6,7,8,9,10,11,12,13,14,15,20,22,23,25,26,30,31,33,39,40,42,46,48,51,52,53,67,70,80,84,85,93]",1,963,34,0.0353063343717549,1
"[0,1,2,3,4,5,6,7,8,9,10,11,12,13,14,15,20,22,23,25,26,30,31,33,39,40,42,46,48,51,52,53,67,70,80,84,85,93]",2,963,73,0.0758047767393562,1
"[0,1,2,3,4,5,6,7,8,9,10,11,12,13,14,15,20,22,23,25,26,30,31,33,39,40,42,46,48,51,52,53,67,70,80,84,85,93]",3,963,61,0.063343717549325,1
"[0,1,2,3,4,5,6,7,8,9,10,11,12,13,14,15,20,22,23,25,26,30,31,33,39,40,42,46,48,51,52,53,67,70,80,84,85,93]",4,963,37,0.0384215991692627,1
"[0,1,2,3,4,5,6,7,8,9,10,11,12,13,14,15,20,22,23,25,26,30,31,33,39,40,42,46,48,51,52,53,67,70,80,84,85,93]",5,963,36,0.0373831775700935,1
"[0,1,2,3,4,5,6,7,8,9,10,11,12,13,14,15,20,22,23,25,26,30,31,33,39,40,42,46,48,51,52,53,67,70,80,84,85,93]",6,963,23,0.023883696780893,1
"[0,1,2,3,4,5,6,7,8,9,10,11,12,13,14,15,20,22,23,25,26,30,31,33,39,40,42,46,48,51,52,53,67,70,80,84,85,93]",7,963,166,0.172377985462098,1
"[0,1,2,3,4,5,6,7,8,9,10,11,12,13,14,15,20,22,23,25,26,30,31,33,39,40,42,46,48,51,52,53,67,70,80,84,85,93]",8,963,14,0.0145379023883697,1
"[0,1,2,3,4,5,6,7,8,9,10,11,12,13,14,15,20,22,23,25,26,30,31,33,39,40,42,46,48,51,52,53,67,70,80,84,85,93]",9,963,31,0.0321910695742471,1
"[0,1,2,3,4,5,6,7,8,9,10,11,12,13,14,15,20,22,23,25,26,30,31,33,39,40,42,46,48,51,52,53,67,70,80,84,85,93]",10,963,21,0.0218068535825545,1
"[0,1,2,3,4,5,6,7,8,9,10,11,12,13,14,15,20,22,23,25,26,30,31,33,39,40,42,46,48,51,52,53,67,70,80,84,85,93]",11,963,46,0.0477673935617861,1
"[0,1,2,3,4,5,6,7,8,9,10,11,12,13,14,15,20,22,23,25,26,30,31,33,39,40,42,46,48,51,52,53,67,70,80,84,85,93]",12,963,14,0.0145379023883697,1
"[0,1,2,3,4,5,6,7,8,9,10,11,12,13,14,15,20,22,23,25,26,30,31,33,39,40,42,46,48,51,52,53,67,70,80,84,85,93]",13,963,29,0.0301142263759086,1
"[0,1,2,3,4,5,6,7,8,9,10,11,12,13,14,15,20,22,23,25,26,30,31,33,39,40,42,46,48,51,52,53,67,70,80,84,85,93]",14,963,8,0.0083073727933541,1
"[0,1,2,3,4,5,6,7,8,9,10,11,12,13,14,15,20,22,23,25,26,30,31,33,39,40,42,46,48,51,52,53,67,70,80,84,85,93]",15,963,33,0.0342679127725857,1
"[0,1,2,3,4,5,6,7,8,9,10,11,12,13,14,15,20,22,23,25,26,30,31,33,39,40,42,46,48,51,52,53,67,70,80,84,85,93]",20,963,51,0.0529595015576324,1
"[0,1,2,3,4,5,6,7,8,9,10,11,12,13,14,15,20,22,23,25,26,30,31,33,39,40,42,46,48,51,52,53,67,70,80,84,85,93]",22,963,5,0.00519210799584631,1
"[0,1,2,3,4,5,6,7,8,9,10,11,12,13,14,15,20,22,23,25,26,30,31,33,39,40,42,46,48,51,52,53,67,70,80,84,85,93]",23,963,22,0.0228452751817238,1
"[0,1,2,3,4,5,6,7,8,9,10,11,12,13,14,15,20,22,23,25,26,30,31,33,39,40,42,46,48,51,52,53,67,70,80,84,85,93]",25,963,6,0.00623052959501558,1
"[0,1,2,3,4,5,6,7,8,9,10,11,12,13,14,15,20,22,23,25,26,30,31,33,39,40,42,46,48,51,52,53,67,70,80,84,85,93]",26,963,29,0.0301142263759086,1
"[0,1,2,3,4,5,6,7,8,9,10,11,12,13,14,15,20,22,23,25,26,30,31,33,39,40,42,46,48,51,52,53,67,70,80,84,85,93]",30,963,7,0.00726895119418484,1
"[0,1,2,3,4,5,6,7,8,9,10,11,12,13,14,15,20,22,23,25,26,30,31,33,39,40,42,46,48,51,52,53,67,70,80,84,85,93]",31,963,18,0.0186915887850467,1
"[0,1,2,3,4,5,6,7,8,9,10,11,12,13,14,15,20,22,23,25,26,30,31,33,39,40,42,46,48,51,52,53,67,70,80,84,85,93]",33,963,5,0.00519210799584631,1
"[0,1,2,3,4,5,6,7,8,9,10,11,12,13,14,15,20,22,23,25,26,30,31,33,39,40,42,46,48,51,52,53,67,70,80,84,85,93]",39,963,16,0.0166147455867082,1
"[0,1,2,3,4,5,6,7,8,9,10,11,12,13,14,15,20,22,23,25,26,30,31,33,39,40,42,46,48,51,52,53,67,70,80,84,85,93]",40,963,5,0.00519210799584631,1
"[0,1,2,3,4,5,6,7,8,9,10,11,12,13,14,15,20,22,23,25,26,30,31,33,39,40,42,46,48,51,52,53,67,70,80,84,85,93]",42,963,58,0.0602284527518172,1
"[0,1,2,3,4,5,6,7,8,9,10,11,12,13,14,15,20,22,23,25,26,30,31,33,39,40,42,46,48,51,52,53,67,70,80,84,85,93]",46,963,20,0.0207684319833853,1
"[0,1,2,3,4,5,6,7,8,9,10,11,12,13,14,15,20,22,23,25,26,30,31,33,39,40,42,46,48,51,52,53,67,70,80,84,85,93]",48,963,6,0.00623052959501558,1
"[0,1,2,3,4,5,6,7,8,9,10,11,12,13,14,15,20,22,23,25,26,30,31,33,39,40,42,46,48,51,52,53,67,70,80,84,85,93]",51,963,6,0.00623052959501558,1
"[0,1,2,3,4,5,6,7,8,9,10,11,12,13,14,15,20,22,23,25,26,30,31,33,39,40,42,46,48,51,52,53,67,70,80,84,85,93]",52,963,11,0.0114226375908619,1
"[0,1,2,3,4,5,6,7,8,9,10,11,12,13,14,15,20,22,23,25,26,30,31,33,39,40,42,46,48,51,52,53,67,70,80,84,85,93]",53,963,3,0.00311526479750779,1
"[0,1,2,3,4,5,6,7,8,9,10,11,12,13,14,15,20,22,23,25,26,30,31,33,39,40,42,46,48,51,52,53,67,70,80,84,85,93]",67,963,16,0.0166147455867082,1
"[0,1,2,3,4,5,6,7,8,9,10,11,12,13,14,15,20,22,23,25,26,30,31,33,39,40,42,46,48,51,52,53,67,70,80,84,85,93]",70,963,1,0.00103842159916926,1
"[0,1,2,3,4,5,6,7,8,9,10,11,12,13,14,15,20,22,23,25,26,30,31,33,39,40,42,46,48,51,52,53,67,70,80,84,85,93]",80,963,5,0.00519210799584631,1
"[0,1,2,3,4,5,6,7,8,9,10,11,12,13,14,15,20,22,23,25,26,30,31,33,39,40,42,46,48,51,52,53,67,70,80,84,85,93]",84,963,5,0.00519210799584631,1
"[0,1,2,3,4,5,6,7,8,9,10,11,12,13,14,15,20,22,23,25,26,30,31,33,39,40,42,46,48,51,52,53,67,70,80,84,85,93]",85,963,3,0.00311526479750779,1
"[0,1,2,3,4,5,6,7,8,9,10,11,12,13,14,15,20,22,23,25,26,30,31,33,39,40,42,46,48,51,52,53,67,70,80,84,85,93]",93,963,14,0.0145379023883697,1
"[0,1,2,3,4,5,6,7,8,9,10,11,12,13,14,20,22,23,25,26,30,31,33,39,40,42,46,48,51,53,57,58,59,67,71,79,80,82,84,86,93]",0,924,10,0.0108225108225108,1
"[0,1,2,3,4,5,6,7,8,9,10,11,12,13,14,20,22,23,25,26,30,31,33,39,40,42,46,48,51,53,57,58,59,67,71,79,80,82,84,86,93]",1,924,43,0.0465367965367965,1
"[0,1,2,3,4,5,6,7,8,9,10,11,12,13,14,20,22,23,25,26,30,31,33,39,40,42,46,48,51,53,57,58,59,67,71,79,80,82,84,86,93]",2,924,75,0.0811688311688312,1
"[0,1,2,3,4,5,6,7,8,9,10,11,12,13,14,20,22,23,25,26,30,31,33,39,40,42,46,48,51,53,57,58,59,67,71,79,80,82,84,86,93]",3,924,10,0.0108225108225108,1
"[0,1,2,3,4,5,6,7,8,9,10,11,12,13,14,20,22,23,25,26,30,31,33,39,40,42,46,48,51,53,57,58,59,67,71,79,80,82,84,86,93]",4,924,22,0.0238095238095238,1
"[0,1,2,3,4,5,6,7,8,9,10,11,12,13,14,20,22,23,25,26,30,31,33,39,40,42,46,48,51,53,57,58,59,67,71,79,80,82,84,86,93]",5,924,22,0.0238095238095238,1
"[0,1,2,3,4,5,6,7,8,9,10,11,12,13,14,20,22,23,25,26,30,31,33,39,40,42,46,48,51,53,57,58,59,67,71,79,80,82,84,86,93]",6,924,4,0.00432900432900433,1
"[0,1,2,3,4,5,6,7,8,9,10,11,12,13,14,20,22,23,25,26,30,31,33,39,40,42,46,48,51,53,57,58,59,67,71,79,80,82,84,86,93]",7,924,178,0.192640692640693,1
"[0,1,2,3,4,5,6,7,8,9,10,11,12,13,14,20,22,23,25,26,30,31,33,39,40,42,46,48,51,53,57,58,59,67,71,79,80,82,84,86,93]",8,924,36,0.038961038961039,1
"[0,1,2,3,4,5,6,7,8,9,10,11,12,13,14,20,22,23,25,26,30,31,33,39,40,42,46,48,51,53,57,58,59,67,71,79,80,82,84,86,93]",9,924,40,0.0432900432900433,1
"[0,1,2,3,4,5,6,7,8,9,10,11,12,13,14,20,22,23,25,26,30,31,33,39,40,42,46,48,51,53,57,58,59,67,71,79,80,82,84,86,93]",10,924,27,0.0292207792207792,1
"[0,1,2,3,4,5,6,7,8,9,10,11,12,13,14,20,22,23,25,26,30,31,33,39,40,42,46,48,51,53,57,58,59,67,71,79,80,82,84,86,93]",11,924,56,0.0606060606060606,1
"[0,1,2,3,4,5,6,7,8,9,10,11,12,13,14,20,22,23,25,26,30,31,33,39,40,42,46,48,51,53,57,58,59,67,71,79,80,82,84,86,93]",12,924,8,0.00865800865800866,1
"[0,1,2,3,4,5,6,7,8,9,10,11,12,13,14,20,22,23,25,26,30,31,33,39,40,42,46,48,51,53,57,58,59,67,71,79,80,82,84,86,93]",13,924,29,0.0313852813852814,1
"[0,1,2,3,4,5,6,7,8,9,10,11,12,13,14,20,22,23,25,26,30,31,33,39,40,42,46,48,51,53,57,58,59,67,71,79,80,82,84,86,93]",14,924,1,0.00108225108225108,1
"[0,1,2,3,4,5,6,7,8,9,10,11,12,13,14,20,22,23,25,26,30,31,33,39,40,42,46,48,51,53,57,58,59,67,71,79,80,82,84,86,93]",20,924,35,0.0378787878787879,1
"[0,1,2,3,4,5,6,7,8,9,10,11,12,13,14,20,22,23,25,26,30,31,33,39,40,42,46,48,51,53,57,58,59,67,71,79,80,82,84,86,93]",22,924,11,0.0119047619047619,1
"[0,1,2,3,4,5,6,7,8,9,10,11,12,13,14,20,22,23,25,26,30,31,33,39,40,42,46,48,51,53,57,58,59,67,71,79,80,82,84,86,93]",23,924,16,0.0173160173160173,1
"[0,1,2,3,4,5,6,7,8,9,10,11,12,13,14,20,22,23,25,26,30,31,33,39,40,42,46,48,51,53,57,58,59,67,71,79,80,82,84,86,93]",25,924,6,0.00649350649350649,1
"[0,1,2,3,4,5,6,7,8,9,10,11,12,13,14,20,22,23,25,26,30,31,33,39,40,42,46,48,51,53,57,58,59,67,71,79,80,82,84,86,93]",26,924,79,0.0854978354978355,1
"[0,1,2,3,4,5,6,7,8,9,10,11,12,13,14,20,22,23,25,26,30,31,33,39,40,42,46,48,51,53,57,58,59,67,71,79,80,82,84,86,93]",30,924,10,0.0108225108225108,1
"[0,1,2,3,4,5,6,7,8,9,10,11,12,13,14,20,22,23,25,26,30,31,33,39,40,42,46,48,51,53,57,58,59,67,71,79,80,82,84,86,93]",31,924,5,0.00541125541125541,1
"[0,1,2,3,4,5,6,7,8,9,10,11,12,13,14,20,22,23,25,26,30,31,33,39,40,42,46,48,51,53,57,58,59,67,71,79,80,82,84,86,93]",33,924,5,0.00541125541125541,1
"[0,1,2,3,4,5,6,7,8,9,10,11,12,13,14,20,22,23,25,26,30,31,33,39,40,42,46,48,51,53,57,58,59,67,71,79,80,82,84,86,93]",39,924,18,0.0194805194805195,1
"[0,1,2,3,4,5,6,7,8,9,10,11,12,13,14,20,22,23,25,26,30,31,33,39,40,42,46,48,51,53,57,58,59,67,71,79,80,82,84,86,93]",40,924,3,0.00324675324675325,1
"[0,1,2,3,4,5,6,7,8,9,10,11,12,13,14,20,22,23,25,26,30,31,33,39,40,42,46,48,51,53,57,58,59,67,71,79,80,82,84,86,93]",42,924,12,0.012987012987013,1
"[0,1,2,3,4,5,6,7,8,9,10,11,12,13,14,20,22,23,25,26,30,31,33,39,40,42,46,48,51,53,57,58,59,67,71,79,80,82,84,86,93]",46,924,10,0.0108225108225108,1
"[0,1,2,3,4,5,6,7,8,9,10,11,12,13,14,20,22,23,25,26,30,31,33,39,40,42,46,48,51,53,57,58,59,67,71,79,80,82,84,86,93]",48,924,7,0.00757575757575758,1
"[0,1,2,3,4,5,6,7,8,9,10,11,12,13,14,20,22,23,25,26,30,31,33,39,40,42,46,48,51,53,57,58,59,67,71,79,80,82,84,86,93]",51,924,5,0.00541125541125541,1
"[0,1,2,3,4,5,6,7,8,9,10,11,12,13,14,20,22,23,25,26,30,31,33,39,40,42,46,48,51,53,57,58,59,67,71,79,80,82,84,86,93]",53,924,6,0.00649350649350649,1
"[0,1,2,3,4,5,6,7,8,9,10,11,12,13,14,20,22,23,25,26,30,31,33,39,40,42,46,48,51,53,57,58,59,67,71,79,80,82,84,86,93]",57,924,11,0.0119047619047619,1
"[0,1,2,3,4,5,6,7,8,9,10,11,12,13,14,20,22,23,25,26,30,31,33,39,40,42,46,48,51,53,57,58,59,67,71,79,80,82,84,86,93]",58,924,2,0.00216450216450216,1
"[0,1,2,3,4,5,6,7,8,9,10,11,12,13,14,20,22,23,25,26,30,31,33,39,40,42,46,48,51,53,57,58,59,67,71,79,80,82,84,86,93]",59,924,25,0.0270562770562771,1
"[0,1,2,3,4,5,6,7,8,9,10,11,12,13,14,20,22,23,25,26,30,31,33,39,40,42,46,48,51,53,57,58,59,67,71,79,80,82,84,86,93]",67,924,10,0.0108225108225108,1
"[0,1,2,3,4,5,6,7,8,9,10,11,12,13,14,20,22,23,25,26,30,31,33,39,40,42,46,48,51,53,57,58,59,67,71,79,80,82,84,86,93]",71,924,10,0.0108225108225108,1
"[0,1,2,3,4,5,6,7,8,9,10,11,12,13,14,20,22,23,25,26,30,31,33,39,40,42,46,48,51,53,57,58,59,67,71,79,80,82,84,86,93]",79,924,66,0.0714285714285714,1
"[0,1,2,3,4,5,6,7,8,9,10,11,12,13,14,20,22,23,25,26,30,31,33,39,40,42,46,48,51,53,57,58,59,67,71,79,80,82,84,86,93]",80,924,5,0.00541125541125541,1
"[0,1,2,3,4,5,6,7,8,9,10,11,12,13,14,20,22,23,25,26,30,31,33,39,40,42,46,48,51,53,57,58,59,67,71,79,80,82,84,86,93]",82,924,2,0.00216450216450216,1
"[0,1,2,3,4,5,6,7,8,9,10,11,12,13,14,20,22,23,25,26,30,31,33,39,40,42,46,48,51,53,57,58,59,67,71,79,80,82,84,86,93]",84,924,2,0.00216450216450216,1
"[0,1,2,3,4,5,6,7,8,9,10,11,12,13,14,20,22,23,25,26,30,31,33,39,40,42,46,48,51,53,57,58,59,67,71,79,80,82,84,86,93]",86,924,1,0.00108225108225108,1
"[0,1,2,3,4,5,6,7,8,9,10,11,12,13,14,20,22,23,25,26,30,31,33,39,40,42,46,48,51,53,57,58,59,67,71,79,80,82,84,86,93]",93,924,1,0.00108225108225108,1
"[0,1,2,3,4,5,6,7,8,9,10,11,12,13,20,22,23,25,26,30,31,33,39,40,42,46,48,51,53,57,58,59,67,71,79,80,82,84,86,92]",0,1595,13,0.00815047021943574,1
"[0,1,2,3,4,5,6,7,8,9,10,11,12,13,20,22,23,25,26,30,31,33,39,40,42,46,48,51,53,57,58,59,67,71,79,80,82,84,86,92]",1,1595,325,0.203761755485893,1
"[0,1,2,3,4,5,6,7,8,9,10,11,12,13,20,22,23,25,26,30,31,33,39,40,42,46,48,51,53,57,58,59,67,71,79,80,82,84,86,92]",2,1595,63,0.0394984326018809,1
"[0,1,2,3,4,5,6,7,8,9,10,11,12,13,20,22,23,25,26,30,31,33,39,40,42,46,48,51,53,57,58,59,67,71,79,80,82,84,86,92]",3,1595,8,0.00501567398119122,1
"[0,1,2,3,4,5,6,7,8,9,10,11,12,13,20,22,23,25,26,30,31,33,39,40,42,46,48,51,53,57,58,59,67,71,79,80,82,84,86,92]",4,1595,34,0.0213166144200627,1
"[0,1,2,3,4,5,6,7,8,9,10,11,12,13,20,22,23,25,26,30,31,33,39,40,42,46,48,51,53,57,58,59,67,71,79,80,82,84,86,92]",5,1595,18,0.0112852664576802,1
"[0,1,2,3,4,5,6,7,8,9,10,11,12,13,20,22,23,25,26,30,31,33,39,40,42,46,48,51,53,57,58,59,67,71,79,80,82,84,86,92]",6,1595,9,0.00564263322884012,1
"[0,1,2,3,4,5,6,7,8,9,10,11,12,13,20,22,23,25,26,30,31,33,39,40,42,46,48,51,53,57,58,59,67,71,79,80,82,84,86,92]",7,1595,149,0.0934169278996865,1
"[0,1,2,3,4,5,6,7,8,9,10,11,12,13,20,22,23,25,26,30,31,33,39,40,42,46,48,51,53,57,58,59,67,71,79,80,82,84,86,92]",8,1595,187,0.117241379310345,1
"[0,1,2,3,4,5,6,7,8,9,10,11,12,13,20,22,23,25,26,30,31,33,39,40,42,46,48,51,53,57,58,59,67,71,79,80,82,84,86,92]",9,1595,19,0.0119122257053292,1
"[0,1,2,3,4,5,6,7,8,9,10,11,12,13,20,22,23,25,26,30,31,33,39,40,42,46,48,51,53,57,58,59,67,71,79,80,82,84,86,92]",10,1595,27,0.0169278996865204,1
"[0,1,2,3,4,5,6,7,8,9,10,11,12,13,20,22,23,25,26,30,31,33,39,40,42,46,48,51,53,57,58,59,67,71,79,80,82,84,86,92]",11,1595,35,0.0219435736677116,1
"[0,1,2,3,4,5,6,7,8,9,10,11,12,13,20,22,23,25,26,30,31,33,39,40,42,46,48,51,53,57,58,59,67,71,79,80,82,84,86,92]",12,1595,11,0.00689655172413793,1
"[0,1,2,3,4,5,6,7,8,9,10,11,12,13,20,22,23,25,26,30,31,33,39,40,42,46,48,51,53,57,58,59,67,71,79,80,82,84,86,92]",13,1595,45,0.0282131661442006,1
"[0,1,2,3,4,5,6,7,8,9,10,11,12,13,20,22,23,25,26,30,31,33,39,40,42,46,48,51,53,57,58,59,67,71,79,80,82,84,86,92]",20,1595,45,0.0282131661442006,1
"[0,1,2,3,4,5,6,7,8,9,10,11,12,13,20,22,23,25,26,30,31,33,39,40,42,46,48,51,53,57,58,59,67,71,79,80,82,84,86,92]",22,1595,9,0.00564263322884012,1
"[0,1,2,3,4,5,6,7,8,9,10,11,12,13,20,22,23,25,26,30,31,33,39,40,42,46,48,51,53,57,58,59,67,71,79,80,82,84,86,92]",23,1595,21,0.013166144200627,1
"[0,1,2,3,4,5,6,7,8,9,10,11,12,13,20,22,23,25,26,30,31,33,39,40,42,46,48,51,53,57,58,59,67,71,79,80,82,84,86,92]",25,1595,10,0.00626959247648903,1
"[0,1,2,3,4,5,6,7,8,9,10,11,12,13,20,22,23,25,26,30,31,33,39,40,42,46,48,51,53,57,58,59,67,71,79,80,82,84,86,92]",26,1595,415,0.260188087774295,1
"[0,1,2,3,4,5,6,7,8,9,10,11,12,13,20,22,23,25,26,30,31,33,39,40,42,46,48,51,53,57,58,59,67,71,79,80,82,84,86,92]",30,1595,10,0.00626959247648903,1
"[0,1,2,3,4,5,6,7,8,9,10,11,12,13,20,22,23,25,26,30,31,33,39,40,42,46,48,51,53,57,58,59,67,71,79,80,82,84,86,92]",31,1595,11,0.00689655172413793,1
"[0,1,2,3,4,5,6,7,8,9,10,11,12,13,20,22,23,25,26,30,31,33,39,40,42,46,48,51,53,57,58,59,67,71,79,80,82,84,86,92]",33,1595,22,0.0137931034482759,1
"[0,1,2,3,4,5,6,7,8,9,10,11,12,13,20,22,23,25,26,30,31,33,39,40,42,46,48,51,53,57,58,59,67,71,79,80,82,84,86,92]",39,1595,15,0.00940438871473354,1
"[0,1,2,3,4,5,6,7,8,9,10,11,12,13,20,22,23,25,26,30,31,33,39,40,42,46,48,51,53,57,58,59,67,71,79,80,82,84,86,92]",40,1595,2,0.00125391849529781,1
"[0,1,2,3,4,5,6,7,8,9,10,11,12,13,20,22,23,25,26,30,31,33,39,40,42,46,48,51,53,57,58,59,67,71,79,80,82,84,86,92]",42,1595,18,0.0112852664576802,1
"[0,1,2,3,4,5,6,7,8,9,10,11,12,13,20,22,23,25,26,30,31,33,39,40,42,46,48,51,53,57,58,59,67,71,79,80,82,84,86,92]",46,1595,8,0.00501567398119122,1
"[0,1,2,3,4,5,6,7,8,9,10,11,12,13,20,22,23,25,26,30,31,33,39,40,42,46,48,51,53,57,58,59,67,71,79,80,82,84,86,92]",48,1595,2,0.00125391849529781,1
"[0,1,2,3,4,5,6,7,8,9,10,11,12,13,20,22,23,25,26,30,31,33,39,40,42,46,48,51,53,57,58,59,67,71,79,80,82,84,86,92]",51,1595,3,0.00188087774294671,1
"[0,1,2,3,4,5,6,7,8,9,10,11,12,13,20,22,23,25,26,30,31,33,39,40,42,46,48,51,53,57,58,59,67,71,79,80,82,84,86,92]",53,1595,5,0.00313479623824451,1
"[0,1,2,3,4,5,6,7,8,9,10,11,12,13,20,22,23,25,26,30,31,33,39,40,42,46,48,51,53,57,58,59,67,71,79,80,82,84,86,92]",57,1595,9,0.00564263322884012,1
"[0,1,2,3,4,5,6,7,8,9,10,11,12,13,20,22,23,25,26,30,31,33,39,40,42,46,48,51,53,57,58,59,67,71,79,80,82,84,86,92]",58,1595,3,0.00188087774294671,1
"[0,1,2,3,4,5,6,7,8,9,10,11,12,13,20,22,23,25,26,30,31,33,39,40,42,46,48,51,53,57,58,59,67,71,79,80,82,84,86,92]",59,1595,11,0.00689655172413793,1
"[0,1,2,3,4,5,6,7,8,9,10,11,12,13,20,22,23,25,26,30,31,33,39,40,42,46,48,51,53,57,58,59,67,71,79,80,82,84,86,92]",67,1595,8,0.00501567398119122,1
"[0,1,2,3,4,5,6,7,8,9,10,11,12,13,20,22,23,25,26,30,31,33,39,40,42,46,48,51,53,57,58,59,67,71,79,80,82,84,86,92]",71,1595,7,0.00438871473354232,1
"[0,1,2,3,4,5,6,7,8,9,10,11,12,13,20,22,23,25,26,30,31,33,39,40,42,46,48,51,53,57,58,59,67,71,79,80,82,84,86,92]",79,1595,4,0.00250783699059561,1
"[0,1,2,3,4,5,6,7,8,9,10,11,12,13,20,22,23,25,26,30,31,33,39,40,42,46,48,51,53,57,58,59,67,71,79,80,82,84,86,92]",80,1595,7,0.00438871473354232,1
"[0,1,2,3,4,5,6,7,8,9,10,11,12,13,20,22,23,25,26,30,31,33,39,40,42,46,48,51,53,57,58,59,67,71,79,80,82,84,86,92]",82,1595,1,0.000626959247648903,1
"[0,1,2,3,4,5,6,7,8,9,10,11,12,13,20,22,23,25,26,30,31,33,39,40,42,46,48,51,53,57,58,59,67,71,79,80,82,84,86,92]",84,1595,3,0.00188087774294671,1
"[0,1,2,3,4,5,6,7,8,9,10,11,12,13,20,22,23,25,26,30,31,33,39,40,42,46,48,51,53,57,58,59,67,71,79,80,82,84,86,92]",86,1595,2,0.00125391849529781,1
"[0,1,2,3,4,5,6,7,8,9,10,11,12,13,20,22,23,25,26,30,31,33,39,40,42,46,48,51,53,57,58,59,67,71,79,80,82,84,86,92]",92,1595,1,0.000626959247648903,1
"[0,1,2,3,4,5,6,7,8,9,10,11,12,13,20,22,23,25,26,30,31,33,39,42,46,48,51,53,57,58,59,60,63,65,67,68,69,70,71,73,79,80,81,84,86,92]",0,1101,13,0.0118074477747502,1
"[0,1,2,3,4,5,6,7,8,9,10,11,12,13,20,22,23,25,26,30,31,33,39,42,46,48,51,53,57,58,59,60,63,65,67,68,69,70,71,73,79,80,81,84,86,92]",1,1101,30,0.0272479564032698,1
"[0,1,2,3,4,5,6,7,8,9,10,11,12,13,20,22,23,25,26,30,31,33,39,42,46,48,51,53,57,58,59,60,63,65,67,68,69,70,71,73,79,80,81,84,86,92]",2,1101,97,0.0881017257039055,1
"[0,1,2,3,4,5,6,7,8,9,10,11,12,13,20,22,23,25,26,30,31,33,39,42,46,48,51,53,57,58,59,60,63,65,67,68,69,70,71,73,79,80,81,84,86,92]",3,1101,10,0.00908265213442325,1
"[0,1,2,3,4,5,6,7,8,9,10,11,12,13,20,22,23,25,26,30,31,33,39,42,46,48,51,53,57,58,59,60,63,65,67,68,69,70,71,73,79,80,81,84,86,92]",4,1101,36,0.0326975476839237,1
"[0,1,2,3,4,5,6,7,8,9,10,11,12,13,20,22,23,25,26,30,31,33,39,42,46,48,51,53,57,58,59,60,63,65,67,68,69,70,71,73,79,80,81,84,86,92]",5,1101,42,0.0381471389645777,1
"[0,1,2,3,4,5,6,7,8,9,10,11,12,13,20,22,23,25,26,30,31,33,39,42,46,48,51,53,57,58,59,60,63,65,67,68,69,70,71,73,79,80,81,84,86,92]",6,1101,21,0.0190735694822888,1
"[0,1,2,3,4,5,6,7,8,9,10,11,12,13,20,22,23,25,26,30,31,33,39,42,46,48,51,53,57,58,59,60,63,65,67,68,69,70,71,73,79,80,81,84,86,92]",7,1101,157,0.142597638510445,1
"[0,1,2,3,4,5,6,7,8,9,10,11,12,13,20,22,23,25,26,30,31,33,39,42,46,48,51,53,57,58,59,60,63,65,67,68,69,70,71,73,79,80,81,84,86,92]",8,1101,34,0.0308810172570391,1
"[0,1,2,3,4,5,6,7,8,9,10,11,12,13,20,22,23,25,26,30,31,33,39,42,46,48,51,53,57,58,59,60,63,65,67,68,69,70,71,73,79,80,81,84,86,92]",9,1101,34,0.0308810172570391,1
"[0,1,2,3,4,5,6,7,8,9,10,11,12,13,20,22,23,25,26,30,31,33,39,42,46,48,51,53,57,58,59,60,63,65,67,68,69,70,71,73,79,80,81,84,86,92]",10,1101,31,0.0281562216167121,1
"[0,1,2,3,4,5,6,7,8,9,10,11,12,13,20,22,23,25,26,30,31,33,39,42,46,48,51,53,57,58,59,60,63,65,67,68,69,70,71,73,79,80,81,84,86,92]",11,1101,41,0.0372388737511353,1
"[0,1,2,3,4,5,6,7,8,9,10,11,12,13,20,22,23,25,26,30,31,33,39,42,46,48,51,53,57,58,59,60,63,65,67,68,69,70,71,73,79,80,81,84,86,92]",12,1101,14,0.0127157129881926,1
"[0,1,2,3,4,5,6,7,8,9,10,11,12,13,20,22,23,25,26,30,31,33,39,42,46,48,51,53,57,58,59,60,63,65,67,68,69,70,71,73,79,80,81,84,86,92]",13,1101,42,0.0381471389645777,1
"[0,1,2,3,4,5,6,7,8,9,10,11,12,13,20,22,23,25,26,30,31,33,39,42,46,48,51,53,57,58,59,60,63,65,67,68,69,70,71,73,79,80,81,84,86,92]",20,1101,44,0.0399636693914623,1
"[0,1,2,3,4,5,6,7,8,9,10,11,12,13,20,22,23,25,26,30,31,33,39,42,46,48,51,53,57,58,59,60,63,65,67,68,69,70,71,73,79,80,81,84,86,92]",22,1101,4,0.0036330608537693,1
"[0,1,2,3,4,5,6,7,8,9,10,11,12,13,20,22,23,25,26,30,31,33,39,42,46,48,51,53,57,58,59,60,63,65,67,68,69,70,71,73,79,80,81,84,86,92]",23,1101,94,0.0853769300635786,1
"[0,1,2,3,4,5,6,7,8,9,10,11,12,13,20,22,23,25,26,30,31,33,39,42,46,48,51,53,57,58,59,60,63,65,67,68,69,70,71,73,79,80,81,84,86,92]",25,1101,6,0.00544959128065395,1
"[0,1,2,3,4,5,6,7,8,9,10,11,12,13,20,22,23,25,26,30,31,33,39,42,46,48,51,53,57,58,59,60,63,65,67,68,69,70,71,73,79,80,81,84,86,92]",26,1101,18,0.0163487738419619,1
"[0,1,2,3,4,5,6,7,8,9,10,11,12,13,20,22,23,25,26,30,31,33,39,42,46,48,51,53,57,58,59,60,63,65,67,68,69,70,71,73,79,80,81,84,86,92]",30,1101,7,0.00635785649409628,1
"[0,1,2,3,4,5,6,7,8,9,10,11,12,13,20,22,23,25,26,30,31,33,39,42,46,48,51,53,57,58,59,60,63,65,67,68,69,70,71,73,79,80,81,84,86,92]",31,1101,2,0.00181653042688465,1
"[0,1,2,3,4,5,6,7,8,9,10,11,12,13,20,22,23,25,26,30,31,33,39,42,46,48,51,53,57,58,59,60,63,65,67,68,69,70,71,73,79,80,81,84,86,92]",33,1101,6,0.00544959128065395,1
"[0,1,2,3,4,5,6,7,8,9,10,11,12,13,20,22,23,25,26,30,31,33,39,42,46,48,51,53,57,58,59,60,63,65,67,68,69,70,71,73,79,80,81,84,86,92]",39,1101,52,0.0472297910990009,1
"[0,1,2,3,4,5,6,7,8,9,10,11,12,13,20,22,23,25,26,30,31,33,39,42,46,48,51,53,57,58,59,60,63,65,67,68,69,70,71,73,79,80,81,84,86,92]",42,1101,43,0.03905540417802,1
"[0,1,2,3,4,5,6,7,8,9,10,11,12,13,20,22,23,25,26,30,31,33,39,42,46,48,51,53,57,58,59,60,63,65,67,68,69,70,71,73,79,80,81,84,86,92]",46,1101,11,0.00999091734786558,1
"[0,1,2,3,4,5,6,7,8,9,10,11,12,13,20,22,23,25,26,30,31,33,39,42,46,48,51,53,57,58,59,60,63,65,67,68,69,70,71,73,79,80,81,84,86,92]",48,1101,2,0.00181653042688465,1
"[0,1,2,3,4,5,6,7,8,9,10,11,12,13,20,22,23,25,26,30,31,33,39,42,46,48,51,53,57,58,59,60,63,65,67,68,69,70,71,73,79,80,81,84,86,92]",51,1101,5,0.00454132606721163,1
"[0,1,2,3,4,5,6,7,8,9,10,11,12,13,20,22,23,25,26,30,31,33,39,42,46,48,51,53,57,58,59,60,63,65,67,68,69,70,71,73,79,80,81,84,86,92]",53,1101,4,0.0036330608537693,1
"[0,1,2,3,4,5,6,7,8,9,10,11,12,13,20,22,23,25,26,30,31,33,39,42,46,48,51,53,57,58,59,60,63,65,67,68,69,70,71,73,79,80,81,84,86,92]",57,1101,17,0.0154405086285195,1
"[0,1,2,3,4,5,6,7,8,9,10,11,12,13,20,22,23,25,26,30,31,33,39,42,46,48,51,53,57,58,59,60,63,65,67,68,69,70,71,73,79,80,81,84,86,92]",58,1101,2,0.00181653042688465,1
"[0,1,2,3,4,5,6,7,8,9,10,11,12,13,20,22,23,25,26,30,31,33,39,42,46,48,51,53,57,58,59,60,63,65,67,68,69,70,71,73,79,80,81,84,86,92]",59,1101,8,0.0072661217075386,1
"[0,1,2,3,4,5,6,7,8,9,10,11,12,13,20,22,23,25,26,30,31,33,39,42,46,48,51,53,57,58,59,60,63,65,67,68,69,70,71,73,79,80,81,84,86,92]",60,1101,12,0.0108991825613079,1
"[0,1,2,3,4,5,6,7,8,9,10,11,12,13,20,22,23,25,26,30,31,33,39,42,46,48,51,53,57,58,59,60,63,65,67,68,69,70,71,73,79,80,81,84,86,92]",63,1101,17,0.0154405086285195,1
"[0,1,2,3,4,5,6,7,8,9,10,11,12,13,20,22,23,25,26,30,31,33,39,42,46,48,51,53,57,58,59,60,63,65,67,68,69,70,71,73,79,80,81,84,86,92]",65,1101,4,0.0036330608537693,1
"[0,1,2,3,4,5,6,7,8,9,10,11,12,13,20,22,23,25,26,30,31,33,39,42,46,48,51,53,57,58,59,60,63,65,67,68,69,70,71,73,79,80,81,84,86,92]",67,1101,12,0.0108991825613079,1
"[0,1,2,3,4,5,6,7,8,9,10,11,12,13,20,22,23,25,26,30,31,33,39,42,46,48,51,53,57,58,59,60,63,65,67,68,69,70,71,73,79,80,81,84,86,92]",68,1101,4,0.0036330608537693,1
"[0,1,2,3,4,5,6,7,8,9,10,11,12,13,20,22,23,25,26,30,31,33,39,42,46,48,51,53,57,58,59,60,63,65,67,68,69,70,71,73,79,80,81,84,86,92]",69,1101,57,0.0517711171662125,1
"[0,1,2,3,4,5,6,7,8,9,10,11,12,13,20,22,23,25,26,30,31,33,39,42,46,48,51,53,57,58,59,60,63,65,67,68,69,70,71,73,79,80,81,84,86,92]",70,1101,1,0.000908265213442325,1
"[0,1,2,3,4,5,6,7,8,9,10,11,12,13,20,22,23,25,26,30,31,33,39,42,46,48,51,53,57,58,59,60,63,65,67,68,69,70,71,73,79,80,81,84,86,92]",71,1101,7,0.00635785649409628,1
"[0,1,2,3,4,5,6,7,8,9,10,11,12,13,20,22,23,25,26,30,31,33,39,42,46,48,51,53,57,58,59,60,63,65,67,68,69,70,71,73,79,80,81,84,86,92]",73,1101,2,0.00181653042688465,1
"[0,1,2,3,4,5,6,7,8,9,10,11,12,13,20,22,23,25,26,30,31,33,39,42,46,48,51,53,57,58,59,60,63,65,67,68,69,70,71,73,79,80,81,84,86,92]",79,1101,25,0.0227066303360581,1
"[0,1,2,3,4,5,6,7,8,9,10,11,12,13,20,22,23,25,26,30,31,33,39,42,46,48,51,53,57,58,59,60,63,65,67,68,69,70,71,73,79,80,81,84,86,92]",80,1101,9,0.00817438692098093,1
"[0,1,2,3,4,5,6,7,8,9,10,11,12,13,20,22,23,25,26,30,31,33,39,42,46,48,51,53,57,58,59,60,63,65,67,68,69,70,71,73,79,80,81,84,86,92]",81,1101,6,0.00544959128065395,1
"[0,1,2,3,4,5,6,7,8,9,10,11,12,13,20,22,23,25,26,30,31,33,39,42,46,48,51,53,57,58,59,60,63,65,67,68,69,70,71,73,79,80,81,84,86,92]",84,1101,1,0.000908265213442325,1
"[0,1,2,3,4,5,6,7,8,9,10,11,12,13,20,22,23,25,26,30,31,33,39,42,46,48,51,53,57,58,59,60,63,65,67,68,69,70,71,73,79,80,81,84,86,92]",86,1101,15,0.0136239782016349,1
"[0,1,2,3,4,5,6,7,8,9,10,11,12,13,20,22,23,25,26,30,31,33,39,42,46,48,51,53,57,58,59,60,63,65,67,68,69,70,71,73,79,80,81,84,86,92]",92,1101,2,0.00181653042688465,1
"[0,1,2,3,4,5,6,7,8,9,10,11,12,13,20,22,23,25,26,30,33,39,40,42,46,48,51,53,57,58,59,60,63,65,66,67,68,69,70,71,73,76,77,79,81,83,86,92]",0,3078,23,0.00747238466536712,2
"[0,1,2,3,4,5,6,7,8,9,10,11,12,13,20,22,23,25,26,30,33,39,40,42,46,48,51,53,57,58,59,60,63,65,66,67,68,69,70,71,73,76,77,79,81,83,86,92]",1,3078,53,0.0172189733593242,2
"[0,1,2,3,4,5,6,7,8,9,10,11,12,13,20,22,23,25,26,30,33,39,40,42,46,48,51,53,57,58,59,60,63,65,66,67,68,69,70,71,73,76,77,79,81,83,86,92]",2,3078,146,0.0474333983105913,2
"[0,1,2,3,4,5,6,7,8,9,10,11,12,13,20,22,23,25,26,30,33,39,40,42,46,48,51,53,57,58,59,60,63,65,66,67,68,69,70,71,73,76,77,79,81,83,86,92]",3,3078,27,0.0087719298245614,2
"[0,1,2,3,4,5,6,7,8,9,10,11,12,13,20,22,23,25,26,30,33,39,40,42,46,48,51,53,57,58,59,60,63,65,66,67,68,69,70,71,73,76,77,79,81,83,86,92]",4,3078,490,0.1591942820013,2
"[0,1,2,3,4,5,6,7,8,9,10,11,12,13,20,22,23,25,26,30,33,39,40,42,46,48,51,53,57,58,59,60,63,65,66,67,68,69,70,71,73,76,77,79,81,83,86,92]",5,3078,434,0.14100064977258,2
"[0,1,2,3,4,5,6,7,8,9,10,11,12,13,20,22,23,25,26,30,33,39,40,42,46,48,51,53,57,58,59,60,63,65,66,67,68,69,70,71,73,76,77,79,81,83,86,92]",6,3078,53,0.0172189733593242,2
"[0,1,2,3,4,5,6,7,8,9,10,11,12,13,20,22,23,25,26,30,33,39,40,42,46,48,51,53,57,58,59,60,63,65,66,67,68,69,70,71,73,76,77,79,81,83,86,92]",7,3078,369,0.119883040935673,2
"[0,1,2,3,4,5,6,7,8,9,10,11,12,13,20,22,23,25,26,30,33,39,40,42,46,48,51,53,57,58,59,60,63,65,66,67,68,69,70,71,73,76,77,79,81,83,86,92]",8,3078,49,0.01591942820013,2
"[0,1,2,3,4,5,6,7,8,9,10,11,12,13,20,22,23,25,26,30,33,39,40,42,46,48,51,53,57,58,59,60,63,65,66,67,68,69,70,71,73,76,77,79,81,83,86,92]",9,3078,59,0.0191682910981157,2
"[0,1,2,3,4,5,6,7,8,9,10,11,12,13,20,22,23,25,26,30,33,39,40,42,46,48,51,53,57,58,59,60,63,65,66,67,68,69,70,71,73,76,77,79,81,83,86,92]",10,3078,254,0.0825211176088369,2
"[0,1,2,3,4,5,6,7,8,9,10,11,12,13,20,22,23,25,26,30,33,39,40,42,46,48,51,53,57,58,59,60,63,65,66,67,68,69,70,71,73,76,77,79,81,83,86,92]",11,3078,109,0.0354126055880442,2
"[0,1,2,3,4,5,6,7,8,9,10,11,12,13,20,22,23,25,26,30,33,39,40,42,46,48,51,53,57,58,59,60,63,65,66,67,68,69,70,71,73,76,77,79,81,83,86,92]",12,3078,63,0.0204678362573099,2
"[0,1,2,3,4,5,6,7,8,9,10,11,12,13,20,22,23,25,26,30,33,39,40,42,46,48,51,53,57,58,59,60,63,65,66,67,68,69,70,71,73,76,77,79,81,83,86,92]",13,3078,80,0.0259909031838856,2
"[0,1,2,3,4,5,6,7,8,9,10,11,12,13,20,22,23,25,26,30,33,39,40,42,46,48,51,53,57,58,59,60,63,65,66,67,68,69,70,71,73,76,77,79,81,83,86,92]",20,3078,64,0.0207927225471085,2
"[0,1,2,3,4,5,6,7,8,9,10,11,12,13,20,22,23,25,26,30,33,39,40,42,46,48,51,53,57,58,59,60,63,65,66,67,68,69,70,71,73,76,77,79,81,83,86,92]",22,3078,16,0.00519818063677713,2
"[0,1,2,3,4,5,6,7,8,9,10,11,12,13,20,22,23,25,26,30,33,39,40,42,46,48,51,53,57,58,59,60,63,65,66,67,68,69,70,71,73,76,77,79,81,83,86,92]",23,3078,16,0.00519818063677713,2
"[0,1,2,3,4,5,6,7,8,9,10,11,12,13,20,22,23,25,26,30,33,39,40,42,46,48,51,53,57,58,59,60,63,65,66,67,68,69,70,71,73,76,77,79,81,83,86,92]",25,3078,19,0.00617283950617284,2
"[0,1,2,3,4,5,6,7,8,9,10,11,12,13,20,22,23,25,26,30,33,39,40,42,46,48,51,53,57,58,59,60,63,65,66,67,68,69,70,71,73,76,77,79,81,83,86,92]",26,3078,52,0.0168940870695257,2
"[0,1,2,3,4,5,6,7,8,9,10,11,12,13,20,22,23,25,26,30,33,39,40,42,46,48,51,53,57,58,59,60,63,65,66,67,68,69,70,71,73,76,77,79,81,83,86,92]",30,3078,20,0.00649772579597141,2
"[0,1,2,3,4,5,6,7,8,9,10,11,12,13,20,22,23,25,26,30,33,39,40,42,46,48,51,53,57,58,59,60,63,65,66,67,68,69,70,71,73,76,77,79,81,83,86,92]",33,3078,15,0.00487329434697856,2
"[0,1,2,3,4,5,6,7,8,9,10,11,12,13,20,22,23,25,26,30,33,39,40,42,46,48,51,53,57,58,59,60,63,65,66,67,68,69,70,71,73,76,77,79,81,83,86,92]",39,3078,40,0.0129954515919428,2
"[0,1,2,3,4,5,6,7,8,9,10,11,12,13,20,22,23,25,26,30,33,39,40,42,46,48,51,53,57,58,59,60,63,65,66,67,68,69,70,71,73,76,77,79,81,83,86,92]",40,3078,11,0.00357374918778428,2
"[0,1,2,3,4,5,6,7,8,9,10,11,12,13,20,22,23,25,26,30,33,39,40,42,46,48,51,53,57,58,59,60,63,65,66,67,68,69,70,71,73,76,77,79,81,83,86,92]",42,3078,28,0.00909681611435997,2
"[0,1,2,3,4,5,6,7,8,9,10,11,12,13,20,22,23,25,26,30,33,39,40,42,46,48,51,53,57,58,59,60,63,65,66,67,68,69,70,71,73,76,77,79,81,83,86,92]",46,3078,22,0.00714749837556855,2
"[0,1,2,3,4,5,6,7,8,9,10,11,12,13,20,22,23,25,26,30,33,39,40,42,46,48,51,53,57,58,59,60,63,65,66,67,68,69,70,71,73,76,77,79,81,83,86,92]",48,3078,7,0.00227420402858999,2
"[0,1,2,3,4,5,6,7,8,9,10,11,12,13,20,22,23,25,26,30,33,39,40,42,46,48,51,53,57,58,59,60,63,65,66,67,68,69,70,71,73,76,77,79,81,83,86,92]",51,3078,10,0.0032488628979857,2
"[0,1,2,3,4,5,6,7,8,9,10,11,12,13,20,22,23,25,26,30,33,39,40,42,46,48,51,53,57,58,59,60,63,65,66,67,68,69,70,71,73,76,77,79,81,83,86,92]",53,3078,17,0.0055230669265757,2
"[0,1,2,3,4,5,6,7,8,9,10,11,12,13,20,22,23,25,26,30,33,39,40,42,46,48,51,53,57,58,59,60,63,65,66,67,68,69,70,71,73,76,77,79,81,83,86,92]",57,3078,92,0.0298895386614685,2
"[0,1,2,3,4,5,6,7,8,9,10,11,12,13,20,22,23,25,26,30,33,39,40,42,46,48,51,53,57,58,59,60,63,65,66,67,68,69,70,71,73,76,77,79,81,83,86,92]",58,3078,3,0.000974658869395711,2
"[0,1,2,3,4,5,6,7,8,9,10,11,12,13,20,22,23,25,26,30,33,39,40,42,46,48,51,53,57,58,59,60,63,65,66,67,68,69,70,71,73,76,77,79,81,83,86,92]",59,3078,6,0.00194931773879142,2
"[0,1,2,3,4,5,6,7,8,9,10,11,12,13,20,22,23,25,26,30,33,39,40,42,46,48,51,53,57,58,59,60,63,65,66,67,68,69,70,71,73,76,77,79,81,83,86,92]",60,3078,18,0.00584795321637427,2
"[0,1,2,3,4,5,6,7,8,9,10,11,12,13,20,22,23,25,26,30,33,39,40,42,46,48,51,53,57,58,59,60,63,65,66,67,68,69,70,71,73,76,77,79,81,83,86,92]",63,3078,23,0.00747238466536712,2
"[0,1,2,3,4,5,6,7,8,9,10,11,12,13,20,22,23,25,26,30,33,39,40,42,46,48,51,53,57,58,59,60,63,65,66,67,68,69,70,71,73,76,77,79,81,83,86,92]",65,3078,13,0.00422352176738142,2
"[0,1,2,3,4,5,6,7,8,9,10,11,12,13,20,22,23,25,26,30,33,39,40,42,46,48,51,53,57,58,59,60,63,65,66,67,68,69,70,71,73,76,77,79,81,83,86,92]",66,3078,74,0.0240415854450942,2
"[0,1,2,3,4,5,6,7,8,9,10,11,12,13,20,22,23,25,26,30,33,39,40,42,46,48,51,53,57,58,59,60,63,65,66,67,68,69,70,71,73,76,77,79,81,83,86,92]",67,3078,60,0.0194931773879142,2
"[0,1,2,3,4,5,6,7,8,9,10,11,12,13,20,22,23,25,26,30,33,39,40,42,46,48,51,53,57,58,59,60,63,65,66,67,68,69,70,71,73,76,77,79,81,83,86,92]",68,3078,8,0.00259909031838856,2
"[0,1,2,3,4,5,6,7,8,9,10,11,12,13,20,22,23,25,26,30,33,39,40,42,46,48,51,53,57,58,59,60,63,65,66,67,68,69,70,71,73,76,77,79,81,83,86,92]",69,3078,9,0.00292397660818713,2
"[0,1,2,3,4,5,6,7,8,9,10,11,12,13,20,22,23,25,26,30,33,39,40,42,46,48,51,53,57,58,59,60,63,65,66,67,68,69,70,71,73,76,77,79,81,83,86,92]",70,3078,6,0.00194931773879142,2
"[0,1,2,3,4,5,6,7,8,9,10,11,12,13,20,22,23,25,26,30,33,39,40,42,46,48,51,53,57,58,59,60,63,65,66,67,68,69,70,71,73,76,77,79,81,83,86,92]",71,3078,7,0.00227420402858999,2
"[0,1,2,3,4,5,6,7,8,9,10,11,12,13,20,22,23,25,26,30,33,39,40,42,46,48,51,53,57,58,59,60,63,65,66,67,68,69,70,71,73,76,77,79,81,83,86,92]",73,3078,12,0.00389863547758285,2
"[0,1,2,3,4,5,6,7,8,9,10,11,12,13,20,22,23,25,26,30,33,39,40,42,46,48,51,53,57,58,59,60,63,65,66,67,68,69,70,71,73,76,77,79,81,83,86,92]",76,3078,27,0.0087719298245614,2
"[0,1,2,3,4,5,6,7,8,9,10,11,12,13,20,22,23,25,26,30,33,39,40,42,46,48,51,53,57,58,59,60,63,65,66,67,68,69,70,71,73,76,77,79,81,83,86,92]",77,3078,35,0.01137102014295,2
"[0,1,2,3,4,5,6,7,8,9,10,11,12,13,20,22,23,25,26,30,33,39,40,42,46,48,51,53,57,58,59,60,63,65,66,67,68,69,70,71,73,76,77,79,81,83,86,92]",79,3078,105,0.0341130604288499,2
"[0,1,2,3,4,5,6,7,8,9,10,11,12,13,20,22,23,25,26,30,33,39,40,42,46,48,51,53,57,58,59,60,63,65,66,67,68,69,70,71,73,76,77,79,81,83,86,92]",81,3078,10,0.0032488628979857,2
"[0,1,2,3,4,5,6,7,8,9,10,11,12,13,20,22,23,25,26,30,33,39,40,42,46,48,51,53,57,58,59,60,63,65,66,67,68,69,70,71,73,76,77,79,81,83,86,92]",83,3078,7,0.00227420402858999,2
"[0,1,2,3,4,5,6,7,8,9,10,11,12,13,20,22,23,25,26,30,33,39,40,42,46,48,51,53,57,58,59,60,63,65,66,67,68,69,70,71,73,76,77,79,81,83,86,92]",86,3078,11,0.00357374918778428,2
"[0,1,2,3,4,5,6,7,8,9,10,11,12,13,20,22,23,25,26,30,33,39,40,42,46,48,51,53,57,58,59,60,63,65,66,67,68,69,70,71,73,76,77,79,81,83,86,92]",92,3078,6,0.00194931773879142,2
"[0,1,2,3,4,5,6,7,8,9,10,11,12,13,20,22,23,25,26,30,33,39,40,42,46,48,51,53,57,58,59,60,63,65,67,69,70,71,73,79,80,81,86,92]",0,2899,26,0.00896860986547085,1
"[0,1,2,3,4,5,6,7,8,9,10,11,12,13,20,22,23,25,26,30,33,39,40,42,46,48,51,53,57,58,59,60,63,65,67,69,70,71,73,79,80,81,86,92]",1,2899,33,0.0113832355984822,1
"[0,1,2,3,4,5,6,7,8,9,10,11,12,13,20,22,23,25,26,30,33,39,40,42,46,48,51,53,57,58,59,60,63,65,67,69,70,71,73,79,80,81,86,92]",2,2899,125,0.0431183166609176,1
"[0,1,2,3,4,5,6,7,8,9,10,11,12,13,20,22,23,25,26,30,33,39,40,42,46,48,51,53,57,58,59,60,63,65,67,69,70,71,73,79,80,81,86,92]",3,2899,56,0.0193170058640911,1
"[0,1,2,3,4,5,6,7,8,9,10,11,12,13,20,22,23,25,26,30,33,39,40,42,46,48,51,53,57,58,59,60,63,65,67,69,70,71,73,79,80,81,86,92]",4,2899,1072,0.369782683684029,1
"[0,1,2,3,4,5,6,7,8,9,10,11,12,13,20,22,23,25,26,30,33,39,40,42,46,48,51,53,57,58,59,60,63,65,67,69,70,71,73,79,80,81,86,92]",5,2899,735,0.253535701966195,1
"[0,1,2,3,4,5,6,7,8,9,10,11,12,13,20,22,23,25,26,30,33,39,40,42,46,48,51,53,57,58,59,60,63,65,67,69,70,71,73,79,80,81,86,92]",6,2899,3,0.00103483959986202,1
"[0,1,2,3,4,5,6,7,8,9,10,11,12,13,20,22,23,25,26,30,33,39,40,42,46,48,51,53,57,58,59,60,63,65,67,69,70,71,73,79,80,81,86,92]",7,2899,234,0.0807174887892377,1
"[0,1,2,3,4,5,6,7,8,9,10,11,12,13,20,22,23,25,26,30,33,39,40,42,46,48,51,53,57,58,59,60,63,65,67,69,70,71,73,79,80,81,86,92]",8,2899,23,0.00793377026560883,1
"[0,1,2,3,4,5,6,7,8,9,10,11,12,13,20,22,23,25,26,30,33,39,40,42,46,48,51,53,57,58,59,60,63,65,67,69,70,71,73,79,80,81,86,92]",9,2899,56,0.0193170058640911,1
"[0,1,2,3,4,5,6,7,8,9,10,11,12,13,20,22,23,25,26,30,33,39,40,42,46,48,51,53,57,58,59,60,63,65,67,69,70,71,73,79,80,81,86,92]",10,2899,70,0.0241462573301138,1
"[0,1,2,3,4,5,6,7,8,9,10,11,12,13,20,22,23,25,26,30,33,39,40,42,46,48,51,53,57,58,59,60,63,65,67,69,70,71,73,79,80,81,86,92]",11,2899,38,0.0131079682649189,1
"[0,1,2,3,4,5,6,7,8,9,10,11,12,13,20,22,23,25,26,30,33,39,40,42,46,48,51,53,57,58,59,60,63,65,67,69,70,71,73,79,80,81,86,92]",12,2899,16,0.00551914453259745,1
"[0,1,2,3,4,5,6,7,8,9,10,11,12,13,20,22,23,25,26,30,33,39,40,42,46,48,51,53,57,58,59,60,63,65,67,69,70,71,73,79,80,81,86,92]",13,2899,96,0.0331148671955847,1
"[0,1,2,3,4,5,6,7,8,9,10,11,12,13,20,22,23,25,26,30,33,39,40,42,46,48,51,53,57,58,59,60,63,65,67,69,70,71,73,79,80,81,86,92]",20,2899,96,0.0331148671955847,1
"[0,1,2,3,4,5,6,7,8,9,10,11,12,13,20,22,23,25,26,30,33,39,40,42,46,48,51,53,57,58,59,60,63,65,67,69,70,71,73,79,80,81,86,92]",22,2899,4,0.00137978613314936,1
"[0,1,2,3,4,5,6,7,8,9,10,11,12,13,20,22,23,25,26,30,33,39,40,42,46,48,51,53,57,58,59,60,63,65,67,69,70,71,73,79,80,81,86,92]",23,2899,11,0.00379441186616075,1
"[0,1,2,3,4,5,6,7,8,9,10,11,12,13,20,22,23,25,26,30,33,39,40,42,46,48,51,53,57,58,59,60,63,65,67,69,70,71,73,79,80,81,86,92]",25,2899,9,0.00310451879958606,1
"[0,1,2,3,4,5,6,7,8,9,10,11,12,13,20,22,23,25,26,30,33,39,40,42,46,48,51,53,57,58,59,60,63,65,67,69,70,71,73,79,80,81,86,92]",26,2899,14,0.00482925146602277,1
"[0,1,2,3,4,5,6,7,8,9,10,11,12,13,20,22,23,25,26,30,33,39,40,42,46,48,51,53,57,58,59,60,63,65,67,69,70,71,73,79,80,81,86,92]",30,2899,3,0.00103483959986202,1
"[0,1,2,3,4,5,6,7,8,9,10,11,12,13,20,22,23,25,26,30,33,39,40,42,46,48,51,53,57,58,59,60,63,65,67,69,70,71,73,79,80,81,86,92]",33,2899,5,0.0017247326664367,1
"[0,1,2,3,4,5,6,7,8,9,10,11,12,13,20,22,23,25,26,30,33,39,40,42,46,48,51,53,57,58,59,60,63,65,67,69,70,71,73,79,80,81,86,92]",39,2899,13,0.00448430493273543,1
"[0,1,2,3,4,5,6,7,8,9,10,11,12,13,20,22,23,25,26,30,33,39,40,42,46,48,51,53,57,58,59,60,63,65,67,69,70,71,73,79,80,81,86,92]",40,2899,3,0.00103483959986202,1
"[0,1,2,3,4,5,6,7,8,9,10,11,12,13,20,22,23,25,26,30,33,39,40,42,46,48,51,53,57,58,59,60,63,65,67,69,70,71,73,79,80,81,86,92]",42,2899,7,0.00241462573301138,1
"[0,1,2,3,4,5,6,7,8,9,10,11,12,13,20,22,23,25,26,30,33,39,40,42,46,48,51,53,57,58,59,60,63,65,67,69,70,71,73,79,80,81,86,92]",46,2899,7,0.00241462573301138,1
"[0,1,2,3,4,5,6,7,8,9,10,11,12,13,20,22,23,25,26,30,33,39,40,42,46,48,51,53,57,58,59,60,63,65,67,69,70,71,73,79,80,81,86,92]",48,2899,2,0.000689893066574681,1
"[0,1,2,3,4,5,6,7,8,9,10,11,12,13,20,22,23,25,26,30,33,39,40,42,46,48,51,53,57,58,59,60,63,65,67,69,70,71,73,79,80,81,86,92]",51,2899,4,0.00137978613314936,1
"[0,1,2,3,4,5,6,7,8,9,10,11,12,13,20,22,23,25,26,30,33,39,40,42,46,48,51,53,57,58,59,60,63,65,67,69,70,71,73,79,80,81,86,92]",53,2899,10,0.0034494653328734,1
"[0,1,2,3,4,5,6,7,8,9,10,11,12,13,20,22,23,25,26,30,33,39,40,42,46,48,51,53,57,58,59,60,63,65,67,69,70,71,73,79,80,81,86,92]",57,2899,31,0.0106933425319076,1
"[0,1,2,3,4,5,6,7,8,9,10,11,12,13,20,22,23,25,26,30,33,39,40,42,46,48,51,53,57,58,59,60,63,65,67,69,70,71,73,79,80,81,86,92]",58,2899,1,0.00034494653328734,1
"[0,1,2,3,4,5,6,7,8,9,10,11,12,13,20,22,23,25,26,30,33,39,40,42,46,48,51,53,57,58,59,60,63,65,67,69,70,71,73,79,80,81,86,92]",59,2899,3,0.00103483959986202,1
"[0,1,2,3,4,5,6,7,8,9,10,11,12,13,20,22,23,25,26,30,33,39,40,42,46,48,51,53,57,58,59,60,63,65,67,69,70,71,73,79,80,81,86,92]",60,2899,7,0.00241462573301138,1
"[0,1,2,3,4,5,6,7,8,9,10,11,12,13,20,22,23,25,26,30,33,39,40,42,46,48,51,53,57,58,59,60,63,65,67,69,70,71,73,79,80,81,86,92]",63,2899,27,0.00931355639875819,1
"[0,1,2,3,4,5,6,7,8,9,10,11,12,13,20,22,23,25,26,30,33,39,40,42,46,48,51,53,57,58,59,60,63,65,67,69,70,71,73,79,80,81,86,92]",65,2899,5,0.0017247326664367,1
"[0,1,2,3,4,5,6,7,8,9,10,11,12,13,20,22,23,25,26,30,33,39,40,42,46,48,51,53,57,58,59,60,63,65,67,69,70,71,73,79,80,81,86,92]",67,2899,3,0.00103483959986202,1
"[0,1,2,3,4,5,6,7,8,9,10,11,12,13,20,22,23,25,26,30,33,39,40,42,46,48,51,53,57,58,59,60,63,65,67,69,70,71,73,79,80,81,86,92]",69,2899,2,0.000689893066574681,1
"[0,1,2,3,4,5,6,7,8,9,10,11,12,13,20,22,23,25,26,30,33,39,40,42,46,48,51,53,57,58,59,60,63,65,67,69,70,71,73,79,80,81,86,92]",70,2899,1,0.00034494653328734,1
"[0,1,2,3,4,5,6,7,8,9,10,11,12,13,20,22,23,25,26,30,33,39,40,42,46,48,51,53,57,58,59,60,63,65,67,69,70,71,73,79,80,81,86,92]",71,2899,4,0.00137978613314936,1
"[0,1,2,3,4,5,6,7,8,9,10,11,12,13,20,22,23,25,26,30,33,39,40,42,46,48,51,53,57,58,59,60,63,65,67,69,70,71,73,79,80,81,86,92]",73,2899,2,0.000689893066574681,1
"[0,1,2,3,4,5,6,7,8,9,10,11,12,13,20,22,23,25,26,30,33,39,40,42,46,48,51,53,57,58,59,60,63,65,67,69,70,71,73,79,80,81,86,92]",79,2899,26,0.00896860986547085,1
"[0,1,2,3,4,5,6,7,8,9,10,11,12,13,20,22,23,25,26,30,33,39,40,42,46,48,51,53,57,58,59,60,63,65,67,69,70,71,73,79,80,81,86,92]",80,2899,5,0.0017247326664367,1
"[0,1,2,3,4,5,6,7,8,9,10,11,12,13,20,22,23,25,26,30,33,39,40,42,46,48,51,53,57,58,59,60,63,65,67,69,70,71,73,79,80,81,86,92]",81,2899,6,0.00206967919972404,1
"[0,1,2,3,4,5,6,7,8,9,10,11,12,13,20,22,23,25,26,30,33,39,40,42,46,48,51,53,57,58,59,60,63,65,67,69,70,71,73,79,80,81,86,92]",86,2899,2,0.000689893066574681,1
"[0,1,2,3,4,5,6,7,8,9,10,11,12,13,20,22,23,25,26,30,33,39,40,42,46,48,51,53,57,58,59,60,63,65,67,69,70,71,73,79,80,81,86,92]",92,2899,3,0.00103483959986202,1
"[0,1,2,3,4,5,6,7,8,9,10,11,12,20,22,23,25,26,30,33,39,40,42,46,48,51,53,57,58,59,60,63,65,66,67,68,69,70,71,73,76,77,79,81,86,92]",0,1530,12,0.00784313725490196,1
"[0,1,2,3,4,5,6,7,8,9,10,11,12,20,22,23,25,26,30,33,39,40,42,46,48,51,53,57,58,59,60,63,65,66,67,68,69,70,71,73,76,77,79,81,86,92]",1,1530,19,0.0124183006535948,1
"[0,1,2,3,4,5,6,7,8,9,10,11,12,20,22,23,25,26,30,33,39,40,42,46,48,51,53,57,58,59,60,63,65,66,67,68,69,70,71,73,76,77,79,81,86,92]",2,1530,46,0.0300653594771242,1
"[0,1,2,3,4,5,6,7,8,9,10,11,12,20,22,23,25,26,30,33,39,40,42,46,48,51,53,57,58,59,60,63,65,66,67,68,69,70,71,73,76,77,79,81,86,92]",3,1530,16,0.0104575163398693,1
"[0,1,2,3,4,5,6,7,8,9,10,11,12,20,22,23,25,26,30,33,39,40,42,46,48,51,53,57,58,59,60,63,65,66,67,68,69,70,71,73,76,77,79,81,86,92]",4,1530,25,0.0163398692810458,1
"[0,1,2,3,4,5,6,7,8,9,10,11,12,20,22,23,25,26,30,33,39,40,42,46,48,51,53,57,58,59,60,63,65,66,67,68,69,70,71,73,76,77,79,81,86,92]",5,1530,23,0.0150326797385621,1
"[0,1,2,3,4,5,6,7,8,9,10,11,12,20,22,23,25,26,30,33,39,40,42,46,48,51,53,57,58,59,60,63,65,66,67,68,69,70,71,73,76,77,79,81,86,92]",6,1530,3,0.00196078431372549,1
"[0,1,2,3,4,5,6,7,8,9,10,11,12,20,22,23,25,26,30,33,39,40,42,46,48,51,53,57,58,59,60,63,65,66,67,68,69,70,71,73,76,77,79,81,86,92]",7,1530,152,0.0993464052287582,1
"[0,1,2,3,4,5,6,7,8,9,10,11,12,20,22,23,25,26,30,33,39,40,42,46,48,51,53,57,58,59,60,63,65,66,67,68,69,70,71,73,76,77,79,81,86,92]",8,1530,29,0.0189542483660131,1
"[0,1,2,3,4,5,6,7,8,9,10,11,12,20,22,23,25,26,30,33,39,40,42,46,48,51,53,57,58,59,60,63,65,66,67,68,69,70,71,73,76,77,79,81,86,92]",9,1530,25,0.0163398692810458,1
"[0,1,2,3,4,5,6,7,8,9,10,11,12,20,22,23,25,26,30,33,39,40,42,46,48,51,53,57,58,59,60,63,65,66,67,68,69,70,71,73,76,77,79,81,86,92]",10,1530,14,0.00915032679738562,1
"[0,1,2,3,4,5,6,7,8,9,10,11,12,20,22,23,25,26,30,33,39,40,42,46,48,51,53,57,58,59,60,63,65,66,67,68,69,70,71,73,76,77,79,81,86,92]",11,1530,37,0.0241830065359477,1
"[0,1,2,3,4,5,6,7,8,9,10,11,12,20,22,23,25,26,30,33,39,40,42,46,48,51,53,57,58,59,60,63,65,66,67,68,69,70,71,73,76,77,79,81,86,92]",12,1530,15,0.00980392156862745,1
"[0,1,2,3,4,5,6,7,8,9,10,11,12,20,22,23,25,26,30,33,39,40,42,46,48,51,53,57,58,59,60,63,65,66,67,68,69,70,71,73,76,77,79,81,86,92]",20,1530,24,0.0156862745098039,1
"[0,1,2,3,4,5,6,7,8,9,10,11,12,20,22,23,25,26,30,33,39,40,42,46,48,51,53,57,58,59,60,63,65,66,67,68,69,70,71,73,76,77,79,81,86,92]",22,1530,4,0.00261437908496732,1
"[0,1,2,3,4,5,6,7,8,9,10,11,12,20,22,23,25,26,30,33,39,40,42,46,48,51,53,57,58,59,60,63,65,66,67,68,69,70,71,73,76,77,79,81,86,92]",23,1530,19,0.0124183006535948,1
"[0,1,2,3,4,5,6,7,8,9,10,11,12,20,22,23,25,26,30,33,39,40,42,46,48,51,53,57,58,59,60,63,65,66,67,68,69,70,71,73,76,77,79,81,86,92]",25,1530,15,0.00980392156862745,1
"[0,1,2,3,4,5,6,7,8,9,10,11,12,20,22,23,25,26,30,33,39,40,42,46,48,51,53,57,58,59,60,63,65,66,67,68,69,70,71,73,76,77,79,81,86,92]",26,1530,14,0.00915032679738562,1
"[0,1,2,3,4,5,6,7,8,9,10,11,12,20,22,23,25,26,30,33,39,40,42,46,48,51,53,57,58,59,60,63,65,66,67,68,69,70,71,73,76,77,79,81,86,92]",30,1530,5,0.00326797385620915,1
"[0,1,2,3,4,5,6,7,8,9,10,11,12,20,22,23,25,26,30,33,39,40,42,46,48,51,53,57,58,59,60,63,65,66,67,68,69,70,71,73,76,77,79,81,86,92]",33,1530,2,0.00130718954248366,1
"[0,1,2,3,4,5,6,7,8,9,10,11,12,20,22,23,25,26,30,33,39,40,42,46,48,51,53,57,58,59,60,63,65,66,67,68,69,70,71,73,76,77,79,81,86,92]",39,1530,26,0.0169934640522876,1
"[0,1,2,3,4,5,6,7,8,9,10,11,12,20,22,23,25,26,30,33,39,40,42,46,48,51,53,57,58,59,60,63,65,66,67,68,69,70,71,73,76,77,79,81,86,92]",40,1530,5,0.00326797385620915,1
"[0,1,2,3,4,5,6,7,8,9,10,11,12,20,22,23,25,26,30,33,39,40,42,46,48,51,53,57,58,59,60,63,65,66,67,68,69,70,71,73,76,77,79,81,86,92]",42,1530,13,0.00849673202614379,1
"[0,1,2,3,4,5,6,7,8,9,10,11,12,20,22,23,25,26,30,33,39,40,42,46,48,51,53,57,58,59,60,63,65,66,67,68,69,70,71,73,76,77,79,81,86,92]",46,1530,13,0.00849673202614379,1
"[0,1,2,3,4,5,6,7,8,9,10,11,12,20,22,23,25,26,30,33,39,40,42,46,48,51,53,57,58,59,60,63,65,66,67,68,69,70,71,73,76,77,79,81,86,92]",48,1530,7,0.00457516339869281,1
"[0,1,2,3,4,5,6,7,8,9,10,11,12,20,22,23,25,26,30,33,39,40,42,46,48,51,53,57,58,59,60,63,65,66,67,68,69,70,71,73,76,77,79,81,86,92]",51,1530,3,0.00196078431372549,1
"[0,1,2,3,4,5,6,7,8,9,10,11,12,20,22,23,25,26,30,33,39,40,42,46,48,51,53,57,58,59,60,63,65,66,67,68,69,70,71,73,76,77,79,81,86,92]",53,1530,3,0.00196078431372549,1
"[0,1,2,3,4,5,6,7,8,9,10,11,12,20,22,23,25,26,30,33,39,40,42,46,48,51,53,57,58,59,60,63,65,66,67,68,69,70,71,73,76,77,79,81,86,92]",57,1530,2,0.00130718954248366,1
"[0,1,2,3,4,5,6,7,8,9,10,11,12,20,22,23,25,26,30,33,39,40,42,46,48,51,53,57,58,59,60,63,65,66,67,68,69,70,71,73,76,77,79,81,86,92]",58,1530,1,0.00065359477124183,1
"[0,1,2,3,4,5,6,7,8,9,10,11,12,20,22,23,25,26,30,33,39,40,42,46,48,51,53,57,58,59,60,63,65,66,67,68,69,70,71,73,76,77,79,81,86,92]",59,1530,5,0.00326797385620915,1
"[0,1,2,3,4,5,6,7,8,9,10,11,12,20,22,23,25,26,30,33,39,40,42,46,48,51,53,57,58,59,60,63,65,66,67,68,69,70,71,73,76,77,79,81,86,92]",60,1530,10,0.0065359477124183,1
"[0,1,2,3,4,5,6,7,8,9,10,11,12,20,22,23,25,26,30,33,39,40,42,46,48,51,53,57,58,59,60,63,65,66,67,68,69,70,71,73,76,77,79,81,86,92]",63,1530,16,0.0104575163398693,1
"[0,1,2,3,4,5,6,7,8,9,10,11,12,20,22,23,25,26,30,33,39,40,42,46,48,51,53,57,58,59,60,63,65,66,67,68,69,70,71,73,76,77,79,81,86,92]",65,1530,3,0.00196078431372549,1
"[0,1,2,3,4,5,6,7,8,9,10,11,12,20,22,23,25,26,30,33,39,40,42,46,48,51,53,57,58,59,60,63,65,66,67,68,69,70,71,73,76,77,79,81,86,92]",66,1530,54,0.0352941176470588,1
"[0,1,2,3,4,5,6,7,8,9,10,11,12,20,22,23,25,26,30,33,39,40,42,46,48,51,53,57,58,59,60,63,65,66,67,68,69,70,71,73,76,77,79,81,86,92]",67,1530,608,0.397385620915033,1
"[0,1,2,3,4,5,6,7,8,9,10,11,12,20,22,23,25,26,30,33,39,40,42,46,48,51,53,57,58,59,60,63,65,66,67,68,69,70,71,73,76,77,79,81,86,92]",68,1530,173,0.113071895424837,1
"[0,1,2,3,4,5,6,7,8,9,10,11,12,20,22,23,25,26,30,33,39,40,42,46,48,51,53,57,58,59,60,63,65,66,67,68,69,70,71,73,76,77,79,81,86,92]",69,1530,7,0.00457516339869281,1
"[0,1,2,3,4,5,6,7,8,9,10,11,12,20,22,23,25,26,30,33,39,40,42,46,48,51,53,57,58,59,60,63,65,66,67,68,69,70,71,73,76,77,79,81,86,92]",70,1530,5,0.00326797385620915,1
"[0,1,2,3,4,5,6,7,8,9,10,11,12,20,22,23,25,26,30,33,39,40,42,46,48,51,53,57,58,59,60,63,65,66,67,68,69,70,71,73,76,77,79,81,86,92]",71,1530,3,0.00196078431372549,1
"[0,1,2,3,4,5,6,7,8,9,10,11,12,20,22,23,25,26,30,33,39,40,42,46,48,51,53,57,58,59,60,63,65,66,67,68,69,70,71,73,76,77,79,81,86,92]",73,1530,5,0.00326797385620915,1
"[0,1,2,3,4,5,6,7,8,9,10,11,12,20,22,23,25,26,30,33,39,40,42,46,48,51,53,57,58,59,60,63,65,66,67,68,69,70,71,73,76,77,79,81,86,92]",76,1530,15,0.00980392156862745,1
"[0,1,2,3,4,5,6,7,8,9,10,11,12,20,22,23,25,26,30,33,39,40,42,46,48,51,53,57,58,59,60,63,65,66,67,68,69,70,71,73,76,77,79,81,86,92]",77,1530,24,0.0156862745098039,1
"[0,1,2,3,4,5,6,7,8,9,10,11,12,20,22,23,25,26,30,33,39,40,42,46,48,51,53,57,58,59,60,63,65,66,67,68,69,70,71,73,76,77,79,81,86,92]",79,1530,14,0.00915032679738562,1
"[0,1,2,3,4,5,6,7,8,9,10,11,12,20,22,23,25,26,30,33,39,40,42,46,48,51,53,57,58,59,60,63,65,66,67,68,69,70,71,73,76,77,79,81,86,92]",81,1530,5,0.00326797385620915,1
"[0,1,2,3,4,5,6,7,8,9,10,11,12,20,22,23,25,26,30,33,39,40,42,46,48,51,53,57,58,59,60,63,65,66,67,68,69,70,71,73,76,77,79,81,86,92]",86,1530,4,0.00261437908496732,1
"[0,1,2,3,4,5,6,7,8,9,10,11,12,20,22,23,25,26,30,33,39,40,42,46,48,51,53,57,58,59,60,63,65,66,67,68,69,70,71,73,76,77,79,81,86,92]",92,1530,7,0.00457516339869281,1
"[0,1,2,3,4,5,6,7,8,9,10,11,12,20,22,23,25,26,30,33,39,40,42,46,48,51,53,57,58,59,60,63,65,66,67,68,69,70,71,79,80,81,83,84,86,92]",0,840,7,0.00833333333333333,1
"[0,1,2,3,4,5,6,7,8,9,10,11,12,20,22,23,25,26,30,33,39,40,42,46,48,51,53,57,58,59,60,63,65,66,67,68,69,70,71,79,80,81,83,84,86,92]",1,840,25,0.0297619047619048,1
"[0,1,2,3,4,5,6,7,8,9,10,11,12,20,22,23,25,26,30,33,39,40,42,46,48,51,53,57,58,59,60,63,65,66,67,68,69,70,71,79,80,81,83,84,86,92]",2,840,46,0.0547619047619048,1
"[0,1,2,3,4,5,6,7,8,9,10,11,12,20,22,23,25,26,30,33,39,40,42,46,48,51,53,57,58,59,60,63,65,66,67,68,69,70,71,79,80,81,83,84,86,92]",3,840,16,0.019047619047619,1
"[0,1,2,3,4,5,6,7,8,9,10,11,12,20,22,23,25,26,30,33,39,40,42,46,48,51,53,57,58,59,60,63,65,66,67,68,69,70,71,79,80,81,83,84,86,92]",4,840,25,0.0297619047619048,1
"[0,1,2,3,4,5,6,7,8,9,10,11,12,20,22,23,25,26,30,33,39,40,42,46,48,51,53,57,58,59,60,63,65,66,67,68,69,70,71,79,80,81,83,84,86,92]",5,840,32,0.0380952380952381,1
"[0,1,2,3,4,5,6,7,8,9,10,11,12,20,22,23,25,26,30,33,39,40,42,46,48,51,53,57,58,59,60,63,65,66,67,68,69,70,71,79,80,81,83,84,86,92]",6,840,21,0.025,1
"[0,1,2,3,4,5,6,7,8,9,10,11,12,20,22,23,25,26,30,33,39,40,42,46,48,51,53,57,58,59,60,63,65,66,67,68,69,70,71,79,80,81,83,84,86,92]",7,840,129,0.153571428571429,1
"[0,1,2,3,4,5,6,7,8,9,10,11,12,20,22,23,25,26,30,33,39,40,42,46,48,51,53,57,58,59,60,63,65,66,67,68,69,70,71,79,80,81,83,84,86,92]",8,840,33,0.0392857142857143,1
"[0,1,2,3,4,5,6,7,8,9,10,11,12,20,22,23,25,26,30,33,39,40,42,46,48,51,53,57,58,59,60,63,65,66,67,68,69,70,71,79,80,81,83,84,86,92]",9,840,21,0.025,1
"[0,1,2,3,4,5,6,7,8,9,10,11,12,20,22,23,25,26,30,33,39,40,42,46,48,51,53,57,58,59,60,63,65,66,67,68,69,70,71,79,80,81,83,84,86,92]",10,840,18,0.0214285714285714,1
"[0,1,2,3,4,5,6,7,8,9,10,11,12,20,22,23,25,26,30,33,39,40,42,46,48,51,53,57,58,59,60,63,65,66,67,68,69,70,71,79,80,81,83,84,86,92]",11,840,8,0.00952380952380952,1
"[0,1,2,3,4,5,6,7,8,9,10,11,12,20,22,23,25,26,30,33,39,40,42,46,48,51,53,57,58,59,60,63,65,66,67,68,69,70,71,79,80,81,83,84,86,92]",12,840,102,0.121428571428571,1
"[0,1,2,3,4,5,6,7,8,9,10,11,12,20,22,23,25,26,30,33,39,40,42,46,48,51,53,57,58,59,60,63,65,66,67,68,69,70,71,79,80,81,83,84,86,92]",20,840,28,0.0333333333333333,1
"[0,1,2,3,4,5,6,7,8,9,10,11,12,20,22,23,25,26,30,33,39,40,42,46,48,51,53,57,58,59,60,63,65,66,67,68,69,70,71,79,80,81,83,84,86,92]",22,840,4,0.00476190476190476,1
"[0,1,2,3,4,5,6,7,8,9,10,11,12,20,22,23,25,26,30,33,39,40,42,46,48,51,53,57,58,59,60,63,65,66,67,68,69,70,71,79,80,81,83,84,86,92]",23,840,24,0.0285714285714286,1
"[0,1,2,3,4,5,6,7,8,9,10,11,12,20,22,23,25,26,30,33,39,40,42,46,48,51,53,57,58,59,60,63,65,66,67,68,69,70,71,79,80,81,83,84,86,92]",25,840,5,0.00595238095238095,1
"[0,1,2,3,4,5,6,7,8,9,10,11,12,20,22,23,25,26,30,33,39,40,42,46,48,51,53,57,58,59,60,63,65,66,67,68,69,70,71,79,80,81,83,84,86,92]",26,840,31,0.0369047619047619,1
"[0,1,2,3,4,5,6,7,8,9,10,11,12,20,22,23,25,26,30,33,39,40,42,46,48,51,53,57,58,59,60,63,65,66,67,68,69,70,71,79,80,81,83,84,86,92]",30,840,12,0.0142857142857143,1
"[0,1,2,3,4,5,6,7,8,9,10,11,12,20,22,23,25,26,30,33,39,40,42,46,48,51,53,57,58,59,60,63,65,66,67,68,69,70,71,79,80,81,83,84,86,92]",33,840,13,0.0154761904761905,1
"[0,1,2,3,4,5,6,7,8,9,10,11,12,20,22,23,25,26,30,33,39,40,42,46,48,51,53,57,58,59,60,63,65,66,67,68,69,70,71,79,80,81,83,84,86,92]",39,840,13,0.0154761904761905,1
"[0,1,2,3,4,5,6,7,8,9,10,11,12,20,22,23,25,26,30,33,39,40,42,46,48,51,53,57,58,59,60,63,65,66,67,68,69,70,71,79,80,81,83,84,86,92]",40,840,1,0.00119047619047619,1
"[0,1,2,3,4,5,6,7,8,9,10,11,12,20,22,23,25,26,30,33,39,40,42,46,48,51,53,57,58,59,60,63,65,66,67,68,69,70,71,79,80,81,83,84,86,92]",42,840,25,0.0297619047619048,1
"[0,1,2,3,4,5,6,7,8,9,10,11,12,20,22,23,25,26,30,33,39,40,42,46,48,51,53,57,58,59,60,63,65,66,67,68,69,70,71,79,80,81,83,84,86,92]",46,840,17,0.0202380952380952,1
"[0,1,2,3,4,5,6,7,8,9,10,11,12,20,22,23,25,26,30,33,39,40,42,46,48,51,53,57,58,59,60,63,65,66,67,68,69,70,71,79,80,81,83,84,86,92]",48,840,4,0.00476190476190476,1
"[0,1,2,3,4,5,6,7,8,9,10,11,12,20,22,23,25,26,30,33,39,40,42,46,48,51,53,57,58,59,60,63,65,66,67,68,69,70,71,79,80,81,83,84,86,92]",51,840,5,0.00595238095238095,1
"[0,1,2,3,4,5,6,7,8,9,10,11,12,20,22,23,25,26,30,33,39,40,42,46,48,51,53,57,58,59,60,63,65,66,67,68,69,70,71,79,80,81,83,84,86,92]",53,840,6,0.00714285714285714,1
"[0,1,2,3,4,5,6,7,8,9,10,11,12,20,22,23,25,26,30,33,39,40,42,46,48,51,53,57,58,59,60,63,65,66,67,68,69,70,71,79,80,81,83,84,86,92]",57,840,4,0.00476190476190476,1
"[0,1,2,3,4,5,6,7,8,9,10,11,12,20,22,23,25,26,30,33,39,40,42,46,48,51,53,57,58,59,60,63,65,66,67,68,69,70,71,79,80,81,83,84,86,92]",58,840,8,0.00952380952380952,1
"[0,1,2,3,4,5,6,7,8,9,10,11,12,20,22,23,25,26,30,33,39,40,42,46,48,51,53,57,58,59,60,63,65,66,67,68,69,70,71,79,80,81,83,84,86,92]",59,840,6,0.00714285714285714,1
"[0,1,2,3,4,5,6,7,8,9,10,11,12,20,22,23,25,26,30,33,39,40,42,46,48,51,53,57,58,59,60,63,65,66,67,68,69,70,71,79,80,81,83,84,86,92]",60,840,11,0.0130952380952381,1
"[0,1,2,3,4,5,6,7,8,9,10,11,12,20,22,23,25,26,30,33,39,40,42,46,48,51,53,57,58,59,60,63,65,66,67,68,69,70,71,79,80,81,83,84,86,92]",63,840,3,0.00357142857142857,1
"[0,1,2,3,4,5,6,7,8,9,10,11,12,20,22,23,25,26,30,33,39,40,42,46,48,51,53,57,58,59,60,63,65,66,67,68,69,70,71,79,80,81,83,84,86,92]",65,840,4,0.00476190476190476,1
"[0,1,2,3,4,5,6,7,8,9,10,11,12,20,22,23,25,26,30,33,39,40,42,46,48,51,53,57,58,59,60,63,65,66,67,68,69,70,71,79,80,81,83,84,86,92]",66,840,39,0.0464285714285714,1
"[0,1,2,3,4,5,6,7,8,9,10,11,12,20,22,23,25,26,30,33,39,40,42,46,48,51,53,57,58,59,60,63,65,66,67,68,69,70,71,79,80,81,83,84,86,92]",67,840,49,0.0583333333333333,1
"[0,1,2,3,4,5,6,7,8,9,10,11,12,20,22,23,25,26,30,33,39,40,42,46,48,51,53,57,58,59,60,63,65,66,67,68,69,70,71,79,80,81,83,84,86,92]",68,840,2,0.00238095238095238,1
"[0,1,2,3,4,5,6,7,8,9,10,11,12,20,22,23,25,26,30,33,39,40,42,46,48,51,53,57,58,59,60,63,65,66,67,68,69,70,71,79,80,81,83,84,86,92]",69,840,9,0.0107142857142857,1
"[0,1,2,3,4,5,6,7,8,9,10,11,12,20,22,23,25,26,30,33,39,40,42,46,48,51,53,57,58,59,60,63,65,66,67,68,69,70,71,79,80,81,83,84,86,92]",70,840,2,0.00238095238095238,1
"[0,1,2,3,4,5,6,7,8,9,10,11,12,20,22,23,25,26,30,33,39,40,42,46,48,51,53,57,58,59,60,63,65,66,67,68,69,70,71,79,80,81,83,84,86,92]",71,840,3,0.00357142857142857,1
"[0,1,2,3,4,5,6,7,8,9,10,11,12,20,22,23,25,26,30,33,39,40,42,46,48,51,53,57,58,59,60,63,65,66,67,68,69,70,71,79,80,81,83,84,86,92]",79,840,11,0.0130952380952381,1
"[0,1,2,3,4,5,6,7,8,9,10,11,12,20,22,23,25,26,30,33,39,40,42,46,48,51,53,57,58,59,60,63,65,66,67,68,69,70,71,79,80,81,83,84,86,92]",80,840,5,0.00595238095238095,1
"[0,1,2,3,4,5,6,7,8,9,10,11,12,20,22,23,25,26,30,33,39,40,42,46,48,51,53,57,58,59,60,63,65,66,67,68,69,70,71,79,80,81,83,84,86,92]",81,840,4,0.00476190476190476,1
"[0,1,2,3,4,5,6,7,8,9,10,11,12,20,22,23,25,26,30,33,39,40,42,46,48,51,53,57,58,59,60,63,65,66,67,68,69,70,71,79,80,81,83,84,86,92]",83,840,3,0.00357142857142857,1
"[0,1,2,3,4,5,6,7,8,9,10,11,12,20,22,23,25,26,30,33,39,40,42,46,48,51,53,57,58,59,60,63,65,66,67,68,69,70,71,79,80,81,83,84,86,92]",84,840,2,0.00238095238095238,1
"[0,1,2,3,4,5,6,7,8,9,10,11,12,20,22,23,25,26,30,33,39,40,42,46,48,51,53,57,58,59,60,63,65,66,67,68,69,70,71,79,80,81,83,84,86,92]",86,840,1,0.00119047619047619,1
"[0,1,2,3,4,5,6,7,8,9,10,11,12,20,22,23,25,26,30,33,39,40,42,46,48,51,53,57,58,59,60,63,65,66,67,68,69,70,71,79,80,81,83,84,86,92]",92,840,3,0.00357142857142857,1
"[0,1,2,3,4,5,6,7,8,9,10,11,13,14,15,16,17,18,19,20,21,24,27,28,29,32,44,45,50,78,95]",0,2312,36,0.0155709342560554,1
"[0,1,2,3,4,5,6,7,8,9,10,11,13,14,15,16,17,18,19,20,21,24,27,28,29,32,44,45,50,78,95]",1,2312,125,0.0540657439446367,1
"[0,1,2,3,4,5,6,7,8,9,10,11,13,14,15,16,17,18,19,20,21,24,27,28,29,32,44,45,50,78,95]",2,2312,62,0.0268166089965398,1
"[0,1,2,3,4,5,6,7,8,9,10,11,13,14,15,16,17,18,19,20,21,24,27,28,29,32,44,45,50,78,95]",3,2312,20,0.00865051903114187,1
"[0,1,2,3,4,5,6,7,8,9,10,11,13,14,15,16,17,18,19,20,21,24,27,28,29,32,44,45,50,78,95]",4,2312,98,0.0423875432525952,1
"[0,1,2,3,4,5,6,7,8,9,10,11,13,14,15,16,17,18,19,20,21,24,27,28,29,32,44,45,50,78,95]",5,2312,82,0.0354671280276817,1
"[0,1,2,3,4,5,6,7,8,9,10,11,13,14,15,16,17,18,19,20,21,24,27,28,29,32,44,45,50,78,95]",6,2312,18,0.00778546712802768,1
"[0,1,2,3,4,5,6,7,8,9,10,11,13,14,15,16,17,18,19,20,21,24,27,28,29,32,44,45,50,78,95]",7,2312,445,0.192474048442907,1
"[0,1,2,3,4,5,6,7,8,9,10,11,13,14,15,16,17,18,19,20,21,24,27,28,29,32,44,45,50,78,95]",8,2312,68,0.0294117647058824,1
"[0,1,2,3,4,5,6,7,8,9,10,11,13,14,15,16,17,18,19,20,21,24,27,28,29,32,44,45,50,78,95]",9,2312,153,0.0661764705882353,1
"[0,1,2,3,4,5,6,7,8,9,10,11,13,14,15,16,17,18,19,20,21,24,27,28,29,32,44,45,50,78,95]",10,2312,108,0.0467128027681661,1
"[0,1,2,3,4,5,6,7,8,9,10,11,13,14,15,16,17,18,19,20,21,24,27,28,29,32,44,45,50,78,95]",11,2312,152,0.0657439446366782,1
"[0,1,2,3,4,5,6,7,8,9,10,11,13,14,15,16,17,18,19,20,21,24,27,28,29,32,44,45,50,78,95]",13,2312,172,0.0743944636678201,1
"[0,1,2,3,4,5,6,7,8,9,10,11,13,14,15,16,17,18,19,20,21,24,27,28,29,32,44,45,50,78,95]",14,2312,68,0.0294117647058824,1
"[0,1,2,3,4,5,6,7,8,9,10,11,13,14,15,16,17,18,19,20,21,24,27,28,29,32,44,45,50,78,95]",15,2312,63,0.0272491349480969,1
"[0,1,2,3,4,5,6,7,8,9,10,11,13,14,15,16,17,18,19,20,21,24,27,28,29,32,44,45,50,78,95]",16,2312,11,0.00475778546712803,1
"[0,1,2,3,4,5,6,7,8,9,10,11,13,14,15,16,17,18,19,20,21,24,27,28,29,32,44,45,50,78,95]",17,2312,41,0.0177335640138408,1
"[0,1,2,3,4,5,6,7,8,9,10,11,13,14,15,16,17,18,19,20,21,24,27,28,29,32,44,45,50,78,95]",18,2312,38,0.0164359861591695,1
"[0,1,2,3,4,5,6,7,8,9,10,11,13,14,15,16,17,18,19,20,21,24,27,28,29,32,44,45,50,78,95]",19,2312,25,0.0108131487889273,1
"[0,1,2,3,4,5,6,7,8,9,10,11,13,14,15,16,17,18,19,20,21,24,27,28,29,32,44,45,50,78,95]",20,2312,42,0.0181660899653979,1
"[0,1,2,3,4,5,6,7,8,9,10,11,13,14,15,16,17,18,19,20,21,24,27,28,29,32,44,45,50,78,95]",21,2312,18,0.00778546712802768,1
"[0,1,2,3,4,5,6,7,8,9,10,11,13,14,15,16,17,18,19,20,21,24,27,28,29,32,44,45,50,78,95]",24,2312,52,0.0224913494809689,1
"[0,1,2,3,4,5,6,7,8,9,10,11,13,14,15,16,17,18,19,20,21,24,27,28,29,32,44,45,50,78,95]",27,2312,42,0.0181660899653979,1
"[0,1,2,3,4,5,6,7,8,9,10,11,13,14,15,16,17,18,19,20,21,24,27,28,29,32,44,45,50,78,95]",28,2312,27,0.0116782006920415,1
"[0,1,2,3,4,5,6,7,8,9,10,11,13,14,15,16,17,18,19,20,21,24,27,28,29,32,44,45,50,78,95]",29,2312,50,0.0216262975778547,1
"[0,1,2,3,4,5,6,7,8,9,10,11,13,14,15,16,17,18,19,20,21,24,27,28,29,32,44,45,50,78,95]",32,2312,38,0.0164359861591695,1
"[0,1,2,3,4,5,6,7,8,9,10,11,13,14,15,16,17,18,19,20,21,24,27,28,29,32,44,45,50,78,95]",44,2312,18,0.00778546712802768,1
"[0,1,2,3,4,5,6,7,8,9,10,11,13,14,15,16,17,18,19,20,21,24,27,28,29,32,44,45,50,78,95]",45,2312,38,0.0164359861591695,1
"[0,1,2,3,4,5,6,7,8,9,10,11,13,14,15,16,17,18,19,20,21,24,27,28,29,32,44,45,50,78,95]",50,2312,62,0.0268166089965398,1
"[0,1,2,3,4,5,6,7,8,9,10,11,13,14,15,16,17,18,19,20,21,24,27,28,29,32,44,45,50,78,95]",78,2312,12,0.00519031141868512,1
"[0,1,2,3,4,5,6,7,8,9,10,11,13,14,15,16,17,18,19,20,21,24,27,28,29,32,44,45,50,78,95]",95,2312,128,0.055363321799308,1
"[0,1,2,3,4,5,6,7,8,9,10,11,13,14,15,16,17,18,19,20,21,24,27,28,29,32,44,45,50,78]",0,4413,57,0.0129163834126445,2
"[0,1,2,3,4,5,6,7,8,9,10,11,13,14,15,16,17,18,19,20,21,24,27,28,29,32,44,45,50,78]",1,4413,553,0.125311579424428,2
"[0,1,2,3,4,5,6,7,8,9,10,11,13,14,15,16,17,18,19,20,21,24,27,28,29,32,44,45,50,78]",2,4413,135,0.0305914343983685,2
"[0,1,2,3,4,5,6,7,8,9,10,11,13,14,15,16,17,18,19,20,21,24,27,28,29,32,44,45,50,78]",3,4413,46,0.0104237480172218,2
"[0,1,2,3,4,5,6,7,8,9,10,11,13,14,15,16,17,18,19,20,21,24,27,28,29,32,44,45,50,78]",4,4413,167,0.0378427373668706,2
"[0,1,2,3,4,5,6,7,8,9,10,11,13,14,15,16,17,18,19,20,21,24,27,28,29,32,44,45,50,78]",5,4413,89,0.0201676863811466,2
"[0,1,2,3,4,5,6,7,8,9,10,11,13,14,15,16,17,18,19,20,21,24,27,28,29,32,44,45,50,78]",6,4413,653,0.147971901200997,2
"[0,1,2,3,4,5,6,7,8,9,10,11,13,14,15,16,17,18,19,20,21,24,27,28,29,32,44,45,50,78]",7,4413,618,0.140040788579198,2
"[0,1,2,3,4,5,6,7,8,9,10,11,13,14,15,16,17,18,19,20,21,24,27,28,29,32,44,45,50,78]",8,4413,383,0.0867890324042601,2
"[0,1,2,3,4,5,6,7,8,9,10,11,13,14,15,16,17,18,19,20,21,24,27,28,29,32,44,45,50,78]",9,4413,105,0.0237933378653977,2
"[0,1,2,3,4,5,6,7,8,9,10,11,13,14,15,16,17,18,19,20,21,24,27,28,29,32,44,45,50,78]",10,4413,116,0.0262859732608203,2
"[0,1,2,3,4,5,6,7,8,9,10,11,13,14,15,16,17,18,19,20,21,24,27,28,29,32,44,45,50,78]",11,4413,208,0.047133469295264,2
"[0,1,2,3,4,5,6,7,8,9,10,11,13,14,15,16,17,18,19,20,21,24,27,28,29,32,44,45,50,78]",13,4413,184,0.0416949920688874,2
"[0,1,2,3,4,5,6,7,8,9,10,11,13,14,15,16,17,18,19,20,21,24,27,28,29,32,44,45,50,78]",14,4413,98,0.0222071153410378,2
"[0,1,2,3,4,5,6,7,8,9,10,11,13,14,15,16,17,18,19,20,21,24,27,28,29,32,44,45,50,78]",15,4413,96,0.0217539089055065,2
"[0,1,2,3,4,5,6,7,8,9,10,11,13,14,15,16,17,18,19,20,21,24,27,28,29,32,44,45,50,78]",16,4413,33,0.00747790618626785,2
"[0,1,2,3,4,5,6,7,8,9,10,11,13,14,15,16,17,18,19,20,21,24,27,28,29,32,44,45,50,78]",17,4413,46,0.0104237480172218,2
"[0,1,2,3,4,5,6,7,8,9,10,11,13,14,15,16,17,18,19,20,21,24,27,28,29,32,44,45,50,78]",18,4413,42,0.00951733514615908,2
"[0,1,2,3,4,5,6,7,8,9,10,11,13,14,15,16,17,18,19,20,21,24,27,28,29,32,44,45,50,78]",19,4413,41,0.00929073192839338,2
"[0,1,2,3,4,5,6,7,8,9,10,11,13,14,15,16,17,18,19,20,21,24,27,28,29,32,44,45,50,78]",20,4413,84,0.0190346702923182,2
"[0,1,2,3,4,5,6,7,8,9,10,11,13,14,15,16,17,18,19,20,21,24,27,28,29,32,44,45,50,78]",21,4413,45,0.0101971447994562,2
"[0,1,2,3,4,5,6,7,8,9,10,11,13,14,15,16,17,18,19,20,21,24,27,28,29,32,44,45,50,78]",24,4413,105,0.0237933378653977,2
"[0,1,2,3,4,5,6,7,8,9,10,11,13,14,15,16,17,18,19,20,21,24,27,28,29,32,44,45,50,78]",27,4413,79,0.0179016542034897,2
"[0,1,2,3,4,5,6,7,8,9,10,11,13,14,15,16,17,18,19,20,21,24,27,28,29,32,44,45,50,78]",28,4413,30,0.00679809653297077,2
"[0,1,2,3,4,5,6,7,8,9,10,11,13,14,15,16,17,18,19,20,21,24,27,28,29,32,44,45,50,78]",29,4413,80,0.0181282574212554,2
"[0,1,2,3,4,5,6,7,8,9,10,11,13,14,15,16,17,18,19,20,21,24,27,28,29,32,44,45,50,78]",32,4413,64,0.0145026059370043,2
"[0,1,2,3,4,5,6,7,8,9,10,11,13,14,15,16,17,18,19,20,21,24,27,28,29,32,44,45,50,78]",44,4413,47,0.0106503512349875,2
"[0,1,2,3,4,5,6,7,8,9,10,11,13,14,15,16,17,18,19,20,21,24,27,28,29,32,44,45,50,78]",45,4413,54,0.0122365737593474,2
"[0,1,2,3,4,5,6,7,8,9,10,11,13,14,15,16,17,18,19,20,21,24,27,28,29,32,44,45,50,78]",50,4413,125,0.0283254022207115,2
"[0,1,2,3,4,5,6,7,8,9,10,11,13,14,15,16,17,18,19,20,21,24,27,28,29,32,44,45,50,78]",78,4413,30,0.00679809653297077,2
"[0,1,2,3,4,5,6,7,8,9,10,11,13,14,15,16,17,18,19,21,24,27,28,29,32,44,45,50,78,95]",0,16507,197,0.0119343308899255,7
"[0,1,2,3,4,5,6,7,8,9,10,11,13,14,15,16,17,18,19,21,24,27,28,29,32,44,45,50,78,95]",1,16507,759,0.0459804931241292,7
"[0,1,2,3,4,5,6,7,8,9,10,11,13,14,15,16,17,18,19,21,24,27,28,29,32,44,45,50,78,95]",2,16507,930,0.0563397346580239,7
"[0,1,2,3,4,5,6,7,8,9,10,11,13,14,15,16,17,18,19,21,24,27,28,29,32,44,45,50,78,95]",3,16507,179,0.0108438844126734,7
"[0,1,2,3,4,5,6,7,8,9,10,11,13,14,15,16,17,18,19,21,24,27,28,29,32,44,45,50,78,95]",4,16507,930,0.0563397346580239,7
"[0,1,2,3,4,5,6,7,8,9,10,11,13,14,15,16,17,18,19,21,24,27,28,29,32,44,45,50,78,95]",5,16507,694,0.0420427697340522,7
"[0,1,2,3,4,5,6,7,8,9,10,11,13,14,15,16,17,18,19,21,24,27,28,29,32,44,45,50,78,95]",6,16507,513,0.0310777246016841,7
"[0,1,2,3,4,5,6,7,8,9,10,11,13,14,15,16,17,18,19,21,24,27,28,29,32,44,45,50,78,95]",7,16507,2935,0.177803356151936,7
"[0,1,2,3,4,5,6,7,8,9,10,11,13,14,15,16,17,18,19,21,24,27,28,29,32,44,45,50,78,95]",8,16507,507,0.0307142424426001,7
"[0,1,2,3,4,5,6,7,8,9,10,11,13,14,15,16,17,18,19,21,24,27,28,29,32,44,45,50,78,95]",9,16507,635,0.0384685285030593,7
"[0,1,2,3,4,5,6,7,8,9,10,11,13,14,15,16,17,18,19,21,24,27,28,29,32,44,45,50,78,95]",10,16507,792,0.0479796449990913,7
"[0,1,2,3,4,5,6,7,8,9,10,11,13,14,15,16,17,18,19,21,24,27,28,29,32,44,45,50,78,95]",11,16507,963,0.058338886532986,7
"[0,1,2,3,4,5,6,7,8,9,10,11,13,14,15,16,17,18,19,21,24,27,28,29,32,44,45,50,78,95]",13,16507,1090,0.0660325922335979,7
"[0,1,2,3,4,5,6,7,8,9,10,11,13,14,15,16,17,18,19,21,24,27,28,29,32,44,45,50,78,95]",14,16507,464,0.0281092869691646,7
"[0,1,2,3,4,5,6,7,8,9,10,11,13,14,15,16,17,18,19,21,24,27,28,29,32,44,45,50,78,95]",15,16507,582,0.0352577694311504,7
"[0,1,2,3,4,5,6,7,8,9,10,11,13,14,15,16,17,18,19,21,24,27,28,29,32,44,45,50,78,95]",16,16507,86,0.00520991094687102,7
"[0,1,2,3,4,5,6,7,8,9,10,11,13,14,15,16,17,18,19,21,24,27,28,29,32,44,45,50,78,95]",17,16507,457,0.0276852244502332,7
"[0,1,2,3,4,5,6,7,8,9,10,11,13,14,15,16,17,18,19,21,24,27,28,29,32,44,45,50,78,95]",18,16507,272,0.0164778578784758,7
"[0,1,2,3,4,5,6,7,8,9,10,11,13,14,15,16,17,18,19,21,24,27,28,29,32,44,45,50,78,95]",19,16507,301,0.0182346883140486,7
"[0,1,2,3,4,5,6,7,8,9,10,11,13,14,15,16,17,18,19,21,24,27,28,29,32,44,45,50,78,95]",21,16507,50,0.00302901799236687,7
"[0,1,2,3,4,5,6,7,8,9,10,11,13,14,15,16,17,18,19,21,24,27,28,29,32,44,45,50,78,95]",24,16507,413,0.0250196886169504,7
"[0,1,2,3,4,5,6,7,8,9,10,11,13,14,15,16,17,18,19,21,24,27,28,29,32,44,45,50,78,95]",27,16507,309,0.0187193311928273,7
"[0,1,2,3,4,5,6,7,8,9,10,11,13,14,15,16,17,18,19,21,24,27,28,29,32,44,45,50,78,95]",28,16507,394,0.023868661779851,7
"[0,1,2,3,4,5,6,7,8,9,10,11,13,14,15,16,17,18,19,21,24,27,28,29,32,44,45,50,78,95]",29,16507,346,0.0209608045071788,7
"[0,1,2,3,4,5,6,7,8,9,10,11,13,14,15,16,17,18,19,21,24,27,28,29,32,44,45,50,78,95]",32,16507,289,0.0175077239958805,7
"[0,1,2,3,4,5,6,7,8,9,10,11,13,14,15,16,17,18,19,21,24,27,28,29,32,44,45,50,78,95]",44,16507,125,0.00757254498091719,7
"[0,1,2,3,4,5,6,7,8,9,10,11,13,14,15,16,17,18,19,21,24,27,28,29,32,44,45,50,78,95]",45,16507,300,0.0181741079542012,7
"[0,1,2,3,4,5,6,7,8,9,10,11,13,14,15,16,17,18,19,21,24,27,28,29,32,44,45,50,78,95]",50,16507,478,0.0289574120070273,7
"[0,1,2,3,4,5,6,7,8,9,10,11,13,14,15,16,17,18,19,21,24,27,28,29,32,44,45,50,78,95]",78,16507,161,0.00975343793542134,7
"[0,1,2,3,4,5,6,7,8,9,10,11,13,14,15,16,17,18,19,21,24,27,28,29,32,44,45,50,78,95]",95,16507,356,0.0215666081056521,7
"[0,1,2,3,4,5,6,7,8,9,10,11,13,14,15,16,17,18,19,24,27,28,29,32,44,45,50,78,88,109]",0,2549,35,0.0137308748528835,1
"[0,1,2,3,4,5,6,7,8,9,10,11,13,14,15,16,17,18,19,24,27,28,29,32,44,45,50,78,88,109]",1,2549,195,0.0765005884660651,1
"[0,1,2,3,4,5,6,7,8,9,10,11,13,14,15,16,17,18,19,24,27,28,29,32,44,45,50,78,88,109]",2,2549,121,0.0474695959199686,1
"[0,1,2,3,4,5,6,7,8,9,10,11,13,14,15,16,17,18,19,24,27,28,29,32,44,45,50,78,88,109]",3,2549,54,0.0211847783444488,1
"[0,1,2,3,4,5,6,7,8,9,10,11,13,14,15,16,17,18,19,24,27,28,29,32,44,45,50,78,88,109]",4,2549,113,0.0443311102393095,1
"[0,1,2,3,4,5,6,7,8,9,10,11,13,14,15,16,17,18,19,24,27,28,29,32,44,45,50,78,88,109]",5,2549,84,0.0329540996469204,1
"[0,1,2,3,4,5,6,7,8,9,10,11,13,14,15,16,17,18,19,24,27,28,29,32,44,45,50,78,88,109]",6,2549,43,0.0168693605335426,1
"[0,1,2,3,4,5,6,7,8,9,10,11,13,14,15,16,17,18,19,24,27,28,29,32,44,45,50,78,88,109]",7,2549,412,0.161632012553943,1
"[0,1,2,3,4,5,6,7,8,9,10,11,13,14,15,16,17,18,19,24,27,28,29,32,44,45,50,78,88,109]",8,2549,114,0.0447234209493919,1
"[0,1,2,3,4,5,6,7,8,9,10,11,13,14,15,16,17,18,19,24,27,28,29,32,44,45,50,78,88,109]",9,2549,110,0.0431541781090624,1
"[0,1,2,3,4,5,6,7,8,9,10,11,13,14,15,16,17,18,19,24,27,28,29,32,44,45,50,78,88,109]",10,2549,108,0.0423695566888976,1
"[0,1,2,3,4,5,6,7,8,9,10,11,13,14,15,16,17,18,19,24,27,28,29,32,44,45,50,78,88,109]",11,2549,141,0.0553158101216163,1
"[0,1,2,3,4,5,6,7,8,9,10,11,13,14,15,16,17,18,19,24,27,28,29,32,44,45,50,78,88,109]",13,2549,192,0.075323656335818,1
"[0,1,2,3,4,5,6,7,8,9,10,11,13,14,15,16,17,18,19,24,27,28,29,32,44,45,50,78,88,109]",14,2549,101,0.0396233817183209,1
"[0,1,2,3,4,5,6,7,8,9,10,11,13,14,15,16,17,18,19,24,27,28,29,32,44,45,50,78,88,109]",15,2549,54,0.0211847783444488,1
"[0,1,2,3,4,5,6,7,8,9,10,11,13,14,15,16,17,18,19,24,27,28,29,32,44,45,50,78,88,109]",16,2549,10,0.00392310710082385,1
"[0,1,2,3,4,5,6,7,8,9,10,11,13,14,15,16,17,18,19,24,27,28,29,32,44,45,50,78,88,109]",17,2549,50,0.0196155355041193,1
"[0,1,2,3,4,5,6,7,8,9,10,11,13,14,15,16,17,18,19,24,27,28,29,32,44,45,50,78,88,109]",18,2549,21,0.00823852491173009,1
"[0,1,2,3,4,5,6,7,8,9,10,11,13,14,15,16,17,18,19,24,27,28,29,32,44,45,50,78,88,109]",19,2549,47,0.0184386033738721,1
"[0,1,2,3,4,5,6,7,8,9,10,11,13,14,15,16,17,18,19,24,27,28,29,32,44,45,50,78,88,109]",24,2549,64,0.0251078854452727,1
"[0,1,2,3,4,5,6,7,8,9,10,11,13,14,15,16,17,18,19,24,27,28,29,32,44,45,50,78,88,109]",27,2549,69,0.0270694389956846,1
"[0,1,2,3,4,5,6,7,8,9,10,11,13,14,15,16,17,18,19,24,27,28,29,32,44,45,50,78,88,109]",28,2549,38,0.0149078069831306,1
"[0,1,2,3,4,5,6,7,8,9,10,11,13,14,15,16,17,18,19,24,27,28,29,32,44,45,50,78,88,109]",29,2549,45,0.0176539819537073,1
"[0,1,2,3,4,5,6,7,8,9,10,11,13,14,15,16,17,18,19,24,27,28,29,32,44,45,50,78,88,109]",32,2549,93,0.0364848960376618,1
"[0,1,2,3,4,5,6,7,8,9,10,11,13,14,15,16,17,18,19,24,27,28,29,32,44,45,50,78,88,109]",44,2549,16,0.00627697136131816,1
"[0,1,2,3,4,5,6,7,8,9,10,11,13,14,15,16,17,18,19,24,27,28,29,32,44,45,50,78,88,109]",45,2549,60,0.0235386426049431,1
"[0,1,2,3,4,5,6,7,8,9,10,11,13,14,15,16,17,18,19,24,27,28,29,32,44,45,50,78,88,109]",50,2549,96,0.037661828167909,1
"[0,1,2,3,4,5,6,7,8,9,10,11,13,14,15,16,17,18,19,24,27,28,29,32,44,45,50,78,88,109]",78,2549,37,0.0145154962730483,1
"[0,1,2,3,4,5,6,7,8,9,10,11,13,14,15,16,17,18,19,24,27,28,29,32,44,45,50,78,88,109]",88,2549,24,0.00941545704197725,1
"[0,1,2,3,4,5,6,7,8,9,10,11,13,14,15,16,17,18,19,24,27,28,29,32,44,45,50,78,88,109]",109,2549,2,0.00078462142016477,1
"[0,1,2,3,4,5,6,7,8,9,10,11,13,14,15,16,17,18,19,24,27,28,29,32,44,45,50,78,88,112]",0,2156,23,0.0106679035250464,1
"[0,1,2,3,4,5,6,7,8,9,10,11,13,14,15,16,17,18,19,24,27,28,29,32,44,45,50,78,88,112]",1,2156,46,0.0213358070500928,1
"[0,1,2,3,4,5,6,7,8,9,10,11,13,14,15,16,17,18,19,24,27,28,29,32,44,45,50,78,88,112]",2,2156,78,0.036178107606679,1
"[0,1,2,3,4,5,6,7,8,9,10,11,13,14,15,16,17,18,19,24,27,28,29,32,44,45,50,78,88,112]",3,2156,20,0.00927643784786642,1
"[0,1,2,3,4,5,6,7,8,9,10,11,13,14,15,16,17,18,19,24,27,28,29,32,44,45,50,78,88,112]",4,2156,63,0.0292207792207792,1
"[0,1,2,3,4,5,6,7,8,9,10,11,13,14,15,16,17,18,19,24,27,28,29,32,44,45,50,78,88,112]",5,2156,46,0.0213358070500928,1
"[0,1,2,3,4,5,6,7,8,9,10,11,13,14,15,16,17,18,19,24,27,28,29,32,44,45,50,78,88,112]",6,2156,17,0.00788497217068646,1
"[0,1,2,3,4,5,6,7,8,9,10,11,13,14,15,16,17,18,19,24,27,28,29,32,44,45,50,78,88,112]",7,2156,313,0.145176252319109,1
"[0,1,2,3,4,5,6,7,8,9,10,11,13,14,15,16,17,18,19,24,27,28,29,32,44,45,50,78,88,112]",8,2156,24,0.0111317254174397,1
"[0,1,2,3,4,5,6,7,8,9,10,11,13,14,15,16,17,18,19,24,27,28,29,32,44,45,50,78,88,112]",9,2156,92,0.0426716141001855,1
"[0,1,2,3,4,5,6,7,8,9,10,11,13,14,15,16,17,18,19,24,27,28,29,32,44,45,50,78,88,112]",10,2156,87,0.0403525046382189,1
"[0,1,2,3,4,5,6,7,8,9,10,11,13,14,15,16,17,18,19,24,27,28,29,32,44,45,50,78,88,112]",11,2156,106,0.049165120593692,1
"[0,1,2,3,4,5,6,7,8,9,10,11,13,14,15,16,17,18,19,24,27,28,29,32,44,45,50,78,88,112]",13,2156,124,0.0575139146567718,1
"[0,1,2,3,4,5,6,7,8,9,10,11,13,14,15,16,17,18,19,24,27,28,29,32,44,45,50,78,88,112]",14,2156,79,0.0366419294990724,1
"[0,1,2,3,4,5,6,7,8,9,10,11,13,14,15,16,17,18,19,24,27,28,29,32,44,45,50,78,88,112]",15,2156,66,0.0306122448979592,1
"[0,1,2,3,4,5,6,7,8,9,10,11,13,14,15,16,17,18,19,24,27,28,29,32,44,45,50,78,88,112]",16,2156,36,0.0166975881261596,1
"[0,1,2,3,4,5,6,7,8,9,10,11,13,14,15,16,17,18,19,24,27,28,29,32,44,45,50,78,88,112]",17,2156,40,0.0185528756957328,1
"[0,1,2,3,4,5,6,7,8,9,10,11,13,14,15,16,17,18,19,24,27,28,29,32,44,45,50,78,88,112]",18,2156,281,0.130333951762523,1
"[0,1,2,3,4,5,6,7,8,9,10,11,13,14,15,16,17,18,19,24,27,28,29,32,44,45,50,78,88,112]",19,2156,272,0.126159554730983,1
"[0,1,2,3,4,5,6,7,8,9,10,11,13,14,15,16,17,18,19,24,27,28,29,32,44,45,50,78,88,112]",24,2156,29,0.0134508348794063,1
"[0,1,2,3,4,5,6,7,8,9,10,11,13,14,15,16,17,18,19,24,27,28,29,32,44,45,50,78,88,112]",27,2156,39,0.0180890538033395,1
"[0,1,2,3,4,5,6,7,8,9,10,11,13,14,15,16,17,18,19,24,27,28,29,32,44,45,50,78,88,112]",28,2156,39,0.0180890538033395,1
"[0,1,2,3,4,5,6,7,8,9,10,11,13,14,15,16,17,18,19,24,27,28,29,32,44,45,50,78,88,112]",29,2156,43,0.0199443413729128,1
"[0,1,2,3,4,5,6,7,8,9,10,11,13,14,15,16,17,18,19,24,27,28,29,32,44,45,50,78,88,112]",32,2156,38,0.0176252319109462,1
"[0,1,2,3,4,5,6,7,8,9,10,11,13,14,15,16,17,18,19,24,27,28,29,32,44,45,50,78,88,112]",44,2156,14,0.00649350649350649,1
"[0,1,2,3,4,5,6,7,8,9,10,11,13,14,15,16,17,18,19,24,27,28,29,32,44,45,50,78,88,112]",45,2156,18,0.00834879406307978,1
"[0,1,2,3,4,5,6,7,8,9,10,11,13,14,15,16,17,18,19,24,27,28,29,32,44,45,50,78,88,112]",50,2156,58,0.0269016697588126,1
"[0,1,2,3,4,5,6,7,8,9,10,11,13,14,15,16,17,18,19,24,27,28,29,32,44,45,50,78,88,112]",78,2156,13,0.00602968460111317,1
"[0,1,2,3,4,5,6,7,8,9,10,11,13,14,15,16,17,18,19,24,27,28,29,32,44,45,50,78,88,112]",88,2156,20,0.00927643784786642,1
"[0,1,2,3,4,5,6,7,8,9,10,11,13,14,15,16,17,18,19,24,27,28,29,32,44,45,50,78,88,112]",112,2156,32,0.0148423005565863,1
"[0,1,2,3,4,5,6,7,8,9,10,11,13,14,15,16,17,18,19,24,27,28,29,32,44,45,50,78,88,113]",0,2171,28,0.0128972823583602,1
"[0,1,2,3,4,5,6,7,8,9,10,11,13,14,15,16,17,18,19,24,27,28,29,32,44,45,50,78,88,113]",1,2171,43,0.0198065407646246,1
"[0,1,2,3,4,5,6,7,8,9,10,11,13,14,15,16,17,18,19,24,27,28,29,32,44,45,50,78,88,113]",2,2171,101,0.0465223399355136,1
"[0,1,2,3,4,5,6,7,8,9,10,11,13,14,15,16,17,18,19,24,27,28,29,32,44,45,50,78,88,113]",3,2171,30,0.0138185168125288,1
"[0,1,2,3,4,5,6,7,8,9,10,11,13,14,15,16,17,18,19,24,27,28,29,32,44,45,50,78,88,113]",4,2171,117,0.0538922155688623,1
"[0,1,2,3,4,5,6,7,8,9,10,11,13,14,15,16,17,18,19,24,27,28,29,32,44,45,50,78,88,113]",5,2171,67,0.0308613542146476,1
"[0,1,2,3,4,5,6,7,8,9,10,11,13,14,15,16,17,18,19,24,27,28,29,32,44,45,50,78,88,113]",6,2171,10,0.00460617227084293,1
"[0,1,2,3,4,5,6,7,8,9,10,11,13,14,15,16,17,18,19,24,27,28,29,32,44,45,50,78,88,113]",7,2171,243,0.111929986181483,1
"[0,1,2,3,4,5,6,7,8,9,10,11,13,14,15,16,17,18,19,24,27,28,29,32,44,45,50,78,88,113]",8,2171,30,0.0138185168125288,1
"[0,1,2,3,4,5,6,7,8,9,10,11,13,14,15,16,17,18,19,24,27,28,29,32,44,45,50,78,88,113]",9,2171,60,0.0276370336250576,1
"[0,1,2,3,4,5,6,7,8,9,10,11,13,14,15,16,17,18,19,24,27,28,29,32,44,45,50,78,88,113]",10,2171,67,0.0308613542146476,1
"[0,1,2,3,4,5,6,7,8,9,10,11,13,14,15,16,17,18,19,24,27,28,29,32,44,45,50,78,88,113]",11,2171,79,0.0363887609396591,1
"[0,1,2,3,4,5,6,7,8,9,10,11,13,14,15,16,17,18,19,24,27,28,29,32,44,45,50,78,88,113]",13,2171,97,0.0446798710271764,1
"[0,1,2,3,4,5,6,7,8,9,10,11,13,14,15,16,17,18,19,24,27,28,29,32,44,45,50,78,88,113]",14,2171,64,0.0294795025333947,1
"[0,1,2,3,4,5,6,7,8,9,10,11,13,14,15,16,17,18,19,24,27,28,29,32,44,45,50,78,88,113]",15,2171,70,0.0322432058959005,1
"[0,1,2,3,4,5,6,7,8,9,10,11,13,14,15,16,17,18,19,24,27,28,29,32,44,45,50,78,88,113]",16,2171,28,0.0128972823583602,1
"[0,1,2,3,4,5,6,7,8,9,10,11,13,14,15,16,17,18,19,24,27,28,29,32,44,45,50,78,88,113]",17,2171,26,0.0119760479041916,1
"[0,1,2,3,4,5,6,7,8,9,10,11,13,14,15,16,17,18,19,24,27,28,29,32,44,45,50,78,88,113]",18,2171,281,0.129433440810686,1
"[0,1,2,3,4,5,6,7,8,9,10,11,13,14,15,16,17,18,19,24,27,28,29,32,44,45,50,78,88,113]",19,2171,423,0.194841087056656,1
"[0,1,2,3,4,5,6,7,8,9,10,11,13,14,15,16,17,18,19,24,27,28,29,32,44,45,50,78,88,113]",24,2171,37,0.0170428374021188,1
"[0,1,2,3,4,5,6,7,8,9,10,11,13,14,15,16,17,18,19,24,27,28,29,32,44,45,50,78,88,113]",27,2171,37,0.0170428374021188,1
"[0,1,2,3,4,5,6,7,8,9,10,11,13,14,15,16,17,18,19,24,27,28,29,32,44,45,50,78,88,113]",28,2171,42,0.0193459235375403,1
"[0,1,2,3,4,5,6,7,8,9,10,11,13,14,15,16,17,18,19,24,27,28,29,32,44,45,50,78,88,113]",29,2171,40,0.0184246890833717,1
"[0,1,2,3,4,5,6,7,8,9,10,11,13,14,15,16,17,18,19,24,27,28,29,32,44,45,50,78,88,113]",32,2171,30,0.0138185168125288,1
"[0,1,2,3,4,5,6,7,8,9,10,11,13,14,15,16,17,18,19,24,27,28,29,32,44,45,50,78,88,113]",44,2171,9,0.00414555504375864,1
"[0,1,2,3,4,5,6,7,8,9,10,11,13,14,15,16,17,18,19,24,27,28,29,32,44,45,50,78,88,113]",45,2171,16,0.00736987563334869,1
"[0,1,2,3,4,5,6,7,8,9,10,11,13,14,15,16,17,18,19,24,27,28,29,32,44,45,50,78,88,113]",50,2171,70,0.0322432058959005,1
"[0,1,2,3,4,5,6,7,8,9,10,11,13,14,15,16,17,18,19,24,27,28,29,32,44,45,50,78,88,113]",78,2171,14,0.0064486411791801,1
"[0,1,2,3,4,5,6,7,8,9,10,11,13,14,15,16,17,18,19,24,27,28,29,32,44,45,50,78,88,113]",88,2171,11,0.00506678949792722,1
"[0,1,2,3,4,5,6,7,8,9,10,11,13,14,15,16,17,18,19,24,27,28,29,32,44,45,50,78,88,113]",113,2171,1,0.000460617227084293,1
"[0,1,2,3,4,5,6,7,8,9,10,11,13,14,15,16,17,18,19,24,27,28,29,32,44,45,50,78,88,114]",0,2862,19,0.006638714185884,1
"[0,1,2,3,4,5,6,7,8,9,10,11,13,14,15,16,17,18,19,24,27,28,29,32,44,45,50,78,88,114]",1,2862,64,0.0223619846261356,1
"[0,1,2,3,4,5,6,7,8,9,10,11,13,14,15,16,17,18,19,24,27,28,29,32,44,45,50,78,88,114]",2,2862,78,0.0272536687631027,1
"[0,1,2,3,4,5,6,7,8,9,10,11,13,14,15,16,17,18,19,24,27,28,29,32,44,45,50,78,88,114]",3,2862,23,0.00803633822501747,1
"[0,1,2,3,4,5,6,7,8,9,10,11,13,14,15,16,17,18,19,24,27,28,29,32,44,45,50,78,88,114]",4,2862,465,0.162473794549266,1
"[0,1,2,3,4,5,6,7,8,9,10,11,13,14,15,16,17,18,19,24,27,28,29,32,44,45,50,78,88,114]",5,2862,467,0.163172606568833,1
"[0,1,2,3,4,5,6,7,8,9,10,11,13,14,15,16,17,18,19,24,27,28,29,32,44,45,50,78,88,114]",6,2862,17,0.00593990216631726,1
"[0,1,2,3,4,5,6,7,8,9,10,11,13,14,15,16,17,18,19,24,27,28,29,32,44,45,50,78,88,114]",7,2862,369,0.128930817610063,1
"[0,1,2,3,4,5,6,7,8,9,10,11,13,14,15,16,17,18,19,24,27,28,29,32,44,45,50,78,88,114]",8,2862,28,0.00978336827393431,1
"[0,1,2,3,4,5,6,7,8,9,10,11,13,14,15,16,17,18,19,24,27,28,29,32,44,45,50,78,88,114]",9,2862,54,0.0188679245283019,1
"[0,1,2,3,4,5,6,7,8,9,10,11,13,14,15,16,17,18,19,24,27,28,29,32,44,45,50,78,88,114]",10,2862,64,0.0223619846261356,1
"[0,1,2,3,4,5,6,7,8,9,10,11,13,14,15,16,17,18,19,24,27,28,29,32,44,45,50,78,88,114]",11,2862,123,0.0429769392033543,1
"[0,1,2,3,4,5,6,7,8,9,10,11,13,14,15,16,17,18,19,24,27,28,29,32,44,45,50,78,88,114]",13,2862,75,0.0262054507337526,1
"[0,1,2,3,4,5,6,7,8,9,10,11,13,14,15,16,17,18,19,24,27,28,29,32,44,45,50,78,88,114]",14,2862,60,0.0209643605870021,1
"[0,1,2,3,4,5,6,7,8,9,10,11,13,14,15,16,17,18,19,24,27,28,29,32,44,45,50,78,88,114]",15,2862,431,0.150593990216632,1
"[0,1,2,3,4,5,6,7,8,9,10,11,13,14,15,16,17,18,19,24,27,28,29,32,44,45,50,78,88,114]",16,2862,16,0.00559049615653389,1
"[0,1,2,3,4,5,6,7,8,9,10,11,13,14,15,16,17,18,19,24,27,28,29,32,44,45,50,78,88,114]",17,2862,61,0.0213137665967855,1
"[0,1,2,3,4,5,6,7,8,9,10,11,13,14,15,16,17,18,19,24,27,28,29,32,44,45,50,78,88,114]",18,2862,22,0.0076869322152341,1
"[0,1,2,3,4,5,6,7,8,9,10,11,13,14,15,16,17,18,19,24,27,28,29,32,44,45,50,78,88,114]",19,2862,39,0.0136268343815514,1
"[0,1,2,3,4,5,6,7,8,9,10,11,13,14,15,16,17,18,19,24,27,28,29,32,44,45,50,78,88,114]",24,2862,48,0.0167714884696017,1
"[0,1,2,3,4,5,6,7,8,9,10,11,13,14,15,16,17,18,19,24,27,28,29,32,44,45,50,78,88,114]",27,2862,36,0.0125786163522013,1
"[0,1,2,3,4,5,6,7,8,9,10,11,13,14,15,16,17,18,19,24,27,28,29,32,44,45,50,78,88,114]",28,2862,59,0.0206149545772187,1
"[0,1,2,3,4,5,6,7,8,9,10,11,13,14,15,16,17,18,19,24,27,28,29,32,44,45,50,78,88,114]",29,2862,57,0.019916142557652,1
"[0,1,2,3,4,5,6,7,8,9,10,11,13,14,15,16,17,18,19,24,27,28,29,32,44,45,50,78,88,114]",32,2862,34,0.0118798043326345,1
"[0,1,2,3,4,5,6,7,8,9,10,11,13,14,15,16,17,18,19,24,27,28,29,32,44,45,50,78,88,114]",44,2862,21,0.00733752620545073,1
"[0,1,2,3,4,5,6,7,8,9,10,11,13,14,15,16,17,18,19,24,27,28,29,32,44,45,50,78,88,114]",45,2862,23,0.00803633822501747,1
"[0,1,2,3,4,5,6,7,8,9,10,11,13,14,15,16,17,18,19,24,27,28,29,32,44,45,50,78,88,114]",50,2862,71,0.0248078266946191,1
"[0,1,2,3,4,5,6,7,8,9,10,11,13,14,15,16,17,18,19,24,27,28,29,32,44,45,50,78,88,114]",78,2862,25,0.00873515024458421,1
"[0,1,2,3,4,5,6,7,8,9,10,11,13,14,15,16,17,18,19,24,27,28,29,32,44,45,50,78,88,114]",88,2862,12,0.00419287211740042,1
"[0,1,2,3,4,5,6,7,8,9,10,11,13,14,15,16,17,18,19,24,27,28,29,32,44,45,50,78,88,114]",114,2862,1,0.000349406009783368,1
"[0,1,2,3,4,5,6,7,8,9,10,11,13,14,15,16,17,18,19,24,27,28,29,32,44,45,50,78,88,95]",0,38220,409,0.0107012035583464,14
"[0,1,2,3,4,5,6,7,8,9,10,11,13,14,15,16,17,18,19,24,27,28,29,32,44,45,50,78,88,95]",1,38220,3800,0.0994243851386709,14
"[0,1,2,3,4,5,6,7,8,9,10,11,13,14,15,16,17,18,19,24,27,28,29,32,44,45,50,78,88,95]",2,38220,1096,0.028676085818943,14
"[0,1,2,3,4,5,6,7,8,9,10,11,13,14,15,16,17,18,19,24,27,28,29,32,44,45,50,78,88,95]",3,38220,404,0.0105703819989534,14
"[0,1,2,3,4,5,6,7,8,9,10,11,13,14,15,16,17,18,19,24,27,28,29,32,44,45,50,78,88,95]",4,38220,1275,0.0333594976452119,14
"[0,1,2,3,4,5,6,7,8,9,10,11,13,14,15,16,17,18,19,24,27,28,29,32,44,45,50,78,88,95]",5,38220,749,0.0195970695970696,14
"[0,1,2,3,4,5,6,7,8,9,10,11,13,14,15,16,17,18,19,24,27,28,29,32,44,45,50,78,88,95]",6,38220,640,0.0167451596023025,14
"[0,1,2,3,4,5,6,7,8,9,10,11,13,14,15,16,17,18,19,24,27,28,29,32,44,45,50,78,88,95]",7,38220,5718,0.149607535321821,14
"[0,1,2,3,4,5,6,7,8,9,10,11,13,14,15,16,17,18,19,24,27,28,29,32,44,45,50,78,88,95]",8,38220,2343,0.0613029827315542,14
"[0,1,2,3,4,5,6,7,8,9,10,11,13,14,15,16,17,18,19,24,27,28,29,32,44,45,50,78,88,95]",9,38220,1736,0.0454212454212454,14
"[0,1,2,3,4,5,6,7,8,9,10,11,13,14,15,16,17,18,19,24,27,28,29,32,44,45,50,78,88,95]",10,38220,1859,0.0486394557823129,14
"[0,1,2,3,4,5,6,7,8,9,10,11,13,14,15,16,17,18,19,24,27,28,29,32,44,45,50,78,88,95]",11,38220,2327,0.0608843537414966,14
"[0,1,2,3,4,5,6,7,8,9,10,11,13,14,15,16,17,18,19,24,27,28,29,32,44,45,50,78,88,95]",13,38220,2456,0.0642595499738357,14
"[0,1,2,3,4,5,6,7,8,9,10,11,13,14,15,16,17,18,19,24,27,28,29,32,44,45,50,78,88,95]",14,38220,1022,0.0267399267399267,14
"[0,1,2,3,4,5,6,7,8,9,10,11,13,14,15,16,17,18,19,24,27,28,29,32,44,45,50,78,88,95]",15,38220,971,0.0254055468341183,14
"[0,1,2,3,4,5,6,7,8,9,10,11,13,14,15,16,17,18,19,24,27,28,29,32,44,45,50,78,88,95]",16,38220,193,0.00504971219256934,14
"[0,1,2,3,4,5,6,7,8,9,10,11,13,14,15,16,17,18,19,24,27,28,29,32,44,45,50,78,88,95]",17,38220,1337,0.034981684981685,14
"[0,1,2,3,4,5,6,7,8,9,10,11,13,14,15,16,17,18,19,24,27,28,29,32,44,45,50,78,88,95]",18,38220,1428,0.0373626373626374,14
"[0,1,2,3,4,5,6,7,8,9,10,11,13,14,15,16,17,18,19,24,27,28,29,32,44,45,50,78,88,95]",19,38220,1937,0.0506802721088435,14
"[0,1,2,3,4,5,6,7,8,9,10,11,13,14,15,16,17,18,19,24,27,28,29,32,44,45,50,78,88,95]",24,38220,617,0.0161433804290947,14
"[0,1,2,3,4,5,6,7,8,9,10,11,13,14,15,16,17,18,19,24,27,28,29,32,44,45,50,78,88,95]",27,38220,691,0.0180795395081109,14
"[0,1,2,3,4,5,6,7,8,9,10,11,13,14,15,16,17,18,19,24,27,28,29,32,44,45,50,78,88,95]",28,38220,427,0.0111721611721612,14
"[0,1,2,3,4,5,6,7,8,9,10,11,13,14,15,16,17,18,19,24,27,28,29,32,44,45,50,78,88,95]",29,38220,627,0.0164050235478807,14
"[0,1,2,3,4,5,6,7,8,9,10,11,13,14,15,16,17,18,19,24,27,28,29,32,44,45,50,78,88,95]",32,38220,517,0.013526949241235,14
"[0,1,2,3,4,5,6,7,8,9,10,11,13,14,15,16,17,18,19,24,27,28,29,32,44,45,50,78,88,95]",44,38220,221,0.00578231292517007,14
"[0,1,2,3,4,5,6,7,8,9,10,11,13,14,15,16,17,18,19,24,27,28,29,32,44,45,50,78,88,95]",45,38220,548,0.0143380429094715,14
"[0,1,2,3,4,5,6,7,8,9,10,11,13,14,15,16,17,18,19,24,27,28,29,32,44,45,50,78,88,95]",50,38220,972,0.0254317111459969,14
"[0,1,2,3,4,5,6,7,8,9,10,11,13,14,15,16,17,18,19,24,27,28,29,32,44,45,50,78,88,95]",78,38220,331,0.0086603872318158,14
"[0,1,2,3,4,5,6,7,8,9,10,11,13,14,15,16,17,18,19,24,27,28,29,32,44,45,50,78,88,95]",88,38220,265,0.00693354264782836,14
"[0,1,2,3,4,5,6,7,8,9,10,11,13,14,15,16,17,18,19,24,27,28,29,32,44,45,50,78,88,95]",95,38220,1304,0.0341182626896913,14
"[0,1,2,3,4,5,6,7,8,9,10,11,13,14,15,16,17,18,19,24,27,28,29,32,44,45,50,78,88]",0,58625,574,0.0097910447761194,19
"[0,1,2,3,4,5,6,7,8,9,10,11,13,14,15,16,17,18,19,24,27,28,29,32,44,45,50,78,88]",1,58625,3689,0.0629253731343284,19
"[0,1,2,3,4,5,6,7,8,9,10,11,13,14,15,16,17,18,19,24,27,28,29,32,44,45,50,78,88]",2,58625,1607,0.0274115138592751,19
"[0,1,2,3,4,5,6,7,8,9,10,11,13,14,15,16,17,18,19,24,27,28,29,32,44,45,50,78,88]",3,58625,522,0.00890405117270789,19
"[0,1,2,3,4,5,6,7,8,9,10,11,13,14,15,16,17,18,19,24,27,28,29,32,44,45,50,78,88]",4,58625,3056,0.0521279317697228,19
"[0,1,2,3,4,5,6,7,8,9,10,11,13,14,15,16,17,18,19,24,27,28,29,32,44,45,50,78,88]",5,58625,2513,0.042865671641791,19
"[0,1,2,3,4,5,6,7,8,9,10,11,13,14,15,16,17,18,19,24,27,28,29,32,44,45,50,78,88]",6,58625,873,0.0148912579957356,19
"[0,1,2,3,4,5,6,7,8,9,10,11,13,14,15,16,17,18,19,24,27,28,29,32,44,45,50,78,88]",7,58625,8387,0.143061833688699,19
"[0,1,2,3,4,5,6,7,8,9,10,11,13,14,15,16,17,18,19,24,27,28,29,32,44,45,50,78,88]",8,58625,2362,0.0402899786780384,19
"[0,1,2,3,4,5,6,7,8,9,10,11,13,14,15,16,17,18,19,24,27,28,29,32,44,45,50,78,88]",9,58625,4941,0.0842814498933902,19
"[0,1,2,3,4,5,6,7,8,9,10,11,13,14,15,16,17,18,19,24,27,28,29,32,44,45,50,78,88]",10,58625,5025,0.0857142857142857,19
"[0,1,2,3,4,5,6,7,8,9,10,11,13,14,15,16,17,18,19,24,27,28,29,32,44,45,50,78,88]",11,58625,5094,0.0868912579957356,19
"[0,1,2,3,4,5,6,7,8,9,10,11,13,14,15,16,17,18,19,24,27,28,29,32,44,45,50,78,88]",13,58625,5420,0.0924520255863539,19
"[0,1,2,3,4,5,6,7,8,9,10,11,13,14,15,16,17,18,19,24,27,28,29,32,44,45,50,78,88]",14,58625,1166,0.0198891257995736,19
"[0,1,2,3,4,5,6,7,8,9,10,11,13,14,15,16,17,18,19,24,27,28,29,32,44,45,50,78,88]",15,58625,2367,0.0403752665245203,19
"[0,1,2,3,4,5,6,7,8,9,10,11,13,14,15,16,17,18,19,24,27,28,29,32,44,45,50,78,88]",16,58625,284,0.00484434968017058,19
"[0,1,2,3,4,5,6,7,8,9,10,11,13,14,15,16,17,18,19,24,27,28,29,32,44,45,50,78,88]",17,58625,1102,0.0187974413646055,19
"[0,1,2,3,4,5,6,7,8,9,10,11,13,14,15,16,17,18,19,24,27,28,29,32,44,45,50,78,88]",18,58625,640,0.0109168443496802,19
"[0,1,2,3,4,5,6,7,8,9,10,11,13,14,15,16,17,18,19,24,27,28,29,32,44,45,50,78,88]",19,58625,1025,0.0174840085287846,19
"[0,1,2,3,4,5,6,7,8,9,10,11,13,14,15,16,17,18,19,24,27,28,29,32,44,45,50,78,88]",24,58625,869,0.0148230277185501,19
"[0,1,2,3,4,5,6,7,8,9,10,11,13,14,15,16,17,18,19,24,27,28,29,32,44,45,50,78,88]",27,58625,994,0.016955223880597,19
"[0,1,2,3,4,5,6,7,8,9,10,11,13,14,15,16,17,18,19,24,27,28,29,32,44,45,50,78,88]",28,58625,557,0.00950106609808102,19
"[0,1,2,3,4,5,6,7,8,9,10,11,13,14,15,16,17,18,19,24,27,28,29,32,44,45,50,78,88]",29,58625,976,0.0166481876332623,19
"[0,1,2,3,4,5,6,7,8,9,10,11,13,14,15,16,17,18,19,24,27,28,29,32,44,45,50,78,88]",32,58625,868,0.0148059701492537,19
"[0,1,2,3,4,5,6,7,8,9,10,11,13,14,15,16,17,18,19,24,27,28,29,32,44,45,50,78,88]",44,58625,327,0.00557782515991471,19
"[0,1,2,3,4,5,6,7,8,9,10,11,13,14,15,16,17,18,19,24,27,28,29,32,44,45,50,78,88]",45,58625,901,0.0153688699360341,19
"[0,1,2,3,4,5,6,7,8,9,10,11,13,14,15,16,17,18,19,24,27,28,29,32,44,45,50,78,88]",50,58625,1421,0.0242388059701493,19
"[0,1,2,3,4,5,6,7,8,9,10,11,13,14,15,16,17,18,19,24,27,28,29,32,44,45,50,78,88]",78,58625,694,0.0118379530916844,19
"[0,1,2,3,4,5,6,7,8,9,10,11,13,14,15,16,17,18,19,24,27,28,29,32,44,45,50,78,88]",88,58625,371,0.00632835820895522,19
"[0,1,2,3,4,5,6,7,8,9,10,12,13,20,22,23,25,26,30,33,39,40,42,46,48,51,53,57,58,59,60,63,65,67,68,69,70,71,73,79,80,81,84,86,92]",0,1802,18,0.00998890122086571,1
"[0,1,2,3,4,5,6,7,8,9,10,12,13,20,22,23,25,26,30,33,39,40,42,46,48,51,53,57,58,59,60,63,65,67,68,69,70,71,73,79,80,81,84,86,92]",1,1802,19,0.0105438401775805,1
"[0,1,2,3,4,5,6,7,8,9,10,12,13,20,22,23,25,26,30,33,39,40,42,46,48,51,53,57,58,59,60,63,65,67,68,69,70,71,73,79,80,81,84,86,92]",2,1802,68,0.0377358490566038,1
"[0,1,2,3,4,5,6,7,8,9,10,12,13,20,22,23,25,26,30,33,39,40,42,46,48,51,53,57,58,59,60,63,65,67,68,69,70,71,73,79,80,81,84,86,92]",3,1802,24,0.0133185349611543,1
"[0,1,2,3,4,5,6,7,8,9,10,12,13,20,22,23,25,26,30,33,39,40,42,46,48,51,53,57,58,59,60,63,65,67,68,69,70,71,73,79,80,81,84,86,92]",4,1802,25,0.013873473917869,1
"[0,1,2,3,4,5,6,7,8,9,10,12,13,20,22,23,25,26,30,33,39,40,42,46,48,51,53,57,58,59,60,63,65,67,68,69,70,71,73,79,80,81,84,86,92]",5,1802,29,0.0160932297447281,1
"[0,1,2,3,4,5,6,7,8,9,10,12,13,20,22,23,25,26,30,33,39,40,42,46,48,51,53,57,58,59,60,63,65,67,68,69,70,71,73,79,80,81,84,86,92]",6,1802,1074,0.596004439511654,1
"[0,1,2,3,4,5,6,7,8,9,10,12,13,20,22,23,25,26,30,33,39,40,42,46,48,51,53,57,58,59,60,63,65,67,68,69,70,71,73,79,80,81,84,86,92]",7,1802,119,0.0660377358490566,1
"[0,1,2,3,4,5,6,7,8,9,10,12,13,20,22,23,25,26,30,33,39,40,42,46,48,51,53,57,58,59,60,63,65,67,68,69,70,71,73,79,80,81,84,86,92]",8,1802,32,0.0177580466148724,1
"[0,1,2,3,4,5,6,7,8,9,10,12,13,20,22,23,25,26,30,33,39,40,42,46,48,51,53,57,58,59,60,63,65,67,68,69,70,71,73,79,80,81,84,86,92]",9,1802,49,0.0271920088790233,1
"[0,1,2,3,4,5,6,7,8,9,10,12,13,20,22,23,25,26,30,33,39,40,42,46,48,51,53,57,58,59,60,63,65,67,68,69,70,71,73,79,80,81,84,86,92]",10,1802,39,0.0216426193118757,1
"[0,1,2,3,4,5,6,7,8,9,10,12,13,20,22,23,25,26,30,33,39,40,42,46,48,51,53,57,58,59,60,63,65,67,68,69,70,71,73,79,80,81,84,86,92]",12,1802,22,0.0122086570477248,1
"[0,1,2,3,4,5,6,7,8,9,10,12,13,20,22,23,25,26,30,33,39,40,42,46,48,51,53,57,58,59,60,63,65,67,68,69,70,71,73,79,80,81,84,86,92]",13,1802,18,0.00998890122086571,1
"[0,1,2,3,4,5,6,7,8,9,10,12,13,20,22,23,25,26,30,33,39,40,42,46,48,51,53,57,58,59,60,63,65,67,68,69,70,71,73,79,80,81,84,86,92]",20,1802,28,0.0155382907880133,1
"[0,1,2,3,4,5,6,7,8,9,10,12,13,20,22,23,25,26,30,33,39,40,42,46,48,51,53,57,58,59,60,63,65,67,68,69,70,71,73,79,80,81,84,86,92]",22,1802,3,0.00166481687014428,1
"[0,1,2,3,4,5,6,7,8,9,10,12,13,20,22,23,25,26,30,33,39,40,42,46,48,51,53,57,58,59,60,63,65,67,68,69,70,71,73,79,80,81,84,86,92]",23,1802,11,0.00610432852386238,1
"[0,1,2,3,4,5,6,7,8,9,10,12,13,20,22,23,25,26,30,33,39,40,42,46,48,51,53,57,58,59,60,63,65,67,68,69,70,71,73,79,80,81,84,86,92]",25,1802,6,0.00332963374028857,1
"[0,1,2,3,4,5,6,7,8,9,10,12,13,20,22,23,25,26,30,33,39,40,42,46,48,51,53,57,58,59,60,63,65,67,68,69,70,71,73,79,80,81,84,86,92]",26,1802,19,0.0105438401775805,1
"[0,1,2,3,4,5,6,7,8,9,10,12,13,20,22,23,25,26,30,33,39,40,42,46,48,51,53,57,58,59,60,63,65,67,68,69,70,71,73,79,80,81,84,86,92]",30,1802,6,0.00332963374028857,1
"[0,1,2,3,4,5,6,7,8,9,10,12,13,20,22,23,25,26,30,33,39,40,42,46,48,51,53,57,58,59,60,63,65,67,68,69,70,71,73,79,80,81,84,86,92]",33,1802,8,0.00443951165371809,1
"[0,1,2,3,4,5,6,7,8,9,10,12,13,20,22,23,25,26,30,33,39,40,42,46,48,51,53,57,58,59,60,63,65,67,68,69,70,71,73,79,80,81,84,86,92]",39,1802,18,0.00998890122086571,1
"[0,1,2,3,4,5,6,7,8,9,10,12,13,20,22,23,25,26,30,33,39,40,42,46,48,51,53,57,58,59,60,63,65,67,68,69,70,71,73,79,80,81,84,86,92]",40,1802,3,0.00166481687014428,1
"[0,1,2,3,4,5,6,7,8,9,10,12,13,20,22,23,25,26,30,33,39,40,42,46,48,51,53,57,58,59,60,63,65,67,68,69,70,71,73,79,80,81,84,86,92]",42,1802,15,0.00832408435072142,1
"[0,1,2,3,4,5,6,7,8,9,10,12,13,20,22,23,25,26,30,33,39,40,42,46,48,51,53,57,58,59,60,63,65,67,68,69,70,71,73,79,80,81,84,86,92]",46,1802,14,0.00776914539400666,1
"[0,1,2,3,4,5,6,7,8,9,10,12,13,20,22,23,25,26,30,33,39,40,42,46,48,51,53,57,58,59,60,63,65,67,68,69,70,71,73,79,80,81,84,86,92]",48,1802,3,0.00166481687014428,1
"[0,1,2,3,4,5,6,7,8,9,10,12,13,20,22,23,25,26,30,33,39,40,42,46,48,51,53,57,58,59,60,63,65,67,68,69,70,71,73,79,80,81,84,86,92]",51,1802,2,0.00110987791342952,1
"[0,1,2,3,4,5,6,7,8,9,10,12,13,20,22,23,25,26,30,33,39,40,42,46,48,51,53,57,58,59,60,63,65,67,68,69,70,71,73,79,80,81,84,86,92]",53,1802,4,0.00221975582685905,1
"[0,1,2,3,4,5,6,7,8,9,10,12,13,20,22,23,25,26,30,33,39,40,42,46,48,51,53,57,58,59,60,63,65,67,68,69,70,71,73,79,80,81,84,86,92]",57,1802,11,0.00610432852386238,1
"[0,1,2,3,4,5,6,7,8,9,10,12,13,20,22,23,25,26,30,33,39,40,42,46,48,51,53,57,58,59,60,63,65,67,68,69,70,71,73,79,80,81,84,86,92]",58,1802,5,0.00277469478357381,1
"[0,1,2,3,4,5,6,7,8,9,10,12,13,20,22,23,25,26,30,33,39,40,42,46,48,51,53,57,58,59,60,63,65,67,68,69,70,71,73,79,80,81,84,86,92]",59,1802,9,0.00499445061043285,1
"[0,1,2,3,4,5,6,7,8,9,10,12,13,20,22,23,25,26,30,33,39,40,42,46,48,51,53,57,58,59,60,63,65,67,68,69,70,71,73,79,80,81,84,86,92]",60,1802,7,0.00388457269700333,1
"[0,1,2,3,4,5,6,7,8,9,10,12,13,20,22,23,25,26,30,33,39,40,42,46,48,51,53,57,58,59,60,63,65,67,68,69,70,71,73,79,80,81,84,86,92]",63,1802,9,0.00499445061043285,1
"[0,1,2,3,4,5,6,7,8,9,10,12,13,20,22,23,25,26,30,33,39,40,42,46,48,51,53,57,58,59,60,63,65,67,68,69,70,71,73,79,80,81,84,86,92]",65,1802,15,0.00832408435072142,1
"[0,1,2,3,4,5,6,7,8,9,10,12,13,20,22,23,25,26,30,33,39,40,42,46,48,51,53,57,58,59,60,63,65,67,68,69,70,71,73,79,80,81,84,86,92]",67,1802,24,0.0133185349611543,1
"[0,1,2,3,4,5,6,7,8,9,10,12,13,20,22,23,25,26,30,33,39,40,42,46,48,51,53,57,58,59,60,63,65,67,68,69,70,71,73,79,80,81,84,86,92]",68,1802,6,0.00332963374028857,1
"[0,1,2,3,4,5,6,7,8,9,10,12,13,20,22,23,25,26,30,33,39,40,42,46,48,51,53,57,58,59,60,63,65,67,68,69,70,71,73,79,80,81,84,86,92]",69,1802,4,0.00221975582685905,1
"[0,1,2,3,4,5,6,7,8,9,10,12,13,20,22,23,25,26,30,33,39,40,42,46,48,51,53,57,58,59,60,63,65,67,68,69,70,71,73,79,80,81,84,86,92]",70,1802,2,0.00110987791342952,1
"[0,1,2,3,4,5,6,7,8,9,10,12,13,20,22,23,25,26,30,33,39,40,42,46,48,51,53,57,58,59,60,63,65,67,68,69,70,71,73,79,80,81,84,86,92]",71,1802,1,0.000554938956714761,1
"[0,1,2,3,4,5,6,7,8,9,10,12,13,20,22,23,25,26,30,33,39,40,42,46,48,51,53,57,58,59,60,63,65,67,68,69,70,71,73,79,80,81,84,86,92]",73,1802,3,0.00166481687014428,1
"[0,1,2,3,4,5,6,7,8,9,10,12,13,20,22,23,25,26,30,33,39,40,42,46,48,51,53,57,58,59,60,63,65,67,68,69,70,71,73,79,80,81,84,86,92]",79,1802,14,0.00776914539400666,1
"[0,1,2,3,4,5,6,7,8,9,10,12,13,20,22,23,25,26,30,33,39,40,42,46,48,51,53,57,58,59,60,63,65,67,68,69,70,71,73,79,80,81,84,86,92]",80,1802,1,0.000554938956714761,1
"[0,1,2,3,4,5,6,7,8,9,10,12,13,20,22,23,25,26,30,33,39,40,42,46,48,51,53,57,58,59,60,63,65,67,68,69,70,71,73,79,80,81,84,86,92]",81,1802,8,0.00443951165371809,1
"[0,1,2,3,4,5,6,7,8,9,10,12,13,20,22,23,25,26,30,33,39,40,42,46,48,51,53,57,58,59,60,63,65,67,68,69,70,71,73,79,80,81,84,86,92]",84,1802,1,0.000554938956714761,1
"[0,1,2,3,4,5,6,7,8,9,10,12,13,20,22,23,25,26,30,33,39,40,42,46,48,51,53,57,58,59,60,63,65,67,68,69,70,71,73,79,80,81,84,86,92]",86,1802,5,0.00277469478357381,1
"[0,1,2,3,4,5,6,7,8,9,10,12,13,20,22,23,25,26,30,33,39,40,42,46,48,51,53,57,58,59,60,63,65,67,68,69,70,71,73,79,80,81,84,86,92]",92,1802,1,0.000554938956714761,1
"[0,1,2,3,4,5,6,7,8,9,10,12,20,22,23,25,26,30,33,38,39,40,42,46,48,51,53,57,58,59,60,63,65,66,67,68,69,70,71,73,76,77,79,81,83]",0,1443,10,0.00693000693000693,1
"[0,1,2,3,4,5,6,7,8,9,10,12,20,22,23,25,26,30,33,38,39,40,42,46,48,51,53,57,58,59,60,63,65,66,67,68,69,70,71,73,76,77,79,81,83]",1,1443,22,0.0152460152460152,1
"[0,1,2,3,4,5,6,7,8,9,10,12,20,22,23,25,26,30,33,38,39,40,42,46,48,51,53,57,58,59,60,63,65,66,67,68,69,70,71,73,76,77,79,81,83]",2,1443,173,0.11988911988912,1
"[0,1,2,3,4,5,6,7,8,9,10,12,20,22,23,25,26,30,33,38,39,40,42,46,48,51,53,57,58,59,60,63,65,66,67,68,69,70,71,73,76,77,79,81,83]",3,1443,14,0.0097020097020097,1
"[0,1,2,3,4,5,6,7,8,9,10,12,20,22,23,25,26,30,33,38,39,40,42,46,48,51,53,57,58,59,60,63,65,66,67,68,69,70,71,73,76,77,79,81,83]",4,1443,27,0.0187110187110187,1
"[0,1,2,3,4,5,6,7,8,9,10,12,20,22,23,25,26,30,33,38,39,40,42,46,48,51,53,57,58,59,60,63,65,66,67,68,69,70,71,73,76,77,79,81,83]",5,1443,24,0.0166320166320166,1
"[0,1,2,3,4,5,6,7,8,9,10,12,20,22,23,25,26,30,33,38,39,40,42,46,48,51,53,57,58,59,60,63,65,66,67,68,69,70,71,73,76,77,79,81,83]",6,1443,3,0.00207900207900208,1
"[0,1,2,3,4,5,6,7,8,9,10,12,20,22,23,25,26,30,33,38,39,40,42,46,48,51,53,57,58,59,60,63,65,66,67,68,69,70,71,73,76,77,79,81,83]",7,1443,72,0.0498960498960499,1
"[0,1,2,3,4,5,6,7,8,9,10,12,20,22,23,25,26,30,33,38,39,40,42,46,48,51,53,57,58,59,60,63,65,66,67,68,69,70,71,73,76,77,79,81,83]",8,1443,27,0.0187110187110187,1
"[0,1,2,3,4,5,6,7,8,9,10,12,20,22,23,25,26,30,33,38,39,40,42,46,48,51,53,57,58,59,60,63,65,66,67,68,69,70,71,73,76,77,79,81,83]",9,1443,24,0.0166320166320166,1
"[0,1,2,3,4,5,6,7,8,9,10,12,20,22,23,25,26,30,33,38,39,40,42,46,48,51,53,57,58,59,60,63,65,66,67,68,69,70,71,73,76,77,79,81,83]",10,1443,4,0.00277200277200277,1
"[0,1,2,3,4,5,6,7,8,9,10,12,20,22,23,25,26,30,33,38,39,40,42,46,48,51,53,57,58,59,60,63,65,66,67,68,69,70,71,73,76,77,79,81,83]",12,1443,31,0.0214830214830215,1
"[0,1,2,3,4,5,6,7,8,9,10,12,20,22,23,25,26,30,33,38,39,40,42,46,48,51,53,57,58,59,60,63,65,66,67,68,69,70,71,73,76,77,79,81,83]",20,1443,22,0.0152460152460152,1
"[0,1,2,3,4,5,6,7,8,9,10,12,20,22,23,25,26,30,33,38,39,40,42,46,48,51,53,57,58,59,60,63,65,66,67,68,69,70,71,73,76,77,79,81,83]",22,1443,7,0.00485100485100485,1
"[0,1,2,3,4,5,6,7,8,9,10,12,20,22,23,25,26,30,33,38,39,40,42,46,48,51,53,57,58,59,60,63,65,66,67,68,69,70,71,73,76,77,79,81,83]",23,1443,17,0.0117810117810118,1
"[0,1,2,3,4,5,6,7,8,9,10,12,20,22,23,25,26,30,33,38,39,40,42,46,48,51,53,57,58,59,60,63,65,66,67,68,69,70,71,73,76,77,79,81,83]",25,1443,9,0.00623700623700624,1
"[0,1,2,3,4,5,6,7,8,9,10,12,20,22,23,25,26,30,33,38,39,40,42,46,48,51,53,57,58,59,60,63,65,66,67,68,69,70,71,73,76,77,79,81,83]",26,1443,20,0.0138600138600139,1
"[0,1,2,3,4,5,6,7,8,9,10,12,20,22,23,25,26,30,33,38,39,40,42,46,48,51,53,57,58,59,60,63,65,66,67,68,69,70,71,73,76,77,79,81,83]",30,1443,7,0.00485100485100485,1
"[0,1,2,3,4,5,6,7,8,9,10,12,20,22,23,25,26,30,33,38,39,40,42,46,48,51,53,57,58,59,60,63,65,66,67,68,69,70,71,73,76,77,79,81,83]",33,1443,5,0.00346500346500346,1
"[0,1,2,3,4,5,6,7,8,9,10,12,20,22,23,25,26,30,33,38,39,40,42,46,48,51,53,57,58,59,60,63,65,66,67,68,69,70,71,73,76,77,79,81,83]",38,1443,556,0.385308385308385,1
"[0,1,2,3,4,5,6,7,8,9,10,12,20,22,23,25,26,30,33,38,39,40,42,46,48,51,53,57,58,59,60,63,65,66,67,68,69,70,71,73,76,77,79,81,83]",39,1443,15,0.0103950103950104,1
"[0,1,2,3,4,5,6,7,8,9,10,12,20,22,23,25,26,30,33,38,39,40,42,46,48,51,53,57,58,59,60,63,65,66,67,68,69,70,71,73,76,77,79,81,83]",40,1443,2,0.00138600138600139,1
"[0,1,2,3,4,5,6,7,8,9,10,12,20,22,23,25,26,30,33,38,39,40,42,46,48,51,53,57,58,59,60,63,65,66,67,68,69,70,71,73,76,77,79,81,83]",42,1443,16,0.0110880110880111,1
"[0,1,2,3,4,5,6,7,8,9,10,12,20,22,23,25,26,30,33,38,39,40,42,46,48,51,53,57,58,59,60,63,65,66,67,68,69,70,71,73,76,77,79,81,83]",46,1443,10,0.00693000693000693,1
"[0,1,2,3,4,5,6,7,8,9,10,12,20,22,23,25,26,30,33,38,39,40,42,46,48,51,53,57,58,59,60,63,65,66,67,68,69,70,71,73,76,77,79,81,83]",48,1443,5,0.00346500346500346,1
"[0,1,2,3,4,5,6,7,8,9,10,12,20,22,23,25,26,30,33,38,39,40,42,46,48,51,53,57,58,59,60,63,65,66,67,68,69,70,71,73,76,77,79,81,83]",51,1443,7,0.00485100485100485,1
"[0,1,2,3,4,5,6,7,8,9,10,12,20,22,23,25,26,30,33,38,39,40,42,46,48,51,53,57,58,59,60,63,65,66,67,68,69,70,71,73,76,77,79,81,83]",53,1443,5,0.00346500346500346,1
"[0,1,2,3,4,5,6,7,8,9,10,12,20,22,23,25,26,30,33,38,39,40,42,46,48,51,53,57,58,59,60,63,65,66,67,68,69,70,71,73,76,77,79,81,83]",57,1443,6,0.00415800415800416,1
"[0,1,2,3,4,5,6,7,8,9,10,12,20,22,23,25,26,30,33,38,39,40,42,46,48,51,53,57,58,59,60,63,65,66,67,68,69,70,71,73,76,77,79,81,83]",58,1443,4,0.00277200277200277,1
"[0,1,2,3,4,5,6,7,8,9,10,12,20,22,23,25,26,30,33,38,39,40,42,46,48,51,53,57,58,59,60,63,65,66,67,68,69,70,71,73,76,77,79,81,83]",59,1443,3,0.00207900207900208,1
"[0,1,2,3,4,5,6,7,8,9,10,12,20,22,23,25,26,30,33,38,39,40,42,46,48,51,53,57,58,59,60,63,65,66,67,68,69,70,71,73,76,77,79,81,83]",60,1443,13,0.00900900900900901,1
"[0,1,2,3,4,5,6,7,8,9,10,12,20,22,23,25,26,30,33,38,39,40,42,46,48,51,53,57,58,59,60,63,65,66,67,68,69,70,71,73,76,77,79,81,83]",63,1443,3,0.00207900207900208,1
"[0,1,2,3,4,5,6,7,8,9,10,12,20,22,23,25,26,30,33,38,39,40,42,46,48,51,53,57,58,59,60,63,65,66,67,68,69,70,71,73,76,77,79,81,83]",65,1443,3,0.00207900207900208,1
"[0,1,2,3,4,5,6,7,8,9,10,12,20,22,23,25,26,30,33,38,39,40,42,46,48,51,53,57,58,59,60,63,65,66,67,68,69,70,71,73,76,77,79,81,83]",66,1443,22,0.0152460152460152,1
"[0,1,2,3,4,5,6,7,8,9,10,12,20,22,23,25,26,30,33,38,39,40,42,46,48,51,53,57,58,59,60,63,65,66,67,68,69,70,71,73,76,77,79,81,83]",67,1443,1,0.000693000693000693,1
"[0,1,2,3,4,5,6,7,8,9,10,12,20,22,23,25,26,30,33,38,39,40,42,46,48,51,53,57,58,59,60,63,65,66,67,68,69,70,71,73,76,77,79,81,83]",68,1443,165,0.114345114345114,1
"[0,1,2,3,4,5,6,7,8,9,10,12,20,22,23,25,26,30,33,38,39,40,42,46,48,51,53,57,58,59,60,63,65,66,67,68,69,70,71,73,76,77,79,81,83]",69,1443,5,0.00346500346500346,1
"[0,1,2,3,4,5,6,7,8,9,10,12,20,22,23,25,26,30,33,38,39,40,42,46,48,51,53,57,58,59,60,63,65,66,67,68,69,70,71,73,76,77,79,81,83]",70,1443,3,0.00207900207900208,1
"[0,1,2,3,4,5,6,7,8,9,10,12,20,22,23,25,26,30,33,38,39,40,42,46,48,51,53,57,58,59,60,63,65,66,67,68,69,70,71,73,76,77,79,81,83]",71,1443,4,0.00277200277200277,1
"[0,1,2,3,4,5,6,7,8,9,10,12,20,22,23,25,26,30,33,38,39,40,42,46,48,51,53,57,58,59,60,63,65,66,67,68,69,70,71,73,76,77,79,81,83]",73,1443,5,0.00346500346500346,1
"[0,1,2,3,4,5,6,7,8,9,10,12,20,22,23,25,26,30,33,38,39,40,42,46,48,51,53,57,58,59,60,63,65,66,67,68,69,70,71,73,76,77,79,81,83]",76,1443,18,0.0124740124740125,1
"[0,1,2,3,4,5,6,7,8,9,10,12,20,22,23,25,26,30,33,38,39,40,42,46,48,51,53,57,58,59,60,63,65,66,67,68,69,70,71,73,76,77,79,81,83]",77,1443,19,0.0131670131670132,1
"[0,1,2,3,4,5,6,7,8,9,10,12,20,22,23,25,26,30,33,38,39,40,42,46,48,51,53,57,58,59,60,63,65,66,67,68,69,70,71,73,76,77,79,81,83]",79,1443,31,0.0214830214830215,1
"[0,1,2,3,4,5,6,7,8,9,10,12,20,22,23,25,26,30,33,38,39,40,42,46,48,51,53,57,58,59,60,63,65,66,67,68,69,70,71,73,76,77,79,81,83]",81,1443,2,0.00138600138600139,1
"[0,1,2,3,4,5,6,7,8,9,10,12,20,22,23,25,26,30,33,38,39,40,42,46,48,51,53,57,58,59,60,63,65,66,67,68,69,70,71,73,76,77,79,81,83]",83,1443,2,0.00138600138600139,1
"[0,1,2,3,4,5,6,7,8,9,10,12,20,22,23,25,26,30,33,39,40,42,46,48,51,53,57,59,60,63,65,66,67,68,69,70,71,73,76,77,79,81,86]",0,1433,14,0.00976971388695045,1
"[0,1,2,3,4,5,6,7,8,9,10,12,20,22,23,25,26,30,33,39,40,42,46,48,51,53,57,59,60,63,65,66,67,68,69,70,71,73,76,77,79,81,86]",1,1433,30,0.0209351011863224,1
"[0,1,2,3,4,5,6,7,8,9,10,12,20,22,23,25,26,30,33,39,40,42,46,48,51,53,57,59,60,63,65,66,67,68,69,70,71,73,76,77,79,81,86]",2,1433,67,0.04675505931612,1
"[0,1,2,3,4,5,6,7,8,9,10,12,20,22,23,25,26,30,33,39,40,42,46,48,51,53,57,59,60,63,65,66,67,68,69,70,71,73,76,77,79,81,86]",3,1433,23,0.0160502442428472,1
"[0,1,2,3,4,5,6,7,8,9,10,12,20,22,23,25,26,30,33,39,40,42,46,48,51,53,57,59,60,63,65,66,67,68,69,70,71,73,76,77,79,81,86]",4,1433,20,0.0139567341242149,1
"[0,1,2,3,4,5,6,7,8,9,10,12,20,22,23,25,26,30,33,39,40,42,46,48,51,53,57,59,60,63,65,66,67,68,69,70,71,73,76,77,79,81,86]",5,1433,34,0.0237264480111654,1
"[0,1,2,3,4,5,6,7,8,9,10,12,20,22,23,25,26,30,33,39,40,42,46,48,51,53,57,59,60,63,65,66,67,68,69,70,71,73,76,77,79,81,86]",6,1433,663,0.462665736217725,1
"[0,1,2,3,4,5,6,7,8,9,10,12,20,22,23,25,26,30,33,39,40,42,46,48,51,53,57,59,60,63,65,66,67,68,69,70,71,73,76,77,79,81,86]",7,1433,110,0.0767620376831821,1
"[0,1,2,3,4,5,6,7,8,9,10,12,20,22,23,25,26,30,33,39,40,42,46,48,51,53,57,59,60,63,65,66,67,68,69,70,71,73,76,77,79,81,86]",8,1433,12,0.00837404047452896,1
"[0,1,2,3,4,5,6,7,8,9,10,12,20,22,23,25,26,30,33,39,40,42,46,48,51,53,57,59,60,63,65,66,67,68,69,70,71,73,76,77,79,81,86]",9,1433,30,0.0209351011863224,1
"[0,1,2,3,4,5,6,7,8,9,10,12,20,22,23,25,26,30,33,39,40,42,46,48,51,53,57,59,60,63,65,66,67,68,69,70,71,73,76,77,79,81,86]",10,1433,7,0.00488485694347523,1
"[0,1,2,3,4,5,6,7,8,9,10,12,20,22,23,25,26,30,33,39,40,42,46,48,51,53,57,59,60,63,65,66,67,68,69,70,71,73,76,77,79,81,86]",12,1433,30,0.0209351011863224,1
"[0,1,2,3,4,5,6,7,8,9,10,12,20,22,23,25,26,30,33,39,40,42,46,48,51,53,57,59,60,63,65,66,67,68,69,70,71,73,76,77,79,81,86]",20,1433,28,0.0195394277739009,1
"[0,1,2,3,4,5,6,7,8,9,10,12,20,22,23,25,26,30,33,39,40,42,46,48,51,53,57,59,60,63,65,66,67,68,69,70,71,73,76,77,79,81,86]",22,1433,6,0.00418702023726448,1
"[0,1,2,3,4,5,6,7,8,9,10,12,20,22,23,25,26,30,33,39,40,42,46,48,51,53,57,59,60,63,65,66,67,68,69,70,71,73,76,77,79,81,86]",23,1433,24,0.0167480809490579,1
"[0,1,2,3,4,5,6,7,8,9,10,12,20,22,23,25,26,30,33,39,40,42,46,48,51,53,57,59,60,63,65,66,67,68,69,70,71,73,76,77,79,81,86]",25,1433,17,0.0118632240055827,1
"[0,1,2,3,4,5,6,7,8,9,10,12,20,22,23,25,26,30,33,39,40,42,46,48,51,53,57,59,60,63,65,66,67,68,69,70,71,73,76,77,79,81,86]",26,1433,22,0.0153524075366364,1
"[0,1,2,3,4,5,6,7,8,9,10,12,20,22,23,25,26,30,33,39,40,42,46,48,51,53,57,59,60,63,65,66,67,68,69,70,71,73,76,77,79,81,86]",30,1433,3,0.00209351011863224,1
"[0,1,2,3,4,5,6,7,8,9,10,12,20,22,23,25,26,30,33,39,40,42,46,48,51,53,57,59,60,63,65,66,67,68,69,70,71,73,76,77,79,81,86]",33,1433,7,0.00488485694347523,1
"[0,1,2,3,4,5,6,7,8,9,10,12,20,22,23,25,26,30,33,39,40,42,46,48,51,53,57,59,60,63,65,66,67,68,69,70,71,73,76,77,79,81,86]",39,1433,13,0.00907187718073971,1
"[0,1,2,3,4,5,6,7,8,9,10,12,20,22,23,25,26,30,33,39,40,42,46,48,51,53,57,59,60,63,65,66,67,68,69,70,71,73,76,77,79,81,86]",40,1433,13,0.00907187718073971,1
"[0,1,2,3,4,5,6,7,8,9,10,12,20,22,23,25,26,30,33,39,40,42,46,48,51,53,57,59,60,63,65,66,67,68,69,70,71,73,76,77,79,81,86]",42,1433,9,0.00628053035589672,1
"[0,1,2,3,4,5,6,7,8,9,10,12,20,22,23,25,26,30,33,39,40,42,46,48,51,53,57,59,60,63,65,66,67,68,69,70,71,73,76,77,79,81,86]",46,1433,13,0.00907187718073971,1
"[0,1,2,3,4,5,6,7,8,9,10,12,20,22,23,25,26,30,33,39,40,42,46,48,51,53,57,59,60,63,65,66,67,68,69,70,71,73,76,77,79,81,86]",48,1433,3,0.00209351011863224,1
"[0,1,2,3,4,5,6,7,8,9,10,12,20,22,23,25,26,30,33,39,40,42,46,48,51,53,57,59,60,63,65,66,67,68,69,70,71,73,76,77,79,81,86]",51,1433,5,0.00348918353105373,1
"[0,1,2,3,4,5,6,7,8,9,10,12,20,22,23,25,26,30,33,39,40,42,46,48,51,53,57,59,60,63,65,66,67,68,69,70,71,73,76,77,79,81,86]",53,1433,3,0.00209351011863224,1
"[0,1,2,3,4,5,6,7,8,9,10,12,20,22,23,25,26,30,33,39,40,42,46,48,51,53,57,59,60,63,65,66,67,68,69,70,71,73,76,77,79,81,86]",57,1433,10,0.00697836706210747,1
"[0,1,2,3,4,5,6,7,8,9,10,12,20,22,23,25,26,30,33,39,40,42,46,48,51,53,57,59,60,63,65,66,67,68,69,70,71,73,76,77,79,81,86]",59,1433,5,0.00348918353105373,1
"[0,1,2,3,4,5,6,7,8,9,10,12,20,22,23,25,26,30,33,39,40,42,46,48,51,53,57,59,60,63,65,66,67,68,69,70,71,73,76,77,79,81,86]",60,1433,9,0.00628053035589672,1
"[0,1,2,3,4,5,6,7,8,9,10,12,20,22,23,25,26,30,33,39,40,42,46,48,51,53,57,59,60,63,65,66,67,68,69,70,71,73,76,77,79,81,86]",63,1433,15,0.0104675505931612,1
"[0,1,2,3,4,5,6,7,8,9,10,12,20,22,23,25,26,30,33,39,40,42,46,48,51,53,57,59,60,63,65,66,67,68,69,70,71,73,76,77,79,81,86]",65,1433,2,0.00139567341242149,1
"[0,1,2,3,4,5,6,7,8,9,10,12,20,22,23,25,26,30,33,39,40,42,46,48,51,53,57,59,60,63,65,66,67,68,69,70,71,73,76,77,79,81,86]",66,1433,87,0.060711793440335,1
"[0,1,2,3,4,5,6,7,8,9,10,12,20,22,23,25,26,30,33,39,40,42,46,48,51,53,57,59,60,63,65,66,67,68,69,70,71,73,76,77,79,81,86]",67,1433,7,0.00488485694347523,1
"[0,1,2,3,4,5,6,7,8,9,10,12,20,22,23,25,26,30,33,39,40,42,46,48,51,53,57,59,60,63,65,66,67,68,69,70,71,73,76,77,79,81,86]",68,1433,1,0.000697836706210747,1
"[0,1,2,3,4,5,6,7,8,9,10,12,20,22,23,25,26,30,33,39,40,42,46,48,51,53,57,59,60,63,65,66,67,68,69,70,71,73,76,77,79,81,86]",69,1433,6,0.00418702023726448,1
"[0,1,2,3,4,5,6,7,8,9,10,12,20,22,23,25,26,30,33,39,40,42,46,48,51,53,57,59,60,63,65,66,67,68,69,70,71,73,76,77,79,81,86]",70,1433,1,0.000697836706210747,1
"[0,1,2,3,4,5,6,7,8,9,10,12,20,22,23,25,26,30,33,39,40,42,46,48,51,53,57,59,60,63,65,66,67,68,69,70,71,73,76,77,79,81,86]",71,1433,9,0.00628053035589672,1
"[0,1,2,3,4,5,6,7,8,9,10,12,20,22,23,25,26,30,33,39,40,42,46,48,51,53,57,59,60,63,65,66,67,68,69,70,71,73,76,77,79,81,86]",73,1433,6,0.00418702023726448,1
"[0,1,2,3,4,5,6,7,8,9,10,12,20,22,23,25,26,30,33,39,40,42,46,48,51,53,57,59,60,63,65,66,67,68,69,70,71,73,76,77,79,81,86]",76,1433,17,0.0118632240055827,1
"[0,1,2,3,4,5,6,7,8,9,10,12,20,22,23,25,26,30,33,39,40,42,46,48,51,53,57,59,60,63,65,66,67,68,69,70,71,73,76,77,79,81,86]",77,1433,29,0.0202372644801117,1
"[0,1,2,3,4,5,6,7,8,9,10,12,20,22,23,25,26,30,33,39,40,42,46,48,51,53,57,59,60,63,65,66,67,68,69,70,71,73,76,77,79,81,86]",79,1433,12,0.00837404047452896,1
"[0,1,2,3,4,5,6,7,8,9,10,12,20,22,23,25,26,30,33,39,40,42,46,48,51,53,57,59,60,63,65,66,67,68,69,70,71,73,76,77,79,81,86]",81,1433,7,0.00488485694347523,1
"[0,1,2,3,4,5,6,7,8,9,10,12,20,22,23,25,26,30,33,39,40,42,46,48,51,53,57,59,60,63,65,66,67,68,69,70,71,73,76,77,79,81,86]",86,1433,4,0.00279134682484299,1
"[0,1,2,3,4,5,6,8,14,15,17,22,23,24,25,26,31,35,41,55,75,90,101]",0,1451,20,0.0137835975189524,1
"[0,1,2,3,4,5,6,8,14,15,17,22,23,24,25,26,31,35,41,55,75,90,101]",1,1451,626,0.431426602343212,1
"[0,1,2,3,4,5,6,8,14,15,17,22,23,24,25,26,31,35,41,55,75,90,101]",2,1451,38,0.0261888352860096,1
"[0,1,2,3,4,5,6,8,14,15,17,22,23,24,25,26,31,35,41,55,75,90,101]",3,1451,11,0.00758097863542385,1
"[0,1,2,3,4,5,6,8,14,15,17,22,23,24,25,26,31,35,41,55,75,90,101]",4,1451,47,0.0323914541695383,1
"[0,1,2,3,4,5,6,8,14,15,17,22,23,24,25,26,31,35,41,55,75,90,101]",5,1451,33,0.0227429359062715,1
"[0,1,2,3,4,5,6,8,14,15,17,22,23,24,25,26,31,35,41,55,75,90,101]",6,1451,8,0.00551343900758098,1
"[0,1,2,3,4,5,6,8,14,15,17,22,23,24,25,26,31,35,41,55,75,90,101]",8,1451,259,0.178497587870434,1
"[0,1,2,3,4,5,6,8,14,15,17,22,23,24,25,26,31,35,41,55,75,90,101]",14,1451,17,0.0117160578911096,1
"[0,1,2,3,4,5,6,8,14,15,17,22,23,24,25,26,31,35,41,55,75,90,101]",15,1451,22,0.0151619572708477,1
"[0,1,2,3,4,5,6,8,14,15,17,22,23,24,25,26,31,35,41,55,75,90,101]",17,1451,42,0.0289455547898001,1
"[0,1,2,3,4,5,6,8,14,15,17,22,23,24,25,26,31,35,41,55,75,90,101]",22,1451,7,0.00482425913163336,1
"[0,1,2,3,4,5,6,8,14,15,17,22,23,24,25,26,31,35,41,55,75,90,101]",23,1451,16,0.011026878015162,1
"[0,1,2,3,4,5,6,8,14,15,17,22,23,24,25,26,31,35,41,55,75,90,101]",24,1451,1,0.000689179875947622,1
"[0,1,2,3,4,5,6,8,14,15,17,22,23,24,25,26,31,35,41,55,75,90,101]",25,1451,9,0.0062026188835286,1
"[0,1,2,3,4,5,6,8,14,15,17,22,23,24,25,26,31,35,41,55,75,90,101]",26,1451,220,0.151619572708477,1
"[0,1,2,3,4,5,6,8,14,15,17,22,23,24,25,26,31,35,41,55,75,90,101]",31,1451,12,0.00827015851137147,1
"[0,1,2,3,4,5,6,8,14,15,17,22,23,24,25,26,31,35,41,55,75,90,101]",35,1451,18,0.0124052377670572,1
"[0,1,2,3,4,5,6,8,14,15,17,22,23,24,25,26,31,35,41,55,75,90,101]",41,1451,4,0.00275671950379049,1
"[0,1,2,3,4,5,6,8,14,15,17,22,23,24,25,26,31,35,41,55,75,90,101]",55,1451,1,0.000689179875947622,1
"[0,1,2,3,4,5,6,8,14,15,17,22,23,24,25,26,31,35,41,55,75,90,101]",75,1451,18,0.0124052377670572,1
"[0,1,2,3,4,5,6,8,14,15,17,22,23,24,25,26,31,35,41,55,75,90,101]",90,1451,15,0.0103376981392143,1
"[0,1,2,3,4,5,6,8,14,15,17,22,23,24,25,26,31,35,41,55,75,90,101]",101,1451,7,0.00482425913163336,1
"[0,1,2,3,4,5,7,8,9,10,11,12,13,14,15,16,17,18,19,20,21,22,24,27,28,29,33,34,36,37,38,43,47,56,89,96]",0,2557,25,0.00977708251857646,1
"[0,1,2,3,4,5,7,8,9,10,11,12,13,14,15,16,17,18,19,20,21,22,24,27,28,29,33,34,36,37,38,43,47,56,89,96]",1,2557,45,0.0175987485334376,1
"[0,1,2,3,4,5,7,8,9,10,11,12,13,14,15,16,17,18,19,20,21,22,24,27,28,29,33,34,36,37,38,43,47,56,89,96]",2,2557,68,0.026593664450528,1
"[0,1,2,3,4,5,7,8,9,10,11,12,13,14,15,16,17,18,19,20,21,22,24,27,28,29,33,34,36,37,38,43,47,56,89,96]",3,2557,30,0.0117324990222917,1
"[0,1,2,3,4,5,7,8,9,10,11,12,13,14,15,16,17,18,19,20,21,22,24,27,28,29,33,34,36,37,38,43,47,56,89,96]",4,2557,326,0.127493156042237,1
"[0,1,2,3,4,5,7,8,9,10,11,12,13,14,15,16,17,18,19,20,21,22,24,27,28,29,33,34,36,37,38,43,47,56,89,96]",5,2557,246,0.0962064919827923,1
"[0,1,2,3,4,5,7,8,9,10,11,12,13,14,15,16,17,18,19,20,21,22,24,27,28,29,33,34,36,37,38,43,47,56,89,96]",7,2557,313,0.122409073132577,1
"[0,1,2,3,4,5,7,8,9,10,11,12,13,14,15,16,17,18,19,20,21,22,24,27,28,29,33,34,36,37,38,43,47,56,89,96]",8,2557,20,0.00782166601486117,1
"[0,1,2,3,4,5,7,8,9,10,11,12,13,14,15,16,17,18,19,20,21,22,24,27,28,29,33,34,36,37,38,43,47,56,89,96]",9,2557,51,0.019945248337896,1
"[0,1,2,3,4,5,7,8,9,10,11,12,13,14,15,16,17,18,19,20,21,22,24,27,28,29,33,34,36,37,38,43,47,56,89,96]",10,2557,38,0.0148611654282362,1
"[0,1,2,3,4,5,7,8,9,10,11,12,13,14,15,16,17,18,19,20,21,22,24,27,28,29,33,34,36,37,38,43,47,56,89,96]",11,2557,125,0.0488854125928823,1
"[0,1,2,3,4,5,7,8,9,10,11,12,13,14,15,16,17,18,19,20,21,22,24,27,28,29,33,34,36,37,38,43,47,56,89,96]",12,2557,45,0.0175987485334376,1
"[0,1,2,3,4,5,7,8,9,10,11,12,13,14,15,16,17,18,19,20,21,22,24,27,28,29,33,34,36,37,38,43,47,56,89,96]",13,2557,97,0.0379350801720767,1
"[0,1,2,3,4,5,7,8,9,10,11,12,13,14,15,16,17,18,19,20,21,22,24,27,28,29,33,34,36,37,38,43,47,56,89,96]",14,2557,44,0.0172076652326946,1
"[0,1,2,3,4,5,7,8,9,10,11,12,13,14,15,16,17,18,19,20,21,22,24,27,28,29,33,34,36,37,38,43,47,56,89,96]",15,2557,208,0.0813453265545561,1
"[0,1,2,3,4,5,7,8,9,10,11,12,13,14,15,16,17,18,19,20,21,22,24,27,28,29,33,34,36,37,38,43,47,56,89,96]",16,2557,3,0.00117324990222917,1
"[0,1,2,3,4,5,7,8,9,10,11,12,13,14,15,16,17,18,19,20,21,22,24,27,28,29,33,34,36,37,38,43,47,56,89,96]",17,2557,68,0.026593664450528,1
"[0,1,2,3,4,5,7,8,9,10,11,12,13,14,15,16,17,18,19,20,21,22,24,27,28,29,33,34,36,37,38,43,47,56,89,96]",18,2557,216,0.0844739929605006,1
"[0,1,2,3,4,5,7,8,9,10,11,12,13,14,15,16,17,18,19,20,21,22,24,27,28,29,33,34,36,37,38,43,47,56,89,96]",19,2557,218,0.0852561595619867,1
"[0,1,2,3,4,5,7,8,9,10,11,12,13,14,15,16,17,18,19,20,21,22,24,27,28,29,33,34,36,37,38,43,47,56,89,96]",20,2557,40,0.0156433320297223,1
"[0,1,2,3,4,5,7,8,9,10,11,12,13,14,15,16,17,18,19,20,21,22,24,27,28,29,33,34,36,37,38,43,47,56,89,96]",21,2557,14,0.00547516621040282,1
"[0,1,2,3,4,5,7,8,9,10,11,12,13,14,15,16,17,18,19,20,21,22,24,27,28,29,33,34,36,37,38,43,47,56,89,96]",22,2557,7,0.00273758310520141,1
"[0,1,2,3,4,5,7,8,9,10,11,12,13,14,15,16,17,18,19,20,21,22,24,27,28,29,33,34,36,37,38,43,47,56,89,96]",24,2557,37,0.0144700821274932,1
"[0,1,2,3,4,5,7,8,9,10,11,12,13,14,15,16,17,18,19,20,21,22,24,27,28,29,33,34,36,37,38,43,47,56,89,96]",27,2557,23,0.00899491591709034,1
"[0,1,2,3,4,5,7,8,9,10,11,12,13,14,15,16,17,18,19,20,21,22,24,27,28,29,33,34,36,37,38,43,47,56,89,96]",28,2557,7,0.00273758310520141,1
"[0,1,2,3,4,5,7,8,9,10,11,12,13,14,15,16,17,18,19,20,21,22,24,27,28,29,33,34,36,37,38,43,47,56,89,96]",29,2557,29,0.0113414157215487,1
"[0,1,2,3,4,5,7,8,9,10,11,12,13,14,15,16,17,18,19,20,21,22,24,27,28,29,33,34,36,37,38,43,47,56,89,96]",33,2557,5,0.00195541650371529,1
"[0,1,2,3,4,5,7,8,9,10,11,12,13,14,15,16,17,18,19,20,21,22,24,27,28,29,33,34,36,37,38,43,47,56,89,96]",34,2557,21,0.00821274931560422,1
"[0,1,2,3,4,5,7,8,9,10,11,12,13,14,15,16,17,18,19,20,21,22,24,27,28,29,33,34,36,37,38,43,47,56,89,96]",36,2557,6,0.00234649980445835,1
"[0,1,2,3,4,5,7,8,9,10,11,12,13,14,15,16,17,18,19,20,21,22,24,27,28,29,33,34,36,37,38,43,47,56,89,96]",37,2557,77,0.0301134141572155,1
"[0,1,2,3,4,5,7,8,9,10,11,12,13,14,15,16,17,18,19,20,21,22,24,27,28,29,33,34,36,37,38,43,47,56,89,96]",38,2557,29,0.0113414157215487,1
"[0,1,2,3,4,5,7,8,9,10,11,12,13,14,15,16,17,18,19,20,21,22,24,27,28,29,33,34,36,37,38,43,47,56,89,96]",43,2557,26,0.0101681658193195,1
"[0,1,2,3,4,5,7,8,9,10,11,12,13,14,15,16,17,18,19,20,21,22,24,27,28,29,33,34,36,37,38,43,47,56,89,96]",47,2557,24,0.0093859992178334,1
"[0,1,2,3,4,5,7,8,9,10,11,12,13,14,15,16,17,18,19,20,21,22,24,27,28,29,33,34,36,37,38,43,47,56,89,96]",56,2557,5,0.00195541650371529,1
"[0,1,2,3,4,5,7,8,9,10,11,12,13,14,15,16,17,18,19,20,21,22,24,27,28,29,33,34,36,37,38,43,47,56,89,96]",89,2557,6,0.00234649980445835,1
"[0,1,2,3,4,5,7,8,9,10,11,12,13,14,15,16,17,18,19,20,21,22,24,27,28,29,33,34,36,37,38,43,47,56,89,96]",96,2557,15,0.00586624951114587,1
