choice_set,item,n_choices,n_chosen,cp,n_weeks_offered
"[0,1,2,3,4,5,6,7,8,9,10,11,12,13,14,15,16,17,18,19,20,21,22,23,24,25,26,27,28,31,32,36,38,39,41,43,45,47,49,51,52,53,55,56,57,58,59,61,62,63,64,65,67,68,69,70,73,74,76,77,79,80,82,85,86,87,88,89,90,91,93,94,95,98,99]",0,1559,56,0.0359204618345093,4
"[0,1,2,3,4,5,6,7,8,9,10,11,12,13,14,15,16,17,18,19,20,21,22,23,24,25,26,27,28,31,32,36,38,39,41,43,45,47,49,51,52,53,55,56,57,58,59,61,62,63,64,65,67,68,69,70,73,74,76,77,79,80,82,85,86,87,88,89,90,91,93,94,95,98,99]",1,1559,29,0.018601667735728,4
"[0,1,2,3,4,5,6,7,8,9,10,11,12,13,14,15,16,17,18,19,20,21,22,23,24,25,26,27,28,31,32,36,38,39,41,43,45,47,49,51,52,53,55,56,57,58,59,61,62,63,64,65,67,68,69,70,73,74,76,77,79,80,82,85,86,87,88,89,90,91,93,94,95,98,99]",2,1559,0,0,4
"[0,1,2,3,4,5,6,7,8,9,10,11,12,13,14,15,16,17,18,19,20,21,22,23,24,25,26,27,28,31,32,36,38,39,41,43,45,47,49,51,52,53,55,56,57,58,59,61,62,63,64,65,67,68,69,70,73,74,76,77,79,80,82,85,86,87,88,89,90,91,93,94,95,98,99]",3,1559,0,0,4
"[0,1,2,3,4,5,6,7,8,9,10,11,12,13,14,15,16,17,18,19,20,21,22,23,24,25,26,27,28,31,32,36,38,39,41,43,45,47,49,51,52,53,55,56,57,58,59,61,62,63,64,65,67,68,69,70,73,74,76,77,79,80,82,85,86,87,88,89,90,91,93,94,95,98,99]",4,1559,18,0.0115458627325208,4
"[0,1,2,3,4,5,6,7,8,9,10,11,12,13,14,15,16,17,18,19,20,21,22,23,24,25,26,27,28,31,32,36,38,39,41,43,45,47,49,51,52,53,55,56,57,58,59,61,62,63,64,65,67,68,69,70,73,74,76,77,79,80,82,85,86,87,88,89,90,91,93,94,95,98,99]",5,1559,193,0.123797305965362,4
"[0,1,2,3,4,5,6,7,8,9,10,11,12,13,14,15,16,17,18,19,20,21,22,23,24,25,26,27,28,31,32,36,38,39,41,43,45,47,49,51,52,53,55,56,57,58,59,61,62,63,64,65,67,68,69,70,73,74,76,77,79,80,82,85,86,87,88,89,90,91,93,94,95,98,99]",6,1559,0,0,4
"[0,1,2,3,4,5,6,7,8,9,10,11,12,13,14,15,16,17,18,19,20,21,22,23,24,25,26,27,28,31,32,36,38,39,41,43,45,47,49,51,52,53,55,56,57,58,59,61,62,63,64,65,67,68,69,70,73,74,76,77,79,80,82,85,86,87,88,89,90,91,93,94,95,98,99]",7,1559,15,0.00962155227710071,4
"[0,1,2,3,4,5,6,7,8,9,10,11,12,13,14,15,16,17,18,19,20,21,22,23,24,25,26,27,28,31,32,36,38,39,41,43,45,47,49,51,52,53,55,56,57,58,59,61,62,63,64,65,67,68,69,70,73,74,76,77,79,80,82,85,86,87,88,89,90,91,93,94,95,98,99]",8,1559,0,0,4
"[0,1,2,3,4,5,6,7,8,9,10,11,12,13,14,15,16,17,18,19,20,21,22,23,24,25,26,27,28,31,32,36,38,39,41,43,45,47,49,51,52,53,55,56,57,58,59,61,62,63,64,65,67,68,69,70,73,74,76,77,79,80,82,85,86,87,88,89,90,91,93,94,95,98,99]",9,1559,0,0,4
"[0,1,2,3,4,5,6,7,8,9,10,11,12,13,14,15,16,17,18,19,20,21,22,23,24,25,26,27,28,31,32,36,38,39,41,43,45,47,49,51,52,53,55,56,57,58,59,61,62,63,64,65,67,68,69,70,73,74,76,77,79,80,82,85,86,87,88,89,90,91,93,94,95,98,99]",10,1559,0,0,4
"[0,1,2,3,4,5,6,7,8,9,10,11,12,13,14,15,16,17,18,19,20,21,22,23,24,25,26,27,28,31,32,36,38,39,41,43,45,47,49,51,52,53,55,56,57,58,59,61,62,63,64,65,67,68,69,70,73,74,76,77,79,80,82,85,86,87,88,89,90,91,93,94,95,98,99]",11,1559,0,0,4
"[0,1,2,3,4,5,6,7,8,9,10,11,12,13,14,15,16,17,18,19,20,21,22,23,24,25,26,27,28,31,32,36,38,39,41,43,45,47,49,51,52,53,55,56,57,58,59,61,62,63,64,65,67,68,69,70,73,74,76,77,79,80,82,85,86,87,88,89,90,91,93,94,95,98,99]",12,1559,0,0,4
"[0,1,2,3,4,5,6,7,8,9,10,11,12,13,14,15,16,17,18,19,20,21,22,23,24,25,26,27,28,31,32,36,38,39,41,43,45,47,49,51,52,53,55,56,57,58,59,61,62,63,64,65,67,68,69,70,73,74,76,77,79,80,82,85,86,87,88,89,90,91,93,94,95,98,99]",13,1559,0,0,4
"[0,1,2,3,4,5,6,7,8,9,10,11,12,13,14,15,16,17,18,19,20,21,22,23,24,25,26,27,28,31,32,36,38,39,41,43,45,47,49,51,52,53,55,56,57,58,59,61,62,63,64,65,67,68,69,70,73,74,76,77,79,80,82,85,86,87,88,89,90,91,93,94,95,98,99]",14,1559,0,0,4
"[0,1,2,3,4,5,6,7,8,9,10,11,12,13,14,15,16,17,18,19,20,21,22,23,24,25,26,27,28,31,32,36,38,39,41,43,45,47,49,51,52,53,55,56,57,58,59,61,62,63,64,65,67,68,69,70,73,74,76,77,79,80,82,85,86,87,88,89,90,91,93,94,95,98,99]",15,1559,0,0,4
"[0,1,2,3,4,5,6,7,8,9,10,11,12,13,14,15,16,17,18,19,20,21,22,23,24,25,26,27,28,31,32,36,38,39,41,43,45,47,49,51,52,53,55,56,57,58,59,61,62,63,64,65,67,68,69,70,73,74,76,77,79,80,82,85,86,87,88,89,90,91,93,94,95,98,99]",16,1559,0,0,4
"[0,1,2,3,4,5,6,7,8,9,10,11,12,13,14,15,16,17,18,19,20,21,22,23,24,25,26,27,28,31,32,36,38,39,41,43,45,47,49,51,52,53,55,56,57,58,59,61,62,63,64,65,67,68,69,70,73,74,76,77,79,80,82,85,86,87,88,89,90,91,93,94,95,98,99]",17,1559,0,0,4
"[0,1,2,3,4,5,6,7,8,9,10,11,12,13,14,15,16,17,18,19,20,21,22,23,24,25,26,27,28,31,32,36,38,39,41,43,45,47,49,51,52,53,55,56,57,58,59,61,62,63,64,65,67,68,69,70,73,74,76,77,79,80,82,85,86,87,88,89,90,91,93,94,95,98,99]",18,1559,0,0,4
"[0,1,2,3,4,5,6,7,8,9,10,11,12,13,14,15,16,17,18,19,20,21,22,23,24,25,26,27,28,31,32,36,38,39,41,43,45,47,49,51,52,53,55,56,57,58,59,61,62,63,64,65,67,68,69,70,73,74,76,77,79,80,82,85,86,87,88,89,90,91,93,94,95,98,99]",19,1559,0,0,4
"[0,1,2,3,4,5,6,7,8,9,10,11,12,13,14,15,16,17,18,19,20,21,22,23,24,25,26,27,28,31,32,36,38,39,41,43,45,47,49,51,52,53,55,56,57,58,59,61,62,63,64,65,67,68,69,70,73,74,76,77,79,80,82,85,86,87,88,89,90,91,93,94,95,98,99]",20,1559,0,0,4
"[0,1,2,3,4,5,6,7,8,9,10,11,12,13,14,15,16,17,18,19,20,21,22,23,24,25,26,27,28,31,32,36,38,39,41,43,45,47,49,51,52,53,55,56,57,58,59,61,62,63,64,65,67,68,69,70,73,74,76,77,79,80,82,85,86,87,88,89,90,91,93,94,95,98,99]",21,1559,83,0.0532392559332906,4
"[0,1,2,3,4,5,6,7,8,9,10,11,12,13,14,15,16,17,18,19,20,21,22,23,24,25,26,27,28,31,32,36,38,39,41,43,45,47,49,51,52,53,55,56,57,58,59,61,62,63,64,65,67,68,69,70,73,74,76,77,79,80,82,85,86,87,88,89,90,91,93,94,95,98,99]",22,1559,0,0,4
"[0,1,2,3,4,5,6,7,8,9,10,11,12,13,14,15,16,17,18,19,20,21,22,23,24,25,26,27,28,31,32,36,38,39,41,43,45,47,49,51,52,53,55,56,57,58,59,61,62,63,64,65,67,68,69,70,73,74,76,77,79,80,82,85,86,87,88,89,90,91,93,94,95,98,99]",23,1559,7,0.00449005772931366,4
"[0,1,2,3,4,5,6,7,8,9,10,11,12,13,14,15,16,17,18,19,20,21,22,23,24,25,26,27,28,31,32,36,38,39,41,43,45,47,49,51,52,53,55,56,57,58,59,61,62,63,64,65,67,68,69,70,73,74,76,77,79,80,82,85,86,87,88,89,90,91,93,94,95,98,99]",24,1559,0,0,4
"[0,1,2,3,4,5,6,7,8,9,10,11,12,13,14,15,16,17,18,19,20,21,22,23,24,25,26,27,28,31,32,36,38,39,41,43,45,47,49,51,52,53,55,56,57,58,59,61,62,63,64,65,67,68,69,70,73,74,76,77,79,80,82,85,86,87,88,89,90,91,93,94,95,98,99]",25,1559,0,0,4
"[0,1,2,3,4,5,6,7,8,9,10,11,12,13,14,15,16,17,18,19,20,21,22,23,24,25,26,27,28,31,32,36,38,39,41,43,45,47,49,51,52,53,55,56,57,58,59,61,62,63,64,65,67,68,69,70,73,74,76,77,79,80,82,85,86,87,88,89,90,91,93,94,95,98,99]",26,1559,0,0,4
"[0,1,2,3,4,5,6,7,8,9,10,11,12,13,14,15,16,17,18,19,20,21,22,23,24,25,26,27,28,31,32,36,38,39,41,43,45,47,49,51,52,53,55,56,57,58,59,61,62,63,64,65,67,68,69,70,73,74,76,77,79,80,82,85,86,87,88,89,90,91,93,94,95,98,99]",27,1559,6,0.00384862091084028,4
"[0,1,2,3,4,5,6,7,8,9,10,11,12,13,14,15,16,17,18,19,20,21,22,23,24,25,26,27,28,31,32,36,38,39,41,43,45,47,49,51,52,53,55,56,57,58,59,61,62,63,64,65,67,68,69,70,73,74,76,77,79,80,82,85,86,87,88,89,90,91,93,94,95,98,99]",28,1559,0,0,4
"[0,1,2,3,4,5,6,7,8,9,10,11,12,13,14,15,16,17,18,19,20,21,22,23,24,25,26,27,28,31,32,36,38,39,41,43,45,47,49,51,52,53,55,56,57,58,59,61,62,63,64,65,67,68,69,70,73,74,76,77,79,80,82,85,86,87,88,89,90,91,93,94,95,98,99]",31,1559,37,0.0237331622835151,4
"[0,1,2,3,4,5,6,7,8,9,10,11,12,13,14,15,16,17,18,19,20,21,22,23,24,25,26,27,28,31,32,36,38,39,41,43,45,47,49,51,52,53,55,56,57,58,59,61,62,63,64,65,67,68,69,70,73,74,76,77,79,80,82,85,86,87,88,89,90,91,93,94,95,98,99]",32,1559,0,0,4
"[0,1,2,3,4,5,6,7,8,9,10,11,12,13,14,15,16,17,18,19,20,21,22,23,24,25,26,27,28,31,32,36,38,39,41,43,45,47,49,51,52,53,55,56,57,58,59,61,62,63,64,65,67,68,69,70,73,74,76,77,79,80,82,85,86,87,88,89,90,91,93,94,95,98,99]",36,1559,0,0,4
"[0,1,2,3,4,5,6,7,8,9,10,11,12,13,14,15,16,17,18,19,20,21,22,23,24,25,26,27,28,31,32,36,38,39,41,43,45,47,49,51,52,53,55,56,57,58,59,61,62,63,64,65,67,68,69,70,73,74,76,77,79,80,82,85,86,87,88,89,90,91,93,94,95,98,99]",38,1559,0,0,4
"[0,1,2,3,4,5,6,7,8,9,10,11,12,13,14,15,16,17,18,19,20,21,22,23,24,25,26,27,28,31,32,36,38,39,41,43,45,47,49,51,52,53,55,56,57,58,59,61,62,63,64,65,67,68,69,70,73,74,76,77,79,80,82,85,86,87,88,89,90,91,93,94,95,98,99]",39,1559,23,0.0147530468248877,4
"[0,1,2,3,4,5,6,7,8,9,10,11,12,13,14,15,16,17,18,19,20,21,22,23,24,25,26,27,28,31,32,36,38,39,41,43,45,47,49,51,52,53,55,56,57,58,59,61,62,63,64,65,67,68,69,70,73,74,76,77,79,80,82,85,86,87,88,89,90,91,93,94,95,98,99]",41,1559,0,0,4
"[0,1,2,3,4,5,6,7,8,9,10,11,12,13,14,15,16,17,18,19,20,21,22,23,24,25,26,27,28,31,32,36,38,39,41,43,45,47,49,51,52,53,55,56,57,58,59,61,62,63,64,65,67,68,69,70,73,74,76,77,79,80,82,85,86,87,88,89,90,91,93,94,95,98,99]",43,1559,56,0.0359204618345093,4
"[0,1,2,3,4,5,6,7,8,9,10,11,12,13,14,15,16,17,18,19,20,21,22,23,24,25,26,27,28,31,32,36,38,39,41,43,45,47,49,51,52,53,55,56,57,58,59,61,62,63,64,65,67,68,69,70,73,74,76,77,79,80,82,85,86,87,88,89,90,91,93,94,95,98,99]",45,1559,0,0,4
"[0,1,2,3,4,5,6,7,8,9,10,11,12,13,14,15,16,17,18,19,20,21,22,23,24,25,26,27,28,31,32,36,38,39,41,43,45,47,49,51,52,53,55,56,57,58,59,61,62,63,64,65,67,68,69,70,73,74,76,77,79,80,82,85,86,87,88,89,90,91,93,94,95,98,99]",47,1559,0,0,4
"[0,1,2,3,4,5,6,7,8,9,10,11,12,13,14,15,16,17,18,19,20,21,22,23,24,25,26,27,28,31,32,36,38,39,41,43,45,47,49,51,52,53,55,56,57,58,59,61,62,63,64,65,67,68,69,70,73,74,76,77,79,80,82,85,86,87,88,89,90,91,93,94,95,98,99]",49,1559,0,0,4
"[0,1,2,3,4,5,6,7,8,9,10,11,12,13,14,15,16,17,18,19,20,21,22,23,24,25,26,27,28,31,32,36,38,39,41,43,45,47,49,51,52,53,55,56,57,58,59,61,62,63,64,65,67,68,69,70,73,74,76,77,79,80,82,85,86,87,88,89,90,91,93,94,95,98,99]",51,1559,17,0.0109044259140475,4
"[0,1,2,3,4,5,6,7,8,9,10,11,12,13,14,15,16,17,18,19,20,21,22,23,24,25,26,27,28,31,32,36,38,39,41,43,45,47,49,51,52,53,55,56,57,58,59,61,62,63,64,65,67,68,69,70,73,74,76,77,79,80,82,85,86,87,88,89,90,91,93,94,95,98,99]",52,1559,0,0,4
"[0,1,2,3,4,5,6,7,8,9,10,11,12,13,14,15,16,17,18,19,20,21,22,23,24,25,26,27,28,31,32,36,38,39,41,43,45,47,49,51,52,53,55,56,57,58,59,61,62,63,64,65,67,68,69,70,73,74,76,77,79,80,82,85,86,87,88,89,90,91,93,94,95,98,99]",53,1559,0,0,4
"[0,1,2,3,4,5,6,7,8,9,10,11,12,13,14,15,16,17,18,19,20,21,22,23,24,25,26,27,28,31,32,36,38,39,41,43,45,47,49,51,52,53,55,56,57,58,59,61,62,63,64,65,67,68,69,70,73,74,76,77,79,80,82,85,86,87,88,89,90,91,93,94,95,98,99]",55,1559,0,0,4
"[0,1,2,3,4,5,6,7,8,9,10,11,12,13,14,15,16,17,18,19,20,21,22,23,24,25,26,27,28,31,32,36,38,39,41,43,45,47,49,51,52,53,55,56,57,58,59,61,62,63,64,65,67,68,69,70,73,74,76,77,79,80,82,85,86,87,88,89,90,91,93,94,95,98,99]",56,1559,18,0.0115458627325208,4
"[0,1,2,3,4,5,6,7,8,9,10,11,12,13,14,15,16,17,18,19,20,21,22,23,24,25,26,27,28,31,32,36,38,39,41,43,45,47,49,51,52,53,55,56,57,58,59,61,62,63,64,65,67,68,69,70,73,74,76,77,79,80,82,85,86,87,88,89,90,91,93,94,95,98,99]",57,1559,0,0,4
"[0,1,2,3,4,5,6,7,8,9,10,11,12,13,14,15,16,17,18,19,20,21,22,23,24,25,26,27,28,31,32,36,38,39,41,43,45,47,49,51,52,53,55,56,57,58,59,61,62,63,64,65,67,68,69,70,73,74,76,77,79,80,82,85,86,87,88,89,90,91,93,94,95,98,99]",58,1559,0,0,4
"[0,1,2,3,4,5,6,7,8,9,10,11,12,13,14,15,16,17,18,19,20,21,22,23,24,25,26,27,28,31,32,36,38,39,41,43,45,47,49,51,52,53,55,56,57,58,59,61,62,63,64,65,67,68,69,70,73,74,76,77,79,80,82,85,86,87,88,89,90,91,93,94,95,98,99]",59,1559,0,0,4
"[0,1,2,3,4,5,6,7,8,9,10,11,12,13,14,15,16,17,18,19,20,21,22,23,24,25,26,27,28,31,32,36,38,39,41,43,45,47,49,51,52,53,55,56,57,58,59,61,62,63,64,65,67,68,69,70,73,74,76,77,79,80,82,85,86,87,88,89,90,91,93,94,95,98,99]",61,1559,0,0,4
"[0,1,2,3,4,5,6,7,8,9,10,11,12,13,14,15,16,17,18,19,20,21,22,23,24,25,26,27,28,31,32,36,38,39,41,43,45,47,49,51,52,53,55,56,57,58,59,61,62,63,64,65,67,68,69,70,73,74,76,77,79,80,82,85,86,87,88,89,90,91,93,94,95,98,99]",62,1559,0,0,4
"[0,1,2,3,4,5,6,7,8,9,10,11,12,13,14,15,16,17,18,19,20,21,22,23,24,25,26,27,28,31,32,36,38,39,41,43,45,47,49,51,52,53,55,56,57,58,59,61,62,63,64,65,67,68,69,70,73,74,76,77,79,80,82,85,86,87,88,89,90,91,93,94,95,98,99]",63,1559,246,0.157793457344452,4
"[0,1,2,3,4,5,6,7,8,9,10,11,12,13,14,15,16,17,18,19,20,21,22,23,24,25,26,27,28,31,32,36,38,39,41,43,45,47,49,51,52,53,55,56,57,58,59,61,62,63,64,65,67,68,69,70,73,74,76,77,79,80,82,85,86,87,88,89,90,91,93,94,95,98,99]",64,1559,31,0.0198845413726748,4
"[0,1,2,3,4,5,6,7,8,9,10,11,12,13,14,15,16,17,18,19,20,21,22,23,24,25,26,27,28,31,32,36,38,39,41,43,45,47,49,51,52,53,55,56,57,58,59,61,62,63,64,65,67,68,69,70,73,74,76,77,79,80,82,85,86,87,88,89,90,91,93,94,95,98,99]",65,1559,0,0,4
"[0,1,2,3,4,5,6,7,8,9,10,11,12,13,14,15,16,17,18,19,20,21,22,23,24,25,26,27,28,31,32,36,38,39,41,43,45,47,49,51,52,53,55,56,57,58,59,61,62,63,64,65,67,68,69,70,73,74,76,77,79,80,82,85,86,87,88,89,90,91,93,94,95,98,99]",67,1559,138,0.0885182809493265,4
"[0,1,2,3,4,5,6,7,8,9,10,11,12,13,14,15,16,17,18,19,20,21,22,23,24,25,26,27,28,31,32,36,38,39,41,43,45,47,49,51,52,53,55,56,57,58,59,61,62,63,64,65,67,68,69,70,73,74,76,77,79,80,82,85,86,87,88,89,90,91,93,94,95,98,99]",68,1559,0,0,4
"[0,1,2,3,4,5,6,7,8,9,10,11,12,13,14,15,16,17,18,19,20,21,22,23,24,25,26,27,28,31,32,36,38,39,41,43,45,47,49,51,52,53,55,56,57,58,59,61,62,63,64,65,67,68,69,70,73,74,76,77,79,80,82,85,86,87,88,89,90,91,93,94,95,98,99]",69,1559,17,0.0109044259140475,4
"[0,1,2,3,4,5,6,7,8,9,10,11,12,13,14,15,16,17,18,19,20,21,22,23,24,25,26,27,28,31,32,36,38,39,41,43,45,47,49,51,52,53,55,56,57,58,59,61,62,63,64,65,67,68,69,70,73,74,76,77,79,80,82,85,86,87,88,89,90,91,93,94,95,98,99]",70,1559,37,0.0237331622835151,4
"[0,1,2,3,4,5,6,7,8,9,10,11,12,13,14,15,16,17,18,19,20,21,22,23,24,25,26,27,28,31,32,36,38,39,41,43,45,47,49,51,52,53,55,56,57,58,59,61,62,63,64,65,67,68,69,70,73,74,76,77,79,80,82,85,86,87,88,89,90,91,93,94,95,98,99]",73,1559,0,0,4
"[0,1,2,3,4,5,6,7,8,9,10,11,12,13,14,15,16,17,18,19,20,21,22,23,24,25,26,27,28,31,32,36,38,39,41,43,45,47,49,51,52,53,55,56,57,58,59,61,62,63,64,65,67,68,69,70,73,74,76,77,79,80,82,85,86,87,88,89,90,91,93,94,95,98,99]",74,1559,0,0,4
"[0,1,2,3,4,5,6,7,8,9,10,11,12,13,14,15,16,17,18,19,20,21,22,23,24,25,26,27,28,31,32,36,38,39,41,43,45,47,49,51,52,53,55,56,57,58,59,61,62,63,64,65,67,68,69,70,73,74,76,77,79,80,82,85,86,87,88,89,90,91,93,94,95,98,99]",76,1559,0,0,4
"[0,1,2,3,4,5,6,7,8,9,10,11,12,13,14,15,16,17,18,19,20,21,22,23,24,25,26,27,28,31,32,36,38,39,41,43,45,47,49,51,52,53,55,56,57,58,59,61,62,63,64,65,67,68,69,70,73,74,76,77,79,80,82,85,86,87,88,89,90,91,93,94,95,98,99]",77,1559,0,0,4
"[0,1,2,3,4,5,6,7,8,9,10,11,12,13,14,15,16,17,18,19,20,21,22,23,24,25,26,27,28,31,32,36,38,39,41,43,45,47,49,51,52,53,55,56,57,58,59,61,62,63,64,65,67,68,69,70,73,74,76,77,79,80,82,85,86,87,88,89,90,91,93,94,95,98,99]",79,1559,0,0,4
"[0,1,2,3,4,5,6,7,8,9,10,11,12,13,14,15,16,17,18,19,20,21,22,23,24,25,26,27,28,31,32,36,38,39,41,43,45,47,49,51,52,53,55,56,57,58,59,61,62,63,64,65,67,68,69,70,73,74,76,77,79,80,82,85,86,87,88,89,90,91,93,94,95,98,99]",80,1559,0,0,4
"[0,1,2,3,4,5,6,7,8,9,10,11,12,13,14,15,16,17,18,19,20,21,22,23,24,25,26,27,28,31,32,36,38,39,41,43,45,47,49,51,52,53,55,56,57,58,59,61,62,63,64,65,67,68,69,70,73,74,76,77,79,80,82,85,86,87,88,89,90,91,93,94,95,98,99]",82,1559,0,0,4
"[0,1,2,3,4,5,6,7,8,9,10,11,12,13,14,15,16,17,18,19,20,21,22,23,24,25,26,27,28,31,32,36,38,39,41,43,45,47,49,51,52,53,55,56,57,58,59,61,62,63,64,65,67,68,69,70,73,74,76,77,79,80,82,85,86,87,88,89,90,91,93,94,95,98,99]",85,1559,440,0.282232200128287,4
"[0,1,2,3,4,5,6,7,8,9,10,11,12,13,14,15,16,17,18,19,20,21,22,23,24,25,26,27,28,31,32,36,38,39,41,43,45,47,49,51,52,53,55,56,57,58,59,61,62,63,64,65,67,68,69,70,73,74,76,77,79,80,82,85,86,87,88,89,90,91,93,94,95,98,99]",86,1559,0,0,4
"[0,1,2,3,4,5,6,7,8,9,10,11,12,13,14,15,16,17,18,19,20,21,22,23,24,25,26,27,28,31,32,36,38,39,41,43,45,47,49,51,52,53,55,56,57,58,59,61,62,63,64,65,67,68,69,70,73,74,76,77,79,80,82,85,86,87,88,89,90,91,93,94,95,98,99]",87,1559,22,0.0141116100064144,4
"[0,1,2,3,4,5,6,7,8,9,10,11,12,13,14,15,16,17,18,19,20,21,22,23,24,25,26,27,28,31,32,36,38,39,41,43,45,47,49,51,52,53,55,56,57,58,59,61,62,63,64,65,67,68,69,70,73,74,76,77,79,80,82,85,86,87,88,89,90,91,93,94,95,98,99]",88,1559,17,0.0109044259140475,4
"[0,1,2,3,4,5,6,7,8,9,10,11,12,13,14,15,16,17,18,19,20,21,22,23,24,25,26,27,28,31,32,36,38,39,41,43,45,47,49,51,52,53,55,56,57,58,59,61,62,63,64,65,67,68,69,70,73,74,76,77,79,80,82,85,86,87,88,89,90,91,93,94,95,98,99]",89,1559,0,0,4
"[0,1,2,3,4,5,6,7,8,9,10,11,12,13,14,15,16,17,18,19,20,21,22,23,24,25,26,27,28,31,32,36,38,39,41,43,45,47,49,51,52,53,55,56,57,58,59,61,62,63,64,65,67,68,69,70,73,74,76,77,79,80,82,85,86,87,88,89,90,91,93,94,95,98,99]",90,1559,7,0.00449005772931366,4
"[0,1,2,3,4,5,6,7,8,9,10,11,12,13,14,15,16,17,18,19,20,21,22,23,24,25,26,27,28,31,32,36,38,39,41,43,45,47,49,51,52,53,55,56,57,58,59,61,62,63,64,65,67,68,69,70,73,74,76,77,79,80,82,85,86,87,88,89,90,91,93,94,95,98,99]",91,1559,0,0,4
"[0,1,2,3,4,5,6,7,8,9,10,11,12,13,14,15,16,17,18,19,20,21,22,23,24,25,26,27,28,31,32,36,38,39,41,43,45,47,49,51,52,53,55,56,57,58,59,61,62,63,64,65,67,68,69,70,73,74,76,77,79,80,82,85,86,87,88,89,90,91,93,94,95,98,99]",93,1559,27,0.0173187940987813,4
"[0,1,2,3,4,5,6,7,8,9,10,11,12,13,14,15,16,17,18,19,20,21,22,23,24,25,26,27,28,31,32,36,38,39,41,43,45,47,49,51,52,53,55,56,57,58,59,61,62,63,64,65,67,68,69,70,73,74,76,77,79,80,82,85,86,87,88,89,90,91,93,94,95,98,99]",94,1559,15,0.00962155227710071,4
"[0,1,2,3,4,5,6,7,8,9,10,11,12,13,14,15,16,17,18,19,20,21,22,23,24,25,26,27,28,31,32,36,38,39,41,43,45,47,49,51,52,53,55,56,57,58,59,61,62,63,64,65,67,68,69,70,73,74,76,77,79,80,82,85,86,87,88,89,90,91,93,94,95,98,99]",95,1559,0,0,4
"[0,1,2,3,4,5,6,7,8,9,10,11,12,13,14,15,16,17,18,19,20,21,22,23,24,25,26,27,28,31,32,36,38,39,41,43,45,47,49,51,52,53,55,56,57,58,59,61,62,63,64,65,67,68,69,70,73,74,76,77,79,80,82,85,86,87,88,89,90,91,93,94,95,98,99]",98,1559,0,0,4
"[0,1,2,3,4,5,6,7,8,9,10,11,12,13,14,15,16,17,18,19,20,21,22,23,24,25,26,27,28,31,32,36,38,39,41,43,45,47,49,51,52,53,55,56,57,58,59,61,62,63,64,65,67,68,69,70,73,74,76,77,79,80,82,85,86,87,88,89,90,91,93,94,95,98,99]",99,1559,4,0.00256574727389352,4
"[0,1,2,3,4,5,6,7,8,9,10,11,12,13,14,15,16,17,18,19,20,21,22,23,24,25,26,27,28,31,32,36,38,39,41,43,45,47,49,51,52,53,55,56,57,58,59,61,62,63,64,65,67,68,69,70,73,74,76,77,79,80,82,85,86,87,88,89,90,91,93,94,95,98]",0,2336,52,0.0222602739726027,4
"[0,1,2,3,4,5,6,7,8,9,10,11,12,13,14,15,16,17,18,19,20,21,22,23,24,25,26,27,28,31,32,36,38,39,41,43,45,47,49,51,52,53,55,56,57,58,59,61,62,63,64,65,67,68,69,70,73,74,76,77,79,80,82,85,86,87,88,89,90,91,93,94,95,98]",1,2336,53,0.0226883561643836,4
"[0,1,2,3,4,5,6,7,8,9,10,11,12,13,14,15,16,17,18,19,20,21,22,23,24,25,26,27,28,31,32,36,38,39,41,43,45,47,49,51,52,53,55,56,57,58,59,61,62,63,64,65,67,68,69,70,73,74,76,77,79,80,82,85,86,87,88,89,90,91,93,94,95,98]",2,2336,0,0,4
"[0,1,2,3,4,5,6,7,8,9,10,11,12,13,14,15,16,17,18,19,20,21,22,23,24,25,26,27,28,31,32,36,38,39,41,43,45,47,49,51,52,53,55,56,57,58,59,61,62,63,64,65,67,68,69,70,73,74,76,77,79,80,82,85,86,87,88,89,90,91,93,94,95,98]",3,2336,0,0,4
"[0,1,2,3,4,5,6,7,8,9,10,11,12,13,14,15,16,17,18,19,20,21,22,23,24,25,26,27,28,31,32,36,38,39,41,43,45,47,49,51,52,53,55,56,57,58,59,61,62,63,64,65,67,68,69,70,73,74,76,77,79,80,82,85,86,87,88,89,90,91,93,94,95,98]",4,2336,20,0.00856164383561644,4
"[0,1,2,3,4,5,6,7,8,9,10,11,12,13,14,15,16,17,18,19,20,21,22,23,24,25,26,27,28,31,32,36,38,39,41,43,45,47,49,51,52,53,55,56,57,58,59,61,62,63,64,65,67,68,69,70,73,74,76,77,79,80,82,85,86,87,88,89,90,91,93,94,95,98]",5,2336,330,0.141267123287671,4
"[0,1,2,3,4,5,6,7,8,9,10,11,12,13,14,15,16,17,18,19,20,21,22,23,24,25,26,27,28,31,32,36,38,39,41,43,45,47,49,51,52,53,55,56,57,58,59,61,62,63,64,65,67,68,69,70,73,74,76,77,79,80,82,85,86,87,88,89,90,91,93,94,95,98]",6,2336,0,0,4
"[0,1,2,3,4,5,6,7,8,9,10,11,12,13,14,15,16,17,18,19,20,21,22,23,24,25,26,27,28,31,32,36,38,39,41,43,45,47,49,51,52,53,55,56,57,58,59,61,62,63,64,65,67,68,69,70,73,74,76,77,79,80,82,85,86,87,88,89,90,91,93,94,95,98]",7,2336,37,0.0158390410958904,4
"[0,1,2,3,4,5,6,7,8,9,10,11,12,13,14,15,16,17,18,19,20,21,22,23,24,25,26,27,28,31,32,36,38,39,41,43,45,47,49,51,52,53,55,56,57,58,59,61,62,63,64,65,67,68,69,70,73,74,76,77,79,80,82,85,86,87,88,89,90,91,93,94,95,98]",8,2336,0,0,4
"[0,1,2,3,4,5,6,7,8,9,10,11,12,13,14,15,16,17,18,19,20,21,22,23,24,25,26,27,28,31,32,36,38,39,41,43,45,47,49,51,52,53,55,56,57,58,59,61,62,63,64,65,67,68,69,70,73,74,76,77,79,80,82,85,86,87,88,89,90,91,93,94,95,98]",9,2336,0,0,4
"[0,1,2,3,4,5,6,7,8,9,10,11,12,13,14,15,16,17,18,19,20,21,22,23,24,25,26,27,28,31,32,36,38,39,41,43,45,47,49,51,52,53,55,56,57,58,59,61,62,63,64,65,67,68,69,70,73,74,76,77,79,80,82,85,86,87,88,89,90,91,93,94,95,98]",10,2336,0,0,4
"[0,1,2,3,4,5,6,7,8,9,10,11,12,13,14,15,16,17,18,19,20,21,22,23,24,25,26,27,28,31,32,36,38,39,41,43,45,47,49,51,52,53,55,56,57,58,59,61,62,63,64,65,67,68,69,70,73,74,76,77,79,80,82,85,86,87,88,89,90,91,93,94,95,98]",11,2336,0,0,4
"[0,1,2,3,4,5,6,7,8,9,10,11,12,13,14,15,16,17,18,19,20,21,22,23,24,25,26,27,28,31,32,36,38,39,41,43,45,47,49,51,52,53,55,56,57,58,59,61,62,63,64,65,67,68,69,70,73,74,76,77,79,80,82,85,86,87,88,89,90,91,93,94,95,98]",12,2336,0,0,4
"[0,1,2,3,4,5,6,7,8,9,10,11,12,13,14,15,16,17,18,19,20,21,22,23,24,25,26,27,28,31,32,36,38,39,41,43,45,47,49,51,52,53,55,56,57,58,59,61,62,63,64,65,67,68,69,70,73,74,76,77,79,80,82,85,86,87,88,89,90,91,93,94,95,98]",13,2336,0,0,4
"[0,1,2,3,4,5,6,7,8,9,10,11,12,13,14,15,16,17,18,19,20,21,22,23,24,25,26,27,28,31,32,36,38,39,41,43,45,47,49,51,52,53,55,56,57,58,59,61,62,63,64,65,67,68,69,70,73,74,76,77,79,80,82,85,86,87,88,89,90,91,93,94,95,98]",14,2336,0,0,4
"[0,1,2,3,4,5,6,7,8,9,10,11,12,13,14,15,16,17,18,19,20,21,22,23,24,25,26,27,28,31,32,36,38,39,41,43,45,47,49,51,52,53,55,56,57,58,59,61,62,63,64,65,67,68,69,70,73,74,76,77,79,80,82,85,86,87,88,89,90,91,93,94,95,98]",15,2336,0,0,4
"[0,1,2,3,4,5,6,7,8,9,10,11,12,13,14,15,16,17,18,19,20,21,22,23,24,25,26,27,28,31,32,36,38,39,41,43,45,47,49,51,52,53,55,56,57,58,59,61,62,63,64,65,67,68,69,70,73,74,76,77,79,80,82,85,86,87,88,89,90,91,93,94,95,98]",16,2336,0,0,4
"[0,1,2,3,4,5,6,7,8,9,10,11,12,13,14,15,16,17,18,19,20,21,22,23,24,25,26,27,28,31,32,36,38,39,41,43,45,47,49,51,52,53,55,56,57,58,59,61,62,63,64,65,67,68,69,70,73,74,76,77,79,80,82,85,86,87,88,89,90,91,93,94,95,98]",17,2336,0,0,4
"[0,1,2,3,4,5,6,7,8,9,10,11,12,13,14,15,16,17,18,19,20,21,22,23,24,25,26,27,28,31,32,36,38,39,41,43,45,47,49,51,52,53,55,56,57,58,59,61,62,63,64,65,67,68,69,70,73,74,76,77,79,80,82,85,86,87,88,89,90,91,93,94,95,98]",18,2336,0,0,4
"[0,1,2,3,4,5,6,7,8,9,10,11,12,13,14,15,16,17,18,19,20,21,22,23,24,25,26,27,28,31,32,36,38,39,41,43,45,47,49,51,52,53,55,56,57,58,59,61,62,63,64,65,67,68,69,70,73,74,76,77,79,80,82,85,86,87,88,89,90,91,93,94,95,98]",19,2336,0,0,4
"[0,1,2,3,4,5,6,7,8,9,10,11,12,13,14,15,16,17,18,19,20,21,22,23,24,25,26,27,28,31,32,36,38,39,41,43,45,47,49,51,52,53,55,56,57,58,59,61,62,63,64,65,67,68,69,70,73,74,76,77,79,80,82,85,86,87,88,89,90,91,93,94,95,98]",20,2336,0,0,4
"[0,1,2,3,4,5,6,7,8,9,10,11,12,13,14,15,16,17,18,19,20,21,22,23,24,25,26,27,28,31,32,36,38,39,41,43,45,47,49,51,52,53,55,56,57,58,59,61,62,63,64,65,67,68,69,70,73,74,76,77,79,80,82,85,86,87,88,89,90,91,93,94,95,98]",21,2336,151,0.0646404109589041,4
"[0,1,2,3,4,5,6,7,8,9,10,11,12,13,14,15,16,17,18,19,20,21,22,23,24,25,26,27,28,31,32,36,38,39,41,43,45,47,49,51,52,53,55,56,57,58,59,61,62,63,64,65,67,68,69,70,73,74,76,77,79,80,82,85,86,87,88,89,90,91,93,94,95,98]",22,2336,0,0,4
"[0,1,2,3,4,5,6,7,8,9,10,11,12,13,14,15,16,17,18,19,20,21,22,23,24,25,26,27,28,31,32,36,38,39,41,43,45,47,49,51,52,53,55,56,57,58,59,61,62,63,64,65,67,68,69,70,73,74,76,77,79,80,82,85,86,87,88,89,90,91,93,94,95,98]",23,2336,7,0.00299657534246575,4
"[0,1,2,3,4,5,6,7,8,9,10,11,12,13,14,15,16,17,18,19,20,21,22,23,24,25,26,27,28,31,32,36,38,39,41,43,45,47,49,51,52,53,55,56,57,58,59,61,62,63,64,65,67,68,69,70,73,74,76,77,79,80,82,85,86,87,88,89,90,91,93,94,95,98]",24,2336,0,0,4
"[0,1,2,3,4,5,6,7,8,9,10,11,12,13,14,15,16,17,18,19,20,21,22,23,24,25,26,27,28,31,32,36,38,39,41,43,45,47,49,51,52,53,55,56,57,58,59,61,62,63,64,65,67,68,69,70,73,74,76,77,79,80,82,85,86,87,88,89,90,91,93,94,95,98]",25,2336,0,0,4
"[0,1,2,3,4,5,6,7,8,9,10,11,12,13,14,15,16,17,18,19,20,21,22,23,24,25,26,27,28,31,32,36,38,39,41,43,45,47,49,51,52,53,55,56,57,58,59,61,62,63,64,65,67,68,69,70,73,74,76,77,79,80,82,85,86,87,88,89,90,91,93,94,95,98]",26,2336,1,0.000428082191780822,4
"[0,1,2,3,4,5,6,7,8,9,10,11,12,13,14,15,16,17,18,19,20,21,22,23,24,25,26,27,28,31,32,36,38,39,41,43,45,47,49,51,52,53,55,56,57,58,59,61,62,63,64,65,67,68,69,70,73,74,76,77,79,80,82,85,86,87,88,89,90,91,93,94,95,98]",27,2336,4,0.00171232876712329,4
"[0,1,2,3,4,5,6,7,8,9,10,11,12,13,14,15,16,17,18,19,20,21,22,23,24,25,26,27,28,31,32,36,38,39,41,43,45,47,49,51,52,53,55,56,57,58,59,61,62,63,64,65,67,68,69,70,73,74,76,77,79,80,82,85,86,87,88,89,90,91,93,94,95,98]",28,2336,0,0,4
"[0,1,2,3,4,5,6,7,8,9,10,11,12,13,14,15,16,17,18,19,20,21,22,23,24,25,26,27,28,31,32,36,38,39,41,43,45,47,49,51,52,53,55,56,57,58,59,61,62,63,64,65,67,68,69,70,73,74,76,77,79,80,82,85,86,87,88,89,90,91,93,94,95,98]",31,2336,115,0.0492294520547945,4
"[0,1,2,3,4,5,6,7,8,9,10,11,12,13,14,15,16,17,18,19,20,21,22,23,24,25,26,27,28,31,32,36,38,39,41,43,45,47,49,51,52,53,55,56,57,58,59,61,62,63,64,65,67,68,69,70,73,74,76,77,79,80,82,85,86,87,88,89,90,91,93,94,95,98]",32,2336,0,0,4
"[0,1,2,3,4,5,6,7,8,9,10,11,12,13,14,15,16,17,18,19,20,21,22,23,24,25,26,27,28,31,32,36,38,39,41,43,45,47,49,51,52,53,55,56,57,58,59,61,62,63,64,65,67,68,69,70,73,74,76,77,79,80,82,85,86,87,88,89,90,91,93,94,95,98]",36,2336,0,0,4
"[0,1,2,3,4,5,6,7,8,9,10,11,12,13,14,15,16,17,18,19,20,21,22,23,24,25,26,27,28,31,32,36,38,39,41,43,45,47,49,51,52,53,55,56,57,58,59,61,62,63,64,65,67,68,69,70,73,74,76,77,79,80,82,85,86,87,88,89,90,91,93,94,95,98]",38,2336,0,0,4
"[0,1,2,3,4,5,6,7,8,9,10,11,12,13,14,15,16,17,18,19,20,21,22,23,24,25,26,27,28,31,32,36,38,39,41,43,45,47,49,51,52,53,55,56,57,58,59,61,62,63,64,65,67,68,69,70,73,74,76,77,79,80,82,85,86,87,88,89,90,91,93,94,95,98]",39,2336,35,0.0149828767123288,4
"[0,1,2,3,4,5,6,7,8,9,10,11,12,13,14,15,16,17,18,19,20,21,22,23,24,25,26,27,28,31,32,36,38,39,41,43,45,47,49,51,52,53,55,56,57,58,59,61,62,63,64,65,67,68,69,70,73,74,76,77,79,80,82,85,86,87,88,89,90,91,93,94,95,98]",41,2336,0,0,4
"[0,1,2,3,4,5,6,7,8,9,10,11,12,13,14,15,16,17,18,19,20,21,22,23,24,25,26,27,28,31,32,36,38,39,41,43,45,47,49,51,52,53,55,56,57,58,59,61,62,63,64,65,67,68,69,70,73,74,76,77,79,80,82,85,86,87,88,89,90,91,93,94,95,98]",43,2336,38,0.0162671232876712,4
"[0,1,2,3,4,5,6,7,8,9,10,11,12,13,14,15,16,17,18,19,20,21,22,23,24,25,26,27,28,31,32,36,38,39,41,43,45,47,49,51,52,53,55,56,57,58,59,61,62,63,64,65,67,68,69,70,73,74,76,77,79,80,82,85,86,87,88,89,90,91,93,94,95,98]",45,2336,1,0.000428082191780822,4
"[0,1,2,3,4,5,6,7,8,9,10,11,12,13,14,15,16,17,18,19,20,21,22,23,24,25,26,27,28,31,32,36,38,39,41,43,45,47,49,51,52,53,55,56,57,58,59,61,62,63,64,65,67,68,69,70,73,74,76,77,79,80,82,85,86,87,88,89,90,91,93,94,95,98]",47,2336,0,0,4
"[0,1,2,3,4,5,6,7,8,9,10,11,12,13,14,15,16,17,18,19,20,21,22,23,24,25,26,27,28,31,32,36,38,39,41,43,45,47,49,51,52,53,55,56,57,58,59,61,62,63,64,65,67,68,69,70,73,74,76,77,79,80,82,85,86,87,88,89,90,91,93,94,95,98]",49,2336,0,0,4
"[0,1,2,3,4,5,6,7,8,9,10,11,12,13,14,15,16,17,18,19,20,21,22,23,24,25,26,27,28,31,32,36,38,39,41,43,45,47,49,51,52,53,55,56,57,58,59,61,62,63,64,65,67,68,69,70,73,74,76,77,79,80,82,85,86,87,88,89,90,91,93,94,95,98]",51,2336,24,0.0102739726027397,4
"[0,1,2,3,4,5,6,7,8,9,10,11,12,13,14,15,16,17,18,19,20,21,22,23,24,25,26,27,28,31,32,36,38,39,41,43,45,47,49,51,52,53,55,56,57,58,59,61,62,63,64,65,67,68,69,70,73,74,76,77,79,80,82,85,86,87,88,89,90,91,93,94,95,98]",52,2336,10,0.00428082191780822,4
"[0,1,2,3,4,5,6,7,8,9,10,11,12,13,14,15,16,17,18,19,20,21,22,23,24,25,26,27,28,31,32,36,38,39,41,43,45,47,49,51,52,53,55,56,57,58,59,61,62,63,64,65,67,68,69,70,73,74,76,77,79,80,82,85,86,87,88,89,90,91,93,94,95,98]",53,2336,0,0,4
"[0,1,2,3,4,5,6,7,8,9,10,11,12,13,14,15,16,17,18,19,20,21,22,23,24,25,26,27,28,31,32,36,38,39,41,43,45,47,49,51,52,53,55,56,57,58,59,61,62,63,64,65,67,68,69,70,73,74,76,77,79,80,82,85,86,87,88,89,90,91,93,94,95,98]",55,2336,0,0,4
"[0,1,2,3,4,5,6,7,8,9,10,11,12,13,14,15,16,17,18,19,20,21,22,23,24,25,26,27,28,31,32,36,38,39,41,43,45,47,49,51,52,53,55,56,57,58,59,61,62,63,64,65,67,68,69,70,73,74,76,77,79,80,82,85,86,87,88,89,90,91,93,94,95,98]",56,2336,8,0.00342465753424658,4
"[0,1,2,3,4,5,6,7,8,9,10,11,12,13,14,15,16,17,18,19,20,21,22,23,24,25,26,27,28,31,32,36,38,39,41,43,45,47,49,51,52,53,55,56,57,58,59,61,62,63,64,65,67,68,69,70,73,74,76,77,79,80,82,85,86,87,88,89,90,91,93,94,95,98]",57,2336,0,0,4
"[0,1,2,3,4,5,6,7,8,9,10,11,12,13,14,15,16,17,18,19,20,21,22,23,24,25,26,27,28,31,32,36,38,39,41,43,45,47,49,51,52,53,55,56,57,58,59,61,62,63,64,65,67,68,69,70,73,74,76,77,79,80,82,85,86,87,88,89,90,91,93,94,95,98]",58,2336,0,0,4
"[0,1,2,3,4,5,6,7,8,9,10,11,12,13,14,15,16,17,18,19,20,21,22,23,24,25,26,27,28,31,32,36,38,39,41,43,45,47,49,51,52,53,55,56,57,58,59,61,62,63,64,65,67,68,69,70,73,74,76,77,79,80,82,85,86,87,88,89,90,91,93,94,95,98]",59,2336,0,0,4
"[0,1,2,3,4,5,6,7,8,9,10,11,12,13,14,15,16,17,18,19,20,21,22,23,24,25,26,27,28,31,32,36,38,39,41,43,45,47,49,51,52,53,55,56,57,58,59,61,62,63,64,65,67,68,69,70,73,74,76,77,79,80,82,85,86,87,88,89,90,91,93,94,95,98]",61,2336,0,0,4
"[0,1,2,3,4,5,6,7,8,9,10,11,12,13,14,15,16,17,18,19,20,21,22,23,24,25,26,27,28,31,32,36,38,39,41,43,45,47,49,51,52,53,55,56,57,58,59,61,62,63,64,65,67,68,69,70,73,74,76,77,79,80,82,85,86,87,88,89,90,91,93,94,95,98]",62,2336,0,0,4
"[0,1,2,3,4,5,6,7,8,9,10,11,12,13,14,15,16,17,18,19,20,21,22,23,24,25,26,27,28,31,32,36,38,39,41,43,45,47,49,51,52,53,55,56,57,58,59,61,62,63,64,65,67,68,69,70,73,74,76,77,79,80,82,85,86,87,88,89,90,91,93,94,95,98]",63,2336,343,0.146832191780822,4
"[0,1,2,3,4,5,6,7,8,9,10,11,12,13,14,15,16,17,18,19,20,21,22,23,24,25,26,27,28,31,32,36,38,39,41,43,45,47,49,51,52,53,55,56,57,58,59,61,62,63,64,65,67,68,69,70,73,74,76,77,79,80,82,85,86,87,88,89,90,91,93,94,95,98]",64,2336,65,0.0278253424657534,4
"[0,1,2,3,4,5,6,7,8,9,10,11,12,13,14,15,16,17,18,19,20,21,22,23,24,25,26,27,28,31,32,36,38,39,41,43,45,47,49,51,52,53,55,56,57,58,59,61,62,63,64,65,67,68,69,70,73,74,76,77,79,80,82,85,86,87,88,89,90,91,93,94,95,98]",65,2336,0,0,4
"[0,1,2,3,4,5,6,7,8,9,10,11,12,13,14,15,16,17,18,19,20,21,22,23,24,25,26,27,28,31,32,36,38,39,41,43,45,47,49,51,52,53,55,56,57,58,59,61,62,63,64,65,67,68,69,70,73,74,76,77,79,80,82,85,86,87,88,89,90,91,93,94,95,98]",67,2336,417,0.178510273972603,4
"[0,1,2,3,4,5,6,7,8,9,10,11,12,13,14,15,16,17,18,19,20,21,22,23,24,25,26,27,28,31,32,36,38,39,41,43,45,47,49,51,52,53,55,56,57,58,59,61,62,63,64,65,67,68,69,70,73,74,76,77,79,80,82,85,86,87,88,89,90,91,93,94,95,98]",68,2336,0,0,4
"[0,1,2,3,4,5,6,7,8,9,10,11,12,13,14,15,16,17,18,19,20,21,22,23,24,25,26,27,28,31,32,36,38,39,41,43,45,47,49,51,52,53,55,56,57,58,59,61,62,63,64,65,67,68,69,70,73,74,76,77,79,80,82,85,86,87,88,89,90,91,93,94,95,98]",69,2336,19,0.00813356164383562,4
"[0,1,2,3,4,5,6,7,8,9,10,11,12,13,14,15,16,17,18,19,20,21,22,23,24,25,26,27,28,31,32,36,38,39,41,43,45,47,49,51,52,53,55,56,57,58,59,61,62,63,64,65,67,68,69,70,73,74,76,77,79,80,82,85,86,87,88,89,90,91,93,94,95,98]",70,2336,103,0.0440924657534247,4
"[0,1,2,3,4,5,6,7,8,9,10,11,12,13,14,15,16,17,18,19,20,21,22,23,24,25,26,27,28,31,32,36,38,39,41,43,45,47,49,51,52,53,55,56,57,58,59,61,62,63,64,65,67,68,69,70,73,74,76,77,79,80,82,85,86,87,88,89,90,91,93,94,95,98]",73,2336,0,0,4
"[0,1,2,3,4,5,6,7,8,9,10,11,12,13,14,15,16,17,18,19,20,21,22,23,24,25,26,27,28,31,32,36,38,39,41,43,45,47,49,51,52,53,55,56,57,58,59,61,62,63,64,65,67,68,69,70,73,74,76,77,79,80,82,85,86,87,88,89,90,91,93,94,95,98]",74,2336,0,0,4
"[0,1,2,3,4,5,6,7,8,9,10,11,12,13,14,15,16,17,18,19,20,21,22,23,24,25,26,27,28,31,32,36,38,39,41,43,45,47,49,51,52,53,55,56,57,58,59,61,62,63,64,65,67,68,69,70,73,74,76,77,79,80,82,85,86,87,88,89,90,91,93,94,95,98]",76,2336,4,0.00171232876712329,4
"[0,1,2,3,4,5,6,7,8,9,10,11,12,13,14,15,16,17,18,19,20,21,22,23,24,25,26,27,28,31,32,36,38,39,41,43,45,47,49,51,52,53,55,56,57,58,59,61,62,63,64,65,67,68,69,70,73,74,76,77,79,80,82,85,86,87,88,89,90,91,93,94,95,98]",77,2336,0,0,4
"[0,1,2,3,4,5,6,7,8,9,10,11,12,13,14,15,16,17,18,19,20,21,22,23,24,25,26,27,28,31,32,36,38,39,41,43,45,47,49,51,52,53,55,56,57,58,59,61,62,63,64,65,67,68,69,70,73,74,76,77,79,80,82,85,86,87,88,89,90,91,93,94,95,98]",79,2336,0,0,4
"[0,1,2,3,4,5,6,7,8,9,10,11,12,13,14,15,16,17,18,19,20,21,22,23,24,25,26,27,28,31,32,36,38,39,41,43,45,47,49,51,52,53,55,56,57,58,59,61,62,63,64,65,67,68,69,70,73,74,76,77,79,80,82,85,86,87,88,89,90,91,93,94,95,98]",80,2336,0,0,4
"[0,1,2,3,4,5,6,7,8,9,10,11,12,13,14,15,16,17,18,19,20,21,22,23,24,25,26,27,28,31,32,36,38,39,41,43,45,47,49,51,52,53,55,56,57,58,59,61,62,63,64,65,67,68,69,70,73,74,76,77,79,80,82,85,86,87,88,89,90,91,93,94,95,98]",82,2336,2,0.000856164383561644,4
"[0,1,2,3,4,5,6,7,8,9,10,11,12,13,14,15,16,17,18,19,20,21,22,23,24,25,26,27,28,31,32,36,38,39,41,43,45,47,49,51,52,53,55,56,57,58,59,61,62,63,64,65,67,68,69,70,73,74,76,77,79,80,82,85,86,87,88,89,90,91,93,94,95,98]",85,2336,400,0.171232876712329,4
"[0,1,2,3,4,5,6,7,8,9,10,11,12,13,14,15,16,17,18,19,20,21,22,23,24,25,26,27,28,31,32,36,38,39,41,43,45,47,49,51,52,53,55,56,57,58,59,61,62,63,64,65,67,68,69,70,73,74,76,77,79,80,82,85,86,87,88,89,90,91,93,94,95,98]",86,2336,0,0,4
"[0,1,2,3,4,5,6,7,8,9,10,11,12,13,14,15,16,17,18,19,20,21,22,23,24,25,26,27,28,31,32,36,38,39,41,43,45,47,49,51,52,53,55,56,57,58,59,61,62,63,64,65,67,68,69,70,73,74,76,77,79,80,82,85,86,87,88,89,90,91,93,94,95,98]",87,2336,16,0.00684931506849315,4
"[0,1,2,3,4,5,6,7,8,9,10,11,12,13,14,15,16,17,18,19,20,21,22,23,24,25,26,27,28,31,32,36,38,39,41,43,45,47,49,51,52,53,55,56,57,58,59,61,62,63,64,65,67,68,69,70,73,74,76,77,79,80,82,85,86,87,88,89,90,91,93,94,95,98]",88,2336,11,0.00470890410958904,4
"[0,1,2,3,4,5,6,7,8,9,10,11,12,13,14,15,16,17,18,19,20,21,22,23,24,25,26,27,28,31,32,36,38,39,41,43,45,47,49,51,52,53,55,56,57,58,59,61,62,63,64,65,67,68,69,70,73,74,76,77,79,80,82,85,86,87,88,89,90,91,93,94,95,98]",89,2336,0,0,4
"[0,1,2,3,4,5,6,7,8,9,10,11,12,13,14,15,16,17,18,19,20,21,22,23,24,25,26,27,28,31,32,36,38,39,41,43,45,47,49,51,52,53,55,56,57,58,59,61,62,63,64,65,67,68,69,70,73,74,76,77,79,80,82,85,86,87,88,89,90,91,93,94,95,98]",90,2336,9,0.0038527397260274,4
"[0,1,2,3,4,5,6,7,8,9,10,11,12,13,14,15,16,17,18,19,20,21,22,23,24,25,26,27,28,31,32,36,38,39,41,43,45,47,49,51,52,53,55,56,57,58,59,61,62,63,64,65,67,68,69,70,73,74,76,77,79,80,82,85,86,87,88,89,90,91,93,94,95,98]",91,2336,0,0,4
"[0,1,2,3,4,5,6,7,8,9,10,11,12,13,14,15,16,17,18,19,20,21,22,23,24,25,26,27,28,31,32,36,38,39,41,43,45,47,49,51,52,53,55,56,57,58,59,61,62,63,64,65,67,68,69,70,73,74,76,77,79,80,82,85,86,87,88,89,90,91,93,94,95,98]",93,2336,21,0.00898972602739726,4
"[0,1,2,3,4,5,6,7,8,9,10,11,12,13,14,15,16,17,18,19,20,21,22,23,24,25,26,27,28,31,32,36,38,39,41,43,45,47,49,51,52,53,55,56,57,58,59,61,62,63,64,65,67,68,69,70,73,74,76,77,79,80,82,85,86,87,88,89,90,91,93,94,95,98]",94,2336,40,0.0171232876712329,4
"[0,1,2,3,4,5,6,7,8,9,10,11,12,13,14,15,16,17,18,19,20,21,22,23,24,25,26,27,28,31,32,36,38,39,41,43,45,47,49,51,52,53,55,56,57,58,59,61,62,63,64,65,67,68,69,70,73,74,76,77,79,80,82,85,86,87,88,89,90,91,93,94,95,98]",95,2336,0,0,4
"[0,1,2,3,4,5,6,7,8,9,10,11,12,13,14,15,16,17,18,19,20,21,22,23,24,25,26,27,28,31,32,36,38,39,41,43,45,47,49,51,52,53,55,56,57,58,59,61,62,63,64,65,67,68,69,70,73,74,76,77,79,80,82,85,86,87,88,89,90,91,93,94,95,98]",98,2336,0,0,4
"[0,1,2,3,4,5,6,7,8,9,10,11,12,13,14,15,16,17,18,19,20,21,22,23,24,25,26,28,29,30,31,32,33,34,35,36,37,38,39,41,43,45,47,49,51,52,53,55,56,57,58,59,61,62,65,71,74,75,77,78,79,81,91,98]",0,1048,47,0.0448473282442748,2
"[0,1,2,3,4,5,6,7,8,9,10,11,12,13,14,15,16,17,18,19,20,21,22,23,24,25,26,28,29,30,31,32,33,34,35,36,37,38,39,41,43,45,47,49,51,52,53,55,56,57,58,59,61,62,65,71,74,75,77,78,79,81,91,98]",1,1048,57,0.0543893129770992,2
"[0,1,2,3,4,5,6,7,8,9,10,11,12,13,14,15,16,17,18,19,20,21,22,23,24,25,26,28,29,30,31,32,33,34,35,36,37,38,39,41,43,45,47,49,51,52,53,55,56,57,58,59,61,62,65,71,74,75,77,78,79,81,91,98]",2,1048,213,0.20324427480916,2
"[0,1,2,3,4,5,6,7,8,9,10,11,12,13,14,15,16,17,18,19,20,21,22,23,24,25,26,28,29,30,31,32,33,34,35,36,37,38,39,41,43,45,47,49,51,52,53,55,56,57,58,59,61,62,65,71,74,75,77,78,79,81,91,98]",3,1048,0,0,2
"[0,1,2,3,4,5,6,7,8,9,10,11,12,13,14,15,16,17,18,19,20,21,22,23,24,25,26,28,29,30,31,32,33,34,35,36,37,38,39,41,43,45,47,49,51,52,53,55,56,57,58,59,61,62,65,71,74,75,77,78,79,81,91,98]",4,1048,0,0,2
"[0,1,2,3,4,5,6,7,8,9,10,11,12,13,14,15,16,17,18,19,20,21,22,23,24,25,26,28,29,30,31,32,33,34,35,36,37,38,39,41,43,45,47,49,51,52,53,55,56,57,58,59,61,62,65,71,74,75,77,78,79,81,91,98]",5,1048,126,0.120229007633588,2
"[0,1,2,3,4,5,6,7,8,9,10,11,12,13,14,15,16,17,18,19,20,21,22,23,24,25,26,28,29,30,31,32,33,34,35,36,37,38,39,41,43,45,47,49,51,52,53,55,56,57,58,59,61,62,65,71,74,75,77,78,79,81,91,98]",6,1048,226,0.215648854961832,2
"[0,1,2,3,4,5,6,7,8,9,10,11,12,13,14,15,16,17,18,19,20,21,22,23,24,25,26,28,29,30,31,32,33,34,35,36,37,38,39,41,43,45,47,49,51,52,53,55,56,57,58,59,61,62,65,71,74,75,77,78,79,81,91,98]",7,1048,14,0.0133587786259542,2
"[0,1,2,3,4,5,6,7,8,9,10,11,12,13,14,15,16,17,18,19,20,21,22,23,24,25,26,28,29,30,31,32,33,34,35,36,37,38,39,41,43,45,47,49,51,52,53,55,56,57,58,59,61,62,65,71,74,75,77,78,79,81,91,98]",8,1048,0,0,2
"[0,1,2,3,4,5,6,7,8,9,10,11,12,13,14,15,16,17,18,19,20,21,22,23,24,25,26,28,29,30,31,32,33,34,35,36,37,38,39,41,43,45,47,49,51,52,53,55,56,57,58,59,61,62,65,71,74,75,77,78,79,81,91,98]",9,1048,42,0.0400763358778626,2
"[0,1,2,3,4,5,6,7,8,9,10,11,12,13,14,15,16,17,18,19,20,21,22,23,24,25,26,28,29,30,31,32,33,34,35,36,37,38,39,41,43,45,47,49,51,52,53,55,56,57,58,59,61,62,65,71,74,75,77,78,79,81,91,98]",10,1048,60,0.0572519083969466,2
"[0,1,2,3,4,5,6,7,8,9,10,11,12,13,14,15,16,17,18,19,20,21,22,23,24,25,26,28,29,30,31,32,33,34,35,36,37,38,39,41,43,45,47,49,51,52,53,55,56,57,58,59,61,62,65,71,74,75,77,78,79,81,91,98]",11,1048,0,0,2
"[0,1,2,3,4,5,6,7,8,9,10,11,12,13,14,15,16,17,18,19,20,21,22,23,24,25,26,28,29,30,31,32,33,34,35,36,37,38,39,41,43,45,47,49,51,52,53,55,56,57,58,59,61,62,65,71,74,75,77,78,79,81,91,98]",12,1048,0,0,2
"[0,1,2,3,4,5,6,7,8,9,10,11,12,13,14,15,16,17,18,19,20,21,22,23,24,25,26,28,29,30,31,32,33,34,35,36,37,38,39,41,43,45,47,49,51,52,53,55,56,57,58,59,61,62,65,71,74,75,77,78,79,81,91,98]",13,1048,0,0,2
"[0,1,2,3,4,5,6,7,8,9,10,11,12,13,14,15,16,17,18,19,20,21,22,23,24,25,26,28,29,30,31,32,33,34,35,36,37,38,39,41,43,45,47,49,51,52,53,55,56,57,58,59,61,62,65,71,74,75,77,78,79,81,91,98]",14,1048,0,0,2
"[0,1,2,3,4,5,6,7,8,9,10,11,12,13,14,15,16,17,18,19,20,21,22,23,24,25,26,28,29,30,31,32,33,34,35,36,37,38,39,41,43,45,47,49,51,52,53,55,56,57,58,59,61,62,65,71,74,75,77,78,79,81,91,98]",15,1048,0,0,2
"[0,1,2,3,4,5,6,7,8,9,10,11,12,13,14,15,16,17,18,19,20,21,22,23,24,25,26,28,29,30,31,32,33,34,35,36,37,38,39,41,43,45,47,49,51,52,53,55,56,57,58,59,61,62,65,71,74,75,77,78,79,81,91,98]",16,1048,0,0,2
"[0,1,2,3,4,5,6,7,8,9,10,11,12,13,14,15,16,17,18,19,20,21,22,23,24,25,26,28,29,30,31,32,33,34,35,36,37,38,39,41,43,45,47,49,51,52,53,55,56,57,58,59,61,62,65,71,74,75,77,78,79,81,91,98]",17,1048,0,0,2
"[0,1,2,3,4,5,6,7,8,9,10,11,12,13,14,15,16,17,18,19,20,21,22,23,24,25,26,28,29,30,31,32,33,34,35,36,37,38,39,41,43,45,47,49,51,52,53,55,56,57,58,59,61,62,65,71,74,75,77,78,79,81,91,98]",18,1048,0,0,2
"[0,1,2,3,4,5,6,7,8,9,10,11,12,13,14,15,16,17,18,19,20,21,22,23,24,25,26,28,29,30,31,32,33,34,35,36,37,38,39,41,43,45,47,49,51,52,53,55,56,57,58,59,61,62,65,71,74,75,77,78,79,81,91,98]",19,1048,0,0,2
"[0,1,2,3,4,5,6,7,8,9,10,11,12,13,14,15,16,17,18,19,20,21,22,23,24,25,26,28,29,30,31,32,33,34,35,36,37,38,39,41,43,45,47,49,51,52,53,55,56,57,58,59,61,62,65,71,74,75,77,78,79,81,91,98]",20,1048,0,0,2
"[0,1,2,3,4,5,6,7,8,9,10,11,12,13,14,15,16,17,18,19,20,21,22,23,24,25,26,28,29,30,31,32,33,34,35,36,37,38,39,41,43,45,47,49,51,52,53,55,56,57,58,59,61,62,65,71,74,75,77,78,79,81,91,98]",21,1048,75,0.0715648854961832,2
"[0,1,2,3,4,5,6,7,8,9,10,11,12,13,14,15,16,17,18,19,20,21,22,23,24,25,26,28,29,30,31,32,33,34,35,36,37,38,39,41,43,45,47,49,51,52,53,55,56,57,58,59,61,62,65,71,74,75,77,78,79,81,91,98]",22,1048,0,0,2
"[0,1,2,3,4,5,6,7,8,9,10,11,12,13,14,15,16,17,18,19,20,21,22,23,24,25,26,28,29,30,31,32,33,34,35,36,37,38,39,41,43,45,47,49,51,52,53,55,56,57,58,59,61,62,65,71,74,75,77,78,79,81,91,98]",23,1048,1,0.000954198473282443,2
"[0,1,2,3,4,5,6,7,8,9,10,11,12,13,14,15,16,17,18,19,20,21,22,23,24,25,26,28,29,30,31,32,33,34,35,36,37,38,39,41,43,45,47,49,51,52,53,55,56,57,58,59,61,62,65,71,74,75,77,78,79,81,91,98]",24,1048,0,0,2
"[0,1,2,3,4,5,6,7,8,9,10,11,12,13,14,15,16,17,18,19,20,21,22,23,24,25,26,28,29,30,31,32,33,34,35,36,37,38,39,41,43,45,47,49,51,52,53,55,56,57,58,59,61,62,65,71,74,75,77,78,79,81,91,98]",25,1048,17,0.0162213740458015,2
"[0,1,2,3,4,5,6,7,8,9,10,11,12,13,14,15,16,17,18,19,20,21,22,23,24,25,26,28,29,30,31,32,33,34,35,36,37,38,39,41,43,45,47,49,51,52,53,55,56,57,58,59,61,62,65,71,74,75,77,78,79,81,91,98]",26,1048,3,0.00286259541984733,2
"[0,1,2,3,4,5,6,7,8,9,10,11,12,13,14,15,16,17,18,19,20,21,22,23,24,25,26,28,29,30,31,32,33,34,35,36,37,38,39,41,43,45,47,49,51,52,53,55,56,57,58,59,61,62,65,71,74,75,77,78,79,81,91,98]",28,1048,1,0.000954198473282443,2
"[0,1,2,3,4,5,6,7,8,9,10,11,12,13,14,15,16,17,18,19,20,21,22,23,24,25,26,28,29,30,31,32,33,34,35,36,37,38,39,41,43,45,47,49,51,52,53,55,56,57,58,59,61,62,65,71,74,75,77,78,79,81,91,98]",29,1048,0,0,2
"[0,1,2,3,4,5,6,7,8,9,10,11,12,13,14,15,16,17,18,19,20,21,22,23,24,25,26,28,29,30,31,32,33,34,35,36,37,38,39,41,43,45,47,49,51,52,53,55,56,57,58,59,61,62,65,71,74,75,77,78,79,81,91,98]",30,1048,0,0,2
"[0,1,2,3,4,5,6,7,8,9,10,11,12,13,14,15,16,17,18,19,20,21,22,23,24,25,26,28,29,30,31,32,33,34,35,36,37,38,39,41,43,45,47,49,51,52,53,55,56,57,58,59,61,62,65,71,74,75,77,78,79,81,91,98]",31,1048,19,0.0181297709923664,2
"[0,1,2,3,4,5,6,7,8,9,10,11,12,13,14,15,16,17,18,19,20,21,22,23,24,25,26,28,29,30,31,32,33,34,35,36,37,38,39,41,43,45,47,49,51,52,53,55,56,57,58,59,61,62,65,71,74,75,77,78,79,81,91,98]",32,1048,11,0.0104961832061069,2
"[0,1,2,3,4,5,6,7,8,9,10,11,12,13,14,15,16,17,18,19,20,21,22,23,24,25,26,28,29,30,31,32,33,34,35,36,37,38,39,41,43,45,47,49,51,52,53,55,56,57,58,59,61,62,65,71,74,75,77,78,79,81,91,98]",33,1048,0,0,2
"[0,1,2,3,4,5,6,7,8,9,10,11,12,13,14,15,16,17,18,19,20,21,22,23,24,25,26,28,29,30,31,32,33,34,35,36,37,38,39,41,43,45,47,49,51,52,53,55,56,57,58,59,61,62,65,71,74,75,77,78,79,81,91,98]",34,1048,0,0,2
"[0,1,2,3,4,5,6,7,8,9,10,11,12,13,14,15,16,17,18,19,20,21,22,23,24,25,26,28,29,30,31,32,33,34,35,36,37,38,39,41,43,45,47,49,51,52,53,55,56,57,58,59,61,62,65,71,74,75,77,78,79,81,91,98]",35,1048,0,0,2
"[0,1,2,3,4,5,6,7,8,9,10,11,12,13,14,15,16,17,18,19,20,21,22,23,24,25,26,28,29,30,31,32,33,34,35,36,37,38,39,41,43,45,47,49,51,52,53,55,56,57,58,59,61,62,65,71,74,75,77,78,79,81,91,98]",36,1048,0,0,2
"[0,1,2,3,4,5,6,7,8,9,10,11,12,13,14,15,16,17,18,19,20,21,22,23,24,25,26,28,29,30,31,32,33,34,35,36,37,38,39,41,43,45,47,49,51,52,53,55,56,57,58,59,61,62,65,71,74,75,77,78,79,81,91,98]",37,1048,0,0,2
"[0,1,2,3,4,5,6,7,8,9,10,11,12,13,14,15,16,17,18,19,20,21,22,23,24,25,26,28,29,30,31,32,33,34,35,36,37,38,39,41,43,45,47,49,51,52,53,55,56,57,58,59,61,62,65,71,74,75,77,78,79,81,91,98]",38,1048,0,0,2
"[0,1,2,3,4,5,6,7,8,9,10,11,12,13,14,15,16,17,18,19,20,21,22,23,24,25,26,28,29,30,31,32,33,34,35,36,37,38,39,41,43,45,47,49,51,52,53,55,56,57,58,59,61,62,65,71,74,75,77,78,79,81,91,98]",39,1048,23,0.0219465648854962,2
"[0,1,2,3,4,5,6,7,8,9,10,11,12,13,14,15,16,17,18,19,20,21,22,23,24,25,26,28,29,30,31,32,33,34,35,36,37,38,39,41,43,45,47,49,51,52,53,55,56,57,58,59,61,62,65,71,74,75,77,78,79,81,91,98]",41,1048,0,0,2
"[0,1,2,3,4,5,6,7,8,9,10,11,12,13,14,15,16,17,18,19,20,21,22,23,24,25,26,28,29,30,31,32,33,34,35,36,37,38,39,41,43,45,47,49,51,52,53,55,56,57,58,59,61,62,65,71,74,75,77,78,79,81,91,98]",43,1048,27,0.025763358778626,2
"[0,1,2,3,4,5,6,7,8,9,10,11,12,13,14,15,16,17,18,19,20,21,22,23,24,25,26,28,29,30,31,32,33,34,35,36,37,38,39,41,43,45,47,49,51,52,53,55,56,57,58,59,61,62,65,71,74,75,77,78,79,81,91,98]",45,1048,17,0.0162213740458015,2
"[0,1,2,3,4,5,6,7,8,9,10,11,12,13,14,15,16,17,18,19,20,21,22,23,24,25,26,28,29,30,31,32,33,34,35,36,37,38,39,41,43,45,47,49,51,52,53,55,56,57,58,59,61,62,65,71,74,75,77,78,79,81,91,98]",47,1048,0,0,2
"[0,1,2,3,4,5,6,7,8,9,10,11,12,13,14,15,16,17,18,19,20,21,22,23,24,25,26,28,29,30,31,32,33,34,35,36,37,38,39,41,43,45,47,49,51,52,53,55,56,57,58,59,61,62,65,71,74,75,77,78,79,81,91,98]",49,1048,6,0.00572519083969466,2
"[0,1,2,3,4,5,6,7,8,9,10,11,12,13,14,15,16,17,18,19,20,21,22,23,24,25,26,28,29,30,31,32,33,34,35,36,37,38,39,41,43,45,47,49,51,52,53,55,56,57,58,59,61,62,65,71,74,75,77,78,79,81,91,98]",51,1048,3,0.00286259541984733,2
"[0,1,2,3,4,5,6,7,8,9,10,11,12,13,14,15,16,17,18,19,20,21,22,23,24,25,26,28,29,30,31,32,33,34,35,36,37,38,39,41,43,45,47,49,51,52,53,55,56,57,58,59,61,62,65,71,74,75,77,78,79,81,91,98]",52,1048,9,0.00858778625954199,2
"[0,1,2,3,4,5,6,7,8,9,10,11,12,13,14,15,16,17,18,19,20,21,22,23,24,25,26,28,29,30,31,32,33,34,35,36,37,38,39,41,43,45,47,49,51,52,53,55,56,57,58,59,61,62,65,71,74,75,77,78,79,81,91,98]",53,1048,0,0,2
"[0,1,2,3,4,5,6,7,8,9,10,11,12,13,14,15,16,17,18,19,20,21,22,23,24,25,26,28,29,30,31,32,33,34,35,36,37,38,39,41,43,45,47,49,51,52,53,55,56,57,58,59,61,62,65,71,74,75,77,78,79,81,91,98]",55,1048,1,0.000954198473282443,2
"[0,1,2,3,4,5,6,7,8,9,10,11,12,13,14,15,16,17,18,19,20,21,22,23,24,25,26,28,29,30,31,32,33,34,35,36,37,38,39,41,43,45,47,49,51,52,53,55,56,57,58,59,61,62,65,71,74,75,77,78,79,81,91,98]",56,1048,3,0.00286259541984733,2
"[0,1,2,3,4,5,6,7,8,9,10,11,12,13,14,15,16,17,18,19,20,21,22,23,24,25,26,28,29,30,31,32,33,34,35,36,37,38,39,41,43,45,47,49,51,52,53,55,56,57,58,59,61,62,65,71,74,75,77,78,79,81,91,98]",57,1048,0,0,2
"[0,1,2,3,4,5,6,7,8,9,10,11,12,13,14,15,16,17,18,19,20,21,22,23,24,25,26,28,29,30,31,32,33,34,35,36,37,38,39,41,43,45,47,49,51,52,53,55,56,57,58,59,61,62,65,71,74,75,77,78,79,81,91,98]",58,1048,29,0.0276717557251908,2
"[0,1,2,3,4,5,6,7,8,9,10,11,12,13,14,15,16,17,18,19,20,21,22,23,24,25,26,28,29,30,31,32,33,34,35,36,37,38,39,41,43,45,47,49,51,52,53,55,56,57,58,59,61,62,65,71,74,75,77,78,79,81,91,98]",59,1048,0,0,2
"[0,1,2,3,4,5,6,7,8,9,10,11,12,13,14,15,16,17,18,19,20,21,22,23,24,25,26,28,29,30,31,32,33,34,35,36,37,38,39,41,43,45,47,49,51,52,53,55,56,57,58,59,61,62,65,71,74,75,77,78,79,81,91,98]",61,1048,0,0,2
"[0,1,2,3,4,5,6,7,8,9,10,11,12,13,14,15,16,17,18,19,20,21,22,23,24,25,26,28,29,30,31,32,33,34,35,36,37,38,39,41,43,45,47,49,51,52,53,55,56,57,58,59,61,62,65,71,74,75,77,78,79,81,91,98]",62,1048,0,0,2
"[0,1,2,3,4,5,6,7,8,9,10,11,12,13,14,15,16,17,18,19,20,21,22,23,24,25,26,28,29,30,31,32,33,34,35,36,37,38,39,41,43,45,47,49,51,52,53,55,56,57,58,59,61,62,65,71,74,75,77,78,79,81,91,98]",65,1048,18,0.017175572519084,2
"[0,1,2,3,4,5,6,7,8,9,10,11,12,13,14,15,16,17,18,19,20,21,22,23,24,25,26,28,29,30,31,32,33,34,35,36,37,38,39,41,43,45,47,49,51,52,53,55,56,57,58,59,61,62,65,71,74,75,77,78,79,81,91,98]",71,1048,0,0,2
"[0,1,2,3,4,5,6,7,8,9,10,11,12,13,14,15,16,17,18,19,20,21,22,23,24,25,26,28,29,30,31,32,33,34,35,36,37,38,39,41,43,45,47,49,51,52,53,55,56,57,58,59,61,62,65,71,74,75,77,78,79,81,91,98]",74,1048,0,0,2
"[0,1,2,3,4,5,6,7,8,9,10,11,12,13,14,15,16,17,18,19,20,21,22,23,24,25,26,28,29,30,31,32,33,34,35,36,37,38,39,41,43,45,47,49,51,52,53,55,56,57,58,59,61,62,65,71,74,75,77,78,79,81,91,98]",75,1048,0,0,2
"[0,1,2,3,4,5,6,7,8,9,10,11,12,13,14,15,16,17,18,19,20,21,22,23,24,25,26,28,29,30,31,32,33,34,35,36,37,38,39,41,43,45,47,49,51,52,53,55,56,57,58,59,61,62,65,71,74,75,77,78,79,81,91,98]",77,1048,0,0,2
"[0,1,2,3,4,5,6,7,8,9,10,11,12,13,14,15,16,17,18,19,20,21,22,23,24,25,26,28,29,30,31,32,33,34,35,36,37,38,39,41,43,45,47,49,51,52,53,55,56,57,58,59,61,62,65,71,74,75,77,78,79,81,91,98]",78,1048,0,0,2
"[0,1,2,3,4,5,6,7,8,9,10,11,12,13,14,15,16,17,18,19,20,21,22,23,24,25,26,28,29,30,31,32,33,34,35,36,37,38,39,41,43,45,47,49,51,52,53,55,56,57,58,59,61,62,65,71,74,75,77,78,79,81,91,98]",79,1048,0,0,2
"[0,1,2,3,4,5,6,7,8,9,10,11,12,13,14,15,16,17,18,19,20,21,22,23,24,25,26,28,29,30,31,32,33,34,35,36,37,38,39,41,43,45,47,49,51,52,53,55,56,57,58,59,61,62,65,71,74,75,77,78,79,81,91,98]",81,1048,0,0,2
"[0,1,2,3,4,5,6,7,8,9,10,11,12,13,14,15,16,17,18,19,20,21,22,23,24,25,26,28,29,30,31,32,33,34,35,36,37,38,39,41,43,45,47,49,51,52,53,55,56,57,58,59,61,62,65,71,74,75,77,78,79,81,91,98]",91,1048,0,0,2
"[0,1,2,3,4,5,6,7,8,9,10,11,12,13,14,15,16,17,18,19,20,21,22,23,24,25,26,28,29,30,31,32,33,34,35,36,37,38,39,41,43,45,47,49,51,52,53,55,56,57,58,59,61,62,65,71,74,75,77,78,79,81,91,98]",98,1048,0,0,2
"[0,1,2,3,4,5,6,7,8,9,10,11,12,13,14,15,16,17,18,19,20,21,22,23,24,25,26,28,31,32,36,38,39,41,43,45,47,49,51,52,53,55,56,57,58,59,61,62,63,64,65,67,68,69,70,73,74,76,77,79,80,82,85,86,87,88,89,90,91,93,94,95,98]",0,1010,30,0.0297029702970297,2
"[0,1,2,3,4,5,6,7,8,9,10,11,12,13,14,15,16,17,18,19,20,21,22,23,24,25,26,28,31,32,36,38,39,41,43,45,47,49,51,52,53,55,56,57,58,59,61,62,63,64,65,67,68,69,70,73,74,76,77,79,80,82,85,86,87,88,89,90,91,93,94,95,98]",1,1010,36,0.0356435643564356,2
"[0,1,2,3,4,5,6,7,8,9,10,11,12,13,14,15,16,17,18,19,20,21,22,23,24,25,26,28,31,32,36,38,39,41,43,45,47,49,51,52,53,55,56,57,58,59,61,62,63,64,65,67,68,69,70,73,74,76,77,79,80,82,85,86,87,88,89,90,91,93,94,95,98]",2,1010,0,0,2
"[0,1,2,3,4,5,6,7,8,9,10,11,12,13,14,15,16,17,18,19,20,21,22,23,24,25,26,28,31,32,36,38,39,41,43,45,47,49,51,52,53,55,56,57,58,59,61,62,63,64,65,67,68,69,70,73,74,76,77,79,80,82,85,86,87,88,89,90,91,93,94,95,98]",3,1010,0,0,2
"[0,1,2,3,4,5,6,7,8,9,10,11,12,13,14,15,16,17,18,19,20,21,22,23,24,25,26,28,31,32,36,38,39,41,43,45,47,49,51,52,53,55,56,57,58,59,61,62,63,64,65,67,68,69,70,73,74,76,77,79,80,82,85,86,87,88,89,90,91,93,94,95,98]",4,1010,6,0.00594059405940594,2
"[0,1,2,3,4,5,6,7,8,9,10,11,12,13,14,15,16,17,18,19,20,21,22,23,24,25,26,28,31,32,36,38,39,41,43,45,47,49,51,52,53,55,56,57,58,59,61,62,63,64,65,67,68,69,70,73,74,76,77,79,80,82,85,86,87,88,89,90,91,93,94,95,98]",5,1010,157,0.155445544554455,2
"[0,1,2,3,4,5,6,7,8,9,10,11,12,13,14,15,16,17,18,19,20,21,22,23,24,25,26,28,31,32,36,38,39,41,43,45,47,49,51,52,53,55,56,57,58,59,61,62,63,64,65,67,68,69,70,73,74,76,77,79,80,82,85,86,87,88,89,90,91,93,94,95,98]",6,1010,0,0,2
"[0,1,2,3,4,5,6,7,8,9,10,11,12,13,14,15,16,17,18,19,20,21,22,23,24,25,26,28,31,32,36,38,39,41,43,45,47,49,51,52,53,55,56,57,58,59,61,62,63,64,65,67,68,69,70,73,74,76,77,79,80,82,85,86,87,88,89,90,91,93,94,95,98]",7,1010,18,0.0178217821782178,2
"[0,1,2,3,4,5,6,7,8,9,10,11,12,13,14,15,16,17,18,19,20,21,22,23,24,25,26,28,31,32,36,38,39,41,43,45,47,49,51,52,53,55,56,57,58,59,61,62,63,64,65,67,68,69,70,73,74,76,77,79,80,82,85,86,87,88,89,90,91,93,94,95,98]",8,1010,0,0,2
"[0,1,2,3,4,5,6,7,8,9,10,11,12,13,14,15,16,17,18,19,20,21,22,23,24,25,26,28,31,32,36,38,39,41,43,45,47,49,51,52,53,55,56,57,58,59,61,62,63,64,65,67,68,69,70,73,74,76,77,79,80,82,85,86,87,88,89,90,91,93,94,95,98]",9,1010,0,0,2
"[0,1,2,3,4,5,6,7,8,9,10,11,12,13,14,15,16,17,18,19,20,21,22,23,24,25,26,28,31,32,36,38,39,41,43,45,47,49,51,52,53,55,56,57,58,59,61,62,63,64,65,67,68,69,70,73,74,76,77,79,80,82,85,86,87,88,89,90,91,93,94,95,98]",10,1010,0,0,2
"[0,1,2,3,4,5,6,7,8,9,10,11,12,13,14,15,16,17,18,19,20,21,22,23,24,25,26,28,31,32,36,38,39,41,43,45,47,49,51,52,53,55,56,57,58,59,61,62,63,64,65,67,68,69,70,73,74,76,77,79,80,82,85,86,87,88,89,90,91,93,94,95,98]",11,1010,0,0,2
"[0,1,2,3,4,5,6,7,8,9,10,11,12,13,14,15,16,17,18,19,20,21,22,23,24,25,26,28,31,32,36,38,39,41,43,45,47,49,51,52,53,55,56,57,58,59,61,62,63,64,65,67,68,69,70,73,74,76,77,79,80,82,85,86,87,88,89,90,91,93,94,95,98]",12,1010,0,0,2
"[0,1,2,3,4,5,6,7,8,9,10,11,12,13,14,15,16,17,18,19,20,21,22,23,24,25,26,28,31,32,36,38,39,41,43,45,47,49,51,52,53,55,56,57,58,59,61,62,63,64,65,67,68,69,70,73,74,76,77,79,80,82,85,86,87,88,89,90,91,93,94,95,98]",13,1010,0,0,2
"[0,1,2,3,4,5,6,7,8,9,10,11,12,13,14,15,16,17,18,19,20,21,22,23,24,25,26,28,31,32,36,38,39,41,43,45,47,49,51,52,53,55,56,57,58,59,61,62,63,64,65,67,68,69,70,73,74,76,77,79,80,82,85,86,87,88,89,90,91,93,94,95,98]",14,1010,0,0,2
"[0,1,2,3,4,5,6,7,8,9,10,11,12,13,14,15,16,17,18,19,20,21,22,23,24,25,26,28,31,32,36,38,39,41,43,45,47,49,51,52,53,55,56,57,58,59,61,62,63,64,65,67,68,69,70,73,74,76,77,79,80,82,85,86,87,88,89,90,91,93,94,95,98]",15,1010,0,0,2
"[0,1,2,3,4,5,6,7,8,9,10,11,12,13,14,15,16,17,18,19,20,21,22,23,24,25,26,28,31,32,36,38,39,41,43,45,47,49,51,52,53,55,56,57,58,59,61,62,63,64,65,67,68,69,70,73,74,76,77,79,80,82,85,86,87,88,89,90,91,93,94,95,98]",16,1010,0,0,2
"[0,1,2,3,4,5,6,7,8,9,10,11,12,13,14,15,16,17,18,19,20,21,22,23,24,25,26,28,31,32,36,38,39,41,43,45,47,49,51,52,53,55,56,57,58,59,61,62,63,64,65,67,68,69,70,73,74,76,77,79,80,82,85,86,87,88,89,90,91,93,94,95,98]",17,1010,0,0,2
"[0,1,2,3,4,5,6,7,8,9,10,11,12,13,14,15,16,17,18,19,20,21,22,23,24,25,26,28,31,32,36,38,39,41,43,45,47,49,51,52,53,55,56,57,58,59,61,62,63,64,65,67,68,69,70,73,74,76,77,79,80,82,85,86,87,88,89,90,91,93,94,95,98]",18,1010,0,0,2
"[0,1,2,3,4,5,6,7,8,9,10,11,12,13,14,15,16,17,18,19,20,21,22,23,24,25,26,28,31,32,36,38,39,41,43,45,47,49,51,52,53,55,56,57,58,59,61,62,63,64,65,67,68,69,70,73,74,76,77,79,80,82,85,86,87,88,89,90,91,93,94,95,98]",19,1010,0,0,2
"[0,1,2,3,4,5,6,7,8,9,10,11,12,13,14,15,16,17,18,19,20,21,22,23,24,25,26,28,31,32,36,38,39,41,43,45,47,49,51,52,53,55,56,57,58,59,61,62,63,64,65,67,68,69,70,73,74,76,77,79,80,82,85,86,87,88,89,90,91,93,94,95,98]",20,1010,0,0,2
"[0,1,2,3,4,5,6,7,8,9,10,11,12,13,14,15,16,17,18,19,20,21,22,23,24,25,26,28,31,32,36,38,39,41,43,45,47,49,51,52,53,55,56,57,58,59,61,62,63,64,65,67,68,69,70,73,74,76,77,79,80,82,85,86,87,88,89,90,91,93,94,95,98]",21,1010,86,0.0851485148514852,2
"[0,1,2,3,4,5,6,7,8,9,10,11,12,13,14,15,16,17,18,19,20,21,22,23,24,25,26,28,31,32,36,38,39,41,43,45,47,49,51,52,53,55,56,57,58,59,61,62,63,64,65,67,68,69,70,73,74,76,77,79,80,82,85,86,87,88,89,90,91,93,94,95,98]",22,1010,0,0,2
"[0,1,2,3,4,5,6,7,8,9,10,11,12,13,14,15,16,17,18,19,20,21,22,23,24,25,26,28,31,32,36,38,39,41,43,45,47,49,51,52,53,55,56,57,58,59,61,62,63,64,65,67,68,69,70,73,74,76,77,79,80,82,85,86,87,88,89,90,91,93,94,95,98]",23,1010,7,0.00693069306930693,2
"[0,1,2,3,4,5,6,7,8,9,10,11,12,13,14,15,16,17,18,19,20,21,22,23,24,25,26,28,31,32,36,38,39,41,43,45,47,49,51,52,53,55,56,57,58,59,61,62,63,64,65,67,68,69,70,73,74,76,77,79,80,82,85,86,87,88,89,90,91,93,94,95,98]",24,1010,0,0,2
"[0,1,2,3,4,5,6,7,8,9,10,11,12,13,14,15,16,17,18,19,20,21,22,23,24,25,26,28,31,32,36,38,39,41,43,45,47,49,51,52,53,55,56,57,58,59,61,62,63,64,65,67,68,69,70,73,74,76,77,79,80,82,85,86,87,88,89,90,91,93,94,95,98]",25,1010,0,0,2
"[0,1,2,3,4,5,6,7,8,9,10,11,12,13,14,15,16,17,18,19,20,21,22,23,24,25,26,28,31,32,36,38,39,41,43,45,47,49,51,52,53,55,56,57,58,59,61,62,63,64,65,67,68,69,70,73,74,76,77,79,80,82,85,86,87,88,89,90,91,93,94,95,98]",26,1010,1,0.00099009900990099,2
"[0,1,2,3,4,5,6,7,8,9,10,11,12,13,14,15,16,17,18,19,20,21,22,23,24,25,26,28,31,32,36,38,39,41,43,45,47,49,51,52,53,55,56,57,58,59,61,62,63,64,65,67,68,69,70,73,74,76,77,79,80,82,85,86,87,88,89,90,91,93,94,95,98]",28,1010,0,0,2
"[0,1,2,3,4,5,6,7,8,9,10,11,12,13,14,15,16,17,18,19,20,21,22,23,24,25,26,28,31,32,36,38,39,41,43,45,47,49,51,52,53,55,56,57,58,59,61,62,63,64,65,67,68,69,70,73,74,76,77,79,80,82,85,86,87,88,89,90,91,93,94,95,98]",31,1010,24,0.0237623762376238,2
"[0,1,2,3,4,5,6,7,8,9,10,11,12,13,14,15,16,17,18,19,20,21,22,23,24,25,26,28,31,32,36,38,39,41,43,45,47,49,51,52,53,55,56,57,58,59,61,62,63,64,65,67,68,69,70,73,74,76,77,79,80,82,85,86,87,88,89,90,91,93,94,95,98]",32,1010,0,0,2
"[0,1,2,3,4,5,6,7,8,9,10,11,12,13,14,15,16,17,18,19,20,21,22,23,24,25,26,28,31,32,36,38,39,41,43,45,47,49,51,52,53,55,56,57,58,59,61,62,63,64,65,67,68,69,70,73,74,76,77,79,80,82,85,86,87,88,89,90,91,93,94,95,98]",36,1010,0,0,2
"[0,1,2,3,4,5,6,7,8,9,10,11,12,13,14,15,16,17,18,19,20,21,22,23,24,25,26,28,31,32,36,38,39,41,43,45,47,49,51,52,53,55,56,57,58,59,61,62,63,64,65,67,68,69,70,73,74,76,77,79,80,82,85,86,87,88,89,90,91,93,94,95,98]",38,1010,7,0.00693069306930693,2
"[0,1,2,3,4,5,6,7,8,9,10,11,12,13,14,15,16,17,18,19,20,21,22,23,24,25,26,28,31,32,36,38,39,41,43,45,47,49,51,52,53,55,56,57,58,59,61,62,63,64,65,67,68,69,70,73,74,76,77,79,80,82,85,86,87,88,89,90,91,93,94,95,98]",39,1010,11,0.0108910891089109,2
"[0,1,2,3,4,5,6,7,8,9,10,11,12,13,14,15,16,17,18,19,20,21,22,23,24,25,26,28,31,32,36,38,39,41,43,45,47,49,51,52,53,55,56,57,58,59,61,62,63,64,65,67,68,69,70,73,74,76,77,79,80,82,85,86,87,88,89,90,91,93,94,95,98]",41,1010,0,0,2
"[0,1,2,3,4,5,6,7,8,9,10,11,12,13,14,15,16,17,18,19,20,21,22,23,24,25,26,28,31,32,36,38,39,41,43,45,47,49,51,52,53,55,56,57,58,59,61,62,63,64,65,67,68,69,70,73,74,76,77,79,80,82,85,86,87,88,89,90,91,93,94,95,98]",43,1010,16,0.0158415841584158,2
"[0,1,2,3,4,5,6,7,8,9,10,11,12,13,14,15,16,17,18,19,20,21,22,23,24,25,26,28,31,32,36,38,39,41,43,45,47,49,51,52,53,55,56,57,58,59,61,62,63,64,65,67,68,69,70,73,74,76,77,79,80,82,85,86,87,88,89,90,91,93,94,95,98]",45,1010,3,0.00297029702970297,2
"[0,1,2,3,4,5,6,7,8,9,10,11,12,13,14,15,16,17,18,19,20,21,22,23,24,25,26,28,31,32,36,38,39,41,43,45,47,49,51,52,53,55,56,57,58,59,61,62,63,64,65,67,68,69,70,73,74,76,77,79,80,82,85,86,87,88,89,90,91,93,94,95,98]",47,1010,0,0,2
"[0,1,2,3,4,5,6,7,8,9,10,11,12,13,14,15,16,17,18,19,20,21,22,23,24,25,26,28,31,32,36,38,39,41,43,45,47,49,51,52,53,55,56,57,58,59,61,62,63,64,65,67,68,69,70,73,74,76,77,79,80,82,85,86,87,88,89,90,91,93,94,95,98]",49,1010,0,0,2
"[0,1,2,3,4,5,6,7,8,9,10,11,12,13,14,15,16,17,18,19,20,21,22,23,24,25,26,28,31,32,36,38,39,41,43,45,47,49,51,52,53,55,56,57,58,59,61,62,63,64,65,67,68,69,70,73,74,76,77,79,80,82,85,86,87,88,89,90,91,93,94,95,98]",51,1010,11,0.0108910891089109,2
"[0,1,2,3,4,5,6,7,8,9,10,11,12,13,14,15,16,17,18,19,20,21,22,23,24,25,26,28,31,32,36,38,39,41,43,45,47,49,51,52,53,55,56,57,58,59,61,62,63,64,65,67,68,69,70,73,74,76,77,79,80,82,85,86,87,88,89,90,91,93,94,95,98]",52,1010,2,0.00198019801980198,2
"[0,1,2,3,4,5,6,7,8,9,10,11,12,13,14,15,16,17,18,19,20,21,22,23,24,25,26,28,31,32,36,38,39,41,43,45,47,49,51,52,53,55,56,57,58,59,61,62,63,64,65,67,68,69,70,73,74,76,77,79,80,82,85,86,87,88,89,90,91,93,94,95,98]",53,1010,0,0,2
"[0,1,2,3,4,5,6,7,8,9,10,11,12,13,14,15,16,17,18,19,20,21,22,23,24,25,26,28,31,32,36,38,39,41,43,45,47,49,51,52,53,55,56,57,58,59,61,62,63,64,65,67,68,69,70,73,74,76,77,79,80,82,85,86,87,88,89,90,91,93,94,95,98]",55,1010,0,0,2
"[0,1,2,3,4,5,6,7,8,9,10,11,12,13,14,15,16,17,18,19,20,21,22,23,24,25,26,28,31,32,36,38,39,41,43,45,47,49,51,52,53,55,56,57,58,59,61,62,63,64,65,67,68,69,70,73,74,76,77,79,80,82,85,86,87,88,89,90,91,93,94,95,98]",56,1010,6,0.00594059405940594,2
"[0,1,2,3,4,5,6,7,8,9,10,11,12,13,14,15,16,17,18,19,20,21,22,23,24,25,26,28,31,32,36,38,39,41,43,45,47,49,51,52,53,55,56,57,58,59,61,62,63,64,65,67,68,69,70,73,74,76,77,79,80,82,85,86,87,88,89,90,91,93,94,95,98]",57,1010,0,0,2
"[0,1,2,3,4,5,6,7,8,9,10,11,12,13,14,15,16,17,18,19,20,21,22,23,24,25,26,28,31,32,36,38,39,41,43,45,47,49,51,52,53,55,56,57,58,59,61,62,63,64,65,67,68,69,70,73,74,76,77,79,80,82,85,86,87,88,89,90,91,93,94,95,98]",58,1010,0,0,2
"[0,1,2,3,4,5,6,7,8,9,10,11,12,13,14,15,16,17,18,19,20,21,22,23,24,25,26,28,31,32,36,38,39,41,43,45,47,49,51,52,53,55,56,57,58,59,61,62,63,64,65,67,68,69,70,73,74,76,77,79,80,82,85,86,87,88,89,90,91,93,94,95,98]",59,1010,0,0,2
"[0,1,2,3,4,5,6,7,8,9,10,11,12,13,14,15,16,17,18,19,20,21,22,23,24,25,26,28,31,32,36,38,39,41,43,45,47,49,51,52,53,55,56,57,58,59,61,62,63,64,65,67,68,69,70,73,74,76,77,79,80,82,85,86,87,88,89,90,91,93,94,95,98]",61,1010,0,0,2
"[0,1,2,3,4,5,6,7,8,9,10,11,12,13,14,15,16,17,18,19,20,21,22,23,24,25,26,28,31,32,36,38,39,41,43,45,47,49,51,52,53,55,56,57,58,59,61,62,63,64,65,67,68,69,70,73,74,76,77,79,80,82,85,86,87,88,89,90,91,93,94,95,98]",62,1010,0,0,2
"[0,1,2,3,4,5,6,7,8,9,10,11,12,13,14,15,16,17,18,19,20,21,22,23,24,25,26,28,31,32,36,38,39,41,43,45,47,49,51,52,53,55,56,57,58,59,61,62,63,64,65,67,68,69,70,73,74,76,77,79,80,82,85,86,87,88,89,90,91,93,94,95,98]",63,1010,95,0.0940594059405941,2
"[0,1,2,3,4,5,6,7,8,9,10,11,12,13,14,15,16,17,18,19,20,21,22,23,24,25,26,28,31,32,36,38,39,41,43,45,47,49,51,52,53,55,56,57,58,59,61,62,63,64,65,67,68,69,70,73,74,76,77,79,80,82,85,86,87,88,89,90,91,93,94,95,98]",64,1010,23,0.0227722772277228,2
"[0,1,2,3,4,5,6,7,8,9,10,11,12,13,14,15,16,17,18,19,20,21,22,23,24,25,26,28,31,32,36,38,39,41,43,45,47,49,51,52,53,55,56,57,58,59,61,62,63,64,65,67,68,69,70,73,74,76,77,79,80,82,85,86,87,88,89,90,91,93,94,95,98]",65,1010,0,0,2
"[0,1,2,3,4,5,6,7,8,9,10,11,12,13,14,15,16,17,18,19,20,21,22,23,24,25,26,28,31,32,36,38,39,41,43,45,47,49,51,52,53,55,56,57,58,59,61,62,63,64,65,67,68,69,70,73,74,76,77,79,80,82,85,86,87,88,89,90,91,93,94,95,98]",67,1010,206,0.203960396039604,2
"[0,1,2,3,4,5,6,7,8,9,10,11,12,13,14,15,16,17,18,19,20,21,22,23,24,25,26,28,31,32,36,38,39,41,43,45,47,49,51,52,53,55,56,57,58,59,61,62,63,64,65,67,68,69,70,73,74,76,77,79,80,82,85,86,87,88,89,90,91,93,94,95,98]",68,1010,0,0,2
"[0,1,2,3,4,5,6,7,8,9,10,11,12,13,14,15,16,17,18,19,20,21,22,23,24,25,26,28,31,32,36,38,39,41,43,45,47,49,51,52,53,55,56,57,58,59,61,62,63,64,65,67,68,69,70,73,74,76,77,79,80,82,85,86,87,88,89,90,91,93,94,95,98]",69,1010,8,0.00792079207920792,2
"[0,1,2,3,4,5,6,7,8,9,10,11,12,13,14,15,16,17,18,19,20,21,22,23,24,25,26,28,31,32,36,38,39,41,43,45,47,49,51,52,53,55,56,57,58,59,61,62,63,64,65,67,68,69,70,73,74,76,77,79,80,82,85,86,87,88,89,90,91,93,94,95,98]",70,1010,19,0.0188118811881188,2
"[0,1,2,3,4,5,6,7,8,9,10,11,12,13,14,15,16,17,18,19,20,21,22,23,24,25,26,28,31,32,36,38,39,41,43,45,47,49,51,52,53,55,56,57,58,59,61,62,63,64,65,67,68,69,70,73,74,76,77,79,80,82,85,86,87,88,89,90,91,93,94,95,98]",73,1010,0,0,2
"[0,1,2,3,4,5,6,7,8,9,10,11,12,13,14,15,16,17,18,19,20,21,22,23,24,25,26,28,31,32,36,38,39,41,43,45,47,49,51,52,53,55,56,57,58,59,61,62,63,64,65,67,68,69,70,73,74,76,77,79,80,82,85,86,87,88,89,90,91,93,94,95,98]",74,1010,0,0,2
"[0,1,2,3,4,5,6,7,8,9,10,11,12,13,14,15,16,17,18,19,20,21,22,23,24,25,26,28,31,32,36,38,39,41,43,45,47,49,51,52,53,55,56,57,58,59,61,62,63,64,65,67,68,69,70,73,74,76,77,79,80,82,85,86,87,88,89,90,91,93,94,95,98]",76,1010,5,0.00495049504950495,2
"[0,1,2,3,4,5,6,7,8,9,10,11,12,13,14,15,16,17,18,19,20,21,22,23,24,25,26,28,31,32,36,38,39,41,43,45,47,49,51,52,53,55,56,57,58,59,61,62,63,64,65,67,68,69,70,73,74,76,77,79,80,82,85,86,87,88,89,90,91,93,94,95,98]",77,1010,0,0,2
"[0,1,2,3,4,5,6,7,8,9,10,11,12,13,14,15,16,17,18,19,20,21,22,23,24,25,26,28,31,32,36,38,39,41,43,45,47,49,51,52,53,55,56,57,58,59,61,62,63,64,65,67,68,69,70,73,74,76,77,79,80,82,85,86,87,88,89,90,91,93,94,95,98]",79,1010,0,0,2
"[0,1,2,3,4,5,6,7,8,9,10,11,12,13,14,15,16,17,18,19,20,21,22,23,24,25,26,28,31,32,36,38,39,41,43,45,47,49,51,52,53,55,56,57,58,59,61,62,63,64,65,67,68,69,70,73,74,76,77,79,80,82,85,86,87,88,89,90,91,93,94,95,98]",80,1010,0,0,2
"[0,1,2,3,4,5,6,7,8,9,10,11,12,13,14,15,16,17,18,19,20,21,22,23,24,25,26,28,31,32,36,38,39,41,43,45,47,49,51,52,53,55,56,57,58,59,61,62,63,64,65,67,68,69,70,73,74,76,77,79,80,82,85,86,87,88,89,90,91,93,94,95,98]",82,1010,0,0,2
"[0,1,2,3,4,5,6,7,8,9,10,11,12,13,14,15,16,17,18,19,20,21,22,23,24,25,26,28,31,32,36,38,39,41,43,45,47,49,51,52,53,55,56,57,58,59,61,62,63,64,65,67,68,69,70,73,74,76,77,79,80,82,85,86,87,88,89,90,91,93,94,95,98]",85,1010,84,0.0831683168316832,2
"[0,1,2,3,4,5,6,7,8,9,10,11,12,13,14,15,16,17,18,19,20,21,22,23,24,25,26,28,31,32,36,38,39,41,43,45,47,49,51,52,53,55,56,57,58,59,61,62,63,64,65,67,68,69,70,73,74,76,77,79,80,82,85,86,87,88,89,90,91,93,94,95,98]",86,1010,0,0,2
"[0,1,2,3,4,5,6,7,8,9,10,11,12,13,14,15,16,17,18,19,20,21,22,23,24,25,26,28,31,32,36,38,39,41,43,45,47,49,51,52,53,55,56,57,58,59,61,62,63,64,65,67,68,69,70,73,74,76,77,79,80,82,85,86,87,88,89,90,91,93,94,95,98]",87,1010,119,0.117821782178218,2
"[0,1,2,3,4,5,6,7,8,9,10,11,12,13,14,15,16,17,18,19,20,21,22,23,24,25,26,28,31,32,36,38,39,41,43,45,47,49,51,52,53,55,56,57,58,59,61,62,63,64,65,67,68,69,70,73,74,76,77,79,80,82,85,86,87,88,89,90,91,93,94,95,98]",88,1010,3,0.00297029702970297,2
"[0,1,2,3,4,5,6,7,8,9,10,11,12,13,14,15,16,17,18,19,20,21,22,23,24,25,26,28,31,32,36,38,39,41,43,45,47,49,51,52,53,55,56,57,58,59,61,62,63,64,65,67,68,69,70,73,74,76,77,79,80,82,85,86,87,88,89,90,91,93,94,95,98]",89,1010,0,0,2
"[0,1,2,3,4,5,6,7,8,9,10,11,12,13,14,15,16,17,18,19,20,21,22,23,24,25,26,28,31,32,36,38,39,41,43,45,47,49,51,52,53,55,56,57,58,59,61,62,63,64,65,67,68,69,70,73,74,76,77,79,80,82,85,86,87,88,89,90,91,93,94,95,98]",90,1010,3,0.00297029702970297,2
"[0,1,2,3,4,5,6,7,8,9,10,11,12,13,14,15,16,17,18,19,20,21,22,23,24,25,26,28,31,32,36,38,39,41,43,45,47,49,51,52,53,55,56,57,58,59,61,62,63,64,65,67,68,69,70,73,74,76,77,79,80,82,85,86,87,88,89,90,91,93,94,95,98]",91,1010,0,0,2
"[0,1,2,3,4,5,6,7,8,9,10,11,12,13,14,15,16,17,18,19,20,21,22,23,24,25,26,28,31,32,36,38,39,41,43,45,47,49,51,52,53,55,56,57,58,59,61,62,63,64,65,67,68,69,70,73,74,76,77,79,80,82,85,86,87,88,89,90,91,93,94,95,98]",93,1010,15,0.0148514851485149,2
"[0,1,2,3,4,5,6,7,8,9,10,11,12,13,14,15,16,17,18,19,20,21,22,23,24,25,26,28,31,32,36,38,39,41,43,45,47,49,51,52,53,55,56,57,58,59,61,62,63,64,65,67,68,69,70,73,74,76,77,79,80,82,85,86,87,88,89,90,91,93,94,95,98]",94,1010,9,0.00891089108910891,2
"[0,1,2,3,4,5,6,7,8,9,10,11,12,13,14,15,16,17,18,19,20,21,22,23,24,25,26,28,31,32,36,38,39,41,43,45,47,49,51,52,53,55,56,57,58,59,61,62,63,64,65,67,68,69,70,73,74,76,77,79,80,82,85,86,87,88,89,90,91,93,94,95,98]",95,1010,0,0,2
"[0,1,2,3,4,5,6,7,8,9,10,11,12,13,14,15,16,17,18,19,20,21,22,23,24,25,26,28,31,32,36,38,39,41,43,45,47,49,51,52,53,55,56,57,58,59,61,62,63,64,65,67,68,69,70,73,74,76,77,79,80,82,85,86,87,88,89,90,91,93,94,95,98]",98,1010,0,0,2
"[0,1,2,3,4,5,6,7,8,9,10,11,12,13,14,15,16,17,18,19,20,22,24,27,29,30,32,33,34,35,36,37,40,42,44,46,47,48,50,53,54,57,60,61,66,71,72,75,78,81,83,84,92,96,97,101]",0,26586,1431,0.0538253215978334,38
"[0,1,2,3,4,5,6,7,8,9,10,11,12,13,14,15,16,17,18,19,20,22,24,27,29,30,32,33,34,35,36,37,40,42,44,46,47,48,50,53,54,57,60,61,66,71,72,75,78,81,83,84,92,96,97,101]",1,26586,765,0.0287745429925525,38
"[0,1,2,3,4,5,6,7,8,9,10,11,12,13,14,15,16,17,18,19,20,22,24,27,29,30,32,33,34,35,36,37,40,42,44,46,47,48,50,53,54,57,60,61,66,71,72,75,78,81,83,84,92,96,97,101]",2,26586,2983,0.11220191078011,38
"[0,1,2,3,4,5,6,7,8,9,10,11,12,13,14,15,16,17,18,19,20,22,24,27,29,30,32,33,34,35,36,37,40,42,44,46,47,48,50,53,54,57,60,61,66,71,72,75,78,81,83,84,92,96,97,101]",3,26586,319,0.0119987963589859,38
"[0,1,2,3,4,5,6,7,8,9,10,11,12,13,14,15,16,17,18,19,20,22,24,27,29,30,32,33,34,35,36,37,40,42,44,46,47,48,50,53,54,57,60,61,66,71,72,75,78,81,83,84,92,96,97,101]",4,26586,72,0.002708192281652,38
"[0,1,2,3,4,5,6,7,8,9,10,11,12,13,14,15,16,17,18,19,20,22,24,27,29,30,32,33,34,35,36,37,40,42,44,46,47,48,50,53,54,57,60,61,66,71,72,75,78,81,83,84,92,96,97,101]",5,26586,1440,0.0541638456330399,38
"[0,1,2,3,4,5,6,7,8,9,10,11,12,13,14,15,16,17,18,19,20,22,24,27,29,30,32,33,34,35,36,37,40,42,44,46,47,48,50,53,54,57,60,61,66,71,72,75,78,81,83,84,92,96,97,101]",6,26586,5109,0.192168810652223,38
"[0,1,2,3,4,5,6,7,8,9,10,11,12,13,14,15,16,17,18,19,20,22,24,27,29,30,32,33,34,35,36,37,40,42,44,46,47,48,50,53,54,57,60,61,66,71,72,75,78,81,83,84,92,96,97,101]",7,26586,166,0.00624388776047544,38
"[0,1,2,3,4,5,6,7,8,9,10,11,12,13,14,15,16,17,18,19,20,22,24,27,29,30,32,33,34,35,36,37,40,42,44,46,47,48,50,53,54,57,60,61,66,71,72,75,78,81,83,84,92,96,97,101]",8,26586,190,0.0071466185210261,38
"[0,1,2,3,4,5,6,7,8,9,10,11,12,13,14,15,16,17,18,19,20,22,24,27,29,30,32,33,34,35,36,37,40,42,44,46,47,48,50,53,54,57,60,61,66,71,72,75,78,81,83,84,92,96,97,101]",9,26586,476,0.0179041600842549,38
"[0,1,2,3,4,5,6,7,8,9,10,11,12,13,14,15,16,17,18,19,20,22,24,27,29,30,32,33,34,35,36,37,40,42,44,46,47,48,50,53,54,57,60,61,66,71,72,75,78,81,83,84,92,96,97,101]",10,26586,0,0,38
"[0,1,2,3,4,5,6,7,8,9,10,11,12,13,14,15,16,17,18,19,20,22,24,27,29,30,32,33,34,35,36,37,40,42,44,46,47,48,50,53,54,57,60,61,66,71,72,75,78,81,83,84,92,96,97,101]",11,26586,28,0.00105318588730911,38
"[0,1,2,3,4,5,6,7,8,9,10,11,12,13,14,15,16,17,18,19,20,22,24,27,29,30,32,33,34,35,36,37,40,42,44,46,47,48,50,53,54,57,60,61,66,71,72,75,78,81,83,84,92,96,97,101]",12,26586,69,0.00259535093658316,38
"[0,1,2,3,4,5,6,7,8,9,10,11,12,13,14,15,16,17,18,19,20,22,24,27,29,30,32,33,34,35,36,37,40,42,44,46,47,48,50,53,54,57,60,61,66,71,72,75,78,81,83,84,92,96,97,101]",13,26586,3,0.000112841345068833,38
"[0,1,2,3,4,5,6,7,8,9,10,11,12,13,14,15,16,17,18,19,20,22,24,27,29,30,32,33,34,35,36,37,40,42,44,46,47,48,50,53,54,57,60,61,66,71,72,75,78,81,83,84,92,96,97,101]",14,26586,593,0.0223049725419394,38
"[0,1,2,3,4,5,6,7,8,9,10,11,12,13,14,15,16,17,18,19,20,22,24,27,29,30,32,33,34,35,36,37,40,42,44,46,47,48,50,53,54,57,60,61,66,71,72,75,78,81,83,84,92,96,97,101]",15,26586,540,0.02031144211239,38
"[0,1,2,3,4,5,6,7,8,9,10,11,12,13,14,15,16,17,18,19,20,22,24,27,29,30,32,33,34,35,36,37,40,42,44,46,47,48,50,53,54,57,60,61,66,71,72,75,78,81,83,84,92,96,97,101]",16,26586,233,0.00876401113367938,38
"[0,1,2,3,4,5,6,7,8,9,10,11,12,13,14,15,16,17,18,19,20,22,24,27,29,30,32,33,34,35,36,37,40,42,44,46,47,48,50,53,54,57,60,61,66,71,72,75,78,81,83,84,92,96,97,101]",17,26586,108,0.004062288422478,38
"[0,1,2,3,4,5,6,7,8,9,10,11,12,13,14,15,16,17,18,19,20,22,24,27,29,30,32,33,34,35,36,37,40,42,44,46,47,48,50,53,54,57,60,61,66,71,72,75,78,81,83,84,92,96,97,101]",18,26586,13,0.000488979161964944,38
"[0,1,2,3,4,5,6,7,8,9,10,11,12,13,14,15,16,17,18,19,20,22,24,27,29,30,32,33,34,35,36,37,40,42,44,46,47,48,50,53,54,57,60,61,66,71,72,75,78,81,83,84,92,96,97,101]",19,26586,0,0,38
"[0,1,2,3,4,5,6,7,8,9,10,11,12,13,14,15,16,17,18,19,20,22,24,27,29,30,32,33,34,35,36,37,40,42,44,46,47,48,50,53,54,57,60,61,66,71,72,75,78,81,83,84,92,96,97,101]",20,26586,0,0,38
"[0,1,2,3,4,5,6,7,8,9,10,11,12,13,14,15,16,17,18,19,20,22,24,27,29,30,32,33,34,35,36,37,40,42,44,46,47,48,50,53,54,57,60,61,66,71,72,75,78,81,83,84,92,96,97,101]",22,26586,377,0.0141803956969834,38
"[0,1,2,3,4,5,6,7,8,9,10,11,12,13,14,15,16,17,18,19,20,22,24,27,29,30,32,33,34,35,36,37,40,42,44,46,47,48,50,53,54,57,60,61,66,71,72,75,78,81,83,84,92,96,97,101]",24,26586,32,0.00120364101406755,38
"[0,1,2,3,4,5,6,7,8,9,10,11,12,13,14,15,16,17,18,19,20,22,24,27,29,30,32,33,34,35,36,37,40,42,44,46,47,48,50,53,54,57,60,61,66,71,72,75,78,81,83,84,92,96,97,101]",27,26586,0,0,38
"[0,1,2,3,4,5,6,7,8,9,10,11,12,13,14,15,16,17,18,19,20,22,24,27,29,30,32,33,34,35,36,37,40,42,44,46,47,48,50,53,54,57,60,61,66,71,72,75,78,81,83,84,92,96,97,101]",29,26586,41,0.00154216504927405,38
"[0,1,2,3,4,5,6,7,8,9,10,11,12,13,14,15,16,17,18,19,20,22,24,27,29,30,32,33,34,35,36,37,40,42,44,46,47,48,50,53,54,57,60,61,66,71,72,75,78,81,83,84,92,96,97,101]",30,26586,251,0.00944105920409238,38
"[0,1,2,3,4,5,6,7,8,9,10,11,12,13,14,15,16,17,18,19,20,22,24,27,29,30,32,33,34,35,36,37,40,42,44,46,47,48,50,53,54,57,60,61,66,71,72,75,78,81,83,84,92,96,97,101]",32,26586,170,0.00639434288723388,38
"[0,1,2,3,4,5,6,7,8,9,10,11,12,13,14,15,16,17,18,19,20,22,24,27,29,30,32,33,34,35,36,37,40,42,44,46,47,48,50,53,54,57,60,61,66,71,72,75,78,81,83,84,92,96,97,101]",33,26586,16,0.000601820507033777,38
"[0,1,2,3,4,5,6,7,8,9,10,11,12,13,14,15,16,17,18,19,20,22,24,27,29,30,32,33,34,35,36,37,40,42,44,46,47,48,50,53,54,57,60,61,66,71,72,75,78,81,83,84,92,96,97,101]",34,26586,2321,0.0873015873015873,38
"[0,1,2,3,4,5,6,7,8,9,10,11,12,13,14,15,16,17,18,19,20,22,24,27,29,30,32,33,34,35,36,37,40,42,44,46,47,48,50,53,54,57,60,61,66,71,72,75,78,81,83,84,92,96,97,101]",35,26586,427,0.0160610847814639,38
"[0,1,2,3,4,5,6,7,8,9,10,11,12,13,14,15,16,17,18,19,20,22,24,27,29,30,32,33,34,35,36,37,40,42,44,46,47,48,50,53,54,57,60,61,66,71,72,75,78,81,83,84,92,96,97,101]",36,26586,432,0.016249153689912,38
"[0,1,2,3,4,5,6,7,8,9,10,11,12,13,14,15,16,17,18,19,20,22,24,27,29,30,32,33,34,35,36,37,40,42,44,46,47,48,50,53,54,57,60,61,66,71,72,75,78,81,83,84,92,96,97,101]",37,26586,66,0.00248250959151433,38
"[0,1,2,3,4,5,6,7,8,9,10,11,12,13,14,15,16,17,18,19,20,22,24,27,29,30,32,33,34,35,36,37,40,42,44,46,47,48,50,53,54,57,60,61,66,71,72,75,78,81,83,84,92,96,97,101]",40,26586,62,0.00233205446475589,38
"[0,1,2,3,4,5,6,7,8,9,10,11,12,13,14,15,16,17,18,19,20,22,24,27,29,30,32,33,34,35,36,37,40,42,44,46,47,48,50,53,54,57,60,61,66,71,72,75,78,81,83,84,92,96,97,101]",42,26586,680,0.0255773715489355,38
"[0,1,2,3,4,5,6,7,8,9,10,11,12,13,14,15,16,17,18,19,20,22,24,27,29,30,32,33,34,35,36,37,40,42,44,46,47,48,50,53,54,57,60,61,66,71,72,75,78,81,83,84,92,96,97,101]",44,26586,1278,0.048070412999323,38
"[0,1,2,3,4,5,6,7,8,9,10,11,12,13,14,15,16,17,18,19,20,22,24,27,29,30,32,33,34,35,36,37,40,42,44,46,47,48,50,53,54,57,60,61,66,71,72,75,78,81,83,84,92,96,97,101]",46,26586,1537,0.0578123824569322,38
"[0,1,2,3,4,5,6,7,8,9,10,11,12,13,14,15,16,17,18,19,20,22,24,27,29,30,32,33,34,35,36,37,40,42,44,46,47,48,50,53,54,57,60,61,66,71,72,75,78,81,83,84,92,96,97,101]",47,26586,98,0.00368615060558189,38
"[0,1,2,3,4,5,6,7,8,9,10,11,12,13,14,15,16,17,18,19,20,22,24,27,29,30,32,33,34,35,36,37,40,42,44,46,47,48,50,53,54,57,60,61,66,71,72,75,78,81,83,84,92,96,97,101]",48,26586,224,0.00842548709847288,38
"[0,1,2,3,4,5,6,7,8,9,10,11,12,13,14,15,16,17,18,19,20,22,24,27,29,30,32,33,34,35,36,37,40,42,44,46,47,48,50,53,54,57,60,61,66,71,72,75,78,81,83,84,92,96,97,101]",50,26586,966,0.0363349131121643,38
"[0,1,2,3,4,5,6,7,8,9,10,11,12,13,14,15,16,17,18,19,20,22,24,27,29,30,32,33,34,35,36,37,40,42,44,46,47,48,50,53,54,57,60,61,66,71,72,75,78,81,83,84,92,96,97,101]",53,26586,100,0.00376137816896111,38
"[0,1,2,3,4,5,6,7,8,9,10,11,12,13,14,15,16,17,18,19,20,22,24,27,29,30,32,33,34,35,36,37,40,42,44,46,47,48,50,53,54,57,60,61,66,71,72,75,78,81,83,84,92,96,97,101]",54,26586,760,0.0285864740841044,38
"[0,1,2,3,4,5,6,7,8,9,10,11,12,13,14,15,16,17,18,19,20,22,24,27,29,30,32,33,34,35,36,37,40,42,44,46,47,48,50,53,54,57,60,61,66,71,72,75,78,81,83,84,92,96,97,101]",57,26586,243,0.00914014895057549,38
"[0,1,2,3,4,5,6,7,8,9,10,11,12,13,14,15,16,17,18,19,20,22,24,27,29,30,32,33,34,35,36,37,40,42,44,46,47,48,50,53,54,57,60,61,66,71,72,75,78,81,83,84,92,96,97,101]",60,26586,1075,0.0404348153163319,38
"[0,1,2,3,4,5,6,7,8,9,10,11,12,13,14,15,16,17,18,19,20,22,24,27,29,30,32,33,34,35,36,37,40,42,44,46,47,48,50,53,54,57,60,61,66,71,72,75,78,81,83,84,92,96,97,101]",61,26586,71,0.00267057849996239,38
"[0,1,2,3,4,5,6,7,8,9,10,11,12,13,14,15,16,17,18,19,20,22,24,27,29,30,32,33,34,35,36,37,40,42,44,46,47,48,50,53,54,57,60,61,66,71,72,75,78,81,83,84,92,96,97,101]",66,26586,46,0.00173023395772211,38
"[0,1,2,3,4,5,6,7,8,9,10,11,12,13,14,15,16,17,18,19,20,22,24,27,29,30,32,33,34,35,36,37,40,42,44,46,47,48,50,53,54,57,60,61,66,71,72,75,78,81,83,84,92,96,97,101]",71,26586,106,0.00398706085909877,38
"[0,1,2,3,4,5,6,7,8,9,10,11,12,13,14,15,16,17,18,19,20,22,24,27,29,30,32,33,34,35,36,37,40,42,44,46,47,48,50,53,54,57,60,61,66,71,72,75,78,81,83,84,92,96,97,101]",72,26586,0,0,38
"[0,1,2,3,4,5,6,7,8,9,10,11,12,13,14,15,16,17,18,19,20,22,24,27,29,30,32,33,34,35,36,37,40,42,44,46,47,48,50,53,54,57,60,61,66,71,72,75,78,81,83,84,92,96,97,101]",75,26586,47,0.00176784773941172,38
"[0,1,2,3,4,5,6,7,8,9,10,11,12,13,14,15,16,17,18,19,20,22,24,27,29,30,32,33,34,35,36,37,40,42,44,46,47,48,50,53,54,57,60,61,66,71,72,75,78,81,83,84,92,96,97,101]",78,26586,98,0.00368615060558189,38
"[0,1,2,3,4,5,6,7,8,9,10,11,12,13,14,15,16,17,18,19,20,22,24,27,29,30,32,33,34,35,36,37,40,42,44,46,47,48,50,53,54,57,60,61,66,71,72,75,78,81,83,84,92,96,97,101]",81,26586,14,0.000526592943654555,38
"[0,1,2,3,4,5,6,7,8,9,10,11,12,13,14,15,16,17,18,19,20,22,24,27,29,30,32,33,34,35,36,37,40,42,44,46,47,48,50,53,54,57,60,61,66,71,72,75,78,81,83,84,92,96,97,101]",83,26586,0,0,38
"[0,1,2,3,4,5,6,7,8,9,10,11,12,13,14,15,16,17,18,19,20,22,24,27,29,30,32,33,34,35,36,37,40,42,44,46,47,48,50,53,54,57,60,61,66,71,72,75,78,81,83,84,92,96,97,101]",84,26586,107,0.00402467464078838,38
"[0,1,2,3,4,5,6,7,8,9,10,11,12,13,14,15,16,17,18,19,20,22,24,27,29,30,32,33,34,35,36,37,40,42,44,46,47,48,50,53,54,57,60,61,66,71,72,75,78,81,83,84,92,96,97,101]",92,26586,118,0.00443842623937411,38
"[0,1,2,3,4,5,6,7,8,9,10,11,12,13,14,15,16,17,18,19,20,22,24,27,29,30,32,33,34,35,36,37,40,42,44,46,47,48,50,53,54,57,60,61,66,71,72,75,78,81,83,84,92,96,97,101]",96,26586,143,0.00537877078161438,38
"[0,1,2,3,4,5,6,7,8,9,10,11,12,13,14,15,16,17,18,19,20,22,24,27,29,30,32,33,34,35,36,37,40,42,44,46,47,48,50,53,54,57,60,61,66,71,72,75,78,81,83,84,92,96,97,101]",97,26586,101,0.00379899195065072,38
"[0,1,2,3,4,5,6,7,8,9,10,11,12,13,14,15,16,17,18,19,20,22,24,27,29,30,32,33,34,35,36,37,40,42,44,46,47,48,50,53,54,57,60,61,66,71,72,75,78,81,83,84,92,96,97,101]",101,26586,41,0.00154216504927405,38
"[0,1,2,3,4,5,6,7,8,9,10,11,12,13,14,15,19,20,21,23,25,26,28,31,32,36,38,39,43,45,47,49,51,52,55,56,58,59,62,63,64,65,67,68,69,70,73,74,76,77,79,80,82,86,89,91,98]",0,964,52,0.0539419087136929,2
"[0,1,2,3,4,5,6,7,8,9,10,11,12,13,14,15,19,20,21,23,25,26,28,31,32,36,38,39,43,45,47,49,51,52,55,56,58,59,62,63,64,65,67,68,69,70,73,74,76,77,79,80,82,86,89,91,98]",1,964,22,0.0228215767634855,2
"[0,1,2,3,4,5,6,7,8,9,10,11,12,13,14,15,19,20,21,23,25,26,28,31,32,36,38,39,43,45,47,49,51,52,55,56,58,59,62,63,64,65,67,68,69,70,73,74,76,77,79,80,82,86,89,91,98]",2,964,234,0.242738589211618,2
"[0,1,2,3,4,5,6,7,8,9,10,11,12,13,14,15,19,20,21,23,25,26,28,31,32,36,38,39,43,45,47,49,51,52,55,56,58,59,62,63,64,65,67,68,69,70,73,74,76,77,79,80,82,86,89,91,98]",3,964,0,0,2
"[0,1,2,3,4,5,6,7,8,9,10,11,12,13,14,15,19,20,21,23,25,26,28,31,32,36,38,39,43,45,47,49,51,52,55,56,58,59,62,63,64,65,67,68,69,70,73,74,76,77,79,80,82,86,89,91,98]",4,964,1,0.00103734439834025,2
"[0,1,2,3,4,5,6,7,8,9,10,11,12,13,14,15,19,20,21,23,25,26,28,31,32,36,38,39,43,45,47,49,51,52,55,56,58,59,62,63,64,65,67,68,69,70,73,74,76,77,79,80,82,86,89,91,98]",5,964,93,0.0964730290456432,2
"[0,1,2,3,4,5,6,7,8,9,10,11,12,13,14,15,19,20,21,23,25,26,28,31,32,36,38,39,43,45,47,49,51,52,55,56,58,59,62,63,64,65,67,68,69,70,73,74,76,77,79,80,82,86,89,91,98]",6,964,0,0,2
"[0,1,2,3,4,5,6,7,8,9,10,11,12,13,14,15,19,20,21,23,25,26,28,31,32,36,38,39,43,45,47,49,51,52,55,56,58,59,62,63,64,65,67,68,69,70,73,74,76,77,79,80,82,86,89,91,98]",7,964,15,0.0155601659751037,2
"[0,1,2,3,4,5,6,7,8,9,10,11,12,13,14,15,19,20,21,23,25,26,28,31,32,36,38,39,43,45,47,49,51,52,55,56,58,59,62,63,64,65,67,68,69,70,73,74,76,77,79,80,82,86,89,91,98]",8,964,0,0,2
"[0,1,2,3,4,5,6,7,8,9,10,11,12,13,14,15,19,20,21,23,25,26,28,31,32,36,38,39,43,45,47,49,51,52,55,56,58,59,62,63,64,65,67,68,69,70,73,74,76,77,79,80,82,86,89,91,98]",9,964,47,0.0487551867219917,2
"[0,1,2,3,4,5,6,7,8,9,10,11,12,13,14,15,19,20,21,23,25,26,28,31,32,36,38,39,43,45,47,49,51,52,55,56,58,59,62,63,64,65,67,68,69,70,73,74,76,77,79,80,82,86,89,91,98]",10,964,0,0,2
"[0,1,2,3,4,5,6,7,8,9,10,11,12,13,14,15,19,20,21,23,25,26,28,31,32,36,38,39,43,45,47,49,51,52,55,56,58,59,62,63,64,65,67,68,69,70,73,74,76,77,79,80,82,86,89,91,98]",11,964,0,0,2
"[0,1,2,3,4,5,6,7,8,9,10,11,12,13,14,15,19,20,21,23,25,26,28,31,32,36,38,39,43,45,47,49,51,52,55,56,58,59,62,63,64,65,67,68,69,70,73,74,76,77,79,80,82,86,89,91,98]",12,964,0,0,2
"[0,1,2,3,4,5,6,7,8,9,10,11,12,13,14,15,19,20,21,23,25,26,28,31,32,36,38,39,43,45,47,49,51,52,55,56,58,59,62,63,64,65,67,68,69,70,73,74,76,77,79,80,82,86,89,91,98]",13,964,0,0,2
"[0,1,2,3,4,5,6,7,8,9,10,11,12,13,14,15,19,20,21,23,25,26,28,31,32,36,38,39,43,45,47,49,51,52,55,56,58,59,62,63,64,65,67,68,69,70,73,74,76,77,79,80,82,86,89,91,98]",14,964,0,0,2
"[0,1,2,3,4,5,6,7,8,9,10,11,12,13,14,15,19,20,21,23,25,26,28,31,32,36,38,39,43,45,47,49,51,52,55,56,58,59,62,63,64,65,67,68,69,70,73,74,76,77,79,80,82,86,89,91,98]",15,964,0,0,2
"[0,1,2,3,4,5,6,7,8,9,10,11,12,13,14,15,19,20,21,23,25,26,28,31,32,36,38,39,43,45,47,49,51,52,55,56,58,59,62,63,64,65,67,68,69,70,73,74,76,77,79,80,82,86,89,91,98]",19,964,0,0,2
"[0,1,2,3,4,5,6,7,8,9,10,11,12,13,14,15,19,20,21,23,25,26,28,31,32,36,38,39,43,45,47,49,51,52,55,56,58,59,62,63,64,65,67,68,69,70,73,74,76,77,79,80,82,86,89,91,98]",20,964,0,0,2
"[0,1,2,3,4,5,6,7,8,9,10,11,12,13,14,15,19,20,21,23,25,26,28,31,32,36,38,39,43,45,47,49,51,52,55,56,58,59,62,63,64,65,67,68,69,70,73,74,76,77,79,80,82,86,89,91,98]",21,964,65,0.0674273858921162,2
"[0,1,2,3,4,5,6,7,8,9,10,11,12,13,14,15,19,20,21,23,25,26,28,31,32,36,38,39,43,45,47,49,51,52,55,56,58,59,62,63,64,65,67,68,69,70,73,74,76,77,79,80,82,86,89,91,98]",23,964,4,0.004149377593361,2
"[0,1,2,3,4,5,6,7,8,9,10,11,12,13,14,15,19,20,21,23,25,26,28,31,32,36,38,39,43,45,47,49,51,52,55,56,58,59,62,63,64,65,67,68,69,70,73,74,76,77,79,80,82,86,89,91,98]",25,964,23,0.0238589211618257,2
"[0,1,2,3,4,5,6,7,8,9,10,11,12,13,14,15,19,20,21,23,25,26,28,31,32,36,38,39,43,45,47,49,51,52,55,56,58,59,62,63,64,65,67,68,69,70,73,74,76,77,79,80,82,86,89,91,98]",26,964,1,0.00103734439834025,2
"[0,1,2,3,4,5,6,7,8,9,10,11,12,13,14,15,19,20,21,23,25,26,28,31,32,36,38,39,43,45,47,49,51,52,55,56,58,59,62,63,64,65,67,68,69,70,73,74,76,77,79,80,82,86,89,91,98]",28,964,0,0,2
"[0,1,2,3,4,5,6,7,8,9,10,11,12,13,14,15,19,20,21,23,25,26,28,31,32,36,38,39,43,45,47,49,51,52,55,56,58,59,62,63,64,65,67,68,69,70,73,74,76,77,79,80,82,86,89,91,98]",31,964,14,0.0145228215767635,2
"[0,1,2,3,4,5,6,7,8,9,10,11,12,13,14,15,19,20,21,23,25,26,28,31,32,36,38,39,43,45,47,49,51,52,55,56,58,59,62,63,64,65,67,68,69,70,73,74,76,77,79,80,82,86,89,91,98]",32,964,0,0,2
"[0,1,2,3,4,5,6,7,8,9,10,11,12,13,14,15,19,20,21,23,25,26,28,31,32,36,38,39,43,45,47,49,51,52,55,56,58,59,62,63,64,65,67,68,69,70,73,74,76,77,79,80,82,86,89,91,98]",36,964,0,0,2
"[0,1,2,3,4,5,6,7,8,9,10,11,12,13,14,15,19,20,21,23,25,26,28,31,32,36,38,39,43,45,47,49,51,52,55,56,58,59,62,63,64,65,67,68,69,70,73,74,76,77,79,80,82,86,89,91,98]",38,964,0,0,2
"[0,1,2,3,4,5,6,7,8,9,10,11,12,13,14,15,19,20,21,23,25,26,28,31,32,36,38,39,43,45,47,49,51,52,55,56,58,59,62,63,64,65,67,68,69,70,73,74,76,77,79,80,82,86,89,91,98]",39,964,9,0.00933609958506224,2
"[0,1,2,3,4,5,6,7,8,9,10,11,12,13,14,15,19,20,21,23,25,26,28,31,32,36,38,39,43,45,47,49,51,52,55,56,58,59,62,63,64,65,67,68,69,70,73,74,76,77,79,80,82,86,89,91,98]",43,964,14,0.0145228215767635,2
"[0,1,2,3,4,5,6,7,8,9,10,11,12,13,14,15,19,20,21,23,25,26,28,31,32,36,38,39,43,45,47,49,51,52,55,56,58,59,62,63,64,65,67,68,69,70,73,74,76,77,79,80,82,86,89,91,98]",45,964,12,0.012448132780083,2
"[0,1,2,3,4,5,6,7,8,9,10,11,12,13,14,15,19,20,21,23,25,26,28,31,32,36,38,39,43,45,47,49,51,52,55,56,58,59,62,63,64,65,67,68,69,70,73,74,76,77,79,80,82,86,89,91,98]",47,964,0,0,2
"[0,1,2,3,4,5,6,7,8,9,10,11,12,13,14,15,19,20,21,23,25,26,28,31,32,36,38,39,43,45,47,49,51,52,55,56,58,59,62,63,64,65,67,68,69,70,73,74,76,77,79,80,82,86,89,91,98]",49,964,6,0.00622406639004149,2
"[0,1,2,3,4,5,6,7,8,9,10,11,12,13,14,15,19,20,21,23,25,26,28,31,32,36,38,39,43,45,47,49,51,52,55,56,58,59,62,63,64,65,67,68,69,70,73,74,76,77,79,80,82,86,89,91,98]",51,964,11,0.0114107883817427,2
"[0,1,2,3,4,5,6,7,8,9,10,11,12,13,14,15,19,20,21,23,25,26,28,31,32,36,38,39,43,45,47,49,51,52,55,56,58,59,62,63,64,65,67,68,69,70,73,74,76,77,79,80,82,86,89,91,98]",52,964,3,0.00311203319502075,2
"[0,1,2,3,4,5,6,7,8,9,10,11,12,13,14,15,19,20,21,23,25,26,28,31,32,36,38,39,43,45,47,49,51,52,55,56,58,59,62,63,64,65,67,68,69,70,73,74,76,77,79,80,82,86,89,91,98]",55,964,0,0,2
"[0,1,2,3,4,5,6,7,8,9,10,11,12,13,14,15,19,20,21,23,25,26,28,31,32,36,38,39,43,45,47,49,51,52,55,56,58,59,62,63,64,65,67,68,69,70,73,74,76,77,79,80,82,86,89,91,98]",56,964,3,0.00311203319502075,2
"[0,1,2,3,4,5,6,7,8,9,10,11,12,13,14,15,19,20,21,23,25,26,28,31,32,36,38,39,43,45,47,49,51,52,55,56,58,59,62,63,64,65,67,68,69,70,73,74,76,77,79,80,82,86,89,91,98]",58,964,0,0,2
"[0,1,2,3,4,5,6,7,8,9,10,11,12,13,14,15,19,20,21,23,25,26,28,31,32,36,38,39,43,45,47,49,51,52,55,56,58,59,62,63,64,65,67,68,69,70,73,74,76,77,79,80,82,86,89,91,98]",59,964,2,0.0020746887966805,2
"[0,1,2,3,4,5,6,7,8,9,10,11,12,13,14,15,19,20,21,23,25,26,28,31,32,36,38,39,43,45,47,49,51,52,55,56,58,59,62,63,64,65,67,68,69,70,73,74,76,77,79,80,82,86,89,91,98]",62,964,0,0,2
"[0,1,2,3,4,5,6,7,8,9,10,11,12,13,14,15,19,20,21,23,25,26,28,31,32,36,38,39,43,45,47,49,51,52,55,56,58,59,62,63,64,65,67,68,69,70,73,74,76,77,79,80,82,86,89,91,98]",63,964,115,0.119294605809129,2
"[0,1,2,3,4,5,6,7,8,9,10,11,12,13,14,15,19,20,21,23,25,26,28,31,32,36,38,39,43,45,47,49,51,52,55,56,58,59,62,63,64,65,67,68,69,70,73,74,76,77,79,80,82,86,89,91,98]",64,964,15,0.0155601659751037,2
"[0,1,2,3,4,5,6,7,8,9,10,11,12,13,14,15,19,20,21,23,25,26,28,31,32,36,38,39,43,45,47,49,51,52,55,56,58,59,62,63,64,65,67,68,69,70,73,74,76,77,79,80,82,86,89,91,98]",65,964,3,0.00311203319502075,2
"[0,1,2,3,4,5,6,7,8,9,10,11,12,13,14,15,19,20,21,23,25,26,28,31,32,36,38,39,43,45,47,49,51,52,55,56,58,59,62,63,64,65,67,68,69,70,73,74,76,77,79,80,82,86,89,91,98]",67,964,108,0.112033195020747,2
"[0,1,2,3,4,5,6,7,8,9,10,11,12,13,14,15,19,20,21,23,25,26,28,31,32,36,38,39,43,45,47,49,51,52,55,56,58,59,62,63,64,65,67,68,69,70,73,74,76,77,79,80,82,86,89,91,98]",68,964,0,0,2
"[0,1,2,3,4,5,6,7,8,9,10,11,12,13,14,15,19,20,21,23,25,26,28,31,32,36,38,39,43,45,47,49,51,52,55,56,58,59,62,63,64,65,67,68,69,70,73,74,76,77,79,80,82,86,89,91,98]",69,964,26,0.0269709543568465,2
"[0,1,2,3,4,5,6,7,8,9,10,11,12,13,14,15,19,20,21,23,25,26,28,31,32,36,38,39,43,45,47,49,51,52,55,56,58,59,62,63,64,65,67,68,69,70,73,74,76,77,79,80,82,86,89,91,98]",70,964,19,0.0197095435684647,2
"[0,1,2,3,4,5,6,7,8,9,10,11,12,13,14,15,19,20,21,23,25,26,28,31,32,36,38,39,43,45,47,49,51,52,55,56,58,59,62,63,64,65,67,68,69,70,73,74,76,77,79,80,82,86,89,91,98]",73,964,0,0,2
"[0,1,2,3,4,5,6,7,8,9,10,11,12,13,14,15,19,20,21,23,25,26,28,31,32,36,38,39,43,45,47,49,51,52,55,56,58,59,62,63,64,65,67,68,69,70,73,74,76,77,79,80,82,86,89,91,98]",74,964,0,0,2
"[0,1,2,3,4,5,6,7,8,9,10,11,12,13,14,15,19,20,21,23,25,26,28,31,32,36,38,39,43,45,47,49,51,52,55,56,58,59,62,63,64,65,67,68,69,70,73,74,76,77,79,80,82,86,89,91,98]",76,964,1,0.00103734439834025,2
"[0,1,2,3,4,5,6,7,8,9,10,11,12,13,14,15,19,20,21,23,25,26,28,31,32,36,38,39,43,45,47,49,51,52,55,56,58,59,62,63,64,65,67,68,69,70,73,74,76,77,79,80,82,86,89,91,98]",77,964,0,0,2
"[0,1,2,3,4,5,6,7,8,9,10,11,12,13,14,15,19,20,21,23,25,26,28,31,32,36,38,39,43,45,47,49,51,52,55,56,58,59,62,63,64,65,67,68,69,70,73,74,76,77,79,80,82,86,89,91,98]",79,964,0,0,2
"[0,1,2,3,4,5,6,7,8,9,10,11,12,13,14,15,19,20,21,23,25,26,28,31,32,36,38,39,43,45,47,49,51,52,55,56,58,59,62,63,64,65,67,68,69,70,73,74,76,77,79,80,82,86,89,91,98]",80,964,0,0,2
"[0,1,2,3,4,5,6,7,8,9,10,11,12,13,14,15,19,20,21,23,25,26,28,31,32,36,38,39,43,45,47,49,51,52,55,56,58,59,62,63,64,65,67,68,69,70,73,74,76,77,79,80,82,86,89,91,98]",82,964,1,0.00103734439834025,2
"[0,1,2,3,4,5,6,7,8,9,10,11,12,13,14,15,19,20,21,23,25,26,28,31,32,36,38,39,43,45,47,49,51,52,55,56,58,59,62,63,64,65,67,68,69,70,73,74,76,77,79,80,82,86,89,91,98]",86,964,8,0.00829875518672199,2
"[0,1,2,3,4,5,6,7,8,9,10,11,12,13,14,15,19,20,21,23,25,26,28,31,32,36,38,39,43,45,47,49,51,52,55,56,58,59,62,63,64,65,67,68,69,70,73,74,76,77,79,80,82,86,89,91,98]",89,964,37,0.0383817427385892,2
"[0,1,2,3,4,5,6,7,8,9,10,11,12,13,14,15,19,20,21,23,25,26,28,31,32,36,38,39,43,45,47,49,51,52,55,56,58,59,62,63,64,65,67,68,69,70,73,74,76,77,79,80,82,86,89,91,98]",91,964,0,0,2
"[0,1,2,3,4,5,6,7,8,9,10,11,12,13,14,15,19,20,21,23,25,26,28,31,32,36,38,39,43,45,47,49,51,52,55,56,58,59,62,63,64,65,67,68,69,70,73,74,76,77,79,80,82,86,89,91,98]",98,964,0,0,2
"[0,1,2,3,4,5,6,7,8,9,10,11,12,13,14,19,20,21,23,25,26,28,31,32,36,38,39,43,45,47,49,51,52,55,56,58,59,62,63,64,65,67,68,69,70,73,74,76,77,79,80,82,86,89,91,98]",0,364,20,0.0549450549450549,2
"[0,1,2,3,4,5,6,7,8,9,10,11,12,13,14,19,20,21,23,25,26,28,31,32,36,38,39,43,45,47,49,51,52,55,56,58,59,62,63,64,65,67,68,69,70,73,74,76,77,79,80,82,86,89,91,98]",1,364,12,0.032967032967033,2
"[0,1,2,3,4,5,6,7,8,9,10,11,12,13,14,19,20,21,23,25,26,28,31,32,36,38,39,43,45,47,49,51,52,55,56,58,59,62,63,64,65,67,68,69,70,73,74,76,77,79,80,82,86,89,91,98]",2,364,41,0.112637362637363,2
"[0,1,2,3,4,5,6,7,8,9,10,11,12,13,14,19,20,21,23,25,26,28,31,32,36,38,39,43,45,47,49,51,52,55,56,58,59,62,63,64,65,67,68,69,70,73,74,76,77,79,80,82,86,89,91,98]",3,364,0,0,2
"[0,1,2,3,4,5,6,7,8,9,10,11,12,13,14,19,20,21,23,25,26,28,31,32,36,38,39,43,45,47,49,51,52,55,56,58,59,62,63,64,65,67,68,69,70,73,74,76,77,79,80,82,86,89,91,98]",4,364,3,0.00824175824175824,2
"[0,1,2,3,4,5,6,7,8,9,10,11,12,13,14,19,20,21,23,25,26,28,31,32,36,38,39,43,45,47,49,51,52,55,56,58,59,62,63,64,65,67,68,69,70,73,74,76,77,79,80,82,86,89,91,98]",5,364,34,0.0934065934065934,2
"[0,1,2,3,4,5,6,7,8,9,10,11,12,13,14,19,20,21,23,25,26,28,31,32,36,38,39,43,45,47,49,51,52,55,56,58,59,62,63,64,65,67,68,69,70,73,74,76,77,79,80,82,86,89,91,98]",6,364,0,0,2
"[0,1,2,3,4,5,6,7,8,9,10,11,12,13,14,19,20,21,23,25,26,28,31,32,36,38,39,43,45,47,49,51,52,55,56,58,59,62,63,64,65,67,68,69,70,73,74,76,77,79,80,82,86,89,91,98]",7,364,19,0.0521978021978022,2
"[0,1,2,3,4,5,6,7,8,9,10,11,12,13,14,19,20,21,23,25,26,28,31,32,36,38,39,43,45,47,49,51,52,55,56,58,59,62,63,64,65,67,68,69,70,73,74,76,77,79,80,82,86,89,91,98]",8,364,0,0,2
"[0,1,2,3,4,5,6,7,8,9,10,11,12,13,14,19,20,21,23,25,26,28,31,32,36,38,39,43,45,47,49,51,52,55,56,58,59,62,63,64,65,67,68,69,70,73,74,76,77,79,80,82,86,89,91,98]",9,364,31,0.0851648351648352,2
"[0,1,2,3,4,5,6,7,8,9,10,11,12,13,14,19,20,21,23,25,26,28,31,32,36,38,39,43,45,47,49,51,52,55,56,58,59,62,63,64,65,67,68,69,70,73,74,76,77,79,80,82,86,89,91,98]",10,364,1,0.00274725274725275,2
"[0,1,2,3,4,5,6,7,8,9,10,11,12,13,14,19,20,21,23,25,26,28,31,32,36,38,39,43,45,47,49,51,52,55,56,58,59,62,63,64,65,67,68,69,70,73,74,76,77,79,80,82,86,89,91,98]",11,364,0,0,2
"[0,1,2,3,4,5,6,7,8,9,10,11,12,13,14,19,20,21,23,25,26,28,31,32,36,38,39,43,45,47,49,51,52,55,56,58,59,62,63,64,65,67,68,69,70,73,74,76,77,79,80,82,86,89,91,98]",12,364,0,0,2
"[0,1,2,3,4,5,6,7,8,9,10,11,12,13,14,19,20,21,23,25,26,28,31,32,36,38,39,43,45,47,49,51,52,55,56,58,59,62,63,64,65,67,68,69,70,73,74,76,77,79,80,82,86,89,91,98]",13,364,0,0,2
"[0,1,2,3,4,5,6,7,8,9,10,11,12,13,14,19,20,21,23,25,26,28,31,32,36,38,39,43,45,47,49,51,52,55,56,58,59,62,63,64,65,67,68,69,70,73,74,76,77,79,80,82,86,89,91,98]",14,364,0,0,2
"[0,1,2,3,4,5,6,7,8,9,10,11,12,13,14,19,20,21,23,25,26,28,31,32,36,38,39,43,45,47,49,51,52,55,56,58,59,62,63,64,65,67,68,69,70,73,74,76,77,79,80,82,86,89,91,98]",19,364,0,0,2
"[0,1,2,3,4,5,6,7,8,9,10,11,12,13,14,19,20,21,23,25,26,28,31,32,36,38,39,43,45,47,49,51,52,55,56,58,59,62,63,64,65,67,68,69,70,73,74,76,77,79,80,82,86,89,91,98]",20,364,0,0,2
"[0,1,2,3,4,5,6,7,8,9,10,11,12,13,14,19,20,21,23,25,26,28,31,32,36,38,39,43,45,47,49,51,52,55,56,58,59,62,63,64,65,67,68,69,70,73,74,76,77,79,80,82,86,89,91,98]",21,364,21,0.0576923076923077,2
"[0,1,2,3,4,5,6,7,8,9,10,11,12,13,14,19,20,21,23,25,26,28,31,32,36,38,39,43,45,47,49,51,52,55,56,58,59,62,63,64,65,67,68,69,70,73,74,76,77,79,80,82,86,89,91,98]",23,364,1,0.00274725274725275,2
"[0,1,2,3,4,5,6,7,8,9,10,11,12,13,14,19,20,21,23,25,26,28,31,32,36,38,39,43,45,47,49,51,52,55,56,58,59,62,63,64,65,67,68,69,70,73,74,76,77,79,80,82,86,89,91,98]",25,364,12,0.032967032967033,2
"[0,1,2,3,4,5,6,7,8,9,10,11,12,13,14,19,20,21,23,25,26,28,31,32,36,38,39,43,45,47,49,51,52,55,56,58,59,62,63,64,65,67,68,69,70,73,74,76,77,79,80,82,86,89,91,98]",26,364,1,0.00274725274725275,2
"[0,1,2,3,4,5,6,7,8,9,10,11,12,13,14,19,20,21,23,25,26,28,31,32,36,38,39,43,45,47,49,51,52,55,56,58,59,62,63,64,65,67,68,69,70,73,74,76,77,79,80,82,86,89,91,98]",28,364,0,0,2
"[0,1,2,3,4,5,6,7,8,9,10,11,12,13,14,19,20,21,23,25,26,28,31,32,36,38,39,43,45,47,49,51,52,55,56,58,59,62,63,64,65,67,68,69,70,73,74,76,77,79,80,82,86,89,91,98]",31,364,3,0.00824175824175824,2
"[0,1,2,3,4,5,6,7,8,9,10,11,12,13,14,19,20,21,23,25,26,28,31,32,36,38,39,43,45,47,49,51,52,55,56,58,59,62,63,64,65,67,68,69,70,73,74,76,77,79,80,82,86,89,91,98]",32,364,0,0,2
"[0,1,2,3,4,5,6,7,8,9,10,11,12,13,14,19,20,21,23,25,26,28,31,32,36,38,39,43,45,47,49,51,52,55,56,58,59,62,63,64,65,67,68,69,70,73,74,76,77,79,80,82,86,89,91,98]",36,364,0,0,2
"[0,1,2,3,4,5,6,7,8,9,10,11,12,13,14,19,20,21,23,25,26,28,31,32,36,38,39,43,45,47,49,51,52,55,56,58,59,62,63,64,65,67,68,69,70,73,74,76,77,79,80,82,86,89,91,98]",38,364,0,0,2
"[0,1,2,3,4,5,6,7,8,9,10,11,12,13,14,19,20,21,23,25,26,28,31,32,36,38,39,43,45,47,49,51,52,55,56,58,59,62,63,64,65,67,68,69,70,73,74,76,77,79,80,82,86,89,91,98]",39,364,11,0.0302197802197802,2
"[0,1,2,3,4,5,6,7,8,9,10,11,12,13,14,19,20,21,23,25,26,28,31,32,36,38,39,43,45,47,49,51,52,55,56,58,59,62,63,64,65,67,68,69,70,73,74,76,77,79,80,82,86,89,91,98]",43,364,8,0.021978021978022,2
"[0,1,2,3,4,5,6,7,8,9,10,11,12,13,14,19,20,21,23,25,26,28,31,32,36,38,39,43,45,47,49,51,52,55,56,58,59,62,63,64,65,67,68,69,70,73,74,76,77,79,80,82,86,89,91,98]",45,364,2,0.00549450549450549,2
"[0,1,2,3,4,5,6,7,8,9,10,11,12,13,14,19,20,21,23,25,26,28,31,32,36,38,39,43,45,47,49,51,52,55,56,58,59,62,63,64,65,67,68,69,70,73,74,76,77,79,80,82,86,89,91,98]",47,364,0,0,2
"[0,1,2,3,4,5,6,7,8,9,10,11,12,13,14,19,20,21,23,25,26,28,31,32,36,38,39,43,45,47,49,51,52,55,56,58,59,62,63,64,65,67,68,69,70,73,74,76,77,79,80,82,86,89,91,98]",49,364,2,0.00549450549450549,2
"[0,1,2,3,4,5,6,7,8,9,10,11,12,13,14,19,20,21,23,25,26,28,31,32,36,38,39,43,45,47,49,51,52,55,56,58,59,62,63,64,65,67,68,69,70,73,74,76,77,79,80,82,86,89,91,98]",51,364,8,0.021978021978022,2
"[0,1,2,3,4,5,6,7,8,9,10,11,12,13,14,19,20,21,23,25,26,28,31,32,36,38,39,43,45,47,49,51,52,55,56,58,59,62,63,64,65,67,68,69,70,73,74,76,77,79,80,82,86,89,91,98]",52,364,2,0.00549450549450549,2
"[0,1,2,3,4,5,6,7,8,9,10,11,12,13,14,19,20,21,23,25,26,28,31,32,36,38,39,43,45,47,49,51,52,55,56,58,59,62,63,64,65,67,68,69,70,73,74,76,77,79,80,82,86,89,91,98]",55,364,0,0,2
"[0,1,2,3,4,5,6,7,8,9,10,11,12,13,14,19,20,21,23,25,26,28,31,32,36,38,39,43,45,47,49,51,52,55,56,58,59,62,63,64,65,67,68,69,70,73,74,76,77,79,80,82,86,89,91,98]",56,364,0,0,2
"[0,1,2,3,4,5,6,7,8,9,10,11,12,13,14,19,20,21,23,25,26,28,31,32,36,38,39,43,45,47,49,51,52,55,56,58,59,62,63,64,65,67,68,69,70,73,74,76,77,79,80,82,86,89,91,98]",58,364,0,0,2
"[0,1,2,3,4,5,6,7,8,9,10,11,12,13,14,19,20,21,23,25,26,28,31,32,36,38,39,43,45,47,49,51,52,55,56,58,59,62,63,64,65,67,68,69,70,73,74,76,77,79,80,82,86,89,91,98]",59,364,2,0.00549450549450549,2
"[0,1,2,3,4,5,6,7,8,9,10,11,12,13,14,19,20,21,23,25,26,28,31,32,36,38,39,43,45,47,49,51,52,55,56,58,59,62,63,64,65,67,68,69,70,73,74,76,77,79,80,82,86,89,91,98]",62,364,0,0,2
"[0,1,2,3,4,5,6,7,8,9,10,11,12,13,14,19,20,21,23,25,26,28,31,32,36,38,39,43,45,47,49,51,52,55,56,58,59,62,63,64,65,67,68,69,70,73,74,76,77,79,80,82,86,89,91,98]",63,364,49,0.134615384615385,2
"[0,1,2,3,4,5,6,7,8,9,10,11,12,13,14,19,20,21,23,25,26,28,31,32,36,38,39,43,45,47,49,51,52,55,56,58,59,62,63,64,65,67,68,69,70,73,74,76,77,79,80,82,86,89,91,98]",64,364,7,0.0192307692307692,2
"[0,1,2,3,4,5,6,7,8,9,10,11,12,13,14,19,20,21,23,25,26,28,31,32,36,38,39,43,45,47,49,51,52,55,56,58,59,62,63,64,65,67,68,69,70,73,74,76,77,79,80,82,86,89,91,98]",65,364,2,0.00549450549450549,2
"[0,1,2,3,4,5,6,7,8,9,10,11,12,13,14,19,20,21,23,25,26,28,31,32,36,38,39,43,45,47,49,51,52,55,56,58,59,62,63,64,65,67,68,69,70,73,74,76,77,79,80,82,86,89,91,98]",67,364,55,0.151098901098901,2
"[0,1,2,3,4,5,6,7,8,9,10,11,12,13,14,19,20,21,23,25,26,28,31,32,36,38,39,43,45,47,49,51,52,55,56,58,59,62,63,64,65,67,68,69,70,73,74,76,77,79,80,82,86,89,91,98]",68,364,0,0,2
"[0,1,2,3,4,5,6,7,8,9,10,11,12,13,14,19,20,21,23,25,26,28,31,32,36,38,39,43,45,47,49,51,52,55,56,58,59,62,63,64,65,67,68,69,70,73,74,76,77,79,80,82,86,89,91,98]",69,364,3,0.00824175824175824,2
"[0,1,2,3,4,5,6,7,8,9,10,11,12,13,14,19,20,21,23,25,26,28,31,32,36,38,39,43,45,47,49,51,52,55,56,58,59,62,63,64,65,67,68,69,70,73,74,76,77,79,80,82,86,89,91,98]",70,364,9,0.0247252747252747,2
"[0,1,2,3,4,5,6,7,8,9,10,11,12,13,14,19,20,21,23,25,26,28,31,32,36,38,39,43,45,47,49,51,52,55,56,58,59,62,63,64,65,67,68,69,70,73,74,76,77,79,80,82,86,89,91,98]",73,364,0,0,2
"[0,1,2,3,4,5,6,7,8,9,10,11,12,13,14,19,20,21,23,25,26,28,31,32,36,38,39,43,45,47,49,51,52,55,56,58,59,62,63,64,65,67,68,69,70,73,74,76,77,79,80,82,86,89,91,98]",74,364,0,0,2
"[0,1,2,3,4,5,6,7,8,9,10,11,12,13,14,19,20,21,23,25,26,28,31,32,36,38,39,43,45,47,49,51,52,55,56,58,59,62,63,64,65,67,68,69,70,73,74,76,77,79,80,82,86,89,91,98]",76,364,0,0,2
"[0,1,2,3,4,5,6,7,8,9,10,11,12,13,14,19,20,21,23,25,26,28,31,32,36,38,39,43,45,47,49,51,52,55,56,58,59,62,63,64,65,67,68,69,70,73,74,76,77,79,80,82,86,89,91,98]",77,364,0,0,2
"[0,1,2,3,4,5,6,7,8,9,10,11,12,13,14,19,20,21,23,25,26,28,31,32,36,38,39,43,45,47,49,51,52,55,56,58,59,62,63,64,65,67,68,69,70,73,74,76,77,79,80,82,86,89,91,98]",79,364,0,0,2
"[0,1,2,3,4,5,6,7,8,9,10,11,12,13,14,19,20,21,23,25,26,28,31,32,36,38,39,43,45,47,49,51,52,55,56,58,59,62,63,64,65,67,68,69,70,73,74,76,77,79,80,82,86,89,91,98]",80,364,0,0,2
"[0,1,2,3,4,5,6,7,8,9,10,11,12,13,14,19,20,21,23,25,26,28,31,32,36,38,39,43,45,47,49,51,52,55,56,58,59,62,63,64,65,67,68,69,70,73,74,76,77,79,80,82,86,89,91,98]",82,364,0,0,2
"[0,1,2,3,4,5,6,7,8,9,10,11,12,13,14,19,20,21,23,25,26,28,31,32,36,38,39,43,45,47,49,51,52,55,56,58,59,62,63,64,65,67,68,69,70,73,74,76,77,79,80,82,86,89,91,98]",86,364,2,0.00549450549450549,2
"[0,1,2,3,4,5,6,7,8,9,10,11,12,13,14,19,20,21,23,25,26,28,31,32,36,38,39,43,45,47,49,51,52,55,56,58,59,62,63,64,65,67,68,69,70,73,74,76,77,79,80,82,86,89,91,98]",89,364,3,0.00824175824175824,2
"[0,1,2,3,4,5,6,7,8,9,10,11,12,13,14,19,20,21,23,25,26,28,31,32,36,38,39,43,45,47,49,51,52,55,56,58,59,62,63,64,65,67,68,69,70,73,74,76,77,79,80,82,86,89,91,98]",91,364,0,0,2
"[0,1,2,3,4,5,6,7,8,9,10,11,12,13,14,19,20,21,23,25,26,28,31,32,36,38,39,43,45,47,49,51,52,55,56,58,59,62,63,64,65,67,68,69,70,73,74,76,77,79,80,82,86,89,91,98]",98,364,0,0,2
"[0,1,2,3,4,5,6,7,8,9,11,12,13,14,15,16,17,18,19,20,21,22,23,24,25,26,28,29,30,31,32,33,34,35,36,37,38,39,40,41,42,43,44,45,46,47,48,49,50,53,57,58,61,62,71,74,75,77,78,79,81,84,91,92]",0,5345,149,0.0278765201122544,9
"[0,1,2,3,4,5,6,7,8,9,11,12,13,14,15,16,17,18,19,20,21,22,23,24,25,26,28,29,30,31,32,33,34,35,36,37,38,39,40,41,42,43,44,45,46,47,48,49,50,53,57,58,61,62,71,74,75,77,78,79,81,84,91,92]",1,5345,159,0.0297474275023386,9
"[0,1,2,3,4,5,6,7,8,9,11,12,13,14,15,16,17,18,19,20,21,22,23,24,25,26,28,29,30,31,32,33,34,35,36,37,38,39,40,41,42,43,44,45,46,47,48,49,50,53,57,58,61,62,71,74,75,77,78,79,81,84,91,92]",2,5345,1020,0.190832553788587,9
"[0,1,2,3,4,5,6,7,8,9,11,12,13,14,15,16,17,18,19,20,21,22,23,24,25,26,28,29,30,31,32,33,34,35,36,37,38,39,40,41,42,43,44,45,46,47,48,49,50,53,57,58,61,62,71,74,75,77,78,79,81,84,91,92]",3,5345,0,0,9
"[0,1,2,3,4,5,6,7,8,9,11,12,13,14,15,16,17,18,19,20,21,22,23,24,25,26,28,29,30,31,32,33,34,35,36,37,38,39,40,41,42,43,44,45,46,47,48,49,50,53,57,58,61,62,71,74,75,77,78,79,81,84,91,92]",4,5345,0,0,9
"[0,1,2,3,4,5,6,7,8,9,11,12,13,14,15,16,17,18,19,20,21,22,23,24,25,26,28,29,30,31,32,33,34,35,36,37,38,39,40,41,42,43,44,45,46,47,48,49,50,53,57,58,61,62,71,74,75,77,78,79,81,84,91,92]",5,5345,665,0.124415341440599,9
"[0,1,2,3,4,5,6,7,8,9,11,12,13,14,15,16,17,18,19,20,21,22,23,24,25,26,28,29,30,31,32,33,34,35,36,37,38,39,40,41,42,43,44,45,46,47,48,49,50,53,57,58,61,62,71,74,75,77,78,79,81,84,91,92]",6,5345,866,0.162020579981291,9
"[0,1,2,3,4,5,6,7,8,9,11,12,13,14,15,16,17,18,19,20,21,22,23,24,25,26,28,29,30,31,32,33,34,35,36,37,38,39,40,41,42,43,44,45,46,47,48,49,50,53,57,58,61,62,71,74,75,77,78,79,81,84,91,92]",7,5345,118,0.0220767072029935,9
"[0,1,2,3,4,5,6,7,8,9,11,12,13,14,15,16,17,18,19,20,21,22,23,24,25,26,28,29,30,31,32,33,34,35,36,37,38,39,40,41,42,43,44,45,46,47,48,49,50,53,57,58,61,62,71,74,75,77,78,79,81,84,91,92]",8,5345,0,0,9
"[0,1,2,3,4,5,6,7,8,9,11,12,13,14,15,16,17,18,19,20,21,22,23,24,25,26,28,29,30,31,32,33,34,35,36,37,38,39,40,41,42,43,44,45,46,47,48,49,50,53,57,58,61,62,71,74,75,77,78,79,81,84,91,92]",9,5345,508,0.0950420954162769,9
"[0,1,2,3,4,5,6,7,8,9,11,12,13,14,15,16,17,18,19,20,21,22,23,24,25,26,28,29,30,31,32,33,34,35,36,37,38,39,40,41,42,43,44,45,46,47,48,49,50,53,57,58,61,62,71,74,75,77,78,79,81,84,91,92]",11,5345,4,0.000748362956033676,9
"[0,1,2,3,4,5,6,7,8,9,11,12,13,14,15,16,17,18,19,20,21,22,23,24,25,26,28,29,30,31,32,33,34,35,36,37,38,39,40,41,42,43,44,45,46,47,48,49,50,53,57,58,61,62,71,74,75,77,78,79,81,84,91,92]",12,5345,7,0.00130963517305893,9
"[0,1,2,3,4,5,6,7,8,9,11,12,13,14,15,16,17,18,19,20,21,22,23,24,25,26,28,29,30,31,32,33,34,35,36,37,38,39,40,41,42,43,44,45,46,47,48,49,50,53,57,58,61,62,71,74,75,77,78,79,81,84,91,92]",13,5345,1,0.000187090739008419,9
"[0,1,2,3,4,5,6,7,8,9,11,12,13,14,15,16,17,18,19,20,21,22,23,24,25,26,28,29,30,31,32,33,34,35,36,37,38,39,40,41,42,43,44,45,46,47,48,49,50,53,57,58,61,62,71,74,75,77,78,79,81,84,91,92]",14,5345,0,0,9
"[0,1,2,3,4,5,6,7,8,9,11,12,13,14,15,16,17,18,19,20,21,22,23,24,25,26,28,29,30,31,32,33,34,35,36,37,38,39,40,41,42,43,44,45,46,47,48,49,50,53,57,58,61,62,71,74,75,77,78,79,81,84,91,92]",15,5345,0,0,9
"[0,1,2,3,4,5,6,7,8,9,11,12,13,14,15,16,17,18,19,20,21,22,23,24,25,26,28,29,30,31,32,33,34,35,36,37,38,39,40,41,42,43,44,45,46,47,48,49,50,53,57,58,61,62,71,74,75,77,78,79,81,84,91,92]",16,5345,0,0,9
"[0,1,2,3,4,5,6,7,8,9,11,12,13,14,15,16,17,18,19,20,21,22,23,24,25,26,28,29,30,31,32,33,34,35,36,37,38,39,40,41,42,43,44,45,46,47,48,49,50,53,57,58,61,62,71,74,75,77,78,79,81,84,91,92]",17,5345,0,0,9
"[0,1,2,3,4,5,6,7,8,9,11,12,13,14,15,16,17,18,19,20,21,22,23,24,25,26,28,29,30,31,32,33,34,35,36,37,38,39,40,41,42,43,44,45,46,47,48,49,50,53,57,58,61,62,71,74,75,77,78,79,81,84,91,92]",18,5345,0,0,9
"[0,1,2,3,4,5,6,7,8,9,11,12,13,14,15,16,17,18,19,20,21,22,23,24,25,26,28,29,30,31,32,33,34,35,36,37,38,39,40,41,42,43,44,45,46,47,48,49,50,53,57,58,61,62,71,74,75,77,78,79,81,84,91,92]",19,5345,0,0,9
"[0,1,2,3,4,5,6,7,8,9,11,12,13,14,15,16,17,18,19,20,21,22,23,24,25,26,28,29,30,31,32,33,34,35,36,37,38,39,40,41,42,43,44,45,46,47,48,49,50,53,57,58,61,62,71,74,75,77,78,79,81,84,91,92]",20,5345,0,0,9
"[0,1,2,3,4,5,6,7,8,9,11,12,13,14,15,16,17,18,19,20,21,22,23,24,25,26,28,29,30,31,32,33,34,35,36,37,38,39,40,41,42,43,44,45,46,47,48,49,50,53,57,58,61,62,71,74,75,77,78,79,81,84,91,92]",21,5345,433,0.0810102899906455,9
"[0,1,2,3,4,5,6,7,8,9,11,12,13,14,15,16,17,18,19,20,21,22,23,24,25,26,28,29,30,31,32,33,34,35,36,37,38,39,40,41,42,43,44,45,46,47,48,49,50,53,57,58,61,62,71,74,75,77,78,79,81,84,91,92]",22,5345,0,0,9
"[0,1,2,3,4,5,6,7,8,9,11,12,13,14,15,16,17,18,19,20,21,22,23,24,25,26,28,29,30,31,32,33,34,35,36,37,38,39,40,41,42,43,44,45,46,47,48,49,50,53,57,58,61,62,71,74,75,77,78,79,81,84,91,92]",23,5345,22,0.00411599625818522,9
"[0,1,2,3,4,5,6,7,8,9,11,12,13,14,15,16,17,18,19,20,21,22,23,24,25,26,28,29,30,31,32,33,34,35,36,37,38,39,40,41,42,43,44,45,46,47,48,49,50,53,57,58,61,62,71,74,75,77,78,79,81,84,91,92]",24,5345,0,0,9
"[0,1,2,3,4,5,6,7,8,9,11,12,13,14,15,16,17,18,19,20,21,22,23,24,25,26,28,29,30,31,32,33,34,35,36,37,38,39,40,41,42,43,44,45,46,47,48,49,50,53,57,58,61,62,71,74,75,77,78,79,81,84,91,92]",25,5345,124,0.023199251637044,9
"[0,1,2,3,4,5,6,7,8,9,11,12,13,14,15,16,17,18,19,20,21,22,23,24,25,26,28,29,30,31,32,33,34,35,36,37,38,39,40,41,42,43,44,45,46,47,48,49,50,53,57,58,61,62,71,74,75,77,78,79,81,84,91,92]",26,5345,4,0.000748362956033676,9
"[0,1,2,3,4,5,6,7,8,9,11,12,13,14,15,16,17,18,19,20,21,22,23,24,25,26,28,29,30,31,32,33,34,35,36,37,38,39,40,41,42,43,44,45,46,47,48,49,50,53,57,58,61,62,71,74,75,77,78,79,81,84,91,92]",28,5345,61,0.0114125350795136,9
"[0,1,2,3,4,5,6,7,8,9,11,12,13,14,15,16,17,18,19,20,21,22,23,24,25,26,28,29,30,31,32,33,34,35,36,37,38,39,40,41,42,43,44,45,46,47,48,49,50,53,57,58,61,62,71,74,75,77,78,79,81,84,91,92]",29,5345,0,0,9
"[0,1,2,3,4,5,6,7,8,9,11,12,13,14,15,16,17,18,19,20,21,22,23,24,25,26,28,29,30,31,32,33,34,35,36,37,38,39,40,41,42,43,44,45,46,47,48,49,50,53,57,58,61,62,71,74,75,77,78,79,81,84,91,92]",30,5345,0,0,9
"[0,1,2,3,4,5,6,7,8,9,11,12,13,14,15,16,17,18,19,20,21,22,23,24,25,26,28,29,30,31,32,33,34,35,36,37,38,39,40,41,42,43,44,45,46,47,48,49,50,53,57,58,61,62,71,74,75,77,78,79,81,84,91,92]",31,5345,183,0.0342376052385407,9
"[0,1,2,3,4,5,6,7,8,9,11,12,13,14,15,16,17,18,19,20,21,22,23,24,25,26,28,29,30,31,32,33,34,35,36,37,38,39,40,41,42,43,44,45,46,47,48,49,50,53,57,58,61,62,71,74,75,77,78,79,81,84,91,92]",32,5345,39,0.00729653882132834,9
"[0,1,2,3,4,5,6,7,8,9,11,12,13,14,15,16,17,18,19,20,21,22,23,24,25,26,28,29,30,31,32,33,34,35,36,37,38,39,40,41,42,43,44,45,46,47,48,49,50,53,57,58,61,62,71,74,75,77,78,79,81,84,91,92]",33,5345,0,0,9
"[0,1,2,3,4,5,6,7,8,9,11,12,13,14,15,16,17,18,19,20,21,22,23,24,25,26,28,29,30,31,32,33,34,35,36,37,38,39,40,41,42,43,44,45,46,47,48,49,50,53,57,58,61,62,71,74,75,77,78,79,81,84,91,92]",34,5345,0,0,9
"[0,1,2,3,4,5,6,7,8,9,11,12,13,14,15,16,17,18,19,20,21,22,23,24,25,26,28,29,30,31,32,33,34,35,36,37,38,39,40,41,42,43,44,45,46,47,48,49,50,53,57,58,61,62,71,74,75,77,78,79,81,84,91,92]",35,5345,0,0,9
"[0,1,2,3,4,5,6,7,8,9,11,12,13,14,15,16,17,18,19,20,21,22,23,24,25,26,28,29,30,31,32,33,34,35,36,37,38,39,40,41,42,43,44,45,46,47,48,49,50,53,57,58,61,62,71,74,75,77,78,79,81,84,91,92]",36,5345,80,0.0149672591206735,9
"[0,1,2,3,4,5,6,7,8,9,11,12,13,14,15,16,17,18,19,20,21,22,23,24,25,26,28,29,30,31,32,33,34,35,36,37,38,39,40,41,42,43,44,45,46,47,48,49,50,53,57,58,61,62,71,74,75,77,78,79,81,84,91,92]",37,5345,0,0,9
"[0,1,2,3,4,5,6,7,8,9,11,12,13,14,15,16,17,18,19,20,21,22,23,24,25,26,28,29,30,31,32,33,34,35,36,37,38,39,40,41,42,43,44,45,46,47,48,49,50,53,57,58,61,62,71,74,75,77,78,79,81,84,91,92]",38,5345,42,0.0078578110383536,9
"[0,1,2,3,4,5,6,7,8,9,11,12,13,14,15,16,17,18,19,20,21,22,23,24,25,26,28,29,30,31,32,33,34,35,36,37,38,39,40,41,42,43,44,45,46,47,48,49,50,53,57,58,61,62,71,74,75,77,78,79,81,84,91,92]",39,5345,99,0.0185219831618335,9
"[0,1,2,3,4,5,6,7,8,9,11,12,13,14,15,16,17,18,19,20,21,22,23,24,25,26,28,29,30,31,32,33,34,35,36,37,38,39,40,41,42,43,44,45,46,47,48,49,50,53,57,58,61,62,71,74,75,77,78,79,81,84,91,92]",40,5345,0,0,9
"[0,1,2,3,4,5,6,7,8,9,11,12,13,14,15,16,17,18,19,20,21,22,23,24,25,26,28,29,30,31,32,33,34,35,36,37,38,39,40,41,42,43,44,45,46,47,48,49,50,53,57,58,61,62,71,74,75,77,78,79,81,84,91,92]",41,5345,0,0,9
"[0,1,2,3,4,5,6,7,8,9,11,12,13,14,15,16,17,18,19,20,21,22,23,24,25,26,28,29,30,31,32,33,34,35,36,37,38,39,40,41,42,43,44,45,46,47,48,49,50,53,57,58,61,62,71,74,75,77,78,79,81,84,91,92]",42,5345,0,0,9
"[0,1,2,3,4,5,6,7,8,9,11,12,13,14,15,16,17,18,19,20,21,22,23,24,25,26,28,29,30,31,32,33,34,35,36,37,38,39,40,41,42,43,44,45,46,47,48,49,50,53,57,58,61,62,71,74,75,77,78,79,81,84,91,92]",43,5345,292,0.0546304957904584,9
"[0,1,2,3,4,5,6,7,8,9,11,12,13,14,15,16,17,18,19,20,21,22,23,24,25,26,28,29,30,31,32,33,34,35,36,37,38,39,40,41,42,43,44,45,46,47,48,49,50,53,57,58,61,62,71,74,75,77,78,79,81,84,91,92]",44,5345,0,0,9
"[0,1,2,3,4,5,6,7,8,9,11,12,13,14,15,16,17,18,19,20,21,22,23,24,25,26,28,29,30,31,32,33,34,35,36,37,38,39,40,41,42,43,44,45,46,47,48,49,50,53,57,58,61,62,71,74,75,77,78,79,81,84,91,92]",45,5345,100,0.0187090739008419,9
"[0,1,2,3,4,5,6,7,8,9,11,12,13,14,15,16,17,18,19,20,21,22,23,24,25,26,28,29,30,31,32,33,34,35,36,37,38,39,40,41,42,43,44,45,46,47,48,49,50,53,57,58,61,62,71,74,75,77,78,79,81,84,91,92]",46,5345,0,0,9
"[0,1,2,3,4,5,6,7,8,9,11,12,13,14,15,16,17,18,19,20,21,22,23,24,25,26,28,29,30,31,32,33,34,35,36,37,38,39,40,41,42,43,44,45,46,47,48,49,50,53,57,58,61,62,71,74,75,77,78,79,81,84,91,92]",47,5345,2,0.000374181478016838,9
"[0,1,2,3,4,5,6,7,8,9,11,12,13,14,15,16,17,18,19,20,21,22,23,24,25,26,28,29,30,31,32,33,34,35,36,37,38,39,40,41,42,43,44,45,46,47,48,49,50,53,57,58,61,62,71,74,75,77,78,79,81,84,91,92]",48,5345,0,0,9
"[0,1,2,3,4,5,6,7,8,9,11,12,13,14,15,16,17,18,19,20,21,22,23,24,25,26,28,29,30,31,32,33,34,35,36,37,38,39,40,41,42,43,44,45,46,47,48,49,50,53,57,58,61,62,71,74,75,77,78,79,81,84,91,92]",49,5345,165,0.0308699719363891,9
"[0,1,2,3,4,5,6,7,8,9,11,12,13,14,15,16,17,18,19,20,21,22,23,24,25,26,28,29,30,31,32,33,34,35,36,37,38,39,40,41,42,43,44,45,46,47,48,49,50,53,57,58,61,62,71,74,75,77,78,79,81,84,91,92]",50,5345,0,0,9
"[0,1,2,3,4,5,6,7,8,9,11,12,13,14,15,16,17,18,19,20,21,22,23,24,25,26,28,29,30,31,32,33,34,35,36,37,38,39,40,41,42,43,44,45,46,47,48,49,50,53,57,58,61,62,71,74,75,77,78,79,81,84,91,92]",53,5345,0,0,9
"[0,1,2,3,4,5,6,7,8,9,11,12,13,14,15,16,17,18,19,20,21,22,23,24,25,26,28,29,30,31,32,33,34,35,36,37,38,39,40,41,42,43,44,45,46,47,48,49,50,53,57,58,61,62,71,74,75,77,78,79,81,84,91,92]",57,5345,0,0,9
"[0,1,2,3,4,5,6,7,8,9,11,12,13,14,15,16,17,18,19,20,21,22,23,24,25,26,28,29,30,31,32,33,34,35,36,37,38,39,40,41,42,43,44,45,46,47,48,49,50,53,57,58,61,62,71,74,75,77,78,79,81,84,91,92]",58,5345,113,0.0211412535079514,9
"[0,1,2,3,4,5,6,7,8,9,11,12,13,14,15,16,17,18,19,20,21,22,23,24,25,26,28,29,30,31,32,33,34,35,36,37,38,39,40,41,42,43,44,45,46,47,48,49,50,53,57,58,61,62,71,74,75,77,78,79,81,84,91,92]",61,5345,0,0,9
"[0,1,2,3,4,5,6,7,8,9,11,12,13,14,15,16,17,18,19,20,21,22,23,24,25,26,28,29,30,31,32,33,34,35,36,37,38,39,40,41,42,43,44,45,46,47,48,49,50,53,57,58,61,62,71,74,75,77,78,79,81,84,91,92]",62,5345,52,0.00972871842843779,9
"[0,1,2,3,4,5,6,7,8,9,11,12,13,14,15,16,17,18,19,20,21,22,23,24,25,26,28,29,30,31,32,33,34,35,36,37,38,39,40,41,42,43,44,45,46,47,48,49,50,53,57,58,61,62,71,74,75,77,78,79,81,84,91,92]",71,5345,0,0,9
"[0,1,2,3,4,5,6,7,8,9,11,12,13,14,15,16,17,18,19,20,21,22,23,24,25,26,28,29,30,31,32,33,34,35,36,37,38,39,40,41,42,43,44,45,46,47,48,49,50,53,57,58,61,62,71,74,75,77,78,79,81,84,91,92]",74,5345,7,0.00130963517305893,9
"[0,1,2,3,4,5,6,7,8,9,11,12,13,14,15,16,17,18,19,20,21,22,23,24,25,26,28,29,30,31,32,33,34,35,36,37,38,39,40,41,42,43,44,45,46,47,48,49,50,53,57,58,61,62,71,74,75,77,78,79,81,84,91,92]",75,5345,0,0,9
"[0,1,2,3,4,5,6,7,8,9,11,12,13,14,15,16,17,18,19,20,21,22,23,24,25,26,28,29,30,31,32,33,34,35,36,37,38,39,40,41,42,43,44,45,46,47,48,49,50,53,57,58,61,62,71,74,75,77,78,79,81,84,91,92]",77,5345,4,0.000748362956033676,9
"[0,1,2,3,4,5,6,7,8,9,11,12,13,14,15,16,17,18,19,20,21,22,23,24,25,26,28,29,30,31,32,33,34,35,36,37,38,39,40,41,42,43,44,45,46,47,48,49,50,53,57,58,61,62,71,74,75,77,78,79,81,84,91,92]",78,5345,0,0,9
"[0,1,2,3,4,5,6,7,8,9,11,12,13,14,15,16,17,18,19,20,21,22,23,24,25,26,28,29,30,31,32,33,34,35,36,37,38,39,40,41,42,43,44,45,46,47,48,49,50,53,57,58,61,62,71,74,75,77,78,79,81,84,91,92]",79,5345,21,0.0039289055191768,9
"[0,1,2,3,4,5,6,7,8,9,11,12,13,14,15,16,17,18,19,20,21,22,23,24,25,26,28,29,30,31,32,33,34,35,36,37,38,39,40,41,42,43,44,45,46,47,48,49,50,53,57,58,61,62,71,74,75,77,78,79,81,84,91,92]",81,5345,0,0,9
"[0,1,2,3,4,5,6,7,8,9,11,12,13,14,15,16,17,18,19,20,21,22,23,24,25,26,28,29,30,31,32,33,34,35,36,37,38,39,40,41,42,43,44,45,46,47,48,49,50,53,57,58,61,62,71,74,75,77,78,79,81,84,91,92]",84,5345,0,0,9
"[0,1,2,3,4,5,6,7,8,9,11,12,13,14,15,16,17,18,19,20,21,22,23,24,25,26,28,29,30,31,32,33,34,35,36,37,38,39,40,41,42,43,44,45,46,47,48,49,50,53,57,58,61,62,71,74,75,77,78,79,81,84,91,92]",91,5345,5,0.000935453695042095,9
"[0,1,2,3,4,5,6,7,8,9,11,12,13,14,15,16,17,18,19,20,21,22,23,24,25,26,28,29,30,31,32,33,34,35,36,37,38,39,40,41,42,43,44,45,46,47,48,49,50,53,57,58,61,62,71,74,75,77,78,79,81,84,91,92]",92,5345,0,0,9
"[0,1,2,3,4,5,6,7,8,9,11,12,13,14,15,16,17,18,19,20,21,22,23,24,25,26,28,29,30,31,32,33,34,35,36,37,38,39,40,41,42,43,44,45,46,47,48,49,51,53,55,57,58,61,62,71,74,75,77,78,79,81,84,91]",0,1157,35,0.0302506482281763,2
"[0,1,2,3,4,5,6,7,8,9,11,12,13,14,15,16,17,18,19,20,21,22,23,24,25,26,28,29,30,31,32,33,34,35,36,37,38,39,40,41,42,43,44,45,46,47,48,49,51,53,55,57,58,61,62,71,74,75,77,78,79,81,84,91]",1,1157,36,0.0311149524632671,2
"[0,1,2,3,4,5,6,7,8,9,11,12,13,14,15,16,17,18,19,20,21,22,23,24,25,26,28,29,30,31,32,33,34,35,36,37,38,39,40,41,42,43,44,45,46,47,48,49,51,53,55,57,58,61,62,71,74,75,77,78,79,81,84,91]",2,1157,139,0.120138288677615,2
"[0,1,2,3,4,5,6,7,8,9,11,12,13,14,15,16,17,18,19,20,21,22,23,24,25,26,28,29,30,31,32,33,34,35,36,37,38,39,40,41,42,43,44,45,46,47,48,49,51,53,55,57,58,61,62,71,74,75,77,78,79,81,84,91]",3,1157,0,0,2
"[0,1,2,3,4,5,6,7,8,9,11,12,13,14,15,16,17,18,19,20,21,22,23,24,25,26,28,29,30,31,32,33,34,35,36,37,38,39,40,41,42,43,44,45,46,47,48,49,51,53,55,57,58,61,62,71,74,75,77,78,79,81,84,91]",4,1157,0,0,2
"[0,1,2,3,4,5,6,7,8,9,11,12,13,14,15,16,17,18,19,20,21,22,23,24,25,26,28,29,30,31,32,33,34,35,36,37,38,39,40,41,42,43,44,45,46,47,48,49,51,53,55,57,58,61,62,71,74,75,77,78,79,81,84,91]",5,1157,157,0.135695764909248,2
"[0,1,2,3,4,5,6,7,8,9,11,12,13,14,15,16,17,18,19,20,21,22,23,24,25,26,28,29,30,31,32,33,34,35,36,37,38,39,40,41,42,43,44,45,46,47,48,49,51,53,55,57,58,61,62,71,74,75,77,78,79,81,84,91]",6,1157,204,0.176318063958513,2
"[0,1,2,3,4,5,6,7,8,9,11,12,13,14,15,16,17,18,19,20,21,22,23,24,25,26,28,29,30,31,32,33,34,35,36,37,38,39,40,41,42,43,44,45,46,47,48,49,51,53,55,57,58,61,62,71,74,75,77,78,79,81,84,91]",7,1157,18,0.0155574762316335,2
"[0,1,2,3,4,5,6,7,8,9,11,12,13,14,15,16,17,18,19,20,21,22,23,24,25,26,28,29,30,31,32,33,34,35,36,37,38,39,40,41,42,43,44,45,46,47,48,49,51,53,55,57,58,61,62,71,74,75,77,78,79,81,84,91]",8,1157,0,0,2
"[0,1,2,3,4,5,6,7,8,9,11,12,13,14,15,16,17,18,19,20,21,22,23,24,25,26,28,29,30,31,32,33,34,35,36,37,38,39,40,41,42,43,44,45,46,47,48,49,51,53,55,57,58,61,62,71,74,75,77,78,79,81,84,91]",9,1157,110,0.0950734658599827,2
"[0,1,2,3,4,5,6,7,8,9,11,12,13,14,15,16,17,18,19,20,21,22,23,24,25,26,28,29,30,31,32,33,34,35,36,37,38,39,40,41,42,43,44,45,46,47,48,49,51,53,55,57,58,61,62,71,74,75,77,78,79,81,84,91]",11,1157,0,0,2
"[0,1,2,3,4,5,6,7,8,9,11,12,13,14,15,16,17,18,19,20,21,22,23,24,25,26,28,29,30,31,32,33,34,35,36,37,38,39,40,41,42,43,44,45,46,47,48,49,51,53,55,57,58,61,62,71,74,75,77,78,79,81,84,91]",12,1157,0,0,2
"[0,1,2,3,4,5,6,7,8,9,11,12,13,14,15,16,17,18,19,20,21,22,23,24,25,26,28,29,30,31,32,33,34,35,36,37,38,39,40,41,42,43,44,45,46,47,48,49,51,53,55,57,58,61,62,71,74,75,77,78,79,81,84,91]",13,1157,0,0,2
"[0,1,2,3,4,5,6,7,8,9,11,12,13,14,15,16,17,18,19,20,21,22,23,24,25,26,28,29,30,31,32,33,34,35,36,37,38,39,40,41,42,43,44,45,46,47,48,49,51,53,55,57,58,61,62,71,74,75,77,78,79,81,84,91]",14,1157,0,0,2
"[0,1,2,3,4,5,6,7,8,9,11,12,13,14,15,16,17,18,19,20,21,22,23,24,25,26,28,29,30,31,32,33,34,35,36,37,38,39,40,41,42,43,44,45,46,47,48,49,51,53,55,57,58,61,62,71,74,75,77,78,79,81,84,91]",15,1157,0,0,2
"[0,1,2,3,4,5,6,7,8,9,11,12,13,14,15,16,17,18,19,20,21,22,23,24,25,26,28,29,30,31,32,33,34,35,36,37,38,39,40,41,42,43,44,45,46,47,48,49,51,53,55,57,58,61,62,71,74,75,77,78,79,81,84,91]",16,1157,0,0,2
"[0,1,2,3,4,5,6,7,8,9,11,12,13,14,15,16,17,18,19,20,21,22,23,24,25,26,28,29,30,31,32,33,34,35,36,37,38,39,40,41,42,43,44,45,46,47,48,49,51,53,55,57,58,61,62,71,74,75,77,78,79,81,84,91]",17,1157,0,0,2
"[0,1,2,3,4,5,6,7,8,9,11,12,13,14,15,16,17,18,19,20,21,22,23,24,25,26,28,29,30,31,32,33,34,35,36,37,38,39,40,41,42,43,44,45,46,47,48,49,51,53,55,57,58,61,62,71,74,75,77,78,79,81,84,91]",18,1157,0,0,2
"[0,1,2,3,4,5,6,7,8,9,11,12,13,14,15,16,17,18,19,20,21,22,23,24,25,26,28,29,30,31,32,33,34,35,36,37,38,39,40,41,42,43,44,45,46,47,48,49,51,53,55,57,58,61,62,71,74,75,77,78,79,81,84,91]",19,1157,0,0,2
"[0,1,2,3,4,5,6,7,8,9,11,12,13,14,15,16,17,18,19,20,21,22,23,24,25,26,28,29,30,31,32,33,34,35,36,37,38,39,40,41,42,43,44,45,46,47,48,49,51,53,55,57,58,61,62,71,74,75,77,78,79,81,84,91]",20,1157,0,0,2
"[0,1,2,3,4,5,6,7,8,9,11,12,13,14,15,16,17,18,19,20,21,22,23,24,25,26,28,29,30,31,32,33,34,35,36,37,38,39,40,41,42,43,44,45,46,47,48,49,51,53,55,57,58,61,62,71,74,75,77,78,79,81,84,91]",21,1157,86,0.0743301642178047,2
"[0,1,2,3,4,5,6,7,8,9,11,12,13,14,15,16,17,18,19,20,21,22,23,24,25,26,28,29,30,31,32,33,34,35,36,37,38,39,40,41,42,43,44,45,46,47,48,49,51,53,55,57,58,61,62,71,74,75,77,78,79,81,84,91]",22,1157,0,0,2
"[0,1,2,3,4,5,6,7,8,9,11,12,13,14,15,16,17,18,19,20,21,22,23,24,25,26,28,29,30,31,32,33,34,35,36,37,38,39,40,41,42,43,44,45,46,47,48,49,51,53,55,57,58,61,62,71,74,75,77,78,79,81,84,91]",23,1157,16,0.013828867761452,2
"[0,1,2,3,4,5,6,7,8,9,11,12,13,14,15,16,17,18,19,20,21,22,23,24,25,26,28,29,30,31,32,33,34,35,36,37,38,39,40,41,42,43,44,45,46,47,48,49,51,53,55,57,58,61,62,71,74,75,77,78,79,81,84,91]",24,1157,0,0,2
"[0,1,2,3,4,5,6,7,8,9,11,12,13,14,15,16,17,18,19,20,21,22,23,24,25,26,28,29,30,31,32,33,34,35,36,37,38,39,40,41,42,43,44,45,46,47,48,49,51,53,55,57,58,61,62,71,74,75,77,78,79,81,84,91]",25,1157,68,0.0587726879861711,2
"[0,1,2,3,4,5,6,7,8,9,11,12,13,14,15,16,17,18,19,20,21,22,23,24,25,26,28,29,30,31,32,33,34,35,36,37,38,39,40,41,42,43,44,45,46,47,48,49,51,53,55,57,58,61,62,71,74,75,77,78,79,81,84,91]",26,1157,4,0.00345721694036301,2
"[0,1,2,3,4,5,6,7,8,9,11,12,13,14,15,16,17,18,19,20,21,22,23,24,25,26,28,29,30,31,32,33,34,35,36,37,38,39,40,41,42,43,44,45,46,47,48,49,51,53,55,57,58,61,62,71,74,75,77,78,79,81,84,91]",28,1157,13,0.0112359550561798,2
"[0,1,2,3,4,5,6,7,8,9,11,12,13,14,15,16,17,18,19,20,21,22,23,24,25,26,28,29,30,31,32,33,34,35,36,37,38,39,40,41,42,43,44,45,46,47,48,49,51,53,55,57,58,61,62,71,74,75,77,78,79,81,84,91]",29,1157,0,0,2
"[0,1,2,3,4,5,6,7,8,9,11,12,13,14,15,16,17,18,19,20,21,22,23,24,25,26,28,29,30,31,32,33,34,35,36,37,38,39,40,41,42,43,44,45,46,47,48,49,51,53,55,57,58,61,62,71,74,75,77,78,79,81,84,91]",30,1157,0,0,2
"[0,1,2,3,4,5,6,7,8,9,11,12,13,14,15,16,17,18,19,20,21,22,23,24,25,26,28,29,30,31,32,33,34,35,36,37,38,39,40,41,42,43,44,45,46,47,48,49,51,53,55,57,58,61,62,71,74,75,77,78,79,81,84,91]",31,1157,47,0.0406222990492653,2
"[0,1,2,3,4,5,6,7,8,9,11,12,13,14,15,16,17,18,19,20,21,22,23,24,25,26,28,29,30,31,32,33,34,35,36,37,38,39,40,41,42,43,44,45,46,47,48,49,51,53,55,57,58,61,62,71,74,75,77,78,79,81,84,91]",32,1157,19,0.0164217804667243,2
"[0,1,2,3,4,5,6,7,8,9,11,12,13,14,15,16,17,18,19,20,21,22,23,24,25,26,28,29,30,31,32,33,34,35,36,37,38,39,40,41,42,43,44,45,46,47,48,49,51,53,55,57,58,61,62,71,74,75,77,78,79,81,84,91]",33,1157,0,0,2
"[0,1,2,3,4,5,6,7,8,9,11,12,13,14,15,16,17,18,19,20,21,22,23,24,25,26,28,29,30,31,32,33,34,35,36,37,38,39,40,41,42,43,44,45,46,47,48,49,51,53,55,57,58,61,62,71,74,75,77,78,79,81,84,91]",34,1157,0,0,2
"[0,1,2,3,4,5,6,7,8,9,11,12,13,14,15,16,17,18,19,20,21,22,23,24,25,26,28,29,30,31,32,33,34,35,36,37,38,39,40,41,42,43,44,45,46,47,48,49,51,53,55,57,58,61,62,71,74,75,77,78,79,81,84,91]",35,1157,0,0,2
"[0,1,2,3,4,5,6,7,8,9,11,12,13,14,15,16,17,18,19,20,21,22,23,24,25,26,28,29,30,31,32,33,34,35,36,37,38,39,40,41,42,43,44,45,46,47,48,49,51,53,55,57,58,61,62,71,74,75,77,78,79,81,84,91]",36,1157,4,0.00345721694036301,2
"[0,1,2,3,4,5,6,7,8,9,11,12,13,14,15,16,17,18,19,20,21,22,23,24,25,26,28,29,30,31,32,33,34,35,36,37,38,39,40,41,42,43,44,45,46,47,48,49,51,53,55,57,58,61,62,71,74,75,77,78,79,81,84,91]",37,1157,0,0,2
"[0,1,2,3,4,5,6,7,8,9,11,12,13,14,15,16,17,18,19,20,21,22,23,24,25,26,28,29,30,31,32,33,34,35,36,37,38,39,40,41,42,43,44,45,46,47,48,49,51,53,55,57,58,61,62,71,74,75,77,78,79,81,84,91]",38,1157,0,0,2
"[0,1,2,3,4,5,6,7,8,9,11,12,13,14,15,16,17,18,19,20,21,22,23,24,25,26,28,29,30,31,32,33,34,35,36,37,38,39,40,41,42,43,44,45,46,47,48,49,51,53,55,57,58,61,62,71,74,75,77,78,79,81,84,91]",39,1157,13,0.0112359550561798,2
"[0,1,2,3,4,5,6,7,8,9,11,12,13,14,15,16,17,18,19,20,21,22,23,24,25,26,28,29,30,31,32,33,34,35,36,37,38,39,40,41,42,43,44,45,46,47,48,49,51,53,55,57,58,61,62,71,74,75,77,78,79,81,84,91]",40,1157,0,0,2
"[0,1,2,3,4,5,6,7,8,9,11,12,13,14,15,16,17,18,19,20,21,22,23,24,25,26,28,29,30,31,32,33,34,35,36,37,38,39,40,41,42,43,44,45,46,47,48,49,51,53,55,57,58,61,62,71,74,75,77,78,79,81,84,91]",41,1157,0,0,2
"[0,1,2,3,4,5,6,7,8,9,11,12,13,14,15,16,17,18,19,20,21,22,23,24,25,26,28,29,30,31,32,33,34,35,36,37,38,39,40,41,42,43,44,45,46,47,48,49,51,53,55,57,58,61,62,71,74,75,77,78,79,81,84,91]",42,1157,0,0,2
"[0,1,2,3,4,5,6,7,8,9,11,12,13,14,15,16,17,18,19,20,21,22,23,24,25,26,28,29,30,31,32,33,34,35,36,37,38,39,40,41,42,43,44,45,46,47,48,49,51,53,55,57,58,61,62,71,74,75,77,78,79,81,84,91]",43,1157,77,0.0665514261019879,2
"[0,1,2,3,4,5,6,7,8,9,11,12,13,14,15,16,17,18,19,20,21,22,23,24,25,26,28,29,30,31,32,33,34,35,36,37,38,39,40,41,42,43,44,45,46,47,48,49,51,53,55,57,58,61,62,71,74,75,77,78,79,81,84,91]",44,1157,0,0,2
"[0,1,2,3,4,5,6,7,8,9,11,12,13,14,15,16,17,18,19,20,21,22,23,24,25,26,28,29,30,31,32,33,34,35,36,37,38,39,40,41,42,43,44,45,46,47,48,49,51,53,55,57,58,61,62,71,74,75,77,78,79,81,84,91]",45,1157,22,0.0190146931719965,2
"[0,1,2,3,4,5,6,7,8,9,11,12,13,14,15,16,17,18,19,20,21,22,23,24,25,26,28,29,30,31,32,33,34,35,36,37,38,39,40,41,42,43,44,45,46,47,48,49,51,53,55,57,58,61,62,71,74,75,77,78,79,81,84,91]",46,1157,0,0,2
"[0,1,2,3,4,5,6,7,8,9,11,12,13,14,15,16,17,18,19,20,21,22,23,24,25,26,28,29,30,31,32,33,34,35,36,37,38,39,40,41,42,43,44,45,46,47,48,49,51,53,55,57,58,61,62,71,74,75,77,78,79,81,84,91]",47,1157,0,0,2
"[0,1,2,3,4,5,6,7,8,9,11,12,13,14,15,16,17,18,19,20,21,22,23,24,25,26,28,29,30,31,32,33,34,35,36,37,38,39,40,41,42,43,44,45,46,47,48,49,51,53,55,57,58,61,62,71,74,75,77,78,79,81,84,91]",48,1157,0,0,2
"[0,1,2,3,4,5,6,7,8,9,11,12,13,14,15,16,17,18,19,20,21,22,23,24,25,26,28,29,30,31,32,33,34,35,36,37,38,39,40,41,42,43,44,45,46,47,48,49,51,53,55,57,58,61,62,71,74,75,77,78,79,81,84,91]",49,1157,16,0.013828867761452,2
"[0,1,2,3,4,5,6,7,8,9,11,12,13,14,15,16,17,18,19,20,21,22,23,24,25,26,28,29,30,31,32,33,34,35,36,37,38,39,40,41,42,43,44,45,46,47,48,49,51,53,55,57,58,61,62,71,74,75,77,78,79,81,84,91]",51,1157,31,0.0267934312878133,2
"[0,1,2,3,4,5,6,7,8,9,11,12,13,14,15,16,17,18,19,20,21,22,23,24,25,26,28,29,30,31,32,33,34,35,36,37,38,39,40,41,42,43,44,45,46,47,48,49,51,53,55,57,58,61,62,71,74,75,77,78,79,81,84,91]",53,1157,0,0,2
"[0,1,2,3,4,5,6,7,8,9,11,12,13,14,15,16,17,18,19,20,21,22,23,24,25,26,28,29,30,31,32,33,34,35,36,37,38,39,40,41,42,43,44,45,46,47,48,49,51,53,55,57,58,61,62,71,74,75,77,78,79,81,84,91]",55,1157,1,0.000864304235090752,2
"[0,1,2,3,4,5,6,7,8,9,11,12,13,14,15,16,17,18,19,20,21,22,23,24,25,26,28,29,30,31,32,33,34,35,36,37,38,39,40,41,42,43,44,45,46,47,48,49,51,53,55,57,58,61,62,71,74,75,77,78,79,81,84,91]",57,1157,0,0,2
"[0,1,2,3,4,5,6,7,8,9,11,12,13,14,15,16,17,18,19,20,21,22,23,24,25,26,28,29,30,31,32,33,34,35,36,37,38,39,40,41,42,43,44,45,46,47,48,49,51,53,55,57,58,61,62,71,74,75,77,78,79,81,84,91]",58,1157,26,0.0224719101123595,2
"[0,1,2,3,4,5,6,7,8,9,11,12,13,14,15,16,17,18,19,20,21,22,23,24,25,26,28,29,30,31,32,33,34,35,36,37,38,39,40,41,42,43,44,45,46,47,48,49,51,53,55,57,58,61,62,71,74,75,77,78,79,81,84,91]",61,1157,0,0,2
"[0,1,2,3,4,5,6,7,8,9,11,12,13,14,15,16,17,18,19,20,21,22,23,24,25,26,28,29,30,31,32,33,34,35,36,37,38,39,40,41,42,43,44,45,46,47,48,49,51,53,55,57,58,61,62,71,74,75,77,78,79,81,84,91]",62,1157,7,0.00605012964563526,2
"[0,1,2,3,4,5,6,7,8,9,11,12,13,14,15,16,17,18,19,20,21,22,23,24,25,26,28,29,30,31,32,33,34,35,36,37,38,39,40,41,42,43,44,45,46,47,48,49,51,53,55,57,58,61,62,71,74,75,77,78,79,81,84,91]",71,1157,0,0,2
"[0,1,2,3,4,5,6,7,8,9,11,12,13,14,15,16,17,18,19,20,21,22,23,24,25,26,28,29,30,31,32,33,34,35,36,37,38,39,40,41,42,43,44,45,46,47,48,49,51,53,55,57,58,61,62,71,74,75,77,78,79,81,84,91]",74,1157,0,0,2
"[0,1,2,3,4,5,6,7,8,9,11,12,13,14,15,16,17,18,19,20,21,22,23,24,25,26,28,29,30,31,32,33,34,35,36,37,38,39,40,41,42,43,44,45,46,47,48,49,51,53,55,57,58,61,62,71,74,75,77,78,79,81,84,91]",75,1157,0,0,2
"[0,1,2,3,4,5,6,7,8,9,11,12,13,14,15,16,17,18,19,20,21,22,23,24,25,26,28,29,30,31,32,33,34,35,36,37,38,39,40,41,42,43,44,45,46,47,48,49,51,53,55,57,58,61,62,71,74,75,77,78,79,81,84,91]",77,1157,0,0,2
"[0,1,2,3,4,5,6,7,8,9,11,12,13,14,15,16,17,18,19,20,21,22,23,24,25,26,28,29,30,31,32,33,34,35,36,37,38,39,40,41,42,43,44,45,46,47,48,49,51,53,55,57,58,61,62,71,74,75,77,78,79,81,84,91]",78,1157,0,0,2
"[0,1,2,3,4,5,6,7,8,9,11,12,13,14,15,16,17,18,19,20,21,22,23,24,25,26,28,29,30,31,32,33,34,35,36,37,38,39,40,41,42,43,44,45,46,47,48,49,51,53,55,57,58,61,62,71,74,75,77,78,79,81,84,91]",79,1157,5,0.00432152117545376,2
"[0,1,2,3,4,5,6,7,8,9,11,12,13,14,15,16,17,18,19,20,21,22,23,24,25,26,28,29,30,31,32,33,34,35,36,37,38,39,40,41,42,43,44,45,46,47,48,49,51,53,55,57,58,61,62,71,74,75,77,78,79,81,84,91]",81,1157,0,0,2
"[0,1,2,3,4,5,6,7,8,9,11,12,13,14,15,16,17,18,19,20,21,22,23,24,25,26,28,29,30,31,32,33,34,35,36,37,38,39,40,41,42,43,44,45,46,47,48,49,51,53,55,57,58,61,62,71,74,75,77,78,79,81,84,91]",84,1157,0,0,2
"[0,1,2,3,4,5,6,7,8,9,11,12,13,14,15,16,17,18,19,20,21,22,23,24,25,26,28,29,30,31,32,33,34,35,36,37,38,39,40,41,42,43,44,45,46,47,48,49,51,53,55,57,58,61,62,71,74,75,77,78,79,81,84,91]",91,1157,3,0.00259291270527226,2
"[0,1,2,3,4,5,6,7,8,9,11,12,13,14,15,16,17,18,19,20,21,22,23,24,25,26,28,29,30,31,32,33,34,35,36,37,38,39,40,41,42,43,44,45,46,47,49,51,53,55,57,58,61,62,71,74,75,77,78,79,81,84,91,102]",0,1019,40,0.0392541707556428,2
"[0,1,2,3,4,5,6,7,8,9,11,12,13,14,15,16,17,18,19,20,21,22,23,24,25,26,28,29,30,31,32,33,34,35,36,37,38,39,40,41,42,43,44,45,46,47,49,51,53,55,57,58,61,62,71,74,75,77,78,79,81,84,91,102]",1,1019,23,0.0225711481844946,2
"[0,1,2,3,4,5,6,7,8,9,11,12,13,14,15,16,17,18,19,20,21,22,23,24,25,26,28,29,30,31,32,33,34,35,36,37,38,39,40,41,42,43,44,45,46,47,49,51,53,55,57,58,61,62,71,74,75,77,78,79,81,84,91,102]",2,1019,273,0.267909715407262,2
"[0,1,2,3,4,5,6,7,8,9,11,12,13,14,15,16,17,18,19,20,21,22,23,24,25,26,28,29,30,31,32,33,34,35,36,37,38,39,40,41,42,43,44,45,46,47,49,51,53,55,57,58,61,62,71,74,75,77,78,79,81,84,91,102]",3,1019,0,0,2
"[0,1,2,3,4,5,6,7,8,9,11,12,13,14,15,16,17,18,19,20,21,22,23,24,25,26,28,29,30,31,32,33,34,35,36,37,38,39,40,41,42,43,44,45,46,47,49,51,53,55,57,58,61,62,71,74,75,77,78,79,81,84,91,102]",4,1019,0,0,2
"[0,1,2,3,4,5,6,7,8,9,11,12,13,14,15,16,17,18,19,20,21,22,23,24,25,26,28,29,30,31,32,33,34,35,36,37,38,39,40,41,42,43,44,45,46,47,49,51,53,55,57,58,61,62,71,74,75,77,78,79,81,84,91,102]",5,1019,138,0.135426889106968,2
"[0,1,2,3,4,5,6,7,8,9,11,12,13,14,15,16,17,18,19,20,21,22,23,24,25,26,28,29,30,31,32,33,34,35,36,37,38,39,40,41,42,43,44,45,46,47,49,51,53,55,57,58,61,62,71,74,75,77,78,79,81,84,91,102]",6,1019,144,0.141315014720314,2
"[0,1,2,3,4,5,6,7,8,9,11,12,13,14,15,16,17,18,19,20,21,22,23,24,25,26,28,29,30,31,32,33,34,35,36,37,38,39,40,41,42,43,44,45,46,47,49,51,53,55,57,58,61,62,71,74,75,77,78,79,81,84,91,102]",7,1019,21,0.0206084396467125,2
"[0,1,2,3,4,5,6,7,8,9,11,12,13,14,15,16,17,18,19,20,21,22,23,24,25,26,28,29,30,31,32,33,34,35,36,37,38,39,40,41,42,43,44,45,46,47,49,51,53,55,57,58,61,62,71,74,75,77,78,79,81,84,91,102]",8,1019,0,0,2
"[0,1,2,3,4,5,6,7,8,9,11,12,13,14,15,16,17,18,19,20,21,22,23,24,25,26,28,29,30,31,32,33,34,35,36,37,38,39,40,41,42,43,44,45,46,47,49,51,53,55,57,58,61,62,71,74,75,77,78,79,81,84,91,102]",9,1019,62,0.0608439646712463,2
"[0,1,2,3,4,5,6,7,8,9,11,12,13,14,15,16,17,18,19,20,21,22,23,24,25,26,28,29,30,31,32,33,34,35,36,37,38,39,40,41,42,43,44,45,46,47,49,51,53,55,57,58,61,62,71,74,75,77,78,79,81,84,91,102]",11,1019,0,0,2
"[0,1,2,3,4,5,6,7,8,9,11,12,13,14,15,16,17,18,19,20,21,22,23,24,25,26,28,29,30,31,32,33,34,35,36,37,38,39,40,41,42,43,44,45,46,47,49,51,53,55,57,58,61,62,71,74,75,77,78,79,81,84,91,102]",12,1019,0,0,2
"[0,1,2,3,4,5,6,7,8,9,11,12,13,14,15,16,17,18,19,20,21,22,23,24,25,26,28,29,30,31,32,33,34,35,36,37,38,39,40,41,42,43,44,45,46,47,49,51,53,55,57,58,61,62,71,74,75,77,78,79,81,84,91,102]",13,1019,0,0,2
"[0,1,2,3,4,5,6,7,8,9,11,12,13,14,15,16,17,18,19,20,21,22,23,24,25,26,28,29,30,31,32,33,34,35,36,37,38,39,40,41,42,43,44,45,46,47,49,51,53,55,57,58,61,62,71,74,75,77,78,79,81,84,91,102]",14,1019,0,0,2
"[0,1,2,3,4,5,6,7,8,9,11,12,13,14,15,16,17,18,19,20,21,22,23,24,25,26,28,29,30,31,32,33,34,35,36,37,38,39,40,41,42,43,44,45,46,47,49,51,53,55,57,58,61,62,71,74,75,77,78,79,81,84,91,102]",15,1019,0,0,2
"[0,1,2,3,4,5,6,7,8,9,11,12,13,14,15,16,17,18,19,20,21,22,23,24,25,26,28,29,30,31,32,33,34,35,36,37,38,39,40,41,42,43,44,45,46,47,49,51,53,55,57,58,61,62,71,74,75,77,78,79,81,84,91,102]",16,1019,0,0,2
"[0,1,2,3,4,5,6,7,8,9,11,12,13,14,15,16,17,18,19,20,21,22,23,24,25,26,28,29,30,31,32,33,34,35,36,37,38,39,40,41,42,43,44,45,46,47,49,51,53,55,57,58,61,62,71,74,75,77,78,79,81,84,91,102]",17,1019,0,0,2
"[0,1,2,3,4,5,6,7,8,9,11,12,13,14,15,16,17,18,19,20,21,22,23,24,25,26,28,29,30,31,32,33,34,35,36,37,38,39,40,41,42,43,44,45,46,47,49,51,53,55,57,58,61,62,71,74,75,77,78,79,81,84,91,102]",18,1019,0,0,2
"[0,1,2,3,4,5,6,7,8,9,11,12,13,14,15,16,17,18,19,20,21,22,23,24,25,26,28,29,30,31,32,33,34,35,36,37,38,39,40,41,42,43,44,45,46,47,49,51,53,55,57,58,61,62,71,74,75,77,78,79,81,84,91,102]",19,1019,0,0,2
"[0,1,2,3,4,5,6,7,8,9,11,12,13,14,15,16,17,18,19,20,21,22,23,24,25,26,28,29,30,31,32,33,34,35,36,37,38,39,40,41,42,43,44,45,46,47,49,51,53,55,57,58,61,62,71,74,75,77,78,79,81,84,91,102]",20,1019,0,0,2
"[0,1,2,3,4,5,6,7,8,9,11,12,13,14,15,16,17,18,19,20,21,22,23,24,25,26,28,29,30,31,32,33,34,35,36,37,38,39,40,41,42,43,44,45,46,47,49,51,53,55,57,58,61,62,71,74,75,77,78,79,81,84,91,102]",21,1019,60,0.0588812561334642,2
"[0,1,2,3,4,5,6,7,8,9,11,12,13,14,15,16,17,18,19,20,21,22,23,24,25,26,28,29,30,31,32,33,34,35,36,37,38,39,40,41,42,43,44,45,46,47,49,51,53,55,57,58,61,62,71,74,75,77,78,79,81,84,91,102]",22,1019,0,0,2
"[0,1,2,3,4,5,6,7,8,9,11,12,13,14,15,16,17,18,19,20,21,22,23,24,25,26,28,29,30,31,32,33,34,35,36,37,38,39,40,41,42,43,44,45,46,47,49,51,53,55,57,58,61,62,71,74,75,77,78,79,81,84,91,102]",23,1019,20,0.0196270853778214,2
"[0,1,2,3,4,5,6,7,8,9,11,12,13,14,15,16,17,18,19,20,21,22,23,24,25,26,28,29,30,31,32,33,34,35,36,37,38,39,40,41,42,43,44,45,46,47,49,51,53,55,57,58,61,62,71,74,75,77,78,79,81,84,91,102]",24,1019,0,0,2
"[0,1,2,3,4,5,6,7,8,9,11,12,13,14,15,16,17,18,19,20,21,22,23,24,25,26,28,29,30,31,32,33,34,35,36,37,38,39,40,41,42,43,44,45,46,47,49,51,53,55,57,58,61,62,71,74,75,77,78,79,81,84,91,102]",25,1019,25,0.0245338567222767,2
"[0,1,2,3,4,5,6,7,8,9,11,12,13,14,15,16,17,18,19,20,21,22,23,24,25,26,28,29,30,31,32,33,34,35,36,37,38,39,40,41,42,43,44,45,46,47,49,51,53,55,57,58,61,62,71,74,75,77,78,79,81,84,91,102]",26,1019,3,0.00294406280667321,2
"[0,1,2,3,4,5,6,7,8,9,11,12,13,14,15,16,17,18,19,20,21,22,23,24,25,26,28,29,30,31,32,33,34,35,36,37,38,39,40,41,42,43,44,45,46,47,49,51,53,55,57,58,61,62,71,74,75,77,78,79,81,84,91,102]",28,1019,4,0.00392541707556428,2
"[0,1,2,3,4,5,6,7,8,9,11,12,13,14,15,16,17,18,19,20,21,22,23,24,25,26,28,29,30,31,32,33,34,35,36,37,38,39,40,41,42,43,44,45,46,47,49,51,53,55,57,58,61,62,71,74,75,77,78,79,81,84,91,102]",29,1019,0,0,2
"[0,1,2,3,4,5,6,7,8,9,11,12,13,14,15,16,17,18,19,20,21,22,23,24,25,26,28,29,30,31,32,33,34,35,36,37,38,39,40,41,42,43,44,45,46,47,49,51,53,55,57,58,61,62,71,74,75,77,78,79,81,84,91,102]",30,1019,0,0,2
"[0,1,2,3,4,5,6,7,8,9,11,12,13,14,15,16,17,18,19,20,21,22,23,24,25,26,28,29,30,31,32,33,34,35,36,37,38,39,40,41,42,43,44,45,46,47,49,51,53,55,57,58,61,62,71,74,75,77,78,79,81,84,91,102]",31,1019,41,0.0402355250245339,2
"[0,1,2,3,4,5,6,7,8,9,11,12,13,14,15,16,17,18,19,20,21,22,23,24,25,26,28,29,30,31,32,33,34,35,36,37,38,39,40,41,42,43,44,45,46,47,49,51,53,55,57,58,61,62,71,74,75,77,78,79,81,84,91,102]",32,1019,13,0.0127576054955839,2
"[0,1,2,3,4,5,6,7,8,9,11,12,13,14,15,16,17,18,19,20,21,22,23,24,25,26,28,29,30,31,32,33,34,35,36,37,38,39,40,41,42,43,44,45,46,47,49,51,53,55,57,58,61,62,71,74,75,77,78,79,81,84,91,102]",33,1019,0,0,2
"[0,1,2,3,4,5,6,7,8,9,11,12,13,14,15,16,17,18,19,20,21,22,23,24,25,26,28,29,30,31,32,33,34,35,36,37,38,39,40,41,42,43,44,45,46,47,49,51,53,55,57,58,61,62,71,74,75,77,78,79,81,84,91,102]",34,1019,0,0,2
"[0,1,2,3,4,5,6,7,8,9,11,12,13,14,15,16,17,18,19,20,21,22,23,24,25,26,28,29,30,31,32,33,34,35,36,37,38,39,40,41,42,43,44,45,46,47,49,51,53,55,57,58,61,62,71,74,75,77,78,79,81,84,91,102]",35,1019,0,0,2
"[0,1,2,3,4,5,6,7,8,9,11,12,13,14,15,16,17,18,19,20,21,22,23,24,25,26,28,29,30,31,32,33,34,35,36,37,38,39,40,41,42,43,44,45,46,47,49,51,53,55,57,58,61,62,71,74,75,77,78,79,81,84,91,102]",36,1019,9,0.00883218842001963,2
"[0,1,2,3,4,5,6,7,8,9,11,12,13,14,15,16,17,18,19,20,21,22,23,24,25,26,28,29,30,31,32,33,34,35,36,37,38,39,40,41,42,43,44,45,46,47,49,51,53,55,57,58,61,62,71,74,75,77,78,79,81,84,91,102]",37,1019,0,0,2
"[0,1,2,3,4,5,6,7,8,9,11,12,13,14,15,16,17,18,19,20,21,22,23,24,25,26,28,29,30,31,32,33,34,35,36,37,38,39,40,41,42,43,44,45,46,47,49,51,53,55,57,58,61,62,71,74,75,77,78,79,81,84,91,102]",38,1019,0,0,2
"[0,1,2,3,4,5,6,7,8,9,11,12,13,14,15,16,17,18,19,20,21,22,23,24,25,26,28,29,30,31,32,33,34,35,36,37,38,39,40,41,42,43,44,45,46,47,49,51,53,55,57,58,61,62,71,74,75,77,78,79,81,84,91,102]",39,1019,9,0.00883218842001963,2
"[0,1,2,3,4,5,6,7,8,9,11,12,13,14,15,16,17,18,19,20,21,22,23,24,25,26,28,29,30,31,32,33,34,35,36,37,38,39,40,41,42,43,44,45,46,47,49,51,53,55,57,58,61,62,71,74,75,77,78,79,81,84,91,102]",40,1019,0,0,2
"[0,1,2,3,4,5,6,7,8,9,11,12,13,14,15,16,17,18,19,20,21,22,23,24,25,26,28,29,30,31,32,33,34,35,36,37,38,39,40,41,42,43,44,45,46,47,49,51,53,55,57,58,61,62,71,74,75,77,78,79,81,84,91,102]",41,1019,0,0,2
"[0,1,2,3,4,5,6,7,8,9,11,12,13,14,15,16,17,18,19,20,21,22,23,24,25,26,28,29,30,31,32,33,34,35,36,37,38,39,40,41,42,43,44,45,46,47,49,51,53,55,57,58,61,62,71,74,75,77,78,79,81,84,91,102]",42,1019,0,0,2
"[0,1,2,3,4,5,6,7,8,9,11,12,13,14,15,16,17,18,19,20,21,22,23,24,25,26,28,29,30,31,32,33,34,35,36,37,38,39,40,41,42,43,44,45,46,47,49,51,53,55,57,58,61,62,71,74,75,77,78,79,81,84,91,102]",43,1019,53,0.0520117762512267,2
"[0,1,2,3,4,5,6,7,8,9,11,12,13,14,15,16,17,18,19,20,21,22,23,24,25,26,28,29,30,31,32,33,34,35,36,37,38,39,40,41,42,43,44,45,46,47,49,51,53,55,57,58,61,62,71,74,75,77,78,79,81,84,91,102]",44,1019,0,0,2
"[0,1,2,3,4,5,6,7,8,9,11,12,13,14,15,16,17,18,19,20,21,22,23,24,25,26,28,29,30,31,32,33,34,35,36,37,38,39,40,41,42,43,44,45,46,47,49,51,53,55,57,58,61,62,71,74,75,77,78,79,81,84,91,102]",45,1019,13,0.0127576054955839,2
"[0,1,2,3,4,5,6,7,8,9,11,12,13,14,15,16,17,18,19,20,21,22,23,24,25,26,28,29,30,31,32,33,34,35,36,37,38,39,40,41,42,43,44,45,46,47,49,51,53,55,57,58,61,62,71,74,75,77,78,79,81,84,91,102]",46,1019,0,0,2
"[0,1,2,3,4,5,6,7,8,9,11,12,13,14,15,16,17,18,19,20,21,22,23,24,25,26,28,29,30,31,32,33,34,35,36,37,38,39,40,41,42,43,44,45,46,47,49,51,53,55,57,58,61,62,71,74,75,77,78,79,81,84,91,102]",47,1019,0,0,2
"[0,1,2,3,4,5,6,7,8,9,11,12,13,14,15,16,17,18,19,20,21,22,23,24,25,26,28,29,30,31,32,33,34,35,36,37,38,39,40,41,42,43,44,45,46,47,49,51,53,55,57,58,61,62,71,74,75,77,78,79,81,84,91,102]",49,1019,15,0.014720314033366,2
"[0,1,2,3,4,5,6,7,8,9,11,12,13,14,15,16,17,18,19,20,21,22,23,24,25,26,28,29,30,31,32,33,34,35,36,37,38,39,40,41,42,43,44,45,46,47,49,51,53,55,57,58,61,62,71,74,75,77,78,79,81,84,91,102]",51,1019,11,0.0107948969578018,2
"[0,1,2,3,4,5,6,7,8,9,11,12,13,14,15,16,17,18,19,20,21,22,23,24,25,26,28,29,30,31,32,33,34,35,36,37,38,39,40,41,42,43,44,45,46,47,49,51,53,55,57,58,61,62,71,74,75,77,78,79,81,84,91,102]",53,1019,0,0,2
"[0,1,2,3,4,5,6,7,8,9,11,12,13,14,15,16,17,18,19,20,21,22,23,24,25,26,28,29,30,31,32,33,34,35,36,37,38,39,40,41,42,43,44,45,46,47,49,51,53,55,57,58,61,62,71,74,75,77,78,79,81,84,91,102]",55,1019,1,0.00098135426889107,2
"[0,1,2,3,4,5,6,7,8,9,11,12,13,14,15,16,17,18,19,20,21,22,23,24,25,26,28,29,30,31,32,33,34,35,36,37,38,39,40,41,42,43,44,45,46,47,49,51,53,55,57,58,61,62,71,74,75,77,78,79,81,84,91,102]",57,1019,0,0,2
"[0,1,2,3,4,5,6,7,8,9,11,12,13,14,15,16,17,18,19,20,21,22,23,24,25,26,28,29,30,31,32,33,34,35,36,37,38,39,40,41,42,43,44,45,46,47,49,51,53,55,57,58,61,62,71,74,75,77,78,79,81,84,91,102]",58,1019,28,0.0274779195289499,2
"[0,1,2,3,4,5,6,7,8,9,11,12,13,14,15,16,17,18,19,20,21,22,23,24,25,26,28,29,30,31,32,33,34,35,36,37,38,39,40,41,42,43,44,45,46,47,49,51,53,55,57,58,61,62,71,74,75,77,78,79,81,84,91,102]",61,1019,0,0,2
"[0,1,2,3,4,5,6,7,8,9,11,12,13,14,15,16,17,18,19,20,21,22,23,24,25,26,28,29,30,31,32,33,34,35,36,37,38,39,40,41,42,43,44,45,46,47,49,51,53,55,57,58,61,62,71,74,75,77,78,79,81,84,91,102]",62,1019,10,0.0098135426889107,2
"[0,1,2,3,4,5,6,7,8,9,11,12,13,14,15,16,17,18,19,20,21,22,23,24,25,26,28,29,30,31,32,33,34,35,36,37,38,39,40,41,42,43,44,45,46,47,49,51,53,55,57,58,61,62,71,74,75,77,78,79,81,84,91,102]",71,1019,0,0,2
"[0,1,2,3,4,5,6,7,8,9,11,12,13,14,15,16,17,18,19,20,21,22,23,24,25,26,28,29,30,31,32,33,34,35,36,37,38,39,40,41,42,43,44,45,46,47,49,51,53,55,57,58,61,62,71,74,75,77,78,79,81,84,91,102]",74,1019,0,0,2
"[0,1,2,3,4,5,6,7,8,9,11,12,13,14,15,16,17,18,19,20,21,22,23,24,25,26,28,29,30,31,32,33,34,35,36,37,38,39,40,41,42,43,44,45,46,47,49,51,53,55,57,58,61,62,71,74,75,77,78,79,81,84,91,102]",75,1019,0,0,2
"[0,1,2,3,4,5,6,7,8,9,11,12,13,14,15,16,17,18,19,20,21,22,23,24,25,26,28,29,30,31,32,33,34,35,36,37,38,39,40,41,42,43,44,45,46,47,49,51,53,55,57,58,61,62,71,74,75,77,78,79,81,84,91,102]",77,1019,0,0,2
"[0,1,2,3,4,5,6,7,8,9,11,12,13,14,15,16,17,18,19,20,21,22,23,24,25,26,28,29,30,31,32,33,34,35,36,37,38,39,40,41,42,43,44,45,46,47,49,51,53,55,57,58,61,62,71,74,75,77,78,79,81,84,91,102]",78,1019,0,0,2
"[0,1,2,3,4,5,6,7,8,9,11,12,13,14,15,16,17,18,19,20,21,22,23,24,25,26,28,29,30,31,32,33,34,35,36,37,38,39,40,41,42,43,44,45,46,47,49,51,53,55,57,58,61,62,71,74,75,77,78,79,81,84,91,102]",79,1019,0,0,2
"[0,1,2,3,4,5,6,7,8,9,11,12,13,14,15,16,17,18,19,20,21,22,23,24,25,26,28,29,30,31,32,33,34,35,36,37,38,39,40,41,42,43,44,45,46,47,49,51,53,55,57,58,61,62,71,74,75,77,78,79,81,84,91,102]",81,1019,0,0,2
"[0,1,2,3,4,5,6,7,8,9,11,12,13,14,15,16,17,18,19,20,21,22,23,24,25,26,28,29,30,31,32,33,34,35,36,37,38,39,40,41,42,43,44,45,46,47,49,51,53,55,57,58,61,62,71,74,75,77,78,79,81,84,91,102]",84,1019,0,0,2
"[0,1,2,3,4,5,6,7,8,9,11,12,13,14,15,16,17,18,19,20,21,22,23,24,25,26,28,29,30,31,32,33,34,35,36,37,38,39,40,41,42,43,44,45,46,47,49,51,53,55,57,58,61,62,71,74,75,77,78,79,81,84,91,102]",91,1019,0,0,2
"[0,1,2,3,4,5,6,7,8,9,11,12,13,14,15,16,17,18,19,20,21,22,23,24,25,26,28,29,30,31,32,33,34,35,36,37,38,39,40,41,42,43,44,45,46,47,49,51,53,55,57,58,61,62,71,74,75,77,78,79,81,84,91,102]",102,1019,3,0.00294406280667321,2
"[0,1,2,3,4,5,6,7,8,9,11,12,13,14,15,16,17,18,19,20,21,22,23,24,25,26,28,29,30,31,32,33,34,35,36,37,38,39,40,41,42,43,44,45,47,49,51,52,53,55,57,58,59,61,62,71,74,75,77,78,79,81,84,91,102]",0,1169,38,0.0325064157399487,2
"[0,1,2,3,4,5,6,7,8,9,11,12,13,14,15,16,17,18,19,20,21,22,23,24,25,26,28,29,30,31,32,33,34,35,36,37,38,39,40,41,42,43,44,45,47,49,51,52,53,55,57,58,59,61,62,71,74,75,77,78,79,81,84,91,102]",1,1169,34,0.0290846877673225,2
"[0,1,2,3,4,5,6,7,8,9,11,12,13,14,15,16,17,18,19,20,21,22,23,24,25,26,28,29,30,31,32,33,34,35,36,37,38,39,40,41,42,43,44,45,47,49,51,52,53,55,57,58,59,61,62,71,74,75,77,78,79,81,84,91,102]",2,1169,249,0.213002566295979,2
"[0,1,2,3,4,5,6,7,8,9,11,12,13,14,15,16,17,18,19,20,21,22,23,24,25,26,28,29,30,31,32,33,34,35,36,37,38,39,40,41,42,43,44,45,47,49,51,52,53,55,57,58,59,61,62,71,74,75,77,78,79,81,84,91,102]",3,1169,0,0,2
"[0,1,2,3,4,5,6,7,8,9,11,12,13,14,15,16,17,18,19,20,21,22,23,24,25,26,28,29,30,31,32,33,34,35,36,37,38,39,40,41,42,43,44,45,47,49,51,52,53,55,57,58,59,61,62,71,74,75,77,78,79,81,84,91,102]",4,1169,0,0,2
"[0,1,2,3,4,5,6,7,8,9,11,12,13,14,15,16,17,18,19,20,21,22,23,24,25,26,28,29,30,31,32,33,34,35,36,37,38,39,40,41,42,43,44,45,47,49,51,52,53,55,57,58,59,61,62,71,74,75,77,78,79,81,84,91,102]",5,1169,176,0.150556030795552,2
"[0,1,2,3,4,5,6,7,8,9,11,12,13,14,15,16,17,18,19,20,21,22,23,24,25,26,28,29,30,31,32,33,34,35,36,37,38,39,40,41,42,43,44,45,47,49,51,52,53,55,57,58,59,61,62,71,74,75,77,78,79,81,84,91,102]",6,1169,201,0.171941830624465,2
"[0,1,2,3,4,5,6,7,8,9,11,12,13,14,15,16,17,18,19,20,21,22,23,24,25,26,28,29,30,31,32,33,34,35,36,37,38,39,40,41,42,43,44,45,47,49,51,52,53,55,57,58,59,61,62,71,74,75,77,78,79,81,84,91,102]",7,1169,16,0.0136869118905047,2
"[0,1,2,3,4,5,6,7,8,9,11,12,13,14,15,16,17,18,19,20,21,22,23,24,25,26,28,29,30,31,32,33,34,35,36,37,38,39,40,41,42,43,44,45,47,49,51,52,53,55,57,58,59,61,62,71,74,75,77,78,79,81,84,91,102]",8,1169,1,0.000855431993156544,2
"[0,1,2,3,4,5,6,7,8,9,11,12,13,14,15,16,17,18,19,20,21,22,23,24,25,26,28,29,30,31,32,33,34,35,36,37,38,39,40,41,42,43,44,45,47,49,51,52,53,55,57,58,59,61,62,71,74,75,77,78,79,81,84,91,102]",9,1169,56,0.0479041916167665,2
"[0,1,2,3,4,5,6,7,8,9,11,12,13,14,15,16,17,18,19,20,21,22,23,24,25,26,28,29,30,31,32,33,34,35,36,37,38,39,40,41,42,43,44,45,47,49,51,52,53,55,57,58,59,61,62,71,74,75,77,78,79,81,84,91,102]",11,1169,0,0,2
"[0,1,2,3,4,5,6,7,8,9,11,12,13,14,15,16,17,18,19,20,21,22,23,24,25,26,28,29,30,31,32,33,34,35,36,37,38,39,40,41,42,43,44,45,47,49,51,52,53,55,57,58,59,61,62,71,74,75,77,78,79,81,84,91,102]",12,1169,0,0,2
"[0,1,2,3,4,5,6,7,8,9,11,12,13,14,15,16,17,18,19,20,21,22,23,24,25,26,28,29,30,31,32,33,34,35,36,37,38,39,40,41,42,43,44,45,47,49,51,52,53,55,57,58,59,61,62,71,74,75,77,78,79,81,84,91,102]",13,1169,0,0,2
"[0,1,2,3,4,5,6,7,8,9,11,12,13,14,15,16,17,18,19,20,21,22,23,24,25,26,28,29,30,31,32,33,34,35,36,37,38,39,40,41,42,43,44,45,47,49,51,52,53,55,57,58,59,61,62,71,74,75,77,78,79,81,84,91,102]",14,1169,0,0,2
"[0,1,2,3,4,5,6,7,8,9,11,12,13,14,15,16,17,18,19,20,21,22,23,24,25,26,28,29,30,31,32,33,34,35,36,37,38,39,40,41,42,43,44,45,47,49,51,52,53,55,57,58,59,61,62,71,74,75,77,78,79,81,84,91,102]",15,1169,0,0,2
"[0,1,2,3,4,5,6,7,8,9,11,12,13,14,15,16,17,18,19,20,21,22,23,24,25,26,28,29,30,31,32,33,34,35,36,37,38,39,40,41,42,43,44,45,47,49,51,52,53,55,57,58,59,61,62,71,74,75,77,78,79,81,84,91,102]",16,1169,0,0,2
"[0,1,2,3,4,5,6,7,8,9,11,12,13,14,15,16,17,18,19,20,21,22,23,24,25,26,28,29,30,31,32,33,34,35,36,37,38,39,40,41,42,43,44,45,47,49,51,52,53,55,57,58,59,61,62,71,74,75,77,78,79,81,84,91,102]",17,1169,0,0,2
"[0,1,2,3,4,5,6,7,8,9,11,12,13,14,15,16,17,18,19,20,21,22,23,24,25,26,28,29,30,31,32,33,34,35,36,37,38,39,40,41,42,43,44,45,47,49,51,52,53,55,57,58,59,61,62,71,74,75,77,78,79,81,84,91,102]",18,1169,0,0,2
"[0,1,2,3,4,5,6,7,8,9,11,12,13,14,15,16,17,18,19,20,21,22,23,24,25,26,28,29,30,31,32,33,34,35,36,37,38,39,40,41,42,43,44,45,47,49,51,52,53,55,57,58,59,61,62,71,74,75,77,78,79,81,84,91,102]",19,1169,0,0,2
"[0,1,2,3,4,5,6,7,8,9,11,12,13,14,15,16,17,18,19,20,21,22,23,24,25,26,28,29,30,31,32,33,34,35,36,37,38,39,40,41,42,43,44,45,47,49,51,52,53,55,57,58,59,61,62,71,74,75,77,78,79,81,84,91,102]",20,1169,0,0,2
"[0,1,2,3,4,5,6,7,8,9,11,12,13,14,15,16,17,18,19,20,21,22,23,24,25,26,28,29,30,31,32,33,34,35,36,37,38,39,40,41,42,43,44,45,47,49,51,52,53,55,57,58,59,61,62,71,74,75,77,78,79,81,84,91,102]",21,1169,92,0.0786997433704021,2
"[0,1,2,3,4,5,6,7,8,9,11,12,13,14,15,16,17,18,19,20,21,22,23,24,25,26,28,29,30,31,32,33,34,35,36,37,38,39,40,41,42,43,44,45,47,49,51,52,53,55,57,58,59,61,62,71,74,75,77,78,79,81,84,91,102]",22,1169,0,0,2
"[0,1,2,3,4,5,6,7,8,9,11,12,13,14,15,16,17,18,19,20,21,22,23,24,25,26,28,29,30,31,32,33,34,35,36,37,38,39,40,41,42,43,44,45,47,49,51,52,53,55,57,58,59,61,62,71,74,75,77,78,79,81,84,91,102]",23,1169,7,0.00598802395209581,2
"[0,1,2,3,4,5,6,7,8,9,11,12,13,14,15,16,17,18,19,20,21,22,23,24,25,26,28,29,30,31,32,33,34,35,36,37,38,39,40,41,42,43,44,45,47,49,51,52,53,55,57,58,59,61,62,71,74,75,77,78,79,81,84,91,102]",24,1169,0,0,2
"[0,1,2,3,4,5,6,7,8,9,11,12,13,14,15,16,17,18,19,20,21,22,23,24,25,26,28,29,30,31,32,33,34,35,36,37,38,39,40,41,42,43,44,45,47,49,51,52,53,55,57,58,59,61,62,71,74,75,77,78,79,81,84,91,102]",25,1169,15,0.0128314798973482,2
"[0,1,2,3,4,5,6,7,8,9,11,12,13,14,15,16,17,18,19,20,21,22,23,24,25,26,28,29,30,31,32,33,34,35,36,37,38,39,40,41,42,43,44,45,47,49,51,52,53,55,57,58,59,61,62,71,74,75,77,78,79,81,84,91,102]",26,1169,2,0.00171086398631309,2
"[0,1,2,3,4,5,6,7,8,9,11,12,13,14,15,16,17,18,19,20,21,22,23,24,25,26,28,29,30,31,32,33,34,35,36,37,38,39,40,41,42,43,44,45,47,49,51,52,53,55,57,58,59,61,62,71,74,75,77,78,79,81,84,91,102]",28,1169,42,0.0359281437125748,2
"[0,1,2,3,4,5,6,7,8,9,11,12,13,14,15,16,17,18,19,20,21,22,23,24,25,26,28,29,30,31,32,33,34,35,36,37,38,39,40,41,42,43,44,45,47,49,51,52,53,55,57,58,59,61,62,71,74,75,77,78,79,81,84,91,102]",29,1169,0,0,2
"[0,1,2,3,4,5,6,7,8,9,11,12,13,14,15,16,17,18,19,20,21,22,23,24,25,26,28,29,30,31,32,33,34,35,36,37,38,39,40,41,42,43,44,45,47,49,51,52,53,55,57,58,59,61,62,71,74,75,77,78,79,81,84,91,102]",30,1169,0,0,2
"[0,1,2,3,4,5,6,7,8,9,11,12,13,14,15,16,17,18,19,20,21,22,23,24,25,26,28,29,30,31,32,33,34,35,36,37,38,39,40,41,42,43,44,45,47,49,51,52,53,55,57,58,59,61,62,71,74,75,77,78,79,81,84,91,102]",31,1169,18,0.0153977758768178,2
"[0,1,2,3,4,5,6,7,8,9,11,12,13,14,15,16,17,18,19,20,21,22,23,24,25,26,28,29,30,31,32,33,34,35,36,37,38,39,40,41,42,43,44,45,47,49,51,52,53,55,57,58,59,61,62,71,74,75,77,78,79,81,84,91,102]",32,1169,12,0.0102651839178785,2
"[0,1,2,3,4,5,6,7,8,9,11,12,13,14,15,16,17,18,19,20,21,22,23,24,25,26,28,29,30,31,32,33,34,35,36,37,38,39,40,41,42,43,44,45,47,49,51,52,53,55,57,58,59,61,62,71,74,75,77,78,79,81,84,91,102]",33,1169,0,0,2
"[0,1,2,3,4,5,6,7,8,9,11,12,13,14,15,16,17,18,19,20,21,22,23,24,25,26,28,29,30,31,32,33,34,35,36,37,38,39,40,41,42,43,44,45,47,49,51,52,53,55,57,58,59,61,62,71,74,75,77,78,79,81,84,91,102]",34,1169,0,0,2
"[0,1,2,3,4,5,6,7,8,9,11,12,13,14,15,16,17,18,19,20,21,22,23,24,25,26,28,29,30,31,32,33,34,35,36,37,38,39,40,41,42,43,44,45,47,49,51,52,53,55,57,58,59,61,62,71,74,75,77,78,79,81,84,91,102]",35,1169,0,0,2
"[0,1,2,3,4,5,6,7,8,9,11,12,13,14,15,16,17,18,19,20,21,22,23,24,25,26,28,29,30,31,32,33,34,35,36,37,38,39,40,41,42,43,44,45,47,49,51,52,53,55,57,58,59,61,62,71,74,75,77,78,79,81,84,91,102]",36,1169,3,0.00256629597946963,2
"[0,1,2,3,4,5,6,7,8,9,11,12,13,14,15,16,17,18,19,20,21,22,23,24,25,26,28,29,30,31,32,33,34,35,36,37,38,39,40,41,42,43,44,45,47,49,51,52,53,55,57,58,59,61,62,71,74,75,77,78,79,81,84,91,102]",37,1169,0,0,2
"[0,1,2,3,4,5,6,7,8,9,11,12,13,14,15,16,17,18,19,20,21,22,23,24,25,26,28,29,30,31,32,33,34,35,36,37,38,39,40,41,42,43,44,45,47,49,51,52,53,55,57,58,59,61,62,71,74,75,77,78,79,81,84,91,102]",38,1169,0,0,2
"[0,1,2,3,4,5,6,7,8,9,11,12,13,14,15,16,17,18,19,20,21,22,23,24,25,26,28,29,30,31,32,33,34,35,36,37,38,39,40,41,42,43,44,45,47,49,51,52,53,55,57,58,59,61,62,71,74,75,77,78,79,81,84,91,102]",39,1169,17,0.0145423438836612,2
"[0,1,2,3,4,5,6,7,8,9,11,12,13,14,15,16,17,18,19,20,21,22,23,24,25,26,28,29,30,31,32,33,34,35,36,37,38,39,40,41,42,43,44,45,47,49,51,52,53,55,57,58,59,61,62,71,74,75,77,78,79,81,84,91,102]",40,1169,0,0,2
"[0,1,2,3,4,5,6,7,8,9,11,12,13,14,15,16,17,18,19,20,21,22,23,24,25,26,28,29,30,31,32,33,34,35,36,37,38,39,40,41,42,43,44,45,47,49,51,52,53,55,57,58,59,61,62,71,74,75,77,78,79,81,84,91,102]",41,1169,0,0,2
"[0,1,2,3,4,5,6,7,8,9,11,12,13,14,15,16,17,18,19,20,21,22,23,24,25,26,28,29,30,31,32,33,34,35,36,37,38,39,40,41,42,43,44,45,47,49,51,52,53,55,57,58,59,61,62,71,74,75,77,78,79,81,84,91,102]",42,1169,0,0,2
"[0,1,2,3,4,5,6,7,8,9,11,12,13,14,15,16,17,18,19,20,21,22,23,24,25,26,28,29,30,31,32,33,34,35,36,37,38,39,40,41,42,43,44,45,47,49,51,52,53,55,57,58,59,61,62,71,74,75,77,78,79,81,84,91,102]",43,1169,74,0.0633019674935843,2
"[0,1,2,3,4,5,6,7,8,9,11,12,13,14,15,16,17,18,19,20,21,22,23,24,25,26,28,29,30,31,32,33,34,35,36,37,38,39,40,41,42,43,44,45,47,49,51,52,53,55,57,58,59,61,62,71,74,75,77,78,79,81,84,91,102]",44,1169,0,0,2
"[0,1,2,3,4,5,6,7,8,9,11,12,13,14,15,16,17,18,19,20,21,22,23,24,25,26,28,29,30,31,32,33,34,35,36,37,38,39,40,41,42,43,44,45,47,49,51,52,53,55,57,58,59,61,62,71,74,75,77,78,79,81,84,91,102]",45,1169,8,0.00684345594525235,2
"[0,1,2,3,4,5,6,7,8,9,11,12,13,14,15,16,17,18,19,20,21,22,23,24,25,26,28,29,30,31,32,33,34,35,36,37,38,39,40,41,42,43,44,45,47,49,51,52,53,55,57,58,59,61,62,71,74,75,77,78,79,81,84,91,102]",47,1169,0,0,2
"[0,1,2,3,4,5,6,7,8,9,11,12,13,14,15,16,17,18,19,20,21,22,23,24,25,26,28,29,30,31,32,33,34,35,36,37,38,39,40,41,42,43,44,45,47,49,51,52,53,55,57,58,59,61,62,71,74,75,77,78,79,81,84,91,102]",49,1169,4,0.00342172797262618,2
"[0,1,2,3,4,5,6,7,8,9,11,12,13,14,15,16,17,18,19,20,21,22,23,24,25,26,28,29,30,31,32,33,34,35,36,37,38,39,40,41,42,43,44,45,47,49,51,52,53,55,57,58,59,61,62,71,74,75,77,78,79,81,84,91,102]",51,1169,22,0.018819503849444,2
"[0,1,2,3,4,5,6,7,8,9,11,12,13,14,15,16,17,18,19,20,21,22,23,24,25,26,28,29,30,31,32,33,34,35,36,37,38,39,40,41,42,43,44,45,47,49,51,52,53,55,57,58,59,61,62,71,74,75,77,78,79,81,84,91,102]",52,1169,8,0.00684345594525235,2
"[0,1,2,3,4,5,6,7,8,9,11,12,13,14,15,16,17,18,19,20,21,22,23,24,25,26,28,29,30,31,32,33,34,35,36,37,38,39,40,41,42,43,44,45,47,49,51,52,53,55,57,58,59,61,62,71,74,75,77,78,79,81,84,91,102]",53,1169,0,0,2
"[0,1,2,3,4,5,6,7,8,9,11,12,13,14,15,16,17,18,19,20,21,22,23,24,25,26,28,29,30,31,32,33,34,35,36,37,38,39,40,41,42,43,44,45,47,49,51,52,53,55,57,58,59,61,62,71,74,75,77,78,79,81,84,91,102]",55,1169,5,0.00427715996578272,2
"[0,1,2,3,4,5,6,7,8,9,11,12,13,14,15,16,17,18,19,20,21,22,23,24,25,26,28,29,30,31,32,33,34,35,36,37,38,39,40,41,42,43,44,45,47,49,51,52,53,55,57,58,59,61,62,71,74,75,77,78,79,81,84,91,102]",57,1169,0,0,2
"[0,1,2,3,4,5,6,7,8,9,11,12,13,14,15,16,17,18,19,20,21,22,23,24,25,26,28,29,30,31,32,33,34,35,36,37,38,39,40,41,42,43,44,45,47,49,51,52,53,55,57,58,59,61,62,71,74,75,77,78,79,81,84,91,102]",58,1169,46,0.039349871685201,2
"[0,1,2,3,4,5,6,7,8,9,11,12,13,14,15,16,17,18,19,20,21,22,23,24,25,26,28,29,30,31,32,33,34,35,36,37,38,39,40,41,42,43,44,45,47,49,51,52,53,55,57,58,59,61,62,71,74,75,77,78,79,81,84,91,102]",59,1169,2,0.00171086398631309,2
"[0,1,2,3,4,5,6,7,8,9,11,12,13,14,15,16,17,18,19,20,21,22,23,24,25,26,28,29,30,31,32,33,34,35,36,37,38,39,40,41,42,43,44,45,47,49,51,52,53,55,57,58,59,61,62,71,74,75,77,78,79,81,84,91,102]",61,1169,0,0,2
"[0,1,2,3,4,5,6,7,8,9,11,12,13,14,15,16,17,18,19,20,21,22,23,24,25,26,28,29,30,31,32,33,34,35,36,37,38,39,40,41,42,43,44,45,47,49,51,52,53,55,57,58,59,61,62,71,74,75,77,78,79,81,84,91,102]",62,1169,12,0.0102651839178785,2
"[0,1,2,3,4,5,6,7,8,9,11,12,13,14,15,16,17,18,19,20,21,22,23,24,25,26,28,29,30,31,32,33,34,35,36,37,38,39,40,41,42,43,44,45,47,49,51,52,53,55,57,58,59,61,62,71,74,75,77,78,79,81,84,91,102]",71,1169,0,0,2
"[0,1,2,3,4,5,6,7,8,9,11,12,13,14,15,16,17,18,19,20,21,22,23,24,25,26,28,29,30,31,32,33,34,35,36,37,38,39,40,41,42,43,44,45,47,49,51,52,53,55,57,58,59,61,62,71,74,75,77,78,79,81,84,91,102]",74,1169,0,0,2
"[0,1,2,3,4,5,6,7,8,9,11,12,13,14,15,16,17,18,19,20,21,22,23,24,25,26,28,29,30,31,32,33,34,35,36,37,38,39,40,41,42,43,44,45,47,49,51,52,53,55,57,58,59,61,62,71,74,75,77,78,79,81,84,91,102]",75,1169,0,0,2
"[0,1,2,3,4,5,6,7,8,9,11,12,13,14,15,16,17,18,19,20,21,22,23,24,25,26,28,29,30,31,32,33,34,35,36,37,38,39,40,41,42,43,44,45,47,49,51,52,53,55,57,58,59,61,62,71,74,75,77,78,79,81,84,91,102]",77,1169,0,0,2
"[0,1,2,3,4,5,6,7,8,9,11,12,13,14,15,16,17,18,19,20,21,22,23,24,25,26,28,29,30,31,32,33,34,35,36,37,38,39,40,41,42,43,44,45,47,49,51,52,53,55,57,58,59,61,62,71,74,75,77,78,79,81,84,91,102]",78,1169,0,0,2
"[0,1,2,3,4,5,6,7,8,9,11,12,13,14,15,16,17,18,19,20,21,22,23,24,25,26,28,29,30,31,32,33,34,35,36,37,38,39,40,41,42,43,44,45,47,49,51,52,53,55,57,58,59,61,62,71,74,75,77,78,79,81,84,91,102]",79,1169,3,0.00256629597946963,2
"[0,1,2,3,4,5,6,7,8,9,11,12,13,14,15,16,17,18,19,20,21,22,23,24,25,26,28,29,30,31,32,33,34,35,36,37,38,39,40,41,42,43,44,45,47,49,51,52,53,55,57,58,59,61,62,71,74,75,77,78,79,81,84,91,102]",81,1169,0,0,2
"[0,1,2,3,4,5,6,7,8,9,11,12,13,14,15,16,17,18,19,20,21,22,23,24,25,26,28,29,30,31,32,33,34,35,36,37,38,39,40,41,42,43,44,45,47,49,51,52,53,55,57,58,59,61,62,71,74,75,77,78,79,81,84,91,102]",84,1169,0,0,2
"[0,1,2,3,4,5,6,7,8,9,11,12,13,14,15,16,17,18,19,20,21,22,23,24,25,26,28,29,30,31,32,33,34,35,36,37,38,39,40,41,42,43,44,45,47,49,51,52,53,55,57,58,59,61,62,71,74,75,77,78,79,81,84,91,102]",91,1169,0,0,2
"[0,1,2,3,4,5,6,7,8,9,11,12,13,14,15,16,17,18,19,20,21,22,23,24,25,26,28,29,30,31,32,33,34,35,36,37,38,39,40,41,42,43,44,45,47,49,51,52,53,55,57,58,59,61,62,71,74,75,77,78,79,81,84,91,102]",102,1169,6,0.00513259195893926,2
"[0,1,2,3,4,5,6,7,8,9,11,12,13,14,15,16,17,18,19,20,21,22,23,24,25,26,28,29,30,31,32,33,34,35,36,37,38,39,40,41,42,43,44,45,47,49,51,52,53,55,57,58,61,62,71,74,75,77,78,79,81,84,91,102]",0,1154,33,0.0285961871750433,2
"[0,1,2,3,4,5,6,7,8,9,11,12,13,14,15,16,17,18,19,20,21,22,23,24,25,26,28,29,30,31,32,33,34,35,36,37,38,39,40,41,42,43,44,45,47,49,51,52,53,55,57,58,61,62,71,74,75,77,78,79,81,84,91,102]",1,1154,44,0.0381282495667244,2
"[0,1,2,3,4,5,6,7,8,9,11,12,13,14,15,16,17,18,19,20,21,22,23,24,25,26,28,29,30,31,32,33,34,35,36,37,38,39,40,41,42,43,44,45,47,49,51,52,53,55,57,58,61,62,71,74,75,77,78,79,81,84,91,102]",2,1154,369,0.319757365684575,2
"[0,1,2,3,4,5,6,7,8,9,11,12,13,14,15,16,17,18,19,20,21,22,23,24,25,26,28,29,30,31,32,33,34,35,36,37,38,39,40,41,42,43,44,45,47,49,51,52,53,55,57,58,61,62,71,74,75,77,78,79,81,84,91,102]",3,1154,0,0,2
"[0,1,2,3,4,5,6,7,8,9,11,12,13,14,15,16,17,18,19,20,21,22,23,24,25,26,28,29,30,31,32,33,34,35,36,37,38,39,40,41,42,43,44,45,47,49,51,52,53,55,57,58,61,62,71,74,75,77,78,79,81,84,91,102]",4,1154,0,0,2
"[0,1,2,3,4,5,6,7,8,9,11,12,13,14,15,16,17,18,19,20,21,22,23,24,25,26,28,29,30,31,32,33,34,35,36,37,38,39,40,41,42,43,44,45,47,49,51,52,53,55,57,58,61,62,71,74,75,77,78,79,81,84,91,102]",5,1154,172,0.149046793760832,2
"[0,1,2,3,4,5,6,7,8,9,11,12,13,14,15,16,17,18,19,20,21,22,23,24,25,26,28,29,30,31,32,33,34,35,36,37,38,39,40,41,42,43,44,45,47,49,51,52,53,55,57,58,61,62,71,74,75,77,78,79,81,84,91,102]",6,1154,174,0.150779896013865,2
"[0,1,2,3,4,5,6,7,8,9,11,12,13,14,15,16,17,18,19,20,21,22,23,24,25,26,28,29,30,31,32,33,34,35,36,37,38,39,40,41,42,43,44,45,47,49,51,52,53,55,57,58,61,62,71,74,75,77,78,79,81,84,91,102]",7,1154,19,0.0164644714038128,2
"[0,1,2,3,4,5,6,7,8,9,11,12,13,14,15,16,17,18,19,20,21,22,23,24,25,26,28,29,30,31,32,33,34,35,36,37,38,39,40,41,42,43,44,45,47,49,51,52,53,55,57,58,61,62,71,74,75,77,78,79,81,84,91,102]",8,1154,0,0,2
"[0,1,2,3,4,5,6,7,8,9,11,12,13,14,15,16,17,18,19,20,21,22,23,24,25,26,28,29,30,31,32,33,34,35,36,37,38,39,40,41,42,43,44,45,47,49,51,52,53,55,57,58,61,62,71,74,75,77,78,79,81,84,91,102]",9,1154,44,0.0381282495667244,2
"[0,1,2,3,4,5,6,7,8,9,11,12,13,14,15,16,17,18,19,20,21,22,23,24,25,26,28,29,30,31,32,33,34,35,36,37,38,39,40,41,42,43,44,45,47,49,51,52,53,55,57,58,61,62,71,74,75,77,78,79,81,84,91,102]",11,1154,0,0,2
"[0,1,2,3,4,5,6,7,8,9,11,12,13,14,15,16,17,18,19,20,21,22,23,24,25,26,28,29,30,31,32,33,34,35,36,37,38,39,40,41,42,43,44,45,47,49,51,52,53,55,57,58,61,62,71,74,75,77,78,79,81,84,91,102]",12,1154,0,0,2
"[0,1,2,3,4,5,6,7,8,9,11,12,13,14,15,16,17,18,19,20,21,22,23,24,25,26,28,29,30,31,32,33,34,35,36,37,38,39,40,41,42,43,44,45,47,49,51,52,53,55,57,58,61,62,71,74,75,77,78,79,81,84,91,102]",13,1154,0,0,2
"[0,1,2,3,4,5,6,7,8,9,11,12,13,14,15,16,17,18,19,20,21,22,23,24,25,26,28,29,30,31,32,33,34,35,36,37,38,39,40,41,42,43,44,45,47,49,51,52,53,55,57,58,61,62,71,74,75,77,78,79,81,84,91,102]",14,1154,0,0,2
"[0,1,2,3,4,5,6,7,8,9,11,12,13,14,15,16,17,18,19,20,21,22,23,24,25,26,28,29,30,31,32,33,34,35,36,37,38,39,40,41,42,43,44,45,47,49,51,52,53,55,57,58,61,62,71,74,75,77,78,79,81,84,91,102]",15,1154,0,0,2
"[0,1,2,3,4,5,6,7,8,9,11,12,13,14,15,16,17,18,19,20,21,22,23,24,25,26,28,29,30,31,32,33,34,35,36,37,38,39,40,41,42,43,44,45,47,49,51,52,53,55,57,58,61,62,71,74,75,77,78,79,81,84,91,102]",16,1154,0,0,2
"[0,1,2,3,4,5,6,7,8,9,11,12,13,14,15,16,17,18,19,20,21,22,23,24,25,26,28,29,30,31,32,33,34,35,36,37,38,39,40,41,42,43,44,45,47,49,51,52,53,55,57,58,61,62,71,74,75,77,78,79,81,84,91,102]",17,1154,0,0,2
"[0,1,2,3,4,5,6,7,8,9,11,12,13,14,15,16,17,18,19,20,21,22,23,24,25,26,28,29,30,31,32,33,34,35,36,37,38,39,40,41,42,43,44,45,47,49,51,52,53,55,57,58,61,62,71,74,75,77,78,79,81,84,91,102]",18,1154,0,0,2
"[0,1,2,3,4,5,6,7,8,9,11,12,13,14,15,16,17,18,19,20,21,22,23,24,25,26,28,29,30,31,32,33,34,35,36,37,38,39,40,41,42,43,44,45,47,49,51,52,53,55,57,58,61,62,71,74,75,77,78,79,81,84,91,102]",19,1154,0,0,2
"[0,1,2,3,4,5,6,7,8,9,11,12,13,14,15,16,17,18,19,20,21,22,23,24,25,26,28,29,30,31,32,33,34,35,36,37,38,39,40,41,42,43,44,45,47,49,51,52,53,55,57,58,61,62,71,74,75,77,78,79,81,84,91,102]",20,1154,0,0,2
"[0,1,2,3,4,5,6,7,8,9,11,12,13,14,15,16,17,18,19,20,21,22,23,24,25,26,28,29,30,31,32,33,34,35,36,37,38,39,40,41,42,43,44,45,47,49,51,52,53,55,57,58,61,62,71,74,75,77,78,79,81,84,91,102]",21,1154,84,0.072790294627383,2
"[0,1,2,3,4,5,6,7,8,9,11,12,13,14,15,16,17,18,19,20,21,22,23,24,25,26,28,29,30,31,32,33,34,35,36,37,38,39,40,41,42,43,44,45,47,49,51,52,53,55,57,58,61,62,71,74,75,77,78,79,81,84,91,102]",22,1154,0,0,2
"[0,1,2,3,4,5,6,7,8,9,11,12,13,14,15,16,17,18,19,20,21,22,23,24,25,26,28,29,30,31,32,33,34,35,36,37,38,39,40,41,42,43,44,45,47,49,51,52,53,55,57,58,61,62,71,74,75,77,78,79,81,84,91,102]",23,1154,3,0.00259965337954939,2
"[0,1,2,3,4,5,6,7,8,9,11,12,13,14,15,16,17,18,19,20,21,22,23,24,25,26,28,29,30,31,32,33,34,35,36,37,38,39,40,41,42,43,44,45,47,49,51,52,53,55,57,58,61,62,71,74,75,77,78,79,81,84,91,102]",24,1154,0,0,2
"[0,1,2,3,4,5,6,7,8,9,11,12,13,14,15,16,17,18,19,20,21,22,23,24,25,26,28,29,30,31,32,33,34,35,36,37,38,39,40,41,42,43,44,45,47,49,51,52,53,55,57,58,61,62,71,74,75,77,78,79,81,84,91,102]",25,1154,16,0.0138648180242634,2
"[0,1,2,3,4,5,6,7,8,9,11,12,13,14,15,16,17,18,19,20,21,22,23,24,25,26,28,29,30,31,32,33,34,35,36,37,38,39,40,41,42,43,44,45,47,49,51,52,53,55,57,58,61,62,71,74,75,77,78,79,81,84,91,102]",26,1154,2,0.00173310225303293,2
"[0,1,2,3,4,5,6,7,8,9,11,12,13,14,15,16,17,18,19,20,21,22,23,24,25,26,28,29,30,31,32,33,34,35,36,37,38,39,40,41,42,43,44,45,47,49,51,52,53,55,57,58,61,62,71,74,75,77,78,79,81,84,91,102]",28,1154,6,0.00519930675909879,2
"[0,1,2,3,4,5,6,7,8,9,11,12,13,14,15,16,17,18,19,20,21,22,23,24,25,26,28,29,30,31,32,33,34,35,36,37,38,39,40,41,42,43,44,45,47,49,51,52,53,55,57,58,61,62,71,74,75,77,78,79,81,84,91,102]",29,1154,0,0,2
"[0,1,2,3,4,5,6,7,8,9,11,12,13,14,15,16,17,18,19,20,21,22,23,24,25,26,28,29,30,31,32,33,34,35,36,37,38,39,40,41,42,43,44,45,47,49,51,52,53,55,57,58,61,62,71,74,75,77,78,79,81,84,91,102]",30,1154,0,0,2
"[0,1,2,3,4,5,6,7,8,9,11,12,13,14,15,16,17,18,19,20,21,22,23,24,25,26,28,29,30,31,32,33,34,35,36,37,38,39,40,41,42,43,44,45,47,49,51,52,53,55,57,58,61,62,71,74,75,77,78,79,81,84,91,102]",31,1154,17,0.0147313691507799,2
"[0,1,2,3,4,5,6,7,8,9,11,12,13,14,15,16,17,18,19,20,21,22,23,24,25,26,28,29,30,31,32,33,34,35,36,37,38,39,40,41,42,43,44,45,47,49,51,52,53,55,57,58,61,62,71,74,75,77,78,79,81,84,91,102]",32,1154,17,0.0147313691507799,2
"[0,1,2,3,4,5,6,7,8,9,11,12,13,14,15,16,17,18,19,20,21,22,23,24,25,26,28,29,30,31,32,33,34,35,36,37,38,39,40,41,42,43,44,45,47,49,51,52,53,55,57,58,61,62,71,74,75,77,78,79,81,84,91,102]",33,1154,0,0,2
"[0,1,2,3,4,5,6,7,8,9,11,12,13,14,15,16,17,18,19,20,21,22,23,24,25,26,28,29,30,31,32,33,34,35,36,37,38,39,40,41,42,43,44,45,47,49,51,52,53,55,57,58,61,62,71,74,75,77,78,79,81,84,91,102]",34,1154,0,0,2
"[0,1,2,3,4,5,6,7,8,9,11,12,13,14,15,16,17,18,19,20,21,22,23,24,25,26,28,29,30,31,32,33,34,35,36,37,38,39,40,41,42,43,44,45,47,49,51,52,53,55,57,58,61,62,71,74,75,77,78,79,81,84,91,102]",35,1154,0,0,2
"[0,1,2,3,4,5,6,7,8,9,11,12,13,14,15,16,17,18,19,20,21,22,23,24,25,26,28,29,30,31,32,33,34,35,36,37,38,39,40,41,42,43,44,45,47,49,51,52,53,55,57,58,61,62,71,74,75,77,78,79,81,84,91,102]",36,1154,5,0.00433275563258232,2
"[0,1,2,3,4,5,6,7,8,9,11,12,13,14,15,16,17,18,19,20,21,22,23,24,25,26,28,29,30,31,32,33,34,35,36,37,38,39,40,41,42,43,44,45,47,49,51,52,53,55,57,58,61,62,71,74,75,77,78,79,81,84,91,102]",37,1154,0,0,2
"[0,1,2,3,4,5,6,7,8,9,11,12,13,14,15,16,17,18,19,20,21,22,23,24,25,26,28,29,30,31,32,33,34,35,36,37,38,39,40,41,42,43,44,45,47,49,51,52,53,55,57,58,61,62,71,74,75,77,78,79,81,84,91,102]",38,1154,0,0,2
"[0,1,2,3,4,5,6,7,8,9,11,12,13,14,15,16,17,18,19,20,21,22,23,24,25,26,28,29,30,31,32,33,34,35,36,37,38,39,40,41,42,43,44,45,47,49,51,52,53,55,57,58,61,62,71,74,75,77,78,79,81,84,91,102]",39,1154,22,0.0190641247833622,2
"[0,1,2,3,4,5,6,7,8,9,11,12,13,14,15,16,17,18,19,20,21,22,23,24,25,26,28,29,30,31,32,33,34,35,36,37,38,39,40,41,42,43,44,45,47,49,51,52,53,55,57,58,61,62,71,74,75,77,78,79,81,84,91,102]",40,1154,0,0,2
"[0,1,2,3,4,5,6,7,8,9,11,12,13,14,15,16,17,18,19,20,21,22,23,24,25,26,28,29,30,31,32,33,34,35,36,37,38,39,40,41,42,43,44,45,47,49,51,52,53,55,57,58,61,62,71,74,75,77,78,79,81,84,91,102]",41,1154,0,0,2
"[0,1,2,3,4,5,6,7,8,9,11,12,13,14,15,16,17,18,19,20,21,22,23,24,25,26,28,29,30,31,32,33,34,35,36,37,38,39,40,41,42,43,44,45,47,49,51,52,53,55,57,58,61,62,71,74,75,77,78,79,81,84,91,102]",42,1154,0,0,2
"[0,1,2,3,4,5,6,7,8,9,11,12,13,14,15,16,17,18,19,20,21,22,23,24,25,26,28,29,30,31,32,33,34,35,36,37,38,39,40,41,42,43,44,45,47,49,51,52,53,55,57,58,61,62,71,74,75,77,78,79,81,84,91,102]",43,1154,31,0.0268630849220104,2
"[0,1,2,3,4,5,6,7,8,9,11,12,13,14,15,16,17,18,19,20,21,22,23,24,25,26,28,29,30,31,32,33,34,35,36,37,38,39,40,41,42,43,44,45,47,49,51,52,53,55,57,58,61,62,71,74,75,77,78,79,81,84,91,102]",44,1154,0,0,2
"[0,1,2,3,4,5,6,7,8,9,11,12,13,14,15,16,17,18,19,20,21,22,23,24,25,26,28,29,30,31,32,33,34,35,36,37,38,39,40,41,42,43,44,45,47,49,51,52,53,55,57,58,61,62,71,74,75,77,78,79,81,84,91,102]",45,1154,14,0.0121317157712305,2
"[0,1,2,3,4,5,6,7,8,9,11,12,13,14,15,16,17,18,19,20,21,22,23,24,25,26,28,29,30,31,32,33,34,35,36,37,38,39,40,41,42,43,44,45,47,49,51,52,53,55,57,58,61,62,71,74,75,77,78,79,81,84,91,102]",47,1154,0,0,2
"[0,1,2,3,4,5,6,7,8,9,11,12,13,14,15,16,17,18,19,20,21,22,23,24,25,26,28,29,30,31,32,33,34,35,36,37,38,39,40,41,42,43,44,45,47,49,51,52,53,55,57,58,61,62,71,74,75,77,78,79,81,84,91,102]",49,1154,4,0.00346620450606586,2
"[0,1,2,3,4,5,6,7,8,9,11,12,13,14,15,16,17,18,19,20,21,22,23,24,25,26,28,29,30,31,32,33,34,35,36,37,38,39,40,41,42,43,44,45,47,49,51,52,53,55,57,58,61,62,71,74,75,77,78,79,81,84,91,102]",51,1154,16,0.0138648180242634,2
"[0,1,2,3,4,5,6,7,8,9,11,12,13,14,15,16,17,18,19,20,21,22,23,24,25,26,28,29,30,31,32,33,34,35,36,37,38,39,40,41,42,43,44,45,47,49,51,52,53,55,57,58,61,62,71,74,75,77,78,79,81,84,91,102]",52,1154,2,0.00173310225303293,2
"[0,1,2,3,4,5,6,7,8,9,11,12,13,14,15,16,17,18,19,20,21,22,23,24,25,26,28,29,30,31,32,33,34,35,36,37,38,39,40,41,42,43,44,45,47,49,51,52,53,55,57,58,61,62,71,74,75,77,78,79,81,84,91,102]",53,1154,0,0,2
"[0,1,2,3,4,5,6,7,8,9,11,12,13,14,15,16,17,18,19,20,21,22,23,24,25,26,28,29,30,31,32,33,34,35,36,37,38,39,40,41,42,43,44,45,47,49,51,52,53,55,57,58,61,62,71,74,75,77,78,79,81,84,91,102]",55,1154,0,0,2
"[0,1,2,3,4,5,6,7,8,9,11,12,13,14,15,16,17,18,19,20,21,22,23,24,25,26,28,29,30,31,32,33,34,35,36,37,38,39,40,41,42,43,44,45,47,49,51,52,53,55,57,58,61,62,71,74,75,77,78,79,81,84,91,102]",57,1154,0,0,2
"[0,1,2,3,4,5,6,7,8,9,11,12,13,14,15,16,17,18,19,20,21,22,23,24,25,26,28,29,30,31,32,33,34,35,36,37,38,39,40,41,42,43,44,45,47,49,51,52,53,55,57,58,61,62,71,74,75,77,78,79,81,84,91,102]",58,1154,40,0.0346620450606586,2
"[0,1,2,3,4,5,6,7,8,9,11,12,13,14,15,16,17,18,19,20,21,22,23,24,25,26,28,29,30,31,32,33,34,35,36,37,38,39,40,41,42,43,44,45,47,49,51,52,53,55,57,58,61,62,71,74,75,77,78,79,81,84,91,102]",61,1154,0,0,2
"[0,1,2,3,4,5,6,7,8,9,11,12,13,14,15,16,17,18,19,20,21,22,23,24,25,26,28,29,30,31,32,33,34,35,36,37,38,39,40,41,42,43,44,45,47,49,51,52,53,55,57,58,61,62,71,74,75,77,78,79,81,84,91,102]",62,1154,15,0.012998266897747,2
"[0,1,2,3,4,5,6,7,8,9,11,12,13,14,15,16,17,18,19,20,21,22,23,24,25,26,28,29,30,31,32,33,34,35,36,37,38,39,40,41,42,43,44,45,47,49,51,52,53,55,57,58,61,62,71,74,75,77,78,79,81,84,91,102]",71,1154,0,0,2
"[0,1,2,3,4,5,6,7,8,9,11,12,13,14,15,16,17,18,19,20,21,22,23,24,25,26,28,29,30,31,32,33,34,35,36,37,38,39,40,41,42,43,44,45,47,49,51,52,53,55,57,58,61,62,71,74,75,77,78,79,81,84,91,102]",74,1154,0,0,2
"[0,1,2,3,4,5,6,7,8,9,11,12,13,14,15,16,17,18,19,20,21,22,23,24,25,26,28,29,30,31,32,33,34,35,36,37,38,39,40,41,42,43,44,45,47,49,51,52,53,55,57,58,61,62,71,74,75,77,78,79,81,84,91,102]",75,1154,0,0,2
"[0,1,2,3,4,5,6,7,8,9,11,12,13,14,15,16,17,18,19,20,21,22,23,24,25,26,28,29,30,31,32,33,34,35,36,37,38,39,40,41,42,43,44,45,47,49,51,52,53,55,57,58,61,62,71,74,75,77,78,79,81,84,91,102]",77,1154,0,0,2
"[0,1,2,3,4,5,6,7,8,9,11,12,13,14,15,16,17,18,19,20,21,22,23,24,25,26,28,29,30,31,32,33,34,35,36,37,38,39,40,41,42,43,44,45,47,49,51,52,53,55,57,58,61,62,71,74,75,77,78,79,81,84,91,102]",78,1154,0,0,2
"[0,1,2,3,4,5,6,7,8,9,11,12,13,14,15,16,17,18,19,20,21,22,23,24,25,26,28,29,30,31,32,33,34,35,36,37,38,39,40,41,42,43,44,45,47,49,51,52,53,55,57,58,61,62,71,74,75,77,78,79,81,84,91,102]",79,1154,2,0.00173310225303293,2
"[0,1,2,3,4,5,6,7,8,9,11,12,13,14,15,16,17,18,19,20,21,22,23,24,25,26,28,29,30,31,32,33,34,35,36,37,38,39,40,41,42,43,44,45,47,49,51,52,53,55,57,58,61,62,71,74,75,77,78,79,81,84,91,102]",81,1154,0,0,2
"[0,1,2,3,4,5,6,7,8,9,11,12,13,14,15,16,17,18,19,20,21,22,23,24,25,26,28,29,30,31,32,33,34,35,36,37,38,39,40,41,42,43,44,45,47,49,51,52,53,55,57,58,61,62,71,74,75,77,78,79,81,84,91,102]",84,1154,0,0,2
"[0,1,2,3,4,5,6,7,8,9,11,12,13,14,15,16,17,18,19,20,21,22,23,24,25,26,28,29,30,31,32,33,34,35,36,37,38,39,40,41,42,43,44,45,47,49,51,52,53,55,57,58,61,62,71,74,75,77,78,79,81,84,91,102]",91,1154,0,0,2
"[0,1,2,3,4,5,6,7,8,9,11,12,13,14,15,16,17,18,19,20,21,22,23,24,25,26,28,29,30,31,32,33,34,35,36,37,38,39,40,41,42,43,44,45,47,49,51,52,53,55,57,58,61,62,71,74,75,77,78,79,81,84,91,102]",102,1154,3,0.00259965337954939,2
"[0,1,2,3,4,5,6,7,8,9,11,12,13,14,15,16,17,18,19,20,21,22,23,24,25,26,28,29,30,31,32,33,34,35,36,37,38,39,40,41,42,43,45,47,49,51,52,53,55,57,58,59,61,62,71,74,75,77,78,79,81,84,91,102]",0,1045,20,0.0191387559808612,2
"[0,1,2,3,4,5,6,7,8,9,11,12,13,14,15,16,17,18,19,20,21,22,23,24,25,26,28,29,30,31,32,33,34,35,36,37,38,39,40,41,42,43,45,47,49,51,52,53,55,57,58,59,61,62,71,74,75,77,78,79,81,84,91,102]",1,1045,26,0.0248803827751196,2
"[0,1,2,3,4,5,6,7,8,9,11,12,13,14,15,16,17,18,19,20,21,22,23,24,25,26,28,29,30,31,32,33,34,35,36,37,38,39,40,41,42,43,45,47,49,51,52,53,55,57,58,59,61,62,71,74,75,77,78,79,81,84,91,102]",2,1045,311,0.297607655502392,2
"[0,1,2,3,4,5,6,7,8,9,11,12,13,14,15,16,17,18,19,20,21,22,23,24,25,26,28,29,30,31,32,33,34,35,36,37,38,39,40,41,42,43,45,47,49,51,52,53,55,57,58,59,61,62,71,74,75,77,78,79,81,84,91,102]",3,1045,0,0,2
"[0,1,2,3,4,5,6,7,8,9,11,12,13,14,15,16,17,18,19,20,21,22,23,24,25,26,28,29,30,31,32,33,34,35,36,37,38,39,40,41,42,43,45,47,49,51,52,53,55,57,58,59,61,62,71,74,75,77,78,79,81,84,91,102]",4,1045,0,0,2
"[0,1,2,3,4,5,6,7,8,9,11,12,13,14,15,16,17,18,19,20,21,22,23,24,25,26,28,29,30,31,32,33,34,35,36,37,38,39,40,41,42,43,45,47,49,51,52,53,55,57,58,59,61,62,71,74,75,77,78,79,81,84,91,102]",5,1045,170,0.162679425837321,2
"[0,1,2,3,4,5,6,7,8,9,11,12,13,14,15,16,17,18,19,20,21,22,23,24,25,26,28,29,30,31,32,33,34,35,36,37,38,39,40,41,42,43,45,47,49,51,52,53,55,57,58,59,61,62,71,74,75,77,78,79,81,84,91,102]",6,1045,204,0.195215311004785,2
"[0,1,2,3,4,5,6,7,8,9,11,12,13,14,15,16,17,18,19,20,21,22,23,24,25,26,28,29,30,31,32,33,34,35,36,37,38,39,40,41,42,43,45,47,49,51,52,53,55,57,58,59,61,62,71,74,75,77,78,79,81,84,91,102]",7,1045,9,0.00861244019138756,2
"[0,1,2,3,4,5,6,7,8,9,11,12,13,14,15,16,17,18,19,20,21,22,23,24,25,26,28,29,30,31,32,33,34,35,36,37,38,39,40,41,42,43,45,47,49,51,52,53,55,57,58,59,61,62,71,74,75,77,78,79,81,84,91,102]",8,1045,0,0,2
"[0,1,2,3,4,5,6,7,8,9,11,12,13,14,15,16,17,18,19,20,21,22,23,24,25,26,28,29,30,31,32,33,34,35,36,37,38,39,40,41,42,43,45,47,49,51,52,53,55,57,58,59,61,62,71,74,75,77,78,79,81,84,91,102]",9,1045,40,0.0382775119617225,2
"[0,1,2,3,4,5,6,7,8,9,11,12,13,14,15,16,17,18,19,20,21,22,23,24,25,26,28,29,30,31,32,33,34,35,36,37,38,39,40,41,42,43,45,47,49,51,52,53,55,57,58,59,61,62,71,74,75,77,78,79,81,84,91,102]",11,1045,0,0,2
"[0,1,2,3,4,5,6,7,8,9,11,12,13,14,15,16,17,18,19,20,21,22,23,24,25,26,28,29,30,31,32,33,34,35,36,37,38,39,40,41,42,43,45,47,49,51,52,53,55,57,58,59,61,62,71,74,75,77,78,79,81,84,91,102]",12,1045,0,0,2
"[0,1,2,3,4,5,6,7,8,9,11,12,13,14,15,16,17,18,19,20,21,22,23,24,25,26,28,29,30,31,32,33,34,35,36,37,38,39,40,41,42,43,45,47,49,51,52,53,55,57,58,59,61,62,71,74,75,77,78,79,81,84,91,102]",13,1045,0,0,2
"[0,1,2,3,4,5,6,7,8,9,11,12,13,14,15,16,17,18,19,20,21,22,23,24,25,26,28,29,30,31,32,33,34,35,36,37,38,39,40,41,42,43,45,47,49,51,52,53,55,57,58,59,61,62,71,74,75,77,78,79,81,84,91,102]",14,1045,0,0,2
"[0,1,2,3,4,5,6,7,8,9,11,12,13,14,15,16,17,18,19,20,21,22,23,24,25,26,28,29,30,31,32,33,34,35,36,37,38,39,40,41,42,43,45,47,49,51,52,53,55,57,58,59,61,62,71,74,75,77,78,79,81,84,91,102]",15,1045,0,0,2
"[0,1,2,3,4,5,6,7,8,9,11,12,13,14,15,16,17,18,19,20,21,22,23,24,25,26,28,29,30,31,32,33,34,35,36,37,38,39,40,41,42,43,45,47,49,51,52,53,55,57,58,59,61,62,71,74,75,77,78,79,81,84,91,102]",16,1045,0,0,2
"[0,1,2,3,4,5,6,7,8,9,11,12,13,14,15,16,17,18,19,20,21,22,23,24,25,26,28,29,30,31,32,33,34,35,36,37,38,39,40,41,42,43,45,47,49,51,52,53,55,57,58,59,61,62,71,74,75,77,78,79,81,84,91,102]",17,1045,0,0,2
"[0,1,2,3,4,5,6,7,8,9,11,12,13,14,15,16,17,18,19,20,21,22,23,24,25,26,28,29,30,31,32,33,34,35,36,37,38,39,40,41,42,43,45,47,49,51,52,53,55,57,58,59,61,62,71,74,75,77,78,79,81,84,91,102]",18,1045,0,0,2
"[0,1,2,3,4,5,6,7,8,9,11,12,13,14,15,16,17,18,19,20,21,22,23,24,25,26,28,29,30,31,32,33,34,35,36,37,38,39,40,41,42,43,45,47,49,51,52,53,55,57,58,59,61,62,71,74,75,77,78,79,81,84,91,102]",19,1045,0,0,2
"[0,1,2,3,4,5,6,7,8,9,11,12,13,14,15,16,17,18,19,20,21,22,23,24,25,26,28,29,30,31,32,33,34,35,36,37,38,39,40,41,42,43,45,47,49,51,52,53,55,57,58,59,61,62,71,74,75,77,78,79,81,84,91,102]",20,1045,0,0,2
"[0,1,2,3,4,5,6,7,8,9,11,12,13,14,15,16,17,18,19,20,21,22,23,24,25,26,28,29,30,31,32,33,34,35,36,37,38,39,40,41,42,43,45,47,49,51,52,53,55,57,58,59,61,62,71,74,75,77,78,79,81,84,91,102]",21,1045,96,0.091866028708134,2
"[0,1,2,3,4,5,6,7,8,9,11,12,13,14,15,16,17,18,19,20,21,22,23,24,25,26,28,29,30,31,32,33,34,35,36,37,38,39,40,41,42,43,45,47,49,51,52,53,55,57,58,59,61,62,71,74,75,77,78,79,81,84,91,102]",22,1045,0,0,2
"[0,1,2,3,4,5,6,7,8,9,11,12,13,14,15,16,17,18,19,20,21,22,23,24,25,26,28,29,30,31,32,33,34,35,36,37,38,39,40,41,42,43,45,47,49,51,52,53,55,57,58,59,61,62,71,74,75,77,78,79,81,84,91,102]",23,1045,4,0.00382775119617225,2
"[0,1,2,3,4,5,6,7,8,9,11,12,13,14,15,16,17,18,19,20,21,22,23,24,25,26,28,29,30,31,32,33,34,35,36,37,38,39,40,41,42,43,45,47,49,51,52,53,55,57,58,59,61,62,71,74,75,77,78,79,81,84,91,102]",24,1045,0,0,2
"[0,1,2,3,4,5,6,7,8,9,11,12,13,14,15,16,17,18,19,20,21,22,23,24,25,26,28,29,30,31,32,33,34,35,36,37,38,39,40,41,42,43,45,47,49,51,52,53,55,57,58,59,61,62,71,74,75,77,78,79,81,84,91,102]",25,1045,13,0.0124401913875598,2
"[0,1,2,3,4,5,6,7,8,9,11,12,13,14,15,16,17,18,19,20,21,22,23,24,25,26,28,29,30,31,32,33,34,35,36,37,38,39,40,41,42,43,45,47,49,51,52,53,55,57,58,59,61,62,71,74,75,77,78,79,81,84,91,102]",26,1045,2,0.00191387559808612,2
"[0,1,2,3,4,5,6,7,8,9,11,12,13,14,15,16,17,18,19,20,21,22,23,24,25,26,28,29,30,31,32,33,34,35,36,37,38,39,40,41,42,43,45,47,49,51,52,53,55,57,58,59,61,62,71,74,75,77,78,79,81,84,91,102]",28,1045,11,0.0105263157894737,2
"[0,1,2,3,4,5,6,7,8,9,11,12,13,14,15,16,17,18,19,20,21,22,23,24,25,26,28,29,30,31,32,33,34,35,36,37,38,39,40,41,42,43,45,47,49,51,52,53,55,57,58,59,61,62,71,74,75,77,78,79,81,84,91,102]",29,1045,0,0,2
"[0,1,2,3,4,5,6,7,8,9,11,12,13,14,15,16,17,18,19,20,21,22,23,24,25,26,28,29,30,31,32,33,34,35,36,37,38,39,40,41,42,43,45,47,49,51,52,53,55,57,58,59,61,62,71,74,75,77,78,79,81,84,91,102]",30,1045,0,0,2
"[0,1,2,3,4,5,6,7,8,9,11,12,13,14,15,16,17,18,19,20,21,22,23,24,25,26,28,29,30,31,32,33,34,35,36,37,38,39,40,41,42,43,45,47,49,51,52,53,55,57,58,59,61,62,71,74,75,77,78,79,81,84,91,102]",31,1045,10,0.00956937799043062,2
"[0,1,2,3,4,5,6,7,8,9,11,12,13,14,15,16,17,18,19,20,21,22,23,24,25,26,28,29,30,31,32,33,34,35,36,37,38,39,40,41,42,43,45,47,49,51,52,53,55,57,58,59,61,62,71,74,75,77,78,79,81,84,91,102]",32,1045,11,0.0105263157894737,2
"[0,1,2,3,4,5,6,7,8,9,11,12,13,14,15,16,17,18,19,20,21,22,23,24,25,26,28,29,30,31,32,33,34,35,36,37,38,39,40,41,42,43,45,47,49,51,52,53,55,57,58,59,61,62,71,74,75,77,78,79,81,84,91,102]",33,1045,0,0,2
"[0,1,2,3,4,5,6,7,8,9,11,12,13,14,15,16,17,18,19,20,21,22,23,24,25,26,28,29,30,31,32,33,34,35,36,37,38,39,40,41,42,43,45,47,49,51,52,53,55,57,58,59,61,62,71,74,75,77,78,79,81,84,91,102]",34,1045,0,0,2
"[0,1,2,3,4,5,6,7,8,9,11,12,13,14,15,16,17,18,19,20,21,22,23,24,25,26,28,29,30,31,32,33,34,35,36,37,38,39,40,41,42,43,45,47,49,51,52,53,55,57,58,59,61,62,71,74,75,77,78,79,81,84,91,102]",35,1045,0,0,2
"[0,1,2,3,4,5,6,7,8,9,11,12,13,14,15,16,17,18,19,20,21,22,23,24,25,26,28,29,30,31,32,33,34,35,36,37,38,39,40,41,42,43,45,47,49,51,52,53,55,57,58,59,61,62,71,74,75,77,78,79,81,84,91,102]",36,1045,0,0,2
"[0,1,2,3,4,5,6,7,8,9,11,12,13,14,15,16,17,18,19,20,21,22,23,24,25,26,28,29,30,31,32,33,34,35,36,37,38,39,40,41,42,43,45,47,49,51,52,53,55,57,58,59,61,62,71,74,75,77,78,79,81,84,91,102]",37,1045,0,0,2
"[0,1,2,3,4,5,6,7,8,9,11,12,13,14,15,16,17,18,19,20,21,22,23,24,25,26,28,29,30,31,32,33,34,35,36,37,38,39,40,41,42,43,45,47,49,51,52,53,55,57,58,59,61,62,71,74,75,77,78,79,81,84,91,102]",38,1045,0,0,2
"[0,1,2,3,4,5,6,7,8,9,11,12,13,14,15,16,17,18,19,20,21,22,23,24,25,26,28,29,30,31,32,33,34,35,36,37,38,39,40,41,42,43,45,47,49,51,52,53,55,57,58,59,61,62,71,74,75,77,78,79,81,84,91,102]",39,1045,18,0.0172248803827751,2
"[0,1,2,3,4,5,6,7,8,9,11,12,13,14,15,16,17,18,19,20,21,22,23,24,25,26,28,29,30,31,32,33,34,35,36,37,38,39,40,41,42,43,45,47,49,51,52,53,55,57,58,59,61,62,71,74,75,77,78,79,81,84,91,102]",40,1045,0,0,2
"[0,1,2,3,4,5,6,7,8,9,11,12,13,14,15,16,17,18,19,20,21,22,23,24,25,26,28,29,30,31,32,33,34,35,36,37,38,39,40,41,42,43,45,47,49,51,52,53,55,57,58,59,61,62,71,74,75,77,78,79,81,84,91,102]",41,1045,0,0,2
"[0,1,2,3,4,5,6,7,8,9,11,12,13,14,15,16,17,18,19,20,21,22,23,24,25,26,28,29,30,31,32,33,34,35,36,37,38,39,40,41,42,43,45,47,49,51,52,53,55,57,58,59,61,62,71,74,75,77,78,79,81,84,91,102]",42,1045,0,0,2
"[0,1,2,3,4,5,6,7,8,9,11,12,13,14,15,16,17,18,19,20,21,22,23,24,25,26,28,29,30,31,32,33,34,35,36,37,38,39,40,41,42,43,45,47,49,51,52,53,55,57,58,59,61,62,71,74,75,77,78,79,81,84,91,102]",43,1045,22,0.0210526315789474,2
"[0,1,2,3,4,5,6,7,8,9,11,12,13,14,15,16,17,18,19,20,21,22,23,24,25,26,28,29,30,31,32,33,34,35,36,37,38,39,40,41,42,43,45,47,49,51,52,53,55,57,58,59,61,62,71,74,75,77,78,79,81,84,91,102]",45,1045,14,0.0133971291866029,2
"[0,1,2,3,4,5,6,7,8,9,11,12,13,14,15,16,17,18,19,20,21,22,23,24,25,26,28,29,30,31,32,33,34,35,36,37,38,39,40,41,42,43,45,47,49,51,52,53,55,57,58,59,61,62,71,74,75,77,78,79,81,84,91,102]",47,1045,0,0,2
"[0,1,2,3,4,5,6,7,8,9,11,12,13,14,15,16,17,18,19,20,21,22,23,24,25,26,28,29,30,31,32,33,34,35,36,37,38,39,40,41,42,43,45,47,49,51,52,53,55,57,58,59,61,62,71,74,75,77,78,79,81,84,91,102]",49,1045,6,0.00574162679425837,2
"[0,1,2,3,4,5,6,7,8,9,11,12,13,14,15,16,17,18,19,20,21,22,23,24,25,26,28,29,30,31,32,33,34,35,36,37,38,39,40,41,42,43,45,47,49,51,52,53,55,57,58,59,61,62,71,74,75,77,78,79,81,84,91,102]",51,1045,14,0.0133971291866029,2
"[0,1,2,3,4,5,6,7,8,9,11,12,13,14,15,16,17,18,19,20,21,22,23,24,25,26,28,29,30,31,32,33,34,35,36,37,38,39,40,41,42,43,45,47,49,51,52,53,55,57,58,59,61,62,71,74,75,77,78,79,81,84,91,102]",52,1045,2,0.00191387559808612,2
"[0,1,2,3,4,5,6,7,8,9,11,12,13,14,15,16,17,18,19,20,21,22,23,24,25,26,28,29,30,31,32,33,34,35,36,37,38,39,40,41,42,43,45,47,49,51,52,53,55,57,58,59,61,62,71,74,75,77,78,79,81,84,91,102]",53,1045,0,0,2
"[0,1,2,3,4,5,6,7,8,9,11,12,13,14,15,16,17,18,19,20,21,22,23,24,25,26,28,29,30,31,32,33,34,35,36,37,38,39,40,41,42,43,45,47,49,51,52,53,55,57,58,59,61,62,71,74,75,77,78,79,81,84,91,102]",55,1045,6,0.00574162679425837,2
"[0,1,2,3,4,5,6,7,8,9,11,12,13,14,15,16,17,18,19,20,21,22,23,24,25,26,28,29,30,31,32,33,34,35,36,37,38,39,40,41,42,43,45,47,49,51,52,53,55,57,58,59,61,62,71,74,75,77,78,79,81,84,91,102]",57,1045,0,0,2
"[0,1,2,3,4,5,6,7,8,9,11,12,13,14,15,16,17,18,19,20,21,22,23,24,25,26,28,29,30,31,32,33,34,35,36,37,38,39,40,41,42,43,45,47,49,51,52,53,55,57,58,59,61,62,71,74,75,77,78,79,81,84,91,102]",58,1045,20,0.0191387559808612,2
"[0,1,2,3,4,5,6,7,8,9,11,12,13,14,15,16,17,18,19,20,21,22,23,24,25,26,28,29,30,31,32,33,34,35,36,37,38,39,40,41,42,43,45,47,49,51,52,53,55,57,58,59,61,62,71,74,75,77,78,79,81,84,91,102]",59,1045,0,0,2
"[0,1,2,3,4,5,6,7,8,9,11,12,13,14,15,16,17,18,19,20,21,22,23,24,25,26,28,29,30,31,32,33,34,35,36,37,38,39,40,41,42,43,45,47,49,51,52,53,55,57,58,59,61,62,71,74,75,77,78,79,81,84,91,102]",61,1045,0,0,2
"[0,1,2,3,4,5,6,7,8,9,11,12,13,14,15,16,17,18,19,20,21,22,23,24,25,26,28,29,30,31,32,33,34,35,36,37,38,39,40,41,42,43,45,47,49,51,52,53,55,57,58,59,61,62,71,74,75,77,78,79,81,84,91,102]",62,1045,11,0.0105263157894737,2
"[0,1,2,3,4,5,6,7,8,9,11,12,13,14,15,16,17,18,19,20,21,22,23,24,25,26,28,29,30,31,32,33,34,35,36,37,38,39,40,41,42,43,45,47,49,51,52,53,55,57,58,59,61,62,71,74,75,77,78,79,81,84,91,102]",71,1045,0,0,2
"[0,1,2,3,4,5,6,7,8,9,11,12,13,14,15,16,17,18,19,20,21,22,23,24,25,26,28,29,30,31,32,33,34,35,36,37,38,39,40,41,42,43,45,47,49,51,52,53,55,57,58,59,61,62,71,74,75,77,78,79,81,84,91,102]",74,1045,0,0,2
"[0,1,2,3,4,5,6,7,8,9,11,12,13,14,15,16,17,18,19,20,21,22,23,24,25,26,28,29,30,31,32,33,34,35,36,37,38,39,40,41,42,43,45,47,49,51,52,53,55,57,58,59,61,62,71,74,75,77,78,79,81,84,91,102]",75,1045,0,0,2
"[0,1,2,3,4,5,6,7,8,9,11,12,13,14,15,16,17,18,19,20,21,22,23,24,25,26,28,29,30,31,32,33,34,35,36,37,38,39,40,41,42,43,45,47,49,51,52,53,55,57,58,59,61,62,71,74,75,77,78,79,81,84,91,102]",77,1045,0,0,2
"[0,1,2,3,4,5,6,7,8,9,11,12,13,14,15,16,17,18,19,20,21,22,23,24,25,26,28,29,30,31,32,33,34,35,36,37,38,39,40,41,42,43,45,47,49,51,52,53,55,57,58,59,61,62,71,74,75,77,78,79,81,84,91,102]",78,1045,0,0,2
"[0,1,2,3,4,5,6,7,8,9,11,12,13,14,15,16,17,18,19,20,21,22,23,24,25,26,28,29,30,31,32,33,34,35,36,37,38,39,40,41,42,43,45,47,49,51,52,53,55,57,58,59,61,62,71,74,75,77,78,79,81,84,91,102]",79,1045,1,0.000956937799043062,2
"[0,1,2,3,4,5,6,7,8,9,11,12,13,14,15,16,17,18,19,20,21,22,23,24,25,26,28,29,30,31,32,33,34,35,36,37,38,39,40,41,42,43,45,47,49,51,52,53,55,57,58,59,61,62,71,74,75,77,78,79,81,84,91,102]",81,1045,0,0,2
"[0,1,2,3,4,5,6,7,8,9,11,12,13,14,15,16,17,18,19,20,21,22,23,24,25,26,28,29,30,31,32,33,34,35,36,37,38,39,40,41,42,43,45,47,49,51,52,53,55,57,58,59,61,62,71,74,75,77,78,79,81,84,91,102]",84,1045,0,0,2
"[0,1,2,3,4,5,6,7,8,9,11,12,13,14,15,16,17,18,19,20,21,22,23,24,25,26,28,29,30,31,32,33,34,35,36,37,38,39,40,41,42,43,45,47,49,51,52,53,55,57,58,59,61,62,71,74,75,77,78,79,81,84,91,102]",91,1045,0,0,2
"[0,1,2,3,4,5,6,7,8,9,11,12,13,14,15,16,17,18,19,20,21,22,23,24,25,26,28,29,30,31,32,33,34,35,36,37,38,39,40,41,42,43,45,47,49,51,52,53,55,57,58,59,61,62,71,74,75,77,78,79,81,84,91,102]",102,1045,4,0.00382775119617225,2
"[0,1,2,3,4,5,6,7,8,9,11,12,13,14,15,16,17,18,19,20,21,22,23,24,25,26,28,29,30,31,32,33,34,35,36,37,38,39,40,41,42,44,45,46,47,48,50,53,54,57,58,61,62,71,74,75,77,78,79,81,84,92,96]",0,3914,144,0.0367910066428206,7
"[0,1,2,3,4,5,6,7,8,9,11,12,13,14,15,16,17,18,19,20,21,22,23,24,25,26,28,29,30,31,32,33,34,35,36,37,38,39,40,41,42,44,45,46,47,48,50,53,54,57,58,61,62,71,74,75,77,78,79,81,84,92,96]",1,3914,88,0.0224833929483904,7
"[0,1,2,3,4,5,6,7,8,9,11,12,13,14,15,16,17,18,19,20,21,22,23,24,25,26,28,29,30,31,32,33,34,35,36,37,38,39,40,41,42,44,45,46,47,48,50,53,54,57,58,61,62,71,74,75,77,78,79,81,84,92,96]",2,3914,781,0.199540112416965,7
"[0,1,2,3,4,5,6,7,8,9,11,12,13,14,15,16,17,18,19,20,21,22,23,24,25,26,28,29,30,31,32,33,34,35,36,37,38,39,40,41,42,44,45,46,47,48,50,53,54,57,58,61,62,71,74,75,77,78,79,81,84,92,96]",3,3914,18,0.00459887583035258,7
"[0,1,2,3,4,5,6,7,8,9,11,12,13,14,15,16,17,18,19,20,21,22,23,24,25,26,28,29,30,31,32,33,34,35,36,37,38,39,40,41,42,44,45,46,47,48,50,53,54,57,58,61,62,71,74,75,77,78,79,81,84,92,96]",4,3914,0,0,7
"[0,1,2,3,4,5,6,7,8,9,11,12,13,14,15,16,17,18,19,20,21,22,23,24,25,26,28,29,30,31,32,33,34,35,36,37,38,39,40,41,42,44,45,46,47,48,50,53,54,57,58,61,62,71,74,75,77,78,79,81,84,92,96]",5,3914,400,0.102197240674502,7
"[0,1,2,3,4,5,6,7,8,9,11,12,13,14,15,16,17,18,19,20,21,22,23,24,25,26,28,29,30,31,32,33,34,35,36,37,38,39,40,41,42,44,45,46,47,48,50,53,54,57,58,61,62,71,74,75,77,78,79,81,84,92,96]",6,3914,957,0.244506898313746,7
"[0,1,2,3,4,5,6,7,8,9,11,12,13,14,15,16,17,18,19,20,21,22,23,24,25,26,28,29,30,31,32,33,34,35,36,37,38,39,40,41,42,44,45,46,47,48,50,53,54,57,58,61,62,71,74,75,77,78,79,81,84,92,96]",7,3914,75,0.0191619826264691,7
"[0,1,2,3,4,5,6,7,8,9,11,12,13,14,15,16,17,18,19,20,21,22,23,24,25,26,28,29,30,31,32,33,34,35,36,37,38,39,40,41,42,44,45,46,47,48,50,53,54,57,58,61,62,71,74,75,77,78,79,81,84,92,96]",8,3914,0,0,7
"[0,1,2,3,4,5,6,7,8,9,11,12,13,14,15,16,17,18,19,20,21,22,23,24,25,26,28,29,30,31,32,33,34,35,36,37,38,39,40,41,42,44,45,46,47,48,50,53,54,57,58,61,62,71,74,75,77,78,79,81,84,92,96]",9,3914,161,0.041134389371487,7
"[0,1,2,3,4,5,6,7,8,9,11,12,13,14,15,16,17,18,19,20,21,22,23,24,25,26,28,29,30,31,32,33,34,35,36,37,38,39,40,41,42,44,45,46,47,48,50,53,54,57,58,61,62,71,74,75,77,78,79,81,84,92,96]",11,3914,11,0.0028104241185488,7
"[0,1,2,3,4,5,6,7,8,9,11,12,13,14,15,16,17,18,19,20,21,22,23,24,25,26,28,29,30,31,32,33,34,35,36,37,38,39,40,41,42,44,45,46,47,48,50,53,54,57,58,61,62,71,74,75,77,78,79,81,84,92,96]",12,3914,32,0.00817577925396014,7
"[0,1,2,3,4,5,6,7,8,9,11,12,13,14,15,16,17,18,19,20,21,22,23,24,25,26,28,29,30,31,32,33,34,35,36,37,38,39,40,41,42,44,45,46,47,48,50,53,54,57,58,61,62,71,74,75,77,78,79,81,84,92,96]",13,3914,5,0.00127746550843127,7
"[0,1,2,3,4,5,6,7,8,9,11,12,13,14,15,16,17,18,19,20,21,22,23,24,25,26,28,29,30,31,32,33,34,35,36,37,38,39,40,41,42,44,45,46,47,48,50,53,54,57,58,61,62,71,74,75,77,78,79,81,84,92,96]",14,3914,11,0.0028104241185488,7
"[0,1,2,3,4,5,6,7,8,9,11,12,13,14,15,16,17,18,19,20,21,22,23,24,25,26,28,29,30,31,32,33,34,35,36,37,38,39,40,41,42,44,45,46,47,48,50,53,54,57,58,61,62,71,74,75,77,78,79,81,84,92,96]",15,3914,3,0.000766479305058763,7
"[0,1,2,3,4,5,6,7,8,9,11,12,13,14,15,16,17,18,19,20,21,22,23,24,25,26,28,29,30,31,32,33,34,35,36,37,38,39,40,41,42,44,45,46,47,48,50,53,54,57,58,61,62,71,74,75,77,78,79,81,84,92,96]",16,3914,0,0,7
"[0,1,2,3,4,5,6,7,8,9,11,12,13,14,15,16,17,18,19,20,21,22,23,24,25,26,28,29,30,31,32,33,34,35,36,37,38,39,40,41,42,44,45,46,47,48,50,53,54,57,58,61,62,71,74,75,77,78,79,81,84,92,96]",17,3914,0,0,7
"[0,1,2,3,4,5,6,7,8,9,11,12,13,14,15,16,17,18,19,20,21,22,23,24,25,26,28,29,30,31,32,33,34,35,36,37,38,39,40,41,42,44,45,46,47,48,50,53,54,57,58,61,62,71,74,75,77,78,79,81,84,92,96]",18,3914,0,0,7
"[0,1,2,3,4,5,6,7,8,9,11,12,13,14,15,16,17,18,19,20,21,22,23,24,25,26,28,29,30,31,32,33,34,35,36,37,38,39,40,41,42,44,45,46,47,48,50,53,54,57,58,61,62,71,74,75,77,78,79,81,84,92,96]",19,3914,9,0.00229943791517629,7
"[0,1,2,3,4,5,6,7,8,9,11,12,13,14,15,16,17,18,19,20,21,22,23,24,25,26,28,29,30,31,32,33,34,35,36,37,38,39,40,41,42,44,45,46,47,48,50,53,54,57,58,61,62,71,74,75,77,78,79,81,84,92,96]",20,3914,8,0.00204394481349004,7
"[0,1,2,3,4,5,6,7,8,9,11,12,13,14,15,16,17,18,19,20,21,22,23,24,25,26,28,29,30,31,32,33,34,35,36,37,38,39,40,41,42,44,45,46,47,48,50,53,54,57,58,61,62,71,74,75,77,78,79,81,84,92,96]",21,3914,410,0.104752171691364,7
"[0,1,2,3,4,5,6,7,8,9,11,12,13,14,15,16,17,18,19,20,21,22,23,24,25,26,28,29,30,31,32,33,34,35,36,37,38,39,40,41,42,44,45,46,47,48,50,53,54,57,58,61,62,71,74,75,77,78,79,81,84,92,96]",22,3914,0,0,7
"[0,1,2,3,4,5,6,7,8,9,11,12,13,14,15,16,17,18,19,20,21,22,23,24,25,26,28,29,30,31,32,33,34,35,36,37,38,39,40,41,42,44,45,46,47,48,50,53,54,57,58,61,62,71,74,75,77,78,79,81,84,92,96]",23,3914,29,0.00740929994890138,7
"[0,1,2,3,4,5,6,7,8,9,11,12,13,14,15,16,17,18,19,20,21,22,23,24,25,26,28,29,30,31,32,33,34,35,36,37,38,39,40,41,42,44,45,46,47,48,50,53,54,57,58,61,62,71,74,75,77,78,79,81,84,92,96]",24,3914,0,0,7
"[0,1,2,3,4,5,6,7,8,9,11,12,13,14,15,16,17,18,19,20,21,22,23,24,25,26,28,29,30,31,32,33,34,35,36,37,38,39,40,41,42,44,45,46,47,48,50,53,54,57,58,61,62,71,74,75,77,78,79,81,84,92,96]",25,3914,127,0.0324476239141543,7
"[0,1,2,3,4,5,6,7,8,9,11,12,13,14,15,16,17,18,19,20,21,22,23,24,25,26,28,29,30,31,32,33,34,35,36,37,38,39,40,41,42,44,45,46,47,48,50,53,54,57,58,61,62,71,74,75,77,78,79,81,84,92,96]",26,3914,5,0.00127746550843127,7
"[0,1,2,3,4,5,6,7,8,9,11,12,13,14,15,16,17,18,19,20,21,22,23,24,25,26,28,29,30,31,32,33,34,35,36,37,38,39,40,41,42,44,45,46,47,48,50,53,54,57,58,61,62,71,74,75,77,78,79,81,84,92,96]",28,3914,64,0.0163515585079203,7
"[0,1,2,3,4,5,6,7,8,9,11,12,13,14,15,16,17,18,19,20,21,22,23,24,25,26,28,29,30,31,32,33,34,35,36,37,38,39,40,41,42,44,45,46,47,48,50,53,54,57,58,61,62,71,74,75,77,78,79,81,84,92,96]",29,3914,0,0,7
"[0,1,2,3,4,5,6,7,8,9,11,12,13,14,15,16,17,18,19,20,21,22,23,24,25,26,28,29,30,31,32,33,34,35,36,37,38,39,40,41,42,44,45,46,47,48,50,53,54,57,58,61,62,71,74,75,77,78,79,81,84,92,96]",30,3914,0,0,7
"[0,1,2,3,4,5,6,7,8,9,11,12,13,14,15,16,17,18,19,20,21,22,23,24,25,26,28,29,30,31,32,33,34,35,36,37,38,39,40,41,42,44,45,46,47,48,50,53,54,57,58,61,62,71,74,75,77,78,79,81,84,92,96]",31,3914,123,0.0314256515074093,7
"[0,1,2,3,4,5,6,7,8,9,11,12,13,14,15,16,17,18,19,20,21,22,23,24,25,26,28,29,30,31,32,33,34,35,36,37,38,39,40,41,42,44,45,46,47,48,50,53,54,57,58,61,62,71,74,75,77,78,79,81,84,92,96]",32,3914,51,0.013030148185999,7
"[0,1,2,3,4,5,6,7,8,9,11,12,13,14,15,16,17,18,19,20,21,22,23,24,25,26,28,29,30,31,32,33,34,35,36,37,38,39,40,41,42,44,45,46,47,48,50,53,54,57,58,61,62,71,74,75,77,78,79,81,84,92,96]",33,3914,0,0,7
"[0,1,2,3,4,5,6,7,8,9,11,12,13,14,15,16,17,18,19,20,21,22,23,24,25,26,28,29,30,31,32,33,34,35,36,37,38,39,40,41,42,44,45,46,47,48,50,53,54,57,58,61,62,71,74,75,77,78,79,81,84,92,96]",34,3914,0,0,7
"[0,1,2,3,4,5,6,7,8,9,11,12,13,14,15,16,17,18,19,20,21,22,23,24,25,26,28,29,30,31,32,33,34,35,36,37,38,39,40,41,42,44,45,46,47,48,50,53,54,57,58,61,62,71,74,75,77,78,79,81,84,92,96]",35,3914,0,0,7
"[0,1,2,3,4,5,6,7,8,9,11,12,13,14,15,16,17,18,19,20,21,22,23,24,25,26,28,29,30,31,32,33,34,35,36,37,38,39,40,41,42,44,45,46,47,48,50,53,54,57,58,61,62,71,74,75,77,78,79,81,84,92,96]",36,3914,80,0.0204394481349004,7
"[0,1,2,3,4,5,6,7,8,9,11,12,13,14,15,16,17,18,19,20,21,22,23,24,25,26,28,29,30,31,32,33,34,35,36,37,38,39,40,41,42,44,45,46,47,48,50,53,54,57,58,61,62,71,74,75,77,78,79,81,84,92,96]",37,3914,0,0,7
"[0,1,2,3,4,5,6,7,8,9,11,12,13,14,15,16,17,18,19,20,21,22,23,24,25,26,28,29,30,31,32,33,34,35,36,37,38,39,40,41,42,44,45,46,47,48,50,53,54,57,58,61,62,71,74,75,77,78,79,81,84,92,96]",38,3914,27,0.00689831374552887,7
"[0,1,2,3,4,5,6,7,8,9,11,12,13,14,15,16,17,18,19,20,21,22,23,24,25,26,28,29,30,31,32,33,34,35,36,37,38,39,40,41,42,44,45,46,47,48,50,53,54,57,58,61,62,71,74,75,77,78,79,81,84,92,96]",39,3914,31,0.00792028615227389,7
"[0,1,2,3,4,5,6,7,8,9,11,12,13,14,15,16,17,18,19,20,21,22,23,24,25,26,28,29,30,31,32,33,34,35,36,37,38,39,40,41,42,44,45,46,47,48,50,53,54,57,58,61,62,71,74,75,77,78,79,81,84,92,96]",40,3914,0,0,7
"[0,1,2,3,4,5,6,7,8,9,11,12,13,14,15,16,17,18,19,20,21,22,23,24,25,26,28,29,30,31,32,33,34,35,36,37,38,39,40,41,42,44,45,46,47,48,50,53,54,57,58,61,62,71,74,75,77,78,79,81,84,92,96]",41,3914,0,0,7
"[0,1,2,3,4,5,6,7,8,9,11,12,13,14,15,16,17,18,19,20,21,22,23,24,25,26,28,29,30,31,32,33,34,35,36,37,38,39,40,41,42,44,45,46,47,48,50,53,54,57,58,61,62,71,74,75,77,78,79,81,84,92,96]",42,3914,0,0,7
"[0,1,2,3,4,5,6,7,8,9,11,12,13,14,15,16,17,18,19,20,21,22,23,24,25,26,28,29,30,31,32,33,34,35,36,37,38,39,40,41,42,44,45,46,47,48,50,53,54,57,58,61,62,71,74,75,77,78,79,81,84,92,96]",44,3914,0,0,7
"[0,1,2,3,4,5,6,7,8,9,11,12,13,14,15,16,17,18,19,20,21,22,23,24,25,26,28,29,30,31,32,33,34,35,36,37,38,39,40,41,42,44,45,46,47,48,50,53,54,57,58,61,62,71,74,75,77,78,79,81,84,92,96]",45,3914,69,0.0176290240163516,7
"[0,1,2,3,4,5,6,7,8,9,11,12,13,14,15,16,17,18,19,20,21,22,23,24,25,26,28,29,30,31,32,33,34,35,36,37,38,39,40,41,42,44,45,46,47,48,50,53,54,57,58,61,62,71,74,75,77,78,79,81,84,92,96]",46,3914,0,0,7
"[0,1,2,3,4,5,6,7,8,9,11,12,13,14,15,16,17,18,19,20,21,22,23,24,25,26,28,29,30,31,32,33,34,35,36,37,38,39,40,41,42,44,45,46,47,48,50,53,54,57,58,61,62,71,74,75,77,78,79,81,84,92,96]",47,3914,10,0.00255493101686254,7
"[0,1,2,3,4,5,6,7,8,9,11,12,13,14,15,16,17,18,19,20,21,22,23,24,25,26,28,29,30,31,32,33,34,35,36,37,38,39,40,41,42,44,45,46,47,48,50,53,54,57,58,61,62,71,74,75,77,78,79,81,84,92,96]",48,3914,0,0,7
"[0,1,2,3,4,5,6,7,8,9,11,12,13,14,15,16,17,18,19,20,21,22,23,24,25,26,28,29,30,31,32,33,34,35,36,37,38,39,40,41,42,44,45,46,47,48,50,53,54,57,58,61,62,71,74,75,77,78,79,81,84,92,96]",50,3914,0,0,7
"[0,1,2,3,4,5,6,7,8,9,11,12,13,14,15,16,17,18,19,20,21,22,23,24,25,26,28,29,30,31,32,33,34,35,36,37,38,39,40,41,42,44,45,46,47,48,50,53,54,57,58,61,62,71,74,75,77,78,79,81,84,92,96]",53,3914,0,0,7
"[0,1,2,3,4,5,6,7,8,9,11,12,13,14,15,16,17,18,19,20,21,22,23,24,25,26,28,29,30,31,32,33,34,35,36,37,38,39,40,41,42,44,45,46,47,48,50,53,54,57,58,61,62,71,74,75,77,78,79,81,84,92,96]",54,3914,0,0,7
"[0,1,2,3,4,5,6,7,8,9,11,12,13,14,15,16,17,18,19,20,21,22,23,24,25,26,28,29,30,31,32,33,34,35,36,37,38,39,40,41,42,44,45,46,47,48,50,53,54,57,58,61,62,71,74,75,77,78,79,81,84,92,96]",57,3914,0,0,7
"[0,1,2,3,4,5,6,7,8,9,11,12,13,14,15,16,17,18,19,20,21,22,23,24,25,26,28,29,30,31,32,33,34,35,36,37,38,39,40,41,42,44,45,46,47,48,50,53,54,57,58,61,62,71,74,75,77,78,79,81,84,92,96]",58,3914,68,0.0173735309146653,7
"[0,1,2,3,4,5,6,7,8,9,11,12,13,14,15,16,17,18,19,20,21,22,23,24,25,26,28,29,30,31,32,33,34,35,36,37,38,39,40,41,42,44,45,46,47,48,50,53,54,57,58,61,62,71,74,75,77,78,79,81,84,92,96]",61,3914,0,0,7
"[0,1,2,3,4,5,6,7,8,9,11,12,13,14,15,16,17,18,19,20,21,22,23,24,25,26,28,29,30,31,32,33,34,35,36,37,38,39,40,41,42,44,45,46,47,48,50,53,54,57,58,61,62,71,74,75,77,78,79,81,84,92,96]",62,3914,55,0.014052120592744,7
"[0,1,2,3,4,5,6,7,8,9,11,12,13,14,15,16,17,18,19,20,21,22,23,24,25,26,28,29,30,31,32,33,34,35,36,37,38,39,40,41,42,44,45,46,47,48,50,53,54,57,58,61,62,71,74,75,77,78,79,81,84,92,96]",71,3914,0,0,7
"[0,1,2,3,4,5,6,7,8,9,11,12,13,14,15,16,17,18,19,20,21,22,23,24,25,26,28,29,30,31,32,33,34,35,36,37,38,39,40,41,42,44,45,46,47,48,50,53,54,57,58,61,62,71,74,75,77,78,79,81,84,92,96]",74,3914,29,0.00740929994890138,7
"[0,1,2,3,4,5,6,7,8,9,11,12,13,14,15,16,17,18,19,20,21,22,23,24,25,26,28,29,30,31,32,33,34,35,36,37,38,39,40,41,42,44,45,46,47,48,50,53,54,57,58,61,62,71,74,75,77,78,79,81,84,92,96]",75,3914,0,0,7
"[0,1,2,3,4,5,6,7,8,9,11,12,13,14,15,16,17,18,19,20,21,22,23,24,25,26,28,29,30,31,32,33,34,35,36,37,38,39,40,41,42,44,45,46,47,48,50,53,54,57,58,61,62,71,74,75,77,78,79,81,84,92,96]",77,3914,19,0.00485436893203883,7
"[0,1,2,3,4,5,6,7,8,9,11,12,13,14,15,16,17,18,19,20,21,22,23,24,25,26,28,29,30,31,32,33,34,35,36,37,38,39,40,41,42,44,45,46,47,48,50,53,54,57,58,61,62,71,74,75,77,78,79,81,84,92,96]",78,3914,0,0,7
"[0,1,2,3,4,5,6,7,8,9,11,12,13,14,15,16,17,18,19,20,21,22,23,24,25,26,28,29,30,31,32,33,34,35,36,37,38,39,40,41,42,44,45,46,47,48,50,53,54,57,58,61,62,71,74,75,77,78,79,81,84,92,96]",79,3914,14,0.00357690342360756,7
"[0,1,2,3,4,5,6,7,8,9,11,12,13,14,15,16,17,18,19,20,21,22,23,24,25,26,28,29,30,31,32,33,34,35,36,37,38,39,40,41,42,44,45,46,47,48,50,53,54,57,58,61,62,71,74,75,77,78,79,81,84,92,96]",81,3914,0,0,7
"[0,1,2,3,4,5,6,7,8,9,11,12,13,14,15,16,17,18,19,20,21,22,23,24,25,26,28,29,30,31,32,33,34,35,36,37,38,39,40,41,42,44,45,46,47,48,50,53,54,57,58,61,62,71,74,75,77,78,79,81,84,92,96]",84,3914,0,0,7
"[0,1,2,3,4,5,6,7,8,9,11,12,13,14,15,16,17,18,19,20,21,22,23,24,25,26,28,29,30,31,32,33,34,35,36,37,38,39,40,41,42,44,45,46,47,48,50,53,54,57,58,61,62,71,74,75,77,78,79,81,84,92,96]",92,3914,0,0,7
"[0,1,2,3,4,5,6,7,8,9,11,12,13,14,15,16,17,18,19,20,21,22,23,24,25,26,28,29,30,31,32,33,34,35,36,37,38,39,40,41,42,44,45,46,47,48,50,53,54,57,58,61,62,71,74,75,77,78,79,81,84,92,96]",96,3914,0,0,7
"[0,1,2,3,4,5,6,7,8,9,11,12,13,14,15,16,17,18,19,20,21,22,23,24,25,26,28,29,30,31,32,33,34,35,36,37,38,39,40,41,43,45,47,49,51,52,53,55,56,57,58,59,61,62,71,74,75,77,78,79,81,91,98,102]",0,1934,71,0.0367114788004137,4
"[0,1,2,3,4,5,6,7,8,9,11,12,13,14,15,16,17,18,19,20,21,22,23,24,25,26,28,29,30,31,32,33,34,35,36,37,38,39,40,41,43,45,47,49,51,52,53,55,56,57,58,59,61,62,71,74,75,77,78,79,81,91,98,102]",1,1934,43,0.0222337125129266,4
"[0,1,2,3,4,5,6,7,8,9,11,12,13,14,15,16,17,18,19,20,21,22,23,24,25,26,28,29,30,31,32,33,34,35,36,37,38,39,40,41,43,45,47,49,51,52,53,55,56,57,58,59,61,62,71,74,75,77,78,79,81,91,98,102]",2,1934,303,0.156670113753878,4
"[0,1,2,3,4,5,6,7,8,9,11,12,13,14,15,16,17,18,19,20,21,22,23,24,25,26,28,29,30,31,32,33,34,35,36,37,38,39,40,41,43,45,47,49,51,52,53,55,56,57,58,59,61,62,71,74,75,77,78,79,81,91,98,102]",3,1934,0,0,4
"[0,1,2,3,4,5,6,7,8,9,11,12,13,14,15,16,17,18,19,20,21,22,23,24,25,26,28,29,30,31,32,33,34,35,36,37,38,39,40,41,43,45,47,49,51,52,53,55,56,57,58,59,61,62,71,74,75,77,78,79,81,91,98,102]",4,1934,0,0,4
"[0,1,2,3,4,5,6,7,8,9,11,12,13,14,15,16,17,18,19,20,21,22,23,24,25,26,28,29,30,31,32,33,34,35,36,37,38,39,40,41,43,45,47,49,51,52,53,55,56,57,58,59,61,62,71,74,75,77,78,79,81,91,98,102]",5,1934,247,0.127714581178904,4
"[0,1,2,3,4,5,6,7,8,9,11,12,13,14,15,16,17,18,19,20,21,22,23,24,25,26,28,29,30,31,32,33,34,35,36,37,38,39,40,41,43,45,47,49,51,52,53,55,56,57,58,59,61,62,71,74,75,77,78,79,81,91,98,102]",6,1934,501,0.259048603929679,4
"[0,1,2,3,4,5,6,7,8,9,11,12,13,14,15,16,17,18,19,20,21,22,23,24,25,26,28,29,30,31,32,33,34,35,36,37,38,39,40,41,43,45,47,49,51,52,53,55,56,57,58,59,61,62,71,74,75,77,78,79,81,91,98,102]",7,1934,57,0.0294725956566701,4
"[0,1,2,3,4,5,6,7,8,9,11,12,13,14,15,16,17,18,19,20,21,22,23,24,25,26,28,29,30,31,32,33,34,35,36,37,38,39,40,41,43,45,47,49,51,52,53,55,56,57,58,59,61,62,71,74,75,77,78,79,81,91,98,102]",8,1934,0,0,4
"[0,1,2,3,4,5,6,7,8,9,11,12,13,14,15,16,17,18,19,20,21,22,23,24,25,26,28,29,30,31,32,33,34,35,36,37,38,39,40,41,43,45,47,49,51,52,53,55,56,57,58,59,61,62,71,74,75,77,78,79,81,91,98,102]",9,1934,97,0.0501551189245088,4
"[0,1,2,3,4,5,6,7,8,9,11,12,13,14,15,16,17,18,19,20,21,22,23,24,25,26,28,29,30,31,32,33,34,35,36,37,38,39,40,41,43,45,47,49,51,52,53,55,56,57,58,59,61,62,71,74,75,77,78,79,81,91,98,102]",11,1934,0,0,4
"[0,1,2,3,4,5,6,7,8,9,11,12,13,14,15,16,17,18,19,20,21,22,23,24,25,26,28,29,30,31,32,33,34,35,36,37,38,39,40,41,43,45,47,49,51,52,53,55,56,57,58,59,61,62,71,74,75,77,78,79,81,91,98,102]",12,1934,0,0,4
"[0,1,2,3,4,5,6,7,8,9,11,12,13,14,15,16,17,18,19,20,21,22,23,24,25,26,28,29,30,31,32,33,34,35,36,37,38,39,40,41,43,45,47,49,51,52,53,55,56,57,58,59,61,62,71,74,75,77,78,79,81,91,98,102]",13,1934,0,0,4
"[0,1,2,3,4,5,6,7,8,9,11,12,13,14,15,16,17,18,19,20,21,22,23,24,25,26,28,29,30,31,32,33,34,35,36,37,38,39,40,41,43,45,47,49,51,52,53,55,56,57,58,59,61,62,71,74,75,77,78,79,81,91,98,102]",14,1934,0,0,4
"[0,1,2,3,4,5,6,7,8,9,11,12,13,14,15,16,17,18,19,20,21,22,23,24,25,26,28,29,30,31,32,33,34,35,36,37,38,39,40,41,43,45,47,49,51,52,53,55,56,57,58,59,61,62,71,74,75,77,78,79,81,91,98,102]",15,1934,0,0,4
"[0,1,2,3,4,5,6,7,8,9,11,12,13,14,15,16,17,18,19,20,21,22,23,24,25,26,28,29,30,31,32,33,34,35,36,37,38,39,40,41,43,45,47,49,51,52,53,55,56,57,58,59,61,62,71,74,75,77,78,79,81,91,98,102]",16,1934,0,0,4
"[0,1,2,3,4,5,6,7,8,9,11,12,13,14,15,16,17,18,19,20,21,22,23,24,25,26,28,29,30,31,32,33,34,35,36,37,38,39,40,41,43,45,47,49,51,52,53,55,56,57,58,59,61,62,71,74,75,77,78,79,81,91,98,102]",17,1934,0,0,4
"[0,1,2,3,4,5,6,7,8,9,11,12,13,14,15,16,17,18,19,20,21,22,23,24,25,26,28,29,30,31,32,33,34,35,36,37,38,39,40,41,43,45,47,49,51,52,53,55,56,57,58,59,61,62,71,74,75,77,78,79,81,91,98,102]",18,1934,0,0,4
"[0,1,2,3,4,5,6,7,8,9,11,12,13,14,15,16,17,18,19,20,21,22,23,24,25,26,28,29,30,31,32,33,34,35,36,37,38,39,40,41,43,45,47,49,51,52,53,55,56,57,58,59,61,62,71,74,75,77,78,79,81,91,98,102]",19,1934,0,0,4
"[0,1,2,3,4,5,6,7,8,9,11,12,13,14,15,16,17,18,19,20,21,22,23,24,25,26,28,29,30,31,32,33,34,35,36,37,38,39,40,41,43,45,47,49,51,52,53,55,56,57,58,59,61,62,71,74,75,77,78,79,81,91,98,102]",20,1934,0,0,4
"[0,1,2,3,4,5,6,7,8,9,11,12,13,14,15,16,17,18,19,20,21,22,23,24,25,26,28,29,30,31,32,33,34,35,36,37,38,39,40,41,43,45,47,49,51,52,53,55,56,57,58,59,61,62,71,74,75,77,78,79,81,91,98,102]",21,1934,168,0.0868665977249224,4
"[0,1,2,3,4,5,6,7,8,9,11,12,13,14,15,16,17,18,19,20,21,22,23,24,25,26,28,29,30,31,32,33,34,35,36,37,38,39,40,41,43,45,47,49,51,52,53,55,56,57,58,59,61,62,71,74,75,77,78,79,81,91,98,102]",22,1934,0,0,4
"[0,1,2,3,4,5,6,7,8,9,11,12,13,14,15,16,17,18,19,20,21,22,23,24,25,26,28,29,30,31,32,33,34,35,36,37,38,39,40,41,43,45,47,49,51,52,53,55,56,57,58,59,61,62,71,74,75,77,78,79,81,91,98,102]",23,1934,6,0.0031023784901758,4
"[0,1,2,3,4,5,6,7,8,9,11,12,13,14,15,16,17,18,19,20,21,22,23,24,25,26,28,29,30,31,32,33,34,35,36,37,38,39,40,41,43,45,47,49,51,52,53,55,56,57,58,59,61,62,71,74,75,77,78,79,81,91,98,102]",24,1934,0,0,4
"[0,1,2,3,4,5,6,7,8,9,11,12,13,14,15,16,17,18,19,20,21,22,23,24,25,26,28,29,30,31,32,33,34,35,36,37,38,39,40,41,43,45,47,49,51,52,53,55,56,57,58,59,61,62,71,74,75,77,78,79,81,91,98,102]",25,1934,27,0.0139607032057911,4
"[0,1,2,3,4,5,6,7,8,9,11,12,13,14,15,16,17,18,19,20,21,22,23,24,25,26,28,29,30,31,32,33,34,35,36,37,38,39,40,41,43,45,47,49,51,52,53,55,56,57,58,59,61,62,71,74,75,77,78,79,81,91,98,102]",26,1934,5,0.00258531540847983,4
"[0,1,2,3,4,5,6,7,8,9,11,12,13,14,15,16,17,18,19,20,21,22,23,24,25,26,28,29,30,31,32,33,34,35,36,37,38,39,40,41,43,45,47,49,51,52,53,55,56,57,58,59,61,62,71,74,75,77,78,79,81,91,98,102]",28,1934,3,0.0015511892450879,4
"[0,1,2,3,4,5,6,7,8,9,11,12,13,14,15,16,17,18,19,20,21,22,23,24,25,26,28,29,30,31,32,33,34,35,36,37,38,39,40,41,43,45,47,49,51,52,53,55,56,57,58,59,61,62,71,74,75,77,78,79,81,91,98,102]",29,1934,0,0,4
"[0,1,2,3,4,5,6,7,8,9,11,12,13,14,15,16,17,18,19,20,21,22,23,24,25,26,28,29,30,31,32,33,34,35,36,37,38,39,40,41,43,45,47,49,51,52,53,55,56,57,58,59,61,62,71,74,75,77,78,79,81,91,98,102]",30,1934,0,0,4
"[0,1,2,3,4,5,6,7,8,9,11,12,13,14,15,16,17,18,19,20,21,22,23,24,25,26,28,29,30,31,32,33,34,35,36,37,38,39,40,41,43,45,47,49,51,52,53,55,56,57,58,59,61,62,71,74,75,77,78,79,81,91,98,102]",31,1934,105,0.0542916235780765,4
"[0,1,2,3,4,5,6,7,8,9,11,12,13,14,15,16,17,18,19,20,21,22,23,24,25,26,28,29,30,31,32,33,34,35,36,37,38,39,40,41,43,45,47,49,51,52,53,55,56,57,58,59,61,62,71,74,75,77,78,79,81,91,98,102]",32,1934,25,0.0129265770423992,4
"[0,1,2,3,4,5,6,7,8,9,11,12,13,14,15,16,17,18,19,20,21,22,23,24,25,26,28,29,30,31,32,33,34,35,36,37,38,39,40,41,43,45,47,49,51,52,53,55,56,57,58,59,61,62,71,74,75,77,78,79,81,91,98,102]",33,1934,0,0,4
"[0,1,2,3,4,5,6,7,8,9,11,12,13,14,15,16,17,18,19,20,21,22,23,24,25,26,28,29,30,31,32,33,34,35,36,37,38,39,40,41,43,45,47,49,51,52,53,55,56,57,58,59,61,62,71,74,75,77,78,79,81,91,98,102]",34,1934,0,0,4
"[0,1,2,3,4,5,6,7,8,9,11,12,13,14,15,16,17,18,19,20,21,22,23,24,25,26,28,29,30,31,32,33,34,35,36,37,38,39,40,41,43,45,47,49,51,52,53,55,56,57,58,59,61,62,71,74,75,77,78,79,81,91,98,102]",35,1934,0,0,4
"[0,1,2,3,4,5,6,7,8,9,11,12,13,14,15,16,17,18,19,20,21,22,23,24,25,26,28,29,30,31,32,33,34,35,36,37,38,39,40,41,43,45,47,49,51,52,53,55,56,57,58,59,61,62,71,74,75,77,78,79,81,91,98,102]",36,1934,0,0,4
"[0,1,2,3,4,5,6,7,8,9,11,12,13,14,15,16,17,18,19,20,21,22,23,24,25,26,28,29,30,31,32,33,34,35,36,37,38,39,40,41,43,45,47,49,51,52,53,55,56,57,58,59,61,62,71,74,75,77,78,79,81,91,98,102]",37,1934,0,0,4
"[0,1,2,3,4,5,6,7,8,9,11,12,13,14,15,16,17,18,19,20,21,22,23,24,25,26,28,29,30,31,32,33,34,35,36,37,38,39,40,41,43,45,47,49,51,52,53,55,56,57,58,59,61,62,71,74,75,77,78,79,81,91,98,102]",38,1934,0,0,4
"[0,1,2,3,4,5,6,7,8,9,11,12,13,14,15,16,17,18,19,20,21,22,23,24,25,26,28,29,30,31,32,33,34,35,36,37,38,39,40,41,43,45,47,49,51,52,53,55,56,57,58,59,61,62,71,74,75,77,78,79,81,91,98,102]",39,1934,29,0.014994829369183,4
"[0,1,2,3,4,5,6,7,8,9,11,12,13,14,15,16,17,18,19,20,21,22,23,24,25,26,28,29,30,31,32,33,34,35,36,37,38,39,40,41,43,45,47,49,51,52,53,55,56,57,58,59,61,62,71,74,75,77,78,79,81,91,98,102]",40,1934,0,0,4
"[0,1,2,3,4,5,6,7,8,9,11,12,13,14,15,16,17,18,19,20,21,22,23,24,25,26,28,29,30,31,32,33,34,35,36,37,38,39,40,41,43,45,47,49,51,52,53,55,56,57,58,59,61,62,71,74,75,77,78,79,81,91,98,102]",41,1934,0,0,4
"[0,1,2,3,4,5,6,7,8,9,11,12,13,14,15,16,17,18,19,20,21,22,23,24,25,26,28,29,30,31,32,33,34,35,36,37,38,39,40,41,43,45,47,49,51,52,53,55,56,57,58,59,61,62,71,74,75,77,78,79,81,91,98,102]",43,1934,90,0.046535677352637,4
"[0,1,2,3,4,5,6,7,8,9,11,12,13,14,15,16,17,18,19,20,21,22,23,24,25,26,28,29,30,31,32,33,34,35,36,37,38,39,40,41,43,45,47,49,51,52,53,55,56,57,58,59,61,62,71,74,75,77,78,79,81,91,98,102]",45,1934,39,0.0201654601861427,4
"[0,1,2,3,4,5,6,7,8,9,11,12,13,14,15,16,17,18,19,20,21,22,23,24,25,26,28,29,30,31,32,33,34,35,36,37,38,39,40,41,43,45,47,49,51,52,53,55,56,57,58,59,61,62,71,74,75,77,78,79,81,91,98,102]",47,1934,0,0,4
"[0,1,2,3,4,5,6,7,8,9,11,12,13,14,15,16,17,18,19,20,21,22,23,24,25,26,28,29,30,31,32,33,34,35,36,37,38,39,40,41,43,45,47,49,51,52,53,55,56,57,58,59,61,62,71,74,75,77,78,79,81,91,98,102]",49,1934,34,0.0175801447776629,4
"[0,1,2,3,4,5,6,7,8,9,11,12,13,14,15,16,17,18,19,20,21,22,23,24,25,26,28,29,30,31,32,33,34,35,36,37,38,39,40,41,43,45,47,49,51,52,53,55,56,57,58,59,61,62,71,74,75,77,78,79,81,91,98,102]",51,1934,8,0.00413650465356774,4
"[0,1,2,3,4,5,6,7,8,9,11,12,13,14,15,16,17,18,19,20,21,22,23,24,25,26,28,29,30,31,32,33,34,35,36,37,38,39,40,41,43,45,47,49,51,52,53,55,56,57,58,59,61,62,71,74,75,77,78,79,81,91,98,102]",52,1934,3,0.0015511892450879,4
"[0,1,2,3,4,5,6,7,8,9,11,12,13,14,15,16,17,18,19,20,21,22,23,24,25,26,28,29,30,31,32,33,34,35,36,37,38,39,40,41,43,45,47,49,51,52,53,55,56,57,58,59,61,62,71,74,75,77,78,79,81,91,98,102]",53,1934,0,0,4
"[0,1,2,3,4,5,6,7,8,9,11,12,13,14,15,16,17,18,19,20,21,22,23,24,25,26,28,29,30,31,32,33,34,35,36,37,38,39,40,41,43,45,47,49,51,52,53,55,56,57,58,59,61,62,71,74,75,77,78,79,81,91,98,102]",55,1934,11,0.00568769389865564,4
"[0,1,2,3,4,5,6,7,8,9,11,12,13,14,15,16,17,18,19,20,21,22,23,24,25,26,28,29,30,31,32,33,34,35,36,37,38,39,40,41,43,45,47,49,51,52,53,55,56,57,58,59,61,62,71,74,75,77,78,79,81,91,98,102]",56,1934,8,0.00413650465356774,4
"[0,1,2,3,4,5,6,7,8,9,11,12,13,14,15,16,17,18,19,20,21,22,23,24,25,26,28,29,30,31,32,33,34,35,36,37,38,39,40,41,43,45,47,49,51,52,53,55,56,57,58,59,61,62,71,74,75,77,78,79,81,91,98,102]",57,1934,0,0,4
"[0,1,2,3,4,5,6,7,8,9,11,12,13,14,15,16,17,18,19,20,21,22,23,24,25,26,28,29,30,31,32,33,34,35,36,37,38,39,40,41,43,45,47,49,51,52,53,55,56,57,58,59,61,62,71,74,75,77,78,79,81,91,98,102]",58,1934,49,0.0253360910031024,4
"[0,1,2,3,4,5,6,7,8,9,11,12,13,14,15,16,17,18,19,20,21,22,23,24,25,26,28,29,30,31,32,33,34,35,36,37,38,39,40,41,43,45,47,49,51,52,53,55,56,57,58,59,61,62,71,74,75,77,78,79,81,91,98,102]",59,1934,3,0.0015511892450879,4
"[0,1,2,3,4,5,6,7,8,9,11,12,13,14,15,16,17,18,19,20,21,22,23,24,25,26,28,29,30,31,32,33,34,35,36,37,38,39,40,41,43,45,47,49,51,52,53,55,56,57,58,59,61,62,71,74,75,77,78,79,81,91,98,102]",61,1934,0,0,4
"[0,1,2,3,4,5,6,7,8,9,11,12,13,14,15,16,17,18,19,20,21,22,23,24,25,26,28,29,30,31,32,33,34,35,36,37,38,39,40,41,43,45,47,49,51,52,53,55,56,57,58,59,61,62,71,74,75,77,78,79,81,91,98,102]",62,1934,0,0,4
"[0,1,2,3,4,5,6,7,8,9,11,12,13,14,15,16,17,18,19,20,21,22,23,24,25,26,28,29,30,31,32,33,34,35,36,37,38,39,40,41,43,45,47,49,51,52,53,55,56,57,58,59,61,62,71,74,75,77,78,79,81,91,98,102]",71,1934,0,0,4
"[0,1,2,3,4,5,6,7,8,9,11,12,13,14,15,16,17,18,19,20,21,22,23,24,25,26,28,29,30,31,32,33,34,35,36,37,38,39,40,41,43,45,47,49,51,52,53,55,56,57,58,59,61,62,71,74,75,77,78,79,81,91,98,102]",74,1934,0,0,4
"[0,1,2,3,4,5,6,7,8,9,11,12,13,14,15,16,17,18,19,20,21,22,23,24,25,26,28,29,30,31,32,33,34,35,36,37,38,39,40,41,43,45,47,49,51,52,53,55,56,57,58,59,61,62,71,74,75,77,78,79,81,91,98,102]",75,1934,0,0,4
"[0,1,2,3,4,5,6,7,8,9,11,12,13,14,15,16,17,18,19,20,21,22,23,24,25,26,28,29,30,31,32,33,34,35,36,37,38,39,40,41,43,45,47,49,51,52,53,55,56,57,58,59,61,62,71,74,75,77,78,79,81,91,98,102]",77,1934,0,0,4
"[0,1,2,3,4,5,6,7,8,9,11,12,13,14,15,16,17,18,19,20,21,22,23,24,25,26,28,29,30,31,32,33,34,35,36,37,38,39,40,41,43,45,47,49,51,52,53,55,56,57,58,59,61,62,71,74,75,77,78,79,81,91,98,102]",78,1934,0,0,4
"[0,1,2,3,4,5,6,7,8,9,11,12,13,14,15,16,17,18,19,20,21,22,23,24,25,26,28,29,30,31,32,33,34,35,36,37,38,39,40,41,43,45,47,49,51,52,53,55,56,57,58,59,61,62,71,74,75,77,78,79,81,91,98,102]",79,1934,0,0,4
"[0,1,2,3,4,5,6,7,8,9,11,12,13,14,15,16,17,18,19,20,21,22,23,24,25,26,28,29,30,31,32,33,34,35,36,37,38,39,40,41,43,45,47,49,51,52,53,55,56,57,58,59,61,62,71,74,75,77,78,79,81,91,98,102]",81,1934,0,0,4
"[0,1,2,3,4,5,6,7,8,9,11,12,13,14,15,16,17,18,19,20,21,22,23,24,25,26,28,29,30,31,32,33,34,35,36,37,38,39,40,41,43,45,47,49,51,52,53,55,56,57,58,59,61,62,71,74,75,77,78,79,81,91,98,102]",91,1934,2,0.00103412616339193,4
"[0,1,2,3,4,5,6,7,8,9,11,12,13,14,15,16,17,18,19,20,21,22,23,24,25,26,28,29,30,31,32,33,34,35,36,37,38,39,40,41,43,45,47,49,51,52,53,55,56,57,58,59,61,62,71,74,75,77,78,79,81,91,98,102]",98,1934,0,0,4
"[0,1,2,3,4,5,6,7,8,9,11,12,13,14,15,16,17,18,19,20,21,22,23,24,25,26,28,29,30,31,32,33,34,35,36,37,38,39,40,41,43,45,47,49,51,52,53,55,56,57,58,59,61,62,71,74,75,77,78,79,81,91,98,102]",102,1934,0,0,4
"[0,1,2,3,4,5,6,7,8,9,11,12,13,14,15,16,17,18,19,20,21,22,23,24,25,26,28,29,30,31,32,33,34,35,36,37,38,39,40,41,43,45,47,49,51,52,53,55,57,58,59,61,62,71,74,75,77,78,79,81,84,91,98,102]",0,500,18,0.036,1
"[0,1,2,3,4,5,6,7,8,9,11,12,13,14,15,16,17,18,19,20,21,22,23,24,25,26,28,29,30,31,32,33,34,35,36,37,38,39,40,41,43,45,47,49,51,52,53,55,57,58,59,61,62,71,74,75,77,78,79,81,84,91,98,102]",1,500,19,0.038,1
"[0,1,2,3,4,5,6,7,8,9,11,12,13,14,15,16,17,18,19,20,21,22,23,24,25,26,28,29,30,31,32,33,34,35,36,37,38,39,40,41,43,45,47,49,51,52,53,55,57,58,59,61,62,71,74,75,77,78,79,81,84,91,98,102]",2,500,78,0.156,1
"[0,1,2,3,4,5,6,7,8,9,11,12,13,14,15,16,17,18,19,20,21,22,23,24,25,26,28,29,30,31,32,33,34,35,36,37,38,39,40,41,43,45,47,49,51,52,53,55,57,58,59,61,62,71,74,75,77,78,79,81,84,91,98,102]",3,500,0,0,1
"[0,1,2,3,4,5,6,7,8,9,11,12,13,14,15,16,17,18,19,20,21,22,23,24,25,26,28,29,30,31,32,33,34,35,36,37,38,39,40,41,43,45,47,49,51,52,53,55,57,58,59,61,62,71,74,75,77,78,79,81,84,91,98,102]",4,500,0,0,1
"[0,1,2,3,4,5,6,7,8,9,11,12,13,14,15,16,17,18,19,20,21,22,23,24,25,26,28,29,30,31,32,33,34,35,36,37,38,39,40,41,43,45,47,49,51,52,53,55,57,58,59,61,62,71,74,75,77,78,79,81,84,91,98,102]",5,500,105,0.21,1
"[0,1,2,3,4,5,6,7,8,9,11,12,13,14,15,16,17,18,19,20,21,22,23,24,25,26,28,29,30,31,32,33,34,35,36,37,38,39,40,41,43,45,47,49,51,52,53,55,57,58,59,61,62,71,74,75,77,78,79,81,84,91,98,102]",6,500,98,0.196,1
"[0,1,2,3,4,5,6,7,8,9,11,12,13,14,15,16,17,18,19,20,21,22,23,24,25,26,28,29,30,31,32,33,34,35,36,37,38,39,40,41,43,45,47,49,51,52,53,55,57,58,59,61,62,71,74,75,77,78,79,81,84,91,98,102]",7,500,11,0.022,1
"[0,1,2,3,4,5,6,7,8,9,11,12,13,14,15,16,17,18,19,20,21,22,23,24,25,26,28,29,30,31,32,33,34,35,36,37,38,39,40,41,43,45,47,49,51,52,53,55,57,58,59,61,62,71,74,75,77,78,79,81,84,91,98,102]",8,500,0,0,1
"[0,1,2,3,4,5,6,7,8,9,11,12,13,14,15,16,17,18,19,20,21,22,23,24,25,26,28,29,30,31,32,33,34,35,36,37,38,39,40,41,43,45,47,49,51,52,53,55,57,58,59,61,62,71,74,75,77,78,79,81,84,91,98,102]",9,500,27,0.054,1
"[0,1,2,3,4,5,6,7,8,9,11,12,13,14,15,16,17,18,19,20,21,22,23,24,25,26,28,29,30,31,32,33,34,35,36,37,38,39,40,41,43,45,47,49,51,52,53,55,57,58,59,61,62,71,74,75,77,78,79,81,84,91,98,102]",11,500,0,0,1
"[0,1,2,3,4,5,6,7,8,9,11,12,13,14,15,16,17,18,19,20,21,22,23,24,25,26,28,29,30,31,32,33,34,35,36,37,38,39,40,41,43,45,47,49,51,52,53,55,57,58,59,61,62,71,74,75,77,78,79,81,84,91,98,102]",12,500,0,0,1
"[0,1,2,3,4,5,6,7,8,9,11,12,13,14,15,16,17,18,19,20,21,22,23,24,25,26,28,29,30,31,32,33,34,35,36,37,38,39,40,41,43,45,47,49,51,52,53,55,57,58,59,61,62,71,74,75,77,78,79,81,84,91,98,102]",13,500,0,0,1
"[0,1,2,3,4,5,6,7,8,9,11,12,13,14,15,16,17,18,19,20,21,22,23,24,25,26,28,29,30,31,32,33,34,35,36,37,38,39,40,41,43,45,47,49,51,52,53,55,57,58,59,61,62,71,74,75,77,78,79,81,84,91,98,102]",14,500,0,0,1
"[0,1,2,3,4,5,6,7,8,9,11,12,13,14,15,16,17,18,19,20,21,22,23,24,25,26,28,29,30,31,32,33,34,35,36,37,38,39,40,41,43,45,47,49,51,52,53,55,57,58,59,61,62,71,74,75,77,78,79,81,84,91,98,102]",15,500,0,0,1
"[0,1,2,3,4,5,6,7,8,9,11,12,13,14,15,16,17,18,19,20,21,22,23,24,25,26,28,29,30,31,32,33,34,35,36,37,38,39,40,41,43,45,47,49,51,52,53,55,57,58,59,61,62,71,74,75,77,78,79,81,84,91,98,102]",16,500,0,0,1
"[0,1,2,3,4,5,6,7,8,9,11,12,13,14,15,16,17,18,19,20,21,22,23,24,25,26,28,29,30,31,32,33,34,35,36,37,38,39,40,41,43,45,47,49,51,52,53,55,57,58,59,61,62,71,74,75,77,78,79,81,84,91,98,102]",17,500,0,0,1
"[0,1,2,3,4,5,6,7,8,9,11,12,13,14,15,16,17,18,19,20,21,22,23,24,25,26,28,29,30,31,32,33,34,35,36,37,38,39,40,41,43,45,47,49,51,52,53,55,57,58,59,61,62,71,74,75,77,78,79,81,84,91,98,102]",18,500,0,0,1
"[0,1,2,3,4,5,6,7,8,9,11,12,13,14,15,16,17,18,19,20,21,22,23,24,25,26,28,29,30,31,32,33,34,35,36,37,38,39,40,41,43,45,47,49,51,52,53,55,57,58,59,61,62,71,74,75,77,78,79,81,84,91,98,102]",19,500,0,0,1
"[0,1,2,3,4,5,6,7,8,9,11,12,13,14,15,16,17,18,19,20,21,22,23,24,25,26,28,29,30,31,32,33,34,35,36,37,38,39,40,41,43,45,47,49,51,52,53,55,57,58,59,61,62,71,74,75,77,78,79,81,84,91,98,102]",20,500,0,0,1
"[0,1,2,3,4,5,6,7,8,9,11,12,13,14,15,16,17,18,19,20,21,22,23,24,25,26,28,29,30,31,32,33,34,35,36,37,38,39,40,41,43,45,47,49,51,52,53,55,57,58,59,61,62,71,74,75,77,78,79,81,84,91,98,102]",21,500,56,0.112,1
"[0,1,2,3,4,5,6,7,8,9,11,12,13,14,15,16,17,18,19,20,21,22,23,24,25,26,28,29,30,31,32,33,34,35,36,37,38,39,40,41,43,45,47,49,51,52,53,55,57,58,59,61,62,71,74,75,77,78,79,81,84,91,98,102]",22,500,0,0,1
"[0,1,2,3,4,5,6,7,8,9,11,12,13,14,15,16,17,18,19,20,21,22,23,24,25,26,28,29,30,31,32,33,34,35,36,37,38,39,40,41,43,45,47,49,51,52,53,55,57,58,59,61,62,71,74,75,77,78,79,81,84,91,98,102]",23,500,3,0.006,1
"[0,1,2,3,4,5,6,7,8,9,11,12,13,14,15,16,17,18,19,20,21,22,23,24,25,26,28,29,30,31,32,33,34,35,36,37,38,39,40,41,43,45,47,49,51,52,53,55,57,58,59,61,62,71,74,75,77,78,79,81,84,91,98,102]",24,500,0,0,1
"[0,1,2,3,4,5,6,7,8,9,11,12,13,14,15,16,17,18,19,20,21,22,23,24,25,26,28,29,30,31,32,33,34,35,36,37,38,39,40,41,43,45,47,49,51,52,53,55,57,58,59,61,62,71,74,75,77,78,79,81,84,91,98,102]",25,500,3,0.006,1
"[0,1,2,3,4,5,6,7,8,9,11,12,13,14,15,16,17,18,19,20,21,22,23,24,25,26,28,29,30,31,32,33,34,35,36,37,38,39,40,41,43,45,47,49,51,52,53,55,57,58,59,61,62,71,74,75,77,78,79,81,84,91,98,102]",26,500,2,0.004,1
"[0,1,2,3,4,5,6,7,8,9,11,12,13,14,15,16,17,18,19,20,21,22,23,24,25,26,28,29,30,31,32,33,34,35,36,37,38,39,40,41,43,45,47,49,51,52,53,55,57,58,59,61,62,71,74,75,77,78,79,81,84,91,98,102]",28,500,3,0.006,1
"[0,1,2,3,4,5,6,7,8,9,11,12,13,14,15,16,17,18,19,20,21,22,23,24,25,26,28,29,30,31,32,33,34,35,36,37,38,39,40,41,43,45,47,49,51,52,53,55,57,58,59,61,62,71,74,75,77,78,79,81,84,91,98,102]",29,500,0,0,1
"[0,1,2,3,4,5,6,7,8,9,11,12,13,14,15,16,17,18,19,20,21,22,23,24,25,26,28,29,30,31,32,33,34,35,36,37,38,39,40,41,43,45,47,49,51,52,53,55,57,58,59,61,62,71,74,75,77,78,79,81,84,91,98,102]",30,500,0,0,1
"[0,1,2,3,4,5,6,7,8,9,11,12,13,14,15,16,17,18,19,20,21,22,23,24,25,26,28,29,30,31,32,33,34,35,36,37,38,39,40,41,43,45,47,49,51,52,53,55,57,58,59,61,62,71,74,75,77,78,79,81,84,91,98,102]",31,500,11,0.022,1
"[0,1,2,3,4,5,6,7,8,9,11,12,13,14,15,16,17,18,19,20,21,22,23,24,25,26,28,29,30,31,32,33,34,35,36,37,38,39,40,41,43,45,47,49,51,52,53,55,57,58,59,61,62,71,74,75,77,78,79,81,84,91,98,102]",32,500,8,0.016,1
"[0,1,2,3,4,5,6,7,8,9,11,12,13,14,15,16,17,18,19,20,21,22,23,24,25,26,28,29,30,31,32,33,34,35,36,37,38,39,40,41,43,45,47,49,51,52,53,55,57,58,59,61,62,71,74,75,77,78,79,81,84,91,98,102]",33,500,0,0,1
"[0,1,2,3,4,5,6,7,8,9,11,12,13,14,15,16,17,18,19,20,21,22,23,24,25,26,28,29,30,31,32,33,34,35,36,37,38,39,40,41,43,45,47,49,51,52,53,55,57,58,59,61,62,71,74,75,77,78,79,81,84,91,98,102]",34,500,0,0,1
"[0,1,2,3,4,5,6,7,8,9,11,12,13,14,15,16,17,18,19,20,21,22,23,24,25,26,28,29,30,31,32,33,34,35,36,37,38,39,40,41,43,45,47,49,51,52,53,55,57,58,59,61,62,71,74,75,77,78,79,81,84,91,98,102]",35,500,0,0,1
"[0,1,2,3,4,5,6,7,8,9,11,12,13,14,15,16,17,18,19,20,21,22,23,24,25,26,28,29,30,31,32,33,34,35,36,37,38,39,40,41,43,45,47,49,51,52,53,55,57,58,59,61,62,71,74,75,77,78,79,81,84,91,98,102]",36,500,0,0,1
"[0,1,2,3,4,5,6,7,8,9,11,12,13,14,15,16,17,18,19,20,21,22,23,24,25,26,28,29,30,31,32,33,34,35,36,37,38,39,40,41,43,45,47,49,51,52,53,55,57,58,59,61,62,71,74,75,77,78,79,81,84,91,98,102]",37,500,0,0,1
"[0,1,2,3,4,5,6,7,8,9,11,12,13,14,15,16,17,18,19,20,21,22,23,24,25,26,28,29,30,31,32,33,34,35,36,37,38,39,40,41,43,45,47,49,51,52,53,55,57,58,59,61,62,71,74,75,77,78,79,81,84,91,98,102]",38,500,0,0,1
"[0,1,2,3,4,5,6,7,8,9,11,12,13,14,15,16,17,18,19,20,21,22,23,24,25,26,28,29,30,31,32,33,34,35,36,37,38,39,40,41,43,45,47,49,51,52,53,55,57,58,59,61,62,71,74,75,77,78,79,81,84,91,98,102]",39,500,3,0.006,1
"[0,1,2,3,4,5,6,7,8,9,11,12,13,14,15,16,17,18,19,20,21,22,23,24,25,26,28,29,30,31,32,33,34,35,36,37,38,39,40,41,43,45,47,49,51,52,53,55,57,58,59,61,62,71,74,75,77,78,79,81,84,91,98,102]",40,500,0,0,1
"[0,1,2,3,4,5,6,7,8,9,11,12,13,14,15,16,17,18,19,20,21,22,23,24,25,26,28,29,30,31,32,33,34,35,36,37,38,39,40,41,43,45,47,49,51,52,53,55,57,58,59,61,62,71,74,75,77,78,79,81,84,91,98,102]",41,500,0,0,1
"[0,1,2,3,4,5,6,7,8,9,11,12,13,14,15,16,17,18,19,20,21,22,23,24,25,26,28,29,30,31,32,33,34,35,36,37,38,39,40,41,43,45,47,49,51,52,53,55,57,58,59,61,62,71,74,75,77,78,79,81,84,91,98,102]",43,500,9,0.018,1
"[0,1,2,3,4,5,6,7,8,9,11,12,13,14,15,16,17,18,19,20,21,22,23,24,25,26,28,29,30,31,32,33,34,35,36,37,38,39,40,41,43,45,47,49,51,52,53,55,57,58,59,61,62,71,74,75,77,78,79,81,84,91,98,102]",45,500,10,0.02,1
"[0,1,2,3,4,5,6,7,8,9,11,12,13,14,15,16,17,18,19,20,21,22,23,24,25,26,28,29,30,31,32,33,34,35,36,37,38,39,40,41,43,45,47,49,51,52,53,55,57,58,59,61,62,71,74,75,77,78,79,81,84,91,98,102]",47,500,0,0,1
"[0,1,2,3,4,5,6,7,8,9,11,12,13,14,15,16,17,18,19,20,21,22,23,24,25,26,28,29,30,31,32,33,34,35,36,37,38,39,40,41,43,45,47,49,51,52,53,55,57,58,59,61,62,71,74,75,77,78,79,81,84,91,98,102]",49,500,4,0.008,1
"[0,1,2,3,4,5,6,7,8,9,11,12,13,14,15,16,17,18,19,20,21,22,23,24,25,26,28,29,30,31,32,33,34,35,36,37,38,39,40,41,43,45,47,49,51,52,53,55,57,58,59,61,62,71,74,75,77,78,79,81,84,91,98,102]",51,500,11,0.022,1
"[0,1,2,3,4,5,6,7,8,9,11,12,13,14,15,16,17,18,19,20,21,22,23,24,25,26,28,29,30,31,32,33,34,35,36,37,38,39,40,41,43,45,47,49,51,52,53,55,57,58,59,61,62,71,74,75,77,78,79,81,84,91,98,102]",52,500,0,0,1
"[0,1,2,3,4,5,6,7,8,9,11,12,13,14,15,16,17,18,19,20,21,22,23,24,25,26,28,29,30,31,32,33,34,35,36,37,38,39,40,41,43,45,47,49,51,52,53,55,57,58,59,61,62,71,74,75,77,78,79,81,84,91,98,102]",53,500,0,0,1
"[0,1,2,3,4,5,6,7,8,9,11,12,13,14,15,16,17,18,19,20,21,22,23,24,25,26,28,29,30,31,32,33,34,35,36,37,38,39,40,41,43,45,47,49,51,52,53,55,57,58,59,61,62,71,74,75,77,78,79,81,84,91,98,102]",55,500,3,0.006,1
"[0,1,2,3,4,5,6,7,8,9,11,12,13,14,15,16,17,18,19,20,21,22,23,24,25,26,28,29,30,31,32,33,34,35,36,37,38,39,40,41,43,45,47,49,51,52,53,55,57,58,59,61,62,71,74,75,77,78,79,81,84,91,98,102]",57,500,0,0,1
"[0,1,2,3,4,5,6,7,8,9,11,12,13,14,15,16,17,18,19,20,21,22,23,24,25,26,28,29,30,31,32,33,34,35,36,37,38,39,40,41,43,45,47,49,51,52,53,55,57,58,59,61,62,71,74,75,77,78,79,81,84,91,98,102]",58,500,7,0.014,1
"[0,1,2,3,4,5,6,7,8,9,11,12,13,14,15,16,17,18,19,20,21,22,23,24,25,26,28,29,30,31,32,33,34,35,36,37,38,39,40,41,43,45,47,49,51,52,53,55,57,58,59,61,62,71,74,75,77,78,79,81,84,91,98,102]",59,500,1,0.002,1
"[0,1,2,3,4,5,6,7,8,9,11,12,13,14,15,16,17,18,19,20,21,22,23,24,25,26,28,29,30,31,32,33,34,35,36,37,38,39,40,41,43,45,47,49,51,52,53,55,57,58,59,61,62,71,74,75,77,78,79,81,84,91,98,102]",61,500,0,0,1
"[0,1,2,3,4,5,6,7,8,9,11,12,13,14,15,16,17,18,19,20,21,22,23,24,25,26,28,29,30,31,32,33,34,35,36,37,38,39,40,41,43,45,47,49,51,52,53,55,57,58,59,61,62,71,74,75,77,78,79,81,84,91,98,102]",62,500,6,0.012,1
"[0,1,2,3,4,5,6,7,8,9,11,12,13,14,15,16,17,18,19,20,21,22,23,24,25,26,28,29,30,31,32,33,34,35,36,37,38,39,40,41,43,45,47,49,51,52,53,55,57,58,59,61,62,71,74,75,77,78,79,81,84,91,98,102]",71,500,0,0,1
"[0,1,2,3,4,5,6,7,8,9,11,12,13,14,15,16,17,18,19,20,21,22,23,24,25,26,28,29,30,31,32,33,34,35,36,37,38,39,40,41,43,45,47,49,51,52,53,55,57,58,59,61,62,71,74,75,77,78,79,81,84,91,98,102]",74,500,0,0,1
"[0,1,2,3,4,5,6,7,8,9,11,12,13,14,15,16,17,18,19,20,21,22,23,24,25,26,28,29,30,31,32,33,34,35,36,37,38,39,40,41,43,45,47,49,51,52,53,55,57,58,59,61,62,71,74,75,77,78,79,81,84,91,98,102]",75,500,0,0,1
"[0,1,2,3,4,5,6,7,8,9,11,12,13,14,15,16,17,18,19,20,21,22,23,24,25,26,28,29,30,31,32,33,34,35,36,37,38,39,40,41,43,45,47,49,51,52,53,55,57,58,59,61,62,71,74,75,77,78,79,81,84,91,98,102]",77,500,0,0,1
"[0,1,2,3,4,5,6,7,8,9,11,12,13,14,15,16,17,18,19,20,21,22,23,24,25,26,28,29,30,31,32,33,34,35,36,37,38,39,40,41,43,45,47,49,51,52,53,55,57,58,59,61,62,71,74,75,77,78,79,81,84,91,98,102]",78,500,0,0,1
"[0,1,2,3,4,5,6,7,8,9,11,12,13,14,15,16,17,18,19,20,21,22,23,24,25,26,28,29,30,31,32,33,34,35,36,37,38,39,40,41,43,45,47,49,51,52,53,55,57,58,59,61,62,71,74,75,77,78,79,81,84,91,98,102]",79,500,0,0,1
"[0,1,2,3,4,5,6,7,8,9,11,12,13,14,15,16,17,18,19,20,21,22,23,24,25,26,28,29,30,31,32,33,34,35,36,37,38,39,40,41,43,45,47,49,51,52,53,55,57,58,59,61,62,71,74,75,77,78,79,81,84,91,98,102]",81,500,0,0,1
"[0,1,2,3,4,5,6,7,8,9,11,12,13,14,15,16,17,18,19,20,21,22,23,24,25,26,28,29,30,31,32,33,34,35,36,37,38,39,40,41,43,45,47,49,51,52,53,55,57,58,59,61,62,71,74,75,77,78,79,81,84,91,98,102]",84,500,0,0,1
"[0,1,2,3,4,5,6,7,8,9,11,12,13,14,15,16,17,18,19,20,21,22,23,24,25,26,28,29,30,31,32,33,34,35,36,37,38,39,40,41,43,45,47,49,51,52,53,55,57,58,59,61,62,71,74,75,77,78,79,81,84,91,98,102]",91,500,0,0,1
"[0,1,2,3,4,5,6,7,8,9,11,12,13,14,15,16,17,18,19,20,21,22,23,24,25,26,28,29,30,31,32,33,34,35,36,37,38,39,40,41,43,45,47,49,51,52,53,55,57,58,59,61,62,71,74,75,77,78,79,81,84,91,98,102]",98,500,4,0.008,1
"[0,1,2,3,4,5,6,7,8,9,11,12,13,14,15,16,17,18,19,20,21,22,23,24,25,26,28,29,30,31,32,33,34,35,36,37,38,39,40,41,43,45,47,49,51,52,53,55,57,58,59,61,62,71,74,75,77,78,79,81,84,91,98,102]",102,500,0,0,1
"[0,1,2,3,4,5,6,7,8,9,11,12,13,14,15,16,17,18,19,21,22,23,24,25,29,30,32,33,34,35,36,37,40,41,42,44,46,47,48,50,53,54,57,58,60,61,62,66,71,72,74,75,77,78,81,84,92,96,97]",0,8967,388,0.0432697669231627,13
"[0,1,2,3,4,5,6,7,8,9,11,12,13,14,15,16,17,18,19,21,22,23,24,25,29,30,32,33,34,35,36,37,40,41,42,44,46,47,48,50,53,54,57,58,60,61,62,66,71,72,74,75,77,78,81,84,92,96,97]",1,8967,219,0.0244228839076614,13
"[0,1,2,3,4,5,6,7,8,9,11,12,13,14,15,16,17,18,19,21,22,23,24,25,29,30,32,33,34,35,36,37,40,41,42,44,46,47,48,50,53,54,57,58,60,61,62,66,71,72,74,75,77,78,81,84,92,96,97]",2,8967,1594,0.177762908442065,13
"[0,1,2,3,4,5,6,7,8,9,11,12,13,14,15,16,17,18,19,21,22,23,24,25,29,30,32,33,34,35,36,37,40,41,42,44,46,47,48,50,53,54,57,58,60,61,62,66,71,72,74,75,77,78,81,84,92,96,97]",3,8967,93,0.0103713616594179,13
"[0,1,2,3,4,5,6,7,8,9,11,12,13,14,15,16,17,18,19,21,22,23,24,25,29,30,32,33,34,35,36,37,40,41,42,44,46,47,48,50,53,54,57,58,60,61,62,66,71,72,74,75,77,78,81,84,92,96,97]",4,8967,24,0.00267648042823687,13
"[0,1,2,3,4,5,6,7,8,9,11,12,13,14,15,16,17,18,19,21,22,23,24,25,29,30,32,33,34,35,36,37,40,41,42,44,46,47,48,50,53,54,57,58,60,61,62,66,71,72,74,75,77,78,81,84,92,96,97]",5,8967,1414,0.157689305230289,13
"[0,1,2,3,4,5,6,7,8,9,11,12,13,14,15,16,17,18,19,21,22,23,24,25,29,30,32,33,34,35,36,37,40,41,42,44,46,47,48,50,53,54,57,58,60,61,62,66,71,72,74,75,77,78,81,84,92,96,97]",6,8967,1697,0.189249470279915,13
"[0,1,2,3,4,5,6,7,8,9,11,12,13,14,15,16,17,18,19,21,22,23,24,25,29,30,32,33,34,35,36,37,40,41,42,44,46,47,48,50,53,54,57,58,60,61,62,66,71,72,74,75,77,78,81,84,92,96,97]",7,8967,172,0.0191814430690309,13
"[0,1,2,3,4,5,6,7,8,9,11,12,13,14,15,16,17,18,19,21,22,23,24,25,29,30,32,33,34,35,36,37,40,41,42,44,46,47,48,50,53,54,57,58,60,61,62,66,71,72,74,75,77,78,81,84,92,96,97]",8,8967,8,0.000892160142745623,13
"[0,1,2,3,4,5,6,7,8,9,11,12,13,14,15,16,17,18,19,21,22,23,24,25,29,30,32,33,34,35,36,37,40,41,42,44,46,47,48,50,53,54,57,58,60,61,62,66,71,72,74,75,77,78,81,84,92,96,97]",9,8967,356,0.0397011263521802,13
"[0,1,2,3,4,5,6,7,8,9,11,12,13,14,15,16,17,18,19,21,22,23,24,25,29,30,32,33,34,35,36,37,40,41,42,44,46,47,48,50,53,54,57,58,60,61,62,66,71,72,74,75,77,78,81,84,92,96,97]",11,8967,16,0.00178432028549125,13
"[0,1,2,3,4,5,6,7,8,9,11,12,13,14,15,16,17,18,19,21,22,23,24,25,29,30,32,33,34,35,36,37,40,41,42,44,46,47,48,50,53,54,57,58,60,61,62,66,71,72,74,75,77,78,81,84,92,96,97]",12,8967,0,0,13
"[0,1,2,3,4,5,6,7,8,9,11,12,13,14,15,16,17,18,19,21,22,23,24,25,29,30,32,33,34,35,36,37,40,41,42,44,46,47,48,50,53,54,57,58,60,61,62,66,71,72,74,75,77,78,81,84,92,96,97]",13,8967,0,0,13
"[0,1,2,3,4,5,6,7,8,9,11,12,13,14,15,16,17,18,19,21,22,23,24,25,29,30,32,33,34,35,36,37,40,41,42,44,46,47,48,50,53,54,57,58,60,61,62,66,71,72,74,75,77,78,81,84,92,96,97]",14,8967,189,0.0210772833723653,13
"[0,1,2,3,4,5,6,7,8,9,11,12,13,14,15,16,17,18,19,21,22,23,24,25,29,30,32,33,34,35,36,37,40,41,42,44,46,47,48,50,53,54,57,58,60,61,62,66,71,72,74,75,77,78,81,84,92,96,97]",15,8967,171,0.0190699230511877,13
"[0,1,2,3,4,5,6,7,8,9,11,12,13,14,15,16,17,18,19,21,22,23,24,25,29,30,32,33,34,35,36,37,40,41,42,44,46,47,48,50,53,54,57,58,60,61,62,66,71,72,74,75,77,78,81,84,92,96,97]",16,8967,56,0.00624512099921936,13
"[0,1,2,3,4,5,6,7,8,9,11,12,13,14,15,16,17,18,19,21,22,23,24,25,29,30,32,33,34,35,36,37,40,41,42,44,46,47,48,50,53,54,57,58,60,61,62,66,71,72,74,75,77,78,81,84,92,96,97]",17,8967,41,0.00457232073157132,13
"[0,1,2,3,4,5,6,7,8,9,11,12,13,14,15,16,17,18,19,21,22,23,24,25,29,30,32,33,34,35,36,37,40,41,42,44,46,47,48,50,53,54,57,58,60,61,62,66,71,72,74,75,77,78,81,84,92,96,97]",18,8967,3,0.000334560053529609,13
"[0,1,2,3,4,5,6,7,8,9,11,12,13,14,15,16,17,18,19,21,22,23,24,25,29,30,32,33,34,35,36,37,40,41,42,44,46,47,48,50,53,54,57,58,60,61,62,66,71,72,74,75,77,78,81,84,92,96,97]",19,8967,0,0,13
"[0,1,2,3,4,5,6,7,8,9,11,12,13,14,15,16,17,18,19,21,22,23,24,25,29,30,32,33,34,35,36,37,40,41,42,44,46,47,48,50,53,54,57,58,60,61,62,66,71,72,74,75,77,78,81,84,92,96,97]",21,8967,350,0.039032006245121,13
"[0,1,2,3,4,5,6,7,8,9,11,12,13,14,15,16,17,18,19,21,22,23,24,25,29,30,32,33,34,35,36,37,40,41,42,44,46,47,48,50,53,54,57,58,60,61,62,66,71,72,74,75,77,78,81,84,92,96,97]",22,8967,88,0.00981376157020185,13
"[0,1,2,3,4,5,6,7,8,9,11,12,13,14,15,16,17,18,19,21,22,23,24,25,29,30,32,33,34,35,36,37,40,41,42,44,46,47,48,50,53,54,57,58,60,61,62,66,71,72,74,75,77,78,81,84,92,96,97]",23,8967,23,0.00256496041039367,13
"[0,1,2,3,4,5,6,7,8,9,11,12,13,14,15,16,17,18,19,21,22,23,24,25,29,30,32,33,34,35,36,37,40,41,42,44,46,47,48,50,53,54,57,58,60,61,62,66,71,72,74,75,77,78,81,84,92,96,97]",24,8967,4,0.000446080071372811,13
"[0,1,2,3,4,5,6,7,8,9,11,12,13,14,15,16,17,18,19,21,22,23,24,25,29,30,32,33,34,35,36,37,40,41,42,44,46,47,48,50,53,54,57,58,60,61,62,66,71,72,74,75,77,78,81,84,92,96,97]",25,8967,105,0.0117096018735363,13
"[0,1,2,3,4,5,6,7,8,9,11,12,13,14,15,16,17,18,19,21,22,23,24,25,29,30,32,33,34,35,36,37,40,41,42,44,46,47,48,50,53,54,57,58,60,61,62,66,71,72,74,75,77,78,81,84,92,96,97]",29,8967,21,0.00234192037470726,13
"[0,1,2,3,4,5,6,7,8,9,11,12,13,14,15,16,17,18,19,21,22,23,24,25,29,30,32,33,34,35,36,37,40,41,42,44,46,47,48,50,53,54,57,58,60,61,62,66,71,72,74,75,77,78,81,84,92,96,97]",30,8967,13,0.00144976023196164,13
"[0,1,2,3,4,5,6,7,8,9,11,12,13,14,15,16,17,18,19,21,22,23,24,25,29,30,32,33,34,35,36,37,40,41,42,44,46,47,48,50,53,54,57,58,60,61,62,66,71,72,74,75,77,78,81,84,92,96,97]",32,8967,137,0.0152782424445188,13
"[0,1,2,3,4,5,6,7,8,9,11,12,13,14,15,16,17,18,19,21,22,23,24,25,29,30,32,33,34,35,36,37,40,41,42,44,46,47,48,50,53,54,57,58,60,61,62,66,71,72,74,75,77,78,81,84,92,96,97]",33,8967,21,0.00234192037470726,13
"[0,1,2,3,4,5,6,7,8,9,11,12,13,14,15,16,17,18,19,21,22,23,24,25,29,30,32,33,34,35,36,37,40,41,42,44,46,47,48,50,53,54,57,58,60,61,62,66,71,72,74,75,77,78,81,84,92,96,97]",34,8967,311,0.0346827255492361,13
"[0,1,2,3,4,5,6,7,8,9,11,12,13,14,15,16,17,18,19,21,22,23,24,25,29,30,32,33,34,35,36,37,40,41,42,44,46,47,48,50,53,54,57,58,60,61,62,66,71,72,74,75,77,78,81,84,92,96,97]",35,8967,25,0.00278800044608007,13
"[0,1,2,3,4,5,6,7,8,9,11,12,13,14,15,16,17,18,19,21,22,23,24,25,29,30,32,33,34,35,36,37,40,41,42,44,46,47,48,50,53,54,57,58,60,61,62,66,71,72,74,75,77,78,81,84,92,96,97]",36,8967,328,0.0365785658525705,13
"[0,1,2,3,4,5,6,7,8,9,11,12,13,14,15,16,17,18,19,21,22,23,24,25,29,30,32,33,34,35,36,37,40,41,42,44,46,47,48,50,53,54,57,58,60,61,62,66,71,72,74,75,77,78,81,84,92,96,97]",37,8967,4,0.000446080071372811,13
"[0,1,2,3,4,5,6,7,8,9,11,12,13,14,15,16,17,18,19,21,22,23,24,25,29,30,32,33,34,35,36,37,40,41,42,44,46,47,48,50,53,54,57,58,60,61,62,66,71,72,74,75,77,78,81,84,92,96,97]",40,8967,3,0.000334560053529609,13
"[0,1,2,3,4,5,6,7,8,9,11,12,13,14,15,16,17,18,19,21,22,23,24,25,29,30,32,33,34,35,36,37,40,41,42,44,46,47,48,50,53,54,57,58,60,61,62,66,71,72,74,75,77,78,81,84,92,96,97]",41,8967,1,0.000111520017843203,13
"[0,1,2,3,4,5,6,7,8,9,11,12,13,14,15,16,17,18,19,21,22,23,24,25,29,30,32,33,34,35,36,37,40,41,42,44,46,47,48,50,53,54,57,58,60,61,62,66,71,72,74,75,77,78,81,84,92,96,97]",42,8967,0,0,13
"[0,1,2,3,4,5,6,7,8,9,11,12,13,14,15,16,17,18,19,21,22,23,24,25,29,30,32,33,34,35,36,37,40,41,42,44,46,47,48,50,53,54,57,58,60,61,62,66,71,72,74,75,77,78,81,84,92,96,97]",44,8967,0,0,13
"[0,1,2,3,4,5,6,7,8,9,11,12,13,14,15,16,17,18,19,21,22,23,24,25,29,30,32,33,34,35,36,37,40,41,42,44,46,47,48,50,53,54,57,58,60,61,62,66,71,72,74,75,77,78,81,84,92,96,97]",46,8967,0,0,13
"[0,1,2,3,4,5,6,7,8,9,11,12,13,14,15,16,17,18,19,21,22,23,24,25,29,30,32,33,34,35,36,37,40,41,42,44,46,47,48,50,53,54,57,58,60,61,62,66,71,72,74,75,77,78,81,84,92,96,97]",47,8967,49,0.00546448087431694,13
"[0,1,2,3,4,5,6,7,8,9,11,12,13,14,15,16,17,18,19,21,22,23,24,25,29,30,32,33,34,35,36,37,40,41,42,44,46,47,48,50,53,54,57,58,60,61,62,66,71,72,74,75,77,78,81,84,92,96,97]",48,8967,0,0,13
"[0,1,2,3,4,5,6,7,8,9,11,12,13,14,15,16,17,18,19,21,22,23,24,25,29,30,32,33,34,35,36,37,40,41,42,44,46,47,48,50,53,54,57,58,60,61,62,66,71,72,74,75,77,78,81,84,92,96,97]",50,8967,0,0,13
"[0,1,2,3,4,5,6,7,8,9,11,12,13,14,15,16,17,18,19,21,22,23,24,25,29,30,32,33,34,35,36,37,40,41,42,44,46,47,48,50,53,54,57,58,60,61,62,66,71,72,74,75,77,78,81,84,92,96,97]",53,8967,60,0.00669120107059217,13
"[0,1,2,3,4,5,6,7,8,9,11,12,13,14,15,16,17,18,19,21,22,23,24,25,29,30,32,33,34,35,36,37,40,41,42,44,46,47,48,50,53,54,57,58,60,61,62,66,71,72,74,75,77,78,81,84,92,96,97]",54,8967,0,0,13
"[0,1,2,3,4,5,6,7,8,9,11,12,13,14,15,16,17,18,19,21,22,23,24,25,29,30,32,33,34,35,36,37,40,41,42,44,46,47,48,50,53,54,57,58,60,61,62,66,71,72,74,75,77,78,81,84,92,96,97]",57,8967,233,0.0259841641574663,13
"[0,1,2,3,4,5,6,7,8,9,11,12,13,14,15,16,17,18,19,21,22,23,24,25,29,30,32,33,34,35,36,37,40,41,42,44,46,47,48,50,53,54,57,58,60,61,62,66,71,72,74,75,77,78,81,84,92,96,97]",58,8967,489,0.0545332887253262,13
"[0,1,2,3,4,5,6,7,8,9,11,12,13,14,15,16,17,18,19,21,22,23,24,25,29,30,32,33,34,35,36,37,40,41,42,44,46,47,48,50,53,54,57,58,60,61,62,66,71,72,74,75,77,78,81,84,92,96,97]",60,8967,0,0,13
"[0,1,2,3,4,5,6,7,8,9,11,12,13,14,15,16,17,18,19,21,22,23,24,25,29,30,32,33,34,35,36,37,40,41,42,44,46,47,48,50,53,54,57,58,60,61,62,66,71,72,74,75,77,78,81,84,92,96,97]",61,8967,42,0.00468384074941452,13
"[0,1,2,3,4,5,6,7,8,9,11,12,13,14,15,16,17,18,19,21,22,23,24,25,29,30,32,33,34,35,36,37,40,41,42,44,46,47,48,50,53,54,57,58,60,61,62,66,71,72,74,75,77,78,81,84,92,96,97]",62,8967,81,0.00903312144529943,13
"[0,1,2,3,4,5,6,7,8,9,11,12,13,14,15,16,17,18,19,21,22,23,24,25,29,30,32,33,34,35,36,37,40,41,42,44,46,47,48,50,53,54,57,58,60,61,62,66,71,72,74,75,77,78,81,84,92,96,97]",66,8967,0,0,13
"[0,1,2,3,4,5,6,7,8,9,11,12,13,14,15,16,17,18,19,21,22,23,24,25,29,30,32,33,34,35,36,37,40,41,42,44,46,47,48,50,53,54,57,58,60,61,62,66,71,72,74,75,77,78,81,84,92,96,97]",71,8967,61,0.00680272108843537,13
"[0,1,2,3,4,5,6,7,8,9,11,12,13,14,15,16,17,18,19,21,22,23,24,25,29,30,32,33,34,35,36,37,40,41,42,44,46,47,48,50,53,54,57,58,60,61,62,66,71,72,74,75,77,78,81,84,92,96,97]",72,8967,0,0,13
"[0,1,2,3,4,5,6,7,8,9,11,12,13,14,15,16,17,18,19,21,22,23,24,25,29,30,32,33,34,35,36,37,40,41,42,44,46,47,48,50,53,54,57,58,60,61,62,66,71,72,74,75,77,78,81,84,92,96,97]",74,8967,23,0.00256496041039367,13
"[0,1,2,3,4,5,6,7,8,9,11,12,13,14,15,16,17,18,19,21,22,23,24,25,29,30,32,33,34,35,36,37,40,41,42,44,46,47,48,50,53,54,57,58,60,61,62,66,71,72,74,75,77,78,81,84,92,96,97]",75,8967,24,0.00267648042823687,13
"[0,1,2,3,4,5,6,7,8,9,11,12,13,14,15,16,17,18,19,21,22,23,24,25,29,30,32,33,34,35,36,37,40,41,42,44,46,47,48,50,53,54,57,58,60,61,62,66,71,72,74,75,77,78,81,84,92,96,97]",77,8967,16,0.00178432028549125,13
"[0,1,2,3,4,5,6,7,8,9,11,12,13,14,15,16,17,18,19,21,22,23,24,25,29,30,32,33,34,35,36,37,40,41,42,44,46,47,48,50,53,54,57,58,60,61,62,66,71,72,74,75,77,78,81,84,92,96,97]",78,8967,13,0.00144976023196164,13
"[0,1,2,3,4,5,6,7,8,9,11,12,13,14,15,16,17,18,19,21,22,23,24,25,29,30,32,33,34,35,36,37,40,41,42,44,46,47,48,50,53,54,57,58,60,61,62,66,71,72,74,75,77,78,81,84,92,96,97]",81,8967,1,0.000111520017843203,13
"[0,1,2,3,4,5,6,7,8,9,11,12,13,14,15,16,17,18,19,21,22,23,24,25,29,30,32,33,34,35,36,37,40,41,42,44,46,47,48,50,53,54,57,58,60,61,62,66,71,72,74,75,77,78,81,84,92,96,97]",84,8967,0,0,13
"[0,1,2,3,4,5,6,7,8,9,11,12,13,14,15,16,17,18,19,21,22,23,24,25,29,30,32,33,34,35,36,37,40,41,42,44,46,47,48,50,53,54,57,58,60,61,62,66,71,72,74,75,77,78,81,84,92,96,97]",92,8967,0,0,13
"[0,1,2,3,4,5,6,7,8,9,11,12,13,14,15,16,17,18,19,21,22,23,24,25,29,30,32,33,34,35,36,37,40,41,42,44,46,47,48,50,53,54,57,58,60,61,62,66,71,72,74,75,77,78,81,84,92,96,97]",96,8967,0,0,13
"[0,1,2,3,4,5,6,7,8,9,11,12,13,14,15,16,17,18,19,21,22,23,24,25,29,30,32,33,34,35,36,37,40,41,42,44,46,47,48,50,53,54,57,58,60,61,62,66,71,72,74,75,77,78,81,84,92,96,97]",97,8967,0,0,13
"[0,1,2,3,4,5,6,7,8,9,11,12,13,14,15,16,17,18,20,21,22,23,24,25,26,28,29,30,31,32,33,34,35,36,37,38,40,41,42,44,46,47,48,50,53,54,57,58,60,61,62,71,74,75,77,78,79,81,84,92,96,97]",0,5732,245,0.0427424982554082,9
"[0,1,2,3,4,5,6,7,8,9,11,12,13,14,15,16,17,18,20,21,22,23,24,25,26,28,29,30,31,32,33,34,35,36,37,38,40,41,42,44,46,47,48,50,53,54,57,58,60,61,62,71,74,75,77,78,79,81,84,92,96,97]",1,5732,170,0.0296580600139567,9
"[0,1,2,3,4,5,6,7,8,9,11,12,13,14,15,16,17,18,20,21,22,23,24,25,26,28,29,30,31,32,33,34,35,36,37,38,40,41,42,44,46,47,48,50,53,54,57,58,60,61,62,71,74,75,77,78,79,81,84,92,96,97]",2,5732,1079,0.188241451500349,9
"[0,1,2,3,4,5,6,7,8,9,11,12,13,14,15,16,17,18,20,21,22,23,24,25,26,28,29,30,31,32,33,34,35,36,37,38,40,41,42,44,46,47,48,50,53,54,57,58,60,61,62,71,74,75,77,78,79,81,84,92,96,97]",3,5732,45,0.0078506629448709,9
"[0,1,2,3,4,5,6,7,8,9,11,12,13,14,15,16,17,18,20,21,22,23,24,25,26,28,29,30,31,32,33,34,35,36,37,38,40,41,42,44,46,47,48,50,53,54,57,58,60,61,62,71,74,75,77,78,79,81,84,92,96,97]",4,5732,0,0,9
"[0,1,2,3,4,5,6,7,8,9,11,12,13,14,15,16,17,18,20,21,22,23,24,25,26,28,29,30,31,32,33,34,35,36,37,38,40,41,42,44,46,47,48,50,53,54,57,58,60,61,62,71,74,75,77,78,79,81,84,92,96,97]",5,5732,934,0.162944870900209,9
"[0,1,2,3,4,5,6,7,8,9,11,12,13,14,15,16,17,18,20,21,22,23,24,25,26,28,29,30,31,32,33,34,35,36,37,38,40,41,42,44,46,47,48,50,53,54,57,58,60,61,62,71,74,75,77,78,79,81,84,92,96,97]",6,5732,947,0.165212840195394,9
"[0,1,2,3,4,5,6,7,8,9,11,12,13,14,15,16,17,18,20,21,22,23,24,25,26,28,29,30,31,32,33,34,35,36,37,38,40,41,42,44,46,47,48,50,53,54,57,58,60,61,62,71,74,75,77,78,79,81,84,92,96,97]",7,5732,103,0.0179692951849267,9
"[0,1,2,3,4,5,6,7,8,9,11,12,13,14,15,16,17,18,20,21,22,23,24,25,26,28,29,30,31,32,33,34,35,36,37,38,40,41,42,44,46,47,48,50,53,54,57,58,60,61,62,71,74,75,77,78,79,81,84,92,96,97]",8,5732,0,0,9
"[0,1,2,3,4,5,6,7,8,9,11,12,13,14,15,16,17,18,20,21,22,23,24,25,26,28,29,30,31,32,33,34,35,36,37,38,40,41,42,44,46,47,48,50,53,54,57,58,60,61,62,71,74,75,77,78,79,81,84,92,96,97]",9,5732,281,0.049023028611305,9
"[0,1,2,3,4,5,6,7,8,9,11,12,13,14,15,16,17,18,20,21,22,23,24,25,26,28,29,30,31,32,33,34,35,36,37,38,40,41,42,44,46,47,48,50,53,54,57,58,60,61,62,71,74,75,77,78,79,81,84,92,96,97]",11,5732,3,0.00052337752965806,9
"[0,1,2,3,4,5,6,7,8,9,11,12,13,14,15,16,17,18,20,21,22,23,24,25,26,28,29,30,31,32,33,34,35,36,37,38,40,41,42,44,46,47,48,50,53,54,57,58,60,61,62,71,74,75,77,78,79,81,84,92,96,97]",12,5732,0,0,9
"[0,1,2,3,4,5,6,7,8,9,11,12,13,14,15,16,17,18,20,21,22,23,24,25,26,28,29,30,31,32,33,34,35,36,37,38,40,41,42,44,46,47,48,50,53,54,57,58,60,61,62,71,74,75,77,78,79,81,84,92,96,97]",13,5732,35,0.00610607117934403,9
"[0,1,2,3,4,5,6,7,8,9,11,12,13,14,15,16,17,18,20,21,22,23,24,25,26,28,29,30,31,32,33,34,35,36,37,38,40,41,42,44,46,47,48,50,53,54,57,58,60,61,62,71,74,75,77,78,79,81,84,92,96,97]",14,5732,86,0.0150034891835311,9
"[0,1,2,3,4,5,6,7,8,9,11,12,13,14,15,16,17,18,20,21,22,23,24,25,26,28,29,30,31,32,33,34,35,36,37,38,40,41,42,44,46,47,48,50,53,54,57,58,60,61,62,71,74,75,77,78,79,81,84,92,96,97]",15,5732,27,0.00471039776692254,9
"[0,1,2,3,4,5,6,7,8,9,11,12,13,14,15,16,17,18,20,21,22,23,24,25,26,28,29,30,31,32,33,34,35,36,37,38,40,41,42,44,46,47,48,50,53,54,57,58,60,61,62,71,74,75,77,78,79,81,84,92,96,97]",16,5732,60,0.0104675505931612,9
"[0,1,2,3,4,5,6,7,8,9,11,12,13,14,15,16,17,18,20,21,22,23,24,25,26,28,29,30,31,32,33,34,35,36,37,38,40,41,42,44,46,47,48,50,53,54,57,58,60,61,62,71,74,75,77,78,79,81,84,92,96,97]",17,5732,12,0.00209351011863224,9
"[0,1,2,3,4,5,6,7,8,9,11,12,13,14,15,16,17,18,20,21,22,23,24,25,26,28,29,30,31,32,33,34,35,36,37,38,40,41,42,44,46,47,48,50,53,54,57,58,60,61,62,71,74,75,77,78,79,81,84,92,96,97]",18,5732,8,0.00139567341242149,9
"[0,1,2,3,4,5,6,7,8,9,11,12,13,14,15,16,17,18,20,21,22,23,24,25,26,28,29,30,31,32,33,34,35,36,37,38,40,41,42,44,46,47,48,50,53,54,57,58,60,61,62,71,74,75,77,78,79,81,84,92,96,97]",20,5732,5,0.000872295882763433,9
"[0,1,2,3,4,5,6,7,8,9,11,12,13,14,15,16,17,18,20,21,22,23,24,25,26,28,29,30,31,32,33,34,35,36,37,38,40,41,42,44,46,47,48,50,53,54,57,58,60,61,62,71,74,75,77,78,79,81,84,92,96,97]",21,5732,560,0.0976971388695045,9
"[0,1,2,3,4,5,6,7,8,9,11,12,13,14,15,16,17,18,20,21,22,23,24,25,26,28,29,30,31,32,33,34,35,36,37,38,40,41,42,44,46,47,48,50,53,54,57,58,60,61,62,71,74,75,77,78,79,81,84,92,96,97]",22,5732,0,0,9
"[0,1,2,3,4,5,6,7,8,9,11,12,13,14,15,16,17,18,20,21,22,23,24,25,26,28,29,30,31,32,33,34,35,36,37,38,40,41,42,44,46,47,48,50,53,54,57,58,60,61,62,71,74,75,77,78,79,81,84,92,96,97]",23,5732,36,0.00628053035589672,9
"[0,1,2,3,4,5,6,7,8,9,11,12,13,14,15,16,17,18,20,21,22,23,24,25,26,28,29,30,31,32,33,34,35,36,37,38,40,41,42,44,46,47,48,50,53,54,57,58,60,61,62,71,74,75,77,78,79,81,84,92,96,97]",24,5732,0,0,9
"[0,1,2,3,4,5,6,7,8,9,11,12,13,14,15,16,17,18,20,21,22,23,24,25,26,28,29,30,31,32,33,34,35,36,37,38,40,41,42,44,46,47,48,50,53,54,57,58,60,61,62,71,74,75,77,78,79,81,84,92,96,97]",25,5732,299,0.0521632937892533,9
"[0,1,2,3,4,5,6,7,8,9,11,12,13,14,15,16,17,18,20,21,22,23,24,25,26,28,29,30,31,32,33,34,35,36,37,38,40,41,42,44,46,47,48,50,53,54,57,58,60,61,62,71,74,75,77,78,79,81,84,92,96,97]",26,5732,9,0.00157013258897418,9
"[0,1,2,3,4,5,6,7,8,9,11,12,13,14,15,16,17,18,20,21,22,23,24,25,26,28,29,30,31,32,33,34,35,36,37,38,40,41,42,44,46,47,48,50,53,54,57,58,60,61,62,71,74,75,77,78,79,81,84,92,96,97]",28,5732,151,0.0263433356594557,9
"[0,1,2,3,4,5,6,7,8,9,11,12,13,14,15,16,17,18,20,21,22,23,24,25,26,28,29,30,31,32,33,34,35,36,37,38,40,41,42,44,46,47,48,50,53,54,57,58,60,61,62,71,74,75,77,78,79,81,84,92,96,97]",29,5732,0,0,9
"[0,1,2,3,4,5,6,7,8,9,11,12,13,14,15,16,17,18,20,21,22,23,24,25,26,28,29,30,31,32,33,34,35,36,37,38,40,41,42,44,46,47,48,50,53,54,57,58,60,61,62,71,74,75,77,78,79,81,84,92,96,97]",30,5732,0,0,9
"[0,1,2,3,4,5,6,7,8,9,11,12,13,14,15,16,17,18,20,21,22,23,24,25,26,28,29,30,31,32,33,34,35,36,37,38,40,41,42,44,46,47,48,50,53,54,57,58,60,61,62,71,74,75,77,78,79,81,84,92,96,97]",31,5732,46,0.00802512212142359,9
"[0,1,2,3,4,5,6,7,8,9,11,12,13,14,15,16,17,18,20,21,22,23,24,25,26,28,29,30,31,32,33,34,35,36,37,38,40,41,42,44,46,47,48,50,53,54,57,58,60,61,62,71,74,75,77,78,79,81,84,92,96,97]",32,5732,51,0.00889741800418702,9
"[0,1,2,3,4,5,6,7,8,9,11,12,13,14,15,16,17,18,20,21,22,23,24,25,26,28,29,30,31,32,33,34,35,36,37,38,40,41,42,44,46,47,48,50,53,54,57,58,60,61,62,71,74,75,77,78,79,81,84,92,96,97]",33,5732,0,0,9
"[0,1,2,3,4,5,6,7,8,9,11,12,13,14,15,16,17,18,20,21,22,23,24,25,26,28,29,30,31,32,33,34,35,36,37,38,40,41,42,44,46,47,48,50,53,54,57,58,60,61,62,71,74,75,77,78,79,81,84,92,96,97]",34,5732,0,0,9
"[0,1,2,3,4,5,6,7,8,9,11,12,13,14,15,16,17,18,20,21,22,23,24,25,26,28,29,30,31,32,33,34,35,36,37,38,40,41,42,44,46,47,48,50,53,54,57,58,60,61,62,71,74,75,77,78,79,81,84,92,96,97]",35,5732,0,0,9
"[0,1,2,3,4,5,6,7,8,9,11,12,13,14,15,16,17,18,20,21,22,23,24,25,26,28,29,30,31,32,33,34,35,36,37,38,40,41,42,44,46,47,48,50,53,54,57,58,60,61,62,71,74,75,77,78,79,81,84,92,96,97]",36,5732,146,0.0254710397766923,9
"[0,1,2,3,4,5,6,7,8,9,11,12,13,14,15,16,17,18,20,21,22,23,24,25,26,28,29,30,31,32,33,34,35,36,37,38,40,41,42,44,46,47,48,50,53,54,57,58,60,61,62,71,74,75,77,78,79,81,84,92,96,97]",37,5732,0,0,9
"[0,1,2,3,4,5,6,7,8,9,11,12,13,14,15,16,17,18,20,21,22,23,24,25,26,28,29,30,31,32,33,34,35,36,37,38,40,41,42,44,46,47,48,50,53,54,57,58,60,61,62,71,74,75,77,78,79,81,84,92,96,97]",38,5732,9,0.00157013258897418,9
"[0,1,2,3,4,5,6,7,8,9,11,12,13,14,15,16,17,18,20,21,22,23,24,25,26,28,29,30,31,32,33,34,35,36,37,38,40,41,42,44,46,47,48,50,53,54,57,58,60,61,62,71,74,75,77,78,79,81,84,92,96,97]",40,5732,0,0,9
"[0,1,2,3,4,5,6,7,8,9,11,12,13,14,15,16,17,18,20,21,22,23,24,25,26,28,29,30,31,32,33,34,35,36,37,38,40,41,42,44,46,47,48,50,53,54,57,58,60,61,62,71,74,75,77,78,79,81,84,92,96,97]",41,5732,5,0.000872295882763433,9
"[0,1,2,3,4,5,6,7,8,9,11,12,13,14,15,16,17,18,20,21,22,23,24,25,26,28,29,30,31,32,33,34,35,36,37,38,40,41,42,44,46,47,48,50,53,54,57,58,60,61,62,71,74,75,77,78,79,81,84,92,96,97]",42,5732,0,0,9
"[0,1,2,3,4,5,6,7,8,9,11,12,13,14,15,16,17,18,20,21,22,23,24,25,26,28,29,30,31,32,33,34,35,36,37,38,40,41,42,44,46,47,48,50,53,54,57,58,60,61,62,71,74,75,77,78,79,81,84,92,96,97]",44,5732,0,0,9
"[0,1,2,3,4,5,6,7,8,9,11,12,13,14,15,16,17,18,20,21,22,23,24,25,26,28,29,30,31,32,33,34,35,36,37,38,40,41,42,44,46,47,48,50,53,54,57,58,60,61,62,71,74,75,77,78,79,81,84,92,96,97]",46,5732,0,0,9
"[0,1,2,3,4,5,6,7,8,9,11,12,13,14,15,16,17,18,20,21,22,23,24,25,26,28,29,30,31,32,33,34,35,36,37,38,40,41,42,44,46,47,48,50,53,54,57,58,60,61,62,71,74,75,77,78,79,81,84,92,96,97]",47,5732,19,0.00331472435450105,9
"[0,1,2,3,4,5,6,7,8,9,11,12,13,14,15,16,17,18,20,21,22,23,24,25,26,28,29,30,31,32,33,34,35,36,37,38,40,41,42,44,46,47,48,50,53,54,57,58,60,61,62,71,74,75,77,78,79,81,84,92,96,97]",48,5732,0,0,9
"[0,1,2,3,4,5,6,7,8,9,11,12,13,14,15,16,17,18,20,21,22,23,24,25,26,28,29,30,31,32,33,34,35,36,37,38,40,41,42,44,46,47,48,50,53,54,57,58,60,61,62,71,74,75,77,78,79,81,84,92,96,97]",50,5732,0,0,9
"[0,1,2,3,4,5,6,7,8,9,11,12,13,14,15,16,17,18,20,21,22,23,24,25,26,28,29,30,31,32,33,34,35,36,37,38,40,41,42,44,46,47,48,50,53,54,57,58,60,61,62,71,74,75,77,78,79,81,84,92,96,97]",53,5732,27,0.00471039776692254,9
"[0,1,2,3,4,5,6,7,8,9,11,12,13,14,15,16,17,18,20,21,22,23,24,25,26,28,29,30,31,32,33,34,35,36,37,38,40,41,42,44,46,47,48,50,53,54,57,58,60,61,62,71,74,75,77,78,79,81,84,92,96,97]",54,5732,0,0,9
"[0,1,2,3,4,5,6,7,8,9,11,12,13,14,15,16,17,18,20,21,22,23,24,25,26,28,29,30,31,32,33,34,35,36,37,38,40,41,42,44,46,47,48,50,53,54,57,58,60,61,62,71,74,75,77,78,79,81,84,92,96,97]",57,5732,1,0.000174459176552687,9
"[0,1,2,3,4,5,6,7,8,9,11,12,13,14,15,16,17,18,20,21,22,23,24,25,26,28,29,30,31,32,33,34,35,36,37,38,40,41,42,44,46,47,48,50,53,54,57,58,60,61,62,71,74,75,77,78,79,81,84,92,96,97]",58,5732,210,0.0366364270760642,9
"[0,1,2,3,4,5,6,7,8,9,11,12,13,14,15,16,17,18,20,21,22,23,24,25,26,28,29,30,31,32,33,34,35,36,37,38,40,41,42,44,46,47,48,50,53,54,57,58,60,61,62,71,74,75,77,78,79,81,84,92,96,97]",60,5732,0,0,9
"[0,1,2,3,4,5,6,7,8,9,11,12,13,14,15,16,17,18,20,21,22,23,24,25,26,28,29,30,31,32,33,34,35,36,37,38,40,41,42,44,46,47,48,50,53,54,57,58,60,61,62,71,74,75,77,78,79,81,84,92,96,97]",61,5732,0,0,9
"[0,1,2,3,4,5,6,7,8,9,11,12,13,14,15,16,17,18,20,21,22,23,24,25,26,28,29,30,31,32,33,34,35,36,37,38,40,41,42,44,46,47,48,50,53,54,57,58,60,61,62,71,74,75,77,78,79,81,84,92,96,97]",62,5732,62,0.0108164689462666,9
"[0,1,2,3,4,5,6,7,8,9,11,12,13,14,15,16,17,18,20,21,22,23,24,25,26,28,29,30,31,32,33,34,35,36,37,38,40,41,42,44,46,47,48,50,53,54,57,58,60,61,62,71,74,75,77,78,79,81,84,92,96,97]",71,5732,0,0,9
"[0,1,2,3,4,5,6,7,8,9,11,12,13,14,15,16,17,18,20,21,22,23,24,25,26,28,29,30,31,32,33,34,35,36,37,38,40,41,42,44,46,47,48,50,53,54,57,58,60,61,62,71,74,75,77,78,79,81,84,92,96,97]",74,5732,29,0.00505931612002791,9
"[0,1,2,3,4,5,6,7,8,9,11,12,13,14,15,16,17,18,20,21,22,23,24,25,26,28,29,30,31,32,33,34,35,36,37,38,40,41,42,44,46,47,48,50,53,54,57,58,60,61,62,71,74,75,77,78,79,81,84,92,96,97]",75,5732,0,0,9
"[0,1,2,3,4,5,6,7,8,9,11,12,13,14,15,16,17,18,20,21,22,23,24,25,26,28,29,30,31,32,33,34,35,36,37,38,40,41,42,44,46,47,48,50,53,54,57,58,60,61,62,71,74,75,77,78,79,81,84,92,96,97]",77,5732,26,0.00453593859036985,9
"[0,1,2,3,4,5,6,7,8,9,11,12,13,14,15,16,17,18,20,21,22,23,24,25,26,28,29,30,31,32,33,34,35,36,37,38,40,41,42,44,46,47,48,50,53,54,57,58,60,61,62,71,74,75,77,78,79,81,84,92,96,97]",78,5732,0,0,9
"[0,1,2,3,4,5,6,7,8,9,11,12,13,14,15,16,17,18,20,21,22,23,24,25,26,28,29,30,31,32,33,34,35,36,37,38,40,41,42,44,46,47,48,50,53,54,57,58,60,61,62,71,74,75,77,78,79,81,84,92,96,97]",79,5732,6,0.00104675505931612,9
"[0,1,2,3,4,5,6,7,8,9,11,12,13,14,15,16,17,18,20,21,22,23,24,25,26,28,29,30,31,32,33,34,35,36,37,38,40,41,42,44,46,47,48,50,53,54,57,58,60,61,62,71,74,75,77,78,79,81,84,92,96,97]",81,5732,0,0,9
"[0,1,2,3,4,5,6,7,8,9,11,12,13,14,15,16,17,18,20,21,22,23,24,25,26,28,29,30,31,32,33,34,35,36,37,38,40,41,42,44,46,47,48,50,53,54,57,58,60,61,62,71,74,75,77,78,79,81,84,92,96,97]",84,5732,0,0,9
"[0,1,2,3,4,5,6,7,8,9,11,12,13,14,15,16,17,18,20,21,22,23,24,25,26,28,29,30,31,32,33,34,35,36,37,38,40,41,42,44,46,47,48,50,53,54,57,58,60,61,62,71,74,75,77,78,79,81,84,92,96,97]",92,5732,0,0,9
"[0,1,2,3,4,5,6,7,8,9,11,12,13,14,15,16,17,18,20,21,22,23,24,25,26,28,29,30,31,32,33,34,35,36,37,38,40,41,42,44,46,47,48,50,53,54,57,58,60,61,62,71,74,75,77,78,79,81,84,92,96,97]",96,5732,0,0,9
"[0,1,2,3,4,5,6,7,8,9,11,12,13,14,15,16,17,18,20,21,22,23,24,25,26,28,29,30,31,32,33,34,35,36,37,38,40,41,42,44,46,47,48,50,53,54,57,58,60,61,62,71,74,75,77,78,79,81,84,92,96,97]",97,5732,0,0,9
"[0,1,2,3,4,5,6,7,8,9,11,12,13,14,15,16,17,18,20,21,22,23,24,25,26,28,29,30,32,33,34,35,36,37,40,41,42,44,46,47,48,50,53,54,57,58,60,61,62,66,71,74,75,77,78,81,84,92,96,97]",0,2769,117,0.0422535211267606,4
"[0,1,2,3,4,5,6,7,8,9,11,12,13,14,15,16,17,18,20,21,22,23,24,25,26,28,29,30,32,33,34,35,36,37,40,41,42,44,46,47,48,50,53,54,57,58,60,61,62,66,71,74,75,77,78,81,84,92,96,97]",1,2769,61,0.0220296135789094,4
"[0,1,2,3,4,5,6,7,8,9,11,12,13,14,15,16,17,18,20,21,22,23,24,25,26,28,29,30,32,33,34,35,36,37,40,41,42,44,46,47,48,50,53,54,57,58,60,61,62,66,71,74,75,77,78,81,84,92,96,97]",2,2769,497,0.179487179487179,4
"[0,1,2,3,4,5,6,7,8,9,11,12,13,14,15,16,17,18,20,21,22,23,24,25,26,28,29,30,32,33,34,35,36,37,40,41,42,44,46,47,48,50,53,54,57,58,60,61,62,66,71,74,75,77,78,81,84,92,96,97]",3,2769,26,0.00938967136150235,4
"[0,1,2,3,4,5,6,7,8,9,11,12,13,14,15,16,17,18,20,21,22,23,24,25,26,28,29,30,32,33,34,35,36,37,40,41,42,44,46,47,48,50,53,54,57,58,60,61,62,66,71,74,75,77,78,81,84,92,96,97]",4,2769,0,0,4
"[0,1,2,3,4,5,6,7,8,9,11,12,13,14,15,16,17,18,20,21,22,23,24,25,26,28,29,30,32,33,34,35,36,37,40,41,42,44,46,47,48,50,53,54,57,58,60,61,62,66,71,74,75,77,78,81,84,92,96,97]",5,2769,365,0.131816540267244,4
"[0,1,2,3,4,5,6,7,8,9,11,12,13,14,15,16,17,18,20,21,22,23,24,25,26,28,29,30,32,33,34,35,36,37,40,41,42,44,46,47,48,50,53,54,57,58,60,61,62,66,71,74,75,77,78,81,84,92,96,97]",6,2769,581,0.209823040808956,4
"[0,1,2,3,4,5,6,7,8,9,11,12,13,14,15,16,17,18,20,21,22,23,24,25,26,28,29,30,32,33,34,35,36,37,40,41,42,44,46,47,48,50,53,54,57,58,60,61,62,66,71,74,75,77,78,81,84,92,96,97]",7,2769,40,0.0144456482484651,4
"[0,1,2,3,4,5,6,7,8,9,11,12,13,14,15,16,17,18,20,21,22,23,24,25,26,28,29,30,32,33,34,35,36,37,40,41,42,44,46,47,48,50,53,54,57,58,60,61,62,66,71,74,75,77,78,81,84,92,96,97]",8,2769,0,0,4
"[0,1,2,3,4,5,6,7,8,9,11,12,13,14,15,16,17,18,20,21,22,23,24,25,26,28,29,30,32,33,34,35,36,37,40,41,42,44,46,47,48,50,53,54,57,58,60,61,62,66,71,74,75,77,78,81,84,92,96,97]",9,2769,442,0.15962441314554,4
"[0,1,2,3,4,5,6,7,8,9,11,12,13,14,15,16,17,18,20,21,22,23,24,25,26,28,29,30,32,33,34,35,36,37,40,41,42,44,46,47,48,50,53,54,57,58,60,61,62,66,71,74,75,77,78,81,84,92,96,97]",11,2769,5,0.00180570603105814,4
"[0,1,2,3,4,5,6,7,8,9,11,12,13,14,15,16,17,18,20,21,22,23,24,25,26,28,29,30,32,33,34,35,36,37,40,41,42,44,46,47,48,50,53,54,57,58,60,61,62,66,71,74,75,77,78,81,84,92,96,97]",12,2769,0,0,4
"[0,1,2,3,4,5,6,7,8,9,11,12,13,14,15,16,17,18,20,21,22,23,24,25,26,28,29,30,32,33,34,35,36,37,40,41,42,44,46,47,48,50,53,54,57,58,60,61,62,66,71,74,75,77,78,81,84,92,96,97]",13,2769,3,0.00108342361863489,4
"[0,1,2,3,4,5,6,7,8,9,11,12,13,14,15,16,17,18,20,21,22,23,24,25,26,28,29,30,32,33,34,35,36,37,40,41,42,44,46,47,48,50,53,54,57,58,60,61,62,66,71,74,75,77,78,81,84,92,96,97]",14,2769,38,0.0137233658360419,4
"[0,1,2,3,4,5,6,7,8,9,11,12,13,14,15,16,17,18,20,21,22,23,24,25,26,28,29,30,32,33,34,35,36,37,40,41,42,44,46,47,48,50,53,54,57,58,60,61,62,66,71,74,75,77,78,81,84,92,96,97]",15,2769,32,0.0115565185987721,4
"[0,1,2,3,4,5,6,7,8,9,11,12,13,14,15,16,17,18,20,21,22,23,24,25,26,28,29,30,32,33,34,35,36,37,40,41,42,44,46,47,48,50,53,54,57,58,60,61,62,66,71,74,75,77,78,81,84,92,96,97]",16,2769,23,0.00830624774286746,4
"[0,1,2,3,4,5,6,7,8,9,11,12,13,14,15,16,17,18,20,21,22,23,24,25,26,28,29,30,32,33,34,35,36,37,40,41,42,44,46,47,48,50,53,54,57,58,60,61,62,66,71,74,75,77,78,81,84,92,96,97]",17,2769,1,0.000361141206211629,4
"[0,1,2,3,4,5,6,7,8,9,11,12,13,14,15,16,17,18,20,21,22,23,24,25,26,28,29,30,32,33,34,35,36,37,40,41,42,44,46,47,48,50,53,54,57,58,60,61,62,66,71,74,75,77,78,81,84,92,96,97]",18,2769,1,0.000361141206211629,4
"[0,1,2,3,4,5,6,7,8,9,11,12,13,14,15,16,17,18,20,21,22,23,24,25,26,28,29,30,32,33,34,35,36,37,40,41,42,44,46,47,48,50,53,54,57,58,60,61,62,66,71,74,75,77,78,81,84,92,96,97]",20,2769,2,0.000722282412423258,4
"[0,1,2,3,4,5,6,7,8,9,11,12,13,14,15,16,17,18,20,21,22,23,24,25,26,28,29,30,32,33,34,35,36,37,40,41,42,44,46,47,48,50,53,54,57,58,60,61,62,66,71,74,75,77,78,81,84,92,96,97]",21,2769,182,0.0657276995305164,4
"[0,1,2,3,4,5,6,7,8,9,11,12,13,14,15,16,17,18,20,21,22,23,24,25,26,28,29,30,32,33,34,35,36,37,40,41,42,44,46,47,48,50,53,54,57,58,60,61,62,66,71,74,75,77,78,81,84,92,96,97]",22,2769,6,0.00216684723726977,4
"[0,1,2,3,4,5,6,7,8,9,11,12,13,14,15,16,17,18,20,21,22,23,24,25,26,28,29,30,32,33,34,35,36,37,40,41,42,44,46,47,48,50,53,54,57,58,60,61,62,66,71,74,75,77,78,81,84,92,96,97]",23,2769,21,0.0075839653304442,4
"[0,1,2,3,4,5,6,7,8,9,11,12,13,14,15,16,17,18,20,21,22,23,24,25,26,28,29,30,32,33,34,35,36,37,40,41,42,44,46,47,48,50,53,54,57,58,60,61,62,66,71,74,75,77,78,81,84,92,96,97]",24,2769,0,0,4
"[0,1,2,3,4,5,6,7,8,9,11,12,13,14,15,16,17,18,20,21,22,23,24,25,26,28,29,30,32,33,34,35,36,37,40,41,42,44,46,47,48,50,53,54,57,58,60,61,62,66,71,74,75,77,78,81,84,92,96,97]",25,2769,67,0.0241964608161791,4
"[0,1,2,3,4,5,6,7,8,9,11,12,13,14,15,16,17,18,20,21,22,23,24,25,26,28,29,30,32,33,34,35,36,37,40,41,42,44,46,47,48,50,53,54,57,58,60,61,62,66,71,74,75,77,78,81,84,92,96,97]",26,2769,8,0.00288912964969303,4
"[0,1,2,3,4,5,6,7,8,9,11,12,13,14,15,16,17,18,20,21,22,23,24,25,26,28,29,30,32,33,34,35,36,37,40,41,42,44,46,47,48,50,53,54,57,58,60,61,62,66,71,74,75,77,78,81,84,92,96,97]",28,2769,3,0.00108342361863489,4
"[0,1,2,3,4,5,6,7,8,9,11,12,13,14,15,16,17,18,20,21,22,23,24,25,26,28,29,30,32,33,34,35,36,37,40,41,42,44,46,47,48,50,53,54,57,58,60,61,62,66,71,74,75,77,78,81,84,92,96,97]",29,2769,0,0,4
"[0,1,2,3,4,5,6,7,8,9,11,12,13,14,15,16,17,18,20,21,22,23,24,25,26,28,29,30,32,33,34,35,36,37,40,41,42,44,46,47,48,50,53,54,57,58,60,61,62,66,71,74,75,77,78,81,84,92,96,97]",30,2769,0,0,4
"[0,1,2,3,4,5,6,7,8,9,11,12,13,14,15,16,17,18,20,21,22,23,24,25,26,28,29,30,32,33,34,35,36,37,40,41,42,44,46,47,48,50,53,54,57,58,60,61,62,66,71,74,75,77,78,81,84,92,96,97]",32,2769,18,0.00650054171180932,4
"[0,1,2,3,4,5,6,7,8,9,11,12,13,14,15,16,17,18,20,21,22,23,24,25,26,28,29,30,32,33,34,35,36,37,40,41,42,44,46,47,48,50,53,54,57,58,60,61,62,66,71,74,75,77,78,81,84,92,96,97]",33,2769,0,0,4
"[0,1,2,3,4,5,6,7,8,9,11,12,13,14,15,16,17,18,20,21,22,23,24,25,26,28,29,30,32,33,34,35,36,37,40,41,42,44,46,47,48,50,53,54,57,58,60,61,62,66,71,74,75,77,78,81,84,92,96,97]",34,2769,0,0,4
"[0,1,2,3,4,5,6,7,8,9,11,12,13,14,15,16,17,18,20,21,22,23,24,25,26,28,29,30,32,33,34,35,36,37,40,41,42,44,46,47,48,50,53,54,57,58,60,61,62,66,71,74,75,77,78,81,84,92,96,97]",35,2769,0,0,4
"[0,1,2,3,4,5,6,7,8,9,11,12,13,14,15,16,17,18,20,21,22,23,24,25,26,28,29,30,32,33,34,35,36,37,40,41,42,44,46,47,48,50,53,54,57,58,60,61,62,66,71,74,75,77,78,81,84,92,96,97]",36,2769,38,0.0137233658360419,4
"[0,1,2,3,4,5,6,7,8,9,11,12,13,14,15,16,17,18,20,21,22,23,24,25,26,28,29,30,32,33,34,35,36,37,40,41,42,44,46,47,48,50,53,54,57,58,60,61,62,66,71,74,75,77,78,81,84,92,96,97]",37,2769,0,0,4
"[0,1,2,3,4,5,6,7,8,9,11,12,13,14,15,16,17,18,20,21,22,23,24,25,26,28,29,30,32,33,34,35,36,37,40,41,42,44,46,47,48,50,53,54,57,58,60,61,62,66,71,74,75,77,78,81,84,92,96,97]",40,2769,0,0,4
"[0,1,2,3,4,5,6,7,8,9,11,12,13,14,15,16,17,18,20,21,22,23,24,25,26,28,29,30,32,33,34,35,36,37,40,41,42,44,46,47,48,50,53,54,57,58,60,61,62,66,71,74,75,77,78,81,84,92,96,97]",41,2769,5,0.00180570603105814,4
"[0,1,2,3,4,5,6,7,8,9,11,12,13,14,15,16,17,18,20,21,22,23,24,25,26,28,29,30,32,33,34,35,36,37,40,41,42,44,46,47,48,50,53,54,57,58,60,61,62,66,71,74,75,77,78,81,84,92,96,97]",42,2769,0,0,4
"[0,1,2,3,4,5,6,7,8,9,11,12,13,14,15,16,17,18,20,21,22,23,24,25,26,28,29,30,32,33,34,35,36,37,40,41,42,44,46,47,48,50,53,54,57,58,60,61,62,66,71,74,75,77,78,81,84,92,96,97]",44,2769,0,0,4
"[0,1,2,3,4,5,6,7,8,9,11,12,13,14,15,16,17,18,20,21,22,23,24,25,26,28,29,30,32,33,34,35,36,37,40,41,42,44,46,47,48,50,53,54,57,58,60,61,62,66,71,74,75,77,78,81,84,92,96,97]",46,2769,0,0,4
"[0,1,2,3,4,5,6,7,8,9,11,12,13,14,15,16,17,18,20,21,22,23,24,25,26,28,29,30,32,33,34,35,36,37,40,41,42,44,46,47,48,50,53,54,57,58,60,61,62,66,71,74,75,77,78,81,84,92,96,97]",47,2769,8,0.00288912964969303,4
"[0,1,2,3,4,5,6,7,8,9,11,12,13,14,15,16,17,18,20,21,22,23,24,25,26,28,29,30,32,33,34,35,36,37,40,41,42,44,46,47,48,50,53,54,57,58,60,61,62,66,71,74,75,77,78,81,84,92,96,97]",48,2769,0,0,4
"[0,1,2,3,4,5,6,7,8,9,11,12,13,14,15,16,17,18,20,21,22,23,24,25,26,28,29,30,32,33,34,35,36,37,40,41,42,44,46,47,48,50,53,54,57,58,60,61,62,66,71,74,75,77,78,81,84,92,96,97]",50,2769,0,0,4
"[0,1,2,3,4,5,6,7,8,9,11,12,13,14,15,16,17,18,20,21,22,23,24,25,26,28,29,30,32,33,34,35,36,37,40,41,42,44,46,47,48,50,53,54,57,58,60,61,62,66,71,74,75,77,78,81,84,92,96,97]",53,2769,1,0.000361141206211629,4
"[0,1,2,3,4,5,6,7,8,9,11,12,13,14,15,16,17,18,20,21,22,23,24,25,26,28,29,30,32,33,34,35,36,37,40,41,42,44,46,47,48,50,53,54,57,58,60,61,62,66,71,74,75,77,78,81,84,92,96,97]",54,2769,0,0,4
"[0,1,2,3,4,5,6,7,8,9,11,12,13,14,15,16,17,18,20,21,22,23,24,25,26,28,29,30,32,33,34,35,36,37,40,41,42,44,46,47,48,50,53,54,57,58,60,61,62,66,71,74,75,77,78,81,84,92,96,97]",57,2769,4,0.00144456482484652,4
"[0,1,2,3,4,5,6,7,8,9,11,12,13,14,15,16,17,18,20,21,22,23,24,25,26,28,29,30,32,33,34,35,36,37,40,41,42,44,46,47,48,50,53,54,57,58,60,61,62,66,71,74,75,77,78,81,84,92,96,97]",58,2769,97,0.035030697002528,4
"[0,1,2,3,4,5,6,7,8,9,11,12,13,14,15,16,17,18,20,21,22,23,24,25,26,28,29,30,32,33,34,35,36,37,40,41,42,44,46,47,48,50,53,54,57,58,60,61,62,66,71,74,75,77,78,81,84,92,96,97]",60,2769,0,0,4
"[0,1,2,3,4,5,6,7,8,9,11,12,13,14,15,16,17,18,20,21,22,23,24,25,26,28,29,30,32,33,34,35,36,37,40,41,42,44,46,47,48,50,53,54,57,58,60,61,62,66,71,74,75,77,78,81,84,92,96,97]",61,2769,2,0.000722282412423258,4
"[0,1,2,3,4,5,6,7,8,9,11,12,13,14,15,16,17,18,20,21,22,23,24,25,26,28,29,30,32,33,34,35,36,37,40,41,42,44,46,47,48,50,53,54,57,58,60,61,62,66,71,74,75,77,78,81,84,92,96,97]",62,2769,41,0.0148067894546768,4
"[0,1,2,3,4,5,6,7,8,9,11,12,13,14,15,16,17,18,20,21,22,23,24,25,26,28,29,30,32,33,34,35,36,37,40,41,42,44,46,47,48,50,53,54,57,58,60,61,62,66,71,74,75,77,78,81,84,92,96,97]",66,2769,0,0,4
"[0,1,2,3,4,5,6,7,8,9,11,12,13,14,15,16,17,18,20,21,22,23,24,25,26,28,29,30,32,33,34,35,36,37,40,41,42,44,46,47,48,50,53,54,57,58,60,61,62,66,71,74,75,77,78,81,84,92,96,97]",71,2769,0,0,4
"[0,1,2,3,4,5,6,7,8,9,11,12,13,14,15,16,17,18,20,21,22,23,24,25,26,28,29,30,32,33,34,35,36,37,40,41,42,44,46,47,48,50,53,54,57,58,60,61,62,66,71,74,75,77,78,81,84,92,96,97]",74,2769,30,0.0108342361863489,4
"[0,1,2,3,4,5,6,7,8,9,11,12,13,14,15,16,17,18,20,21,22,23,24,25,26,28,29,30,32,33,34,35,36,37,40,41,42,44,46,47,48,50,53,54,57,58,60,61,62,66,71,74,75,77,78,81,84,92,96,97]",75,2769,0,0,4
"[0,1,2,3,4,5,6,7,8,9,11,12,13,14,15,16,17,18,20,21,22,23,24,25,26,28,29,30,32,33,34,35,36,37,40,41,42,44,46,47,48,50,53,54,57,58,60,61,62,66,71,74,75,77,78,81,84,92,96,97]",77,2769,4,0.00144456482484652,4
"[0,1,2,3,4,5,6,7,8,9,11,12,13,14,15,16,17,18,20,21,22,23,24,25,26,28,29,30,32,33,34,35,36,37,40,41,42,44,46,47,48,50,53,54,57,58,60,61,62,66,71,74,75,77,78,81,84,92,96,97]",78,2769,0,0,4
"[0,1,2,3,4,5,6,7,8,9,11,12,13,14,15,16,17,18,20,21,22,23,24,25,26,28,29,30,32,33,34,35,36,37,40,41,42,44,46,47,48,50,53,54,57,58,60,61,62,66,71,74,75,77,78,81,84,92,96,97]",81,2769,0,0,4
"[0,1,2,3,4,5,6,7,8,9,11,12,13,14,15,16,17,18,20,21,22,23,24,25,26,28,29,30,32,33,34,35,36,37,40,41,42,44,46,47,48,50,53,54,57,58,60,61,62,66,71,74,75,77,78,81,84,92,96,97]",84,2769,0,0,4
"[0,1,2,3,4,5,6,7,8,9,11,12,13,14,15,16,17,18,20,21,22,23,24,25,26,28,29,30,32,33,34,35,36,37,40,41,42,44,46,47,48,50,53,54,57,58,60,61,62,66,71,74,75,77,78,81,84,92,96,97]",92,2769,0,0,4
"[0,1,2,3,4,5,6,7,8,9,11,12,13,14,15,16,17,18,20,21,22,23,24,25,26,28,29,30,32,33,34,35,36,37,40,41,42,44,46,47,48,50,53,54,57,58,60,61,62,66,71,74,75,77,78,81,84,92,96,97]",96,2769,0,0,4
"[0,1,2,3,4,5,6,7,8,9,11,12,13,14,15,16,17,18,20,21,22,23,24,25,26,28,29,30,32,33,34,35,36,37,40,41,42,44,46,47,48,50,53,54,57,58,60,61,62,66,71,74,75,77,78,81,84,92,96,97]",97,2769,0,0,4
"[0,1,2,3,4,5,6,7,9,10,21,23,25,26,27,28,31,32,38,39,43,45,49,51,52,55,56,58,59,63,64,65,67,68,69,70,73,76,80,82,85,86,87,88,89,90,93,94,95,99]",0,428,17,0.0397196261682243,5
"[0,1,2,3,4,5,6,7,9,10,21,23,25,26,27,28,31,32,38,39,43,45,49,51,52,55,56,58,59,63,64,65,67,68,69,70,73,76,80,82,85,86,87,88,89,90,93,94,95,99]",1,428,0,0,5
"[0,1,2,3,4,5,6,7,9,10,21,23,25,26,27,28,31,32,38,39,43,45,49,51,52,55,56,58,59,63,64,65,67,68,69,70,73,76,80,82,85,86,87,88,89,90,93,94,95,99]",2,428,0,0,5
"[0,1,2,3,4,5,6,7,9,10,21,23,25,26,27,28,31,32,38,39,43,45,49,51,52,55,56,58,59,63,64,65,67,68,69,70,73,76,80,82,85,86,87,88,89,90,93,94,95,99]",3,428,3,0.00700934579439252,5
"[0,1,2,3,4,5,6,7,9,10,21,23,25,26,27,28,31,32,38,39,43,45,49,51,52,55,56,58,59,63,64,65,67,68,69,70,73,76,80,82,85,86,87,88,89,90,93,94,95,99]",4,428,1,0.00233644859813084,5
"[0,1,2,3,4,5,6,7,9,10,21,23,25,26,27,28,31,32,38,39,43,45,49,51,52,55,56,58,59,63,64,65,67,68,69,70,73,76,80,82,85,86,87,88,89,90,93,94,95,99]",5,428,66,0.154205607476636,5
"[0,1,2,3,4,5,6,7,9,10,21,23,25,26,27,28,31,32,38,39,43,45,49,51,52,55,56,58,59,63,64,65,67,68,69,70,73,76,80,82,85,86,87,88,89,90,93,94,95,99]",6,428,0,0,5
"[0,1,2,3,4,5,6,7,9,10,21,23,25,26,27,28,31,32,38,39,43,45,49,51,52,55,56,58,59,63,64,65,67,68,69,70,73,76,80,82,85,86,87,88,89,90,93,94,95,99]",7,428,0,0,5
"[0,1,2,3,4,5,6,7,9,10,21,23,25,26,27,28,31,32,38,39,43,45,49,51,52,55,56,58,59,63,64,65,67,68,69,70,73,76,80,82,85,86,87,88,89,90,93,94,95,99]",9,428,0,0,5
"[0,1,2,3,4,5,6,7,9,10,21,23,25,26,27,28,31,32,38,39,43,45,49,51,52,55,56,58,59,63,64,65,67,68,69,70,73,76,80,82,85,86,87,88,89,90,93,94,95,99]",10,428,0,0,5
"[0,1,2,3,4,5,6,7,9,10,21,23,25,26,27,28,31,32,38,39,43,45,49,51,52,55,56,58,59,63,64,65,67,68,69,70,73,76,80,82,85,86,87,88,89,90,93,94,95,99]",21,428,39,0.0911214953271028,5
"[0,1,2,3,4,5,6,7,9,10,21,23,25,26,27,28,31,32,38,39,43,45,49,51,52,55,56,58,59,63,64,65,67,68,69,70,73,76,80,82,85,86,87,88,89,90,93,94,95,99]",23,428,0,0,5
"[0,1,2,3,4,5,6,7,9,10,21,23,25,26,27,28,31,32,38,39,43,45,49,51,52,55,56,58,59,63,64,65,67,68,69,70,73,76,80,82,85,86,87,88,89,90,93,94,95,99]",25,428,0,0,5
"[0,1,2,3,4,5,6,7,9,10,21,23,25,26,27,28,31,32,38,39,43,45,49,51,52,55,56,58,59,63,64,65,67,68,69,70,73,76,80,82,85,86,87,88,89,90,93,94,95,99]",26,428,9,0.0210280373831776,5
"[0,1,2,3,4,5,6,7,9,10,21,23,25,26,27,28,31,32,38,39,43,45,49,51,52,55,56,58,59,63,64,65,67,68,69,70,73,76,80,82,85,86,87,88,89,90,93,94,95,99]",27,428,2,0.00467289719626168,5
"[0,1,2,3,4,5,6,7,9,10,21,23,25,26,27,28,31,32,38,39,43,45,49,51,52,55,56,58,59,63,64,65,67,68,69,70,73,76,80,82,85,86,87,88,89,90,93,94,95,99]",28,428,0,0,5
"[0,1,2,3,4,5,6,7,9,10,21,23,25,26,27,28,31,32,38,39,43,45,49,51,52,55,56,58,59,63,64,65,67,68,69,70,73,76,80,82,85,86,87,88,89,90,93,94,95,99]",31,428,0,0,5
"[0,1,2,3,4,5,6,7,9,10,21,23,25,26,27,28,31,32,38,39,43,45,49,51,52,55,56,58,59,63,64,65,67,68,69,70,73,76,80,82,85,86,87,88,89,90,93,94,95,99]",32,428,0,0,5
"[0,1,2,3,4,5,6,7,9,10,21,23,25,26,27,28,31,32,38,39,43,45,49,51,52,55,56,58,59,63,64,65,67,68,69,70,73,76,80,82,85,86,87,88,89,90,93,94,95,99]",38,428,0,0,5
"[0,1,2,3,4,5,6,7,9,10,21,23,25,26,27,28,31,32,38,39,43,45,49,51,52,55,56,58,59,63,64,65,67,68,69,70,73,76,80,82,85,86,87,88,89,90,93,94,95,99]",39,428,15,0.0350467289719626,5
"[0,1,2,3,4,5,6,7,9,10,21,23,25,26,27,28,31,32,38,39,43,45,49,51,52,55,56,58,59,63,64,65,67,68,69,70,73,76,80,82,85,86,87,88,89,90,93,94,95,99]",43,428,55,0.128504672897196,5
"[0,1,2,3,4,5,6,7,9,10,21,23,25,26,27,28,31,32,38,39,43,45,49,51,52,55,56,58,59,63,64,65,67,68,69,70,73,76,80,82,85,86,87,88,89,90,93,94,95,99]",45,428,0,0,5
"[0,1,2,3,4,5,6,7,9,10,21,23,25,26,27,28,31,32,38,39,43,45,49,51,52,55,56,58,59,63,64,65,67,68,69,70,73,76,80,82,85,86,87,88,89,90,93,94,95,99]",49,428,0,0,5
"[0,1,2,3,4,5,6,7,9,10,21,23,25,26,27,28,31,32,38,39,43,45,49,51,52,55,56,58,59,63,64,65,67,68,69,70,73,76,80,82,85,86,87,88,89,90,93,94,95,99]",51,428,15,0.0350467289719626,5
"[0,1,2,3,4,5,6,7,9,10,21,23,25,26,27,28,31,32,38,39,43,45,49,51,52,55,56,58,59,63,64,65,67,68,69,70,73,76,80,82,85,86,87,88,89,90,93,94,95,99]",52,428,7,0.0163551401869159,5
"[0,1,2,3,4,5,6,7,9,10,21,23,25,26,27,28,31,32,38,39,43,45,49,51,52,55,56,58,59,63,64,65,67,68,69,70,73,76,80,82,85,86,87,88,89,90,93,94,95,99]",55,428,0,0,5
"[0,1,2,3,4,5,6,7,9,10,21,23,25,26,27,28,31,32,38,39,43,45,49,51,52,55,56,58,59,63,64,65,67,68,69,70,73,76,80,82,85,86,87,88,89,90,93,94,95,99]",56,428,24,0.0560747663551402,5
"[0,1,2,3,4,5,6,7,9,10,21,23,25,26,27,28,31,32,38,39,43,45,49,51,52,55,56,58,59,63,64,65,67,68,69,70,73,76,80,82,85,86,87,88,89,90,93,94,95,99]",58,428,0,0,5
"[0,1,2,3,4,5,6,7,9,10,21,23,25,26,27,28,31,32,38,39,43,45,49,51,52,55,56,58,59,63,64,65,67,68,69,70,73,76,80,82,85,86,87,88,89,90,93,94,95,99]",59,428,0,0,5
"[0,1,2,3,4,5,6,7,9,10,21,23,25,26,27,28,31,32,38,39,43,45,49,51,52,55,56,58,59,63,64,65,67,68,69,70,73,76,80,82,85,86,87,88,89,90,93,94,95,99]",63,428,34,0.0794392523364486,5
"[0,1,2,3,4,5,6,7,9,10,21,23,25,26,27,28,31,32,38,39,43,45,49,51,52,55,56,58,59,63,64,65,67,68,69,70,73,76,80,82,85,86,87,88,89,90,93,94,95,99]",64,428,1,0.00233644859813084,5
"[0,1,2,3,4,5,6,7,9,10,21,23,25,26,27,28,31,32,38,39,43,45,49,51,52,55,56,58,59,63,64,65,67,68,69,70,73,76,80,82,85,86,87,88,89,90,93,94,95,99]",65,428,0,0,5
"[0,1,2,3,4,5,6,7,9,10,21,23,25,26,27,28,31,32,38,39,43,45,49,51,52,55,56,58,59,63,64,65,67,68,69,70,73,76,80,82,85,86,87,88,89,90,93,94,95,99]",67,428,0,0,5
"[0,1,2,3,4,5,6,7,9,10,21,23,25,26,27,28,31,32,38,39,43,45,49,51,52,55,56,58,59,63,64,65,67,68,69,70,73,76,80,82,85,86,87,88,89,90,93,94,95,99]",68,428,0,0,5
"[0,1,2,3,4,5,6,7,9,10,21,23,25,26,27,28,31,32,38,39,43,45,49,51,52,55,56,58,59,63,64,65,67,68,69,70,73,76,80,82,85,86,87,88,89,90,93,94,95,99]",69,428,0,0,5
"[0,1,2,3,4,5,6,7,9,10,21,23,25,26,27,28,31,32,38,39,43,45,49,51,52,55,56,58,59,63,64,65,67,68,69,70,73,76,80,82,85,86,87,88,89,90,93,94,95,99]",70,428,0,0,5
"[0,1,2,3,4,5,6,7,9,10,21,23,25,26,27,28,31,32,38,39,43,45,49,51,52,55,56,58,59,63,64,65,67,68,69,70,73,76,80,82,85,86,87,88,89,90,93,94,95,99]",73,428,0,0,5
"[0,1,2,3,4,5,6,7,9,10,21,23,25,26,27,28,31,32,38,39,43,45,49,51,52,55,56,58,59,63,64,65,67,68,69,70,73,76,80,82,85,86,87,88,89,90,93,94,95,99]",76,428,4,0.00934579439252336,5
"[0,1,2,3,4,5,6,7,9,10,21,23,25,26,27,28,31,32,38,39,43,45,49,51,52,55,56,58,59,63,64,65,67,68,69,70,73,76,80,82,85,86,87,88,89,90,93,94,95,99]",80,428,0,0,5
"[0,1,2,3,4,5,6,7,9,10,21,23,25,26,27,28,31,32,38,39,43,45,49,51,52,55,56,58,59,63,64,65,67,68,69,70,73,76,80,82,85,86,87,88,89,90,93,94,95,99]",82,428,16,0.0373831775700935,5
"[0,1,2,3,4,5,6,7,9,10,21,23,25,26,27,28,31,32,38,39,43,45,49,51,52,55,56,58,59,63,64,65,67,68,69,70,73,76,80,82,85,86,87,88,89,90,93,94,95,99]",85,428,52,0.121495327102804,5
"[0,1,2,3,4,5,6,7,9,10,21,23,25,26,27,28,31,32,38,39,43,45,49,51,52,55,56,58,59,63,64,65,67,68,69,70,73,76,80,82,85,86,87,88,89,90,93,94,95,99]",86,428,0,0,5
"[0,1,2,3,4,5,6,7,9,10,21,23,25,26,27,28,31,32,38,39,43,45,49,51,52,55,56,58,59,63,64,65,67,68,69,70,73,76,80,82,85,86,87,88,89,90,93,94,95,99]",87,428,0,0,5
"[0,1,2,3,4,5,6,7,9,10,21,23,25,26,27,28,31,32,38,39,43,45,49,51,52,55,56,58,59,63,64,65,67,68,69,70,73,76,80,82,85,86,87,88,89,90,93,94,95,99]",88,428,0,0,5
"[0,1,2,3,4,5,6,7,9,10,21,23,25,26,27,28,31,32,38,39,43,45,49,51,52,55,56,58,59,63,64,65,67,68,69,70,73,76,80,82,85,86,87,88,89,90,93,94,95,99]",89,428,0,0,5
"[0,1,2,3,4,5,6,7,9,10,21,23,25,26,27,28,31,32,38,39,43,45,49,51,52,55,56,58,59,63,64,65,67,68,69,70,73,76,80,82,85,86,87,88,89,90,93,94,95,99]",90,428,12,0.0280373831775701,5
"[0,1,2,3,4,5,6,7,9,10,21,23,25,26,27,28,31,32,38,39,43,45,49,51,52,55,56,58,59,63,64,65,67,68,69,70,73,76,80,82,85,86,87,88,89,90,93,94,95,99]",93,428,51,0.119158878504673,5
"[0,1,2,3,4,5,6,7,9,10,21,23,25,26,27,28,31,32,38,39,43,45,49,51,52,55,56,58,59,63,64,65,67,68,69,70,73,76,80,82,85,86,87,88,89,90,93,94,95,99]",94,428,5,0.0116822429906542,5
"[0,1,2,3,4,5,6,7,9,10,21,23,25,26,27,28,31,32,38,39,43,45,49,51,52,55,56,58,59,63,64,65,67,68,69,70,73,76,80,82,85,86,87,88,89,90,93,94,95,99]",95,428,0,0,5
"[0,1,2,3,4,5,6,7,9,10,21,23,25,26,27,28,31,32,38,39,43,45,49,51,52,55,56,58,59,63,64,65,67,68,69,70,73,76,80,82,85,86,87,88,89,90,93,94,95,99]",99,428,0,0,5
"[0,1,2,3,4,6,8,10,11,12,13,14,15,16,17,18,19,20,22,24,27,28,29,30,33,34,35,37,40,41,42,44,46,48,50,54,60,66,72,83,100]",0,37198,1415,0.0380396795526641,55
"[0,1,2,3,4,6,8,10,11,12,13,14,15,16,17,18,19,20,22,24,27,28,29,30,33,34,35,37,40,41,42,44,46,48,50,54,60,66,72,83,100]",1,37198,752,0.0202161406527233,55
"[0,1,2,3,4,6,8,10,11,12,13,14,15,16,17,18,19,20,22,24,27,28,29,30,33,34,35,37,40,41,42,44,46,48,50,54,60,66,72,83,100]",2,37198,2485,0.0668046669175762,55
"[0,1,2,3,4,6,8,10,11,12,13,14,15,16,17,18,19,20,22,24,27,28,29,30,33,34,35,37,40,41,42,44,46,48,50,54,60,66,72,83,100]",3,37198,664,0.0178504220657025,55
"[0,1,2,3,4,6,8,10,11,12,13,14,15,16,17,18,19,20,22,24,27,28,29,30,33,34,35,37,40,41,42,44,46,48,50,54,60,66,72,83,100]",4,37198,316,0.00849508038066563,55
"[0,1,2,3,4,6,8,10,11,12,13,14,15,16,17,18,19,20,22,24,27,28,29,30,33,34,35,37,40,41,42,44,46,48,50,54,60,66,72,83,100]",6,37198,2828,0.076025592773805,55
"[0,1,2,3,4,6,8,10,11,12,13,14,15,16,17,18,19,20,22,24,27,28,29,30,33,34,35,37,40,41,42,44,46,48,50,54,60,66,72,83,100]",8,37198,145,0.00389805903543201,55
"[0,1,2,3,4,6,8,10,11,12,13,14,15,16,17,18,19,20,22,24,27,28,29,30,33,34,35,37,40,41,42,44,46,48,50,54,60,66,72,83,100]",10,37198,15,0.000403247486424001,55
"[0,1,2,3,4,6,8,10,11,12,13,14,15,16,17,18,19,20,22,24,27,28,29,30,33,34,35,37,40,41,42,44,46,48,50,54,60,66,72,83,100]",11,37198,49,0.0013172751223184,55
"[0,1,2,3,4,6,8,10,11,12,13,14,15,16,17,18,19,20,22,24,27,28,29,30,33,34,35,37,40,41,42,44,46,48,50,54,60,66,72,83,100]",12,37198,342,0.00919404269046723,55
"[0,1,2,3,4,6,8,10,11,12,13,14,15,16,17,18,19,20,22,24,27,28,29,30,33,34,35,37,40,41,42,44,46,48,50,54,60,66,72,83,100]",13,37198,3,8.06494972848003e-05,55
"[0,1,2,3,4,6,8,10,11,12,13,14,15,16,17,18,19,20,22,24,27,28,29,30,33,34,35,37,40,41,42,44,46,48,50,54,60,66,72,83,100]",14,37198,136,0.00365611054357761,55
"[0,1,2,3,4,6,8,10,11,12,13,14,15,16,17,18,19,20,22,24,27,28,29,30,33,34,35,37,40,41,42,44,46,48,50,54,60,66,72,83,100]",15,37198,96,0.00258078391311361,55
"[0,1,2,3,4,6,8,10,11,12,13,14,15,16,17,18,19,20,22,24,27,28,29,30,33,34,35,37,40,41,42,44,46,48,50,54,60,66,72,83,100]",16,37198,296,0.00795741706543363,55
"[0,1,2,3,4,6,8,10,11,12,13,14,15,16,17,18,19,20,22,24,27,28,29,30,33,34,35,37,40,41,42,44,46,48,50,54,60,66,72,83,100]",17,37198,109,0.00293026506801441,55
"[0,1,2,3,4,6,8,10,11,12,13,14,15,16,17,18,19,20,22,24,27,28,29,30,33,34,35,37,40,41,42,44,46,48,50,54,60,66,72,83,100]",18,37198,20,0.000537663315232002,55
"[0,1,2,3,4,6,8,10,11,12,13,14,15,16,17,18,19,20,22,24,27,28,29,30,33,34,35,37,40,41,42,44,46,48,50,54,60,66,72,83,100]",19,37198,422,0.0113446959513952,55
"[0,1,2,3,4,6,8,10,11,12,13,14,15,16,17,18,19,20,22,24,27,28,29,30,33,34,35,37,40,41,42,44,46,48,50,54,60,66,72,83,100]",20,37198,41,0.0011022097962256,55
"[0,1,2,3,4,6,8,10,11,12,13,14,15,16,17,18,19,20,22,24,27,28,29,30,33,34,35,37,40,41,42,44,46,48,50,54,60,66,72,83,100]",22,37198,151,0.00405935803000161,55
"[0,1,2,3,4,6,8,10,11,12,13,14,15,16,17,18,19,20,22,24,27,28,29,30,33,34,35,37,40,41,42,44,46,48,50,54,60,66,72,83,100]",24,37198,189,0.00508091832894242,55
"[0,1,2,3,4,6,8,10,11,12,13,14,15,16,17,18,19,20,22,24,27,28,29,30,33,34,35,37,40,41,42,44,46,48,50,54,60,66,72,83,100]",27,37198,11,0.000295714823377601,55
"[0,1,2,3,4,6,8,10,11,12,13,14,15,16,17,18,19,20,22,24,27,28,29,30,33,34,35,37,40,41,42,44,46,48,50,54,60,66,72,83,100]",28,37198,52,0.0013979246196032,55
"[0,1,2,3,4,6,8,10,11,12,13,14,15,16,17,18,19,20,22,24,27,28,29,30,33,34,35,37,40,41,42,44,46,48,50,54,60,66,72,83,100]",29,37198,104,0.00279584923920641,55
"[0,1,2,3,4,6,8,10,11,12,13,14,15,16,17,18,19,20,22,24,27,28,29,30,33,34,35,37,40,41,42,44,46,48,50,54,60,66,72,83,100]",30,37198,352,0.00946287434808323,55
"[0,1,2,3,4,6,8,10,11,12,13,14,15,16,17,18,19,20,22,24,27,28,29,30,33,34,35,37,40,41,42,44,46,48,50,54,60,66,72,83,100]",33,37198,59,0.00158610677993441,55
"[0,1,2,3,4,6,8,10,11,12,13,14,15,16,17,18,19,20,22,24,27,28,29,30,33,34,35,37,40,41,42,44,46,48,50,54,60,66,72,83,100]",34,37198,2903,0.078041830205925,55
"[0,1,2,3,4,6,8,10,11,12,13,14,15,16,17,18,19,20,22,24,27,28,29,30,33,34,35,37,40,41,42,44,46,48,50,54,60,66,72,83,100]",35,37198,319,0.00857572987795043,55
"[0,1,2,3,4,6,8,10,11,12,13,14,15,16,17,18,19,20,22,24,27,28,29,30,33,34,35,37,40,41,42,44,46,48,50,54,60,66,72,83,100]",37,37198,29,0.000779611807086403,55
"[0,1,2,3,4,6,8,10,11,12,13,14,15,16,17,18,19,20,22,24,27,28,29,30,33,34,35,37,40,41,42,44,46,48,50,54,60,66,72,83,100]",40,37198,141,0.00379052637238561,55
"[0,1,2,3,4,6,8,10,11,12,13,14,15,16,17,18,19,20,22,24,27,28,29,30,33,34,35,37,40,41,42,44,46,48,50,54,60,66,72,83,100]",41,37198,52,0.0013979246196032,55
"[0,1,2,3,4,6,8,10,11,12,13,14,15,16,17,18,19,20,22,24,27,28,29,30,33,34,35,37,40,41,42,44,46,48,50,54,60,66,72,83,100]",42,37198,615,0.0165331469433841,55
"[0,1,2,3,4,6,8,10,11,12,13,14,15,16,17,18,19,20,22,24,27,28,29,30,33,34,35,37,40,41,42,44,46,48,50,54,60,66,72,83,100]",44,37198,2241,0.0602451744717458,55
"[0,1,2,3,4,6,8,10,11,12,13,14,15,16,17,18,19,20,22,24,27,28,29,30,33,34,35,37,40,41,42,44,46,48,50,54,60,66,72,83,100]",46,37198,2476,0.0665627184257218,55
"[0,1,2,3,4,6,8,10,11,12,13,14,15,16,17,18,19,20,22,24,27,28,29,30,33,34,35,37,40,41,42,44,46,48,50,54,60,66,72,83,100]",48,37198,318,0.00854884671218883,55
"[0,1,2,3,4,6,8,10,11,12,13,14,15,16,17,18,19,20,22,24,27,28,29,30,33,34,35,37,40,41,42,44,46,48,50,54,60,66,72,83,100]",50,37198,1358,0.0365073391042529,55
"[0,1,2,3,4,6,8,10,11,12,13,14,15,16,17,18,19,20,22,24,27,28,29,30,33,34,35,37,40,41,42,44,46,48,50,54,60,66,72,83,100]",54,37198,3403,0.0914834130867251,55
"[0,1,2,3,4,6,8,10,11,12,13,14,15,16,17,18,19,20,22,24,27,28,29,30,33,34,35,37,40,41,42,44,46,48,50,54,60,66,72,83,100]",60,37198,4116,0.110651110274746,55
"[0,1,2,3,4,6,8,10,11,12,13,14,15,16,17,18,19,20,22,24,27,28,29,30,33,34,35,37,40,41,42,44,46,48,50,54,60,66,72,83,100]",66,37198,1737,0.0466960589278993,55
"[0,1,2,3,4,6,8,10,11,12,13,14,15,16,17,18,19,20,22,24,27,28,29,30,33,34,35,37,40,41,42,44,46,48,50,54,60,66,72,83,100]",72,37198,279,0.00750040324748642,55
"[0,1,2,3,4,6,8,10,11,12,13,14,15,16,17,18,19,20,22,24,27,28,29,30,33,34,35,37,40,41,42,44,46,48,50,54,60,66,72,83,100]",83,37198,4613,0.124012043658261,55
"[0,1,2,3,4,6,8,10,11,12,13,14,15,16,17,18,19,20,22,24,27,28,29,30,33,34,35,37,40,41,42,44,46,48,50,54,60,66,72,83,100]",100,37198,1546,0.0415613742674337,55
"[0,1,2,3,5,6,7,8,9,10,11,12,13,14,15,16,17,18,19,20,21,22,23,24,25,26,28,29,30,31,32,33,34,35,36,38,39,41,43,45,47,49,51,52,53,55,56,57,58,59,61,62,65,68,71,74,75,77,78,79,91,98]",0,1429,50,0.0349895031490553,2
"[0,1,2,3,5,6,7,8,9,10,11,12,13,14,15,16,17,18,19,20,21,22,23,24,25,26,28,29,30,31,32,33,34,35,36,38,39,41,43,45,47,49,51,52,53,55,56,57,58,59,61,62,65,68,71,74,75,77,78,79,91,98]",1,1429,29,0.0202939118264521,2
"[0,1,2,3,5,6,7,8,9,10,11,12,13,14,15,16,17,18,19,20,21,22,23,24,25,26,28,29,30,31,32,33,34,35,36,38,39,41,43,45,47,49,51,52,53,55,56,57,58,59,61,62,65,68,71,74,75,77,78,79,91,98]",2,1429,143,0.100069979006298,2
"[0,1,2,3,5,6,7,8,9,10,11,12,13,14,15,16,17,18,19,20,21,22,23,24,25,26,28,29,30,31,32,33,34,35,36,38,39,41,43,45,47,49,51,52,53,55,56,57,58,59,61,62,65,68,71,74,75,77,78,79,91,98]",3,1429,0,0,2
"[0,1,2,3,5,6,7,8,9,10,11,12,13,14,15,16,17,18,19,20,21,22,23,24,25,26,28,29,30,31,32,33,34,35,36,38,39,41,43,45,47,49,51,52,53,55,56,57,58,59,61,62,65,68,71,74,75,77,78,79,91,98]",5,1429,111,0.0776766969909027,2
"[0,1,2,3,5,6,7,8,9,10,11,12,13,14,15,16,17,18,19,20,21,22,23,24,25,26,28,29,30,31,32,33,34,35,36,38,39,41,43,45,47,49,51,52,53,55,56,57,58,59,61,62,65,68,71,74,75,77,78,79,91,98]",6,1429,324,0.226731980405878,2
"[0,1,2,3,5,6,7,8,9,10,11,12,13,14,15,16,17,18,19,20,21,22,23,24,25,26,28,29,30,31,32,33,34,35,36,38,39,41,43,45,47,49,51,52,53,55,56,57,58,59,61,62,65,68,71,74,75,77,78,79,91,98]",7,1429,15,0.0104968509447166,2
"[0,1,2,3,5,6,7,8,9,10,11,12,13,14,15,16,17,18,19,20,21,22,23,24,25,26,28,29,30,31,32,33,34,35,36,38,39,41,43,45,47,49,51,52,53,55,56,57,58,59,61,62,65,68,71,74,75,77,78,79,91,98]",8,1429,0,0,2
"[0,1,2,3,5,6,7,8,9,10,11,12,13,14,15,16,17,18,19,20,21,22,23,24,25,26,28,29,30,31,32,33,34,35,36,38,39,41,43,45,47,49,51,52,53,55,56,57,58,59,61,62,65,68,71,74,75,77,78,79,91,98]",9,1429,167,0.116864940517845,2
"[0,1,2,3,5,6,7,8,9,10,11,12,13,14,15,16,17,18,19,20,21,22,23,24,25,26,28,29,30,31,32,33,34,35,36,38,39,41,43,45,47,49,51,52,53,55,56,57,58,59,61,62,65,68,71,74,75,77,78,79,91,98]",10,1429,9,0.00629811056682995,2
"[0,1,2,3,5,6,7,8,9,10,11,12,13,14,15,16,17,18,19,20,21,22,23,24,25,26,28,29,30,31,32,33,34,35,36,38,39,41,43,45,47,49,51,52,53,55,56,57,58,59,61,62,65,68,71,74,75,77,78,79,91,98]",11,1429,0,0,2
"[0,1,2,3,5,6,7,8,9,10,11,12,13,14,15,16,17,18,19,20,21,22,23,24,25,26,28,29,30,31,32,33,34,35,36,38,39,41,43,45,47,49,51,52,53,55,56,57,58,59,61,62,65,68,71,74,75,77,78,79,91,98]",12,1429,0,0,2
"[0,1,2,3,5,6,7,8,9,10,11,12,13,14,15,16,17,18,19,20,21,22,23,24,25,26,28,29,30,31,32,33,34,35,36,38,39,41,43,45,47,49,51,52,53,55,56,57,58,59,61,62,65,68,71,74,75,77,78,79,91,98]",13,1429,0,0,2
"[0,1,2,3,5,6,7,8,9,10,11,12,13,14,15,16,17,18,19,20,21,22,23,24,25,26,28,29,30,31,32,33,34,35,36,38,39,41,43,45,47,49,51,52,53,55,56,57,58,59,61,62,65,68,71,74,75,77,78,79,91,98]",14,1429,0,0,2
"[0,1,2,3,5,6,7,8,9,10,11,12,13,14,15,16,17,18,19,20,21,22,23,24,25,26,28,29,30,31,32,33,34,35,36,38,39,41,43,45,47,49,51,52,53,55,56,57,58,59,61,62,65,68,71,74,75,77,78,79,91,98]",15,1429,0,0,2
"[0,1,2,3,5,6,7,8,9,10,11,12,13,14,15,16,17,18,19,20,21,22,23,24,25,26,28,29,30,31,32,33,34,35,36,38,39,41,43,45,47,49,51,52,53,55,56,57,58,59,61,62,65,68,71,74,75,77,78,79,91,98]",16,1429,0,0,2
"[0,1,2,3,5,6,7,8,9,10,11,12,13,14,15,16,17,18,19,20,21,22,23,24,25,26,28,29,30,31,32,33,34,35,36,38,39,41,43,45,47,49,51,52,53,55,56,57,58,59,61,62,65,68,71,74,75,77,78,79,91,98]",17,1429,0,0,2
"[0,1,2,3,5,6,7,8,9,10,11,12,13,14,15,16,17,18,19,20,21,22,23,24,25,26,28,29,30,31,32,33,34,35,36,38,39,41,43,45,47,49,51,52,53,55,56,57,58,59,61,62,65,68,71,74,75,77,78,79,91,98]",18,1429,0,0,2
"[0,1,2,3,5,6,7,8,9,10,11,12,13,14,15,16,17,18,19,20,21,22,23,24,25,26,28,29,30,31,32,33,34,35,36,38,39,41,43,45,47,49,51,52,53,55,56,57,58,59,61,62,65,68,71,74,75,77,78,79,91,98]",19,1429,0,0,2
"[0,1,2,3,5,6,7,8,9,10,11,12,13,14,15,16,17,18,19,20,21,22,23,24,25,26,28,29,30,31,32,33,34,35,36,38,39,41,43,45,47,49,51,52,53,55,56,57,58,59,61,62,65,68,71,74,75,77,78,79,91,98]",20,1429,0,0,2
"[0,1,2,3,5,6,7,8,9,10,11,12,13,14,15,16,17,18,19,20,21,22,23,24,25,26,28,29,30,31,32,33,34,35,36,38,39,41,43,45,47,49,51,52,53,55,56,57,58,59,61,62,65,68,71,74,75,77,78,79,91,98]",21,1429,67,0.0468859342197341,2
"[0,1,2,3,5,6,7,8,9,10,11,12,13,14,15,16,17,18,19,20,21,22,23,24,25,26,28,29,30,31,32,33,34,35,36,38,39,41,43,45,47,49,51,52,53,55,56,57,58,59,61,62,65,68,71,74,75,77,78,79,91,98]",22,1429,0,0,2
"[0,1,2,3,5,6,7,8,9,10,11,12,13,14,15,16,17,18,19,20,21,22,23,24,25,26,28,29,30,31,32,33,34,35,36,38,39,41,43,45,47,49,51,52,53,55,56,57,58,59,61,62,65,68,71,74,75,77,78,79,91,98]",23,1429,5,0.00349895031490553,2
"[0,1,2,3,5,6,7,8,9,10,11,12,13,14,15,16,17,18,19,20,21,22,23,24,25,26,28,29,30,31,32,33,34,35,36,38,39,41,43,45,47,49,51,52,53,55,56,57,58,59,61,62,65,68,71,74,75,77,78,79,91,98]",24,1429,0,0,2
"[0,1,2,3,5,6,7,8,9,10,11,12,13,14,15,16,17,18,19,20,21,22,23,24,25,26,28,29,30,31,32,33,34,35,36,38,39,41,43,45,47,49,51,52,53,55,56,57,58,59,61,62,65,68,71,74,75,77,78,79,91,98]",25,1429,85,0.059482155353394,2
"[0,1,2,3,5,6,7,8,9,10,11,12,13,14,15,16,17,18,19,20,21,22,23,24,25,26,28,29,30,31,32,33,34,35,36,38,39,41,43,45,47,49,51,52,53,55,56,57,58,59,61,62,65,68,71,74,75,77,78,79,91,98]",26,1429,9,0.00629811056682995,2
"[0,1,2,3,5,6,7,8,9,10,11,12,13,14,15,16,17,18,19,20,21,22,23,24,25,26,28,29,30,31,32,33,34,35,36,38,39,41,43,45,47,49,51,52,53,55,56,57,58,59,61,62,65,68,71,74,75,77,78,79,91,98]",28,1429,5,0.00349895031490553,2
"[0,1,2,3,5,6,7,8,9,10,11,12,13,14,15,16,17,18,19,20,21,22,23,24,25,26,28,29,30,31,32,33,34,35,36,38,39,41,43,45,47,49,51,52,53,55,56,57,58,59,61,62,65,68,71,74,75,77,78,79,91,98]",29,1429,0,0,2
"[0,1,2,3,5,6,7,8,9,10,11,12,13,14,15,16,17,18,19,20,21,22,23,24,25,26,28,29,30,31,32,33,34,35,36,38,39,41,43,45,47,49,51,52,53,55,56,57,58,59,61,62,65,68,71,74,75,77,78,79,91,98]",30,1429,0,0,2
"[0,1,2,3,5,6,7,8,9,10,11,12,13,14,15,16,17,18,19,20,21,22,23,24,25,26,28,29,30,31,32,33,34,35,36,38,39,41,43,45,47,49,51,52,53,55,56,57,58,59,61,62,65,68,71,74,75,77,78,79,91,98]",31,1429,19,0.013296011196641,2
"[0,1,2,3,5,6,7,8,9,10,11,12,13,14,15,16,17,18,19,20,21,22,23,24,25,26,28,29,30,31,32,33,34,35,36,38,39,41,43,45,47,49,51,52,53,55,56,57,58,59,61,62,65,68,71,74,75,77,78,79,91,98]",32,1429,14,0.00979706088173548,2
"[0,1,2,3,5,6,7,8,9,10,11,12,13,14,15,16,17,18,19,20,21,22,23,24,25,26,28,29,30,31,32,33,34,35,36,38,39,41,43,45,47,49,51,52,53,55,56,57,58,59,61,62,65,68,71,74,75,77,78,79,91,98]",33,1429,0,0,2
"[0,1,2,3,5,6,7,8,9,10,11,12,13,14,15,16,17,18,19,20,21,22,23,24,25,26,28,29,30,31,32,33,34,35,36,38,39,41,43,45,47,49,51,52,53,55,56,57,58,59,61,62,65,68,71,74,75,77,78,79,91,98]",34,1429,0,0,2
"[0,1,2,3,5,6,7,8,9,10,11,12,13,14,15,16,17,18,19,20,21,22,23,24,25,26,28,29,30,31,32,33,34,35,36,38,39,41,43,45,47,49,51,52,53,55,56,57,58,59,61,62,65,68,71,74,75,77,78,79,91,98]",35,1429,0,0,2
"[0,1,2,3,5,6,7,8,9,10,11,12,13,14,15,16,17,18,19,20,21,22,23,24,25,26,28,29,30,31,32,33,34,35,36,38,39,41,43,45,47,49,51,52,53,55,56,57,58,59,61,62,65,68,71,74,75,77,78,79,91,98]",36,1429,0,0,2
"[0,1,2,3,5,6,7,8,9,10,11,12,13,14,15,16,17,18,19,20,21,22,23,24,25,26,28,29,30,31,32,33,34,35,36,38,39,41,43,45,47,49,51,52,53,55,56,57,58,59,61,62,65,68,71,74,75,77,78,79,91,98]",38,1429,0,0,2
"[0,1,2,3,5,6,7,8,9,10,11,12,13,14,15,16,17,18,19,20,21,22,23,24,25,26,28,29,30,31,32,33,34,35,36,38,39,41,43,45,47,49,51,52,53,55,56,57,58,59,61,62,65,68,71,74,75,77,78,79,91,98]",39,1429,15,0.0104968509447166,2
"[0,1,2,3,5,6,7,8,9,10,11,12,13,14,15,16,17,18,19,20,21,22,23,24,25,26,28,29,30,31,32,33,34,35,36,38,39,41,43,45,47,49,51,52,53,55,56,57,58,59,61,62,65,68,71,74,75,77,78,79,91,98]",41,1429,0,0,2
"[0,1,2,3,5,6,7,8,9,10,11,12,13,14,15,16,17,18,19,20,21,22,23,24,25,26,28,29,30,31,32,33,34,35,36,38,39,41,43,45,47,49,51,52,53,55,56,57,58,59,61,62,65,68,71,74,75,77,78,79,91,98]",43,1429,25,0.0174947515745276,2
"[0,1,2,3,5,6,7,8,9,10,11,12,13,14,15,16,17,18,19,20,21,22,23,24,25,26,28,29,30,31,32,33,34,35,36,38,39,41,43,45,47,49,51,52,53,55,56,57,58,59,61,62,65,68,71,74,75,77,78,79,91,98]",45,1429,13,0.00909727081875437,2
"[0,1,2,3,5,6,7,8,9,10,11,12,13,14,15,16,17,18,19,20,21,22,23,24,25,26,28,29,30,31,32,33,34,35,36,38,39,41,43,45,47,49,51,52,53,55,56,57,58,59,61,62,65,68,71,74,75,77,78,79,91,98]",47,1429,0,0,2
"[0,1,2,3,5,6,7,8,9,10,11,12,13,14,15,16,17,18,19,20,21,22,23,24,25,26,28,29,30,31,32,33,34,35,36,38,39,41,43,45,47,49,51,52,53,55,56,57,58,59,61,62,65,68,71,74,75,77,78,79,91,98]",49,1429,15,0.0104968509447166,2
"[0,1,2,3,5,6,7,8,9,10,11,12,13,14,15,16,17,18,19,20,21,22,23,24,25,26,28,29,30,31,32,33,34,35,36,38,39,41,43,45,47,49,51,52,53,55,56,57,58,59,61,62,65,68,71,74,75,77,78,79,91,98]",51,1429,5,0.00349895031490553,2
"[0,1,2,3,5,6,7,8,9,10,11,12,13,14,15,16,17,18,19,20,21,22,23,24,25,26,28,29,30,31,32,33,34,35,36,38,39,41,43,45,47,49,51,52,53,55,56,57,58,59,61,62,65,68,71,74,75,77,78,79,91,98]",52,1429,6,0.00419874037788663,2
"[0,1,2,3,5,6,7,8,9,10,11,12,13,14,15,16,17,18,19,20,21,22,23,24,25,26,28,29,30,31,32,33,34,35,36,38,39,41,43,45,47,49,51,52,53,55,56,57,58,59,61,62,65,68,71,74,75,77,78,79,91,98]",53,1429,0,0,2
"[0,1,2,3,5,6,7,8,9,10,11,12,13,14,15,16,17,18,19,20,21,22,23,24,25,26,28,29,30,31,32,33,34,35,36,38,39,41,43,45,47,49,51,52,53,55,56,57,58,59,61,62,65,68,71,74,75,77,78,79,91,98]",55,1429,4,0.00279916025192442,2
"[0,1,2,3,5,6,7,8,9,10,11,12,13,14,15,16,17,18,19,20,21,22,23,24,25,26,28,29,30,31,32,33,34,35,36,38,39,41,43,45,47,49,51,52,53,55,56,57,58,59,61,62,65,68,71,74,75,77,78,79,91,98]",56,1429,0,0,2
"[0,1,2,3,5,6,7,8,9,10,11,12,13,14,15,16,17,18,19,20,21,22,23,24,25,26,28,29,30,31,32,33,34,35,36,38,39,41,43,45,47,49,51,52,53,55,56,57,58,59,61,62,65,68,71,74,75,77,78,79,91,98]",57,1429,0,0,2
"[0,1,2,3,5,6,7,8,9,10,11,12,13,14,15,16,17,18,19,20,21,22,23,24,25,26,28,29,30,31,32,33,34,35,36,38,39,41,43,45,47,49,51,52,53,55,56,57,58,59,61,62,65,68,71,74,75,77,78,79,91,98]",58,1429,288,0.201539538138558,2
"[0,1,2,3,5,6,7,8,9,10,11,12,13,14,15,16,17,18,19,20,21,22,23,24,25,26,28,29,30,31,32,33,34,35,36,38,39,41,43,45,47,49,51,52,53,55,56,57,58,59,61,62,65,68,71,74,75,77,78,79,91,98]",59,1429,1,0.000699790062981106,2
"[0,1,2,3,5,6,7,8,9,10,11,12,13,14,15,16,17,18,19,20,21,22,23,24,25,26,28,29,30,31,32,33,34,35,36,38,39,41,43,45,47,49,51,52,53,55,56,57,58,59,61,62,65,68,71,74,75,77,78,79,91,98]",61,1429,0,0,2
"[0,1,2,3,5,6,7,8,9,10,11,12,13,14,15,16,17,18,19,20,21,22,23,24,25,26,28,29,30,31,32,33,34,35,36,38,39,41,43,45,47,49,51,52,53,55,56,57,58,59,61,62,65,68,71,74,75,77,78,79,91,98]",62,1429,0,0,2
"[0,1,2,3,5,6,7,8,9,10,11,12,13,14,15,16,17,18,19,20,21,22,23,24,25,26,28,29,30,31,32,33,34,35,36,38,39,41,43,45,47,49,51,52,53,55,56,57,58,59,61,62,65,68,71,74,75,77,78,79,91,98]",65,1429,5,0.00349895031490553,2
"[0,1,2,3,5,6,7,8,9,10,11,12,13,14,15,16,17,18,19,20,21,22,23,24,25,26,28,29,30,31,32,33,34,35,36,38,39,41,43,45,47,49,51,52,53,55,56,57,58,59,61,62,65,68,71,74,75,77,78,79,91,98]",68,1429,0,0,2
"[0,1,2,3,5,6,7,8,9,10,11,12,13,14,15,16,17,18,19,20,21,22,23,24,25,26,28,29,30,31,32,33,34,35,36,38,39,41,43,45,47,49,51,52,53,55,56,57,58,59,61,62,65,68,71,74,75,77,78,79,91,98]",71,1429,0,0,2
"[0,1,2,3,5,6,7,8,9,10,11,12,13,14,15,16,17,18,19,20,21,22,23,24,25,26,28,29,30,31,32,33,34,35,36,38,39,41,43,45,47,49,51,52,53,55,56,57,58,59,61,62,65,68,71,74,75,77,78,79,91,98]",74,1429,0,0,2
"[0,1,2,3,5,6,7,8,9,10,11,12,13,14,15,16,17,18,19,20,21,22,23,24,25,26,28,29,30,31,32,33,34,35,36,38,39,41,43,45,47,49,51,52,53,55,56,57,58,59,61,62,65,68,71,74,75,77,78,79,91,98]",75,1429,0,0,2
"[0,1,2,3,5,6,7,8,9,10,11,12,13,14,15,16,17,18,19,20,21,22,23,24,25,26,28,29,30,31,32,33,34,35,36,38,39,41,43,45,47,49,51,52,53,55,56,57,58,59,61,62,65,68,71,74,75,77,78,79,91,98]",77,1429,0,0,2
"[0,1,2,3,5,6,7,8,9,10,11,12,13,14,15,16,17,18,19,20,21,22,23,24,25,26,28,29,30,31,32,33,34,35,36,38,39,41,43,45,47,49,51,52,53,55,56,57,58,59,61,62,65,68,71,74,75,77,78,79,91,98]",78,1429,0,0,2
"[0,1,2,3,5,6,7,8,9,10,11,12,13,14,15,16,17,18,19,20,21,22,23,24,25,26,28,29,30,31,32,33,34,35,36,38,39,41,43,45,47,49,51,52,53,55,56,57,58,59,61,62,65,68,71,74,75,77,78,79,91,98]",79,1429,0,0,2
"[0,1,2,3,5,6,7,8,9,10,11,12,13,14,15,16,17,18,19,20,21,22,23,24,25,26,28,29,30,31,32,33,34,35,36,38,39,41,43,45,47,49,51,52,53,55,56,57,58,59,61,62,65,68,71,74,75,77,78,79,91,98]",91,1429,0,0,2
"[0,1,2,3,5,6,7,8,9,10,11,12,13,14,15,16,17,18,19,20,21,22,23,24,25,26,28,29,30,31,32,33,34,35,36,38,39,41,43,45,47,49,51,52,53,55,56,57,58,59,61,62,65,68,71,74,75,77,78,79,91,98]",98,1429,0,0,2
"[0,1,2,3,5,6,7,8,9,10,11,12,13,14,15,16,17,18,19,20,21,22,23,24,25,26,28,29,30,31,32,33,34,36,38,39,41,43,45,47,49,51,52,53,55,56,57,58,59,61,62,65,68,71,74,75,77,78,79,91,98]",0,1265,50,0.0395256916996047,2
"[0,1,2,3,5,6,7,8,9,10,11,12,13,14,15,16,17,18,19,20,21,22,23,24,25,26,28,29,30,31,32,33,34,36,38,39,41,43,45,47,49,51,52,53,55,56,57,58,59,61,62,65,68,71,74,75,77,78,79,91,98]",1,1265,19,0.0150197628458498,2
"[0,1,2,3,5,6,7,8,9,10,11,12,13,14,15,16,17,18,19,20,21,22,23,24,25,26,28,29,30,31,32,33,34,36,38,39,41,43,45,47,49,51,52,53,55,56,57,58,59,61,62,65,68,71,74,75,77,78,79,91,98]",2,1265,155,0.122529644268775,2
"[0,1,2,3,5,6,7,8,9,10,11,12,13,14,15,16,17,18,19,20,21,22,23,24,25,26,28,29,30,31,32,33,34,36,38,39,41,43,45,47,49,51,52,53,55,56,57,58,59,61,62,65,68,71,74,75,77,78,79,91,98]",3,1265,0,0,2
"[0,1,2,3,5,6,7,8,9,10,11,12,13,14,15,16,17,18,19,20,21,22,23,24,25,26,28,29,30,31,32,33,34,36,38,39,41,43,45,47,49,51,52,53,55,56,57,58,59,61,62,65,68,71,74,75,77,78,79,91,98]",5,1265,110,0.0869565217391304,2
"[0,1,2,3,5,6,7,8,9,10,11,12,13,14,15,16,17,18,19,20,21,22,23,24,25,26,28,29,30,31,32,33,34,36,38,39,41,43,45,47,49,51,52,53,55,56,57,58,59,61,62,65,68,71,74,75,77,78,79,91,98]",6,1265,166,0.131225296442688,2
"[0,1,2,3,5,6,7,8,9,10,11,12,13,14,15,16,17,18,19,20,21,22,23,24,25,26,28,29,30,31,32,33,34,36,38,39,41,43,45,47,49,51,52,53,55,56,57,58,59,61,62,65,68,71,74,75,77,78,79,91,98]",7,1265,32,0.025296442687747,2
"[0,1,2,3,5,6,7,8,9,10,11,12,13,14,15,16,17,18,19,20,21,22,23,24,25,26,28,29,30,31,32,33,34,36,38,39,41,43,45,47,49,51,52,53,55,56,57,58,59,61,62,65,68,71,74,75,77,78,79,91,98]",8,1265,0,0,2
"[0,1,2,3,5,6,7,8,9,10,11,12,13,14,15,16,17,18,19,20,21,22,23,24,25,26,28,29,30,31,32,33,34,36,38,39,41,43,45,47,49,51,52,53,55,56,57,58,59,61,62,65,68,71,74,75,77,78,79,91,98]",9,1265,47,0.0371541501976285,2
"[0,1,2,3,5,6,7,8,9,10,11,12,13,14,15,16,17,18,19,20,21,22,23,24,25,26,28,29,30,31,32,33,34,36,38,39,41,43,45,47,49,51,52,53,55,56,57,58,59,61,62,65,68,71,74,75,77,78,79,91,98]",10,1265,8,0.00632411067193676,2
"[0,1,2,3,5,6,7,8,9,10,11,12,13,14,15,16,17,18,19,20,21,22,23,24,25,26,28,29,30,31,32,33,34,36,38,39,41,43,45,47,49,51,52,53,55,56,57,58,59,61,62,65,68,71,74,75,77,78,79,91,98]",11,1265,0,0,2
"[0,1,2,3,5,6,7,8,9,10,11,12,13,14,15,16,17,18,19,20,21,22,23,24,25,26,28,29,30,31,32,33,34,36,38,39,41,43,45,47,49,51,52,53,55,56,57,58,59,61,62,65,68,71,74,75,77,78,79,91,98]",12,1265,0,0,2
"[0,1,2,3,5,6,7,8,9,10,11,12,13,14,15,16,17,18,19,20,21,22,23,24,25,26,28,29,30,31,32,33,34,36,38,39,41,43,45,47,49,51,52,53,55,56,57,58,59,61,62,65,68,71,74,75,77,78,79,91,98]",13,1265,0,0,2
"[0,1,2,3,5,6,7,8,9,10,11,12,13,14,15,16,17,18,19,20,21,22,23,24,25,26,28,29,30,31,32,33,34,36,38,39,41,43,45,47,49,51,52,53,55,56,57,58,59,61,62,65,68,71,74,75,77,78,79,91,98]",14,1265,0,0,2
"[0,1,2,3,5,6,7,8,9,10,11,12,13,14,15,16,17,18,19,20,21,22,23,24,25,26,28,29,30,31,32,33,34,36,38,39,41,43,45,47,49,51,52,53,55,56,57,58,59,61,62,65,68,71,74,75,77,78,79,91,98]",15,1265,0,0,2
"[0,1,2,3,5,6,7,8,9,10,11,12,13,14,15,16,17,18,19,20,21,22,23,24,25,26,28,29,30,31,32,33,34,36,38,39,41,43,45,47,49,51,52,53,55,56,57,58,59,61,62,65,68,71,74,75,77,78,79,91,98]",16,1265,0,0,2
"[0,1,2,3,5,6,7,8,9,10,11,12,13,14,15,16,17,18,19,20,21,22,23,24,25,26,28,29,30,31,32,33,34,36,38,39,41,43,45,47,49,51,52,53,55,56,57,58,59,61,62,65,68,71,74,75,77,78,79,91,98]",17,1265,0,0,2
"[0,1,2,3,5,6,7,8,9,10,11,12,13,14,15,16,17,18,19,20,21,22,23,24,25,26,28,29,30,31,32,33,34,36,38,39,41,43,45,47,49,51,52,53,55,56,57,58,59,61,62,65,68,71,74,75,77,78,79,91,98]",18,1265,0,0,2
"[0,1,2,3,5,6,7,8,9,10,11,12,13,14,15,16,17,18,19,20,21,22,23,24,25,26,28,29,30,31,32,33,34,36,38,39,41,43,45,47,49,51,52,53,55,56,57,58,59,61,62,65,68,71,74,75,77,78,79,91,98]",19,1265,0,0,2
"[0,1,2,3,5,6,7,8,9,10,11,12,13,14,15,16,17,18,19,20,21,22,23,24,25,26,28,29,30,31,32,33,34,36,38,39,41,43,45,47,49,51,52,53,55,56,57,58,59,61,62,65,68,71,74,75,77,78,79,91,98]",20,1265,0,0,2
"[0,1,2,3,5,6,7,8,9,10,11,12,13,14,15,16,17,18,19,20,21,22,23,24,25,26,28,29,30,31,32,33,34,36,38,39,41,43,45,47,49,51,52,53,55,56,57,58,59,61,62,65,68,71,74,75,77,78,79,91,98]",21,1265,82,0.0648221343873518,2
"[0,1,2,3,5,6,7,8,9,10,11,12,13,14,15,16,17,18,19,20,21,22,23,24,25,26,28,29,30,31,32,33,34,36,38,39,41,43,45,47,49,51,52,53,55,56,57,58,59,61,62,65,68,71,74,75,77,78,79,91,98]",22,1265,0,0,2
"[0,1,2,3,5,6,7,8,9,10,11,12,13,14,15,16,17,18,19,20,21,22,23,24,25,26,28,29,30,31,32,33,34,36,38,39,41,43,45,47,49,51,52,53,55,56,57,58,59,61,62,65,68,71,74,75,77,78,79,91,98]",23,1265,2,0.00158102766798419,2
"[0,1,2,3,5,6,7,8,9,10,11,12,13,14,15,16,17,18,19,20,21,22,23,24,25,26,28,29,30,31,32,33,34,36,38,39,41,43,45,47,49,51,52,53,55,56,57,58,59,61,62,65,68,71,74,75,77,78,79,91,98]",24,1265,0,0,2
"[0,1,2,3,5,6,7,8,9,10,11,12,13,14,15,16,17,18,19,20,21,22,23,24,25,26,28,29,30,31,32,33,34,36,38,39,41,43,45,47,49,51,52,53,55,56,57,58,59,61,62,65,68,71,74,75,77,78,79,91,98]",25,1265,30,0.0237154150197628,2
"[0,1,2,3,5,6,7,8,9,10,11,12,13,14,15,16,17,18,19,20,21,22,23,24,25,26,28,29,30,31,32,33,34,36,38,39,41,43,45,47,49,51,52,53,55,56,57,58,59,61,62,65,68,71,74,75,77,78,79,91,98]",26,1265,6,0.00474308300395257,2
"[0,1,2,3,5,6,7,8,9,10,11,12,13,14,15,16,17,18,19,20,21,22,23,24,25,26,28,29,30,31,32,33,34,36,38,39,41,43,45,47,49,51,52,53,55,56,57,58,59,61,62,65,68,71,74,75,77,78,79,91,98]",28,1265,2,0.00158102766798419,2
"[0,1,2,3,5,6,7,8,9,10,11,12,13,14,15,16,17,18,19,20,21,22,23,24,25,26,28,29,30,31,32,33,34,36,38,39,41,43,45,47,49,51,52,53,55,56,57,58,59,61,62,65,68,71,74,75,77,78,79,91,98]",29,1265,0,0,2
"[0,1,2,3,5,6,7,8,9,10,11,12,13,14,15,16,17,18,19,20,21,22,23,24,25,26,28,29,30,31,32,33,34,36,38,39,41,43,45,47,49,51,52,53,55,56,57,58,59,61,62,65,68,71,74,75,77,78,79,91,98]",30,1265,0,0,2
"[0,1,2,3,5,6,7,8,9,10,11,12,13,14,15,16,17,18,19,20,21,22,23,24,25,26,28,29,30,31,32,33,34,36,38,39,41,43,45,47,49,51,52,53,55,56,57,58,59,61,62,65,68,71,74,75,77,78,79,91,98]",31,1265,362,0.286166007905138,2
"[0,1,2,3,5,6,7,8,9,10,11,12,13,14,15,16,17,18,19,20,21,22,23,24,25,26,28,29,30,31,32,33,34,36,38,39,41,43,45,47,49,51,52,53,55,56,57,58,59,61,62,65,68,71,74,75,77,78,79,91,98]",32,1265,12,0.00948616600790514,2
"[0,1,2,3,5,6,7,8,9,10,11,12,13,14,15,16,17,18,19,20,21,22,23,24,25,26,28,29,30,31,32,33,34,36,38,39,41,43,45,47,49,51,52,53,55,56,57,58,59,61,62,65,68,71,74,75,77,78,79,91,98]",33,1265,0,0,2
"[0,1,2,3,5,6,7,8,9,10,11,12,13,14,15,16,17,18,19,20,21,22,23,24,25,26,28,29,30,31,32,33,34,36,38,39,41,43,45,47,49,51,52,53,55,56,57,58,59,61,62,65,68,71,74,75,77,78,79,91,98]",34,1265,0,0,2
"[0,1,2,3,5,6,7,8,9,10,11,12,13,14,15,16,17,18,19,20,21,22,23,24,25,26,28,29,30,31,32,33,34,36,38,39,41,43,45,47,49,51,52,53,55,56,57,58,59,61,62,65,68,71,74,75,77,78,79,91,98]",36,1265,0,0,2
"[0,1,2,3,5,6,7,8,9,10,11,12,13,14,15,16,17,18,19,20,21,22,23,24,25,26,28,29,30,31,32,33,34,36,38,39,41,43,45,47,49,51,52,53,55,56,57,58,59,61,62,65,68,71,74,75,77,78,79,91,98]",38,1265,0,0,2
"[0,1,2,3,5,6,7,8,9,10,11,12,13,14,15,16,17,18,19,20,21,22,23,24,25,26,28,29,30,31,32,33,34,36,38,39,41,43,45,47,49,51,52,53,55,56,57,58,59,61,62,65,68,71,74,75,77,78,79,91,98]",39,1265,13,0.0102766798418972,2
"[0,1,2,3,5,6,7,8,9,10,11,12,13,14,15,16,17,18,19,20,21,22,23,24,25,26,28,29,30,31,32,33,34,36,38,39,41,43,45,47,49,51,52,53,55,56,57,58,59,61,62,65,68,71,74,75,77,78,79,91,98]",41,1265,0,0,2
"[0,1,2,3,5,6,7,8,9,10,11,12,13,14,15,16,17,18,19,20,21,22,23,24,25,26,28,29,30,31,32,33,34,36,38,39,41,43,45,47,49,51,52,53,55,56,57,58,59,61,62,65,68,71,74,75,77,78,79,91,98]",43,1265,76,0.0600790513833992,2
"[0,1,2,3,5,6,7,8,9,10,11,12,13,14,15,16,17,18,19,20,21,22,23,24,25,26,28,29,30,31,32,33,34,36,38,39,41,43,45,47,49,51,52,53,55,56,57,58,59,61,62,65,68,71,74,75,77,78,79,91,98]",45,1265,14,0.0110671936758893,2
"[0,1,2,3,5,6,7,8,9,10,11,12,13,14,15,16,17,18,19,20,21,22,23,24,25,26,28,29,30,31,32,33,34,36,38,39,41,43,45,47,49,51,52,53,55,56,57,58,59,61,62,65,68,71,74,75,77,78,79,91,98]",47,1265,0,0,2
"[0,1,2,3,5,6,7,8,9,10,11,12,13,14,15,16,17,18,19,20,21,22,23,24,25,26,28,29,30,31,32,33,34,36,38,39,41,43,45,47,49,51,52,53,55,56,57,58,59,61,62,65,68,71,74,75,77,78,79,91,98]",49,1265,24,0.0189723320158103,2
"[0,1,2,3,5,6,7,8,9,10,11,12,13,14,15,16,17,18,19,20,21,22,23,24,25,26,28,29,30,31,32,33,34,36,38,39,41,43,45,47,49,51,52,53,55,56,57,58,59,61,62,65,68,71,74,75,77,78,79,91,98]",51,1265,19,0.0150197628458498,2
"[0,1,2,3,5,6,7,8,9,10,11,12,13,14,15,16,17,18,19,20,21,22,23,24,25,26,28,29,30,31,32,33,34,36,38,39,41,43,45,47,49,51,52,53,55,56,57,58,59,61,62,65,68,71,74,75,77,78,79,91,98]",52,1265,9,0.00711462450592885,2
"[0,1,2,3,5,6,7,8,9,10,11,12,13,14,15,16,17,18,19,20,21,22,23,24,25,26,28,29,30,31,32,33,34,36,38,39,41,43,45,47,49,51,52,53,55,56,57,58,59,61,62,65,68,71,74,75,77,78,79,91,98]",53,1265,0,0,2
"[0,1,2,3,5,6,7,8,9,10,11,12,13,14,15,16,17,18,19,20,21,22,23,24,25,26,28,29,30,31,32,33,34,36,38,39,41,43,45,47,49,51,52,53,55,56,57,58,59,61,62,65,68,71,74,75,77,78,79,91,98]",55,1265,3,0.00237154150197628,2
"[0,1,2,3,5,6,7,8,9,10,11,12,13,14,15,16,17,18,19,20,21,22,23,24,25,26,28,29,30,31,32,33,34,36,38,39,41,43,45,47,49,51,52,53,55,56,57,58,59,61,62,65,68,71,74,75,77,78,79,91,98]",56,1265,6,0.00474308300395257,2
"[0,1,2,3,5,6,7,8,9,10,11,12,13,14,15,16,17,18,19,20,21,22,23,24,25,26,28,29,30,31,32,33,34,36,38,39,41,43,45,47,49,51,52,53,55,56,57,58,59,61,62,65,68,71,74,75,77,78,79,91,98]",57,1265,0,0,2
"[0,1,2,3,5,6,7,8,9,10,11,12,13,14,15,16,17,18,19,20,21,22,23,24,25,26,28,29,30,31,32,33,34,36,38,39,41,43,45,47,49,51,52,53,55,56,57,58,59,61,62,65,68,71,74,75,77,78,79,91,98]",58,1265,14,0.0110671936758893,2
"[0,1,2,3,5,6,7,8,9,10,11,12,13,14,15,16,17,18,19,20,21,22,23,24,25,26,28,29,30,31,32,33,34,36,38,39,41,43,45,47,49,51,52,53,55,56,57,58,59,61,62,65,68,71,74,75,77,78,79,91,98]",59,1265,1,0.000790513833992095,2
"[0,1,2,3,5,6,7,8,9,10,11,12,13,14,15,16,17,18,19,20,21,22,23,24,25,26,28,29,30,31,32,33,34,36,38,39,41,43,45,47,49,51,52,53,55,56,57,58,59,61,62,65,68,71,74,75,77,78,79,91,98]",61,1265,0,0,2
"[0,1,2,3,5,6,7,8,9,10,11,12,13,14,15,16,17,18,19,20,21,22,23,24,25,26,28,29,30,31,32,33,34,36,38,39,41,43,45,47,49,51,52,53,55,56,57,58,59,61,62,65,68,71,74,75,77,78,79,91,98]",62,1265,0,0,2
"[0,1,2,3,5,6,7,8,9,10,11,12,13,14,15,16,17,18,19,20,21,22,23,24,25,26,28,29,30,31,32,33,34,36,38,39,41,43,45,47,49,51,52,53,55,56,57,58,59,61,62,65,68,71,74,75,77,78,79,91,98]",65,1265,2,0.00158102766798419,2
"[0,1,2,3,5,6,7,8,9,10,11,12,13,14,15,16,17,18,19,20,21,22,23,24,25,26,28,29,30,31,32,33,34,36,38,39,41,43,45,47,49,51,52,53,55,56,57,58,59,61,62,65,68,71,74,75,77,78,79,91,98]",68,1265,1,0.000790513833992095,2
"[0,1,2,3,5,6,7,8,9,10,11,12,13,14,15,16,17,18,19,20,21,22,23,24,25,26,28,29,30,31,32,33,34,36,38,39,41,43,45,47,49,51,52,53,55,56,57,58,59,61,62,65,68,71,74,75,77,78,79,91,98]",71,1265,0,0,2
"[0,1,2,3,5,6,7,8,9,10,11,12,13,14,15,16,17,18,19,20,21,22,23,24,25,26,28,29,30,31,32,33,34,36,38,39,41,43,45,47,49,51,52,53,55,56,57,58,59,61,62,65,68,71,74,75,77,78,79,91,98]",74,1265,0,0,2
"[0,1,2,3,5,6,7,8,9,10,11,12,13,14,15,16,17,18,19,20,21,22,23,24,25,26,28,29,30,31,32,33,34,36,38,39,41,43,45,47,49,51,52,53,55,56,57,58,59,61,62,65,68,71,74,75,77,78,79,91,98]",75,1265,0,0,2
"[0,1,2,3,5,6,7,8,9,10,11,12,13,14,15,16,17,18,19,20,21,22,23,24,25,26,28,29,30,31,32,33,34,36,38,39,41,43,45,47,49,51,52,53,55,56,57,58,59,61,62,65,68,71,74,75,77,78,79,91,98]",77,1265,0,0,2
"[0,1,2,3,5,6,7,8,9,10,11,12,13,14,15,16,17,18,19,20,21,22,23,24,25,26,28,29,30,31,32,33,34,36,38,39,41,43,45,47,49,51,52,53,55,56,57,58,59,61,62,65,68,71,74,75,77,78,79,91,98]",78,1265,0,0,2
"[0,1,2,3,5,6,7,8,9,10,11,12,13,14,15,16,17,18,19,20,21,22,23,24,25,26,28,29,30,31,32,33,34,36,38,39,41,43,45,47,49,51,52,53,55,56,57,58,59,61,62,65,68,71,74,75,77,78,79,91,98]",79,1265,0,0,2
"[0,1,2,3,5,6,7,8,9,10,11,12,13,14,15,16,17,18,19,20,21,22,23,24,25,26,28,29,30,31,32,33,34,36,38,39,41,43,45,47,49,51,52,53,55,56,57,58,59,61,62,65,68,71,74,75,77,78,79,91,98]",91,1265,0,0,2
"[0,1,2,3,5,6,7,8,9,10,11,12,13,14,15,16,17,18,19,20,21,22,23,24,25,26,28,29,30,31,32,33,34,36,38,39,41,43,45,47,49,51,52,53,55,56,57,58,59,61,62,65,68,71,74,75,77,78,79,91,98]",98,1265,0,0,2
"[0,1,2,3,5,6,7,8,9,10,11,12,13,14,15,16,17,18,19,20,21,22,23,24,25,26,28,29,30,31,32,33,36,38,39,41,43,45,47,49,51,52,53,55,56,57,58,59,61,62,63,65,67,68,71,73,74,75,77,79,91,98]",0,949,40,0.0421496311907271,2
"[0,1,2,3,5,6,7,8,9,10,11,12,13,14,15,16,17,18,19,20,21,22,23,24,25,26,28,29,30,31,32,33,36,38,39,41,43,45,47,49,51,52,53,55,56,57,58,59,61,62,63,65,67,68,71,73,74,75,77,79,91,98]",1,949,22,0.0231822971548999,2
"[0,1,2,3,5,6,7,8,9,10,11,12,13,14,15,16,17,18,19,20,21,22,23,24,25,26,28,29,30,31,32,33,36,38,39,41,43,45,47,49,51,52,53,55,56,57,58,59,61,62,63,65,67,68,71,73,74,75,77,79,91,98]",2,949,168,0.177028451001054,2
"[0,1,2,3,5,6,7,8,9,10,11,12,13,14,15,16,17,18,19,20,21,22,23,24,25,26,28,29,30,31,32,33,36,38,39,41,43,45,47,49,51,52,53,55,56,57,58,59,61,62,63,65,67,68,71,73,74,75,77,79,91,98]",3,949,0,0,2
"[0,1,2,3,5,6,7,8,9,10,11,12,13,14,15,16,17,18,19,20,21,22,23,24,25,26,28,29,30,31,32,33,36,38,39,41,43,45,47,49,51,52,53,55,56,57,58,59,61,62,63,65,67,68,71,73,74,75,77,79,91,98]",5,949,106,0.111696522655427,2
"[0,1,2,3,5,6,7,8,9,10,11,12,13,14,15,16,17,18,19,20,21,22,23,24,25,26,28,29,30,31,32,33,36,38,39,41,43,45,47,49,51,52,53,55,56,57,58,59,61,62,63,65,67,68,71,73,74,75,77,79,91,98]",6,949,38,0.0400421496311907,2
"[0,1,2,3,5,6,7,8,9,10,11,12,13,14,15,16,17,18,19,20,21,22,23,24,25,26,28,29,30,31,32,33,36,38,39,41,43,45,47,49,51,52,53,55,56,57,58,59,61,62,63,65,67,68,71,73,74,75,77,79,91,98]",7,949,24,0.0252897787144362,2
"[0,1,2,3,5,6,7,8,9,10,11,12,13,14,15,16,17,18,19,20,21,22,23,24,25,26,28,29,30,31,32,33,36,38,39,41,43,45,47,49,51,52,53,55,56,57,58,59,61,62,63,65,67,68,71,73,74,75,77,79,91,98]",8,949,0,0,2
"[0,1,2,3,5,6,7,8,9,10,11,12,13,14,15,16,17,18,19,20,21,22,23,24,25,26,28,29,30,31,32,33,36,38,39,41,43,45,47,49,51,52,53,55,56,57,58,59,61,62,63,65,67,68,71,73,74,75,77,79,91,98]",9,949,49,0.0516332982086407,2
"[0,1,2,3,5,6,7,8,9,10,11,12,13,14,15,16,17,18,19,20,21,22,23,24,25,26,28,29,30,31,32,33,36,38,39,41,43,45,47,49,51,52,53,55,56,57,58,59,61,62,63,65,67,68,71,73,74,75,77,79,91,98]",10,949,4,0.00421496311907271,2
"[0,1,2,3,5,6,7,8,9,10,11,12,13,14,15,16,17,18,19,20,21,22,23,24,25,26,28,29,30,31,32,33,36,38,39,41,43,45,47,49,51,52,53,55,56,57,58,59,61,62,63,65,67,68,71,73,74,75,77,79,91,98]",11,949,0,0,2
"[0,1,2,3,5,6,7,8,9,10,11,12,13,14,15,16,17,18,19,20,21,22,23,24,25,26,28,29,30,31,32,33,36,38,39,41,43,45,47,49,51,52,53,55,56,57,58,59,61,62,63,65,67,68,71,73,74,75,77,79,91,98]",12,949,0,0,2
"[0,1,2,3,5,6,7,8,9,10,11,12,13,14,15,16,17,18,19,20,21,22,23,24,25,26,28,29,30,31,32,33,36,38,39,41,43,45,47,49,51,52,53,55,56,57,58,59,61,62,63,65,67,68,71,73,74,75,77,79,91,98]",13,949,0,0,2
"[0,1,2,3,5,6,7,8,9,10,11,12,13,14,15,16,17,18,19,20,21,22,23,24,25,26,28,29,30,31,32,33,36,38,39,41,43,45,47,49,51,52,53,55,56,57,58,59,61,62,63,65,67,68,71,73,74,75,77,79,91,98]",14,949,0,0,2
"[0,1,2,3,5,6,7,8,9,10,11,12,13,14,15,16,17,18,19,20,21,22,23,24,25,26,28,29,30,31,32,33,36,38,39,41,43,45,47,49,51,52,53,55,56,57,58,59,61,62,63,65,67,68,71,73,74,75,77,79,91,98]",15,949,0,0,2
"[0,1,2,3,5,6,7,8,9,10,11,12,13,14,15,16,17,18,19,20,21,22,23,24,25,26,28,29,30,31,32,33,36,38,39,41,43,45,47,49,51,52,53,55,56,57,58,59,61,62,63,65,67,68,71,73,74,75,77,79,91,98]",16,949,0,0,2
"[0,1,2,3,5,6,7,8,9,10,11,12,13,14,15,16,17,18,19,20,21,22,23,24,25,26,28,29,30,31,32,33,36,38,39,41,43,45,47,49,51,52,53,55,56,57,58,59,61,62,63,65,67,68,71,73,74,75,77,79,91,98]",17,949,0,0,2
"[0,1,2,3,5,6,7,8,9,10,11,12,13,14,15,16,17,18,19,20,21,22,23,24,25,26,28,29,30,31,32,33,36,38,39,41,43,45,47,49,51,52,53,55,56,57,58,59,61,62,63,65,67,68,71,73,74,75,77,79,91,98]",18,949,0,0,2
"[0,1,2,3,5,6,7,8,9,10,11,12,13,14,15,16,17,18,19,20,21,22,23,24,25,26,28,29,30,31,32,33,36,38,39,41,43,45,47,49,51,52,53,55,56,57,58,59,61,62,63,65,67,68,71,73,74,75,77,79,91,98]",19,949,0,0,2
"[0,1,2,3,5,6,7,8,9,10,11,12,13,14,15,16,17,18,19,20,21,22,23,24,25,26,28,29,30,31,32,33,36,38,39,41,43,45,47,49,51,52,53,55,56,57,58,59,61,62,63,65,67,68,71,73,74,75,77,79,91,98]",20,949,0,0,2
"[0,1,2,3,5,6,7,8,9,10,11,12,13,14,15,16,17,18,19,20,21,22,23,24,25,26,28,29,30,31,32,33,36,38,39,41,43,45,47,49,51,52,53,55,56,57,58,59,61,62,63,65,67,68,71,73,74,75,77,79,91,98]",21,949,67,0.0706006322444679,2
"[0,1,2,3,5,6,7,8,9,10,11,12,13,14,15,16,17,18,19,20,21,22,23,24,25,26,28,29,30,31,32,33,36,38,39,41,43,45,47,49,51,52,53,55,56,57,58,59,61,62,63,65,67,68,71,73,74,75,77,79,91,98]",22,949,0,0,2
"[0,1,2,3,5,6,7,8,9,10,11,12,13,14,15,16,17,18,19,20,21,22,23,24,25,26,28,29,30,31,32,33,36,38,39,41,43,45,47,49,51,52,53,55,56,57,58,59,61,62,63,65,67,68,71,73,74,75,77,79,91,98]",23,949,5,0.00526870389884088,2
"[0,1,2,3,5,6,7,8,9,10,11,12,13,14,15,16,17,18,19,20,21,22,23,24,25,26,28,29,30,31,32,33,36,38,39,41,43,45,47,49,51,52,53,55,56,57,58,59,61,62,63,65,67,68,71,73,74,75,77,79,91,98]",24,949,0,0,2
"[0,1,2,3,5,6,7,8,9,10,11,12,13,14,15,16,17,18,19,20,21,22,23,24,25,26,28,29,30,31,32,33,36,38,39,41,43,45,47,49,51,52,53,55,56,57,58,59,61,62,63,65,67,68,71,73,74,75,77,79,91,98]",25,949,13,0.0136986301369863,2
"[0,1,2,3,5,6,7,8,9,10,11,12,13,14,15,16,17,18,19,20,21,22,23,24,25,26,28,29,30,31,32,33,36,38,39,41,43,45,47,49,51,52,53,55,56,57,58,59,61,62,63,65,67,68,71,73,74,75,77,79,91,98]",26,949,2,0.00210748155953635,2
"[0,1,2,3,5,6,7,8,9,10,11,12,13,14,15,16,17,18,19,20,21,22,23,24,25,26,28,29,30,31,32,33,36,38,39,41,43,45,47,49,51,52,53,55,56,57,58,59,61,62,63,65,67,68,71,73,74,75,77,79,91,98]",28,949,0,0,2
"[0,1,2,3,5,6,7,8,9,10,11,12,13,14,15,16,17,18,19,20,21,22,23,24,25,26,28,29,30,31,32,33,36,38,39,41,43,45,47,49,51,52,53,55,56,57,58,59,61,62,63,65,67,68,71,73,74,75,77,79,91,98]",29,949,0,0,2
"[0,1,2,3,5,6,7,8,9,10,11,12,13,14,15,16,17,18,19,20,21,22,23,24,25,26,28,29,30,31,32,33,36,38,39,41,43,45,47,49,51,52,53,55,56,57,58,59,61,62,63,65,67,68,71,73,74,75,77,79,91,98]",30,949,0,0,2
"[0,1,2,3,5,6,7,8,9,10,11,12,13,14,15,16,17,18,19,20,21,22,23,24,25,26,28,29,30,31,32,33,36,38,39,41,43,45,47,49,51,52,53,55,56,57,58,59,61,62,63,65,67,68,71,73,74,75,77,79,91,98]",31,949,27,0.0284510010537408,2
"[0,1,2,3,5,6,7,8,9,10,11,12,13,14,15,16,17,18,19,20,21,22,23,24,25,26,28,29,30,31,32,33,36,38,39,41,43,45,47,49,51,52,53,55,56,57,58,59,61,62,63,65,67,68,71,73,74,75,77,79,91,98]",32,949,4,0.00421496311907271,2
"[0,1,2,3,5,6,7,8,9,10,11,12,13,14,15,16,17,18,19,20,21,22,23,24,25,26,28,29,30,31,32,33,36,38,39,41,43,45,47,49,51,52,53,55,56,57,58,59,61,62,63,65,67,68,71,73,74,75,77,79,91,98]",33,949,0,0,2
"[0,1,2,3,5,6,7,8,9,10,11,12,13,14,15,16,17,18,19,20,21,22,23,24,25,26,28,29,30,31,32,33,36,38,39,41,43,45,47,49,51,52,53,55,56,57,58,59,61,62,63,65,67,68,71,73,74,75,77,79,91,98]",36,949,0,0,2
"[0,1,2,3,5,6,7,8,9,10,11,12,13,14,15,16,17,18,19,20,21,22,23,24,25,26,28,29,30,31,32,33,36,38,39,41,43,45,47,49,51,52,53,55,56,57,58,59,61,62,63,65,67,68,71,73,74,75,77,79,91,98]",38,949,0,0,2
"[0,1,2,3,5,6,7,8,9,10,11,12,13,14,15,16,17,18,19,20,21,22,23,24,25,26,28,29,30,31,32,33,36,38,39,41,43,45,47,49,51,52,53,55,56,57,58,59,61,62,63,65,67,68,71,73,74,75,77,79,91,98]",39,949,21,0.0221285563751317,2
"[0,1,2,3,5,6,7,8,9,10,11,12,13,14,15,16,17,18,19,20,21,22,23,24,25,26,28,29,30,31,32,33,36,38,39,41,43,45,47,49,51,52,53,55,56,57,58,59,61,62,63,65,67,68,71,73,74,75,77,79,91,98]",41,949,0,0,2
"[0,1,2,3,5,6,7,8,9,10,11,12,13,14,15,16,17,18,19,20,21,22,23,24,25,26,28,29,30,31,32,33,36,38,39,41,43,45,47,49,51,52,53,55,56,57,58,59,61,62,63,65,67,68,71,73,74,75,77,79,91,98]",43,949,21,0.0221285563751317,2
"[0,1,2,3,5,6,7,8,9,10,11,12,13,14,15,16,17,18,19,20,21,22,23,24,25,26,28,29,30,31,32,33,36,38,39,41,43,45,47,49,51,52,53,55,56,57,58,59,61,62,63,65,67,68,71,73,74,75,77,79,91,98]",45,949,19,0.0200210748155954,2
"[0,1,2,3,5,6,7,8,9,10,11,12,13,14,15,16,17,18,19,20,21,22,23,24,25,26,28,29,30,31,32,33,36,38,39,41,43,45,47,49,51,52,53,55,56,57,58,59,61,62,63,65,67,68,71,73,74,75,77,79,91,98]",47,949,0,0,2
"[0,1,2,3,5,6,7,8,9,10,11,12,13,14,15,16,17,18,19,20,21,22,23,24,25,26,28,29,30,31,32,33,36,38,39,41,43,45,47,49,51,52,53,55,56,57,58,59,61,62,63,65,67,68,71,73,74,75,77,79,91,98]",49,949,11,0.0115911485774499,2
"[0,1,2,3,5,6,7,8,9,10,11,12,13,14,15,16,17,18,19,20,21,22,23,24,25,26,28,29,30,31,32,33,36,38,39,41,43,45,47,49,51,52,53,55,56,57,58,59,61,62,63,65,67,68,71,73,74,75,77,79,91,98]",51,949,12,0.0126448893572181,2
"[0,1,2,3,5,6,7,8,9,10,11,12,13,14,15,16,17,18,19,20,21,22,23,24,25,26,28,29,30,31,32,33,36,38,39,41,43,45,47,49,51,52,53,55,56,57,58,59,61,62,63,65,67,68,71,73,74,75,77,79,91,98]",52,949,17,0.017913593256059,2
"[0,1,2,3,5,6,7,8,9,10,11,12,13,14,15,16,17,18,19,20,21,22,23,24,25,26,28,29,30,31,32,33,36,38,39,41,43,45,47,49,51,52,53,55,56,57,58,59,61,62,63,65,67,68,71,73,74,75,77,79,91,98]",53,949,0,0,2
"[0,1,2,3,5,6,7,8,9,10,11,12,13,14,15,16,17,18,19,20,21,22,23,24,25,26,28,29,30,31,32,33,36,38,39,41,43,45,47,49,51,52,53,55,56,57,58,59,61,62,63,65,67,68,71,73,74,75,77,79,91,98]",55,949,2,0.00210748155953635,2
"[0,1,2,3,5,6,7,8,9,10,11,12,13,14,15,16,17,18,19,20,21,22,23,24,25,26,28,29,30,31,32,33,36,38,39,41,43,45,47,49,51,52,53,55,56,57,58,59,61,62,63,65,67,68,71,73,74,75,77,79,91,98]",56,949,3,0.00316122233930453,2
"[0,1,2,3,5,6,7,8,9,10,11,12,13,14,15,16,17,18,19,20,21,22,23,24,25,26,28,29,30,31,32,33,36,38,39,41,43,45,47,49,51,52,53,55,56,57,58,59,61,62,63,65,67,68,71,73,74,75,77,79,91,98]",57,949,0,0,2
"[0,1,2,3,5,6,7,8,9,10,11,12,13,14,15,16,17,18,19,20,21,22,23,24,25,26,28,29,30,31,32,33,36,38,39,41,43,45,47,49,51,52,53,55,56,57,58,59,61,62,63,65,67,68,71,73,74,75,77,79,91,98]",58,949,7,0.00737618545837724,2
"[0,1,2,3,5,6,7,8,9,10,11,12,13,14,15,16,17,18,19,20,21,22,23,24,25,26,28,29,30,31,32,33,36,38,39,41,43,45,47,49,51,52,53,55,56,57,58,59,61,62,63,65,67,68,71,73,74,75,77,79,91,98]",59,949,0,0,2
"[0,1,2,3,5,6,7,8,9,10,11,12,13,14,15,16,17,18,19,20,21,22,23,24,25,26,28,29,30,31,32,33,36,38,39,41,43,45,47,49,51,52,53,55,56,57,58,59,61,62,63,65,67,68,71,73,74,75,77,79,91,98]",61,949,0,0,2
"[0,1,2,3,5,6,7,8,9,10,11,12,13,14,15,16,17,18,19,20,21,22,23,24,25,26,28,29,30,31,32,33,36,38,39,41,43,45,47,49,51,52,53,55,56,57,58,59,61,62,63,65,67,68,71,73,74,75,77,79,91,98]",62,949,0,0,2
"[0,1,2,3,5,6,7,8,9,10,11,12,13,14,15,16,17,18,19,20,21,22,23,24,25,26,28,29,30,31,32,33,36,38,39,41,43,45,47,49,51,52,53,55,56,57,58,59,61,62,63,65,67,68,71,73,74,75,77,79,91,98]",63,949,188,0.198103266596417,2
"[0,1,2,3,5,6,7,8,9,10,11,12,13,14,15,16,17,18,19,20,21,22,23,24,25,26,28,29,30,31,32,33,36,38,39,41,43,45,47,49,51,52,53,55,56,57,58,59,61,62,63,65,67,68,71,73,74,75,77,79,91,98]",65,949,6,0.00632244467860906,2
"[0,1,2,3,5,6,7,8,9,10,11,12,13,14,15,16,17,18,19,20,21,22,23,24,25,26,28,29,30,31,32,33,36,38,39,41,43,45,47,49,51,52,53,55,56,57,58,59,61,62,63,65,67,68,71,73,74,75,77,79,91,98]",67,949,71,0.0748155953635406,2
"[0,1,2,3,5,6,7,8,9,10,11,12,13,14,15,16,17,18,19,20,21,22,23,24,25,26,28,29,30,31,32,33,36,38,39,41,43,45,47,49,51,52,53,55,56,57,58,59,61,62,63,65,67,68,71,73,74,75,77,79,91,98]",68,949,0,0,2
"[0,1,2,3,5,6,7,8,9,10,11,12,13,14,15,16,17,18,19,20,21,22,23,24,25,26,28,29,30,31,32,33,36,38,39,41,43,45,47,49,51,52,53,55,56,57,58,59,61,62,63,65,67,68,71,73,74,75,77,79,91,98]",71,949,0,0,2
"[0,1,2,3,5,6,7,8,9,10,11,12,13,14,15,16,17,18,19,20,21,22,23,24,25,26,28,29,30,31,32,33,36,38,39,41,43,45,47,49,51,52,53,55,56,57,58,59,61,62,63,65,67,68,71,73,74,75,77,79,91,98]",73,949,2,0.00210748155953635,2
"[0,1,2,3,5,6,7,8,9,10,11,12,13,14,15,16,17,18,19,20,21,22,23,24,25,26,28,29,30,31,32,33,36,38,39,41,43,45,47,49,51,52,53,55,56,57,58,59,61,62,63,65,67,68,71,73,74,75,77,79,91,98]",74,949,0,0,2
"[0,1,2,3,5,6,7,8,9,10,11,12,13,14,15,16,17,18,19,20,21,22,23,24,25,26,28,29,30,31,32,33,36,38,39,41,43,45,47,49,51,52,53,55,56,57,58,59,61,62,63,65,67,68,71,73,74,75,77,79,91,98]",75,949,0,0,2
"[0,1,2,3,5,6,7,8,9,10,11,12,13,14,15,16,17,18,19,20,21,22,23,24,25,26,28,29,30,31,32,33,36,38,39,41,43,45,47,49,51,52,53,55,56,57,58,59,61,62,63,65,67,68,71,73,74,75,77,79,91,98]",77,949,0,0,2
"[0,1,2,3,5,6,7,8,9,10,11,12,13,14,15,16,17,18,19,20,21,22,23,24,25,26,28,29,30,31,32,33,36,38,39,41,43,45,47,49,51,52,53,55,56,57,58,59,61,62,63,65,67,68,71,73,74,75,77,79,91,98]",79,949,0,0,2
"[0,1,2,3,5,6,7,8,9,10,11,12,13,14,15,16,17,18,19,20,21,22,23,24,25,26,28,29,30,31,32,33,36,38,39,41,43,45,47,49,51,52,53,55,56,57,58,59,61,62,63,65,67,68,71,73,74,75,77,79,91,98]",91,949,0,0,2
"[0,1,2,3,5,6,7,8,9,10,11,12,13,14,15,16,17,18,19,20,21,22,23,24,25,26,28,29,30,31,32,33,36,38,39,41,43,45,47,49,51,52,53,55,56,57,58,59,61,62,63,65,67,68,71,73,74,75,77,79,91,98]",98,949,0,0,2
"[0,1,2,3,5,6,7,8,9,10,11,12,13,14,15,16,17,18,19,20,21,22,23,24,25,26,28,29,30,31,32,36,38,39,41,43,45,47,49,51,52,53,55,56,57,58,59,61,62,63,64,65,67,68,70,71,73,74,77,79,91,98]",0,898,50,0.0556792873051225,2
"[0,1,2,3,5,6,7,8,9,10,11,12,13,14,15,16,17,18,19,20,21,22,23,24,25,26,28,29,30,31,32,36,38,39,41,43,45,47,49,51,52,53,55,56,57,58,59,61,62,63,64,65,67,68,70,71,73,74,77,79,91,98]",1,898,38,0.0423162583518931,2
"[0,1,2,3,5,6,7,8,9,10,11,12,13,14,15,16,17,18,19,20,21,22,23,24,25,26,28,29,30,31,32,36,38,39,41,43,45,47,49,51,52,53,55,56,57,58,59,61,62,63,64,65,67,68,70,71,73,74,77,79,91,98]",2,898,155,0.17260579064588,2
"[0,1,2,3,5,6,7,8,9,10,11,12,13,14,15,16,17,18,19,20,21,22,23,24,25,26,28,29,30,31,32,36,38,39,41,43,45,47,49,51,52,53,55,56,57,58,59,61,62,63,64,65,67,68,70,71,73,74,77,79,91,98]",3,898,0,0,2
"[0,1,2,3,5,6,7,8,9,10,11,12,13,14,15,16,17,18,19,20,21,22,23,24,25,26,28,29,30,31,32,36,38,39,41,43,45,47,49,51,52,53,55,56,57,58,59,61,62,63,64,65,67,68,70,71,73,74,77,79,91,98]",5,898,100,0.111358574610245,2
"[0,1,2,3,5,6,7,8,9,10,11,12,13,14,15,16,17,18,19,20,21,22,23,24,25,26,28,29,30,31,32,36,38,39,41,43,45,47,49,51,52,53,55,56,57,58,59,61,62,63,64,65,67,68,70,71,73,74,77,79,91,98]",6,898,0,0,2
"[0,1,2,3,5,6,7,8,9,10,11,12,13,14,15,16,17,18,19,20,21,22,23,24,25,26,28,29,30,31,32,36,38,39,41,43,45,47,49,51,52,53,55,56,57,58,59,61,62,63,64,65,67,68,70,71,73,74,77,79,91,98]",7,898,27,0.0300668151447661,2
"[0,1,2,3,5,6,7,8,9,10,11,12,13,14,15,16,17,18,19,20,21,22,23,24,25,26,28,29,30,31,32,36,38,39,41,43,45,47,49,51,52,53,55,56,57,58,59,61,62,63,64,65,67,68,70,71,73,74,77,79,91,98]",8,898,0,0,2
"[0,1,2,3,5,6,7,8,9,10,11,12,13,14,15,16,17,18,19,20,21,22,23,24,25,26,28,29,30,31,32,36,38,39,41,43,45,47,49,51,52,53,55,56,57,58,59,61,62,63,64,65,67,68,70,71,73,74,77,79,91,98]",9,898,57,0.0634743875278396,2
"[0,1,2,3,5,6,7,8,9,10,11,12,13,14,15,16,17,18,19,20,21,22,23,24,25,26,28,29,30,31,32,36,38,39,41,43,45,47,49,51,52,53,55,56,57,58,59,61,62,63,64,65,67,68,70,71,73,74,77,79,91,98]",10,898,6,0.0066815144766147,2
"[0,1,2,3,5,6,7,8,9,10,11,12,13,14,15,16,17,18,19,20,21,22,23,24,25,26,28,29,30,31,32,36,38,39,41,43,45,47,49,51,52,53,55,56,57,58,59,61,62,63,64,65,67,68,70,71,73,74,77,79,91,98]",11,898,0,0,2
"[0,1,2,3,5,6,7,8,9,10,11,12,13,14,15,16,17,18,19,20,21,22,23,24,25,26,28,29,30,31,32,36,38,39,41,43,45,47,49,51,52,53,55,56,57,58,59,61,62,63,64,65,67,68,70,71,73,74,77,79,91,98]",12,898,0,0,2
"[0,1,2,3,5,6,7,8,9,10,11,12,13,14,15,16,17,18,19,20,21,22,23,24,25,26,28,29,30,31,32,36,38,39,41,43,45,47,49,51,52,53,55,56,57,58,59,61,62,63,64,65,67,68,70,71,73,74,77,79,91,98]",13,898,0,0,2
"[0,1,2,3,5,6,7,8,9,10,11,12,13,14,15,16,17,18,19,20,21,22,23,24,25,26,28,29,30,31,32,36,38,39,41,43,45,47,49,51,52,53,55,56,57,58,59,61,62,63,64,65,67,68,70,71,73,74,77,79,91,98]",14,898,0,0,2
"[0,1,2,3,5,6,7,8,9,10,11,12,13,14,15,16,17,18,19,20,21,22,23,24,25,26,28,29,30,31,32,36,38,39,41,43,45,47,49,51,52,53,55,56,57,58,59,61,62,63,64,65,67,68,70,71,73,74,77,79,91,98]",15,898,0,0,2
"[0,1,2,3,5,6,7,8,9,10,11,12,13,14,15,16,17,18,19,20,21,22,23,24,25,26,28,29,30,31,32,36,38,39,41,43,45,47,49,51,52,53,55,56,57,58,59,61,62,63,64,65,67,68,70,71,73,74,77,79,91,98]",16,898,0,0,2
"[0,1,2,3,5,6,7,8,9,10,11,12,13,14,15,16,17,18,19,20,21,22,23,24,25,26,28,29,30,31,32,36,38,39,41,43,45,47,49,51,52,53,55,56,57,58,59,61,62,63,64,65,67,68,70,71,73,74,77,79,91,98]",17,898,0,0,2
"[0,1,2,3,5,6,7,8,9,10,11,12,13,14,15,16,17,18,19,20,21,22,23,24,25,26,28,29,30,31,32,36,38,39,41,43,45,47,49,51,52,53,55,56,57,58,59,61,62,63,64,65,67,68,70,71,73,74,77,79,91,98]",18,898,0,0,2
"[0,1,2,3,5,6,7,8,9,10,11,12,13,14,15,16,17,18,19,20,21,22,23,24,25,26,28,29,30,31,32,36,38,39,41,43,45,47,49,51,52,53,55,56,57,58,59,61,62,63,64,65,67,68,70,71,73,74,77,79,91,98]",19,898,0,0,2
"[0,1,2,3,5,6,7,8,9,10,11,12,13,14,15,16,17,18,19,20,21,22,23,24,25,26,28,29,30,31,32,36,38,39,41,43,45,47,49,51,52,53,55,56,57,58,59,61,62,63,64,65,67,68,70,71,73,74,77,79,91,98]",20,898,0,0,2
"[0,1,2,3,5,6,7,8,9,10,11,12,13,14,15,16,17,18,19,20,21,22,23,24,25,26,28,29,30,31,32,36,38,39,41,43,45,47,49,51,52,53,55,56,57,58,59,61,62,63,64,65,67,68,70,71,73,74,77,79,91,98]",21,898,62,0.0690423162583519,2
"[0,1,2,3,5,6,7,8,9,10,11,12,13,14,15,16,17,18,19,20,21,22,23,24,25,26,28,29,30,31,32,36,38,39,41,43,45,47,49,51,52,53,55,56,57,58,59,61,62,63,64,65,67,68,70,71,73,74,77,79,91,98]",22,898,0,0,2
"[0,1,2,3,5,6,7,8,9,10,11,12,13,14,15,16,17,18,19,20,21,22,23,24,25,26,28,29,30,31,32,36,38,39,41,43,45,47,49,51,52,53,55,56,57,58,59,61,62,63,64,65,67,68,70,71,73,74,77,79,91,98]",23,898,5,0.00556792873051225,2
"[0,1,2,3,5,6,7,8,9,10,11,12,13,14,15,16,17,18,19,20,21,22,23,24,25,26,28,29,30,31,32,36,38,39,41,43,45,47,49,51,52,53,55,56,57,58,59,61,62,63,64,65,67,68,70,71,73,74,77,79,91,98]",24,898,0,0,2
"[0,1,2,3,5,6,7,8,9,10,11,12,13,14,15,16,17,18,19,20,21,22,23,24,25,26,28,29,30,31,32,36,38,39,41,43,45,47,49,51,52,53,55,56,57,58,59,61,62,63,64,65,67,68,70,71,73,74,77,79,91,98]",25,898,17,0.0189309576837416,2
"[0,1,2,3,5,6,7,8,9,10,11,12,13,14,15,16,17,18,19,20,21,22,23,24,25,26,28,29,30,31,32,36,38,39,41,43,45,47,49,51,52,53,55,56,57,58,59,61,62,63,64,65,67,68,70,71,73,74,77,79,91,98]",26,898,0,0,2
"[0,1,2,3,5,6,7,8,9,10,11,12,13,14,15,16,17,18,19,20,21,22,23,24,25,26,28,29,30,31,32,36,38,39,41,43,45,47,49,51,52,53,55,56,57,58,59,61,62,63,64,65,67,68,70,71,73,74,77,79,91,98]",28,898,0,0,2
"[0,1,2,3,5,6,7,8,9,10,11,12,13,14,15,16,17,18,19,20,21,22,23,24,25,26,28,29,30,31,32,36,38,39,41,43,45,47,49,51,52,53,55,56,57,58,59,61,62,63,64,65,67,68,70,71,73,74,77,79,91,98]",29,898,0,0,2
"[0,1,2,3,5,6,7,8,9,10,11,12,13,14,15,16,17,18,19,20,21,22,23,24,25,26,28,29,30,31,32,36,38,39,41,43,45,47,49,51,52,53,55,56,57,58,59,61,62,63,64,65,67,68,70,71,73,74,77,79,91,98]",30,898,0,0,2
"[0,1,2,3,5,6,7,8,9,10,11,12,13,14,15,16,17,18,19,20,21,22,23,24,25,26,28,29,30,31,32,36,38,39,41,43,45,47,49,51,52,53,55,56,57,58,59,61,62,63,64,65,67,68,70,71,73,74,77,79,91,98]",31,898,54,0.0601336302895323,2
"[0,1,2,3,5,6,7,8,9,10,11,12,13,14,15,16,17,18,19,20,21,22,23,24,25,26,28,29,30,31,32,36,38,39,41,43,45,47,49,51,52,53,55,56,57,58,59,61,62,63,64,65,67,68,70,71,73,74,77,79,91,98]",32,898,0,0,2
"[0,1,2,3,5,6,7,8,9,10,11,12,13,14,15,16,17,18,19,20,21,22,23,24,25,26,28,29,30,31,32,36,38,39,41,43,45,47,49,51,52,53,55,56,57,58,59,61,62,63,64,65,67,68,70,71,73,74,77,79,91,98]",36,898,0,0,2
"[0,1,2,3,5,6,7,8,9,10,11,12,13,14,15,16,17,18,19,20,21,22,23,24,25,26,28,29,30,31,32,36,38,39,41,43,45,47,49,51,52,53,55,56,57,58,59,61,62,63,64,65,67,68,70,71,73,74,77,79,91,98]",38,898,0,0,2
"[0,1,2,3,5,6,7,8,9,10,11,12,13,14,15,16,17,18,19,20,21,22,23,24,25,26,28,29,30,31,32,36,38,39,41,43,45,47,49,51,52,53,55,56,57,58,59,61,62,63,64,65,67,68,70,71,73,74,77,79,91,98]",39,898,20,0.022271714922049,2
"[0,1,2,3,5,6,7,8,9,10,11,12,13,14,15,16,17,18,19,20,21,22,23,24,25,26,28,29,30,31,32,36,38,39,41,43,45,47,49,51,52,53,55,56,57,58,59,61,62,63,64,65,67,68,70,71,73,74,77,79,91,98]",41,898,0,0,2
"[0,1,2,3,5,6,7,8,9,10,11,12,13,14,15,16,17,18,19,20,21,22,23,24,25,26,28,29,30,31,32,36,38,39,41,43,45,47,49,51,52,53,55,56,57,58,59,61,62,63,64,65,67,68,70,71,73,74,77,79,91,98]",43,898,40,0.044543429844098,2
"[0,1,2,3,5,6,7,8,9,10,11,12,13,14,15,16,17,18,19,20,21,22,23,24,25,26,28,29,30,31,32,36,38,39,41,43,45,47,49,51,52,53,55,56,57,58,59,61,62,63,64,65,67,68,70,71,73,74,77,79,91,98]",45,898,17,0.0189309576837416,2
"[0,1,2,3,5,6,7,8,9,10,11,12,13,14,15,16,17,18,19,20,21,22,23,24,25,26,28,29,30,31,32,36,38,39,41,43,45,47,49,51,52,53,55,56,57,58,59,61,62,63,64,65,67,68,70,71,73,74,77,79,91,98]",47,898,0,0,2
"[0,1,2,3,5,6,7,8,9,10,11,12,13,14,15,16,17,18,19,20,21,22,23,24,25,26,28,29,30,31,32,36,38,39,41,43,45,47,49,51,52,53,55,56,57,58,59,61,62,63,64,65,67,68,70,71,73,74,77,79,91,98]",49,898,9,0.010022271714922,2
"[0,1,2,3,5,6,7,8,9,10,11,12,13,14,15,16,17,18,19,20,21,22,23,24,25,26,28,29,30,31,32,36,38,39,41,43,45,47,49,51,52,53,55,56,57,58,59,61,62,63,64,65,67,68,70,71,73,74,77,79,91,98]",51,898,15,0.0167037861915367,2
"[0,1,2,3,5,6,7,8,9,10,11,12,13,14,15,16,17,18,19,20,21,22,23,24,25,26,28,29,30,31,32,36,38,39,41,43,45,47,49,51,52,53,55,56,57,58,59,61,62,63,64,65,67,68,70,71,73,74,77,79,91,98]",52,898,5,0.00556792873051225,2
"[0,1,2,3,5,6,7,8,9,10,11,12,13,14,15,16,17,18,19,20,21,22,23,24,25,26,28,29,30,31,32,36,38,39,41,43,45,47,49,51,52,53,55,56,57,58,59,61,62,63,64,65,67,68,70,71,73,74,77,79,91,98]",53,898,0,0,2
"[0,1,2,3,5,6,7,8,9,10,11,12,13,14,15,16,17,18,19,20,21,22,23,24,25,26,28,29,30,31,32,36,38,39,41,43,45,47,49,51,52,53,55,56,57,58,59,61,62,63,64,65,67,68,70,71,73,74,77,79,91,98]",55,898,5,0.00556792873051225,2
"[0,1,2,3,5,6,7,8,9,10,11,12,13,14,15,16,17,18,19,20,21,22,23,24,25,26,28,29,30,31,32,36,38,39,41,43,45,47,49,51,52,53,55,56,57,58,59,61,62,63,64,65,67,68,70,71,73,74,77,79,91,98]",56,898,20,0.022271714922049,2
"[0,1,2,3,5,6,7,8,9,10,11,12,13,14,15,16,17,18,19,20,21,22,23,24,25,26,28,29,30,31,32,36,38,39,41,43,45,47,49,51,52,53,55,56,57,58,59,61,62,63,64,65,67,68,70,71,73,74,77,79,91,98]",57,898,0,0,2
"[0,1,2,3,5,6,7,8,9,10,11,12,13,14,15,16,17,18,19,20,21,22,23,24,25,26,28,29,30,31,32,36,38,39,41,43,45,47,49,51,52,53,55,56,57,58,59,61,62,63,64,65,67,68,70,71,73,74,77,79,91,98]",58,898,0,0,2
"[0,1,2,3,5,6,7,8,9,10,11,12,13,14,15,16,17,18,19,20,21,22,23,24,25,26,28,29,30,31,32,36,38,39,41,43,45,47,49,51,52,53,55,56,57,58,59,61,62,63,64,65,67,68,70,71,73,74,77,79,91,98]",59,898,0,0,2
"[0,1,2,3,5,6,7,8,9,10,11,12,13,14,15,16,17,18,19,20,21,22,23,24,25,26,28,29,30,31,32,36,38,39,41,43,45,47,49,51,52,53,55,56,57,58,59,61,62,63,64,65,67,68,70,71,73,74,77,79,91,98]",61,898,0,0,2
"[0,1,2,3,5,6,7,8,9,10,11,12,13,14,15,16,17,18,19,20,21,22,23,24,25,26,28,29,30,31,32,36,38,39,41,43,45,47,49,51,52,53,55,56,57,58,59,61,62,63,64,65,67,68,70,71,73,74,77,79,91,98]",62,898,0,0,2
"[0,1,2,3,5,6,7,8,9,10,11,12,13,14,15,16,17,18,19,20,21,22,23,24,25,26,28,29,30,31,32,36,38,39,41,43,45,47,49,51,52,53,55,56,57,58,59,61,62,63,64,65,67,68,70,71,73,74,77,79,91,98]",63,898,91,0.101336302895323,2
"[0,1,2,3,5,6,7,8,9,10,11,12,13,14,15,16,17,18,19,20,21,22,23,24,25,26,28,29,30,31,32,36,38,39,41,43,45,47,49,51,52,53,55,56,57,58,59,61,62,63,64,65,67,68,70,71,73,74,77,79,91,98]",64,898,2,0.0022271714922049,2
"[0,1,2,3,5,6,7,8,9,10,11,12,13,14,15,16,17,18,19,20,21,22,23,24,25,26,28,29,30,31,32,36,38,39,41,43,45,47,49,51,52,53,55,56,57,58,59,61,62,63,64,65,67,68,70,71,73,74,77,79,91,98]",65,898,9,0.010022271714922,2
"[0,1,2,3,5,6,7,8,9,10,11,12,13,14,15,16,17,18,19,20,21,22,23,24,25,26,28,29,30,31,32,36,38,39,41,43,45,47,49,51,52,53,55,56,57,58,59,61,62,63,64,65,67,68,70,71,73,74,77,79,91,98]",67,898,88,0.0979955456570156,2
"[0,1,2,3,5,6,7,8,9,10,11,12,13,14,15,16,17,18,19,20,21,22,23,24,25,26,28,29,30,31,32,36,38,39,41,43,45,47,49,51,52,53,55,56,57,58,59,61,62,63,64,65,67,68,70,71,73,74,77,79,91,98]",68,898,1,0.00111358574610245,2
"[0,1,2,3,5,6,7,8,9,10,11,12,13,14,15,16,17,18,19,20,21,22,23,24,25,26,28,29,30,31,32,36,38,39,41,43,45,47,49,51,52,53,55,56,57,58,59,61,62,63,64,65,67,68,70,71,73,74,77,79,91,98]",70,898,3,0.00334075723830735,2
"[0,1,2,3,5,6,7,8,9,10,11,12,13,14,15,16,17,18,19,20,21,22,23,24,25,26,28,29,30,31,32,36,38,39,41,43,45,47,49,51,52,53,55,56,57,58,59,61,62,63,64,65,67,68,70,71,73,74,77,79,91,98]",71,898,0,0,2
"[0,1,2,3,5,6,7,8,9,10,11,12,13,14,15,16,17,18,19,20,21,22,23,24,25,26,28,29,30,31,32,36,38,39,41,43,45,47,49,51,52,53,55,56,57,58,59,61,62,63,64,65,67,68,70,71,73,74,77,79,91,98]",73,898,2,0.0022271714922049,2
"[0,1,2,3,5,6,7,8,9,10,11,12,13,14,15,16,17,18,19,20,21,22,23,24,25,26,28,29,30,31,32,36,38,39,41,43,45,47,49,51,52,53,55,56,57,58,59,61,62,63,64,65,67,68,70,71,73,74,77,79,91,98]",74,898,0,0,2
"[0,1,2,3,5,6,7,8,9,10,11,12,13,14,15,16,17,18,19,20,21,22,23,24,25,26,28,29,30,31,32,36,38,39,41,43,45,47,49,51,52,53,55,56,57,58,59,61,62,63,64,65,67,68,70,71,73,74,77,79,91,98]",77,898,0,0,2
"[0,1,2,3,5,6,7,8,9,10,11,12,13,14,15,16,17,18,19,20,21,22,23,24,25,26,28,29,30,31,32,36,38,39,41,43,45,47,49,51,52,53,55,56,57,58,59,61,62,63,64,65,67,68,70,71,73,74,77,79,91,98]",79,898,0,0,2
"[0,1,2,3,5,6,7,8,9,10,11,12,13,14,15,16,17,18,19,20,21,22,23,24,25,26,28,29,30,31,32,36,38,39,41,43,45,47,49,51,52,53,55,56,57,58,59,61,62,63,64,65,67,68,70,71,73,74,77,79,91,98]",91,898,0,0,2
"[0,1,2,3,5,6,7,8,9,10,11,12,13,14,15,16,17,18,19,20,21,22,23,24,25,26,28,29,30,31,32,36,38,39,41,43,45,47,49,51,52,53,55,56,57,58,59,61,62,63,64,65,67,68,70,71,73,74,77,79,91,98]",98,898,0,0,2
"[0,1,2,3,5,6,7,8,9,10,11,12,13,14,15,16,17,18,19,20,21,22,23,24,25,26,28,29,31,32,36,38,39,41,43,45,47,49,51,52,53,55,56,57,58,59,61,62,63,64,65,67,68,70,71,73,74,77,79,91,98]",0,800,37,0.04625,2
"[0,1,2,3,5,6,7,8,9,10,11,12,13,14,15,16,17,18,19,20,21,22,23,24,25,26,28,29,31,32,36,38,39,41,43,45,47,49,51,52,53,55,56,57,58,59,61,62,63,64,65,67,68,70,71,73,74,77,79,91,98]",1,800,40,0.05,2
"[0,1,2,3,5,6,7,8,9,10,11,12,13,14,15,16,17,18,19,20,21,22,23,24,25,26,28,29,31,32,36,38,39,41,43,45,47,49,51,52,53,55,56,57,58,59,61,62,63,64,65,67,68,70,71,73,74,77,79,91,98]",2,800,88,0.11,2
"[0,1,2,3,5,6,7,8,9,10,11,12,13,14,15,16,17,18,19,20,21,22,23,24,25,26,28,29,31,32,36,38,39,41,43,45,47,49,51,52,53,55,56,57,58,59,61,62,63,64,65,67,68,70,71,73,74,77,79,91,98]",3,800,0,0,2
"[0,1,2,3,5,6,7,8,9,10,11,12,13,14,15,16,17,18,19,20,21,22,23,24,25,26,28,29,31,32,36,38,39,41,43,45,47,49,51,52,53,55,56,57,58,59,61,62,63,64,65,67,68,70,71,73,74,77,79,91,98]",5,800,119,0.14875,2
"[0,1,2,3,5,6,7,8,9,10,11,12,13,14,15,16,17,18,19,20,21,22,23,24,25,26,28,29,31,32,36,38,39,41,43,45,47,49,51,52,53,55,56,57,58,59,61,62,63,64,65,67,68,70,71,73,74,77,79,91,98]",6,800,0,0,2
"[0,1,2,3,5,6,7,8,9,10,11,12,13,14,15,16,17,18,19,20,21,22,23,24,25,26,28,29,31,32,36,38,39,41,43,45,47,49,51,52,53,55,56,57,58,59,61,62,63,64,65,67,68,70,71,73,74,77,79,91,98]",7,800,22,0.0275,2
"[0,1,2,3,5,6,7,8,9,10,11,12,13,14,15,16,17,18,19,20,21,22,23,24,25,26,28,29,31,32,36,38,39,41,43,45,47,49,51,52,53,55,56,57,58,59,61,62,63,64,65,67,68,70,71,73,74,77,79,91,98]",8,800,0,0,2
"[0,1,2,3,5,6,7,8,9,10,11,12,13,14,15,16,17,18,19,20,21,22,23,24,25,26,28,29,31,32,36,38,39,41,43,45,47,49,51,52,53,55,56,57,58,59,61,62,63,64,65,67,68,70,71,73,74,77,79,91,98]",9,800,65,0.08125,2
"[0,1,2,3,5,6,7,8,9,10,11,12,13,14,15,16,17,18,19,20,21,22,23,24,25,26,28,29,31,32,36,38,39,41,43,45,47,49,51,52,53,55,56,57,58,59,61,62,63,64,65,67,68,70,71,73,74,77,79,91,98]",10,800,13,0.01625,2
"[0,1,2,3,5,6,7,8,9,10,11,12,13,14,15,16,17,18,19,20,21,22,23,24,25,26,28,29,31,32,36,38,39,41,43,45,47,49,51,52,53,55,56,57,58,59,61,62,63,64,65,67,68,70,71,73,74,77,79,91,98]",11,800,0,0,2
"[0,1,2,3,5,6,7,8,9,10,11,12,13,14,15,16,17,18,19,20,21,22,23,24,25,26,28,29,31,32,36,38,39,41,43,45,47,49,51,52,53,55,56,57,58,59,61,62,63,64,65,67,68,70,71,73,74,77,79,91,98]",12,800,0,0,2
"[0,1,2,3,5,6,7,8,9,10,11,12,13,14,15,16,17,18,19,20,21,22,23,24,25,26,28,29,31,32,36,38,39,41,43,45,47,49,51,52,53,55,56,57,58,59,61,62,63,64,65,67,68,70,71,73,74,77,79,91,98]",13,800,0,0,2
"[0,1,2,3,5,6,7,8,9,10,11,12,13,14,15,16,17,18,19,20,21,22,23,24,25,26,28,29,31,32,36,38,39,41,43,45,47,49,51,52,53,55,56,57,58,59,61,62,63,64,65,67,68,70,71,73,74,77,79,91,98]",14,800,0,0,2
"[0,1,2,3,5,6,7,8,9,10,11,12,13,14,15,16,17,18,19,20,21,22,23,24,25,26,28,29,31,32,36,38,39,41,43,45,47,49,51,52,53,55,56,57,58,59,61,62,63,64,65,67,68,70,71,73,74,77,79,91,98]",15,800,0,0,2
"[0,1,2,3,5,6,7,8,9,10,11,12,13,14,15,16,17,18,19,20,21,22,23,24,25,26,28,29,31,32,36,38,39,41,43,45,47,49,51,52,53,55,56,57,58,59,61,62,63,64,65,67,68,70,71,73,74,77,79,91,98]",16,800,0,0,2
"[0,1,2,3,5,6,7,8,9,10,11,12,13,14,15,16,17,18,19,20,21,22,23,24,25,26,28,29,31,32,36,38,39,41,43,45,47,49,51,52,53,55,56,57,58,59,61,62,63,64,65,67,68,70,71,73,74,77,79,91,98]",17,800,0,0,2
"[0,1,2,3,5,6,7,8,9,10,11,12,13,14,15,16,17,18,19,20,21,22,23,24,25,26,28,29,31,32,36,38,39,41,43,45,47,49,51,52,53,55,56,57,58,59,61,62,63,64,65,67,68,70,71,73,74,77,79,91,98]",18,800,0,0,2
"[0,1,2,3,5,6,7,8,9,10,11,12,13,14,15,16,17,18,19,20,21,22,23,24,25,26,28,29,31,32,36,38,39,41,43,45,47,49,51,52,53,55,56,57,58,59,61,62,63,64,65,67,68,70,71,73,74,77,79,91,98]",19,800,0,0,2
"[0,1,2,3,5,6,7,8,9,10,11,12,13,14,15,16,17,18,19,20,21,22,23,24,25,26,28,29,31,32,36,38,39,41,43,45,47,49,51,52,53,55,56,57,58,59,61,62,63,64,65,67,68,70,71,73,74,77,79,91,98]",20,800,0,0,2
"[0,1,2,3,5,6,7,8,9,10,11,12,13,14,15,16,17,18,19,20,21,22,23,24,25,26,28,29,31,32,36,38,39,41,43,45,47,49,51,52,53,55,56,57,58,59,61,62,63,64,65,67,68,70,71,73,74,77,79,91,98]",21,800,94,0.1175,2
"[0,1,2,3,5,6,7,8,9,10,11,12,13,14,15,16,17,18,19,20,21,22,23,24,25,26,28,29,31,32,36,38,39,41,43,45,47,49,51,52,53,55,56,57,58,59,61,62,63,64,65,67,68,70,71,73,74,77,79,91,98]",22,800,0,0,2
"[0,1,2,3,5,6,7,8,9,10,11,12,13,14,15,16,17,18,19,20,21,22,23,24,25,26,28,29,31,32,36,38,39,41,43,45,47,49,51,52,53,55,56,57,58,59,61,62,63,64,65,67,68,70,71,73,74,77,79,91,98]",23,800,6,0.0075,2
"[0,1,2,3,5,6,7,8,9,10,11,12,13,14,15,16,17,18,19,20,21,22,23,24,25,26,28,29,31,32,36,38,39,41,43,45,47,49,51,52,53,55,56,57,58,59,61,62,63,64,65,67,68,70,71,73,74,77,79,91,98]",24,800,0,0,2
"[0,1,2,3,5,6,7,8,9,10,11,12,13,14,15,16,17,18,19,20,21,22,23,24,25,26,28,29,31,32,36,38,39,41,43,45,47,49,51,52,53,55,56,57,58,59,61,62,63,64,65,67,68,70,71,73,74,77,79,91,98]",25,800,16,0.02,2
"[0,1,2,3,5,6,7,8,9,10,11,12,13,14,15,16,17,18,19,20,21,22,23,24,25,26,28,29,31,32,36,38,39,41,43,45,47,49,51,52,53,55,56,57,58,59,61,62,63,64,65,67,68,70,71,73,74,77,79,91,98]",26,800,0,0,2
"[0,1,2,3,5,6,7,8,9,10,11,12,13,14,15,16,17,18,19,20,21,22,23,24,25,26,28,29,31,32,36,38,39,41,43,45,47,49,51,52,53,55,56,57,58,59,61,62,63,64,65,67,68,70,71,73,74,77,79,91,98]",28,800,0,0,2
"[0,1,2,3,5,6,7,8,9,10,11,12,13,14,15,16,17,18,19,20,21,22,23,24,25,26,28,29,31,32,36,38,39,41,43,45,47,49,51,52,53,55,56,57,58,59,61,62,63,64,65,67,68,70,71,73,74,77,79,91,98]",29,800,0,0,2
"[0,1,2,3,5,6,7,8,9,10,11,12,13,14,15,16,17,18,19,20,21,22,23,24,25,26,28,29,31,32,36,38,39,41,43,45,47,49,51,52,53,55,56,57,58,59,61,62,63,64,65,67,68,70,71,73,74,77,79,91,98]",31,800,23,0.02875,2
"[0,1,2,3,5,6,7,8,9,10,11,12,13,14,15,16,17,18,19,20,21,22,23,24,25,26,28,29,31,32,36,38,39,41,43,45,47,49,51,52,53,55,56,57,58,59,61,62,63,64,65,67,68,70,71,73,74,77,79,91,98]",32,800,0,0,2
"[0,1,2,3,5,6,7,8,9,10,11,12,13,14,15,16,17,18,19,20,21,22,23,24,25,26,28,29,31,32,36,38,39,41,43,45,47,49,51,52,53,55,56,57,58,59,61,62,63,64,65,67,68,70,71,73,74,77,79,91,98]",36,800,0,0,2
"[0,1,2,3,5,6,7,8,9,10,11,12,13,14,15,16,17,18,19,20,21,22,23,24,25,26,28,29,31,32,36,38,39,41,43,45,47,49,51,52,53,55,56,57,58,59,61,62,63,64,65,67,68,70,71,73,74,77,79,91,98]",38,800,0,0,2
"[0,1,2,3,5,6,7,8,9,10,11,12,13,14,15,16,17,18,19,20,21,22,23,24,25,26,28,29,31,32,36,38,39,41,43,45,47,49,51,52,53,55,56,57,58,59,61,62,63,64,65,67,68,70,71,73,74,77,79,91,98]",39,800,13,0.01625,2
"[0,1,2,3,5,6,7,8,9,10,11,12,13,14,15,16,17,18,19,20,21,22,23,24,25,26,28,29,31,32,36,38,39,41,43,45,47,49,51,52,53,55,56,57,58,59,61,62,63,64,65,67,68,70,71,73,74,77,79,91,98]",41,800,0,0,2
"[0,1,2,3,5,6,7,8,9,10,11,12,13,14,15,16,17,18,19,20,21,22,23,24,25,26,28,29,31,32,36,38,39,41,43,45,47,49,51,52,53,55,56,57,58,59,61,62,63,64,65,67,68,70,71,73,74,77,79,91,98]",43,800,28,0.035,2
"[0,1,2,3,5,6,7,8,9,10,11,12,13,14,15,16,17,18,19,20,21,22,23,24,25,26,28,29,31,32,36,38,39,41,43,45,47,49,51,52,53,55,56,57,58,59,61,62,63,64,65,67,68,70,71,73,74,77,79,91,98]",45,800,14,0.0175,2
"[0,1,2,3,5,6,7,8,9,10,11,12,13,14,15,16,17,18,19,20,21,22,23,24,25,26,28,29,31,32,36,38,39,41,43,45,47,49,51,52,53,55,56,57,58,59,61,62,63,64,65,67,68,70,71,73,74,77,79,91,98]",47,800,0,0,2
"[0,1,2,3,5,6,7,8,9,10,11,12,13,14,15,16,17,18,19,20,21,22,23,24,25,26,28,29,31,32,36,38,39,41,43,45,47,49,51,52,53,55,56,57,58,59,61,62,63,64,65,67,68,70,71,73,74,77,79,91,98]",49,800,9,0.01125,2
"[0,1,2,3,5,6,7,8,9,10,11,12,13,14,15,16,17,18,19,20,21,22,23,24,25,26,28,29,31,32,36,38,39,41,43,45,47,49,51,52,53,55,56,57,58,59,61,62,63,64,65,67,68,70,71,73,74,77,79,91,98]",51,800,12,0.015,2
"[0,1,2,3,5,6,7,8,9,10,11,12,13,14,15,16,17,18,19,20,21,22,23,24,25,26,28,29,31,32,36,38,39,41,43,45,47,49,51,52,53,55,56,57,58,59,61,62,63,64,65,67,68,70,71,73,74,77,79,91,98]",52,800,4,0.005,2
"[0,1,2,3,5,6,7,8,9,10,11,12,13,14,15,16,17,18,19,20,21,22,23,24,25,26,28,29,31,32,36,38,39,41,43,45,47,49,51,52,53,55,56,57,58,59,61,62,63,64,65,67,68,70,71,73,74,77,79,91,98]",53,800,0,0,2
"[0,1,2,3,5,6,7,8,9,10,11,12,13,14,15,16,17,18,19,20,21,22,23,24,25,26,28,29,31,32,36,38,39,41,43,45,47,49,51,52,53,55,56,57,58,59,61,62,63,64,65,67,68,70,71,73,74,77,79,91,98]",55,800,1,0.00125,2
"[0,1,2,3,5,6,7,8,9,10,11,12,13,14,15,16,17,18,19,20,21,22,23,24,25,26,28,29,31,32,36,38,39,41,43,45,47,49,51,52,53,55,56,57,58,59,61,62,63,64,65,67,68,70,71,73,74,77,79,91,98]",56,800,9,0.01125,2
"[0,1,2,3,5,6,7,8,9,10,11,12,13,14,15,16,17,18,19,20,21,22,23,24,25,26,28,29,31,32,36,38,39,41,43,45,47,49,51,52,53,55,56,57,58,59,61,62,63,64,65,67,68,70,71,73,74,77,79,91,98]",57,800,0,0,2
"[0,1,2,3,5,6,7,8,9,10,11,12,13,14,15,16,17,18,19,20,21,22,23,24,25,26,28,29,31,32,36,38,39,41,43,45,47,49,51,52,53,55,56,57,58,59,61,62,63,64,65,67,68,70,71,73,74,77,79,91,98]",58,800,0,0,2
"[0,1,2,3,5,6,7,8,9,10,11,12,13,14,15,16,17,18,19,20,21,22,23,24,25,26,28,29,31,32,36,38,39,41,43,45,47,49,51,52,53,55,56,57,58,59,61,62,63,64,65,67,68,70,71,73,74,77,79,91,98]",59,800,2,0.0025,2
"[0,1,2,3,5,6,7,8,9,10,11,12,13,14,15,16,17,18,19,20,21,22,23,24,25,26,28,29,31,32,36,38,39,41,43,45,47,49,51,52,53,55,56,57,58,59,61,62,63,64,65,67,68,70,71,73,74,77,79,91,98]",61,800,0,0,2
"[0,1,2,3,5,6,7,8,9,10,11,12,13,14,15,16,17,18,19,20,21,22,23,24,25,26,28,29,31,32,36,38,39,41,43,45,47,49,51,52,53,55,56,57,58,59,61,62,63,64,65,67,68,70,71,73,74,77,79,91,98]",62,800,0,0,2
"[0,1,2,3,5,6,7,8,9,10,11,12,13,14,15,16,17,18,19,20,21,22,23,24,25,26,28,29,31,32,36,38,39,41,43,45,47,49,51,52,53,55,56,57,58,59,61,62,63,64,65,67,68,70,71,73,74,77,79,91,98]",63,800,67,0.08375,2
"[0,1,2,3,5,6,7,8,9,10,11,12,13,14,15,16,17,18,19,20,21,22,23,24,25,26,28,29,31,32,36,38,39,41,43,45,47,49,51,52,53,55,56,57,58,59,61,62,63,64,65,67,68,70,71,73,74,77,79,91,98]",64,800,2,0.0025,2
"[0,1,2,3,5,6,7,8,9,10,11,12,13,14,15,16,17,18,19,20,21,22,23,24,25,26,28,29,31,32,36,38,39,41,43,45,47,49,51,52,53,55,56,57,58,59,61,62,63,64,65,67,68,70,71,73,74,77,79,91,98]",65,800,9,0.01125,2
"[0,1,2,3,5,6,7,8,9,10,11,12,13,14,15,16,17,18,19,20,21,22,23,24,25,26,28,29,31,32,36,38,39,41,43,45,47,49,51,52,53,55,56,57,58,59,61,62,63,64,65,67,68,70,71,73,74,77,79,91,98]",67,800,100,0.125,2
"[0,1,2,3,5,6,7,8,9,10,11,12,13,14,15,16,17,18,19,20,21,22,23,24,25,26,28,29,31,32,36,38,39,41,43,45,47,49,51,52,53,55,56,57,58,59,61,62,63,64,65,67,68,70,71,73,74,77,79,91,98]",68,800,1,0.00125,2
"[0,1,2,3,5,6,7,8,9,10,11,12,13,14,15,16,17,18,19,20,21,22,23,24,25,26,28,29,31,32,36,38,39,41,43,45,47,49,51,52,53,55,56,57,58,59,61,62,63,64,65,67,68,70,71,73,74,77,79,91,98]",70,800,3,0.00375,2
"[0,1,2,3,5,6,7,8,9,10,11,12,13,14,15,16,17,18,19,20,21,22,23,24,25,26,28,29,31,32,36,38,39,41,43,45,47,49,51,52,53,55,56,57,58,59,61,62,63,64,65,67,68,70,71,73,74,77,79,91,98]",71,800,0,0,2
"[0,1,2,3,5,6,7,8,9,10,11,12,13,14,15,16,17,18,19,20,21,22,23,24,25,26,28,29,31,32,36,38,39,41,43,45,47,49,51,52,53,55,56,57,58,59,61,62,63,64,65,67,68,70,71,73,74,77,79,91,98]",73,800,3,0.00375,2
"[0,1,2,3,5,6,7,8,9,10,11,12,13,14,15,16,17,18,19,20,21,22,23,24,25,26,28,29,31,32,36,38,39,41,43,45,47,49,51,52,53,55,56,57,58,59,61,62,63,64,65,67,68,70,71,73,74,77,79,91,98]",74,800,0,0,2
"[0,1,2,3,5,6,7,8,9,10,11,12,13,14,15,16,17,18,19,20,21,22,23,24,25,26,28,29,31,32,36,38,39,41,43,45,47,49,51,52,53,55,56,57,58,59,61,62,63,64,65,67,68,70,71,73,74,77,79,91,98]",77,800,0,0,2
"[0,1,2,3,5,6,7,8,9,10,11,12,13,14,15,16,17,18,19,20,21,22,23,24,25,26,28,29,31,32,36,38,39,41,43,45,47,49,51,52,53,55,56,57,58,59,61,62,63,64,65,67,68,70,71,73,74,77,79,91,98]",79,800,0,0,2
"[0,1,2,3,5,6,7,8,9,10,11,12,13,14,15,16,17,18,19,20,21,22,23,24,25,26,28,29,31,32,36,38,39,41,43,45,47,49,51,52,53,55,56,57,58,59,61,62,63,64,65,67,68,70,71,73,74,77,79,91,98]",91,800,0,0,2
"[0,1,2,3,5,6,7,8,9,10,11,12,13,14,15,16,17,18,19,20,21,22,23,24,25,26,28,29,31,32,36,38,39,41,43,45,47,49,51,52,53,55,56,57,58,59,61,62,63,64,65,67,68,70,71,73,74,77,79,91,98]",98,800,0,0,2
"[0,1,2,3,5,6,7,8,9,10,11,12,13,14,15,16,17,18,19,20,21,22,23,25,26,28,31,32,36,38,39,41,43,45,47,49,51,52,53,55,56,57,58,59,61,62,63,64,65,67,68,69,70,73,74,77,79,91,98]",0,931,59,0.0633727175080559,2
"[0,1,2,3,5,6,7,8,9,10,11,12,13,14,15,16,17,18,19,20,21,22,23,25,26,28,31,32,36,38,39,41,43,45,47,49,51,52,53,55,56,57,58,59,61,62,63,64,65,67,68,69,70,73,74,77,79,91,98]",1,931,34,0.0365198711063373,2
"[0,1,2,3,5,6,7,8,9,10,11,12,13,14,15,16,17,18,19,20,21,22,23,25,26,28,31,32,36,38,39,41,43,45,47,49,51,52,53,55,56,57,58,59,61,62,63,64,65,67,68,69,70,73,74,77,79,91,98]",2,931,152,0.163265306122449,2
"[0,1,2,3,5,6,7,8,9,10,11,12,13,14,15,16,17,18,19,20,21,22,23,25,26,28,31,32,36,38,39,41,43,45,47,49,51,52,53,55,56,57,58,59,61,62,63,64,65,67,68,69,70,73,74,77,79,91,98]",3,931,0,0,2
"[0,1,2,3,5,6,7,8,9,10,11,12,13,14,15,16,17,18,19,20,21,22,23,25,26,28,31,32,36,38,39,41,43,45,47,49,51,52,53,55,56,57,58,59,61,62,63,64,65,67,68,69,70,73,74,77,79,91,98]",5,931,104,0.111707841031149,2
"[0,1,2,3,5,6,7,8,9,10,11,12,13,14,15,16,17,18,19,20,21,22,23,25,26,28,31,32,36,38,39,41,43,45,47,49,51,52,53,55,56,57,58,59,61,62,63,64,65,67,68,69,70,73,74,77,79,91,98]",6,931,0,0,2
"[0,1,2,3,5,6,7,8,9,10,11,12,13,14,15,16,17,18,19,20,21,22,23,25,26,28,31,32,36,38,39,41,43,45,47,49,51,52,53,55,56,57,58,59,61,62,63,64,65,67,68,69,70,73,74,77,79,91,98]",7,931,21,0.0225563909774436,2
"[0,1,2,3,5,6,7,8,9,10,11,12,13,14,15,16,17,18,19,20,21,22,23,25,26,28,31,32,36,38,39,41,43,45,47,49,51,52,53,55,56,57,58,59,61,62,63,64,65,67,68,69,70,73,74,77,79,91,98]",8,931,0,0,2
"[0,1,2,3,5,6,7,8,9,10,11,12,13,14,15,16,17,18,19,20,21,22,23,25,26,28,31,32,36,38,39,41,43,45,47,49,51,52,53,55,56,57,58,59,61,62,63,64,65,67,68,69,70,73,74,77,79,91,98]",9,931,74,0.079484425349087,2
"[0,1,2,3,5,6,7,8,9,10,11,12,13,14,15,16,17,18,19,20,21,22,23,25,26,28,31,32,36,38,39,41,43,45,47,49,51,52,53,55,56,57,58,59,61,62,63,64,65,67,68,69,70,73,74,77,79,91,98]",10,931,7,0.0075187969924812,2
"[0,1,2,3,5,6,7,8,9,10,11,12,13,14,15,16,17,18,19,20,21,22,23,25,26,28,31,32,36,38,39,41,43,45,47,49,51,52,53,55,56,57,58,59,61,62,63,64,65,67,68,69,70,73,74,77,79,91,98]",11,931,0,0,2
"[0,1,2,3,5,6,7,8,9,10,11,12,13,14,15,16,17,18,19,20,21,22,23,25,26,28,31,32,36,38,39,41,43,45,47,49,51,52,53,55,56,57,58,59,61,62,63,64,65,67,68,69,70,73,74,77,79,91,98]",12,931,0,0,2
"[0,1,2,3,5,6,7,8,9,10,11,12,13,14,15,16,17,18,19,20,21,22,23,25,26,28,31,32,36,38,39,41,43,45,47,49,51,52,53,55,56,57,58,59,61,62,63,64,65,67,68,69,70,73,74,77,79,91,98]",13,931,0,0,2
"[0,1,2,3,5,6,7,8,9,10,11,12,13,14,15,16,17,18,19,20,21,22,23,25,26,28,31,32,36,38,39,41,43,45,47,49,51,52,53,55,56,57,58,59,61,62,63,64,65,67,68,69,70,73,74,77,79,91,98]",14,931,0,0,2
"[0,1,2,3,5,6,7,8,9,10,11,12,13,14,15,16,17,18,19,20,21,22,23,25,26,28,31,32,36,38,39,41,43,45,47,49,51,52,53,55,56,57,58,59,61,62,63,64,65,67,68,69,70,73,74,77,79,91,98]",15,931,0,0,2
"[0,1,2,3,5,6,7,8,9,10,11,12,13,14,15,16,17,18,19,20,21,22,23,25,26,28,31,32,36,38,39,41,43,45,47,49,51,52,53,55,56,57,58,59,61,62,63,64,65,67,68,69,70,73,74,77,79,91,98]",16,931,0,0,2
"[0,1,2,3,5,6,7,8,9,10,11,12,13,14,15,16,17,18,19,20,21,22,23,25,26,28,31,32,36,38,39,41,43,45,47,49,51,52,53,55,56,57,58,59,61,62,63,64,65,67,68,69,70,73,74,77,79,91,98]",17,931,0,0,2
"[0,1,2,3,5,6,7,8,9,10,11,12,13,14,15,16,17,18,19,20,21,22,23,25,26,28,31,32,36,38,39,41,43,45,47,49,51,52,53,55,56,57,58,59,61,62,63,64,65,67,68,69,70,73,74,77,79,91,98]",18,931,0,0,2
"[0,1,2,3,5,6,7,8,9,10,11,12,13,14,15,16,17,18,19,20,21,22,23,25,26,28,31,32,36,38,39,41,43,45,47,49,51,52,53,55,56,57,58,59,61,62,63,64,65,67,68,69,70,73,74,77,79,91,98]",19,931,0,0,2
"[0,1,2,3,5,6,7,8,9,10,11,12,13,14,15,16,17,18,19,20,21,22,23,25,26,28,31,32,36,38,39,41,43,45,47,49,51,52,53,55,56,57,58,59,61,62,63,64,65,67,68,69,70,73,74,77,79,91,98]",20,931,0,0,2
"[0,1,2,3,5,6,7,8,9,10,11,12,13,14,15,16,17,18,19,20,21,22,23,25,26,28,31,32,36,38,39,41,43,45,47,49,51,52,53,55,56,57,58,59,61,62,63,64,65,67,68,69,70,73,74,77,79,91,98]",21,931,85,0.0912996777658432,2
"[0,1,2,3,5,6,7,8,9,10,11,12,13,14,15,16,17,18,19,20,21,22,23,25,26,28,31,32,36,38,39,41,43,45,47,49,51,52,53,55,56,57,58,59,61,62,63,64,65,67,68,69,70,73,74,77,79,91,98]",22,931,0,0,2
"[0,1,2,3,5,6,7,8,9,10,11,12,13,14,15,16,17,18,19,20,21,22,23,25,26,28,31,32,36,38,39,41,43,45,47,49,51,52,53,55,56,57,58,59,61,62,63,64,65,67,68,69,70,73,74,77,79,91,98]",23,931,4,0.00429645542427497,2
"[0,1,2,3,5,6,7,8,9,10,11,12,13,14,15,16,17,18,19,20,21,22,23,25,26,28,31,32,36,38,39,41,43,45,47,49,51,52,53,55,56,57,58,59,61,62,63,64,65,67,68,69,70,73,74,77,79,91,98]",25,931,28,0.0300751879699248,2
"[0,1,2,3,5,6,7,8,9,10,11,12,13,14,15,16,17,18,19,20,21,22,23,25,26,28,31,32,36,38,39,41,43,45,47,49,51,52,53,55,56,57,58,59,61,62,63,64,65,67,68,69,70,73,74,77,79,91,98]",26,931,0,0,2
"[0,1,2,3,5,6,7,8,9,10,11,12,13,14,15,16,17,18,19,20,21,22,23,25,26,28,31,32,36,38,39,41,43,45,47,49,51,52,53,55,56,57,58,59,61,62,63,64,65,67,68,69,70,73,74,77,79,91,98]",28,931,0,0,2
"[0,1,2,3,5,6,7,8,9,10,11,12,13,14,15,16,17,18,19,20,21,22,23,25,26,28,31,32,36,38,39,41,43,45,47,49,51,52,53,55,56,57,58,59,61,62,63,64,65,67,68,69,70,73,74,77,79,91,98]",31,931,40,0.0429645542427497,2
"[0,1,2,3,5,6,7,8,9,10,11,12,13,14,15,16,17,18,19,20,21,22,23,25,26,28,31,32,36,38,39,41,43,45,47,49,51,52,53,55,56,57,58,59,61,62,63,64,65,67,68,69,70,73,74,77,79,91,98]",32,931,0,0,2
"[0,1,2,3,5,6,7,8,9,10,11,12,13,14,15,16,17,18,19,20,21,22,23,25,26,28,31,32,36,38,39,41,43,45,47,49,51,52,53,55,56,57,58,59,61,62,63,64,65,67,68,69,70,73,74,77,79,91,98]",36,931,0,0,2
"[0,1,2,3,5,6,7,8,9,10,11,12,13,14,15,16,17,18,19,20,21,22,23,25,26,28,31,32,36,38,39,41,43,45,47,49,51,52,53,55,56,57,58,59,61,62,63,64,65,67,68,69,70,73,74,77,79,91,98]",38,931,0,0,2
"[0,1,2,3,5,6,7,8,9,10,11,12,13,14,15,16,17,18,19,20,21,22,23,25,26,28,31,32,36,38,39,41,43,45,47,49,51,52,53,55,56,57,58,59,61,62,63,64,65,67,68,69,70,73,74,77,79,91,98]",39,931,14,0.0150375939849624,2
"[0,1,2,3,5,6,7,8,9,10,11,12,13,14,15,16,17,18,19,20,21,22,23,25,26,28,31,32,36,38,39,41,43,45,47,49,51,52,53,55,56,57,58,59,61,62,63,64,65,67,68,69,70,73,74,77,79,91,98]",41,931,0,0,2
"[0,1,2,3,5,6,7,8,9,10,11,12,13,14,15,16,17,18,19,20,21,22,23,25,26,28,31,32,36,38,39,41,43,45,47,49,51,52,53,55,56,57,58,59,61,62,63,64,65,67,68,69,70,73,74,77,79,91,98]",43,931,21,0.0225563909774436,2
"[0,1,2,3,5,6,7,8,9,10,11,12,13,14,15,16,17,18,19,20,21,22,23,25,26,28,31,32,36,38,39,41,43,45,47,49,51,52,53,55,56,57,58,59,61,62,63,64,65,67,68,69,70,73,74,77,79,91,98]",45,931,14,0.0150375939849624,2
"[0,1,2,3,5,6,7,8,9,10,11,12,13,14,15,16,17,18,19,20,21,22,23,25,26,28,31,32,36,38,39,41,43,45,47,49,51,52,53,55,56,57,58,59,61,62,63,64,65,67,68,69,70,73,74,77,79,91,98]",47,931,0,0,2
"[0,1,2,3,5,6,7,8,9,10,11,12,13,14,15,16,17,18,19,20,21,22,23,25,26,28,31,32,36,38,39,41,43,45,47,49,51,52,53,55,56,57,58,59,61,62,63,64,65,67,68,69,70,73,74,77,79,91,98]",49,931,8,0.00859291084854995,2
"[0,1,2,3,5,6,7,8,9,10,11,12,13,14,15,16,17,18,19,20,21,22,23,25,26,28,31,32,36,38,39,41,43,45,47,49,51,52,53,55,56,57,58,59,61,62,63,64,65,67,68,69,70,73,74,77,79,91,98]",51,931,15,0.0161117078410312,2
"[0,1,2,3,5,6,7,8,9,10,11,12,13,14,15,16,17,18,19,20,21,22,23,25,26,28,31,32,36,38,39,41,43,45,47,49,51,52,53,55,56,57,58,59,61,62,63,64,65,67,68,69,70,73,74,77,79,91,98]",52,931,7,0.0075187969924812,2
"[0,1,2,3,5,6,7,8,9,10,11,12,13,14,15,16,17,18,19,20,21,22,23,25,26,28,31,32,36,38,39,41,43,45,47,49,51,52,53,55,56,57,58,59,61,62,63,64,65,67,68,69,70,73,74,77,79,91,98]",53,931,0,0,2
"[0,1,2,3,5,6,7,8,9,10,11,12,13,14,15,16,17,18,19,20,21,22,23,25,26,28,31,32,36,38,39,41,43,45,47,49,51,52,53,55,56,57,58,59,61,62,63,64,65,67,68,69,70,73,74,77,79,91,98]",55,931,3,0.00322234156820623,2
"[0,1,2,3,5,6,7,8,9,10,11,12,13,14,15,16,17,18,19,20,21,22,23,25,26,28,31,32,36,38,39,41,43,45,47,49,51,52,53,55,56,57,58,59,61,62,63,64,65,67,68,69,70,73,74,77,79,91,98]",56,931,5,0.00537056928034372,2
"[0,1,2,3,5,6,7,8,9,10,11,12,13,14,15,16,17,18,19,20,21,22,23,25,26,28,31,32,36,38,39,41,43,45,47,49,51,52,53,55,56,57,58,59,61,62,63,64,65,67,68,69,70,73,74,77,79,91,98]",57,931,0,0,2
"[0,1,2,3,5,6,7,8,9,10,11,12,13,14,15,16,17,18,19,20,21,22,23,25,26,28,31,32,36,38,39,41,43,45,47,49,51,52,53,55,56,57,58,59,61,62,63,64,65,67,68,69,70,73,74,77,79,91,98]",58,931,0,0,2
"[0,1,2,3,5,6,7,8,9,10,11,12,13,14,15,16,17,18,19,20,21,22,23,25,26,28,31,32,36,38,39,41,43,45,47,49,51,52,53,55,56,57,58,59,61,62,63,64,65,67,68,69,70,73,74,77,79,91,98]",59,931,1,0.00107411385606874,2
"[0,1,2,3,5,6,7,8,9,10,11,12,13,14,15,16,17,18,19,20,21,22,23,25,26,28,31,32,36,38,39,41,43,45,47,49,51,52,53,55,56,57,58,59,61,62,63,64,65,67,68,69,70,73,74,77,79,91,98]",61,931,0,0,2
"[0,1,2,3,5,6,7,8,9,10,11,12,13,14,15,16,17,18,19,20,21,22,23,25,26,28,31,32,36,38,39,41,43,45,47,49,51,52,53,55,56,57,58,59,61,62,63,64,65,67,68,69,70,73,74,77,79,91,98]",62,931,0,0,2
"[0,1,2,3,5,6,7,8,9,10,11,12,13,14,15,16,17,18,19,20,21,22,23,25,26,28,31,32,36,38,39,41,43,45,47,49,51,52,53,55,56,57,58,59,61,62,63,64,65,67,68,69,70,73,74,77,79,91,98]",63,931,95,0.102040816326531,2
"[0,1,2,3,5,6,7,8,9,10,11,12,13,14,15,16,17,18,19,20,21,22,23,25,26,28,31,32,36,38,39,41,43,45,47,49,51,52,53,55,56,57,58,59,61,62,63,64,65,67,68,69,70,73,74,77,79,91,98]",64,931,4,0.00429645542427497,2
"[0,1,2,3,5,6,7,8,9,10,11,12,13,14,15,16,17,18,19,20,21,22,23,25,26,28,31,32,36,38,39,41,43,45,47,49,51,52,53,55,56,57,58,59,61,62,63,64,65,67,68,69,70,73,74,77,79,91,98]",65,931,8,0.00859291084854995,2
"[0,1,2,3,5,6,7,8,9,10,11,12,13,14,15,16,17,18,19,20,21,22,23,25,26,28,31,32,36,38,39,41,43,45,47,49,51,52,53,55,56,57,58,59,61,62,63,64,65,67,68,69,70,73,74,77,79,91,98]",67,931,104,0.111707841031149,2
"[0,1,2,3,5,6,7,8,9,10,11,12,13,14,15,16,17,18,19,20,21,22,23,25,26,28,31,32,36,38,39,41,43,45,47,49,51,52,53,55,56,57,58,59,61,62,63,64,65,67,68,69,70,73,74,77,79,91,98]",68,931,1,0.00107411385606874,2
"[0,1,2,3,5,6,7,8,9,10,11,12,13,14,15,16,17,18,19,20,21,22,23,25,26,28,31,32,36,38,39,41,43,45,47,49,51,52,53,55,56,57,58,59,61,62,63,64,65,67,68,69,70,73,74,77,79,91,98]",69,931,19,0.0204081632653061,2
"[0,1,2,3,5,6,7,8,9,10,11,12,13,14,15,16,17,18,19,20,21,22,23,25,26,28,31,32,36,38,39,41,43,45,47,49,51,52,53,55,56,57,58,59,61,62,63,64,65,67,68,69,70,73,74,77,79,91,98]",70,931,3,0.00322234156820623,2
"[0,1,2,3,5,6,7,8,9,10,11,12,13,14,15,16,17,18,19,20,21,22,23,25,26,28,31,32,36,38,39,41,43,45,47,49,51,52,53,55,56,57,58,59,61,62,63,64,65,67,68,69,70,73,74,77,79,91,98]",73,931,1,0.00107411385606874,2
"[0,1,2,3,5,6,7,8,9,10,11,12,13,14,15,16,17,18,19,20,21,22,23,25,26,28,31,32,36,38,39,41,43,45,47,49,51,52,53,55,56,57,58,59,61,62,63,64,65,67,68,69,70,73,74,77,79,91,98]",74,931,0,0,2
"[0,1,2,3,5,6,7,8,9,10,11,12,13,14,15,16,17,18,19,20,21,22,23,25,26,28,31,32,36,38,39,41,43,45,47,49,51,52,53,55,56,57,58,59,61,62,63,64,65,67,68,69,70,73,74,77,79,91,98]",77,931,0,0,2
"[0,1,2,3,5,6,7,8,9,10,11,12,13,14,15,16,17,18,19,20,21,22,23,25,26,28,31,32,36,38,39,41,43,45,47,49,51,52,53,55,56,57,58,59,61,62,63,64,65,67,68,69,70,73,74,77,79,91,98]",79,931,0,0,2
"[0,1,2,3,5,6,7,8,9,10,11,12,13,14,15,16,17,18,19,20,21,22,23,25,26,28,31,32,36,38,39,41,43,45,47,49,51,52,53,55,56,57,58,59,61,62,63,64,65,67,68,69,70,73,74,77,79,91,98]",91,931,0,0,2
"[0,1,2,3,5,6,7,8,9,10,11,12,13,14,15,16,17,18,19,20,21,22,23,25,26,28,31,32,36,38,39,41,43,45,47,49,51,52,53,55,56,57,58,59,61,62,63,64,65,67,68,69,70,73,74,77,79,91,98]",98,931,0,0,2
"[0,1,2,3,5,6,7,8,9,10,11,12,13,14,15,16,17,18,19,20,21,23,25,26,28,31,32,36,38,39,41,43,45,47,49,51,52,53,55,56,57,58,59,62,63,64,65,67,68,69,70,73,74,77,79,80,91,98]",0,1528,98,0.0641361256544503,3
"[0,1,2,3,5,6,7,8,9,10,11,12,13,14,15,16,17,18,19,20,21,23,25,26,28,31,32,36,38,39,41,43,45,47,49,51,52,53,55,56,57,58,59,62,63,64,65,67,68,69,70,73,74,77,79,80,91,98]",1,1528,61,0.0399214659685864,3
"[0,1,2,3,5,6,7,8,9,10,11,12,13,14,15,16,17,18,19,20,21,23,25,26,28,31,32,36,38,39,41,43,45,47,49,51,52,53,55,56,57,58,59,62,63,64,65,67,68,69,70,73,74,77,79,80,91,98]",2,1528,224,0.146596858638743,3
"[0,1,2,3,5,6,7,8,9,10,11,12,13,14,15,16,17,18,19,20,21,23,25,26,28,31,32,36,38,39,41,43,45,47,49,51,52,53,55,56,57,58,59,62,63,64,65,67,68,69,70,73,74,77,79,80,91,98]",3,1528,0,0,3
"[0,1,2,3,5,6,7,8,9,10,11,12,13,14,15,16,17,18,19,20,21,23,25,26,28,31,32,36,38,39,41,43,45,47,49,51,52,53,55,56,57,58,59,62,63,64,65,67,68,69,70,73,74,77,79,80,91,98]",5,1528,186,0.121727748691099,3
"[0,1,2,3,5,6,7,8,9,10,11,12,13,14,15,16,17,18,19,20,21,23,25,26,28,31,32,36,38,39,41,43,45,47,49,51,52,53,55,56,57,58,59,62,63,64,65,67,68,69,70,73,74,77,79,80,91,98]",6,1528,0,0,3
"[0,1,2,3,5,6,7,8,9,10,11,12,13,14,15,16,17,18,19,20,21,23,25,26,28,31,32,36,38,39,41,43,45,47,49,51,52,53,55,56,57,58,59,62,63,64,65,67,68,69,70,73,74,77,79,80,91,98]",7,1528,24,0.0157068062827225,3
"[0,1,2,3,5,6,7,8,9,10,11,12,13,14,15,16,17,18,19,20,21,23,25,26,28,31,32,36,38,39,41,43,45,47,49,51,52,53,55,56,57,58,59,62,63,64,65,67,68,69,70,73,74,77,79,80,91,98]",8,1528,0,0,3
"[0,1,2,3,5,6,7,8,9,10,11,12,13,14,15,16,17,18,19,20,21,23,25,26,28,31,32,36,38,39,41,43,45,47,49,51,52,53,55,56,57,58,59,62,63,64,65,67,68,69,70,73,74,77,79,80,91,98]",9,1528,127,0.0831151832460733,3
"[0,1,2,3,5,6,7,8,9,10,11,12,13,14,15,16,17,18,19,20,21,23,25,26,28,31,32,36,38,39,41,43,45,47,49,51,52,53,55,56,57,58,59,62,63,64,65,67,68,69,70,73,74,77,79,80,91,98]",10,1528,4,0.00261780104712042,3
"[0,1,2,3,5,6,7,8,9,10,11,12,13,14,15,16,17,18,19,20,21,23,25,26,28,31,32,36,38,39,41,43,45,47,49,51,52,53,55,56,57,58,59,62,63,64,65,67,68,69,70,73,74,77,79,80,91,98]",11,1528,0,0,3
"[0,1,2,3,5,6,7,8,9,10,11,12,13,14,15,16,17,18,19,20,21,23,25,26,28,31,32,36,38,39,41,43,45,47,49,51,52,53,55,56,57,58,59,62,63,64,65,67,68,69,70,73,74,77,79,80,91,98]",12,1528,0,0,3
"[0,1,2,3,5,6,7,8,9,10,11,12,13,14,15,16,17,18,19,20,21,23,25,26,28,31,32,36,38,39,41,43,45,47,49,51,52,53,55,56,57,58,59,62,63,64,65,67,68,69,70,73,74,77,79,80,91,98]",13,1528,0,0,3
"[0,1,2,3,5,6,7,8,9,10,11,12,13,14,15,16,17,18,19,20,21,23,25,26,28,31,32,36,38,39,41,43,45,47,49,51,52,53,55,56,57,58,59,62,63,64,65,67,68,69,70,73,74,77,79,80,91,98]",14,1528,0,0,3
"[0,1,2,3,5,6,7,8,9,10,11,12,13,14,15,16,17,18,19,20,21,23,25,26,28,31,32,36,38,39,41,43,45,47,49,51,52,53,55,56,57,58,59,62,63,64,65,67,68,69,70,73,74,77,79,80,91,98]",15,1528,0,0,3
"[0,1,2,3,5,6,7,8,9,10,11,12,13,14,15,16,17,18,19,20,21,23,25,26,28,31,32,36,38,39,41,43,45,47,49,51,52,53,55,56,57,58,59,62,63,64,65,67,68,69,70,73,74,77,79,80,91,98]",16,1528,0,0,3
"[0,1,2,3,5,6,7,8,9,10,11,12,13,14,15,16,17,18,19,20,21,23,25,26,28,31,32,36,38,39,41,43,45,47,49,51,52,53,55,56,57,58,59,62,63,64,65,67,68,69,70,73,74,77,79,80,91,98]",17,1528,0,0,3
"[0,1,2,3,5,6,7,8,9,10,11,12,13,14,15,16,17,18,19,20,21,23,25,26,28,31,32,36,38,39,41,43,45,47,49,51,52,53,55,56,57,58,59,62,63,64,65,67,68,69,70,73,74,77,79,80,91,98]",18,1528,0,0,3
"[0,1,2,3,5,6,7,8,9,10,11,12,13,14,15,16,17,18,19,20,21,23,25,26,28,31,32,36,38,39,41,43,45,47,49,51,52,53,55,56,57,58,59,62,63,64,65,67,68,69,70,73,74,77,79,80,91,98]",19,1528,0,0,3
"[0,1,2,3,5,6,7,8,9,10,11,12,13,14,15,16,17,18,19,20,21,23,25,26,28,31,32,36,38,39,41,43,45,47,49,51,52,53,55,56,57,58,59,62,63,64,65,67,68,69,70,73,74,77,79,80,91,98]",20,1528,0,0,3
"[0,1,2,3,5,6,7,8,9,10,11,12,13,14,15,16,17,18,19,20,21,23,25,26,28,31,32,36,38,39,41,43,45,47,49,51,52,53,55,56,57,58,59,62,63,64,65,67,68,69,70,73,74,77,79,80,91,98]",21,1528,147,0.0962041884816754,3
"[0,1,2,3,5,6,7,8,9,10,11,12,13,14,15,16,17,18,19,20,21,23,25,26,28,31,32,36,38,39,41,43,45,47,49,51,52,53,55,56,57,58,59,62,63,64,65,67,68,69,70,73,74,77,79,80,91,98]",23,1528,6,0.00392670157068063,3
"[0,1,2,3,5,6,7,8,9,10,11,12,13,14,15,16,17,18,19,20,21,23,25,26,28,31,32,36,38,39,41,43,45,47,49,51,52,53,55,56,57,58,59,62,63,64,65,67,68,69,70,73,74,77,79,80,91,98]",25,1528,34,0.0222513089005236,3
"[0,1,2,3,5,6,7,8,9,10,11,12,13,14,15,16,17,18,19,20,21,23,25,26,28,31,32,36,38,39,41,43,45,47,49,51,52,53,55,56,57,58,59,62,63,64,65,67,68,69,70,73,74,77,79,80,91,98]",26,1528,0,0,3
"[0,1,2,3,5,6,7,8,9,10,11,12,13,14,15,16,17,18,19,20,21,23,25,26,28,31,32,36,38,39,41,43,45,47,49,51,52,53,55,56,57,58,59,62,63,64,65,67,68,69,70,73,74,77,79,80,91,98]",28,1528,0,0,3
"[0,1,2,3,5,6,7,8,9,10,11,12,13,14,15,16,17,18,19,20,21,23,25,26,28,31,32,36,38,39,41,43,45,47,49,51,52,53,55,56,57,58,59,62,63,64,65,67,68,69,70,73,74,77,79,80,91,98]",31,1528,40,0.0261780104712042,3
"[0,1,2,3,5,6,7,8,9,10,11,12,13,14,15,16,17,18,19,20,21,23,25,26,28,31,32,36,38,39,41,43,45,47,49,51,52,53,55,56,57,58,59,62,63,64,65,67,68,69,70,73,74,77,79,80,91,98]",32,1528,0,0,3
"[0,1,2,3,5,6,7,8,9,10,11,12,13,14,15,16,17,18,19,20,21,23,25,26,28,31,32,36,38,39,41,43,45,47,49,51,52,53,55,56,57,58,59,62,63,64,65,67,68,69,70,73,74,77,79,80,91,98]",36,1528,0,0,3
"[0,1,2,3,5,6,7,8,9,10,11,12,13,14,15,16,17,18,19,20,21,23,25,26,28,31,32,36,38,39,41,43,45,47,49,51,52,53,55,56,57,58,59,62,63,64,65,67,68,69,70,73,74,77,79,80,91,98]",38,1528,0,0,3
"[0,1,2,3,5,6,7,8,9,10,11,12,13,14,15,16,17,18,19,20,21,23,25,26,28,31,32,36,38,39,41,43,45,47,49,51,52,53,55,56,57,58,59,62,63,64,65,67,68,69,70,73,74,77,79,80,91,98]",39,1528,25,0.0163612565445026,3
"[0,1,2,3,5,6,7,8,9,10,11,12,13,14,15,16,17,18,19,20,21,23,25,26,28,31,32,36,38,39,41,43,45,47,49,51,52,53,55,56,57,58,59,62,63,64,65,67,68,69,70,73,74,77,79,80,91,98]",41,1528,0,0,3
"[0,1,2,3,5,6,7,8,9,10,11,12,13,14,15,16,17,18,19,20,21,23,25,26,28,31,32,36,38,39,41,43,45,47,49,51,52,53,55,56,57,58,59,62,63,64,65,67,68,69,70,73,74,77,79,80,91,98]",43,1528,36,0.0235602094240838,3
"[0,1,2,3,5,6,7,8,9,10,11,12,13,14,15,16,17,18,19,20,21,23,25,26,28,31,32,36,38,39,41,43,45,47,49,51,52,53,55,56,57,58,59,62,63,64,65,67,68,69,70,73,74,77,79,80,91,98]",45,1528,18,0.0117801047120419,3
"[0,1,2,3,5,6,7,8,9,10,11,12,13,14,15,16,17,18,19,20,21,23,25,26,28,31,32,36,38,39,41,43,45,47,49,51,52,53,55,56,57,58,59,62,63,64,65,67,68,69,70,73,74,77,79,80,91,98]",47,1528,0,0,3
"[0,1,2,3,5,6,7,8,9,10,11,12,13,14,15,16,17,18,19,20,21,23,25,26,28,31,32,36,38,39,41,43,45,47,49,51,52,53,55,56,57,58,59,62,63,64,65,67,68,69,70,73,74,77,79,80,91,98]",49,1528,11,0.00719895287958115,3
"[0,1,2,3,5,6,7,8,9,10,11,12,13,14,15,16,17,18,19,20,21,23,25,26,28,31,32,36,38,39,41,43,45,47,49,51,52,53,55,56,57,58,59,62,63,64,65,67,68,69,70,73,74,77,79,80,91,98]",51,1528,22,0.0143979057591623,3
"[0,1,2,3,5,6,7,8,9,10,11,12,13,14,15,16,17,18,19,20,21,23,25,26,28,31,32,36,38,39,41,43,45,47,49,51,52,53,55,56,57,58,59,62,63,64,65,67,68,69,70,73,74,77,79,80,91,98]",52,1528,8,0.00523560209424084,3
"[0,1,2,3,5,6,7,8,9,10,11,12,13,14,15,16,17,18,19,20,21,23,25,26,28,31,32,36,38,39,41,43,45,47,49,51,52,53,55,56,57,58,59,62,63,64,65,67,68,69,70,73,74,77,79,80,91,98]",53,1528,0,0,3
"[0,1,2,3,5,6,7,8,9,10,11,12,13,14,15,16,17,18,19,20,21,23,25,26,28,31,32,36,38,39,41,43,45,47,49,51,52,53,55,56,57,58,59,62,63,64,65,67,68,69,70,73,74,77,79,80,91,98]",55,1528,5,0.00327225130890052,3
"[0,1,2,3,5,6,7,8,9,10,11,12,13,14,15,16,17,18,19,20,21,23,25,26,28,31,32,36,38,39,41,43,45,47,49,51,52,53,55,56,57,58,59,62,63,64,65,67,68,69,70,73,74,77,79,80,91,98]",56,1528,6,0.00392670157068063,3
"[0,1,2,3,5,6,7,8,9,10,11,12,13,14,15,16,17,18,19,20,21,23,25,26,28,31,32,36,38,39,41,43,45,47,49,51,52,53,55,56,57,58,59,62,63,64,65,67,68,69,70,73,74,77,79,80,91,98]",57,1528,0,0,3
"[0,1,2,3,5,6,7,8,9,10,11,12,13,14,15,16,17,18,19,20,21,23,25,26,28,31,32,36,38,39,41,43,45,47,49,51,52,53,55,56,57,58,59,62,63,64,65,67,68,69,70,73,74,77,79,80,91,98]",58,1528,0,0,3
"[0,1,2,3,5,6,7,8,9,10,11,12,13,14,15,16,17,18,19,20,21,23,25,26,28,31,32,36,38,39,41,43,45,47,49,51,52,53,55,56,57,58,59,62,63,64,65,67,68,69,70,73,74,77,79,80,91,98]",59,1528,2,0.00130890052356021,3
"[0,1,2,3,5,6,7,8,9,10,11,12,13,14,15,16,17,18,19,20,21,23,25,26,28,31,32,36,38,39,41,43,45,47,49,51,52,53,55,56,57,58,59,62,63,64,65,67,68,69,70,73,74,77,79,80,91,98]",62,1528,0,0,3
"[0,1,2,3,5,6,7,8,9,10,11,12,13,14,15,16,17,18,19,20,21,23,25,26,28,31,32,36,38,39,41,43,45,47,49,51,52,53,55,56,57,58,59,62,63,64,65,67,68,69,70,73,74,77,79,80,91,98]",63,1528,135,0.0883507853403141,3
"[0,1,2,3,5,6,7,8,9,10,11,12,13,14,15,16,17,18,19,20,21,23,25,26,28,31,32,36,38,39,41,43,45,47,49,51,52,53,55,56,57,58,59,62,63,64,65,67,68,69,70,73,74,77,79,80,91,98]",64,1528,19,0.012434554973822,3
"[0,1,2,3,5,6,7,8,9,10,11,12,13,14,15,16,17,18,19,20,21,23,25,26,28,31,32,36,38,39,41,43,45,47,49,51,52,53,55,56,57,58,59,62,63,64,65,67,68,69,70,73,74,77,79,80,91,98]",65,1528,10,0.00654450261780105,3
"[0,1,2,3,5,6,7,8,9,10,11,12,13,14,15,16,17,18,19,20,21,23,25,26,28,31,32,36,38,39,41,43,45,47,49,51,52,53,55,56,57,58,59,62,63,64,65,67,68,69,70,73,74,77,79,80,91,98]",67,1528,239,0.156413612565445,3
"[0,1,2,3,5,6,7,8,9,10,11,12,13,14,15,16,17,18,19,20,21,23,25,26,28,31,32,36,38,39,41,43,45,47,49,51,52,53,55,56,57,58,59,62,63,64,65,67,68,69,70,73,74,77,79,80,91,98]",68,1528,0,0,3
"[0,1,2,3,5,6,7,8,9,10,11,12,13,14,15,16,17,18,19,20,21,23,25,26,28,31,32,36,38,39,41,43,45,47,49,51,52,53,55,56,57,58,59,62,63,64,65,67,68,69,70,73,74,77,79,80,91,98]",69,1528,19,0.012434554973822,3
"[0,1,2,3,5,6,7,8,9,10,11,12,13,14,15,16,17,18,19,20,21,23,25,26,28,31,32,36,38,39,41,43,45,47,49,51,52,53,55,56,57,58,59,62,63,64,65,67,68,69,70,73,74,77,79,80,91,98]",70,1528,18,0.0117801047120419,3
"[0,1,2,3,5,6,7,8,9,10,11,12,13,14,15,16,17,18,19,20,21,23,25,26,28,31,32,36,38,39,41,43,45,47,49,51,52,53,55,56,57,58,59,62,63,64,65,67,68,69,70,73,74,77,79,80,91,98]",73,1528,1,0.000654450261780105,3
"[0,1,2,3,5,6,7,8,9,10,11,12,13,14,15,16,17,18,19,20,21,23,25,26,28,31,32,36,38,39,41,43,45,47,49,51,52,53,55,56,57,58,59,62,63,64,65,67,68,69,70,73,74,77,79,80,91,98]",74,1528,0,0,3
"[0,1,2,3,5,6,7,8,9,10,11,12,13,14,15,16,17,18,19,20,21,23,25,26,28,31,32,36,38,39,41,43,45,47,49,51,52,53,55,56,57,58,59,62,63,64,65,67,68,69,70,73,74,77,79,80,91,98]",77,1528,0,0,3
"[0,1,2,3,5,6,7,8,9,10,11,12,13,14,15,16,17,18,19,20,21,23,25,26,28,31,32,36,38,39,41,43,45,47,49,51,52,53,55,56,57,58,59,62,63,64,65,67,68,69,70,73,74,77,79,80,91,98]",79,1528,0,0,3
"[0,1,2,3,5,6,7,8,9,10,11,12,13,14,15,16,17,18,19,20,21,23,25,26,28,31,32,36,38,39,41,43,45,47,49,51,52,53,55,56,57,58,59,62,63,64,65,67,68,69,70,73,74,77,79,80,91,98]",80,1528,3,0.00196335078534031,3
"[0,1,2,3,5,6,7,8,9,10,11,12,13,14,15,16,17,18,19,20,21,23,25,26,28,31,32,36,38,39,41,43,45,47,49,51,52,53,55,56,57,58,59,62,63,64,65,67,68,69,70,73,74,77,79,80,91,98]",91,1528,0,0,3
"[0,1,2,3,5,6,7,8,9,10,11,12,13,14,15,16,17,18,19,20,21,23,25,26,28,31,32,36,38,39,41,43,45,47,49,51,52,53,55,56,57,58,59,62,63,64,65,67,68,69,70,73,74,77,79,80,91,98]",98,1528,0,0,3
"[0,1,2,3,5,6,7,8,9,10,11,12,13,14,15,16,17,18,19,20,21,23,25,26,28,31,32,36,38,39,41,43,45,47,49,51,52,53,55,56,58,59,62,63,64,65,67,68,69,70,73,74,76,77,79,80,91,98]",0,3251,124,0.0381421101199631,5
"[0,1,2,3,5,6,7,8,9,10,11,12,13,14,15,16,17,18,19,20,21,23,25,26,28,31,32,36,38,39,41,43,45,47,49,51,52,53,55,56,58,59,62,63,64,65,67,68,69,70,73,74,76,77,79,80,91,98]",1,3251,95,0.0292217779144879,5
"[0,1,2,3,5,6,7,8,9,10,11,12,13,14,15,16,17,18,19,20,21,23,25,26,28,31,32,36,38,39,41,43,45,47,49,51,52,53,55,56,58,59,62,63,64,65,67,68,69,70,73,74,76,77,79,80,91,98]",2,3251,674,0.207320824361735,5
"[0,1,2,3,5,6,7,8,9,10,11,12,13,14,15,16,17,18,19,20,21,23,25,26,28,31,32,36,38,39,41,43,45,47,49,51,52,53,55,56,58,59,62,63,64,65,67,68,69,70,73,74,76,77,79,80,91,98]",3,3251,0,0,5
"[0,1,2,3,5,6,7,8,9,10,11,12,13,14,15,16,17,18,19,20,21,23,25,26,28,31,32,36,38,39,41,43,45,47,49,51,52,53,55,56,58,59,62,63,64,65,67,68,69,70,73,74,76,77,79,80,91,98]",5,3251,286,0.0879729314057213,5
"[0,1,2,3,5,6,7,8,9,10,11,12,13,14,15,16,17,18,19,20,21,23,25,26,28,31,32,36,38,39,41,43,45,47,49,51,52,53,55,56,58,59,62,63,64,65,67,68,69,70,73,74,76,77,79,80,91,98]",6,3251,0,0,5
"[0,1,2,3,5,6,7,8,9,10,11,12,13,14,15,16,17,18,19,20,21,23,25,26,28,31,32,36,38,39,41,43,45,47,49,51,52,53,55,56,58,59,62,63,64,65,67,68,69,70,73,74,76,77,79,80,91,98]",7,3251,31,0.00953552752999077,5
"[0,1,2,3,5,6,7,8,9,10,11,12,13,14,15,16,17,18,19,20,21,23,25,26,28,31,32,36,38,39,41,43,45,47,49,51,52,53,55,56,58,59,62,63,64,65,67,68,69,70,73,74,76,77,79,80,91,98]",8,3251,0,0,5
"[0,1,2,3,5,6,7,8,9,10,11,12,13,14,15,16,17,18,19,20,21,23,25,26,28,31,32,36,38,39,41,43,45,47,49,51,52,53,55,56,58,59,62,63,64,65,67,68,69,70,73,74,76,77,79,80,91,98]",9,3251,192,0.0590587511534912,5
"[0,1,2,3,5,6,7,8,9,10,11,12,13,14,15,16,17,18,19,20,21,23,25,26,28,31,32,36,38,39,41,43,45,47,49,51,52,53,55,56,58,59,62,63,64,65,67,68,69,70,73,74,76,77,79,80,91,98]",10,3251,120,0.036911719470932,5
"[0,1,2,3,5,6,7,8,9,10,11,12,13,14,15,16,17,18,19,20,21,23,25,26,28,31,32,36,38,39,41,43,45,47,49,51,52,53,55,56,58,59,62,63,64,65,67,68,69,70,73,74,76,77,79,80,91,98]",11,3251,0,0,5
"[0,1,2,3,5,6,7,8,9,10,11,12,13,14,15,16,17,18,19,20,21,23,25,26,28,31,32,36,38,39,41,43,45,47,49,51,52,53,55,56,58,59,62,63,64,65,67,68,69,70,73,74,76,77,79,80,91,98]",12,3251,0,0,5
"[0,1,2,3,5,6,7,8,9,10,11,12,13,14,15,16,17,18,19,20,21,23,25,26,28,31,32,36,38,39,41,43,45,47,49,51,52,53,55,56,58,59,62,63,64,65,67,68,69,70,73,74,76,77,79,80,91,98]",13,3251,0,0,5
"[0,1,2,3,5,6,7,8,9,10,11,12,13,14,15,16,17,18,19,20,21,23,25,26,28,31,32,36,38,39,41,43,45,47,49,51,52,53,55,56,58,59,62,63,64,65,67,68,69,70,73,74,76,77,79,80,91,98]",14,3251,0,0,5
"[0,1,2,3,5,6,7,8,9,10,11,12,13,14,15,16,17,18,19,20,21,23,25,26,28,31,32,36,38,39,41,43,45,47,49,51,52,53,55,56,58,59,62,63,64,65,67,68,69,70,73,74,76,77,79,80,91,98]",15,3251,0,0,5
"[0,1,2,3,5,6,7,8,9,10,11,12,13,14,15,16,17,18,19,20,21,23,25,26,28,31,32,36,38,39,41,43,45,47,49,51,52,53,55,56,58,59,62,63,64,65,67,68,69,70,73,74,76,77,79,80,91,98]",16,3251,0,0,5
"[0,1,2,3,5,6,7,8,9,10,11,12,13,14,15,16,17,18,19,20,21,23,25,26,28,31,32,36,38,39,41,43,45,47,49,51,52,53,55,56,58,59,62,63,64,65,67,68,69,70,73,74,76,77,79,80,91,98]",17,3251,0,0,5
"[0,1,2,3,5,6,7,8,9,10,11,12,13,14,15,16,17,18,19,20,21,23,25,26,28,31,32,36,38,39,41,43,45,47,49,51,52,53,55,56,58,59,62,63,64,65,67,68,69,70,73,74,76,77,79,80,91,98]",18,3251,0,0,5
"[0,1,2,3,5,6,7,8,9,10,11,12,13,14,15,16,17,18,19,20,21,23,25,26,28,31,32,36,38,39,41,43,45,47,49,51,52,53,55,56,58,59,62,63,64,65,67,68,69,70,73,74,76,77,79,80,91,98]",19,3251,0,0,5
"[0,1,2,3,5,6,7,8,9,10,11,12,13,14,15,16,17,18,19,20,21,23,25,26,28,31,32,36,38,39,41,43,45,47,49,51,52,53,55,56,58,59,62,63,64,65,67,68,69,70,73,74,76,77,79,80,91,98]",20,3251,0,0,5
"[0,1,2,3,5,6,7,8,9,10,11,12,13,14,15,16,17,18,19,20,21,23,25,26,28,31,32,36,38,39,41,43,45,47,49,51,52,53,55,56,58,59,62,63,64,65,67,68,69,70,73,74,76,77,79,80,91,98]",21,3251,149,0.0458320516764073,5
"[0,1,2,3,5,6,7,8,9,10,11,12,13,14,15,16,17,18,19,20,21,23,25,26,28,31,32,36,38,39,41,43,45,47,49,51,52,53,55,56,58,59,62,63,64,65,67,68,69,70,73,74,76,77,79,80,91,98]",23,3251,26,0.00799753921870194,5
"[0,1,2,3,5,6,7,8,9,10,11,12,13,14,15,16,17,18,19,20,21,23,25,26,28,31,32,36,38,39,41,43,45,47,49,51,52,53,55,56,58,59,62,63,64,65,67,68,69,70,73,74,76,77,79,80,91,98]",25,3251,106,0.0326053521993233,5
"[0,1,2,3,5,6,7,8,9,10,11,12,13,14,15,16,17,18,19,20,21,23,25,26,28,31,32,36,38,39,41,43,45,47,49,51,52,53,55,56,58,59,62,63,64,65,67,68,69,70,73,74,76,77,79,80,91,98]",26,3251,0,0,5
"[0,1,2,3,5,6,7,8,9,10,11,12,13,14,15,16,17,18,19,20,21,23,25,26,28,31,32,36,38,39,41,43,45,47,49,51,52,53,55,56,58,59,62,63,64,65,67,68,69,70,73,74,76,77,79,80,91,98]",28,3251,0,0,5
"[0,1,2,3,5,6,7,8,9,10,11,12,13,14,15,16,17,18,19,20,21,23,25,26,28,31,32,36,38,39,41,43,45,47,49,51,52,53,55,56,58,59,62,63,64,65,67,68,69,70,73,74,76,77,79,80,91,98]",31,3251,40,0.0123039064903107,5
"[0,1,2,3,5,6,7,8,9,10,11,12,13,14,15,16,17,18,19,20,21,23,25,26,28,31,32,36,38,39,41,43,45,47,49,51,52,53,55,56,58,59,62,63,64,65,67,68,69,70,73,74,76,77,79,80,91,98]",32,3251,0,0,5
"[0,1,2,3,5,6,7,8,9,10,11,12,13,14,15,16,17,18,19,20,21,23,25,26,28,31,32,36,38,39,41,43,45,47,49,51,52,53,55,56,58,59,62,63,64,65,67,68,69,70,73,74,76,77,79,80,91,98]",36,3251,0,0,5
"[0,1,2,3,5,6,7,8,9,10,11,12,13,14,15,16,17,18,19,20,21,23,25,26,28,31,32,36,38,39,41,43,45,47,49,51,52,53,55,56,58,59,62,63,64,65,67,68,69,70,73,74,76,77,79,80,91,98]",38,3251,0,0,5
"[0,1,2,3,5,6,7,8,9,10,11,12,13,14,15,16,17,18,19,20,21,23,25,26,28,31,32,36,38,39,41,43,45,47,49,51,52,53,55,56,58,59,62,63,64,65,67,68,69,70,73,74,76,77,79,80,91,98]",39,3251,36,0.0110735158412796,5
"[0,1,2,3,5,6,7,8,9,10,11,12,13,14,15,16,17,18,19,20,21,23,25,26,28,31,32,36,38,39,41,43,45,47,49,51,52,53,55,56,58,59,62,63,64,65,67,68,69,70,73,74,76,77,79,80,91,98]",41,3251,0,0,5
"[0,1,2,3,5,6,7,8,9,10,11,12,13,14,15,16,17,18,19,20,21,23,25,26,28,31,32,36,38,39,41,43,45,47,49,51,52,53,55,56,58,59,62,63,64,65,67,68,69,70,73,74,76,77,79,80,91,98]",43,3251,81,0.0249154106428791,5
"[0,1,2,3,5,6,7,8,9,10,11,12,13,14,15,16,17,18,19,20,21,23,25,26,28,31,32,36,38,39,41,43,45,47,49,51,52,53,55,56,58,59,62,63,64,65,67,68,69,70,73,74,76,77,79,80,91,98]",45,3251,32,0.00984312519224854,5
"[0,1,2,3,5,6,7,8,9,10,11,12,13,14,15,16,17,18,19,20,21,23,25,26,28,31,32,36,38,39,41,43,45,47,49,51,52,53,55,56,58,59,62,63,64,65,67,68,69,70,73,74,76,77,79,80,91,98]",47,3251,0,0,5
"[0,1,2,3,5,6,7,8,9,10,11,12,13,14,15,16,17,18,19,20,21,23,25,26,28,31,32,36,38,39,41,43,45,47,49,51,52,53,55,56,58,59,62,63,64,65,67,68,69,70,73,74,76,77,79,80,91,98]",49,3251,16,0.00492156259612427,5
"[0,1,2,3,5,6,7,8,9,10,11,12,13,14,15,16,17,18,19,20,21,23,25,26,28,31,32,36,38,39,41,43,45,47,49,51,52,53,55,56,58,59,62,63,64,65,67,68,69,70,73,74,76,77,79,80,91,98]",51,3251,25,0.00768994155644417,5
"[0,1,2,3,5,6,7,8,9,10,11,12,13,14,15,16,17,18,19,20,21,23,25,26,28,31,32,36,38,39,41,43,45,47,49,51,52,53,55,56,58,59,62,63,64,65,67,68,69,70,73,74,76,77,79,80,91,98]",52,3251,20,0.00615195324515534,5
"[0,1,2,3,5,6,7,8,9,10,11,12,13,14,15,16,17,18,19,20,21,23,25,26,28,31,32,36,38,39,41,43,45,47,49,51,52,53,55,56,58,59,62,63,64,65,67,68,69,70,73,74,76,77,79,80,91,98]",53,3251,0,0,5
"[0,1,2,3,5,6,7,8,9,10,11,12,13,14,15,16,17,18,19,20,21,23,25,26,28,31,32,36,38,39,41,43,45,47,49,51,52,53,55,56,58,59,62,63,64,65,67,68,69,70,73,74,76,77,79,80,91,98]",55,3251,4,0.00123039064903107,5
"[0,1,2,3,5,6,7,8,9,10,11,12,13,14,15,16,17,18,19,20,21,23,25,26,28,31,32,36,38,39,41,43,45,47,49,51,52,53,55,56,58,59,62,63,64,65,67,68,69,70,73,74,76,77,79,80,91,98]",56,3251,26,0.00799753921870194,5
"[0,1,2,3,5,6,7,8,9,10,11,12,13,14,15,16,17,18,19,20,21,23,25,26,28,31,32,36,38,39,41,43,45,47,49,51,52,53,55,56,58,59,62,63,64,65,67,68,69,70,73,74,76,77,79,80,91,98]",58,3251,0,0,5
"[0,1,2,3,5,6,7,8,9,10,11,12,13,14,15,16,17,18,19,20,21,23,25,26,28,31,32,36,38,39,41,43,45,47,49,51,52,53,55,56,58,59,62,63,64,65,67,68,69,70,73,74,76,77,79,80,91,98]",59,3251,0,0,5
"[0,1,2,3,5,6,7,8,9,10,11,12,13,14,15,16,17,18,19,20,21,23,25,26,28,31,32,36,38,39,41,43,45,47,49,51,52,53,55,56,58,59,62,63,64,65,67,68,69,70,73,74,76,77,79,80,91,98]",62,3251,0,0,5
"[0,1,2,3,5,6,7,8,9,10,11,12,13,14,15,16,17,18,19,20,21,23,25,26,28,31,32,36,38,39,41,43,45,47,49,51,52,53,55,56,58,59,62,63,64,65,67,68,69,70,73,74,76,77,79,80,91,98]",63,3251,255,0.0784374038757305,5
"[0,1,2,3,5,6,7,8,9,10,11,12,13,14,15,16,17,18,19,20,21,23,25,26,28,31,32,36,38,39,41,43,45,47,49,51,52,53,55,56,58,59,62,63,64,65,67,68,69,70,73,74,76,77,79,80,91,98]",64,3251,49,0.0150722854506306,5
"[0,1,2,3,5,6,7,8,9,10,11,12,13,14,15,16,17,18,19,20,21,23,25,26,28,31,32,36,38,39,41,43,45,47,49,51,52,53,55,56,58,59,62,63,64,65,67,68,69,70,73,74,76,77,79,80,91,98]",65,3251,23,0.00707474623192864,5
"[0,1,2,3,5,6,7,8,9,10,11,12,13,14,15,16,17,18,19,20,21,23,25,26,28,31,32,36,38,39,41,43,45,47,49,51,52,53,55,56,58,59,62,63,64,65,67,68,69,70,73,74,76,77,79,80,91,98]",67,3251,760,0.233774223315903,5
"[0,1,2,3,5,6,7,8,9,10,11,12,13,14,15,16,17,18,19,20,21,23,25,26,28,31,32,36,38,39,41,43,45,47,49,51,52,53,55,56,58,59,62,63,64,65,67,68,69,70,73,74,76,77,79,80,91,98]",68,3251,0,0,5
"[0,1,2,3,5,6,7,8,9,10,11,12,13,14,15,16,17,18,19,20,21,23,25,26,28,31,32,36,38,39,41,43,45,47,49,51,52,53,55,56,58,59,62,63,64,65,67,68,69,70,73,74,76,77,79,80,91,98]",69,3251,34,0.0104583205167641,5
"[0,1,2,3,5,6,7,8,9,10,11,12,13,14,15,16,17,18,19,20,21,23,25,26,28,31,32,36,38,39,41,43,45,47,49,51,52,53,55,56,58,59,62,63,64,65,67,68,69,70,73,74,76,77,79,80,91,98]",70,3251,41,0.0126115041525684,5
"[0,1,2,3,5,6,7,8,9,10,11,12,13,14,15,16,17,18,19,20,21,23,25,26,28,31,32,36,38,39,41,43,45,47,49,51,52,53,55,56,58,59,62,63,64,65,67,68,69,70,73,74,76,77,79,80,91,98]",73,3251,1,0.000307597662257767,5
"[0,1,2,3,5,6,7,8,9,10,11,12,13,14,15,16,17,18,19,20,21,23,25,26,28,31,32,36,38,39,41,43,45,47,49,51,52,53,55,56,58,59,62,63,64,65,67,68,69,70,73,74,76,77,79,80,91,98]",74,3251,0,0,5
"[0,1,2,3,5,6,7,8,9,10,11,12,13,14,15,16,17,18,19,20,21,23,25,26,28,31,32,36,38,39,41,43,45,47,49,51,52,53,55,56,58,59,62,63,64,65,67,68,69,70,73,74,76,77,79,80,91,98]",76,3251,3,0.000922792986773301,5
"[0,1,2,3,5,6,7,8,9,10,11,12,13,14,15,16,17,18,19,20,21,23,25,26,28,31,32,36,38,39,41,43,45,47,49,51,52,53,55,56,58,59,62,63,64,65,67,68,69,70,73,74,76,77,79,80,91,98]",77,3251,0,0,5
"[0,1,2,3,5,6,7,8,9,10,11,12,13,14,15,16,17,18,19,20,21,23,25,26,28,31,32,36,38,39,41,43,45,47,49,51,52,53,55,56,58,59,62,63,64,65,67,68,69,70,73,74,76,77,79,80,91,98]",79,3251,0,0,5
"[0,1,2,3,5,6,7,8,9,10,11,12,13,14,15,16,17,18,19,20,21,23,25,26,28,31,32,36,38,39,41,43,45,47,49,51,52,53,55,56,58,59,62,63,64,65,67,68,69,70,73,74,76,77,79,80,91,98]",80,3251,2,0.000615195324515534,5
"[0,1,2,3,5,6,7,8,9,10,11,12,13,14,15,16,17,18,19,20,21,23,25,26,28,31,32,36,38,39,41,43,45,47,49,51,52,53,55,56,58,59,62,63,64,65,67,68,69,70,73,74,76,77,79,80,91,98]",91,3251,0,0,5
"[0,1,2,3,5,6,7,8,9,10,11,12,13,14,15,16,17,18,19,20,21,23,25,26,28,31,32,36,38,39,41,43,45,47,49,51,52,53,55,56,58,59,62,63,64,65,67,68,69,70,73,74,76,77,79,80,91,98]",98,3251,0,0,5
"[0,1,2,3,5,6,7,8,9,10,11,12,13,14,15,16,17,19,20,21,23,25,26,28,31,32,36,38,39,41,43,45,47,49,51,52,55,56,58,59,62,63,64,65,67,68,69,70,73,74,76,77,79,80,86,91,98]",0,1434,57,0.0397489539748954,2
"[0,1,2,3,5,6,7,8,9,10,11,12,13,14,15,16,17,19,20,21,23,25,26,28,31,32,36,38,39,41,43,45,47,49,51,52,55,56,58,59,62,63,64,65,67,68,69,70,73,74,76,77,79,80,86,91,98]",1,1434,20,0.0139470013947001,2
"[0,1,2,3,5,6,7,8,9,10,11,12,13,14,15,16,17,19,20,21,23,25,26,28,31,32,36,38,39,41,43,45,47,49,51,52,55,56,58,59,62,63,64,65,67,68,69,70,73,74,76,77,79,80,86,91,98]",2,1434,180,0.125523012552301,2
"[0,1,2,3,5,6,7,8,9,10,11,12,13,14,15,16,17,19,20,21,23,25,26,28,31,32,36,38,39,41,43,45,47,49,51,52,55,56,58,59,62,63,64,65,67,68,69,70,73,74,76,77,79,80,86,91,98]",3,1434,0,0,2
"[0,1,2,3,5,6,7,8,9,10,11,12,13,14,15,16,17,19,20,21,23,25,26,28,31,32,36,38,39,41,43,45,47,49,51,52,55,56,58,59,62,63,64,65,67,68,69,70,73,74,76,77,79,80,86,91,98]",5,1434,95,0.0662482566248257,2
"[0,1,2,3,5,6,7,8,9,10,11,12,13,14,15,16,17,19,20,21,23,25,26,28,31,32,36,38,39,41,43,45,47,49,51,52,55,56,58,59,62,63,64,65,67,68,69,70,73,74,76,77,79,80,86,91,98]",6,1434,0,0,2
"[0,1,2,3,5,6,7,8,9,10,11,12,13,14,15,16,17,19,20,21,23,25,26,28,31,32,36,38,39,41,43,45,47,49,51,52,55,56,58,59,62,63,64,65,67,68,69,70,73,74,76,77,79,80,86,91,98]",7,1434,523,0.364714086471409,2
"[0,1,2,3,5,6,7,8,9,10,11,12,13,14,15,16,17,19,20,21,23,25,26,28,31,32,36,38,39,41,43,45,47,49,51,52,55,56,58,59,62,63,64,65,67,68,69,70,73,74,76,77,79,80,86,91,98]",8,1434,0,0,2
"[0,1,2,3,5,6,7,8,9,10,11,12,13,14,15,16,17,19,20,21,23,25,26,28,31,32,36,38,39,41,43,45,47,49,51,52,55,56,58,59,62,63,64,65,67,68,69,70,73,74,76,77,79,80,86,91,98]",9,1434,54,0.0376569037656904,2
"[0,1,2,3,5,6,7,8,9,10,11,12,13,14,15,16,17,19,20,21,23,25,26,28,31,32,36,38,39,41,43,45,47,49,51,52,55,56,58,59,62,63,64,65,67,68,69,70,73,74,76,77,79,80,86,91,98]",10,1434,30,0.0209205020920502,2
"[0,1,2,3,5,6,7,8,9,10,11,12,13,14,15,16,17,19,20,21,23,25,26,28,31,32,36,38,39,41,43,45,47,49,51,52,55,56,58,59,62,63,64,65,67,68,69,70,73,74,76,77,79,80,86,91,98]",11,1434,0,0,2
"[0,1,2,3,5,6,7,8,9,10,11,12,13,14,15,16,17,19,20,21,23,25,26,28,31,32,36,38,39,41,43,45,47,49,51,52,55,56,58,59,62,63,64,65,67,68,69,70,73,74,76,77,79,80,86,91,98]",12,1434,0,0,2
"[0,1,2,3,5,6,7,8,9,10,11,12,13,14,15,16,17,19,20,21,23,25,26,28,31,32,36,38,39,41,43,45,47,49,51,52,55,56,58,59,62,63,64,65,67,68,69,70,73,74,76,77,79,80,86,91,98]",13,1434,0,0,2
"[0,1,2,3,5,6,7,8,9,10,11,12,13,14,15,16,17,19,20,21,23,25,26,28,31,32,36,38,39,41,43,45,47,49,51,52,55,56,58,59,62,63,64,65,67,68,69,70,73,74,76,77,79,80,86,91,98]",14,1434,0,0,2
"[0,1,2,3,5,6,7,8,9,10,11,12,13,14,15,16,17,19,20,21,23,25,26,28,31,32,36,38,39,41,43,45,47,49,51,52,55,56,58,59,62,63,64,65,67,68,69,70,73,74,76,77,79,80,86,91,98]",15,1434,0,0,2
"[0,1,2,3,5,6,7,8,9,10,11,12,13,14,15,16,17,19,20,21,23,25,26,28,31,32,36,38,39,41,43,45,47,49,51,52,55,56,58,59,62,63,64,65,67,68,69,70,73,74,76,77,79,80,86,91,98]",16,1434,0,0,2
"[0,1,2,3,5,6,7,8,9,10,11,12,13,14,15,16,17,19,20,21,23,25,26,28,31,32,36,38,39,41,43,45,47,49,51,52,55,56,58,59,62,63,64,65,67,68,69,70,73,74,76,77,79,80,86,91,98]",17,1434,0,0,2
"[0,1,2,3,5,6,7,8,9,10,11,12,13,14,15,16,17,19,20,21,23,25,26,28,31,32,36,38,39,41,43,45,47,49,51,52,55,56,58,59,62,63,64,65,67,68,69,70,73,74,76,77,79,80,86,91,98]",19,1434,0,0,2
"[0,1,2,3,5,6,7,8,9,10,11,12,13,14,15,16,17,19,20,21,23,25,26,28,31,32,36,38,39,41,43,45,47,49,51,52,55,56,58,59,62,63,64,65,67,68,69,70,73,74,76,77,79,80,86,91,98]",20,1434,0,0,2
"[0,1,2,3,5,6,7,8,9,10,11,12,13,14,15,16,17,19,20,21,23,25,26,28,31,32,36,38,39,41,43,45,47,49,51,52,55,56,58,59,62,63,64,65,67,68,69,70,73,74,76,77,79,80,86,91,98]",21,1434,68,0.0474198047419805,2
"[0,1,2,3,5,6,7,8,9,10,11,12,13,14,15,16,17,19,20,21,23,25,26,28,31,32,36,38,39,41,43,45,47,49,51,52,55,56,58,59,62,63,64,65,67,68,69,70,73,74,76,77,79,80,86,91,98]",23,1434,2,0.00139470013947001,2
"[0,1,2,3,5,6,7,8,9,10,11,12,13,14,15,16,17,19,20,21,23,25,26,28,31,32,36,38,39,41,43,45,47,49,51,52,55,56,58,59,62,63,64,65,67,68,69,70,73,74,76,77,79,80,86,91,98]",25,1434,18,0.0125523012552301,2
"[0,1,2,3,5,6,7,8,9,10,11,12,13,14,15,16,17,19,20,21,23,25,26,28,31,32,36,38,39,41,43,45,47,49,51,52,55,56,58,59,62,63,64,65,67,68,69,70,73,74,76,77,79,80,86,91,98]",26,1434,0,0,2
"[0,1,2,3,5,6,7,8,9,10,11,12,13,14,15,16,17,19,20,21,23,25,26,28,31,32,36,38,39,41,43,45,47,49,51,52,55,56,58,59,62,63,64,65,67,68,69,70,73,74,76,77,79,80,86,91,98]",28,1434,0,0,2
"[0,1,2,3,5,6,7,8,9,10,11,12,13,14,15,16,17,19,20,21,23,25,26,28,31,32,36,38,39,41,43,45,47,49,51,52,55,56,58,59,62,63,64,65,67,68,69,70,73,74,76,77,79,80,86,91,98]",31,1434,41,0.0285913528591353,2
"[0,1,2,3,5,6,7,8,9,10,11,12,13,14,15,16,17,19,20,21,23,25,26,28,31,32,36,38,39,41,43,45,47,49,51,52,55,56,58,59,62,63,64,65,67,68,69,70,73,74,76,77,79,80,86,91,98]",32,1434,0,0,2
"[0,1,2,3,5,6,7,8,9,10,11,12,13,14,15,16,17,19,20,21,23,25,26,28,31,32,36,38,39,41,43,45,47,49,51,52,55,56,58,59,62,63,64,65,67,68,69,70,73,74,76,77,79,80,86,91,98]",36,1434,0,0,2
"[0,1,2,3,5,6,7,8,9,10,11,12,13,14,15,16,17,19,20,21,23,25,26,28,31,32,36,38,39,41,43,45,47,49,51,52,55,56,58,59,62,63,64,65,67,68,69,70,73,74,76,77,79,80,86,91,98]",38,1434,0,0,2
"[0,1,2,3,5,6,7,8,9,10,11,12,13,14,15,16,17,19,20,21,23,25,26,28,31,32,36,38,39,41,43,45,47,49,51,52,55,56,58,59,62,63,64,65,67,68,69,70,73,74,76,77,79,80,86,91,98]",39,1434,16,0.0111576011157601,2
"[0,1,2,3,5,6,7,8,9,10,11,12,13,14,15,16,17,19,20,21,23,25,26,28,31,32,36,38,39,41,43,45,47,49,51,52,55,56,58,59,62,63,64,65,67,68,69,70,73,74,76,77,79,80,86,91,98]",41,1434,0,0,2
"[0,1,2,3,5,6,7,8,9,10,11,12,13,14,15,16,17,19,20,21,23,25,26,28,31,32,36,38,39,41,43,45,47,49,51,52,55,56,58,59,62,63,64,65,67,68,69,70,73,74,76,77,79,80,86,91,98]",43,1434,23,0.0160390516039052,2
"[0,1,2,3,5,6,7,8,9,10,11,12,13,14,15,16,17,19,20,21,23,25,26,28,31,32,36,38,39,41,43,45,47,49,51,52,55,56,58,59,62,63,64,65,67,68,69,70,73,74,76,77,79,80,86,91,98]",45,1434,9,0.00627615062761506,2
"[0,1,2,3,5,6,7,8,9,10,11,12,13,14,15,16,17,19,20,21,23,25,26,28,31,32,36,38,39,41,43,45,47,49,51,52,55,56,58,59,62,63,64,65,67,68,69,70,73,74,76,77,79,80,86,91,98]",47,1434,0,0,2
"[0,1,2,3,5,6,7,8,9,10,11,12,13,14,15,16,17,19,20,21,23,25,26,28,31,32,36,38,39,41,43,45,47,49,51,52,55,56,58,59,62,63,64,65,67,68,69,70,73,74,76,77,79,80,86,91,98]",49,1434,6,0.00418410041841004,2
"[0,1,2,3,5,6,7,8,9,10,11,12,13,14,15,16,17,19,20,21,23,25,26,28,31,32,36,38,39,41,43,45,47,49,51,52,55,56,58,59,62,63,64,65,67,68,69,70,73,74,76,77,79,80,86,91,98]",51,1434,11,0.00767085076708508,2
"[0,1,2,3,5,6,7,8,9,10,11,12,13,14,15,16,17,19,20,21,23,25,26,28,31,32,36,38,39,41,43,45,47,49,51,52,55,56,58,59,62,63,64,65,67,68,69,70,73,74,76,77,79,80,86,91,98]",52,1434,6,0.00418410041841004,2
"[0,1,2,3,5,6,7,8,9,10,11,12,13,14,15,16,17,19,20,21,23,25,26,28,31,32,36,38,39,41,43,45,47,49,51,52,55,56,58,59,62,63,64,65,67,68,69,70,73,74,76,77,79,80,86,91,98]",55,1434,2,0.00139470013947001,2
"[0,1,2,3,5,6,7,8,9,10,11,12,13,14,15,16,17,19,20,21,23,25,26,28,31,32,36,38,39,41,43,45,47,49,51,52,55,56,58,59,62,63,64,65,67,68,69,70,73,74,76,77,79,80,86,91,98]",56,1434,5,0.00348675034867503,2
"[0,1,2,3,5,6,7,8,9,10,11,12,13,14,15,16,17,19,20,21,23,25,26,28,31,32,36,38,39,41,43,45,47,49,51,52,55,56,58,59,62,63,64,65,67,68,69,70,73,74,76,77,79,80,86,91,98]",58,1434,0,0,2
"[0,1,2,3,5,6,7,8,9,10,11,12,13,14,15,16,17,19,20,21,23,25,26,28,31,32,36,38,39,41,43,45,47,49,51,52,55,56,58,59,62,63,64,65,67,68,69,70,73,74,76,77,79,80,86,91,98]",59,1434,3,0.00209205020920502,2
"[0,1,2,3,5,6,7,8,9,10,11,12,13,14,15,16,17,19,20,21,23,25,26,28,31,32,36,38,39,41,43,45,47,49,51,52,55,56,58,59,62,63,64,65,67,68,69,70,73,74,76,77,79,80,86,91,98]",62,1434,0,0,2
"[0,1,2,3,5,6,7,8,9,10,11,12,13,14,15,16,17,19,20,21,23,25,26,28,31,32,36,38,39,41,43,45,47,49,51,52,55,56,58,59,62,63,64,65,67,68,69,70,73,74,76,77,79,80,86,91,98]",63,1434,95,0.0662482566248257,2
"[0,1,2,3,5,6,7,8,9,10,11,12,13,14,15,16,17,19,20,21,23,25,26,28,31,32,36,38,39,41,43,45,47,49,51,52,55,56,58,59,62,63,64,65,67,68,69,70,73,74,76,77,79,80,86,91,98]",64,1434,21,0.0146443514644351,2
"[0,1,2,3,5,6,7,8,9,10,11,12,13,14,15,16,17,19,20,21,23,25,26,28,31,32,36,38,39,41,43,45,47,49,51,52,55,56,58,59,62,63,64,65,67,68,69,70,73,74,76,77,79,80,86,91,98]",65,1434,13,0.00906555090655509,2
"[0,1,2,3,5,6,7,8,9,10,11,12,13,14,15,16,17,19,20,21,23,25,26,28,31,32,36,38,39,41,43,45,47,49,51,52,55,56,58,59,62,63,64,65,67,68,69,70,73,74,76,77,79,80,86,91,98]",67,1434,114,0.0794979079497908,2
"[0,1,2,3,5,6,7,8,9,10,11,12,13,14,15,16,17,19,20,21,23,25,26,28,31,32,36,38,39,41,43,45,47,49,51,52,55,56,58,59,62,63,64,65,67,68,69,70,73,74,76,77,79,80,86,91,98]",68,1434,0,0,2
"[0,1,2,3,5,6,7,8,9,10,11,12,13,14,15,16,17,19,20,21,23,25,26,28,31,32,36,38,39,41,43,45,47,49,51,52,55,56,58,59,62,63,64,65,67,68,69,70,73,74,76,77,79,80,86,91,98]",69,1434,9,0.00627615062761506,2
"[0,1,2,3,5,6,7,8,9,10,11,12,13,14,15,16,17,19,20,21,23,25,26,28,31,32,36,38,39,41,43,45,47,49,51,52,55,56,58,59,62,63,64,65,67,68,69,70,73,74,76,77,79,80,86,91,98]",70,1434,11,0.00767085076708508,2
"[0,1,2,3,5,6,7,8,9,10,11,12,13,14,15,16,17,19,20,21,23,25,26,28,31,32,36,38,39,41,43,45,47,49,51,52,55,56,58,59,62,63,64,65,67,68,69,70,73,74,76,77,79,80,86,91,98]",73,1434,0,0,2
"[0,1,2,3,5,6,7,8,9,10,11,12,13,14,15,16,17,19,20,21,23,25,26,28,31,32,36,38,39,41,43,45,47,49,51,52,55,56,58,59,62,63,64,65,67,68,69,70,73,74,76,77,79,80,86,91,98]",74,1434,0,0,2
"[0,1,2,3,5,6,7,8,9,10,11,12,13,14,15,16,17,19,20,21,23,25,26,28,31,32,36,38,39,41,43,45,47,49,51,52,55,56,58,59,62,63,64,65,67,68,69,70,73,74,76,77,79,80,86,91,98]",76,1434,1,0.000697350069735007,2
"[0,1,2,3,5,6,7,8,9,10,11,12,13,14,15,16,17,19,20,21,23,25,26,28,31,32,36,38,39,41,43,45,47,49,51,52,55,56,58,59,62,63,64,65,67,68,69,70,73,74,76,77,79,80,86,91,98]",77,1434,0,0,2
"[0,1,2,3,5,6,7,8,9,10,11,12,13,14,15,16,17,19,20,21,23,25,26,28,31,32,36,38,39,41,43,45,47,49,51,52,55,56,58,59,62,63,64,65,67,68,69,70,73,74,76,77,79,80,86,91,98]",79,1434,0,0,2
"[0,1,2,3,5,6,7,8,9,10,11,12,13,14,15,16,17,19,20,21,23,25,26,28,31,32,36,38,39,41,43,45,47,49,51,52,55,56,58,59,62,63,64,65,67,68,69,70,73,74,76,77,79,80,86,91,98]",80,1434,0,0,2
"[0,1,2,3,5,6,7,8,9,10,11,12,13,14,15,16,17,19,20,21,23,25,26,28,31,32,36,38,39,41,43,45,47,49,51,52,55,56,58,59,62,63,64,65,67,68,69,70,73,74,76,77,79,80,86,91,98]",86,1434,1,0.000697350069735007,2
"[0,1,2,3,5,6,7,8,9,10,11,12,13,14,15,16,17,19,20,21,23,25,26,28,31,32,36,38,39,41,43,45,47,49,51,52,55,56,58,59,62,63,64,65,67,68,69,70,73,74,76,77,79,80,86,91,98]",91,1434,0,0,2
"[0,1,2,3,5,6,7,8,9,10,11,12,13,14,15,16,17,19,20,21,23,25,26,28,31,32,36,38,39,41,43,45,47,49,51,52,55,56,58,59,62,63,64,65,67,68,69,70,73,74,76,77,79,80,86,91,98]",98,1434,0,0,2
"[0,1,2,3,5,6,7,8,9,10,11,12,13,14,15,16,19,20,21,23,25,26,28,31,32,36,38,39,43,45,47,49,51,52,55,56,58,59,62,63,64,65,67,68,69,70,73,74,76,77,79,80,82,86,91,98]",0,939,34,0.0362087326943557,2
"[0,1,2,3,5,6,7,8,9,10,11,12,13,14,15,16,19,20,21,23,25,26,28,31,32,36,38,39,43,45,47,49,51,52,55,56,58,59,62,63,64,65,67,68,69,70,73,74,76,77,79,80,82,86,91,98]",1,939,17,0.0181043663471778,2
"[0,1,2,3,5,6,7,8,9,10,11,12,13,14,15,16,19,20,21,23,25,26,28,31,32,36,38,39,43,45,47,49,51,52,55,56,58,59,62,63,64,65,67,68,69,70,73,74,76,77,79,80,82,86,91,98]",2,939,138,0.146964856230032,2
"[0,1,2,3,5,6,7,8,9,10,11,12,13,14,15,16,19,20,21,23,25,26,28,31,32,36,38,39,43,45,47,49,51,52,55,56,58,59,62,63,64,65,67,68,69,70,73,74,76,77,79,80,82,86,91,98]",3,939,0,0,2
"[0,1,2,3,5,6,7,8,9,10,11,12,13,14,15,16,19,20,21,23,25,26,28,31,32,36,38,39,43,45,47,49,51,52,55,56,58,59,62,63,64,65,67,68,69,70,73,74,76,77,79,80,82,86,91,98]",5,939,73,0.0777422790202343,2
"[0,1,2,3,5,6,7,8,9,10,11,12,13,14,15,16,19,20,21,23,25,26,28,31,32,36,38,39,43,45,47,49,51,52,55,56,58,59,62,63,64,65,67,68,69,70,73,74,76,77,79,80,82,86,91,98]",6,939,0,0,2
"[0,1,2,3,5,6,7,8,9,10,11,12,13,14,15,16,19,20,21,23,25,26,28,31,32,36,38,39,43,45,47,49,51,52,55,56,58,59,62,63,64,65,67,68,69,70,73,74,76,77,79,80,82,86,91,98]",7,939,27,0.0287539936102236,2
"[0,1,2,3,5,6,7,8,9,10,11,12,13,14,15,16,19,20,21,23,25,26,28,31,32,36,38,39,43,45,47,49,51,52,55,56,58,59,62,63,64,65,67,68,69,70,73,74,76,77,79,80,82,86,91,98]",8,939,0,0,2
"[0,1,2,3,5,6,7,8,9,10,11,12,13,14,15,16,19,20,21,23,25,26,28,31,32,36,38,39,43,45,47,49,51,52,55,56,58,59,62,63,64,65,67,68,69,70,73,74,76,77,79,80,82,86,91,98]",9,939,136,0.144834930777423,2
"[0,1,2,3,5,6,7,8,9,10,11,12,13,14,15,16,19,20,21,23,25,26,28,31,32,36,38,39,43,45,47,49,51,52,55,56,58,59,62,63,64,65,67,68,69,70,73,74,76,77,79,80,82,86,91,98]",10,939,2,0.00212992545260916,2
"[0,1,2,3,5,6,7,8,9,10,11,12,13,14,15,16,19,20,21,23,25,26,28,31,32,36,38,39,43,45,47,49,51,52,55,56,58,59,62,63,64,65,67,68,69,70,73,74,76,77,79,80,82,86,91,98]",11,939,0,0,2
"[0,1,2,3,5,6,7,8,9,10,11,12,13,14,15,16,19,20,21,23,25,26,28,31,32,36,38,39,43,45,47,49,51,52,55,56,58,59,62,63,64,65,67,68,69,70,73,74,76,77,79,80,82,86,91,98]",12,939,0,0,2
"[0,1,2,3,5,6,7,8,9,10,11,12,13,14,15,16,19,20,21,23,25,26,28,31,32,36,38,39,43,45,47,49,51,52,55,56,58,59,62,63,64,65,67,68,69,70,73,74,76,77,79,80,82,86,91,98]",13,939,0,0,2
"[0,1,2,3,5,6,7,8,9,10,11,12,13,14,15,16,19,20,21,23,25,26,28,31,32,36,38,39,43,45,47,49,51,52,55,56,58,59,62,63,64,65,67,68,69,70,73,74,76,77,79,80,82,86,91,98]",14,939,0,0,2
"[0,1,2,3,5,6,7,8,9,10,11,12,13,14,15,16,19,20,21,23,25,26,28,31,32,36,38,39,43,45,47,49,51,52,55,56,58,59,62,63,64,65,67,68,69,70,73,74,76,77,79,80,82,86,91,98]",15,939,0,0,2
"[0,1,2,3,5,6,7,8,9,10,11,12,13,14,15,16,19,20,21,23,25,26,28,31,32,36,38,39,43,45,47,49,51,52,55,56,58,59,62,63,64,65,67,68,69,70,73,74,76,77,79,80,82,86,91,98]",16,939,0,0,2
"[0,1,2,3,5,6,7,8,9,10,11,12,13,14,15,16,19,20,21,23,25,26,28,31,32,36,38,39,43,45,47,49,51,52,55,56,58,59,62,63,64,65,67,68,69,70,73,74,76,77,79,80,82,86,91,98]",19,939,0,0,2
"[0,1,2,3,5,6,7,8,9,10,11,12,13,14,15,16,19,20,21,23,25,26,28,31,32,36,38,39,43,45,47,49,51,52,55,56,58,59,62,63,64,65,67,68,69,70,73,74,76,77,79,80,82,86,91,98]",20,939,0,0,2
"[0,1,2,3,5,6,7,8,9,10,11,12,13,14,15,16,19,20,21,23,25,26,28,31,32,36,38,39,43,45,47,49,51,52,55,56,58,59,62,63,64,65,67,68,69,70,73,74,76,77,79,80,82,86,91,98]",21,939,45,0.0479233226837061,2
"[0,1,2,3,5,6,7,8,9,10,11,12,13,14,15,16,19,20,21,23,25,26,28,31,32,36,38,39,43,45,47,49,51,52,55,56,58,59,62,63,64,65,67,68,69,70,73,74,76,77,79,80,82,86,91,98]",23,939,6,0.00638977635782748,2
"[0,1,2,3,5,6,7,8,9,10,11,12,13,14,15,16,19,20,21,23,25,26,28,31,32,36,38,39,43,45,47,49,51,52,55,56,58,59,62,63,64,65,67,68,69,70,73,74,76,77,79,80,82,86,91,98]",25,939,77,0.0820021299254526,2
"[0,1,2,3,5,6,7,8,9,10,11,12,13,14,15,16,19,20,21,23,25,26,28,31,32,36,38,39,43,45,47,49,51,52,55,56,58,59,62,63,64,65,67,68,69,70,73,74,76,77,79,80,82,86,91,98]",26,939,1,0.00106496272630458,2
"[0,1,2,3,5,6,7,8,9,10,11,12,13,14,15,16,19,20,21,23,25,26,28,31,32,36,38,39,43,45,47,49,51,52,55,56,58,59,62,63,64,65,67,68,69,70,73,74,76,77,79,80,82,86,91,98]",28,939,0,0,2
"[0,1,2,3,5,6,7,8,9,10,11,12,13,14,15,16,19,20,21,23,25,26,28,31,32,36,38,39,43,45,47,49,51,52,55,56,58,59,62,63,64,65,67,68,69,70,73,74,76,77,79,80,82,86,91,98]",31,939,58,0.0617678381256656,2
"[0,1,2,3,5,6,7,8,9,10,11,12,13,14,15,16,19,20,21,23,25,26,28,31,32,36,38,39,43,45,47,49,51,52,55,56,58,59,62,63,64,65,67,68,69,70,73,74,76,77,79,80,82,86,91,98]",32,939,0,0,2
"[0,1,2,3,5,6,7,8,9,10,11,12,13,14,15,16,19,20,21,23,25,26,28,31,32,36,38,39,43,45,47,49,51,52,55,56,58,59,62,63,64,65,67,68,69,70,73,74,76,77,79,80,82,86,91,98]",36,939,0,0,2
"[0,1,2,3,5,6,7,8,9,10,11,12,13,14,15,16,19,20,21,23,25,26,28,31,32,36,38,39,43,45,47,49,51,52,55,56,58,59,62,63,64,65,67,68,69,70,73,74,76,77,79,80,82,86,91,98]",38,939,0,0,2
"[0,1,2,3,5,6,7,8,9,10,11,12,13,14,15,16,19,20,21,23,25,26,28,31,32,36,38,39,43,45,47,49,51,52,55,56,58,59,62,63,64,65,67,68,69,70,73,74,76,77,79,80,82,86,91,98]",39,939,9,0.00958466453674121,2
"[0,1,2,3,5,6,7,8,9,10,11,12,13,14,15,16,19,20,21,23,25,26,28,31,32,36,38,39,43,45,47,49,51,52,55,56,58,59,62,63,64,65,67,68,69,70,73,74,76,77,79,80,82,86,91,98]",43,939,23,0.0244941427050053,2
"[0,1,2,3,5,6,7,8,9,10,11,12,13,14,15,16,19,20,21,23,25,26,28,31,32,36,38,39,43,45,47,49,51,52,55,56,58,59,62,63,64,65,67,68,69,70,73,74,76,77,79,80,82,86,91,98]",45,939,6,0.00638977635782748,2
"[0,1,2,3,5,6,7,8,9,10,11,12,13,14,15,16,19,20,21,23,25,26,28,31,32,36,38,39,43,45,47,49,51,52,55,56,58,59,62,63,64,65,67,68,69,70,73,74,76,77,79,80,82,86,91,98]",47,939,0,0,2
"[0,1,2,3,5,6,7,8,9,10,11,12,13,14,15,16,19,20,21,23,25,26,28,31,32,36,38,39,43,45,47,49,51,52,55,56,58,59,62,63,64,65,67,68,69,70,73,74,76,77,79,80,82,86,91,98]",49,939,13,0.0138445154419595,2
"[0,1,2,3,5,6,7,8,9,10,11,12,13,14,15,16,19,20,21,23,25,26,28,31,32,36,38,39,43,45,47,49,51,52,55,56,58,59,62,63,64,65,67,68,69,70,73,74,76,77,79,80,82,86,91,98]",51,939,7,0.00745473908413206,2
"[0,1,2,3,5,6,7,8,9,10,11,12,13,14,15,16,19,20,21,23,25,26,28,31,32,36,38,39,43,45,47,49,51,52,55,56,58,59,62,63,64,65,67,68,69,70,73,74,76,77,79,80,82,86,91,98]",52,939,2,0.00212992545260916,2
"[0,1,2,3,5,6,7,8,9,10,11,12,13,14,15,16,19,20,21,23,25,26,28,31,32,36,38,39,43,45,47,49,51,52,55,56,58,59,62,63,64,65,67,68,69,70,73,74,76,77,79,80,82,86,91,98]",55,939,1,0.00106496272630458,2
"[0,1,2,3,5,6,7,8,9,10,11,12,13,14,15,16,19,20,21,23,25,26,28,31,32,36,38,39,43,45,47,49,51,52,55,56,58,59,62,63,64,65,67,68,69,70,73,74,76,77,79,80,82,86,91,98]",56,939,2,0.00212992545260916,2
"[0,1,2,3,5,6,7,8,9,10,11,12,13,14,15,16,19,20,21,23,25,26,28,31,32,36,38,39,43,45,47,49,51,52,55,56,58,59,62,63,64,65,67,68,69,70,73,74,76,77,79,80,82,86,91,98]",58,939,0,0,2
"[0,1,2,3,5,6,7,8,9,10,11,12,13,14,15,16,19,20,21,23,25,26,28,31,32,36,38,39,43,45,47,49,51,52,55,56,58,59,62,63,64,65,67,68,69,70,73,74,76,77,79,80,82,86,91,98]",59,939,0,0,2
"[0,1,2,3,5,6,7,8,9,10,11,12,13,14,15,16,19,20,21,23,25,26,28,31,32,36,38,39,43,45,47,49,51,52,55,56,58,59,62,63,64,65,67,68,69,70,73,74,76,77,79,80,82,86,91,98]",62,939,0,0,2
"[0,1,2,3,5,6,7,8,9,10,11,12,13,14,15,16,19,20,21,23,25,26,28,31,32,36,38,39,43,45,47,49,51,52,55,56,58,59,62,63,64,65,67,68,69,70,73,74,76,77,79,80,82,86,91,98]",63,939,110,0.117145899893504,2
"[0,1,2,3,5,6,7,8,9,10,11,12,13,14,15,16,19,20,21,23,25,26,28,31,32,36,38,39,43,45,47,49,51,52,55,56,58,59,62,63,64,65,67,68,69,70,73,74,76,77,79,80,82,86,91,98]",64,939,17,0.0181043663471778,2
"[0,1,2,3,5,6,7,8,9,10,11,12,13,14,15,16,19,20,21,23,25,26,28,31,32,36,38,39,43,45,47,49,51,52,55,56,58,59,62,63,64,65,67,68,69,70,73,74,76,77,79,80,82,86,91,98]",65,939,8,0.00851970181043664,2
"[0,1,2,3,5,6,7,8,9,10,11,12,13,14,15,16,19,20,21,23,25,26,28,31,32,36,38,39,43,45,47,49,51,52,55,56,58,59,62,63,64,65,67,68,69,70,73,74,76,77,79,80,82,86,91,98]",67,939,107,0.11395101171459,2
"[0,1,2,3,5,6,7,8,9,10,11,12,13,14,15,16,19,20,21,23,25,26,28,31,32,36,38,39,43,45,47,49,51,52,55,56,58,59,62,63,64,65,67,68,69,70,73,74,76,77,79,80,82,86,91,98]",68,939,0,0,2
"[0,1,2,3,5,6,7,8,9,10,11,12,13,14,15,16,19,20,21,23,25,26,28,31,32,36,38,39,43,45,47,49,51,52,55,56,58,59,62,63,64,65,67,68,69,70,73,74,76,77,79,80,82,86,91,98]",69,939,5,0.0053248136315229,2
"[0,1,2,3,5,6,7,8,9,10,11,12,13,14,15,16,19,20,21,23,25,26,28,31,32,36,38,39,43,45,47,49,51,52,55,56,58,59,62,63,64,65,67,68,69,70,73,74,76,77,79,80,82,86,91,98]",70,939,11,0.0117145899893504,2
"[0,1,2,3,5,6,7,8,9,10,11,12,13,14,15,16,19,20,21,23,25,26,28,31,32,36,38,39,43,45,47,49,51,52,55,56,58,59,62,63,64,65,67,68,69,70,73,74,76,77,79,80,82,86,91,98]",73,939,0,0,2
"[0,1,2,3,5,6,7,8,9,10,11,12,13,14,15,16,19,20,21,23,25,26,28,31,32,36,38,39,43,45,47,49,51,52,55,56,58,59,62,63,64,65,67,68,69,70,73,74,76,77,79,80,82,86,91,98]",74,939,0,0,2
"[0,1,2,3,5,6,7,8,9,10,11,12,13,14,15,16,19,20,21,23,25,26,28,31,32,36,38,39,43,45,47,49,51,52,55,56,58,59,62,63,64,65,67,68,69,70,73,74,76,77,79,80,82,86,91,98]",76,939,1,0.00106496272630458,2
"[0,1,2,3,5,6,7,8,9,10,11,12,13,14,15,16,19,20,21,23,25,26,28,31,32,36,38,39,43,45,47,49,51,52,55,56,58,59,62,63,64,65,67,68,69,70,73,74,76,77,79,80,82,86,91,98]",77,939,0,0,2
"[0,1,2,3,5,6,7,8,9,10,11,12,13,14,15,16,19,20,21,23,25,26,28,31,32,36,38,39,43,45,47,49,51,52,55,56,58,59,62,63,64,65,67,68,69,70,73,74,76,77,79,80,82,86,91,98]",79,939,0,0,2
"[0,1,2,3,5,6,7,8,9,10,11,12,13,14,15,16,19,20,21,23,25,26,28,31,32,36,38,39,43,45,47,49,51,52,55,56,58,59,62,63,64,65,67,68,69,70,73,74,76,77,79,80,82,86,91,98]",80,939,0,0,2
"[0,1,2,3,5,6,7,8,9,10,11,12,13,14,15,16,19,20,21,23,25,26,28,31,32,36,38,39,43,45,47,49,51,52,55,56,58,59,62,63,64,65,67,68,69,70,73,74,76,77,79,80,82,86,91,98]",82,939,1,0.00106496272630458,2
"[0,1,2,3,5,6,7,8,9,10,11,12,13,14,15,16,19,20,21,23,25,26,28,31,32,36,38,39,43,45,47,49,51,52,55,56,58,59,62,63,64,65,67,68,69,70,73,74,76,77,79,80,82,86,91,98]",86,939,2,0.00212992545260916,2
"[0,1,2,3,5,6,7,8,9,10,11,12,13,14,15,16,19,20,21,23,25,26,28,31,32,36,38,39,43,45,47,49,51,52,55,56,58,59,62,63,64,65,67,68,69,70,73,74,76,77,79,80,82,86,91,98]",91,939,0,0,2
"[0,1,2,3,5,6,7,8,9,10,11,12,13,14,15,16,19,20,21,23,25,26,28,31,32,36,38,39,43,45,47,49,51,52,55,56,58,59,62,63,64,65,67,68,69,70,73,74,76,77,79,80,82,86,91,98]",98,939,0,0,2
"[0,1,2,4,5,6,7,8,9,10,11,12,13,19,21,23,25,26,28,31,32,36,38,39,43,45,47,49,51,52,55,56,58,59,62,63,64,65,67,68,69,70,73,74,76,77,79,80,82,85,86,87,89,91,98]",0,3025,67,0.0221487603305785,4
"[0,1,2,4,5,6,7,8,9,10,11,12,13,19,21,23,25,26,28,31,32,36,38,39,43,45,47,49,51,52,55,56,58,59,62,63,64,65,67,68,69,70,73,74,76,77,79,80,82,85,86,87,89,91,98]",1,3025,154,0.0509090909090909,4
"[0,1,2,4,5,6,7,8,9,10,11,12,13,19,21,23,25,26,28,31,32,36,38,39,43,45,47,49,51,52,55,56,58,59,62,63,64,65,67,68,69,70,73,74,76,77,79,80,82,85,86,87,89,91,98]",2,3025,199,0.0657851239669422,4
"[0,1,2,4,5,6,7,8,9,10,11,12,13,19,21,23,25,26,28,31,32,36,38,39,43,45,47,49,51,52,55,56,58,59,62,63,64,65,67,68,69,70,73,74,76,77,79,80,82,85,86,87,89,91,98]",4,3025,14,0.00462809917355372,4
"[0,1,2,4,5,6,7,8,9,10,11,12,13,19,21,23,25,26,28,31,32,36,38,39,43,45,47,49,51,52,55,56,58,59,62,63,64,65,67,68,69,70,73,74,76,77,79,80,82,85,86,87,89,91,98]",5,3025,290,0.0958677685950413,4
"[0,1,2,4,5,6,7,8,9,10,11,12,13,19,21,23,25,26,28,31,32,36,38,39,43,45,47,49,51,52,55,56,58,59,62,63,64,65,67,68,69,70,73,74,76,77,79,80,82,85,86,87,89,91,98]",6,3025,0,0,4
"[0,1,2,4,5,6,7,8,9,10,11,12,13,19,21,23,25,26,28,31,32,36,38,39,43,45,47,49,51,52,55,56,58,59,62,63,64,65,67,68,69,70,73,74,76,77,79,80,82,85,86,87,89,91,98]",7,3025,458,0.151404958677686,4
"[0,1,2,4,5,6,7,8,9,10,11,12,13,19,21,23,25,26,28,31,32,36,38,39,43,45,47,49,51,52,55,56,58,59,62,63,64,65,67,68,69,70,73,74,76,77,79,80,82,85,86,87,89,91,98]",8,3025,0,0,4
"[0,1,2,4,5,6,7,8,9,10,11,12,13,19,21,23,25,26,28,31,32,36,38,39,43,45,47,49,51,52,55,56,58,59,62,63,64,65,67,68,69,70,73,74,76,77,79,80,82,85,86,87,89,91,98]",9,3025,11,0.00363636363636364,4
"[0,1,2,4,5,6,7,8,9,10,11,12,13,19,21,23,25,26,28,31,32,36,38,39,43,45,47,49,51,52,55,56,58,59,62,63,64,65,67,68,69,70,73,74,76,77,79,80,82,85,86,87,89,91,98]",10,3025,1,0.000330578512396694,4
"[0,1,2,4,5,6,7,8,9,10,11,12,13,19,21,23,25,26,28,31,32,36,38,39,43,45,47,49,51,52,55,56,58,59,62,63,64,65,67,68,69,70,73,74,76,77,79,80,82,85,86,87,89,91,98]",11,3025,0,0,4
"[0,1,2,4,5,6,7,8,9,10,11,12,13,19,21,23,25,26,28,31,32,36,38,39,43,45,47,49,51,52,55,56,58,59,62,63,64,65,67,68,69,70,73,74,76,77,79,80,82,85,86,87,89,91,98]",12,3025,0,0,4
"[0,1,2,4,5,6,7,8,9,10,11,12,13,19,21,23,25,26,28,31,32,36,38,39,43,45,47,49,51,52,55,56,58,59,62,63,64,65,67,68,69,70,73,74,76,77,79,80,82,85,86,87,89,91,98]",13,3025,0,0,4
"[0,1,2,4,5,6,7,8,9,10,11,12,13,19,21,23,25,26,28,31,32,36,38,39,43,45,47,49,51,52,55,56,58,59,62,63,64,65,67,68,69,70,73,74,76,77,79,80,82,85,86,87,89,91,98]",19,3025,0,0,4
"[0,1,2,4,5,6,7,8,9,10,11,12,13,19,21,23,25,26,28,31,32,36,38,39,43,45,47,49,51,52,55,56,58,59,62,63,64,65,67,68,69,70,73,74,76,77,79,80,82,85,86,87,89,91,98]",21,3025,160,0.0528925619834711,4
"[0,1,2,4,5,6,7,8,9,10,11,12,13,19,21,23,25,26,28,31,32,36,38,39,43,45,47,49,51,52,55,56,58,59,62,63,64,65,67,68,69,70,73,74,76,77,79,80,82,85,86,87,89,91,98]",23,3025,9,0.00297520661157025,4
"[0,1,2,4,5,6,7,8,9,10,11,12,13,19,21,23,25,26,28,31,32,36,38,39,43,45,47,49,51,52,55,56,58,59,62,63,64,65,67,68,69,70,73,74,76,77,79,80,82,85,86,87,89,91,98]",25,3025,37,0.0122314049586777,4
"[0,1,2,4,5,6,7,8,9,10,11,12,13,19,21,23,25,26,28,31,32,36,38,39,43,45,47,49,51,52,55,56,58,59,62,63,64,65,67,68,69,70,73,74,76,77,79,80,82,85,86,87,89,91,98]",26,3025,1,0.000330578512396694,4
"[0,1,2,4,5,6,7,8,9,10,11,12,13,19,21,23,25,26,28,31,32,36,38,39,43,45,47,49,51,52,55,56,58,59,62,63,64,65,67,68,69,70,73,74,76,77,79,80,82,85,86,87,89,91,98]",28,3025,0,0,4
"[0,1,2,4,5,6,7,8,9,10,11,12,13,19,21,23,25,26,28,31,32,36,38,39,43,45,47,49,51,52,55,56,58,59,62,63,64,65,67,68,69,70,73,74,76,77,79,80,82,85,86,87,89,91,98]",31,3025,36,0.011900826446281,4
"[0,1,2,4,5,6,7,8,9,10,11,12,13,19,21,23,25,26,28,31,32,36,38,39,43,45,47,49,51,52,55,56,58,59,62,63,64,65,67,68,69,70,73,74,76,77,79,80,82,85,86,87,89,91,98]",32,3025,0,0,4
"[0,1,2,4,5,6,7,8,9,10,11,12,13,19,21,23,25,26,28,31,32,36,38,39,43,45,47,49,51,52,55,56,58,59,62,63,64,65,67,68,69,70,73,74,76,77,79,80,82,85,86,87,89,91,98]",36,3025,0,0,4
"[0,1,2,4,5,6,7,8,9,10,11,12,13,19,21,23,25,26,28,31,32,36,38,39,43,45,47,49,51,52,55,56,58,59,62,63,64,65,67,68,69,70,73,74,76,77,79,80,82,85,86,87,89,91,98]",38,3025,5,0.00165289256198347,4
"[0,1,2,4,5,6,7,8,9,10,11,12,13,19,21,23,25,26,28,31,32,36,38,39,43,45,47,49,51,52,55,56,58,59,62,63,64,65,67,68,69,70,73,74,76,77,79,80,82,85,86,87,89,91,98]",39,3025,39,0.0128925619834711,4
"[0,1,2,4,5,6,7,8,9,10,11,12,13,19,21,23,25,26,28,31,32,36,38,39,43,45,47,49,51,52,55,56,58,59,62,63,64,65,67,68,69,70,73,74,76,77,79,80,82,85,86,87,89,91,98]",43,3025,70,0.0231404958677686,4
"[0,1,2,4,5,6,7,8,9,10,11,12,13,19,21,23,25,26,28,31,32,36,38,39,43,45,47,49,51,52,55,56,58,59,62,63,64,65,67,68,69,70,73,74,76,77,79,80,82,85,86,87,89,91,98]",45,3025,18,0.0059504132231405,4
"[0,1,2,4,5,6,7,8,9,10,11,12,13,19,21,23,25,26,28,31,32,36,38,39,43,45,47,49,51,52,55,56,58,59,62,63,64,65,67,68,69,70,73,74,76,77,79,80,82,85,86,87,89,91,98]",47,3025,0,0,4
"[0,1,2,4,5,6,7,8,9,10,11,12,13,19,21,23,25,26,28,31,32,36,38,39,43,45,47,49,51,52,55,56,58,59,62,63,64,65,67,68,69,70,73,74,76,77,79,80,82,85,86,87,89,91,98]",49,3025,17,0.0056198347107438,4
"[0,1,2,4,5,6,7,8,9,10,11,12,13,19,21,23,25,26,28,31,32,36,38,39,43,45,47,49,51,52,55,56,58,59,62,63,64,65,67,68,69,70,73,74,76,77,79,80,82,85,86,87,89,91,98]",51,3025,20,0.00661157024793388,4
"[0,1,2,4,5,6,7,8,9,10,11,12,13,19,21,23,25,26,28,31,32,36,38,39,43,45,47,49,51,52,55,56,58,59,62,63,64,65,67,68,69,70,73,74,76,77,79,80,82,85,86,87,89,91,98]",52,3025,25,0.00826446280991736,4
"[0,1,2,4,5,6,7,8,9,10,11,12,13,19,21,23,25,26,28,31,32,36,38,39,43,45,47,49,51,52,55,56,58,59,62,63,64,65,67,68,69,70,73,74,76,77,79,80,82,85,86,87,89,91,98]",55,3025,2,0.000661157024793388,4
"[0,1,2,4,5,6,7,8,9,10,11,12,13,19,21,23,25,26,28,31,32,36,38,39,43,45,47,49,51,52,55,56,58,59,62,63,64,65,67,68,69,70,73,74,76,77,79,80,82,85,86,87,89,91,98]",56,3025,3,0.000991735537190083,4
"[0,1,2,4,5,6,7,8,9,10,11,12,13,19,21,23,25,26,28,31,32,36,38,39,43,45,47,49,51,52,55,56,58,59,62,63,64,65,67,68,69,70,73,74,76,77,79,80,82,85,86,87,89,91,98]",58,3025,0,0,4
"[0,1,2,4,5,6,7,8,9,10,11,12,13,19,21,23,25,26,28,31,32,36,38,39,43,45,47,49,51,52,55,56,58,59,62,63,64,65,67,68,69,70,73,74,76,77,79,80,82,85,86,87,89,91,98]",59,3025,3,0.000991735537190083,4
"[0,1,2,4,5,6,7,8,9,10,11,12,13,19,21,23,25,26,28,31,32,36,38,39,43,45,47,49,51,52,55,56,58,59,62,63,64,65,67,68,69,70,73,74,76,77,79,80,82,85,86,87,89,91,98]",62,3025,0,0,4
"[0,1,2,4,5,6,7,8,9,10,11,12,13,19,21,23,25,26,28,31,32,36,38,39,43,45,47,49,51,52,55,56,58,59,62,63,64,65,67,68,69,70,73,74,76,77,79,80,82,85,86,87,89,91,98]",63,3025,389,0.128595041322314,4
"[0,1,2,4,5,6,7,8,9,10,11,12,13,19,21,23,25,26,28,31,32,36,38,39,43,45,47,49,51,52,55,56,58,59,62,63,64,65,67,68,69,70,73,74,76,77,79,80,82,85,86,87,89,91,98]",64,3025,17,0.0056198347107438,4
"[0,1,2,4,5,6,7,8,9,10,11,12,13,19,21,23,25,26,28,31,32,36,38,39,43,45,47,49,51,52,55,56,58,59,62,63,64,65,67,68,69,70,73,74,76,77,79,80,82,85,86,87,89,91,98]",65,3025,2,0.000661157024793388,4
"[0,1,2,4,5,6,7,8,9,10,11,12,13,19,21,23,25,26,28,31,32,36,38,39,43,45,47,49,51,52,55,56,58,59,62,63,64,65,67,68,69,70,73,74,76,77,79,80,82,85,86,87,89,91,98]",67,3025,796,0.263140495867769,4
"[0,1,2,4,5,6,7,8,9,10,11,12,13,19,21,23,25,26,28,31,32,36,38,39,43,45,47,49,51,52,55,56,58,59,62,63,64,65,67,68,69,70,73,74,76,77,79,80,82,85,86,87,89,91,98]",68,3025,0,0,4
"[0,1,2,4,5,6,7,8,9,10,11,12,13,19,21,23,25,26,28,31,32,36,38,39,43,45,47,49,51,52,55,56,58,59,62,63,64,65,67,68,69,70,73,74,76,77,79,80,82,85,86,87,89,91,98]",69,3025,45,0.0148760330578512,4
"[0,1,2,4,5,6,7,8,9,10,11,12,13,19,21,23,25,26,28,31,32,36,38,39,43,45,47,49,51,52,55,56,58,59,62,63,64,65,67,68,69,70,73,74,76,77,79,80,82,85,86,87,89,91,98]",70,3025,34,0.0112396694214876,4
"[0,1,2,4,5,6,7,8,9,10,11,12,13,19,21,23,25,26,28,31,32,36,38,39,43,45,47,49,51,52,55,56,58,59,62,63,64,65,67,68,69,70,73,74,76,77,79,80,82,85,86,87,89,91,98]",73,3025,0,0,4
"[0,1,2,4,5,6,7,8,9,10,11,12,13,19,21,23,25,26,28,31,32,36,38,39,43,45,47,49,51,52,55,56,58,59,62,63,64,65,67,68,69,70,73,74,76,77,79,80,82,85,86,87,89,91,98]",74,3025,0,0,4
"[0,1,2,4,5,6,7,8,9,10,11,12,13,19,21,23,25,26,28,31,32,36,38,39,43,45,47,49,51,52,55,56,58,59,62,63,64,65,67,68,69,70,73,74,76,77,79,80,82,85,86,87,89,91,98]",76,3025,0,0,4
"[0,1,2,4,5,6,7,8,9,10,11,12,13,19,21,23,25,26,28,31,32,36,38,39,43,45,47,49,51,52,55,56,58,59,62,63,64,65,67,68,69,70,73,74,76,77,79,80,82,85,86,87,89,91,98]",77,3025,0,0,4
"[0,1,2,4,5,6,7,8,9,10,11,12,13,19,21,23,25,26,28,31,32,36,38,39,43,45,47,49,51,52,55,56,58,59,62,63,64,65,67,68,69,70,73,74,76,77,79,80,82,85,86,87,89,91,98]",79,3025,0,0,4
"[0,1,2,4,5,6,7,8,9,10,11,12,13,19,21,23,25,26,28,31,32,36,38,39,43,45,47,49,51,52,55,56,58,59,62,63,64,65,67,68,69,70,73,74,76,77,79,80,82,85,86,87,89,91,98]",80,3025,1,0.000330578512396694,4
"[0,1,2,4,5,6,7,8,9,10,11,12,13,19,21,23,25,26,28,31,32,36,38,39,43,45,47,49,51,52,55,56,58,59,62,63,64,65,67,68,69,70,73,74,76,77,79,80,82,85,86,87,89,91,98]",82,3025,2,0.000661157024793388,4
"[0,1,2,4,5,6,7,8,9,10,11,12,13,19,21,23,25,26,28,31,32,36,38,39,43,45,47,49,51,52,55,56,58,59,62,63,64,65,67,68,69,70,73,74,76,77,79,80,82,85,86,87,89,91,98]",85,3025,83,0.0274380165289256,4
"[0,1,2,4,5,6,7,8,9,10,11,12,13,19,21,23,25,26,28,31,32,36,38,39,43,45,47,49,51,52,55,56,58,59,62,63,64,65,67,68,69,70,73,74,76,77,79,80,82,85,86,87,89,91,98]",86,3025,6,0.00198347107438017,4
"[0,1,2,4,5,6,7,8,9,10,11,12,13,19,21,23,25,26,28,31,32,36,38,39,43,45,47,49,51,52,55,56,58,59,62,63,64,65,67,68,69,70,73,74,76,77,79,80,82,85,86,87,89,91,98]",87,3025,11,0.00363636363636364,4
"[0,1,2,4,5,6,7,8,9,10,11,12,13,19,21,23,25,26,28,31,32,36,38,39,43,45,47,49,51,52,55,56,58,59,62,63,64,65,67,68,69,70,73,74,76,77,79,80,82,85,86,87,89,91,98]",89,3025,0,0,4
"[0,1,2,4,5,6,7,8,9,10,11,12,13,19,21,23,25,26,28,31,32,36,38,39,43,45,47,49,51,52,55,56,58,59,62,63,64,65,67,68,69,70,73,74,76,77,79,80,82,85,86,87,89,91,98]",91,3025,0,0,4
"[0,1,2,4,5,6,7,8,9,10,11,12,13,19,21,23,25,26,28,31,32,36,38,39,43,45,47,49,51,52,55,56,58,59,62,63,64,65,67,68,69,70,73,74,76,77,79,80,82,85,86,87,89,91,98]",98,3025,0,0,4
"[0,1,2,4,5,6,7,8,9,10,11,12,21,23,25,26,28,31,32,36,38,39,43,45,49,51,52,55,56,58,59,62,63,64,65,67,68,69,70,73,74,76,79,80,82,85,86,87,88,89,91,98]",0,900,30,0.0333333333333333,2
"[0,1,2,4,5,6,7,8,9,10,11,12,21,23,25,26,28,31,32,36,38,39,43,45,49,51,52,55,56,58,59,62,63,64,65,67,68,69,70,73,74,76,79,80,82,85,86,87,88,89,91,98]",1,900,37,0.0411111111111111,2
"[0,1,2,4,5,6,7,8,9,10,11,12,21,23,25,26,28,31,32,36,38,39,43,45,49,51,52,55,56,58,59,62,63,64,65,67,68,69,70,73,74,76,79,80,82,85,86,87,88,89,91,98]",2,900,5,0.00555555555555556,2
"[0,1,2,4,5,6,7,8,9,10,11,12,21,23,25,26,28,31,32,36,38,39,43,45,49,51,52,55,56,58,59,62,63,64,65,67,68,69,70,73,74,76,79,80,82,85,86,87,88,89,91,98]",4,900,8,0.00888888888888889,2
"[0,1,2,4,5,6,7,8,9,10,11,12,21,23,25,26,28,31,32,36,38,39,43,45,49,51,52,55,56,58,59,62,63,64,65,67,68,69,70,73,74,76,79,80,82,85,86,87,88,89,91,98]",5,900,89,0.0988888888888889,2
"[0,1,2,4,5,6,7,8,9,10,11,12,21,23,25,26,28,31,32,36,38,39,43,45,49,51,52,55,56,58,59,62,63,64,65,67,68,69,70,73,74,76,79,80,82,85,86,87,88,89,91,98]",6,900,0,0,2
"[0,1,2,4,5,6,7,8,9,10,11,12,21,23,25,26,28,31,32,36,38,39,43,45,49,51,52,55,56,58,59,62,63,64,65,67,68,69,70,73,74,76,79,80,82,85,86,87,88,89,91,98]",7,900,32,0.0355555555555556,2
"[0,1,2,4,5,6,7,8,9,10,11,12,21,23,25,26,28,31,32,36,38,39,43,45,49,51,52,55,56,58,59,62,63,64,65,67,68,69,70,73,74,76,79,80,82,85,86,87,88,89,91,98]",8,900,0,0,2
"[0,1,2,4,5,6,7,8,9,10,11,12,21,23,25,26,28,31,32,36,38,39,43,45,49,51,52,55,56,58,59,62,63,64,65,67,68,69,70,73,74,76,79,80,82,85,86,87,88,89,91,98]",9,900,0,0,2
"[0,1,2,4,5,6,7,8,9,10,11,12,21,23,25,26,28,31,32,36,38,39,43,45,49,51,52,55,56,58,59,62,63,64,65,67,68,69,70,73,74,76,79,80,82,85,86,87,88,89,91,98]",10,900,0,0,2
"[0,1,2,4,5,6,7,8,9,10,11,12,21,23,25,26,28,31,32,36,38,39,43,45,49,51,52,55,56,58,59,62,63,64,65,67,68,69,70,73,74,76,79,80,82,85,86,87,88,89,91,98]",11,900,0,0,2
"[0,1,2,4,5,6,7,8,9,10,11,12,21,23,25,26,28,31,32,36,38,39,43,45,49,51,52,55,56,58,59,62,63,64,65,67,68,69,70,73,74,76,79,80,82,85,86,87,88,89,91,98]",12,900,0,0,2
"[0,1,2,4,5,6,7,8,9,10,11,12,21,23,25,26,28,31,32,36,38,39,43,45,49,51,52,55,56,58,59,62,63,64,65,67,68,69,70,73,74,76,79,80,82,85,86,87,88,89,91,98]",21,900,76,0.0844444444444444,2
"[0,1,2,4,5,6,7,8,9,10,11,12,21,23,25,26,28,31,32,36,38,39,43,45,49,51,52,55,56,58,59,62,63,64,65,67,68,69,70,73,74,76,79,80,82,85,86,87,88,89,91,98]",23,900,4,0.00444444444444444,2
"[0,1,2,4,5,6,7,8,9,10,11,12,21,23,25,26,28,31,32,36,38,39,43,45,49,51,52,55,56,58,59,62,63,64,65,67,68,69,70,73,74,76,79,80,82,85,86,87,88,89,91,98]",25,900,6,0.00666666666666667,2
"[0,1,2,4,5,6,7,8,9,10,11,12,21,23,25,26,28,31,32,36,38,39,43,45,49,51,52,55,56,58,59,62,63,64,65,67,68,69,70,73,74,76,79,80,82,85,86,87,88,89,91,98]",26,900,2,0.00222222222222222,2
"[0,1,2,4,5,6,7,8,9,10,11,12,21,23,25,26,28,31,32,36,38,39,43,45,49,51,52,55,56,58,59,62,63,64,65,67,68,69,70,73,74,76,79,80,82,85,86,87,88,89,91,98]",28,900,0,0,2
"[0,1,2,4,5,6,7,8,9,10,11,12,21,23,25,26,28,31,32,36,38,39,43,45,49,51,52,55,56,58,59,62,63,64,65,67,68,69,70,73,74,76,79,80,82,85,86,87,88,89,91,98]",31,900,29,0.0322222222222222,2
"[0,1,2,4,5,6,7,8,9,10,11,12,21,23,25,26,28,31,32,36,38,39,43,45,49,51,52,55,56,58,59,62,63,64,65,67,68,69,70,73,74,76,79,80,82,85,86,87,88,89,91,98]",32,900,0,0,2
"[0,1,2,4,5,6,7,8,9,10,11,12,21,23,25,26,28,31,32,36,38,39,43,45,49,51,52,55,56,58,59,62,63,64,65,67,68,69,70,73,74,76,79,80,82,85,86,87,88,89,91,98]",36,900,0,0,2
"[0,1,2,4,5,6,7,8,9,10,11,12,21,23,25,26,28,31,32,36,38,39,43,45,49,51,52,55,56,58,59,62,63,64,65,67,68,69,70,73,74,76,79,80,82,85,86,87,88,89,91,98]",38,900,8,0.00888888888888889,2
"[0,1,2,4,5,6,7,8,9,10,11,12,21,23,25,26,28,31,32,36,38,39,43,45,49,51,52,55,56,58,59,62,63,64,65,67,68,69,70,73,74,76,79,80,82,85,86,87,88,89,91,98]",39,900,17,0.0188888888888889,2
"[0,1,2,4,5,6,7,8,9,10,11,12,21,23,25,26,28,31,32,36,38,39,43,45,49,51,52,55,56,58,59,62,63,64,65,67,68,69,70,73,74,76,79,80,82,85,86,87,88,89,91,98]",43,900,34,0.0377777777777778,2
"[0,1,2,4,5,6,7,8,9,10,11,12,21,23,25,26,28,31,32,36,38,39,43,45,49,51,52,55,56,58,59,62,63,64,65,67,68,69,70,73,74,76,79,80,82,85,86,87,88,89,91,98]",45,900,11,0.0122222222222222,2
"[0,1,2,4,5,6,7,8,9,10,11,12,21,23,25,26,28,31,32,36,38,39,43,45,49,51,52,55,56,58,59,62,63,64,65,67,68,69,70,73,74,76,79,80,82,85,86,87,88,89,91,98]",49,900,4,0.00444444444444444,2
"[0,1,2,4,5,6,7,8,9,10,11,12,21,23,25,26,28,31,32,36,38,39,43,45,49,51,52,55,56,58,59,62,63,64,65,67,68,69,70,73,74,76,79,80,82,85,86,87,88,89,91,98]",51,900,7,0.00777777777777778,2
"[0,1,2,4,5,6,7,8,9,10,11,12,21,23,25,26,28,31,32,36,38,39,43,45,49,51,52,55,56,58,59,62,63,64,65,67,68,69,70,73,74,76,79,80,82,85,86,87,88,89,91,98]",52,900,4,0.00444444444444444,2
"[0,1,2,4,5,6,7,8,9,10,11,12,21,23,25,26,28,31,32,36,38,39,43,45,49,51,52,55,56,58,59,62,63,64,65,67,68,69,70,73,74,76,79,80,82,85,86,87,88,89,91,98]",55,900,1,0.00111111111111111,2
"[0,1,2,4,5,6,7,8,9,10,11,12,21,23,25,26,28,31,32,36,38,39,43,45,49,51,52,55,56,58,59,62,63,64,65,67,68,69,70,73,74,76,79,80,82,85,86,87,88,89,91,98]",56,900,6,0.00666666666666667,2
"[0,1,2,4,5,6,7,8,9,10,11,12,21,23,25,26,28,31,32,36,38,39,43,45,49,51,52,55,56,58,59,62,63,64,65,67,68,69,70,73,74,76,79,80,82,85,86,87,88,89,91,98]",58,900,0,0,2
"[0,1,2,4,5,6,7,8,9,10,11,12,21,23,25,26,28,31,32,36,38,39,43,45,49,51,52,55,56,58,59,62,63,64,65,67,68,69,70,73,74,76,79,80,82,85,86,87,88,89,91,98]",59,900,1,0.00111111111111111,2
"[0,1,2,4,5,6,7,8,9,10,11,12,21,23,25,26,28,31,32,36,38,39,43,45,49,51,52,55,56,58,59,62,63,64,65,67,68,69,70,73,74,76,79,80,82,85,86,87,88,89,91,98]",62,900,0,0,2
"[0,1,2,4,5,6,7,8,9,10,11,12,21,23,25,26,28,31,32,36,38,39,43,45,49,51,52,55,56,58,59,62,63,64,65,67,68,69,70,73,74,76,79,80,82,85,86,87,88,89,91,98]",63,900,208,0.231111111111111,2
"[0,1,2,4,5,6,7,8,9,10,11,12,21,23,25,26,28,31,32,36,38,39,43,45,49,51,52,55,56,58,59,62,63,64,65,67,68,69,70,73,74,76,79,80,82,85,86,87,88,89,91,98]",64,900,12,0.0133333333333333,2
"[0,1,2,4,5,6,7,8,9,10,11,12,21,23,25,26,28,31,32,36,38,39,43,45,49,51,52,55,56,58,59,62,63,64,65,67,68,69,70,73,74,76,79,80,82,85,86,87,88,89,91,98]",65,900,0,0,2
"[0,1,2,4,5,6,7,8,9,10,11,12,21,23,25,26,28,31,32,36,38,39,43,45,49,51,52,55,56,58,59,62,63,64,65,67,68,69,70,73,74,76,79,80,82,85,86,87,88,89,91,98]",67,900,154,0.171111111111111,2
"[0,1,2,4,5,6,7,8,9,10,11,12,21,23,25,26,28,31,32,36,38,39,43,45,49,51,52,55,56,58,59,62,63,64,65,67,68,69,70,73,74,76,79,80,82,85,86,87,88,89,91,98]",68,900,0,0,2
"[0,1,2,4,5,6,7,8,9,10,11,12,21,23,25,26,28,31,32,36,38,39,43,45,49,51,52,55,56,58,59,62,63,64,65,67,68,69,70,73,74,76,79,80,82,85,86,87,88,89,91,98]",69,900,8,0.00888888888888889,2
"[0,1,2,4,5,6,7,8,9,10,11,12,21,23,25,26,28,31,32,36,38,39,43,45,49,51,52,55,56,58,59,62,63,64,65,67,68,69,70,73,74,76,79,80,82,85,86,87,88,89,91,98]",70,900,11,0.0122222222222222,2
"[0,1,2,4,5,6,7,8,9,10,11,12,21,23,25,26,28,31,32,36,38,39,43,45,49,51,52,55,56,58,59,62,63,64,65,67,68,69,70,73,74,76,79,80,82,85,86,87,88,89,91,98]",73,900,0,0,2
"[0,1,2,4,5,6,7,8,9,10,11,12,21,23,25,26,28,31,32,36,38,39,43,45,49,51,52,55,56,58,59,62,63,64,65,67,68,69,70,73,74,76,79,80,82,85,86,87,88,89,91,98]",74,900,0,0,2
"[0,1,2,4,5,6,7,8,9,10,11,12,21,23,25,26,28,31,32,36,38,39,43,45,49,51,52,55,56,58,59,62,63,64,65,67,68,69,70,73,74,76,79,80,82,85,86,87,88,89,91,98]",76,900,2,0.00222222222222222,2
"[0,1,2,4,5,6,7,8,9,10,11,12,21,23,25,26,28,31,32,36,38,39,43,45,49,51,52,55,56,58,59,62,63,64,65,67,68,69,70,73,74,76,79,80,82,85,86,87,88,89,91,98]",79,900,0,0,2
"[0,1,2,4,5,6,7,8,9,10,11,12,21,23,25,26,28,31,32,36,38,39,43,45,49,51,52,55,56,58,59,62,63,64,65,67,68,69,70,73,74,76,79,80,82,85,86,87,88,89,91,98]",80,900,0,0,2
"[0,1,2,4,5,6,7,8,9,10,11,12,21,23,25,26,28,31,32,36,38,39,43,45,49,51,52,55,56,58,59,62,63,64,65,67,68,69,70,73,74,76,79,80,82,85,86,87,88,89,91,98]",82,900,0,0,2
"[0,1,2,4,5,6,7,8,9,10,11,12,21,23,25,26,28,31,32,36,38,39,43,45,49,51,52,55,56,58,59,62,63,64,65,67,68,69,70,73,74,76,79,80,82,85,86,87,88,89,91,98]",85,900,83,0.0922222222222222,2
"[0,1,2,4,5,6,7,8,9,10,11,12,21,23,25,26,28,31,32,36,38,39,43,45,49,51,52,55,56,58,59,62,63,64,65,67,68,69,70,73,74,76,79,80,82,85,86,87,88,89,91,98]",86,900,0,0,2
"[0,1,2,4,5,6,7,8,9,10,11,12,21,23,25,26,28,31,32,36,38,39,43,45,49,51,52,55,56,58,59,62,63,64,65,67,68,69,70,73,74,76,79,80,82,85,86,87,88,89,91,98]",87,900,7,0.00777777777777778,2
"[0,1,2,4,5,6,7,8,9,10,11,12,21,23,25,26,28,31,32,36,38,39,43,45,49,51,52,55,56,58,59,62,63,64,65,67,68,69,70,73,74,76,79,80,82,85,86,87,88,89,91,98]",88,900,4,0.00444444444444444,2
"[0,1,2,4,5,6,7,8,9,10,11,12,21,23,25,26,28,31,32,36,38,39,43,45,49,51,52,55,56,58,59,62,63,64,65,67,68,69,70,73,74,76,79,80,82,85,86,87,88,89,91,98]",89,900,0,0,2
"[0,1,2,4,5,6,7,8,9,10,11,12,21,23,25,26,28,31,32,36,38,39,43,45,49,51,52,55,56,58,59,62,63,64,65,67,68,69,70,73,74,76,79,80,82,85,86,87,88,89,91,98]",91,900,0,0,2
"[0,1,2,4,5,6,7,8,9,10,11,12,21,23,25,26,28,31,32,36,38,39,43,45,49,51,52,55,56,58,59,62,63,64,65,67,68,69,70,73,74,76,79,80,82,85,86,87,88,89,91,98]",98,900,0,0,2
"[0,1,2,4,5,6,7,8,9,10,11,21,23,25,26,28,31,32,36,38,39,43,45,49,51,52,55,56,58,59,62,63,64,65,67,68,69,70,73,76,79,80,82,85,86,87,88,89,90,91,98]",0,973,27,0.0277492291880781,2
"[0,1,2,4,5,6,7,8,9,10,11,21,23,25,26,28,31,32,36,38,39,43,45,49,51,52,55,56,58,59,62,63,64,65,67,68,69,70,73,76,79,80,82,85,86,87,88,89,90,91,98]",1,973,33,0.0339157245632066,2
"[0,1,2,4,5,6,7,8,9,10,11,21,23,25,26,28,31,32,36,38,39,43,45,49,51,52,55,56,58,59,62,63,64,65,67,68,69,70,73,76,79,80,82,85,86,87,88,89,90,91,98]",2,973,3,0.00308324768756423,2
"[0,1,2,4,5,6,7,8,9,10,11,21,23,25,26,28,31,32,36,38,39,43,45,49,51,52,55,56,58,59,62,63,64,65,67,68,69,70,73,76,79,80,82,85,86,87,88,89,90,91,98]",4,973,7,0.00719424460431655,2
"[0,1,2,4,5,6,7,8,9,10,11,21,23,25,26,28,31,32,36,38,39,43,45,49,51,52,55,56,58,59,62,63,64,65,67,68,69,70,73,76,79,80,82,85,86,87,88,89,90,91,98]",5,973,92,0.0945529290853032,2
"[0,1,2,4,5,6,7,8,9,10,11,21,23,25,26,28,31,32,36,38,39,43,45,49,51,52,55,56,58,59,62,63,64,65,67,68,69,70,73,76,79,80,82,85,86,87,88,89,90,91,98]",6,973,0,0,2
"[0,1,2,4,5,6,7,8,9,10,11,21,23,25,26,28,31,32,36,38,39,43,45,49,51,52,55,56,58,59,62,63,64,65,67,68,69,70,73,76,79,80,82,85,86,87,88,89,90,91,98]",7,973,24,0.0246659815005139,2
"[0,1,2,4,5,6,7,8,9,10,11,21,23,25,26,28,31,32,36,38,39,43,45,49,51,52,55,56,58,59,62,63,64,65,67,68,69,70,73,76,79,80,82,85,86,87,88,89,90,91,98]",8,973,0,0,2
"[0,1,2,4,5,6,7,8,9,10,11,21,23,25,26,28,31,32,36,38,39,43,45,49,51,52,55,56,58,59,62,63,64,65,67,68,69,70,73,76,79,80,82,85,86,87,88,89,90,91,98]",9,973,0,0,2
"[0,1,2,4,5,6,7,8,9,10,11,21,23,25,26,28,31,32,36,38,39,43,45,49,51,52,55,56,58,59,62,63,64,65,67,68,69,70,73,76,79,80,82,85,86,87,88,89,90,91,98]",10,973,0,0,2
"[0,1,2,4,5,6,7,8,9,10,11,21,23,25,26,28,31,32,36,38,39,43,45,49,51,52,55,56,58,59,62,63,64,65,67,68,69,70,73,76,79,80,82,85,86,87,88,89,90,91,98]",11,973,0,0,2
"[0,1,2,4,5,6,7,8,9,10,11,21,23,25,26,28,31,32,36,38,39,43,45,49,51,52,55,56,58,59,62,63,64,65,67,68,69,70,73,76,79,80,82,85,86,87,88,89,90,91,98]",21,973,64,0.065775950668037,2
"[0,1,2,4,5,6,7,8,9,10,11,21,23,25,26,28,31,32,36,38,39,43,45,49,51,52,55,56,58,59,62,63,64,65,67,68,69,70,73,76,79,80,82,85,86,87,88,89,90,91,98]",23,973,8,0.00822199383350463,2
"[0,1,2,4,5,6,7,8,9,10,11,21,23,25,26,28,31,32,36,38,39,43,45,49,51,52,55,56,58,59,62,63,64,65,67,68,69,70,73,76,79,80,82,85,86,87,88,89,90,91,98]",25,973,0,0,2
"[0,1,2,4,5,6,7,8,9,10,11,21,23,25,26,28,31,32,36,38,39,43,45,49,51,52,55,56,58,59,62,63,64,65,67,68,69,70,73,76,79,80,82,85,86,87,88,89,90,91,98]",26,973,3,0.00308324768756423,2
"[0,1,2,4,5,6,7,8,9,10,11,21,23,25,26,28,31,32,36,38,39,43,45,49,51,52,55,56,58,59,62,63,64,65,67,68,69,70,73,76,79,80,82,85,86,87,88,89,90,91,98]",28,973,0,0,2
"[0,1,2,4,5,6,7,8,9,10,11,21,23,25,26,28,31,32,36,38,39,43,45,49,51,52,55,56,58,59,62,63,64,65,67,68,69,70,73,76,79,80,82,85,86,87,88,89,90,91,98]",31,973,54,0.0554984583761562,2
"[0,1,2,4,5,6,7,8,9,10,11,21,23,25,26,28,31,32,36,38,39,43,45,49,51,52,55,56,58,59,62,63,64,65,67,68,69,70,73,76,79,80,82,85,86,87,88,89,90,91,98]",32,973,0,0,2
"[0,1,2,4,5,6,7,8,9,10,11,21,23,25,26,28,31,32,36,38,39,43,45,49,51,52,55,56,58,59,62,63,64,65,67,68,69,70,73,76,79,80,82,85,86,87,88,89,90,91,98]",36,973,0,0,2
"[0,1,2,4,5,6,7,8,9,10,11,21,23,25,26,28,31,32,36,38,39,43,45,49,51,52,55,56,58,59,62,63,64,65,67,68,69,70,73,76,79,80,82,85,86,87,88,89,90,91,98]",38,973,8,0.00822199383350463,2
"[0,1,2,4,5,6,7,8,9,10,11,21,23,25,26,28,31,32,36,38,39,43,45,49,51,52,55,56,58,59,62,63,64,65,67,68,69,70,73,76,79,80,82,85,86,87,88,89,90,91,98]",39,973,15,0.0154162384378212,2
"[0,1,2,4,5,6,7,8,9,10,11,21,23,25,26,28,31,32,36,38,39,43,45,49,51,52,55,56,58,59,62,63,64,65,67,68,69,70,73,76,79,80,82,85,86,87,88,89,90,91,98]",43,973,22,0.0226104830421377,2
"[0,1,2,4,5,6,7,8,9,10,11,21,23,25,26,28,31,32,36,38,39,43,45,49,51,52,55,56,58,59,62,63,64,65,67,68,69,70,73,76,79,80,82,85,86,87,88,89,90,91,98]",45,973,19,0.0195272353545735,2
"[0,1,2,4,5,6,7,8,9,10,11,21,23,25,26,28,31,32,36,38,39,43,45,49,51,52,55,56,58,59,62,63,64,65,67,68,69,70,73,76,79,80,82,85,86,87,88,89,90,91,98]",49,973,1,0.00102774922918808,2
"[0,1,2,4,5,6,7,8,9,10,11,21,23,25,26,28,31,32,36,38,39,43,45,49,51,52,55,56,58,59,62,63,64,65,67,68,69,70,73,76,79,80,82,85,86,87,88,89,90,91,98]",51,973,19,0.0195272353545735,2
"[0,1,2,4,5,6,7,8,9,10,11,21,23,25,26,28,31,32,36,38,39,43,45,49,51,52,55,56,58,59,62,63,64,65,67,68,69,70,73,76,79,80,82,85,86,87,88,89,90,91,98]",52,973,4,0.00411099691675231,2
"[0,1,2,4,5,6,7,8,9,10,11,21,23,25,26,28,31,32,36,38,39,43,45,49,51,52,55,56,58,59,62,63,64,65,67,68,69,70,73,76,79,80,82,85,86,87,88,89,90,91,98]",55,973,0,0,2
"[0,1,2,4,5,6,7,8,9,10,11,21,23,25,26,28,31,32,36,38,39,43,45,49,51,52,55,56,58,59,62,63,64,65,67,68,69,70,73,76,79,80,82,85,86,87,88,89,90,91,98]",56,973,3,0.00308324768756423,2
"[0,1,2,4,5,6,7,8,9,10,11,21,23,25,26,28,31,32,36,38,39,43,45,49,51,52,55,56,58,59,62,63,64,65,67,68,69,70,73,76,79,80,82,85,86,87,88,89,90,91,98]",58,973,0,0,2
"[0,1,2,4,5,6,7,8,9,10,11,21,23,25,26,28,31,32,36,38,39,43,45,49,51,52,55,56,58,59,62,63,64,65,67,68,69,70,73,76,79,80,82,85,86,87,88,89,90,91,98]",59,973,0,0,2
"[0,1,2,4,5,6,7,8,9,10,11,21,23,25,26,28,31,32,36,38,39,43,45,49,51,52,55,56,58,59,62,63,64,65,67,68,69,70,73,76,79,80,82,85,86,87,88,89,90,91,98]",62,973,0,0,2
"[0,1,2,4,5,6,7,8,9,10,11,21,23,25,26,28,31,32,36,38,39,43,45,49,51,52,55,56,58,59,62,63,64,65,67,68,69,70,73,76,79,80,82,85,86,87,88,89,90,91,98]",63,973,173,0.177800616649538,2
"[0,1,2,4,5,6,7,8,9,10,11,21,23,25,26,28,31,32,36,38,39,43,45,49,51,52,55,56,58,59,62,63,64,65,67,68,69,70,73,76,79,80,82,85,86,87,88,89,90,91,98]",64,973,28,0.0287769784172662,2
"[0,1,2,4,5,6,7,8,9,10,11,21,23,25,26,28,31,32,36,38,39,43,45,49,51,52,55,56,58,59,62,63,64,65,67,68,69,70,73,76,79,80,82,85,86,87,88,89,90,91,98]",65,973,0,0,2
"[0,1,2,4,5,6,7,8,9,10,11,21,23,25,26,28,31,32,36,38,39,43,45,49,51,52,55,56,58,59,62,63,64,65,67,68,69,70,73,76,79,80,82,85,86,87,88,89,90,91,98]",67,973,124,0.127440904419322,2
"[0,1,2,4,5,6,7,8,9,10,11,21,23,25,26,28,31,32,36,38,39,43,45,49,51,52,55,56,58,59,62,63,64,65,67,68,69,70,73,76,79,80,82,85,86,87,88,89,90,91,98]",68,973,0,0,2
"[0,1,2,4,5,6,7,8,9,10,11,21,23,25,26,28,31,32,36,38,39,43,45,49,51,52,55,56,58,59,62,63,64,65,67,68,69,70,73,76,79,80,82,85,86,87,88,89,90,91,98]",69,973,41,0.0421377183967112,2
"[0,1,2,4,5,6,7,8,9,10,11,21,23,25,26,28,31,32,36,38,39,43,45,49,51,52,55,56,58,59,62,63,64,65,67,68,69,70,73,76,79,80,82,85,86,87,88,89,90,91,98]",70,973,16,0.0164439876670093,2
"[0,1,2,4,5,6,7,8,9,10,11,21,23,25,26,28,31,32,36,38,39,43,45,49,51,52,55,56,58,59,62,63,64,65,67,68,69,70,73,76,79,80,82,85,86,87,88,89,90,91,98]",73,973,0,0,2
"[0,1,2,4,5,6,7,8,9,10,11,21,23,25,26,28,31,32,36,38,39,43,45,49,51,52,55,56,58,59,62,63,64,65,67,68,69,70,73,76,79,80,82,85,86,87,88,89,90,91,98]",76,973,2,0.00205549845837616,2
"[0,1,2,4,5,6,7,8,9,10,11,21,23,25,26,28,31,32,36,38,39,43,45,49,51,52,55,56,58,59,62,63,64,65,67,68,69,70,73,76,79,80,82,85,86,87,88,89,90,91,98]",79,973,0,0,2
"[0,1,2,4,5,6,7,8,9,10,11,21,23,25,26,28,31,32,36,38,39,43,45,49,51,52,55,56,58,59,62,63,64,65,67,68,69,70,73,76,79,80,82,85,86,87,88,89,90,91,98]",80,973,0,0,2
"[0,1,2,4,5,6,7,8,9,10,11,21,23,25,26,28,31,32,36,38,39,43,45,49,51,52,55,56,58,59,62,63,64,65,67,68,69,70,73,76,79,80,82,85,86,87,88,89,90,91,98]",82,973,3,0.00308324768756423,2
"[0,1,2,4,5,6,7,8,9,10,11,21,23,25,26,28,31,32,36,38,39,43,45,49,51,52,55,56,58,59,62,63,64,65,67,68,69,70,73,76,79,80,82,85,86,87,88,89,90,91,98]",85,973,151,0.1551901336074,2
"[0,1,2,4,5,6,7,8,9,10,11,21,23,25,26,28,31,32,36,38,39,43,45,49,51,52,55,56,58,59,62,63,64,65,67,68,69,70,73,76,79,80,82,85,86,87,88,89,90,91,98]",86,973,0,0,2
"[0,1,2,4,5,6,7,8,9,10,11,21,23,25,26,28,31,32,36,38,39,43,45,49,51,52,55,56,58,59,62,63,64,65,67,68,69,70,73,76,79,80,82,85,86,87,88,89,90,91,98]",87,973,20,0.0205549845837616,2
"[0,1,2,4,5,6,7,8,9,10,11,21,23,25,26,28,31,32,36,38,39,43,45,49,51,52,55,56,58,59,62,63,64,65,67,68,69,70,73,76,79,80,82,85,86,87,88,89,90,91,98]",88,973,4,0.00411099691675231,2
"[0,1,2,4,5,6,7,8,9,10,11,21,23,25,26,28,31,32,36,38,39,43,45,49,51,52,55,56,58,59,62,63,64,65,67,68,69,70,73,76,79,80,82,85,86,87,88,89,90,91,98]",89,973,0,0,2
"[0,1,2,4,5,6,7,8,9,10,11,21,23,25,26,28,31,32,36,38,39,43,45,49,51,52,55,56,58,59,62,63,64,65,67,68,69,70,73,76,79,80,82,85,86,87,88,89,90,91,98]",90,973,5,0.00513874614594039,2
"[0,1,2,4,5,6,7,8,9,10,11,21,23,25,26,28,31,32,36,38,39,43,45,49,51,52,55,56,58,59,62,63,64,65,67,68,69,70,73,76,79,80,82,85,86,87,88,89,90,91,98]",91,973,0,0,2
"[0,1,2,4,5,6,7,8,9,10,11,21,23,25,26,28,31,32,36,38,39,43,45,49,51,52,55,56,58,59,62,63,64,65,67,68,69,70,73,76,79,80,82,85,86,87,88,89,90,91,98]",98,973,0,0,2
"[0,1,2,4,5,6,7,8,9,10,21,23,25,26,28,31,32,36,38,39,43,45,49,51,52,55,56,58,59,62,63,64,65,67,68,69,70,73,76,79,80,82,85,86,87,88,89,90,91,93,94,95,98]",0,1156,28,0.0242214532871972,2
"[0,1,2,4,5,6,7,8,9,10,21,23,25,26,28,31,32,36,38,39,43,45,49,51,52,55,56,58,59,62,63,64,65,67,68,69,70,73,76,79,80,82,85,86,87,88,89,90,91,93,94,95,98]",1,1156,37,0.0320069204152249,2
"[0,1,2,4,5,6,7,8,9,10,21,23,25,26,28,31,32,36,38,39,43,45,49,51,52,55,56,58,59,62,63,64,65,67,68,69,70,73,76,79,80,82,85,86,87,88,89,90,91,93,94,95,98]",2,1156,0,0,2
"[0,1,2,4,5,6,7,8,9,10,21,23,25,26,28,31,32,36,38,39,43,45,49,51,52,55,56,58,59,62,63,64,65,67,68,69,70,73,76,79,80,82,85,86,87,88,89,90,91,93,94,95,98]",4,1156,8,0.0069204152249135,2
"[0,1,2,4,5,6,7,8,9,10,21,23,25,26,28,31,32,36,38,39,43,45,49,51,52,55,56,58,59,62,63,64,65,67,68,69,70,73,76,79,80,82,85,86,87,88,89,90,91,93,94,95,98]",5,1156,125,0.108131487889273,2
"[0,1,2,4,5,6,7,8,9,10,21,23,25,26,28,31,32,36,38,39,43,45,49,51,52,55,56,58,59,62,63,64,65,67,68,69,70,73,76,79,80,82,85,86,87,88,89,90,91,93,94,95,98]",6,1156,0,0,2
"[0,1,2,4,5,6,7,8,9,10,21,23,25,26,28,31,32,36,38,39,43,45,49,51,52,55,56,58,59,62,63,64,65,67,68,69,70,73,76,79,80,82,85,86,87,88,89,90,91,93,94,95,98]",7,1156,20,0.0173010380622837,2
"[0,1,2,4,5,6,7,8,9,10,21,23,25,26,28,31,32,36,38,39,43,45,49,51,52,55,56,58,59,62,63,64,65,67,68,69,70,73,76,79,80,82,85,86,87,88,89,90,91,93,94,95,98]",8,1156,0,0,2
"[0,1,2,4,5,6,7,8,9,10,21,23,25,26,28,31,32,36,38,39,43,45,49,51,52,55,56,58,59,62,63,64,65,67,68,69,70,73,76,79,80,82,85,86,87,88,89,90,91,93,94,95,98]",9,1156,0,0,2
"[0,1,2,4,5,6,7,8,9,10,21,23,25,26,28,31,32,36,38,39,43,45,49,51,52,55,56,58,59,62,63,64,65,67,68,69,70,73,76,79,80,82,85,86,87,88,89,90,91,93,94,95,98]",10,1156,0,0,2
"[0,1,2,4,5,6,7,8,9,10,21,23,25,26,28,31,32,36,38,39,43,45,49,51,52,55,56,58,59,62,63,64,65,67,68,69,70,73,76,79,80,82,85,86,87,88,89,90,91,93,94,95,98]",21,1156,68,0.0588235294117647,2
"[0,1,2,4,5,6,7,8,9,10,21,23,25,26,28,31,32,36,38,39,43,45,49,51,52,55,56,58,59,62,63,64,65,67,68,69,70,73,76,79,80,82,85,86,87,88,89,90,91,93,94,95,98]",23,1156,7,0.00605536332179931,2
"[0,1,2,4,5,6,7,8,9,10,21,23,25,26,28,31,32,36,38,39,43,45,49,51,52,55,56,58,59,62,63,64,65,67,68,69,70,73,76,79,80,82,85,86,87,88,89,90,91,93,94,95,98]",25,1156,0,0,2
"[0,1,2,4,5,6,7,8,9,10,21,23,25,26,28,31,32,36,38,39,43,45,49,51,52,55,56,58,59,62,63,64,65,67,68,69,70,73,76,79,80,82,85,86,87,88,89,90,91,93,94,95,98]",26,1156,1,0.000865051903114187,2
"[0,1,2,4,5,6,7,8,9,10,21,23,25,26,28,31,32,36,38,39,43,45,49,51,52,55,56,58,59,62,63,64,65,67,68,69,70,73,76,79,80,82,85,86,87,88,89,90,91,93,94,95,98]",28,1156,0,0,2
"[0,1,2,4,5,6,7,8,9,10,21,23,25,26,28,31,32,36,38,39,43,45,49,51,52,55,56,58,59,62,63,64,65,67,68,69,70,73,76,79,80,82,85,86,87,88,89,90,91,93,94,95,98]",31,1156,25,0.0216262975778547,2
"[0,1,2,4,5,6,7,8,9,10,21,23,25,26,28,31,32,36,38,39,43,45,49,51,52,55,56,58,59,62,63,64,65,67,68,69,70,73,76,79,80,82,85,86,87,88,89,90,91,93,94,95,98]",32,1156,0,0,2
"[0,1,2,4,5,6,7,8,9,10,21,23,25,26,28,31,32,36,38,39,43,45,49,51,52,55,56,58,59,62,63,64,65,67,68,69,70,73,76,79,80,82,85,86,87,88,89,90,91,93,94,95,98]",36,1156,0,0,2
"[0,1,2,4,5,6,7,8,9,10,21,23,25,26,28,31,32,36,38,39,43,45,49,51,52,55,56,58,59,62,63,64,65,67,68,69,70,73,76,79,80,82,85,86,87,88,89,90,91,93,94,95,98]",38,1156,13,0.0112456747404844,2
"[0,1,2,4,5,6,7,8,9,10,21,23,25,26,28,31,32,36,38,39,43,45,49,51,52,55,56,58,59,62,63,64,65,67,68,69,70,73,76,79,80,82,85,86,87,88,89,90,91,93,94,95,98]",39,1156,14,0.0121107266435986,2
"[0,1,2,4,5,6,7,8,9,10,21,23,25,26,28,31,32,36,38,39,43,45,49,51,52,55,56,58,59,62,63,64,65,67,68,69,70,73,76,79,80,82,85,86,87,88,89,90,91,93,94,95,98]",43,1156,29,0.0250865051903114,2
"[0,1,2,4,5,6,7,8,9,10,21,23,25,26,28,31,32,36,38,39,43,45,49,51,52,55,56,58,59,62,63,64,65,67,68,69,70,73,76,79,80,82,85,86,87,88,89,90,91,93,94,95,98]",45,1156,1,0.000865051903114187,2
"[0,1,2,4,5,6,7,8,9,10,21,23,25,26,28,31,32,36,38,39,43,45,49,51,52,55,56,58,59,62,63,64,65,67,68,69,70,73,76,79,80,82,85,86,87,88,89,90,91,93,94,95,98]",49,1156,0,0,2
"[0,1,2,4,5,6,7,8,9,10,21,23,25,26,28,31,32,36,38,39,43,45,49,51,52,55,56,58,59,62,63,64,65,67,68,69,70,73,76,79,80,82,85,86,87,88,89,90,91,93,94,95,98]",51,1156,8,0.0069204152249135,2
"[0,1,2,4,5,6,7,8,9,10,21,23,25,26,28,31,32,36,38,39,43,45,49,51,52,55,56,58,59,62,63,64,65,67,68,69,70,73,76,79,80,82,85,86,87,88,89,90,91,93,94,95,98]",52,1156,5,0.00432525951557093,2
"[0,1,2,4,5,6,7,8,9,10,21,23,25,26,28,31,32,36,38,39,43,45,49,51,52,55,56,58,59,62,63,64,65,67,68,69,70,73,76,79,80,82,85,86,87,88,89,90,91,93,94,95,98]",55,1156,0,0,2
"[0,1,2,4,5,6,7,8,9,10,21,23,25,26,28,31,32,36,38,39,43,45,49,51,52,55,56,58,59,62,63,64,65,67,68,69,70,73,76,79,80,82,85,86,87,88,89,90,91,93,94,95,98]",56,1156,11,0.00951557093425606,2
"[0,1,2,4,5,6,7,8,9,10,21,23,25,26,28,31,32,36,38,39,43,45,49,51,52,55,56,58,59,62,63,64,65,67,68,69,70,73,76,79,80,82,85,86,87,88,89,90,91,93,94,95,98]",58,1156,0,0,2
"[0,1,2,4,5,6,7,8,9,10,21,23,25,26,28,31,32,36,38,39,43,45,49,51,52,55,56,58,59,62,63,64,65,67,68,69,70,73,76,79,80,82,85,86,87,88,89,90,91,93,94,95,98]",59,1156,0,0,2
"[0,1,2,4,5,6,7,8,9,10,21,23,25,26,28,31,32,36,38,39,43,45,49,51,52,55,56,58,59,62,63,64,65,67,68,69,70,73,76,79,80,82,85,86,87,88,89,90,91,93,94,95,98]",62,1156,0,0,2
"[0,1,2,4,5,6,7,8,9,10,21,23,25,26,28,31,32,36,38,39,43,45,49,51,52,55,56,58,59,62,63,64,65,67,68,69,70,73,76,79,80,82,85,86,87,88,89,90,91,93,94,95,98]",63,1156,161,0.139273356401384,2
"[0,1,2,4,5,6,7,8,9,10,21,23,25,26,28,31,32,36,38,39,43,45,49,51,52,55,56,58,59,62,63,64,65,67,68,69,70,73,76,79,80,82,85,86,87,88,89,90,91,93,94,95,98]",64,1156,17,0.0147058823529412,2
"[0,1,2,4,5,6,7,8,9,10,21,23,25,26,28,31,32,36,38,39,43,45,49,51,52,55,56,58,59,62,63,64,65,67,68,69,70,73,76,79,80,82,85,86,87,88,89,90,91,93,94,95,98]",65,1156,0,0,2
"[0,1,2,4,5,6,7,8,9,10,21,23,25,26,28,31,32,36,38,39,43,45,49,51,52,55,56,58,59,62,63,64,65,67,68,69,70,73,76,79,80,82,85,86,87,88,89,90,91,93,94,95,98]",67,1156,248,0.214532871972318,2
"[0,1,2,4,5,6,7,8,9,10,21,23,25,26,28,31,32,36,38,39,43,45,49,51,52,55,56,58,59,62,63,64,65,67,68,69,70,73,76,79,80,82,85,86,87,88,89,90,91,93,94,95,98]",68,1156,0,0,2
"[0,1,2,4,5,6,7,8,9,10,21,23,25,26,28,31,32,36,38,39,43,45,49,51,52,55,56,58,59,62,63,64,65,67,68,69,70,73,76,79,80,82,85,86,87,88,89,90,91,93,94,95,98]",69,1156,9,0.00778546712802768,2
"[0,1,2,4,5,6,7,8,9,10,21,23,25,26,28,31,32,36,38,39,43,45,49,51,52,55,56,58,59,62,63,64,65,67,68,69,70,73,76,79,80,82,85,86,87,88,89,90,91,93,94,95,98]",70,1156,9,0.00778546712802768,2
"[0,1,2,4,5,6,7,8,9,10,21,23,25,26,28,31,32,36,38,39,43,45,49,51,52,55,56,58,59,62,63,64,65,67,68,69,70,73,76,79,80,82,85,86,87,88,89,90,91,93,94,95,98]",73,1156,0,0,2
"[0,1,2,4,5,6,7,8,9,10,21,23,25,26,28,31,32,36,38,39,43,45,49,51,52,55,56,58,59,62,63,64,65,67,68,69,70,73,76,79,80,82,85,86,87,88,89,90,91,93,94,95,98]",76,1156,1,0.000865051903114187,2
"[0,1,2,4,5,6,7,8,9,10,21,23,25,26,28,31,32,36,38,39,43,45,49,51,52,55,56,58,59,62,63,64,65,67,68,69,70,73,76,79,80,82,85,86,87,88,89,90,91,93,94,95,98]",79,1156,0,0,2
"[0,1,2,4,5,6,7,8,9,10,21,23,25,26,28,31,32,36,38,39,43,45,49,51,52,55,56,58,59,62,63,64,65,67,68,69,70,73,76,79,80,82,85,86,87,88,89,90,91,93,94,95,98]",80,1156,0,0,2
"[0,1,2,4,5,6,7,8,9,10,21,23,25,26,28,31,32,36,38,39,43,45,49,51,52,55,56,58,59,62,63,64,65,67,68,69,70,73,76,79,80,82,85,86,87,88,89,90,91,93,94,95,98]",82,1156,0,0,2
"[0,1,2,4,5,6,7,8,9,10,21,23,25,26,28,31,32,36,38,39,43,45,49,51,52,55,56,58,59,62,63,64,65,67,68,69,70,73,76,79,80,82,85,86,87,88,89,90,91,93,94,95,98]",85,1156,263,0.227508650519031,2
"[0,1,2,4,5,6,7,8,9,10,21,23,25,26,28,31,32,36,38,39,43,45,49,51,52,55,56,58,59,62,63,64,65,67,68,69,70,73,76,79,80,82,85,86,87,88,89,90,91,93,94,95,98]",86,1156,0,0,2
"[0,1,2,4,5,6,7,8,9,10,21,23,25,26,28,31,32,36,38,39,43,45,49,51,52,55,56,58,59,62,63,64,65,67,68,69,70,73,76,79,80,82,85,86,87,88,89,90,91,93,94,95,98]",87,1156,14,0.0121107266435986,2
"[0,1,2,4,5,6,7,8,9,10,21,23,25,26,28,31,32,36,38,39,43,45,49,51,52,55,56,58,59,62,63,64,65,67,68,69,70,73,76,79,80,82,85,86,87,88,89,90,91,93,94,95,98]",88,1156,3,0.00259515570934256,2
"[0,1,2,4,5,6,7,8,9,10,21,23,25,26,28,31,32,36,38,39,43,45,49,51,52,55,56,58,59,62,63,64,65,67,68,69,70,73,76,79,80,82,85,86,87,88,89,90,91,93,94,95,98]",89,1156,0,0,2
"[0,1,2,4,5,6,7,8,9,10,21,23,25,26,28,31,32,36,38,39,43,45,49,51,52,55,56,58,59,62,63,64,65,67,68,69,70,73,76,79,80,82,85,86,87,88,89,90,91,93,94,95,98]",90,1156,2,0.00173010380622837,2
"[0,1,2,4,5,6,7,8,9,10,21,23,25,26,28,31,32,36,38,39,43,45,49,51,52,55,56,58,59,62,63,64,65,67,68,69,70,73,76,79,80,82,85,86,87,88,89,90,91,93,94,95,98]",91,1156,0,0,2
"[0,1,2,4,5,6,7,8,9,10,21,23,25,26,28,31,32,36,38,39,43,45,49,51,52,55,56,58,59,62,63,64,65,67,68,69,70,73,76,79,80,82,85,86,87,88,89,90,91,93,94,95,98]",93,1156,15,0.0129757785467128,2
"[0,1,2,4,5,6,7,8,9,10,21,23,25,26,28,31,32,36,38,39,43,45,49,51,52,55,56,58,59,62,63,64,65,67,68,69,70,73,76,79,80,82,85,86,87,88,89,90,91,93,94,95,98]",94,1156,14,0.0121107266435986,2
"[0,1,2,4,5,6,7,8,9,10,21,23,25,26,28,31,32,36,38,39,43,45,49,51,52,55,56,58,59,62,63,64,65,67,68,69,70,73,76,79,80,82,85,86,87,88,89,90,91,93,94,95,98]",95,1156,0,0,2
"[0,1,2,4,5,6,7,8,9,10,21,23,25,26,28,31,32,36,38,39,43,45,49,51,52,55,56,58,59,62,63,64,65,67,68,69,70,73,76,79,80,82,85,86,87,88,89,90,91,93,94,95,98]",98,1156,0,0,2
"[0,1,2,4,5,6,7,8,9,10,21,23,25,26,28,31,32,36,38,39,43,45,49,51,52,55,56,58,59,62,63,64,65,67,68,69,70,73,76,79,80,82,85,86,87,88,89,90,91,93,95,98]",0,1185,16,0.0135021097046414,2
"[0,1,2,4,5,6,7,8,9,10,21,23,25,26,28,31,32,36,38,39,43,45,49,51,52,55,56,58,59,62,63,64,65,67,68,69,70,73,76,79,80,82,85,86,87,88,89,90,91,93,95,98]",1,1185,35,0.029535864978903,2
"[0,1,2,4,5,6,7,8,9,10,21,23,25,26,28,31,32,36,38,39,43,45,49,51,52,55,56,58,59,62,63,64,65,67,68,69,70,73,76,79,80,82,85,86,87,88,89,90,91,93,95,98]",2,1185,0,0,2
"[0,1,2,4,5,6,7,8,9,10,21,23,25,26,28,31,32,36,38,39,43,45,49,51,52,55,56,58,59,62,63,64,65,67,68,69,70,73,76,79,80,82,85,86,87,88,89,90,91,93,95,98]",4,1185,5,0.00421940928270042,2
"[0,1,2,4,5,6,7,8,9,10,21,23,25,26,28,31,32,36,38,39,43,45,49,51,52,55,56,58,59,62,63,64,65,67,68,69,70,73,76,79,80,82,85,86,87,88,89,90,91,93,95,98]",5,1185,169,0.142616033755274,2
"[0,1,2,4,5,6,7,8,9,10,21,23,25,26,28,31,32,36,38,39,43,45,49,51,52,55,56,58,59,62,63,64,65,67,68,69,70,73,76,79,80,82,85,86,87,88,89,90,91,93,95,98]",6,1185,0,0,2
"[0,1,2,4,5,6,7,8,9,10,21,23,25,26,28,31,32,36,38,39,43,45,49,51,52,55,56,58,59,62,63,64,65,67,68,69,70,73,76,79,80,82,85,86,87,88,89,90,91,93,95,98]",7,1185,13,0.0109704641350211,2
"[0,1,2,4,5,6,7,8,9,10,21,23,25,26,28,31,32,36,38,39,43,45,49,51,52,55,56,58,59,62,63,64,65,67,68,69,70,73,76,79,80,82,85,86,87,88,89,90,91,93,95,98]",8,1185,0,0,2
"[0,1,2,4,5,6,7,8,9,10,21,23,25,26,28,31,32,36,38,39,43,45,49,51,52,55,56,58,59,62,63,64,65,67,68,69,70,73,76,79,80,82,85,86,87,88,89,90,91,93,95,98]",9,1185,0,0,2
"[0,1,2,4,5,6,7,8,9,10,21,23,25,26,28,31,32,36,38,39,43,45,49,51,52,55,56,58,59,62,63,64,65,67,68,69,70,73,76,79,80,82,85,86,87,88,89,90,91,93,95,98]",10,1185,0,0,2
"[0,1,2,4,5,6,7,8,9,10,21,23,25,26,28,31,32,36,38,39,43,45,49,51,52,55,56,58,59,62,63,64,65,67,68,69,70,73,76,79,80,82,85,86,87,88,89,90,91,93,95,98]",21,1185,74,0.0624472573839662,2
"[0,1,2,4,5,6,7,8,9,10,21,23,25,26,28,31,32,36,38,39,43,45,49,51,52,55,56,58,59,62,63,64,65,67,68,69,70,73,76,79,80,82,85,86,87,88,89,90,91,93,95,98]",23,1185,4,0.00337552742616034,2
"[0,1,2,4,5,6,7,8,9,10,21,23,25,26,28,31,32,36,38,39,43,45,49,51,52,55,56,58,59,62,63,64,65,67,68,69,70,73,76,79,80,82,85,86,87,88,89,90,91,93,95,98]",25,1185,0,0,2
"[0,1,2,4,5,6,7,8,9,10,21,23,25,26,28,31,32,36,38,39,43,45,49,51,52,55,56,58,59,62,63,64,65,67,68,69,70,73,76,79,80,82,85,86,87,88,89,90,91,93,95,98]",26,1185,1,0.000843881856540084,2
"[0,1,2,4,5,6,7,8,9,10,21,23,25,26,28,31,32,36,38,39,43,45,49,51,52,55,56,58,59,62,63,64,65,67,68,69,70,73,76,79,80,82,85,86,87,88,89,90,91,93,95,98]",28,1185,0,0,2
"[0,1,2,4,5,6,7,8,9,10,21,23,25,26,28,31,32,36,38,39,43,45,49,51,52,55,56,58,59,62,63,64,65,67,68,69,70,73,76,79,80,82,85,86,87,88,89,90,91,93,95,98]",31,1185,26,0.0219409282700422,2
"[0,1,2,4,5,6,7,8,9,10,21,23,25,26,28,31,32,36,38,39,43,45,49,51,52,55,56,58,59,62,63,64,65,67,68,69,70,73,76,79,80,82,85,86,87,88,89,90,91,93,95,98]",32,1185,0,0,2
"[0,1,2,4,5,6,7,8,9,10,21,23,25,26,28,31,32,36,38,39,43,45,49,51,52,55,56,58,59,62,63,64,65,67,68,69,70,73,76,79,80,82,85,86,87,88,89,90,91,93,95,98]",36,1185,0,0,2
"[0,1,2,4,5,6,7,8,9,10,21,23,25,26,28,31,32,36,38,39,43,45,49,51,52,55,56,58,59,62,63,64,65,67,68,69,70,73,76,79,80,82,85,86,87,88,89,90,91,93,95,98]",38,1185,10,0.00843881856540084,2
"[0,1,2,4,5,6,7,8,9,10,21,23,25,26,28,31,32,36,38,39,43,45,49,51,52,55,56,58,59,62,63,64,65,67,68,69,70,73,76,79,80,82,85,86,87,88,89,90,91,93,95,98]",39,1185,10,0.00843881856540084,2
"[0,1,2,4,5,6,7,8,9,10,21,23,25,26,28,31,32,36,38,39,43,45,49,51,52,55,56,58,59,62,63,64,65,67,68,69,70,73,76,79,80,82,85,86,87,88,89,90,91,93,95,98]",43,1185,62,0.0523206751054852,2
"[0,1,2,4,5,6,7,8,9,10,21,23,25,26,28,31,32,36,38,39,43,45,49,51,52,55,56,58,59,62,63,64,65,67,68,69,70,73,76,79,80,82,85,86,87,88,89,90,91,93,95,98]",45,1185,5,0.00421940928270042,2
"[0,1,2,4,5,6,7,8,9,10,21,23,25,26,28,31,32,36,38,39,43,45,49,51,52,55,56,58,59,62,63,64,65,67,68,69,70,73,76,79,80,82,85,86,87,88,89,90,91,93,95,98]",49,1185,0,0,2
"[0,1,2,4,5,6,7,8,9,10,21,23,25,26,28,31,32,36,38,39,43,45,49,51,52,55,56,58,59,62,63,64,65,67,68,69,70,73,76,79,80,82,85,86,87,88,89,90,91,93,95,98]",51,1185,8,0.00675105485232068,2
"[0,1,2,4,5,6,7,8,9,10,21,23,25,26,28,31,32,36,38,39,43,45,49,51,52,55,56,58,59,62,63,64,65,67,68,69,70,73,76,79,80,82,85,86,87,88,89,90,91,93,95,98]",52,1185,21,0.0177215189873418,2
"[0,1,2,4,5,6,7,8,9,10,21,23,25,26,28,31,32,36,38,39,43,45,49,51,52,55,56,58,59,62,63,64,65,67,68,69,70,73,76,79,80,82,85,86,87,88,89,90,91,93,95,98]",55,1185,0,0,2
"[0,1,2,4,5,6,7,8,9,10,21,23,25,26,28,31,32,36,38,39,43,45,49,51,52,55,56,58,59,62,63,64,65,67,68,69,70,73,76,79,80,82,85,86,87,88,89,90,91,93,95,98]",56,1185,6,0.00506329113924051,2
"[0,1,2,4,5,6,7,8,9,10,21,23,25,26,28,31,32,36,38,39,43,45,49,51,52,55,56,58,59,62,63,64,65,67,68,69,70,73,76,79,80,82,85,86,87,88,89,90,91,93,95,98]",58,1185,0,0,2
"[0,1,2,4,5,6,7,8,9,10,21,23,25,26,28,31,32,36,38,39,43,45,49,51,52,55,56,58,59,62,63,64,65,67,68,69,70,73,76,79,80,82,85,86,87,88,89,90,91,93,95,98]",59,1185,0,0,2
"[0,1,2,4,5,6,7,8,9,10,21,23,25,26,28,31,32,36,38,39,43,45,49,51,52,55,56,58,59,62,63,64,65,67,68,69,70,73,76,79,80,82,85,86,87,88,89,90,91,93,95,98]",62,1185,0,0,2
"[0,1,2,4,5,6,7,8,9,10,21,23,25,26,28,31,32,36,38,39,43,45,49,51,52,55,56,58,59,62,63,64,65,67,68,69,70,73,76,79,80,82,85,86,87,88,89,90,91,93,95,98]",63,1185,159,0.134177215189873,2
"[0,1,2,4,5,6,7,8,9,10,21,23,25,26,28,31,32,36,38,39,43,45,49,51,52,55,56,58,59,62,63,64,65,67,68,69,70,73,76,79,80,82,85,86,87,88,89,90,91,93,95,98]",64,1185,53,0.0447257383966245,2
"[0,1,2,4,5,6,7,8,9,10,21,23,25,26,28,31,32,36,38,39,43,45,49,51,52,55,56,58,59,62,63,64,65,67,68,69,70,73,76,79,80,82,85,86,87,88,89,90,91,93,95,98]",65,1185,0,0,2
"[0,1,2,4,5,6,7,8,9,10,21,23,25,26,28,31,32,36,38,39,43,45,49,51,52,55,56,58,59,62,63,64,65,67,68,69,70,73,76,79,80,82,85,86,87,88,89,90,91,93,95,98]",67,1185,275,0.232067510548523,2
"[0,1,2,4,5,6,7,8,9,10,21,23,25,26,28,31,32,36,38,39,43,45,49,51,52,55,56,58,59,62,63,64,65,67,68,69,70,73,76,79,80,82,85,86,87,88,89,90,91,93,95,98]",68,1185,0,0,2
"[0,1,2,4,5,6,7,8,9,10,21,23,25,26,28,31,32,36,38,39,43,45,49,51,52,55,56,58,59,62,63,64,65,67,68,69,70,73,76,79,80,82,85,86,87,88,89,90,91,93,95,98]",69,1185,12,0.010126582278481,2
"[0,1,2,4,5,6,7,8,9,10,21,23,25,26,28,31,32,36,38,39,43,45,49,51,52,55,56,58,59,62,63,64,65,67,68,69,70,73,76,79,80,82,85,86,87,88,89,90,91,93,95,98]",70,1185,4,0.00337552742616034,2
"[0,1,2,4,5,6,7,8,9,10,21,23,25,26,28,31,32,36,38,39,43,45,49,51,52,55,56,58,59,62,63,64,65,67,68,69,70,73,76,79,80,82,85,86,87,88,89,90,91,93,95,98]",73,1185,0,0,2
"[0,1,2,4,5,6,7,8,9,10,21,23,25,26,28,31,32,36,38,39,43,45,49,51,52,55,56,58,59,62,63,64,65,67,68,69,70,73,76,79,80,82,85,86,87,88,89,90,91,93,95,98]",76,1185,0,0,2
"[0,1,2,4,5,6,7,8,9,10,21,23,25,26,28,31,32,36,38,39,43,45,49,51,52,55,56,58,59,62,63,64,65,67,68,69,70,73,76,79,80,82,85,86,87,88,89,90,91,93,95,98]",79,1185,0,0,2
"[0,1,2,4,5,6,7,8,9,10,21,23,25,26,28,31,32,36,38,39,43,45,49,51,52,55,56,58,59,62,63,64,65,67,68,69,70,73,76,79,80,82,85,86,87,88,89,90,91,93,95,98]",80,1185,0,0,2
"[0,1,2,4,5,6,7,8,9,10,21,23,25,26,28,31,32,36,38,39,43,45,49,51,52,55,56,58,59,62,63,64,65,67,68,69,70,73,76,79,80,82,85,86,87,88,89,90,91,93,95,98]",82,1185,0,0,2
"[0,1,2,4,5,6,7,8,9,10,21,23,25,26,28,31,32,36,38,39,43,45,49,51,52,55,56,58,59,62,63,64,65,67,68,69,70,73,76,79,80,82,85,86,87,88,89,90,91,93,95,98]",85,1185,176,0.148523206751055,2
"[0,1,2,4,5,6,7,8,9,10,21,23,25,26,28,31,32,36,38,39,43,45,49,51,52,55,56,58,59,62,63,64,65,67,68,69,70,73,76,79,80,82,85,86,87,88,89,90,91,93,95,98]",86,1185,0,0,2
"[0,1,2,4,5,6,7,8,9,10,21,23,25,26,28,31,32,36,38,39,43,45,49,51,52,55,56,58,59,62,63,64,65,67,68,69,70,73,76,79,80,82,85,86,87,88,89,90,91,93,95,98]",87,1185,29,0.0244725738396624,2
"[0,1,2,4,5,6,7,8,9,10,21,23,25,26,28,31,32,36,38,39,43,45,49,51,52,55,56,58,59,62,63,64,65,67,68,69,70,73,76,79,80,82,85,86,87,88,89,90,91,93,95,98]",88,1185,4,0.00337552742616034,2
"[0,1,2,4,5,6,7,8,9,10,21,23,25,26,28,31,32,36,38,39,43,45,49,51,52,55,56,58,59,62,63,64,65,67,68,69,70,73,76,79,80,82,85,86,87,88,89,90,91,93,95,98]",89,1185,0,0,2
"[0,1,2,4,5,6,7,8,9,10,21,23,25,26,28,31,32,36,38,39,43,45,49,51,52,55,56,58,59,62,63,64,65,67,68,69,70,73,76,79,80,82,85,86,87,88,89,90,91,93,95,98]",90,1185,3,0.00253164556962025,2
"[0,1,2,4,5,6,7,8,9,10,21,23,25,26,28,31,32,36,38,39,43,45,49,51,52,55,56,58,59,62,63,64,65,67,68,69,70,73,76,79,80,82,85,86,87,88,89,90,91,93,95,98]",91,1185,0,0,2
"[0,1,2,4,5,6,7,8,9,10,21,23,25,26,28,31,32,36,38,39,43,45,49,51,52,55,56,58,59,62,63,64,65,67,68,69,70,73,76,79,80,82,85,86,87,88,89,90,91,93,95,98]",93,1185,5,0.00421940928270042,2
"[0,1,2,4,5,6,7,8,9,10,21,23,25,26,28,31,32,36,38,39,43,45,49,51,52,55,56,58,59,62,63,64,65,67,68,69,70,73,76,79,80,82,85,86,87,88,89,90,91,93,95,98]",95,1185,0,0,2
"[0,1,2,4,5,6,7,8,9,10,21,23,25,26,28,31,32,36,38,39,43,45,49,51,52,55,56,58,59,62,63,64,65,67,68,69,70,73,76,79,80,82,85,86,87,88,89,90,91,93,95,98]",98,1185,0,0,2
"[0,1,2,4,5,6,7,8,9,10,21,23,25,26,28,31,32,36,38,39,43,45,49,51,52,55,56,58,59,62,63,64,65,67,68,69,70,73,76,79,80,82,85,86,87,88,89,90,91,95,98]",0,3003,104,0.0346320346320346,6
"[0,1,2,4,5,6,7,8,9,10,21,23,25,26,28,31,32,36,38,39,43,45,49,51,52,55,56,58,59,62,63,64,65,67,68,69,70,73,76,79,80,82,85,86,87,88,89,90,91,95,98]",1,3003,102,0.033966033966034,6
"[0,1,2,4,5,6,7,8,9,10,21,23,25,26,28,31,32,36,38,39,43,45,49,51,52,55,56,58,59,62,63,64,65,67,68,69,70,73,76,79,80,82,85,86,87,88,89,90,91,95,98]",2,3003,0,0,6
"[0,1,2,4,5,6,7,8,9,10,21,23,25,26,28,31,32,36,38,39,43,45,49,51,52,55,56,58,59,62,63,64,65,67,68,69,70,73,76,79,80,82,85,86,87,88,89,90,91,95,98]",4,3003,21,0.00699300699300699,6
"[0,1,2,4,5,6,7,8,9,10,21,23,25,26,28,31,32,36,38,39,43,45,49,51,52,55,56,58,59,62,63,64,65,67,68,69,70,73,76,79,80,82,85,86,87,88,89,90,91,95,98]",5,3003,363,0.120879120879121,6
"[0,1,2,4,5,6,7,8,9,10,21,23,25,26,28,31,32,36,38,39,43,45,49,51,52,55,56,58,59,62,63,64,65,67,68,69,70,73,76,79,80,82,85,86,87,88,89,90,91,95,98]",6,3003,0,0,6
"[0,1,2,4,5,6,7,8,9,10,21,23,25,26,28,31,32,36,38,39,43,45,49,51,52,55,56,58,59,62,63,64,65,67,68,69,70,73,76,79,80,82,85,86,87,88,89,90,91,95,98]",7,3003,119,0.0396270396270396,6
"[0,1,2,4,5,6,7,8,9,10,21,23,25,26,28,31,32,36,38,39,43,45,49,51,52,55,56,58,59,62,63,64,65,67,68,69,70,73,76,79,80,82,85,86,87,88,89,90,91,95,98]",8,3003,0,0,6
"[0,1,2,4,5,6,7,8,9,10,21,23,25,26,28,31,32,36,38,39,43,45,49,51,52,55,56,58,59,62,63,64,65,67,68,69,70,73,76,79,80,82,85,86,87,88,89,90,91,95,98]",9,3003,0,0,6
"[0,1,2,4,5,6,7,8,9,10,21,23,25,26,28,31,32,36,38,39,43,45,49,51,52,55,56,58,59,62,63,64,65,67,68,69,70,73,76,79,80,82,85,86,87,88,89,90,91,95,98]",10,3003,0,0,6
"[0,1,2,4,5,6,7,8,9,10,21,23,25,26,28,31,32,36,38,39,43,45,49,51,52,55,56,58,59,62,63,64,65,67,68,69,70,73,76,79,80,82,85,86,87,88,89,90,91,95,98]",21,3003,174,0.0579420579420579,6
"[0,1,2,4,5,6,7,8,9,10,21,23,25,26,28,31,32,36,38,39,43,45,49,51,52,55,56,58,59,62,63,64,65,67,68,69,70,73,76,79,80,82,85,86,87,88,89,90,91,95,98]",23,3003,17,0.00566100566100566,6
"[0,1,2,4,5,6,7,8,9,10,21,23,25,26,28,31,32,36,38,39,43,45,49,51,52,55,56,58,59,62,63,64,65,67,68,69,70,73,76,79,80,82,85,86,87,88,89,90,91,95,98]",25,3003,1,0.000333000333000333,6
"[0,1,2,4,5,6,7,8,9,10,21,23,25,26,28,31,32,36,38,39,43,45,49,51,52,55,56,58,59,62,63,64,65,67,68,69,70,73,76,79,80,82,85,86,87,88,89,90,91,95,98]",26,3003,1,0.000333000333000333,6
"[0,1,2,4,5,6,7,8,9,10,21,23,25,26,28,31,32,36,38,39,43,45,49,51,52,55,56,58,59,62,63,64,65,67,68,69,70,73,76,79,80,82,85,86,87,88,89,90,91,95,98]",28,3003,0,0,6
"[0,1,2,4,5,6,7,8,9,10,21,23,25,26,28,31,32,36,38,39,43,45,49,51,52,55,56,58,59,62,63,64,65,67,68,69,70,73,76,79,80,82,85,86,87,88,89,90,91,95,98]",31,3003,218,0.0725940725940726,6
"[0,1,2,4,5,6,7,8,9,10,21,23,25,26,28,31,32,36,38,39,43,45,49,51,52,55,56,58,59,62,63,64,65,67,68,69,70,73,76,79,80,82,85,86,87,88,89,90,91,95,98]",32,3003,0,0,6
"[0,1,2,4,5,6,7,8,9,10,21,23,25,26,28,31,32,36,38,39,43,45,49,51,52,55,56,58,59,62,63,64,65,67,68,69,70,73,76,79,80,82,85,86,87,88,89,90,91,95,98]",36,3003,0,0,6
"[0,1,2,4,5,6,7,8,9,10,21,23,25,26,28,31,32,36,38,39,43,45,49,51,52,55,56,58,59,62,63,64,65,67,68,69,70,73,76,79,80,82,85,86,87,88,89,90,91,95,98]",38,3003,20,0.00666000666000666,6
"[0,1,2,4,5,6,7,8,9,10,21,23,25,26,28,31,32,36,38,39,43,45,49,51,52,55,56,58,59,62,63,64,65,67,68,69,70,73,76,79,80,82,85,86,87,88,89,90,91,95,98]",39,3003,37,0.0123210123210123,6
"[0,1,2,4,5,6,7,8,9,10,21,23,25,26,28,31,32,36,38,39,43,45,49,51,52,55,56,58,59,62,63,64,65,67,68,69,70,73,76,79,80,82,85,86,87,88,89,90,91,95,98]",43,3003,71,0.0236430236430236,6
"[0,1,2,4,5,6,7,8,9,10,21,23,25,26,28,31,32,36,38,39,43,45,49,51,52,55,56,58,59,62,63,64,65,67,68,69,70,73,76,79,80,82,85,86,87,88,89,90,91,95,98]",45,3003,20,0.00666000666000666,6
"[0,1,2,4,5,6,7,8,9,10,21,23,25,26,28,31,32,36,38,39,43,45,49,51,52,55,56,58,59,62,63,64,65,67,68,69,70,73,76,79,80,82,85,86,87,88,89,90,91,95,98]",49,3003,26,0.00865800865800866,6
"[0,1,2,4,5,6,7,8,9,10,21,23,25,26,28,31,32,36,38,39,43,45,49,51,52,55,56,58,59,62,63,64,65,67,68,69,70,73,76,79,80,82,85,86,87,88,89,90,91,95,98]",51,3003,46,0.0153180153180153,6
"[0,1,2,4,5,6,7,8,9,10,21,23,25,26,28,31,32,36,38,39,43,45,49,51,52,55,56,58,59,62,63,64,65,67,68,69,70,73,76,79,80,82,85,86,87,88,89,90,91,95,98]",52,3003,20,0.00666000666000666,6
"[0,1,2,4,5,6,7,8,9,10,21,23,25,26,28,31,32,36,38,39,43,45,49,51,52,55,56,58,59,62,63,64,65,67,68,69,70,73,76,79,80,82,85,86,87,88,89,90,91,95,98]",55,3003,0,0,6
"[0,1,2,4,5,6,7,8,9,10,21,23,25,26,28,31,32,36,38,39,43,45,49,51,52,55,56,58,59,62,63,64,65,67,68,69,70,73,76,79,80,82,85,86,87,88,89,90,91,95,98]",56,3003,14,0.00466200466200466,6
"[0,1,2,4,5,6,7,8,9,10,21,23,25,26,28,31,32,36,38,39,43,45,49,51,52,55,56,58,59,62,63,64,65,67,68,69,70,73,76,79,80,82,85,86,87,88,89,90,91,95,98]",58,3003,0,0,6
"[0,1,2,4,5,6,7,8,9,10,21,23,25,26,28,31,32,36,38,39,43,45,49,51,52,55,56,58,59,62,63,64,65,67,68,69,70,73,76,79,80,82,85,86,87,88,89,90,91,95,98]",59,3003,0,0,6
"[0,1,2,4,5,6,7,8,9,10,21,23,25,26,28,31,32,36,38,39,43,45,49,51,52,55,56,58,59,62,63,64,65,67,68,69,70,73,76,79,80,82,85,86,87,88,89,90,91,95,98]",62,3003,0,0,6
"[0,1,2,4,5,6,7,8,9,10,21,23,25,26,28,31,32,36,38,39,43,45,49,51,52,55,56,58,59,62,63,64,65,67,68,69,70,73,76,79,80,82,85,86,87,88,89,90,91,95,98]",63,3003,356,0.118548118548119,6
"[0,1,2,4,5,6,7,8,9,10,21,23,25,26,28,31,32,36,38,39,43,45,49,51,52,55,56,58,59,62,63,64,65,67,68,69,70,73,76,79,80,82,85,86,87,88,89,90,91,95,98]",64,3003,75,0.024975024975025,6
"[0,1,2,4,5,6,7,8,9,10,21,23,25,26,28,31,32,36,38,39,43,45,49,51,52,55,56,58,59,62,63,64,65,67,68,69,70,73,76,79,80,82,85,86,87,88,89,90,91,95,98]",65,3003,0,0,6
"[0,1,2,4,5,6,7,8,9,10,21,23,25,26,28,31,32,36,38,39,43,45,49,51,52,55,56,58,59,62,63,64,65,67,68,69,70,73,76,79,80,82,85,86,87,88,89,90,91,95,98]",67,3003,527,0.175491175491175,6
"[0,1,2,4,5,6,7,8,9,10,21,23,25,26,28,31,32,36,38,39,43,45,49,51,52,55,56,58,59,62,63,64,65,67,68,69,70,73,76,79,80,82,85,86,87,88,89,90,91,95,98]",68,3003,0,0,6
"[0,1,2,4,5,6,7,8,9,10,21,23,25,26,28,31,32,36,38,39,43,45,49,51,52,55,56,58,59,62,63,64,65,67,68,69,70,73,76,79,80,82,85,86,87,88,89,90,91,95,98]",69,3003,19,0.00632700632700633,6
"[0,1,2,4,5,6,7,8,9,10,21,23,25,26,28,31,32,36,38,39,43,45,49,51,52,55,56,58,59,62,63,64,65,67,68,69,70,73,76,79,80,82,85,86,87,88,89,90,91,95,98]",70,3003,55,0.0183150183150183,6
"[0,1,2,4,5,6,7,8,9,10,21,23,25,26,28,31,32,36,38,39,43,45,49,51,52,55,56,58,59,62,63,64,65,67,68,69,70,73,76,79,80,82,85,86,87,88,89,90,91,95,98]",73,3003,0,0,6
"[0,1,2,4,5,6,7,8,9,10,21,23,25,26,28,31,32,36,38,39,43,45,49,51,52,55,56,58,59,62,63,64,65,67,68,69,70,73,76,79,80,82,85,86,87,88,89,90,91,95,98]",76,3003,5,0.00166500166500167,6
"[0,1,2,4,5,6,7,8,9,10,21,23,25,26,28,31,32,36,38,39,43,45,49,51,52,55,56,58,59,62,63,64,65,67,68,69,70,73,76,79,80,82,85,86,87,88,89,90,91,95,98]",79,3003,0,0,6
"[0,1,2,4,5,6,7,8,9,10,21,23,25,26,28,31,32,36,38,39,43,45,49,51,52,55,56,58,59,62,63,64,65,67,68,69,70,73,76,79,80,82,85,86,87,88,89,90,91,95,98]",80,3003,0,0,6
"[0,1,2,4,5,6,7,8,9,10,21,23,25,26,28,31,32,36,38,39,43,45,49,51,52,55,56,58,59,62,63,64,65,67,68,69,70,73,76,79,80,82,85,86,87,88,89,90,91,95,98]",82,3003,4,0.00133200133200133,6
"[0,1,2,4,5,6,7,8,9,10,21,23,25,26,28,31,32,36,38,39,43,45,49,51,52,55,56,58,59,62,63,64,65,67,68,69,70,73,76,79,80,82,85,86,87,88,89,90,91,95,98]",85,3003,498,0.165834165834166,6
"[0,1,2,4,5,6,7,8,9,10,21,23,25,26,28,31,32,36,38,39,43,45,49,51,52,55,56,58,59,62,63,64,65,67,68,69,70,73,76,79,80,82,85,86,87,88,89,90,91,95,98]",86,3003,23,0.00765900765900766,6
"[0,1,2,4,5,6,7,8,9,10,21,23,25,26,28,31,32,36,38,39,43,45,49,51,52,55,56,58,59,62,63,64,65,67,68,69,70,73,76,79,80,82,85,86,87,88,89,90,91,95,98]",87,3003,30,0.00999000999000999,6
"[0,1,2,4,5,6,7,8,9,10,21,23,25,26,28,31,32,36,38,39,43,45,49,51,52,55,56,58,59,62,63,64,65,67,68,69,70,73,76,79,80,82,85,86,87,88,89,90,91,95,98]",88,3003,16,0.00532800532800533,6
"[0,1,2,4,5,6,7,8,9,10,21,23,25,26,28,31,32,36,38,39,43,45,49,51,52,55,56,58,59,62,63,64,65,67,68,69,70,73,76,79,80,82,85,86,87,88,89,90,91,95,98]",89,3003,0,0,6
"[0,1,2,4,5,6,7,8,9,10,21,23,25,26,28,31,32,36,38,39,43,45,49,51,52,55,56,58,59,62,63,64,65,67,68,69,70,73,76,79,80,82,85,86,87,88,89,90,91,95,98]",90,3003,19,0.00632700632700633,6
"[0,1,2,4,5,6,7,8,9,10,21,23,25,26,28,31,32,36,38,39,43,45,49,51,52,55,56,58,59,62,63,64,65,67,68,69,70,73,76,79,80,82,85,86,87,88,89,90,91,95,98]",91,3003,0,0,6
"[0,1,2,4,5,6,7,8,9,10,21,23,25,26,28,31,32,36,38,39,43,45,49,51,52,55,56,58,59,62,63,64,65,67,68,69,70,73,76,79,80,82,85,86,87,88,89,90,91,95,98]",95,3003,2,0.000666000666000666,6
"[0,1,2,4,5,6,7,8,9,10,21,23,25,26,28,31,32,36,38,39,43,45,49,51,52,55,56,58,59,62,63,64,65,67,68,69,70,73,76,79,80,82,85,86,87,88,89,90,91,95,98]",98,3003,0,0,6
