SLURM_JOBID:  58254196
SLURM_ARRAY_TASK_ID:  22
SLURM_ARRAY_JOB_ID:  58254188
Gurobi shell based on Python 3.12.3 can be launched with command `gurobi.sh`
Gurobi Python Interface can be loaded in Python 3.12.3 with 'import gurobipy'
RUM estimation on all-binary-menu synthetic data (n = 22)
Running 5 seeds. Outputs:
  /vast/palmer/home.grace/hc654/Random-Utility-Models/feasibility_analysis_binary_menus/results_runs/run_summary_n022.csv
  /vast/palmer/home.grace/hc654/Random-Utility-Models/feasibility_analysis_binary_menus/results_runs/run_log_n022.txt
  /vast/palmer/home.grace/hc654/Random-Utility-Models/feasibility_analysis_binary_menus/results_runs/run_details_n022.mat
  /vast/palmer/home.grace/hc654/Random-Utility-Models/feasibility_analysis_binary_menus/results_runs/run_iptimes_n022.csv

Host: r816u29n03.grace.ycrc.yale.edu
CPU:  Intel(R) Xeon(R) Gold 6342 CPU @ 2.80GHz
OS:   GLNXA64 | logical cores: 4 | MATLAB: 23.2.0.2428915 (R2023b) Update 4


========================================================
[1/5] n = 22, seed = 1  (all binary menus)
========================================================
[fractions mode] counts(s) = round(frac(s) * C(n,s))  (total 231 menus).
Generating fake data for n=22 alternatives, 231 menus (Dirichlet probs)...
Generated 462 rows from 231 menus (231 unique).
Menu size distribution actually drawn:
  size 2: 231 menus (100.0%)

n = 22 | 462 observations | 231 unique menus | menu sizes 2..2

  -- CG_IP --  (budget: 604800.0 s)
Starting column generation with 1 initial columns...
Pricing mode: IP
Generating choice sets only (rankings built on-demand)...
Using 462 provided choice sets
✓ 462 choice sets generated (no ranking enumeration needed)

B_IP_pricing_build: 0.03s (nvars=484, ncons=3311)
  IP pricing time: 0.0865 s (solve 0.0622 s, gurobi.runtime 0.0157 s)
Iter 1 | error = 157.360660 | best_score = 232.5477 |
   IP pricing time: 0.0349 s (solve 0.0313 s, gurobi.runtime 0.0247 s)
Iter 2 | error = 40.307780 | best_score = 33.7313 |
   IP pricing time: 0.1160 s (solve 0.1139 s, gurobi.runtime 0.1091 s)
Iter 3 | error = 30.447631 | best_score = 23.8505 |
   IP pricing time: 0.0344 s (solve 0.0306 s, gurobi.runtime 0.0251 s)
Iter 4 | error = 25.501109 | best_score = 23.0649 |
   IP pricing time: 0.0374 s (solve 0.0298 s, gurobi.runtime 0.0245 s)
Iter 5 | error = 19.752855 | best_score = 19.3242 |
   IP pricing time: 0.3459 s (solve 0.3444 s, gurobi.runtime 0.3370 s)
Iter 6 | error = 16.807186 | best_score = 11.5550 |
   IP pricing time: 0.0468 s (solve 0.0456 s, gurobi.runtime 0.0378 s)
Iter 7 | error = 15.676675 | best_score = 10.7978 |
   IP pricing time: 0.0863 s (solve 0.0851 s, gurobi.runtime 0.0801 s)
Iter 8 | error = 14.639273 | best_score = 8.0694 |
   IP pricing time: 0.0729 s (solve 0.0717 s, gurobi.runtime 0.0662 s)
Iter 9 | error = 13.997891 | best_score = 7.3531 |
   IP pricing time: 0.2504 s (solve 0.2491 s, gurobi.runtime 0.2371 s)
Iter 10 | error = 13.484779 | best_score = 5.7841 |
   IP pricing time: 0.2598 s (solve 0.2585 s, gurobi.runtime 0.2469 s)
Iter 11 | error = 13.092265 | best_score = 5.0918 |
   IP pricing time: 0.2401 s (solve 0.2389 s, gurobi.runtime 0.2213 s)
Iter 12 | error = 12.845105 | best_score = 4.7986 |
   IP pricing time: 0.4207 s (solve 0.4195 s, gurobi.runtime 0.4074 s)
Iter 13 | error = 12.507704 | best_score = 4.3674 |
   IP pricing time: 0.2604 s (solve 0.2592 s, gurobi.runtime 0.2442 s)
Iter 14 | error = 12.265521 | best_score = 4.1734 |
   IP pricing time: 0.4207 s (solve 0.4194 s, gurobi.runtime 0.4086 s)
Iter 15 | error = 12.071975 | best_score = 3.3141 |
   IP pricing time: 0.2209 s (solve 0.2197 s, gurobi.runtime 0.2006 s)
Iter 16 | error = 11.910116 | best_score = 3.5928 |
   IP pricing time: 0.2558 s (solve 0.2546 s, gurobi.runtime 0.1467 s)
Iter 17 | error = 11.719857 | best_score = 3.7105 |
   IP pricing time: 0.9420 s (solve 0.9407 s, gurobi.runtime 0.9342 s)
Iter 18 | error = 11.567541 | best_score = 2.5980 |
   IP pricing time: 0.3241 s (solve 0.3225 s, gurobi.runtime 0.3130 s)
Iter 19 | error = 11.479045 | best_score = 2.7344 |
   IP pricing time: 0.7008 s (solve 0.6994 s, gurobi.runtime 0.6722 s)
Iter 20 | error = 11.389228 | best_score = 2.4987 |
   IP pricing time: 0.8652 s (solve 0.8639 s, gurobi.runtime 0.8444 s)
Iter 21 | error = 11.313034 | best_score = 2.1774 |
   IP pricing time: 0.7661 s (solve 0.7648 s, gurobi.runtime 0.7592 s)
Iter 22 | error = 11.235186 | best_score = 2.0647 |
   IP pricing time: 0.8456 s (solve 0.8443 s, gurobi.runtime 0.8145 s)
Iter 23 | error = 11.163254 | best_score = 1.8506 |
   IP pricing time: 1.0752 s (solve 1.0739 s, gurobi.runtime 1.0652 s)
Iter 24 | error = 11.093483 | best_score = 1.9068 |
   IP pricing time: 0.9933 s (solve 0.9920 s, gurobi.runtime 0.9726 s)
Iter 25 | error = 11.028966 | best_score = 1.7945 |
   IP pricing time: 1.0066 s (solve 1.0053 s, gurobi.runtime 0.9970 s)
Iter 26 | error = 10.970411 | best_score = 1.7328 |
   IP pricing time: 0.8322 s (solve 0.8309 s, gurobi.runtime 0.8234 s)
Iter 27 | error = 10.920882 | best_score = 1.7880 |
   IP pricing time: 1.3301 s (solve 1.3288 s, gurobi.runtime 1.3153 s)
Iter 28 | error = 10.875429 | best_score = 1.4627 |
   IP pricing time: 0.9406 s (solve 0.9393 s, gurobi.runtime 0.9203 s)
Iter 29 | error = 10.835215 | best_score = 1.5477 |
   IP pricing time: 1.1725 s (solve 1.1713 s, gurobi.runtime 1.1581 s)
Iter 30 | error = 10.782334 | best_score = 1.4883 |
   IP pricing time: 1.1612 s (solve 1.1598 s, gurobi.runtime 1.1447 s)
Iter 31 | error = 10.746845 | best_score = 1.3874 |
   IP pricing time: 1.0375 s (solve 1.0361 s, gurobi.runtime 1.0245 s)
Iter 32 | error = 10.705662 | best_score = 1.3720 |
   IP pricing time: 1.2843 s (solve 1.2828 s, gurobi.runtime 1.2678 s)
Iter 33 | error = 10.675540 | best_score = 1.1084 |
   IP pricing time: 1.0812 s (solve 1.0799 s, gurobi.runtime 1.0655 s)
Iter 34 | error = 10.652894 | best_score = 1.2454 |
   IP pricing time: 0.7166 s (solve 0.7152 s, gurobi.runtime 0.7001 s)
Iter 35 | error = 10.613723 | best_score = 1.3314 |
   IP pricing time: 0.8469 s (solve 0.8456 s, gurobi.runtime 0.8347 s)
Iter 36 | error = 10.575160 | best_score = 1.2792 |
   IP pricing time: 0.9721 s (solve 0.9708 s, gurobi.runtime 0.9587 s)
Iter 37 | error = 10.545731 | best_score = 1.1478 |
   IP pricing time: 1.0686 s (solve 1.0673 s, gurobi.runtime 1.0563 s)
Iter 38 | error = 10.512084 | best_score = 1.1147 |
   IP pricing time: 0.7632 s (solve 0.7619 s, gurobi.runtime 0.7433 s)
Iter 39 | error = 10.478387 | best_score = 1.2719 |
   IP pricing time: 0.9611 s (solve 0.9598 s, gurobi.runtime 0.9456 s)
Iter 40 | error = 10.441476 | best_score = 1.1477 |
   IP pricing time: 2.0794 s (solve 2.0781 s, gurobi.runtime 2.0590 s)
Iter 41 | error = 10.404068 | best_score = 0.9948 |
   IP pricing time: 2.4196 s (solve 2.4183 s, gurobi.runtime 2.4126 s)
Iter 42 | error = 10.372502 | best_score = 0.8423 |
   IP pricing time: 2.1261 s (solve 2.1245 s, gurobi.runtime 2.1161 s)
Iter 43 | error = 10.357059 | best_score = 0.8166 |
   IP pricing time: 1.3708 s (solve 1.3695 s, gurobi.runtime 1.3608 s)
Iter 44 | error = 10.338513 | best_score = 0.9194 |
   IP pricing time: 2.5554 s (solve 2.5541 s, gurobi.runtime 2.5435 s)
Iter 45 | error = 10.316202 | best_score = 0.7568 |
   IP pricing time: 3.6282 s (solve 3.6268 s, gurobi.runtime 3.6114 s)
Iter 46 | error = 10.305548 | best_score = 0.6322 |
   IP pricing time: 2.0221 s (solve 2.0208 s, gurobi.runtime 2.0044 s)
Iter 47 | error = 10.282259 | best_score = 0.7618 |
   IP pricing time: 2.4346 s (solve 2.4328 s, gurobi.runtime 2.4234 s)
Iter 48 | error = 10.268153 | best_score = 0.7430 |
   IP pricing time: 3.3437 s (solve 3.3421 s, gurobi.runtime 3.3253 s)
Iter 49 | error = 10.252119 | best_score = 0.6013 |
   IP pricing time: 3.6180 s (solve 3.6163 s, gurobi.runtime 3.6002 s)
Iter 50 | error = 10.240047 | best_score = 0.5966 |
   IP pricing time: 2.6649 s (solve 2.6636 s, gurobi.runtime 2.6403 s)
Iter 51 | error = 10.232790 | best_score = 0.6451 |
   IP pricing time: 3.1404 s (solve 3.1391 s, gurobi.runtime 3.1128 s)
Iter 52 | error = 10.221678 | best_score = 0.6005 |
   IP pricing time: 1.8780 s (solve 1.8767 s, gurobi.runtime 1.8582 s)
Iter 53 | error = 10.214097 | best_score = 0.6639 |
   IP pricing time: 2.8933 s (solve 2.8917 s, gurobi.runtime 2.8784 s)
Iter 54 | error = 10.202267 | best_score = 0.5866 |
   IP pricing time: 3.3519 s (solve 3.3504 s, gurobi.runtime 3.3364 s)
Iter 55 | error = 10.191081 | best_score = 0.5263 |
   IP pricing time: 3.7684 s (solve 3.7666 s, gurobi.runtime 3.7479 s)
Iter 56 | error = 10.181423 | best_score = 0.4502 |
   IP pricing time: 3.7416 s (solve 3.7401 s, gurobi.runtime 3.7258 s)
Iter 57 | error = 10.170286 | best_score = 0.4335 |
   IP pricing time: 4.6028 s (solve 4.6010 s, gurobi.runtime 4.5868 s)
Iter 58 | error = 10.165435 | best_score = 0.3719 |
   IP pricing time: 4.9443 s (solve 4.9429 s, gurobi.runtime 4.9364 s)
Iter 59 | error = 10.161643 | best_score = 0.3418 |
   IP pricing time: 4.5209 s (solve 4.5192 s, gurobi.runtime 4.5064 s)
Iter 60 | error = 10.154755 | best_score = 0.4186 |
   IP pricing time: 3.7413 s (solve 3.7395 s, gurobi.runtime 3.7288 s)
Iter 61 | error = 10.149415 | best_score = 0.4548 |
   IP pricing time: 4.2755 s (solve 4.2740 s, gurobi.runtime 4.2492 s)
Iter 62 | error = 10.141832 | best_score = 0.4095 |
   IP pricing time: 4.2854 s (solve 4.2837 s, gurobi.runtime 4.2651 s)
Iter 63 | error = 10.137147 | best_score = 0.4036 |
   IP pricing time: 5.0196 s (solve 5.0178 s, gurobi.runtime 4.9992 s)
Iter 64 | error = 10.130589 | best_score = 0.3557 |
   IP pricing time: 3.3696 s (solve 3.3681 s, gurobi.runtime 3.3576 s)
Iter 65 | error = 10.127102 | best_score = 0.4302 |
   IP pricing time: 3.7340 s (solve 3.7323 s, gurobi.runtime 3.7189 s)
Iter 66 | error = 10.119138 | best_score = 0.4065 |
   IP pricing time: 5.6010 s (solve 5.5992 s, gurobi.runtime 5.5878 s)
Iter 67 | error = 10.112326 | best_score = 0.3316 |
   IP pricing time: 6.9165 s (solve 6.9147 s, gurobi.runtime 6.8961 s)
Iter 68 | error = 10.108898 | best_score = 0.2967 |
   IP pricing time: 7.3621 s (solve 7.3602 s, gurobi.runtime 7.3352 s)
Iter 69 | error = 10.105689 | best_score = 0.2821 |
   IP pricing time: 6.6750 s (solve 6.6729 s, gurobi.runtime 6.6606 s)
Iter 70 | error = 10.102638 | best_score = 0.2800 |
   IP pricing time: 6.6766 s (solve 6.6748 s, gurobi.runtime 6.6612 s)
Iter 71 | error = 10.099968 | best_score = 0.2893 |
   IP pricing time: 6.0986 s (solve 6.0968 s, gurobi.runtime 6.0880 s)
Iter 72 | error = 10.097572 | best_score = 0.2758 |
   IP pricing time: 7.5822 s (solve 7.5804 s, gurobi.runtime 7.5605 s)
Iter 73 | error = 10.091895 | best_score = 0.2601 |
   IP pricing time: 5.7473 s (solve 5.7455 s, gurobi.runtime 5.7325 s)
Iter 74 | error = 10.085278 | best_score = 0.3534 |
   IP pricing time: 6.0105 s (solve 6.0087 s, gurobi.runtime 5.9829 s)
Iter 75 | error = 10.081026 | best_score = 0.3015 |
   IP pricing time: 8.1356 s (solve 8.1338 s, gurobi.runtime 8.1190 s)
Iter 76 | error = 10.078191 | best_score = 0.2590 |
   IP pricing time: 5.9412 s (solve 5.9394 s, gurobi.runtime 5.9266 s)
Iter 77 | error = 10.075980 | best_score = 0.2845 |
   IP pricing time: 5.8426 s (solve 5.8410 s, gurobi.runtime 5.8214 s)
Iter 78 | error = 10.071997 | best_score = 0.2770 |
   IP pricing time: 7.0651 s (solve 7.0632 s, gurobi.runtime 7.0406 s)
Iter 79 | error = 10.069626 | best_score = 0.2203 |
   IP pricing time: 6.8327 s (solve 6.8308 s, gurobi.runtime 6.8170 s)
Iter 80 | error = 10.067607 | best_score = 0.2275 |
   IP pricing time: 8.9356 s (solve 8.9340 s, gurobi.runtime 8.9079 s)
Iter 81 | error = 10.065358 | best_score = 0.1711 |
   IP pricing time: 8.1248 s (solve 8.1235 s, gurobi.runtime 8.1016 s)
Iter 82 | error = 10.063993 | best_score = 0.1979 |
   IP pricing time: 8.8714 s (solve 8.8701 s, gurobi.runtime 8.8582 s)
Iter 83 | error = 10.061740 | best_score = 0.1742 |
   IP pricing time: 7.8892 s (solve 7.8878 s, gurobi.runtime 7.8723 s)
Iter 84 | error = 10.059870 | best_score = 0.1924 |
   IP pricing time: 8.3725 s (solve 8.3707 s, gurobi.runtime 8.3458 s)
Iter 85 | error = 10.057994 | best_score = 0.2074 |
   IP pricing time: 8.2676 s (solve 8.2658 s, gurobi.runtime 8.2410 s)
Iter 86 | error = 10.055913 | best_score = 0.1944 |
   IP pricing time: 8.2258 s (solve 8.2239 s, gurobi.runtime 8.2049 s)
Iter 87 | error = 10.051829 | best_score = 0.1944 |
   IP pricing time: 9.0969 s (solve 9.0950 s, gurobi.runtime 9.0802 s)
Iter 88 | error = 10.050523 | best_score = 0.1861 |
   IP pricing time: 16.9905 s (solve 16.9887 s, gurobi.runtime 16.9778 s)
Iter 89 | error = 10.048828 | best_score = 0.1353 |
   IP pricing time: 16.3771 s (solve 16.3752 s, gurobi.runtime 16.3635 s)
Iter 90 | error = 10.047591 | best_score = 0.1392 |
   IP pricing time: 15.6695 s (solve 15.6677 s, gurobi.runtime 15.6563 s)
Iter 91 | error = 10.046680 | best_score = 0.1387 |
   IP pricing time: 10.5770 s (solve 10.5752 s, gurobi.runtime 10.5561 s)
Iter 92 | error = 10.045045 | best_score = 0.1606 |
   IP pricing time: 16.4981 s (solve 16.4961 s, gurobi.runtime 16.4797 s)
Iter 93 | error = 10.043370 | best_score = 0.1248 |
   IP pricing time: 15.2755 s (solve 15.2737 s, gurobi.runtime 15.2429 s)
Iter 94 | error = 10.041875 | best_score = 0.1291 |
   IP pricing time: 13.5796 s (solve 13.5777 s, gurobi.runtime 13.5627 s)
Iter 95 | error = 10.039998 | best_score = 0.1357 |
   IP pricing time: 11.6833 s (solve 11.6814 s, gurobi.runtime 11.6730 s)
Iter 96 | error = 10.039001 | best_score = 0.1421 |
   IP pricing time: 16.4322 s (solve 16.4303 s, gurobi.runtime 16.4065 s)
Iter 97 | error = 10.038027 | best_score = 0.1217 |
   IP pricing time: 15.1839 s (solve 15.1822 s, gurobi.runtime 15.1667 s)
Iter 98 | error = 10.036694 | best_score = 0.1201 |
   IP pricing time: 14.1706 s (solve 14.1691 s, gurobi.runtime 14.1610 s)
Iter 99 | error = 10.036033 | best_score = 0.1133 |
   IP pricing time: 15.8539 s (solve 15.8521 s, gurobi.runtime 15.8423 s)
Iter 100 | error = 10.035144 | best_score = 0.1119 |
   IP pricing time: 15.8496 s (solve 15.8477 s, gurobi.runtime 15.8292 s)
Iter 101 | error = 10.034517 | best_score = 0.1262 |
   IP pricing time: 11.0666 s (solve 11.0647 s, gurobi.runtime 11.0539 s)
Iter 102 | error = 10.033779 | best_score = 0.1065 |
   IP pricing time: 11.9619 s (solve 11.9600 s, gurobi.runtime 11.9494 s)
Iter 103 | error = 10.033054 | best_score = 0.0923 |
   IP pricing time: 11.6926 s (solve 11.6907 s, gurobi.runtime 11.6794 s)
Iter 104 | error = 10.032345 | best_score = 0.1104 |
   IP pricing time: 12.3178 s (solve 12.3158 s, gurobi.runtime 12.2998 s)
Iter 105 | error = 10.031314 | best_score = 0.1097 |
   IP pricing time: 17.0764 s (solve 17.0745 s, gurobi.runtime 17.0585 s)
Iter 106 | error = 10.030318 | best_score = 0.0982 |
   IP pricing time: 15.5264 s (solve 15.5245 s, gurobi.runtime 15.5149 s)
Iter 107 | error = 10.029867 | best_score = 0.0742 |
   IP pricing time: 18.5859 s (solve 18.5840 s, gurobi.runtime 18.5682 s)
Iter 108 | error = 10.029475 | best_score = 0.0782 |
   IP pricing time: 15.8277 s (solve 15.8257 s, gurobi.runtime 15.8146 s)
Iter 109 | error = 10.028975 | best_score = 0.0786 |
   IP pricing time: 14.8192 s (solve 14.8173 s, gurobi.runtime 14.7974 s)
Iter 110 | error = 10.028450 | best_score = 0.0754 |
   IP pricing time: 22.5611 s (solve 22.5592 s, gurobi.runtime 22.5456 s)
Iter 111 | error = 10.027541 | best_score = 0.0815 |
   IP pricing time: 25.8062 s (solve 25.8044 s, gurobi.runtime 25.7864 s)
Iter 112 | error = 10.027114 | best_score = 0.0690 |
   IP pricing time: 18.2491 s (solve 18.2472 s, gurobi.runtime 18.2197 s)
Iter 113 | error = 10.026817 | best_score = 0.0658 |
   IP pricing time: 22.2772 s (solve 22.2753 s, gurobi.runtime 22.2601 s)
Iter 114 | error = 10.026413 | best_score = 0.0693 |
   IP pricing time: 26.9524 s (solve 26.9504 s, gurobi.runtime 26.9349 s)
Iter 115 | error = 10.025984 | best_score = 0.0594 |
   IP pricing time: 17.6904 s (solve 17.6885 s, gurobi.runtime 17.6708 s)
Iter 116 | error = 10.025563 | best_score = 0.0785 |
   IP pricing time: 15.9320 s (solve 15.9301 s, gurobi.runtime 15.9172 s)
Iter 117 | error = 10.025093 | best_score = 0.0702 |
   IP pricing time: 26.8289 s (solve 26.8272 s, gurobi.runtime 26.8188 s)
Iter 118 | error = 10.024621 | best_score = 0.0647 |
   IP pricing time: 23.1273 s (solve 23.1255 s, gurobi.runtime 23.0979 s)
Iter 119 | error = 10.024339 | best_score = 0.0616 |
   IP pricing time: 25.9407 s (solve 25.9392 s, gurobi.runtime 25.9232 s)
Iter 120 | error = 10.024100 | best_score = 0.0559 |
   IP pricing time: 22.9523 s (solve 22.9506 s, gurobi.runtime 22.9282 s)
Iter 121 | error = 10.023185 | best_score = 0.0673 |
   IP pricing time: 19.4708 s (solve 19.4694 s, gurobi.runtime 19.4598 s)
Iter 122 | error = 10.022800 | best_score = 0.0565 |
   IP pricing time: 18.3335 s (solve 18.3317 s, gurobi.runtime 18.3099 s)
Iter 123 | error = 10.022289 | best_score = 0.0571 |
   IP pricing time: 22.7545 s (solve 22.7526 s, gurobi.runtime 22.7278 s)
Iter 124 | error = 10.021676 | best_score = 0.0849 |
   IP pricing time: 17.6537 s (solve 17.6517 s, gurobi.runtime 17.6369 s)
Iter 125 | error = 10.021121 | best_score = 0.0690 |
   IP pricing time: 22.0853 s (solve 22.0834 s, gurobi.runtime 22.0600 s)
Iter 126 | error = 10.020408 | best_score = 0.0730 |
   IP pricing time: 25.5116 s (solve 25.5097 s, gurobi.runtime 25.4832 s)
Iter 127 | error = 10.019646 | best_score = 0.0641 |
   IP pricing time: 24.8888 s (solve 24.8869 s, gurobi.runtime 24.8765 s)
Iter 128 | error = 10.018877 | best_score = 0.0504 |
   IP pricing time: 19.9353 s (solve 19.9338 s, gurobi.runtime 19.9102 s)
Iter 129 | error = 10.018376 | best_score = 0.0581 |
   IP pricing time: 26.3165 s (solve 26.3146 s, gurobi.runtime 26.2892 s)
Iter 130 | error = 10.018031 | best_score = 0.0487 |
   IP pricing time: 28.0354 s (solve 28.0334 s, gurobi.runtime 28.0232 s)
Iter 131 | error = 10.017728 | best_score = 0.0553 |
   IP pricing time: 27.9543 s (solve 27.9524 s, gurobi.runtime 27.9283 s)
Iter 132 | error = 10.017523 | best_score = 0.0459 |
   IP pricing time: 18.9081 s (solve 18.9062 s, gurobi.runtime 18.8812 s)
Iter 133 | error = 10.017300 | best_score = 0.0466 |
   IP pricing time: 24.0726 s (solve 24.0707 s, gurobi.runtime 23.9917 s)
Iter 134 | error = 10.017170 | best_score = 0.0430 |
   IP pricing time: 26.3765 s (solve 26.3746 s, gurobi.runtime 26.3535 s)
Iter 135 | error = 10.017036 | best_score = 0.0403 |
   IP pricing time: 23.4088 s (solve 23.4068 s, gurobi.runtime 23.3803 s)
Iter 136 | error = 10.016840 | best_score = 0.0366 |
   IP pricing time: 20.1126 s (solve 20.1107 s, gurobi.runtime 20.0818 s)
Iter 137 | error = 10.016667 | best_score = 0.0372 |
   IP pricing time: 29.7081 s (solve 29.7062 s, gurobi.runtime 29.6899 s)
Iter 138 | error = 10.016295 | best_score = 0.0375 |
   IP pricing time: 23.4549 s (solve 23.4529 s, gurobi.runtime 23.4361 s)
Iter 139 | error = 10.016092 | best_score = 0.0364 |
   IP pricing time: 26.8697 s (solve 26.8677 s, gurobi.runtime 26.8575 s)
Iter 140 | error = 10.015967 | best_score = 0.0362 |
   IP pricing time: 26.6012 s (solve 26.5988 s, gurobi.runtime 26.5841 s)
Iter 141 | error = 10.015794 | best_score = 0.0339 |
   IP pricing time: 25.5839 s (solve 25.5819 s, gurobi.runtime 25.5531 s)
Iter 142 | error = 10.015557 | best_score = 0.0379 |
   IP pricing time: 28.4016 s (solve 28.3996 s, gurobi.runtime 28.3833 s)
Iter 143 | error = 10.015347 | best_score = 0.0341 |
   IP pricing time: 26.9761 s (solve 26.9741 s, gurobi.runtime 26.9654 s)
Iter 144 | error = 10.015223 | best_score = 0.0305 |
   IP pricing time: 28.9685 s (solve 28.9664 s, gurobi.runtime 28.9419 s)
Iter 145 | error = 10.015147 | best_score = 0.0319 |
   IP pricing time: 30.2916 s (solve 30.2897 s, gurobi.runtime 30.2780 s)
Iter 146 | error = 10.014997 | best_score = 0.0270 |
   IP pricing time: 22.5072 s (solve 22.5052 s, gurobi.runtime 22.4978 s)
Iter 147 | error = 10.014737 | best_score = 0.0287 |
   IP pricing time: 27.5816 s (solve 27.5797 s, gurobi.runtime 27.5663 s)
Iter 148 | error = 10.014447 | best_score = 0.0353 |
   IP pricing time: 25.4908 s (solve 25.4888 s, gurobi.runtime 25.4688 s)
Iter 149 | error = 10.014292 | best_score = 0.0293 |
   IP pricing time: 17.8140 s (solve 17.8120 s, gurobi.runtime 17.7927 s)
Iter 150 | error = 10.014233 | best_score = 0.0278 |
   IP pricing time: 27.3478 s (solve 27.3458 s, gurobi.runtime 27.3263 s)
Iter 151 | error = 10.014078 | best_score = 0.0204 |
   IP pricing time: 27.1593 s (solve 27.1574 s, gurobi.runtime 27.1378 s)
Iter 152 | error = 10.014005 | best_score = 0.0211 |
   IP pricing time: 28.2792 s (solve 28.2772 s, gurobi.runtime 28.2679 s)
Iter 153 | error = 10.013900 | best_score = 0.0221 |
   IP pricing time: 27.9526 s (solve 27.9506 s, gurobi.runtime 27.9248 s)
Iter 154 | error = 10.013792 | best_score = 0.0209 |
   IP pricing time: 30.5267 s (solve 30.5247 s, gurobi.runtime 30.5020 s)
Iter 155 | error = 10.013722 | best_score = 0.0233 |
   IP pricing time: 29.4376 s (solve 29.4356 s, gurobi.runtime 29.4071 s)
Iter 156 | error = 10.013576 | best_score = 0.0212 |
   IP pricing time: 19.7798 s (solve 19.7778 s, gurobi.runtime 19.7498 s)
Iter 157 | error = 10.013451 | best_score = 0.0211 |
   IP pricing time: 20.4211 s (solve 20.4191 s, gurobi.runtime 20.3981 s)
Iter 158 | error = 10.013379 | best_score = 0.0189 |
   IP pricing time: 29.8863 s (solve 29.8843 s, gurobi.runtime 29.8730 s)
Iter 159 | error = 10.013317 | best_score = 0.0157 |
   IP pricing time: 31.4719 s (solve 31.4699 s, gurobi.runtime 31.4463 s)
Iter 160 | error = 10.013255 | best_score = 0.0150 |
   IP pricing time: 28.0566 s (solve 28.0547 s, gurobi.runtime 28.0284 s)
Iter 161 | error = 10.013187 | best_score = 0.0162 |
   IP pricing time: 33.3282 s (solve 33.3262 s, gurobi.runtime 33.3155 s)
Iter 162 | error = 10.013148 | best_score = 0.0158 |
   IP pricing time: 17.7360 s (solve 17.7341 s, gurobi.runtime 17.7049 s)
Iter 163 | error = 10.013101 | best_score = 0.0131 |
   IP pricing time: 27.8127 s (solve 27.8108 s, gurobi.runtime 27.7872 s)
Iter 164 | error = 10.013010 | best_score = 0.0187 |
   IP pricing time: 27.5222 s (solve 27.5203 s, gurobi.runtime 27.5059 s)
Iter 165 | error = 10.012945 | best_score = 0.0161 |
   IP pricing time: 27.9029 s (solve 27.9010 s, gurobi.runtime 27.8785 s)
Iter 166 | error = 10.012885 | best_score = 0.0193 |
   IP pricing time: 32.3551 s (solve 32.3531 s, gurobi.runtime 32.3291 s)
Iter 167 | error = 10.012821 | best_score = 0.0141 |
   IP pricing time: 30.2152 s (solve 30.2132 s, gurobi.runtime 30.1904 s)
Iter 168 | error = 10.012748 | best_score = 0.0171 |
   IP pricing time: 19.7308 s (solve 19.7288 s, gurobi.runtime 19.7102 s)
Iter 169 | error = 10.012713 | best_score = 0.0170 |
   IP pricing time: 27.0944 s (solve 27.0924 s, gurobi.runtime 27.0573 s)
Iter 170 | error = 10.012684 | best_score = 0.0127 |
   IP pricing time: 25.6553 s (solve 25.6534 s, gurobi.runtime 25.6226 s)
Iter 171 | error = 10.012597 | best_score = 0.0133 |
   IP pricing time: 23.6044 s (solve 23.6025 s, gurobi.runtime 23.5950 s)
Iter 172 | error = 10.012535 | best_score = 0.0126 |
   IP pricing time: 27.8604 s (solve 27.8585 s, gurobi.runtime 27.8369 s)
Iter 173 | error = 10.012516 | best_score = 0.0107 |
   IP pricing time: 20.7660 s (solve 20.7640 s, gurobi.runtime 20.7380 s)
Iter 174 | error = 10.012492 | best_score = 0.0094 |
   IP pricing time: 33.1563 s (solve 33.1542 s, gurobi.runtime 33.1309 s)
Iter 175 | error = 10.012460 | best_score = 0.0100 |
   IP pricing time: 30.5611 s (solve 30.5590 s, gurobi.runtime 30.4891 s)
Iter 176 | error = 10.012421 | best_score = 0.0101 |
   IP pricing time: 27.8545 s (solve 27.8524 s, gurobi.runtime 27.8373 s)
Iter 177 | error = 10.012384 | best_score = 0.0100 |
   IP pricing time: 22.7632 s (solve 22.7611 s, gurobi.runtime 22.7448 s)
Iter 178 | error = 10.012280 | best_score = 0.0112 |
   IP pricing time: 23.5865 s (solve 23.5845 s, gurobi.runtime 23.5567 s)
Iter 179 | error = 10.012228 | best_score = 0.0096 |
   IP pricing time: 28.6971 s (solve 28.6950 s, gurobi.runtime 28.6687 s)
Iter 180 | error = 10.012213 | best_score = 0.0083 |
   IP pricing time: 29.8326 s (solve 29.8306 s, gurobi.runtime 29.8021 s)
Iter 181 | error = 10.012190 | best_score = 0.0072 |
   IP pricing time: 28.1075 s (solve 28.1055 s, gurobi.runtime 28.0777 s)
Iter 182 | error = 10.012168 | best_score = 0.0072 |
   IP pricing time: 32.1298 s (solve 32.1277 s, gurobi.runtime 32.1134 s)
Iter 183 | error = 10.012144 | best_score = 0.0076 |
   IP pricing time: 28.0357 s (solve 28.0337 s, gurobi.runtime 28.0086 s)
Iter 184 | error = 10.012091 | best_score = 0.0088 |
   IP pricing time: 23.2665 s (solve 23.2645 s, gurobi.runtime 23.2233 s)
Iter 185 | error = 10.012043 | best_score = 0.0071 |
   IP pricing time: 30.5167 s (solve 30.5146 s, gurobi.runtime 30.5043 s)
Iter 186 | error = 10.011990 | best_score = 0.0090 |
   IP pricing time: 34.5995 s (solve 34.5975 s, gurobi.runtime 34.5687 s)
Iter 187 | error = 10.011971 | best_score = 0.0072 |
   IP pricing time: 31.4489 s (solve 31.4469 s, gurobi.runtime 31.4209 s)
Iter 188 | error = 10.011961 | best_score = 0.0072 |
   IP pricing time: 30.3895 s (solve 30.3874 s, gurobi.runtime 30.3801 s)
Iter 189 | error = 10.011922 | best_score = 0.0063 |
   IP pricing time: 30.8827 s (solve 30.8806 s, gurobi.runtime 30.8514 s)
Iter 190 | error = 10.011895 | best_score = 0.0065 |
   IP pricing time: 37.5065 s (solve 37.5046 s, gurobi.runtime 37.4811 s)
Iter 191 | error = 10.011846 | best_score = 0.0070 |
   IP pricing time: 33.2158 s (solve 33.2139 s, gurobi.runtime 33.1888 s)
Iter 192 | error = 10.011836 | best_score = 0.0059 |
   IP pricing time: 30.7986 s (solve 30.7965 s, gurobi.runtime 30.7789 s)
Iter 193 | error = 10.011833 | best_score = 0.0054 |
   IP pricing time: 23.3768 s (solve 23.3749 s, gurobi.runtime 23.3508 s)
Iter 194 | error = 10.011813 | best_score = 0.0050 |
   IP pricing time: 30.4368 s (solve 30.4347 s, gurobi.runtime 30.4066 s)
Iter 195 | error = 10.011794 | best_score = 0.0043 |
   IP pricing time: 30.7436 s (solve 30.7415 s, gurobi.runtime 30.7196 s)
Iter 196 | error = 10.011770 | best_score = 0.0052 |
   IP pricing time: 33.7174 s (solve 33.7154 s, gurobi.runtime 33.6437 s)
Iter 197 | error = 10.011761 | best_score = 0.0036 |
   IP pricing time: 30.3539 s (solve 30.3520 s, gurobi.runtime 30.3241 s)
Iter 198 | error = 10.011757 | best_score = 0.0034 |
   IP pricing time: 32.5838 s (solve 32.5818 s, gurobi.runtime 32.5695 s)
Iter 199 | error = 10.011748 | best_score = 0.0030 |
   IP pricing time: 24.8933 s (solve 24.8913 s, gurobi.runtime 24.8661 s)
Iter 200 | error = 10.011739 | best_score = 0.0029 |
   IP pricing time: 22.5477 s (solve 22.5456 s, gurobi.runtime 22.5265 s)
Iter 201 | error = 10.011725 | best_score = 0.0028 |
   IP pricing time: 30.1710 s (solve 30.1690 s, gurobi.runtime 30.1574 s)
Iter 202 | error = 10.011724 | best_score = 0.0027 |
   IP pricing time: 31.0480 s (solve 31.0460 s, gurobi.runtime 30.9468 s)
Iter 203 | error = 10.011716 | best_score = 0.0024 |
   IP pricing time: 24.2501 s (solve 24.2480 s, gurobi.runtime 24.2254 s)
Iter 204 | error = 10.011715 | best_score = 0.0021 |
   IP pricing time: 33.8671 s (solve 33.8651 s, gurobi.runtime 33.8410 s)
Iter 205 | error = 10.011712 | best_score = 0.0022 |
   IP pricing time: 31.8257 s (solve 31.8237 s, gurobi.runtime 31.7959 s)
Iter 206 | error = 10.011709 | best_score = 0.0020 |
   IP pricing time: 33.3513 s (solve 33.3493 s, gurobi.runtime 33.3216 s)
Iter 207 | error = 10.011704 | best_score = 0.0022 |
   IP pricing time: 32.2486 s (solve 32.2466 s, gurobi.runtime 32.2082 s)
Iter 208 | error = 10.011699 | best_score = 0.0019 |
   IP pricing time: 22.1756 s (solve 22.1736 s, gurobi.runtime 22.1659 s)
Iter 209 | error = 10.011697 | best_score = 0.0015 |
   IP pricing time: 28.8352 s (solve 28.8332 s, gurobi.runtime 28.8167 s)
Iter 210 | error = 10.011696 | best_score = 0.0013 |
   IP pricing time: 27.6678 s (solve 27.6659 s, gurobi.runtime 27.6580 s)
Iter 211 | error = 10.011694 | best_score = 0.0013 |
   IP pricing time: 26.3305 s (solve 26.3289 s, gurobi.runtime 26.3088 s)
Iter 212 | error = 10.011690 | best_score = 0.0009 |
   IP pricing time: 30.1396 s (solve 30.1378 s, gurobi.runtime 30.1205 s)
Iter 213 | error = 10.011689 | best_score = 0.0008 |
   IP pricing time: 28.6694 s (solve 28.6674 s, gurobi.runtime 28.6385 s)
Iter 214 | error = 10.011688 | best_score = 0.0005 |
   IP pricing time: 31.9218 s (solve 31.9198 s, gurobi.runtime 31.9073 s)
Iter 215 | error = 10.011688 | best_score = 0.0005 |
   IP pricing time: 30.7905 s (solve 30.7886 s, gurobi.runtime 30.7774 s)
Iter 216 | error = 10.011688 | best_score = 0.0004 |
   IP pricing time: 33.6392 s (solve 33.6372 s, gurobi.runtime 33.6085 s)
Iter 217 | error = 10.011687 | best_score = 0.0003 |
   IP pricing time: 28.6479 s (solve 28.6459 s, gurobi.runtime 28.6171 s)
Iter 218 | error = 10.011687 | best_score = 0.0003 |
   IP pricing time: 31.6468 s (solve 31.6447 s, gurobi.runtime 31.6216 s)
Iter 219 | error = 10.011687 | best_score = 0.0002 |
   IP pricing time: 31.1014 s (solve 31.0993 s, gurobi.runtime 31.0765 s)
Iter 220 | error = 10.011687 | best_score = 0.0002 |
   IP pricing time: 35.3432 s (solve 35.3412 s, gurobi.runtime 35.3166 s)
Iter 221 | error = 10.011687 | best_score = 0.0001 |
 Convergence Criterion Achieved (reduced_cost 9.9298e-05 < tol)
  CG_IP  status=ok  error=1.001169e+01  total=3593.77s  iters=221  IP_calls=221  build=0.03s  solve_tot=3589.23s  gur_tot=3584.97s

========================================================
[2/5] n = 22, seed = 2  (all binary menus)
========================================================
[fractions mode] counts(s) = round(frac(s) * C(n,s))  (total 231 menus).
Generating fake data for n=22 alternatives, 231 menus (Dirichlet probs)...
Generated 462 rows from 231 menus (231 unique).
Menu size distribution actually drawn:
  size 2: 231 menus (100.0%)

n = 22 | 462 observations | 231 unique menus | menu sizes 2..2

  -- CG_IP --  (budget: 604800.0 s)
Starting column generation with 1 initial columns...
Pricing mode: IP
Generating choice sets only (rankings built on-demand)...
Using 462 provided choice sets
✓ 462 choice sets generated (no ranking enumeration needed)

B_IP_pricing_build: 0.01s (nvars=484, ncons=3311)
  IP pricing time: 0.0376 s (solve 0.0324 s, gurobi.runtime 0.0141 s)
Iter 1 | error = 168.739005 | best_score = 242.3406 |
   IP pricing time: 0.0488 s (solve 0.0464 s, gurobi.runtime 0.0293 s)
Iter 2 | error = 41.620035 | best_score = 30.8014 |
   IP pricing time: 0.1272 s (solve 0.1257 s, gurobi.runtime 0.0985 s)
Iter 3 | error = 33.371198 | best_score = 25.5397 |
   IP pricing time: 0.0471 s (solve 0.0458 s, gurobi.runtime 0.0207 s)
Iter 4 | error = 27.556176 | best_score = 25.4256 |
   IP pricing time: 0.1252 s (solve 0.1239 s, gurobi.runtime 0.1169 s)
Iter 5 | error = 20.777094 | best_score = 19.4137 |
   IP pricing time: 0.0678 s (solve 0.0664 s, gurobi.runtime 0.0306 s)
Iter 6 | error = 18.140365 | best_score = 14.2262 |
   IP pricing time: 0.1976 s (solve 0.1963 s, gurobi.runtime 0.1815 s)
Iter 7 | error = 16.743245 | best_score = 9.2305 |
   IP pricing time: 0.3563 s (solve 0.3550 s, gurobi.runtime 0.3496 s)
Iter 8 | error = 15.969239 | best_score = 7.5228 |
   IP pricing time: 0.2607 s (solve 0.2594 s, gurobi.runtime 0.2517 s)
Iter 9 | error = 15.302719 | best_score = 6.5325 |
   IP pricing time: 0.2099 s (solve 0.2087 s, gurobi.runtime 0.1976 s)
Iter 10 | error = 14.872879 | best_score = 5.7871 |
   IP pricing time: 0.1681 s (solve 0.1668 s, gurobi.runtime 0.1432 s)
Iter 11 | error = 14.509977 | best_score = 5.6381 |
   IP pricing time: 0.4948 s (solve 0.4935 s, gurobi.runtime 0.4843 s)
Iter 12 | error = 14.159050 | best_score = 4.7251 |
   IP pricing time: 0.2099 s (solve 0.2086 s, gurobi.runtime 0.1887 s)
Iter 13 | error = 13.908108 | best_score = 4.4262 |
   IP pricing time: 0.2744 s (solve 0.2730 s, gurobi.runtime 0.2662 s)
Iter 14 | error = 13.697316 | best_score = 4.2835 |
   IP pricing time: 0.2358 s (solve 0.2345 s, gurobi.runtime 0.2208 s)
Iter 15 | error = 13.489197 | best_score = 4.1722 |
   IP pricing time: 0.3019 s (solve 0.3006 s, gurobi.runtime 0.2933 s)
Iter 16 | error = 13.299668 | best_score = 3.5322 |
   IP pricing time: 0.2153 s (solve 0.2140 s, gurobi.runtime 0.2025 s)
Iter 17 | error = 13.125275 | best_score = 3.4673 |
   IP pricing time: 0.4111 s (solve 0.4098 s, gurobi.runtime 0.3820 s)
Iter 18 | error = 12.963418 | best_score = 3.1077 |
   IP pricing time: 0.2081 s (solve 0.2067 s, gurobi.runtime 0.1806 s)
Iter 19 | error = 12.815666 | best_score = 3.4814 |
   IP pricing time: 0.7284 s (solve 0.7270 s, gurobi.runtime 0.7204 s)
Iter 20 | error = 12.677183 | best_score = 2.2767 |
   IP pricing time: 0.7707 s (solve 0.7694 s, gurobi.runtime 0.7562 s)
Iter 21 | error = 12.610446 | best_score = 2.0541 |
   IP pricing time: 0.6248 s (solve 0.6235 s, gurobi.runtime 0.6029 s)
Iter 22 | error = 12.556811 | best_score = 2.0520 |
   IP pricing time: 0.7264 s (solve 0.7250 s, gurobi.runtime 0.7024 s)
Iter 23 | error = 12.492195 | best_score = 1.9195 |
   IP pricing time: 0.7851 s (solve 0.7837 s, gurobi.runtime 0.7569 s)
Iter 24 | error = 12.438672 | best_score = 1.7526 |
   IP pricing time: 0.7466 s (solve 0.7452 s, gurobi.runtime 0.7308 s)
Iter 25 | error = 12.384498 | best_score = 1.8518 |
   IP pricing time: 0.6912 s (solve 0.6898 s, gurobi.runtime 0.6636 s)
Iter 26 | error = 12.316632 | best_score = 1.7703 |
   IP pricing time: 0.7326 s (solve 0.7313 s, gurobi.runtime 0.7118 s)
Iter 27 | error = 12.261972 | best_score = 1.8224 |
   IP pricing time: 1.0019 s (solve 1.0006 s, gurobi.runtime 0.9935 s)
Iter 28 | error = 12.204207 | best_score = 1.4464 |
   IP pricing time: 1.5587 s (solve 1.5574 s, gurobi.runtime 1.5337 s)
Iter 29 | error = 12.166410 | best_score = 1.1749 |
   IP pricing time: 1.3730 s (solve 1.3716 s, gurobi.runtime 1.3446 s)
Iter 30 | error = 12.133730 | best_score = 1.2006 |
   IP pricing time: 0.9732 s (solve 0.9718 s, gurobi.runtime 0.9464 s)
Iter 31 | error = 12.103688 | best_score = 1.3653 |
   IP pricing time: 1.2184 s (solve 1.2170 s, gurobi.runtime 1.1998 s)
Iter 32 | error = 12.069572 | best_score = 1.1542 |
   IP pricing time: 1.0875 s (solve 1.0860 s, gurobi.runtime 1.0789 s)
Iter 33 | error = 12.037992 | best_score = 1.2484 |
   IP pricing time: 1.2976 s (solve 1.2962 s, gurobi.runtime 1.2705 s)
Iter 34 | error = 12.004248 | best_score = 1.2315 |
   IP pricing time: 1.5680 s (solve 1.5665 s, gurobi.runtime 1.5452 s)
Iter 35 | error = 11.974214 | best_score = 1.1896 |
   IP pricing time: 1.7789 s (solve 1.7775 s, gurobi.runtime 1.7573 s)
Iter 36 | error = 11.940544 | best_score = 1.1546 |
   IP pricing time: 1.5155 s (solve 1.5142 s, gurobi.runtime 1.4966 s)
Iter 37 | error = 11.918013 | best_score = 0.9801 |
   IP pricing time: 1.5869 s (solve 1.5856 s, gurobi.runtime 1.5670 s)
Iter 38 | error = 11.898054 | best_score = 1.0894 |
   IP pricing time: 1.0666 s (solve 1.0653 s, gurobi.runtime 1.0411 s)
Iter 39 | error = 11.864554 | best_score = 1.2049 |
   IP pricing time: 1.5902 s (solve 1.5888 s, gurobi.runtime 1.5656 s)
Iter 40 | error = 11.824866 | best_score = 0.9207 |
   IP pricing time: 1.7827 s (solve 1.7814 s, gurobi.runtime 1.7593 s)
Iter 41 | error = 11.807628 | best_score = 0.9237 |
   IP pricing time: 2.6970 s (solve 2.6957 s, gurobi.runtime 2.6765 s)
Iter 42 | error = 11.784829 | best_score = 0.8123 |
   IP pricing time: 2.6470 s (solve 2.6457 s, gurobi.runtime 2.6278 s)
Iter 43 | error = 11.772327 | best_score = 0.8025 |
   IP pricing time: 1.7456 s (solve 1.7442 s, gurobi.runtime 1.7218 s)
Iter 44 | error = 11.752850 | best_score = 0.8877 |
   IP pricing time: 1.9849 s (solve 1.9835 s, gurobi.runtime 1.9569 s)
Iter 45 | error = 11.733170 | best_score = 0.8133 |
   IP pricing time: 1.8852 s (solve 1.8839 s, gurobi.runtime 1.8705 s)
Iter 46 | error = 11.721383 | best_score = 0.7881 |
   IP pricing time: 2.3259 s (solve 2.3246 s, gurobi.runtime 2.2962 s)
Iter 47 | error = 11.707296 | best_score = 0.6835 |
   IP pricing time: 1.6532 s (solve 1.6518 s, gurobi.runtime 1.6304 s)
Iter 48 | error = 11.696542 | best_score = 0.8149 |
   IP pricing time: 2.7364 s (solve 2.7351 s, gurobi.runtime 2.7166 s)
Iter 49 | error = 11.678794 | best_score = 0.5654 |
   IP pricing time: 2.7675 s (solve 2.7661 s, gurobi.runtime 2.7579 s)
Iter 50 | error = 11.668309 | best_score = 0.5786 |
   IP pricing time: 2.8279 s (solve 2.8266 s, gurobi.runtime 2.8033 s)
Iter 51 | error = 11.659452 | best_score = 0.5767 |
   IP pricing time: 3.3601 s (solve 3.3588 s, gurobi.runtime 3.3216 s)
Iter 52 | error = 11.651278 | best_score = 0.5131 |
   IP pricing time: 2.8537 s (solve 2.8523 s, gurobi.runtime 2.8260 s)
Iter 53 | error = 11.643104 | best_score = 0.5180 |
   IP pricing time: 2.2420 s (solve 2.2407 s, gurobi.runtime 2.2064 s)
Iter 54 | error = 11.632869 | best_score = 0.5399 |
   IP pricing time: 3.4136 s (solve 3.4122 s, gurobi.runtime 3.3875 s)
Iter 55 | error = 11.624403 | best_score = 0.4767 |
   IP pricing time: 4.6282 s (solve 4.6268 s, gurobi.runtime 4.6021 s)
Iter 56 | error = 11.614935 | best_score = 0.3995 |
   IP pricing time: 2.8352 s (solve 2.8336 s, gurobi.runtime 2.8100 s)
Iter 57 | error = 11.606870 | best_score = 0.4739 |
   IP pricing time: 2.3788 s (solve 2.3774 s, gurobi.runtime 2.3550 s)
Iter 58 | error = 11.600941 | best_score = 0.5627 |
   IP pricing time: 3.3803 s (solve 3.3788 s, gurobi.runtime 3.3605 s)
Iter 59 | error = 11.590681 | best_score = 0.4334 |
   IP pricing time: 2.5909 s (solve 2.5892 s, gurobi.runtime 2.5585 s)
Iter 60 | error = 11.582260 | best_score = 0.5356 |
   IP pricing time: 3.3067 s (solve 3.3052 s, gurobi.runtime 3.2792 s)
Iter 61 | error = 11.572479 | best_score = 0.4294 |
   IP pricing time: 4.4962 s (solve 4.4945 s, gurobi.runtime 4.4664 s)
Iter 62 | error = 11.565881 | best_score = 0.3560 |
   IP pricing time: 5.5039 s (solve 5.5022 s, gurobi.runtime 5.4778 s)
Iter 63 | error = 11.557595 | best_score = 0.2985 |
   IP pricing time: 6.0904 s (solve 6.0888 s, gurobi.runtime 6.0609 s)
Iter 64 | error = 11.555473 | best_score = 0.2834 |
   IP pricing time: 5.4624 s (solve 5.4610 s, gurobi.runtime 5.4353 s)
Iter 65 | error = 11.552111 | best_score = 0.2987 |
   IP pricing time: 5.5084 s (solve 5.5067 s, gurobi.runtime 5.4927 s)
Iter 66 | error = 11.549826 | best_score = 0.3049 |
   IP pricing time: 5.2593 s (solve 5.2576 s, gurobi.runtime 5.2345 s)
Iter 67 | error = 11.546648 | best_score = 0.2711 |
   IP pricing time: 5.2537 s (solve 5.2521 s, gurobi.runtime 5.2335 s)
Iter 68 | error = 11.544289 | best_score = 0.2467 |
   IP pricing time: 5.5290 s (solve 5.5272 s, gurobi.runtime 5.4880 s)
Iter 69 | error = 11.539051 | best_score = 0.2617 |
   IP pricing time: 6.6401 s (solve 6.6383 s, gurobi.runtime 6.6119 s)
Iter 70 | error = 11.535895 | best_score = 0.2637 |
   IP pricing time: 7.1177 s (solve 7.1162 s, gurobi.runtime 7.0947 s)
Iter 71 | error = 11.531320 | best_score = 0.2590 |
   IP pricing time: 5.9671 s (solve 5.9657 s, gurobi.runtime 5.9453 s)
Iter 72 | error = 11.526939 | best_score = 0.2406 |
   IP pricing time: 5.9356 s (solve 5.9342 s, gurobi.runtime 5.9137 s)
Iter 73 | error = 11.523302 | best_score = 0.2593 |
   IP pricing time: 8.6473 s (solve 8.6459 s, gurobi.runtime 8.6252 s)
Iter 74 | error = 11.520342 | best_score = 0.2328 |
   IP pricing time: 8.6936 s (solve 8.6918 s, gurobi.runtime 8.6700 s)
Iter 75 | error = 11.518000 | best_score = 0.2256 |
   IP pricing time: 6.4718 s (solve 6.4701 s, gurobi.runtime 6.4516 s)
Iter 76 | error = 11.515599 | best_score = 0.2457 |
   IP pricing time: 6.3275 s (solve 6.3257 s, gurobi.runtime 6.3061 s)
Iter 77 | error = 11.513123 | best_score = 0.2281 |
   IP pricing time: 8.2645 s (solve 8.2627 s, gurobi.runtime 8.2296 s)
Iter 78 | error = 11.510322 | best_score = 0.1757 |
   IP pricing time: 7.0206 s (solve 7.0192 s, gurobi.runtime 6.9954 s)
Iter 79 | error = 11.507131 | best_score = 0.1888 |
   IP pricing time: 7.4778 s (solve 7.4764 s, gurobi.runtime 7.4558 s)
Iter 80 | error = 11.504597 | best_score = 0.2148 |
   IP pricing time: 10.5016 s (solve 10.5002 s, gurobi.runtime 10.4786 s)
Iter 81 | error = 11.500069 | best_score = 0.1755 |
   IP pricing time: 7.5993 s (solve 7.5976 s, gurobi.runtime 7.5715 s)
Iter 82 | error = 11.498362 | best_score = 0.1860 |
   IP pricing time: 7.1489 s (solve 7.1470 s, gurobi.runtime 7.1199 s)
Iter 83 | error = 11.496453 | best_score = 0.2085 |
   IP pricing time: 8.6720 s (solve 8.6701 s, gurobi.runtime 8.6490 s)
Iter 84 | error = 11.494622 | best_score = 0.1846 |
   IP pricing time: 8.2692 s (solve 8.2674 s, gurobi.runtime 8.2422 s)
Iter 85 | error = 11.493031 | best_score = 0.1724 |
   IP pricing time: 8.1221 s (solve 8.1202 s, gurobi.runtime 8.0938 s)
Iter 86 | error = 11.490802 | best_score = 0.1932 |
   IP pricing time: 10.2196 s (solve 10.2177 s, gurobi.runtime 10.2055 s)
Iter 87 | error = 11.488431 | best_score = 0.1655 |
   IP pricing time: 11.2934 s (solve 11.2914 s, gurobi.runtime 11.2645 s)
Iter 88 | error = 11.486338 | best_score = 0.1523 |
   IP pricing time: 9.4870 s (solve 9.4851 s, gurobi.runtime 9.4644 s)
Iter 89 | error = 11.484228 | best_score = 0.1578 |
   IP pricing time: 8.0517 s (solve 8.0497 s, gurobi.runtime 8.0429 s)
Iter 90 | error = 11.483206 | best_score = 0.1627 |
   IP pricing time: 8.4087 s (solve 8.4069 s, gurobi.runtime 8.3807 s)
Iter 91 | error = 11.480365 | best_score = 0.1678 |
   IP pricing time: 11.3949 s (solve 11.3930 s, gurobi.runtime 11.3453 s)
Iter 92 | error = 11.477692 | best_score = 0.1541 |
   IP pricing time: 10.3142 s (solve 10.3123 s, gurobi.runtime 10.2895 s)
Iter 93 | error = 11.476108 | best_score = 0.1303 |
   IP pricing time: 13.0720 s (solve 13.0701 s, gurobi.runtime 13.0481 s)
Iter 94 | error = 11.475182 | best_score = 0.1106 |
   IP pricing time: 17.1572 s (solve 17.1556 s, gurobi.runtime 17.1322 s)
Iter 95 | error = 11.473878 | best_score = 0.0992 |
   IP pricing time: 11.5427 s (solve 11.5412 s, gurobi.runtime 11.4992 s)
Iter 96 | error = 11.473015 | best_score = 0.0999 |
   IP pricing time: 13.3231 s (solve 13.3216 s, gurobi.runtime 13.2867 s)
Iter 97 | error = 11.472413 | best_score = 0.1154 |
   IP pricing time: 9.5433 s (solve 9.5417 s, gurobi.runtime 9.5187 s)
Iter 98 | error = 11.471259 | best_score = 0.1048 |
   IP pricing time: 13.0214 s (solve 13.0196 s, gurobi.runtime 12.9958 s)
Iter 99 | error = 11.470591 | best_score = 0.1010 |
   IP pricing time: 14.7388 s (solve 14.7369 s, gurobi.runtime 14.7251 s)
Iter 100 | error = 11.469743 | best_score = 0.0916 |
   IP pricing time: 11.4657 s (solve 11.4637 s, gurobi.runtime 11.4342 s)
Iter 101 | error = 11.469227 | best_score = 0.0871 |
   IP pricing time: 12.2730 s (solve 12.2710 s, gurobi.runtime 12.2420 s)
Iter 102 | error = 11.468397 | best_score = 0.1028 |
   IP pricing time: 13.1261 s (solve 13.1241 s, gurobi.runtime 13.0987 s)
Iter 103 | error = 11.467625 | best_score = 0.0882 |
   IP pricing time: 14.3398 s (solve 14.3380 s, gurobi.runtime 14.3132 s)
Iter 104 | error = 11.466623 | best_score = 0.0805 |
   IP pricing time: 10.5864 s (solve 10.5847 s, gurobi.runtime 10.5559 s)
Iter 105 | error = 11.465943 | best_score = 0.0833 |
   IP pricing time: 13.8199 s (solve 13.8183 s, gurobi.runtime 13.7948 s)
Iter 106 | error = 11.465589 | best_score = 0.0826 |
   IP pricing time: 14.7420 s (solve 14.7405 s, gurobi.runtime 14.7175 s)
Iter 107 | error = 11.464897 | best_score = 0.0888 |
   IP pricing time: 14.2676 s (solve 14.2659 s, gurobi.runtime 14.2328 s)
Iter 108 | error = 11.464122 | best_score = 0.0837 |
   IP pricing time: 13.2407 s (solve 13.2393 s, gurobi.runtime 13.2152 s)
Iter 109 | error = 11.463691 | best_score = 0.0783 |
   IP pricing time: 14.9384 s (solve 14.9369 s, gurobi.runtime 14.9102 s)
Iter 110 | error = 11.463160 | best_score = 0.0701 |
   IP pricing time: 16.5707 s (solve 16.5688 s, gurobi.runtime 16.5345 s)
Iter 111 | error = 11.462768 | best_score = 0.0603 |
   IP pricing time: 15.9926 s (solve 15.9907 s, gurobi.runtime 15.9591 s)
Iter 112 | error = 11.462346 | best_score = 0.0715 |
   IP pricing time: 12.7473 s (solve 12.7454 s, gurobi.runtime 12.7189 s)
Iter 113 | error = 11.461937 | best_score = 0.0638 |
   IP pricing time: 14.5630 s (solve 14.5610 s, gurobi.runtime 14.5356 s)
Iter 114 | error = 11.461391 | best_score = 0.0667 |
   IP pricing time: 17.7298 s (solve 17.7279 s, gurobi.runtime 17.7041 s)
Iter 115 | error = 11.461061 | best_score = 0.0590 |
   IP pricing time: 15.9108 s (solve 15.9088 s, gurobi.runtime 15.8762 s)
Iter 116 | error = 11.460831 | best_score = 0.0500 |
   IP pricing time: 17.8227 s (solve 17.8207 s, gurobi.runtime 17.7560 s)
Iter 117 | error = 11.460182 | best_score = 0.0611 |
   IP pricing time: 22.8773 s (solve 22.8753 s, gurobi.runtime 22.8503 s)
Iter 118 | error = 11.459873 | best_score = 0.0501 |
   IP pricing time: 21.8441 s (solve 21.8421 s, gurobi.runtime 21.8163 s)
Iter 119 | error = 11.459719 | best_score = 0.0506 |
   IP pricing time: 23.0471 s (solve 23.0450 s, gurobi.runtime 23.0170 s)
Iter 120 | error = 11.459373 | best_score = 0.0483 |
   IP pricing time: 17.8946 s (solve 17.8926 s, gurobi.runtime 17.8693 s)
Iter 121 | error = 11.459144 | best_score = 0.0470 |
   IP pricing time: 17.0051 s (solve 17.0031 s, gurobi.runtime 16.9751 s)
Iter 122 | error = 11.458920 | best_score = 0.0418 |
   IP pricing time: 17.5816 s (solve 17.5796 s, gurobi.runtime 17.5637 s)
Iter 123 | error = 11.458834 | best_score = 0.0430 |
   IP pricing time: 22.9170 s (solve 22.9150 s, gurobi.runtime 22.8827 s)
Iter 124 | error = 11.458480 | best_score = 0.0397 |
   IP pricing time: 23.0178 s (solve 23.0158 s, gurobi.runtime 22.9703 s)
Iter 125 | error = 11.458193 | best_score = 0.0394 |
   IP pricing time: 24.3553 s (solve 24.3533 s, gurobi.runtime 24.3261 s)
Iter 126 | error = 11.457861 | best_score = 0.0411 |
   IP pricing time: 17.5378 s (solve 17.5359 s, gurobi.runtime 17.5098 s)
Iter 127 | error = 11.457682 | best_score = 0.0353 |
   IP pricing time: 16.6383 s (solve 16.6363 s, gurobi.runtime 16.5998 s)
Iter 128 | error = 11.457371 | best_score = 0.0458 |
   IP pricing time: 18.8789 s (solve 18.8769 s, gurobi.runtime 18.8663 s)
Iter 129 | error = 11.456956 | best_score = 0.0418 |
   IP pricing time: 16.6486 s (solve 16.6465 s, gurobi.runtime 16.6235 s)
Iter 130 | error = 11.456812 | best_score = 0.0360 |
   IP pricing time: 23.6382 s (solve 23.6363 s, gurobi.runtime 23.6142 s)
Iter 131 | error = 11.456622 | best_score = 0.0343 |
   IP pricing time: 23.8160 s (solve 23.8140 s, gurobi.runtime 23.7902 s)
Iter 132 | error = 11.456413 | best_score = 0.0358 |
   IP pricing time: 25.3300 s (solve 25.3280 s, gurobi.runtime 25.3038 s)
Iter 133 | error = 11.456169 | best_score = 0.0400 |
   IP pricing time: 23.9233 s (solve 23.9213 s, gurobi.runtime 23.8464 s)
Iter 134 | error = 11.455821 | best_score = 0.0315 |
   IP pricing time: 23.4617 s (solve 23.4597 s, gurobi.runtime 23.4388 s)
Iter 135 | error = 11.455654 | best_score = 0.0290 |
   IP pricing time: 17.2084 s (solve 17.2065 s, gurobi.runtime 17.1801 s)
Iter 136 | error = 11.455397 | best_score = 0.0343 |
   IP pricing time: 16.7904 s (solve 16.7888 s, gurobi.runtime 16.7617 s)
Iter 137 | error = 11.455155 | best_score = 0.0276 |
   IP pricing time: 25.2875 s (solve 25.2856 s, gurobi.runtime 25.2607 s)
Iter 138 | error = 11.455106 | best_score = 0.0262 |
   IP pricing time: 23.8508 s (solve 23.8488 s, gurobi.runtime 23.8335 s)
Iter 139 | error = 11.454792 | best_score = 0.0270 |
   IP pricing time: 16.1766 s (solve 16.1746 s, gurobi.runtime 16.1504 s)
Iter 140 | error = 11.454738 | best_score = 0.0219 |
   IP pricing time: 23.5825 s (solve 23.5801 s, gurobi.runtime 23.5518 s)
Iter 141 | error = 11.454645 | best_score = 0.0242 |
   IP pricing time: 25.7241 s (solve 25.7222 s, gurobi.runtime 25.6939 s)
Iter 142 | error = 11.454533 | best_score = 0.0215 |
   IP pricing time: 18.0223 s (solve 18.0206 s, gurobi.runtime 17.9964 s)
Iter 143 | error = 11.454345 | best_score = 0.0220 |
   IP pricing time: 25.1966 s (solve 25.1948 s, gurobi.runtime 25.1672 s)
Iter 144 | error = 11.454266 | best_score = 0.0221 |
   IP pricing time: 24.3691 s (solve 24.3671 s, gurobi.runtime 24.3441 s)
Iter 145 | error = 11.454163 | best_score = 0.0262 |
   IP pricing time: 17.5517 s (solve 17.5498 s, gurobi.runtime 17.5205 s)
Iter 146 | error = 11.454064 | best_score = 0.0230 |
   IP pricing time: 25.2488 s (solve 25.2470 s, gurobi.runtime 25.2222 s)
Iter 147 | error = 11.453990 | best_score = 0.0214 |
   IP pricing time: 18.2545 s (solve 18.2525 s, gurobi.runtime 18.2289 s)
Iter 148 | error = 11.453930 | best_score = 0.0187 |
   IP pricing time: 20.8406 s (solve 20.8386 s, gurobi.runtime 20.8044 s)
Iter 149 | error = 11.453756 | best_score = 0.0193 |
   IP pricing time: 18.3881 s (solve 18.3861 s, gurobi.runtime 18.3654 s)
Iter 150 | error = 11.453678 | best_score = 0.0182 |
   IP pricing time: 27.4740 s (solve 27.4721 s, gurobi.runtime 27.4587 s)
Iter 151 | error = 11.453572 | best_score = 0.0139 |
   IP pricing time: 17.2163 s (solve 17.2144 s, gurobi.runtime 17.1862 s)
Iter 152 | error = 11.453481 | best_score = 0.0142 |
   IP pricing time: 23.3492 s (solve 23.3474 s, gurobi.runtime 23.3132 s)
Iter 153 | error = 11.453453 | best_score = 0.0133 |
   IP pricing time: 16.6464 s (solve 16.6444 s, gurobi.runtime 16.6203 s)
Iter 154 | error = 11.453418 | best_score = 0.0111 |
   IP pricing time: 22.8209 s (solve 22.8189 s, gurobi.runtime 22.7954 s)
Iter 155 | error = 11.453376 | best_score = 0.0093 |
   IP pricing time: 23.7033 s (solve 23.7013 s, gurobi.runtime 23.6595 s)
Iter 156 | error = 11.453361 | best_score = 0.0087 |
   IP pricing time: 17.0681 s (solve 17.0662 s, gurobi.runtime 17.0405 s)
Iter 157 | error = 11.453336 | best_score = 0.0104 |
   IP pricing time: 25.9454 s (solve 25.9434 s, gurobi.runtime 25.9241 s)
Iter 158 | error = 11.453319 | best_score = 0.0096 |
   IP pricing time: 25.8830 s (solve 25.8810 s, gurobi.runtime 25.8582 s)
Iter 159 | error = 11.453276 | best_score = 0.0086 |
   IP pricing time: 16.8486 s (solve 16.8467 s, gurobi.runtime 16.8264 s)
Iter 160 | error = 11.453238 | best_score = 0.0071 |
   IP pricing time: 25.0112 s (solve 25.0093 s, gurobi.runtime 24.9817 s)
Iter 161 | error = 11.453210 | best_score = 0.0062 |
   IP pricing time: 16.8553 s (solve 16.8536 s, gurobi.runtime 16.8096 s)
Iter 162 | error = 11.453198 | best_score = 0.0067 |
   IP pricing time: 24.9049 s (solve 24.9031 s, gurobi.runtime 24.8937 s)
Iter 163 | error = 11.453181 | best_score = 0.0057 |
   IP pricing time: 27.1586 s (solve 27.1567 s, gurobi.runtime 27.1162 s)
Iter 164 | error = 11.453168 | best_score = 0.0052 |
   IP pricing time: 26.4953 s (solve 26.4933 s, gurobi.runtime 26.4573 s)
Iter 165 | error = 11.453157 | best_score = 0.0044 |
   IP pricing time: 21.7235 s (solve 21.7204 s, gurobi.runtime 21.6978 s)
Iter 166 | error = 11.453138 | best_score = 0.0052 |
   IP pricing time: 18.8779 s (solve 18.8759 s, gurobi.runtime 18.8523 s)
Iter 167 | error = 11.453126 | best_score = 0.0038 |
   IP pricing time: 17.4802 s (solve 17.4781 s, gurobi.runtime 17.4402 s)
Iter 168 | error = 11.453123 | best_score = 0.0037 |
   IP pricing time: 16.2583 s (solve 16.2562 s, gurobi.runtime 16.2288 s)
Iter 169 | error = 11.453119 | best_score = 0.0036 |
   IP pricing time: 18.7031 s (solve 18.7011 s, gurobi.runtime 18.6732 s)
Iter 170 | error = 11.453104 | best_score = 0.0041 |
   IP pricing time: 18.9205 s (solve 18.9185 s, gurobi.runtime 18.8785 s)
Iter 171 | error = 11.453090 | best_score = 0.0029 |
   IP pricing time: 25.6777 s (solve 25.6757 s, gurobi.runtime 25.6371 s)
Iter 172 | error = 11.453081 | best_score = 0.0019 |
   IP pricing time: 25.6525 s (solve 25.6505 s, gurobi.runtime 25.6229 s)
Iter 173 | error = 11.453078 | best_score = 0.0021 |
   IP pricing time: 19.9645 s (solve 19.9626 s, gurobi.runtime 19.9390 s)
Iter 174 | error = 11.453074 | best_score = 0.0024 |
   IP pricing time: 17.2044 s (solve 17.2024 s, gurobi.runtime 17.1611 s)
Iter 175 | error = 11.453072 | best_score = 0.0020 |
   IP pricing time: 25.3184 s (solve 25.3163 s, gurobi.runtime 25.2949 s)
Iter 176 | error = 11.453071 | best_score = 0.0013 |
   IP pricing time: 23.3516 s (solve 23.3496 s, gurobi.runtime 23.3208 s)
Iter 177 | error = 11.453070 | best_score = 0.0012 |
   IP pricing time: 21.7746 s (solve 21.7725 s, gurobi.runtime 21.6615 s)
Iter 178 | error = 11.453069 | best_score = 0.0011 |
   IP pricing time: 31.2980 s (solve 31.2959 s, gurobi.runtime 31.2769 s)
Iter 179 | error = 11.453067 | best_score = 0.0012 |
   IP pricing time: 18.4564 s (solve 18.4544 s, gurobi.runtime 18.4279 s)
Iter 180 | error = 11.453065 | best_score = 0.0015 |
   IP pricing time: 29.7636 s (solve 29.7616 s, gurobi.runtime 29.7290 s)
Iter 181 | error = 11.453061 | best_score = 0.0008 |
   IP pricing time: 26.9256 s (solve 26.9238 s, gurobi.runtime 26.8950 s)
Iter 182 | error = 11.453060 | best_score = 0.0010 |
   IP pricing time: 16.3278 s (solve 16.3252 s, gurobi.runtime 16.2985 s)
Iter 183 | error = 11.453059 | best_score = 0.0003 |
   IP pricing time: 16.3992 s (solve 16.3971 s, gurobi.runtime 16.3774 s)
Iter 184 | error = 11.453059 | best_score = 0.0003 |
   IP pricing time: 26.5974 s (solve 26.5954 s, gurobi.runtime 26.5678 s)
Iter 185 | error = 11.453059 | best_score = 0.0001 |
 Convergence Criterion Achieved (reduced_cost 7.7735e-05 < tol)
  CG_IP  status=ok  error=1.145306e+01  total=2135.61s  iters=185  IP_calls=185  build=0.01s  solve_tot=2131.79s  gur_tot=2127.17s

========================================================
[3/5] n = 22, seed = 3  (all binary menus)
========================================================
[fractions mode] counts(s) = round(frac(s) * C(n,s))  (total 231 menus).
Generating fake data for n=22 alternatives, 231 menus (Dirichlet probs)...
Generated 462 rows from 231 menus (231 unique).
Menu size distribution actually drawn:
  size 2: 231 menus (100.0%)

n = 22 | 462 observations | 231 unique menus | menu sizes 2..2

  -- CG_IP --  (budget: 604800.0 s)
Starting column generation with 1 initial columns...
Pricing mode: IP
Generating choice sets only (rankings built on-demand)...
Using 462 provided choice sets
✓ 462 choice sets generated (no ranking enumeration needed)

B_IP_pricing_build: 0.00s (nvars=484, ncons=3311)
  IP pricing time: 0.0359 s (solve 0.0345 s, gurobi.runtime 0.0168 s)
Iter 1 | error = 153.252527 | best_score = 230.5387 |
   IP pricing time: 0.0477 s (solve 0.0463 s, gurobi.runtime 0.0293 s)
Iter 2 | error = 38.213378 | best_score = 30.6222 |
   IP pricing time: 0.1176 s (solve 0.1161 s, gurobi.runtime 0.0957 s)
Iter 3 | error = 30.090806 | best_score = 22.4071 |
   IP pricing time: 0.0270 s (solve 0.0256 s, gurobi.runtime 0.0198 s)
Iter 4 | error = 25.476406 | best_score = 25.2368 |
   IP pricing time: 0.0271 s (solve 0.0257 s, gurobi.runtime 0.0196 s)
Iter 5 | error = 18.755708 | best_score = 22.4002 |
   IP pricing time: 0.0649 s (solve 0.0635 s, gurobi.runtime 0.0582 s)
Iter 6 | error = 15.095605 | best_score = 11.9054 |
   IP pricing time: 0.1452 s (solve 0.1438 s, gurobi.runtime 0.1310 s)
Iter 7 | error = 14.018771 | best_score = 8.3259 |
   IP pricing time: 0.0462 s (solve 0.0448 s, gurobi.runtime 0.0388 s)
Iter 8 | error = 13.367965 | best_score = 8.2064 |
   IP pricing time: 0.1112 s (solve 0.1098 s, gurobi.runtime 0.0925 s)
Iter 9 | error = 12.760115 | best_score = 5.9540 |
   IP pricing time: 0.1354 s (solve 0.1339 s, gurobi.runtime 0.1263 s)
Iter 10 | error = 12.427809 | best_score = 5.1622 |
   IP pricing time: 0.2659 s (solve 0.2645 s, gurobi.runtime 0.2567 s)
Iter 11 | error = 12.128312 | best_score = 4.5772 |
   IP pricing time: 0.4446 s (solve 0.4432 s, gurobi.runtime 0.4316 s)
Iter 12 | error = 11.842148 | best_score = 4.0543 |
   IP pricing time: 0.6130 s (solve 0.6116 s, gurobi.runtime 0.5966 s)
Iter 13 | error = 11.674656 | best_score = 3.5248 |
   IP pricing time: 0.2530 s (solve 0.2516 s, gurobi.runtime 0.2361 s)
Iter 14 | error = 11.528866 | best_score = 3.6811 |
   IP pricing time: 0.3208 s (solve 0.3192 s, gurobi.runtime 0.3055 s)
Iter 15 | error = 11.354455 | best_score = 3.5826 |
   IP pricing time: 0.2979 s (solve 0.2964 s, gurobi.runtime 0.2789 s)
Iter 16 | error = 11.223187 | best_score = 3.6454 |
   IP pricing time: 0.3223 s (solve 0.3209 s, gurobi.runtime 0.3116 s)
Iter 17 | error = 11.057389 | best_score = 3.1994 |
   IP pricing time: 0.3582 s (solve 0.3568 s, gurobi.runtime 0.3470 s)
Iter 18 | error = 10.879209 | best_score = 3.4884 |
   IP pricing time: 0.3805 s (solve 0.3790 s, gurobi.runtime 0.3636 s)
Iter 19 | error = 10.729055 | best_score = 2.6229 |
   IP pricing time: 0.8252 s (solve 0.8238 s, gurobi.runtime 0.8131 s)
Iter 20 | error = 10.643878 | best_score = 2.0390 |
   IP pricing time: 0.6944 s (solve 0.6930 s, gurobi.runtime 0.6744 s)
Iter 21 | error = 10.585162 | best_score = 2.2340 |
   IP pricing time: 0.8168 s (solve 0.8154 s, gurobi.runtime 0.8041 s)
Iter 22 | error = 10.500383 | best_score = 2.0379 |
   IP pricing time: 0.7081 s (solve 0.7068 s, gurobi.runtime 0.6829 s)
Iter 23 | error = 10.426270 | best_score = 2.0167 |
   IP pricing time: 0.7876 s (solve 0.7861 s, gurobi.runtime 0.7685 s)
Iter 24 | error = 10.371597 | best_score = 1.7830 |
   IP pricing time: 1.1484 s (solve 1.1470 s, gurobi.runtime 1.1361 s)
Iter 25 | error = 10.326164 | best_score = 1.5624 |
   IP pricing time: 0.9728 s (solve 0.9714 s, gurobi.runtime 0.9492 s)
Iter 26 | error = 10.292286 | best_score = 1.4083 |
   IP pricing time: 0.9647 s (solve 0.9633 s, gurobi.runtime 0.9516 s)
Iter 27 | error = 10.257412 | best_score = 1.5523 |
   IP pricing time: 1.0244 s (solve 1.0230 s, gurobi.runtime 1.0046 s)
Iter 28 | error = 10.222395 | best_score = 1.3348 |
   IP pricing time: 1.0222 s (solve 1.0207 s, gurobi.runtime 1.0016 s)
Iter 29 | error = 10.189564 | best_score = 1.3617 |
   IP pricing time: 1.0218 s (solve 1.0203 s, gurobi.runtime 1.0007 s)
Iter 30 | error = 10.150228 | best_score = 1.3071 |
   IP pricing time: 0.6114 s (solve 0.6100 s, gurobi.runtime 0.5870 s)
Iter 31 | error = 10.124970 | best_score = 1.5335 |
   IP pricing time: 1.9777 s (solve 1.9763 s, gurobi.runtime 1.9587 s)
Iter 32 | error = 10.073317 | best_score = 0.9470 |
   IP pricing time: 2.2968 s (solve 2.2954 s, gurobi.runtime 2.2753 s)
Iter 33 | error = 10.055863 | best_score = 0.8464 |
   IP pricing time: 1.9691 s (solve 1.9676 s, gurobi.runtime 1.9405 s)
Iter 34 | error = 10.041318 | best_score = 0.8808 |
   IP pricing time: 1.4568 s (solve 1.4553 s, gurobi.runtime 1.4345 s)
Iter 35 | error = 10.020887 | best_score = 0.9259 |
   IP pricing time: 2.4292 s (solve 2.4278 s, gurobi.runtime 2.4025 s)
Iter 36 | error = 10.000150 | best_score = 0.7904 |
   IP pricing time: 1.9642 s (solve 1.9629 s, gurobi.runtime 1.9405 s)
Iter 37 | error = 9.981803 | best_score = 0.8226 |
   IP pricing time: 1.9900 s (solve 1.9887 s, gurobi.runtime 1.9691 s)
Iter 38 | error = 9.960169 | best_score = 0.8612 |
   IP pricing time: 1.5483 s (solve 1.5469 s, gurobi.runtime 1.5235 s)
Iter 39 | error = 9.942252 | best_score = 0.9087 |
   IP pricing time: 1.5233 s (solve 1.5219 s, gurobi.runtime 1.4989 s)
Iter 40 | error = 9.923734 | best_score = 0.8864 |
   IP pricing time: 1.5019 s (solve 1.5005 s, gurobi.runtime 1.4820 s)
Iter 41 | error = 9.902454 | best_score = 0.8311 |
   IP pricing time: 1.8541 s (solve 1.8526 s, gurobi.runtime 1.8141 s)
Iter 42 | error = 9.878188 | best_score = 0.8174 |
   IP pricing time: 1.6735 s (solve 1.6719 s, gurobi.runtime 1.6463 s)
Iter 43 | error = 9.862174 | best_score = 0.8108 |
   IP pricing time: 2.1625 s (solve 2.1610 s, gurobi.runtime 2.1431 s)
Iter 44 | error = 9.848556 | best_score = 0.7964 |
   IP pricing time: 1.7586 s (solve 1.7571 s, gurobi.runtime 1.7380 s)
Iter 45 | error = 9.830840 | best_score = 0.8341 |
   IP pricing time: 1.8339 s (solve 1.8325 s, gurobi.runtime 1.8078 s)
Iter 46 | error = 9.815579 | best_score = 0.7739 |
   IP pricing time: 1.2652 s (solve 1.2636 s, gurobi.runtime 1.2394 s)
Iter 47 | error = 9.798038 | best_score = 0.8162 |
   IP pricing time: 1.8665 s (solve 1.8650 s, gurobi.runtime 1.8373 s)
Iter 48 | error = 9.783188 | best_score = 0.7373 |
   IP pricing time: 2.7504 s (solve 2.7489 s, gurobi.runtime 2.7318 s)
Iter 49 | error = 9.768354 | best_score = 0.6663 |
   IP pricing time: 1.7143 s (solve 1.7128 s, gurobi.runtime 1.6859 s)
Iter 50 | error = 9.755445 | best_score = 0.6966 |
   IP pricing time: 3.1314 s (solve 3.1297 s, gurobi.runtime 3.1105 s)
Iter 51 | error = 9.735301 | best_score = 0.5188 |
   IP pricing time: 2.7485 s (solve 2.7469 s, gurobi.runtime 2.7287 s)
Iter 52 | error = 9.727612 | best_score = 0.5656 |
   IP pricing time: 3.4612 s (solve 3.4595 s, gurobi.runtime 3.4341 s)
Iter 53 | error = 9.716621 | best_score = 0.5032 |
   IP pricing time: 2.4391 s (solve 2.4375 s, gurobi.runtime 2.4195 s)
Iter 54 | error = 9.709000 | best_score = 0.5420 |
   IP pricing time: 3.3515 s (solve 3.3499 s, gurobi.runtime 3.3275 s)
Iter 55 | error = 9.700978 | best_score = 0.4678 |
   IP pricing time: 4.7931 s (solve 4.7912 s, gurobi.runtime 4.7671 s)
Iter 56 | error = 9.693223 | best_score = 0.3997 |
   IP pricing time: 3.5097 s (solve 3.5079 s, gurobi.runtime 3.4959 s)
Iter 57 | error = 9.688904 | best_score = 0.4063 |
   IP pricing time: 3.1092 s (solve 3.1076 s, gurobi.runtime 3.0814 s)
Iter 58 | error = 9.684436 | best_score = 0.4571 |
   IP pricing time: 4.4911 s (solve 4.4896 s, gurobi.runtime 4.4660 s)
Iter 59 | error = 9.674838 | best_score = 0.4324 |
   IP pricing time: 5.4042 s (solve 5.4026 s, gurobi.runtime 5.3795 s)
Iter 60 | error = 9.667320 | best_score = 0.3630 |
   IP pricing time: 7.0957 s (solve 7.0938 s, gurobi.runtime 7.0688 s)
Iter 61 | error = 9.663337 | best_score = 0.3034 |
   IP pricing time: 6.7302 s (solve 6.7285 s, gurobi.runtime 6.7009 s)
Iter 62 | error = 9.660210 | best_score = 0.3186 |
   IP pricing time: 5.9221 s (solve 5.9202 s, gurobi.runtime 5.8924 s)
Iter 63 | error = 9.656078 | best_score = 0.3330 |
   IP pricing time: 5.1654 s (solve 5.1634 s, gurobi.runtime 5.1371 s)
Iter 64 | error = 9.651901 | best_score = 0.3292 |
   IP pricing time: 5.3548 s (solve 5.3529 s, gurobi.runtime 5.3318 s)
Iter 65 | error = 9.645665 | best_score = 0.3357 |
   IP pricing time: 5.2476 s (solve 5.2457 s, gurobi.runtime 5.2247 s)
Iter 66 | error = 9.639923 | best_score = 0.3060 |
   IP pricing time: 4.0872 s (solve 4.0854 s, gurobi.runtime 4.0649 s)
Iter 67 | error = 9.634702 | best_score = 0.3501 |
   IP pricing time: 4.4279 s (solve 4.4262 s, gurobi.runtime 4.4029 s)
Iter 68 | error = 9.628593 | best_score = 0.3373 |
   IP pricing time: 6.0168 s (solve 6.0148 s, gurobi.runtime 5.9921 s)
Iter 69 | error = 9.624047 | best_score = 0.2867 |
   IP pricing time: 7.0644 s (solve 7.0622 s, gurobi.runtime 7.0411 s)
Iter 70 | error = 9.620285 | best_score = 0.2684 |
   IP pricing time: 5.4721 s (solve 5.4705 s, gurobi.runtime 5.4514 s)
Iter 71 | error = 9.617072 | best_score = 0.2548 |
   IP pricing time: 7.4862 s (solve 7.4846 s, gurobi.runtime 7.4613 s)
Iter 72 | error = 9.613670 | best_score = 0.2562 |
   IP pricing time: 6.8080 s (solve 6.8065 s, gurobi.runtime 6.7866 s)
Iter 73 | error = 9.611790 | best_score = 0.2243 |
   IP pricing time: 8.0514 s (solve 8.0500 s, gurobi.runtime 8.0273 s)
Iter 74 | error = 9.610108 | best_score = 0.2078 |
   IP pricing time: 7.6588 s (solve 7.6573 s, gurobi.runtime 7.6367 s)
Iter 75 | error = 9.607578 | best_score = 0.1710 |
   IP pricing time: 9.7477 s (solve 9.7459 s, gurobi.runtime 9.7191 s)
Iter 76 | error = 9.605249 | best_score = 0.1924 |
   IP pricing time: 9.7037 s (solve 9.7018 s, gurobi.runtime 9.6922 s)
Iter 77 | error = 9.603186 | best_score = 0.1842 |
   IP pricing time: 8.7938 s (solve 8.7919 s, gurobi.runtime 8.7632 s)
Iter 78 | error = 9.600957 | best_score = 0.1624 |
   IP pricing time: 9.1420 s (solve 9.1402 s, gurobi.runtime 9.1163 s)
Iter 79 | error = 9.599686 | best_score = 0.1656 |
   IP pricing time: 10.8660 s (solve 10.8642 s, gurobi.runtime 10.8438 s)
Iter 80 | error = 9.598468 | best_score = 0.1678 |
   IP pricing time: 10.7068 s (solve 10.7051 s, gurobi.runtime 10.6825 s)
Iter 81 | error = 9.596493 | best_score = 0.1723 |
   IP pricing time: 7.9746 s (solve 7.9731 s, gurobi.runtime 7.9535 s)
Iter 82 | error = 9.594661 | best_score = 0.1793 |
   IP pricing time: 9.6446 s (solve 9.6431 s, gurobi.runtime 9.6214 s)
Iter 83 | error = 9.593288 | best_score = 0.1586 |
   IP pricing time: 8.8589 s (solve 8.8570 s, gurobi.runtime 8.8371 s)
Iter 84 | error = 9.591500 | best_score = 0.1599 |
   IP pricing time: 10.0810 s (solve 10.0791 s, gurobi.runtime 10.0637 s)
Iter 85 | error = 9.590507 | best_score = 0.1708 |
   IP pricing time: 10.1057 s (solve 10.1039 s, gurobi.runtime 10.0787 s)
Iter 86 | error = 9.588788 | best_score = 0.1495 |
   IP pricing time: 9.1730 s (solve 9.1712 s, gurobi.runtime 9.1434 s)
Iter 87 | error = 9.586725 | best_score = 0.1964 |
   IP pricing time: 11.1989 s (solve 11.1970 s, gurobi.runtime 11.1787 s)
Iter 88 | error = 9.583625 | best_score = 0.1472 |
   IP pricing time: 12.7426 s (solve 12.7408 s, gurobi.runtime 12.7199 s)
Iter 89 | error = 9.582309 | best_score = 0.1402 |
   IP pricing time: 9.5495 s (solve 9.5477 s, gurobi.runtime 9.5253 s)
Iter 90 | error = 9.580886 | best_score = 0.1314 |
   IP pricing time: 10.2609 s (solve 10.2591 s, gurobi.runtime 10.2438 s)
Iter 91 | error = 9.579768 | best_score = 0.1269 |
   IP pricing time: 9.4994 s (solve 9.4976 s, gurobi.runtime 9.4757 s)
Iter 92 | error = 9.578270 | best_score = 0.1205 |
   IP pricing time: 12.1987 s (solve 12.1968 s, gurobi.runtime 12.1862 s)
Iter 93 | error = 9.577496 | best_score = 0.1227 |
   IP pricing time: 14.2876 s (solve 14.2858 s, gurobi.runtime 14.2636 s)
Iter 94 | error = 9.576753 | best_score = 0.1134 |
   IP pricing time: 13.4203 s (solve 13.4186 s, gurobi.runtime 13.4065 s)
Iter 95 | error = 9.575914 | best_score = 0.1143 |
   IP pricing time: 14.0987 s (solve 14.0967 s, gurobi.runtime 14.0331 s)
Iter 96 | error = 9.575079 | best_score = 0.1011 |
   IP pricing time: 10.9619 s (solve 10.9599 s, gurobi.runtime 10.9352 s)
Iter 97 | error = 9.574400 | best_score = 0.0982 |
   IP pricing time: 10.3659 s (solve 10.3639 s, gurobi.runtime 10.3461 s)
Iter 98 | error = 9.573755 | best_score = 0.1087 |
   IP pricing time: 15.1116 s (solve 15.1098 s, gurobi.runtime 15.0823 s)
Iter 99 | error = 9.572396 | best_score = 0.0811 |
   IP pricing time: 11.7026 s (solve 11.7009 s, gurobi.runtime 11.6764 s)
Iter 100 | error = 9.571584 | best_score = 0.0892 |
   IP pricing time: 14.0245 s (solve 14.0230 s, gurobi.runtime 14.0044 s)
Iter 101 | error = 9.570491 | best_score = 0.1007 |
   IP pricing time: 10.4151 s (solve 10.4133 s, gurobi.runtime 10.3892 s)
Iter 102 | error = 9.569832 | best_score = 0.1031 |
   IP pricing time: 13.5489 s (solve 13.5470 s, gurobi.runtime 13.5238 s)
Iter 103 | error = 9.568773 | best_score = 0.0887 |
   IP pricing time: 13.2980 s (solve 13.2961 s, gurobi.runtime 13.2866 s)
Iter 104 | error = 9.567024 | best_score = 0.0899 |
   IP pricing time: 14.3384 s (solve 14.3365 s, gurobi.runtime 14.3152 s)
Iter 105 | error = 9.566340 | best_score = 0.0850 |
   IP pricing time: 11.2901 s (solve 11.2881 s, gurobi.runtime 11.2585 s)
Iter 106 | error = 9.565594 | best_score = 0.0912 |
   IP pricing time: 13.9315 s (solve 13.9296 s, gurobi.runtime 13.9079 s)
Iter 107 | error = 9.564354 | best_score = 0.0986 |
   IP pricing time: 15.3118 s (solve 15.3099 s, gurobi.runtime 15.2815 s)
Iter 108 | error = 9.563762 | best_score = 0.0704 |
   IP pricing time: 14.3073 s (solve 14.3053 s, gurobi.runtime 14.2850 s)
Iter 109 | error = 9.562900 | best_score = 0.0861 |
   IP pricing time: 10.8843 s (solve 10.8824 s, gurobi.runtime 10.8629 s)
Iter 110 | error = 9.562251 | best_score = 0.0727 |
   IP pricing time: 14.3018 s (solve 14.2999 s, gurobi.runtime 14.2784 s)
Iter 111 | error = 9.561544 | best_score = 0.0649 |
   IP pricing time: 14.2930 s (solve 14.2910 s, gurobi.runtime 14.2656 s)
Iter 112 | error = 9.561091 | best_score = 0.0772 |
   IP pricing time: 16.8979 s (solve 16.8959 s, gurobi.runtime 16.8808 s)
Iter 113 | error = 9.560017 | best_score = 0.0612 |
   IP pricing time: 16.2896 s (solve 16.2877 s, gurobi.runtime 16.2596 s)
Iter 114 | error = 9.559079 | best_score = 0.0646 |
   IP pricing time: 14.5423 s (solve 14.5405 s, gurobi.runtime 14.5107 s)
Iter 115 | error = 9.558508 | best_score = 0.0658 |
   IP pricing time: 16.4945 s (solve 16.4926 s, gurobi.runtime 16.4687 s)
Iter 116 | error = 9.558182 | best_score = 0.0544 |
   IP pricing time: 15.6943 s (solve 15.6923 s, gurobi.runtime 15.6726 s)
Iter 117 | error = 9.557720 | best_score = 0.0644 |
   IP pricing time: 17.9702 s (solve 17.9682 s, gurobi.runtime 17.9395 s)
Iter 118 | error = 9.556765 | best_score = 0.0617 |
   IP pricing time: 14.6959 s (solve 14.6940 s, gurobi.runtime 14.6724 s)
Iter 119 | error = 9.556081 | best_score = 0.0694 |
   IP pricing time: 16.6755 s (solve 16.6735 s, gurobi.runtime 16.6630 s)
Iter 120 | error = 9.555514 | best_score = 0.0588 |
   IP pricing time: 17.2387 s (solve 17.2367 s, gurobi.runtime 17.2091 s)
Iter 121 | error = 9.555263 | best_score = 0.0548 |
   IP pricing time: 24.2120 s (solve 24.2100 s, gurobi.runtime 24.1874 s)
Iter 122 | error = 9.554960 | best_score = 0.0547 |
   IP pricing time: 24.3434 s (solve 24.3414 s, gurobi.runtime 24.3006 s)
Iter 123 | error = 9.554388 | best_score = 0.0623 |
   IP pricing time: 15.3884 s (solve 15.3866 s, gurobi.runtime 15.3612 s)
Iter 124 | error = 9.553958 | best_score = 0.0619 |
   IP pricing time: 18.8446 s (solve 18.8427 s, gurobi.runtime 18.8183 s)
Iter 125 | error = 9.553508 | best_score = 0.0410 |
   IP pricing time: 16.6699 s (solve 16.6679 s, gurobi.runtime 16.6432 s)
Iter 126 | error = 9.553265 | best_score = 0.0423 |
   IP pricing time: 17.0084 s (solve 17.0066 s, gurobi.runtime 16.9781 s)
Iter 127 | error = 9.552717 | best_score = 0.0361 |
   IP pricing time: 17.0635 s (solve 17.0616 s, gurobi.runtime 17.0338 s)
Iter 128 | error = 9.552305 | best_score = 0.0355 |
   IP pricing time: 18.6174 s (solve 18.6154 s, gurobi.runtime 18.5915 s)
Iter 129 | error = 9.552032 | best_score = 0.0408 |
   IP pricing time: 16.9005 s (solve 16.8984 s, gurobi.runtime 16.8754 s)
Iter 130 | error = 9.551822 | best_score = 0.0384 |
   IP pricing time: 16.0902 s (solve 16.0883 s, gurobi.runtime 16.0694 s)
Iter 131 | error = 9.551332 | best_score = 0.0473 |
   IP pricing time: 26.7158 s (solve 26.7138 s, gurobi.runtime 26.6869 s)
Iter 132 | error = 9.551049 | best_score = 0.0371 |
   IP pricing time: 18.5923 s (solve 18.5903 s, gurobi.runtime 18.5541 s)
Iter 133 | error = 9.550553 | best_score = 0.0286 |
   IP pricing time: 24.1358 s (solve 24.1339 s, gurobi.runtime 24.1074 s)
Iter 134 | error = 9.550327 | best_score = 0.0274 |
   IP pricing time: 18.1906 s (solve 18.1886 s, gurobi.runtime 18.1610 s)
Iter 135 | error = 9.550216 | best_score = 0.0278 |
   IP pricing time: 25.6137 s (solve 25.6118 s, gurobi.runtime 25.5950 s)
Iter 136 | error = 9.550143 | best_score = 0.0297 |
   IP pricing time: 25.4488 s (solve 25.4468 s, gurobi.runtime 25.4136 s)
Iter 137 | error = 9.550029 | best_score = 0.0275 |
   IP pricing time: 16.6765 s (solve 16.6745 s, gurobi.runtime 16.6548 s)
Iter 138 | error = 9.549843 | best_score = 0.0300 |
   IP pricing time: 16.2991 s (solve 16.2972 s, gurobi.runtime 16.2682 s)
Iter 139 | error = 9.549397 | best_score = 0.0364 |
   IP pricing time: 24.6606 s (solve 24.6585 s, gurobi.runtime 24.6347 s)
Iter 140 | error = 9.549076 | best_score = 0.0262 |
   IP pricing time: 27.0417 s (solve 27.0392 s, gurobi.runtime 27.0125 s)
Iter 141 | error = 9.548910 | best_score = 0.0258 |
   IP pricing time: 27.1711 s (solve 27.1691 s, gurobi.runtime 27.1419 s)
Iter 142 | error = 9.548810 | best_score = 0.0230 |
   IP pricing time: 25.1577 s (solve 25.1558 s, gurobi.runtime 25.1278 s)
Iter 143 | error = 9.548602 | best_score = 0.0319 |
   IP pricing time: 28.4764 s (solve 28.4745 s, gurobi.runtime 28.4484 s)
Iter 144 | error = 9.548427 | best_score = 0.0253 |
   IP pricing time: 23.8105 s (solve 23.8086 s, gurobi.runtime 23.7888 s)
Iter 145 | error = 9.548297 | best_score = 0.0282 |
   IP pricing time: 25.3746 s (solve 25.3726 s, gurobi.runtime 25.3428 s)
Iter 146 | error = 9.548075 | best_score = 0.0295 |
   IP pricing time: 27.1073 s (solve 27.1051 s, gurobi.runtime 27.0787 s)
Iter 147 | error = 9.547878 | best_score = 0.0218 |
   IP pricing time: 26.3434 s (solve 26.3414 s, gurobi.runtime 26.3120 s)
Iter 148 | error = 9.547647 | best_score = 0.0269 |
   IP pricing time: 18.5123 s (solve 18.5102 s, gurobi.runtime 18.4888 s)
Iter 149 | error = 9.547494 | best_score = 0.0263 |
   IP pricing time: 25.9295 s (solve 25.9275 s, gurobi.runtime 25.9050 s)
Iter 150 | error = 9.547368 | best_score = 0.0219 |
   IP pricing time: 25.3926 s (solve 25.3906 s, gurobi.runtime 25.3540 s)
Iter 151 | error = 9.547218 | best_score = 0.0214 |
   IP pricing time: 28.7018 s (solve 28.6999 s, gurobi.runtime 28.6794 s)
Iter 152 | error = 9.547181 | best_score = 0.0182 |
   IP pricing time: 25.1277 s (solve 25.1257 s, gurobi.runtime 25.1030 s)
Iter 153 | error = 9.547051 | best_score = 0.0214 |
   IP pricing time: 26.5655 s (solve 26.5635 s, gurobi.runtime 26.5348 s)
Iter 154 | error = 9.546902 | best_score = 0.0187 |
   IP pricing time: 29.6366 s (solve 29.6345 s, gurobi.runtime 29.6117 s)
Iter 155 | error = 9.546852 | best_score = 0.0165 |
   IP pricing time: 27.6526 s (solve 27.6505 s, gurobi.runtime 27.6270 s)
Iter 156 | error = 9.546797 | best_score = 0.0164 |
   IP pricing time: 24.2523 s (solve 24.2504 s, gurobi.runtime 24.2225 s)
Iter 157 | error = 9.546751 | best_score = 0.0174 |
   IP pricing time: 27.0236 s (solve 27.0218 s, gurobi.runtime 27.0007 s)
Iter 158 | error = 9.546674 | best_score = 0.0188 |
   IP pricing time: 32.6336 s (solve 32.6317 s, gurobi.runtime 32.6099 s)
Iter 159 | error = 9.546578 | best_score = 0.0128 |
   IP pricing time: 28.2634 s (solve 28.2614 s, gurobi.runtime 28.2394 s)
Iter 160 | error = 9.546543 | best_score = 0.0112 |
   IP pricing time: 27.9191 s (solve 27.9171 s, gurobi.runtime 27.8887 s)
Iter 161 | error = 9.546499 | best_score = 0.0119 |
   IP pricing time: 29.9044 s (solve 29.9024 s, gurobi.runtime 29.8747 s)
Iter 162 | error = 9.546448 | best_score = 0.0133 |
   IP pricing time: 26.6842 s (solve 26.6822 s, gurobi.runtime 26.6557 s)
Iter 163 | error = 9.546384 | best_score = 0.0116 |
   IP pricing time: 27.9516 s (solve 27.9496 s, gurobi.runtime 27.9191 s)
Iter 164 | error = 9.546360 | best_score = 0.0101 |
   IP pricing time: 25.1163 s (solve 25.1143 s, gurobi.runtime 25.0907 s)
Iter 165 | error = 9.546324 | best_score = 0.0102 |
   IP pricing time: 25.0908 s (solve 25.0888 s, gurobi.runtime 25.0593 s)
Iter 166 | error = 9.546297 | best_score = 0.0105 |
   IP pricing time: 26.0412 s (solve 26.0392 s, gurobi.runtime 26.0135 s)
Iter 167 | error = 9.546264 | best_score = 0.0091 |
   IP pricing time: 26.8398 s (solve 26.8379 s, gurobi.runtime 26.7961 s)
Iter 168 | error = 9.546241 | best_score = 0.0079 |
   IP pricing time: 29.4189 s (solve 29.4169 s, gurobi.runtime 29.3875 s)
Iter 169 | error = 9.546192 | best_score = 0.0075 |
   IP pricing time: 27.0619 s (solve 27.0599 s, gurobi.runtime 27.0376 s)
Iter 170 | error = 9.546158 | best_score = 0.0074 |
   IP pricing time: 26.7199 s (solve 26.7180 s, gurobi.runtime 26.6905 s)
Iter 171 | error = 9.546139 | best_score = 0.0081 |
   IP pricing time: 24.7328 s (solve 24.7311 s, gurobi.runtime 24.7037 s)
Iter 172 | error = 9.546073 | best_score = 0.0092 |
   IP pricing time: 24.6144 s (solve 24.6124 s, gurobi.runtime 24.5844 s)
Iter 173 | error = 9.546032 | best_score = 0.0069 |
   IP pricing time: 27.6696 s (solve 27.6677 s, gurobi.runtime 27.6025 s)
Iter 174 | error = 9.546019 | best_score = 0.0061 |
   IP pricing time: 21.7746 s (solve 21.7728 s, gurobi.runtime 21.7463 s)
Iter 175 | error = 9.545972 | best_score = 0.0053 |
   IP pricing time: 26.8829 s (solve 26.8810 s, gurobi.runtime 26.8583 s)
Iter 176 | error = 9.545963 | best_score = 0.0049 |
   IP pricing time: 25.9810 s (solve 25.9789 s, gurobi.runtime 25.9427 s)
Iter 177 | error = 9.545945 | best_score = 0.0043 |
   IP pricing time: 25.7846 s (solve 25.7825 s, gurobi.runtime 25.7597 s)
Iter 178 | error = 9.545939 | best_score = 0.0043 |
   IP pricing time: 27.0991 s (solve 27.0971 s, gurobi.runtime 27.0709 s)
Iter 179 | error = 9.545926 | best_score = 0.0037 |
   IP pricing time: 31.0941 s (solve 31.0921 s, gurobi.runtime 31.0609 s)
Iter 180 | error = 9.545916 | best_score = 0.0028 |
   IP pricing time: 24.6043 s (solve 24.6023 s, gurobi.runtime 24.5758 s)
Iter 181 | error = 9.545912 | best_score = 0.0024 |
   IP pricing time: 30.1497 s (solve 30.1476 s, gurobi.runtime 30.1257 s)
Iter 182 | error = 9.545910 | best_score = 0.0020 |
   IP pricing time: 24.6654 s (solve 24.6634 s, gurobi.runtime 24.6286 s)
Iter 183 | error = 9.545903 | best_score = 0.0020 |
   IP pricing time: 25.7411 s (solve 25.7392 s, gurobi.runtime 25.7019 s)
Iter 184 | error = 9.545901 | best_score = 0.0018 |
   IP pricing time: 24.8121 s (solve 24.8101 s, gurobi.runtime 24.7947 s)
Iter 185 | error = 9.545897 | best_score = 0.0013 |
   IP pricing time: 24.5127 s (solve 24.5107 s, gurobi.runtime 24.4861 s)
Iter 186 | error = 9.545896 | best_score = 0.0011 |
   IP pricing time: 23.9330 s (solve 23.9310 s, gurobi.runtime 23.9091 s)
Iter 187 | error = 9.545895 | best_score = 0.0007 |
   IP pricing time: 28.1918 s (solve 28.1898 s, gurobi.runtime 28.1676 s)
Iter 188 | error = 9.545894 | best_score = 0.0005 |
   IP pricing time: 28.9816 s (solve 28.9795 s, gurobi.runtime 28.9483 s)
Iter 189 | error = 9.545894 | best_score = 0.0003 |
   IP pricing time: 23.1495 s (solve 23.1475 s, gurobi.runtime 23.1337 s)
Iter 190 | error = 9.545894 | best_score = 0.0002 |
   IP pricing time: 28.7321 s (solve 28.7301 s, gurobi.runtime 28.7103 s)
Iter 191 | error = 9.545894 | best_score = 0.0001 |
   IP pricing time: 19.3061 s (solve 19.3042 s, gurobi.runtime 19.2617 s)
Iter 192 | error = 9.545894 | best_score = 0.0001 |
   IP pricing time: 25.8144 s (solve 25.8124 s, gurobi.runtime 25.7770 s)
Iter 193 | error = 9.545894 | best_score = 0.0001 |
 Convergence Criterion Achieved (reduced_cost 6.8207e-05 < tol)
  CG_IP  status=ok  error=9.545894e+00  total=2537.51s  iters=193  IP_calls=193  build=0.00s  solve_tot=2534.09s  gur_tot=2529.68s

========================================================
[4/5] n = 22, seed = 4  (all binary menus)
========================================================
[fractions mode] counts(s) = round(frac(s) * C(n,s))  (total 231 menus).
Generating fake data for n=22 alternatives, 231 menus (Dirichlet probs)...
Generated 462 rows from 231 menus (231 unique).
Menu size distribution actually drawn:
  size 2: 231 menus (100.0%)

n = 22 | 462 observations | 231 unique menus | menu sizes 2..2

  -- CG_IP --  (budget: 604800.0 s)
Starting column generation with 1 initial columns...
Pricing mode: IP
Generating choice sets only (rankings built on-demand)...
Using 462 provided choice sets
✓ 462 choice sets generated (no ranking enumeration needed)

B_IP_pricing_build: 0.00s (nvars=484, ncons=3311)
  IP pricing time: 0.0364 s (solve 0.0350 s, gurobi.runtime 0.0167 s)
Iter 1 | error = 160.195127 | best_score = 237.2065 |
   IP pricing time: 0.0506 s (solve 0.0492 s, gurobi.runtime 0.0321 s)
Iter 2 | error = 38.405281 | best_score = 28.7028 |
   IP pricing time: 0.2081 s (solve 0.2067 s, gurobi.runtime 0.1957 s)
Iter 3 | error = 31.040362 | best_score = 25.1161 |
   IP pricing time: 0.0368 s (solve 0.0354 s, gurobi.runtime 0.0256 s)
Iter 4 | error = 25.393351 | best_score = 25.2845 |
   IP pricing time: 0.0283 s (solve 0.0269 s, gurobi.runtime 0.0213 s)
Iter 5 | error = 19.174304 | best_score = 21.3206 |
   IP pricing time: 0.0325 s (solve 0.0311 s, gurobi.runtime 0.0251 s)
Iter 6 | error = 15.702045 | best_score = 13.7693 |
   IP pricing time: 0.0419 s (solve 0.0405 s, gurobi.runtime 0.0348 s)
Iter 7 | error = 14.128526 | best_score = 9.8032 |
   IP pricing time: 0.1151 s (solve 0.1137 s, gurobi.runtime 0.1034 s)
Iter 8 | error = 13.303728 | best_score = 7.2154 |
   IP pricing time: 0.2158 s (solve 0.2144 s, gurobi.runtime 0.2013 s)
Iter 9 | error = 12.731999 | best_score = 6.3833 |
   IP pricing time: 0.1898 s (solve 0.1884 s, gurobi.runtime 0.1731 s)
Iter 10 | error = 12.333760 | best_score = 5.3874 |
   IP pricing time: 0.3364 s (solve 0.3349 s, gurobi.runtime 0.3225 s)
Iter 11 | error = 12.042996 | best_score = 4.0315 |
   IP pricing time: 0.2102 s (solve 0.2088 s, gurobi.runtime 0.1899 s)
Iter 12 | error = 11.850752 | best_score = 4.0153 |
   IP pricing time: 0.4752 s (solve 0.4738 s, gurobi.runtime 0.4553 s)
Iter 13 | error = 11.649144 | best_score = 3.4848 |
   IP pricing time: 0.2963 s (solve 0.2950 s, gurobi.runtime 0.2824 s)
Iter 14 | error = 11.498388 | best_score = 3.7445 |
   IP pricing time: 0.3879 s (solve 0.3865 s, gurobi.runtime 0.3728 s)
Iter 15 | error = 11.354186 | best_score = 3.3341 |
   IP pricing time: 0.6986 s (solve 0.6972 s, gurobi.runtime 0.6833 s)
Iter 16 | error = 11.212628 | best_score = 2.8488 |
   IP pricing time: 0.2936 s (solve 0.2920 s, gurobi.runtime 0.2685 s)
Iter 17 | error = 11.121363 | best_score = 3.0556 |
   IP pricing time: 0.3593 s (solve 0.3579 s, gurobi.runtime 0.3517 s)
Iter 18 | error = 11.006391 | best_score = 2.8910 |
   IP pricing time: 0.8517 s (solve 0.8502 s, gurobi.runtime 0.8441 s)
Iter 19 | error = 10.909507 | best_score = 2.1695 |
   IP pricing time: 0.8435 s (solve 0.8421 s, gurobi.runtime 0.8263 s)
Iter 20 | error = 10.853046 | best_score = 1.8695 |
   IP pricing time: 0.6491 s (solve 0.6477 s, gurobi.runtime 0.6267 s)
Iter 21 | error = 10.785322 | best_score = 1.9449 |
   IP pricing time: 0.8312 s (solve 0.8298 s, gurobi.runtime 0.8198 s)
Iter 22 | error = 10.733425 | best_score = 1.7301 |
   IP pricing time: 1.2592 s (solve 1.2577 s, gurobi.runtime 1.2451 s)
Iter 23 | error = 10.697165 | best_score = 1.5146 |
   IP pricing time: 0.6513 s (solve 0.6499 s, gurobi.runtime 0.6263 s)
Iter 24 | error = 10.649724 | best_score = 1.9215 |
   IP pricing time: 0.5077 s (solve 0.5063 s, gurobi.runtime 0.4942 s)
Iter 25 | error = 10.595796 | best_score = 1.7443 |
   IP pricing time: 0.8602 s (solve 0.8587 s, gurobi.runtime 0.8496 s)
Iter 26 | error = 10.550043 | best_score = 1.4944 |
   IP pricing time: 1.0480 s (solve 1.0466 s, gurobi.runtime 1.0325 s)
Iter 27 | error = 10.497879 | best_score = 1.2695 |
   IP pricing time: 0.9677 s (solve 0.9663 s, gurobi.runtime 0.9363 s)
Iter 28 | error = 10.473990 | best_score = 1.3206 |
   IP pricing time: 1.0248 s (solve 1.0234 s, gurobi.runtime 1.0110 s)
Iter 29 | error = 10.439460 | best_score = 1.3008 |
   IP pricing time: 1.3085 s (solve 1.3071 s, gurobi.runtime 1.2850 s)
Iter 30 | error = 10.412375 | best_score = 1.0982 |
   IP pricing time: 1.5053 s (solve 1.5037 s, gurobi.runtime 1.3988 s)
Iter 31 | error = 10.393033 | best_score = 1.0642 |
   IP pricing time: 1.8602 s (solve 1.8588 s, gurobi.runtime 1.8393 s)
Iter 32 | error = 10.377951 | best_score = 0.9110 |
   IP pricing time: 1.8667 s (solve 1.8653 s, gurobi.runtime 1.8426 s)
Iter 33 | error = 10.363608 | best_score = 0.8537 |
   IP pricing time: 1.6267 s (solve 1.6254 s, gurobi.runtime 1.5993 s)
Iter 34 | error = 10.344991 | best_score = 0.8778 |
   IP pricing time: 1.6367 s (solve 1.6352 s, gurobi.runtime 1.6220 s)
Iter 35 | error = 10.333179 | best_score = 0.8934 |
   IP pricing time: 2.8841 s (solve 2.8825 s, gurobi.runtime 2.8559 s)
Iter 36 | error = 10.307644 | best_score = 0.7875 |
   IP pricing time: 1.8391 s (solve 1.8377 s, gurobi.runtime 1.8145 s)
Iter 37 | error = 10.290890 | best_score = 0.8841 |
   IP pricing time: 2.1577 s (solve 2.1563 s, gurobi.runtime 2.1440 s)
Iter 38 | error = 10.267800 | best_score = 0.8600 |
   IP pricing time: 1.0277 s (solve 1.0263 s, gurobi.runtime 1.0070 s)
Iter 39 | error = 10.246384 | best_score = 1.1459 |
   IP pricing time: 1.5568 s (solve 1.5555 s, gurobi.runtime 1.5346 s)
Iter 40 | error = 10.215739 | best_score = 0.9094 |
   IP pricing time: 2.0509 s (solve 2.0494 s, gurobi.runtime 2.0243 s)
Iter 41 | error = 10.200031 | best_score = 0.7669 |
   IP pricing time: 1.8935 s (solve 1.8921 s, gurobi.runtime 1.8698 s)
Iter 42 | error = 10.182924 | best_score = 0.8911 |
   IP pricing time: 3.0549 s (solve 3.0535 s, gurobi.runtime 3.0268 s)
Iter 43 | error = 10.160586 | best_score = 0.6640 |
   IP pricing time: 3.4201 s (solve 3.4186 s, gurobi.runtime 3.3966 s)
Iter 44 | error = 10.150832 | best_score = 0.6361 |
   IP pricing time: 2.6202 s (solve 2.6188 s, gurobi.runtime 2.6008 s)
Iter 45 | error = 10.140422 | best_score = 0.6204 |
   IP pricing time: 3.6885 s (solve 3.6871 s, gurobi.runtime 3.6644 s)
Iter 46 | error = 10.126096 | best_score = 0.5234 |
   IP pricing time: 4.8717 s (solve 4.8702 s, gurobi.runtime 4.8487 s)
Iter 47 | error = 10.117215 | best_score = 0.4804 |
   IP pricing time: 4.0228 s (solve 4.0210 s, gurobi.runtime 3.9967 s)
Iter 48 | error = 10.108691 | best_score = 0.5115 |
   IP pricing time: 3.7328 s (solve 3.7314 s, gurobi.runtime 3.7070 s)
Iter 49 | error = 10.099692 | best_score = 0.4932 |
   IP pricing time: 3.3458 s (solve 3.3444 s, gurobi.runtime 3.3192 s)
Iter 50 | error = 10.092360 | best_score = 0.4883 |
   IP pricing time: 3.5104 s (solve 3.5088 s, gurobi.runtime 3.4854 s)
Iter 51 | error = 10.087170 | best_score = 0.4762 |
   IP pricing time: 3.7293 s (solve 3.7277 s, gurobi.runtime 3.7057 s)
Iter 52 | error = 10.077185 | best_score = 0.5103 |
   IP pricing time: 3.1909 s (solve 3.1893 s, gurobi.runtime 3.1649 s)
Iter 53 | error = 10.068865 | best_score = 0.4668 |
   IP pricing time: 3.6981 s (solve 3.6965 s, gurobi.runtime 3.6760 s)
Iter 54 | error = 10.060816 | best_score = 0.4226 |
   IP pricing time: 6.1343 s (solve 6.1328 s, gurobi.runtime 6.1118 s)
Iter 55 | error = 10.055935 | best_score = 0.3554 |
   IP pricing time: 5.6946 s (solve 5.6930 s, gurobi.runtime 5.6725 s)
Iter 56 | error = 10.052293 | best_score = 0.2958 |
   IP pricing time: 8.6909 s (solve 8.6890 s, gurobi.runtime 8.6696 s)
Iter 57 | error = 10.049039 | best_score = 0.2728 |
   IP pricing time: 5.0220 s (solve 5.0201 s, gurobi.runtime 4.9946 s)
Iter 58 | error = 10.045483 | best_score = 0.3746 |
   IP pricing time: 5.5908 s (solve 5.5889 s, gurobi.runtime 5.5641 s)
Iter 59 | error = 10.042227 | best_score = 0.2972 |
   IP pricing time: 5.5960 s (solve 5.5943 s, gurobi.runtime 5.5677 s)
Iter 60 | error = 10.038169 | best_score = 0.3045 |
   IP pricing time: 6.6678 s (solve 6.6659 s, gurobi.runtime 6.6398 s)
Iter 61 | error = 10.034244 | best_score = 0.2929 |
   IP pricing time: 6.4521 s (solve 6.4501 s, gurobi.runtime 6.4255 s)
Iter 62 | error = 10.029118 | best_score = 0.2840 |
   IP pricing time: 5.7788 s (solve 5.7773 s, gurobi.runtime 5.7542 s)
Iter 63 | error = 10.023895 | best_score = 0.3258 |
   IP pricing time: 6.6102 s (solve 6.6085 s, gurobi.runtime 6.5875 s)
Iter 64 | error = 10.020158 | best_score = 0.3116 |
   IP pricing time: 6.1384 s (solve 6.1369 s, gurobi.runtime 6.1257 s)
Iter 65 | error = 10.016683 | best_score = 0.3178 |
   IP pricing time: 6.1766 s (solve 6.1752 s, gurobi.runtime 6.1488 s)
Iter 66 | error = 10.011698 | best_score = 0.3080 |
   IP pricing time: 5.2797 s (solve 5.2782 s, gurobi.runtime 5.2563 s)
Iter 67 | error = 10.007071 | best_score = 0.3616 |
   IP pricing time: 6.0059 s (solve 6.0044 s, gurobi.runtime 5.9764 s)
Iter 68 | error = 10.002623 | best_score = 0.2898 |
   IP pricing time: 6.6788 s (solve 6.6774 s, gurobi.runtime 6.6564 s)
Iter 69 | error = 9.995324 | best_score = 0.3016 |
   IP pricing time: 8.2113 s (solve 8.2094 s, gurobi.runtime 8.2010 s)
Iter 70 | error = 9.991788 | best_score = 0.2800 |
   IP pricing time: 9.3811 s (solve 9.3796 s, gurobi.runtime 9.3582 s)
Iter 71 | error = 9.988240 | best_score = 0.2264 |
   IP pricing time: 7.9752 s (solve 7.9737 s, gurobi.runtime 7.9495 s)
Iter 72 | error = 9.985938 | best_score = 0.2140 |
   IP pricing time: 9.1079 s (solve 9.1064 s, gurobi.runtime 9.0841 s)
Iter 73 | error = 9.984104 | best_score = 0.2263 |
   IP pricing time: 9.8008 s (solve 9.7989 s, gurobi.runtime 9.7840 s)
Iter 74 | error = 9.982401 | best_score = 0.2011 |
   IP pricing time: 9.1479 s (solve 9.1459 s, gurobi.runtime 9.1220 s)
Iter 75 | error = 9.979854 | best_score = 0.2100 |
   IP pricing time: 12.7892 s (solve 12.7873 s, gurobi.runtime 12.7682 s)
Iter 76 | error = 9.978150 | best_score = 0.1571 |
   IP pricing time: 13.5432 s (solve 13.5415 s, gurobi.runtime 13.5218 s)
Iter 77 | error = 9.976911 | best_score = 0.1474 |
   IP pricing time: 12.4993 s (solve 12.4976 s, gurobi.runtime 12.4786 s)
Iter 78 | error = 9.975738 | best_score = 0.1636 |
   IP pricing time: 13.6141 s (solve 13.6123 s, gurobi.runtime 13.5876 s)
Iter 79 | error = 9.974079 | best_score = 0.1324 |
   IP pricing time: 10.3700 s (solve 10.3681 s, gurobi.runtime 10.3306 s)
Iter 80 | error = 9.973046 | best_score = 0.1382 |
   IP pricing time: 15.0812 s (solve 15.0793 s, gurobi.runtime 15.0522 s)
Iter 81 | error = 9.971558 | best_score = 0.1062 |
   IP pricing time: 15.2905 s (solve 15.2885 s, gurobi.runtime 15.2676 s)
Iter 82 | error = 9.970337 | best_score = 0.0937 |
   IP pricing time: 15.6000 s (solve 15.5985 s, gurobi.runtime 15.5713 s)
Iter 83 | error = 9.969459 | best_score = 0.1029 |
   IP pricing time: 14.5736 s (solve 14.5719 s, gurobi.runtime 14.5501 s)
Iter 84 | error = 9.968957 | best_score = 0.0952 |
   IP pricing time: 15.1236 s (solve 15.1217 s, gurobi.runtime 15.1022 s)
Iter 85 | error = 9.968111 | best_score = 0.0894 |
   IP pricing time: 16.9487 s (solve 16.9467 s, gurobi.runtime 16.9235 s)
Iter 86 | error = 9.967426 | best_score = 0.0968 |
   IP pricing time: 15.6477 s (solve 15.6458 s, gurobi.runtime 15.6300 s)
Iter 87 | error = 9.966509 | best_score = 0.0915 |
   IP pricing time: 14.7856 s (solve 14.7837 s, gurobi.runtime 14.7541 s)
Iter 88 | error = 9.966055 | best_score = 0.0982 |
   IP pricing time: 15.1635 s (solve 15.1616 s, gurobi.runtime 15.1500 s)
Iter 89 | error = 9.964635 | best_score = 0.1107 |
   IP pricing time: 14.1399 s (solve 14.1379 s, gurobi.runtime 14.1154 s)
Iter 90 | error = 9.963680 | best_score = 0.1198 |
   IP pricing time: 16.1816 s (solve 16.1797 s, gurobi.runtime 16.1633 s)
Iter 91 | error = 9.962672 | best_score = 0.0942 |
   IP pricing time: 16.7408 s (solve 16.7389 s, gurobi.runtime 16.7079 s)
Iter 92 | error = 9.961924 | best_score = 0.0979 |
   IP pricing time: 15.8960 s (solve 15.8940 s, gurobi.runtime 15.8640 s)
Iter 93 | error = 9.960547 | best_score = 0.0957 |
   IP pricing time: 15.0116 s (solve 15.0097 s, gurobi.runtime 14.9824 s)
Iter 94 | error = 9.959540 | best_score = 0.1001 |
   IP pricing time: 14.0015 s (solve 13.9998 s, gurobi.runtime 13.9744 s)
Iter 95 | error = 9.959082 | best_score = 0.0941 |
   IP pricing time: 17.0385 s (solve 17.0365 s, gurobi.runtime 17.0107 s)
Iter 96 | error = 9.958660 | best_score = 0.0741 |
   IP pricing time: 22.4757 s (solve 22.4736 s, gurobi.runtime 22.4304 s)
Iter 97 | error = 9.958227 | best_score = 0.0679 |
   IP pricing time: 17.7747 s (solve 17.7726 s, gurobi.runtime 17.7502 s)
Iter 98 | error = 9.957989 | best_score = 0.0631 |
   IP pricing time: 15.0438 s (solve 15.0419 s, gurobi.runtime 15.0342 s)
Iter 99 | error = 9.957504 | best_score = 0.0881 |
   IP pricing time: 16.3313 s (solve 16.3293 s, gurobi.runtime 16.3200 s)
Iter 100 | error = 9.956337 | best_score = 0.0776 |
   IP pricing time: 25.1090 s (solve 25.1070 s, gurobi.runtime 25.0802 s)
Iter 101 | error = 9.955995 | best_score = 0.0627 |
   IP pricing time: 21.0306 s (solve 21.0285 s, gurobi.runtime 21.0048 s)
Iter 102 | error = 9.955343 | best_score = 0.0564 |
   IP pricing time: 16.8836 s (solve 16.8815 s, gurobi.runtime 16.8542 s)
Iter 103 | error = 9.954850 | best_score = 0.0562 |
   IP pricing time: 22.7195 s (solve 22.7174 s, gurobi.runtime 22.6792 s)
Iter 104 | error = 9.954545 | best_score = 0.0675 |
   IP pricing time: 18.8157 s (solve 18.8138 s, gurobi.runtime 18.7946 s)
Iter 105 | error = 9.954150 | best_score = 0.0626 |
   IP pricing time: 28.9441 s (solve 28.9421 s, gurobi.runtime 28.9212 s)
Iter 106 | error = 9.953820 | best_score = 0.0462 |
   IP pricing time: 23.3062 s (solve 23.3043 s, gurobi.runtime 23.2846 s)
Iter 107 | error = 9.953539 | best_score = 0.0425 |
   IP pricing time: 25.1417 s (solve 25.1398 s, gurobi.runtime 25.1197 s)
Iter 108 | error = 9.953404 | best_score = 0.0378 |
   IP pricing time: 19.3666 s (solve 19.3646 s, gurobi.runtime 19.3410 s)
Iter 109 | error = 9.953228 | best_score = 0.0423 |
   IP pricing time: 18.3818 s (solve 18.3798 s, gurobi.runtime 18.3599 s)
Iter 110 | error = 9.953001 | best_score = 0.0512 |
   IP pricing time: 21.1263 s (solve 21.1243 s, gurobi.runtime 21.0987 s)
Iter 111 | error = 9.952828 | best_score = 0.0371 |
   IP pricing time: 20.2406 s (solve 20.2386 s, gurobi.runtime 20.2100 s)
Iter 112 | error = 9.952454 | best_score = 0.0453 |
   IP pricing time: 24.6333 s (solve 24.6314 s, gurobi.runtime 24.6010 s)
Iter 113 | error = 9.952142 | best_score = 0.0428 |
   IP pricing time: 18.8632 s (solve 18.8614 s, gurobi.runtime 18.8405 s)
Iter 114 | error = 9.951982 | best_score = 0.0367 |
   IP pricing time: 17.5040 s (solve 17.5020 s, gurobi.runtime 17.4817 s)
Iter 115 | error = 9.951565 | best_score = 0.0384 |
   IP pricing time: 24.9042 s (solve 24.9021 s, gurobi.runtime 24.7881 s)
Iter 116 | error = 9.951409 | best_score = 0.0335 |
   IP pricing time: 23.8399 s (solve 23.8378 s, gurobi.runtime 23.8142 s)
Iter 117 | error = 9.951282 | best_score = 0.0272 |
   IP pricing time: 23.1976 s (solve 23.1956 s, gurobi.runtime 23.1729 s)
Iter 118 | error = 9.951217 | best_score = 0.0265 |
   IP pricing time: 25.6801 s (solve 25.6781 s, gurobi.runtime 25.6512 s)
Iter 119 | error = 9.951107 | best_score = 0.0252 |
   IP pricing time: 27.5982 s (solve 27.5962 s, gurobi.runtime 27.5725 s)
Iter 120 | error = 9.950969 | best_score = 0.0264 |
   IP pricing time: 24.6134 s (solve 24.6114 s, gurobi.runtime 24.5904 s)
Iter 121 | error = 9.950891 | best_score = 0.0284 |
   IP pricing time: 28.7613 s (solve 28.7593 s, gurobi.runtime 28.7392 s)
Iter 122 | error = 9.950781 | best_score = 0.0236 |
   IP pricing time: 24.8604 s (solve 24.8584 s, gurobi.runtime 24.8368 s)
Iter 123 | error = 9.950704 | best_score = 0.0192 |
   IP pricing time: 22.6875 s (solve 22.6855 s, gurobi.runtime 22.6658 s)
Iter 124 | error = 9.950649 | best_score = 0.0178 |
   IP pricing time: 27.1502 s (solve 27.1482 s, gurobi.runtime 27.1191 s)
Iter 125 | error = 9.950589 | best_score = 0.0155 |
   IP pricing time: 25.9179 s (solve 25.9159 s, gurobi.runtime 25.8931 s)
Iter 126 | error = 9.950558 | best_score = 0.0167 |
   IP pricing time: 27.8717 s (solve 27.8697 s, gurobi.runtime 27.8300 s)
Iter 127 | error = 9.950507 | best_score = 0.0167 |
   IP pricing time: 21.9124 s (solve 21.9105 s, gurobi.runtime 21.8745 s)
Iter 128 | error = 9.950437 | best_score = 0.0152 |
   IP pricing time: 24.8908 s (solve 24.8888 s, gurobi.runtime 24.8560 s)
Iter 129 | error = 9.950368 | best_score = 0.0144 |
   IP pricing time: 25.3229 s (solve 25.3209 s, gurobi.runtime 25.2979 s)
Iter 130 | error = 9.950291 | best_score = 0.0151 |
   IP pricing time: 24.3084 s (solve 24.3064 s, gurobi.runtime 24.2773 s)
Iter 131 | error = 9.950263 | best_score = 0.0150 |
   IP pricing time: 26.1736 s (solve 26.1717 s, gurobi.runtime 26.1351 s)
Iter 132 | error = 9.950194 | best_score = 0.0161 |
   IP pricing time: 24.1614 s (solve 24.1595 s, gurobi.runtime 24.1406 s)
Iter 133 | error = 9.950159 | best_score = 0.0141 |
   IP pricing time: 27.0330 s (solve 27.0311 s, gurobi.runtime 27.0082 s)
Iter 134 | error = 9.950082 | best_score = 0.0169 |
   IP pricing time: 25.7800 s (solve 25.7780 s, gurobi.runtime 25.7444 s)
Iter 135 | error = 9.950029 | best_score = 0.0112 |
   IP pricing time: 26.0344 s (solve 26.0324 s, gurobi.runtime 26.0042 s)
Iter 136 | error = 9.949963 | best_score = 0.0107 |
   IP pricing time: 26.5642 s (solve 26.5621 s, gurobi.runtime 26.5360 s)
Iter 137 | error = 9.949943 | best_score = 0.0090 |
   IP pricing time: 17.3663 s (solve 17.3643 s, gurobi.runtime 17.3430 s)
Iter 138 | error = 9.949904 | best_score = 0.0095 |
   IP pricing time: 28.4181 s (solve 28.4161 s, gurobi.runtime 28.3877 s)
Iter 139 | error = 9.949886 | best_score = 0.0079 |
   IP pricing time: 25.6341 s (solve 25.6322 s, gurobi.runtime 25.6065 s)
Iter 140 | error = 9.949868 | best_score = 0.0075 |
   IP pricing time: 26.6440 s (solve 26.6416 s, gurobi.runtime 26.6213 s)
Iter 141 | error = 9.949862 | best_score = 0.0074 |
   IP pricing time: 22.1807 s (solve 22.1787 s, gurobi.runtime 22.1502 s)
Iter 142 | error = 9.949843 | best_score = 0.0077 |
   IP pricing time: 27.7545 s (solve 27.7525 s, gurobi.runtime 27.7216 s)
Iter 143 | error = 9.949802 | best_score = 0.0071 |
   IP pricing time: 24.1019 s (solve 24.0999 s, gurobi.runtime 24.0796 s)
Iter 144 | error = 9.949780 | best_score = 0.0072 |
   IP pricing time: 27.5832 s (solve 27.5811 s, gurobi.runtime 27.5545 s)
Iter 145 | error = 9.949763 | best_score = 0.0076 |
   IP pricing time: 24.1400 s (solve 24.1380 s, gurobi.runtime 24.1108 s)
Iter 146 | error = 9.949742 | best_score = 0.0053 |
   IP pricing time: 25.5636 s (solve 25.5615 s, gurobi.runtime 25.5401 s)
Iter 147 | error = 9.949737 | best_score = 0.0054 |
   IP pricing time: 23.4944 s (solve 23.4923 s, gurobi.runtime 23.4677 s)
Iter 148 | error = 9.949726 | best_score = 0.0043 |
   IP pricing time: 23.9197 s (solve 23.9179 s, gurobi.runtime 23.8959 s)
Iter 149 | error = 9.949716 | best_score = 0.0049 |
   IP pricing time: 23.5310 s (solve 23.5289 s, gurobi.runtime 23.5041 s)
Iter 150 | error = 9.949705 | best_score = 0.0040 |
   IP pricing time: 26.4099 s (solve 26.4078 s, gurobi.runtime 26.3878 s)
Iter 151 | error = 9.949697 | best_score = 0.0032 |
   IP pricing time: 26.2880 s (solve 26.2860 s, gurobi.runtime 26.2505 s)
Iter 152 | error = 9.949694 | best_score = 0.0023 |
   IP pricing time: 25.9034 s (solve 25.9013 s, gurobi.runtime 25.8757 s)
Iter 153 | error = 9.949691 | best_score = 0.0023 |
   IP pricing time: 17.0290 s (solve 17.0272 s, gurobi.runtime 17.0021 s)
Iter 154 | error = 9.949688 | best_score = 0.0016 |
   IP pricing time: 31.1527 s (solve 31.1507 s, gurobi.runtime 31.1278 s)
Iter 155 | error = 9.949687 | best_score = 0.0012 |
   IP pricing time: 26.2775 s (solve 26.2754 s, gurobi.runtime 26.2543 s)
Iter 156 | error = 9.949686 | best_score = 0.0009 |
   IP pricing time: 26.1803 s (solve 26.1782 s, gurobi.runtime 26.1400 s)
Iter 157 | error = 9.949685 | best_score = 0.0007 |
   IP pricing time: 24.4727 s (solve 24.4708 s, gurobi.runtime 24.4461 s)
Iter 158 | error = 9.949685 | best_score = 0.0005 |
   IP pricing time: 28.6431 s (solve 28.6411 s, gurobi.runtime 28.6220 s)
Iter 159 | error = 9.949685 | best_score = 0.0004 |
   IP pricing time: 25.1216 s (solve 25.1195 s, gurobi.runtime 25.0876 s)
Iter 160 | error = 9.949685 | best_score = 0.0002 |
   IP pricing time: 14.6285 s (solve 14.6265 s, gurobi.runtime 14.6031 s)
Iter 161 | error = 9.949685 | best_score = 0.0002 |
   IP pricing time: 26.6921 s (solve 26.6900 s, gurobi.runtime 26.6671 s)
Iter 162 | error = 9.949685 | best_score = 0.0001 |
 Convergence Criterion Achieved (reduced_cost 5.5274e-05 < tol)
  CG_IP  status=ok  error=9.949685e+00  total=2110.88s  iters=162  IP_calls=162  build=0.00s  solve_tot=2107.59s  gur_tot=2103.85s

========================================================
[5/5] n = 22, seed = 5  (all binary menus)
========================================================
[fractions mode] counts(s) = round(frac(s) * C(n,s))  (total 231 menus).
Generating fake data for n=22 alternatives, 231 menus (Dirichlet probs)...
Generated 462 rows from 231 menus (231 unique).
Menu size distribution actually drawn:
  size 2: 231 menus (100.0%)

n = 22 | 462 observations | 231 unique menus | menu sizes 2..2

  -- CG_IP --  (budget: 604800.0 s)
Starting column generation with 1 initial columns...
Pricing mode: IP
Generating choice sets only (rankings built on-demand)...
Using 462 provided choice sets
✓ 462 choice sets generated (no ranking enumeration needed)

B_IP_pricing_build: 0.01s (nvars=484, ncons=3311)
  IP pricing time: 0.0352 s (solve 0.0337 s, gurobi.runtime 0.0156 s)
Iter 1 | error = 145.203764 | best_score = 221.8386 |
   IP pricing time: 0.0403 s (solve 0.0389 s, gurobi.runtime 0.0219 s)
Iter 2 | error = 38.683452 | best_score = 32.2098 |
   IP pricing time: 0.0395 s (solve 0.0381 s, gurobi.runtime 0.0322 s)
Iter 3 | error = 29.692733 | best_score = 23.2600 |
   IP pricing time: 0.0783 s (solve 0.0767 s, gurobi.runtime 0.0715 s)
Iter 4 | error = 24.676759 | best_score = 23.0413 |
   IP pricing time: 0.0314 s (solve 0.0301 s, gurobi.runtime 0.0240 s)
Iter 5 | error = 19.388515 | best_score = 21.2722 |
   IP pricing time: 0.0378 s (solve 0.0364 s, gurobi.runtime 0.0301 s)
Iter 6 | error = 16.196623 | best_score = 12.3283 |
   IP pricing time: 0.0314 s (solve 0.0300 s, gurobi.runtime 0.0242 s)
Iter 7 | error = 14.963134 | best_score = 10.7115 |
   IP pricing time: 0.1553 s (solve 0.1538 s, gurobi.runtime 0.1472 s)
Iter 8 | error = 13.824545 | best_score = 8.2031 |
   IP pricing time: 0.3163 s (solve 0.3149 s, gurobi.runtime 0.3004 s)
Iter 9 | error = 13.222737 | best_score = 6.4289 |
   IP pricing time: 0.1966 s (solve 0.1952 s, gurobi.runtime 0.1879 s)
Iter 10 | error = 12.832507 | best_score = 5.2974 |
   IP pricing time: 0.3365 s (solve 0.3351 s, gurobi.runtime 0.3238 s)
Iter 11 | error = 12.565873 | best_score = 4.6344 |
   IP pricing time: 0.3734 s (solve 0.3720 s, gurobi.runtime 0.3642 s)
Iter 12 | error = 12.360985 | best_score = 3.7998 |
   IP pricing time: 0.2734 s (solve 0.2720 s, gurobi.runtime 0.2520 s)
Iter 13 | error = 12.204960 | best_score = 3.9244 |
   IP pricing time: 0.2230 s (solve 0.2217 s, gurobi.runtime 0.2092 s)
Iter 14 | error = 12.041109 | best_score = 3.9084 |
   IP pricing time: 0.4070 s (solve 0.4056 s, gurobi.runtime 0.3916 s)
Iter 15 | error = 11.883336 | best_score = 3.2124 |
   IP pricing time: 0.2868 s (solve 0.2854 s, gurobi.runtime 0.2594 s)
Iter 16 | error = 11.722061 | best_score = 3.2757 |
   IP pricing time: 0.8063 s (solve 0.8049 s, gurobi.runtime 0.7977 s)
Iter 17 | error = 11.590633 | best_score = 2.3327 |
   IP pricing time: 1.1924 s (solve 1.1909 s, gurobi.runtime 1.1677 s)
Iter 18 | error = 11.506603 | best_score = 2.3613 |
   IP pricing time: 1.0506 s (solve 1.0492 s, gurobi.runtime 1.0273 s)
Iter 19 | error = 11.443374 | best_score = 2.3516 |
   IP pricing time: 0.7436 s (solve 0.7419 s, gurobi.runtime 0.7240 s)
Iter 20 | error = 11.365164 | best_score = 2.6348 |
   IP pricing time: 0.8418 s (solve 0.8403 s, gurobi.runtime 0.8191 s)
Iter 21 | error = 11.283676 | best_score = 2.0638 |
   IP pricing time: 1.7022 s (solve 1.7007 s, gurobi.runtime 1.6890 s)
Iter 22 | error = 11.221445 | best_score = 1.6796 |
   IP pricing time: 1.0614 s (solve 1.0600 s, gurobi.runtime 1.0338 s)
Iter 23 | error = 11.161668 | best_score = 1.7227 |
   IP pricing time: 1.2245 s (solve 1.2231 s, gurobi.runtime 1.2033 s)
Iter 24 | error = 11.118695 | best_score = 1.5797 |
   IP pricing time: 1.0562 s (solve 1.0548 s, gurobi.runtime 1.0443 s)
Iter 25 | error = 11.077487 | best_score = 1.6585 |
   IP pricing time: 0.8478 s (solve 0.8463 s, gurobi.runtime 0.8236 s)
Iter 26 | error = 11.039792 | best_score = 1.7229 |
   IP pricing time: 1.1641 s (solve 1.1626 s, gurobi.runtime 1.1476 s)
Iter 27 | error = 10.995150 | best_score = 1.4078 |
   IP pricing time: 2.0245 s (solve 2.0230 s, gurobi.runtime 2.0016 s)
Iter 28 | error = 10.950346 | best_score = 1.2428 |
   IP pricing time: 1.8586 s (solve 1.8571 s, gurobi.runtime 1.8454 s)
Iter 29 | error = 10.923495 | best_score = 1.2162 |
   IP pricing time: 2.1434 s (solve 2.1420 s, gurobi.runtime 2.1192 s)
Iter 30 | error = 10.904942 | best_score = 1.1512 |
   IP pricing time: 1.5450 s (solve 1.5433 s, gurobi.runtime 1.5217 s)
Iter 31 | error = 10.881614 | best_score = 1.2954 |
   IP pricing time: 1.3199 s (solve 1.3184 s, gurobi.runtime 1.2924 s)
Iter 32 | error = 10.848605 | best_score = 1.1790 |
   IP pricing time: 1.3057 s (solve 1.3041 s, gurobi.runtime 1.2850 s)
Iter 33 | error = 10.814289 | best_score = 1.1601 |
   IP pricing time: 1.8230 s (solve 1.8215 s, gurobi.runtime 1.8028 s)
Iter 34 | error = 10.789526 | best_score = 1.0385 |
   IP pricing time: 1.6043 s (solve 1.6026 s, gurobi.runtime 1.5754 s)
Iter 35 | error = 10.769828 | best_score = 1.1194 |
   IP pricing time: 2.2221 s (solve 2.2204 s, gurobi.runtime 2.2014 s)
Iter 36 | error = 10.746918 | best_score = 0.9513 |
   IP pricing time: 1.9473 s (solve 1.9458 s, gurobi.runtime 1.9267 s)
Iter 37 | error = 10.729061 | best_score = 1.0058 |
   IP pricing time: 1.8657 s (solve 1.8642 s, gurobi.runtime 1.8368 s)
Iter 38 | error = 10.703659 | best_score = 0.9363 |
   IP pricing time: 1.5934 s (solve 1.5919 s, gurobi.runtime 1.5733 s)
Iter 39 | error = 10.678782 | best_score = 1.0757 |
   IP pricing time: 1.7152 s (solve 1.7135 s, gurobi.runtime 1.6921 s)
Iter 40 | error = 10.643363 | best_score = 0.9678 |
   IP pricing time: 3.1829 s (solve 3.1813 s, gurobi.runtime 3.1443 s)
Iter 41 | error = 10.626022 | best_score = 0.7246 |
   IP pricing time: 1.7362 s (solve 1.7347 s, gurobi.runtime 1.7247 s)
Iter 42 | error = 10.609849 | best_score = 0.8778 |
   IP pricing time: 2.1323 s (solve 2.1307 s, gurobi.runtime 2.1035 s)
Iter 43 | error = 10.578676 | best_score = 0.8176 |
   IP pricing time: 3.5369 s (solve 3.5353 s, gurobi.runtime 3.5175 s)
Iter 44 | error = 10.560921 | best_score = 0.6941 |
   IP pricing time: 2.3657 s (solve 2.3639 s, gurobi.runtime 2.3364 s)
Iter 45 | error = 10.546716 | best_score = 0.7738 |
   IP pricing time: 1.8479 s (solve 1.8464 s, gurobi.runtime 1.8239 s)
Iter 46 | error = 10.531915 | best_score = 0.8571 |
   IP pricing time: 3.7026 s (solve 3.7010 s, gurobi.runtime 3.6805 s)
Iter 47 | error = 10.504635 | best_score = 0.7020 |
   IP pricing time: 3.0294 s (solve 3.0276 s, gurobi.runtime 3.0063 s)
Iter 48 | error = 10.489472 | best_score = 0.7027 |
   IP pricing time: 2.8139 s (solve 2.8123 s, gurobi.runtime 2.7879 s)
Iter 49 | error = 10.479498 | best_score = 0.7046 |
   IP pricing time: 2.6822 s (solve 2.6807 s, gurobi.runtime 2.6570 s)
Iter 50 | error = 10.464722 | best_score = 0.6885 |
   IP pricing time: 4.2457 s (solve 4.2438 s, gurobi.runtime 4.2246 s)
Iter 51 | error = 10.452741 | best_score = 0.5827 |
   IP pricing time: 4.7677 s (solve 4.7658 s, gurobi.runtime 4.7449 s)
Iter 52 | error = 10.445884 | best_score = 0.4797 |
   IP pricing time: 5.3814 s (solve 5.3795 s, gurobi.runtime 5.3593 s)
Iter 53 | error = 10.439104 | best_score = 0.4632 |
   IP pricing time: 4.6810 s (solve 4.6793 s, gurobi.runtime 4.6715 s)
Iter 54 | error = 10.432720 | best_score = 0.4645 |
   IP pricing time: 4.4423 s (solve 4.4404 s, gurobi.runtime 4.4182 s)
Iter 55 | error = 10.427130 | best_score = 0.5040 |
   IP pricing time: 4.6141 s (solve 4.6122 s, gurobi.runtime 4.5919 s)
Iter 56 | error = 10.419281 | best_score = 0.4911 |
   IP pricing time: 5.6867 s (solve 5.6849 s, gurobi.runtime 5.6747 s)
Iter 57 | error = 10.412047 | best_score = 0.4056 |
   IP pricing time: 5.2488 s (solve 5.2471 s, gurobi.runtime 5.2208 s)
Iter 58 | error = 10.406082 | best_score = 0.4179 |
   IP pricing time: 7.2818 s (solve 7.2799 s, gurobi.runtime 7.2599 s)
Iter 59 | error = 10.402545 | best_score = 0.3381 |
   IP pricing time: 7.1133 s (solve 7.1115 s, gurobi.runtime 7.0834 s)
Iter 60 | error = 10.398707 | best_score = 0.3485 |
   IP pricing time: 6.7610 s (solve 6.7595 s, gurobi.runtime 6.7316 s)
Iter 61 | error = 10.395490 | best_score = 0.3962 |
   IP pricing time: 8.1418 s (solve 8.1400 s, gurobi.runtime 8.1220 s)
Iter 62 | error = 10.391357 | best_score = 0.3429 |
   IP pricing time: 7.3285 s (solve 7.3266 s, gurobi.runtime 7.3016 s)
Iter 63 | error = 10.386197 | best_score = 0.3145 |
   IP pricing time: 7.2465 s (solve 7.2446 s, gurobi.runtime 7.2337 s)
Iter 64 | error = 10.381740 | best_score = 0.3280 |
   IP pricing time: 8.6771 s (solve 8.6751 s, gurobi.runtime 8.6420 s)
Iter 65 | error = 10.377795 | best_score = 0.3032 |
   IP pricing time: 7.9607 s (solve 7.9589 s, gurobi.runtime 7.9220 s)
Iter 66 | error = 10.374982 | best_score = 0.3015 |
   IP pricing time: 6.6480 s (solve 6.6461 s, gurobi.runtime 6.6133 s)
Iter 67 | error = 10.369279 | best_score = 0.3344 |
   IP pricing time: 4.5259 s (solve 4.5243 s, gurobi.runtime 4.5001 s)
Iter 68 | error = 10.363493 | best_score = 0.3881 |
   IP pricing time: 4.8993 s (solve 4.8975 s, gurobi.runtime 4.8689 s)
Iter 69 | error = 10.358438 | best_score = 0.3708 |
   IP pricing time: 6.0375 s (solve 6.0353 s, gurobi.runtime 6.0118 s)
Iter 70 | error = 10.355369 | best_score = 0.3154 |
   IP pricing time: 6.7960 s (solve 6.7941 s, gurobi.runtime 6.7664 s)
Iter 71 | error = 10.350404 | best_score = 0.2821 |
   IP pricing time: 5.2752 s (solve 5.2733 s, gurobi.runtime 5.2478 s)
Iter 72 | error = 10.348077 | best_score = 0.3125 |
   IP pricing time: 6.2638 s (solve 6.2618 s, gurobi.runtime 6.2425 s)
Iter 73 | error = 10.342206 | best_score = 0.2896 |
   IP pricing time: 8.8706 s (solve 8.8686 s, gurobi.runtime 8.8587 s)
Iter 74 | error = 10.339622 | best_score = 0.2191 |
   IP pricing time: 7.9229 s (solve 7.9213 s, gurobi.runtime 7.9006 s)
Iter 75 | error = 10.336364 | best_score = 0.2290 |
   IP pricing time: 11.8368 s (solve 11.8351 s, gurobi.runtime 11.8164 s)
Iter 76 | error = 10.333696 | best_score = 0.2057 |
   IP pricing time: 9.6450 s (solve 9.6435 s, gurobi.runtime 9.6222 s)
Iter 77 | error = 10.331943 | best_score = 0.2621 |
   IP pricing time: 7.4767 s (solve 7.4751 s, gurobi.runtime 7.4351 s)
Iter 78 | error = 10.329071 | best_score = 0.2547 |
   IP pricing time: 9.9171 s (solve 9.9156 s, gurobi.runtime 9.9022 s)
Iter 79 | error = 10.325828 | best_score = 0.2087 |
   IP pricing time: 7.6053 s (solve 7.6036 s, gurobi.runtime 7.5826 s)
Iter 80 | error = 10.324185 | best_score = 0.2247 |
   IP pricing time: 9.8111 s (solve 9.8092 s, gurobi.runtime 9.7893 s)
Iter 81 | error = 10.322013 | best_score = 0.2052 |
   IP pricing time: 10.7452 s (solve 10.7432 s, gurobi.runtime 10.7185 s)
Iter 82 | error = 10.320339 | best_score = 0.1946 |
   IP pricing time: 10.7412 s (solve 10.7393 s, gurobi.runtime 10.7180 s)
Iter 83 | error = 10.318550 | best_score = 0.1796 |
   IP pricing time: 11.9528 s (solve 11.9508 s, gurobi.runtime 11.9244 s)
Iter 84 | error = 10.317280 | best_score = 0.1630 |
   IP pricing time: 10.5446 s (solve 10.5427 s, gurobi.runtime 10.5153 s)
Iter 85 | error = 10.315467 | best_score = 0.1734 |
   IP pricing time: 10.5459 s (solve 10.5443 s, gurobi.runtime 10.5245 s)
Iter 86 | error = 10.312109 | best_score = 0.1797 |
   IP pricing time: 11.8158 s (solve 11.8139 s, gurobi.runtime 11.7773 s)
Iter 87 | error = 10.310461 | best_score = 0.1694 |
   IP pricing time: 10.7878 s (solve 10.7858 s, gurobi.runtime 10.7669 s)
Iter 88 | error = 10.308024 | best_score = 0.1738 |
   IP pricing time: 17.3074 s (solve 17.3054 s, gurobi.runtime 17.2772 s)
Iter 89 | error = 10.306691 | best_score = 0.1360 |
   IP pricing time: 11.9832 s (solve 11.9813 s, gurobi.runtime 11.9573 s)
Iter 90 | error = 10.305425 | best_score = 0.1696 |
   IP pricing time: 16.7527 s (solve 16.7509 s, gurobi.runtime 16.7322 s)
Iter 91 | error = 10.303969 | best_score = 0.1322 |
   IP pricing time: 14.1522 s (solve 14.1503 s, gurobi.runtime 14.1307 s)
Iter 92 | error = 10.302911 | best_score = 0.1341 |
   IP pricing time: 17.0526 s (solve 17.0505 s, gurobi.runtime 17.0241 s)
Iter 93 | error = 10.301809 | best_score = 0.1303 |
   IP pricing time: 14.2161 s (solve 14.2144 s, gurobi.runtime 14.1907 s)
Iter 94 | error = 10.301034 | best_score = 0.1433 |
   IP pricing time: 13.0088 s (solve 13.0071 s, gurobi.runtime 12.9843 s)
Iter 95 | error = 10.299970 | best_score = 0.1312 |
   IP pricing time: 18.7435 s (solve 18.7416 s, gurobi.runtime 18.7073 s)
Iter 96 | error = 10.298781 | best_score = 0.1188 |
   IP pricing time: 17.5968 s (solve 17.5947 s, gurobi.runtime 17.5746 s)
Iter 97 | error = 10.298173 | best_score = 0.1014 |
   IP pricing time: 16.8531 s (solve 16.8513 s, gurobi.runtime 16.8266 s)
Iter 98 | error = 10.297482 | best_score = 0.1179 |
   IP pricing time: 16.8634 s (solve 16.8616 s, gurobi.runtime 16.8433 s)
Iter 99 | error = 10.296631 | best_score = 0.1207 |
   IP pricing time: 13.8334 s (solve 13.8314 s, gurobi.runtime 13.8074 s)
Iter 100 | error = 10.295096 | best_score = 0.1250 |
   IP pricing time: 16.7192 s (solve 16.7175 s, gurobi.runtime 16.6914 s)
Iter 101 | error = 10.294053 | best_score = 0.1073 |
   IP pricing time: 17.1829 s (solve 17.1811 s, gurobi.runtime 17.1339 s)
Iter 102 | error = 10.293179 | best_score = 0.1069 |
   IP pricing time: 16.1287 s (solve 16.1269 s, gurobi.runtime 16.1039 s)
Iter 103 | error = 10.291836 | best_score = 0.0981 |
   IP pricing time: 24.6919 s (solve 24.6902 s, gurobi.runtime 24.6638 s)
Iter 104 | error = 10.291379 | best_score = 0.0871 |
   IP pricing time: 19.5931 s (solve 19.5911 s, gurobi.runtime 19.5624 s)
Iter 105 | error = 10.290740 | best_score = 0.0897 |
   IP pricing time: 20.7262 s (solve 20.7242 s, gurobi.runtime 20.6956 s)
Iter 106 | error = 10.290339 | best_score = 0.0875 |
   IP pricing time: 25.2649 s (solve 25.2629 s, gurobi.runtime 25.2380 s)
Iter 107 | error = 10.288026 | best_score = 0.1113 |
   IP pricing time: 16.9796 s (solve 16.9775 s, gurobi.runtime 16.9607 s)
Iter 108 | error = 10.287371 | best_score = 0.1103 |
   IP pricing time: 23.7497 s (solve 23.7477 s, gurobi.runtime 23.7204 s)
Iter 109 | error = 10.286185 | best_score = 0.0970 |
   IP pricing time: 15.2584 s (solve 15.2566 s, gurobi.runtime 15.2338 s)
Iter 110 | error = 10.285418 | best_score = 0.1034 |
   IP pricing time: 18.4929 s (solve 18.4909 s, gurobi.runtime 18.4530 s)
Iter 111 | error = 10.284956 | best_score = 0.0934 |
   IP pricing time: 15.1731 s (solve 15.1710 s, gurobi.runtime 15.1494 s)
Iter 112 | error = 10.284379 | best_score = 0.0891 |
   IP pricing time: 16.3891 s (solve 16.3871 s, gurobi.runtime 16.3653 s)
Iter 113 | error = 10.283584 | best_score = 0.0904 |
   IP pricing time: 24.5108 s (solve 24.5088 s, gurobi.runtime 24.4930 s)
Iter 114 | error = 10.282789 | best_score = 0.0883 |
   IP pricing time: 16.1805 s (solve 16.1784 s, gurobi.runtime 16.1416 s)
Iter 115 | error = 10.281686 | best_score = 0.0973 |
   IP pricing time: 14.7701 s (solve 14.7682 s, gurobi.runtime 14.7478 s)
Iter 116 | error = 10.280733 | best_score = 0.0979 |
   IP pricing time: 17.6567 s (solve 17.6547 s, gurobi.runtime 17.6291 s)
Iter 117 | error = 10.280176 | best_score = 0.0783 |
   IP pricing time: 15.8968 s (solve 15.8949 s, gurobi.runtime 15.8669 s)
Iter 118 | error = 10.278784 | best_score = 0.0821 |
   IP pricing time: 23.8605 s (solve 23.8585 s, gurobi.runtime 23.8385 s)
Iter 119 | error = 10.277654 | best_score = 0.0880 |
   IP pricing time: 27.5521 s (solve 27.5500 s, gurobi.runtime 27.5279 s)
Iter 120 | error = 10.276806 | best_score = 0.0661 |
   IP pricing time: 29.3738 s (solve 29.3718 s, gurobi.runtime 29.3463 s)
Iter 121 | error = 10.275801 | best_score = 0.0639 |
   IP pricing time: 22.2085 s (solve 22.2065 s, gurobi.runtime 22.1651 s)
Iter 122 | error = 10.275279 | best_score = 0.0695 |
   IP pricing time: 16.9401 s (solve 16.9380 s, gurobi.runtime 16.9114 s)
Iter 123 | error = 10.274881 | best_score = 0.0629 |
   IP pricing time: 16.9504 s (solve 16.9485 s, gurobi.runtime 16.9210 s)
Iter 124 | error = 10.274631 | best_score = 0.0529 |
   IP pricing time: 23.6344 s (solve 23.6327 s, gurobi.runtime 23.6123 s)
Iter 125 | error = 10.274349 | best_score = 0.0452 |
   IP pricing time: 15.5469 s (solve 15.5451 s, gurobi.runtime 15.5291 s)
Iter 126 | error = 10.273462 | best_score = 0.0552 |
   IP pricing time: 16.3203 s (solve 16.3187 s, gurobi.runtime 16.2974 s)
Iter 127 | error = 10.273021 | best_score = 0.0588 |
   IP pricing time: 24.2593 s (solve 24.2574 s, gurobi.runtime 24.2486 s)
Iter 128 | error = 10.272776 | best_score = 0.0572 |
   IP pricing time: 17.3584 s (solve 17.3563 s, gurobi.runtime 17.3283 s)
Iter 129 | error = 10.272443 | best_score = 0.0487 |
   IP pricing time: 25.1018 s (solve 25.0997 s, gurobi.runtime 25.0752 s)
Iter 130 | error = 10.272006 | best_score = 0.0494 |
   IP pricing time: 25.5083 s (solve 25.5062 s, gurobi.runtime 25.4978 s)
Iter 131 | error = 10.271828 | best_score = 0.0390 |
   IP pricing time: 23.6674 s (solve 23.6653 s, gurobi.runtime 23.6391 s)
Iter 132 | error = 10.271554 | best_score = 0.0397 |
   IP pricing time: 25.6712 s (solve 25.6691 s, gurobi.runtime 25.6467 s)
Iter 133 | error = 10.271417 | best_score = 0.0398 |
   IP pricing time: 22.6717 s (solve 22.6697 s, gurobi.runtime 22.6466 s)
Iter 134 | error = 10.271253 | best_score = 0.0373 |
   IP pricing time: 17.9843 s (solve 17.9822 s, gurobi.runtime 17.9749 s)
Iter 135 | error = 10.271007 | best_score = 0.0444 |
   IP pricing time: 25.5907 s (solve 25.5887 s, gurobi.runtime 25.5674 s)
Iter 136 | error = 10.270834 | best_score = 0.0375 |
   IP pricing time: 17.8962 s (solve 17.8941 s, gurobi.runtime 17.8624 s)
Iter 137 | error = 10.270590 | best_score = 0.0358 |
   IP pricing time: 26.4007 s (solve 26.3986 s, gurobi.runtime 26.3707 s)
Iter 138 | error = 10.270353 | best_score = 0.0316 |
   IP pricing time: 25.4025 s (solve 25.4004 s, gurobi.runtime 25.3865 s)
Iter 139 | error = 10.270273 | best_score = 0.0305 |
   IP pricing time: 24.6102 s (solve 24.6081 s, gurobi.runtime 24.5843 s)
Iter 140 | error = 10.270198 | best_score = 0.0299 |
   IP pricing time: 27.8167 s (solve 27.8140 s, gurobi.runtime 27.8067 s)
Iter 141 | error = 10.270010 | best_score = 0.0316 |
   IP pricing time: 26.0109 s (solve 26.0089 s, gurobi.runtime 25.9819 s)
Iter 142 | error = 10.269883 | best_score = 0.0303 |
   IP pricing time: 26.1316 s (solve 26.1296 s, gurobi.runtime 26.1002 s)
Iter 143 | error = 10.269777 | best_score = 0.0276 |
   IP pricing time: 27.2818 s (solve 27.2797 s, gurobi.runtime 27.2550 s)
Iter 144 | error = 10.269641 | best_score = 0.0301 |
   IP pricing time: 24.1560 s (solve 24.1539 s, gurobi.runtime 24.1310 s)
Iter 145 | error = 10.269397 | best_score = 0.0281 |
   IP pricing time: 28.6361 s (solve 28.6340 s, gurobi.runtime 28.6059 s)
Iter 146 | error = 10.269153 | best_score = 0.0338 |
   IP pricing time: 24.9458 s (solve 24.9437 s, gurobi.runtime 24.9189 s)
Iter 147 | error = 10.269060 | best_score = 0.0246 |
   IP pricing time: 17.2055 s (solve 17.2035 s, gurobi.runtime 17.1666 s)
Iter 148 | error = 10.268899 | best_score = 0.0285 |
   IP pricing time: 28.5761 s (solve 28.5740 s, gurobi.runtime 28.5330 s)
Iter 149 | error = 10.268711 | best_score = 0.0240 |
   IP pricing time: 19.2180 s (solve 19.2161 s, gurobi.runtime 19.1885 s)
Iter 150 | error = 10.268563 | best_score = 0.0245 |
   IP pricing time: 26.6851 s (solve 26.6833 s, gurobi.runtime 26.6425 s)
Iter 151 | error = 10.268417 | best_score = 0.0273 |
   IP pricing time: 30.5214 s (solve 30.5194 s, gurobi.runtime 30.4981 s)
Iter 152 | error = 10.268352 | best_score = 0.0236 |
   IP pricing time: 27.8966 s (solve 27.8946 s, gurobi.runtime 27.8679 s)
Iter 153 | error = 10.268184 | best_score = 0.0191 |
   IP pricing time: 19.3047 s (solve 19.3026 s, gurobi.runtime 19.2778 s)
Iter 154 | error = 10.267959 | best_score = 0.0244 |
   IP pricing time: 26.8922 s (solve 26.8901 s, gurobi.runtime 26.8674 s)
Iter 155 | error = 10.267862 | best_score = 0.0169 |
   IP pricing time: 28.3820 s (solve 28.3799 s, gurobi.runtime 28.3576 s)
Iter 156 | error = 10.267769 | best_score = 0.0215 |
   IP pricing time: 21.3601 s (solve 21.3580 s, gurobi.runtime 21.3374 s)
Iter 157 | error = 10.267695 | best_score = 0.0164 |
   IP pricing time: 25.6787 s (solve 25.6766 s, gurobi.runtime 25.6539 s)
Iter 158 | error = 10.267641 | best_score = 0.0148 |
   IP pricing time: 26.2632 s (solve 26.2611 s, gurobi.runtime 26.2369 s)
Iter 159 | error = 10.267558 | best_score = 0.0125 |
   IP pricing time: 27.0324 s (solve 27.0304 s, gurobi.runtime 27.0094 s)
Iter 160 | error = 10.267519 | best_score = 0.0111 |
   IP pricing time: 26.5704 s (solve 26.5683 s, gurobi.runtime 26.5474 s)
Iter 161 | error = 10.267487 | best_score = 0.0091 |
   IP pricing time: 17.9349 s (solve 17.9329 s, gurobi.runtime 17.9120 s)
Iter 162 | error = 10.267474 | best_score = 0.0092 |
   IP pricing time: 18.6895 s (solve 18.6874 s, gurobi.runtime 18.6614 s)
Iter 163 | error = 10.267416 | best_score = 0.0080 |
   IP pricing time: 26.2349 s (solve 26.2329 s, gurobi.runtime 26.2101 s)
Iter 164 | error = 10.267394 | best_score = 0.0085 |
   IP pricing time: 17.9836 s (solve 17.9815 s, gurobi.runtime 17.9532 s)
Iter 165 | error = 10.267365 | best_score = 0.0081 |
   IP pricing time: 27.2129 s (solve 27.2110 s, gurobi.runtime 27.1853 s)
Iter 166 | error = 10.267327 | best_score = 0.0082 |
   IP pricing time: 17.6649 s (solve 17.6630 s, gurobi.runtime 17.6516 s)
Iter 167 | error = 10.267313 | best_score = 0.0075 |
   IP pricing time: 30.5061 s (solve 30.5040 s, gurobi.runtime 30.4882 s)
Iter 168 | error = 10.267261 | best_score = 0.0092 |
   IP pricing time: 20.1588 s (solve 20.1567 s, gurobi.runtime 20.1361 s)
Iter 169 | error = 10.267224 | best_score = 0.0077 |
   IP pricing time: 20.7264 s (solve 20.7243 s, gurobi.runtime 20.7044 s)
Iter 170 | error = 10.267198 | best_score = 0.0069 |
   IP pricing time: 19.6927 s (solve 19.6907 s, gurobi.runtime 19.6641 s)
Iter 171 | error = 10.267189 | best_score = 0.0066 |
   IP pricing time: 21.5121 s (solve 21.5103 s, gurobi.runtime 21.4867 s)
Iter 172 | error = 10.267170 | best_score = 0.0052 |
   IP pricing time: 28.8702 s (solve 28.8682 s, gurobi.runtime 28.8512 s)
Iter 173 | error = 10.267160 | best_score = 0.0041 |
   IP pricing time: 17.4199 s (solve 17.4180 s, gurobi.runtime 17.3941 s)
Iter 174 | error = 10.267155 | best_score = 0.0041 |
   IP pricing time: 27.8655 s (solve 27.8634 s, gurobi.runtime 27.8412 s)
Iter 175 | error = 10.267148 | best_score = 0.0046 |
   IP pricing time: 19.6073 s (solve 19.6053 s, gurobi.runtime 19.5832 s)
Iter 176 | error = 10.267138 | best_score = 0.0042 |
   IP pricing time: 23.6279 s (solve 23.6260 s, gurobi.runtime 23.5982 s)
Iter 177 | error = 10.267130 | best_score = 0.0042 |
   IP pricing time: 18.1842 s (solve 18.1823 s, gurobi.runtime 18.1614 s)
Iter 178 | error = 10.267127 | best_score = 0.0044 |
   IP pricing time: 26.7789 s (solve 26.7769 s, gurobi.runtime 26.7358 s)
Iter 179 | error = 10.267121 | best_score = 0.0045 |
   IP pricing time: 33.8420 s (solve 33.8400 s, gurobi.runtime 33.8207 s)
Iter 180 | error = 10.267114 | best_score = 0.0032 |
   IP pricing time: 18.9845 s (solve 18.9825 s, gurobi.runtime 18.8800 s)
Iter 181 | error = 10.267106 | best_score = 0.0033 |
   IP pricing time: 25.8198 s (solve 25.8179 s, gurobi.runtime 25.7982 s)
Iter 182 | error = 10.267102 | best_score = 0.0028 |
   IP pricing time: 29.5052 s (solve 29.5031 s, gurobi.runtime 29.4820 s)
Iter 183 | error = 10.267097 | best_score = 0.0019 |
   IP pricing time: 21.9796 s (solve 21.9776 s, gurobi.runtime 21.9544 s)
Iter 184 | error = 10.267096 | best_score = 0.0019 |
   IP pricing time: 30.9134 s (solve 30.9113 s, gurobi.runtime 30.8906 s)
Iter 185 | error = 10.267092 | best_score = 0.0022 |
   IP pricing time: 29.7835 s (solve 29.7813 s, gurobi.runtime 29.7520 s)
Iter 186 | error = 10.267091 | best_score = 0.0015 |
   IP pricing time: 34.0668 s (solve 34.0647 s, gurobi.runtime 34.0483 s)
Iter 187 | error = 10.267089 | best_score = 0.0014 |
   IP pricing time: 28.2435 s (solve 28.2415 s, gurobi.runtime 28.2122 s)
Iter 188 | error = 10.267087 | best_score = 0.0012 |
   IP pricing time: 33.7040 s (solve 33.7019 s, gurobi.runtime 33.6752 s)
Iter 189 | error = 10.267087 | best_score = 0.0009 |
   IP pricing time: 28.4975 s (solve 28.4955 s, gurobi.runtime 28.4702 s)
Iter 190 | error = 10.267086 | best_score = 0.0004 |
   IP pricing time: 24.9716 s (solve 24.9695 s, gurobi.runtime 24.9460 s)
Iter 191 | error = 10.267086 | best_score = 0.0003 |
   IP pricing time: 30.2452 s (solve 30.2432 s, gurobi.runtime 30.2153 s)
Iter 192 | error = 10.267086 | best_score = 0.0003 |
   IP pricing time: 32.6161 s (solve 32.6140 s, gurobi.runtime 32.5871 s)
Iter 193 | error = 10.267086 | best_score = 0.0001 |
 Convergence Criterion Achieved (reduced_cost 5.9190e-05 < tol)
  CG_IP  status=ok  error=1.026709e+01  total=2717.69s  iters=193  IP_calls=193  build=0.01s  solve_tot=2713.09s  gur_tot=2708.71s

========================================================
Done. n = 22, 5 seed(s).
Summary: /vast/palmer/home.grace/hc654/Random-Utility-Models/feasibility_analysis_binary_menus/results_runs/run_summary_n022.csv
Details: /vast/palmer/home.grace/hc654/Random-Utility-Models/feasibility_analysis_binary_menus/results_runs/run_details_n022.mat
========================================================
