SLURM_JOBID:  58254198
SLURM_ARRAY_TASK_ID:  24
SLURM_ARRAY_JOB_ID:  58254188
Gurobi shell based on Python 3.12.3 can be launched with command `gurobi.sh`
Gurobi Python Interface can be loaded in Python 3.12.3 with 'import gurobipy'
RUM estimation on all-binary-menu synthetic data (n = 24)
Running 5 seeds. Outputs:
  /vast/palmer/home.grace/hc654/Random-Utility-Models/feasibility_analysis_binary_menus/results_runs/run_summary_n024.csv
  /vast/palmer/home.grace/hc654/Random-Utility-Models/feasibility_analysis_binary_menus/results_runs/run_log_n024.txt
  /vast/palmer/home.grace/hc654/Random-Utility-Models/feasibility_analysis_binary_menus/results_runs/run_details_n024.mat
  /vast/palmer/home.grace/hc654/Random-Utility-Models/feasibility_analysis_binary_menus/results_runs/run_iptimes_n024.csv

Host: r816u29n03.grace.ycrc.yale.edu
CPU:  Intel(R) Xeon(R) Gold 6342 CPU @ 2.80GHz
OS:   GLNXA64 | logical cores: 4 | MATLAB: 23.2.0.2428915 (R2023b) Update 4


========================================================
[1/5] n = 24, seed = 1  (all binary menus)
========================================================
[fractions mode] counts(s) = round(frac(s) * C(n,s))  (total 276 menus).
Generating fake data for n=24 alternatives, 276 menus (Dirichlet probs)...
Generated 552 rows from 276 menus (276 unique).
Menu size distribution actually drawn:
  size 2: 276 menus (100.0%)

n = 24 | 552 observations | 276 unique menus | menu sizes 2..2

  -- CG_IP --  (budget: 604800.0 s)
Starting column generation with 1 initial columns...
Pricing mode: IP
Generating choice sets only (rankings built on-demand)...
Using 552 provided choice sets
✓ 552 choice sets generated (no ranking enumeration needed)

B_IP_pricing_build: 0.03s (nvars=576, ncons=4324)
  IP pricing time: 0.0910 s (solve 0.0668 s, gurobi.runtime 0.0203 s)
Iter 1 | error = 189.601084 | best_score = 282.9221 |
   IP pricing time: 0.1786 s (solve 0.1750 s, gurobi.runtime 0.1599 s)
Iter 2 | error = 44.592150 | best_score = 30.2648 |
   IP pricing time: 0.2774 s (solve 0.2753 s, gurobi.runtime 0.2644 s)
Iter 3 | error = 37.942201 | best_score = 27.1082 |
   IP pricing time: 0.1175 s (solve 0.1139 s, gurobi.runtime 0.1003 s)
Iter 4 | error = 32.384918 | best_score = 28.9362 |
   IP pricing time: 0.0451 s (solve 0.0380 s, gurobi.runtime 0.0324 s)
Iter 5 | error = 25.214033 | best_score = 25.2519 |
   IP pricing time: 0.0619 s (solve 0.0603 s, gurobi.runtime 0.0542 s)
Iter 6 | error = 21.054273 | best_score = 16.2188 |
   IP pricing time: 0.5178 s (solve 0.5164 s, gurobi.runtime 0.5110 s)
Iter 7 | error = 19.152932 | best_score = 11.7597 |
   IP pricing time: 0.2957 s (solve 0.2943 s, gurobi.runtime 0.2858 s)
Iter 8 | error = 18.103531 | best_score = 9.4747 |
   IP pricing time: 0.1488 s (solve 0.1474 s, gurobi.runtime 0.1353 s)
Iter 9 | error = 17.415929 | best_score = 9.0298 |
   IP pricing time: 0.5041 s (solve 0.5027 s, gurobi.runtime 0.4877 s)
Iter 10 | error = 16.764523 | best_score = 7.1185 |
   IP pricing time: 0.8665 s (solve 0.8651 s, gurobi.runtime 0.8448 s)
Iter 11 | error = 16.321625 | best_score = 6.3825 |
   IP pricing time: 1.4091 s (solve 1.4077 s, gurobi.runtime 1.3851 s)
Iter 12 | error = 15.963652 | best_score = 4.7766 |
   IP pricing time: 0.3212 s (solve 0.3198 s, gurobi.runtime 0.3122 s)
Iter 13 | error = 15.763070 | best_score = 5.7391 |
   IP pricing time: 1.1274 s (solve 1.1256 s, gurobi.runtime 1.1172 s)
Iter 14 | error = 15.479369 | best_score = 4.7274 |
   IP pricing time: 1.2559 s (solve 1.2545 s, gurobi.runtime 1.2417 s)
Iter 15 | error = 15.264087 | best_score = 4.4140 |
   IP pricing time: 1.1454 s (solve 1.1440 s, gurobi.runtime 1.1359 s)
Iter 16 | error = 15.062568 | best_score = 4.0416 |
   IP pricing time: 0.8682 s (solve 0.8668 s, gurobi.runtime 0.8611 s)
Iter 17 | error = 14.920105 | best_score = 3.7069 |
   IP pricing time: 1.8253 s (solve 1.8239 s, gurobi.runtime 1.8129 s)
Iter 18 | error = 14.776286 | best_score = 2.9649 |
   IP pricing time: 1.6437 s (solve 1.6423 s, gurobi.runtime 1.6243 s)
Iter 19 | error = 14.692110 | best_score = 3.2270 |
   IP pricing time: 1.3080 s (solve 1.3066 s, gurobi.runtime 1.2922 s)
Iter 20 | error = 14.577068 | best_score = 2.9364 |
   IP pricing time: 1.5272 s (solve 1.5259 s, gurobi.runtime 1.5078 s)
Iter 21 | error = 14.491882 | best_score = 2.9340 |
   IP pricing time: 1.4041 s (solve 1.4027 s, gurobi.runtime 1.3923 s)
Iter 22 | error = 14.397311 | best_score = 2.7444 |
   IP pricing time: 1.3585 s (solve 1.3568 s, gurobi.runtime 1.3435 s)
Iter 23 | error = 14.311896 | best_score = 2.9575 |
   IP pricing time: 1.5521 s (solve 1.5506 s, gurobi.runtime 1.5238 s)
Iter 24 | error = 14.185040 | best_score = 2.6955 |
   IP pricing time: 2.2920 s (solve 2.2906 s, gurobi.runtime 2.2802 s)
Iter 25 | error = 14.102938 | best_score = 2.5191 |
   IP pricing time: 1.2925 s (solve 1.2911 s, gurobi.runtime 1.2826 s)
Iter 26 | error = 14.020188 | best_score = 2.6595 |
   IP pricing time: 0.9707 s (solve 0.9693 s, gurobi.runtime 0.9580 s)
Iter 27 | error = 13.933168 | best_score = 2.7161 |
   IP pricing time: 3.2291 s (solve 3.2274 s, gurobi.runtime 3.2126 s)
Iter 28 | error = 13.849297 | best_score = 1.7595 |
   IP pricing time: 5.0677 s (solve 5.0661 s, gurobi.runtime 5.0527 s)
Iter 29 | error = 13.798507 | best_score = 1.7884 |
   IP pricing time: 3.3608 s (solve 3.3593 s, gurobi.runtime 3.3459 s)
Iter 30 | error = 13.737532 | best_score = 1.8918 |
   IP pricing time: 1.5800 s (solve 1.5783 s, gurobi.runtime 1.5594 s)
Iter 31 | error = 13.679126 | best_score = 1.9053 |
   IP pricing time: 7.7224 s (solve 7.7208 s, gurobi.runtime 7.7085 s)
Iter 32 | error = 13.617505 | best_score = 1.6600 |
   IP pricing time: 9.2464 s (solve 9.2449 s, gurobi.runtime 9.2363 s)
Iter 33 | error = 13.585077 | best_score = 1.3095 |
   IP pricing time: 6.6408 s (solve 6.6389 s, gurobi.runtime 6.6213 s)
Iter 34 | error = 13.550801 | best_score = 1.3179 |
   IP pricing time: 6.8170 s (solve 6.8150 s, gurobi.runtime 6.7999 s)
Iter 35 | error = 13.510405 | best_score = 1.3329 |
   IP pricing time: 4.0459 s (solve 4.0440 s, gurobi.runtime 4.0202 s)
Iter 36 | error = 13.482640 | best_score = 1.4367 |
   IP pricing time: 7.5308 s (solve 7.5289 s, gurobi.runtime 7.5180 s)
Iter 37 | error = 13.455439 | best_score = 1.3341 |
   IP pricing time: 8.6006 s (solve 8.5986 s, gurobi.runtime 8.5876 s)
Iter 38 | error = 13.425700 | best_score = 1.3348 |
   IP pricing time: 8.6654 s (solve 8.6635 s, gurobi.runtime 8.6499 s)
Iter 39 | error = 13.399175 | best_score = 1.2447 |
   IP pricing time: 11.0857 s (solve 11.0838 s, gurobi.runtime 11.0661 s)
Iter 40 | error = 13.373292 | best_score = 1.1154 |
   IP pricing time: 6.2590 s (solve 6.2573 s, gurobi.runtime 6.2453 s)
Iter 41 | error = 13.343419 | best_score = 1.2284 |
   IP pricing time: 14.8489 s (solve 14.8470 s, gurobi.runtime 14.8262 s)
Iter 42 | error = 13.321682 | best_score = 0.9677 |
   IP pricing time: 9.6202 s (solve 9.6182 s, gurobi.runtime 9.5823 s)
Iter 43 | error = 13.302282 | best_score = 1.0471 |
   IP pricing time: 11.7315 s (solve 11.7293 s, gurobi.runtime 11.7151 s)
Iter 44 | error = 13.286988 | best_score = 1.0053 |
   IP pricing time: 11.7200 s (solve 11.7179 s, gurobi.runtime 11.6915 s)
Iter 45 | error = 13.269425 | best_score = 1.0344 |
   IP pricing time: 11.8890 s (solve 11.8870 s, gurobi.runtime 11.8756 s)
Iter 46 | error = 13.253883 | best_score = 0.9254 |
   IP pricing time: 17.1306 s (solve 17.1287 s, gurobi.runtime 17.1180 s)
Iter 47 | error = 13.242413 | best_score = 0.8181 |
   IP pricing time: 22.4391 s (solve 22.4371 s, gurobi.runtime 22.4130 s)
Iter 48 | error = 13.225957 | best_score = 0.7899 |
   IP pricing time: 15.3844 s (solve 15.3824 s, gurobi.runtime 15.3640 s)
Iter 49 | error = 13.214818 | best_score = 0.8334 |
   IP pricing time: 22.9078 s (solve 22.9058 s, gurobi.runtime 22.8959 s)
Iter 50 | error = 13.199374 | best_score = 0.7129 |
   IP pricing time: 16.2622 s (solve 16.2602 s, gurobi.runtime 16.2347 s)
Iter 51 | error = 13.186203 | best_score = 0.7300 |
   IP pricing time: 22.9945 s (solve 22.9925 s, gurobi.runtime 22.9776 s)
Iter 52 | error = 13.176855 | best_score = 0.6211 |
   IP pricing time: 11.7582 s (solve 11.7567 s, gurobi.runtime 11.7317 s)
Iter 53 | error = 13.169775 | best_score = 0.7708 |
   IP pricing time: 10.4067 s (solve 10.4049 s, gurobi.runtime 10.3862 s)
Iter 54 | error = 13.158321 | best_score = 0.8084 |
   IP pricing time: 21.1877 s (solve 21.1861 s, gurobi.runtime 21.1733 s)
Iter 55 | error = 13.141574 | best_score = 0.6639 |
   IP pricing time: 20.1347 s (solve 20.1329 s, gurobi.runtime 20.1130 s)
Iter 56 | error = 13.132638 | best_score = 0.6284 |
   IP pricing time: 22.1423 s (solve 22.1408 s, gurobi.runtime 22.1284 s)
Iter 57 | error = 13.121429 | best_score = 0.5920 |
   IP pricing time: 30.1617 s (solve 30.1598 s, gurobi.runtime 30.1398 s)
Iter 58 | error = 13.112949 | best_score = 0.5073 |
   IP pricing time: 23.5510 s (solve 23.5489 s, gurobi.runtime 23.5327 s)
Iter 59 | error = 13.107732 | best_score = 0.5294 |
   IP pricing time: 27.5352 s (solve 27.5332 s, gurobi.runtime 27.5222 s)
Iter 60 | error = 13.101591 | best_score = 0.5283 |
   IP pricing time: 31.8302 s (solve 31.8282 s, gurobi.runtime 31.8142 s)
Iter 61 | error = 13.093767 | best_score = 0.5024 |
   IP pricing time: 20.9827 s (solve 20.9807 s, gurobi.runtime 20.9615 s)
Iter 62 | error = 13.086185 | best_score = 0.5506 |
   IP pricing time: 25.1479 s (solve 25.1459 s, gurobi.runtime 25.1384 s)
Iter 63 | error = 13.076934 | best_score = 0.5172 |
   IP pricing time: 16.0625 s (solve 16.0606 s, gurobi.runtime 16.0421 s)
Iter 64 | error = 13.070702 | best_score = 0.5729 |
   IP pricing time: 28.3271 s (solve 28.3251 s, gurobi.runtime 28.3081 s)
Iter 65 | error = 13.063046 | best_score = 0.4795 |
   IP pricing time: 27.6275 s (solve 27.6255 s, gurobi.runtime 27.6104 s)
Iter 66 | error = 13.058078 | best_score = 0.5177 |
   IP pricing time: 22.0939 s (solve 22.0920 s, gurobi.runtime 22.0814 s)
Iter 67 | error = 13.050341 | best_score = 0.5124 |
   IP pricing time: 32.0346 s (solve 32.0326 s, gurobi.runtime 32.0068 s)
Iter 68 | error = 13.043188 | best_score = 0.4104 |
   IP pricing time: 35.2638 s (solve 35.2618 s, gurobi.runtime 35.2370 s)
Iter 69 | error = 13.036469 | best_score = 0.4545 |
   IP pricing time: 33.1607 s (solve 33.1588 s, gurobi.runtime 33.1409 s)
Iter 70 | error = 13.030448 | best_score = 0.3863 |
   IP pricing time: 30.7107 s (solve 30.7089 s, gurobi.runtime 30.6955 s)
Iter 71 | error = 13.022420 | best_score = 0.3856 |
   IP pricing time: 29.0951 s (solve 29.0933 s, gurobi.runtime 29.0730 s)
Iter 72 | error = 13.017308 | best_score = 0.4611 |
   IP pricing time: 43.2711 s (solve 43.2691 s, gurobi.runtime 43.2567 s)
Iter 73 | error = 13.011272 | best_score = 0.4265 |
   IP pricing time: 44.5967 s (solve 44.5947 s, gurobi.runtime 44.5727 s)
Iter 74 | error = 13.006418 | best_score = 0.3685 |
   IP pricing time: 46.4635 s (solve 46.4615 s, gurobi.runtime 46.4444 s)
Iter 75 | error = 13.003262 | best_score = 0.3521 |
   IP pricing time: 31.6440 s (solve 31.6421 s, gurobi.runtime 31.6173 s)
Iter 76 | error = 12.999351 | best_score = 0.3280 |
   IP pricing time: 36.1016 s (solve 36.0996 s, gurobi.runtime 36.0799 s)
Iter 77 | error = 12.995807 | best_score = 0.2818 |
   IP pricing time: 46.7492 s (solve 46.7472 s, gurobi.runtime 46.7213 s)
Iter 78 | error = 12.992343 | best_score = 0.3074 |
   IP pricing time: 52.4595 s (solve 52.4576 s, gurobi.runtime 52.4351 s)
Iter 79 | error = 12.988855 | best_score = 0.2962 |
   IP pricing time: 38.5784 s (solve 38.5764 s, gurobi.runtime 38.5499 s)
Iter 80 | error = 12.985973 | best_score = 0.2970 |
   IP pricing time: 44.5685 s (solve 44.5665 s, gurobi.runtime 44.5426 s)
Iter 81 | error = 12.982213 | best_score = 0.3211 |
   IP pricing time: 47.2386 s (solve 47.2366 s, gurobi.runtime 47.2174 s)
Iter 82 | error = 12.978149 | best_score = 0.3250 |
   IP pricing time: 38.5958 s (solve 38.5938 s, gurobi.runtime 38.5702 s)
Iter 83 | error = 12.972467 | best_score = 0.2638 |
   IP pricing time: 43.3215 s (solve 43.3195 s, gurobi.runtime 43.2959 s)
Iter 84 | error = 12.969926 | best_score = 0.2599 |
   IP pricing time: 57.4932 s (solve 57.4912 s, gurobi.runtime 57.4630 s)
Iter 85 | error = 12.967925 | best_score = 0.2465 |
   IP pricing time: 40.5904 s (solve 40.5884 s, gurobi.runtime 40.5707 s)
Iter 86 | error = 12.965636 | best_score = 0.2344 |
   IP pricing time: 47.6533 s (solve 47.6512 s, gurobi.runtime 47.6326 s)
Iter 87 | error = 12.963756 | best_score = 0.2275 |
   IP pricing time: 37.6574 s (solve 37.6554 s, gurobi.runtime 37.6293 s)
Iter 88 | error = 12.961562 | best_score = 0.2531 |
   IP pricing time: 38.2896 s (solve 38.2876 s, gurobi.runtime 38.2598 s)
Iter 89 | error = 12.958735 | best_score = 0.2060 |
   IP pricing time: 39.1264 s (solve 39.1244 s, gurobi.runtime 39.1049 s)
Iter 90 | error = 12.957687 | best_score = 0.2097 |
   IP pricing time: 47.4294 s (solve 47.4274 s, gurobi.runtime 47.4005 s)
Iter 91 | error = 12.954378 | best_score = 0.2249 |
   IP pricing time: 36.6453 s (solve 36.6432 s, gurobi.runtime 36.6190 s)
Iter 92 | error = 12.951660 | best_score = 0.2324 |
   IP pricing time: 41.5904 s (solve 41.5883 s, gurobi.runtime 41.5627 s)
Iter 93 | error = 12.949866 | best_score = 0.1909 |
   IP pricing time: 58.6143 s (solve 58.6123 s, gurobi.runtime 58.5966 s)
Iter 94 | error = 12.947436 | best_score = 0.1734 |
   IP pricing time: 42.9891 s (solve 42.9870 s, gurobi.runtime 42.9689 s)
Iter 95 | error = 12.945652 | best_score = 0.1740 |
   IP pricing time: 45.5389 s (solve 45.5369 s, gurobi.runtime 45.5192 s)
Iter 96 | error = 12.944847 | best_score = 0.1461 |
   IP pricing time: 36.1008 s (solve 36.0988 s, gurobi.runtime 36.0848 s)
Iter 97 | error = 12.943268 | best_score = 0.1618 |
   IP pricing time: 46.3802 s (solve 46.3783 s, gurobi.runtime 46.3601 s)
Iter 98 | error = 12.942336 | best_score = 0.1535 |
   IP pricing time: 40.3785 s (solve 40.3765 s, gurobi.runtime 40.3506 s)
Iter 99 | error = 12.941394 | best_score = 0.1645 |
   IP pricing time: 64.7663 s (solve 64.7643 s, gurobi.runtime 64.7438 s)
Iter 100 | error = 12.939541 | best_score = 0.1499 |
   IP pricing time: 56.9217 s (solve 56.9197 s, gurobi.runtime 56.8984 s)
Iter 101 | error = 12.938387 | best_score = 0.1415 |
   IP pricing time: 66.6159 s (solve 66.6139 s, gurobi.runtime 66.5864 s)
Iter 102 | error = 12.937451 | best_score = 0.1495 |
   IP pricing time: 65.1413 s (solve 65.1392 s, gurobi.runtime 65.1153 s)
Iter 103 | error = 12.936534 | best_score = 0.1391 |
   IP pricing time: 54.3278 s (solve 54.3258 s, gurobi.runtime 54.2979 s)
Iter 104 | error = 12.935008 | best_score = 0.1522 |
   IP pricing time: 46.5691 s (solve 46.5670 s, gurobi.runtime 46.5447 s)
Iter 105 | error = 12.934004 | best_score = 0.1508 |
   IP pricing time: 51.7560 s (solve 51.7539 s, gurobi.runtime 51.7421 s)
Iter 106 | error = 12.931871 | best_score = 0.1522 |
   IP pricing time: 47.9405 s (solve 47.9384 s, gurobi.runtime 47.9138 s)
Iter 107 | error = 12.930433 | best_score = 0.1420 |
   IP pricing time: 56.7724 s (solve 56.7703 s, gurobi.runtime 56.7401 s)
Iter 108 | error = 12.929483 | best_score = 0.1428 |
   IP pricing time: 65.2341 s (solve 65.2321 s, gurobi.runtime 65.2081 s)
Iter 109 | error = 12.928444 | best_score = 0.1283 |
   IP pricing time: 52.8218 s (solve 52.8198 s, gurobi.runtime 52.7572 s)
Iter 110 | error = 12.927298 | best_score = 0.1354 |
   IP pricing time: 43.1419 s (solve 43.1399 s, gurobi.runtime 43.1167 s)
Iter 111 | error = 12.926400 | best_score = 0.1322 |
   IP pricing time: 46.4770 s (solve 46.4749 s, gurobi.runtime 46.4557 s)
Iter 112 | error = 12.925582 | best_score = 0.1321 |
   IP pricing time: 69.9896 s (solve 69.9875 s, gurobi.runtime 69.9596 s)
Iter 113 | error = 12.924787 | best_score = 0.1005 |
   IP pricing time: 58.3415 s (solve 58.3395 s, gurobi.runtime 58.3114 s)
Iter 114 | error = 12.924128 | best_score = 0.1114 |
   IP pricing time: 53.9828 s (solve 53.9807 s, gurobi.runtime 53.9618 s)
Iter 115 | error = 12.923357 | best_score = 0.1165 |
   IP pricing time: 59.7584 s (solve 59.7563 s, gurobi.runtime 59.7426 s)
Iter 116 | error = 12.922859 | best_score = 0.0937 |
   IP pricing time: 69.9119 s (solve 69.9099 s, gurobi.runtime 69.8994 s)
Iter 117 | error = 12.922304 | best_score = 0.1073 |
   IP pricing time: 65.9693 s (solve 65.9666 s, gurobi.runtime 65.9482 s)
Iter 118 | error = 12.921449 | best_score = 0.1034 |
   IP pricing time: 60.4226 s (solve 60.4205 s, gurobi.runtime 60.4004 s)
Iter 119 | error = 12.920698 | best_score = 0.0734 |
   IP pricing time: 77.7101 s (solve 77.7080 s, gurobi.runtime 77.6826 s)
Iter 120 | error = 12.920088 | best_score = 0.0864 |
   IP pricing time: 56.4037 s (solve 56.4017 s, gurobi.runtime 56.3737 s)
Iter 121 | error = 12.919445 | best_score = 0.0820 |
   IP pricing time: 78.8469 s (solve 78.8448 s, gurobi.runtime 78.8234 s)
Iter 122 | error = 12.918969 | best_score = 0.0759 |
   IP pricing time: 54.5302 s (solve 54.5281 s, gurobi.runtime 54.5069 s)
Iter 123 | error = 12.918640 | best_score = 0.0784 |
   IP pricing time: 55.6268 s (solve 55.6247 s, gurobi.runtime 55.6096 s)
Iter 124 | error = 12.918178 | best_score = 0.0769 |
   IP pricing time: 64.6180 s (solve 64.6159 s, gurobi.runtime 64.5897 s)
Iter 125 | error = 12.917564 | best_score = 0.0987 |
   IP pricing time: 76.2126 s (solve 76.2106 s, gurobi.runtime 76.0921 s)
Iter 126 | error = 12.917077 | best_score = 0.0727 |
   IP pricing time: 60.8478 s (solve 60.8447 s, gurobi.runtime 60.8225 s)
Iter 127 | error = 12.916776 | best_score = 0.0672 |
   IP pricing time: 64.1282 s (solve 64.1262 s, gurobi.runtime 64.1093 s)
Iter 128 | error = 12.916366 | best_score = 0.0652 |
   IP pricing time: 59.0776 s (solve 59.0756 s, gurobi.runtime 59.0527 s)
Iter 129 | error = 12.915751 | best_score = 0.0645 |
   IP pricing time: 70.7378 s (solve 70.7357 s, gurobi.runtime 70.7143 s)
Iter 130 | error = 12.915517 | best_score = 0.0633 |
   IP pricing time: 89.5012 s (solve 89.4992 s, gurobi.runtime 89.4627 s)
Iter 131 | error = 12.914973 | best_score = 0.0700 |
   IP pricing time: 52.0695 s (solve 52.0675 s, gurobi.runtime 52.0400 s)
Iter 132 | error = 12.914400 | best_score = 0.0660 |
   IP pricing time: 56.3857 s (solve 56.3836 s, gurobi.runtime 56.3574 s)
Iter 133 | error = 12.914150 | best_score = 0.0667 |
   IP pricing time: 53.8910 s (solve 53.8890 s, gurobi.runtime 53.8791 s)
Iter 134 | error = 12.913627 | best_score = 0.0678 |
   IP pricing time: 50.9362 s (solve 50.9341 s, gurobi.runtime 50.9249 s)
Iter 135 | error = 12.913280 | best_score = 0.0640 |
   IP pricing time: 142.5229 s (solve 142.5208 s, gurobi.runtime 142.4974 s)
Iter 136 | error = 12.912787 | best_score = 0.0526 |
   IP pricing time: 55.7348 s (solve 55.7327 s, gurobi.runtime 55.6965 s)
Iter 137 | error = 12.912496 | best_score = 0.0503 |
   IP pricing time: 61.9642 s (solve 61.9621 s, gurobi.runtime 61.8931 s)
Iter 138 | error = 12.912013 | best_score = 0.0503 |
   IP pricing time: 74.9468 s (solve 74.9447 s, gurobi.runtime 74.9193 s)
Iter 139 | error = 12.911669 | best_score = 0.0511 |
   IP pricing time: 74.1022 s (solve 74.1002 s, gurobi.runtime 74.0370 s)
Iter 140 | error = 12.911393 | best_score = 0.0437 |
   IP pricing time: 145.2869 s (solve 145.2848 s, gurobi.runtime 145.2648 s)
Iter 141 | error = 12.911272 | best_score = 0.0468 |
   IP pricing time: 52.4806 s (solve 52.4785 s, gurobi.runtime 52.4548 s)
Iter 142 | error = 12.911179 | best_score = 0.0433 |
   IP pricing time: 74.8499 s (solve 74.8478 s, gurobi.runtime 74.8202 s)
Iter 143 | error = 12.910985 | best_score = 0.0502 |
   IP pricing time: 56.6206 s (solve 56.6186 s, gurobi.runtime 56.5940 s)
Iter 144 | error = 12.910876 | best_score = 0.0504 |
   IP pricing time: 61.5470 s (solve 61.5449 s, gurobi.runtime 61.5165 s)
Iter 145 | error = 12.910517 | best_score = 0.0521 |
   IP pricing time: 52.8652 s (solve 52.8631 s, gurobi.runtime 52.8389 s)
Iter 146 | error = 12.910148 | best_score = 0.0500 |
   IP pricing time: 59.8230 s (solve 59.8209 s, gurobi.runtime 59.7937 s)
Iter 147 | error = 12.909960 | best_score = 0.0502 |
   IP pricing time: 52.8975 s (solve 52.8944 s, gurobi.runtime 52.8700 s)
Iter 148 | error = 12.909618 | best_score = 0.0555 |
   IP pricing time: 89.9613 s (solve 89.9592 s, gurobi.runtime 89.9392 s)
Iter 149 | error = 12.909261 | best_score = 0.0466 |
   IP pricing time: 57.9673 s (solve 57.9652 s, gurobi.runtime 57.9560 s)
Iter 150 | error = 12.909139 | best_score = 0.0429 |
   IP pricing time: 60.4176 s (solve 60.4142 s, gurobi.runtime 60.3901 s)
Iter 151 | error = 12.908976 | best_score = 0.0389 |
   IP pricing time: 60.1096 s (solve 60.1076 s, gurobi.runtime 60.0816 s)
Iter 152 | error = 12.908820 | best_score = 0.0353 |
   IP pricing time: 68.3082 s (solve 68.3062 s, gurobi.runtime 68.2794 s)
Iter 153 | error = 12.908655 | best_score = 0.0359 |
   IP pricing time: 150.2972 s (solve 150.2951 s, gurobi.runtime 150.2721 s)
Iter 154 | error = 12.908446 | best_score = 0.0341 |
   IP pricing time: 94.8971 s (solve 94.8951 s, gurobi.runtime 94.8744 s)
Iter 155 | error = 12.908289 | best_score = 0.0338 |
   IP pricing time: 154.6302 s (solve 154.6263 s, gurobi.runtime 154.5872 s)
Iter 156 | error = 12.908134 | best_score = 0.0261 |
   IP pricing time: 70.4380 s (solve 70.4359 s, gurobi.runtime 70.4162 s)
Iter 157 | error = 12.908003 | best_score = 0.0320 |
   IP pricing time: 62.2224 s (solve 62.2204 s, gurobi.runtime 62.2006 s)
Iter 158 | error = 12.907919 | best_score = 0.0257 |
   IP pricing time: 56.1518 s (solve 56.1498 s, gurobi.runtime 56.1411 s)
Iter 159 | error = 12.907802 | best_score = 0.0271 |
   IP pricing time: 94.1276 s (solve 94.1255 s, gurobi.runtime 94.0998 s)
Iter 160 | error = 12.907674 | best_score = 0.0299 |
   IP pricing time: 151.0043 s (solve 151.0022 s, gurobi.runtime 150.9706 s)
Iter 161 | error = 12.907503 | best_score = 0.0286 |
   IP pricing time: 165.8787 s (solve 165.8766 s, gurobi.runtime 165.8458 s)
Iter 162 | error = 12.907362 | best_score = 0.0245 |
   IP pricing time: 57.6629 s (solve 57.6608 s, gurobi.runtime 57.6405 s)
Iter 163 | error = 12.907262 | best_score = 0.0243 |
   IP pricing time: 60.1915 s (solve 60.1894 s, gurobi.runtime 60.1633 s)
Iter 164 | error = 12.907100 | best_score = 0.0313 |
   IP pricing time: 52.3730 s (solve 52.3710 s, gurobi.runtime 52.3262 s)
Iter 165 | error = 12.906932 | best_score = 0.0370 |
   IP pricing time: 83.3426 s (solve 83.3405 s, gurobi.runtime 83.3202 s)
Iter 166 | error = 12.906810 | best_score = 0.0288 |
   IP pricing time: 150.5554 s (solve 150.5533 s, gurobi.runtime 150.5388 s)
Iter 167 | error = 12.906632 | best_score = 0.0279 |
   IP pricing time: 59.7324 s (solve 59.7304 s, gurobi.runtime 59.6946 s)
Iter 168 | error = 12.906574 | best_score = 0.0252 |
   IP pricing time: 55.2577 s (solve 55.2557 s, gurobi.runtime 55.2340 s)
Iter 169 | error = 12.906465 | best_score = 0.0219 |
   IP pricing time: 60.3535 s (solve 60.3515 s, gurobi.runtime 60.3273 s)
Iter 170 | error = 12.906432 | best_score = 0.0231 |
   IP pricing time: 67.7199 s (solve 67.7178 s, gurobi.runtime 67.6805 s)
Iter 171 | error = 12.906357 | best_score = 0.0279 |
   IP pricing time: 60.1846 s (solve 60.1826 s, gurobi.runtime 60.1577 s)
Iter 172 | error = 12.906287 | best_score = 0.0224 |
   IP pricing time: 71.8873 s (solve 71.8853 s, gurobi.runtime 71.8566 s)
Iter 173 | error = 12.906211 | best_score = 0.0222 |
   IP pricing time: 55.2368 s (solve 55.2348 s, gurobi.runtime 55.2132 s)
Iter 174 | error = 12.906085 | best_score = 0.0236 |
   IP pricing time: 55.1773 s (solve 55.1752 s, gurobi.runtime 55.0748 s)
Iter 175 | error = 12.906048 | best_score = 0.0223 |
   IP pricing time: 53.2421 s (solve 53.2401 s, gurobi.runtime 53.2182 s)
Iter 176 | error = 12.905971 | best_score = 0.0237 |
   IP pricing time: 89.2825 s (solve 89.2804 s, gurobi.runtime 89.2535 s)
Iter 177 | error = 12.905900 | best_score = 0.0192 |
   IP pricing time: 147.0353 s (solve 147.0332 s, gurobi.runtime 147.0088 s)
Iter 178 | error = 12.905778 | best_score = 0.0218 |
   IP pricing time: 66.4615 s (solve 66.4595 s, gurobi.runtime 66.4349 s)
Iter 179 | error = 12.905733 | best_score = 0.0165 |
   IP pricing time: 82.1180 s (solve 82.1159 s, gurobi.runtime 82.0932 s)
Iter 180 | error = 12.905675 | best_score = 0.0195 |
   IP pricing time: 136.1545 s (solve 136.1524 s, gurobi.runtime 136.1196 s)
Iter 181 | error = 12.905594 | best_score = 0.0157 |
   IP pricing time: 134.5550 s (solve 134.5529 s, gurobi.runtime 134.5276 s)
Iter 182 | error = 12.905532 | best_score = 0.0213 |
   IP pricing time: 56.8843 s (solve 56.8822 s, gurobi.runtime 56.8557 s)
Iter 183 | error = 12.905453 | best_score = 0.0169 |
   IP pricing time: 58.6184 s (solve 58.6164 s, gurobi.runtime 58.5908 s)
Iter 184 | error = 12.905411 | best_score = 0.0151 |
   IP pricing time: 90.7617 s (solve 90.7596 s, gurobi.runtime 90.7359 s)
Iter 185 | error = 12.905334 | best_score = 0.0131 |
   IP pricing time: 59.2184 s (solve 59.2163 s, gurobi.runtime 59.1946 s)
Iter 186 | error = 12.905286 | best_score = 0.0142 |
   IP pricing time: 53.8047 s (solve 53.8026 s, gurobi.runtime 53.7766 s)
Iter 187 | error = 12.905265 | best_score = 0.0136 |
   IP pricing time: 58.1409 s (solve 58.1388 s, gurobi.runtime 58.1031 s)
Iter 188 | error = 12.905234 | best_score = 0.0178 |
   IP pricing time: 91.6884 s (solve 91.6863 s, gurobi.runtime 91.6645 s)
Iter 189 | error = 12.905171 | best_score = 0.0155 |
   IP pricing time: 63.6497 s (solve 63.6476 s, gurobi.runtime 63.6229 s)
Iter 190 | error = 12.905115 | best_score = 0.0131 |
   IP pricing time: 58.1519 s (solve 58.1498 s, gurobi.runtime 58.1273 s)
Iter 191 | error = 12.905047 | best_score = 0.0146 |
   IP pricing time: 62.7618 s (solve 62.7597 s, gurobi.runtime 62.7348 s)
Iter 192 | error = 12.905022 | best_score = 0.0102 |
   IP pricing time: 64.5295 s (solve 64.5275 s, gurobi.runtime 64.5049 s)
Iter 193 | error = 12.904980 | best_score = 0.0118 |
   IP pricing time: 82.1471 s (solve 82.1450 s, gurobi.runtime 82.1251 s)
Iter 194 | error = 12.904950 | best_score = 0.0094 |
   IP pricing time: 82.2548 s (solve 82.2527 s, gurobi.runtime 82.2283 s)
Iter 195 | error = 12.904907 | best_score = 0.0113 |
   IP pricing time: 64.2564 s (solve 64.2543 s, gurobi.runtime 64.2297 s)
Iter 196 | error = 12.904894 | best_score = 0.0105 |
   IP pricing time: 75.0501 s (solve 75.0481 s, gurobi.runtime 75.0273 s)
Iter 197 | error = 12.904858 | best_score = 0.0110 |
   IP pricing time: 58.1583 s (solve 58.1562 s, gurobi.runtime 58.1329 s)
Iter 198 | error = 12.904836 | best_score = 0.0088 |
   IP pricing time: 65.5985 s (solve 65.5964 s, gurobi.runtime 65.5742 s)
Iter 199 | error = 12.904782 | best_score = 0.0114 |
   IP pricing time: 61.8424 s (solve 61.8404 s, gurobi.runtime 61.8289 s)
Iter 200 | error = 12.904754 | best_score = 0.0070 |
   IP pricing time: 148.1455 s (solve 148.1434 s, gurobi.runtime 148.1173 s)
Iter 201 | error = 12.904748 | best_score = 0.0076 |
   IP pricing time: 132.7158 s (solve 132.7137 s, gurobi.runtime 132.7029 s)
Iter 202 | error = 12.904736 | best_score = 0.0060 |
   IP pricing time: 154.7144 s (solve 154.7123 s, gurobi.runtime 154.6837 s)
Iter 203 | error = 12.904727 | best_score = 0.0060 |
   IP pricing time: 80.4095 s (solve 80.4074 s, gurobi.runtime 80.3778 s)
Iter 204 | error = 12.904713 | best_score = 0.0063 |
   IP pricing time: 60.5565 s (solve 60.5545 s, gurobi.runtime 60.5286 s)
Iter 205 | error = 12.904695 | best_score = 0.0055 |
   IP pricing time: 60.1587 s (solve 60.1566 s, gurobi.runtime 60.1320 s)
Iter 206 | error = 12.904687 | best_score = 0.0047 |
   IP pricing time: 136.7196 s (solve 136.7175 s, gurobi.runtime 136.6943 s)
Iter 207 | error = 12.904680 | best_score = 0.0038 |
   IP pricing time: 83.0567 s (solve 83.0546 s, gurobi.runtime 83.0246 s)
Iter 208 | error = 12.904671 | best_score = 0.0036 |
   IP pricing time: 62.7559 s (solve 62.7539 s, gurobi.runtime 62.7305 s)
Iter 209 | error = 12.904666 | best_score = 0.0037 |
   IP pricing time: 62.5013 s (solve 62.4992 s, gurobi.runtime 62.4386 s)
Iter 210 | error = 12.904661 | best_score = 0.0040 |
   IP pricing time: 89.5118 s (solve 89.5098 s, gurobi.runtime 89.4831 s)
Iter 211 | error = 12.904651 | best_score = 0.0031 |
   IP pricing time: 71.5519 s (solve 71.5498 s, gurobi.runtime 71.5225 s)
Iter 212 | error = 12.904647 | best_score = 0.0031 |
   IP pricing time: 63.2612 s (solve 63.2591 s, gurobi.runtime 63.2380 s)
Iter 213 | error = 12.904642 | best_score = 0.0031 |
   IP pricing time: 65.1274 s (solve 65.1253 s, gurobi.runtime 65.0995 s)
Iter 214 | error = 12.904639 | best_score = 0.0023 |
   IP pricing time: 83.7306 s (solve 83.7285 s, gurobi.runtime 83.7036 s)
Iter 215 | error = 12.904633 | best_score = 0.0030 |
   IP pricing time: 140.2978 s (solve 140.2957 s, gurobi.runtime 140.2724 s)
Iter 216 | error = 12.904628 | best_score = 0.0025 |
   IP pricing time: 144.8887 s (solve 144.8866 s, gurobi.runtime 144.8717 s)
Iter 217 | error = 12.904625 | best_score = 0.0019 |
   IP pricing time: 143.7890 s (solve 143.7868 s, gurobi.runtime 143.7570 s)
Iter 218 | error = 12.904622 | best_score = 0.0019 |
   IP pricing time: 77.1474 s (solve 77.1453 s, gurobi.runtime 77.1193 s)
Iter 219 | error = 12.904620 | best_score = 0.0019 |
   IP pricing time: 147.3652 s (solve 147.3631 s, gurobi.runtime 147.3350 s)
Iter 220 | error = 12.904617 | best_score = 0.0018 |
   IP pricing time: 64.1351 s (solve 64.1330 s, gurobi.runtime 64.0939 s)
Iter 221 | error = 12.904615 | best_score = 0.0012 |
   IP pricing time: 146.5436 s (solve 146.5415 s, gurobi.runtime 146.5171 s)
Iter 222 | error = 12.904613 | best_score = 0.0011 |
   IP pricing time: 151.1274 s (solve 151.1252 s, gurobi.runtime 151.0970 s)
Iter 223 | error = 12.904613 | best_score = 0.0010 |
   IP pricing time: 59.0681 s (solve 59.0660 s, gurobi.runtime 59.0429 s)
Iter 224 | error = 12.904612 | best_score = 0.0010 |
   IP pricing time: 85.4422 s (solve 85.4402 s, gurobi.runtime 85.4252 s)
Iter 225 | error = 12.904611 | best_score = 0.0006 |
   IP pricing time: 56.6025 s (solve 56.6005 s, gurobi.runtime 56.5787 s)
Iter 226 | error = 12.904611 | best_score = 0.0006 |
   IP pricing time: 136.4885 s (solve 136.4864 s, gurobi.runtime 136.4617 s)
Iter 227 | error = 12.904611 | best_score = 0.0005 |
   IP pricing time: 91.1994 s (solve 91.1973 s, gurobi.runtime 91.1775 s)
Iter 228 | error = 12.904611 | best_score = 0.0004 |
   IP pricing time: 145.8517 s (solve 145.8496 s, gurobi.runtime 145.8254 s)
Iter 229 | error = 12.904610 | best_score = 0.0003 |
   IP pricing time: 65.7520 s (solve 65.7499 s, gurobi.runtime 65.7274 s)
Iter 230 | error = 12.904610 | best_score = 0.0001 |
   IP pricing time: 149.2775 s (solve 149.2753 s, gurobi.runtime 149.2509 s)
Iter 231 | error = 12.904610 | best_score = 0.0001 |
 Convergence Criterion Achieved (reduced_cost 7.5463e-05 < tol)
  CG_IP  status=ok  error=1.290461e+01  total=12412.94s  iters=231  IP_calls=231  build=0.03s  solve_tot=12406.35s  gur_tot=12401.15s

========================================================
[2/5] n = 24, seed = 2  (all binary menus)
========================================================
[fractions mode] counts(s) = round(frac(s) * C(n,s))  (total 276 menus).
Generating fake data for n=24 alternatives, 276 menus (Dirichlet probs)...
Generated 552 rows from 276 menus (276 unique).
Menu size distribution actually drawn:
  size 2: 276 menus (100.0%)

n = 24 | 552 observations | 276 unique menus | menu sizes 2..2

  -- CG_IP --  (budget: 604800.0 s)
Starting column generation with 1 initial columns...
Pricing mode: IP
Generating choice sets only (rankings built on-demand)...
Using 552 provided choice sets
✓ 552 choice sets generated (no ranking enumeration needed)

B_IP_pricing_build: 0.01s (nvars=576, ncons=4324)
  IP pricing time: 0.0416 s (solve 0.0361 s, gurobi.runtime 0.0188 s)
Iter 1 | error = 180.900606 | best_score = 276.9457 |
   IP pricing time: 0.4087 s (solve 0.4062 s, gurobi.runtime 0.3891 s)
Iter 2 | error = 41.953300 | best_score = 28.1067 |
   IP pricing time: 0.0745 s (solve 0.0730 s, gurobi.runtime 0.0571 s)
Iter 3 | error = 35.925341 | best_score = 28.3948 |
   IP pricing time: 0.0394 s (solve 0.0380 s, gurobi.runtime 0.0326 s)
Iter 4 | error = 28.857573 | best_score = 27.3240 |
   IP pricing time: 0.2250 s (solve 0.2235 s, gurobi.runtime 0.1978 s)
Iter 5 | error = 22.518830 | best_score = 19.8760 |
   IP pricing time: 0.2859 s (solve 0.2844 s, gurobi.runtime 0.2756 s)
Iter 6 | error = 19.905291 | best_score = 14.9344 |
   IP pricing time: 0.0553 s (solve 0.0539 s, gurobi.runtime 0.0460 s)
Iter 7 | error = 18.340960 | best_score = 14.6817 |
   IP pricing time: 0.0587 s (solve 0.0574 s, gurobi.runtime 0.0522 s)
Iter 8 | error = 16.662495 | best_score = 10.8393 |
   IP pricing time: 0.1751 s (solve 0.1737 s, gurobi.runtime 0.1586 s)
Iter 9 | error = 15.766848 | best_score = 8.1635 |
   IP pricing time: 0.2316 s (solve 0.2302 s, gurobi.runtime 0.2175 s)
Iter 10 | error = 15.225973 | best_score = 6.9753 |
   IP pricing time: 0.8991 s (solve 0.8977 s, gurobi.runtime 0.8870 s)
Iter 11 | error = 14.836081 | best_score = 5.6304 |
   IP pricing time: 0.6491 s (solve 0.6478 s, gurobi.runtime 0.6309 s)
Iter 12 | error = 14.567905 | best_score = 5.3453 |
   IP pricing time: 0.2413 s (solve 0.2399 s, gurobi.runtime 0.2170 s)
Iter 13 | error = 14.306135 | best_score = 5.2346 |
   IP pricing time: 0.2311 s (solve 0.2296 s, gurobi.runtime 0.2124 s)
Iter 14 | error = 14.028173 | best_score = 4.9054 |
   IP pricing time: 0.8421 s (solve 0.8407 s, gurobi.runtime 0.8320 s)
Iter 15 | error = 13.790022 | best_score = 4.2510 |
   IP pricing time: 0.9680 s (solve 0.9666 s, gurobi.runtime 0.9590 s)
Iter 16 | error = 13.602457 | best_score = 3.9936 |
   IP pricing time: 1.1001 s (solve 1.0987 s, gurobi.runtime 1.0738 s)
Iter 17 | error = 13.437340 | best_score = 3.6758 |
   IP pricing time: 0.6053 s (solve 0.6039 s, gurobi.runtime 0.5795 s)
Iter 18 | error = 13.291069 | best_score = 3.9881 |
   IP pricing time: 0.2700 s (solve 0.2687 s, gurobi.runtime 0.2543 s)
Iter 19 | error = 13.141173 | best_score = 3.8774 |
   IP pricing time: 0.8808 s (solve 0.8793 s, gurobi.runtime 0.8640 s)
Iter 20 | error = 12.964423 | best_score = 3.2669 |
   IP pricing time: 1.0020 s (solve 1.0006 s, gurobi.runtime 0.9870 s)
Iter 21 | error = 12.865602 | best_score = 2.8470 |
   IP pricing time: 0.8591 s (solve 0.8577 s, gurobi.runtime 0.8329 s)
Iter 22 | error = 12.764557 | best_score = 2.9480 |
   IP pricing time: 1.2599 s (solve 1.2584 s, gurobi.runtime 1.2403 s)
Iter 23 | error = 12.663364 | best_score = 2.4897 |
   IP pricing time: 0.9524 s (solve 0.9510 s, gurobi.runtime 0.9312 s)
Iter 24 | error = 12.596141 | best_score = 2.3584 |
   IP pricing time: 1.1246 s (solve 1.1232 s, gurobi.runtime 1.0971 s)
Iter 25 | error = 12.526306 | best_score = 2.2400 |
   IP pricing time: 1.1741 s (solve 1.1727 s, gurobi.runtime 1.1372 s)
Iter 26 | error = 12.445849 | best_score = 2.2713 |
   IP pricing time: 1.3131 s (solve 1.3116 s, gurobi.runtime 1.2903 s)
Iter 27 | error = 12.383340 | best_score = 1.9406 |
   IP pricing time: 2.3205 s (solve 2.3189 s, gurobi.runtime 2.3086 s)
Iter 28 | error = 12.336486 | best_score = 1.8045 |
   IP pricing time: 1.0213 s (solve 1.0197 s, gurobi.runtime 0.9984 s)
Iter 29 | error = 12.290741 | best_score = 2.0577 |
   IP pricing time: 1.9050 s (solve 1.9035 s, gurobi.runtime 1.8776 s)
Iter 30 | error = 12.226662 | best_score = 1.9308 |
   IP pricing time: 1.7781 s (solve 1.7767 s, gurobi.runtime 1.7504 s)
Iter 31 | error = 12.162803 | best_score = 1.7526 |
   IP pricing time: 1.6104 s (solve 1.6090 s, gurobi.runtime 1.5900 s)
Iter 32 | error = 12.116840 | best_score = 1.6888 |
   IP pricing time: 1.0138 s (solve 1.0124 s, gurobi.runtime 0.9911 s)
Iter 33 | error = 12.077359 | best_score = 1.8884 |
   IP pricing time: 1.2498 s (solve 1.2484 s, gurobi.runtime 1.2261 s)
Iter 34 | error = 12.025331 | best_score = 1.5905 |
   IP pricing time: 2.1318 s (solve 2.1302 s, gurobi.runtime 2.1101 s)
Iter 35 | error = 11.980782 | best_score = 1.4954 |
   IP pricing time: 2.1497 s (solve 2.1482 s, gurobi.runtime 2.1251 s)
Iter 36 | error = 11.942922 | best_score = 1.4052 |
   IP pricing time: 1.4535 s (solve 1.4521 s, gurobi.runtime 1.4259 s)
Iter 37 | error = 11.910623 | best_score = 1.5477 |
   IP pricing time: 1.7530 s (solve 1.7516 s, gurobi.runtime 1.7333 s)
Iter 38 | error = 11.875011 | best_score = 1.4263 |
   IP pricing time: 3.4944 s (solve 3.4931 s, gurobi.runtime 3.4693 s)
Iter 39 | error = 11.839080 | best_score = 1.1128 |
   IP pricing time: 2.7244 s (solve 2.7230 s, gurobi.runtime 2.6970 s)
Iter 40 | error = 11.812643 | best_score = 1.2330 |
   IP pricing time: 2.9088 s (solve 2.9074 s, gurobi.runtime 2.8876 s)
Iter 41 | error = 11.790311 | best_score = 1.1224 |
   IP pricing time: 2.3537 s (solve 2.3522 s, gurobi.runtime 2.3321 s)
Iter 42 | error = 11.766101 | best_score = 1.1153 |
   IP pricing time: 4.0429 s (solve 4.0415 s, gurobi.runtime 4.0228 s)
Iter 43 | error = 11.741701 | best_score = 1.0428 |
   IP pricing time: 5.2472 s (solve 5.2458 s, gurobi.runtime 5.2249 s)
Iter 44 | error = 11.722089 | best_score = 0.9194 |
   IP pricing time: 3.3140 s (solve 3.3125 s, gurobi.runtime 3.2854 s)
Iter 45 | error = 11.705557 | best_score = 1.0311 |
   IP pricing time: 3.2113 s (solve 3.2099 s, gurobi.runtime 3.1848 s)
Iter 46 | error = 11.683593 | best_score = 1.1036 |
   IP pricing time: 7.3887 s (solve 7.3873 s, gurobi.runtime 7.2862 s)
Iter 47 | error = 11.661924 | best_score = 0.8524 |
   IP pricing time: 6.6226 s (solve 6.6208 s, gurobi.runtime 6.5944 s)
Iter 48 | error = 11.647647 | best_score = 0.8804 |
   IP pricing time: 3.5966 s (solve 3.5951 s, gurobi.runtime 3.5804 s)
Iter 49 | error = 11.626645 | best_score = 0.9878 |
   IP pricing time: 7.2222 s (solve 7.2208 s, gurobi.runtime 7.2015 s)
Iter 50 | error = 11.609529 | best_score = 0.7376 |
   IP pricing time: 6.4388 s (solve 6.4373 s, gurobi.runtime 6.4121 s)
Iter 51 | error = 11.596832 | best_score = 0.7719 |
   IP pricing time: 8.2417 s (solve 8.2402 s, gurobi.runtime 8.2129 s)
Iter 52 | error = 11.584913 | best_score = 0.7065 |
   IP pricing time: 5.7982 s (solve 5.7968 s, gurobi.runtime 5.7770 s)
Iter 53 | error = 11.571086 | best_score = 0.7039 |
   IP pricing time: 8.1841 s (solve 8.1824 s, gurobi.runtime 8.1612 s)
Iter 54 | error = 11.561331 | best_score = 0.7098 |
   IP pricing time: 5.5567 s (solve 5.5551 s, gurobi.runtime 5.5360 s)
Iter 55 | error = 11.549400 | best_score = 0.7272 |
   IP pricing time: 9.7781 s (solve 9.7762 s, gurobi.runtime 9.7486 s)
Iter 56 | error = 11.537773 | best_score = 0.6114 |
   IP pricing time: 7.6032 s (solve 7.6013 s, gurobi.runtime 7.5778 s)
Iter 57 | error = 11.527873 | best_score = 0.6571 |
   IP pricing time: 10.5050 s (solve 10.5031 s, gurobi.runtime 10.4782 s)
Iter 58 | error = 11.518522 | best_score = 0.5284 |
   IP pricing time: 11.7457 s (solve 11.7436 s, gurobi.runtime 11.7166 s)
Iter 59 | error = 11.511870 | best_score = 0.4941 |
   IP pricing time: 16.1527 s (solve 16.1508 s, gurobi.runtime 16.1324 s)
Iter 60 | error = 11.505632 | best_score = 0.4109 |
   IP pricing time: 15.0526 s (solve 15.0507 s, gurobi.runtime 15.0322 s)
Iter 61 | error = 11.499900 | best_score = 0.4216 |
   IP pricing time: 12.8514 s (solve 12.8495 s, gurobi.runtime 12.7424 s)
Iter 62 | error = 11.494817 | best_score = 0.4465 |
   IP pricing time: 13.2519 s (solve 13.2500 s, gurobi.runtime 13.2245 s)
Iter 63 | error = 11.489483 | best_score = 0.4960 |
   IP pricing time: 15.2879 s (solve 15.2860 s, gurobi.runtime 15.2624 s)
Iter 64 | error = 11.484368 | best_score = 0.3957 |
   IP pricing time: 19.7077 s (solve 19.7057 s, gurobi.runtime 19.6823 s)
Iter 65 | error = 11.480987 | best_score = 0.3630 |
   IP pricing time: 15.2638 s (solve 15.2619 s, gurobi.runtime 15.2491 s)
Iter 66 | error = 11.477213 | best_score = 0.3863 |
   IP pricing time: 16.1162 s (solve 16.1143 s, gurobi.runtime 16.0884 s)
Iter 67 | error = 11.473403 | best_score = 0.3734 |
   IP pricing time: 18.4979 s (solve 18.4960 s, gurobi.runtime 18.4746 s)
Iter 68 | error = 11.469136 | best_score = 0.3329 |
   IP pricing time: 18.5177 s (solve 18.5158 s, gurobi.runtime 18.4941 s)
Iter 69 | error = 11.466168 | best_score = 0.3634 |
   IP pricing time: 16.0514 s (solve 16.0498 s, gurobi.runtime 16.0152 s)
Iter 70 | error = 11.461729 | best_score = 0.3123 |
   IP pricing time: 18.2334 s (solve 18.2317 s, gurobi.runtime 18.1930 s)
Iter 71 | error = 11.456910 | best_score = 0.3429 |
   IP pricing time: 12.8653 s (solve 12.8637 s, gurobi.runtime 12.8430 s)
Iter 72 | error = 11.453061 | best_score = 0.4596 |
   IP pricing time: 16.0028 s (solve 16.0012 s, gurobi.runtime 15.9741 s)
Iter 73 | error = 11.443327 | best_score = 0.3794 |
   IP pricing time: 15.0140 s (solve 15.0121 s, gurobi.runtime 14.9126 s)
Iter 74 | error = 11.439127 | best_score = 0.3423 |
   IP pricing time: 15.3436 s (solve 15.3417 s, gurobi.runtime 15.3214 s)
Iter 75 | error = 11.436567 | best_score = 0.3555 |
   IP pricing time: 12.9902 s (solve 12.9883 s, gurobi.runtime 12.9654 s)
Iter 76 | error = 11.432971 | best_score = 0.3604 |
   IP pricing time: 20.5755 s (solve 20.5738 s, gurobi.runtime 20.5523 s)
Iter 77 | error = 11.428020 | best_score = 0.2905 |
   IP pricing time: 24.1547 s (solve 24.1531 s, gurobi.runtime 24.0904 s)
Iter 78 | error = 11.425467 | best_score = 0.2756 |
   IP pricing time: 17.3502 s (solve 17.3483 s, gurobi.runtime 17.3233 s)
Iter 79 | error = 11.422973 | best_score = 0.3296 |
   IP pricing time: 24.1784 s (solve 24.1765 s, gurobi.runtime 24.1565 s)
Iter 80 | error = 11.420749 | best_score = 0.2403 |
   IP pricing time: 25.8926 s (solve 25.8909 s, gurobi.runtime 25.8646 s)
Iter 81 | error = 11.418877 | best_score = 0.2415 |
   IP pricing time: 19.8507 s (solve 19.8491 s, gurobi.runtime 19.8312 s)
Iter 82 | error = 11.417446 | best_score = 0.2708 |
   IP pricing time: 37.1516 s (solve 37.1497 s, gurobi.runtime 37.1301 s)
Iter 83 | error = 11.414530 | best_score = 0.2334 |
   IP pricing time: 24.4341 s (solve 24.4322 s, gurobi.runtime 24.4114 s)
Iter 84 | error = 11.412319 | best_score = 0.2563 |
   IP pricing time: 31.6726 s (solve 31.6706 s, gurobi.runtime 31.6454 s)
Iter 85 | error = 11.409926 | best_score = 0.2700 |
   IP pricing time: 15.5387 s (solve 15.5369 s, gurobi.runtime 15.5113 s)
Iter 86 | error = 11.406216 | best_score = 0.3445 |
   IP pricing time: 18.4922 s (solve 18.4907 s, gurobi.runtime 18.4657 s)
Iter 87 | error = 11.400373 | best_score = 0.2773 |
   IP pricing time: 23.1250 s (solve 23.1234 s, gurobi.runtime 23.1019 s)
Iter 88 | error = 11.395257 | best_score = 0.2646 |
   IP pricing time: 27.7689 s (solve 27.7671 s, gurobi.runtime 27.7433 s)
Iter 89 | error = 11.391156 | best_score = 0.2487 |
   IP pricing time: 36.8353 s (solve 36.8333 s, gurobi.runtime 36.8077 s)
Iter 90 | error = 11.388745 | best_score = 0.1976 |
   IP pricing time: 26.8774 s (solve 26.8754 s, gurobi.runtime 26.8427 s)
Iter 91 | error = 11.387400 | best_score = 0.2132 |
   IP pricing time: 28.4299 s (solve 28.4279 s, gurobi.runtime 28.3930 s)
Iter 92 | error = 11.385464 | best_score = 0.2247 |
   IP pricing time: 37.0538 s (solve 37.0518 s, gurobi.runtime 37.0245 s)
Iter 93 | error = 11.383433 | best_score = 0.1895 |
   IP pricing time: 42.5056 s (solve 42.5037 s, gurobi.runtime 42.4693 s)
Iter 94 | error = 11.381128 | best_score = 0.2166 |
   IP pricing time: 25.2222 s (solve 25.2202 s, gurobi.runtime 25.1733 s)
Iter 95 | error = 11.378820 | best_score = 0.2033 |
   IP pricing time: 22.6365 s (solve 22.6345 s, gurobi.runtime 22.6116 s)
Iter 96 | error = 11.376588 | best_score = 0.2059 |
   IP pricing time: 22.1877 s (solve 22.1857 s, gurobi.runtime 22.1645 s)
Iter 97 | error = 11.374795 | best_score = 0.2671 |
   IP pricing time: 31.4527 s (solve 31.4508 s, gurobi.runtime 31.4215 s)
Iter 98 | error = 11.372682 | best_score = 0.1826 |
   IP pricing time: 43.3189 s (solve 43.3169 s, gurobi.runtime 43.2784 s)
Iter 99 | error = 11.371485 | best_score = 0.1797 |
   IP pricing time: 25.2675 s (solve 25.2655 s, gurobi.runtime 25.2543 s)
Iter 100 | error = 11.369707 | best_score = 0.1760 |
   IP pricing time: 32.7035 s (solve 32.7016 s, gurobi.runtime 32.6412 s)
Iter 101 | error = 11.367494 | best_score = 0.1658 |
   IP pricing time: 37.2012 s (solve 37.1992 s, gurobi.runtime 37.1755 s)
Iter 102 | error = 11.366104 | best_score = 0.1693 |
   IP pricing time: 41.9728 s (solve 41.9708 s, gurobi.runtime 41.9455 s)
Iter 103 | error = 11.364900 | best_score = 0.1701 |
   IP pricing time: 28.3778 s (solve 28.3758 s, gurobi.runtime 28.3446 s)
Iter 104 | error = 11.362977 | best_score = 0.1543 |
   IP pricing time: 40.2750 s (solve 40.2730 s, gurobi.runtime 40.2538 s)
Iter 105 | error = 11.361992 | best_score = 0.1447 |
   IP pricing time: 39.3097 s (solve 39.3077 s, gurobi.runtime 39.2891 s)
Iter 106 | error = 11.360924 | best_score = 0.1383 |
   IP pricing time: 44.3281 s (solve 44.3261 s, gurobi.runtime 44.2896 s)
Iter 107 | error = 11.359965 | best_score = 0.1366 |
   IP pricing time: 33.3976 s (solve 33.3956 s, gurobi.runtime 33.3675 s)
Iter 108 | error = 11.359222 | best_score = 0.1257 |
   IP pricing time: 43.4487 s (solve 43.4467 s, gurobi.runtime 43.3393 s)
Iter 109 | error = 11.358189 | best_score = 0.1098 |
   IP pricing time: 41.5836 s (solve 41.5817 s, gurobi.runtime 41.5508 s)
Iter 110 | error = 11.357583 | best_score = 0.1072 |
   IP pricing time: 41.4354 s (solve 41.4335 s, gurobi.runtime 41.4040 s)
Iter 111 | error = 11.357102 | best_score = 0.1203 |
   IP pricing time: 37.2007 s (solve 37.1987 s, gurobi.runtime 37.1724 s)
Iter 112 | error = 11.356256 | best_score = 0.1135 |
   IP pricing time: 42.4094 s (solve 42.4074 s, gurobi.runtime 42.3413 s)
Iter 113 | error = 11.355534 | best_score = 0.0992 |
   IP pricing time: 42.8558 s (solve 42.8539 s, gurobi.runtime 42.8239 s)
Iter 114 | error = 11.354892 | best_score = 0.0961 |
   IP pricing time: 31.7576 s (solve 31.7557 s, gurobi.runtime 31.7297 s)
Iter 115 | error = 11.354309 | best_score = 0.1023 |
   IP pricing time: 40.2173 s (solve 40.2154 s, gurobi.runtime 40.1901 s)
Iter 116 | error = 11.353404 | best_score = 0.1010 |
   IP pricing time: 40.8042 s (solve 40.8023 s, gurobi.runtime 40.7735 s)
Iter 117 | error = 11.352625 | best_score = 0.1252 |
   IP pricing time: 38.9643 s (solve 38.9621 s, gurobi.runtime 38.9417 s)
Iter 118 | error = 11.351605 | best_score = 0.1164 |
   IP pricing time: 38.6599 s (solve 38.6579 s, gurobi.runtime 38.6294 s)
Iter 119 | error = 11.350447 | best_score = 0.1074 |
   IP pricing time: 39.3105 s (solve 39.3085 s, gurobi.runtime 39.2884 s)
Iter 120 | error = 11.349759 | best_score = 0.1035 |
   IP pricing time: 44.0987 s (solve 44.0967 s, gurobi.runtime 44.0734 s)
Iter 121 | error = 11.348811 | best_score = 0.0963 |
   IP pricing time: 46.0096 s (solve 46.0076 s, gurobi.runtime 45.9783 s)
Iter 122 | error = 11.348013 | best_score = 0.0916 |
   IP pricing time: 39.7136 s (solve 39.7116 s, gurobi.runtime 39.6886 s)
Iter 123 | error = 11.347488 | best_score = 0.0938 |
   IP pricing time: 41.3763 s (solve 41.3743 s, gurobi.runtime 41.3474 s)
Iter 124 | error = 11.347061 | best_score = 0.0869 |
   IP pricing time: 43.3825 s (solve 43.3805 s, gurobi.runtime 43.3577 s)
Iter 125 | error = 11.346663 | best_score = 0.0754 |
   IP pricing time: 40.7876 s (solve 40.7856 s, gurobi.runtime 40.7602 s)
Iter 126 | error = 11.346219 | best_score = 0.0742 |
   IP pricing time: 41.0990 s (solve 41.0970 s, gurobi.runtime 41.0576 s)
Iter 127 | error = 11.345631 | best_score = 0.0913 |
   IP pricing time: 44.1163 s (solve 44.1143 s, gurobi.runtime 44.0866 s)
Iter 128 | error = 11.344633 | best_score = 0.0837 |
   IP pricing time: 50.2942 s (solve 50.2922 s, gurobi.runtime 50.2494 s)
Iter 129 | error = 11.344256 | best_score = 0.0861 |
   IP pricing time: 32.5972 s (solve 32.5952 s, gurobi.runtime 32.5727 s)
Iter 130 | error = 11.343776 | best_score = 0.0757 |
   IP pricing time: 37.4142 s (solve 37.4122 s, gurobi.runtime 37.3742 s)
Iter 131 | error = 11.343327 | best_score = 0.0830 |
   IP pricing time: 45.2876 s (solve 45.2856 s, gurobi.runtime 45.2558 s)
Iter 132 | error = 11.342620 | best_score = 0.0621 |
   IP pricing time: 46.6897 s (solve 46.6877 s, gurobi.runtime 46.6429 s)
Iter 133 | error = 11.342232 | best_score = 0.0735 |
   IP pricing time: 42.7359 s (solve 42.7339 s, gurobi.runtime 42.7089 s)
Iter 134 | error = 11.341901 | best_score = 0.0569 |
   IP pricing time: 44.9966 s (solve 44.9946 s, gurobi.runtime 44.9669 s)
Iter 135 | error = 11.341591 | best_score = 0.0628 |
   IP pricing time: 44.9361 s (solve 44.9342 s, gurobi.runtime 44.9068 s)
Iter 136 | error = 11.341305 | best_score = 0.0528 |
   IP pricing time: 39.4636 s (solve 39.4616 s, gurobi.runtime 39.4323 s)
Iter 137 | error = 11.340979 | best_score = 0.0646 |
   IP pricing time: 39.0234 s (solve 39.0214 s, gurobi.runtime 38.9901 s)
Iter 138 | error = 11.340500 | best_score = 0.0581 |
   IP pricing time: 50.6183 s (solve 50.6163 s, gurobi.runtime 50.5927 s)
Iter 139 | error = 11.340033 | best_score = 0.0544 |
   IP pricing time: 34.8032 s (solve 34.8012 s, gurobi.runtime 34.7699 s)
Iter 140 | error = 11.339570 | best_score = 0.0587 |
   IP pricing time: 44.0807 s (solve 44.0787 s, gurobi.runtime 44.0513 s)
Iter 141 | error = 11.339032 | best_score = 0.0637 |
   IP pricing time: 39.3353 s (solve 39.3333 s, gurobi.runtime 39.3009 s)
Iter 142 | error = 11.338715 | best_score = 0.0623 |
   IP pricing time: 40.9665 s (solve 40.9645 s, gurobi.runtime 40.9382 s)
Iter 143 | error = 11.338421 | best_score = 0.0568 |
   IP pricing time: 41.3013 s (solve 41.2993 s, gurobi.runtime 41.2730 s)
Iter 144 | error = 11.338153 | best_score = 0.0529 |
   IP pricing time: 45.1611 s (solve 45.1591 s, gurobi.runtime 45.1310 s)
Iter 145 | error = 11.337869 | best_score = 0.0600 |
   IP pricing time: 40.9615 s (solve 40.9595 s, gurobi.runtime 40.9236 s)
Iter 146 | error = 11.337520 | best_score = 0.0542 |
   IP pricing time: 38.3453 s (solve 38.3433 s, gurobi.runtime 38.3191 s)
Iter 147 | error = 11.337223 | best_score = 0.0528 |
   IP pricing time: 43.2645 s (solve 43.2627 s, gurobi.runtime 43.2400 s)
Iter 148 | error = 11.336621 | best_score = 0.0535 |
   IP pricing time: 40.7756 s (solve 40.7736 s, gurobi.runtime 40.7470 s)
Iter 149 | error = 11.335891 | best_score = 0.0625 |
   IP pricing time: 44.7215 s (solve 44.7194 s, gurobi.runtime 44.6959 s)
Iter 150 | error = 11.335480 | best_score = 0.0441 |
   IP pricing time: 36.9059 s (solve 36.9039 s, gurobi.runtime 36.8844 s)
Iter 151 | error = 11.335270 | best_score = 0.0365 |
   IP pricing time: 50.1605 s (solve 50.1585 s, gurobi.runtime 50.1286 s)
Iter 152 | error = 11.335155 | best_score = 0.0334 |
   IP pricing time: 49.0395 s (solve 49.0376 s, gurobi.runtime 49.0150 s)
Iter 153 | error = 11.334973 | best_score = 0.0385 |
   IP pricing time: 45.4427 s (solve 45.4407 s, gurobi.runtime 45.4123 s)
Iter 154 | error = 11.334869 | best_score = 0.0394 |
   IP pricing time: 49.9452 s (solve 49.9433 s, gurobi.runtime 49.9137 s)
Iter 155 | error = 11.334736 | best_score = 0.0392 |
   IP pricing time: 49.2471 s (solve 49.2451 s, gurobi.runtime 49.2192 s)
Iter 156 | error = 11.334571 | best_score = 0.0334 |
   IP pricing time: 42.8422 s (solve 42.8402 s, gurobi.runtime 42.8156 s)
Iter 157 | error = 11.334454 | best_score = 0.0321 |
   IP pricing time: 51.7857 s (solve 51.7837 s, gurobi.runtime 51.7601 s)
Iter 158 | error = 11.334319 | best_score = 0.0338 |
   IP pricing time: 54.7411 s (solve 54.7391 s, gurobi.runtime 54.7187 s)
Iter 159 | error = 11.333945 | best_score = 0.0279 |
   IP pricing time: 45.1685 s (solve 45.1666 s, gurobi.runtime 45.1413 s)
Iter 160 | error = 11.333824 | best_score = 0.0274 |
   IP pricing time: 46.7853 s (solve 46.7834 s, gurobi.runtime 46.7574 s)
Iter 161 | error = 11.333751 | best_score = 0.0264 |
   IP pricing time: 41.6789 s (solve 41.6769 s, gurobi.runtime 41.6500 s)
Iter 162 | error = 11.333674 | best_score = 0.0267 |
   IP pricing time: 47.0645 s (solve 47.0625 s, gurobi.runtime 47.0343 s)
Iter 163 | error = 11.333575 | best_score = 0.0285 |
   IP pricing time: 56.1926 s (solve 56.1906 s, gurobi.runtime 56.1622 s)
Iter 164 | error = 11.333447 | best_score = 0.0323 |
   IP pricing time: 44.0287 s (solve 44.0268 s, gurobi.runtime 43.9998 s)
Iter 165 | error = 11.333265 | best_score = 0.0319 |
   IP pricing time: 42.0750 s (solve 42.0730 s, gurobi.runtime 42.0461 s)
Iter 166 | error = 11.333069 | best_score = 0.0346 |
   IP pricing time: 43.9004 s (solve 43.8984 s, gurobi.runtime 43.8705 s)
Iter 167 | error = 11.332852 | best_score = 0.0335 |
   IP pricing time: 42.1995 s (solve 42.1975 s, gurobi.runtime 42.1796 s)
Iter 168 | error = 11.332695 | best_score = 0.0319 |
   IP pricing time: 46.1803 s (solve 46.1783 s, gurobi.runtime 46.1440 s)
Iter 169 | error = 11.332614 | best_score = 0.0269 |
   IP pricing time: 53.0722 s (solve 53.0701 s, gurobi.runtime 53.0418 s)
Iter 170 | error = 11.332528 | best_score = 0.0266 |
   IP pricing time: 53.1702 s (solve 53.1682 s, gurobi.runtime 53.1398 s)
Iter 171 | error = 11.332432 | best_score = 0.0236 |
   IP pricing time: 47.0739 s (solve 47.0719 s, gurobi.runtime 47.0644 s)
Iter 172 | error = 11.332355 | best_score = 0.0245 |
   IP pricing time: 44.6362 s (solve 44.6342 s, gurobi.runtime 44.6085 s)
Iter 173 | error = 11.332216 | best_score = 0.0246 |
   IP pricing time: 35.0770 s (solve 35.0751 s, gurobi.runtime 35.0554 s)
Iter 174 | error = 11.332105 | best_score = 0.0240 |
   IP pricing time: 46.6457 s (solve 46.6438 s, gurobi.runtime 46.6193 s)
Iter 175 | error = 11.332015 | best_score = 0.0226 |
   IP pricing time: 54.0986 s (solve 54.0967 s, gurobi.runtime 54.0764 s)
Iter 176 | error = 11.331941 | best_score = 0.0242 |
   IP pricing time: 52.6867 s (solve 52.6848 s, gurobi.runtime 52.6638 s)
Iter 177 | error = 11.331841 | best_score = 0.0225 |
   IP pricing time: 43.1133 s (solve 43.1114 s, gurobi.runtime 43.0926 s)
Iter 178 | error = 11.331725 | best_score = 0.0225 |
   IP pricing time: 52.2317 s (solve 52.2297 s, gurobi.runtime 52.1965 s)
Iter 179 | error = 11.331614 | best_score = 0.0227 |
   IP pricing time: 48.7306 s (solve 48.7286 s, gurobi.runtime 48.7039 s)
Iter 180 | error = 11.331529 | best_score = 0.0232 |
   IP pricing time: 59.2364 s (solve 59.2344 s, gurobi.runtime 59.2084 s)
Iter 181 | error = 11.331460 | best_score = 0.0207 |
   IP pricing time: 47.3467 s (solve 47.3448 s, gurobi.runtime 47.3260 s)
Iter 182 | error = 11.331400 | best_score = 0.0206 |
   IP pricing time: 40.0098 s (solve 40.0079 s, gurobi.runtime 39.9856 s)
Iter 183 | error = 11.331289 | best_score = 0.0178 |
   IP pricing time: 50.4349 s (solve 50.4329 s, gurobi.runtime 50.4070 s)
Iter 184 | error = 11.331200 | best_score = 0.0166 |
   IP pricing time: 49.6166 s (solve 49.6147 s, gurobi.runtime 49.5917 s)
Iter 185 | error = 11.331149 | best_score = 0.0173 |
   IP pricing time: 52.9676 s (solve 52.9656 s, gurobi.runtime 52.9436 s)
Iter 186 | error = 11.331067 | best_score = 0.0161 |
   IP pricing time: 33.9332 s (solve 33.9313 s, gurobi.runtime 33.9097 s)
Iter 187 | error = 11.330966 | best_score = 0.0157 |
   IP pricing time: 50.1566 s (solve 50.1547 s, gurobi.runtime 50.1198 s)
Iter 188 | error = 11.330916 | best_score = 0.0158 |
   IP pricing time: 58.3703 s (solve 58.3683 s, gurobi.runtime 58.3404 s)
Iter 189 | error = 11.330890 | best_score = 0.0161 |
   IP pricing time: 52.1963 s (solve 52.1943 s, gurobi.runtime 52.1669 s)
Iter 190 | error = 11.330801 | best_score = 0.0138 |
   IP pricing time: 54.0564 s (solve 54.0544 s, gurobi.runtime 54.0252 s)
Iter 191 | error = 11.330752 | best_score = 0.0161 |
   IP pricing time: 53.0806 s (solve 53.0785 s, gurobi.runtime 53.0493 s)
Iter 192 | error = 11.330707 | best_score = 0.0130 |
   IP pricing time: 47.0486 s (solve 47.0466 s, gurobi.runtime 47.0226 s)
Iter 193 | error = 11.330630 | best_score = 0.0116 |
   IP pricing time: 45.6721 s (solve 45.6701 s, gurobi.runtime 45.6430 s)
Iter 194 | error = 11.330592 | best_score = 0.0128 |
   IP pricing time: 46.9926 s (solve 46.9906 s, gurobi.runtime 46.9645 s)
Iter 195 | error = 11.330561 | best_score = 0.0098 |
   IP pricing time: 49.6692 s (solve 49.6672 s, gurobi.runtime 49.6434 s)
Iter 196 | error = 11.330535 | best_score = 0.0102 |
   IP pricing time: 52.0490 s (solve 52.0470 s, gurobi.runtime 52.0182 s)
Iter 197 | error = 11.330516 | best_score = 0.0101 |
   IP pricing time: 54.3161 s (solve 54.3142 s, gurobi.runtime 54.3041 s)
Iter 198 | error = 11.330505 | best_score = 0.0102 |
   IP pricing time: 52.8703 s (solve 52.8684 s, gurobi.runtime 52.8462 s)
Iter 199 | error = 11.330469 | best_score = 0.0087 |
   IP pricing time: 59.0726 s (solve 59.0705 s, gurobi.runtime 59.0492 s)
Iter 200 | error = 11.330449 | best_score = 0.0091 |
   IP pricing time: 43.3430 s (solve 43.3411 s, gurobi.runtime 43.3066 s)
Iter 201 | error = 11.330430 | best_score = 0.0085 |
   IP pricing time: 47.8229 s (solve 47.8209 s, gurobi.runtime 47.8080 s)
Iter 202 | error = 11.330410 | best_score = 0.0118 |
   IP pricing time: 46.3555 s (solve 46.3525 s, gurobi.runtime 46.3266 s)
Iter 203 | error = 11.330362 | best_score = 0.0109 |
   IP pricing time: 50.2973 s (solve 50.2952 s, gurobi.runtime 50.2579 s)
Iter 204 | error = 11.330325 | best_score = 0.0084 |
   IP pricing time: 50.3837 s (solve 50.3817 s, gurobi.runtime 50.3553 s)
Iter 205 | error = 11.330283 | best_score = 0.0068 |
   IP pricing time: 51.0568 s (solve 51.0548 s, gurobi.runtime 51.0341 s)
Iter 206 | error = 11.330272 | best_score = 0.0075 |
   IP pricing time: 45.6925 s (solve 45.6905 s, gurobi.runtime 45.6682 s)
Iter 207 | error = 11.330247 | best_score = 0.0065 |
   IP pricing time: 44.5989 s (solve 44.5969 s, gurobi.runtime 44.5743 s)
Iter 208 | error = 11.330237 | best_score = 0.0049 |
   IP pricing time: 52.5898 s (solve 52.5878 s, gurobi.runtime 52.5558 s)
Iter 209 | error = 11.330226 | best_score = 0.0044 |
   IP pricing time: 50.4452 s (solve 50.4432 s, gurobi.runtime 50.4214 s)
Iter 210 | error = 11.330221 | best_score = 0.0044 |
   IP pricing time: 48.2407 s (solve 48.2387 s, gurobi.runtime 48.2144 s)
Iter 211 | error = 11.330213 | best_score = 0.0048 |
   IP pricing time: 57.5239 s (solve 57.5219 s, gurobi.runtime 57.5120 s)
Iter 212 | error = 11.330206 | best_score = 0.0038 |
   IP pricing time: 53.6697 s (solve 53.6678 s, gurobi.runtime 53.6424 s)
Iter 213 | error = 11.330200 | best_score = 0.0048 |
   IP pricing time: 58.6964 s (solve 58.6944 s, gurobi.runtime 58.6739 s)
Iter 214 | error = 11.330191 | best_score = 0.0038 |
   IP pricing time: 53.4192 s (solve 53.4173 s, gurobi.runtime 53.3744 s)
Iter 215 | error = 11.330185 | best_score = 0.0028 |
   IP pricing time: 55.2044 s (solve 55.2024 s, gurobi.runtime 55.1737 s)
Iter 216 | error = 11.330178 | best_score = 0.0030 |
   IP pricing time: 49.0395 s (solve 49.0375 s, gurobi.runtime 49.0095 s)
Iter 217 | error = 11.330166 | best_score = 0.0031 |
   IP pricing time: 58.0751 s (solve 58.0731 s, gurobi.runtime 58.0442 s)
Iter 218 | error = 11.330162 | best_score = 0.0023 |
   IP pricing time: 52.6191 s (solve 52.6171 s, gurobi.runtime 52.6052 s)
Iter 219 | error = 11.330160 | best_score = 0.0023 |
   IP pricing time: 57.5753 s (solve 57.5733 s, gurobi.runtime 57.5332 s)
Iter 220 | error = 11.330157 | best_score = 0.0021 |
   IP pricing time: 53.1863 s (solve 53.1843 s, gurobi.runtime 53.1649 s)
Iter 221 | error = 11.330155 | best_score = 0.0021 |
   IP pricing time: 49.4495 s (solve 49.4475 s, gurobi.runtime 49.4175 s)
Iter 222 | error = 11.330153 | best_score = 0.0018 |
   IP pricing time: 54.4620 s (solve 54.4601 s, gurobi.runtime 54.4408 s)
Iter 223 | error = 11.330151 | best_score = 0.0019 |
   IP pricing time: 50.3615 s (solve 50.3595 s, gurobi.runtime 50.3367 s)
Iter 224 | error = 11.330148 | best_score = 0.0014 |
   IP pricing time: 59.0577 s (solve 59.0556 s, gurobi.runtime 59.0327 s)
Iter 225 | error = 11.330147 | best_score = 0.0010 |
   IP pricing time: 47.7815 s (solve 47.7795 s, gurobi.runtime 47.7558 s)
Iter 226 | error = 11.330147 | best_score = 0.0006 |
   IP pricing time: 57.8324 s (solve 57.8304 s, gurobi.runtime 57.8090 s)
Iter 227 | error = 11.330147 | best_score = 0.0006 |
   IP pricing time: 56.0696 s (solve 56.0676 s, gurobi.runtime 56.0455 s)
Iter 228 | error = 11.330146 | best_score = 0.0004 |
   IP pricing time: 48.5271 s (solve 48.5251 s, gurobi.runtime 48.4982 s)
Iter 229 | error = 11.330146 | best_score = 0.0003 |
   IP pricing time: 37.5561 s (solve 37.5542 s, gurobi.runtime 37.5332 s)
Iter 230 | error = 11.330146 | best_score = 0.0003 |
   IP pricing time: 38.2321 s (solve 38.2301 s, gurobi.runtime 38.2067 s)
Iter 231 | error = 11.330146 | best_score = 0.0001 |
   IP pricing time: 54.5290 s (solve 54.5271 s, gurobi.runtime 54.4562 s)
Iter 232 | error = 11.330146 | best_score = 0.0002 |
   IP pricing time: 34.1934 s (solve 34.1914 s, gurobi.runtime 34.1667 s)
Iter 233 | error = 11.330146 | best_score = 0.0001 |
 Convergence Criterion Achieved (reduced_cost 8.6911e-05 < tol)
  CG_IP  status=ok  error=1.133015e+01  total=7221.60s  iters=233  IP_calls=233  build=0.01s  solve_tot=7216.55s  gur_tot=7210.43s

========================================================
[3/5] n = 24, seed = 3  (all binary menus)
========================================================
[fractions mode] counts(s) = round(frac(s) * C(n,s))  (total 276 menus).
Generating fake data for n=24 alternatives, 276 menus (Dirichlet probs)...
Generated 552 rows from 276 menus (276 unique).
Menu size distribution actually drawn:
  size 2: 276 menus (100.0%)

n = 24 | 552 observations | 276 unique menus | menu sizes 2..2

  -- CG_IP --  (budget: 604800.0 s)
Starting column generation with 1 initial columns...
Pricing mode: IP
Generating choice sets only (rankings built on-demand)...
Using 552 provided choice sets
✓ 552 choice sets generated (no ranking enumeration needed)

B_IP_pricing_build: 0.00s (nvars=576, ncons=4324)
  IP pricing time: 0.0560 s (solve 0.0546 s, gurobi.runtime 0.0215 s)
Iter 1 | error = 196.980029 | best_score = 287.2358 |
   IP pricing time: 0.4350 s (solve 0.4336 s, gurobi.runtime 0.3971 s)
Iter 2 | error = 47.515487 | best_score = 32.1740 |
   IP pricing time: 0.3610 s (solve 0.3596 s, gurobi.runtime 0.3448 s)
Iter 3 | error = 39.899356 | best_score = 27.1659 |
   IP pricing time: 0.0411 s (solve 0.0398 s, gurobi.runtime 0.0290 s)
Iter 4 | error = 34.182240 | best_score = 28.1923 |
   IP pricing time: 0.0458 s (solve 0.0445 s, gurobi.runtime 0.0392 s)
Iter 5 | error = 27.725612 | best_score = 25.4558 |
   IP pricing time: 0.1450 s (solve 0.1436 s, gurobi.runtime 0.1337 s)
Iter 6 | error = 23.004387 | best_score = 19.4867 |
   IP pricing time: 0.3462 s (solve 0.3447 s, gurobi.runtime 0.3352 s)
Iter 7 | error = 20.580919 | best_score = 12.0011 |
   IP pricing time: 0.4223 s (solve 0.4209 s, gurobi.runtime 0.4078 s)
Iter 8 | error = 19.559615 | best_score = 10.2919 |
   IP pricing time: 0.4367 s (solve 0.4353 s, gurobi.runtime 0.4227 s)
Iter 9 | error = 18.816274 | best_score = 8.0638 |
   IP pricing time: 0.3263 s (solve 0.3249 s, gurobi.runtime 0.3108 s)
Iter 10 | error = 18.222356 | best_score = 7.5490 |
   IP pricing time: 0.9021 s (solve 0.9007 s, gurobi.runtime 0.8949 s)
Iter 11 | error = 17.754151 | best_score = 6.2546 |
   IP pricing time: 1.2629 s (solve 1.2613 s, gurobi.runtime 1.2408 s)
Iter 12 | error = 17.373673 | best_score = 5.6471 |
   IP pricing time: 0.5189 s (solve 0.5174 s, gurobi.runtime 0.4946 s)
Iter 13 | error = 17.099005 | best_score = 5.6008 |
   IP pricing time: 0.9799 s (solve 0.9784 s, gurobi.runtime 0.9579 s)
Iter 14 | error = 16.765991 | best_score = 4.5609 |
   IP pricing time: 0.4022 s (solve 0.4008 s, gurobi.runtime 0.3807 s)
Iter 15 | error = 16.578461 | best_score = 5.1045 |
   IP pricing time: 1.0389 s (solve 1.0375 s, gurobi.runtime 1.0298 s)
Iter 16 | error = 16.308272 | best_score = 4.4576 |
   IP pricing time: 1.0897 s (solve 1.0883 s, gurobi.runtime 1.0610 s)
Iter 17 | error = 16.110289 | best_score = 4.4472 |
   IP pricing time: 1.0686 s (solve 1.0672 s, gurobi.runtime 1.0490 s)
Iter 18 | error = 15.851269 | best_score = 3.9485 |
   IP pricing time: 1.3001 s (solve 1.2987 s, gurobi.runtime 1.2752 s)
Iter 19 | error = 15.707880 | best_score = 3.8679 |
   IP pricing time: 1.5643 s (solve 1.5629 s, gurobi.runtime 1.5424 s)
Iter 20 | error = 15.543849 | best_score = 3.5520 |
   IP pricing time: 1.1072 s (solve 1.1058 s, gurobi.runtime 1.0880 s)
Iter 21 | error = 15.375912 | best_score = 3.5978 |
   IP pricing time: 1.4736 s (solve 1.4722 s, gurobi.runtime 1.4346 s)
Iter 22 | error = 15.242275 | best_score = 3.0252 |
   IP pricing time: 4.6740 s (solve 4.6726 s, gurobi.runtime 4.6512 s)
Iter 23 | error = 15.131006 | best_score = 2.3330 |
   IP pricing time: 3.2169 s (solve 3.2155 s, gurobi.runtime 3.1933 s)
Iter 24 | error = 15.068041 | best_score = 2.2479 |
   IP pricing time: 1.8676 s (solve 1.8661 s, gurobi.runtime 1.8386 s)
Iter 25 | error = 15.013252 | best_score = 2.3592 |
   IP pricing time: 1.3897 s (solve 1.3882 s, gurobi.runtime 1.3732 s)
Iter 26 | error = 14.943161 | best_score = 2.3445 |
   IP pricing time: 1.6290 s (solve 1.6273 s, gurobi.runtime 1.6060 s)
Iter 27 | error = 14.876414 | best_score = 2.3649 |
   IP pricing time: 1.3301 s (solve 1.3286 s, gurobi.runtime 1.3069 s)
Iter 28 | error = 14.799472 | best_score = 2.3376 |
   IP pricing time: 1.3145 s (solve 1.3129 s, gurobi.runtime 1.2888 s)
Iter 29 | error = 14.717709 | best_score = 2.2883 |
   IP pricing time: 3.0755 s (solve 3.0740 s, gurobi.runtime 3.0539 s)
Iter 30 | error = 14.628183 | best_score = 1.7767 |
   IP pricing time: 3.4393 s (solve 3.4376 s, gurobi.runtime 3.4138 s)
Iter 31 | error = 14.594614 | best_score = 1.5657 |
   IP pricing time: 4.8538 s (solve 4.8522 s, gurobi.runtime 4.8290 s)
Iter 32 | error = 14.566156 | best_score = 1.4361 |
   IP pricing time: 4.5265 s (solve 4.5248 s, gurobi.runtime 4.4976 s)
Iter 33 | error = 14.523212 | best_score = 1.4477 |
   IP pricing time: 3.2735 s (solve 3.2718 s, gurobi.runtime 3.2399 s)
Iter 34 | error = 14.497499 | best_score = 1.4729 |
   IP pricing time: 5.4938 s (solve 5.4920 s, gurobi.runtime 5.4685 s)
Iter 35 | error = 14.464887 | best_score = 1.1886 |
   IP pricing time: 2.1896 s (solve 2.1880 s, gurobi.runtime 2.1644 s)
Iter 36 | error = 14.438368 | best_score = 1.5536 |
   IP pricing time: 6.7639 s (solve 6.7620 s, gurobi.runtime 6.7358 s)
Iter 37 | error = 14.399641 | best_score = 1.1791 |
   IP pricing time: 7.1045 s (solve 7.1030 s, gurobi.runtime 7.0237 s)
Iter 38 | error = 14.377478 | best_score = 1.1851 |
   IP pricing time: 5.8903 s (solve 5.8886 s, gurobi.runtime 5.8716 s)
Iter 39 | error = 14.349951 | best_score = 1.1558 |
   IP pricing time: 9.8747 s (solve 9.8733 s, gurobi.runtime 9.8399 s)
Iter 40 | error = 14.328477 | best_score = 1.0447 |
   IP pricing time: 5.8129 s (solve 5.8114 s, gurobi.runtime 5.7896 s)
Iter 41 | error = 14.307015 | best_score = 1.1257 |
   IP pricing time: 6.1983 s (solve 6.1966 s, gurobi.runtime 6.1728 s)
Iter 42 | error = 14.289255 | best_score = 1.0370 |
   IP pricing time: 5.3932 s (solve 5.3917 s, gurobi.runtime 5.3698 s)
Iter 43 | error = 14.267879 | best_score = 1.0832 |
   IP pricing time: 7.1545 s (solve 7.1530 s, gurobi.runtime 7.1326 s)
Iter 44 | error = 14.247555 | best_score = 1.0218 |
   IP pricing time: 9.1490 s (solve 9.1475 s, gurobi.runtime 9.1213 s)
Iter 45 | error = 14.230961 | best_score = 0.8793 |
   IP pricing time: 11.4635 s (solve 11.4621 s, gurobi.runtime 11.4362 s)
Iter 46 | error = 14.211224 | best_score = 0.8273 |
   IP pricing time: 7.6605 s (solve 7.6591 s, gurobi.runtime 7.6217 s)
Iter 47 | error = 14.196545 | best_score = 0.9164 |
   IP pricing time: 13.8128 s (solve 13.8111 s, gurobi.runtime 13.7861 s)
Iter 48 | error = 14.176270 | best_score = 0.7512 |
   IP pricing time: 10.6886 s (solve 10.6871 s, gurobi.runtime 10.6626 s)
Iter 49 | error = 14.158025 | best_score = 0.7693 |
   IP pricing time: 10.6423 s (solve 10.6408 s, gurobi.runtime 10.6170 s)
Iter 50 | error = 14.146619 | best_score = 0.8305 |
   IP pricing time: 13.2975 s (solve 13.2960 s, gurobi.runtime 13.2785 s)
Iter 51 | error = 14.133432 | best_score = 0.7893 |
   IP pricing time: 14.4402 s (solve 14.4386 s, gurobi.runtime 14.4107 s)
Iter 52 | error = 14.120842 | best_score = 0.7267 |
   IP pricing time: 11.3267 s (solve 11.3250 s, gurobi.runtime 11.2996 s)
Iter 53 | error = 14.109129 | best_score = 0.7662 |
   IP pricing time: 13.5055 s (solve 13.5036 s, gurobi.runtime 13.4801 s)
Iter 54 | error = 14.096626 | best_score = 0.7416 |
   IP pricing time: 13.0787 s (solve 13.0768 s, gurobi.runtime 13.0493 s)
Iter 55 | error = 14.086348 | best_score = 0.6936 |
   IP pricing time: 17.8108 s (solve 17.8089 s, gurobi.runtime 17.7836 s)
Iter 56 | error = 14.074516 | best_score = 0.5936 |
   IP pricing time: 22.4261 s (solve 22.4242 s, gurobi.runtime 22.4047 s)
Iter 57 | error = 14.064653 | best_score = 0.5326 |
   IP pricing time: 25.0797 s (solve 25.0778 s, gurobi.runtime 25.0588 s)
Iter 58 | error = 14.056637 | best_score = 0.4911 |
   IP pricing time: 23.6731 s (solve 23.6710 s, gurobi.runtime 23.6476 s)
Iter 59 | error = 14.050732 | best_score = 0.4982 |
   IP pricing time: 24.4506 s (solve 24.4487 s, gurobi.runtime 24.4078 s)
Iter 60 | error = 14.042492 | best_score = 0.5650 |
   IP pricing time: 21.5935 s (solve 21.5916 s, gurobi.runtime 21.5811 s)
Iter 61 | error = 14.034591 | best_score = 0.5648 |
   IP pricing time: 17.8901 s (solve 17.8882 s, gurobi.runtime 17.8632 s)
Iter 62 | error = 14.026430 | best_score = 0.5792 |
   IP pricing time: 20.2294 s (solve 20.2276 s, gurobi.runtime 20.1665 s)
Iter 63 | error = 14.016886 | best_score = 0.6102 |
   IP pricing time: 18.1023 s (solve 18.1004 s, gurobi.runtime 18.0892 s)
Iter 64 | error = 14.008245 | best_score = 0.6278 |
   IP pricing time: 18.4520 s (solve 18.4501 s, gurobi.runtime 18.4246 s)
Iter 65 | error = 13.998404 | best_score = 0.5402 |
   IP pricing time: 27.8730 s (solve 27.8711 s, gurobi.runtime 27.8437 s)
Iter 66 | error = 13.988704 | best_score = 0.4350 |
   IP pricing time: 38.1648 s (solve 38.1629 s, gurobi.runtime 38.1467 s)
Iter 67 | error = 13.982568 | best_score = 0.4817 |
   IP pricing time: 32.2322 s (solve 32.2303 s, gurobi.runtime 32.2014 s)
Iter 68 | error = 13.973877 | best_score = 0.4088 |
   IP pricing time: 28.4326 s (solve 28.4309 s, gurobi.runtime 28.3816 s)
Iter 69 | error = 13.969004 | best_score = 0.3854 |
   IP pricing time: 26.3232 s (solve 26.3213 s, gurobi.runtime 26.2968 s)
Iter 70 | error = 13.963638 | best_score = 0.3847 |
   IP pricing time: 25.6548 s (solve 25.6529 s, gurobi.runtime 25.6287 s)
Iter 71 | error = 13.956153 | best_score = 0.4110 |
   IP pricing time: 24.9899 s (solve 24.9880 s, gurobi.runtime 24.9570 s)
Iter 72 | error = 13.951849 | best_score = 0.3660 |
   IP pricing time: 30.8673 s (solve 30.8655 s, gurobi.runtime 30.8487 s)
Iter 73 | error = 13.947591 | best_score = 0.3734 |
   IP pricing time: 27.7970 s (solve 27.7951 s, gurobi.runtime 27.7698 s)
Iter 74 | error = 13.941628 | best_score = 0.3553 |
   IP pricing time: 32.7202 s (solve 32.7185 s, gurobi.runtime 32.6811 s)
Iter 75 | error = 13.938406 | best_score = 0.3359 |
   IP pricing time: 29.8411 s (solve 29.8393 s, gurobi.runtime 29.8267 s)
Iter 76 | error = 13.934529 | best_score = 0.3648 |
   IP pricing time: 31.0385 s (solve 31.0366 s, gurobi.runtime 31.0157 s)
Iter 77 | error = 13.930667 | best_score = 0.3068 |
   IP pricing time: 35.5909 s (solve 35.5890 s, gurobi.runtime 35.5619 s)
Iter 78 | error = 13.927953 | best_score = 0.2372 |
   IP pricing time: 47.6899 s (solve 47.6880 s, gurobi.runtime 47.6440 s)
Iter 79 | error = 13.924763 | best_score = 0.2502 |
   IP pricing time: 50.8498 s (solve 50.8479 s, gurobi.runtime 50.8275 s)
Iter 80 | error = 13.923040 | best_score = 0.2093 |
   IP pricing time: 47.3818 s (solve 47.3799 s, gurobi.runtime 47.3570 s)
Iter 81 | error = 13.920599 | best_score = 0.2418 |
   IP pricing time: 42.8064 s (solve 42.8045 s, gurobi.runtime 42.7804 s)
Iter 82 | error = 13.918662 | best_score = 0.2919 |
   IP pricing time: 58.6482 s (solve 58.6463 s, gurobi.runtime 58.6245 s)
Iter 83 | error = 13.915814 | best_score = 0.2085 |
   IP pricing time: 49.9563 s (solve 49.9544 s, gurobi.runtime 49.9272 s)
Iter 84 | error = 13.914242 | best_score = 0.2292 |
   IP pricing time: 55.9912 s (solve 55.9893 s, gurobi.runtime 55.9657 s)
Iter 85 | error = 13.912421 | best_score = 0.1992 |
   IP pricing time: 53.0405 s (solve 53.0385 s, gurobi.runtime 53.0112 s)
Iter 86 | error = 13.910785 | best_score = 0.2070 |
   IP pricing time: 51.0420 s (solve 51.0401 s, gurobi.runtime 51.0166 s)
Iter 87 | error = 13.909211 | best_score = 0.2486 |
   IP pricing time: 51.9754 s (solve 51.9735 s, gurobi.runtime 51.9353 s)
Iter 88 | error = 13.906758 | best_score = 0.2441 |
   IP pricing time: 36.7121 s (solve 36.7101 s, gurobi.runtime 36.6851 s)
Iter 89 | error = 13.905073 | best_score = 0.2003 |
   IP pricing time: 53.1193 s (solve 53.1174 s, gurobi.runtime 53.0960 s)
Iter 90 | error = 13.902937 | best_score = 0.2564 |
   IP pricing time: 34.9879 s (solve 34.9859 s, gurobi.runtime 34.9450 s)
Iter 91 | error = 13.899866 | best_score = 0.2396 |
   IP pricing time: 35.9287 s (solve 35.9268 s, gurobi.runtime 35.9025 s)
Iter 92 | error = 13.896687 | best_score = 0.2334 |
   IP pricing time: 57.9227 s (solve 57.9208 s, gurobi.runtime 57.8779 s)
Iter 93 | error = 13.891475 | best_score = 0.2121 |
   IP pricing time: 38.9605 s (solve 38.9585 s, gurobi.runtime 38.9290 s)
Iter 94 | error = 13.889261 | best_score = 0.1762 |
   IP pricing time: 52.4522 s (solve 52.4502 s, gurobi.runtime 52.4262 s)
Iter 95 | error = 13.888230 | best_score = 0.1881 |
   IP pricing time: 62.1933 s (solve 62.1914 s, gurobi.runtime 62.1532 s)
Iter 96 | error = 13.886376 | best_score = 0.2023 |
   IP pricing time: 61.0806 s (solve 61.0786 s, gurobi.runtime 61.0563 s)
Iter 97 | error = 13.884884 | best_score = 0.1590 |
   IP pricing time: 69.7354 s (solve 69.7335 s, gurobi.runtime 69.6929 s)
Iter 98 | error = 13.882995 | best_score = 0.1535 |
   IP pricing time: 56.3646 s (solve 56.3626 s, gurobi.runtime 56.3371 s)
Iter 99 | error = 13.881593 | best_score = 0.1557 |
   IP pricing time: 43.2111 s (solve 43.2092 s, gurobi.runtime 43.1871 s)
Iter 100 | error = 13.879653 | best_score = 0.1597 |
   IP pricing time: 65.1266 s (solve 65.1246 s, gurobi.runtime 65.1026 s)
Iter 101 | error = 13.877727 | best_score = 0.1605 |
   IP pricing time: 59.6287 s (solve 59.6268 s, gurobi.runtime 59.5854 s)
Iter 102 | error = 13.876520 | best_score = 0.1759 |
   IP pricing time: 54.2936 s (solve 54.2916 s, gurobi.runtime 54.2572 s)
Iter 103 | error = 13.875266 | best_score = 0.1931 |
   IP pricing time: 63.0924 s (solve 63.0904 s, gurobi.runtime 63.0624 s)
Iter 104 | error = 13.873478 | best_score = 0.1308 |
   IP pricing time: 40.0965 s (solve 40.0945 s, gurobi.runtime 40.0664 s)
Iter 105 | error = 13.872654 | best_score = 0.1206 |
   IP pricing time: 46.7778 s (solve 46.7758 s, gurobi.runtime 46.7408 s)
Iter 106 | error = 13.871811 | best_score = 0.1240 |
   IP pricing time: 60.9274 s (solve 60.9254 s, gurobi.runtime 60.9021 s)
Iter 107 | error = 13.871076 | best_score = 0.1293 |
   IP pricing time: 55.2178 s (solve 55.2159 s, gurobi.runtime 55.1939 s)
Iter 108 | error = 13.869032 | best_score = 0.1387 |
   IP pricing time: 59.9077 s (solve 59.9057 s, gurobi.runtime 59.8841 s)
Iter 109 | error = 13.867586 | best_score = 0.1153 |
   IP pricing time: 73.1299 s (solve 73.1279 s, gurobi.runtime 73.1065 s)
Iter 110 | error = 13.866428 | best_score = 0.1023 |
   IP pricing time: 66.8251 s (solve 66.8231 s, gurobi.runtime 66.8026 s)
Iter 111 | error = 13.865834 | best_score = 0.1099 |
   IP pricing time: 61.2717 s (solve 61.2697 s, gurobi.runtime 61.2447 s)
Iter 112 | error = 13.865181 | best_score = 0.1230 |
   IP pricing time: 60.0820 s (solve 60.0800 s, gurobi.runtime 60.0343 s)
Iter 113 | error = 13.863798 | best_score = 0.0941 |
   IP pricing time: 61.0069 s (solve 61.0050 s, gurobi.runtime 60.9728 s)
Iter 114 | error = 13.863143 | best_score = 0.1098 |
   IP pricing time: 55.9517 s (solve 55.9498 s, gurobi.runtime 55.9183 s)
Iter 115 | error = 13.862187 | best_score = 0.1280 |
   IP pricing time: 56.5081 s (solve 56.5061 s, gurobi.runtime 56.4796 s)
Iter 116 | error = 13.861306 | best_score = 0.0820 |
   IP pricing time: 64.2885 s (solve 64.2866 s, gurobi.runtime 64.2639 s)
Iter 117 | error = 13.860834 | best_score = 0.0967 |
   IP pricing time: 66.0309 s (solve 66.0285 s, gurobi.runtime 65.9882 s)
Iter 118 | error = 13.859583 | best_score = 0.1202 |
   IP pricing time: 68.5223 s (solve 68.5203 s, gurobi.runtime 68.4895 s)
Iter 119 | error = 13.858777 | best_score = 0.0936 |
   IP pricing time: 65.9853 s (solve 65.9833 s, gurobi.runtime 65.9418 s)
Iter 120 | error = 13.857965 | best_score = 0.1005 |
   IP pricing time: 74.2109 s (solve 74.2089 s, gurobi.runtime 74.1706 s)
Iter 121 | error = 13.857565 | best_score = 0.0952 |
   IP pricing time: 72.8731 s (solve 72.8711 s, gurobi.runtime 72.8607 s)
Iter 122 | error = 13.856750 | best_score = 0.1118 |
   IP pricing time: 60.3622 s (solve 60.3603 s, gurobi.runtime 60.3398 s)
Iter 123 | error = 13.855106 | best_score = 0.1106 |
   IP pricing time: 68.0973 s (solve 68.0953 s, gurobi.runtime 68.0534 s)
Iter 124 | error = 13.854092 | best_score = 0.0903 |
   IP pricing time: 59.8308 s (solve 59.8288 s, gurobi.runtime 59.7992 s)
Iter 125 | error = 13.853617 | best_score = 0.0849 |
   IP pricing time: 62.4897 s (solve 62.4877 s, gurobi.runtime 62.4654 s)
Iter 126 | error = 13.853202 | best_score = 0.0719 |
   IP pricing time: 67.5267 s (solve 67.5248 s, gurobi.runtime 67.5154 s)
Iter 127 | error = 13.852819 | best_score = 0.0745 |
   IP pricing time: 73.8023 s (solve 73.8003 s, gurobi.runtime 73.7713 s)
Iter 128 | error = 13.852029 | best_score = 0.0837 |
   IP pricing time: 49.3326 s (solve 49.3306 s, gurobi.runtime 49.3099 s)
Iter 129 | error = 13.851582 | best_score = 0.0707 |
   IP pricing time: 58.1874 s (solve 58.1854 s, gurobi.runtime 58.1587 s)
Iter 130 | error = 13.851336 | best_score = 0.0636 |
   IP pricing time: 58.3341 s (solve 58.3305 s, gurobi.runtime 58.3070 s)
Iter 131 | error = 13.850998 | best_score = 0.0610 |
   IP pricing time: 66.8242 s (solve 66.8223 s, gurobi.runtime 66.7989 s)
Iter 132 | error = 13.850617 | best_score = 0.0614 |
   IP pricing time: 68.6363 s (solve 68.6344 s, gurobi.runtime 68.6109 s)
Iter 133 | error = 13.850338 | best_score = 0.0578 |
   IP pricing time: 82.8209 s (solve 82.8189 s, gurobi.runtime 82.7967 s)
Iter 134 | error = 13.850055 | best_score = 0.0543 |
   IP pricing time: 69.4724 s (solve 69.4704 s, gurobi.runtime 69.4269 s)
Iter 135 | error = 13.849809 | best_score = 0.0455 |
   IP pricing time: 55.9494 s (solve 55.9474 s, gurobi.runtime 55.9128 s)
Iter 136 | error = 13.849717 | best_score = 0.0470 |
   IP pricing time: 61.9107 s (solve 61.9087 s, gurobi.runtime 61.8875 s)
Iter 137 | error = 13.849574 | best_score = 0.0441 |
   IP pricing time: 76.0201 s (solve 76.0181 s, gurobi.runtime 75.9932 s)
Iter 138 | error = 13.849439 | best_score = 0.0435 |
   IP pricing time: 69.9056 s (solve 69.9036 s, gurobi.runtime 69.8930 s)
Iter 139 | error = 13.849243 | best_score = 0.0430 |
   IP pricing time: 67.2867 s (solve 67.2848 s, gurobi.runtime 67.2640 s)
Iter 140 | error = 13.849010 | best_score = 0.0475 |
   IP pricing time: 92.8682 s (solve 92.8662 s, gurobi.runtime 92.7627 s)
Iter 141 | error = 13.848716 | best_score = 0.0397 |
   IP pricing time: 83.3043 s (solve 83.3024 s, gurobi.runtime 83.2562 s)
Iter 142 | error = 13.848395 | best_score = 0.0445 |
   IP pricing time: 81.1423 s (solve 81.1403 s, gurobi.runtime 81.1186 s)
Iter 143 | error = 13.848191 | best_score = 0.0439 |
   IP pricing time: 72.6596 s (solve 72.6576 s, gurobi.runtime 72.6372 s)
Iter 144 | error = 13.847917 | best_score = 0.0366 |
   IP pricing time: 77.7927 s (solve 77.7908 s, gurobi.runtime 77.7705 s)
Iter 145 | error = 13.847781 | best_score = 0.0354 |
   IP pricing time: 76.2517 s (solve 76.2497 s, gurobi.runtime 76.2216 s)
Iter 146 | error = 13.847373 | best_score = 0.0331 |
   IP pricing time: 77.5408 s (solve 77.5387 s, gurobi.runtime 77.5141 s)
Iter 147 | error = 13.847181 | best_score = 0.0384 |
   IP pricing time: 92.5878 s (solve 92.5857 s, gurobi.runtime 92.5463 s)
Iter 148 | error = 13.847049 | best_score = 0.0362 |
   IP pricing time: 73.0823 s (solve 73.0803 s, gurobi.runtime 73.0578 s)
Iter 149 | error = 13.846962 | best_score = 0.0357 |
   IP pricing time: 74.7519 s (solve 74.7498 s, gurobi.runtime 74.7269 s)
Iter 150 | error = 13.846765 | best_score = 0.0365 |
   IP pricing time: 79.0874 s (solve 79.0854 s, gurobi.runtime 79.0425 s)
Iter 151 | error = 13.846647 | best_score = 0.0401 |
   IP pricing time: 72.4939 s (solve 72.4919 s, gurobi.runtime 72.4681 s)
Iter 152 | error = 13.846528 | best_score = 0.0362 |
   IP pricing time: 72.5645 s (solve 72.5625 s, gurobi.runtime 72.5196 s)
Iter 153 | error = 13.846460 | best_score = 0.0319 |
   IP pricing time: 77.5447 s (solve 77.5427 s, gurobi.runtime 77.5193 s)
Iter 154 | error = 13.846361 | best_score = 0.0344 |
   IP pricing time: 85.2660 s (solve 85.2640 s, gurobi.runtime 85.1607 s)
Iter 155 | error = 13.846239 | best_score = 0.0280 |
   IP pricing time: 55.1629 s (solve 55.1609 s, gurobi.runtime 55.1415 s)
Iter 156 | error = 13.846132 | best_score = 0.0313 |
   IP pricing time: 88.6103 s (solve 88.6082 s, gurobi.runtime 88.5791 s)
Iter 157 | error = 13.846025 | best_score = 0.0251 |
   IP pricing time: 91.1876 s (solve 91.1855 s, gurobi.runtime 91.1575 s)
Iter 158 | error = 13.845947 | best_score = 0.0275 |
   IP pricing time: 83.8844 s (solve 83.8823 s, gurobi.runtime 83.8594 s)
Iter 159 | error = 13.845868 | best_score = 0.0231 |
   IP pricing time: 84.8839 s (solve 84.8819 s, gurobi.runtime 84.8586 s)
Iter 160 | error = 13.845767 | best_score = 0.0204 |
   IP pricing time: 75.9842 s (solve 75.9821 s, gurobi.runtime 75.9596 s)
Iter 161 | error = 13.845746 | best_score = 0.0208 |
   IP pricing time: 79.4105 s (solve 79.4084 s, gurobi.runtime 79.3794 s)
Iter 162 | error = 13.845548 | best_score = 0.0278 |
   IP pricing time: 82.6892 s (solve 82.6871 s, gurobi.runtime 82.6643 s)
Iter 163 | error = 13.845472 | best_score = 0.0265 |
   IP pricing time: 62.4724 s (solve 62.4704 s, gurobi.runtime 62.3651 s)
Iter 164 | error = 13.845391 | best_score = 0.0230 |
   IP pricing time: 75.5574 s (solve 75.5554 s, gurobi.runtime 75.5207 s)
Iter 165 | error = 13.845319 | best_score = 0.0195 |
   IP pricing time: 88.4249 s (solve 88.4229 s, gurobi.runtime 88.4037 s)
Iter 166 | error = 13.845245 | best_score = 0.0203 |
   IP pricing time: 80.8678 s (solve 80.8658 s, gurobi.runtime 80.8216 s)
Iter 167 | error = 13.845126 | best_score = 0.0194 |
   IP pricing time: 110.8222 s (solve 110.8203 s, gurobi.runtime 110.7982 s)
Iter 168 | error = 13.844974 | best_score = 0.0206 |
   IP pricing time: 75.5161 s (solve 75.5141 s, gurobi.runtime 75.4853 s)
Iter 169 | error = 13.844927 | best_score = 0.0202 |
   IP pricing time: 82.0412 s (solve 82.0391 s, gurobi.runtime 82.0130 s)
Iter 170 | error = 13.844881 | best_score = 0.0181 |
   IP pricing time: 85.2431 s (solve 85.2410 s, gurobi.runtime 85.2193 s)
Iter 171 | error = 13.844798 | best_score = 0.0184 |
   IP pricing time: 84.6682 s (solve 84.6662 s, gurobi.runtime 84.6402 s)
Iter 172 | error = 13.844699 | best_score = 0.0204 |
   IP pricing time: 86.5368 s (solve 86.5348 s, gurobi.runtime 86.5044 s)
Iter 173 | error = 13.844607 | best_score = 0.0178 |
   IP pricing time: 94.4480 s (solve 94.4460 s, gurobi.runtime 94.4198 s)
Iter 174 | error = 13.844510 | best_score = 0.0149 |
   IP pricing time: 82.5826 s (solve 82.5805 s, gurobi.runtime 82.5427 s)
Iter 175 | error = 13.844449 | best_score = 0.0151 |
   IP pricing time: 119.2221 s (solve 119.2201 s, gurobi.runtime 119.1987 s)
Iter 176 | error = 13.844405 | best_score = 0.0176 |
   IP pricing time: 85.0985 s (solve 85.0964 s, gurobi.runtime 85.0599 s)
Iter 177 | error = 13.844341 | best_score = 0.0111 |
   IP pricing time: 78.5189 s (solve 78.5169 s, gurobi.runtime 78.4806 s)
Iter 178 | error = 13.844330 | best_score = 0.0093 |
   IP pricing time: 85.0687 s (solve 85.0667 s, gurobi.runtime 85.0363 s)
Iter 179 | error = 13.844311 | best_score = 0.0096 |
   IP pricing time: 72.9940 s (solve 72.9919 s, gurobi.runtime 72.8840 s)
Iter 180 | error = 13.844300 | best_score = 0.0078 |
   IP pricing time: 82.7898 s (solve 82.7877 s, gurobi.runtime 82.7603 s)
Iter 181 | error = 13.844276 | best_score = 0.0075 |
   IP pricing time: 94.7257 s (solve 94.7237 s, gurobi.runtime 94.6825 s)
Iter 182 | error = 13.844254 | best_score = 0.0067 |
   IP pricing time: 118.6244 s (solve 118.6223 s, gurobi.runtime 118.6070 s)
Iter 183 | error = 13.844248 | best_score = 0.0069 |
   IP pricing time: 77.0277 s (solve 77.0257 s, gurobi.runtime 76.9980 s)
Iter 184 | error = 13.844233 | best_score = 0.0067 |
   IP pricing time: 86.6456 s (solve 86.6435 s, gurobi.runtime 86.6216 s)
Iter 185 | error = 13.844220 | best_score = 0.0056 |
   IP pricing time: 76.9541 s (solve 76.9521 s, gurobi.runtime 76.9283 s)
Iter 186 | error = 13.844209 | best_score = 0.0057 |
   IP pricing time: 85.2788 s (solve 85.2767 s, gurobi.runtime 85.2525 s)
Iter 187 | error = 13.844204 | best_score = 0.0047 |
   IP pricing time: 89.1916 s (solve 89.1895 s, gurobi.runtime 89.1612 s)
Iter 188 | error = 13.844192 | best_score = 0.0048 |
   IP pricing time: 76.8274 s (solve 76.8254 s, gurobi.runtime 76.7973 s)
Iter 189 | error = 13.844174 | best_score = 0.0041 |
   IP pricing time: 83.2610 s (solve 83.2590 s, gurobi.runtime 83.2341 s)
Iter 190 | error = 13.844169 | best_score = 0.0033 |
   IP pricing time: 88.4617 s (solve 88.4597 s, gurobi.runtime 88.4372 s)
Iter 191 | error = 13.844154 | best_score = 0.0043 |
   IP pricing time: 67.5301 s (solve 67.5281 s, gurobi.runtime 67.5030 s)
Iter 192 | error = 13.844144 | best_score = 0.0030 |
   IP pricing time: 87.0329 s (solve 87.0308 s, gurobi.runtime 86.9866 s)
Iter 193 | error = 13.844139 | best_score = 0.0020 |
   IP pricing time: 141.9032 s (solve 141.9011 s, gurobi.runtime 141.8705 s)
Iter 194 | error = 13.844137 | best_score = 0.0021 |
   IP pricing time: 121.5794 s (solve 121.5774 s, gurobi.runtime 121.5377 s)
Iter 195 | error = 13.844135 | best_score = 0.0021 |
   IP pricing time: 84.9330 s (solve 84.9310 s, gurobi.runtime 84.9024 s)
Iter 196 | error = 13.844132 | best_score = 0.0018 |
   IP pricing time: 74.7973 s (solve 74.7953 s, gurobi.runtime 74.7722 s)
Iter 197 | error = 13.844131 | best_score = 0.0014 |
   IP pricing time: 78.8746 s (solve 78.8726 s, gurobi.runtime 78.8492 s)
Iter 198 | error = 13.844130 | best_score = 0.0007 |
   IP pricing time: 92.5568 s (solve 92.5548 s, gurobi.runtime 92.5176 s)
Iter 199 | error = 13.844129 | best_score = 0.0008 |
   IP pricing time: 122.6662 s (solve 122.6641 s, gurobi.runtime 122.6371 s)
Iter 200 | error = 13.844129 | best_score = 0.0005 |
   IP pricing time: 59.8146 s (solve 59.8125 s, gurobi.runtime 59.7873 s)
Iter 201 | error = 13.844129 | best_score = 0.0004 |
   IP pricing time: 143.3001 s (solve 143.2980 s, gurobi.runtime 143.2677 s)
Iter 202 | error = 13.844128 | best_score = 0.0005 |
   IP pricing time: 139.8002 s (solve 139.7981 s, gurobi.runtime 139.7445 s)
Iter 203 | error = 13.844128 | best_score = 0.0002 |
   IP pricing time: 118.3146 s (solve 118.3125 s, gurobi.runtime 118.2716 s)
Iter 204 | error = 13.844128 | best_score = 0.0002 |
   IP pricing time: 85.7857 s (solve 85.7836 s, gurobi.runtime 85.7357 s)
Iter 205 | error = 13.844128 | best_score = 0.0001 |
   IP pricing time: 92.8770 s (solve 92.8750 s, gurobi.runtime 92.8321 s)
Iter 206 | error = 13.844128 | best_score = 0.0001 |
 Convergence Criterion Achieved (reduced_cost 8.2948e-05 < tol)
  CG_IP  status=ok  error=1.384413e+01  total=10239.34s  iters=206  IP_calls=206  build=0.00s  solve_tot=10234.69s  gur_tot=10228.86s

========================================================
[4/5] n = 24, seed = 4  (all binary menus)
========================================================
[fractions mode] counts(s) = round(frac(s) * C(n,s))  (total 276 menus).
Generating fake data for n=24 alternatives, 276 menus (Dirichlet probs)...
Generated 552 rows from 276 menus (276 unique).
Menu size distribution actually drawn:
  size 2: 276 menus (100.0%)

n = 24 | 552 observations | 276 unique menus | menu sizes 2..2

  -- CG_IP --  (budget: 604800.0 s)
Starting column generation with 1 initial columns...
Pricing mode: IP
Generating choice sets only (rankings built on-demand)...
Using 552 provided choice sets
✓ 552 choice sets generated (no ranking enumeration needed)

B_IP_pricing_build: 0.00s (nvars=576, ncons=4324)
  IP pricing time: 0.0527 s (solve 0.0512 s, gurobi.runtime 0.0192 s)
Iter 1 | error = 180.615606 | best_score = 272.8419 |
   IP pricing time: 0.1024 s (solve 0.1009 s, gurobi.runtime 0.0832 s)
Iter 2 | error = 45.755636 | best_score = 32.5226 |
   IP pricing time: 0.1865 s (solve 0.1850 s, gurobi.runtime 0.1780 s)
Iter 3 | error = 38.050530 | best_score = 27.9220 |
   IP pricing time: 0.0933 s (solve 0.0918 s, gurobi.runtime 0.0857 s)
Iter 4 | error = 32.243798 | best_score = 27.8844 |
   IP pricing time: 0.1754 s (solve 0.1739 s, gurobi.runtime 0.1609 s)
Iter 5 | error = 25.807326 | best_score = 25.3527 |
   IP pricing time: 0.0498 s (solve 0.0484 s, gurobi.runtime 0.0431 s)
Iter 6 | error = 21.145247 | best_score = 17.4511 |
   IP pricing time: 0.4770 s (solve 0.4755 s, gurobi.runtime 0.4639 s)
Iter 7 | error = 19.217259 | best_score = 11.9387 |
   IP pricing time: 0.3564 s (solve 0.3549 s, gurobi.runtime 0.3489 s)
Iter 8 | error = 18.180578 | best_score = 10.4347 |
   IP pricing time: 0.4573 s (solve 0.4558 s, gurobi.runtime 0.4411 s)
Iter 9 | error = 17.339919 | best_score = 8.0798 |
   IP pricing time: 0.3386 s (solve 0.3371 s, gurobi.runtime 0.3230 s)
Iter 10 | error = 16.772014 | best_score = 7.6629 |
   IP pricing time: 0.9891 s (solve 0.9876 s, gurobi.runtime 0.9754 s)
Iter 11 | error = 16.213179 | best_score = 5.7631 |
   IP pricing time: 0.2175 s (solve 0.2160 s, gurobi.runtime 0.1962 s)
Iter 12 | error = 15.935513 | best_score = 6.4447 |
   IP pricing time: 1.0035 s (solve 1.0020 s, gurobi.runtime 0.9898 s)
Iter 13 | error = 15.561227 | best_score = 4.5711 |
   IP pricing time: 0.6053 s (solve 0.6035 s, gurobi.runtime 0.5804 s)
Iter 14 | error = 15.384627 | best_score = 4.6920 |
   IP pricing time: 0.4913 s (solve 0.4899 s, gurobi.runtime 0.4736 s)
Iter 15 | error = 15.168079 | best_score = 4.2630 |
   IP pricing time: 1.1459 s (solve 1.1445 s, gurobi.runtime 1.1288 s)
Iter 16 | error = 14.981097 | best_score = 3.5711 |
   IP pricing time: 1.0455 s (solve 1.0440 s, gurobi.runtime 1.0200 s)
Iter 17 | error = 14.834085 | best_score = 3.7652 |
   IP pricing time: 0.6008 s (solve 0.5994 s, gurobi.runtime 0.5655 s)
Iter 18 | error = 14.680976 | best_score = 3.4759 |
   IP pricing time: 0.5496 s (solve 0.5481 s, gurobi.runtime 0.5245 s)
Iter 19 | error = 14.538960 | best_score = 3.5066 |
   IP pricing time: 1.1840 s (solve 1.1825 s, gurobi.runtime 1.1562 s)
Iter 20 | error = 14.388911 | best_score = 3.0739 |
   IP pricing time: 0.2260 s (solve 0.2246 s, gurobi.runtime 0.2004 s)
Iter 21 | error = 14.268376 | best_score = 3.4936 |
   IP pricing time: 1.2493 s (solve 1.2479 s, gurobi.runtime 1.2323 s)
Iter 22 | error = 14.129653 | best_score = 2.4713 |
   IP pricing time: 0.7143 s (solve 0.7128 s, gurobi.runtime 0.6954 s)
Iter 23 | error = 14.055173 | best_score = 2.7749 |
   IP pricing time: 1.6935 s (solve 1.6920 s, gurobi.runtime 1.6787 s)
Iter 24 | error = 13.967937 | best_score = 2.2762 |
   IP pricing time: 0.9886 s (solve 0.9872 s, gurobi.runtime 0.9613 s)
Iter 25 | error = 13.905425 | best_score = 2.5464 |
   IP pricing time: 1.8818 s (solve 1.8803 s, gurobi.runtime 1.8664 s)
Iter 26 | error = 13.803620 | best_score = 1.9948 |
   IP pricing time: 2.6364 s (solve 2.6348 s, gurobi.runtime 2.6143 s)
Iter 27 | error = 13.738795 | best_score = 1.9112 |
   IP pricing time: 3.4381 s (solve 3.4364 s, gurobi.runtime 3.4116 s)
Iter 28 | error = 13.673908 | best_score = 1.7468 |
   IP pricing time: 2.2045 s (solve 2.2029 s, gurobi.runtime 2.1803 s)
Iter 29 | error = 13.624614 | best_score = 1.7574 |
   IP pricing time: 2.2334 s (solve 2.2319 s, gurobi.runtime 2.2092 s)
Iter 30 | error = 13.585454 | best_score = 1.7047 |
   IP pricing time: 3.1778 s (solve 3.1761 s, gurobi.runtime 3.1389 s)
Iter 31 | error = 13.545139 | best_score = 1.6167 |
   IP pricing time: 2.7206 s (solve 2.7190 s, gurobi.runtime 2.6956 s)
Iter 32 | error = 13.511442 | best_score = 1.6066 |
   IP pricing time: 3.8003 s (solve 3.7986 s, gurobi.runtime 3.7698 s)
Iter 33 | error = 13.471871 | best_score = 1.5215 |
   IP pricing time: 3.8873 s (solve 3.8856 s, gurobi.runtime 3.8627 s)
Iter 34 | error = 13.435548 | best_score = 1.3515 |
   IP pricing time: 3.7029 s (solve 3.7014 s, gurobi.runtime 3.6782 s)
Iter 35 | error = 13.408431 | best_score = 1.3565 |
   IP pricing time: 4.3916 s (solve 4.3898 s, gurobi.runtime 4.3631 s)
Iter 36 | error = 13.377123 | best_score = 1.3272 |
   IP pricing time: 4.1351 s (solve 4.1336 s, gurobi.runtime 4.1067 s)
Iter 37 | error = 13.342595 | best_score = 1.2723 |
   IP pricing time: 4.3477 s (solve 4.3459 s, gurobi.runtime 4.3257 s)
Iter 38 | error = 13.313762 | best_score = 1.2673 |
   IP pricing time: 4.8231 s (solve 4.8213 s, gurobi.runtime 4.7955 s)
Iter 39 | error = 13.274838 | best_score = 1.2401 |
   IP pricing time: 5.9573 s (solve 5.9556 s, gurobi.runtime 5.9161 s)
Iter 40 | error = 13.255895 | best_score = 1.1312 |
   IP pricing time: 4.7155 s (solve 4.7137 s, gurobi.runtime 4.6935 s)
Iter 41 | error = 13.233108 | best_score = 1.1012 |
   IP pricing time: 1.7357 s (solve 1.7341 s, gurobi.runtime 1.7104 s)
Iter 42 | error = 13.197402 | best_score = 1.4691 |
   IP pricing time: 4.0695 s (solve 4.0677 s, gurobi.runtime 4.0543 s)
Iter 43 | error = 13.168069 | best_score = 1.1732 |
   IP pricing time: 4.0255 s (solve 4.0239 s, gurobi.runtime 3.9987 s)
Iter 44 | error = 13.145829 | best_score = 1.2165 |
   IP pricing time: 5.3556 s (solve 5.3537 s, gurobi.runtime 5.3322 s)
Iter 45 | error = 13.118423 | best_score = 1.0623 |
   IP pricing time: 3.3127 s (solve 3.3112 s, gurobi.runtime 3.2774 s)
Iter 46 | error = 13.094816 | best_score = 1.1464 |
   IP pricing time: 5.4903 s (solve 5.4884 s, gurobi.runtime 5.4640 s)
Iter 47 | error = 13.074729 | best_score = 0.9673 |
   IP pricing time: 5.7430 s (solve 5.7411 s, gurobi.runtime 5.7162 s)
Iter 48 | error = 13.058534 | best_score = 0.9374 |
   IP pricing time: 5.6244 s (solve 5.6226 s, gurobi.runtime 5.5985 s)
Iter 49 | error = 13.040825 | best_score = 0.9249 |
   IP pricing time: 10.8840 s (solve 10.8825 s, gurobi.runtime 10.8711 s)
Iter 50 | error = 13.013472 | best_score = 0.6998 |
   IP pricing time: 9.6671 s (solve 9.6656 s, gurobi.runtime 9.6391 s)
Iter 51 | error = 13.004510 | best_score = 0.7174 |
   IP pricing time: 10.9572 s (solve 10.9554 s, gurobi.runtime 10.9253 s)
Iter 52 | error = 12.990647 | best_score = 0.7365 |
   IP pricing time: 7.4376 s (solve 7.4357 s, gurobi.runtime 7.4098 s)
Iter 53 | error = 12.981870 | best_score = 0.7865 |
   IP pricing time: 8.6378 s (solve 8.6358 s, gurobi.runtime 8.6168 s)
Iter 54 | error = 12.971588 | best_score = 0.7351 |
   IP pricing time: 10.8416 s (solve 10.8397 s, gurobi.runtime 10.8100 s)
Iter 55 | error = 12.960772 | best_score = 0.6964 |
   IP pricing time: 9.6030 s (solve 9.6010 s, gurobi.runtime 9.5649 s)
Iter 56 | error = 12.951769 | best_score = 0.6944 |
   IP pricing time: 12.5784 s (solve 12.5765 s, gurobi.runtime 12.5600 s)
Iter 57 | error = 12.938072 | best_score = 0.6501 |
   IP pricing time: 11.3454 s (solve 11.3435 s, gurobi.runtime 11.3094 s)
Iter 58 | error = 12.926697 | best_score = 0.6728 |
   IP pricing time: 12.4131 s (solve 12.4110 s, gurobi.runtime 12.3914 s)
Iter 59 | error = 12.917993 | best_score = 0.5616 |
   IP pricing time: 15.1146 s (solve 15.1127 s, gurobi.runtime 15.0892 s)
Iter 60 | error = 12.911735 | best_score = 0.4970 |
   IP pricing time: 16.5033 s (solve 16.5014 s, gurobi.runtime 16.4763 s)
Iter 61 | error = 12.905233 | best_score = 0.5095 |
   IP pricing time: 17.2687 s (solve 17.2668 s, gurobi.runtime 17.2427 s)
Iter 62 | error = 12.898453 | best_score = 0.5235 |
   IP pricing time: 18.9258 s (solve 18.9238 s, gurobi.runtime 18.8601 s)
Iter 63 | error = 12.887435 | best_score = 0.5213 |
   IP pricing time: 24.4141 s (solve 24.4123 s, gurobi.runtime 24.3871 s)
Iter 64 | error = 12.882298 | best_score = 0.4704 |
   IP pricing time: 21.4216 s (solve 21.4197 s, gurobi.runtime 21.3894 s)
Iter 65 | error = 12.874537 | best_score = 0.5000 |
   IP pricing time: 18.9805 s (solve 18.9786 s, gurobi.runtime 18.9404 s)
Iter 66 | error = 12.868731 | best_score = 0.4711 |
   IP pricing time: 21.7854 s (solve 21.7835 s, gurobi.runtime 21.7618 s)
Iter 67 | error = 12.862329 | best_score = 0.4720 |
   IP pricing time: 24.8946 s (solve 24.8927 s, gurobi.runtime 24.8565 s)
Iter 68 | error = 12.857729 | best_score = 0.4171 |
   IP pricing time: 21.5152 s (solve 21.5134 s, gurobi.runtime 21.4046 s)
Iter 69 | error = 12.853087 | best_score = 0.4255 |
   IP pricing time: 30.8977 s (solve 30.8958 s, gurobi.runtime 30.8749 s)
Iter 70 | error = 12.845908 | best_score = 0.3947 |
   IP pricing time: 36.5419 s (solve 36.5399 s, gurobi.runtime 36.5053 s)
Iter 71 | error = 12.841611 | best_score = 0.3370 |
   IP pricing time: 25.9018 s (solve 25.9000 s, gurobi.runtime 25.8569 s)
Iter 72 | error = 12.836364 | best_score = 0.4192 |
   IP pricing time: 28.6760 s (solve 28.6743 s, gurobi.runtime 28.6546 s)
Iter 73 | error = 12.832382 | best_score = 0.3702 |
   IP pricing time: 25.8881 s (solve 25.8862 s, gurobi.runtime 25.8583 s)
Iter 74 | error = 12.828708 | best_score = 0.3909 |
   IP pricing time: 30.5723 s (solve 30.5704 s, gurobi.runtime 30.5427 s)
Iter 75 | error = 12.824246 | best_score = 0.3661 |
   IP pricing time: 29.7510 s (solve 29.7490 s, gurobi.runtime 29.7144 s)
Iter 76 | error = 12.820859 | best_score = 0.3320 |
   IP pricing time: 23.3663 s (solve 23.3644 s, gurobi.runtime 23.3403 s)
Iter 77 | error = 12.817756 | best_score = 0.3600 |
   IP pricing time: 26.0319 s (solve 26.0299 s, gurobi.runtime 26.0066 s)
Iter 78 | error = 12.812190 | best_score = 0.3849 |
   IP pricing time: 39.5589 s (solve 39.5570 s, gurobi.runtime 39.5318 s)
Iter 79 | error = 12.807711 | best_score = 0.2570 |
   IP pricing time: 35.4790 s (solve 35.4771 s, gurobi.runtime 35.4492 s)
Iter 80 | error = 12.806434 | best_score = 0.2713 |
   IP pricing time: 31.3079 s (solve 31.3060 s, gurobi.runtime 31.2757 s)
Iter 81 | error = 12.803077 | best_score = 0.2794 |
   IP pricing time: 48.2445 s (solve 48.2426 s, gurobi.runtime 48.2052 s)
Iter 82 | error = 12.801124 | best_score = 0.2397 |
   IP pricing time: 44.8396 s (solve 44.8377 s, gurobi.runtime 44.8092 s)
Iter 83 | error = 12.798120 | best_score = 0.2347 |
   IP pricing time: 34.6178 s (solve 34.6159 s, gurobi.runtime 34.5785 s)
Iter 84 | error = 12.795863 | best_score = 0.2426 |
   IP pricing time: 32.6060 s (solve 32.6040 s, gurobi.runtime 32.5411 s)
Iter 85 | error = 12.793679 | best_score = 0.2312 |
   IP pricing time: 36.0981 s (solve 36.0962 s, gurobi.runtime 36.0573 s)
Iter 86 | error = 12.791940 | best_score = 0.2344 |
   IP pricing time: 32.4135 s (solve 32.4115 s, gurobi.runtime 32.4030 s)
Iter 87 | error = 12.790142 | best_score = 0.2289 |
   IP pricing time: 34.9648 s (solve 34.9627 s, gurobi.runtime 34.9361 s)
Iter 88 | error = 12.788624 | best_score = 0.1923 |
   IP pricing time: 31.3644 s (solve 31.3624 s, gurobi.runtime 31.3268 s)
Iter 89 | error = 12.786967 | best_score = 0.2326 |
   IP pricing time: 43.9732 s (solve 43.9711 s, gurobi.runtime 43.9314 s)
Iter 90 | error = 12.784742 | best_score = 0.2015 |
   IP pricing time: 48.4708 s (solve 48.4688 s, gurobi.runtime 48.4377 s)
Iter 91 | error = 12.783127 | best_score = 0.2016 |
   IP pricing time: 30.4616 s (solve 30.4596 s, gurobi.runtime 30.4223 s)
Iter 92 | error = 12.781475 | best_score = 0.2106 |
   IP pricing time: 43.4408 s (solve 43.4387 s, gurobi.runtime 43.4116 s)
Iter 93 | error = 12.779350 | best_score = 0.1666 |
   IP pricing time: 49.0647 s (solve 49.0626 s, gurobi.runtime 49.0184 s)
Iter 94 | error = 12.778197 | best_score = 0.1523 |
   IP pricing time: 32.8193 s (solve 32.8172 s, gurobi.runtime 32.7919 s)
Iter 95 | error = 12.777094 | best_score = 0.1650 |
   IP pricing time: 49.2212 s (solve 49.2192 s, gurobi.runtime 49.1726 s)
Iter 96 | error = 12.776060 | best_score = 0.1601 |
   IP pricing time: 50.0482 s (solve 50.0462 s, gurobi.runtime 50.0125 s)
Iter 97 | error = 12.775153 | best_score = 0.1670 |
   IP pricing time: 50.7663 s (solve 50.7642 s, gurobi.runtime 50.7442 s)
Iter 98 | error = 12.773794 | best_score = 0.1455 |
   IP pricing time: 40.8143 s (solve 40.8124 s, gurobi.runtime 40.7770 s)
Iter 99 | error = 12.772545 | best_score = 0.1460 |
   IP pricing time: 38.8155 s (solve 38.8135 s, gurobi.runtime 38.7927 s)
Iter 100 | error = 12.771647 | best_score = 0.1257 |
   IP pricing time: 70.1501 s (solve 70.1481 s, gurobi.runtime 70.1064 s)
Iter 101 | error = 12.770747 | best_score = 0.1317 |
   IP pricing time: 44.3974 s (solve 44.3955 s, gurobi.runtime 44.2954 s)
Iter 102 | error = 12.769827 | best_score = 0.1409 |
   IP pricing time: 54.0645 s (solve 54.0626 s, gurobi.runtime 54.0423 s)
Iter 103 | error = 12.768697 | best_score = 0.1321 |
   IP pricing time: 42.2065 s (solve 42.2044 s, gurobi.runtime 42.1581 s)
Iter 104 | error = 12.767329 | best_score = 0.1293 |
   IP pricing time: 34.9561 s (solve 34.9540 s, gurobi.runtime 34.9313 s)
Iter 105 | error = 12.766584 | best_score = 0.1426 |
   IP pricing time: 36.2556 s (solve 36.2536 s, gurobi.runtime 36.1502 s)
Iter 106 | error = 12.765425 | best_score = 0.1482 |
   IP pricing time: 53.5958 s (solve 53.5937 s, gurobi.runtime 53.5698 s)
Iter 107 | error = 12.763828 | best_score = 0.1337 |
   IP pricing time: 34.1551 s (solve 34.1530 s, gurobi.runtime 34.0417 s)
Iter 108 | error = 12.762459 | best_score = 0.1427 |
   IP pricing time: 56.1478 s (solve 56.1457 s, gurobi.runtime 56.1187 s)
Iter 109 | error = 12.761501 | best_score = 0.1386 |
   IP pricing time: 50.7552 s (solve 50.7532 s, gurobi.runtime 50.6513 s)
Iter 110 | error = 12.759988 | best_score = 0.1301 |
   IP pricing time: 35.9770 s (solve 35.9749 s, gurobi.runtime 35.9517 s)
Iter 111 | error = 12.758905 | best_score = 0.1333 |
   IP pricing time: 57.3670 s (solve 57.3649 s, gurobi.runtime 57.3412 s)
Iter 112 | error = 12.758041 | best_score = 0.1283 |
   IP pricing time: 51.5088 s (solve 51.5068 s, gurobi.runtime 51.4750 s)
Iter 113 | error = 12.756314 | best_score = 0.1330 |
   IP pricing time: 38.2128 s (solve 38.2107 s, gurobi.runtime 38.1872 s)
Iter 114 | error = 12.754759 | best_score = 0.1413 |
   IP pricing time: 44.5573 s (solve 44.5553 s, gurobi.runtime 44.5222 s)
Iter 115 | error = 12.753776 | best_score = 0.1204 |
   IP pricing time: 56.9924 s (solve 56.9904 s, gurobi.runtime 56.9632 s)
Iter 116 | error = 12.752895 | best_score = 0.1070 |
   IP pricing time: 53.0375 s (solve 53.0354 s, gurobi.runtime 52.9234 s)
Iter 117 | error = 12.752061 | best_score = 0.1045 |
   IP pricing time: 46.7320 s (solve 46.7296 s, gurobi.runtime 46.7081 s)
Iter 118 | error = 12.751146 | best_score = 0.1052 |
   IP pricing time: 54.1443 s (solve 54.1422 s, gurobi.runtime 54.0274 s)
Iter 119 | error = 12.750169 | best_score = 0.1067 |
   IP pricing time: 55.2329 s (solve 55.2308 s, gurobi.runtime 55.2089 s)
Iter 120 | error = 12.749589 | best_score = 0.0979 |
   IP pricing time: 47.3847 s (solve 47.3826 s, gurobi.runtime 47.2747 s)
Iter 121 | error = 12.748978 | best_score = 0.0922 |
   IP pricing time: 42.8206 s (solve 42.8185 s, gurobi.runtime 42.7564 s)
Iter 122 | error = 12.747937 | best_score = 0.0868 |
   IP pricing time: 50.9649 s (solve 50.9629 s, gurobi.runtime 50.9405 s)
Iter 123 | error = 12.746932 | best_score = 0.1044 |
   IP pricing time: 41.8466 s (solve 41.8446 s, gurobi.runtime 41.7745 s)
Iter 124 | error = 12.746456 | best_score = 0.0774 |
   IP pricing time: 61.3695 s (solve 61.3674 s, gurobi.runtime 61.3375 s)
Iter 125 | error = 12.746157 | best_score = 0.0832 |
   IP pricing time: 45.5534 s (solve 45.5513 s, gurobi.runtime 45.4819 s)
Iter 126 | error = 12.745508 | best_score = 0.0810 |
   IP pricing time: 58.2737 s (solve 58.2716 s, gurobi.runtime 58.2446 s)
Iter 127 | error = 12.744974 | best_score = 0.0747 |
   IP pricing time: 53.9675 s (solve 53.9654 s, gurobi.runtime 53.9375 s)
Iter 128 | error = 12.744712 | best_score = 0.0827 |
   IP pricing time: 40.2709 s (solve 40.2688 s, gurobi.runtime 40.2428 s)
Iter 129 | error = 12.744388 | best_score = 0.0734 |
   IP pricing time: 56.5203 s (solve 56.5182 s, gurobi.runtime 56.4945 s)
Iter 130 | error = 12.743976 | best_score = 0.0829 |
   IP pricing time: 62.4295 s (solve 62.4274 s, gurobi.runtime 62.3999 s)
Iter 131 | error = 12.743351 | best_score = 0.0736 |
   IP pricing time: 59.5507 s (solve 59.5486 s, gurobi.runtime 59.5070 s)
Iter 132 | error = 12.742986 | best_score = 0.0676 |
   IP pricing time: 51.4747 s (solve 51.4726 s, gurobi.runtime 51.4452 s)
Iter 133 | error = 12.742484 | best_score = 0.0640 |
   IP pricing time: 55.5305 s (solve 55.5284 s, gurobi.runtime 55.5028 s)
Iter 134 | error = 12.742104 | best_score = 0.0718 |
   IP pricing time: 63.7701 s (solve 63.7681 s, gurobi.runtime 63.7426 s)
Iter 135 | error = 12.741650 | best_score = 0.0757 |
   IP pricing time: 60.7728 s (solve 60.7707 s, gurobi.runtime 60.7534 s)
Iter 136 | error = 12.741239 | best_score = 0.0636 |
   IP pricing time: 51.7531 s (solve 51.7511 s, gurobi.runtime 51.7285 s)
Iter 137 | error = 12.740938 | best_score = 0.0599 |
   IP pricing time: 58.3951 s (solve 58.3930 s, gurobi.runtime 58.3694 s)
Iter 138 | error = 12.740533 | best_score = 0.0773 |
   IP pricing time: 42.5709 s (solve 42.5689 s, gurobi.runtime 42.5345 s)
Iter 139 | error = 12.739982 | best_score = 0.0736 |
   IP pricing time: 57.1663 s (solve 57.1642 s, gurobi.runtime 57.1482 s)
Iter 140 | error = 12.739600 | best_score = 0.0908 |
   IP pricing time: 55.1310 s (solve 55.1289 s, gurobi.runtime 55.0994 s)
Iter 141 | error = 12.738986 | best_score = 0.0702 |
   IP pricing time: 57.3606 s (solve 57.3586 s, gurobi.runtime 57.3306 s)
Iter 142 | error = 12.738650 | best_score = 0.0582 |
   IP pricing time: 54.2607 s (solve 54.2587 s, gurobi.runtime 54.2323 s)
Iter 143 | error = 12.738378 | best_score = 0.0578 |
   IP pricing time: 60.8720 s (solve 60.8700 s, gurobi.runtime 60.8467 s)
Iter 144 | error = 12.738157 | best_score = 0.0523 |
   IP pricing time: 49.7690 s (solve 49.7670 s, gurobi.runtime 49.7513 s)
Iter 145 | error = 12.737911 | best_score = 0.0493 |
   IP pricing time: 52.9345 s (solve 52.9325 s, gurobi.runtime 52.9091 s)
Iter 146 | error = 12.737572 | best_score = 0.0528 |
   IP pricing time: 66.6634 s (solve 66.6613 s, gurobi.runtime 66.6359 s)
Iter 147 | error = 12.737167 | best_score = 0.0545 |
   IP pricing time: 58.0430 s (solve 58.0409 s, gurobi.runtime 58.0122 s)
Iter 148 | error = 12.736785 | best_score = 0.0653 |
   IP pricing time: 48.2812 s (solve 48.2791 s, gurobi.runtime 48.2490 s)
Iter 149 | error = 12.736262 | best_score = 0.0617 |
   IP pricing time: 48.7519 s (solve 48.7498 s, gurobi.runtime 48.7116 s)
Iter 150 | error = 12.735915 | best_score = 0.0584 |
   IP pricing time: 62.9638 s (solve 62.9618 s, gurobi.runtime 62.9371 s)
Iter 151 | error = 12.735373 | best_score = 0.0473 |
   IP pricing time: 60.9119 s (solve 60.9098 s, gurobi.runtime 60.8807 s)
Iter 152 | error = 12.734992 | best_score = 0.0522 |
   IP pricing time: 60.1842 s (solve 60.1821 s, gurobi.runtime 60.1446 s)
Iter 153 | error = 12.734811 | best_score = 0.0480 |
   IP pricing time: 39.0200 s (solve 39.0179 s, gurobi.runtime 38.9765 s)
Iter 154 | error = 12.734631 | best_score = 0.0469 |
   IP pricing time: 48.5797 s (solve 48.5776 s, gurobi.runtime 48.5512 s)
Iter 155 | error = 12.734384 | best_score = 0.0399 |
   IP pricing time: 56.9171 s (solve 56.9150 s, gurobi.runtime 56.8860 s)
Iter 156 | error = 12.734194 | best_score = 0.0327 |
   IP pricing time: 57.5934 s (solve 57.5913 s, gurobi.runtime 57.5692 s)
Iter 157 | error = 12.734071 | best_score = 0.0364 |
   IP pricing time: 68.3531 s (solve 68.3510 s, gurobi.runtime 68.3219 s)
Iter 158 | error = 12.733889 | best_score = 0.0309 |
   IP pricing time: 63.0152 s (solve 63.0131 s, gurobi.runtime 62.9678 s)
Iter 159 | error = 12.733618 | best_score = 0.0433 |
   IP pricing time: 58.7842 s (solve 58.7821 s, gurobi.runtime 58.7380 s)
Iter 160 | error = 12.733303 | best_score = 0.0328 |
   IP pricing time: 70.5008 s (solve 70.4987 s, gurobi.runtime 70.4739 s)
Iter 161 | error = 12.733194 | best_score = 0.0357 |
   IP pricing time: 64.5192 s (solve 64.5171 s, gurobi.runtime 64.5035 s)
Iter 162 | error = 12.732987 | best_score = 0.0281 |
   IP pricing time: 62.8985 s (solve 62.8965 s, gurobi.runtime 62.8484 s)
Iter 163 | error = 12.732836 | best_score = 0.0268 |
   IP pricing time: 64.2325 s (solve 64.2305 s, gurobi.runtime 64.1996 s)
Iter 164 | error = 12.732759 | best_score = 0.0246 |
   IP pricing time: 71.4721 s (solve 71.4699 s, gurobi.runtime 71.4362 s)
Iter 165 | error = 12.732717 | best_score = 0.0208 |
   IP pricing time: 69.1626 s (solve 69.1605 s, gurobi.runtime 69.1297 s)
Iter 166 | error = 12.732686 | best_score = 0.0196 |
   IP pricing time: 69.1847 s (solve 69.1826 s, gurobi.runtime 69.1533 s)
Iter 167 | error = 12.732658 | best_score = 0.0179 |
   IP pricing time: 65.6851 s (solve 65.6830 s, gurobi.runtime 65.6432 s)
Iter 168 | error = 12.732595 | best_score = 0.0200 |
   IP pricing time: 69.3291 s (solve 69.3270 s, gurobi.runtime 69.2891 s)
Iter 169 | error = 12.732549 | best_score = 0.0184 |
   IP pricing time: 69.6958 s (solve 69.6938 s, gurobi.runtime 69.6403 s)
Iter 170 | error = 12.732500 | best_score = 0.0179 |
   IP pricing time: 64.9814 s (solve 64.9793 s, gurobi.runtime 64.9452 s)
Iter 171 | error = 12.732452 | best_score = 0.0163 |
   IP pricing time: 55.0118 s (solve 55.0097 s, gurobi.runtime 54.9783 s)
Iter 172 | error = 12.732404 | best_score = 0.0183 |
   IP pricing time: 68.9481 s (solve 68.9460 s, gurobi.runtime 68.9244 s)
Iter 173 | error = 12.732341 | best_score = 0.0143 |
   IP pricing time: 69.3463 s (solve 69.3442 s, gurobi.runtime 69.2402 s)
Iter 174 | error = 12.732305 | best_score = 0.0142 |
   IP pricing time: 61.7639 s (solve 61.7618 s, gurobi.runtime 61.7391 s)
Iter 175 | error = 12.732273 | best_score = 0.0159 |
   IP pricing time: 59.4639 s (solve 59.4618 s, gurobi.runtime 59.3935 s)
Iter 176 | error = 12.732201 | best_score = 0.0175 |
   IP pricing time: 58.7983 s (solve 58.7963 s, gurobi.runtime 58.7736 s)
Iter 177 | error = 12.732182 | best_score = 0.0142 |
   IP pricing time: 71.5922 s (solve 71.5901 s, gurobi.runtime 71.5546 s)
Iter 178 | error = 12.732140 | best_score = 0.0148 |
   IP pricing time: 69.8421 s (solve 69.8401 s, gurobi.runtime 69.7761 s)
Iter 179 | error = 12.732105 | best_score = 0.0115 |
   IP pricing time: 55.0214 s (solve 55.0193 s, gurobi.runtime 54.9839 s)
Iter 180 | error = 12.732062 | best_score = 0.0136 |
   IP pricing time: 72.9716 s (solve 72.9695 s, gurobi.runtime 72.9447 s)
Iter 181 | error = 12.732017 | best_score = 0.0135 |
   IP pricing time: 64.5021 s (solve 64.5000 s, gurobi.runtime 64.4623 s)
Iter 182 | error = 12.731928 | best_score = 0.0136 |
   IP pricing time: 60.1609 s (solve 60.1588 s, gurobi.runtime 60.1093 s)
Iter 183 | error = 12.731877 | best_score = 0.0128 |
   IP pricing time: 51.2784 s (solve 51.2763 s, gurobi.runtime 51.2672 s)
Iter 184 | error = 12.731782 | best_score = 0.0123 |
   IP pricing time: 54.5554 s (solve 54.5533 s, gurobi.runtime 54.5285 s)
Iter 185 | error = 12.731731 | best_score = 0.0129 |
   IP pricing time: 65.8798 s (solve 65.8777 s, gurobi.runtime 65.7735 s)
Iter 186 | error = 12.731685 | best_score = 0.0099 |
   IP pricing time: 53.1319 s (solve 53.1299 s, gurobi.runtime 53.0224 s)
Iter 187 | error = 12.731654 | best_score = 0.0108 |
   IP pricing time: 61.3419 s (solve 61.3397 s, gurobi.runtime 61.3176 s)
Iter 188 | error = 12.731626 | best_score = 0.0100 |
   IP pricing time: 54.5133 s (solve 54.5112 s, gurobi.runtime 54.4895 s)
Iter 189 | error = 12.731564 | best_score = 0.0112 |
   IP pricing time: 66.6270 s (solve 66.6250 s, gurobi.runtime 66.5214 s)
Iter 190 | error = 12.731551 | best_score = 0.0101 |
   IP pricing time: 48.7369 s (solve 48.7348 s, gurobi.runtime 48.6265 s)
Iter 191 | error = 12.731518 | best_score = 0.0112 |
   IP pricing time: 62.0838 s (solve 62.0817 s, gurobi.runtime 62.0611 s)
Iter 192 | error = 12.731502 | best_score = 0.0102 |
   IP pricing time: 67.2674 s (solve 67.2653 s, gurobi.runtime 67.2393 s)
Iter 193 | error = 12.731484 | best_score = 0.0113 |
   IP pricing time: 62.7250 s (solve 62.7229 s, gurobi.runtime 62.6179 s)
Iter 194 | error = 12.731448 | best_score = 0.0069 |
   IP pricing time: 61.6113 s (solve 61.6092 s, gurobi.runtime 61.4970 s)
Iter 195 | error = 12.731434 | best_score = 0.0083 |
   IP pricing time: 77.4425 s (solve 77.4404 s, gurobi.runtime 77.3942 s)
Iter 196 | error = 12.731425 | best_score = 0.0077 |
   IP pricing time: 62.8689 s (solve 62.8668 s, gurobi.runtime 62.8267 s)
Iter 197 | error = 12.731411 | best_score = 0.0071 |
   IP pricing time: 48.1834 s (solve 48.1813 s, gurobi.runtime 48.1401 s)
Iter 198 | error = 12.731397 | best_score = 0.0057 |
   IP pricing time: 57.9558 s (solve 57.9537 s, gurobi.runtime 57.9332 s)
Iter 199 | error = 12.731389 | best_score = 0.0058 |
   IP pricing time: 69.8380 s (solve 69.8360 s, gurobi.runtime 69.7343 s)
Iter 200 | error = 12.731367 | best_score = 0.0058 |
   IP pricing time: 69.4912 s (solve 69.4892 s, gurobi.runtime 69.3854 s)
Iter 201 | error = 12.731353 | best_score = 0.0062 |
   IP pricing time: 65.6863 s (solve 65.6842 s, gurobi.runtime 65.6415 s)
Iter 202 | error = 12.731324 | best_score = 0.0073 |
   IP pricing time: 67.7091 s (solve 67.7070 s, gurobi.runtime 67.5969 s)
Iter 203 | error = 12.731307 | best_score = 0.0055 |
   IP pricing time: 66.1655 s (solve 66.1634 s, gurobi.runtime 66.1499 s)
Iter 204 | error = 12.731289 | best_score = 0.0061 |
   IP pricing time: 59.9333 s (solve 59.9312 s, gurobi.runtime 59.8611 s)
Iter 205 | error = 12.731283 | best_score = 0.0041 |
   IP pricing time: 70.3644 s (solve 70.3623 s, gurobi.runtime 70.3379 s)
Iter 206 | error = 12.731274 | best_score = 0.0049 |
   IP pricing time: 57.5140 s (solve 57.5119 s, gurobi.runtime 57.4096 s)
Iter 207 | error = 12.731258 | best_score = 0.0057 |
   IP pricing time: 61.1695 s (solve 61.1675 s, gurobi.runtime 61.1416 s)
Iter 208 | error = 12.731244 | best_score = 0.0041 |
   IP pricing time: 59.9814 s (solve 59.9794 s, gurobi.runtime 59.8795 s)
Iter 209 | error = 12.731235 | best_score = 0.0049 |
   IP pricing time: 76.0101 s (solve 76.0080 s, gurobi.runtime 75.9790 s)
Iter 210 | error = 12.731221 | best_score = 0.0046 |
   IP pricing time: 44.4293 s (solve 44.4272 s, gurobi.runtime 44.4030 s)
Iter 211 | error = 12.731214 | best_score = 0.0040 |
   IP pricing time: 47.3738 s (solve 47.3717 s, gurobi.runtime 47.3477 s)
Iter 212 | error = 12.731203 | best_score = 0.0034 |
   IP pricing time: 55.9177 s (solve 55.9156 s, gurobi.runtime 55.8847 s)
Iter 213 | error = 12.731193 | best_score = 0.0037 |
   IP pricing time: 71.1081 s (solve 71.1060 s, gurobi.runtime 71.0856 s)
Iter 214 | error = 12.731190 | best_score = 0.0036 |
   IP pricing time: 73.4159 s (solve 73.4138 s, gurobi.runtime 73.3110 s)
Iter 215 | error = 12.731178 | best_score = 0.0035 |
   IP pricing time: 70.5845 s (solve 70.5824 s, gurobi.runtime 70.5615 s)
Iter 216 | error = 12.731173 | best_score = 0.0030 |
   IP pricing time: 62.4871 s (solve 62.4850 s, gurobi.runtime 62.4564 s)
Iter 217 | error = 12.731166 | best_score = 0.0024 |
   IP pricing time: 69.0704 s (solve 69.0684 s, gurobi.runtime 69.0284 s)
Iter 218 | error = 12.731161 | best_score = 0.0018 |
   IP pricing time: 69.4202 s (solve 69.4182 s, gurobi.runtime 69.3810 s)
Iter 219 | error = 12.731159 | best_score = 0.0015 |
   IP pricing time: 53.6581 s (solve 53.6560 s, gurobi.runtime 53.6259 s)
Iter 220 | error = 12.731157 | best_score = 0.0012 |
   IP pricing time: 62.5860 s (solve 62.5839 s, gurobi.runtime 62.5591 s)
Iter 221 | error = 12.731156 | best_score = 0.0013 |
   IP pricing time: 68.8147 s (solve 68.8126 s, gurobi.runtime 68.7831 s)
Iter 222 | error = 12.731156 | best_score = 0.0006 |
   IP pricing time: 68.1958 s (solve 68.1937 s, gurobi.runtime 68.1750 s)
Iter 223 | error = 12.731155 | best_score = 0.0006 |
   IP pricing time: 69.0054 s (solve 69.0033 s, gurobi.runtime 68.9739 s)
Iter 224 | error = 12.731155 | best_score = 0.0004 |
   IP pricing time: 50.5877 s (solve 50.5856 s, gurobi.runtime 50.4857 s)
Iter 225 | error = 12.731155 | best_score = 0.0002 |
   IP pricing time: 68.0123 s (solve 68.0102 s, gurobi.runtime 67.9896 s)
Iter 226 | error = 12.731154 | best_score = 0.0002 |
   IP pricing time: 82.1005 s (solve 82.0984 s, gurobi.runtime 82.0759 s)
Iter 227 | error = 12.731154 | best_score = 0.0001 |
   IP pricing time: 52.7781 s (solve 52.7760 s, gurobi.runtime 52.7111 s)
Iter 228 | error = 12.731154 | best_score = 0.0001 |
   IP pricing time: 50.4178 s (solve 50.4158 s, gurobi.runtime 50.3904 s)
Iter 229 | error = 12.731154 | best_score = 0.0001 |
 Convergence Criterion Achieved (reduced_cost 5.1720e-05 < tol)
  CG_IP  status=ok  error=1.273115e+01  total=9097.22s  iters=229  IP_calls=229  build=0.00s  solve_tot=9090.50s  gur_tot=9082.28s

========================================================
[5/5] n = 24, seed = 5  (all binary menus)
========================================================
[fractions mode] counts(s) = round(frac(s) * C(n,s))  (total 276 menus).
Generating fake data for n=24 alternatives, 276 menus (Dirichlet probs)...
Generated 552 rows from 276 menus (276 unique).
Menu size distribution actually drawn:
  size 2: 276 menus (100.0%)

n = 24 | 552 observations | 276 unique menus | menu sizes 2..2

  -- CG_IP --  (budget: 604800.0 s)
Starting column generation with 1 initial columns...
Pricing mode: IP
Generating choice sets only (rankings built on-demand)...
Using 552 provided choice sets
✓ 552 choice sets generated (no ranking enumeration needed)

B_IP_pricing_build: 0.01s (nvars=576, ncons=4324)
  IP pricing time: 0.0393 s (solve 0.0376 s, gurobi.runtime 0.0194 s)
Iter 1 | error = 176.294753 | best_score = 270.3179 |
   IP pricing time: 0.0475 s (solve 0.0460 s, gurobi.runtime 0.0290 s)
Iter 2 | error = 43.918390 | best_score = 34.6518 |
   IP pricing time: 0.0526 s (solve 0.0512 s, gurobi.runtime 0.0460 s)
Iter 3 | error = 35.180135 | best_score = 27.6814 |
   IP pricing time: 0.0363 s (solve 0.0349 s, gurobi.runtime 0.0293 s)
Iter 4 | error = 29.344999 | best_score = 28.6317 |
   IP pricing time: 0.0829 s (solve 0.0814 s, gurobi.runtime 0.0754 s)
Iter 5 | error = 21.977704 | best_score = 24.0534 |
   IP pricing time: 0.3261 s (solve 0.3247 s, gurobi.runtime 0.3138 s)
Iter 6 | error = 18.818840 | best_score = 14.4133 |
   IP pricing time: 0.4115 s (solve 0.4100 s, gurobi.runtime 0.3946 s)
Iter 7 | error = 17.256936 | best_score = 12.6160 |
   IP pricing time: 0.0600 s (solve 0.0586 s, gurobi.runtime 0.0527 s)
Iter 8 | error = 16.088018 | best_score = 10.5421 |
   IP pricing time: 0.4871 s (solve 0.4856 s, gurobi.runtime 0.4762 s)
Iter 9 | error = 15.176619 | best_score = 7.7193 |
   IP pricing time: 0.2010 s (solve 0.1996 s, gurobi.runtime 0.1882 s)
Iter 10 | error = 14.708464 | best_score = 6.7160 |
   IP pricing time: 0.6025 s (solve 0.6010 s, gurobi.runtime 0.5878 s)
Iter 11 | error = 14.299724 | best_score = 5.2803 |
   IP pricing time: 0.5578 s (solve 0.5563 s, gurobi.runtime 0.5432 s)
Iter 12 | error = 14.076638 | best_score = 4.7264 |
   IP pricing time: 0.9383 s (solve 0.9369 s, gurobi.runtime 0.9148 s)
Iter 13 | error = 13.879573 | best_score = 4.4674 |
   IP pricing time: 0.4671 s (solve 0.4656 s, gurobi.runtime 0.4514 s)
Iter 14 | error = 13.648604 | best_score = 4.4353 |
   IP pricing time: 0.8946 s (solve 0.8931 s, gurobi.runtime 0.8712 s)
Iter 15 | error = 13.480112 | best_score = 3.9885 |
   IP pricing time: 0.4270 s (solve 0.4256 s, gurobi.runtime 0.4165 s)
Iter 16 | error = 13.336925 | best_score = 3.8745 |
   IP pricing time: 1.0801 s (solve 1.0787 s, gurobi.runtime 1.0454 s)
Iter 17 | error = 13.197195 | best_score = 3.4471 |
   IP pricing time: 0.6194 s (solve 0.6180 s, gurobi.runtime 0.5998 s)
Iter 18 | error = 13.087454 | best_score = 3.6062 |
   IP pricing time: 1.4516 s (solve 1.4502 s, gurobi.runtime 1.4423 s)
Iter 19 | error = 12.959767 | best_score = 2.8042 |
   IP pricing time: 0.9381 s (solve 0.9366 s, gurobi.runtime 0.9149 s)
Iter 20 | error = 12.847748 | best_score = 2.9845 |
   IP pricing time: 0.8529 s (solve 0.8514 s, gurobi.runtime 0.8403 s)
Iter 21 | error = 12.760608 | best_score = 2.6157 |
   IP pricing time: 1.2655 s (solve 1.2640 s, gurobi.runtime 1.2576 s)
Iter 22 | error = 12.679289 | best_score = 2.4155 |
   IP pricing time: 1.5171 s (solve 1.5156 s, gurobi.runtime 1.4959 s)
Iter 23 | error = 12.600721 | best_score = 2.1869 |
   IP pricing time: 1.1238 s (solve 1.1223 s, gurobi.runtime 1.0956 s)
Iter 24 | error = 12.516704 | best_score = 2.2686 |
   IP pricing time: 0.8647 s (solve 0.8632 s, gurobi.runtime 0.8403 s)
Iter 25 | error = 12.461056 | best_score = 2.5273 |
   IP pricing time: 0.3808 s (solve 0.3794 s, gurobi.runtime 0.3608 s)
Iter 26 | error = 12.371853 | best_score = 2.5849 |
   IP pricing time: 2.2001 s (solve 2.1985 s, gurobi.runtime 2.1785 s)
Iter 27 | error = 12.259506 | best_score = 1.8595 |
   IP pricing time: 1.4787 s (solve 1.4771 s, gurobi.runtime 1.4548 s)
Iter 28 | error = 12.212050 | best_score = 1.9122 |
   IP pricing time: 1.3138 s (solve 1.3122 s, gurobi.runtime 1.2884 s)
Iter 29 | error = 12.165357 | best_score = 1.8406 |
   IP pricing time: 1.4103 s (solve 1.4087 s, gurobi.runtime 1.3884 s)
Iter 30 | error = 12.123070 | best_score = 1.7935 |
   IP pricing time: 1.6366 s (solve 1.6351 s, gurobi.runtime 1.6170 s)
Iter 31 | error = 12.078126 | best_score = 1.5208 |
   IP pricing time: 3.4324 s (solve 3.4307 s, gurobi.runtime 3.4073 s)
Iter 32 | error = 12.043921 | best_score = 1.3505 |
   IP pricing time: 1.9814 s (solve 1.9799 s, gurobi.runtime 1.9549 s)
Iter 33 | error = 12.016631 | best_score = 1.4632 |
   IP pricing time: 4.8472 s (solve 4.8456 s, gurobi.runtime 4.8209 s)
Iter 34 | error = 11.983101 | best_score = 1.0493 |
   IP pricing time: 1.8353 s (solve 1.8336 s, gurobi.runtime 1.8100 s)
Iter 35 | error = 11.960807 | best_score = 1.3140 |
   IP pricing time: 2.7988 s (solve 2.7973 s, gurobi.runtime 2.7705 s)
Iter 36 | error = 11.931078 | best_score = 1.0476 |
   IP pricing time: 3.5795 s (solve 3.5780 s, gurobi.runtime 3.5539 s)
Iter 37 | error = 11.914262 | best_score = 1.0161 |
   IP pricing time: 4.4401 s (solve 4.4386 s, gurobi.runtime 4.4188 s)
Iter 38 | error = 11.896265 | best_score = 0.9545 |
   IP pricing time: 5.1855 s (solve 5.1840 s, gurobi.runtime 5.1627 s)
Iter 39 | error = 11.880956 | best_score = 0.8250 |
   IP pricing time: 5.1093 s (solve 5.1079 s, gurobi.runtime 5.0865 s)
Iter 40 | error = 11.867351 | best_score = 0.8609 |
   IP pricing time: 7.1198 s (solve 7.1184 s, gurobi.runtime 7.0964 s)
Iter 41 | error = 11.846094 | best_score = 0.7685 |
   IP pricing time: 3.7411 s (solve 3.7395 s, gurobi.runtime 3.7117 s)
Iter 42 | error = 11.829373 | best_score = 0.9332 |
   IP pricing time: 3.7478 s (solve 3.7464 s, gurobi.runtime 3.7340 s)
Iter 43 | error = 11.811293 | best_score = 0.9314 |
   IP pricing time: 4.2342 s (solve 4.2327 s, gurobi.runtime 4.2139 s)
Iter 44 | error = 11.793026 | best_score = 0.9316 |
   IP pricing time: 4.4498 s (solve 4.4484 s, gurobi.runtime 4.4220 s)
Iter 45 | error = 11.780018 | best_score = 0.8223 |
   IP pricing time: 4.6207 s (solve 4.6193 s, gurobi.runtime 4.5916 s)
Iter 46 | error = 11.766411 | best_score = 0.8153 |
   IP pricing time: 5.3037 s (solve 5.3023 s, gurobi.runtime 5.2795 s)
Iter 47 | error = 11.747415 | best_score = 0.7430 |
   IP pricing time: 6.3288 s (solve 6.3273 s, gurobi.runtime 6.3047 s)
Iter 48 | error = 11.738689 | best_score = 0.7309 |
   IP pricing time: 8.8273 s (solve 8.8258 s, gurobi.runtime 8.8001 s)
Iter 49 | error = 11.729174 | best_score = 0.6671 |
   IP pricing time: 6.2697 s (solve 6.2680 s, gurobi.runtime 6.2062 s)
Iter 50 | error = 11.717291 | best_score = 0.7091 |
   IP pricing time: 10.0083 s (solve 10.0064 s, gurobi.runtime 9.9871 s)
Iter 51 | error = 11.706060 | best_score = 0.6269 |
   IP pricing time: 10.1165 s (solve 10.1146 s, gurobi.runtime 10.0932 s)
Iter 52 | error = 11.698451 | best_score = 0.5619 |
   IP pricing time: 10.3548 s (solve 10.3528 s, gurobi.runtime 10.3293 s)
Iter 53 | error = 11.690500 | best_score = 0.5350 |
   IP pricing time: 8.2650 s (solve 8.2630 s, gurobi.runtime 8.2417 s)
Iter 54 | error = 11.682723 | best_score = 0.5914 |
   IP pricing time: 10.8029 s (solve 10.8009 s, gurobi.runtime 10.7774 s)
Iter 55 | error = 11.671698 | best_score = 0.5064 |
   IP pricing time: 13.2107 s (solve 13.2087 s, gurobi.runtime 13.1848 s)
Iter 56 | error = 11.665228 | best_score = 0.4712 |
   IP pricing time: 10.9978 s (solve 10.9958 s, gurobi.runtime 10.9561 s)
Iter 57 | error = 11.657784 | best_score = 0.5372 |
   IP pricing time: 17.5161 s (solve 17.5143 s, gurobi.runtime 17.4905 s)
Iter 58 | error = 11.649087 | best_score = 0.4298 |
   IP pricing time: 20.0862 s (solve 20.0839 s, gurobi.runtime 20.0589 s)
Iter 59 | error = 11.645173 | best_score = 0.3822 |
   IP pricing time: 13.6666 s (solve 13.6646 s, gurobi.runtime 13.6405 s)
Iter 60 | error = 11.641616 | best_score = 0.4973 |
   IP pricing time: 14.9579 s (solve 14.9560 s, gurobi.runtime 14.8541 s)
Iter 61 | error = 11.634456 | best_score = 0.4366 |
   IP pricing time: 20.7089 s (solve 20.7069 s, gurobi.runtime 20.6874 s)
Iter 62 | error = 11.628241 | best_score = 0.4308 |
   IP pricing time: 21.1907 s (solve 21.1887 s, gurobi.runtime 21.1678 s)
Iter 63 | error = 11.622077 | best_score = 0.3680 |
   IP pricing time: 19.9610 s (solve 19.9590 s, gurobi.runtime 19.9370 s)
Iter 64 | error = 11.617007 | best_score = 0.3690 |
   IP pricing time: 19.0051 s (solve 19.0032 s, gurobi.runtime 18.9657 s)
Iter 65 | error = 11.612108 | best_score = 0.3442 |
   IP pricing time: 22.6877 s (solve 22.6858 s, gurobi.runtime 22.6610 s)
Iter 66 | error = 11.608143 | best_score = 0.3118 |
   IP pricing time: 16.1550 s (solve 16.1533 s, gurobi.runtime 16.1288 s)
Iter 67 | error = 11.604166 | best_score = 0.3798 |
   IP pricing time: 15.6977 s (solve 15.6961 s, gurobi.runtime 15.6763 s)
Iter 68 | error = 11.599724 | best_score = 0.3776 |
   IP pricing time: 16.6070 s (solve 16.6053 s, gurobi.runtime 16.5921 s)
Iter 69 | error = 11.595048 | best_score = 0.3768 |
   IP pricing time: 13.0160 s (solve 13.0145 s, gurobi.runtime 12.9959 s)
Iter 70 | error = 11.590122 | best_score = 0.4027 |
   IP pricing time: 14.0919 s (solve 14.0901 s, gurobi.runtime 14.0707 s)
Iter 71 | error = 11.584889 | best_score = 0.3757 |
   IP pricing time: 16.6379 s (solve 16.6360 s, gurobi.runtime 16.6086 s)
Iter 72 | error = 11.580569 | best_score = 0.3433 |
   IP pricing time: 23.1678 s (solve 23.1659 s, gurobi.runtime 23.1313 s)
Iter 73 | error = 11.577314 | best_score = 0.3253 |
   IP pricing time: 32.6340 s (solve 32.6320 s, gurobi.runtime 32.6112 s)
Iter 74 | error = 11.573400 | best_score = 0.2490 |
   IP pricing time: 23.9266 s (solve 23.9247 s, gurobi.runtime 23.9023 s)
Iter 75 | error = 11.571342 | best_score = 0.2701 |
   IP pricing time: 31.0745 s (solve 31.0726 s, gurobi.runtime 31.0420 s)
Iter 76 | error = 11.568679 | best_score = 0.2295 |
   IP pricing time: 27.3462 s (solve 27.3442 s, gurobi.runtime 27.3168 s)
Iter 77 | error = 11.566884 | best_score = 0.2435 |
   IP pricing time: 32.8131 s (solve 32.8111 s, gurobi.runtime 32.7868 s)
Iter 78 | error = 11.562231 | best_score = 0.2543 |
   IP pricing time: 36.6389 s (solve 36.6369 s, gurobi.runtime 36.6078 s)
Iter 79 | error = 11.560215 | best_score = 0.2230 |
   IP pricing time: 34.2370 s (solve 34.2350 s, gurobi.runtime 34.2110 s)
Iter 80 | error = 11.558349 | best_score = 0.2211 |
   IP pricing time: 39.4888 s (solve 39.4869 s, gurobi.runtime 39.4411 s)
Iter 81 | error = 11.555512 | best_score = 0.1861 |
   IP pricing time: 28.1055 s (solve 28.1036 s, gurobi.runtime 28.0755 s)
Iter 82 | error = 11.553348 | best_score = 0.1661 |
   IP pricing time: 39.7149 s (solve 39.7130 s, gurobi.runtime 39.6953 s)
Iter 83 | error = 11.551888 | best_score = 0.1753 |
   IP pricing time: 35.1166 s (solve 35.1147 s, gurobi.runtime 35.0911 s)
Iter 84 | error = 11.550590 | best_score = 0.1991 |
   IP pricing time: 35.3974 s (solve 35.3954 s, gurobi.runtime 35.3732 s)
Iter 85 | error = 11.549212 | best_score = 0.2001 |
   IP pricing time: 23.3733 s (solve 23.3713 s, gurobi.runtime 23.3481 s)
Iter 86 | error = 11.546216 | best_score = 0.2183 |
   IP pricing time: 32.8185 s (solve 32.8165 s, gurobi.runtime 32.7776 s)
Iter 87 | error = 11.544917 | best_score = 0.1806 |
   IP pricing time: 36.6953 s (solve 36.6932 s, gurobi.runtime 36.6697 s)
Iter 88 | error = 11.543103 | best_score = 0.1775 |
   IP pricing time: 36.1925 s (solve 36.1905 s, gurobi.runtime 36.1501 s)
Iter 89 | error = 11.541164 | best_score = 0.1516 |
   IP pricing time: 38.0840 s (solve 38.0819 s, gurobi.runtime 38.0538 s)
Iter 90 | error = 11.540171 | best_score = 0.1728 |
   IP pricing time: 43.4239 s (solve 43.4219 s, gurobi.runtime 43.3815 s)
Iter 91 | error = 11.538768 | best_score = 0.1761 |
   IP pricing time: 33.3360 s (solve 33.3339 s, gurobi.runtime 33.3123 s)
Iter 92 | error = 11.537150 | best_score = 0.2000 |
   IP pricing time: 27.0254 s (solve 27.0233 s, gurobi.runtime 26.9755 s)
Iter 93 | error = 11.536109 | best_score = 0.1346 |
   IP pricing time: 40.2258 s (solve 40.2238 s, gurobi.runtime 40.2039 s)
Iter 94 | error = 11.534797 | best_score = 0.1416 |
   IP pricing time: 43.4184 s (solve 43.4163 s, gurobi.runtime 43.3938 s)
Iter 95 | error = 11.533480 | best_score = 0.1365 |
   IP pricing time: 27.3395 s (solve 27.3375 s, gurobi.runtime 27.3169 s)
Iter 96 | error = 11.532780 | best_score = 0.1296 |
   IP pricing time: 43.1456 s (solve 43.1436 s, gurobi.runtime 43.1024 s)
Iter 97 | error = 11.532083 | best_score = 0.1329 |
   IP pricing time: 40.7057 s (solve 40.7037 s, gurobi.runtime 40.6815 s)
Iter 98 | error = 11.531328 | best_score = 0.1261 |
   IP pricing time: 36.2952 s (solve 36.2931 s, gurobi.runtime 36.2526 s)
Iter 99 | error = 11.530480 | best_score = 0.1581 |
   IP pricing time: 42.5470 s (solve 42.5450 s, gurobi.runtime 42.5208 s)
Iter 100 | error = 11.529693 | best_score = 0.1313 |
   IP pricing time: 35.8788 s (solve 35.8766 s, gurobi.runtime 35.8326 s)
Iter 101 | error = 11.528877 | best_score = 0.1489 |
   IP pricing time: 37.7319 s (solve 37.7293 s, gurobi.runtime 37.7088 s)
Iter 102 | error = 11.527893 | best_score = 0.1397 |
   IP pricing time: 37.8627 s (solve 37.8607 s, gurobi.runtime 37.8204 s)
Iter 103 | error = 11.527110 | best_score = 0.1230 |
   IP pricing time: 42.2691 s (solve 42.2669 s, gurobi.runtime 42.2232 s)
Iter 104 | error = 11.526186 | best_score = 0.1247 |
   IP pricing time: 40.5572 s (solve 40.5537 s, gurobi.runtime 40.5180 s)
Iter 105 | error = 11.524579 | best_score = 0.1355 |
   IP pricing time: 44.3007 s (solve 44.2983 s, gurobi.runtime 44.2209 s)
Iter 106 | error = 11.523518 | best_score = 0.1213 |
   IP pricing time: 45.0737 s (solve 45.0715 s, gurobi.runtime 45.0291 s)
Iter 107 | error = 11.522922 | best_score = 0.1052 |
   IP pricing time: 43.1602 s (solve 43.1581 s, gurobi.runtime 43.1142 s)
Iter 108 | error = 11.522170 | best_score = 0.1048 |
   IP pricing time: 47.3991 s (solve 47.3969 s, gurobi.runtime 47.3688 s)
Iter 109 | error = 11.521609 | best_score = 0.1053 |
   IP pricing time: 42.9465 s (solve 42.9446 s, gurobi.runtime 42.8931 s)
Iter 110 | error = 11.520817 | best_score = 0.1010 |
   IP pricing time: 41.5026 s (solve 41.5006 s, gurobi.runtime 41.4716 s)
Iter 111 | error = 11.520227 | best_score = 0.0989 |
   IP pricing time: 43.4006 s (solve 43.3986 s, gurobi.runtime 43.3703 s)
Iter 112 | error = 11.519729 | best_score = 0.0978 |
   IP pricing time: 43.1880 s (solve 43.1857 s, gurobi.runtime 43.1649 s)
Iter 113 | error = 11.519147 | best_score = 0.0945 |
   IP pricing time: 45.0741 s (solve 45.0720 s, gurobi.runtime 45.0469 s)
Iter 114 | error = 11.518889 | best_score = 0.0794 |
   IP pricing time: 38.0449 s (solve 38.0428 s, gurobi.runtime 38.0194 s)
Iter 115 | error = 11.518383 | best_score = 0.0874 |
   IP pricing time: 39.5399 s (solve 39.5379 s, gurobi.runtime 39.5070 s)
Iter 116 | error = 11.517445 | best_score = 0.0915 |
   IP pricing time: 39.5043 s (solve 39.5023 s, gurobi.runtime 39.4742 s)
Iter 117 | error = 11.517110 | best_score = 0.0769 |
   IP pricing time: 49.1136 s (solve 49.1110 s, gurobi.runtime 49.0770 s)
Iter 118 | error = 11.516763 | best_score = 0.0638 |
   IP pricing time: 48.7616 s (solve 48.7596 s, gurobi.runtime 48.7384 s)
Iter 119 | error = 11.516411 | best_score = 0.0724 |
   IP pricing time: 42.2921 s (solve 42.2902 s, gurobi.runtime 42.2626 s)
Iter 120 | error = 11.515812 | best_score = 0.0761 |
   IP pricing time: 38.2445 s (solve 38.2426 s, gurobi.runtime 38.2218 s)
Iter 121 | error = 11.515505 | best_score = 0.0814 |
   IP pricing time: 41.1729 s (solve 41.1709 s, gurobi.runtime 41.1415 s)
Iter 122 | error = 11.515116 | best_score = 0.0690 |
   IP pricing time: 40.5225 s (solve 40.5205 s, gurobi.runtime 40.4938 s)
Iter 123 | error = 11.514795 | best_score = 0.0547 |
   IP pricing time: 46.7573 s (solve 46.7553 s, gurobi.runtime 46.7268 s)
Iter 124 | error = 11.514457 | best_score = 0.0702 |
   IP pricing time: 48.2247 s (solve 48.2227 s, gurobi.runtime 48.1997 s)
Iter 125 | error = 11.513854 | best_score = 0.0625 |
   IP pricing time: 45.6755 s (solve 45.6735 s, gurobi.runtime 45.6300 s)
Iter 126 | error = 11.513604 | best_score = 0.0576 |
   IP pricing time: 41.6724 s (solve 41.6704 s, gurobi.runtime 41.6441 s)
Iter 127 | error = 11.513382 | best_score = 0.0583 |
   IP pricing time: 48.3940 s (solve 48.3920 s, gurobi.runtime 48.3461 s)
Iter 128 | error = 11.513138 | best_score = 0.0470 |
   IP pricing time: 44.0367 s (solve 44.0347 s, gurobi.runtime 44.0117 s)
Iter 129 | error = 11.512779 | best_score = 0.0597 |
   IP pricing time: 47.4700 s (solve 47.4680 s, gurobi.runtime 47.4275 s)
Iter 130 | error = 11.512599 | best_score = 0.0516 |
   IP pricing time: 50.7161 s (solve 50.7141 s, gurobi.runtime 50.6920 s)
Iter 131 | error = 11.512243 | best_score = 0.0467 |
   IP pricing time: 49.8195 s (solve 49.8175 s, gurobi.runtime 49.7957 s)
Iter 132 | error = 11.511964 | best_score = 0.0636 |
   IP pricing time: 49.8237 s (solve 49.8217 s, gurobi.runtime 49.7970 s)
Iter 133 | error = 11.511757 | best_score = 0.0511 |
   IP pricing time: 47.3956 s (solve 47.3935 s, gurobi.runtime 47.3546 s)
Iter 134 | error = 11.511486 | best_score = 0.0503 |
   IP pricing time: 49.7138 s (solve 49.7118 s, gurobi.runtime 49.6833 s)
Iter 135 | error = 11.511252 | best_score = 0.0466 |
   IP pricing time: 48.9392 s (solve 48.9372 s, gurobi.runtime 48.9159 s)
Iter 136 | error = 11.510748 | best_score = 0.0535 |
   IP pricing time: 47.1553 s (solve 47.1533 s, gurobi.runtime 47.1286 s)
Iter 137 | error = 11.510575 | best_score = 0.0439 |
   IP pricing time: 43.2410 s (solve 43.2390 s, gurobi.runtime 43.2051 s)
Iter 138 | error = 11.510293 | best_score = 0.0415 |
   IP pricing time: 44.6988 s (solve 44.6968 s, gurobi.runtime 44.6671 s)
Iter 139 | error = 11.510205 | best_score = 0.0379 |
   IP pricing time: 43.4131 s (solve 43.4111 s, gurobi.runtime 43.3914 s)
Iter 140 | error = 11.509946 | best_score = 0.0376 |
   IP pricing time: 47.4393 s (solve 47.4373 s, gurobi.runtime 47.4058 s)
Iter 141 | error = 11.509852 | best_score = 0.0341 |
   IP pricing time: 46.9973 s (solve 46.9953 s, gurobi.runtime 46.9601 s)
Iter 142 | error = 11.509765 | best_score = 0.0367 |
   IP pricing time: 43.8185 s (solve 43.8166 s, gurobi.runtime 43.7870 s)
Iter 143 | error = 11.509615 | best_score = 0.0320 |
   IP pricing time: 47.9128 s (solve 47.9108 s, gurobi.runtime 47.8880 s)
Iter 144 | error = 11.509516 | best_score = 0.0372 |
   IP pricing time: 43.8013 s (solve 43.7994 s, gurobi.runtime 43.7701 s)
Iter 145 | error = 11.509417 | best_score = 0.0339 |
   IP pricing time: 51.8110 s (solve 51.8089 s, gurobi.runtime 51.7759 s)
Iter 146 | error = 11.509339 | best_score = 0.0284 |
   IP pricing time: 46.5090 s (solve 46.5070 s, gurobi.runtime 46.4820 s)
Iter 147 | error = 11.509221 | best_score = 0.0305 |
   IP pricing time: 58.2237 s (solve 58.2217 s, gurobi.runtime 58.1982 s)
Iter 148 | error = 11.509010 | best_score = 0.0312 |
   IP pricing time: 50.7844 s (solve 50.7824 s, gurobi.runtime 50.7526 s)
Iter 149 | error = 11.508873 | best_score = 0.0278 |
   IP pricing time: 53.8332 s (solve 53.8312 s, gurobi.runtime 53.8034 s)
Iter 150 | error = 11.508701 | best_score = 0.0331 |
   IP pricing time: 51.1548 s (solve 51.1527 s, gurobi.runtime 51.1205 s)
Iter 151 | error = 11.508551 | best_score = 0.0304 |
   IP pricing time: 46.2155 s (solve 46.2135 s, gurobi.runtime 46.1858 s)
Iter 152 | error = 11.508483 | best_score = 0.0257 |
   IP pricing time: 49.2556 s (solve 49.2535 s, gurobi.runtime 49.2170 s)
Iter 153 | error = 11.508319 | best_score = 0.0336 |
   IP pricing time: 51.0453 s (solve 51.0433 s, gurobi.runtime 51.0190 s)
Iter 154 | error = 11.508150 | best_score = 0.0292 |
   IP pricing time: 43.1255 s (solve 43.1234 s, gurobi.runtime 43.0819 s)
Iter 155 | error = 11.508017 | best_score = 0.0262 |
   IP pricing time: 50.9569 s (solve 50.9549 s, gurobi.runtime 50.9300 s)
Iter 156 | error = 11.507895 | best_score = 0.0271 |
   IP pricing time: 45.0075 s (solve 45.0055 s, gurobi.runtime 44.9665 s)
Iter 157 | error = 11.507832 | best_score = 0.0257 |
   IP pricing time: 49.8095 s (solve 49.8075 s, gurobi.runtime 49.7858 s)
Iter 158 | error = 11.507767 | best_score = 0.0179 |
   IP pricing time: 43.9357 s (solve 43.9337 s, gurobi.runtime 43.9102 s)
Iter 159 | error = 11.507606 | best_score = 0.0248 |
   IP pricing time: 54.5929 s (solve 54.5909 s, gurobi.runtime 54.5644 s)
Iter 160 | error = 11.507519 | best_score = 0.0206 |
   IP pricing time: 50.9952 s (solve 50.9932 s, gurobi.runtime 50.9669 s)
Iter 161 | error = 11.507437 | best_score = 0.0204 |
   IP pricing time: 52.0172 s (solve 52.0152 s, gurobi.runtime 51.9868 s)
Iter 162 | error = 11.507394 | best_score = 0.0181 |
   IP pricing time: 47.0905 s (solve 47.0885 s, gurobi.runtime 47.0487 s)
Iter 163 | error = 11.507306 | best_score = 0.0168 |
   IP pricing time: 54.5955 s (solve 54.5934 s, gurobi.runtime 54.5656 s)
Iter 164 | error = 11.507259 | best_score = 0.0166 |
   IP pricing time: 48.2441 s (solve 48.2422 s, gurobi.runtime 48.2158 s)
Iter 165 | error = 11.507206 | best_score = 0.0166 |
   IP pricing time: 57.8154 s (solve 57.8134 s, gurobi.runtime 57.7840 s)
Iter 166 | error = 11.507177 | best_score = 0.0154 |
   IP pricing time: 55.9588 s (solve 55.9567 s, gurobi.runtime 55.9121 s)
Iter 167 | error = 11.507110 | best_score = 0.0141 |
   IP pricing time: 46.3084 s (solve 46.3064 s, gurobi.runtime 46.2850 s)
Iter 168 | error = 11.507078 | best_score = 0.0158 |
   IP pricing time: 58.0464 s (solve 58.0444 s, gurobi.runtime 58.0290 s)
Iter 169 | error = 11.507027 | best_score = 0.0143 |
   IP pricing time: 57.1252 s (solve 57.1232 s, gurobi.runtime 57.0988 s)
Iter 170 | error = 11.506980 | best_score = 0.0139 |
   IP pricing time: 55.8377 s (solve 55.8357 s, gurobi.runtime 55.7910 s)
Iter 171 | error = 11.506958 | best_score = 0.0131 |
   IP pricing time: 53.5752 s (solve 53.5731 s, gurobi.runtime 53.5457 s)
Iter 172 | error = 11.506898 | best_score = 0.0143 |
   IP pricing time: 55.9324 s (solve 55.9304 s, gurobi.runtime 55.9059 s)
Iter 173 | error = 11.506874 | best_score = 0.0141 |
   IP pricing time: 54.0540 s (solve 54.0520 s, gurobi.runtime 54.0152 s)
Iter 174 | error = 11.506815 | best_score = 0.0163 |
   IP pricing time: 57.3751 s (solve 57.3731 s, gurobi.runtime 57.3543 s)
Iter 175 | error = 11.506730 | best_score = 0.0161 |
   IP pricing time: 46.6110 s (solve 46.6091 s, gurobi.runtime 46.5876 s)
Iter 176 | error = 11.506611 | best_score = 0.0170 |
   IP pricing time: 50.7722 s (solve 50.7703 s, gurobi.runtime 50.7463 s)
Iter 177 | error = 11.506553 | best_score = 0.0166 |
   IP pricing time: 55.3638 s (solve 55.3618 s, gurobi.runtime 55.3336 s)
Iter 178 | error = 11.506450 | best_score = 0.0122 |
   IP pricing time: 53.3649 s (solve 53.3629 s, gurobi.runtime 53.3350 s)
Iter 179 | error = 11.506399 | best_score = 0.0106 |
   IP pricing time: 51.3372 s (solve 51.3352 s, gurobi.runtime 51.3111 s)
Iter 180 | error = 11.506388 | best_score = 0.0076 |
   IP pricing time: 53.1441 s (solve 53.1421 s, gurobi.runtime 53.1015 s)
Iter 181 | error = 11.506365 | best_score = 0.0087 |
   IP pricing time: 50.3024 s (solve 50.3004 s, gurobi.runtime 50.2765 s)
Iter 182 | error = 11.506347 | best_score = 0.0082 |
   IP pricing time: 45.5508 s (solve 45.5488 s, gurobi.runtime 45.5183 s)
Iter 183 | error = 11.506334 | best_score = 0.0074 |
   IP pricing time: 50.1256 s (solve 50.1237 s, gurobi.runtime 50.0969 s)
Iter 184 | error = 11.506288 | best_score = 0.0086 |
   IP pricing time: 57.2472 s (solve 57.2452 s, gurobi.runtime 57.2081 s)
Iter 185 | error = 11.506271 | best_score = 0.0061 |
   IP pricing time: 53.8653 s (solve 53.8633 s, gurobi.runtime 53.8292 s)
Iter 186 | error = 11.506266 | best_score = 0.0056 |
   IP pricing time: 59.8490 s (solve 59.8469 s, gurobi.runtime 59.8308 s)
Iter 187 | error = 11.506250 | best_score = 0.0061 |
   IP pricing time: 53.1555 s (solve 53.1535 s, gurobi.runtime 53.1412 s)
Iter 188 | error = 11.506224 | best_score = 0.0060 |
   IP pricing time: 50.5224 s (solve 50.5205 s, gurobi.runtime 50.4969 s)
Iter 189 | error = 11.506208 | best_score = 0.0052 |
   IP pricing time: 53.7124 s (solve 53.7104 s, gurobi.runtime 53.6714 s)
Iter 190 | error = 11.506197 | best_score = 0.0053 |
   IP pricing time: 54.2716 s (solve 54.2696 s, gurobi.runtime 54.2420 s)
Iter 191 | error = 11.506186 | best_score = 0.0049 |
   IP pricing time: 56.0486 s (solve 56.0465 s, gurobi.runtime 56.0222 s)
Iter 192 | error = 11.506176 | best_score = 0.0045 |
   IP pricing time: 53.3983 s (solve 53.3963 s, gurobi.runtime 53.3621 s)
Iter 193 | error = 11.506165 | best_score = 0.0039 |
   IP pricing time: 55.1194 s (solve 55.1174 s, gurobi.runtime 55.0922 s)
Iter 194 | error = 11.506152 | best_score = 0.0044 |
   IP pricing time: 52.1766 s (solve 52.1746 s, gurobi.runtime 52.1548 s)
Iter 195 | error = 11.506137 | best_score = 0.0050 |
   IP pricing time: 54.9870 s (solve 54.9850 s, gurobi.runtime 54.9573 s)
Iter 196 | error = 11.506127 | best_score = 0.0036 |
   IP pricing time: 55.6106 s (solve 55.6087 s, gurobi.runtime 55.5831 s)
Iter 197 | error = 11.506121 | best_score = 0.0033 |
   IP pricing time: 51.2541 s (solve 51.2521 s, gurobi.runtime 51.2384 s)
Iter 198 | error = 11.506112 | best_score = 0.0030 |
   IP pricing time: 48.6201 s (solve 48.6181 s, gurobi.runtime 48.5905 s)
Iter 199 | error = 11.506108 | best_score = 0.0028 |
   IP pricing time: 54.4483 s (solve 54.4464 s, gurobi.runtime 54.4271 s)
Iter 200 | error = 11.506106 | best_score = 0.0029 |
   IP pricing time: 53.7777 s (solve 53.7758 s, gurobi.runtime 53.7520 s)
Iter 201 | error = 11.506104 | best_score = 0.0027 |
   IP pricing time: 54.3319 s (solve 54.3298 s, gurobi.runtime 54.3091 s)
Iter 202 | error = 11.506101 | best_score = 0.0022 |
   IP pricing time: 50.1701 s (solve 50.1682 s, gurobi.runtime 50.1394 s)
Iter 203 | error = 11.506099 | best_score = 0.0026 |
   IP pricing time: 48.3764 s (solve 48.3745 s, gurobi.runtime 48.3422 s)
Iter 204 | error = 11.506093 | best_score = 0.0021 |
   IP pricing time: 50.1427 s (solve 50.1407 s, gurobi.runtime 50.1197 s)
Iter 205 | error = 11.506091 | best_score = 0.0017 |
   IP pricing time: 56.1639 s (solve 56.1618 s, gurobi.runtime 56.1235 s)
Iter 206 | error = 11.506089 | best_score = 0.0019 |
   IP pricing time: 54.9516 s (solve 54.9496 s, gurobi.runtime 54.9218 s)
Iter 207 | error = 11.506086 | best_score = 0.0015 |
   IP pricing time: 50.6908 s (solve 50.6888 s, gurobi.runtime 50.6554 s)
Iter 208 | error = 11.506085 | best_score = 0.0014 |
   IP pricing time: 54.3685 s (solve 54.3664 s, gurobi.runtime 54.3508 s)
Iter 209 | error = 11.506083 | best_score = 0.0009 |
   IP pricing time: 50.1613 s (solve 50.1592 s, gurobi.runtime 50.1264 s)
Iter 210 | error = 11.506083 | best_score = 0.0006 |
   IP pricing time: 54.1624 s (solve 54.1605 s, gurobi.runtime 54.1329 s)
Iter 211 | error = 11.506083 | best_score = 0.0004 |
   IP pricing time: 58.5219 s (solve 58.5199 s, gurobi.runtime 58.4870 s)
Iter 212 | error = 11.506082 | best_score = 0.0002 |
   IP pricing time: 49.9245 s (solve 49.9225 s, gurobi.runtime 49.8972 s)
Iter 213 | error = 11.506082 | best_score = 0.0002 |
   IP pricing time: 52.4359 s (solve 52.4339 s, gurobi.runtime 52.4196 s)
Iter 214 | error = 11.506082 | best_score = 0.0001 |
   IP pricing time: 47.9208 s (solve 47.9189 s, gurobi.runtime 47.8895 s)
Iter 215 | error = 11.506082 | best_score = 0.0001 |
 Convergence Criterion Achieved (reduced_cost 7.4282e-05 < tol)
  CG_IP  status=ok  error=1.150608e+01  total=7068.36s  iters=215  IP_calls=215  build=0.01s  solve_tot=7064.09s  gur_tot=7058.37s

========================================================
Done. n = 24, 5 seed(s).
Summary: /vast/palmer/home.grace/hc654/Random-Utility-Models/feasibility_analysis_binary_menus/results_runs/run_summary_n024.csv
Details: /vast/palmer/home.grace/hc654/Random-Utility-Models/feasibility_analysis_binary_menus/results_runs/run_details_n024.mat
========================================================
