SLURM_JOBID:  58282055
SLURM_ARRAY_TASK_ID:  28
SLURM_ARRAY_JOB_ID:  58281987
Gurobi shell based on Python 3.12.3 can be launched with command `gurobi.sh`
Gurobi Python Interface can be loaded in Python 3.12.3 with 'import gurobipy'
RUM estimation on all-binary-menu synthetic data (n = 28)
Running 5 seeds. Outputs:
  /vast/palmer/home.grace/hc654/Random-Utility-Models/feasibility_analysis_binary_menus/results_runs/run_summary_n028.csv
  /vast/palmer/home.grace/hc654/Random-Utility-Models/feasibility_analysis_binary_menus/results_runs/run_log_n028.txt
  /vast/palmer/home.grace/hc654/Random-Utility-Models/feasibility_analysis_binary_menus/results_runs/run_details_n028.mat
  /vast/palmer/home.grace/hc654/Random-Utility-Models/feasibility_analysis_binary_menus/results_runs/run_iptimes_n028.csv

Host: r816u23n06.grace.ycrc.yale.edu
CPU:  Intel(R) Xeon(R) Gold 6342 CPU @ 2.80GHz
OS:   GLNXA64 | logical cores: 8 | MATLAB: 23.2.0.2428915 (R2023b) Update 4


========================================================
[1/5] n = 28, seed = 1  (all binary menus)
========================================================
[fractions mode] counts(s) = round(frac(s) * C(n,s))  (total 378 menus).
Generating fake data for n=28 alternatives, 378 menus (Dirichlet probs)...
Generated 756 rows from 378 menus (378 unique).
Menu size distribution actually drawn:
  size 2: 378 menus (100.0%)

n = 28 | 756 observations | 378 unique menus | menu sizes 2..2

  -- CG_IP --  (budget: 604800.0 s)
Starting column generation with 1 initial columns...
Pricing mode: IP
Generating choice sets only (rankings built on-demand)...
Using 756 provided choice sets
✓ 756 choice sets generated (no ranking enumeration needed)

B_IP_pricing_build: 0.03s (nvars=784, ncons=6930)
  IP pricing time: 0.0602 s (solve 0.0431 s, gurobi.runtime 0.0318 s)
Iter 1 | error = 250.749914 | best_score = 3.7535e+02 | FW gap = Inf | min = 3.7535e+02 |
  IP pricing time: 0.5520 s (solve 0.5480 s, gurobi.runtime 0.5201 s)
Iter 2 | error = 64.392287 | best_score = 4.5542e+01 | FW gap = Inf | min = 4.5542e+01 |
  IP pricing time: 1.8003 s (solve 1.7977 s, gurobi.runtime 1.7450 s)
Iter 3 | error = 53.306366 | best_score = 3.6064e+01 | FW gap = Inf | min = 3.6064e+01 |
  IP pricing time: 0.5384 s (solve 0.5337 s, gurobi.runtime 0.4943 s)
Iter 4 | error = 45.773502 | best_score = 3.4407e+01 | FW gap = Inf | min = 3.4407e+01 |
  IP pricing time: 1.4166 s (solve 1.4079 s, gurobi.runtime 1.3853 s)
Iter 5 | error = 37.434628 | best_score = 3.0817e+01 | FW gap = Inf | min = 3.0817e+01 |
  IP pricing time: 0.1386 s (solve 0.1367 s, gurobi.runtime 0.1129 s)
Iter 6 | error = 33.357368 | best_score = 2.3395e+01 | FW gap = Inf | min = 2.3395e+01 |
  IP pricing time: 1.8400 s (solve 1.8383 s, gurobi.runtime 1.8297 s)
Iter 7 | error = 30.358112 | best_score = 1.8008e+01 | FW gap = Inf | min = 1.8008e+01 |
  IP pricing time: 2.1795 s (solve 2.1779 s, gurobi.runtime 2.1465 s)
Iter 8 | error = 28.643845 | best_score = 1.5722e+01 | FW gap = Inf | min = 1.5722e+01 |
  IP pricing time: 0.4650 s (solve 0.4633 s, gurobi.runtime 0.4470 s)
Iter 9 | error = 27.276688 | best_score = 1.4604e+01 | FW gap = Inf | min = 1.4604e+01 |
  IP pricing time: 0.3976 s (solve 0.3959 s, gurobi.runtime 0.3708 s)
Iter 10 | error = 25.932853 | best_score = 1.2473e+01 | FW gap = 4.1239e+00 | min = 4.1239e+00 |
  IP pricing time: 0.8234 s (solve 0.8196 s, gurobi.runtime 0.7969 s)
Iter 11 | error = 24.980652 | best_score = 1.0298e+01 | FW gap = 1.3871e+00 | min = 1.3871e+00 |
  IP pricing time: 1.4832 s (solve 1.4815 s, gurobi.runtime 1.4565 s)
Iter 12 | error = 24.204045 | best_score = 1.0274e+01 | FW gap = 1.5728e+00 | min = 1.5728e+00 |
  IP pricing time: 2.7267 s (solve 2.7250 s, gurobi.runtime 2.6996 s)
Iter 13 | error = 23.491549 | best_score = 7.9217e+00 | FW gap = 7.5258e-01 | min = 7.5258e-01 |
  IP pricing time: 4.8184 s (solve 4.8164 s, gurobi.runtime 4.7973 s)
Iter 14 | error = 23.086388 | best_score = 6.7361e+00 | FW gap = 5.4960e-01 | min = 5.4960e-01 |
  IP pricing time: 3.7958 s (solve 3.7940 s, gurobi.runtime 3.7742 s)
Iter 15 | error = 22.782536 | best_score = 6.3381e+00 | FW gap = 5.0143e-01 | min = 5.0143e-01 |
  IP pricing time: 1.7478 s (solve 1.7461 s, gurobi.runtime 1.7188 s)
Iter 16 | error = 22.469740 | best_score = 7.1638e+00 | FW gap = 6.6122e-01 | min = 6.6122e-01 |
  IP pricing time: 8.4210 s (solve 8.4189 s, gurobi.runtime 8.3958 s)
Iter 17 | error = 22.075500 | best_score = 5.0095e+00 | FW gap = 3.5314e-01 | min = 3.5314e-01 |
  IP pricing time: 7.2996 s (solve 7.2978 s, gurobi.runtime 7.2703 s)
Iter 18 | error = 21.866438 | best_score = 5.2338e+00 | FW gap = 3.8503e-01 | min = 3.8503e-01 |
  IP pricing time: 3.7887 s (solve 3.7867 s, gurobi.runtime 3.7776 s)
Iter 19 | error = 21.672713 | best_score = 5.5959e+00 | FW gap = 4.3799e-01 | min = 4.3799e-01 |
  IP pricing time: 3.5057 s (solve 3.5040 s, gurobi.runtime 3.4838 s)
Iter 20 | error = 21.460020 | best_score = 5.7979e+00 | FW gap = 4.7496e-01 | min = 4.7496e-01 |
  IP pricing time: 3.5530 s (solve 3.5512 s, gurobi.runtime 3.5285 s)
Iter 21 | error = 21.211176 | best_score = 4.7667e+00 | FW gap = 3.4773e-01 | min = 3.4773e-01 |
  IP pricing time: 7.2802 s (solve 7.2780 s, gurobi.runtime 7.2507 s)
Iter 22 | error = 21.010792 | best_score = 4.0848e+00 | FW gap = 2.7914e-01 | min = 2.7914e-01 |
  IP pricing time: 7.2772 s (solve 7.2750 s, gurobi.runtime 7.2496 s)
Iter 23 | error = 20.859862 | best_score = 4.3077e+00 | FW gap = 3.0523e-01 | min = 3.0523e-01 |
  IP pricing time: 4.5898 s (solve 4.5877 s, gurobi.runtime 4.5669 s)
Iter 24 | error = 20.728965 | best_score = 4.5124e+00 | FW gap = 3.3082e-01 | min = 3.3082e-01 |
  IP pricing time: 6.5888 s (solve 6.5870 s, gurobi.runtime 6.5596 s)
Iter 25 | error = 20.542020 | best_score = 4.2088e+00 | FW gap = 3.0164e-01 | min = 3.0164e-01 |
  IP pricing time: 3.5547 s (solve 3.5526 s, gurobi.runtime 3.5366 s)
Iter 26 | error = 20.411491 | best_score = 4.4318e+00 | FW gap = 3.2950e-01 | min = 3.2950e-01 |
  IP pricing time: 6.1916 s (solve 6.1898 s, gurobi.runtime 6.1691 s)
Iter 27 | error = 20.257778 | best_score = 3.6526e+00 | FW gap = 2.5060e-01 | min = 2.5060e-01 |
  IP pricing time: 9.1965 s (solve 9.1939 s, gurobi.runtime 9.1676 s)
Iter 28 | error = 20.145062 | best_score = 3.3805e+00 | FW gap = 2.2685e-01 | min = 2.2685e-01 |
  IP pricing time: 8.7704 s (solve 8.7683 s, gurobi.runtime 8.7320 s)
Iter 29 | error = 20.041092 | best_score = 3.1845e+00 | FW gap = 2.1072e-01 | min = 2.1072e-01 |
  IP pricing time: 13.0892 s (solve 13.0870 s, gurobi.runtime 13.0582 s)
Iter 30 | error = 19.941617 | best_score = 3.0182e+00 | FW gap = 1.9755e-01 | min = 1.9755e-01 |
  IP pricing time: 14.2263 s (solve 14.2241 s, gurobi.runtime 14.1954 s)
Iter 31 | error = 19.854157 | best_score = 2.7295e+00 | FW gap = 1.7440e-01 | min = 1.7440e-01 |
  IP pricing time: 21.5047 s (solve 21.5025 s, gurobi.runtime 21.4714 s)
Iter 32 | error = 19.788537 | best_score = 2.5487e+00 | FW gap = 1.6059e-01 | min = 1.6059e-01 |
  IP pricing time: 14.7170 s (solve 14.7152 s, gurobi.runtime 14.6939 s)
Iter 33 | error = 19.711600 | best_score = 2.6980e+00 | FW gap = 1.7343e-01 | min = 1.7343e-01 |
  IP pricing time: 47.0308 s (solve 47.0277 s, gurobi.runtime 47.0031 s)
Iter 34 | error = 19.640485 | best_score = 2.1682e+00 | FW gap = 1.3285e-01 | min = 1.3285e-01 |
  IP pricing time: 29.1109 s (solve 29.1087 s, gurobi.runtime 29.0755 s)
Iter 35 | error = 19.593209 | best_score = 2.3289e+00 | FW gap = 1.4536e-01 | min = 1.4536e-01 |
  IP pricing time: 67.1057 s (solve 67.1035 s, gurobi.runtime 67.0771 s)
Iter 36 | error = 19.522833 | best_score = 2.0113e+00 | FW gap = 1.2228e-01 | min = 1.2228e-01 |
  IP pricing time: 32.8456 s (solve 32.8434 s, gurobi.runtime 32.8092 s)
Iter 37 | error = 19.471405 | best_score = 1.9822e+00 | FW gap = 1.2056e-01 | min = 1.2056e-01 |
  IP pricing time: 91.0620 s (solve 91.0597 s, gurobi.runtime 91.0316 s)
Iter 38 | error = 19.427188 | best_score = 1.7496e+00 | FW gap = 1.0440e-01 | min = 1.0440e-01 |
  IP pricing time: 40.3738 s (solve 40.3715 s, gurobi.runtime 40.3431 s)
Iter 39 | error = 19.398691 | best_score = 1.7165e+00 | FW gap = 1.0228e-01 | min = 1.0228e-01 |
  IP pricing time: 59.4910 s (solve 59.4887 s, gurobi.runtime 59.4498 s)
Iter 40 | error = 19.371979 | best_score = 1.5515e+00 | FW gap = 9.1203e-02 | min = 9.1203e-02 |
  IP pricing time: 101.6207 s (solve 101.6185 s, gurobi.runtime 101.5877 s)
Iter 41 | error = 19.345262 | best_score = 1.5806e+00 | FW gap = 9.3311e-02 | min = 9.3311e-02 |
  IP pricing time: 35.5366 s (solve 35.5344 s, gurobi.runtime 35.5037 s)
Iter 42 | error = 19.320110 | best_score = 1.7777e+00 | FW gap = 1.0704e-01 | min = 1.0704e-01 |
  IP pricing time: 62.5552 s (solve 62.5529 s, gurobi.runtime 62.5295 s)
Iter 43 | error = 19.276805 | best_score = 1.6179e+00 | FW gap = 9.6228e-02 | min = 9.6228e-02 |
  IP pricing time: 80.1282 s (solve 80.1260 s, gurobi.runtime 80.0933 s)
Iter 44 | error = 19.241504 | best_score = 1.5500e+00 | FW gap = 9.1811e-02 | min = 9.1811e-02 |
  IP pricing time: 42.3527 s (solve 42.3506 s, gurobi.runtime 42.3263 s)
Iter 45 | error = 19.207977 | best_score = 1.7530e+00 | FW gap = 1.0602e-01 | min = 1.0602e-01 |
  IP pricing time: 93.2028 s (solve 93.2006 s, gurobi.runtime 93.1641 s)
Iter 46 | error = 19.180155 | best_score = 1.4710e+00 | FW gap = 8.6819e-02 | min = 8.6819e-02 |
  IP pricing time: 79.9162 s (solve 79.9139 s, gurobi.runtime 79.8833 s)
Iter 47 | error = 19.150254 | best_score = 1.3936e+00 | FW gap = 8.1820e-02 | min = 8.1820e-02 |
  IP pricing time: 97.0043 s (solve 97.0021 s, gurobi.runtime 96.9696 s)
Iter 48 | error = 19.129072 | best_score = 1.4041e+00 | FW gap = 8.2616e-02 | min = 8.2616e-02 |
  IP pricing time: 84.9502 s (solve 84.9480 s, gurobi.runtime 84.9189 s)
Iter 49 | error = 19.108957 | best_score = 1.4143e+00 | FW gap = 8.3397e-02 | min = 8.3397e-02 |
  IP pricing time: 80.0496 s (solve 80.0474 s, gurobi.runtime 80.0144 s)
Iter 50 | error = 19.084953 | best_score = 1.3344e+00 | FW gap = 7.8224e-02 | min = 7.8224e-02 |
  IP pricing time: 96.4956 s (solve 96.4934 s, gurobi.runtime 96.4286 s)
Iter 51 | error = 19.064857 | best_score = 1.2826e+00 | FW gap = 7.4926e-02 | min = 7.4926e-02 |
  IP pricing time: 50.7492 s (solve 50.7469 s, gurobi.runtime 50.7137 s)
Iter 52 | error = 19.041888 | best_score = 1.4381e+00 | FW gap = 8.5322e-02 | min = 8.5322e-02 |
  IP pricing time: 115.8290 s (solve 115.8268 s, gurobi.runtime 115.7979 s)
Iter 53 | error = 19.010830 | best_score = 1.0586e+00 | FW gap = 6.0816e-02 | min = 6.0816e-02 |
  IP pricing time: 382.1720 s (solve 382.1698 s, gurobi.runtime 382.1395 s)
Iter 54 | error = 18.996271 | best_score = 9.3335e-01 | FW gap = 5.3079e-02 | min = 5.3079e-02 |
  IP pricing time: 151.4344 s (solve 151.4321 s, gurobi.runtime 151.4086 s)
Iter 55 | error = 18.984840 | best_score = 9.9322e-01 | FW gap = 5.6816e-02 | min = 5.6816e-02 |
  IP pricing time: 147.9193 s (solve 147.9145 s, gurobi.runtime 147.8843 s)
Iter 56 | error = 18.968530 | best_score = 9.8532e-01 | FW gap = 5.6378e-02 | min = 5.6378e-02 |
  IP pricing time: 117.2513 s (solve 117.2491 s, gurobi.runtime 117.2219 s)
Iter 57 | error = 18.952327 | best_score = 1.0622e+00 | FW gap = 6.1248e-02 | min = 6.1248e-02 |
  IP pricing time: 114.4709 s (solve 114.4687 s, gurobi.runtime 114.4433 s)
Iter 58 | error = 18.934899 | best_score = 1.0616e+00 | FW gap = 6.1268e-02 | min = 6.1268e-02 |
  IP pricing time: 121.9337 s (solve 121.9313 s, gurobi.runtime 121.9057 s)
Iter 59 | error = 18.918812 | best_score = 1.0093e+00 | FW gap = 5.8037e-02 | min = 5.8037e-02 |
  IP pricing time: 161.6680 s (solve 161.6657 s, gurobi.runtime 161.6438 s)
Iter 60 | error = 18.893373 | best_score = 9.1742e-01 | FW gap = 5.2407e-02 | min = 5.2407e-02 |
  IP pricing time: 376.6093 s (solve 376.6070 s, gurobi.runtime 376.5692 s)
Iter 61 | error = 18.881183 | best_score = 8.3148e-01 | FW gap = 4.7178e-02 | min = 4.7178e-02 |
  IP pricing time: 116.4381 s (solve 116.4359 s, gurobi.runtime 116.4025 s)
Iter 62 | error = 18.870464 | best_score = 9.5601e-01 | FW gap = 5.4868e-02 | min = 5.4868e-02 |
  IP pricing time: 148.3613 s (solve 148.3591 s, gurobi.runtime 148.3178 s)
Iter 63 | error = 18.858701 | best_score = 8.3216e-01 | FW gap = 4.7280e-02 | min = 4.7280e-02 |
  IP pricing time: 297.0610 s (solve 297.0587 s, gurobi.runtime 297.0286 s)
Iter 64 | error = 18.850776 | best_score = 8.6906e-01 | FW gap = 4.9557e-02 | min = 4.9557e-02 |
  IP pricing time: 127.0222 s (solve 127.0200 s, gurobi.runtime 126.9937 s)
Iter 65 | error = 18.837101 | best_score = 8.1782e-01 | FW gap = 4.6464e-02 | min = 4.6464e-02 |
  IP pricing time: 140.1478 s (solve 140.1456 s, gurobi.runtime 140.1135 s)
Iter 66 | error = 18.827349 | best_score = 8.5754e-01 | FW gap = 4.8916e-02 | min = 4.8916e-02 |
  IP pricing time: 124.6145 s (solve 124.6122 s, gurobi.runtime 124.5849 s)
Iter 67 | error = 18.815435 | best_score = 8.3593e-01 | FW gap = 4.7626e-02 | min = 4.7626e-02 |
  IP pricing time: 139.0993 s (solve 139.0971 s, gurobi.runtime 139.0764 s)
Iter 68 | error = 18.801741 | best_score = 8.7947e-01 | FW gap = 5.0337e-02 | min = 5.0337e-02 |
  IP pricing time: 138.1189 s (solve 138.1167 s, gurobi.runtime 138.0871 s)
Iter 69 | error = 18.788789 | best_score = 8.0411e-01 | FW gap = 4.5757e-02 | min = 4.5757e-02 |
  IP pricing time: 315.3155 s (solve 315.3133 s, gurobi.runtime 315.2526 s)
Iter 70 | error = 18.780104 | best_score = 7.9943e-01 | FW gap = 4.5494e-02 | min = 4.5494e-02 |
  IP pricing time: 135.5558 s (solve 135.5535 s, gurobi.runtime 135.5271 s)
Iter 71 | error = 18.767362 | best_score = 6.9234e-01 | FW gap = 3.9066e-02 | min = 3.9066e-02 |
  IP pricing time: 356.0833 s (solve 356.0810 s, gurobi.runtime 356.0500 s)
Iter 72 | error = 18.758538 | best_score = 7.3622e-01 | FW gap = 4.1720e-02 | min = 4.1720e-02 |
  IP pricing time: 353.2527 s (solve 353.2505 s, gurobi.runtime 353.2250 s)
Iter 73 | error = 18.747927 | best_score = 7.2531e-01 | FW gap = 4.1088e-02 | min = 4.1088e-02 |
  IP pricing time: 353.3825 s (solve 353.3802 s, gurobi.runtime 353.3532 s)
Iter 74 | error = 18.740560 | best_score = 6.1249e-01 | FW gap = 3.4377e-02 | min = 3.4377e-02 |
  IP pricing time: 374.4380 s (solve 374.4357 s, gurobi.runtime 374.4052 s)
Iter 75 | error = 18.735296 | best_score = 5.8901e-01 | FW gap = 3.3004e-02 | min = 3.3004e-02 |
  IP pricing time: 379.0108 s (solve 379.0085 s, gurobi.runtime 378.9697 s)
Iter 76 | error = 18.729452 | best_score = 5.8041e-01 | FW gap = 3.2508e-02 | min = 3.2508e-02 |
  IP pricing time: 330.5998 s (solve 330.5975 s, gurobi.runtime 330.5624 s)
Iter 77 | error = 18.718926 | best_score = 5.8645e-01 | FW gap = 3.2883e-02 | min = 3.2883e-02 |
  IP pricing time: 376.3135 s (solve 376.3113 s, gurobi.runtime 376.2848 s)
Iter 78 | error = 18.713696 | best_score = 5.5699e-01 | FW gap = 3.1162e-02 | min = 3.1162e-02 |
  IP pricing time: 426.5342 s (solve 426.5319 s, gurobi.runtime 426.4978 s)
Iter 79 | error = 18.708222 | best_score = 5.2690e-01 | FW gap = 2.9413e-02 | min = 2.9413e-02 |
  IP pricing time: 451.1338 s (solve 451.1316 s, gurobi.runtime 451.0932 s)
Iter 80 | error = 18.701959 | best_score = 4.8927e-01 | FW gap = 2.7235e-02 | min = 2.7235e-02 |
  IP pricing time: 441.1771 s (solve 441.1748 s, gurobi.runtime 441.1432 s)
Iter 81 | error = 18.696700 | best_score = 4.9060e-01 | FW gap = 2.7320e-02 | min = 2.7320e-02 |
  IP pricing time: 411.7887 s (solve 411.7864 s, gurobi.runtime 411.7595 s)
Iter 82 | error = 18.690893 | best_score = 4.9316e-01 | FW gap = 2.7477e-02 | min = 2.7477e-02 |
  IP pricing time: 457.5805 s (solve 457.5782 s, gurobi.runtime 457.5471 s)
Iter 83 | error = 18.685191 | best_score = 4.2429e-01 | FW gap = 2.3511e-02 | min = 2.3511e-02 |
  IP pricing time: 519.1281 s (solve 519.1258 s, gurobi.runtime 519.0979 s)
Iter 84 | error = 18.681890 | best_score = 4.0826e-01 | FW gap = 2.2597e-02 | min = 2.2597e-02 |
  IP pricing time: 494.6538 s (solve 494.6515 s, gurobi.runtime 494.6296 s)
Iter 85 | error = 18.678578 | best_score = 4.0026e-01 | FW gap = 2.2143e-02 | min = 2.2143e-02 |
  IP pricing time: 541.3571 s (solve 541.3543 s, gurobi.runtime 541.3215 s)
Iter 86 | error = 18.674872 | best_score = 3.3985e-01 | FW gap = 1.8711e-02 | min = 1.8711e-02 |
  IP pricing time: 479.4082 s (solve 479.4060 s, gurobi.runtime 479.3611 s)
Iter 87 | error = 18.671397 | best_score = 3.7805e-01 | FW gap = 2.0884e-02 | min = 2.0884e-02 |
  IP pricing time: 478.1483 s (solve 478.1461 s, gurobi.runtime 478.1216 s)
Iter 88 | error = 18.669267 | best_score = 3.7689e-01 | FW gap = 2.0820e-02 | min = 2.0820e-02 |
  IP pricing time: 442.9020 s (solve 442.8998 s, gurobi.runtime 442.8775 s)
Iter 89 | error = 18.666264 | best_score = 3.6884e-01 | FW gap = 2.0365e-02 | min = 2.0365e-02 |
  IP pricing time: 531.0049 s (solve 531.0026 s, gurobi.runtime 530.9727 s)
Iter 90 | error = 18.663371 | best_score = 3.5701e-01 | FW gap = 1.9696e-02 | min = 1.9696e-02 |
  IP pricing time: 422.5125 s (solve 422.5101 s, gurobi.runtime 422.4781 s)
Iter 91 | error = 18.660625 | best_score = 3.4316e-01 | FW gap = 1.8913e-02 | min = 1.8913e-02 |
  IP pricing time: 434.8929 s (solve 434.8907 s, gurobi.runtime 434.8621 s)
Iter 92 | error = 18.658098 | best_score = 3.8890e-01 | FW gap = 2.1519e-02 | min = 2.1519e-02 |
  IP pricing time: 448.9542 s (solve 448.9520 s, gurobi.runtime 448.8996 s)
Iter 93 | error = 18.655473 | best_score = 2.9572e-01 | FW gap = 1.6239e-02 | min = 1.6239e-02 |
  IP pricing time: 475.8325 s (solve 475.8302 s, gurobi.runtime 475.8029 s)
Iter 94 | error = 18.653282 | best_score = 3.5625e-01 | FW gap = 1.9664e-02 | min = 1.9664e-02 |
  IP pricing time: 537.6163 s (solve 537.6140 s, gurobi.runtime 537.5644 s)
Iter 95 | error = 18.649123 | best_score = 3.0421e-01 | FW gap = 1.6723e-02 | min = 1.6723e-02 |
  IP pricing time: 498.5309 s (solve 498.5286 s, gurobi.runtime 498.5029 s)
Iter 96 | error = 18.646339 | best_score = 2.9619e-01 | FW gap = 1.6274e-02 | min = 1.6274e-02 |
  IP pricing time: 428.1613 s (solve 428.1591 s, gurobi.runtime 428.1240 s)
Iter 97 | error = 18.643372 | best_score = 3.3198e-01 | FW gap = 1.8297e-02 | min = 1.8297e-02 |
  IP pricing time: 566.1991 s (solve 566.1968 s, gurobi.runtime 566.1718 s)
Iter 98 | error = 18.640008 | best_score = 2.7178e-01 | FW gap = 1.4907e-02 | min = 1.4907e-02 |
  IP pricing time: 616.8888 s (solve 616.8864 s, gurobi.runtime 616.8448 s)
Iter 99 | error = 18.637866 | best_score = 2.7729e-01 | FW gap = 1.5218e-02 | min = 1.5218e-02 |
  IP pricing time: 543.0555 s (solve 543.0532 s, gurobi.runtime 543.0164 s)
Iter 100 | error = 18.635513 | best_score = 2.7726e-01 | FW gap = 1.5218e-02 | min = 1.5218e-02 |
  IP pricing time: 524.8155 s (solve 524.8132 s, gurobi.runtime 524.7747 s)
Iter 101 | error = 18.633823 | best_score = 2.5450e-01 | FW gap = 1.3944e-02 | min = 1.3944e-02 |
  IP pricing time: 487.6975 s (solve 487.6952 s, gurobi.runtime 487.6494 s)
Iter 102 | error = 18.632188 | best_score = 2.8957e-01 | FW gap = 1.5913e-02 | min = 1.5913e-02 |
  IP pricing time: 550.4625 s (solve 550.4601 s, gurobi.runtime 550.4304 s)
Iter 103 | error = 18.630288 | best_score = 2.8300e-01 | FW gap = 1.5546e-02 | min = 1.5546e-02 |
  IP pricing time: 504.2451 s (solve 504.2428 s, gurobi.runtime 504.2117 s)
Iter 104 | error = 18.626331 | best_score = 2.8219e-01 | FW gap = 1.5503e-02 | min = 1.5503e-02 |
  IP pricing time: 450.6347 s (solve 450.6324 s, gurobi.runtime 450.6018 s)
Iter 105 | error = 18.623688 | best_score = 3.4798e-01 | FW gap = 1.9225e-02 | min = 1.9225e-02 |
  IP pricing time: 491.4391 s (solve 491.4368 s, gurobi.runtime 491.3935 s)
Iter 106 | error = 18.619693 | best_score = 2.9303e-01 | FW gap = 1.6119e-02 | min = 1.6119e-02 |
  IP pricing time: 483.0034 s (solve 483.0010 s, gurobi.runtime 482.9785 s)
Iter 107 | error = 18.617519 | best_score = 2.9198e-01 | FW gap = 1.6062e-02 | min = 1.6062e-02 |
  IP pricing time: 458.3362 s (solve 458.3339 s, gurobi.runtime 458.2994 s)
Iter 108 | error = 18.615278 | best_score = 2.5989e-01 | FW gap = 1.4260e-02 | min = 1.4260e-02 |
  IP pricing time: 530.6164 s (solve 530.6137 s, gurobi.runtime 530.5688 s)
Iter 109 | error = 18.613608 | best_score = 2.4088e-01 | FW gap = 1.3198e-02 | min = 1.3198e-02 |
  IP pricing time: 481.8348 s (solve 481.8325 s, gurobi.runtime 481.8011 s)
Iter 110 | error = 18.610021 | best_score = 2.3692e-01 | FW gap = 1.2979e-02 | min = 1.2979e-02 |
  IP pricing time: 492.3573 s (solve 492.3550 s, gurobi.runtime 492.3247 s)
Iter 111 | error = 18.608306 | best_score = 2.3794e-01 | FW gap = 1.3037e-02 | min = 1.3037e-02 |
  IP pricing time: 516.1655 s (solve 516.1632 s, gurobi.runtime 516.1277 s)
Iter 112 | error = 18.606554 | best_score = 2.5273e-01 | FW gap = 1.3866e-02 | min = 1.3866e-02 |
  IP pricing time: 626.5424 s (solve 626.5401 s, gurobi.runtime 626.4893 s)
Iter 113 | error = 18.604737 | best_score = 2.1366e-01 | FW gap = 1.1686e-02 | min = 1.1686e-02 |
  IP pricing time: 523.1281 s (solve 523.1258 s, gurobi.runtime 523.0947 s)
Iter 114 | error = 18.602966 | best_score = 2.0072e-01 | FW gap = 1.0968e-02 | min = 1.0968e-02 |
  IP pricing time: 597.8583 s (solve 597.8560 s, gurobi.runtime 597.8261 s)
Iter 115 | error = 18.601524 | best_score = 2.1961e-01 | FW gap = 1.2019e-02 | min = 1.2019e-02 |
  IP pricing time: 495.0160 s (solve 495.0137 s, gurobi.runtime 494.9979 s)
Iter 116 | error = 18.599954 | best_score = 2.4010e-01 | FW gap = 1.3164e-02 | min = 1.3164e-02 |
  IP pricing time: 817.1630 s (solve 817.1606 s, gurobi.runtime 817.1323 s)
Iter 117 | error = 18.597721 | best_score = 2.1212e-01 | FW gap = 1.1605e-02 | min = 1.1605e-02 |
  IP pricing time: 430.3255 s (solve 430.3232 s, gurobi.runtime 430.3008 s)
Iter 118 | error = 18.595683 | best_score = 2.5831e-01 | FW gap = 1.4187e-02 | min = 1.4187e-02 |
  IP pricing time: 500.1428 s (solve 500.1404 s, gurobi.runtime 500.0972 s)
Iter 119 | error = 18.593229 | best_score = 2.1839e-01 | FW gap = 1.1957e-02 | min = 1.1957e-02 |
  IP pricing time: 546.7784 s (solve 546.7761 s, gurobi.runtime 546.7262 s)
Iter 120 | error = 18.591216 | best_score = 2.2705e-01 | FW gap = 1.2441e-02 | min = 1.2441e-02 |
  IP pricing time: 548.5542 s (solve 548.5518 s, gurobi.runtime 548.5362 s)
Iter 121 | error = 18.589932 | best_score = 2.1414e-01 | FW gap = 1.1722e-02 | min = 1.1722e-02 |
  IP pricing time: 550.5891 s (solve 550.5868 s, gurobi.runtime 550.5597 s)
Iter 122 | error = 18.588812 | best_score = 1.8120e-01 | FW gap = 9.8925e-03 | min = 9.8925e-03 |
Convergence Criterion Achieved (min(best_score, FW gap) = 9.8925e-03 < tol 1.0000e-02)
  CG_IP  status=ok  error=1.858881e+01  total=29592.50s  iters=122  IP_calls=122  build=0.03s  solve_tot=29588.89s  gur_tot=29585.22s

========================================================
[2/5] n = 28, seed = 2  (all binary menus)
========================================================
[fractions mode] counts(s) = round(frac(s) * C(n,s))  (total 378 menus).
Generating fake data for n=28 alternatives, 378 menus (Dirichlet probs)...
Generated 756 rows from 378 menus (378 unique).
Menu size distribution actually drawn:
  size 2: 378 menus (100.0%)

n = 28 | 756 observations | 378 unique menus | menu sizes 2..2

  -- CG_IP --  (budget: 604800.0 s)
Starting column generation with 1 initial columns...
Pricing mode: IP
Generating choice sets only (rankings built on-demand)...
Using 756 provided choice sets
✓ 756 choice sets generated (no ranking enumeration needed)

B_IP_pricing_build: 0.01s (nvars=784, ncons=6930)
  IP pricing time: 0.0544 s (solve 0.0488 s, gurobi.runtime 0.0290 s)
Iter 1 | error = 245.725849 | best_score = 3.7544e+02 | FW gap = Inf | min = 3.7544e+02 |
  IP pricing time: 0.2386 s (solve 0.2358 s, gurobi.runtime 0.2118 s)
Iter 2 | error = 59.281714 | best_score = 4.7255e+01 | FW gap = Inf | min = 4.7255e+01 |
  IP pricing time: 1.4402 s (solve 1.4385 s, gurobi.runtime 1.4129 s)
Iter 3 | error = 47.447811 | best_score = 3.4722e+01 | FW gap = Inf | min = 3.4722e+01 |
  IP pricing time: 1.0012 s (solve 0.9995 s, gurobi.runtime 0.9466 s)
Iter 4 | error = 40.346298 | best_score = 3.3300e+01 | FW gap = Inf | min = 3.3300e+01 |
  IP pricing time: 0.1464 s (solve 0.1448 s, gurobi.runtime 0.1174 s)
Iter 5 | error = 34.054693 | best_score = 3.5126e+01 | FW gap = Inf | min = 3.5126e+01 |
  IP pricing time: 0.0741 s (solve 0.0725 s, gurobi.runtime 0.0660 s)
Iter 6 | error = 26.854920 | best_score = 2.4385e+01 | FW gap = Inf | min = 2.4385e+01 |
  IP pricing time: 0.3122 s (solve 0.3106 s, gurobi.runtime 0.3038 s)
Iter 7 | error = 24.187145 | best_score = 1.6550e+01 | FW gap = Inf | min = 1.6550e+01 |
  IP pricing time: 3.3735 s (solve 3.3717 s, gurobi.runtime 3.3596 s)
Iter 8 | error = 22.722578 | best_score = 1.1989e+01 | FW gap = Inf | min = 1.1989e+01 |
  IP pricing time: 0.7620 s (solve 0.7600 s, gurobi.runtime 0.7371 s)
Iter 9 | error = 21.878990 | best_score = 1.1615e+01 | FW gap = Inf | min = 1.1615e+01 |
  IP pricing time: 2.3641 s (solve 2.3623 s, gurobi.runtime 2.3439 s)
Iter 10 | error = 21.157597 | best_score = 8.9079e+00 | FW gap = 1.5162e+00 | min = 1.5162e+00 |
  IP pricing time: 2.3414 s (solve 2.3397 s, gurobi.runtime 2.3272 s)
Iter 11 | error = 20.661371 | best_score = 7.9994e+00 | FW gap = 1.1051e+00 | min = 1.1051e+00 |
  IP pricing time: 3.0298 s (solve 3.0282 s, gurobi.runtime 2.9942 s)
Iter 12 | error = 20.256650 | best_score = 6.8539e+00 | FW gap = 7.5874e-01 | min = 7.5874e-01 |
  IP pricing time: 6.6034 s (solve 6.6016 s, gurobi.runtime 6.5787 s)
Iter 13 | error = 19.954049 | best_score = 6.2344e+00 | FW gap = 6.3272e-01 | min = 6.3272e-01 |
  IP pricing time: 1.7889 s (solve 1.7872 s, gurobi.runtime 1.7656 s)
Iter 14 | error = 19.689775 | best_score = 7.2506e+00 | FW gap = 9.4802e-01 | min = 9.4802e-01 |
  IP pricing time: 2.4230 s (solve 2.4213 s, gurobi.runtime 2.4013 s)
Iter 15 | error = 19.330484 | best_score = 6.5698e+00 | FW gap = 7.6702e-01 | min = 7.6702e-01 |
  IP pricing time: 7.4923 s (solve 7.4906 s, gurobi.runtime 7.4715 s)
Iter 16 | error = 19.029814 | best_score = 5.1678e+00 | FW gap = 4.7946e-01 | min = 4.7946e-01 |
  IP pricing time: 12.1741 s (solve 12.1720 s, gurobi.runtime 12.1506 s)
Iter 17 | error = 18.858117 | best_score = 4.3857e+00 | FW gap = 3.6733e-01 | min = 3.6733e-01 |
  IP pricing time: 5.1969 s (solve 5.1949 s, gurobi.runtime 5.1681 s)
Iter 18 | error = 18.696745 | best_score = 4.5791e+00 | FW gap = 4.0005e-01 | min = 4.0005e-01 |
  IP pricing time: 10.2327 s (solve 10.2307 s, gurobi.runtime 10.2107 s)
Iter 19 | error = 18.550946 | best_score = 4.1849e+00 | FW gap = 3.4984e-01 | min = 3.4984e-01 |
  IP pricing time: 3.2639 s (solve 3.2620 s, gurobi.runtime 3.2127 s)
Iter 20 | error = 18.420533 | best_score = 4.4687e+00 | FW gap = 3.9371e-01 | min = 3.9371e-01 |
  IP pricing time: 4.7190 s (solve 4.7171 s, gurobi.runtime 4.6927 s)
Iter 21 | error = 18.236548 | best_score = 3.9476e+00 | FW gap = 3.2795e-01 | min = 3.2795e-01 |
  IP pricing time: 22.9602 s (solve 22.9581 s, gurobi.runtime 22.9315 s)
Iter 22 | error = 18.125638 | best_score = 3.1836e+00 | FW gap = 2.4157e-01 | min = 2.4157e-01 |
  IP pricing time: 13.5796 s (solve 13.5774 s, gurobi.runtime 13.5510 s)
Iter 23 | error = 18.036146 | best_score = 3.4691e+00 | FW gap = 2.7483e-01 | min = 2.7483e-01 |
  IP pricing time: 5.9702 s (solve 5.9681 s, gurobi.runtime 5.9271 s)
Iter 24 | error = 17.928096 | best_score = 3.6180e+00 | FW gap = 2.9490e-01 | min = 2.9490e-01 |
  IP pricing time: 12.1001 s (solve 12.0979 s, gurobi.runtime 12.0780 s)
Iter 25 | error = 17.821200 | best_score = 3.1347e+00 | FW gap = 2.4207e-01 | min = 2.4207e-01 |
  IP pricing time: 7.8549 s (solve 7.8530 s, gurobi.runtime 7.8015 s)
Iter 26 | error = 17.714996 | best_score = 3.1062e+00 | FW gap = 2.4100e-01 | min = 2.4100e-01 |
  IP pricing time: 5.9610 s (solve 5.9589 s, gurobi.runtime 5.9187 s)
Iter 27 | error = 17.631145 | best_score = 3.3744e+00 | FW gap = 2.7286e-01 | min = 2.7286e-01 |
  IP pricing time: 7.1519 s (solve 7.1497 s, gurobi.runtime 7.1215 s)
Iter 28 | error = 17.520537 | best_score = 3.2535e+00 | FW gap = 2.6128e-01 | min = 2.6128e-01 |
  IP pricing time: 6.5507 s (solve 6.5488 s, gurobi.runtime 6.5304 s)
Iter 29 | error = 17.421977 | best_score = 3.1967e+00 | FW gap = 2.5686e-01 | min = 2.5686e-01 |
  IP pricing time: 10.2704 s (solve 10.2683 s, gurobi.runtime 10.2423 s)
Iter 30 | error = 17.325981 | best_score = 2.8559e+00 | FW gap = 2.2139e-01 | min = 2.2139e-01 |
  IP pricing time: 9.6858 s (solve 9.6839 s, gurobi.runtime 9.6584 s)
Iter 31 | error = 17.228689 | best_score = 2.7632e+00 | FW gap = 2.1336e-01 | min = 2.1336e-01 |
  IP pricing time: 18.6855 s (solve 18.6834 s, gurobi.runtime 18.6632 s)
Iter 32 | error = 17.166278 | best_score = 2.4979e+00 | FW gap = 1.8763e-01 | min = 1.8763e-01 |
  IP pricing time: 24.9761 s (solve 24.9744 s, gurobi.runtime 24.9648 s)
Iter 33 | error = 17.100313 | best_score = 2.5365e+00 | FW gap = 1.9239e-01 | min = 1.9239e-01 |
  IP pricing time: 30.4702 s (solve 30.4681 s, gurobi.runtime 30.4447 s)
Iter 34 | error = 17.045768 | best_score = 2.3069e+00 | FW gap = 1.7095e-01 | min = 1.7095e-01 |
  IP pricing time: 14.7014 s (solve 14.6992 s, gurobi.runtime 14.6679 s)
Iter 35 | error = 16.992593 | best_score = 2.5202e+00 | FW gap = 1.9235e-01 | min = 1.9235e-01 |
  IP pricing time: 8.8538 s (solve 8.8516 s, gurobi.runtime 8.8234 s)
Iter 36 | error = 16.932639 | best_score = 2.5084e+00 | FW gap = 1.9206e-01 | min = 1.9206e-01 |
  IP pricing time: 27.0076 s (solve 27.0055 s, gurobi.runtime 26.9809 s)
Iter 37 | error = 16.874965 | best_score = 1.9442e+00 | FW gap = 1.3992e-01 | min = 1.3992e-01 |
  IP pricing time: 13.4702 s (solve 13.4683 s, gurobi.runtime 13.4460 s)
Iter 38 | error = 16.835574 | best_score = 2.1160e+00 | FW gap = 1.5576e-01 | min = 1.5576e-01 |
  IP pricing time: 25.5532 s (solve 25.5511 s, gurobi.runtime 25.5298 s)
Iter 39 | error = 16.784473 | best_score = 1.8225e+00 | FW gap = 1.3023e-01 | min = 1.3023e-01 |
  IP pricing time: 39.0229 s (solve 39.0208 s, gurobi.runtime 38.9757 s)
Iter 40 | error = 16.737677 | best_score = 1.8105e+00 | FW gap = 1.2963e-01 | min = 1.2963e-01 |
  IP pricing time: 33.6131 s (solve 33.6108 s, gurobi.runtime 33.5820 s)
Iter 41 | error = 16.702331 | best_score = 1.7685e+00 | FW gap = 1.2634e-01 | min = 1.2634e-01 |
  IP pricing time: 41.6684 s (solve 41.6662 s, gurobi.runtime 41.6291 s)
Iter 42 | error = 16.668333 | best_score = 1.6933e+00 | FW gap = 1.2026e-01 | min = 1.2026e-01 |
  IP pricing time: 69.9497 s (solve 69.9474 s, gurobi.runtime 69.9124 s)
Iter 43 | error = 16.640475 | best_score = 1.4027e+00 | FW gap = 9.6714e-02 | min = 9.6714e-02 |
  IP pricing time: 95.5133 s (solve 95.5110 s, gurobi.runtime 95.4797 s)
Iter 44 | error = 16.617333 | best_score = 1.3243e+00 | FW gap = 9.0693e-02 | min = 9.0693e-02 |
  IP pricing time: 97.6474 s (solve 97.6453 s, gurobi.runtime 97.6046 s)
Iter 45 | error = 16.593363 | best_score = 1.2617e+00 | FW gap = 8.5976e-02 | min = 8.5976e-02 |
  IP pricing time: 84.6738 s (solve 84.6717 s, gurobi.runtime 84.6492 s)
Iter 46 | error = 16.574346 | best_score = 1.3034e+00 | FW gap = 8.9328e-02 | min = 8.9328e-02 |
  IP pricing time: 55.2966 s (solve 55.2944 s, gurobi.runtime 55.2629 s)
Iter 47 | error = 16.552998 | best_score = 1.3822e+00 | FW gap = 9.5668e-02 | min = 9.5668e-02 |
  IP pricing time: 48.2408 s (solve 48.2386 s, gurobi.runtime 48.2158 s)
Iter 48 | error = 16.518850 | best_score = 1.4368e+00 | FW gap = 1.0027e-01 | min = 1.0027e-01 |
  IP pricing time: 96.9816 s (solve 96.9794 s, gurobi.runtime 96.9434 s)
Iter 49 | error = 16.497098 | best_score = 1.3408e+00 | FW gap = 9.2750e-02 | min = 9.2750e-02 |
  IP pricing time: 87.7329 s (solve 87.7307 s, gurobi.runtime 87.6939 s)
Iter 50 | error = 16.475292 | best_score = 1.1969e+00 | FW gap = 8.1663e-02 | min = 8.1663e-02 |
  IP pricing time: 100.4104 s (solve 100.4082 s, gurobi.runtime 100.3804 s)
Iter 51 | error = 16.455710 | best_score = 1.1334e+00 | FW gap = 7.6919e-02 | min = 7.6919e-02 |
  IP pricing time: 81.3057 s (solve 81.3035 s, gurobi.runtime 81.2746 s)
Iter 52 | error = 16.440454 | best_score = 1.2213e+00 | FW gap = 8.3744e-02 | min = 8.3744e-02 |
  IP pricing time: 57.6599 s (solve 57.6577 s, gurobi.runtime 57.6289 s)
Iter 53 | error = 16.421624 | best_score = 1.1939e+00 | FW gap = 8.1730e-02 | min = 8.1730e-02 |
  IP pricing time: 100.7821 s (solve 100.7798 s, gurobi.runtime 100.7526 s)
Iter 54 | error = 16.400985 | best_score = 1.0720e+00 | FW gap = 7.2562e-02 | min = 7.2562e-02 |
  IP pricing time: 92.9243 s (solve 92.9220 s, gurobi.runtime 92.8996 s)
Iter 55 | error = 16.382002 | best_score = 9.8020e-01 | FW gap = 6.5802e-02 | min = 6.5802e-02 |
  IP pricing time: 68.0198 s (solve 68.0176 s, gurobi.runtime 67.9816 s)
Iter 56 | error = 16.362992 | best_score = 1.1245e+00 | FW gap = 7.6726e-02 | min = 7.6726e-02 |
  IP pricing time: 116.4355 s (solve 116.4333 s, gurobi.runtime 116.4061 s)
Iter 57 | error = 16.347070 | best_score = 9.1964e-01 | FW gap = 6.1498e-02 | min = 6.1498e-02 |
  IP pricing time: 121.3514 s (solve 121.3492 s, gurobi.runtime 121.3205 s)
Iter 58 | error = 16.335061 | best_score = 9.8212e-01 | FW gap = 6.6153e-02 | min = 6.6153e-02 |
  IP pricing time: 124.7539 s (solve 124.7517 s, gurobi.runtime 124.7223 s)
Iter 59 | error = 16.316539 | best_score = 9.6951e-01 | FW gap = 6.5300e-02 | min = 6.5300e-02 |
  IP pricing time: 107.1619 s (solve 107.1598 s, gurobi.runtime 107.1242 s)
Iter 60 | error = 16.302508 | best_score = 1.0028e+00 | FW gap = 6.7841e-02 | min = 6.7841e-02 |
  IP pricing time: 135.9228 s (solve 135.9203 s, gurobi.runtime 135.8972 s)
Iter 61 | error = 16.287864 | best_score = 8.9205e-01 | FW gap = 5.9721e-02 | min = 5.9721e-02 |
  IP pricing time: 110.4112 s (solve 110.4090 s, gurobi.runtime 110.3844 s)
Iter 62 | error = 16.275825 | best_score = 8.1721e-01 | FW gap = 5.4339e-02 | min = 5.4339e-02 |
  IP pricing time: 136.6268 s (solve 136.6244 s, gurobi.runtime 136.5976 s)
Iter 63 | error = 16.259835 | best_score = 7.7310e-01 | FW gap = 5.1231e-02 | min = 5.1231e-02 |
  IP pricing time: 129.2694 s (solve 129.2673 s, gurobi.runtime 129.2577 s)
Iter 64 | error = 16.250052 | best_score = 7.5569e-01 | FW gap = 5.0021e-02 | min = 5.0021e-02 |
  IP pricing time: 148.0157 s (solve 148.0132 s, gurobi.runtime 147.9820 s)
Iter 65 | error = 16.240948 | best_score = 7.5195e-01 | FW gap = 4.9785e-02 | min = 4.9785e-02 |
  IP pricing time: 121.1916 s (solve 121.1894 s, gurobi.runtime 121.1692 s)
Iter 66 | error = 16.228124 | best_score = 8.1674e-01 | FW gap = 5.4478e-02 | min = 5.4478e-02 |
  IP pricing time: 351.7220 s (solve 351.7197 s, gurobi.runtime 351.6817 s)
Iter 67 | error = 16.216115 | best_score = 6.3852e-01 | FW gap = 4.1865e-02 | min = 4.1865e-02 |
  IP pricing time: 146.2886 s (solve 146.2865 s, gurobi.runtime 146.2662 s)
Iter 68 | error = 16.205188 | best_score = 7.2542e-01 | FW gap = 4.8014e-02 | min = 4.8014e-02 |
  IP pricing time: 140.8873 s (solve 140.8851 s, gurobi.runtime 140.8605 s)
Iter 69 | error = 16.197741 | best_score = 7.2706e-01 | FW gap = 4.8154e-02 | min = 4.8154e-02 |
  IP pricing time: 292.3317 s (solve 292.3295 s, gurobi.runtime 292.3003 s)
Iter 70 | error = 16.186615 | best_score = 6.0933e-01 | FW gap = 3.9913e-02 | min = 3.9913e-02 |
  IP pricing time: 361.1315 s (solve 361.1294 s, gurobi.runtime 361.0940 s)
Iter 71 | error = 16.179820 | best_score = 6.6569e-01 | FW gap = 4.3870e-02 | min = 4.3870e-02 |
  IP pricing time: 174.4468 s (solve 174.4447 s, gurobi.runtime 174.4152 s)
Iter 72 | error = 16.169439 | best_score = 6.3558e-01 | FW gap = 4.1788e-02 | min = 4.1788e-02 |
  IP pricing time: 345.8108 s (solve 345.8086 s, gurobi.runtime 345.7707 s)
Iter 73 | error = 16.162998 | best_score = 6.0794e-01 | FW gap = 3.9877e-02 | min = 3.9877e-02 |
  IP pricing time: 361.5723 s (solve 361.5700 s, gurobi.runtime 361.5381 s)
Iter 74 | error = 16.156282 | best_score = 5.8726e-01 | FW gap = 3.8459e-02 | min = 3.8459e-02 |
  IP pricing time: 123.1104 s (solve 123.1082 s, gurobi.runtime 123.0762 s)
Iter 75 | error = 16.150933 | best_score = 6.7380e-01 | FW gap = 4.4526e-02 | min = 4.4526e-02 |
  IP pricing time: 157.9948 s (solve 157.9924 s, gurobi.runtime 157.9705 s)
Iter 76 | error = 16.143604 | best_score = 6.0830e-01 | FW gap = 3.9954e-02 | min = 3.9954e-02 |
  IP pricing time: 249.1062 s (solve 249.1040 s, gurobi.runtime 249.0807 s)
Iter 77 | error = 16.135978 | best_score = 6.0498e-01 | FW gap = 3.9742e-02 | min = 3.9742e-02 |
  IP pricing time: 452.4674 s (solve 452.4649 s, gurobi.runtime 452.4357 s)
Iter 78 | error = 16.129352 | best_score = 5.0290e-01 | FW gap = 3.2717e-02 | min = 3.2717e-02 |
  IP pricing time: 360.6366 s (solve 360.6344 s, gurobi.runtime 360.6047 s)
Iter 79 | error = 16.123741 | best_score = 4.9131e-01 | FW gap = 3.1939e-02 | min = 3.1939e-02 |
  IP pricing time: 376.9158 s (solve 376.9131 s, gurobi.runtime 376.8793 s)
Iter 80 | error = 16.119775 | best_score = 5.6290e-01 | FW gap = 3.6862e-02 | min = 3.6862e-02 |
  IP pricing time: 167.3002 s (solve 167.2979 s, gurobi.runtime 167.2733 s)
Iter 81 | error = 16.113021 | best_score = 5.7468e-01 | FW gap = 3.7695e-02 | min = 3.7695e-02 |
  IP pricing time: 246.4257 s (solve 246.4235 s, gurobi.runtime 246.3867 s)
Iter 82 | error = 16.106117 | best_score = 5.2179e-01 | FW gap = 3.4061e-02 | min = 3.4061e-02 |
  IP pricing time: 369.3287 s (solve 369.3264 s, gurobi.runtime 369.2998 s)
Iter 83 | error = 16.099985 | best_score = 5.4378e-01 | FW gap = 3.5588e-02 | min = 3.5588e-02 |
  IP pricing time: 295.6792 s (solve 295.6770 s, gurobi.runtime 295.6513 s)
Iter 84 | error = 16.095501 | best_score = 5.1433e-01 | FW gap = 3.3573e-02 | min = 3.3573e-02 |
  IP pricing time: 412.8885 s (solve 412.8863 s, gurobi.runtime 412.8613 s)
Iter 85 | error = 16.088623 | best_score = 4.5504e-01 | FW gap = 2.9543e-02 | min = 2.9543e-02 |
  IP pricing time: 375.0772 s (solve 375.0746 s, gurobi.runtime 375.0474 s)
Iter 86 | error = 16.083131 | best_score = 4.9568e-01 | FW gap = 3.2322e-02 | min = 3.2322e-02 |
  IP pricing time: 391.5743 s (solve 391.5721 s, gurobi.runtime 391.5403 s)
Iter 87 | error = 16.079825 | best_score = 4.6193e-01 | FW gap = 3.0028e-02 | min = 3.0028e-02 |
  IP pricing time: 414.5012 s (solve 414.4990 s, gurobi.runtime 414.4580 s)
Iter 88 | error = 16.075742 | best_score = 4.4426e-01 | FW gap = 2.8836e-02 | min = 2.8836e-02 |
  IP pricing time: 394.2307 s (solve 394.2285 s, gurobi.runtime 394.1975 s)
Iter 89 | error = 16.069324 | best_score = 4.3490e-01 | FW gap = 2.8215e-02 | min = 2.8215e-02 |
  IP pricing time: 386.1099 s (solve 386.1077 s, gurobi.runtime 386.0759 s)
Iter 90 | error = 16.066233 | best_score = 4.5562e-01 | FW gap = 2.9625e-02 | min = 2.9625e-02 |
  IP pricing time: 371.6241 s (solve 371.6218 s, gurobi.runtime 371.5929 s)
Iter 91 | error = 16.061134 | best_score = 4.3578e-01 | FW gap = 2.8289e-02 | min = 2.8289e-02 |
  IP pricing time: 412.6061 s (solve 412.6039 s, gurobi.runtime 412.5775 s)
Iter 92 | error = 16.056959 | best_score = 3.9674e-01 | FW gap = 2.5663e-02 | min = 2.5663e-02 |
  IP pricing time: 305.8264 s (solve 305.8242 s, gurobi.runtime 305.7895 s)
Iter 93 | error = 16.053449 | best_score = 4.2523e-01 | FW gap = 2.7590e-02 | min = 2.7590e-02 |
  IP pricing time: 419.9072 s (solve 419.9050 s, gurobi.runtime 419.8756 s)
Iter 94 | error = 16.049292 | best_score = 3.9433e-01 | FW gap = 2.5514e-02 | min = 2.5514e-02 |
  IP pricing time: 413.2057 s (solve 413.2035 s, gurobi.runtime 413.1722 s)
Iter 95 | error = 16.044980 | best_score = 3.6724e-01 | FW gap = 2.3705e-02 | min = 2.3705e-02 |
  IP pricing time: 415.3092 s (solve 415.3070 s, gurobi.runtime 415.2733 s)
Iter 96 | error = 16.038474 | best_score = 4.0958e-01 | FW gap = 2.6559e-02 | min = 2.6559e-02 |
  IP pricing time: 325.1398 s (solve 325.1375 s, gurobi.runtime 325.1113 s)
Iter 97 | error = 16.033855 | best_score = 4.0260e-01 | FW gap = 2.6096e-02 | min = 2.6096e-02 |
  IP pricing time: 370.4161 s (solve 370.4134 s, gurobi.runtime 370.3923 s)
Iter 98 | error = 16.029674 | best_score = 4.1980e-01 | FW gap = 2.7265e-02 | min = 2.7265e-02 |
  IP pricing time: 394.8681 s (solve 394.8659 s, gurobi.runtime 394.8377 s)
Iter 99 | error = 16.024899 | best_score = 3.8786e-01 | FW gap = 2.5119e-02 | min = 2.5119e-02 |
  IP pricing time: 342.8184 s (solve 342.8162 s, gurobi.runtime 342.7931 s)
Iter 100 | error = 16.021558 | best_score = 4.1309e-01 | FW gap = 2.6825e-02 | min = 2.6825e-02 |
  IP pricing time: 398.3146 s (solve 398.3124 s, gurobi.runtime 398.2709 s)
Iter 101 | error = 16.019229 | best_score = 3.4632e-01 | FW gap = 2.2346e-02 | min = 2.2346e-02 |
  IP pricing time: 382.6542 s (solve 382.6520 s, gurobi.runtime 382.6260 s)
Iter 102 | error = 16.016332 | best_score = 3.2054e-01 | FW gap = 2.0635e-02 | min = 2.0635e-02 |
  IP pricing time: 339.2187 s (solve 339.2165 s, gurobi.runtime 339.1974 s)
Iter 103 | error = 16.012166 | best_score = 3.5961e-01 | FW gap = 2.3245e-02 | min = 2.3245e-02 |
  IP pricing time: 421.9092 s (solve 421.9070 s, gurobi.runtime 421.8677 s)
Iter 104 | error = 16.008257 | best_score = 2.9156e-01 | FW gap = 1.8726e-02 | min = 1.8726e-02 |
  IP pricing time: 434.4094 s (solve 434.4072 s, gurobi.runtime 434.3726 s)
Iter 105 | error = 16.002246 | best_score = 3.2814e-01 | FW gap = 2.1159e-02 | min = 2.1159e-02 |
  IP pricing time: 393.8549 s (solve 393.8527 s, gurobi.runtime 393.8221 s)
Iter 106 | error = 15.999653 | best_score = 2.9622e-01 | FW gap = 1.9045e-02 | min = 1.9045e-02 |
  IP pricing time: 496.7776 s (solve 496.7754 s, gurobi.runtime 496.7518 s)
Iter 107 | error = 15.996402 | best_score = 2.8698e-01 | FW gap = 1.8438e-02 | min = 1.8438e-02 |
  IP pricing time: 498.6757 s (solve 498.6735 s, gurobi.runtime 498.6477 s)
Iter 108 | error = 15.994070 | best_score = 3.0427e-01 | FW gap = 1.9584e-02 | min = 1.9584e-02 |
  IP pricing time: 389.6079 s (solve 389.6057 s, gurobi.runtime 389.5809 s)
Iter 109 | error = 15.989640 | best_score = 3.0084e-01 | FW gap = 1.9363e-02 | min = 1.9363e-02 |
  IP pricing time: 428.5721 s (solve 428.5699 s, gurobi.runtime 428.5385 s)
Iter 110 | error = 15.986835 | best_score = 3.3471e-01 | FW gap = 2.1618e-02 | min = 2.1618e-02 |
  IP pricing time: 451.5196 s (solve 451.5174 s, gurobi.runtime 451.4794 s)
Iter 111 | error = 15.983924 | best_score = 2.8251e-01 | FW gap = 1.8157e-02 | min = 1.8157e-02 |
  IP pricing time: 462.0640 s (solve 462.0618 s, gurobi.runtime 462.0259 s)
Iter 112 | error = 15.981620 | best_score = 2.6685e-01 | FW gap = 1.7127e-02 | min = 1.7127e-02 |
  IP pricing time: 549.5428 s (solve 549.5406 s, gurobi.runtime 549.5059 s)
Iter 113 | error = 15.979886 | best_score = 2.5033e-01 | FW gap = 1.6043e-02 | min = 1.6043e-02 |
  IP pricing time: 539.3251 s (solve 539.3229 s, gurobi.runtime 539.2901 s)
Iter 114 | error = 15.978076 | best_score = 2.4838e-01 | FW gap = 1.5917e-02 | min = 1.5917e-02 |
  IP pricing time: 599.4983 s (solve 599.4961 s, gurobi.runtime 599.4597 s)
Iter 115 | error = 15.976872 | best_score = 2.5601e-01 | FW gap = 1.6420e-02 | min = 1.6420e-02 |
  IP pricing time: 590.3019 s (solve 590.2996 s, gurobi.runtime 590.2755 s)
Iter 116 | error = 15.975078 | best_score = 2.4456e-01 | FW gap = 1.5669e-02 | min = 1.5669e-02 |
  IP pricing time: 409.5828 s (solve 409.5805 s, gurobi.runtime 409.5562 s)
Iter 117 | error = 15.972752 | best_score = 2.6782e-01 | FW gap = 1.7201e-02 | min = 1.7201e-02 |
  IP pricing time: 462.7437 s (solve 462.7415 s, gurobi.runtime 462.7093 s)
Iter 118 | error = 15.970252 | best_score = 2.6127e-01 | FW gap = 1.6772e-02 | min = 1.6772e-02 |
  IP pricing time: 581.4848 s (solve 581.4826 s, gurobi.runtime 581.4488 s)
Iter 119 | error = 15.968380 | best_score = 2.4952e-01 | FW gap = 1.6002e-02 | min = 1.6002e-02 |
  IP pricing time: 446.8930 s (solve 446.8908 s, gurobi.runtime 446.8619 s)
Iter 120 | error = 15.966445 | best_score = 2.4959e-01 | FW gap = 1.6009e-02 | min = 1.6009e-02 |
  IP pricing time: 450.2740 s (solve 450.2718 s, gurobi.runtime 450.2326 s)
Iter 121 | error = 15.964776 | best_score = 2.6410e-01 | FW gap = 1.6965e-02 | min = 1.6965e-02 |
  IP pricing time: 462.3367 s (solve 462.3344 s, gurobi.runtime 462.3052 s)
Iter 122 | error = 15.962547 | best_score = 2.3220e-01 | FW gap = 1.4872e-02 | min = 1.4872e-02 |
  IP pricing time: 485.7102 s (solve 485.7080 s, gurobi.runtime 485.6645 s)
Iter 123 | error = 15.960771 | best_score = 2.4360e-01 | FW gap = 1.5621e-02 | min = 1.5621e-02 |
  IP pricing time: 493.2258 s (solve 493.2236 s, gurobi.runtime 493.1989 s)
Iter 124 | error = 15.958458 | best_score = 2.5760e-01 | FW gap = 1.6544e-02 | min = 1.6544e-02 |
  IP pricing time: 489.4492 s (solve 489.4469 s, gurobi.runtime 489.4182 s)
Iter 125 | error = 15.956632 | best_score = 2.4254e-01 | FW gap = 1.5555e-02 | min = 1.5555e-02 |
  IP pricing time: 458.9494 s (solve 458.9472 s, gurobi.runtime 458.9099 s)
Iter 126 | error = 15.954591 | best_score = 2.4133e-01 | FW gap = 1.5478e-02 | min = 1.5478e-02 |
  IP pricing time: 524.2012 s (solve 524.1991 s, gurobi.runtime 524.1726 s)
Iter 127 | error = 15.952897 | best_score = 2.4025e-01 | FW gap = 1.5409e-02 | min = 1.5409e-02 |
  IP pricing time: 414.4823 s (solve 414.4801 s, gurobi.runtime 414.4404 s)
Iter 128 | error = 15.950151 | best_score = 2.7594e-01 | FW gap = 1.7763e-02 | min = 1.7763e-02 |
  IP pricing time: 518.8635 s (solve 518.8613 s, gurobi.runtime 518.8326 s)
Iter 129 | error = 15.948254 | best_score = 2.3882e-01 | FW gap = 1.5319e-02 | min = 1.5319e-02 |
  IP pricing time: 504.8819 s (solve 504.8796 s, gurobi.runtime 504.8247 s)
Iter 130 | error = 15.946277 | best_score = 2.4048e-01 | FW gap = 1.5431e-02 | min = 1.5431e-02 |
  IP pricing time: 501.6851 s (solve 501.6830 s, gurobi.runtime 501.6583 s)
Iter 131 | error = 15.943677 | best_score = 2.2661e-01 | FW gap = 1.4524e-02 | min = 1.4524e-02 |
  IP pricing time: 456.1028 s (solve 456.1005 s, gurobi.runtime 456.0826 s)
Iter 132 | error = 15.942311 | best_score = 2.0707e-01 | FW gap = 1.3247e-02 | min = 1.3247e-02 |
  IP pricing time: 585.5095 s (solve 585.5073 s, gurobi.runtime 585.4754 s)
Iter 133 | error = 15.940897 | best_score = 1.9873e-01 | FW gap = 1.2705e-02 | min = 1.2705e-02 |
  IP pricing time: 484.0431 s (solve 484.0409 s, gurobi.runtime 484.0158 s)
Iter 134 | error = 15.939772 | best_score = 1.9821e-01 | FW gap = 1.2672e-02 | min = 1.2672e-02 |
  IP pricing time: 503.2789 s (solve 503.2767 s, gurobi.runtime 503.2422 s)
Iter 135 | error = 15.938462 | best_score = 1.9490e-01 | FW gap = 1.2457e-02 | min = 1.2457e-02 |
  IP pricing time: 461.2527 s (solve 461.2505 s, gurobi.runtime 461.2205 s)
Iter 136 | error = 15.937153 | best_score = 2.2305e-01 | FW gap = 1.4296e-02 | min = 1.4296e-02 |
  IP pricing time: 591.4339 s (solve 591.4316 s, gurobi.runtime 591.4093 s)
Iter 137 | error = 15.935712 | best_score = 2.0208e-01 | FW gap = 1.2928e-02 | min = 1.2928e-02 |
  IP pricing time: 529.3480 s (solve 529.3458 s, gurobi.runtime 529.3110 s)
Iter 138 | error = 15.934174 | best_score = 1.7587e-01 | FW gap = 1.1223e-02 | min = 1.1223e-02 |
  IP pricing time: 576.8930 s (solve 576.8908 s, gurobi.runtime 576.8613 s)
Iter 139 | error = 15.933174 | best_score = 1.6423e-01 | FW gap = 1.0470e-02 | min = 1.0470e-02 |
  IP pricing time: 526.4946 s (solve 526.4924 s, gurobi.runtime 526.4644 s)
Iter 140 | error = 15.932274 | best_score = 1.8895e-01 | FW gap = 1.2075e-02 | min = 1.2075e-02 |
  IP pricing time: 547.1427 s (solve 547.1405 s, gurobi.runtime 547.1162 s)
Iter 141 | error = 15.931303 | best_score = 1.7449e-01 | FW gap = 1.1136e-02 | min = 1.1136e-02 |
  IP pricing time: 532.0980 s (solve 532.0958 s, gurobi.runtime 532.0630 s)
Iter 142 | error = 15.930313 | best_score = 1.7879e-01 | FW gap = 1.1416e-02 | min = 1.1416e-02 |
  IP pricing time: 564.5993 s (solve 564.5971 s, gurobi.runtime 564.5666 s)
Iter 143 | error = 15.929462 | best_score = 1.6629e-01 | FW gap = 1.0605e-02 | min = 1.0605e-02 |
  IP pricing time: 579.1246 s (solve 579.1224 s, gurobi.runtime 579.0870 s)
Iter 144 | error = 15.927874 | best_score = 1.5870e-01 | FW gap = 1.0115e-02 | min = 1.0115e-02 |
  IP pricing time: 716.9270 s (solve 716.9247 s, gurobi.runtime 716.8963 s)
Iter 145 | error = 15.926799 | best_score = 1.7643e-01 | FW gap = 1.1265e-02 | min = 1.1265e-02 |
  IP pricing time: 572.6578 s (solve 572.6556 s, gurobi.runtime 572.6290 s)
Iter 146 | error = 15.925363 | best_score = 1.7411e-01 | FW gap = 1.1116e-02 | min = 1.1116e-02 |
  IP pricing time: 592.3212 s (solve 592.3189 s, gurobi.runtime 592.2949 s)
Iter 147 | error = 15.924063 | best_score = 1.7021e-01 | FW gap = 1.0863e-02 | min = 1.0863e-02 |
  IP pricing time: 520.5460 s (solve 520.5437 s, gurobi.runtime 520.5218 s)
Iter 148 | error = 15.923069 | best_score = 1.6940e-01 | FW gap = 1.0812e-02 | min = 1.0812e-02 |
  IP pricing time: 539.3252 s (solve 539.3230 s, gurobi.runtime 539.2898 s)
Iter 149 | error = 15.921929 | best_score = 1.7368e-01 | FW gap = 1.1090e-02 | min = 1.1090e-02 |
  IP pricing time: 456.9383 s (solve 456.9361 s, gurobi.runtime 456.9019 s)
Iter 150 | error = 15.920536 | best_score = 1.5768e-01 | FW gap = 1.0054e-02 | min = 1.0054e-02 |
  IP pricing time: 520.1279 s (solve 520.1254 s, gurobi.runtime 520.0850 s)
Iter 151 | error = 15.919563 | best_score = 1.5659e-01 | FW gap = 9.9836e-03 | min = 9.9836e-03 |
Convergence Criterion Achieved (min(best_score, FW gap) = 9.9836e-03 < tol 1.0000e-02)
  CG_IP  status=ok  error=1.591956e+01  total=39397.29s  iters=151  IP_calls=151  build=0.01s  solve_tot=39393.52s  gur_tot=39389.17s

========================================================
[3/5] n = 28, seed = 3  (all binary menus)
========================================================
[fractions mode] counts(s) = round(frac(s) * C(n,s))  (total 378 menus).
Generating fake data for n=28 alternatives, 378 menus (Dirichlet probs)...
Generated 756 rows from 378 menus (378 unique).
Menu size distribution actually drawn:
  size 2: 378 menus (100.0%)

n = 28 | 756 observations | 378 unique menus | menu sizes 2..2

  -- CG_IP --  (budget: 604800.0 s)
Starting column generation with 1 initial columns...
Pricing mode: IP
Generating choice sets only (rankings built on-demand)...
Using 756 provided choice sets
✓ 756 choice sets generated (no ranking enumeration needed)

B_IP_pricing_build: 0.00s (nvars=784, ncons=6930)
  IP pricing time: 0.0589 s (solve 0.0571 s, gurobi.runtime 0.0297 s)
Iter 1 | error = 235.353308 | best_score = 3.5764e+02 | FW gap = Inf | min = 3.5764e+02 |
  IP pricing time: 0.4685 s (solve 0.4668 s, gurobi.runtime 0.4401 s)
Iter 2 | error = 66.169329 | best_score = 4.6814e+01 | FW gap = Inf | min = 4.6814e+01 |
  IP pricing time: 0.6526 s (solve 0.6509 s, gurobi.runtime 0.6375 s)
Iter 3 | error = 54.253028 | best_score = 3.8593e+01 | FW gap = Inf | min = 3.8593e+01 |
  IP pricing time: 0.2065 s (solve 0.2049 s, gurobi.runtime 0.1897 s)
Iter 4 | error = 46.118135 | best_score = 3.9608e+01 | FW gap = Inf | min = 3.9608e+01 |
  IP pricing time: 0.2356 s (solve 0.2339 s, gurobi.runtime 0.2250 s)
Iter 5 | error = 36.637918 | best_score = 3.4897e+01 | FW gap = Inf | min = 3.4897e+01 |
  IP pricing time: 0.4167 s (solve 0.4149 s, gurobi.runtime 0.4005 s)
Iter 6 | error = 30.576757 | best_score = 2.2707e+01 | FW gap = Inf | min = 2.2707e+01 |
  IP pricing time: 1.7300 s (solve 1.7280 s, gurobi.runtime 1.7145 s)
Iter 7 | error = 28.223587 | best_score = 1.6420e+01 | FW gap = Inf | min = 1.6420e+01 |
  IP pricing time: 0.4097 s (solve 0.4080 s, gurobi.runtime 0.3831 s)
Iter 8 | error = 26.849173 | best_score = 1.5552e+01 | FW gap = Inf | min = 1.5552e+01 |
  IP pricing time: 0.8434 s (solve 0.8417 s, gurobi.runtime 0.8165 s)
Iter 9 | error = 25.511940 | best_score = 1.3130e+01 | FW gap = Inf | min = 1.3130e+01 |
  IP pricing time: 1.9754 s (solve 1.9737 s, gurobi.runtime 1.9634 s)
Iter 10 | error = 24.443928 | best_score = 1.0017e+01 | FW gap = 1.3543e+00 | min = 1.3543e+00 |
  IP pricing time: 2.5388 s (solve 2.5372 s, gurobi.runtime 2.5171 s)
Iter 11 | error = 23.830548 | best_score = 8.0315e+00 | FW gap = 7.5157e-01 | min = 7.5157e-01 |
  IP pricing time: 8.0929 s (solve 8.0911 s, gurobi.runtime 8.0709 s)
Iter 12 | error = 23.471464 | best_score = 6.2983e+00 | FW gap = 4.6913e-01 | min = 4.6913e-01 |
  IP pricing time: 4.3794 s (solve 4.3775 s, gurobi.runtime 4.3571 s)
Iter 13 | error = 23.221632 | best_score = 6.7171e+00 | FW gap = 5.4033e-01 | min = 5.4033e-01 |
  IP pricing time: 4.1773 s (solve 4.1755 s, gurobi.runtime 4.1497 s)
Iter 14 | error = 22.918959 | best_score = 7.1535e+00 | FW gap = 6.3135e-01 | min = 6.3135e-01 |
  IP pricing time: 6.2204 s (solve 6.2187 s, gurobi.runtime 6.1772 s)
Iter 15 | error = 22.511475 | best_score = 5.6767e+00 | FW gap = 4.2039e-01 | min = 4.2039e-01 |
  IP pricing time: 22.3009 s (solve 22.2991 s, gurobi.runtime 22.2879 s)
Iter 16 | error = 22.271672 | best_score = 5.2047e+00 | FW gap = 3.7022e-01 | min = 3.7022e-01 |
  IP pricing time: 7.1866 s (solve 7.1847 s, gurobi.runtime 7.1630 s)
Iter 17 | error = 22.059389 | best_score = 5.3081e+00 | FW gap = 3.8843e-01 | min = 3.8843e-01 |
  IP pricing time: 12.9641 s (solve 12.9621 s, gurobi.runtime 12.9284 s)
Iter 18 | error = 21.851997 | best_score = 4.7266e+00 | FW gap = 3.2756e-01 | min = 3.2756e-01 |
  IP pricing time: 12.0691 s (solve 12.0669 s, gurobi.runtime 12.0387 s)
Iter 19 | error = 21.695904 | best_score = 4.3048e+00 | FW gap = 2.8760e-01 | min = 2.8760e-01 |
  IP pricing time: 20.6228 s (solve 20.6205 s, gurobi.runtime 20.5889 s)
Iter 20 | error = 21.571322 | best_score = 3.7006e+00 | FW gap = 2.3382e-01 | min = 2.3382e-01 |
  IP pricing time: 21.4730 s (solve 21.4707 s, gurobi.runtime 21.4424 s)
Iter 21 | error = 21.457800 | best_score = 3.6481e+00 | FW gap = 2.3094e-01 | min = 2.3094e-01 |
  IP pricing time: 13.8786 s (solve 13.8762 s, gurobi.runtime 13.8529 s)
Iter 22 | error = 21.349299 | best_score = 3.8557e+00 | FW gap = 2.5117e-01 | min = 2.5117e-01 |
  IP pricing time: 14.8065 s (solve 14.8043 s, gurobi.runtime 14.7817 s)
Iter 23 | error = 21.229932 | best_score = 3.8779e+00 | FW gap = 2.5523e-01 | min = 2.5523e-01 |
  IP pricing time: 25.6509 s (solve 25.6487 s, gurobi.runtime 25.6258 s)
Iter 24 | error = 21.091295 | best_score = 3.5903e+00 | FW gap = 2.3133e-01 | min = 2.3133e-01 |
  IP pricing time: 8.2598 s (solve 8.2577 s, gurobi.runtime 8.2382 s)
Iter 25 | error = 20.981242 | best_score = 3.9616e+00 | FW gap = 2.6758e-01 | min = 2.6758e-01 |
  IP pricing time: 21.8993 s (solve 21.8972 s, gurobi.runtime 21.8713 s)
Iter 26 | error = 20.825772 | best_score = 3.0897e+00 | FW gap = 1.9244e-01 | min = 1.9244e-01 |
  IP pricing time: 24.1490 s (solve 24.1466 s, gurobi.runtime 24.1215 s)
Iter 27 | error = 20.731071 | best_score = 2.9665e+00 | FW gap = 1.8361e-01 | min = 1.8361e-01 |
  IP pricing time: 25.1364 s (solve 25.1342 s, gurobi.runtime 25.1098 s)
Iter 28 | error = 20.652280 | best_score = 3.0235e+00 | FW gap = 1.8913e-01 | min = 1.8913e-01 |
  IP pricing time: 28.9589 s (solve 28.9568 s, gurobi.runtime 28.9219 s)
Iter 29 | error = 20.578765 | best_score = 2.9475e+00 | FW gap = 1.8383e-01 | min = 1.8383e-01 |
  IP pricing time: 31.7896 s (solve 31.7876 s, gurobi.runtime 31.7648 s)
Iter 30 | error = 20.497888 | best_score = 2.7229e+00 | FW gap = 1.6696e-01 | min = 1.6696e-01 |
  IP pricing time: 75.5601 s (solve 75.5579 s, gurobi.runtime 75.5261 s)
Iter 31 | error = 20.427652 | best_score = 2.3041e+00 | FW gap = 1.3636e-01 | min = 1.3636e-01 |
  IP pricing time: 37.2093 s (solve 37.2071 s, gurobi.runtime 37.1772 s)
Iter 32 | error = 20.362588 | best_score = 2.3589e+00 | FW gap = 1.4086e-01 | min = 1.4086e-01 |
  IP pricing time: 78.2226 s (solve 78.2204 s, gurobi.runtime 78.1979 s)
Iter 33 | error = 20.304184 | best_score = 2.0293e+00 | FW gap = 1.1795e-01 | min = 1.1795e-01 |
  IP pricing time: 78.7182 s (solve 78.7160 s, gurobi.runtime 78.6887 s)
Iter 34 | error = 20.256235 | best_score = 2.1330e+00 | FW gap = 1.2551e-01 | min = 1.2551e-01 |
  IP pricing time: 36.4778 s (solve 36.4757 s, gurobi.runtime 36.4439 s)
Iter 35 | error = 20.194813 | best_score = 2.3561e+00 | FW gap = 1.4208e-01 | min = 1.4208e-01 |
  IP pricing time: 100.0441 s (solve 100.0420 s, gurobi.runtime 100.0139 s)
Iter 36 | error = 20.142012 | best_score = 1.9985e+00 | FW gap = 1.1695e-01 | min = 1.1695e-01 |
  IP pricing time: 99.6519 s (solve 99.6495 s, gurobi.runtime 99.6270 s)
Iter 37 | error = 20.091838 | best_score = 2.0260e+00 | FW gap = 1.1921e-01 | min = 1.1921e-01 |
  IP pricing time: 45.7515 s (solve 45.7494 s, gurobi.runtime 45.7169 s)
Iter 38 | error = 20.051201 | best_score = 2.0368e+00 | FW gap = 1.2025e-01 | min = 1.2025e-01 |
  IP pricing time: 31.9034 s (solve 31.9012 s, gurobi.runtime 31.8740 s)
Iter 39 | error = 20.006632 | best_score = 2.0927e+00 | FW gap = 1.2452e-01 | min = 1.2452e-01 |
  IP pricing time: 53.2267 s (solve 53.2246 s, gurobi.runtime 53.1952 s)
Iter 40 | error = 19.960747 | best_score = 1.9058e+00 | FW gap = 1.1177e-01 | min = 1.1177e-01 |
  IP pricing time: 33.5872 s (solve 33.5850 s, gurobi.runtime 33.5569 s)
Iter 41 | error = 19.907482 | best_score = 2.1205e+00 | FW gap = 1.2725e-01 | min = 1.2725e-01 |
  IP pricing time: 53.9300 s (solve 53.9278 s, gurobi.runtime 53.9008 s)
Iter 42 | error = 19.859550 | best_score = 1.8572e+00 | FW gap = 1.0908e-01 | min = 1.0908e-01 |
  IP pricing time: 92.9839 s (solve 92.9816 s, gurobi.runtime 92.9568 s)
Iter 43 | error = 19.808319 | best_score = 1.7432e+00 | FW gap = 1.0164e-01 | min = 1.0164e-01 |
  IP pricing time: 145.7692 s (solve 145.7670 s, gurobi.runtime 145.7307 s)
Iter 44 | error = 19.766830 | best_score = 1.5676e+00 | FW gap = 9.0185e-02 | min = 9.0185e-02 |
  IP pricing time: 107.3673 s (solve 107.3651 s, gurobi.runtime 107.3342 s)
Iter 45 | error = 19.728177 | best_score = 1.7547e+00 | FW gap = 1.0289e-01 | min = 1.0289e-01 |
  IP pricing time: 90.5006 s (solve 90.4985 s, gurobi.runtime 90.4694 s)
Iter 46 | error = 19.687399 | best_score = 1.7343e+00 | FW gap = 1.0176e-01 | min = 1.0176e-01 |
  IP pricing time: 62.8595 s (solve 62.8574 s, gurobi.runtime 62.8203 s)
Iter 47 | error = 19.641520 | best_score = 1.7497e+00 | FW gap = 1.0308e-01 | min = 1.0308e-01 |
  IP pricing time: 76.2536 s (solve 76.2514 s, gurobi.runtime 76.2062 s)
Iter 48 | error = 19.594560 | best_score = 1.7320e+00 | FW gap = 1.0216e-01 | min = 1.0216e-01 |
  IP pricing time: 76.4670 s (solve 76.4647 s, gurobi.runtime 76.4330 s)
Iter 49 | error = 19.568737 | best_score = 1.6636e+00 | FW gap = 9.7658e-02 | min = 9.7658e-02 |
  IP pricing time: 48.3388 s (solve 48.3365 s, gurobi.runtime 48.3011 s)
Iter 50 | error = 19.540725 | best_score = 1.6982e+00 | FW gap = 1.0017e-01 | min = 1.0017e-01 |
  IP pricing time: 91.9051 s (solve 91.9028 s, gurobi.runtime 91.8739 s)
Iter 51 | error = 19.503833 | best_score = 1.4550e+00 | FW gap = 8.4142e-02 | min = 8.4142e-02 |
  IP pricing time: 133.7126 s (solve 133.7104 s, gurobi.runtime 133.6863 s)
Iter 52 | error = 19.472973 | best_score = 1.1652e+00 | FW gap = 6.5804e-02 | min = 6.5804e-02 |
  IP pricing time: 104.2620 s (solve 104.2598 s, gurobi.runtime 104.2206 s)
Iter 53 | error = 19.444747 | best_score = 1.4395e+00 | FW gap = 8.3416e-02 | min = 8.3416e-02 |
  IP pricing time: 107.1030 s (solve 107.1006 s, gurobi.runtime 107.0687 s)
Iter 54 | error = 19.421531 | best_score = 1.2019e+00 | FW gap = 6.8297e-02 | min = 6.8297e-02 |
  IP pricing time: 340.2501 s (solve 340.2480 s, gurobi.runtime 340.2180 s)
Iter 55 | error = 19.399920 | best_score = 1.0760e+00 | FW gap = 6.0553e-02 | min = 6.0553e-02 |
  IP pricing time: 347.9586 s (solve 347.9565 s, gurobi.runtime 347.9297 s)
Iter 56 | error = 19.386966 | best_score = 9.4385e-01 | FW gap = 5.2556e-02 | min = 5.2556e-02 |
  IP pricing time: 325.0417 s (solve 325.0395 s, gurobi.runtime 325.0100 s)
Iter 57 | error = 19.377206 | best_score = 9.2947e-01 | FW gap = 5.1720e-02 | min = 5.1720e-02 |
  IP pricing time: 518.5610 s (solve 518.5588 s, gurobi.runtime 518.5276 s)
Iter 58 | error = 19.360834 | best_score = 8.8746e-01 | FW gap = 4.9251e-02 | min = 4.9251e-02 |
  IP pricing time: 366.3847 s (solve 366.3826 s, gurobi.runtime 366.3465 s)
Iter 59 | error = 19.350010 | best_score = 8.6403e-01 | FW gap = 4.7885e-02 | min = 4.7885e-02 |
  IP pricing time: 367.4744 s (solve 367.4723 s, gurobi.runtime 367.4431 s)
Iter 60 | error = 19.339933 | best_score = 9.3560e-01 | FW gap = 5.2197e-02 | min = 5.2197e-02 |
  IP pricing time: 375.0072 s (solve 375.0051 s, gurobi.runtime 374.9692 s)
Iter 61 | error = 19.329808 | best_score = 8.1276e-01 | FW gap = 4.4899e-02 | min = 4.4899e-02 |
  IP pricing time: 415.0412 s (solve 415.0390 s, gurobi.runtime 415.0079 s)
Iter 62 | error = 19.319433 | best_score = 7.6034e-01 | FW gap = 4.1843e-02 | min = 4.1843e-02 |
  IP pricing time: 380.3031 s (solve 380.3010 s, gurobi.runtime 380.2651 s)
Iter 63 | error = 19.306945 | best_score = 7.9363e-01 | FW gap = 4.3828e-02 | min = 4.3828e-02 |
  IP pricing time: 426.3953 s (solve 426.3932 s, gurobi.runtime 426.3567 s)
Iter 64 | error = 19.296459 | best_score = 7.8062e-01 | FW gap = 4.3087e-02 | min = 4.3087e-02 |
  IP pricing time: 343.5564 s (solve 343.5543 s, gurobi.runtime 343.5247 s)
Iter 65 | error = 19.286420 | best_score = 8.6287e-01 | FW gap = 4.7985e-02 | min = 4.7985e-02 |
  IP pricing time: 386.1492 s (solve 386.1471 s, gurobi.runtime 386.1259 s)
Iter 66 | error = 19.275104 | best_score = 7.8651e-01 | FW gap = 4.3485e-02 | min = 4.3485e-02 |
  IP pricing time: 451.3752 s (solve 451.3731 s, gurobi.runtime 451.3317 s)
Iter 67 | error = 19.268200 | best_score = 7.2894e-01 | FW gap = 4.0123e-02 | min = 4.0123e-02 |
  IP pricing time: 381.0524 s (solve 381.0502 s, gurobi.runtime 381.0106 s)
Iter 68 | error = 19.256503 | best_score = 7.3853e-01 | FW gap = 4.0710e-02 | min = 4.0710e-02 |
  IP pricing time: 415.9233 s (solve 415.9211 s, gurobi.runtime 415.8902 s)
Iter 69 | error = 19.247659 | best_score = 6.3540e-01 | FW gap = 3.4742e-02 | min = 3.4742e-02 |
  IP pricing time: 435.2313 s (solve 435.2291 s, gurobi.runtime 435.1915 s)
Iter 70 | error = 19.239017 | best_score = 5.6939e-01 | FW gap = 3.0978e-02 | min = 3.0978e-02 |
  IP pricing time: 426.8082 s (solve 426.8060 s, gurobi.runtime 426.7935 s)
Iter 71 | error = 19.233089 | best_score = 5.8767e-01 | FW gap = 3.2031e-02 | min = 3.2031e-02 |
  IP pricing time: 450.9022 s (solve 450.9000 s, gurobi.runtime 450.8705 s)
Iter 72 | error = 19.226837 | best_score = 5.4126e-01 | FW gap = 2.9399e-02 | min = 2.9399e-02 |
  IP pricing time: 531.0783 s (solve 531.0761 s, gurobi.runtime 531.0393 s)
Iter 73 | error = 19.218139 | best_score = 5.1452e-01 | FW gap = 2.7898e-02 | min = 2.7898e-02 |
  IP pricing time: 402.0098 s (solve 402.0075 s, gurobi.runtime 401.9732 s)
Iter 74 | error = 19.213309 | best_score = 5.4019e-01 | FW gap = 2.9360e-02 | min = 2.9360e-02 |
  IP pricing time: 429.3170 s (solve 429.3148 s, gurobi.runtime 429.2862 s)
Iter 75 | error = 19.209007 | best_score = 5.1160e-01 | FW gap = 2.7747e-02 | min = 2.7747e-02 |
  IP pricing time: 626.0262 s (solve 626.0240 s, gurobi.runtime 625.9907 s)
Iter 76 | error = 19.203501 | best_score = 4.4741e-01 | FW gap = 2.4146e-02 | min = 2.4146e-02 |
  IP pricing time: 556.1546 s (solve 556.1524 s, gurobi.runtime 556.1197 s)
Iter 77 | error = 19.195388 | best_score = 4.9659e-01 | FW gap = 2.6920e-02 | min = 2.6920e-02 |
  IP pricing time: 417.1839 s (solve 417.1817 s, gurobi.runtime 417.1550 s)
Iter 78 | error = 19.190599 | best_score = 5.1523e-01 | FW gap = 2.7980e-02 | min = 2.7980e-02 |
  IP pricing time: 582.1062 s (solve 582.1040 s, gurobi.runtime 582.0894 s)
Iter 79 | error = 19.185933 | best_score = 4.7213e-01 | FW gap = 2.5556e-02 | min = 2.5556e-02 |
  IP pricing time: 565.6637 s (solve 565.6614 s, gurobi.runtime 565.6188 s)
Iter 80 | error = 19.180053 | best_score = 5.0894e-01 | FW gap = 2.7640e-02 | min = 2.7640e-02 |
  IP pricing time: 774.3203 s (solve 774.3180 s, gurobi.runtime 774.2759 s)
Iter 81 | error = 19.176256 | best_score = 4.4867e-01 | FW gap = 2.4252e-02 | min = 2.4252e-02 |
  IP pricing time: 584.3779 s (solve 584.3757 s, gurobi.runtime 584.3444 s)
Iter 82 | error = 19.173211 | best_score = 4.5218e-01 | FW gap = 2.4453e-02 | min = 2.4453e-02 |
  IP pricing time: 797.8104 s (solve 797.8082 s, gurobi.runtime 797.7770 s)
Iter 83 | error = 19.168832 | best_score = 3.6763e-01 | FW gap = 1.9749e-02 | min = 1.9749e-02 |
  IP pricing time: 702.9182 s (solve 702.9159 s, gurobi.runtime 702.8789 s)
Iter 84 | error = 19.166537 | best_score = 4.1468e-01 | FW gap = 2.2364e-02 | min = 2.2364e-02 |
  IP pricing time: 635.2284 s (solve 635.2261 s, gurobi.runtime 635.1912 s)
Iter 85 | error = 19.162621 | best_score = 4.2325e-01 | FW gap = 2.2847e-02 | min = 2.2847e-02 |
  IP pricing time: 768.0299 s (solve 768.0272 s, gurobi.runtime 767.9924 s)
Iter 86 | error = 19.159556 | best_score = 3.7630e-01 | FW gap = 2.0239e-02 | min = 2.0239e-02 |
  IP pricing time: 703.2828 s (solve 703.2806 s, gurobi.runtime 703.2496 s)
Iter 87 | error = 19.156871 | best_score = 4.3124e-01 | FW gap = 2.3301e-02 | min = 2.3301e-02 |
  IP pricing time: 634.5187 s (solve 634.5165 s, gurobi.runtime 634.4785 s)
Iter 88 | error = 19.152120 | best_score = 4.2371e-01 | FW gap = 2.2886e-02 | min = 2.2886e-02 |
  IP pricing time: 908.3255 s (solve 908.3233 s, gurobi.runtime 908.2837 s)
Iter 89 | error = 19.145976 | best_score = 3.4293e-01 | FW gap = 1.8407e-02 | min = 1.8407e-02 |
  IP pricing time: 988.9235 s (solve 988.9212 s, gurobi.runtime 988.8907 s)
Iter 90 | error = 19.142568 | best_score = 3.2802e-01 | FW gap = 1.7589e-02 | min = 1.7589e-02 |
  IP pricing time: 902.9185 s (solve 902.9163 s, gurobi.runtime 902.8693 s)
Iter 91 | error = 19.140437 | best_score = 3.4922e-01 | FW gap = 1.8760e-02 | min = 1.8760e-02 |
  IP pricing time: 873.2680 s (solve 873.2657 s, gurobi.runtime 873.2297 s)
Iter 92 | error = 19.137278 | best_score = 3.5940e-01 | FW gap = 1.9326e-02 | min = 1.9326e-02 |
  IP pricing time: 805.8524 s (solve 805.8502 s, gurobi.runtime 805.8152 s)
Iter 93 | error = 19.134711 | best_score = 3.5318e-01 | FW gap = 1.8985e-02 | min = 1.8985e-02 |
  IP pricing time: 813.7964 s (solve 813.7938 s, gurobi.runtime 813.7558 s)
Iter 94 | error = 19.131935 | best_score = 2.9352e-01 | FW gap = 1.5704e-02 | min = 1.5704e-02 |
  IP pricing time: 830.0449 s (solve 830.0427 s, gurobi.runtime 830.0067 s)
Iter 95 | error = 19.129226 | best_score = 3.1290e-01 | FW gap = 1.6770e-02 | min = 1.6770e-02 |
  IP pricing time: 834.9006 s (solve 834.8984 s, gurobi.runtime 834.8658 s)
Iter 96 | error = 19.126838 | best_score = 2.8959e-01 | FW gap = 1.5493e-02 | min = 1.5493e-02 |
  IP pricing time: 744.8365 s (solve 744.8343 s, gurobi.runtime 744.7988 s)
Iter 97 | error = 19.124516 | best_score = 2.8826e-01 | FW gap = 1.5422e-02 | min = 1.5422e-02 |
  IP pricing time: 931.9505 s (solve 931.9482 s, gurobi.runtime 931.9030 s)
Iter 98 | error = 19.121269 | best_score = 2.8690e-01 | FW gap = 1.5350e-02 | min = 1.5350e-02 |
  IP pricing time: 1043.8597 s (solve 1043.8575 s, gurobi.runtime 1043.8174 s)
Iter 99 | error = 19.119043 | best_score = 2.6282e-01 | FW gap = 1.4036e-02 | min = 1.4036e-02 |
  IP pricing time: 1156.0699 s (solve 1156.0675 s, gurobi.runtime 1156.0250 s)
Iter 100 | error = 19.116591 | best_score = 2.7968e-01 | FW gap = 1.4959e-02 | min = 1.4959e-02 |
  IP pricing time: 845.4150 s (solve 845.4128 s, gurobi.runtime 845.3819 s)
Iter 101 | error = 19.113694 | best_score = 3.1154e-01 | FW gap = 1.6709e-02 | min = 1.6709e-02 |
  IP pricing time: 908.8405 s (solve 908.8383 s, gurobi.runtime 908.7962 s)
Iter 102 | error = 19.111287 | best_score = 2.6610e-01 | FW gap = 1.4221e-02 | min = 1.4221e-02 |
  IP pricing time: 1014.4662 s (solve 1014.4640 s, gurobi.runtime 1014.4270 s)
Iter 103 | error = 19.109530 | best_score = 2.7292e-01 | FW gap = 1.4595e-02 | min = 1.4595e-02 |
  IP pricing time: 854.7671 s (solve 854.7648 s, gurobi.runtime 854.7259 s)
Iter 104 | error = 19.106695 | best_score = 2.6643e-01 | FW gap = 1.4243e-02 | min = 1.4243e-02 |
  IP pricing time: 843.1617 s (solve 843.1594 s, gurobi.runtime 843.1225 s)
Iter 105 | error = 19.104376 | best_score = 2.6775e-01 | FW gap = 1.4317e-02 | min = 1.4317e-02 |
  IP pricing time: 754.1819 s (solve 754.1797 s, gurobi.runtime 754.1526 s)
Iter 106 | error = 19.102469 | best_score = 2.4361e-01 | FW gap = 1.3002e-02 | min = 1.3002e-02 |
  IP pricing time: 951.5514 s (solve 951.5490 s, gurobi.runtime 951.5163 s)
Iter 107 | error = 19.100724 | best_score = 2.4124e-01 | FW gap = 1.2874e-02 | min = 1.2874e-02 |
  IP pricing time: 1281.5284 s (solve 1281.5261 s, gurobi.runtime 1281.4919 s)
Iter 108 | error = 19.099180 | best_score = 1.9652e-01 | FW gap = 1.0451e-02 | min = 1.0451e-02 |
  IP pricing time: 928.7729 s (solve 928.7706 s, gurobi.runtime 928.7373 s)
Iter 109 | error = 19.097827 | best_score = 1.9622e-01 | FW gap = 1.0435e-02 | min = 1.0435e-02 |
  IP pricing time: 825.5442 s (solve 825.5415 s, gurobi.runtime 825.5059 s)
Iter 110 | error = 19.096589 | best_score = 2.4871e-01 | FW gap = 1.3284e-02 | min = 1.3284e-02 |
  IP pricing time: 846.7900 s (solve 846.7877 s, gurobi.runtime 846.7551 s)
Iter 111 | error = 19.094770 | best_score = 2.3126e-01 | FW gap = 1.2336e-02 | min = 1.2336e-02 |
  IP pricing time: 907.0380 s (solve 907.0358 s, gurobi.runtime 906.9990 s)
Iter 112 | error = 19.092185 | best_score = 2.4992e-01 | FW gap = 1.3353e-02 | min = 1.3353e-02 |
  IP pricing time: 901.4057 s (solve 901.4034 s, gurobi.runtime 901.3668 s)
Iter 113 | error = 19.090637 | best_score = 2.3200e-01 | FW gap = 1.2379e-02 | min = 1.2379e-02 |
  IP pricing time: 1172.6558 s (solve 1172.6533 s, gurobi.runtime 1172.6208 s)
Iter 114 | error = 19.088646 | best_score = 2.2111e-01 | FW gap = 1.1788e-02 | min = 1.1788e-02 |
  IP pricing time: 907.6125 s (solve 907.6102 s, gurobi.runtime 907.5697 s)
Iter 115 | error = 19.087282 | best_score = 2.3356e-01 | FW gap = 1.2466e-02 | min = 1.2466e-02 |
  IP pricing time: 1014.4604 s (solve 1014.4581 s, gurobi.runtime 1014.4217 s)
Iter 116 | error = 19.085677 | best_score = 2.5219e-01 | FW gap = 1.3482e-02 | min = 1.3482e-02 |
  IP pricing time: 1028.6170 s (solve 1028.6146 s, gurobi.runtime 1028.5718 s)
Iter 117 | error = 19.084075 | best_score = 2.1806e-01 | FW gap = 1.1626e-02 | min = 1.1626e-02 |
  IP pricing time: 1044.4534 s (solve 1044.4511 s, gurobi.runtime 1044.4308 s)
Iter 118 | error = 19.081736 | best_score = 2.1494e-01 | FW gap = 1.1458e-02 | min = 1.1458e-02 |
  IP pricing time: 1008.1295 s (solve 1008.1272 s, gurobi.runtime 1008.0901 s)
Iter 119 | error = 19.080601 | best_score = 2.0735e-01 | FW gap = 1.1047e-02 | min = 1.1047e-02 |
  IP pricing time: 854.3562 s (solve 854.3540 s, gurobi.runtime 854.3188 s)
Iter 120 | error = 19.079434 | best_score = 2.1292e-01 | FW gap = 1.1350e-02 | min = 1.1350e-02 |
  IP pricing time: 1048.6412 s (solve 1048.6388 s, gurobi.runtime 1048.6035 s)
Iter 121 | error = 19.078014 | best_score = 1.9238e-01 | FW gap = 1.0239e-02 | min = 1.0239e-02 |
  IP pricing time: 944.2055 s (solve 944.2032 s, gurobi.runtime 944.1641 s)
Iter 122 | error = 19.076918 | best_score = 1.9924e-01 | FW gap = 1.0611e-02 | min = 1.0611e-02 |
  IP pricing time: 960.0333 s (solve 960.0311 s, gurobi.runtime 959.9950 s)
Iter 123 | error = 19.075944 | best_score = 2.0367e-01 | FW gap = 1.0851e-02 | min = 1.0851e-02 |
  IP pricing time: 1053.0664 s (solve 1053.0640 s, gurobi.runtime 1053.0285 s)
Iter 124 | error = 19.074109 | best_score = 2.0206e-01 | FW gap = 1.0765e-02 | min = 1.0765e-02 |
  IP pricing time: 991.4823 s (solve 991.4800 s, gurobi.runtime 991.4444 s)
Iter 125 | error = 19.072664 | best_score = 1.8946e-01 | FW gap = 1.0084e-02 | min = 1.0084e-02 |
  IP pricing time: 1479.9968 s (solve 1479.9945 s, gurobi.runtime 1479.9599 s)
Iter 126 | error = 19.071313 | best_score = 1.5438e-01 | FW gap = 8.1947e-03 | min = 8.1947e-03 |
Convergence Criterion Achieved (min(best_score, FW gap) = 8.1947e-03 < tol 1.0000e-02)
  CG_IP  status=ok  error=1.907131e+01  total=55257.85s  iters=126  IP_calls=126  build=0.00s  solve_tot=55254.45s  gur_tot=55250.56s

========================================================
[4/5] n = 28, seed = 4  (all binary menus)
========================================================
[fractions mode] counts(s) = round(frac(s) * C(n,s))  (total 378 menus).
Generating fake data for n=28 alternatives, 378 menus (Dirichlet probs)...
Generated 756 rows from 378 menus (378 unique).
Menu size distribution actually drawn:
  size 2: 378 menus (100.0%)

n = 28 | 756 observations | 378 unique menus | menu sizes 2..2

  -- CG_IP --  (budget: 604800.0 s)
Starting column generation with 1 initial columns...
Pricing mode: IP
Generating choice sets only (rankings built on-demand)...
Using 756 provided choice sets
✓ 756 choice sets generated (no ranking enumeration needed)

B_IP_pricing_build: 0.00s (nvars=784, ncons=6930)
  IP pricing time: 0.0594 s (solve 0.0576 s, gurobi.runtime 0.0307 s)
Iter 1 | error = 262.025374 | best_score = 3.8610e+02 | FW gap = Inf | min = 3.8610e+02 |
  IP pricing time: 0.5312 s (solve 0.5294 s, gurobi.runtime 0.5010 s)
Iter 2 | error = 64.839266 | best_score = 4.6262e+01 | FW gap = Inf | min = 4.6262e+01 |
  IP pricing time: 0.5092 s (solve 0.5074 s, gurobi.runtime 0.4880 s)
Iter 3 | error = 53.461868 | best_score = 3.6537e+01 | FW gap = Inf | min = 3.6537e+01 |
  IP pricing time: 0.8416 s (solve 0.8399 s, gurobi.runtime 0.8199 s)
Iter 4 | error = 46.145325 | best_score = 3.6029e+01 | FW gap = Inf | min = 3.6029e+01 |
  IP pricing time: 0.1770 s (solve 0.1753 s, gurobi.runtime 0.1503 s)
Iter 5 | error = 38.241696 | best_score = 3.3972e+01 | FW gap = Inf | min = 3.3972e+01 |
  IP pricing time: 0.1035 s (solve 0.1017 s, gurobi.runtime 0.0831 s)
Iter 6 | error = 32.290296 | best_score = 2.7490e+01 | FW gap = Inf | min = 2.7490e+01 |
  IP pricing time: 1.3378 s (solve 1.3360 s, gurobi.runtime 1.3193 s)
Iter 7 | error = 29.024079 | best_score = 1.8150e+01 | FW gap = Inf | min = 1.8150e+01 |
  IP pricing time: 0.3579 s (solve 0.3562 s, gurobi.runtime 0.3358 s)
Iter 8 | error = 27.121631 | best_score = 1.4979e+01 | FW gap = Inf | min = 1.4979e+01 |
  IP pricing time: 2.0827 s (solve 2.0810 s, gurobi.runtime 2.0549 s)
Iter 9 | error = 25.829494 | best_score = 1.1941e+01 | FW gap = 2.6423e+00 | min = 2.6423e+00 |
  IP pricing time: 2.2701 s (solve 2.2683 s, gurobi.runtime 2.2471 s)
Iter 10 | error = 25.023251 | best_score = 1.0002e+01 | FW gap = 1.2327e+00 | min = 1.2327e+00 |
  IP pricing time: 2.5251 s (solve 2.5233 s, gurobi.runtime 2.5024 s)
Iter 11 | error = 24.428387 | best_score = 8.7083e+00 | FW gap = 8.6653e-01 | min = 8.6653e-01 |
  IP pricing time: 2.3475 s (solve 2.3457 s, gurobi.runtime 2.3250 s)
Iter 12 | error = 23.939982 | best_score = 8.1502e+00 | FW gap = 7.7021e-01 | min = 7.7021e-01 |
  IP pricing time: 1.5313 s (solve 1.5294 s, gurobi.runtime 1.5027 s)
Iter 13 | error = 23.453843 | best_score = 8.2377e+00 | FW gap = 8.3326e-01 | min = 8.3326e-01 |
  IP pricing time: 2.0179 s (solve 2.0158 s, gurobi.runtime 1.9903 s)
Iter 14 | error = 23.033574 | best_score = 7.5888e+00 | FW gap = 7.1229e-01 | min = 7.1229e-01 |
  IP pricing time: 3.4591 s (solve 3.4573 s, gurobi.runtime 3.4386 s)
Iter 15 | error = 22.651277 | best_score = 6.3892e+00 | FW gap = 5.1468e-01 | min = 5.1468e-01 |
  IP pricing time: 1.0727 s (solve 1.0710 s, gurobi.runtime 1.0492 s)
Iter 16 | error = 22.392338 | best_score = 6.8515e+00 | FW gap = 6.0530e-01 | min = 6.0530e-01 |
  IP pricing time: 4.1171 s (solve 4.1151 s, gurobi.runtime 4.0882 s)
Iter 17 | error = 22.063858 | best_score = 5.6073e+00 | FW gap = 4.2607e-01 | min = 4.2607e-01 |
  IP pricing time: 3.9963 s (solve 3.9945 s, gurobi.runtime 3.9569 s)
Iter 18 | error = 21.848831 | best_score = 5.2899e+00 | FW gap = 3.9242e-01 | min = 3.9242e-01 |
  IP pricing time: 4.9974 s (solve 4.9956 s, gurobi.runtime 4.9758 s)
Iter 19 | error = 21.654212 | best_score = 4.4860e+00 | FW gap = 3.0670e-01 | min = 3.0670e-01 |
  IP pricing time: 2.3347 s (solve 2.3330 s, gurobi.runtime 2.3262 s)
Iter 20 | error = 21.510841 | best_score = 4.8187e+00 | FW gap = 3.4599e-01 | min = 3.4599e-01 |
  IP pricing time: 3.9978 s (solve 3.9960 s, gurobi.runtime 3.9686 s)
Iter 21 | error = 21.319386 | best_score = 4.9840e+00 | FW gap = 3.7045e-01 | min = 3.7045e-01 |
  IP pricing time: 2.0528 s (solve 2.0511 s, gurobi.runtime 2.0255 s)
Iter 22 | error = 21.121318 | best_score = 4.8429e+00 | FW gap = 3.5904e-01 | min = 3.5904e-01 |
  IP pricing time: 10.0015 s (solve 9.9994 s, gurobi.runtime 9.9752 s)
Iter 23 | error = 20.950499 | best_score = 3.7109e+00 | FW gap = 2.4443e-01 | min = 2.4443e-01 |
  IP pricing time: 10.9704 s (solve 10.9682 s, gurobi.runtime 10.9449 s)
Iter 24 | error = 20.808979 | best_score = 3.5483e+00 | FW gap = 2.3188e-01 | min = 2.3188e-01 |
  IP pricing time: 2.4695 s (solve 2.4676 s, gurobi.runtime 2.4157 s)
Iter 25 | error = 20.693018 | best_score = 4.6115e+00 | FW gap = 3.4317e-01 | min = 3.4317e-01 |
  IP pricing time: 10.7589 s (solve 10.7568 s, gurobi.runtime 10.7333 s)
Iter 26 | error = 20.523269 | best_score = 3.3056e+00 | FW gap = 2.1458e-01 | min = 2.1458e-01 |
  IP pricing time: 7.4394 s (solve 7.4372 s, gurobi.runtime 7.4132 s)
Iter 27 | error = 20.425155 | best_score = 3.3133e+00 | FW gap = 2.1665e-01 | min = 2.1665e-01 |
  IP pricing time: 7.5392 s (solve 7.5370 s, gurobi.runtime 7.5119 s)
Iter 28 | error = 20.333116 | best_score = 3.2647e+00 | FW gap = 2.1368e-01 | min = 2.1368e-01 |
  IP pricing time: 11.7257 s (solve 11.7237 s, gurobi.runtime 11.6978 s)
Iter 29 | error = 20.235239 | best_score = 2.8725e+00 | FW gap = 1.8172e-01 | min = 1.8172e-01 |
  IP pricing time: 23.1958 s (solve 23.1939 s, gurobi.runtime 23.1753 s)
Iter 30 | error = 20.160492 | best_score = 2.5550e+00 | FW gap = 1.5738e-01 | min = 1.5738e-01 |
  IP pricing time: 9.2769 s (solve 9.2749 s, gurobi.runtime 9.2514 s)
Iter 31 | error = 20.079496 | best_score = 2.8985e+00 | FW gap = 1.8570e-01 | min = 1.8570e-01 |
  IP pricing time: 22.4220 s (solve 22.4198 s, gurobi.runtime 22.3947 s)
Iter 32 | error = 19.995073 | best_score = 2.4483e+00 | FW gap = 1.5079e-01 | min = 1.5079e-01 |
  IP pricing time: 10.8620 s (solve 10.8598 s, gurobi.runtime 10.8327 s)
Iter 33 | error = 19.937548 | best_score = 2.4268e+00 | FW gap = 1.4969e-01 | min = 1.4969e-01 |
  IP pricing time: 10.1026 s (solve 10.1004 s, gurobi.runtime 10.0744 s)
Iter 34 | error = 19.882974 | best_score = 2.3793e+00 | FW gap = 1.4657e-01 | min = 1.4657e-01 |
  IP pricing time: 23.9291 s (solve 23.9270 s, gurobi.runtime 23.9034 s)
Iter 35 | error = 19.812741 | best_score = 2.1774e+00 | FW gap = 1.3213e-01 | min = 1.3213e-01 |
  IP pricing time: 7.3245 s (solve 7.3226 s, gurobi.runtime 7.2754 s)
Iter 36 | error = 19.759086 | best_score = 2.7333e+00 | FW gap = 1.7579e-01 | min = 1.7579e-01 |
  IP pricing time: 14.9307 s (solve 14.9287 s, gurobi.runtime 14.9065 s)
Iter 37 | error = 19.679511 | best_score = 2.2523e+00 | FW gap = 1.3879e-01 | min = 1.3879e-01 |
  IP pricing time: 18.5897 s (solve 18.5876 s, gurobi.runtime 18.5662 s)
Iter 38 | error = 19.626600 | best_score = 2.2371e+00 | FW gap = 1.3810e-01 | min = 1.3810e-01 |
  IP pricing time: 12.6132 s (solve 12.6110 s, gurobi.runtime 12.5917 s)
Iter 39 | error = 19.568239 | best_score = 2.2939e+00 | FW gap = 1.4291e-01 | min = 1.4291e-01 |
  IP pricing time: 32.4881 s (solve 32.4858 s, gurobi.runtime 32.4589 s)
Iter 40 | error = 19.503637 | best_score = 1.7852e+00 | FW gap = 1.0638e-01 | min = 1.0638e-01 |
  IP pricing time: 95.4012 s (solve 95.3989 s, gurobi.runtime 95.3570 s)
Iter 41 | error = 19.469004 | best_score = 1.4915e+00 | FW gap = 8.6709e-02 | min = 8.6709e-02 |
  IP pricing time: 46.2836 s (solve 46.2815 s, gurobi.runtime 46.2445 s)
Iter 42 | error = 19.442747 | best_score = 1.5709e+00 | FW gap = 9.2125e-02 | min = 9.2125e-02 |
  IP pricing time: 55.4158 s (solve 55.4134 s, gurobi.runtime 55.3917 s)
Iter 43 | error = 19.418008 | best_score = 1.4699e+00 | FW gap = 8.5545e-02 | min = 8.5545e-02 |
  IP pricing time: 99.8877 s (solve 99.8852 s, gurobi.runtime 99.8616 s)
Iter 44 | error = 19.396452 | best_score = 1.3054e+00 | FW gap = 7.4961e-02 | min = 7.4961e-02 |
  IP pricing time: 73.4714 s (solve 73.4693 s, gurobi.runtime 73.4304 s)
Iter 45 | error = 19.376084 | best_score = 1.4422e+00 | FW gap = 8.3927e-02 | min = 8.3927e-02 |
  IP pricing time: 92.0572 s (solve 92.0549 s, gurobi.runtime 92.0252 s)
Iter 46 | error = 19.337789 | best_score = 1.3695e+00 | FW gap = 7.9360e-02 | min = 7.9360e-02 |
  IP pricing time: 46.3984 s (solve 46.3963 s, gurobi.runtime 46.3734 s)
Iter 47 | error = 19.314573 | best_score = 1.4925e+00 | FW gap = 8.7565e-02 | min = 8.7565e-02 |
  IP pricing time: 87.4596 s (solve 87.4573 s, gurobi.runtime 87.4215 s)
Iter 48 | error = 19.293030 | best_score = 1.3719e+00 | FW gap = 7.9719e-02 | min = 7.9719e-02 |
  IP pricing time: 80.3150 s (solve 80.3128 s, gurobi.runtime 80.2762 s)
Iter 49 | error = 19.268163 | best_score = 1.1778e+00 | FW gap = 6.7369e-02 | min = 6.7369e-02 |
  IP pricing time: 105.4505 s (solve 105.4482 s, gurobi.runtime 105.4259 s)
Iter 50 | error = 19.251349 | best_score = 1.1447e+00 | FW gap = 6.5353e-02 | min = 6.5353e-02 |
  IP pricing time: 84.1402 s (solve 84.1381 s, gurobi.runtime 84.1073 s)
Iter 51 | error = 19.236411 | best_score = 1.2297e+00 | FW gap = 7.0794e-02 | min = 7.0794e-02 |
  IP pricing time: 114.0919 s (solve 114.0895 s, gurobi.runtime 114.0518 s)
Iter 52 | error = 19.210933 | best_score = 1.0226e+00 | FW gap = 5.7896e-02 | min = 5.7896e-02 |
  IP pricing time: 124.5568 s (solve 124.5547 s, gurobi.runtime 124.5234 s)
Iter 53 | error = 19.198653 | best_score = 9.2358e-01 | FW gap = 5.1882e-02 | min = 5.1882e-02 |
  IP pricing time: 72.5799 s (solve 72.5777 s, gurobi.runtime 72.5461 s)
Iter 54 | error = 19.181801 | best_score = 1.1768e+00 | FW gap = 6.7641e-02 | min = 6.7641e-02 |
  IP pricing time: 142.9948 s (solve 142.9927 s, gurobi.runtime 142.9612 s)
Iter 55 | error = 19.163817 | best_score = 9.0142e-01 | FW gap = 5.0640e-02 | min = 5.0640e-02 |
  IP pricing time: 144.9092 s (solve 144.9070 s, gurobi.runtime 144.8721 s)
Iter 56 | error = 19.150768 | best_score = 8.9713e-01 | FW gap = 5.0417e-02 | min = 5.0417e-02 |
  IP pricing time: 364.0008 s (solve 363.9986 s, gurobi.runtime 363.9657 s)
Iter 57 | error = 19.136227 | best_score = 8.2027e-01 | FW gap = 4.5834e-02 | min = 4.5834e-02 |
  IP pricing time: 164.6328 s (solve 164.6306 s, gurobi.runtime 164.5995 s)
Iter 58 | error = 19.126615 | best_score = 7.9198e-01 | FW gap = 4.4170e-02 | min = 4.4170e-02 |
  IP pricing time: 123.7965 s (solve 123.7943 s, gurobi.runtime 123.7789 s)
Iter 59 | error = 19.110919 | best_score = 7.8856e-01 | FW gap = 4.4005e-02 | min = 4.4005e-02 |
  IP pricing time: 310.0483 s (solve 310.0459 s, gurobi.runtime 310.0124 s)
Iter 60 | error = 19.099763 | best_score = 7.4483e-01 | FW gap = 4.1437e-02 | min = 4.1437e-02 |
  IP pricing time: 97.4834 s (solve 97.4811 s, gurobi.runtime 97.4464 s)
Iter 61 | error = 19.089237 | best_score = 8.5467e-01 | FW gap = 4.8023e-02 | min = 4.8023e-02 |
  IP pricing time: 167.3946 s (solve 167.3925 s, gurobi.runtime 167.3568 s)
Iter 62 | error = 19.078805 | best_score = 8.0419e-01 | FW gap = 4.5018e-02 | min = 4.5018e-02 |
  IP pricing time: 121.4086 s (solve 121.4064 s, gurobi.runtime 121.3708 s)
Iter 63 | error = 19.070008 | best_score = 7.7496e-01 | FW gap = 4.3295e-02 | min = 4.3295e-02 |
  IP pricing time: 130.8027 s (solve 130.8006 s, gurobi.runtime 130.7658 s)
Iter 64 | error = 19.057275 | best_score = 7.9018e-01 | FW gap = 4.4234e-02 | min = 4.4234e-02 |
  IP pricing time: 125.8272 s (solve 125.8250 s, gurobi.runtime 125.7962 s)
Iter 65 | error = 19.045571 | best_score = 7.8986e-01 | FW gap = 4.4244e-02 | min = 4.4244e-02 |
  IP pricing time: 281.5111 s (solve 281.5090 s, gurobi.runtime 281.4702 s)
Iter 66 | error = 19.036540 | best_score = 6.9019e-01 | FW gap = 3.8355e-02 | min = 3.8355e-02 |
  IP pricing time: 124.4342 s (solve 124.4320 s, gurobi.runtime 124.3987 s)
Iter 67 | error = 19.023451 | best_score = 8.9074e-01 | FW gap = 5.0392e-02 | min = 5.0392e-02 |
  IP pricing time: 328.7859 s (solve 328.7834 s, gurobi.runtime 328.7463 s)
Iter 68 | error = 19.013450 | best_score = 6.7269e-01 | FW gap = 3.7376e-02 | min = 3.7376e-02 |
  IP pricing time: 327.8230 s (solve 327.8205 s, gurobi.runtime 327.7824 s)
Iter 69 | error = 19.007252 | best_score = 6.2118e-01 | FW gap = 3.4376e-02 | min = 3.4376e-02 |
  IP pricing time: 349.2005 s (solve 349.1983 s, gurobi.runtime 349.1676 s)
Iter 70 | error = 19.000069 | best_score = 5.6738e-01 | FW gap = 3.1270e-02 | min = 3.1270e-02 |
  IP pricing time: 322.8054 s (solve 322.8032 s, gurobi.runtime 322.7659 s)
Iter 71 | error = 18.994276 | best_score = 5.5635e-01 | FW gap = 3.0644e-02 | min = 3.0644e-02 |
  IP pricing time: 193.8755 s (solve 193.8733 s, gurobi.runtime 193.8375 s)
Iter 72 | error = 18.988310 | best_score = 5.4094e-01 | FW gap = 2.9766e-02 | min = 2.9766e-02 |
  IP pricing time: 370.9726 s (solve 370.9704 s, gurobi.runtime 370.9420 s)
Iter 73 | error = 18.983913 | best_score = 4.8305e-01 | FW gap = 2.6459e-02 | min = 2.6459e-02 |
  IP pricing time: 155.9568 s (solve 155.9546 s, gurobi.runtime 155.9173 s)
Iter 74 | error = 18.974604 | best_score = 6.8819e-01 | FW gap = 3.8369e-02 | min = 3.8369e-02 |
  IP pricing time: 404.8975 s (solve 404.8952 s, gurobi.runtime 404.8566 s)
Iter 75 | error = 18.968115 | best_score = 4.9400e-01 | FW gap = 2.7107e-02 | min = 2.7107e-02 |
  IP pricing time: 423.9845 s (solve 423.9822 s, gurobi.runtime 423.9547 s)
Iter 76 | error = 18.964011 | best_score = 4.5653e-01 | FW gap = 2.4979e-02 | min = 2.4979e-02 |
  IP pricing time: 368.4313 s (solve 368.4291 s, gurobi.runtime 368.3903 s)
Iter 77 | error = 18.959717 | best_score = 5.3987e-01 | FW gap = 2.9752e-02 | min = 2.9752e-02 |
  IP pricing time: 362.7056 s (solve 362.7034 s, gurobi.runtime 362.6744 s)
Iter 78 | error = 18.954372 | best_score = 5.0033e-01 | FW gap = 2.7490e-02 | min = 2.7490e-02 |
  IP pricing time: 365.7555 s (solve 365.7532 s, gurobi.runtime 365.7145 s)
Iter 79 | error = 18.948684 | best_score = 4.9629e-01 | FW gap = 2.7267e-02 | min = 2.7267e-02 |
  IP pricing time: 168.2602 s (solve 168.2580 s, gurobi.runtime 168.2258 s)
Iter 80 | error = 18.943127 | best_score = 5.1992e-01 | FW gap = 2.8630e-02 | min = 2.8630e-02 |
  IP pricing time: 450.0654 s (solve 450.0631 s, gurobi.runtime 450.0317 s)
Iter 81 | error = 18.938370 | best_score = 4.2423e-01 | FW gap = 2.3182e-02 | min = 2.3182e-02 |
  IP pricing time: 401.1435 s (solve 401.1409 s, gurobi.runtime 401.1044 s)
Iter 82 | error = 18.933307 | best_score = 4.6995e-01 | FW gap = 2.5786e-02 | min = 2.5786e-02 |
  IP pricing time: 350.0671 s (solve 350.0648 s, gurobi.runtime 350.0201 s)
Iter 83 | error = 18.928948 | best_score = 4.6280e-01 | FW gap = 2.5384e-02 | min = 2.5384e-02 |
  IP pricing time: 367.6145 s (solve 367.6121 s, gurobi.runtime 367.5780 s)
Iter 84 | error = 18.924220 | best_score = 4.0102e-01 | FW gap = 2.1889e-02 | min = 2.1889e-02 |
  IP pricing time: 398.7233 s (solve 398.7208 s, gurobi.runtime 398.6897 s)
Iter 85 | error = 18.919729 | best_score = 4.4572e-01 | FW gap = 2.4425e-02 | min = 2.4425e-02 |
  IP pricing time: 378.7690 s (solve 378.7662 s, gurobi.runtime 378.7404 s)
Iter 86 | error = 18.914858 | best_score = 3.7565e-01 | FW gap = 2.0472e-02 | min = 2.0472e-02 |
  IP pricing time: 376.3683 s (solve 376.3661 s, gurobi.runtime 376.3317 s)
Iter 87 | error = 18.910896 | best_score = 3.9679e-01 | FW gap = 2.1667e-02 | min = 2.1667e-02 |
  IP pricing time: 379.6333 s (solve 379.6310 s, gurobi.runtime 379.5936 s)
Iter 88 | error = 18.906181 | best_score = 3.6545e-01 | FW gap = 1.9909e-02 | min = 1.9909e-02 |
  IP pricing time: 672.0261 s (solve 672.0237 s, gurobi.runtime 671.9903 s)
Iter 89 | error = 18.901832 | best_score = 3.0846e-01 | FW gap = 1.6730e-02 | min = 1.6730e-02 |
  IP pricing time: 446.8691 s (solve 446.8668 s, gurobi.runtime 446.8325 s)
Iter 90 | error = 18.898143 | best_score = 2.8306e-01 | FW gap = 1.5323e-02 | min = 1.5323e-02 |
  IP pricing time: 389.4428 s (solve 389.4406 s, gurobi.runtime 389.4110 s)
Iter 91 | error = 18.896415 | best_score = 2.9390e-01 | FW gap = 1.5926e-02 | min = 1.5926e-02 |
  IP pricing time: 459.1843 s (solve 459.1821 s, gurobi.runtime 459.1486 s)
Iter 92 | error = 18.894827 | best_score = 3.0952e-01 | FW gap = 1.6795e-02 | min = 1.6795e-02 |
  IP pricing time: 345.1689 s (solve 345.1667 s, gurobi.runtime 345.1330 s)
Iter 93 | error = 18.892077 | best_score = 3.4789e-01 | FW gap = 1.8939e-02 | min = 1.8939e-02 |
  IP pricing time: 397.8037 s (solve 397.8015 s, gurobi.runtime 397.7699 s)
Iter 94 | error = 18.888967 | best_score = 3.1380e-01 | FW gap = 1.7038e-02 | min = 1.7038e-02 |
  IP pricing time: 473.4551 s (solve 473.4528 s, gurobi.runtime 473.4199 s)
Iter 95 | error = 18.886840 | best_score = 2.8115e-01 | FW gap = 1.5227e-02 | min = 1.5227e-02 |
  IP pricing time: 388.1759 s (solve 388.1737 s, gurobi.runtime 388.1400 s)
Iter 96 | error = 18.885521 | best_score = 2.4221e-01 | FW gap = 1.3077e-02 | min = 1.3077e-02 |
  IP pricing time: 607.4010 s (solve 607.3988 s, gurobi.runtime 607.3690 s)
Iter 97 | error = 18.883114 | best_score = 2.4276e-01 | FW gap = 1.3109e-02 | min = 1.3109e-02 |
  IP pricing time: 662.7151 s (solve 662.7129 s, gurobi.runtime 662.6756 s)
Iter 98 | error = 18.881724 | best_score = 2.4849e-01 | FW gap = 1.3426e-02 | min = 1.3426e-02 |
  IP pricing time: 645.9397 s (solve 645.9375 s, gurobi.runtime 645.9004 s)
Iter 99 | error = 18.879672 | best_score = 2.4571e-01 | FW gap = 1.3274e-02 | min = 1.3274e-02 |
  IP pricing time: 643.7473 s (solve 643.7451 s, gurobi.runtime 643.7061 s)
Iter 100 | error = 18.877748 | best_score = 2.2104e-01 | FW gap = 1.1919e-02 | min = 1.1919e-02 |
  IP pricing time: 523.2977 s (solve 523.2953 s, gurobi.runtime 523.2606 s)
Iter 101 | error = 18.876319 | best_score = 2.1448e-01 | FW gap = 1.1560e-02 | min = 1.1560e-02 |
  IP pricing time: 627.4892 s (solve 627.4868 s, gurobi.runtime 627.4511 s)
Iter 102 | error = 18.875141 | best_score = 2.6235e-01 | FW gap = 1.4196e-02 | min = 1.4196e-02 |
  IP pricing time: 472.6765 s (solve 472.6741 s, gurobi.runtime 472.6265 s)
Iter 103 | error = 18.873239 | best_score = 2.2164e-01 | FW gap = 1.1955e-02 | min = 1.1955e-02 |
  IP pricing time: 639.7561 s (solve 639.7534 s, gurobi.runtime 639.7139 s)
Iter 104 | error = 18.871726 | best_score = 2.2132e-01 | FW gap = 1.1938e-02 | min = 1.1938e-02 |
  IP pricing time: 753.0080 s (solve 753.0057 s, gurobi.runtime 752.9676 s)
Iter 105 | error = 18.870394 | best_score = 2.0110e-01 | FW gap = 1.0830e-02 | min = 1.0830e-02 |
  IP pricing time: 547.2844 s (solve 547.2820 s, gurobi.runtime 547.2504 s)
Iter 106 | error = 18.869234 | best_score = 1.9643e-01 | FW gap = 1.0575e-02 | min = 1.0575e-02 |
  IP pricing time: 537.0702 s (solve 537.0680 s, gurobi.runtime 537.0275 s)
Iter 107 | error = 18.867823 | best_score = 2.3503e-01 | FW gap = 1.2694e-02 | min = 1.2694e-02 |
  IP pricing time: 479.8392 s (solve 479.8369 s, gurobi.runtime 479.8083 s)
Iter 108 | error = 18.866020 | best_score = 2.0182e-01 | FW gap = 1.0872e-02 | min = 1.0872e-02 |
  IP pricing time: 686.1753 s (solve 686.1731 s, gurobi.runtime 686.1403 s)
Iter 109 | error = 18.864895 | best_score = 2.2228e-01 | FW gap = 1.1995e-02 | min = 1.1995e-02 |
  IP pricing time: 761.4452 s (solve 761.4426 s, gurobi.runtime 761.4015 s)
Iter 110 | error = 18.863879 | best_score = 1.9244e-01 | FW gap = 1.0360e-02 | min = 1.0360e-02 |
  IP pricing time: 731.9029 s (solve 731.9007 s, gurobi.runtime 731.8633 s)
Iter 111 | error = 18.862876 | best_score = 2.1870e-01 | FW gap = 1.1800e-02 | min = 1.1800e-02 |
  IP pricing time: 730.2589 s (solve 730.2567 s, gurobi.runtime 730.2254 s)
Iter 112 | error = 18.861832 | best_score = 1.6593e-01 | FW gap = 8.9148e-03 | min = 8.9148e-03 |
Convergence Criterion Achieved (min(best_score, FW gap) = 8.9148e-03 < tol 1.0000e-02)
  CG_IP  status=ok  error=1.886183e+01  total=24636.56s  iters=112  IP_calls=112  build=0.00s  solve_tot=24633.84s  gur_tot=24630.43s

========================================================
[5/5] n = 28, seed = 5  (all binary menus)
========================================================
[fractions mode] counts(s) = round(frac(s) * C(n,s))  (total 378 menus).
Generating fake data for n=28 alternatives, 378 menus (Dirichlet probs)...
Generated 756 rows from 378 menus (378 unique).
Menu size distribution actually drawn:
  size 2: 378 menus (100.0%)

n = 28 | 756 observations | 378 unique menus | menu sizes 2..2

  -- CG_IP --  (budget: 604800.0 s)
Starting column generation with 1 initial columns...
Pricing mode: IP
Generating choice sets only (rankings built on-demand)...
Using 756 provided choice sets
✓ 756 choice sets generated (no ranking enumeration needed)

B_IP_pricing_build: 0.01s (nvars=784, ncons=6930)
  IP pricing time: 0.0570 s (solve 0.0553 s, gurobi.runtime 0.0304 s)
Iter 1 | error = 240.994556 | best_score = 3.6939e+02 | FW gap = Inf | min = 3.6939e+02 |
  IP pricing time: 0.2554 s (solve 0.2537 s, gurobi.runtime 0.2155 s)
Iter 2 | error = 60.509883 | best_score = 4.4961e+01 | FW gap = Inf | min = 4.4961e+01 |
  IP pricing time: 1.0409 s (solve 1.0392 s, gurobi.runtime 1.0195 s)
Iter 3 | error = 49.736997 | best_score = 3.5920e+01 | FW gap = Inf | min = 3.5920e+01 |
  IP pricing time: 0.1036 s (solve 0.1019 s, gurobi.runtime 0.0831 s)
Iter 4 | error = 42.517927 | best_score = 3.4905e+01 | FW gap = Inf | min = 3.4905e+01 |
  IP pricing time: 0.6115 s (solve 0.6097 s, gurobi.runtime 0.5837 s)
Iter 5 | error = 34.388933 | best_score = 3.3614e+01 | FW gap = Inf | min = 3.3614e+01 |
  IP pricing time: 0.4463 s (solve 0.4445 s, gurobi.runtime 0.4341 s)
Iter 6 | error = 29.097622 | best_score = 2.2673e+01 | FW gap = Inf | min = 2.2673e+01 |
  IP pricing time: 0.6815 s (solve 0.6797 s, gurobi.runtime 0.6454 s)
Iter 7 | error = 26.464560 | best_score = 1.7743e+01 | FW gap = Inf | min = 1.7743e+01 |
  IP pricing time: 0.3137 s (solve 0.3117 s, gurobi.runtime 0.2845 s)
Iter 8 | error = 24.733417 | best_score = 1.6096e+01 | FW gap = Inf | min = 1.6096e+01 |
  IP pricing time: 2.3106 s (solve 2.3089 s, gurobi.runtime 2.2980 s)
Iter 9 | error = 23.329775 | best_score = 1.0450e+01 | FW gap = 2.0981e+00 | min = 2.0981e+00 |
  IP pricing time: 2.4015 s (solve 2.3993 s, gurobi.runtime 2.3744 s)
Iter 10 | error = 22.643694 | best_score = 1.0179e+01 | FW gap = 2.1473e+00 | min = 2.1473e+00 |
  IP pricing time: 3.2404 s (solve 3.2385 s, gurobi.runtime 3.2148 s)
Iter 11 | error = 22.034915 | best_score = 8.7659e+00 | FW gap = 1.2121e+00 | min = 1.2121e+00 |
  IP pricing time: 1.7683 s (solve 1.7666 s, gurobi.runtime 1.7333 s)
Iter 12 | error = 21.521233 | best_score = 7.8592e+00 | FW gap = 9.2582e-01 | min = 9.2582e-01 |
  IP pricing time: 2.1159 s (solve 2.1142 s, gurobi.runtime 2.0888 s)
Iter 13 | error = 21.082482 | best_score = 7.1295e+00 | FW gap = 7.5776e-01 | min = 7.5776e-01 |
  IP pricing time: 4.5606 s (solve 4.5589 s, gurobi.runtime 4.5409 s)
Iter 14 | error = 20.717624 | best_score = 6.3518e+00 | FW gap = 6.0786e-01 | min = 6.0786e-01 |
  IP pricing time: 3.0440 s (solve 3.0423 s, gurobi.runtime 3.0159 s)
Iter 15 | error = 20.417589 | best_score = 6.2046e+00 | FW gap = 5.9672e-01 | min = 5.9672e-01 |
  IP pricing time: 2.5422 s (solve 2.5405 s, gurobi.runtime 2.5201 s)
Iter 16 | error = 20.116465 | best_score = 5.8899e+00 | FW gap = 5.5339e-01 | min = 5.5339e-01 |
  IP pricing time: 6.5209 s (solve 6.5191 s, gurobi.runtime 6.4910 s)
Iter 17 | error = 19.823779 | best_score = 4.7598e+00 | FW gap = 3.8703e-01 | min = 3.8703e-01 |
  IP pricing time: 9.6275 s (solve 9.6251 s, gurobi.runtime 9.5928 s)
Iter 18 | error = 19.677349 | best_score = 4.5194e+00 | FW gap = 3.6001e-01 | min = 3.6001e-01 |
  IP pricing time: 12.0217 s (solve 12.0195 s, gurobi.runtime 11.9910 s)
Iter 19 | error = 19.492396 | best_score = 4.1526e+00 | FW gap = 3.1999e-01 | min = 3.1999e-01 |
  IP pricing time: 10.3183 s (solve 10.3159 s, gurobi.runtime 10.2915 s)
Iter 20 | error = 19.362193 | best_score = 4.1526e+00 | FW gap = 3.2331e-01 | min = 3.2331e-01 |
  IP pricing time: 5.2566 s (solve 5.2546 s, gurobi.runtime 5.2285 s)
Iter 21 | error = 19.237168 | best_score = 4.2609e+00 | FW gap = 3.3988e-01 | min = 3.3988e-01 |
  IP pricing time: 6.9147 s (solve 6.9126 s, gurobi.runtime 6.8849 s)
Iter 22 | error = 19.100906 | best_score = 4.1143e+00 | FW gap = 3.2546e-01 | min = 3.2546e-01 |
  IP pricing time: 8.3636 s (solve 8.3617 s, gurobi.runtime 8.3426 s)
Iter 23 | error = 18.992019 | best_score = 3.6391e+00 | FW gap = 2.7331e-01 | min = 2.7331e-01 |
  IP pricing time: 8.5400 s (solve 8.5377 s, gurobi.runtime 8.5156 s)
Iter 24 | error = 18.874914 | best_score = 3.5862e+00 | FW gap = 2.7000e-01 | min = 2.7000e-01 |
  IP pricing time: 6.5982 s (solve 6.5960 s, gurobi.runtime 6.5756 s)
Iter 25 | error = 18.739132 | best_score = 3.7134e+00 | FW gap = 2.8706e-01 | min = 2.8706e-01 |
  IP pricing time: 19.5956 s (solve 19.5934 s, gurobi.runtime 19.5702 s)
Iter 26 | error = 18.627572 | best_score = 2.9327e+00 | FW gap = 2.0813e-01 | min = 2.0813e-01 |
  IP pricing time: 16.4260 s (solve 16.4243 s, gurobi.runtime 16.4021 s)
Iter 27 | error = 18.545716 | best_score = 3.1275e+00 | FW gap = 2.2838e-01 | min = 2.2838e-01 |
  IP pricing time: 11.2430 s (solve 11.2412 s, gurobi.runtime 11.1850 s)
Iter 28 | error = 18.458933 | best_score = 3.0226e+00 | FW gap = 2.1941e-01 | min = 2.1941e-01 |
  IP pricing time: 9.2871 s (solve 9.2852 s, gurobi.runtime 9.2622 s)
Iter 29 | error = 18.381048 | best_score = 2.9990e+00 | FW gap = 2.1835e-01 | min = 2.1835e-01 |
  IP pricing time: 15.8749 s (solve 15.8730 s, gurobi.runtime 15.8507 s)
Iter 30 | error = 18.299221 | best_score = 2.5640e+00 | FW gap = 1.7870e-01 | min = 1.7870e-01 |
  IP pricing time: 34.6962 s (solve 34.6941 s, gurobi.runtime 34.6682 s)
Iter 31 | error = 18.231430 | best_score = 2.1913e+00 | FW gap = 1.4737e-01 | min = 1.4737e-01 |
  IP pricing time: 18.9707 s (solve 18.9685 s, gurobi.runtime 18.9257 s)
Iter 32 | error = 18.189356 | best_score = 2.2584e+00 | FW gap = 1.5341e-01 | min = 1.5341e-01 |
  IP pricing time: 18.2001 s (solve 18.1979 s, gurobi.runtime 18.1703 s)
Iter 33 | error = 18.147118 | best_score = 2.3182e+00 | FW gap = 1.5895e-01 | min = 1.5895e-01 |
  IP pricing time: 47.3535 s (solve 47.3513 s, gurobi.runtime 47.3240 s)
Iter 34 | error = 18.094187 | best_score = 1.9153e+00 | FW gap = 1.2630e-01 | min = 1.2630e-01 |
  IP pricing time: 31.5500 s (solve 31.5476 s, gurobi.runtime 31.5125 s)
Iter 35 | error = 18.049379 | best_score = 1.9208e+00 | FW gap = 1.2712e-01 | min = 1.2712e-01 |
  IP pricing time: 23.9653 s (solve 23.9632 s, gurobi.runtime 23.9429 s)
Iter 36 | error = 18.016683 | best_score = 2.0198e+00 | FW gap = 1.3534e-01 | min = 1.3534e-01 |
  IP pricing time: 29.2454 s (solve 29.2432 s, gurobi.runtime 29.2217 s)
Iter 37 | error = 17.976940 | best_score = 1.9687e+00 | FW gap = 1.3157e-01 | min = 1.3157e-01 |
  IP pricing time: 18.5121 s (solve 18.5099 s, gurobi.runtime 18.4736 s)
Iter 38 | error = 17.925622 | best_score = 2.0190e+00 | FW gap = 1.3612e-01 | min = 1.3612e-01 |
  IP pricing time: 22.0854 s (solve 22.0833 s, gurobi.runtime 22.0633 s)
Iter 39 | error = 17.877548 | best_score = 1.9018e+00 | FW gap = 1.2705e-01 | min = 1.2705e-01 |
  IP pricing time: 40.7160 s (solve 40.7139 s, gurobi.runtime 40.6952 s)
Iter 40 | error = 17.831769 | best_score = 1.8030e+00 | FW gap = 1.1959e-01 | min = 1.1959e-01 |
  IP pricing time: 22.7152 s (solve 22.7130 s, gurobi.runtime 22.6754 s)
Iter 41 | error = 17.798680 | best_score = 1.9213e+00 | FW gap = 1.2931e-01 | min = 1.2931e-01 |
  IP pricing time: 26.5922 s (solve 26.5900 s, gurobi.runtime 26.5678 s)
Iter 42 | error = 17.756582 | best_score = 1.9059e+00 | FW gap = 1.2843e-01 | min = 1.2843e-01 |
  IP pricing time: 31.7075 s (solve 31.7050 s, gurobi.runtime 31.6836 s)
Iter 43 | error = 17.707993 | best_score = 1.7368e+00 | FW gap = 1.1536e-01 | min = 1.1536e-01 |
  IP pricing time: 74.1315 s (solve 74.1293 s, gurobi.runtime 74.1041 s)
Iter 44 | error = 17.673841 | best_score = 1.5611e+00 | FW gap = 1.0207e-01 | min = 1.0207e-01 |
  IP pricing time: 43.4501 s (solve 43.4480 s, gurobi.runtime 43.4139 s)
Iter 45 | error = 17.649336 | best_score = 1.5778e+00 | FW gap = 1.0350e-01 | min = 1.0350e-01 |
  IP pricing time: 23.3790 s (solve 23.3772 s, gurobi.runtime 23.3562 s)
Iter 46 | error = 17.619573 | best_score = 1.6734e+00 | FW gap = 1.1108e-01 | min = 1.1108e-01 |
  IP pricing time: 66.5763 s (solve 66.5741 s, gurobi.runtime 66.5249 s)
Iter 47 | error = 17.585627 | best_score = 1.3182e+00 | FW gap = 8.4601e-02 | min = 8.4601e-02 |
  IP pricing time: 38.1071 s (solve 38.1047 s, gurobi.runtime 38.0700 s)
Iter 48 | error = 17.559752 | best_score = 1.4647e+00 | FW gap = 9.5548e-02 | min = 9.5548e-02 |
  IP pricing time: 18.1424 s (solve 18.1402 s, gurobi.runtime 18.1117 s)
Iter 49 | error = 17.523754 | best_score = 1.7127e+00 | FW gap = 1.1488e-01 | min = 1.1488e-01 |
  IP pricing time: 53.9596 s (solve 53.9574 s, gurobi.runtime 53.9344 s)
Iter 50 | error = 17.493528 | best_score = 1.3646e+00 | FW gap = 8.8510e-02 | min = 8.8510e-02 |
  IP pricing time: 33.9742 s (solve 33.9721 s, gurobi.runtime 33.9277 s)
Iter 51 | error = 17.466738 | best_score = 1.4301e+00 | FW gap = 9.3533e-02 | min = 9.3533e-02 |
  IP pricing time: 43.2176 s (solve 43.2153 s, gurobi.runtime 43.1907 s)
Iter 52 | error = 17.438406 | best_score = 1.3674e+00 | FW gap = 8.9035e-02 | min = 8.9035e-02 |
  IP pricing time: 37.3509 s (solve 37.3488 s, gurobi.runtime 37.3098 s)
Iter 53 | error = 17.412930 | best_score = 1.2752e+00 | FW gap = 8.2404e-02 | min = 8.2404e-02 |
  IP pricing time: 38.4398 s (solve 38.4376 s, gurobi.runtime 38.4155 s)
Iter 54 | error = 17.383339 | best_score = 1.3835e+00 | FW gap = 9.0553e-02 | min = 9.0553e-02 |
  IP pricing time: 82.7795 s (solve 82.7773 s, gurobi.runtime 82.7347 s)
Iter 55 | error = 17.344729 | best_score = 1.1224e+00 | FW gap = 7.1760e-02 | min = 7.1760e-02 |
  IP pricing time: 101.2192 s (solve 101.2170 s, gurobi.runtime 101.1799 s)
Iter 56 | error = 17.326421 | best_score = 1.0466e+00 | FW gap = 6.6493e-02 | min = 6.6493e-02 |
  IP pricing time: 88.5193 s (solve 88.5165 s, gurobi.runtime 88.4833 s)
Iter 57 | error = 17.310675 | best_score = 1.0631e+00 | FW gap = 6.7721e-02 | min = 6.7721e-02 |
  IP pricing time: 96.1390 s (solve 96.1362 s, gurobi.runtime 96.0974 s)
Iter 58 | error = 17.296053 | best_score = 9.7344e-01 | FW gap = 6.1527e-02 | min = 6.1527e-02 |
  IP pricing time: 94.9708 s (solve 94.9686 s, gurobi.runtime 94.9446 s)
Iter 59 | error = 17.280437 | best_score = 1.0015e+00 | FW gap = 6.3537e-02 | min = 6.3537e-02 |
  IP pricing time: 83.8357 s (solve 83.8335 s, gurobi.runtime 83.8047 s)
Iter 60 | error = 17.267530 | best_score = 1.0672e+00 | FW gap = 6.8198e-02 | min = 6.8198e-02 |
  IP pricing time: 78.5458 s (solve 78.5436 s, gurobi.runtime 78.5247 s)
Iter 61 | error = 17.251177 | best_score = 9.8783e-01 | FW gap = 6.2702e-02 | min = 6.2702e-02 |
  IP pricing time: 93.4965 s (solve 93.4943 s, gurobi.runtime 93.4610 s)
Iter 62 | error = 17.240340 | best_score = 8.8257e-01 | FW gap = 5.5492e-02 | min = 5.5492e-02 |
  IP pricing time: 104.8991 s (solve 104.8969 s, gurobi.runtime 104.8634 s)
Iter 63 | error = 17.227879 | best_score = 8.4864e-01 | FW gap = 5.3227e-02 | min = 5.3227e-02 |
  IP pricing time: 86.6984 s (solve 86.6962 s, gurobi.runtime 86.6648 s)
Iter 64 | error = 17.214866 | best_score = 8.6380e-01 | FW gap = 5.4301e-02 | min = 5.4301e-02 |
  IP pricing time: 83.3134 s (solve 83.3113 s, gurobi.runtime 83.2863 s)
Iter 65 | error = 17.202751 | best_score = 8.3520e-01 | FW gap = 5.2399e-02 | min = 5.2399e-02 |
  IP pricing time: 107.4522 s (solve 107.4500 s, gurobi.runtime 107.4139 s)
Iter 66 | error = 17.193311 | best_score = 8.3849e-01 | FW gap = 5.2653e-02 | min = 5.2653e-02 |
  IP pricing time: 108.1537 s (solve 108.1514 s, gurobi.runtime 108.1201 s)
Iter 67 | error = 17.179513 | best_score = 7.8870e-01 | FW gap = 4.9334e-02 | min = 4.9334e-02 |
  IP pricing time: 114.7217 s (solve 114.7195 s, gurobi.runtime 114.6907 s)
Iter 68 | error = 17.163580 | best_score = 9.1346e-01 | FW gap = 5.7885e-02 | min = 5.7885e-02 |
  IP pricing time: 104.3677 s (solve 104.3656 s, gurobi.runtime 104.3302 s)
Iter 69 | error = 17.150636 | best_score = 8.3095e-01 | FW gap = 5.2282e-02 | min = 5.2282e-02 |
  IP pricing time: 101.6467 s (solve 101.6442 s, gurobi.runtime 101.6065 s)
Iter 70 | error = 17.136047 | best_score = 7.7181e-01 | FW gap = 4.8331e-02 | min = 4.8331e-02 |
  IP pricing time: 123.0827 s (solve 123.0805 s, gurobi.runtime 123.0484 s)
Iter 71 | error = 17.126400 | best_score = 7.2258e-01 | FW gap = 4.5064e-02 | min = 4.5064e-02 |
  IP pricing time: 142.2491 s (solve 142.2468 s, gurobi.runtime 142.2177 s)
Iter 72 | error = 17.115490 | best_score = 6.7486e-01 | FW gap = 4.1927e-02 | min = 4.1927e-02 |
  IP pricing time: 124.6300 s (solve 124.6278 s, gurobi.runtime 124.5982 s)
Iter 73 | error = 17.104508 | best_score = 6.6500e-01 | FW gap = 4.1303e-02 | min = 4.1303e-02 |
  IP pricing time: 137.5577 s (solve 137.5554 s, gurobi.runtime 137.5182 s)
Iter 74 | error = 17.096311 | best_score = 6.7142e-01 | FW gap = 4.1749e-02 | min = 4.1749e-02 |
  IP pricing time: 128.6575 s (solve 128.6552 s, gurobi.runtime 128.6232 s)
Iter 75 | error = 17.089446 | best_score = 6.3684e-01 | FW gap = 3.9487e-02 | min = 3.9487e-02 |
  IP pricing time: 140.1425 s (solve 140.1403 s, gurobi.runtime 140.1040 s)
Iter 76 | error = 17.078106 | best_score = 6.2362e-01 | FW gap = 3.8646e-02 | min = 3.8646e-02 |
  IP pricing time: 222.9327 s (solve 222.9305 s, gurobi.runtime 222.8929 s)
Iter 77 | error = 17.072785 | best_score = 5.7001e-01 | FW gap = 3.5158e-02 | min = 3.5158e-02 |
  IP pricing time: 142.4356 s (solve 142.4332 s, gurobi.runtime 142.3953 s)
Iter 78 | error = 17.065892 | best_score = 5.4829e-01 | FW gap = 3.3764e-02 | min = 3.3764e-02 |
  IP pricing time: 106.0640 s (solve 106.0615 s, gurobi.runtime 106.0310 s)
Iter 79 | error = 17.060870 | best_score = 5.9639e-01 | FW gap = 3.6903e-02 | min = 3.6903e-02 |
  IP pricing time: 168.4985 s (solve 168.4962 s, gurobi.runtime 168.4685 s)
Iter 80 | error = 17.052593 | best_score = 5.4863e-01 | FW gap = 3.3814e-02 | min = 3.3814e-02 |
  IP pricing time: 114.9690 s (solve 114.9668 s, gurobi.runtime 114.9317 s)
Iter 81 | error = 17.047553 | best_score = 5.2793e-01 | FW gap = 3.2485e-02 | min = 3.2485e-02 |
  IP pricing time: 131.1750 s (solve 131.1728 s, gurobi.runtime 131.1437 s)
Iter 82 | error = 17.042647 | best_score = 5.7841e-01 | FW gap = 3.5770e-02 | min = 3.5770e-02 |
  IP pricing time: 132.7464 s (solve 132.7441 s, gurobi.runtime 132.7070 s)
Iter 83 | error = 17.037368 | best_score = 5.8383e-01 | FW gap = 3.6136e-02 | min = 3.6136e-02 |
  IP pricing time: 153.9270 s (solve 153.9248 s, gurobi.runtime 153.8893 s)
Iter 84 | error = 17.030819 | best_score = 4.8660e-01 | FW gap = 2.9858e-02 | min = 2.9858e-02 |
  IP pricing time: 144.0819 s (solve 144.0796 s, gurobi.runtime 144.0451 s)
Iter 85 | error = 17.025672 | best_score = 4.5268e-01 | FW gap = 2.7698e-02 | min = 2.7698e-02 |
  IP pricing time: 196.8774 s (solve 196.8746 s, gurobi.runtime 196.8459 s)
Iter 86 | error = 17.022227 | best_score = 3.9341e-01 | FW gap = 2.3945e-02 | min = 2.3945e-02 |
  IP pricing time: 327.1168 s (solve 327.1146 s, gurobi.runtime 327.0820 s)
Iter 87 | error = 17.018678 | best_score = 4.3558e-01 | FW gap = 2.6621e-02 | min = 2.6621e-02 |
  IP pricing time: 159.4810 s (solve 159.4788 s, gurobi.runtime 159.4444 s)
Iter 88 | error = 17.014966 | best_score = 4.6248e-01 | FW gap = 2.8342e-02 | min = 2.8342e-02 |
  IP pricing time: 149.7427 s (solve 149.7403 s, gurobi.runtime 149.7166 s)
Iter 89 | error = 17.010147 | best_score = 4.0335e-01 | FW gap = 2.4591e-02 | min = 2.4591e-02 |
  IP pricing time: 206.5316 s (solve 206.5293 s, gurobi.runtime 206.5170 s)
Iter 90 | error = 17.005875 | best_score = 3.7585e-01 | FW gap = 2.2862e-02 | min = 2.2862e-02 |
  IP pricing time: 223.9774 s (solve 223.9750 s, gurobi.runtime 223.9390 s)
Iter 91 | error = 17.003336 | best_score = 4.0476e-01 | FW gap = 2.4690e-02 | min = 2.4690e-02 |
  IP pricing time: 208.6725 s (solve 208.6703 s, gurobi.runtime 208.6369 s)
Iter 92 | error = 16.999120 | best_score = 3.4936e-01 | FW gap = 2.1208e-02 | min = 2.1208e-02 |
  IP pricing time: 395.6931 s (solve 395.6909 s, gurobi.runtime 395.6596 s)
Iter 93 | error = 16.996476 | best_score = 3.4034e-01 | FW gap = 2.0646e-02 | min = 2.0646e-02 |
  IP pricing time: 303.9732 s (solve 303.9710 s, gurobi.runtime 303.9344 s)
Iter 94 | error = 16.994005 | best_score = 3.5438e-01 | FW gap = 2.1529e-02 | min = 2.1529e-02 |
  IP pricing time: 206.7968 s (solve 206.7946 s, gurobi.runtime 206.7561 s)
Iter 95 | error = 16.991091 | best_score = 3.8917e-01 | FW gap = 2.3723e-02 | min = 2.3723e-02 |
  IP pricing time: 231.7630 s (solve 231.7606 s, gurobi.runtime 231.7271 s)
Iter 96 | error = 16.986913 | best_score = 3.7098e-01 | FW gap = 2.2582e-02 | min = 2.2582e-02 |
  IP pricing time: 210.7141 s (solve 210.7116 s, gurobi.runtime 210.6816 s)
Iter 97 | error = 16.982726 | best_score = 3.7403e-01 | FW gap = 2.2780e-02 | min = 2.2780e-02 |
  IP pricing time: 196.5360 s (solve 196.5336 s, gurobi.runtime 196.5019 s)
Iter 98 | error = 16.979902 | best_score = 3.1300e-01 | FW gap = 1.8959e-02 | min = 1.8959e-02 |
  IP pricing time: 351.7932 s (solve 351.7910 s, gurobi.runtime 351.7573 s)
Iter 99 | error = 16.977505 | best_score = 3.8129e-01 | FW gap = 2.3245e-02 | min = 2.3245e-02 |
  IP pricing time: 345.2218 s (solve 345.2196 s, gurobi.runtime 345.1844 s)
Iter 100 | error = 16.974566 | best_score = 2.6207e-01 | FW gap = 1.5806e-02 | min = 1.5806e-02 |
  IP pricing time: 416.8561 s (solve 416.8538 s, gurobi.runtime 416.8314 s)
Iter 101 | error = 16.972142 | best_score = 2.8353e-01 | FW gap = 1.7136e-02 | min = 1.7136e-02 |
  IP pricing time: 390.4389 s (solve 390.4366 s, gurobi.runtime 390.4053 s)
Iter 102 | error = 16.969790 | best_score = 3.0229e-01 | FW gap = 1.8304e-02 | min = 1.8304e-02 |
  IP pricing time: 380.7380 s (solve 380.7357 s, gurobi.runtime 380.7162 s)
Iter 103 | error = 16.967186 | best_score = 3.1424e-01 | FW gap = 1.9051e-02 | min = 1.9051e-02 |
  IP pricing time: 200.7264 s (solve 200.7241 s, gurobi.runtime 200.6932 s)
Iter 104 | error = 16.964230 | best_score = 3.4024e-01 | FW gap = 2.0681e-02 | min = 2.0681e-02 |
  IP pricing time: 230.4287 s (solve 230.4265 s, gurobi.runtime 230.3941 s)
Iter 105 | error = 16.961082 | best_score = 3.0351e-01 | FW gap = 1.8389e-02 | min = 1.8389e-02 |
  IP pricing time: 328.4279 s (solve 328.4255 s, gurobi.runtime 328.4113 s)
Iter 106 | error = 16.958788 | best_score = 3.2336e-01 | FW gap = 1.9631e-02 | min = 1.9631e-02 |
  IP pricing time: 397.0242 s (solve 397.0218 s, gurobi.runtime 397.0065 s)
Iter 107 | error = 16.955687 | best_score = 2.5589e-01 | FW gap = 1.5442e-02 | min = 1.5442e-02 |
  IP pricing time: 226.6508 s (solve 226.6486 s, gurobi.runtime 226.6119 s)
Iter 108 | error = 16.953848 | best_score = 2.7478e-01 | FW gap = 1.6613e-02 | min = 1.6613e-02 |
  IP pricing time: 306.8190 s (solve 306.8167 s, gurobi.runtime 306.7829 s)
Iter 109 | error = 16.951688 | best_score = 2.5954e-01 | FW gap = 1.5672e-02 | min = 1.5672e-02 |
  IP pricing time: 307.8488 s (solve 307.8465 s, gurobi.runtime 307.8219 s)
Iter 110 | error = 16.949336 | best_score = 2.7863e-01 | FW gap = 1.6856e-02 | min = 1.6856e-02 |
  IP pricing time: 219.8505 s (solve 219.8483 s, gurobi.runtime 219.8134 s)
Iter 111 | error = 16.947321 | best_score = 2.4055e-01 | FW gap = 1.4503e-02 | min = 1.4503e-02 |
  IP pricing time: 385.9953 s (solve 385.9930 s, gurobi.runtime 385.9627 s)
Iter 112 | error = 16.944930 | best_score = 2.3279e-01 | FW gap = 1.4028e-02 | min = 1.4028e-02 |
  IP pricing time: 231.4387 s (solve 231.4363 s, gurobi.runtime 231.4105 s)
Iter 113 | error = 16.943342 | best_score = 2.5016e-01 | FW gap = 1.5100e-02 | min = 1.5100e-02 |
  IP pricing time: 357.1314 s (solve 357.1291 s, gurobi.runtime 357.0904 s)
Iter 114 | error = 16.940739 | best_score = 2.7410e-01 | FW gap = 1.6584e-02 | min = 1.6584e-02 |
  IP pricing time: 430.2785 s (solve 430.2762 s, gurobi.runtime 430.2491 s)
Iter 115 | error = 16.938938 | best_score = 2.2861e-01 | FW gap = 1.3776e-02 | min = 1.3776e-02 |
  IP pricing time: 406.8239 s (solve 406.8216 s, gurobi.runtime 406.7819 s)
Iter 116 | error = 16.937547 | best_score = 2.4001e-01 | FW gap = 1.4479e-02 | min = 1.4479e-02 |
  IP pricing time: 343.3313 s (solve 343.3290 s, gurobi.runtime 343.3124 s)
Iter 117 | error = 16.935064 | best_score = 2.3622e-01 | FW gap = 1.4247e-02 | min = 1.4247e-02 |
  IP pricing time: 356.7232 s (solve 356.7207 s, gurobi.runtime 356.6824 s)
Iter 118 | error = 16.933265 | best_score = 2.3701e-01 | FW gap = 1.4298e-02 | min = 1.4298e-02 |
  IP pricing time: 376.2881 s (solve 376.2858 s, gurobi.runtime 376.2362 s)
Iter 119 | error = 16.931962 | best_score = 2.1107e-01 | FW gap = 1.2704e-02 | min = 1.2704e-02 |
  IP pricing time: 367.2700 s (solve 367.2677 s, gurobi.runtime 367.2412 s)
Iter 120 | error = 16.930973 | best_score = 2.0701e-01 | FW gap = 1.2455e-02 | min = 1.2455e-02 |
  IP pricing time: 362.8289 s (solve 362.8267 s, gurobi.runtime 362.8030 s)
Iter 121 | error = 16.929374 | best_score = 1.9113e-01 | FW gap = 1.1485e-02 | min = 1.1485e-02 |
  IP pricing time: 323.2748 s (solve 323.2726 s, gurobi.runtime 323.1982 s)
Iter 122 | error = 16.927954 | best_score = 2.1361e-01 | FW gap = 1.2863e-02 | min = 1.2863e-02 |
  IP pricing time: 399.4137 s (solve 399.4115 s, gurobi.runtime 399.3952 s)
Iter 123 | error = 16.926889 | best_score = 1.7907e-01 | FW gap = 1.0750e-02 | min = 1.0750e-02 |
  IP pricing time: 341.8025 s (solve 341.8002 s, gurobi.runtime 341.7713 s)
Iter 124 | error = 16.925622 | best_score = 1.9836e-01 | FW gap = 1.1930e-02 | min = 1.1930e-02 |
  IP pricing time: 383.2398 s (solve 383.2375 s, gurobi.runtime 383.1969 s)
Iter 125 | error = 16.924653 | best_score = 1.7433e-01 | FW gap = 1.0462e-02 | min = 1.0462e-02 |
  IP pricing time: 441.9196 s (solve 441.9173 s, gurobi.runtime 441.8881 s)
Iter 126 | error = 16.923581 | best_score = 1.7287e-01 | FW gap = 1.0374e-02 | min = 1.0374e-02 |
  IP pricing time: 417.8077 s (solve 417.8054 s, gurobi.runtime 417.7615 s)
Iter 127 | error = 16.920687 | best_score = 1.8680e-01 | FW gap = 1.1226e-02 | min = 1.1226e-02 |
  IP pricing time: 341.3317 s (solve 341.3294 s, gurobi.runtime 341.3017 s)
Iter 128 | error = 16.919433 | best_score = 1.6701e-01 | FW gap = 1.0019e-02 | min = 1.0019e-02 |
  IP pricing time: 374.1758 s (solve 374.1735 s, gurobi.runtime 374.1412 s)
Iter 129 | error = 16.917708 | best_score = 1.8161e-01 | FW gap = 1.0911e-02 | min = 1.0911e-02 |
  IP pricing time: 386.0803 s (solve 386.0780 s, gurobi.runtime 386.0664 s)
Iter 130 | error = 16.916820 | best_score = 1.5358e-01 | FW gap = 9.2041e-03 | min = 9.2041e-03 |
Convergence Criterion Achieved (min(best_score, FW gap) = 9.2041e-03 < tol 1.0000e-02)
  CG_IP  status=ok  error=1.691682e+01  total=18803.94s  iters=130  IP_calls=130  build=0.01s  solve_tot=18800.60s  gur_tot=18796.73s

========================================================
Done. n = 28, 5 seed(s).
Summary: /vast/palmer/home.grace/hc654/Random-Utility-Models/feasibility_analysis_binary_menus/results_runs/run_summary_n028.csv
Details: /vast/palmer/home.grace/hc654/Random-Utility-Models/feasibility_analysis_binary_menus/results_runs/run_details_n028.mat
========================================================
